[To redirect Truffle log output to a file use one of the following options:
* '--log.file=<path>' if the option is passed using a guest language launcher.
* '-Dpolyglot.log.file=<path>' if the option is passed using the host Java launcher.
* Configure logging using the polyglot embedding API.]
[engine] opt start  engine=1  id=21    PhpRootGen@25ba095c                                |Tier 1|Priority 112847220|Rate 751,3148|Queue: Size    0 Change +0  Load  1,00 Time     0us                                   |UTC 2026-09-25T22:44:06.606|Src n/a|Bonuses first tier
[engine] opt queued engine=1  id=21    PhpRootGen@25ba095c                                |Tier 1|Count/Thres        400/      400|Queue: Size    0 Change +1  Load  1,00 Time     0us                                   |UTC 2026-09-25T22:44:06.606|Src n/a
[engine] opt done   engine=1  id=21    PhpRootGen@25ba095c                                |Tier 1|Time    16(   8+8   )ms|AST    2|Inlined   0Y   0N|IR    396/  1439|CodeSize    5827|Addr 0x5fe7ede80000|CompId 5725   |UTC 2026-09-25T22:44:06.622|Src n/a
[engine] opt queued engine=1  id=21    PhpRootGen@25ba095c                                |Tier 2|Count/Thres      10000/    10000|Queue: Size    0 Change +1  Load  1,00 Time     0us                                   |UTC 2026-09-25T22:44:06.625|Src n/a
[engine] opt start  engine=1  id=21    PhpRootGen@25ba095c                                |Tier 2|Priority   4876061|Rate 486,6061|Queue: Size    0 Change +0  Load  1,00 Time     0us                                   |UTC 2026-09-25T22:44:06.626|Src n/a|Bonuses
[engine] opt queued engine=1  id=83    PhpRootGen@26f3a5f4(resume_bci=1536)               |Tier 1|Count/Thres        400/      400|Queue: Size    0 Change +1  Load  1,00 Time     0us                                   |UTC 2026-09-25T22:44:06.626|Src n/a
[engine] opt start  engine=1  id=83    PhpRootGen@26f3a5f4(resume_bci=1536)               |Tier 1|Priority 137198880|Rate 913,6592|Queue: Size    0 Change +0  Load  1,00 Time     0us                                   |UTC 2026-09-25T22:44:06.626|Src n/a|Bonuses first tier
[engine] opt queued engine=1  id=77    CallSignatureNode.CallSignatureRootNode@59784b75   |Tier 1|Count/Thres        400/      400|Queue: Size    0 Change +1  Load  1,00 Time     0us                                   |UTC 2026-09-25T22:44:06.627|Src n/a
[engine] opt start  engine=1  id=77    CallSignatureNode.CallSignatureRootNode@59784b75   |Tier 1|Priority    759613|Rate 4,064091|Queue: Size    0 Change +0  Load  1,00 Time     0us                                   |UTC 2026-09-25T22:44:06.627|Src n/a|Bonuses first tier
[engine] opt start  engine=1  id=76    FunctionExecuteNode.SignatureExecuteNode@6b46066e  |Tier 1|Priority    758772|Rate 4,058483|Queue: Size    0 Change +0  Load  1,00 Time     0us                                   |UTC 2026-09-25T22:44:06.627|Src n/a|Bonuses first tier
[engine] opt queued engine=1  id=76    FunctionExecuteNode.SignatureExecuteNode@6b46066e  |Tier 1|Count/Thres        400/      400|Queue: Size    0 Change +1  Load  1,00 Time     0us                                   |UTC 2026-09-25T22:44:06.627|Src n/a
[engine] opt done   engine=1  id=76    FunctionExecuteNode.SignatureExecuteNode@6b46066e  |Tier 1|Time     7(   5+2   )ms|AST    3|Inlined   0Y   0N|IR    124/   269|CodeSize     926|Addr 0x6c809a1c0000|CompId 5729   |UTC 2026-09-25T22:44:06.634|Src n/a
[engine] opt done   engine=1  id=77    CallSignatureNode.CallSignatureRootNode@59784b75   |Tier 1|Time     9(   7+2   )ms|AST   11|Inlined   0Y   1N|IR    140/   403|CodeSize    1464|Addr 0x524e5f640000|CompId 5728   |UTC 2026-09-25T22:44:06.637|Src n/a
[engine] opt done   engine=1  id=21    PhpRootGen@25ba095c                                |Tier 2|Time    15(   5+10  )ms|AST    2|Inlined   0Y   0N|IR    335/  1245|CodeSize    4926|Addr 0x723761fb0000|CompId 5726   |UTC 2026-09-25T22:44:06.640|Src n/a
[engine] opt unque. engine=1  id=83    PhpRootGen@26f3a5f4(resume_bci=1536)               |Tier 1|Count/Thres      10000/      400|Queue: Size    0 Change  0  Load  1,00 Time     0us                                   |UTC 2026-09-25T22:44:06.645|Src n/a|Reason Non permanent bailout: jdk.graal.compiler.core.common.RetryableBailoutException: Assumption invalidated while compiling code: IsolatedObjectConstant[Object]
[0.174s] GC(0) Pause Incremental GC (Collect on allocation) 48.12M->21.00M 43.997ms
[engine] opt queued engine=1  id=74    CallSignatureNode.CallSignatureRootNode@2b3919b3   |Tier 1|Count/Thres        400/      400|Queue: Size    0 Change +1  Load  1,00 Time     0us                                   |UTC 2026-09-25T22:44:06.735|Src n/a
[engine] opt start  engine=1  id=74    CallSignatureNode.CallSignatureRootNode@2b3919b3   |Tier 1|Priority    439851|Rate 1,932346|Queue: Size    0 Change +0  Load  1,00 Time     0us                                   |UTC 2026-09-25T22:44:06.735|Src n/a|Bonuses first tier
[engine] opt start  engine=1  id=73    FunctionExecuteNode.SignatureExecuteNode@1553a9ef  |Tier 1|Priority    439394|Rate 1,929297|Queue: Size    0 Change +0  Load  1,00 Time     0us                                   |UTC 2026-09-25T22:44:06.735|Src n/a|Bonuses first tier
[engine] opt queued engine=1  id=73    FunctionExecuteNode.SignatureExecuteNode@1553a9ef  |Tier 1|Count/Thres        400/      400|Queue: Size    1 Change +1  Load  1,00 Time     0us                                   |UTC 2026-09-25T22:44:06.735|Src n/a
[engine] opt queued engine=1  id=71    LibFFIClosure.VoidRetClosureRootNode@399e937       |Tier 1|Count/Thres        400/      400|Queue: Size    0 Change +1  Load  1,00 Time     0us                                   |UTC 2026-09-25T22:44:06.739|Src n/a
[engine] opt start  engine=1  id=71    LibFFIClosure.VoidRetClosureRootNode@399e937       |Tier 1|Priority    540154|Rate 2,601032|Queue: Size    0 Change +0  Load  1,00 Time     0us                                   |UTC 2026-09-25T22:44:06.739|Src n/a|Bonuses first tier
[engine] opt done   engine=1  id=73    FunctionExecuteNode.SignatureExecuteNode@1553a9ef  |Tier 1|Time     5(   3+2   )ms|AST    4|Inlined   0Y   0N|IR    132/   310|CodeSize    1081|Addr 0x6b09781a0000|CompId 5731   |UTC 2026-09-25T22:44:06.741|Src n/a
[engine] opt start  engine=1  id=86    PhpRootGen@4ec7ad1f(resume_bci=1760)               |Tier 1|Priority   1769258|Rate 10,79505|Queue: Size    0 Change +0  Load  1,00 Time     0us                                   |UTC 2026-09-25T22:44:06.743|Src n/a|Bonuses first tier
[engine] opt queued engine=1  id=86    PhpRootGen@4ec7ad1f(resume_bci=1760)               |Tier 1|Count/Thres        400/      400|Queue: Size    0 Change +1  Load  1,00 Time     0us                                   |UTC 2026-09-25T22:44:06.743|Src n/a
[engine] opt done   engine=1  id=71    LibFFIClosure.VoidRetClosureRootNode@399e937       |Tier 1|Time     7(   3+4   )ms|AST   23|Inlined   0Y   0N|IR    125/   395|CodeSize    1658|Addr 0x27e633a10000|CompId 5732   |UTC 2026-09-25T22:44:06.746|Src n/a
[engine] opt done   engine=1  id=74    CallSignatureNode.CallSignatureRootNode@2b3919b3   |Tier 1|Time    11(   5+7   )ms|AST   12|Inlined   0Y   1N|IR    146/   483|CodeSize    1949|Addr 0x2cd8d84c0000|CompId 5730   |UTC 2026-09-25T22:44:06.746|Src n/a
[engine] opt done   engine=1  id=86    PhpRootGen@4ec7ad1f(resume_bci=1760)               |Tier 1|Time    57(  21+35  )ms|AST    1|Inlined   0Y   0N|IR   1755/  4845|CodeSize   20649|Addr 0x2c5d8b080000|CompId 5733   |UTC 2026-09-25T22:44:06.800|Src n/a
[engine] opt queued engine=1  id=85    PhpRootGen@4ec7ad1f(resume_bci=1142)               |Tier 1|Count/Thres        400/      400|Queue: Size    0 Change +1  Load  1,00 Time     0us                                   |UTC 2026-09-25T22:44:07.106|Src n/a
[engine] opt start  engine=1  id=85    PhpRootGen@4ec7ad1f(resume_bci=1142)               |Tier 1|Priority    299872|Rate 0,999150|Queue: Size    0 Change +0  Load  1,00 Time     0us                                   |UTC 2026-09-25T22:44:07.106|Src n/a|Bonuses first tier
[0.704s] GC(1) Pause Incremental GC (Collect on allocation) 69.00M->23.00M 23.378ms
[engine] opt done   engine=1  id=85    PhpRootGen@4ec7ad1f(resume_bci=1142)               |Tier 1|Time    88(  28+60  )ms|AST    1|Inlined   0Y   0N|IR   2763/  7680|CodeSize   32749|Addr 0x534484bd0000|CompId 5734   |UTC 2026-09-25T22:44:07.195|Src n/a
[engine] opt queued engine=1  id=74    CallSignatureNode.CallSignatureRootNode@2b3919b3   |Tier 2|Count/Thres      10000/    10000|Queue: Size    1 Change +1  Load  1,00 Time     0us                                   |UTC 2026-09-25T22:44:07.328|Src n/a
[engine] opt start  engine=1  id=74    CallSignatureNode.CallSignatureRootNode@2b3919b3   |Tier 2|Priority    135017|Rate 12,50170|Queue: Size    0 Change +0  Load  1,00 Time     0us                                   |UTC 2026-09-25T22:44:07.328|Src n/a|Bonuses
[engine] opt queued engine=1  id=73    FunctionExecuteNode.SignatureExecuteNode@1553a9ef  |Tier 2|Count/Thres      10000/    10000|Queue: Size    1 Change +1  Load  1,00 Time     0us                                   |UTC 2026-09-25T22:44:07.328|Src n/a
[engine] opt start  engine=1  id=73    FunctionExecuteNode.SignatureExecuteNode@1553a9ef  |Tier 2|Priority    134998|Rate 12,49984|Queue: Size    0 Change +0  Load  1,00 Time     0us                                   |UTC 2026-09-25T22:44:07.328|Src n/a|Bonuses
[engine] opt queued engine=1  id=71    LibFFIClosure.VoidRetClosureRootNode@399e937       |Tier 2|Count/Thres      10000/    10000|Queue: Size    1 Change +1  Load  1,00 Time     0us                                   |UTC 2026-09-25T22:44:07.331|Src n/a
[engine] opt start  engine=1  id=71    LibFFIClosure.VoidRetClosureRootNode@399e937       |Tier 2|Priority    143986|Rate 13,39868|Queue: Size    0 Change +0  Load  1,00 Time     0us                                   |UTC 2026-09-25T22:44:07.331|Src n/a|Bonuses
[engine] opt done   engine=1  id=73    FunctionExecuteNode.SignatureExecuteNode@1553a9ef  |Tier 2|Time     5(   2+3   )ms|AST    4|Inlined   0Y   0N|IR     74/   188|CodeSize     646|Addr 0x75803a510000|CompId 5736   |UTC 2026-09-25T22:44:07.333|Src n/a
[engine] opt done   engine=1  id=71    LibFFIClosure.VoidRetClosureRootNode@399e937       |Tier 2|Time     4(   1+3   )ms|AST   23|Inlined   0Y   0N|IR     64/   333|CodeSize    1532|Addr 0x185ff5f00000|CompId 5737   |UTC 2026-09-25T22:44:07.335|Src n/a
[engine] opt done   engine=1  id=74    CallSignatureNode.CallSignatureRootNode@2b3919b3   |Tier 2|Time     8(   4+4   )ms|AST   12|Inlined   1Y   0N|IR    108/   263|CodeSize     825|Addr 0x579ba5c70000|CompId 5735   |UTC 2026-09-25T22:44:07.336|Src n/a
[engine] opt queued engine=1  id=86    PhpRootGen@4ec7ad1f(resume_bci=1760)               |Tier 2|Count/Thres      10000/    10000|Queue: Size    1 Change +1  Load  1,00 Time     0us                                   |UTC 2026-09-25T22:44:07.361|Src n/a
[engine] opt start  engine=1  id=86    PhpRootGen@4ec7ad1f(resume_bci=1760)               |Tier 2|Priority    162839|Rate 15,28394|Queue: Size    0 Change +0  Load  1,00 Time     0us                                   |UTC 2026-09-25T22:44:07.361|Src n/a|Bonuses
[engine] opt done   engine=1  id=86    PhpRootGen@4ec7ad1f(resume_bci=1760)               |Tier 2|Time    59(  11+48  )ms|AST    1|Inlined   0Y   0N|IR   1672/  3783|CodeSize   15655|Addr 0x6f144e540000|CompId 5738   |UTC 2026-09-25T22:44:07.420|Src n/a
[1.089s] GC(2) Pause Incremental GC (Collect on allocation) 71.00M->23.00M 18.507ms
[1.424s] GC(3) Pause Incremental GC (Collect on allocation) 71.00M->23.50M 19.881ms
[1.757s] GC(4) Pause Incremental GC (Collect on allocation) 71.50M->24.00M 19.271ms
[2.091s] GC(5) Pause Incremental GC (Collect on allocation) 72.00M->24.50M 18.550ms
[2.422s] GC(6) Pause Incremental GC (Collect on allocation) 72.50M->25.00M 19.729ms
[2.740s] GC(7) Pause Incremental GC (Collect on allocation) 73.00M->25.50M 19.051ms
[3.052s] GC(8) Pause Incremental GC (Collect on allocation) 73.50M->25.50M 5.798ms
[3.452s] GC(9) Pause Incremental GC (Collect on allocation) 73.50M->26.50M 5.630ms
[3.869s] GC(10) Pause Incremental GC (Collect on allocation) 74.50M->26.50M 5.889ms
[4.258s] GC(11) Pause Incremental GC (Collect on allocation) 74.50M->27.00M 5.351ms
[4.633s] GC(12) Pause Incremental GC (Collect on allocation) 75.00M->27.50M 5.820ms
[5.037s] GC(13) Pause Incremental GC (Collect on allocation) 75.50M->27.50M 5.440ms
[5.436s] GC(14) Pause Incremental GC (Collect on allocation) 75.50M->28.00M 5.426ms
[5.824s] GC(15) Pause Incremental GC (Collect on allocation) 76.00M->28.50M 5.476ms
[engine] opt inval. engine=1  id=86    PhpRootGen@4ec7ad1f(resume_bci=1760)                                                                                                                                              |UTC 2026-09-25T22:44:12.493|Src n/a|Reason null
[engine] opt deopt  engine=1  id=86    PhpRootGen@4ec7ad1f(resume_bci=1760)               |Invalidated  true|                                                                                                            |UTC 2026-09-25T22:44:12.494|Src n/a|Reason unknown
[engine] opt queued engine=1  id=86    PhpRootGen@4ec7ad1f(resume_bci=1760)               |Tier 1|Count/Thres      11141/      400|Queue: Size    1 Change +1  Load  1,00 Time     0us                                   |UTC 2026-09-25T22:44:12.494|Src n/a
[engine] opt start  engine=1  id=86    PhpRootGen@4ec7ad1f(resume_bci=1760)               |Tier 1|Priority  12220505|Rate 1,925053|Queue: Size    0 Change +0  Load  1,00 Time     0us                                   |UTC 2026-09-25T22:44:12.494|Src n/a|Bonuses first tier
[engine] opt inval. engine=1  id=85    PhpRootGen@4ec7ad1f(resume_bci=1142)                                                                                                                                              |UTC 2026-09-25T22:44:12.498|Src n/a|Reason null
[engine] opt deopt  engine=1  id=85    PhpRootGen@4ec7ad1f(resume_bci=1142)               |Invalidated  true|                                                                                                            |UTC 2026-09-25T22:44:12.498|Src n/a|Reason unknown
[engine] opt queued engine=1  id=85    PhpRootGen@4ec7ad1f(resume_bci=1142)               |Tier 1|Count/Thres       8182/      400|Queue: Size    1 Change +1  Load  1,00 Time     0us                                   |UTC 2026-09-25T22:44:12.499|Src n/a
[engine] opt start  engine=1  id=85    PhpRootGen@4ec7ad1f(resume_bci=1142)               |Tier 1|Priority   7402135|Rate 1,412494|Queue: Size    0 Change +0  Load  1,00 Time     0us                                   |UTC 2026-09-25T22:44:12.499|Src n/a|Bonuses first tier
[engine] opt queued engine=1  id=89    PhpRootGen@25ba095c(resume_bci=168)                |Tier 1|Count/Thres        400/      400|Queue: Size    1 Change +1  Load  1,00 Time     0us                                   |UTC 2026-09-25T22:44:12.513|Src n/a
[engine] opt start  engine=1  id=89    PhpRootGen@25ba095c(resume_bci=168)                |Tier 1|Priority  41372947|Rate 274,8196|Queue: Size    0 Change +0  Load  1,00 Time     0us                                   |UTC 2026-09-25T22:44:12.513|Src n/a|Bonuses first tier
[engine] opt done   engine=1  id=89    PhpRootGen@25ba095c(resume_bci=168)                |Tier 1|Time    10(   5+5   )ms|AST    1|Inlined   0Y   0N|IR    351/   790|CodeSize    2933|Addr 0x1fc0d0110000|CompId 5741   |UTC 2026-09-25T22:44:12.523|Src n/a
[engine] opt done   engine=1  id=86    PhpRootGen@4ec7ad1f(resume_bci=1760)               |Tier 1|Time    48(  15+33  )ms|AST    1|Inlined   0Y   0N|IR   1893/  5280|CodeSize   22903|Addr 0x3ca799330000|CompId 5739   |UTC 2026-09-25T22:44:12.542|Src n/a
VERSION libcurl/8.22.0 BoringSSL zlib/1.3.2 brotli/1.2.0 zstd/1.5.7 WinIDN nghttp2/1.63.0
CLOCK 241906479200200 241906486939500
LATENCY 16447200
TIMELINE 0 0 241906531538000 16447200
LATENCY 5032800
TIMELINE 0 16 241906628125000 5032800
LATENCY 3883000
TIMELINE 0 32 241906698535000 3883000
LATENCY 2765400
TIMELINE 0 48 241906759133800 2765400
LATENCY 3810400
TIMELINE 0 64 241906820812100 3810400
LATENCY 3508200
TIMELINE 0 80 241906874227000 3508200
LATENCY 2914900
TIMELINE 0 96 241906932643200 2914900
LATENCY 2910600
TIMELINE 0 112 241906994594600 2910600
LATENCY 2410200
TIMELINE 0 128 241907069957100 2410200
LATENCY 3808500
TIMELINE 0 144 241907126411500 3808500
LATENCY 2535400
TIMELINE 0 160 241907184714400 2535400
LATENCY 2674400
TIMELINE 0 176 241907236303000 2674400
LATENCY 2482100
TIMELINE 0 192 241907276646300 2482100
LATENCY 2340400
TIMELINE 0 208 241907315339000 2340400
LATENCY 2328100
TIMELINE 0 224 241907352860900 2328100
LATENCY 2281100
TIMELINE 0 240 241907389681000 2281100
LATENCY 21952300
TIMELINE 0 256 241907426976800 21952300
LATENCY 2410700
TIMELINE 0 272 241907486076500 2410700
LATENCY 2235100
TIMELINE 0 288 241907523721100 2235100
LATENCY 2355700
TIMELINE 0 304 241907560823500 2355700
LATENCY 2246600
TIMELINE 0 320 241907599029300 2246600
LATENCY 2630000
TIMELINE 0 336 241907636579600 2630000
LATENCY 2258900
TIMELINE 0 352 241907673758400 2258900
LATENCY 2251700
TIMELINE 0 368 241907710754700 2251700
LATENCY 2359300
TIMELINE 0 384 241907747953100 2359300
LATENCY 2269700
TIMELINE 0 400 241907806898900 2269700
LATENCY 2264400
TIMELINE 0 416 241907843807900 2264400
LATENCY 2333000
TIMELINE 0 432 241907880011200 2333000
LATENCY 3955300
TIMELINE 0 448 241907915982800 3955300
LATENCY 2433400
TIMELINE 0 464 241907956568400 2433400
LATENCY 2333800
TIMELINE 0 480 241907994178400 2333800
LATENCY 2307400
TIMELINE 0 496 241908031788300 2307400
LATENCY 2432900
TIMELINE 0 512 241908069144500 2432900
LATENCY 2447400
TIMELINE 0 528 241908128153600 2447400
LATENCY 2496700
TIMELINE 0 544 241908165943900 2496700
LATENCY 2306900
TIMELINE 0 560 241908203584700 2306900
LATENCY 2585700
TIMELINE 0 576 241908241378600 2585700
LATENCY 2390800
TIMELINE 0 592 241908279504100 2390800
LATENCY 2282300
TIMELINE 0 608 241908317167300 2282300
LATENCY 2244700
TIMELINE 0 624 241908354994100 2244700
LATENCY 2390800
TIMELINE 0 640 241908391518400 2390800
LATENCY 21882200
TIMELINE 0 656 241908428550400 21882200
LATENCY 2220100
TIMELINE 0 672 241908485105300 2220100
LATENCY 2317800
TIMELINE 0 688 241908522305500 2317800
LATENCY 2238900
TIMELINE 0 704 241908559688300 2238900
LATENCY 2412500
TIMELINE 0 720 241908597183100 2412500
LATENCY 2313000
TIMELINE 0 736 241908635641600 2313000
LATENCY 2259900
TIMELINE 0 752 241908672654800 2259900
LATENCY 2387200
TIMELINE 0 768 241908709198900 2387200
LATENCY 2238900
TIMELINE 0 784 241908745092200 2238900
LATENCY 2416100
TIMELINE 0 800 241908804396000 2416100
LATENCY 2277200
TIMELINE 0 816 241908840811300 2277200
LATENCY 2262800
TIMELINE 0 832 241908877220600 2262800
LATENCY 2184300
TIMELINE 0 848 241908912877800 2184300
LATENCY 2206700
TIMELINE 0 864 241908949407500 2206700
LATENCY 2271700
TIMELINE 0 880 241908984804900 2271700
LATENCY 2104900
TIMELINE 0 896 241909020327700 2104900
LATENCY 2106800
TIMELINE 0 912 241909053989500 2106800
LATENCY 2191200
TIMELINE 0 928 241909107600300 2191200
LATENCY 2127500
TIMELINE 0 944 241909141465900 2127500
LATENCY 2107500
TIMELINE 0 960 241909175190800 2107500
LATENCY 2172000
TIMELINE 0 976 241909213687000 2172000
LATENCY 2198900
TIMELINE 0 992 241909248857900 2198900
LATENCY 2432600
TIMELINE 0 1008 241909283509200 2432600
LATENCY 2264600
TIMELINE 0 1024 241909318781800 2264600
LATENCY 2872400
TIMELINE 0 1040 241909355448400 2872400
LATENCY 9012300
TIMELINE 0 1056 241909401161600 9012300
LATENCY 2515700
TIMELINE 0 1072 241909451468400 2515700
LATENCY 3022300
TIMELINE 0 1088 241909496659000 3022300
LATENCY 2924200
TIMELINE 0 1104 241909543525500 2924200
LATENCY 2976700
TIMELINE 0 1120 241909589024300 2976700
LATENCY 3301600
TIMELINE 0 1136 241909636351900 3301600
LATENCY 2548000
TIMELINE 0 1152 241909686872300 2548000
LATENCY 3135700
TIMELINE 0 1168 241909734757300 3135700
LATENCY 2955600
TIMELINE 0 1184 241909785452100 2955600
LATENCY 3074900
TIMELINE 0 1200 241909838580400 3074900
LATENCY 3056700
TIMELINE 0 1216 241909888300900 3056700
LATENCY 3166700
TIMELINE 0 1232 241909938618800 3166700
LATENCY 2855600
TIMELINE 0 1248 241909988808000 2855600
LATENCY 3104700
TIMELINE 0 1264 241910037129100 3104700
LATENCY 3282600
TIMELINE 0 1280 241910087914800 3282600
LATENCY 3158900
TIMELINE 0 1296 241910136146100 3158900
LATENCY 3003500
TIMELINE 0 1312 241910185498400 3003500
LATENCY 2640500
TIMELINE 0 1328 241910238707000 2640500
LATENCY 2701500
TIMELINE 0 1344 241910282504500 2701500
LATENCY 2833900
TIMELINE 0 1360 241910330130100 2833900
LATENCY 3018500
TIMELINE 0 1376 241910377262400 3018500
LATENCY 2894000
TIMELINE 0 1392 241910431484700 2894000
LATENCY 2845800
TIMELINE 0 1408 241910478846600 2845800
LATENCY 2602900
TIMELINE 0 1424 241910523770200 2602900
LATENCY 2585200
TIMELINE 0 1440 241910564956100 2585200
LATENCY 2601400
TIMELINE 0 1456 241910606447600 2601400
LATENCY 2789700
TIMELINE 0 1472 241910657518400 2789700
LATENCY 2651300
TIMELINE 0 1488 241910704081700 2651300
LATENCY 2648500
TIMELINE 0 1504 241910750376900 2648500
LATENCY 2586500
TIMELINE 0 1520 241910791810800 2586500
LATENCY 2528500
TIMELINE 0 1536 241910835504300 2528500
LATENCY 2979600
TIMELINE 0 1552 241910877654000 2979600
LATENCY 2745700
TIMELINE 0 1568 241910923766300 2745700
LATENCY 2701400
TIMELINE 0 1584 241910966828400 2701400
LATENCY 2977600
TIMELINE 0 1600 241911022175400 2977600
LATENCY 3043600
TIMELINE 0 1616 241911067624900 3043600
LATENCY 2788500
TIMELINE 0 1632 241911113702200 2788500
LATENCY 2642600
TIMELINE 0 1648 241911157388100 2642600
LATENCY 2757300
TIMELINE 0 1664 241911204702900 2757300
LATENCY 3051100
TIMELINE 0 1680 241911250377900 3051100
LATENCY 2905500
TIMELINE 0 1696 241911304071700 2905500
LATENCY 2928000
TIMELINE 0 1712 241911352507600 2928000
LATENCY 2974000
TIMELINE 0 1728 241911405342700 2974000
LATENCY 2923700
TIMELINE 0 1744 241911456798700 2923700
LATENCY 2781400
TIMELINE 0 1760 241911503198100 2781400
LATENCY 2972500
TIMELINE 0 1776 241911547930900 2972500
LATENCY 3048900
TIMELINE 0 1792 241911595856900 3048900
LATENCY 2852000
TIMELINE 0 1808 241911644744200 2852000
LATENCY 2705300
TIMELINE 0 1824 241911690634700 2705300
LATENCY 2923100
TIMELINE 0 1840 241911735875200 2923100
LATENCY 3159900
TIMELINE 0 1856 241911783788300 3159900
LATENCY 2900600
TIMELINE 0 1872 241911837681900 2900600
LATENCY 2959400
TIMELINE 0 1888 241911885132400 2959400
LATENCY 2935400
TIMELINE 0 1904 241911932922000 2935400
LATENCY 2908100
TIMELINE 0 1920 241911979524400 2908100
LATENCY 2932200
TIMELINE 0 1936 241912024438000 2932200
LATENCY 2611100
TIMELINE 0 1952 241912068436600 2611100
LATENCY 2685000
TIMELINE 0 1968 241912112263800 2685000
LATENCY 2902300
TIMELINE 0 1984 241912156572900 2902300
LATENCY 2818400
TIMELINE 0 2000 241912208612000 2818400
LATENCY 2712400
TIMELINE 0 2016 241912252351400 2712400
LATENCY 3500700
TIMELINE 0 2032 241912299553700 3500700
LATENCY 4332100
TIMELINE 1 1 241906548209100 4332100
LATENCY 4994500
TIMELINE 1 17 241906633381100 4994500
LATENCY 3517400
TIMELINE 1 33 241906703220200 3517400
LATENCY 4157300
TIMELINE 1 49 241906762215300 4157300
LATENCY 3000900
TIMELINE 1 65 241906825194600 3000900
LATENCY 4183100
TIMELINE 1 81 241906878283500 4183100
LATENCY 3041700
TIMELINE 1 97 241906935858000 3041700
LATENCY 3032900
TIMELINE 1 113 241906996046900 3032900
LATENCY 2392400
TIMELINE 1 129 241907071365000 2392400
LATENCY 3584100
TIMELINE 1 145 241907128776100 3584100
LATENCY 2484300
TIMELINE 1 161 241907186248000 2484300
LATENCY 2543400
TIMELINE 1 177 241907237907600 2543400
LATENCY 2421000
TIMELINE 1 193 241907278252500 2421000
LATENCY 2286300
TIMELINE 1 209 241907316867400 2286300
LATENCY 2301600
TIMELINE 1 225 241907354304400 2301600
LATENCY 2269900
TIMELINE 1 241 241907391059500 2269900
LATENCY 2782500
TIMELINE 1 257 241907447535900 2782500
LATENCY 2300300
TIMELINE 1 273 241907487538700 2300300
LATENCY 2244500
TIMELINE 1 289 241907525683800 2244500
LATENCY 2501100
TIMELINE 1 305 241907562885900 2501100
LATENCY 2248000
TIMELINE 1 321 241907601069500 2248000
LATENCY 2398200
TIMELINE 1 337 241907638886700 2398200
LATENCY 2377800
TIMELINE 1 353 241907675738300 2377800
LATENCY 2216900
TIMELINE 1 369 241907712735200 2216900
LATENCY 2595200
TIMELINE 1 385 241907749987600 2595200
LATENCY 2215500
TIMELINE 1 401 241907808897800 2215500
LATENCY 2324000
TIMELINE 1 417 241907845762000 2324000
LATENCY 2248800
TIMELINE 1 433 241907882132900 2248800
LATENCY 2560100
TIMELINE 1 449 241907919579300 2560100
LATENCY 2485500
TIMELINE 1 465 241907958589200 2485500
LATENCY 2308100
TIMELINE 1 481 241907996137900 2308100
LATENCY 2312100
TIMELINE 1 497 241908033736700 2312100
LATENCY 2418700
TIMELINE 1 513 241908071222200 2418700
LATENCY 2396900
TIMELINE 1 529 241908130287500 2396900
LATENCY 2401400
TIMELINE 1 545 241908168169700 2401400
LATENCY 2265500
TIMELINE 1 561 241908205633100 2265500
LATENCY 2461200
TIMELINE 1 577 241908243615500 2461200
LATENCY 2350300
TIMELINE 1 593 241908281737200 2350300
LATENCY 2325100
TIMELINE 1 609 241908319302100 2325100
LATENCY 2246000
TIMELINE 1 625 241908355632500 2246000
LATENCY 2395100
TIMELINE 1 641 241908392030400 2395100
LATENCY 21906300
TIMELINE 1 657 241908429023300 21906300
LATENCY 2238600
TIMELINE 1 673 241908485576000 2238600
LATENCY 2305100
TIMELINE 1 689 241908523055000 2305100
LATENCY 2240100
TIMELINE 1 705 241908560356700 2240100
LATENCY 2344300
TIMELINE 1 721 241908597998100 2344300
LATENCY 2376200
TIMELINE 1 737 241908636435300 2376200
LATENCY 2266700
TIMELINE 1 753 241908673440900 2266700
LATENCY 2317000
TIMELINE 1 769 241908710038400 2317000
LATENCY 2254400
TIMELINE 1 785 241908745837100 2254400
LATENCY 2375900
TIMELINE 1 801 241908804876200 2375900
LATENCY 2351200
TIMELINE 1 817 241908841225000 2351200
LATENCY 2249300
TIMELINE 1 833 241908877626800 2249300
LATENCY 2195900
TIMELINE 1 849 241908913251800 2195900
LATENCY 2210500
TIMELINE 1 865 241908949794600 2210500
LATENCY 2247100
TIMELINE 1 881 241908985256300 2247100
LATENCY 2116600
TIMELINE 1 897 241909020748600 2116600
LATENCY 2103400
TIMELINE 1 913 241909054420900 2103400
LATENCY 2196900
TIMELINE 1 929 241909108035300 2196900
LATENCY 2096600
TIMELINE 1 945 241909141883400 2096600
LATENCY 2117600
TIMELINE 1 961 241909175640900 2117600
LATENCY 2186200
TIMELINE 1 977 241909214012600 2186200
LATENCY 2206200
TIMELINE 1 993 241909249209400 2206200
LATENCY 2432200
TIMELINE 1 1009 241909283871500 2432200
LATENCY 2439500
TIMELINE 1 1025 241909319086500 2439500
LATENCY 2864000
TIMELINE 1 1041 241909356468900 2864000
LATENCY 8979000
TIMELINE 1 1057 241909402226300 8979000
LATENCY 2488300
TIMELINE 1 1073 241909452138700 2488300
LATENCY 3013300
TIMELINE 1 1089 241909497479100 3013300
LATENCY 2907300
TIMELINE 1 1105 241909544340200 2907300
LATENCY 2943700
TIMELINE 1 1121 241909589926900 2943700
LATENCY 3276200
TIMELINE 1 1137 241909637270200 3276200
LATENCY 2589500
TIMELINE 1 1153 241909688612300 2589500
LATENCY 3181200
TIMELINE 1 1169 241909736885100 3181200
LATENCY 2814200
TIMELINE 1 1185 241909787552800 2814200
LATENCY 3113800
TIMELINE 1 1201 241909840697200 3113800
LATENCY 3045900
TIMELINE 1 1217 241909890314500 3045900
LATENCY 3253500
TIMELINE 1 1233 241909940762300 3253500
LATENCY 2882000
TIMELINE 1 1249 241909990728800 2882000
LATENCY 3183800
TIMELINE 1 1265 241910039327300 3183800
LATENCY 3208300
TIMELINE 1 1281 241910090241200 3208300
LATENCY 3176900
TIMELINE 1 1297 241910138343900 3176900
LATENCY 2980300
TIMELINE 1 1313 241910187579200 2980300
LATENCY 2711000
TIMELINE 1 1329 241910240252300 2711000
LATENCY 2725900
TIMELINE 1 1345 241910284078600 2725900
LATENCY 2825700
TIMELINE 1 1361 241910331784100 2825700
LATENCY 3002000
TIMELINE 1 1377 241910379042200 3002000
LATENCY 2875100
TIMELINE 1 1393 241910433210900 2875100
LATENCY 2733700
TIMELINE 1 1409 241910480570600 2733700
LATENCY 2542800
TIMELINE 1 1425 241910525320700 2542800
LATENCY 2592300
TIMELINE 1 1441 241910566458300 2592300
LATENCY 8101300
TIMELINE 1 1457 241910608009700 8101300
LATENCY 2964500
TIMELINE 1 1473 241910659136700 2964500
LATENCY 2687200
TIMELINE 1 1489 241910705627900 2687200
LATENCY 2677400
TIMELINE 1 1505 241910752234600 2677400
LATENCY 3145500
TIMELINE 1 1521 241910793679900 3145500
LATENCY 2630500
TIMELINE 1 1537 241910837345600 2630500
LATENCY 2908400
TIMELINE 1 1553 241910879822000 2908400
LATENCY 2956400
TIMELINE 1 1569 241910925728000 2956400
LATENCY 2704800
TIMELINE 1 1585 241910968793500 2704800
LATENCY 2955100
TIMELINE 1 1601 241911024361000 2955100
LATENCY 2907700
TIMELINE 1 1617 241911069907200 2907700
LATENCY 2714700
TIMELINE 1 1633 241911115744300 2714700
LATENCY 2699400
TIMELINE 1 1649 241911159308100 2699400
LATENCY 2588800
TIMELINE 1 1665 241911206772300 2588800
LATENCY 2836100
TIMELINE 1 1681 241911253624500 2836100
LATENCY 2944600
TIMELINE 1 1697 241911307244200 2944600
LATENCY 2904700
TIMELINE 1 1713 241911355714400 2904700
LATENCY 2874100
TIMELINE 1 1729 241911408608400 2874100
LATENCY 2964800
TIMELINE 1 1745 241911460054100 2964800
LATENCY 2846600
TIMELINE 1 1761 241911506514900 2846600
LATENCY 2955400
TIMELINE 1 1777 241911551434700 2955400
LATENCY 3057500
TIMELINE 1 1793 241911599468100 3057500
LATENCY 2905300
TIMELINE 1 1809 241911648032400 2905300
LATENCY 2651700
TIMELINE 1 1825 241911693658300 2651700
LATENCY 2817900
TIMELINE 1 1841 241911739286100 2817900
LATENCY 8766100
TIMELINE 1 1857 241911786768600 8766100
LATENCY 2839500
TIMELINE 1 1873 241911840446500 2839500
LATENCY 3046300
TIMELINE 1 1889 241911887922300 3046300
LATENCY 2894600
TIMELINE 1 1905 241911935648600 2894600
LATENCY 2654000
TIMELINE 1 1921 241911982269900 2654000
LATENCY 2902900
TIMELINE 1 1937 241912027083300 2902900
LATENCY 2616400
TIMELINE 1 1953 241912070803300 2616400
LATENCY 2693700
TIMELINE 1 1969 241912114694600 2693700
LATENCY 2954200
TIMELINE 1 1985 241912159107300 2954200
LATENCY 2715600
TIMELINE 1 2001 241912211063700 2715600
LATENCY 2935700
TIMELINE 1 2017 241912254709900 2935700
LATENCY 3000300
TIMELINE 1 2033 241912302104900 3000300
LATENCY 6209600
TIMELINE 2 2 241906552508500 6209600
LATENCY 4368000
TIMELINE 2 18 241906637918700 4368000
LATENCY 3752000
TIMELINE 2 34 241906706216600 3752000
LATENCY 5074600
TIMELINE 2 50 241906765617600 5074600
LATENCY 3117500
TIMELINE 2 66 241906827776200 3117500
LATENCY 4095800
TIMELINE 2 82 241906881654600 4095800
LATENCY 3712800
TIMELINE 2 98 241906938512500 3712800
LATENCY 2422900
TIMELINE 2 114 241906999145300 2422900
LATENCY 2508200
TIMELINE 2 130 241907073686200 2508200
LATENCY 4235000
TIMELINE 2 146 241907132253900 4235000
LATENCY 2350800
TIMELINE 2 162 241907188593400 2350800
LATENCY 2449600
TIMELINE 2 178 241907240347100 2449600
LATENCY 2469800
TIMELINE 2 194 241907280520300 2469800
LATENCY 2372900
TIMELINE 2 210 241907319067600 2372900
LATENCY 2313500
TIMELINE 2 226 241907356640600 2313500
LATENCY 2266300
TIMELINE 2 242 241907393373900 2266300
LATENCY 2376900
TIMELINE 2 258 241907450385600 2376900
LATENCY 2283800
TIMELINE 2 274 241907489872300 2283800
LATENCY 2189300
TIMELINE 2 290 241907528055800 2189300
LATENCY 2719700
TIMELINE 2 306 241907565622000 2719700
LATENCY 2283600
TIMELINE 2 322 241907603453800 2283600
LATENCY 2336000
TIMELINE 2 338 241907641420400 2336000
LATENCY 2267300
TIMELINE 2 354 241907678219200 2267300
LATENCY 2360100
TIMELINE 2 370 241907715063500 2360100
LATENCY 2364100
TIMELINE 2 386 241907752718600 2364100
LATENCY 2269500
TIMELINE 2 402 241907811208300 2269500
LATENCY 2391100
TIMELINE 2 418 241907848185300 2391100
LATENCY 2238800
TIMELINE 2 434 241907884449700 2238800
LATENCY 2410000
TIMELINE 2 450 241907922202000 2410000
LATENCY 2287000
TIMELINE 2 466 241907961139700 2287000
LATENCY 2296500
TIMELINE 2 482 241907998606800 2296500
LATENCY 2424000
TIMELINE 2 498 241908036210000 2424000
LATENCY 2349500
TIMELINE 2 514 241908073766700 2349500
LATENCY 2381000
TIMELINE 2 530 241908132752700 2381000
LATENCY 2391800
TIMELINE 2 546 241908170667600 2391800
LATENCY 2382200
TIMELINE 2 562 241908207991400 2382200
LATENCY 2339500
TIMELINE 2 578 241908246168300 2339500
LATENCY 2337300
TIMELINE 2 594 241908284155800 2337300
LATENCY 2294200
TIMELINE 2 610 241908321705600 2294200
LATENCY 2271700
TIMELINE 2 626 241908359433200 2271700
LATENCY 2239900
TIMELINE 2 642 241908396078700 2239900
LATENCY 2149500
TIMELINE 2 658 241908452656100 2149500
LATENCY 2529400
TIMELINE 2 674 241908489623700 2529400
LATENCY 2285000
TIMELINE 2 690 241908527520200 2285000
LATENCY 2227200
TIMELINE 2 706 241908564514800 2227200
LATENCY 2722500
TIMELINE 2 722 241908602508700 2722500
LATENCY 2243200
TIMELINE 2 738 241908640686200 2243200
LATENCY 2309200
TIMELINE 2 754 241908677661300 2309200
LATENCY 2252100
TIMELINE 2 770 241908714286900 2252100
LATENCY 2458900
TIMELINE 2 786 241908750214800 2458900
LATENCY 2296900
TIMELINE 2 802 241908810295700 2296900
LATENCY 2188800
TIMELINE 2 818 241908846596400 2188800
LATENCY 2216100
TIMELINE 2 834 241908882854500 2216100
LATENCY 2261900
TIMELINE 2 850 241908918804200 2261900
LATENCY 2178000
TIMELINE 2 866 241908955184600 2178000
LATENCY 2146500
TIMELINE 2 882 241908990305100 2146500
LATENCY 2047200
TIMELINE 2 898 241909025598200 2047200
LATENCY 2102500
TIMELINE 2 914 241909059266600 2102500
LATENCY 2119600
TIMELINE 2 930 241909113072000 2119600
LATENCY 2117500
TIMELINE 2 946 241909146692800 2117500
LATENCY 2113500
TIMELINE 2 962 241909180393200 2113500
LATENCY 2237400
TIMELINE 2 978 241909219472100 2237400
LATENCY 2147600
TIMELINE 2 994 241909254501900 2147600
LATENCY 2247500
TIMELINE 2 1010 241909289404100 2247500
LATENCY 2140400
TIMELINE 2 1026 241909324524800 2140400
LATENCY 2886400
TIMELINE 2 1042 241909362840100 2886400
LATENCY 2941900
TIMELINE 2 1058 241909414717100 2941900
LATENCY 2655600
TIMELINE 2 1074 241909458146600 2655600
LATENCY 2981300
TIMELINE 2 1090 241909504321700 2981300
LATENCY 2989200
TIMELINE 2 1106 241909551060000 2989200
LATENCY 2948900
TIMELINE 2 1122 241909596494800 2948900
LATENCY 3208000
TIMELINE 2 1138 241909644615900 3208000
LATENCY 2836400
TIMELINE 2 1154 241909692934700 2836400
LATENCY 3165600
TIMELINE 2 1170 241909742040700 3165600
LATENCY 2762300
TIMELINE 2 1186 241909791884000 2762300
LATENCY 3128000
TIMELINE 2 1202 241909845562900 3128000
LATENCY 3091400
TIMELINE 2 1218 241909895080300 3091400
LATENCY 3189700
TIMELINE 2 1234 241909945876000 3189700
LATENCY 2936400
TIMELINE 2 1250 241909995228200 2936400
LATENCY 3150200
TIMELINE 2 1266 241910044376500 3150200
LATENCY 2887400
TIMELINE 2 1282 241910095094600 2887400
LATENCY 3254400
TIMELINE 2 1298 241910143377900 3254400
LATENCY 3013500
TIMELINE 2 1314 241910192218100 3013500
LATENCY 2725700
TIMELINE 2 1330 241910244400100 2725700
LATENCY 2925400
TIMELINE 2 1346 241910288293000 2925400
LATENCY 2964300
TIMELINE 2 1362 241910336148000 2964300
LATENCY 3006600
TIMELINE 2 1378 241910383641200 3006600
LATENCY 2924700
TIMELINE 2 1394 241910437621000 2924700
LATENCY 2753300
TIMELINE 2 1410 241910484775400 2753300
LATENCY 2555400
TIMELINE 2 1426 241910529135600 2555400
LATENCY 2597100
TIMELINE 2 1442 241910570308600 2597100
LATENCY 2590300
TIMELINE 2 1458 241910617350200 2590300
LATENCY 3139900
TIMELINE 2 1474 241910664064700 3139900
LATENCY 2645400
TIMELINE 2 1490 241910709585100 2645400
LATENCY 2612200
TIMELINE 2 1506 241910753609400 2612200
LATENCY 3236800
TIMELINE 2 1522 241910795106700 3236800
LATENCY 2619100
TIMELINE 2 1538 241910838669700 2619100
LATENCY 2873800
TIMELINE 2 1554 241910881269300 2873800
LATENCY 2944100
TIMELINE 2 1570 241910927187700 2944100
LATENCY 2728300
TIMELINE 2 1586 241910970130300 2728300
LATENCY 2870900
TIMELINE 2 1602 241911025835100 2870900
LATENCY 2925300
TIMELINE 2 1618 241911071349600 2925300
LATENCY 2690300
TIMELINE 2 1634 241911117129400 2690300
LATENCY 2712000
TIMELINE 2 1650 241911160709900 2712000
LATENCY 2581100
TIMELINE 2 1666 241911208211300 2581100
LATENCY 2936400
TIMELINE 2 1682 241911252642900 2936400
LATENCY 2910400
TIMELINE 2 1698 241911306384300 2910400
LATENCY 2879700
TIMELINE 2 1714 241911354804700 2879700
LATENCY 2905600
TIMELINE 2 1730 241911407654000 2905600
LATENCY 2922600
TIMELINE 2 1746 241911459134600 2922600
LATENCY 2862200
TIMELINE 2 1762 241911505390500 2862200
LATENCY 2943700
TIMELINE 2 1778 241911550327600 2943700
LATENCY 3051500
TIMELINE 2 1794 241911598313900 3051500
LATENCY 2906900
TIMELINE 2 1810 241911647085500 2906900
LATENCY 2650000
TIMELINE 2 1826 241911692716300 2650000
LATENCY 2929000
TIMELINE 2 1842 241911738111100 2929000
LATENCY 3161900
TIMELINE 2 1858 241911783831700 3161900
LATENCY 2914000
TIMELINE 2 1874 241911837718400 2914000
LATENCY 2964400
TIMELINE 2 1890 241911885086000 2964400
LATENCY 2931000
TIMELINE 2 1906 241911933010300 2931000
LATENCY 2888900
TIMELINE 2 1922 241911979862600 2888900
LATENCY 2926900
TIMELINE 2 1938 241912024687500 2926900
LATENCY 2622300
TIMELINE 2 1954 241912068668000 2622300
LATENCY 2671200
TIMELINE 2 1970 241912112508100 2671200
LATENCY 2898300
TIMELINE 2 1986 241912156779000 2898300
LATENCY 2807400
TIMELINE 2 2002 241912208735100 2807400
LATENCY 2733000
TIMELINE 2 2018 241912252493000 2733000
LATENCY 2280700
TIMELINE 2 2034 241912299771600 2280700
LATENCY 5241500
TIMELINE 3 3 241906558957100 5241500
LATENCY 4288800
TIMELINE 3 19 241906642544400 4288800
LATENCY 4938000
TIMELINE 3 35 241906710129700 4938000
LATENCY 4365100
TIMELINE 3 51 241906770629900 4365100
LATENCY 3973800
TIMELINE 3 67 241906830777900 3973800
LATENCY 3383000
TIMELINE 3 83 241906885799400 3383000
LATENCY 3909600
TIMELINE 3 99 241906942153100 3909600
LATENCY 2575800
TIMELINE 3 115 241907002124600 2575800
LATENCY 2484400
TIMELINE 3 131 241907076827600 2484400
LATENCY 3487500
TIMELINE 3 147 241907137414600 3487500
LATENCY 3106200
TIMELINE 3 163 241907191449500 3106200
LATENCY 2536900
TIMELINE 3 179 241907243324800 2536900
LATENCY 2385700
TIMELINE 3 195 241907283429400 2385700
LATENCY 2329700
TIMELINE 3 211 241907321863100 2329700
LATENCY 2319800
TIMELINE 3 227 241907359353400 2319800
LATENCY 2294600
TIMELINE 3 243 241907396040700 2294600
LATENCY 2329000
TIMELINE 3 259 241907453239000 2329000
LATENCY 2108100
TIMELINE 3 275 241907492641000 2108100
LATENCY 2304900
TIMELINE 3 291 241907530037200 2304900
LATENCY 2480000
TIMELINE 3 307 241907568028100 2480000
LATENCY 2326600
TIMELINE 3 323 241907605509200 2326600
LATENCY 2487400
TIMELINE 3 339 241907643529500 2487400
LATENCY 2258500
TIMELINE 3 355 241907680301900 2258500
LATENCY 2349800
TIMELINE 3 371 241907717203200 2349800
LATENCY 2471500
TIMELINE 3 387 241907754813700 2471500
LATENCY 2206000
TIMELINE 3 403 241907813295200 2206000
LATENCY 2263200
TIMELINE 3 419 241907850444100 2263200
LATENCY 2214200
TIMELINE 3 435 241907886563500 2214200
LATENCY 2422400
TIMELINE 3 451 241907924980300 2422400
LATENCY 2255000
TIMELINE 3 467 241907963793300 2255000
LATENCY 2289900
TIMELINE 3 483 241908001157500 2289900
LATENCY 2314600
TIMELINE 3 499 241908038927600 2314600
LATENCY 2374800
TIMELINE 3 515 241908076398500 2374800
LATENCY 2367500
TIMELINE 3 531 241908135421800 2367500
LATENCY 2323300
TIMELINE 3 547 241908173344700 2323300
LATENCY 2303900
TIMELINE 3 563 241908210684500 2303900
LATENCY 2314000
TIMELINE 3 579 241908248761300 2314000
LATENCY 2449900
TIMELINE 3 595 241908286637100 2449900
LATENCY 2253900
TIMELINE 3 611 241908324093100 2253900
LATENCY 2215400
TIMELINE 3 627 241908361770100 2215400
LATENCY 2580900
TIMELINE 3 643 241908398380000 2580900
LATENCY 2261400
TIMELINE 3 659 241908454894500 2261400
LATENCY 2380700
TIMELINE 3 675 241908491727600 2380700
LATENCY 2272100
TIMELINE 3 691 241908529367500 2272100
LATENCY 2228100
TIMELINE 3 707 241908566234500 2228100
LATENCY 2327400
TIMELINE 3 723 241908604699300 2327400
LATENCY 2379000
TIMELINE 3 739 241908642412800 2379000
LATENCY 2248500
TIMELINE 3 755 241908679461100 2248500
LATENCY 2195600
TIMELINE 3 771 241908716031900 2195600
LATENCY 2333900
TIMELINE 3 787 241908752177300 2333900
LATENCY 2262100
TIMELINE 3 803 241908811391100 2262100
LATENCY 2191100
TIMELINE 3 819 241908847544800 2191100
LATENCY 2221600
TIMELINE 3 835 241908883817300 2221600
LATENCY 2388600
TIMELINE 3 851 241908919675800 2388600
LATENCY 2154800
TIMELINE 3 867 241908956206600 2154800
LATENCY 2152200
TIMELINE 3 883 241908991348700 2152200
LATENCY 2103400
TIMELINE 3 899 241909026567500 2103400
LATENCY 2102300
TIMELINE 3 915 241909060272000 2102300
LATENCY 2126400
TIMELINE 3 931 241909114026100 2126400
LATENCY 2121400
TIMELINE 3 947 241909147819000 2121400
LATENCY 2116300
TIMELINE 3 963 241909181534600 2116300
LATENCY 2174900
TIMELINE 3 979 241909220971700 2174900
LATENCY 2170900
TIMELINE 3 995 241909255915300 2170900
LATENCY 2272800
TIMELINE 3 1011 241909290684200 2272800
LATENCY 2201100
TIMELINE 3 1027 241909325921100 2201100
LATENCY 2875800
TIMELINE 3 1043 241909364860400 2875800
LATENCY 2888700
TIMELINE 3 1059 241909416748100 2888700
LATENCY 2774100
TIMELINE 3 1075 241909459753000 2774100
LATENCY 2938500
TIMELINE 3 1091 241909506176800 2938500
LATENCY 3002000
TIMELINE 3 1107 241909552884800 3002000
LATENCY 2944000
TIMELINE 3 1123 241909598232200 2944000
LATENCY 3288700
TIMELINE 3 1139 241909646548500 3288700
LATENCY 2677000
TIMELINE 3 1155 241909696130500 2677000
LATENCY 3173200
TIMELINE 3 1171 241909745616200 3173200
LATENCY 2760700
TIMELINE 3 1187 241909795032500 2760700
LATENCY 2994100
TIMELINE 3 1203 241909849136700 2994100
LATENCY 3114900
TIMELINE 3 1219 241909898636800 3114900
LATENCY 3173600
TIMELINE 3 1235 241909949492000 3173600
LATENCY 2886600
TIMELINE 3 1251 241909998545800 2886600
LATENCY 3181800
TIMELINE 3 1267 241910047956500 3181800
LATENCY 2917200
TIMELINE 3 1283 241910098386000 2917200
LATENCY 3204100
TIMELINE 3 1299 241910147061200 3204100
LATENCY 3009200
TIMELINE 3 1315 241910195685500 3009200
LATENCY 2734200
TIMELINE 3 1331 241910247517000 2734200
LATENCY 2790700
TIMELINE 3 1347 241910291677300 2790700
LATENCY 2935500
TIMELINE 3 1363 241910339569000 2935500
LATENCY 3058600
TIMELINE 3 1379 241910387112700 3058600
LATENCY 2873300
TIMELINE 3 1395 241910441030400 2873300
LATENCY 2707600
TIMELINE 3 1411 241910487928200 2707600
LATENCY 2539800
TIMELINE 3 1427 241910532204300 2539800
LATENCY 2571100
TIMELINE 3 1443 241910573431600 2571100
LATENCY 2752900
TIMELINE 3 1459 241910620458800 2752900
LATENCY 2842700
TIMELINE 3 1475 241910667806900 2842700
LATENCY 2638800
TIMELINE 3 1491 241910712776500 2638800
LATENCY 2548800
TIMELINE 3 1507 241910759617800 2548800
LATENCY 2977500
TIMELINE 3 1523 241910802259900 2977500
LATENCY 2628500
TIMELINE 3 1539 241910844679500 2628500
LATENCY 2264000
TIMELINE 3 1555 241910887979000 2264000
LATENCY 2897300
TIMELINE 3 1571 241910934122500 2897300
LATENCY 2569300
TIMELINE 3 1587 241910976370000 2569300
LATENCY 2988100
TIMELINE 3 1603 241911032637000 2988100
LATENCY 2990200
TIMELINE 3 1619 241911078172100 2990200
LATENCY 2730300
TIMELINE 3 1635 241911123393500 2730300
LATENCY 2769600
TIMELINE 3 1651 241911166958300 2769600
LATENCY 2957300
TIMELINE 3 1667 241911214201900 2957300
LATENCY 2926800
TIMELINE 3 1683 241911263321200 2926800
LATENCY 3089200
TIMELINE 3 1699 241911316678000 3089200
LATENCY 2930900
TIMELINE 3 1715 241911365099400 2930900
LATENCY 8031900
TIMELINE 3 1731 241911418065000 8031900
LATENCY 2996800
TIMELINE 3 1747 241911469912000 2996800
LATENCY 2800700
TIMELINE 3 1763 241911515151400 2800700
LATENCY 2963200
TIMELINE 3 1779 241911560662700 2963200
LATENCY 3041300
TIMELINE 3 1795 241911608885200 3041300
LATENCY 2904100
TIMELINE 3 1811 241911656975400 2904100
LATENCY 2715300
TIMELINE 3 1827 241911702013200 2715300
LATENCY 2843600
TIMELINE 3 1843 241911748278100 2843600
LATENCY 3161000
TIMELINE 3 1859 241911802151800 3161000
LATENCY 3081200
TIMELINE 3 1875 241911849461500 3081200
LATENCY 2986100
TIMELINE 3 1891 241911897039500 2986100
LATENCY 2937900
TIMELINE 3 1907 241911944659500 2937900
LATENCY 2670800
TIMELINE 3 1923 241911990703000 2670800
LATENCY 2847000
TIMELINE 3 1939 241912035793800 2847000
LATENCY 2727600
TIMELINE 3 1955 241912079014600 2727600
LATENCY 2664200
TIMELINE 3 1971 241912122990600 2664200
LATENCY 2928200
TIMELINE 3 1987 241912168172100 2928200
LATENCY 2732000
TIMELINE 3 2003 241912219622300 2732000
LATENCY 3053500
TIMELINE 3 2019 241912264051000 3053500
LATENCY 2944300
TIMELINE 3 2035 241912312442500 2944300
LATENCY 5727400
TIMELINE 4 4 241906563960200 5727400
LATENCY 3864400
TIMELINE 4 20 241906646454000 3864400
LATENCY 4608100
TIMELINE 4 36 241906714535200 4608100
LATENCY 3734400
TIMELINE 4 52 241906774528000 3734400
LATENCY 3672900
TIMELINE 4 68 241906834290900 3672900
LATENCY 4104900
TIMELINE 4 84 241906888611700 4104900
LATENCY 3878600
TIMELINE 4 100 241906945658200 3878600
LATENCY 3129400
TIMELINE 4 116 241907003364500 3129400
LATENCY 2640300
TIMELINE 4 132 241907078024800 2640300
LATENCY 2826600
TIMELINE 4 148 241907139583000 2826600
LATENCY 2487300
TIMELINE 4 164 241907193389100 2487300
LATENCY 2460900
TIMELINE 4 180 241907244694800 2460900
LATENCY 2413300
TIMELINE 4 196 241907284625600 2413300
LATENCY 2319500
TIMELINE 4 212 241907323050800 2319500
LATENCY 2256000
TIMELINE 4 228 241907360551800 2256000
LATENCY 2301000
TIMELINE 4 244 241907397147300 2301000
LATENCY 2263500
TIMELINE 4 260 241907454374600 2263500
LATENCY 4486400
TIMELINE 4 276 241907493682600 4486400
LATENCY 2213700
TIMELINE 4 292 241907532403600 2213700
LATENCY 2449800
TIMELINE 4 308 241907570910700 2449800
LATENCY 2268100
TIMELINE 4 324 241907608117700 2268100
LATENCY 2286500
TIMELINE 4 340 241907646388400 2286500
LATENCY 2520100
TIMELINE 4 356 241907683021900 2520100
LATENCY 2382100
TIMELINE 4 372 241907720019700 2382100
LATENCY 2283800
TIMELINE 4 388 241907757756200 2283800
LATENCY 2537200
TIMELINE 4 404 241907815965800 2537200
LATENCY 2225300
TIMELINE 4 420 241907853115200 2225300
LATENCY 2236400
TIMELINE 4 436 241907889143300 2236400
LATENCY 2579000
TIMELINE 4 452 241907926380700 2579000
LATENCY 2244800
TIMELINE 4 468 241907965130800 2244800
LATENCY 2270500
TIMELINE 4 484 241908002577600 2270500
LATENCY 2305700
TIMELINE 4 500 241908040359500 2305700
LATENCY 2440300
TIMELINE 4 516 241908077753200 2440300
LATENCY 2331800
TIMELINE 4 532 241908136895200 2331800
LATENCY 2329100
TIMELINE 4 548 241908174998600 2329100
LATENCY 2271400
TIMELINE 4 564 241908212400800 2271400
LATENCY 2320600
TIMELINE 4 580 241908250527300 2320600
LATENCY 2505900
TIMELINE 4 596 241908288680700 2505900
LATENCY 2406100
TIMELINE 4 612 241908326002700 2406100
LATENCY 2233600
TIMELINE 4 628 241908363060600 2233600
LATENCY 2423500
TIMELINE 4 644 241908399914300 2423500
LATENCY 2497700
TIMELINE 4 660 241908456086700 2497700
LATENCY 2552400
TIMELINE 4 676 241908493368800 2552400
LATENCY 2283100
TIMELINE 4 692 241908530923500 2283100
LATENCY 2276000
TIMELINE 4 708 241908567883600 2276000
LATENCY 2337800
TIMELINE 4 724 241908606353900 2337800
LATENCY 2478900
TIMELINE 4 740 241908644079100 2478900
LATENCY 2262100
TIMELINE 4 756 241908681073100 2262100
LATENCY 2224600
TIMELINE 4 772 241908717514900 2224600
LATENCY 2252900
TIMELINE 4 788 241908753693900 2252900
LATENCY 2252700
TIMELINE 4 804 241908813088600 2252700
LATENCY 2173700
TIMELINE 4 820 241908849319300 2173700
LATENCY 2208100
TIMELINE 4 836 241908885649300 2208100
LATENCY 2329900
TIMELINE 4 852 241908921666600 2329900
LATENCY 2155600
TIMELINE 4 868 241908957953900 2155600
LATENCY 2135800
TIMELINE 4 884 241908993001600 2135800
LATENCY 2122200
TIMELINE 4 900 241909028182700 2122200
LATENCY 2089600
TIMELINE 4 916 241909061914400 2089600
LATENCY 2110000
TIMELINE 4 932 241909115721700 2110000
LATENCY 2133200
TIMELINE 4 948 241909149358600 2133200
LATENCY 2081400
TIMELINE 4 964 241909183094700 2081400
LATENCY 2194300
TIMELINE 4 980 241909220839600 2194300
LATENCY 2173200
TIMELINE 4 996 241909255792400 2173200
LATENCY 2265700
TIMELINE 4 1012 241909290653800 2265700
LATENCY 2154400
TIMELINE 4 1028 241909325778100 2154400
LATENCY 2869300
TIMELINE 4 1044 241909364543400 2869300
LATENCY 2968500
TIMELINE 4 1060 241909416367300 2968500
LATENCY 2775700
TIMELINE 4 1076 241909459441500 2775700
LATENCY 2957600
TIMELINE 4 1092 241909505748900 2957600
LATENCY 3025700
TIMELINE 4 1108 241909552447400 3025700
LATENCY 2946600
TIMELINE 4 1124 241909597906600 2946600
LATENCY 3180500
TIMELINE 4 1140 241909646207000 3180500
LATENCY 2728800
TIMELINE 4 1156 241909695050900 2728800
LATENCY 3110500
TIMELINE 4 1172 241909744436300 3110500
LATENCY 2722200
TIMELINE 4 1188 241909794032400 2722200
LATENCY 3036400
TIMELINE 4 1204 241909848026800 3036400
LATENCY 3146800
TIMELINE 4 1220 241909897464700 3146800
LATENCY 3237800
TIMELINE 4 1236 241909948203500 3237800
LATENCY 2845600
TIMELINE 4 1252 241909997460200 2845600
LATENCY 3214800
TIMELINE 4 1268 241910046733700 3214800
LATENCY 2959100
TIMELINE 4 1284 241910097361900 2959100
LATENCY 3333800
TIMELINE 4 1300 241910145843400 3333800
LATENCY 3065600
TIMELINE 4 1316 241910194577100 3065600
LATENCY 2717400
TIMELINE 4 1332 241910247775000 2717400
LATENCY 2753900
TIMELINE 4 1348 241910291926900 2753900
LATENCY 2929000
TIMELINE 4 1364 241910339815200 2929000
LATENCY 3066900
TIMELINE 4 1380 241910387357400 3066900
LATENCY 2878300
TIMELINE 4 1396 241910441265300 2878300
LATENCY 2717400
TIMELINE 4 1412 241910488116200 2717400
LATENCY 2545100
TIMELINE 4 1428 241910532344300 2545100
LATENCY 2583800
TIMELINE 4 1444 241910573572600 2583800
LATENCY 2797200
TIMELINE 4 1460 241910620605700 2797200
LATENCY 2825000
TIMELINE 4 1476 241910667932400 2825000
LATENCY 2654300
TIMELINE 4 1492 241910712891200 2654300
LATENCY 2562700
TIMELINE 4 1508 241910760067700 2562700
LATENCY 2944700
TIMELINE 4 1524 241910802808500 2944700
LATENCY 2630500
TIMELINE 4 1540 241910845142700 2630500
LATENCY 2290800
TIMELINE 4 1556 241910888501500 2290800
LATENCY 2839900
TIMELINE 4 1572 241910934648800 2839900
LATENCY 2581000
TIMELINE 4 1588 241910976824500 2581000
LATENCY 2973400
TIMELINE 4 1604 241911033182500 2973400
LATENCY 2946900
TIMELINE 4 1620 241911078738100 2946900
LATENCY 2716600
TIMELINE 4 1636 241911123918000 2716600
LATENCY 2804800
TIMELINE 4 1652 241911167477300 2804800
LATENCY 2956500
TIMELINE 4 1668 241911214658200 2956500
LATENCY 2924500
TIMELINE 4 1684 241911262754500 2924500
LATENCY 3084800
TIMELINE 4 1700 241911316228100 3084800
LATENCY 2949800
TIMELINE 4 1716 241911364661100 2949800
LATENCY 7002500
TIMELINE 4 1732 241911417669000 7002500
LATENCY 2939100
TIMELINE 4 1748 241911469618500 2939100
LATENCY 2772800
TIMELINE 4 1764 241911514869100 2772800
LATENCY 2963300
TIMELINE 4 1780 241911560374900 2963300
LATENCY 3034000
TIMELINE 4 1796 241911608626000 3034000
LATENCY 2936200
TIMELINE 4 1812 241911656746700 2936200
LATENCY 2706700
TIMELINE 4 1828 241911701679300 2706700
LATENCY 2831100
TIMELINE 4 1844 241911747925200 2831100
LATENCY 3306500
TIMELINE 4 1860 241911800332700 3306500
LATENCY 3067100
TIMELINE 4 1876 241911847835900 3067100
LATENCY 3006100
TIMELINE 4 1892 241911895480300 3006100
LATENCY 2933100
TIMELINE 4 1908 241911943157400 2933100
LATENCY 2645800
TIMELINE 4 1924 241911989396800 2645800
LATENCY 2775700
TIMELINE 4 1940 241912034415600 2775700
LATENCY 2739100
TIMELINE 4 1956 241912077638900 2739100
LATENCY 2612200
TIMELINE 4 1972 241912121662900 2612200
LATENCY 2910100
TIMELINE 4 1988 241912166619200 2910100
LATENCY 2792100
TIMELINE 4 2004 241912218095600 2792100
LATENCY 3037900
TIMELINE 4 2020 241912262440200 3037900
LATENCY 2966200
TIMELINE 4 2036 241912311609400 2966200
LATENCY 5458200
TIMELINE 5 5 241906569805000 5458200
LATENCY 4233500
TIMELINE 5 21 241906650906000 4233500
LATENCY 3409000
TIMELINE 5 37 241906719874500 3409000
LATENCY 3109200
TIMELINE 5 53 241906779007200 3109200
LATENCY 3131900
TIMELINE 5 69 241906838693000 3131900
LATENCY 4368300
TIMELINE 5 85 241906893738400 4368300
LATENCY 4231100
TIMELINE 5 101 241906950591300 4231100
LATENCY 4577100
TIMELINE 5 117 241907009882000 4577100
LATENCY 2532900
TIMELINE 5 133 241907082794800 2532900
LATENCY 3091100
TIMELINE 5 149 241907145142700 3091100
LATENCY 2356100
TIMELINE 5 165 241907198025500 2356100
LATENCY 2540600
TIMELINE 5 181 241907249503800 2540600
LATENCY 2413300
TIMELINE 5 197 241907289303800 2413300
LATENCY 2439000
TIMELINE 5 213 241907327563100 2439000
LATENCY 2287800
TIMELINE 5 229 241907364950000 2287800
LATENCY 2310200
TIMELINE 5 245 241907401604300 2310200
LATENCY 2252500
TIMELINE 5 261 241907458726700 2252500
LATENCY 2321800
TIMELINE 5 277 241907499348800 2321800
LATENCY 2203600
TIMELINE 5 293 241907535786400 2203600
LATENCY 2318700
TIMELINE 5 309 241907574468200 2318700
LATENCY 2479900
TIMELINE 5 325 241907611608300 2479900
LATENCY 2320700
TIMELINE 5 341 241907649779100 2320700
LATENCY 2266200
TIMELINE 5 357 241907686646900 2266200
LATENCY 2374600
TIMELINE 5 373 241907723515300 2374600
LATENCY 23472600
TIMELINE 5 389 241907761178700 23472600
LATENCY 2313800
TIMELINE 5 405 241907819564200 2313800
LATENCY 2251600
TIMELINE 5 421 241907856391800 2251600
LATENCY 2226600
TIMELINE 5 437 241907892373100 2226600
LATENCY 2411800
TIMELINE 5 453 241907928216600 2411800
LATENCY 2241900
TIMELINE 5 469 241907966829300 2241900
LATENCY 2261400
TIMELINE 5 485 241908004250300 2261400
LATENCY 2336900
TIMELINE 5 501 241908042136200 2336900
LATENCY 2299800
TIMELINE 5 517 241908079727800 2299800
LATENCY 2473700
TIMELINE 5 533 241908138736700 2473700
LATENCY 2404500
TIMELINE 5 549 241908176621700 2404500
LATENCY 2242900
TIMELINE 5 565 241908213974900 2242900
LATENCY 2303000
TIMELINE 5 581 241908252067300 2303000
LATENCY 2492600
TIMELINE 5 597 241908290156700 2492600
LATENCY 2375000
TIMELINE 5 613 241908327456100 2375000
LATENCY 2216400
TIMELINE 5 629 241908365036300 2216400
LATENCY 2377700
TIMELINE 5 645 241908402098900 2377700
LATENCY 2456200
TIMELINE 5 661 241908458313800 2456200
LATENCY 2404900
TIMELINE 5 677 241908495579600 2404900
LATENCY 2255500
TIMELINE 5 693 241908532972300 2255500
LATENCY 2285900
TIMELINE 5 709 241908569897300 2285900
LATENCY 2304600
TIMELINE 5 725 241908608507000 2304600
LATENCY 2290400
TIMELINE 5 741 241908646312700 2290400
LATENCY 2349000
TIMELINE 5 757 241908683151600 2349000
LATENCY 2340500
TIMELINE 5 773 241908719709300 2340500
LATENCY 2271300
TIMELINE 5 789 241908755888500 2271300
LATENCY 2279400
TIMELINE 5 805 241908815220100 2279400
LATENCY 2301700
TIMELINE 5 821 241908851296000 2301700
LATENCY 2280700
TIMELINE 5 837 241908887652100 2280700
LATENCY 2273300
TIMELINE 5 853 241908923848000 2273300
LATENCY 2202500
TIMELINE 5 869 241908959994700 2202500
LATENCY 2277400
TIMELINE 5 885 241908995079800 2277400
LATENCY 2119700
TIMELINE 5 901 241909030249300 2119700
LATENCY 2096400
TIMELINE 5 917 241909063946500 2096400
LATENCY 2135200
TIMELINE 5 933 241909117748100 2135200
LATENCY 2094900
TIMELINE 5 949 241909151465300 2094900
LATENCY 2109700
TIMELINE 5 965 241909185116700 2109700
LATENCY 2180900
TIMELINE 5 981 241909223003800 2180900
LATENCY 2107400
TIMELINE 5 997 241909257908400 2107400
LATENCY 2218600
TIMELINE 5 1013 241909292858900 2218600
LATENCY 2288600
TIMELINE 5 1029 241909327750600 2288600
LATENCY 2806700
TIMELINE 5 1045 241909367222400 2806700
LATENCY 2817800
TIMELINE 5 1061 241909419189700 2817800
LATENCY 2712300
TIMELINE 5 1077 241909462137900 2712300
LATENCY 2930800
TIMELINE 5 1093 241909508617700 2930800
LATENCY 2909100
TIMELINE 5 1109 241909555394700 2909100
LATENCY 2933300
TIMELINE 5 1125 241909600814400 2933300
LATENCY 2936900
TIMELINE 5 1141 241909649347000 2936900
LATENCY 2977700
TIMELINE 5 1157 241909697724100 2977700
LATENCY 3224400
TIMELINE 5 1173 241909747416400 3224400
LATENCY 2785800
TIMELINE 5 1189 241909796632600 2785800
LATENCY 3099300
TIMELINE 5 1205 241909850925500 3099300
LATENCY 3136700
TIMELINE 5 1221 241909900517500 3136700
LATENCY 3052400
TIMELINE 5 1237 241909951352000 3052400
LATENCY 3034700
TIMELINE 5 1253 241910000187900 3034700
LATENCY 3196700
TIMELINE 5 1269 241910049815800 3196700
LATENCY 2831600
TIMELINE 5 1285 241910100149800 2831600
LATENCY 3026900
TIMELINE 5 1301 241910149006400 3026900
LATENCY 3006900
TIMELINE 5 1317 241910197447400 3006900
LATENCY 2685600
TIMELINE 5 1333 241910249181900 2685600
LATENCY 2644200
TIMELINE 5 1349 241910293372200 2644200
LATENCY 2885900
TIMELINE 5 1365 241910341333100 2885900
LATENCY 3026600
TIMELINE 5 1381 241910388967100 3026600
LATENCY 2857100
TIMELINE 5 1397 241910442756800 2857100
LATENCY 2717000
TIMELINE 5 1413 241910489511700 2717000
LATENCY 2600400
TIMELINE 5 1429 241910533629400 2600400
LATENCY 2598500
TIMELINE 5 1445 241910574876000 2598500
LATENCY 2674200
TIMELINE 5 1461 241910622024100 2674200
LATENCY 2881300
TIMELINE 5 1477 241910669456500 2881300
LATENCY 2835400
TIMELINE 5 1493 241910714275300 2835400
LATENCY 2564000
TIMELINE 5 1509 241910760202200 2564000
LATENCY 2956800
TIMELINE 5 1525 241910802972300 2956800
LATENCY 2614400
TIMELINE 5 1541 241910845334700 2614400
LATENCY 2344300
TIMELINE 5 1557 241910888643400 2344300
LATENCY 2845700
TIMELINE 5 1573 241910934857800 2845700
LATENCY 2575000
TIMELINE 5 1589 241910976995100 2575000
LATENCY 2971900
TIMELINE 5 1605 241911033393200 2971900
LATENCY 2903800
TIMELINE 5 1621 241911078983500 2903800
LATENCY 2730000
TIMELINE 5 1637 241911124063100 2730000
LATENCY 2802000
TIMELINE 5 1653 241911167630400 2802000
LATENCY 2942500
TIMELINE 5 1669 241911214811800 2942500
LATENCY 2910500
TIMELINE 5 1685 241911261591700 2910500
LATENCY 3018700
TIMELINE 5 1701 241911315035400 3018700
LATENCY 2964000
TIMELINE 5 1717 241911363447100 2964000
LATENCY 4660400
TIMELINE 5 1733 241911416194700 4660400
LATENCY 2826100
TIMELINE 5 1749 241911468345200 2826100
LATENCY 2655700
TIMELINE 5 1765 241911513712900 2655700
LATENCY 2926900
TIMELINE 5 1781 241911559103700 2926900
LATENCY 3043100
TIMELINE 5 1797 241911607264500 3043100
LATENCY 2917900
TIMELINE 5 1813 241911655437900 2917900
LATENCY 2702600
TIMELINE 5 1829 241911700460900 2702600
LATENCY 2886400
TIMELINE 5 1845 241911746517000 2886400
LATENCY 3199800
TIMELINE 5 1861 241911801676700 3199800
LATENCY 3061900
TIMELINE 5 1877 241911849034500 3061900
LATENCY 2988300
TIMELINE 5 1893 241911896623500 2988300
LATENCY 2950600
TIMELINE 5 1909 241911944286900 2950600
LATENCY 2668500
TIMELINE 5 1925 241911990410700 2668500
LATENCY 2833300
TIMELINE 5 1941 241912035526200 2833300
LATENCY 2715400
TIMELINE 5 1957 241912078751500 2715400
LATENCY 2650700
TIMELINE 5 1973 241912122823300 2650700
LATENCY 2930100
TIMELINE 5 1989 241912167934100 2930100
LATENCY 2733500
TIMELINE 5 2005 241912219390800 2733500
LATENCY 3052800
TIMELINE 5 2021 241912263793000 3052800
LATENCY 2943600
TIMELINE 5 2037 241912310361000 2943600
LATENCY 6482100
TIMELINE 6 6 241906575860500 6482100
LATENCY 4275300
TIMELINE 6 22 241906655075400 4275300
LATENCY 3146100
TIMELINE 6 38 241906723083000 3146100
LATENCY 3268800
TIMELINE 6 54 241906782079100 3268800
LATENCY 3102200
TIMELINE 6 70 241906841771600 3102200
LATENCY 4484500
TIMELINE 6 86 241906898180400 4484500
LATENCY 4401000
TIMELINE 6 102 241906954759900 4401000
LATENCY 4595900
TIMELINE 6 118 241907011953000 4595900
LATENCY 2823000
TIMELINE 6 134 241907084015400 2823000
LATENCY 3049000
TIMELINE 6 150 241907146585500 3049000
LATENCY 2343900
TIMELINE 6 166 241907199206300 2343900
LATENCY 2479500
TIMELINE 6 182 241907250693300 2479500
LATENCY 2457000
TIMELINE 6 198 241907290385800 2457000
LATENCY 2522000
TIMELINE 6 214 241907328611800 2522000
LATENCY 2295200
TIMELINE 6 230 241907365943600 2295200
LATENCY 2312900
TIMELINE 6 246 241907402624700 2312900
LATENCY 2196500
TIMELINE 6 262 241907459653700 2196500
LATENCY 2363900
TIMELINE 6 278 241907500352800 2363900
LATENCY 2221200
TIMELINE 6 294 241907536701300 2221200
LATENCY 2319900
TIMELINE 6 310 241907575414500 2319900
LATENCY 2439000
TIMELINE 6 326 241907612649500 2439000
LATENCY 2277400
TIMELINE 6 342 241907650710200 2277400
LATENCY 2295000
TIMELINE 6 358 241907687489000 2295000
LATENCY 2388300
TIMELINE 6 374 241907724434600 2388300
LATENCY 2952500
TIMELINE 6 390 241907782676100 2952500
LATENCY 2273600
TIMELINE 6 406 241907820678500 2273600
LATENCY 2250900
TIMELINE 6 422 241907857545100 2250900
LATENCY 2332800
TIMELINE 6 438 241907893516100 2332800
LATENCY 2420100
TIMELINE 6 454 241907932332400 2420100
LATENCY 2333400
TIMELINE 6 470 241907970647900 2333400
LATENCY 2346300
TIMELINE 6 486 241908008094800 2346300
LATENCY 2292300
TIMELINE 6 502 241908045935100 2292300
LATENCY 2344600
TIMELINE 6 518 241908083526300 2344600
LATENCY 2310400
TIMELINE 6 534 241908142639400 2310400
LATENCY 2328400
TIMELINE 6 550 241908180432000 2328400
LATENCY 2360300
TIMELINE 6 566 241908217636300 2360300
LATENCY 2437400
TIMELINE 6 582 241908255921500 2437400
LATENCY 2342000
TIMELINE 6 598 241908294133500 2342000
LATENCY 2406400
TIMELINE 6 614 241908331305100 2406400
LATENCY 2212900
TIMELINE 6 630 241908369328600 2212900
LATENCY 2298400
TIMELINE 6 646 241908406394400 2298400
LATENCY 2358800
TIMELINE 6 662 241908462859500 2358800
LATENCY 2265800
TIMELINE 6 678 241908500026500 2265800
LATENCY 2245200
TIMELINE 6 694 241908537229700 2245200
LATENCY 2617400
TIMELINE 6 710 241908574509600 2617400
LATENCY 2283900
TIMELINE 6 726 241908612883900 2283900
LATENCY 2257900
TIMELINE 6 742 241908650665100 2257900
LATENCY 2264900
TIMELINE 6 758 241908687429600 2264900
LATENCY 2198400
TIMELINE 6 774 241908723924200 2198400
LATENCY 2674300
TIMELINE 6 790 241908781147700 2674300
LATENCY 2284400
TIMELINE 6 806 241908819560600 2284400
LATENCY 2304100
TIMELINE 6 822 241908855595200 2304100
LATENCY 2177500
TIMELINE 6 838 241908891804900 2177500
LATENCY 2209000
TIMELINE 6 854 241908927985500 2209000
LATENCY 2166200
TIMELINE 6 870 241908964003600 2166200
LATENCY 2310600
TIMELINE 6 886 241908999300200 2310600
LATENCY 2144000
TIMELINE 6 902 241909034103700 2144000
LATENCY 2137600
TIMELINE 6 918 241909067761300 2137600
LATENCY 2089000
TIMELINE 6 934 241909121626800 2089000
LATENCY 2124900
TIMELINE 6 950 241909155320100 2124900
LATENCY 2133800
TIMELINE 6 966 241909189033200 2133800
LATENCY 2157400
TIMELINE 6 982 241909228047600 2157400
LATENCY 2138000
TIMELINE 6 998 241909262777200 2138000
LATENCY 2169900
TIMELINE 6 1014 241909297736300 2169900
LATENCY 2176700
TIMELINE 6 1030 241909332685400 2176700
LATENCY 2890600
TIMELINE 6 1046 241909373559900 2890600
LATENCY 2649100
TIMELINE 6 1062 241909425315600 2649100
LATENCY 2626800
TIMELINE 6 1078 241909468211000 2626800
LATENCY 2974000
TIMELINE 6 1094 241909515212000 2974000
LATENCY 2875500
TIMELINE 6 1110 241909561996500 2875500
LATENCY 2926700
TIMELINE 6 1126 241909607142700 2926700
LATENCY 2680500
TIMELINE 6 1142 241909655430700 2680500
LATENCY 3025300
TIMELINE 6 1158 241909705100400 3025300
LATENCY 3212500
TIMELINE 6 1174 241909755473100 3212500
LATENCY 3039300
TIMELINE 6 1190 241909809601300 3039300
LATENCY 3115900
TIMELINE 6 1206 241909858628400 3115900
LATENCY 3158900
TIMELINE 6 1222 241909908253600 3158900
LATENCY 3119100
TIMELINE 6 1238 241909959100100 3119100
LATENCY 2933900
TIMELINE 6 1254 241910007844400 2933900
LATENCY 3264800
TIMELINE 6 1270 241910057798900 3264800
LATENCY 2965500
TIMELINE 6 1286 241910107353100 2965500
LATENCY 3101500
TIMELINE 6 1302 241910156667400 3101500
LATENCY 2930400
TIMELINE 6 1318 241910204899600 2930400
LATENCY 2743800
TIMELINE 6 1334 241910255313200 2743800
LATENCY 2722900
TIMELINE 6 1350 241910299282100 2722900
LATENCY 2872400
TIMELINE 6 1366 241910347734200 2872400
LATENCY 3012400
TIMELINE 6 1382 241910395666400 3012400
LATENCY 2908600
TIMELINE 6 1398 241910449319000 2908600
LATENCY 3024600
TIMELINE 6 1414 241910495914000 3024600
LATENCY 2560900
TIMELINE 6 1430 241910539486600 2560900
LATENCY 2529400
TIMELINE 6 1446 241910580711400 2529400
LATENCY 2746500
TIMELINE 6 1462 241910628366800 2746500
LATENCY 2754400
TIMELINE 6 1478 241910675742700 2754400
LATENCY 2713700
TIMELINE 6 1494 241910720501000 2713700
LATENCY 2625000
TIMELINE 6 1510 241910766151700 2625000
LATENCY 2703700
TIMELINE 6 1526 241910809848300 2703700
LATENCY 2554200
TIMELINE 6 1542 241910851250300 2554200
LATENCY 2866000
TIMELINE 6 1558 241910894722900 2866000
LATENCY 2513600
TIMELINE 6 1574 241910941045300 2513600
LATENCY 11945100
TIMELINE 6 1590 241910982898000 11945100
LATENCY 2912300
TIMELINE 6 1606 241911039975700 2912300
LATENCY 2874900
TIMELINE 6 1622 241911085591400 2874900
LATENCY 2741200
TIMELINE 6 1638 241911130213700 2741200
LATENCY 5703900
TIMELINE 6 1654 241911173639200 5703900
LATENCY 2585000
TIMELINE 6 1670 241911221034200 2585000
LATENCY 6553600
TIMELINE 6 1686 241911268570800 6553600
LATENCY 2715600
TIMELINE 6 1702 241911321980300 2715600
LATENCY 2946100
TIMELINE 6 1718 241911370272000 2946100
LATENCY 2884700
TIMELINE 6 1734 241911428236400 2884700
LATENCY 2996200
TIMELINE 6 1750 241911475086400 2996200
LATENCY 2876800
TIMELINE 6 1766 241911520060400 2876800
LATENCY 2998400
TIMELINE 6 1782 241911565945600 2998400
LATENCY 3058700
TIMELINE 6 1798 241911614349500 3058700
LATENCY 3111800
TIMELINE 6 1814 241911662239100 3111800
LATENCY 5567800
TIMELINE 6 1830 241911706760500 5567800
LATENCY 3009700
TIMELINE 6 1846 241911753320900 3009700
LATENCY 3036200
TIMELINE 6 1862 241911806622500 3036200
LATENCY 3058000
TIMELINE 6 1878 241911853863600 3058000
LATENCY 2892900
TIMELINE 6 1894 241911901246400 2892900
LATENCY 2889100
TIMELINE 6 1910 241911948919900 2889100
LATENCY 2681600
TIMELINE 6 1926 241911994628800 2681600
LATENCY 2720000
TIMELINE 6 1942 241912039852400 2720000
LATENCY 3000800
TIMELINE 6 1958 241912082952600 3000800
LATENCY 2925900
TIMELINE 6 1974 241912126695100 2925900
LATENCY 2919700
TIMELINE 6 1990 241912172176800 2919700
LATENCY 2774000
TIMELINE 6 2006 241912223546800 2774000
LATENCY 3066200
TIMELINE 6 2022 241912268368700 3066200
LATENCY 2938400
TIMELINE 6 2038 241912313226900 2938400
LATENCY 6678800
TIMELINE 7 7 241906582543800 6678800
LATENCY 3862700
TIMELINE 7 23 241906659515100 3862700
LATENCY 3246300
TIMELINE 7 39 241906726417600 3246300
LATENCY 2956300
TIMELINE 7 55 241906785227700 2956300
LATENCY 2891300
TIMELINE 7 71 241906844764500 2891300
LATENCY 4520500
TIMELINE 7 87 241906902424100 4520500
LATENCY 4098200
TIMELINE 7 103 241906958988100 4098200
LATENCY 4519300
TIMELINE 7 119 241907014938200 4519300
LATENCY 3948400
TIMELINE 7 135 241907085529900 3948400
LATENCY 2658000
TIMELINE 7 151 241907148519500 2658000
LATENCY 2482900
TIMELINE 7 167 241907200617000 2482900
LATENCY 2460800
TIMELINE 7 183 241907252362900 2460800
LATENCY 2419300
TIMELINE 7 199 241907292018200 2419300
LATENCY 2382100
TIMELINE 7 215 241907330348200 2382100
LATENCY 2407500
TIMELINE 7 231 241907367493600 2407500
LATENCY 2412700
TIMELINE 7 247 241907404081500 2412700
LATENCY 2237200
TIMELINE 7 263 241907461260600 2237200
LATENCY 2436200
TIMELINE 7 279 241907501973700 2436200
LATENCY 2307000
TIMELINE 7 295 241907538223900 2307000
LATENCY 2295100
TIMELINE 7 311 241907576979400 2295100
LATENCY 2367700
TIMELINE 7 327 241907614288200 2367700
LATENCY 2292000
TIMELINE 7 343 241907652223000 2292000
LATENCY 2338100
TIMELINE 7 359 241907689008000 2338100
LATENCY 2378400
TIMELINE 7 375 241907725962900 2378400
LATENCY 2556700
TIMELINE 7 391 241907784692700 2556700
LATENCY 2284400
TIMELINE 7 407 241907821972300 2284400
LATENCY 2235700
TIMELINE 7 423 241907858745900 2235700
LATENCY 2326400
TIMELINE 7 439 241907894699000 2326400
LATENCY 2550300
TIMELINE 7 455 241907932705800 2550300
LATENCY 2348200
TIMELINE 7 471 241907971074100 2348200
LATENCY 2415500
TIMELINE 7 487 241908008569200 2415500
LATENCY 2399800
TIMELINE 7 503 241908046407300 2399800
LATENCY 2437900
TIMELINE 7 519 241908083994300 2437900
LATENCY 2320400
TIMELINE 7 535 241908143126200 2320400
LATENCY 2317600
TIMELINE 7 551 241908180975800 2317600
LATENCY 2331200
TIMELINE 7 567 241908218135700 2331200
LATENCY 2551200
TIMELINE 7 583 241908256437300 2551200
LATENCY 2358800
TIMELINE 7 599 241908294608200 2358800
LATENCY 2380000
TIMELINE 7 615 241908331766800 2380000
LATENCY 2218400
TIMELINE 7 631 241908369740900 2218400
LATENCY 2289300
TIMELINE 7 647 241908406880100 2289300
LATENCY 2309900
TIMELINE 7 663 241908463306100 2309900
LATENCY 2325900
TIMELINE 7 679 241908500440100 2325900
LATENCY 2250600
TIMELINE 7 695 241908537647700 2250600
LATENCY 2626200
TIMELINE 7 711 241908575045300 2626200
LATENCY 2290600
TIMELINE 7 727 241908613334600 2290600
LATENCY 2282300
TIMELINE 7 743 241908651072600 2282300
LATENCY 2270700
TIMELINE 7 759 241908687875900 2270700
LATENCY 2208100
TIMELINE 7 775 241908724362200 2208100
LATENCY 2501700
TIMELINE 7 791 241908781681600 2501700
LATENCY 2271700
TIMELINE 7 807 241908819386100 2271700
LATENCY 2277800
TIMELINE 7 823 241908855566000 2277800
LATENCY 2174800
TIMELINE 7 839 241908891774600 2174800
LATENCY 2211000
TIMELINE 7 855 241908928045400 2211000
LATENCY 2163200
TIMELINE 7 871 241908963975700 2163200
LATENCY 2306200
TIMELINE 7 887 241908999272100 2306200
LATENCY 2140900
TIMELINE 7 903 241909034075000 2140900
LATENCY 2133300
TIMELINE 7 919 241909067733800 2133300
LATENCY 2087000
TIMELINE 7 935 241909121684900 2087000
LATENCY 2120900
TIMELINE 7 951 241909155263500 2120900
LATENCY 2122400
TIMELINE 7 967 241909188952700 2122400
LATENCY 2159400
TIMELINE 7 983 241909226805000 2159400
LATENCY 2108700
TIMELINE 7 999 241909261536200 2108700
LATENCY 2168900
TIMELINE 7 1015 241909296622100 2168900
LATENCY 2135400
TIMELINE 7 1031 241909331726700 2135400
LATENCY 2933500
TIMELINE 7 1047 241909372171400 2933500
LATENCY 2686700
TIMELINE 7 1063 241909424124800 2686700
LATENCY 2558500
TIMELINE 7 1079 241909467053000 2558500
LATENCY 2948000
TIMELINE 7 1095 241909513789200 2948000
LATENCY 2909400
TIMELINE 7 1111 241909560609000 2909400
LATENCY 2972900
TIMELINE 7 1127 241909605779600 2972900
LATENCY 2615500
TIMELINE 7 1143 241909654353100 2615500
LATENCY 3035700
TIMELINE 7 1159 241909702989000 3035700
LATENCY 3139800
TIMELINE 7 1175 241909753249300 3139800
LATENCY 8708800
TIMELINE 7 1191 241909801834900 8708800
LATENCY 3050800
TIMELINE 7 1207 241909856587500 3050800
LATENCY 3129800
TIMELINE 7 1223 241909906092800 3129800
LATENCY 3213600
TIMELINE 7 1239 241909956841200 3213600
LATENCY 2857500
TIMELINE 7 1255 241910005811100 2857500
LATENCY 3228700
TIMELINE 7 1271 241910055540700 3228700
LATENCY 2926900
TIMELINE 7 1287 241910105285800 2926900
LATENCY 3113000
TIMELINE 7 1303 241910154387700 3113000
LATENCY 2921700
TIMELINE 7 1319 241910202780900 2921700
LATENCY 2769900
TIMELINE 7 1335 241910254055100 2769900
LATENCY 2738600
TIMELINE 7 1351 241910298029200 2738600
LATENCY 2865400
TIMELINE 7 1367 241910346447300 2865400
LATENCY 3005300
TIMELINE 7 1383 241910394335400 3005300
LATENCY 2965800
TIMELINE 7 1399 241910447970500 2965800
LATENCY 3054500
TIMELINE 7 1415 241910494580900 3054500
LATENCY 2577800
TIMELINE 7 1431 241910538276800 2577800
LATENCY 2560100
TIMELINE 7 1447 241910579490200 2560100
LATENCY 2841300
TIMELINE 7 1463 241910626937500 2841300
LATENCY 2709700
TIMELINE 7 1479 241910674426600 2709700
LATENCY 2697100
TIMELINE 7 1495 241910719168600 2697100
LATENCY 2604300
TIMELINE 7 1511 241910765345000 2604300
LATENCY 2813600
TIMELINE 7 1527 241910808865200 2813600
LATENCY 2549400
TIMELINE 7 1543 241910850405800 2549400
LATENCY 2876800
TIMELINE 7 1559 241910893766400 2876800
LATENCY 2509100
TIMELINE 7 1575 241910940209100 2509100
LATENCY 10770400
TIMELINE 7 1591 241910982045200 10770400
LATENCY 2913900
TIMELINE 7 1607 241911039079900 2913900
LATENCY 2866800
TIMELINE 7 1623 241911084712700 2866800
LATENCY 2760600
TIMELINE 7 1639 241911129377900 2760600
LATENCY 4852900
TIMELINE 7 1655 241911172837900 4852900
LATENCY 2630000
TIMELINE 7 1671 241911220242000 2630000
LATENCY 3879500
TIMELINE 7 1687 241911267074800 3879500
LATENCY 2755300
TIMELINE 7 1703 241911320689600 2755300
LATENCY 2934500
TIMELINE 7 1719 241911368955100 2934500
LATENCY 2838100
TIMELINE 7 1735 241911427006300 2838100
LATENCY 2944000
TIMELINE 7 1751 241911473858900 2944000
LATENCY 2826300
TIMELINE 7 1767 241911518932300 2826300
LATENCY 3088000
TIMELINE 7 1783 241911564634600 3088000
LATENCY 3087900
TIMELINE 7 1799 241911613087200 3087900
LATENCY 3106900
TIMELINE 7 1815 241911661210700 3106900
LATENCY 5508400
TIMELINE 7 1831 241911705947400 5508400
LATENCY 3097500
TIMELINE 7 1847 241911752467300 3097500
LATENCY 3049000
TIMELINE 7 1863 241911805625000 3049000
LATENCY 3057200
TIMELINE 7 1879 241911852865300 3057200
LATENCY 2894900
TIMELINE 7 1895 241911900311700 2894900
LATENCY 2910500
TIMELINE 7 1911 241911947891400 2910500
LATENCY 2708900
TIMELINE 7 1927 241911993634000 2708900
LATENCY 2681200
TIMELINE 7 1943 241912038929300 2681200
LATENCY 2807500
TIMELINE 7 1959 241912082049500 2807500
LATENCY 2885600
TIMELINE 7 1975 241912126006800 2885600
LATENCY 2899100
TIMELINE 7 1991 241912171467100 2899100
LATENCY 2787800
TIMELINE 7 2007 241912222706000 2787800
LATENCY 3021300
TIMELINE 7 2023 241912267501800 3021300
LATENCY 2915300
TIMELINE 7 2039 241912314133400 2915300
LATENCY 5536600
TIMELINE 8 8 241906590382300 5536600
LATENCY 4460000
TIMELINE 8 24 241906664329200 4460000
LATENCY 3763400
TIMELINE 8 40 241906730472000 3763400
LATENCY 3212400
TIMELINE 8 56 241906789010800 3212400
LATENCY 2980200
TIMELINE 8 72 241906848322400 2980200
LATENCY 3660500
TIMELINE 8 88 241906908101100 3660500
LATENCY 4946800
TIMELINE 8 104 241906964519500 4946800
LATENCY 3008000
TIMELINE 8 120 241907023312000 3008000
LATENCY 4302800
TIMELINE 8 136 241907093715300 4302800
LATENCY 4190600
TIMELINE 8 152 241907155019800 4190600
LATENCY 4014500
TIMELINE 8 168 241907206105900 4014500
LATENCY 2478200
TIMELINE 8 184 241907257075500 2478200
LATENCY 2467200
TIMELINE 8 200 241907296753700 2467200
LATENCY 2372300
TIMELINE 8 216 241907334908100 2372300
LATENCY 2313700
TIMELINE 8 232 241907372220300 2313700
LATENCY 2333700
TIMELINE 8 248 241907408958300 2333700
LATENCY 3152900
TIMELINE 8 264 241907466463000 3152900
LATENCY 2257600
TIMELINE 8 280 241907505899400 2257600
LATENCY 2388900
TIMELINE 8 296 241907542224900 2388900
LATENCY 2292200
TIMELINE 8 312 241907580765600 2292200
LATENCY 2398900
TIMELINE 8 328 241907618148000 2398900
LATENCY 2282000
TIMELINE 8 344 241907655917100 2282000
LATENCY 2251400
TIMELINE 8 360 241907692819400 2251400
LATENCY 2538000
TIMELINE 8 376 241907729829000 2538000
LATENCY 2409100
TIMELINE 8 392 241907788808400 2409100
LATENCY 2250300
TIMELINE 8 408 241907825776400 2250300
LATENCY 2279200
TIMELINE 8 424 241907862460200 2279200
LATENCY 2186800
TIMELINE 8 440 241907898548900 2186800
LATENCY 2456900
TIMELINE 8 456 241907937314200 2456900
LATENCY 2233500
TIMELINE 8 472 241907975166800 2233500
LATENCY 2293700
TIMELINE 8 488 241908012910000 2293700
LATENCY 2347800
TIMELINE 8 504 241908050654700 2347800
LATENCY 2314600
TIMELINE 8 520 241908088452400 2314600
LATENCY 2471700
TIMELINE 8 536 241908147454200 2471700
LATENCY 2335800
TIMELINE 8 552 241908185340200 2335800
LATENCY 2444100
TIMELINE 8 568 241908222520800 2444100
LATENCY 2305100
TIMELINE 8 584 241908260996600 2305100
LATENCY 2329400
TIMELINE 8 600 241908299070700 2329400
LATENCY 2423100
TIMELINE 8 616 241908336136300 2423100
LATENCY 2183100
TIMELINE 8 632 241908373676600 2183100
LATENCY 2224400
TIMELINE 8 648 241908410897400 2224400
LATENCY 2291600
TIMELINE 8 664 241908467349400 2291600
LATENCY 2370300
TIMELINE 8 680 241908504579900 2370300
LATENCY 2474700
TIMELINE 8 696 241908541825200 2474700
LATENCY 2324000
TIMELINE 8 712 241908579495000 2324000
LATENCY 2346500
TIMELINE 8 728 241908617400900 2346500
LATENCY 2385300
TIMELINE 8 744 241908655174900 2385300
LATENCY 2273400
TIMELINE 8 760 241908691886600 2273400
LATENCY 2215800
TIMELINE 8 776 241908728272800 2215800
LATENCY 2237700
TIMELINE 8 792 241908786071500 2237700
LATENCY 2228200
TIMELINE 8 808 241908822000500 2228200
LATENCY 2489100
TIMELINE 8 824 241908858082300 2489100
LATENCY 2143000
TIMELINE 8 840 241908894216100 2143000
LATENCY 2277200
TIMELINE 8 856 241908930440500 2277200
LATENCY 2148000
TIMELINE 8 872 241908966347500 2148000
LATENCY 2239000
TIMELINE 8 888 241909001796100 2239000
LATENCY 2082900
TIMELINE 8 904 241909036419600 2082900
LATENCY 2051500
TIMELINE 8 920 241909070063100 2051500
LATENCY 2094400
TIMELINE 8 936 241909123830100 2094400
LATENCY 2098700
TIMELINE 8 952 241909157414900 2098700
LATENCY 2117500
TIMELINE 8 968 241909191106200 2117500
LATENCY 2155100
TIMELINE 8 984 241909230298300 2155100
LATENCY 2144700
TIMELINE 8 1000 241909265007300 2144700
LATENCY 2051400
TIMELINE 8 1016 241909300277700 2051400
LATENCY 2171500
TIMELINE 8 1032 241909335178000 2171500
LATENCY 2841600
TIMELINE 8 1048 241909376911500 2841600
LATENCY 2699700
TIMELINE 8 1064 241909428339400 2699700
LATENCY 2864100
TIMELINE 8 1080 241909471254100 2864100
LATENCY 2914700
TIMELINE 8 1096 241909518573700 2914700
LATENCY 2935400
TIMELINE 8 1112 241909565230600 2935400
LATENCY 2704200
TIMELINE 8 1128 241909610459000 2704200
LATENCY 3689200
TIMELINE 8 1144 241909658483500 3689200
LATENCY 2955700
TIMELINE 8 1160 241909709343200 2955700
LATENCY 3115500
TIMELINE 8 1176 241909759952100 3115500
LATENCY 2790100
TIMELINE 8 1192 241909813940600 2790100
LATENCY 3052800
TIMELINE 8 1208 241909863020400 3052800
LATENCY 3145000
TIMELINE 8 1224 241909912610400 3145000
LATENCY 3120200
TIMELINE 8 1240 241909963340900 3120200
LATENCY 2874700
TIMELINE 8 1256 241910011851300 2874700
LATENCY 3045400
TIMELINE 8 1272 241910062306400 3045400
LATENCY 2874800
TIMELINE 8 1288 241910111521600 2874800
LATENCY 3055300
TIMELINE 8 1304 241910160965300 3055300
LATENCY 2939300
TIMELINE 8 1320 241910209025000 2939300
LATENCY 2922000
TIMELINE 8 1336 241910260051300 2922000
LATENCY 2959600
TIMELINE 8 1352 241910303900100 2959600
LATENCY 3076100
TIMELINE 8 1368 241910352619500 3076100
LATENCY 2999100
TIMELINE 8 1384 241910400827000 2999100
LATENCY 2890100
TIMELINE 8 1400 241910454319000 2890100
LATENCY 2883100
TIMELINE 8 1416 241910501035100 2883100
LATENCY 2599000
TIMELINE 8 1432 241910543849400 2599000
LATENCY 2580200
TIMELINE 8 1448 241910584974400 2580200
LATENCY 2710000
TIMELINE 8 1464 241910632925400 2710000
LATENCY 2733000
TIMELINE 8 1480 241910680296900 2733000
LATENCY 2695100
TIMELINE 8 1496 241910725021500 2695100
LATENCY 2584600
TIMELINE 8 1512 241910769918400 2584600
LATENCY 2562400
TIMELINE 8 1528 241910813648000 2562400
LATENCY 2593400
TIMELINE 8 1544 241910854896000 2593400
LATENCY 2830300
TIMELINE 8 1560 241910898812700 2830300
LATENCY 2605600
TIMELINE 8 1576 241910944613600 2605600
LATENCY 3032100
TIMELINE 8 1592 241910996110400 3032100
LATENCY 2750300
TIMELINE 8 1608 241911044076900 2750300
LATENCY 2919100
TIMELINE 8 1624 241911089686100 2919100
LATENCY 2706300
TIMELINE 8 1640 241911134133800 2706300
LATENCY 2978300
TIMELINE 8 1656 241911180601700 2978300
LATENCY 2570700
TIMELINE 8 1672 241911224709100 2570700
LATENCY 4265200
TIMELINE 8 1688 241911274795400 4265200
LATENCY 2700300
TIMELINE 8 1704 241911324628600 2700300
LATENCY 2886200
TIMELINE 8 1720 241911373177600 2886200
LATENCY 2744700
TIMELINE 8 1736 241911431036500 2744700
LATENCY 2921800
TIMELINE 8 1752 241911478000400 2921800
LATENCY 2841200
TIMELINE 8 1768 241911522861200 2841200
LATENCY 2935200
TIMELINE 8 1784 241911568867500 2935200
LATENCY 3038600
TIMELINE 8 1800 241911617281400 3038600
LATENCY 2981900
TIMELINE 8 1816 241911665179800 2981900
LATENCY 2642100
TIMELINE 8 1832 241911712168700 2642100
LATENCY 2931800
TIMELINE 8 1848 241911756210100 2931800
LATENCY 2938200
TIMELINE 8 1864 241911811103300 2938200
LATENCY 2902000
TIMELINE 8 1880 241911858406300 2902000
LATENCY 2900800
TIMELINE 8 1896 241911905492900 2900800
LATENCY 2894100
TIMELINE 8 1912 241911953219300 2894100
LATENCY 2640900
TIMELINE 8 1928 241911998520000 2640900
LATENCY 2700000
TIMELINE 8 1944 241912043899500 2700000
LATENCY 2710500
TIMELINE 8 1960 241912087411400 2710500
LATENCY 2602200
TIMELINE 8 1976 241912131249600 2602200
LATENCY 2909100
TIMELINE 8 1992 241912182361100 2909100
LATENCY 2732300
TIMELINE 8 2008 241912227729000 2732300
LATENCY 2985100
TIMELINE 8 2024 241912273099800 2985100
LATENCY 2964800
TIMELINE 8 2040 241912320758300 2964800
LATENCY 5090600
TIMELINE 9 9 241906594893000 5090600
LATENCY 4326700
TIMELINE 9 25 241906667293400 4326700
LATENCY 4434700
TIMELINE 9 41 241906732923600 4434700
LATENCY 3272300
TIMELINE 9 57 241906791163200 3272300
LATENCY 3069400
TIMELINE 9 73 241906850322100 3069400
LATENCY 3130100
TIMELINE 9 89 241906910753100 3130100
LATENCY 4282400
TIMELINE 9 105 241906967937500 4282400
LATENCY 2997500
TIMELINE 9 121 241907024565200 2997500
LATENCY 4469500
TIMELINE 9 137 241907095307700 4469500
LATENCY 4217500
TIMELINE 9 153 241907156557700 4217500
LATENCY 3955400
TIMELINE 9 169 241907207456000 3955400
LATENCY 2466600
TIMELINE 9 185 241907257843500 2466600
LATENCY 2496900
TIMELINE 9 201 241907297399000 2496900
LATENCY 2339300
TIMELINE 9 217 241907335607600 2339300
LATENCY 2300200
TIMELINE 9 233 241907372946600 2300200
LATENCY 2399400
TIMELINE 9 249 241907409572100 2399400
LATENCY 2950200
TIMELINE 9 265 241907467550000 2950200
LATENCY 2299000
TIMELINE 9 281 241907506326200 2299000
LATENCY 2404500
TIMELINE 9 297 241907542619300 2404500
LATENCY 2298400
TIMELINE 9 313 241907581068100 2298400
LATENCY 2387800
TIMELINE 9 329 241907618483200 2387800
LATENCY 2293500
TIMELINE 9 345 241907656316400 2293500
LATENCY 2259100
TIMELINE 9 361 241907693176800 2259100
LATENCY 2543800
TIMELINE 9 377 241907730272900 2543800
LATENCY 2417900
TIMELINE 9 393 241907789227400 2417900
LATENCY 2232700
TIMELINE 9 409 241907826170500 2232700
LATENCY 2250000
TIMELINE 9 425 241907862956600 2250000
LATENCY 2186200
TIMELINE 9 441 241907898926500 2186200
LATENCY 2478800
TIMELINE 9 457 241907936801000 2478800
LATENCY 2227200
TIMELINE 9 473 241907974789100 2227200
LATENCY 2355500
TIMELINE 9 489 241908012333200 2355500
LATENCY 2370700
TIMELINE 9 505 241908050081900 2370700
LATENCY 2317400
TIMELINE 9 521 241908087867100 2317400
LATENCY 2444500
TIMELINE 9 537 241908146766600 2444500
LATENCY 2332900
TIMELINE 9 553 241908184725300 2332900
LATENCY 2278100
TIMELINE 9 569 241908221897700 2278100
LATENCY 2242200
TIMELINE 9 585 241908260377600 2242200
LATENCY 2345500
TIMELINE 9 601 241908298348500 2345500
LATENCY 2390300
TIMELINE 9 617 241908335578300 2390300
LATENCY 2184600
TIMELINE 9 633 241908371750400 2184600
LATENCY 2233200
TIMELINE 9 649 241908408902000 2233200
LATENCY 2215100
TIMELINE 9 665 241908465340900 2215100
LATENCY 2393200
TIMELINE 9 681 241908502403800 2393200
LATENCY 2425300
TIMELINE 9 697 241908539631400 2425300
LATENCY 2358200
TIMELINE 9 713 241908577344600 2358200
LATENCY 2258700
TIMELINE 9 729 241908615352300 2258700
LATENCY 2462300
TIMELINE 9 745 241908653090700 2462300
LATENCY 2250200
TIMELINE 9 761 241908689965200 2250200
LATENCY 2215000
TIMELINE 9 777 241908726417900 2215000
LATENCY 2275700
TIMELINE 9 793 241908784152700 2275700
LATENCY 2230500
TIMELINE 9 809 241908821879000 2230500
LATENCY 2545600
TIMELINE 9 825 241908857932700 2545600
LATENCY 2137200
TIMELINE 9 841 241908894070400 2137200
LATENCY 2255500
TIMELINE 9 857 241908930379600 2255500
LATENCY 2143800
TIMELINE 9 873 241908966259000 2143800
LATENCY 2242100
TIMELINE 9 889 241909001701300 2242100
LATENCY 2079200
TIMELINE 9 905 241909036336900 2079200
LATENCY 2040200
TIMELINE 9 921 241909069984400 2040200
LATENCY 2083500
TIMELINE 9 937 241909124060600 2083500
LATENCY 2083700
TIMELINE 9 953 241909157741300 2083700
LATENCY 2095100
TIMELINE 9 969 241909191430600 2095100
LATENCY 2196200
TIMELINE 9 985 241909229218500 2196200
LATENCY 2159100
TIMELINE 9 1001 241909263902500 2159100
LATENCY 2121300
TIMELINE 9 1017 241909298979900 2121300
LATENCY 2183200
TIMELINE 9 1033 241909333996200 2183200
LATENCY 2860400
TIMELINE 9 1049 241909375260200 2860400
LATENCY 2596400
TIMELINE 9 1065 241909426945500 2596400
LATENCY 2792400
TIMELINE 9 1081 241909469725200 2792400
LATENCY 2987500
TIMELINE 9 1097 241909516855900 2987500
LATENCY 2875800
TIMELINE 9 1113 241909563645300 2875800
LATENCY 2804500
TIMELINE 9 1129 241909608869700 2804500
LATENCY 3254800
TIMELINE 9 1145 241909657017200 3254800
LATENCY 3027600
TIMELINE 9 1161 241909705183000 3027600
LATENCY 3218700
TIMELINE 9 1177 241909755557300 3218700
LATENCY 3053800
TIMELINE 9 1193 241909809679100 3053800
LATENCY 3118300
TIMELINE 9 1209 241909858719100 3118300
LATENCY 3160000
TIMELINE 9 1225 241909908295800 3160000
LATENCY 3121000
TIMELINE 9 1241 241909959142300 3121000
LATENCY 2933500
TIMELINE 9 1257 241910007883800 2933500
LATENCY 3263700
TIMELINE 9 1273 241910057846500 3263700
LATENCY 2968700
TIMELINE 9 1289 241910107396200 2968700
LATENCY 3105600
TIMELINE 9 1305 241910156709700 3105600
LATENCY 2931200
TIMELINE 9 1321 241910204939700 2931200
LATENCY 2841500
TIMELINE 9 1337 241910255866100 2841500
LATENCY 2743700
TIMELINE 9 1353 241910299830300 2743700
LATENCY 2868600
TIMELINE 9 1369 241910348325900 2868600
LATENCY 3013800
TIMELINE 9 1385 241910396286500 3013800
LATENCY 2913300
TIMELINE 9 1401 241910449923100 2913300
LATENCY 2937600
TIMELINE 9 1417 241910496518900 2937600
LATENCY 2590800
TIMELINE 9 1433 241910539900800 2590800
LATENCY 2531300
TIMELINE 9 1449 241910581124400 2531300
LATENCY 2771300
TIMELINE 9 1465 241910628727400 2771300
LATENCY 2760200
TIMELINE 9 1481 241910676115000 2760200
LATENCY 2709500
TIMELINE 9 1497 241910720872900 2709500
LATENCY 2589900
TIMELINE 9 1513 241910767186400 2589900
LATENCY 2614800
TIMELINE 9 1529 241910810927800 2614800
LATENCY 2569600
TIMELINE 9 1545 241910852216200 2569600
LATENCY 2879900
TIMELINE 9 1561 241910895810800 2879900
LATENCY 2502200
TIMELINE 9 1577 241910942000200 2502200
LATENCY 11983900
TIMELINE 9 1593 241910983992600 11983900
LATENCY 2893700
TIMELINE 9 1609 241911041110900 2893700
LATENCY 2898900
TIMELINE 9 1625 241911086706400 2898900
LATENCY 2772800
TIMELINE 9 1641 241911131287500 2772800
LATENCY 5532800
TIMELINE 9 1657 241911174985500 5532800
LATENCY 2576700
TIMELINE 9 1673 241911222095400 2576700
LATENCY 5291300
TIMELINE 9 1689 241911267864700 5291300
LATENCY 2736500
TIMELINE 9 1705 241911321352000 2736500
LATENCY 2922600
TIMELINE 9 1721 241911369630600 2922600
LATENCY 2843900
TIMELINE 9 1737 241911427798300 2843900
LATENCY 2986500
TIMELINE 9 1753 241911474605600 2986500
LATENCY 2848200
TIMELINE 9 1769 241911519615200 2848200
LATENCY 3074000
TIMELINE 9 1785 241911565389000 3074000
LATENCY 3088200
TIMELINE 9 1801 241911613805900 3088200
LATENCY 3155100
TIMELINE 9 1817 241911661643400 3155100
LATENCY 5452100
TIMELINE 9 1833 241911706353200 5452100
LATENCY 3069800
TIMELINE 9 1849 241911752736700 3069800
LATENCY 2997300
TIMELINE 9 1865 241911807794000 2997300
LATENCY 3072100
TIMELINE 9 1881 241911854970600 3072100
LATENCY 2866100
TIMELINE 9 1897 241911902291400 2866100
LATENCY 2904200
TIMELINE 9 1913 241911949951300 2904200
LATENCY 2708500
TIMELINE 9 1929 241911995574200 2708500
LATENCY 2722300
TIMELINE 9 1945 241912040882100 2722300
LATENCY 3099300
TIMELINE 9 1961 241912084037600 3099300
LATENCY 2955300
TIMELINE 9 1977 241912128002900 2955300
LATENCY 8572500
TIMELINE 9 1993 241912173500200 8572500
LATENCY 2770200
TIMELINE 9 2009 241912224651400 2770200
LATENCY 3158800
TIMELINE 9 2025 241912269537300 3158800
LATENCY 3132500
TIMELINE 9 2041 241912316767800 3132500
LATENCY 5146700
TIMELINE 10 10 241906600059100 5146700
LATENCY 4106700
TIMELINE 10 26 241906672223800 4106700
LATENCY 3673500
TIMELINE 10 42 241906738112300 3673500
LATENCY 4100200
TIMELINE 10 58 241906794998100 4100200
LATENCY 3109600
TIMELINE 10 74 241906853956400 3109600
LATENCY 3349900
TIMELINE 10 90 241906914272500 3349900
LATENCY 5454800
TIMELINE 10 106 241906972611400 5454800
LATENCY 2969700
TIMELINE 10 122 241907028030700 2969700
LATENCY 4434600
TIMELINE 10 138 241907100514800 4434600
LATENCY 4239200
TIMELINE 10 154 241907161695400 4239200
LATENCY 4132900
TIMELINE 10 170 241907212486500 4132900
LATENCY 2457100
TIMELINE 10 186 241907260809400 2457100
LATENCY 2376700
TIMELINE 10 202 241907300435600 2376700
LATENCY 2254200
TIMELINE 10 218 241907338536100 2254200
LATENCY 2276900
TIMELINE 10 234 241907375706900 2276900
LATENCY 2289600
TIMELINE 10 250 241907412468100 2289600
LATENCY 2668400
TIMELINE 10 266 241907471026600 2668400
LATENCY 2251300
TIMELINE 10 282 241907509523600 2251300
LATENCY 2491300
TIMELINE 10 298 241907545955300 2491300
LATENCY 2336300
TIMELINE 10 314 241907584277500 2336300
LATENCY 2315300
TIMELINE 10 330 241907621828500 2315300
LATENCY 2272300
TIMELINE 10 346 241907659579100 2272300
LATENCY 2265300
TIMELINE 10 362 241907696301500 2265300
LATENCY 2263500
TIMELINE 10 378 241907733620000 2263500
LATENCY 2302300
TIMELINE 10 394 241907792515400 2302300
LATENCY 2302400
TIMELINE 10 410 241907829257800 2302400
LATENCY 2218900
TIMELINE 10 426 241907865961600 2218900
LATENCY 2197900
TIMELINE 10 442 241907901911100 2197900
LATENCY 2459600
TIMELINE 10 458 241907942310600 2459600
LATENCY 2215000
TIMELINE 10 474 241907979827100 2215000
LATENCY 2455800
TIMELINE 10 490 241908017638300 2455800
LATENCY 2321500
TIMELINE 10 506 241908055449600 2321500
LATENCY 22342500
TIMELINE 10 522 241908093192600 22342500
LATENCY 2241900
TIMELINE 10 538 241908152175600 2241900
LATENCY 2328500
TIMELINE 10 554 241908190077000 2328500
LATENCY 2486800
TIMELINE 10 570 241908227524300 2486800
LATENCY 2291400
TIMELINE 10 586 241908265528000 2291400
LATENCY 2360900
TIMELINE 10 602 241908303685500 2360900
LATENCY 2304600
TIMELINE 10 618 241908340947600 2304600
LATENCY 2347300
TIMELINE 10 634 241908378971500 2347300
LATENCY 2267400
TIMELINE 10 650 241908416590000 2267400
LATENCY 2326400
TIMELINE 10 666 241908472844800 2326400
LATENCY 2285700
TIMELINE 10 682 241908510060100 2285700
LATENCY 2438000
TIMELINE 10 698 241908547436600 2438000
LATENCY 2292300
TIMELINE 10 714 241908584907000 2292300
LATENCY 2261200
TIMELINE 10 730 241908623935600 2261200
LATENCY 2262800
TIMELINE 10 746 241908660778600 2262800
LATENCY 2312300
TIMELINE 10 762 241908697254800 2312300
LATENCY 2202200
TIMELINE 10 778 241908733652000 2202200
LATENCY 4801900
TIMELINE 10 794 241908791453000 4801900
LATENCY 2165400
TIMELINE 10 810 241908830663300 2165400
LATENCY 2252300
TIMELINE 10 826 241908867004900 2252300
LATENCY 2160900
TIMELINE 10 842 241908902362600 2160900
LATENCY 2266200
TIMELINE 10 858 241908939220100 2266200
LATENCY 2165100
TIMELINE 10 874 241908974948400 2165100
LATENCY 2213100
TIMELINE 10 890 241909010333800 2213100
LATENCY 2083600
TIMELINE 10 906 241909044412800 2083600
LATENCY 2534500
TIMELINE 10 922 241909097410300 2534500
LATENCY 2097100
TIMELINE 10 938 241909131878700 2097100
LATENCY 2114900
TIMELINE 10 954 241909165542400 2114900
LATENCY 2513800
TIMELINE 10 970 241909199088500 2513800
LATENCY 2187900
TIMELINE 10 986 241909237538000 2187900
LATENCY 2142900
TIMELINE 10 1002 241909272141300 2142900
LATENCY 2211900
TIMELINE 10 1018 241909307275900 2211900
LATENCY 2191700
TIMELINE 10 1034 241909342433600 2191700
LATENCY 2721400
TIMELINE 10 1050 241909386017600 2721400
LATENCY 2608400
TIMELINE 10 1066 241909437311800 2608400
LATENCY 2755800
TIMELINE 10 1082 241909480308200 2755800
LATENCY 2917600
TIMELINE 10 1098 241909528378300 2917600
LATENCY 2310100
TIMELINE 10 1114 241909574659800 2310100
LATENCY 2989500
TIMELINE 10 1130 241909619998300 2989500
LATENCY 1872100
TIMELINE 10 1146 241909669674000 1872100
LATENCY 3287100
TIMELINE 10 1162 241909716285300 3287100
LATENCY 3051300
TIMELINE 10 1178 241909767256700 3051300
LATENCY 3100100
TIMELINE 10 1194 241909820646100 3100100
LATENCY 3062200
TIMELINE 10 1210 241909870180200 3062200
LATENCY 3084000
TIMELINE 10 1226 241909919969600 3084000
LATENCY 3137700
TIMELINE 10 1242 241909970847500 3137700
LATENCY 3202800
TIMELINE 10 1258 241910018842200 3202800
LATENCY 3079100
TIMELINE 10 1274 241910069775500 3079100
LATENCY 2931500
TIMELINE 10 1290 241910118250000 2931500
LATENCY 2948600
TIMELINE 10 1306 241910168002900 2948600
LATENCY 2888000
TIMELINE 10 1322 241910215836300 2888000
LATENCY 2644400
TIMELINE 10 1338 241910266559900 2644400
LATENCY 2786800
TIMELINE 10 1354 241910310539000 2786800
LATENCY 2964200
TIMELINE 10 1370 241910359524000 2964200
LATENCY 3016000
TIMELINE 10 1386 241910407674700 3016000
LATENCY 3984800
TIMELINE 10 1402 241910460915500 3984800
LATENCY 2968600
TIMELINE 10 1418 241910507617500 2968600
LATENCY 2550600
TIMELINE 10 1434 241910549868000 2550600
LATENCY 2884100
TIMELINE 10 1450 241910590983000 2884100
LATENCY 2966500
TIMELINE 10 1466 241910640464500 2966500
LATENCY 2915600
TIMELINE 10 1482 241910687203200 2915600
LATENCY 2733600
TIMELINE 10 1498 241910731348700 2733600
LATENCY 2590900
TIMELINE 10 1514 241910777960800 2590900
LATENCY 2573200
TIMELINE 10 1530 241910821790000 2573200
LATENCY 2562300
TIMELINE 10 1546 241910862989700 2562300
LATENCY 2848600
TIMELINE 10 1562 241910907687700 2848600
LATENCY 2726300
TIMELINE 10 1578 241910952841400 2726300
LATENCY 3019700
TIMELINE 10 1594 241911006169600 3019700
LATENCY 2868300
TIMELINE 10 1610 241911052646300 2868300
LATENCY 2725600
TIMELINE 10 1626 241911098841400 2725600
LATENCY 2711200
TIMELINE 10 1642 241911142810600 2711200
LATENCY 2788700
TIMELINE 10 1658 241911189960000 2788700
LATENCY 2586100
TIMELINE 10 1674 241911232910500 2586100
LATENCY 2870000
TIMELINE 10 1690 241911290531500 2870000
LATENCY 2717200
TIMELINE 10 1706 241911337176700 2717200
LATENCY 8495200
TIMELINE 10 1722 241911386136500 8495200
LATENCY 2900100
TIMELINE 10 1738 241911443774000 2900100
LATENCY 2780300
TIMELINE 10 1754 241911490401600 2780300
LATENCY 2856800
TIMELINE 10 1770 241911534468500 2856800
LATENCY 3080200
TIMELINE 10 1786 241911581792800 3080200
LATENCY 3037300
TIMELINE 10 1802 241911630614700 3037300
LATENCY 2749300
TIMELINE 10 1818 241911678083700 2749300
LATENCY 2620400
TIMELINE 10 1834 241911723401700 2620400
LATENCY 2903100
TIMELINE 10 1850 241911769033500 2903100
LATENCY 2872800
TIMELINE 10 1866 241911822629200 2872800
LATENCY 3032800
TIMELINE 10 1882 241911869634600 3032800
LATENCY 2953800
TIMELINE 10 1898 241911916942700 2953800
LATENCY 2930400
TIMELINE 10 1914 241911964394000 2930400
LATENCY 2856400
TIMELINE 10 1930 241912008952900 2856400
LATENCY 2644000
TIMELINE 10 1946 241912053987000 2644000
LATENCY 2699100
TIMELINE 10 1962 241912097941900 2699100
LATENCY 2763700
TIMELINE 10 1978 241912141584000 2763700
LATENCY 2895900
TIMELINE 10 1994 241912193669200 2895900
LATENCY 2758500
TIMELINE 10 2010 241912238159900 2758500
LATENCY 2826100
TIMELINE 10 2026 241912284285900 2826100
LATENCY 3124600
TIMELINE 10 2042 241912332657100 3124600
LATENCY 5379900
TIMELINE 11 11 241906605508100 5379900
LATENCY 4102500
TIMELINE 11 27 241906676211200 4102500
LATENCY 3964400
TIMELINE 11 43 241906741675300 3964400
LATENCY 4644300
TIMELINE 11 59 241906798866400 4644300
LATENCY 2842600
TIMELINE 11 75 241906856813700 2842600
LATENCY 2993200
TIMELINE 11 91 241906917322300 2993200
LATENCY 4042800
TIMELINE 11 107 241906979699900 4042800
LATENCY 2710800
TIMELINE 11 123 241907032143700 2710800
LATENCY 4503400
TIMELINE 11 139 241907106843900 4503400
LATENCY 4496400
TIMELINE 11 155 241907167499400 4496400
LATENCY 4295600
TIMELINE 11 171 241907218213700 4295600
LATENCY 2662200
TIMELINE 11 187 241907264330300 2662200
LATENCY 2498600
TIMELINE 11 203 241907303732400 2498600
LATENCY 2344600
TIMELINE 11 219 241907341648900 2344600
LATENCY 2311700
TIMELINE 11 235 241907378811000 2311700
LATENCY 2400900
TIMELINE 11 251 241907415651100 2400900
LATENCY 2403800
TIMELINE 11 267 241907474618500 2403800
LATENCY 2289600
TIMELINE 11 283 241907513988000 2289600
LATENCY 2304400
TIMELINE 11 299 241907551089500 2304400
LATENCY 2271100
TIMELINE 11 315 241907589049900 2271100
LATENCY 2627300
TIMELINE 11 331 241907626577600 2627300
LATENCY 2230300
TIMELINE 11 347 241907664355600 2230300
LATENCY 2298800
TIMELINE 11 363 241907701114500 2298800
LATENCY 2255900
TIMELINE 11 379 241907738426900 2255900
LATENCY 2314000
TIMELINE 11 395 241907797435700 2314000
LATENCY 2329100
TIMELINE 11 411 241907834165500 2329100
LATENCY 2211700
TIMELINE 11 427 241907870745400 2211700
LATENCY 2317400
TIMELINE 11 443 241907906602900 2317400
LATENCY 2342000
TIMELINE 11 459 241907946936900 2342000
LATENCY 2218900
TIMELINE 11 475 241907984255600 2218900
LATENCY 2348400
TIMELINE 11 491 241908022503700 2348400
LATENCY 2348800
TIMELINE 11 507 241908059989500 2348800
LATENCY 2626600
TIMELINE 11 523 241908118634800 2626600
LATENCY 2302200
TIMELINE 11 539 241908156461500 2302200
LATENCY 2240300
TIMELINE 11 555 241908194566600 2240300
LATENCY 2247300
TIMELINE 11 571 241908232159400 2247300
LATENCY 2287300
TIMELINE 11 587 241908269914500 2287300
LATENCY 2245300
TIMELINE 11 603 241908308093900 2245300
LATENCY 4350900
TIMELINE 11 619 241908345257000 4350900
LATENCY 2475400
TIMELINE 11 635 241908383472400 2475400
LATENCY 2255700
TIMELINE 11 651 241908421026700 2255700
LATENCY 2394100
TIMELINE 11 667 241908477457400 2394100
LATENCY 2394400
TIMELINE 11 683 241908514565100 2394400
LATENCY 2285700
TIMELINE 11 699 241908552167800 2285700
LATENCY 2363700
TIMELINE 11 715 241908589505000 2363700
LATENCY 2266600
TIMELINE 11 731 241908628344300 2266600
LATENCY 2291800
TIMELINE 11 747 241908665307700 2291800
LATENCY 2375400
TIMELINE 11 763 241908701849900 2375400
LATENCY 2235200
TIMELINE 11 779 241908737875800 2235200
LATENCY 2353100
TIMELINE 11 795 241908796885800 2353100
LATENCY 2293500
TIMELINE 11 811 241908833535700 2293500
LATENCY 2244100
TIMELINE 11 827 241908869964400 2244100
LATENCY 2528800
TIMELINE 11 843 241908905418400 2528800
LATENCY 2272500
TIMELINE 11 859 241908942231200 2272500
LATENCY 2176100
TIMELINE 11 875 241908977889800 2176100
LATENCY 2207000
TIMELINE 11 891 241909013358300 2207000
LATENCY 2102900
TIMELINE 11 907 241909047296600 2102900
LATENCY 2179900
TIMELINE 11 923 241909100716700 2179900
LATENCY 2104600
TIMELINE 11 939 241909134665700 2104600
LATENCY 2112400
TIMELINE 11 955 241909168392700 2112400
LATENCY 4791400
TIMELINE 11 971 241909203255000 4791400
LATENCY 2171900
TIMELINE 11 987 241909241167900 2171900
LATENCY 2190700
TIMELINE 11 1003 241909275880400 2190700
LATENCY 2196600
TIMELINE 11 1019 241909310952800 2196600
LATENCY 2172800
TIMELINE 11 1035 241909346045100 2172800
LATENCY 2966900
TIMELINE 11 1051 241909390721200 2966900
LATENCY 2781000
TIMELINE 11 1067 241909441727400 2781000
LATENCY 2957600
TIMELINE 11 1083 241909484804500 2957600
LATENCY 2821000
TIMELINE 11 1099 241909533321200 2821000
LATENCY 2809000
TIMELINE 11 1115 241909578601200 2809000
LATENCY 3044200
TIMELINE 11 1131 241909625080300 3044200
LATENCY 2400300
TIMELINE 11 1147 241909676944600 2400300
LATENCY 3192900
TIMELINE 11 1163 241909723767000 3192900
LATENCY 3158700
TIMELINE 11 1179 241909774193300 3158700
LATENCY 3101600
TIMELINE 11 1195 241909827864000 3101600
LATENCY 3139200
TIMELINE 11 1211 241909877337900 3139200
LATENCY 3216200
TIMELINE 11 1227 241909927449300 3216200
LATENCY 3149800
TIMELINE 11 1243 241909978080700 3149800
LATENCY 3108300
TIMELINE 11 1259 241910026205700 3108300
LATENCY 3148800
TIMELINE 11 1275 241910076952700 3148800
LATENCY 3176100
TIMELINE 11 1291 241910125073200 3176100
LATENCY 3083200
TIMELINE 11 1307 241910174929700 3083200
LATENCY 2794300
TIMELINE 11 1323 241910228913100 2794300
LATENCY 2699600
TIMELINE 11 1339 241910273019800 2699600
LATENCY 2740200
TIMELINE 11 1355 241910317073900 2740200
LATENCY 3012400
TIMELINE 11 1371 241910366598300 3012400
LATENCY 8180600
TIMELINE 11 1387 241910414960600 8180600
LATENCY 2603100
TIMELINE 11 1403 241910469460500 2603100
LATENCY 2613700
TIMELINE 11 1419 241910514596800 2613700
LATENCY 2471300
TIMELINE 11 1435 241910555971500 2471300
LATENCY 2586800
TIMELINE 11 1451 241910597349300 2586800
LATENCY 2753400
TIMELINE 11 1467 241910647724100 2753400
LATENCY 2897000
TIMELINE 11 1483 241910694200100 2897000
LATENCY 5824200
TIMELINE 11 1499 241910737717400 5824200
LATENCY 2586900
TIMELINE 11 1515 241910783018000 2586900
LATENCY 2606700
TIMELINE 11 1531 241910826691000 2606700
LATENCY 2637100
TIMELINE 11 1547 241910867964200 2637100
LATENCY 3217100
TIMELINE 11 1563 241910913265100 3217100
LATENCY 2577900
TIMELINE 11 1579 241910958149500 2577900
LATENCY 3059700
TIMELINE 11 1595 241911012052000 3059700
LATENCY 2757400
TIMELINE 11 1611 241911058110600 2757400
LATENCY 2771900
TIMELINE 11 1627 241911104155900 2771900
LATENCY 2723100
TIMELINE 11 1643 241911148076100 2723100
LATENCY 2680600
TIMELINE 11 1659 241911195385100 2680600
LATENCY 2532200
TIMELINE 11 1675 241911237957200 2532200
LATENCY 2944200
TIMELINE 11 1691 241911295937600 2944200
LATENCY 4184500
TIMELINE 11 1707 241911342846600 4184500
LATENCY 3028200
TIMELINE 11 1723 241911397164800 3028200
LATENCY 2740000
TIMELINE 11 1739 241911449116000 2740000
LATENCY 2751600
TIMELINE 11 1755 241911495535500 2751600
LATENCY 2951100
TIMELINE 11 1771 241911539794800 2951100
LATENCY 3086900
TIMELINE 11 1787 241911587414000 3086900
LATENCY 3022900
TIMELINE 11 1803 241911636194600 3022900
LATENCY 2586000
TIMELINE 11 1819 241911683007600 2586000
LATENCY 2719100
TIMELINE 11 1835 241911728327600 2719100
LATENCY 2978700
TIMELINE 11 1851 241911774361400 2978700
LATENCY 2953900
TIMELINE 11 1867 241911827829200 2953900
LATENCY 3067800
TIMELINE 11 1883 241911875204800 3067800
LATENCY 2924500
TIMELINE 11 1899 241911922280600 2924500
LATENCY 2921900
TIMELINE 11 1915 241911969779600 2921900
LATENCY 2937100
TIMELINE 11 1931 241912014300500 2937100
LATENCY 2873300
TIMELINE 11 1947 241912059112900 2873300
LATENCY 2691100
TIMELINE 11 1963 241912102969200 2691100
LATENCY 2856200
TIMELINE 11 1979 241912146705900 2856200
LATENCY 2967600
TIMELINE 11 1995 241912198834400 2967600
LATENCY 2708300
TIMELINE 11 2011 241912242978900 2708300
LATENCY 3055700
TIMELINE 11 2027 241912289545700 3055700
LATENCY 3402800
TIMELINE 11 2043 241912338028800 3402800
LATENCY 4191100
TIMELINE 12 12 241906610539600 4191100
LATENCY 4449200
TIMELINE 12 28 241906680167600 4449200
LATENCY 3988600
TIMELINE 12 44 241906745353800 3988600
LATENCY 4621500
TIMELINE 12 60 241906803266700 4621500
LATENCY 2818800
TIMELINE 12 76 241906859623500 2818800
LATENCY 2864200
TIMELINE 12 92 241906920209400 2864200
LATENCY 3661400
TIMELINE 12 108 241906983560400 3661400
LATENCY 27027800
TIMELINE 12 124 241907034716700 27027800
LATENCY 4540700
TIMELINE 12 140 241907111166100 4540700
LATENCY 4661400
TIMELINE 12 156 241907171878200 4661400
LATENCY 3920400
TIMELINE 12 172 241907222404700 3920400
LATENCY 2636200
TIMELINE 12 188 241907266960700 2636200
LATENCY 2493400
TIMELINE 12 204 241907306194500 2493400
LATENCY 2352600
TIMELINE 12 220 241907343959900 2352600
LATENCY 2230000
TIMELINE 12 236 241907381092600 2230000
LATENCY 2366800
TIMELINE 12 252 241907418020400 2366800
LATENCY 2503200
TIMELINE 12 268 241907476995300 2503200
LATENCY 2286000
TIMELINE 12 284 241907514578200 2286000
LATENCY 2305000
TIMELINE 12 300 241907551542400 2305000
LATENCY 2293900
TIMELINE 12 316 241907589431300 2293900
LATENCY 2692600
TIMELINE 12 332 241907627052600 2692600
LATENCY 2253200
TIMELINE 12 348 241907664683500 2253200
LATENCY 2298100
TIMELINE 12 364 241907701399100 2298100
LATENCY 2258300
TIMELINE 12 380 241907738675700 2258300
LATENCY 2328500
TIMELINE 12 396 241907797653600 2328500
LATENCY 2349000
TIMELINE 12 412 241907834409800 2349000
LATENCY 2221900
TIMELINE 12 428 241907870955200 2221900
LATENCY 2351200
TIMELINE 12 444 241907906808400 2351200
LATENCY 2372900
TIMELINE 12 460 241907947239800 2372900
LATENCY 2214000
TIMELINE 12 476 241907984499000 2214000
LATENCY 2348000
TIMELINE 12 492 241908022727200 2348000
LATENCY 2357500
TIMELINE 12 508 241908060201800 2357500
LATENCY 2611100
TIMELINE 12 524 241908118922400 2611100
LATENCY 2297800
TIMELINE 12 540 241908156706100 2297800
LATENCY 2241800
TIMELINE 12 556 241908194778500 2241800
LATENCY 2258500
TIMELINE 12 572 241908232398200 2258500
LATENCY 2288400
TIMELINE 12 588 241908270160900 2288400
LATENCY 2298000
TIMELINE 12 604 241908308455600 2298000
LATENCY 3464500
TIMELINE 12 620 241908345715900 3464500
LATENCY 2414600
TIMELINE 12 636 241908383180900 2414600
LATENCY 2235400
TIMELINE 12 652 241908420673300 2235400
LATENCY 2399200
TIMELINE 12 668 241908477061500 2399200
LATENCY 2390100
TIMELINE 12 684 241908514266800 2390100
LATENCY 2305600
TIMELINE 12 700 241908551866200 2305600
LATENCY 2367900
TIMELINE 12 716 241908589246500 2367900
LATENCY 2239200
TIMELINE 12 732 241908628055600 2239200
LATENCY 2317600
TIMELINE 12 748 241908664939600 2317600
LATENCY 2383400
TIMELINE 12 764 241908701502300 2383400
LATENCY 2225100
TIMELINE 12 780 241908737496500 2225100
LATENCY 2302200
TIMELINE 12 796 241908796407000 2302200
LATENCY 2242300
TIMELINE 12 812 241908832976000 2242300
LATENCY 2257800
TIMELINE 12 828 241908869354600 2257800
LATENCY 2592400
TIMELINE 12 844 241908904646000 2592400
LATENCY 2270400
TIMELINE 12 860 241908941580000 2270400
LATENCY 2185800
TIMELINE 12 876 241908977231800 2185800
LATENCY 2251700
TIMELINE 12 892 241909012672300 2251700
LATENCY 2127600
TIMELINE 12 908 241909046645700 2127600
LATENCY 2168200
TIMELINE 12 924 241909100117800 2168200
LATENCY 2069300
TIMELINE 12 940 241909134144500 2069300
LATENCY 2107300
TIMELINE 12 956 241909167958600 2107300
LATENCY 4696800
TIMELINE 12 972 241909202936600 4696800
LATENCY 2169400
TIMELINE 12 988 241909240925800 2169400
LATENCY 2172600
TIMELINE 12 1004 241909275541100 2172600
LATENCY 2204400
TIMELINE 12 1020 241909310770600 2204400
LATENCY 2182100
TIMELINE 12 1036 241909345896300 2182100
LATENCY 2956600
TIMELINE 12 1052 241909390512300 2956600
LATENCY 2772400
TIMELINE 12 1068 241909441658600 2772400
LATENCY 2941700
TIMELINE 12 1084 241909484730100 2941700
LATENCY 2817600
TIMELINE 12 1100 241909533280100 2817600
LATENCY 2805800
TIMELINE 12 1116 241909578560700 2805800
LATENCY 3038600
TIMELINE 12 1132 241909625170100 3038600
LATENCY 2333600
TIMELINE 12 1148 241909677235200 2333600
LATENCY 3213100
TIMELINE 12 1164 241909724082800 3213100
LATENCY 3166400
TIMELINE 12 1180 241909774478000 3166400
LATENCY 3110600
TIMELINE 12 1196 241909828037200 3110600
LATENCY 3131300
TIMELINE 12 1212 241909877525400 3131300
LATENCY 3217900
TIMELINE 12 1228 241909927616600 3217900
LATENCY 3159000
TIMELINE 12 1244 241909978243000 3159000
LATENCY 3114400
TIMELINE 12 1260 241910026372200 3114400
LATENCY 3138400
TIMELINE 12 1276 241910077125900 3138400
LATENCY 3188100
TIMELINE 12 1292 241910125194900 3188100
LATENCY 3088500
TIMELINE 12 1308 241910175094200 3088500
LATENCY 2771500
TIMELINE 12 1324 241910228744000 2771500
LATENCY 2711000
TIMELINE 12 1340 241910272839900 2711000
LATENCY 2712900
TIMELINE 12 1356 241910316899900 2712900
LATENCY 3004200
TIMELINE 12 1372 241910366351500 3004200
LATENCY 7701200
TIMELINE 12 1388 241910414709800 7701200
LATENCY 2609700
TIMELINE 12 1404 241910469278300 2609700
LATENCY 2609600
TIMELINE 12 1420 241910514383300 2609600
LATENCY 2374900
TIMELINE 12 1436 241910555749200 2374900
LATENCY 2585600
TIMELINE 12 1452 241910597132200 2585600
LATENCY 2725100
TIMELINE 12 1468 241910647400600 2725100
LATENCY 2896100
TIMELINE 12 1484 241910693882100 2896100
LATENCY 4045900
TIMELINE 12 1500 241910737428400 4045900
LATENCY 2562900
TIMELINE 12 1516 241910782170900 2562900
LATENCY 2586300
TIMELINE 12 1532 241910825980900 2586300
LATENCY 2621600
TIMELINE 12 1548 241910867238900 2621600
LATENCY 3194400
TIMELINE 12 1564 241910912477400 3194400
LATENCY 2751400
TIMELINE 12 1580 241910957295200 2751400
LATENCY 3026100
TIMELINE 12 1596 241911011208300 3026100
LATENCY 2726200
TIMELINE 12 1612 241911057350000 2726200
LATENCY 2784700
TIMELINE 12 1628 241911103371100 2784700
LATENCY 2690000
TIMELINE 12 1644 241911147307800 2690000
LATENCY 2777600
TIMELINE 12 1660 241911194604600 2777600
LATENCY 2576200
TIMELINE 12 1676 241911237310600 2576200
LATENCY 2862100
TIMELINE 12 1692 241911292164200 2862100
LATENCY 2906100
TIMELINE 12 1708 241911338695900 2906100
LATENCY 8522800
TIMELINE 12 1724 241911387628200 8522800
LATENCY 2919700
TIMELINE 12 1740 241911445187300 2919700
LATENCY 2786800
TIMELINE 12 1756 241911491778000 2786800
LATENCY 2976900
TIMELINE 12 1772 241911535823200 2976900
LATENCY 3056700
TIMELINE 12 1788 241911583323300 3056700
LATENCY 3105400
TIMELINE 12 1804 241911632054500 3105400
LATENCY 2652900
TIMELINE 12 1820 241911679523900 2652900
LATENCY 2720100
TIMELINE 12 1836 241911724779800 2720100
LATENCY 2895200
TIMELINE 12 1852 241911770572900 2895200
LATENCY 2870000
TIMELINE 12 1868 241911824602700 2870000
LATENCY 3100300
TIMELINE 12 1884 241911871717700 3100300
LATENCY 2865700
TIMELINE 12 1900 241911919048000 2865700
LATENCY 2935800
TIMELINE 12 1916 241911966420100 2935800
LATENCY 2973800
TIMELINE 12 1932 241912011001100 2973800
LATENCY 2887400
TIMELINE 12 1948 241912055891800 2887400
LATENCY 2753800
TIMELINE 12 1964 241912099872300 2753800
LATENCY 3021200
TIMELINE 12 1980 241912143318900 3021200
LATENCY 2893700
TIMELINE 12 1996 241912195600100 2893700
LATENCY 2769800
TIMELINE 12 2012 241912239915700 2769800
LATENCY 3078100
TIMELINE 12 2028 241912286057300 3078100
LATENCY 3123800
TIMELINE 12 2044 241912332623100 3123800
LATENCY 4154300
TIMELINE 13 13 241906615398200 4154300
LATENCY 4766800
TIMELINE 13 29 241906685348600 4766800
LATENCY 3438300
TIMELINE 13 45 241906750059900 3438300
LATENCY 4357300
TIMELINE 13 61 241906808435200 4357300
LATENCY 4099600
TIMELINE 13 77 241906862797900 4099600
LATENCY 2851200
TIMELINE 13 93 241906923446700 2851200
LATENCY 2811200
TIMELINE 13 109 241906987326800 2811200
LATENCY 3386700
TIMELINE 13 125 241907061842900 3386700
LATENCY 4184000
TIMELINE 13 141 241907115833300 4184000
LATENCY 3842300
TIMELINE 13 157 241907176461900 3842300
LATENCY 3881000
TIMELINE 13 173 241907226272900 3881000
LATENCY 2409800
TIMELINE 13 189 241907269530400 2409800
LATENCY 2418700
TIMELINE 13 205 241907308615700 2418700
LATENCY 2459700
TIMELINE 13 221 241907346281800 2459700
LATENCY 2225600
TIMELINE 13 237 241907383291800 2225600
LATENCY 2465400
TIMELINE 13 253 241907420356000 2465400
LATENCY 2355000
TIMELINE 13 269 241907479633200 2355000
LATENCY 2231900
TIMELINE 13 285 241907518136600 2231900
LATENCY 2319800
TIMELINE 13 301 241907555115900 2319800
LATENCY 2513100
TIMELINE 13 317 241907593127400 2513100
LATENCY 2302800
TIMELINE 13 333 241907631113400 2302800
LATENCY 2224200
TIMELINE 13 349 241907668291400 2224200
LATENCY 2293400
TIMELINE 13 365 241907705089700 2293400
LATENCY 2368400
TIMELINE 13 381 241907742301700 2368400
LATENCY 2219500
TIMELINE 13 397 241907801521700 2219500
LATENCY 2382200
TIMELINE 13 413 241907838268700 2382200
LATENCY 2203700
TIMELINE 13 429 241907874689000 2203700
LATENCY 2200800
TIMELINE 13 445 241907910755400 2200800
LATENCY 2431500
TIMELINE 13 461 241907951083600 2431500
LATENCY 2721900
TIMELINE 13 477 241907988230100 2721900
LATENCY 2308200
TIMELINE 13 493 241908026504000 2308200
LATENCY 2221400
TIMELINE 13 509 241908063888100 2221400
LATENCY 2300300
TIMELINE 13 525 241908122777800 2300300
LATENCY 2199900
TIMELINE 13 541 241908160272600 2199900
LATENCY 2268400
TIMELINE 13 557 241908198255900 2268400
LATENCY 2243300
TIMELINE 13 573 241908235837100 2243300
LATENCY 2452900
TIMELINE 13 589 241908273693700 2452900
LATENCY 2296800
TIMELINE 13 605 241908311807700 2296800
LATENCY 2330300
TIMELINE 13 621 241908350321300 2330300
LATENCY 2399000
TIMELINE 13 637 241908386655700 2399000
LATENCY 2217600
TIMELINE 13 653 241908423935700 2217600
LATENCY 2239200
TIMELINE 13 669 241908480232200 2239200
LATENCY 2374100
TIMELINE 13 685 241908517448400 2374100
LATENCY 2292800
TIMELINE 13 701 241908554893700 2292800
LATENCY 2389200
TIMELINE 13 717 241908592400700 2389200
LATENCY 2257100
TIMELINE 13 733 241908631128900 2257100
LATENCY 2296400
TIMELINE 13 749 241908668070100 2296400
LATENCY 2239700
TIMELINE 13 765 241908704702800 2239700
LATENCY 2258100
TIMELINE 13 781 241908740574600 2258100
LATENCY 2292000
TIMELINE 13 797 241908799498500 2292000
LATENCY 2269900
TIMELINE 13 813 241908835994100 2269900
LATENCY 2179200
TIMELINE 13 829 241908872364400 2179200
LATENCY 2229200
TIMELINE 13 845 241908908111700 2229200
LATENCY 2190100
TIMELINE 13 861 241908944626100 2190100
LATENCY 2157500
TIMELINE 13 877 241908980160000 2157500
LATENCY 2183200
TIMELINE 13 893 241909015650700 2183200
LATENCY 2107500
TIMELINE 13 909 241909049497200 2107500
LATENCY 2141400
TIMELINE 13 925 241909102985700 2141400
LATENCY 2116400
TIMELINE 13 941 241909136881700 2116400
LATENCY 2092600
TIMELINE 13 957 241909170646200 2092600
LATENCY 2389100
TIMELINE 13 973 241909207218200 2389100
LATENCY 2221200
TIMELINE 13 989 241909242693300 2221200
LATENCY 2164000
TIMELINE 13 1005 241909277318900 2164000
LATENCY 2207200
TIMELINE 13 1021 241909312434200 2207200
LATENCY 2447200
TIMELINE 13 1037 241909347568500 2447200
LATENCY 2999800
TIMELINE 13 1053 241909392730500 2999800
LATENCY 2691700
TIMELINE 13 1069 241909443697700 2691700
LATENCY 4032500
TIMELINE 13 1085 241909486843700 4032500
LATENCY 2845300
TIMELINE 13 1101 241909535273200 2845300
LATENCY 2934400
TIMELINE 13 1117 241909580595100 2934400
LATENCY 3003200
TIMELINE 13 1133 241909627145900 3003200
LATENCY 2709600
TIMELINE 13 1149 241909679096800 2709600
LATENCY 3184900
TIMELINE 13 1165 241909726578000 3184900
LATENCY 3227400
TIMELINE 13 1181 241909776980000 3227400
LATENCY 3051400
TIMELINE 13 1197 241909830414500 3051400
LATENCY 3074000
TIMELINE 13 1213 241909879935900 3074000
LATENCY 3312400
TIMELINE 13 1229 241909930107700 3312400
LATENCY 3185900
TIMELINE 13 1245 241909980667300 3185900
LATENCY 3163300
TIMELINE 13 1261 241910028782500 3163300
LATENCY 3081500
TIMELINE 13 1277 241910079568000 3081500
LATENCY 3218900
TIMELINE 13 1293 241910127637400 3218900
LATENCY 3096600
TIMELINE 13 1309 241910177411500 3096600
LATENCY 2756300
TIMELINE 13 1325 241910230911800 2756300
LATENCY 2611400
TIMELINE 13 1341 241910274951200 2611400
LATENCY 2972900
TIMELINE 13 1357 241910319012000 2972900
LATENCY 2997100
TIMELINE 13 1373 241910368691000 2997100
LATENCY 5756600
TIMELINE 13 1389 241910420248400 5756600
LATENCY 2616000
TIMELINE 13 1405 241910471291600 2616000
LATENCY 2601600
TIMELINE 13 1421 241910516304500 2601600
LATENCY 2579300
TIMELINE 13 1437 241910557570900 2579300
LATENCY 2558700
TIMELINE 13 1453 241910599020600 2558700
LATENCY 2982000
TIMELINE 13 1469 241910649373400 2982000
LATENCY 2904900
TIMELINE 13 1485 241910696012600 2904900
LATENCY 2856700
TIMELINE 13 1501 241910744312600 2856700
LATENCY 2587000
TIMELINE 13 1517 241910786222700 2587000
LATENCY 2586000
TIMELINE 13 1533 241910829962100 2586000
LATENCY 2926600
TIMELINE 13 1549 241910871269800 2926600
LATENCY 2981600
TIMELINE 13 1565 241910917312200 2981600
LATENCY 2525000
TIMELINE 13 1581 241910961376000 2525000
LATENCY 2991100
TIMELINE 13 1597 241911015858900 2991100
LATENCY 2808900
TIMELINE 13 1613 241911061643900 2808900
LATENCY 2844800
TIMELINE 13 1629 241911107723700 2844800
LATENCY 2697900
TIMELINE 13 1645 241911151567400 2697900
LATENCY 2561500
TIMELINE 13 1661 241911198897500 2561500
LATENCY 4681700
TIMELINE 13 1677 241911241292800 4681700
LATENCY 3254400
TIMELINE 13 1693 241911297131700 3254400
LATENCY 3552100
TIMELINE 13 1709 241911344840500 3552100
LATENCY 3040900
TIMELINE 13 1725 241911398436500 3040900
LATENCY 2656000
TIMELINE 13 1741 241911450359700 2656000
LATENCY 2758700
TIMELINE 13 1757 241911496825700 2758700
LATENCY 2952200
TIMELINE 13 1773 241911541190400 2952200
LATENCY 3065000
TIMELINE 13 1789 241911588884900 3065000
LATENCY 3060600
TIMELINE 13 1805 241911637592900 3060600
LATENCY 2657900
TIMELINE 13 1821 241911684211800 2657900
LATENCY 2657700
TIMELINE 13 1837 241911729629700 2657700
LATENCY 2826500
TIMELINE 13 1853 241911775719900 2826500
LATENCY 2892300
TIMELINE 13 1869 241911830176900 2892300
LATENCY 2734700
TIMELINE 13 1885 241911877634600 2734700
LATENCY 3014800
TIMELINE 13 1901 241911924608300 3014800
LATENCY 2848200
TIMELINE 13 1917 241911972087900 2848200
LATENCY 2892300
TIMELINE 13 1933 241912016833700 2892300
LATENCY 2814100
TIMELINE 13 1949 241912061603300 2814100
LATENCY 2712400
TIMELINE 13 1965 241912105303300 2712400
LATENCY 2877500
TIMELINE 13 1981 241912149329400 2877500
LATENCY 2820000
TIMELINE 13 1997 241912201516800 2820000
LATENCY 2713300
TIMELINE 13 2013 241912245420900 2713300
LATENCY 2982400
TIMELINE 13 2029 241912292300300 2982400
LATENCY 3019500
TIMELINE 13 2045 241912341743900 3019500
LATENCY 3889700
TIMELINE 14 14 241906619156600 3889700
LATENCY 4662600
TIMELINE 14 30 241906689925600 4662600
LATENCY 3128300
TIMELINE 14 46 241906753333700 3128300
LATENCY 4161900
TIMELINE 14 62 241906812896300 4161900
LATENCY 3944200
TIMELINE 14 78 241906866989200 3944200
LATENCY 3834500
TIMELINE 14 94 241906926370100 3834500
LATENCY 2482600
TIMELINE 14 110 241906990105600 2482600
LATENCY 2670100
TIMELINE 14 126 241907065194200 2670100
LATENCY 3841300
TIMELINE 14 142 241907119952100 3841300
LATENCY 2424500
TIMELINE 14 158 241907180377000 2424500
LATENCY 3717000
TIMELINE 14 174 241907230266500 3717000
LATENCY 2557800
TIMELINE 14 190 241907271981000 2557800
LATENCY 2354000
TIMELINE 14 206 241907311069900 2354000
LATENCY 2267200
TIMELINE 14 222 241907348839900 2267200
LATENCY 2255000
TIMELINE 14 238 241907385614600 2255000
LATENCY 2281200
TIMELINE 14 254 241907422920400 2281200
LATENCY 2248300
TIMELINE 14 270 241907482022900 2248300
LATENCY 2315300
TIMELINE 14 286 241907520701600 2315300
LATENCY 2303300
TIMELINE 14 302 241907557714400 2303300
LATENCY 2359700
TIMELINE 14 318 241907595972900 2359700
LATENCY 2247700
TIMELINE 14 334 241907633733900 2247700
LATENCY 2212300
TIMELINE 14 350 241907670845000 2212300
LATENCY 2321000
TIMELINE 14 366 241907707701800 2321000
LATENCY 2270100
TIMELINE 14 382 241907744952100 2270100
LATENCY 2251200
TIMELINE 14 398 241907803906500 2251200
LATENCY 2299100
TIMELINE 14 414 241907840810700 2299100
LATENCY 2300300
TIMELINE 14 430 241907877053100 2300300
LATENCY 2240700
TIMELINE 14 446 241907913137900 2240700
LATENCY 2443000
TIMELINE 14 462 241907952782200 2443000
LATENCY 2813800
TIMELINE 14 478 241907990005700 2813800
LATENCY 2344200
TIMELINE 14 494 241908028176700 2344200
LATENCY 2265700
TIMELINE 14 510 241908065602200 2265700
LATENCY 2289800
TIMELINE 14 526 241908124585400 2289800
LATENCY 2539600
TIMELINE 14 542 241908162000000 2539600
LATENCY 2278100
TIMELINE 14 558 241908200042300 2278100
LATENCY 2320400
TIMELINE 14 574 241908237574300 2320400
LATENCY 2484500
TIMELINE 14 590 241908275525100 2484500
LATENCY 2330200
TIMELINE 14 606 241908313530300 2330200
LATENCY 2314400
TIMELINE 14 622 241908351181000 2314400
LATENCY 2352900
TIMELINE 14 638 241908387506900 2352900
LATENCY 2187100
TIMELINE 14 654 241908424760600 2187100
LATENCY 2255000
TIMELINE 14 670 241908481270000 2255000
LATENCY 2370200
TIMELINE 14 686 241908518443200 2370200
LATENCY 2277700
TIMELINE 14 702 241908555855300 2277700
LATENCY 2340300
TIMELINE 14 718 241908593364400 2340300
LATENCY 2249400
TIMELINE 14 734 241908632030200 2249400
LATENCY 2271000
TIMELINE 14 750 241908668984500 2271000
LATENCY 2213200
TIMELINE 14 766 241908705625000 2213200
LATENCY 2252600
TIMELINE 14 782 241908741511400 2252600
LATENCY 2329300
TIMELINE 14 798 241908800214900 2329300
LATENCY 2235200
TIMELINE 14 814 241908836722800 2235200
LATENCY 2253700
TIMELINE 14 830 241908873012900 2253700
LATENCY 2198000
TIMELINE 14 846 241908908820100 2198000
LATENCY 2198100
TIMELINE 14 862 241908945351000 2198100
LATENCY 2149600
TIMELINE 14 878 241908980833900 2149600
LATENCY 2212900
TIMELINE 14 894 241909016307900 2212900
LATENCY 2083600
TIMELINE 14 910 241909050151600 2083600
LATENCY 2138000
TIMELINE 14 926 241909103684100 2138000
LATENCY 2109500
TIMELINE 14 942 241909137604800 2109500
LATENCY 2099200
TIMELINE 14 958 241909171472800 2099200
LATENCY 2244000
TIMELINE 14 974 241909209326600 2244000
LATENCY 2205300
TIMELINE 14 990 241909244593300 2205300
LATENCY 2138200
TIMELINE 14 1006 241909279198400 2138200
LATENCY 2151100
TIMELINE 14 1022 241909314423800 2151100
LATENCY 2971900
TIMELINE 14 1038 241909349628300 2971900
LATENCY 3003400
TIMELINE 14 1054 241909395336400 3003400
LATENCY 2722500
TIMELINE 14 1070 241909446146300 2722500
LATENCY 3245400
TIMELINE 14 1086 241909490618700 3245400
LATENCY 2691400
TIMELINE 14 1102 241909537937500 2691400
LATENCY 3017500
TIMELINE 14 1118 241909583270500 3017500
LATENCY 3303300
TIMELINE 14 1134 241909629856400 3303300
LATENCY 2978100
TIMELINE 14 1150 241909680925100 2978100
LATENCY 3097900
TIMELINE 14 1166 241909728693300 3097900
LATENCY 3269000
TIMELINE 14 1182 241909779047800 3269000
LATENCY 3092300
TIMELINE 14 1198 241909832470600 3092300
LATENCY 3135700
TIMELINE 14 1214 241909881938900 3135700
LATENCY 3236200
TIMELINE 14 1230 241909932156400 3236200
LATENCY 3150500
TIMELINE 14 1246 241909982688300 3150500
LATENCY 3129100
TIMELINE 14 1262 241910030826800 3129100
LATENCY 3266500
TIMELINE 14 1278 241910081551000 3266500
LATENCY 3222100
TIMELINE 14 1294 241910129713900 3222100
LATENCY 3055300
TIMELINE 14 1310 241910179490300 3055300
LATENCY 2683200
TIMELINE 14 1326 241910234444100 2683200
LATENCY 2663300
TIMELINE 14 1342 241910278236100 2663300
LATENCY 5595700
TIMELINE 14 1358 241910322791200 5595700
LATENCY 3041600
TIMELINE 14 1374 241910372485700 3041600
LATENCY 2987600
TIMELINE 14 1390 241910426828200 2987600
LATENCY 2588700
TIMELINE 14 1406 241910474624700 2588700
LATENCY 2637600
TIMELINE 14 1422 241910519685500 2637600
LATENCY 2574400
TIMELINE 14 1438 241910560904300 2574400
LATENCY 2636600
TIMELINE 14 1454 241910602342600 2636600
LATENCY 2730100
TIMELINE 14 1470 241910653196500 2730100
LATENCY 2705600
TIMELINE 14 1486 241910699807900 2705600
LATENCY 2664300
TIMELINE 14 1502 241910747675600 2664300
LATENCY 2559400
TIMELINE 14 1518 241910789211700 2559400
LATENCY 2520200
TIMELINE 14 1534 241910832938800 2520200
LATENCY 2909400
TIMELINE 14 1550 241910874694700 2909400
LATENCY 2867500
TIMELINE 14 1566 241910920857900 2867500
LATENCY 2503500
TIMELINE 14 1582 241910964282200 2503500
LATENCY 2919100
TIMELINE 14 1598 241911019302300 2919100
LATENCY 2789900
TIMELINE 14 1614 241911064879900 2789900
LATENCY 2764500
TIMELINE 14 1630 241911110979500 2764500
LATENCY 2715600
TIMELINE 14 1646 241911154704800 2715600
LATENCY 3028900
TIMELINE 14 1662 241911201752800 3028900
LATENCY 2839000
TIMELINE 14 1678 241911248169500 2839000
LATENCY 2731200
TIMELINE 14 1694 241911302123200 2731200
LATENCY 2988500
TIMELINE 14 1710 241911350293200 2988500
LATENCY 2901700
TIMELINE 14 1726 241911403188900 2901700
LATENCY 2896200
TIMELINE 14 1742 241911454674900 2896200
LATENCY 2896200
TIMELINE 14 1758 241911501035100 2896200
LATENCY 2948500
TIMELINE 14 1774 241911545762000 2948500
LATENCY 3061800
TIMELINE 14 1790 241911593607700 3061800
LATENCY 3097100
TIMELINE 14 1806 241911642397600 3097100
LATENCY 2790600
TIMELINE 14 1822 241911688415500 2790600
LATENCY 2670900
TIMELINE 14 1838 241911733849400 2670900
LATENCY 4307100
TIMELINE 14 1854 241911779656200 4307100
LATENCY 2859400
TIMELINE 14 1870 241911835018600 2859400
LATENCY 2912200
TIMELINE 14 1886 241911882387400 2912200
LATENCY 3354000
TIMELINE 14 1902 241911929688500 3354000
LATENCY 2889600
TIMELINE 14 1918 241911976921400 2889600
LATENCY 3076200
TIMELINE 14 1934 241912021564300 3076200
LATENCY 2596000
TIMELINE 14 1950 241912066025800 2596000
LATENCY 2721400
TIMELINE 14 1966 241912109733900 2721400
LATENCY 2863500
TIMELINE 14 1982 241912153868900 2863500
LATENCY 2731900
TIMELINE 14 1998 241912206041200 2731900
LATENCY 2705700
TIMELINE 14 2014 241912249828200 2705700
LATENCY 2753400
TIMELINE 14 2030 241912297064000 2753400
LATENCY 2351600
TIMELINE 14 2046 241912343593900 2351600
LATENCY 5647300
TIMELINE 15 15 241906623148900 5647300
LATENCY 4459900
TIMELINE 15 31 241906694416500 4459900
LATENCY 2959700
TIMELINE 15 47 241906756387000 2959700
LATENCY 4195600
TIMELINE 15 63 241906816905500 4195600
LATENCY 3674700
TIMELINE 15 79 241906870665600 3674700
LATENCY 2860800
TIMELINE 15 95 241906929910700 2860800
LATENCY 2443800
TIMELINE 15 111 241906992038900 2443800
LATENCY 2520300
TIMELINE 15 127 241907067289400 2520300
LATENCY 3183500
TIMELINE 15 143 241907123030300 3183500
LATENCY 2341400
TIMELINE 15 159 241907182197500 2341400
LATENCY 2990700
TIMELINE 15 175 241907233060100 2990700
LATENCY 2532500
TIMELINE 15 191 241907273831500 2532500
LATENCY 2360100
TIMELINE 15 207 241907312879700 2360100
LATENCY 2220900
TIMELINE 15 223 241907350604500 2220900
LATENCY 2287200
TIMELINE 15 239 241907387358300 2287200
LATENCY 2264200
TIMELINE 15 255 241907424676200 2264200
LATENCY 2325600
TIMELINE 15 271 241907483820300 2325600
LATENCY 2271200
TIMELINE 15 287 241907519765500 2271200
LATENCY 2367600
TIMELINE 15 303 241907556853600 2367600
LATENCY 2414700
TIMELINE 15 319 241907595119900 2414700
LATENCY 2260000
TIMELINE 15 335 241907632869000 2260000
LATENCY 2231600
TIMELINE 15 351 241907669987200 2231600
LATENCY 2308000
TIMELINE 15 367 241907706794300 2308000
LATENCY 2328900
TIMELINE 15 383 241907744093100 2328900
LATENCY 2229200
TIMELINE 15 399 241907803064300 2229200
LATENCY 2302000
TIMELINE 15 415 241907839948400 2302000
LATENCY 2216800
TIMELINE 15 431 241907876222400 2216800
LATENCY 2223000
TIMELINE 15 447 241907912322100 2223000
LATENCY 2427700
TIMELINE 15 463 241907951017100 2427700
LATENCY 2662300
TIMELINE 15 479 241907988153600 2662300
LATENCY 2310100
TIMELINE 15 495 241908026405300 2310100
LATENCY 2224600
TIMELINE 15 511 241908064006400 2224600
LATENCY 2292600
TIMELINE 15 527 241908122907600 2292600
LATENCY 2305100
TIMELINE 15 543 241908160397100 2305100
LATENCY 2269500
TIMELINE 15 559 241908198347500 2269500
LATENCY 2228900
TIMELINE 15 575 241908236004600 2228900
LATENCY 2449400
TIMELINE 15 591 241908273853000 2449400
LATENCY 2303800
TIMELINE 15 607 241908311959700 2303800
LATENCY 2324300
TIMELINE 15 623 241908349901700 2324300
LATENCY 2441100
TIMELINE 15 639 241908386219200 2441100
LATENCY 2222300
TIMELINE 15 655 241908423565300 2222300
LATENCY 2230000
TIMELINE 15 671 241908480026200 2230000
LATENCY 2368200
TIMELINE 15 687 241908517228000 2368200
LATENCY 2283700
TIMELINE 15 703 241908554706600 2283700
LATENCY 2382600
TIMELINE 15 719 241908592275200 2382600
LATENCY 2252700
TIMELINE 15 735 241908631011300 2252700
LATENCY 2302500
TIMELINE 15 751 241908667881900 2302500
LATENCY 2245600
TIMELINE 15 767 241908704571600 2245600
LATENCY 2253200
TIMELINE 15 783 241908740419300 2253200
LATENCY 2292100
TIMELINE 15 799 241908799401800 2292100
LATENCY 2268700
TIMELINE 15 815 241908835927900 2268700
LATENCY 2181400
TIMELINE 15 831 241908872272600 2181400
LATENCY 2235700
TIMELINE 15 847 241908908013300 2235700
LATENCY 2186700
TIMELINE 15 863 241908944597000 2186700
LATENCY 2151800
TIMELINE 15 879 241908980100500 2151800
LATENCY 2173300
TIMELINE 15 895 241909015596100 2173300
LATENCY 2113200
TIMELINE 15 911 241909049432200 2113200
LATENCY 2132000
TIMELINE 15 927 241909102928900 2132000
LATENCY 2110800
TIMELINE 15 943 241909136854500 2110800
LATENCY 2090200
TIMELINE 15 959 241909170619200 2090200
LATENCY 2241600
TIMELINE 15 975 241909207588700 2241600
LATENCY 2212400
TIMELINE 15 991 241909242939200 2212400
LATENCY 2208100
TIMELINE 15 1007 241909277541500 2208100
LATENCY 2200100
TIMELINE 15 1023 241909312941300 2200100
LATENCY 2473600
TIMELINE 15 1039 241909347663100 2473600
LATENCY 2988100
TIMELINE 15 1055 241909392825600 2988100
LATENCY 2689200
TIMELINE 15 1071 241909443745400 2689200
LATENCY 4054600
TIMELINE 15 1087 241909486888000 4054600
LATENCY 2842900
TIMELINE 15 1103 241909535304300 2842900
LATENCY 2997800
TIMELINE 15 1119 241909580626000 2997800
LATENCY 3004000
TIMELINE 15 1135 241909627235900 3004000
LATENCY 2841800
TIMELINE 15 1151 241909680371800 2841800
LATENCY 3136100
TIMELINE 15 1167 241909727984200 3136100
LATENCY 3266700
TIMELINE 15 1183 241909778473400 3266700
LATENCY 3081800
TIMELINE 15 1199 241909832152100 3081800
LATENCY 3106300
TIMELINE 15 1215 241909881687000 3106300
LATENCY 3233600
TIMELINE 15 1231 241909931900900 3233600
LATENCY 3140600
TIMELINE 15 1247 241909982433300 3140600
LATENCY 3131900
TIMELINE 15 1263 241910030485500 3131900
LATENCY 3245700
TIMELINE 15 1279 241910081218500 3245700
LATENCY 3212200
TIMELINE 15 1295 241910129373800 3212200
LATENCY 3029600
TIMELINE 15 1311 241910179155000 3029600
LATENCY 2883900
TIMELINE 15 1327 241910232570800 2883900
LATENCY 2612700
TIMELINE 15 1343 241910276584700 2612700
LATENCY 3191500
TIMELINE 15 1359 241910320743700 3191500
LATENCY 3010800
TIMELINE 15 1375 241910370552900 3010800
LATENCY 3052200
TIMELINE 15 1391 241910424853300 3052200
LATENCY 2659300
TIMELINE 15 1407 241910472863400 2659300
LATENCY 2703500
TIMELINE 15 1423 241910517949300 2703500
LATENCY 2601900
TIMELINE 15 1439 241910559228100 2601900
LATENCY 2543000
TIMELINE 15 1455 241910600717700 2543000
LATENCY 2962200
TIMELINE 15 1471 241910651305300 2962200
LATENCY 2863000
TIMELINE 15 1487 241910697957400 2863000
LATENCY 2929900
TIMELINE 15 1503 241910744341300 2929900
LATENCY 2582600
TIMELINE 15 1519 241910786294200 2582600
LATENCY 2580500
TIMELINE 15 1535 241910830034200 2580500
LATENCY 2953700
TIMELINE 15 1551 241910871344200 2953700
LATENCY 2962600
TIMELINE 15 1567 241910917413800 2962600
LATENCY 2524100
TIMELINE 15 1583 241910961443900 2524100
LATENCY 2952500
TIMELINE 15 1599 241911015944000 2952500
LATENCY 2792300
TIMELINE 15 1615 241911061777600 2792300
LATENCY 2843500
TIMELINE 15 1631 241911107829300 2843500
LATENCY 2725800
TIMELINE 15 1647 241911151667300 2725800
LATENCY 2512400
TIMELINE 15 1663 241911199038200 2512400
LATENCY 3751200
TIMELINE 15 1679 241911241366400 3751200
LATENCY 3292000
TIMELINE 15 1695 241911296956500 3292000
LATENCY 3553300
TIMELINE 15 1711 241911344665300 3553300
LATENCY 3040700
TIMELINE 15 1727 241911398312300 3040700
LATENCY 2649900
TIMELINE 15 1743 241911450240800 2649900
LATENCY 2775100
TIMELINE 15 1759 241911496576900 2775100
LATENCY 2941500
TIMELINE 15 1775 241911541038200 2941500
LATENCY 3069700
TIMELINE 15 1791 241911588705500 3069700
LATENCY 3103900
TIMELINE 15 1807 241911637388100 3103900
LATENCY 2647400
TIMELINE 15 1823 241911684073500 2647400
LATENCY 2676800
TIMELINE 15 1839 241911729428300 2676800
LATENCY 2898100
TIMELINE 15 1855 241911775512200 2898100
LATENCY 2868600
TIMELINE 15 1871 241911830985500 2868600
LATENCY 2736800
TIMELINE 15 1887 241911878472800 2736800
LATENCY 3090900
TIMELINE 15 1903 241911925415000 3090900
LATENCY 2862500
TIMELINE 15 1919 241911972866200 2862500
LATENCY 2883900
TIMELINE 15 1935 241912017564400 2883900
LATENCY 2771000
TIMELINE 15 1951 241912062309900 2771000
LATENCY 2745900
TIMELINE 15 1967 241912105964300 2745900
LATENCY 2895200
TIMELINE 15 1983 241912149950900 2895200
LATENCY 2763600
TIMELINE 15 1999 241912202224000 2763600
LATENCY 2729900
TIMELINE 15 2015 241912246059800 2729900
LATENCY 2961400
TIMELINE 15 2031 241912293012400 2961400
LATENCY 2960600
TIMELINE 15 2047 241912341243800 2960600
LATENCY 14415700
TIMELINE 16 0 241906534741500 14415700
LATENCY 5024500
TIMELINE 16 16 241906628664800 5024500
LATENCY 4098100
TIMELINE 16 32 241906699035100 4098100
LATENCY 2745600
TIMELINE 16 48 241906759533200 2745600
LATENCY 3811700
TIMELINE 16 64 241906821431300 3811700
LATENCY 3654400
TIMELINE 16 80 241906874536700 3654400
LATENCY 2922000
TIMELINE 16 96 241906933006200 2922000
LATENCY 2749500
TIMELINE 16 112 241906994192400 2749500
LATENCY 2428000
TIMELINE 16 128 241907069532800 2428000
LATENCY 3849900
TIMELINE 16 144 241907125777900 3849900
LATENCY 2502900
TIMELINE 16 160 241907184186900 2502900
LATENCY 2763400
TIMELINE 16 176 241907235640600 2763400
LATENCY 2517200
TIMELINE 16 192 241907276084300 2517200
LATENCY 2336300
TIMELINE 16 208 241907314866500 2336300
LATENCY 2332800
TIMELINE 16 224 241907352435600 2332800
LATENCY 2275700
TIMELINE 16 240 241907389254500 2275700
LATENCY 21755200
TIMELINE 16 256 241907426536000 21755200
LATENCY 2407100
TIMELINE 16 272 241907485581500 2407100
LATENCY 2225600
TIMELINE 16 288 241907522744200 2225600
LATENCY 2319200
TIMELINE 16 304 241907559657900 2319200
LATENCY 2313400
TIMELINE 16 320 241907597911400 2313400
LATENCY 2386000
TIMELINE 16 336 241907635557400 2386000
LATENCY 2260500
TIMELINE 16 352 241907672615400 2260500
LATENCY 2332700
TIMELINE 16 368 241907709557300 2332700
LATENCY 2253600
TIMELINE 16 384 241907746752600 2253600
LATENCY 2248400
TIMELINE 16 400 241907805694400 2248400
LATENCY 2257400
TIMELINE 16 416 241907842686300 2257400
LATENCY 2365300
TIMELINE 16 432 241907878942000 2365300
LATENCY 5328000
TIMELINE 16 448 241907915043600 5328000
LATENCY 2508800
TIMELINE 16 464 241907957052400 2508800
LATENCY 2328100
TIMELINE 16 480 241907994710800 2328100
LATENCY 2307300
TIMELINE 16 496 241908032302900 2307300
LATENCY 2436100
TIMELINE 16 512 241908069694400 2436100
LATENCY 2395900
TIMELINE 16 528 241908128713900 2395900
LATENCY 2568800
TIMELINE 16 544 241908166544300 2568800
LATENCY 2276900
TIMELINE 16 560 241908204201000 2276900
LATENCY 2637800
TIMELINE 16 576 241908242107500 2637800
LATENCY 2364800
TIMELINE 16 592 241908280282800 2364800
LATENCY 2276200
TIMELINE 16 608 241908317895500 2276200
LATENCY 2223500
TIMELINE 16 624 241908356806200 2223500
LATENCY 2304700
TIMELINE 16 640 241908393340100 2304700
LATENCY 2558700
TIMELINE 16 656 241908449656800 2558700
LATENCY 2238500
TIMELINE 16 672 241908486874400 2238500
LATENCY 2519400
TIMELINE 16 688 241908524392000 2519400
LATENCY 2246700
TIMELINE 16 704 241908561835700 2246700
LATENCY 2379500
TIMELINE 16 720 241908599430800 2379500
LATENCY 2268900
TIMELINE 16 736 241908637858900 2268900
LATENCY 2280900
TIMELINE 16 752 241908674818900 2280900
LATENCY 2248400
TIMELINE 16 768 241908711492400 2248400
LATENCY 2357800
TIMELINE 16 784 241908747241900 2357800
LATENCY 2286100
TIMELINE 16 800 241908806334800 2286100
LATENCY 2348200
TIMELINE 16 816 241908842572500 2348200
LATENCY 2224100
TIMELINE 16 832 241908878935800 2224100
LATENCY 2276600
TIMELINE 16 848 241908914533000 2276600
LATENCY 2243300
TIMELINE 16 864 241908951076100 2243300
LATENCY 2171900
TIMELINE 16 880 241908986574500 2171900
LATENCY 2137600
TIMELINE 16 896 241909021978400 2137600
LATENCY 2119200
TIMELINE 16 912 241909055633800 2119200
LATENCY 2161600
TIMELINE 16 928 241909109310000 2161600
LATENCY 2079700
TIMELINE 16 944 241909143020300 2079700
LATENCY 2081400
TIMELINE 16 960 241909176829200 2081400
LATENCY 2220100
TIMELINE 16 976 241909214239200 2220100
LATENCY 2212600
TIMELINE 16 992 241909249422500 2212600
LATENCY 2305700
TIMELINE 16 1008 241909283961100 2305700
LATENCY 2256400
TIMELINE 16 1024 241909319058800 2256400
LATENCY 2852100
TIMELINE 16 1040 241909355865800 2852100
LATENCY 9070500
TIMELINE 16 1056 241909401556400 9070500
LATENCY 2508700
TIMELINE 16 1072 241909451647800 2508700
LATENCY 3018700
TIMELINE 16 1088 241909496966200 3018700
LATENCY 2907100
TIMELINE 16 1104 241909543831100 2907100
LATENCY 2971000
TIMELINE 16 1120 241909589361100 2971000
LATENCY 3291500
TIMELINE 16 1136 241909636702600 3291500
LATENCY 2641600
TIMELINE 16 1152 241909688806600 2641600
LATENCY 3191000
TIMELINE 16 1168 241909737175800 3191000
LATENCY 2768400
TIMELINE 16 1184 241909787752300 2768400
LATENCY 3106300
TIMELINE 16 1200 241909840832100 3106300
LATENCY 3067700
TIMELINE 16 1216 241909890436900 3067700
LATENCY 3261500
TIMELINE 16 1232 241909940891800 3261500
LATENCY 2883900
TIMELINE 16 1248 241909990804800 2883900
LATENCY 3195400
TIMELINE 16 1264 241910039408700 3195400
LATENCY 3208000
TIMELINE 16 1280 241910090327700 3208000
LATENCY 3181800
TIMELINE 16 1296 241910138430400 3181800
LATENCY 2975200
TIMELINE 16 1312 241910187670900 2975200
LATENCY 2716400
TIMELINE 16 1328 241910240320400 2716400
LATENCY 2714200
TIMELINE 16 1344 241910284159500 2714200
LATENCY 2834100
TIMELINE 16 1360 241910331817000 2834100
LATENCY 3011000
TIMELINE 16 1376 241910379084000 3011000
LATENCY 2879400
TIMELINE 16 1392 241910433250500 2879400
LATENCY 2732400
TIMELINE 16 1408 241910480609100 2732400
LATENCY 2551200
TIMELINE 16 1424 241910525350400 2551200
LATENCY 2588300
TIMELINE 16 1440 241910566500300 2588300
LATENCY 8105100
TIMELINE 16 1456 241910607968400 8105100
LATENCY 2936300
TIMELINE 16 1472 241910659102200 2936300
LATENCY 2681200
TIMELINE 16 1488 241910705597200 2681200
LATENCY 2640900
TIMELINE 16 1504 241910751311300 2640900
LATENCY 2804400
TIMELINE 16 1520 241910792749100 2804400
LATENCY 2604800
TIMELINE 16 1536 241910836406600 2604800
LATENCY 2976000
TIMELINE 16 1552 241910878681200 2976000
LATENCY 2876800
TIMELINE 16 1568 241910924756000 2876800
LATENCY 2697000
TIMELINE 16 1584 241910967800100 2697000
LATENCY 2947100
TIMELINE 16 1600 241911023292200 2947100
LATENCY 2930000
TIMELINE 16 1616 241911068845500 2930000
LATENCY 2725400
TIMELINE 16 1632 241911114801200 2725400
LATENCY 2683500
TIMELINE 16 1648 241911158382100 2683500
LATENCY 2587000
TIMELINE 16 1664 241911205936000 2587000
LATENCY 2940200
TIMELINE 16 1680 241911249501400 2940200
LATENCY 2942200
TIMELINE 16 1696 241911303237600 2942200
LATENCY 2961700
TIMELINE 16 1712 241911351681100 2961700
LATENCY 2948400
TIMELINE 16 1728 241911404536800 2948400
LATENCY 2925900
TIMELINE 16 1744 241911456044200 2925900
LATENCY 2868200
TIMELINE 16 1760 241911502241900 2868200
LATENCY 2984600
TIMELINE 16 1776 241911547031500 2984600
LATENCY 3061500
TIMELINE 16 1792 241911594908300 3061500
LATENCY 2888200
TIMELINE 16 1808 241911643732600 2888200
LATENCY 2809800
TIMELINE 16 1824 241911689503300 2809800
LATENCY 2782400
TIMELINE 16 1840 241911734914800 2782400
LATENCY 3126600
TIMELINE 16 1856 241911783705000 3126600
LATENCY 2884800
TIMELINE 16 1872 241911837601400 2884800
LATENCY 2963500
TIMELINE 16 1888 241911885002400 2963500
LATENCY 2957300
TIMELINE 16 1904 241911932815500 2957300
LATENCY 2901300
TIMELINE 16 1920 241911979564200 2901300
LATENCY 2926700
TIMELINE 16 1936 241912024359500 2926700
LATENCY 2631100
TIMELINE 16 1952 241912068341800 2631100
LATENCY 2708600
TIMELINE 16 1968 241912112165700 2708600
LATENCY 2893900
TIMELINE 16 1984 241912156415100 2893900
LATENCY 2820600
TIMELINE 16 2000 241912208467400 2820600
LATENCY 2720000
TIMELINE 16 2016 241912252230900 2720000
LATENCY 2978000
TIMELINE 16 2032 241912299629000 2978000
LATENCY 4577500
TIMELINE 17 1 241906549053200 4577500
LATENCY 4733400
TIMELINE 17 17 241906634552200 4733400
LATENCY 3282400
TIMELINE 17 33 241906703749700 3282400
LATENCY 4568500
TIMELINE 17 49 241906762504000 4568500
LATENCY 2939000
TIMELINE 17 65 241906825581600 2939000
LATENCY 4185400
TIMELINE 17 81 241906878766800 4185400
LATENCY 3131800
TIMELINE 17 97 241906936225900 3131800
LATENCY 2959600
TIMELINE 17 113 241906996541800 2959600
LATENCY 2390600
TIMELINE 17 129 241907071680300 2390600
LATENCY 3544800
TIMELINE 17 145 241907129353900 3544800
LATENCY 2450400
TIMELINE 17 161 241907186537600 2450400
LATENCY 2502400
TIMELINE 17 177 241907238271000 2502400
LATENCY 2432400
TIMELINE 17 193 241907278379400 2432400
LATENCY 2320900
TIMELINE 17 209 241907316991200 2320900
LATENCY 2291600
TIMELINE 17 225 241907354521300 2291600
LATENCY 2314900
TIMELINE 17 241 241907391256900 2314900
LATENCY 2669800
TIMELINE 17 257 241907447888800 2669800
LATENCY 2312500
TIMELINE 17 273 241907487773100 2312500
LATENCY 2251800
TIMELINE 17 289 241907525862600 2251800
LATENCY 2537700
TIMELINE 17 305 241907562980500 2537700
LATENCY 2258300
TIMELINE 17 321 241907601157800 2258300
LATENCY 2436100
TIMELINE 17 337 241907639021500 2436100
LATENCY 2386500
TIMELINE 17 353 241907675896000 2386500
LATENCY 2249200
TIMELINE 17 369 241907712884500 2249200
LATENCY 2615700
TIMELINE 17 385 241907750166700 2615700
LATENCY 2220700
TIMELINE 17 401 241907809047500 2220700
LATENCY 2329000
TIMELINE 17 417 241907845919700 2329000
LATENCY 2254000
TIMELINE 17 433 241907882283200 2254000
LATENCY 2546200
TIMELINE 17 449 241907919503500 2546200
LATENCY 2538500
TIMELINE 17 465 241907958437300 2538500
LATENCY 2309300
TIMELINE 17 481 241907995986100 2309300
LATENCY 2300600
TIMELINE 17 497 241908033589200 2300600
LATENCY 2416100
TIMELINE 17 513 241908071189400 2416100
LATENCY 2393200
TIMELINE 17 529 241908130253100 2393200
LATENCY 2375300
TIMELINE 17 545 241908168128900 2375300
LATENCY 2270500
TIMELINE 17 561 241908205564600 2270500
LATENCY 2503100
TIMELINE 17 577 241908243416800 2503100
LATENCY 2358400
TIMELINE 17 593 241908281387900 2358400
LATENCY 2321800
TIMELINE 17 609 241908319001800 2321800
LATENCY 2242800
TIMELINE 17 625 241908356165500 2242800
LATENCY 2333500
TIMELINE 17 641 241908392663200 2333500
LATENCY 2937100
TIMELINE 17 657 241908448649800 2937100
LATENCY 2224000
TIMELINE 17 673 241908486169500 2224000
LATENCY 2415500
TIMELINE 17 689 241908523717700 2415500
LATENCY 2238400
TIMELINE 17 705 241908561049800 2238400
LATENCY 2346000
TIMELINE 17 721 241908598702700 2346000
LATENCY 2280000
TIMELINE 17 737 241908637152500 2280000
LATENCY 2269500
TIMELINE 17 753 241908674099500 2269500
LATENCY 2266300
TIMELINE 17 769 241908710872300 2266300
LATENCY 2271400
TIMELINE 17 785 241908746640200 2271400
LATENCY 2280100
TIMELINE 17 801 241908806747400 2280100
LATENCY 2259200
TIMELINE 17 817 241908843029400 2259200
LATENCY 2235800
TIMELINE 17 833 241908879332700 2235800
LATENCY 2357700
TIMELINE 17 849 241908914915200 2357700
LATENCY 2262500
TIMELINE 17 865 241908951464500 2262500
LATENCY 2167100
TIMELINE 17 881 241908986928000 2167100
LATENCY 2144100
TIMELINE 17 897 241909022316600 2144100
LATENCY 2110900
TIMELINE 17 913 241909055980100 2110900
LATENCY 2156600
TIMELINE 17 929 241909109671000 2156600
LATENCY 2063800
TIMELINE 17 945 241909143439400 2063800
LATENCY 2107600
TIMELINE 17 961 241909177198000 2107600
LATENCY 2296100
TIMELINE 17 977 241909217050300 2296100
LATENCY 2160800
TIMELINE 17 993 241909252223700 2160800
LATENCY 2239900
TIMELINE 17 1009 241909287257900 2239900
LATENCY 2221600
TIMELINE 17 1025 241909322399100 2221600
LATENCY 2835900
TIMELINE 17 1041 241909360247400 2835900
LATENCY 2791200
TIMELINE 17 1057 241909412204200 2791200
LATENCY 2846200
TIMELINE 17 1073 241909455399300 2846200
LATENCY 2977700
TIMELINE 17 1089 241909501389800 2977700
LATENCY 3003600
TIMELINE 17 1105 241909548098100 3003600
LATENCY 2941500
TIMELINE 17 1121 241909593599200 2941500
LATENCY 3251400
TIMELINE 17 1137 241909641312800 3251400
LATENCY 2742700
TIMELINE 17 1153 241909690878800 2742700
LATENCY 3256000
TIMELINE 17 1169 241909739711700 3256000
LATENCY 2782900
TIMELINE 17 1185 241909789960600 2782900
LATENCY 3111300
TIMELINE 17 1201 241909843561000 3111300
LATENCY 3081200
TIMELINE 17 1217 241909893061500 3081200
LATENCY 3204100
TIMELINE 17 1233 241909943715800 3204100
LATENCY 2936100
TIMELINE 17 1249 241909993335500 2936100
LATENCY 3204400
TIMELINE 17 1265 241910042205200 3204400
LATENCY 2929700
TIMELINE 17 1281 241910093163500 2929700
LATENCY 3235900
TIMELINE 17 1297 241910141184900 3235900
LATENCY 2977200
TIMELINE 17 1313 241910190233700 2977200
LATENCY 2712500
TIMELINE 17 1329 241910241909500 2712500
LATENCY 2739200
TIMELINE 17 1345 241910285801400 2739200
LATENCY 2837500
TIMELINE 17 1361 241910333572100 2837500
LATENCY 3001300
TIMELINE 17 1377 241910380931900 3001300
LATENCY 2885900
TIMELINE 17 1393 241910435010800 2885900
LATENCY 2735400
TIMELINE 17 1409 241910482333900 2735400
LATENCY 2562600
TIMELINE 17 1425 241910526923800 2562600
LATENCY 2556100
TIMELINE 17 1441 241910568096400 2556100
LATENCY 2573100
TIMELINE 17 1457 241910615157200 2573100
LATENCY 3734600
TIMELINE 17 1473 241910660910600 3734600
LATENCY 2662000
TIMELINE 17 1489 241910707314300 2662000
LATENCY 2618700
TIMELINE 17 1505 241910753771200 2618700
LATENCY 3166600
TIMELINE 17 1521 241910795325400 3166600
LATENCY 2625100
TIMELINE 17 1537 241910838806100 2625100
LATENCY 2876900
TIMELINE 17 1553 241910881408100 2876900
LATENCY 2939400
TIMELINE 17 1569 241910927377300 2939400
LATENCY 2735400
TIMELINE 17 1585 241910970309200 2735400
LATENCY 2872300
TIMELINE 17 1601 241911025972900 2872300
LATENCY 2927300
TIMELINE 17 1617 241911071492200 2927300
LATENCY 2687900
TIMELINE 17 1633 241911117272900 2687900
LATENCY 2716100
TIMELINE 17 1649 241911160798500 2716100
LATENCY 2576600
TIMELINE 17 1665 241911208162900 2576600
LATENCY 2902400
TIMELINE 17 1681 241911252837600 2902400
LATENCY 2911300
TIMELINE 17 1697 241911306550800 2911300
LATENCY 2880300
TIMELINE 17 1713 241911355001600 2880300
LATENCY 2902700
TIMELINE 17 1729 241911407852200 2902700
LATENCY 2927000
TIMELINE 17 1745 241911459297700 2927000
LATENCY 2866700
TIMELINE 17 1761 241911505588600 2866700
LATENCY 2958500
TIMELINE 17 1777 241911550479200 2958500
LATENCY 3050400
TIMELINE 17 1793 241911598483800 3050400
LATENCY 2894300
TIMELINE 17 1809 241911647011600 2894300
LATENCY 2658300
TIMELINE 17 1825 241911692671800 2658300
LATENCY 2931400
TIMELINE 17 1841 241911738193400 2931400
LATENCY 8764700
TIMELINE 17 1857 241911785854100 8764700
LATENCY 2845100
TIMELINE 17 1873 241911839896400 2845100
LATENCY 3041900
TIMELINE 17 1889 241911887344900 3041900
LATENCY 2882900
TIMELINE 17 1905 241911935157400 2882900
LATENCY 2720500
TIMELINE 17 1921 241911981820900 2720500
LATENCY 2950500
TIMELINE 17 1937 241912026680700 2950500
LATENCY 2631300
TIMELINE 17 1953 241912070437100 2631300
LATENCY 2721300
TIMELINE 17 1969 241912114317600 2721300
LATENCY 2949900
TIMELINE 17 1985 241912158749400 2949900
LATENCY 2739400
TIMELINE 17 2001 241912210774700 2739400
LATENCY 2911800
TIMELINE 17 2017 241912254438100 2911800
LATENCY 2986700
TIMELINE 17 2033 241912303140900 2986700
LATENCY 5847100
TIMELINE 18 2 241906553509600 5847100
LATENCY 4443100
TIMELINE 18 18 241906639230800 4443100
LATENCY 4273900
TIMELINE 18 34 241906706895700 4273900
LATENCY 4967400
TIMELINE 18 50 241906766885500 4967400
LATENCY 3291600
TIMELINE 18 66 241906828385800 3291600
LATENCY 3737600
TIMELINE 18 82 241906882774800 3737600
LATENCY 4063700
TIMELINE 18 98 241906939229500 4063700
LATENCY 2398800
TIMELINE 18 114 241907000519100 2398800
LATENCY 2487400
TIMELINE 18 130 241907075057200 2487400
LATENCY 4522200
TIMELINE 18 146 241907134366900 4522200
LATENCY 2754500
TIMELINE 18 162 241907189805000 2754500
LATENCY 2488900
TIMELINE 18 178 241907241605800 2488900
LATENCY 2380900
TIMELINE 18 194 241907281763700 2380900
LATENCY 2380000
TIMELINE 18 210 241907320194700 2380000
LATENCY 2427200
TIMELINE 18 226 241907357642700 2427200
LATENCY 2250700
TIMELINE 18 242 241907394429900 2250700
LATENCY 2445000
TIMELINE 18 258 241907451586900 2445000
LATENCY 2232300
TIMELINE 18 274 241907491189200 2232300
LATENCY 2193000
TIMELINE 18 290 241907528177700 2193000
LATENCY 2715000
TIMELINE 18 306 241907565813600 2715000
LATENCY 2282700
TIMELINE 18 322 241907603615400 2282700
LATENCY 2354900
TIMELINE 18 338 241907641648600 2354900
LATENCY 2253300
TIMELINE 18 354 241907678450000 2253300
LATENCY 2337900
TIMELINE 18 370 241907715304100 2337900
LATENCY 2420700
TIMELINE 18 386 241907752947800 2420700
LATENCY 2259600
TIMELINE 18 402 241907811430900 2259600
LATENCY 2405500
TIMELINE 18 418 241907848491500 2405500
LATENCY 2232900
TIMELINE 18 434 241907884758200 2232900
LATENCY 2411200
TIMELINE 18 450 241907922295500 2411200
LATENCY 2289800
TIMELINE 18 466 241907961266400 2289800
LATENCY 2302000
TIMELINE 18 482 241907998698600 2302000
LATENCY 2453900
TIMELINE 18 498 241908036295600 2453900
LATENCY 2352600
TIMELINE 18 514 241908073889800 2352600
LATENCY 2372300
TIMELINE 18 530 241908132879700 2372300
LATENCY 2396200
TIMELINE 18 546 241908170790900 2396200
LATENCY 2416400
TIMELINE 18 562 241908208128700 2416400
LATENCY 2353200
TIMELINE 18 578 241908246279300 2353200
LATENCY 2341900
TIMELINE 18 594 241908284187400 2341900
LATENCY 2227600
TIMELINE 18 610 241908321734300 2227600
LATENCY 2267100
TIMELINE 18 626 241908359402700 2267100
LATENCY 2233500
TIMELINE 18 642 241908396049600 2233500
LATENCY 2145500
TIMELINE 18 658 241908452599700 2145500
LATENCY 2213700
TIMELINE 18 674 241908489402600 2213700
LATENCY 2292900
TIMELINE 18 690 241908526980400 2292900
LATENCY 2243300
TIMELINE 18 706 241908564021300 2243300
LATENCY 2826700
TIMELINE 18 722 241908601970400 2826700
LATENCY 2252000
TIMELINE 18 738 241908640250300 2252000
LATENCY 2323400
TIMELINE 18 754 241908677229700 2323400
LATENCY 2241800
TIMELINE 18 770 241908713938900 2241800
LATENCY 2457000
TIMELINE 18 786 241908749787400 2457000
LATENCY 2315400
TIMELINE 18 802 241908809579400 2315400
LATENCY 2212000
TIMELINE 18 818 241908845870200 2212000
LATENCY 2219500
TIMELINE 18 834 241908882172000 2219500
LATENCY 2278300
TIMELINE 18 850 241908917965400 2278300
LATENCY 2324900
TIMELINE 18 866 241908954438900 2324900
LATENCY 2136900
TIMELINE 18 882 241908989652900 2136900
LATENCY 2045100
TIMELINE 18 898 241909024967700 2045100
LATENCY 2121700
TIMELINE 18 914 241909058599700 2121700
LATENCY 2142800
TIMELINE 18 930 241909112360300 2142800
LATENCY 2138400
TIMELINE 18 946 241909146054400 2138400
LATENCY 2101200
TIMELINE 18 962 241909179793200 2101200
LATENCY 2272900
TIMELINE 18 978 241909219081900 2272900
LATENCY 2144400
TIMELINE 18 994 241909254147000 2144400
LATENCY 2190100
TIMELINE 18 1010 241909289001200 2190100
LATENCY 2140800
TIMELINE 18 1026 241909324125800 2140800
LATENCY 2869800
TIMELINE 18 1042 241909362221700 2869800
LATENCY 2833700
TIMELINE 18 1058 241909414160600 2833700
LATENCY 2673700
TIMELINE 18 1074 241909457430700 2673700
LATENCY 2934300
TIMELINE 18 1090 241909503741300 2934300
LATENCY 2952700
TIMELINE 18 1106 241909550446500 2952700
LATENCY 2941300
TIMELINE 18 1122 241909595893900 2941300
LATENCY 3220500
TIMELINE 18 1138 241909643922400 3220500
LATENCY 2903000
TIMELINE 18 1154 241909693191600 2903000
LATENCY 3156400
TIMELINE 18 1170 241909742414500 3156400
LATENCY 2771300
TIMELINE 18 1186 241909792203800 2771300
LATENCY 3130900
TIMELINE 18 1202 241909845957300 3130900
LATENCY 3142600
TIMELINE 18 1218 241909895442200 3142600
LATENCY 3205600
TIMELINE 18 1234 241909946240200 3205600
LATENCY 2902300
TIMELINE 18 1250 241909995599600 2902300
LATENCY 3168200
TIMELINE 18 1266 241910044742600 3168200
LATENCY 2900900
TIMELINE 18 1282 241910095440000 2900900
LATENCY 3238400
TIMELINE 18 1298 241910143777300 3238400
LATENCY 3046300
TIMELINE 18 1314 241910192590300 3046300
LATENCY 2749000
TIMELINE 18 1330 241910245214000 2749000
LATENCY 3002100
TIMELINE 18 1346 241910289103700 3002100
LATENCY 3018600
TIMELINE 18 1362 241910337022500 3018600
LATENCY 2992800
TIMELINE 18 1378 241910384564600 2992800
LATENCY 2953800
TIMELINE 18 1394 241910438506700 2953800
LATENCY 2756600
TIMELINE 18 1410 241910485589100 2756600
LATENCY 2522600
TIMELINE 18 1426 241910530018600 2522600
LATENCY 2578800
TIMELINE 18 1442 241910571201000 2578800
LATENCY 2606800
TIMELINE 18 1458 241910618232100 2606800
LATENCY 2908600
TIMELINE 18 1474 241910665334600 2908600
LATENCY 2687700
TIMELINE 18 1490 241910710477600 2687700
LATENCY 2574500
TIMELINE 18 1506 241910757245300 2574500
LATENCY 2962300
TIMELINE 18 1522 241910799536100 2962300
LATENCY 2570300
TIMELINE 18 1538 241910842315400 2570300
LATENCY 2934100
TIMELINE 18 1554 241910885293200 2934100
LATENCY 2933200
TIMELINE 18 1570 241910931419300 2933200
LATENCY 2668800
TIMELINE 18 1586 241910973906600 2668800
LATENCY 3053600
TIMELINE 18 1602 241911029823500 3053600
LATENCY 3012400
TIMELINE 18 1618 241911075420900 3012400
LATENCY 2733400
TIMELINE 18 1634 241911120890800 2733400
LATENCY 2713900
TIMELINE 18 1650 241911164459700 2713900
LATENCY 2600100
TIMELINE 18 1666 241911211777500 2600100
LATENCY 2891400
TIMELINE 18 1682 241911260706600 2891400
LATENCY 2988300
TIMELINE 18 1698 241911314149500 2988300
LATENCY 2980400
TIMELINE 18 1714 241911362534200 2980400
LATENCY 3128500
TIMELINE 18 1730 241911415330100 3128500
LATENCY 2730000
TIMELINE 18 1746 241911467512600 2730000
LATENCY 2665400
TIMELINE 18 1762 241911512774000 2665400
LATENCY 2898000
TIMELINE 18 1778 241911558135900 2898000
LATENCY 3066500
TIMELINE 18 1794 241911606248600 3066500
LATENCY 2896400
TIMELINE 18 1810 241911654484500 2896400
LATENCY 2657400
TIMELINE 18 1826 241911699564400 2657400
LATENCY 2873300
TIMELINE 18 1842 241911745644300 2873300
LATENCY 3292800
TIMELINE 18 1858 241911799042200 3292800
LATENCY 3060700
TIMELINE 18 1874 241911846582200 3060700
LATENCY 2925000
TIMELINE 18 1890 241911894279300 2925000
LATENCY 2958700
TIMELINE 18 1906 241911941947500 2958700
LATENCY 2631600
TIMELINE 18 1922 241911988373200 2631600
LATENCY 2796900
TIMELINE 18 1938 241912033355900 2796900
LATENCY 2685100
TIMELINE 18 1954 241912076670800 2685100
LATENCY 2598600
TIMELINE 18 1970 241912120707800 2598600
LATENCY 2885100
TIMELINE 18 1986 241912165617600 2885100
LATENCY 2784600
TIMELINE 18 2002 241912217135400 2784600
LATENCY 3040500
TIMELINE 18 2018 241912261361200 3040500
LATENCY 2933600
TIMELINE 18 2034 241912308109100 2933600
LATENCY 5403300
TIMELINE 19 3 241906559858300 5403300
LATENCY 4609400
TIMELINE 19 19 241906642926400 4609400
LATENCY 4898900
TIMELINE 19 35 241906710866000 4898900
LATENCY 4322700
TIMELINE 19 51 241906771565400 4322700
LATENCY 3978400
TIMELINE 19 67 241906831579800 3978400
LATENCY 3542600
TIMELINE 19 83 241906886393300 3542600
LATENCY 3630700
TIMELINE 19 99 241906943158200 3630700
LATENCY 2929100
TIMELINE 19 115 241907002992000 2929100
LATENCY 2554900
TIMELINE 19 131 241907077681100 2554900
LATENCY 2815900
TIMELINE 19 147 241907139082000 2815900
LATENCY 2646400
TIMELINE 19 163 241907192839000 2646400
LATENCY 2468300
TIMELINE 19 179 241907244304900 2468300
LATENCY 2416500
TIMELINE 19 195 241907284240600 2416500
LATENCY 2315800
TIMELINE 19 211 241907322670800 2315800
LATENCY 2252200
TIMELINE 19 227 241907360185400 2252200
LATENCY 2296100
TIMELINE 19 243 241907396805600 2296100
LATENCY 2254800
TIMELINE 19 259 241907453975200 2254800
LATENCY 2157500
TIMELINE 19 275 241907493245800 2157500
LATENCY 2209800
TIMELINE 19 291 241907528714400 2209800
LATENCY 2608400
TIMELINE 19 307 241907566527400 2608400
LATENCY 2256000
TIMELINE 19 323 241907604242800 2256000
LATENCY 2375200
TIMELINE 19 339 241907642202100 2375200
LATENCY 2230500
TIMELINE 19 355 241907679026500 2230500
LATENCY 2311600
TIMELINE 19 371 241907715937900 2311600
LATENCY 2488700
TIMELINE 19 387 241907753573600 2488700
LATENCY 2229800
TIMELINE 19 403 241907812034300 2229800
LATENCY 2345900
TIMELINE 19 419 241907849076800 2345900
LATENCY 2223200
TIMELINE 19 435 241907885280800 2223200
LATENCY 2403300
TIMELINE 19 451 241907923013200 2403300
LATENCY 2273500
TIMELINE 19 467 241907961909500 2273500
LATENCY 2308000
TIMELINE 19 483 241907999308000 2308000
LATENCY 2548000
TIMELINE 19 499 241908036899300 2548000
LATENCY 2327200
TIMELINE 19 515 241908074469800 2327200
LATENCY 2348700
TIMELINE 19 531 241908133491100 2348700
LATENCY 2416100
TIMELINE 19 547 241908171351900 2416100
LATENCY 2454500
TIMELINE 19 563 241908208659000 2454500
LATENCY 2336700
TIMELINE 19 579 241908246845900 2336700
LATENCY 2355300
TIMELINE 19 595 241908284687100 2355300
LATENCY 2287400
TIMELINE 19 611 241908322193400 2287400
LATENCY 2221300
TIMELINE 19 627 241908360958900 2221300
LATENCY 2505600
TIMELINE 19 643 241908397475000 2505600
LATENCY 2142700
TIMELINE 19 659 241908454000300 2142700
LATENCY 2414000
TIMELINE 19 675 241908491041200 2414000
LATENCY 2262800
TIMELINE 19 691 241908528809700 2262800
LATENCY 2223400
TIMELINE 19 707 241908565805600 2223400
LATENCY 2373100
TIMELINE 19 723 241908604170800 2373100
LATENCY 2301700
TIMELINE 19 739 241908641932500 2301700
LATENCY 2254100
TIMELINE 19 755 241908678936700 2254100
LATENCY 2207000
TIMELINE 19 771 241908715512500 2207000
LATENCY 2436200
TIMELINE 19 787 241908751531300 2436200
LATENCY 2282500
TIMELINE 19 803 241908810740000 2282500
LATENCY 2177800
TIMELINE 19 819 241908846981500 2177800
LATENCY 2222800
TIMELINE 19 835 241908883183100 2222800
LATENCY 2350700
TIMELINE 19 851 241908919103300 2350700
LATENCY 2168000
TIMELINE 19 867 241908955574100 2168000
LATENCY 2140900
TIMELINE 19 883 241908990684500 2140900
LATENCY 2051900
TIMELINE 19 899 241909025955000 2051900
LATENCY 2105800
TIMELINE 19 915 241909059639600 2105800
LATENCY 2122000
TIMELINE 19 931 241909113395000 2122000
LATENCY 2096200
TIMELINE 19 947 241909147075500 2096200
LATENCY 2108900
TIMELINE 19 963 241909180774300 2108900
LATENCY 2232700
TIMELINE 19 979 241909217780900 2232700
LATENCY 2140900
TIMELINE 19 995 241909252866200 2140900
LATENCY 2213600
TIMELINE 19 1011 241909287701900 2213600
LATENCY 2197800
TIMELINE 19 1027 241909322832300 2197800
LATENCY 2843900
TIMELINE 19 1043 241909360714400 2843900
LATENCY 2835400
TIMELINE 19 1059 241909412665600 2835400
LATENCY 2919300
TIMELINE 19 1075 241909455884200 2919300
LATENCY 2964200
TIMELINE 19 1091 241909501961100 2964200
LATENCY 2963200
TIMELINE 19 1107 241909548667400 2963200
LATENCY 2945700
TIMELINE 19 1123 241909594135300 2945700
LATENCY 3264200
TIMELINE 19 1139 241909642086500 3264200
LATENCY 2751700
TIMELINE 19 1155 241909690955500 2751700
LATENCY 3242500
TIMELINE 19 1171 241909739815600 3242500
LATENCY 2784400
TIMELINE 19 1187 241909790029500 2784400
LATENCY 3130600
TIMELINE 19 1203 241909843362600 3130600
LATENCY 3086100
TIMELINE 19 1219 241909892926300 3086100
LATENCY 3201000
TIMELINE 19 1235 241909943588300 3201000
LATENCY 2917000
TIMELINE 19 1251 241909993227900 2917000
LATENCY 3203500
TIMELINE 19 1267 241910042076300 3203500
LATENCY 2921700
TIMELINE 19 1283 241910093042700 2921700
LATENCY 3231400
TIMELINE 19 1299 241910141100600 3231400
LATENCY 2972600
TIMELINE 19 1315 241910190150100 2972600
LATENCY 2704200
TIMELINE 19 1331 241910242278000 2704200
LATENCY 2726300
TIMELINE 19 1347 241910286139600 2726300
LATENCY 2847100
TIMELINE 19 1363 241910333889400 2847100
LATENCY 3012900
TIMELINE 19 1379 241910381256100 3012900
LATENCY 2895400
TIMELINE 19 1395 241910435330700 2895400
LATENCY 2734800
TIMELINE 19 1411 241910482710900 2734800
LATENCY 2578400
TIMELINE 19 1427 241910527298300 2578400
LATENCY 2570600
TIMELINE 19 1443 241910568473500 2570600
LATENCY 2575500
TIMELINE 19 1459 241910615471200 2575500
LATENCY 3821400
TIMELINE 19 1475 241910661378000 3821400
LATENCY 2644000
TIMELINE 19 1491 241910707762900 2644000
LATENCY 2603800
TIMELINE 19 1507 241910754955800 2603800
LATENCY 3070500
TIMELINE 19 1523 241910796873000 3070500
LATENCY 2629800
TIMELINE 19 1539 241910840078000 2629800
LATENCY 2896700
TIMELINE 19 1555 241910882813000 2896700
LATENCY 3051800
TIMELINE 19 1571 241910928782600 3051800
LATENCY 2688100
TIMELINE 19 1587 241910971587100 2688100
LATENCY 2807300
TIMELINE 19 1603 241911027404000 2807300
LATENCY 2943500
TIMELINE 19 1619 241911072899000 2943500
LATENCY 2705900
TIMELINE 19 1635 241911118561400 2705900
LATENCY 2714200
TIMELINE 19 1651 241911162116000 2714200
LATENCY 2666200
TIMELINE 19 1667 241911209478400 2666200
LATENCY 3240600
TIMELINE 19 1683 241911257081900 3240600
LATENCY 2927300
TIMELINE 19 1699 241911310841600 2927300
LATENCY 2950300
TIMELINE 19 1715 241911359218400 2950300
LATENCY 2880900
TIMELINE 19 1731 241911412079300 2880900
LATENCY 3377900
TIMELINE 19 1747 241911463876700 3377900
LATENCY 2713200
TIMELINE 19 1763 241911509831000 2713200
LATENCY 2981600
TIMELINE 19 1779 241911554897100 2981600
LATENCY 2949500
TIMELINE 19 1795 241911603048100 2949500
LATENCY 2862300
TIMELINE 19 1811 241911651373300 2862300
LATENCY 2673900
TIMELINE 19 1827 241911696634700 2673900
LATENCY 2893100
TIMELINE 19 1843 241911742467800 2893100
LATENCY 3118000
TIMELINE 19 1859 241911795487800 3118000
LATENCY 2862600
TIMELINE 19 1875 241911843244400 2862600
LATENCY 2946500
TIMELINE 19 1891 241911890925400 2946500
LATENCY 2914600
TIMELINE 19 1907 241911938626100 2914600
LATENCY 2881700
TIMELINE 19 1923 241911984967600 2881700
LATENCY 2806600
TIMELINE 19 1939 241912030130600 2806600
LATENCY 2673300
TIMELINE 19 1955 241912073567400 2673300
LATENCY 2736200
TIMELINE 19 1971 241912117544000 2736200
LATENCY 2910000
TIMELINE 19 1987 241912162329500 2910000
LATENCY 2771400
TIMELINE 19 2003 241912213964300 2771400
LATENCY 3062300
TIMELINE 19 2019 241912257870800 3062300
LATENCY 2926200
TIMELINE 19 2035 241912306765000 2926200
LATENCY 5862600
TIMELINE 20 4 241906565682300 5862600
LATENCY 3953500
TIMELINE 20 20 241906647726100 3953500
LATENCY 4509500
TIMELINE 20 36 241906716122900 4509500
LATENCY 3367300
TIMELINE 20 52 241906775976400 3367300
LATENCY 3398500
TIMELINE 20 68 241906835521000 3398500
LATENCY 4174000
TIMELINE 20 84 241906889988200 4174000
LATENCY 4288500
TIMELINE 20 100 241906946834600 4288500
LATENCY 3430300
TIMELINE 20 116 241907004351300 3430300
LATENCY 2423700
TIMELINE 20 132 241907078990300 2423700
LATENCY 2925100
TIMELINE 20 148 241907140544300 2925100
LATENCY 2375300
TIMELINE 20 164 241907194265100 2375300
LATENCY 2619800
TIMELINE 20 180 241907245512100 2619800
LATENCY 2403900
TIMELINE 20 196 241907285551800 2403900
LATENCY 2310800
TIMELINE 20 212 241907323910400 2310800
LATENCY 2270700
TIMELINE 20 228 241907361372300 2270700
LATENCY 2272600
TIMELINE 20 244 241907398027400 2272600
LATENCY 2236600
TIMELINE 20 260 241907455360400 2236600
LATENCY 2872500
TIMELINE 20 276 241907494535300 2872500
LATENCY 2217000
TIMELINE 20 292 241907531715500 2217000
LATENCY 2382200
TIMELINE 20 308 241907569796900 2382200
LATENCY 2315400
TIMELINE 20 324 241907607075400 2315400
LATENCY 2318800
TIMELINE 20 340 241907645288200 2318800
LATENCY 2497700
TIMELINE 20 356 241907681893600 2497700
LATENCY 2275000
TIMELINE 20 372 241907718968100 2275000
LATENCY 2289200
TIMELINE 20 388 241907756706200 2289200
LATENCY 2421300
TIMELINE 20 404 241907814880000 2421300
LATENCY 2245400
TIMELINE 20 420 241907852082200 2245400
LATENCY 2207400
TIMELINE 20 436 241907888157000 2207400
LATENCY 2564400
TIMELINE 20 452 241907926348300 2564400
LATENCY 2243000
TIMELINE 20 468 241907965085300 2243000
LATENCY 2268700
TIMELINE 20 484 241908002530400 2268700
LATENCY 2300200
TIMELINE 20 500 241908040315700 2300200
LATENCY 2415300
TIMELINE 20 516 241908077861100 2415300
LATENCY 2284000
TIMELINE 20 532 241908136865600 2284000
LATENCY 2314800
TIMELINE 20 548 241908174789300 2314800
LATENCY 2252100
TIMELINE 20 564 241908212164200 2252100
LATENCY 2321700
TIMELINE 20 580 241908250170600 2321700
LATENCY 2561800
TIMELINE 20 596 241908288086700 2561800
LATENCY 2406700
TIMELINE 20 612 241908325472400 2406700
LATENCY 2247300
TIMELINE 20 628 241908362582500 2247300
LATENCY 2491200
TIMELINE 20 644 241908399393300 2491200
LATENCY 2425500
TIMELINE 20 660 241908455681600 2425500
LATENCY 2460100
TIMELINE 20 676 241908492903800 2460100
LATENCY 2282800
TIMELINE 20 692 241908530506200 2282800
LATENCY 2253000
TIMELINE 20 708 241908567464100 2253000
LATENCY 2334000
TIMELINE 20 724 241908605982300 2334000
LATENCY 2451000
TIMELINE 20 740 241908643736000 2451000
LATENCY 2252300
TIMELINE 20 756 241908680715400 2252300
LATENCY 2218600
TIMELINE 20 772 241908717285000 2218600
LATENCY 2265600
TIMELINE 20 788 241908753440300 2265600
LATENCY 2282400
TIMELINE 20 804 241908810707900 2282400
LATENCY 2184900
TIMELINE 20 820 241908847040300 2184900
LATENCY 2214200
TIMELINE 20 836 241908883311000 2214200
LATENCY 2353700
TIMELINE 20 852 241908919163800 2353700
LATENCY 2165600
TIMELINE 20 868 241908955693800 2165600
LATENCY 2139100
TIMELINE 20 884 241908990774000 2139100
LATENCY 2058100
TIMELINE 20 900 241909026034600 2058100
LATENCY 2105400
TIMELINE 20 916 241909059723100 2105400
LATENCY 2132800
TIMELINE 20 932 241909113766100 2132800
LATENCY 2121800
TIMELINE 20 948 241909147466500 2121800
LATENCY 2114600
TIMELINE 20 964 241909181190200 2114600
LATENCY 2242100
TIMELINE 20 980 241909217957900 2242100
LATENCY 2141500
TIMELINE 20 996 241909253077300 2141500
LATENCY 2199400
TIMELINE 20 1012 241909287862100 2199400
LATENCY 2200700
TIMELINE 20 1028 241909322864800 2200700
LATENCY 2844300
TIMELINE 20 1044 241909360791600 2844300
LATENCY 2830700
TIMELINE 20 1060 241909412753600 2830700
LATENCY 2920800
TIMELINE 20 1076 241909455973300 2920800
LATENCY 2977100
TIMELINE 20 1092 241909502044900 2977100
LATENCY 2957300
TIMELINE 20 1108 241909548760300 2957300
LATENCY 2947700
TIMELINE 20 1124 241909594227000 2947700
LATENCY 3271200
TIMELINE 20 1140 241909642130400 3271200
LATENCY 2845100
TIMELINE 20 1156 241909691267100 2845100
LATENCY 3236400
TIMELINE 20 1172 241909740157800 3236400
LATENCY 2781100
TIMELINE 20 1188 241909790258400 2781100
LATENCY 3120800
TIMELINE 20 1204 241909843681200 3120800
LATENCY 3117600
TIMELINE 20 1220 241909893238500 3117600
LATENCY 3204500
TIMELINE 20 1236 241909943885600 3204500
LATENCY 2944700
TIMELINE 20 1252 241909993496800 2944700
LATENCY 3200900
TIMELINE 20 1268 241910042381600 3200900
LATENCY 2933800
TIMELINE 20 1284 241910093325700 2933800
LATENCY 3244500
TIMELINE 20 1300 241910141398800 3244500
LATENCY 2987500
TIMELINE 20 1316 241910190439700 2987500
LATENCY 2714300
TIMELINE 20 1332 241910242841600 2714300
LATENCY 2760000
TIMELINE 20 1348 241910286695600 2760000
LATENCY 2880300
TIMELINE 20 1364 241910334530600 2880300
LATENCY 3002600
TIMELINE 20 1380 241910381966100 3002600
LATENCY 2890800
TIMELINE 20 1396 241910436008500 2890800
LATENCY 2714400
TIMELINE 20 1412 241910483232500 2714400
LATENCY 2572600
TIMELINE 20 1428 241910527789900 2572600
LATENCY 2607300
TIMELINE 20 1444 241910568950800 2607300
LATENCY 2575300
TIMELINE 20 1460 241910616008400 2575300
LATENCY 3826300
TIMELINE 20 1476 241910661939700 3826300
LATENCY 2660100
TIMELINE 20 1492 241910708197800 2660100
LATENCY 2605000
TIMELINE 20 1508 241910755094900 2605000
LATENCY 3031400
TIMELINE 20 1524 241910796998700 3031400
LATENCY 2632200
TIMELINE 20 1540 241910840113100 2632200
LATENCY 2902500
TIMELINE 20 1556 241910882851000 2902500
LATENCY 3059400
TIMELINE 20 1572 241910928826300 3059400
LATENCY 2680700
TIMELINE 20 1588 241910971630600 2680700
LATENCY 2841400
TIMELINE 20 1604 241911027444100 2841400
LATENCY 2945600
TIMELINE 20 1620 241911072938200 2945600
LATENCY 2704000
TIMELINE 20 1636 241911118601900 2704000
LATENCY 2714900
TIMELINE 20 1652 241911162147900 2714900
LATENCY 2670600
TIMELINE 20 1668 241911209510600 2670600
LATENCY 3206900
TIMELINE 20 1684 241911256381700 3206900
LATENCY 2977300
TIMELINE 20 1700 241911310107700 2977300
LATENCY 2950400
TIMELINE 20 1716 241911358535800 2950400
LATENCY 2878300
TIMELINE 20 1732 241911411445400 2878300
LATENCY 3614600
TIMELINE 20 1748 241911462921700 3614600
LATENCY 2786200
TIMELINE 20 1764 241911509091200 2786200
LATENCY 2977400
TIMELINE 20 1780 241911554145700 2977400
LATENCY 3018200
TIMELINE 20 1796 241911602265300 3018200
LATENCY 2851300
TIMELINE 20 1812 241911650661600 2851300
LATENCY 2630500
TIMELINE 20 1828 241911696018400 2630500
LATENCY 2898300
TIMELINE 20 1844 241911741782800 2898300
LATENCY 3055400
TIMELINE 20 1860 241911794761900 3055400
LATENCY 2816400
TIMELINE 20 1876 241911842540100 2816400
LATENCY 2950600
TIMELINE 20 1892 241911890178800 2950600
LATENCY 2912200
TIMELINE 20 1908 241911937844300 2912200
LATENCY 2795500
TIMELINE 20 1924 241911984360800 2795500
LATENCY 2738800
TIMELINE 20 1940 241912029437200 2738800
LATENCY 2615600
TIMELINE 20 1956 241912072852200 2615600
LATENCY 2708500
TIMELINE 20 1972 241912116799200 2708500
LATENCY 2932800
TIMELINE 20 1988 241912161465000 2932800
LATENCY 2783700
TIMELINE 20 2004 241912213172000 2783700
LATENCY 3089600
TIMELINE 20 2020 241912256958500 3089600
LATENCY 2995700
TIMELINE 20 2036 241912305842800 2995700
LATENCY 5987900
TIMELINE 21 5 241906571693600 5987900
LATENCY 4265700
TIMELINE 21 21 241906651559100 4265700
LATENCY 3322500
TIMELINE 21 37 241906720403500 3322500
LATENCY 3122800
TIMELINE 21 53 241906779387800 3122800
LATENCY 3170200
TIMELINE 21 69 241906839000000 3170200
LATENCY 4534400
TIMELINE 21 85 241906894034000 4534400
LATENCY 4395800
TIMELINE 21 101 241906951007900 4395800
LATENCY 4048000
TIMELINE 21 117 241907007971400 4048000
LATENCY 2472000
TIMELINE 21 133 241907081474400 2472000
LATENCY 2956000
TIMELINE 21 149 241907143584500 2956000
LATENCY 2371200
TIMELINE 21 165 241907196767000 2371200
LATENCY 2518300
TIMELINE 21 181 241907248070900 2518300
LATENCY 2391600
TIMELINE 21 197 241907287862900 2391600
LATENCY 2339300
TIMELINE 21 213 241907326159300 2339300
LATENCY 2263300
TIMELINE 21 229 241907363614000 2263300
LATENCY 2280400
TIMELINE 21 245 241907400239200 2280400
LATENCY 2254900
TIMELINE 21 261 241907457489400 2254900
LATENCY 2408400
TIMELINE 21 277 241907496497000 2408400
LATENCY 2200100
TIMELINE 21 293 241907533155900 2200100
LATENCY 2461000
TIMELINE 21 309 241907571442000 2461000
LATENCY 2281000
TIMELINE 21 325 241907608692500 2281000
LATENCY 2274200
TIMELINE 21 341 241907646824300 2274200
LATENCY 2489400
TIMELINE 21 357 241907683523800 2489400
LATENCY 2407300
TIMELINE 21 373 241907720443300 2407300
LATENCY 2275100
TIMELINE 21 389 241907758226300 2275100
LATENCY 2504900
TIMELINE 21 405 241907816488100 2504900
LATENCY 2232600
TIMELINE 21 421 241907853555500 2232600
LATENCY 2225900
TIMELINE 21 437 241907889591100 2225900
LATENCY 2557300
TIMELINE 21 453 241907926936000 2557300
LATENCY 2248000
TIMELINE 21 469 241907965669600 2248000
LATENCY 2259100
TIMELINE 21 485 241908003126500 2259100
LATENCY 2298800
TIMELINE 21 501 241908040976200 2298800
LATENCY 2440600
TIMELINE 21 517 241908078416400 2440600
LATENCY 2368700
TIMELINE 21 533 241908137366100 2368700
LATENCY 2343400
TIMELINE 21 549 241908175209800 2343400
LATENCY 2268200
TIMELINE 21 565 241908212609400 2268200
LATENCY 2322500
TIMELINE 21 581 241908250678800 2322500
LATENCY 2507500
TIMELINE 21 597 241908288646300 2507500
LATENCY 2404400
TIMELINE 21 613 241908325970800 2404400
LATENCY 2211500
TIMELINE 21 629 241908363796700 2211500
LATENCY 2473600
TIMELINE 21 645 241908400750100 2473600
LATENCY 2288200
TIMELINE 21 661 241908456917700 2288200
LATENCY 2604300
TIMELINE 21 677 241908493845700 2604300
LATENCY 2273300
TIMELINE 21 693 241908531387000 2273300
LATENCY 2296000
TIMELINE 21 709 241908568368500 2296000
LATENCY 2324100
TIMELINE 21 725 241908606773600 2324100
LATENCY 2385400
TIMELINE 21 741 241908644535800 2385400
LATENCY 2263900
TIMELINE 21 757 241908681438200 2263900
LATENCY 2220900
TIMELINE 21 773 241908717928600 2220900
LATENCY 2253400
TIMELINE 21 789 241908754118300 2253400
LATENCY 2232100
TIMELINE 21 805 241908814657100 2232100
LATENCY 2237900
TIMELINE 21 821 241908850918500 2237900
LATENCY 2234300
TIMELINE 21 837 241908887233700 2234300
LATENCY 2286200
TIMELINE 21 853 241908923376400 2286200
LATENCY 2195600
TIMELINE 21 869 241908959595700 2195600
LATENCY 2246300
TIMELINE 21 885 241908994635400 2246300
LATENCY 2114800
TIMELINE 21 901 241909029818600 2114800
LATENCY 2092800
TIMELINE 21 917 241909063516400 2092800
LATENCY 2124800
TIMELINE 21 933 241909117297100 2124800
LATENCY 2113000
TIMELINE 21 949 241909151000500 2113000
LATENCY 2076200
TIMELINE 21 965 241909184685500 2076200
LATENCY 2227500
TIMELINE 21 981 241909222719100 2227500
LATENCY 2108400
TIMELINE 21 997 241909257699500 2108400
LATENCY 2245900
TIMELINE 21 1013 241909292615000 2245900
LATENCY 2214300
TIMELINE 21 1029 241909327635800 2214300
LATENCY 2810300
TIMELINE 21 1045 241909366977200 2810300
LATENCY 2800200
TIMELINE 21 1061 241909419157900 2800200
LATENCY 2698700
TIMELINE 21 1077 241909462104100 2698700
LATENCY 2924300
TIMELINE 21 1093 241909508580200 2924300
LATENCY 2905200
TIMELINE 21 1109 241909555353300 2905200
LATENCY 2915100
TIMELINE 21 1125 241909600735600 2915100
LATENCY 2941200
TIMELINE 21 1141 241909649264500 2941200
LATENCY 2967600
TIMELINE 21 1157 241909697689700 2967600
LATENCY 3214000
TIMELINE 21 1173 241909747375600 3214000
LATENCY 2769300
TIMELINE 21 1189 241909796596200 2769300
LATENCY 3098200
TIMELINE 21 1205 241909850880500 3098200
LATENCY 3141400
TIMELINE 21 1221 241909900467800 3141400
LATENCY 3050900
TIMELINE 21 1237 241909951311800 3050900
LATENCY 3027200
TIMELINE 21 1253 241910000146600 3027200
LATENCY 3193200
TIMELINE 21 1269 241910049772400 3193200
LATENCY 2829400
TIMELINE 21 1285 241910100193400 2829400
LATENCY 3032300
TIMELINE 21 1301 241910149047000 3032300
LATENCY 3014500
TIMELINE 21 1317 241910197490900 3014500
LATENCY 2692800
TIMELINE 21 1333 241910249215100 2692800
LATENCY 2648000
TIMELINE 21 1349 241910293405500 2648000
LATENCY 2892300
TIMELINE 21 1365 241910341372400 2892300
LATENCY 3028700
TIMELINE 21 1381 241910389011900 3028700
LATENCY 2859400
TIMELINE 21 1397 241910442799600 2859400
LATENCY 2723300
TIMELINE 21 1413 241910489543500 2723300
LATENCY 2598000
TIMELINE 21 1429 241910533669300 2598000
LATENCY 2598300
TIMELINE 21 1445 241910574915100 2598300
LATENCY 2679800
TIMELINE 21 1461 241910622055200 2679800
LATENCY 2881700
TIMELINE 21 1477 241910669496800 2881700
LATENCY 2835000
TIMELINE 21 1493 241910714312800 2835000
LATENCY 2553400
TIMELINE 21 1509 241910760703000 2553400
LATENCY 2958400
TIMELINE 21 1525 241910803541400 2958400
LATENCY 2599800
TIMELINE 21 1541 241910845810300 2599800
LATENCY 2522800
TIMELINE 21 1557 241910888995900 2522800
LATENCY 2834600
TIMELINE 21 1573 241910935375800 2834600
LATENCY 2578600
TIMELINE 21 1589 241910977453600 2578600
LATENCY 2985000
TIMELINE 21 1605 241911033838200 2985000
LATENCY 2908000
TIMELINE 21 1621 241911079431100 2908000
LATENCY 2705600
TIMELINE 21 1637 241911124496300 2705600
LATENCY 2805600
TIMELINE 21 1653 241911168047200 2805600
LATENCY 2962300
TIMELINE 21 1669 241911215158700 2962300
LATENCY 2902000
TIMELINE 21 1685 241911261165200 2902000
LATENCY 2998600
TIMELINE 21 1701 241911314615200 2998600
LATENCY 2983600
TIMELINE 21 1717 241911362993800 2983600
LATENCY 3700700
TIMELINE 21 1733 241911415775400 3700700
LATENCY 2823900
TIMELINE 21 1749 241911467961500 2823900
LATENCY 2673900
TIMELINE 21 1765 241911513316300 2673900
LATENCY 2904600
TIMELINE 21 1781 241911558694800 2904600
LATENCY 3059300
TIMELINE 21 1797 241911606816600 3059300
LATENCY 2898500
TIMELINE 21 1813 241911655042700 2898500
LATENCY 2694200
TIMELINE 21 1829 241911700075200 2694200
LATENCY 2879300
TIMELINE 21 1845 241911746190600 2879300
LATENCY 3205900
TIMELINE 21 1861 241911801536800 3205900
LATENCY 3060800
TIMELINE 21 1877 241911848987800 3060800
LATENCY 2987700
TIMELINE 21 1893 241911896583600 2987700
LATENCY 2950300
TIMELINE 21 1909 241911944246700 2950300
LATENCY 2662000
TIMELINE 21 1925 241911990348000 2662000
LATENCY 2777800
TIMELINE 21 1941 241912035451700 2777800
LATENCY 2722000
TIMELINE 21 1957 241912078676200 2722000
LATENCY 2662800
TIMELINE 21 1973 241912122713800 2662800
LATENCY 2926300
TIMELINE 21 1989 241912167816600 2926300
LATENCY 2746300
TIMELINE 21 2005 241912219257600 2746300
LATENCY 3044100
TIMELINE 21 2021 241912263668700 3044100
LATENCY 2965800
TIMELINE 21 2037 241912311888500 2965800
LATENCY 5699300
TIMELINE 22 6 241906577530200 5699300
LATENCY 4052900
TIMELINE 22 22 241906655894500 4052900
LATENCY 3122000
TIMELINE 22 38 241906723809300 3122000
LATENCY 3217400
TIMELINE 22 54 241906782580300 3217400
LATENCY 3043500
TIMELINE 22 70 241906842259400 3043500
LATENCY 4467700
TIMELINE 22 86 241906898941400 4467700
LATENCY 4236900
TIMELINE 22 102 241906955705800 4236900
LATENCY 4487400
TIMELINE 22 118 241907014527500 4487400
LATENCY 3841200
TIMELINE 22 134 241907085397100 3841200
LATENCY 2712300
TIMELINE 22 150 241907148321200 2712300
LATENCY 2482100
TIMELINE 22 166 241907200448800 2482100
LATENCY 2467600
TIMELINE 22 182 241907252115000 2467600
LATENCY 2420600
TIMELINE 22 198 241907291884800 2420600
LATENCY 2393400
TIMELINE 22 214 241907330213600 2393400
LATENCY 2440200
TIMELINE 22 230 241907367626300 2440200
LATENCY 2426500
TIMELINE 22 246 241907404329400 2426500
LATENCY 2241000
TIMELINE 22 262 241907461383600 2241000
LATENCY 2435700
TIMELINE 22 278 241907502224000 2435700
LATENCY 2350300
TIMELINE 22 294 241907538467100 2350300
LATENCY 2300100
TIMELINE 22 310 241907577161700 2300100
LATENCY 2359500
TIMELINE 22 326 241907614512400 2359500
LATENCY 2291000
TIMELINE 22 342 241907652377400 2291000
LATENCY 2338600
TIMELINE 22 358 241907689161800 2338600
LATENCY 2339600
TIMELINE 22 374 241907726182400 2339600
LATENCY 2535700
TIMELINE 22 390 241907784948500 2535700
LATENCY 2314300
TIMELINE 22 406 241907822220600 2314300
LATENCY 2244900
TIMELINE 22 422 241907858953200 2244900
LATENCY 2270600
TIMELINE 22 438 241907894962700 2270600
LATENCY 2573700
TIMELINE 22 454 241907932770900 2573700
LATENCY 2337700
TIMELINE 22 470 241907971156600 2337700
LATENCY 2432400
TIMELINE 22 486 241908008668400 2432400
LATENCY 2406900
TIMELINE 22 502 241908046503700 2406900
LATENCY 2464100
TIMELINE 22 518 241908084123400 2464100
LATENCY 2345800
TIMELINE 22 534 241908143219200 2345800
LATENCY 2321800
TIMELINE 22 550 241908181040600 2321800
LATENCY 2302300
TIMELINE 22 566 241908218274300 2302300
LATENCY 2503900
TIMELINE 22 582 241908256346600 2503900
LATENCY 2354800
TIMELINE 22 598 241908294543200 2354800
LATENCY 2397700
TIMELINE 22 614 241908331684500 2397700
LATENCY 2215500
TIMELINE 22 630 241908368853000 2215500
LATENCY 2251800
TIMELINE 22 646 241908405947000 2251800
LATENCY 2394400
TIMELINE 22 662 241908462370800 2394400
LATENCY 2262400
TIMELINE 22 678 241908499566000 2262400
LATENCY 2237400
TIMELINE 22 694 241908536749000 2237400
LATENCY 2595700
TIMELINE 22 710 241908573930400 2595700
LATENCY 2282400
TIMELINE 22 726 241908612329400 2282400
LATENCY 2247000
TIMELINE 22 742 241908650164400 2247000
LATENCY 2254900
TIMELINE 22 758 241908686985500 2254900
LATENCY 2206000
TIMELINE 22 774 241908723505100 2206000
LATENCY 2947200
TIMELINE 22 790 241908780423200 2947200
LATENCY 2267600
TIMELINE 22 806 241908819299400 2267600
LATENCY 2237700
TIMELINE 22 822 241908855294100 2237700
LATENCY 2174900
TIMELINE 22 838 241908891628700 2174900
LATENCY 2207300
TIMELINE 22 854 241908927895400 2207300
LATENCY 2162500
TIMELINE 22 870 241908963860500 2162500
LATENCY 2302600
TIMELINE 22 886 241908999153800 2302600
LATENCY 2135300
TIMELINE 22 902 241909033963800 2135300
LATENCY 2127200
TIMELINE 22 918 241909067628000 2127200
LATENCY 2097600
TIMELINE 22 934 241909121481600 2097600
LATENCY 2116400
TIMELINE 22 950 241909155125400 2116400
LATENCY 2121300
TIMELINE 22 966 241909188813400 2121300
LATENCY 2153300
TIMELINE 22 982 241909227900000 2153300
LATENCY 2122100
TIMELINE 22 998 241909262640400 2122100
LATENCY 2172400
TIMELINE 22 1014 241909297646800 2172400
LATENCY 2172700
TIMELINE 22 1030 241909332655700 2172700
LATENCY 2902000
TIMELINE 22 1046 241909373514800 2902000
LATENCY 2638600
TIMELINE 22 1062 241909425278500 2638600
LATENCY 2638500
TIMELINE 22 1078 241909468166100 2638500
LATENCY 2972000
TIMELINE 22 1094 241909515169800 2972000
LATENCY 2866300
TIMELINE 22 1110 241909561955900 2866300
LATENCY 2933100
TIMELINE 22 1126 241909607058300 2933100
LATENCY 2670700
TIMELINE 22 1142 241909655354800 2670700
LATENCY 3033800
TIMELINE 22 1158 241909704179700 3033800
LATENCY 3135800
TIMELINE 22 1174 241909754641900 3135800
LATENCY 2959200
TIMELINE 22 1190 241909808735800 2959200
LATENCY 3093100
TIMELINE 22 1206 241909857725900 3093100
LATENCY 3177300
TIMELINE 22 1222 241909907284500 3177300
LATENCY 3177400
TIMELINE 22 1238 241909958161500 3177400
LATENCY 2904100
TIMELINE 22 1254 241910007007300 2904100
LATENCY 3240000
TIMELINE 22 1270 241910056837400 3240000
LATENCY 2916900
TIMELINE 22 1286 241910106479400 2916900
LATENCY 3130100
TIMELINE 22 1302 241910155694200 3130100
LATENCY 2927200
TIMELINE 22 1318 241910204004100 2927200
LATENCY 2833200
TIMELINE 22 1334 241910255946700 2833200
LATENCY 2756400
TIMELINE 22 1350 241910299892100 2756400
LATENCY 2871000
TIMELINE 22 1366 241910348364300 2871000
LATENCY 3025500
TIMELINE 22 1382 241910396325400 3025500
LATENCY 2917100
TIMELINE 22 1398 241910449961500 2917100
LATENCY 2967900
TIMELINE 22 1414 241910496607200 2967900
LATENCY 2590600
TIMELINE 22 1430 241910540002600 2590600
LATENCY 2545800
TIMELINE 22 1446 241910581224600 2545800
LATENCY 2776100
TIMELINE 22 1462 241910628841700 2776100
LATENCY 2770100
TIMELINE 22 1478 241910676184700 2770100
LATENCY 2715300
TIMELINE 22 1494 241910720945200 2715300
LATENCY 2622800
TIMELINE 22 1510 241910768736700 2622800
LATENCY 2582100
TIMELINE 22 1526 241910812509800 2582100
LATENCY 2582500
TIMELINE 22 1542 241910853765700 2582500
LATENCY 2879900
TIMELINE 22 1558 241910897548700 2879900
LATENCY 2573400
TIMELINE 22 1574 241910943526600 2573400
LATENCY 3059800
TIMELINE 22 1590 241910994796300 3059800
LATENCY 2757200
TIMELINE 22 1606 241911042933600 2757200
LATENCY 2921400
TIMELINE 22 1622 241911088513400 2921400
LATENCY 2747600
TIMELINE 22 1638 241911133003800 2747600
LATENCY 3002200
TIMELINE 22 1654 241911179387100 3002200
LATENCY 2555200
TIMELINE 22 1670 241911223698100 2555200
LATENCY 4010600
TIMELINE 22 1686 241911276242400 4010600
LATENCY 2740900
TIMELINE 22 1702 241911325652400 2740900
LATENCY 2887000
TIMELINE 22 1718 241911374269900 2887000
LATENCY 2785400
TIMELINE 22 1734 241911432124700 2785400
LATENCY 2969200
TIMELINE 22 1750 241911479154700 2969200
LATENCY 2821500
TIMELINE 22 1766 241911524005200 2821500
LATENCY 2937400
TIMELINE 22 1782 241911570040000 2937400
LATENCY 3037300
TIMELINE 22 1798 241911618528200 3037300
LATENCY 2987600
TIMELINE 22 1814 241911666399700 2987600
LATENCY 2558000
TIMELINE 22 1830 241911713299300 2558000
LATENCY 2903700
TIMELINE 22 1846 241911757447000 2903700
LATENCY 2982400
TIMELINE 22 1862 241911812533600 2982400
LATENCY 2949600
TIMELINE 22 1878 241911859760300 2949600
LATENCY 2936600
TIMELINE 22 1894 241911906850400 2936600
LATENCY 2912400
TIMELINE 22 1910 241911954554700 2912400
LATENCY 2661700
TIMELINE 22 1926 241911999800300 2661700
LATENCY 2749400
TIMELINE 22 1942 241912045179300 2749400
LATENCY 2702400
TIMELINE 22 1958 241912088675400 2702400
LATENCY 2719700
TIMELINE 22 1974 241912132500900 2719700
LATENCY 2857400
TIMELINE 22 1990 241912183798500 2857400
LATENCY 2742500
TIMELINE 22 2006 241912229030600 2742500
LATENCY 3172500
TIMELINE 22 2022 241912274434900 3172500
LATENCY 3007200
TIMELINE 22 2038 241912321163300 3007200
LATENCY 6835300
TIMELINE 23 7 241906583462500 6835300
LATENCY 3978100
TIMELINE 23 23 241906660145500 3978100
LATENCY 3293500
TIMELINE 23 39 241906727312600 3293500
LATENCY 3060600
TIMELINE 23 55 241906786058700 3060600
LATENCY 2840600
TIMELINE 23 71 241906845518000 2840600
LATENCY 4546100
TIMELINE 23 87 241906903602100 4546100
LATENCY 4496600
TIMELINE 23 103 241906960145100 4496600
LATENCY 4375200
TIMELINE 23 119 241907018658300 4375200
LATENCY 4401800
TIMELINE 23 135 241907088788600 4401800
LATENCY 3732500
TIMELINE 23 151 241907150754400 3732500
LATENCY 2895500
TIMELINE 23 167 241907202649600 2895500
LATENCY 2424300
TIMELINE 23 183 241907254348800 2424300
LATENCY 2403500
TIMELINE 23 199 241907293902500 2403500
LATENCY 2327300
TIMELINE 23 215 241907332192700 2327300
LATENCY 2480800
TIMELINE 23 231 241907369308800 2480800
LATENCY 2355300
TIMELINE 23 247 241907406065600 2355300
LATENCY 2846600
TIMELINE 23 263 241907462958400 2846600
LATENCY 2441400
TIMELINE 23 279 241907502004000 2441400
LATENCY 2310800
TIMELINE 23 295 241907538253400 2310800
LATENCY 2297500
TIMELINE 23 311 241907576852700 2297500
LATENCY 2374100
TIMELINE 23 327 241907614159200 2374100
LATENCY 2285500
TIMELINE 23 343 241907652071500 2285500
LATENCY 2324800
TIMELINE 23 359 241907688821400 2324800
LATENCY 2391700
TIMELINE 23 375 241907725822000 2391700
LATENCY 2732300
TIMELINE 23 391 241907784554300 2732300
LATENCY 2287400
TIMELINE 23 407 241907822035100 2287400
LATENCY 2238200
TIMELINE 23 423 241907858807700 2238200
LATENCY 2318700
TIMELINE 23 439 241907894737500 2318700
LATENCY 2514500
TIMELINE 23 455 241907932614600 2514500
LATENCY 2342900
TIMELINE 23 471 241907970981900 2342900
LATENCY 2412500
TIMELINE 23 487 241908008537900 2412500
LATENCY 2377400
TIMELINE 23 503 241908046377900 2377400
LATENCY 2441400
TIMELINE 23 519 241908084027800 2441400
LATENCY 2323800
TIMELINE 23 535 241908143156100 2323800
LATENCY 2326200
TIMELINE 23 551 241908181105100 2326200
LATENCY 2335800
TIMELINE 23 567 241908218304100 2335800
LATENCY 2522200
TIMELINE 23 583 241908256697300 2522200
LATENCY 2352200
TIMELINE 23 599 241908294877200 2352200
LATENCY 2355600
TIMELINE 23 615 241908332050400 2355600
LATENCY 2223000
TIMELINE 23 631 241908368669500 2223000
LATENCY 2249200
TIMELINE 23 647 241908405769900 2249200
LATENCY 2387300
TIMELINE 23 663 241908462125200 2387300
LATENCY 2244900
TIMELINE 23 679 241908499506500 2244900
LATENCY 2240400
TIMELINE 23 695 241908536669700 2240400
LATENCY 2635600
TIMELINE 23 711 241908573959300 2635600
LATENCY 2288500
TIMELINE 23 727 241908612391900 2288500
LATENCY 2236100
TIMELINE 23 743 241908650133900 2236100
LATENCY 2246900
TIMELINE 23 759 241908686957000 2246900
LATENCY 2222200
TIMELINE 23 775 241908723426600 2222200
LATENCY 2906200
TIMELINE 23 791 241908780366300 2906200
LATENCY 2263800
TIMELINE 23 807 241908818961800 2263800
LATENCY 2238800
TIMELINE 23 823 241908854968200 2238800
LATENCY 2176500
TIMELINE 23 839 241908891219900 2176500
LATENCY 2204500
TIMELINE 23 855 241908927455600 2204500
LATENCY 2161500
TIMELINE 23 871 241908963399000 2161500
LATENCY 2310900
TIMELINE 23 887 241908998662100 2310900
LATENCY 2136600
TIMELINE 23 903 241909033508900 2136600
LATENCY 2100500
TIMELINE 23 919 241909067180900 2100500
LATENCY 2097000
TIMELINE 23 935 241909121061400 2097000
LATENCY 2105200
TIMELINE 23 951 241909154702500 2105200
LATENCY 2157000
TIMELINE 23 967 241909188353900 2157000
LATENCY 2155300
TIMELINE 23 983 241909228016500 2155300
LATENCY 2127600
TIMELINE 23 999 241909262749600 2127600
LATENCY 2161200
TIMELINE 23 1015 241909297888000 2161200
LATENCY 2162500
TIMELINE 23 1031 241909333045300 2162500
LATENCY 2855300
TIMELINE 23 1047 241909374095400 2855300
LATENCY 2607500
TIMELINE 23 1063 241909425927700 2607500
LATENCY 2693400
TIMELINE 23 1079 241909468739500 2693400
LATENCY 2983700
TIMELINE 23 1095 241909515825200 2983700
LATENCY 2839000
TIMELINE 23 1111 241909562606200 2839000
LATENCY 2896100
TIMELINE 23 1127 241909607806600 2896100
LATENCY 2663000
TIMELINE 23 1143 241909656006500 2663000
LATENCY 3002200
TIMELINE 23 1159 241909704908500 3002200
LATENCY 3184400
TIMELINE 23 1175 241909755273900 3184400
LATENCY 3046900
TIMELINE 23 1191 241909809382700 3046900
LATENCY 3106500
TIMELINE 23 1207 241909858454900 3106500
LATENCY 3181200
TIMELINE 23 1223 241909908032200 3181200
LATENCY 3129000
TIMELINE 23 1239 241909958885700 3129000
LATENCY 2930600
TIMELINE 23 1255 241910007655500 2930600
LATENCY 3264900
TIMELINE 23 1271 241910057581000 3264900
LATENCY 2970800
TIMELINE 23 1287 241910107151300 2970800
LATENCY 3116600
TIMELINE 23 1303 241910156445400 3116600
LATENCY 2927400
TIMELINE 23 1319 241910204697700 2927400
LATENCY 2765600
TIMELINE 23 1335 241910255430300 2765600
LATENCY 2731400
TIMELINE 23 1351 241910299383200 2731400
LATENCY 2869600
TIMELINE 23 1367 241910347852000 2869600
LATENCY 3012900
TIMELINE 23 1383 241910395791300 3012900
LATENCY 2917000
TIMELINE 23 1399 241910449441100 2917000
LATENCY 3021100
TIMELINE 23 1415 241910496036700 3021100
LATENCY 2554600
TIMELINE 23 1431 241910539359300 2554600
LATENCY 2520700
TIMELINE 23 1447 241910580574000 2520700
LATENCY 2752000
TIMELINE 23 1463 241910628204000 2752000
LATENCY 2728300
TIMELINE 23 1479 241910675593700 2728300
LATENCY 2691300
TIMELINE 23 1495 241910720353900 2691300
LATENCY 2631500
TIMELINE 23 1511 241910765720300 2631500
LATENCY 2758300
TIMELINE 23 1527 241910809383900 2758300
LATENCY 2544300
TIMELINE 23 1543 241910850866900 2544300
LATENCY 2863600
TIMELINE 23 1559 241910894283700 2863600
LATENCY 2517200
TIMELINE 23 1575 241910940663800 2517200
LATENCY 11843400
TIMELINE 23 1591 241910982513300 11843400
LATENCY 2891200
TIMELINE 23 1607 241911039593400 2891200
LATENCY 2868100
TIMELINE 23 1623 241911085190800 2868100
LATENCY 2784900
TIMELINE 23 1639 241911129818400 2784900
LATENCY 5744600
TIMELINE 23 1655 241911173174400 5744600
LATENCY 2608300
TIMELINE 23 1671 241911220658400 2608300
LATENCY 6040200
TIMELINE 23 1687 241911268249200 6040200
LATENCY 2709900
TIMELINE 23 1703 241911321671800 2709900
LATENCY 2937300
TIMELINE 23 1719 241911369949000 2937300
LATENCY 2854500
TIMELINE 23 1735 241911427940100 2854500
LATENCY 2977300
TIMELINE 23 1751 241911474771800 2977300
LATENCY 2852200
TIMELINE 23 1767 241911519771000 2852200
LATENCY 3056300
TIMELINE 23 1783 241911565564700 3056300
LATENCY 3085000
TIMELINE 23 1799 241911613897100 3085000
LATENCY 3175200
TIMELINE 23 1815 241911661760400 3175200
LATENCY 5529000
TIMELINE 23 1831 241911706469100 5529000
LATENCY 3041400
TIMELINE 23 1847 241911752965800 3041400
LATENCY 3053900
TIMELINE 23 1863 241911805713700 3053900
LATENCY 3072800
TIMELINE 23 1879 241911852948500 3072800
LATENCY 2892200
TIMELINE 23 1895 241911900388300 2892200
LATENCY 2919100
TIMELINE 23 1911 241911947976100 2919100
LATENCY 2687300
TIMELINE 23 1927 241911993757000 2687300
LATENCY 2691200
TIMELINE 23 1943 241912039040800 2691200
LATENCY 2823200
TIMELINE 23 1959 241912082171100 2823200
LATENCY 2914000
TIMELINE 23 1975 241912126073500 2914000
LATENCY 2906400
TIMELINE 23 1991 241912171547700 2906400
LATENCY 2812500
TIMELINE 23 2007 241912222778300 2812500
LATENCY 3023700
TIMELINE 23 2023 241912267586400 3023700
LATENCY 3011200
TIMELINE 23 2039 241912315634200 3011200
LATENCY 5559000
TIMELINE 24 8 241906590578400 5559000
LATENCY 4388500
TIMELINE 24 24 241906664213600 4388500
LATENCY 3601300
TIMELINE 24 40 241906730342700 3601300
LATENCY 3212900
TIMELINE 24 56 241906788930900 3212900
LATENCY 2966900
TIMELINE 24 72 241906848251000 2966900
LATENCY 3811500
TIMELINE 24 88 241906907724400 3811500
LATENCY 5030700
TIMELINE 24 104 241906963913500 5030700
LATENCY 2979600
TIMELINE 24 120 241907022863600 2979600
LATENCY 4363600
TIMELINE 24 136 241907092951800 4363600
LATENCY 4252400
TIMELINE 24 152 241907154235400 4252400
LATENCY 4067600
TIMELINE 24 168 241907205356900 4067600
LATENCY 2451500
TIMELINE 24 184 241907256670100 2451500
LATENCY 2446100
TIMELINE 24 200 241907296229500 2446100
LATENCY 2377400
TIMELINE 24 216 241907334460800 2377400
LATENCY 2319100
TIMELINE 24 232 241907371663400 2319100
LATENCY 2296400
TIMELINE 24 248 241907408327600 2296400
LATENCY 3260600
TIMELINE 24 264 241907465953100 3260600
LATENCY 2314500
TIMELINE 24 280 241907507580300 2314500
LATENCY 2483800
TIMELINE 24 296 241907543944200 2483800
LATENCY 2314900
TIMELINE 24 312 241907582380200 2314900
LATENCY 2334100
TIMELINE 24 328 241907619903100 2334100
LATENCY 2404100
TIMELINE 24 344 241907657647000 2404100
LATENCY 2266800
TIMELINE 24 360 241907694491900 2266800
LATENCY 2523700
TIMELINE 24 376 241907731564300 2523700
LATENCY 2314200
TIMELINE 24 392 241907790666900 2314200
LATENCY 2279200
TIMELINE 24 408 241907827449700 2279200
LATENCY 2247700
TIMELINE 24 424 241907864177700 2247700
LATENCY 2225100
TIMELINE 24 440 241907900131100 2225100
LATENCY 2430700
TIMELINE 24 456 241907938072100 2430700
LATENCY 2254700
TIMELINE 24 472 241907975872200 2254700
LATENCY 2275100
TIMELINE 24 488 241908013550900 2275100
LATENCY 2361500
TIMELINE 24 504 241908051295900 2361500
LATENCY 2311500
TIMELINE 24 520 241908089084600 2311500
LATENCY 2346300
TIMELINE 24 536 241908148037800 2346300
LATENCY 2406700
TIMELINE 24 552 241908185822200 2406700
LATENCY 2491300
TIMELINE 24 568 241908223030400 2491300
LATENCY 2348600
TIMELINE 24 584 241908261404900 2348600
LATENCY 2336100
TIMELINE 24 600 241908299479800 2336100
LATENCY 2384500
TIMELINE 24 616 241908336675600 2384500
LATENCY 2176500
TIMELINE 24 632 241908373562200 2176500
LATENCY 2222600
TIMELINE 24 648 241908410807600 2222600
LATENCY 2284000
TIMELINE 24 664 241908467233300 2284000
LATENCY 2374700
TIMELINE 24 680 241908504456300 2374700
LATENCY 2513200
TIMELINE 24 696 241908541689100 2513200
LATENCY 2327900
TIMELINE 24 712 241908579427400 2327900
LATENCY 2345800
TIMELINE 24 728 241908617369700 2345800
LATENCY 2383500
TIMELINE 24 744 241908655110700 2383500
LATENCY 2269400
TIMELINE 24 760 241908691827200 2269400
LATENCY 2213900
TIMELINE 24 776 241908728242000 2213900
LATENCY 2233800
TIMELINE 24 792 241908785986000 2233800
LATENCY 2248700
TIMELINE 24 808 241908823130300 2248700
LATENCY 2306000
TIMELINE 24 824 241908859465200 2306000
LATENCY 2139300
TIMELINE 24 840 241908895278200 2139300
LATENCY 2361700
TIMELINE 24 856 241908931600100 2361700
LATENCY 2260900
TIMELINE 24 872 241908967469100 2260900
LATENCY 2237300
TIMELINE 24 888 241909002991600 2237300
LATENCY 2071300
TIMELINE 24 904 241909037553800 2071300
LATENCY 2073400
TIMELINE 24 920 241909071170500 2073400
LATENCY 2064500
TIMELINE 24 936 241909125014500 2064500
LATENCY 2046700
TIMELINE 24 952 241909158800100 2046700
LATENCY 2094500
TIMELINE 24 968 241909192478700 2094500
LATENCY 2124000
TIMELINE 24 984 241909232205600 2124000
LATENCY 2177900
TIMELINE 24 1000 241909266907700 2177900
LATENCY 2135200
TIMELINE 24 1016 241909301938300 2135200
LATENCY 2139400
TIMELINE 24 1032 241909337067200 2139400
LATENCY 2671000
TIMELINE 24 1048 241909379371900 2671000
LATENCY 2519200
TIMELINE 24 1064 241909430866100 2519200
LATENCY 2635800
TIMELINE 24 1080 241909473908700 2635800
LATENCY 2908400
TIMELINE 24 1096 241909521327100 2908400
LATENCY 2720400
TIMELINE 24 1112 241909568044300 2720400
LATENCY 2640500
TIMELINE 24 1128 241909613059100 2640500
LATENCY 3240700
TIMELINE 24 1144 241909662052700 3240700
LATENCY 2976600
TIMELINE 24 1160 241909711694800 2976600
LATENCY 3085000
TIMELINE 24 1176 241909762533800 3085000
LATENCY 3103600
TIMELINE 24 1192 241909816215100 3103600
LATENCY 3088500
TIMELINE 24 1208 241909865732400 3088500
LATENCY 3156400
TIMELINE 24 1224 241909915388600 3156400
LATENCY 3219700
TIMELINE 24 1240 241909966101800 3219700
LATENCY 2997200
TIMELINE 24 1256 241910014398700 2997200
LATENCY 3284700
TIMELINE 24 1272 241910064988500 3284700
LATENCY 2924000
TIMELINE 24 1288 241910114150500 2924000
LATENCY 3001300
TIMELINE 24 1304 241910163777400 3001300
LATENCY 2932300
TIMELINE 24 1320 241910211716900 2932300
LATENCY 2817200
TIMELINE 24 1336 241910262751500 2817200
LATENCY 2880700
TIMELINE 24 1352 241910306599800 2880700
LATENCY 2985500
TIMELINE 24 1368 241910355447100 2985500
LATENCY 3023000
TIMELINE 24 1384 241910403576400 3023000
LATENCY 2880900
TIMELINE 24 1400 241910456973600 2880900
LATENCY 2891800
TIMELINE 24 1416 241910503680100 2891800
LATENCY 2544600
TIMELINE 24 1432 241910546243300 2544600
LATENCY 2557500
TIMELINE 24 1448 241910587340000 2557500
LATENCY 3143400
TIMELINE 24 1464 241910635444300 3143400
LATENCY 3092900
TIMELINE 24 1480 241910682843100 3092900
LATENCY 2673300
TIMELINE 24 1496 241910727543200 2673300
LATENCY 2585100
TIMELINE 24 1512 241910773363900 2585100
LATENCY 2653700
TIMELINE 24 1528 241910817114400 2653700
LATENCY 2590900
TIMELINE 24 1544 241910858394100 2590900
LATENCY 2852800
TIMELINE 24 1560 241910902649800 2852800
LATENCY 2729800
TIMELINE 24 1576 241910947969800 2729800
LATENCY 3463300
TIMELINE 24 1592 241911000340400 3463300
LATENCY 2657100
TIMELINE 24 1608 241911047817000 2657100
LATENCY 2793000
TIMELINE 24 1624 241911093798000 2793000
LATENCY 2774000
TIMELINE 24 1640 241911137809900 2774000
LATENCY 3022100
TIMELINE 24 1656 241911184667400 3022100
LATENCY 2584000
TIMELINE 24 1672 241911228283400 2584000
LATENCY 2766700
TIMELINE 24 1688 241911281393700 2766700
LATENCY 3324700
TIMELINE 24 1704 241911329658100 3324700
LATENCY 3001800
TIMELINE 24 1720 241911378454500 3001800
LATENCY 2932000
TIMELINE 24 1736 241911436145300 2932000
LATENCY 2932600
TIMELINE 24 1752 241911483294200 2932600
LATENCY 2632000
TIMELINE 24 1768 241911527842700 2632000
LATENCY 2889800
TIMELINE 24 1784 241911574095400 2889800
LATENCY 2984400
TIMELINE 24 1800 241911622656000 2984400
LATENCY 2889100
TIMELINE 24 1816 241911670400100 2889100
LATENCY 2533500
TIMELINE 24 1832 241911716744300 2533500
LATENCY 2890000
TIMELINE 24 1848 241911761327300 2890000
LATENCY 3067600
TIMELINE 24 1864 241911815282900 3067600
LATENCY 2900000
TIMELINE 24 1880 241911862452100 2900000
LATENCY 3060000
TIMELINE 24 1896 241911909529200 3060000
LATENCY 2944200
TIMELINE 24 1912 241911957196100 2944200
LATENCY 2692700
TIMELINE 24 1928 241912002259700 2692700
LATENCY 2743400
TIMELINE 24 1944 241912047718200 2743400
LATENCY 2685800
TIMELINE 24 1960 241912091207700 2685800
LATENCY 2668500
TIMELINE 24 1976 241912135142000 2668500
LATENCY 2921100
TIMELINE 24 1992 241912186577400 2921100
LATENCY 2603400
TIMELINE 24 2008 241912231689100 2603400
LATENCY 2766000
TIMELINE 24 2024 241912277488800 2766000
LATENCY 2686400
TIMELINE 24 2040 241912324782800 2686400
LATENCY 4877600
TIMELINE 25 9 241906596004700 4877600
LATENCY 4280400
TIMELINE 25 25 241906667698600 4280400
LATENCY 4598100
TIMELINE 25 41 241906733212500 4598100
LATENCY 3300500
TIMELINE 25 57 241906791480000 3300500
LATENCY 3187900
TIMELINE 25 73 241906850605000 3187900
LATENCY 3087200
TIMELINE 25 89 241906911076800 3087200
LATENCY 4082700
TIMELINE 25 105 241906968418900 4082700
LATENCY 3079800
TIMELINE 25 121 241907025577300 3079800
LATENCY 4429800
TIMELINE 25 137 241907096861300 4429800
LATENCY 4192900
TIMELINE 25 153 241907158076000 4192900
LATENCY 4043300
TIMELINE 25 169 241907208994300 4043300
LATENCY 2439200
TIMELINE 25 185 241907258797600 2439200
LATENCY 2469800
TIMELINE 25 201 241907298321000 2469800
LATENCY 2319100
TIMELINE 25 217 241907336363100 2319100
LATENCY 2298500
TIMELINE 25 233 241907373592600 2298500
LATENCY 2438700
TIMELINE 25 249 241907410202200 2438700
LATENCY 2721700
TIMELINE 25 265 241907468627100 2721700
LATENCY 2306800
TIMELINE 25 281 241907506744400 2306800
LATENCY 2405500
TIMELINE 25 297 241907543084200 2405500
LATENCY 2308100
TIMELINE 25 313 241907581619000 2308100
LATENCY 2362300
TIMELINE 25 329 241907619107500 2362300
LATENCY 2375100
TIMELINE 25 345 241907656854300 2375100
LATENCY 2272000
TIMELINE 25 361 241907693688800 2272000
LATENCY 2534400
TIMELINE 25 377 241907730672700 2534400
LATENCY 2376200
TIMELINE 25 393 241907789794900 2376200
LATENCY 2233800
TIMELINE 25 409 241907826713200 2233800
LATENCY 2216500
TIMELINE 25 425 241907863438100 2216500
LATENCY 2211600
TIMELINE 25 441 241907899550600 2211600
LATENCY 2360400
TIMELINE 25 457 241907939509500 2360400
LATENCY 2205700
TIMELINE 25 473 241907977197900 2205700
LATENCY 2309300
TIMELINE 25 489 241908014891000 2309300
LATENCY 2352600
TIMELINE 25 505 241908052671400 2352600
LATENCY 2330200
TIMELINE 25 521 241908090427500 2330200
LATENCY 2314600
TIMELINE 25 537 241908149426700 2314600
LATENCY 2513600
TIMELINE 25 553 241908187214100 2513600
LATENCY 2811400
TIMELINE 25 569 241908224403300 2811400
LATENCY 2319300
TIMELINE 25 585 241908262713200 2319300
LATENCY 2331100
TIMELINE 25 601 241908300820100 2331100
LATENCY 2318300
TIMELINE 25 617 241908338066100 2318300
LATENCY 2210000
TIMELINE 25 633 241908374457600 2210000
LATENCY 2230800
TIMELINE 25 649 241908411681100 2230800
LATENCY 2385600
TIMELINE 25 665 241908468092400 2385600
LATENCY 2323500
TIMELINE 25 681 241908505410300 2323500
LATENCY 2394200
TIMELINE 25 697 241908542676600 2394200
LATENCY 2316600
TIMELINE 25 713 241908580299100 2316600
LATENCY 2382500
TIMELINE 25 729 241908618182600 2382500
LATENCY 2418100
TIMELINE 25 745 241908655922400 2418100
LATENCY 2288300
TIMELINE 25 761 241908692590800 2288300
LATENCY 2214900
TIMELINE 25 777 241908728993800 2214900
LATENCY 2219500
TIMELINE 25 793 241908786730200 2219500
LATENCY 2281300
TIMELINE 25 809 241908825656900 2281300
LATENCY 2271900
TIMELINE 25 825 241908861961400 2271900
LATENCY 2132500
TIMELINE 25 841 241908897638600 2132500
LATENCY 2236100
TIMELINE 25 857 241908934192900 2236100
LATENCY 2341700
TIMELINE 25 873 241908969962300 2341700
LATENCY 2233600
TIMELINE 25 889 241909005415500 2233600
LATENCY 2095100
TIMELINE 25 905 241909039796500 2095100
LATENCY 2059500
TIMELINE 25 921 241909073427400 2059500
LATENCY 2074400
TIMELINE 25 937 241909127308400 2074400
LATENCY 2055700
TIMELINE 25 953 241909160938200 2055700
LATENCY 2080700
TIMELINE 25 969 241909194659500 2080700
LATENCY 2160100
TIMELINE 25 985 241909233301300 2160100
LATENCY 2130100
TIMELINE 25 1001 241909268030700 2130100
LATENCY 2164500
TIMELINE 25 1017 241909303037100 2164500
LATENCY 2147400
TIMELINE 25 1033 241909338026600 2147400
LATENCY 2694900
TIMELINE 25 1049 241909380542600 2694900
LATENCY 2520700
TIMELINE 25 1065 241909431970200 2520700
LATENCY 2569200
TIMELINE 25 1081 241909475119500 2569200
LATENCY 2895500
TIMELINE 25 1097 241909522545100 2895500
LATENCY 2779500
TIMELINE 25 1113 241909569162400 2779500
LATENCY 2791700
TIMELINE 25 1129 241909614128000 2791700
LATENCY 3185300
TIMELINE 25 1145 241909663448400 3185300
LATENCY 2962200
TIMELINE 25 1161 241909711954600 2962200
LATENCY 3102400
TIMELINE 25 1177 241909762696100 3102400
LATENCY 2896400
TIMELINE 25 1193 241909816376500 2896400
LATENCY 3091800
TIMELINE 25 1209 241909865905100 3091800
LATENCY 3153800
TIMELINE 25 1225 241909915576000 3153800
LATENCY 3204700
TIMELINE 25 1241 241909966298600 3204700
LATENCY 3014800
TIMELINE 25 1257 241910014552500 3014800
LATENCY 3303700
TIMELINE 25 1273 241910065150000 3303700
LATENCY 2927800
TIMELINE 25 1289 241910114193000 2927800
LATENCY 3003200
TIMELINE 25 1305 241910163822300 3003200
LATENCY 2934000
TIMELINE 25 1321 241910211766500 2934000
LATENCY 2831800
TIMELINE 25 1337 241910262789200 2831800
LATENCY 2873200
TIMELINE 25 1353 241910306645400 2873200
LATENCY 2980100
TIMELINE 25 1369 241910355402600 2980100
LATENCY 3015600
TIMELINE 25 1385 241910403535900 3015600
LATENCY 2879500
TIMELINE 25 1401 241910456930000 2879500
LATENCY 2887600
TIMELINE 25 1417 241910503640300 2887600
LATENCY 2549500
TIMELINE 25 1433 241910546203200 2549500
LATENCY 2555800
TIMELINE 25 1449 241910587383100 2555800
LATENCY 3156800
TIMELINE 25 1465 241910635477100 3156800
LATENCY 3100800
TIMELINE 25 1481 241910682878800 3100800
LATENCY 2678100
TIMELINE 25 1497 241910727576400 2678100
LATENCY 2588600
TIMELINE 25 1513 241910773866800 2588600
LATENCY 2650900
TIMELINE 25 1529 241910817621300 2650900
LATENCY 2596300
TIMELINE 25 1545 241910858889100 2596300
LATENCY 2849300
TIMELINE 25 1561 241910903197200 2849300
LATENCY 2681800
TIMELINE 25 1577 241910948525300 2681800
LATENCY 3423200
TIMELINE 25 1593 241911000998300 3423200
LATENCY 2666900
TIMELINE 25 1609 241911048340800 2666900
LATENCY 2743200
TIMELINE 25 1625 241911094437500 2743200
LATENCY 2770800
TIMELINE 25 1641 241911138401400 2770800
LATENCY 3023100
TIMELINE 25 1657 241911185301700 3023100
LATENCY 2582000
TIMELINE 25 1673 241911228763500 2582000
LATENCY 2747500
TIMELINE 25 1689 241911281291200 2747500
LATENCY 3484000
TIMELINE 25 1705 241911329428700 3484000
LATENCY 2986400
TIMELINE 25 1721 241911378419700 2986400
LATENCY 2925500
TIMELINE 25 1737 241911436105400 2925500
LATENCY 2916500
TIMELINE 25 1753 241911483260700 2916500
LATENCY 2626800
TIMELINE 25 1769 241911527883300 2626800
LATENCY 2894800
TIMELINE 25 1785 241911574134200 2894800
LATENCY 2985600
TIMELINE 25 1801 241911622698100 2985600
LATENCY 2891500
TIMELINE 25 1817 241911670478600 2891500
LATENCY 2537500
TIMELINE 25 1833 241911716845200 2537500
LATENCY 2900100
TIMELINE 25 1849 241911761445000 2900100
LATENCY 2936700
TIMELINE 25 1865 241911816620900 2936700
LATENCY 2953200
TIMELINE 25 1881 241911863707100 2953200
LATENCY 3117400
TIMELINE 25 1897 241911910805500 3117400
LATENCY 2906500
TIMELINE 25 1913 241911958493400 2906500
LATENCY 2646100
TIMELINE 25 1929 241912003433700 2646100
LATENCY 2738700
TIMELINE 25 1945 241912048901100 2738700
LATENCY 2724300
TIMELINE 25 1961 241912092355600 2724300
LATENCY 2678700
TIMELINE 25 1977 241912136076200 2678700
LATENCY 2902500
TIMELINE 25 1993 241912187638300 2902500
LATENCY 2586000
TIMELINE 25 2009 241912232708000 2586000
LATENCY 2503300
TIMELINE 25 2025 241912278679700 2503300
LATENCY 2737400
TIMELINE 25 2041 241912325696600 2737400
LATENCY 5679900
TIMELINE 26 10 241906601244600 5679900
LATENCY 3982300
TIMELINE 26 26 241906673297000 3982300
LATENCY 3436000
TIMELINE 26 42 241906738889000 3436000
LATENCY 4278600
TIMELINE 26 58 241906795747100 4278600
LATENCY 3073400
TIMELINE 26 74 241906854578600 3073400
LATENCY 3187700
TIMELINE 26 90 241906915000800 3187700
LATENCY 3788000
TIMELINE 26 106 241906973247200 3788000
LATENCY 3114000
TIMELINE 26 122 241907027272000 3114000
LATENCY 4435200
TIMELINE 26 138 241907099603100 4435200
LATENCY 4230800
TIMELINE 26 154 241907160660300 4230800
LATENCY 4166100
TIMELINE 26 170 241907211469700 4166100
LATENCY 2424200
TIMELINE 26 186 241907260279400 2424200
LATENCY 2399200
TIMELINE 26 202 241907299933400 2399200
LATENCY 2311100
TIMELINE 26 218 241907337980600 2311100
LATENCY 2269700
TIMELINE 26 234 241907375156600 2269700
LATENCY 2373800
TIMELINE 26 250 241907411776300 2373800
LATENCY 2684200
TIMELINE 26 266 241907470268300 2684200
LATENCY 2269700
TIMELINE 26 282 241907508959300 2269700
LATENCY 2481800
TIMELINE 26 298 241907545366300 2481800
LATENCY 2351300
TIMELINE 26 314 241907583801800 2351300
LATENCY 2306700
TIMELINE 26 330 241907621345400 2306700
LATENCY 2268700
TIMELINE 26 346 241907659111900 2268700
LATENCY 2267500
TIMELINE 26 362 241907695839000 2267500
LATENCY 2280600
TIMELINE 26 378 241907733087700 2280600
LATENCY 2289700
TIMELINE 26 394 241907791960800 2289700
LATENCY 2301300
TIMELINE 26 410 241907828732700 2301300
LATENCY 2219700
TIMELINE 26 426 241907865448000 2219700
LATENCY 2225800
TIMELINE 26 442 241907901372600 2225800
LATENCY 2398500
TIMELINE 26 458 241907938883800 2398500
LATENCY 2233800
TIMELINE 26 474 241907976627200 2233800
LATENCY 2295100
TIMELINE 26 490 241908014343000 2295100
LATENCY 2349600
TIMELINE 26 506 241908052121200 2349600
LATENCY 2309800
TIMELINE 26 522 241908090001300 2309800
LATENCY 2308300
TIMELINE 26 538 241908149002900 2308300
LATENCY 2492000
TIMELINE 26 554 241908186694700 2492000
LATENCY 2738900
TIMELINE 26 570 241908223838400 2738900
LATENCY 2320000
TIMELINE 26 586 241908262225000 2320000
LATENCY 2331300
TIMELINE 26 602 241908300356300 2331300
LATENCY 2338400
TIMELINE 26 618 241908337522600 2338400
LATENCY 2209200
TIMELINE 26 634 241908374550700 2209200
LATENCY 2230700
TIMELINE 26 650 241908411831800 2230700
LATENCY 2397400
TIMELINE 26 666 241908468267200 2397400
LATENCY 2323200
TIMELINE 26 682 241908505648300 2323200
LATENCY 2369300
TIMELINE 26 698 241908542926300 2369300
LATENCY 2307500
TIMELINE 26 714 241908580560800 2307500
LATENCY 3390300
TIMELINE 26 730 241908618424700 3390300
LATENCY 2428500
TIMELINE 26 746 241908656288800 2428500
LATENCY 2264300
TIMELINE 26 762 241908692935900 2264300
LATENCY 2212200
TIMELINE 26 778 241908729303100 2212200
LATENCY 2189100
TIMELINE 26 794 241908787082600 2189100
LATENCY 2356800
TIMELINE 26 810 241908824200500 2356800
LATENCY 2258300
TIMELINE 26 826 241908860543600 2258300
LATENCY 2137200
TIMELINE 26 842 241908896301700 2137200
LATENCY 2308500
TIMELINE 26 858 241908932685700 2308500
LATENCY 2363400
TIMELINE 26 874 241908968372800 2363400
LATENCY 2233900
TIMELINE 26 890 241909003912600 2233900
LATENCY 2088300
TIMELINE 26 906 241909038387900 2088300
LATENCY 2105300
TIMELINE 26 922 241909071997900 2105300
LATENCY 2104400
TIMELINE 26 938 241909125898400 2104400
LATENCY 2064700
TIMELINE 26 954 241909159632800 2064700
LATENCY 2087600
TIMELINE 26 970 241909193336900 2087600
LATENCY 2154200
TIMELINE 26 986 241909232566900 2154200
LATENCY 2164000
TIMELINE 26 1002 241909267266900 2164000
LATENCY 2159000
TIMELINE 26 1018 241909302186500 2159000
LATENCY 2151000
TIMELINE 26 1034 241909337666900 2151000
LATENCY 2682400
TIMELINE 26 1050 241909380144000 2682400
LATENCY 2503300
TIMELINE 26 1066 241909431527200 2503300
LATENCY 2589000
TIMELINE 26 1082 241909474651700 2589000
LATENCY 2901300
TIMELINE 26 1098 241909522125100 2901300
LATENCY 2744600
TIMELINE 26 1114 241909568769300 2744600
LATENCY 2766600
TIMELINE 26 1130 241909613725300 2766600
LATENCY 3185000
TIMELINE 26 1146 241909662851500 3185000
LATENCY 2973800
TIMELINE 26 1162 241909710123700 2973800
LATENCY 3068000
TIMELINE 26 1178 241909760842100 3068000
LATENCY 2803300
TIMELINE 26 1194 241909814673800 2803300
LATENCY 2990800
TIMELINE 26 1210 241909863932600 2990800
LATENCY 3207500
TIMELINE 26 1226 241909913455200 3207500
LATENCY 3161400
TIMELINE 26 1242 241909964229500 3161400
LATENCY 2919700
TIMELINE 26 1258 241910012731200 2919700
LATENCY 3022500
TIMELINE 26 1274 241910063212300 3022500
LATENCY 2880300
TIMELINE 26 1290 241910112264400 2880300
LATENCY 3050100
TIMELINE 26 1306 241910161738800 3050100
LATENCY 2968800
TIMELINE 26 1322 241910209788300 2968800
LATENCY 2973800
TIMELINE 26 1338 241910260765900 2973800
LATENCY 3006900
TIMELINE 26 1354 241910304571600 3006900
LATENCY 3048800
TIMELINE 26 1370 241910353345600 3048800
LATENCY 2995400
TIMELINE 26 1386 241910401534600 2995400
LATENCY 2859500
TIMELINE 26 1402 241910455020000 2859500
LATENCY 2866100
TIMELINE 26 1418 241910501735800 2866100
LATENCY 2565800
TIMELINE 26 1434 241910544511400 2565800
LATENCY 2555400
TIMELINE 26 1450 241910585669800 2555400
LATENCY 2897600
TIMELINE 26 1466 241910633666700 2897600
LATENCY 2805900
TIMELINE 26 1482 241910681032600 2805900
LATENCY 2718600
TIMELINE 26 1498 241910725724700 2718600
LATENCY 2546500
TIMELINE 26 1514 241910770932000 2546500
LATENCY 2547600
TIMELINE 26 1530 241910814666300 2547600
LATENCY 2586500
TIMELINE 26 1546 241910855915800 2586500
LATENCY 2830800
TIMELINE 26 1562 241910899938200 2830800
LATENCY 2454900
TIMELINE 26 1578 241910945573200 2454900
LATENCY 3128300
TIMELINE 26 1594 241910997300000 3128300
LATENCY 2717600
TIMELINE 26 1610 241911045199100 2717600
LATENCY 3022800
TIMELINE 26 1626 241911090909200 3022800
LATENCY 2698800
TIMELINE 26 1642 241911135263800 2698800
LATENCY 2992100
TIMELINE 26 1658 241911181847300 2992100
LATENCY 2621700
TIMELINE 26 1674 241911225752300 2621700
LATENCY 2648100
TIMELINE 26 1690 241911280390200 2648100
LATENCY 3201400
TIMELINE 26 1706 241911328500100 3201400
LATENCY 3025000
TIMELINE 26 1722 241911377243200 3025000
LATENCY 2957000
TIMELINE 26 1738 241911435073200 2957000
LATENCY 2911000
TIMELINE 26 1754 241911482250000 2911000
LATENCY 2616500
TIMELINE 26 1770 241911526952600 2616500
LATENCY 2923800
TIMELINE 26 1786 241911573104900 2923800
LATENCY 3000600
TIMELINE 26 1802 241911621650900 3000600
LATENCY 2895000
TIMELINE 26 1818 241911669472800 2895000
LATENCY 2535900
TIMELINE 26 1834 241911715927100 2535900
LATENCY 2903100
TIMELINE 26 1850 241911760438500 2903100
LATENCY 3040400
TIMELINE 26 1866 241911815996700 3040400
LATENCY 2952000
TIMELINE 26 1882 241911863175900 2952000
LATENCY 3083500
TIMELINE 26 1898 241911910274900 3083500
LATENCY 2920800
TIMELINE 26 1914 241911957956000 2920800
LATENCY 2677900
TIMELINE 26 1930 241912002955100 2677900
LATENCY 2736200
TIMELINE 26 1946 241912048456400 2736200
LATENCY 2716700
TIMELINE 26 1962 241912091906200 2716700
LATENCY 2653400
TIMELINE 26 1978 241912135730300 2653400
LATENCY 2914500
TIMELINE 26 1994 241912187220100 2914500
LATENCY 2570000
TIMELINE 26 2010 241912232282400 2570000
LATENCY 2498800
TIMELINE 26 2026 241912278179000 2498800
LATENCY 2707600
TIMELINE 26 2042 241912325127300 2707600
LATENCY 5249200
TIMELINE 27 11 241906606631400 5249200
LATENCY 4219700
TIMELINE 27 27 241906677166500 4219700
LATENCY 4225200
TIMELINE 27 43 241906742407200 4225200
LATENCY 4535800
TIMELINE 27 59 241906800202700 4535800
LATENCY 2838100
TIMELINE 27 75 241906857694600 2838100
LATENCY 2955800
TIMELINE 27 91 241906918230500 2955800
LATENCY 4071600
TIMELINE 27 107 241906979934900 4071600
LATENCY 2714400
TIMELINE 27 123 241907032219200 2714400
LATENCY 4489200
TIMELINE 27 139 241907106983800 4489200
LATENCY 4496400
TIMELINE 27 155 241907167619500 4496400
LATENCY 4302800
TIMELINE 27 171 241907218330900 4302800
LATENCY 2651200
TIMELINE 27 187 241907264411800 2651200
LATENCY 2509800
TIMELINE 27 203 241907303826200 2509800
LATENCY 2354200
TIMELINE 27 219 241907341767800 2354200
LATENCY 2315300
TIMELINE 27 235 241907378934000 2315300
LATENCY 2403600
TIMELINE 27 251 241907415778300 2403600
LATENCY 2443500
TIMELINE 27 267 241907474795000 2443500
LATENCY 2290200
TIMELINE 27 283 241907514420200 2290200
LATENCY 2303600
TIMELINE 27 299 241907551351600 2303600
LATENCY 2277600
TIMELINE 27 315 241907589304800 2277600
LATENCY 2653000
TIMELINE 27 331 241907626828700 2653000
LATENCY 2247500
TIMELINE 27 347 241907664563300 2247500
LATENCY 2294800
TIMELINE 27 363 241907701274300 2294800
LATENCY 2259900
TIMELINE 27 379 241907738548900 2259900
LATENCY 2321700
TIMELINE 27 395 241907797527200 2321700
LATENCY 2331600
TIMELINE 27 411 241907834255500 2331600
LATENCY 2216800
TIMELINE 27 427 241907870864900 2216800
LATENCY 2335400
TIMELINE 27 443 241907906718100 2335400
LATENCY 2384900
TIMELINE 27 459 241907946180100 2384900
LATENCY 2330500
TIMELINE 27 475 241907983419200 2330500
LATENCY 2384300
TIMELINE 27 491 241908021720200 2384300
LATENCY 2340900
TIMELINE 27 507 241908059387900 2340900
LATENCY 2787100
TIMELINE 27 523 241908117796400 2787100
LATENCY 2233700
TIMELINE 27 539 241908155893900 2233700
LATENCY 2258200
TIMELINE 27 555 241908193984600 2258200
LATENCY 2235900
TIMELINE 27 571 241908231719500 2235900
LATENCY 2298100
TIMELINE 27 587 241908269417700 2298100
LATENCY 2256600
TIMELINE 27 603 241908307579900 2256600
LATENCY 2195900
TIMELINE 27 619 241908344768700 2195900
LATENCY 2307100
TIMELINE 27 635 241908381593500 2307100
LATENCY 2251800
TIMELINE 27 651 241908419105300 2251800
LATENCY 2396500
TIMELINE 27 667 241908475421800 2396500
LATENCY 2313300
TIMELINE 27 683 241908512573700 2313300
LATENCY 2361800
TIMELINE 27 699 241908550112400 2361800
LATENCY 2394500
TIMELINE 27 715 241908587565100 2394500
LATENCY 2252600
TIMELINE 27 731 241908626542900 2252600
LATENCY 2390200
TIMELINE 27 747 241908663293200 2390200
LATENCY 2382200
TIMELINE 27 763 241908699796700 2382200
LATENCY 2198700
TIMELINE 27 779 241908736034000 2198700
LATENCY 2304900
TIMELINE 27 795 241908796437500 2304900
LATENCY 2249300
TIMELINE 27 811 241908833004800 2249300
LATENCY 2260200
TIMELINE 27 827 241908869383500 2260200
LATENCY 2551300
TIMELINE 27 843 241908904855000 2551300
LATENCY 2277200
TIMELINE 27 859 241908941667500 2277200
LATENCY 2189900
TIMELINE 27 875 241908977348800 2189900
LATENCY 2249600
TIMELINE 27 891 241909012795100 2249600
LATENCY 2114100
TIMELINE 27 907 241909046778800 2114100
LATENCY 2169000
TIMELINE 27 923 241909100204400 2169000
LATENCY 2074000
TIMELINE 27 939 241909134199400 2074000
LATENCY 2109100
TIMELINE 27 955 241909167869300 2109100
LATENCY 4731800
TIMELINE 27 971 241909202996000 4731800
LATENCY 2165500
TIMELINE 27 987 241909240803400 2165500
LATENCY 2164300
TIMELINE 27 1003 241909275454800 2164300
LATENCY 2198200
TIMELINE 27 1019 241909310709300 2198200
LATENCY 2171900
TIMELINE 27 1035 241909345783200 2171900
LATENCY 2945500
TIMELINE 27 1051 241909390339800 2945500
LATENCY 2738100
TIMELINE 27 1067 241909441315700 2738100
LATENCY 2809600
TIMELINE 27 1083 241909484398500 2809600
LATENCY 2785300
TIMELINE 27 1099 241909532823300 2785300
LATENCY 2686400
TIMELINE 27 1115 241909578212400 2686400
LATENCY 2989100
TIMELINE 27 1131 241909624555200 2989100
LATENCY 2576400
TIMELINE 27 1147 241909677591000 2576400
LATENCY 3229800
TIMELINE 27 1163 241909724539000 3229800
LATENCY 3159000
TIMELINE 27 1179 241909774992600 3159000
LATENCY 3118800
TIMELINE 27 1195 241909828429600 3118800
LATENCY 3089200
TIMELINE 27 1211 241909877941000 3089200
LATENCY 3212400
TIMELINE 27 1227 241909927996800 3212400
LATENCY 3173200
TIMELINE 27 1243 241909978617400 3173200
LATENCY 3136800
TIMELINE 27 1259 241910026746200 3136800
LATENCY 3122700
TIMELINE 27 1275 241910077508500 3122700
LATENCY 3212300
TIMELINE 27 1291 241910125560500 3212300
LATENCY 3092800
TIMELINE 27 1307 241910175427500 3092800
LATENCY 2786300
TIMELINE 27 1323 241910229282900 2786300
LATENCY 2677500
TIMELINE 27 1339 241910273399100 2677500
LATENCY 2720900
TIMELINE 27 1355 241910317472900 2720900
LATENCY 3026500
TIMELINE 27 1371 241910367013200 3026500
LATENCY 8921800
TIMELINE 27 1387 241910415387500 8921800
LATENCY 2608100
TIMELINE 27 1403 241910469826500 2608100
LATENCY 2566900
TIMELINE 27 1419 241910514956000 2566900
LATENCY 2466300
TIMELINE 27 1435 241910556300800 2466300
LATENCY 2590100
TIMELINE 27 1451 241910597658900 2590100
LATENCY 2806700
TIMELINE 27 1467 241910647965800 2806700
LATENCY 2891600
TIMELINE 27 1483 241910694524500 2891600
LATENCY 5099400
TIMELINE 27 1499 241910737998900 5099400
LATENCY 2588000
TIMELINE 27 1515 241910782772900 2588000
LATENCY 2608000
TIMELINE 27 1531 241910826514100 2608000
LATENCY 2628600
TIMELINE 27 1547 241910867792800 2628600
LATENCY 3194300
TIMELINE 27 1563 241910913068000 3194300
LATENCY 2675100
TIMELINE 27 1579 241910957877800 2675100
LATENCY 3079500
TIMELINE 27 1595 241911011834600 3079500
LATENCY 2751200
TIMELINE 27 1611 241911057934500 2751200
LATENCY 2784900
TIMELINE 27 1627 241911103967400 2784900
LATENCY 2705600
TIMELINE 27 1643 241911147905900 2705600
LATENCY 2665000
TIMELINE 27 1659 241911195218700 2665000
LATENCY 2563700
TIMELINE 27 1675 241911237781600 2563700
LATENCY 2704800
TIMELINE 27 1691 241911294457900 2704800
LATENCY 3976100
TIMELINE 27 1707 241911340916300 3976100
LATENCY 2973300
TIMELINE 27 1723 241911395499900 2973300
LATENCY 2926500
TIMELINE 27 1739 241911447469000 2926500
LATENCY 2752000
TIMELINE 27 1755 241911493989000 2752000
LATENCY 2967000
TIMELINE 27 1771 241911538189600 2967000
LATENCY 3087800
TIMELINE 27 1787 241911585745000 3087800
LATENCY 3001000
TIMELINE 27 1803 241911634430700 3001000
LATENCY 2565900
TIMELINE 27 1819 241911681548900 2565900
LATENCY 2780600
TIMELINE 27 1835 241911726760000 2780600
LATENCY 2926700
TIMELINE 27 1851 241911772711400 2926700
LATENCY 2935000
TIMELINE 27 1867 241911827197700 2935000
LATENCY 3070500
TIMELINE 27 1883 241911874514700 3070500
LATENCY 2921500
TIMELINE 27 1899 241911921638900 2921500
LATENCY 2932000
TIMELINE 27 1915 241911969027900 2932000
LATENCY 2990700
TIMELINE 27 1931 241912013567100 2990700
LATENCY 2919000
TIMELINE 27 1947 241912058329200 2919000
LATENCY 2768900
TIMELINE 27 1963 241912102191800 2768900
LATENCY 2939400
TIMELINE 27 1979 241912146104100 2939400
LATENCY 2942600
TIMELINE 27 1995 241912198281900 2942600
LATENCY 2703900
TIMELINE 27 2011 241912242453600 2703900
LATENCY 3112400
TIMELINE 27 2027 241912288864300 3112400
LATENCY 3583900
TIMELINE 27 2043 241912334274900 3583900
LATENCY 4196400
TIMELINE 28 12 241906611818400 4196400
LATENCY 4502100
TIMELINE 28 28 241906681277700 4502100
LATENCY 4140400
TIMELINE 28 44 241906746356900 4140400
LATENCY 4566400
TIMELINE 28 60 241906804360400 4566400
LATENCY 2795800
TIMELINE 28 76 241906860311500 2795800
LATENCY 2883400
TIMELINE 28 92 241906920925700 2883400
LATENCY 3824100
TIMELINE 28 108 241906982160400 3824100
LATENCY 2844400
TIMELINE 28 124 241907033698900 2844400
LATENCY 4637300
TIMELINE 28 140 241907109621800 4637300
LATENCY 4665300
TIMELINE 28 156 241907170193700 4665300
LATENCY 4250400
TIMELINE 28 172 241907220763100 4250400
LATENCY 2659900
TIMELINE 28 188 241907265950300 2659900
LATENCY 2456500
TIMELINE 28 204 241907305320700 2456500
LATENCY 2381600
TIMELINE 28 220 241907343106900 2381600
LATENCY 2244400
TIMELINE 28 236 241907380281600 2244400
LATENCY 2336900
TIMELINE 28 252 241907417177700 2336900
LATENCY 2550000
TIMELINE 28 268 241907476190700 2550000
LATENCY 2291500
TIMELINE 28 284 241907514171800 2291500
LATENCY 2305400
TIMELINE 28 300 241907551055600 2305400
LATENCY 2271600
TIMELINE 28 316 241907588987000 2271600
LATENCY 2603700
TIMELINE 28 332 241907626516100 2603700
LATENCY 2226000
TIMELINE 28 348 241907664296000 2226000
LATENCY 2297400
TIMELINE 28 364 241907700991300 2297400
LATENCY 2253200
TIMELINE 28 380 241907738273100 2253200
LATENCY 2288200
TIMELINE 28 396 241907797216000 2288200
LATENCY 2316500
TIMELINE 28 412 241907833953100 2316500
LATENCY 2207000
TIMELINE 28 428 241907870536000 2207000
LATENCY 2141500
TIMELINE 28 444 241907906401900 2141500
LATENCY 2375500
TIMELINE 28 460 241907946148700 2375500
LATENCY 2338700
TIMELINE 28 476 241907983376700 2338700
LATENCY 2379200
TIMELINE 28 492 241908021594400 2379200
LATENCY 2316900
TIMELINE 28 508 241908059151200 2316900
LATENCY 2899000
TIMELINE 28 524 241908117464800 2899000
LATENCY 2229200
TIMELINE 28 540 241908155713900 2229200
LATENCY 2264600
TIMELINE 28 556 241908193795900 2264600
LATENCY 2233200
TIMELINE 28 572 241908231390100 2233200
LATENCY 2301100
TIMELINE 28 588 241908269071900 2301100
LATENCY 2235000
TIMELINE 28 604 241908307289700 2235000
LATENCY 2172900
TIMELINE 28 620 241908344552700 2172900
LATENCY 2269700
TIMELINE 28 636 241908381261100 2269700
LATENCY 2259400
TIMELINE 28 652 241908418826100 2259400
LATENCY 2474700
TIMELINE 28 668 241908475138100 2474700
LATENCY 2319300
TIMELINE 28 684 241908512444300 2319300
LATENCY 2372000
TIMELINE 28 700 241908549976600 2372000
LATENCY 2400900
TIMELINE 28 716 241908587329000 2400900
LATENCY 2255200
TIMELINE 28 732 241908626318000 2255200
LATENCY 2400000
TIMELINE 28 748 241908663171400 2400000
LATENCY 2372300
TIMELINE 28 764 241908699670700 2372300
LATENCY 2194700
TIMELINE 28 780 241908735886700 2194700
LATENCY 2290900
TIMELINE 28 796 241908796217900 2290900
LATENCY 2214200
TIMELINE 28 812 241908832680800 2214200
LATENCY 2280000
TIMELINE 28 828 241908869006300 2280000
LATENCY 2631100
TIMELINE 28 844 241908904326200 2631100
LATENCY 2252300
TIMELINE 28 860 241908941241000 2252300
LATENCY 2185100
TIMELINE 28 876 241908976850000 2185100
LATENCY 2263600
TIMELINE 28 892 241909012283200 2263600
LATENCY 2166900
TIMELINE 28 908 241909046248700 2166900
LATENCY 2145100
TIMELINE 28 924 241909099712800 2145100
LATENCY 2068000
TIMELINE 28 940 241909133716100 2068000
LATENCY 2119000
TIMELINE 28 956 241909167386700 2119000
LATENCY 4531800
TIMELINE 28 972 241909202633400 4531800
LATENCY 2150300
TIMELINE 28 988 241909240571200 2150300
LATENCY 2141200
TIMELINE 28 1004 241909275203000 2141200
LATENCY 2188500
TIMELINE 28 1020 241909310506100 2188500
LATENCY 2165000
TIMELINE 28 1036 241909345465800 2165000
LATENCY 2992400
TIMELINE 28 1052 241909389884900 2992400
LATENCY 2768400
TIMELINE 28 1068 241909441147200 2768400
LATENCY 2793400
TIMELINE 28 1084 241909484245500 2793400
LATENCY 2786100
TIMELINE 28 1100 241909532640000 2786100
LATENCY 2645600
TIMELINE 28 1116 241909578155900 2645600
LATENCY 2971600
TIMELINE 28 1132 241909624433300 2971600
LATENCY 2401500
TIMELINE 28 1148 241909676802700 2401500
LATENCY 3194800
TIMELINE 28 1164 241909723549500 3194800
LATENCY 3148900
TIMELINE 28 1180 241909773997000 3148900
LATENCY 3114900
TIMELINE 28 1196 241909827474800 3114900
LATENCY 3166100
TIMELINE 28 1212 241909876940900 3166100
LATENCY 3210600
TIMELINE 28 1228 241909927060200 3210600
LATENCY 3127700
TIMELINE 28 1244 241909977704900 3127700
LATENCY 3119900
TIMELINE 28 1260 241910025827100 3119900
LATENCY 3143400
TIMELINE 28 1276 241910076592400 3143400
LATENCY 3158100
TIMELINE 28 1292 241910124655100 3158100
LATENCY 3070300
TIMELINE 28 1308 241910174515300 3070300
LATENCY 2895400
TIMELINE 28 1324 241910227694400 2895400
LATENCY 2721600
TIMELINE 28 1340 241910271948900 2721600
LATENCY 2712800
TIMELINE 28 1356 241910315952300 2712800
LATENCY 2962800
TIMELINE 28 1372 241910365337200 2962800
LATENCY 5354000
TIMELINE 28 1388 241910413648700 5354000
LATENCY 2726300
TIMELINE 28 1404 241910468246900 2726300
LATENCY 2720500
TIMELINE 28 1420 241910513405100 2720500
LATENCY 2555600
TIMELINE 28 1436 241910554874200 2555600
LATENCY 2550900
TIMELINE 28 1452 241910596279000 2550900
LATENCY 2636500
TIMELINE 28 1468 241910646483100 2636500
LATENCY 2915600
TIMELINE 28 1484 241910692851300 2915600
LATENCY 2314000
TIMELINE 28 1500 241910736585400 2314000
LATENCY 2583700
TIMELINE 28 1516 241910781360900 2583700
LATENCY 2485600
TIMELINE 28 1532 241910825181500 2485600
LATENCY 2605000
TIMELINE 28 1548 241910866370400 2605000
LATENCY 2970500
TIMELINE 28 1564 241910911468500 2970500
LATENCY 2750700
TIMELINE 28 1580 241910956392200 2750700
LATENCY 3014000
TIMELINE 28 1596 241911010185800 3014000
LATENCY 2737200
TIMELINE 28 1612 241911056431100 2737200
LATENCY 2748300
TIMELINE 28 1628 241911102426600 2748300
LATENCY 2690200
TIMELINE 28 1644 241911146396300 2690200
LATENCY 2706600
TIMELINE 28 1660 241911193644100 2706600
LATENCY 2575000
TIMELINE 28 1676 241911236327400 2575000
LATENCY 2871400
TIMELINE 28 1692 241911292707700 2871400
LATENCY 3003200
TIMELINE 28 1708 241911339190500 3003200
LATENCY 2964700
TIMELINE 28 1724 241911393776500 2964700
LATENCY 2881300
TIMELINE 28 1740 241911445770500 2881300
LATENCY 2756000
TIMELINE 28 1756 241911492336500 2756000
LATENCY 2972900
TIMELINE 28 1772 241911536396400 2972900
LATENCY 3043200
TIMELINE 28 1788 241911583936600 3043200
LATENCY 3090100
TIMELINE 28 1804 241911632697800 3090100
LATENCY 2595400
TIMELINE 28 1820 241911680128500 2595400
LATENCY 2731600
TIMELINE 28 1836 241911725280100 2731600
LATENCY 2889100
TIMELINE 28 1852 241911771140000 2889100
LATENCY 2874700
TIMELINE 28 1868 241911824758200 2874700
LATENCY 3108200
TIMELINE 28 1884 241911871872600 3108200
LATENCY 2860500
TIMELINE 28 1900 241911919208500 2860500
LATENCY 2930100
TIMELINE 28 1916 241911966591400 2930100
LATENCY 2969900
TIMELINE 28 1932 241912011164700 2969900
LATENCY 2880600
TIMELINE 28 1948 241912056064300 2880600
LATENCY 2790600
TIMELINE 28 1964 241912100023400 2790600
LATENCY 3067100
TIMELINE 28 1980 241912143539000 3067100
LATENCY 2925900
TIMELINE 28 1996 241912195812600 2925900
LATENCY 2773300
TIMELINE 28 2012 241912240131600 2773300
LATENCY 3107700
TIMELINE 28 2028 241912286247400 3107700
LATENCY 3828100
TIMELINE 28 2044 241912334988300 3828100
LATENCY 3983700
TIMELINE 29 13 241906616164800 3983700
LATENCY 4805400
TIMELINE 29 29 241906686265700 4805400
LATENCY 3284800
TIMELINE 29 45 241906750994500 3284800
LATENCY 4312500
TIMELINE 29 61 241906809554000 4312500
LATENCY 4161100
TIMELINE 29 77 241906863671100 4161100
LATENCY 2938200
TIMELINE 29 93 241906924135100 2938200
LATENCY 3359500
TIMELINE 29 109 241906985332900 3359500
LATENCY 27411100
TIMELINE 29 125 241907035818500 27411100
LATENCY 4280400
TIMELINE 29 141 241907112971800 4280400
LATENCY 4524000
TIMELINE 29 157 241907173688300 4524000
LATENCY 3898600
TIMELINE 29 173 241907223851600 3898600
LATENCY 2677500
TIMELINE 29 189 241907267802200 2677500
LATENCY 2504400
TIMELINE 29 205 241907307082500 2504400
LATENCY 2388700
TIMELINE 29 221 241907344772200 2388700
LATENCY 2224300
TIMELINE 29 237 241907381888500 2224300
LATENCY 2429500
TIMELINE 29 253 241907418844500 2429500
LATENCY 2476200
TIMELINE 29 269 241907477975000 2476200
LATENCY 2276300
TIMELINE 29 285 241907515223100 2276300
LATENCY 2303900
TIMELINE 29 301 241907552134500 2303900
LATENCY 2327400
TIMELINE 29 317 241907590039600 2327400
LATENCY 2866700
TIMELINE 29 333 241907627577700 2866700
LATENCY 2251700
TIMELINE 29 349 241907665443100 2251700
LATENCY 2292100
TIMELINE 29 365 241907702190300 2292100
LATENCY 2229500
TIMELINE 29 381 241907739545800 2229500
LATENCY 2416200
TIMELINE 29 397 241907798597900 2416200
LATENCY 2316900
TIMELINE 29 413 241907835414200 2316900
LATENCY 2222800
TIMELINE 29 429 241907871887700 2222800
LATENCY 2466500
TIMELINE 29 445 241907907882600 2466500
LATENCY 2356700
TIMELINE 29 461 241907946340500 2356700
LATENCY 2311100
TIMELINE 29 477 241907983555100 2311100
LATENCY 2363900
TIMELINE 29 493 241908021832300 2363900
LATENCY 2334600
TIMELINE 29 509 241908059259200 2334600
LATENCY 2818100
TIMELINE 29 525 241908117587100 2818100
LATENCY 2232700
TIMELINE 29 541 241908155744800 2232700
LATENCY 2258000
TIMELINE 29 557 241908193767700 2258000
LATENCY 2269200
TIMELINE 29 573 241908231418200 2269200
LATENCY 2276800
TIMELINE 29 589 241908269162200 2276800
LATENCY 2242500
TIMELINE 29 605 241908307349200 2242500
LATENCY 2165200
TIMELINE 29 621 241908344453300 2165200
LATENCY 2279600
TIMELINE 29 637 241908380684500 2279600
LATENCY 2270300
TIMELINE 29 653 241908418276100 2270300
LATENCY 2441300
TIMELINE 29 669 241908474529100 2441300
LATENCY 2221500
TIMELINE 29 685 241908511846400 2221500
LATENCY 2415000
TIMELINE 29 701 241908549268800 2415000
LATENCY 2372600
TIMELINE 29 717 241908586676600 2372600
LATENCY 2235600
TIMELINE 29 733 241908625695500 2235600
LATENCY 2333600
TIMELINE 29 749 241908662467200 2333600
LATENCY 2421100
TIMELINE 29 765 241908698930100 2421100
LATENCY 2202100
TIMELINE 29 781 241908735200400 2202100
LATENCY 2657900
TIMELINE 29 797 241908792839200 2657900
LATENCY 2169100
TIMELINE 29 813 241908830132900 2169100
LATENCY 2247200
TIMELINE 29 829 241908866458400 2247200
LATENCY 2136900
TIMELINE 29 845 241908901901300 2136900
LATENCY 2265700
TIMELINE 29 861 241908938735800 2265700
LATENCY 2153700
TIMELINE 29 877 241908974480900 2153700
LATENCY 2224300
TIMELINE 29 893 241909009852300 2224300
LATENCY 2075800
TIMELINE 29 909 241909043967600 2075800
LATENCY 21888300
TIMELINE 29 925 241909077591100 21888300
LATENCY 2081200
TIMELINE 29 941 241909131428100 2081200
LATENCY 2139600
TIMELINE 29 957 241909164990200 2139600
LATENCY 3391100
TIMELINE 29 973 241909198605900 3391100
LATENCY 2246300
TIMELINE 29 989 241909237800200 2246300
LATENCY 2157300
TIMELINE 29 1005 241909272587800 2157300
LATENCY 2202200
TIMELINE 29 1021 241909307734200 2202200
LATENCY 2180200
TIMELINE 29 1037 241909342818100 2180200
LATENCY 2636300
TIMELINE 29 1053 241909386600200 2636300
LATENCY 2578300
TIMELINE 29 1069 241909437829100 2578300
LATENCY 2683900
TIMELINE 29 1085 241909480861200 2683900
LATENCY 2933800
TIMELINE 29 1101 241909528907700 2933800
LATENCY 2305500
TIMELINE 29 1117 241909575045200 2305500
LATENCY 2985900
TIMELINE 29 1133 241909620471300 2985900
LATENCY 4019400
TIMELINE 29 1149 241909670100900 4019400
LATENCY 3366500
TIMELINE 29 1165 241909718216800 3366500
LATENCY 3137500
TIMELINE 29 1181 241909768995200 3137500
LATENCY 3132200
TIMELINE 29 1197 241909822497900 3132200
LATENCY 3062000
TIMELINE 29 1213 241909871851700 3062000
LATENCY 3189300
TIMELINE 29 1229 241909921655100 3189300
LATENCY 3130300
TIMELINE 29 1245 241909972484500 3130300
LATENCY 3208300
TIMELINE 29 1261 241910020463800 3208300
LATENCY 3081700
TIMELINE 29 1277 241910071373700 3081700
LATENCY 2877000
TIMELINE 29 1293 241910119889700 2877000
LATENCY 2971500
TIMELINE 29 1309 241910169597800 2971500
LATENCY 8972600
TIMELINE 29 1325 241910217378100 8972600
LATENCY 2695500
TIMELINE 29 1341 241910268154200 2695500
LATENCY 2762500
TIMELINE 29 1357 241910312129300 2762500
LATENCY 2941800
TIMELINE 29 1373 241910361239600 2941800
LATENCY 3029800
TIMELINE 29 1389 241910409450400 3029800
LATENCY 4478700
TIMELINE 29 1405 241910462614200 4478700
LATENCY 3020400
TIMELINE 29 1421 241910509299400 3020400
LATENCY 2560200
TIMELINE 29 1437 241910551230600 2560200
LATENCY 2598900
TIMELINE 29 1453 241910592640500 2598900
LATENCY 3002500
TIMELINE 29 1469 241910642035300 3002500
LATENCY 2921100
TIMELINE 29 1485 241910688714600 2921100
LATENCY 2717700
TIMELINE 29 1501 241910732748900 2717700
LATENCY 2565500
TIMELINE 29 1517 241910778473900 2565500
LATENCY 2567200
TIMELINE 29 1533 241910822254500 2567200
LATENCY 2565500
TIMELINE 29 1549 241910863438000 2565500
LATENCY 2880500
TIMELINE 29 1565 241910908172900 2880500
LATENCY 2687000
TIMELINE 29 1581 241910953321100 2687000
LATENCY 3033900
TIMELINE 29 1597 241911006713700 3033900
LATENCY 2924600
TIMELINE 29 1613 241911053086200 2924600
LATENCY 2721500
TIMELINE 29 1629 241911099293700 2721500
LATENCY 2705600
TIMELINE 29 1645 241911143272400 2705600
LATENCY 2795000
TIMELINE 29 1661 241911190411800 2795000
LATENCY 2609400
TIMELINE 29 1677 241911233334000 2609400
LATENCY 3504100
TIMELINE 29 1693 241911288375900 3504100
LATENCY 2695400
TIMELINE 29 1709 241911335704600 2695400
LATENCY 2891500
TIMELINE 29 1725 241911384376000 2891500
LATENCY 2895300
TIMELINE 29 1741 241911441943200 2895300
LATENCY 2727200
TIMELINE 29 1757 241911488756800 2727200
LATENCY 2423400
TIMELINE 29 1773 241911533032900 2423400
LATENCY 3079900
TIMELINE 29 1789 241911579855800 3079900
LATENCY 3037000
TIMELINE 29 1805 241911628679400 3037000
LATENCY 3012500
TIMELINE 29 1821 241911676184600 3012500
LATENCY 2549400
TIMELINE 29 1837 241911721819900 2549400
LATENCY 2932900
TIMELINE 29 1853 241911767191300 2932900
LATENCY 2872700
TIMELINE 29 1869 241911820866200 2872700
LATENCY 2929100
TIMELINE 29 1885 241911867918800 2929100
LATENCY 2943800
TIMELINE 29 1901 241911915211300 2943800
LATENCY 2908600
TIMELINE 29 1917 241911962668200 2908600
LATENCY 2854700
TIMELINE 29 1933 241912007215100 2854700
LATENCY 2342200
TIMELINE 29 1949 241912052700200 2342200
LATENCY 2771100
TIMELINE 29 1965 241912096272800 2771100
LATENCY 2641900
TIMELINE 29 1981 241912139930500 2641900
LATENCY 3000800
TIMELINE 29 1997 241912191820400 3000800
LATENCY 2728800
TIMELINE 29 2013 241912236438200 2728800
LATENCY 2841000
TIMELINE 29 2029 241912282457600 2841000
LATENCY 2662500
TIMELINE 29 2045 241912328842100 2662500
LATENCY 4493000
TIMELINE 30 14 241906620111600 4493000
LATENCY 4650400
TIMELINE 30 30 241906690757900 4650400
LATENCY 3024900
TIMELINE 30 46 241906754126600 3024900
LATENCY 4117600
TIMELINE 30 62 241906813814400 4117600
LATENCY 3907000
TIMELINE 30 78 241906867726600 3907000
LATENCY 3859400
TIMELINE 30 94 241906927024500 3859400
LATENCY 2501800
TIMELINE 30 110 241906989135900 2501800
LATENCY 2836500
TIMELINE 30 126 241907063986900 2836500
LATENCY 4297000
TIMELINE 30 142 241907118252900 4297000
LATENCY 2713500
TIMELINE 30 158 241907179103400 2713500
LATENCY 3684800
TIMELINE 30 174 241907228711900 3684800
LATENCY 2372300
TIMELINE 30 190 241907271051900 2372300
LATENCY 2307300
TIMELINE 30 206 241907310150000 2307300
LATENCY 2358800
TIMELINE 30 222 241907348002500 2358800
LATENCY 2257200
TIMELINE 30 238 241907384850900 2257200
LATENCY 2337000
TIMELINE 30 254 241907422097200 2337000
LATENCY 2260400
TIMELINE 30 270 241907481250800 2260400
LATENCY 2224400
TIMELINE 30 286 241907517956200 2224400
LATENCY 2325500
TIMELINE 30 302 241907555206300 2325500
LATENCY 2536400
TIMELINE 30 318 241907593225300 2536400
LATENCY 2305000
TIMELINE 30 334 241907631205800 2305000
LATENCY 2243500
TIMELINE 30 350 241907668350700 2243500
LATENCY 2297200
TIMELINE 30 366 241907705149600 2297200
LATENCY 2421300
TIMELINE 30 382 241907742334400 2421300
LATENCY 2228600
TIMELINE 30 398 241907801580700 2228600
LATENCY 2361300
TIMELINE 30 414 241907838325600 2361300
LATENCY 2206900
TIMELINE 30 430 241907874720100 2206900
LATENCY 2206900
TIMELINE 30 446 241907910782500 2206900
LATENCY 2432600
TIMELINE 30 462 241907951179300 2432600
LATENCY 2799100
TIMELINE 30 478 241907988404400 2799100
LATENCY 2309600
TIMELINE 30 494 241908026657500 2309600
LATENCY 2229400
TIMELINE 30 510 241908064092300 2229400
LATENCY 2269600
TIMELINE 30 526 241908123086400 2269600
LATENCY 2327100
TIMELINE 30 542 241908160549600 2327100
LATENCY 2240100
TIMELINE 30 558 241908198710200 2240100
LATENCY 2234600
TIMELINE 30 574 241908236368100 2234600
LATENCY 2485000
TIMELINE 30 590 241908274164800 2485000
LATENCY 2334700
TIMELINE 30 606 241908312314300 2334700
LATENCY 2563200
TIMELINE 30 622 241908348302600 2563200
LATENCY 2391500
TIMELINE 30 638 241908384849800 2391500
LATENCY 2264800
TIMELINE 30 654 241908422250800 2264800
LATENCY 2217500
TIMELINE 30 670 241908478784900 2217500
LATENCY 2385100
TIMELINE 30 686 241908515829100 2385100
LATENCY 2297200
TIMELINE 30 702 241908553407900 2297200
LATENCY 2355700
TIMELINE 30 718 241908590845900 2355700
LATENCY 2263700
TIMELINE 30 734 241908629616900 2263700
LATENCY 2302900
TIMELINE 30 750 241908666527900 2302900
LATENCY 2291100
TIMELINE 30 766 241908703180700 2291100
LATENCY 2221800
TIMELINE 30 782 241908739050400 2221800
LATENCY 2347700
TIMELINE 30 798 241908798356600 2347700
LATENCY 2327600
TIMELINE 30 814 241908834965000 2327600
LATENCY 2224800
TIMELINE 30 830 241908871436100 2224800
LATENCY 2310600
TIMELINE 30 846 241908907083300 2310600
LATENCY 2200400
TIMELINE 30 862 241908943670600 2200400
LATENCY 2174000
TIMELINE 30 878 241908979212000 2174000
LATENCY 2148300
TIMELINE 30 894 241909014721500 2148300
LATENCY 2103900
TIMELINE 30 910 241909048579500 2103900
LATENCY 2143000
TIMELINE 30 926 241909102059200 2143000
LATENCY 2141000
TIMELINE 30 942 241909135926900 2141000
LATENCY 2116000
TIMELINE 30 958 241909169669900 2116000
LATENCY 2182300
TIMELINE 30 974 241909208278800 2182300
LATENCY 2189800
TIMELINE 30 990 241909243556500 2189800
LATENCY 2142900
TIMELINE 30 1006 241909278107300 2142900
LATENCY 2184900
TIMELINE 30 1022 241909313207900 2184900
LATENCY 2615000
TIMELINE 30 1038 241909348110900 2615000
LATENCY 2972300
TIMELINE 30 1054 241909393517900 2972300
LATENCY 2689300
TIMELINE 30 1070 241909444471700 2689300
LATENCY 4123500
TIMELINE 30 1086 241909487724100 4123500
LATENCY 2673800
TIMELINE 30 1102 241909536013700 2673800
LATENCY 3031500
TIMELINE 30 1118 241909581284800 3031500
LATENCY 2946500
TIMELINE 30 1134 241909627977900 2946500
LATENCY 2648600
TIMELINE 30 1150 241909679039800 2648600
LATENCY 3184900
TIMELINE 30 1166 241909726486200 3184900
LATENCY 3215100
TIMELINE 30 1182 241909776902300 3215100
LATENCY 3041700
TIMELINE 30 1198 241909830326500 3041700
LATENCY 3063300
TIMELINE 30 1214 241909879804700 3063300
LATENCY 3277700
TIMELINE 30 1230 241909929983200 3277700
LATENCY 3181000
TIMELINE 30 1246 241909980544600 3181000
LATENCY 3155100
TIMELINE 30 1262 241910028657100 3155100
LATENCY 3076900
TIMELINE 30 1278 241910079445400 3076900
LATENCY 3215700
TIMELINE 30 1294 241910127512800 3215700
LATENCY 3080600
TIMELINE 30 1310 241910177288800 3080600
LATENCY 2809200
TIMELINE 30 1326 241910231669000 2809200
LATENCY 2590400
TIMELINE 30 1342 241910275689200 2590400
LATENCY 3053600
TIMELINE 30 1358 241910319773200 3053600
LATENCY 3000600
TIMELINE 30 1374 241910369529200 3000600
LATENCY 3954300
TIMELINE 30 1390 241910422912200 3954300
LATENCY 2665400
TIMELINE 30 1406 241910471990700 2665400
LATENCY 2616500
TIMELINE 30 1422 241910517109000 2616500
LATENCY 2728600
TIMELINE 30 1438 241910558206500 2728600
LATENCY 2538800
TIMELINE 30 1454 241910599833100 2538800
LATENCY 2995200
TIMELINE 30 1470 241910650239200 2995200
LATENCY 2953800
TIMELINE 30 1486 241910696898100 2953800
LATENCY 4185800
TIMELINE 30 1502 241910741346400 4185800
LATENCY 2596500
TIMELINE 30 1518 241910784923800 2596500
LATENCY 2548500
TIMELINE 30 1534 241910828713000 2548500
LATENCY 2640000
TIMELINE 30 1550 241910869998800 2640000
LATENCY 3033300
TIMELINE 30 1566 241910915766400 3033300
LATENCY 2510200
TIMELINE 30 1582 241910960116400 2510200
LATENCY 2917600
TIMELINE 30 1598 241911014368100 2917600
LATENCY 2831200
TIMELINE 30 1614 241911060147600 2831200
LATENCY 2838200
TIMELINE 30 1630 241911106226800 2838200
LATENCY 2740800
TIMELINE 30 1646 241911150070200 2740800
LATENCY 2878900
TIMELINE 30 1662 241911197458000 2878900
LATENCY 2445600
TIMELINE 30 1678 241911239949400 2445600
LATENCY 2993800
TIMELINE 30 1694 241911296007900 2993800
LATENCY 4140400
TIMELINE 30 1710 241911342978000 4140400
LATENCY 3033100
TIMELINE 30 1726 241911397246700 3033100
LATENCY 2723200
TIMELINE 30 1742 241911449166500 2723200
LATENCY 2765800
TIMELINE 30 1758 241911495618300 2765800
LATENCY 2949300
TIMELINE 30 1774 241911539917800 2949300
LATENCY 3088400
TIMELINE 30 1790 241911587544400 3088400
LATENCY 3043400
TIMELINE 30 1806 241911636267900 3043400
LATENCY 2585200
TIMELINE 30 1822 241911683077000 2585200
LATENCY 2713900
TIMELINE 30 1838 241911728404200 2713900
LATENCY 2970100
TIMELINE 30 1854 241911774453000 2970100
LATENCY 2898700
TIMELINE 30 1870 241911828485400 2898700
LATENCY 3047500
TIMELINE 30 1886 241911875828000 3047500
LATENCY 2940900
TIMELINE 30 1902 241911922896300 2940900
LATENCY 2942400
TIMELINE 30 1918 241911970344100 2942400
LATENCY 2940200
TIMELINE 30 1934 241912014900400 2940200
LATENCY 2863400
TIMELINE 30 1950 241912059717200 2863400
LATENCY 2688600
TIMELINE 30 1966 241912103530100 2688600
LATENCY 2840700
TIMELINE 30 1982 241912147346400 2840700
LATENCY 2908200
TIMELINE 30 1998 241912199501300 2908200
LATENCY 2711400
TIMELINE 30 2014 241912243550600 2711400
LATENCY 3013300
TIMELINE 30 2030 241912290202600 3013300
LATENCY 3358600
TIMELINE 30 2046 241912337242000 3358600
LATENCY 5152000
TIMELINE 31 15 241906625162600 5152000
LATENCY 4209300
TIMELINE 31 31 241906695948400 4209300
LATENCY 2872500
TIMELINE 31 47 241906757475200 2872500
LATENCY 4242800
TIMELINE 31 63 241906818325400 4242800
LATENCY 3312300
TIMELINE 31 79 241906872222200 3312300
LATENCY 2675100
TIMELINE 31 95 241906931147700 2675100
LATENCY 2484300
TIMELINE 31 111 241906990450700 2484300
LATENCY 2664000
TIMELINE 31 127 241907065559600 2664000
LATENCY 3671500
TIMELINE 31 143 241907120565500 3671500
LATENCY 2407600
TIMELINE 31 159 241907180717400 2407600
LATENCY 3651100
TIMELINE 31 175 241907230753900 3651100
LATENCY 2551500
TIMELINE 31 191 241907272306200 2551500
LATENCY 2365200
TIMELINE 31 207 241907311387300 2365200
LATENCY 2274300
TIMELINE 31 223 241907349088900 2274300
LATENCY 2251900
TIMELINE 31 239 241907385771500 2251900
LATENCY 2279200
TIMELINE 31 255 241907423080400 2279200
LATENCY 2245000
TIMELINE 31 271 241907482150700 2245000
LATENCY 2280700
TIMELINE 31 287 241907519796400 2280700
LATENCY 2373400
TIMELINE 31 303 241907556883100 2373400
LATENCY 2417900
TIMELINE 31 319 241907595023300 2417900
LATENCY 2256300
TIMELINE 31 335 241907632838200 2256300
LATENCY 2228000
TIMELINE 31 351 241907669959200 2228000
LATENCY 2311300
TIMELINE 31 367 241907706857100 2311300
LATENCY 2338800
TIMELINE 31 383 241907743999400 2338800
LATENCY 2223800
TIMELINE 31 399 241907803034300 2223800
LATENCY 2303500
TIMELINE 31 415 241907839885100 2303500
LATENCY 2217800
TIMELINE 31 431 241907876162100 2217800
LATENCY 2217100
TIMELINE 31 447 241907912265600 2217100
LATENCY 2404900
TIMELINE 31 463 241907951609200 2404900
LATENCY 2802500
TIMELINE 31 479 241907988746100 2802500
LATENCY 2318400
TIMELINE 31 495 241908026962600 2318400
LATENCY 2244600
TIMELINE 31 511 241908064417500 2244600
LATENCY 2302600
TIMELINE 31 527 241908123415000 2302600
LATENCY 2381100
TIMELINE 31 543 241908160866100 2381100
LATENCY 2245200
TIMELINE 31 559 241908198892800 2245200
LATENCY 2239100
TIMELINE 31 575 241908236489400 2239100
LATENCY 2487200
TIMELINE 31 591 241908274285500 2487200
LATENCY 2343500
TIMELINE 31 607 241908312342500 2343500
LATENCY 2427400
TIMELINE 31 623 241908348960500 2427400
LATENCY 2344200
TIMELINE 31 639 241908385364200 2344200
LATENCY 2263800
TIMELINE 31 655 241908422702300 2263800
LATENCY 2219100
TIMELINE 31 671 241908479169200 2219100
LATENCY 2403300
TIMELINE 31 687 241908516360900 2403300
LATENCY 2274200
TIMELINE 31 703 241908553878600 2274200
LATENCY 2384200
TIMELINE 31 719 241908591302700 2384200
LATENCY 2257300
TIMELINE 31 735 241908630001200 2257300
LATENCY 2287600
TIMELINE 31 751 241908666863400 2287600
LATENCY 2282300
TIMELINE 31 767 241908703516400 2282300
LATENCY 2230600
TIMELINE 31 783 241908739427000 2230600
LATENCY 2336400
TIMELINE 31 799 241908797126400 2336400
LATENCY 2296800
TIMELINE 31 815 241908833660800 2296800
LATENCY 2234600
TIMELINE 31 831 241908870097600 2234600
LATENCY 2465300
TIMELINE 31 847 241908905610200 2465300
LATENCY 2269500
TIMELINE 31 863 241908942414100 2269500
LATENCY 2179600
TIMELINE 31 879 241908978010000 2179600
LATENCY 2189700
TIMELINE 31 895 241909013487400 2189700
LATENCY 2112700
TIMELINE 31 911 241909047469300 2112700
LATENCY 2179700
TIMELINE 31 927 241909100899800 2179700
LATENCY 2109400
TIMELINE 31 943 241909135088800 2109400
LATENCY 2090800
TIMELINE 31 959 241909168859600 2090800
LATENCY 2495600
TIMELINE 31 975 241909206939600 2495600
LATENCY 2195000
TIMELINE 31 991 241909242552500 2195000
LATENCY 2187500
TIMELINE 31 1007 241909277233900 2187500
LATENCY 2206800
TIMELINE 31 1023 241909312605200 2206800
LATENCY 2415600
TIMELINE 31 1039 241909347481200 2415600
LATENCY 3000500
TIMELINE 31 1055 241909392612200 3000500
LATENCY 2692800
TIMELINE 31 1071 241909443608800 2692800
LATENCY 4030900
TIMELINE 31 1087 241909486761100 4030900
LATENCY 2845900
TIMELINE 31 1103 241909535210900 2845900
LATENCY 2958200
TIMELINE 31 1119 241909580483000 2958200
LATENCY 2988300
TIMELINE 31 1135 241909627056500 2988300
LATENCY 2865700
TIMELINE 31 1151 241909680215600 2865700
LATENCY 3137200
TIMELINE 31 1167 241909727815300 3137200
LATENCY 3249300
TIMELINE 31 1183 241909778208800 3249300
LATENCY 3033700
TIMELINE 31 1199 241909831597300 3033700
LATENCY 3077000
TIMELINE 31 1215 241909881084700 3077000
LATENCY 3302900
TIMELINE 31 1231 241909931255800 3302900
LATENCY 3146100
TIMELINE 31 1247 241909981878400 3146100
LATENCY 3120600
TIMELINE 31 1263 241910029970900 3120600
LATENCY 3210600
TIMELINE 31 1279 241910080717200 3210600
LATENCY 3193300
TIMELINE 31 1295 241910128862600 3193300
LATENCY 3017900
TIMELINE 31 1311 241910178648100 3017900
LATENCY 2863900
TIMELINE 31 1327 241910232143400 2863900
LATENCY 2605500
TIMELINE 31 1343 241910276150500 2605500
LATENCY 3085600
TIMELINE 31 1359 241910320268000 3085600
LATENCY 2990400
TIMELINE 31 1375 241910370091000 2990400
LATENCY 2995000
TIMELINE 31 1391 241910424413900 2995000
LATENCY 2649600
TIMELINE 31 1407 241910472472500 2649600
LATENCY 2694600
TIMELINE 31 1423 241910517562600 2694600
LATENCY 2593600
TIMELINE 31 1439 241910558805300 2593600
LATENCY 2535000
TIMELINE 31 1455 241910600327700 2535000
LATENCY 2982100
TIMELINE 31 1471 241910650859600 2982100
LATENCY 2896500
TIMELINE 31 1487 241910697510900 2896500
LATENCY 3847100
TIMELINE 31 1503 241910741807700 3847100
LATENCY 2602400
TIMELINE 31 1519 241910784882100 2602400
LATENCY 2547500
TIMELINE 31 1535 241910828643600 2547500
LATENCY 2622000
TIMELINE 31 1551 241910869927700 2622000
LATENCY 3031800
TIMELINE 31 1567 241910915809800 3031800
LATENCY 2514400
TIMELINE 31 1583 241910960148400 2514400
LATENCY 2911800
TIMELINE 31 1599 241911014415600 2911800
LATENCY 2845500
TIMELINE 31 1615 241911060222600 2845500
LATENCY 2820800
TIMELINE 31 1631 241911106315800 2820800
LATENCY 2743200
TIMELINE 31 1647 241911150156200 2743200
LATENCY 2872500
TIMELINE 31 1663 241911197345500 2872500
LATENCY 2417500
TIMELINE 31 1679 241911239846200 2417500
LATENCY 2797700
TIMELINE 31 1695 241911294950900 2797700
LATENCY 4277900
TIMELINE 31 1711 241911341518600 4277900
LATENCY 3010700
TIMELINE 31 1727 241911396067400 3010700
LATENCY 2861200
TIMELINE 31 1743 241911447985600 2861200
LATENCY 2763500
TIMELINE 31 1759 241911494483900 2763500
LATENCY 2975900
TIMELINE 31 1775 241911538724800 2975900
LATENCY 3091500
TIMELINE 31 1791 241911586295500 3091500
LATENCY 2922100
TIMELINE 31 1807 241911635120000 2922100
LATENCY 2555800
TIMELINE 31 1823 241911682070300 2555800
LATENCY 2737500
TIMELINE 31 1839 241911727320100 2737500
LATENCY 2929800
TIMELINE 31 1855 241911773270000 2929800
LATENCY 2951300
TIMELINE 31 1871 241911827791900 2951300
LATENCY 3068300
TIMELINE 31 1887 241911875161200 3068300
LATENCY 2926400
TIMELINE 31 1903 241911922237100 2926400
LATENCY 2926500
TIMELINE 31 1919 241911969696600 2926500
LATENCY 2936100
TIMELINE 31 1935 241912014218800 2936100
LATENCY 2872100
TIMELINE 31 1951 241912059033500 2872100
LATENCY 2687900
TIMELINE 31 1967 241912102901800 2687900
LATENCY 2858300
TIMELINE 31 1983 241912146660500 2858300
LATENCY 2971800
TIMELINE 31 1999 241912198793900 2971800
LATENCY 2694300
TIMELINE 31 2015 241912242946100 2694300
LATENCY 3059400
TIMELINE 31 2031 241912289497700 3059400
LATENCY 3207300
TIMELINE 31 2047 241912336851900 3207300
LATENCY 12526900
TIMELINE 32 0 241906537536300 12526900
LATENCY 5145400
TIMELINE 32 16 241906629994900 5145400
LATENCY 4373000
TIMELINE 32 32 241906699861000 4373000
LATENCY 2770200
TIMELINE 32 48 241906760168000 2770200
LATENCY 3699300
TIMELINE 32 64 241906822295600 3699300
LATENCY 4044500
TIMELINE 32 80 241906875343600 4044500
LATENCY 2964800
TIMELINE 32 96 241906933661600 2964800
LATENCY 2787200
TIMELINE 32 112 241906994222400 2787200
LATENCY 2430400
TIMELINE 32 128 241907069563300 2430400
LATENCY 3876700
TIMELINE 32 144 241907125861800 3876700
LATENCY 2527100
TIMELINE 32 160 241907184309000 2527100
LATENCY 2733100
TIMELINE 32 176 241907235843600 2733100
LATENCY 2507000
TIMELINE 32 192 241907276259000 2507000
LATENCY 2339300
TIMELINE 32 208 241907315021100 2339300
LATENCY 2337400
TIMELINE 32 224 241907352527400 2337400
LATENCY 2288800
TIMELINE 32 240 241907389345700 2288800
LATENCY 21832300
TIMELINE 32 256 241907426657000 21832300
LATENCY 2410700
TIMELINE 32 272 241907485765800 2410700
LATENCY 2225600
TIMELINE 32 288 241907522775300 2225600
LATENCY 2336200
TIMELINE 32 304 241907560111600 2336200
LATENCY 2282500
TIMELINE 32 320 241907598396800 2282500
LATENCY 2435900
TIMELINE 32 336 241907635923100 2435900
LATENCY 2291000
TIMELINE 32 352 241907672999300 2291000
LATENCY 2322400
TIMELINE 32 368 241907709961700 2322400
LATENCY 2256300
TIMELINE 32 384 241907747194100 2256300
LATENCY 2228800
TIMELINE 32 400 241907806129100 2228800
LATENCY 2259400
TIMELINE 32 416 241907843045600 2259400
LATENCY 2379400
TIMELINE 32 432 241907879291500 2379400
LATENCY 3932900
TIMELINE 32 448 241907915308300 3932900
LATENCY 2295400
TIMELINE 32 464 241907955906600 2295400
LATENCY 2335400
TIMELINE 32 480 241907993525600 2335400
LATENCY 2311100
TIMELINE 32 496 241908031151800 2311100
LATENCY 2437000
TIMELINE 32 512 241908068354000 2437000
LATENCY 2407300
TIMELINE 32 528 241908127493700 2407300
LATENCY 2709700
TIMELINE 32 544 241908165174200 2709700
LATENCY 2310400
TIMELINE 32 560 241908203061300 2310400
LATENCY 2513300
TIMELINE 32 576 241908240756000 2513300
LATENCY 2433000
TIMELINE 32 592 241908278987600 2433000
LATENCY 2283300
TIMELINE 32 608 241908316655500 2283300
LATENCY 2244500
TIMELINE 32 624 241908352898500 2244500
LATENCY 2314800
TIMELINE 32 640 241908389262100 2314800
LATENCY 2179900
TIMELINE 32 656 241908426514500 2179900
LATENCY 2183200
TIMELINE 32 672 241908483185900 2183200
LATENCY 2290500
TIMELINE 32 688 241908520636600 2290500
LATENCY 2272800
TIMELINE 32 704 241908557927600 2272800
LATENCY 2345600
TIMELINE 32 720 241908595490200 2345600
LATENCY 2167300
TIMELINE 32 736 241908634081900 2167300
LATENCY 2236400
TIMELINE 32 752 241908671045500 2236400
LATENCY 2379000
TIMELINE 32 768 241908707618300 2379000
LATENCY 2214400
TIMELINE 32 784 241908743588500 2214400
LATENCY 2333500
TIMELINE 32 800 241908802880400 2333500
LATENCY 2221800
TIMELINE 32 816 241908839350900 2221800
LATENCY 2272100
TIMELINE 32 832 241908875596800 2272100
LATENCY 2212200
TIMELINE 32 848 241908911295600 2212200
LATENCY 2213000
TIMELINE 32 864 241908947824300 2213000
LATENCY 2207800
TIMELINE 32 880 241908983287600 2207800
LATENCY 2125500
TIMELINE 32 896 241909018852500 2125500
LATENCY 2105000
TIMELINE 32 912 241909052545700 2105000
LATENCY 2162100
TIMELINE 32 928 241909106104900 2162100
LATENCY 2108500
TIMELINE 32 944 241909139995600 2108500
LATENCY 2078700
TIMELINE 32 960 241909173748000 2078700
LATENCY 2322200
TIMELINE 32 976 241909211481700 2322200
LATENCY 2202600
TIMELINE 32 992 241909246743800 2202600
LATENCY 2102100
TIMELINE 32 1008 241909281280600 2102100
LATENCY 2134100
TIMELINE 32 1024 241909316521500 2134100
LATENCY 3015500
TIMELINE 32 1040 241909352763300 3015500
LATENCY 2948300
TIMELINE 32 1056 241909398521000 2948300
LATENCY 2611300
TIMELINE 32 1072 241909448677700 2611300
LATENCY 2797100
TIMELINE 32 1088 241909493675800 2797100
LATENCY 2961000
TIMELINE 32 1104 241909540391500 2961000
LATENCY 2842300
TIMELINE 32 1120 241909586042800 2842300
LATENCY 3306200
TIMELINE 32 1136 241909632906600 3306200
LATENCY 3064300
TIMELINE 32 1152 241909683639200 3064300
LATENCY 3056100
TIMELINE 32 1168 241909731535900 3056100
LATENCY 3160400
TIMELINE 32 1184 241909782059100 3160400
LATENCY 3072400
TIMELINE 32 1200 241909835196800 3072400
LATENCY 3158900
TIMELINE 32 1216 241909884745100 3158900
LATENCY 3101100
TIMELINE 32 1232 241909935097000 3101100
LATENCY 2967200
TIMELINE 32 1248 241909985534400 2967200
LATENCY 3198800
TIMELINE 32 1264 241910033528900 3198800
LATENCY 3119900
TIMELINE 32 1280 241910084378800 3119900
LATENCY 3233900
TIMELINE 32 1296 241910132501000 3233900
LATENCY 3003300
TIMELINE 32 1312 241910182098900 3003300
LATENCY 2620000
TIMELINE 32 1328 241910235384100 2620000
LATENCY 2728300
TIMELINE 32 1344 241910279123900 2728300
LATENCY 5593900
TIMELINE 32 1360 241910323825700 5593900
LATENCY 3035000
TIMELINE 32 1376 241910373525400 3035000
LATENCY 2950400
TIMELINE 32 1392 241910427860800 2950400
LATENCY 2592400
TIMELINE 32 1408 241910475489900 2592400
LATENCY 2542900
TIMELINE 32 1424 241910520549200 2542900
LATENCY 2574800
TIMELINE 32 1440 241910561691200 2574800
LATENCY 2633300
TIMELINE 32 1456 241910603117900 2633300
LATENCY 2690000
TIMELINE 32 1472 241910654084800 2690000
LATENCY 2671200
TIMELINE 32 1488 241910700609100 2671200
LATENCY 2906600
TIMELINE 32 1504 241910746228200 2906600
LATENCY 2556900
TIMELINE 32 1520 241910788002600 2556900
LATENCY 2562400
TIMELINE 32 1536 241910831736300 2562400
LATENCY 3046800
TIMELINE 32 1552 241910873199300 3046800
LATENCY 3073400
TIMELINE 32 1568 241910919361800 3073400
LATENCY 2516700
TIMELINE 32 1584 241910963100600 2516700
LATENCY 2952200
TIMELINE 32 1600 241911017811800 2952200
LATENCY 2783800
TIMELINE 32 1616 241911063555200 2783800
LATENCY 2720300
TIMELINE 32 1632 241911109667800 2720300
LATENCY 2702800
TIMELINE 32 1648 241911153377100 2702800
LATENCY 2639800
TIMELINE 32 1664 241911200731200 2639800
LATENCY 2745100
TIMELINE 32 1680 241911247358100 2745100
LATENCY 2533200
TIMELINE 32 1696 241911301163400 2533200
LATENCY 3008800
TIMELINE 32 1712 241911349371500 3008800
LATENCY 2900900
TIMELINE 32 1728 241911402312200 2900900
LATENCY 2902000
TIMELINE 32 1744 241911453823300 2902000
LATENCY 2867800
TIMELINE 32 1760 241911500231500 2867800
LATENCY 2959100
TIMELINE 32 1776 241911544881900 2959100
LATENCY 3045200
TIMELINE 32 1792 241911592716200 3045200
LATENCY 3157000
TIMELINE 32 1808 241911641420100 3157000
LATENCY 2796600
TIMELINE 32 1824 241911687575900 2796600
LATENCY 2642000
TIMELINE 32 1840 241911733122100 2642000
LATENCY 3545400
TIMELINE 32 1856 241911779125500 3545400
LATENCY 2877700
TIMELINE 32 1872 241911833816300 2877700
LATENCY 2899500
TIMELINE 32 1888 241911881164900 2899500
LATENCY 3105800
TIMELINE 32 1904 241911928464800 3105800
LATENCY 2900500
TIMELINE 32 1920 241911975685500 2900500
LATENCY 3112800
TIMELINE 32 1936 241912020329700 3112800
LATENCY 2590600
TIMELINE 32 1952 241912064975400 2590600
LATENCY 2762000
TIMELINE 32 1968 241912108597700 2762000
LATENCY 2855000
TIMELINE 32 1984 241912152651000 2855000
LATENCY 2775100
TIMELINE 32 2000 241912204794500 2775100
LATENCY 2737600
TIMELINE 32 2016 241912248601700 2737600
LATENCY 2870700
TIMELINE 32 2032 241912295775400 2870700
LATENCY 4975900
TIMELINE 33 1 241906550200900 4975900
LATENCY 4672300
TIMELINE 33 17 241906634787100 4672300
LATENCY 3195700
TIMELINE 33 33 241906704177600 3195700
LATENCY 4645600
TIMELINE 33 49 241906762826600 4645600
LATENCY 2870400
TIMELINE 33 65 241906825796100 2870400
LATENCY 4215800
TIMELINE 33 81 241906878944600 4215800
LATENCY 3105300
TIMELINE 33 97 241906936372200 3105300
LATENCY 2723700
TIMELINE 33 113 241906997289000 2723700
LATENCY 2407800
TIMELINE 33 129 241907072146800 2407800
LATENCY 3563100
TIMELINE 33 145 241907130026300 3563100
LATENCY 2408200
TIMELINE 33 161 241907187015800 2408200
LATENCY 2452200
TIMELINE 33 177 241907238681800 2452200
LATENCY 2440400
TIMELINE 33 193 241907278901300 2440400
LATENCY 2324700
TIMELINE 33 209 241907317431300 2324700
LATENCY 2264700
TIMELINE 33 225 241907354955300 2264700
LATENCY 2300500
TIMELINE 33 241 241907391724200 2300500
LATENCY 2472200
TIMELINE 33 257 241907448566200 2472200
LATENCY 2296000
TIMELINE 33 273 241907488275000 2296000
LATENCY 2236900
TIMELINE 33 289 241907524590800 2236900
LATENCY 2414900
TIMELINE 33 305 241907561658500 2414900
LATENCY 2240700
TIMELINE 33 321 241907599829600 2240700
LATENCY 2529700
TIMELINE 33 337 241907637627700 2529700
LATENCY 2321800
TIMELINE 33 353 241907674638800 2321800
LATENCY 2252300
TIMELINE 33 369 241907711646700 2252300
LATENCY 2489900
TIMELINE 33 385 241907748772700 2489900
LATENCY 2280100
TIMELINE 33 401 241907807705100 2280100
LATENCY 2264900
TIMELINE 33 417 241907844632100 2264900
LATENCY 2304600
TIMELINE 33 433 241907880940500 2304600
LATENCY 888600
TIMELINE 33 449 241907917276300 888600
LATENCY 2267700
TIMELINE 33 465 241907955060400 2267700
LATENCY 2469600
TIMELINE 33 481 241907992531600 2469600
LATENCY 2327300
TIMELINE 33 497 241908030352100 2327300
LATENCY 2373100
TIMELINE 33 513 241908067712800 2373100
LATENCY 2380100
TIMELINE 33 529 241908126753700 2380100
LATENCY 2550100
TIMELINE 33 545 241908164408600 2550100
LATENCY 2329000
TIMELINE 33 561 241908202197100 2329000
LATENCY 2539500
TIMELINE 33 577 241908239833200 2539500
LATENCY 2402000
TIMELINE 33 593 241908278075300 2402000
LATENCY 2248200
TIMELINE 33 609 241908315829100 2248200
LATENCY 2256400
TIMELINE 33 625 241908354150600 2256400
LATENCY 2333800
TIMELINE 33 641 241908390594900 2333800
LATENCY 21419400
TIMELINE 33 657 241908427696000 21419400
LATENCY 2205200
TIMELINE 33 673 241908484223000 2205200
LATENCY 2263900
TIMELINE 33 689 241908521661500 2263900
LATENCY 2242400
TIMELINE 33 705 241908559013900 2242400
LATENCY 2384200
TIMELINE 33 721 241908596626700 2384200
LATENCY 2293900
TIMELINE 33 737 241908635169000 2293900
LATENCY 2256500
TIMELINE 33 753 241908672220700 2256500
LATENCY 2411000
TIMELINE 33 769 241908708829200 2411000
LATENCY 2243900
TIMELINE 33 785 241908744763200 2243900
LATENCY 2362900
TIMELINE 33 801 241908805041300 2362900
LATENCY 2453300
TIMELINE 33 817 241908841451600 2453300
LATENCY 2246800
TIMELINE 33 833 241908877960900 2246800
LATENCY 2151200
TIMELINE 33 849 241908913601000 2151200
LATENCY 2200300
TIMELINE 33 865 241908950071500 2200300
LATENCY 2169800
TIMELINE 33 881 241908985534600 2169800
LATENCY 2127900
TIMELINE 33 897 241909020950200 2127900
LATENCY 2098900
TIMELINE 33 913 241909054621500 2098900
LATENCY 2198800
TIMELINE 33 929 241909108209600 2198800
LATENCY 2090900
TIMELINE 33 945 241909142050600 2090900
LATENCY 2127500
TIMELINE 33 961 241909175772800 2127500
LATENCY 2289800
TIMELINE 33 977 241909215049000 2289800
LATENCY 2247300
TIMELINE 33 993 241909250239300 2247300
LATENCY 2266700
TIMELINE 33 1009 241909284786300 2266700
LATENCY 2344400
TIMELINE 33 1025 241909319811500 2344400
LATENCY 2891800
TIMELINE 33 1041 241909357020900 2891800
LATENCY 9028100
TIMELINE 33 1057 241909402832000 9028100
LATENCY 2510400
TIMELINE 33 1073 241909452613000 2510400
LATENCY 3039600
TIMELINE 33 1089 241909498034600 3039600
LATENCY 2948900
TIMELINE 33 1105 241909544853000 2948900
LATENCY 2910400
TIMELINE 33 1121 241909590382300 2910400
LATENCY 3251600
TIMELINE 33 1137 241909637631200 3251600
LATENCY 2526000
TIMELINE 33 1153 241909688135800 2526000
LATENCY 3168300
TIMELINE 33 1169 241909736234800 3168300
LATENCY 2915300
TIMELINE 33 1185 241909786783800 2915300
LATENCY 3086900
TIMELINE 33 1201 241909839966000 3086900
LATENCY 3003100
TIMELINE 33 1217 241909889603800 3003100
LATENCY 3246200
TIMELINE 33 1233 241909940030200 3246200
LATENCY 2869500
TIMELINE 33 1249 241909990100200 2869500
LATENCY 3127700
TIMELINE 33 1265 241910038633500 3127700
LATENCY 3251800
TIMELINE 33 1281 241910089492600 3251800
LATENCY 3197900
TIMELINE 33 1297 241910137597900 3197900
LATENCY 2981200
TIMELINE 33 1313 241910186875500 2981200
LATENCY 2677100
TIMELINE 33 1329 241910239187400 2677100
LATENCY 2728500
TIMELINE 33 1345 241910283001500 2728500
LATENCY 2831600
TIMELINE 33 1361 241910330658600 2831600
LATENCY 3019500
TIMELINE 33 1377 241910377823700 3019500
LATENCY 2856700
TIMELINE 33 1393 241910432109100 2856700
LATENCY 2767800
TIMELINE 33 1409 241910479479100 2767800
LATENCY 2582900
TIMELINE 33 1425 241910524305200 2582900
LATENCY 2590000
TIMELINE 33 1441 241910565470000 2590000
LATENCY 8089300
TIMELINE 33 1457 241910606990000 8089300
LATENCY 2778300
TIMELINE 33 1473 241910658084700 2778300
LATENCY 2678800
TIMELINE 33 1489 241910704595500 2678800
LATENCY 2661300
TIMELINE 33 1505 241910751588100 2661300
LATENCY 2923000
TIMELINE 33 1521 241910793019200 2923000
LATENCY 2607000
TIMELINE 33 1537 241910836685600 2607000
LATENCY 2954600
TIMELINE 33 1553 241910879020500 2954600
LATENCY 2886200
TIMELINE 33 1569 241910925025800 2886200
LATENCY 2715100
TIMELINE 33 1585 241910968082200 2715100
LATENCY 2962000
TIMELINE 33 1601 241911023663000 2962000
LATENCY 2919500
TIMELINE 33 1617 241911069216000 2919500
LATENCY 2711300
TIMELINE 33 1633 241911115146500 2711300
LATENCY 2687600
TIMELINE 33 1649 241911158716900 2687600
LATENCY 2597900
TIMELINE 33 1665 241911206176200 2597900
LATENCY 2997000
TIMELINE 33 1681 241911251413500 2997000
LATENCY 2895300
TIMELINE 33 1697 241911305174200 2895300
LATENCY 2892900
TIMELINE 33 1713 241911353540400 2892900
LATENCY 2982100
TIMELINE 33 1729 241911406341200 2982100
LATENCY 2935600
TIMELINE 33 1745 241911457864900 2935600
LATENCY 2844900
TIMELINE 33 1761 241911504191900 2844900
LATENCY 2941900
TIMELINE 33 1777 241911549032600 2941900
LATENCY 3055300
TIMELINE 33 1793 241911596975600 3055300
LATENCY 2888100
TIMELINE 33 1809 241911645654700 2888100
LATENCY 2671600
TIMELINE 33 1825 241911691429200 2671600
LATENCY 3015200
TIMELINE 33 1841 241911736730800 3015200
LATENCY 3108600
TIMELINE 33 1857 241911783391500 3108600
LATENCY 2885400
TIMELINE 33 1873 241911837285100 2885400
LATENCY 2961500
TIMELINE 33 1889 241911884672700 2961500
LATENCY 3036200
TIMELINE 33 1905 241911932405900 3036200
LATENCY 2908200
TIMELINE 33 1921 241911979156700 2908200
LATENCY 2933900
TIMELINE 33 1937 241912023949600 2933900
LATENCY 2631100
TIMELINE 33 1953 241912067989400 2631100
LATENCY 2723200
TIMELINE 33 1969 241912111783000 2723200
LATENCY 2888500
TIMELINE 33 1985 241912156057400 2888500
LATENCY 2811500
TIMELINE 33 2001 241912208120000 2811500
LATENCY 2701500
TIMELINE 33 2017 241912251889400 2701500
LATENCY 3755200
TIMELINE 33 2033 241912299216900 3755200
LATENCY 6132800
TIMELINE 34 2 241906555035100 6132800
LATENCY 4467600
TIMELINE 34 18 241906639874400 4467600
LATENCY 4454900
TIMELINE 34 34 241906707631400 4454900
LATENCY 4971400
TIMELINE 34 50 241906767552900 4971400
LATENCY 3461200
TIMELINE 34 66 241906828743700 3461200
LATENCY 3442100
TIMELINE 34 82 241906883535400 3442100
LATENCY 4325900
TIMELINE 34 98 241906939634500 4325900
LATENCY 2555800
TIMELINE 34 114 241906998515700 2555800
LATENCY 2497100
TIMELINE 34 130 241907073161900 2497100
LATENCY 3917000
TIMELINE 34 146 241907131578000 3917000
LATENCY 2375700
TIMELINE 34 162 241907188110100 2375700
LATENCY 2430600
TIMELINE 34 178 241907239863600 2430600
LATENCY 2490400
TIMELINE 34 194 241907279974800 2490400
LATENCY 2320300
TIMELINE 34 210 241907318504500 2320300
LATENCY 2233400
TIMELINE 34 226 241907356032300 2233400
LATENCY 2283900
TIMELINE 34 242 241907392774600 2283900
LATENCY 2370100
TIMELINE 34 258 241907449710200 2370100
LATENCY 2285600
TIMELINE 34 274 241907489289000 2285600
LATENCY 2239800
TIMELINE 34 290 241907526432200 2239800
LATENCY 2723900
TIMELINE 34 306 241907563845900 2723900
LATENCY 2285400
TIMELINE 34 322 241907601924100 2285400
LATENCY 2294600
TIMELINE 34 338 241907639844500 2294600
LATENCY 2450400
TIMELINE 34 354 241907676604200 2450400
LATENCY 2274100
TIMELINE 34 370 241907713559900 2274100
LATENCY 2510200
TIMELINE 34 386 241907750907400 2510200
LATENCY 2258800
TIMELINE 34 402 241907809649900 2258800
LATENCY 2349200
TIMELINE 34 418 241907846584400 2349200
LATENCY 2254900
TIMELINE 34 434 241907882927900 2254900
LATENCY 2447300
TIMELINE 34 450 241907920528700 2447300
LATENCY 2421300
TIMELINE 34 466 241907959451800 2421300
LATENCY 2294600
TIMELINE 34 482 241907996976500 2294600
LATENCY 2313700
TIMELINE 34 498 241908034549900 2313700
LATENCY 2405500
TIMELINE 34 514 241908072098700 2405500
LATENCY 2440900
TIMELINE 34 530 241908131081700 2440900
LATENCY 2369400
TIMELINE 34 546 241908169074100 2369400
LATENCY 2299900
TIMELINE 34 562 241908206447600 2299900
LATENCY 2364400
TIMELINE 34 578 241908244542800 2364400
LATENCY 2354500
TIMELINE 34 594 241908282423000 2354500
LATENCY 2314900
TIMELINE 34 610 241908319991200 2314900
LATENCY 2255200
TIMELINE 34 626 241908358882100 2255200
LATENCY 2246400
TIMELINE 34 642 241908395454500 2246400
LATENCY 2158000
TIMELINE 34 658 241908452042300 2158000
LATENCY 2349300
TIMELINE 34 674 241908488814700 2349300
LATENCY 2324100
TIMELINE 34 690 241908526605500 2324100
LATENCY 2240400
TIMELINE 34 706 241908563684200 2240400
LATENCY 2876400
TIMELINE 34 722 241908601450300 2876400
LATENCY 2238100
TIMELINE 34 738 241908639867600 2238100
LATENCY 2361400
TIMELINE 34 754 241908677032700 2361400
LATENCY 2254100
TIMELINE 34 770 241908713711200 2254100
LATENCY 2444000
TIMELINE 34 786 241908749535800 2444000
LATENCY 2296800
TIMELINE 34 802 241908810390100 2296800
LATENCY 2182400
TIMELINE 34 818 241908846745700 2182400
LATENCY 2217900
TIMELINE 34 834 241908882971800 2217900
LATENCY 2324600
TIMELINE 34 850 241908919016800 2324600
LATENCY 2170100
TIMELINE 34 866 241908955541400 2170100
LATENCY 2138800
TIMELINE 34 882 241908990656700 2138800
LATENCY 2047800
TIMELINE 34 898 241909025928700 2047800
LATENCY 2103000
TIMELINE 34 914 241909059611900 2103000
LATENCY 2125100
TIMELINE 34 930 241909113424300 2125100
LATENCY 2098500
TIMELINE 34 946 241909147105200 2098500
LATENCY 2111200
TIMELINE 34 962 241909180803700 2111200
LATENCY 2292700
TIMELINE 34 978 241909218608200 2292700
LATENCY 2142500
TIMELINE 34 994 241909253679900 2142500
LATENCY 2193600
TIMELINE 34 1010 241909288374000 2193600
LATENCY 2119400
TIMELINE 34 1026 241909323509900 2119400
LATENCY 2856900
TIMELINE 34 1042 241909361446900 2856900
LATENCY 2775000
TIMELINE 34 1058 241909413394600 2775000
LATENCY 2803500
TIMELINE 34 1074 241909456735000 2803500
LATENCY 2908100
TIMELINE 34 1090 241909502963000 2908100
LATENCY 2918900
TIMELINE 34 1106 241909549655300 2918900
LATENCY 2910500
TIMELINE 34 1122 241909595158100 2910500
LATENCY 3245900
TIMELINE 34 1138 241909643127500 3245900
LATENCY 2840300
TIMELINE 34 1154 241909693930700 2840300
LATENCY 3138200
TIMELINE 34 1170 241909743231400 3138200
LATENCY 2728800
TIMELINE 34 1186 241909792959900 2728800
LATENCY 3096800
TIMELINE 34 1202 241909846902200 3096800
LATENCY 3105600
TIMELINE 34 1218 241909896446300 3105600
LATENCY 3213700
TIMELINE 34 1234 241909947176500 3213700
LATENCY 2798700
TIMELINE 34 1250 241909996522800 2798700
LATENCY 3157000
TIMELINE 34 1266 241910045669700 3157000
LATENCY 2895500
TIMELINE 34 1282 241910096346600 2895500
LATENCY 3334200
TIMELINE 34 1298 241910144733300 3334200
LATENCY 3052800
TIMELINE 34 1314 241910193515400 3052800
LATENCY 2710200
TIMELINE 34 1330 241910245653300 2710200
LATENCY 2992200
TIMELINE 34 1346 241910289528100 2992200
LATENCY 3021200
TIMELINE 34 1362 241910337463700 3021200
LATENCY 3015100
TIMELINE 34 1378 241910385021600 3015100
LATENCY 2947200
TIMELINE 34 1394 241910438943700 2947200
LATENCY 2764900
TIMELINE 34 1410 241910485998200 2764900
LATENCY 2524800
TIMELINE 34 1426 241910530407500 2524800
LATENCY 2583500
TIMELINE 34 1442 241910571596700 2583500
LATENCY 2628300
TIMELINE 34 1458 241910618631100 2628300
LATENCY 2861000
TIMELINE 34 1474 241910665816100 2861000
LATENCY 2674600
TIMELINE 34 1490 241910710894900 2674600
LATENCY 2572700
TIMELINE 34 1506 241910757387600 2572700
LATENCY 2967300
TIMELINE 34 1522 241910799658700 2967300
LATENCY 2573500
TIMELINE 34 1538 241910842416100 2573500
LATENCY 2912900
TIMELINE 34 1554 241910885438000 2912900
LATENCY 2906300
TIMELINE 34 1570 241910931560300 2906300
LATENCY 2665900
TIMELINE 34 1586 241910974018400 2665900
LATENCY 3061700
TIMELINE 34 1602 241911029986800 3061700
LATENCY 3013400
TIMELINE 34 1618 241911075581800 3013400
LATENCY 2715900
TIMELINE 34 1634 241911121043500 2715900
LATENCY 2722600
TIMELINE 34 1650 241911164607200 2722600
LATENCY 2587600
TIMELINE 34 1666 241911212008300 2587600
LATENCY 3245600
TIMELINE 34 1682 241911258142800 3245600
LATENCY 2923000
TIMELINE 34 1698 241911311918400 2923000
LATENCY 2970700
TIMELINE 34 1714 241911360249600 2970700
LATENCY 2876500
TIMELINE 34 1730 241911413118600 2876500
LATENCY 2862500
TIMELINE 34 1746 241911465294900 2862500
LATENCY 2727400
TIMELINE 34 1762 241911510760000 2727400
LATENCY 2990500
TIMELINE 34 1778 241911555864700 2990500
LATENCY 2877000
TIMELINE 34 1794 241911604074400 2877000
LATENCY 2865100
TIMELINE 34 1810 241911652341500 2865100
LATENCY 2684000
TIMELINE 34 1826 241911697523600 2684000
LATENCY 2859900
TIMELINE 34 1842 241911743462000 2859900
LATENCY 3208300
TIMELINE 34 1858 241911797516200 3208300
LATENCY 3059800
TIMELINE 34 1874 241911845117100 3059800
LATENCY 2914100
TIMELINE 34 1890 241911892888100 2914100
LATENCY 2966300
TIMELINE 34 1906 241911940473900 2966300
LATENCY 2774300
TIMELINE 34 1922 241911986861200 2774300
LATENCY 2775300
TIMELINE 34 1938 241912032035900 2775300
LATENCY 2714700
TIMELINE 34 1954 241912075317700 2714700
LATENCY 2720900
TIMELINE 34 1970 241912119370800 2720900
LATENCY 2900600
TIMELINE 34 1986 241912164191800 2900600
LATENCY 2788800
TIMELINE 34 2002 241912215840600 2788800
LATENCY 3020000
TIMELINE 34 2018 241912259924700 3020000
LATENCY 2933400
TIMELINE 34 2034 241912309366400 2933400
LATENCY 5468500
TIMELINE 35 3 241906561390600 5468500
LATENCY 4079000
TIMELINE 35 19 241906644463100 4079000
LATENCY 4819500
TIMELINE 35 35 241906712285900 4819500
LATENCY 3974300
TIMELINE 35 51 241906772927100 3974300
LATENCY 3971700
TIMELINE 35 67 241906832570400 3971700
LATENCY 3757100
TIMELINE 35 83 241906887072300 3757100
LATENCY 3514700
TIMELINE 35 99 241906944098600 3514700
LATENCY 2583200
TIMELINE 35 115 241907002408200 2583200
LATENCY 2487900
TIMELINE 35 131 241907077021300 2487900
LATENCY 3295900
TIMELINE 35 147 241907137865000 3295900
LATENCY 2979700
TIMELINE 35 163 241907191827900 2979700
LATENCY 2503000
TIMELINE 35 179 241907243572300 2503000
LATENCY 2405400
TIMELINE 35 195 241907283572100 2405400
LATENCY 2331600
TIMELINE 35 211 241907322015500 2331600
LATENCY 2321700
TIMELINE 35 227 241907359388200 2321700
LATENCY 2293900
TIMELINE 35 243 241907396076600 2293900
LATENCY 2325700
TIMELINE 35 259 241907453208300 2325700
LATENCY 2096700
TIMELINE 35 275 241907492580200 2096700
LATENCY 2208100
TIMELINE 35 291 241907528555000 2208100
LATENCY 2658300
TIMELINE 35 307 241907566240700 2658300
LATENCY 2267900
TIMELINE 35 323 241907604023300 2267900
LATENCY 2359300
TIMELINE 35 339 241907642076800 2359300
LATENCY 2219300
TIMELINE 35 355 241907678914200 2219300
LATENCY 2309600
TIMELINE 35 371 241907715769900 2309600
LATENCY 2457600
TIMELINE 35 387 241907753385000 2457600
LATENCY 2238400
TIMELINE 35 403 241907811876100 2238400
LATENCY 2361900
TIMELINE 35 419 241907848998500 2361900
LATENCY 2222800
TIMELINE 35 435 241907885219100 2222800
LATENCY 2549400
TIMELINE 35 451 241907920969300 2549400
LATENCY 2391800
TIMELINE 35 467 241907959982200 2391800
LATENCY 2303800
TIMELINE 35 483 241907997481500 2303800
LATENCY 2315000
TIMELINE 35 499 241908035072200 2315000
LATENCY 2385400
TIMELINE 35 515 241908072635800 2385400
LATENCY 2411000
TIMELINE 35 531 241908131627200 2411000
LATENCY 2411700
TIMELINE 35 547 241908169609600 2411700
LATENCY 2299900
TIMELINE 35 563 241908206952100 2299900
LATENCY 2330100
TIMELINE 35 579 241908245093200 2330100
LATENCY 2339200
TIMELINE 35 595 241908283016900 2339200
LATENCY 2297800
TIMELINE 35 611 241908320551300 2297800
LATENCY 2243500
TIMELINE 35 627 241908357784800 2243500
LATENCY 2250600
TIMELINE 35 643 241908394366500 2250600
LATENCY 2308900
TIMELINE 35 659 241908450856100 2308900
LATENCY 2247900
TIMELINE 35 675 241908487784500 2247900
LATENCY 2483800
TIMELINE 35 691 241908525290200 2483800
LATENCY 2255500
TIMELINE 35 707 241908562568700 2255500
LATENCY 2562100
TIMELINE 35 723 241908600283300 2562100
LATENCY 2258600
TIMELINE 35 739 241908638753600 2258600
LATENCY 2291200
TIMELINE 35 755 241908675679800 2291200
LATENCY 2250000
TIMELINE 35 771 241908712235200 2250000
LATENCY 2437500
TIMELINE 35 787 241908747958500 2437500
LATENCY 2294000
TIMELINE 35 803 241908808221600 2294000
LATENCY 2236300
TIMELINE 35 819 241908844538000 2236300
LATENCY 2224200
TIMELINE 35 835 241908880805300 2224200
LATENCY 2466600
TIMELINE 35 851 241908916367700 2466600
LATENCY 2555400
TIMELINE 35 867 241908952878900 2555400
LATENCY 2169400
TIMELINE 35 883 241908988395900 2169400
LATENCY 2057300
TIMELINE 35 899 241909023787700 2057300
LATENCY 2125600
TIMELINE 35 915 241909057398700 2125600
LATENCY 2171500
TIMELINE 35 931 241909111129200 2171500
LATENCY 2164500
TIMELINE 35 947 241909144850900 2164500
LATENCY 2111800
TIMELINE 35 963 241909178602600 2111800
LATENCY 2257300
TIMELINE 35 979 241909216526800 2257300
LATENCY 2181900
TIMELINE 35 995 241909251703500 2181900
LATENCY 2259700
TIMELINE 35 1011 241909286381700 2259700
LATENCY 2405800
TIMELINE 35 1027 241909321495700 2405800
LATENCY 2871800
TIMELINE 35 1043 241909359166500 2871800
LATENCY 2924800
TIMELINE 35 1059 241909411060500 2924800
LATENCY 2684500
TIMELINE 35 1075 241909454666900 2684500
LATENCY 3041500
TIMELINE 35 1091 241909500547400 3041500
LATENCY 3027500
TIMELINE 35 1107 241909547336200 3027500
LATENCY 2892700
TIMELINE 35 1123 241909592826600 2892700
LATENCY 3224100
TIMELINE 35 1139 241909640506700 3224100
LATENCY 2754900
TIMELINE 35 1155 241909690579400 2754900
LATENCY 3270500
TIMELINE 35 1171 241909739314200 3270500
LATENCY 2744600
TIMELINE 35 1187 241909789614700 2744600
LATENCY 3154700
TIMELINE 35 1203 241909842961400 3154700
LATENCY 3084100
TIMELINE 35 1219 241909892533300 3084100
LATENCY 3208700
TIMELINE 35 1235 241909943194500 3208700
LATENCY 2870100
TIMELINE 35 1251 241909992894000 2870100
LATENCY 3230800
TIMELINE 35 1267 241910041676900 3230800
LATENCY 2939100
TIMELINE 35 1283 241910092660700 2939100
LATENCY 3230300
TIMELINE 35 1299 241910140714900 3230300
LATENCY 2981300
TIMELINE 35 1315 241910189769800 2981300
LATENCY 2691400
TIMELINE 35 1331 241910242172500 2691400
LATENCY 2730900
TIMELINE 35 1347 241910285915900 2730900
LATENCY 2833200
TIMELINE 35 1363 241910333691900 2833200
LATENCY 3005900
TIMELINE 35 1379 241910381052500 3005900
LATENCY 2896100
TIMELINE 35 1395 241910435128900 2896100
LATENCY 2732100
TIMELINE 35 1411 241910482410200 2732100
LATENCY 2569400
TIMELINE 35 1427 241910527026900 2569400
LATENCY 2565900
TIMELINE 35 1443 241910568201500 2565900
LATENCY 2568000
TIMELINE 35 1459 241910615229300 2568000
LATENCY 3813600
TIMELINE 35 1475 241910661336700 3813600
LATENCY 2642600
TIMELINE 35 1491 241910707723800 2642600
LATENCY 2579300
TIMELINE 35 1507 241910755904900 2579300
LATENCY 3003600
TIMELINE 35 1523 241910797975800 3003600
LATENCY 2598900
TIMELINE 35 1539 241910840983100 2598900
LATENCY 2910600
TIMELINE 35 1555 241910883802400 2910600
LATENCY 3060400
TIMELINE 35 1571 241910929807800 3060400
LATENCY 2696000
TIMELINE 35 1587 241910972507200 2696000
LATENCY 2971500
TIMELINE 35 1603 241911028388100 2971500
LATENCY 2942500
TIMELINE 35 1619 241911073934300 2942500
LATENCY 2716900
TIMELINE 35 1635 241911119493600 2716900
LATENCY 2712200
TIMELINE 35 1651 241911163048700 2712200
LATENCY 2667700
TIMELINE 35 1667 241911210365700 2667700
LATENCY 3075000
TIMELINE 35 1683 241911255903300 3075000
LATENCY 2970800
TIMELINE 35 1699 241911309621600 2970800
LATENCY 2953400
TIMELINE 35 1715 241911358043500 2953400
LATENCY 2880700
TIMELINE 35 1731 241911410925500 2880700
LATENCY 3610200
TIMELINE 35 1747 241911462316300 3610200
LATENCY 2819300
TIMELINE 35 1763 241911508499700 2819300
LATENCY 2956900
TIMELINE 35 1779 241911553488100 2956900
LATENCY 3084100
TIMELINE 35 1795 241911601586400 3084100
LATENCY 2846000
TIMELINE 35 1811 241911650077000 2846000
LATENCY 2627500
TIMELINE 35 1827 241911695475600 2627500
LATENCY 2879000
TIMELINE 35 1843 241911741245200 2879000
LATENCY 3061800
TIMELINE 35 1859 241911794537600 3061800
LATENCY 2806800
TIMELINE 35 1875 241911842385600 2806800
LATENCY 2944000
TIMELINE 35 1891 241911890025000 2944000
LATENCY 2907100
TIMELINE 35 1907 241911937681700 2907100
LATENCY 2752600
TIMELINE 35 1923 241911984228000 2752600
LATENCY 2822600
TIMELINE 35 1939 241912029166100 2822600
LATENCY 2587700
TIMELINE 35 1955 241912072682500 2587700
LATENCY 2717300
TIMELINE 35 1971 241912116606600 2717300
LATENCY 2927100
TIMELINE 35 1987 241912161303200 2927100
LATENCY 2775400
TIMELINE 35 2003 241912213013000 2775400
LATENCY 3083300
TIMELINE 35 2019 241912256797100 3083300
LATENCY 2992400
TIMELINE 35 2035 241912305026300 2992400
LATENCY 5854400
TIMELINE 36 4 241906566734200 5854400
LATENCY 3996200
TIMELINE 36 20 241906648499600 3996200
LATENCY 4333100
TIMELINE 36 36 241906716803500 4333100
LATENCY 3278900
TIMELINE 36 52 241906776818000 3278900
LATENCY 3166800
TIMELINE 36 68 241906836500800 3166800
LATENCY 4469700
TIMELINE 36 84 241906890974300 4469700
LATENCY 4418800
TIMELINE 36 100 241906947830000 4418800
LATENCY 3740800
TIMELINE 36 116 241907005444900 3740800
LATENCY 2373200
TIMELINE 36 132 241907079968100 2373200
LATENCY 2935800
TIMELINE 36 148 241907141658900 2935800
LATENCY 2371800
TIMELINE 36 164 241907195262300 2371800
LATENCY 2539400
TIMELINE 36 180 241907246503300 2539400
LATENCY 2382000
TIMELINE 36 196 241907286498800 2382000
LATENCY 2300800
TIMELINE 36 212 241907324835200 2300800
LATENCY 2269000
TIMELINE 36 228 241907362314900 2269000
LATENCY 2247100
TIMELINE 36 244 241907399070000 2247100
LATENCY 2223900
TIMELINE 36 260 241907456200700 2223900
LATENCY 1854100
TIMELINE 36 276 241907495365100 1854100
LATENCY 2232800
TIMELINE 36 292 241907531490800 2232800
LATENCY 2415600
TIMELINE 36 308 241907569482800 2415600
LATENCY 2313200
TIMELINE 36 324 241907606803900 2313200
LATENCY 2360000
TIMELINE 36 340 241907644996100 2360000
LATENCY 2443800
TIMELINE 36 356 241907681646100 2443800
LATENCY 2294500
TIMELINE 36 372 241907718675900 2294500
LATENCY 2284400
TIMELINE 36 388 241907756400600 2284400
LATENCY 2368800
TIMELINE 36 404 241907814620300 2368800
LATENCY 2254100
TIMELINE 36 420 241907851808300 2254100
LATENCY 2211800
TIMELINE 36 436 241907887915100 2211800
LATENCY 2425900
TIMELINE 36 452 241907925042300 2425900
LATENCY 2259200
TIMELINE 36 468 241907963824300 2259200
LATENCY 2296800
TIMELINE 36 484 241908001218700 2296800
LATENCY 2291800
TIMELINE 36 500 241908039012500 2291800
LATENCY 2378500
TIMELINE 36 516 241908076430700 2378500
LATENCY 2352700
TIMELINE 36 532 241908135497800 2352700
LATENCY 2299500
TIMELINE 36 548 241908173558300 2299500
LATENCY 2311200
TIMELINE 36 564 241908210889900 2311200
LATENCY 2317700
TIMELINE 36 580 241908248913800 2317700
LATENCY 2457200
TIMELINE 36 596 241908286823800 2457200
LATENCY 2258000
TIMELINE 36 612 241908324272500 2258000
LATENCY 2241200
TIMELINE 36 628 241908362525700 2241200
LATENCY 2491000
TIMELINE 36 644 241908399327600 2491000
LATENCY 2380900
TIMELINE 36 660 241908455542200 2380900
LATENCY 2440700
TIMELINE 36 676 241908492734900 2440700
LATENCY 2285100
TIMELINE 36 692 241908530263800 2285100
LATENCY 2239400
TIMELINE 36 708 241908567198800 2239400
LATENCY 2333100
TIMELINE 36 724 241908605708400 2333100
LATENCY 2447800
TIMELINE 36 740 241908643406800 2447800
LATENCY 2251500
TIMELINE 36 756 241908680445900 2251500
LATENCY 2213100
TIMELINE 36 772 241908716879200 2213100
LATENCY 2304800
TIMELINE 36 788 241908752984800 2304800
LATENCY 2295900
TIMELINE 36 804 241908810898600 2295900
LATENCY 2186600
TIMELINE 36 820 241908847097900 2186600
LATENCY 2212300
TIMELINE 36 836 241908883342900 2212300
LATENCY 2370500
TIMELINE 36 852 241908919193000 2370500
LATENCY 2168700
TIMELINE 36 868 241908955753800 2168700
LATENCY 2145000
TIMELINE 36 884 241908990887500 2145000
LATENCY 2063800
TIMELINE 36 900 241909026147500 2063800
LATENCY 2103200
TIMELINE 36 916 241909059839100 2103200
LATENCY 2128200
TIMELINE 36 932 241909113535000 2128200
LATENCY 2099800
TIMELINE 36 948 241909147195400 2099800
LATENCY 2114900
TIMELINE 36 964 241909180892400 2114900
LATENCY 2237500
TIMELINE 36 980 241909219530700 2237500
LATENCY 2148400
TIMELINE 36 996 241909254562400 2148400
LATENCY 2220200
TIMELINE 36 1012 241909289374300 2220200
LATENCY 2144900
TIMELINE 36 1028 241909324435600 2144900
LATENCY 2881900
TIMELINE 36 1044 241909362664800 2881900
LATENCY 2921900
TIMELINE 36 1060 241909414549400 2921900
LATENCY 2702000
TIMELINE 36 1076 241909457759200 2702000
LATENCY 2965400
TIMELINE 36 1092 241909503999200 2965400
LATENCY 2962700
TIMELINE 36 1108 241909550728200 2962700
LATENCY 2942300
TIMELINE 36 1124 241909596172000 2942300
LATENCY 3215400
TIMELINE 36 1140 241909644180100 3215400
LATENCY 2767900
TIMELINE 36 1156 241909694704400 2767900
LATENCY 3130200
TIMELINE 36 1172 241909743993500 3130200
LATENCY 2720100
TIMELINE 36 1188 241909793638500 2720100
LATENCY 3047800
TIMELINE 36 1204 241909847489400 3047800
LATENCY 3125100
TIMELINE 36 1220 241909896997200 3125100
LATENCY 3241600
TIMELINE 36 1236 241909947730300 3241600
LATENCY 2807200
TIMELINE 36 1252 241909997009800 2807200
LATENCY 3175500
TIMELINE 36 1268 241910046178600 3175500
LATENCY 2942600
TIMELINE 36 1284 241910096826600 2942600
LATENCY 3362200
TIMELINE 36 1300 241910145261500 3362200
LATENCY 3053300
TIMELINE 36 1316 241910194015100 3053300
LATENCY 2753100
TIMELINE 36 1332 241910246106100 2753100
LATENCY 2931200
TIMELINE 36 1348 241910290096500 2931200
LATENCY 2979600
TIMELINE 36 1364 241910337950800 2979600
LATENCY 3017900
TIMELINE 36 1380 241910385486300 3017900
LATENCY 2967300
TIMELINE 36 1396 241910439373300 2967300
LATENCY 2729500
TIMELINE 36 1412 241910486453400 2729500
LATENCY 2513200
TIMELINE 36 1428 241910530798600 2513200
LATENCY 2591400
TIMELINE 36 1444 241910571969100 2591400
LATENCY 2682600
TIMELINE 36 1460 241910619019700 2682600
LATENCY 2873300
TIMELINE 36 1476 241910666257500 2873300
LATENCY 2652100
TIMELINE 36 1492 241910711329200 2652100
LATENCY 2577500
TIMELINE 36 1508 241910756548600 2577500
LATENCY 2991000
TIMELINE 36 1524 241910798702400 2991000
LATENCY 2566400
TIMELINE 36 1540 241910841594900 2566400
LATENCY 2893100
TIMELINE 36 1556 241910884461500 2893100
LATENCY 3084300
TIMELINE 36 1572 241910930399900 3084300
LATENCY 2691800
TIMELINE 36 1588 241910973117200 2691800
LATENCY 3065500
TIMELINE 36 1604 241911028961300 3065500
LATENCY 2982100
TIMELINE 36 1620 241911074589700 2982100
LATENCY 2710300
TIMELINE 36 1636 241911120121800 2710300
LATENCY 2723400
TIMELINE 36 1652 241911163673900 2723400
LATENCY 2663400
TIMELINE 36 1668 241911210905200 2663400
LATENCY 3235300
TIMELINE 36 1684 241911256632600 3235300
LATENCY 2968900
TIMELINE 36 1700 241911310359500 2968900
LATENCY 2948500
TIMELINE 36 1716 241911358740500 2948500
LATENCY 2878100
TIMELINE 36 1732 241911411602700 2878100
LATENCY 3585400
TIMELINE 36 1748 241911463098400 3585400
LATENCY 2773200
TIMELINE 36 1764 241911509205200 2773200
LATENCY 2983700
TIMELINE 36 1780 241911554225600 2983700
LATENCY 3021500
TIMELINE 36 1796 241911602356200 3021500
LATENCY 2864400
TIMELINE 36 1812 241911650699200 2864400
LATENCY 2645000
TIMELINE 36 1828 241911696162600 2645000
LATENCY 2894700
TIMELINE 36 1844 241911741946000 2894700
LATENCY 3132400
TIMELINE 36 1860 241911793457800 3132400
LATENCY 2808300
TIMELINE 36 1876 241911841440000 2808300
LATENCY 2946600
TIMELINE 36 1892 241911889023700 2946600
LATENCY 2887900
TIMELINE 36 1908 241911936732000 2887900
LATENCY 2619600
TIMELINE 36 1924 241911983381400 2619600
LATENCY 2879400
TIMELINE 36 1940 241912028242200 2879400
LATENCY 2589400
TIMELINE 36 1956 241912071871800 2589400
LATENCY 2660100
TIMELINE 36 1972 241912115810400 2660100
LATENCY 2966900
TIMELINE 36 1988 241912160324000 2966900
LATENCY 2764200
TIMELINE 36 2004 241912212171300 2764200
LATENCY 3068400
TIMELINE 36 2020 241912255871500 3068400
LATENCY 3007900
TIMELINE 36 2036 241912301875400 3007900
LATENCY 6072400
TIMELINE 37 5 241906572759700 6072400
LATENCY 4329400
TIMELINE 37 21 241906652869300 4329400
LATENCY 3098100
TIMELINE 37 37 241906721532300 3098100
LATENCY 3258200
TIMELINE 37 53 241906780345600 3258200
LATENCY 3198000
TIMELINE 37 69 241906839862700 3198000
LATENCY 4457400
TIMELINE 37 85 241906895590900 4457400
LATENCY 4363900
TIMELINE 37 101 241906952399800 4363900
LATENCY 4341100
TIMELINE 37 117 241907009240200 4341100
LATENCY 2562000
TIMELINE 37 133 241907082251700 2562000
LATENCY 3052500
TIMELINE 37 149 241907144515600 3052500
LATENCY 2378900
TIMELINE 37 165 241907197571300 2378900
LATENCY 2559000
TIMELINE 37 181 241907249003200 2559000
LATENCY 2391200
TIMELINE 37 197 241907288815500 2391200
LATENCY 2372000
TIMELINE 37 213 241907327078400 2372000
LATENCY 2276900
TIMELINE 37 229 241907364493000 2276900
LATENCY 2301800
TIMELINE 37 245 241907401164100 2301800
LATENCY 2259900
TIMELINE 37 261 241907458339600 2259900
LATENCY 2322500
TIMELINE 37 277 241907497617500 2322500
LATENCY 2203300
TIMELINE 37 293 241907534112600 2203300
LATENCY 2401200
TIMELINE 37 309 241907572373100 2401200
LATENCY 2423400
TIMELINE 37 325 241907609575700 2423400
LATENCY 2307700
TIMELINE 37 341 241907647801000 2307700
LATENCY 2294900
TIMELINE 37 357 241907684619000 2294900
LATENCY 2508400
TIMELINE 37 373 241907721490700 2508400
LATENCY 22699600
TIMELINE 37 389 241907759329300 22699600
LATENCY 2445600
TIMELINE 37 405 241907817705400 2445600
LATENCY 2241900
TIMELINE 37 421 241907854718000 2241900
LATENCY 2197700
TIMELINE 37 437 241907890753500 2197700
LATENCY 2278700
TIMELINE 37 453 241907929709200 2278700
LATENCY 2244800
TIMELINE 37 469 241907968188400 2244800
LATENCY 2286200
TIMELINE 37 485 241908005663700 2286200
LATENCY 2291300
TIMELINE 37 501 241908043491300 2291300
LATENCY 2293700
TIMELINE 37 517 241908081041800 2293700
LATENCY 2397300
TIMELINE 37 533 241908140021300 2397300
LATENCY 2369700
TIMELINE 37 549 241908177904600 2369700
LATENCY 2301000
TIMELINE 37 565 241908215170600 2301000
LATENCY 2402200
TIMELINE 37 581 241908253313000 2402200
LATENCY 2368500
TIMELINE 37 597 241908291545600 2368500
LATENCY 2299000
TIMELINE 37 613 241908328737500 2299000
LATENCY 2373500
TIMELINE 37 629 241908366230400 2373500
LATENCY 2246400
TIMELINE 37 645 241908403399800 2246400
LATENCY 2366900
TIMELINE 37 661 241908459638300 2366900
LATENCY 2267400
TIMELINE 37 677 241908496772900 2267400
LATENCY 2255200
TIMELINE 37 693 241908533974800 2255200
LATENCY 2380900
TIMELINE 37 709 241908570914500 2380900
LATENCY 2351900
TIMELINE 37 725 241908609551100 2351900
LATENCY 2322100
TIMELINE 37 741 241908647370300 2322100
LATENCY 2313900
TIMELINE 37 757 241908684193500 2313900
LATENCY 2302700
TIMELINE 37 773 241908720699600 2302700
LATENCY 22711200
TIMELINE 37 789 241908756878000 22711200
LATENCY 2295700
TIMELINE 37 805 241908815526200 2295700
LATENCY 2325900
TIMELINE 37 821 241908851599800 2325900
LATENCY 2274500
TIMELINE 37 837 241908887918900 2274500
LATENCY 2282700
TIMELINE 37 853 241908924092700 2282700
LATENCY 2201100
TIMELINE 37 869 241908960258900 2201100
LATENCY 2316800
TIMELINE 37 885 241908995315100 2316800
LATENCY 2112100
TIMELINE 37 901 241909030479400 2112100
LATENCY 2106400
TIMELINE 37 917 241909064172600 2106400
LATENCY 2133300
TIMELINE 37 933 241909117953200 2133300
LATENCY 2093500
TIMELINE 37 949 241909151603700 2093500
LATENCY 2108000
TIMELINE 37 965 241909185265800 2108000
LATENCY 2219500
TIMELINE 37 981 241909222909400 2219500
LATENCY 2108100
TIMELINE 37 997 241909257848900 2108100
LATENCY 2249500
TIMELINE 37 1013 241909292794700 2249500
LATENCY 2281700
TIMELINE 37 1029 241909327698500 2281700
LATENCY 2806400
TIMELINE 37 1045 241909367140500 2806400
LATENCY 2738700
TIMELINE 37 1061 241909419056300 2738700
LATENCY 2720900
TIMELINE 37 1077 241909461970900 2720900
LATENCY 2916500
TIMELINE 37 1093 241909508456500 2916500
LATENCY 2901100
TIMELINE 37 1109 241909555233400 2901100
LATENCY 2896000
TIMELINE 37 1125 241909600574100 2896000
LATENCY 2954100
TIMELINE 37 1141 241909649056500 2954100
LATENCY 2880900
TIMELINE 37 1157 241909697389300 2880900
LATENCY 3178700
TIMELINE 37 1173 241909747001500 3178700
LATENCY 2762900
TIMELINE 37 1189 241909796255200 2762900
LATENCY 3088400
TIMELINE 37 1205 241909850333000 3088400
LATENCY 3125900
TIMELINE 37 1221 241909899862200 3125900
LATENCY 3065800
TIMELINE 37 1237 241909950712100 3065800
LATENCY 2944700
TIMELINE 37 1253 241909999592800 2944700
LATENCY 3237100
TIMELINE 37 1269 241910049137700 3237100
LATENCY 2881500
TIMELINE 37 1285 241910099534200 2881500
LATENCY 3024900
TIMELINE 37 1301 241910148396300 3024900
LATENCY 3004100
TIMELINE 37 1317 241910196863600 3004100
LATENCY 2695500
TIMELINE 37 1333 241910248672300 2695500
LATENCY 2678000
TIMELINE 37 1349 241910292823100 2678000
LATENCY 2882800
TIMELINE 37 1365 241910340805500 2882800
LATENCY 3057300
TIMELINE 37 1381 241910388372100 3057300
LATENCY 2880500
TIMELINE 37 1397 241910442210300 2880500
LATENCY 2709600
TIMELINE 37 1413 241910489073200 2709600
LATENCY 2585800
TIMELINE 37 1429 241910533210600 2585800
LATENCY 2574300
TIMELINE 37 1445 241910574415700 2574300
LATENCY 2710300
TIMELINE 37 1461 241910621539300 2710300
LATENCY 2896000
TIMELINE 37 1477 241910668928100 2896000
LATENCY 2809800
TIMELINE 37 1493 241910713810100 2809800
LATENCY 2543900
TIMELINE 37 1509 241910759303700 2543900
LATENCY 2952700
TIMELINE 37 1525 241910801906200 2952700
LATENCY 2573200
TIMELINE 37 1541 241910844371700 2573200
LATENCY 2331500
TIMELINE 37 1557 241910887618900 2331500
LATENCY 2907600
TIMELINE 37 1573 241910933764600 2907600
LATENCY 2572600
TIMELINE 37 1589 241910976056100 2572600
LATENCY 2970200
TIMELINE 37 1605 241911032414300 2970200
LATENCY 2990300
TIMELINE 37 1621 241911077933000 2990300
LATENCY 2719700
TIMELINE 37 1637 241911123168800 2719700
LATENCY 2780000
TIMELINE 37 1653 241911166725800 2780000
LATENCY 2950100
TIMELINE 37 1669 241911214055700 2950100
LATENCY 2917900
TIMELINE 37 1685 241911259995000 2917900
LATENCY 2940400
TIMELINE 37 1701 241911313451300 2940400
LATENCY 2947900
TIMELINE 37 1717 241911361851500 2947900
LATENCY 3146900
TIMELINE 37 1733 241911414640400 3146900
LATENCY 2730900
TIMELINE 37 1749 241911466961700 2730900
LATENCY 2692600
TIMELINE 37 1765 241911512257000 2692600
LATENCY 2916100
TIMELINE 37 1781 241911557541000 2916100
LATENCY 2963500
TIMELINE 37 1797 241911605702000 2963500
LATENCY 2855100
TIMELINE 37 1813 241911653838300 2855100
LATENCY 2679700
TIMELINE 37 1829 241911698896400 2679700
LATENCY 2877600
TIMELINE 37 1845 241911744923500 2877600
LATENCY 3297700
TIMELINE 37 1861 241911799087700 3297700
LATENCY 3066600
TIMELINE 37 1877 241911846626300 3066600
LATENCY 2934200
TIMELINE 37 1893 241911894319800 2934200
LATENCY 2952300
TIMELINE 37 1909 241911941914100 2952300
LATENCY 2621900
TIMELINE 37 1925 241911988179900 2621900
LATENCY 2796500
TIMELINE 37 1941 241912033166400 2796500
LATENCY 2679200
TIMELINE 37 1957 241912076479900 2679200
LATENCY 2615600
TIMELINE 37 1973 241912120518800 2615600
LATENCY 2885200
TIMELINE 37 1989 241912165411500 2885200
LATENCY 2797700
TIMELINE 37 2005 241912216900000 2797700
LATENCY 3019300
TIMELINE 37 2021 241912261151600 3019300
LATENCY 2938600
TIMELINE 37 2037 241912307502100 2938600
LATENCY 5984300
TIMELINE 38 6 241906579024400 5984300
LATENCY 3995500
TIMELINE 38 22 241906657272600 3995500
LATENCY 3301100
TIMELINE 38 38 241906724719000 3301100
LATENCY 3012000
TIMELINE 38 54 241906783732600 3012000
LATENCY 2960200
TIMELINE 38 70 241906843192600 2960200
LATENCY 4445600
TIMELINE 38 86 241906900126400 4445600
LATENCY 4221900
TIMELINE 38 102 241906956834800 4221900
LATENCY 4566800
TIMELINE 38 118 241907012768200 4566800
LATENCY 3103200
TIMELINE 38 134 241907084399700 3103200
LATENCY 2991900
TIMELINE 38 150 241907147026300 2991900
LATENCY 2333000
TIMELINE 38 166 241907199552000 2333000
LATENCY 2481600
TIMELINE 38 182 241907251159700 2481600
LATENCY 2442800
TIMELINE 38 198 241907290865800 2442800
LATENCY 2526500
TIMELINE 38 214 241907329046900 2526500
LATENCY 2298600
TIMELINE 38 230 241907366399700 2298600
LATENCY 2329500
TIMELINE 38 246 241907403073600 2329500
LATENCY 2186000
TIMELINE 38 262 241907460223400 2186000
LATENCY 2364500
TIMELINE 38 278 241907500458500 2364500
LATENCY 2221200
TIMELINE 38 294 241907536790700 2221200
LATENCY 2318700
TIMELINE 38 310 241907575348600 2318700
LATENCY 2434100
TIMELINE 38 326 241907612547600 2434100
LATENCY 2280800
TIMELINE 38 342 241907650551000 2280800
LATENCY 2284200
TIMELINE 38 358 241907687329700 2284200
LATENCY 2384500
TIMELINE 38 374 241907724240700 2384500
LATENCY 3025300
TIMELINE 38 390 241907782379600 3025300
LATENCY 2275400
TIMELINE 38 406 241907820365900 2275400
LATENCY 2252600
TIMELINE 38 422 241907857116800 2252600
LATENCY 2308300
TIMELINE 38 438 241907893103200 2308300
LATENCY 2501600
TIMELINE 38 454 241907932521900 2501600
LATENCY 2336500
TIMELINE 38 470 241907970863400 2336500
LATENCY 2376700
TIMELINE 38 486 241908008326300 2376700
LATENCY 2364600
TIMELINE 38 502 241908046168900 2364600
LATENCY 2372700
TIMELINE 38 518 241908083774600 2372700
LATENCY 2316300
TIMELINE 38 534 241908142881000 2316300
LATENCY 2320400
TIMELINE 38 550 241908180722100 2320400
LATENCY 2349500
TIMELINE 38 566 241908217901500 2349500
LATENCY 2515400
TIMELINE 38 582 241908256203900 2515400
LATENCY 2358600
TIMELINE 38 598 241908294313300 2358600
LATENCY 2409500
TIMELINE 38 614 241908331427500 2409500
LATENCY 2210100
TIMELINE 38 630 241908369597700 2210100
LATENCY 2288300
TIMELINE 38 646 241908406819600 2288300
LATENCY 2307900
TIMELINE 38 662 241908463246600 2307900
LATENCY 2304800
TIMELINE 38 678 241908500350100 2304800
LATENCY 2246700
TIMELINE 38 694 241908537532200 2246700
LATENCY 2648400
TIMELINE 38 710 241908574898300 2648400
LATENCY 2288300
TIMELINE 38 726 241908613305700 2288300
LATENCY 2276000
TIMELINE 38 742 241908651041700 2276000
LATENCY 2265100
TIMELINE 38 758 241908687847300 2265100
LATENCY 2209700
TIMELINE 38 774 241908724392200 2209700
LATENCY 2494100
TIMELINE 38 790 241908781814200 2494100
LATENCY 2274000
TIMELINE 38 806 241908820349200 2274000
LATENCY 2538600
TIMELINE 38 822 241908856364900 2538600
LATENCY 2158700
TIMELINE 38 838 241908892604600 2158700
LATENCY 2214700
TIMELINE 38 854 241908928850900 2214700
LATENCY 2152200
TIMELINE 38 870 241908964800400 2152200
LATENCY 2247900
TIMELINE 38 886 241909000167500 2247900
LATENCY 2112300
TIMELINE 38 902 241909034892600 2112300
LATENCY 2085900
TIMELINE 38 918 241909068560800 2085900
LATENCY 2091400
TIMELINE 38 934 241909122426100 2091400
LATENCY 2125900
TIMELINE 38 950 241909156035300 2125900
LATENCY 2125600
TIMELINE 38 966 241909189744000 2125600
LATENCY 2201700
TIMELINE 38 982 241909229329100 2201700
LATENCY 2161100
TIMELINE 38 998 241909263960000 2161100
LATENCY 2120900
TIMELINE 38 1014 241909299091000 2120900
LATENCY 2186800
TIMELINE 38 1030 241909334082400 2186800
LATENCY 2882500
TIMELINE 38 1046 241909375404200 2882500
LATENCY 2625900
TIMELINE 38 1062 241909427125600 2625900
LATENCY 2819800
TIMELINE 38 1078 241909469916500 2819800
LATENCY 2994300
TIMELINE 38 1094 241909517101900 2994300
LATENCY 2882500
TIMELINE 38 1110 241909563849200 2882500
LATENCY 2839500
TIMELINE 38 1126 241909609013000 2839500
LATENCY 3330100
TIMELINE 38 1142 241909657184200 3330100
LATENCY 2930200
TIMELINE 38 1158 241909706327300 2930200
LATENCY 3181600
TIMELINE 38 1174 241909756683200 3181600
LATENCY 3059000
TIMELINE 38 1190 241909810794300 3059000
LATENCY 3136200
TIMELINE 38 1206 241909860053200 3136200
LATENCY 3084800
TIMELINE 38 1222 241909909706700 3084800
LATENCY 3014000
TIMELINE 38 1238 241909960486000 3014000
LATENCY 2962800
TIMELINE 38 1254 241910009046100 2962800
LATENCY 3242400
TIMELINE 38 1270 241910059193900 3242400
LATENCY 2935100
TIMELINE 38 1286 241910108708900 2935100
LATENCY 3042100
TIMELINE 38 1302 241910158049300 3042100
LATENCY 2952600
TIMELINE 38 1318 241910206190400 2952600
LATENCY 2819100
TIMELINE 38 1334 241910257347000 2819100
LATENCY 2757100
TIMELINE 38 1350 241910301256100 2757100
LATENCY 2887700
TIMELINE 38 1366 241910349849600 2887700
LATENCY 3021100
TIMELINE 38 1382 241910397896000 3021100
LATENCY 2930400
TIMELINE 38 1398 241910451470500 2930400
LATENCY 2959200
TIMELINE 38 1414 241910498162600 2959200
LATENCY 2596700
TIMELINE 38 1430 241910541327900 2596700
LATENCY 2569900
TIMELINE 38 1446 241910582522700 2569900
LATENCY 2749900
TIMELINE 38 1462 241910630335800 2749900
LATENCY 2725400
TIMELINE 38 1478 241910677711500 2725400
LATENCY 2726300
TIMELINE 38 1494 241910722430700 2726300
LATENCY 2594600
TIMELINE 38 1510 241910766997900 2594600
LATENCY 2604400
TIMELINE 38 1526 241910810760900 2604400
LATENCY 2568600
TIMELINE 38 1542 241910852007300 2568600
LATENCY 2840600
TIMELINE 38 1558 241910895579500 2840600
LATENCY 2504900
TIMELINE 38 1574 241910941763800 2504900
LATENCY 11948200
TIMELINE 38 1590 241910983776900 11948200
LATENCY 2896700
TIMELINE 38 1606 241911040952700 2896700
LATENCY 2894100
TIMELINE 38 1622 241911086552000 2894100
LATENCY 2776400
TIMELINE 38 1638 241911131144200 2776400
LATENCY 5702900
TIMELINE 38 1654 241911174645700 5702900
LATENCY 2588600
TIMELINE 38 1670 241911221911600 2588600
LATENCY 4084000
TIMELINE 38 1686 241911267166400 4084000
LATENCY 2767800
TIMELINE 38 1702 241911320822200 2767800
LATENCY 2931900
TIMELINE 38 1718 241911369091700 2931900
LATENCY 2836500
TIMELINE 38 1734 241911427142200 2836500
LATENCY 2946900
TIMELINE 38 1750 241911473947300 2946900
LATENCY 2829000
TIMELINE 38 1766 241911518888000 2829000
LATENCY 3072000
TIMELINE 38 1782 241911564606300 3072000
LATENCY 3085000
TIMELINE 38 1798 241911612960900 3085000
LATENCY 3061700
TIMELINE 38 1814 241911660893900 3061700
LATENCY 4775100
TIMELINE 38 1830 241911705628800 4775100
LATENCY 3095700
TIMELINE 38 1846 241911752011300 3095700
LATENCY 3039700
TIMELINE 38 1862 241911806489600 3039700
LATENCY 3062800
TIMELINE 38 1878 241911853733100 3062800
LATENCY 2873800
TIMELINE 38 1894 241911901143600 2873800
LATENCY 2883000
TIMELINE 38 1910 241911948796400 2883000
LATENCY 2687400
TIMELINE 38 1926 241911994522600 2687400
LATENCY 2713100
TIMELINE 38 1942 241912039810100 2713100
LATENCY 3005800
TIMELINE 38 1958 241912082997200 3005800
LATENCY 2966400
TIMELINE 38 1974 241912126976300 2966400
LATENCY 2926100
TIMELINE 38 1990 241912172505100 2926100
LATENCY 2784700
TIMELINE 38 2006 241912223765400 2784700
LATENCY 3085300
TIMELINE 38 2022 241912268609900 3085300
LATENCY 3120800
TIMELINE 38 2038 241912316614100 3120800
LATENCY 6665600
TIMELINE 39 7 241906584843000 6665600
LATENCY 3949900
TIMELINE 39 23 241906661195500 3949900
LATENCY 3357100
TIMELINE 39 39 241906727864100 3357100
LATENCY 3061300
TIMELINE 39 55 241906786513300 3061300
LATENCY 2912900
TIMELINE 39 71 241906845923400 2912900
LATENCY 4487900
TIMELINE 39 87 241906904330000 4487900
LATENCY 4616600
TIMELINE 39 103 241906960830200 4616600
LATENCY 4591100
TIMELINE 39 119 241907016806400 4591100
LATENCY 4497100
TIMELINE 39 135 241907086913100 4497100
LATENCY 2660000
TIMELINE 39 151 241907149710700 2660000
LATENCY 2662600
TIMELINE 39 167 241907201643200 2662600
LATENCY 2461800
TIMELINE 39 183 241907253308900 2461800
LATENCY 2352600
TIMELINE 39 199 241907292938500 2352600
LATENCY 2318000
TIMELINE 39 215 241907331228900 2318000
LATENCY 2424500
TIMELINE 39 231 241907368371200 2424500
LATENCY 2430600
TIMELINE 39 247 241907405065900 2430600
LATENCY 2359300
TIMELINE 39 263 241907462090100 2359300
LATENCY 2440100
TIMELINE 39 279 241907501811300 2440100
LATENCY 2297800
TIMELINE 39 295 241907538082400 2297800
LATENCY 2298400
TIMELINE 39 311 241907576821000 2298400
LATENCY 2372400
TIMELINE 39 327 241907614128600 2372400
LATENCY 2286100
TIMELINE 39 343 241907652039300 2286100
LATENCY 2324300
TIMELINE 39 359 241907688854400 2324300
LATENCY 2378400
TIMELINE 39 375 241907725928800 2378400
LATENCY 2606600
TIMELINE 39 391 241907784606900 2606600
LATENCY 2284300
TIMELINE 39 407 241907822004300 2284300
LATENCY 2238700
TIMELINE 39 423 241907858776600 2238700
LATENCY 2280200
TIMELINE 39 439 241907894808400 2280200
LATENCY 2564900
TIMELINE 39 455 241907932739500 2564900
LATENCY 2329500
TIMELINE 39 471 241907971125200 2329500
LATENCY 2420900
TIMELINE 39 487 241908008608000 2420900
LATENCY 2403300
TIMELINE 39 503 241908046439800 2403300
LATENCY 2456400
TIMELINE 39 519 241908084057800 2456400
LATENCY 2338000
TIMELINE 39 535 241908143188900 2338000
LATENCY 2317100
TIMELINE 39 551 241908181009500 2317100
LATENCY 2340800
TIMELINE 39 567 241908218200400 2340800
LATENCY 2543600
TIMELINE 39 583 241908256406500 2543600
LATENCY 2357700
TIMELINE 39 599 241908294641600 2357700
LATENCY 2383800
TIMELINE 39 615 241908331799900 2383800
LATENCY 2209900
TIMELINE 39 631 241908369236900 2209900
LATENCY 2292900
TIMELINE 39 647 241908406305500 2292900
LATENCY 2343500
TIMELINE 39 663 241908462697000 2343500
LATENCY 2271400
TIMELINE 39 679 241908499852200 2271400
LATENCY 2246500
TIMELINE 39 695 241908537140200 2246500
LATENCY 2632000
TIMELINE 39 711 241908574419300 2632000
LATENCY 2281600
TIMELINE 39 727 241908612766600 2281600
LATENCY 2260400
TIMELINE 39 743 241908650490300 2260400
LATENCY 2261700
TIMELINE 39 759 241908687338800 2261700
LATENCY 2196800
TIMELINE 39 775 241908723893600 2196800
LATENCY 2713000
TIMELINE 39 791 241908781048100 2713000
LATENCY 2269000
TIMELINE 39 807 241908817951900 2269000
LATENCY 2191300
TIMELINE 39 823 241908854112300 2191300
LATENCY 2169000
TIMELINE 39 839 241908890373300 2169000
LATENCY 2261400
TIMELINE 39 855 241908926526900 2261400
LATENCY 2156000
TIMELINE 39 871 241908962578600 2156000
LATENCY 2341700
TIMELINE 39 887 241908997734000 2341700
LATENCY 2114400
TIMELINE 39 903 241909032683800 2114400
LATENCY 2080000
TIMELINE 39 919 241909066339700 2080000
LATENCY 2108900
TIMELINE 39 935 241909120204500 2108900
LATENCY 2101700
TIMELINE 39 951 241909153843000 2101700
LATENCY 2134500
TIMELINE 39 967 241909187517600 2134500
LATENCY 2151500
TIMELINE 39 983 241909226308400 2151500
LATENCY 2132100
TIMELINE 39 999 241909261054500 2132100
LATENCY 2160500
TIMELINE 39 1015 241909296097600 2160500
LATENCY 2176200
TIMELINE 39 1031 241909331068600 2176200
LATENCY 2930100
TIMELINE 39 1047 241909371442400 2930100
LATENCY 2719700
TIMELINE 39 1063 241909423427300 2719700
LATENCY 2562700
TIMELINE 39 1079 241909466356600 2562700
LATENCY 2990900
TIMELINE 39 1095 241909513036900 2990900
LATENCY 2919100
TIMELINE 39 1111 241909559888700 2919100
LATENCY 2901800
TIMELINE 39 1127 241909605091800 2901800
LATENCY 2665100
TIMELINE 39 1143 241909653543500 2665100
LATENCY 2971100
TIMELINE 39 1159 241909702522500 2971100
LATENCY 3179000
TIMELINE 39 1175 241909752709600 3179000
LATENCY 8745600
TIMELINE 39 1191 241909801301700 8745600
LATENCY 3081000
TIMELINE 39 1207 241909856013600 3081000
LATENCY 3129700
TIMELINE 39 1223 241909905539700 3129700
LATENCY 3160200
TIMELINE 39 1239 241909956331300 3160200
LATENCY 2895400
TIMELINE 39 1255 241910005289500 2895400
LATENCY 3209300
TIMELINE 39 1271 241910054988200 3209300
LATENCY 2932600
TIMELINE 39 1287 241910104829600 2932600
LATENCY 3112900
TIMELINE 39 1303 241910153931400 3112900
LATENCY 2918600
TIMELINE 39 1319 241910202341700 2918600
LATENCY 2807400
TIMELINE 39 1335 241910253652400 2807400
LATENCY 2689600
TIMELINE 39 1351 241910297679800 2689600
LATENCY 2870900
TIMELINE 39 1367 241910346049700 2870900
LATENCY 3015500
TIMELINE 39 1383 241910393907500 3015500
LATENCY 3025100
TIMELINE 39 1399 241910447508200 3025100
LATENCY 3061500
TIMELINE 39 1415 241910494157200 3061500
LATENCY 2581200
TIMELINE 39 1431 241910537925500 2581200
LATENCY 2561600
TIMELINE 39 1447 241910579142100 2561600
LATENCY 2859400
TIMELINE 39 1463 241910626622800 2859400
LATENCY 2711200
TIMELINE 39 1479 241910674058900 2711200
LATENCY 2717600
TIMELINE 39 1495 241910718830400 2717600
LATENCY 2640200
TIMELINE 39 1511 241910764311400 2640200
LATENCY 2992400
TIMELINE 39 1527 241910807728100 2992400
LATENCY 2531800
TIMELINE 39 1543 241910849509100 2531800
LATENCY 2864100
TIMELINE 39 1559 241910892753000 2864100
LATENCY 2537100
TIMELINE 39 1575 241910939289900 2537100
LATENCY 2676600
TIMELINE 39 1591 241910981144100 2676600
LATENCY 2855100
TIMELINE 39 1607 241911038014800 2855100
LATENCY 2871500
TIMELINE 39 1623 241911083598000 2871500
LATENCY 2714200
TIMELINE 39 1639 241911128342400 2714200
LATENCY 2577700
TIMELINE 39 1655 241911171973900 2577700
LATENCY 2623100
TIMELINE 39 1671 241911219212800 2623100
LATENCY 3170800
TIMELINE 39 1687 241911265881400 3170800
LATENCY 2848900
TIMELINE 39 1703 241911319526000 2848900
LATENCY 2942900
TIMELINE 39 1719 241911367770200 2942900
LATENCY 3299900
TIMELINE 39 1735 241911425454800 3299900
LATENCY 2940100
TIMELINE 39 1751 241911472686900 2940100
LATENCY 2881400
TIMELINE 39 1767 241911517781200 2881400
LATENCY 3049600
TIMELINE 39 1783 241911563542300 3049600
LATENCY 3060900
TIMELINE 39 1799 241911611840000 3060900
LATENCY 3030700
TIMELINE 39 1815 241911659803300 3030700
LATENCY 3380200
TIMELINE 39 1831 241911704505500 3380200
LATENCY 3043300
TIMELINE 39 1847 241911750877900 3043300
LATENCY 3105300
TIMELINE 39 1863 241911804035600 3105300
LATENCY 3082600
TIMELINE 39 1879 241911851285100 3082600
LATENCY 2896700
TIMELINE 39 1895 241911898837200 2896700
LATENCY 2909700
TIMELINE 39 1911 241911946470000 2909700
LATENCY 2676100
TIMELINE 39 1927 241911992387300 2676100
LATENCY 2762000
TIMELINE 39 1943 241912037627900 2762000
LATENCY 2729100
TIMELINE 39 1959 241912080823000 2729100
LATENCY 2660300
TIMELINE 39 1975 241912124851200 2660300
LATENCY 2893300
TIMELINE 39 1991 241912170125000 2893300
LATENCY 2757800
TIMELINE 39 2007 241912221451900 2757800
LATENCY 3043400
TIMELINE 39 2023 241912266062100 3043400
LATENCY 2938800
TIMELINE 39 2039 241912313629600 2938800
LATENCY 5390000
TIMELINE 40 8 241906591602300 5390000
LATENCY 4535600
TIMELINE 40 24 241906665000100 4535600
LATENCY 3878000
TIMELINE 40 40 241906731179600 3878000
LATENCY 3263400
TIMELINE 40 56 241906789615900 3263400
LATENCY 2940100
TIMELINE 40 72 241906848932400 2940100
LATENCY 3328800
TIMELINE 40 88 241906908965000 3328800
LATENCY 4914600
TIMELINE 40 104 241906965587900 4914600
LATENCY 3667700
TIMELINE 40 120 241907020764200 3667700
LATENCY 4300200
TIMELINE 40 136 241907090782200 4300200
LATENCY 4609000
TIMELINE 40 152 241907151888800 4609000
LATENCY 3799800
TIMELINE 40 168 241907203812400 3799800
LATENCY 2403800
TIMELINE 40 184 241907255502800 2403800
LATENCY 2404600
TIMELINE 40 200 241907295113600 2404600
LATENCY 2371700
TIMELINE 40 216 241907333419700 2371700
LATENCY 2410800
TIMELINE 40 232 241907370713100 2410800
LATENCY 2284800
TIMELINE 40 248 241907407469700 2284800
LATENCY 3320800
TIMELINE 40 264 241907464393100 3320800
LATENCY 2271800
TIMELINE 40 280 241907504750900 2271800
LATENCY 2420800
TIMELINE 40 296 241907540926400 2420800
LATENCY 2287700
TIMELINE 40 312 241907579523400 2287700
LATENCY 2397500
TIMELINE 40 328 241907616907500 2397500
LATENCY 2272700
TIMELINE 40 344 241907654762200 2272700
LATENCY 2281300
TIMELINE 40 360 241907691597200 2281300
LATENCY 2304400
TIMELINE 40 376 241907728585800 2304400
LATENCY 2433200
TIMELINE 40 392 241907787552600 2433200
LATENCY 2267800
TIMELINE 40 408 241907824597000 2267800
LATENCY 2271900
TIMELINE 40 424 241907861292900 2271900
LATENCY 2192000
TIMELINE 40 440 241907897323400 2192000
LATENCY 2512600
TIMELINE 40 456 241907935850500 2512600
LATENCY 2261600
TIMELINE 40 472 241907973880600 2261600
LATENCY 2368400
TIMELINE 40 488 241908011450000 2368400
LATENCY 2378800
TIMELINE 40 504 241908049213500 2378800
LATENCY 2391900
TIMELINE 40 520 241908086976800 2391900
LATENCY 2415700
TIMELINE 40 536 241908145947700 2415700
LATENCY 2310500
TIMELINE 40 552 241908183795800 2310500
LATENCY 2294300
TIMELINE 40 568 241908220996500 2294300
LATENCY 2276600
TIMELINE 40 584 241908259409000 2276600
LATENCY 2362900
TIMELINE 40 600 241908297360900 2362900
LATENCY 2373800
TIMELINE 40 616 241908334543400 2373800
LATENCY 2189800
TIMELINE 40 632 241908370955200 2189800
LATENCY 2266400
TIMELINE 40 648 241908408082200 2266400
LATENCY 2230200
TIMELINE 40 664 241908464548200 2230200
LATENCY 2354000
TIMELINE 40 680 241908501722700 2354000
LATENCY 2387500
TIMELINE 40 696 241908538942900 2387500
LATENCY 2443900
TIMELINE 40 712 241908576562300 2443900
LATENCY 2267400
TIMELINE 40 728 241908614649100 2267400
LATENCY 2343600
TIMELINE 40 744 241908652314300 2343600
LATENCY 2262200
TIMELINE 40 760 241908689110100 2262200
LATENCY 2188900
TIMELINE 40 776 241908725545900 2188900
LATENCY 2287500
TIMELINE 40 792 241908783228600 2287500
LATENCY 2285900
TIMELINE 40 808 241908819891300 2285900
LATENCY 2366000
TIMELINE 40 824 241908855922700 2366000
LATENCY 2179600
TIMELINE 40 840 241908892151000 2179600
LATENCY 2208100
TIMELINE 40 856 241908928348200 2208100
LATENCY 2162100
TIMELINE 40 872 241908964299500 2162100
LATENCY 2269900
TIMELINE 40 888 241908999679300 2269900
LATENCY 2127700
TIMELINE 40 904 241909034428600 2127700
LATENCY 2125700
TIMELINE 40 920 241909068073600 2125700
LATENCY 2079600
TIMELINE 40 936 241909121859400 2079600
LATENCY 2131900
TIMELINE 40 952 241909155490700 2131900
LATENCY 2129400
TIMELINE 40 968 241909189185000 2129400
LATENCY 2165900
TIMELINE 40 984 241909227683800 2165900
LATENCY 2110400
TIMELINE 40 1000 241909262442700 2110400
LATENCY 2170900
TIMELINE 40 1016 241909297584100 2170900
LATENCY 2155000
TIMELINE 40 1032 241909332566800 2155000
LATENCY 2904300
TIMELINE 40 1048 241909373391100 2904300
LATENCY 2636400
TIMELINE 40 1064 241909425245400 2636400
LATENCY 2640700
TIMELINE 40 1080 241909468125000 2640700
LATENCY 2966700
TIMELINE 40 1096 241909515128500 2966700
LATENCY 2843300
TIMELINE 40 1112 241909561913400 2843300
LATENCY 2914600
TIMELINE 40 1128 241909606981000 2914600
LATENCY 2680600
TIMELINE 40 1144 241909655266500 2680600
LATENCY 3040000
TIMELINE 40 1160 241909704387500 3040000
LATENCY 3161100
TIMELINE 40 1176 241909754838300 3161100
LATENCY 2977000
TIMELINE 40 1192 241909808981000 2977000
LATENCY 3069200
TIMELINE 40 1208 241909857990900 3069200
LATENCY 3228600
TIMELINE 40 1224 241909907532500 3228600
LATENCY 3184900
TIMELINE 40 1240 241909958393100 3184900
LATENCY 2922100
TIMELINE 40 1256 241910007240000 2922100
LATENCY 3236800
TIMELINE 40 1272 241910057102700 3236800
LATENCY 2944600
TIMELINE 40 1288 241910106720000 2944600
LATENCY 3135200
TIMELINE 40 1304 241910155961800 3135200
LATENCY 2932600
TIMELINE 40 1320 241910204244700 2932600
LATENCY 2786100
TIMELINE 40 1336 241910255679100 2786100
LATENCY 2727800
TIMELINE 40 1352 241910299641500 2727800
LATENCY 2865300
TIMELINE 40 1368 241910348130000 2865300
LATENCY 3005200
TIMELINE 40 1384 241910396085300 3005200
LATENCY 2917800
TIMELINE 40 1400 241910449761500 2917800
LATENCY 3001200
TIMELINE 40 1416 241910496375100 3001200
LATENCY 2581900
TIMELINE 40 1432 241910539829000 2581900
LATENCY 2533000
TIMELINE 40 1448 241910581051800 2533000
LATENCY 2764500
TIMELINE 40 1464 241910628771400 2764500
LATENCY 2756400
TIMELINE 40 1480 241910676151800 2756400
LATENCY 2711800
TIMELINE 40 1496 241910720912100 2711800
LATENCY 2602800
TIMELINE 40 1512 241910767663000 2602800
LATENCY 2599400
TIMELINE 40 1528 241910811427500 2599400
LATENCY 2555700
TIMELINE 40 1544 241910852711600 2555700
LATENCY 2884000
TIMELINE 40 1560 241910896353400 2884000
LATENCY 2511400
TIMELINE 40 1576 241910942478200 2511400
LATENCY 4702800
TIMELINE 40 1592 241910991866700 4702800
LATENCY 2831900
TIMELINE 40 1608 241911041712500 2831900
LATENCY 2900500
TIMELINE 40 1624 241911087307900 2900500
LATENCY 2768900
TIMELINE 40 1640 241911131844200 2768900
LATENCY 4318600
TIMELINE 40 1656 241911176818300 4318600
LATENCY 2563500
TIMELINE 40 1672 241911222621900 2563500
LATENCY 3943800
TIMELINE 40 1688 241911275993700 3943800
LATENCY 2726800
TIMELINE 40 1704 241911325402900 2726800
LATENCY 2883100
TIMELINE 40 1720 241911373985500 2883100
LATENCY 2756700
TIMELINE 40 1736 241911431794900 2756700
LATENCY 2929700
TIMELINE 40 1752 241911478733700 2929700
LATENCY 2827700
TIMELINE 40 1768 241911523645300 2827700
LATENCY 2925100
TIMELINE 40 1784 241911569671800 2925100
LATENCY 3046100
TIMELINE 40 1800 241911618132300 3046100
LATENCY 2959200
TIMELINE 40 1816 241911666037700 2959200
LATENCY 2571300
TIMELINE 40 1832 241911712941200 2571300
LATENCY 2905600
TIMELINE 40 1848 241911757034300 2905600
LATENCY 2927800
TIMELINE 40 1864 241911811014800 2927800
LATENCY 2890900
TIMELINE 40 1880 241911858320800 2890900
LATENCY 2899500
TIMELINE 40 1896 241911905410100 2899500
LATENCY 2891900
TIMELINE 40 1912 241911953135900 2891900
LATENCY 2664200
TIMELINE 40 1928 241911998659600 2664200
LATENCY 2703700
TIMELINE 40 1944 241912043969800 2703700
LATENCY 2727200
TIMELINE 40 1960 241912087484000 2727200
LATENCY 2624000
TIMELINE 40 1976 241912131328400 2624000
LATENCY 2906000
TIMELINE 40 1992 241912182442700 2906000
LATENCY 2732400
TIMELINE 40 2008 241912227766600 2732400
LATENCY 3027000
TIMELINE 40 2024 241912273143800 3027000
LATENCY 2932100
TIMELINE 40 2040 241912320147400 2932100
LATENCY 5007000
TIMELINE 41 9 241906597433900 5007000
LATENCY 4247900
TIMELINE 41 25 241906670058900 4247900
LATENCY 4535400
TIMELINE 41 41 241906735547600 4535400
LATENCY 3619000
TIMELINE 41 57 241906793231100 3619000
LATENCY 3155400
TIMELINE 41 73 241906852111000 3155400
LATENCY 3263200
TIMELINE 41 89 241906912646100 3263200
LATENCY 3257600
TIMELINE 41 105 241906971021300 3257600
LATENCY 3023500
TIMELINE 41 121 241907024893400 3023500
LATENCY 4464700
TIMELINE 41 137 241907095810700 4464700
LATENCY 4253400
TIMELINE 41 153 241907157126100 4253400
LATENCY 4027800
TIMELINE 41 169 241907208010800 4027800
LATENCY 2453000
TIMELINE 41 185 241907258224700 2453000
LATENCY 2463900
TIMELINE 41 201 241907297806600 2463900
LATENCY 2327100
TIMELINE 41 217 241907336016700 2327100
LATENCY 2303800
TIMELINE 41 233 241907373247900 2303800
LATENCY 2404400
TIMELINE 41 249 241907409872500 2404400
LATENCY 2924500
TIMELINE 41 265 241907467934300 2924500
LATENCY 2303600
TIMELINE 41 281 241907507087600 2303600
LATENCY 2438500
TIMELINE 41 297 241907543449800 2438500
LATENCY 2305200
TIMELINE 41 313 241907581848400 2305200
LATENCY 2351800
TIMELINE 41 329 241907619377700 2351800
LATENCY 2371800
TIMELINE 41 345 241907657101900 2371800
LATENCY 2264900
TIMELINE 41 361 241907693941500 2264900
LATENCY 2530800
TIMELINE 41 377 241907731023900 2530800
LATENCY 2335900
TIMELINE 41 393 241907790083700 2335900
LATENCY 2230800
TIMELINE 41 409 241907826930100 2230800
LATENCY 2222600
TIMELINE 41 425 241907863638900 2222600
LATENCY 2214600
TIMELINE 41 441 241907899607900 2214600
LATENCY 2346000
TIMELINE 41 457 241907939868400 2346000
LATENCY 2206000
TIMELINE 41 473 241907977527500 2206000
LATENCY 2370300
TIMELINE 41 489 241908015235000 2370300
LATENCY 2377800
TIMELINE 41 505 241908053038700 2377800
LATENCY 2323000
TIMELINE 41 521 241908090804500 2323000
LATENCY 2302500
TIMELINE 41 537 241908149775300 2302500
LATENCY 2516300
TIMELINE 41 553 241908187495800 2516300
LATENCY 2886900
TIMELINE 41 569 241908224704200 2886900
LATENCY 2311500
TIMELINE 41 585 241908263181400 2311500
LATENCY 2365700
TIMELINE 41 601 241908301280600 2365700
LATENCY 2325700
TIMELINE 41 617 241908338684800 2325700
LATENCY 2228300
TIMELINE 41 633 241908376241000 2228300
LATENCY 2519100
TIMELINE 41 649 241908413451800 2519100
LATENCY 2296600
TIMELINE 41 665 241908469998100 2296600
LATENCY 2321600
TIMELINE 41 681 241908507267400 2321600
LATENCY 2324100
TIMELINE 41 697 241908544580700 2324100
LATENCY 2306600
TIMELINE 41 713 241908582090000 2306600
LATENCY 3411400
TIMELINE 41 729 241908620050200 3411400
LATENCY 2322200
TIMELINE 41 745 241908657851500 2322200
LATENCY 2231000
TIMELINE 41 761 241908694437300 2231000
LATENCY 2216900
TIMELINE 41 777 241908730818800 2216900
LATENCY 2156100
TIMELINE 41 793 241908788604800 2156100
LATENCY 2279200
TIMELINE 41 809 241908825628500 2279200
LATENCY 2277600
TIMELINE 41 825 241908861990300 2277600
LATENCY 2133500
TIMELINE 41 841 241908897669500 2133500
LATENCY 2235400
TIMELINE 41 857 241908934224200 2235400
LATENCY 2331800
TIMELINE 41 873 241908970036400 2331800
LATENCY 2226300
TIMELINE 41 889 241909005484400 2226300
LATENCY 2097400
TIMELINE 41 905 241909039856100 2097400
LATENCY 2067400
TIMELINE 41 921 241909073482800 2067400
LATENCY 2080100
TIMELINE 41 937 241909127392800 2080100
LATENCY 2070700
TIMELINE 41 953 241909161136400 2070700
LATENCY 2089200
TIMELINE 41 969 241909194850700 2089200
LATENCY 2178700
TIMELINE 41 985 241909233580400 2178700
LATENCY 2066200
TIMELINE 41 1001 241909268393900 2066200
LATENCY 2164300
TIMELINE 41 1017 241909303333500 2164300
LATENCY 2165800
TIMELINE 41 1033 241909338359900 2165800
LATENCY 2714000
TIMELINE 41 1049 241909380943700 2714000
LATENCY 2583300
TIMELINE 41 1065 241909432313800 2583300
LATENCY 2532600
TIMELINE 41 1081 241909475528700 2532600
LATENCY 2919500
TIMELINE 41 1097 241909522944100 2919500
LATENCY 2855500
TIMELINE 41 1113 241909569533800 2855500
LATENCY 2838500
TIMELINE 41 1129 241909614553600 2838500
LATENCY 3198800
TIMELINE 41 1145 241909663918300 3198800
LATENCY 2958100
TIMELINE 41 1161 241909712051300 2958100
LATENCY 3125600
TIMELINE 41 1177 241909762777000 3125600
LATENCY 2958600
TIMELINE 41 1193 241909816610600 2958600
LATENCY 3099500
TIMELINE 41 1209 241909865994800 3099500
LATENCY 3164000
TIMELINE 41 1225 241909915665900 3164000
LATENCY 3219600
TIMELINE 41 1241 241909966375000 3219600
LATENCY 3006500
TIMELINE 41 1257 241910014646900 3006500
LATENCY 3310600
TIMELINE 41 1273 241910065191300 3310600
LATENCY 2932200
TIMELINE 41 1289 241910114234100 2932200
LATENCY 3005300
TIMELINE 41 1305 241910163866400 3005300
LATENCY 2930000
TIMELINE 41 1321 241910211810400 2930000
LATENCY 2840700
TIMELINE 41 1337 241910262826700 2840700
LATENCY 2868600
TIMELINE 41 1353 241910306719600 2868600
LATENCY 2982800
TIMELINE 41 1369 241910355530200 2982800
LATENCY 3021100
TIMELINE 41 1385 241910403664800 3021100
LATENCY 2888600
TIMELINE 41 1401 241910457051300 2888600
LATENCY 2894300
TIMELINE 41 1417 241910503840000 2894300
LATENCY 2556700
TIMELINE 41 1433 241910546380300 2556700
LATENCY 2562400
TIMELINE 41 1449 241910587489400 2562400
LATENCY 3155900
TIMELINE 41 1465 241910635596200 3155900
LATENCY 3108500
TIMELINE 41 1481 241910682993700 3108500
LATENCY 2666100
TIMELINE 41 1497 241910727684000 2666100
LATENCY 2589000
TIMELINE 41 1513 241910773435800 2589000
LATENCY 2652100
TIMELINE 41 1529 241910817182600 2652100
LATENCY 2593100
TIMELINE 41 1545 241910858466500 2593100
LATENCY 2870600
TIMELINE 41 1561 241910902729900 2870600
LATENCY 2747200
TIMELINE 41 1577 241910948062900 2747200
LATENCY 3453600
TIMELINE 41 1593 241911000478100 3453600
LATENCY 2672200
TIMELINE 41 1609 241911047885200 2672200
LATENCY 2822300
TIMELINE 41 1625 241911093889300 2822300
LATENCY 2793200
TIMELINE 41 1641 241911137922500 2793200
LATENCY 3021800
TIMELINE 41 1657 241911184798100 3021800
LATENCY 2588700
TIMELINE 41 1673 241911228316800 2588700
LATENCY 2919200
TIMELINE 41 1689 241911282427900 2919200
LATENCY 3125500
TIMELINE 41 1705 241911330944700 3125500
LATENCY 3050000
TIMELINE 41 1721 241911379611000 3050000
LATENCY 2952200
TIMELINE 41 1737 241911437245700 2952200
LATENCY 2674700
TIMELINE 41 1753 241911484332000 2674700
LATENCY 2621300
TIMELINE 41 1769 241911528803400 2621300
LATENCY 2954500
TIMELINE 41 1785 241911575159400 2954500
LATENCY 2995500
TIMELINE 41 1801 241911623950500 2995500
LATENCY 2875700
TIMELINE 41 1817 241911671694400 2875700
LATENCY 2555200
TIMELINE 41 1833 241911717882300 2555200
LATENCY 2890700
TIMELINE 41 1849 241911762658200 2890700
LATENCY 2950300
TIMELINE 41 1865 241911816525100 2950300
LATENCY 2956700
TIMELINE 41 1881 241911863626900 2956700
LATENCY 3107700
TIMELINE 41 1897 241911910723500 3107700
LATENCY 2914300
TIMELINE 41 1913 241911958404100 2914300
LATENCY 2653300
TIMELINE 41 1929 241912003351800 2653300
LATENCY 2734800
TIMELINE 41 1945 241912048817300 2734800
LATENCY 2714000
TIMELINE 41 1961 241912092276300 2714000
LATENCY 2670200
TIMELINE 41 1977 241912136045100 2670200
LATENCY 2903800
TIMELINE 41 1993 241912187595000 2903800
LATENCY 2580200
TIMELINE 41 2009 241912232639400 2580200
LATENCY 2512600
TIMELINE 41 2025 241912278586900 2512600
LATENCY 2700600
TIMELINE 41 2041 241912326214200 2700600
LATENCY 5102800
TIMELINE 42 10 241906602303300 5102800
LATENCY 4098500
TIMELINE 42 26 241906673855300 4098500
LATENCY 3462900
TIMELINE 42 42 241906739393400 3462900
LATENCY 4250700
TIMELINE 42 58 241906796270400 4250700
LATENCY 3066400
TIMELINE 42 74 241906854848400 3066400
LATENCY 3230300
TIMELINE 42 90 241906915299700 3230300
LATENCY 3530500
TIMELINE 42 106 241906973655300 3530500
LATENCY 3013100
TIMELINE 42 122 241907027480000 3013100
LATENCY 4452600
TIMELINE 42 138 241907099658100 4452600
LATENCY 4231800
TIMELINE 42 154 241907160893300 4231800
LATENCY 4206600
TIMELINE 42 170 241907211665900 4206600
LATENCY 2433100
TIMELINE 42 186 241907260465200 2433100
LATENCY 2404800
TIMELINE 42 202 241907300115200 2404800
LATENCY 2302500
TIMELINE 42 218 241907338193400 2302500
LATENCY 2274000
TIMELINE 42 234 241907375371600 2274000
LATENCY 2341500
TIMELINE 42 250 241907412076900 2341500
LATENCY 2681400
TIMELINE 42 266 241907470601600 2681400
LATENCY 2262700
TIMELINE 42 282 241907509362000 2262700
LATENCY 2485300
TIMELINE 42 298 241907545925300 2485300
LATENCY 2332500
TIMELINE 42 314 241907584217000 2332500
LATENCY 2316800
TIMELINE 42 330 241907621764200 2316800
LATENCY 2268400
TIMELINE 42 346 241907659547000 2268400
LATENCY 2266100
TIMELINE 42 362 241907696269500 2266100
LATENCY 2272000
TIMELINE 42 378 241907733521000 2272000
LATENCY 2298200
TIMELINE 42 394 241907792454500 2298200
LATENCY 2297500
TIMELINE 42 410 241907829228700 2297500
LATENCY 2218500
TIMELINE 42 426 241907865930900 2218500
LATENCY 2193700
TIMELINE 42 442 241907901883500 2193700
LATENCY 2418200
TIMELINE 42 458 241907941570200 2418200
LATENCY 2222300
TIMELINE 42 474 241907979115900 2222300
LATENCY 2443600
TIMELINE 42 490 241908016888200 2443600
LATENCY 2341400
TIMELINE 42 506 241908054708600 2341400
LATENCY 2311600
TIMELINE 42 522 241908092472500 2311600
LATENCY 2260300
TIMELINE 42 538 241908151497800 2260300
LATENCY 2353200
TIMELINE 42 554 241908189378200 2353200
LATENCY 2490900
TIMELINE 42 570 241908226752700 2490900
LATENCY 2290700
TIMELINE 42 586 241908264700500 2290700
LATENCY 2381800
TIMELINE 42 602 241908302785500 2381800
LATENCY 2312800
TIMELINE 42 618 241908340019700 2312800
LATENCY 2321000
TIMELINE 42 634 241908377265400 2321000
LATENCY 2604000
TIMELINE 42 650 241908414588200 2604000
LATENCY 2280900
TIMELINE 42 666 241908471193500 2280900
LATENCY 2290000
TIMELINE 42 682 241908508222400 2290000
LATENCY 2334700
TIMELINE 42 698 241908545616600 2334700
LATENCY 2320700
TIMELINE 42 714 241908583157200 2320700
LATENCY 2345700
TIMELINE 42 730 241908622149500 2345700
LATENCY 2237300
TIMELINE 42 746 241908658998800 2237300
LATENCY 2181100
TIMELINE 42 762 241908695507500 2181100
LATENCY 2229200
TIMELINE 42 778 241908731777600 2229200
LATENCY 2177200
TIMELINE 42 794 241908789601100 2177200
LATENCY 2269900
TIMELINE 42 810 241908828001900 2269900
LATENCY 2249600
TIMELINE 42 826 241908864362700 2249600
LATENCY 2155000
TIMELINE 42 842 241908899892300 2155000
LATENCY 2314900
TIMELINE 42 858 241908936607600 2314900
LATENCY 2197400
TIMELINE 42 874 241908972518000 2197400
LATENCY 2224600
TIMELINE 42 890 241909007865900 2224600
LATENCY 2094300
TIMELINE 42 906 241909042096900 2094300
LATENCY 2124300
TIMELINE 42 922 241909075697600 2124300
LATENCY 2091800
TIMELINE 42 938 241909129646500 2091800
LATENCY 2124400
TIMELINE 42 954 241909163266800 2124400
LATENCY 1963500
TIMELINE 42 970 241909196995500 1963500
LATENCY 2163000
TIMELINE 42 986 241909235403100 2163000
LATENCY 2097400
TIMELINE 42 1002 241909270109700 2097400
LATENCY 2200100
TIMELINE 42 1018 241909305144700 2200100
LATENCY 2179300
TIMELINE 42 1034 241909340217600 2179300
LATENCY 2731300
TIMELINE 42 1050 241909383333700 2731300
LATENCY 2773600
TIMELINE 42 1066 241909434449300 2773600
LATENCY 2574200
TIMELINE 42 1082 241909477645700 2574200
LATENCY 2893600
TIMELINE 42 1098 241909525396300 2893600
LATENCY 2672200
TIMELINE 42 1114 241909571898200 2672200
LATENCY 3032900
TIMELINE 42 1130 241909616873900 3032900
LATENCY 2989400
TIMELINE 42 1146 241909666570100 2989400
LATENCY 3010800
TIMELINE 42 1162 241909713221600 3010800
LATENCY 3104400
TIMELINE 42 1178 241909764022100 3104400
LATENCY 2967800
TIMELINE 42 1194 241909817624500 2967800
LATENCY 3058000
TIMELINE 42 1210 241909867068100 3058000
LATENCY 3119600
TIMELINE 42 1226 241909916802000 3119600
LATENCY 3237000
TIMELINE 42 1242 241909967560900 3237000
LATENCY 2993700
TIMELINE 42 1258 241910015801600 2993700
LATENCY 3323000
TIMELINE 42 1274 241910066402500 3323000
LATENCY 2926300
TIMELINE 42 1290 241910115279700 2926300
LATENCY 3027900
TIMELINE 42 1306 241910164930100 3027900
LATENCY 2879500
TIMELINE 42 1322 241910212904000 2879500
LATENCY 2770200
TIMELINE 42 1338 241910263686600 2770200
LATENCY 2768200
TIMELINE 42 1354 241910307634500 2768200
LATENCY 2997600
TIMELINE 42 1370 241910356347900 2997600
LATENCY 3012100
TIMELINE 42 1386 241910404489700 3012100
LATENCY 2904900
TIMELINE 42 1402 241910457832300 2904900
LATENCY 2877000
TIMELINE 42 1418 241910504554500 2877000
LATENCY 2547900
TIMELINE 42 1434 241910547040200 2547900
LATENCY 2548800
TIMELINE 42 1450 241910588187900 2548800
LATENCY 3643700
TIMELINE 42 1466 241910636507000 3643700
LATENCY 3065700
TIMELINE 42 1482 241910683742300 3065700
LATENCY 2661800
TIMELINE 42 1498 241910728349800 2661800
LATENCY 2577700
TIMELINE 42 1514 241910772605900 2577700
LATENCY 2628000
TIMELINE 42 1530 241910816354100 2628000
LATENCY 2543800
TIMELINE 42 1546 241910857630800 2543800
LATENCY 2807900
TIMELINE 42 1562 241910901803600 2807900
LATENCY 2548600
TIMELINE 42 1578 241910947340500 2548600
LATENCY 3493700
TIMELINE 42 1594 241910999362300 3493700
LATENCY 2678700
TIMELINE 42 1610 241911047053300 2678700
LATENCY 2978900
TIMELINE 42 1626 241911092849700 2978900
LATENCY 2723500
TIMELINE 42 1642 241911137064500 2723500
LATENCY 3001400
TIMELINE 42 1658 241911183833800 3001400
LATENCY 2597800
TIMELINE 42 1674 241911227486000 2597800
LATENCY 2980900
TIMELINE 42 1690 241911282785200 2980900
LATENCY 3216200
TIMELINE 42 1706 241911331213700 3216200
LATENCY 3056100
TIMELINE 42 1722 241911380016900 3056100
LATENCY 2956600
TIMELINE 42 1738 241911437823100 2956600
LATENCY 2655100
TIMELINE 42 1754 241911484910000 2655100
LATENCY 2614400
TIMELINE 42 1770 241911529267800 2614400
LATENCY 2940700
TIMELINE 42 1786 241911575695700 2940700
LATENCY 3022700
TIMELINE 42 1802 241911624362200 3022700
LATENCY 2797800
TIMELINE 42 1818 241911672084200 2797800
LATENCY 2570900
TIMELINE 42 1834 241911718189700 2570900
LATENCY 2890300
TIMELINE 42 1850 241911763023500 2890300
LATENCY 3071300
TIMELINE 42 1866 241911815370800 3071300
LATENCY 2897400
TIMELINE 42 1882 241911862594800 2897400
LATENCY 3059900
TIMELINE 42 1898 241911909662900 3059900
LATENCY 2982000
TIMELINE 42 1914 241911957333500 2982000
LATENCY 2664300
TIMELINE 42 1930 241912002423900 2664300
LATENCY 2748900
TIMELINE 42 1946 241912047887200 2748900
LATENCY 2688200
TIMELINE 42 1962 241912091340000 2688200
LATENCY 2668300
TIMELINE 42 1978 241912135021000 2668300
LATENCY 2918900
TIMELINE 42 1994 241912186448000 2918900
LATENCY 2604300
TIMELINE 42 2010 241912231610300 2604300
LATENCY 2736200
TIMELINE 42 2026 241912277394900 2736200
LATENCY 2976200
TIMELINE 42 2042 241912322758000 2976200
LATENCY 4673100
TIMELINE 43 11 241906608594700 4673100
LATENCY 4103600
TIMELINE 43 27 241906678857300 4103600
LATENCY 4067900
TIMELINE 43 43 241906744099200 4067900
LATENCY 4665300
TIMELINE 43 59 241906801614800 4665300
LATENCY 2816400
TIMELINE 43 75 241906858688600 2816400
LATENCY 2950700
TIMELINE 43 91 241906919216700 2950700
LATENCY 4050200
TIMELINE 43 107 241906978287000 4050200
LATENCY 2648400
TIMELINE 43 123 241907031152800 2648400
LATENCY 4525600
TIMELINE 43 139 241907105325100 4525600
LATENCY 4344600
TIMELINE 43 155 241907166175600 4344600
LATENCY 4175400
TIMELINE 43 171 241907216869100 4175400
LATENCY 2607400
TIMELINE 43 187 241907263478200 2607400
LATENCY 2459600
TIMELINE 43 203 241907302966600 2459600
LATENCY 2291700
TIMELINE 43 219 241907341040200 2291700
LATENCY 2270500
TIMELINE 43 235 241907378223900 2270500
LATENCY 2391400
TIMELINE 43 251 241907414976800 2391400
LATENCY 2440000
TIMELINE 43 267 241907473910400 2440000
LATENCY 2243200
TIMELINE 43 283 241907512206000 2243200
LATENCY 2411900
TIMELINE 43 299 241907549000900 2411900
LATENCY 2263700
TIMELINE 43 315 241907587101700 2263700
LATENCY 2252800
TIMELINE 43 331 241907624729500 2252800
LATENCY 2335300
TIMELINE 43 347 241907662407600 2335300
LATENCY 2302500
TIMELINE 43 363 241907699157500 2302500
LATENCY 2260900
TIMELINE 43 379 241907736477600 2260900
LATENCY 2300100
TIMELINE 43 395 241907795416500 2300100
LATENCY 2244100
TIMELINE 43 411 241907832194800 2244100
LATENCY 2213400
TIMELINE 43 427 241907868802000 2213400
LATENCY 2188700
TIMELINE 43 443 241907904678800 2188700
LATENCY 2398300
TIMELINE 43 459 241907942878900 2398300
LATENCY 2222700
TIMELINE 43 475 241907980300900 2222700
LATENCY 2557500
TIMELINE 43 491 241908018154700 2557500
LATENCY 2332700
TIMELINE 43 507 241908055997500 2332700
LATENCY 22632500
TIMELINE 43 523 241908093698500 22632500
LATENCY 2236400
TIMELINE 43 539 241908152669400 2236400
LATENCY 2310700
TIMELINE 43 555 241908190663200 2310700
LATENCY 2413200
TIMELINE 43 571 241908228165800 2413200
LATENCY 2298300
TIMELINE 43 587 241908265925300 2298300
LATENCY 2336700
TIMELINE 43 603 241908304105200 2336700
LATENCY 2304700
TIMELINE 43 619 241908341300100 2304700
LATENCY 2390800
TIMELINE 43 635 241908378384700 2390800
LATENCY 2366400
TIMELINE 43 651 241908415940100 2366400
LATENCY 2292600
TIMELINE 43 667 241908472263000 2292600
LATENCY 2295600
TIMELINE 43 683 241908509517600 2295600
LATENCY 2397500
TIMELINE 43 699 241908546937400 2397500
LATENCY 2304000
TIMELINE 43 715 241908584433500 2304000
LATENCY 2296700
TIMELINE 43 731 241908623429700 2296700
LATENCY 2253700
TIMELINE 43 747 241908660142700 2253700
LATENCY 2212800
TIMELINE 43 763 241908696641000 2212800
LATENCY 2187400
TIMELINE 43 779 241908732980000 2187400
LATENCY 2081400
TIMELINE 43 795 241908790706100 2081400
LATENCY 2260600
TIMELINE 43 811 241908827165700 2260600
LATENCY 2277000
TIMELINE 43 827 241908863481900 2277000
LATENCY 2158500
TIMELINE 43 843 241908899075200 2158500
LATENCY 2279000
TIMELINE 43 859 241908935695800 2279000
LATENCY 2262600
TIMELINE 43 875 241908971530300 2262600
LATENCY 2206800
TIMELINE 43 891 241909006942400 2206800
LATENCY 2108300
TIMELINE 43 907 241909041205200 2108300
LATENCY 2106700
TIMELINE 43 923 241909074816100 2106700
LATENCY 2109800
TIMELINE 43 939 241909128662700 2109800
LATENCY 2141100
TIMELINE 43 955 241909162335000 2141100
LATENCY 2087300
TIMELINE 43 971 241909196088100 2087300
LATENCY 2166900
TIMELINE 43 987 241909235523000 2166900
LATENCY 2082000
TIMELINE 43 1003 241909270263500 2082000
LATENCY 2201700
TIMELINE 43 1019 241909305291500 2201700
LATENCY 2177200
TIMELINE 43 1035 241909340406400 2177200
LATENCY 2731800
TIMELINE 43 1051 241909383490000 2731800
LATENCY 2736500
TIMELINE 43 1067 241909434723700 2736500
LATENCY 2567300
TIMELINE 43 1083 241909477902800 2567300
LATENCY 2879100
TIMELINE 43 1099 241909525654500 2879100
LATENCY 2680500
TIMELINE 43 1115 241909572148700 2680500
LATENCY 3020200
TIMELINE 43 1131 241909617138000 3020200
LATENCY 2960600
TIMELINE 43 1147 241909666902000 2960600
LATENCY 3110700
TIMELINE 43 1163 241909714393600 3110700
LATENCY 3109100
TIMELINE 43 1179 241909765246200 3109100
LATENCY 3010900
TIMELINE 43 1195 241909818656500 3010900
LATENCY 3103400
TIMELINE 43 1211 241909868101500 3103400
LATENCY 3143900
TIMELINE 43 1227 241909917830800 3143900
LATENCY 3184500
TIMELINE 43 1243 241909968670100 3184500
LATENCY 3102500
TIMELINE 43 1259 241910016743000 3102500
LATENCY 3225900
TIMELINE 43 1275 241910067521800 3225900
LATENCY 2974700
TIMELINE 43 1291 241910116300300 2974700
LATENCY 2976700
TIMELINE 43 1307 241910165950100 2976700
LATENCY 2877000
TIMELINE 43 1323 241910213859900 2877000
LATENCY 2768400
TIMELINE 43 1339 241910263883900 2768400
LATENCY 2765000
TIMELINE 43 1355 241910307722600 2765000
LATENCY 2999000
TIMELINE 43 1371 241910356484200 2999000
LATENCY 3005900
TIMELINE 43 1387 241910404624400 3005900
LATENCY 2897200
TIMELINE 43 1403 241910457970800 2897200
LATENCY 2878200
TIMELINE 43 1419 241910504691100 2878200
LATENCY 2567100
TIMELINE 43 1435 241910547222800 2567100
LATENCY 2556200
TIMELINE 43 1451 241910588364000 2556200
LATENCY 3598900
TIMELINE 43 1467 241910636781500 3598900
LATENCY 3063400
TIMELINE 43 1483 241910684012500 3063400
LATENCY 2646600
TIMELINE 43 1499 241910728600200 2646600
LATENCY 2577900
TIMELINE 43 1515 241910773982400 2577900
LATENCY 2655100
TIMELINE 43 1531 241910817735600 2655100
LATENCY 2590300
TIMELINE 43 1547 241910858997400 2590300
LATENCY 2837900
TIMELINE 43 1563 241910903316200 2837900
LATENCY 2685900
TIMELINE 43 1579 241910948649400 2685900
LATENCY 3332600
TIMELINE 43 1595 241911001219500 3332600
LATENCY 2660400
TIMELINE 43 1611 241911048504300 2660400
LATENCY 2749600
TIMELINE 43 1627 241911094589200 2749600
LATENCY 2771100
TIMELINE 43 1643 241911138542400 2771100
LATENCY 3012800
TIMELINE 43 1659 241911185475800 3012800
LATENCY 2575200
TIMELINE 43 1675 241911228945700 2575200
LATENCY 2823800
TIMELINE 43 1691 241911281517400 2823800
LATENCY 3249300
TIMELINE 43 1707 241911329876400 3249300
LATENCY 3009100
TIMELINE 43 1723 241911378613200 3009100
LATENCY 2941400
TIMELINE 43 1739 241911436227300 2941400
LATENCY 2946300
TIMELINE 43 1755 241911483326100 2946300
LATENCY 2629600
TIMELINE 43 1771 241911527916800 2629600
LATENCY 2893500
TIMELINE 43 1787 241911574176700 2893500
LATENCY 2996300
TIMELINE 43 1803 241911622737800 2996300
LATENCY 2854400
TIMELINE 43 1819 241911670599700 2854400
LATENCY 2532800
TIMELINE 43 1835 241911716916800 2532800
LATENCY 2899000
TIMELINE 43 1851 241911761526900 2899000
LATENCY 2882600
TIMELINE 43 1867 241911817151200 2882600
LATENCY 2957400
TIMELINE 43 1883 241911864177200 2957400
LATENCY 3088500
TIMELINE 43 1899 241911911300400 3088500
LATENCY 2891900
TIMELINE 43 1915 241911958938200 2891900
LATENCY 2557400
TIMELINE 43 1931 241912003955500 2557400
LATENCY 2732200
TIMELINE 43 1947 241912049380400 2732200
LATENCY 2713700
TIMELINE 43 1963 241912092839400 2713700
LATENCY 2650600
TIMELINE 43 1979 241912136588200 2650600
LATENCY 2912000
TIMELINE 43 1995 241912188183300 2912000
LATENCY 2567000
TIMELINE 43 2011 241912233204100 2567000
LATENCY 2523300
TIMELINE 43 2027 241912279229600 2523300
LATENCY 2718000
TIMELINE 43 2043 241912325226700 2718000
LATENCY 4315100
TIMELINE 44 12 241906612784800 4315100
LATENCY 4599000
TIMELINE 44 28 241906682467000 4599000
LATENCY 4015600
TIMELINE 44 44 241906747622700 4015600
LATENCY 4570400
TIMELINE 44 60 241906805788300 4570400
LATENCY 3180500
TIMELINE 44 76 241906861119000 3180500
LATENCY 2971300
TIMELINE 44 92 241906921789400 2971300
LATENCY 3802200
TIMELINE 44 108 241906982642500 3802200
LATENCY 2943100
TIMELINE 44 124 241907033977500 2943100
LATENCY 4631100
TIMELINE 44 140 241907109981500 4631100
LATENCY 4702700
TIMELINE 44 156 241907170649800 4702700
LATENCY 4141700
TIMELINE 44 172 241907221236100 4141700
LATENCY 2697400
TIMELINE 44 188 241907266294600 2697400
LATENCY 2445900
TIMELINE 44 204 241907305660100 2445900
LATENCY 2372900
TIMELINE 44 220 241907343432200 2372900
LATENCY 2243200
TIMELINE 44 236 241907380594200 2243200
LATENCY 2371700
TIMELINE 44 252 241907417496300 2371700
LATENCY 2561100
TIMELINE 44 268 241907476514100 2561100
LATENCY 2253500
TIMELINE 44 284 241907512933100 2253500
LATENCY 2335700
TIMELINE 44 300 241907549763400 2335700
LATENCY 2250400
TIMELINE 44 316 241907587820200 2250400
LATENCY 2296400
TIMELINE 44 332 241907625331400 2296400
LATENCY 2234100
TIMELINE 44 348 241907663025200 2234100
LATENCY 2310100
TIMELINE 44 364 241907699691600 2310100
LATENCY 2281100
TIMELINE 44 380 241907737082000 2281100
LATENCY 2267800
TIMELINE 44 396 241907796241200 2267800
LATENCY 2299300
TIMELINE 44 412 241907833050600 2299300
LATENCY 2207700
TIMELINE 44 428 241907869617700 2207700
LATENCY 2160900
TIMELINE 44 444 241907905494000 2160900
LATENCY 2435500
TIMELINE 44 460 241907944402400 2435500
LATENCY 2389600
TIMELINE 44 476 241907981715200 2389600
LATENCY 2562700
TIMELINE 44 492 241908019775700 2562700
LATENCY 2380200
TIMELINE 44 508 241908057453300 2380200
LATENCY 3575400
TIMELINE 44 524 241908114912800 3575400
LATENCY 2248600
TIMELINE 44 540 241908154117100 2248600
LATENCY 2307900
TIMELINE 44 556 241908192191200 2307900
LATENCY 2350500
TIMELINE 44 572 241908229714500 2350500
LATENCY 2309100
TIMELINE 44 588 241908267571600 2309100
LATENCY 2254700
TIMELINE 44 604 241908305805800 2254700
LATENCY 2308800
TIMELINE 44 620 241908342975400 2308800
LATENCY 2276600
TIMELINE 44 636 241908380655100 2276600
LATENCY 2257000
TIMELINE 44 652 241908418213000 2257000
LATENCY 2412500
TIMELINE 44 668 241908474430600 2412500
LATENCY 2250800
TIMELINE 44 684 241908511695900 2250800
LATENCY 2418000
TIMELINE 44 700 241908549203400 2418000
LATENCY 2368300
TIMELINE 44 716 241908586615800 2368300
LATENCY 2231600
TIMELINE 44 732 241908625637800 2231600
LATENCY 2312200
TIMELINE 44 748 241908662367600 2312200
LATENCY 2415300
TIMELINE 44 764 241908698824100 2415300
LATENCY 2199200
TIMELINE 44 780 241908735109200 2199200
LATENCY 1900900
TIMELINE 44 796 241908792722700 1900900
LATENCY 2205900
TIMELINE 44 812 241908829397700 2205900
LATENCY 2246400
TIMELINE 44 828 241908865695700 2246400
LATENCY 2138300
TIMELINE 44 844 241908901175400 2138300
LATENCY 2317600
TIMELINE 44 860 241908937914600 2317600
LATENCY 2160900
TIMELINE 44 876 241908973705400 2160900
LATENCY 2235300
TIMELINE 44 892 241909009085800 2235300
LATENCY 2091700
TIMELINE 44 908 241909043253700 2091700
LATENCY 21725500
TIMELINE 44 924 241909076864100 21725500
LATENCY 2087700
TIMELINE 44 940 241909130684900 2087700
LATENCY 2149600
TIMELINE 44 956 241909164358600 2149600
LATENCY 2288300
TIMELINE 44 972 241909198071200 2288300
LATENCY 2181300
TIMELINE 44 988 241909237192100 2181300
LATENCY 2140300
TIMELINE 44 1004 241909271812200 2140300
LATENCY 2212800
TIMELINE 44 1020 241909306891200 2212800
LATENCY 2211500
TIMELINE 44 1036 241909341954500 2211500
LATENCY 2709300
TIMELINE 44 1052 241909385507900 2709300
LATENCY 2620100
TIMELINE 44 1068 241909436669000 2620100
LATENCY 2736200
TIMELINE 44 1084 241909479691800 2736200
LATENCY 2911500
TIMELINE 44 1100 241909527704600 2911500
LATENCY 2305800
TIMELINE 44 1116 241909574057900 2305800
LATENCY 2999000
TIMELINE 44 1132 241909619295800 2999000
LATENCY 2828400
TIMELINE 44 1148 241909669005100 2828400
LATENCY 3289200
TIMELINE 44 1164 241909716504000 3289200
LATENCY 3070700
TIMELINE 44 1180 241909767422900 3070700
LATENCY 3097500
TIMELINE 44 1196 241909820854900 3097500
LATENCY 3044800
TIMELINE 44 1212 241909870402400 3044800
LATENCY 3101800
TIMELINE 44 1228 241909920174000 3101800
LATENCY 3140900
TIMELINE 44 1244 241909971057300 3140900
LATENCY 3205300
TIMELINE 44 1260 241910019046000 3205300
LATENCY 3080600
TIMELINE 44 1276 241910069982300 3080600
LATENCY 2932900
TIMELINE 44 1292 241910118448500 2932900
LATENCY 2963900
TIMELINE 44 1308 241910168196800 2963900
LATENCY 2911900
TIMELINE 44 1324 241910216032900 2911900
LATENCY 2651400
TIMELINE 44 1340 241910266982600 2651400
LATENCY 2782500
TIMELINE 44 1356 241910310873500 2782500
LATENCY 2954700
TIMELINE 44 1372 241910359895600 2954700
LATENCY 3024400
TIMELINE 44 1388 241910408047700 3024400
LATENCY 4028000
TIMELINE 44 1404 241910461235200 4028000
LATENCY 2882200
TIMELINE 44 1420 241910507933600 2882200
LATENCY 2562800
TIMELINE 44 1436 241910550035000 2562800
LATENCY 2847000
TIMELINE 44 1452 241910591192200 2847000
LATENCY 2973200
TIMELINE 44 1468 241910640591000 2973200
LATENCY 2920200
TIMELINE 44 1484 241910687291500 2920200
LATENCY 2750000
TIMELINE 44 1500 241910731419900 2750000
LATENCY 2596100
TIMELINE 44 1516 241910777814500 2596100
LATENCY 2555000
TIMELINE 44 1532 241910821687200 2555000
LATENCY 2550500
TIMELINE 44 1548 241910862881100 2550500
LATENCY 2867800
TIMELINE 44 1564 241910907587700 2867800
LATENCY 2736500
TIMELINE 44 1580 241910952759600 2736500
LATENCY 3019200
TIMELINE 44 1596 241911006086900 3019200
LATENCY 2865000
TIMELINE 44 1612 241911052558000 2865000
LATENCY 2742400
TIMELINE 44 1628 241911098754700 2742400
LATENCY 2710400
TIMELINE 44 1644 241911142738200 2710400
LATENCY 2795600
TIMELINE 44 1660 241911189888400 2795600
LATENCY 2570300
TIMELINE 44 1676 241911232839400 2570300
LATENCY 2872500
TIMELINE 44 1692 241911289620600 2872500
LATENCY 2677800
TIMELINE 44 1708 241911336295400 2677800
LATENCY 2890600
TIMELINE 44 1724 241911385054800 2890600
LATENCY 2898700
TIMELINE 44 1740 241911442662200 2898700
LATENCY 2724100
TIMELINE 44 1756 241911489437800 2724100
LATENCY 2496100
TIMELINE 44 1772 241911533725900 2496100
LATENCY 3078500
TIMELINE 44 1788 241911580679100 3078500
LATENCY 3032800
TIMELINE 44 1804 241911629487200 3032800
LATENCY 2913800
TIMELINE 44 1820 241911676963300 2913800
LATENCY 2680400
TIMELINE 44 1836 241911722208500 2680400
LATENCY 2947100
TIMELINE 44 1852 241911767750600 2947100
LATENCY 2885700
TIMELINE 44 1868 241911823169000 2885700
LATENCY 3085400
TIMELINE 44 1884 241911870232200 3085400
LATENCY 2906200
TIMELINE 44 1900 241911917611200 2906200
LATENCY 2930100
TIMELINE 44 1916 241911965001300 2930100
LATENCY 2909400
TIMELINE 44 1932 241912009589700 2909400
LATENCY 2751800
TIMELINE 44 1948 241912054568400 2751800
LATENCY 2692800
TIMELINE 44 1964 241912098610300 2692800
LATENCY 2835000
TIMELINE 44 1980 241912142210500 2835000
LATENCY 2858400
TIMELINE 44 1996 241912194381200 2858400
LATENCY 2720900
TIMELINE 44 2012 241912238826900 2720900
LATENCY 2952600
TIMELINE 44 2028 241912284940300 2952600
LATENCY 2552700
TIMELINE 44 2044 241912331650100 2552700
LATENCY 3856900
TIMELINE 45 13 241906617057900 3856900
LATENCY 4720200
TIMELINE 45 29 241906686936400 4720200
LATENCY 3149600
TIMELINE 45 45 241906751472200 3149600
LATENCY 4296300
TIMELINE 45 61 241906810130400 4296300
LATENCY 4158800
TIMELINE 45 77 241906864185200 4158800
LATENCY 3038500
TIMELINE 45 93 241906924654400 3038500
LATENCY 3085600
TIMELINE 45 109 241906986381600 3085600
LATENCY 27466700
TIMELINE 45 125 241907036989800 27466700
LATENCY 4150700
TIMELINE 45 141 241907114730800 4150700
LATENCY 4218000
TIMELINE 45 157 241907175557700 4218000
LATENCY 3890600
TIMELINE 45 173 241907225532700 3890600
LATENCY 2462700
TIMELINE 45 189 241907268946200 2462700
LATENCY 2480400
TIMELINE 45 205 241907308011000 2480400
LATENCY 2437100
TIMELINE 45 221 241907345737400 2437100
LATENCY 2222500
TIMELINE 45 237 241907382773400 2222500
LATENCY 2464100
TIMELINE 45 253 241907419796000 2464100
LATENCY 2399600
TIMELINE 45 269 241907478973200 2399600
LATENCY 2243500
TIMELINE 45 285 241907516342700 2243500
LATENCY 2307700
TIMELINE 45 301 241907553236800 2307700
LATENCY 2382400
TIMELINE 45 317 241907591198700 2382400
LATENCY 2505900
TIMELINE 45 333 241907629072200 2505900
LATENCY 2246800
TIMELINE 45 349 241907666493900 2246800
LATENCY 2282900
TIMELINE 45 365 241907703258900 2282900
LATENCY 2256400
TIMELINE 45 381 241907740466900 2256400
LATENCY 2359200
TIMELINE 45 397 241907799589400 2359200
LATENCY 2369800
TIMELINE 45 413 241907836337000 2369800
LATENCY 2236500
TIMELINE 45 429 241907872805600 2236500
LATENCY 2495800
TIMELINE 45 445 241907908636800 2495800
LATENCY 2434000
TIMELINE 45 461 241907948410700 2434000
LATENCY 2361000
TIMELINE 45 477 241907985654400 2361000
LATENCY 2335400
TIMELINE 45 493 241908023944200 2335400
LATENCY 2352100
TIMELINE 45 509 241908061409300 2352100
LATENCY 2476200
TIMELINE 45 525 241908120165700 2476200
LATENCY 2343000
TIMELINE 45 541 241908157821100 2343000
LATENCY 2253700
TIMELINE 45 557 241908195968000 2253700
LATENCY 2270200
TIMELINE 45 573 241908233595500 2270200
LATENCY 2349600
TIMELINE 45 589 241908271407800 2349600
LATENCY 2303200
TIMELINE 45 605 241908309560600 2303200
LATENCY 1384200
TIMELINE 45 621 241908346687200 1384200
LATENCY 2345400
TIMELINE 45 637 241908382215800 2345400
LATENCY 2255700
TIMELINE 45 653 241908419758200 2255700
LATENCY 2416200
TIMELINE 45 669 241908476161600 2416200
LATENCY 2289900
TIMELINE 45 685 241908513292500 2289900
LATENCY 2315200
TIMELINE 45 701 241908550883600 2315200
LATENCY 2428500
TIMELINE 45 717 241908588189800 2428500
LATENCY 2243600
TIMELINE 45 733 241908627145800 2243600
LATENCY 2390300
TIMELINE 45 749 241908663914100 2390300
LATENCY 2448300
TIMELINE 45 765 241908700502500 2448300
LATENCY 2232400
TIMELINE 45 781 241908736665800 2232400
LATENCY 2731200
TIMELINE 45 797 241908794292400 2731200
LATENCY 2165200
TIMELINE 45 813 241908831428700 2165200
LATENCY 2269100
TIMELINE 45 829 241908867791000 2269100
LATENCY 2379100
TIMELINE 45 845 241908903161500 2379100
LATENCY 2239100
TIMELINE 45 861 241908940020700 2239100
LATENCY 2189900
TIMELINE 45 877 241908975664100 2189900
LATENCY 2234800
TIMELINE 45 893 241909011087400 2234800
LATENCY 2149000
TIMELINE 45 909 241909045114200 2149000
LATENCY 2399900
TIMELINE 45 925 241909098280900 2399900
LATENCY 2085100
TIMELINE 45 941 241909132610200 2085100
LATENCY 2113700
TIMELINE 45 957 241909166362200 2113700
LATENCY 2117500
TIMELINE 45 973 241909199809100 2117500
LATENCY 2161100
TIMELINE 45 989 241909237828000 2161100
LATENCY 2153600
TIMELINE 45 1005 241909272378100 2153600
LATENCY 2205800
TIMELINE 45 1021 241909307524200 2205800
LATENCY 2163200
TIMELINE 45 1037 241909342614500 2163200
LATENCY 2682500
TIMELINE 45 1053 241909386267100 2682500
LATENCY 2627500
TIMELINE 45 1069 241909437499900 2627500
LATENCY 2735900
TIMELINE 45 1085 241909480563800 2735900
LATENCY 2919300
TIMELINE 45 1101 241909528622900 2919300
LATENCY 2299100
TIMELINE 45 1117 241909574897800 2299100
LATENCY 2987800
TIMELINE 45 1133 241909620251300 2987800
LATENCY 2942300
TIMELINE 45 1149 241909669906900 2942300
LATENCY 3262800
TIMELINE 45 1165 241909717249900 3262800
LATENCY 3092900
TIMELINE 45 1181 241909768154000 3092900
LATENCY 3130800
TIMELINE 45 1197 241909821580300 3130800
LATENCY 3032100
TIMELINE 45 1213 241909871130900 3032100
LATENCY 3215600
TIMELINE 45 1229 241909920887000 3215600
LATENCY 3120200
TIMELINE 45 1245 241909971771400 3120200
LATENCY 3164900
TIMELINE 45 1261 241910019764200 3164900
LATENCY 3101600
TIMELINE 45 1277 241910070661100 3101600
LATENCY 2884600
TIMELINE 45 1293 241910119186100 2884600
LATENCY 2972100
TIMELINE 45 1309 241910168890700 2972100
LATENCY 2919900
TIMELINE 45 1325 241910216696000 2919900
LATENCY 2644600
TIMELINE 45 1341 241910267525300 2644600
LATENCY 2776900
TIMELINE 45 1357 241910311449800 2776900
LATENCY 2947200
TIMELINE 45 1373 241910360508300 2947200
LATENCY 3011800
TIMELINE 45 1389 241910408681700 3011800
LATENCY 4339500
TIMELINE 45 1405 241910461754200 4339500
LATENCY 3030900
TIMELINE 45 1421 241910508410300 3030900
LATENCY 2566600
TIMELINE 45 1437 241910550456000 2566600
LATENCY 2778700
TIMELINE 45 1453 241910591720600 2778700
LATENCY 2973200
TIMELINE 45 1469 241910641167800 2973200
LATENCY 2926000
TIMELINE 45 1485 241910687816600 2926000
LATENCY 2733200
TIMELINE 45 1501 241910731905000 2733200
LATENCY 2606000
TIMELINE 45 1517 241910777457100 2606000
LATENCY 2556200
TIMELINE 45 1533 241910821271700 2556200
LATENCY 2552700
TIMELINE 45 1549 241910862458900 2552700
LATENCY 2819200
TIMELINE 45 1565 241910907114000 2819200
LATENCY 2711000
TIMELINE 45 1581 241910952292800 2711000
LATENCY 3021800
TIMELINE 45 1597 241911005530800 3021800
LATENCY 2866500
TIMELINE 45 1613 241911052030100 2866500
LATENCY 2757200
TIMELINE 45 1629 241911098234300 2757200
LATENCY 2732500
TIMELINE 45 1645 241911142207800 2732500
LATENCY 2717300
TIMELINE 45 1661 241911189391400 2717300
LATENCY 2570200
TIMELINE 45 1677 241911232325900 2570200
LATENCY 4372600
TIMELINE 45 1693 241911284300600 4372600
LATENCY 2767300
TIMELINE 45 1709 241911333082800 2767300
LATENCY 2994000
TIMELINE 45 1725 241911381582200 2994000
LATENCY 2929700
TIMELINE 45 1741 241911439335400 2929700
LATENCY 2608800
TIMELINE 45 1757 241911486474200 2608800
LATENCY 2681800
TIMELINE 45 1773 241911530749700 2681800
LATENCY 2937600
TIMELINE 45 1789 241911577313000 2937600
LATENCY 3070200
TIMELINE 45 1805 241911626115900 3070200
LATENCY 2885400
TIMELINE 45 1821 241911673770400 2885400
LATENCY 2401300
TIMELINE 45 1837 241911719772900 2401300
LATENCY 2917800
TIMELINE 45 1853 241911764788500 2917800
LATENCY 2949100
TIMELINE 45 1869 241911818806300 2949100
LATENCY 2927200
TIMELINE 45 1885 241911865873200 2927200
LATENCY 2961900
TIMELINE 45 1901 241911913094600 2961900
LATENCY 2902200
TIMELINE 45 1917 241911960632400 2902200
LATENCY 2729000
TIMELINE 45 1933 241912005420500 2729000
LATENCY 2451100
TIMELINE 45 1949 241912050962600 2451100
LATENCY 2762100
TIMELINE 45 1965 241912094392800 2762100
LATENCY 2631300
TIMELINE 45 1981 241912138164600 2631300
LATENCY 2894600
TIMELINE 45 1997 241912189903700 2894600
LATENCY 2678000
TIMELINE 45 2013 241912234637300 2678000
LATENCY 2902300
TIMELINE 45 2029 241912280564200 2902300
LATENCY 2643100
TIMELINE 45 2045 241912328226200 2643100
LATENCY 4568000
TIMELINE 46 14 241906620505000 4568000
LATENCY 4633200
TIMELINE 46 30 241906691195200 4633200
LATENCY 3037500
TIMELINE 46 46 241906754323500 3037500
LATENCY 4116700
TIMELINE 46 62 241906813990900 4116700
LATENCY 3980100
TIMELINE 46 78 241906867778100 3980100
LATENCY 3819200
TIMELINE 46 94 241906927185100 3819200
LATENCY 2505200
TIMELINE 46 110 241906988968100 2505200
LATENCY 2858100
TIMELINE 46 126 241907063826500 2858100
LATENCY 4274900
TIMELINE 46 142 241907117908500 4274900
LATENCY 2814800
TIMELINE 46 158 241907178778500 2814800
LATENCY 3700200
TIMELINE 46 174 241907228424200 3700200
LATENCY 2369800
TIMELINE 46 190 241907270874000 2369800
LATENCY 2317400
TIMELINE 46 206 241907310006900 2317400
LATENCY 2385000
TIMELINE 46 222 241907347655300 2385000
LATENCY 2245900
TIMELINE 46 238 241907384554200 2245900
LATENCY 2352200
TIMELINE 46 254 241907421783700 2352200
LATENCY 2257500
TIMELINE 46 270 241907480949700 2257500
LATENCY 2235900
TIMELINE 46 286 241907518256100 2235900
LATENCY 2353000
TIMELINE 46 302 241907555328300 2353000
LATENCY 2511500
TIMELINE 46 318 241907593319700 2511500
LATENCY 2306700
TIMELINE 46 334 241907631267100 2306700
LATENCY 2254700
TIMELINE 46 350 241907668469000 2254700
LATENCY 2301900
TIMELINE 46 366 241907705241000 2301900
LATENCY 2422200
TIMELINE 46 382 241907742434400 2422200
LATENCY 2212400
TIMELINE 46 398 241907801493000 2212400
LATENCY 2353700
TIMELINE 46 414 241907838235800 2353700
LATENCY 2200700
TIMELINE 46 430 241907874630400 2200700
LATENCY 2206900
TIMELINE 46 446 241907910687800 2206900
LATENCY 2449200
TIMELINE 46 462 241907951943400 2449200
LATENCY 2836900
TIMELINE 46 478 241907989106000 2836900
LATENCY 2328500
TIMELINE 46 494 241908027362500 2328500
LATENCY 2259400
TIMELINE 46 510 241908064808200 2259400
LATENCY 2292200
TIMELINE 46 526 241908123782500 2292200
LATENCY 2408600
TIMELINE 46 542 241908161195800 2408600
LATENCY 2276500
TIMELINE 46 558 241908199217200 2276500
LATENCY 2240700
TIMELINE 46 574 241908236786200 2240700
LATENCY 2540800
TIMELINE 46 590 241908274692900 2540800
LATENCY 2345600
TIMELINE 46 606 241908312707700 2345600
LATENCY 2326800
TIMELINE 46 622 241908350508700 2326800
LATENCY 2397100
TIMELINE 46 638 241908386834300 2397100
LATENCY 2210400
TIMELINE 46 654 241908424091100 2210400
LATENCY 2246600
TIMELINE 46 670 241908480574400 2246600
LATENCY 2375200
TIMELINE 46 686 241908517549900 2375200
LATENCY 2295700
TIMELINE 46 702 241908554984800 2295700
LATENCY 2391300
TIMELINE 46 718 241908592431700 2391300
LATENCY 2260500
TIMELINE 46 734 241908631220500 2260500
LATENCY 2306800
TIMELINE 46 750 241908668160900 2306800
LATENCY 2243300
TIMELINE 46 766 241908704763600 2243300
LATENCY 2253900
TIMELINE 46 782 241908740545400 2253900
LATENCY 2330900
TIMELINE 46 798 241908800609900 2330900
LATENCY 2266300
TIMELINE 46 814 241908837049200 2266300
LATENCY 2277100
TIMELINE 46 830 241908873383900 2277100
LATENCY 2209500
TIMELINE 46 846 241908909143500 2209500
LATENCY 2215000
TIMELINE 46 862 241908945755600 2215000
LATENCY 2162800
TIMELINE 46 878 241908981303100 2162800
LATENCY 2211400
TIMELINE 46 894 241909016779100 2211400
LATENCY 2092200
TIMELINE 46 910 241909050624900 2092200
LATENCY 2139800
TIMELINE 46 926 241909104083800 2139800
LATENCY 2093300
TIMELINE 46 942 241909138010100 2093300
LATENCY 2102400
TIMELINE 46 958 241909171819900 2102400
LATENCY 2217200
TIMELINE 46 974 241909209186900 2217200
LATENCY 2193800
TIMELINE 46 990 241909244487800 2193800
LATENCY 2129900
TIMELINE 46 1006 241909279037500 2129900
LATENCY 2155100
TIMELINE 46 1022 241909314190400 2155100
LATENCY 2975800
TIMELINE 46 1038 241909349351800 2975800
LATENCY 2986900
TIMELINE 46 1054 241909395055600 2986900
LATENCY 2733200
TIMELINE 46 1070 241909445728400 2733200
LATENCY 3212500
TIMELINE 46 1086 241909490157000 3212500
LATENCY 2642400
TIMELINE 46 1102 241909537562300 2642400
LATENCY 3024500
TIMELINE 46 1118 241909582855200 3024500
LATENCY 3271300
TIMELINE 46 1134 241909629457500 3271300
LATENCY 2831800
TIMELINE 46 1150 241909680539100 2831800
LATENCY 3129900
TIMELINE 46 1166 241909728153700 3129900
LATENCY 3274100
TIMELINE 46 1182 241909778564900 3274100
LATENCY 3082500
TIMELINE 46 1198 241909831892300 3082500
LATENCY 3088600
TIMELINE 46 1214 241909881429300 3088600
LATENCY 3285200
TIMELINE 46 1230 241909931606300 3285200
LATENCY 3137600
TIMELINE 46 1246 241909982179800 3137600
LATENCY 3124400
TIMELINE 46 1262 241910030359600 3124400
LATENCY 3235600
TIMELINE 46 1278 241910081095600 3235600
LATENCY 3200500
TIMELINE 46 1294 241910129252100 3200500
LATENCY 3024100
TIMELINE 46 1310 241910179027500 3024100
LATENCY 2876700
TIMELINE 46 1326 241910232468000 2876700
LATENCY 2611200
TIMELINE 46 1342 241910276475800 2611200
LATENCY 3116200
TIMELINE 46 1358 241910320645000 3116200
LATENCY 3002700
TIMELINE 46 1374 241910370467400 3002700
LATENCY 3042400
TIMELINE 46 1390 241910424774500 3042400
LATENCY 2655400
TIMELINE 46 1406 241910472788400 2655400
LATENCY 2706200
TIMELINE 46 1422 241910517875400 2706200
LATENCY 2613200
TIMELINE 46 1438 241910559147200 2613200
LATENCY 2537900
TIMELINE 46 1454 241910600646700 2537900
LATENCY 2968200
TIMELINE 46 1470 241910651226200 2968200
LATENCY 2870800
TIMELINE 46 1486 241910697877700 2870800
LATENCY 4358900
TIMELINE 46 1502 241910741069700 4358900
LATENCY 2596100
TIMELINE 46 1518 241910784697100 2596100
LATENCY 2549600
TIMELINE 46 1534 241910828450100 2549600
LATENCY 2597000
TIMELINE 46 1550 241910869729600 2597000
LATENCY 3045400
TIMELINE 46 1566 241910915489900 3045400
LATENCY 2505600
TIMELINE 46 1582 241910959897500 2505600
LATENCY 2969900
TIMELINE 46 1598 241911014064800 2969900
LATENCY 2820300
TIMELINE 46 1614 241911059946600 2820300
LATENCY 2838400
TIMELINE 46 1630 241911106026200 2838400
LATENCY 2695600
TIMELINE 46 1646 241911149866400 2695600
LATENCY 2856000
TIMELINE 46 1662 241911197099800 2856000
LATENCY 2422200
TIMELINE 46 1678 241911239615100 2422200
LATENCY 2858900
TIMELINE 46 1694 241911295719300 2858900
LATENCY 4337700
TIMELINE 46 1710 241911342438200 4337700
LATENCY 3030700
TIMELINE 46 1726 241911396900200 3030700
LATENCY 2778400
TIMELINE 46 1742 241911448827100 2778400
LATENCY 2747700
TIMELINE 46 1758 241911495199800 2747700
LATENCY 2941500
TIMELINE 46 1774 241911539497500 2941500
LATENCY 3083500
TIMELINE 46 1790 241911587110600 3083500
LATENCY 3002400
TIMELINE 46 1806 241911635911300 3002400
LATENCY 2552900
TIMELINE 46 1822 241911682691500 2552900
LATENCY 2723100
TIMELINE 46 1838 241911727977300 2723100
LATENCY 2969200
TIMELINE 46 1854 241911773990800 2969200
LATENCY 2892300
TIMELINE 46 1870 241911829206000 2892300
LATENCY 2939800
TIMELINE 46 1886 241911876620600 2939800
LATENCY 2977200
TIMELINE 46 1902 241911923591600 2977200
LATENCY 2850800
TIMELINE 46 1918 241911971126800 2850800
LATENCY 2942500
TIMELINE 46 1934 241912015620400 2942500
LATENCY 2767100
TIMELINE 46 1950 241912060504200 2767100
LATENCY 2675300
TIMELINE 46 1966 241912104205100 2675300
LATENCY 2851000
TIMELINE 46 1982 241912148081700 2851000
LATENCY 2939400
TIMELINE 46 1998 241912200192100 2939400
LATENCY 2728800
TIMELINE 46 2014 241912244265800 2728800
LATENCY 2978700
TIMELINE 46 2030 241912291011200 2978700
LATENCY 3461700
TIMELINE 46 2046 241912338996100 3461700
LATENCY 5150400
TIMELINE 47 15 241906625567200 5150400
LATENCY 4165400
TIMELINE 47 31 241906696353500 4165400
LATENCY 2868100
TIMELINE 47 47 241906757697900 2868100
LATENCY 4162200
TIMELINE 47 63 241906818638500 4162200
LATENCY 3315300
TIMELINE 47 79 241906872524000 3315300
LATENCY 2694000
TIMELINE 47 95 241906931387900 2694000
LATENCY 2461800
TIMELINE 47 111 241906992351600 2461800
LATENCY 2520900
TIMELINE 47 127 241907067562800 2520900
LATENCY 3262300
TIMELINE 47 143 241907123365400 3262300
LATENCY 2354800
TIMELINE 47 159 241907182450600 2354800
LATENCY 2952700
TIMELINE 47 175 241907233497400 2952700
LATENCY 2528100
TIMELINE 47 191 241907274253900 2528100
LATENCY 2367600
TIMELINE 47 207 241907313133400 2367600
LATENCY 2235400
TIMELINE 47 223 241907350754700 2235400
LATENCY 2293700
TIMELINE 47 239 241907387506900 2293700
LATENCY 2275400
TIMELINE 47 255 241907424828100 2275400
LATENCY 2330600
TIMELINE 47 271 241907483910700 2330600
LATENCY 2286500
TIMELINE 47 287 241907519883900 2286500
LATENCY 2344400
TIMELINE 47 303 241907556942500 2344400
LATENCY 2416300
TIMELINE 47 319 241907595212100 2416300
LATENCY 2259000
TIMELINE 47 335 241907632991500 2259000
LATENCY 2234300
TIMELINE 47 351 241907670079400 2234300
LATENCY 2321300
TIMELINE 47 367 241907706951000 2321300
LATENCY 2346000
TIMELINE 47 383 241907744122700 2346000
LATENCY 2234700
TIMELINE 47 399 241907803124700 2234700
LATENCY 2305100
TIMELINE 47 415 241907839977500 2305100
LATENCY 2221400
TIMELINE 47 431 241907876250100 2221400
LATENCY 2227600
TIMELINE 47 447 241907912350300 2227600
LATENCY 2433700
TIMELINE 47 463 241907951145200 2433700
LATENCY 2768200
TIMELINE 47 479 241907988308800 2768200
LATENCY 2306700
TIMELINE 47 495 241908026568100 2306700
LATENCY 2223400
TIMELINE 47 511 241908063947500 2223400
LATENCY 2284600
TIMELINE 47 527 241908122976400 2284600
LATENCY 2321700
TIMELINE 47 543 241908160456500 2321700
LATENCY 2271900
TIMELINE 47 559 241908198437600 2271900
LATENCY 2230400
TIMELINE 47 575 241908236037000 2230400
LATENCY 2454300
TIMELINE 47 591 241908273946200 2454300
LATENCY 2311100
TIMELINE 47 607 241908312080300 2311100
LATENCY 2481900
TIMELINE 47 623 241908348603000 2481900
LATENCY 2512900
TIMELINE 47 639 241908385079100 2512900
LATENCY 2261700
TIMELINE 47 655 241908422584600 2261700
LATENCY 2225400
TIMELINE 47 671 241908479289900 2225400
LATENCY 2399400
TIMELINE 47 687 241908516329800 2399400
LATENCY 2273200
TIMELINE 47 703 241908553848000 2273200
LATENCY 2380100
TIMELINE 47 719 241908591273000 2380100
LATENCY 2259300
TIMELINE 47 735 241908630059900 2259300
LATENCY 2296800
TIMELINE 47 751 241908666983000 2296800
LATENCY 2282100
TIMELINE 47 767 241908703607600 2282100
LATENCY 2233600
TIMELINE 47 783 241908739515600 2233600
LATENCY 2338700
TIMELINE 47 799 241908797341600 2338700
LATENCY 2315200
TIMELINE 47 815 241908833865300 2315200
LATENCY 2228200
TIMELINE 47 831 241908870404200 2228200
LATENCY 2427200
TIMELINE 47 847 241908905960900 2427200
LATENCY 2238100
TIMELINE 47 863 241908942713000 2238100
LATENCY 2179900
TIMELINE 47 879 241908978340100 2179900
LATENCY 2159100
TIMELINE 47 895 241909013840400 2159100
LATENCY 2116400
TIMELINE 47 911 241909047731900 2116400
LATENCY 2164600
TIMELINE 47 927 241909101170800 2164600
LATENCY 2108700
TIMELINE 47 943 241909135122400 2108700
LATENCY 2089300
TIMELINE 47 959 241909168829000 2089300
LATENCY 2173600
TIMELINE 47 975 241909208197100 2173600
LATENCY 2186800
TIMELINE 47 991 241909243496600 2186800
LATENCY 2147800
TIMELINE 47 1007 241909278134600 2147800
LATENCY 2215900
TIMELINE 47 1023 241909313497900 2215900
LATENCY 2805000
TIMELINE 47 1039 241909348495400 2805000
LATENCY 3023600
TIMELINE 47 1055 241909394112500 3023600
LATENCY 2723700
TIMELINE 47 1071 241909444950700 2723700
LATENCY 3327300
TIMELINE 47 1087 241909489172100 3327300
LATENCY 2649600
TIMELINE 47 1103 241909536642700 2649600
LATENCY 3004000
TIMELINE 47 1119 241909581921100 3004000
LATENCY 2954300
TIMELINE 47 1135 241909628623000 2954300
LATENCY 3055500
TIMELINE 47 1151 241909679603700 3055500
LATENCY 3156000
TIMELINE 47 1167 241909727340400 3156000
LATENCY 3256500
TIMELINE 47 1183 241909777769600 3256500
LATENCY 3024200
TIMELINE 47 1199 241909831200700 3024200
LATENCY 3089900
TIMELINE 47 1215 241909880787100 3089900
LATENCY 3299100
TIMELINE 47 1231 241909930962400 3299100
LATENCY 3150800
TIMELINE 47 1247 241909981537400 3150800
LATENCY 3124400
TIMELINE 47 1263 241910029622100 3124400
LATENCY 3109800
TIMELINE 47 1279 241910080388600 3109800
LATENCY 3180000
TIMELINE 47 1295 241910128516800 3180000
LATENCY 3057200
TIMELINE 47 1311 241910178270000 3057200
LATENCY 2816300
TIMELINE 47 1327 241910231856200 2816300
LATENCY 2607300
TIMELINE 47 1343 241910275860400 2607300
LATENCY 3064800
TIMELINE 47 1359 241910319968900 3064800
LATENCY 2998900
TIMELINE 47 1375 241910369744100 2998900
LATENCY 3578600
TIMELINE 47 1391 241910423498900 3578600
LATENCY 2662700
TIMELINE 47 1407 241910472180700 2662700
LATENCY 2647300
TIMELINE 47 1423 241910517276100 2647300
LATENCY 2602100
TIMELINE 47 1439 241910558521100 2602100
LATENCY 2550700
TIMELINE 47 1455 241910600038500 2550700
LATENCY 2974200
TIMELINE 47 1471 241910650324900 2974200
LATENCY 2945400
TIMELINE 47 1487 241910696978300 2945400
LATENCY 2921500
TIMELINE 47 1503 241910744531900 2921500
LATENCY 2582400
TIMELINE 47 1519 241910786442700 2582400
LATENCY 2591700
TIMELINE 47 1535 241910830140700 2591700
LATENCY 2984700
TIMELINE 47 1551 241910871449100 2984700
LATENCY 3020600
TIMELINE 47 1567 241910917538400 3020600
LATENCY 2526200
TIMELINE 47 1583 241910961552900 2526200
LATENCY 2934000
TIMELINE 47 1599 241911016074300 2934000
LATENCY 2792500
TIMELINE 47 1615 241911061869000 2792500
LATENCY 2847800
TIMELINE 47 1631 241911107912800 2847800
LATENCY 2736800
TIMELINE 47 1647 241911151744000 2736800
LATENCY 2524300
TIMELINE 47 1663 241911199085600 2524300
LATENCY 4014700
TIMELINE 47 1679 241911241440400 4014700
LATENCY 3199400
TIMELINE 47 1695 241911297003700 3199400
LATENCY 3573100
TIMELINE 47 1711 241911344599800 3573100
LATENCY 3035700
TIMELINE 47 1727 241911398269800 3035700
LATENCY 2650900
TIMELINE 47 1743 241911450194100 2650900
LATENCY 2773900
TIMELINE 47 1759 241911496486300 2773900
LATENCY 2942500
TIMELINE 47 1775 241911540855800 2942500
LATENCY 3067300
TIMELINE 47 1791 241911588520400 3067300
LATENCY 3109900
TIMELINE 47 1807 241911637239400 3109900
LATENCY 2647000
TIMELINE 47 1823 241911683933400 2647000
LATENCY 2675400
TIMELINE 47 1839 241911729332100 2675400
LATENCY 2921800
TIMELINE 47 1855 241911775414900 2921800
LATENCY 2871600
TIMELINE 47 1871 241911830543500 2871600
LATENCY 2733500
TIMELINE 47 1887 241911878009000 2733500
LATENCY 3068800
TIMELINE 47 1903 241911924971700 3068800
LATENCY 2868900
TIMELINE 47 1919 241911972409500 2868900
LATENCY 2893800
TIMELINE 47 1935 241912016991700 2893800
LATENCY 2826600
TIMELINE 47 1951 241912061747600 2826600
LATENCY 2727100
TIMELINE 47 1967 241912105481100 2727100
LATENCY 2888000
TIMELINE 47 1983 241912149443100 2888000
LATENCY 2823700
TIMELINE 47 1999 241912201638200 2823700
LATENCY 2734900
TIMELINE 47 2015 241912245543100 2734900
LATENCY 2975000
TIMELINE 47 2031 241912292515300 2975000
LATENCY 2980900
TIMELINE 47 2047 241912342401000 2980900
LATENCY 11086800
TIMELINE 48 0 241906540128700 11086800
LATENCY 5070100
TIMELINE 48 16 241906631209800 5070100
LATENCY 4288200
TIMELINE 48 32 241906700782000 4288200
LATENCY 2922100
TIMELINE 48 48 241906760829300 2922100
LATENCY 3391000
TIMELINE 48 64 241906823287600 3391000
LATENCY 4054400
TIMELINE 48 80 241906876225500 4054400
LATENCY 3062000
TIMELINE 48 96 241906934294100 3062000
LATENCY 2557700
TIMELINE 48 112 241906993740100 2557700
LATENCY 2456100
TIMELINE 48 128 241907069064000 2456100
LATENCY 3664100
TIMELINE 48 144 241907125267200 3664100
LATENCY 2477900
TIMELINE 48 160 241907183911800 2477900
LATENCY 2776600
TIMELINE 48 176 241907235318100 2776600
LATENCY 2521000
TIMELINE 48 192 241907275949900 2521000
LATENCY 2337800
TIMELINE 48 208 241907314740500 2337800
LATENCY 2330400
TIMELINE 48 224 241907352284000 2330400
LATENCY 2267200
TIMELINE 48 240 241907389072300 2267200
LATENCY 21700800
TIMELINE 48 256 241907426361300 21700800
LATENCY 2397900
TIMELINE 48 272 241907485491600 2397900
LATENCY 2267000
TIMELINE 48 288 241907522142300 2267000
LATENCY 2314300
TIMELINE 48 304 241907559440900 2314300
LATENCY 2318200
TIMELINE 48 320 241907597665200 2318200
LATENCY 2344100
TIMELINE 48 336 241907635313300 2344100
LATENCY 2258900
TIMELINE 48 352 241907672435600 2258900
LATENCY 2339400
TIMELINE 48 368 241907709365000 2339400
LATENCY 2257400
TIMELINE 48 384 241907746780900 2257400
LATENCY 2246800
TIMELINE 48 400 241907805634100 2246800
LATENCY 2260300
TIMELINE 48 416 241907842560700 2260300
LATENCY 2352000
TIMELINE 48 432 241907878771300 2352000
LATENCY 2641800
TIMELINE 48 448 241907914781900 2641800
LATENCY 2310400
TIMELINE 48 464 241907954770200 2310400
LATENCY 2492700
TIMELINE 48 480 241907992248400 2492700
LATENCY 2327700
TIMELINE 48 496 241908030003100 2327700
LATENCY 2356100
TIMELINE 48 512 241908067372100 2356100
LATENCY 2340000
TIMELINE 48 528 241908126404000 2340000
LATENCY 2492300
TIMELINE 48 544 241908164008400 2492300
LATENCY 2308000
TIMELINE 48 560 241908201826600 2308000
LATENCY 2521800
TIMELINE 48 576 241908239386200 2521800
LATENCY 2415300
TIMELINE 48 592 241908277597900 2415300
LATENCY 2251800
TIMELINE 48 608 241908315393400 2251800
LATENCY 2253300
TIMELINE 48 624 241908353316500 2253300
LATENCY 2300300
TIMELINE 48 640 241908389694000 2300300
LATENCY 2190400
TIMELINE 48 656 241908426800900 2190400
LATENCY 2195900
TIMELINE 48 672 241908483407500 2195900
LATENCY 2296900
TIMELINE 48 688 241908520665200 2296900
LATENCY 2280600
TIMELINE 48 704 241908558014000 2280600
LATENCY 2347000
TIMELINE 48 720 241908595615500 2347000
LATENCY 2179700
TIMELINE 48 736 241908634164600 2179700
LATENCY 2243000
TIMELINE 48 752 241908671135700 2243000
LATENCY 2407000
TIMELINE 48 768 241908707728100 2407000
LATENCY 2219400
TIMELINE 48 784 241908743706600 2219400
LATENCY 2337300
TIMELINE 48 800 241908803014500 2337300
LATENCY 2223700
TIMELINE 48 816 241908839381600 2223700
LATENCY 2259500
TIMELINE 48 832 241908875881900 2259500
LATENCY 2181000
TIMELINE 48 848 241908911593100 2181000
LATENCY 2222100
TIMELINE 48 864 241908948120800 2222100
LATENCY 2221500
TIMELINE 48 880 241908983581400 2221500
LATENCY 2123000
TIMELINE 48 896 241909019110800 2123000
LATENCY 2106300
TIMELINE 48 912 241909052805600 2106300
LATENCY 2156300
TIMELINE 48 928 241909106370300 2156300
LATENCY 2160800
TIMELINE 48 944 241909140191900 2160800
LATENCY 2068900
TIMELINE 48 960 241909173955300 2068900
LATENCY 2251000
TIMELINE 48 976 241909211673100 2251000
LATENCY 2195900
TIMELINE 48 992 241909246896500 2195900
LATENCY 2135400
TIMELINE 48 1008 241909281458200 2135400
LATENCY 2143500
TIMELINE 48 1024 241909316693900 2143500
LATENCY 3007800
TIMELINE 48 1040 241909352561500 3007800
LATENCY 2967200
TIMELINE 48 1056 241909398306400 2967200
LATENCY 2600700
TIMELINE 48 1072 241909448604600 2600700
LATENCY 2795600
TIMELINE 48 1088 241909493591200 2795600
LATENCY 2956100
TIMELINE 48 1104 241909540302900 2956100
LATENCY 2837300
TIMELINE 48 1120 241909586002700 2837300
LATENCY 3298200
TIMELINE 48 1136 241909632865300 3298200
LATENCY 3068300
TIMELINE 48 1152 241909683547800 3068300
LATENCY 3046500
TIMELINE 48 1168 241909731452800 3046500
LATENCY 3150900
TIMELINE 48 1184 241909782014500 3150900
LATENCY 3070100
TIMELINE 48 1200 241909835153500 3070100
LATENCY 3157000
TIMELINE 48 1216 241909884700100 3157000
LATENCY 3094800
TIMELINE 48 1232 241909935057000 3094800
LATENCY 2967200
TIMELINE 48 1248 241909985493200 2967200
LATENCY 3201700
TIMELINE 48 1264 241910033663300 3201700
LATENCY 3119200
TIMELINE 48 1280 241910084513800 3119200
LATENCY 3239500
TIMELINE 48 1296 241910132633700 3239500
LATENCY 3004200
TIMELINE 48 1312 241910182233300 3004200
LATENCY 2624500
TIMELINE 48 1328 241910235492300 2624500
LATENCY 2725200
TIMELINE 48 1344 241910279243300 2725200
LATENCY 5454400
TIMELINE 48 1360 241910324103800 5454400
LATENCY 3031500
TIMELINE 48 1376 241910373663000 3031500
LATENCY 2935800
TIMELINE 48 1392 241910427998700 2935800
LATENCY 2651200
TIMELINE 48 1408 241910475593500 2651200
LATENCY 2551200
TIMELINE 48 1424 241910520722800 2551200
LATENCY 2580600
TIMELINE 48 1440 241910561867200 2580600
LATENCY 2630200
TIMELINE 48 1456 241910603306700 2630200
LATENCY 2704700
TIMELINE 48 1472 241910654233600 2704700
LATENCY 2685400
TIMELINE 48 1488 241910700786700 2685400
LATENCY 2853700
TIMELINE 48 1504 241910746482000 2853700
LATENCY 2562100
TIMELINE 48 1520 241910788208900 2562100
LATENCY 2555800
TIMELINE 48 1536 241910831946200 2555800
LATENCY 3031700
TIMELINE 48 1552 241910873455400 3031700
LATENCY 3086600
TIMELINE 48 1568 241910919561200 3086600
LATENCY 2519700
TIMELINE 48 1584 241910963274300 2519700
LATENCY 2937700
TIMELINE 48 1600 241911018030200 2937700
LATENCY 2799100
TIMELINE 48 1616 241911063742800 2799100
LATENCY 2735300
TIMELINE 48 1632 241911109844500 2735300
LATENCY 2731100
TIMELINE 48 1648 241911153562300 2731100
LATENCY 2683200
TIMELINE 48 1664 241911200878100 2683200
LATENCY 2797200
TIMELINE 48 1680 241911247273800 2797200
LATENCY 2537500
TIMELINE 48 1696 241911301123700 2537500
LATENCY 3016500
TIMELINE 48 1712 241911349278900 3016500
LATENCY 2905000
TIMELINE 48 1728 241911402226900 2905000
LATENCY 2894700
TIMELINE 48 1744 241911453741000 2894700
LATENCY 2857200
TIMELINE 48 1760 241911500162400 2857200
LATENCY 2954400
TIMELINE 48 1776 241911544804200 2954400
LATENCY 3046000
TIMELINE 48 1792 241911592628800 3046000
LATENCY 3143700
TIMELINE 48 1808 241911641301600 3143700
LATENCY 2757200
TIMELINE 48 1824 241911687450600 2757200
LATENCY 2646400
TIMELINE 48 1840 241911732889800 2646400
LATENCY 5173200
TIMELINE 48 1856 241911778970700 5173200
LATENCY 2867700
TIMELINE 48 1872 241911835140000 2867700
LATENCY 2911400
TIMELINE 48 1888 241911882517700 2911400
LATENCY 3488300
TIMELINE 48 1904 241911929895200 3488300
LATENCY 2895800
TIMELINE 48 1920 241911977172700 2895800
LATENCY 3042700
TIMELINE 48 1936 241912021847000 3042700
LATENCY 2591600
TIMELINE 48 1952 241912066246300 2591600
LATENCY 2752700
TIMELINE 48 1968 241912109944700 2752700
LATENCY 2864800
TIMELINE 48 1984 241912154108800 2864800
LATENCY 2727200
TIMELINE 48 2000 241912206155100 2727200
LATENCY 2721200
TIMELINE 48 2016 241912249935600 2721200
LATENCY 2719900
TIMELINE 48 2032 241912297187000 2719900
LATENCY 5039900
TIMELINE 49 1 241906551148700 5039900
LATENCY 4458800
TIMELINE 49 17 241906636518500 4458800
LATENCY 3437000
TIMELINE 49 33 241906705195400 3437000
LATENCY 5061900
TIMELINE 49 49 241906763892800 5061900
LATENCY 2811800
TIMELINE 49 65 241906826760600 2811800
LATENCY 4247000
TIMELINE 49 81 241906880407800 4247000
LATENCY 3020300
TIMELINE 49 97 241906937462400 3020300
LATENCY 2706800
TIMELINE 49 113 241906997468800 2706800
LATENCY 2428900
TIMELINE 49 129 241907072269700 2428900
LATENCY 3635700
TIMELINE 49 145 241907130144900 3635700
LATENCY 2406000
TIMELINE 49 161 241907187113700 2406000
LATENCY 2452700
TIMELINE 49 177 241907238815100 2452700
LATENCY 2452000
TIMELINE 49 193 241907278997200 2452000
LATENCY 2325300
TIMELINE 49 209 241907317463300 2325300
LATENCY 2267800
TIMELINE 49 225 241907355013100 2267800
LATENCY 2312000
TIMELINE 49 241 241907391779600 2312000
LATENCY 2430000
TIMELINE 49 257 241907448704500 2430000
LATENCY 2295800
TIMELINE 49 273 241907488337200 2295800
LATENCY 2236500
TIMELINE 49 289 241907524380800 2236500
LATENCY 2428700
TIMELINE 49 305 241907561476800 2428700
LATENCY 2241000
TIMELINE 49 321 241907599740300 2241000
LATENCY 2509400
TIMELINE 49 337 241907637392900 2509400
LATENCY 2326500
TIMELINE 49 353 241907674384100 2326500
LATENCY 2256400
TIMELINE 49 369 241907711436600 2256400
LATENCY 2489000
TIMELINE 49 385 241907748677200 2489000
LATENCY 2274500
TIMELINE 49 401 241907807587100 2274500
LATENCY 2296000
TIMELINE 49 417 241907844468000 2296000
LATENCY 2314700
TIMELINE 49 433 241907880811100 2314700
LATENCY 2490300
TIMELINE 49 449 241907917128400 2490300
LATENCY 2385200
TIMELINE 49 465 241907956166200 2385200
LATENCY 2330100
TIMELINE 49 481 241907993836100 2330100
LATENCY 2323500
TIMELINE 49 497 241908031444000 2323500
LATENCY 2412300
TIMELINE 49 513 241908068722900 2412300
LATENCY 2420000
TIMELINE 49 529 241908127702800 2420000
LATENCY 2586300
TIMELINE 49 545 241908165410000 2586300
LATENCY 2323800
TIMELINE 49 561 241908203177800 2323800
LATENCY 2550800
TIMELINE 49 577 241908240904300 2550800
LATENCY 2421400
TIMELINE 49 593 241908279031600 2421400
LATENCY 2285600
TIMELINE 49 609 241908316775500 2285600
LATENCY 2258200
TIMELINE 49 625 241908353248500 2258200
LATENCY 2366000
TIMELINE 49 641 241908389727600 2366000
LATENCY 2191200
TIMELINE 49 657 241908426861200 2191200
LATENCY 2198700
TIMELINE 49 673 241908483438100 2198700
LATENCY 2293400
TIMELINE 49 689 241908520878100 2293400
LATENCY 2284900
TIMELINE 49 705 241908558226100 2284900
LATENCY 2342400
TIMELINE 49 721 241908595802800 2342400
LATENCY 2187400
TIMELINE 49 737 241908634401900 2187400
LATENCY 2239500
TIMELINE 49 753 241908671500200 2239500
LATENCY 2366100
TIMELINE 49 769 241908708062700 2366100
LATENCY 2230400
TIMELINE 49 785 241908743969500 2230400
LATENCY 2266800
TIMELINE 49 801 241908802641000 2266800
LATENCY 2216600
TIMELINE 49 817 241908839075700 2216600
LATENCY 2277300
TIMELINE 49 833 241908875379000 2277300
LATENCY 2211600
TIMELINE 49 849 241908911085400 2211600
LATENCY 2207000
TIMELINE 49 865 241908947618400 2207000
LATENCY 2197200
TIMELINE 49 881 241908983114100 2197200
LATENCY 2120400
TIMELINE 49 897 241909018657800 2120400
LATENCY 2088000
TIMELINE 49 913 241909052360000 2088000
LATENCY 2146400
TIMELINE 49 929 241909105915500 2146400
LATENCY 2100200
TIMELINE 49 945 241909139807800 2100200
LATENCY 2094200
TIMELINE 49 961 241909173416000 2094200
LATENCY 2311200
TIMELINE 49 977 241909211195100 2311200
LATENCY 2209100
TIMELINE 49 993 241909246385100 2209100
LATENCY 2079600
TIMELINE 49 1009 241909280979100 2079600
LATENCY 2116100
TIMELINE 49 1025 241909316172700 2116100
LATENCY 2982500
TIMELINE 49 1041 241909352220000 2982500
LATENCY 2978400
TIMELINE 49 1057 241909397923400 2978400
LATENCY 2564600
TIMELINE 49 1073 241909448399200 2564600
LATENCY 2850100
TIMELINE 49 1089 241909493284900 2850100
LATENCY 2957400
TIMELINE 49 1105 241909540044200 2957400
LATENCY 2879600
TIMELINE 49 1121 241909585707200 2879600
LATENCY 3276400
TIMELINE 49 1137 241909632559400 3276400
LATENCY 3092500
TIMELINE 49 1153 241909681736400 3092500
LATENCY 3086800
TIMELINE 49 1169 241909729716700 3086800
LATENCY 3109700
TIMELINE 49 1185 241909780165800 3109700
LATENCY 3084800
TIMELINE 49 1201 241909833417900 3084800
LATENCY 3131400
TIMELINE 49 1217 241909882921800 3131400
LATENCY 3138300
TIMELINE 49 1233 241909933322500 3138300
LATENCY 3110600
TIMELINE 49 1249 241909983772200 3110600
LATENCY 3146800
TIMELINE 49 1265 241910031861400 3146800
LATENCY 3274200
TIMELINE 49 1281 241910082567800 3274200
LATENCY 3218900
TIMELINE 49 1297 241910130776700 3218900
LATENCY 3013500
TIMELINE 49 1313 241910180416700 3013500
LATENCY 2666600
TIMELINE 49 1329 241910234604500 2666600
LATENCY 2678800
TIMELINE 49 1345 241910278394400 2678800
LATENCY 5624400
TIMELINE 49 1361 241910322954000 5624400
LATENCY 3044700
TIMELINE 49 1377 241910372662000 3044700
LATENCY 2990600
TIMELINE 49 1393 241910426995500 2990600
LATENCY 2581800
TIMELINE 49 1409 241910474771300 2581800
LATENCY 2640000
TIMELINE 49 1425 241910519793500 2640000
LATENCY 2577500
TIMELINE 49 1441 241910561011300 2577500
LATENCY 2649500
TIMELINE 49 1457 241910602441300 2649500
LATENCY 2745800
TIMELINE 49 1473 241910653343100 2745800
LATENCY 2680900
TIMELINE 49 1489 241910700015900 2680900
LATENCY 3097500
TIMELINE 49 1505 241910745486000 3097500
LATENCY 2554900
TIMELINE 49 1521 241910787452300 2554900
LATENCY 2579100
TIMELINE 49 1537 241910831159700 2579100
LATENCY 3073200
TIMELINE 49 1553 241910872508500 3073200
LATENCY 3049500
TIMELINE 49 1569 241910918590800 3049500
LATENCY 2508300
TIMELINE 49 1585 241910962456400 2508300
LATENCY 2886900
TIMELINE 49 1601 241911017089600 2886900
LATENCY 2789100
TIMELINE 49 1617 241911062821100 2789100
LATENCY 2738300
TIMELINE 49 1633 241911108919000 2738300
LATENCY 2735400
TIMELINE 49 1649 241911152660600 2735400
LATENCY 2562700
TIMELINE 49 1665 241911200146900 2562700
LATENCY 4428300
TIMELINE 49 1681 241911242191800 4428300
LATENCY 3237500
TIMELINE 49 1697 241911297385300 3237500
LATENCY 3498200
TIMELINE 49 1713 241911345138200 3498200
LATENCY 3043500
TIMELINE 49 1729 241911398649600 3043500
LATENCY 2692600
TIMELINE 49 1745 241911450538200 2692600
LATENCY 2766500
TIMELINE 49 1761 241911496865800 2766500
LATENCY 2951300
TIMELINE 49 1777 241911541273300 2951300
LATENCY 3072800
TIMELINE 49 1793 241911588966200 3072800
LATENCY 3084300
TIMELINE 49 1809 241911637619700 3084300
LATENCY 2652700
TIMELINE 49 1825 241911684252700 2652700
LATENCY 2675800
TIMELINE 49 1841 241911729735100 2675800
LATENCY 2784700
TIMELINE 49 1857 241911775840900 2784700
LATENCY 2901300
TIMELINE 49 1873 241911829951500 2901300
LATENCY 2787800
TIMELINE 49 1889 241911877458900 2787800
LATENCY 2963700
TIMELINE 49 1905 241911924461800 2963700
LATENCY 2850300
TIMELINE 49 1921 241911971876600 2850300
LATENCY 2888900
TIMELINE 49 1937 241912016469700 2888900
LATENCY 2809700
TIMELINE 49 1953 241912061296100 2809700
LATENCY 2658700
TIMELINE 49 1969 241912105006700 2658700
LATENCY 2884000
TIMELINE 49 1985 241912148829500 2884000
LATENCY 2861700
TIMELINE 49 2001 241912201042900 2861700
LATENCY 2732900
TIMELINE 49 2017 241912244991100 2732900
LATENCY 2979700
TIMELINE 49 2033 241912291933900 2979700
LATENCY 5925500
TIMELINE 50 2 241906556353700 5925500
LATENCY 4453000
TIMELINE 50 18 241906640599200 4453000
LATENCY 4537900
TIMELINE 50 34 241906708439800 4537900
LATENCY 4703500
TIMELINE 50 50 241906768693700 4703500
LATENCY 3740600
TIMELINE 50 66 241906829389400 3740600
LATENCY 3323200
TIMELINE 50 82 241906884258400 3323200
LATENCY 4518700
TIMELINE 50 98 241906940187500 4518700
LATENCY 2402600
TIMELINE 50 114 241907000354100 2402600
LATENCY 2460600
TIMELINE 50 130 241907074927100 2460600
LATENCY 4490500
TIMELINE 50 146 241907134093200 4490500
LATENCY 2680500
TIMELINE 50 162 241907189674100 2680500
LATENCY 2476800
TIMELINE 50 178 241907241472700 2476800
LATENCY 2385200
TIMELINE 50 194 241907281661400 2385200
LATENCY 2377500
TIMELINE 50 210 241907320102200 2377500
LATENCY 2417400
TIMELINE 50 226 241907357554200 2417400
LATENCY 2252100
TIMELINE 50 242 241907394336100 2252100
LATENCY 2430500
TIMELINE 50 258 241907451358100 2430500
LATENCY 2242300
TIMELINE 50 274 241907490883500 2242300
LATENCY 2190900
TIMELINE 50 290 241907527693800 2190900
LATENCY 2796700
TIMELINE 50 306 241907565299000 2796700
LATENCY 2282800
TIMELINE 50 322 241907603259000 2282800
LATENCY 2317300
TIMELINE 50 338 241907641255000 2317300
LATENCY 2275800
TIMELINE 50 354 241907678086700 2275800
LATENCY 2374900
TIMELINE 50 370 241907714921200 2374900
LATENCY 2398500
TIMELINE 50 386 241907752530900 2398500
LATENCY 2273000
TIMELINE 50 402 241907811053200 2273000
LATENCY 2418200
TIMELINE 50 418 241907848121900 2418200
LATENCY 2237500
TIMELINE 50 434 241907884417500 2237500
LATENCY 2507000
TIMELINE 50 450 241907920936400 2507000
LATENCY 2387500
TIMELINE 50 466 241907959920900 2387500
LATENCY 2296200
TIMELINE 50 482 241907997389200 2296200
LATENCY 2314100
TIMELINE 50 498 241908034887600 2314100
LATENCY 2396200
TIMELINE 50 514 241908072465200 2396200
LATENCY 2458800
TIMELINE 50 530 241908131422900 2458800
LATENCY 2413600
TIMELINE 50 546 241908169375200 2413600
LATENCY 2303900
TIMELINE 50 562 241908206756800 2303900
LATENCY 2348600
TIMELINE 50 578 241908244786900 2348600
LATENCY 2351100
TIMELINE 50 594 241908282783000 2351100
LATENCY 2324300
TIMELINE 50 610 241908320300200 2324300
LATENCY 2244400
TIMELINE 50 626 241908357653700 2244400
LATENCY 2247800
TIMELINE 50 642 241908394265000 2247800
LATENCY 2306300
TIMELINE 50 658 241908450763300 2306300
LATENCY 2233200
TIMELINE 50 674 241908487727400 2233200
LATENCY 2521200
TIMELINE 50 690 241908525316900 2521200
LATENCY 2252100
TIMELINE 50 706 241908562691500 2252100
LATENCY 2586600
TIMELINE 50 722 241908600438800 2586600
LATENCY 2273500
TIMELINE 50 738 241908638872500 2273500
LATENCY 2290700
TIMELINE 50 754 241908675800500 2290700
LATENCY 2258500
TIMELINE 50 770 241908712479000 2258500
LATENCY 2452900
TIMELINE 50 786 241908748225600 2452900
LATENCY 2286500
TIMELINE 50 802 241908808192300 2286500
LATENCY 2233800
TIMELINE 50 818 241908844571800 2233800
LATENCY 2230200
TIMELINE 50 834 241908880833800 2230200
LATENCY 2423200
TIMELINE 50 850 241908916442100 2423200
LATENCY 2463900
TIMELINE 50 866 241908952937300 2463900
LATENCY 2163400
TIMELINE 50 882 241908988367900 2163400
LATENCY 2057200
TIMELINE 50 898 241909023756100 2057200
LATENCY 2118600
TIMELINE 50 914 241909057368400 2118600
LATENCY 2228700
TIMELINE 50 930 241909111102000 2228700
LATENCY 2161400
TIMELINE 50 946 241909144821700 2161400
LATENCY 2105700
TIMELINE 50 962 241909178576000 2105700
LATENCY 2279100
TIMELINE 50 978 241909216057200 2279100
LATENCY 2214500
TIMELINE 50 994 241909251239000 2214500
LATENCY 2304300
TIMELINE 50 1010 241909285910500 2304300
LATENCY 2270100
TIMELINE 50 1026 241909321012100 2270100
LATENCY 2883300
TIMELINE 50 1042 241909358412800 2883300
LATENCY 2995000
TIMELINE 50 1058 241909410232800 2995000
LATENCY 2601700
TIMELINE 50 1074 241909453872800 2601700
LATENCY 3100700
TIMELINE 50 1090 241909499560100 3100700
LATENCY 3038200
TIMELINE 50 1106 241909546325800 3038200
LATENCY 2916200
TIMELINE 50 1122 241909591922200 2916200
LATENCY 3205100
TIMELINE 50 1138 241909639574700 3205100
LATENCY 2768300
TIMELINE 50 1154 241909689292300 2768300
LATENCY 3215900
TIMELINE 50 1170 241909737762300 3215900
LATENCY 2753900
TIMELINE 50 1186 241909788298600 2753900
LATENCY 3150700
TIMELINE 50 1202 241909841514600 3150700
LATENCY 3062300
TIMELINE 50 1218 241909891141800 3062300
LATENCY 3260200
TIMELINE 50 1234 241909941576000 3260200
LATENCY 2840500
TIMELINE 50 1250 241909991491100 2840500
LATENCY 3233800
TIMELINE 50 1266 241910040112100 3233800
LATENCY 3180900
TIMELINE 50 1282 241910091063100 3180900
LATENCY 3178600
TIMELINE 50 1298 241910139173700 3178600
LATENCY 2984800
TIMELINE 50 1314 241910188385800 2984800
LATENCY 2717700
TIMELINE 50 1330 241910240956900 2717700
LATENCY 2720900
TIMELINE 50 1346 241910284796000 2720900
LATENCY 2845100
TIMELINE 50 1362 241910332507200 2845100
LATENCY 3022200
TIMELINE 50 1378 241910379799500 3022200
LATENCY 2893800
TIMELINE 50 1394 241910433925200 2893800
LATENCY 2713700
TIMELINE 50 1410 241910481261300 2713700
LATENCY 2537400
TIMELINE 50 1426 241910525956200 2537400
LATENCY 2576700
TIMELINE 50 1442 241910567097600 2576700
LATENCY 8105100
TIMELINE 50 1458 241910608619700 8105100
LATENCY 3230700
TIMELINE 50 1474 241910659756100 3230700
LATENCY 2707800
TIMELINE 50 1490 241910706251200 2707800
LATENCY 2651400
TIMELINE 50 1506 241910751480300 2651400
LATENCY 2886300
TIMELINE 50 1522 241910792921000 2886300
LATENCY 2601500
TIMELINE 50 1538 241910836623100 2601500
LATENCY 2956500
TIMELINE 50 1554 241910878938700 2956500
LATENCY 2888100
TIMELINE 50 1570 241910924944100 2888100
LATENCY 2721500
TIMELINE 50 1586 241910968007600 2721500
LATENCY 2964600
TIMELINE 50 1602 241911023455300 2964600
LATENCY 2920800
TIMELINE 50 1618 241911069015000 2920800
LATENCY 2724500
TIMELINE 50 1634 241911114943400 2724500
LATENCY 2675300
TIMELINE 50 1650 241911158529300 2675300
LATENCY 2589800
TIMELINE 50 1666 241911206036800 2589800
LATENCY 3089200
TIMELINE 50 1682 241911250565300 3089200
LATENCY 2879300
TIMELINE 50 1698 241911304447400 2879300
LATENCY 2920100
TIMELINE 50 1714 241911352872000 2920100
LATENCY 2990100
TIMELINE 50 1730 241911405694800 2990100
LATENCY 2929900
TIMELINE 50 1746 241911457248600 2929900
LATENCY 2807900
TIMELINE 50 1762 241911503582100 2807900
LATENCY 2977800
TIMELINE 50 1778 241911548339300 2977800
LATENCY 3044800
TIMELINE 50 1794 241911596292300 3044800
LATENCY 2845700
TIMELINE 50 1810 241911645021100 2845700
LATENCY 2708900
TIMELINE 50 1826 241911690703000 2708900
LATENCY 2948300
TIMELINE 50 1842 241911736027500 2948300
LATENCY 3160300
TIMELINE 50 1858 241911783924600 3160300
LATENCY 2912700
TIMELINE 50 1874 241911837801000 2912700
LATENCY 2985300
TIMELINE 50 1890 241911885215100 2985300
LATENCY 2947000
TIMELINE 50 1906 241911933078600 2947000
LATENCY 2907600
TIMELINE 50 1922 241911979690100 2907600
LATENCY 2932900
TIMELINE 50 1938 241912024520000 2932900
LATENCY 2607200
TIMELINE 50 1954 241912068512800 2607200
LATENCY 2694100
TIMELINE 50 1970 241912112344300 2694100
LATENCY 2897100
TIMELINE 50 1986 241912156533100 2897100
LATENCY 2814300
TIMELINE 50 2002 241912208545000 2814300
LATENCY 2706700
TIMELINE 50 2018 241912252318500 2706700
LATENCY 2851600
TIMELINE 50 2034 241912299591000 2851600
LATENCY 5559200
TIMELINE 51 3 241906562391600 5559200
LATENCY 4055900
TIMELINE 51 19 241906645203600 4055900
LATENCY 4792400
TIMELINE 51 35 241906712922000 4792400
LATENCY 3933500
TIMELINE 51 51 241906773229700 3933500
LATENCY 3977600
TIMELINE 51 67 241906832972000 3977600
LATENCY 3957400
TIMELINE 51 83 241906887659200 3957400
LATENCY 3693700
TIMELINE 51 99 241906944798100 3693700
LATENCY 2506600
TIMELINE 51 115 241907001880000 2506600
LATENCY 2451000
TIMELINE 51 131 241907076488900 2451000
LATENCY 3625500
TIMELINE 51 147 241907136956400 3625500
LATENCY 3105300
TIMELINE 51 163 241907191192100 3105300
LATENCY 2509900
TIMELINE 51 179 241907243057300 2509900
LATENCY 2360500
TIMELINE 51 195 241907283026600 2360500
LATENCY 2381000
TIMELINE 51 211 241907321343700 2381000
LATENCY 2379000
TIMELINE 51 227 241907358784600 2379000
LATENCY 2298100
TIMELINE 51 243 241907395509200 2298100
LATENCY 2365700
TIMELINE 51 259 241907452731500 2365700
LATENCY 2084100
TIMELINE 51 275 241907492192000 2084100
LATENCY 2303500
TIMELINE 51 291 241907529917700 2303500
LATENCY 2490700
TIMELINE 51 307 241907567921900 2490700
LATENCY 2315900
TIMELINE 51 323 241907605386000 2315900
LATENCY 2482700
TIMELINE 51 339 241907643407700 2482700
LATENCY 2259800
TIMELINE 51 355 241907680206800 2259800
LATENCY 2343600
TIMELINE 51 371 241907717142200 2343600
LATENCY 2479500
TIMELINE 51 387 241907754741600 2479500
LATENCY 2203300
TIMELINE 51 403 241907813117400 2203300
LATENCY 2268200
TIMELINE 51 419 241907850283100 2268200
LATENCY 2216700
TIMELINE 51 435 241907886409100 2216700
LATENCY 2435900
TIMELINE 51 451 241907925071500 2435900
LATENCY 2259700
TIMELINE 51 467 241907963975000 2259700
LATENCY 2292900
TIMELINE 51 483 241908001555700 2292900
LATENCY 2258700
TIMELINE 51 499 241908039386000 2258700
LATENCY 2438600
TIMELINE 51 515 241908076765400 2438600
LATENCY 2353000
TIMELINE 51 531 241908135811200 2353000
LATENCY 2305200
TIMELINE 51 547 241908173801800 2305200
LATENCY 2323600
TIMELINE 51 563 241908211149100 2323600
LATENCY 2327300
TIMELINE 51 579 241908249315400 2327300
LATENCY 2474900
TIMELINE 51 595 241908287231500 2474900
LATENCY 2309400
TIMELINE 51 611 241908324670200 2309400
LATENCY 2221800
TIMELINE 51 627 241908362002400 2221800
LATENCY 2557000
TIMELINE 51 643 241908398677200 2557000
LATENCY 2297300
TIMELINE 51 659 241908455091800 2297300
LATENCY 2364600
TIMELINE 51 675 241908492340300 2364600
LATENCY 2269800
TIMELINE 51 691 241908529966300 2269800
LATENCY 2232600
TIMELINE 51 707 241908566967700 2232600
LATENCY 2334400
TIMELINE 51 723 241908605460400 2334400
LATENCY 2426800
TIMELINE 51 739 241908643169800 2426800
LATENCY 2254100
TIMELINE 51 755 241908680199300 2254100
LATENCY 2203400
TIMELINE 51 771 241908716790200 2203400
LATENCY 2302600
TIMELINE 51 787 241908752890600 2302600
LATENCY 2266100
TIMELINE 51 803 241908811323700 2266100
LATENCY 2188300
TIMELINE 51 819 241908847579700 2188300
LATENCY 2223500
TIMELINE 51 835 241908883849500 2223500
LATENCY 2388100
TIMELINE 51 851 241908919709200 2388100
LATENCY 2157200
TIMELINE 51 867 241908956237700 2157200
LATENCY 2151800
TIMELINE 51 883 241908991288800 2151800
LATENCY 2098100
TIMELINE 51 899 241909026539500 2098100
LATENCY 2100600
TIMELINE 51 915 241909060241400 2100600
LATENCY 2125100
TIMELINE 51 931 241909113996700 2125100
LATENCY 2125200
TIMELINE 51 947 241909147638200 2125200
LATENCY 2115700
TIMELINE 51 963 241909181329900 2115700
LATENCY 2198800
TIMELINE 51 979 241909220639700 2198800
LATENCY 2160900
TIMELINE 51 995 241909255624100 2160900
LATENCY 2256600
TIMELINE 51 1011 241909290479200 2256600
LATENCY 2149700
TIMELINE 51 1027 241909325518900 2149700
LATENCY 2869400
TIMELINE 51 1043 241909364585300 2869400
LATENCY 3150800
TIMELINE 51 1059 241909416439900 3150800
LATENCY 2770700
TIMELINE 51 1075 241909459722600 2770700
LATENCY 2934200
TIMELINE 51 1091 241909506132100 2934200
LATENCY 3004600
TIMELINE 51 1107 241909552840300 3004600
LATENCY 2908900
TIMELINE 51 1123 241909598553700 2908900
LATENCY 3245200
TIMELINE 51 1139 241909646843900 3245200
LATENCY 2678100
TIMELINE 51 1155 241909695685700 2678100
LATENCY 3163200
TIMELINE 51 1171 241909745166800 3163200
LATENCY 2754000
TIMELINE 51 1187 241909794603700 2754000
LATENCY 3036600
TIMELINE 51 1203 241909848649900 3036600
LATENCY 3128500
TIMELINE 51 1219 241909898130500 3128500
LATENCY 3193800
TIMELINE 51 1235 241909949022600 3193800
LATENCY 2843100
TIMELINE 51 1251 241909998124700 2843100
LATENCY 3199400
TIMELINE 51 1267 241910047485200 3199400
LATENCY 2943900
TIMELINE 51 1283 241910097944700 2943900
LATENCY 3216800
TIMELINE 51 1299 241910146590700 3216800
LATENCY 3052700
TIMELINE 51 1315 241910195188200 3052700
LATENCY 2726500
TIMELINE 51 1331 241910247485000 2726500
LATENCY 2780900
TIMELINE 51 1347 241910291617100 2780900
LATENCY 2936300
TIMELINE 51 1363 241910339486300 2936300
LATENCY 3058800
TIMELINE 51 1379 241910387028100 3058800
LATENCY 2876700
TIMELINE 51 1395 241910440945800 2876700
LATENCY 2690500
TIMELINE 51 1411 241910487785800 2690500
LATENCY 2530100
TIMELINE 51 1427 241910532066100 2530100
LATENCY 2552300
TIMELINE 51 1443 241910573299700 2552300
LATENCY 2705100
TIMELINE 51 1459 241910620299500 2705100
LATENCY 2847000
TIMELINE 51 1475 241910667572800 2847000
LATENCY 2625100
TIMELINE 51 1491 241910712567800 2625100
LATENCY 2557500
TIMELINE 51 1507 241910760736300 2557500
LATENCY 2968500
TIMELINE 51 1523 241910803581900 2968500
LATENCY 2598200
TIMELINE 51 1539 241910845852700 2598200
LATENCY 2538800
TIMELINE 51 1555 241910889024300 2538800
LATENCY 2840400
TIMELINE 51 1571 241910935407600 2840400
LATENCY 2576200
TIMELINE 51 1587 241910977492200 2576200
LATENCY 2962300
TIMELINE 51 1603 241911033991600 2962300
LATENCY 2927100
TIMELINE 51 1619 241911079551400 2927100
LATENCY 2726500
TIMELINE 51 1635 241911124607500 2726500
LATENCY 2815800
TIMELINE 51 1651 241911168157200 2815800
LATENCY 2952300
TIMELINE 51 1667 241911215346200 2952300
LATENCY 2910200
TIMELINE 51 1683 241911261510900 2910200
LATENCY 3008000
TIMELINE 51 1699 241911314952900 3008000
LATENCY 2966300
TIMELINE 51 1715 241911363364800 2966300
LATENCY 4475500
TIMELINE 51 1731 241911416115600 4475500
LATENCY 2842400
TIMELINE 51 1747 241911468259900 2842400
LATENCY 2674300
TIMELINE 51 1763 241911513625300 2674300
LATENCY 2912200
TIMELINE 51 1779 241911559022100 2912200
LATENCY 3044300
TIMELINE 51 1795 241911607223300 3044300
LATENCY 2909100
TIMELINE 51 1811 241911655361700 2909100
LATENCY 2700600
TIMELINE 51 1827 241911700388200 2700600
LATENCY 2880900
TIMELINE 51 1843 241911746478200 2880900
LATENCY 3293900
TIMELINE 51 1859 241911799216000 3293900
LATENCY 3054700
TIMELINE 51 1875 241911846769700 3054700
LATENCY 2928900
TIMELINE 51 1891 241911894454200 2928900
LATENCY 2960400
TIMELINE 51 1907 241911942033300 2960400
LATENCY 2623700
TIMELINE 51 1923 241911988420200 2623700
LATENCY 2801900
TIMELINE 51 1939 241912033387900 2801900
LATENCY 2694200
TIMELINE 51 1955 241912076705700 2694200
LATENCY 2634500
TIMELINE 51 1971 241912120742100 2634500
LATENCY 2887000
TIMELINE 51 1987 241912165702200 2887000
LATENCY 2757100
TIMELINE 51 2003 241912217304700 2757100
LATENCY 3045200
TIMELINE 51 2019 241912261536400 3045200
LATENCY 2898000
TIMELINE 51 2035 241912307414900 2898000
LATENCY 6016100
TIMELINE 52 4 241906568069900 6016100
LATENCY 4164800
TIMELINE 52 20 241906649563900 4164800
LATENCY 3973300
TIMELINE 52 36 241906718028200 3973300
LATENCY 3199100
TIMELINE 52 52 241906777499200 3199100
LATENCY 3056200
TIMELINE 52 68 241906837157400 3056200
LATENCY 4424700
TIMELINE 52 84 241906891821600 4424700
LATENCY 4255300
TIMELINE 52 100 241906948749900 4255300
LATENCY 3610100
TIMELINE 52 116 241907006445100 3610100
LATENCY 2397200
TIMELINE 52 132 241907080534400 2397200
LATENCY 3033800
TIMELINE 52 148 241907142254800 3033800
LATENCY 2377300
TIMELINE 52 164 241907195779700 2377300
LATENCY 2561700
TIMELINE 52 180 241907247049200 2561700
LATENCY 2393900
TIMELINE 52 196 241907286942400 2393900
LATENCY 2320400
TIMELINE 52 212 241907325273200 2320400
LATENCY 2265000
TIMELINE 52 228 241907362715000 2265000
LATENCY 2252600
TIMELINE 52 244 241907399383100 2252600
LATENCY 2212400
TIMELINE 52 260 241907456575100 2212400
LATENCY 2375000
TIMELINE 52 276 241907497150900 2375000
LATENCY 2207700
TIMELINE 52 292 241907533693100 2207700
LATENCY 2437600
TIMELINE 52 308 241907571995000 2437600
LATENCY 2338000
TIMELINE 52 324 241907609210600 2338000
LATENCY 2262000
TIMELINE 52 340 241907647326200 2262000
LATENCY 2385200
TIMELINE 52 356 241907684020300 2385200
LATENCY 2393100
TIMELINE 52 372 241907720761900 2393100
LATENCY 2279400
TIMELINE 52 388 241907758593600 2279400
LATENCY 2481300
TIMELINE 52 404 241907816890700 2481300
LATENCY 2242700
TIMELINE 52 420 241907853968900 2242700
LATENCY 2211700
TIMELINE 52 436 241907889980800 2211700
LATENCY 2442200
TIMELINE 52 452 241907925734900 2442200
LATENCY 2266200
TIMELINE 52 468 241907964496800 2266200
LATENCY 2280500
TIMELINE 52 484 241908002029100 2280500
LATENCY 2251100
TIMELINE 52 500 241908039821400 2251100
LATENCY 2451600
TIMELINE 52 516 241908077208500 2451600
LATENCY 2334400
TIMELINE 52 532 241908136308100 2334400
LATENCY 2299300
TIMELINE 52 548 241908174182300 2299300
LATENCY 2246900
TIMELINE 52 564 241908211510500 2246900
LATENCY 2325900
TIMELINE 52 580 241908249510800 2325900
LATENCY 2476900
TIMELINE 52 596 241908287389600 2476900
LATENCY 2329700
TIMELINE 52 612 241908324822400 2329700
LATENCY 2223100
TIMELINE 52 628 241908363341800 2223100
LATENCY 2432200
TIMELINE 52 644 241908400307900 2432200
LATENCY 2542800
TIMELINE 52 660 241908456452300 2542800
LATENCY 2593000
TIMELINE 52 676 241908493925100 2593000
LATENCY 2273800
TIMELINE 52 692 241908531418300 2273800
LATENCY 2290100
TIMELINE 52 708 241908568338700 2290100
LATENCY 2325000
TIMELINE 52 724 241908606870700 2325000
LATENCY 2409800
TIMELINE 52 740 241908644631300 2409800
LATENCY 2266200
TIMELINE 52 756 241908681589300 2266200
LATENCY 2228200
TIMELINE 52 772 241908718076900 2228200
LATENCY 2255900
TIMELINE 52 788 241908754269900 2255900
LATENCY 2237900
TIMELINE 52 804 241908813441700 2237900
LATENCY 2193600
TIMELINE 52 820 241908849555100 2193600
LATENCY 2212200
TIMELINE 52 836 241908885860700 2212200
LATENCY 2297300
TIMELINE 52 852 241908921886000 2297300
LATENCY 2155900
TIMELINE 52 868 241908958158100 2155900
LATENCY 2149800
TIMELINE 52 884 241908993320600 2149800
LATENCY 2112100
TIMELINE 52 900 241909028422000 2112100
LATENCY 2083600
TIMELINE 52 916 241909062167900 2083600
LATENCY 2115600
TIMELINE 52 932 241909116012500 2115600
LATENCY 2122800
TIMELINE 52 948 241909149676500 2122800
LATENCY 2076400
TIMELINE 52 964 241909183392200 2076400
LATENCY 2186900
TIMELINE 52 980 241909221886900 2186900
LATENCY 2117300
TIMELINE 52 996 241909256835100 2117300
LATENCY 2164900
TIMELINE 52 1012 241909291681500 2164900
LATENCY 2209600
TIMELINE 52 1028 241909326474000 2209600
LATENCY 2865700
TIMELINE 52 1044 241909365683600 2865700
LATENCY 2958900
TIMELINE 52 1060 241909417624300 2958900
LATENCY 2805200
TIMELINE 52 1076 241909460645100 2805200
LATENCY 2919400
TIMELINE 52 1092 241909507140400 2919400
LATENCY 2967600
TIMELINE 52 1108 241909553874500 2967600
LATENCY 2925100
TIMELINE 52 1124 241909599282200 2925100
LATENCY 3154700
TIMELINE 52 1140 241909647701000 3154700
LATENCY 2656100
TIMELINE 52 1156 241909696057400 2656100
LATENCY 3175200
TIMELINE 52 1172 241909745528900 3175200
LATENCY 2783900
TIMELINE 52 1188 241909794940400 2783900
LATENCY 3009500
TIMELINE 52 1204 241909849041100 3009500
LATENCY 3124000
TIMELINE 52 1220 241909898542700 3124000
LATENCY 3177600
TIMELINE 52 1236 241909949407500 3177600
LATENCY 2879100
TIMELINE 52 1252 241909998466100 2879100
LATENCY 3179800
TIMELINE 52 1268 241910047870100 3179800
LATENCY 2921600
TIMELINE 52 1284 241910098307100 2921600
LATENCY 3205300
TIMELINE 52 1300 241910146973600 3205300
LATENCY 3041000
TIMELINE 52 1316 241910195565000 3041000
LATENCY 2730900
TIMELINE 52 1332 241910247554700 2730900
LATENCY 2784800
TIMELINE 52 1348 241910291717200 2784800
LATENCY 2937300
TIMELINE 52 1364 241910339605200 2937300
LATENCY 3065800
TIMELINE 52 1380 241910387152600 3065800
LATENCY 2874000
TIMELINE 52 1396 241910441072500 2874000
LATENCY 2710900
TIMELINE 52 1412 241910488011200 2710900
LATENCY 2551300
TIMELINE 52 1428 241910532236600 2551300
LATENCY 2586800
TIMELINE 52 1444 241910573465600 2586800
LATENCY 2788800
TIMELINE 52 1460 241910620513700 2788800
LATENCY 2839200
TIMELINE 52 1476 241910667848800 2839200
LATENCY 2643500
TIMELINE 52 1492 241910712820400 2643500
LATENCY 2562700
TIMELINE 52 1508 241910760030200 2562700
LATENCY 2946000
TIMELINE 52 1524 241910802763700 2946000
LATENCY 2617100
TIMELINE 52 1540 241910845109900 2617100
LATENCY 2276000
TIMELINE 52 1556 241910888471100 2276000
LATENCY 2834200
TIMELINE 52 1572 241910934604000 2834200
LATENCY 2582000
TIMELINE 52 1588 241910976787400 2582000
LATENCY 2977400
TIMELINE 52 1604 241911033137900 2977400
LATENCY 2953100
TIMELINE 52 1620 241911078688600 2953100
LATENCY 2714100
TIMELINE 52 1636 241911123845900 2714100
LATENCY 2783400
TIMELINE 52 1652 241911167401100 2783400
LATENCY 2950600
TIMELINE 52 1668 241911214554900 2950600
LATENCY 2912200
TIMELINE 52 1684 241911262273300 2912200
LATENCY 3080400
TIMELINE 52 1700 241911315736100 3080400
LATENCY 2973300
TIMELINE 52 1716 241911364123100 2973300
LATENCY 5959000
TIMELINE 52 1732 241911417051700 5959000
LATENCY 2896400
TIMELINE 52 1748 241911468993600 2896400
LATENCY 2731900
TIMELINE 52 1764 241911514276800 2731900
LATENCY 2942200
TIMELINE 52 1780 241911559743700 2942200
LATENCY 3038600
TIMELINE 52 1796 241911608029700 3038600
LATENCY 2932600
TIMELINE 52 1812 241911656147300 2932600
LATENCY 2709200
TIMELINE 52 1828 241911701125200 2709200
LATENCY 2868400
TIMELINE 52 1844 241911747375700 2868400
LATENCY 3259900
TIMELINE 52 1860 241911800510400 3259900
LATENCY 3070100
TIMELINE 52 1876 241911847957400 3070100
LATENCY 3000700
TIMELINE 52 1892 241911895598100 3000700
LATENCY 2941400
TIMELINE 52 1908 241911943276400 2941400
LATENCY 2679500
TIMELINE 52 1924 241911989491200 2679500
LATENCY 2776400
TIMELINE 52 1940 241912034565100 2776400
LATENCY 2724800
TIMELINE 52 1956 241912077760300 2724800
LATENCY 2656100
TIMELINE 52 1972 241912121801300 2656100
LATENCY 2910000
TIMELINE 52 1988 241912166777400 2910000
LATENCY 2746200
TIMELINE 52 2004 241912218371400 2746200
LATENCY 3032200
TIMELINE 52 2020 241912262652000 3032200
LATENCY 2954900
TIMELINE 52 2036 241912312221200 2954900
LATENCY 5914800
TIMELINE 53 5 241906573614200 5914800
LATENCY 4286700
TIMELINE 53 21 241906653378500 4286700
LATENCY 3201700
TIMELINE 53 37 241906721924900 3201700
LATENCY 3308600
TIMELINE 53 53 241906780853100 3308600
LATENCY 3181600
TIMELINE 53 69 241906840441400 3181600
LATENCY 4432100
TIMELINE 53 85 241906896508100 4432100
LATENCY 4368300
TIMELINE 53 101 241906953266300 4368300
LATENCY 3599400
TIMELINE 53 117 241907006720100 3599400
LATENCY 2419300
TIMELINE 53 133 241907080795300 2419300
LATENCY 2958800
TIMELINE 53 149 241907142631200 2958800
LATENCY 2383600
TIMELINE 53 165 241907196041900 2383600
LATENCY 2563400
TIMELINE 53 181 241907247376900 2563400
LATENCY 2389600
TIMELINE 53 197 241907287331800 2389600
LATENCY 2307200
TIMELINE 53 213 241907325634600 2307200
LATENCY 2271400
TIMELINE 53 229 241907363029900 2271400
LATENCY 2237600
TIMELINE 53 245 241907399708800 2237600
LATENCY 2211800
TIMELINE 53 261 241907456896100 2211800
LATENCY 2312500
TIMELINE 53 277 241907497904700 2312500
LATENCY 2203400
TIMELINE 53 293 241907534378500 2203400
LATENCY 2406100
TIMELINE 53 309 241907572747000 2406100
LATENCY 2450400
TIMELINE 53 325 241907609887900 2450400
LATENCY 2298900
TIMELINE 53 341 241907648092300 2298900
LATENCY 2272400
TIMELINE 53 357 241907684869900 2272400
LATENCY 2382900
TIMELINE 53 373 241907721695600 2382900
LATENCY 22767600
TIMELINE 53 389 241907759390500 22767600
LATENCY 2447400
TIMELINE 53 405 241907817767300 2447400
LATENCY 2244300
TIMELINE 53 421 241907854747600 2244300
LATENCY 2197700
TIMELINE 53 437 241907890783800 2197700
LATENCY 2287500
TIMELINE 53 453 241907928993100 2287500
LATENCY 2251300
TIMELINE 53 469 241907967412500 2251300
LATENCY 2274500
TIMELINE 53 485 241908004914700 2274500
LATENCY 2293200
TIMELINE 53 501 241908042771500 2293200
LATENCY 2301600
TIMELINE 53 517 241908080310700 2301600
LATENCY 2486200
TIMELINE 53 533 241908139262000 2486200
LATENCY 2412500
TIMELINE 53 549 241908177059500 2412500
LATENCY 2224700
TIMELINE 53 565 241908214374000 2224700
LATENCY 2308000
TIMELINE 53 581 241908252542100 2308000
LATENCY 2418800
TIMELINE 53 597 241908290706600 2418800
LATENCY 2334900
TIMELINE 53 613 241908327931700 2334900
LATENCY 2219200
TIMELINE 53 629 241908364799100 2219200
LATENCY 2382300
TIMELINE 53 645 241908401853900 2382300
LATENCY 2407700
TIMELINE 53 661 241908458044900 2407700
LATENCY 2460400
TIMELINE 53 677 241908495242800 2460400
LATENCY 2256600
TIMELINE 53 693 241908532670400 2256600
LATENCY 2284100
TIMELINE 53 709 241908569627600 2284100
LATENCY 2301300
TIMELINE 53 725 241908608255900 2301300
LATENCY 2287800
TIMELINE 53 741 241908646126800 2287800
LATENCY 2333800
TIMELINE 53 757 241908682908100 2333800
LATENCY 2320900
TIMELINE 53 773 241908719387900 2320900
LATENCY 2260900
TIMELINE 53 789 241908755587900 2260900
LATENCY 2229300
TIMELINE 53 805 241908814566700 2229300
LATENCY 2185000
TIMELINE 53 821 241908850623600 2185000
LATENCY 2228600
TIMELINE 53 837 241908886936600 2228600
LATENCY 2304100
TIMELINE 53 853 241908923111100 2304100
LATENCY 2182400
TIMELINE 53 869 241908959329500 2182400
LATENCY 2198800
TIMELINE 53 885 241908994384600 2198800
LATENCY 2119000
TIMELINE 53 901 241909029559100 2119000
LATENCY 2087800
TIMELINE 53 917 241909063262700 2087800
LATENCY 2120900
TIMELINE 53 933 241909117061300 2120900
LATENCY 2107000
TIMELINE 53 949 241909150804400 2107000
LATENCY 2065800
TIMELINE 53 965 241909184496600 2065800
LATENCY 2186000
TIMELINE 53 981 241909223401100 2186000
LATENCY 2117000
TIMELINE 53 997 241909258313100 2117000
LATENCY 2185200
TIMELINE 53 1013 241909293667800 2185200
LATENCY 2380600
TIMELINE 53 1029 241909328715600 2380600
LATENCY 2808100
TIMELINE 53 1045 241909368673200 2808100
LATENCY 2789500
TIMELINE 53 1061 241909420671400 2789500
LATENCY 2804600
TIMELINE 53 1077 241909463585500 2804600
LATENCY 2879100
TIMELINE 53 1093 241909510198600 2879100
LATENCY 2960900
TIMELINE 53 1109 241909556969200 2960900
LATENCY 2789000
TIMELINE 53 1125 241909602346400 2789000
LATENCY 2730700
TIMELINE 53 1141 241909650902800 2730700
LATENCY 2968200
TIMELINE 53 1157 241909699635300 2968200
LATENCY 3275400
TIMELINE 53 1173 241909749569400 3275400
LATENCY 2886100
TIMELINE 53 1189 241909798501600 2886100
LATENCY 3092300
TIMELINE 53 1205 241909853050400 3092300
LATENCY 3060100
TIMELINE 53 1221 241909902649400 3060100
LATENCY 3030800
TIMELINE 53 1237 241909953455100 3030800
LATENCY 3222700
TIMELINE 53 1253 241910002231000 3222700
LATENCY 3118400
TIMELINE 53 1269 241910052041800 3118400
LATENCY 2898700
TIMELINE 53 1285 241910102091900 2898700
LATENCY 2999000
TIMELINE 53 1301 241910151095300 2999000
LATENCY 2970800
TIMELINE 53 1317 241910199531400 2970800
LATENCY 2754200
TIMELINE 53 1333 241910251060500 2754200
LATENCY 2618600
TIMELINE 53 1349 241910295167700 2618600
LATENCY 2870000
TIMELINE 53 1365 241910343295300 2870000
LATENCY 3028100
TIMELINE 53 1381 241910391013200 3028100
LATENCY 2940200
TIMELINE 53 1397 241910444702000 2940200
LATENCY 2860300
TIMELINE 53 1413 241910491425300 2860300
LATENCY 2582200
TIMELINE 53 1429 241910535452200 2582200
LATENCY 2562400
TIMELINE 53 1445 241910576683400 2562400
LATENCY 2810900
TIMELINE 53 1461 241910623931200 2810900
LATENCY 2810200
TIMELINE 53 1477 241910671362200 2810200
LATENCY 2741800
TIMELINE 53 1493 241910716209500 2741800
LATENCY 2604900
TIMELINE 53 1509 241910762803000 2604900
LATENCY 3009500
TIMELINE 53 1525 241910806012700 3009500
LATENCY 2555700
TIMELINE 53 1541 241910847986300 2555700
LATENCY 2884200
TIMELINE 53 1557 241910891032900 2884200
LATENCY 2594700
TIMELINE 53 1573 241910937817800 2594700
LATENCY 2563700
TIMELINE 53 1589 241910979684500 2563700
LATENCY 2856100
TIMELINE 53 1605 241911036491300 2856100
LATENCY 2941900
TIMELINE 53 1621 241911082007300 2941900
LATENCY 2676200
TIMELINE 53 1637 241911126946900 2676200
LATENCY 2437900
TIMELINE 53 1653 241911170590800 2437900
LATENCY 2598000
TIMELINE 53 1669 241911217860200 2598000
LATENCY 3143500
TIMELINE 53 1685 241911265517700 3143500
LATENCY 2896500
TIMELINE 53 1701 241911319149200 2896500
LATENCY 2938600
TIMELINE 53 1717 241911367413700 2938600
LATENCY 4257200
TIMELINE 53 1733 241911424058600 4257200
LATENCY 2925900
TIMELINE 53 1749 241911472247100 2925900
LATENCY 2801100
TIMELINE 53 1765 241911517338100 2801100
LATENCY 3009900
TIMELINE 53 1781 241911562983500 3009900
LATENCY 3059900
TIMELINE 53 1797 241911611241600 3059900
LATENCY 2936300
TIMELINE 53 1813 241911659242400 2936300
LATENCY 2765300
TIMELINE 53 1829 241911703956000 2765300
LATENCY 2993700
TIMELINE 53 1845 241911750369400 2993700
LATENCY 3090800
TIMELINE 53 1861 241911804657200 3090800
LATENCY 3090000
TIMELINE 53 1877 241911851922600 3090000
LATENCY 2888100
TIMELINE 53 1893 241911899446700 2888100
LATENCY 2914600
TIMELINE 53 1909 241911947073200 2914600
LATENCY 2664400
TIMELINE 53 1925 241911992943400 2664400
LATENCY 2771000
TIMELINE 53 1941 241912038194700 2771000
LATENCY 2738600
TIMELINE 53 1957 241912081367000 2738600
LATENCY 2748500
TIMELINE 53 1973 241912125335700 2748500
LATENCY 2871300
TIMELINE 53 1989 241912170704800 2871300
LATENCY 2778700
TIMELINE 53 2005 241912221935400 2778700
LATENCY 3033400
TIMELINE 53 2021 241912266632700 3033400
LATENCY 2919200
TIMELINE 53 2037 241912314173000 2919200
LATENCY 6880400
TIMELINE 54 6 241906581027900 6880400
LATENCY 3776200
TIMELINE 54 22 241906658970500 3776200
LATENCY 3204200
TIMELINE 54 38 241906726085800 3204200
LATENCY 2894900
TIMELINE 54 54 241906784948800 2894900
LATENCY 2897900
TIMELINE 54 70 241906844434300 2897900
LATENCY 4523700
TIMELINE 54 86 241906901879400 4523700
LATENCY 4133000
TIMELINE 54 102 241906958494500 4133000
LATENCY 4407000
TIMELINE 54 118 241907018539100 4407000
LATENCY 4391500
TIMELINE 54 134 241907088671300 4391500
LATENCY 3669400
TIMELINE 54 150 241907150686300 3669400
LATENCY 2846100
TIMELINE 54 166 241907202616800 2846100
LATENCY 2424800
TIMELINE 54 182 241907254278200 2424800
LATENCY 2406900
TIMELINE 54 198 241907293940000 2406900
LATENCY 2331300
TIMELINE 54 214 241907332225200 2331300
LATENCY 2457600
TIMELINE 54 230 241907369370200 2457600
LATENCY 2337000
TIMELINE 54 246 241907406115800 2337000
LATENCY 2881800
TIMELINE 54 262 241907463021000 2881800
LATENCY 2441700
TIMELINE 54 278 241907501778000 2441700
LATENCY 2299500
TIMELINE 54 294 241907538051700 2299500
LATENCY 2300700
TIMELINE 54 310 241907576693600 2300700
LATENCY 2397100
TIMELINE 54 326 241907613979100 2397100
LATENCY 2278500
TIMELINE 54 342 241907652011000 2278500
LATENCY 2318700
TIMELINE 54 358 241907688760300 2318700
LATENCY 2404400
TIMELINE 54 374 241907725687300 2404400
LATENCY 2626500
TIMELINE 54 390 241907784285500 2626500
LATENCY 2287800
TIMELINE 54 406 241907821719900 2287800
LATENCY 2258700
TIMELINE 54 422 241907858481300 2258700
LATENCY 2368000
TIMELINE 54 438 241907894420700 2368000
LATENCY 2304600
TIMELINE 54 454 241907930722200 2304600
LATENCY 2273900
TIMELINE 54 470 241907969136500 2273900
LATENCY 2268300
TIMELINE 54 486 241908006626900 2268300
LATENCY 2247800
TIMELINE 54 502 241908044380800 2247800
LATENCY 2322400
TIMELINE 54 518 241908081899200 2322400
LATENCY 2294400
TIMELINE 54 534 241908141050500 2294400
LATENCY 2335400
TIMELINE 54 550 241908178962300 2335400
LATENCY 2378800
TIMELINE 54 566 241908216127300 2378800
LATENCY 2446700
TIMELINE 54 582 241908254211400 2446700
LATENCY 2375700
TIMELINE 54 598 241908292428100 2375700
LATENCY 2361200
TIMELINE 54 614 241908329611500 2361200
LATENCY 2299000
TIMELINE 54 630 241908368068600 2299000
LATENCY 2250300
TIMELINE 54 646 241908405239200 2250300
LATENCY 2452800
TIMELINE 54 662 241908461470000 2452800
LATENCY 2257700
TIMELINE 54 678 241908498771800 2257700
LATENCY 2259900
TIMELINE 54 694 241908535985400 2259900
LATENCY 2586800
TIMELINE 54 710 241908573028800 2586800
LATENCY 2358200
TIMELINE 54 726 241908611441900 2358200
LATENCY 2235300
TIMELINE 54 742 241908649186700 2235300
LATENCY 2218400
TIMELINE 54 758 241908685955700 2218400
LATENCY 2239100
TIMELINE 54 774 241908722455800 2239100
LATENCY 23626600
TIMELINE 54 790 241908758589400 23626600
LATENCY 2268600
TIMELINE 54 806 241908819146000 2268600
LATENCY 2240400
TIMELINE 54 822 241908855204000 2240400
LATENCY 2171500
TIMELINE 54 838 241908891459100 2171500
LATENCY 2203300
TIMELINE 54 854 241908927662600 2203300
LATENCY 2162600
TIMELINE 54 870 241908963633200 2162600
LATENCY 2292700
TIMELINE 54 886 241908998888800 2292700
LATENCY 2145900
TIMELINE 54 902 241909033701400 2145900
LATENCY 2115400
TIMELINE 54 918 241909067373400 2115400
LATENCY 2108300
TIMELINE 54 934 241909121225300 2108300
LATENCY 2109800
TIMELINE 54 950 241909154875200 2109800
LATENCY 2154400
TIMELINE 54 966 241909188526100 2154400
LATENCY 2155500
TIMELINE 54 982 241909228200700 2155500
LATENCY 2143900
TIMELINE 54 998 241909262923100 2143900
LATENCY 2164200
TIMELINE 54 1014 241909297918600 2164200
LATENCY 2167000
TIMELINE 54 1030 241909332892700 2167000
LATENCY 2855400
TIMELINE 54 1046 241909373887800 2855400
LATENCY 2626900
TIMELINE 54 1062 241909425624900 2626900
LATENCY 2706600
TIMELINE 54 1078 241909468466900 2706600
LATENCY 2971500
TIMELINE 54 1094 241909515539200 2971500
LATENCY 2861000
TIMELINE 54 1110 241909562318200 2861000
LATENCY 2921800
TIMELINE 54 1126 241909607487500 2921800
LATENCY 2679100
TIMELINE 54 1142 241909655770900 2679100
LATENCY 3031900
TIMELINE 54 1158 241909704478300 3031900
LATENCY 3168000
TIMELINE 54 1174 241909754920000 3168000
LATENCY 2990300
TIMELINE 54 1190 241909809059900 2990300
LATENCY 3078400
TIMELINE 54 1206 241909858077800 3078400
LATENCY 3201900
TIMELINE 54 1222 241909907765400 3201900
LATENCY 3152200
TIMELINE 54 1238 241909958615200 3152200
LATENCY 2927500
TIMELINE 54 1254 241910007432600 2927500
LATENCY 3232100
TIMELINE 54 1270 241910057321200 3232100
LATENCY 2953600
TIMELINE 54 1286 241910106919200 2953600
LATENCY 3128800
TIMELINE 54 1302 241910156177500 3128800
LATENCY 2931200
TIMELINE 54 1318 241910204444900 2931200
LATENCY 2827400
TIMELINE 54 1334 241910256109900 2827400
LATENCY 2777900
TIMELINE 54 1350 241910300040900 2777900
LATENCY 2869800
TIMELINE 54 1366 241910348562900 2869800
LATENCY 3019400
TIMELINE 54 1382 241910396541500 3019400
LATENCY 2944100
TIMELINE 54 1398 241910450205900 2944100
LATENCY 2939600
TIMELINE 54 1414 241910496871900 2939600
LATENCY 2574000
TIMELINE 54 1430 241910540231700 2574000
LATENCY 2550300
TIMELINE 54 1446 241910581429800 2550300
LATENCY 2738900
TIMELINE 54 1462 241910629181700 2738900
LATENCY 2763500
TIMELINE 54 1478 241910676443200 2763500
LATENCY 2701100
TIMELINE 54 1494 241910721210700 2701100
LATENCY 2611400
TIMELINE 54 1510 241910768097900 2611400
LATENCY 2585600
TIMELINE 54 1526 241910811899600 2585600
LATENCY 2574900
TIMELINE 54 1542 241910853163900 2574900
LATENCY 2859900
TIMELINE 54 1558 241910896878300 2859900
LATENCY 2487500
TIMELINE 54 1574 241910942874000 2487500
LATENCY 3672100
TIMELINE 54 1590 241910993363700 3672100
LATENCY 2807800
TIMELINE 54 1606 241911042194900 2807800
LATENCY 2912400
TIMELINE 54 1622 241911087779400 2912400
LATENCY 2729200
TIMELINE 54 1638 241911132347300 2729200
LATENCY 3342300
TIMELINE 54 1654 241911178291000 3342300
LATENCY 2534800
TIMELINE 54 1670 241911223065000 2534800
LATENCY 4024600
TIMELINE 54 1686 241911276030800 4024600
LATENCY 2738200
TIMELINE 54 1702 241911325439700 2738200
LATENCY 2886900
TIMELINE 54 1718 241911374024700 2886900
LATENCY 2767500
TIMELINE 54 1734 241911431877300 2767500
LATENCY 2924500
TIMELINE 54 1750 241911478862600 2924500
LATENCY 2831800
TIMELINE 54 1766 241911523685400 2831800
LATENCY 2929600
TIMELINE 54 1782 241911569712400 2929600
LATENCY 3050800
TIMELINE 54 1798 241911618175900 3050800
LATENCY 2964700
TIMELINE 54 1814 241911666077300 2964700
LATENCY 2563500
TIMELINE 54 1830 241911712984300 2563500
LATENCY 2909900
TIMELINE 54 1846 241911757076500 2909900
LATENCY 3051100
TIMELINE 54 1862 241911810386300 3051100
LATENCY 2914800
TIMELINE 54 1878 241911857613500 2914800
LATENCY 2871800
TIMELINE 54 1894 241911904786800 2871800
LATENCY 2900500
TIMELINE 54 1910 241911952448800 2900500
LATENCY 2669100
TIMELINE 54 1926 241911997904400 2669100
LATENCY 2717400
TIMELINE 54 1942 241912043278500 2717400
LATENCY 2733700
TIMELINE 54 1958 241912086785600 2733700
LATENCY 2654800
TIMELINE 54 1974 241912130598900 2654800
LATENCY 2912700
TIMELINE 54 1990 241912181710400 2912700
LATENCY 2736600
TIMELINE 54 2006 241912227083600 2736600
LATENCY 2988900
TIMELINE 54 2022 241912272306200 2988900
LATENCY 2952000
TIMELINE 54 2038 241912320678900 2952000
LATENCY 6017200
TIMELINE 55 7 241906586648700 6017200
LATENCY 4186100
TIMELINE 55 23 241906661879000 4186100
LATENCY 3536200
TIMELINE 55 39 241906728427200 3536200
LATENCY 3056100
TIMELINE 55 55 241906787055300 3056100
LATENCY 2974000
TIMELINE 55 71 241906846480600 2974000
LATENCY 4372500
TIMELINE 55 87 241906905312900 4372500
LATENCY 4776500
TIMELINE 55 103 241906961713100 4776500
LATENCY 4538600
TIMELINE 55 119 241907016027900 4538600
LATENCY 4481800
TIMELINE 55 135 241907086152700 4481800
LATENCY 2597400
TIMELINE 55 151 241907149219300 2597400
LATENCY 2561300
TIMELINE 55 167 241907201146400 2561300
LATENCY 2504700
TIMELINE 55 183 241907252815500 2504700
LATENCY 2328000
TIMELINE 55 199 241907292540000 2328000
LATENCY 2356200
TIMELINE 55 215 241907330844000 2356200
LATENCY 2450100
TIMELINE 55 231 241907368051800 2450100
LATENCY 2430100
TIMELINE 55 247 241907404691000 2430100
LATENCY 2295200
TIMELINE 55 263 241907461912300 2295200
LATENCY 2518300
TIMELINE 55 279 241907501569300 2518300
LATENCY 2299500
TIMELINE 55 295 241907537932200 2299500
LATENCY 2301400
TIMELINE 55 311 241907576569200 2301400
LATENCY 2395700
TIMELINE 55 327 241907613852700 2395700
LATENCY 2280800
TIMELINE 55 343 241907651790300 2280800
LATENCY 2305600
TIMELINE 55 359 241907688613000 2305600
LATENCY 2400900
TIMELINE 55 375 241907725626600 2400900
LATENCY 2626700
TIMELINE 55 391 241907784400800 2626700
LATENCY 2285600
TIMELINE 55 407 241907821845900 2285600
LATENCY 2247900
TIMELINE 55 423 241907858614100 2247900
LATENCY 2329900
TIMELINE 55 439 241907894636300 2329900
LATENCY 2303100
TIMELINE 55 455 241907930821800 2303100
LATENCY 2277900
TIMELINE 55 471 241907969195800 2277900
LATENCY 2283300
TIMELINE 55 487 241908006697400 2283300
LATENCY 2251500
TIMELINE 55 503 241908044511600 2251500
LATENCY 2322800
TIMELINE 55 519 241908082062100 2322800
LATENCY 2298100
TIMELINE 55 535 241908141177300 2298100
LATENCY 2339300
TIMELINE 55 551 241908178995000 2339300
LATENCY 2383400
TIMELINE 55 567 241908216159400 2383400
LATENCY 2471100
TIMELINE 55 583 241908254467400 2471100
LATENCY 2376900
TIMELINE 55 599 241908292723000 2376900
LATENCY 2411800
TIMELINE 55 615 241908329899400 2411800
LATENCY 2348900
TIMELINE 55 631 241908367922900 2348900
LATENCY 2239100
TIMELINE 55 647 241908405116700 2239100
LATENCY 2435000
TIMELINE 55 663 241908461325200 2435000
LATENCY 2258000
TIMELINE 55 679 241908498523200 2258000
LATENCY 2260300
TIMELINE 55 695 241908535707300 2260300
LATENCY 2761200
TIMELINE 55 711 241908572718900 2761200
LATENCY 2355200
TIMELINE 55 727 241908611315600 2355200
LATENCY 2233200
TIMELINE 55 743 241908649097900 2233200
LATENCY 2215500
TIMELINE 55 759 241908685926200 2215500
LATENCY 2238300
TIMELINE 55 775 241908722361900 2238300
LATENCY 23595100
TIMELINE 55 791 241908758463200 23595100
LATENCY 2300400
TIMELINE 55 807 241908817465800 2300400
LATENCY 2233200
TIMELINE 55 823 241908853565200 2233200
LATENCY 2156900
TIMELINE 55 839 241908889845700 2156900
LATENCY 2284400
TIMELINE 55 855 241908925968400 2284400
LATENCY 2154400
TIMELINE 55 871 241908962052200 2154400
LATENCY 2359600
TIMELINE 55 887 241908997157600 2359600
LATENCY 2107300
TIMELINE 55 903 241909032202600 2107300
LATENCY 2082200
TIMELINE 55 919 241909065872100 2082200
LATENCY 2116500
TIMELINE 55 935 241909119650400 2116500
LATENCY 2087400
TIMELINE 55 951 241909153288400 2087400
LATENCY 2122000
TIMELINE 55 967 241909186937700 2122000
LATENCY 2240400
TIMELINE 55 983 241909225502600 2240400
LATENCY 2154600
TIMELINE 55 999 241909260342200 2154600
LATENCY 2154100
TIMELINE 55 1015 241909295367800 2154100
LATENCY 2174900
TIMELINE 55 1031 241909330097400 2174900
LATENCY 2866800
TIMELINE 55 1047 241909370113800 2866800
LATENCY 2701100
TIMELINE 55 1063 241909422086900 2701100
LATENCY 2657000
TIMELINE 55 1079 241909465033900 2657000
LATENCY 2947700
TIMELINE 55 1095 241909511716600 2947700
LATENCY 2988500
TIMELINE 55 1111 241909558468600 2988500
LATENCY 2774700
TIMELINE 55 1127 241909603886100 2774700
LATENCY 2617500
TIMELINE 55 1143 241909652378500 2617500
LATENCY 2914200
TIMELINE 55 1159 241909701171900 2914200
LATENCY 3236200
TIMELINE 55 1175 241909751313000 3236200
LATENCY 8704000
TIMELINE 55 1191 241909799969000 8704000
LATENCY 3110300
TIMELINE 55 1207 241909854560400 3110300
LATENCY 3044500
TIMELINE 55 1223 241909904185000 3044500
LATENCY 3071700
TIMELINE 55 1239 241909955031800 3071700
LATENCY 3054500
TIMELINE 55 1255 241910003906600 3054500
LATENCY 3083200
TIMELINE 55 1271 241910053693100 3083200
LATENCY 2911400
TIMELINE 55 1287 241910103520400 2911400
LATENCY 3030000
TIMELINE 55 1303 241910152609100 3030000
LATENCY 2911000
TIMELINE 55 1319 241910201037200 2911000
LATENCY 2776200
TIMELINE 55 1335 241910253130900 2776200
LATENCY 2681900
TIMELINE 55 1351 241910297178600 2681900
LATENCY 2876700
TIMELINE 55 1367 241910345563300 2876700
LATENCY 3010500
TIMELINE 55 1383 241910393401500 3010500
LATENCY 2995500
TIMELINE 55 1399 241910447006800 2995500
LATENCY 3039900
TIMELINE 55 1415 241910493611500 3039900
LATENCY 2558200
TIMELINE 55 1431 241910537473200 2558200
LATENCY 2567300
TIMELINE 55 1447 241910578692500 2567300
LATENCY 2867400
TIMELINE 55 1463 241910626091900 2867400
LATENCY 2726600
TIMELINE 55 1479 241910673578000 2726600
LATENCY 2722800
TIMELINE 55 1495 241910718289700 2722800
LATENCY 2635800
TIMELINE 55 1511 241910764071100 2635800
LATENCY 2999200
TIMELINE 55 1527 241910807373300 2999200
LATENCY 2538200
TIMELINE 55 1543 241910849185800 2538200
LATENCY 2884400
TIMELINE 55 1559 241910892318200 2884400
LATENCY 2540700
TIMELINE 55 1575 241910939021200 2540700
LATENCY 2606700
TIMELINE 55 1591 241910980863300 2606700
LATENCY 2835400
TIMELINE 55 1607 241911037872500 2835400
LATENCY 2889200
TIMELINE 55 1623 241911083417900 2889200
LATENCY 2716200
TIMELINE 55 1639 241911128199100 2716200
LATENCY 2538500
TIMELINE 55 1655 241911171835900 2538500
LATENCY 2626600
TIMELINE 55 1671 241911219040900 2626600
LATENCY 3146800
TIMELINE 55 1687 241911266489200 3146800
LATENCY 2789000
TIMELINE 55 1703 241911320154200 2789000
LATENCY 2907700
TIMELINE 55 1719 241911368322800 2907700
LATENCY 2858900
TIMELINE 55 1735 241911426313200 2858900
LATENCY 2931100
TIMELINE 55 1751 241911473168100 2931100
LATENCY 2796900
TIMELINE 55 1767 241911518236800 2796900
LATENCY 3039100
TIMELINE 55 1783 241911563925700 3039100
LATENCY 3071400
TIMELINE 55 1799 241911612260300 3071400
LATENCY 3051100
TIMELINE 55 1815 241911660208800 3051100
LATENCY 3998200
TIMELINE 55 1831 241911704889200 3998200
LATENCY 3079000
TIMELINE 55 1847 241911751289800 3079000
LATENCY 3092500
TIMELINE 55 1863 241911804789000 3092500
LATENCY 3098900
TIMELINE 55 1879 241911851960400 3098900
LATENCY 2885300
TIMELINE 55 1895 241911899491300 2885300
LATENCY 2920200
TIMELINE 55 1911 241911947117300 2920200
LATENCY 2693900
TIMELINE 55 1927 241911993046600 2693900
LATENCY 2723300
TIMELINE 55 1943 241912038312600 2723300
LATENCY 2756900
TIMELINE 55 1959 241912081436300 2756900
LATENCY 2762600
TIMELINE 55 1975 241912125413000 2762600
LATENCY 2880800
TIMELINE 55 1991 241912170788300 2880800
LATENCY 2804700
TIMELINE 55 2007 241912222040700 2804700
LATENCY 3037400
TIMELINE 55 2023 241912266758700 3037400
LATENCY 2926000
TIMELINE 55 2039 241912315056900 2926000
LATENCY 5112600
TIMELINE 56 8 241906594351200 5112600
LATENCY 4249900
TIMELINE 56 24 241906666894400 4249900
LATENCY 4312400
TIMELINE 56 40 241906732742900 4312400
LATENCY 3232200
TIMELINE 56 56 241906791018000 3232200
LATENCY 3136100
TIMELINE 56 72 241906850176600 3136100
LATENCY 3099700
TIMELINE 56 88 241906910597200 3099700
LATENCY 4342800
TIMELINE 56 104 241906967712800 4342800
LATENCY 3013500
TIMELINE 56 120 241907024858600 3013500
LATENCY 4466600
TIMELINE 56 136 241907095871500 4466600
LATENCY 4250500
TIMELINE 56 152 241907157184400 4250500
LATENCY 4045700
TIMELINE 56 168 241907208310300 4045700
LATENCY 2449000
TIMELINE 56 184 241907258389900 2449000
LATENCY 2462000
TIMELINE 56 200 241907297936400 2462000
LATENCY 2331000
TIMELINE 56 216 241907336079900 2331000
LATENCY 2305000
TIMELINE 56 232 241907373277100 2305000
LATENCY 2408600
TIMELINE 56 248 241907409901900 2408600
LATENCY 2868700
TIMELINE 56 264 241907468060600 2868700
LATENCY 2309000
TIMELINE 56 280 241907506961000 2309000
LATENCY 2363500
TIMELINE 56 296 241907543293000 2363500
LATENCY 2277500
TIMELINE 56 312 241907581684700 2277500
LATENCY 2365700
TIMELINE 56 328 241907619139000 2365700
LATENCY 2377700
TIMELINE 56 344 241907656914900 2377700
LATENCY 2273400
TIMELINE 56 360 241907693751100 2273400
LATENCY 2537100
TIMELINE 56 376 241907730795800 2537100
LATENCY 2316700
TIMELINE 56 392 241907789822600 2316700
LATENCY 2228100
TIMELINE 56 408 241907826684000 2228100
LATENCY 2240400
TIMELINE 56 424 241907863383000 2240400
LATENCY 2189700
TIMELINE 56 440 241907899324300 2189700
LATENCY 2423600
TIMELINE 56 456 241907938007700 2423600
LATENCY 2252000
TIMELINE 56 472 241907975811500 2252000
LATENCY 2270400
TIMELINE 56 488 241908013455200 2270400
LATENCY 2354000
TIMELINE 56 504 241908051197200 2354000
LATENCY 2308800
TIMELINE 56 520 241908088989100 2308800
LATENCY 2374900
TIMELINE 56 536 241908147944900 2374900
LATENCY 2383700
TIMELINE 56 552 241908185726400 2383700
LATENCY 2444900
TIMELINE 56 568 241908222909000 2444900
LATENCY 2317700
TIMELINE 56 584 241908261564800 2317700
LATENCY 2329700
TIMELINE 56 600 241908299691000 2329700
LATENCY 2376000
TIMELINE 56 616 241908336883300 2376000
LATENCY 2193100
TIMELINE 56 632 241908374168300 2193100
LATENCY 2232900
TIMELINE 56 648 241908411378700 2232900
LATENCY 2370900
TIMELINE 56 664 241908467794600 2370900
LATENCY 2301500
TIMELINE 56 680 241908505167600 2301500
LATENCY 2414200
TIMELINE 56 696 241908542441100 2414200
LATENCY 2312900
TIMELINE 56 712 241908580111900 2312900
LATENCY 2346300
TIMELINE 56 728 241908617973600 2346300
LATENCY 2403500
TIMELINE 56 744 241908655801400 2403500
LATENCY 2291000
TIMELINE 56 760 241908692496700 2291000
LATENCY 2207900
TIMELINE 56 776 241908728934400 2207900
LATENCY 2220700
TIMELINE 56 792 241908786699200 2220700
LATENCY 2274200
TIMELINE 56 808 241908825598200 2274200
LATENCY 2272500
TIMELINE 56 824 241908861898600 2272500
LATENCY 2133400
TIMELINE 56 840 241908897579000 2133400
LATENCY 2230900
TIMELINE 56 856 241908934133100 2230900
LATENCY 2326600
TIMELINE 56 872 241908969904200 2326600
LATENCY 2234800
TIMELINE 56 888 241909005354600 2234800
LATENCY 2088300
TIMELINE 56 904 241909039742700 2088300
LATENCY 2059700
TIMELINE 56 920 241909073368600 2059700
LATENCY 2071900
TIMELINE 56 936 241909127278300 2071900
LATENCY 2059700
TIMELINE 56 952 241909160967900 2059700
LATENCY 2085300
TIMELINE 56 968 241909194686000 2085300
LATENCY 2179500
TIMELINE 56 984 241909234419300 2179500
LATENCY 2098300
TIMELINE 56 1000 241909269257200 2098300
LATENCY 2173600
TIMELINE 56 1016 241909304315400 2173600
LATENCY 2170500
TIMELINE 56 1032 241909339347500 2170500
LATENCY 2708000
TIMELINE 56 1048 241909382226300 2708000
LATENCY 2762300
TIMELINE 56 1064 241909433455100 2762300
LATENCY 2540500
TIMELINE 56 1080 241909476576000 2540500
LATENCY 2882000
TIMELINE 56 1096 241909524283100 2882000
LATENCY 2895600
TIMELINE 56 1112 241909570724300 2895600
LATENCY 3046200
TIMELINE 56 1128 241909615661800 3046200
LATENCY 3183800
TIMELINE 56 1144 241909665206400 3183800
LATENCY 3102300
TIMELINE 56 1160 241909714230500 3102300
LATENCY 3112000
TIMELINE 56 1176 241909765082100 3112000
LATENCY 3015800
TIMELINE 56 1192 241909818736900 3015800
LATENCY 3105500
TIMELINE 56 1208 241909868192400 3105500
LATENCY 3145600
TIMELINE 56 1224 241909917924200 3145600
LATENCY 3191500
TIMELINE 56 1240 241909968751700 3191500
LATENCY 3111600
TIMELINE 56 1256 241910016821400 3111600
LATENCY 3195900
TIMELINE 56 1272 241910067636100 3195900
LATENCY 2973000
TIMELINE 56 1288 241910116381300 2973000
LATENCY 2982900
TIMELINE 56 1304 241910166072000 2982900
LATENCY 2882600
TIMELINE 56 1320 241910213978300 2882600
LATENCY 2762200
TIMELINE 56 1336 241910264659500 2762200
LATENCY 2779800
TIMELINE 56 1352 241910308558700 2779800
LATENCY 2994900
TIMELINE 56 1368 241910357389100 2994900
LATENCY 3018300
TIMELINE 56 1384 241910405532900 3018300
LATENCY 2900800
TIMELINE 56 1400 241910458890500 2900800
LATENCY 2882800
TIMELINE 56 1416 241910505606900 2882800
LATENCY 2583800
TIMELINE 56 1432 241910547940500 2583800
LATENCY 2706100
TIMELINE 56 1448 241910589094200 2706100
LATENCY 3653800
TIMELINE 56 1464 241910637469000 3653800
LATENCY 3000100
TIMELINE 56 1480 241910684853700 3000100
LATENCY 2644700
TIMELINE 56 1496 241910729300700 2644700
LATENCY 2553900
TIMELINE 56 1512 241910775222500 2553900
LATENCY 2598500
TIMELINE 56 1528 241910819020200 2598500
LATENCY 2591300
TIMELINE 56 1544 241910860213500 2591300
LATENCY 2848000
TIMELINE 56 1560 241910904658700 2848000
LATENCY 2719500
TIMELINE 56 1576 241910949929400 2719500
LATENCY 3027200
TIMELINE 56 1592 241911002902500 3027200
LATENCY 2668700
TIMELINE 56 1608 241911049770400 2668700
LATENCY 2760800
TIMELINE 56 1624 241911095876100 2760800
LATENCY 2803100
TIMELINE 56 1640 241911139825900 2803100
LATENCY 2896200
TIMELINE 56 1656 241911186887500 2896200
LATENCY 2587900
TIMELINE 56 1672 241911230150800 2587900
LATENCY 3104300
TIMELINE 56 1688 241911283086100 3104300
LATENCY 2979200
TIMELINE 56 1704 241911331770600 2979200
LATENCY 3062400
TIMELINE 56 1720 241911380314100 3062400
LATENCY 2943500
TIMELINE 56 1736 241911437992000 2943500
LATENCY 2611400
TIMELINE 56 1752 241911485122700 2611400
LATENCY 2607300
TIMELINE 56 1768 241911529493400 2607300
LATENCY 2942400
TIMELINE 56 1784 241911575948200 2942400
LATENCY 3056600
TIMELINE 56 1800 241911624612900 3056600
LATENCY 2745100
TIMELINE 56 1816 241911672327800 2745100
LATENCY 2592400
TIMELINE 56 1832 241911718432600 2592400
LATENCY 2908600
TIMELINE 56 1848 241911763301200 2908600
LATENCY 2951100
TIMELINE 56 1864 241911817873000 2951100
LATENCY 2953900
TIMELINE 56 1880 241911864922900 2953900
LATENCY 3025400
TIMELINE 56 1896 241911912143700 3025400
LATENCY 2893500
TIMELINE 56 1912 241911959722800 2893500
LATENCY 2635700
TIMELINE 56 1928 241912004537500 2635700
LATENCY 2632500
TIMELINE 56 1944 241912050030300 2632500
LATENCY 2738000
TIMELINE 56 1960 241912093482100 2738000
LATENCY 2675400
TIMELINE 56 1976 241912137216900 2675400
LATENCY 2877500
TIMELINE 56 1992 241912188896200 2877500
LATENCY 2623500
TIMELINE 56 2008 241912233762900 2623500
LATENCY 2665400
TIMELINE 56 2024 241912279745100 2665400
LATENCY 2739900
TIMELINE 56 2040 241912325448300 2739900
LATENCY 5004300
TIMELINE 57 9 241906597894300 5004300
LATENCY 4225100
TIMELINE 57 25 241906670340100 4225100
LATENCY 4508100
TIMELINE 57 41 241906735668800 4508100
LATENCY 3671300
TIMELINE 57 57 241906793305200 3671300
LATENCY 3168200
TIMELINE 57 73 241906852190800 3168200
LATENCY 3178700
TIMELINE 57 89 241906912497200 3178700
LATENCY 3314200
TIMELINE 57 105 241906970680800 3314200
LATENCY 2952300
TIMELINE 57 121 241907023485800 2952300
LATENCY 4310600
TIMELINE 57 137 241907093824300 4310600
LATENCY 4210800
TIMELINE 57 153 241907155142900 4210800
LATENCY 4011900
TIMELINE 57 169 241907206220000 4011900
LATENCY 2483900
TIMELINE 57 185 241907257109900 2483900
LATENCY 2464900
TIMELINE 57 201 241907296655200 2464900
LATENCY 2362200
TIMELINE 57 217 241907334844900 2362200
LATENCY 2313700
TIMELINE 57 233 241907372185100 2313700
LATENCY 2325400
TIMELINE 57 249 241907408828600 2325400
LATENCY 3129800
TIMELINE 57 265 241907466593500 3129800
LATENCY 2308900
TIMELINE 57 281 241907507147900 2308900
LATENCY 2505300
TIMELINE 57 297 241907543512100 2505300
LATENCY 2300900
TIMELINE 57 313 241907582008400 2300900
LATENCY 2343200
TIMELINE 57 329 241907619513200 2343200
LATENCY 2385600
TIMELINE 57 345 241907657223400 2385600
LATENCY 2266200
TIMELINE 57 361 241907694096000 2266200
LATENCY 2530700
TIMELINE 57 377 241907731180600 2530700
LATENCY 2332600
TIMELINE 57 393 241907790299900 2332600
LATENCY 2314800
TIMELINE 57 409 241907827159000 2314800
LATENCY 2235100
TIMELINE 57 425 241907863940700 2235100
LATENCY 2230300
TIMELINE 57 441 241907899891100 2230300
LATENCY 2354200
TIMELINE 57 457 241907940113500 2354200
LATENCY 2209300
TIMELINE 57 473 241907977790300 2209300
LATENCY 2380500
TIMELINE 57 489 241908015436800 2380500
LATENCY 2405400
TIMELINE 57 505 241908053245100 2405400
LATENCY 2317900
TIMELINE 57 521 241908091021400 2317900
LATENCY 2305500
TIMELINE 57 537 241908150020800 2305500
LATENCY 2543700
TIMELINE 57 553 241908187769600 2543700
LATENCY 2694400
TIMELINE 57 569 241908225028600 2694400
LATENCY 2315200
TIMELINE 57 585 241908263272100 2315200
LATENCY 2377600
TIMELINE 57 601 241908301341300 2377600
LATENCY 2325300
TIMELINE 57 617 241908338496400 2325300
LATENCY 2233600
TIMELINE 57 633 241908375621300 2233600
LATENCY 2309100
TIMELINE 57 649 241908412877700 2309100
LATENCY 2362900
TIMELINE 57 665 241908469356500 2362900
LATENCY 2332700
TIMELINE 57 681 241908506683200 2332700
LATENCY 2322300
TIMELINE 57 697 241908544082500 2322300
LATENCY 2312500
TIMELINE 57 713 241908581603500 2312500
LATENCY 3421400
TIMELINE 57 729 241908619504600 3421400
LATENCY 2352900
TIMELINE 57 745 241908657367600 2352900
LATENCY 2240700
TIMELINE 57 761 241908693976800 2240700
LATENCY 2224100
TIMELINE 57 777 241908730342300 2224100
LATENCY 2156900
TIMELINE 57 793 241908788135200 2156900
LATENCY 2297100
TIMELINE 57 809 241908823941100 2297100
LATENCY 2262900
TIMELINE 57 825 241908860144400 2262900
LATENCY 2150600
TIMELINE 57 841 241908895887200 2150600
LATENCY 2360200
TIMELINE 57 857 241908932245100 2360200
LATENCY 2309300
TIMELINE 57 873 241908968086900 2309300
LATENCY 2239200
TIMELINE 57 889 241909003610500 2239200
LATENCY 2096300
TIMELINE 57 905 241909038103900 2096300
LATENCY 2103000
TIMELINE 57 921 241909071723700 2103000
LATENCY 2065900
TIMELINE 57 937 241909125706700 2065900
LATENCY 2070100
TIMELINE 57 953 241909159405000 2070100
LATENCY 2097100
TIMELINE 57 969 241909193104800 2097100
LATENCY 2159600
TIMELINE 57 985 241909232596000 2159600
LATENCY 2193500
TIMELINE 57 1001 241909267298400 2193500
LATENCY 2160600
TIMELINE 57 1017 241909302302200 2160600
LATENCY 2137700
TIMELINE 57 1033 241909337319700 2137700
LATENCY 2654100
TIMELINE 57 1049 241909379720000 2654100
LATENCY 2521500
TIMELINE 57 1065 241909431006500 2521500
LATENCY 2611500
TIMELINE 57 1081 241909474072100 2611500
LATENCY 2904000
TIMELINE 57 1097 241909521575800 2904000
LATENCY 2719800
TIMELINE 57 1113 241909568255400 2719800
LATENCY 2616300
TIMELINE 57 1129 241909613251100 2616300
LATENCY 3201100
TIMELINE 57 1145 241909662266500 3201100
LATENCY 2993100
TIMELINE 57 1161 241909711073100 2993100
LATENCY 3047900
TIMELINE 57 1177 241909761879700 3047900
LATENCY 2866500
TIMELINE 57 1193 241909815610400 2866500
LATENCY 3059600
TIMELINE 57 1209 241909864874500 3059600
LATENCY 3171700
TIMELINE 57 1225 241909914449000 3171700
LATENCY 3176800
TIMELINE 57 1241 241909965218800 3176800
LATENCY 2940700
TIMELINE 57 1257 241910013592800 2940700
LATENCY 3156300
TIMELINE 57 1273 241910064134600 3156300
LATENCY 2904400
TIMELINE 57 1289 241910113184600 2904400
LATENCY 3038800
TIMELINE 57 1305 241910162737600 3038800
LATENCY 2961000
TIMELINE 57 1321 241910210736400 2961000
LATENCY 2998900
TIMELINE 57 1337 241910261107000 2998900
LATENCY 3006400
TIMELINE 57 1353 241910304962200 3006400
LATENCY 3040000
TIMELINE 57 1369 241910353732500 3040000
LATENCY 3006000
TIMELINE 57 1385 241910401904300 3006000
LATENCY 2868000
TIMELINE 57 1401 241910455376800 2868000
LATENCY 2871500
TIMELINE 57 1417 241910502096600 2871500
LATENCY 2565100
TIMELINE 57 1433 241910544820200 2565100
LATENCY 2563400
TIMELINE 57 1449 241910585977000 2563400
LATENCY 2943900
TIMELINE 57 1465 241910634063300 2943900
LATENCY 2846600
TIMELINE 57 1481 241910681474500 2846600
LATENCY 2699900
TIMELINE 57 1497 241910726158400 2699900
LATENCY 2584300
TIMELINE 57 1513 241910772877800 2584300
LATENCY 2633100
TIMELINE 57 1529 241910816663200 2633100
LATENCY 2563000
TIMELINE 57 1545 241910857945900 2563000
LATENCY 2811300
TIMELINE 57 1561 241910902154900 2811300
LATENCY 2605800
TIMELINE 57 1577 241910947602700 2605800
LATENCY 3460100
TIMELINE 57 1593 241910999777600 3460100
LATENCY 2682900
TIMELINE 57 1609 241911047340600 2682900
LATENCY 2979100
TIMELINE 57 1625 241911093166400 2979100
LATENCY 2728600
TIMELINE 57 1641 241911137352600 2728600
LATENCY 3014700
TIMELINE 57 1657 241911184162300 3014700
LATENCY 2581300
TIMELINE 57 1673 241911227808900 2581300
LATENCY 2961300
TIMELINE 57 1689 241911282869600 2961300
LATENCY 3134800
TIMELINE 57 1705 241911331421700 3134800
LATENCY 3063700
TIMELINE 57 1721 241911380057100 3063700
LATENCY 2961300
TIMELINE 57 1737 241911437739100 2961300
LATENCY 2657200
TIMELINE 57 1753 241911484869300 2657200
LATENCY 2605900
TIMELINE 57 1769 241911529313500 2605900
LATENCY 2945000
TIMELINE 57 1785 241911575737800 2945000
LATENCY 3031000
TIMELINE 57 1801 241911624405500 3031000
LATENCY 2793900
TIMELINE 57 1817 241911672124400 2793900
LATENCY 2573700
TIMELINE 57 1833 241911718264100 2573700
LATENCY 2898500
TIMELINE 57 1849 241911763103400 2898500
LATENCY 2961800
TIMELINE 57 1865 241911816471600 2961800
LATENCY 2957500
TIMELINE 57 1881 241911863584000 2957500
LATENCY 3103900
TIMELINE 57 1897 241911910684500 3103900
LATENCY 2908600
TIMELINE 57 1913 241911958360600 2908600
LATENCY 2656300
TIMELINE 57 1929 241912003313800 2656300
LATENCY 2747800
TIMELINE 57 1945 241912048627600 2747800
LATENCY 2706600
TIMELINE 57 1961 241912092093200 2706600
LATENCY 2658900
TIMELINE 57 1977 241912135907100 2658900
LATENCY 2910700
TIMELINE 57 1993 241912187427400 2910700
LATENCY 2577000
TIMELINE 57 2009 241912232570800 2577000
LATENCY 2504200
TIMELINE 57 2025 241912278458100 2504200
LATENCY 2711200
TIMELINE 57 2041 241912325178500 2711200
LATENCY 5571000
TIMELINE 58 10 241906604524000 5571000
LATENCY 4098000
TIMELINE 58 26 241906675712100 4098000
LATENCY 3906300
TIMELINE 58 42 241906741395200 3906300
LATENCY 4551700
TIMELINE 58 58 241906798576200 4551700
LATENCY 2845000
TIMELINE 58 74 241906856668000 2845000
LATENCY 2951200
TIMELINE 58 90 241906917151200 2951200
LATENCY 3996900
TIMELINE 58 106 241906979135000 3996900
LATENCY 2626700
TIMELINE 58 122 241907031706500 2626700
LATENCY 4511700
TIMELINE 58 138 241907106213600 4511700
LATENCY 4495000
TIMELINE 58 154 241907166947500 4495000
LATENCY 4245700
TIMELINE 58 170 241907217785600 4245700
LATENCY 2571900
TIMELINE 58 186 241907264031400 2571900
LATENCY 2486000
TIMELINE 58 202 241907303443500 2486000
LATENCY 2338400
TIMELINE 58 218 241907341396700 2338400
LATENCY 2298500
TIMELINE 58 234 241907378567900 2298500
LATENCY 2414500
TIMELINE 58 250 241907415314500 2414500
LATENCY 2423200
TIMELINE 58 266 241907474382300 2423200
LATENCY 2204000
TIMELINE 58 282 241907510548200 2204000
LATENCY 2545900
TIMELINE 58 298 241907547106800 2545900
LATENCY 2287500
TIMELINE 58 314 241907585374100 2287500
LATENCY 2280200
TIMELINE 58 330 241907622849800 2280200
LATENCY 2266300
TIMELINE 58 346 241907660636400 2266300
LATENCY 2277500
TIMELINE 58 362 241907697301100 2277500
LATENCY 2253500
TIMELINE 58 378 241907734635200 2253500
LATENCY 2326300
TIMELINE 58 394 241907793570600 2326300
LATENCY 2319200
TIMELINE 58 410 241907830367000 2319200
LATENCY 2257600
TIMELINE 58 426 241907867034800 2257600
LATENCY 2199000
TIMELINE 58 442 241907902916800 2199000
LATENCY 2460800
TIMELINE 58 458 241907942435600 2460800
LATENCY 2221000
TIMELINE 58 474 241907979941300 2221000
LATENCY 2467800
TIMELINE 58 490 241908017727700 2467800
LATENCY 2319100
TIMELINE 58 506 241908055554400 2319100
LATENCY 22375700
TIMELINE 58 522 241908093224800 22375700
LATENCY 2238600
TIMELINE 58 538 241908152143800 2238600
LATENCY 2334300
TIMELINE 58 554 241908190172400 2334300
LATENCY 2488400
TIMELINE 58 570 241908227556600 2488400
LATENCY 2297100
TIMELINE 58 586 241908265460000 2297100
LATENCY 2367300
TIMELINE 58 602 241908303616900 2367300
LATENCY 2299200
TIMELINE 58 618 241908340855400 2299200
LATENCY 2299300
TIMELINE 58 634 241908379081200 2299300
LATENCY 2268300
TIMELINE 58 650 241908416650800 2268300
LATENCY 2343800
TIMELINE 58 666 241908472904800 2343800
LATENCY 2276800
TIMELINE 58 682 241908510198900 2276800
LATENCY 2445000
TIMELINE 58 698 241908547564300 2445000
LATENCY 2302900
TIMELINE 58 714 241908585126400 2302900
LATENCY 2265000
TIMELINE 58 730 241908624147600 2265000
LATENCY 2265300
TIMELINE 58 746 241908660811600 2265300
LATENCY 2321100
TIMELINE 58 762 241908697312800 2321100
LATENCY 2192500
TIMELINE 58 778 241908733565800 2192500
LATENCY 4774400
TIMELINE 58 794 241908791337200 4774400
LATENCY 2164700
TIMELINE 58 810 241908830547000 2164700
LATENCY 2242200
TIMELINE 58 826 241908866824600 2242200
LATENCY 2144700
TIMELINE 58 842 241908902247400 2144700
LATENCY 2259000
TIMELINE 58 858 241908939069900 2259000
LATENCY 2158400
TIMELINE 58 874 241908974805700 2158400
LATENCY 2218200
TIMELINE 58 890 241909010184000 2218200
LATENCY 2079600
TIMELINE 58 906 241909044277700 2079600
LATENCY 2821300
TIMELINE 58 922 241909097033300 2821300
LATENCY 2091200
TIMELINE 58 938 241909131852700 2091200
LATENCY 2117500
TIMELINE 58 954 241909165571900 2117500
LATENCY 4050700
TIMELINE 58 970 241909199114200 4050700
LATENCY 2207500
TIMELINE 58 986 241909238867200 2207500
LATENCY 2201100
TIMELINE 58 1002 241909273512300 2201100
LATENCY 2177900
TIMELINE 58 1018 241909308442300 2177900
LATENCY 2124200
TIMELINE 58 1034 241909343394200 2124200
LATENCY 2723200
TIMELINE 58 1050 241909387243800 2723200
LATENCY 2606100
TIMELINE 58 1066 241909438488600 2606100
LATENCY 2702800
TIMELINE 58 1082 241909481506600 2702800
LATENCY 2923900
TIMELINE 58 1098 241909529668200 2923900
LATENCY 2358400
TIMELINE 58 1114 241909575618200 2358400
LATENCY 3001200
TIMELINE 58 1130 241909621347300 3001200
LATENCY 4025500
TIMELINE 58 1146 241909673527500 4025500
LATENCY 3271400
TIMELINE 58 1162 241909721215500 3271400
LATENCY 3111500
TIMELINE 58 1178 241909771749700 3111500
LATENCY 3111000
TIMELINE 58 1194 241909825099700 3111000
LATENCY 3139200
TIMELINE 58 1210 241909874568400 3139200
LATENCY 3283400
TIMELINE 58 1226 241909924504000 3283400
LATENCY 3139700
TIMELINE 58 1242 241909975268600 3139700
LATENCY 3217000
TIMELINE 58 1258 241910023321700 3217000
LATENCY 3169900
TIMELINE 58 1274 241910074128000 3169900
LATENCY 2920500
TIMELINE 58 1290 241910122433200 2920500
LATENCY 2974500
TIMELINE 58 1306 241910172242100 2974500
LATENCY 3120500
TIMELINE 58 1322 241910225968300 3120500
LATENCY 2701500
TIMELINE 58 1338 241910270506000 2701500
LATENCY 2694800
TIMELINE 58 1354 241910314562000 2694800
LATENCY 2940000
TIMELINE 58 1370 241910363821500 2940000
LATENCY 3027700
TIMELINE 58 1386 241910412105400 3027700
LATENCY 2874200
TIMELINE 58 1402 241910466728500 2874200
LATENCY 2758100
TIMELINE 58 1418 241910511955300 2758100
LATENCY 2607200
TIMELINE 58 1434 241910553476800 2607200
LATENCY 2521600
TIMELINE 58 1450 241910594887000 2521600
LATENCY 3055300
TIMELINE 58 1466 241910644629500 3055300
LATENCY 2934000
TIMELINE 58 1482 241910691342700 2934000
LATENCY 2582400
TIMELINE 58 1498 241910735204500 2582400
LATENCY 2577400
TIMELINE 58 1514 241910781324800 2577400
LATENCY 2467000
TIMELINE 58 1530 241910825148300 2467000
LATENCY 2595100
TIMELINE 58 1546 241910866337000 2595100
LATENCY 2974100
TIMELINE 58 1562 241910911420000 2974100
LATENCY 2745300
TIMELINE 58 1578 241910956353400 2745300
LATENCY 3007600
TIMELINE 58 1594 241911010140800 3007600
LATENCY 2750400
TIMELINE 58 1610 241911056463600 2750400
LATENCY 2759500
TIMELINE 58 1626 241911102462300 2759500
LATENCY 2684600
TIMELINE 58 1642 241911146437800 2684600
LATENCY 2702800
TIMELINE 58 1658 241911193681200 2702800
LATENCY 2578100
TIMELINE 58 1674 241911236361500 2578100
LATENCY 2819600
TIMELINE 58 1690 241911292931700 2819600
LATENCY 3097100
TIMELINE 58 1706 241911339405900 3097100
LATENCY 2962400
TIMELINE 58 1722 241911393984000 2962400
LATENCY 2900300
TIMELINE 58 1738 241911445968200 2900300
LATENCY 2749600
TIMELINE 58 1754 241911492480200 2749600
LATENCY 2977900
TIMELINE 58 1770 241911536563500 2977900
LATENCY 3047600
TIMELINE 58 1786 241911584102200 3047600
LATENCY 3095400
TIMELINE 58 1802 241911632859600 3095400
LATENCY 2591000
TIMELINE 58 1818 241911680200900 2591000
LATENCY 2745100
TIMELINE 58 1834 241911725359600 2745100
LATENCY 2890700
TIMELINE 58 1850 241911771220200 2890700
LATENCY 2891900
TIMELINE 58 1866 241911824505700 2891900
LATENCY 3085100
TIMELINE 58 1882 241911871639500 3085100
LATENCY 2872600
TIMELINE 58 1898 241911918966100 2872600
LATENCY 2930800
TIMELINE 58 1914 241911966339300 2930800
LATENCY 2974000
TIMELINE 58 1930 241912010762600 2974000
LATENCY 2846700
TIMELINE 58 1946 241912055707600 2846700
LATENCY 2721100
TIMELINE 58 1962 241912099614800 2721100
LATENCY 2945500
TIMELINE 58 1978 241912143031300 2945500
LATENCY 2867700
TIMELINE 58 1994 241912195292200 2867700
LATENCY 2758200
TIMELINE 58 2010 241912239615900 2758200
LATENCY 3020600
TIMELINE 58 2026 241912285742000 3020600
LATENCY 2584900
TIMELINE 58 2042 241912330757400 2584900
LATENCY 4367400
TIMELINE 59 11 241906609618900 4367400
LATENCY 4429100
TIMELINE 59 27 241906679513000 4429100
LATENCY 4062000
TIMELINE 59 43 241906744945300 4062000
LATENCY 4653500
TIMELINE 59 59 241906802545200 4653500
LATENCY 2822700
TIMELINE 59 75 241906859279100 2822700
LATENCY 2858400
TIMELINE 59 91 241906919812200 2858400
LATENCY 3777900
TIMELINE 59 107 241906982463900 3777900
LATENCY 2937200
TIMELINE 59 123 241907033877500 2937200
LATENCY 4623200
TIMELINE 59 139 241907109923400 4623200
LATENCY 4618900
TIMELINE 59 155 241907170596800 4618900
LATENCY 4138400
TIMELINE 59 171 241907221129300 4138400
LATENCY 2678500
TIMELINE 59 187 241907266193000 2678500
LATENCY 2449000
TIMELINE 59 203 241907305526400 2449000
LATENCY 2370800
TIMELINE 59 219 241907343398400 2370800
LATENCY 2240800
TIMELINE 59 235 241907380562100 2240800
LATENCY 2367000
TIMELINE 59 251 241907417462900 2367000
LATENCY 2557200
TIMELINE 59 267 241907476449200 2557200
LATENCY 2296000
TIMELINE 59 283 241907514232700 2296000
LATENCY 2297600
TIMELINE 59 299 241907551129200 2297600
LATENCY 2271700
TIMELINE 59 315 241907589082800 2271700
LATENCY 2632000
TIMELINE 59 331 241907626610300 2632000
LATENCY 2237500
TIMELINE 59 347 241907664445400 2237500
LATENCY 2303400
TIMELINE 59 363 241907701144800 2303400
LATENCY 2252400
TIMELINE 59 379 241907738397300 2252400
LATENCY 2306300
TIMELINE 59 395 241907797344700 2306300
LATENCY 2327900
TIMELINE 59 411 241907834132100 2327900
LATENCY 2211200
TIMELINE 59 427 241907870685500 2211200
LATENCY 2292100
TIMELINE 59 443 241907906573400 2292100
LATENCY 2373600
TIMELINE 59 459 241907947271800 2373600
LATENCY 2214500
TIMELINE 59 475 241907984528600 2214500
LATENCY 2349600
TIMELINE 59 491 241908022789600 2349600
LATENCY 2357200
TIMELINE 59 507 241908060262000 2357200
LATENCY 2610100
TIMELINE 59 523 241908118989300 2610100
LATENCY 2299000
TIMELINE 59 539 241908156794500 2299000
LATENCY 2245500
TIMELINE 59 555 241908194898500 2245500
LATENCY 2253700
TIMELINE 59 571 241908232524200 2253700
LATENCY 2335800
TIMELINE 59 587 241908270370100 2335800
LATENCY 2292600
TIMELINE 59 603 241908308553800 2292600
LATENCY 3596700
TIMELINE 59 619 241908345773400 3596700
LATENCY 2425400
TIMELINE 59 635 241908383327500 2425400
LATENCY 2245300
TIMELINE 59 651 241908420848700 2245300
LATENCY 2391000
TIMELINE 59 667 241908477278200 2391000
LATENCY 2434000
TIMELINE 59 683 241908514421800 2434000
LATENCY 2281700
TIMELINE 59 699 241908552076300 2281700
LATENCY 2370000
TIMELINE 59 715 241908589403000 2370000
LATENCY 2260200
TIMELINE 59 731 241908628285700 2260200
LATENCY 2304100
TIMELINE 59 747 241908665111700 2304100
LATENCY 2381500
TIMELINE 59 763 241908701658800 2381500
LATENCY 2232800
TIMELINE 59 779 241908737728200 2232800
LATENCY 2347000
TIMELINE 59 795 241908796767400 2347000
LATENCY 2269200
TIMELINE 59 811 241908833271100 2269200
LATENCY 2249700
TIMELINE 59 827 241908869690400 2249700
LATENCY 2549100
TIMELINE 59 843 241908905177600 2549100
LATENCY 2275500
TIMELINE 59 859 241908941962200 2275500
LATENCY 2181000
TIMELINE 59 875 241908977617200 2181000
LATENCY 2225500
TIMELINE 59 891 241909013073500 2225500
LATENCY 2107500
TIMELINE 59 907 241909047035500 2107500
LATENCY 2184200
TIMELINE 59 923 241909100453600 2184200
LATENCY 2087000
TIMELINE 59 939 241909134472500 2087000
LATENCY 2112300
TIMELINE 59 955 241909168219300 2112300
LATENCY 4624800
TIMELINE 59 971 241909202775100 4624800
LATENCY 2154000
TIMELINE 59 987 241909240629700 2154000
LATENCY 2130500
TIMELINE 59 1003 241909275313900 2130500
LATENCY 2178600
TIMELINE 59 1019 241909310391700 2178600
LATENCY 2158600
TIMELINE 59 1035 241909345438800 2158600
LATENCY 2921600
TIMELINE 59 1051 241909389850400 2921600
LATENCY 2752200
TIMELINE 59 1067 241909440897600 2752200
LATENCY 2751500
TIMELINE 59 1083 241909483964200 2751500
LATENCY 2842400
TIMELINE 59 1099 241909532335000 2842400
LATENCY 2624000
TIMELINE 59 1115 241909577776000 2624000
LATENCY 2945500
TIMELINE 59 1131 241909624022400 2945500
LATENCY 2586100
TIMELINE 59 1147 241909676130200 2586100
LATENCY 3179500
TIMELINE 59 1163 241909722964500 3179500
LATENCY 3136100
TIMELINE 59 1179 241909773432000 3136100
LATENCY 3092200
TIMELINE 59 1195 241909826929700 3092200
LATENCY 3137000
TIMELINE 59 1211 241909876389700 3137000
LATENCY 3292900
TIMELINE 59 1227 241909926419100 3292900
LATENCY 3115300
TIMELINE 59 1243 241909977170800 3115300
LATENCY 3129700
TIMELINE 59 1259 241910025261400 3129700
LATENCY 3146400
TIMELINE 59 1275 241910076050200 3146400
LATENCY 3111600
TIMELINE 59 1291 241910124136800 3111600
LATENCY 3049000
TIMELINE 59 1307 241910173985300 3049000
LATENCY 2893000
TIMELINE 59 1323 241910227830600 2893000
LATENCY 2710900
TIMELINE 59 1339 241910272066600 2710900
LATENCY 2697300
TIMELINE 59 1355 241910316108400 2697300
LATENCY 2981000
TIMELINE 59 1371 241910365491400 2981000
LATENCY 5745600
TIMELINE 59 1387 241910413824000 5745600
LATENCY 2708000
TIMELINE 59 1403 241910468407500 2708000
LATENCY 2708300
TIMELINE 59 1419 241910513693500 2708300
LATENCY 2498600
TIMELINE 59 1435 241910555156200 2498600
LATENCY 2598700
TIMELINE 59 1451 241910596546900 2598700
LATENCY 2677500
TIMELINE 59 1467 241910646782700 2677500
LATENCY 2910300
TIMELINE 59 1483 241910693184000 2910300
LATENCY 6963100
TIMELINE 59 1499 241910736843500 6963100
LATENCY 2586500
TIMELINE 59 1515 241910783261700 2586500
LATENCY 2608000
TIMELINE 59 1531 241910826969000 2608000
LATENCY 2617900
TIMELINE 59 1547 241910868258800 2617900
LATENCY 3210900
TIMELINE 59 1563 241910913643700 3210900
LATENCY 2527900
TIMELINE 59 1579 241910958467200 2527900
LATENCY 3014200
TIMELINE 59 1595 241911012394400 3014200
LATENCY 2725900
TIMELINE 59 1611 241911058439200 2725900
LATENCY 2770000
TIMELINE 59 1627 241911104456400 2770000
LATENCY 2712600
TIMELINE 59 1643 241911148389700 2712600
LATENCY 2674800
TIMELINE 59 1659 241911195633600 2674800
LATENCY 2545000
TIMELINE 59 1675 241911238201400 2545000
LATENCY 2923800
TIMELINE 59 1691 241911295896900 2923800
LATENCY 4211200
TIMELINE 59 1707 241911342774200 4211200
LATENCY 3022500
TIMELINE 59 1723 241911397125800 3022500
LATENCY 2763000
TIMELINE 59 1739 241911448950200 2763000
LATENCY 2727500
TIMELINE 59 1755 241911495392700 2727500
LATENCY 2938400
TIMELINE 59 1771 241911539708900 2938400
LATENCY 3091200
TIMELINE 59 1787 241911587324500 3091200
LATENCY 3003300
TIMELINE 59 1803 241911635994700 3003300
LATENCY 2585800
TIMELINE 59 1819 241911682861100 2585800
LATENCY 2688100
TIMELINE 59 1835 241911728186700 2688100
LATENCY 2980000
TIMELINE 59 1851 241911774193800 2980000
LATENCY 2970900
TIMELINE 59 1867 241911828214200 2970900
LATENCY 3056200
TIMELINE 59 1883 241911875620700 3056200
LATENCY 2922000
TIMELINE 59 1899 241911922694300 2922000
LATENCY 2928000
TIMELINE 59 1915 241911970138000 2928000
LATENCY 2941500
TIMELINE 59 1931 241912014699500 2941500
LATENCY 2878100
TIMELINE 59 1947 241912059508900 2878100
LATENCY 2691800
TIMELINE 59 1963 241912103342500 2691800
LATENCY 2843500
TIMELINE 59 1979 241912147220300 2843500
LATENCY 2945400
TIMELINE 59 1995 241912199417300 2945400
LATENCY 2702900
TIMELINE 59 2011 241912243510100 2702900
LATENCY 3010800
TIMELINE 59 2027 241912290160600 3010800
LATENCY 3413000
TIMELINE 59 2043 241912337619100 3413000
LATENCY 4430700
TIMELINE 60 12 241906614030100 4430700
LATENCY 4785000
TIMELINE 60 28 241906683886000 4785000
LATENCY 3625500
TIMELINE 60 44 241906748968100 3625500
LATENCY 4352200
TIMELINE 60 60 241906807527800 4352200
LATENCY 3890100
TIMELINE 60 76 241906862144800 3890100
LATENCY 2871200
TIMELINE 60 92 241906922833700 2871200
LATENCY 3499500
TIMELINE 60 108 241906984490200 3499500
LATENCY 27226800
TIMELINE 60 124 241907035266000 27226800
LATENCY 4509300
TIMELINE 60 140 241907112061200 4509300
LATENCY 4613700
TIMELINE 60 156 241907172663700 4613700
LATENCY 3880800
TIMELINE 60 172 241907223070500 3880800
LATENCY 2660200
TIMELINE 60 188 241907267295100 2660200
LATENCY 2490400
TIMELINE 60 204 241907306540000 2490400
LATENCY 2352300
TIMELINE 60 220 241907344316800 2352300
LATENCY 2226500
TIMELINE 60 236 241907381408800 2226500
LATENCY 2363900
TIMELINE 60 252 241907418454400 2363900
LATENCY 2475100
TIMELINE 60 268 241907477515000 2475100
LATENCY 2283000
TIMELINE 60 284 241907515095800 2283000
LATENCY 2314300
TIMELINE 60 300 241907551973000 2314300
LATENCY 2322200
TIMELINE 60 316 241907589980300 2322200
LATENCY 2725000
TIMELINE 60 332 241907627549400 2725000
LATENCY 2247900
TIMELINE 60 348 241907665353900 2247900
LATENCY 2291400
TIMELINE 60 364 241907702069200 2291400
LATENCY 2241400
TIMELINE 60 380 241907739335000 2241400
LATENCY 2341200
TIMELINE 60 396 241907798342900 2341200
LATENCY 2312200
TIMELINE 60 412 241907835170900 2312200
LATENCY 2217300
TIMELINE 60 428 241907871676000 2217300
LATENCY 2423800
TIMELINE 60 444 241907907513000 2423800
LATENCY 2338800
TIMELINE 60 460 241907946906800 2338800
LATENCY 2218500
TIMELINE 60 476 241907984137300 2218500
LATENCY 2361800
TIMELINE 60 492 241908022372900 2361800
LATENCY 2352700
TIMELINE 60 508 241908059898200 2352700
LATENCY 2631000
TIMELINE 60 524 241908118526600 2631000
LATENCY 2293700
TIMELINE 60 540 241908156401800 2293700
LATENCY 2241000
TIMELINE 60 556 241908194628800 2241000
LATENCY 2250300
TIMELINE 60 572 241908232188300 2250300
LATENCY 2287900
TIMELINE 60 588 241908269946100 2287900
LATENCY 2289800
TIMELINE 60 604 241908308125000 2289800
LATENCY 4134800
TIMELINE 60 620 241908345317600 4134800
LATENCY 2466700
TIMELINE 60 636 241908383446400 2466700
LATENCY 2253700
TIMELINE 60 652 241908420966000 2253700
LATENCY 2392400
TIMELINE 60 668 241908477337600 2392400
LATENCY 2415300
TIMELINE 60 684 241908514476800 2415300
LATENCY 2280800
TIMELINE 60 700 241908552108200 2280800
LATENCY 2370300
TIMELINE 60 716 241908589466400 2370300
LATENCY 2266200
TIMELINE 60 732 241908628313600 2266200
LATENCY 2295500
TIMELINE 60 748 241908665210100 2295500
LATENCY 2375400
TIMELINE 60 764 241908701818400 2375400
LATENCY 2241500
TIMELINE 60 780 241908737903800 2241500
LATENCY 2358700
TIMELINE 60 796 241908796917100 2358700
LATENCY 2280800
TIMELINE 60 812 241908833418900 2280800
LATENCY 2248700
TIMELINE 60 828 241908869840300 2248700
LATENCY 2538400
TIMELINE 60 844 241908905312600 2538400
LATENCY 2275200
TIMELINE 60 860 241908942139700 2275200
LATENCY 2181100
TIMELINE 60 876 241908977736700 2181100
LATENCY 2218300
TIMELINE 60 892 241909013198400 2218300
LATENCY 2109100
TIMELINE 60 908 241909047147500 2109100
LATENCY 2156800
TIMELINE 60 924 241909100567500 2156800
LATENCY 2101400
TIMELINE 60 940 241909134637700 2101400
LATENCY 2109500
TIMELINE 60 956 241909168336400 2109500
LATENCY 4782100
TIMELINE 60 972 241909203199400 4782100
LATENCY 2167000
TIMELINE 60 988 241909241109600 2167000
LATENCY 2059100
TIMELINE 60 1004 241909275743700 2059100
LATENCY 2191100
TIMELINE 60 1020 241909310564900 2191100
LATENCY 2174400
TIMELINE 60 1036 241909345813100 2174400
LATENCY 2943200
TIMELINE 60 1052 241909390385100 2943200
LATENCY 2744600
TIMELINE 60 1068 241909441350200 2744600
LATENCY 2822900
TIMELINE 60 1084 241909484430400 2822900
LATENCY 2793100
TIMELINE 60 1100 241909532866600 2793100
LATENCY 2694700
TIMELINE 60 1116 241909578239100 2694700
LATENCY 3005200
TIMELINE 60 1132 241909624590900 3005200
LATENCY 2522300
TIMELINE 60 1148 241909676485400 2522300
LATENCY 3185600
TIMELINE 60 1164 241909723252300 3185600
LATENCY 3144000
TIMELINE 60 1180 241909773712400 3144000
LATENCY 3092200
TIMELINE 60 1196 241909827180300 3092200
LATENCY 3140500
TIMELINE 60 1212 241909876610900 3140500
LATENCY 3268900
TIMELINE 60 1228 241909926664100 3268900
LATENCY 3122600
TIMELINE 60 1244 241909977376200 3122600
LATENCY 3137500
TIMELINE 60 1260 241910025475300 3137500
LATENCY 3133500
TIMELINE 60 1276 241910076264400 3133500
LATENCY 3136400
TIMELINE 60 1292 241910124329300 3136400
LATENCY 3050100
TIMELINE 60 1308 241910174190000 3050100
LATENCY 2865000
TIMELINE 60 1324 241910227966600 2865000
LATENCY 2714300
TIMELINE 60 1340 241910272170700 2714300
LATENCY 2678600
TIMELINE 60 1356 241910316243100 2678600
LATENCY 2990400
TIMELINE 60 1372 241910365603800 2990400
LATENCY 5989800
TIMELINE 60 1388 241910413949900 5989800
LATENCY 2696700
TIMELINE 60 1404 241910468524900 2696700
LATENCY 2716500
TIMELINE 60 1420 241910513620000 2716500
LATENCY 2504700
TIMELINE 60 1436 241910555091800 2504700
LATENCY 2572400
TIMELINE 60 1452 241910596484800 2572400
LATENCY 2659300
TIMELINE 60 1468 241910646671900 2659300
LATENCY 2907800
TIMELINE 60 1484 241910693023200 2907800
LATENCY 2867900
TIMELINE 60 1500 241910736729400 2867900
LATENCY 2584700
TIMELINE 60 1516 241910781533300 2584700
LATENCY 2491100
TIMELINE 60 1532 241910825356900 2491100
LATENCY 2596200
TIMELINE 60 1548 241910866552400 2596200
LATENCY 3033300
TIMELINE 60 1564 241910911678500 3033300
LATENCY 2746300
TIMELINE 60 1580 241910956566500 2746300
LATENCY 3017700
TIMELINE 60 1596 241911010406900 3017700
LATENCY 2756700
TIMELINE 60 1612 241911056616700 2756700
LATENCY 2765900
TIMELINE 60 1628 241911102621000 2765900
LATENCY 2683400
TIMELINE 60 1644 241911146590800 2683400
LATENCY 2742800
TIMELINE 60 1660 241911193868000 2742800
LATENCY 2574100
TIMELINE 60 1676 241911236578600 2574100
LATENCY 2892800
TIMELINE 60 1692 241911291709100 2892800
LATENCY 2864500
TIMELINE 60 1708 241911338283900 2864500
LATENCY 8514600
TIMELINE 60 1724 241911387184600 8514600
LATENCY 2920100
TIMELINE 60 1740 241911444751500 2920100
LATENCY 2760000
TIMELINE 60 1756 241911491412200 2760000
LATENCY 2976400
TIMELINE 60 1772 241911535412200 2976400
LATENCY 3062000
TIMELINE 60 1788 241911582893800 3062000
LATENCY 3093500
TIMELINE 60 1804 241911631680800 3093500
LATENCY 2708900
TIMELINE 60 1820 241911679123900 2708900
LATENCY 2719800
TIMELINE 60 1836 241911724304300 2719800
LATENCY 2900400
TIMELINE 60 1852 241911770044600 2900400
LATENCY 2882300
TIMELINE 60 1868 241911824219700 2882300
LATENCY 3080600
TIMELINE 60 1884 241911871335900 3080600
LATENCY 2878400
TIMELINE 60 1900 241911918679400 2878400
LATENCY 2925000
TIMELINE 60 1916 241911966055900 2925000
LATENCY 2927900
TIMELINE 60 1932 241912010590700 2927900
LATENCY 2824300
TIMELINE 60 1948 241912055638500 2824300
LATENCY 2727200
TIMELINE 60 1964 241912099656300 2727200
LATENCY 2993100
TIMELINE 60 1980 241912143247500 2993100
LATENCY 2876500
TIMELINE 60 1996 241912195528200 2876500
LATENCY 2763000
TIMELINE 60 2012 241912239833500 2763000
LATENCY 3069500
TIMELINE 60 2028 241912286018800 3069500
LATENCY 3124100
TIMELINE 60 2044 241912332587600 3124100
LATENCY 4048200
TIMELINE 61 13 241906618370100 4048200
LATENCY 4703500
TIMELINE 61 29 241906688887200 4703500
LATENCY 3113400
TIMELINE 61 45 241906752776500 3113400
LATENCY 4232300
TIMELINE 61 61 241906812049800 4232300
LATENCY 4048900
TIMELINE 61 77 241906866139400 4048900
LATENCY 3638400
TIMELINE 61 93 241906925825800 3638400
LATENCY 2469800
TIMELINE 61 109 241906989843000 2469800
LATENCY 2711400
TIMELINE 61 125 241907065017200 2711400
LATENCY 3888900
TIMELINE 61 141 241907119715500 3888900
LATENCY 2435300
TIMELINE 61 157 241907180202900 2435300
LATENCY 3719400
TIMELINE 61 173 241907229966100 3719400
LATENCY 2627800
TIMELINE 61 189 241907271777900 2627800
LATENCY 2350400
TIMELINE 61 205 241907311002000 2350400
LATENCY 2273200
TIMELINE 61 221 241907348711200 2273200
LATENCY 2255800
TIMELINE 61 237 241907385485700 2255800
LATENCY 2284000
TIMELINE 61 253 241907422792900 2284000
LATENCY 2256900
TIMELINE 61 269 241907481832300 2256900
LATENCY 2222100
TIMELINE 61 285 241907519043600 2222100
LATENCY 2350300
TIMELINE 61 301 241907556089000 2350300
LATENCY 2627700
TIMELINE 61 317 241907594134400 2627700
LATENCY 2281100
TIMELINE 61 333 241907632186600 2281100
LATENCY 2230700
TIMELINE 61 349 241907669205900 2230700
LATENCY 2313400
TIMELINE 61 365 241907706015300 2313400
LATENCY 2392500
TIMELINE 61 381 241907743239900 2392500
LATENCY 2220300
TIMELINE 61 397 241907802342100 2220300
LATENCY 2310300
TIMELINE 61 413 241907839191800 2310300
LATENCY 2201900
TIMELINE 61 429 241907875562400 2201900
LATENCY 2206200
TIMELINE 61 445 241907911639600 2206200
LATENCY 2415300
TIMELINE 61 461 241907951474400 2415300
LATENCY 2779600
TIMELINE 61 477 241907988639600 2779600
LATENCY 2315900
TIMELINE 61 493 241908026810600 2315900
LATENCY 2240500
TIMELINE 61 509 241908064269700 2240500
LATENCY 2291600
TIMELINE 61 525 241908123295700 2291600
LATENCY 2353200
TIMELINE 61 541 241908160722400 2353200
LATENCY 2241800
TIMELINE 61 557 241908198801200 2241800
LATENCY 2236800
TIMELINE 61 573 241908236457400 2236800
LATENCY 2501200
TIMELINE 61 589 241908274382800 2501200
LATENCY 2348400
TIMELINE 61 605 241908312431000 2348400
LATENCY 2398900
TIMELINE 61 621 241908349324900 2398900
LATENCY 2413100
TIMELINE 61 637 241908385722100 2413100
LATENCY 2250900
TIMELINE 61 653 241908423064800 2250900
LATENCY 2225700
TIMELINE 61 669 241908479555600 2225700
LATENCY 2383400
TIMELINE 61 685 241908516623900 2383400
LATENCY 2278600
TIMELINE 61 701 241908554144000 2278600
LATENCY 2383700
TIMELINE 61 717 241908591586100 2383700
LATENCY 2276000
TIMELINE 61 733 241908630329900 2276000
LATENCY 2303100
TIMELINE 61 749 241908667225700 2303100
LATENCY 2271600
TIMELINE 61 765 241908703854800 2271600
LATENCY 2254200
TIMELINE 61 781 241908739758200 2254200
LATENCY 2299100
TIMELINE 61 797 241908799844200 2299100
LATENCY 2247400
TIMELINE 61 813 241908836342800 2247400
LATENCY 2204000
TIMELINE 61 829 241908872664100 2204000
LATENCY 2217200
TIMELINE 61 845 241908908421000 2217200
LATENCY 2199300
TIMELINE 61 861 241908944923800 2199300
LATENCY 2155100
TIMELINE 61 877 241908980457000 2155100
LATENCY 2205600
TIMELINE 61 893 241909015939600 2205600
LATENCY 2090200
TIMELINE 61 909 241909049788800 2090200
LATENCY 2146000
TIMELINE 61 925 241909103278600 2146000
LATENCY 2124300
TIMELINE 61 941 241909137168500 2124300
LATENCY 2100300
TIMELINE 61 957 241909170862000 2100300
LATENCY 2347000
TIMELINE 61 973 241909210492800 2347000
LATENCY 2174000
TIMELINE 61 989 241909245805300 2174000
LATENCY 2082200
TIMELINE 61 1005 241909280372800 2082200
LATENCY 2143800
TIMELINE 61 1021 241909315484100 2143800
LATENCY 3040300
TIMELINE 61 1037 241909350978100 3040300
LATENCY 2994300
TIMELINE 61 1053 241909396767100 2994300
LATENCY 2517000
TIMELINE 61 1069 241909447353000 2517000
LATENCY 2837000
TIMELINE 61 1085 241909492120200 2837000
LATENCY 2984600
TIMELINE 61 1101 241909538958500 2984600
LATENCY 2946100
TIMELINE 61 1117 241909584612400 2946100
LATENCY 3260800
TIMELINE 61 1133 241909631232400 3260800
LATENCY 3003700
TIMELINE 61 1149 241909682183900 3003700
LATENCY 3070400
TIMELINE 61 1165 241909730053700 3070400
LATENCY 3137800
TIMELINE 61 1181 241909780520300 3137800
LATENCY 3038300
TIMELINE 61 1197 241909833782700 3038300
LATENCY 3153800
TIMELINE 61 1213 241909883302000 3153800
LATENCY 3111700
TIMELINE 61 1229 241909933721800 3111700
LATENCY 3089000
TIMELINE 61 1245 241909984157000 3089000
LATENCY 3162900
TIMELINE 61 1261 241910032234900 3162900
LATENCY 3257000
TIMELINE 61 1277 241910082948200 3257000
LATENCY 3227400
TIMELINE 61 1293 241910131155400 3227400
LATENCY 3021900
TIMELINE 61 1309 241910180800000 3021900
LATENCY 2665300
TIMELINE 61 1325 241910234564300 2665300
LATENCY 2681200
TIMELINE 61 1341 241910278353400 2681200
LATENCY 5568400
TIMELINE 61 1357 241910322912700 5568400
LATENCY 3041500
TIMELINE 61 1373 241910372578700 3041500
LATENCY 2989400
TIMELINE 61 1389 241910426911500 2989400
LATENCY 2581300
TIMELINE 61 1405 241910474701600 2581300
LATENCY 2631200
TIMELINE 61 1421 241910519763000 2631200
LATENCY 2567400
TIMELINE 61 1437 241910560978500 2567400
LATENCY 2639600
TIMELINE 61 1453 241910602407300 2639600
LATENCY 2748000
TIMELINE 61 1469 241910653267500 2748000
LATENCY 2697000
TIMELINE 61 1485 241910699892100 2697000
LATENCY 2998500
TIMELINE 61 1501 241910745824600 2998500
LATENCY 2548000
TIMELINE 61 1517 241910787697900 2548000
LATENCY 2565300
TIMELINE 61 1533 241910831410900 2565300
LATENCY 3053100
TIMELINE 61 1549 241910872823400 3053100
LATENCY 3071600
TIMELINE 61 1565 241910919043400 3071600
LATENCY 2512400
TIMELINE 61 1581 241910962797400 2512400
LATENCY 2960900
TIMELINE 61 1597 241911017463900 2960900
LATENCY 2786100
TIMELINE 61 1613 241911063207000 2786100
LATENCY 2692100
TIMELINE 61 1629 241911109339400 2692100
LATENCY 2718000
TIMELINE 61 1645 241911153044300 2718000
LATENCY 2583500
TIMELINE 61 1661 241911200478300 2583500
LATENCY 4644300
TIMELINE 61 1677 241911242918800 4644300
LATENCY 3287300
TIMELINE 61 1693 241911298120200 3287300
LATENCY 3212400
TIMELINE 61 1709 241911346328600 3212400
LATENCY 2997300
TIMELINE 61 1725 241911399475700 2997300
LATENCY 2774500
TIMELINE 61 1741 241911451210800 2774500
LATENCY 2774500
TIMELINE 61 1757 241911497612700 2774500
LATENCY 2969200
TIMELINE 61 1773 241911542079600 2969200
LATENCY 3069400
TIMELINE 61 1789 241911589815900 3069400
LATENCY 3097700
TIMELINE 61 1805 241911638362500 3097700
LATENCY 2688000
TIMELINE 61 1821 241911684828500 2688000
LATENCY 2675000
TIMELINE 61 1837 241911730159500 2675000
LATENCY 2609700
TIMELINE 61 1853 241911776331200 2609700
LATENCY 2858800
TIMELINE 61 1869 241911831305400 2858800
LATENCY 2725700
TIMELINE 61 1885 241911878839500 2725700
LATENCY 3114800
TIMELINE 61 1901 241911925795400 3114800
LATENCY 2847200
TIMELINE 61 1917 241911973245000 2847200
LATENCY 2891000
TIMELINE 61 1933 241912017801700 2891000
LATENCY 2750600
TIMELINE 61 1949 241912062545300 2750600
LATENCY 2746000
TIMELINE 61 1965 241912106189500 2746000
LATENCY 2892200
TIMELINE 61 1981 241912150148900 2892200
LATENCY 2756000
TIMELINE 61 1997 241912202296600 2756000
LATENCY 2733000
TIMELINE 61 2013 241912246144100 2733000
LATENCY 2961800
TIMELINE 61 2029 241912293093800 2961800
LATENCY 3020300
TIMELINE 61 2045 241912341899700 3020300
LATENCY 5114000
TIMELINE 62 14 241906622269100 5114000
LATENCY 4539200
TIMELINE 62 30 241906693670800 4539200
LATENCY 3030200
TIMELINE 62 46 241906755767100 3030200
LATENCY 4243800
TIMELINE 62 62 241906816028200 4243800
LATENCY 3766700
TIMELINE 62 78 241906869907300 3766700
LATENCY 3168200
TIMELINE 62 94 241906929045600 3168200
LATENCY 2453000
TIMELINE 62 110 241906992070500 2453000
LATENCY 2520100
TIMELINE 62 126 241907067397500 2520100
LATENCY 3219000
TIMELINE 62 142 241907123244900 3219000
LATENCY 2353800
TIMELINE 62 158 241907182324500 2353800
LATENCY 3022700
TIMELINE 62 174 241907233239700 3022700
LATENCY 2508100
TIMELINE 62 190 241907274098400 2508100
LATENCY 2360100
TIMELINE 62 206 241907313007900 2360100
LATENCY 2226700
TIMELINE 62 222 241907350663500 2226700
LATENCY 2293200
TIMELINE 62 238 241907387419000 2293200
LATENCY 2269700
TIMELINE 62 254 241907424738200 2269700
LATENCY 2318300
TIMELINE 62 270 241907483790700 2318300
LATENCY 2308600
TIMELINE 62 286 241907520058000 2308600
LATENCY 2344100
TIMELINE 62 302 241907557215500 2344100
LATENCY 2414900
TIMELINE 62 318 241907595343500 2414900
LATENCY 2258800
TIMELINE 62 334 241907633145800 2258800
LATENCY 2242700
TIMELINE 62 350 241907670253600 2242700
LATENCY 2315200
TIMELINE 62 366 241907707134800 2315200
LATENCY 2356300
TIMELINE 62 382 241907744305400 2356300
LATENCY 2240700
TIMELINE 62 398 241907803329900 2240700
LATENCY 2301400
TIMELINE 62 414 241907840192700 2301400
LATENCY 2243900
TIMELINE 62 430 241907876454000 2243900
LATENCY 2228800
TIMELINE 62 446 241907912521700 2228800
LATENCY 2430700
TIMELINE 62 462 241907951245500 2430700
LATENCY 2803300
TIMELINE 62 478 241907988433700 2803300
LATENCY 2309500
TIMELINE 62 494 241908026689400 2309500
LATENCY 2228700
TIMELINE 62 510 241908064123100 2228700
LATENCY 2267900
TIMELINE 62 526 241908123055100 2267900
LATENCY 2327100
TIMELINE 62 542 241908160519200 2327100
LATENCY 2239700
TIMELINE 62 558 241908198562300 2239700
LATENCY 2225600
TIMELINE 62 574 241908236102100 2225600
LATENCY 2453500
TIMELINE 62 590 241908273884000 2453500
LATENCY 2307600
TIMELINE 62 606 241908311990800 2307600
LATENCY 2585100
TIMELINE 62 622 241908348038300 2585100
LATENCY 2418600
TIMELINE 62 638 241908384524800 2418600
LATENCY 2257200
TIMELINE 62 654 241908421954500 2257200
LATENCY 2200900
TIMELINE 62 670 241908478548200 2200900
LATENCY 2387900
TIMELINE 62 686 241908515670300 2387900
LATENCY 2279000
TIMELINE 62 702 241908553236400 2279000
LATENCY 2349100
TIMELINE 62 718 241908590754200 2349100
LATENCY 2257500
TIMELINE 62 734 241908629529700 2257500
LATENCY 2302400
TIMELINE 62 750 241908666369800 2302400
LATENCY 2300500
TIMELINE 62 766 241908703016900 2300500
LATENCY 2215900
TIMELINE 62 782 241908738961300 2215900
LATENCY 2332900
TIMELINE 62 798 241908798587500 2332900
LATENCY 2338900
TIMELINE 62 814 241908835081100 2338900
LATENCY 2225900
TIMELINE 62 830 241908871494000 2225900
LATENCY 2309900
TIMELINE 62 846 241908907176600 2309900
LATENCY 2199000
TIMELINE 62 862 241908943791600 2199000
LATENCY 2182900
TIMELINE 62 878 241908979325700 2182900
LATENCY 2152600
TIMELINE 62 894 241909014837900 2152600
LATENCY 2110600
TIMELINE 62 910 241909048690200 2110600
LATENCY 2144300
TIMELINE 62 926 241909102170500 2144300
LATENCY 2134100
TIMELINE 62 942 241909136070600 2134100
LATENCY 2121600
TIMELINE 62 958 241909169832800 2121600
LATENCY 3342400
TIMELINE 62 974 241909205576700 3342400
LATENCY 2171600
TIMELINE 62 990 241909242129700 2171600
LATENCY 2181000
TIMELINE 62 1006 241909276825000 2181000
LATENCY 2231000
TIMELINE 62 1022 241909311995700 2231000
LATENCY 2235400
TIMELINE 62 1038 241909346946100 2235400
LATENCY 2963900
TIMELINE 62 1054 241909391914300 2963900
LATENCY 2778000
TIMELINE 62 1070 241909442826400 2778000
LATENCY 4047000
TIMELINE 62 1086 241909485968400 4047000
LATENCY 2809300
TIMELINE 62 1102 241909534538800 2809300
LATENCY 2944700
TIMELINE 62 1118 241909579688500 2944700
LATENCY 3043000
TIMELINE 62 1134 241909626261000 3043000
LATENCY 2520000
TIMELINE 62 1150 241909677445500 2520000
LATENCY 3234100
TIMELINE 62 1166 241909724360800 3234100
LATENCY 3153500
TIMELINE 62 1182 241909774819600 3153500
LATENCY 3131000
TIMELINE 62 1198 241909828649800 3131000
LATENCY 3104300
TIMELINE 62 1214 241909878237200 3104300
LATENCY 3218400
TIMELINE 62 1230 241909928294100 3218400
LATENCY 3186900
TIMELINE 62 1246 241909978906000 3186900
LATENCY 3147800
TIMELINE 62 1262 241910027037000 3147800
LATENCY 3118400
TIMELINE 62 1278 241910077805100 3118400
LATENCY 3217900
TIMELINE 62 1294 241910125813000 3217900
LATENCY 3141900
TIMELINE 62 1310 241910175681500 3141900
LATENCY 2733900
TIMELINE 62 1326 241910229537100 2733900
LATENCY 2633800
TIMELINE 62 1342 241910273646800 2633800
LATENCY 2726800
TIMELINE 62 1358 241910317692300 2726800
LATENCY 3012600
TIMELINE 62 1374 241910367205500 3012600
LATENCY 8975600
TIMELINE 62 1390 241910415557000 8975600
LATENCY 2602700
TIMELINE 62 1406 241910469974900 2602700
LATENCY 2564100
TIMELINE 62 1422 241910515098100 2564100
LATENCY 2490100
TIMELINE 62 1438 241910556436300 2490100
LATENCY 2593600
TIMELINE 62 1454 241910597835900 2593600
LATENCY 2835900
TIMELINE 62 1470 241910648104400 2835900
LATENCY 2903100
TIMELINE 62 1486 241910694691300 2903100
LATENCY 4690300
TIMELINE 62 1502 241910738144500 4690300
LATENCY 2576900
TIMELINE 62 1518 241910782739300 2576900
LATENCY 2648900
TIMELINE 62 1534 241910826395700 2648900
LATENCY 2613200
TIMELINE 62 1550 241910867727700 2613200
LATENCY 3199800
TIMELINE 62 1566 241910912989600 3199800
LATENCY 2690300
TIMELINE 62 1582 241910957784900 2690300
LATENCY 3086200
TIMELINE 62 1598 241911011751400 3086200
LATENCY 2733700
TIMELINE 62 1614 241911057862000 2733700
LATENCY 2786700
TIMELINE 62 1630 241911103892700 2786700
LATENCY 2703700
TIMELINE 62 1646 241911147820800 2703700
LATENCY 2663900
TIMELINE 62 1662 241911195116300 2663900
LATENCY 2556800
TIMELINE 62 1678 241911237750200 2556800
LATENCY 2656600
TIMELINE 62 1694 241911293839700 2656600
LATENCY 3704500
TIMELINE 62 1710 241911340230100 3704500
LATENCY 2983100
TIMELINE 62 1726 241911394844800 2983100
LATENCY 2908900
TIMELINE 62 1742 241911446838400 2908900
LATENCY 2724900
TIMELINE 62 1758 241911493361400 2724900
LATENCY 2971200
TIMELINE 62 1774 241911537491400 2971200
LATENCY 3052800
TIMELINE 62 1790 241911585055500 3052800
LATENCY 3008200
TIMELINE 62 1806 241911633877800 3008200
LATENCY 2592800
TIMELINE 62 1822 241911681008000 2592800
LATENCY 2793100
TIMELINE 62 1838 241911726193700 2793100
LATENCY 2919200
TIMELINE 62 1854 241911772148900 2919200
LATENCY 2948800
TIMELINE 62 1870 241911827710900 2948800
LATENCY 3061800
TIMELINE 62 1886 241911875073600 3061800
LATENCY 2934100
TIMELINE 62 1902 241911922155400 2934100
LATENCY 2919000
TIMELINE 62 1918 241911969613600 2919000
LATENCY 2932200
TIMELINE 62 1934 241912014178800 2932200
LATENCY 2872100
TIMELINE 62 1950 241912058991000 2872100
LATENCY 2689800
TIMELINE 62 1966 241912102863100 2689800
LATENCY 2857600
TIMELINE 62 1982 241912146745400 2857600
LATENCY 3018200
TIMELINE 62 1998 241912198870700 3018200
LATENCY 2726000
TIMELINE 62 2014 241912243047100 2726000
LATENCY 3048300
TIMELINE 62 2030 241912289638100 3048300
LATENCY 3464800
TIMELINE 62 2046 241912338727800 3464800
LATENCY 5004600
TIMELINE 63 15 241906627843500 5004600
LATENCY 3871400
TIMELINE 63 31 241906698099200 3871400
LATENCY 2815400
TIMELINE 63 47 241906758627300 2815400
LATENCY 3894900
TIMELINE 63 63 241906820345200 3894900
LATENCY 3273200
TIMELINE 63 79 241906873823200 3273200
LATENCY 2843500
TIMELINE 63 95 241906932130300 2843500
LATENCY 2555700
TIMELINE 63 111 241906993105500 2555700
LATENCY 2496300
TIMELINE 63 127 241907068405800 2496300
LATENCY 3611200
TIMELINE 63 143 241907124407200 3611200
LATENCY 2416800
TIMELINE 63 159 241907183232000 2416800
LATENCY 2740000
TIMELINE 63 175 241907234534300 2740000
LATENCY 2587300
TIMELINE 63 191 241907275008100 2587300
LATENCY 2355400
TIMELINE 63 207 241907313888100 2355400
LATENCY 2263000
TIMELINE 63 223 241907351497400 2263000
LATENCY 2264900
TIMELINE 63 239 241907388216100 2264900
LATENCY 21257700
TIMELINE 63 255 241907425392000 21257700
LATENCY 2380300
TIMELINE 63 271 241907484466800 2380300
LATENCY 2255200
TIMELINE 63 287 241907522245100 2255200
LATENCY 2308200
TIMELINE 63 303 241907559381200 2308200
LATENCY 2325100
TIMELINE 63 319 241907597566300 2325100
LATENCY 2341800
TIMELINE 63 335 241907635190200 2341800
LATENCY 2245800
TIMELINE 63 351 241907672253700 2245800
LATENCY 2352500
TIMELINE 63 367 241907709140800 2352500
LATENCY 2270500
TIMELINE 63 383 241907746307400 2270500
LATENCY 2267500
TIMELINE 63 399 241907805169300 2267500
LATENCY 2242900
TIMELINE 63 415 241907842100900 2242900
LATENCY 2391000
TIMELINE 63 431 241907878289500 2391000
LATENCY 2605100
TIMELINE 63 447 241907914384600 2605100
LATENCY 2386000
TIMELINE 63 463 241907953923200 2386000
LATENCY 2471300
TIMELINE 63 479 241907991454700 2471300
LATENCY 2349300
TIMELINE 63 495 241908029159700 2349300
LATENCY 2314000
TIMELINE 63 511 241908066543500 2314000
LATENCY 2288000
TIMELINE 63 527 241908125652900 2288000
LATENCY 2582500
TIMELINE 63 543 241908163172800 2582500
LATENCY 2312500
TIMELINE 63 559 241908201108600 2312500
LATENCY 2470300
TIMELINE 63 575 241908238637200 2470300
LATENCY 2526800
TIMELINE 63 591 241908276715500 2526800
LATENCY 2275600
TIMELINE 63 607 241908314618800 2275600
LATENCY 2255300
TIMELINE 63 623 241908351800600 2255300
LATENCY 2297800
TIMELINE 63 639 241908388259900 2297800
LATENCY 2192800
TIMELINE 63 655 241908425407900 2192800
LATENCY 2223500
TIMELINE 63 671 241908481872400 2223500
LATENCY 2343100
TIMELINE 63 687 241908519159200 2343100
LATENCY 2298700
TIMELINE 63 703 241908556562600 2298700
LATENCY 2312600
TIMELINE 63 719 241908594094100 2312600
LATENCY 2220100
TIMELINE 63 735 241908632769400 2220100
LATENCY 2262700
TIMELINE 63 751 241908669775300 2262700
LATENCY 2202800
TIMELINE 63 767 241908706363600 2202800
LATENCY 2215400
TIMELINE 63 783 241908742195300 2215400
LATENCY 2337000
TIMELINE 63 799 241908802912100 2337000
LATENCY 2231000
TIMELINE 63 815 241908839438900 2231000
LATENCY 2263100
TIMELINE 63 831 241908875726400 2263100
LATENCY 2212300
TIMELINE 63 847 241908911415200 2212300
LATENCY 2214900
TIMELINE 63 863 241908947883500 2214900
LATENCY 2216500
TIMELINE 63 879 241908983345800 2216500
LATENCY 2130700
TIMELINE 63 895 241909018879700 2130700
LATENCY 2109500
TIMELINE 63 911 241909052572800 2109500
LATENCY 2162600
TIMELINE 63 927 241909106163800 2162600
LATENCY 2118400
TIMELINE 63 943 241909140051200 2118400
LATENCY 2078400
TIMELINE 63 959 241909173777800 2078400
LATENCY 2311900
TIMELINE 63 975 241909211254600 2311900
LATENCY 2210400
TIMELINE 63 991 241909246474700 2210400
LATENCY 2094000
TIMELINE 63 1007 241909281109900 2094000
LATENCY 2129600
TIMELINE 63 1023 241909316406400 2129600
LATENCY 2994000
TIMELINE 63 1039 241909352370800 2994000
LATENCY 2980100
TIMELINE 63 1055 241909398084800 2980100
LATENCY 2588700
TIMELINE 63 1071 241909448528800 2588700
LATENCY 2818200
TIMELINE 63 1087 241909493499300 2818200
LATENCY 2968000
TIMELINE 63 1103 241909540163700 2968000
LATENCY 2846600
TIMELINE 63 1119 241909585920000 2846600
LATENCY 3286800
TIMELINE 63 1135 241909632777300 3286800
LATENCY 3067200
TIMELINE 63 1151 241909683591500 3067200
LATENCY 3051200
TIMELINE 63 1167 241909731495500 3051200
LATENCY 3168000
TIMELINE 63 1183 241909782104900 3168000
LATENCY 3059600
TIMELINE 63 1199 241909835326200 3059600
LATENCY 3145700
TIMELINE 63 1215 241909884898500 3145700
LATENCY 3107200
TIMELINE 63 1231 241909935216600 3107200
LATENCY 2949600
TIMELINE 63 1247 241909985666900 2949600
LATENCY 3212300
TIMELINE 63 1263 241910033743900 3212300
LATENCY 3135800
TIMELINE 63 1279 241910084599900 3135800
LATENCY 3248600
TIMELINE 63 1295 241910132719100 3248600
LATENCY 2989300
TIMELINE 63 1311 241910182333000 2989300
LATENCY 2634100
TIMELINE 63 1327 241910235560600 2634100
LATENCY 2748000
TIMELINE 63 1343 241910279308200 2748000
LATENCY 5353300
TIMELINE 63 1359 241910324331300 5353300
LATENCY 3038600
TIMELINE 63 1375 241910373790100 3038600
LATENCY 2927900
TIMELINE 63 1391 241910428134600 2927900
LATENCY 2712400
TIMELINE 63 1407 241910475771200 2712400
LATENCY 2552000
TIMELINE 63 1423 241910520893200 2552000
LATENCY 2569800
TIMELINE 63 1439 241910562057200 2569800
LATENCY 2637600
TIMELINE 63 1455 241910603486500 2637600
LATENCY 2731200
TIMELINE 63 1471 241910654448100 2731200
LATENCY 2704600
TIMELINE 63 1487 241910701000200 2704600
LATENCY 2643700
TIMELINE 63 1503 241910747802100 2643700
LATENCY 2560500
TIMELINE 63 1519 241910789317500 2560500
LATENCY 2521300
TIMELINE 63 1535 241910833051800 2521300
LATENCY 2915600
TIMELINE 63 1551 241910874817200 2915600
LATENCY 2866900
TIMELINE 63 1567 241910920988400 2866900
LATENCY 2515700
TIMELINE 63 1583 241910964381100 2515700
LATENCY 2999000
TIMELINE 63 1599 241911019368600 2999000
LATENCY 2757200
TIMELINE 63 1615 241911065096000 2757200
LATENCY 2808600
TIMELINE 63 1631 241911111164700 2808600
LATENCY 2698700
TIMELINE 63 1647 241911154899100 2698700
LATENCY 2906900
TIMELINE 63 1663 241911202077500 2906900
LATENCY 2826500
TIMELINE 63 1679 241911247393200 2826500
LATENCY 2735100
TIMELINE 63 1695 241911301287800 2735100
LATENCY 3001500
TIMELINE 63 1711 241911349459700 3001500
LATENCY 2905600
TIMELINE 63 1727 241911402392500 2905600
LATENCY 2893800
TIMELINE 63 1743 241911453948000 2893800
LATENCY 2888200
TIMELINE 63 1759 241911500355800 2888200
LATENCY 2953100
TIMELINE 63 1775 241911545011900 2953100
LATENCY 3055600
TIMELINE 63 1791 241911592845700 3055600
LATENCY 3156700
TIMELINE 63 1807 241911641502000 3156700
LATENCY 2795900
TIMELINE 63 1823 241911687611800 2795900
LATENCY 2643300
TIMELINE 63 1839 241911733084200 2643300
LATENCY 2818200
TIMELINE 63 1855 241911779098700 2818200
LATENCY 2882500
TIMELINE 63 1871 241911833185900 2882500
LATENCY 2955000
TIMELINE 63 1887 241911880474700 2955000
LATENCY 3125900
TIMELINE 63 1903 241911927755300 3125900
LATENCY 2937400
TIMELINE 63 1919 241911975019600 2937400
LATENCY 3044200
TIMELINE 63 1935 241912019688000 3044200
LATENCY 2642800
TIMELINE 63 1951 241912064375500 2642800
LATENCY 2783400
TIMELINE 63 1967 241912107979400 2783400
LATENCY 2864300
TIMELINE 63 1983 241912152007600 2864300
LATENCY 2772800
TIMELINE 63 1999 241912204189700 2772800
LATENCY 2758600
TIMELINE 63 2015 241912247989000 2758600
LATENCY 2920200
TIMELINE 63 2031 241912295083400 2920200
LATENCY 3033600
TIMELINE 63 2047 241912341633800 3033600
PASS curl benchmark
[engine] opt unque. engine=1  id=85    PhpRootGen@4ec7ad1f(resume_bci=1142)               |Tier 1|Count/Thres       8192/      400|Queue: Size    0 Change  0  Load  1,00 Time     0us                                   |UTC 2026-09-25T22:44:12.560|Src n/a|Reason Polyglot engine was closed.
