client,iteration,guest_start_ns,duration_ns,start_elapsed_lower_ns,start_elapsed_upper_ns
0,0,241918407252800,13499400,133873700,141514000
0,16,241918459009700,2436300,185630600,193270900
0,32,241918496652400,2277000,223273300,230913600
0,48,241918532527500,2186100,259148400,266788700
0,64,241918570230300,2429900,296851200,304491500
0,80,241918606253400,2407500,332874300,340514600
0,96,241918643652300,2247700,370273200,377913500
0,112,241918680294400,2212000,406915300,414555600
0,128,241918736946200,2166100,463567100,471207400
0,144,241918771049100,2102900,497670000,505310300
0,160,241918805948900,2095600,532569800,540210100
0,176,241918840648200,2142700,567269100,574909400
0,192,241918876787500,2168300,603408400,611048700
0,208,241918912346700,2222500,638967600,646607900
0,224,241918947635100,2127700,674256000,681896300
0,240,241918982527200,2168000,709148100,716788400
0,256,241919019664500,2068100,746285400,753925700
0,272,241919072930600,2409900,799551500,807191800
0,288,241919107901900,2128700,834522800,842163100
0,304,241919141896700,2176600,868517600,876157900
0,320,241919176403400,2175300,903024300,910664600
0,336,241919213071100,2266000,939692000,947332300
0,352,241919248833900,2225300,975454800,983095100
0,368,241919284939900,2140800,1011560800,1019201100
0,384,241919320864000,2218700,1047484900,1055125200
0,400,241919375728300,2080200,1102349200,1109989500
0,416,241919410957200,2233300,1137578100,1145218400
0,432,241919446316400,2204600,1172937300,1180577600
0,448,241919481640600,2255100,1208261500,1215901800
0,464,241919517128000,2182600,1243748900,1251389200
0,480,241919551666600,2207700,1278287500,1285927800
0,496,241919591852300,2081300,1318473200,1326113500
0,512,241919627061800,2254100,1353682700,1361323000
0,528,241919681696100,2166500,1408317000,1415957300
0,544,241919717065600,2247300,1443686500,1451326800
0,560,241919752907500,2430100,1479528400,1487168700
0,576,241919788296000,2094300,1514916900,1522557200
0,592,241919822134200,2122600,1548755100,1556395400
0,608,241919858149800,2385800,1584770700,1592411000
0,624,241919893990600,2173500,1620611500,1628251800
0,640,241919930032600,2318100,1656653500,1664293800
0,656,241919965501900,2347800,1692122800,1699763100
0,672,241920020269600,2226600,1746890500,1754530800
0,688,241920057193300,2210100,1783814200,1791454500
0,704,241920093485200,2142000,1820106100,1827746400
0,720,241920128861700,2220200,1855482600,1863122900
0,736,241920164208500,2217600,1890829400,1898469700
0,752,241920199828400,2380100,1926449300,1934089600
0,768,241920235171200,2153800,1961792100,1969432400
0,784,241920270933700,2260900,1997554600,2005194900
0,800,241920326788300,2238400,2053409200,2061049500
0,816,241920362248700,2130100,2088869600,2096509900
0,832,241920397886600,2160500,2124507500,2132147800
0,848,241920433224100,2229900,2159845000,2167485300
0,864,241920467714800,2145400,2194335700,2201976000
0,880,241920501929000,2125400,2228549900,2236190200
0,896,241920536306700,2102900,2262927600,2270567900
0,912,241920570437200,2191100,2297058100,2304698400
0,928,241920625716200,2072700,2352337100,2359977400
0,944,241920660654800,2180300,2387275700,2394916000
0,960,241920694880900,2490300,2421501800,2429142100
0,976,241920730377400,2227200,2456998300,2464638600
0,992,241920765837500,2343000,2492458400,2500098700
0,1008,241920802393100,2204900,2529014000,2536654300
0,1024,241920836592200,2172500,2563213100,2570853400
0,1040,241920871183600,2240900,2597804500,2605444800
0,1056,241920906093900,2274000,2632714800,2640355100
0,1072,241920947730500,2265700,2674351400,2681991700
0,1088,241920982630400,2149900,2709251300,2716891600
0,1104,241921017507900,2180900,2744128800,2751769100
0,1120,241921053202900,2233200,2779823800,2787464100
0,1136,241921088419300,2116900,2815040200,2822680500
0,1152,241921124070000,2338300,2850690900,2858331200
0,1168,241921159715800,2135500,2886336700,2893977000
0,1184,241921194567700,2229600,2921188600,2928828900
0,1200,241921235983500,2144700,2962604400,2970244700
0,1216,241921271694900,2244700,2998315800,3005956100
0,1232,241921313951500,2949300,3040572400,3048212700
0,1248,241921363520700,2929400,3090141600,3097781900
0,1264,241921410793000,3032700,3137413900,3145054200
0,1280,241921459322200,2832700,3185943100,3193583400
0,1296,241921505565500,2980600,3232186400,3239826700
0,1312,241921552524400,3021200,3279145300,3286785600
0,1328,241921606043900,6087100,3332664800,3340305100
0,1344,241921660941700,3222100,3387562600,3395202900
0,1360,241921713554000,3277400,3440174900,3447815200
0,1376,241921761092200,3223500,3487713100,3495353400
0,1392,241921809592600,2735900,3536213500,3543853800
0,1408,241921855495800,2948700,3582116700,3589757000
0,1424,241921902499300,2952400,3629120200,3636760500
0,1440,241921948651400,2948100,3675272300,3682912600
0,1456,241921994884700,3153100,3721505600,3729145900
0,1472,241922051923800,2848200,3778544700,3786185000
0,1488,241922097380500,2791100,3824001400,3831641700
0,1504,241922142583800,2818200,3869204700,3876845000
0,1520,241922186109700,2560500,3912730600,3920370900
0,1536,241922230679400,2975300,3957300300,3964940600
0,1552,241922278952200,2947500,4005573100,4013213400
0,1568,241922323808700,3007900,4050429600,4058069900
0,1584,241922369299800,2905200,4095920700,4103561000
0,1600,241922421777500,3012300,4148398400,4156038700
0,1616,241922469907800,2983400,4196528700,4204169000
0,1632,241922516509900,2975200,4243130800,4250771100
0,1648,241922562144200,2714900,4288765100,4296405400
0,1664,241922609737600,3783500,4336358500,4343998800
0,1680,241922654564500,2728100,4381185400,4388825700
0,1696,241922700135800,2958400,4426756700,4434397000
0,1712,241922745895800,2664700,4472516700,4480157000
0,1728,241922794469000,2842200,4521089900,4528730200
0,1744,241922842149300,3245200,4568770200,4576410500
0,1760,241922886896800,2579200,4613517700,4621158000
0,1776,241922929984000,2862800,4656604900,4664245200
0,1792,241922974270700,2702300,4700891600,4708531900
0,1808,241923018706200,2911200,4745327100,4752967400
0,1824,241923063462700,3120700,4790083600,4797723900
0,1840,241923110284600,2748200,4836905500,4844545800
0,1856,241923154629900,2818000,4881250800,4888891100
0,1872,241923204888200,2613800,4931509100,4939149400
0,1888,241923251715400,3071800,4978336300,4985976600
0,1904,241923299671700,2827000,5026292600,5033932900
0,1920,241923345089400,3064700,5071710300,5079350600
0,1936,241923392775500,3067800,5119396400,5127036700
0,1952,241923442199100,2644400,5168820000,5176460300
0,1968,241923486298600,2670600,5212919500,5220559800
0,1984,241923527906500,2630800,5254527400,5262167700
0,2000,241923576238800,2668100,5302859700,5310500000
0,2016,241923621710800,2989300,5348331700,5355972000
0,2032,241923665292200,2615400,5391913100,5399553400
1,1,241918420807100,2778600,147428000,155068300
1,17,241918461507200,2264800,188128100,195768400
1,33,241918499052000,2312000,225672900,233313200
1,49,241918534843600,2427600,261464500,269104800
1,65,241918572707000,2401100,299327900,306968200
1,81,241918608588600,2316200,335209500,342849800
1,97,241918646026600,2345700,372647500,380287800
1,113,241918682567200,2241500,409188100,416828400
1,129,241918739171000,2166500,465791900,473432200
1,145,241918773186800,2121400,499807700,507448000
1,161,241918808005100,2080900,534626000,542266300
1,177,241918842733500,2742700,569354400,576994700
1,193,241918879021700,2150400,605642600,613282900
1,209,241918914665500,2189500,641286400,648926700
1,225,241918949891100,2119700,676512000,684152300
1,241,241918984980900,2165800,711601800,719242100
1,257,241919022032300,2275600,748653200,756293500
1,273,241919075561700,2319400,802182600,809822900
1,289,241919110238200,2125300,836859100,844499400
1,305,241919144309400,2245300,870930300,878570600
1,321,241919178807900,2202800,905428800,913069100
1,337,241919215954700,2237500,942575600,950215900
1,353,241919251542200,2398500,978163100,985803400
1,369,241919287538600,2223800,1014159500,1021799800
1,385,241919323560100,2216800,1050181000,1057821300
1,401,241919378199100,2057200,1104820000,1112460300
1,417,241919413724500,2243100,1140345400,1147985700
1,433,241919449069800,2252700,1175690700,1183331000
1,449,241919484426500,2129800,1211047400,1218687700
1,465,241919519792800,2136400,1246413700,1254054000
1,481,241919554335500,2140400,1280956400,1288596700
1,497,241919594469000,2135000,1321089900,1328730200
1,513,241919629775500,2254300,1356396400,1364036700
1,529,241919684281800,2249100,1410902700,1418543000
1,545,241919719715800,2144800,1446336700,1453977000
1,561,241919755805400,2252500,1482426300,1490066600
1,577,241919790852900,2143000,1517473800,1525114100
1,593,241919824733700,2120500,1551354600,1558994900
1,609,241919860967800,2383100,1587588700,1595229000
1,625,241919896529000,2208600,1623149900,1630790200
1,641,241919932735000,2294200,1659355900,1666996200
1,657,241919968093600,2362400,1694714500,1702354800
1,673,241920022709200,2356400,1749330100,1756970400
1,689,241920059803300,2275200,1786424200,1794064500
1,705,241920096019600,2134900,1822640500,1830280800
1,721,241920131547300,2176400,1858168200,1865808500
1,737,241920166859500,2388700,1893480400,1901120700
1,753,241920202649400,2231200,1929270300,1936910600
1,769,241920237724500,2124000,1964345400,1971985700
1,785,241920273509900,2214900,2000130800,2007771100
1,801,241920329267600,2281600,2055888500,2063528800
1,817,241920364615900,2202200,2091236800,2098877100
1,833,241920400347100,2133100,2126968000,2134608300
1,849,241920435823300,2213400,2162444200,2170084500
1,865,241920470203700,2159000,2196824600,2204464900
1,881,241920504421200,2105400,2231042100,2238682400
1,897,241920538853900,2147000,2265474800,2273115100
1,913,241920573039000,2134500,2299659900,2307300200
1,929,241920627941700,2155300,2354562600,2362202900
1,945,241920662930200,2114600,2389551100,2397191400
1,961,241920697946900,2146000,2424567800,2432208100
1,977,241920733030600,2162100,2459651500,2467291800
1,993,241920768748900,2312600,2495369800,2503010100
1,1009,241920804897600,2171100,2531518500,2539158800
1,1025,241920839058300,2144800,2565679200,2573319500
1,1041,241920873702900,2185700,2600323800,2607964100
1,1057,241920908852700,2189700,2635473600,2643113900
1,1073,241920950537200,2272700,2677158100,2684798400
1,1089,241920985342500,2157700,2711963400,2719603700
1,1105,241921020143200,2155600,2746764100,2754404400
1,1121,241921055815100,2174000,2782436000,2790076300
1,1137,241921090908100,2132100,2817529000,2825169300
1,1153,241921127198600,2213300,2853819500,2861459800
1,1169,241921162612400,2189800,2889233300,2896873600
1,1185,241921197745900,2339500,2924366800,2932007100
1,1201,241921239080700,2147700,2965701600,2973341900
1,1217,241921274825500,2278900,3001446400,3009086700
1,1233,241921318096300,2921500,3044717200,3052357500
1,1249,241921367644800,2986800,3094265700,3101906000
1,1265,241921414954800,2816600,3141575700,3149216000
1,1281,241921463233300,2912500,3189854200,3197494500
1,1297,241921509681100,2949100,3236302000,3243942300
1,1313,241921556677400,2998000,3283298300,3290938600
1,1329,241921613288900,3317600,3339909800,3347550100
1,1345,241921665344800,2860800,3391965700,3399606000
1,1361,241921717816000,3289600,3444436900,3452077200
1,1377,241921765377000,3252900,3491997900,3499638200
1,1393,241921813286600,2671200,3539907500,3547547800
1,1409,241921859504900,2975600,3586125800,3593766100
1,1425,241921906521700,2907300,3633142600,3640782900
1,1441,241921952557600,2833900,3679178500,3686818800
1,1457,241921999129200,3208200,3725750100,3733390400
1,1473,241922055777000,2899000,3782397900,3790038200
1,1489,241922101208600,2831300,3827829500,3835469800
1,1505,241922146368500,2922400,3872989400,3880629700
1,1521,241922189582200,2555200,3916203100,3923843400
1,1537,241922234674600,3036100,3961295500,3968935800
1,1553,241922282780700,2731700,4009401600,4017041900
1,1569,241922327789700,2873000,4054410600,4062050900
1,1585,241922373127800,2746600,4099748700,4107389000
1,1601,241922425636900,3044200,4152257800,4159898100
1,1617,241922473743400,2994200,4200364300,4208004600
1,1633,241922520387500,3028700,4247008400,4254648700
1,1649,241922565666600,2763700,4292287500,4299927800
1,1665,241922614338000,2726000,4340958900,4348599200
1,1681,241922658089500,2769500,4384710400,4392350700
1,1697,241922703846600,2645200,4430467500,4438107800
1,1713,241922749304600,2692600,4475925500,4483565800
1,1729,241922798315400,3024200,4524936300,4532576600
1,1745,241922846600100,2836900,4573221000,4580861300
1,1761,241922890427600,2575400,4617048500,4624688800
1,1777,241922934042900,2883100,4660663800,4668304100
1,1793,241922978012000,2696400,4704632900,4712273200
1,1809,241923022607900,2748800,4749228800,4756869100
1,1825,241923067749600,2782200,4794370500,4802010800
1,1841,241923114119300,2722600,4840740200,4848380500
1,1857,241923158462800,2813600,4885083700,4892724000
1,1873,241923208712000,2874800,4935332900,4942973200
1,1889,241923256313500,3048400,4982934400,4990574700
1,1905,241923303827800,2901000,5030448700,5038089000
1,1921,241923349596700,2922400,5076217600,5083857900
1,1937,241923397432600,3168400,5124053500,5131693800
1,1953,241923446697900,3148500,5173318800,5180959100
1,1969,241923490429100,2560000,5217050000,5224690300
1,1985,241923532008700,2752900,5258629600,5266269900
1,2001,241923580402700,2944200,5307023600,5314663900
1,2017,241923626498500,2884500,5353119400,5360759700
1,2033,241923669314700,2607500,5395935600,5403575900
2,2,241918423756200,2562300,150377100,158017400
2,18,241918463892400,2269800,190513300,198153600
2,34,241918501480600,2251200,228101500,235741800
2,50,241918537393100,2687400,264014000,271654300
2,66,241918576043200,2237800,302664100,310304400
2,82,241918611761400,2159300,338382300,346022600
2,98,241918649062100,2288700,375683000,383323300
2,114,241918685504200,2258500,412125100,419765400
2,130,241918741996900,2139400,468617800,476258100
2,146,241918775976300,2186400,502597200,510237500
2,162,241918810824200,2172900,537445100,545085400
2,178,241918846276100,2250000,572897000,580537300
2,194,241918881761000,2355000,608381900,616022200
2,210,241918917503200,2269000,644124100,651764400
2,226,241918952664300,2051600,679285200,686925500
2,242,241918988478200,2111100,715099100,722739400
2,258,241919043506500,2555500,770127400,777767700
2,274,241919079263100,2193000,805884000,813524300
2,290,241919113703900,2124100,840324800,847965100
2,306,241919147891200,2183600,874512100,882152400
2,322,241919182323000,2496100,908943900,916584200
2,338,241919219212100,2231800,945833000,953473300
2,354,241919255128600,2253300,981749500,989389800
2,370,241919290786300,2220300,1017407200,1025047500
2,386,241919326853600,2075100,1053474500,1061114800
2,402,241919381216800,2086900,1107837700,1115478000
2,418,241919417097000,2416500,1143717900,1151358200
2,434,241919452470600,2342600,1179091500,1186731800
2,450,241919487674400,2128600,1214295300,1221935600
2,466,241919523078000,2149200,1249698900,1257339200
2,482,241919557606100,2211200,1284227000,1291867300
2,498,241919597730000,2100500,1324350900,1331991200
2,514,241919633156500,2204900,1359777400,1367417700
2,530,241919687325000,2170200,1413945900,1421586200
2,546,241919722551300,2124300,1449172200,1456812500
2,562,241919758880000,2251100,1485500900,1493141200
2,578,241919793724200,2087900,1520345100,1527985400
2,594,241919827573000,2080000,1554193900,1561834200
2,610,241919864375700,2325700,1590996600,1598636900
2,626,241919899665500,2187500,1626286400,1633926700
2,642,241919935956100,2165700,1662577000,1670217300
2,658,241919971453100,21348000,1698074000,1705714300
2,674,241920026148100,2247500,1752769000,1760409300
2,690,241920063238400,2196900,1789859300,1797499600
2,706,241920099100400,2171900,1825721300,1833361600
2,722,241920134672100,2188200,1861293000,1868933300
2,738,241920170223800,2284600,1896844700,1904485000
2,754,241920205832800,2255800,1932453700,1940094000
2,770,241920240815100,2184300,1967436000,1975076300
2,786,241920276793600,2211100,2003414500,2011054800
2,802,241920332936700,2279500,2059557600,2067197900
2,818,241920368216800,2303800,2094837700,2102478000
2,834,241920403938500,2117500,2130559400,2138199700
2,850,241920439493600,2160000,2166114500,2173754800
2,866,241920473823400,2330400,2200444300,2208084600
2,882,241920508004500,2205000,2234625400,2242265700
2,898,241920542417000,2164800,2269037900,2276678200
2,914,241920576595700,2306900,2303216600,2310856900
2,930,241920631674400,2109300,2358295300,2365935600
2,946,241920666938600,2246700,2393559500,2401199800
2,962,241920701568800,2152900,2428189700,2435830000
2,978,241920736726800,2218600,2463347700,2470988000
2,994,241920772617600,2259000,2499238500,2506878800
2,1010,241920808707300,2151400,2535328200,2542968500
2,1026,241920842948500,2085500,2569569400,2577209700
2,1042,241920877579100,2142500,2604200000,2611840300
2,1058,241920912674500,8465400,2639295400,2646935700
2,1074,241920954388900,2206900,2681009800,2688650100
2,1090,241920989015300,2143500,2715636200,2723276500
2,1106,241921023795700,2143500,2750416600,2758056900
2,1122,241921059387100,2230100,2786008000,2793648300
2,1138,241921094361600,2109400,2820982500,2828622800
2,1154,241921130320400,2179000,2856941300,2864581600
2,1170,241921165787900,2160800,2892408800,2900049100
2,1186,241921201074800,2384500,2927695700,2935336000
2,1202,241921242157200,2170100,2968778100,2976418400
2,1218,241921278214000,2242000,3004834900,3012475200
2,1234,241921322420700,2983700,3049041600,3056681900
2,1250,241921372142500,2965000,3098763400,3106403700
2,1266,241921419211800,4332900,3145832700,3153473000
2,1282,241921467655000,2815300,3194275900,3201916200
2,1298,241921514200600,2904700,3240821500,3248461800
2,1314,241921561236800,2976500,3287857700,3295498000
2,1330,241921618144100,3276400,3344765000,3352405300
2,1346,241921669551100,2785100,3396172000,3403812300
2,1362,241921722372900,3034900,3448993800,3456634100
2,1378,241921770115200,3259600,3496736100,3504376400
2,1394,241921817184000,2772300,3543804900,3551445200
2,1410,241921863801000,2886100,3590421900,3598062200
2,1426,241921910758700,2967600,3637379600,3645019900
2,1442,241921956754800,2906000,3683375700,3691016000
2,1458,241922011854200,3654700,3738475100,3746115400
2,1474,241922060023600,2823000,3786644500,3794284800
2,1490,241922105353100,2852100,3831974000,3839614300
2,1506,241922150534500,4090000,3877155400,3884795700
2,1522,241922193409300,2657100,3920030200,3927670500
2,1538,241922239161000,3100500,3965781900,3973422200
2,1554,241922286811700,2728600,4013432600,4021072900
2,1570,241922332106800,3030300,4058727700,4066368000
2,1586,241922377179800,2757700,4103800700,4111441000
2,1602,241922430297800,3035600,4156918700,4164559000
2,1618,241922478305400,2962500,4204926300,4212566600
2,1634,241922525059700,2934000,4251680600,4259320900
2,1650,241922569903000,2712700,4296523900,4304164200
2,1666,241922618552500,2682500,4345173400,4352813700
2,1682,241922662317500,2666300,4388938400,4396578700
2,1698,241922707937400,2648100,4434558300,4442198600
2,1714,241922753482000,2684900,4480102900,4487743200
2,1730,241922803033100,3466800,4529654000,4537294300
2,1746,241922850792800,2645800,4577413700,4585054000
2,1762,241922894363600,2545400,4620984500,4628624800
2,1778,241922938369200,2738500,4664990100,4672630400
2,1794,241922982064200,2781300,4708685100,4716325400
2,1810,241923026782300,2703100,4753403200,4761043500
2,1826,241923071958900,2827100,4798579800,4806220100
2,1842,241923118223600,2713400,4844844500,4852484800
2,1858,241923162780700,8235400,4889401600,4897041900
2,1874,241923212901500,2906700,4939522400,4947162700
2,1890,241923260746400,3005300,4987367300,4995007600
2,1906,241923308049300,2678700,5034670200,5042310500
2,1922,241923353920800,2746700,5080541700,5088182000
2,1938,241923402069600,3046000,5128690500,5136330800
2,1954,241923451185900,3075500,5177806800,5185447100
2,1970,241923494039300,2595100,5220660200,5228300500
2,1986,241923535822900,2558800,5262443800,5270084100
2,2002,241923584498200,2711500,5311119100,5318759400
2,2018,241923630465000,2650400,5357085900,5364726200
2,2034,241923673003300,2630800,5399624200,5407264500
3,3,241918426185900,2465500,152806800,160447100
3,19,241918466098100,2300900,192719000,200359300
3,35,241918503642400,2237700,230263300,237903600
3,51,241918539975000,2363800,266595900,274236200
3,67,241918577433100,2409800,304054000,311694300
3,83,241918613126800,2248300,339747700,347388000
3,99,241918650613400,2294000,377234300,384874600
3,115,241918687096000,2299600,413716900,421357200
3,131,241918743606900,2124300,470227800,477868100
3,147,241918777596000,2184000,504216900,511857200
3,163,241918812461300,2159500,539082200,546722500
3,179,241918847975500,2254500,574596400,582236700
3,195,241918883571100,2176100,610192000,617832300
3,211,241918919289800,2210000,645910700,653551000
3,227,241918954282600,2080000,680903500,688543800
3,243,241918989566900,2123500,716187800,723828100
3,259,241919044975300,2249500,771596200,779236500
3,275,241919080399000,2218300,807019900,814660200
3,291,241919114793100,2147500,841414000,849054300
3,307,241919149105400,2158400,875726300,883366600
3,323,241919183889900,2355800,910510800,918151100
3,339,241919220257300,2237700,946878200,954518500
3,355,241919256275400,2292300,982896300,990536600
3,371,241919291873600,2223100,1018494500,1026134800
3,387,241919327906500,2192500,1054527400,1062167700
3,403,241919382298300,2066600,1108919200,1116559500
3,419,241919418063600,2514000,1144684500,1152324800
3,435,241919453454100,2332900,1180075000,1187715300
3,451,241919488515400,2138400,1215136300,1222776600
3,467,241919523921300,2131000,1250542200,1258182500
3,483,241919558496500,2244700,1285117400,1292757700
3,499,241919598540500,2116700,1325161400,1332801700
3,515,241919634131000,2220900,1360751900,1368392200
3,531,241919688461500,2136100,1415082400,1422722700
3,547,241919723773700,2120100,1450394600,1458034900
3,563,241919760051400,2249400,1486672300,1494312600
3,579,241919794816900,2098000,1521437800,1529078100
3,595,241919828656900,2084600,1555277800,1562918100
3,611,241919864827700,2323300,1591448600,1599088900
3,627,241919900033900,2334500,1626654800,1634295100
3,643,241919936420000,2161200,1663040900,1670681200
3,659,241919971910200,21419400,1698531100,1706171400
3,675,241920026486000,2210000,1753106900,1760747200
3,691,241920063268400,2197600,1789889300,1797529600
3,707,241920099217200,2170400,1825838100,1833478400
3,723,241920134753300,2193600,1861374200,1869014500
3,739,241920170343000,2292100,1896963900,1904604200
3,755,241920205952400,2254300,1932573300,1940213600
3,771,241920240907100,2182600,1967528000,1975168300
3,787,241920276352000,2218600,2002972900,2010613200
3,803,241920332438300,2262800,2059059200,2066699500
3,819,241920367744700,2210400,2094365600,2102005900
3,835,241920403309700,2115400,2129930600,2137570900
3,851,241920438959100,2136000,2165580000,2173220300
3,867,241920473169700,2222600,2199790600,2207430900
3,883,241920507337600,2211900,2233958500,2241598800
3,899,241920541758400,2156600,2268379300,2276019600
3,915,241920575941600,2211100,2302562500,2310202800
3,931,241920631033200,2116400,2357654100,2365294400
3,947,241920666107200,2239100,2392728100,2400368400
3,963,241920700574600,2171700,2427195500,2434835800
3,979,241920735667900,2204800,2462288800,2469929100
3,995,241920771372000,2272900,2497992900,2505633200
3,1011,241920807496700,2154600,2534117600,2541757900
3,1027,241920841664200,2128500,2568285100,2575925400
3,1043,241920876361000,2150900,2602981900,2610622200
3,1059,241920911357100,2176700,2637978000,2645618300
3,1075,241920953026900,2225600,2679647800,2687288100
3,1091,241920987681400,2168000,2714302300,2721942600
3,1107,241921022578100,2148400,2749199000,2756839300
3,1123,241921058021100,2250300,2784642000,2792282300
3,1139,241921093073400,2114500,2819694300,2827334600
3,1155,241921129167400,2140700,2855788300,2863428600
3,1171,241921164600000,2186200,2891220900,2898861200
3,1187,241921199750200,2294100,2926371100,2934011400
3,1203,241921240787400,2178400,2967408300,2975048600
3,1219,241921276739500,2270600,3003360400,3011000700
3,1235,241921320523200,2953600,3047144100,3054784400
3,1251,241921370058600,2935200,3096679500,3104319800
3,1267,241921417201700,2921400,3143822600,3151462900
3,1283,241921465524000,2912900,3192144900,3199785200
3,1299,241921512029700,2915800,3238650600,3246290900
3,1315,241921559066400,2938800,3285687300,3293327600
3,1331,241921615928000,3273700,3342548900,3350189200
3,1347,241921667629700,2835100,3394250600,3401890900
3,1363,241921720460400,2821500,3447081300,3454721600
3,1379,241921767995300,3163400,3494616200,3502256500
3,1395,241921815439800,2728200,3542060700,3549701000
3,1411,241921861900500,2952600,3588521400,3596161700
3,1427,241921908836800,2989800,3635457700,3643098000
3,1443,241921954817800,2947400,3681438700,3689079000
3,1459,241922001665200,11430100,3728286100,3735926400
3,1475,241922058057300,2890400,3784678200,3792318500
3,1491,241922103467600,2842400,3830088500,3837728800
3,1507,241922148679600,2850400,3875300500,3882940800
3,1523,241922191619400,2586400,3918240300,3925880600
3,1539,241922237094100,3068700,3963715000,3971355300
3,1555,241922285019900,2713300,4011640800,4019281100
3,1571,241922330146800,3073500,4056767700,4064408000
3,1587,241922375419000,2729400,4102039900,4109680200
3,1603,241922428506000,3058000,4155126900,4162767200
3,1619,241922476559700,3034900,4203180600,4210820900
3,1635,241922523204200,3051000,4249825100,4257465400
3,1651,241922568242000,2756500,4294862900,4302503200
3,1667,241922616947300,2725300,4343568200,4351208500
3,1683,241922660758600,2673000,4387379500,4395019800
3,1699,241922706376500,2660600,4432997400,4440637700
3,1715,241922751871300,2720100,4478492200,4486132500
3,1731,241922801080900,3263800,4527701800,4535342100
3,1747,241922849222000,2624100,4575842900,4583483200
3,1763,241922892796300,2563400,4619417200,4627057500
3,1779,241922936653500,2840100,4663274400,4670914700
3,1795,241922980470800,2739800,4707091700,4714732000
3,1811,241923025132000,2737300,4751752900,4759393200
3,1827,241923070302700,2765700,4796923600,4804563900
3,1843,241923116580900,2684500,4843201800,4850842100
3,1859,241923161097700,8356700,4887718600,4895358900
3,1875,241923211422700,2843200,4938043600,4945683900
3,1891,241923259228800,2986000,4985849700,4993490000
3,1907,241923306591400,2720500,5033212300,5040852600
3,1923,241923352394800,2875500,5079015700,5086656000
3,1939,241923400430200,3054000,5127051100,5134691400
3,1955,241923449578700,3058800,5176199600,5183839900
3,1971,241923492674100,2564100,5219295000,5226935300
3,1987,241923534401800,2600000,5261022700,5268663000
3,2003,241923583005800,2735200,5309626700,5317267000
3,2019,241923629069700,2635000,5355690600,5363330900
3,2035,241923671646100,2568500,5398267000,5405907300
4,4,241918428746300,2418600,155367200,163007500
4,20,241918468513700,2300000,195134600,202774900
4,36,241918505945700,2179800,232566600,240206900
4,52,241918542374300,2150000,268995200,276635500
4,68,241918579877300,2257700,306498200,314138500
4,84,241918615409600,2227700,342030500,349670800
4,100,241918652808000,2341200,379428900,387069200
4,116,241918689274300,2396300,415895200,423535500
4,132,241918745627200,2107500,472248100,479888400
4,148,241918779696900,2053100,506317800,513958100
4,164,241918814541600,2149600,541162500,548802800
4,180,241918850168900,2271000,576789800,584430100
4,196,241918885694600,2206000,612315500,619955800
4,212,241918921541700,2230300,648162600,655802900
4,228,241918956244600,2294800,682865500,690505800
4,244,241918991605200,2265700,718226100,725866400
4,260,241919047104100,2166400,773725000,781365300
4,276,241919082413300,2183100,809034200,816674500
4,292,241919116737900,2133600,843358800,850999100
4,308,241919150970900,2140800,877591800,885232100
4,324,241919185943300,2310500,912564200,920204500
4,340,241919222181400,2244700,948802300,956442600
4,356,241919258353700,2371100,984974600,992614900
4,372,241919293924100,2174100,1020545000,1028185300
4,388,241919329883700,2186800,1056504600,1064144900
4,404,241919384145300,2073500,1110766200,1118406500
4,420,241919420270100,2289100,1146891000,1154531300
4,436,241919455602900,2224500,1182223800,1189864100
4,452,241919490592600,2174700,1217213500,1224853800
4,468,241919525992300,2137100,1252613200,1260253500
4,484,241919560682200,2248700,1287303100,1294943400
4,500,241919600632300,2077800,1327253200,1334893500
4,516,241919636320700,2195600,1362941600,1370581900
4,532,241919690505800,2180700,1417126700,1424767000
4,548,241919725834200,2179000,1452455100,1460095400
4,564,241919762560100,2187600,1489181000,1496821300
4,580,241919797121200,2144800,1523742100,1531382400
4,596,241919830979600,2071200,1557600500,1565240800
4,612,241919868145400,2264500,1594766300,1602406600
4,628,241919903418700,2205800,1630039600,1637679900
4,644,241919939635900,2184100,1666256800,1673897100
4,660,241919994457000,2213000,1721077900,1728718200
4,676,241920029927300,2227300,1756548200,1764188500
4,692,241920066742300,2324700,1793363200,1801003500
4,708,241920102612100,2134500,1829233000,1836873300
4,724,241920138270800,2145600,1864891700,1872532000
4,740,241920174038600,2170800,1900659500,1908299800
4,756,241920209571900,2213200,1936192800,1943833100
4,772,241920244451500,2190600,1971072400,1978712700
4,788,241920281306400,2119000,2007927300,2015567600
4,804,241920337641100,2257000,2064262000,2071902300
4,820,241920372803900,2457000,2099424800,2107065100
4,836,241920408230400,2155800,2134851300,2142491600
4,852,241920443907900,2108800,2170528800,2178169100
4,868,241920478419800,2121600,2205040700,2212681000
4,884,241920512444900,2194400,2239065800,2246706100
4,900,241920546811700,2110300,2273432600,2281072900
4,916,241920581481400,2262400,2308102300,2315742600
4,932,241920636033900,2599500,2362654800,2370295100
4,948,241920671322800,2148900,2397943700,2405584000
4,964,241920705909100,2148800,2432530000,2440170300
4,980,241920741192600,2167200,2467813500,2475453800
4,996,241920777212200,2298800,2503833100,2511473400
4,1012,241920813005100,2107200,2539626000,2547266300
4,1028,241920847228400,2149200,2573849300,2581489600
4,1044,241920881951100,2172600,2608572000,2616212300
4,1060,241920923392500,2222700,2650013400,2657653700
4,1076,241920958859500,2198400,2685480400,2693120700
4,1092,241920993397400,2154400,2720018300,2727658600
4,1108,241921028145000,2119900,2754765900,2762406200
4,1124,241921064152700,2305200,2790773600,2798413900
4,1140,241921098846700,2146800,2825467600,2833107900
4,1156,241921135096000,2248000,2861716900,2869357200
4,1172,241921170420900,2335300,2897041800,2904682100
4,1188,241921206031800,2321500,2932652700,2940293000
4,1204,241921246752600,2139000,2973373500,2981013800
4,1220,241921283187600,2573800,3009808500,3017448800
4,1236,241921328757500,2960900,3055378400,3063018700
4,1252,241921378390400,2937300,3105011300,3112651600
4,1268,241921427855200,3028800,3154476100,3162116400
4,1284,241921473915100,2765300,3200536000,3208176300
4,1300,241921520334900,2947400,3246955800,3254596100
4,1316,241921567461300,2955000,3294082200,3301722500
4,1332,241921625211300,3283000,3351832200,3359472500
4,1348,241921675552900,3004400,3402173800,3409814100
4,1364,241921729033600,3322700,3455654500,3463294800
4,1380,241921777249300,3365300,3503870200,3511510500
4,1396,241921823102100,2937300,3549723000,3557363300
4,1412,241921870087400,2937400,3596708300,3604348600
4,1428,241921917175900,3018700,3643796800,3651437100
4,1444,241921963167100,2992800,3689788000,3697428300
4,1460,241922019559000,3121600,3746179900,3753820200
4,1476,241922066236300,2828800,3792857200,3800497500
4,1492,241922111599300,2941000,3838220200,3845860500
4,1508,241922157696900,2558500,3884317800,3891958100
4,1524,241922199689300,2760200,3926310200,3933950500
4,1540,241922245908300,2949100,3972529200,3980169500
4,1556,241922292868800,2788000,4019489700,4027130000
4,1572,241922338566400,2855800,4065187300,4072827600
4,1588,241922383287600,2823200,4109908500,4117548800
4,1604,241922436974500,3017700,4163595400,4171235700
4,1620,241922484718200,3023300,4211339100,4218979400
4,1636,241922531449400,2714600,4258070300,4265710600
4,1652,241922576069000,2870500,4302689900,4310330200
4,1668,241922624494800,2916800,4351115700,4358756000
4,1684,241922668275200,2714600,4394896100,4402536400
4,1700,241922713778800,2631800,4440399700,4448040000
4,1716,241922759346400,2684600,4485967300,4493607600
4,1732,241922810174000,3030500,4536794900,4544435200
4,1748,241922856840800,2922500,4583461700,4591102000
4,1764,241922899986700,2593100,4626607600,4634247900
4,1780,241922944284800,2817300,4670905700,4678546000
4,1796,241922988036300,2793100,4714657200,4722297500
4,1812,241923032765200,2829500,4759386100,4767026400
4,1828,241923078030300,3147300,4804651200,4812291500
4,1844,241923124074000,2746400,4850694900,4858335200
4,1860,241923174267800,2732500,4900888700,4908529000
4,1876,241923219142600,2940600,4945763500,4953403800
4,1892,241923267162200,3024100,4993783100,5001423400
4,1908,241923314120900,2800400,5040741800,5048382100
4,1924,241923359671600,2913300,5086292500,5093932800
4,1940,241923408570300,3084200,5135191200,5142831500
4,1956,241923457376200,2847100,5183997100,5191637400
4,1972,241923499521100,2580200,5226142000,5233782300
4,1988,241923541213800,2576200,5267834700,5275475000
4,2004,241923590218200,2707500,5316839100,5324479400
4,2020,241923635975400,2680000,5362596300,5370236600
4,2036,241923678959400,2923000,5405580300,5413220600
5,5,241918431315800,2435000,157936700,165577000
5,21,241918471029700,2472300,197650600,205290900
5,37,241918508318200,2204400,234939100,242579400
5,53,241918544750100,3564200,271371000,279011300
5,69,241918583425100,2157500,310046000,317686300
5,85,241918618948700,2202100,345569600,353209900
5,101,241918656950400,2210700,383571300,391211600
5,117,241918693729600,2537300,420350500,427990800
5,133,241918749220300,2155300,475841200,483481500
5,149,241918783170400,2116400,509791300,517431600
5,165,241918818122200,2150900,544743100,552383400
5,181,241918853994900,2284000,580615800,588256100
5,197,241918889401200,2219400,616022100,623662400
5,213,241918925040200,2183800,651661100,659301400
5,229,241918959743200,2293800,686364100,694004400
5,245,241918997949900,2453500,724570800,732211100
5,261,241919051190900,2310200,777811800,785452100
5,277,241919086500200,2203100,813121100,820761400
5,293,241919120727900,2087700,847348800,854989100
5,309,241919155010300,2095700,881631200,889271500
5,325,241919190373100,2269400,916994000,924634300
5,341,241919226431900,2116300,953052800,960693100
5,357,241919262813900,2309400,989434800,997075100
5,373,241919298064100,2134500,1024685000,1032325300
5,389,241919334214900,2174500,1060835800,1068476100
5,405,241919388312400,2375400,1114933300,1122573600
5,421,241919424723300,2159500,1151344200,1158984500
5,437,241919459881300,2199500,1186502200,1194142500
5,453,241919494701100,2319300,1221322000,1228962300
5,469,241919529968700,2128700,1256589600,1264229900
5,485,241919564973500,2156500,1291594400,1299234700
5,501,241919604599700,2289700,1331220600,1338860900
5,517,241919640506500,2228400,1367127400,1374767700
5,533,241919694781400,2183100,1421402300,1429042600
5,549,241919730001100,2104900,1456622000,1464262300
5,565,241919766713500,2247500,1493334400,1500974700
5,581,241919801138400,2102400,1527759300,1535399600
5,597,241919834938200,2189600,1561559100,1569199400
5,613,241919872142900,2276900,1598763800,1606404100
5,629,241919907336800,2157500,1633957700,1641598000
5,645,241919943527400,2143100,1670148300,1677788600
5,661,241919998389900,2163800,1725010800,1732651100
5,677,241920033838500,2493100,1760459400,1768099700
5,693,241920070724200,2479800,1797345100,1804985400
5,709,241920106249900,2146600,1832870800,1840511100
5,725,241920141948200,2131000,1868569100,1876209400
5,741,241920177737500,2223900,1904358400,1911998700
5,757,241920213287100,2116200,1939908000,1947548300
5,773,241920248059900,2193400,1974680800,1982321100
5,789,241920284039000,2300700,2010659900,2018300200
5,805,241920340432500,2225300,2067053400,2074693700
5,821,241920375764000,2371300,2102384900,2110025200
5,837,241920410758100,2098300,2137379000,2145019300
5,853,241920446556900,2104100,2173177800,2180818100
5,869,241920480849500,2143100,2207470400,2215110700
5,885,241920514959800,2162400,2241580700,2249221000
5,901,241920549191900,2127500,2275812800,2283453100
5,917,241920584204300,2332100,2310825200,2318465500
5,933,241920639000500,2152800,2365621400,2373261700
5,949,241920673943000,2171100,2400563900,2408204200
5,965,241920708860200,2125100,2435481100,2443121400
5,981,241920744149000,2210900,2470769900,2478410200
5,997,241920780423900,2400600,2507044800,2514685100
5,1013,241920815989500,2143100,2542610400,2550250700
5,1029,241920850242900,2121200,2576863800,2584504100
5,1045,241920885004200,2153500,2611625100,2619265400
5,1061,241920926559700,2240800,2653180600,2660820900
5,1077,241920961831400,2125100,2688452300,2696092600
5,1093,241920996336300,2184300,2722957200,2730597500
5,1109,241921031070200,2185800,2757691100,2765331400
5,1125,241921066897900,2209000,2793518800,2801159100
5,1141,241921101403000,2673400,2828023900,2835664200
5,1157,241921137780900,2308900,2864401800,2872042100
5,1173,241921173190600,2214000,2899811500,2907451800
5,1189,241921208843100,2251600,2935464000,2943104300
5,1205,241921249270600,2242300,2975891500,2983531800
5,1221,241921286123500,2607900,3012744400,3020384700
5,1237,241921332154600,2852300,3058775500,3066415800
5,1253,241921381641600,2934300,3108262500,3115902800
5,1269,241921431152200,2808000,3157773100,3165413400
5,1285,241921476983300,2954800,3203604200,3211244500
5,1301,241921523539100,3040200,3250160000,3257800300
5,1317,241921570696000,2910500,3297316900,3304957200
5,1333,241921628878000,3280900,3355498900,3363139200
5,1349,241921678911000,3065400,3405531900,3413172200
5,1365,241921732526700,2573400,3459147600,3466787900
5,1381,241921780753900,3249300,3507374800,3515015100
5,1397,241921826169600,2947100,3552790500,3560430800
5,1413,241921873153800,2944100,3599774700,3607415000
5,1429,241921920416100,2741500,3647037000,3654677300
5,1445,241921966244500,2829000,3692865400,3700505700
5,1461,241922022769400,2972200,3749390300,3757030600
5,1477,241922069147600,2882400,3795768500,3803408800
5,1493,241922114623000,2778200,3841243900,3848884200
5,1509,241922160291100,2562700,3886912000,3894552300
5,1525,241922202487900,2680600,3929108800,3936749100
5,1541,241922248942400,3007400,3975563300,3983203600
5,1557,241922295616200,2742100,4022237100,4029877400
5,1573,241922341384200,2776200,4068005100,4075645400
5,1589,241922386071200,3053800,4112692100,4120332400
5,1605,241922439955300,2962700,4166576200,4174216500
5,1621,241922487698500,2726500,4214319400,4221959700
5,1637,241922534129500,2774800,4260750400,4268390700
5,1653,241922578904600,2847700,4305525500,4313165800
5,1669,241922627497100,2808700,4354118000,4361758300
5,1685,241922671077700,2636200,4397698600,4405338900
5,1701,241922716502000,3121000,4443122900,4450763200
5,1717,241922762153000,2735400,4488773900,4496414200
5,1733,241922813345300,2941100,4539966200,4547606500
5,1749,241922859886900,2899600,4586507800,4594148100
5,1765,241922902683900,2641100,4629304800,4636945100
5,1781,241922947256000,2688000,4673876900,4681517200
5,1797,241922990970100,2715800,4717591000,4725231300
5,1813,241923035748600,2615700,4762369500,4770009800
5,1829,241923081343400,3112600,4807964300,4815604600
5,1845,241923126969300,2717400,4853590200,4861230500
5,1861,241923177048600,2715300,4903669500,4911309800
5,1877,241923222352500,2842700,4948973400,4956613700
5,1893,241923270486700,3095400,4997107600,5004747900
5,1909,241923317226300,2802000,5043847200,5051487500
5,1925,241923362908500,2953600,5089529400,5097169700
5,1941,241923412142700,3115900,5138763600,5146403900
5,1957,241923460685200,2823000,5187306100,5194946400
5,1973,241923502532100,2582500,5229153000,5236793300
5,1989,241923544210700,2548800,5270831600,5278471900
5,2005,241923593357900,2789900,5319978800,5327619100
5,2021,241923639153400,2603500,5365774300,5373414600
5,2037,241923682337800,2815700,5408958700,5416599000
6,6,241918433683300,3076300,160304200,167944500
6,22,241918473319400,2436200,199940300,207580600
6,38,241918510407300,2287100,237028200,244668500
6,54,241918547172300,2418000,273793200,281433500
6,70,241918584452100,2154800,311073000,318713300
6,86,241918619977700,2149200,346598600,354238900
6,102,241918657718200,2188000,384339100,391979400
6,118,241918694355500,2518800,420976400,428616700
6,134,241918749752800,2166600,476373700,484014000
6,150,241918783732900,2089800,510353800,517994100
6,166,241918818765600,2161500,545386500,553026800
6,182,241918854669800,2296500,581290700,588931000
6,198,241918890020400,2179900,616641300,624281600
6,214,241918925721800,2276000,652342700,659983000
6,230,241918960425900,2287600,687046800,694687100
6,246,241918998133700,2331400,724754600,732394900
6,262,241919051245600,2339700,777866500,785506800
6,278,241919086711800,2208200,813332700,820973000
6,294,241919121035600,2101800,847656500,855296800
6,310,241919155321500,2126700,881942400,889582700
6,326,241919191086100,2265000,917707000,925347300
6,342,241919227058500,2113600,953679400,961319700
6,358,241919263343200,2286500,989964100,997604400
6,374,241919298515400,2160400,1025136300,1032776600
6,390,241919334671000,2197300,1061291900,1068932200
6,406,241919388887400,2444500,1115508300,1123148600
6,422,241919425272600,2151100,1151893500,1159533800
6,438,241919460427300,2214600,1187048200,1194688500
6,454,241919495386700,2379000,1222007600,1229647900
6,470,241919530612800,2168300,1257233700,1264874000
6,486,241919565496800,2183500,1292117700,1299758000
6,502,241919605112700,2324500,1331733600,1339373900
6,518,241919641062100,2234500,1367683000,1375323300
6,534,241919695475900,2169800,1422096800,1429737100
6,550,241919730600900,2121700,1457221800,1464862100
6,566,241919767300000,2263400,1493920900,1501561200
6,582,241919801672400,2118400,1528293300,1535933600
6,598,241919835747700,2249300,1562368600,1570008900
6,614,241919872788700,2278000,1599409600,1607049900
6,630,241919907929700,2181400,1634550600,1642190900
6,646,241919944079400,2144300,1670700300,1678340600
6,662,241919998948900,2157400,1725569800,1733210100
6,678,241920034689000,2601800,1761309900,1768950200
6,694,241920071486100,2454600,1798107000,1805747300
6,710,241920106856200,2241600,1833477100,1841117400
6,726,241920142566400,2144600,1869187300,1876827600
6,742,241920178406300,2236000,1905027200,1912667500
6,758,241920213899900,2142700,1940520800,1948161100
6,774,241920248753700,2183100,1975374600,1983014900
6,790,241920285442400,2301100,2012063300,2019703600
6,806,241920341650800,2237100,2068271700,2075912000
6,822,241920377189300,2378000,2103810200,2111450500
6,838,241920412073500,2129400,2138694400,2146334700
6,854,241920447776000,2138200,2174396900,2182037200
6,870,241920482219300,2145200,2208840200,2216480500
6,886,241920516369700,2141600,2242990600,2250630900
6,902,241920550628600,2141500,2277249500,2284889800
6,918,241920585405500,2210300,2312026400,2319666700
6,934,241920640016800,2140200,2366637700,2374278000
6,950,241920674874400,2183400,2401495300,2409135600
6,966,241920709234600,2120200,2435855500,2443495800
6,982,241920744539800,2224600,2471160700,2478801000
6,998,241920780913100,2388600,2507534000,2515174300
6,1014,241920816510700,2132500,2543131600,2550771900
6,1030,241920850753400,2144100,2577374300,2585014600
6,1046,241920885532500,2156200,2612153400,2619793700
6,1062,241920927088700,2208200,2653709600,2661349900
6,1078,241920962309600,2145100,2688930500,2696570800
6,1094,241920996835100,2225100,2723456000,2731096300
6,1110,241921031498900,2223900,2758119800,2765760100
6,1126,241921067389300,2217500,2794010200,2801650500
6,1142,241921101852800,2257600,2828473700,2836114000
6,1158,241921137810800,2313900,2864431700,2872072000
6,1174,241921173244300,2192800,2899865200,2907505500
6,1190,241921208807800,2255400,2935428700,2943069000
6,1206,241921249336300,2234300,2975957200,2983597500
6,1222,241921286268100,2599800,3012889000,3020529300
6,1238,241921332283700,2816400,3058904600,3066544900
6,1254,241921381767100,2937200,3108388000,3116028300
6,1270,241921431306100,2800600,3157927000,3165567300
6,1286,241921477147100,2946100,3203768000,3211408300
6,1302,241921523726900,3030800,3250347800,3257988100
6,1318,241921570890200,2976500,3297511100,3305151400
6,1334,241921629198100,3299900,3355819000,3363459300
6,1350,241921679237100,3334300,3405858000,3413498300
6,1366,241921732888300,2503200,3459509200,3467149500
6,1382,241921781180000,3249700,3507800900,3515441200
6,1398,241921826484500,2960900,3553105400,3560745700
6,1414,241921873527100,2929600,3600148000,3607788300
6,1430,241921920781200,2748800,3647402100,3655042400
6,1446,241921966643100,2812200,3693264000,3700904300
6,1462,241922023107000,2970500,3749727900,3757368200
6,1478,241922069469500,2875200,3796090400,3803730700
6,1494,241922114960900,2705100,3841581800,3849222100
6,1510,241922160569100,2576400,3887190000,3894830300
6,1526,241922202784400,2680800,3929405300,3937045600
6,1542,241922249298400,3008100,3975919300,3983559600
6,1558,241922295959500,2804200,4022580400,4030220700
6,1574,241922341732600,2817200,4068353500,4075993800
6,1590,241922386442900,3068500,4113063800,4120704100
6,1606,241922440331100,2968300,4166952000,4174592300
6,1622,241922488081100,2671000,4214702000,4222342300
6,1638,241922534487900,2756300,4261108800,4268749100
6,1654,241922579254800,2876700,4305875700,4313516000
6,1670,241922627779800,2774800,4354400700,4362041000
6,1686,241922671336200,2633400,4397957100,4405597400
6,1702,241922716777800,3127500,4443398700,4451039000
6,1718,241922762410200,2752100,4489031100,4496671400
6,1734,241922813638700,2953300,4540259600,4547899900
6,1750,241922860166200,2940400,4586787100,4594427400
6,1766,241922902942500,2631200,4629563400,4637203700
6,1782,241922947509200,2718700,4674130100,4681770400
6,1798,241922991230500,2716100,4717851400,4725491700
6,1814,241923036025100,2622300,4762646000,4770286300
6,1830,241923081710000,3150900,4808330900,4815971200
6,1846,241923127308000,2710300,4853928900,4861569200
6,1862,241923177501800,2718000,4904122700,4911763000
6,1878,241923222825200,2839000,4949446100,4957086400
6,1894,241923270850900,3068700,4997471800,5005112100
6,1910,241923317512900,2842700,5044133800,5051774100
6,1926,241923362996300,3068000,5089617200,5097257500
6,1942,241923412354000,3125200,5138974900,5146615200
6,1958,241923460890200,2805700,5187511100,5195151400
6,1974,241923502707800,2593900,5229328700,5236969000
6,1990,241923544386800,2554400,5271007700,5278648000
6,2006,241923593553500,2774400,5320174400,5327814700
6,2022,241923639325900,2617700,5365946800,5373587100
6,2038,241923682572400,2833400,5409193300,5416833600
7,7,241918436799400,2682600,163420300,171060600
7,23,241918475850600,2304100,202471500,210111800
7,39,241918512784900,2168900,239405800,247046100
7,55,241918550585900,2236700,277206800,284847100
7,71,241918587637600,2216900,314258500,321898800
7,87,241918623105000,2127700,349725900,357366200
7,103,241918660814600,2432600,387435500,395075800
7,119,241918697959700,2268900,424580600,432220900
7,135,241918752959800,2122700,479580700,487221000
7,151,241918786885100,2370600,513506000,521146300
7,167,241918821917000,2217100,548537900,556178200
7,183,241918857988000,2193100,584608900,592249200
7,199,241918893385600,2190300,620006500,627646800
7,215,241918929041400,2241000,655662300,663302600
7,231,241918963898800,2091000,690519700,698160000
7,247,241919001473300,2228200,728094200,735734500
7,263,241919054510800,2111900,781131700,788772000
7,279,241919089934700,2102200,816555600,824195900
7,295,241919124010100,2032500,850631000,858271300
7,311,241919158508800,2069600,885129700,892770000
7,327,241919194344300,2309600,920965200,928605500
7,343,241919230125300,2256400,956746200,964386500
7,359,241919266674500,2202700,993295400,1000935700
7,375,241919301676200,2129600,1028297100,1035937400
7,391,241919338017000,22001200,1064637900,1072278200
7,407,241919392452900,2244600,1119073800,1126714100
7,423,241919428047200,2170100,1154668100,1162308400
7,439,241919463282800,2185000,1189903700,1197544000
7,455,241919498342900,2255700,1224963800,1232604100
7,471,241919533372900,2145000,1259993800,1267634100
7,487,241919568282400,2186700,1294903300,1302543600
7,503,241919608072900,2441500,1334693800,1342334100
7,519,241919643924500,2135500,1370545400,1378185700
7,535,241919698349100,2187100,1424970000,1432610300
7,551,241919733523800,2291800,1460144700,1467785000
7,567,241919770326700,2219400,1496947600,1504587900
7,583,241919804519300,2112600,1531140200,1538780500
7,599,241919838801700,2196900,1565422600,1573062900
7,615,241919875855200,2191900,1602476100,1610116400
7,631,241919910915300,2148400,1637536200,1645176500
7,647,241919947051900,2150900,1673672800,1681313100
7,663,241920002004000,2319100,1728624900,1736265200
7,679,241920038057600,2397200,1764678500,1772318800
7,695,241920074838700,2417300,1801459600,1809099900
7,711,241920109986000,2268500,1836606900,1844247200
7,727,241920145690100,2164900,1872311000,1879951300
7,743,241920181610600,2186900,1908231500,1915871800
7,759,241920216993900,2157900,1943614800,1951255100
7,775,241920251862900,2141600,1978483800,1986124100
7,791,241920287991700,21129200,2014612600,2022252900
7,807,241920344010600,2152800,2070631500,2078271800
7,823,241920379807600,2186300,2106428500,2114068800
7,839,241920414442400,2279100,2141063300,2148703600
7,855,241920450321600,2111300,2176942500,2184582800
7,871,241920484755500,2135200,2211376400,2219016700
7,887,241920518889100,2142200,2245510000,2253150300
7,903,241920553159000,2150100,2279779900,2287420200
7,919,241920588289600,2162500,2314910500,2322550800
7,935,241920642836100,2186200,2369457000,2377097300
7,951,241920677710100,2152600,2404331000,2411971300
7,967,241920712237900,2135100,2438858800,2446499100
7,983,241920747857900,2322200,2474478800,2482119100
7,999,241920784144300,2360100,2510765200,2518405500
7,1015,241920819334500,2127200,2545955400,2553595700
7,1031,241920853698400,2224800,2580319300,2587959600
7,1047,241920888585500,2148100,2615206400,2622846700
7,1063,241920930353900,2140900,2656974800,2664615100
7,1079,241920965791800,2133500,2692412700,2700053000
7,1095,241921000381200,2173900,2727002100,2734642400
7,1111,241921035187800,2373200,2761808700,2769449000
7,1127,241921071366600,2196400,2797987500,2805627800
7,1143,241921106874000,2208100,2833494900,2841135200
7,1159,241921142965300,2206700,2869586200,2877226500
7,1175,241921178077300,2137800,2904698200,2912338500
7,1191,241921213773600,7827500,2940394500,2948034800
7,1207,241921254894000,2152700,2981514900,2989155200
7,1223,241921292336600,2749000,3018957500,3026597800
7,1239,241921338787000,2810600,3065407900,3073048200
7,1255,241921388695400,2949000,3115316300,3122956600
7,1271,241921437947900,2853100,3164568800,3172209100
7,1287,241921483908800,2884000,3210529700,3218170000
7,1303,241921530888500,3074700,3257509400,3265149700
7,1319,241921577768600,2929800,3304389500,3312029800
7,1335,241921637022400,3257600,3363643300,3371283600
7,1351,241921687097300,3448200,3413718200,3421358500
7,1367,241921738720000,2395600,3465340900,3472981200
7,1383,241921788654400,3110300,3515275300,3522915600
7,1399,241921833503900,2947700,3560124800,3567765100
7,1415,241921880524900,2928100,3607145800,3614786100
7,1431,241921927482700,3043200,3654103600,3661743900
7,1447,241921973378600,2923800,3699999500,3707639800
7,1463,241922030068600,2828100,3756689500,3764329800
7,1479,241922076195900,2884200,3802816800,3810457100
7,1495,241922121586300,2773200,3848207200,3855847500
7,1511,241922166743400,2583900,3893364300,3901004600
7,1527,241922209119600,2733400,3935740500,3943380800
7,1543,241922256449500,3055700,3983070400,3990710700
7,1559,241922302495900,2670700,4029116800,4036757100
7,1575,241922348459400,2859500,4075080300,4082720600
7,1591,241922399296500,3055600,4125917400,4133557700
7,1607,241922447458100,3024700,4174079000,4181719300
7,1623,241922494642200,2916200,4221263100,4228903400
7,1639,241922541167100,2893100,4267788000,4275428300
7,1655,241922586258600,2978800,4312879500,4320519800
7,1671,241922634139900,2569700,4360760800,4368401100
7,1687,241922678211500,2921200,4404832400,4412472700
7,1703,241922724169000,2927000,4450789900,4458430200
7,1719,241922768803500,2663200,4495424400,4503064700
7,1735,241922820739000,2954300,4547359900,4555000200
7,1751,241922867121200,2916300,4593742100,4601382400
7,1767,241922909168500,2541500,4635789400,4643429700
7,1783,241922954135900,2713700,4680756800,4688397100
7,1799,241922997695200,2722000,4724316100,4731956400
7,1815,241923042260500,2585300,4768881400,4776521700
7,1831,241923089237200,3122000,4815858100,4823498400
7,1847,241923133759600,2795900,4860380500,4868020800
7,1863,241923184164400,2600700,4910785300,4918425600
7,1879,241923229415000,2830400,4956035900,4963676200
7,1895,241923278070500,3005400,5004691400,5012331700
7,1911,241923324213500,2852000,5050834400,5058474700
7,1927,241923369905700,3194200,5096526600,5104166900
7,1943,241923419672500,3358000,5146293400,5153933700
7,1959,241923467193200,2641300,5193814100,5201454400
7,1975,241923508777600,2543000,5235398500,5243038800
7,1991,241923556395200,2780000,5283016100,5290656400
7,2007,241923599904900,2702000,5326525800,5334166100
7,2023,241923645538200,2611200,5372159100,5379799400
7,2039,241923688973700,2732800,5415594600,5423234900
8,8,241918439564700,2620600,166185600,173825900
8,24,241918478085400,2215900,204706300,212346600
8,40,241918514899500,2207200,241520400,249160700
8,56,241918552589400,2295200,279210300,286850600
8,72,241918589583400,2163600,316204300,323844600
8,88,241918624947900,2096600,351568800,359209100
8,104,241918663004200,2245100,389625100,397265400
8,120,241918700082900,2221900,426703800,434344100
8,136,241918754914700,2176800,481535600,489175900
8,152,241918789119400,2057300,515740300,523380600
8,168,241918823956000,2105800,550576900,558217200
8,184,241918860060500,2241000,586681400,594321700
8,200,241918895336300,2273200,621957200,629597500
8,216,241918931410500,2182900,658031400,665671700
8,232,241918965878800,2131300,692499700,700140000
8,248,241919003290400,2231700,729911300,737551600
8,264,241919056225100,2251800,782846000,790486300
8,280,241919091498800,2161200,818119700,825760000
8,296,241919125514300,2071800,852135200,859775500
8,312,241919159869800,2090200,886490700,894131000
8,328,241919195819600,2327100,922440500,930080800
8,344,241919231490100,2114700,958111000,965751300
8,360,241919268054800,2210000,994675700,1002316000
8,376,241919303011900,2178300,1029632800,1037273100
8,392,241919358543100,2822900,1085164000,1092804300
8,408,241919393733500,2214000,1120354400,1127994700
8,424,241919429708600,2134800,1156329500,1163969800
8,440,241919464979000,2161500,1191599900,1199240200
8,456,241919500140900,2287500,1226761800,1234402100
8,472,241919535094000,2148800,1261714900,1269355200
8,488,241919570027000,2124000,1296647900,1304288200
8,504,241919609973600,2350700,1336594500,1344234800
8,520,241919645614200,2165600,1372235100,1379875400
8,536,241919700189700,2164700,1426810600,1434450900
8,552,241919735386700,2561100,1462007600,1469647900
8,568,241919772371200,2195700,1498992100,1506632400
8,584,241919806465100,2117400,1533086000,1540726300
8,600,241919840845600,2214100,1567466500,1575106800
8,616,241919877939900,2159900,1604560800,1612201100
8,632,241919912949600,2182900,1639570500,1647210800
8,648,241919949090800,2171000,1675711700,1683352000
8,664,241920004204700,2125200,1730825600,1738465900
8,680,241920040423100,2313300,1767044000,1774684300
8,696,241920077137500,2362500,1803758400,1811398700
8,712,241920112130400,2312200,1838751300,1846391600
8,728,241920147443100,2299900,1874064000,1881704300
8,744,241920183451300,2164300,1910072200,1917712500
8,760,241920218835600,2144000,1945456500,1953096800
8,776,241920253697400,2180900,1980318300,1987958600
8,792,241920308820900,2902100,2035441800,2043082100
8,808,241920345811500,2122900,2072432400,2080072700
8,824,241920381504300,2266300,2108125200,2115765500
8,840,241920416187400,2603400,2142808300,2150448600
8,856,241920451891000,2081500,2178511900,2186152200
8,872,241920486230700,2143900,2212851600,2220491900
8,888,241920520372800,2136700,2246993700,2254634000
8,904,241920554656900,2123100,2281277800,2288918100
8,920,241920589657900,2175800,2316278800,2323919100
8,936,241920644266400,2152700,2370887300,2378527600
8,952,241920679116300,2138300,2405737200,2413377500
8,968,241920713300700,2289900,2439921600,2447561900
8,984,241920748985400,2314100,2475606300,2483246600
8,1000,241920785350600,2342900,2511971500,2519611800
8,1016,241920820453700,2125200,2547074600,2554714900
8,1032,241920854757300,2199600,2581378200,2589018500
8,1048,241920889546400,2192200,2616167300,2623807600
8,1064,241920931061100,2153100,2657682000,2665322300
8,1080,241920966257400,2101800,2692878300,2700518600
8,1096,241921000797600,2186600,2727418500,2735058800
8,1112,241921035635100,2250000,2762256000,2769896300
8,1128,241921071632000,2204200,2798252900,2805893200
8,1144,241921107220900,2212600,2833841800,2841482100
8,1160,241921143219300,2199700,2869840200,2877480500
8,1176,241921178443100,2165200,2905064000,2912704300
8,1192,241921214143000,7829200,2940763900,2948404200
8,1208,241921255043800,2159100,2981664700,2989305000
8,1224,241921292525500,2736000,3019146400,3026786700
8,1240,241921339097000,2783500,3065717900,3073358200
8,1256,241921389071000,2944200,3115691900,3123332200
8,1272,241921438304300,2866500,3164925200,3172565500
8,1288,241921484271800,2884500,3210892700,3218533000
8,1304,241921531333600,3016000,3257954500,3265594800
8,1320,241921578198200,2892500,3304819100,3312459400
8,1336,241921638045200,3225500,3364666100,3372306400
8,1352,241921688286600,3463500,3414907500,3422547800
8,1368,241921739512000,2427500,3466132900,3473773200
8,1384,241921789800200,3030200,3516421100,3524061400
8,1400,241921834443300,2965900,3561064200,3568704500
8,1416,241921881485100,2899300,3608106000,3615746300
8,1432,241921928400900,3124800,3655021800,3662662100
8,1448,241921974330700,2955400,3700951600,3708591900
8,1464,241922031048200,2810300,3757669100,3765309400
8,1480,241922077161900,2884100,3803782800,3811423100
8,1496,241922122527100,2784000,3849148000,3856788300
8,1512,241922167679700,2552000,3894300600,3901940900
8,1528,241922210069100,2777600,3936690000,3944330300
8,1544,241922257462100,3079000,3984083000,3991723300
8,1560,241922303397300,2854300,4030018200,4037658500
8,1576,241922349427500,2858300,4076048400,4083688700
8,1592,241922400291500,3026900,4126912400,4134552700
8,1608,241922448450600,3005000,4175071500,4182711800
8,1624,241922495606500,2927100,4222227400,4229867700
8,1640,241922542217800,2799200,4268838700,4276479000
8,1656,241922587222800,3064700,4313843700,4321484000
8,1672,241922635024700,2618800,4361645600,4369285900
8,1688,241922679126900,2969200,4405747800,4413388100
8,1704,241922725119200,2955500,4451740100,4459380400
8,1720,241922769664700,2688700,4496285600,4503925900
8,1736,241922821680100,2990100,4548301000,4555941300
8,1752,241922868105000,2893400,4594725900,4602366200
8,1768,241922910005600,2566800,4636626500,4644266800
8,1784,241922954988600,2743700,4681609500,4689249800
8,1800,241922998559400,2749700,4725180300,4732820600
8,1816,241923043096300,2568500,4769717200,4777357500
8,1832,241923090228600,3185500,4816849500,4824489800
8,1848,241923134718700,2720800,4861339600,4868979900
8,1864,241923185006300,2599900,4911627200,4919267500
8,1880,241923230764100,2836000,4957385000,4965025300
8,1896,241923279476100,3007100,5006097000,5013737300
8,1912,241923325664600,2810500,5052285500,5059925800
8,1928,241923371373400,3313800,5097994300,5105634600
8,1944,241923421363700,3135000,5147984600,5155624900
8,1960,241923468464200,2607400,5195085100,5202725400
8,1976,241923509998000,2560900,5236618900,5244259200
8,1992,241923557733300,2764600,5284354200,5291994500
8,2008,241923601165400,2733400,5327786300,5335426600
8,2024,241923646775300,2607400,5373396200,5381036500
8,2040,241923690272600,2715300,5416893500,5424533800
9,9,241918442464700,2274600,169085600,176725900
9,25,241918480580100,2211400,207201000,214841300
9,41,241918517409200,2331800,244030100,251670400
9,57,241918554519000,2320700,281139900,288780200
9,73,241918591489400,2212300,318110300,325750600
9,89,241918626796100,2257000,353417000,361057300
9,105,241918665134200,2233300,391755100,399395400
9,121,241918701957600,2253100,428578500,436218800
9,137,241918756758700,2116200,483379600,491019900
9,153,241918790869500,2134800,517490400,525130700
9,169,241918825742100,2103300,552363000,560003300
9,185,241918861739700,2162700,588360600,596000900
9,201,241918896999700,2207000,623620600,631260900
9,217,241918932803400,2162400,659424300,667064600
9,233,241918967198700,2121500,693819600,701459900
9,249,241919005078200,2171700,731699100,739339400
9,265,241919058065600,2208700,784686500,792326800
9,281,241919093232900,2094900,819853800,827494100
9,297,241919127161400,2065400,853782300,861422600
9,313,241919161766300,2093600,888387200,896027500
9,329,241919197916100,2252200,924537000,932177300
9,345,241919233707600,2146600,960328500,967968800
9,361,241919270301300,2271300,996922200,1004562500
9,377,241919305224600,2112500,1031845500,1039485800
9,393,241919361400600,2182500,1088021500,1095661800
9,409,241919396008300,2261500,1122629200,1130269500
9,425,241919432213400,2212100,1158834300,1166474600
9,441,241919467500900,2096000,1194121800,1201762100
9,457,241919502814300,2227300,1229435200,1237075500
9,473,241919537627800,2186300,1264248700,1271889000
9,489,241919572538900,2140600,1299159800,1306800100
9,505,241919612708100,2281800,1339329000,1346969300
9,521,241919648246100,2146900,1374867000,1382507300
9,537,241919702516800,2326800,1429137700,1436778000
9,553,241919738110600,2488100,1464731500,1472371800
9,569,241919774511200,2145600,1501132100,1508772400
9,585,241919808523300,2136300,1535144200,1542784500
9,601,241919842976700,2305900,1569597600,1577237900
9,617,241919879979200,2216000,1606600100,1614240400
9,633,241919914993600,2156400,1641614500,1649254800
9,649,241919951097500,2151600,1677718400,1685358700
9,665,241920006160100,2243000,1732781000,1740421300
9,681,241920042531100,2307900,1769152000,1776792300
9,697,241920079375400,2263700,1805996300,1813636600
9,713,241920114340000,2175700,1840960900,1848601200
9,729,241920149673700,2296600,1876294600,1883934900
9,745,241920185553500,2185600,1912174400,1919814700
9,761,241920220916700,2161500,1947537600,1955177900
9,777,241920255806400,2281900,1982427300,1990067600
9,793,241920312069200,2292200,2038690100,2046330400
9,809,241920348363600,2320700,2074984500,2082624800
9,825,241920384227300,2252400,2110848200,2118488500
9,841,241920419282400,2335000,2145903300,2153543600
9,857,241920454432200,2087400,2181053100,2188693400
9,873,241920488878300,2127500,2215499200,2223139500
9,889,241920523025100,2152000,2249646000,2257286300
9,905,241920557292200,2177600,2283913100,2291553400
9,921,241920592366200,2171200,2318987100,2326627400
9,937,241920646833500,2162600,2373454400,2381094700
9,953,241920681629700,2104500,2408250600,2415890900
9,969,241920716079900,2257200,2442700800,2450341100
9,985,241920751476000,2180200,2478096900,2485737200
9,1001,241920787921400,2250500,2514542300,2522182600
9,1017,241920822749200,2124400,2549370100,2557010400
9,1033,241920857137600,2170300,2583758500,2591398800
9,1049,241920891944500,2291500,2618565400,2626205700
9,1065,241920933545300,2206100,2660166200,2667806500
9,1081,241920968766500,2162300,2695387400,2703027700
9,1097,241921003336300,2110800,2729957200,2737597500
9,1113,241921038229400,2422500,2764850300,2772490600
9,1129,241921074324600,2193800,2800945500,2808585800
9,1145,241921108779300,2241800,2835400200,2843040500
9,1161,241921144869100,2231700,2871490000,2879130300
9,1177,241921180075600,2198600,2906696500,2914336800
9,1193,241921221423200,2219000,2948044100,2955684400
9,1209,241921256581300,2206000,2983202200,2990842500
9,1225,241921294440900,2646400,3021061800,3028702100
9,1241,241921340903000,2745500,3067523900,3075164200
9,1257,241921390622400,3027700,3117243300,3124883600
9,1273,241921439819300,2888700,3166440200,3174080500
9,1289,241921485864800,2579700,3212485700,3220126000
9,1305,241921532961300,2765800,3259582200,3267222500
9,1321,241921579675800,2938000,3306296700,3313937000
9,1337,241921639140000,3182100,3365760900,3373401200
9,1353,241921689404500,3473000,3416025400,3423665700
9,1369,241921740360000,2760100,3466980900,3474621200
9,1385,241921790861200,2968900,3517482100,3525122400
9,1401,241921835551600,3004300,3562172500,3569812800
9,1417,241921882592100,2925400,3609213000,3616853300
9,1433,241921929584600,2962900,3656205500,3663845800
9,1449,241921975432100,2955600,3702053000,3709693300
9,1465,241922032125400,2928600,3758746300,3766386600
9,1481,241922078230700,2894800,3804851600,3812491900
9,1497,241922123589100,2806000,3850210000,3857850300
9,1513,241922168623500,2573700,3895244400,3902884700
9,1529,241922211063200,2773400,3937684100,3945324400
9,1545,241922258635800,3068200,3985256700,3992897000
9,1561,241922304419300,3200800,4031040200,4038680500
9,1577,241922350523800,2812700,4077144700,4084785000
9,1593,241922401433600,3016200,4128054500,4135694800
9,1609,241922449519700,2990200,4176140600,4183780900
9,1625,241922496634300,2779600,4223255200,4230895500
9,1641,241922543189200,2823800,4269810100,4277450400
9,1657,241922588280900,3102800,4314901800,4322542100
9,1673,241922635938700,2644300,4362559600,4370199900
9,1689,241922680134300,2972400,4406755200,4414395500
9,1705,241922726130400,3003700,4452751300,4460391600
9,1721,241922770575300,2687100,4497196200,4504836500
9,1737,241922822706600,3013700,4549327500,4556967800
9,1753,241922869037900,2875300,4595658800,4603299100
9,1769,241922910809900,2561400,4637430800,4645071100
9,1785,241922955873800,2755500,4682494700,4690135000
9,1801,241922999444100,2897200,4726065000,4733705300
9,1817,241923043932800,2496600,4770553700,4778194000
9,1833,241923091223200,3257800,4817844100,4825484400
9,1849,241923135606400,2728700,4862227300,4869867600
9,1865,241923185817900,2854900,4912438800,4920079100
9,1881,241923231419700,2846200,4958040600,4965680900
9,1897,241923280179100,3041200,5006800000,5014440300
9,1913,241923326305700,2944400,5052926600,5060566900
9,1929,241923372147900,3316100,5098768800,5106409100
9,1945,241923422111200,3146200,5148732100,5156372400
9,1961,241923469121600,2581800,5195742500,5203382800
9,1977,241923510628600,2584800,5237249500,5244889800
9,1993,241923558420100,2754000,5285041000,5292681300
9,2009,241923601838400,2758500,5328459300,5336099600
9,2025,241923647422300,2798600,5374043200,5381683500
9,2041,241923690930300,2731500,5417551200,5425191500
10,10,241918444537000,2294700,171157900,178798200
10,26,241918482562900,2203900,209183800,216824100
10,42,241918519523500,2220800,246144400,253784700
10,58,241918556537200,2297700,283158100,290798400
10,74,241918593123500,2206100,319744400,327384700
10,90,241918628650900,2587500,355271800,362912100
10,106,241918666903000,2243800,393523900,401164200
10,122,241918703823100,2276000,430444000,438084300
10,138,241918758263600,2170600,484884500,492524800
10,154,241918792447900,2127600,519068800,526709100
10,170,241918827317400,2117500,553938300,561578600
10,186,241918863516800,2146600,590137700,597778000
10,202,241918898823700,2136300,625444600,633084900
10,218,241918934593900,2128700,661214800,668855100
10,234,241918969060400,2115600,695681300,703321600
10,250,241919006976300,2194100,733597200,741237500
10,266,241919059963800,2079100,786584700,794225000
10,282,241919095106300,2091100,821727200,829367500
10,298,241919129003900,2046800,855624800,863265100
10,314,241919163629400,2058500,890250300,897890600
10,330,241919200015400,2259400,926636300,934276600
10,346,241919235440500,2233900,962061400,969701700
10,362,241919272134900,2215600,998755800,1006396100
10,378,241919306932600,2586700,1033553500,1041193800
10,394,241919363138100,2240400,1089759000,1097399300
10,410,241919397715900,2196200,1124336800,1131977100
10,426,241919433549300,2181200,1160170200,1167810500
10,442,241919468819700,2169300,1195440600,1203080900
10,458,241919504193400,2197200,1230814300,1238454600
10,474,241919538956500,2203500,1265577400,1273217700
10,490,241919573881300,2117700,1300502200,1308142500
10,506,241919614277600,2200000,1340898500,1348538800
10,522,241919649614800,2143500,1376235700,1383876000
10,538,241919704218000,2408700,1430838900,1438479200
10,554,241919740030300,2227100,1466651200,1474291500
10,570,241919776134300,2145600,1502755200,1510395500
10,586,241919810133400,2105500,1536754300,1544394600
10,602,241919844794400,2422900,1571415300,1579055600
10,618,241919881712300,2185000,1608333200,1615973500
10,634,241919916746600,2338200,1643367500,1651007800
10,650,241919952834200,2144800,1679455100,1687095400
10,666,241920007955900,2138900,1734576800,1742217100
10,682,241920044178500,2313300,1770799400,1778439700
10,698,241920080882100,2193300,1807503000,1815143300
10,714,241920115762100,2376200,1842383000,1850023300
10,730,241920151233800,2197200,1877854700,1885495000
10,746,241920186891500,2143200,1913512400,1921152700
10,762,241920222217800,2269000,1948838700,1956479000
10,778,241920257259900,2341200,1983880800,1991521100
10,794,241920313376800,2367700,2039997700,2047638000
10,810,241920349574000,2215900,2076194900,2083835200
10,826,241920385123600,2252500,2111744500,2119384800
10,842,241920420249200,2197400,2146870100,2154510400
10,858,241920455204800,2111400,2181825700,2189466000
10,874,241920489670300,2093300,2216291200,2223931500
10,890,241920523821900,2201000,2250442800,2258083100
10,906,241920558092300,2140800,2284713200,2292353500
10,922,241920593277800,2169400,2319898700,2327539000
10,938,241920647779400,2248400,2374400300,2382040600
10,954,241920682613300,2114700,2409234200,2416874500
10,970,241920717803300,2227000,2444424200,2452064500
10,986,241920753252300,2172900,2479873200,2487513500
10,1002,241920789837300,2257600,2516458200,2524098500
10,1018,241920824600300,2112700,2551221200,2558861500
10,1034,241920859043500,2155500,2585664400,2593304700
10,1050,241920893995200,2162300,2620616100,2628256400
10,1066,241920935600800,2277900,2662221700,2669862000
10,1082,241920970780900,2156900,2697401800,2705042100
10,1098,241921005390100,2112500,2732011000,2739651300
10,1114,241921040858900,2293300,2767479800,2775120100
10,1130,241921076791700,2165200,2803412600,2811052900
10,1146,241921111848100,2205600,2838469000,2846109300
10,1162,241921147688400,2227500,2874309300,2881949600
10,1178,241921182834900,2178900,2909455800,2917096100
10,1194,241921224210000,2148400,2950830900,2958471200
10,1210,241921259443500,2136300,2986064400,2993704700
10,1226,241921297994100,3037300,3024615000,3032255300
10,1242,241921344613800,2801400,3071234700,3078875000
10,1258,241921395015200,2887400,3121636100,3129276400
10,1274,241921443903400,2923200,3170524300,3178164600
10,1290,241921489634300,3014200,3216255200,3223895500
10,1306,241921536739500,2801500,3263360400,3271000700
10,1322,241921583994400,2925200,3310615300,3318255600
10,1338,241921644016200,3236000,3370637100,3378277400
10,1354,241921694706200,3402900,3421327100,3428967400
10,1370,241921744798200,3057000,3471419100,3479059400
10,1386,241921795455200,2686000,3522076100,3529716400
10,1402,241921840059500,2941900,3566680400,3574320700
10,1418,241921887063800,2909500,3613684700,3621325000
10,1434,241921934060800,2633400,3660681700,3668322000
10,1450,241921979990100,2566800,3706611000,3714251300
10,1466,241922036596600,2996600,3763217500,3770857800
10,1482,241922082613700,2813900,3809234600,3816874900
10,1498,241922127917500,2813700,3854538400,3862178700
10,1514,241922172449300,2567300,3899070200,3906710500
10,1530,241922215192900,3023900,3941813800,3949454100
10,1546,241922263173600,3071400,3989794500,3997434800
10,1562,241922309210700,2711500,4035831600,4043471900
10,1578,241922354618400,2811200,4081239300,4088879600
10,1594,241922405820300,2977400,4132441200,4140081500
10,1610,241922454096600,3005400,4180717500,4188357800
10,1626,241922500947000,2942100,4227567900,4235208200
10,1642,241922547538800,2697100,4274159700,4281800000
10,1658,241922592962700,3009200,4319583600,4327223900
10,1674,241922639937300,2902800,4366558200,4374198500
10,1690,241922684590900,2939300,4411211800,4418852100
10,1706,241922730626700,3150300,4457247600,4464887900
10,1722,241922774606200,2649500,4501227100,4508867400
10,1738,241922827250100,2944500,4553871000,4561511300
10,1754,241922873330700,2743300,4599951600,4607591900
10,1770,241922914746400,2593000,4641367300,4649007600
10,1786,241922960051500,2686800,4686672400,4694312700
10,1802,241923004065700,2759000,4730686600,4738326900
10,1818,241923048032900,3042500,4774653800,4782294100
10,1834,241923096114300,2707500,4822735200,4830375500
10,1850,241923140104400,2801200,4866725300,4874365600
10,1866,241923190268300,2825800,4916889200,4924529500
10,1882,241923236745000,3089200,4963365900,4971006200
10,1898,241923285599900,3030000,5012220800,5019861100
10,1914,241923331498000,2837400,5058118900,5065759200
10,1930,241923378008500,2943400,5104629400,5112269700
10,1946,241923427763400,3200300,5154384300,5162024600
10,1962,241923473710400,2576200,5200331300,5207971600
10,1978,241923515250600,2575200,5241871500,5249511800
10,1994,241923563327300,2700800,5289948200,5297588500
10,2010,241923606913800,3061500,5333534700,5341175000
10,2026,241923652558700,2649900,5379179600,5386819900
10,2042,241923695831000,2675400,5422451900,5430092200
11,11,241918446803700,2254700,173424600,181064900
11,27,241918484890700,2231800,211511600,219151900
11,43,241918521867300,2207900,248488200,256128500
11,59,241918559608300,2245700,286229200,293869500
11,75,241918596378800,2201000,322999700,330640000
11,91,241918632250700,3339800,358871600,366511900
11,107,241918670061700,2220400,396682600,404322900
11,123,241918707017700,2330800,433638600,441278900
11,139,241918761563300,2050500,488184200,495824500
11,155,241918795625500,2311500,522246400,529886700
11,171,241918830526100,2064400,557147000,564787300
11,187,241918866805100,2354600,593426000,601066300
11,203,241918902228700,2302800,628849600,636489900
11,219,241918937951700,2318200,664572600,672212900
11,235,241918972626300,2203700,699247200,706887500
11,251,241919010600100,2078500,737221000,744861300
11,267,241919063589800,2019900,790210700,797851000
11,283,241919098700600,2135200,825321500,832961800
11,299,241919132582300,2098600,859203200,866843500
11,315,241919167176000,2083700,893796900,901437200
11,331,241919203373700,2227100,929994600,937634900
11,347,241919238683600,2250900,965304500,972944800
11,363,241919275466800,2247000,1002087700,1009728000
11,379,241919310983600,2422500,1037604500,1045244800
11,395,241919366538400,2115900,1093159300,1100799600
11,411,241919401049400,2218300,1127670300,1135310600
11,427,241919437034400,2139600,1163655300,1171295600
11,443,241919472325000,2121600,1198945900,1206586200
11,459,241919507651800,2204200,1234272700,1241913000
11,475,241919542395800,2163600,1269016700,1276657000
11,491,241919577185000,2082200,1303805900,1311446200
11,507,241919617653500,2160200,1344274400,1351914700
11,523,241919652966400,2173100,1379587300,1387227600
11,539,241919707620700,2168100,1434241600,1441881900
11,555,241919743173900,2162000,1469794800,1477435100
11,571,241919779152400,2115500,1505773300,1513413600
11,587,241919813075500,2112500,1539696400,1547336700
11,603,241919847908500,2254300,1574529400,1582169700
11,619,241919884643000,2140800,1611263900,1618904200
11,635,241919919892800,2453500,1646513700,1654154000
11,651,241919955728000,2176200,1682348900,1689989200
11,667,241920010896700,2172000,1737517600,1745157900
11,683,241920047557800,2280800,1774178700,1781819000
11,699,241920084217900,2115300,1810838800,1818479100
11,715,241920119309200,2266500,1845930100,1853570400
11,731,241920154540300,2218800,1881161200,1888801500
11,747,241920190256200,2164800,1916877100,1924517400
11,763,241920225793500,2183300,1952414400,1960054700
11,779,241920261047500,2315600,1987668400,1995308700
11,795,241920316855300,2328900,2043476200,2051116500
11,811,241920353253500,2255000,2079874400,2087514700
11,827,241920389044000,2200600,2115664900,2123305200
11,843,241920423974900,2278500,2150595800,2158236100
11,859,241920458735400,2148100,2185356300,2192996600
11,875,241920493157200,2098300,2219778100,2227418400
11,891,241920527447700,2137100,2254068600,2261708900
11,907,241920561615400,2115000,2288236300,2295876600
11,923,241920596788700,2118400,2323409600,2331049900
11,939,241920651488200,2178500,2378109100,2385749400
11,955,241920686165700,2086700,2412786600,2420426900
11,971,241920720858500,2221500,2447479400,2455119700
11,987,241920756179200,2148400,2482800100,2490440400
11,1003,241920792715200,2206100,2519336100,2526976400
11,1019,241920827311900,2171400,2553932800,2561573100
11,1035,241920861793800,2221500,2588414700,2596055000
11,1051,241920896724200,2139200,2623345100,2630985400
11,1067,241920938219900,2136100,2664840800,2672481100
11,1083,241920973271800,2174700,2699892700,2707533000
11,1099,241921007840800,2202100,2734461700,2742102000
11,1115,241921043293800,2192400,2769914700,2777555000
11,1131,241921079047200,2160200,2805668100,2813308400
11,1147,241921114023100,2252600,2840644000,2848284300
11,1163,241921150176800,2204100,2876797700,2884438000
11,1179,241921185079300,2147600,2911700200,2919340500
11,1195,241921226450500,2160400,2953071400,2960711700
11,1211,241921261645100,2135700,2988266000,2995906300
11,1227,241921300949400,2890700,3027570300,3035210600
11,1243,241921347332500,2996900,3073953400,3081593700
11,1259,241921397824500,2981400,3124445400,3132085700
11,1275,241921446745300,2940800,3173366200,3181006500
11,1291,241921492559700,2827600,3219180600,3226820900
11,1307,241921539595700,2940400,3266216600,3273856900
11,1323,241921586874700,3473000,3313495600,3321135900
11,1339,241921643964100,3234900,3370585000,3378225300
11,1355,241921694775600,3263600,3421396500,3429036800
11,1371,241921744938100,3060200,3471559000,3479199300
11,1387,241921795628600,2693500,3522249500,3529889800
11,1403,241921840228400,2952400,3566849300,3574489600
11,1419,241921887191300,2915800,3613812200,3621452500
11,1435,241921934101100,2677400,3660722000,3668362300
11,1451,241921980063800,2580300,3706684700,3714325000
11,1467,241922036685600,2995200,3763306500,3770946800
11,1483,241922082699400,2807000,3809320300,3816960600
11,1499,241922127954600,2825700,3854575500,3862215800
11,1515,241922172554800,2562200,3899175700,3906816000
11,1531,241922215291300,3086700,3941912200,3949552500
11,1547,241922263310600,3044900,3989931500,3997571800
11,1563,241922309320300,2733000,4035941200,4043581500
11,1579,241922354754700,2809800,4081375600,4089015900
11,1595,241922405948600,2985800,4132569500,4140209800
11,1611,241922454054300,3001000,4180675200,4188315500
11,1627,241922500907800,2941700,4227528700,4235169000
11,1643,241922547504500,2688500,4274125400,4281765700
11,1659,241922592920200,3011600,4319541100,4327181400
11,1675,241922639898900,2894400,4366519800,4374160100
11,1691,241922683976300,2946800,4410597200,4418237500
11,1707,241922730013300,3169600,4456634200,4464274500
11,1723,241922774080900,2658000,4500701800,4508342100
11,1739,241922826558800,2953400,4553179700,4560820000
11,1755,241922872834500,2619400,4599455400,4607095700
11,1771,241922914155500,2553600,4640776400,4648416700
11,1787,241922959432500,2682700,4686053400,4693693700
11,1803,241923003331000,2892800,4729951900,4737592200
11,1819,241923047372000,3077300,4773992900,4781633200
11,1835,241923095430200,2786700,4822051100,4829691400
11,1851,241923139437000,2816300,4866057900,4873698200
11,1867,241923189602600,2822400,4916223500,4923863800
11,1883,241923235050400,2964300,4961671300,4969311600
11,1899,241923283948900,2991400,5010569800,5018210100
11,1915,241923329998700,2693100,5056619600,5064259900
11,1931,241923376281700,3024300,5102902600,5110542900
11,1947,241923426023300,3225200,5152644200,5160284500
11,1963,241923472337000,2569500,5198957900,5206598200
11,1979,241923513856200,2588500,5240477100,5248117400
11,1995,241923561858400,2743500,5288479300,5296119600
11,2011,241923605295200,3070600,5331916100,5339556400
11,2027,241923651000100,2797700,5377621000,5385261300
11,2043,241923694307100,2700700,5420928000,5428568300
12,12,241918449157500,2263200,175778400,183418700
12,28,241918487187900,2700800,213808800,221449100
12,44,241918524170900,2250400,250791800,258432100
12,60,241918560940600,2251300,287561500,295201800
12,76,241918597399000,2184700,324019900,331660200
12,92,241918633846600,2812500,360467500,368107800
12,108,241918671109300,2221300,397730200,405370500
12,124,241918708304200,2377400,434925100,442565400
12,140,241918762733200,2080000,489354100,496994400
12,156,241918796794100,2459300,523415000,531055300
12,172,241918831694700,2089400,558315600,565955900
12,188,241918868068500,2244800,594689400,602329700
12,204,241918903367900,2191200,629988800,637629100
12,220,241918939111700,2253100,665732600,673372900
12,236,241918973777500,2362600,700398400,708038700
12,252,241919011543700,2083300,738164600,745804900
12,268,241919064426000,2164900,791046900,798687200
12,284,241919099450700,2116900,826071600,833711900
12,300,241919133302300,2183800,859923200,867563500
12,316,241919167784400,2122900,894405300,902045600
12,332,241919204451500,2236100,931072400,938712700
12,348,241919240020300,2220600,966641200,974281500
12,364,241919276722600,2282500,1003343500,1010983800
12,380,241919312408500,2389400,1039029400,1046669700
12,396,241919367685300,2130900,1094306200,1101946500
12,412,241919402337300,2213300,1128958200,1136598500
12,428,241919438116300,2175600,1164737200,1172377500
12,444,241919473433700,2164400,1200054600,1207694900
12,460,241919508776400,2222800,1235397300,1243037600
12,476,241919543486300,2199700,1270107200,1277747500
12,492,241919578252500,2039100,1304873400,1312513700
12,508,241919618719800,2203600,1345340700,1352981000
12,524,241919654031700,2236800,1380652600,1388292900
12,540,241919708679500,2179800,1435300400,1442940700
12,556,241919744340000,2152300,1470960900,1478601200
12,572,241919780178200,2115700,1506799100,1514439400
12,588,241919814102700,2105600,1540723600,1548363900
12,604,241919848970900,2358300,1575591800,1583232100
12,620,241919885697300,2145700,1612318200,1619958500
12,636,241919921095700,2371700,1647716600,1655356900
12,652,241919956779200,2160500,1683400100,1691040400
12,668,241920011876000,2164700,1738496900,1746137200
12,684,241920048431000,2297200,1775051900,1782692200
12,700,241920084980400,2149400,1811601300,1819241600
12,716,241920120253200,2227600,1846874100,1854514400
12,732,241920155384200,2258400,1882005100,1889645400
12,748,241920191066400,2242600,1917687300,1925327600
12,764,241920226687000,2197200,1953307900,1960948200
12,780,241920262224600,2322500,1988845500,1996485800
12,796,241920318383300,2449400,2045004200,2052644500
12,812,241920354454500,2214900,2081075400,2088715700
12,828,241920390286900,2169300,2116907800,2124548100
12,844,241920425476000,2279900,2152096900,2159737200
12,860,241920460174700,2180000,2186795600,2194435900
12,876,241920494629000,2105100,2221249900,2228890200
12,892,241920528956800,2139800,2255577700,2263218000
12,908,241920563087300,2130500,2289708200,2297348500
12,924,241920598254600,2153500,2324875500,2332515800
12,940,241920652932200,2135100,2379553100,2387193400
12,956,241920687544500,2130600,2414165400,2421805700
12,972,241920722358400,2226300,2448979300,2456619600
12,988,241920757721800,2203300,2484342700,2491983000
12,1004,241920794374500,2304100,2520995400,2528635700
12,1020,241920828905100,2154800,2555526000,2563166300
12,1036,241920863370100,2201300,2589991000,2597631300
12,1052,241920898150600,2165500,2624771500,2632411800
12,1068,241920939723100,2198900,2666344000,2673984300
12,1084,241920974832100,2132300,2701453000,2709093300
12,1100,241921009493700,2196900,2736114600,2743754900
12,1116,241921044864400,2278300,2771485300,2779125600
12,1132,241921080552000,2159300,2807172900,2814813200
12,1148,241921115871800,2264000,2842492700,2850133000
12,1164,241921151744800,2206500,2878365700,2886006000
12,1180,241921186720900,2243700,2913341800,2920982100
12,1196,241921228077100,2146300,2954698000,2962338300
12,1212,241921263172500,2127000,2989793400,2997433700
12,1228,241921303086700,2979300,3029707600,3037347900
12,1244,241921349583100,2995600,3076204000,3083844300
12,1260,241921400107900,2956400,3126728800,3134369100
12,1276,241921448980700,2811200,3175601600,3183241900
12,1292,241921494713000,2956200,3221333900,3228974200
12,1308,241921541691300,2971400,3268312200,3275952500
12,1324,241921589186200,2991700,3315807100,3323447400
12,1340,241921649159100,3079900,3375780000,3383420300
12,1356,241921700082000,3516600,3426702900,3434343200
12,1372,241921749602600,3044500,3476223500,3483863800
12,1388,241921799698800,2604900,3526319700,3533960000
12,1404,241921844665200,2919200,3571286100,3578926400
12,1420,241921891658500,2964500,3618279400,3625919700
12,1436,241921938254500,2808300,3664875400,3672515700
12,1452,241921984193000,2867900,3710813900,3718454200
12,1468,241922041260500,2949600,3767881400,3775521700
12,1484,241922086987200,2857000,3813608100,3821248400
12,1500,241922132201500,2807300,3858822400,3866462700
12,1516,241922176501500,2602100,3903122400,3910762700
12,1532,241922219993800,2810400,3946614700,3954255000
12,1548,241922268075200,3048600,3994696100,4002336400
12,1564,241922313531800,2692800,4040152700,4047793000
12,1580,241922359039700,2725200,4085660600,4093300900
12,1596,241922410562400,3009700,4137183300,4144823600
12,1612,241922458943500,2995000,4185564400,4193204700
12,1628,241922505536100,2862000,4232157000,4239797300
12,1644,241922551888400,2817600,4278509300,4286149600
12,1660,241922597764000,3011500,4324384900,4332025200
12,1676,241922644470400,2701000,4371091300,4378731600
12,1692,241922689421900,2913800,4416042800,4423683100
12,1708,241922735838400,2885500,4462459300,4470099600
12,1724,241922779068000,2642200,4505688900,4513329200
12,1740,241922832004200,2902500,4558625100,4566265400
12,1756,241922877665600,2564700,4604286500,4611926800
12,1772,241922918913100,3091000,4645534000,4653174300
12,1788,241922964376400,2684100,4690997300,4698637600
12,1804,241923008453900,2770200,4735074800,4742715100
12,1820,241923052802300,2762900,4779423200,4787063500
12,1836,241923100476300,2764900,4827097200,4834737500
12,1852,241923144809300,2831200,4871430200,4879070500
12,1868,241923194889500,2864300,4921510400,4929150700
12,1884,241923241088000,3273900,4967708900,4975349200
12,1900,241923289813000,2959700,5016433900,5024074200
12,1916,241923335365200,2755900,5061986100,5069626400
12,1932,241923382126800,3106600,5108747700,5116388000
12,1948,241923432123200,3043800,5158744100,5166384400
12,1964,241923477235500,2553200,5203856400,5211496700
12,1980,241923518876000,2586100,5245496900,5253137200
12,1996,241923567039800,2661600,5293660700,5301301000
12,2012,241923611111800,3115700,5337732700,5345373000
12,2028,241923656300800,2549100,5382921700,5390562000
12,2044,241923699418800,2664600,5426039700,5433680000
13,13,241918451537900,2196700,178158800,185799100
13,29,241918490328500,2485000,216949400,224589700
13,45,241918526755800,2208000,253376700,261017000
13,61,241918563314900,2245500,289935800,297576100
13,77,241918599793500,2160500,326414400,334054700
13,93,241918636939700,2341900,363560600,371200900
13,109,241918673550800,2226100,400171700,407812000
13,125,241918710809000,2429000,437429900,445070200
13,141,241918764934700,2104400,491555600,499195900
13,157,241918799402900,2294400,526023800,533664100
13,173,241918833934600,2377000,560555500,568195800
13,189,241918870462400,2201000,597083300,604723600
13,205,241918905650300,2258000,632271200,639911500
13,221,241918941436100,2105100,668057000,675697300
13,237,241918976275300,2355600,702896200,710536500
13,253,241919013739200,2090700,740360100,748000400
13,269,241919066685400,2494900,793306300,800946600
13,285,241919101895100,2149200,828516000,836156300
13,301,241919135815000,2137000,862435900,870076200
13,317,241919170051800,2231700,896672700,904313000
13,333,241919206570800,2227700,933191700,940832000
13,349,241919241961900,2172700,968582800,976223100
13,365,241919278678600,2154500,1005299500,1012939800
13,381,241919314549100,2216300,1041170000,1048810300
13,397,241919369603800,2113100,1096224700,1103865000
13,413,241919404318100,2354200,1130939000,1138579300
13,429,241919440016500,2147000,1166637400,1174277700
13,445,241919475294100,2161500,1201915000,1209555300
13,461,241919510720800,2164600,1237341700,1244982000
13,477,241919545414700,2141800,1272035600,1279675900
13,493,241919580070900,3626400,1306691800,1314332100
13,509,241919620684000,2193100,1347304900,1354945200
13,525,241919656055400,21225600,1382676300,1390316600
13,541,241919710654000,2173300,1437274900,1444915200
13,557,241919746201700,2126600,1472822600,1480462900
13,573,241919782031500,2126700,1508652400,1516292700
13,589,241919815945100,2102000,1542566000,1550206300
13,605,241919851162400,2597100,1577783300,1585423600
13,621,241919887669800,2148800,1614290700,1621931000
13,637,241919923277000,2374200,1649897900,1657538200
13,653,241919958780600,2172700,1685401500,1693041800
13,669,241920013835200,2116100,1740456100,1748096400
13,685,241920050597400,2220800,1777218300,1784858600
13,701,241920086984500,2162700,1813605400,1821245700
13,717,241920122343400,2160900,1848964300,1856604600
13,733,241920157457300,2183100,1884078200,1891718500
13,749,241920193102800,2272900,1919723700,1927364000
13,765,241920228587500,2175200,1955208400,1962848700
13,781,241920264083700,2385100,1990704600,1998344900
13,797,241920320024500,2315000,2046645400,2054285700
13,813,241920355772200,2162700,2082393100,2090033400
13,829,241920391377300,2155700,2117998200,2125638500
13,845,241920426683900,2250200,2153304800,2160945100
13,861,241920461331600,2202400,2187952500,2195592800
13,877,241920495699500,2107000,2222320400,2229960700
13,893,241920530076900,2145800,2256697800,2264338100
13,909,241920564203200,2134400,2290824100,2298464400
13,925,241920599318900,21401200,2325939800,2333580100
13,941,241920654244000,2249000,2380864900,2388505200
13,957,241920688842100,2115400,2415463000,2423103300
13,973,241920724294500,2199200,2450915400,2458555700
13,989,241920759555900,2287300,2486176800,2493817100
13,1005,241920796233700,2209500,2522854600,2530494900
13,1021,241920830634600,2120100,2557255500,2564895800
13,1037,241920865107100,2131000,2591728000,2599368300
13,1053,241920899877700,2174900,2626498600,2634138900
13,1069,241920941413500,2172400,2668034400,2675674700
13,1085,241920976430800,2175900,2703051700,2710692000
13,1101,241921011041600,2168500,2737662500,2745302800
13,1117,241921046256600,2259000,2772877500,2780517800
13,1133,241921081901900,2153000,2808522800,2816163100
13,1149,241921117101700,2229500,2843722600,2851362900
13,1165,241921153017200,2195300,2879638100,2887278400
13,1181,241921187979300,2209000,2914600200,2922240500
13,1197,241921229355600,2148800,2955976500,2963616800
13,1213,241921264508800,2203000,2991129700,2998770000
13,1229,241921304920200,2953900,3031541100,3039181400
13,1245,241921351479100,2973400,3078100000,3085740300
13,1261,241921401900000,2975600,3128520900,3136161200
13,1277,241921450664600,2814100,3177285500,3184925800
13,1293,241921496429200,3072900,3223050100,3230690400
13,1309,241921543482400,2912800,3270103300,3277743600
13,1325,241921590976200,2930100,3317597100,3325237400
13,1341,241921650994900,3182500,3377615800,3385256100
13,1357,241921702307500,3631300,3428928400,3436568700
13,1373,241921751457500,3045000,3478078400,3485718700
13,1389,241921801313100,2594800,3527934000,3535574300
13,1405,241921846437900,2932200,3573058800,3580699100
13,1421,241921893457200,2984700,3620078100,3627718400
13,1437,241921940052400,2630900,3666673300,3674313600
13,1453,241921985912200,2939200,3712533100,3720173400
13,1469,241922043058600,2858800,3769679500,3777319800
13,1485,241922088669800,2880200,3815290700,3822931000
13,1501,241922133903100,2838100,3860524000,3868164300
13,1517,241922178125800,2632800,3904746700,3912387000
13,1533,241922221722700,2808000,3948343600,3955983900
13,1549,241922269953700,2965500,3996574600,4004214900
13,1565,241922315315600,2672900,4041936500,4049576800
13,1581,241922360821100,2727100,4087442000,4095082300
13,1597,241922412487200,3033000,4139108100,4146748400
13,1613,241922460722700,2986300,4187343600,4194983900
13,1629,241922507208000,2975700,4233828900,4241469200
13,1645,241922553563400,2780900,4280184300,4287824600
13,1661,241922599572900,2992400,4326193800,4333834100
13,1677,241922646088200,2688300,4372709100,4380349400
13,1693,241922691149300,2930500,4417770200,4425410500
13,1709,241922737602900,2767700,4464223800,4471864100
13,1725,241922780697900,8243700,4507318800,4514959100
13,1741,241922833847200,2738200,4560468100,4568108400
13,1757,241922879354500,2556000,4605975400,4613615700
13,1773,241922920854100,3005300,4647475000,4655115300
13,1789,241922966089500,2834800,4692710400,4700350700
13,1805,241923010228300,2847200,4736849200,4744489500
13,1821,241923054488200,2774200,4781109100,4788749400
13,1837,241923102176900,2737600,4828797800,4836438100
13,1853,241923146533200,2733600,4873154100,4880794400
13,1869,241923196560600,2603700,4923181500,4930821800
13,1885,241923242647400,3275100,4969268300,4976908600
13,1901,241923291275800,2834600,5017896700,5025537000
13,1917,241923336681600,2763600,5063302500,5070942800
13,1933,241923383660700,3112600,5110281600,5117921900
13,1949,241923433738100,3021700,5160359000,5167999300
13,1965,241923478603800,2586900,5205224700,5212865000
13,1981,241923520265400,2560100,5246886300,5254526600
13,1997,241923568448600,2658600,5295069500,5302709800
13,2013,241923612739100,3080100,5339360000,5347000300
13,2029,241923657655600,2628200,5384276500,5391916800
13,2045,241923700832100,2658800,5427453000,5435093300
14,14,241918453590000,3287800,180210900,187851200
14,30,241918492300400,2338000,218921300,226561600
14,46,241918528533800,2230700,255154700,262795000
14,62,241918565531700,2437600,292152600,299792900
14,78,241918602109700,2158500,328730600,336370900
14,94,241918639502500,2293100,366123400,373763700
14,110,241918675988200,2334800,402609100,410249400
14,126,241918713358800,21407700,439979700,447620000
14,142,241918767187400,2122200,493808300,501448600
14,158,241918801857600,2385800,528478500,536118800
14,174,241918836482500,2345400,563103400,570743700
14,190,241918872730800,2225100,599351700,606992000
14,206,241918907963700,2302600,634584600,642224900
14,222,241918943513700,2127700,670134600,677774900
14,238,241918978374300,2217800,704995200,712635500
14,254,241919015576700,2201800,742197600,749837900
14,270,241919068810400,2272200,795431300,803071600
14,286,241919103802200,2269600,830423100,838063400
14,302,241919137739400,2241400,864360300,872000600
14,318,241919172439200,2210100,899060100,906700400
14,334,241919209314200,2248200,935935100,943575400
14,350,241919244551200,2468700,971172100,978812400
14,366,241919281259800,2131500,1007880700,1015521000
14,382,241919317139200,2164700,1043760100,1051400400
14,398,241919372057100,2090900,1098678000,1106318300
14,414,241919406948400,2179300,1133569300,1141209600
14,430,241919442406600,2185500,1169027500,1176667800
14,446,241919477725000,2162000,1204345900,1211986200
14,462,241919513249500,2224400,1239870400,1247510700
14,478,241919547918900,2140600,1274539800,1282180100
14,494,241919584633600,4738400,1311254500,1318894800
14,510,241919623298100,2320300,1349919000,1357559300
14,526,241919677746200,2323100,1404367100,1412007400
14,542,241919713093300,2192800,1439714200,1447354500
14,558,241919748822700,2328900,1475443600,1483083900
14,574,241919784746900,2127800,1511367800,1519008100
14,590,241919818622500,2105400,1545243400,1552883700
14,606,241919854342000,2300500,1580962900,1588603200
14,622,241919890437500,2202500,1617058400,1624698700
14,638,241919926199100,2372100,1652820000,1660460300
14,654,241919961538600,2325000,1688159500,1695799800
14,670,241920016594700,2176200,1743215600,1750855900
14,686,241920053567600,2230600,1780188500,1787828800
14,702,241920089892800,2156700,1816513700,1824154000
14,718,241920125187300,2189400,1851808200,1859448500
14,734,241920160406500,2246900,1887027400,1894667700
14,750,241920196181400,2192900,1922802300,1930442600
14,766,241920231624900,2142700,1958245800,1965886100
14,782,241920267765900,2167000,1994386800,2002027100
14,798,241920323823100,2255000,2050444000,2058084300
14,814,241920359423400,2138600,2086044300,2093684600
14,830,241920395145800,2117600,2121766700,2129407000
14,846,241920430506500,2177500,2157127400,2164767700
14,862,241920465064700,2105000,2191685600,2199325900
14,878,241920499323900,2081700,2225944800,2233585100
14,894,241920533690800,2095900,2260311700,2267952000
14,910,241920567754000,2130000,2294374900,2302015200
14,926,241920622720900,2161500,2349341800,2356982100
14,942,241920657683200,2178900,2384304100,2391944400
14,958,241920692088100,2046700,2418709000,2426349300
14,974,241920727160800,2159900,2453781700,2461422000
14,990,241920762591400,2198300,2489212300,2496852600
14,1006,241920799049100,2148900,2525670000,2533310300
14,1022,241920833337700,2111100,2559958600,2567598900
14,1038,241920867908100,2147700,2594529000,2602169300
14,1054,241920902763800,2142600,2629384700,2637025000
14,1070,241920944470800,2234700,2671091700,2678732000
14,1086,241920979490200,2146200,2706111100,2713751400
14,1102,241921014208700,2217400,2740829600,2748469900
14,1118,241921049518300,2313600,2776139200,2783779500
14,1134,241921084972000,2121100,2811592900,2819233200
14,1150,241921120224600,2264700,2846845500,2854485800
14,1166,241921156104100,2169800,2882725000,2890365300
14,1182,241921191047600,2128500,2917668500,2925308800
14,1198,241921232437400,2143700,2959058300,2966698600
14,1214,241921267825200,2420600,2994446100,3002086400
14,1230,241921309346500,2932500,3035967400,3043607700
14,1246,241921355832100,4471700,3082453000,3090093300
14,1262,241921406209600,2962700,3132830500,3140470800
14,1278,241921454936800,2851600,3181557700,3189198000
14,1294,241921501054400,2982900,3227675300,3235315600
14,1310,241921547902800,2992400,3274523700,3282164000
14,1326,241921601073900,3152900,3327694800,3335335100
14,1342,241921655817900,3333500,3382438800,3390079100
14,1358,241921707873400,3652100,3434494300,3442134600
14,1374,241921756213100,2992700,3482834000,3490474300
14,1390,241921805317700,2771500,3531938600,3539578900
14,1406,241921850930700,2968200,3577551600,3585191900
14,1422,241921897995500,2925600,3624616400,3632256700
14,1438,241921944133900,2963400,3670754800,3678395100
14,1454,241921990384200,2951100,3717005100,3724645400
14,1470,241922047451700,2919400,3774072600,3781712900
14,1486,241922093040500,2787800,3819661400,3827301700
14,1502,241922138223100,2798900,3864844000,3872484300
14,1518,241922182043300,2562800,3908664200,3916304500
14,1534,241922225835400,3063800,3952456300,3960096600
14,1550,241922274347600,2816000,4000968500,4008608800
14,1566,241922319330300,2688100,4045951200,4053591500
14,1582,241922364848500,2754900,4091469400,4099109700
14,1598,241922416977500,2968900,4143598400,4151238700
14,1614,241922465144600,2973400,4191765500,4199405800
14,1630,241922511717800,3014800,4238338700,4245979000
14,1646,241922557677600,2775300,4284298500,4291938800
14,1662,241922603991800,2795100,4330612700,4338253000
14,1678,241922650069800,2682200,4376690700,4384331000
14,1694,241922695661200,2896100,4422282100,4429922400
14,1710,241922741822600,2635700,4468443500,4476083800
14,1726,241922790318100,2672300,4516939000,4524579300
14,1742,241922837976400,2731200,4564597300,4572237600
14,1758,241922883114700,2538200,4609735600,4617375900
14,1774,241922925251700,3375400,4651872600,4659512900
14,1790,241922970257100,2718700,4696878000,4704518300
14,1806,241923014456200,2945700,4741077100,4748717400
14,1822,241923058799000,3174500,4785419900,4793060200
14,1838,241923106265500,2734700,4832886400,4840526700
14,1854,241923150624000,2721300,4877244900,4884885200
14,1870,241923200702600,2904300,4927323500,4934963800
14,1886,241923247520400,2926900,4974141300,4981781600
14,1902,241923295607900,2819400,5022228800,5029869100
14,1918,241923340956900,2652800,5067577800,5075218100
14,1934,241923388508900,3068000,5115129800,5122770100
14,1950,241923438460500,2605600,5165081400,5172721700
14,1966,241923482518900,2585700,5209139800,5216780100
14,1982,241923524142100,2594100,5250763000,5258403300
14,1998,241923572422600,2624500,5299043500,5306683800
14,2014,241923617373800,3024200,5343994700,5351635000
14,2030,241923661630600,2543100,5388251500,5395891800
14,2046,241923704901100,3270700,5431522000,5439162300
15,15,241918457142400,2531800,183763300,191403600
15,31,241918494896400,2378600,221517300,229157600
15,47,241918530963100,2157100,257584000,265224300
15,63,241918568085800,2424700,294706700,302347000
15,79,241918604302500,2326900,330923400,338563700
15,95,241918641737200,2233800,368358100,375998400
15,111,241918678252100,2414000,404873000,412513300
15,127,241918734850100,2574000,461471000,469111300
15,143,241918769341700,2117200,495962600,503602900
15,159,241918804276900,2116100,530897800,538538100
15,175,241918838861300,2191300,565482200,573122500
15,191,241918875107500,2177800,601728400,609368700
15,207,241918910925900,2315000,637546800,645187100
15,223,241918946275100,2121600,672896000,680536300
15,239,241918981747200,2160600,708368100,716008400
15,255,241919018832000,2059600,745452900,753093200
15,271,241919071967400,2308600,798588300,806228600
15,287,241919106946100,2136700,833567000,841207300
15,303,241919140894800,2180600,867515700,875156000
15,319,241919175357700,2166900,901978600,909618900
15,335,241919211990700,2225100,938611600,946251900
15,351,241919247659800,2268400,974280700,981921000
15,367,241919283937700,2117400,1010558600,1018198900
15,383,241919319906700,2213600,1046527600,1054167900
15,399,241919374742400,2078300,1101363300,1109003600
15,415,241919409865200,2379800,1136486100,1144126400
15,431,241919445441700,2149400,1172062600,1179702900
15,447,241919480691400,2169100,1207312300,1214952600
15,463,241919516198400,2188100,1242819300,1250459600
15,479,241919550763600,2145400,1277384500,1285024800
15,495,241919590640000,2553500,1317260900,1324901200
15,511,241919626229000,2184300,1352849900,1360490200
15,527,241919680700900,2338500,1407321800,1414962100
15,543,241919716075400,2288900,1442696300,1450336600
15,559,241919751976300,2501000,1478597200,1486237500
15,575,241919787482700,2128600,1514103600,1521743900
15,591,241919821328700,2118200,1547949600,1555589900
15,607,241919857366800,2334800,1583987700,1591628000
15,623,241919893267800,2164600,1619888700,1627529000
15,639,241919929315300,2279800,1655936200,1663576500
15,655,241919964629300,2371000,1691250200,1698890500
15,671,241920019455400,2176200,1746076300,1753716600
15,687,241920056330800,2279400,1782951700,1790592000
15,703,241920092633100,2142900,1819254000,1826894300
15,719,241920128004900,2245400,1854625800,1862266100
15,735,241920163331700,2215400,1889952600,1897592900
15,751,241920198884700,2427300,1925505600,1933145900
15,767,241920234266900,2176800,1960887800,1968528100
15,783,241920269967800,2313100,1996588700,2004229000
15,799,241920326415700,2222800,2053036600,2060676900
15,815,241920361871200,2130300,2088492100,2096132400
15,831,241920397636600,2141400,2124257500,2131897800
15,847,241920433020000,2223300,2159640900,2167281200
15,863,241920467540000,2140800,2194160900,2201801200
15,879,241920501781500,2131000,2228402400,2236042700
15,895,241920536275800,2103200,2262896700,2270537000
15,911,241920570347200,2197200,2296968100,2304608400
15,927,241920625434500,2089200,2352055400,2359695700
15,943,241920660376500,2160600,2386997400,2394637700
15,959,241920694824600,2482400,2421445500,2429085800
15,975,241920730276000,2235400,2456896900,2464537200
15,991,241920765743600,2322800,2492364500,2500004800
15,1007,241920802304000,2198300,2528924900,2536565200
15,1023,241920836508800,2166000,2563129700,2570770000
15,1039,241920871129000,2230500,2597749900,2605390200
15,1055,241920906008600,2273900,2632629500,2640269800
15,1071,241920947669400,2261800,2674290300,2681930600
15,1087,241920982575800,2147800,2709196700,2716837000
15,1103,241921017334500,2183100,2743955400,2751595700
15,1119,241921052852800,2205400,2779473700,2787114000
15,1135,241921088043300,2132100,2814664200,2822304500
15,1151,241921123668500,2327100,2850289400,2857929700
15,1167,241921159356900,2118900,2885977800,2893618100
15,1183,241921194258500,2194400,2920879400,2928519700
15,1199,241921235604900,2178100,2962225800,2969866100
15,1215,241921271307500,2381000,2997928400,3005568700
15,1231,241921313617000,2951600,3040237900,3047878200
15,1247,241921363149500,2923700,3089770400,3097410700
15,1263,241921410406200,3059100,3137027100,3144667400
15,1279,241921458931000,2818500,3185551900,3193192200
15,1295,241921505136600,2950600,3231757500,3239397800
15,1311,241921552069100,3025300,3278690000,3286330300
15,1327,241921605711500,6121400,3332332400,3339972700
15,1343,241921660644000,3154800,3387264900,3394905200
15,1359,241921713129400,3267100,3439750300,3447390600
15,1375,241921760707100,3220200,3487328000,3494968300
15,1391,241921809305500,2745200,3535926400,3543566700
15,1407,241921855212100,2935800,3581833000,3589473300
15,1423,241921902213300,2947400,3628834200,3636474500
15,1439,241921948375800,2952400,3674996700,3682637000
15,1455,241921994582300,3054900,3721203200,3728843500
15,1471,241922051572800,2856000,3778193700,3785834000
15,1487,241922097029500,2796200,3823650400,3831290700
15,1503,241922142200300,2806800,3868821200,3876461500
15,1519,241922185723600,2561600,3912344500,3919984800
15,1535,241922230282800,2945900,3956903700,3964544000
15,1551,241922278575800,2950200,4005196700,4012837000
15,1567,241922323424400,2993800,4050045300,4057685600
15,1583,241922368950400,2910100,4095571300,4103211600
15,1599,241922421390700,3020100,4148011600,4155651900
15,1615,241922469575500,2930500,4196196400,4203836700
15,1631,241922516171000,2965300,4242791900,4250432200
15,1647,241922561844400,2684800,4288465300,4296105600
15,1663,241922609005100,4133700,4335626000,4343266300
15,1679,241922654124500,2820900,4380745400,4388385700
15,1695,241922699735500,2955800,4426356400,4433996700
15,1711,241922745487100,2676300,4472108000,4479748300
15,1727,241922794068500,2790200,4520689400,4528329700
15,1743,241922841659600,3226400,4568280500,4575920800
15,1759,241922886563900,2575800,4613184800,4620825100
15,1775,241922929708200,2804800,4656329100,4663969400
15,1791,241922974007400,2710200,4700628300,4708268600
15,1807,241923018427500,2900800,4745048400,4752688700
15,1823,241923063169000,3105100,4789789900,4797430200
15,1839,241923110027800,2731500,4836648700,4844289000
15,1855,241923154360300,2820600,4880981200,4888621500
15,1871,241923204504100,2690200,4931125000,4938765300
15,1887,241923251368800,3075200,4977989700,4985630000
15,1903,241923299346400,2848100,5025967300,5033607600
15,1919,241923344542700,3315000,5071163600,5078803900
15,1935,241923392400000,3048600,5119020900,5126661200
15,1951,241923441814200,2619100,5168435100,5176075400
15,1967,241923485881800,2678100,5212502700,5220143000
15,1983,241923527489600,2614800,5254110500,5261750800
15,1999,241923575878300,2674100,5302499200,5310139500
15,2015,241923621292700,3005800,5347913600,5355553900
15,2031,241923664936000,2580100,5391556900,5399197200
15,2047,241923709285400,4124700,5435906300,5443546600
16,0,241918410482000,10902600,137102900,144743200
16,16,241918459507200,2376300,186128100,193768400
16,32,241918497310800,2251900,223931700,231572000
16,48,241918533093800,2213600,259714700,267355000
16,64,241918570481100,2464700,297102000,304742300
16,80,241918606458600,2433000,333079500,340719800
16,96,241918644004700,2285300,370625600,378265900
16,112,241918680700400,2177800,407321300,414961600
16,128,241918737457700,2137600,464078600,471718900
16,144,241918771491000,2119000,498111900,505752200
16,160,241918806424900,2107500,533045800,540686100
16,176,241918841236200,2406700,567857100,575497400
16,192,241918877472200,2135800,604093100,611733400
16,208,241918913058800,2190800,639679700,647320000
16,224,241918948368100,2163000,674989000,682629300
16,240,241918984046900,2122800,710667800,718308100
16,256,241919021196900,2108800,747817800,755458100
16,272,241919074923900,2343000,801544800,809185100
16,288,241919109685300,2130900,836306200,843946500
16,304,241919143731400,2313700,870352300,877992600
16,320,241919178223700,2167900,904844600,912484900
16,336,241919215059300,2199500,941680200,949320500
16,352,241919250791100,2387500,977412000,985052300
16,368,241919286860600,2163700,1013481500,1021121800
16,384,241919323021400,2204200,1049642300,1057282600
16,400,241919377726600,2060700,1104347500,1111987800
16,416,241919413135900,2248400,1139756800,1147397100
16,432,241919448458600,2211500,1175079500,1182719800
16,448,241919483839300,2295200,1210460200,1218100500
16,464,241919519374500,2133700,1245995400,1253635700
16,480,241919553934600,2125100,1280555500,1288195800
16,496,241919594020400,2141900,1320641300,1328281600
16,512,241919629348500,2237500,1355969400,1363609700
16,528,241919683798400,2227800,1410419300,1418059600
16,544,241919719285000,2148200,1445905900,1453546200
16,560,241919755372700,2252900,1481993600,1489633900
16,576,241919790421700,2135900,1517042600,1524682900
16,592,241919824290300,2130800,1550911200,1558551500
16,608,241919860574400,2441000,1587195300,1594835600
16,624,241919896199100,2224900,1622820000,1630460300
16,640,241919932384300,2304200,1659005200,1666645500
16,656,241919967768200,2377100,1694389100,1702029400
16,672,241920022438500,2333800,1749059400,1756699700
16,688,241920059467500,2256500,1786088400,1793728700
16,704,241920095721500,2140300,1822342400,1829982700
16,720,241920131235300,2198100,1857856200,1865496500
16,736,241920166612900,2368000,1893233800,1900874100
16,752,241920202464900,2224900,1929085800,1936726100
16,768,241920237542600,2134900,1964163500,1971803800
16,784,241920273412200,2219400,2000033100,2007673400
16,800,241920329150500,2266200,2055771400,2063411700
16,816,241920364499000,2181000,2091119900,2098760200
16,832,241920400196300,2130100,2126817200,2134457500
16,848,241920435673000,2215200,2162293900,2169934200
16,864,241920470036300,2151200,2196657200,2204297500
16,880,241920504284200,2095500,2230905100,2238545400
16,896,241920538650000,2147700,2265270900,2272911200
16,912,241920572906200,2119200,2299527100,2307167400
16,928,241920627822700,2157900,2354443600,2362083900
16,944,241920662743100,2128900,2389364000,2397004300
16,960,241920697977100,2205100,2424598000,2432238300
16,976,241920733115900,2170000,2459736800,2467377100
16,992,241920768887200,2303000,2495508100,2503148400
16,1008,241920805155600,2167900,2531776500,2539416800
16,1024,241920839318300,2164400,2565939200,2573579500
16,1040,241920873974000,2108800,2600594900,2608235200
16,1056,241920908944100,2190500,2635565000,2643205300
16,1072,241920950567600,2275200,2677188500,2684828800
16,1088,241920985371800,2161300,2711992700,2719633000
16,1104,241921020231700,2157800,2746852600,2754492900
16,1120,241921055728400,2164300,2782349300,2789989600
16,1136,241921090822000,2126700,2817442900,2825083200
16,1152,241921127403600,2221100,2854024500,2861664800
16,1168,241921162858200,2184500,2889479100,2897119400
16,1184,241921197889600,2313100,2924510500,2932150800
16,1200,241921239229600,2157300,2965850500,2973490800
16,1216,241921275070400,2279500,3001691300,3009331600
16,1232,241921318410600,2934400,3045031500,3052671800
16,1248,241921368023900,2976900,3094644800,3102285100
16,1264,241921415310300,2815300,3141931200,3149571500
16,1280,241921463584000,2958000,3190204900,3197845200
16,1296,241921510049200,2959400,3236670100,3244310400
16,1312,241921557045000,3006500,3283665900,3291306200
16,1328,241921613753800,3343300,3340374700,3348015000
16,1344,241921665773700,2822300,3392394600,3400034900
16,1360,241921718311700,3154600,3444932600,3452572900
16,1376,241921765812000,3248700,3492432900,3500073200
16,1392,241921813627700,2663400,3540248600,3547888900
16,1408,241921859882000,2969200,3586502900,3594143200
16,1424,241921906852500,2956300,3633473400,3641113700
16,1440,241921952878300,2900200,3679499200,3687139500
16,1456,241921999425400,3351800,3726046300,3733686600
16,1472,241922056133700,2899600,3782754600,3790394900
16,1488,241922101578800,2822300,3828199700,3835840000
16,1504,241922146730900,2821800,3873351800,3880992100
16,1520,241922189896300,2563500,3916517200,3924157500
16,1536,241922235104200,3043900,3961725100,3969365400
16,1552,241922283234400,2723900,4009855300,4017495600
16,1568,241922328242500,2947700,4054863400,4062503700
16,1584,241922373587900,2745200,4100208800,4107849100
16,1600,241922426278400,3081600,4152899300,4160539600
16,1616,241922474369600,2975000,4200990500,4208630800
16,1632,241922521029000,3050000,4247649900,4255290200
16,1648,241922566241100,2745600,4292862000,4300502300
16,1664,241922614935400,2729900,4341556300,4349196600
16,1680,241922658716100,2735800,4385337000,4392977300
16,1696,241922704847000,2639200,4431467900,4439108200
16,1712,241922750319400,2696800,4476940300,4484580600
16,1728,241922799384500,3166400,4526005400,4533645700
16,1744,241922847564500,2754800,4574185400,4581825700
16,1760,241922891310800,2576700,4617931700,4625572000
16,1776,241922935140500,2878400,4661761400,4669401700
16,1792,241922979042200,2703700,4705663100,4713303400
16,1808,241923023671600,2750200,4750292500,4757932800
16,1824,241923068872900,2738800,4795493800,4803134100
16,1840,241923115191000,2697800,4841811900,4849452200
16,1856,241923159541200,2889100,4886162100,4893802400
16,1872,241923210739100,2850400,4937360000,4945000300
16,1888,241923258423000,3028800,4985043900,4992684200
16,1904,241923305806300,2886100,5032427200,5040067500
16,1920,241923351708700,2954400,5078329600,5085969900
16,1936,241923399610300,3113600,5126231200,5133871500
16,1952,241923448782500,3097200,5175403400,5183043700
16,1968,241923492049700,2557700,5218670600,5226310900
16,1984,241923533666300,2676000,5260287200,5267927500
16,2000,241923582218100,2815600,5308839000,5316479300
16,2016,241923628323400,2706900,5354944300,5362584600
16,2032,241923670946900,2577300,5397567800,5405208100
17,1,241918421314300,2760900,147935200,155575500
17,17,241918461852700,2323300,188473600,196113900
17,33,241918499436600,2262700,226057500,233697800
17,49,241918535191600,2431600,261812500,269452800
17,65,241918573845500,2281100,300466400,308106700
17,81,241918609655700,2214400,336276600,343916900
17,97,241918646942200,2333900,373563100,381203400
17,113,241918683519800,2314600,410140700,417781000
17,129,241918740153500,2161400,466774400,474414700
17,145,241918774162000,2117500,500782900,508423200
17,161,241918809060700,2086300,535681600,543321900
17,177,241918844161900,2446600,570782800,578423100
17,193,241918879993100,2139600,606614000,614254300
17,209,241918915544700,2205000,642165600,649805900
17,225,241918950797100,2058500,677418000,685058300
17,241,241918986232300,2187700,712853200,720493500
17,257,241919023091300,20087800,749712200,757352500
17,273,241919076625000,2278200,803245900,810886200
17,289,241919111248500,2159900,837869400,845509700
17,305,241919145400100,2209100,872021000,879661300
17,321,241919179730800,2178400,906351700,913992000
17,337,241919216555300,2232800,943176200,950816500
17,353,241919252396800,2406300,979017700,986658000
17,369,241919288354900,2228200,1014975800,1022616100
17,385,241919324420600,2197300,1051041500,1058681800
17,401,241919379045600,2088800,1105666500,1113306800
17,417,241919414463400,2245400,1141084300,1148724600
17,433,241919449771500,2317700,1176392400,1184032700
17,449,241919485194200,2148900,1211815100,1219455400
17,465,241919520580200,2154400,1247201100,1254841400
17,481,241919555121100,2140700,1281742000,1289382300
17,497,241919595256800,2145400,1321877700,1329518000
17,513,241919630654600,2332500,1357275500,1364915800
17,529,241919685113300,2237000,1411734200,1419374500
17,545,241919720635700,2150400,1447256600,1454896900
17,561,241919756678400,2292500,1483299300,1490939600
17,577,241919791657100,2146000,1518278000,1525918300
17,593,241919825523000,2135400,1552143900,1559784200
17,609,241919862150000,2327100,1588770900,1596411200
17,625,241919897586400,2162000,1624207300,1631847600
17,641,241919933831800,2264700,1660452700,1668093000
17,657,241919969301100,2344600,1695922000,1703562300
17,673,241920023865200,2373100,1750486100,1758126400
17,689,241920060866000,2338000,1787486900,1795127200
17,705,241920097065300,2118300,1823686200,1831326500
17,721,241920132642700,2192100,1859263600,1866903900
17,737,241920168103600,2368800,1894724500,1902364800
17,753,241920203851700,2217600,1930472600,1938112900
17,769,241920238893900,2161000,1965514800,1973155100
17,785,241920275024200,2216800,2001645100,2009285400
17,801,241920330993100,2253600,2057614000,2065254300
17,817,241920366234200,2344300,2092855100,2100495400
17,833,241920402012600,2126900,2128633500,2136273800
17,849,241920437550100,2188900,2164171000,2171811300
17,865,241920472019700,2124600,2198640600,2206280900
17,881,241920506174900,2144200,2232795800,2240436100
17,897,241920540598800,2135000,2267219700,2274860000
17,913,241920574771800,2137400,2301392700,2309033000
17,929,241920629744300,2133300,2356365200,2364005500
17,945,241920664655600,2190900,2391276500,2398916800
17,961,241920699341200,2136900,2425962100,2433602400
17,977,241920734419800,2201700,2461040700,2468681000
17,993,241920770252800,2267300,2496873700,2504514000
17,1009,241920806450000,2124300,2533070900,2540711200
17,1025,241920840669400,2167000,2567290300,2574930600
17,1041,241920875331400,2144100,2601952300,2609592600
17,1057,241920910457400,2184400,2637078300,2644718600
17,1073,241920952296800,2241800,2678917700,2686558000
17,1089,241920986972600,2183600,2713593500,2721233800
17,1105,241921021786200,2191300,2748407100,2756047400
17,1121,241921057329400,2242800,2783950300,2791590600
17,1137,241921092412300,2123200,2819033200,2826673500
17,1153,241921128304900,2205500,2854925800,2862566100
17,1169,241921163938100,2165700,2890559000,2898199300
17,1185,241921199170400,2313800,2925791300,2933431600
17,1201,241921240356200,2159900,2966977100,2974617400
17,1217,241921276316600,2272900,3002937500,3010577800
17,1233,241921319969200,2945900,3046590100,3054230400
17,1249,241921369484100,2946900,3096105000,3103745300
17,1265,241921416700600,2834700,3143321500,3150961800
17,1281,241921464938300,2939000,3191559200,3199199500
17,1297,241921511367800,2952200,3237988700,3245629000
17,1313,241921558415600,2940700,3285036500,3292676800
17,1329,241921615242100,3269700,3341863000,3349503300
17,1345,241921667007500,2885800,3393628400,3401268700
17,1361,241921719804700,3004200,3446425600,3454065900
17,1377,241921767337100,3176900,3493958000,3501598300
17,1393,241921814917600,2719100,3541538500,3549178800
17,1409,241921861315700,2968700,3587936600,3595576900
17,1425,241921908234900,3013000,3634855800,3642496100
17,1441,241921954244400,2955300,3680865300,3688505600
17,1457,241922001174200,11216600,3727795100,3735435400
17,1473,241922057557100,2886700,3784178000,3791818300
17,1489,241922102969600,2840700,3829590500,3837230800
17,1505,241922148196300,2701900,3874817200,3882457500
17,1521,241922191201600,2586500,3917822500,3925462800
17,1537,241922236593800,3047400,3963214700,3970855000
17,1553,241922284534400,2731900,4011155300,4018795600
17,1569,241922329573200,3046400,4056194100,4063834400
17,1585,241922374880500,2753800,4101501400,4109141700
17,1601,241922427738400,3059400,4154359300,4161999600
17,1617,241922475812900,2987200,4202433800,4210074100
17,1633,241922522475600,3083500,4249096500,4256736800
17,1649,241922567522100,2750500,4294143000,4301783300
17,1665,241922616201000,2722000,4342821900,4350462200
17,1681,241922660009600,2669200,4386630500,4394270800
17,1697,241922705659400,2647800,4432280300,4439920600
17,1713,241922751078900,2696300,4477699800,4485340100
17,1729,241922800219200,3071600,4526840100,4534480400
17,1745,241922848371100,2630700,4574992000,4582632300
17,1761,241922891999700,2574800,4618620600,4626260900
17,1777,241922935685700,2853700,4662306600,4669946900
17,1793,241922979526900,2701100,4706147800,4713788100
17,1809,241923024171800,2777200,4750792700,4758433000
17,1825,241923069375600,2735000,4795996500,4803636800
17,1841,241923115803200,2684100,4842424100,4850064400
17,1857,241923160169600,8371300,4886790500,4894430800
17,1873,241923210434500,2844800,4937055400,4944695700
17,1889,241923258127400,3035700,4984748300,4992388600
17,1905,241923305514900,2876100,5032135800,5039776100
17,1921,241923351376000,2939700,5077996900,5085637200
17,1937,241923399279300,3156900,5125900200,5133540500
17,1953,241923448486700,3082600,5175107600,5182747900
17,1969,241923491805800,2557600,5218426700,5226067000
17,1985,241923533386400,2747500,5260007300,5267647600
17,2001,241923581961200,2858100,5308582100,5316222400
17,2017,241923628093500,2711700,5354714400,5362354700
17,2033,241923670740000,2569700,5397360900,5405001200
18,2,241918424111800,2524700,150732700,158373000
18,18,241918464338400,2247700,190959300,198599600
18,34,241918501901200,2273100,228522100,236162400
18,50,241918537880400,2705700,264501300,272141600
18,66,241918575614000,2218100,302234900,309875200
18,82,241918611354000,2133500,337974900,345615200
18,98,241918648695100,2298400,375316000,382956300
18,114,241918685087000,2294100,411707900,419348200
18,130,241918741645500,2138500,468266400,475906700
18,146,241918775631100,2141700,502252000,509892300
18,162,241918810488000,2150300,537108900,544749200
18,178,241918846059900,2252800,572680800,580321100
18,194,241918881703000,2344700,608323900,615964200
18,210,241918917146300,2282300,643767200,651407500
18,226,241918952250600,2061500,678871500,686511800
18,242,241918987392900,2140100,714013800,721654100
18,258,241919024544000,20353200,751164900,758805200
18,274,241919078183100,2182700,804804000,812444300
18,290,241919112607300,2153900,839228200,846868500
18,306,241919146737000,2178100,873357900,880998200
18,322,241919181122600,2481800,907743500,915383800
18,338,241919217758800,2192600,944379700,952020000
18,354,241919253687900,2420000,980308800,987949100
18,370,241919289589800,2150700,1016210700,1023851000
18,386,241919325543700,2176200,1052164600,1059804900
18,402,241919379982800,2105200,1106603700,1114244000
18,418,241919415594700,2248500,1142215600,1149855900
18,434,241919450877400,2338000,1177498300,1185138600
18,450,241919486228700,2140700,1212849600,1220489900
18,466,241919521600400,2163900,1248221300,1255861600
18,482,241919556149000,2167600,1282769900,1290410200
18,498,241919596259700,2108800,1322880600,1330520900
18,514,241919631650000,2296900,1358270900,1365911200
18,530,241919685997900,2210000,1412618800,1420259100
18,546,241919721344300,2143700,1447965200,1455605500
18,562,241919757805100,2275400,1484426000,1492066300
18,578,241919792734700,2109900,1519355600,1526995900
18,594,241919826593600,2089500,1553214500,1560854800
18,610,241919863167700,2343300,1589788600,1597428900
18,626,241919898570900,2147400,1625191800,1632832100
18,642,241919934847200,2203500,1661468100,1669108400
18,658,241919970272200,21123700,1696893100,1704533400
18,674,241920024805000,2204700,1751425900,1759066200
18,690,241920061605300,2307400,1788226200,1795866500
18,706,241920097809400,2130000,1824430300,1832070600
18,722,241920133406900,2201200,1860027800,1867668100
18,738,241920169051900,2297400,1895672800,1903313100
18,754,241920204816600,2234900,1931437500,1939077800
18,770,241920239793100,2201400,1966414000,1974054300
18,786,241920275787900,2206200,2002408800,2010049100
18,802,241920331647700,2259200,2058268600,2065908900
18,818,241920366924900,2234300,2093545800,2101186100
18,834,241920402769700,2125200,2129390600,2137030900
18,850,241920438353300,2137200,2164974200,2172614500
18,866,241920472715100,2140100,2199336000,2206976300
18,882,241920506886200,2138800,2233507100,2241147400
18,898,241920541297900,2150700,2267918800,2275559100
18,914,241920575475000,2150500,2302095900,2309736200
18,930,241920630486100,2121700,2357107000,2364747300
18,946,241920665543000,2235400,2392163900,2399804200
18,962,241920700242700,2150200,2426863600,2434503900
18,978,241920735320500,2200000,2461941400,2469581700
18,994,241920771159300,2270400,2497780200,2505420500
18,1010,241920807269200,2142500,2533890100,2541530400
18,1026,241920841422600,2141500,2568043500,2575683800
18,1042,241920876112900,2148400,2602733800,2610374100
18,1058,241920911164800,2159200,2637785700,2645426000
18,1074,241920952902000,2231500,2679522900,2687163200
18,1090,241920987565600,2154100,2714186500,2721826800
18,1106,241921022422300,2151500,2749043200,2756683500
18,1122,241921057960500,2249800,2784581400,2792221700
18,1138,241921093011300,2114900,2819632200,2827272500
18,1154,241921129837200,2125600,2856458100,2864098400
18,1170,241921165264500,2159200,2891885400,2899525700
18,1186,241921200334000,2277800,2926954900,2934595200
18,1202,241921241421200,2159200,2968042100,2975682400
18,1218,241921277478400,2250600,3004099300,3011739600
18,1234,241921321503500,2980900,3048124400,3055764700
18,1250,241921371128800,2959400,3097749700,3105390000
18,1266,241921418249600,2910100,3144870500,3152510800
18,1282,241921466681200,2786800,3193302100,3200942400
18,1298,241921513139500,2913900,3239760400,3247400700
18,1314,241921560179000,2952800,3286799900,3294440200
18,1330,241921617234700,3291200,3343855600,3351495900
18,1346,241921668712100,2842800,3395333000,3402973300
18,1362,241921721573800,2922900,3448194700,3455835000
18,1378,241921769192200,3240100,3495813100,3503453400
18,1394,241921816422700,2750200,3543043600,3550683900
18,1410,241921862983600,2947400,3589604500,3597244800
18,1426,241921909945800,2952300,3636566700,3644207000
18,1442,241921955906600,2888800,3682527500,3690167800
18,1458,241922010644600,3857400,3737265500,3744905800
18,1474,241922059189000,2815300,3785809900,3793450200
18,1490,241922104521800,2851100,3831142700,3838783000
18,1506,241922149646500,4139300,3876267400,3883907700
18,1522,241922192565300,2576600,3919186200,3926826500
18,1538,241922238286700,3055700,3964907600,3972547900
18,1554,241922285927500,2732600,4012548400,4020188700
18,1570,241922331139400,3062100,4057760300,4065400600
18,1586,241922376297100,2742800,4102918000,4110558300
18,1602,241922429414100,3019100,4156035000,4163675300
18,1618,241922477396200,2974400,4204017100,4211657400
18,1634,241922524132300,2955900,4250753200,4258393500
18,1650,241922569039100,2735400,4295660000,4303300300
18,1666,241922617715500,2686600,4344336400,4351976700
18,1682,241922661484800,2679100,4388105700,4395746000
18,1698,241922707707100,2663600,4434328000,4441968300
18,1714,241922753246500,2707000,4479867400,4487507700
18,1730,241922802769700,3424600,4529390600,4537030900
18,1746,241922850529400,2644100,4577150300,4584790600
18,1762,241922894097400,2564100,4620718300,4628358600
18,1778,241922938146900,2739500,4664767800,4672408100
18,1794,241922981841700,2774100,4708462600,4716102900
18,1810,241923026535300,2727200,4753156200,4760796500
18,1826,241923071731600,2819800,4798352500,4805992800
18,1842,241923117997900,2698500,4844618800,4852259100
18,1858,241923162552000,8236000,4889172900,4896813200
18,1874,241923212787800,2874100,4939408700,4947049000
18,1890,241923260578400,2993700,4987199300,4994839600
18,1906,241923307882400,2706000,5034503300,5042143600
18,1922,241923353762100,2750100,5080383000,5088023300
18,1938,241923401795200,3062700,5128416100,5136056400
18,1954,241923450939500,3085200,5177560400,5185200700
18,1970,241923493830700,2592900,5220451600,5228091900
18,1986,241923535616400,2557300,5262237300,5269877600
18,2002,241923584283500,2681000,5310904400,5318544700
18,2018,241923630251200,2642400,5356872100,5364512400
18,2034,241923672796700,2596300,5399417600,5407057900
19,3,241918426737700,2445300,153358600,160998900
19,19,241918466555900,2339300,193176800,200817100
19,35,241918503996300,2247400,230617200,238257500
19,51,241918540388300,2303800,267009200,274649500
19,67,241918578558100,2328000,305179000,312819300
19,83,241918614165100,2245700,340786000,348426300
19,99,241918651503700,2278800,378124600,385764900
19,115,241918687888700,2315200,414509600,422149900
19,131,241918744249600,2106100,470870500,478510800
19,147,241918778287800,2102900,504908700,512549000
19,163,241918813117200,2150200,539738100,547378400
19,179,241918848616200,2301900,575237100,582877400
19,195,241918884263400,2146400,610884300,618524600
19,211,241918919874800,2182200,646495700,654136000
19,227,241918954750200,2121700,681371100,689011400
19,243,241918990726700,2137000,717347600,724987900
19,259,241919046433500,2191500,773054400,780694700
19,275,241919081705100,2183200,808326000,815966300
19,291,241919116005100,2138800,842626000,850266300
19,307,241919150194000,2143800,876814900,884455200
19,323,241919184880200,2345800,911501100,919141400
19,339,241919221322600,2188500,947943500,955583800
19,355,241919257355000,2320700,983975900,991616200
19,371,241919292978900,2192700,1019599800,1027240100
19,387,241919328902200,2270500,1055523100,1063163400
19,403,241919383364900,2063700,1109985800,1117626100
19,419,241919419338700,2381100,1145959600,1153599900
19,435,241919454651400,2261100,1181272300,1188912600
19,451,241919489609300,2181900,1216230200,1223870500
19,467,241919525032800,2137300,1251653700,1259294000
19,483,241919559633700,2229200,1286254600,1293894900
19,499,241919599666100,2099200,1326287000,1333927300
19,515,241919635267700,2235200,1361888600,1369528900
19,531,241919689438400,2092800,1416059300,1423699600
19,547,241919724764500,2137700,1451385400,1459025700
19,563,241919760967300,2252400,1487588200,1495228500
19,579,241919795661500,2111600,1522282400,1529922700
19,595,241919829570600,2096700,1556191500,1563831800
19,611,241919866582300,2271900,1593203200,1600843500
19,627,241919901705100,2302500,1628326000,1635966300
19,643,241919938157600,2190400,1664778500,1672418800
19,659,241919992843200,2420900,1719464100,1727104400
19,675,241920028452600,2351000,1755073500,1762713800
19,691,241920065294300,2226200,1791915200,1799555500
19,707,241920101187000,2112600,1827807900,1835448200
19,723,241920136804700,2140400,1863425600,1871065900
19,739,241920172575400,2224200,1899196300,1906836600
19,755,241920208148900,2237600,1934769800,1942410100
19,771,241920243034100,2181000,1969655000,1977295300
19,787,241920278744200,2122100,2005365100,2013005400
19,803,241920334582000,2260600,2061202900,2068843200
19,819,241920369839500,2211400,2096460400,2104100700
19,835,241920405368800,2112300,2131989700,2139630000
19,851,241920441066700,2173300,2167687600,2175327900
19,867,241920475514000,2238400,2202134900,2209775200
19,883,241920509664700,2125300,2236285600,2243925900
19,899,241920544040500,2133400,2270661400,2278301700
19,915,241920578369100,2489300,2304990000,2312630300
19,931,241920633395900,2227600,2360016800,2367657100
19,947,241920668545200,2168200,2395166100,2402806400
19,963,241920702915200,2148200,2429536100,2437176400
19,979,241920738049000,2240300,2464669900,2472310200
19,995,241920774159400,2271000,2500780300,2508420600
19,1011,241920810091600,2112800,2536712500,2544352800
19,1027,241920844233500,2154600,2570854400,2578494700
19,1043,241920878917200,2197600,2605538100,2613178400
19,1059,241920920121600,2483200,2646742500,2654382800
19,1075,241920955760800,2179400,2682381700,2690022000
19,1091,241920990349000,2139300,2716969900,2724610200
19,1107,241921025064500,2120400,2751685400,2759325700
19,1123,241921061005400,2288800,2787626300,2795266600
19,1139,241921095897900,2107300,2822518800,2830159100
19,1155,241921131342100,2242900,2857963000,2865603300
19,1171,241921166820400,2110800,2893441300,2901081600
19,1187,241921202278000,2386000,2928898900,2936539200
19,1203,241921243195800,2180000,2969816700,2977457000
19,1219,241921279426800,2256300,3006047700,3013688000
19,1235,241921324069900,2964800,3050690800,3058331100
19,1251,241921373677200,2939300,3100298100,3107938400
19,1267,241921420793200,5140700,3147414100,3155054400
19,1283,241921469093500,3043700,3195714400,3203354700
19,1299,241921515645500,2913200,3242266400,3249906700
19,1315,241921562722100,2973100,3289343000,3296983300
19,1331,241921620032600,3265900,3346653500,3354293800
19,1347,241921671126900,2763600,3397747800,3405388100
19,1363,241921724144100,3086700,3450765000,3458405300
19,1379,241921771993200,3336800,3498614100,3506254400
19,1395,241921818896900,2734400,3545517800,3553158100
19,1411,241921865642500,2807100,3592263400,3599903700
19,1427,241921912604000,2944600,3639224900,3646865200
19,1443,241921958553600,2898900,3685174500,3692814800
19,1459,241922014159900,3488400,3740780800,3748421100
19,1475,241922061768400,2826200,3788389300,3796029600
19,1491,241922107139600,2832600,3833760500,3841400800
19,1507,241922153616200,2569800,3880237100,3887877400
19,1523,241922194960300,3160600,3921581200,3929221500
19,1539,241922241117100,3081600,3967738000,3975378300
19,1555,241922288577300,2728600,4015198200,4022838500
19,1571,241922334119600,2866700,4060740500,4068380800
19,1587,241922378963900,2758400,4105584800,4113225100
19,1603,241922432243300,2997400,4158864200,4166504500
19,1619,241922480214400,2751200,4206835300,4214475600
19,1635,241922526921600,2863100,4253542500,4261182800
19,1651,241922571616100,2810900,4298237000,4305877300
19,1667,241922620246600,2737800,4346867500,4354507800
19,1683,241922664024100,2708100,4390645000,4398285300
19,1699,241922709783800,2638500,4436404700,4444045000
19,1715,241922755287100,2656100,4481908000,4489548300
19,1731,241922805534400,3114200,4532155300,4539795600
19,1747,241922852598800,2753900,4579219700,4586860000
19,1763,241922896113000,2592700,4622733900,4630374200
19,1779,241922940249800,2725400,4666870700,4674511000
19,1795,241922983995900,2728700,4710616800,4718257100
19,1811,241923028590500,2819300,4755211400,4762851700
19,1827,241923073864200,2742900,4800485100,4808125400
19,1843,241923120035400,2699400,4846656300,4854296600
19,1859,241923170192300,2774700,4896813200,4904453500
19,1875,241923214820900,3030400,4941441800,4949082100
19,1891,241923262766200,3058800,4989387100,4997027400
19,1907,241923309791400,2873900,5036412300,5044052600
19,1923,241923355729800,2697500,5082350700,5089991000
19,1939,241923403999200,3103800,5130620100,5138260400
19,1955,241923453071700,2893600,5179692600,5187332900
19,1971,241923495615300,2605400,5222236200,5229876500
19,1987,241923537352600,2579300,5263973500,5271613800
19,2003,241923586111100,2749700,5312732000,5320372300
19,2019,241923632060800,2626200,5358681700,5366322000
19,2035,241923674582200,2943800,5401203100,5408843400
20,4,241918429290700,2437800,155911600,163551900
20,20,241918469055600,2329600,195676500,203316800
20,36,241918506395300,2179900,233016200,240656500
20,52,241918542835800,2300800,269456700,277097000
20,68,241918580711500,2248900,307332400,314972700
20,84,241918616220100,2226600,342841000,350481300
20,100,241918653818900,2387500,380439800,388080100
20,116,241918690352800,2510500,416973700,424614000
20,132,241918746473000,2108000,473093900,480734200
20,148,241918780504000,2053500,507124900,514765200
20,164,241918815417500,2156900,542038400,549678700
20,180,241918851040800,2230700,577661700,585302000
20,196,241918886494500,2182800,613115400,620755700
20,212,241918922133200,2223400,648754100,656394400
20,228,241918956934900,2286500,683555800,691196100
20,244,241918992702400,2604100,719323300,726963600
20,260,241919048132700,2118400,774753600,782393900
20,276,241919083598000,2188500,810218900,817859200
20,292,241919117944000,2114500,844564900,852205200
20,308,241919152254300,2123000,878875200,886515500
20,324,241919187490800,2393900,914111700,921752000
20,340,241919223711000,2231500,950331900,957972200
20,356,241919260073200,2314600,986694100,994334400
20,372,241919295516000,2144200,1022136900,1029777200
20,388,241919331491200,2235300,1058112100,1065752400
20,404,241919385692100,2098400,1112313000,1119953300
20,420,241919421636700,2246600,1148257600,1155897900
20,436,241919456830300,2205100,1183451200,1191091500
20,452,241919491764100,2144900,1218385000,1226025300
20,468,241919527143300,2122100,1253764200,1261404500
20,484,241919561834500,2311600,1288455400,1296095700
20,500,241919601738400,2079300,1328359300,1335999600
20,516,241919637677300,2148300,1364298200,1371938500
20,532,241919691752000,2299700,1418372900,1426013200
20,548,241919727110100,2166800,1453731000,1461371300
20,564,241919763620500,2217200,1490241400,1497881700
20,580,241919798166500,2158100,1524787400,1532427700
20,596,241919831975700,2367300,1558596600,1566236900
20,612,241919869238800,2220200,1595859700,1603500000
20,628,241919904445400,2176200,1631066300,1638706600
20,644,241919940647100,2172500,1667268000,1674908300
20,660,241919995616800,2209300,1722237700,1729878000
20,676,241920030985800,2212200,1757606700,1765247000
20,692,241920067616600,2368300,1794237500,1801877800
20,708,241920103415300,2147500,1830036200,1837676500
20,724,241920139031000,2169500,1865651900,1873292200
20,740,241920174769700,2213900,1901390600,1909030900
20,756,241920210351800,2197900,1936972700,1944613000
20,772,241920245251200,2183800,1971872100,1979512400
20,788,241920280782200,2133500,2007403100,2015043400
20,804,241920336698100,2272300,2063319000,2070959300
20,820,241920371916900,2344500,2098537800,2106178100
20,836,241920407337500,2139400,2133958400,2141598700
20,852,241920443022900,2137800,2169643800,2177284100
20,868,241920477501100,2105600,2204122000,2211762300
20,884,241920511541700,2162000,2238162600,2245802900
20,900,241920545973900,2112000,2272594800,2280235100
20,916,241920580556300,2493300,2307177200,2314817500
20,932,241920635512800,2306000,2362133700,2369774000
20,948,241920670653400,2157200,2397274300,2404914600
20,964,241920705035700,2137800,2431656600,2439296900
20,980,241920740232200,2153500,2466853100,2474493400
20,996,241920776058800,2260200,2502679700,2510320000
20,1012,241920811886900,2109900,2538507800,2546148100
20,1028,241920846068200,2169800,2572689100,2580329400
20,1044,241920880748700,2203600,2607369600,2615009900
20,1060,241920922219400,2210900,2648840300,2656480600
20,1076,241920957532000,2179900,2684152900,2691793200
20,1092,241920992079100,2151100,2718700000,2726340300
20,1108,241921026761900,2098500,2753382800,2761023100
20,1124,241921062572600,2269900,2789193500,2796833800
20,1140,241921097311500,2135900,2823932400,2831572700
20,1156,241921134011800,2177100,2860632700,2868273000
20,1172,241921169287100,2139300,2895908000,2903548300
20,1188,241921204782000,2343900,2931402900,2939043200
20,1204,241921245613100,2146700,2972234000,2979874300
20,1220,241921281654400,2574600,3008275300,3015915600
20,1236,241921326997500,2933500,3053618400,3061258700
20,1252,241921376584200,2952000,3103205100,3110845400
20,1268,241921425885400,3135900,3152506300,3160146600
20,1284,241921472099000,2866900,3198719900,3206360200
20,1300,241921518522100,2849000,3245143000,3252783300
20,1316,241921565662300,2935800,3292283200,3299923500
20,1332,241921623354800,3310400,3349975700,3357616000
20,1348,241921673938500,2919500,3400559400,3408199700
20,1364,241921727193800,3369500,3453814700,3461455000
20,1380,241921775375300,3271100,3501996200,3509636500
20,1396,241921821599900,2758700,3548220800,3555861100
20,1412,241921868413900,2939500,3595034800,3602675100
20,1428,241921915510700,2945100,3642131600,3649771900
20,1444,241921961408700,2970900,3688029600,3695669900
20,1460,241922017464200,3195900,3744085100,3751725400
20,1476,241922064435500,2782600,3791056400,3798696700
20,1492,241922109815900,2798800,3836436800,3844077100
20,1508,241922156013300,2562100,3882634200,3890274500
20,1524,241922197925200,2739800,3924546100,3932186400
20,1540,241922244005200,2975100,3970626100,3978266400
20,1556,241922291190800,2751800,4017811700,4025452000
20,1572,241922336870400,2802100,4063491300,4071131600
20,1588,241922381606400,2756000,4108227300,4115867600
20,1604,241922435285000,3010100,4161905900,4169546200
20,1620,241922483010800,2985600,4209631700,4217272000
20,1636,241922529831100,2786100,4256452000,4264092300
20,1652,241922574480000,2791000,4301100900,4308741200
20,1668,241922623024700,2692500,4349645600,4357285900
20,1684,241922666784600,2734100,4393405500,4401045800
20,1700,241922712602400,2622400,4439223300,4446863600
20,1716,241922758197000,2685100,4484817900,4492458200
20,1732,241922808862100,3049300,4535483000,4543123300
20,1748,241922855562200,2981900,4582183100,4589823400
20,1764,241922898896700,2623600,4625517600,4633157900
20,1780,241922943128300,2803500,4669749200,4677389500
20,1796,241922986882000,2780700,4713502900,4721143200
20,1812,241923031636100,2680900,4758257000,4765897300
20,1828,241923076839400,3049200,4803460300,4811100600
20,1844,241923122960300,2740600,4849581200,4857221500
20,1860,241923173198200,2743100,4899819100,4907459400
20,1876,241923218107600,2941100,4944728500,4952368800
20,1892,241923266091500,3023000,4992712400,5000352700
20,1908,241923312948900,2970900,5039569800,5047210100
20,1924,241923358654700,2795900,5085275600,5092915900
20,1940,241923407375700,3090200,5133996600,5141636900
20,1956,241923456292200,2800500,5182913100,5190553400
20,1972,241923498566400,2566400,5225187300,5232827600
20,1988,241923540263800,2582600,5266884700,5274525000
20,2004,241923589228000,2711700,5315848900,5323489200
20,2020,241923635006600,2595700,5361627500,5369267800
20,2036,241923677915600,3003400,5404536500,5412176800
21,5,241918431766700,2866600,158387600,166027900
21,21,241918471424400,2435400,198045300,205685600
21,37,241918508638800,2221100,235259700,242900000
21,53,241918545085200,2327300,271706100,279346400
21,69,241918582577400,2211600,309198300,316838600
21,85,241918618053200,2225400,344674100,352314400
21,101,241918655716900,2288700,382337800,389978100
21,117,241918692342700,2709000,418963600,426603900
21,133,241918748247500,2134800,474868400,482508700
21,149,241918782222600,2079900,508843500,516483800
21,165,241918817189500,2180800,543810400,551450700
21,181,241918852933900,2272900,579554800,587195100
21,197,241918888332200,2295400,614953100,622593400
21,213,241918924272400,2124500,650893300,658533600
21,229,241918958936600,2141100,685557500,693197800
21,245,241918997397600,2872500,724018500,731658800
21,261,241919051108100,2278700,777729000,785369300
21,277,241919086408100,2190600,813029000,820669300
21,293,241919120643600,2086400,847264500,854904800
21,309,241919155066800,2107300,881687700,889328000
21,325,241919190657700,2285900,917278600,924918900
21,341,241919226714000,2110300,953334900,960975200
21,357,241919263121700,2282300,989742600,997382900
21,373,241919298308500,2155600,1024929400,1032569700
21,389,241919334432900,2170400,1061053800,1068694100
21,405,241919388758900,2382900,1115379800,1123020100
21,421,241919425088800,2151000,1151709700,1159350000
21,437,241919460251100,2206200,1186872000,1194512300
21,453,241919495198600,2397400,1221819500,1229459800
21,469,241919530463200,2150300,1257084100,1264724400
21,485,241919565346100,2182000,1291967000,1299607300
21,501,241919604969400,2323500,1331590300,1339230600
21,517,241919641023400,2239300,1367644300,1375284600
21,533,241919695262500,2167800,1421883400,1429523700
21,549,241919730393600,2117600,1457014500,1464654800
21,565,241919767170900,2263800,1493791800,1501432100
21,581,241919801551800,2116600,1528172700,1535813000
21,597,241919835574700,2221600,1562195600,1569835900
21,613,241919872663800,2276600,1599284700,1606925000
21,629,241919907745000,2177000,1634365900,1642006200
21,645,241919943963100,2140600,1670584000,1678224300
21,661,241919998888800,2156700,1725509700,1733150000
21,677,241920034361200,2584700,1760982100,1768622400
21,693,241920071444200,2529600,1798065100,1805705400
21,709,241920106945600,2266100,1833566500,1841206800
21,725,241920142655200,2151600,1869276100,1876916400
21,741,241920178469400,2238100,1905090300,1912730600
21,757,241920214020700,2145900,1940641600,1948281900
21,773,241920248875300,2187000,1975496200,1983136500
21,789,241920285242200,2262600,2011863100,2019503400
21,805,241920341346100,2244700,2067967000,2075607300
21,821,241920376874800,2374900,2103495700,2111136000
21,837,241920411784100,2111300,2138405000,2146045300
21,853,241920447512700,2125400,2174133600,2181773900
21,869,241920481969900,2147200,2208590800,2216231100
21,885,241920516101800,2145600,2242722700,2250363000
21,901,241920550376500,2128700,2276997400,2284637700
21,917,241920585268000,2288000,2311888900,2319529200
21,933,241920640074700,2143000,2366695600,2374335900
21,949,241920674905400,2185800,2401526300,2409166600
21,965,241920709204700,2118800,2435825600,2443465900
21,981,241920744509500,2221600,2471130400,2478770700
21,997,241920780722800,2409100,2507343700,2514984000
21,1013,241920816308800,2132600,2542929700,2550570000
21,1029,241920850544300,2141400,2577165200,2584805500
21,1045,241920885326200,2155900,2611947100,2619587400
21,1061,241920926806900,2221400,2653427800,2661068100
21,1077,241920962056700,2130000,2688677600,2696317900
21,1093,241920996567500,2242100,2723188400,2730828700
21,1109,241921031264700,2191800,2757885600,2765525900
21,1125,241921067548700,2215000,2794169600,2801809900
21,1141,241921102016500,2007700,2828637400,2836277700
21,1157,241921137858300,2297100,2864479200,2872119500
21,1173,241921173276200,2191200,2899897100,2907537400
21,1189,241921208913300,2241900,2935534200,2943174500
21,1205,241921249395200,2247800,2976016100,2983656400
21,1221,241921286311000,2598600,3012931900,3020572200
21,1237,241921332310900,2916200,3058931800,3066572100
21,1253,241921381891500,2933900,3108512400,3116152700
21,1269,241921431456900,2815600,3158077800,3165718100
21,1285,241921477314900,2925900,3203935800,3211576100
21,1301,241921523907200,3027100,3250528100,3258168400
21,1317,241921571021000,2927000,3297641900,3305282200
21,1333,241921629297200,3295100,3355918100,3363558400
21,1349,241921679327100,3340900,3405948000,3413588300
21,1365,241921733132100,2490800,3459753000,3467393300
21,1381,241921781519700,3256200,3508140600,3515780900
21,1397,241921826813300,2958400,3553434200,3561074500
21,1413,241921873822000,2919000,3600442900,3608083200
21,1429,241921921067000,2748700,3647687900,3655328200
21,1445,241921966851600,2821500,3693472500,3701112800
21,1461,241922023360200,2978100,3749981100,3757621400
21,1477,241922069709700,2879100,3796330600,3803970900
21,1493,241922115201400,2733100,3841822300,3849462600
21,1509,241922160789100,2566200,3887410000,3895050300
21,1525,241922203016100,2685700,3929637000,3937277300
21,1541,241922249556400,2993300,3976177300,3983817600
21,1557,241922296223200,2814900,4022844100,4030484400
21,1573,241922342004700,2853400,4068625600,4076265900
21,1589,241922386745400,3062600,4113366300,4121006600
21,1605,241922440921800,2967400,4167542700,4175183000
21,1621,241922488628800,2710100,4215249700,4222890000
21,1637,241922535029900,2816600,4261650800,4269291100
21,1653,241922579821300,2900300,4306442200,4314082500
21,1669,241922628343300,2701200,4354964200,4362604500
21,1685,241922671838500,2631500,4398459400,4406099700
21,1701,241922717382000,3092700,4444002900,4451643200
21,1717,241922762990000,2716500,4489610900,4497251200
21,1733,241922814232200,2930100,4540853100,4548493400
21,1749,241922860775300,2934100,4587396200,4595036500
21,1765,241922903468000,2631300,4630088900,4637729200
21,1781,241922948076800,2719400,4674697700,4682338000
21,1797,241922991861100,2692800,4718482000,4726122300
21,1813,241923036619400,2589000,4763240300,4770880600
21,1829,241923082388300,3171300,4809009200,4816649500
21,1845,241923127875700,2713500,4854496600,4862136900
21,1861,241923178069500,2722600,4904690400,4912330700
21,1877,241923223457800,2838000,4950078700,4957719000
21,1893,241923271751200,3012900,4998372100,5006012400
21,1909,241923318296400,2838800,5044917300,5052557600
21,1925,241923363819200,2942900,5090440100,5098080400
21,1941,241923413120600,3113500,5139741500,5147381800
21,1957,241923461532800,2770700,5188153700,5195794000
21,1973,241923503269900,2624800,5229890800,5237531100
21,1989,241923544946100,2781100,5271567000,5279207300
21,2005,241923594186300,2758900,5320807200,5328447500
21,2021,241923639885300,2662500,5366506200,5374146500
21,2037,241923683171500,2862200,5409792400,5417432700
22,6,241918434779400,2646300,161400300,169040600
22,22,241918474093100,2350100,200714000,208354300
22,38,241918511166600,2247400,237787500,245427800
22,54,241918547635300,2476700,274256200,281896500
22,70,241918585022000,2160800,311642900,319283200
22,86,241918620558100,2121400,347179000,354819300
22,102,241918658357900,2215500,384978800,392619100
22,118,241918695363900,2384900,421984800,429625100
22,134,241918750647300,2106300,477268200,484908500
22,150,241918784558000,2127000,511178900,518819200
22,166,241918819625800,2092500,546246700,553887000
22,182,241918855484900,2295700,582105800,589746100
22,198,241918890910800,2182100,617531700,625172000
22,214,241918926519100,2311100,653140000,660780300
22,230,241918961357400,2206500,687978300,695618600
22,246,241918999916800,2194500,726537700,734178000
22,262,241919053060000,2054100,779680900,787321200
22,278,241919088447300,2149300,815068200,822708500
22,294,241919122592300,2045500,849213200,856853500
22,310,241919156837400,2109200,883458300,891098600
22,326,241919192328800,2263500,918949700,926590000
22,342,241919228218500,2128100,954839400,962479700
22,358,241919264634700,2208200,991255600,998895900
22,374,241919299708800,2140100,1026329700,1033970000
22,390,241919335823600,2227800,1062444500,1070084800
22,406,241919390193900,2369900,1116814800,1124455100
22,422,241919426377200,2155700,1152998100,1160638400
22,438,241919461533500,2231400,1188154400,1195794700
22,454,241919496586800,2306200,1223207700,1230848000
22,470,241919531730000,2170800,1258350900,1265991200
22,486,241919566619600,2193400,1293240500,1300880800
22,502,241919606277400,2611500,1332898300,1340538600
22,518,241919642255400,2149400,1368876300,1376516600
22,534,241919696378800,2141800,1422999700,1430640000
22,550,241919731513500,2158800,1458134400,1465774700
22,566,241919768355800,2263200,1494976700,1502617000
22,582,241919802692200,2101200,1529313100,1536953400
22,598,241919837234800,2281600,1563855700,1571496000
22,614,241919874515100,2183400,1601136000,1608776300
22,630,241919909528000,2181500,1636148900,1643789200
22,646,241919945704200,2153600,1672325100,1679965400
22,662,241920000757000,2183500,1727377900,1735018200
22,678,241920036620000,2539800,1763240900,1770881200
22,694,241920073398800,2499000,1800019700,1807660000
22,710,241920108619600,2318900,1835240500,1842880800
22,726,241920144189800,2156700,1870810700,1878451000
22,742,241920180113200,2237000,1906734100,1914374400
22,758,241920215556800,2173200,1942177700,1949818000
22,774,241920250460700,2135000,1977081600,1984721900
22,790,241920286521600,2374900,2013142500,2020782800
22,806,241920343019500,2186400,2069640400,2077280700
22,822,241920378606300,2174200,2105227200,2112867500
22,838,241920413238600,2223500,2139859500,2147499800
22,854,241920449038600,2156700,2175659500,2183299800
22,870,241920483486700,2144400,2210107600,2217747900
22,886,241920517625500,2138400,2244246400,2251886700
22,902,241920551813700,2175200,2278434600,2286074900
22,918,241920586726900,2226700,2313347800,2320988100
22,934,241920641390400,2197800,2368011300,2375651600
22,950,241920676355600,2179700,2402976500,2410616800
22,966,241920710624300,2123500,2437245200,2444885500
22,982,241920745981800,2311900,2472602700,2480243000
22,998,241920782248000,2293700,2508868900,2516509200
22,1014,241920817594600,2109000,2544215500,2551855800
22,1030,241920851814600,2187200,2578435500,2586075800
22,1046,241920886806500,2183800,2613427400,2621067700
22,1062,241920928395700,2140600,2655016600,2662656900
22,1078,241920963558300,2164600,2690179200,2697819500
22,1094,241920998078500,2244000,2724699400,2732339700
22,1110,241921032792600,2320400,2759413500,2767053800
22,1126,241921068854700,2225300,2795475600,2803115900
22,1142,241921103587400,2470200,2830208300,2837848600
22,1158,241921139750700,2368400,2866371600,2874011900
22,1174,241921175122700,2184100,2901743600,2909383900
22,1190,241921210774400,2219700,2937395300,2945035600
22,1206,241921251343600,2583200,2977964500,2985604800
22,1222,241921288480200,2565200,3015101100,3022741400
22,1238,241921334707200,2801500,3061328100,3068968400
22,1254,241921384338800,2938300,3110959700,3118600000
22,1270,241921433736400,2843700,3160357300,3167997600
22,1286,241921479714300,2797700,3206335200,3213975500
22,1302,241921526340000,3008500,3252960900,3260601200
22,1318,241921573375800,2931900,3299996700,3307637000
22,1334,241921631938500,3392800,3358559400,3366199700
22,1350,241921681734700,3642800,3408355600,3415995900
22,1366,241921734933200,2596400,3461554100,3469194400
22,1382,241921783836500,3205000,3510457400,3518097700
22,1398,241921828872900,2943500,3555493800,3563134100
22,1414,241921875855100,2946700,3602476000,3610116300
22,1430,241921922941600,2915300,3649562500,3657202800
22,1446,241921968833700,2865100,3695454600,3703094900
22,1462,241922025403800,2961900,3752024700,3759665000
22,1478,241922071727700,2865200,3798348600,3805988900
22,1494,241922117150800,2869000,3843771700,3851412000
22,1510,241922162577300,2698400,3889198200,3896838500
22,1526,241922204878300,2741700,3931499200,3939139500
22,1542,241922251607000,3040300,3978227900,3985868200
22,1558,241922298092800,2824100,4024713700,4032354000
22,1574,241922343930400,2948400,4070551300,4078191600
22,1590,241922388875700,8636800,4115496600,4123136900
22,1606,241922442669600,3021000,4169290500,4176930800
22,1622,241922490191600,2853900,4216812500,4224452800
22,1638,241922536734400,2816800,4263355300,4270995600
22,1654,241922581548400,2978000,4308169300,4315809600
22,1670,241922630096200,2606000,4356717100,4364357400
22,1686,241922673493300,3041700,4400114200,4407754500
22,1702,241922719371000,3131300,4445991900,4453632200
22,1718,241922764703800,2625200,4491324700,4498965000
22,1734,241922816225600,2950000,4542846500,4550486800
22,1750,241922862750200,2923600,4589371100,4597011400
22,1766,241922905294100,2553100,4631915000,4639555300
22,1782,241922949909900,2831800,4676530800,4684171100
22,1798,241922993648700,2646800,4720269600,4727909900
22,1814,241923038331700,2618300,4764952600,4772592900
22,1830,241923084404900,3136900,4811025800,4818666100
22,1846,241923129647000,2714300,4856267900,4863908200
22,1862,241923179805000,2837400,4906425900,4914066200
22,1878,241923225117000,2844400,4951737900,4959378200
22,1894,241923273487800,3033400,5000108700,5007749000
22,1910,241923319959600,2789200,5046580500,5054220800
22,1926,241923365572800,2898400,5092193700,5099834000
22,1942,241923414972500,3139200,5141593400,5149233700
22,1958,241923463330400,2640500,5189951300,5197591600
22,1974,241923504946200,2635400,5231567100,5239207400
22,1990,241923546590800,2913500,5273211700,5280852000
22,2006,241923595963500,2711000,5322584400,5330224700
22,2022,241923641583600,2731300,5368204500,5375844800
22,2038,241923685000500,2627700,5411621400,5419261700
23,7,241918437325300,2716800,163946200,171586500
23,23,241918476236400,2317800,202857300,210497600
23,39,241918513149700,2186900,239770600,247410900
23,55,241918549969200,2339400,276590100,284230400
23,71,241918587065100,2234500,313686000,321326300
23,87,241918622537200,2113900,349158100,356798400
23,103,241918660324000,2467000,386944900,394585200
23,119,241918697541400,2275300,424162300,431802600
23,135,241918752551300,2095400,479172200,486812500
23,151,241918786478800,2323800,513099700,520740000
23,167,241918821518500,2199000,548139400,555779700
23,183,241918857576800,2187600,584197700,591838000
23,199,241918892737400,2143400,619358300,626998600
23,215,241918928353800,2281900,654974700,662615000
23,231,241918963140000,2177200,689760900,697401200
23,247,241919001648400,2249700,728269300,735909600
23,263,241919054623000,2148100,781243900,788884200
23,279,241919089906200,2086700,816527100,824167400
23,295,241919123954200,2029000,850575100,858215400
23,311,241919158276100,2067000,884897000,892537300
23,327,241919194198400,2305100,920819300,928459600
23,343,241919229974100,2204000,956595000,964235300
23,359,241919266400300,2184900,993021200,1000661500
23,375,241919301401600,2117300,1028022500,1035662800
23,391,241919337609100,21917300,1064230000,1071870300
23,407,241919392068500,2230400,1118689400,1126329700
23,423,241919428019300,2165000,1154640200,1162280500
23,439,241919463253400,2181500,1189874300,1197514600
23,455,241919498399400,2260600,1225020300,1232660600
23,471,241919533400700,2148000,1260021600,1267661900
23,487,241919568312300,2188100,1294933200,1302573500
23,503,241919608046000,2432700,1334666900,1342307200
23,519,241919643837100,2121700,1370458000,1378098300
23,535,241919698073500,2159000,1424694400,1432334700
23,551,241919733203800,2241800,1459824700,1467465000
23,567,241919770064500,2220100,1496685400,1504325700
23,583,241919804274200,2102300,1530895100,1538535400
23,599,241919838551800,2169500,1565172700,1572813000
23,615,241919875595800,2206000,1602216700,1609857000
23,631,241919910628300,2099200,1637249200,1644889500
23,647,241919946704200,2167000,1673325100,1680965400
23,663,241920001668100,2310000,1728289000,1735929300
23,679,241920037699300,2417400,1764320200,1771960500
23,695,241920074506200,2433300,1801127100,1808767400
23,711,241920109669000,2270900,1836289900,1843930200
23,727,241920145332100,2140900,1871953000,1879593300
23,743,241920181224400,2192000,1907845300,1915485600
23,759,241920216673200,2128000,1943294100,1950934400
23,775,241920251520500,2140700,1978141400,1985781700
23,791,241920287716500,21210900,2014337400,2021977700
23,807,241920343772300,2156200,2070393200,2078033500
23,823,241920379466200,2193000,2106087100,2113727400
23,839,241920414099500,2221400,2140720400,2148360700
23,855,241920449824600,2148100,2176445500,2184085800
23,871,241920484206300,2138200,2210827200,2218467500
23,887,241920518332700,2153700,2244953600,2252593900
23,903,241920552594600,2172300,2279215500,2286855800
23,919,241920587502400,2209300,2314123300,2321763600
23,935,241920642339700,2188500,2368960600,2376600900
23,951,241920677179700,2167000,2403800600,2411440900
23,967,241920711413800,2104000,2438034700,2445675000
23,983,241920746866200,2331400,2473487100,2481127400
23,999,241920783232800,2331800,2509853700,2517494000
23,1015,241920818708200,2112700,2545329100,2552969400
23,1031,241920852932800,2182100,2579553700,2587194000
23,1047,241920887723100,2161300,2614344000,2621984300
23,1063,241920929636400,2129700,2656257300,2663897600
23,1079,241920964797000,2161900,2691417900,2699058200
23,1095,241920999387000,2236700,2726007900,2733648200
23,1111,241921034218000,2192400,2760838900,2768479200
23,1127,241921070245100,2193600,2796866000,2804506300
23,1143,241921105162400,2176000,2831783300,2839423600
23,1159,241921141245300,2224300,2867866200,2875506500
23,1175,241921176384400,2180100,2903005300,2910645600
23,1191,241921212047300,2220500,2938668200,2946308500
23,1207,241921252772200,2393500,2979393100,2987033400
23,1223,241921290073500,2632200,3016694400,3024334700
23,1239,241921336492400,2695100,3063113300,3070753600
23,1255,241921386234000,2919900,3112854900,3120495200
23,1271,241921435529800,2810600,3162150700,3169791000
23,1287,241921481476700,2832100,3208097600,3215737900
23,1303,241921528275300,3106400,3254896200,3262536500
23,1319,241921575218300,2928900,3301839200,3309479500
23,1335,241921634919700,3262200,3361540600,3369180900
23,1351,241921684929700,3466000,3411550600,3419190900
23,1367,241921737318400,2284400,3463939300,3471579600
23,1383,241921786742300,3193000,3513363200,3521003500
23,1399,241921831572400,2951600,3558193300,3565833600
23,1415,241921878560000,3004500,3605180900,3612821200
23,1431,241921925696700,2916300,3652317600,3659957900
23,1447,241921971583500,2914000,3698204400,3705844700
23,1463,241922028322800,2956200,3754943700,3762584000
23,1479,241922074545600,2848800,3801166500,3808806800
23,1495,241922119984600,2776000,3846605500,3854245800
23,1511,241922165190600,2630100,3891811500,3899451800
23,1527,241922207543200,2661600,3934164100,3941804400
23,1543,241922254562100,3055100,3981183000,3988823300
23,1559,241922300840300,2709600,4027461200,4035101500
23,1575,241922346802400,2795000,4073423300,4081063600
23,1591,241922397433200,3028700,4124054100,4131694400
23,1607,241922445603200,3016900,4172224100,4179864400
23,1623,241922492976900,2783300,4219597800,4227238100
23,1639,241922539436100,2917300,4266057000,4273697300
23,1655,241922584403100,2985800,4311024000,4318664300
23,1671,241922632560200,2600200,4359181100,4366821400
23,1687,241922676369400,2925200,4402990300,4410630600
23,1703,241922722342400,2931100,4448963300,4456603600
23,1719,241922767118400,2648800,4493739300,4501379600
23,1735,241922818813300,2990800,4545434200,4553074500
23,1751,241922865272700,2870800,4591893600,4599533900
23,1767,241922907504400,2541400,4634125300,4641765600
23,1783,241922952401100,2700000,4679022000,4686662300
23,1799,241922995975000,2694300,4722595900,4730236200
23,1815,241923040600800,2596200,4767221700,4774862000
23,1831,241923087169900,3180900,4813790800,4821431100
23,1847,241923132001600,2787000,4858622500,4866262800
23,1863,241923182281800,2783900,4908902700,4916543000
23,1879,241923227727800,2837600,4954348700,4961989000
23,1895,241923276270300,2996900,5002891200,5010531500
23,1911,241923322497800,2978300,5049118700,5056759000
23,1927,241923368290200,2903400,5094911100,5102551400
23,1943,241923417880500,3297100,5144501400,5152141700
23,1959,241923465724900,2631700,5192345800,5199986100
23,1975,241923507373500,2548700,5233994400,5241634700
23,1991,241923549287600,8366300,5275908500,5283548800
23,2007,241923598445500,2648600,5325066400,5332706700
23,2023,241923644088800,2608700,5370709700,5378350000
23,2039,241923687513500,2688700,5414134400,5421774700
24,8,241918440338300,2517500,166959200,174599500
24,24,241918478864100,2135700,205485000,213125300
24,40,241918515526300,2245400,242147200,249787500
24,56,241918552619000,2300800,279239900,286880200
24,72,241918589641500,2169400,316262400,323902700
24,88,241918625007600,2097600,351628500,359268800
24,104,241918663315900,2221100,389936800,397577100
24,120,241918700295600,2220600,426916500,434556800
24,136,241918755169900,2123900,481790800,489431100
24,152,241918789318300,2097400,515939200,523579500
24,168,241918824222100,2098500,550843000,558483300
24,184,241918860304600,2236600,586925500,594565800
24,200,241918895512500,2280300,622133400,629773700
24,216,241918931449800,2174900,658070700,665711000
24,232,241918965908500,2163900,692529400,700169700
24,248,241919004563000,2177100,731183900,738824200
24,264,241919057600900,2244200,784221800,791862100
24,280,241919092661500,2121000,819282400,826922700
24,296,241919126664400,2067900,853285300,860925600
24,312,241919160936000,2067800,887556900,895197200
24,328,241919197144300,2286000,923765200,931405500
24,344,241919232661200,2161600,959282100,966922400
24,360,241919269177500,2274400,995798400,1003438700
24,376,241919304099300,2188100,1030720200,1038360500
24,392,241919360290900,2265000,1086911800,1094552100
24,408,241919394900200,2186000,1121521100,1129161400
24,424,241919430773200,2167600,1157394100,1165034400
24,440,241919466021400,2188400,1192642300,1200282600
24,456,241919501388000,2227300,1228008900,1235649200
24,472,241919536245400,2157100,1262866300,1270506600
24,488,241919571141600,2137700,1297762500,1305402800
24,504,241919611097600,2386200,1337718500,1345358800
24,520,241919646895200,2135800,1373516100,1381156400
24,536,241919701197000,2220300,1427817900,1435458200
24,552,241919736472700,2504700,1463093600,1470733900
24,568,241919773118800,2170500,1499739700,1507380000
24,584,241919807161500,2127100,1533782400,1541422700
24,600,241919841621500,2125900,1568242400,1575882700
24,616,241919878621600,2165900,1605242500,1612882800
24,632,241919913604200,2170700,1640225100,1647865400
24,648,241919949775400,2154200,1676396300,1684036600
24,664,241920004886900,2172600,1731507800,1739148100
24,680,241920041108900,2305200,1767729800,1775370100
24,696,241920077843900,2357100,1804464800,1812105100
24,712,241920112800400,2327200,1839421300,1847061600
24,728,241920148228100,2345400,1874849000,1882489300
24,744,241920184177700,2175800,1910798600,1918438900
24,760,241920219607900,2137800,1946228800,1953869100
24,776,241920254397500,2331700,1981018400,1988658700
24,792,241920310238200,2670500,2036859100,2044499400
24,808,241920347163200,2252900,2073784100,2081424400
24,824,241920382699200,2262200,2109320100,2116960400
24,840,241920417736600,2350700,2144357500,2151997800
24,856,241920453025900,2086000,2179646800,2187287100
24,872,241920487566100,2131800,2214187000,2221827300
24,888,241920521702500,2149400,2248323400,2255963700
24,904,241920555922100,2138200,2282543000,2290183300
24,920,241920591390600,2177200,2318011500,2325651800
24,936,241920645989100,2124800,2372610000,2380250300
24,952,241920680815900,2120600,2407436800,2415077100
24,968,241920714902300,2365700,2441523200,2449163500
24,984,241920750563000,2190600,2477183900,2484824200
24,1000,241920786887100,2262200,2513508000,2521148300
24,1016,241920821829100,2121600,2548450000,2556090300
24,1032,241920856189300,2187000,2582810200,2590450500
24,1048,241920890987800,2245000,2617608700,2625249000
24,1064,241920932556100,2123400,2659177000,2666817300
24,1080,241920967843600,2121600,2694464500,2702104800
24,1096,241921002435800,2134800,2729056700,2736697000
24,1112,241921037331000,2202000,2763951900,2771592200
24,1128,241921073239100,2209600,2799860000,2807500300
24,1144,241921108188600,2239200,2834809500,2842449800
24,1160,241921144210100,2217700,2870831000,2878471300
24,1176,241921179651100,2179900,2906272000,2913912300
24,1192,241921221152900,2226400,2947773800,2955414100
24,1208,241921256550800,2203600,2983171700,2990812000
24,1224,241921294485500,2637100,3021106400,3028746700
24,1240,241921340979800,2759500,3067600700,3075241000
24,1256,241921390990700,3053000,3117611600,3125251900
24,1272,241921440131800,2893400,3166752700,3174393000
24,1288,241921486166500,2497500,3212787400,3220427700
24,1304,241921533334600,2647800,3259955500,3267595800
24,1320,241921580043600,2949000,3306664500,3314304800
24,1336,241921639555100,3156500,3366176000,3373816300
24,1352,241921689807100,3453700,3416428000,3424068300
24,1368,241921740626300,2847400,3467247200,3474887500
24,1384,241921791137100,2965600,3517758000,3525398300
24,1400,241921835770300,2987200,3562391200,3570031500
24,1416,241921882799300,2924700,3609420200,3617060500
24,1432,241921929806300,2919700,3656427200,3664067500
24,1448,241921975558800,2957400,3702179700,3709820000
24,1464,241922032203000,2949700,3758823900,3766464200
24,1480,241922078321600,2886000,3804942500,3812582800
24,1496,241922123666800,2808600,3850287700,3857928000
24,1512,241922168690900,2575800,3895311800,3902952100
24,1528,241922211136000,2774900,3937756900,3945397200
24,1544,241922258724500,3078200,3985345400,3992985700
24,1560,241922304639000,3244000,4031259900,4038900200
24,1576,241922350752200,2818900,4077373100,4085013400
24,1592,241922401686900,3022400,4128307800,4135948100
24,1608,241922449642000,2994300,4176262900,4183903200
24,1624,241922496740600,2802800,4223361500,4231001800
24,1640,241922543302900,2820900,4269923800,4277564100
24,1656,241922588410700,3100800,4315031600,4322671900
24,1672,241922636037200,2654000,4362658100,4370298400
24,1688,241922680298600,2970500,4406919500,4414559800
24,1704,241922726292000,3005500,4452912900,4460553200
24,1720,241922770729300,2690900,4497350200,4504990500
24,1736,241922822869600,3024500,4549490500,4557130800
24,1752,241922869200800,2870200,4595821700,4603462000
24,1768,241922910985300,2560600,4637606200,4645246500
24,1784,241922956061200,2747700,4682682100,4690322400
24,1800,241922999670100,2791600,4726291000,4733931300
24,1816,241923044039500,2481500,4770660400,4778300700
24,1832,241923091357200,3257700,4817978100,4825618400
24,1848,241923135720600,2771700,4862341500,4869981800
24,1864,241923185961500,2885500,4912582400,4920222700
24,1880,241923231580000,2841800,4958200900,4965841200
24,1896,241923280346700,3050500,5006967600,5014607900
24,1912,241923326444900,2979500,5053065800,5060706100
24,1928,241923372264100,3335100,5098885000,5106525300
24,1944,241923422290700,3161000,5148911600,5156551900
24,1960,241923469266000,2571400,5195886900,5203527200
24,1976,241923510764700,2591600,5237385600,5245025900
24,1992,241923558577400,2743000,5285198300,5292838600
24,2008,241923601983000,2761800,5328603900,5336244200
24,2024,241923647591400,2830400,5374212300,5381852600
24,2040,241923691089000,2710200,5417709900,5425350200
25,9,241918442644300,2272200,169265200,176905500
25,25,241918480824300,2204100,207445200,215085500
25,41,241918517721400,2253500,244342300,251982600
25,57,241918555283700,2273000,281904600,289544900
25,73,241918592087900,2193200,318708800,326349100
25,89,241918627380900,2341100,354001800,361642100
25,105,241918665855100,2211500,392476000,400116300
25,121,241918702861100,2281200,429482000,437122300
25,137,241918757617800,2175600,484238700,491879000
25,153,241918791744700,2089900,518365600,526005900
25,169,241918826638100,2097500,553259000,560899300
25,185,241918862808000,2133700,589428900,597069200
25,201,241918898290800,2165400,624911700,632552000
25,217,241918934107700,2122300,660728600,668368900
25,233,241918968506600,2093500,695127500,702767800
25,249,241919005461600,2130400,732082500,739722800
25,265,241919058445300,2193800,785066200,792706500
25,281,241919093374000,2100600,819994900,827635200
25,297,241919127354800,2063300,853975700,861616000
25,313,241919161846300,2104600,888467200,896107500
25,329,241919197792300,2253600,924413200,932053500
25,345,241919233340300,2129300,959961200,967601500
25,361,241919269951300,2275100,996572200,1004212500
25,377,241919304893100,2125200,1031514000,1039154300
25,393,241919361194900,2203900,1087815800,1095456100
25,409,241919395655700,2274500,1122276600,1129916900
25,425,241919431629100,2216200,1158250000,1165890300
25,441,241919466954800,2121600,1193575700,1201216000
25,457,241919502205900,2228400,1228826800,1236467100
25,473,241919537034500,2181500,1263655400,1271295700
25,489,241919571940400,2146100,1298561300,1306201600
25,505,241919612052700,2285000,1338673600,1346313900
25,521,241919647631900,2124900,1374252800,1381893100
25,537,241919701887600,2287300,1428508500,1436148800
25,553,241919737539600,2388500,1464160500,1471800800
25,569,241919773826400,2156300,1500447300,1508087600
25,585,241919807827300,2143500,1534448200,1542088500
25,601,241919841730200,2139500,1568351100,1575991400
25,617,241919878723100,2157200,1605344000,1612984300
25,633,241919913717700,2176200,1640338600,1647978900
25,649,241919949835500,2156300,1676456400,1684096700
25,665,241920004940100,2204500,1731561000,1739201300
25,681,241920041265100,2305900,1767886000,1775526300
25,697,241920078069000,2341800,1804689900,1812330200
25,713,241920112999900,2326400,1839620800,1847261100
25,729,241920148594500,2312000,1875215400,1882855700
25,745,241920184469700,2177500,1911090600,1918730900
25,761,241920219842300,2139200,1946463200,1954103500
25,777,241920254837700,2390800,1981458600,1989098900
25,793,241920310528100,2522300,2037149000,2044789300
25,809,241920346879000,2183300,2073499900,2081140200
25,825,241920382440600,2243400,2109061500,2116701800
25,841,241920417220500,2483600,2143841400,2151481700
25,857,241920452709700,2101300,2179330600,2186970900
25,873,241920487190000,2119200,2213810900,2221451200
25,889,241920521327900,2137500,2247948800,2255589100
25,905,241920555599400,2142900,2282220300,2289860600
25,921,241920590630600,2171700,2317251500,2324891800
25,937,241920645088700,2120700,2371709600,2379349900
25,953,241920680063700,2133900,2406684600,2414324900
25,969,241920714540200,2573400,2441161100,2448801400
25,985,241920750380400,2193000,2477001300,2484641600
25,1001,241920786697000,2261300,2513317900,2520958200
25,1017,241920821648500,2128700,2548269400,2555909700
25,1033,241920856069400,2173900,2582690300,2590330600
25,1049,241920890826000,2213800,2617446900,2625087200
25,1065,241920932383000,2124000,2659003900,2666644200
25,1081,241920967588900,2117400,2694209800,2701850100
25,1097,241921002149300,2150600,2728770200,2736410500
25,1113,241921037006600,2301900,2763627500,2771267800
25,1129,241921072975800,2204000,2799596700,2807237000
25,1145,241921108057300,2229400,2834678200,2842318500
25,1161,241921144012100,2205600,2870633000,2878273300
25,1177,241921179167200,2170200,2905788100,2913428400
25,1193,241921214902200,7796100,2941523100,2949163400
25,1209,241921255746000,2178400,2982366900,2990007200
25,1225,241921293344500,2713400,3019965400,3027605700
25,1241,241921339855000,2759900,3066475900,3074116200
25,1257,241921389722200,2999600,3116343100,3123983400
25,1273,241921438977400,2870500,3165598300,3173238600
25,1289,241921484952900,2863200,3211573800,3219214100
25,1305,241921532057200,2956400,3258678100,3266318400
25,1321,241921578788000,2878900,3305408900,3313049200
25,1337,241921637787100,3232300,3364408000,3372048300
25,1353,241921688052600,3465300,3414673500,3422313800
25,1369,241921739340700,2387700,3465961600,3473601900
25,1385,241921789532100,3095200,3516153000,3523793300
25,1401,241921834238000,2955000,3560858900,3568499200
25,1417,241921881248900,2917500,3607869800,3615510100
25,1433,241921928180000,3135400,3654800900,3662441200
25,1449,241921974070100,2923900,3700691000,3708331300
25,1465,241922030753400,2811000,3757374300,3765014600
25,1481,241922076859600,2911800,3803480500,3811120800
25,1497,241922122248800,2783300,3848869700,3856510000
25,1513,241922167367700,2553300,3893988600,3901628900
25,1529,241922209730500,2779200,3936351400,3943991700
25,1545,241922257084600,3083100,3983705500,3991345800
25,1561,241922303101500,2742600,4029722400,4037362700
25,1577,241922349091900,2854400,4075712800,4083353100
25,1593,241922399951400,3043600,4126572300,4134212600
25,1609,241922448104400,3026500,4174725300,4182365600
25,1625,241922495299400,2895300,4221920300,4229560600
25,1641,241922541780100,2912500,4268401000,4276041300
25,1657,241922586891900,3046600,4313512800,4321153100
25,1673,241922634742300,2559300,4361363200,4369003500
25,1689,241922678571500,2929300,4405192400,4412832700
25,1705,241922724542200,2927800,4451163100,4458803400
25,1721,241922769124900,2693700,4495745800,4503386100
25,1737,241922821099600,2963500,4547720500,4555360800
25,1753,241922867493400,2898400,4594114300,4601754600
25,1769,241922909472700,2550800,4636093600,4643733900
25,1785,241922954420600,2728300,4681041500,4688681800
25,1801,241922997990900,2737700,4724611800,4732252100
25,1817,241923042509800,2587500,4769130700,4776771000
25,1833,241923089511900,3163900,4816132800,4823773100
25,1849,241923134073800,2754200,4860694700,4868335000
25,1865,241923184458300,2584400,4911079200,4918719500
25,1881,241923230723600,2834800,4957344500,4964984800
25,1897,241923279437000,2995500,5006057900,5013698200
25,1913,241923325629700,2806000,5052250600,5059890900
25,1929,241923371329000,3309200,5097949900,5105590200
25,1945,241923421320200,3131800,5147941100,5155581400
25,1961,241923468508100,2600100,5195129000,5202769300
25,1977,241923510039300,2559200,5236660200,5244300500
25,1993,241923557763700,2784000,5284384600,5292024900
25,2009,241923601202800,2746000,5327823700,5335464000
25,2025,241923646814600,2613800,5373435500,5381075800
25,2041,241923690349100,2710900,5416970000,5424610300
26,10,241918445012800,2291000,171633700,179274000
26,26,241918483143100,2206600,209764000,217404300
26,42,241918520159500,2235400,246780400,254420700
26,58,241918556629300,2302400,283250200,290890500
26,74,241918593457900,2158900,320078800,327719100
26,90,241918628715300,2585800,355336200,362976500
26,106,241918666962800,2250500,393583700,401224000
26,122,241918703911100,2279700,430532000,438172300
26,138,241918758647600,2159100,485268500,492908800
26,154,241918792731600,2133800,519352500,526992800
26,170,241918827597700,2117700,554218600,561858900
26,186,241918863933400,2171300,590554300,598194600
26,202,241918899239800,2133700,625860700,633501000
26,218,241918935113300,2127200,661734200,669374500
26,234,241918969555300,2881300,696176200,703816500
26,250,241919008004600,2191200,734625500,742265800
26,266,241919061038300,2095900,787659200,795299500
26,282,241919096121500,2032000,822742400,830382700
26,298,241919130012700,2044400,856633600,864273900
26,314,241919164426700,2130300,891047600,898687900
26,330,241919200943300,2267600,927564200,935204500
26,346,241919236612500,2165800,963233400,970873700
26,362,241919273183300,2219600,999804200,1007444500
26,378,241919307947800,2960600,1034568700,1042209000
26,394,241919364218100,2288500,1090839000,1098479300
26,410,241919398895300,2120000,1125516200,1133156500
26,426,241919434924600,2135300,1161545500,1169185800
26,442,241919470048900,2366400,1196669800,1204310100
26,458,241919505485500,2193700,1232106400,1239746700
26,474,241919540238500,2186100,1266859400,1274499700
26,490,241919575093600,2118900,1301714500,1309354800
26,506,241919615459500,2222000,1342080400,1349720700
26,522,241919650823800,2202600,1377444700,1385085000
26,538,241919705341700,2338100,1431962600,1439602900
26,554,241919741015700,2217500,1467636600,1475276900
26,570,241919777085000,2148700,1503705900,1511346200
26,586,241919811051800,2080000,1537672700,1545313000
26,602,241919845818300,2331100,1572439200,1580079500
26,618,241919882642300,2171900,1609263200,1616903500
26,634,241919917611000,2451000,1644231900,1651872200
26,650,241919953709700,2122300,1680330600,1687970900
26,666,241920008919900,2143100,1735540800,1743181100
26,682,241920045446900,2291900,1772067800,1779708100
26,698,241920082306800,2168900,1808927700,1816568000
26,714,241920117456800,2436000,1844077700,1851718000
26,730,241920152823700,2221100,1879444600,1887084900
26,746,241920188576200,2148600,1915197100,1922837400
26,762,241920223916500,2199600,1950537400,1958177700
26,778,241920258955700,2208400,1985576600,1993216900
26,794,241920314699100,2316500,2041320000,2048960300
26,810,241920350717100,2187900,2077338000,2084978300
26,826,241920386419600,2231600,2113040500,2120680800
26,842,241920421530300,2245900,2148151200,2155791500
26,858,241920456451300,2139700,2183072200,2190712500
26,874,241920490980600,2089900,2217601500,2225241800
26,890,241920525150000,2235800,2251770900,2259411200
26,906,241920559442300,2084700,2286063200,2293703500
26,922,241920594718800,2131200,2321339700,2328980000
26,938,241920649143300,2182100,2375764200,2383404500
26,954,241920683908900,2115300,2410529800,2418170100
26,970,241920718520300,2211400,2445141200,2452781500
26,986,241920753849300,2151800,2480470200,2488110500
26,1002,241920790266500,2260100,2516887400,2524527700
26,1018,241920824991600,2113800,2551612500,2559252800
26,1034,241920859427900,2155100,2586048800,2593689100
26,1050,241920894356900,2143500,2620977800,2628618100
26,1066,241920935847700,2244200,2662468600,2670108900
26,1082,241920970963400,2153900,2697584300,2705224600
26,1098,241921005659500,2109300,2732280400,2739920700
26,1114,241921040684500,2271800,2767305400,2774945700
26,1130,241921076582900,2165600,2803203800,2810844100
26,1146,241921111609700,2193200,2838230600,2845870900
26,1162,241921147875600,2235300,2874496500,2882136800
26,1178,241921183021800,2184800,2909642700,2917283000
26,1194,241921224396200,2184500,2951017100,2958657400
26,1210,241921259565200,2141300,2986186100,2993826400
26,1226,241921298028400,3047300,3024649300,3032289600
26,1242,241921344683300,2827600,3071304200,3078944500
26,1258,241921395064600,2879700,3121685500,3129325800
26,1274,241921443940300,2933400,3170561200,3178201500
26,1290,241921489672600,3029000,3216293500,3223933800
26,1306,241921536803700,2834800,3263424600,3271064900
26,1322,241921583909800,2922300,3310530700,3318171000
26,1338,241921643622100,3232600,3370243000,3377883300
26,1354,241921694150000,3277500,3420770900,3428411200
26,1370,241921744370700,3052100,3470991600,3478631900
26,1386,241921795052000,2702900,3521672900,3529313200
26,1402,241921839679300,2924200,3566300200,3573940500
26,1418,241921886626900,2905200,3613247800,3620888100
26,1434,241921933557900,2666300,3660178800,3667819100
26,1450,241921979507600,2590600,3706128500,3713768800
26,1466,241922036129100,2970100,3762750000,3770390300
26,1482,241922082153000,2784900,3808773900,3816414200
26,1498,241922127367500,2806100,3853988400,3861628700
26,1514,241922172381600,2566200,3899002500,3906642800
26,1530,241922215109000,3006900,3941729900,3949370200
26,1546,241922263085100,3061800,3989706000,3997346300
26,1562,241922309251700,2722200,4035872600,4043512900
26,1578,241922354664800,2816200,4081285700,4088926000
26,1594,241922405867300,2981700,4132488200,4140128500
26,1610,241922453967500,2994600,4180588400,4188228700
26,1626,241922500814200,2942900,4227435100,4235075400
26,1642,241922547434000,2683400,4274054900,4281695200
26,1658,241922592829000,3007600,4319449900,4327090200
26,1674,241922639866000,2877400,4366486900,4374127200
26,1690,241922684345000,2951100,4410965900,4418606200
26,1706,241922730384500,3170800,4457005400,4464645700
26,1722,241922774385300,2639600,4501006200,4508646500
26,1738,241922826962800,2959400,4553583700,4561224000
26,1754,241922873142800,2662600,4599763700,4607404000
26,1770,241922914509700,2556400,4641130600,4648770900
26,1786,241922959801600,2677800,4686422500,4694062800
26,1802,241923003732600,2773700,4730353500,4737993800
26,1818,241923047687500,3076500,4774308400,4781948700
26,1834,241923095770500,2753800,4822391400,4830031700
26,1850,241923139828600,2768400,4866449500,4874089800
26,1866,241923190000700,2823700,4916621600,4924261900
26,1882,241923235879300,2990900,4962500200,4970140500
26,1898,241923284620000,2989200,5011240900,5018881200
26,1914,241923330622000,2759500,5057242900,5064883200
26,1930,241923377003100,2982700,5103624000,5111264300
26,1946,241923426735100,3200700,5153356000,5160996300
26,1962,241923472909800,2564400,5199530700,5207171000
26,1978,241923514431100,2571300,5241052000,5248692300
26,1994,241923562496000,2698300,5289116900,5296757200
26,2010,241923605872800,3136600,5332493700,5340134000
26,2026,241923651603500,2775500,5378224400,5385864700
26,2042,241923694895900,2697300,5421516800,5429157100
27,11,241918447240700,2276500,173861600,181501900
27,27,241918485294200,2296500,211915100,219555400
27,43,241918522303800,2221700,248924700,256565000
27,59,241918559229200,2223600,285850100,293490400
27,75,241918595832800,2187100,322453700,330094000
27,91,241918631526300,3442300,358147200,365787500
27,107,241918669516000,2195500,396136900,403777200
27,123,241918706537300,2321200,433158200,440798500
27,139,241918761110000,2068000,487730900,495371200
27,155,241918795188800,2251100,521809700,529450000
27,171,241918830058600,2093000,556679500,564319800
27,187,241918866268300,2183800,592889200,600529500
27,203,241918901575100,2234200,628196000,635836300
27,219,241918937331300,2230300,663952200,671592500
27,235,241918972754300,2220700,699375200,707015500
27,251,241919010729500,2088100,737350400,744990700
27,267,241919063669700,2029000,790290600,797930900
27,283,241919098650600,2097500,825271500,832911800
27,299,241919132528400,2063100,859149300,866789600
27,315,241919167146900,2079300,893767800,901408100
27,331,241919203707400,2240000,930328300,937968600
27,347,241919239183700,2150600,965804600,973444900
27,363,241919275795300,2308700,1002416200,1010056500
27,379,241919311353800,2491800,1037974700,1045615000
27,395,241919366826500,2135700,1093447400,1101087700
27,411,241919401437300,2203800,1128058200,1135698500
27,427,241919437175900,2137500,1163796800,1171437100
27,443,241919472725000,2130500,1199345900,1206986200
27,459,241919508086800,2211400,1234707700,1242348000
27,475,241919542818500,2180900,1269439400,1277079700
27,491,241919577613300,2049700,1304234200,1311874500
27,507,241919617889600,2166300,1344510500,1352150800
27,523,241919653260200,2157300,1379881100,1387521400
27,539,241919707892500,2167700,1434513400,1442153700
27,555,241919743477600,2131400,1470098500,1477738800
27,571,241919779467500,2108000,1506088400,1513728700
27,587,241919813397100,2097000,1540018000,1547658300
27,603,241919848238200,2240600,1574859100,1582499400
27,619,241919884973700,2132400,1611594600,1619234900
27,635,241919920263000,2415200,1646883900,1654524200
27,651,241919956039400,2181000,1682660300,1690300600
27,667,241920011228200,2171600,1737849100,1745489400
27,683,241920047834300,2287400,1774455200,1782095500
27,699,241920084730400,2134800,1811351300,1818991600
27,715,241920119926300,2213900,1846547200,1854187500
27,731,241920155076600,2223600,1881697500,1889337800
27,747,241920190758200,2175400,1917379100,1925019400
27,763,241920226266700,2196100,1952887600,1960527900
27,779,241920261621000,2292600,1988241900,1995882200
27,795,241920317146800,2260000,2043767700,2051408000
27,811,241920353207500,2268100,2079828400,2087468700
27,827,241920389075400,2205300,2115696300,2123336600
27,843,241920424497000,2245400,2151117900,2158758200
27,859,241920459279500,2166100,2185900400,2193540700
27,875,241920493736100,2117100,2220357000,2227997300
27,891,241920528059000,2135900,2254679900,2262320200
27,907,241920562193200,2128700,2288814100,2296454400
27,923,241920597398300,2121000,2324019200,2331659500
27,939,241920652166800,2104800,2378787700,2386428000
27,955,241920686743600,2128600,2413364500,2421004800
27,971,241920721656500,2210300,2448277400,2455917700
27,987,241920756995000,2180300,2483615900,2491256200
27,1003,241920793502800,2306200,2520123700,2527764000
27,1019,241920828046100,2179200,2554667000,2562307300
27,1035,241920862506600,2224700,2589127500,2596767800
27,1051,241920897662600,2148900,2624283500,2631923800
27,1067,241920939253200,2100200,2665874100,2673514400
27,1083,241920974428900,2140100,2701049800,2708690100
27,1099,241921009043700,2170700,2735664600,2743304900
27,1115,241921044280700,2242200,2770901600,2778541900
27,1131,241921079932200,2177600,2806553100,2814193400
27,1147,241921115196400,2336400,2841817300,2849457600
27,1163,241921151217900,2201200,2877838800,2885479100
27,1179,241921186212400,2190900,2912833300,2920473600
27,1195,241921227555900,2141200,2954176800,2961817100
27,1211,241921262721000,2114300,2989341900,2996982200
27,1227,241921302434600,2967300,3029055500,3036695800
27,1243,241921348886900,2988600,3075507800,3083148100
27,1259,241921399401200,2937000,3126022100,3133662400
27,1275,241921448312700,2854600,3174933600,3182573900
27,1291,241921494106600,2864100,3220727500,3228367800
27,1307,241921541044800,2959900,3267665700,3275306000
27,1323,241921588556500,3026400,3315177400,3322817700
27,1339,241921648522000,3112900,3375142900,3382783200
27,1355,241921699404700,3542800,3426025600,3433665900
27,1371,241921749034300,3082800,3475655200,3483295500
27,1387,241921799122100,2652600,3525743000,3533383300
27,1403,241921844051500,2907600,3570672400,3578312700
27,1419,241921891053400,2944700,3617674300,3625314600
27,1435,241921937672800,2845300,3664293700,3671934000
27,1451,241921983576400,2865800,3710197300,3717837600
27,1467,241922040688200,2965800,3767309100,3774949400
27,1483,241922086436200,2858400,3813057100,3820697400
27,1499,241922131743600,2774400,3858364500,3866004800
27,1515,241922176077600,2598700,3902698500,3910338800
27,1531,241922219540900,2757500,3946161800,3953802100
27,1547,241922267546800,3061200,3994167700,4001808000
27,1563,241922313127000,2701000,4039747900,4047388200
27,1579,241922358626200,2731300,4085247100,4092887400
27,1595,241922410100500,2989900,4136721400,4144361700
27,1611,241922458313200,3001600,4184934100,4192574400
27,1627,241922504979800,2761500,4231600700,4239241000
27,1643,241922551336400,2780900,4277957300,4285597600
27,1659,241922597134100,3015500,4323755000,4331395300
27,1675,241922643925800,2684100,4370546700,4378187000
27,1691,241922688742600,2939500,4415363500,4423003800
27,1707,241922735090400,2975400,4461711300,4469351600
27,1723,241922778358000,2688400,4504978900,4512619200
27,1739,241922831367500,2907400,4557988400,4565628700
27,1755,241922877070500,2557300,4603691400,4611331700
27,1771,241922918309100,2892800,4644930000,4652570300
27,1787,241922963754800,2661700,4690375700,4698016000
27,1803,241923007858400,2719900,4734479300,4742119600
27,1819,241923052141200,2778300,4778762100,4786402400
27,1835,241923099857400,2748500,4826478300,4834118600
27,1851,241923143874300,2955700,4870495200,4878135500
27,1867,241923194079000,2877800,4920699900,4928340200
27,1883,241923240165000,3209300,4966785900,4974426200
27,1899,241923288916700,3044100,5015537600,5023177900
27,1915,241923334587400,2727200,5061208300,5068848600
27,1931,241923381248100,3095300,5107869000,5115509300
27,1947,241923431268000,3116500,5157888900,5165529200
27,1963,241923476574800,2545500,5203195700,5210836000
27,1979,241923518142400,2642000,5244763300,5252403600
27,1995,241923566328400,2671200,5292949300,5300589600
27,2011,241923610315000,3058300,5336935900,5344576200
27,2027,241923655532800,2656000,5382153700,5389794000
27,2043,241923698768100,2640500,5425389000,5433029300
28,12,241918449611900,2261300,176232800,183873100
28,28,241918487625500,2578200,214246400,221886700
28,44,241918524407000,2253700,251027900,258668200
28,60,241918561583000,2260400,288203900,295844200
28,76,241918598204900,2175000,324825800,332466100
28,92,241918635075600,2402900,361696500,369336800
28,108,241918671802800,2241800,398423700,406064000
28,124,241918709058700,2345600,435679600,443319900
28,140,241918763343100,2119600,489964000,497604300
28,156,241918797636900,2299200,524257800,531898100
28,172,241918832291700,2119400,558912600,566552900
28,188,241918868692000,2221700,595312900,602953200
28,204,241918903988500,2176800,630609400,638249700
28,220,241918939600400,2222200,666221300,673861600
28,236,241918974774900,2524000,701395800,709036100
28,252,241919012596700,2069100,739217600,746857900
28,268,241919065477500,2269000,792098400,799738700
28,284,241919100635900,2101500,827256800,834897100
28,300,241919134451700,2216800,861072600,868712900
28,316,241919168944200,2284900,895565100,903205400
28,332,241919205514600,2256800,932135500,939775800
28,348,241919240993500,2182500,967614400,975254700
28,364,241919277605200,2265300,1004226100,1011866400
28,380,241919313379500,2337900,1040000400,1047640700
28,396,241919368549200,2112800,1095170100,1102810400
28,412,241919403040300,2260000,1129661200,1137301500
28,428,241919438980600,2140800,1165601500,1173241800
28,444,241919474273300,2195500,1200894200,1208534500
28,460,241919509678300,2200700,1236299200,1243939500
28,476,241919544414000,2183700,1271034900,1278675200
28,492,241919579110300,2254300,1305731200,1313371500
28,508,241919619632500,2195700,1346253400,1353893700
28,524,241919654932400,20986700,1381553300,1389193600
28,540,241919709497500,2191500,1436118400,1443758700
28,556,241919744937200,2250200,1471558100,1479198400
28,572,241919780871700,2141400,1507492600,1515132900
28,588,241919814806200,2085000,1541427100,1549067400
28,604,241919849795100,2518300,1576416000,1584056300
28,620,241919886534200,2164000,1613155100,1620795400
28,636,241919922106300,2344300,1648727200,1656367500
28,652,241919957680000,2175500,1684300900,1691941200
28,668,241920012835300,2158100,1739456200,1747096500
28,684,241920049450900,2303700,1776071800,1783712100
28,700,241920085972200,2179700,1812593100,1820233400
28,716,241920121319600,2207700,1847940500,1855580800
28,732,241920156460200,2265300,1883081100,1890721400
28,748,241920192122000,2278400,1918742900,1926383200
28,764,241920227655800,2213600,1954276700,1961917000
28,780,241920262706500,2374400,1989327400,1996967700
28,796,241920318574500,2466100,2045195400,2052835700
28,812,241920354639300,2216400,2081260200,2088900500
28,828,241920390511200,2182300,2117132100,2124772400
28,844,241920425743100,2260600,2152364000,2160004300
28,860,241920460442500,2199100,2187063400,2194703700
28,876,241920494899900,2108700,2221520800,2229161100
28,892,241920529246300,2146400,2255867200,2263507500
28,908,241920563334100,2141400,2289955000,2297595300
28,924,241920598426700,2156500,2325047600,2332687900
28,940,241920653016400,2138900,2379637300,2387277600
28,956,241920687629600,2137300,2414250500,2421890800
28,972,241920722416300,2231600,2449037200,2456677500
28,988,241920757751700,2203500,2484372600,2492012900
28,1004,241920794313800,2301100,2520934700,2528575000
28,1020,241920828844900,2156400,2555465800,2563106100
28,1036,241920863339300,2199300,2589960200,2597600500
28,1052,241920898267900,2164300,2624888800,2632529100
28,1068,241920939784100,2205100,2666405000,2674045300
28,1084,241920974890900,2138300,2701511800,2709152100
28,1100,241921009463100,2194000,2736084000,2743724300
28,1116,241921044693400,2268100,2771314300,2778954600
28,1132,241921080439000,2156300,2807059900,2814700200
28,1148,241921115581800,2206900,2842202700,2849843000
28,1164,241921151456400,2195100,2878077300,2885717600
28,1180,241921186488000,2244200,2913108900,2920749200
28,1196,241921227901500,2145700,2954522400,2962162700
28,1212,241921263144400,2122300,2989765300,2997405600
28,1228,241921303042200,2974600,3029663100,3037303400
28,1244,241921349537800,2992300,3076158700,3083799000
28,1260,241921400068200,2943800,3126689100,3134329400
28,1276,241921448937300,2809200,3175558200,3183198500
28,1292,241921494669600,2947800,3221290500,3228930800
28,1308,241921541646300,2966600,3268267200,3275907500
28,1324,241921589140100,2987700,3315761000,3323401300
28,1340,241921649114700,3087400,3375735600,3383375900
28,1356,241921699982300,3528600,3426603200,3434243500
28,1372,241921749510100,3054200,3476131000,3483771300
28,1388,241921799590100,2607300,3526211000,3533851300
28,1404,241921844544100,2931800,3571165000,3578805300
28,1420,241921891534000,2958400,3618154900,3625795200
28,1436,241921938135500,2819800,3664756400,3672396700
28,1452,241921984110600,2862500,3710731500,3718371800
28,1468,241922041181000,2950200,3767801900,3775442200
28,1484,241922086907200,2861400,3813528100,3821168400
28,1500,241922132164100,2804100,3858785000,3866425300
28,1516,241922176464400,2606800,3903085300,3910725600
28,1532,241922219950900,2803300,3946571800,3954212100
28,1548,241922268027200,3048700,3994648100,4002288400
28,1564,241922313563700,2702900,4040184600,4047824900
28,1580,241922359076400,2732900,4085697300,4093337600
28,1596,241922410601500,3009900,4137222400,4144862700
28,1612,241922458898300,2989400,4185519200,4193159500
28,1628,241922505500200,2847000,4232121100,4239761400
28,1644,241922551848800,2813600,4278469700,4286110000
28,1660,241922597717300,3018900,4324338200,4331978500
28,1676,241922644428300,2699400,4371049200,4378689500
28,1692,241922689383500,2902500,4416004400,4423644700
28,1708,241922735749300,2888500,4462370200,4470010500
28,1724,241922778985100,2638800,4505606000,4513246300
28,1740,241922832085000,2890400,4558705900,4566346200
28,1756,241922877734100,2567200,4604355000,4611995300
28,1772,241922918978400,3123600,4645599300,4653239600
28,1788,241922964444600,2708600,4691065500,4698705800
28,1804,241923008540900,2744400,4735161800,4742802100
28,1820,241923052874400,2767900,4779495300,4787135600
28,1836,241923100553100,2770100,4827174000,4834814300
28,1852,241923144747700,2851800,4871368600,4879008900
28,1868,241923194852900,2863100,4921473800,4929114100
28,1884,241923241047100,3262000,4967668000,4975308300
28,1900,241923289752700,2977600,5016373600,5024013900
28,1916,241923335328900,2752800,5061949800,5069590100
28,1932,241923382078300,3100000,5108699200,5116339500
28,1948,241923432073900,3045800,5158694800,5166335100
28,1964,241923477203400,2539200,5203824300,5211464600
28,1980,241923518838500,2582300,5245459400,5253099700
28,1996,241923567000500,2666400,5293621400,5301261700
28,2012,241923611072300,3105100,5337693200,5345333500
28,2028,241923656267900,2540300,5382888800,5390529100
28,2044,241923699384500,2662700,5426005400,5433645700
29,13,241918451904300,2210900,178525200,186165500
29,29,241918490674500,2479800,217295400,224935700
29,45,241918527046400,2214500,253667300,261307600
29,61,241918563943200,2226100,290564100,298204400
29,77,241918600411800,2172400,327032700,334673000
29,93,241918637602000,2326100,364222900,371863200
29,109,241918674164400,2235000,400785300,408425600
29,125,241918711320200,2381900,437941100,445581400
29,141,241918765405800,2095200,492026700,499667000
29,157,241918799905300,2329600,526526200,534166500
29,173,241918834385200,2425300,561006100,568646400
29,189,241918870947900,2228600,597568800,605209100
29,205,241918906277300,2228900,632898200,640538500
29,221,241918941856000,2107600,668476900,676117200
29,237,241918977252900,2215900,703873800,711514100
29,253,241919014638200,2102600,741259100,748899400
29,269,241919067686600,2270500,794307500,801947800
29,285,241919102560400,2216600,829181300,836821600
29,301,241919136541100,2256800,863162000,870802300
29,317,241919171104900,2184500,897725800,905366100
29,333,241919207647800,2243200,934268700,941909000
29,349,241919242952200,2174800,969573100,977213400
29,365,241919279592500,2164200,1006213400,1013853700
29,381,241919315504400,2199400,1042125300,1049765600
29,397,241919370526300,2071600,1097147200,1104787500
29,413,241919405239200,2372800,1131860100,1139500400
29,429,241919441156000,2174400,1167776900,1175417200
29,445,241919476502000,2120800,1203122900,1210763200
29,461,241919511914000,2187600,1238534900,1246175200
29,477,241919546569500,2133400,1273190400,1280830700
29,493,241919581399500,5566300,1308020400,1315660700
29,509,241919621891500,2286100,1348512400,1356152700
29,525,241919676016600,2521000,1402637500,1410277800
29,541,241919711813200,2157800,1438434100,1446074400
29,557,241919747447600,2244600,1474068500,1481708800
29,573,241919783345200,2094500,1509966100,1517606400
29,589,241919817226900,2090600,1543847800,1551488100
29,605,241919852788700,2445400,1579409600,1587049900
29,621,241919889218300,2180800,1615839200,1623479500
29,637,241919925010000,2339500,1651630900,1659271200
29,653,241919960362200,2168400,1686983100,1694623400
29,669,241920015490200,2128300,1742111100,1749751400
29,685,241920052194000,2252000,1778814900,1786455200
29,701,241920088751100,2164200,1815372000,1823012300
29,717,241920124022400,2163100,1850643300,1858283600
29,733,241920159200300,2218500,1885821200,1893461500
29,749,241920194862100,2227500,1921483000,1929123300
29,765,241920230328500,2175200,1956949400,1964589700
29,781,241920265957900,2185600,1992578800,2000219100
29,797,241920321757100,2400200,2048378000,2056018300
29,813,241920357590400,2123300,2084211300,2091851600
29,829,241920393363800,2126200,2119984700,2127625000
29,845,241920428607600,2183900,2155228500,2162868800
29,861,241920463176400,2203000,2189797300,2197437600
29,877,241920497479300,2145900,2224100200,2231740500
29,893,241920531882000,2118900,2258502900,2266143200
29,909,241920565995100,2115100,2292616000,2300256300
29,925,241920601177200,21998400,2327798100,2335438400
29,941,241920655761900,2278700,2382382800,2390023100
29,957,241920690343700,2065200,2416964600,2424604900
29,973,241920725389600,2174900,2452010500,2459650800
29,989,241920760979600,2264900,2487600500,2495240800
29,1005,241920797363100,2179200,2523984000,2531624300
29,1021,241920831717900,2111600,2558338800,2565979100
29,1037,241920866274700,2148400,2592895600,2600535900
29,1053,241920901121400,2135800,2627742300,2635382600
29,1069,241920942616100,2184200,2669237000,2676877300
29,1085,241920977534500,2187300,2704155400,2711795700
29,1101,241921012282700,2169300,2738903600,2746543900
29,1117,241921047643200,2434700,2774264100,2781904400
29,1133,241921083302200,2135300,2809923100,2817563400
29,1149,241921118444900,2325200,2845065800,2852706100
29,1165,241921154291600,2217200,2880912500,2888552800
29,1181,241921189293500,2153600,2915914400,2923554700
29,1197,241921230619700,2174500,2957240600,2964880900
29,1213,241921265739700,2442000,2992360600,3000000900
29,1229,241921306733800,2988100,3033354700,3040995000
29,1245,241921353275700,2824100,3079896600,3087536900
29,1261,241921403774000,2802500,3130394900,3138035200
29,1277,241921452404500,2845000,3179025400,3186665700
29,1293,241921498359900,3043200,3224980800,3232621100
29,1309,241921545307100,2921700,3271928000,3279568300
29,1325,241921592870200,8580000,3319491100,3327131400
29,1341,241921653115600,3221800,3379736500,3387376800
29,1357,241921704581900,3692000,3431202800,3438843100
29,1373,241921753429000,3103800,3480049900,3487690200
29,1389,241921802957500,2674800,3529578400,3537218700
29,1405,241921848352700,2911600,3574973600,3582613900
29,1421,241921895392500,2935200,3622013400,3629653700
29,1437,241921941697400,2784600,3668318300,3675958600
29,1453,241921987811600,2904500,3714432500,3722072800
29,1469,241922044887500,2837700,3771508400,3779148700
29,1485,241922090510400,2810200,3817131300,3824771600
29,1501,241922135720000,2771600,3862340900,3869981200
29,1517,241922179976500,2587200,3906597400,3914237700
29,1533,241922223767200,2762300,3950388100,3958028400
29,1549,241922272094300,2895300,3998715200,4006355500
29,1565,241922317222400,2772800,4043843300,4051483600
29,1581,241922362774100,2747000,4089395000,4097035300
29,1597,241922414663300,3031300,4141284200,4148924500
29,1613,241922462870100,2963500,4189491000,4197131300
29,1629,241922509337900,3112600,4235958800,4243599100
29,1645,241922555554500,2821900,4282175400,4289815700
29,1661,241922601714400,2981500,4328335300,4335975600
29,1677,241922648033000,2699000,4374653900,4382294200
29,1693,241922692800200,2908300,4419421100,4427061400
29,1709,241922739180500,2710100,4465801400,4473441700
29,1725,241922787752200,2633500,4514373100,4522013400
29,1741,241922835462500,2662100,4562083400,4569723700
29,1757,241922880748400,2552300,4607369300,4615009600
29,1773,241922922590800,2859500,4649211700,4656852000
29,1789,241922967696600,2764800,4694317500,4701957800
29,1805,241923011763900,2888300,4738384800,4746025100
29,1821,241923056085900,2889800,4782706800,4790347100
29,1837,241923103758300,2659500,4830379200,4838019500
29,1853,241923148048900,2697400,4874669800,4882310100
29,1869,241923197969900,2854600,4924590800,4932231100
29,1885,241923244584800,3052500,4971205700,4978846000
29,1901,241923292977700,2746500,5019598600,5027238900
29,1917,241923338321500,2740100,5064942400,5072582700
29,1933,241923385571400,3108400,5112192300,5119832600
29,1949,241923435495600,3189600,5162116500,5169756800
29,1965,241923480149400,2615200,5206770300,5214410600
29,1981,241923521819100,2571000,5248440000,5256080300
29,1997,241923570076100,2613000,5296697000,5304337300
29,2013,241923614671800,3005200,5341292700,5348933000
29,2029,241923659199200,2642200,5385820100,5393460400
29,2045,241923702450000,2657600,5429070900,5436711200
30,14,241918454277100,3363900,180898000,188538300
30,30,241918493066200,2324800,219687100,227327400
30,46,241918529197200,2253600,255818100,263458400
30,62,241918565823600,2553900,292444500,300084800
30,78,241918602198100,2162900,328819000,336459300
30,94,241918639648800,2300900,366269700,373910000
30,110,241918676161400,2376900,402782300,410422600
30,126,241918713386900,21424600,440007800,447648100
30,142,241918767160000,2117800,493780900,501421200
30,158,241918801825900,2384300,528446800,536087100
30,174,241918836418700,2345300,563039600,570679900
30,190,241918872697000,2227400,599317900,606958200
30,206,241918908090700,2266100,634711600,642351900
30,222,241918943662300,2152100,670283200,677923500
30,238,241918978547600,2218000,705168500,712808800
30,254,241919015777600,2200900,742398500,750038800
30,270,241919068876400,2308500,795497300,803137600
30,286,241919103912100,2481200,830533000,838173300
30,302,241919138233700,2126600,864854600,872494900
30,318,241919172669000,2181200,899289900,906930200
30,334,241919209345500,2252900,935966400,943606700
30,350,241919244669500,2522700,971290400,978930700
30,366,241919281381400,2137900,1008002300,1015642600
30,382,241919317316400,2169800,1043937300,1051577600
30,398,241919372206200,2101700,1098827100,1106467400
30,414,241919407219400,2175400,1133840300,1141480600
30,430,241919442993000,2187000,1169613900,1177254200
30,446,241919478303900,2165900,1204924800,1212565100
30,462,241919513750200,2226400,1240371100,1248011400
30,478,241919548444300,2149400,1275065200,1282705500
30,494,241919586125500,4140500,1312746400,1320386700
30,510,241919623758500,2287300,1350379400,1358019700
30,526,241919678309000,2304900,1404929900,1412570200
30,542,241919713620900,2211400,1440241800,1447882100
30,558,241919749258900,2356800,1475879800,1483520100
30,574,241919785086700,2131100,1511707600,1519347900
30,590,241919818985600,2082400,1545606500,1553246800
30,606,241919854707500,2331600,1581328400,1588968700
30,622,241919890744300,2210100,1617365200,1625005500
30,638,241919926759300,2327000,1653380200,1661020500
30,654,241919961939900,2439200,1688560800,1696201100
30,670,241920017029100,2196500,1743650000,1751290300
30,686,241920053966000,2191600,1780586900,1788227200
30,702,241920090254700,2148900,1816875600,1824515900
30,718,241920125614500,2182700,1852235400,1859875700
30,734,241920160814300,2291000,1887435200,1895075500
30,750,241920196492200,2199700,1923113100,1930753400
30,766,241920231922800,2157700,1958543700,1966184000
30,782,241920267348700,2160000,1993969600,2001609900
30,798,241920323257400,2240400,2049878300,2057518600
30,814,241920358875600,2132800,2085496500,2093136800
30,830,241920394659200,2124500,2121280100,2128920400
30,846,241920429964400,2162300,2156585300,2164225600
30,862,241920464575000,2111600,2191195900,2198836200
30,878,241920498843700,2075900,2225464600,2233104900
30,894,241920533208200,2095500,2259829100,2267469400
30,910,241920567293400,2132100,2293914300,2301554600
30,926,241920622198000,2284400,2348818900,2356459200
30,942,241920657261300,2177500,2383882200,2391522500
30,958,241920691699400,2059700,2418320300,2425960600
30,974,241920726112000,2175500,2452732900,2460373200
30,990,241920761490700,2231100,2488111600,2495751900
30,1006,241920798258500,2177300,2524879400,2532519700
30,1022,241920832588000,2104300,2559208900,2566849200
30,1038,241920867096000,2160100,2593716900,2601357200
30,1054,241920901870400,2127300,2628491300,2636131600
30,1070,241920943448500,2231500,2670069400,2677709700
30,1086,241920978481500,2168300,2705102400,2712742700
30,1102,241921013155200,2214600,2739776100,2747416400
30,1118,241921048582600,2411300,2775203500,2782843800
30,1134,241921084322500,2119200,2810943400,2818583700
30,1150,241921119798700,2352400,2846419600,2854059900
30,1166,241921155790000,2175300,2882410900,2890051200
30,1182,241921190633900,2136900,2917254800,2924895100
30,1198,241921231912300,2142800,2958533200,2966173500
30,1214,241921267229400,2510800,2993850300,3001490600
30,1230,241921308538000,2963600,3035158900,3042799200
30,1246,241921355325500,3527600,3081946400,3089586700
30,1262,241921405713400,2907800,3132334300,3139974600
30,1278,241921454435500,2849500,3181056400,3188696700
30,1294,241921500549200,2958000,3227170100,3234810400
30,1310,241921547370900,2946100,3273991800,3281632100
30,1326,241921594949100,8723300,3321570000,3329210300
30,1342,241921655268200,3332700,3381889100,3389529400
30,1358,241921707198400,3660700,3433819300,3441459600
30,1374,241921755554000,3002500,3482174900,3489815200
30,1390,241921804896700,2778200,3531517600,3539157900
30,1406,241921850474100,2977600,3577095000,3584735300
30,1422,241921897540500,2948400,3624161400,3631801700
30,1438,241921943744600,2891500,3670365500,3678005800
30,1454,241921989936600,2960300,3716557500,3724197800
30,1470,241922047013800,2910700,3773634700,3781275000
30,1486,241922092620000,2777400,3819240900,3826881200
30,1502,241922137836600,2782200,3864457500,3872097800
30,1518,241922181795700,2570300,3908416600,3916056900
30,1534,241922225612300,3008000,3952233200,3959873500
30,1550,241922274105000,2846000,4000725900,4008366200
30,1566,241922319151200,2717500,4045772100,4053412400
30,1582,241922364658600,2742700,4091279500,4098919800
30,1598,241922416765200,2885400,4143386100,4151026400
30,1614,241922464846900,2980400,4191467800,4199108100
30,1630,241922511420700,3040300,4238041600,4245681900
30,1646,241922557348200,2808700,4283969100,4291609400
30,1662,241922603697200,2846800,4330318100,4337958400
30,1678,241922649796700,2696800,4376417600,4384057900
30,1694,241922695167400,2900300,4421788300,4429428600
30,1710,241922741316500,2647800,4467937400,4475577700
30,1726,241922789831800,2678400,4516452700,4524093000
30,1742,241922837440800,2731600,4564061700,4571702000
30,1758,241922882649000,2541600,4609269900,4616910200
30,1774,241922924754400,2988300,4651375300,4659015600
30,1790,241922969782000,2752300,4696402900,4704043200
30,1806,241923013941100,2972700,4740562000,4748202300
30,1822,241923058241600,3160900,4784862500,4792502800
30,1838,241923105799600,2644500,4832420500,4840060800
30,1854,241923150117500,2728900,4876738400,4884378700
30,1870,241923200381500,2909600,4927002400,4934642700
30,1886,241923247205700,2927600,4973826600,4981466900
30,1902,241923295295900,2776700,5021916800,5029557100
30,1918,241923340652600,2705700,5067273500,5074913800
30,1934,241923388132500,3096000,5114753400,5122393700
30,1950,241923438099200,2687600,5164720100,5172360400
30,1966,241923482277500,2564900,5208898400,5216538700
30,1982,241923523892200,2575600,5250513100,5258153400
30,1998,241923572187300,2606900,5298808200,5306448500
30,2014,241923617086600,3018900,5343707500,5351347800
30,2030,241923661360700,2527200,5387981600,5395621900
30,2046,241923704576200,2682900,5431197100,5438837400
31,15,241918457490500,2488700,184111400,191751700
31,31,241918495165200,2409500,221786100,229426400
31,47,241918531165500,2166800,257786400,265426700
31,63,241918568193000,2352100,294813900,302454200
31,79,241918604181200,2304600,330802100,338442400
31,95,241918641480300,2230200,368101200,375741500
31,111,241918677962100,2417600,404583000,412223300
31,127,241918715440400,21736400,442061300,449701600
31,143,241918769108900,2129900,495729800,503370100
31,159,241918804004300,2170100,530625200,538265500
31,175,241918838603700,2217800,565224600,572864900
31,191,241918874870800,2169700,601491700,609132000
31,207,241918910597300,2306000,637218200,644858500
31,223,241918945963400,2117100,672584300,680224600
31,239,241918980947300,2175100,707568200,715208500
31,255,241919018097100,2100500,744718000,752358300
31,271,241919071536700,2265400,798157600,805797900
31,287,241919106430200,2147600,833051100,840691400
31,303,241919140417900,2215900,867038800,874679100
31,319,241919174914300,2202000,901535200,909175500
31,335,241919211634300,2188300,938255200,945895500
31,351,241919247150400,2347200,973771300,981411600
31,367,241919283488500,2124200,1010109400,1017749700
31,383,241919319396300,2200600,1046017200,1053657500
31,399,241919374247600,2088200,1100868500,1108508800
31,415,241919409306100,2298700,1135927000,1143567300
31,431,241919444780400,2131900,1171401300,1179041600
31,447,241919480123900,2187800,1206744800,1214385100
31,463,241919515629200,2192500,1242250100,1249890400
31,479,241919550215800,2140600,1276836700,1284477000
31,495,241919589622800,2965300,1316243700,1323884000
31,511,241919625661500,2167900,1352282400,1359922700
31,527,241919680103500,2188600,1406724400,1414364700
31,543,241919715255500,2320600,1441876400,1449516700
31,559,241919751094600,2482300,1477715500,1485355800
31,575,241919786730900,2130900,1513351800,1520992100
31,591,241919820577000,2136600,1547197900,1554838200
31,607,241919856487700,2317600,1583108600,1590748900
31,623,241919892417700,2182300,1619038600,1626678900
31,639,241919928414600,2301500,1655035500,1662675800
31,655,241919963683800,2403000,1690304700,1697945000
31,671,241920018682700,2143300,1745303600,1752943900
31,687,241920055736100,2165900,1782357000,1789997300
31,703,241920091957700,2126900,1818578600,1826218900
31,719,241920127345600,2237900,1853966500,1861606800
31,735,241920162687000,2265600,1889307900,1896948200
31,751,241920198234100,2411200,1924855000,1932495300
31,767,241920233642200,2175700,1960263100,1967903400
31,783,241920269628800,2271100,1996249700,2003890000
31,799,241920325808200,2187800,2052429100,2060069400
31,815,241920361297800,2107800,2087918700,2095559000
31,831,241920397014200,2141800,2123635100,2131275400
31,847,241920432360700,2222900,2158981600,2166621900
31,863,241920466898300,2126500,2193519200,2201159500
31,879,241920501121800,2128600,2227742700,2235383000
31,895,241920535499100,2099900,2262120000,2269760300
31,911,241920569625300,2152000,2296246200,2303886500
31,927,241920624775500,2024600,2351396400,2359036700
31,943,241920659835000,2137300,2386455900,2394096200
31,959,241920694195400,2235000,2420816300,2428456600
31,975,241920729291800,2210300,2455912700,2463553000
31,991,241920765123800,2249800,2491744700,2499385000
31,1007,241920801734900,2200100,2528355800,2535996100
31,1023,241920835991000,2107200,2562611900,2570252200
31,1039,241920870593600,2214200,2597214500,2604854800
31,1055,241920905482700,2228100,2632103600,2639743900
31,1071,241920947199200,2237700,2673820100,2681460400
31,1087,241920982115800,2137300,2708736700,2716377000
31,1103,241921016713900,2221800,2743334800,2750975100
31,1119,241921051922800,2221600,2778543700,2786184000
31,1135,241921087185300,2112000,2813806200,2821446500
31,1151,241921122463300,2283500,2849084200,2856724500
31,1167,241921158188000,2148700,2884808900,2892449200
31,1183,241921193119800,2147000,2919740700,2927381000
31,1199,241921234439900,2233400,2961060800,2968701100
31,1215,241921270153700,2368200,2996774600,3004414900
31,1231,241921312077400,3014800,3038698300,3046338600
31,1247,241921359661600,4969500,3086282500,3093922800
31,1263,241921408921900,3101700,3135542800,3143183100
31,1279,241921457556500,2822400,3184177400,3191817700
31,1295,241921503803700,2883500,3230424600,3238064900
31,1311,241921550669400,2947000,3277290300,3284930600
31,1327,241921603894000,3174900,3330514900,3338155200
31,1343,241921658841600,3223700,3385462500,3393102800
31,1359,241921711101800,3403500,3437722700,3445363000
31,1375,241921758808200,3254200,3485429100,3493069400
31,1391,241921807792900,2766400,3534413800,3542054100
31,1407,241921853569200,2953500,3580190100,3587830400
31,1423,241921900600800,2917600,3627221700,3634862000
31,1439,241921946760600,2958700,3673381500,3681021800
31,1455,241921993035600,2879200,3719656500,3727296800
31,1471,241922050047200,2853300,3776668100,3784308400
31,1487,241922095512600,2831400,3822133500,3829773800
31,1503,241922140704300,2802100,3867325200,3874965500
31,1519,241922184326100,2565200,3910947000,3918587300
31,1535,241922228759500,2947200,3955380400,3963020700
31,1551,241922277087400,2959500,4003708300,4011348600
31,1567,241922321962000,2931400,4048582900,4056223200
31,1583,241922367525100,2900800,4094146000,4101786300
31,1599,241922419828300,3014500,4146449200,4154089500
31,1615,241922468035900,2920200,4194656800,4202297100
31,1631,241922514664000,2975700,4241284900,4248925200
31,1647,241922560377900,2749800,4286998800,4294639100
31,1663,241922606727900,4972800,4333348800,4340989100
31,1679,241922652685700,2871900,4379306600,4386946900
31,1695,241922698279800,2961700,4424900700,4432541000
31,1711,241922744191200,2721700,4470812100,4478452400
31,1727,241922792730300,2809600,4519351200,4526991500
31,1743,241922840427200,3085500,4567048100,4574688400
31,1759,241922885437600,2550900,4612058500,4619698800
31,1775,241922928210400,3026000,4654831300,4662471600
31,1791,241922972752500,2712200,4699373400,4707013700
31,1807,241923017105300,2730100,4743726200,4751366500
31,1823,241923061644500,3120700,4788265400,4795905700
31,1839,241923108691700,2717500,4835312600,4842952900
31,1855,241923152967900,2770400,4879588800,4887229100
31,1871,241923203408200,2757900,4930029100,4937669400
31,1887,241923250249800,3018900,4976870700,4984511000
31,1903,241923298250500,2863300,5024871400,5032511700
31,1919,241923343487200,3253600,5070108100,5077748400
31,1935,241923391535400,2993300,5118156300,5125796600
31,1951,241923441035500,2629500,5167656400,5175296700
31,1967,241923485065500,2703900,5211686400,5219326700
31,1983,241923526702600,2595700,5253323500,5260963800
31,1999,241923575017000,2666800,5301637900,5309278200
31,2015,241923620358900,2982300,5346979800,5354620100
31,2031,241923664101700,2562600,5390722600,5398362900
31,2047,241923708128300,3669800,5434749200,5442389500
32,0,241918412929200,9018100,139550100,147190400
32,16,241918460145200,2352200,186766100,194406400
32,32,241918497826600,2475500,224447500,232087800
32,48,241918533754600,2284000,260375500,268015800
32,64,241918571577200,2469700,298198100,305838400
32,80,241918607509900,2334700,334130800,341771100
32,96,241918644708600,2297600,371329500,378969800
32,112,241918681329900,2143400,407950800,415591100
32,128,241918738106600,2163600,464727500,472367800
32,144,241918772139900,2129400,498760800,506401100
32,160,241918807036300,2108700,533657200,541297500
32,176,241918841725900,2551300,568346800,575987100
32,192,241918877922300,2139300,604543200,612183500
32,208,241918913495000,2168800,640115900,647756200
32,224,241918948698200,2157200,675319100,682959400
32,240,241918984220000,2127500,710840900,718481200
32,256,241919021226200,2108900,747847100,755487400
32,272,241919074692000,2321500,801312900,808953200
32,288,241919109433100,2113900,836054000,843694300
32,304,241919143443800,2305800,870064700,877705000
32,320,241919177972600,2132100,904593500,912233800
32,336,241919214682600,2202800,941303500,948943800
32,352,241919250385000,2353400,977005900,984646200
32,368,241919286466500,2133100,1013087400,1020727700
32,384,241919322464600,2202400,1049085500,1056725800
32,400,241919377141800,2063400,1103762700,1111403000
32,416,241919412485600,2223400,1139106500,1146746800
32,432,241919447744300,2231500,1174365200,1182005500
32,448,241919483081500,2280600,1209702400,1217342700
32,464,241919518592400,2150200,1245213300,1252853600
32,480,241919553106300,2179100,1279727200,1287367500
32,496,241919593341600,2112800,1319962500,1327602800
32,512,241919628803600,2199900,1355424500,1363064800
32,528,241919683197200,2187100,1409818100,1417458400
32,544,241919718568900,2206500,1445189800,1452830100
32,560,241919754701900,2254800,1481322800,1488963100
32,576,241919789810900,2101900,1516431800,1524072100
32,592,241919823650700,2133800,1550271600,1557911900
32,608,241919859952800,2496800,1586573700,1594214000
32,624,241919895758400,2216500,1622379300,1630019600
32,640,241919931926700,2289800,1658547600,1666187900
32,656,241919967360000,2316900,1693980900,1701621200
32,672,241920021954700,2297100,1748575600,1756215900
32,688,241920058940900,2191000,1785561800,1793202100
32,704,241920095032300,2150100,1821653200,1829293500
32,720,241920130598800,2188700,1857219700,1864860000
32,736,241920165893300,2302200,1892514200,1900154500
32,752,241920201640600,2238800,1928261500,1935901800
32,768,241920236751300,2170400,1963372200,1971012500
32,784,241920272529300,2252000,1999150200,2006790500
32,800,241920328263500,2267700,2054884400,2062524700
32,816,241920363654100,2143400,2090275000,2097915300
32,832,241920399467600,2124900,2126088500,2133728800
32,848,241920434975300,2218400,2161596200,2169236500
32,864,241920469409500,2124800,2196030400,2203670700
32,880,241920503595700,2083400,2230216600,2237856900
32,896,241920537943900,2155100,2264564800,2272205100
32,912,241920572134400,2146200,2298755300,2306395600
32,928,241920627134100,2133200,2353755000,2361395300
32,944,241920662150700,2160800,2388771600,2396411900
32,960,241920696560100,2246900,2423181000,2430821300
32,976,241920731727700,2173900,2458348600,2465988900
32,992,241920767137600,2515600,2493758500,2501398800
32,1008,241920803744700,2201200,2530365600,2538005900
32,1024,241920837911400,2190000,2564532300,2572172600
32,1040,241920872629900,2186900,2599250800,2606891100
32,1056,241920907503300,2172000,2634124200,2641764500
32,1072,241920949128200,2269300,2675749100,2683389400
32,1088,241920983950200,2185100,2710571100,2718211400
32,1104,241921018758400,2159600,2745379300,2753019600
32,1120,241921054460900,2164400,2781081800,2788722100
32,1136,241921089599600,2127800,2816220500,2823860800
32,1152,241921125313000,2267600,2851933900,2859574200
32,1168,241921161018600,2177700,2887639500,2895279800
32,1184,241921195906700,2273700,2922527600,2930167900
32,1200,241921237302800,2134400,2963923700,2971564000
32,1216,241921273077800,2267100,2999698700,3007339000
32,1232,241921315851500,2943400,3042472400,3050112700
32,1248,241921365334600,2973000,3091955500,3099595800
32,1264,241921412761400,2819100,3139382300,3147022600
32,1280,241921461042400,2815500,3187663300,3195303600
32,1296,241921507314400,2943000,3233935300,3241575600
32,1312,241921554322300,2928200,3280943200,3288583500
32,1328,241921607748700,6183800,3334369600,3342009900
32,1344,241921662688500,3252700,3389309400,3396949700
32,1360,241921715160200,3353100,3441781100,3449421400
32,1376,241921762724400,3260100,3489345300,3496985600
32,1392,241921811080000,2687400,3537700900,3545341200
32,1408,241921857106500,2942400,3583727400,3591367700
32,1424,241921904105500,2900300,3630726400,3638366700
32,1440,241921950306500,2718000,3676927400,3684567700
32,1456,241921996584300,3088500,3723205200,3730845500
32,1472,241922053531700,2862200,3780152600,3787792900
32,1488,241922098973600,2844900,3825594500,3833234800
32,1504,241922144141900,2828300,3870762800,3878403100
32,1520,241922188114100,2647100,3914735000,3922375300
32,1536,241922233034300,3025300,3959655200,3967295500
32,1552,241922281278600,2726800,4007899500,4015539800
32,1568,241922326145500,2893800,4052766400,4060406700
32,1584,241922371602500,2757000,4098223400,4105863700
32,1600,241922424143900,3028200,4150764800,4158405100
32,1616,241922472257300,3000500,4198878200,4206518500
32,1632,241922518888600,3037700,4245509500,4253149800
32,1648,241922564324800,2734900,4290945700,4298586000
32,1664,241922612896700,2911500,4339517600,4347157900
32,1680,241922656759400,2831200,4383380300,4391020600
32,1696,241922702492300,2750400,4429113200,4436753500
32,1712,241922748039400,2678000,4474660300,4482300600
32,1728,241922796758800,3072900,4523379700,4531020000
32,1744,241922844842200,3134500,4571463100,4579103400
32,1760,241922889097700,2595000,4615718600,4623358900
32,1776,241922932427900,3045800,4659048800,4666689100
32,1792,241922976625900,2699300,4703246800,4710887100
32,1808,241923021234800,2734700,4747855700,4755496000
32,1824,241923066182900,2989000,4792803800,4800444100
32,1840,241923112675100,2814700,4839296000,4846936300
32,1856,241923157097900,2756100,4883718800,4891359100
32,1872,241923207438800,2586300,4934059700,4941700000
32,1888,241923254701400,3083200,4981322300,4988962600
32,1904,241923302428200,2709400,5029049100,5036689400
32,1920,241923348086800,2930700,5074707700,5082348000
32,1936,241923395890300,3057700,5122511200,5130151500
32,1952,241923444888700,3296500,5171509600,5179149900
32,1968,241923488927700,2596100,5215548600,5223188900
32,1984,241923530504800,2604500,5257125700,5264766000
32,2000,241923578870500,2732400,5305491400,5313131700
32,2016,241923624661000,3082500,5351281900,5358922200
32,2032,241923667868400,2582500,5394489300,5402129600
33,1,241918422140500,2735400,148761400,156401700
33,17,241918462531600,2308300,189152500,196792800
33,33,241918500037500,2241200,226658400,234298700
33,49,241918535773000,2476200,262393900,270034200
33,65,241918573162100,2307600,299783000,307423300
33,81,241918608838100,2280400,335459000,343099300
33,97,241918646055800,2371900,372676700,380317000
33,113,241918682680500,2278300,409301400,416941700
33,129,241918739254400,2169700,465875300,473515600
33,145,241918773270200,2127800,499891100,507531400
33,161,241918808217300,2082000,534838200,542478500
33,177,241918842931100,2782200,569552000,577192300
33,193,241918879149000,2141800,605769900,613410200
33,209,241918914605400,2179000,641226300,648866600
33,225,241918949798800,2126500,676419700,684060000
33,241,241918985012000,2168600,711632900,719273200
33,257,241919022059100,2281100,748680000,756320300
33,273,241919075530900,2314000,802151800,809792100
33,289,241919110209900,2121400,836830800,844471100
33,305,241919144150700,2260800,870771600,878411900
33,321,241919178664900,2170100,905285800,912926100
33,337,241919215428100,2220500,942049000,949689300
33,353,241919251149200,2390000,977770100,985410400
33,369,241919287169200,2227300,1013790100,1021430400
33,385,241919323052000,2203800,1049672900,1057313200
33,401,241919377634600,2067700,1104255500,1111895800
33,417,241919413078400,2241200,1139699300,1147339600
33,433,241919448390800,2217900,1175011700,1182652000
33,449,241919483812000,2149100,1210432900,1218073200
33,465,241919519282000,2138600,1245902900,1253543200
33,481,241919553842800,2127800,1280463700,1288104000
33,497,241919593877600,2143300,1320498500,1328138800
33,513,241919629086900,2204700,1355707800,1363348100
33,529,241919683344000,2203200,1409964900,1417605200
33,545,241919718717500,2204800,1445338400,1452978700
33,561,241919754732800,2255100,1481353700,1488994000
33,577,241919789864600,2107000,1516485500,1524125800
33,593,241919823732900,2137600,1550353800,1557994100
33,609,241919860168600,2493300,1586789500,1594429800
33,625,241919895868500,2224400,1622489400,1630129700
33,641,241919932055400,2285400,1658676300,1666316600
33,657,241919967492500,2306300,1694113400,1701753700
33,673,241920022038800,2326700,1748659700,1756300000
33,689,241920059028700,2194200,1785649600,1793289900
33,705,241920095297500,2137100,1821918400,1829558700
33,721,241920130799300,2200900,1857420200,1865060500
33,737,241920166187900,2366700,1892808800,1900449100
33,753,241920201994800,2246700,1928615700,1936256000
33,769,241920237100600,2156500,1963721500,1971361800
33,785,241920272975700,2260900,1999596600,2007236900
33,801,241920328509600,2265400,2055130500,2062770800
33,817,241920363886100,2138400,2090507000,2098147300
33,833,241920399609400,2136000,2126230300,2133870600
33,849,241920435392900,2215400,2162013800,2169654100
33,865,241920469808900,2123100,2196429800,2204070100
33,881,241920503997200,2089200,2230618100,2238258400
33,897,241920538291000,2156000,2264911900,2272552200
33,913,241920572518000,2107700,2299138900,2306779200
33,929,241920627494700,2150300,2354115600,2361755900
33,945,241920662572100,2134700,2389193000,2396833300
33,961,241920697157000,2236200,2423777900,2431418200
33,977,241920732320600,2165800,2458941500,2466581800
33,993,241920767854200,2462400,2494475100,2502115400
33,1009,241920804310500,2210000,2530931400,2538571700
33,1025,241920838456600,2168500,2565077500,2572717800
33,1041,241920873177400,2194100,2599798300,2607438600
33,1057,241920908340500,2279200,2634961400,2642601700
33,1073,241920950117500,2268300,2676738400,2684378700
33,1089,241920984901200,2155200,2711522100,2719162400
33,1105,241921019659800,2152900,2746280700,2753921000
33,1121,241921055409900,2153000,2782030800,2789671100
33,1137,241921090448500,2133300,2817069400,2824709700
33,1153,241921126349000,2234400,2852969900,2860610200
33,1169,241921161822300,2199400,2888443200,2896083500
33,1185,241921197026900,2278400,2923647800,2931288100
33,1201,241921238396800,2129700,2965017700,2972658000
33,1217,241921274120000,2292100,3000740900,3008381200
33,1233,241921317144600,2945100,3043765500,3051405800
33,1249,241921366660600,2985900,3093281500,3100921800
33,1265,241921414022700,2823200,3140643600,3148283900
33,1281,241921462275900,2823200,3188896800,3196537100
33,1297,241921508668200,2952800,3235289100,3242929400
33,1313,241921555701500,2993300,3282322400,3289962700
33,1329,241921612257500,3298800,3338878400,3346518700
33,1345,241921664300100,2997500,3390921000,3398561300
33,1361,241921716787700,3294300,3443408600,3451048900
33,1377,241921764534900,3279100,3491155800,3498796100
33,1393,241921812726000,2673100,3539346900,3546987200
33,1409,241921858861900,2952700,3585482800,3593123100
33,1425,241921905862100,2862000,3632483000,3640123300
33,1441,241921951953600,2742200,3678574500,3686214800
33,1457,241921998350200,3238700,3724971100,3732611400
33,1473,241922055077500,2861800,3781698400,3789338700
33,1489,241922100475800,2870500,3827096700,3834737000
33,1505,241922145672600,2892700,3872293500,3879933800
33,1521,241922188875100,2638600,3915496000,3923136300
33,1537,241922233944300,3023800,3960565200,3968205500
33,1553,241922282077200,2718600,4008698100,4016338400
33,1569,241922327041700,2796400,4053662600,4061302900
33,1585,241922372393700,2747100,4099014600,4106654900
33,1601,241922424999500,3031700,4151620400,4159260700
33,1617,241922473104900,2986400,4199725800,4207366100
33,1633,241922519737200,3008900,4246358100,4253998400
33,1649,241922565106000,2745600,4291726900,4299367200
33,1665,241922613739500,2761800,4340360400,4348000700
33,1681,241922657469400,2820700,4384090300,4391730600
33,1697,241922703257900,2683400,4429878800,4437519100
33,1713,241922748748300,2704700,4475369200,4483009500
33,1729,241922797626600,2999400,4524247500,4531887800
33,1745,241922845965400,2957800,4572586300,4580226600
33,1761,241922889946700,2573200,4616567600,4624207900
33,1777,241922933493600,2830100,4660114500,4667754800
33,1793,241922977494400,2703200,4704115300,4711755600
33,1809,241923022122300,2723000,4748743200,4756383500
33,1825,241923067197200,2841800,4793818100,4801458400
33,1841,241923113575500,2772700,4840196400,4847836700
33,1857,241923157976600,2772700,4884597500,4892237800
33,1873,241923208258000,2755300,4934878900,4942519200
33,1889,241923255850500,3079100,4982471400,4990111700
33,1905,241923303467700,2805800,5030088600,5037728900
33,1921,241923349179800,2925800,5075800700,5083441000
33,1937,241923396945300,3178600,5123566200,5131206500
33,1953,241923446115500,3132700,5172736400,5180376700
33,1969,241923489875400,2554800,5216496300,5224136600
33,1985,241923531426000,2694100,5258046900,5265687200
33,2001,241923579807100,2942200,5306428000,5314068300
33,2017,241923625744300,3077400,5352365200,5360005500
33,2033,241923668794400,2586900,5395415300,5403055600
34,2,241918424846800,2457500,151467700,159108000
34,18,241918464901600,2254000,191522500,199162800
34,34,241918502585400,2199400,229206300,236846600
34,50,241918538710400,2536200,265331300,272971600
34,66,241918576393100,2336500,303014000,310654300
34,82,241918612109200,2178600,338730100,346370400
34,98,241918649314300,2276700,375935200,383575500
34,114,241918685775300,2264300,412396200,420036500
34,130,241918742255200,2130100,468876100,476516400
34,146,241918776223500,2239500,502844400,510484700
34,162,241918811061300,2174400,537682200,545322500
34,178,241918846547100,2240200,573168000,580808300
34,194,241918882030500,2365700,608651400,616291700
34,210,241918917723400,2278300,644344300,651984600
34,226,241918952773900,2059300,679394800,687035100
34,242,241918989187100,2122700,715808000,723448300
34,258,241919044485700,2307800,771106600,778746900
34,274,241919079980500,2219400,806601400,814241700
34,290,241919114451500,2113100,841072400,848712700
34,306,241919148491200,2196800,875112100,882752400
34,322,241919183023400,2469700,909644300,917284600
34,338,241919219563600,2274500,946184500,953824800
34,354,241919255660200,2289200,982281100,989921400
34,370,241919291276700,2230600,1017897600,1025537900
34,386,241919327309900,2158400,1053930800,1061571100
34,402,241919381718600,2095000,1108339500,1115979800
34,418,241919417424300,2426700,1144045200,1151685500
34,434,241919452857000,2330900,1179477900,1187118200
34,450,241919488156300,2133700,1214777200,1222417500
34,466,241919523502600,2139900,1250123500,1257763800
34,482,241919558051800,2329300,1284672700,1292313000
34,498,241919598252700,2133400,1324873600,1332513900
34,514,241919633979600,2207800,1360600500,1368240800
34,530,241919688406500,2127700,1415027400,1422667700
34,546,241919723659000,2110000,1450279900,1457920200
34,562,241919760116300,2245700,1486737200,1494377500
34,578,241919794874900,2103700,1521495800,1529136100
34,594,241919828713600,2089000,1555334500,1562974800
34,610,241919865131700,2287300,1591752600,1599392900
34,626,241919900425600,2315700,1627046500,1634686800
34,642,241919936731900,2171300,1663352800,1670993100
34,658,241919972283400,21452500,1698904300,1706544600
34,674,241920026818700,2357400,1753439600,1761079900
34,690,241920063737400,2229700,1790358300,1797998600
34,706,241920099590300,2159600,1826211200,1833851500
34,722,241920135159800,2152200,1861780700,1869421000
34,738,241920170754300,2274600,1897375200,1905015500
34,754,241920206320200,2250500,1932941100,1940581400
34,770,241920241276800,2159500,1967897700,1975538000
34,786,241920277149800,2193800,2003770700,2011411000
34,802,241920333281700,2275700,2059902600,2067542900
34,818,241920368612200,2227800,2095233100,2102873400
34,834,241920404173000,2116000,2130793900,2138434200
34,850,241920439678300,2158500,2166299200,2173939500
34,866,241920474025000,2343400,2200645900,2208286200
34,882,241920508205500,2199900,2234826400,2242466700
34,898,241920542648300,2167700,2269269200,2276909500
34,914,241920576825300,2319900,2303446200,2311086500
34,930,241920631940500,2180700,2358561400,2366201700
34,946,241920667215600,2232900,2393836500,2401476800
34,962,241920702686700,2142300,2429307600,2436947900
34,978,241920737817700,2236400,2464438600,2472078900
34,994,241920773950200,2265500,2500571100,2508211400
34,1010,241920809807500,2107300,2536428400,2544068700
34,1026,241920843942700,2155500,2570563600,2578203900
34,1042,241920878598300,2180500,2605219200,2612859500
34,1058,241920920077700,2491700,2646698600,2654338900
34,1074,241920955641400,2181700,2682262300,2689902600
34,1090,241920990235000,2136000,2716855900,2724496200
34,1106,241921025009400,2112800,2751630300,2759270600
34,1122,241921060719700,2270900,2787340600,2794980900
34,1138,241921095619100,2088200,2822240000,2829880300
34,1154,241921131278700,2230000,2857899600,2865539900
34,1170,241921166756600,2113300,2893377500,2901017800
34,1186,241921202017200,2365700,2928638100,2936278400
34,1202,241921243110700,2163200,2969731600,2977371900
34,1218,241921279160200,2253100,3005781100,3013421400
34,1234,241921323643500,2974600,3050264400,3057904700
34,1250,241921373330500,2909700,3099951400,3107591700
34,1266,241921420457600,5052400,3147078500,3154718800
34,1282,241921468750600,2995900,3195371500,3203011800
34,1298,241921515283300,2911000,3241904200,3249544500
34,1314,241921562348200,2969200,3288969100,3296609400
34,1330,241921619589300,3265200,3346210200,3353850500
34,1346,241921670786400,2767500,3397407300,3405047600
34,1362,241921723639000,3109400,3450259900,3457900200
34,1378,241921771472900,3353900,3498093800,3505734100
34,1394,241921818445000,2744400,3545065900,3552706200
34,1410,241921865057400,2817200,3591678300,3599318600
34,1426,241921912038000,2943000,3638658900,3646299200
34,1442,241921957994400,2863700,3684615300,3692255600
34,1458,241922013303100,3519100,3739924000,3747564300
34,1474,241922061108300,2822800,3787729200,3795369500
34,1490,241922106472600,2832900,3833093500,3840733800
34,1506,241922151979200,3576700,3878600100,3886240400
34,1522,241922194344800,3030000,3920965700,3928606000
34,1538,241922240356300,3077900,3966977200,3974617500
34,1554,241922287911500,2727500,4014532400,4022172700
34,1570,241922333353700,2959100,4059974600,4067614900
34,1586,241922378278000,2761500,4104898900,4112539200
34,1602,241922431658900,2992700,4158279800,4165920100
34,1618,241922479677300,2740900,4206298200,4213938500
34,1634,241922526356900,2863900,4252977800,4260618100
34,1650,241922571093600,2834500,4297714500,4305354800
34,1666,241922619713600,2688900,4346334500,4353974800
34,1682,241922663469100,2680700,4390090000,4397730300
34,1698,241922709073700,2631200,4435694600,4443334900
34,1714,241922754642200,2665400,4481263100,4488903400
34,1730,241922804424300,3355200,4531045200,4538685500
34,1746,241922851812400,2652000,4578433300,4586073600
34,1762,241922895330700,2571800,4621951600,4629591900
34,1778,241922939425700,2746300,4666046600,4673686900
34,1794,241922983129600,2802900,4709750500,4717390800
34,1810,241923027832300,2700600,4754453200,4762093500
34,1826,241923073033100,2812200,4799654000,4807294300
34,1842,241923119305900,2702600,4845926800,4853567100
34,1858,241923169304200,2782000,4895925100,4903565400
34,1874,241923214113000,2967800,4940733900,4948374200
34,1890,241923262009800,3003000,4988630700,4996271000
34,1906,241923309139700,2813000,5035760600,5043400900
34,1922,241923355089700,2698200,5081710600,5089350900
34,1938,241923403309600,3119400,5129930500,5137570800
34,1954,241923452470000,2993100,5179090900,5186731200
34,1970,241923495095500,2616700,5221716400,5229356700
34,1986,241923536861400,2555200,5263482300,5271122600
34,2002,241923585590300,2722300,5312211200,5319851500
34,2018,241923631560000,2626400,5358180900,5365821200
34,2034,241923674066900,2850800,5400687800,5408328100
35,3,241918427376100,2449000,153997000,161637300
35,19,241918467110500,2371900,193731400,201371700
35,35,241918504702600,2239800,231323500,238963800
35,51,241918541130100,2223900,267751000,275391300
35,67,241918577896700,2391200,304517600,312157900
35,83,241918613580500,2230600,340201400,347841700
35,99,241918651060800,2282500,377681700,385322000
35,115,241918687623100,2232300,414244000,421884300
35,131,241918743931400,2116100,470552300,478192600
35,147,241918777918100,2169400,504539000,512179300
35,163,241918812785500,2158700,539406400,547046700
35,179,241918848255300,2298500,574876200,582516500
35,195,241918884006000,2158000,610626900,618267200
35,211,241918919663200,2190200,646284100,653924400
35,227,241918954505200,2101100,681126100,688766400
35,243,241918990866000,2159200,717486900,725127200
35,259,241919046353300,2178000,772974200,780614500
35,275,241919081931300,2191800,808552200,816192500
35,291,241919116308500,2145700,842929400,850569700
35,307,241919150546300,2137100,877167200,884807500
35,323,241919185592400,2481400,912213300,919853600
35,339,241919222152500,2229400,948773400,956413700
35,355,241919258159100,2373600,984780000,992420300
35,371,241919293711700,2176900,1020332600,1027972900
35,387,241919329540800,2205600,1056161700,1063802000
35,403,241919383929600,2065000,1110550500,1118190800
35,419,241919420064800,2313400,1146685700,1154326000
35,435,241919455337900,2207700,1181958800,1189599100
35,451,241919490090000,2180200,1216710900,1224351200
35,467,241919525501900,2139700,1252122800,1259763100
35,483,241919560142800,2247300,1286763700,1294404000
35,499,241919600159500,2078500,1326780400,1334420700
35,515,241919635864800,2201700,1362485700,1370126000
35,531,241919690188600,2128100,1416809500,1424449800
35,547,241919725514500,2171100,1452135400,1459775700
35,563,241919761878600,2254900,1488499500,1496139800
35,579,241919796515000,2153400,1523135900,1530776200
35,595,241919830356200,2081900,1556977100,1564617400
35,611,241919868279800,2260600,1594900700,1602541000
35,627,241919903446800,2210800,1630067700,1637708000
35,643,241919939762200,2177300,1666383100,1674023400
35,659,241919994583300,2212000,1721204200,1728844500
35,675,241920029896000,2224800,1756516900,1764157200
35,691,241920066529800,2285600,1793150700,1800791000
35,707,241920102320100,2121900,1828941000,1836581300
35,723,241920138027400,2141900,1864648300,1872288600
35,739,241920173730300,2167700,1900351200,1907991500
35,755,241920209263300,2201000,1935884200,1943524500
35,771,241920244233500,2177700,1970854400,1978494700
35,787,241920280174200,2146900,2006795100,2014435400
35,803,241920336157200,2255100,2062778100,2070418400
35,819,241920371371300,2253300,2097992200,2105632500
35,835,241920406801300,2136300,2133422200,2141062500
35,851,241920442515400,2138700,2169136300,2176776600
35,867,241920477048300,2135400,2203669200,2211309500
35,883,241920511102800,2142900,2237723700,2245364000
35,899,241920545482700,2114900,2272103600,2279743900
35,915,241920579927800,2363800,2306548700,2314189000
35,931,241920634651900,2257400,2361272800,2368913100
35,947,241920669835800,2170200,2396456700,2404097000
35,963,241920704299900,2142300,2430920800,2438561100
35,979,241920739468000,2172300,2466088900,2473729200
35,995,241920775419700,2261600,2502040600,2509680900
35,1011,241920811291000,2122800,2537911900,2545552200
35,1027,241920845400400,2160300,2572021300,2579661600
35,1043,241920880044100,2200600,2606665000,2614305300
35,1059,241920921539100,2290700,2648160000,2655800300
35,1075,241920956942800,2187300,2683563700,2691204000
35,1091,241920991499400,2154400,2718120300,2725760600
35,1107,241921026287700,2105100,2752908600,2760548900
35,1123,241921061928200,2268300,2788549100,2796189400
35,1139,241921096755600,2117600,2823376500,2831016800
35,1155,241921132663100,2228200,2859284000,2866924300
35,1171,241921168105600,2115200,2894726500,2902366800
35,1187,241921203554800,2260500,2930175700,2937816000
35,1203,241921244392200,2148700,2971013100,2978653400
35,1219,241921280425500,2290500,3007046400,3014686700
35,1235,241921325307200,2943300,3051928100,3059568400
35,1251,241921374884500,2963700,3101505400,3109145700
35,1267,241921422827700,4472900,3149448600,3157088900
35,1283,241921470241000,3154000,3196861900,3204502200
35,1299,241921516844800,2980400,3243465700,3251106000
35,1315,241921563950900,2953700,3290571800,3298212100
35,1331,241921621156400,3319000,3347777300,3355417600
35,1347,241921672135500,2754400,3398756400,3406396700
35,1363,241921725146000,2943900,3451766900,3459407200
35,1379,241921773162100,3292500,3499783000,3507423300
35,1395,241921819705800,2673800,3546326700,3553967000
35,1411,241921866492600,2786300,3593113500,3600753800
35,1427,241921913461600,2969500,3640082500,3647722800
35,1443,241921959530400,2952100,3686151300,3693791600
35,1459,241922015373700,3371500,3741994600,3749634900
35,1475,241922062724200,2813600,3789345100,3796985400
35,1491,241922108080700,2838400,3834701600,3842341900
35,1507,241922154593900,2547000,3881214800,3888855100
35,1523,241922196035000,3070000,3922655900,3930296200
35,1539,241922242217800,3069500,3968838700,3976479000
35,1555,241922289574900,2737600,4016195800,4023836100
35,1571,241922335180300,2824200,4061801200,4069441500
35,1587,241922379979400,2726400,4106600300,4114240600
35,1603,241922433385700,2945100,4160006600,4167646900
35,1619,241922481318500,2760900,4207939400,4215579700
35,1635,241922528041800,2847500,4254662700,4262303000
35,1651,241922572660000,2786700,4299280900,4306921200
35,1667,241922621280000,2708300,4347900900,4355541200
35,1683,241922665021300,2731000,4391642200,4399282500
35,1699,241922710627400,2627800,4437248300,4444888600
35,1715,241922756315300,2655500,4482936200,4490576500
35,1731,241922806690300,3059900,4533311200,4540951500
35,1747,241922853688600,2961600,4580309500,4587949800
35,1763,241922897168200,2650700,4623789100,4631429400
35,1779,241922941474400,2690600,4668095300,4675735600
35,1795,241922985210700,2712600,4711831600,4719471900
35,1811,241923029844300,2802000,4756465200,4764105500
35,1827,241923075164600,2767200,4801785500,4809425800
35,1843,241923121313100,2687200,4847934000,4855574300
35,1859,241923171354400,2794700,4897975300,4905615600
35,1875,241923216534200,3008500,4943155100,4950795400
35,1891,241923264530900,3051900,4991151800,4998792100
35,1907,241923311472700,3066200,5038093600,5045733900
35,1923,241923357225900,2663200,5083846800,5091487100
35,1939,241923405710300,3114600,5132331200,5139971500
35,1955,241923454851400,2818800,5181472300,5189112600
35,1971,241923497163700,2629200,5223784600,5231424900
35,1987,241923538967200,2593700,5265588100,5273228400
35,2003,241923587826500,2752700,5314447400,5322087700
35,2019,241923633715600,2609600,5360336500,5367976800
35,2035,241923676350700,3035200,5402971600,5410611900
36,4,241918429637900,2436700,156258800,163899100
36,20,241918469423900,2365500,196044800,203685100
36,36,241918506681200,2196100,233302100,240942400
36,52,241918543186000,2250600,269806900,277447200
36,68,241918580681000,2240400,307301900,314942200
36,84,241918616190600,2223600,342811500,350451800
36,100,241918653752600,2383200,380373500,388013800
36,116,241918690286500,2489800,416907400,424547700
36,132,241918746418300,2104500,473039200,480679500
36,148,241918780449400,2052800,507070300,514710600
36,164,241918815358900,2154900,541979800,549620100
36,180,241918851012900,2205800,577633800,585274100
36,196,241918886467600,2179600,613088500,620728800
36,212,241918921988900,2215400,648609800,656250100
36,228,241918956665100,2213400,683286000,690926300
36,244,241918992377000,2471900,718997900,726638200
36,260,241919048066100,2118900,774687000,782327300
36,276,241919083422600,2190800,810043500,817683800
36,292,241919117834100,2110800,844455000,852095300
36,308,241919152004200,2120900,878625100,886265400
36,324,241919187410600,2441000,914031500,921671800
36,340,241919223661500,2247700,950282400,957922700
36,356,241919259910900,2332700,986531800,994172100
36,372,241919295292300,2139800,1021913200,1029553500
36,388,241919331287500,2217700,1057908400,1065548700
36,404,241919385543700,2096000,1112164600,1119804900
36,420,241919421890200,2267100,1148511100,1156151400
36,436,241919457090500,2197700,1183711400,1191351700
36,452,241919491956800,2161700,1218577700,1226218000
36,468,241919527331800,2143500,1253952700,1261593000
36,484,241919562073900,2319400,1288694800,1296335100
36,500,241919601964000,2071600,1328584900,1336225200
36,516,241919637710500,2148400,1364331400,1371971700
36,532,241919691807700,2308300,1418428600,1426068900
36,548,241919727167500,2169900,1453788400,1461428700
36,564,241919763683500,2219200,1490304400,1497944700
36,580,241919798218300,2166600,1524839200,1532479500
36,596,241919832031500,2385800,1558652400,1566292700
36,612,241919869269200,2223000,1595890100,1603530400
36,628,241919904473900,2180600,1631094800,1638735100
36,644,241919940678000,2174000,1667298900,1674939200
36,660,241919995556700,2207800,1722177600,1729817900
36,676,241920031166600,2244700,1757787500,1765427800
36,692,241920067840500,2383100,1794461400,1802101700
36,708,241920103602800,2182200,1830223700,1837864000
36,724,241920139250700,2188400,1865871600,1873511900
36,740,241920175177800,2207000,1901798700,1909439000
36,756,241920210759600,2159200,1937380500,1945020800
36,772,241920245575500,2162000,1972196400,1979836700
36,788,241920281704300,2116100,2008325200,2015965500
36,804,241920337949100,2251400,2064570000,2072210300
36,820,241920373147500,2886800,2099768400,2107408700
36,836,241920408909200,2117100,2135530100,2143170400
36,852,241920444626900,2178500,2171247800,2178888100
36,868,241920479100100,2120300,2205721000,2213361300
36,884,241920513160800,2174000,2239781700,2247422000
36,900,241920547512600,2113600,2274133500,2281773800
36,916,241920582327000,2199200,2308947900,2316588200
36,932,241920637017800,2361000,2363638700,2371279000
36,948,241920672213400,2127400,2398834300,2406474600
36,964,241920706999300,2142300,2433620200,2441260500
36,980,241920742242500,2202100,2468863400,2476503700
36,996,241920778289900,2400200,2504910800,2512551100
36,1012,241920814117400,2126300,2540738300,2548378600
36,1028,241920848331200,2129700,2574952100,2582592400
36,1044,241920883074900,2159000,2609695800,2617336100
36,1060,241920924581100,2180300,2651202000,2658842300
36,1076,241920959960900,2149300,2686581800,2694222100
36,1092,241920994466300,2158900,2721087200,2728727500
36,1108,241921029147300,2146000,2755768200,2763408500
36,1124,241921065184400,2234800,2791805300,2799445600
36,1140,241921099771400,2108200,2826392300,2834032600
36,1156,241921135622000,2295400,2862242900,2869883200
36,1172,241921170924900,2379200,2897545800,2905186100
36,1188,241921206640800,2234800,2933261700,2940902000
36,1204,241921247205300,2219400,2973826200,2981466500
36,1220,241921283801300,2585800,3010422200,3018062500
36,1236,241921329443100,2960900,3056064000,3063704300
36,1252,241921379044300,2929100,3105665200,3113305500
36,1268,241921428524800,2969600,3155145700,3162786000
36,1284,241921474509700,2847100,3201130600,3208770900
36,1300,241921520935600,3008700,3247556500,3255196800
36,1316,241921568136900,2928300,3294757800,3302398100
36,1332,241921626032300,3314700,3352653200,3360293500
36,1348,241921676289500,3080700,3402910400,3410550700
36,1364,241921729809400,3170000,3456430300,3464070600
36,1380,241921777950400,3269600,3504571300,3512211600
36,1396,241921823658900,2941200,3550279800,3557920100
36,1412,241921870643700,2965800,3597264600,3604904900
36,1428,241921917759700,3101500,3644380600,3652020900
36,1444,241921963639900,2963200,3690260800,3697901100
36,1460,241922020071200,3123000,3746692100,3754332400
36,1476,241922066686000,2862900,3793306900,3800947200
36,1492,241922112055800,2983600,3838676700,3846317000
36,1508,241922158084000,2555300,3884704900,3892345200
36,1524,241922200107100,2749500,3926728000,3934368300
36,1540,241922246389900,3002100,3973010800,3980651100
36,1556,241922293281000,2783700,4019901900,4027542200
36,1572,241922339005200,2843000,4065626100,4073266400
36,1588,241922383704900,2868000,4110325800,4117966100
36,1604,241922437399300,3013700,4164020200,4171660500
36,1620,241922485136800,3033900,4211757700,4219398000
36,1636,241922531812400,2744600,4258433300,4266073600
36,1652,241922576412600,2920200,4303033500,4310673800
36,1668,241922624898000,2972500,4351518900,4359159200
36,1684,241922668736300,2668300,4395357200,4402997500
36,1700,241922714173300,2687400,4440794200,4448434500
36,1716,241922759839900,2683700,4486460800,4494101100
36,1732,241922810716400,3050300,4537337300,4544977600
36,1748,241922857384000,2902900,4584004900,4591645200
36,1764,241922900455600,2596700,4627076500,4634716800
36,1780,241922944886800,2720600,4671507700,4679148000
36,1796,241922988591300,2754700,4715212200,4722852500
36,1812,241923033263000,2835700,4759883900,4767524200
36,1828,241923078685500,3060200,4805306400,4812946700
36,1844,241923124620500,2723800,4851241400,4858881700
36,1860,241923174905100,2749300,4901526000,4909166300
36,1876,241923220185300,2833700,4946806200,4954446500
36,1892,241923268176800,3065200,4994797700,5002438000
36,1908,241923315046500,2817000,5041667400,5049307700
36,1924,241923360473100,2841700,5087094000,5094734300
36,1940,241923409495700,3092500,5136116600,5143756900
36,1956,241923458168100,2916500,5184789000,5192429300
36,1972,241923500284400,2599700,5226905300,5234545600
36,1988,241923541997200,2562900,5268618100,5276258400
36,2004,241923591033600,2714700,5317654500,5325294800
36,2020,241923636750600,2745800,5363371500,5371011800
36,2036,241923679903500,2859100,5406524400,5414164700
37,5,241918432341600,2922900,158962500,166602800
37,21,241918471944100,2546500,198565000,206205300
37,37,241918509294800,2227800,235915700,243556000
37,53,241918545673200,2332200,272294100,279934400
37,69,241918583121600,2170000,309742500,317382800
37,85,241918618599000,2211100,345219900,352860200
37,101,241918656366400,2220000,382987300,390627600
37,117,241918693049000,2513900,419669900,427310200
37,133,241918748640600,2144600,475261500,482901800
37,149,241918782613500,2090800,509234400,516874700
37,165,241918817606000,2156800,544226900,551867200
37,181,241918853368200,2262900,579989100,587629400
37,197,241918888781000,2229500,615401900,623042200
37,213,241918924535500,2160400,651156400,658796700
37,229,241918959371300,2246000,685992200,693632500
37,245,241918995654100,4199000,722275000,729915300
37,261,241919050642200,2357100,777263100,784903400
37,277,241919086020600,2209000,812641500,820281800
37,293,241919120231400,2085300,846852300,854492600
37,309,241919154490600,2089100,881111500,888751800
37,325,241919189950000,2276800,916570900,924211200
37,341,241919226008200,2119700,952629100,960269400
37,357,241919262277700,2292200,988898600,996538900
37,373,241919297526200,2122800,1024147100,1031787400
37,389,241919333643600,2211500,1060264500,1067904800
37,405,241919387712800,2509500,1114333700,1121974000
37,421,241919424003700,2176300,1150624600,1158264900
37,437,241919459149400,2207700,1185770300,1193410600
37,453,241919493997900,2345000,1220618800,1228259100
37,469,241919529363000,2137100,1255983900,1263624200
37,485,241919564238300,2182700,1290859200,1298499500
37,501,241919603899700,2176900,1330520600,1338160900
37,517,241919639637300,2188300,1366258200,1373898500
37,533,241919693891900,2215500,1420512800,1428153100
37,549,241919729136800,2127000,1455757700,1463398000
37,565,241919765655400,2235900,1492276300,1499916600
37,581,241919800146100,2098000,1526767000,1534407300
37,597,241919834140500,2208400,1560761400,1568401700
37,613,241919871232700,2224800,1597853600,1605493900
37,629,241919906397800,2177500,1633018700,1640659000
37,645,241919942582500,2160200,1669203400,1676843700
37,661,241919997523900,2164700,1724144800,1731785100
37,677,241920032892600,2353300,1759513500,1767153800
37,693,241920069756500,2369600,1796377400,1804017700
37,709,241920105326700,2170600,1831947600,1839587900
37,725,241920141076400,2184400,1867697300,1875337600
37,741,241920176927500,2198700,1903548400,1911188700
37,757,241920212496000,2118900,1939116900,1946757200
37,773,241920247351200,2138800,1973972100,1981612400
37,789,241920283546900,2267200,2010167800,2017808100
37,805,241920339776200,2198700,2066397100,2074037400
37,821,241920375156000,2421900,2101776900,2109417200
37,837,241920410303700,2106800,2136924600,2144564900
37,853,241920446188200,2187900,2172809100,2180449400
37,869,241920480687600,2134000,2207308500,2214948800
37,885,241920514786000,2165000,2241406900,2249047200
37,901,241920549010700,2134200,2275631600,2283271900
37,917,241920584054300,2350400,2310675200,2318315500
37,933,241920638810900,2114500,2365431800,2373072100
37,949,241920673627000,2156900,2400247900,2407888200
37,965,241920708167900,2148400,2434788800,2442429100
37,981,241920743494300,2215300,2470115200,2477755500
37,997,241920779657300,2402200,2506278200,2513918500
37,1013,241920815330200,2146100,2541951100,2549591400
37,1029,241920849572200,2127300,2576193100,2583833400
37,1045,241920884330100,2160500,2610951000,2618591300
37,1061,241920925797200,2256900,2652418100,2660058400
37,1077,241920960945800,2135200,2687566700,2695207000
37,1093,241920995431800,2159300,2722052700,2729693000
37,1109,241921030155500,2136100,2756776400,2764416700
37,1125,241921066210200,2273300,2792831100,2800471400
37,1141,241921100766700,2411100,2827387600,2835027900
37,1157,241921137072600,2339600,2863693500,2871333800
37,1173,241921172475600,2239600,2899096500,2906736800
37,1189,241921208081500,2283100,2934702400,2942342700
37,1205,241921248600700,2256100,2975221600,2982861900
37,1221,241921285555300,2611900,3012176200,3019816500
37,1237,241921331484700,2864800,3058105600,3065745900
37,1253,241921381046000,2915100,3107666900,3115307200
37,1269,241921430617600,2798400,3157238500,3164878800
37,1285,241921476388100,3021800,3203009000,3210649300
37,1301,241921523027000,3008500,3249647900,3257288200
37,1317,241921570181500,2883700,3296802400,3304442700
37,1333,241921627927900,3288400,3354548800,3362189100
37,1349,241921678040700,3063200,3404661600,3412301900
37,1365,241921731808700,2768500,3458429600,3466069900
37,1381,241921780110100,3254800,3506731000,3514371300
37,1397,241921825562600,2941600,3552183500,3559823800
37,1413,241921872540200,2940300,3599161100,3606801400
37,1429,241921919623200,3003200,3646244100,3653884400
37,1445,241921965542500,2934700,3692163400,3699803700
37,1461,241922021952300,3026400,3748573200,3756213500
37,1477,241922068412000,2897700,3795032900,3802673200
37,1493,241922113871800,2893300,3840492700,3848133000
37,1509,241922159535800,2564500,3886156700,3893797000
37,1525,241922201660800,2712500,3928281700,3935922000
37,1541,241922248045500,2999000,3974666400,3982306700
37,1557,241922295037800,2678800,4021658700,4029299000
37,1573,241922340746400,2810500,4067367300,4075007600
37,1589,241922385410800,2999800,4112031700,4119672000
37,1605,241922439236700,2973300,4165857600,4173497900
37,1621,241922486947500,2865400,4213568400,4221208700
37,1637,241922533543500,2714300,4260164400,4267804700
37,1653,241922578228900,2812000,4304849800,4312490100
37,1669,241922626731000,2915300,4353351900,4360992200
37,1685,241922670385900,2625700,4397006800,4404647100
37,1701,241922715667200,3005400,4442288100,4449928400
37,1717,241922761330100,2721400,4487951000,4495591300
37,1733,241922812405900,3006500,4539026800,4546667100
37,1749,241922859025200,2912900,4585646100,4593286400
37,1765,241922901935900,2569900,4628556800,4636197100
37,1781,241922946442400,2714700,4673063300,4680703600
37,1797,241922990174100,2682400,4716795000,4724435300
37,1813,241923034815300,2779300,4761436200,4769076500
37,1829,241923080457900,3082800,4807078800,4814719100
37,1845,241923126177300,2706600,4852798200,4860438500
37,1861,241923176368800,2723200,4902989700,4910630000
37,1877,241923221925900,2843800,4948546800,4956187100
37,1893,241923270018900,3090500,4996639800,5004280100
37,1909,241923316783600,2793000,5043404500,5051044800
37,1925,241923362446000,2808300,5089066900,5096707200
37,1941,241923411436400,3155600,5138057300,5145697600
37,1957,241923460009700,2930400,5186630600,5194270900
37,1973,241923501959000,2606000,5228579900,5236220200
37,1989,241923543644000,2554700,5270264900,5277905200
37,2005,241923592772300,2710100,5319393200,5327033500
37,2021,241923638491100,2673500,5365112000,5372752300
37,2037,241923681731500,2851900,5408352400,5415992700
38,6,241918435149600,2636800,161770500,169410800
38,22,241918474278700,2318900,200899600,208539900
38,38,241918511407600,2234000,238028500,245668800
38,54,241918547696500,2479600,274317400,281957700
38,70,241918584964800,2158200,311585700,319226000
38,86,241918620471200,2119800,347092100,354732400
38,102,241918658152800,2202500,384773700,392414000
38,118,241918695158900,2411200,421779800,429420100
38,134,241918750474400,2105000,477095300,484735600
38,150,241918784390200,2117900,511011100,518651400
38,166,241918819456200,2090000,546077100,553717400
38,182,241918855311200,2295100,581932100,589572400
38,198,241918890798900,2207900,617419800,625060100
38,214,241918926429300,2307800,653050200,660690500
38,230,241918961143200,2240300,687764100,695404400
38,246,241919000347400,2211400,726968300,734608600
38,262,241919053447600,2110200,780068500,787708800
38,278,241919088569500,2134000,815190400,822830700
38,294,241919122700500,2047600,849321400,856961700
38,310,241919156947800,2110100,883568700,891209000
38,326,241919192732300,2289400,919353200,926993500
38,342,241919228607900,2149600,955228800,962869100
38,358,241919265186700,2225500,991807600,999447900
38,374,241919300259900,2127800,1026880800,1034521100
38,390,241919336305700,20894000,1062926600,1070566900
38,406,241919390755800,2365800,1117376700,1125017000
38,422,241919426917300,2166200,1153538200,1161178500
38,438,241919462116200,2222900,1188737100,1196377400
38,454,241919497260800,2217500,1223881700,1231522000
38,470,241919532282500,2169700,1258903400,1266543700
38,486,241919567231400,2187700,1293852300,1301492600
38,502,241919606976400,2343800,1333597300,1341237600
38,518,241919642875300,2137200,1369496200,1377136500
38,534,241919697199700,2146000,1423820600,1431460900
38,550,241919732307000,2172800,1458927900,1466568200
38,566,241919769149200,2257200,1495770100,1503410400
38,582,241919803411600,2115100,1530032500,1537672800
38,598,241919836871100,2264800,1563492000,1571132300
38,614,241919873941300,2226100,1600562200,1608202500
38,630,241919908992400,2170400,1635613300,1643253600
38,646,241919945145800,2155200,1671766700,1679407000
38,662,241920000097500,2168000,1726718400,1734358700
38,678,241920035695400,2597000,1762316300,1769956600
38,694,241920072489400,2423000,1799110300,1806750600
38,710,241920107764700,2316200,1834385600,1842025900
38,726,241920143485300,2145500,1870106200,1877746500
38,742,241920179254800,2223500,1905875700,1913516000
38,758,241920214733600,2168800,1941354500,1948994800
38,774,241920249641200,2162000,1976262100,1983902400
38,790,241920285581900,2327100,2012202800,2019843100
38,806,241920341594200,2232800,2068215100,2075855400
38,822,241920377132200,2365100,2103753100,2111393400
38,838,241920412014400,2122500,2138635300,2146275600
38,854,241920447923400,2137600,2174544300,2182184600
38,870,241920482358200,2130900,2208979100,2216619400
38,886,241920516491400,2141800,2243112300,2250752600
38,902,241920550747600,2146300,2277368500,2285008800
38,918,241920585518300,2259000,2312139200,2319779500
38,934,241920640277000,2148800,2366897900,2374538200
38,950,241920675329800,2197700,2401950700,2409591000
38,966,241920709679000,2110500,2436299900,2443940200
38,982,241920744976400,2253700,2471597300,2479237600
38,998,241920781371200,2337000,2507992100,2515632400
38,1014,241920816750700,2125500,2543371600,2551011900
38,1030,241920850996400,2148200,2577617300,2585257600
38,1046,241920885775400,2170100,2612396300,2620036600
38,1062,241920927296900,2215200,2653917800,2661558100
38,1078,241920962608800,2153500,2689229700,2696870000
38,1094,241920997135700,2210500,2723756600,2731396900
38,1110,241921031816300,2265600,2758437200,2766077500
38,1126,241921067920600,2230200,2794541500,2802181800
38,1142,241921102371500,2695700,2828992400,2836632700
38,1158,241921138800400,2284400,2865421300,2873061600
38,1174,241921173937000,2179400,2900557900,2908198200
38,1190,241921209624700,2207100,2936245600,2943885900
38,1206,241921250142800,2327800,2976763700,2984404000
38,1222,241921287171400,2592200,3013792300,3021432600
38,1238,241921333282300,2857600,3059903200,3067543500
38,1254,241921382873100,2943600,3109494000,3117134300
38,1270,241921432336200,2827800,3158957100,3166597400
38,1286,241921478282500,2841600,3204903400,3212543700
38,1302,241921524877400,3039900,3251498300,3259138600
38,1318,241921571950500,2934800,3298571400,3306211700
38,1334,241921630398300,3341800,3357019200,3364659500
38,1350,241921680350600,3347100,3406971500,3414611800
38,1366,241921733824400,2550000,3460445300,3468085600
38,1382,241921782371700,3260200,3508992600,3516632900
38,1398,241921827725100,2959000,3554346000,3561986300
38,1414,241921874731300,2922500,3601352200,3608992500
38,1430,241921921933700,2797100,3648554600,3656194900
38,1446,241921967758800,2827800,3694379700,3702020000
38,1462,241922024217300,2961700,3750838200,3758478500
38,1478,241922070543700,2860600,3797164600,3804804900
38,1494,241922116011800,2842400,3842632700,3850273000
38,1510,241922161864500,2670300,3888485400,3896125700
38,1526,241922204141800,2714600,3930762700,3938403000
38,1542,241922250777200,3018100,3977398100,3985038400
38,1558,241922297328300,2813200,4023949200,4031589500
38,1574,241922343139700,2964000,4069760600,4077400900
38,1590,241922387996300,3053600,4114617200,4122257500
38,1606,241922441828300,2984000,4168449200,4176089500
38,1622,241922489517500,2785200,4216138400,4223778700
38,1638,241922535977500,2827800,4262598400,4270238700
38,1654,241922580762200,2934600,4307383100,4315023400
38,1670,241922629308700,2590800,4355929600,4363569900
38,1686,241922672677700,2825200,4399298600,4406938900
38,1702,241922718247500,3167500,4444868400,4452508700
38,1718,241922763637000,2680100,4490257900,4497898200
38,1734,241922814966000,2960700,4541586900,4549227200
38,1750,241922861504900,2940900,4588125800,4595766100
38,1766,241922904130900,2641000,4630751800,4638392100
38,1782,241922948696700,2727900,4675317600,4682957900
38,1798,241922992395100,2696900,4719016000,4726656300
38,1814,241923037096600,2600900,4763717500,4771357800
38,1830,241923082950700,3160400,4809571600,4817211900
38,1846,241923128376300,2721500,4854997200,4862637500
38,1862,241923178495300,2731200,4905116200,4912756500
38,1878,241923223701600,2840200,4950322500,4957962800
38,1894,241923272014400,3002200,4998635300,5006275600
38,1910,241923318615200,2777800,5045236100,5052876400
38,1926,241923364232200,2947500,5090853100,5098493400
38,1942,241923413580400,3105400,5140201300,5147841600
38,1958,241923461975400,2721700,5188596300,5196236600
38,1974,241923503692000,2595000,5230312900,5237953200
38,1990,241923545335000,2808100,5271955900,5279596200
38,2006,241923594589800,2753500,5321210700,5328851000
38,2022,241923640242900,2655800,5366863800,5374504100
38,2038,241923683540500,2872800,5410161400,5417801700
39,7,241918437921800,2757200,164542700,172183000
39,23,241918476727000,2286800,203347900,210988200
39,39,241918513477100,2198400,240098000,247738300
39,55,241918550043400,2331200,276664300,284304600
39,71,241918587006600,2230100,313627500,321267800
39,87,241918622480300,2106200,349101200,356741500
39,103,241918660268200,2458400,386889100,394529400
39,119,241918697425800,2266200,424046700,431687000
39,135,241918752439400,2096700,479060300,486700600
39,151,241918786357900,2331000,512978800,520619100
39,167,241918821408100,2191600,548029000,555669300
39,183,241918857349900,2207900,583970800,591611100
39,199,241918892614100,2142000,619235000,626875300
39,215,241918928381200,2296200,655002100,662642400
39,231,241918963226700,2179400,689847600,697487900
39,247,241919000861100,2229400,727482000,735122300
39,263,241919053915500,2109900,780536400,788176700
39,279,241919089080000,2087000,815700900,823341200
39,295,241919123168600,2023100,849789500,857429800
39,311,241919157565400,2082300,884186300,891826600
39,327,241919193008200,2294600,919629100,927269400
39,343,241919228855100,2170100,955476000,963116300
39,359,241919265279000,2222100,991899900,999540200
39,375,241919300349300,2131600,1026970200,1034610500
39,391,241919336489100,21256400,1063110000,1070750300
39,407,241919390990600,2323300,1117611500,1125251800
39,423,241919427116900,2175800,1153737800,1161378100
39,439,241919462332200,2225600,1188953100,1196593400
39,455,241919497561400,2204500,1224182300,1231822600
39,471,241919532583200,2171800,1259204100,1266844400
39,487,241919567499200,2189800,1294120100,1301760400
39,503,241919607246100,2394600,1333867000,1341507300
39,519,241919643101100,2135600,1369722000,1377362300
39,535,241919697370500,2154700,1423991400,1431631700
39,551,241919732545000,2160100,1459165900,1466806200
39,567,241919769402500,2246500,1496023400,1503663700
39,583,241919803637400,2116900,1530258300,1537898600
39,599,241919837731700,2190600,1564352600,1571992900
39,615,241919874808200,2189900,1601429100,1609069400
39,631,241919909890500,2171900,1636511400,1644151700
39,647,241919946043300,2163400,1672664200,1680304500
39,663,241920000958800,2199100,1727579700,1735220000
39,679,241920036878600,2364500,1763499500,1771139800
39,695,241920073520100,2514300,1800141000,1807781300
39,711,241920108735800,2329300,1835356700,1842997000
39,727,241920144370700,2156700,1870991600,1878631900
39,743,241920180144600,2238100,1906765500,1914405800
39,759,241920215587300,2175200,1942208200,1949848500
39,775,241920250521100,2134500,1977142000,1984782300
39,791,241920286554600,2551100,2013175500,2020815800
39,807,241920342719300,2186900,2069340200,2076980500
39,823,241920378239000,2298800,2104859900,2112500200
39,839,241920413004400,2232700,2139625300,2147265600
39,855,241920448778300,2150200,2175399200,2183039500
39,871,241920483168100,2145900,2209789000,2217429300
39,887,241920517304800,2133700,2243925700,2251566000
39,903,241920551520600,2159400,2278141500,2285781800
39,919,241920586340500,2273100,2312961400,2320601700
39,935,241920641123200,2179900,2367744100,2375384400
39,951,241920675880300,2184800,2402501200,2410141500
39,967,241920710850500,2122600,2437471400,2445111700
39,983,241920746120600,2334300,2472741500,2480381800
39,999,241920782459000,2414300,2509079900,2516720200
39,1015,241920817898600,2126500,2544519500,2552159800
39,1031,241920852139900,2168100,2578760800,2586401100
39,1047,241920886978100,2190400,2613599000,2621239300
39,1063,241920928685900,2143100,2655306800,2662947100
39,1079,241920963872900,2146200,2690493800,2698134100
39,1095,241920998382700,2220700,2725003600,2732643900
39,1111,241921033044300,2320400,2759665200,2767305500
39,1127,241921069204400,2220200,2795825300,2803465600
39,1143,241921104763900,2323100,2831384800,2839025100
39,1159,241921140854200,2241100,2867475100,2875115400
39,1175,241921176234800,2176000,2902855700,2910496000
39,1191,241921211898700,2208800,2938519600,2946159900
39,1207,241921252565000,2444600,2979185900,2986826200
39,1223,241921289868400,2619600,3016489300,3024129600
39,1239,241921336249200,2648900,3062870100,3070510400
39,1255,241921385899900,2920700,3112520800,3120161100
39,1271,241921435285000,2819100,3161905900,3169546200
39,1287,241921481247000,2821900,3207867900,3215508200
39,1303,241921528091500,3051100,3254712400,3262352700
39,1319,241921575051300,2922500,3301672200,3309312500
39,1335,241921633905600,3306100,3360526500,3368166800
39,1351,241921683839500,3438200,3410460400,3418100700
39,1367,241921736530700,2328200,3463151600,3470791900
39,1383,241921785720100,3136900,3512341000,3519981300
39,1399,241921830770500,2939500,3557391400,3565031700
39,1415,241921877748200,2988500,3604369100,3612009400
39,1431,241921924816700,2873800,3651437600,3659077900
39,1447,241921970672800,2911400,3697293700,3704934000
39,1463,241922027300700,2968700,3753921600,3761561900
39,1479,241922073530300,2863800,3800151200,3807791500
39,1495,241922118984200,2835600,3845605100,3853245400
39,1511,241922165014500,2631100,3891635400,3899275700
39,1527,241922207360900,2658000,3933981800,3941622100
39,1543,241922254343900,3070200,3980964800,3988605100
39,1559,241922300646700,2703100,4027267600,4034907900
39,1575,241922346615200,2771900,4073236100,4080876400
39,1591,241922391619600,8621000,4118240500,4125880800
39,1607,241922445395100,3004200,4172016000,4179656300
39,1623,241922492804100,2762900,4219425000,4227065300
39,1639,241922539223800,2952200,4265844700,4273485000
39,1655,241922584193300,2984500,4310814200,4318454500
39,1671,241922632388500,2598700,4359009400,4366649700
39,1687,241922676159800,2917000,4402780700,4410421000
39,1703,241922722135300,2929800,4448756200,4456396500
39,1719,241922766942400,2650900,4493563300,4501203600
39,1735,241922818648900,2986100,4545269800,4552910100
39,1751,241922865159700,2861500,4591780600,4599420900
39,1767,241922907392500,2545500,4634013400,4641653700
39,1783,241922952244900,2702200,4678865800,4686506100
39,1799,241922995834200,2680800,4722455100,4730095400
39,1815,241923040464100,2587200,4767085000,4774725300
39,1831,241923087000600,3178300,4813621500,4821261800
39,1847,241923131893200,2779100,4858514100,4866154400
39,1863,241923182148400,2821600,4908769300,4916409600
39,1879,241923227332700,2845200,4953953600,4961593900
39,1895,241923275848000,2999000,5002468900,5010109200
39,1911,241923322154900,2891200,5048775800,5056416100
39,1927,241923367865100,2882100,5094486000,5102126300
39,1943,241923417380100,3297500,5144001000,5151641300
39,1959,241923465354500,2611800,5191975400,5199615700
39,1975,241923506935300,2551400,5233556200,5241196500
39,1991,241923548801200,8392500,5275422100,5283062400
39,2007,241923597999000,2650700,5324619900,5332260200
39,2023,241923643591400,2713500,5370212300,5377852600
39,2039,241923687133900,2670400,5413754800,5421395100
40,8,241918440777100,2454100,167398000,175038300
40,24,241918479155100,2180300,205776000,213416300
40,40,241918515942000,2265600,242562900,250203200
40,56,241918552765300,2305200,279386200,287026500
40,72,241918589672400,2173600,316293300,323933600
40,88,241918625037700,2096900,351658600,359298900
40,104,241918663442000,2222300,390062900,397703200
40,120,241918700359100,2221300,426980000,434620300
40,136,241918755225900,2129200,481846800,489487100
40,152,241918789374700,2101200,515995600,523635900
40,168,241918824251900,2100000,550872800,558513100
40,184,241918860273100,2236200,586894000,594534300
40,200,241918895411000,2260500,622031900,629672200
40,216,241918931214100,2233200,657835000,665475300
40,232,241918965700500,2132300,692321400,699961700
40,248,241919004442400,2185400,731063300,738703600
40,264,241919057359400,2265800,783980300,791620600
40,280,241919092466500,2177700,819087400,826727700
40,296,241919126553800,2064300,853174700,860815000
40,312,241919160877100,2066000,887498000,895138300
40,328,241919197111700,2285700,923732600,931372900
40,344,241919232689800,2103200,959310700,966951000
40,360,241919269236000,2280900,995856900,1003497200
40,376,241919304159200,2187400,1030780100,1038420400
40,392,241919360387600,2250600,1087008500,1094648800
40,408,241919395055300,2245200,1121676200,1129316500
40,424,241919431034400,2162800,1157655300,1165295600
40,440,241919466290500,2165100,1192911400,1200551700
40,456,241919501474100,2237500,1228095000,1235735300
40,472,241919536363700,2158700,1262984600,1270624900
40,488,241919571338200,2140600,1297959100,1305599400
40,504,241919611505900,2196100,1338126800,1345767100
40,520,241919646952300,2144000,1373573200,1381213500
40,536,241919701089400,2196500,1427710300,1435350600
40,552,241919736601800,2521800,1463222700,1470863000
40,568,241919773179100,2172400,1499800000,1507440300
40,584,241919807219000,2126300,1533839900,1541480200
40,600,241919841229300,2174600,1567850200,1575490500
40,616,241919878265700,2117400,1604886600,1612526900
40,632,241919913231900,2184100,1639852800,1647493100
40,648,241919949401700,2177900,1676022600,1683662900
40,664,241920004498900,2100800,1731119800,1738760100
40,680,241920040769500,2306100,1767390400,1775030700
40,696,241920077557000,2363900,1804177900,1811818200
40,712,241920112551900,2321400,1839172800,1846813100
40,728,241920148092000,2325300,1874712900,1882353200
40,744,241920184148200,2174200,1910769100,1918409400
40,760,241920219552400,2134300,1946173300,1953813600
40,776,241920254460600,2335300,1981081500,1988721800
40,792,241920310100600,2583100,2036721500,2044361800
40,808,241920346706700,2165500,2073327600,2080967900
40,824,241920382797200,2256700,2109418100,2117058400
40,840,241920417831400,2344700,2144452300,2152092600
40,856,241920452998900,2079500,2179619800,2187260100
40,872,241920487420300,2127600,2214041200,2221681500
40,888,241920521559100,2135400,2248180000,2255820300
40,904,241920555864500,2131500,2282485400,2290125700
40,920,241920591015100,2169100,2317636000,2325276300
40,936,241920645694700,2122000,2372315600,2379955900
40,952,241920680515600,2125700,2407136500,2414776800
40,968,241920715054600,2394200,2441675500,2449315800
40,984,241920750712000,2195400,2477332900,2484973200
40,1000,241920787187300,2258700,2513808200,2521448500
40,1016,241920822102700,2120600,2548723600,2556363900
40,1032,241920856470100,2186200,2583091000,2590731300
40,1048,241920891231600,2401200,2617852500,2625492800
40,1064,241920932954900,2119500,2659575800,2667216100
40,1080,241920968173000,2142600,2694793900,2702434200
40,1096,241921002784600,2137800,2729405500,2737045800
40,1112,241921037700400,2370000,2764321300,2771961600
40,1128,241921073778300,2184300,2800399200,2808039500
40,1144,241921108968600,2231600,2835589500,2843229800
40,1160,241921145113300,2233400,2871734200,2879374500
40,1176,241921180310500,2199900,2906931400,2914571700
40,1192,241921221572000,2215900,2948192900,2955833200
40,1208,241921256696300,2217800,2983317200,2990957500
40,1224,241921294639100,2616500,3021260000,3028900300
40,1240,241921341135400,2742100,3067756300,3075396600
40,1256,241921391154800,3046300,3117775700,3125416000
40,1272,241921440282900,2898300,3166903800,3174544100
40,1288,241921486321300,2458200,3212942200,3220582500
40,1304,241921533460900,2611700,3260081800,3267722100
40,1320,241921580293500,2949300,3306914400,3314554700
40,1336,241921639829800,3137100,3366450700,3374091000
40,1352,241921690087100,3442900,3416708000,3424348300
40,1368,241921740809400,2880400,3467430300,3475070600
40,1384,241921791409800,2974800,3518030700,3525671000
40,1400,241921836067200,2985200,3562688100,3570328400
40,1416,241921883083400,2921300,3609704300,3617344600
40,1432,241921930115600,2858800,3656736500,3664376800
40,1448,241921975929600,2957200,3702550500,3710190800
40,1464,241922032588700,2972000,3759209600,3766849900
40,1480,241922078739400,2850300,3805360300,3813000600
40,1496,241922124088000,2813600,3850708900,3858349200
40,1512,241922169082700,2563900,3895703600,3903343900
40,1528,241922211591200,2752000,3938212100,3945852400
40,1544,241922259296000,3078300,3985916900,3993557200
40,1560,241922304887900,3432000,4031508800,4039149100
40,1576,241922351009000,2828100,4077629900,4085270200
40,1592,241922401983800,3013200,4128604700,4136245000
40,1608,241922450144400,3004900,4176765300,4184405600
40,1624,241922497256600,2814300,4223877500,4231517800
40,1640,241922543813200,2834800,4270434100,4278074400
40,1656,241922588951600,3094600,4315572500,4323212800
40,1672,241922636457100,2651800,4363078000,4370718300
40,1688,241922681217200,2963100,4407838100,4415478400
40,1704,241922727182800,3033100,4453803700,4461444000
40,1720,241922771543800,2684400,4498164700,4505805000
40,1736,241922823778900,3013200,4550399800,4558040100
40,1752,241922870123400,2901600,4596744300,4604384600
40,1768,241922911773200,2594800,4638394100,4646034400
40,1784,241922956963400,2720600,4683584300,4691224600
40,1800,241923000543300,3108400,4727164200,4734804500
40,1816,241923044959900,2648100,4771580800,4779221100
40,1832,241923092501200,3183700,4819122100,4826762400
40,1848,241923136677000,3023700,4863297900,4870938200
40,1864,241923186841400,2990900,4913462300,4921102600
40,1880,241923232325900,2967500,4958946800,4966587100
40,1896,241923281163800,3035800,5007784700,5015425000
40,1912,241923327199000,3023300,5053819900,5061460200
40,1928,241923373204500,3325400,5099825400,5107465700
40,1944,241923423120100,3139000,5149741000,5157381300
40,1960,241923469908400,2567800,5196529300,5204169600
40,1976,241923511404400,2594300,5238025300,5245665600
40,1992,241923559267100,2730900,5285888000,5293528300
40,2008,241923602682400,2766400,5329303300,5336943600
40,2024,241923648295800,2923600,5374916700,5382557000
40,2040,241923691853700,2685600,5418474600,5426114900
41,9,241918443106200,2275700,169727100,177367400
41,25,241918481370500,2190400,207991400,215631700
41,41,241918518007200,2310500,244628100,252268400
41,57,241918555163900,2271800,281784800,289425100
41,73,241918591937700,2197600,318558600,326198900
41,89,241918627223700,2305600,353844600,361484900
41,105,241918665604300,2224100,392225200,399865500
41,121,241918702703700,2277500,429324600,436964900
41,137,241918757442400,2178100,484063300,491703600
41,153,241918791595700,2101100,518216600,525856900
41,169,241918826469500,2092900,553090400,560730700
41,185,241918862661500,2132000,589282400,596922700
41,201,241918897942600,2196800,624563500,632203800
41,217,241918933778300,2126000,660399200,668039500
41,233,241918968132600,2087400,694753500,702393800
41,249,241919005392400,2136400,732013300,739653600
41,265,241919058356300,2191700,784977200,792617500
41,281,241919093521100,2099300,820142000,827782300
41,297,241919127502200,2057500,854123100,861763400
41,313,241919161709800,2090000,888330700,895971000
41,329,241919197885600,2251800,924506500,932146800
41,345,241919233550400,2155800,960171300,967811600
41,361,241919270138200,2272600,996759100,1004399400
41,377,241919305070100,2121700,1031691000,1039331300
41,393,241919361268200,2195100,1087889100,1095529400
41,409,241919395853600,2258500,1122474500,1130114800
41,425,241919431811900,2223300,1158432800,1166073100
41,441,241919467111700,2117400,1193732600,1201372900
41,457,241919502335900,2226800,1228956800,1236597100
41,473,241919537152800,2186200,1263773700,1271414000
41,489,241919572057600,2154300,1298678500,1306318800
41,505,241919612224900,2296000,1338845800,1346486100
41,521,241919647750800,2130100,1374371700,1382012000
41,537,241919702010700,2296100,1428631600,1436271900
41,553,241919737509800,2457300,1464130700,1471771000
41,569,241919774045100,2150700,1500666000,1508306300
41,585,241919808040500,2154800,1534661400,1542301700
41,601,241919842504600,2256000,1569125500,1576765800
41,617,241919879544100,2198300,1606165000,1613805300
41,633,241919914498100,2183500,1641119000,1648759300
41,649,241919950736000,2159900,1677356900,1684997200
41,665,241920005801800,2248200,1732422700,1740063000
41,681,241920042016500,2322900,1768637400,1776277700
41,697,241920078935400,2283700,1805556300,1813196600
41,713,241920113879100,2279400,1840500000,1848140300
41,729,241920149334900,2271800,1875955800,1883596100
41,745,241920185200200,2200700,1911821100,1919461400
41,761,241920220548600,2151300,1947169500,1954809800
41,777,241920255414100,2356900,1982035000,1989675300
41,793,241920311556800,2496300,2038177700,2045818000
41,809,241920347823300,2305100,2074444200,2082084500
41,825,241920383652800,2247800,2110273700,2117914000
41,841,241920418673900,2369800,2145294800,2152935100
41,857,241920453870400,2220300,2180491300,2188131600
41,873,241920488521700,2117200,2215142600,2222782900
41,889,241920522656500,2146100,2249277400,2256917700
41,905,241920556925200,2185300,2283546100,2291186400
41,921,241920592249500,2156700,2318870400,2326510700
41,937,241920646803500,2158700,2373424400,2381064700
41,953,241920681573400,2102800,2408194300,2415834600
41,969,241920716107300,2263900,2442728200,2450368500
41,985,241920751565800,2190400,2478186700,2485827000
41,1001,241920787859600,2246000,2514480500,2522120800
41,1017,241920822609200,2124600,2549230100,2556870400
41,1033,241920857020200,2172200,2583641100,2591281400
41,1049,241920891804100,2310500,2618425000,2626065300
41,1065,241920933354800,2150400,2659975700,2667616000
41,1081,241920968503500,2157000,2695124400,2702764700
41,1097,241921003221100,2109400,2729842000,2737482300
41,1113,241921038137500,2285800,2764758400,2772398700
41,1129,241921073997700,2175100,2800618600,2808258900
41,1145,241921108507200,2227500,2835128100,2842768400
41,1161,241921144556200,2222300,2871177100,2878817400
41,1177,241921179883200,2184800,2906504100,2914144400
41,1193,241921221243800,2223500,2947864700,2955505000
41,1209,241921256491000,2201700,2983111900,2990752200
41,1225,241921294335900,2643500,3020956800,3028597100
41,1241,241921340788600,2758600,3067409500,3075049800
41,1257,241921390826800,3044800,3117447700,3125088000
41,1273,241921439973900,2896800,3166594800,3174235100
41,1289,241921486013700,2539500,3212634600,3220274900
41,1305,241921533129000,2712700,3259749900,3267390200
41,1321,241921579883700,2939500,3306504600,3314144900
41,1337,241921639370100,3166400,3365991000,3373631300
41,1353,241921689583300,3472900,3416204200,3423844500
41,1369,241921740440200,2766800,3467061100,3474701400
41,1385,241921790985000,2960200,3517605900,3525246200
41,1401,241921835639900,2866700,3562260800,3569901100
41,1417,241921882553000,2915100,3609173900,3616814200
41,1433,241921929531800,2969600,3656152700,3663793000
41,1449,241921975393300,2955700,3702014200,3709654500
41,1465,241922032088800,2924300,3758709700,3766350000
41,1481,241922078187900,2897800,3804808800,3812449100
41,1497,241922123550200,2804500,3850171100,3857811400
41,1513,241922168591700,2558600,3895212600,3902852900
41,1529,241922211025300,2773700,3937646200,3945286500
41,1545,241922258589600,3058000,3985210500,3992850800
41,1561,241922304348900,3170100,4030969800,4038610100
41,1577,241922350445900,2801500,4077066800,4084707100
41,1593,241922401350400,3017300,4127971300,4135611600
41,1609,241922449478000,2992200,4176098900,4183739200
41,1625,241922496598800,2770500,4223219700,4230860000
41,1641,241922543153300,2811100,4269774200,4277414500
41,1657,241922588234100,3098700,4314855000,4322495300
41,1673,241922635903300,2646200,4362524200,4370164500
41,1689,241922680091100,2976000,4406712000,4414352300
41,1705,241922726093900,2990300,4452714800,4460355100
41,1721,241922770499000,2696400,4497119900,4504760200
41,1737,241922822624600,3020400,4549245500,4556885800
41,1753,241922869076200,2874000,4595697100,4603337400
41,1769,241922910846400,2558400,4637467300,4645107600
41,1785,241922955946800,2755500,4682567700,4690208000
41,1801,241922999520200,3018800,4726141100,4733781400
41,1817,241923044103900,2482600,4770724800,4778365100
41,1833,241923091436300,3269800,4818057200,4825697500
41,1849,241923135793700,2853100,4862414600,4870054900
41,1865,241923186032100,2903000,4912653000,4920293300
41,1881,241923231659700,2843600,4958280600,4965920900
41,1897,241923280392600,3050600,5007013500,5014653800
41,1913,241923326479900,2988700,5053100800,5060741100
41,1929,241923372519700,3325600,5099140600,5106780900
41,1945,241923422473200,3169000,5149094100,5156734400
41,1961,241923469405100,2576400,5196026000,5203666300
41,1977,241923510913200,2593400,5237534100,5245174400
41,1993,241923558730200,2752700,5285351100,5292991400
41,2009,241923602144200,2761900,5328765100,5336405400
41,2025,241923647735700,2847400,5374356600,5381996900
41,2041,241923691231200,2726100,5417852100,5425492400
42,10,241918445475600,2284100,172096500,179736800
42,26,241918483474900,2204200,210095800,217736100
42,42,241918520381500,2233100,247002400,254642700
42,58,241918556444900,2292000,283065800,290706100
42,74,241918593155500,2207000,319776400,327416700
42,90,241918628468000,2534500,355088900,362729200
42,106,241918666758300,2234700,393379200,401019500
42,122,241918703706100,2277400,430327000,437967300
42,138,241918758414400,2175800,485035300,492675600
42,154,241918792507900,2130700,519128800,526769100
42,170,241918827347800,2120200,553968700,561609000
42,186,241918863474300,2142700,590095200,597735500
42,202,241918898782800,2134800,625403700,633044000
42,218,241918934723300,2134400,661344200,668984500
42,234,241918969186900,2116700,695807800,703448100
42,250,241919007111300,2211900,733732200,741372500
42,266,241919060114300,2070100,786735200,794375500
42,282,241919095133400,2096700,821754300,829394600
42,298,241919129059700,2057000,855680600,863320900
42,314,241919163513900,2053300,890134800,897775100
42,330,241919199828800,2219000,926449700,934090000
42,346,241919235268500,2256500,961889400,969529700
42,362,241919271937100,2197800,998558000,1006198300
42,378,241919306738500,2418000,1033359400,1040999700
42,394,241919362963700,2288000,1089584600,1097224900
42,410,241919397745400,2200700,1124366300,1132006600
42,426,241919433578700,2183600,1160199600,1167839900
42,442,241919468787600,2165700,1195408500,1203048800
42,458,241919504133000,2191100,1230753900,1238394200
42,474,241919538895000,2200200,1265515900,1273156200
42,490,241919573766800,2111400,1300387700,1308028000
42,506,241919614065900,2184200,1340686800,1348327100
42,522,241919649453000,2131300,1376073900,1383714200
42,538,241919703834000,2299100,1430454900,1438095200
42,554,241919739580300,2275900,1466201200,1473841500
42,570,241919775748300,2140100,1502369200,1510009500
42,586,241919809741000,2122900,1536361900,1544002200
42,602,241919844213700,2324800,1570834600,1578474900
42,618,241919881196900,2211000,1607817800,1615458100
42,634,241919916189900,2162800,1642810800,1650451100
42,650,241919952317300,2168300,1678938200,1686578500
42,666,241920007377800,2148700,1733998700,1741639000
42,682,241920043731000,2300300,1770351900,1777992200
42,698,241920080445700,2210300,1807066600,1814706900
42,714,241920115356800,2332600,1841977700,1849618000
42,730,241920150790500,2188100,1877411400,1885051700
42,746,241920186680500,2149800,1913301400,1920941700
42,762,241920222014500,2241400,1948635400,1956275700
42,778,241920257171300,2321700,1983792200,1991432500
42,794,241920313263500,2405500,2039884400,2047524700
42,810,241920349543900,2212500,2076164800,2083805100
42,826,241920385314400,2240400,2111935300,2119575600
42,842,241920420454000,2231100,2147074900,2154715200
42,858,241920455377700,2105500,2181998600,2189638900
42,874,241920489826900,2078100,2216447800,2224088100
42,890,241920523976900,2213100,2250597800,2258238100
42,906,241920558177600,2143600,2284798500,2292438800
42,922,241920593248000,2165600,2319868900,2327509200
42,938,241920647752500,2242300,2374373400,2382013700
42,954,241920682584700,2110600,2409205600,2416845900
42,970,241920717509200,2286300,2444130100,2451770400
42,986,241920753027400,2167100,2479648300,2487288600
42,1002,241920789572400,2258900,2516193300,2523833600
42,1018,241920824344600,2116000,2550965500,2558605800
42,1034,241920858798900,2137600,2585419800,2593060100
42,1050,241920893935200,2163300,2620556100,2628196400
42,1066,241920935539500,2275200,2662160400,2669800700
42,1082,241920970723000,2151800,2697343900,2704984200
42,1098,241921005303200,2105200,2731924100,2739564400
42,1114,241921040363900,2197700,2766984800,2774625100
42,1130,241921076296300,2174100,2802917200,2810557500
42,1146,241921111729100,2200100,2838350000,2845990300
42,1162,241921147812500,2232900,2874433400,2882073700
42,1178,241921182991200,2181900,2909612100,2917252400
42,1194,241921224364900,2182000,2950985800,2958626100
42,1210,241921259627800,2144000,2986248700,2993889000
42,1226,241921298181000,3067300,3024801900,3032442200
42,1242,241921344783200,2848700,3071404100,3079044400
42,1258,241921395235700,2863300,3121856600,3129496900
42,1274,241921444101100,2927600,3170722000,3178362300
42,1290,241921489828100,3062900,3216449000,3224089300
42,1306,241921536955200,2846900,3263576100,3271216400
42,1322,241921584173600,2909500,3310794500,3318434800
42,1338,241921644583000,3241000,3371203900,3378844200
42,1354,241921695279300,3366300,3421900200,3429540500
42,1370,241921745342200,3023600,3471963100,3479603400
42,1386,241921795952900,2694900,3522573800,3530214100
42,1402,241921840589300,2928400,3567210200,3574850500
42,1418,241921887558200,2914900,3614179100,3621819400
42,1434,241921934445400,2736600,3661066300,3668706600
42,1450,241921980387400,2624300,3707008300,3714648600
42,1466,241922037014700,2980200,3763635600,3771275900
42,1482,241922083034600,2788700,3809655500,3817295800
42,1498,241922128267900,2822900,3854888800,3862529100
42,1514,241922172902100,2584700,3899523000,3907163300
42,1530,241922215659300,3196000,3942280200,3949920500
42,1546,241922263750200,3062700,3990371100,3998011400
42,1562,241922309772200,2748500,4036393100,4044033400
42,1578,241922355221800,2796500,4081842700,4089483000
42,1594,241922406451500,2983300,4133072400,4140712700
42,1610,241922454609300,3030000,4181230200,4188870500
42,1626,241922501388000,2930000,4228008900,4235649200
42,1642,241922547987900,2689400,4274608800,4282249100
42,1658,241922593461800,3017100,4320082700,4327723000
42,1674,241922640346000,2977200,4366966900,4374607200
42,1690,241922685170600,2935900,4411791500,4419431800
42,1706,241922731208300,3191800,4457829200,4465469500
42,1722,241922775156000,2711900,4501776900,4509417200
42,1738,241922827843600,2964600,4554464500,4562104800
42,1754,241922873904800,2678000,4600525700,4608166000
42,1770,241922915208700,2617600,4641829600,4649469900
42,1786,241922960597300,2664200,4687218200,4694858500
42,1802,241923004635700,2718300,4731256600,4738896900
42,1818,241923048683900,2951800,4775304800,4782945100
42,1834,241923096618100,2715200,4823239000,4830879300
42,1850,241923140661300,2775500,4867282200,4874922500
42,1866,241923190779000,2820900,4917399900,4925040200
42,1882,241923236274900,3020300,4962895800,4970536100
42,1898,241923285091900,2993600,5011712800,5019353100
42,1914,241923331087000,2784900,5057707900,5065348200
42,1930,241923377439200,2951600,5104060100,5111700400
42,1946,241923427124100,3227200,5153745000,5161385300
42,1962,241923473255200,2568700,5199876100,5207516400
42,1978,241923514780400,2576400,5241401300,5249041600
42,1994,241923562851000,2707400,5289471900,5297112200
42,2010,241923606354700,3058100,5332975600,5340615900
42,2026,241923651996000,2752400,5378616900,5386257200
42,2042,241923695220300,2691900,5421841200,5429481500
43,11,241918447825900,2262400,174446800,182087100
43,27,241918486102300,2466200,212723200,220363500
43,43,241918523247200,2253700,249868100,257508400
43,59,241918560418900,2230800,287039800,294680100
43,75,241918596983300,2190700,323604200,331244500
43,91,241918633109100,3099100,359730000,367370300
43,107,241918670689400,2225500,397310300,404950600
43,123,241918707727600,2347200,434348500,441988800
43,139,241918762215900,2062000,488836800,496477100
43,155,241918796257400,2385400,522878300,530518600
43,171,241918831156000,2078000,557776900,565417200
43,187,241918867430800,2257900,594051700,601692000
43,203,241918902669800,2258400,629290700,636931000
43,219,241918938332700,2346100,664953600,672593900
43,235,241918972655500,2210200,699276400,706916700
43,251,241919010306400,2085200,736927300,744567600
43,267,241919063169700,2015200,789790600,797430900
43,283,241919098115500,2133000,824736400,832376700
43,299,241919132019200,2053900,858640100,866280400
43,315,241919166493500,2085400,893114400,900754700
43,331,241919203032100,2227100,929653000,937293300
43,347,241919238570100,2244500,965191000,972831300
43,363,241919275250600,2237900,1001871500,1009511800
43,379,241919310755200,2489600,1037376100,1045016400
43,395,241919366398000,2116200,1093018900,1100659200
43,411,241919400929100,2225100,1127550000,1135190300
43,427,241919436776500,2145200,1163397400,1171037700
43,443,241919472100200,2138300,1198721100,1206361400
43,459,241919507443000,2201500,1234063900,1241704200
43,475,241919542187600,2162600,1268808500,1276448800
43,491,241919576961400,2089600,1303582300,1311222600
43,507,241919617511600,2148300,1344132500,1351772800
43,523,241919652905900,2173300,1379526800,1387167100
43,539,241919707802800,2169800,1434423700,1442064000
43,555,241919743451500,2129100,1470072400,1477712700
43,571,241919779409900,2108100,1506030800,1513671100
43,587,241919813338300,2098900,1539959200,1547599500
43,603,241919849299000,2458700,1575919900,1583560200
43,619,241919886010600,2165200,1612631500,1620271800
43,635,241919921548300,2352300,1648169200,1655809500
43,651,241919957132700,2165200,1683753600,1691393900
43,667,241920012249400,2151100,1738870300,1746510600
43,683,241920048803600,2308000,1775424500,1783064800
43,699,241920085149200,2163500,1811770100,1819410400
43,715,241920120402000,2223100,1847022900,1854663200
43,731,241920155526100,2265000,1882147000,1889787300
43,747,241920191207200,2234500,1917828100,1925468400
43,763,241920226539000,2199400,1953159900,1960800200
43,779,241920261934700,2313700,1988555600,1996195900
43,795,241920317889100,2407600,2044510000,2052150300
43,811,241920353947600,2240700,2080568500,2088208800
43,827,241920389872300,2178600,2116493200,2124133500
43,843,241920425075000,2246600,2151695900,2159336200
43,859,241920459779500,2172200,2186400400,2194040700
43,875,241920494235000,2094800,2220855900,2228496200
43,891,241920528559900,2129300,2255180800,2262821100
43,907,241920562688200,2125500,2289309100,2296949400
43,923,241920597823800,2145800,2324444700,2332085000
43,939,241920652446900,2139200,2379067800,2386708100
43,955,241920687060600,2126000,2413681500,2421321800
43,971,241920721985000,2205000,2448605900,2456246200
43,987,241920757325800,2167200,2483946700,2491587000
43,1003,241920793900200,2299300,2520521100,2528161400
43,1019,241920828439300,2163900,2555060200,2562700500
43,1035,241920862956300,2207800,2589577200,2597217500
43,1051,241920897692600,2150900,2624313500,2631953800
43,1067,241920939334600,2104300,2665955500,2673595800
43,1083,241920974257200,2143500,2700878100,2708518400
43,1099,241921008931000,2166500,2735551900,2743192200
43,1115,241921044142500,2257100,2770763400,2778403700
43,1131,241921079876300,2170400,2806497200,2814137500
43,1147,241921114950900,2323600,2841571800,2849212100
43,1163,241921151034200,2212400,2877655100,2885295400
43,1179,241921185935200,2161800,2912556100,2920196400
43,1195,241921227464100,2146200,2954085000,2961725300
43,1211,241921262601000,2122900,2989221900,2996862200
43,1227,241921302241200,2965500,3028862100,3036502400
43,1243,241921348764500,2990500,3075385400,3083025700
43,1259,241921399246400,2948800,3125867300,3133507600
43,1275,241921448151900,2857200,3174772800,3182413100
43,1291,241921494034500,2850500,3220655400,3228295700
43,1307,241921540969600,2950400,3267590500,3275230800
43,1323,241921588297500,3046400,3314918400,3322558700
43,1339,241921648293300,3119900,3374914200,3382554500
43,1355,241921699176400,3560600,3425797300,3433437600
43,1371,241921748780700,3076000,3475401600,3483041900
43,1387,241921799040800,2631500,3525661700,3533302000
43,1403,241921843925100,2912800,3570546000,3578186300
43,1419,241921890926300,2951400,3617547200,3625187500
43,1435,241921937565000,2845100,3664185900,3671826200
43,1451,241921983448600,2865000,3710069500,3717709800
43,1467,241922040443300,2973600,3767064200,3774704500
43,1483,241922086204600,2805200,3812825500,3820465800
43,1499,241922131624800,2770100,3858245700,3865886000
43,1515,241922175974300,2601600,3902595200,3910235500
43,1531,241922219425000,2744900,3946045900,3953686200
43,1547,241922267411600,3069400,3994032500,4001672800
43,1563,241922313056500,2701000,4039677400,4047317700
43,1579,241922358553600,2721400,4085174500,4092814800
43,1595,241922410021000,2968500,4136641900,4144282200
43,1611,241922458225900,2996400,4184846800,4192487100
43,1627,241922504909100,2756600,4231530000,4239170300
43,1643,241922551246200,2795300,4277867100,4285507400
43,1659,241922597047600,3027100,4323668500,4331308800
43,1675,241922643852000,2688600,4370472900,4378113200
43,1691,241922688703100,2931000,4415324000,4422964300
43,1707,241922735003400,3133600,4461624300,4469264600
43,1723,241922778426500,2693600,4505047400,4512687700
43,1739,241922831434800,2911100,4558055700,4565696000
43,1755,241922877207600,2563000,4603828500,4611468800
43,1771,241922918446400,2932300,4645067300,4652707600
43,1787,241922963898900,2670100,4690519800,4698160100
43,1803,241923007957700,2732100,4734578600,4742218900
43,1819,241923052256700,2776600,4778877600,4786517900
43,1835,241923099971700,2752600,4826592600,4834232900
43,1851,241923144122700,2937400,4870743600,4878383900
43,1867,241923194315000,2877300,4920935900,4928576200
43,1883,241923240473600,3095000,4967094500,4974734800
43,1899,241923289080300,3049100,5015701200,5023341500
43,1915,241923334729900,2751700,5061350800,5068991100
43,1931,241923381287100,3104500,5107908000,5115548300
43,1947,241923431305000,3125900,5157925900,5165566200
43,1963,241923476612200,2546500,5203233100,5210873400
43,1979,241923518179900,2648800,5244800800,5252441100
43,1995,241923566360600,2674300,5292981500,5300621800
43,2011,241923610357900,3065800,5336978800,5344619100
43,2027,241923655580100,2643600,5382201000,5389841300
43,2043,241923698730000,2640400,5425350900,5432991200
44,12,241918450181300,2246300,176802200,184442500
44,28,241918488405000,2769900,215025900,222666200
44,44,241918525175600,2270500,251796500,259436800
44,60,241918562268700,2281200,288889600,296529900
44,76,241918598807100,2170800,325428000,333068300
44,92,241918635744900,2355200,362365800,370006100
44,108,241918672414900,2228400,399035800,406676100
44,124,241918709609900,2405100,436230800,443871100
44,140,241918763846800,2122800,490467700,498108000
44,156,241918798199100,2292900,524820000,532460300
44,172,241918832826400,2108000,559447300,567087600
44,188,241918869340700,2147500,595961600,603601900
44,204,241918904677400,2178200,631298300,638938600
44,220,241918940405200,2139700,667026100,674666400
44,236,241918974066500,2382700,700687400,708327700
44,252,241919011831100,2073000,738452000,746092300
44,268,241919064732700,2175900,791353600,798993900
44,284,241919099863100,2088400,826484000,834124300
44,300,241919133754300,2164900,860375200,868015500
44,316,241919168202500,2235000,894823400,902463700
44,332,241919204515800,2238100,931136700,938777000
44,348,241919239853100,2199600,966474000,974114300
44,364,241919276481200,2286100,1003102100,1010742400
44,380,241919312150100,2500900,1038771000,1046411300
44,396,241919367564000,2154500,1094184900,1101825200
44,412,241919402229300,2204100,1128850200,1136490500
44,428,241919437969300,2170200,1164590200,1172230500
44,444,241919473287800,2155800,1199908700,1207549000
44,460,241919508653800,2218700,1235274700,1242915000
44,476,241919543365500,2199300,1269986400,1277626700
44,492,241919578136500,2044500,1304757400,1312397700
44,508,241919618552000,2191500,1345172900,1352813200
44,524,241919653863500,2224200,1380484400,1388124700
44,540,241919708417400,2172000,1435038300,1442678600
44,556,241919744001800,2113200,1470622700,1478263000
44,572,241919779826700,2106100,1506447600,1514087900
44,588,241919813768800,2088500,1540389700,1548030000
44,604,241919848404300,2245000,1575025200,1582665500
44,620,241919885117400,2131800,1611738300,1619378600
44,636,241919920411600,2425400,1647032500,1654672800
44,652,241919956182500,2202400,1682803400,1690443700
44,668,241920011284500,2176900,1737905400,1745545700
44,684,241920047958400,2283100,1774579300,1782219600
44,700,241920084614800,2125400,1811235700,1818876000
44,716,241920119865400,2211500,1846486300,1854126600
44,732,241920155018300,2120300,1881639200,1889279500
44,748,241920190614700,2179800,1917235600,1924875900
44,764,241920226151300,2184400,1952772200,1960412500
44,780,241920261448700,2301500,1988069600,1995709900
44,796,241920317474000,2339600,2044094900,2051735200
44,812,241920353767500,2241500,2080388400,2088028700
44,828,241920389408500,2214100,2116029400,2123669700
44,844,241920424528600,2246300,2151149500,2158789800
44,860,241920459310400,2167900,2185931300,2193571600
44,876,241920493709500,2110500,2220330400,2227970700
44,892,241920527999900,2132900,2254620800,2262261100
44,908,241920562134800,2125700,2288755700,2296396000
44,924,241920597228600,2119400,2323849500,2331489800
44,940,241920651793800,2159900,2378414700,2386055000
44,956,241920686379600,2108300,2413000500,2420640800
44,972,241920721463100,2221200,2448084000,2455724300
44,988,241920756772100,2129300,2483393000,2491033300
44,1004,241920793410000,2297300,2520030900,2527671200
44,1020,241920827957100,2174100,2554578000,2562218300
44,1036,241920862446500,2224800,2589067400,2596707700
44,1052,241920897329200,2151300,2623950100,2631590400
44,1068,241920938906600,2125000,2665527500,2673167800
44,1084,241920973907300,2152300,2700528200,2708168500
44,1100,241921008531200,2151000,2735152100,2742792400
44,1116,241921043819400,2178600,2770440300,2778080600
44,1132,241921079516000,2157500,2806136900,2813777200
44,1148,241921114706300,2325500,2841327200,2848967500
44,1164,241921150739700,2206700,2877360600,2885000900
44,1180,241921185743700,2139400,2912364600,2920004900
44,1196,241921227117800,2147400,2953738700,2961379000
44,1212,241921262299000,2116600,2988919900,2996560200
44,1228,241921301812400,2934500,3028433300,3036073600
44,1244,241921348228000,2991400,3074848900,3082489200
44,1260,241921398693600,2936000,3125314500,3132954800
44,1276,241921447560800,2900500,3174181700,3181822000
44,1292,241921493436800,2757500,3220057700,3227698000
44,1308,241921540332700,2953700,3266953600,3274593900
44,1324,241921587737800,3071200,3314358700,3321999000
44,1340,241921647698100,3125500,3374319000,3381959300
44,1356,241921698602100,3567200,3425223000,3432863300
44,1372,241921748288100,3041600,3474909000,3482549300
44,1388,241921798572500,2628900,3525193400,3532833700
44,1404,241921843430800,2858900,3570051700,3577692000
44,1420,241921890354700,2933200,3616975600,3624615900
44,1436,241921936919800,2861700,3663540700,3671181000
44,1452,241921982765200,2854500,3709386100,3717026400
44,1468,241922039807300,3021300,3766428200,3774068500
44,1484,241922085629600,2796700,3812250500,3819890800
44,1500,241922130864000,2768700,3857484900,3865125200
44,1516,241922175193800,2580200,3901814700,3909455000
44,1532,241922218471500,2828800,3945092400,3952732700
44,1548,241922266410500,3103800,3993031400,4000671700
44,1564,241922312140800,2699000,4038761700,4046402000
44,1580,241922357656600,2733300,4084277500,4091917800
44,1596,241922409025700,2959500,4135646600,4143286900
44,1612,241922457242800,3008400,4183863700,4191504000
44,1628,241922503994900,2742200,4230615800,4238256100
44,1644,241922550369000,2762800,4276989900,4284630200
44,1660,241922596106100,3001700,4322727000,4330367300
44,1676,241922642957200,2730200,4369578100,4377218400
44,1692,241922687449900,2991600,4414070800,4421711100
44,1708,241922733693900,3095700,4460314800,4467955100
44,1724,241922777181000,2774500,4503801900,4511442200
44,1740,241922830113600,2928100,4556734500,4564374800
44,1756,241922876040800,2604200,4602661700,4610302000
44,1772,241922917309300,2624700,4643930200,4651570500
44,1788,241922962707600,2659500,4689328500,4696968800
44,1804,241923006789500,2695600,4733410400,4741050700
44,1820,241923051036800,2805500,4777657700,4785298000
44,1836,241923098785900,2742400,4825406800,4833047100
44,1852,241923142859900,2971000,4869480800,4877121100
44,1868,241923193057400,2761100,4919678300,4927318600
44,1884,241923239613400,3202600,4966234300,4973874600
44,1900,241923288371600,3068600,5014992500,5022632800
44,1916,241923334138000,2679200,5060758900,5068399200
44,1932,241923380677600,3071700,5107298500,5114938800
44,1948,241923430647600,3134500,5157268500,5164908800
44,1964,241923476085500,2548800,5202706400,5210346700
44,1980,241923517609300,2685400,5244230200,5251870500
44,1996,241923565816100,2676200,5292437000,5300077300
44,2012,241923609715200,3067900,5336336100,5343976400
44,2028,241923655003100,2694500,5381624000,5389264300
44,2044,241923698214000,2655800,5424834900,5432475200
45,13,241918452399000,2232400,179019900,186660200
45,29,241918490843800,2473200,217464700,225105000
45,45,241918527324700,2167400,253945600,261585900
45,61,241918564393000,2318100,291013900,298654200
45,77,241918600897500,2160500,327518400,335158700
45,93,241918638148200,2303600,364769100,372409400
45,109,241918674681200,2209700,401302100,408942400
45,125,241918712064800,2275800,438685700,446326000
45,141,241918766007300,2117400,492628200,500268500
45,157,241918800525200,2329500,527146100,534786400
45,173,241918834965500,2507500,561586400,569226700
45,189,241918871519400,2256600,598140300,605780600
45,205,241918906796500,2295400,633417400,641057700
45,221,241918942438400,2105000,669059300,676699600
45,237,241918977687700,2179900,704308600,711948900
45,253,241919014928300,2125500,741549200,749189500
45,269,241919067778200,2254100,794399100,802039400
45,285,241919102618900,2233700,829239800,836880100
45,301,241919136591900,2329600,863212800,870853100
45,317,241919171132200,2263000,897753100,905393400
45,333,241919207739200,2239600,934360100,942000400
45,349,241919243149400,2225500,969770300,977410600
45,365,241919279933300,2146000,1006554200,1014194500
45,381,241919315816800,2198000,1042437700,1050078000
45,397,241919370832600,2069200,1097453500,1105093800
45,413,241919405816400,2278500,1132437300,1140077600
45,429,241919440933000,2161800,1167553900,1175194200
45,445,241919476352600,2128200,1202973500,1210613800
45,461,241919511766300,2169000,1238387200,1246027500
45,477,241919546456300,2128800,1273077200,1280717500
45,493,241919581256900,5298100,1307877800,1315518100
45,509,241919621712700,2289100,1348333600,1355973900
45,525,241919675866600,2747700,1402487500,1410127800
45,541,241919711936000,2152600,1438556900,1446197200
45,557,241919747608900,2293400,1474229800,1481870100
45,573,241919783535600,2112700,1510156500,1517796800
45,589,241919817423100,2089300,1544044000,1551684300
45,605,241919853911300,2326400,1580532200,1588172500
45,621,241919889970300,2188600,1616591200,1624231500
45,637,241919925880300,2291400,1652501200,1660141500
45,653,241919961175600,2306900,1687796500,1695436800
45,669,241920016295300,2180600,1742916200,1750556500
45,685,241920053106700,2566300,1779727600,1787367900
45,701,241920089829200,2156800,1816450100,1824090400
45,717,241920125219800,2192500,1851840700,1859481000
45,733,241920160470600,2280300,1887091500,1894731800
45,749,241920196118200,2177400,1922739100,1930379400
45,765,241920231564400,2137200,1958185300,1965825600
45,781,241920267654200,2167300,1994275100,2001915400
45,797,241920323605700,2264300,2050226600,2057866900
45,813,241920359221400,2132300,2085842300,2093482600
45,829,241920395004400,2120000,2121625300,2129265600
45,845,241920430310300,2167100,2156931200,2164571500
45,861,241920464898900,2105000,2191519800,2199160100
45,877,241920499123900,2086000,2225744800,2233385100
45,893,241920533493600,2087000,2260114500,2267754800
45,909,241920567723800,2122800,2294344700,2301985000
45,925,241920622658000,2168200,2349278900,2356919200
45,941,241920657563100,2174100,2384184000,2391824300
45,957,241920691978200,2046900,2418599100,2426239400
45,973,241920727020600,2151900,2453641500,2461281800
45,989,241920762435100,2200500,2489056000,2496696300
45,1005,241920799106200,2155700,2525727100,2533367400
45,1021,241920833397700,2110600,2560018600,2567658900
45,1037,241920867966300,2152500,2594587200,2602227500
45,1053,241920902820900,2148000,2629441800,2637082100
45,1069,241920944274800,2215700,2670895700,2678536000
45,1085,241920979281400,2148700,2705902300,2713542600
45,1101,241921013910500,2209100,2740531400,2748171700
45,1117,241921049330000,2267800,2775950900,2783591200
45,1133,241921084795300,2128200,2811416200,2819056500
45,1149,241921120313300,2272100,2846934200,2854574500
45,1165,241921156245200,2186700,2882866100,2890506400
45,1181,241921191304200,2136000,2917925100,2925565400
45,1197,241921232609800,2168600,2959230700,2966871000
45,1213,241921267964700,2426800,2994585600,3002225900
45,1229,241921309429700,2935100,3036050600,3043690900
45,1245,241921355860400,4561100,3082481300,3090121600
45,1261,241921406247000,2967100,3132867900,3140508200
45,1277,241921454978300,2850600,3181599200,3189239500
45,1293,241921501101900,2977500,3227722800,3235363100
45,1309,241921547941500,2994600,3274562400,3282202700
45,1325,241921601121200,3146700,3327742100,3335382400
45,1341,241921655870400,3335100,3382491300,3390131600
45,1357,241921707761300,3657700,3434382200,3442022500
45,1373,241921756112000,2996700,3482732900,3490373200
45,1389,241921805263900,2791500,3531884800,3539525100
45,1405,241921850886500,2972600,3577507400,3585147700
45,1421,241921897951800,2919200,3624572700,3632213000
45,1437,241921944102000,2955100,3670722900,3678363200
45,1453,241921990345400,2937600,3716966300,3724606600
45,1469,241922047333900,2916000,3773954800,3781595100
45,1485,241922092929200,2776400,3819550100,3827190400
45,1501,241922138064600,2795000,3864685500,3872325800
45,1517,241922181940500,2564000,3908561400,3916201700
45,1533,241922225872400,3079400,3952493300,3960133600
45,1549,241922274386200,2947500,4001007100,4008647400
45,1565,241922319438600,2675600,4046059500,4053699800
45,1581,241922364963700,2760100,4091584600,4099224900
45,1597,241922417110800,2946200,4143731700,4151372000
45,1613,241922465222900,2977200,4191843800,4199484100
45,1629,241922511761500,3010300,4238382400,4246022700
45,1645,241922557719600,2776800,4284340500,4291980800
45,1661,241922604037100,2786700,4330658000,4338298300
45,1677,241922650108300,2689200,4376729200,4384369500
45,1693,241922696030000,2887200,4422650900,4430291200
45,1709,241922742197600,2623200,4468818500,4476458800
45,1725,241922790689300,2658800,4517310200,4524950500
45,1741,241922838344200,2718100,4564965100,4572605400
45,1757,241922883504500,2531300,4610125400,4617765700
45,1773,241922925649200,3428200,4652270100,4659910400
45,1789,241922970654700,2708300,4697275600,4704915900
45,1805,241923015056500,2832100,4741677400,4749317700
45,1821,241923059318700,3198200,4785939600,4793579900
45,1837,241923106719500,2742000,4833340400,4840980700
45,1853,241923151050400,2703700,4877671300,4885311600
45,1869,241923201441600,2916200,4928062500,4935702800
45,1885,241923248299300,2923900,4974920200,4982560500
45,1901,241923296373800,2832300,5022994700,5030635000
45,1917,241923341720100,2674400,5068341000,5075981300
45,1933,241923389306900,3047200,5115927800,5123568100
45,1949,241923439285200,2586700,5165906100,5173546400
45,1965,241923483334400,2584300,5209955300,5217595600
45,1981,241923524946800,2590300,5251567700,5259208000
45,1997,241923573195200,2641500,5299816100,5307456400
45,2013,241923618242800,2995600,5344863700,5352504000
45,2029,241923662351900,2540100,5388972800,5396613100
45,2045,241923705634200,3574900,5432255100,5439895400
46,14,241918454601400,3398000,181222300,188862600
46,30,241918493414100,2350100,220035000,227675300
46,46,241918529555700,2226800,256176600,263816900
46,62,241918566851600,2563200,293472500,301112800
46,78,241918603205600,2227500,329826500,337466800
46,94,241918640736800,2262900,367357700,374998000
46,110,241918677166500,2472500,403787400,411427700
46,126,241918714663200,21657300,441284100,448924400
46,142,241918768400100,2131100,495021000,502661300
46,158,241918803221400,2237900,529842300,537482600
46,174,241918837817500,2274000,564438400,572078700
46,190,241918874068100,2189400,600689000,608329300
46,206,241918909526100,2328500,636147000,643787300
46,222,241918945104900,2135900,671725800,679366100
46,238,241918980291300,2199900,706912200,714552500
46,254,241919017516100,2115300,744137000,751777300
46,270,241919070718900,2178500,797339800,804980100
46,286,241919105699600,2170000,832320500,839960800
46,302,241919139528800,2198100,866149700,873790000
46,318,241919174130600,2215200,900751500,908391800
46,334,241919210772800,2207100,937393700,945034000
46,350,241919246066900,2582000,972687800,980328100
46,366,241919282735900,2113400,1009356800,1016997100
46,382,241919318787700,2186300,1045408600,1053048900
46,398,241919373507800,2096200,1100128700,1107769000
46,414,241919408533200,2256900,1135154100,1142794400
46,430,241919443992500,2153700,1170613400,1178253700
46,446,241919479380700,2139300,1206001600,1213641900
46,462,241919514871500,2195900,1241492400,1249132700
46,478,241919549475500,2131000,1276096400,1283736700
46,494,241919588391300,3490200,1315012200,1322652500
46,510,241919624856500,2262800,1351477400,1359117700
46,526,241919679174800,2208400,1405795700,1413436000
46,542,241919714505100,2294000,1441126000,1448766300
46,558,241919750330100,2442200,1476951000,1484591300
46,574,241919786057500,2145400,1512678400,1520318700
46,590,241919819904700,2136300,1546525600,1554165900
46,606,241919855589100,2297000,1582210000,1589850300
46,622,241919891570200,2223600,1618191100,1625831400
46,638,241919927501900,2296700,1654122800,1661763100
46,654,241919962650100,2458700,1689271000,1696911300
46,670,241920017589600,2195700,1744210500,1751850800
46,686,241920054590800,2194800,1781211700,1788852000
46,702,241920090826300,2144600,1817447200,1825087500
46,718,241920126258100,2193700,1852879000,1860519300
46,734,241920161388600,2313700,1888009500,1895649800
46,750,241920197266100,2202100,1923887000,1931527300
46,766,241920232679700,2166200,1959300600,1966940900
46,782,241920268451200,2232300,1995072100,2002712400
46,798,241920324312400,2219800,2050933300,2058573600
46,814,241920359954800,2115300,2086575700,2094216000
46,830,241920395812200,2101800,2122433100,2130073400
46,846,241920431133700,2209500,2157754600,2165394900
46,862,241920465800700,2104200,2192421600,2200061900
46,878,241920500156100,2116600,2226777000,2234417300
46,894,241920534545200,2094600,2261166100,2268806400
46,910,241920568658900,2128100,2295279800,2302920100
46,926,241920623743600,2057200,2350364500,2358004800
46,942,241920658622200,2147000,2385243100,2392883400
46,958,241920692969700,2094600,2419590600,2427230900
46,974,241920728436800,2201700,2455057700,2462698000
46,990,241920763870300,2203700,2490491200,2498131500
46,1006,241920800406600,2167800,2527027500,2534667800
46,1022,241920834665900,2095400,2561286800,2568927100
46,1038,241920869289000,2112500,2595909900,2603550200
46,1054,241920904078800,2268400,2630699700,2638340000
46,1070,241920945749800,2215500,2672370700,2680011000
46,1086,241920980683700,2138700,2707304600,2714944900
46,1102,241921015342700,2225200,2741963600,2749603900
46,1118,241921050720000,2193000,2777340900,2784981200
46,1134,241921086021600,2102600,2812642500,2820282800
46,1150,241921121534500,2193300,2848155400,2855795700
46,1166,241921157270500,2141600,2883891400,2891531700
46,1182,241921192335700,2110700,2918956600,2926596900
46,1198,241921233638200,2224900,2960259100,2967899400
46,1214,241921269186000,2374800,2995806900,3003447200
46,1230,241921310783500,3001200,3037404400,3045044700
46,1246,241921357136800,6214700,3083757700,3091398000
46,1262,241921407579100,3047300,3134200000,3141840300
46,1278,241921456286800,2849800,3182907700,3190548000
46,1294,241921502441300,2865800,3229062200,3236702500
46,1310,241921549219800,3014500,3275840700,3283481000
46,1326,241921602326600,3018900,3328947500,3336587800
46,1342,241921657079500,3274000,3383700400,3391340700
46,1358,241921709338200,3537600,3435959100,3443599400
46,1374,241921757362400,3200900,3483983300,3491623600
46,1390,241921806512200,2753600,3533133100,3540773400
46,1406,241921852228000,2933100,3578848900,3586489200
46,1422,241921899271600,2900900,3625892500,3633532800
46,1438,241921945341000,2947300,3671961900,3679602200
46,1454,241921991610500,2922900,3718231400,3725871700
46,1470,241922048652000,2879500,3775272900,3782913200
46,1486,241922094179500,2806300,3820800400,3828440700
46,1502,241922139370200,2789300,3865991100,3873631400
46,1518,241922182908800,2577500,3909529700,3917170000
46,1534,241922226977500,3061300,3953598400,3961238700
46,1550,241922275421200,2830800,4002042100,4009682400
46,1566,241922320356500,2730500,4046977400,4054617700
46,1582,241922365885700,2762600,4092506600,4100146900
46,1598,241922418080000,2952800,4144700900,4152341200
46,1614,241922466182700,3005300,4192803600,4200443900
46,1630,241922512804700,2986100,4239425600,4247065900
46,1646,241922558733800,2731100,4285354700,4292995000
46,1662,241922605042900,3261600,4331663800,4339304100
46,1678,241922651049900,2776800,4377670800,4385311100
46,1694,241922696309200,2889000,4422930100,4430570400
46,1710,241922742404900,2651800,4469025800,4476666100
46,1726,241922790917900,2677900,4517538800,4525179100
46,1742,241922838580000,2693900,4565200900,4572841200
46,1758,241922883678500,2525600,4610299400,4617939700
46,1774,241922925837200,3431800,4652458100,4660098400
46,1790,241922970847700,2708900,4697468600,4705108900
46,1806,241923015228900,2796700,4741849800,4749490100
46,1822,241923059491700,3198900,4786112600,4793752900
46,1838,241923106867300,2743200,4833488200,4841128500
46,1854,241923151239900,2706300,4877860800,4885501100
46,1870,241923201756000,2917700,4928376900,4936017200
46,1886,241923248559400,2935400,4975180300,4982820600
46,1902,241923296650100,2822500,5023271000,5030911300
46,1918,241923341973100,2723300,5068594000,5076234300
46,1934,241923389601700,3050300,5116222600,5123862900
46,1950,241923439418700,2629600,5166039600,5173679900
46,1966,241923483523400,2592900,5210144300,5217784600
46,1982,241923525133300,2593500,5251754200,5259394500
46,1998,241923573427400,2630800,5300048300,5307688600
46,2014,241923618491300,2998000,5345112200,5352752500
46,2030,241923662540100,2533000,5389161000,5396801300
46,2046,241923705841300,3643400,5432462200,5440102500
47,15,241918458137300,2480700,184758200,192398500
47,31,241918495957300,2335600,222578200,230218500
47,47,241918531898200,2139100,258519100,266159400
47,63,241918569523600,2408700,296144500,303784800
47,79,241918605467900,2413000,332088800,339729100
47,95,241918642939300,2232100,369560200,377200500
47,111,241918679530100,2214700,406151000,413791300
47,127,241918735874800,2348400,462495700,470136000
47,143,241918770156100,2102300,496777000,504417300
47,159,241918805077000,2095400,531697900,539338200
47,175,241918839693600,2173200,566314500,573954800
47,191,241918875831000,2179300,602451900,610092200
47,207,241918911306800,2302800,637927700,645568000
47,223,241918946651000,2140400,673271900,680912200
47,239,241918981011400,2173900,707632300,715272600
47,255,241919018185600,2098300,744806500,752446800
47,271,241919071250100,2194400,797871000,805511300
47,287,241919106153900,2161600,832774800,840415100
47,303,241919140094700,2164600,866715600,874355900
47,319,241919174538500,2204900,901159400,908799700
47,335,241919211227100,2194100,937848000,945488300
47,351,241919246710800,2453900,973331700,980972000
47,367,241919283187900,2120000,1009808800,1017449100
47,383,241919319100800,2196500,1045721700,1053362000
47,399,241919373879700,2102200,1100500600,1108140900
47,415,241919409002500,2299700,1135623400,1143263700
47,431,241919444501400,2134700,1171122300,1178762600
47,447,241919479798200,2167600,1206419100,1214059400
47,463,241919515301000,2189500,1241921900,1249562200
47,479,241919549879400,2142200,1276500300,1284140600
47,495,241919589088800,3185200,1315709700,1323350000
47,511,241919625362900,2213000,1351983800,1359624100
47,527,241919679773100,2219700,1406394000,1414034300
47,543,241919715030500,2333700,1441651400,1449291700
47,559,241919750801500,2466900,1477422400,1485062700
47,575,241919786464300,2137200,1513085200,1520725500
47,591,241919820307700,2140300,1546928600,1554568900
47,607,241919856549600,2361300,1583170500,1590810800
47,623,241919892515900,2179400,1619136800,1626777100
47,639,241919928537700,2292400,1655158600,1662798900
47,655,241919963775400,2409400,1690396300,1698036600
47,671,241920018803800,2146600,1745424700,1753065000
47,687,241920055633100,2173400,1782254000,1789894300
47,703,241920091811900,2125200,1818432800,1826073100
47,719,241920127205800,2220500,1853826700,1861467000
47,735,241920162497900,2268900,1889118800,1896759100
47,751,241920198202500,2384500,1924823400,1932463700
47,767,241920233613300,2171300,1960234200,1967874500
47,783,241920269853400,2297700,1996474300,2004114600
47,799,241920325990000,2204100,2052610900,2060251200
47,815,241920361474400,2116500,2088095300,2095735600
47,831,241920397210700,2142100,2123831600,2131471900
47,847,241920432598900,2220400,2159219800,2166860100
47,863,241920467233800,2142400,2193854700,2201495000
47,879,241920501492900,2131300,2228113800,2235754100
47,895,241920535882700,2090300,2262503600,2270143900
47,911,241920570002100,2161200,2296623000,2304263300
47,927,241920625023100,2078400,2351644000,2359284300
47,943,241920660040200,2140000,2386661100,2394301400
47,959,241920694278900,2248300,2420899800,2428540100
47,975,241920729434500,2230000,2456055400,2463695700
47,991,241920764974400,2222900,2491595300,2499235600
47,1007,241920801523600,2185000,2528144500,2535784800
47,1023,241920835774900,2101100,2562395800,2570036100
47,1039,241920870382100,2205700,2597003000,2604643300
47,1055,241920905223200,2205600,2631844100,2639484400
47,1071,241920946921500,2237300,2673542400,2681182700
47,1087,241920981845800,2135300,2708466700,2716107000
47,1103,241921016490800,2232400,2743111700,2750752000
47,1119,241921051981600,2225800,2778602500,2786242800
47,1135,241921087243400,2114500,2813864300,2821504600
47,1151,241921122869500,2315100,2849490400,2857130700
47,1167,241921158636100,2131800,2885257000,2892897300
47,1183,241921193498200,2156400,2920119100,2927759400
47,1199,241921234849000,2210800,2961469900,2969110200
47,1215,241921270485200,2337700,2997106100,3004746400
47,1231,241921312495100,3018400,3039116000,3046756300
47,1247,241921360561300,4399300,3087182200,3094822500
47,1263,241921409268300,3123300,3135889200,3143529500
47,1279,241921457874000,2802200,3184494900,3192135200
47,1295,241921504120600,2902800,3230741500,3238381800
47,1311,241921550986300,3035300,3277607200,3285247500
47,1327,241921604371200,3122900,3330992100,3338632400
47,1343,241921659307700,3167400,3385928600,3393568900
47,1359,241921711475900,3377300,3438096800,3445737100
47,1375,241921759162100,3246600,3485783000,3493423300
47,1391,241921808213500,2753000,3534834400,3542474700
47,1407,241921854031600,2941700,3580652500,3588292800
47,1423,241921901043600,2930100,3627664500,3635304800
47,1439,241921947226000,2950400,3673846900,3681487200
47,1455,241921993478100,2926000,3720099000,3727739300
47,1471,241922050493500,2834100,3777114400,3784754700
47,1487,241922095949900,2822600,3822570800,3830211100
47,1503,241922141141300,2794700,3867762200,3875402500
47,1519,241922184757900,2553400,3911378800,3919019100
47,1535,241922229174400,2948100,3955795300,3963435600
47,1551,241922277370500,2937200,4003991400,4011631700
47,1567,241922322148400,3014000,4048769300,4056409600
47,1583,241922367764900,2899400,4094385800,4102026100
47,1599,241922420093900,2959200,4146714800,4154355100
47,1615,241922468251900,2928500,4194872800,4202513100
47,1631,241922514854300,3009600,4241475200,4249115500
47,1647,241922560584200,2764700,4287205100,4294845400
47,1663,241922606883400,5005100,4333504300,4341144600
47,1679,241922652886500,2820600,4379507400,4387147700
47,1695,241922699039500,2974400,4425660400,4433300700
47,1711,241922744906900,2704000,4471527800,4479168100
47,1727,241922793417500,2869900,4520038400,4527678700
47,1743,241922841134500,3249300,4567755400,4575395700
47,1759,241922886101400,2560700,4612722300,4620362600
47,1775,241922929183700,2789700,4655804600,4663444900
47,1791,241922973489200,2691700,4700110100,4707750400
47,1807,241923017959400,2820900,4744580300,4752220600
47,1823,241923062603300,3107000,4789224200,4796864500
47,1839,241923109539300,2717200,4836160200,4843800500
47,1855,241923153832200,2805800,4880453100,4888093400
47,1871,241923204458500,2685300,4931079400,4938719700
47,1887,241923251278000,3073200,4977898900,4985539200
47,1903,241923299260500,2838300,5025881400,5033521700
47,1919,241923344453100,3365800,5071074000,5078714300
47,1935,241923392443000,3054100,5119063900,5126704200
47,1951,241923441919200,2618900,5168540100,5176180400
47,1967,241923485965500,2683800,5212586400,5220226700
47,1983,241923527589600,2605600,5254210500,5261850800
47,1999,241923575916800,2677200,5302537700,5310178000
47,2015,241923621336900,3005600,5347957800,5355598100
47,2031,241923664971500,2594300,5391592400,5399232700
47,2047,241923709346800,4111500,5435967700,5443608000
48,0,241918415410600,7283600,142031500,149671800
48,16,241918460686400,2324900,187307300,194947600
48,32,241918498201000,2427100,224821900,232462200
48,48,241918534070400,2355000,260691300,268331600
48,64,241918572113400,2466300,298734300,306374600
48,80,241918608029200,2332200,334650100,342290400
48,96,241918645210600,2343500,371831500,379471800
48,112,241918681803600,2245600,408424500,416064800
48,128,241918738430000,2167200,465050900,472691200
48,144,241918772464200,2123700,499085100,506725400
48,160,241918807374600,2101300,533995500,541635800
48,176,241918842080000,2617300,568700900,576341200
48,192,241918878265100,2143900,604886000,612526300
48,208,241918913928500,2176000,640549400,648189700
48,224,241918949084600,2136500,675705500,683345800
48,240,241918984489700,2153800,711110600,718750900
48,256,241919021571800,2164300,748192700,755833000
48,272,241919075067600,2326500,801688500,809328800
48,288,241919109802000,2127000,836422900,844063200
48,304,241919143799500,2357400,870420400,878060700
48,320,241919178340100,2182500,904961000,912601300
48,336,241919214895600,2203300,941516500,949156800
48,352,241919250469900,2367500,977090800,984731100
48,368,241919286666700,2157100,1013287600,1020927900
48,384,241919322764300,2187400,1049385200,1057025500
48,400,241919377443100,2061100,1104064000,1111704300
48,416,241919412870700,2240400,1139491600,1147131900
48,432,241919448163200,2244700,1174784100,1182424400
48,448,241919483566600,2166500,1210187500,1217827800
48,464,241919518912800,2145900,1245533700,1253174000
48,480,241919553426800,2172800,1280047700,1287688000
48,496,241919593610600,2123300,1320231500,1327871800
48,512,241919628985800,2210800,1355606700,1363247000
48,528,241919683399300,2240300,1410020200,1417660500
48,544,241919718840400,2196300,1445461300,1453101600
48,560,241919755073600,2246500,1481694500,1489334800
48,576,241919790146500,2126300,1516767400,1524407700
48,592,241919823993000,2140000,1550613900,1558254200
48,608,241919860232400,2493500,1586853300,1594493600
48,624,241919895927900,2229100,1622548800,1630189100
48,640,241919932149400,2287100,1658770300,1666410600
48,656,241919967584400,2249300,1694205300,1701845600
48,672,241920022103300,2325200,1748724200,1756364500
48,688,241920059118100,2199700,1785739000,1793379300
48,704,241920095177600,2144500,1821798500,1829438800
48,720,241920130656500,2195700,1857277400,1864917700
48,736,241920165976900,2318700,1892597800,1900238100
48,752,241920201816000,2244900,1928436900,1936077200
48,768,241920236953500,2162500,1963574400,1971214700
48,784,241920272711700,2249100,1999332600,2006972900
48,800,241920328939900,2263200,2055560800,2063201100
48,816,241920364291000,2164400,2090911900,2098552200
48,832,241920400286400,2131200,2126907300,2134547600
48,848,241920435915800,2212300,2162536700,2170177000
48,864,241920470408300,2154300,2197029200,2204669500
48,880,241920504607400,2126800,2231228300,2238868600
48,896,241920539053700,2152300,2265674600,2273314900
48,912,241920573238300,2144500,2299859200,2307499500
48,928,241920628234700,2157800,2354855600,2362495900
48,944,241920663166500,2134000,2389787400,2397427700
48,960,241920697696500,2159500,2424317400,2431957700
48,976,241920732756900,2154000,2459377800,2467018100
48,992,241920768315800,2409300,2494936700,2502577000
48,1008,241920804661000,2182400,2531281900,2538922200
48,1024,241920838827800,2141300,2565448700,2573089000
48,1040,241920873505800,2179900,2600126700,2607767000
48,1056,241920908471400,2233300,2635092300,2642732600
48,1072,241920950149200,2268900,2676770100,2684410400
48,1088,241920984929400,2161000,2711550300,2719190600
48,1104,241921019721500,2155800,2746342400,2753982700
48,1120,241921055210600,2148800,2781831500,2789471800
48,1136,241921090312800,2129700,2816933700,2824574000
48,1152,241921126142900,2217700,2852763800,2860404100
48,1168,241921161626500,2188600,2888247400,2895887700
48,1184,241921196701600,2284800,2923322500,2930962800
48,1200,241921238074900,2136800,2964695800,2972336100
48,1216,241921273911200,2279800,3000532100,3008172400
48,1232,241921316858400,2939900,3043479300,3051119600
48,1248,241921366363400,2989500,3092984300,3100624600
48,1264,241921413751500,2828200,3140372400,3148012700
48,1280,241921462077600,2813000,3188698500,3196338800
48,1296,241921508466600,2944800,3235087500,3242727800
48,1312,241921555474100,2981700,3282095000,3289735300
48,1328,241921612006200,3277400,3338627100,3346267400
48,1344,241921664021300,3033300,3390642200,3398282500
48,1360,241921716612600,3282000,3443233500,3450873800
48,1376,241921764099100,3281200,3490720000,3498360300
48,1392,241921812221700,2654800,3538842600,3546482900
48,1408,241921858314200,2953700,3584935100,3592575400
48,1424,241921905326400,2858400,3631947300,3639587600
48,1440,241921951521400,2682200,3678142300,3685782600
48,1456,241921997913200,3200100,3724534100,3732174400
48,1472,241922054655000,2859700,3781275900,3788916200
48,1488,241922100056700,2871200,3826677600,3834317900
48,1504,241922145243800,2901900,3871864700,3879505000
48,1520,241922188492100,2646700,3915113000,3922753300
48,1536,241922233493200,3021600,3960114100,3967754400
48,1552,241922281792300,2695100,4008413200,4016053500
48,1568,241922326687600,2843400,4053308500,4060948800
48,1584,241922372093300,2744000,4098714200,4106354500
48,1600,241922424672400,3017200,4151293300,4158933600
48,1616,241922472767600,2993500,4199388500,4207028800
48,1632,241922519530100,3028100,4246151000,4253791300
48,1648,241922564898900,2724400,4291519800,4299160100
48,1664,241922613486000,2828800,4340106900,4347747200
48,1680,241922657258000,2860800,4383878900,4391519200
48,1696,241922703052300,2713800,4429673200,4437313500
48,1712,241922748644300,2702700,4475265200,4482905500
48,1728,241922797400500,3023600,4524021400,4531661700
48,1744,241922845614800,3010100,4572235700,4579876000
48,1760,241922889648600,2590900,4616269500,4623909800
48,1776,241922933159300,2881600,4659780200,4667420500
48,1792,241922977189800,2704300,4703810700,4711451000
48,1808,241923021828800,2703400,4748449700,4756090000
48,1824,241923066846300,2894900,4793467200,4801107500
48,1840,241923113264000,2792600,4839884900,4847525200
48,1856,241923157796700,2756700,4884417600,4892057900
48,1872,241923208089400,2726900,4934710300,4942350600
48,1888,241923255506800,3073900,4982127700,4989768000
48,1904,241923303150400,2794700,5029771300,5037411600
48,1920,241923348822700,2920500,5075443600,5083083900
48,1936,241923396574000,3129000,5123194900,5130835200
48,1952,241923445714300,3157400,5172335200,5179975500
48,1968,241923489544000,2574600,5216164900,5223805200
48,1984,241923531094300,2671700,5257715200,5265355500
48,2000,241923579482500,2870400,5306103400,5313743700
48,2016,241923625368800,3060800,5351989700,5359630000
48,2032,241923668508600,2582200,5395129500,5402769800
49,1,241918422619400,2645100,149240300,156880600
49,17,241918462920100,2314600,189541000,197181300
49,33,241918500453100,2253700,227074000,234714300
49,49,241918536239400,2665200,262860300,270500600
49,65,241918574212000,2236700,300832900,308473200
49,81,241918610002000,2191300,336622900,344263200
49,97,241918647330900,2313600,373951800,381592100
49,113,241918683862500,2347800,410483400,418123700
49,129,241918740512100,2154500,467133000,474773300
49,145,241918774500600,2116100,501121500,508761800
49,161,241918809421400,2107100,536042300,543682600
49,177,241918844621900,2390300,571242800,578883100
49,193,241918880354100,2201900,606975000,614615300
49,209,241918915924800,2204100,642545700,650186000
49,225,241918951082600,2046100,677703500,685343800
49,241,241918986467800,2172500,713088700,720729000
49,257,241919023494500,20199400,750115400,757755700
49,273,241919077081600,2268800,803702500,811342800
49,289,241919111639300,2146800,838260200,845900500
49,305,241919145784800,2197600,872405700,880046000
49,321,241919179998400,2400100,906619300,914259600
49,337,241919216748400,2254900,943369300,951009600
49,353,241919252429300,2421300,979050200,986690500
49,369,241919288380900,2264800,1015001800,1022642100
49,385,241919324506000,2207000,1051126900,1058767200
49,401,241919379017000,2086200,1105637900,1113278200
49,417,241919414988600,2255000,1141609500,1149249800
49,433,241919450301400,2314100,1176922300,1184562600
49,449,241919485593100,2140800,1212214000,1219854300
49,465,241919520973800,2159800,1247594700,1255235000
49,481,241919555512100,2149200,1282133000,1289773300
49,497,241919595791900,2125700,1322412800,1330053100
49,513,241919631353100,2329400,1357974000,1365614300
49,529,241919685930200,2210800,1412551100,1420191400
49,545,241919721287900,2141100,1447908800,1455549100
49,561,241919757415500,2268800,1484036400,1491676700
49,577,241919792360400,2124900,1518981300,1526621600
49,593,241919826218400,2112000,1552839300,1560479600
49,609,241919862597400,2329400,1589218300,1596858600
49,625,241919898037600,2148200,1624658500,1632298800
49,641,241919934283300,2249700,1660904200,1668544500
49,657,241919969937200,2310100,1696558100,1704198400
49,673,241920024528100,2259000,1751149000,1758789300
49,689,241920061287600,2335000,1787908500,1795548800
49,705,241920097296400,2122200,1823917300,1831557600
49,721,241920132758900,2211500,1859379800,1867020100
49,737,241920168133500,2432400,1894754400,1902394700
49,753,241920203941700,2223400,1930562600,1938202900
49,769,241920238982600,2164600,1965603500,1973243800
49,785,241920275084700,2219900,2001705600,2009345900
49,801,241920330742700,2254700,2057363600,2065003900
49,817,241920365995000,2277500,2092615900,2100256200
49,833,241920401686600,2134400,2128307500,2135947800
49,849,241920437284500,2174100,2163905400,2171545700
49,865,241920471628600,2131100,2198249500,2205889800
49,881,241920505804500,2138900,2232425400,2240065700
49,897,241920540247300,2135100,2266868200,2274508500
49,913,241920574394200,2139900,2301015100,2308655400
49,929,241920629327700,2141200,2355948600,2363588900
49,945,241920664445400,2185800,2391066300,2398706600
49,961,241920699160400,2127500,2425781300,2433421600
49,977,241920734030500,2183600,2460651400,2468291700
49,993,241920769784800,2282900,2496405700,2504046000
49,1009,241920805981400,2144200,2532602300,2540242600
49,1025,241920840135800,2175100,2566756700,2574397000
49,1041,241920874852600,2128500,2601473500,2609113800
49,1057,241920909767900,2205300,2636388800,2644029100
49,1073,241920951462400,2284000,2678083300,2685723600
49,1089,241920986229900,2172100,2712850800,2720491100
49,1105,241921020952200,2171000,2747573100,2755213400
49,1121,241921056532200,2219000,2783153100,2790793400
49,1137,241921091630800,2115200,2818251700,2825892000
49,1153,241921127313000,2218400,2853933900,2861574200
49,1169,241921162916500,2191800,2889537400,2897177700
49,1185,241921197991600,2302100,2924612500,2932252800
49,1201,241921239170700,2151800,2965791600,2973431900
49,1217,241921275038600,2277100,3001659500,3009299800
49,1233,241921318371100,2926100,3044992000,3052632300
49,1249,241921367979500,2981000,3094600400,3102240700
49,1265,241921415267100,2818600,3141888000,3149528300
49,1281,241921463541400,2960400,3190162300,3197802600
49,1297,241921510009500,2958300,3236630400,3244270700
49,1313,241921557005400,2997800,3283626300,3291266600
49,1329,241921613660100,3333000,3340281000,3347921300
49,1345,241921665692600,2830900,3392313500,3399953800
49,1361,241921718258500,3163900,3444879400,3452519700
49,1377,241921765770700,3244800,3492391600,3500031900
49,1393,241921813586600,2659300,3540207500,3547847800
49,1409,241921859837400,2973700,3586458300,3594098600
49,1425,241921906820700,2947400,3633441600,3641081900
49,1441,241921952845600,2882000,3679466500,3687106800
49,1457,241921999359200,3333200,3725980100,3733620400
49,1473,241922056089600,2900500,3782710500,3790350800
49,1489,241922101541300,2816200,3828162200,3835802500
49,1505,241922146688800,2831600,3873309700,3880950000
49,1521,241922189864000,2558600,3916484900,3924125200
49,1537,241922235062100,3044200,3961683000,3969323300
49,1553,241922283165200,2724100,4009786100,4017426400
49,1569,241922328164900,2933800,4054785800,4062426100
49,1585,241922373506300,2749800,4100127200,4107767500
49,1601,241922426232400,3074800,4152853300,4160493600
49,1617,241922474323700,2976300,4200944600,4208584900
49,1633,241922520983200,3046300,4247604100,4255244400
49,1649,241922566205800,2738600,4292826700,4300467000
49,1665,241922614897800,2717200,4341518700,4349159000
49,1681,241922658677100,2739500,4385298000,4392938300
49,1697,241922704595000,2623300,4431215900,4438856200
49,1713,241922750066600,2692400,4476687500,4484327800
49,1729,241922799098200,3133600,4525719100,4533359400
49,1745,241922847316500,2751100,4573937400,4581577700
49,1761,241922891065500,2564800,4617686400,4625326700
49,1777,241922934883000,2912100,4661503900,4669144200
49,1793,241922978825200,2681700,4705446100,4713086400
49,1809,241923023406000,2747500,4750026900,4757667200
49,1825,241923068602600,2736500,4795223500,4802863800
49,1841,241923114928300,2698900,4841549200,4849189500
49,1857,241923159229200,2894800,4885850100,4893490400
49,1873,241923209224900,2930700,4935845800,4943486100
49,1889,241923256964900,3008700,4983585800,4991226100
49,1905,241923304396100,2869300,5031017000,5038657300
49,1921,241923350250100,2927800,5076871000,5084511300
49,1937,241923398087800,3170200,5124708700,5132349000
49,1953,241923447284100,3078900,5173905000,5181545300
49,1969,241923490740700,2566800,5217361600,5225001900
49,1985,241923532335100,2741800,5258956000,5266596300
49,2001,241923580757900,2930900,5307378800,5315019100
49,2017,241923626823500,2852200,5353444400,5361084700
49,2033,241923669650600,2584700,5396271500,5403911800
50,2,241918425466200,2414700,152087100,159727400
50,18,241918465428000,2263500,192048900,199689200
50,34,241918502941400,2220900,229562300,237202600
50,50,241918539195900,2417700,265816800,273457100
50,66,241918576791200,2388400,303412100,311052400
50,82,241918612601100,2209300,339222000,346862300
50,98,241918649942700,2331900,376563600,384203900
50,114,241918686512300,2246700,413133200,420773500
50,130,241918742833500,2133400,469454400,477094700
50,146,241918776790800,2243900,503411700,511052000
50,162,241918811712200,2166900,538333100,545973400
50,178,241918847205100,2235500,573826000,581466300
50,194,241918882704700,2196500,609325600,616965900
50,210,241918918224200,2264600,644845100,652485400
50,226,241918953212900,2066500,679833800,687474100
50,242,241918987668200,2133900,714289100,721929400
50,258,241919024756200,20391800,751377100,759017400
50,274,241919078245400,2183800,804866300,812506600
50,290,241919112689700,2158800,839310600,846950900
50,306,241919146919800,2229400,873540700,881181000
50,322,241919181268800,2517400,907889700,915530000
50,338,241919218102700,2184900,944723600,952363900
50,354,241919254057600,2377700,980678500,988318800
50,370,241919289955700,2172800,1016576600,1024216900
50,386,241919325994500,2131900,1052615400,1060255700
50,402,241919380439300,2116100,1107060200,1114700500
50,418,241919416003600,2250300,1142624500,1150264800
50,434,241919451357900,2291800,1177978800,1185619100
50,450,241919486682200,2117000,1213303100,1220943400
50,466,241919522048300,2170400,1248669200,1256309500
50,482,241919556600500,2209100,1283221400,1290861700
50,498,241919596770700,2071200,1323391600,1331031900
50,514,241919632315700,2259100,1358936600,1366576900
50,530,241919686688700,2143900,1413309600,1420949900
50,546,241919722149500,2113800,1448770400,1456410700
50,562,241919758302200,2205700,1484923100,1492563400
50,578,241919793149000,2086900,1519769900,1527410200
50,594,241919827008900,2065100,1553629800,1561270100
50,610,241919863614700,2345000,1590235600,1597875900
50,626,241919898974600,2194300,1625595500,1633235800
50,642,241919935292900,2177700,1661913800,1669554100
50,658,241919970717900,21209300,1697338800,1704979100
50,674,241920025350700,2178900,1751971600,1759611900
50,690,241920062196700,2213600,1788817600,1796457900
50,706,241920098095900,2151900,1824716800,1832357100
50,722,241920133637700,2219600,1860258600,1867898900
50,738,241920169216500,2287700,1895837400,1903477700
50,754,241920204849300,2237900,1931470200,1939110500
50,770,241920239822100,2108500,1966443000,1974083300
50,786,241920275845200,2214200,2002466100,2010106400
50,802,241920331806600,2252200,2058427500,2066067800
50,818,241920367085400,2253300,2093706300,2101346600
50,834,241920402710100,2126100,2129331000,2136971300
50,850,241920438385600,2135500,2165006500,2172646800
50,866,241920472684600,2136600,2199305500,2206945800
50,882,241920506854700,2137000,2233475600,2241115900
50,898,241920541269600,2146400,2267890500,2275530800
50,914,241920575415800,2133900,2302036700,2309677000
50,930,241920630363400,2124000,2356984300,2364624600
50,946,241920665451300,2229500,2392072200,2399712500
50,962,241920700381000,2133700,2427001900,2434642200
50,978,241920735438700,2198000,2462059600,2469699900
50,994,241920771226500,2266100,2497847400,2505487700
50,1010,241920807413400,2147700,2534034300,2541674600
50,1026,241920841577800,2127800,2568198700,2575839000
50,1042,241920876251500,2149900,2602872400,2610512700
50,1058,241920911270300,2170100,2637891200,2645531500
50,1074,241920952997800,2223200,2679618700,2687259000
50,1090,241920987653000,2163500,2714273900,2721914200
50,1106,241921022457300,2149100,2749078200,2756718500
50,1122,241921057808400,2247500,2784429300,2792069600
50,1138,241921092863500,2120300,2819484400,2827124700
50,1154,241921128803200,2142200,2855424100,2863064400
50,1170,241921164198800,2173500,2890819700,2898460000
50,1186,241921199337100,2323300,2925958000,2933598300
50,1202,241921240468000,2166600,2967088900,2974729200
50,1218,241921276592800,2260900,3003213700,3010854000
50,1234,241921320343000,2979700,3046963900,3054604200
50,1250,241921370258400,2987000,3096879300,3104519600
50,1266,241921417428000,2926500,3144048900,3151689200
50,1282,241921465777600,2891800,3192398500,3200038800
50,1298,241921512269700,2919800,3238890600,3246530900
50,1314,241921559309600,2951300,3285930500,3293570800
50,1330,241921616248300,3284700,3342869200,3350509500
50,1346,241921667899200,2847700,3394520100,3402160400
50,1362,241921720777200,2796100,3447398100,3455038400
50,1378,241921768256100,3164400,3494877000,3502517300
50,1394,241921815591400,2727100,3542212300,3549852600
50,1410,241921862190300,2950000,3588811200,3596451500
50,1426,241921909139500,2978700,3635760400,3643400700
50,1442,241921955107000,2967200,3681727900,3689368200
50,1458,241922002143100,11405500,3728764000,3736404300
50,1474,241922058444700,2856100,3785065600,3792705900
50,1490,241922103807100,2866400,3830428000,3838068300
50,1506,241922149038000,3514200,3875658900,3883299200
50,1522,241922191939100,2577200,3918560000,3926200300
50,1538,241922237499600,3063800,3964120500,3971760800
50,1554,241922285277700,2754000,4011898600,4019538900
50,1570,241922330409500,3069900,4057030400,4064670700
50,1586,241922375646000,2748100,4102266900,4109907200
50,1602,241922428467800,3053100,4155088700,4162729000
50,1618,241922476518100,3036100,4203139000,4210779300
50,1634,241922523157500,3057900,4249778400,4257418700
50,1650,241922568206500,2748300,4294827400,4302467700
50,1666,241922616834000,2720800,4343454900,4351095200
50,1682,241922660719000,2675400,4387339900,4394980200
50,1698,241922706335200,2661700,4432956100,4440596400
50,1714,241922751840200,2705600,4478461100,4486101400
50,1730,241922801162700,3321400,4527783600,4535423900
50,1746,241922849286200,2633000,4575907100,4583547400
50,1762,241922892832800,2569000,4619453700,4627094000
50,1778,241922936718000,2810700,4663338900,4670979200
50,1794,241922980507700,2738300,4707128600,4714768900
50,1810,241923025318200,2739700,4751939100,4759579400
50,1826,241923070496100,2767900,4797117000,4804757300
50,1842,241923116806900,2682200,4843427800,4851068100
50,1858,241923161232000,8334800,4887852900,4895493200
50,1874,241923211549100,2837700,4938170000,4945810300
50,1890,241923259316200,2983200,4985937100,4993577400
50,1906,241923306683600,2718900,5033304500,5040944800
50,1922,241923352356700,2875900,5078977600,5086617900
50,1938,241923400387100,3042600,5127008000,5134648300
50,1954,241923449533600,3061700,5176154500,5183794800
50,1970,241923492642700,2550000,5219263600,5226903900
50,1986,241923534358400,2607800,5260979300,5268619600
50,2002,241923582967500,2735500,5309588400,5317228700
50,2018,241923629036000,2628800,5355656900,5363297200
50,2034,241923671603700,2575400,5398224600,5405864900
51,3,241918427760000,2466600,154380900,162021200
51,19,241918467565400,2341600,194186300,201826600
51,35,241918505038400,2218600,231659300,239299600
51,51,241918541464400,2200500,268085300,275725600
51,67,241918578909800,2292400,305530700,313171000
51,83,241918614452100,2226100,341073000,348713300
51,99,241918651862900,2313300,378483800,386124100
51,115,241918688246100,2354300,414867000,422507300
51,131,241918744640000,2117400,471260900,478901200
51,147,241918778723200,2053600,505344100,512984400
51,163,241918813523200,2157400,540144100,547784400
51,179,241918849066000,2311700,575686900,583327200
51,195,241918884690900,2164600,611311800,618952100
51,211,241918920319100,2221700,646940000,654580300
51,227,241918955249900,2137600,681870800,689511100
51,243,241918990984100,2175400,717605000,725245300
51,259,241919046460200,2206000,773081100,780721400
51,275,241919081765000,2183300,808385900,816026200
51,291,241919116139900,2147700,842760800,850401100
51,307,241919150518700,2131700,877139600,884779900
51,323,241919185208200,2508900,911829100,919469400
51,339,241919221716500,2210700,948337400,955977700
51,355,241919257888900,2398900,984509800,992150100
51,371,241919293569600,2168300,1020190500,1027830800
51,387,241919329385600,2215400,1056006500,1063646800
51,403,241919383755500,2074900,1110376400,1118016700
51,419,241919419820800,2347100,1146441700,1154082000
51,435,241919455077000,2214600,1181697900,1189338200
51,451,241919490197500,2193300,1216818400,1224458700
51,467,241919525612600,2147100,1252233500,1259873800
51,483,241919560260700,2267600,1286881600,1294521900
51,499,241919600246300,2079800,1326867200,1334507500
51,515,241919636220900,2205800,1362841800,1370482100
51,531,241919690463700,2160300,1417084600,1424724900
51,547,241919725803700,2176100,1452424600,1460064900
51,563,241919762092400,2249000,1488713300,1496353600
51,579,241919796709900,2154900,1523330800,1530971100
51,595,241919830511900,2108700,1557132800,1564773100
51,611,241919867721700,2251700,1594342600,1601982900
51,627,241919903014800,2202100,1629635700,1637276000
51,643,241919939214000,2174300,1665834900,1673475200
51,659,241919994119300,2239900,1720740200,1728380500
51,675,241920029553200,2223300,1756174100,1763814400
51,691,241920066440200,2259400,1793061100,1800701400
51,707,241920102198700,2118100,1828819600,1836459900
51,723,241920137936500,2139600,1864557400,1872197700
51,739,241920173762400,2170200,1900383300,1908023600
51,755,241920209387300,2209100,1936008200,1943648500
51,771,241920244324500,2190300,1970945400,1978585700
51,787,241920280576200,2147400,2007197100,2014837400
51,803,241920336655400,2270100,2063276300,2070916600
51,819,241920371876900,2337600,2098497800,2106138100
51,835,241920407297600,2137100,2133918500,2141558800
51,851,241920443062300,2140900,2169683200,2177323500
51,867,241920477541300,2107700,2204162200,2211802500
51,883,241920511581600,2164600,2238202500,2245842800
51,899,241920545933700,2108600,2272554600,2280194900
51,915,241920580596300,2261600,2307217200,2314857500
51,931,241920635200300,2335200,2361821200,2369461500
51,947,241920670353400,2161400,2396974300,2404614600
51,963,241920704587600,2144200,2431208500,2438848800
51,979,241920739818900,2162800,2466439800,2474080100
51,995,241920775874500,2260700,2502495400,2510135700
51,1011,241920811711300,2116000,2538332200,2545972500
51,1027,241920845893100,2162000,2572514000,2580154300
51,1043,241920880533300,2215500,2607154200,2614794500
51,1059,241920922308500,2210000,2648929400,2656569700
51,1075,241920957645900,2196100,2684266800,2691907100
51,1091,241920992194100,2150500,2718815000,2726455300
51,1107,241921026950400,2105000,2753571300,2761211600
51,1123,241921062752700,2273300,2789373600,2797013900
51,1139,241921097483300,2144400,2824104200,2831744500
51,1155,241921133683500,2231000,2860304400,2867944700
51,1171,241921169000200,2122900,2895621100,2903261400
51,1187,241921204606100,2334200,2931227000,2938867300
51,1203,241921245437200,2130300,2972058100,2979698400
51,1219,241921281715900,2582200,3008336800,3015977100
51,1235,241921327084700,2933400,3053705600,3061345900
51,1251,241921376693500,2964300,3103314400,3110954700
51,1267,241921426040300,3120500,3152661200,3160301500
51,1283,241921472232100,2850800,3198853000,3206493300
51,1299,241921518646400,2826500,3245267300,3252907600
51,1315,241921565760000,2965800,3292380900,3300021200
51,1331,241921623458800,3310800,3350079700,3357720000
51,1347,241921674024800,2922400,3400645700,3408286000
51,1363,241921727133000,3283700,3453753900,3461394200
51,1379,241921775249100,3271800,3501870000,3509510300
51,1395,241921821477700,2752600,3548098600,3555738900
51,1411,241921868287500,2935600,3594908400,3602548700
51,1427,241921915389800,2942000,3642010700,3649651000
51,1443,241921961285500,2966900,3687906400,3695546700
51,1459,241922017604100,3188200,3744225000,3751865300
51,1475,241922064549800,2792100,3791170700,3798811000
51,1491,241922109934500,2800800,3836555400,3844195700
51,1507,241922156119200,2560500,3882740100,3890380400
51,1523,241922198050600,2741200,3924671500,3932311800
51,1539,241922244047000,2977900,3970667900,3978308200
51,1555,241922291078100,2721700,4017699000,4025339300
51,1571,241922336756400,2791900,4063377300,4071017600
51,1587,241922381491900,2751200,4108112800,4115753100
51,1603,241922435034600,3005300,4161655500,4169295800
51,1619,241922482762900,3012400,4209383800,4217024100
51,1635,241922529608000,2793600,4256228900,4263869200
51,1651,241922574249500,2790200,4300870400,4308510700
51,1667,241922622789400,2690000,4349410300,4357050600
51,1683,241922666520600,2779800,4393141500,4400781800
51,1699,241922712261700,2630000,4438882600,4446522900
51,1715,241922757852100,2692400,4484473000,4492113300
51,1731,241922808448500,3070700,4535069400,4542709700
51,1747,241922855162000,3014000,4581782900,4589423200
51,1763,241922898588100,2630600,4625209000,4632849300
51,1779,241922942889600,2798200,4669510500,4677150800
51,1795,241922986639700,2748500,4713260600,4720900900
51,1811,241923031361800,2691700,4757982700,4765623000
51,1827,241923076571400,3020000,4803192300,4810832600
51,1843,241923122698500,2740100,4849319400,4856959700
51,1859,241923172859000,2747500,4899479900,4907120200
51,1875,241923217725100,2974600,4944346000,4951986300
51,1891,241923265654700,3081000,4992275600,4999915900
51,1907,241923312547800,3001200,5039168700,5046809000
51,1923,241923358354500,2680500,5084975400,5092615700
51,1939,241923407016000,3103700,5133636900,5141277200
51,1955,241923456012300,2759800,5182633200,5190273500
51,1971,241923498263700,2584900,5224884600,5232524900
51,1987,241923539979700,2568500,5266600600,5274240900
51,2003,241923588907500,2721700,5315528400,5323168700
51,2019,241923634725400,2587800,5361346300,5368986600
51,2035,241923677569900,3012100,5404190800,5411831100
52,4,241918430302100,2438200,156923000,164563300
52,20,241918470005700,2375500,196626600,204266900
52,36,241918507347900,2200700,233968800,241609100
52,52,241918543785100,2353200,270406000,278046300
52,68,241918581388400,2239000,308009300,315649600
52,84,241918616896200,2210300,343517100,351157400
52,100,241918654388400,2285100,381009300,388649600
52,116,241918690837900,2607400,417458800,425099100
52,132,241918746925800,2113100,473546700,481187000
52,148,241918780940300,2047300,507561200,515201500
52,164,241918815827500,2147200,542448400,550088700
52,180,241918851530300,2237200,578151200,585791500
52,196,241918887000100,2210100,613621000,621261300
52,212,241918922688000,2201600,649308900,656949200
52,228,241918957536200,2430400,684157100,691797400
52,244,241918992277200,2433100,718898100,726538400
52,260,241919047785100,2123500,774406000,782046300
52,276,241919083225100,2182800,809846000,817486300
52,292,241919117614200,2117400,844235100,851875400
52,308,241919151855300,2121600,878476200,886116500
52,324,241919186955100,2427600,913576000,921216300
52,340,241919223193100,2239800,949814000,957454300
52,356,241919259301700,2414400,985922600,993562900
52,372,241919294893600,2169600,1021514500,1029154800
52,388,241919330938700,2192900,1057559600,1065199900
52,404,241919385156100,2066000,1111777000,1119417300
52,420,241919421442700,2238700,1148063600,1155703900
52,436,241919456580400,2225200,1183201300,1190841600
52,452,241919491515100,2162200,1218136000,1225776300
52,468,241919526892000,2120500,1253512900,1261153200
52,484,241919561579900,2297900,1288200800,1295841100
52,500,241919601533800,2085400,1328154700,1335795000
52,516,241919637323700,2169500,1363944600,1371584900
52,532,241919691477000,2285100,1418097900,1425738200
52,548,241919726844400,2172600,1453465300,1461105600
52,564,241919763503100,2211800,1490124000,1497764300
52,580,241919798048300,2155200,1524669200,1532309500
52,596,241919831859000,2342800,1558479900,1566120200
52,612,241919869093900,2223500,1595714800,1603355100
52,628,241919904298900,2181000,1630919800,1638560100
52,644,241919940502600,2165100,1667123500,1674763800
52,660,241919995381700,2201800,1722002600,1729642900
52,676,241920030710000,2213700,1757330900,1764971200
52,692,241920067440100,2342200,1794061000,1801701300
52,708,241920103216600,2138300,1829837500,1837477800
52,724,241920138888600,2152300,1865509500,1873149800
52,740,241920174654700,2207100,1901275600,1908915900
52,756,241920210235300,2197300,1936856200,1944496500
52,772,241920245101200,2190000,1971722100,1979362400
52,788,241920281221600,2111400,2007842500,2015482800
52,804,241920337238500,2261400,2063859400,2071499700
52,820,241920372416800,2454000,2099037700,2106678000
52,836,241920407833900,2147300,2134454800,2142095100
52,852,241920443494900,2124700,2170115800,2177756100
52,868,241920477925800,2123100,2204546700,2212187000
52,884,241920511969800,2157300,2238590700,2246231000
52,900,241920546344900,2100200,2272965800,2280606100
52,916,241920580982800,2313400,2307603700,2315244000
52,932,241920635682400,2559600,2362303300,2369943600
52,948,241920670942200,2149100,2397563100,2405203400
52,964,241920705293000,2143100,2431913900,2439554200
52,980,241920740498700,2150300,2467119600,2474759900
52,996,241920776399200,2286400,2503020100,2510660400
52,1012,241920812174400,2116700,2538795300,2546435600
52,1028,241920846359100,2175900,2572980000,2580620300
52,1044,241920881080600,2196600,2607701500,2615341800
52,1060,241920923049100,2208000,2649670000,2657310300
52,1076,241920958395900,2196600,2685016800,2692657100
52,1092,241920992940700,2145000,2719561600,2727201900
52,1108,241921027512800,2112400,2754133700,2761774000
52,1124,241921063234800,2274900,2789855700,2797496000
52,1140,241921097939700,2159000,2824560600,2832200900
52,1156,241921133425200,2226100,2860046100,2867686400
52,1172,241921168809900,2139900,2895430800,2903071100
52,1188,241921204551400,2327700,2931172300,2938812600
52,1204,241921245188800,2152600,2971809700,2979450000
52,1220,241921281481100,2536200,3008102000,3015742300
52,1236,241921326750600,2936200,3053371500,3061011800
52,1252,241921376334800,2953500,3102955700,3110596000
52,1268,241921425612300,3177300,3152233200,3159873500
52,1284,241921471844300,2894000,3198465200,3206105500
52,1300,241921518235400,2876200,3244856300,3252496600
52,1316,241921565367900,2951400,3291988800,3299629100
52,1332,241921623005000,3293400,3349625900,3357266200
52,1348,241921673719000,2875200,3400339900,3407980200
52,1364,241921726911600,3323700,3453532500,3461172800
52,1380,241921775082200,3250600,3501703100,3509343400
52,1396,241921821377200,2728700,3547998100,3555638400
52,1412,241921868160100,2933500,3594781000,3602421300
52,1428,241921915257700,2948600,3641878600,3649518900
52,1444,241921961165400,2962100,3687786300,3695426600
52,1460,241922017234300,3213900,3743855200,3751495500
52,1476,241922064281800,2779700,3790902700,3798543000
52,1492,241922109658500,2799000,3836279400,3843919700
52,1508,241922155879100,2523900,3882500000,3890140300
52,1524,241922197713000,2726200,3924333900,3931974200
52,1540,241922243777100,2972100,3970398000,3978038300
52,1556,241922290859400,2704200,4017480300,4025120600
52,1572,241922336537500,2776300,4063158400,4070798700
52,1588,241922381272400,2739400,4107893300,4115533600
52,1604,241922434700200,3004500,4161321100,4168961400
52,1620,241922482458200,2981700,4209079100,4216719400
52,1636,241922529272100,2783200,4255893000,4263533300
52,1652,241922573971700,2717100,4300592600,4308232900
52,1668,241922622531400,2689300,4349152300,4356792600
52,1684,241922666251600,2791100,4392872500,4400512800
52,1700,241922711812600,2647700,4438433500,4446073800
52,1716,241922757452900,2683800,4484073800,4491714100
52,1732,241922807950900,3060500,4534571800,4542212100
52,1748,241922854670200,3028500,4581291100,4588931400
52,1764,241922898066800,2680600,4624687700,4632328000
52,1780,241922942361100,2774200,4668982000,4676622300
52,1796,241922986102200,2754100,4712723100,4720363400
52,1812,241923030712800,2727600,4757333700,4764974000
52,1828,241923075963800,2944900,4802584700,4810225000
52,1844,241923122085100,2746300,4848706000,4856346300
52,1860,241923172133400,2729800,4898754300,4906394600
52,1876,241923217123200,3012300,4943744100,4951384400
52,1892,241923265054500,3080900,4991675400,4999315700
52,1908,241923311992800,3008800,5038613700,5046254000
52,1924,241923357914900,2648800,5084535800,5092176100
52,1940,241923406477700,3098500,5133098600,5140738900
52,1956,241923455499700,2735500,5182120600,5189760900
52,1972,241923497754500,2593500,5224375400,5232015700
52,1988,241923539463600,2596400,5266084500,5273724800
52,2004,241923588360300,2750900,5314981200,5322621500
52,2020,241923634224200,2600200,5360845100,5368485400
52,2036,241923676972300,3010900,5403593200,5411233500
53,5,241918432779000,2942400,159399900,167040200
53,21,241918472348100,2504400,198969000,206609300
53,37,241918509404800,2233900,236025700,243666000
53,53,241918545897000,2564700,272517900,280158200
53,69,241918583515300,2160800,310136200,317776500
53,85,241918618980300,2203500,345601200,353241500
53,101,241918656739300,2209100,383360200,391000500
53,117,241918693566400,2587600,420187300,427827600
53,133,241918749160500,2154000,475781400,483421700
53,149,241918783111100,2115000,509732000,517372300
53,165,241918818151600,2156000,544772500,552412800
53,181,241918853932700,2285400,580553600,588193900
53,197,241918889306300,2220200,615927200,623567500
53,213,241918924985300,2172000,651606200,659246500
53,229,241918959909700,2299300,686530600,694170900
53,245,241918994887700,4397800,721508600,729148900
53,261,241919050009800,2312300,776630700,784271000
53,277,241919085444100,2208400,812065000,819705300
53,293,241919119703200,2052300,846324100,853964400
53,309,241919154010100,2030000,880631000,888271300
53,325,241919189270500,2291200,915891400,923531700
53,341,241919225403000,2145800,952023900,959664200
53,357,241919261674600,2258400,988295500,995935800
53,373,241919297035000,2131100,1023655900,1031296200
53,389,241919332966600,2254400,1059587500,1067227800
53,405,241919387093300,2374500,1113714200,1121354500
53,421,241919423597000,2184500,1150217900,1157858200
53,437,241919458746600,2192200,1185367500,1193007800
53,453,241919493594600,2307200,1220215500,1227855800
53,469,241919528957400,2147800,1255578300,1263218600
53,485,241919563772400,2204600,1290393300,1298033600
53,501,241919603471800,2194100,1330092700,1337733000
53,517,241919639462400,2195700,1366083300,1373723600
53,533,241919693862900,2210500,1420483800,1428124100
53,549,241919729107400,2125100,1455728300,1463368600
53,565,241919765777000,2244600,1492397900,1500038200
53,581,241919800265600,2107900,1526886500,1534526800
53,597,241919834280000,2209000,1560900900,1568541200
53,613,241919871404500,2233800,1598025400,1605665700
53,629,241919906568200,2177200,1633189100,1640829400
53,645,241919942760600,2151900,1669381500,1677021800
53,661,241919997708400,2150600,1724329300,1731969600
53,677,241920033106600,2353200,1759727500,1767367800
53,693,241920069854300,2380300,1796475200,1804115500
53,709,241920105417500,2169400,1832038400,1839678700
53,725,241920141240700,2161200,1867861600,1875501900
53,741,241920177098500,2214600,1903719400,1911359700
53,757,241920212667000,2124600,1939287900,1946928200
53,773,241920247519200,2151800,1974140100,1981780400
53,789,241920283057500,2266700,2009678400,2017318700
53,805,241920339296200,2199400,2065917100,2073557400
53,821,241920374627600,2398600,2101248500,2108888800
53,837,241920409843900,2107800,2136464800,2144105100
53,853,241920445650800,2178600,2172271700,2179912000
53,869,241920480139800,2122400,2206760700,2214401000
53,885,241920514214100,2185100,2240835000,2248475300
53,901,241920548526500,2131000,2275147400,2282787700
53,917,241920583493200,2216500,2310114100,2317754400
53,933,241920638501900,2128200,2365122800,2372763100
53,949,241920673387600,2149400,2400008500,2407648800
53,965,241920707889900,2143700,2434510800,2442151100
53,981,241920742865000,2204100,2469485900,2477126200
53,997,241920778971100,2299200,2505592000,2513232300
53,1013,241920814584200,2132000,2541205100,2548845400
53,1029,241920848836100,2127700,2575457000,2583097300
53,1045,241920883574900,2165400,2610195800,2617836100
53,1061,241920925135000,2223600,2651755900,2659396200
53,1077,241920960408400,2133700,2687029300,2694669600
53,1093,241920994906400,2165800,2721527300,2729167600
53,1109,241921029532900,2135200,2756153800,2763794100
53,1125,241921065361600,2244200,2791982500,2799622800
53,1141,241921099944200,2145200,2826565100,2834205400
53,1157,241921135445000,2266800,2862065900,2869706200
53,1173,241921170710300,2418900,2897331200,2904971500
53,1189,241921206547400,2225900,2933168300,2940808600
53,1205,241921247123500,2176700,2973744400,2981384700
53,1221,241921283624400,2565900,3010245300,3017885600
53,1237,241921329201100,2991800,3055822000,3063462300
53,1253,241921378754300,2925100,3105375200,3113015500
53,1269,241921428259900,3005300,3154880800,3162521100
53,1285,241921474283600,2822900,3200904500,3208544800
53,1301,241921520714800,2957800,3247335700,3254976000
53,1317,241921567867800,2891400,3294488700,3302129000
53,1333,241921625729200,3287100,3352350100,3359990400
53,1349,241921675975000,3031400,3402595900,3410236200
53,1365,241921729495000,3294100,3456115900,3463756200
53,1381,241921777620200,3344500,3504241100,3511881400
53,1397,241921823420400,2949700,3550041300,3557681600
53,1413,241921870400000,2954800,3597020900,3604661200
53,1429,241921917504700,3111100,3644125600,3651765900
53,1445,241921963425700,2979400,3690046600,3697686900
53,1461,241922019780600,3113700,3746401500,3754041800
53,1477,241922066425600,2835100,3793046500,3800686800
53,1493,241922111788000,2961900,3838408900,3846049200
53,1509,241922157799200,2552700,3884420100,3892060400
53,1525,241922199757300,2766100,3926378200,3934018500
53,1541,241922246030000,2950500,3972650900,3980291200
53,1557,241922292937000,2804500,4019557900,4027198200
53,1573,241922338646900,2856200,4065267800,4072908100
53,1589,241922383362400,2840400,4109983300,4117623600
53,1605,241922437057100,3023300,4163678000,4171318300
53,1621,241922484802300,3024500,4211423200,4219063500
53,1637,241922531531800,2714400,4258152700,4265793000
53,1653,241922576137800,2900700,4302758700,4310399000
53,1669,241922624539200,2916300,4351160100,4358800400
53,1685,241922668320100,2719200,4394941000,4402581300
53,1701,241922713810100,2642900,4440431000,4448071300
53,1717,241922759424500,2692300,4486045400,4493685700
53,1733,241922810258400,3035800,4536879300,4544519600
53,1749,241922857006800,2922600,4583627700,4591268000
53,1765,241922900130300,2589200,4626751200,4634391500
53,1781,241922944485900,2798600,4671106800,4678747100
53,1797,241922988216700,2786700,4714837600,4722477900
53,1813,241923032987200,2825700,4759608100,4767248400
53,1829,241923078302900,3127400,4804923800,4812564100
53,1845,241923124293700,2753500,4850914600,4858554900
53,1861,241923174377100,2747400,4900998000,4908638300
53,1877,241923219495900,2897100,4946116800,4953757100
53,1893,241923267500400,3029900,4994121300,5001761600
53,1909,241923314455000,2809800,5041075900,5048716200
53,1925,241923359925700,2868100,5086546600,5094186900
53,1941,241923408873400,3105100,5135494300,5143134600
53,1957,241923457631500,2848900,5184252400,5191892700
53,1973,241923499721200,2591200,5226342100,5233982400
53,1989,241923541426500,2582900,5268047400,5275687700
53,2005,241923590446600,2699400,5317067500,5324707800
53,2021,241923636182900,2737600,5362803800,5370444100
53,2037,241923679224200,2902100,5405845100,5413485400
54,6,241918435792200,2663800,162413100,170053400
54,22,241918474970000,2290800,201590900,209231200
54,38,241918511893700,2228500,238514600,246154900
54,54,241918548598500,2460700,275219400,282859700
54,70,241918585827300,2194800,312448200,320088500
54,86,241918621334800,2108800,347955700,355596000
54,102,241918659225200,2284900,385846100,393486400
54,118,241918696435000,2266900,423055900,430696200
54,134,241918751520200,2101800,478141100,485781400
54,150,241918785455600,2272000,512076500,519716800
54,166,241918820506800,2184300,547127700,554768000
54,182,241918856407600,2222300,583028500,590668800
54,198,241918891743100,2118500,618364000,626004300
54,214,241918927517900,2206300,654138800,661779100
54,230,241918962183100,2125500,688804000,696444300
54,246,241918998774500,2267600,725395400,733035700
54,262,241919051898600,2217400,778519500,786159800
54,278,241919087157600,2176000,813778500,821418800
54,294,241919121240900,2102800,847861800,855502100
54,310,241919155566300,2139900,882187200,889827500
54,326,241919191116500,2268700,917737400,925377700
54,342,241919227089800,2117500,953710700,961351000
54,358,241919263372000,2290600,989992900,997633200
54,374,241919298544700,2164200,1025165600,1032805900
54,390,241919334642300,2188300,1061263200,1068903500
54,406,241919388853700,2448300,1115474600,1123114900
54,422,241919425365900,2120400,1151986800,1159627100
54,438,241919460490700,2217400,1187111600,1194751900
54,454,241919495487900,2373300,1222108800,1229749100
54,470,241919530702300,2171600,1257323200,1264963500
54,486,241919565608700,2164300,1292229600,1299869900
54,502,241919605174400,2320600,1331795300,1339435600
54,518,241919640964900,2240600,1367585800,1375226100
54,534,241919695324700,2170300,1421945600,1429585900
54,550,241919730476900,2125600,1457097800,1464738100
54,566,241919766954300,2258000,1493575200,1501215500
54,582,241919801361800,2102400,1527982700,1535623000
54,598,241919835461700,2208900,1562082600,1569722900
54,614,241919872603300,2266800,1599224200,1606864500
54,630,241919907776800,2179900,1634397700,1642038000
54,646,241919943931700,2140600,1670552600,1678192900
54,662,241919999007800,2161500,1725628700,1733269000
54,678,241920034627600,2544300,1761248500,1768888800
54,694,241920071388800,2486900,1798009700,1805650000
54,710,241920106886700,2250700,1833507600,1841147900
54,726,241920142595500,2150700,1869216400,1876856700
54,742,241920178372700,2234000,1904993600,1912633900
54,758,241920213809300,2137000,1940430200,1948070500
54,774,241920248691400,2182200,1975312300,1982952600
54,790,241920285297200,2278400,2011918100,2019558400
54,806,241920341681800,2239100,2068302700,2075943000
54,822,241920377278500,2382900,2103899400,2111539700
54,838,241920412161500,2125100,2138782400,2146422700
54,854,241920447893700,2135300,2174514600,2182154900
54,870,241920482297500,2130500,2208918400,2216558700
54,886,241920516434000,2136600,2243054900,2250695200
54,902,241920550691400,2141900,2277312300,2284952600
54,918,241920585749600,2319200,2312370500,2320010800
54,934,241920640490100,2172700,2367111000,2374751300
54,950,241920675271600,2195100,2401892500,2409532800
54,966,241920709612900,2114400,2436233800,2443874100
54,982,241920744946200,2251800,2471567100,2479207400
54,998,241920781172500,2351100,2507793400,2515433700
54,1014,241920816540100,2135100,2543161000,2550801300
54,1030,241920850814400,2148000,2577435300,2585075600
54,1046,241920885592800,2159900,2612213700,2619854000
54,1062,241920927237400,2210100,2653858300,2661498600
54,1078,241920962577800,2149500,2689198700,2696839000
54,1094,241920997106400,2210400,2723727300,2731367600
54,1110,241921031731700,2223900,2758352600,2765992900
54,1126,241921067703300,2217700,2794324200,2801964500
54,1142,241921102181600,2478300,2828802500,2836442800
54,1158,241921138342100,2330400,2864963000,2872603300
54,1174,241921173815600,2178900,2900436500,2908076800
54,1190,241921209440700,2208100,2936061600,2943701900
54,1206,241921249892500,2283000,2976513400,2984153700
54,1222,241921286966000,2586200,3013586900,3021227200
54,1238,241921333033200,2783400,3059654100,3067294400
54,1254,241921382544900,2940300,3109165800,3116806100
54,1270,241921432028800,2830000,3158649700,3166290000
54,1286,241921477943800,2866000,3204564700,3212205000
54,1302,241921524533300,3043200,3251154200,3258794500
54,1318,241921571612700,2898800,3298233600,3305873900
54,1334,241921630035900,3307700,3356656800,3364297100
54,1350,241921679987300,3348900,3406608200,3414248500
54,1366,241921733444100,2544100,3460065000,3467705300
54,1382,241921781900200,3261700,3508521100,3516161400
54,1398,241921827263200,2966800,3553884100,3561524400
54,1414,241921874270600,2928400,3600891500,3608531800
54,1430,241921921484300,2778700,3648105200,3655745500
54,1446,241921967297700,2824200,3693918600,3701558900
54,1462,241922023725600,2972400,3750346500,3757986800
54,1478,241922070060600,2881200,3796681500,3804321800
54,1494,241922115544200,2792000,3842165100,3849805400
54,1510,241922161102800,2557400,3887723700,3895364000
54,1526,241922203349500,2682500,3929970400,3937610700
54,1542,241922249906800,2998400,3976527700,3984168000
54,1558,241922296514200,2814100,4023135100,4030775400
54,1574,241922342299100,2892800,4068920000,4076560300
54,1590,241922387081100,3062900,4113702000,4121342300
54,1606,241922440967600,2964400,4167588500,4175228800
54,1622,241922488663800,2714200,4215284700,4222925000
54,1638,241922535065300,2822600,4261686200,4269326500
54,1654,241922579857300,2904100,4306478200,4314118500
54,1670,241922628393900,2687600,4355014800,4362655100
54,1686,241922671872400,2632300,4398493300,4406133600
54,1702,241922717422900,3099800,4444043800,4451684100
54,1718,241922762921000,2694300,4489541900,4497182200
54,1734,241922814143100,2936500,4540764000,4548404300
54,1750,241922860660300,2924900,4587281200,4594921500
54,1766,241922903364500,2623800,4629985400,4637625700
54,1782,241922947957700,2736000,4674578600,4682218900
54,1798,241922991673600,2701300,4718294500,4725934800
54,1814,241923036457700,2607300,4763078600,4770718900
54,1830,241923082204700,3173400,4808825600,4816465900
54,1846,241923127718600,2708600,4854339500,4861979800
54,1862,241923177954800,2719500,4904575700,4912216000
54,1878,241923223338500,2837200,4949959400,4957599700
54,1894,241923271575600,3012700,4998196500,5005836800
54,1910,241923318142600,2817700,5044763500,5052403800
54,1926,241923363626900,2976100,5090247800,5097888100
54,1942,241923412933200,3120200,5139554100,5147194400
54,1958,241923461416300,2784500,5188037200,5195677500
54,1974,241923503164200,2613000,5229785100,5237425400
54,1990,241923544843800,2740100,5271464700,5279105000
54,2006,241923594063300,2770400,5320684200,5328324500
54,2022,241923639782100,2653200,5366403000,5374043300
54,2038,241923683050600,2871600,5409671500,5417311800
55,7,241918438494200,2734100,165115100,172755400
55,23,241918477301000,2233600,203921900,211562200
55,39,241918514163200,2208800,240784100,248424400
55,55,241918551175600,2231800,277796500,285436800
55,71,241918588188300,2217300,314809200,322449500
55,87,241918623593500,2125900,350214400,357854700
55,103,241918661477100,2420800,388098000,395738300
55,119,241918698671100,2234300,425292000,432932300
55,135,241918753594600,2157900,480215500,487855800
55,151,241918787666000,2212200,514286900,521927200
55,167,241918822633000,2135000,549253900,556894200
55,183,241918858662200,2221400,585283100,592923400
55,199,241918893832000,2276000,620452900,628093200
55,215,241918929638500,2347100,656259400,663899700
55,231,241918964227600,2134800,690848500,698488800
55,247,241919002152600,2230800,728773500,736413800
55,263,241919055034700,2207700,781655600,789295900
55,279,241919090122000,2106800,816742900,824383200
55,295,241919124189700,2056400,850810600,858450900
55,311,241919158535100,2074900,885156000,892796300
55,327,241919194462800,2318400,921083700,928724000
55,343,241919230235800,2230200,956856700,964497000
55,359,241919266704900,2202000,993325800,1000966100
55,375,241919301734100,2134700,1028355000,1035995300
55,391,241919337985800,21995100,1064606700,1072247000
55,407,241919392397200,2149300,1119018100,1126658400
55,423,241919428567100,2144800,1155188000,1162828300
55,439,241919463828400,2132800,1190449300,1198089600
55,455,241919498840600,2293800,1225461500,1233101800
55,471,241919533842000,2168500,1260462900,1268103200
55,487,241919568783100,2165500,1295404000,1303044300
55,503,241919608856400,2452500,1335477300,1343117600
55,519,241919644465000,2173300,1371085900,1378726200
55,535,241919698841700,2185800,1425462600,1433102900
55,551,241919733972100,2350300,1460593000,1468233300
55,567,241919770685700,2228100,1497306600,1504946900
55,583,241919804853200,2118100,1531474100,1539114400
55,599,241919839306400,2256400,1565927300,1573567600
55,615,241919876343900,2190400,1602964800,1610605100
55,631,241919911328100,2153000,1637949000,1645589300
55,647,241919947480000,2149700,1674100900,1681741200
55,663,241920002500900,2303000,1729121800,1736762100
55,679,241920038683300,2328200,1765304200,1772944500
55,695,241920075355800,2386800,1801976700,1809617000
55,711,241920110500700,2214900,1837121600,1844761900
55,727,241920145945300,2183700,1872566200,1880206500
55,743,241920181895500,2159900,1908516400,1916156700
55,759,241920217191600,2159100,1943812500,1951452800
55,775,241920252081400,2145500,1978702300,1986342600
55,791,241920288411200,21597700,2015032100,2022672400
55,807,241920344300300,2148200,2070921200,2078561500
55,823,241920379974400,2191500,2106595300,2114235600
55,839,241920414630600,2297100,2141251500,2148891800
55,855,241920450467300,2111600,2177088200,2184728500
55,871,241920484870400,2141500,2211491300,2219131600
55,887,241920518999700,2148800,2245620600,2253260900
55,903,241920553245700,2152200,2279866600,2287506900
55,919,241920588386500,2153200,2315007400,2322647700
55,935,241920642866300,2189200,2369487200,2377127500
55,951,241920677680800,2150400,2404301700,2411942000
55,967,241920712179200,2104800,2438800100,2446440400
55,983,241920747736000,2351500,2474356900,2481997200
55,999,241920784075900,2362700,2510696800,2518337100
55,1015,241920819275400,2121600,2545896300,2553536600
55,1031,241920853614400,2210300,2580235300,2587875600
55,1047,241920888444000,2154800,2615064900,2622705200
55,1063,241920930008900,2123600,2656629800,2664270100
55,1079,241920965202700,2143600,2691823600,2699463900
55,1095,241920999820900,2134400,2726441800,2734082100
55,1111,241921034556500,2250300,2761177400,2768817700
55,1127,241921070670000,2181600,2797290900,2804931200
55,1143,241921105624300,2228700,2832245200,2839885500
55,1159,241921141654000,2205800,2868274900,2875915200
55,1175,241921176902900,2200400,2903523800,2911164100
55,1191,241921212594900,2246200,2939215800,2946856100
55,1207,241921253432300,2257000,2980053200,2987693500
55,1223,241921290544200,2725600,3017165100,3024805400
55,1239,241921337041000,2725400,3063661900,3071302200
55,1255,241921386708400,2913300,3113329300,3120969600
55,1271,241921436032500,2811500,3162653400,3170293700
55,1287,241921481971300,2834300,3208592200,3216232500
55,1303,241921528849500,3113900,3255470400,3263110700
55,1319,241921575775500,2919100,3302396400,3310036700
55,1335,241921634568600,3262900,3361189500,3368829800
55,1351,241921684652900,3448500,3411273800,3418914100
55,1367,241921736900300,2304700,3463521200,3471161500
55,1383,241921786319200,3163100,3512940100,3520580400
55,1399,241921831239500,2955100,3557860400,3565500700
55,1415,241921878167100,2981000,3604788000,3612428300
55,1431,241921925183500,2853600,3651804400,3659444700
55,1447,241921971040200,2928700,3697661100,3705301400
55,1463,241922027686900,2965300,3754307800,3761948100
55,1479,241922073897700,2862500,3800518600,3808158900
55,1495,241922119389400,2760100,3846010300,3853650600
55,1511,241922164581200,2606700,3891202100,3898842400
55,1527,241922206911200,2659500,3933532100,3941172400
55,1543,241922253851200,3066900,3980472100,3988112400
55,1559,241922300310900,2722300,4026931800,4034572100
55,1575,241922346271500,2733100,4072892400,4080532700
55,1591,241922391230800,8624200,4117851700,4125492000
55,1607,241922444973400,3001900,4171594300,4179234600
55,1623,241922492393900,2760400,4219014800,4226655100
55,1639,241922538885600,2777900,4265506500,4273146800
55,1655,241922583777600,2988300,4310398500,4318038800
55,1671,241922631989500,2612500,4358610400,4366250700
55,1687,241922675575000,2586200,4402195900,4409836200
55,1703,241922721134500,2990600,4447755400,4455395700
55,1719,241922766142700,2623600,4492763600,4500403900
55,1735,241922817639700,2973000,4544260600,4551900900
55,1751,241922864174100,2825800,4590795000,4598435300
55,1767,241922906509100,2557800,4633130000,4640770300
55,1783,241922951279300,2773600,4677900200,4685540500
55,1799,241922994945000,2666000,4721565900,4729206200
55,1815,241923039636600,2587600,4766257500,4773897800
55,1831,241923086017900,3169800,4812638800,4820279100
55,1847,241923131019000,2698700,4857639900,4865280200
55,1863,241923181302000,2906900,4907922900,4915563200
55,1879,241923226621100,2830300,4953242000,4960882300
55,1895,241923275102000,3007200,5001722900,5009363200
55,1911,241923321433000,2849900,5048053900,5055694200
55,1927,241923367096600,2852700,5093717500,5101357800
55,1943,241923416598500,3116200,5143219400,5150859700
55,1959,241923464555300,2601200,5191176200,5198816500
55,1975,241923506143700,2595800,5232764600,5240404900
55,1991,241923547992900,8353800,5274613800,5282254100
55,2007,241923597206300,2660800,5323827200,5331467500
55,2023,241923642794400,2699800,5369415300,5377055600
55,2039,241923686304800,2615900,5412925700,5420566000
56,8,241918441271600,2382300,167892500,175532800
56,24,241918479570800,2290400,206191700,213832000
56,40,241918516524100,2352800,243145000,250785300
56,56,241918553577500,2300000,280198400,287838700
56,72,241918590507900,2145000,317128800,324769100
56,88,241918625811200,2133200,352432100,360072400
56,104,241918664033300,2234700,390654200,398294500
56,120,241918700868700,2268500,427489600,435129900
56,136,241918755723400,2126500,482344300,489984600
56,152,241918789848900,2116700,516469800,524110100
56,168,241918824737900,2093500,551358800,558999100
56,184,241918860950300,2204400,587571200,595211500
56,200,241918896195500,2213800,622816400,630456700
56,216,241918932046600,2177700,658667500,666307800
56,232,241918966514400,2106200,693135300,700775600
56,248,241919003764600,2210500,730385500,738025800
56,264,241919056840500,2355300,783461400,791101700
56,280,241919092070100,2243900,818691000,826331300
56,296,241919126188600,2082400,852809500,860449800
56,312,241919160435500,2081500,887056400,894696700
56,328,241919196348300,2329100,922969200,930609500
56,344,241919232033300,2162500,958654200,966294500
56,360,241919268468300,2223200,995089200,1002729500
56,376,241919303408200,2188200,1030029100,1037669400
56,392,241919359372300,2440500,1085993200,1093633500
56,408,241919394330100,2349000,1120951000,1128591300
56,424,241919430415700,2145400,1157036600,1164676900
56,440,241919465692200,2186000,1192313100,1199953400
56,456,241919501046900,2235600,1227667800,1235308100
56,472,241919535921500,2158300,1262542400,1270182700
56,488,241919570865300,2122700,1297486200,1305126500
56,504,241919610899300,2247400,1337520200,1345160500
56,520,241919646518900,2150100,1373139800,1380780100
56,536,241919700781400,2156000,1427402300,1435042600
56,552,241919736062200,2458800,1462683100,1470323400
56,568,241919772796200,2172900,1499417100,1507057400
56,584,241919806861400,2116400,1533482300,1541122600
56,600,241919841182500,2160700,1567803400,1575443700
56,616,241919878184800,2167600,1604805700,1612446000
56,632,241919913203300,2183600,1639824200,1647464500
56,648,241919949341800,2179900,1675962700,1683603000
56,664,241920004442700,2099800,1731063600,1738703900
56,680,241920040579800,2308600,1767200700,1774841000
56,696,241920077464700,2367800,1804085600,1811725900
56,712,241920112455200,2333200,1839076100,1846716400
56,728,241920147889500,2298000,1874510400,1882150700
56,744,241920183858500,2163000,1910479400,1918119700
56,760,241920219269100,2135900,1945890000,1953530300
56,776,241920254115600,2249300,1980736500,1988376800
56,792,241920309808600,2708400,2036429500,2044069800
56,808,241920346789300,2173000,2073410200,2081050500
56,824,241920382961200,2254400,2109582100,2117222400
56,840,241920417996000,2397500,2144616900,2152257200
56,856,241920453219800,2097900,2179840700,2187481000
56,872,241920487625500,2139500,2214246400,2221886700
56,888,241920521763900,2151300,2248384800,2256025100
56,904,241920556091000,2145100,2282711900,2290352200
56,920,241920591219900,2169900,2317840800,2325481100
56,936,241920645730500,2118900,2372351400,2379991700
56,952,241920680607300,2123900,2407228200,2414868500
56,968,241920714992700,2485700,2441613600,2449253900
56,984,241920750742800,2197200,2477363700,2485004000
56,1000,241920787218400,2261800,2513839300,2521479600
56,1016,241920822133000,2123400,2548753900,2556394200
56,1032,241920856497100,2189600,2583118000,2590758300
56,1048,241920891258000,2283400,2617878900,2625519200
56,1064,241920932842800,2115800,2659463700,2667104000
56,1080,241920967896700,2128300,2694517600,2702157900
56,1096,241921002525300,2137300,2729146200,2736786500
56,1112,241921037408300,2248200,2764029200,2771669500
56,1128,241921073353000,2218500,2799973900,2807614200
56,1144,241921108361900,2230100,2834982800,2842623100
56,1160,241921144468000,2215100,2871088900,2878729200
56,1176,241921179511500,2166000,2906132400,2913772700
56,1192,241921220701200,2241900,2947322100,2954962400
56,1208,241921255966000,2189400,2982586900,2990227200
56,1224,241921293716700,2656800,3020337600,3027977900
56,1240,241921340224400,2773500,3066845300,3074485600
56,1256,241921390168900,3024400,3116789800,3124430100
56,1272,241921439432400,2899000,3166053300,3173693600
56,1288,241921485465900,2679300,3212086800,3219727100
56,1304,241921532578500,2899100,3259199400,3266839700
56,1320,241921579395300,2872000,3306016200,3313656500
56,1336,241921638760200,3188600,3365381100,3373021400
56,1352,241921689026200,3476800,3415647100,3423287400
56,1368,241921740051700,2648700,3466672600,3474312900
56,1384,241921790474700,2964100,3517095600,3524735900
56,1400,241921835093100,2965300,3561714000,3569354300
56,1416,241921882105900,2914000,3608726800,3616367100
56,1432,241921929039400,3040300,3655660300,3663300600
56,1448,241921974943700,2953800,3701564600,3709204900
56,1464,241922031701500,2874800,3758322400,3765962700
56,1480,241922077812700,2895400,3804433600,3812073900
56,1496,241922123103100,2773600,3849724000,3857364300
56,1512,241922168209200,2545300,3894830100,3902470400
56,1528,241922210648500,2778000,3937269400,3944909700
56,1544,241922258153500,3091100,3984774400,3992414700
56,1560,241922304081200,3065700,4030702100,4038342400
56,1576,241922350169800,2803300,4076790700,4084431000
56,1592,241922401061900,3007600,4127682800,4135323100
56,1608,241922449296100,2988800,4175917000,4183557300
56,1624,241922496436100,2787500,4223057000,4230697300
56,1640,241922543009600,2777100,4269630500,4277270800
56,1656,241922588057200,3102200,4314678100,4322318400
56,1672,241922635729300,2646400,4362350200,4369990500
56,1688,241922679929400,2973400,4406550300,4414190600
56,1704,241922725933500,2983300,4452554400,4460194700
56,1720,241922770401000,2692600,4497021900,4504662200
56,1736,241922822500500,2989300,4549121400,4556761700
56,1752,241922868794300,2875500,4595415200,4603055500
56,1768,241922910594000,2561600,4637214900,4644855200
56,1784,241922955657600,2714800,4682278500,4689918800
56,1800,241922999216600,2807200,4725837500,4733477800
56,1816,241923043725900,2498400,4770346800,4777987100
56,1832,241923090974700,3230000,4817595600,4825235900
56,1848,241923135380500,2715300,4862001400,4869641700
56,1864,241923185711500,2771500,4912332400,4919972700
56,1880,241923231304900,2840500,4957925800,4965566100
56,1896,241923280053500,3020000,5006674400,5014314700
56,1912,241923326200300,2911800,5052821200,5060461500
56,1928,241923371902700,3352700,5098523600,5106163900
56,1944,241923421884400,3136500,5148505300,5156145600
56,1960,241923468946700,2578300,5195567600,5203207900
56,1976,241923510451800,2582100,5237072700,5244713000
56,1992,241923558231400,2759500,5284852300,5292492600
56,2008,241923601648900,2746900,5328269800,5335910100
56,2024,241923647246900,2772900,5373867800,5381508100
56,2040,241923690750900,2719500,5417371800,5425012100
57,9,241918443691100,2282300,170312000,177952300
57,25,241918481896300,2196500,208517200,216157500
57,41,241918518810900,2215100,245431800,253072100
57,57,241918555784100,2291200,282405000,290045300
57,73,241918592500100,2205100,319121000,326761300
57,89,241918627796800,2371600,354417700,362058000
57,105,241918665945200,2219700,392566100,400206400
57,121,241918702958200,2281300,429579100,437219400
57,137,241918757676100,2175500,484297000,491937300
57,153,241918791801500,2091700,518422400,526062700
57,169,241918826668000,2100400,553288900,560929200
57,185,241918862869500,2134300,589490400,597130700
57,201,241918898143200,2195900,624764100,632404400
57,217,241918933989300,2114000,660610200,668250500
57,233,241918968684100,2083900,695305000,702945300
57,249,241919006345500,2174900,732966400,740606700
57,265,241919059455800,2075000,786076700,793717000
57,281,241919094531600,2090000,821152500,828792800
57,297,241919128563600,2043800,855184500,862824800
57,313,241919162976400,2063500,889597300,897237600
57,329,241919199340600,2235200,925961500,933601800
57,345,241919234737200,2248900,961358100,968998400
57,361,241919271423700,2203100,998044600,1005684900
57,377,241919306235500,2154900,1032856400,1040496700
57,393,241919362232800,2212400,1088853700,1096494000
57,409,241919396763500,2279500,1123384400,1131024700
57,425,241919432738600,2214600,1159359500,1166999800
57,441,241919468016800,2066600,1194637700,1202278000
57,457,241919503585800,2221100,1230206700,1237847000
57,473,241919538373500,2191300,1264994400,1272634700
57,489,241919573192100,2116100,1299813000,1307453300
57,505,241919613305800,2232700,1339926700,1347567000
57,521,241919648835200,2140400,1375456100,1383096400
57,537,241919703124500,2272000,1429745400,1437385700
57,553,241919738839000,2342600,1465459900,1473100200
57,569,241919775201200,2140500,1501822100,1509462400
57,585,241919809209600,2119400,1535830500,1543470800
57,601,241919844149500,2331900,1570770400,1578410700
57,617,241919881132200,2184600,1607753100,1615393400
57,633,241919916131800,2160700,1642752700,1650393000
57,649,241919952257100,2164700,1678878000,1686518300
57,665,241920007508000,2141900,1734128900,1741769200
57,681,241920043888800,2312100,1770509700,1778150000
57,697,241920080945200,2193000,1807566100,1815206400
57,713,241920115820500,2381000,1842441400,1850081700
57,729,241920151297500,2200400,1877918400,1885558700
57,745,241920187073800,2141600,1913694700,1921335000
57,761,241920222402800,2287400,1949023700,1956664000
57,777,241920257583600,3371600,1984204500,1991844800
57,793,241920314563700,2382300,2041184600,2048824900
57,809,241920350745800,2193500,2077366700,2085007000
57,825,241920386577200,2223000,2113198100,2120838400
57,841,241920421659200,2218400,2148280100,2155920400
57,857,241920456551700,2124800,2183172600,2190812900
57,873,241920491116600,2096200,2217737500,2225377800
57,889,241920525294000,2234800,2251914900,2259555200
57,905,241920559579700,2089200,2286200600,2293840900
57,921,241920594687900,2129500,2321308800,2328949100
57,937,241920649250300,2201400,2375871200,2383511500
57,953,241920684021700,2112800,2410642600,2418282900
57,969,241920718708100,2208500,2445329000,2452969300
57,985,241920754108500,2158400,2480729400,2488369700
57,1001,241920790580400,2258200,2517201300,2524841600
57,1017,241920825342600,2118500,2551963500,2559603800
57,1033,241920859791000,2158800,2586411900,2594052200
57,1049,241920894728500,2150600,2621349400,2628989700
57,1065,241920936155300,2255100,2662776200,2670416500
57,1081,241920971259100,2164400,2697880000,2705520300
57,1097,241921005816800,2117300,2732437700,2740078000
57,1113,241921040974500,2378400,2767595400,2775235700
57,1129,241921076912800,2162900,2803533700,2811174000
57,1145,241921111907000,2211400,2838527900,2846168200
57,1161,241921147780600,2230600,2874401500,2882041800
57,1177,241921182954900,2184300,2909575800,2917216100
57,1193,241921224334400,2177500,2950955300,2958595600
57,1209,241921259596000,2143500,2986216900,2993857200
57,1225,241921298094100,3067100,3024715000,3032355300
57,1241,241921344826500,2856300,3071447400,3079087700
57,1257,241921395291500,2848800,3121912400,3129552700
57,1273,241921444142000,2929400,3170762900,3178403200
57,1289,241921489867200,3079400,3216488100,3224128400
57,1305,241921536989700,2853700,3263610600,3271250900
57,1321,241921584211400,2914200,3310832300,3318472600
57,1337,241921644409600,3238100,3371030500,3378670800
57,1353,241921695194900,3358400,3421815800,3429456100
57,1369,241921745113200,3052700,3471734100,3479374400
57,1385,241921795770300,2698000,3522391200,3530031500
57,1401,241921840386200,2959600,3567007100,3574647400
57,1417,241921887354500,2915300,3613975400,3621615700
57,1433,241921934324700,2726000,3660945600,3668585900
57,1449,241921980278000,2611500,3706898900,3714539200
57,1465,241922036977200,2978800,3763598100,3771238400
57,1481,241922082997600,2786300,3809618500,3817258800
57,1497,241922128218300,2831300,3854839200,3862479500
57,1513,241922172859600,2592100,3899480500,3907120800
57,1529,241922215627300,3174100,3942248200,3949888500
57,1545,241922263702900,3062800,3990323800,3997964100
57,1561,241922309703600,2730600,4036324500,4043964800
57,1577,241922355140500,2800100,4081761400,4089401700
57,1593,241922406368500,2974800,4132989400,4140629700
57,1609,241922454507900,3035300,4181128800,4188769100
57,1625,241922501301900,2931100,4227922800,4235563100
57,1641,241922547918800,2685800,4274539700,4282180000
57,1657,241922593373700,3022100,4319994600,4327634900
57,1673,241922640277400,2972800,4366898300,4374538600
57,1689,241922685132700,2924200,4411753600,4419393900
57,1705,241922731171400,3163500,4457792300,4465432600
57,1721,241922775082700,2704200,4501703600,4509343900
57,1737,241922827759000,2985400,4554379900,4562020200
57,1753,241922873778000,2686200,4600398900,4608039200
57,1769,241922915109400,2609300,4641730300,4649370600
57,1785,241922960508500,2682400,4687129400,4694769700
57,1801,241923004545600,2719900,4731166500,4738806800
57,1817,241923048600500,2955900,4775221400,4782861700
57,1833,241923096544700,2707800,4823165600,4830805900
57,1849,241923140571300,2787600,4867192200,4874832500
57,1865,241923190698500,2825800,4917319400,4924959700
57,1881,241923236155100,3005200,4962776000,4970416300
57,1897,241923284966500,2993700,5011587400,5019227700
57,1913,241923330957600,2776300,5057578500,5065218800
57,1929,241923377336600,2968300,5103957500,5111597800
57,1945,241923427082100,3220700,5153703000,5161343300
57,1961,241923473222500,2563700,5199843400,5207483700
57,1977,241923514748600,2573500,5241369500,5249009800
57,1993,241923562811700,2699900,5289432600,5297072900
57,2009,241923606312200,3051100,5332933100,5340573400
57,2025,241923651949100,2765700,5378570000,5386210300
57,2041,241923695260400,2693900,5421881300,5429521600
58,10,241918446010700,2279600,172631600,180271900
58,26,241918483943600,2225900,210564500,218204800
58,42,241918520884600,2220200,247505500,255145800
58,58,241918557850200,2285000,284471100,292111400
58,74,241918594548100,2190900,321169000,328809300
58,90,241918630024500,2819700,356645400,364285700
58,106,241918668308600,2221600,394929500,402569800
58,122,241918705340800,2230000,431961700,439602000
58,138,241918759969400,2099500,486590300,494230600
58,154,241918794011200,2123100,520632100,528272400
58,170,241918828890300,2150600,555511200,563151500
58,186,241918865126800,2231200,591747700,599388000
58,202,241918900426900,2177200,627047800,634688100
58,218,241918936201200,2072200,662822100,670462400
58,234,241918970640800,2480700,697261700,704902000
58,250,241919008875200,2136000,735496100,743136400
58,266,241919061757800,2071200,788378700,796019000
58,282,241919096761800,2044700,823382700,831023000
58,298,241919130639200,2023700,857260100,864900400
58,314,241919165125300,2189800,891746200,899386500
58,330,241919201545900,2311500,928166800,935807100
58,346,241919237105100,2246200,963726000,971366300
58,362,241919273782400,2214800,1000403300,1008043600
58,378,241919308624600,3023300,1035245500,1042885800
58,394,241919364923800,2186900,1091544700,1099185000
58,410,241919399545100,2190500,1126166000,1133806300
58,426,241919435280000,2142300,1161900900,1169541200
58,442,241919470424900,2238500,1197045800,1204686100
58,458,241919505722200,2216900,1232343100,1239983400
58,474,241919540505500,2171500,1267126400,1274766700
58,490,241919575429100,2121800,1302050000,1309690300
58,506,241919615775800,2232500,1342396700,1350037000
58,522,241919651197600,2264300,1377818500,1385458800
58,538,241919705587300,2335000,1432208200,1439848500
58,554,241919741288900,2216800,1467909800,1475550100
58,570,241919777284300,2152700,1503905200,1511545500
58,586,241919811274500,2090100,1537895400,1545535700
58,602,241919846128300,2311600,1572749200,1580389500
58,618,241919883014300,2191600,1609635200,1617275500
58,634,241919918001700,2503500,1644622600,1652262900
58,650,241919954181800,2140800,1680802700,1688443000
58,666,241920009330400,2157900,1735951300,1743591600
58,682,241920045791500,2283400,1772412400,1780052700
58,698,241920082482000,2159300,1809102900,1816743200
58,714,241920117495200,2330100,1844116100,1851756400
58,730,241920152736100,2221200,1879357000,1886997300
58,746,241920188687600,2155900,1915308500,1922948800
58,762,241920224104400,2310600,1950725300,1958365600
58,778,241920259323000,2530900,1985943900,1993584200
58,794,241920315286700,2342700,2041907600,2049547900
58,810,241920351391300,2222400,2078012200,2085652500
58,826,241920387031000,2226200,2113651900,2121292200
58,842,241920422121900,2272900,2148742800,2156383100
58,858,241920457000400,2122300,2183621300,2191261600
58,874,241920491453400,2110400,2218074300,2225714600
58,890,241920525680200,2229800,2252301100,2259941400
58,906,241920559960100,2083600,2286581000,2294221300
58,922,241920595037700,2126800,2321658600,2329298900
58,938,241920649652600,2167200,2376273500,2383913800
58,954,241920684410200,2105600,2411031100,2418671400
58,970,241920719415600,2203400,2446036500,2453676800
58,986,241920754823300,2138800,2481444200,2489084500
58,1002,241920791527700,2255700,2518148600,2525788900
58,1018,241920826204700,2143300,2552825600,2560465900
58,1034,241920860621700,2185900,2587242600,2594882900
58,1050,241920895646800,2130400,2622267700,2629908000
58,1066,241920937169100,2193400,2663790000,2671430300
58,1082,241920972300600,2184500,2698921500,2706561800
58,1098,241921006857500,2214000,2733478400,2741118700
58,1114,241921042060000,2273900,2768680900,2776321200
58,1130,241921077857000,2168300,2804477900,2812118200
58,1146,241921112827000,2210700,2839447900,2847088200
58,1162,241921148823200,2241200,2875444100,2883084400
58,1178,241921183993100,2159200,2910614000,2918254300
58,1194,241921225312800,2208900,2951933700,2959574000
58,1210,241921260521000,2138600,2987141900,2994782200
58,1226,241921299512700,2879600,3026133600,3033773900
58,1242,241921346023700,2821500,3072644600,3080284900
58,1258,241921396476900,2868400,3123097800,3130738100
58,1274,241921445300100,2931700,3171921000,3179561300
58,1290,241921490978900,3012800,3217599800,3225240100
58,1306,241921538023500,2895400,3264644400,3272284700
58,1322,241921585328300,3056800,3311949200,3319589500
58,1338,241921645163900,3210700,3371784800,3379425100
58,1354,241921695871500,3394400,3422492400,3430132700
58,1370,241921745842400,3019800,3472463300,3480103600
58,1386,241921796392500,2689500,3523013400,3530653700
58,1402,241921841080200,2887500,3567701100,3575341400
58,1418,241921888042200,2922400,3614663100,3622303400
58,1434,241921934878400,2726400,3661499300,3669139600
58,1450,241921980799800,2690900,3707420700,3715061000
58,1466,241922037507000,3014400,3764127900,3771768200
58,1482,241922083488500,2788500,3810109400,3817749700
58,1498,241922128613100,2815500,3855234000,3862874300
58,1514,241922173192500,2572300,3899813400,3907453700
58,1530,241922215950800,3316800,3942571700,3950212000
58,1546,241922264181200,3046200,3990802100,3998442400
58,1562,241922310174400,2756500,4036795300,4044435600
58,1578,241922355637400,2805100,4082258300,4089898600
58,1594,241922406911800,2978000,4133532700,4141173000
58,1610,241922455068400,3025200,4181689300,4189329600
58,1626,241922501854800,2930200,4228475700,4236116000
58,1642,241922548365900,2756200,4274986800,4282627100
58,1658,241922593921400,2997600,4320542300,4328182600
58,1674,241922640877700,2935800,4367498600,4375138900
58,1690,241922685707200,2945300,4412328100,4419968400
58,1706,241922731869500,3173600,4458490400,4466130700
58,1722,241922775589700,2718700,4502210600,4509850900
58,1738,241922828321800,3008700,4554942700,4562583000
58,1754,241922874383300,2649000,4601004200,4608644500
58,1770,241922915680200,2593000,4642301100,4649941400
58,1786,241922961036900,2680600,4687657800,4695298100
58,1802,241923005086700,2734200,4731707600,4739347900
58,1818,241923049197800,2903600,4775818700,4783459000
58,1834,241923097093300,2727300,4823714200,4831354500
58,1850,241923141122600,2828500,4867743500,4875383800
58,1866,241923191314100,2841900,4917935000,4925575300
58,1882,241923237098100,3164700,4963719000,4971359300
58,1898,241923285931400,3019900,5012552300,5020192600
58,1914,241923331787400,2834200,5058408300,5066048600
58,1930,241923378500100,2960400,5105121000,5112761300
58,1946,241923428317700,3152800,5154938600,5162578900
58,1962,241923474167900,2578100,5200788800,5208429100
58,1978,241923515702300,2633800,5242323200,5249963500
58,1994,241923563807100,2712400,5290428000,5298068300
58,2010,241923607460300,3059700,5334081200,5341721500
58,2026,241923653060800,2692000,5379681700,5387322000
58,2042,241923696248800,2666700,5422869700,5430510000
59,11,241918448362400,2259600,174983300,182623600
59,27,241918486205900,2491300,212826800,220467100
59,43,241918523318800,2242900,249939700,257580000
59,59,241918560324900,2223000,286945800,294586100
59,75,241918596924300,2184700,323545200,331185500
59,91,241918632557300,3284400,359178200,366818500
59,107,241918670277500,2227800,396898400,404538700
59,123,241918707135500,2346400,433756400,441396700
59,139,241918761678200,2055000,488299100,495939400
59,155,241918795737500,2336700,522358400,529998700
59,171,241918830641100,2061100,557262000,564902300
59,187,241918866932400,2280600,593553300,601193600
59,203,241918902168400,2303500,628789300,636429600
59,219,241918937899600,2311000,664520500,672160800
59,235,241918973494200,2249100,700115100,707755400
59,251,241919011173900,2087100,737794800,745435100
59,267,241919064022000,2107200,790642900,798283200
59,283,241919099071000,2122000,825691900,833332200
59,299,241919132962900,2092000,859583800,867224100
59,315,241919167625300,2105800,894246200,901886500
59,331,241919204177800,2246400,930798700,938439000
59,347,241919239571900,2182500,966192800,973833100
59,363,241919276181800,2293400,1002802700,1010443000
59,379,241919311963100,2392500,1038584000,1046224300
59,395,241919367262100,2117000,1093883000,1101523300
59,411,241919401875700,2158900,1128496600,1136136900
59,427,241919437646900,2153200,1164267800,1171908100
59,443,241919472974300,2139600,1199595200,1207235500
59,459,241919508356700,2215100,1234977600,1242617900
59,475,241919543071400,2194600,1269692300,1277332600
59,491,241919577965300,2046500,1304586200,1312226500
59,507,241919618383200,2174900,1345004100,1352644400
59,523,241919653664500,2185400,1380285400,1387925700
59,539,241919708242500,2171900,1434863400,1442503700
59,555,241919743797800,2106600,1470418700,1478059000
59,571,241919779854300,2109300,1506475200,1514115500
59,587,241919813796200,2090100,1540417100,1548057400
59,603,241919848507100,2237200,1575128000,1582768300
59,619,241919885239600,2132500,1611860500,1619500800
59,635,241919920539300,2402700,1647160200,1654800500
59,651,241919956267500,2210600,1682888400,1690528700
59,667,241920011429700,2178600,1738050600,1745690900
59,683,241920048046300,2290900,1774667200,1782307500
59,699,241920084700800,2131700,1811321700,1818962000
59,715,241920119953600,2218400,1846574500,1854214800
59,731,241920155103700,2228100,1881724600,1889364900
59,747,241920190786600,2177000,1917407500,1925047800
59,763,241920226296800,2199700,1952917700,1960558000
59,779,241920261687200,2297400,1988308100,1995948400
59,795,241920317541900,2356500,2044162800,2051803100
59,811,241920353648000,2238600,2080268900,2087909200
59,827,241920389377600,2198400,2115998500,2123638800
59,843,241920424766900,2242000,2151387800,2159028100
59,859,241920459451400,2173200,2186072300,2193712600
59,875,241920493943500,2105100,2220564400,2228204700
59,891,241920528256400,2142300,2254877300,2262517600
59,907,241920562392600,2131300,2289013500,2296653800
59,923,241920597654600,2128500,2324275500,2331915800
59,939,241920652303800,2142300,2378924700,2386565000
59,955,241920686920600,2121200,2413541500,2421181800
59,971,241920721779300,2210700,2448400200,2456040500
59,987,241920757122500,2174200,2483743400,2491383700
59,1003,241920793627000,2302600,2520247900,2527888200
59,1019,241920828165100,2178600,2554786000,2562426300
59,1035,241920862662900,2207800,2589283800,2596924100
59,1051,241920897491700,2150500,2624112600,2631752900
59,1067,241920939066000,2083700,2665686900,2673327200
59,1083,241920974083400,2155600,2700704300,2708344600
59,1099,241921008637600,2178400,2735258500,2742898800
59,1115,241921043942100,2184000,2770563000,2778203300
59,1131,241921079657600,2154500,2806278500,2813918800
59,1147,241921114738200,2329400,2841359100,2848999400
59,1163,241921150770400,2211800,2877391300,2885031600
59,1179,241921185770500,2145300,2912391400,2920031700
59,1195,241921227145800,2151100,2953766700,2961407000
59,1211,241921262327200,2120800,2988948100,2996588400
59,1227,241921301923600,2953000,3028544500,3036184800
59,1243,241921348393300,3002300,3075014200,3082654500
59,1259,241921398863100,2947100,3125484000,3133124300
59,1275,241921447813200,2888100,3174434100,3182074400
59,1291,241921493661800,2811400,3220282700,3227923000
59,1307,241921540646000,2960200,3267266900,3274907200
59,1323,241921588046600,3093600,3314667500,3322307800
59,1339,241921648038400,3122200,3374659300,3382299600
59,1355,241921698907400,3573000,3425528300,3433168600
59,1371,241921748651400,3065100,3475272300,3482912600
59,1387,241921798972300,2628400,3525593200,3533233500
59,1403,241921843841300,2905700,3570462200,3578102500
59,1419,241921890845500,2941000,3617466400,3625106700
59,1435,241921937456000,2852500,3664076900,3671717200
59,1451,241921983343300,2848500,3709964200,3717604500
59,1467,241922040367600,2972500,3766988500,3774628800
59,1483,241922086128100,2800800,3812749000,3820389300
59,1499,241922131350800,2775200,3857971700,3865612000
59,1515,241922175723400,2605000,3902344300,3909984600
59,1531,241922219156800,2750300,3945777700,3953418000
59,1547,241922267104200,3074700,3993725100,4001365400
59,1563,241922312779600,2716000,4039400500,4047040800
59,1579,241922358286100,2721200,4084907000,4092547300
59,1595,241922409723300,2971900,4136344200,4143984500
59,1611,241922457933600,2995600,4184554500,4192194800
59,1627,241922504572600,2800100,4231193500,4238833800
59,1643,241922550936500,2763600,4277557400,4285197700
59,1659,241922596711500,3021400,4323332400,4330972700
59,1675,241922643554300,2677200,4370175200,4377815500
59,1691,241922688372200,2943000,4414993100,4422633400
59,1707,241922734672900,3118100,4461293800,4468934100
59,1723,241922778012900,2723200,4504633800,4512274100
59,1739,241922831022200,2915900,4557643100,4565283400
59,1755,241922876760100,2548100,4603381000,4611021300
59,1771,241922917995300,2803200,4644616200,4652256500
59,1787,241922963491400,2669600,4690112300,4697752600
59,1803,241923007600500,2702900,4734221400,4741861700
59,1819,241923051875200,2767500,4778496100,4786136400
59,1835,241923099604200,2723000,4826225100,4833865400
59,1851,241923143804100,2950300,4870425000,4878065300
59,1867,241923194000900,2843400,4920621800,4928262100
59,1883,241923240055300,3213000,4966676200,4974316500
59,1899,241923288829100,3035200,5015450000,5023090300
59,1915,241923334517600,2713500,5061138500,5068778800
59,1931,241923381122100,3087200,5107743000,5115383300
59,1947,241923431141900,3115300,5157762800,5165403100
59,1963,241923476463600,2551100,5203084500,5210724800
59,1979,241923518026200,2659900,5244647100,5252287400
59,1995,241923566189000,2656700,5292809900,5300450200
59,2011,241923610144400,3065400,5336765300,5344405600
59,2027,241923655387700,2659700,5382008600,5389648900
59,2043,241923698592100,2630200,5425213000,5432853300
60,12,241918450590100,2211300,177211000,184851300
60,28,241918488900400,2657300,215521300,223161600
60,44,241918525436300,2245600,252057200,259697500
60,60,241918562615800,2273100,289236700,296877000
60,76,241918599210000,2150200,325830900,333471200
60,92,241918636288900,2392100,362909800,370550100
60,108,241918672948700,2223200,399569600,407209900
60,124,241918710113400,2430600,436734300,444374600
60,140,241918764312500,2114500,490933400,498573700
60,156,241918798710100,2294600,525331000,532971300
60,172,241918833295300,2254200,559916200,567556500
60,188,241918869776700,2150100,596397600,604037900
60,204,241918905043600,2203100,631664500,639304800
60,220,241918940839300,2107900,667460200,675100500
60,236,241918975553300,2511000,702174200,709814500
60,252,241919013210200,2068100,739831100,747471400
60,268,241919066021300,2234900,792642200,800282500
60,284,241919101139400,2157400,827760300,835400600
60,300,241919134985900,2252400,861606800,869247100
60,316,241919169615600,2257400,896236500,903876800
60,332,241919206334900,2227000,932955800,940596100
60,348,241919241659600,2181100,968280500,975920800
60,364,241919278365000,2146600,1004985900,1012626200
60,380,241919313982800,2263100,1040603700,1048244000
60,396,241919369160700,2104700,1095781600,1103421900
60,412,241919403859900,2377100,1130480800,1138121100
60,428,241919439601200,2144600,1166222100,1173862400
60,444,241919474972500,2172500,1201593400,1209233700
60,460,241919510362400,2180500,1236983300,1244623600
60,476,241919545032200,2159400,1271653100,1279293400
60,492,241919579694600,2853700,1306315500,1313955800
60,508,241919620253600,2191400,1346874500,1354514800
60,524,241919655475800,21142900,1382096700,1389737000
60,540,241919710295500,2186600,1436916400,1444556700
60,556,241919745827000,2288300,1472447900,1480088200
60,572,241919781824000,2118000,1508444900,1516085200
60,588,241919815747200,2094800,1542368100,1550008400
60,604,241919851225200,2598700,1577846100,1585486400
60,620,241919887755900,2151800,1614376800,1622017100
60,636,241919923372000,2370300,1649992900,1657633200
60,652,241919958871900,2177500,1685492800,1693133100
60,668,241920013955700,2123900,1740576600,1748216900
60,684,241920050698500,2206800,1777319400,1784959700
60,700,241920087252300,2158200,1813873200,1821513500
60,716,241920122570300,2161600,1849191200,1856831500
60,732,241920157970900,2187300,1884591800,1892232100
60,748,241920193634100,2265200,1920255000,1927895300
60,764,241920229158300,2188100,1955779200,1963419500
60,780,241920264931000,2311900,1991551900,1999192200
60,796,241920320865200,2356600,2047486100,2055126400
60,812,241920356704300,2137500,2083325200,2090965500
60,828,241920392490600,2134800,2119111500,2126751800
60,844,241920427792200,2231000,2154413100,2162053400
60,860,241920462398400,2265700,2189019300,2196659600
60,876,241920496796000,2127300,2223416900,2231057200
60,892,241920531159100,2135400,2257780000,2265420300
60,908,241920565275400,2106200,2291896300,2299536600
60,924,241920600528700,21889800,2327149600,2334789900
60,940,241920655129000,2258500,2381749900,2389390200
60,956,241920689739700,2087500,2416360600,2424000900
60,972,241920724556700,2199400,2451177600,2458817900
60,988,241920759795800,2298700,2486416700,2494057000
60,1004,241920796471600,2206000,2523092500,2530732800
60,1020,241920830864900,2115100,2557485800,2565126100
60,1036,241920865395700,2131000,2592016600,2599656900
60,1052,241920900255800,2165700,2626876700,2634517000
60,1068,241920941603400,2269000,2668224300,2675864600
60,1084,241920976602300,2179000,2703223200,2710863500
60,1100,241921011306300,2165400,2737927200,2745567500
60,1116,241921046495000,2283800,2773115900,2780756200
60,1132,241921082143600,2145300,2808764500,2816404800
60,1148,241921117308800,2232700,2843929700,2851570000
60,1164,241921153189400,2200900,2879810300,2887450600
60,1180,241921188129900,2202000,2914750800,2922391100
60,1196,241921229496300,2152500,2956117200,2963757500
60,1212,241921264669200,2254300,2991290100,2998930400
60,1228,241921305330500,2951700,3031951400,3039591700
60,1244,241921352003800,2962800,3078624700,3086265000
60,1260,241921402474800,2901500,3129095700,3136736000
60,1276,241921451208100,2844300,3177829000,3185469300
60,1292,241921497023000,3095200,3223643900,3231284200
60,1308,241921544060100,2903700,3270681000,3278321300
60,1324,241921591486500,2952200,3318107400,3325747700
60,1340,241921651544700,3185000,3378165600,3385805900
60,1356,241921702864200,3750100,3429485100,3437125400
60,1372,241921752036600,3012300,3478657500,3486297800
60,1388,241921801818700,2611100,3528439600,3536079900
60,1404,241921847009600,2932000,3573630500,3581270800
60,1420,241921894048000,2964700,3620668900,3628309200
60,1436,241921940595600,2698400,3667216500,3674856800
60,1452,241921986527500,2917100,3713148400,3720788700
60,1468,241922043699800,2843100,3770320700,3777961000
60,1484,241922089338000,2823000,3815958900,3823599200
60,1500,241922134478000,2824500,3861098900,3868739200
60,1516,241922178646500,2590600,3905267400,3912907700
60,1532,241922222255200,2791800,3948876100,3956516400
60,1548,241922270569200,2916400,3997190100,4004830400
60,1564,241922315865200,2775600,4042486100,4050126400
60,1580,241922361399800,2721000,4088020700,4095661000
60,1596,241922413135100,3008800,4139756000,4147396300
60,1612,241922461273800,2983600,4187894700,4195535000
60,1628,241922507706000,3092800,4234326900,4241967200
60,1644,241922554083100,2704400,4280704000,4288344300
60,1660,241922600115800,2994200,4326736700,4334377000
60,1676,241922646577100,2683500,4373198000,4380838300
60,1692,241922691721300,2921300,4418342200,4425982500
60,1708,241922738105700,2688900,4464726600,4472366900
60,1724,241922781088100,8245200,4507709000,4515349300
60,1740,241922834315600,2682500,4560936500,4568576800
60,1756,241922879562300,2550800,4606183200,4613823500
60,1772,241922921130800,3028400,4647751700,4655392000
60,1788,241922966346700,2859500,4692967600,4700607900
60,1804,241923010461300,2846700,4737082200,4744722500
60,1820,241923054811300,2754000,4781432200,4789072500
60,1836,241923102490800,2713200,4829111700,4836752000
60,1852,241923146871500,2728300,4873492400,4881132700
60,1868,241923197005500,2831500,4923626400,4931266700
60,1884,241923243509700,3225700,4970130600,4977770900
60,1900,241923292091400,2735700,5018712300,5026352600
60,1916,241923337439600,2767300,5064060500,5071700800
60,1932,241923384442900,3117900,5111063800,5118704100
60,1948,241923434469000,3037200,5161089900,5168730200
60,1964,241923479194100,2626400,5205815000,5213455300
60,1980,241923520865700,2567100,5247486600,5255126900
60,1996,241923569072100,2651700,5295693000,5303333300
60,2012,241923613475600,3060000,5340096500,5347736800
60,2028,241923658266300,2644000,5384887200,5392527500
60,2044,241923701443600,2670500,5428064500,5435704800
61,13,241918452875600,2705100,179496500,187136800
61,29,241918491961200,2339400,218582100,226222400
61,45,241918528215900,2221600,254836800,262477100
61,61,241918565908000,2617300,292528900,300169200
61,77,241918602316400,2164400,328937300,336577600
61,93,241918639564500,2293800,366185400,373825700
61,109,241918676049900,2339600,402670800,410311100
61,125,241918713274100,2267700,439895000,447535300
61,141,241918767072900,2118700,493693800,501334100
61,157,241918801763100,2382700,528384000,536024300
61,173,241918836389400,2343600,563010300,570650600
61,189,241918872795600,2222500,599416500,607056800
61,205,241918908005200,2227400,634626100,642266400
61,221,241918943572400,2181900,670193300,677833600
61,237,241918979788600,2215400,706409500,714049800
61,253,241919016822600,2200900,743443500,751083800
61,269,241919069904400,2223900,796525300,804165600
61,285,241919104823300,2270800,831444200,839084500
61,301,241919138894200,2192600,865515100,873155400
61,317,241919173344600,2134900,899965500,907605800
61,333,241919210163300,2244300,936784200,944424500
61,349,241919245500900,2594700,972121800,979762100
61,365,241919282287500,2124300,1008908400,1016548700
61,381,241919318331600,2178100,1044952500,1052592800
61,397,241919373236100,2090500,1099857000,1107497300
61,413,241919408334000,2213800,1134954900,1142595200
61,429,241919443875200,2145800,1170496100,1178136400
61,445,241919479091100,2170900,1205712000,1213352300
61,461,241919514591700,2190200,1241212600,1248852900
61,477,241919549186600,2137200,1275807500,1283447800
61,493,241919587924100,3523400,1314545000,1322185300
61,509,241919624626900,2254500,1351247800,1358888100
61,525,241919679045600,2282500,1405666500,1413306800
61,541,241919714381000,2271700,1441001900,1448642200
61,557,241919750377400,2435100,1476998300,1484638600
61,573,241919786026800,2142200,1512647700,1520288000
61,589,241919819878200,2128400,1546499100,1554139400
61,605,241919855942800,2299600,1582563700,1590204000
61,621,241919891841800,2205700,1618462700,1626103000
61,637,241919927791800,2298400,1654412700,1662053000
61,653,241919962963300,2444700,1689584200,1697224500
61,669,241920017976600,2177800,1744597500,1752237800
61,685,241920054894300,2210800,1781515200,1789155500
61,701,241920091147900,2128000,1817768800,1825409100
61,717,241920126629500,2166400,1853250400,1860890700
61,733,241920161768300,2318000,1888389200,1896029500
61,749,241920197461400,2276800,1924082300,1931722600
61,765,241920232920300,2161700,1959541200,1967181500
61,781,241920268603600,2227100,1995224500,2002864800
61,797,241920324864900,2178600,2051485800,2059126100
61,813,241920360330700,2112600,2086951600,2094591900
61,829,241920396245400,2095800,2122866300,2130506600
61,845,241920431574200,2230300,2158195100,2165835400
61,861,241920466128200,2094300,2192749100,2200389400
61,877,241920500473400,2113500,2227094300,2234734600
61,893,241920534856700,2099200,2261477600,2269117900
61,909,241920569005200,2137800,2295626100,2303266400
61,925,241920624166200,2080900,2350787100,2358427400
61,941,241920659038800,2142700,2385659700,2393300000
61,957,241920693363000,2122300,2419983900,2427624200
61,973,241920728677200,2231900,2455298100,2462938400
61,989,241920764183700,2219600,2490804600,2498444900
61,1005,241920800797000,2190400,2527417900,2535058200
61,1021,241920835051400,2112100,2561672300,2569312600
61,1037,241920869656400,2115300,2596277300,2603917600
61,1053,241920904414700,2348500,2631035600,2638675900
61,1069,241920946312700,2231700,2672933600,2680573900
61,1085,241920981256700,2125200,2707877600,2715517900
61,1101,241921015952800,2200000,2742573700,2750214000
61,1117,241921051510100,2218800,2778131000,2785771300
61,1133,241921086785000,2103100,2813405900,2821046200
61,1149,241921122546900,2232800,2849167800,2856808100
61,1165,241921158244600,2151000,2884865500,2892505800
61,1181,241921193091900,2143600,2919712800,2927353100
61,1197,241921234381700,2230200,2961002600,2968642900
61,1213,241921269911900,2364900,2996532800,3004173100
61,1229,241921311750300,3008400,3038371200,3046011500
61,1245,241921358378000,5821900,3084998900,3092639200
61,1261,241921408427600,3094600,3135048500,3142688800
61,1277,241921457092500,2823700,3183713400,3191353700
61,1293,241921503250400,2934800,3229871300,3237511600
61,1309,241921550113800,3055800,3276734700,3284375000
61,1325,241921603429300,3185800,3330050200,3337690500
61,1341,241921658324900,3284900,3384945800,3392586100
61,1357,241921710579300,3429800,3437200200,3444840500
61,1373,241921758267100,3294000,3484888000,3492528300
61,1389,241921807423900,2770300,3534044800,3541685100
61,1405,241921853121500,2944200,3579742400,3587382700
61,1421,241921900160900,2904700,3626781800,3634422100
61,1437,241921946312100,2944200,3672933000,3680573300
61,1453,241921992599400,2728500,3719220300,3726860600
61,1469,241922049576400,2854500,3776197300,3783837600
61,1485,241922095055700,2814900,3821676600,3829316900
61,1501,241922140236400,2802700,3866857300,3874497600
61,1517,241922183934400,2566700,3910555300,3918195600
61,1533,241922228147700,3000000,3954768600,3962408900
61,1549,241922276548800,2943300,4003169700,4010810000
61,1565,241922321463900,2799600,4048084800,4055725100
61,1581,241922366942200,2826800,4093563100,4101203400
61,1597,241922419253700,2992700,4145874600,4153514900
61,1613,241922467403100,2928200,4194024000,4201664300
61,1629,241922514031800,2984100,4240652700,4248293000
61,1645,241922559814800,2746400,4286435700,4294076000
61,1661,241922606227600,4518600,4332848500,4340488800
61,1677,241922652120800,2869100,4378741700,4386382000
61,1693,241922697669700,2959000,4424290600,4431930900
61,1709,241922743645400,2689000,4470266300,4477906600
61,1725,241922792193600,2717300,4518814500,4526454800
61,1741,241922839875500,2886700,4566496400,4574136700
61,1757,241922884921400,2536100,4611542300,4619182600
61,1773,241922927358500,3297600,4653979400,4661619700
61,1789,241922972194600,2709000,4698815500,4706455800
61,1805,241923016619600,2721800,4743240500,4750880800
61,1821,241923060984400,3160500,4787605300,4795245600
61,1837,241923108116200,2756100,4834737100,4842377400
61,1853,241923152397500,2713200,4879018400,4886658700
61,1869,241923202814300,2834800,4929435200,4937075500
61,1885,241923249786300,2962000,4976407200,4984047500
61,1901,241923297725600,2851900,5024346500,5031986800
61,1917,241923343112000,3022300,5069732900,5077373200
61,1933,241923390856800,2947800,5117477700,5125118000
61,1949,241923440471200,2616200,5167092100,5174732400
61,1965,241923484530600,2680500,5211151500,5218791800
61,1981,241923526158900,2614500,5252779800,5260420100
61,1997,241923574466500,2645900,5301087400,5308727700
61,2013,241923619729800,2975200,5346350700,5353991000
61,2029,241923663580400,2548000,5390201300,5397841600
61,2045,241923706988500,3997100,5433609400,5441249700
62,14,241918456298500,2625800,182919400,190559700
62,30,241918494436700,2367300,221057600,228697900
62,46,241918530536200,2163400,257157100,264797400
62,62,241918568658900,2388800,295279800,302920100
62,78,241918604657900,2392300,331278800,338919100
62,94,241918642168600,2242100,368789500,376429800
62,110,241918678724100,2325400,405345000,412985300
62,126,241918735296400,2442700,461917300,469557600
62,142,241918769653100,2115700,496274000,503914300
62,158,241918804559100,2114000,531180000,538820300
62,174,241918839222600,2180200,565843500,573483800
62,190,241918875429300,2180400,602050200,609690500
62,206,241918910567300,2302000,637188200,644828500
62,222,241918945993900,2117500,672614800,680255100
62,238,241918982431900,2172400,709052800,716693100
62,254,241919019576100,2072700,746197000,753837300
62,270,241919072843500,2158300,799464400,807104700
62,286,241919107623400,2115600,834244300,841884600
62,302,241919141615000,2151800,868235900,875876200
62,318,241919176126000,2124600,902746900,910387200
62,334,241919212724300,2269700,939345200,946985500
62,350,241919248526000,2207100,975146900,982787200
62,366,241919284662600,2138000,1011283500,1018923800
62,382,241919320598700,2194100,1047219600,1054859900
62,398,241919375299500,2081600,1101920400,1109560700
62,414,241919410379100,2401400,1137000000,1144640300
62,430,241919445937100,2172200,1172558000,1180198300
62,446,241919481177800,2204100,1207798700,1215439000
62,462,241919516702400,2176900,1243323300,1250963600
62,478,241919551237700,2150800,1277858600,1285498900
62,494,241919591272600,2307500,1317893500,1325533800
62,510,241919626676500,2186600,1353297400,1360937700
62,526,241919681247400,2179000,1407868300,1415508600
62,542,241919716499100,2277200,1443120000,1450760300
62,558,241919752399500,2487500,1479020400,1486660700
62,574,241919787855900,2118300,1514476800,1522117100
62,590,241919821699500,2119000,1548320400,1555960700
62,606,241919858453900,2436700,1585074800,1592715100
62,622,241919894248000,2187500,1620868900,1628509200
62,638,241919930362200,2305500,1656983100,1664623400
62,654,241919965805000,2376500,1692425900,1700066200
62,670,241920020533500,2231300,1747154400,1754794700
62,686,241920057712800,2239000,1784333700,1791974000
62,702,241920093907200,2172200,1820528100,1828168400
62,718,241920129396400,2212000,1856017300,1863657600
62,734,241920164734300,2215200,1891355200,1898995500
62,750,241920200498800,2300800,1927119700,1934760000
62,766,241920235699600,2175100,1962320500,1969960800
62,782,241920271751800,2289700,1998372700,2006013000
62,798,241920327892200,2294600,2054513100,2062153400
62,814,241920363327800,2145900,2089948700,2097589000
62,830,241920399127600,2122600,2125748500,2133388800
62,846,241920434671300,2218800,2161292200,2168932500
62,862,241920469200600,2118200,2195821500,2203461800
62,878,241920503423400,2078700,2230044300,2237684600
62,894,241920537766800,2155600,2264387700,2272028000
62,910,241920572075400,2142300,2298696300,2306336600
62,926,241920627072300,2133100,2353693200,2361333500
62,942,241920662120200,2159300,2388741100,2396381400
62,958,241920696498800,2248200,2423119700,2430760000
62,974,241920731631600,2174400,2458252500,2465892800
62,990,241920767168200,2450200,2493789100,2501429400
62,1006,241920803501400,2201300,2530122300,2537762600
62,1022,241920837673700,2181600,2564294600,2571934900
62,1038,241920872279000,2277600,2598899900,2606540200
62,1054,241920907256700,2258800,2633877600,2641517900
62,1070,241920948977800,2242400,2675598700,2683239000
62,1086,241920983798900,2184600,2710419800,2718060100
62,1102,241921018692800,2160800,2745313700,2752954000
62,1118,241921054429800,2161400,2781050700,2788691000
62,1134,241921089572700,2119700,2816193600,2823833900
62,1150,241921125051100,2291500,2851672000,2859312300
62,1166,241921160659500,2166600,2887280400,2894920700
62,1182,241921196089300,2285100,2922710200,2930350500
62,1198,241921237478800,2135900,2964099700,2971740000
62,1214,241921273232700,2271500,2999853600,3007493900
62,1230,241921316057400,2946700,3042678300,3050318600
62,1246,241921365545800,2993500,3092166700,3099807000
62,1262,241921412915200,2815800,3139536100,3147176400
62,1278,241921461243400,2816300,3187864300,3195504600
62,1294,241921507611400,2940200,3234232300,3241872600
62,1310,241921554621900,2917300,3281242800,3288883100
62,1326,241921611461700,3311000,3338082600,3345722900
62,1342,241921663477800,3173500,3390098700,3397739000
62,1358,241921716003400,3239900,3442624300,3450264600
62,1374,241921763550800,3258500,3490171700,3497812000
62,1390,241921811722500,2666700,3538343400,3545983700
62,1406,241921857792800,2945700,3584413700,3592054000
62,1422,241921904803100,2857900,3631424000,3639064300
62,1438,241921950860600,2686000,3677481500,3685121800
62,1454,241921997142600,3231200,3723763500,3731403800
62,1470,241922053994000,2883200,3780614900,3788255200
62,1486,241922099428900,2862800,3826049800,3833690100
62,1502,241922144608200,2899900,3871229100,3878869400
62,1518,241922187866500,2653100,3914487400,3922127700
62,1534,241922232732000,3012700,3959352900,3966993200
62,1550,241922280948200,2747600,4007569100,4015209400
62,1566,241922325835700,2898500,4052456600,4060096900
62,1582,241922371294400,2761300,4097915300,4105555600
62,1598,241922423763900,3032100,4150384800,4158025100
62,1614,241922471831800,2990700,4198452700,4206093000
62,1630,241922518460300,3026200,4245081200,4252721500
62,1646,241922563936100,2758700,4290557000,4298197300
62,1662,241922612488800,2981000,4339109700,4346750000
62,1678,241922656398200,2816600,4383019100,4390659400
62,1694,241922702258700,2760100,4428879600,4436519900
62,1710,241922747829400,2670700,4474450300,4482090600
62,1726,241922796502900,2961300,4523123800,4530764100
62,1742,241922844504300,3134600,4571125200,4578765500
62,1758,241922888804900,2608300,4615425800,4623066100
62,1774,241922932086500,3014700,4658707400,4666347700
62,1790,241922976288900,2714100,4702909800,4710550100
62,1806,241923020825500,2769800,4747446400,4755086700
62,1822,241923065763400,3027100,4792384300,4800024600
62,1838,241923112297300,2816700,4838918200,4846558500
62,1854,241923156715000,2742600,4883335900,4890976200
62,1870,241923207261700,2528800,4933882600,4941522900
62,1886,241923254406400,3083600,4981027300,4988667600
62,1902,241923302149900,2733700,5028770800,5036411100
62,1918,241923347776800,2924800,5074397700,5082038000
62,1934,241923395578700,3065900,5122199600,5129839900
62,1950,241923444608700,3280600,5171229600,5178869900
62,1966,241923488720200,2597400,5215341100,5222981400
62,1982,241923530273900,2614800,5256894800,5264535100
62,1998,241923578663900,2704700,5305284800,5312925100
62,2014,241923624416200,3035600,5351037100,5358677400
62,2030,241923667660900,2580400,5394281800,5401922100
62,2046,241923713520600,1400900,5440141500,5447781800
63,15,241918458978400,2432400,185599300,193239600
63,31,241918496724000,2256300,223344900,230985200
63,47,241918532568200,2192000,259189100,266829400
63,63,241918570581900,2523100,297202800,304843100
63,79,241918606531000,2274600,333151900,340792200
63,95,241918643912800,2259600,370533700,378174000
63,111,241918680596700,2139500,407217600,414857900
63,127,241918737213700,2151100,463834600,471474900
63,143,241918771272400,2109700,497893300,505533600
63,159,241918806207300,2093200,532828200,540468500
63,175,241918840854200,2175000,567475100,575115400
63,191,241918877012000,2164100,603632900,611273200
63,207,241918912501600,2219100,639122500,646762800
63,223,241918947690600,2138500,674311500,681951800
63,239,241918982879700,2159900,709500600,717140900
63,255,241919019985100,2101900,746606000,754246300
63,271,241919073152600,2343300,799773500,807413800
63,287,241919108044600,2134200,834665500,842305800
63,303,241919142039500,2171200,868660400,876300700
63,319,241919176430800,2104600,903051700,910692000
63,335,241919212948700,2274900,939569600,947209900
63,351,241919248745700,2211100,975366600,983006900
63,367,241919284880200,2141900,1011501100,1019141400
63,383,241919321037900,2202000,1047658800,1055299100
63,399,241919375780600,2087300,1102401500,1110041800
63,415,241919411096200,2218700,1137717100,1145357400
63,431,241919446430400,2217900,1173051300,1180691600
63,447,241919481730400,2264500,1208351300,1215991600
63,463,241919517247000,2185900,1243867900,1251508200
63,479,241919551784500,2202800,1278405400,1286045700
63,495,241919591993500,2083600,1318614400,1326254700
63,511,241919627412400,2220800,1354033300,1361673600
63,527,241919681967900,2134400,1408588800,1416229100
63,543,241919717306100,2240900,1443927000,1451567300
63,559,241919753332800,2404200,1479953700,1487594000
63,575,241919788721000,2099600,1515341900,1522982200
63,591,241919822541700,2128600,1549162600,1556802900
63,607,241919858644200,2456100,1585265100,1592905400
63,623,241919894451900,2198300,1621072800,1628713100
63,639,241919930484800,2311500,1657105700,1664746000
63,655,241919965871300,2344700,1692492200,1700132500
63,671,241920020563200,2234200,1747184100,1754824400
63,687,241920057507100,2231700,1784128000,1791768300
63,703,241920093675100,2158400,1820296000,1827936300
63,719,241920129067800,2229000,1855688700,1863329000
63,735,241920164424900,2215700,1891045800,1898686100
63,751,241920200051600,2377800,1926672500,1934312800
63,767,241920235342100,2167300,1961963000,1969603300
63,783,241920270963200,2265700,1997584100,2005224400
63,799,241920326502400,2289700,2053123300,2060763600
63,815,241920362015600,2130700,2088636500,2096276800
63,831,241920397831900,2155700,2124452800,2132093100
63,847,241920433255900,2231800,2159876800,2167517100
63,863,241920467772000,2206800,2194392900,2202033200
63,879,241920502103600,2121100,2228724500,2236364800
63,895,241920536470700,2118500,2263091600,2270731900
63,911,241920570612200,2182500,2297233100,2304873400
63,927,241920625684400,2167900,2352305300,2359945600
63,943,241920660685300,2183100,2387306200,2394946500
63,959,241920695014500,3190600,2421635400,2429275700
63,975,241920731107400,2176100,2457728300,2465368600
63,991,241920766459400,2325700,2493080300,2500720600
63,1007,241920802726100,2198900,2529347000,2536987300
63,1023,241920836905400,2179700,2563526300,2571166600
63,1039,241920871546000,2243700,2598166900,2605807200
63,1055,241920906544700,2338000,2633165600,2640805900
63,1071,241920948235100,2267500,2674856000,2682496300
63,1087,241920983138500,2170400,2709759400,2717399700
63,1103,241921017897500,2184800,2744518400,2752158700
63,1119,241921053793800,2196200,2780414700,2788055000
63,1135,241921088953200,2127500,2815574100,2823214400
63,1151,241921124243900,2340600,2850864800,2858505100
63,1167,241921159875800,2153600,2886496700,2894137000
63,1183,241921194743700,2249900,2921364600,2929004900
63,1199,241921236098500,2144400,2962719400,2970359700
63,1215,241921271882800,2267800,2998503700,3006144000
63,1231,241921314233500,2950400,3040854400,3048494700
63,1247,241921363798200,2943100,3090419100,3098059400
63,1263,241921411085800,3010700,3137706700,3145347000
63,1279,241921459558700,2789300,3186179600,3193819900
63,1295,241921505764700,2983700,3232385600,3240025900
63,1311,241921552653900,3009500,3279274800,3286915100
63,1327,241921606126000,6085700,3332746900,3340387200
63,1343,241921661027100,3232100,3387648000,3395288300
63,1359,241921713381600,3270100,3440002500,3447642800
63,1375,241921761007000,3221700,3487627900,3495268200
63,1391,241921809627000,2735700,3536247900,3543888200
63,1407,241921855538300,2954400,3582159200,3589799500
63,1423,241921902537300,2958900,3629158200,3636798500
63,1439,241921948690400,2949200,3675311300,3682951600
63,1455,241921994854200,3144700,3721475100,3729115400
63,1471,241922051886900,2843800,3778507800,3786148100
63,1487,241922097339800,2790000,3823960700,3831601000
63,1503,241922142508800,2811400,3869129700,3876770000
63,1519,241922185971000,2562200,3912591900,3920232200
63,1535,241922230561900,2974700,3957182800,3964823100
63,1551,241922278776400,2963800,4005397300,4013037600
63,1567,241922323638900,2998800,4050259800,4057900100
63,1583,241922369138800,2915400,4095759700,4103400000
63,1599,241922421601400,3019600,4148222300,4155862600
63,1615,241922469762700,2963800,4196383600,4204023900
63,1631,241922516341500,2967400,4242962400,4250602700
63,1647,241922562008600,2695700,4288629500,4296269800
63,1663,241922609327900,3984700,4335948800,4343589100
63,1679,241922654341100,2747200,4380962000,4388602300
63,1695,241922699937700,2947700,4426558600,4434198900
63,1711,241922745743900,2670000,4472364800,4480005100
63,1727,241922794295600,2919200,4520916500,4528556800
63,1743,241922842066700,3277400,4568687600,4576327900
63,1759,241922886934200,2578400,4613555100,4621195400
63,1775,241922930053400,2901800,4656674300,4664314600
63,1791,241922974340800,2703400,4700961700,4708602000
63,1807,241923018779200,2908200,4745400100,4753040400
63,1823,241923063594000,3117600,4790214900,4797855200
63,1839,241923110394500,2750700,4837015400,4844655700
63,1855,241923154738300,2827000,4881359200,4888999500
63,1871,241923205008300,2597000,4931629200,4939269500
63,1887,241923251843900,3067100,4978464800,4986105100
63,1903,241923299773600,2846700,5026394500,5034034800
63,1919,241923345241700,3044000,5071862600,5079502900
63,1935,241923392933300,3085100,5119554200,5127194500
63,1951,241923442303300,2666600,5168924200,5176564500
63,1967,241923486367300,2669400,5212988200,5220628500
63,1983,241923527977600,2633500,5254598500,5262238800
63,1999,241923576312900,2673400,5302933800,5310574100
63,2015,241923621792000,2981800,5348412900,5356053200
63,2031,241923665358700,2619200,5391979600,5399619900
63,2047,241923709896400,3951500,5436517300,5444157600
