client,iteration,guest_start_ns,duration_ns,start_elapsed_lower_ns,start_elapsed_upper_ns
0,0,241912621900100,14195000,124016200,131850200
0,16,241912675039200,2308900,177155300,184989300
0,32,241912711820700,2368600,213936800,221770800
0,48,241912751128600,2217500,253244700,261078700
0,64,241912786518700,2350700,288634800,296468800
0,80,241912823181500,2234000,325297600,333131600
0,96,241912859283100,2232600,361399200,369233200
0,112,241912898638500,2348200,400754600,408588600
0,128,241912964655600,2939900,466771700,474605700
0,144,241913010147200,2152300,512263300,520097300
0,160,241913047963600,2123000,550079700,557913700
0,176,241913085586200,3534700,587702300,595536300
0,192,241913127396300,2294200,629512400,637346400
0,208,241913162875600,2458100,664991700,672825700
0,224,241913199478200,2337300,701594300,709428300
0,240,241913235397800,2141200,737513900,745347900
0,256,241913270045700,2100400,772161800,779995800
0,272,241913323536000,2155500,825652100,833486100
0,288,241913358769600,2197400,860885700,868719700
0,304,241913396077800,2213000,898193900,906027900
0,320,241913434276200,2236200,936392300,944226300
0,336,241913469351900,2118800,971468000,979302000
0,352,241913504553800,2217800,1006669900,1014503900
0,368,241913541007500,2163000,1043123600,1050957600
0,384,241913576783100,2167400,1078899200,1086733200
0,400,241913629985800,2098400,1132101900,1139935900
0,416,241913665179000,2348000,1167295100,1175129100
0,432,241913701066600,2148500,1203182700,1211016700
0,448,241913737227500,2324600,1239343600,1247177600
0,464,241913772236600,2121500,1274352700,1282186700
0,480,241913807799300,2373800,1309915400,1317749400
0,496,241913843958000,2289500,1346074100,1353908100
0,512,241913879705900,2362400,1381822000,1389656000
0,528,241913935404100,2114000,1437520200,1445354200
0,544,241913970077600,2053700,1472193700,1480027700
0,560,241914004141800,2381100,1506257900,1514091900
0,576,241914039709900,2164000,1541826000,1549660000
0,592,241914075750500,2210800,1577866600,1585700600
0,608,241914109752400,2108200,1611868500,1619702500
0,624,241914143824000,2158200,1645940100,1653774100
0,640,241914177863600,2136900,1679979700,1687813700
0,656,241914211993700,2109500,1714109800,1721943800
0,672,241914264914800,4850200,1767030900,1774864900
0,688,241914306618300,2240000,1808734400,1816568400
0,704,241914342749600,2081100,1844865700,1852699700
0,720,241914376469000,2121900,1878585100,1886419100
0,736,241914410350800,2121400,1912466900,1920300900
0,752,241914446878100,2431600,1948994200,1956828200
0,768,241914483583900,2177900,1985700000,1993534000
0,784,241914518181000,2143400,2020297100,2028131100
0,800,241914574240900,2226700,2076357000,2084191000
0,816,241914610239700,2200100,2112355800,2120189800
0,832,241914646069400,2152300,2148185500,2156019500
0,848,241914682530500,2163600,2184646600,2192480600
0,864,241914719271600,2227100,2221387700,2229221700
0,880,241914755209900,2161700,2257326000,2265160000
0,896,241914789632500,2159800,2291748600,2299582600
0,912,241914823915600,2136100,2326031700,2333865700
0,928,241914881378600,2491500,2383494700,2391328700
0,944,241914916181000,2313200,2418297100,2426131100
0,960,241914952286900,2185100,2454403000,2462237000
0,976,241914987056700,2129500,2489172800,2497006800
0,992,241915021882200,2164300,2523998300,2531832300
0,1008,241915057504900,2319900,2559621000,2567455000
0,1024,241915092523600,2156300,2594639700,2602473700
0,1040,241915127946400,2379800,2630062500,2637896500
0,1056,241915163201300,2229600,2665317400,2673151400
0,1072,241915204448300,2179700,2706564400,2714398400
0,1088,241915238836000,2110400,2740952100,2748786100
0,1104,241915273368000,2123300,2775484100,2783318100
0,1120,241915307709100,2134600,2809825200,2817659200
0,1136,241915342857600,2392900,2844973700,2852807700
0,1152,241915378828200,2115400,2880944300,2888778300
0,1168,241915413922400,2138200,2916038500,2923872500
0,1184,241915448515800,2130800,2950631900,2958465900
0,1200,241915489936700,2133800,2992052800,2999886800
0,1216,241915534272900,2762800,3036389000,3044223000
0,1232,241915580910300,2797500,3083026400,3090860400
0,1248,241915624991500,2578800,3127107600,3134941600
0,1264,241915667762300,2797300,3169878400,3177712400
0,1280,241915711487300,2698100,3213603400,3221437400
0,1296,241915753545100,2790500,3255661200,3263495200
0,1312,241915796000400,2555000,3298116500,3305950500
0,1328,241915844860000,2804700,3346976100,3354810100
0,1344,241915892969400,2319000,3395085500,3402919500
0,1360,241915939601200,2645800,3441717300,3449551300
0,1376,241915986724700,2587500,3488840800,3496674800
0,1392,241916029359600,2592800,3531475700,3539309700
0,1408,241916075728000,2786800,3577844100,3585678100
0,1424,241916120466200,2669200,3622582300,3630416300
0,1440,241916165486600,2852200,3667602700,3675436700
0,1456,241916214889700,2616500,3717005800,3724839800
0,1472,241916264866900,2705100,3766983000,3774817000
0,1488,241916312949600,3034500,3815065700,3822899700
0,1504,241916360066200,2812900,3862182300,3870016300
0,1520,241916409497600,2865200,3911613700,3919447700
0,1536,241916460078500,3303800,3962194600,3970028600
0,1552,241916512495700,3177400,4014611800,4022445800
0,1568,241916565812900,3204000,4067929000,4075763000
0,1584,241916615324200,2779400,4117440300,4125274300
0,1600,241916674946100,3216900,4177062200,4184896200
0,1616,241916724347800,2939500,4226463900,4234297900
0,1632,241916777257500,3507400,4279373600,4287207600
0,1648,241916830209400,3117200,4332325500,4340159500
0,1664,241916881700800,3031500,4383816900,4391650900
0,1680,241916935284600,3117200,4437400700,4445234700
0,1696,241916994757000,2569200,4496873100,4504707100
0,1712,241917050682800,3030200,4552798900,4560632900
0,1728,241917110466200,3892200,4612582300,4620416300
0,1744,241917169299300,3417200,4671415400,4679249400
0,1760,241917221958900,3076200,4724075000,4731909000
0,1776,241917270284900,3022400,4772401000,4780235000
0,1792,241917319471800,3675900,4821587900,4829421900
0,1808,241917371232600,2946400,4873348700,4881182700
0,1824,241917421902200,3283800,4924018300,4931852300
0,1840,241917474490800,3242500,4976606900,4984440900
0,1856,241917526858400,3328400,5028974500,5036808500
0,1872,241917583809800,3263200,5085925900,5093759900
0,1888,241917632428600,3202900,5134544700,5142378700
0,1904,241917685131300,3141000,5187247400,5195081400
0,1920,241917737290000,3281100,5239406100,5247240100
0,1936,241917787958300,3532500,5290074400,5297908400
0,1952,241917838933100,3352700,5341049200,5348883200
0,1968,241917889303200,2805500,5391419300,5399253300
0,1984,241917937751700,2761700,5439867800,5447701800
0,2000,241917993843200,2978300,5495959300,5503793300
0,2016,241918041602800,3248900,5543718900,5551552900
0,2032,241918092798900,3013800,5594915000,5602749000
1,1,241912636300200,2762800,138416300,146250300
1,17,241912677423700,2292100,179539800,187373800
1,33,241912714315800,2157500,216431900,224265900
1,49,241912753495500,2165100,255611600,263445600
1,65,241912788987800,2247900,291103900,298937900
1,81,241912825479600,2167200,327595700,335429700
1,97,241912861605200,2666600,363721300,371555300
1,113,241912901234400,2293800,403350500,411184500
1,129,241912967814200,2813500,469930300,477764300
1,145,241913017296800,2333500,519412900,527246900
1,161,241913054019100,2121300,556135200,563969200
1,177,241913094723200,3384700,596839300,604673300
1,193,241913133255400,2161700,635371500,643205500
1,209,241913169300500,2128300,671416600,679250600
1,225,241913205757600,2393900,707873700,715707700
1,241,241913241006300,2243600,743122400,750956400
1,257,241913294404900,2170600,796521000,804355000
1,273,241913329380300,2286800,831496400,839330400
1,289,241913365312400,2411200,867428500,875262500
1,305,241913402081300,2166100,904197400,912031400
1,321,241913440663000,2303800,942779100,950613100
1,337,241913475840700,2334400,977956800,985790800
1,353,241913510760000,2536900,1012876100,1020710100
1,369,241913547065400,2248400,1049181500,1057015500
1,385,241913582699700,2139800,1084815800,1092649800
1,401,241913635889400,2173100,1138005500,1145839500
1,417,241913671464900,2153300,1173581000,1181415000
1,433,241913707467200,2310600,1209583300,1217417300
1,449,241913743542000,2223900,1245658100,1253492100
1,465,241913778157900,2142800,1280274000,1288108000
1,481,241913814135900,2138400,1316252000,1324086000
1,497,241913851071800,2155700,1353187900,1361021900
1,513,241913886661300,2218500,1388777400,1396611400
1,529,241913941708200,2198700,1443824300,1451658300
1,545,241913976381400,2055900,1478497500,1486331500
1,561,241914011392900,2295600,1513509000,1521343000
1,577,241914046485500,2179300,1548601600,1556435600
1,593,241914082637800,2093700,1584753900,1592587900
1,609,241914116376100,2128700,1618492200,1626326200
1,625,241914150504900,2123100,1652621000,1660455000
1,641,241914184517300,2109400,1686633400,1694467400
1,657,241914237287400,2315700,1739403500,1747237500
1,673,241914277789400,2206500,1779905500,1787739500
1,689,241914313430300,2220100,1815546400,1823380400
1,705,241914349133400,2121100,1851249500,1859083500
1,721,241914382911600,2115700,1885027700,1892861700
1,737,241914416788500,2195400,1918904600,1926738600
1,753,241914453563800,2411900,1955679900,1963513900
1,769,241914489516200,2134300,1991632300,1999466300
1,785,241914524109000,2378200,2026225100,2034059100
1,801,241914580456700,2150300,2082572800,2090406800
1,817,241914616294600,2286200,2118410700,2126244700
1,833,241914653112100,2298200,2155228200,2163062200
1,849,241914688825900,2448000,2190942000,2198776000
1,865,241914725771800,2264200,2227887900,2235721900
1,881,241914761593300,2099500,2263709400,2271543400
1,897,241914796007900,2135700,2298124000,2305958000
1,913,241914830166000,2140800,2332282100,2340116100
1,929,241914888292200,2184700,2390408300,2398242300
1,945,241914923335600,2173600,2425451700,2433285700
1,961,241914958912300,2142700,2461028400,2468862400
1,977,241914993455700,2109500,2495571800,2503405800
1,993,241915028569900,2134400,2530686000,2538520000
1,1009,241915064472500,2240400,2566588600,2574422600
1,1025,241915099091900,2153500,2601208000,2609042000
1,1041,241915134509600,2209000,2636625700,2644459700
1,1057,241915175702400,2273700,2677818500,2685652500
1,1073,241915210801200,2169300,2712917300,2720751300
1,1089,241915244952500,2129000,2747068600,2754902600
1,1105,241915279668200,2262400,2781784300,2789618300
1,1121,241915313879900,2123100,2815996000,2823830000
1,1137,241915349650100,2181800,2851766200,2859600200
1,1153,241915385131800,2269300,2887247900,2895081900
1,1169,241915420274300,2128800,2922390400,2930224400
1,1185,241915454681700,2212900,2956797800,2964631800
1,1201,241915496507700,2283100,2998623800,3006457800
1,1217,241915543008600,2948900,3045124700,3052958700
1,1233,241915589353500,2724600,3091469600,3099303600
1,1249,241915632823800,2572300,3134939900,3142773900
1,1265,241915675660000,4058400,3177776100,3185610100
1,1281,241915719584700,2665700,3221700800,3229534800
1,1297,241915761532100,2600900,3263648200,3271482200
1,1313,241915803919200,2689200,3306035300,3313869300
1,1329,241915853295000,2801800,3355411100,3363245100
1,1345,241915902351000,2617900,3404467100,3412301100
1,1361,241915947582100,2628200,3449698200,3457532200
1,1377,241915994422100,2516500,3496538200,3504372200
1,1393,241916037158000,2877600,3539274100,3547108100
1,1409,241916084029100,2708500,3586145200,3593979200
1,1425,241916128612000,2748800,3630728100,3638562100
1,1441,241916174094600,2955900,3676210700,3684044700
1,1457,241916223245600,8660900,3725361700,3733195700
1,1473,241916273314600,2804600,3775430700,3783264700
1,1489,241916322188200,2871800,3824304300,3832138300
1,1505,241916368775100,4593700,3870891200,3878725200
1,1521,241916418418000,5521400,3920534100,3928368100
1,1537,241916470261700,2815600,3972377800,3980211800
1,1553,241916522628200,3311100,4024744300,4032578300
1,1569,241916575752100,3126300,4077868200,4085702200
1,1585,241916623874400,3699600,4125990500,4133824500
1,1601,241916684658300,2958000,4186774400,4194608400
1,1617,241916733202400,3125400,4235318500,4243152500
1,1633,241916787511200,3838900,4289627300,4297461300
1,1649,241916839981900,3173500,4342098000,4349932000
1,1665,241916891638500,3457000,4393754600,4401588600
1,1681,241916945386600,3227000,4447502700,4455336700
1,1697,241917003352300,4749200,4505468400,4513302400
1,1713,241917060207000,3370400,4562323100,4570157100
1,1729,241917122749900,3327000,4624866000,4632700000
1,1745,241917178973100,3284900,4681089200,4688923200
1,1761,241917230513800,3006900,4732629900,4740463900
1,1777,241917279461000,2780500,4781577100,4789411100
1,1793,241917329760200,3159900,4831876300,4839710300
1,1809,241917380404400,3362500,4882520500,4890354500
1,1825,241917430920800,3190600,4933036900,4940870900
1,1841,241917484051900,3252200,4986168000,4994002000
1,1857,241917536411000,8702800,5038527100,5046361100
1,1873,241917592232100,2611000,5094348200,5102182200
1,1889,241917641481400,3619200,5143597500,5151431500
1,1905,241917693892000,2745000,5196008100,5203842100
1,1921,241917745768500,2701800,5247884600,5255718600
1,1937,241917797218400,2817500,5299334500,5307168500
1,1953,241917849348200,3535600,5351464300,5359298300
1,1969,241917898012500,3553700,5400128600,5407962600
1,1985,241917946654100,3238000,5448770200,5456604200
1,2001,241918002083100,2971400,5504199200,5512033200
1,2017,241918051019100,3175900,5553135200,5560969200
1,2033,241918102081500,2935500,5604197600,5612031600
2,2,241912638994400,2956100,141110500,148944500
2,18,241912679622800,2505600,181738900,189572900
2,34,241912716409100,2104400,218525200,226359200
2,50,241912755607800,2160400,257723900,265557900
2,66,241912791026300,2331000,293142400,300976400
2,82,241912827530600,2253100,329646700,337480700
2,98,241912864081500,2524100,366197600,374031600
2,114,241912903265700,2379600,405381800,413215800
2,130,241912970481000,3416500,472597100,480431100
2,146,241913017356200,2333500,519472300,527306300
2,162,241913054096200,2130500,556212300,564046300
2,178,241913095126200,3372200,597242300,605076300
2,194,241913133461400,2156000,635577500,643411500
2,210,241913169471500,2135400,671587600,679421600
2,226,241913205924800,2367500,708040900,715874900
2,242,241913241127200,2227100,743243300,751077300
2,258,241913294525500,2171400,796641600,804475600
2,274,241913329487700,2309800,831603800,839437800
2,290,241913365377900,2410800,867494000,875328000
2,306,241913402406400,2159500,904522500,912356500
2,322,241913442326300,2262900,944442400,952276400
2,338,241913477587100,2293600,979703200,987537200
2,354,241913512819500,2265700,1014935600,1022769600
2,370,241913548744800,2381900,1050860900,1058694900
2,386,241913584335600,2152200,1086451700,1094285700
2,402,241913637521100,2114000,1139637200,1147471200
2,418,241913673145600,2206200,1175261700,1183095700
2,434,241913708860500,2293500,1210976600,1218810600
2,450,241913744868300,2220500,1246984400,1254818400
2,466,241913779397700,2198400,1281513800,1289347800
2,482,241913815378900,2130600,1317495000,1325329000
2,498,241913851851800,2178700,1353967900,1361801900
2,514,241913887591700,2219400,1389707800,1397541800
2,530,241913942575900,2493400,1444692000,1452526000
2,546,241913977277900,2080900,1479394000,1487228000
2,562,241914012040800,2280400,1514156900,1521990900
2,578,241914047140000,2200900,1549256100,1557090100
2,594,241914083284900,2104300,1585401000,1593235000
2,610,241914116969600,2095000,1619085700,1626919700
2,626,241914151041400,2118100,1653157500,1660991500
2,642,241914185039900,2124500,1687156000,1694990000
2,658,241914237938600,2274700,1740054700,1747888700
2,674,241914277207900,2177500,1779324000,1787158000
2,690,241914312944000,2214100,1815060100,1822894100
2,706,241914348580900,2110700,1850697000,1858531000
2,722,241914382355400,2137000,1884471500,1892305500
2,738,241914416245900,2154700,1918362000,1926196000
2,754,241914453628800,2414900,1955744900,1963578900
2,770,241914489576400,2138900,1991692500,1999526500
2,786,241914524195000,2388900,2026311100,2034145100
2,802,241914580660000,2160600,2082776100,2090610100
2,818,241914616565500,2310200,2118681600,2126515600
2,834,241914653261300,2299900,2155377400,2163211400
2,850,241914688980600,1613100,2191096700,2198930700
2,866,241914725211000,2185300,2227327100,2235161100
2,882,241914761045800,2076900,2263161900,2270995900
2,898,241914795435800,2127400,2297551900,2305385900
2,914,241914829636700,2118800,2331752800,2339586800
2,930,241914887580600,2166000,2389696700,2397530700
2,946,241914922603400,2190700,2424719500,2432553500
2,962,241914958207700,2112900,2460323800,2468157800
2,978,241914992798100,2076000,2494914200,2502748200
2,994,241915027895500,2116200,2530011600,2537845600
2,1010,241915063571600,2217200,2565687700,2573521700
2,1026,241915098210400,2170200,2600326500,2608160500
2,1042,241915134389500,2185000,2636505600,2644339600
2,1058,241915175539400,2287600,2677655500,2685489500
2,1074,241915210505100,2175900,2712621200,2720455200
2,1090,241915244649900,2109000,2746766000,2754600000
2,1106,241915279190800,2291900,2781306900,2789140900
2,1122,241915313488900,2122500,2815605000,2823439000
2,1138,241915349209800,2178400,2851325900,2859159900
2,1154,241915384755500,2283500,2886871600,2894705600
2,1170,241915419912600,2150700,2922028700,2929862700
2,1186,241915454360200,2182600,2956476300,2964310300
2,1202,241915495830800,2257100,2997946900,3005780900
2,1218,241915542642500,2973100,3044758600,3052592600
2,1234,241915589012000,2734700,3091128100,3098962100
2,1250,241915632514800,2561500,3134630900,3142464900
2,1266,241915675319000,3463400,3177435100,3185269100
2,1282,241915719261100,2681200,3221377200,3229211200
2,1298,241915761149800,2579100,3263265900,3271099900
2,1314,241915803429000,2657400,3305545100,3313379100
2,1330,241915852843900,2835400,3354960000,3362794000
2,1346,241915901950500,2612300,3404066600,3411900600
2,1362,241915947243900,2611300,3449360000,3457194000
2,1378,241915994111600,2522900,3496227700,3504061700
2,1394,241916036833300,2839200,3538949400,3546783400
2,1410,241916083780500,2690000,3585896600,3593730600
2,1426,241916128364800,2734100,3630480900,3638314900
2,1442,241916173824900,2894600,3675941000,3683775000
2,1458,241916222837900,8617500,3724954000,3732788000
2,1474,241916272910700,2754300,3775026800,3782860800
2,1490,241916321730000,2903800,3823846100,3831680100
2,1506,241916368382200,4636300,3870498300,3878332300
2,1522,241916418058000,5246500,3920174100,3928008100
2,1538,241916469902100,2760300,3972018200,3979852200
2,1554,241916522379400,3216100,4024495500,4032329500
2,1570,241916575553400,3103000,4077669500,4085503500
2,1586,241916623764800,3655400,4125880900,4133714900
2,1602,241916684506300,2938900,4186622400,4194456400
2,1618,241916733076200,3128200,4235192300,4243026300
2,1634,241916787258600,3871300,4289374700,4297208700
2,1650,241916839793100,3196900,4341909200,4349743200
2,1666,241916891498300,3465300,4393614400,4401448400
2,1682,241916945257500,3216300,4447373600,4455207600
2,1698,241917003242000,4776700,4505358100,4513192100
2,1714,241917060015200,3412700,4562131300,4569965300
2,1730,241917122663300,3317600,4624779400,4632613400
2,1746,241917178749800,3188400,4680865900,4688699900
2,1762,241917230247200,2961200,4732363300,4740197300
2,1778,241917279162500,2835400,4781278600,4789112600
2,1794,241917329704900,3158300,4831821000,4839655000
2,1810,241917380302500,3323700,4882418600,4890252600
2,1826,241917430892100,3170800,4933008200,4940842200
2,1842,241917484319000,3081300,4986435100,4994269100
2,1858,241917536564200,8740100,5038680300,5046514300
2,1874,241917592420300,2618000,5094536400,5102370400
2,1890,241917641822500,3599900,5143938600,5151772600
2,1906,241917694226100,2727900,5196342200,5204176200
2,1922,241917746060100,2703600,5248176200,5256010200
2,1938,241917797476300,2823300,5299592400,5307426400
2,1954,241917848535500,3582500,5350651600,5358485600
2,1970,241917897313600,3376100,5399429700,5407263700
2,1986,241917945952300,3167700,5448068400,5455902400
2,2002,241918001370300,3030200,5503486400,5511320400
2,2018,241918050288100,3181800,5552404200,5560238200
2,2034,241918101380600,2903300,5603496700,5611330700
3,3,241912642054300,2471600,144170400,152004400
3,19,241912682248000,2296400,184364100,192198100
3,35,241912718605200,3427600,220721300,228555300
3,51,241912758054800,2131800,260170900,268004900
3,67,241912793743800,2385700,295859900,303693900
3,83,241912829994200,2191700,332110300,339944300
3,99,241912866736800,2383400,368852900,376686900
3,115,241912905749800,2324200,407865900,415699900
3,131,241912973795100,3944600,475911200,483745200
3,147,241913018123600,2290900,520239700,528073700
3,163,241913054825100,2126800,556941200,564775200
3,179,241913096266800,3359600,598382900,606216900
3,195,241913134247800,2140500,636363900,644197900
3,211,241913170097800,2206800,672213900,680047900
3,227,241913206621500,2325000,708737600,716571600
3,243,241913241693300,2271900,743809400,751643400
3,259,241913295162500,2193100,797278600,805112600
3,275,241913330145800,2330700,832261900,840095900
3,291,241913365935500,2383600,868051600,875885600
3,307,241913402632600,2172300,904748700,912582700
3,323,241913442293500,2261000,944409600,952243600
3,339,241913477701700,2300300,979817800,987651800
3,355,241913512882100,2370800,1014998200,1022832200
3,371,241913548884600,2366100,1051000700,1058834700
3,387,241913584426100,2154400,1086542200,1094376200
3,403,241913637615000,2108100,1139731100,1147565100
3,419,241913673172400,2212600,1175288500,1183122500
3,435,241913708917200,2384000,1211033300,1218867300
3,451,241913744897000,2226300,1247013100,1254847100
3,467,241913779461500,2192200,1281577600,1289411600
3,483,241913815409400,2135200,1317525500,1325359500
3,499,241913854271100,2325200,1356387200,1364221200
3,515,241913889901900,2162800,1392018000,1399852000
3,531,241913945462100,2340500,1447578200,1455412200
3,547,241913979701100,2101300,1481817200,1489651200
3,563,241914014699700,2218500,1516815800,1524649800
3,579,241914049790800,2142300,1551906900,1559740900
3,595,241914085816100,2135900,1587932200,1595766200
3,611,241914119452000,2111400,1621568100,1629402100
3,627,241914153586700,2107500,1655702800,1663536800
3,643,241914187611200,2124400,1689727300,1697561300
3,659,241914240634500,2157800,1742750600,1750584600
3,675,241914280249700,2371300,1782365800,1790199800
3,691,241914315925200,2246600,1818041300,1825875300
3,707,241914351490000,2082400,1853606100,1861440100
3,723,241914385273600,2052900,1887389700,1895223700
3,739,241914419332400,2369400,1921448500,1929282500
3,755,241914456673600,2306300,1958789700,1966623700
3,771,241914492286900,2169200,1994403000,2002237000
3,787,241914527199400,2271000,2029315500,2037149500
3,803,241914583468700,2270500,2085584800,2093418800
3,819,241914619509500,2231800,2121625600,2129459600
3,835,241914655963200,2302800,2158079300,2165913300
3,851,241914692113700,2438000,2194229800,2202063800
3,867,241914728801700,2190800,2230917800,2238751800
3,883,241914764431900,2139900,2266548000,2274382000
3,899,241914798819500,2173400,2300935600,2308769600
3,915,241914832954500,2120500,2335070600,2342904600
3,931,241914890916800,2132700,2393032900,2400866900
3,947,241914925950300,2270700,2428066400,2435900400
3,963,241914961472900,2125800,2463589000,2471423000
3,979,241914996051300,2207800,2498167400,2506001400
3,995,241915031195500,2126700,2533311600,2541145600
3,1011,241915067253600,2228800,2569369700,2577203700
3,1027,241915101779500,2127800,2603895600,2611729600
3,1043,241915138008000,2128100,2640124100,2647958100
3,1059,241915179351300,2372600,2681467400,2689301400
3,1075,241915214355100,2146800,2716471200,2724305200
3,1091,241915248388400,2159400,2750504500,2758338500
3,1107,241915283266400,2095600,2785382500,2793216500
3,1123,241915317359200,2124200,2819475300,2827309300
3,1139,241915353225400,2271000,2855341500,2863175500
3,1155,241915388775000,2252700,2890891100,2898725100
3,1171,241915423763900,2161200,2925880000,2933714000
3,1187,241915458464500,2283200,2960580600,2968414600
3,1203,241915499845900,2742900,3001962000,3009796000
3,1219,241915547787900,3189700,3049904000,3057738000
3,1235,241915593750800,2749300,3095866900,3103700900
3,1251,241915636951300,2596400,3139067400,3146901400
3,1267,241915681256400,2622500,3183372500,3191206500
3,1283,241915723787100,2686500,3225903200,3233737200
3,1299,241915765792000,2562600,3267908100,3275742100
3,1315,241915808212300,2613800,3310328400,3318162400
3,1331,241915857689100,2740000,3359805200,3367639200
3,1347,241915906561800,2681000,3408677900,3416511900
3,1363,241915951763300,2599500,3453879400,3461713400
3,1379,241915998455300,2617700,3500571400,3508405400
3,1395,241916041940200,3092100,3544056300,3551890300
3,1411,241916088304100,2833600,3590420200,3598254200
3,1427,241916132893700,2858200,3635009800,3642843800
3,1443,241916178675400,2980400,3680791500,3688625500
3,1459,241916233664400,2659800,3735780500,3743614500
3,1475,241916277876700,4479600,3779992800,3787826800
3,1491,241916326625700,2779400,3828741800,3836575800
3,1507,241916375334000,3066000,3877450100,3885284100
3,1523,241916425711200,2847900,3927827300,3935661300
3,1539,241916474968100,3136400,3977084200,3984918200
3,1555,241916527736300,2979800,4029852400,4037686400
3,1571,241916580701600,3107700,4082817700,4090651700
3,1587,241916629245900,3394000,4131362000,4139196000
3,1603,241916689123200,2879100,4191239300,4199073300
3,1619,241916737892500,2900300,4240008600,4247842600
3,1635,241916793137200,3555200,4295253300,4303087300
3,1651,241916844732000,3065000,4346848100,4354682100
3,1667,241916896873300,3418100,4398989400,4406823400
3,1683,241916951825300,3336300,4453941400,4461775400
3,1699,241917009992800,3480000,4512108900,4519942900
3,1715,241917065518500,3103700,4567634600,4575468600
3,1731,241917127936900,3421300,4630053000,4637887000
3,1747,241917184243300,3352800,4686359400,4694193400
3,1763,241917234857900,2899800,4736974000,4744808000
3,1779,241917283740400,3177700,4785856500,4793690500
3,1795,241917334534900,3070400,4836651000,4844485000
3,1811,241917385577300,3053200,4887693400,4895527400
3,1827,241917435771000,3725000,4937887100,4945721100
3,1843,241917488515400,3405800,4990631500,4998465500
3,1859,241917546972900,3059600,5049089000,5056923000
3,1875,241917596210900,2694300,5098327000,5106161000
3,1891,241917646852100,3188000,5148968200,5156802200
3,1907,241917698114300,3142000,5200230400,5208064400
3,1923,241917750073900,3226100,5252190000,5260024000
3,1939,241917801666000,3284100,5303782100,5311616100
3,1955,241917853967500,2724900,5356083600,5363917600
3,1971,241917903130000,2982700,5405246100,5413080100
3,1987,241917951349800,3212000,5453465900,5461299900
3,2003,241918006334400,2724000,5508450500,5516284500
3,2019,241918055760400,3413600,5557876500,5565710500
3,2035,241918106497900,3064800,5608614000,5616448000
4,4,241912644446300,2424700,146562400,154396400
4,20,241912684483300,2355900,186599400,194433400
4,36,241912721952600,3543200,224068700,231902700
4,52,241912759939700,2169500,262055800,269889800
4,68,241912795903400,2360000,298019500,305853500
4,84,241912832220100,2233100,334336200,342170200
4,100,241912869403900,2483900,371520000,379354000
4,116,241912908382200,2398800,410498300,418332300
4,132,241912978629700,3859200,480745800,488579800
4,148,241913022296500,2215700,524412600,532246600
4,164,241913058838100,2475900,560954200,568788200
4,180,241913101643100,2432600,603759200,611593200
4,196,241913138280700,2426400,640396800,648230800
4,212,241913174220800,2289600,676336900,684170900
4,228,241913210652200,2162700,712768300,720602300
4,244,241913245572400,2166700,747688500,755522500
4,260,241913298998200,2242600,801114300,808948300
4,276,241913334038800,2202800,836154900,843988900
4,292,241913370148400,2305700,872264500,880098500
4,308,241913406484500,2151900,908600600,916434600
4,324,241913445881700,2129900,947997800,955831800
4,340,241913481444000,2142000,983560100,991394100
4,356,241913516734200,2265600,1018850300,1026684300
4,372,241913553114300,2268300,1055230400,1063064400
4,388,241913588007700,2147100,1090123800,1097957800
4,404,241913641118100,2034400,1143234200,1151068200
4,420,241913676970600,2160400,1179086700,1186920700
4,436,241913712918700,2262700,1215034800,1222868800
4,452,241913748935300,2214800,1251051400,1258885400
4,468,241913783581700,2379500,1285697800,1293531800
4,484,241913819907100,2623000,1322023200,1329857200
4,500,241913858299300,2195400,1360415400,1368249400
4,516,241913893467200,2311800,1395583300,1403417300
4,532,241913949093100,2179200,1451209200,1459043200
4,548,241913983025400,2104600,1485141500,1492975500
4,564,241914018234500,2179100,1520350600,1528184600
4,580,241914053144200,2216600,1555260300,1563094300
4,596,241914089033600,2107600,1591149700,1598983700
4,612,241914122821000,2126200,1624937100,1632771100
4,628,241914156962700,2093000,1659078800,1666912800
4,644,241914190974400,2132200,1693090500,1700924500
4,660,241914244044800,2143700,1746160900,1753994900
4,676,241914284075600,2252100,1786191700,1794025700
4,692,241914319700900,2227400,1821817000,1829651000
4,708,241914354897800,2130500,1857013900,1864847900
4,724,241914388633200,2107300,1890749300,1898583300
4,740,241914422944400,2336700,1925060500,1932894500
4,756,241914460207400,2320100,1962323500,1970157500
4,772,241914495643700,2188300,1997759800,2005593800
4,788,241914530700700,2389000,2032816800,2040650800
4,804,241914586983000,2224500,2089099100,2096933100
4,820,241914622947000,2255000,2125063100,2132897100
4,836,241914659572700,2247600,2161688800,2169522800
4,852,241914696022500,2266500,2198138600,2205972600
4,868,241914732347100,2252600,2234463200,2242297200
4,884,241914767908300,2164700,2270024400,2277858400
4,900,241914802403300,2137500,2304519400,2312353400
4,916,241914836482700,2159400,2338598800,2346432800
4,932,241914894593700,2140500,2396709800,2404543800
4,948,241914929806100,2342800,2431922200,2439756200
4,964,241914965083400,2174000,2467199500,2475033500
4,980,241914999725500,2321900,2501841600,2509675600
4,996,241915034740600,2180100,2536856700,2544690700
4,1012,241915070933800,2139200,2573049900,2580883900
4,1028,241915105262200,2175000,2607378300,2615212300
4,1044,241915141098600,2187800,2643214700,2651048700
4,1060,241915182719800,2219700,2684835900,2692669900
4,1076,241915217387200,2194500,2719503300,2727337300
4,1092,241915251463700,2254800,2753579800,2761413800
4,1108,241915286287100,2154800,2788403200,2796237200
4,1124,241915320452200,2148000,2822568300,2830402300
4,1140,241915356549900,2334300,2858666000,2866500000
4,1156,241915392124100,2190900,2894240200,2902074200
4,1172,241915426985600,2166000,2929101700,2936935700
4,1188,241915462037600,2313800,2964153700,2971987700
4,1204,241915504050600,3096500,3006166700,3014000700
4,1220,241915552136800,2868700,3054252900,3062086900
4,1236,241915597710100,2732100,3099826200,3107660200
4,1252,241915640699300,2615900,3142815400,3150649400
4,1268,241915685052400,2570800,3187168500,3195002500
4,1284,241915727669400,2688200,3229785500,3237619500
4,1300,241915769542500,2618100,3271658600,3279492600
4,1316,241915812002000,2555100,3314118100,3321952100
4,1332,241915861668100,2745600,3363784200,3371618200
4,1348,241915910500600,2619300,3412616700,3420450700
4,1364,241915955555600,3203100,3457671700,3465505700
4,1380,241916002237200,2803200,3504353300,3512187300
4,1396,241916047554700,2905300,3549670800,3557504800
4,1412,241916093296500,2658500,3595412600,3603246600
4,1428,241916137978600,2860800,3640094700,3647928700
4,1444,241916184032400,2764000,3686148500,3693982500
4,1460,241916238343900,2743400,3740460000,3748294000
4,1476,241916287517900,2708800,3789634000,3797468000
4,1492,241916331568200,2840200,3833684300,3841518300
4,1508,241916380919900,3006400,3883036000,3890870000
4,1524,241916430892100,2701200,3933008200,3940842200
4,1540,241916480575700,3140000,3982691800,3990525800
4,1556,241916533009900,2912800,4035126000,4042960000
4,1572,241916586878300,3669200,4088994400,4096828400
4,1588,241916636330400,3344200,4138446500,4146280500
4,1604,241916695459300,2997900,4197575400,4205409400
4,1620,241916744582700,3482200,4246698800,4254532800
4,1636,241916801399800,3763800,4303515900,4311349900
4,1652,241916852565400,3565700,4354681500,4362515500
4,1668,241916904597100,3521300,4406713200,4414547200
4,1684,241916959312000,3272200,4461428100,4469262100
4,1700,241917017570000,4046600,4519686100,4527520100
4,1716,241917072495500,2870800,4574611600,4582445600
4,1732,241917136596000,3562800,4638712100,4646546100
4,1748,241917191758800,2849900,4693874900,4701708900
4,1764,241917241190400,2683200,4743306500,4751140500
4,1780,241917290678500,3032800,4792794600,4800628600
4,1796,241917342067300,3256300,4844183400,4852017400
4,1812,241917391811600,2923700,4893927700,4901761700
4,1828,241917443711100,3490900,4945827200,4953661200
4,1844,241917495582700,3382400,4997698800,5005532800
4,1860,241917554558100,2981500,5056674200,5064508200
4,1876,241917603009800,3155100,5105125900,5112959900
4,1892,241917654771200,3402200,5156887300,5164721300
4,1908,241917706016700,3270400,5208132800,5215966800
4,1924,241917757381600,3219900,5259497700,5267331700
4,1940,241917810523200,3253500,5312639300,5320473300
4,1956,241917860783600,2833200,5362899700,5370733700
4,1972,241917910085300,2720300,5412201400,5420035400
4,1988,241917958971000,3037100,5461087100,5468921100
4,2004,241918013086000,3043100,5515202100,5523036100
4,2020,241918063870100,3114700,5565986200,5573820200
4,2036,241918113661100,4798600,5615777200,5623611200
5,5,241912646966700,2392300,149082800,156916800
5,21,241912686936600,2310600,189052700,196886700
5,37,241912725932700,2941700,228048800,235882800
5,53,241912762405600,2204400,264521700,272355700
5,69,241912798726100,2214500,300842200,308676200
5,85,241912834816200,2341400,336932300,344766300
5,101,241912872061500,2422100,374177600,382011600
5,117,241912910974800,2369400,413090900,420924900
5,133,241912982400400,3921200,484516500,492350500
5,149,241913024758500,2311600,526874600,534708600
5,165,241913061617800,2307100,563733900,571567900
5,181,241913104179000,2427000,606295100,614129100
5,197,241913140831900,2366000,642948000,650782000
5,213,241913176544000,2176500,678660100,686494100
5,229,241913213127000,2254200,715243100,723077100
5,245,241913248082200,2209300,750198300,758032300
5,261,241913301545000,2190600,803661100,811495100
5,277,241913336508400,2205200,838624500,846458500
5,293,241913372716100,2279400,874832200,882666200
5,309,241913408964400,2157600,911080500,918914500
5,325,241913447323800,2186800,949439900,957273900
5,341,241913482828000,2152100,984944100,992778100
5,357,241913517972500,2288000,1020088600,1027922600
5,373,241913554331100,2249500,1056447200,1064281200
5,389,241913589253700,2146600,1091369800,1099203800
5,405,241913642342100,2152100,1144458200,1152292200
5,421,241913678281000,2102700,1180397100,1188231100
5,437,241913714491900,2179200,1216608000,1224442000
5,453,241913750501100,2111400,1252617200,1260451200
5,469,241913784923500,2489200,1287039600,1294873600
5,485,241913821617300,2329900,1323733400,1331567400
5,501,241913859297100,2208900,1361413200,1369247200
5,517,241913894640400,2318500,1396756500,1404590500
5,533,241913950221400,2162700,1452337500,1460171500
5,549,241913984127400,2096300,1486243500,1494077500
5,565,241914019369600,2124200,1521485700,1529319700
5,581,241914054419200,2131000,1556535300,1564369300
5,597,241914090203500,2090700,1592319600,1600153600
5,613,241914124003400,2109100,1626119500,1633953500
5,629,241914158107800,2123500,1660223900,1668057900
5,645,241914192142900,2145200,1694259000,1702093000
5,661,241914245214600,2159700,1747330700,1755164700
5,677,241914283872100,2220800,1785988200,1793822200
5,693,241914319435500,2224000,1821551600,1829385600
5,709,241914354675100,2118500,1856791200,1864625200
5,725,241914388406500,2103600,1890522600,1898356600
5,741,241914422746400,2211600,1924862500,1932696500
5,757,241914459721300,2325000,1961837400,1969671400
5,773,241914495165100,2184300,1997281200,2005115200
5,789,241914530135300,2380900,2032251400,2040085400
5,805,241914586652800,2230500,2088768900,2096602900
5,821,241914622575100,2192000,2124691200,2132525200
5,837,241914659096200,2254300,2161212300,2169046300
5,853,241914695361600,2315300,2197477700,2205311700
5,869,241914731686300,2198300,2233802400,2241636400
5,885,241914767223000,2152400,2269339100,2277173100
5,901,241914801693700,2170400,2303809800,2311643800
5,917,241914835806000,2170000,2337922100,2345756100
5,933,241914893784300,2173600,2395900400,2403734400
5,949,241914928928000,2268100,2431044100,2438878100
5,965,241914964287200,2188400,2466403300,2474237300
5,981,241914998876700,2358400,2500992800,2508826800
5,997,241915034162000,2173200,2536278100,2544112100
5,1013,241915070457200,2160900,2572573300,2580407300
5,1029,241915104903100,2154700,2607019200,2614853200
5,1045,241915141446700,2187500,2643562800,2651396800
5,1061,241915183090300,2187700,2685206400,2693040400
5,1077,241915217664800,2161400,2719780900,2727614900
5,1093,241915251755100,2268500,2753871200,2761705200
5,1109,241915286464600,2155700,2788580700,2796414700
5,1125,241915320693700,2140000,2822809800,2830643800
5,1141,241915356836600,2273400,2858952700,2866786700
5,1157,241915392353300,2190600,2894469400,2902303400
5,1173,241915427205600,2177500,2929321700,2937155700
5,1189,241915462365300,2212000,2964481400,2972315400
5,1205,241915504390600,3102100,3006506700,3014340700
5,1221,241915552175400,2872400,3054291500,3062125500
5,1237,241915597752900,2723600,3099869000,3107703000
5,1253,241915640731800,2621700,3142847900,3150681900
5,1269,241915685152200,2575400,3187268300,3195102300
5,1285,241915727790000,2688400,3229906100,3237740100
5,1301,241915769641800,2648800,3271757900,3279591900
5,1317,241915812104400,2565400,3314220500,3322054500
5,1333,241915861787700,2735000,3363903800,3371737800
5,1349,241915910630800,2591000,3412746900,3420580900
5,1365,241915955666500,3481500,3457782600,3465616600
5,1381,241916002343700,2812500,3504459800,3512293800
5,1397,241916046572000,3080600,3548688100,3556522100
5,1413,241916092443500,2688000,3594559600,3602393600
5,1429,241916137134100,2853200,3639250200,3647084200
5,1445,241916183111200,2986800,3685227300,3693061300
5,1461,241916237666900,2648100,3739783000,3747617000
5,1477,241916286133300,3375300,3788249400,3796083400
5,1493,241916330856600,2814600,3832972700,3840806700
5,1509,241916380210300,2859300,3882326400,3890160400
5,1525,241916430238400,2873800,3932354500,3940188500
5,1541,241916479935700,3187400,3982051800,3989885800
5,1557,241916532449400,2912800,4034565500,4042399500
5,1573,241916585675500,4399100,4087791600,4095625600
5,1589,241916634592800,3210700,4136708900,4144542900
5,1605,241916693895100,2924900,4196011200,4203845200
5,1621,241916742812300,3301400,4244928400,4252762400
5,1637,241916799113800,3923400,4301229900,4309063900
5,1653,241916849790100,4259200,4351906200,4359740200
5,1669,241916902648700,3530600,4404764800,4412598800
5,1685,241916957002600,3567400,4459118700,4466952700
5,1701,241917015348800,3958300,4517464900,4525298900
5,1717,241917070293400,3298300,4572409500,4580243500
5,1733,241917134580100,3291700,4636696200,4644530200
5,1749,241917189376600,3356700,4691492700,4699326700
5,1765,241917239543900,2701500,4741660000,4749494000
5,1781,241917288869300,3091700,4790985400,4798819400
5,1797,241917340074300,3143500,4842190400,4850024400
5,1813,241917390264200,2751500,4892380300,4900214300
5,1829,241917441539100,3395000,4943655200,4951489200
5,1845,241917493670800,3046300,4995786900,5003620900
5,1861,241917552069100,3348300,5054185200,5062019200
5,1877,241917600692200,3316600,5102808300,5110642300
5,1893,241917652006900,3842600,5154123000,5161957000
5,1909,241917703692200,3446500,5205808300,5213642300
5,1925,241917755532100,3002800,5257648200,5265482200
5,1941,241917807472900,3620700,5309589000,5317423000
5,1957,241917858444100,2784800,5360560200,5368394200
5,1973,241917907761900,2719600,5409878000,5417712000
5,1989,241917956299400,3138500,5458415500,5466249500
5,2005,241918010565300,2776900,5512681400,5520515400
5,2021,241918061087100,3121400,5563203200,5571037200
5,2037,241918111011200,2988300,5613127300,5620961300
6,6,241912649492400,4075900,151608500,159442500
6,22,241912689370700,2360500,191486800,199320800
6,38,241912728843000,2272900,230959100,238793100
6,54,241912764529800,2116400,266645900,274479900
6,70,241912800646300,2219100,302762400,310596400
6,86,241912836802200,2314000,338918300,346752300
6,102,241912874072400,2522300,376188500,384022500
6,118,241912912925600,2404400,415041700,422875700
6,134,241912985785000,3585500,487901100,495735100
6,150,241913026614700,2384900,528730800,536564800
6,166,241913063494600,2341700,565610700,573444700
6,182,241913106176400,2294900,608292500,616126500
6,198,241913142877700,2171800,644993800,652827800
6,214,241913178473700,2257900,680589800,688423800
6,230,241913215012200,2199500,717128300,724962300
6,246,241913249917300,2226700,752033400,759867400
6,262,241913303466200,2170500,805582300,813416300
6,278,241913338476000,2232000,840592100,848426100
6,294,241913374669600,2325100,876785700,884619700
6,310,241913410887800,2227500,913003900,920837900
6,326,241913451106600,2133900,953222700,961056700
6,342,241913486421600,2258700,988537700,996371700
6,358,241913522113600,2212600,1024229700,1032063700
6,374,241913558349600,2269800,1060465700,1068299700
6,390,241913611147000,2420800,1113263100,1121097100
6,406,241913646425500,2234100,1148541600,1156375600
6,422,241913682221400,2248500,1184337500,1192171500
6,438,241913718298800,2179100,1220414900,1228248900
6,454,241913754089300,2171500,1256205400,1264039400
6,470,241913788931200,2226800,1291047300,1298881300
6,486,241913825278000,2163600,1327394100,1335228100
6,502,241913862281800,2203500,1364397900,1372231900
6,518,241913898084500,2226700,1400200600,1408034600
6,534,241913953321900,2155200,1455438000,1463272000
6,550,241913987111600,2451200,1489227700,1497061700
6,566,241914022601500,2278900,1524717600,1532551600
6,582,241914057705000,2168300,1559821100,1567655100
6,598,241914093357800,2086200,1595473900,1603307900
6,614,241914127131200,2105800,1629247300,1637081300
6,630,241914161243300,2121400,1663359400,1671193400
6,646,241914195312000,2125100,1697428100,1705262100
6,662,241914248403800,2165000,1750519900,1758353900
6,678,241914288366000,2255800,1790482100,1798316100
6,694,241914324000500,2332000,1826116600,1833950600
6,710,241914359026900,2088300,1861143000,1868977000
6,726,241914392727100,2089300,1894843200,1902677200
6,742,241914428006600,2405200,1930122700,1937956700
6,758,241914465056700,2307600,1967172800,1975006800
6,774,241914500338800,2124200,2002454900,2010288900
6,790,241914554695400,2817200,2056811500,2064645500
6,806,241914592081700,2228200,2094197800,2102031800
6,822,241914628096400,2307000,2130212500,2138046500
6,838,241914664395200,2290400,2166511300,2174345300
6,854,241914700893800,2273500,2203009900,2210843900
6,870,241914737258400,2324700,2239374500,2247208500
6,886,241914772653100,2183800,2274769200,2282603200
6,902,241914807133100,2062500,2309249200,2317083200
6,918,241914841169000,2156400,2343285100,2351119100
6,934,241914899086300,2142200,2401202400,2409036400
6,950,241914934703800,2187400,2436819900,2444653900
6,966,241914969763000,2213000,2471879100,2479713100
6,982,241915004632700,2201300,2506748800,2514582800
6,998,241915039491700,2138900,2541607800,2549441800
6,1014,241915075598900,2233400,2577715000,2585549000
6,1030,241915109953500,2113300,2612069600,2619903600
6,1046,241915146210600,2087300,2648326700,2656160700
6,1062,241915187743000,2102800,2689859100,2697693100
6,1078,241915222306400,2154500,2724422500,2732256500
6,1094,241915256587100,2153500,2758703200,2766537200
6,1110,241915291194800,2099900,2793310900,2801144900
6,1126,241915325392800,2143600,2827508900,2835342900
6,1142,241915361701000,2279800,2863817100,2871651100
6,1158,241915397137500,2187100,2899253600,2907087600
6,1174,241915431915400,2140400,2934031500,2941865500
6,1190,241915472797800,2174500,2974913900,2982747900
6,1206,241915511400300,3101600,3013516400,3021350400
6,1222,241915559152300,3151600,3061268400,3069102400
6,1238,241915604489800,2851800,3106605900,3114439900
6,1254,241915647079300,2553700,3149195400,3157029400
6,1270,241915691364500,2633400,3193480600,3201314600
6,1286,241915734237100,2717600,3236353200,3244187200
6,1302,241915775901900,2740500,3278018000,3285852000
6,1318,241915818589400,2616500,3320705500,3328539500
6,1334,241915869974700,4935900,3372090800,3379924800
6,1350,241915916907700,2717900,3419023800,3426857800
6,1366,241915965481900,3035000,3467598000,3475432000
6,1382,241916008990100,2802400,3511106200,3518940200
6,1398,241916053781000,2901600,3555897100,3563731100
6,1414,241916099382500,3054300,3601498600,3609332600
6,1430,241916144193900,2858400,3646310000,3654144000
6,1446,241916190400500,2986500,3692516600,3700350600
6,1462,241916244078000,2567000,3746194100,3754028100
6,1478,241916293233800,2605900,3795349900,3803183900
6,1494,241916337746200,2750900,3839862300,3847696300
6,1510,241916387389200,2829500,3889505300,3897339300
6,1526,241916437888600,3407200,3940004700,3947838700
6,1542,241916487462500,3386400,3989578600,3997412600
6,1558,241916539151200,3221000,4041267300,4049101300
6,1574,241916594189200,3006300,4096305300,4104139300
6,1590,241916651282100,4027400,4153398200,4161232200
6,1606,241916701850300,3335900,4203966400,4211800400
6,1622,241916751542900,2664900,4253659000,4261493000
6,1638,241916808252700,3232700,4310368800,4318202800
6,1654,241916859623200,3308300,4361739300,4369573300
6,1670,241916911500800,3375600,4413616900,4421450900
6,1686,241916967234200,3229200,4469350300,4477184300
6,1702,241917025177500,3803200,4527293600,4535127600
6,1718,241917078220600,4378400,4580336700,4588170700
6,1734,241917143693000,3842300,4645809100,4653643100
6,1750,241917197681800,3756400,4699797900,4707631900
6,1766,241917246318800,4797700,4748434900,4756268900
6,1782,241917296740900,3106100,4798857000,4806691000
6,1798,241917348450500,2878900,4850566600,4858400600
6,1814,241917398240100,3642500,4900356200,4908190200
6,1830,241917449733400,3011100,4951849500,4959683500
6,1846,241917501918500,3228000,5004034600,5011868600
6,1862,241917560511500,3110900,5062627600,5070461600
6,1878,241917608857200,3452200,5110973300,5118807300
6,1894,241917661197300,3182700,5163313400,5171147400
6,1910,241917712665900,4266000,5214782000,5222616000
6,1926,241917763493300,3098100,5265609400,5273443400
6,1942,241917817132100,2973600,5319248200,5327082200
6,1958,241917866190000,3304200,5368306100,5376140100
6,1974,241917914987000,3344000,5417103100,5424937100
6,1990,241917964525100,9401900,5466641200,5474475200
6,2006,241918018442800,2651400,5520558900,5528392900
6,2022,241918069351500,3085900,5571467600,5579301600
6,2038,241918120913000,3356300,5623029100,5630863100
7,7,241912653497000,2793600,155613100,163447100
7,23,241912691794800,2295100,193910900,201744900
7,39,241912730962900,2296800,233079000,240913000
7,55,241912766533300,2176500,268649400,276483400
7,71,241912802959800,2242800,305075900,312909900
7,87,241912839301500,2292700,341417600,349251600
7,103,241912876810600,2510700,378926700,386760700
7,119,241912915491100,2438100,417607200,425441200
7,135,241912989540600,2857300,491656700,499490700
7,151,241913030468000,2276500,532584100,540418100
7,167,241913067473800,2299300,569589900,577423900
7,183,241913110049400,2370700,612165500,619999500
7,199,241913146721300,2122800,648837400,656671400
7,215,241913182425200,2145600,684541300,692375300
7,231,241913218724100,2212400,720840200,728674200
7,247,241913253577900,2075200,755694000,763528000
7,263,241913307126100,2118400,809242200,817076200
7,279,241913342323500,2200700,844439600,852273600
7,295,241913378533600,2448900,880649700,888483700
7,311,241913414696200,2236800,916812300,924646300
7,327,241913454093200,2244600,956209300,964043300
7,343,241913489534600,2097400,991650700,999484700
7,359,241913524941400,2165900,1027057500,1034891500
7,375,241913561195200,2224600,1063311300,1071145300
7,391,241913614138900,2148400,1116255000,1124089000
7,407,241913649280200,2224100,1151396300,1159230300
7,423,241913685073900,2245800,1187190000,1195024000
7,439,241913721198400,2168000,1223314500,1231148500
7,455,241913757096100,2087500,1259212200,1267046200
7,471,241913791946400,2180800,1294062500,1301896500
7,487,241913828169000,2263800,1330285100,1338119100
7,503,241913864957700,2485700,1367073800,1374907800
7,519,241913900975200,2186700,1403091300,1410925300
7,535,241913956228000,2186600,1458344100,1466178100
7,551,241913990190200,2156800,1492306300,1500140300
7,567,241914025472100,2330200,1527588200,1535422200
7,583,241914060457200,2311300,1562573300,1570407300
7,599,241914096040300,2084100,1598156400,1605990400
7,615,241914129805500,2132400,1631921600,1639755600
7,631,241914163899800,2101100,1666015900,1673849900
7,647,241914197981600,2136700,1700097700,1707931700
7,663,241914251104400,2148500,1753220500,1761054500
7,679,241914289990400,2211700,1792106500,1799940500
7,695,241914325626000,2261300,1827742100,1835576100
7,711,241914360489200,2077200,1862605300,1870439300
7,727,241914394214100,2077400,1896330200,1904164200
7,743,241914429341800,2300000,1931457900,1939291900
7,759,241914466332000,2373800,1968448100,1976282100
7,775,241914501482200,2142900,2003598300,2011432300
7,791,241914556213400,2609000,2058329500,2066163500
7,807,241914593105200,2172200,2095221300,2103055300
7,823,241914629113800,2317000,2131229900,2139063900
7,839,241914665811300,2183600,2167927400,2175761400
7,855,241914702389600,2282800,2204505700,2212339700
7,871,241914738543800,2277300,2240659900,2248493900
7,887,241914773822300,2188600,2275938400,2283772400
7,903,241914808298400,2093800,2310414500,2318248500
7,919,241914842378000,2142000,2344494100,2352328100
7,935,241914900442000,2117800,2402558100,2410392100
7,951,241914936076000,2201800,2438192100,2446026100
7,967,241914971061100,2284500,2473177200,2481011200
7,983,241915005989300,2220600,2508105400,2515939400
7,999,241915040820800,2150100,2542936900,2550770900
7,1015,241915077127300,2152300,2579243400,2587077400
7,1031,241915111402800,3242400,2613518900,2621352900
7,1047,241915148245700,2146900,2650361800,2658195800
7,1063,241915189736600,2108300,2691852700,2699686700
7,1079,241915224344700,2087800,2726460800,2734294800
7,1095,241915258619700,2249900,2760735800,2768569800
7,1111,241915293213600,2088200,2795329700,2803163700
7,1127,241915327460400,2496600,2829576500,2837410500
7,1143,241915363839200,2158300,2865955300,2873789300
7,1159,241915399159300,2201400,2901275400,2909109400
7,1175,241915433883700,2127800,2935999800,2943833800
7,1191,241915474686600,2164100,2976802700,2984636700
7,1207,241915513988800,3191500,3016104900,3023938900
7,1223,241915561852700,3207400,3063968800,3071802800
7,1239,241915606998800,2754600,3109114900,3116948900
7,1255,241915649323100,2552900,3151439200,3159273200
7,1271,241915693666900,2558100,3195783000,3203617000
7,1287,241915736633800,2564400,3238749900,3246583900
7,1303,241915778465000,2634500,3280581100,3288415100
7,1319,241915821034200,2632500,3323150300,3330984300
7,1335,241915874795400,2727100,3376911500,3384745500
7,1351,241915919528900,5239700,3421645000,3429479000
7,1367,241915968475900,2829900,3470592000,3478426000
7,1383,241916011750900,2950600,3513867000,3521701000
7,1399,241916056433300,2977400,3558549400,3566383400
7,1415,241916102218100,3031400,3604334200,3612168200
7,1431,241916146855800,2881700,3648971900,3656805900
7,1447,241916193116300,3138800,3695232400,3703066400
7,1463,241916246470000,2820500,3748586100,3756420100
7,1479,241916295651900,2573100,3797768000,3805602000
7,1495,241916340241900,3357000,3842358000,3850192000
7,1511,241916389889200,2765900,3892005300,3899839300
7,1527,241916441009400,2723900,3943125500,3950959500
7,1543,241916490359200,3416900,3992475300,4000309300
7,1559,241916541979200,3028200,4044095300,4051929300
7,1575,241916596909700,2806200,4099025800,4106859800
7,1591,241916654832000,3489900,4156948100,4164782100
7,1607,241916704547400,3259600,4206663500,4214497500
7,1623,241916753554000,3405800,4255670100,4263504100
7,1639,241916810670400,3308900,4312786500,4320620500
7,1655,241916861913800,2833500,4364029900,4371863900
7,1671,241916913979100,3370700,4416095200,4423929200
7,1687,241916969479800,3265800,4471595900,4479429900
7,1703,241917028019500,3278000,4530135600,4537969600
7,1719,241917081949100,2893300,4584065200,4591899200
7,1735,241917146509800,3842700,4648625900,4656459900
7,1751,241917200512700,3178600,4702628800,4710462800
7,1767,241917250100700,2978900,4752216800,4760050800
7,1783,241917299130400,3239200,4801246500,4809080500
7,1799,241917350823300,2683000,4852939400,4860773400
7,1815,241917401440600,3276400,4903556700,4911390700
7,1831,241917451936000,3231700,4954052100,4961886100
7,1847,241917504050600,3589500,5006166700,5014000700
7,1863,241917562408700,3117200,5064524800,5072358800
7,1879,241917611287900,2937200,5113404000,5121238000
7,1895,241917663193200,3439700,5165309300,5173143300
7,1911,241917715436600,4447100,5217552700,5225386700
7,1927,241917765527400,3172000,5267643500,5275477500
7,1943,241917819008100,2843000,5321124200,5328958200
7,1959,241917868458000,3056000,5370574100,5378408100
7,1975,241917917200600,3353000,5419316700,5427150700
7,1991,241917972605400,3223600,5474721500,5482555500
7,2007,241918020149100,3009800,5522265200,5530099200
7,2023,241918071158300,3238700,5573274400,5581108400
7,2039,241918122821300,3499700,5624937400,5632771400
8,8,241912656259100,2602800,158375200,166209200
8,24,241912693959800,2329900,196075900,203909900
8,40,241912733229400,2235300,235345500,243179500
8,56,241912768635800,2233600,270751900,278585900
8,72,241912805024400,2213800,307140500,314974500
8,88,241912841303600,2220200,343419700,351253700
8,104,241912879097800,2498700,381213900,389047900
8,120,241912917687000,2683800,419803100,427637100
8,136,241912992318800,2497500,494434900,502268900
8,152,241913033262100,2225500,535378200,543212200
8,168,241913070320700,2329800,572436800,580270800
8,184,241913112595300,2203700,614711400,622545400
8,200,241913148521500,2163200,650637600,658471600
8,216,241913184260100,2221800,686376200,694210200
8,232,241913220843200,2308600,722959300,730793300
8,248,241913255573900,2119500,757690000,765524000
8,264,241913309068700,2122800,811184800,819018800
8,280,241913344286400,2247200,846402500,854236500
8,296,241913380685900,2255800,882802000,890636000
8,312,241913416584200,2473300,918700300,926534300
8,328,241913454003800,2242800,956119900,963953900
8,344,241913489561900,2103300,991678000,999512000
8,360,241913525027600,2181400,1027143700,1034977700
8,376,241913561374200,2221900,1063490300,1071324300
8,392,241913614346300,2189800,1116462400,1124296400
8,408,241913649225000,2177500,1151341100,1159175100
8,424,241913684811000,2249600,1186927100,1194761100
8,440,241913720827100,2125800,1222943200,1230777200
8,456,241913756589500,2142700,1258705600,1266539600
8,472,241913791465100,2179100,1293581200,1301415200
8,488,241913827805300,2234300,1329921400,1337755400
8,504,241913864227900,2224200,1366344000,1374178000
8,520,241913899898100,2205000,1402014200,1409848200
8,536,241913955115200,2208100,1457231300,1465065300
8,552,241913989141400,2147800,1491257500,1499091500
8,568,241914024341200,2365000,1526457300,1534291300
8,584,241914059486700,2181200,1561602800,1569436800
8,600,241914095106300,2082900,1597222400,1605056400
8,616,241914128891900,2133600,1631008000,1638842000
8,632,241914163011500,2110300,1665127600,1672961600
8,648,241914197089100,2146000,1699205200,1707039200
8,664,241914250221200,2142900,1752337300,1760171300
8,680,241914291279800,2165800,1793395900,1801229900
8,696,241914326916100,2267900,1829032200,1836866200
8,712,241914361633000,2087100,1863749100,1871583100
8,728,241914395327400,2085300,1897443500,1905277500
8,744,241914430452800,2248300,1932568900,1940402900
8,760,241914467690700,2253500,1969806800,1977640800
8,776,241914502705200,2174200,2004821300,2012655300
8,792,241914557635800,2445900,2059751900,2067585900
8,808,241914594194800,2278500,2096310900,2104144900
8,824,241914630310100,2271700,2132426200,2140260200
8,840,241914666927400,2167300,2169043500,2176877500
8,856,241914703446500,2294000,2205562600,2213396600
8,872,241914739859000,2252000,2241975100,2249809100
8,888,241914775091800,2063500,2277207900,2285041900
8,904,241914809428600,2133900,2311544700,2319378700
8,920,241914843566500,2109200,2345682600,2353516600
8,936,241914901475900,2176300,2403592000,2411426000
8,952,241914937135500,2197500,2439251600,2447085600
8,968,241914972168400,2264700,2474284500,2482118500
8,984,241915007021500,2234700,2509137600,2516971600
8,1000,241915041828700,2248400,2543944800,2551778800
8,1016,241915077992100,2117600,2580108200,2587942200
8,1032,241915112301500,2452800,2614417600,2622251600
8,1048,241915148328800,2165900,2650444900,2658278900
8,1064,241915189903200,2141200,2692019300,2699853300
8,1080,241915224431600,2091300,2726547700,2734381700
8,1096,241915258714300,2246000,2760830400,2768664400
8,1112,241915293268100,2094900,2795384200,2803218200
8,1128,241915327510800,2413000,2829626900,2837460900
8,1144,241915363895100,2166100,2866011200,2873845200
8,1160,241915399212800,2213100,2901328900,2909162900
8,1176,241915433939400,2135200,2936055500,2943889500
8,1192,241915474660300,2156500,2976776400,2984610400
8,1208,241915513945200,3183700,3016061300,3023895300
8,1224,241915561337500,3253600,3063453600,3071287600
8,1240,241915606559500,2798300,3108675600,3116509600
8,1256,241915648943100,2557700,3151059200,3158893200
8,1272,241915693281200,2561900,3195397300,3203231300
8,1288,241915736247400,2575400,3238363500,3246197500
8,1304,241915777919900,2624500,3280036000,3287870000
8,1320,241915820544900,2608400,3322661000,3330495000
8,1336,241915874110100,2706300,3376226200,3384060200
8,1352,241915918864000,5273900,3420980100,3428814100
8,1368,241915967621800,2811300,3469737900,3477571900
8,1384,241916011015200,2839200,3513131300,3520965300
8,1400,241916056085800,2920600,3558201900,3566035900
8,1416,241916101774200,3058500,3603890300,3611724300
8,1432,241916146464700,2870700,3648580800,3656414800
8,1448,241916192694500,3168500,3694810600,3702644600
8,1464,241916246038200,2715200,3748154300,3755988300
8,1480,241916295212100,2586200,3797328200,3805162200
8,1496,241916339781100,3428800,3841897200,3849731200
8,1512,241916389639900,2727400,3891756000,3899590000
8,1528,241916440685500,2735000,3942801600,3950635600
8,1544,241916490115400,3383200,3992231500,4000065500
8,1560,241916541569300,3114700,4043685400,4051519400
8,1576,241916596469500,2809500,4098585600,4106419600
8,1592,241916653936900,3550700,4156053000,4163887000
8,1608,241916703865600,3280500,4205981700,4213815700
8,1624,241916752960100,3260000,4255076200,4262910200
8,1640,241916810225600,3262400,4312341700,4320175700
8,1656,241916861558500,2909400,4363674600,4371508600
8,1672,241916913552100,3309500,4415668200,4423502200
8,1688,241916969085300,3260900,4471201400,4479035400
8,1704,241917027503400,3386300,4529619500,4537453500
8,1720,241917081586000,2917500,4583702100,4591536100
8,1736,241917146078600,3914500,4648194700,4656028700
8,1752,241917200166400,3210400,4702282500,4710116500
8,1768,241917250646800,2647500,4752762900,4760596900
8,1784,241917299388800,3291400,4801504900,4809338900
8,1800,241917350941500,2683900,4853057600,4860891600
8,1816,241917401556300,3688800,4903672400,4911506400
8,1832,241917452381200,3247100,4954497300,4962331300
8,1848,241917504606200,3665700,5006722300,5014556300
8,1864,241917562890000,3050300,5065006100,5072840100
8,1880,241917611767800,2944800,5113883900,5121717900
8,1896,241917663729800,3720100,5165845900,5173679900
8,1912,241917716289100,4392600,5218405200,5226239200
8,1928,241917766116300,3204800,5268232400,5276066400
8,1944,241917819692600,2753500,5321808700,5329642700
8,1960,241917869139000,3021200,5371255100,5379089100
8,1976,241917917994900,3213900,5420111000,5427945000
8,1992,241917973571100,3190600,5475687200,5483521200
8,2008,241918020739000,3259000,5522855100,5530689100
8,2024,241918071931200,3308100,5574047300,5581881300
8,2040,241918123628400,3348700,5625744500,5633578500
9,9,241912658932000,2314300,161048100,168882100
9,25,241912696324900,2342500,198441000,206275000
9,41,241912735577500,2249200,237693600,245527600
9,57,241912770938800,2105100,273054900,280888900
9,73,241912807297600,2246900,309413700,317247700
9,89,241912843436200,2252800,345552300,353386300
9,105,241912881403000,2406700,383519100,391353100
9,121,241912919917100,2702000,422033200,429867200
9,137,241912994491500,2361000,496607600,504441600
9,153,241913032622400,2240400,534738500,542572500
9,169,241913069663300,2459400,571779400,579613400
9,185,241913112360400,2250700,614476500,622310500
9,201,241913148814500,2150200,650930600,658764600
9,217,241913184488100,2240100,686604200,694438200
9,233,241913220876800,2309000,722992900,730826900
9,249,241913255601600,2123100,757717700,765551700
9,265,241913309157400,2120100,811273500,819107500
9,281,241913344377700,2256700,846493800,854327800
9,297,241913380955600,2257900,883071700,890905700
9,313,241913416903000,2455800,919019100,926853100
9,329,241913456281900,2178100,958398000,966232000
9,345,241913491552900,2086600,993669000,1001503000
9,361,241913527140400,2265300,1029256500,1037090500
9,377,241913563508400,2244400,1065624500,1073458500
9,393,241913616447000,2270900,1118563100,1126397100
9,409,241913651567200,2113600,1153683300,1161517300
9,425,241913687436700,2207500,1189552800,1197386800
9,441,241913723312000,2476300,1225428100,1233262100
9,457,241913758971900,2116900,1261088000,1268922000
9,473,241913793883900,2314600,1296000000,1303834000
9,489,241913830244400,2286800,1332360500,1340194500
9,505,241913867298700,2295700,1369414800,1377248800
9,521,241913902984000,2213600,1405100100,1412934100
9,537,241913958206400,2125500,1460322500,1468156500
9,553,241913992202900,2082400,1494319000,1502153000
9,569,241914027720800,2182800,1529836900,1537670900
9,585,241914062629900,2521900,1564746000,1572580000
9,601,241914097985800,2114800,1600101900,1607935900
9,617,241914131826000,2128900,1633942100,1641776100
9,633,241914165919100,2126900,1668035200,1675869200
9,649,241914200033600,2140900,1702149700,1709983700
9,665,241914253174000,2135600,1755290100,1763124100
9,681,241914293184200,2192900,1795300300,1803134300
9,697,241914328977300,2408200,1831093400,1838927400
9,713,241914363754000,2100300,1865870100,1873704100
9,729,241914397444300,2137800,1899560400,1907394400
9,745,241914432639600,2318100,1934755700,1942589700
9,761,241914469714800,2272400,1971830900,1979664900
9,777,241914504608100,2179100,2006724200,2014558200
9,793,241914559863800,2411500,2061979900,2069813900
9,809,241914596135900,2307500,2098252000,2106086000
9,825,241914632218000,2257400,2134334100,2142168100
9,841,241914668511200,2187000,2170627300,2178461300
9,857,241914705351000,2301000,2207467100,2215301100
9,873,241914741459000,2246200,2243575100,2251409100
9,889,241914776588200,2131100,2278704300,2286538300
9,905,241914811003400,2118600,2313119500,2320953500
9,921,241914845126800,2106500,2347242900,2355076900
9,937,241914903177500,2174400,2405293600,2413127600
9,953,241914938871700,2222000,2440987800,2448821800
9,969,241914973948500,2216000,2476064600,2483898600
9,985,241915008779100,2238600,2510895200,2518729200
9,1001,241915043505000,2348900,2545621100,2553455100
9,1017,241915079660500,2127900,2581776600,2589610600
9,1033,241915113542600,2457000,2615658700,2623492700
9,1049,241915149476200,2279100,2651592300,2659426300
9,1065,241915191221600,2112900,2693337700,2701171700
9,1081,241915225838300,2107800,2727954400,2735788400
9,1097,241915260215900,2166300,2762332000,2770166000
9,1113,241915294659200,2127900,2796775300,2804609300
9,1129,241915329165700,2256700,2831281800,2839115800
9,1145,241915365277900,2210100,2867394000,2875228000
9,1161,241915400584200,2232700,2902700300,2910534300
9,1177,241915435314300,2149400,2937430400,2945264400
9,1193,241915476194900,2164600,2978311000,2986145000
9,1209,241915516220200,3075100,3018336300,3026170300
9,1225,241915564192500,2894700,3066308600,3074142600
9,1241,241915609064700,2723500,3111180800,3119014800
9,1257,241915651207100,2619800,3153323200,3161157200
9,1273,241915695596700,2540700,3197712800,3205546800
9,1289,241915738577400,2577000,3240693500,3248527500
9,1305,241915780332200,2812400,3282448300,3290282300
9,1321,241915822965900,2711000,3325082000,3332916000
9,1337,241915876785200,2840200,3378901300,3386735300
9,1353,241915924106100,2783100,3426222200,3434056200
9,1369,241915970406800,2893700,3472522900,3480356900
9,1385,241916013815700,2923800,3515931800,3523765800
9,1401,241916058421900,2924900,3560538000,3568372000
9,1417,241916104244400,3073700,3606360500,3614194500
9,1433,241916148783900,2870900,3650900000,3658734000
9,1449,241916195453600,3450200,3697569700,3705403700
9,1465,241916248370800,3040300,3750486900,3758320900
9,1481,241916297491900,2675300,3799608000,3807442000
9,1497,241916342831700,3255100,3844947800,3852781800
9,1513,241916392100900,2909100,3894217000,3902051000
9,1529,241916443243500,2690500,3945359600,3953193600
9,1545,241916493191500,3405400,3995307600,4003141600
9,1561,241916544421200,2894900,4046537300,4054371300
9,1577,241916598973200,3095100,4101089300,4108923300
9,1593,241916657153300,3470800,4159269400,4167103400
9,1609,241916706839700,3120500,4208955800,4216789800
9,1625,241916755898400,3474100,4258014500,4265848500
9,1641,241916813294200,2919700,4315410300,4323244300
9,1657,241916864358300,2628700,4366474400,4374308400
9,1673,241916916743500,3653800,4418859600,4426693600
9,1689,241916972166600,4573900,4474282700,4482116700
9,1705,241917030854500,3296600,4532970600,4540804600
9,1721,241917084385500,3052200,4586501600,4594335600
9,1737,241917149847500,3289400,4651963600,4659797600
9,1753,241917203146600,3329600,4705262700,4713096700
9,1769,241917252709000,2591700,4754825100,4762659100
9,1785,241917301925100,3034400,4804041200,4811875200
9,1801,241917352968900,2663700,4855085000,4862919000
9,1817,241917404214600,2960000,4906330700,4914164700
9,1833,241917454877700,3615000,4956993800,4964827800
9,1849,241917507548100,3638100,5009664200,5017498200
9,1865,241917565384400,2975200,5067500500,5075334500
9,1881,241917614188200,3234000,5116304300,5124138300
9,1897,241917666574100,3358100,5168690200,5176524200
9,1913,241917720002600,3486200,5222118700,5229952700
9,1929,241917768795300,3762100,5270911400,5278745400
9,1945,241917821953800,2790700,5324069900,5331903900
9,1961,241917871605100,2797300,5373721200,5381555200
9,1977,241917920674500,3094500,5422790600,5430624600
9,1993,241917976067700,3652500,5478183800,5486017800
9,2009,241918023356500,3485500,5525472600,5533306600
9,2025,241918074847100,3060900,5576963200,5584797200
9,2041,241918126646600,6720600,5628762700,5636596700
10,10,241912661310000,2298600,163426100,171260100
10,26,241912698701800,2176500,200817900,208651900
10,42,241912737907000,2305300,240023100,247857100
10,58,241912773168700,2149800,275284800,283118800
10,74,241912809611100,2344400,311727200,319561200
10,90,241912845841400,2215500,347957500,355791500
10,106,241912883995500,2554100,386111600,393945600
10,122,241912922894200,2389600,425010300,432844300
10,138,241912997039400,2768300,499155500,506989500
10,154,241913035698200,2153400,537814300,545648300
10,170,241913073043200,2389200,575159300,582993300
10,186,241913115457800,2184500,617573900,625407900
10,202,241913151489000,2079200,653605100,661439100
10,218,241913187330200,2366100,689446300,697280300
10,234,241913223713800,2293300,725829900,733663900
10,250,241913258377400,2161600,760493500,768327500
10,266,241913311939500,2192300,814055600,821889600
10,282,241913347297700,2184800,849413800,857247800
10,298,241913383786800,2397600,885902900,893736900
10,314,241913420020700,2164200,922136800,929970800
10,330,241913459064900,2128600,961181000,969015000
10,346,241913494221500,2120700,996337600,1004171600
10,362,241913529943700,2275700,1032059800,1039893800
10,378,241913566247900,2192100,1068364000,1076198000
10,394,241913619116400,2290000,1121232500,1129066500
10,410,241913653981800,2102900,1156097900,1163931900
10,426,241913689786600,2200300,1191902700,1199736700
10,442,241913726121600,2127600,1228237700,1236071700
10,458,241913761391500,2186500,1263507600,1271341600
10,474,241913796512700,2156600,1298628800,1306462800
10,490,241913832908800,2231800,1335024900,1342858900
10,506,241913868943000,2169800,1371059100,1378893100
10,522,241913904522300,2217000,1406638400,1414472400
10,538,241913959717000,2098500,1461833100,1469667100
10,554,241913993594500,2088600,1495710600,1503544600
10,570,241914029072500,2180500,1531188600,1539022600
10,586,241914064251400,2631900,1566367500,1574201500
10,602,241914099323700,2080500,1601439800,1609273800
10,618,241914133173800,2144400,1635289900,1643123900
10,634,241914167273300,2126700,1669389400,1677223400
10,650,241914201389100,2150000,1703505200,1711339200
10,666,241914254514700,2100900,1756630800,1764464800
10,682,241914295171200,2201900,1797287300,1805121300
10,698,241914331065400,2242800,1833181500,1841015500
10,714,241914365583300,2081900,1867699400,1875533400
10,730,241914399276400,2125300,1901392500,1909226500
10,746,241914434866200,2285800,1936982300,1944816300
10,762,241914471846200,2170400,1973962300,1981796300
10,778,241914506672500,2165600,2008788600,2016622600
10,794,241914562040900,2365500,2064157000,2071991000
10,810,241914598323600,2267000,2100439700,2108273700
10,826,241914634408600,2209800,2136524700,2144358700
10,842,241914670759800,2229300,2172875900,2180709900
10,858,241914707988000,2306000,2210104100,2217938100
10,874,241914744505300,2221400,2246621400,2254455400
10,890,241914779248300,2190900,2281364400,2289198400
10,906,241914813653400,2108300,2315769500,2323603500
10,922,241914847778500,2106400,2349894600,2357728600
10,938,241914905684100,2147900,2407800200,2415634200
10,954,241914941447100,2210400,2443563200,2451397200
10,970,241914976498700,2182700,2478614800,2486448800
10,986,241915011333200,2188200,2513449300,2521283300
10,1002,241915046225200,2216700,2548341300,2556175300
10,1018,241915082385700,2148300,2584501800,2592335800
10,1034,241915117246700,2298100,2619362800,2627196800
10,1050,241915153067200,2109000,2655183300,2663017300
10,1066,241915194479000,2110000,2696595100,2704429100
10,1082,241915229129300,2126800,2731245400,2739079400
10,1098,241915263636200,2163700,2765752300,2773586300
10,1114,241915297947900,2146700,2800064000,2807898000
10,1130,241915332750200,2257300,2834866300,2842700300
10,1146,241915368775700,2224000,2870891800,2878725800
10,1162,241915404051500,2139600,2906167600,2914001600
10,1178,241915438625400,2110100,2940741500,2948575500
10,1194,241915479581400,2154300,2981697500,2989531500
10,1210,241915521117500,3040200,3023233600,3031067600
10,1226,241915568770400,2918600,3070886500,3078720500
10,1242,241915613257700,2743200,3115373800,3123207800
10,1258,241915655325400,2919500,3157441500,3165275500
10,1274,241915699515700,2626100,3201631800,3209465800
10,1290,241915742513800,2528000,3244629900,3252463900
10,1306,241915784672400,2713400,3286788500,3294622500
10,1322,241915827055600,2666100,3329171700,3337005700
10,1338,241915881016500,2683900,3383132600,3390966600
10,1354,241915928090800,2657400,3430206900,3438040900
10,1370,241915974594300,2753200,3476710400,3484544400
10,1386,241916018075600,2697600,3520191700,3528025700
10,1402,241916062938100,2958500,3565054200,3572888200
10,1418,241916108771300,2607500,3610887400,3618721400
10,1434,241916153136900,2822600,3655253000,3663087000
10,1450,241916201792200,3508900,3703908300,3711742300
10,1466,241916252935900,3053200,3755052000,3762886000
10,1482,241916301505200,2601700,3803621300,3811455300
10,1498,241916347592800,3128400,3849708900,3857542900
10,1514,241916396236000,3138900,3898352100,3906186100
10,1530,241916447144100,3080000,3949260200,3957094200
10,1546,241916498022300,3337000,4000138400,4007972400
10,1562,241916548582500,3622800,4050698600,4058532600
10,1578,241916602746200,2729700,4104862300,4112696300
10,1594,241916661021800,3026900,4163137900,4170971900
10,1610,241916710478000,3012500,4212594100,4220428100
10,1626,241916760073900,3645400,4262190000,4270024000
10,1642,241916816524500,2911900,4318640600,4326474600
10,1658,241916867124600,3010100,4369240700,4377074700
10,1674,241916920627900,3184200,4422744000,4430578000
10,1690,241916976971300,2972300,4479087400,4486921400
10,1706,241917034108500,2857400,4536224600,4544058600
10,1722,241917087391100,3130300,4589507200,4597341200
10,1738,241917153247000,3826500,4655363100,4663197100
10,1754,241917206652400,3397000,4708768500,4716602500
10,1770,241917255470000,2733200,4757586100,4765420100
10,1786,241917305189400,2856900,4807305500,4815139500
10,1802,241917355855900,3048700,4857972000,4865806000
10,1818,241917407465700,2698400,4909581800,4917415800
10,1834,241917459025700,3615200,4961141800,4968975800
10,1850,241917511688200,3245600,5013804300,5021638300
10,1866,241917569029200,3882500,5071145300,5078979300
10,1882,241917618088900,3440200,5120205000,5128039000
10,1898,241917670624000,3361600,5172740100,5180574100
10,1914,241917723929900,2892800,5226046000,5233880000
10,1930,241917772940000,3414400,5275056100,5282890100
10,1946,241917825033000,3120200,5327149100,5334983100
10,1962,241917874709100,2793500,5376825200,5384659200
10,1978,241917924098900,2953100,5426215000,5434049000
10,1994,241917980210900,3246400,5482327000,5490161000
10,2010,241918027239200,3275500,5529355300,5537189300
10,2026,241918078203900,2840800,5580320000,5588154000
10,2042,241918134047600,2775800,5636163700,5643997700
11,11,241912663644200,2316800,165760300,173594300
11,27,241912701000000,2204300,203116100,210950100
11,43,241912740174500,2276600,242290600,250124600
11,59,241912775412200,2257200,277528300,285362300
11,75,241912812074500,2234900,314190600,322024600
11,91,241912848215200,2282700,350331300,358165300
11,107,241912886652900,2519100,388769000,396603000
11,123,241912925318900,2635100,427435000,435269000
11,139,241912999080500,3296500,501196600,509030600
11,155,241913037187400,2185200,539303500,547137500
11,171,241913074723300,2301200,576839400,584673400
11,187,241913117144300,2160500,619260400,627094400
11,203,241913153164500,2120500,655280600,663114600
11,219,241913189276200,2202600,691392300,699226300
11,235,241913225782800,2199200,727898900,735732900
11,251,241913260223500,2110100,762339600,770173600
11,267,241913313764600,2199000,815880700,823714700
11,283,241913349089600,2159700,851205700,859039700
11,299,241913385563400,2766600,887679500,895513500
11,315,241913421788100,2879100,923904200,931738200
11,331,241913460848300,2182500,962964400,970798400
11,347,241913495951400,2245600,998067500,1005901500
11,363,241913531914200,2335700,1034030300,1041864300
11,379,241913568211700,2232600,1070327800,1078161800
11,395,241913621140500,2215900,1123256600,1131090600
11,411,241913655898200,2118800,1158014300,1165848300
11,427,241913691905100,2232600,1194021200,1201855200
11,443,241913728035500,2103900,1230151600,1237985600
11,459,241913763312700,2148500,1265428800,1273262800
11,475,241913798424500,2329100,1300540600,1308374600
11,491,241913834860200,1977900,1336976300,1344810300
11,507,241913870651900,2137800,1372768000,1380602000
11,523,241913906155000,2133400,1408271100,1416105100
11,539,241913961214600,2114100,1463330700,1471164700
11,555,241913995134000,2094600,1497250100,1505084100
11,571,241914030814300,2163500,1532930400,1540764400
11,587,241914066473600,2234400,1568589700,1576423700
11,603,241914101007200,2117900,1603123300,1610957300
11,619,241914134917700,2144800,1637033800,1644867800
11,635,241914168994600,2152200,1671110700,1678944700
11,651,241914203135500,2128100,1705251600,1713085600
11,667,241914256229900,2072100,1758346000,1766180000
11,683,241914296467100,2177900,1798583200,1806417200
11,699,241914332320900,2234200,1834437000,1842271000
11,715,241914366767400,2059900,1868883500,1876717500
11,731,241914400484900,2130900,1902601000,1910435000
11,747,241914436272300,2352000,1938388400,1946222400
11,763,241914473207000,2188500,1975323100,1983157100
11,779,241914508029900,2171900,2010146000,2017980000
11,795,241914563646400,2302500,2065762500,2073596500
11,811,241914599815300,2237800,2101931400,2109765400
11,827,241914635905400,2191400,2138021500,2145855500
11,843,241914672237800,2317100,2174353900,2182187900
11,859,241914708905400,2227600,2211021500,2218855500
11,875,241914745135700,2188200,2247251800,2255085800
11,891,241914779894300,2190200,2282010400,2289844400
11,907,241914814320700,2135800,2316436800,2324270800
11,923,241914848410300,2123900,2350526400,2358360400
11,939,241914906601200,2158200,2408717300,2416551300
11,955,241914942300000,2212500,2444416100,2452250100
11,971,241914977382700,2162100,2479498800,2487332800
11,987,241915012193900,2187900,2514310000,2522144000
11,1003,241915047085400,2196300,2549201500,2557035500
11,1019,241915083203200,2147700,2585319300,2593153300
11,1035,241915118434100,2302400,2620550200,2628384200
11,1051,241915154064900,2117100,2656181000,2664015000
11,1067,241915195409700,2118500,2697525800,2705359800
11,1083,241915230017900,2122200,2732134000,2739968000
11,1099,241915264474600,2192200,2766590700,2774424700
11,1115,241915298840700,2144300,2800956800,2808790800
11,1131,241915333646200,2242300,2835762300,2843596300
11,1147,241915369678200,2169500,2871794300,2879628300
11,1163,241915404915200,2142300,2907031300,2914865300
11,1179,241915439491800,2134500,2941607900,2949441900
11,1195,241915480299300,2158500,2982415400,2990249400
11,1211,241915522074300,3028400,3024190400,3032024400
11,1227,241915569957500,2902100,3072073600,3079907600
11,1243,241915614341400,2751800,3116457500,3124291500
11,1259,241915656382300,3135900,3158498400,3166332400
11,1275,241915700642100,2627400,3202758200,3210592200
11,1291,241915743582700,2571800,3245698800,3253532800
11,1307,241915785870700,2593900,3287986800,3295820800
11,1323,241915828192600,2627000,3330308700,3338142700
11,1339,241915882143700,2686700,3384259800,3392093800
11,1355,241915929237800,2610200,3431353900,3439187900
11,1371,241915975748900,2784700,3477865000,3485699000
11,1387,241916019304900,2543500,3521421000,3529255000
11,1403,241916064355800,2955700,3566471900,3574305900
11,1419,241916110105000,2603300,3612221100,3620055100
11,1435,241916154545200,2840700,3656661300,3664495300
11,1451,241916203483100,3272400,3705599200,3713433200
11,1467,241916254422200,2937100,3756538300,3764372300
11,1483,241916302785900,2685600,3804902000,3812736000
11,1499,241916349042500,3137200,3851158600,3858992600
11,1515,241916397923000,3086200,3900039100,3907873100
11,1531,241916448881400,2756100,3950997500,3958831500
11,1547,241916499854900,3354100,4001971000,4009805000
11,1563,241916550002400,4162000,4052118500,4059952500
11,1579,241916604828100,2677600,4106944200,4114778200
11,1595,241916663311800,3166800,4165427900,4173261900
11,1611,241916712772000,3098300,4214888100,4222722100
11,1627,241916762828700,3434400,4264944800,4272778800
11,1643,241916818829400,2881200,4320945500,4328779500
11,1659,241916869631700,3072500,4371747800,4379581800
11,1675,241916923292700,2914700,4425408800,4433242800
11,1691,241916979512200,3439000,4481628300,4489462300
11,1707,241917036924500,4460200,4539040600,4546874600
11,1723,241917090480200,4058700,4592596300,4600430300
11,1739,241917156887100,3600000,4659003200,4666837200
11,1755,241917209771700,2921500,4711887800,4719721800
11,1771,241917257944500,3315400,4760060600,4767894600
11,1787,241917307792200,2929100,4809908300,4817742300
11,1803,241917358585700,3444700,4860701800,4868535800
11,1819,241917409839300,2591700,4911955400,4919789400
11,1835,241917462001600,3526900,4964117700,4971951700
11,1851,241917514144200,3204000,5016260300,5024094300
11,1867,241917571966500,3276200,5074082600,5081916600
11,1883,241917620835600,3039700,5122951700,5130785700
11,1899,241917673246900,3030800,5175363000,5183197000
11,1915,241917726314500,2810500,5228430600,5236264600
11,1931,241917775856900,3239100,5277973000,5285807000
11,1947,241917827795500,2997600,5329911600,5337745600
11,1963,241917877092300,2792500,5379208400,5387042400
11,1979,241917926512800,3081000,5428628900,5436462900
11,1995,241917983054000,2904100,5485170100,5493004100
11,2011,241918030062600,2985000,5532178700,5540012700
11,2027,241918080629500,3244400,5582745600,5590579600
11,2043,241918136445900,2587200,5638562000,5646396000
12,12,241912665995300,2437100,168111400,175945400
12,28,241912703119600,2167600,205235700,213069700
12,44,241912742389100,2339600,244505200,252339200
12,60,241912777639800,2309600,279755900,287589900
12,76,241912814279500,2306300,316395600,324229600
12,92,241912850564700,2268700,352680800,360514800
12,108,241912889477100,2448700,391593200,399427200
12,124,241912928369900,3038200,430486000,438320000
12,140,241913003417400,2348900,505533500,513367500
12,156,241913040743400,2499100,542859500,550693500
12,172,241913078099600,2362000,580215700,588049700
12,188,241913120116900,2442100,622233000,630067000
12,204,241913156124700,2283700,658240800,666074800
12,220,241913192308900,2255000,694425000,702259000
12,236,241913228833700,2132500,730949800,738783800
12,252,241913263244300,2150600,765360400,773194400
12,268,241913317071500,2196400,819187600,827021600
12,284,241913352415100,2282500,854531200,862365200
12,300,241913390021700,2313200,892137800,899971800
12,316,241913425643400,4364800,927759500,935593500
12,332,241913463229800,2176000,965345900,973179900
12,348,241913498498700,2213000,1000614800,1008448800
12,364,241913534365200,2240600,1036481300,1044315300
12,380,241913570536400,2180800,1072652500,1080486500
12,396,241913623477100,2251900,1125593200,1133427200
12,412,241913658050100,2218500,1160166200,1168000200
12,428,241913694005600,2415100,1196121700,1203955700
12,444,241913730233100,2352600,1232349200,1240183200
12,460,241913765575900,2104200,1267692000,1275526000
12,476,241913800822100,2363800,1302938200,1310772200
12,492,241913836974800,3956000,1339090900,1346924900
12,508,241913874613600,2185800,1376729700,1384563700
12,524,241913929938800,2560500,1432054900,1439888900
12,540,241913965053900,2105900,1467170000,1475004000
12,556,241913999010900,2108800,1501127000,1508961000
12,572,241914034669600,2171400,1536785700,1544619700
12,588,241914070474900,2219400,1572591000,1580425000
12,604,241914104756300,2104700,1606872400,1614706400
12,620,241914138723200,2131200,1640839300,1648673300
12,636,241914172796500,2122700,1674912600,1682746600
12,652,241914206923000,2134300,1709039100,1716873100
12,668,241914259891800,2136700,1762007900,1769841900
12,684,241914299413900,2163100,1801530000,1809364000
12,700,241914335766300,2146200,1837882400,1845716400
12,716,241914369702400,2087400,1871818500,1879652500
12,732,241914403489600,2113800,1905605700,1913439700
12,748,241914439624200,2307600,1941740300,1949574300
12,764,241914476538200,2201900,1978654300,1986488300
12,780,241914511207200,2149000,2013323300,2021157300
12,796,241914567196400,2404000,2069312500,2077146500
12,812,241914603311200,2330800,2105427300,2113261300
12,828,241914639337000,2238400,2141453100,2149287100
12,844,241914675752600,2266900,2177868700,2185702700
12,860,241914711678500,2337000,2213794600,2221628600
12,876,241914747864300,2205900,2249980400,2257814400
12,892,241914782621800,2190600,2284737900,2292571900
12,908,241914816958300,2113900,2319074400,2326908400
12,924,241914851048900,21774900,2353165000,2360999000
12,940,241914909153900,2124100,2411270000,2419104000
12,956,241914945018800,2191900,2447134900,2454968900
12,972,241914980048900,2190700,2482165000,2489999000
12,988,241915014876400,2143700,2516992500,2524826500
12,1004,241915049857100,2473200,2551973200,2559807200
12,1020,241915085882400,2111400,2587998500,2595832500
12,1036,241915121413000,2342800,2623529100,2631363100
12,1052,241915156859000,2246800,2658975100,2666809100
12,1068,241915198171900,2142100,2700288000,2708122000
12,1084,241915232798300,2109900,2734914400,2742748400
12,1100,241915267403400,2093100,2769519500,2777353500
12,1116,241915301718300,2137200,2803834400,2811668400
12,1132,241915336507700,2196300,2838623800,2846457800
12,1148,241915372437500,2171000,2874553600,2882387600
12,1164,241915407712900,2125100,2909829000,2917663000
12,1180,241915442251400,2135900,2944367500,2952201500
12,1196,241915483130100,2351900,2985246200,2993080200
12,1212,241915526074100,3058600,3028190200,3036024200
12,1228,241915572694400,2918100,3074810500,3082644500
12,1244,241915616938100,2735300,3119054200,3126888200
12,1260,241915659364500,2726200,3161480600,3169314600
12,1276,241915703159600,2664100,3205275700,3213109700
12,1292,241915746044000,2616700,3248160100,3255994100
12,1308,241915788362000,2587300,3290478100,3298312100
12,1324,241915830695500,8462600,3332811600,3340645600
12,1340,241915884715300,2741500,3386831400,3394665400
12,1356,241915931744200,2578900,3433860300,3441694300
12,1372,241915978423800,2833000,3480539900,3488373900
12,1388,241916021752900,2565300,3523869000,3531703000
12,1404,241916066954600,2948700,3569070700,3576904700
12,1420,241916112395300,2657200,3614511400,3622345400
12,1436,241916157035800,2838200,3659151900,3666985900
12,1452,241916206297900,3294500,3708414000,3716248000
12,1468,241916256957600,2744800,3759073700,3766907700
12,1484,241916305106900,2608900,3807223000,3815057000
12,1500,241916351950300,2824400,3854066400,3861900400
12,1516,241916400633300,3036000,3902749400,3910583400
12,1532,241916451364400,2707400,3953480500,3961314500
12,1548,241916502945400,3029700,4005061500,4012895500
12,1564,241916553972800,4100800,4056088900,4063922900
12,1580,241916607431900,2741100,4109548000,4117382000
12,1596,241916666584800,2602700,4168700900,4176534900
12,1612,241916715994000,3153500,4218110100,4225944100
12,1628,241916766380500,4338200,4268496600,4276330600
12,1644,241916821874300,2885800,4323990400,4331824400
12,1660,241916872919600,3145200,4375035700,4382869700
12,1676,241916926330800,3201800,4428446900,4436280900
12,1692,241916982779800,5191300,4484895900,4492729900
12,1708,241917041048900,3151700,4543165000,4550999000
12,1724,241917094288600,2724700,4596404700,4604238700
12,1740,241917160111800,3203800,4662227900,4670061900
12,1756,241917212388400,3352700,4714504500,4722338500
12,1772,241917260987300,3207800,4763103400,4770937400
12,1788,241917310343200,2949600,4812459300,4820293300
12,1804,241917361589300,3768700,4863705400,4871539400
12,1820,241917412182100,3392000,4914298200,4922132200
12,1836,241917465162800,3137900,4967278900,4975112900
12,1852,241917517013400,3297900,5019129500,5026963500
12,1868,241917574933500,3107600,5077049600,5084883600
12,1884,241917623545900,3075000,5125662000,5133496000
12,1900,241917675947000,3047600,5178063100,5185897100
12,1916,241917728654600,2766000,5230770700,5238604700
12,1932,241917778519400,3086400,5280635500,5288469500
12,1948,241917830291300,2794500,5332407400,5340241400
12,1964,241917879409700,3313300,5381525800,5389359800
12,1980,241917929042800,2955900,5431158900,5438992900
12,1996,241917985381100,2880400,5487497200,5495331200
12,2012,241918032452500,2880900,5534568600,5542402600
12,2028,241918083371100,3489200,5585487200,5593321200
12,2044,241918138639700,2660800,5640755800,5648589800
13,13,241912668539800,2285800,170655900,178489900
13,29,241912705405900,2182500,207522000,215356000
13,45,241912744881700,2165300,246997800,254831800
13,61,241912780015100,2349800,282131200,289965200
13,77,241912816662600,2238400,318778700,326612700
13,93,241912852800800,2253700,354916900,362750900
13,109,241912891686800,2419800,393802900,401636900
13,125,241912931220300,26458500,433336400,441170400
13,141,241913007558800,2349900,509674900,517508900
13,157,241913045214800,2521100,547330900,555164900
13,173,241913082156400,2553800,584272500,592106500
13,189,241913124649800,2335800,626765900,634599900
13,205,241913160271300,2143400,662387400,670221400
13,221,241913196529200,2356000,698645300,706479300
13,237,241913232772000,2107800,734888100,742722100
13,253,241913267276400,2359800,769392500,777226500
13,269,241913320941500,2232300,823057600,830891600
13,285,241913356238500,2112000,858354600,866188600
13,301,241913393482900,2196100,895599000,903433000
13,317,241913432933600,2287400,935049700,942883700
13,333,241913468080100,2187300,970196200,978030200
13,349,241913503390600,2162900,1005506700,1013340700
13,365,241913539349000,2333100,1041465100,1049299100
13,381,241913575270100,2130200,1077386200,1085220200
13,397,241913628350600,2116100,1130466700,1138300700
13,413,241913663279000,2353100,1165395100,1173229100
13,429,241913699276100,2091000,1201392200,1209226200
13,445,241913735297800,2182300,1237413900,1245247900
13,461,241913770335300,2153000,1272451400,1280285400
13,477,241913806026200,2203000,1308142300,1315976300
13,493,241913841393800,2275400,1343509900,1351343900
13,509,241913877572200,2190000,1379688300,1387522300
13,525,241913933216200,2154000,1435332300,1443166300
13,541,241913967922600,2084400,1470038700,1477872700
13,557,241914001884800,2159700,1504000900,1511834900
13,573,241914037828600,2149600,1539944700,1547778700
13,589,241914073652900,2218500,1575769000,1583603000
13,605,241914107757700,2104800,1609873800,1617707800
13,621,241914141793700,2146700,1643909800,1651743800
13,637,241914175860800,2116600,1677976900,1685810900
13,653,241914210008000,2102100,1712124100,1719958100
13,669,241914262996100,2076700,1765112200,1772946200
13,685,241914303887300,2187800,1806003400,1813837400
13,701,241914340096400,2150700,1842212500,1850046500
13,717,241914373909900,2075700,1876026000,1883860000
13,733,241914407715000,2132000,1909831100,1917665100
13,749,241914444042600,2261800,1946158700,1953992700
13,765,241914480631200,2144700,1982747300,1990581300
13,781,241914515241000,2207000,2017357100,2025191100
13,797,241914571227200,2285400,2073343300,2081177300
13,813,241914607273500,2234200,2109389600,2117223600
13,829,241914643203800,2127000,2145319900,2153153900
13,845,241914679833600,2171000,2181949700,2189783700
13,861,241914717190600,2238100,2219306700,2227140700
13,877,241914753177900,2143900,2255294000,2263128000
13,893,241914787657600,2121600,2289773700,2297607700
13,909,241914821870300,2136300,2323986400,2331820400
13,925,241914877977000,3476000,2380093100,2387927100
13,941,241914914056700,2179300,2416172800,2424006800
13,957,241914950103000,2211400,2452219100,2460053100
13,973,241914985029500,2111400,2487145600,2494979600
13,989,241915019892500,2164400,2522008600,2529842600
13,1005,241915055478200,2342500,2557594300,2565428300
13,1021,241915090654600,2141200,2592770700,2600604700
13,1037,241915126141500,2275900,2628257600,2636091600
13,1053,241915161515600,2236000,2663631700,2671465700
13,1069,241915202814200,2276000,2704930300,2712764300
13,1085,241915237381700,2136700,2739497800,2747331800
13,1101,241915271941700,2141200,2774057800,2781891800
13,1117,241915306269000,2153700,2808385100,2816219100
13,1133,241915341408400,2309900,2843524500,2851358500
13,1149,241915377248100,2124000,2879364200,2887198200
13,1165,241915412285100,2178700,2914401200,2922235200
13,1181,241915446889900,2165100,2949006000,2956840000
13,1197,241915488114300,2155700,2990230400,2998064400
13,1213,241915532478800,3023000,3034594900,3042428900
13,1229,241915579115200,2961500,3081231300,3089065300
13,1245,241915623422400,2662200,3125538500,3133372500
13,1261,241915666115600,2910100,3168231700,3176065700
13,1277,241915709994600,2696300,3212110700,3219944700
13,1293,241915752299500,2541000,3254415600,3262249600
13,1309,241915794605900,2546300,3296722000,3304556000
13,1325,241915843247400,2828500,3345363500,3353197500
13,1341,241915891398100,2694600,3393514200,3401348200
13,1357,241915938034400,2698100,3440150500,3447984500
13,1373,241915985111700,2711200,3487227800,3495061800
13,1389,241916027895200,2548500,3530011300,3537845300
13,1405,241916073843400,2937600,3575959500,3583793500
13,1421,241916118725200,2698200,3620841300,3628675300
13,1437,241916163698100,2845800,3665814200,3673648200
13,1453,241916213158800,2769500,3715274900,3723108900
13,1469,241916263225400,2738800,3765341500,3773175500
13,1485,241916311089200,3086100,3813205300,3821039300
13,1501,241916358237900,2821400,3860354000,3868188000
13,1517,241916407327200,3217500,3909443300,3917277300
13,1533,241916457850800,3152700,3959966900,3967800900
13,1549,241916509922500,3484600,4012038600,4019872600
13,1565,241916563564800,3202300,4065680900,4073514900
13,1581,241916613501700,2753500,4115617800,4123451800
13,1597,241916672839000,3135100,4174955100,4182789100
13,1613,241916722482800,2958700,4224598900,4232432900
13,1629,241916774953200,3600700,4277069300,4284903300
13,1645,241916828158100,3437000,4330274200,4338108200
13,1661,241916880057900,2918000,4382174000,4390008000
13,1677,241916933337200,3340500,4435453300,4443287300
13,1693,241916991702700,4364700,4493818800,4501652800
13,1709,241917047895900,4375100,4550012000,4557846000
13,1725,241917108209100,4003000,4610325200,4618159200
13,1741,241917167550600,3339000,4669666700,4677500700
13,1757,241917219813000,4155300,4721929100,4729763100
13,1773,241917269356200,3058900,4771472300,4779306300
13,1789,241917318692300,3217500,4820808400,4828642400
13,1805,241917370388400,2901300,4872504500,4880338500
13,1821,241917420791300,3440700,4922907400,4930741400
13,1837,241917473537400,3228200,4975653500,4983487500
13,1853,241917525520700,3634000,5027636800,5035470800
13,1869,241917582476800,3071400,5084592900,5092426900
13,1885,241917631272000,3084700,5133388100,5141222100
13,1901,241917684034000,3150400,5186150100,5193984100
13,1917,241917736291600,3246900,5238407700,5246241700
13,1933,241917786679400,3648600,5288795500,5296629500
13,1949,241917837850300,3344200,5339966400,5347800400
13,1965,241917888323000,2912900,5390439100,5398273100
13,1981,241917936763900,2804100,5438880000,5446714000
13,1997,241917992568100,3142300,5494684200,5502518200
13,2013,241918040254200,3217900,5542370300,5550204300
13,2029,241918091487700,3001300,5593603800,5601437800
13,2045,241918146160500,4087400,5648276600,5656110600
14,14,241912670796400,2259200,172912500,180746500
14,30,241912707681200,2261900,209797300,217631300
14,46,241912747138200,2338800,249254300,257088300
14,62,241912782604700,2224300,284720800,292554800
14,78,241912819147200,2343900,321263300,329097300
14,94,241912855300400,2212600,357416500,365250500
14,110,241912894431700,2453700,396547800,404381800
14,126,241912958323400,3835300,460439500,468273500
14,142,241913009976200,2162500,512092300,519926300
14,158,241913047908200,2117900,550024300,557858300
14,174,241913084884600,3524500,587000700,594834700
14,190,241913127050200,2311000,629166300,637000300
14,206,241913162504900,2381100,664621000,672455000
14,222,241913199060900,2338800,701177000,709011000
14,238,241913235025500,2143100,737141600,744975600
14,254,241913269751100,2160900,771867200,779701200
14,270,241913323291800,2158800,825407900,833241900
14,286,241913358527600,2192600,860643700,868477700
14,302,241913395713800,2207500,897829900,905663900
14,318,241913434746700,2223000,936862800,944696800
14,334,241913470039900,2153800,972156000,979990000
14,350,241913505172500,2201000,1007288600,1015122600
14,366,241913541447500,2169100,1043563600,1051397600
14,382,241913577197300,2167200,1079313400,1087147400
14,398,241913630362600,2152800,1132478700,1140312700
14,414,241913665575300,2317600,1167691400,1175525400
14,430,241913701480800,2169800,1203596900,1211430900
14,446,241913737572600,2338300,1239688700,1247522700
14,462,241913772554000,2126400,1274670100,1282504100
14,478,241913808349100,2419600,1310465200,1318299200
14,494,241913845036500,2292200,1347152600,1354986600
14,510,241913880863900,2307700,1382980000,1390814000
14,526,241913936391500,2100700,1438507600,1446341600
14,542,241913971022700,2080600,1473138800,1480972800
14,558,241914005108300,2439500,1507224400,1515058400
14,574,241914040805400,2164200,1542921500,1550755500
14,590,241914076811300,2266500,1578927400,1586761400
14,606,241914110763600,2103300,1612879700,1620713700
14,622,241914144855700,2142200,1646971800,1654805800
14,638,241914178872600,2136800,1680988700,1688822700
14,654,241914212999500,2113300,1715115600,1722949600
14,670,241914265767800,962000,1767883900,1775717900
14,686,241914304895800,2207600,1807011900,1814845900
14,702,241914340994800,2165300,1843110900,1850944900
14,718,241914374784800,2085600,1876900900,1884734900
14,734,241914408633400,2126100,1910749500,1918583500
14,750,241914444774400,2299400,1946890500,1954724500
14,766,241914481383000,2165900,1983499100,1991333100
14,782,241914516097100,2176100,2018213200,2026047200
14,798,241914572402100,2246900,2074518200,2082352200
14,814,241914608381100,2258400,2110497200,2118331200
14,830,241914644260700,2107500,2146376800,2154210800
14,846,241914680850400,2145300,2182966500,2190800500
14,862,241914717769500,2214800,2219885600,2227719600
14,878,241914753792800,2140600,2255908900,2263742900
14,894,241914788218600,2128600,2290334700,2298168700
14,910,241914822444300,2115100,2324560400,2332394400
14,926,241914879052400,3270400,2381168500,2389002500
14,942,241914914705200,2163800,2416821300,2424655300
14,958,241914950754900,2189300,2452871000,2460705000
14,974,241914985588400,2121900,2487704500,2495538500
14,990,241915020445300,2142700,2522561400,2530395400
14,1006,241915056014900,2342600,2558131000,2565965000
14,1022,241915091128000,2155300,2593244100,2601078100
14,1038,241915126670000,2344100,2628786100,2636620100
14,1054,241915162013200,2194100,2664129300,2671963300
14,1070,241915203081300,2253900,2705197400,2713031400
14,1086,241915237418900,2130300,2739535000,2747369000
14,1102,241915271911300,2138800,2774027400,2781861400
14,1118,241915306239200,2150500,2808355300,2816189300
14,1134,241915341346300,2310400,2843462400,2851296400
14,1150,241915377190900,2280100,2879307000,2887141000
14,1166,241915412344400,2183200,2914460500,2922294500
14,1182,241915446953800,2162900,2949069900,2956903900
14,1198,241915488288800,2150300,2990404900,2998238900
14,1214,241915532771900,2914400,3034888000,3042722000
14,1230,241915579385900,2890600,3081502000,3089336000
14,1246,241915623613900,2647700,3125730000,3133564000
14,1262,241915666249900,2920100,3168366000,3176200000
14,1278,241915710026000,2711300,3212142100,3219976100
14,1294,241915752327500,2565600,3254443600,3262277600
14,1310,241915794773300,2547500,3296889400,3304723400
14,1326,241915843454900,2799400,3345571000,3353405000
14,1342,241915891606900,2635100,3393723000,3401557000
14,1358,241915938294600,2715900,3440410700,3448244700
14,1374,241915985376800,2683900,3487492900,3495326900
14,1390,241916028144000,2544200,3530260100,3538094100
14,1406,241916074285700,2873500,3576401800,3584235800
14,1422,241916119169900,2638700,3621286000,3629120000
14,1438,241916164128400,2857400,3666244500,3674078500
14,1454,241916213774300,2667400,3715890400,3723724400
14,1470,241916263768300,2714900,3765884400,3773718400
14,1486,241916311721600,3047600,3813837700,3821671700
14,1502,241916358903400,2759000,3861019500,3868853500
14,1518,241916408185500,3024800,3910301600,3918135600
14,1534,241916458778900,2957400,3960895000,3968729000
14,1550,241916511286700,3293400,4013402800,4021236800
14,1566,241916564659300,3210300,4066775400,4074609400
14,1582,241916613891200,2747400,4116007300,4123841300
14,1598,241916673328600,3167700,4175444700,4183278700
14,1614,241916722993300,2956000,4225109400,4232943400
14,1630,241916775464800,3704200,4277580900,4285414900
14,1646,241916828703900,3359300,4330820000,4338654000
14,1662,241916880355200,3024400,4382471300,4390305300
14,1678,241916933750700,3236900,4435866800,4443700800
14,1694,241916991872500,4334400,4493988600,4501822600
14,1710,241917048103400,4378100,4550219500,4558053500
14,1726,241917108403500,3955300,4610519600,4618353600
14,1742,241917167682100,3340100,4669798200,4677632200
14,1758,241917219905700,3432600,4722021800,4729855800
14,1774,241917268606900,3052100,4770723000,4778557000
14,1790,241917317875300,3141800,4819991400,4827825400
14,1806,241917369603500,2919900,4871719600,4879553600
14,1822,241917419918900,3709400,4922035000,4929869000
14,1838,241917472730300,3279900,4974846400,4982680400
14,1854,241917524967200,3742600,5027083300,5034917300
14,1870,241917582596700,3060900,5084712800,5092546800
14,1886,241917631362100,3076200,5133478200,5141312200
14,1902,241917683983500,3158900,5186099600,5193933600
14,1918,241917736231700,3218800,5238347800,5246181800
14,1934,241917786628200,3644000,5288744300,5296578300
14,1950,241917837767800,3355300,5339883900,5347717900
14,1966,241917888198500,2906100,5390314600,5398148600
14,1982,241917936573700,2773900,5438689800,5446523800
14,1998,241917992327600,3191900,5494443700,5502277700
14,2014,241918040128400,3114200,5542244500,5550078500
14,2030,241918091189000,2972200,5593305100,5601139100
14,2046,241918145891700,4036800,5648007800,5655841800
15,15,241912673227500,2329200,175343600,183177600
15,31,241912709910700,2384900,212026800,219860800
15,47,241912749448700,2197200,251564800,259398800
15,63,241912784622600,2242300,286738700,294572700
15,79,241912821201400,2236700,323317500,331151500
15,95,241912857200200,2293200,359316300,367150300
15,111,241912896503800,2342800,398619900,406453900
15,127,241912961582800,3293200,463698900,471532900
15,143,241913011497100,2262700,513613200,521447200
15,159,241913049650800,2136200,551766900,559600900
15,175,241913087976300,3391100,590092400,597926400
15,191,241913128853000,2174400,630969100,638803100
15,207,241913164329200,2390200,666445300,674279300
15,223,241913200907500,2277200,703023600,710857600
15,239,241913236681000,2098900,738797100,746631100
15,255,241913271452700,20487900,773568800,781402800
15,271,241913325042800,2156700,827158900,834992900
15,287,241913360245500,2289000,862361600,870195600
15,303,241913397502000,2220800,899618100,907452100
15,319,241913437033300,2239600,939149400,946983400
15,335,241913471936200,2310600,974052300,981886300
15,351,241913507175400,2168800,1009291500,1017125500
15,367,241913543288400,2162000,1045404500,1053238500
15,383,241913579011200,2127700,1081127300,1088961300
15,399,241913632054000,2223700,1134170100,1142004100
15,415,241913667212800,2324800,1169328900,1177162900
15,431,241913703132700,2208300,1205248800,1213082800
15,447,241913739313100,2286300,1241429200,1249263200
15,463,241913774134500,2109800,1276250600,1284084600
15,479,241913810055800,2225900,1312171900,1320005900
15,495,241913846446200,2320000,1348562300,1356396300
15,511,241913882392400,2229500,1384508500,1392342500
15,527,241913937840800,2089400,1439956900,1447790900
15,543,241913972408900,2171400,1474525000,1482359000
15,559,241914006685900,2313100,1508802000,1516636000
15,575,241914042218100,2196900,1544334200,1552168200
15,591,241914078279400,2296400,1580395500,1588229500
15,607,241914112122500,2103900,1614238600,1622072600
15,623,241914146246100,2142800,1648362200,1656196200
15,639,241914180264800,2144900,1682380900,1690214900
15,655,241914214368800,2128100,1716484900,1724318900
15,671,241914268139400,4577100,1770255500,1778089500
15,687,241914307582000,2263600,1809698100,1817532100
15,703,241914343617300,2096100,1845733400,1853567400
15,719,241914377331800,2141400,1879447900,1887281900
15,735,241914411222900,2127600,1913339000,1921173000
15,751,241914447674500,2286700,1949790600,1957624600
15,767,241914484230200,2158500,1986346300,1994180300
15,783,241914518874200,2138500,2020990300,2028824300
15,799,241914575080700,2217300,2077196800,2085030800
15,815,241914611057100,2207100,2113173200,2121007200
15,831,241914646875400,2164300,2148991500,2156825500
15,847,241914683482000,2173200,2185598100,2193432100
15,863,241914720536000,2218100,2222652100,2230486100
15,879,241914756453000,2161300,2258569100,2266403100
15,895,241914790898900,2120200,2293015000,2300849000
15,911,241914825083000,2147400,2327199100,2335033100
15,927,241914882795400,2261200,2384911500,2392745500
15,943,241914917270100,2647300,2419386200,2427220200
15,959,241914953537600,2201800,2455653700,2463487700
15,975,241914988328700,2109000,2490444800,2498278800
15,991,241915023173800,2213200,2525289900,2533123900
15,1007,241915058960900,2267900,2561077000,2568911000
15,1023,241915093848200,2117900,2595964300,2603798300
15,1039,241915130299300,2221600,2632415400,2640249400
15,1055,241915165305800,2380300,2667421900,2675255900
15,1071,241915206478400,2209300,2708594500,2716428500
15,1087,241915240785200,2111200,2742901300,2750735300
15,1103,241915275438200,2134100,2777554300,2785388300
15,1119,241915309790000,2129600,2811906100,2819740100
15,1135,241915345313800,2293300,2847429900,2855263900
15,1151,241915380974100,2158500,2883090200,2890924200
15,1167,241915415976200,2251400,2918092300,2925926300
15,1183,241915450533600,2147400,2952649700,2960483700
15,1199,241915491764100,2255800,2993880200,3001714200
15,1215,241915537171700,2811000,3039287800,3047121800
15,1231,241915583884500,2744100,3086000600,3093834600
15,1247,241915627719600,2601600,3129835700,3137669700
15,1263,241915670490100,2666000,3172606200,3180440200
15,1279,241915714119700,2716100,3216235800,3224069800
15,1295,241915756229600,2623200,3258345700,3266179700
15,1311,241915798456500,2676000,3300572600,3308406600
15,1327,241915847510100,2787200,3349626200,3357460200
15,1343,241915895174500,2722400,3397290600,3405124600
15,1359,241915942104700,2635400,3444220800,3452054800
15,1375,241915989168100,2587700,3491284200,3499118200
15,1391,241916031815400,2582300,3533931500,3541765500
15,1407,241916078426800,2752900,3580542900,3588376900
15,1423,241916123040000,2719700,3625156100,3632990100
15,1439,241916168219800,2856100,3670335900,3678169900
15,1455,241916217553700,2597300,3719669800,3727503800
15,1471,241916267609800,2723100,3769725900,3777559900
15,1487,241916316033500,3027200,3818149600,3825983600
15,1503,241916362953800,2898900,3865069900,3872903900
15,1519,241916412436600,2808200,3914552700,3922386700
15,1535,241916463337000,3688400,3965453100,3973287100
15,1551,241916515823400,3911400,4017939500,4025773500
15,1567,241916569205000,3328300,4071321100,4079155100
15,1583,241916618352800,2942200,4120468900,4128302900
15,1599,241916678422700,3039300,4180538800,4188372800
15,1615,241916727613400,2876100,4229729500,4237563500
15,1631,241916781123600,3267200,4283239700,4291073700
15,1647,241916833759000,3041000,4335875100,4343709100
15,1663,241916885232500,3233100,4387348600,4395182600
15,1679,241916938968800,3475300,4441084900,4448918900
15,1695,241916997829800,2631400,4499945900,4507779900
15,1711,241917054198000,3043500,4556314100,4564148100
15,1727,241917114524900,3216000,4616641000,4624475000
15,1743,241917172825400,3060100,4674941500,4682775500
15,1759,241917224851200,2837600,4726967300,4734801300
15,1775,241917273142600,3027300,4775258700,4783092700
15,1791,241917322973300,3401800,4825089400,4832923400
15,1807,241917374119400,3192500,4876235500,4884069500
15,1823,241917425076600,3057000,4927192700,4935026700
15,1839,241917477559300,3227700,4979675400,4987509400
15,1855,241917529967700,3452700,5032083800,5039917800
15,1871,241917586936100,2935800,5089052200,5096886200
15,1887,241917635452400,2962400,5137568500,5145402500
15,1903,241917688161400,3196400,5190277500,5198111500
15,1919,241917740363400,2863400,5242479500,5250313500
15,1935,241917791287700,3219900,5293403800,5301237800
15,1951,241917842164600,3277300,5344280700,5352114700
15,1967,241917891996500,2699200,5394112600,5401946600
15,1983,241917940305200,2975200,5442421300,5450255300
15,1999,241917996446800,2483100,5498562900,5506396900
15,2015,241918044228400,3204600,5546344500,5554178500
15,2031,241918095198800,3421700,5597314900,5605148900
15,2047,241918151416500,4038300,5653532600,5661366600
16,0,241912625193400,11577500,127309500,135143500
16,16,241912675621500,2228600,177737600,185571600
16,32,241912712266500,2392300,214382600,222216600
16,48,241912751618200,2190900,253734300,261568300
16,64,241912786896600,2355400,289012700,296846700
16,80,241912823623700,2252300,325739800,333573800
16,96,241912859741200,2218200,361857300,369691300
16,112,241912899171800,2317200,401287900,409121900
16,128,241912965337400,2829400,467453500,475287500
16,144,241913012732500,2990800,514848600,522682600
16,160,241913050469500,2191900,552585600,560419600
16,176,241913089304500,3291100,591420600,599254600
16,192,241913129809400,2138400,631925500,639759500
16,208,241913165630900,2414400,667747000,675581000
16,224,241913202003000,2287800,704119100,711953100
16,240,241913237736200,2084000,739852300,747686300
16,256,241913272450600,20705000,774566700,782400700
16,272,241913326064200,2107200,828180300,836014300
16,288,241913361330700,2416100,863446800,871280800
16,304,241913398541800,2177200,900657900,908491900
16,320,241913436546600,2237200,938662700,946496700
16,336,241913471443500,2268600,973559600,981393600
16,352,241913506681200,2188200,1008797300,1016631300
16,368,241913542786500,2170900,1044902600,1052736600
16,384,241913578541000,2152200,1080657100,1088491100
16,400,241913631620600,2223400,1133736700,1141570700
16,416,241913666943900,2327700,1169060000,1176894000
16,432,241913702609900,2193800,1204726000,1212560000
16,448,241913738970500,2258900,1241086600,1248920600
16,464,241913773825700,2107500,1275941800,1283775800
16,480,241913809701700,2256200,1311817800,1319651800
16,496,241913847835300,2375500,1349951400,1357785400
16,512,241913883706700,2228900,1385822800,1393656800
16,528,241913938915200,2085600,1441031300,1448865300
16,544,241913973549100,2134900,1475665200,1483499200
16,560,241914007991600,2300500,1510107700,1517941700
16,576,241914043425700,2171200,1545541800,1553375800
16,592,241914079542500,2223300,1581658600,1589492600
16,608,241914113297300,2088000,1615413400,1623247400
16,624,241914147428100,2136100,1649544200,1657378200
16,640,241914181439800,2148000,1683555900,1691389900
16,656,241914215542800,20633800,1717658900,1725492900
16,672,241914269385200,4817200,1771501300,1779335300
16,688,241914308653300,2307000,1810769400,1818603400
16,704,241914344470000,2106000,1846586100,1854420100
16,720,241914378195200,2165300,1880311300,1888145300
16,736,241914412127300,2145600,1914243400,1922077400
16,752,241914448509400,2322900,1950625500,1958459500
16,768,241914485100600,2128900,1987216700,1995050700
16,784,241914519669000,2154900,2021785100,2029619100
16,800,241914576042900,2250700,2078159000,2085993000
16,816,241914612024900,2175900,2114141000,2121975000
16,832,241914647775000,2548100,2149891100,2157725100
16,848,241914684308500,2159400,2186424600,2194258600
16,864,241914720965500,2232800,2223081600,2230915600
16,880,241914756888700,2171300,2259004800,2266838800
16,896,241914791314400,2138100,2293430500,2301264500
16,912,241914825503700,2128600,2327619800,2335453800
16,928,241914883342800,2292600,2385458900,2393292900
16,944,241914917914000,2641600,2420030100,2427864100
16,960,241914953976400,2222100,2456092500,2463926500
16,976,241914988721200,2113900,2490837300,2498671300
16,992,241915023545100,2295600,2525661200,2533495200
16,1008,241915059296700,2274200,2561412800,2569246800
16,1024,241915094145900,2145600,2596262000,2604096000
16,1040,241915130723800,2228200,2632839900,2640673900
16,1056,241915165924300,2324500,2668040400,2675874400
16,1072,241915207235900,2226600,2709352000,2717186000
16,1088,241915241510800,2127200,2743626900,2751460900
16,1104,241915276114000,2152000,2778230100,2786064100
16,1120,241915310478900,2129700,2812595000,2820429000
16,1136,241915346051700,2236700,2848167800,2856001800
16,1152,241915381531000,2223100,2883647100,2891481100
16,1168,241915416551200,2329900,2918667300,2926501300
16,1184,241915451152500,2171100,2953268600,2961102600
16,1200,241915492548100,2389600,2994664200,3002498200
16,1216,241915538474900,3053600,3040591000,3048425000
16,1232,241915585298700,2753500,3087414800,3095248800
16,1248,241915629016000,2631800,3131132100,3138966100
16,1264,241915671907500,2503400,3174023600,3181857600
16,1280,241915715592300,2737600,3217708400,3225542400
16,1296,241915757673300,2668400,3259789400,3267623400
16,1312,241915799850700,2797900,3301966800,3309800800
16,1328,241915849104900,2838000,3351221000,3359055000
16,1344,241915896726600,4345000,3398842700,3406676700
16,1360,241915943564700,2718900,3445680800,3453514800
16,1376,241915990642300,2569300,3492758400,3500592400
16,1392,241916033247100,2663600,3535363200,3543197200
16,1408,241916079929300,2703700,3582045400,3589879400
16,1424,241916124496200,2717900,3626612300,3634446300
16,1440,241916169789600,2851700,3671905700,3679739700
16,1456,241916218975500,2795300,3721091600,3728925600
16,1472,241916269144100,2710000,3771260200,3779094200
16,1488,241916317767300,2922700,3819883400,3827717400
16,1504,241916364331100,3142700,3866447200,3874281200
16,1520,241916413921400,2967500,3916037500,3923871500
16,1536,241916465518900,3171700,3967635000,3975469000
16,1552,241916517744200,3544300,4019860300,4027694300
16,1568,241916570826900,3318300,4072943000,4080777000
16,1584,241916619094200,2909000,4121210300,4129044300
16,1600,241916679417800,3005900,4181533900,4189367900
16,1616,241916728581900,2884100,4230698000,4238532000
16,1632,241916782281300,3060700,4284397400,4292231400
16,1648,241916834813500,3134200,4336929600,4344763600
16,1664,241916886224800,3299400,4388340900,4396174900
16,1680,241916940038100,3413300,4442154200,4449988200
16,1696,241916998653600,2494700,4500769700,4508603700
16,1712,241917055102400,3017200,4557218500,4565052500
16,1728,241917115491000,4892400,4617607100,4625441100
16,1744,241917173828500,3003000,4675944600,4683778600
16,1760,241917226905700,2836800,4729021800,4736855800
16,1776,241917275255900,3104600,4777372000,4785206000
16,1792,241917325279100,3392000,4827395200,4835229200
16,1808,241917376164200,3235900,4878280300,4886114300
16,1824,241917427039800,2902600,4929155900,4936989900
16,1840,241917479662600,3565000,4981778700,4989612700
16,1856,241917532354700,3190300,5034470800,5042304800
16,1872,241917588672100,2683900,5090788200,5098622200
16,1888,241917637100900,3183700,5139217000,5147051000
16,1904,241917690071500,3013900,5192187600,5200021600
16,1920,241917742232700,2730300,5244348800,5252182800
16,1936,241917793288100,3100600,5295404200,5303238200
16,1952,241917844109300,3370200,5346225400,5354059400
16,1968,241917893482500,2735700,5395598600,5403432600
16,1984,241917942021500,3024100,5444137600,5451971600
16,2000,241917998131000,2652800,5500247100,5508081100
16,2016,241918046552300,3163100,5548668400,5556502400
16,2032,241918097423900,3341900,5599540000,5607374000
17,1,241912636822800,2679500,138938900,146772900
17,17,241912678060100,2401100,180176200,188010200
17,33,241912714998700,2080900,217114800,224948800
17,49,241912754079300,2159200,256195400,264029400
17,65,241912789436000,2253200,291552100,299386100
17,81,241912826017200,2183400,328133300,335967300
17,97,241912862088400,2666300,364204500,372038500
17,113,241912901667800,2338600,403783900,411617900
17,129,241912968430600,2787800,470546700,478380700
17,145,241913016847200,2359500,518963300,526797300
17,161,241913053624300,2079600,555740400,563574400
17,177,241913093971700,3614300,596087800,603921800
17,193,241913132934500,2182800,635050600,642884600
17,209,241913168941200,2152900,671057300,678891300
17,225,241913205283200,2489100,707399300,715233300
17,241,241913240604000,2212100,742720100,750554100
17,257,241913294073500,2185900,796189600,804023600
17,273,241913329122400,2259400,831238500,839072500
17,289,241913364875900,2480200,866992000,874826000
17,305,241913401797200,2200400,903913300,911747300
17,321,241913442433500,2247400,944549600,952383600
17,337,241913477731500,2301200,979847600,987681600
17,353,241913512791400,2255100,1014907500,1022741500
17,369,241913548622700,2313500,1050738800,1058572800
17,385,241913584222900,2144300,1086339000,1094173000
17,401,241913637366100,2123900,1139482200,1147316200
17,417,241913672947500,2225800,1175063600,1182897600
17,433,241913708977200,2358900,1211093300,1218927300
17,449,241913744987000,2228300,1247103100,1254937100
17,465,241913779552500,2186300,1281668600,1289502600
17,481,241913815518200,2145500,1317634300,1325468300
17,497,241913852876000,2227700,1354992100,1362826100
17,513,241913888433300,2215700,1390549400,1398383400
17,529,241913943555300,2724300,1445671400,1453505400
17,545,241913978239400,2127200,1480355500,1488189500
17,561,241914013220400,2194400,1515336500,1523170500
17,577,241914048370000,2167100,1550486100,1558320100
17,593,241914084498400,2130900,1586614500,1594448500
17,609,241914118235400,2121800,1620351500,1628185500
17,625,241914152368000,2114500,1654484100,1662318100
17,641,241914186357600,2151600,1688473700,1696307700
17,657,241914239335200,2197700,1741451300,1749285300
17,673,241914278921200,2352600,1781037300,1788871300
17,689,241914314650800,2249300,1816766900,1824600900
17,705,241914350201600,2117600,1852317700,1860151700
17,721,241914383984500,2099100,1886100600,1893934600
17,737,241914417845500,2455000,1919961600,1927795600
17,753,241914455273000,2372000,1957389100,1965223100
17,769,241914491068000,2192800,1993184100,2001018100
17,785,241914525946100,2183300,2028062200,2035896200
17,801,241914582380000,2184000,2084496100,2092330100
17,817,241914618283300,2396100,2120399400,2128233400
17,833,241914654942800,2210400,2157058900,2164892900
17,849,241914690858100,2585400,2192974200,2200808200
17,865,241914727697200,2277100,2229813300,2237647300
17,881,241914763404000,2158300,2265520100,2273354100
17,897,241914797855900,2157100,2299972000,2307806000
17,913,241914832012200,2141200,2334128300,2341962300
17,929,241914890014300,2134600,2392130400,2399964400
17,945,241914924988300,2286500,2427104400,2434938400
17,961,241914960523100,2169900,2462639200,2470473200
17,977,241914995129800,2221300,2497245900,2505079900
17,993,241915030355500,2148000,2532471600,2540305600
17,1009,241915066286000,2217800,2568402100,2576236100
17,1025,241915100719600,2156200,2602835700,2610669700
17,1041,241915137489600,2152700,2639605700,2647439700
17,1057,241915178789300,2289400,2680905400,2688739400
17,1073,241915213659800,2090500,2715775900,2723609900
17,1089,241915247744400,2152400,2749860500,2757694500
17,1105,241915282644700,2105900,2784760800,2792594800
17,1121,241915316728400,2142400,2818844500,2826678500
17,1137,241915352481500,2240400,2854597600,2862431600
17,1153,241915388102400,2239300,2890218500,2898052500
17,1169,241915423123500,2149900,2925239600,2933073600
17,1185,241915457759100,2282300,2959875200,2967709200
17,1201,241915499261100,2462100,3001377200,3009211200
17,1217,241915546902600,3114900,3049018700,3056852700
17,1233,241915592929400,2751900,3095045500,3102879500
17,1249,241915636173500,2546000,3138289600,3146123600
17,1265,241915680503800,2608200,3182619900,3190453900
17,1281,241915723070100,2660500,3225186200,3233020200
17,1297,241915765009300,2556200,3267125400,3274959400
17,1313,241915807357700,2705600,3309473800,3317307800
17,1329,241915856842300,2687800,3358958400,3366792400
17,1345,241915905710400,2640600,3407826500,3415660500
17,1361,241915950929900,2609900,3453046000,3460880000
17,1377,241915997637800,2618000,3499753900,3507587900
17,1393,241916040922900,2980100,3543039000,3550873000
17,1409,241916087473600,2818400,3589589700,3597423700
17,1425,241916132114900,2648900,3634231000,3642065000
17,1441,241916177768000,2923700,3679884100,3687718100
17,1457,241916233043300,2670400,3735159400,3742993400
17,1473,241916277120700,4623500,3779236800,3787070800
17,1489,241916325975200,2773000,3828091300,3835925300
17,1505,241916374563700,3066500,3876679800,3884513800
17,1521,241916425014000,2858400,3927130100,3934964100
17,1537,241916474165600,3181900,3976281700,3984115700
17,1553,241916527124200,3082200,4029240300,4037074300
17,1569,241916580177600,3069400,4082293700,4090127700
17,1585,241916629284800,3249000,4131400900,4139234900
17,1601,241916688827100,2875100,4190943200,4198777200
17,1617,241916737579400,2885500,4239695500,4247529500
17,1633,241916792823200,3517300,4294939300,4302773300
17,1649,241916844442300,3131800,4346558400,4354392400
17,1665,241916896569700,3397100,4398685800,4406519800
17,1681,241916950125400,4764000,4452241500,4460075500
17,1697,241917009742400,3458100,4511858500,4519692500
17,1713,241917065285800,3104900,4567401900,4575235900
17,1729,241917127795900,3421300,4629912000,4637746000
17,1745,241917184083700,3363500,4686199800,4694033800
17,1761,241917235230800,2890500,4737346900,4745180900
17,1777,241917284212200,3105300,4786328300,4794162300
17,1793,241917334955100,3275500,4837071200,4844905200
17,1809,241917386360200,2893200,4888476300,4896310300
17,1825,241917436365500,3783800,4938481600,4946315600
17,1841,241917489305900,3278600,4991422000,4999256000
17,1857,241917547888300,2959000,5050004400,5057838400
17,1873,241917597020600,2781300,5099136700,5106970700
17,1889,241917647953300,3280200,5150069400,5157903400
17,1905,241917699093700,3330000,5201209800,5209043800
17,1921,241917750899800,3491400,5253015900,5260849900
17,1937,241917802472200,3756400,5304588300,5312422300
17,1953,241917855093900,2709000,5357210000,5365044000
17,1969,241917904233900,2906500,5406350000,5414184000
17,1985,241917952381200,3241100,5454497300,5462331300
17,2001,241918007227700,2799100,5509343800,5517177800
17,2017,241918056952300,3413900,5559068400,5566902400
17,2033,241918107431000,3046100,5609547100,5617381100
18,2,241912639642500,2952900,141758600,149592600
18,18,241912680250000,2442400,182366100,190200100
18,34,241912716995300,2104000,219111400,226945400
18,50,241912756302900,2137500,258419000,266253000
18,66,241912791809700,2438000,293925800,301759800
18,82,241912828241600,2217500,330357700,338191700
18,98,241912864841900,2496200,366958000,374792000
18,114,241912903923500,2425800,406039600,413873600
18,130,241912971042600,3558600,473158700,480992700
18,146,241913018358400,2270800,520474500,528308500
18,162,241913054933700,2141400,557049800,564883800
18,178,241913096353800,3371100,598469900,606303900
18,194,241913134311700,2136200,636427800,644261800
18,210,241913170126600,2210700,672242700,680076700
18,226,241913206581700,2275700,708697800,716531800
18,242,241913241665300,2267000,743781400,751615400
18,258,241913295046700,2185900,797162800,804996800
18,274,241913329922200,2330300,832038300,839872300
18,290,241913365798000,2394600,867914100,875748100
18,306,241913402517600,2168300,904633700,912467700
18,322,241913440792900,2319700,942909000,950743000
18,338,241913476037600,2308600,978153700,985987700
18,354,241913510935000,2530000,1013051100,1020885100
18,370,241913547107600,2249000,1049223700,1057057700
18,386,241913582739400,2150000,1084855500,1092689500
18,402,241913635929600,2176000,1138045700,1145879700
18,418,241913671606500,2144900,1173722600,1181556600
18,434,241913707407700,2303300,1209523800,1217357800
18,450,241913743470500,2200600,1245586600,1253420600
18,466,241913778083900,2150100,1280200000,1288034000
18,482,241913814105400,2133100,1316221500,1324055500
18,498,241913851559500,2156000,1353675600,1361509600
18,514,241913887055300,2208500,1389171400,1397005400
18,530,241913942099900,2366700,1444216000,1452050000
18,546,241913976768900,2081800,1478885000,1486719000
18,562,241914011292400,2329900,1513408500,1521242500
18,578,241914046591700,2196600,1548707800,1556541800
18,594,241914082891100,2099600,1585007200,1592841200
18,610,241914116617400,2109900,1618733500,1626567500
18,626,241914150742800,2118200,1652858900,1660692900
18,642,241914184743800,2122500,1686859900,1694693900
18,658,241914237549700,2299600,1739665800,1747499800
18,674,241914277342600,2204700,1779458700,1787292700
18,690,241914313002900,2219500,1815119000,1822953000
18,706,241914348514000,2120300,1850630100,1858464100
18,722,241914382291100,2142400,1884407200,1892241200
18,738,241914416180900,2159600,1918297000,1926131000
18,754,241914453032400,2443500,1955148500,1962982500
18,770,241914489065100,2115200,1991181200,1999015200
18,786,241914523691100,2338800,2025807200,2033641200
18,802,241914580304900,2162100,2082421000,2090255000
18,818,241914616138800,2229000,2118254900,2126088900
18,834,241914652497700,2297500,2154613800,2162447800
18,850,241914688413100,3157200,2190529200,2198363200
18,866,241914725854800,2287800,2227970900,2235804900
18,882,241914761701600,2114500,2263817700,2271651700
18,898,241914796122200,2136400,2298238300,2306072300
18,914,241914830248100,2148600,2332364200,2340198200
18,930,241914888207400,2180700,2390323500,2398157500
18,946,241914923250200,2172200,2425366300,2433200300
18,962,241914958797900,2141600,2460914000,2468748000
18,978,241914993346200,2102000,2495462300,2503296300
18,994,241915028405600,2126500,2530521700,2538355700
18,1010,241915064260300,2243600,2566376400,2574210400
18,1026,241915098894000,2145600,2601010100,2608844100
18,1042,241915134656400,2216600,2636772500,2644606500
18,1058,241915175860300,2241000,2677976400,2685810400
18,1074,241915210915900,2167300,2713032000,2720866000
18,1090,241915245089900,2132600,2747206000,2755040000
18,1106,241915279758700,2258200,2781874800,2789708800
18,1122,241915313969400,2118500,2816085500,2823919500
18,1138,241915349620900,2178200,2851737000,2859571000
18,1154,241915385075200,2231400,2887191300,2895025300
18,1170,241915420193000,2178200,2922309100,2930143100
18,1186,241915454655600,2208500,2956771700,2964605700
18,1202,241915496165900,2281500,2998282000,3006116000
18,1218,241915543371300,2916000,3045487400,3053321400
18,1234,241915589684100,2741500,3091800200,3099634200
18,1250,241915633138800,2572300,3135254900,3143088900
18,1266,241915675913200,4069600,3178029300,3185863300
18,1282,241915719850600,2648000,3221966700,3229800700
18,1298,241915761800200,2575300,3263916300,3271750300
18,1314,241915804154500,2708200,3306270600,3314104600
18,1330,241915853625600,2777000,3355741700,3363575700
18,1346,241915902636300,2633300,3404752400,3412586400
18,1362,241915947868400,2629300,3449984500,3457818500
18,1378,241915994696500,2522400,3496812600,3504646600
18,1394,241916037428200,2960100,3539544300,3547378300
18,1410,241916084502400,2706600,3586618500,3594452500
18,1426,241916129109600,2743700,3631225700,3639059700
18,1442,241916174677200,2844800,3676793300,3684627300
18,1458,241916223816200,8825300,3725932300,3733766300
18,1474,241916273878900,2923200,3775995000,3783829000
18,1490,241916322880700,2783800,3824996800,3832830800
18,1506,241916369419900,4603900,3871536000,3879370000
18,1522,241916418862400,5689300,3920978500,3928812500
18,1538,241916470669800,2949600,3972785900,3980619900
18,1554,241916523182900,3442900,4025299000,4033133000
18,1570,241916576289100,3163300,4078405200,4086239200
18,1586,241916624378700,3806900,4126494800,4134328800
18,1602,241916685013100,2958700,4187129200,4194963200
18,1618,241916733626600,3087300,4235742700,4243576700
18,1634,241916787944000,3806800,4290060100,4297894100
18,1650,241916840406200,3078000,4342522300,4350356300
18,1666,241916892002400,3449300,4394118500,4401952500
18,1682,241916945669500,3264700,4447785600,4455619600
18,1698,241917003683100,4714000,4505799200,4513633200
18,1714,241917060620400,3327000,4562736500,4570570500
18,1730,241917123223200,3333600,4625339300,4633173300
18,1746,241917179339900,3241600,4681456000,4689290000
18,1762,241917230808500,3010000,4732924600,4740758600
18,1778,241917279840500,2764600,4781956600,4789790600
18,1794,241917330143700,3130700,4832259800,4840093800
18,1810,241917380692000,3422500,4882808100,4890642100
18,1826,241917431356100,3187100,4933472200,4941306200
18,1842,241917484870500,2901400,4986986600,4994820600
18,1858,241917536888800,8824200,5039004900,5046838900
18,1874,241917592621100,2631100,5094737200,5102571200
18,1890,241917642113800,3567500,5144229900,5152063900
18,1906,241917694374900,2713300,5196491000,5204325000
18,1922,241917746244600,2696900,5248360700,5256194700
18,1938,241917797711300,2819000,5299827400,5307661400
18,1954,241917848840900,3572900,5350957000,5358791000
18,1970,241917897625700,3365100,5399741800,5407575800
18,1986,241917946461300,3184600,5448577400,5456411400
18,2002,241918001879100,2988100,5503995200,5511829200
18,2018,241918050765400,3168100,5552881500,5560715500
18,2034,241918101820700,2943300,5603936800,5611770800
19,3,241912642493800,2449100,144609900,152443900
19,19,241912682604800,2338400,184720900,192554900
19,35,241912718929200,3533200,221045300,228879300
19,51,241912758217700,2137400,260333800,268167800
19,67,241912794038600,2375300,296154700,303988700
19,83,241912830344800,2189900,332460900,340294900
19,99,241912867178100,2350900,369294200,377128200
19,115,241912906126700,2316800,408242800,416076800
19,131,241912974421300,3965000,476537400,484371400
19,147,241913021819100,2211100,523935200,531769200
19,163,241913058469300,2519400,560585400,568419400
19,179,241913101227800,2399200,603343900,611177900
19,195,241913137891100,2463500,640007200,647841200
19,211,241913173840000,2284700,675956100,683790100
19,227,241913210502000,2189900,712618100,720452100
19,243,241913245463100,2162800,747579200,755413200
19,259,241913298902300,2276500,801018400,808852400
19,275,241913333977300,2201500,836093400,843927400
19,291,241913369970200,2307300,872086300,879920300
19,307,241913406368500,2145200,908484600,916318600
19,323,241913445620300,2136300,947736400,955570400
19,339,241913481010500,2152600,983126600,990960600
19,355,241913516107700,2147500,1018223800,1026057800
19,371,241913552231500,2409700,1054347600,1062181600
19,387,241913587368800,2159800,1089484900,1097318900
19,403,241913640623000,2039900,1142739100,1150573100
19,419,241913676476400,2172400,1178592500,1186426500
19,435,241913712615400,2237600,1214731500,1222565500
19,451,241913748505600,2256600,1250621700,1258455700
19,467,241913783047100,2366400,1285163200,1292997200
19,483,241913819344700,2551400,1321460800,1329294800
19,499,241913855192400,2213200,1357308500,1365142500
19,515,241913890826000,2082600,1392942100,1400776100
19,531,241913946252200,2191900,1448368300,1456202300
19,547,241913980309400,2093000,1482425500,1490259500
19,563,241914015356500,2226700,1517472600,1525306600
19,579,241914050306800,2205500,1552422900,1560256900
19,595,241914086334100,2126900,1588450200,1596284200
19,611,241914120094000,2105400,1622210100,1630044100
19,627,241914154217500,2122700,1656333600,1664167600
19,643,241914188249400,2120700,1690365500,1698199500
19,659,241914241273700,2146200,1743389800,1751223800
19,675,241914281466300,2337100,1783582400,1791416400
19,691,241914317059800,2286900,1819175900,1827009900
19,707,241914352544200,2099100,1854660300,1862494300
19,723,241914386304300,2069300,1888420400,1896254400
19,739,241914420411200,2401700,1922527300,1930361300
19,755,241914457552500,2292100,1959668600,1967502600
19,771,241914493083400,2193800,1995199500,2003033500
19,787,241914527942000,2292200,2030058100,2037892100
19,803,241914584161200,2307500,2086277300,2094111300
19,819,241914620322800,2189800,2122438900,2130272900
19,835,241914656768400,2386100,2158884500,2166718500
19,851,241914693144500,2488100,2195260600,2203094600
19,867,241914729810200,2193200,2231926300,2239760300
19,883,241914765364700,2138100,2267480800,2275314800
19,899,241914799811600,2178600,2301927700,2309761700
19,915,241914833964200,2117900,2336080300,2343914300
19,931,241914891909400,2167900,2394025500,2401859500
19,947,241914927093000,2205200,2429209100,2437043100
19,963,241914962461000,2165000,2464577100,2472411100
19,979,241914997059600,2156700,2499175700,2507009700
19,995,241915032365200,2143200,2534481300,2542315300
19,1011,241915068316000,2264300,2570432100,2578266100
19,1027,241915102821000,2109900,2604937100,2612771100
19,1043,241915139030400,2153700,2641146500,2648980500
19,1059,241915180505800,2392900,2682621900,2690455900
19,1075,241915215410300,2191700,2717526400,2725360400
19,1091,241915249553100,2140100,2751669200,2759503200
19,1107,241915284406500,2116900,2786522600,2794356600
19,1123,241915318527300,2134300,2820643400,2828477400
19,1139,241915354329700,2405500,2856445800,2864279800
19,1155,241915389797300,2264800,2891913400,2899747400
19,1171,241915424723100,2133900,2926839200,2934673200
19,1187,241915459485300,2433100,2961601400,2969435400
19,1203,241915501051100,3038800,3003167200,3011001200
19,1219,241915549975500,2873800,3052091600,3059925600
19,1235,241915595640400,2755000,3097756500,3105590500
19,1251,241915638678400,2668900,3140794500,3148628500
19,1267,241915683048400,2596100,3185164500,3192998500
19,1283,241915725612400,2700100,3227728500,3235562500
19,1299,241915767606800,2591600,3269722900,3277556900
19,1315,241915810100100,2564600,3312216200,3320050200
19,1331,241915859575400,2767500,3361691500,3369525500
19,1347,241915908387600,2769500,3410503700,3418337700
19,1363,241915953577800,2699000,3455693900,3463527900
19,1379,241916000324800,2590500,3502440900,3510274900
19,1395,241916043994200,3357700,3546110300,3553944300
19,1411,241916090342800,2738600,3592458900,3600292900
19,1427,241916134839600,2944900,3636955700,3644789700
19,1443,241916180739300,3088600,3682855400,3690689400
19,1459,241916235613300,2561900,3737729400,3745563400
19,1475,241916281643600,5685800,3783759700,3791593700
19,1491,241916328634000,2738800,3830750100,3838584100
19,1507,241916377548400,3221100,3879664500,3887498500
19,1523,241916427762300,2909000,3929878400,3937712400
19,1539,241916477289100,3115100,3979405200,3987239200
19,1555,241916530093200,2824700,4032209300,4040043300
19,1571,241916583017400,3621500,4085133500,4092967500
19,1587,241916632868000,3069100,4134984100,4142818100
19,1603,241916692131100,2888700,4194247200,4202081200
19,1619,241916740919300,3159200,4243035400,4250869400
19,1635,241916796924800,3942800,4299040900,4306874900
19,1651,241916847985700,4207800,4350101800,4357935800
19,1667,241916900434700,3743300,4402550800,4410384800
19,1683,241916955114100,3545600,4457230200,4465064200
19,1699,241917013523500,3505100,4515639600,4523473600
19,1715,241917068810600,3391400,4570926700,4578760700
19,1731,241917131636300,4593900,4633752400,4641586400
19,1747,241917187888100,3440400,4690004200,4697838200
19,1763,241917237723000,2714100,4739839100,4747673100
19,1779,241917286887200,2946300,4789003300,4796837300
19,1795,241917337557200,3740000,4839673300,4847507300
19,1811,241917388757800,2397100,4890873900,4898707900
19,1827,241917439275500,3340300,4941391600,4949225600
19,1843,241917491579000,2794100,4993695100,5001529100
19,1859,241917549810100,3532400,5051926200,5059760200
19,1875,241917598790200,2976900,5100906300,5108740300
19,1891,241917649965500,3394600,5152081600,5159915600
19,1907,241917701012800,3675300,5203128900,5210962900
19,1923,241917753135000,3292500,5255251100,5263085100
19,1939,241917804824500,3891000,5306940600,5314774600
19,1955,241917856593500,2714800,5358709600,5366543600
19,1971,241917906041900,2801000,5408158000,5415992000
19,1987,241917954470000,3073400,5456586100,5464420100
19,2003,241918008896600,2873500,5511012700,5518846700
19,2019,241918058998000,3440900,5561114100,5568948100
19,2035,241918109348600,2779500,5611464700,5619298700
20,4,241912645013200,2376200,147129300,154963300
20,20,241912684976400,2363000,187092500,194926500
20,36,241912722538500,3671800,224654600,232488600
20,52,241912760390100,2190700,262506200,270340200
20,68,241912796323200,2329100,298439300,306273300
20,84,241912832450700,2245800,334566800,342400800
20,100,241912869431800,2503700,371547900,379381900
20,116,241912908410600,2409000,410526700,418360700
20,132,241912978289700,3865900,480405800,488239800
20,148,241913022381800,2225200,524497900,532331900
20,164,241913059008500,2403500,561124600,568958600
20,180,241913101793100,2461600,603909200,611743200
20,196,241913138492400,2407600,640608500,648442500
20,212,241913174388000,2236300,676504100,684338100
20,228,241913210837100,2191900,712953200,720787200
20,244,241913245760800,2226300,747876900,755710900
20,260,241913299293800,2335400,801409900,809243900
20,276,241913334428200,2206700,836544300,844378300
20,292,241913370458000,2287700,872574100,880408100
20,308,241913406805900,2185300,908922000,916756000
20,324,241913446488800,2124000,948604900,956438900
20,340,241913481878200,2091300,983994300,991828300
20,356,241913517038000,2263600,1019154100,1026988100
20,372,241913553367500,2246500,1055483600,1063317600
20,388,241913588318100,2137500,1090434200,1098268200
20,404,241913641423000,2057400,1143539100,1151373100
20,420,241913677293700,2105700,1179409800,1187243800
20,436,241913713356000,2221400,1215472100,1223306100
20,452,241913749349600,2179000,1251465700,1259299700
20,468,241913783860700,2406400,1285976800,1293810800
20,484,241913820470600,2557400,1322586700,1330420700
20,500,241913857436200,2173000,1359552300,1367386300
20,516,241913892970100,2250900,1395086200,1402920200
20,532,241913948585900,2183500,1450702000,1458536000
20,548,241913982554300,2088900,1484670400,1492504400
20,564,241914017729300,2177100,1519845400,1527679400
20,580,241914052682500,2145000,1554798600,1562632600
20,596,241914088550800,2105700,1590666900,1598500900
20,612,241914122259500,2136300,1624375600,1632209600
20,628,241914156403800,2097600,1658519900,1666353900
20,644,241914190433000,2114600,1692549100,1700383100
20,660,241914243478100,2143100,1745594200,1753428200
20,676,241914282732100,2285000,1784848200,1792682200
20,692,241914318330700,2260500,1820446800,1828280800
20,708,241914353754200,2142200,1855870300,1863704300
20,724,241914387508300,2080900,1889624400,1897458400
20,740,241914421770600,2279200,1923886700,1931720700
20,756,241914458914700,2260300,1961030800,1968864800
20,772,241914494359900,2129500,1996476000,2004310000
20,788,241914529237100,2349900,2031353200,2039187200
20,804,241914585481900,2265900,2087598000,2095432000
20,820,241914621561100,2134000,2123677200,2131511200
20,836,241914658066300,2217900,2160182400,2168016400
20,852,241914694360700,2280400,2196476800,2204310800
20,868,241914730721300,2207800,2232837400,2240671400
20,884,241914766278500,2131100,2268394600,2276228600
20,900,241914800717000,2189200,2302833100,2310667100
20,916,241914834841600,2131500,2336957700,2344791700
20,932,241914892814100,2181800,2394930200,2402764200
20,948,241914927987200,2260000,2430103300,2437937300
20,964,241914963376400,2132700,2465492500,2473326500
20,980,241914997963000,2206400,2500079100,2507913100
20,996,241915033072000,2155600,2535188100,2543022100
20,1012,241915069172400,2209100,2571288500,2579122500
20,1028,241915103646000,2096700,2605762100,2613596100
20,1044,241915139875700,2163700,2641991800,2649825800
20,1060,241915181356900,2368900,2683473000,2691307000
20,1076,241915216225500,2157700,2718341600,2726175600
20,1092,241915250456100,2175300,2752572200,2760406200
20,1108,241915285245000,2129600,2787361100,2795195100
20,1124,241915319365700,2165700,2821481800,2829315800
20,1140,241915355377400,2427000,2857493500,2865327500
20,1156,241915390937300,2197000,2893053400,2900887400
20,1172,241915425835500,2120600,2927951600,2935785600
20,1188,241915460497600,2499000,2962613700,2970447700
20,1204,241915502328400,3105400,3004444500,3012278500
20,1220,241915550783800,2868400,3052899900,3060733900
20,1236,241915596454100,2768800,3098570200,3106404200
20,1252,241915639509300,2662800,3141625400,3149459400
20,1268,241915683917900,2573400,3186034000,3193868000
20,1284,241915726516000,2696400,3228632100,3236466100
20,1300,241915768405400,2568900,3270521500,3278355500
20,1316,241915810869500,2561400,3312985600,3320819600
20,1332,241915860468300,2752300,3362584400,3370418400
20,1348,241915909281100,2690000,3411397200,3419231200
20,1364,241915954399800,2898600,3456515900,3464349900
20,1380,241916001111100,2682100,3503227200,3511061200
20,1396,241916045082800,3212500,3547198900,3555032900
20,1412,241916091178800,2744900,3593294900,3601128900
20,1428,241916135801000,2873800,3637917100,3645751100
20,1444,241916181846100,3051900,3683962200,3691796200
20,1460,241916236540200,2616900,3738656300,3746490300
20,1476,241916282875100,5478900,3784991200,3792825200
20,1492,241916329645600,2723300,3831761700,3839595700
20,1508,241916378757300,3063900,3880873400,3888707400
20,1524,241916428936300,2939800,3931052400,3938886400
20,1540,241916478584100,3171600,3980700200,3988534200
20,1556,241916531121400,2839900,4033237500,4041071500
20,1572,241916584211600,4271300,4086327700,4094161700
20,1588,241916632102500,3031800,4134218600,4142052600
20,1604,241916691577600,2902600,4193693700,4201527700
20,1620,241916740341300,3099400,4242457400,4250291400
20,1636,241916796008300,3807600,4298124400,4305958400
20,1652,241916847314000,3291800,4349430100,4357264100
20,1668,241916899618800,3710500,4401734900,4409568900
20,1684,241916954442300,3313800,4456558400,4464392400
20,1700,241917012730300,3375800,4514846400,4522680400
20,1716,241917067902600,3205300,4570018700,4577852700
20,1732,241917130745300,4688300,4632861400,4640695400
20,1748,241917186963200,3291500,4689079300,4696913300
20,1764,241917237832100,2718000,4739948200,4747782200
20,1780,241917287044000,2976000,4789160100,4796994100
20,1796,241917337860500,3590300,4839976600,4847810600
20,1812,241917388831200,2409700,4890947300,4898781300
20,1828,241917439812200,3308700,4941928300,4949762300
20,1844,241917492210300,2674200,4994326400,5002160400
20,1860,241917550362200,3689700,5052478300,5060312300
20,1876,241917599326100,3072200,5101442200,5109276200
20,1892,241917650632100,3509300,5152748200,5160582200
20,1908,241917701737700,3605800,5203853800,5211687800
20,1924,241917753723100,3118600,5255839200,5263673200
20,1940,241917805365500,3994500,5307481600,5315315600
20,1956,241917856973000,2758700,5359089100,5366923100
20,1972,241917906316100,2801100,5408432200,5416266200
20,1988,241917954964400,3029000,5457080500,5464914500
20,2004,241918009482400,2815700,5511598500,5519432500
20,2020,241918059597100,3452900,5561713200,5569547200
20,2036,241918109997500,2748000,5612113600,5619947600
21,5,241912647504500,3689700,149620600,157454600
21,21,241912687407800,2327700,189523900,197357900
21,37,241912726266800,2816700,228382900,236216900
21,53,241912762644000,2193900,264760100,272594100
21,69,241912798620000,2255300,300736100,308570100
21,85,241912834548400,2315600,336664500,344498500
21,101,241912871786000,2436400,373902100,381736100
21,117,241912910719000,2383800,412835100,420669100
21,133,241912982210600,3912000,484326700,492160700
21,149,241913024642300,2285300,526758400,534592400
21,165,241913061378800,2355700,563494900,571328900
21,181,241913104113800,2420400,606229900,614063900
21,197,241913140740900,2364100,642857000,650691000
21,213,241913176480800,2179900,678596900,686430900
21,229,241913212941400,2251500,715057500,722891500
21,245,241913247900600,2223000,750016700,757850700
21,261,241913301455700,2188700,803571800,811405800
21,277,241913336416600,2201400,838532700,846366700
21,293,241913372486900,2255900,874603000,882437000
21,309,241913408606900,2212800,910723000,918557000
21,325,241913448526900,2212900,950643000,958477000
21,341,241913483831400,2123300,985947500,993781500
21,357,241913519134000,2295700,1021250100,1029084100
21,373,241913555327500,2249900,1057443600,1065277600
21,389,241913590189000,20100300,1092305100,1100139100
21,405,241913643186100,2304100,1145302200,1153136200
21,421,241913679160900,2220800,1181277000,1189111000
21,437,241913715306800,2154900,1217422900,1225256900
21,453,241913751215200,2076100,1253331300,1261165300
21,469,241913785935100,2255300,1288051200,1295885200
21,485,241913822356600,2317800,1324472700,1332306700
21,501,241913858739700,2204900,1360855800,1368689800
21,517,241913894184900,2358900,1396301000,1404135000
21,533,241913949769900,2166200,1451886000,1459720000
21,549,241913983689800,2099600,1485805900,1493639900
21,565,241914018893100,2154800,1521009200,1528843200
21,581,241914053966400,2209900,1556082500,1563916500
21,597,241914089857400,2091400,1591973500,1599807500
21,613,241914123602600,2106700,1625718700,1633552700
21,629,241914157724400,2100900,1659840500,1667674500
21,645,241914191736200,2143700,1693852300,1701686300
21,661,241914244785000,2159400,1746901100,1754735100
21,677,241914284767000,2230500,1786883100,1794717100
21,693,241914320311600,2266100,1822427700,1830261700
21,709,241914355625900,2119600,1857742000,1865576000
21,725,241914389320200,2123100,1891436300,1899270300
21,741,241914423822400,2286600,1925938500,1933772500
21,757,241914461012600,2307000,1963128700,1970962700
21,773,241914496427800,2232000,1998543900,2006377900
21,789,241914531481600,2376000,2033597700,2041431700
21,805,241914587655400,2249500,2089771500,2097605500
21,821,241914623608800,2283600,2125724900,2133558900
21,837,241914660221400,2247000,2162337500,2170171500
21,853,241914696350200,2283600,2198466300,2206300300
21,869,241914732631500,2260200,2234747600,2242581600
21,885,241914768161300,2163000,2270277400,2278111400
21,901,241914802669100,2131600,2304785200,2312619200
21,917,241914836744500,2164900,2338860600,2346694600
21,933,241914894743800,2135800,2396859900,2404693900
21,949,241914929965600,2366100,2432081700,2439915700
21,965,241914965278100,2182800,2467394200,2475228200
21,981,241914999910600,2315000,2502026700,2509860700
21,997,241915034850400,2186600,2536966500,2544800500
21,1013,241915071013300,2151100,2573129400,2580963400
21,1029,241915105350800,2172400,2607466900,2615300900
21,1045,241915140816000,2162700,2642932100,2650766100
21,1061,241915182447400,2226000,2684563500,2692397500
21,1077,241915217054700,2193600,2719170800,2727004800
21,1093,241915251178000,2252100,2753294100,2761128100
21,1109,241915286008800,2150500,2788124900,2795958900
21,1125,241915320161300,2150300,2822277400,2830111400
21,1141,241915356169100,2392200,2858285200,2866119200
21,1157,241915391566500,2207700,2893682600,2901516600
21,1173,241915426555800,2143600,2928671900,2936505900
21,1189,241915461562900,2442300,2963679000,2971513000
21,1205,241915503578400,3109200,3005694500,3013528500
21,1221,241915552343200,2863700,3054459300,3062293300
21,1237,241915597834600,2716800,3099950700,3107784700
21,1253,241915640804700,2618400,3142920800,3150754800
21,1269,241915685090700,2570500,3187206800,3195040800
21,1285,241915727708700,2689500,3229824800,3237658800
21,1301,241915769574300,2635400,3271690400,3279524400
21,1317,241915812032300,2567200,3314148400,3321982400
21,1333,241915861711300,2747200,3363827400,3371661400
21,1349,241915910554000,2601300,3412670100,3420504100
21,1365,241915955596500,3310800,3457712600,3465546600
21,1381,241916002271200,2808300,3504387300,3512221300
21,1397,241916047806100,2820700,3549922200,3557756200
21,1413,241916093473900,2671000,3595590000,3603424000
21,1429,241916138166700,2868100,3640282800,3648116800
21,1445,241916184243200,2761700,3686359300,3694193300
21,1461,241916238487400,2743000,3740603500,3748437500
21,1477,241916287622700,2709500,3789738800,3797572800
21,1493,241916331685100,2839400,3833801200,3841635200
21,1509,241916381146000,3059100,3883262100,3891096100
21,1525,241916431167200,2664400,3933283300,3941117300
21,1541,241916480781200,3120100,3982897300,3990731300
21,1557,241916533186600,2897800,4035302700,4043136700
21,1573,241916587335600,3386100,4089451700,4097285700
21,1589,241916636154900,3314500,4138271000,4146105000
21,1605,241916695245400,2957000,4197361500,4205195500
21,1621,241916744402100,3302500,4246518200,4254352200
21,1637,241916801118100,3766200,4303234200,4311068200
21,1653,241916852413100,3600800,4354529200,4362363200
21,1669,241916904505800,3517800,4406621900,4414455900
21,1685,241916959197700,3217600,4461313800,4469147800
21,1701,241917017442700,4010000,4519558800,4527392800
21,1717,241917072449700,2843800,4574565800,4582399800
21,1733,241917136540800,3494500,4638656900,4646490900
21,1749,241917191661000,2877000,4693777100,4701611100
21,1765,241917241041800,2679200,4743157900,4750991900
21,1781,241917290635700,3027500,4792751800,4800585800
21,1797,241917342011800,3271200,4844127900,4851961900
21,1813,241917391858100,2937900,4893974200,4901808200
21,1829,241917443614900,3492500,4945731000,4953565000
21,1845,241917495336800,3331200,4997452900,5005286900
21,1861,241917554396500,2970000,5056512600,5064346600
21,1877,241917602793400,3209400,5104909500,5112743500
21,1893,241917654664200,3417200,5156780300,5164614300
21,1909,241917705914700,3269100,5208030800,5215864800
21,1925,241917757248300,3222300,5259364400,5267198400
21,1941,241917810198600,2986100,5312314700,5320148700
21,1957,241917860514300,2721900,5362630400,5370464400
21,1973,241917909763200,2707500,5411879300,5419713300
21,1989,241917958463900,3082100,5460580000,5468414000
21,2005,241918012763500,2968400,5514879600,5522713600
21,2021,241918063515500,3130100,5565631600,5573465600
21,2037,241918113259000,4810000,5615375100,5623209100
22,6,241912651118100,2874800,153234200,161068200
22,22,241912689839100,2340100,191955200,199789200
22,38,241912729465900,2364700,231582000,239416000
22,54,241912765119500,2140400,267235600,275069600
22,70,241912801291300,2240300,303407400,311241400
22,86,241912837499500,2278700,339615600,347449600
22,102,241912874839800,2444700,376955900,384789900
22,118,241912913569700,2337200,415685800,423519800
22,134,241912986614700,3320800,488730800,496564800
22,150,241913028272900,2305900,530389000,538223000
22,166,241913065229400,2338400,567345500,575179500
22,182,241913108040300,2286200,610156400,617990400
22,198,241913144454100,2152200,646570200,654404200
22,214,241913180188200,2207100,682304300,690138300
22,230,241913216651000,2154800,718767100,726601100
22,246,241913251574100,2112200,753690200,761524200
22,262,241913305025700,2128300,807141800,814975800
22,278,241913340022300,2238900,842138400,849972400
22,294,241913376342000,2271400,878458100,886292100
22,310,241913412375700,2231800,914491800,922325800
22,326,241913453148100,2173700,955264200,963098200
22,342,241913488589200,2155000,990705300,998539300
22,358,241913524121200,2138000,1026237300,1034071300
22,374,241913560427100,2226900,1062543200,1070377200
22,390,241913613333100,2129400,1115449200,1123283200
22,406,241913648438600,2157800,1150554700,1158388700
22,422,241913684104300,2257600,1186220400,1194054400
22,438,241913720230100,2138500,1222346200,1230180200
22,454,241913756092300,2142500,1258208400,1266042400
22,470,241913791060500,2170800,1293176600,1301010600
22,486,241913827190300,2205200,1329306400,1337140400
22,502,241913865539200,2236000,1367655300,1375489300
22,518,241913901274800,2183200,1403390900,1411224900
22,534,241913956482100,2181700,1458598200,1466432200
22,550,241913990434800,2190500,1492550900,1500384900
22,566,241914025747300,2338800,1527863400,1535697400
22,582,241914060734900,2388300,1562851000,1570685000
22,598,241914096321600,2091300,1598437700,1606271700
22,614,241914130097000,2126200,1632213100,1640047100
22,630,241914164207200,2111300,1666323300,1674157300
22,646,241914198291900,2141300,1700408000,1708242000
22,662,241914251427500,2130000,1753543600,1761377600
22,678,241914290716300,2177200,1792832400,1800666400
22,694,241914326366700,2292200,1828482800,1836316800
22,710,241914361179600,2085400,1863295700,1871129700
22,726,241914394876000,2077800,1896992100,1904826100
22,742,241914430176000,2240700,1932292100,1940126100
22,758,241914466898500,2370800,1969014600,1976848600
22,774,241914502038700,2161000,2004154800,2011988800
22,790,241914557085200,2455500,2059201300,2067035300
22,806,241914593700800,2225300,2095816900,2103650900
22,822,241914629815800,2282600,2131931900,2139765900
22,838,241914666432700,2163400,2168548800,2176382800
22,854,241914702658600,2288900,2204774700,2212608700
22,870,241914738819300,2270300,2240935400,2248769400
22,886,241914774082900,2177100,2276199000,2284033000
22,902,241914808539200,2116600,2310655300,2318489300
22,918,241914842642100,2145700,2344758200,2352592200
22,934,241914900724200,2153300,2402840300,2410674300
22,950,241914936335100,2227900,2438451200,2446285200
22,966,241914971360600,2268200,2473476700,2481310700
22,982,241915006223200,2219200,2508339300,2516173300
22,998,241915041098000,2191600,2543214100,2551048100
22,1014,241915077246800,2143800,2579362900,2587196900
22,1030,241915111511600,2339600,2613627700,2621461700
22,1046,241915147597000,2078700,2649713100,2657547100
22,1062,241915189244100,2118600,2691360200,2699194200
22,1078,241915223875700,2095800,2725991800,2733825800
22,1094,241915258106600,2198000,2760222700,2768056700
22,1110,241915292655600,2092400,2794771700,2802605700
22,1126,241915326900700,2367300,2829016800,2836850800
22,1142,241915363299700,2147700,2865415800,2873249800
22,1158,241915398480300,2191700,2900596400,2908430400
22,1174,241915433189600,2151000,2935305700,2943139700
22,1190,241915474129000,2120700,2976245100,2984079100
22,1206,241915513126200,3184600,3015242300,3023076300
22,1222,241915561132800,3255800,3063248900,3071082900
22,1238,241915606390100,2771500,3108506200,3116340200
22,1254,241915648772000,2544100,3150888100,3158722100
22,1270,241915693091900,2572800,3195208000,3203042000
22,1286,241915736068900,2567600,3238185000,3246019000
22,1302,241915777747100,2624300,3279863200,3287697200
22,1318,241915820345600,2578100,3322461700,3330295700
22,1334,241915873954900,2713700,3376071000,3383905000
22,1350,241915918718900,5269300,3420835000,3428669000
22,1366,241915967451100,2864000,3469567200,3477401200
22,1382,241916010865300,2819600,3512981400,3520815400
22,1398,241916056229500,2934100,3558345600,3566179600
22,1414,241916101943000,3053400,3604059100,3611893100
22,1430,241916146626200,2873700,3648742300,3656576300
22,1446,241916192990600,3158200,3695106700,3702940700
22,1462,241916246329800,2777400,3748445900,3756279900
22,1478,241916295506700,2581500,3797622800,3805456800
22,1494,241916340104400,3425900,3842220500,3850054500
22,1510,241916389847700,2760400,3891963800,3899797800
22,1526,241916441052600,2719300,3943168700,3951002700
22,1542,241916490435700,3436000,3992551800,4000385800
22,1558,241916542064600,3027800,4044180700,4052014700
22,1574,241916596864900,2805700,4098981000,4106815000
22,1590,241916654501300,3494600,4156617400,4164451400
22,1606,241916704318200,3266700,4206434300,4214268300
22,1622,241916753401200,3365500,4255517300,4263351300
22,1638,241916810765400,3296400,4312881500,4320715500
22,1654,241916862086000,2767600,4364202100,4372036100
22,1670,241916914099300,3372200,4416215400,4424049400
22,1686,241916969434200,3256500,4471550300,4479384300
22,1702,241917027651600,3357600,4529767700,4537601700
22,1718,241917081633300,2914000,4583749400,4591583400
22,1734,241917146149700,3891700,4648265800,4656099800
22,1750,241917200218800,3212400,4702334900,4710168900
22,1766,241917250474300,2715100,4752590400,4760424400
22,1782,241917299272400,3254900,4801388500,4809222500
22,1798,241917350718400,2685300,4852834500,4860668500
22,1814,241917401322600,3505300,4903438700,4911272700
22,1830,241917452152800,3227700,4954268900,4962102900
22,1846,241917504440100,3617700,5006556200,5014390200
22,1862,241917562845700,3054800,5064961800,5072795800
22,1878,241917611545500,2964000,5113661600,5121495600
22,1894,241917663500800,3656500,5165616900,5173450900
22,1910,241917715794100,4403800,5217910200,5225744200
22,1926,241917765779000,3177100,5267895100,5275729100
22,1942,241917819294000,2815700,5321410100,5329244100
22,1958,241917868610500,3062400,5370726600,5378560600
22,1974,241917917449300,3348800,5419565400,5427399400
22,1990,241917973082000,3251000,5475198100,5483032100
22,2006,241918020490400,3135700,5522606500,5530440500
22,2022,241918071609600,3274700,5573725700,5581559700
22,2038,241918123353600,3389400,5625469700,5633303700
23,7,241912654066000,2778800,156182100,164016100
23,23,241912692280000,2313700,194396100,202230100
23,39,241912731609900,2263000,233726000,241560000
23,55,241912767131600,2197000,269247700,277081700
23,71,241912803472700,2243200,305588800,313422800
23,87,241912839658200,2283800,341774300,349608300
23,103,241912877452800,2537600,379568900,387402900
23,119,241912916074100,2479100,418190200,426024200
23,135,241912990442800,2807500,492558900,500392900
23,151,241913030642600,2284300,532758700,540592700
23,167,241913067756000,2291700,569872100,577706100
23,183,241913110546900,2290600,612663000,620497000
23,199,241913146750800,2131700,648866900,656700900
23,215,241913182482000,2161400,684598100,692432100
23,231,241913218901200,2235800,721017300,728851300
23,247,241913253720200,2069700,755836300,763670300
23,263,241913307241800,2115700,809357900,817191900
23,279,241913342351700,2205800,844467800,852301800
23,295,241913378663100,2351700,880779200,888613200
23,311,241913414727000,2244600,916843100,924677100
23,327,241913455237100,2259500,957353200,965187200
23,343,241913490680800,2061500,992796900,1000630900
23,359,241913526136500,2279100,1028252600,1036086600
23,375,241913562503100,2261800,1064619200,1072453200
23,391,241913615406500,2298200,1117522600,1125356600
23,407,241913650542900,2117600,1152659000,1160493000
23,423,241913686335700,2226900,1188451800,1196285800
23,439,241913722196500,2414800,1224312600,1232146600
23,455,241913758072900,2103600,1260189000,1268023000
23,471,241913793079900,2192500,1295196000,1303030000
23,487,241913829445700,2230700,1331561800,1339395800
23,503,241913867481900,2271300,1369598000,1377432000
23,519,241913903136200,2213800,1405252300,1413086300
23,535,241913958334000,2123400,1460450100,1468284100
23,551,241913992380800,2071500,1494496900,1502330900
23,567,241914027774400,2191600,1529890500,1537724500
23,583,241914062663200,2560100,1564779300,1572613300
23,599,241914098043000,2112700,1600159100,1607993100
23,615,241914131759200,2123100,1633875300,1641709300
23,631,241914165889100,2123300,1668005200,1675839200
23,647,241914200005400,2137200,1702121500,1709955500
23,663,241914253225500,2113800,1755341600,1763175600
23,679,241914292331900,2141200,1794448000,1802282000
23,695,241914328020800,2225600,1830136900,1837970900
23,711,241914362687000,2112000,1864803100,1872637100
23,727,241914396380000,2110000,1898496100,1906330100
23,743,241914431793200,2303800,1933909300,1941743300
23,759,241914468951100,2274600,1971067200,1978901200
23,775,241914503882000,2203400,2005998100,2013832100
23,791,241914558970200,2471500,2061086300,2068920300
23,807,241914595470900,2333600,2097587000,2105421000
23,823,241914631560100,2246800,2133676200,2141510200
23,839,241914667912400,2114300,2170028500,2177862500
23,855,241914704485200,2298900,2206601300,2214435300
23,871,241914740645400,2276500,2242761500,2250595500
23,887,241914775837700,2117700,2277953800,2285787800
23,903,241914810227300,2137200,2312343400,2320177400
23,919,241914844327300,2122700,2346443400,2354277400
23,935,241914902389800,2197500,2404505900,2412339900
23,951,241914937976300,2224300,2440092400,2447926400
23,967,241914973061800,2215500,2475177900,2483011900
23,983,241915008006400,2217500,2510122500,2517956500
23,999,241915042752400,2335400,2544868500,2552702500
23,1015,241915078952400,2126800,2581068500,2588902500
23,1031,241915114332400,2334500,2616448500,2624282500
23,1047,241915150070700,2320400,2652186800,2660020800
23,1063,241915191705100,2106100,2693821200,2701655200
23,1079,241915226348900,2138700,2728465000,2736299000
23,1095,241915260772600,2197600,2762888700,2770722700
23,1111,241915295163100,2141200,2797279200,2805113200
23,1127,241915329863300,2268600,2831979400,2839813400
23,1143,241915365969500,2229700,2868085600,2875919600
23,1159,241915401183500,2228000,2903299600,2911133600
23,1175,241915435835900,2171400,2937952000,2945786000
23,1191,241915477000800,2117300,2979116900,2986950900
23,1207,241915517487100,3046000,3019603200,3027437200
23,1223,241915565187200,2905200,3067303300,3075137300
23,1239,241915609915500,2722200,3112031600,3119865600
23,1255,241915652035300,2655200,3154151400,3161985400
23,1271,241915696337000,2552500,3198453100,3206287100
23,1287,241915739313900,2587900,3241430000,3249264000
23,1303,241915781156100,2915000,3283272200,3291106200
23,1319,241915823712400,2732500,3325828500,3333662500
23,1335,241915877443400,2923300,3379559500,3387393500
23,1351,241915924693700,2801600,3426809800,3434643800
23,1367,241915971167000,2754500,3473283100,3481117100
23,1383,241916014537500,2851600,3516653600,3524487600
23,1399,241916059291200,2918300,3561407300,3569241300
23,1415,241916105125100,2997300,3607241200,3615075200
23,1431,241916149620800,2868600,3651736900,3659570900
23,1447,241916196289200,4602300,3698405300,3706239300
23,1463,241916249248000,2956200,3751364100,3759198100
23,1479,241916298193400,2694600,3800309500,3808143500
23,1495,241916343658200,3237500,3845774300,3853608300
23,1511,241916392805800,2911400,3894921900,3902755900
23,1527,241916444011300,2672900,3946127400,3953961400
23,1543,241916494097600,3422200,3996213700,4004047700
23,1559,241916545183500,2857000,4047299600,4055133600
23,1575,241916599854600,2677900,4101970700,4109804700
23,1591,241916657674700,3284600,4159790800,4167624800
23,1607,241916707321100,3104500,4209437200,4217271200
23,1623,241916756377600,3546100,4258493700,4266327700
23,1639,241916813765100,2847900,4315881200,4323715200
23,1655,241916864571300,2625600,4366687400,4374521400
23,1671,241916917071100,3631700,4419187200,4427021200
23,1687,241916972480300,4573200,4474596400,4482430400
23,1703,241917031108800,3259600,4533224900,4541058900
23,1719,241917084676100,3043600,4586792200,4594626200
23,1735,241917150287000,3336100,4652403100,4660237100
23,1751,241917203648800,3437600,4705764900,4713598900
23,1767,241917253368300,2682200,4755484400,4763318400
23,1783,241917302786100,2994700,4804902200,4812736200
23,1799,241917353663000,2646900,4855779100,4863613100
23,1815,241917405145200,2722500,4907261300,4915095300
23,1831,241917455898200,3680600,4958014300,4965848300
23,1847,241917508637000,3200600,5010753100,5018587100
23,1863,241917566262800,3140600,5068378900,5076212900
23,1879,241917615090500,3324400,5117206600,5125040600
23,1895,241917667887200,3009000,5170003300,5177837300
23,1911,241917720987800,3240000,5223103900,5230937900
23,1927,241917769556100,3685500,5271672200,5279506200
23,1943,241917822576400,2888100,5324692500,5332526500
23,1959,241917872267200,2784500,5374383300,5382217300
23,1975,241917921340600,3074200,5423456700,5431290700
23,1991,241917976887400,3751500,5479003500,5486837500
23,2007,241918024184300,3442600,5526300400,5534134400
23,2023,241918075435800,2982400,5577551900,5585385900
23,2039,241918127112400,7305500,5629228500,5637062500
24,8,241912656881300,2550500,158997400,166831400
24,24,241912694344900,2337700,196461000,204295000
24,40,241912733702200,2258000,235818300,243652300
24,56,241912769276300,2234600,271392400,279226400
24,72,241912805752900,2185000,307869000,315703000
24,88,241912841978700,2228800,344094800,351928800
24,104,241912879838100,2486200,381954200,389788200
24,120,241912918472300,2698200,420588400,428422400
24,136,241912993021700,2420600,495137800,502971800
24,152,241913033087000,2224000,535203100,543037100
24,168,241913070112400,2363700,572228500,580062500
24,184,241913112652100,2210100,614768200,622602200
24,200,241913148931000,2116800,651047100,658881100
24,216,241913184613800,2243000,686729900,694563900
24,232,241913221261200,2267800,723377300,731211300
24,248,241913255924200,2133100,758040300,765874300
24,264,241913309476200,2117300,811592300,819426300
24,280,241913344676900,2263200,846793000,854627000
24,296,241913381193000,2260500,883309100,891143100
24,312,241913417168300,2453100,919284400,927118400
24,328,241913457223200,2139800,959339300,967173300
24,344,241913492625600,2087700,994741700,1002575700
24,360,241913528298200,2208000,1030414300,1038248300
24,376,241913564482100,2259100,1066598200,1074432200
24,392,241913617400100,2297000,1119516200,1127350200
24,408,241913652426400,2127400,1154542500,1162376500
24,424,241913688387000,2158500,1190503100,1198337100
24,440,241913724426400,2422400,1226542500,1234376500
24,456,241913759954200,2167100,1262070300,1269904300
24,472,241913794860900,2424900,1296977000,1304811000
24,488,241913831393700,2264600,1333509800,1341343800
24,504,241913868214600,2205400,1370330700,1378164700
24,520,241913903888200,2231600,1406004300,1413838300
24,536,241913959080900,2099800,1461197000,1469031000
24,552,241913993012500,2089700,1495128600,1502962600
24,568,241914028470600,2200100,1530586700,1538420700
24,584,241914063590400,2730500,1565706500,1573540500
24,600,241914098761300,2076700,1600877400,1608711400
24,616,241914132600000,2142800,1634716100,1642550100
24,632,241914166695200,2124600,1668811300,1676645300
24,648,241914200807200,2150000,1702923300,1710757300
24,664,241914253922900,2130200,1756039000,1763873000
24,680,241914293626800,2200400,1795742900,1803576900
24,696,241914329360600,2278500,1831476700,1839310700
24,712,241914363959600,2098100,1866075700,1873909700
24,728,241914397646700,2142500,1899762800,1907596800
24,744,241914433109100,2318800,1935225200,1943059200
24,760,241914470141500,2262800,1972257600,1980091600
24,776,241914505094100,2159700,2007210200,2015044200
24,792,241914560256700,2416600,2062372800,2070206800
24,808,241914596628700,2268500,2098744800,2106578800
24,824,241914632731600,2254000,2134847700,2142681700
24,840,241914669158700,2284000,2171274800,2179108800
24,856,241914705877900,2301500,2207994000,2215828000
24,872,241914742020400,2421100,2244136500,2251970500
24,888,241914777068800,2149700,2279184900,2287018900
24,904,241914811482500,2137300,2313598600,2321432600
24,920,241914845595100,2146200,2347711200,2355545200
24,936,241914903687200,2143600,2405803300,2413637300
24,952,241914939366200,2231500,2441482300,2449316300
24,968,241914974466300,2219600,2476582400,2484416400
24,984,241915009289400,2230000,2511405500,2519239500
24,1000,241915044110100,2298800,2546226200,2554060200
24,1016,241915080143500,2142500,2582259600,2590093600
24,1032,241915114966500,2401500,2617082600,2624916600
24,1048,241915150813100,2308300,2652929200,2660763200
24,1064,241915192302500,2141700,2694418600,2702252600
24,1080,241915227000800,2158500,2729116900,2736950900
24,1096,241915261450200,2216100,2763566300,2771400300
24,1112,241915295859400,2149000,2797975500,2805809500
24,1128,241915330538400,2277600,2832654500,2840488500
24,1144,241915366669700,2269300,2868785800,2876619800
24,1160,241915401964500,2207300,2904080600,2911914600
24,1176,241915436581600,2158600,2938697700,2946531700
24,1192,241915477346300,2116400,2979462400,2987296400
24,1208,241915517915600,3048000,3020031700,3027865700
24,1224,241915565422200,2911700,3067538300,3075372300
24,1240,241915610152500,2682400,3112268600,3120102600
24,1256,241915652246900,2655700,3154363000,3162197000
24,1272,241915696571100,2571700,3198687200,3206521200
24,1288,241915739563800,2576700,3241679900,3249513900
24,1304,241915781373500,2883200,3283489600,3291323600
24,1320,241915823905200,2725800,3326021300,3333855300
24,1336,241915877679100,2923500,3379795200,3387629200
24,1352,241915924947500,2725500,3427063600,3434897600
24,1368,241915971376500,2775800,3473492600,3481326600
24,1384,241916014798200,2822300,3516914300,3524748300
24,1400,241916059461400,2922900,3561577500,3569411500
24,1416,241916105297600,2982800,3607413700,3615247700
24,1432,241916149787500,2870800,3651903600,3659737600
24,1448,241916196350300,4649500,3698466400,3706300400
24,1464,241916249420000,2954000,3751536100,3759370100
24,1480,241916298299800,2689400,3800415900,3808249900
24,1496,241916343733000,3257400,3845849100,3853683100
24,1512,241916392923000,2881600,3895039100,3902873100
24,1528,241916443920800,2684200,3946036900,3953870900
24,1544,241916493926000,3402000,3996042100,4003876100
24,1560,241916545220100,2864700,4047336200,4055170200
24,1576,241916599808900,2767800,4101925000,4109759000
24,1592,241916657951500,3184800,4160067600,4167901600
24,1608,241916707629300,3096400,4209745400,4217579400
24,1624,241916756712700,3574900,4258828800,4266662800
24,1640,241916813813800,2840200,4315929900,4323763900
24,1656,241916864644000,2626800,4366760100,4374594100
24,1672,241916917123200,3639000,4419239300,4427073300
24,1688,241916972609100,4571600,4474725200,4482559200
24,1704,241917031183100,3268300,4533299200,4541133200
24,1720,241917084718500,3049500,4586834600,4594668600
24,1736,241917150180100,3335200,4652296200,4660130200
24,1752,241917203476400,3383600,4705592500,4713426500
24,1768,241917253403400,2700600,4755519500,4763353500
24,1784,241917302838800,3017300,4804954900,4812788900
24,1800,241917353805800,2646700,4855921900,4863755900
24,1816,241917405420600,2697900,4907536700,4915370700
24,1832,241917456032100,3774200,4958148200,4965982200
24,1848,241917509089100,3075500,5011205200,5019039200
24,1864,241917566496900,3307200,5068613000,5076447000
24,1880,241917615348400,3375200,5117464500,5125298500
24,1896,241917668125300,3151600,5170241400,5178075400
24,1912,241917721314000,3349000,5223430100,5231264100
24,1928,241917770009700,3679700,5272125800,5279959800
24,1944,241917823218000,3057100,5325334100,5333168100
24,1960,241917872896600,2830600,5375012700,5382846700
24,1976,241917922201300,2945400,5424317400,5432151400
24,1992,241917977767800,3789000,5479883900,5487717900
24,2008,241918025010200,3499400,5527126300,5534960300
24,2024,241918076281300,3022600,5578397400,5586231400
24,2040,241918128460500,6745500,5630576600,5638410600
25,9,241912659471100,2299000,161587200,169421200
25,25,241912696775300,2323600,198891400,206725400
25,41,241912735994400,2274100,238110500,245944500
25,57,241912771400300,2150800,273516400,281350400
25,73,241912807668500,2330400,309784600,317618600
25,89,241912843882200,2261600,345998300,353832300
25,105,241912881919700,2434400,384035800,391869800
25,121,241912920744100,2588500,422860200,430694200
25,137,241912995037300,2358800,497153400,504987400
25,153,241913035581200,2149500,537697300,545531300
25,169,241913072869300,2362300,574985400,582819400
25,185,241913115237800,2167600,617353900,625187900
25,201,241913151272300,2075300,653388400,661222400
25,217,241913187154900,2356800,689271000,697105000
25,233,241913223592700,2288200,725708800,733542800
25,249,241913258169600,2137000,760285700,768119700
25,265,241913311788300,2227900,813904400,821738400
25,281,241913347178500,2180400,849294600,857128600
25,297,241913383646700,2229500,885762800,893596800
25,313,241913419842600,2179100,921958700,929792700
25,329,241913458641000,2115100,960757100,968591100
25,345,241913493906400,2099700,996022500,1003856500
25,361,241913529608900,2269500,1031725000,1039559000
25,377,241913565940700,2208200,1068056800,1075890800
25,393,241913618809100,2272500,1120925200,1128759200
25,409,241913653600000,2109900,1155716100,1163550100
25,425,241913689510100,2180500,1191626200,1199460200
25,441,241913725609100,2192400,1227725200,1235559200
25,457,241913760951200,2179100,1263067300,1270901300
25,473,241913796048300,2165500,1298164400,1305998400
25,489,241913832567400,2227900,1334683500,1342517500
25,505,241913868884600,2164200,1371000700,1378834700
25,521,241913904492200,2210100,1406608300,1414442300
25,537,241913959660900,2090500,1461777000,1469611000
25,553,241913993684500,2089300,1495800600,1503634600
25,569,241914029427800,2194700,1531543900,1539377900
25,585,241914064659900,2590300,1566776000,1574610000
25,601,241914099677300,2074900,1601793400,1609627400
25,617,241914133525500,2149800,1635641600,1643475600
25,633,241914167621500,2136900,1669737600,1677571600
25,649,241914201747800,2149100,1703863900,1711697900
25,665,241914254860300,2101100,1756976400,1764810400
25,681,241914295736300,2180300,1797852400,1805686400
25,697,241914331489300,2214200,1833605400,1841439400
25,713,241914365887300,2085100,1868003400,1875837400
25,729,241914399616600,2130800,1901732700,1909566700
25,745,241914435266600,2290500,1937382700,1945216700
25,761,241914472285600,2176500,1974401700,1982235700
25,777,241914507134000,2180700,2009250100,2017084100
25,793,241914562754100,2318700,2064870200,2072704200
25,809,241914598961700,2260500,2101077800,2108911800
25,825,241914635019200,2190800,2137135300,2144969300
25,841,241914671263300,2324400,2173379400,2181213400
25,857,241914707593100,2311000,2209709200,2217543200
25,873,241914743800000,2413600,2245916100,2253750100
25,889,241914778816700,2156300,2280932800,2288766800
25,905,241914813214000,2116300,2315330100,2323164100
25,921,241914847322400,2120200,2349438500,2357272500
25,937,241914905382000,2125700,2407498100,2415332100
25,953,241914941125700,2202500,2443241800,2451075800
25,969,241914976203000,2190100,2478319100,2486153100
25,985,241915011243100,2189500,2513359200,2521193200
25,1001,241915046140500,2207700,2548256600,2556090600
25,1017,241915082080100,2148300,2584196200,2592030200
25,1033,241915116748700,2298400,2618864800,2626698800
25,1049,241915152458000,2211700,2654574100,2662408100
25,1065,241915193845000,2139800,2695961100,2703795100
25,1081,241915228428300,2163300,2730544400,2738378400
25,1097,241915262935900,2144100,2765052000,2772886000
25,1113,241915297265300,2162800,2799381400,2807215400
25,1129,241915332067200,2290900,2834183300,2842017300
25,1145,241915368171500,2214300,2870287600,2878121600
25,1161,241915403503400,2170000,2905619500,2913453500
25,1177,241915438091900,2119900,2940208000,2948042000
25,1193,241915479009700,2116900,2981125800,2988959800
25,1209,241915520274300,3021100,3022390400,3030224400
25,1225,241915567137600,2895900,3069253700,3077087700
25,1241,241915611745200,2677600,3113861300,3121695300
25,1257,241915653783700,2666700,3155899800,3163733800
25,1273,241915698105400,2639600,3200221500,3208055500
25,1289,241915741114600,2574800,3243230700,3251064700
25,1305,241915783060600,2929900,3285176700,3293010700
25,1321,241915825563400,2753900,3327679500,3335513500
25,1337,241915879351200,2877100,3381467300,3389301300
25,1353,241915926646600,2643300,3428762700,3436596700
25,1369,241915973079000,2743800,3475195100,3483029100
25,1385,241916016513700,2866600,3518629800,3526463800
25,1401,241916061438600,2966400,3563554700,3571388700
25,1417,241916107396400,2748900,3609512500,3617346500
25,1433,241916151740000,2847600,3653856100,3661690100
25,1449,241916198672700,4642700,3700788800,3708622800
25,1465,241916251341900,2954300,3753458000,3761292000
25,1481,241916300093400,2588300,3802209500,3810043500
25,1497,241916345804500,3203700,3847920600,3855754600
25,1513,241916394694900,3134600,3896811000,3904645000
25,1529,241916445679900,3058000,3947796000,3955630000
25,1545,241916496381400,3372500,3998497500,4006331500
25,1561,241916547108300,2834300,4049224400,4057058400
25,1577,241916601872400,2918900,4103988500,4111822500
25,1593,241916660429500,2835800,4162545600,4170379600
25,1609,241916709754300,2967100,4211870400,4219704400
25,1625,241916759156400,3607700,4261272500,4269106500
25,1641,241916815840400,2869800,4317956500,4325790500
25,1657,241916866425000,2920200,4368541100,4376375100
25,1673,241916919680800,3161000,4421796900,4429630900
25,1689,241916974636000,4369300,4476752100,4484586100
25,1705,241917033305900,2834700,4535422000,4543256000
25,1721,241917086536400,3062700,4588652500,4596486500
25,1737,241917152190500,3787500,4654306600,4662140600
25,1753,241917205531800,3674600,4707647900,4715481900
25,1769,241917254638900,2837200,4756755000,4764589000
25,1785,241917304329100,2737300,4806445200,4814279200
25,1801,241917354904300,2777400,4857020400,4864854400
25,1817,241917406468800,2687800,4908584900,4916418900
25,1833,241917457353300,3628400,4959469400,4967303400
25,1849,241917510136900,3037200,5012253000,5020087000
25,1865,241917567845800,3772600,5069961900,5077795900
25,1881,241917616850200,3550000,5118966300,5126800300
25,1897,241917669468700,3309600,5171584800,5179418800
25,1913,241917722725900,3046400,5224842000,5232676000
25,1929,241917771712400,3529100,5273828500,5281662500
25,1945,241917824015900,3166500,5326132000,5333966000
25,1961,241917873693200,2828500,5375809300,5383643300
25,1977,241917923061700,2862100,5425177800,5433011800
25,1993,241917978787000,3707700,5480903100,5488737100
25,2009,241918026016500,3334700,5528132600,5535966600
25,2025,241918077082400,2986400,5579198500,5587032500
25,2041,241918130670200,5157000,5632786300,5640620300
26,10,241912661802900,2384200,163919000,171753000
26,26,241912699362300,2181600,201478400,209312400
26,42,241912738479900,2259700,240596000,248430000
26,58,241912773693200,2164200,275809300,283643300
26,74,241912810244900,2234000,312361000,320195000
26,90,241912846423600,2201800,348539700,356373700
26,106,241912884689500,2530000,386805600,394639600
26,122,241912923557800,2365600,425673900,433507900
26,138,241912997786400,4777500,499902500,507736500
26,154,241913037387200,2199600,539503300,547337300
26,170,241913074885200,2289400,577001300,584835300
26,186,241913117175000,2163400,619291100,627125100
26,202,241913153191400,2126600,655307500,663141500
26,218,241913189312800,2255900,691428900,699262900
26,234,241913225715500,2208300,727831600,735665600
26,250,241913260253500,2113600,762369600,770203600
26,266,241913313816000,2203400,815932100,823766100
26,282,241913349197800,2112500,851313900,859147900
26,298,241913385534200,2720900,887650300,895484300
26,314,241913421667200,5773800,923783300,931617300
26,330,241913461734100,2226400,963850200,971684200
26,346,241913496972300,2272000,999088400,1006922400
26,362,241913532815700,2288000,1034931800,1042765800
26,378,241913568977400,2214800,1071093500,1078927500
26,394,241913621902500,2227800,1124018600,1131852600
26,410,241913656565000,2148700,1158681100,1166515100
26,426,241913692734900,2232700,1194851000,1202685000
26,442,241913728942800,2166800,1231058900,1238892900
26,458,241913764300800,2137200,1266416900,1274250900
26,474,241913799802300,2402600,1301918400,1309752400
26,490,241913836280700,3079500,1338396800,1346230800
26,506,241913873397400,2226200,1375513500,1383347500
26,522,241913927816800,3564900,1429932900,1437766900
26,538,241913964110500,2082400,1466226600,1474060600
26,554,241913997975900,2124300,1500092000,1507926000
26,570,241914033476200,2169300,1535592300,1543426300
26,586,241914069265100,2205600,1571381200,1579215200
26,602,241914103670900,2082700,1605787000,1613621000
26,618,241914137628600,2090200,1639744700,1647578700
26,634,241914171694600,2122900,1673810700,1681644700
26,650,241914205820700,2103000,1707936800,1715770800
26,666,241914258824700,2112000,1760940800,1768774800
26,682,241914298284700,2156000,1800400800,1808234800
26,698,241914334064500,2475500,1836180600,1844014600
26,714,241914368366400,2114200,1870482500,1878316500
26,730,241914402156500,2119900,1904272600,1912106600
26,746,241914437862700,2607300,1939978800,1947812800
26,762,241914474909500,2302000,1977025600,1984859600
26,778,241914509650900,2146300,2011767000,2019601000
26,794,241914565372200,2303800,2067488300,2075322300
26,810,241914601475700,2263600,2103591800,2111425800
26,826,241914637462700,2266700,2139578800,2147412800
26,842,241914674082300,2259200,2176198400,2184032400
26,858,241914710706300,2244000,2212822400,2220656400
26,874,241914746854900,2171100,2248971000,2256805000
26,890,241914781677300,2144300,2283793400,2291627400
26,906,241914815977200,2126800,2318093300,2325927300
26,922,241914850085100,21437400,2352201200,2360035200
26,938,241914908200700,2129100,2410316800,2418150800
26,954,241914944028300,2210000,2446144400,2453978400
26,970,241914979078000,2202800,2481194100,2489028100
26,986,241915013912800,2149000,2516028900,2523862900
26,1002,241915048855200,2324800,2550971300,2558805300
26,1018,241915084746400,2122100,2586862500,2594696500
26,1034,241915119866400,2386100,2621982500,2629816500
26,1050,241915155294500,2252200,2657410600,2665244600
26,1066,241915196654600,2123000,2698770700,2706604700
26,1082,241915231194500,2117000,2733310600,2741144600
26,1098,241915265743500,2105900,2767859600,2775693600
26,1114,241915300033500,2150400,2802149600,2809983600
26,1130,241915334943800,2221900,2837059900,2844893900
26,1146,241915370940100,2134900,2873056200,2880890200
26,1162,241915406256200,2154900,2908372300,2916206300
26,1178,241915440802100,2163300,2942918200,2950752200
26,1194,241915481476100,2174500,2983592200,2991426200
26,1210,241915523809500,3053500,3025925600,3033759600
26,1226,241915571179200,2908400,3073295300,3081129300
26,1242,241915615509400,2723000,3117625500,3125459500
26,1258,241915657684700,2960300,3159800800,3167634800
26,1274,241915701642800,2621700,3203758900,3211592900
26,1290,241915744561300,2630500,3246677400,3254511400
26,1306,241915786853400,2591000,3288969500,3296803500
26,1322,241915829196800,2691800,3331312900,3339146900
26,1338,241915883095600,2716800,3385211700,3393045700
26,1354,241915930164900,2610600,3432281000,3440115000
26,1370,241915976732700,2822700,3478848800,3486682800
26,1386,241916020197900,2579300,3522314000,3530148000
26,1402,241916064941700,2953800,3567057800,3574891800
26,1418,241916110603200,2598900,3612719300,3620553300
26,1434,241916155100400,2840700,3657216500,3665050500
26,1450,241916204040000,3196300,3706156100,3713990100
26,1466,241916254895200,2885400,3757011300,3764845300
26,1482,241916303190500,2681400,3805306600,3813140600
26,1498,241916349474200,3183600,3851590300,3859424300
26,1514,241916398504000,3042800,3900620100,3908454100
26,1530,241916449467500,2769900,3951583600,3959417600
26,1546,241916500825100,3360900,4002941200,4010775200
26,1562,241916551227000,4357200,4053343100,4061177100
26,1578,241916606049400,2703300,4108165500,4115999500
26,1594,241916664920500,2679500,4167036600,4174870600
26,1610,241916714127400,3118100,4216243500,4224077500
26,1626,241916764330800,3566200,4266446900,4274280900
26,1642,241916820009700,2943400,4322125800,4329959800
26,1658,241916870871700,2865000,4372987800,4380821800
26,1674,241916924609200,3024500,4426725300,4434559300
26,1690,241916980817300,5153000,4482933400,4490767400
26,1706,241917037923400,4528000,4540039500,4547873500
26,1722,241917092767000,2512000,4594883100,4602717100
26,1738,241917157951100,3581100,4660067200,4667901200
26,1754,241917210794400,3133400,4712910500,4720744500
26,1770,241917258234900,3525200,4760351000,4768185000
26,1786,241917308131900,2943000,4810248000,4818082000
26,1802,241917358966200,3560000,4861082300,4868916300
26,1818,241917410052900,2589800,4912169000,4920003000
26,1834,241917462198800,3535400,4964314900,4972148900
26,1850,241917514342300,3171100,5016458400,5024292400
26,1866,241917572276900,3223900,5074393000,5082227000
26,1882,241917621021000,3075400,5123137100,5130971100
26,1898,241917673348600,3015100,5175464700,5183298700
26,1914,241917726277500,2798000,5228393600,5236227600
26,1930,241917775764200,3191400,5277880300,5285714300
26,1946,241917827645500,3008100,5329761600,5337595600
26,1962,241917876978100,2814200,5379094200,5386928200
26,1978,241917926368900,3051800,5428485000,5436319000
26,1994,241917983018300,2891600,5485134400,5492968400
26,2010,241918030017500,2983400,5532133600,5539967600
26,2026,241918080591500,3239100,5582707600,5590541600
26,2042,241918136378900,2577400,5638495000,5646329000
27,11,241912664156600,2325900,166272700,174106700
27,27,241912701454100,2211200,203570200,211404200
27,43,241912740596100,2273600,242712200,250546200
27,59,241912775688200,2239900,277804300,285638300
27,75,241912812450200,2244400,314566300,322400300
27,91,241912848590300,2291600,350706400,358540400
27,107,241912887160600,2494800,389276700,397110700
27,123,241912926111400,2831900,428227500,436061500
27,139,241913001750500,2436000,503866600,511700600
27,155,241913038915600,2629800,541031700,548865700
27,171,241913076514300,2406600,578630400,586464400
27,187,241913118658400,2167000,620774500,628608500
27,203,241913154731000,2228100,656847100,664681100
27,219,241913191149100,2106600,693265200,701099200
27,235,241913227550800,2125000,729666900,737500900
27,251,241913262013400,2218400,764129500,771963500
27,267,241913315650300,2169400,817766400,825600400
27,283,241913350965200,2176000,853081300,860915300
27,299,241913387917800,2313600,890033900,897867900
27,315,241913424558000,5129600,926674100,934508100
27,331,241913462894900,2190100,965011000,972845000
27,347,241913498171700,2196200,1000287800,1008121800
27,363,241913534097500,2244000,1036213600,1044047600
27,379,241913570273200,2181200,1072389300,1080223300
27,395,241913623180300,2217900,1125296400,1133130400
27,411,241913658197400,2259200,1160313500,1168147500
27,427,241913694385700,2401700,1196501800,1204335800
27,443,241913730512200,2354800,1232628300,1240462300
27,459,241913765859300,2097600,1267975400,1275809400
27,475,241913801166300,2286000,1303282400,1311116400
27,491,241913837192200,1548600,1339308300,1347142300
27,507,241913872580500,2233000,1374696600,1382530600
27,523,241913908163500,22163600,1410279600,1418113600
27,539,241913963270800,2050300,1465386900,1473220900
27,555,241913997172700,2116800,1499288800,1507122800
27,571,241914032761300,2132300,1534877400,1542711400
27,587,241914068458800,2243700,1570574900,1578408900
27,603,241914102905300,2071400,1605021400,1612855400
27,619,241914136831400,2106700,1638947500,1646781500
27,635,241914170944500,2112200,1673060600,1680894600
27,651,241914205077700,2094900,1707193800,1715027800
27,667,241914258112300,2077400,1760228400,1768062400
27,683,241914298191100,2152400,1800307200,1808141200
27,699,241914334109400,2462800,1836225500,1844059500
27,715,241914368337500,2109800,1870453600,1878287600
27,731,241914402125100,2118000,1904241200,1912075200
27,747,241914438003400,2379500,1940119500,1947953500
27,763,241914474880600,2300000,1976996700,1984830700
27,779,241914509683600,2148300,2011799700,2019633700
27,795,241914565313300,2295800,2067429400,2075263400
27,811,241914601409600,2263700,2103525700,2111359700
27,827,241914637395800,2269100,2139511900,2147345900
27,843,241914673747500,2253000,2175863600,2183697600
27,859,241914710116800,2248800,2212232900,2220066900
27,875,241914746309300,2178200,2248425400,2256259400
27,891,241914781066800,2160000,2283182900,2291016900
27,907,241914815391700,2121200,2317507800,2325341800
27,923,241914849500500,21187200,2351616600,2359450600
27,939,241914907540600,2141300,2409656700,2417490700
27,955,241914943363700,2201900,2445479800,2453313800
27,971,241914978452600,2197300,2480568700,2488402700
27,987,241915013177700,2162300,2515293800,2523127800
27,1003,241915048110100,2290000,2550226200,2558060200
27,1019,241915084090100,2123600,2586206200,2594040200
27,1035,241915118754600,2317600,2620870700,2628704700
27,1051,241915154287000,2129800,2656403100,2664237100
27,1067,241915195657600,2126000,2697773700,2705607700
27,1083,241915230269500,2122800,2732385600,2740219600
27,1099,241915264820500,2184800,2766936600,2774770600
27,1115,241915299175700,2141100,2801291800,2809125800
27,1131,241915334149500,2296600,2836265600,2844099600
27,1147,241915370214100,2190400,2872330200,2880164200
27,1163,241915405467300,2159100,2907583400,2915417400
27,1179,241915440007600,2154900,2942123700,2949957700
27,1195,241915480837200,2169700,2982953300,2990787300
27,1211,241915522872300,3024900,3024988400,3032822400
27,1227,241915570307400,2951700,3072423500,3080257500
27,1243,241915614687000,2751700,3116803100,3124637100
27,1259,241915656713900,3135600,3158830000,3166664000
27,1275,241915701002200,2635600,3203118300,3210952300
27,1291,241915743929100,2570600,3246045200,3253879200
27,1307,241915786267200,2596200,3288383300,3296217300
27,1323,241915828571900,2708800,3330688000,3338522000
27,1339,241915882541100,2705500,3384657200,3392491200
27,1355,241915929595000,2634300,3431711100,3439545100
27,1371,241915976163600,2791100,3478279700,3486113700
27,1387,241916019685500,2563300,3521801600,3529635600
27,1403,241916064614700,2947900,3566730800,3574564800
27,1419,241916110321400,2594500,3612437500,3620271500
27,1435,241916154790500,2835400,3656906600,3664740600
27,1451,241916203602400,3253200,3705718500,3713552500
27,1467,241916254474000,2922900,3756590100,3764424100
27,1483,241916302816900,2687600,3804933000,3812767000
27,1499,241916349160100,3100700,3851276200,3859110200
27,1515,241916398046200,3080900,3900162300,3907996300
27,1531,241916448926600,2752200,3951042700,3958876700
27,1547,241916499948100,3343000,4002064200,4009898200
27,1563,241916550312400,4078900,4052428500,4060262500
27,1579,241916605085300,2681800,4107201400,4115035400
27,1595,241916663616000,3132300,4165732100,4173566100
27,1611,241916713059500,3101400,4215175600,4223009600
27,1627,241916763255800,3251700,4265371900,4273205900
27,1643,241916819163400,2845500,4321279500,4329113500
27,1659,241916869712600,3124000,4371828700,4379662700
27,1675,241916923387800,2894500,4425503900,4433337900
27,1691,241916979541200,3017200,4481657300,4489491300
27,1707,241917036505400,4448000,4538621500,4546455500
27,1723,241917090087600,4168400,4592203700,4600037700
27,1739,241917156361400,3648200,4658477500,4666311500
27,1755,241917209619300,2862200,4711735400,4719569400
27,1771,241917257736700,3198500,4759852800,4767686800
27,1787,241917307383700,2922700,4809499800,4817333800
27,1803,241917358226400,3404200,4860342500,4868176500
27,1819,241917409657100,2598100,4911773200,4919607200
27,1835,241917461775900,3539900,4963892000,4971726000
27,1851,241917513856100,3241800,5015972200,5023806200
27,1867,241917571768000,3252400,5073884100,5081718100
27,1883,241917620524800,3060100,5122640900,5130474900
27,1899,241917672908800,3081200,5175024900,5182858900
27,1915,241917725968800,2792400,5228084900,5235918900
27,1931,241917775425800,3184000,5277541900,5285375900
27,1947,241917827326000,3034800,5329442100,5337276100
27,1963,241917876672400,2814500,5378788500,5386622500
27,1979,241917926074400,3040000,5428190500,5436024500
27,1995,241917982633800,2819800,5484749900,5492583900
27,2011,241918029438000,3056000,5531554100,5539388100
27,2027,241918080110000,3095600,5582226100,5590060100
27,2043,241918135937000,2600900,5638053100,5645887100
28,12,241912666423500,2489900,168539600,176373600
28,28,241912703524900,2176500,205641000,213475000
28,44,241912743190200,2257300,245306300,253140300
28,60,241912778346600,2315900,280462700,288296700
28,76,241912815060400,2304600,317176500,325010500
28,92,241912851180900,2282300,353297000,361131000
28,108,241912889870000,2487800,391986100,399820100
28,124,241912928992300,25477600,431108400,438942400
28,140,241913005209200,2289300,507325300,515159300
28,156,241913042550900,2490800,544667000,552501000
28,172,241913079899800,2171700,582015900,589849900
28,188,241913121973600,2496700,624089700,631923700
28,204,241913157891000,2241400,660007100,667841100
28,220,241913194012000,2282900,696128100,703962100
28,236,241913230285400,2174600,732401500,740235500
28,252,241913264664800,2139900,766780900,774614900
28,268,241913318270900,2215100,820387000,828221000
28,284,241913353646400,2227900,855762500,863596500
28,300,241913390772300,2298300,892888400,900722400
28,316,241913431142700,2321700,933258800,941092800
28,332,241913466332800,2170800,968448900,976282900
28,348,241913501469200,2149100,1003585300,1011419300
28,364,241913537535400,2300400,1039651500,1047485500
28,380,241913573702500,2074700,1075818600,1083652600
28,396,241913626824100,2093400,1128940200,1136774200
28,412,241913661601300,2361500,1163717400,1171551400
28,428,241913697853300,2249900,1199969400,1207803400
28,444,241913733896800,2264500,1236012900,1243846900
28,460,241913768820400,2110900,1270936500,1278770500
28,476,241913804340500,2257300,1306456600,1314290600
28,492,241913843344500,2274100,1345460600,1353294600
28,508,241913878976800,2291700,1381092900,1388926900
28,524,241913934578100,2145300,1436694200,1444528200
28,540,241913969316700,2062800,1471432800,1479266800
28,556,241914003337300,2126900,1505453400,1513287400
28,572,241914039044400,2164600,1541160500,1548994500
28,588,241914075019800,2211500,1577135900,1584969900
28,604,241914109027700,2109100,1611143800,1618977800
28,620,241914143069600,2163800,1645185700,1653019700
28,636,241914177124700,2113700,1679240800,1687074800
28,652,241914211256800,2111200,1713372900,1721206900
28,668,241914264228200,1880100,1766344300,1774178300
28,684,241914303319500,2232600,1805435600,1813269600
28,700,241914339521000,2148900,1841637100,1849471100
28,716,241914373336800,2095200,1875452900,1883286900
28,732,241914407131600,2157300,1909247700,1917081700
28,748,241914443515700,2263600,1945631800,1953465800
28,764,241914480161500,2142300,1982277600,1990111600
28,780,241914514779200,2206700,2016895300,2024729300
28,796,241914571073100,2278400,2073189200,2081023200
28,812,241914607094500,2212500,2109210600,2117044600
28,828,241914643053700,2135700,2145169800,2153003800
28,844,241914679598900,2197700,2181715000,2189549000
28,860,241914716687200,2246100,2218803300,2226637300
28,876,241914752741400,2219900,2254857500,2262691500
28,892,241914787248300,2135500,2289364400,2297198400
28,908,241914821449100,2140700,2323565200,2331399200
28,924,241914877277500,3593300,2379393600,2387227600
28,940,241914913673500,2148600,2415789600,2423623600
28,956,241914949690000,2218000,2451806100,2459640100
28,972,241914984564700,2117300,2486680800,2494514800
28,988,241915019392700,2168300,2521508800,2529342800
28,1004,241915054959100,2363700,2557075200,2564909200
28,1020,241915090181400,2128300,2592297500,2600131500
28,1036,241915126255200,2293900,2628371300,2636205300
28,1052,241915161462200,2257600,2663578300,2671412300
28,1068,241915202753600,2271800,2704869700,2712703700
28,1084,241915237239200,2131500,2739355300,2747189300
28,1100,241915271796100,2131500,2773912200,2781746200
28,1116,241915306121500,2152600,2808237600,2816071600
28,1132,241915341226200,2283500,2843342300,2851176300
28,1148,241915377101400,2131200,2879217500,2887051500
28,1164,241915412003400,2171100,2914119500,2921953500
28,1180,241915446595400,2173800,2948711500,2956545500
28,1196,241915487877900,2169100,2989994000,2997828000
28,1212,241915532148100,1946700,3034264200,3042098200
28,1228,241915578099700,2672100,3080215800,3088049800
28,1244,241915622162900,2661400,3124279000,3132113000
28,1260,241915664704600,2811400,3166820700,3174654700
28,1276,241915708447500,2756600,3210563600,3218397600
28,1292,241915750922100,2364100,3253038200,3260872200
28,1308,241915793242600,2545100,3295358700,3303192700
28,1324,241915841676000,2941200,3343792100,3351626100
28,1340,241915889949400,2789900,3392065500,3399899500
28,1356,241915936691700,2688800,3438807800,3446641800
28,1372,241915983735000,2740900,3485851100,3493685100
28,1388,241916026615200,2534000,3528731300,3536565300
28,1404,241916072488300,3111400,3574604400,3582438400
28,1420,241916117587700,2768100,3619703800,3627537800
28,1436,241916162552500,2852400,3664668600,3672502600
28,1452,241916212028300,2813200,3714144400,3721978400
28,1468,241916262110300,2713800,3764226400,3772060400
28,1484,241916309924400,2974400,3812040500,3819874500
28,1500,241916357191800,2834200,3859307900,3867141900
28,1516,241916406218500,3225100,3908334600,3916168600
28,1532,241916456984200,3130200,3959100300,3966934300
28,1548,241916508818300,3578300,4010934400,4018768400
28,1564,241916562206800,3560800,4064322900,4072156900
28,1580,241916612476700,2726100,4114592800,4122426800
28,1596,241916671601100,3202200,4173717200,4181551200
28,1612,241916721569200,2901400,4223685300,4231519300
28,1628,241916773412000,3993200,4275528100,4283362100
28,1644,241916826957300,3402700,4329073400,4336907400
28,1660,241916878415200,3325300,4380531300,4388365300
28,1676,241916931785900,3541700,4433902000,4441736000
28,1692,241916990258300,4634300,4492374400,4500208400
28,1708,241917046483900,4373200,4548600000,4556434000
28,1724,241917106203600,4156100,4608319700,4616153700
28,1740,241917165926700,3273600,4668042800,4675876800
28,1756,241917218278600,3251200,4720394700,4728228700
28,1772,241917266787500,3159600,4768903600,4776737600
28,1788,241917315766000,3497400,4817882100,4825716100
28,1804,241917368221500,2922000,4870337600,4878171600
28,1820,241917418477800,3218300,4920593900,4928427900
28,1836,241917471052300,3306200,4973168400,4981002400
28,1852,241917522872900,3809100,5024989000,5032823000
28,1868,241917580410800,3350100,5082526900,5090360900
28,1884,241917629179500,3169100,5131295600,5139129600
28,1900,241917681493100,3586700,5183609200,5191443200
28,1916,241917734002700,3243600,5236118800,5243952800
28,1932,241917784290400,3542700,5286406500,5294240500
28,1948,241917835602000,3155900,5337718100,5345552100
28,1964,241917886091200,3057600,5388207300,5396041300
28,1980,241917934699900,2781100,5436816000,5444650000
28,1996,241917990588700,2956600,5492704800,5500538800
28,2012,241918038227900,3023600,5540344000,5548178000
28,2028,241918089437300,2982700,5591553400,5599387400
28,2044,241918143958300,3209100,5646074400,5653908400
29,13,241912669018900,2252700,171135000,178969000
29,29,241912706025900,2166000,208142000,215976000
29,45,241912745625100,2210300,247741200,255575200
29,61,241912780850900,2311500,282967000,290801000
29,77,241912817491700,2300700,319607800,327441800
29,93,241912853651100,2238300,355767200,363601200
29,109,241912892700000,2375100,394816100,402650100
29,125,241912955211000,4281600,457327100,465161100
29,141,241913006627200,2306900,508743300,516577300
29,157,241913044202700,2568200,546318800,554152800
29,173,241913081277500,2109300,583393600,591227600
29,189,241913123491300,2404200,625607400,633441400
29,205,241913159181600,2150700,661297700,669131700
29,221,241913195517100,2249800,697633200,705467200
29,237,241913231628200,2209200,733744300,741578300
29,253,241913266130400,2412800,768246500,776080500
29,269,241913319920200,2218900,822036300,829870300
29,285,241913355316900,2174700,857433000,865267000
29,301,241913392494000,2233000,894610100,902444100
29,317,241913431207100,2316300,933323200,941157200
29,333,241913466450700,2180500,968566800,976400800
29,349,241913501680200,2138900,1003796300,1011630300
29,365,241913537661700,2298300,1039777800,1047611800
29,381,241913573647700,2072100,1075763800,1083597800
29,397,241913626705700,2085300,1128821800,1136655800
29,413,241913661446000,2387700,1163562100,1171396100
29,429,241913697661900,2153700,1199778000,1207612000
29,445,241913733721800,2238400,1235837900,1243671900
29,461,241913768954200,2174400,1271070300,1278904300
29,477,241913804219000,2262100,1306335100,1314169100
29,493,241913842355600,2194700,1344471700,1352305700
29,509,241913877957900,2233000,1380074000,1387908000
29,525,241913933590700,2161600,1435706800,1443540800
29,541,241913968337600,2074200,1470453700,1478287700
29,557,241914002390400,2040300,1504506500,1512340500
29,573,241914037971300,2157200,1540087400,1547921400
29,589,241914073987700,2233400,1576103800,1583937800
29,605,241914108063300,2109300,1610179400,1618013400
29,621,241914142104400,2162400,1644220500,1652054500
29,637,241914176173600,2122800,1678289700,1686123700
29,653,241914210326400,2096400,1712442500,1720276500
29,669,241914263271000,2059500,1765387100,1773221100
29,685,241914303045600,2239800,1805161700,1812995700
29,701,241914339285300,2136500,1841401400,1849235400
29,717,241914373104400,2105400,1875220500,1883054500
29,733,241914406878100,2150400,1908994200,1916828200
29,749,241914443144700,2217200,1945260800,1953094800
29,765,241914479825600,2133600,1981941700,1989775700
29,781,241914514431800,2193600,2016547900,2024381900
29,797,241914570529500,2269800,2072645600,2080479600
29,813,241914606584400,2198200,2108700500,2116534500
29,829,241914642534900,2156400,2144651000,2152485000
29,845,241914679004900,2265000,2181121000,2188955000
29,861,241914716066100,2219000,2218182200,2226016200
29,877,241914752079600,2199100,2254195700,2262029700
29,893,241914786563700,2140900,2288679800,2296513800
29,909,241914820801300,2131500,2322917400,2330751400
29,925,241914875727900,4013800,2377844000,2385678000
29,941,241914912907700,2138300,2415023800,2422857800
29,957,241914948892200,2210500,2451008300,2458842300
29,973,241914983797900,2126500,2485914000,2493748000
29,989,241915018637900,2143200,2520754000,2528588000
29,1005,241915054066600,2430200,2556182700,2564016700
29,1021,241915089421300,2130500,2591537400,2599371400
29,1037,241915124940600,2241400,2627056700,2634890700
29,1053,241915160212800,2242400,2662328900,2670162900
29,1069,241915201493200,2287900,2703609300,2711443300
29,1085,241915236011200,2146100,2738127300,2745961300
29,1101,241915270665700,2162400,2772781800,2780615800
29,1117,241915304991900,2154300,2807108000,2814942000
29,1133,241915340071500,2234700,2842187600,2850021600
29,1149,241915375955600,2225400,2878071700,2885905700
29,1165,241915411011100,2144200,2913127200,2920961200
29,1181,241915445592100,2160800,2947708200,2955542200
29,1197,241915486768300,2263600,2988884400,2996718400
29,1213,241915530800400,3016900,3032916500,3040750500
29,1229,241915577932500,2576600,3080048600,3087882600
29,1245,241915621883500,2663400,3123999600,3131833600
29,1261,241915664487900,2932900,3166604000,3174438000
29,1277,241915708309500,2761800,3210425600,3218259600
29,1293,241915750786200,2376300,3252902300,3260736300
29,1309,241915792948400,2528800,3295064500,3302898500
29,1325,241915841321600,2980100,3343437700,3351271700
29,1341,241915889621100,2775200,3391737200,3399571200
29,1357,241915936379900,2689400,3438496000,3446330000
29,1373,241915983438700,2738700,3485554800,3493388800
29,1389,241916026359600,2550400,3528475700,3536309700
29,1405,241916072218600,3043600,3574334700,3582168700
29,1421,241916117270300,2782700,3619386400,3627220400
29,1437,241916162188000,2849400,3664304100,3672138100
29,1453,241916211830800,2793400,3713946900,3721780900
29,1469,241916261927300,2694200,3764043400,3771877400
29,1485,241916309738500,2941000,3811854600,3819688600
29,1501,241916356918400,2846700,3859034500,3866868500
29,1517,241916405940000,3233100,3908056100,3915890100
29,1533,241916456614500,3156300,3958730600,3966564600
29,1549,241916508469300,3642000,4010585400,4018419400
29,1565,241916561843700,3670500,4063959800,4071793800
29,1581,241916612400700,2729600,4114516800,4122350800
29,1597,241916671793600,3197500,4173909700,4181743700
29,1613,241916721380000,2865200,4223496100,4231330100
29,1629,241916773135500,4005800,4275251600,4283085600
29,1645,241916826753200,3361900,4328869300,4336703300
29,1661,241916878467000,3315100,4380583100,4388417100
29,1677,241916931828000,3542700,4433944100,4441778100
29,1693,241916990188400,4641000,4492304500,4500138500
29,1709,241917046366600,4363600,4548482700,4556316700
29,1725,241917106100600,4132900,4608216700,4616050700
29,1741,241917165739800,3283400,4667855900,4675689900
29,1757,241917218409800,3267900,4720525900,4728359900
29,1773,241917266912200,3166900,4769028300,4776862300
29,1789,241917315838600,3456200,4817954700,4825788700
29,1805,241917367888700,2956100,4870004800,4877838800
29,1821,241917418197300,3182300,4920313400,4928147400
29,1837,241917470895800,3291100,4973011900,4980845900
29,1853,241917522609400,3740000,5024725500,5032559500
29,1869,241917580164800,3326700,5082280900,5090114900
29,1885,241917628916900,3159200,5131033000,5138867000
29,1901,241917681259900,3582300,5183376000,5191210000
29,1917,241917733808800,3234700,5235924900,5243758900
29,1933,241917784077200,3536200,5286193300,5294027300
29,1949,241917835520500,3114100,5337636600,5345470600
29,1965,241917886029100,3021900,5388145200,5395979200
29,1981,241917934593500,2801400,5436709600,5444543600
29,1997,241917990400100,2872300,5492516200,5500350200
29,2013,241918038183600,3025000,5540299700,5548133700
29,2029,241918089354700,2973200,5591470800,5599304800
29,2045,241918143704800,3266200,5645820900,5653654900
30,14,241912671306200,2294700,173422300,181256300
30,30,241912707963100,2304600,210079200,217913200
30,46,241912747329200,2389500,249445300,257279300
30,62,241912782693200,2232100,284809300,292643300
30,78,241912819237200,2351100,321353300,329187300
30,94,241912855360800,2216100,357476900,365310900
30,110,241912894461200,2460800,396577300,404411300
30,126,241912958376800,3841000,460492900,468326900
30,142,241913008967500,2237300,511083600,518917600
30,158,241913046736500,2290900,548852600,556686600
30,174,241913083420200,3437800,585536300,593370300
30,190,241913125931800,2269200,628047900,635881900
30,206,241913161426000,2282400,663542100,671376100
30,222,241913197732200,2449100,699848300,707682300
30,238,241913233937000,2094700,736053100,743887100
30,254,241913268516300,2208100,770632400,778466400
30,270,241913322083200,2184400,824199300,832033300
30,286,241913357313000,2143000,859429100,867263100
30,302,241913394188600,2191400,896304700,904138700
30,318,241913432734500,2330400,934850600,942684600
30,334,241913467969000,2178500,970085100,977919100
30,350,241913503241700,2164800,1005357800,1013191800
30,366,241913539475600,2326400,1041591700,1049425700
30,382,241913575614700,2139200,1077730800,1085564800
30,398,241913628712300,2114000,1130828400,1138662400
30,414,241913663718600,2284800,1165834700,1173668700
30,430,241913699711100,2101200,1201827200,1209661200
30,446,241913735742100,2206100,1237858200,1245692200
30,462,241913770786900,2164000,1272903000,1280737000
30,478,241913806198800,2203700,1308314900,1316148900
30,494,241913841664800,2255000,1343780900,1351614900
30,510,241913877403800,2173500,1379519900,1387353900
30,526,241913933057100,2132800,1435173200,1443007200
30,542,241913967641200,2084000,1469757300,1477591300
30,558,241914001609200,2142200,1503725300,1511559300
30,574,241914037260900,2120300,1539377000,1547211000
30,590,241914073135800,2235000,1575251900,1583085900
30,606,241914107281300,2091700,1609397400,1617231400
30,622,241914141300000,2138600,1643416100,1651250100
30,638,241914175363800,2124400,1677479900,1685313900
30,654,241914209497800,2117000,1711613900,1719447900
30,670,241914262524200,2050100,1764640300,1772474300
30,686,241914304241100,2200900,1806357200,1814191200
30,702,241914340393200,2148300,1842509300,1850343300
30,718,241914374190800,2084000,1876306900,1884140900
30,734,241914408007100,2134500,1910123200,1917957200
30,750,241914444255400,2282600,1946371500,1954205500
30,766,241914480800300,2148100,1982916400,1990750400
30,782,241914515431700,2198800,2017547800,2025381800
30,798,241914571732500,2212700,2073848600,2081682600
30,814,241914607758000,2238200,2109874100,2117708100
30,830,241914643715400,2091000,2145831500,2153665500
30,846,241914680166100,2160900,2182282200,2190116200
30,862,241914717129200,2235600,2219245300,2227079300
30,878,241914753208400,2145100,2255324500,2263158500
30,894,241914787628100,2113900,2289744200,2297578200
30,910,241914821838100,2136200,2323954200,2331788200
30,926,241914878132200,3403600,2380248300,2388082300
30,942,241914914122400,2173300,2416238500,2424072500
30,958,241914950198600,2208200,2452314700,2460148700
30,974,241914985001300,2110000,2487117400,2494951400
30,990,241915019771600,2164500,2521887700,2529721700
30,1006,241915055305300,2349800,2557421400,2565255400
30,1022,241915090504000,2135600,2592620100,2600454100
30,1038,241915125340800,2262900,2627456900,2635290900
30,1054,241915160604400,2246900,2662720500,2670554500
30,1070,241915201823100,2269500,2703939200,2711773200
30,1086,241915236353100,2144800,2738469200,2746303200
30,1102,241915270934200,2157400,2773050300,2780884300
30,1118,241915305268900,2160600,2807385000,2815219000
30,1134,241915340395200,2244400,2842511300,2850345300
30,1150,241915376253300,2302800,2878369400,2886203400
30,1166,241915411610100,2165000,2913726200,2921560200
30,1182,241915446188900,2180800,2948305000,2956139000
30,1198,241915487593500,2230200,2989709600,2997543600
30,1214,241915531899500,3390700,3034015600,3041849600
30,1230,241915579005200,2922400,3081121300,3088955300
30,1246,241915623274900,2669700,3125391000,3133225000
30,1262,241915665919600,2911200,3168035700,3175869700
30,1278,241915709713900,2684600,3211830000,3219664000
30,1294,241915752072500,2454600,3254188600,3262022600
30,1310,241915794331600,2533700,3296447700,3304281700
30,1326,241915842961000,2839300,3345077100,3352911100
30,1342,241915891133000,2752300,3393249100,3401083100
30,1358,241915937806500,2699400,3439922600,3447756600
30,1374,241915984880300,2730800,3486996400,3494830400
30,1390,241916027696400,2538500,3529812500,3537646500
30,1406,241916073496000,2999100,3575612100,3583446100
30,1422,241916118418200,2712400,3620534300,3628368300
30,1438,241916163387700,2839000,3665503800,3673337800
30,1454,241916212954700,2797400,3715070800,3722904800
30,1470,241916263040600,2742900,3765156700,3772990700
30,1486,241916310839800,3120200,3812955900,3820789900
30,1502,241916358076800,2825500,3860192900,3868026900
30,1518,241916407202000,3221000,3909318100,3917152100
30,1534,241916457801600,3143200,3959917700,3967751700
30,1550,241916509819900,3521000,4011936000,4019770000
30,1566,241916563609600,3204200,4065725700,4073559700
30,1582,241916613416800,2748600,4115532900,4123366900
30,1598,241916672883100,3143700,4174999200,4182833200
30,1614,241916722524000,2961400,4224640100,4232474100
30,1630,241916774801900,3607500,4276918000,4284752000
30,1646,241916827949500,3435500,4330065600,4337899600
30,1662,241916879594800,2984100,4381710900,4389544900
30,1678,241916932833500,3352100,4434949600,4442783600
30,1694,241916991055200,4440900,4493171300,4501005300
30,1710,241917047280500,4375300,4549396600,4557230600
30,1726,241917107302000,4005500,4609418100,4617252100
30,1742,241917166686900,3308700,4668803000,4676637000
30,1758,241917218962400,3338100,4721078500,4728912500
30,1774,241917267650700,3089500,4769766800,4777600800
30,1790,241917316672600,3261900,4818788700,4826622700
30,1806,241917368763700,2935700,4870879800,4878713800
30,1822,241917418991400,3390700,4921107500,4928941500
30,1838,241917471561000,3288400,4973677100,4981511100
30,1854,241917523459900,3683100,5025576000,5033410000
30,1870,241917580697200,3309000,5082813300,5090647300
30,1886,241917629453900,3123900,5131570000,5139404000
30,1902,241917681851900,3536600,5183968000,5191802000
30,1918,241917734253400,3212700,5236369500,5244203500
30,1934,241917784550300,3693300,5286666400,5294500400
30,1950,241917836090000,3160000,5338206100,5346040100
30,1966,241917886530300,3059600,5388646400,5396480400
30,1982,241917935102300,2902900,5437218400,5445052400
30,1998,241917990916200,2994700,5493032300,5500866300
30,2014,241918038571400,2994500,5540687500,5548521500
30,2030,241918089725700,2979300,5591841800,5599675800
30,2046,241918144313600,3662400,5646429700,5654263700
31,15,241912673665100,2405900,175781200,183615200
31,31,241912710491900,2342100,212608000,220442000
31,47,241912749837200,2180200,251953300,259787300
31,63,241912785074100,2249100,287190200,295024200
31,79,241912821739900,2234600,323856000,331690000
31,95,241912857753300,2314700,359869400,367703400
31,111,241912897078500,2346400,399194600,407028600
31,127,241912962260900,3279700,464377000,472211000
31,143,241913010175200,2154700,512291300,520125300
31,159,241913047936200,2120700,550052300,557886300
31,175,241913085097400,3495100,587213500,595047500
31,191,241913127081400,2368500,629197500,637031500
31,207,241913162587700,2397800,664703800,672537800
31,223,241913199106800,2327600,701222900,709056900
31,239,241913235063700,2138200,737179800,745013800
31,255,241913269843600,2131200,771959700,779793700
31,271,241913323422900,2146300,825539000,833373000
31,287,241913358644700,2199600,860760800,868594800
31,303,241913395957800,2210700,898073900,905907900
31,319,241913434714700,2224200,936830800,944664800
31,335,241913469667200,2116400,971783300,979617300
31,351,241913504874400,2211100,1006990500,1014824500
31,367,241913541293300,2171800,1043409400,1051243400
31,383,241913576989900,2167000,1079106000,1086940000
31,399,241913630116300,2123300,1132232400,1140066400
31,415,241913665089100,2307000,1167205200,1175039200
31,431,241913700927000,2140900,1203043100,1210877100
31,447,241913737144700,2313800,1239260800,1247094800
31,463,241913772148000,2125300,1274264100,1282098100
31,479,241913807856500,2377700,1309972600,1317806600
31,495,241913845804900,2278100,1347921000,1355755000
31,511,241913881521600,2263600,1383637700,1391471700
31,527,241913936971500,2110300,1439087600,1446921600
31,543,241913971763800,2124900,1473879900,1481713900
31,559,241914005833000,2488700,1507949100,1515783100
31,575,241914041488400,2207900,1543604500,1551438500
31,591,241914077526400,2248700,1579642500,1587476500
31,607,241914111442500,2109600,1613558600,1621392600
31,623,241914145548700,2134200,1647664800,1655498800
31,639,241914179594200,2127100,1681710300,1689544300
31,655,241914213700200,2126100,1715816300,1723650300
31,671,241914268305100,4638100,1770421200,1778255200
31,687,241914307790200,2307400,1809906300,1817740300
31,703,241914343728800,2107000,1845844900,1853678900
31,719,241914377439500,2150300,1879555600,1887389600
31,735,241914411334100,2150800,1913450200,1921284200
31,751,241914447641700,2287900,1949757800,1957591800
31,767,241914484076500,2179800,1986192600,1994026600
31,783,241914518747300,2129800,2020863400,2028697400
31,799,241914574976600,2212600,2077092700,2084926700
31,815,241914610957400,2199000,2113073500,2120907500
31,831,241914646792700,2152900,2148908800,2156742800
31,847,241914683381600,2167100,2185497700,2193331700
31,863,241914720390200,2212600,2222506300,2230340300
31,879,241914756315800,2152100,2258431900,2266265900
31,895,241914790690800,2142500,2292806900,2300640900
31,911,241914824944700,2117100,2327060800,2334894800
31,927,241914882709200,2234500,2384825300,2392659300
31,943,241914917175600,2543000,2419291700,2427125700
31,959,241914953363000,2203700,2455479100,2463313100
31,975,241914988117700,2122400,2490233800,2498067800
31,991,241915022990900,2246900,2525107000,2532941000
31,1007,241915058756500,2274200,2560872600,2568706600
31,1023,241915093660500,2114300,2595776600,2603610600
31,1039,241915129701400,2276500,2631817500,2639651500
31,1055,241915164841800,2384700,2666957900,2674791900
31,1071,241915206171100,2184500,2708287200,2716121200
31,1087,241915240475100,2110700,2742591200,2750425200
31,1103,241915275023200,2120700,2777139300,2784973300
31,1119,241915309378100,2119800,2811494200,2819328200
31,1135,241915344731300,2363600,2846847400,2854681400
31,1151,241915380323200,2308100,2882439300,2890273300
31,1167,241915415494200,2196200,2917610300,2925444300
31,1183,241915450021100,2133200,2952137200,2959971200
31,1199,241915491296700,2204600,2993412800,3001246800
31,1215,241915536733000,2758400,3038849100,3046683100
31,1231,241915583379700,2787400,3085495800,3093329800
31,1247,241915627285500,2579400,3129401600,3137235600
31,1263,241915670120400,2588900,3172236500,3180070500
31,1279,241915713653500,2701700,3215769600,3223603600
31,1295,241915755974200,2590200,3258090300,3265924300
31,1311,241915798202900,2610900,3300319000,3308153000
31,1327,241915847284300,2769400,3349400400,3357234400
31,1343,241915895018600,2662200,3397134700,3404968700
31,1359,241915941895400,2587200,3444011500,3451845500
31,1375,241915988991500,2596500,3491107600,3498941600
31,1391,241916031638300,2578000,3533754400,3541588400
31,1407,241916078237200,2749100,3580353300,3588187300
31,1423,241916122840900,2733700,3624957000,3632791000
31,1439,241916168099800,2853700,3670215900,3678049900
31,1455,241916217406200,2598400,3719522300,3727356300
31,1471,241916267469400,2705500,3769585500,3777419500
31,1487,241916315858300,3015600,3817974400,3825808400
31,1503,241916362696300,2896200,3864812400,3872646400
31,1519,241916412181100,2762200,3914297200,3922131200
31,1535,241916463273400,3694800,3965389500,3973223500
31,1551,241916515532300,3845700,4017648400,4025482400
31,1567,241916568936100,3326300,4071052200,4078886200
31,1583,241916618026600,2947600,4120142700,4127976700
31,1599,241916678110600,3093000,4180226700,4188060700
31,1615,241916727340300,2859600,4229456400,4237290400
31,1631,241916780817600,3260200,4282933700,4290767700
31,1647,241916833423100,3040100,4335539200,4343373200
31,1663,241916884918000,3252100,4387034100,4394868100
31,1679,241916938642100,3502300,4440758200,4448592200
31,1695,241916997545600,2702600,4499661700,4507495700
31,1711,241917053911900,3013900,4556028000,4563862000
31,1727,241917114460600,3233200,4616576700,4624410700
31,1743,241917172988500,3070900,4675104600,4682938600
31,1759,241917225127400,2817400,4727243500,4735077500
31,1775,241917273350200,3040300,4775466300,4783300300
31,1791,241917323200000,3378100,4825316100,4833150100
31,1807,241917374365700,3185300,4876481800,4884315800
31,1823,241917425220300,3091200,4927336400,4935170400
31,1839,241917477834500,3220300,4979950600,4987784600
31,1855,241917530233700,3473100,5032349800,5040183800
31,1871,241917587480300,2820300,5089596400,5097430400
31,1887,241917635974700,3046100,5138090800,5145924800
31,1903,241917688768900,3257200,5190885000,5198719000
31,1919,241917741017000,2807800,5243133100,5250967100
31,1935,241917791948000,3257800,5294064100,5301898100
31,1951,241917842778500,3384500,5344894600,5352728600
31,1967,241917892521100,2717800,5394637200,5402471200
31,1983,241917940932300,2984200,5443048400,5450882400
31,1999,241917997036700,2484100,5499152800,5506986800
31,2015,241918045034200,3175200,5547150300,5554984300
31,2031,241918095896100,3425100,5598012200,5605846200
31,2047,241918152350100,3814900,5654466200,5662300200
32,0,241912627930100,9488200,130046200,137880200
32,16,241912676041800,2223800,178157900,185991900
32,32,241912712807100,2382600,214923200,222757200
32,48,241912752197500,2215200,254313600,262147600
32,64,241912787523800,2341900,289639900,297473900
32,80,241912824245200,2225000,326361300,334195300
32,96,241912860302500,2330200,362418600,370252600
32,112,241912899637500,2311000,401753600,409587600
32,128,241912965926400,2794900,468042500,475876500
32,144,241913013585000,3081700,515701100,523535100
32,160,241913051346400,2192400,553462500,561296500
32,176,241913090757400,3307300,592873500,600707500
32,192,241913130859500,2130100,632975600,640809600
32,208,241913166451000,2390100,668567100,676401100
32,224,241913202857800,2345300,704973900,712807900
32,240,241913238485300,2061600,740601400,748435400
32,256,241913291463200,2538200,793579300,801413300
32,272,241913326927100,2133900,829043200,836877200
32,288,241913362345400,2576300,864461500,872295500
32,304,241913399509400,2172700,901625500,909459500
32,320,241913439486100,2137300,941602200,949436200
32,336,241913474448100,2505600,976564200,984398200
32,352,241913509635500,2253200,1011751600,1019585600
32,368,241913545925500,2202300,1048041600,1055875600
32,384,241913581756000,2109800,1083872100,1091706100
32,400,241913634922000,2146400,1137038100,1144872100
32,416,241913670519800,2211800,1172635900,1180469900
32,432,241913706393600,2364600,1208509700,1216343700
32,448,241913742549100,2254600,1244665200,1252499200
32,464,241913777182300,2128900,1279298400,1287132400
32,480,241913813006400,2194000,1315122500,1322956500
32,496,241913849879800,2177600,1351995900,1359829900
32,512,241913885732100,2214200,1387848200,1395682200
32,528,241913940892300,2043500,1443008400,1450842400
32,544,241913975602200,2057500,1477718300,1485552300
32,560,241914010203500,2336500,1512319600,1520153600
32,576,241914045507500,2152700,1547623600,1555457600
32,592,241914081659600,2093800,1583775700,1591609700
32,608,241914115359500,2184800,1617475600,1625309600
32,624,241914149535100,2130400,1651651200,1659485200
32,640,241914183559500,2109700,1685675600,1693509600
32,656,241914236140300,2473700,1738256400,1746090400
32,672,241914274468400,3142900,1776584500,1784418500
32,688,241914311401500,2206800,1813517600,1821351600
32,704,241914347093500,2157900,1849209600,1857043600
32,720,241914380882800,2145400,1882998900,1890832900
32,736,241914414758200,2143500,1916874300,1924708300
32,752,241914451377500,2502800,1953493600,1961327600
32,768,241914487655600,2117200,1989771700,1997605700
32,784,241914522272000,2088100,2024388100,2032222100
32,800,241914578795700,2245400,2080911800,2088745800
32,816,241914614688200,2266800,2116804300,2124638300
32,832,241914650957400,2506000,2153073500,2160907500
32,848,241914687213400,2157400,2189329500,2197163500
32,864,241914724406800,2143200,2226522900,2234356900
32,880,241914760237800,2090100,2262353900,2270187900
32,896,241914794628700,2124400,2296744800,2304578800
32,912,241914828775000,2126200,2330891100,2338725100
32,928,241914886647700,2144400,2388763800,2396597800
32,944,241914921640400,2194000,2423756500,2431590500
32,960,241914957236200,2146800,2459352300,2467186300
32,976,241914991845300,2092600,2493961400,2501795400
32,992,241915026969100,2142500,2529085200,2536919200
32,1008,241915062820100,2217700,2564936200,2572770200
32,1024,241915097487300,2162100,2599603400,2607437400
32,1040,241915133523000,2184800,2635639100,2643473100
32,1056,241915168873300,8226100,2670989400,2678823400
32,1072,241915210004700,2169500,2712120800,2719954800
32,1088,241915244176400,2115900,2746292500,2754126500
32,1104,241915278777800,2370100,2780893900,2788727900
32,1120,241915313116800,2120600,2815232900,2823066900
32,1136,241915348768100,2202300,2850884200,2858718200
32,1152,241915384350600,2249800,2886466700,2894300700
32,1168,241915419514600,2171500,2921630700,2929464700
32,1184,241915453978200,2179100,2956094300,2963928300
32,1200,241915495385000,2249700,2997501100,3005335100
32,1216,241915542020400,2978100,3044136500,3051970500
32,1232,241915588298700,2735400,3090414800,3098248800
32,1248,241915631859300,2554000,3133975400,3141809400
32,1264,241915674580900,2668000,3176697000,3184531000
32,1280,241915718569100,2724600,3220685200,3228519200
32,1296,241915760557500,2580200,3262673600,3270507600
32,1312,241915802873800,2668900,3304989900,3312823900
32,1328,241915852197400,2872000,3354313500,3362147500
32,1344,241915901330900,2632500,3403447000,3411281000
32,1360,241915946553400,2661200,3448669500,3456503500
32,1376,241915993458900,2521500,3495575000,3503409000
32,1392,241916036158200,2716300,3538274300,3546108300
32,1408,241916082981700,2677000,3585097800,3592931800
32,1424,241916127572600,2698500,3629688700,3637522700
32,1440,241916172995000,2877700,3675111100,3682945100
32,1456,241916222170200,8524400,3724286300,3732120300
32,1472,241916272328100,2744800,3774444200,3782278200
32,1488,241916321104400,2946700,3823220500,3831054500
32,1504,241916367891600,4516900,3870007700,3877841700
32,1520,241916417450600,4771000,3919566700,3927400700
32,1536,241916469273900,2815000,3971390000,3979224000
32,1552,241916521784200,2941400,4023900300,4031734300
32,1568,241916574815600,3162400,4076931700,4084765700
32,1584,241916622389800,3189500,4124505900,4132339900
32,1600,241916682981800,3173600,4185097900,4192931900
32,1616,241916731810300,2870800,4233926400,4241760400
32,1632,241916785793500,3464800,4287909600,4295743600
32,1648,241916838346700,3263500,4340462800,4348296800
32,1664,241916889782200,3406500,4391898300,4399732300
32,1680,241916943711400,3160300,4445827500,4453661500
32,1696,241917001530200,4721600,4503646300,4511480300
32,1712,241917058419100,3444900,4560535200,4568369200
32,1728,241917121020500,3308100,4623136600,4630970600
32,1744,241917177306800,3356300,4679422900,4687256900
32,1760,241917228934900,2861500,4731051000,4738885000
32,1776,241917277455500,3216500,4779571600,4787405600
32,1792,241917327688200,3487200,4829804300,4837638300
32,1808,241917378576000,3323100,4880692100,4888526100
32,1824,241917429280100,2869700,4931396200,4939230200
32,1840,241917482086000,3553800,4984202100,4992036100
32,1856,241917534599000,2951600,5036715100,5044549100
32,1872,241917590751300,2583100,5092867400,5100701400
32,1888,241917639467500,3514600,5141583600,5149417600
32,1904,241917692291000,2756200,5194407100,5202241100
32,1920,241917744055800,2738500,5246171900,5254005900
32,1936,241917795533600,2834700,5297649700,5305483700
32,1952,241917846542000,3536100,5348658100,5356492100
32,1968,241917895492400,3237000,5397608500,5405442500
32,1984,241917944208300,3041400,5446324400,5454158400
32,2000,241917999759300,2922100,5501875400,5509709400
32,2016,241918048734700,3094400,5550850800,5558684800
32,2032,241918099977200,2944000,5602093300,5609927300
33,1,241912637455700,2591700,139571800,147405800
33,17,241912678386800,2431500,180502900,188336900
33,33,241912715276200,2085100,217392300,225226300
33,49,241912754454500,2123600,256570600,264404600
33,65,241912789899200,2239200,292015300,299849300
33,81,241912826414600,2203200,328530700,336364700
33,97,241912862600500,2618000,364716600,372550600
33,113,241912901984500,2347700,404100600,411934600
33,129,241912968833700,2778200,470949800,478783800
33,145,241913016503900,2410900,518620000,526454000
33,161,241913053373600,2074400,555489700,563323700
33,177,241913093766200,3514100,595882300,603716300
33,193,241913132604800,2172500,634720900,642554900
33,209,241913168533400,2146300,670649500,678483500
33,225,241913204983000,2527100,707099100,714933100
33,241,241913240356700,2178100,742472800,750306800
33,257,241913293784200,2239600,795900300,803734300
33,273,241913328807400,2243100,830923500,838757500
33,289,241913364443500,2559000,866559600,874393600
33,305,241913401343700,2190400,903459800,911293800
33,321,241913440736700,2310000,942852800,950686800
33,337,241913475937300,2338200,978053400,985887400
33,353,241913510829900,2509900,1012946000,1020780000
33,369,241913547229600,2259100,1049345700,1057179700
33,385,241913582914300,2143600,1085030400,1092864400
33,401,241913636112500,2176000,1138228600,1146062600
33,417,241913671506500,2154200,1173622600,1181456600
33,433,241913707374200,2299500,1209490300,1217324300
33,449,241913743569900,2227500,1245686000,1253520000
33,465,241913778248700,2149100,1280364800,1288198800
33,481,241913814305100,2111400,1316421200,1324255200
33,497,241913852266300,2181100,1354382400,1362216400
33,513,241913888045100,2214100,1390161200,1397995200
33,529,241913943157000,2598000,1445273100,1453107100
33,545,241913977827300,2100000,1479943400,1487777400
33,561,241914012738100,2215300,1514854200,1522688200
33,577,241914047839300,2171000,1549955400,1557789400
33,593,241914083924300,2109900,1586040400,1593874400
33,609,241914117660100,2110400,1619776200,1627610200
33,625,241914151787600,2109700,1653903700,1661737700
33,641,241914185788400,2136200,1687904500,1695738500
33,657,241914238738200,2207800,1740854300,1748688300
33,673,241914277437100,2202300,1779553200,1787387200
33,689,241914313163700,2209800,1815279800,1823113800
33,705,241914348780300,2116900,1850896400,1858730400
33,721,241914382566300,2124700,1884682400,1892516400
33,737,241914416443300,2182200,1918559400,1926393400
33,753,241914452860700,2439100,1954976800,1962810800
33,769,241914488865200,2112200,1990981300,1998815300
33,785,241914523499000,2291800,2025615100,2033449100
33,801,241914580051800,2150000,2082167900,2090001900
33,817,241914615869800,2251600,2117985900,2125819900
33,833,241914652347400,2356000,2154463500,2162297500
33,849,241914688285500,2697300,2190401600,2198235600
33,865,241914725521600,2204100,2227637700,2235471700
33,881,241914761342200,2088200,2263458300,2271292300
33,897,241914795752900,2129600,2297869000,2305703000
33,913,241914829919900,2119200,2332036000,2339870000
33,929,241914887943500,2187700,2390059600,2397893600
33,945,241914922991700,2165400,2425107800,2432941800
33,961,241914958518500,2124000,2460634600,2468468600
33,977,241914993100200,2087300,2495216300,2503050300
33,993,241915028515900,2129700,2530632000,2538466000
33,1009,241915064388100,2207700,2566504200,2574338200
33,1025,241915098979100,2150700,2601095200,2608929200
33,1041,241915134332300,2208100,2636448400,2644282400
33,1057,241915175438900,2296500,2677555000,2685389000
33,1073,241915210688700,2162200,2712804800,2720638800
33,1089,241915244872400,2118200,2746988500,2754822500
33,1105,241915279546300,2263700,2781662400,2789496400
33,1121,241915313765600,2126700,2815881700,2823715700
33,1137,241915349679800,2182400,2851795900,2859629900
33,1153,241915385433900,2265200,2887550000,2895384000
33,1169,241915420544900,2177900,2922661000,2930495000
33,1185,241915454982400,2269100,2957098500,2964932500
33,1201,241915496566600,2289800,2998682700,3006516700
33,1217,241915543901300,2909600,3046017400,3053851400
33,1233,241915590237000,2756800,3092353100,3100187100
33,1249,241915633660500,2580900,3135776600,3143610600
33,1265,241915676467800,4068400,3178583900,3186417900
33,1281,241915720393900,2597400,3222510000,3230344000
33,1297,241915762250900,2638500,3264367000,3272201000
33,1313,241915804611500,2699900,3306727600,3314561600
33,1329,241915854206700,2710300,3356322800,3364156800
33,1345,241915903139200,2647200,3405255300,3413089300
33,1361,241915948361000,2642400,3450477100,3458311100
33,1377,241915995254400,2523500,3497370500,3505204500
33,1393,241916037980200,3104600,3540096300,3547930300
33,1409,241916084284900,2700300,3586401000,3594235000
33,1425,241916128887800,2729100,3631003900,3638837900
33,1441,241916174409600,2887300,3676525700,3684359700
33,1457,241916223626900,8761600,3725743000,3733577000
33,1473,241916273694200,2841400,3775810300,3783644300
33,1489,241916322601500,2870300,3824717600,3832551600
33,1505,241916369632900,4537700,3871749000,3879583000
33,1521,241916419145700,5527200,3921261800,3929095800
33,1537,241916470811400,3010800,3972927500,3980761500
33,1553,241916523339600,3459100,4025455700,4033289700
33,1569,241916576564700,3194100,4078680800,4086514800
33,1585,241916624889200,3773300,4127005300,4134839300
33,1601,241916685592200,2909400,4187708300,4195542300
33,1617,241916734146500,3076000,4236262600,4244096600
33,1633,241916788485200,3790200,4290601300,4298435300
33,1649,241916840954200,3026800,4343070300,4350904300
33,1665,241916892657800,3449600,4394773900,4402607900
33,1681,241916946291500,3340000,4448407600,4456241600
33,1697,241917004317700,4723900,4506433800,4514267800
33,1713,241917061250100,3287000,4563366200,4571200200
33,1729,241917123701800,3320600,4625817900,4633651900
33,1745,241917179873000,3271100,4681989100,4689823100
33,1761,241917231313900,2964100,4733430000,4741264000
33,1777,241917280245200,2825300,4782361300,4790195300
33,1793,241917330687100,3150600,4832803200,4840637200
33,1809,241917381245000,3514600,4883361100,4891195100
33,1825,241917431804900,3194700,4933921000,4941755000
33,1841,241917485411900,2655100,4987528000,4995362000
33,1857,241917537339600,8983900,5039455700,5047289700
33,1873,241917593070000,2634300,5095186100,5103020100
33,1889,241917642756600,3512200,5144872700,5152706700
33,1905,241917694854200,2721300,5196970300,5204804300
33,1921,241917746678000,2705000,5248794100,5256628100
33,1937,241917798131100,2821100,5300247200,5308081200
33,1953,241917849833700,3451100,5351949800,5359783800
33,1969,241917898534200,3489200,5400650300,5408484300
33,1985,241917947015200,3306100,5449131300,5456965300
33,2001,241918002484700,2935400,5504600800,5512434800
33,2017,241918051575300,3180900,5553691400,5561525400
33,2033,241918102627400,2964900,5604743500,5612577500
34,2,241912640121300,3037100,142237400,150071400
34,18,241912680883400,2352900,182999500,190833500
34,34,241912717334800,2127400,219450900,227284900
34,50,241912756497300,2156500,258613400,266447400
34,66,241912792012900,2457200,294129000,301963000
34,82,241912828501000,2219800,330617100,338451100
34,98,241912865051200,2506200,367167300,375001300
34,114,241912904175300,2391200,406291400,414125400
34,130,241912971254400,3857900,473370500,481204500
34,146,241913019959200,2214000,522075300,529909300
34,162,241913056560500,2323700,558676600,566510600
34,178,241913099054300,2766600,601170400,609004400
34,194,241913136036700,2490200,638152800,645986800
34,210,241913172082100,2528300,674198200,682032200
34,226,241913208977300,2237700,711093400,718927400
34,242,241913244028300,2113800,746144400,753978400
34,258,241913297326300,2269700,799442400,807276400
34,274,241913332446100,2197800,834562200,842396200
34,290,241913368385800,2282800,870501900,878335900
34,306,241913404871900,2146900,906988000,914822000
34,322,241913444804000,2111600,946920100,954754100
34,338,241913480145700,2211500,982261800,990095800
34,354,241913515223200,2175500,1017339300,1025173300
34,370,241913551212100,2529400,1053328200,1061162200
34,386,241913586550100,2145600,1088666200,1096500200
34,402,241913639753900,2048600,1141870000,1149704000
34,418,241913675426800,2254700,1177542900,1185376900
34,434,241913711371900,2210800,1213488000,1221322000
34,450,241913747305100,2299000,1249421200,1257255200
34,466,241913781847400,2097800,1283963500,1291797500
34,482,241913817801200,2515800,1319917300,1327751300
34,498,241913855949100,2285900,1358065200,1365899200
34,514,241913891365500,2040600,1393481600,1401315600
34,530,241913946889600,2234200,1449005700,1456839700
34,546,241913980986500,2097700,1483102600,1490936600
34,562,241914015929500,2210600,1518045600,1525879600
34,578,241914050772100,2205200,1552888200,1560722200
34,594,241914086800900,2112300,1588917000,1596751000
34,610,241914120525400,2115000,1622641500,1630475500
34,626,241914154652800,2129700,1656768900,1664602900
34,642,241914188688900,2115500,1690805000,1698639000
34,658,241914241713800,2144200,1743829900,1751663900
34,674,241914281375700,2338900,1783491800,1791325800
34,690,241914317118300,2286500,1819234400,1827068400
34,706,241914352654700,2102100,1854770800,1862604800
34,722,241914386409500,2080500,1888525600,1896359600
34,738,241914420473400,2378300,1922589500,1930423500
34,754,241914457879400,2261600,1959995500,1967829500
34,770,241914493385900,2190100,1995502000,2003336000
34,786,241914528252800,2478400,2030368900,2038202900
34,802,241914584765200,2301000,2086881300,2094715300
34,818,241914620940200,2090600,2123056300,2130890300
34,834,241914657311600,2291600,2159427700,2167261700
34,850,241914693684400,2369100,2195800500,2203634500
34,866,241914730033200,2199600,2232149300,2239983300
34,882,241914765624100,2143000,2267740200,2275574200
34,898,241914800076800,2177700,2302192900,2310026900
34,914,241914834215100,2120700,2336331200,2344165200
34,930,241914892294400,2174900,2394410500,2402244500
34,946,241914927479700,2199900,2429595800,2437429800
34,962,241914962855000,2136100,2464971100,2472805100
34,978,241914997441500,2177500,2499557600,2507391600
34,994,241915032820100,2143700,2534936200,2542770200
34,1010,241915068880300,2214500,2570996400,2578830400
34,1026,241915103327500,2104900,2605443600,2613277600
34,1042,241915139172800,2153400,2641288900,2649122900
34,1058,241915180571600,2391600,2682687700,2690521700
34,1074,241915215326900,2188000,2717443000,2725277000
34,1090,241915249441100,2132300,2751557200,2759391200
34,1106,241915284240400,2103000,2786356500,2794190500
34,1122,241915318328800,2152200,2820444900,2828278900
34,1138,241915354241800,2384200,2856357900,2864191900
34,1154,241915389739600,2257000,2891855700,2899689700
34,1170,241915424808600,2143700,2926924700,2934758700
34,1186,241915459514100,2552800,2961630200,2969464200
34,1202,241915501089600,3052500,3003205700,3011039700
34,1218,241915549080100,2901900,3051196200,3059030200
34,1234,241915594814200,2744800,3096930300,3104764300
34,1250,241915637927100,2627300,3140043200,3147877200
34,1266,241915682210000,2587600,3184326100,3192160100
34,1282,241915724706400,2687600,3226822500,3234656500
34,1298,241915766707500,2584600,3268823600,3276657600
34,1314,241915809195800,2555200,3311311900,3319145900
34,1330,241915858655400,2720500,3360771500,3368605500
34,1346,241915907484700,2763200,3409600800,3417434800
34,1362,241915952685600,2616300,3454801700,3462635700
34,1378,241915999410100,2573800,3501526200,3509360200
34,1394,241916042964300,3237500,3545080400,3552914400
34,1410,241916089271600,2780100,3591387700,3599221700
34,1426,241916133840400,2880100,3635956500,3643790500
34,1442,241916179627500,3010900,3681743600,3689577600
34,1458,241916234757200,2580700,3736873300,3744707300
34,1474,241916280310400,5016600,3782426500,3790260500
34,1490,241916327756400,2762100,3829872500,3837706500
34,1506,241916376500100,3185300,3878616200,3886450200
34,1522,241916426873900,2916400,3928990000,3936824000
34,1538,241916476256600,3143400,3978372700,3986206700
34,1554,241916529130700,2799500,4031246800,4039080800
34,1570,241916581983000,3026400,4084099100,4091933100
34,1586,241916630848100,3185200,4132964200,4140798200
34,1602,241916690387800,2884800,4192503900,4200337900
34,1618,241916739126500,2973800,4241242600,4249076600
34,1634,241916794728900,3665000,4296845000,4304679000
34,1650,241916846143800,3049700,4348259900,4356093900
34,1666,241916898394500,3703900,4400510600,4408344600
34,1682,241916953283400,3313800,4455399500,4463233500
34,1698,241917011746200,3191700,4513862300,4521696300
34,1714,241917066858800,2984500,4568974900,4576808900
34,1730,241917129497900,4732300,4631614000,4639448000
34,1746,241917185865700,3159200,4687981800,4695815800
34,1762,241917236279900,2777100,4738396000,4746230000
34,1778,241917285396700,2972000,4787512800,4795346800
34,1794,241917335840600,3434500,4837956700,4845790700
34,1810,241917386957100,2808400,4889073200,4896907200
34,1826,241917437270700,3635400,4939386800,4947220800
34,1842,241917489768100,3322700,4991884200,4999718200
34,1858,241917548380400,3142200,5050496500,5058330500
34,1874,241917597471300,2824600,5099587400,5107421400
34,1890,241917648404900,3319200,5150521000,5158355000
34,1906,241917699515400,3373800,5201631500,5209465500
34,1922,241917751414700,3426400,5253530800,5261364800
34,1938,241917803183800,3918500,5305299900,5313133900
34,1954,241917855591200,2710000,5357707300,5365541300
34,1970,241917904747200,2841700,5406863300,5414697300
34,1986,241917952947800,3128300,5455063900,5462897900
34,2002,241918007676200,2849200,5509792300,5517626300
34,2018,241918057572700,3468500,5559688800,5567522800
34,2034,241918107979800,2994700,5610095900,5617929900
35,3,241912643096800,2455700,145212900,153046900
35,19,241912683454000,2339100,185570100,193404100
35,35,241912719779300,4190000,221895400,229729400
35,51,241912759109100,2121500,261225200,269059200
35,67,241912794959200,2305700,297075300,304909300
35,83,241912831124600,2205700,333240700,341074700
35,99,241912868016300,2288100,370132400,377966400
35,115,241912906950900,2316400,409067000,416901000
35,131,241912975694900,3972800,477811000,485645000
35,147,241913021552300,2210800,523668400,531502400
35,163,241913058038500,2649500,560154600,567988600
35,179,241913100917400,2347800,603033500,610867500
35,195,241913137682500,2480100,639798600,647632600
35,211,241913173715300,2298600,675831400,683665400
35,227,241913210352300,2191700,712468400,720302400
35,243,241913245323900,2189600,747440000,755274000
35,259,241913298662900,2274100,800779000,808613000
35,275,241913333738600,2203100,835854700,843688700
35,291,241913369936400,2310000,872052500,879886500
35,307,241913406253700,2141100,908369800,916203800
35,323,241913445505600,2123300,947621700,955455700
35,339,241913480906900,2172000,983023000,990857000
35,355,241913516080800,2143200,1018196900,1026030900
35,371,241913552166600,2418100,1054282700,1062116700
35,387,241913587288200,2152500,1089404300,1097238300
35,403,241913640511600,2041000,1142627700,1150461700
35,419,241913676171700,2190500,1178287800,1186121800
35,435,241913712219600,2210500,1214335700,1222169700
35,451,241913748173800,2257700,1250289900,1258123900
35,467,241913782718200,2142700,1284834300,1292668300
35,483,241913818777300,2575400,1320893400,1328727400
35,499,241913856723100,2194000,1358839200,1366673200
35,515,241913892265900,2097100,1394382000,1402216000
35,531,241913947919200,2209300,1450035300,1457869300
35,547,241913981915600,2116900,1484031700,1491865700
35,563,241914017083300,2193000,1519199400,1527033400
35,579,241914052023300,2308300,1554139400,1561973400
35,595,241914088040600,2101800,1590156700,1597990700
35,611,241914121706400,2154200,1623822500,1631656500
35,627,241914155841100,2129000,1657957200,1665791200
35,643,241914189876600,2120700,1691992700,1699826700
35,659,241914242936700,2137700,1745052800,1752886800
35,675,241914282447200,2436100,1784563300,1792397300
35,691,241914318268200,2255100,1820384300,1828218300
35,707,241914353694200,2139100,1855810300,1863644300
35,723,241914387448400,2079400,1889564500,1897398500
35,739,241914421619600,2344600,1923735700,1931569700
35,755,241914458881400,2258500,1960997500,1968831500
35,771,241914494387900,2198500,1996504000,2004338000
35,787,241914529360000,2298500,2031476100,2039310100
35,803,241914585632200,2240600,2087748300,2095582300
35,819,241914621776000,2125600,2123892100,2131726100
35,835,241914658332900,2177500,2160449000,2168283000
35,851,241914694587700,2317900,2196703800,2204537800
35,867,241914730868500,2215900,2232984600,2240818600
35,883,241914766483200,2126800,2268599300,2276433300
35,899,241914800932800,2173800,2303048900,2310882900
35,915,241914835047600,2131400,2337163700,2344997700
35,931,241914893203400,2176600,2395319500,2403153500
35,947,241914928384000,2278800,2430500100,2438334100
35,963,241914963724800,2184600,2465840900,2473674900
35,979,241914998355300,2265400,2500471400,2508305400
35,995,241915033449800,2167100,2535565900,2543399900
35,1011,241915069547700,2188700,2571663800,2579497800
35,1027,241915103976300,2094100,2606092400,2613926400
35,1043,241915140170100,2164700,2642286200,2650120200
35,1059,241915181551100,2335500,2683667200,2691501200
35,1075,241915216345000,2165000,2718461100,2726295100
35,1091,241915250362600,2146400,2752478700,2760312700
35,1107,241915285185000,2124800,2787301100,2795135100
35,1123,241915319306200,2164300,2821422300,2829256300
35,1139,241915355286500,2414400,2857402600,2865236600
35,1155,241915390863800,2204600,2892979900,2900813900
35,1171,241915425773200,2120200,2927889300,2935723300
35,1187,241915460460300,2499000,2962576400,2970410400
35,1203,241915502286500,3093300,3004402600,3012236600
35,1219,241915550704700,2863800,3052820800,3060654800
35,1235,241915596276600,2766600,3098392700,3106226700
35,1251,241915639330300,2656800,3141446400,3149280400
35,1267,241915683684900,2590800,3185801000,3193635000
35,1283,241915726292800,2686800,3228408900,3236242900
35,1299,241915768138500,2592000,3270254600,3278088600
35,1315,241915810618400,2566400,3312734500,3320568500
35,1331,241915860212200,2735600,3362328300,3370162300
35,1347,241915908992700,2722600,3411108800,3418942800
35,1363,241915954156400,2848500,3456272500,3464106500
35,1379,241916000866700,2645400,3502982800,3510816800
35,1395,241916044780800,3184400,3546896900,3554730900
35,1411,241916090945200,2746800,3593061300,3600895300
35,1427,241916135560600,2830500,3637676700,3645510700
35,1443,241916181453000,3079400,3683569100,3691403100
35,1459,241916236222900,2543400,3738339000,3746173000
35,1475,241916282250800,5742200,3784366900,3792200900
35,1491,241916329251800,2732600,3831367900,3839201900
35,1507,241916378235300,3141100,3880351400,3888185400
35,1523,241916428447400,2998400,3930563500,3938397500
35,1539,241916478278800,3122400,3980394900,3988228900
35,1555,241916530860400,2843400,4032976500,4040810500
35,1571,241916583999600,4116200,4086115700,4093949700
35,1587,241916632967000,3078300,4135083100,4142917100
35,1603,241916692262700,2894400,4194378800,4202212800
35,1619,241916741013500,3168900,4243129600,4250963600
35,1635,241916796971200,3959800,4299087300,4306921300
35,1651,241916848130900,4225800,4350247000,4358081000
35,1667,241916900611500,3754000,4402727600,4410561600
35,1683,241916955493700,3589400,4457609800,4465443800
35,1699,241917013653900,3571500,4515770000,4523604000
35,1715,241917068776400,3369800,4570892500,4578726500
35,1731,241917131589900,4596100,4633706000,4641540000
35,1747,241917187650100,3390200,4689766200,4697600200
35,1763,241917238272800,2728600,4740388900,4748222900
35,1779,241917287494600,3007500,4789610700,4797444700
35,1795,241917338452300,3397200,4840568400,4848402400
35,1811,241917389101000,2424200,4891217100,4899051100
35,1827,241917439632100,3300400,4941748200,4949582200
35,1843,241917492067700,2655200,4994183800,5002017800
35,1859,241917550246500,3688600,5052362600,5060196600
35,1875,241917599195200,2996400,5101311300,5109145300
35,1891,241917650275300,3485600,5152391400,5160225400
35,1907,241917701448800,3655700,5203564900,5211398900
35,1923,241917753452700,3151900,5255568800,5263402800
35,1939,241917805224700,3974500,5307340800,5315174800
35,1955,241917856892900,2741200,5359009000,5366843000
35,1971,241917905973500,2800600,5408089600,5415923600
35,1987,241917954373500,3086100,5456489600,5464323600
35,2003,241918008862300,2874300,5510978400,5518812400
35,2019,241918058941800,3456100,5561057900,5568891900
35,2035,241918109296300,2789200,5611412400,5619246400
36,4,241912645722000,2381900,147838100,155672100
36,20,241912685698900,2345100,187815000,195649000
36,36,241912723314600,3673100,225430700,233264700
36,52,241912760916200,2183100,263032300,270866300
36,68,241912796985400,2341900,299101500,306935500
36,84,241912832933200,2278800,335049300,342883300
36,100,241912870152100,2538000,372268200,380102200
36,116,241912909142000,2342200,411258100,419092100
36,132,241912979469900,3868300,481586000,489420000
36,148,241913022793600,2251100,524909700,532743700
36,164,241913059559800,2459300,561675900,569509900
36,180,241913102145400,2517000,604261500,612095500
36,196,241913138915900,2365100,641032000,648866000
36,212,241913174847600,2222000,676963700,684797700
36,228,241913211370500,2163300,713486600,721320600
36,244,241913246298400,2192200,748414500,756248500
36,260,241913299785700,2256300,801901800,809735800
36,276,241913334831800,2191600,836947900,844781900
36,292,241913370835300,2279400,872951400,880785400
36,308,241913407166600,2191500,909282700,917116700
36,324,241913446051900,2106400,948168000,956002000
36,340,241913481416200,2139100,983532300,991366300
36,356,241913516596400,2217300,1018712500,1026546500
36,372,241913552813900,2309000,1054930000,1062764000
36,388,241913587835100,2139800,1089951200,1097785200
36,404,241913640979600,2035400,1143095700,1150929700
36,420,241913676826600,2154700,1178942700,1186776700
36,436,241913713002500,2271800,1215118600,1222952600
36,452,241913748966400,2215700,1251082500,1258916500
36,468,241913783495200,2377500,1285611300,1293445300
36,484,241913819702400,2515600,1321818500,1329652500
36,500,241913856630800,2319300,1358746900,1366580900
36,516,241913892205600,2099000,1394321700,1402155700
36,532,241913947614700,2213700,1449730800,1457564800
36,548,241913981639600,2105600,1483755700,1491589700
36,564,241914016888200,2216500,1519004300,1526838300
36,580,241914051848800,2288900,1553964900,1561798900
36,596,241914087840300,2097200,1589956400,1597790400
36,612,241914121505200,2153400,1623621300,1631455300
36,628,241914155639200,2139100,1657755300,1665589300
36,644,241914189684300,2111100,1691800400,1699634400
36,660,241914242733700,2137700,1744849800,1752683800
36,676,241914280961800,2406600,1783077900,1790911900
36,692,241914316746600,2294400,1818862700,1826696700
36,708,241914352377900,2088300,1854494000,1862328000
36,724,241914386142100,2053900,1888258200,1896092200
36,740,241914420246200,2308700,1922362300,1930196300
36,756,241914457581700,2323700,1959697800,1967531800
36,772,241914493172300,2194700,1995288400,2003122400
36,788,241914528025100,2359200,2030141200,2037975200
36,804,241914584258700,2302300,2086374800,2094208800
36,820,241914620349800,2194200,2122465900,2130299900
36,836,241914656722800,2285000,2158838900,2166672900
36,852,241914693782400,2360400,2195898500,2203732500
36,868,241914730291700,2192500,2232407800,2240241800
36,884,241914765887700,2128800,2268003800,2275837800
36,900,241914800340300,2177700,2302456400,2310290400
36,916,241914834473900,2126200,2336590000,2344424000
36,932,241914892325600,2176800,2394441700,2402275700
36,948,241914927539000,2198300,2429655100,2437489100
36,964,241914962920400,2104400,2465036500,2472870500
36,980,241914997470100,2182200,2499586200,2507420200
36,996,241915032565700,2142000,2534681800,2542515800
36,1012,241915068565400,2242900,2570681500,2578515500
36,1028,241915103045800,2101500,2605161900,2612995900
36,1044,241915138762100,2140200,2640878200,2648712200
36,1060,241915180086900,2422900,2682203000,2690037000
36,1076,241915214947500,2163100,2717063600,2724897600
36,1092,241915249078800,2124800,2751194900,2759028900
36,1108,241915283854900,2094500,2785971000,2793805000
36,1124,241915317960500,2137100,2820076600,2827910600
36,1140,241915353835700,2299400,2855951800,2863785800
36,1156,241915389296900,2234100,2891413000,2899247000
36,1172,241915424239700,2142100,2926355800,2934189800
36,1188,241915459014600,2413300,2961130700,2968964700
36,1204,241915500460800,2942700,3002576900,3010410900
36,1220,241915548558400,3181500,3050674500,3058508500
36,1236,241915594597200,2730400,3096713300,3104547300
36,1252,241915637715000,2609900,3139831100,3147665100
36,1268,241915682110700,2585600,3184226800,3192060800
36,1284,241915724598300,2684000,3226714400,3234548400
36,1300,241915766564700,2587700,3268680800,3276514800
36,1316,241915809057900,2554200,3311174000,3319008000
36,1332,241915858507500,2712300,3360623600,3368457600
36,1348,241915907342400,2749200,3409458500,3417292500
36,1364,241915952535700,2622000,3454651800,3462485800
36,1380,241915999186800,2586400,3501302900,3509136900
36,1396,241916042706400,3168100,3544822500,3552656500
36,1412,241916089090500,2780900,3591206600,3599040600
36,1428,241916133655100,2859800,3635771200,3643605200
36,1444,241916179456500,3007900,3681572600,3689406600
36,1460,241916234689600,2585200,3736805700,3744639700
36,1476,241916280053100,4938500,3782169200,3790003200
36,1492,241916327571200,2753500,3829687300,3837521300
36,1508,241916376277700,3179400,3878393800,3886227800
36,1524,241916426654600,2886900,3928770700,3936604700
36,1540,241916475999700,3148400,3978115800,3985949800
36,1556,241916529086100,2796900,4031202200,4039036200
36,1572,241916581911000,3035000,4084027100,4091861100
36,1588,241916630705300,3273500,4132821400,4140655400
36,1604,241916690430600,2890500,4192546700,4200380700
36,1620,241916739207900,2973700,4241324000,4249158000
36,1636,241916794831500,3732800,4296947600,4304781600
36,1652,241916846258000,3049400,4348374100,4356208100
36,1668,241916898496000,3718000,4400612100,4408446100
36,1684,241916953375400,3315200,4455491500,4463325500
36,1700,241917011840600,3242100,4513956700,4521790700
36,1716,241917066967800,3045300,4569083900,4576917900
36,1732,241917129685700,4754200,4631801800,4639635800
36,1748,241917185958300,3176800,4688074400,4695908400
36,1764,241917236530800,2757100,4738646900,4746480900
36,1780,241917285635600,2979800,4787751700,4795585700
36,1796,241917336256300,3468900,4838372400,4846206400
36,1812,241917387618800,2582800,4889734900,4897568900
36,1828,241917437995000,3403600,4940111100,4947945100
36,1844,241917490324100,3227500,4992440200,5000274200
36,1860,241917548881900,3339500,5050998000,5058832000
36,1876,241917597945900,2868500,5100062000,5107896000
36,1892,241917648948900,3223600,5151065000,5158899000
36,1908,241917699975300,3527600,5202091400,5209925400
36,1924,241917751839500,3502900,5253955600,5261789600
36,1940,241917803508900,2935000,5305625000,5313459000
36,1956,241917855244100,2712900,5357360200,5365194200
36,1972,241917904369900,2885400,5406486000,5414320000
36,1988,241917952538200,3231100,5454654300,5462488300
36,2004,241918007352900,2804200,5509469000,5517303000
36,2020,241918057053800,3423100,5559169900,5567003900
36,2036,241918107562600,3038400,5609678700,5617512700
37,5,241912647908100,3775200,150024200,157858200
37,21,241912687678400,2321000,189794500,197628500
37,37,241912726743100,2660300,228859200,236693200
37,53,241912762929300,2217500,265045400,272879400
37,69,241912799182400,2227400,301298500,309132500
37,85,241912835276800,2392300,337392900,345226900
37,101,241912872628100,2440200,374744200,382578200
37,117,241912911394200,2382900,413510300,421344300
37,133,241912983464300,3791200,485580400,493414400
37,149,241913026238400,2402400,528354500,536188500
37,165,241913063267500,2330600,565383600,573217600
37,181,241913106008600,2280100,608124700,615958700
37,197,241913142548600,2185900,644664700,652498700
37,213,241913178192300,2255500,680308400,688142400
37,229,241913214649900,2216300,716766000,724600000
37,245,241913249547800,2254000,751663900,759497900
37,261,241913303171900,2186500,805288000,813122000
37,277,241913338181400,2234400,840297500,848131500
37,293,241913374431200,2286200,876547300,884381300
37,309,241913410677200,2228000,912793300,920627300
37,325,241913450267300,2145500,952383400,960217400
37,341,241913485595000,2122900,987711100,995545100
37,357,241913520957100,2262400,1023073200,1030907200
37,373,241913557153100,2214300,1059269200,1067103200
37,389,241913591897900,20421300,1094014000,1101848000
37,405,241913645001200,2581900,1147117300,1154951300
37,421,241913680871100,2325400,1182987200,1190821200
37,437,241913716885500,2207100,1219001600,1226835600
37,453,241913752773800,2150500,1254889900,1262723900
37,469,241913787595900,2197600,1289712000,1297546000
37,485,241913823984400,2151300,1326100500,1333934500
37,501,241913861658300,2172500,1363774400,1371608400
37,517,241913897324700,2340800,1399440800,1407274800
37,533,241913952924800,2127300,1455040900,1462874900
37,549,241913986745100,2287400,1488861200,1496695200
37,565,241914021981600,2227300,1524097700,1531931700
37,581,241914057071600,2168700,1559187700,1567021700
37,597,241914092788300,2077000,1594904400,1602738400
37,613,241914126546000,2110800,1628662100,1636496100
37,629,241914160659800,2116400,1662775900,1670609900
37,645,241914194734500,2116100,1696850600,1704684600
37,661,241914247803200,2176100,1749919300,1757753300
37,677,241914289305900,2211800,1791422000,1799256000
37,693,241914324928800,2293200,1827044900,1834878900
37,709,241914359891500,2067100,1862007600,1869841600
37,725,241914393613000,2069000,1895729100,1903563100
37,741,241914428612100,2318600,1930728200,1938562200
37,757,241914465459800,2348400,1967575900,1975409900
37,773,241914500692000,2130400,2002808100,2010642100
37,789,241914555083400,2683300,2057199500,2065033500
37,805,241914591742900,2275000,2093859000,2101693000
37,821,241914627785500,2339700,2129901600,2137735600
37,837,241914664456400,2300100,2166572500,2174406500
37,853,241914700536800,2305100,2202652900,2210486900
37,869,241914736800400,2251500,2238916500,2246750500
37,885,241914772163200,2149100,2274279300,2282113300
37,901,241914806613900,2147200,2308730000,2316564000
37,917,241914840713200,2128100,2342829300,2350663300
37,933,241914898656800,2149200,2400772900,2408606900
37,949,241914934191200,2201200,2436307300,2444141300
37,965,241914969216700,2172000,2471332800,2479166800
37,981,241915004045300,2213400,2506161400,2513995400
37,997,241915038983500,2143200,2541099600,2548933600
37,1013,241915075073100,2140300,2577189200,2585023200
37,1029,241915109341900,2138100,2611458000,2619292000
37,1045,241915145110000,2114800,2647226100,2655060100
37,1061,241915186732600,2082100,2688848700,2696682700
37,1077,241915221379000,2147200,2723495100,2731329100
37,1093,241915255605600,2162900,2757721700,2765555700
37,1109,241915290256100,2114600,2792372200,2800206200
37,1125,241915324433100,2160600,2826549200,2834383200
37,1141,241915360734500,2281000,2862850600,2870684600
37,1157,241915396050900,2192900,2898167000,2906001000
37,1173,241915430822800,2134400,2932938900,2940772900
37,1189,241915466189400,7759300,2968305500,2976139500
37,1205,241915509786800,3073100,3011902900,3019736900
37,1221,241915558470800,2993400,3060586900,3068420900
37,1237,241915603778900,2867200,3105895000,3113729000
37,1253,241915646443800,2573200,3148559900,3156393900
37,1269,241915690743400,2604900,3192859500,3200693500
37,1285,241915733542300,2778200,3235658400,3243492400
37,1301,241915775251000,2749400,3277367100,3285201100
37,1317,241915817990000,2631200,3320106100,3327940100
37,1333,241915867592200,6563100,3369708300,3377542300
37,1349,241915916202500,2691400,3418318600,3426152600
37,1365,241915964621200,3039300,3466737300,3474571300
37,1381,241916008220500,2831900,3510336600,3518170600
37,1397,241916052582500,2890400,3554698600,3562532600
37,1413,241916098079900,3065300,3600196000,3608030000
37,1429,241916143018700,2846800,3645134800,3652968800
37,1445,241916189229500,2915300,3691345600,3699179600
37,1461,241916243007500,2572400,3745123600,3752957600
37,1477,241916292172500,2583700,3794288600,3802122600
37,1493,241916336500300,2838600,3838616400,3846450400
37,1509,241916386144100,2928200,3888260200,3896094200
37,1525,241916436124100,4028200,3938240200,3946074200
37,1541,241916486081800,3395000,3988197900,3996031900
37,1557,241916537900800,3044700,4040016900,4047850900
37,1573,241916592989100,2994500,4095105200,4102939200
37,1589,241916641261200,12300900,4143377300,4151211300
37,1605,241916699815300,3660000,4201931400,4209765400
37,1621,241916749807300,2884400,4251923400,4259757400
37,1637,241916806690900,3068700,4308807000,4316641000
37,1653,241916857907900,3363300,4360024000,4367858000
37,1669,241916909840300,3406800,4411956400,4419790400
37,1685,241916965553700,3196900,4467669800,4475503800
37,1701,241917023306500,3688000,4525422600,4533256600
37,1717,241917076723600,4392600,4578839700,4586673700
37,1733,241917141847200,3710800,4643963300,4651797300
37,1749,241917196052500,3542400,4698168600,4706002600
37,1765,241917245090100,3096300,4747206200,4755040200
37,1781,241917295155700,3200600,4797271800,4805105800
37,1797,241917347001100,2858300,4849117200,4856951200
37,1813,241917396282600,4165800,4898398700,4906232700
37,1829,241917448418500,2686500,4950534600,4958368600
37,1845,241917500333300,3086400,5002449400,5010283400
37,1861,241917558849500,3009700,5060965600,5068799600
37,1877,241917607378700,3148300,5109494800,5117328800
37,1893,241917659387400,3115100,5161503500,5169337500
37,1909,241917710374400,3872200,5212490500,5220324500
37,1925,241917761578600,3083100,5263694700,5271528700
37,1941,241917814813300,3348300,5316929400,5324763400
37,1957,241917864016800,3463700,5366132900,5373966900
37,1973,241917913129900,3188900,5415246000,5423080000
37,1989,241917962494200,3337100,5464610300,5472444300
37,2005,241918016488500,3040500,5518604600,5526438600
37,2021,241918067372600,3049100,5569488700,5577322700
37,2037,241918118865800,3270800,5620981900,5628815900
38,6,241912651648600,2796500,153764700,161598700
38,22,241912690431600,2324000,192547700,200381700
38,38,241912729865800,2334300,231981900,239815900
38,54,241912765520400,2131200,267636500,275470500
38,70,241912801767200,2224400,303883300,311717300
38,86,241912838241400,2337300,340357500,348191500
38,102,241912875760500,2516200,377876600,385710600
38,118,241912914486600,2339700,416602700,424436700
38,134,241912988117100,2963800,490233200,498067200
38,150,241913026835900,2349700,528952000,536786000
38,166,241913063705900,2382300,565822000,573656000
38,182,241913106575700,2247000,608691800,616525800
38,198,241913143169900,2161500,645286000,653120000
38,214,241913178834100,2279300,680950200,688784200
38,230,241913215319800,2175500,717435900,725269900
38,246,241913250232100,2189900,752348200,760182200
38,262,241913303708000,2157400,805824100,813658100
38,278,241913338748100,2230900,840864200,848698200
38,294,241913374967600,2262700,877083700,884917700
38,310,241913411275000,2240300,913391100,921225100
38,326,241913450491400,2151600,952607500,960441500
38,342,241913485835600,2171600,987951700,995785700
38,358,241913521201200,2249100,1023317300,1031151300
38,374,241913557459200,2253400,1059575300,1067409300
38,390,241913610143700,2490800,1112259800,1120093800
38,406,241913645430400,2422600,1147546500,1155380500
38,422,241913681250900,2310900,1183367000,1191201000
38,438,241913717400200,2188500,1219516300,1227350300
38,454,241913753183600,2179700,1255299700,1263133700
38,470,241913787965600,2203600,1290081700,1297915700
38,486,241913824326400,2155100,1326442500,1334276500
38,502,241913859495300,2221900,1361611400,1369445400
38,518,241913895087700,2367600,1397203800,1405037800
38,534,241913950598900,2170200,1452715000,1460549000
38,550,241913984454200,2092600,1486570300,1494404300
38,566,241914019680800,2123000,1521796900,1529630900
38,582,241914054951400,2212000,1557067500,1564901500
38,598,241914090770700,2104600,1592886800,1600720800
38,614,241914124519100,2114400,1626635200,1634469200
38,630,241914158622700,2118800,1660738800,1668572800
38,646,241914192668100,2153300,1694784200,1702618200
38,662,241914245745400,2146600,1747861500,1755695500
38,678,241914286005000,2273600,1788121100,1795955100
38,694,241914321582200,2321600,1823698300,1831532300
38,710,241914356824800,2114900,1858940900,1866774900
38,726,241914390541700,2093400,1892657800,1900491800
38,742,241914425048600,2430600,1927164700,1934998700
38,758,241914462280300,2247500,1964396400,1972230400
38,774,241914497598500,2205200,1999714600,2007548600
38,790,241914532789100,21145400,2034905200,2042739200
38,806,241914588824000,2261100,2090940100,2098774100
38,822,241914624857700,2297100,2126973800,2134807800
38,838,241914661441500,2208200,2163557600,2171391600
38,854,241914698763900,2309600,2200880000,2208714000
38,870,241914735067700,2221700,2237183800,2245017800
38,886,241914770476800,2143400,2272592900,2280426900
38,902,241914804978200,2184200,2307094300,2314928300
38,918,241914839086400,2111300,2341202500,2349036500
38,934,241914897192300,2093400,2399308400,2407142400
38,950,241914932701400,2210200,2434817500,2442651500
38,966,241914967784100,2125700,2469900200,2477734200
38,982,241915002616200,2165300,2504732300,2512566300
38,998,241915037503400,2164600,2539619500,2547453500
38,1014,241915073667400,2162100,2575783500,2583617500
38,1030,241915108037600,2147300,2610153700,2617987700
38,1046,241915144194100,2127500,2646310200,2654144200
38,1062,241915185832600,2094900,2687948700,2695782700
38,1078,241915220351700,2044100,2722467800,2730301800
38,1094,241915254527000,2209500,2756643100,2764477100
38,1110,241915289320200,2122000,2791436300,2799270300
38,1126,241915323503100,2155100,2825619200,2833453200
38,1142,241915359753300,2238200,2861869400,2869703400
38,1158,241915395171000,2177800,2897287100,2905121100
38,1174,241915429980300,2139200,2932096400,2939930400
38,1190,241915465517400,7708600,2967633500,2975467500
38,1206,241915508970200,3040800,3011086300,3018920300
38,1222,241915556848200,2864600,3058964300,3066798300
38,1238,241915602250700,2830800,3104366800,3112200800
38,1254,241915644975100,2604800,3147091200,3154925200
38,1270,241915689313200,2558400,3191429300,3199263300
38,1286,241915732060900,2716000,3234177000,3242011000
38,1302,241915773822100,2653800,3275938200,3283772200
38,1318,241915816495300,2656800,3318611400,3326445400
38,1334,241915866120500,5569000,3368236600,3376070600
38,1350,241915914749400,2622000,3416865500,3424699500
38,1366,241915962989900,3053500,3465106000,3472940000
38,1382,241916006753100,2739800,3508869200,3516703200
38,1398,241916051319700,2874100,3553435800,3561269800
38,1414,241916096798700,3012100,3598914800,3606748800
38,1430,241916141686400,2907900,3643802500,3651636500
38,1446,241916187722600,3125200,3689838700,3697672700
38,1462,241916241779000,2591900,3743895100,3751729100
38,1478,241916290897500,2615500,3793013600,3800847600
38,1494,241916335214000,2818000,3837330100,3845164100
38,1510,241916384959700,2801400,3887075800,3894909800
38,1526,241916434379800,4101300,3936495900,3944329900
38,1542,241916484575700,3446000,3986691800,3994525800
38,1558,241916536654000,2950100,4038770100,4046604100
38,1574,241916591678300,3046700,4093794400,4101628400
38,1590,241916639524800,12043300,4141640900,4149474900
38,1606,241916698352100,3543600,4200468200,4208302200
38,1622,241916747920400,3687700,4250036500,4257870500
38,1638,241916805130200,3222200,4307246300,4315080300
38,1654,241916856076500,3459400,4358192600,4366026600
38,1670,241916908074800,3328100,4410190900,4418024900
38,1686,241916962468900,4705800,4464585000,4472419000
38,1702,241917021404100,3625400,4523520200,4531354200
38,1718,241917075125900,2983300,4577242000,4585076000
38,1734,241917139846100,3707400,4641962200,4649796200
38,1750,241917194504800,3132100,4696620900,4704454900
38,1766,241917243608000,2573200,4745724100,4753558100
38,1782,241917293479000,3127200,4795595100,4803429100
38,1798,241917345070900,3204900,4847187000,4855021000
38,1814,241917394540100,3748400,4896656200,4904490200
38,1830,241917447004900,2686600,4949121000,4956955000
38,1846,241917498516700,3266300,5000632800,5008466800
38,1862,241917556963300,3001200,5059079400,5066913400
38,1878,241917605702900,2864100,5107819000,5115653000
38,1894,241917657645800,3133400,5159761900,5167595900
38,1910,241917708717200,3392100,5210833300,5218667300
38,1926,241917760028100,3065100,5262144200,5269978200
38,1942,241917812308100,4405700,5314424200,5322258200
38,1958,241917862359100,3351400,5364475200,5372309200
38,1974,241917911723500,2823400,5413839600,5421673600
38,1990,241917960732500,3491100,5462848600,5470682600
38,2006,241918015006700,3104200,5517122800,5524956800
38,2022,241918066169100,3050600,5568285200,5576119200
38,2038,241918117194200,3413800,5619310300,5627144300
39,7,241912654569200,2752300,156685300,164519300
39,23,241912692394400,2303100,194510500,202344500
39,39,241912731711000,2263900,233827100,241661100
39,55,241912767231500,2189700,269347600,277181600
39,71,241912803595200,2246300,305711300,313545300
39,87,241912839815200,2279500,341931300,349765300
39,103,241912877418200,2532200,379534300,387368300
39,119,241912916046300,2388600,418162400,425996400
39,135,241912990165300,2743100,492281400,500115400
39,151,241913030273500,2285100,532389600,540223600
39,167,241913067210700,2388800,569326800,577160800
39,183,241913109994600,2393700,612110700,619944700
39,199,241913146243900,2097000,648360000,656194000
39,215,241913181874100,2140000,683990200,691824200
39,231,241913218308200,2208500,720424300,728258300
39,247,241913253218700,2083500,755334800,763168800
39,263,241913306787900,2096700,808904000,816738000
39,279,241913341894400,2212600,844010500,851844500
39,295,241913378318800,2430400,880434900,888268900
39,311,241913414446200,2208700,916562300,924396300
39,327,241913452271400,2150600,954387500,962221500
39,343,241913487633600,2259900,989749700,997583700
39,359,241913523059300,2164300,1025175400,1033009400
39,375,241913559313100,2260600,1061429200,1069263200
39,391,241913612256500,2265200,1114372600,1122206600
39,407,241913647554200,2124100,1149670300,1157504300
39,423,241913683260900,2237400,1185377000,1193211000
39,439,241913719278900,2161300,1221395000,1229229000
39,455,241913755185000,2181500,1257301100,1265135100
39,471,241913790040900,2196300,1292157000,1299991000
39,487,241913826338400,2180300,1328454500,1336288500
39,503,241913862652000,2213400,1364768100,1372602100
39,519,241913898038800,2171000,1400154900,1407988900
39,535,241913953209100,2143900,1455325200,1463159200
39,551,241913987028500,2199100,1489144600,1496978600
39,567,241914022170300,2251600,1524286400,1532120400
39,583,241914057198400,2165800,1559314500,1567148500
39,599,241914092906500,2079600,1595022600,1602856600
39,615,241914126667700,2106100,1628783800,1636617800
39,631,241914160775000,2120300,1662891100,1670725100
39,647,241914194855900,2110900,1696972000,1704806000
39,663,241914247924500,2177400,1750040600,1757874600
39,679,241914287911700,2266700,1790027800,1797861800
39,695,241914323503400,2370600,1825619500,1833453500
39,711,241914358585200,2090800,1860701300,1868535300
39,727,241914392278600,2098500,1894394700,1902228700
39,743,241914427016900,2380200,1929133000,1936967000
39,759,241914464162700,2269300,1966278800,1974112800
39,775,241914499432200,2127900,2001548300,2009382300
39,791,241914553349500,3002100,2055465600,2063299600
39,807,241914590780800,2291600,2092896900,2100730900
39,823,241914626842100,2300100,2128958200,2136792200
39,839,241914663324600,2294400,2165440700,2173274700
39,855,241914699951000,2373700,2202067100,2209901100
39,871,241914736251700,2227700,2238367800,2246201800
39,887,241914771624800,2134800,2273740900,2281574900
39,903,241914806073700,2165600,2308189800,2316023800
39,919,241914840194500,2119700,2342310600,2350144600
39,935,241914898213600,2138400,2400329700,2408163700
39,951,241914933829500,2213900,2435945600,2443779600
39,967,241914968924500,2166900,2471040600,2478874600
39,983,241915003743800,2185600,2505859900,2513693900
39,999,241915038611100,2238600,2540727200,2548561200
39,1015,241915074786000,2195800,2576902100,2584736100
39,1031,241915109118300,2131300,2611234400,2619068400
39,1047,241915145434800,2100100,2647550900,2655384900
39,1063,241915187052100,2080700,2689168200,2697002200
39,1079,241915221601800,2153700,2723717900,2731551900
39,1095,241915255865900,2155500,2757982000,2765816000
39,1111,241915290472600,2122000,2792588700,2800422700
39,1127,241915324662800,2179200,2826778900,2834612900
39,1143,241915360973200,2292300,2863089300,2870923300
39,1159,241915396318300,2191900,2898434400,2906268400
39,1175,241915431116200,2132100,2933232300,2941066300
39,1191,241915466268000,7771200,2968384100,2976218100
39,1207,241915509917400,3075000,3012033500,3019867500
39,1223,241915557563700,2959700,3059679800,3067513800
39,1239,241915602962200,2826500,3105078300,3112912300
39,1255,241915645694800,2579700,3147810900,3155644900
39,1271,241915690020900,2555900,3192137000,3199971000
39,1287,241915732764200,2726000,3234880300,3242714300
39,1303,241915774522100,2709400,3276638200,3284472200
39,1319,241915817268800,2620100,3319384900,3327218900
39,1335,241915866909600,6577700,3369025700,3376859700
39,1351,241915915578500,2695500,3417694600,3425528600
39,1367,241915963906800,3038100,3466022900,3473856900
39,1383,241916007606300,2778200,3509722400,3517556400
39,1399,241916052159800,2876900,3554275900,3562109900
39,1415,241916097655100,3105600,3599771200,3607605200
39,1431,241916142637800,2866800,3644753900,3652587900
39,1447,241916188957300,2900900,3691073400,3698907400
39,1463,241916242830200,2570900,3744946300,3752780300
39,1479,241916291981900,2603600,3794098000,3801932000
39,1495,241916336336300,2879600,3838452400,3846286400
39,1511,241916386001700,2863500,3888117800,3895951800
39,1527,241916435874600,4075700,3937990700,3945824700
39,1543,241916485752000,3442800,3987868100,3995702100
39,1559,241916537739700,3057000,4039855800,4047689800
39,1575,241916592788000,2995600,4094904100,4102738100
39,1591,241916640995500,12234400,4143111600,4150945600
39,1607,241916699650400,3590700,4201766500,4209600500
39,1623,241916749610600,2958800,4251726700,4259560700
39,1639,241916806480700,2984300,4308596800,4316430800
39,1655,241916857385100,3098900,4359501200,4367335200
39,1671,241916909188100,3377200,4411304200,4419138200
39,1687,241916963742800,4443800,4465858900,4473692900
39,1703,241917022729300,3665700,4524845400,4532679400
39,1719,241917076260100,2932800,4578376200,4586210200
39,1735,241917141242900,3606400,4643359000,4651193000
39,1751,241917195283200,3291600,4697399300,4705233300
39,1767,241917244471800,2807500,4746587900,4754421900
39,1783,241917294461100,3203400,4796577200,4804411200
39,1799,241917346379800,3074500,4848495900,4856329900
39,1815,241917395642900,4221700,4897759000,4905593000
39,1831,241917448054900,2667600,4950171000,4958005000
39,1847,241917499915800,3065400,5002031900,5009865900
39,1863,241917558586900,3012900,5060703000,5068537000
39,1879,241917607311300,3134700,5109427400,5117261400
39,1895,241917659298000,3118400,5161414100,5169248100
39,1911,241917710537200,3892500,5212653300,5220487300
39,1927,241917761702600,3112000,5263818700,5271652700
39,1943,241917815284900,3045500,5317401000,5325235000
39,1959,241917864195700,3442600,5366311800,5374145800
39,1975,241917913281000,3219900,5415397100,5423231100
39,1991,241917962651200,3285500,5464767300,5472601300
39,2007,241918016620700,3022800,5518736800,5526570800
39,2023,241918067462100,3041700,5569578200,5577412200
39,2039,241918118955200,3261200,5621071300,5628905300
40,8,241912657395400,2510400,159511500,167345500
40,24,241912694983600,2303000,197099700,204933700
40,40,241912734210200,2260100,236326300,244160300
40,56,241912769594500,2228100,271710600,279544600
40,72,241912806019300,2183200,308135400,315969400
40,88,241912842128300,2247400,344244400,352078400
40,104,241912880131200,2446100,382247300,390081300
40,120,241912918676900,2757700,420793000,428627000
40,136,241912993128900,2420200,495245000,503079000
40,152,241913031817000,2219600,533933100,541767100
40,168,241913068823600,2396000,570939700,578773700
40,184,241913111531300,2273200,613647400,621481400
40,200,241913147853300,2175000,649969400,657803400
40,216,241913183707100,2230400,685823200,693657200
40,232,241913220057000,2367800,722173100,730007100
40,248,241913254874800,2116700,756990900,764824900
40,264,241913308384300,2131800,810500400,818334400
40,280,241913343604100,2184000,845720200,853554200
40,296,241913380006000,2282700,882122100,889956100
40,312,241913415999800,2354200,918115900,925949900
40,328,241913455096200,2243800,957212300,965046300
40,344,241913490424900,2044600,992541000,1000375000
40,360,241913525651700,2251100,1027767800,1035601800
40,376,241913562001200,2258200,1064117300,1071951300
40,392,241913615002900,2245600,1117119000,1124953000
40,408,241913650163800,2140600,1152279900,1160113900
40,424,241913685946800,2257900,1188062900,1195896900
40,440,241913721925200,2363700,1224041300,1231875300
40,456,241913757731000,2108100,1259847100,1267681100
40,472,241913792466500,2178200,1294582600,1302416600
40,488,241913828725600,2304800,1330841700,1338675700
40,504,241913865673200,2720700,1367789300,1375623300
40,520,241913901824700,2184200,1403940800,1411774800
40,536,241913956998300,2197000,1459114400,1466948400
40,552,241913990946900,2150900,1493063000,1500897000
40,568,241914026213900,2284900,1528330000,1536164000
40,584,241914061147800,2475000,1563263900,1571097900
40,600,241914096705600,2109500,1598821700,1606655700
40,616,241914130525400,2125300,1632641500,1640475500
40,632,241914164632800,2120700,1666748900,1674582900
40,648,241914198735300,2128700,1700851400,1708685400
40,664,241914251819300,2137600,1753935400,1761769400
40,680,241914291673100,2154400,1793789200,1801623200
40,696,241914327385700,2256100,1829501800,1837335800
40,712,241914362105700,2110500,1864221800,1872055800
40,728,241914395802500,2109400,1897918600,1905752600
40,744,241914431057600,2262300,1933173700,1941007700
40,760,241914468119200,2270100,1970235300,1978069300
40,776,241914503192600,2177400,2005308700,2013142700
40,792,241914558120400,2519100,2060236500,2068070500
40,808,241914594699800,2337600,2096815900,2104649900
40,824,241914630877100,2243500,2132993200,2140827200
40,840,241914667234500,2196900,2169350600,2177184600
40,856,241914703827600,2308800,2205943700,2213777700
40,872,241914739888700,2257400,2242004800,2249838800
40,888,241914775118600,2069000,2277234700,2285068700
40,904,241914809456900,2137800,2311573000,2319407000
40,920,241914843594600,2112300,2345710700,2353544700
40,936,241914901567100,2178900,2403683200,2411517200
40,952,241914937227300,2202000,2439343400,2447177400
40,968,241914972292400,2272700,2474408500,2482242500
40,984,241915007145800,2235200,2509261900,2517095900
40,1000,241915041946600,2270700,2544062700,2551896700
40,1016,241915078142100,2122500,2580258200,2588092200
40,1032,241915112507800,2499900,2614623900,2622457900
40,1048,241915148564100,2198500,2650680200,2658514200
40,1064,241915190308300,2129800,2692424400,2700258400
40,1080,241915224709200,2080600,2726825300,2734659300
40,1096,241915259033600,2210500,2761149700,2768983700
40,1112,241915293524700,2093900,2795640800,2803474800
40,1128,241915327877900,2414500,2829994000,2837828000
40,1144,241915364185300,2181000,2866301400,2874135400
40,1160,241915399485500,2216500,2901601600,2909435600
40,1176,241915434214500,2128400,2936330600,2944164600
40,1192,241915475266900,2163900,2977383000,2985217000
40,1208,241915514826000,3171800,3016942100,3024776100
40,1224,241915562651700,2966700,3064767800,3072601800
40,1240,241915607573200,2749200,3109689300,3117523300
40,1256,241915649847400,2577200,3151963500,3159797500
40,1272,241915694208000,2538500,3196324100,3204158100
40,1288,241915737180000,2564900,3239296100,3247130100
40,1304,241915778889800,2706900,3281005900,3288839900
40,1320,241915821469400,2661800,3323585500,3331419500
40,1336,241915875168100,2736100,3377284200,3385118200
40,1352,241915920032900,5184500,3422149000,3429983000
40,1368,241915968870200,2720400,3470986300,3478820300
40,1384,241916012070100,2982200,3514186200,3522020200
40,1400,241916056842800,2927800,3558958900,3566792900
40,1416,241916102575500,3000700,3604691600,3612525600
40,1432,241916147176900,2881600,3649293000,3657127000
40,1448,241916193568800,3214500,3695684900,3703518900
40,1464,241916246840100,2907000,3748956200,3756790200
40,1480,241916296013600,2600700,3798129700,3805963700
40,1496,241916340700300,3391500,3842816400,3850650400
40,1512,241916390366800,2835400,3892482900,3900316900
40,1528,241916441474900,2751000,3943591000,3951425000
40,1544,241916491044400,3367500,3993160500,4000994500
40,1560,241916542542300,3010000,4044658400,4052492400
40,1576,241916597587000,2825300,4099703100,4107537100
40,1592,241916654976100,3501800,4157092200,4164926200
40,1608,241916704865000,3255400,4206981100,4214815100
40,1624,241916753853700,3435800,4255969800,4263803800
40,1640,241916811125800,3256500,4313241900,4321075900
40,1656,241916862501000,2656500,4364617100,4372451100
40,1672,241916914405100,3437200,4416521200,4424355200
40,1688,241916969960000,3260600,4472076100,4479910100
40,1704,241917028417400,3148200,4530533500,4538367500
40,1720,241917082247100,2910700,4584363200,4592197200
40,1736,241917146950100,3676200,4649066200,4656900200
40,1752,241917200799600,3151400,4702915700,4710749700
40,1768,241917251034800,2572000,4753150900,4760984900
40,1784,241917299765600,3361700,4801881700,4809715700
40,1800,241917351258100,2679300,4853374200,4861208200
40,1816,241917402122300,3406800,4904238400,4912072400
40,1832,241917452829200,3233200,4954945300,4962779300
40,1848,241917504857100,3844900,5006973200,5014807200
40,1864,241917563176400,3049100,5065292500,5073126500
40,1880,241917611892500,2947800,5114008600,5121842600
40,1896,241917663811900,3748200,5165928000,5173762000
40,1912,241917716151700,4409000,5218267800,5226101800
40,1928,241917766031900,3177500,5268148000,5275982000
40,1944,241917819462000,2792400,5321578100,5329412100
40,1960,241917868829600,3045400,5370945700,5378779700
40,1976,241917917704200,3242600,5419820300,5427654300
40,1992,241917973342200,3261900,5475458300,5483292300
40,2008,241918020638200,3160800,5522754300,5530588300
40,2024,241918071782700,3304400,5573898800,5581732800
40,2040,241918123572600,3354100,5625688700,5633522700
41,9,241912659944200,2255900,162060300,169894300
41,25,241912697222600,2316500,199338700,207172700
41,41,241912736535400,2266900,238651500,246485500
41,57,241912771880600,2158500,273996700,281830700
41,73,241912808261700,2385200,310377800,318211800
41,89,241912844641900,2243300,346758000,354592000
41,105,241912882673900,2477200,384790000,392624000
41,121,241912921471200,2513200,423587300,431421300
41,137,241912995770900,2281900,497887000,505721000
41,153,241913034956400,2139500,537072500,544906500
41,169,241913072229700,2325500,574345800,582179800
41,185,241913114670600,2169200,616786700,624620700
41,201,241913150822900,2071900,652939000,660773000
41,217,241913186636500,2355300,688752600,696586600
41,233,241913223219700,2211800,725335800,733169800
41,249,241913257823200,2143400,759939300,767773300
41,265,241913311338100,2190500,813454200,821288200
41,281,241913346717000,2204400,848833100,856667100
41,297,241913383307200,2163000,885423300,893257300
41,313,241913419561600,2195300,921677700,929511700
41,329,241913459516200,2132900,961632300,969466300
41,345,241913494623100,2200600,996739200,1004573200
41,361,241913530618300,2316200,1032734400,1040568400
41,377,241913566954100,2196900,1069070200,1076904200
41,393,241913619786000,2264500,1121902100,1129736100
41,409,241913654652200,2072000,1156768300,1164602300
41,425,241913690463100,2236000,1192579200,1200413200
41,441,241913726686800,2113100,1228802900,1236636900
41,457,241913761961600,2150000,1264077700,1271911700
41,473,241913796975500,2236800,1299091600,1306925600
41,489,241913833338100,2195600,1335454200,1343288200
41,505,241913869639900,2151500,1371756000,1379590000
41,521,241913905271100,2140200,1407387200,1415221200
41,537,241913960403700,2122400,1462519800,1470353800
41,553,241913994317600,2107700,1496433700,1504267700
41,569,241914029769200,2191400,1531885300,1539719300
41,585,241914065115200,2565300,1567231300,1575065300
41,601,241914100072800,2053400,1602188900,1610022900
41,617,241914133988900,2144700,1636105000,1643939000
41,633,241914168079200,2148200,1670195300,1678029300
41,649,241914202207700,2146500,1704323800,1712157800
41,665,241914255256400,2096800,1757372500,1765206500
41,681,241914295349400,2197300,1797465500,1805299500
41,697,241914331184400,2245200,1833300500,1841134500
41,713,241914365719600,2083100,1867835700,1875669700
41,729,241914399443700,2133300,1901559800,1909393800
41,745,241914435112500,2282000,1937228600,1945062600
41,761,241914472169500,2165300,1974285600,1982119600
41,777,241914506989800,2174200,2009105900,2016939900
41,793,241914562471900,2347000,2064588000,2072422000
41,809,241914598594900,2229000,2100711000,2108545000
41,825,241914634799300,2198600,2136915400,2144749400
41,841,241914671017300,2326800,2173133400,2180967400
41,857,241914707257100,2345000,2209373200,2217207200
41,873,241914743381900,2421400,2245498000,2253332000
41,889,241914778402600,2154500,2280518700,2288352700
41,905,241914812812700,2128200,2314928800,2322762800
41,921,241914846929100,2132800,2349045200,2356879200
41,937,241914904986000,2122500,2407102100,2414936100
41,953,241914940705500,2207200,2442821600,2450655600
41,969,241914975790300,2214000,2477906400,2485740400
41,985,241915010611700,2214200,2512727800,2520561800
41,1001,241915045460300,2175000,2547576400,2555410400
41,1017,241915081482200,2151800,2583598300,2591432300
41,1033,241915116835000,2305900,2618951100,2626785100
41,1049,241915152545400,2183700,2654661500,2662495500
41,1065,241915193938800,2136000,2696054900,2703888900
41,1081,241915228551000,2161300,2730667100,2738501100
41,1097,241915263033300,2136200,2765149400,2772983400
41,1113,241915297368100,2152600,2799484200,2807318200
41,1129,241915331930800,2298600,2834046900,2841880900
41,1145,241915368005700,2235200,2870121800,2877955800
41,1161,241915403260000,2174500,2905376100,2913210100
41,1177,241915437861900,2112400,2939978000,2947812000
41,1193,241915478900800,2104100,2981016900,2988850900
41,1209,241915520062200,3020500,3022178300,3030012300
41,1225,241915567249300,2900800,3069365400,3077199400
41,1241,241915611859400,2667500,3113975500,3121809500
41,1257,241915653901500,2672000,3156017600,3163851600
41,1273,241915698173700,2640500,3200289800,3208123800
41,1289,241915741192400,2563400,3243308500,3251142500
41,1305,241915783101700,2939200,3285217800,3293051800
41,1321,241915825607600,2756100,3327723700,3335557700
41,1337,241915879442700,2855200,3381558800,3389392800
41,1353,241915926713700,2633800,3428829800,3436663800
41,1369,241915973149900,2747200,3475266000,3483100000
41,1385,241916016588700,2860300,3518704800,3526538800
41,1401,241916061481800,2971000,3563597900,3571431900
41,1417,241916107433100,2748500,3609549200,3617383200
41,1433,241916151782600,2848800,3653898700,3661732700
41,1449,241916198579200,4677800,3700695300,3708529300
41,1465,241916251307700,2939600,3753423800,3761257800
41,1481,241916300059800,2586000,3802175900,3810009900
41,1497,241916345759500,3151800,3847875600,3855709600
41,1513,241916394626100,3158300,3896742200,3904576200
41,1529,241916445639700,3040800,3947755800,3955589800
41,1545,241916496336700,3353700,3998452800,4006286800
41,1561,241916547229600,2892500,4049345700,4057179700
41,1577,241916602026700,2931400,4104142800,4111976800
41,1593,241916660659200,2860900,4162775300,4170609300
41,1609,241916710012400,2961300,4212128500,4219962500
41,1625,241916759428900,3707300,4261545000,4269379000
41,1641,241916815889600,2860400,4318005700,4325839700
41,1657,241916866532700,2928400,4368648800,4376482800
41,1673,241916919836500,3201800,4421952600,4429786600
41,1689,241916974820300,4359200,4476936400,4484770400
41,1705,241917033424400,2830100,4535540500,4543374500
41,1721,241917086734600,3065500,4588850700,4596684700
41,1737,241917152279600,3810900,4654395700,4662229700
41,1753,241917205578800,3669200,4707694900,4715528900
41,1769,241917254770000,2821800,4756886100,4764720100
41,1785,241917304416900,2849400,4806533000,4814367000
41,1801,241917355129800,2832300,4857245900,4865079900
41,1817,241917406645700,2694100,4908761800,4916595800
41,1833,241917457664700,3606200,4959780800,4967614800
41,1849,241917510320100,3102800,5012436200,5020270200
41,1865,241917567620600,3614400,5069736700,5077570700
41,1881,241917616507600,3522000,5118623700,5126457700
41,1897,241917669188100,3234500,5171304200,5179138200
41,1913,241917722367200,3196800,5224483300,5232317300
41,1929,241917771435500,3536900,5273551600,5281385600
41,1945,241917823827200,3156500,5325943300,5333777300
41,1961,241917873504400,2818500,5375620500,5383454500
41,1977,241917922873700,2868900,5424989800,5432823800
41,1993,241917978442500,3845700,5480558600,5488392600
41,2009,241918025721300,3361200,5527837400,5535671400
41,2025,241918076745400,3010700,5578861500,5586695500
41,2041,241918129922300,5656400,5632038400,5639872400
42,10,241912662305600,2304300,164421700,172255700
42,26,241912699811700,2170000,201927800,209761800
42,42,241912739152600,2263100,241268700,249102700
42,58,241912774387700,2181800,276503800,284337800
42,74,241912811105500,2226500,313221600,321055600
42,90,241912847255800,2281700,349371900,357205900
42,106,241912885480300,2556500,387596400,395430400
42,122,241912924268500,2446000,426384600,434218600
42,138,241912998349600,4679600,500465700,508299700
42,154,241913037915900,2134900,540032000,547866000
42,170,241913075468100,2284900,577584200,585418200
42,186,241913117678400,2175000,619794500,627628500
42,202,241913153695000,2126100,655811100,663645100
42,218,241913189880100,2173200,691996200,699830200
42,234,241913226345200,2172800,728461300,736295300
42,250,241913260767400,2138100,762883500,770717500
42,266,241913314391500,2207500,816507600,824341600
42,282,241913349769800,2173300,851885900,859719900
42,298,241913386520500,2474400,888636600,896470600
42,314,241913422268200,2462400,924384300,932218300
42,330,241913460029200,2163000,962145300,969979300
42,346,241913495187400,2208100,997303500,1005137500
42,362,241913530955200,2328900,1033071300,1040905300
42,378,241913567310200,2210600,1069426300,1077260300
42,394,241913620250200,2232700,1122366300,1130200300
42,410,241913655079000,2103700,1157195100,1165029100
42,426,241913691028600,2270500,1193144700,1200978700
42,442,241913727316400,2092600,1229432500,1237266500
42,458,241913762655800,2132800,1264771900,1272605900
42,474,241913797721600,2279700,1299837700,1307671700
42,490,241913834101800,2119200,1336217900,1344051900
42,506,241913871082700,2194400,1373198800,1381032800
42,522,241913906672700,20638400,1408788800,1416622800
42,538,241913961786200,2087700,1463902300,1471736300
42,554,241913995655200,2118200,1497771300,1505605300
42,570,241914031285900,2158200,1533402000,1541236000
42,586,241914067068900,2259500,1569185000,1577019000
42,602,241914101526600,2110500,1603642700,1611476700
42,618,241914135442200,2152900,1637558300,1645392300
42,634,241914169524600,2138300,1671640700,1679474700
42,650,241914203663600,2125400,1705779700,1713613700
42,666,241914256765700,2084900,1758881800,1766715800
42,682,241914297313500,2154000,1799429600,1807263600
42,698,241914333107800,2488300,1835223900,1843057900
42,714,241914367451600,2073500,1869567700,1877401700
42,730,241914401202600,2111100,1903318700,1911152700
42,746,241914436866100,2418400,1938982200,1946816200
42,762,241914473689300,2238000,1975805400,1983639400
42,778,241914508469000,2169900,2010585100,2018419100
42,794,241914564116800,2231600,2066232900,2074066900
42,810,241914600195700,2265500,2102311800,2110145800
42,826,241914636248100,2227100,2138364200,2146198200
42,842,241914672545200,2318400,2174661300,2182495300
42,858,241914709342300,2221600,2211458400,2219292400
42,874,241914745548600,2196100,2247664700,2255498700
42,890,241914780300500,2182300,2282416600,2290250600
42,906,241914814682700,2132300,2316798800,2324632800
42,922,241914848811900,2092300,2350928000,2358762000
42,938,241914906848300,2157400,2408964400,2416798400
42,954,241914942623500,2218700,2444739600,2452573600
42,970,241914977692000,2146900,2479808100,2487642100
42,986,241915012511200,2187200,2514627300,2522461300
42,1002,241915047413400,2254400,2549529500,2557363500
42,1018,241915083349900,2138300,2585466000,2593300000
42,1034,241915118813800,2319800,2620929900,2628763900
42,1050,241915154428700,2133200,2656544800,2664378800
42,1066,241915195767600,2128100,2697883700,2705717700
42,1082,241915230387400,2124100,2732503500,2740337500
42,1098,241915265023200,2184700,2767139300,2774973300
42,1114,241915299339900,2144900,2801456000,2809290000
42,1130,241915334297500,2240200,2836413600,2844247600
42,1146,241915370301200,2163100,2872417300,2880251300
42,1162,241915405706600,2145600,2907822700,2915656700
42,1178,241915440245900,2152500,2942362000,2950196000
42,1194,241915481187100,2172000,2983303200,2991137200
42,1210,241915523429500,3025300,3025545600,3033379600
42,1226,241915570776200,2952900,3072892300,3080726300
42,1242,241915615169600,2711600,3117285700,3125119700
42,1258,241915657280300,3029400,3159396400,3167230400
42,1274,241915701351000,2634500,3203467100,3211301100
42,1290,241915744277700,2611100,3246393800,3254227800
42,1306,241915786615100,2588300,3288731200,3296565200
42,1322,241915828937900,2707200,3331054000,3338888000
42,1338,241915882957700,2709500,3385073800,3392907800
42,1354,241915930018000,2616100,3432134100,3439968100
42,1370,241915976583400,2787600,3478699500,3486533500
42,1386,241916020064700,2574400,3522180800,3530014800
42,1402,241916065145100,2953800,3567261200,3575095200
42,1418,241916110780700,2604400,3612896800,3620730800
42,1434,241916155295600,2842200,3657411700,3665245700
42,1450,241916204319700,3153100,3706435800,3714269800
42,1466,241916255142100,2865900,3757258200,3765092200
42,1482,241916303438700,2677100,3805554800,3813388800
42,1498,241916349749600,3031700,3851865700,3859699700
42,1514,241916398748500,3091400,3900864600,3908698600
42,1530,241916449643600,2786000,3951759700,3959593700
42,1546,241916500779300,3355000,4002895400,4010729400
42,1562,241916551055800,4295900,4053171900,4061005900
42,1578,241916605634100,2725700,4107750200,4115584200
42,1594,241916664441800,2812400,4166557900,4174391900
42,1610,241916714016000,3128500,4216132100,4223966100
42,1626,241916764225900,3298400,4266342000,4274176000
42,1642,241916819938600,2887000,4322054700,4329888700
42,1658,241916870747700,2782600,4372863800,4380697800
42,1674,241916924306600,2911600,4426422700,4434256700
42,1690,241916980547900,4438900,4482664000,4490498000
42,1706,241917037577700,4516000,4539693800,4547527800
42,1722,241917092557600,2556800,4594673700,4602507700
42,1738,241917157754100,3586400,4659870200,4667704200
42,1754,241917210475700,3115200,4712591800,4720425800
42,1770,241917258296000,3569100,4760412100,4768246100
42,1786,241917308212000,2934100,4810328100,4818162100
42,1802,241917359065600,3574800,4861181700,4869015700
42,1818,241917410196600,2611200,4912312700,4920146700
42,1834,241917462494100,3517700,4964610200,4972444200
42,1850,241917514825600,3191400,5016941700,5024775700
42,1866,241917572614400,3233100,5074730500,5082564500
42,1882,241917621224900,3099100,5123341000,5131175000
42,1898,241917673690700,3018700,5175806800,5183640800
42,1914,241917726614400,2826400,5228730500,5236564500
42,1930,241917776155800,3219400,5278271900,5286105900
42,1946,241917827996800,2995300,5330112900,5337946900
42,1962,241917877317800,2792800,5379433900,5387267900
42,1978,241917926734700,3009000,5428850800,5436684800
42,1994,241917983148000,2885600,5485264100,5493098100
42,2010,241918030168700,2963000,5532284800,5540118800
42,2026,241918080883700,3291300,5582999800,5590833800
42,2042,241918136682500,2610400,5638798600,5646632600
43,11,241912664678000,2336700,166794100,174628100
43,27,241912701749500,2210400,203865600,211699600
43,43,241912741455500,2294600,243571600,251405600
43,59,241912776629900,2256100,278746000,286580000
43,75,241912813115400,2248800,315231500,323065500
43,91,241912849259500,2289600,351375600,359209600
43,107,241912887711200,2494300,389827300,397661300
43,123,241912926510900,2873400,428627000,436461000
43,139,241913000869700,2575900,502985800,510819800
43,155,241913038301500,2516300,540417600,548251600
43,171,241913075865600,2330500,577981700,585815700
43,187,241913118043700,2192100,620159800,627993800
43,203,241913154123100,2170400,656239200,664073200
43,219,241913190272500,2117400,692388600,700222600
43,235,241913226650600,2151000,728766700,736600700
43,251,241913261055100,2153900,763171200,771005200
43,267,241913314775000,2205300,816891100,824725100
43,283,241913350112800,2178700,852228900,860062900
43,299,241913386927000,2454600,889043100,896877100
43,315,241913422656300,4039700,924772400,932606400
43,331,241913461397800,2207700,963513900,971347900
43,347,241913496595500,2205500,998711600,1006545600
43,363,241913532690600,2287800,1034806700,1042640700
43,379,241913569007000,2216500,1071123100,1078957100
43,395,241913621932000,2238800,1124048100,1131882100
43,411,241913656591400,2151900,1158707500,1166541500
43,427,241913692567300,2204500,1194683400,1202517400
43,443,241913728833600,2144600,1230949700,1238783700
43,459,241913764229800,2095000,1266345900,1274179900
43,475,241913799554000,2351700,1301670100,1309504100
43,491,241913835887700,4602300,1338003800,1345837800
43,507,241913874322400,2232400,1376438500,1384272500
43,523,241913929626300,2704000,1431742400,1439576400
43,539,241913964943800,2104400,1467059900,1474893900
43,555,241913998876600,2104800,1500992700,1508826700
43,571,241914034529200,2167900,1536645300,1544479300
43,587,241914070292700,2213300,1572408800,1580242800
43,603,241914104570500,2037000,1606686600,1614520600
43,619,241914138476600,2115800,1640592700,1648426700
43,635,241914172537000,2136000,1674653100,1682487100
43,651,241914206677000,2114500,1708793100,1716627100
43,667,241914259724600,2130300,1761840700,1769674700
43,683,241914299758000,2160700,1801874100,1809708100
43,699,241914335997000,2159900,1838113100,1845947100
43,715,241914369926700,2095000,1872042800,1879876800
43,731,241914403718900,2119800,1905835000,1913669000
43,747,241914440036000,2256600,1942152100,1949986100
43,763,241914476657400,2196600,1978773500,1986607500
43,779,241914511294900,2160200,2013411000,2021245000
43,795,241914567106400,2373500,2069222500,2077056500
43,811,241914603164200,2320300,2105280300,2113114300
43,827,241914639152900,2227000,2141269000,2149103000
43,843,241914675525700,2250700,2177641800,2185475800
43,859,241914711734400,2341900,2213850500,2221684500
43,875,241914747919500,2210000,2250035600,2257869600
43,891,241914782651600,2194800,2284767700,2292601700
43,907,241914816985800,2120200,2319101900,2326935900
43,923,241914851079200,21779200,2353195300,2361029300
43,939,241914909212600,2122600,2411328700,2419162700
43,955,241914945077600,2196000,2447193700,2455027700
43,971,241914980104600,2194800,2482220700,2490054700
43,987,241915014956900,2150900,2517073000,2524907000
43,1003,241915049999200,2190400,2552115300,2559949300
43,1019,241915085548400,2112900,2587664500,2595498500
43,1035,241915120802500,2358700,2622918600,2630752600
43,1051,241915156242600,2279100,2658358700,2666192700
43,1067,241915197558800,2108900,2699674900,2707508900
43,1083,241915232171500,2106300,2734287600,2742121600
43,1099,241915266728100,2089400,2768844200,2776678200
43,1115,241915301045800,2133800,2803161900,2810995900
43,1131,241915335922700,2193500,2838038800,2845872800
43,1147,241915371879200,2157000,2873995300,2881829300
43,1163,241915407150300,2129600,2909266400,2917100400
43,1179,241915441656100,2140400,2943772200,2951606200
43,1195,241915482715600,2320200,2984831700,2992665700
43,1211,241915525479300,3047800,3027595400,3035429400
43,1227,241915573381000,2855500,3075497100,3083331100
43,1243,241915617545500,2737700,3119661600,3127495600
43,1259,241915659968700,2810300,3162084800,3169918800
43,1275,241915703710700,2725700,3205826800,3213660800
43,1291,241915746569700,2627300,3248685800,3256519800
43,1307,241915788931600,2545400,3291047700,3298881700
43,1323,241915831351000,8419200,3333467100,3341301100
43,1339,241915885332600,2738200,3387448700,3395282700
43,1355,241915932303300,2590500,3434419400,3442253400
43,1371,241915979034500,2820100,3481150600,3488984600
43,1387,241916022322100,2564400,3524438200,3532272200
43,1403,241916067691200,2866300,3569807300,3577641300
43,1419,241916113030500,2703100,3615146600,3622980600
43,1435,241916157743600,2837000,3659859700,3667693700
43,1451,241916207025200,3223500,3709141300,3716975300
43,1467,241916257592800,2784700,3759708900,3767542900
43,1483,241916305679300,2601900,3807795400,3815629400
43,1499,241916352479500,2847800,3854595600,3862429600
43,1515,241916401394500,2938300,3903510600,3911344600
43,1531,241916452141500,2797400,3954257600,3962091600
43,1547,241916503783300,3020500,4005899400,4013733400
43,1563,241916555092600,4370800,4057208700,4065042700
43,1579,241916608714700,2793300,4110830800,4118664800
43,1595,241916667633700,3086300,4169749800,4177583800
43,1611,241916717398500,3134500,4219514600,4227348600
43,1627,241916768175000,4019400,4270291100,4278125100
43,1643,241916823075400,2833300,4325191500,4333025500
43,1659,241916873892200,3272200,4376008300,4383842300
43,1675,241916927540300,3211400,4429656400,4437490400
43,1691,241916985555500,3665200,4487671600,4495505600
43,1707,241917042192800,3103500,4544308900,4552142900
43,1723,241917095181400,9458500,4597297500,4605131500
43,1739,241917161671100,3135900,4663787200,4671621200
43,1755,241917214057700,3239000,4716173800,4724007800
43,1771,241917261819600,3111200,4763935700,4771769700
43,1787,241917311044500,2738600,4813160600,4820994600
43,1803,241917362409300,3636500,4864525400,4872359400
43,1819,241917412607100,3647700,4914723200,4922557200
43,1835,241917465888900,3075700,4968005000,4975839000
43,1851,241917517838100,3181400,5019954200,5027788200
43,1867,241917575929800,3011800,5078045900,5085879900
43,1883,241917624866700,3050800,5126982800,5134816800
43,1899,241917677271100,3017400,5179387200,5187221200
43,1915,241917729972000,2887100,5232088100,5239922100
43,1931,241917779938100,3136900,5282054200,5289888200
43,1947,241917831538300,3032200,5333654400,5341488400
43,1963,241917880624300,4147500,5382740400,5390574400
43,1979,241917930285900,3124800,5432402000,5440236000
43,1995,241917986414400,2866500,5488530500,5496364500
43,2011,241918033525500,3032500,5535641600,5543475600
43,2027,241918084343000,3506700,5586459100,5594293100
43,2043,241918139476500,2682300,5641592600,5649426600
44,12,241912667112000,2486400,169228100,177062100
44,28,241912704333600,2177800,206449700,214283700
44,44,241912743596200,2233700,245712300,253546300
44,60,241912778642000,2338000,280758100,288592100
44,76,241912815244800,2309000,317360900,325194900
44,92,241912851485300,2291300,353601400,361435400
44,108,241912890412200,2448400,392528300,400362300
44,124,241912929600100,25824600,431716200,439550200
44,140,241913004879800,2300100,506995900,514829900
44,156,241913042189200,2469900,544305300,552139300
44,172,241913079421400,2207900,581537500,589371500
44,188,241913121412700,2842700,623528800,631362800
44,204,241913157715000,2250600,659831100,667665100
44,220,241913193834000,2287100,695950100,703784100
44,236,241913230089500,2159800,732205600,740039600
44,252,241913264490100,2124400,766606200,774440200
44,268,241913318244100,2207500,820360200,828194200
44,284,241913353589800,2214300,855705900,863539900
44,300,241913390744900,2292100,892861000,900695000
44,316,241913431050700,2325300,933166800,941000800
44,332,241913466363600,2180400,968479700,976313700
44,348,241913501556100,2148600,1003672200,1011506200
44,364,241913537879300,2306400,1039995400,1047829400
44,380,241913573918900,2098200,1076035000,1083869000
44,396,241913627003900,2116400,1129120000,1136954000
44,412,241913661728400,2407500,1163844500,1171678500
44,428,241913697950300,2219500,1200066400,1207900400
44,444,241913733982700,2268800,1236098800,1243932800
44,460,241913769067600,2209500,1271183700,1279017700
44,476,241913804690200,2220400,1306806300,1314640300
44,492,241913843060600,2253700,1345176700,1353010700
44,508,241913878894600,2279900,1381010700,1388844700
44,524,241913934491100,2148800,1436607200,1444441200
44,540,241913969206700,2063800,1471322800,1479156800
44,556,241914003252900,2124400,1505369000,1513203000
44,572,241914038879000,2158300,1540995100,1548829100
44,588,241914074848400,2207300,1576964500,1584798500
44,604,241914108943600,2104000,1611059700,1618893700
44,620,241914142980700,2160200,1645096800,1652930800
44,636,241914177039300,2112300,1679155400,1686989400
44,652,241914211176200,2106300,1713292300,1721126300
44,668,241914264170700,1867300,1766286800,1774120800
44,684,241914303999600,2197600,1806115700,1813949700
44,700,241914340247400,2142900,1842363500,1850197500
44,716,241914374051700,2072700,1876167800,1884001800
44,732,241914407834600,2132500,1909950700,1917784700
44,748,241914443926500,2249700,1946042600,1953876600
44,764,241914480603200,2143100,1982719300,1990553300
44,780,241914515212800,2196400,2017328900,2025162900
44,796,241914571134400,2277200,2073250500,2081084500
44,812,241914607181600,2213700,2109297700,2117131700
44,828,241914643147800,2126900,2145263900,2153097900
44,844,241914679707800,2176700,2181823900,2189657900
44,860,241914717255100,2237100,2219371200,2227205200
44,876,241914753272200,2143900,2255388300,2263222300
44,892,241914787721100,2120600,2289837200,2297671200
44,908,241914821943900,2124300,2324060000,2331894000
44,924,241914878086500,3495000,2380202600,2388036600
44,940,241914914152900,2173700,2416269000,2424103000
44,956,241914950227900,2207900,2452344000,2460178000
44,972,241914985057700,2115700,2487173800,2495007800
44,988,241915019836400,2159700,2521952500,2529786500
44,1004,241915055383800,2340000,2557499900,2565333900
44,1020,241915090568400,2132500,2592684500,2600518500
44,1036,241915125874900,2277200,2627991000,2635825000
44,1052,241915161132300,2240600,2663248400,2671082400
44,1068,241915202341500,2313700,2704457600,2712291600
44,1084,241915236863800,2134600,2738979900,2746813900
44,1100,241915271335800,2143300,2773451900,2781285900
44,1116,241915305640000,2151600,2807756100,2815590100
44,1132,241915340681300,2273400,2842797400,2850631400
44,1148,241915376539300,2197500,2878655400,2886489400
44,1164,241915411473300,2159200,2913589400,2921423400
44,1180,241915446076400,2177800,2948192500,2956026500
44,1196,241915487262000,2248900,2989378100,2997212100
44,1212,241915531493500,3692700,3033609600,3041443600
44,1228,241915578862100,2887000,3080978200,3088812200
44,1244,241915623089000,2680700,3125205100,3133039100
44,1260,241915665665000,2872000,3167781100,3175615100
44,1276,241915709459000,2675900,3211575100,3219409100
44,1292,241915751796400,2453300,3253912500,3261746500
44,1308,241915794092900,2531700,3296209000,3304043000
44,1324,241915842636000,2872800,3344752100,3352586100
44,1340,241915890869300,2767000,3392985400,3400819400
44,1356,241915937547100,2708600,3439663200,3447497200
44,1372,241915984630100,2735300,3486746200,3494580200
44,1388,241916027456100,2526600,3529572200,3537406200
44,1404,241916072832100,3061100,3574948200,3582782200
44,1420,241916117852500,2744000,3619968600,3627802600
44,1436,241916162795700,2844600,3664911800,3672745800
44,1452,241916212285000,2821000,3714401100,3722235100
44,1468,241916262363300,2735400,3764479400,3772313400
44,1484,241916310174600,3035600,3812290700,3820124700
44,1500,241916357424300,2830900,3859540400,3867374400
44,1516,241916406507300,3262100,3908623400,3916457400
44,1532,241916457220500,3157000,3959336600,3967170600
44,1548,241916509125800,3575200,4011241900,4019075900
44,1564,241916562560500,3459800,4064676600,4072510600
44,1580,241916612890000,2726200,4115006100,4122840100
44,1596,241916672214300,3159800,4174330400,4182164400
44,1612,241916721889000,2908900,4224005100,4231839100
44,1628,241916774134700,3797500,4276250800,4284084800
44,1644,241916827696900,3428200,4329813000,4337647000
44,1660,241916879546600,2992300,4381662700,4389496700
44,1676,241916932875200,3363800,4434991300,4442825300
44,1692,241916991274200,4291100,4493390300,4501224300
44,1708,241917047319900,4386200,4549436000,4557270000
44,1724,241917107436000,4078300,4609552100,4617386100
44,1740,241917166814600,3330500,4668930700,4676764700
44,1756,241917219160300,3305100,4721276400,4729110400
44,1772,241917267697600,3083800,4769813700,4777647700
44,1788,241917316891600,3249300,4819007700,4826841700
44,1804,241917368956600,2942100,4871072700,4878906700
44,1820,241917419276000,3458000,4921392100,4929226100
44,1836,241917471834700,3292500,4973950800,4981784800
44,1852,241917524036400,3633500,5026152500,5033986500
44,1868,241917581399800,3312200,5083515900,5091349900
44,1884,241917630162500,3109000,5132278600,5140112600
44,1900,241917682721900,3332100,5184838000,5192672000
44,1916,241917735046500,3220300,5237162600,5244996600
44,1932,241917785398400,3638700,5287514500,5295348500
44,1948,241917836765500,3152600,5338881600,5346715600
44,1964,241917887156500,2997200,5389272600,5397106600
44,1980,241917935674900,2834000,5437791000,5445625000
44,1996,241917991462600,3108900,5493578700,5501412700
44,2012,241918039096600,3074200,5541212700,5549046700
44,2028,241918090348900,2978400,5592465000,5600299000
44,2044,241918145002000,3919200,5647118100,5654952100
45,13,241912669378500,2275700,171494600,179328600
45,29,241912706195200,2169300,208311300,216145300
45,45,241912745709000,2235200,247825100,255659100
45,61,241912780884200,2312200,283000300,290834300
45,77,241912817433500,2277500,319549600,327383600
45,93,241912853587600,2240300,355703700,363537700
45,109,241912892763400,2461000,394879500,402713500
45,125,241912955281200,4147400,457397300,465231300
45,141,241913006025900,2287500,508142000,515976000
45,157,241913043448800,2527500,545564900,553398900
45,173,241913080737700,2079700,582853800,590687800
45,189,241913122887700,2424500,625003800,632837800
45,205,241913158727400,2164300,660843500,668677500
45,221,241913194971000,2215900,697087100,704921100
45,237,241913231225500,2202000,733341600,741175600
45,253,241913265645500,2360600,767761600,775595600
45,269,241913319391900,2217800,821508000,829342000
45,285,241913354729200,2179700,856845300,864679300
45,301,241913391895400,2257700,894011500,901845500
45,317,241913430327200,2267800,932443300,940277300
45,333,241913465632300,2125600,967748400,975582400
45,349,241913500831700,2113600,1002947800,1010781800
45,365,241913536834100,2194000,1038950200,1046784200
45,381,241913572960900,2054400,1075077000,1082911000
45,397,241913626060400,2127200,1128176500,1136010500
45,413,241913660714800,2400100,1162830900,1170664900
45,429,241913696913300,2246700,1199029400,1206863400
45,445,241913732953300,2253700,1235069400,1242903400
45,461,241913768046600,2192900,1270162700,1277996700
45,477,241913803535400,2247800,1305651500,1313485500
45,493,241913839460700,2543000,1341576800,1349410800
45,509,241913875659900,2141600,1377776000,1385610000
45,525,241913931259800,2146300,1433375900,1441209900
45,541,241913966083500,2105500,1468199600,1476033600
45,557,241913999958900,2101400,1502075000,1509909000
45,573,241914035558300,2126100,1537674400,1545508400
45,589,241914071382400,2237500,1573498500,1581332500
45,605,241914105636500,2089100,1607752600,1615586600
45,621,241914139592200,2168300,1641708300,1649542300
45,637,241914173701600,2126000,1675817700,1683651700
45,653,241914207806500,2168000,1709922600,1717756600
45,669,241914260851600,2112700,1762967700,1770801700
45,685,241914302268000,2233100,1804384100,1812218100
45,701,241914338380200,2172900,1840496300,1848330300
45,717,241914372231400,2122200,1874347500,1882181500
45,733,241914406041100,2139100,1908157200,1915991200
45,749,241914442113300,2229400,1944229400,1952063400
45,765,241914478800400,2137100,1980916500,1988750500
45,781,241914513392100,2190600,2015508200,2023342200
45,797,241914569524400,2266000,2071640500,2079474500
45,813,241914605580500,2211500,2107696600,2115530600
45,829,241914641452500,2229300,2143568600,2151402600
45,845,241914677811000,2322500,2179927100,2187761100
45,861,241914715182200,2272300,2217298300,2225132300
45,877,241914751197400,2317900,2253313500,2261147500
45,893,241914785806100,2144900,2287922200,2295756200
45,909,241914820032900,2139100,2322149000,2329983000
45,925,241914873958800,4605300,2376074900,2383908900
45,941,241914912266600,2128800,2414382700,2422216700
45,957,241914948264600,2241000,2450380700,2458214700
45,973,241914983208200,2110600,2485324300,2493158300
45,989,241915018023500,2135500,2520139600,2527973600
45,1005,241915053274100,2413200,2555390200,2563224200
45,1021,241915088704900,2124400,2590821000,2598655000
45,1037,241915124241600,2262000,2626357700,2634191700
45,1053,241915159512200,2215100,2661628300,2669462300
45,1069,241915200700500,2297700,2702816600,2710650600
45,1085,241915235378600,2132300,2737494700,2745328700
45,1101,241915269934700,2163000,2772050800,2779884800
45,1117,241915304256300,2136500,2806372400,2814206400
45,1133,241915339319400,2220200,2841435500,2849269500
45,1149,241915375181100,2234800,2877297200,2885131200
45,1165,241915410373900,2139800,2912490000,2920324000
45,1181,241915444927000,2153600,2947043100,2954877100
45,1197,241915486253500,2272300,2988369600,2996203600
45,1213,241915530195800,2943100,3032311900,3040145900
45,1229,241915577418800,2547700,3079534900,3087368900
45,1245,241915621372400,2671300,3123488500,3131322500
45,1261,241915663897700,2874300,3166013800,3173847800
45,1277,241915707669500,2754000,3209785600,3217619600
45,1293,241915750199500,2444400,3252315600,3260149600
45,1309,241915792494800,2527100,3294610900,3302444900
45,1325,241915840820900,2971400,3342937000,3350771000
45,1341,241915889120200,2782300,3391236300,3399070300
45,1357,241915935890400,2657900,3438006500,3445840500
45,1373,241915982903500,2745200,3485019600,3492853600
45,1389,241916025855000,2533400,3527971100,3535805100
45,1405,241916071611500,3078200,3573727600,3581561600
45,1421,241916116724600,2793700,3618840700,3626674700
45,1437,241916161624600,2854500,3663740700,3671574700
45,1453,241916211217700,2823800,3713333800,3721167800
45,1469,241916261320900,2709600,3763437000,3771271000
45,1485,241916309164300,2854100,3811280400,3819114400
45,1501,241916356267900,2893900,3858384000,3866218000
45,1517,241916405348600,3221500,3907464700,3915298700
45,1533,241916455825100,3266100,3957941200,3965775200
45,1549,241916507760700,3706200,4009876800,4017710800
45,1565,241916560950000,3968000,4063066100,4070900100
45,1581,241916611928300,2753600,4114044400,4121878400
45,1597,241916671061600,3179600,4173177700,4181011700
45,1613,241916720781000,2903100,4222897100,4230731100
45,1629,241916772395300,3856300,4274511400,4282345400
45,1645,241916826128100,3157700,4328244200,4336078200
45,1661,241916877318200,3424800,4379434300,4387268300
45,1677,241916930890500,3375200,4433006600,4440840600
45,1693,241916989335700,3038100,4491451800,4499285800
45,1709,241917045468600,3027900,4547584700,4555418700
45,1725,241917104790000,4221100,4606906100,4614740100
45,1741,241917164962200,3333300,4667078300,4674912300
45,1757,241917217506500,3098000,4719622600,4727456600
45,1773,241917265666000,3337800,4767782100,4775616100
45,1789,241917314545000,3697100,4816661100,4824495100
45,1805,241917366924700,3047000,4869040800,4876874800
45,1821,241917416989500,3189900,4919105600,4926939600
45,1837,241917469629100,3303700,4971745200,4979579200
45,1853,241917521706200,3483700,5023822300,5031656300
45,1869,241917579253300,3157800,5081369400,5089203400
45,1885,241917627965400,3166700,5130081500,5137915500
45,1901,241917680416500,3512800,5182532600,5190366600
45,1917,241917732957800,3235700,5235073900,5242907900
45,1933,241917783169700,3335000,5285285800,5293119800
45,1949,241917834617000,3043600,5336733100,5344567100
45,1965,241917885046500,3109300,5387162600,5394996600
45,1981,241917933674700,2989400,5435790800,5443624800
45,1997,241917989699400,2766400,5491815500,5499649500
45,2013,241918037078700,3113500,5539194800,5547028800
45,2029,241918088416400,3024000,5590532500,5598366500
45,2045,241918142548200,3546300,5644664300,5652498300
46,14,241912671809800,2303500,173925900,181759900
46,30,241912708496100,2300300,210612200,218446200
46,46,241912747873500,2320400,249989600,257823600
46,62,241912783353100,2246300,285469200,293303200
46,78,241912820134100,2252400,322250200,330084200
46,94,241912856201600,2232900,358317700,366151700
46,110,241912895396700,2408800,397512800,405346800
46,126,241912959831400,3613600,461947500,469781500
46,142,241913009067000,2232800,511183100,519017100
46,158,241913046858300,2255200,548974400,556808400
46,174,241913083447600,3469900,585563700,593397700
46,190,241913126021000,2276300,628137100,635971100
46,206,241913161544500,2308100,663660600,671494600
46,222,241913197832000,2412600,699948100,707782100
46,238,241913233965400,2099600,736081500,743915500
46,254,241913268654500,2238100,770770600,778604600
46,270,241913322251100,2184500,824367200,832201200
46,286,241913357607200,2137000,859723300,867557300
46,302,241913394909600,2171200,897025700,904859700
46,318,241913435781400,2224700,937897500,945731500
46,334,241913470755600,2187800,972871700,980705700
46,350,241913505922400,2205300,1008038500,1015872500
46,366,241913542230100,2151100,1044346200,1052180200
46,382,241913577964900,2152300,1080081000,1087915000
46,398,241913631079600,2200000,1133195700,1141029700
46,414,241913666284000,2300100,1168400100,1176234100
46,430,241913702021200,2175000,1204137300,1211971300
46,446,241913738413400,2163200,1240529500,1248363500
46,462,241913773205200,2086900,1275321300,1283155300
46,478,241913808788900,2374100,1310905000,1318739000
46,494,241913846015900,2318300,1348132000,1355966000
46,510,241913881941700,2235700,1384057800,1391891800
46,526,241913937407200,2095100,1439523300,1447357300
46,542,241913972102200,2164300,1474218300,1482052300
46,558,241914006132200,2546100,1508248300,1516082300
46,574,241914041816200,2205500,1543932300,1551766300
46,590,241914077691200,2287100,1579807300,1587641300
46,606,241914111607700,2112700,1613723800,1621557800
46,622,241914145716400,2139600,1647832500,1655666500
46,638,241914179740000,2128400,1681856100,1689690100
46,654,241914213846800,2124100,1715962900,1723796900
46,670,241914268169200,4595000,1770285300,1778119300
46,686,241914307611600,2300700,1809727700,1817561700
46,702,241914343702200,2101300,1845818300,1853652300
46,718,241914377413300,2147100,1879529400,1887363400
46,734,241914411306300,2132000,1913422400,1921256400
46,750,241914447812500,2306300,1949928600,1957762600
46,766,241914484286800,2167200,1986402900,1994236900
46,782,241914518957500,2145800,2021073600,2028907600
46,798,241914575281300,2248400,2077397400,2085231400
46,814,241914611232300,2213900,2113348400,2121182400
46,830,241914646985600,2166800,2149101700,2156935700
46,846,241914683739300,2169500,2185855400,2193689400
46,862,241914720713200,2220400,2222829300,2230663300
46,878,241914756622700,2167800,2258738800,2266572800
46,894,241914791071300,2126100,2293187400,2301021400
46,910,241914825254200,2116500,2327370300,2335204300
46,926,241914882967400,2292300,2385083500,2392917500
46,942,241914917467800,2540000,2419583900,2427417900
46,958,241914953567800,2205400,2455683900,2463517900
46,974,241914988358600,2107800,2490474700,2498308700
46,990,241915023225600,2225600,2525341700,2533175700
46,1006,241915059091700,2262900,2561207800,2569041800
46,1022,241915093955900,2131400,2596072000,2603906000
46,1038,241915130271500,2215100,2632387600,2640221600
46,1054,241915165364400,2385000,2667480500,2675314500
46,1070,241915206691700,2207800,2708807800,2716641800
46,1086,241915240978300,2127400,2743094400,2750928400
46,1102,241915275552100,2136600,2777668200,2785502200
46,1118,241915309904200,2128000,2812020300,2819854300
46,1134,241915345410000,2286200,2847526100,2855360100
46,1150,241915381080900,2235700,2883197000,2891031000
46,1166,241915416125400,2251000,2918241500,2926075500
46,1182,241915450709900,2153300,2952826000,2960660000
46,1198,241915492044100,2312300,2994160200,3001994200
46,1214,241915537571500,2839100,3039687600,3047521600
46,1230,241915584302200,2754300,3086418300,3094252300
46,1246,241915628098600,2608200,3130214700,3138048700
46,1262,241915670982400,2691900,3173098500,3180932500
46,1278,241915714623400,2720200,3216739500,3224573500
46,1294,241915756760100,2635400,3258876200,3266710200
46,1310,241915798960500,2706000,3301076600,3308910600
46,1326,241915848107200,2771400,3350223300,3358057300
46,1342,241915895765900,3854200,3397882000,3405716000
46,1358,241915942651400,2642700,3444767500,3452601500
46,1374,241915989695400,2584000,3491811500,3499645500
46,1390,241916032336300,2639800,3534452400,3542286400
46,1406,241916078810000,2734700,3580926100,3588760100
46,1422,241916123441800,2684300,3625557900,3633391900
46,1438,241916168661200,2844900,3670777300,3678611300
46,1454,241916217904600,2614600,3720020700,3727854700
46,1470,241916267988900,2715100,3770105000,3777939000
46,1486,241916316454500,3032100,3818570600,3826404600
46,1502,241916363169600,2943600,3865285700,3873119700
46,1518,241916412737200,2842500,3914853300,3922687300
46,1534,241916463709100,3635200,3965825200,3973659200
46,1550,241916516020700,3893300,4018136800,4025970800
46,1566,241916569355600,3341300,4071471700,4079305700
46,1582,241916618314100,2945900,4120430200,4128264200
46,1598,241916678456800,3061900,4180572900,4188406900
46,1614,241916727576500,2873200,4229692600,4237526600
46,1630,241916780990200,3269200,4283106300,4290940300
46,1646,241916833589200,3041700,4335705300,4343539300
46,1662,241916885125100,3260100,4387241200,4395075200
46,1678,241916938852500,3634700,4440968600,4448802600
46,1694,241916998053300,2563200,4500169400,4508003400
46,1710,241917054405900,3093400,4556522000,4564356000
46,1726,241917115052500,3175600,4617168600,4625002600
46,1742,241917173316400,3013200,4675432500,4683266500
46,1758,241917225253300,2821600,4727369400,4735203400
46,1774,241917273468500,3039100,4775584600,4783418600
46,1790,241917323282900,3401000,4825399000,4833233000
46,1806,241917374518500,3210300,4876634600,4884468600
46,1822,241917425456700,3077400,4927572800,4935406800
46,1838,241917478069200,3271600,4980185300,4988019300
46,1854,241917530596700,3436000,5032712800,5040546800
46,1870,241917587394200,2836000,5089510300,5097344300
46,1886,241917635894000,3013400,5138010100,5145844100
46,1902,241917688641000,3246800,5190757100,5198591100
46,1918,241917740946900,2808100,5243063000,5250897000
46,1934,241917791846200,3282100,5293962300,5301796300
46,1950,241917842695200,3350700,5344811300,5352645300
46,1966,241917892454000,2693600,5394570100,5402404100
46,1982,241917940854600,2970600,5442970700,5450804700
46,1998,241917996977200,2473400,5499093300,5506927300
46,2014,241918044990600,3174600,5547106700,5554940700
46,2030,241918095939800,3424100,5598055900,5605889900
46,2046,241918152280200,3810300,5654396300,5662230300
47,15,241912674217400,2341000,176333500,184167500
47,31,241912710985200,2385900,213101300,220935300
47,47,241912750440100,2165500,252556200,260390200
47,63,241912785693700,2259500,287809800,295643800
47,79,241912822353200,2220000,324469300,332303300
47,95,241912858350300,2283600,360466400,368300400
47,111,241912897872000,2333600,399988100,407822100
47,127,241912963615000,3018200,465731100,473565100
47,143,241913010311200,2171600,512427300,520261300
47,159,241913048170800,2116700,550286900,558120900
47,175,241913085341800,3472600,587457900,595291900
47,191,241913127222400,2316400,629338500,637172500
47,207,241913162643300,2428300,664759400,672593400
47,223,241913199295900,2325500,701412000,709246000
47,239,241913235225700,2142100,737341800,745175800
47,255,241913269931700,2129000,772047800,779881800
47,271,241913323565100,2188700,825681200,833515200
47,287,241913358900100,2189700,861016200,868850200
47,303,241913396196100,2221900,898312200,906146200
47,319,241913434426800,2245200,936542900,944376900
47,335,241913469577200,2113300,971693300,979527300
47,351,241913504792200,2205700,1006908300,1014742300
47,367,241913541207500,2168000,1043323600,1051157600
47,383,241913577079000,2168400,1079195100,1087029100
47,399,241913630178200,2125400,1132294300,1140128300
47,415,241913665319700,2304100,1167435800,1175269800
47,431,241913701158400,2143200,1203274500,1211108500
47,447,241913737286200,2327700,1239402300,1247236300
47,463,241913772294300,2132800,1274410400,1282244400
47,479,241913807887800,2378100,1310003900,1317837900
47,495,241913844119300,2291800,1346235400,1354069400
47,511,241913879660000,2340400,1381776100,1389610100
47,527,241913935222200,2124100,1437338300,1445172300
47,543,241913969894800,2056400,1472010900,1479844900
47,559,241914004076300,2375100,1506192400,1514026400
47,575,241914039798000,2167100,1541914100,1549748100
47,591,241914075690600,2206000,1577806700,1585640700
47,607,241914109693000,2111000,1611809100,1619643100
47,623,241914143762700,2158700,1645878800,1653712800
47,639,241914177805100,2131900,1679921200,1687755200
47,655,241914211935100,2110600,1714051200,1721885200
47,671,241914265021900,5747600,1767138000,1774972000
47,687,241914306885200,2278000,1809001300,1816835300
47,703,241914342977700,2088000,1845093800,1852927800
47,719,241914376669300,2127100,1878785400,1886619400
47,735,241914410558000,2116800,1912674100,1920508100
47,751,241914446980200,2192100,1949096300,1956930300
47,767,241914483390500,2188700,1985506600,1993340600
47,783,241914518066500,2135300,2020182600,2028016600
47,799,241914574365600,2227500,2076481700,2084315700
47,815,241914610357500,2214300,2112473600,2120307600
47,831,241914646190500,2147000,2148306600,2156140600
47,847,241914682854600,2165300,2184970700,2192804700
47,863,241914719890100,2218100,2222006200,2229840200
47,879,241914755839500,2170800,2257955600,2265789600
47,895,241914790257900,2138200,2292374000,2300208000
47,911,241914824444000,2113700,2326560100,2334394100
47,927,241914882074500,2309300,2384190600,2392024600
47,943,241914916692800,2422000,2418808900,2426642900
47,959,241914952789100,2206700,2454905200,2462739200
47,975,241914987525600,2117700,2489641700,2497475700
47,991,241915022441000,2195900,2524557100,2532391100
47,1007,241915058153700,2297200,2560269800,2568103800
47,1023,241915093098400,2125100,2595214500,2603048500
47,1039,241915129202400,2260700,2631318500,2639152500
47,1055,241915164336900,2336100,2666453000,2674287000
47,1071,241915205553500,2174600,2707669600,2715503600
47,1087,241915239958200,2107300,2742074300,2749908300
47,1103,241915274531700,2107200,2776647800,2784481800
47,1119,241915308894500,2108000,2811010600,2818844600
47,1135,241915344223400,2366900,2846339500,2854173500
47,1151,241915379978800,2158900,2882094900,2889928900
47,1167,241915414971700,2159200,2917087800,2924921800
47,1183,241915449560700,2140400,2951676800,2959510800
47,1199,241915491205800,2188800,2993321900,3001155900
47,1215,241915536594400,2748200,3038710500,3046544500
47,1231,241915583241700,2778100,3085357800,3093191800
47,1247,241915627150100,2573100,3129266200,3137100200
47,1263,241915670023200,2589100,3172139300,3179973300
47,1279,241915713701200,2705600,3215817300,3223651300
47,1295,241915755858000,2583800,3257974100,3265808100
47,1311,241915798134600,2590400,3300250700,3308084700
47,1327,241915847145600,2771500,3349261700,3357095700
47,1343,241915894930900,2607000,3397047000,3404881000
47,1359,241915941777500,2592100,3443893600,3451727600
47,1375,241915988779800,2604600,3490895900,3498729900
47,1391,241916031422900,2574500,3533539000,3541373000
47,1407,241916078006100,2747300,3580122200,3587956200
47,1423,241916122605100,2745600,3624721200,3632555200
47,1439,241916167838900,2851100,3669955000,3677789000
47,1455,241916217241800,2590800,3719357900,3727191900
47,1471,241916267306400,2706200,3769422500,3777256500
47,1487,241916315674700,3013700,3817790800,3825624800
47,1503,241916362482400,2901100,3864598500,3872432500
47,1519,241916412052700,2743200,3914168800,3922002800
47,1535,241916462869300,3704000,3964985400,3972819400
47,1551,241916515217500,3886400,4017333600,4025167600
47,1567,241916568667300,3306200,4070783400,4078617400
47,1583,241916617756300,2963400,4119872400,4127706400
47,1599,241916677903700,3162100,4180019800,4187853800
47,1615,241916727161300,2862300,4229277400,4237111400
47,1631,241916780627000,3289100,4282743100,4290577100
47,1647,241916833236800,3046200,4335352900,4343186900
47,1663,241916884696000,3258400,4386812100,4394646100
47,1679,241916938455700,3545900,4440571800,4448405800
47,1695,241916997453900,2698300,4499570000,4507404000
47,1711,241917053670300,2981100,4555786400,4563620400
47,1727,241917113971500,3238900,4616087600,4623921600
47,1743,241917172526600,3134200,4674642700,4682476700
47,1759,241917224647500,2834300,4726763600,4734597600
47,1775,241917272928100,3022700,4775044200,4782878200
47,1791,241917322693900,3470100,4824810000,4832644000
47,1807,241917373793400,3168400,4875909500,4883743500
47,1823,241917424994400,3064300,4927110500,4934944500
47,1839,241917477516700,3219300,4979632800,4987466800
47,1855,241917530002700,3469400,5032118800,5039952800
47,1871,241917586980300,2928000,5089096400,5096930400
47,1887,241917635498700,2956100,5137614800,5145448800
47,1903,241917688203100,3309700,5190319200,5198153200
47,1919,241917740487700,2842600,5242603800,5250437800
47,1935,241917791357200,3257600,5293473300,5301307300
47,1951,241917841840900,3246900,5343957000,5351791000
47,1967,241917891773600,2703100,5393889700,5401723700
47,1983,241917940129000,2940800,5442245100,5450079100
47,1999,241917996291200,2538000,5498407300,5506241300
47,2015,241918044180700,3210200,5546296800,5554130800
47,2031,241918095154400,3403300,5597270500,5605104500
47,2047,241918151355200,3662500,5653471300,5661305300
48,0,241912630749600,7234900,132865700,140699700
48,16,241912676498700,2249600,178614800,186448800
48,32,241912713316700,2294900,215432800,223266800
48,48,241912752458700,2216100,254574800,262408800
48,64,241912787768500,2348800,289884600,297718600
48,80,241912824302900,2230800,326419000,334253000
48,96,241912860394300,2358900,362510400,370344400
48,112,241912899944900,2317400,402061000,409895000
48,128,241912966411600,2864300,468527700,476361700
48,144,241913014893100,2575900,517009200,524843200
48,160,241913052073900,2102800,554190000,562024000
48,176,241913091860300,3397600,593976400,601810400
48,192,241913131414100,2156600,633530200,641364200
48,208,241913167257400,2322400,669373500,677207500
48,224,241913203589100,2515300,705705200,713539200
48,240,241913239189400,2076800,741305500,749139500
48,256,241913292328600,2361400,794444700,802278700
48,272,241913327499300,2146100,829615400,837449400
48,288,241913363047700,2540900,865163800,872997800
48,304,241913400061600,2168500,902177700,910011700
48,320,241913438108800,2203400,940224900,948058900
48,336,241913473046300,2412800,975162400,982996400
48,352,241913508328300,2128300,1010444400,1018278400
48,368,241913544539900,2180900,1046656000,1054490000
48,384,241913580301800,2068600,1082417900,1090251900
48,400,241913633470200,2108800,1135586300,1143420300
48,416,241913668734700,2312800,1170850800,1178684800
48,432,241913704411300,2420100,1206527400,1214361400
48,448,241913740706700,2206400,1242822800,1250656800
48,464,241913775357200,2187200,1277473300,1285307300
48,480,241913811201400,2190600,1313317500,1321151500
48,496,241913848217800,2319900,1350333900,1358167900
48,512,241913883817000,2236400,1385933100,1393767100
48,528,241913939115600,2075500,1441231700,1449065700
48,544,241913973704000,2117900,1475820100,1483654100
48,560,241914008113300,2296300,1510229400,1518063400
48,576,241914043567300,2175400,1545683400,1553517400
48,592,241914079659200,2222800,1581775300,1589609300
48,608,241914113435000,2118900,1615551100,1623385100
48,624,241914147567900,2144200,1649684000,1657518000
48,640,241914181552800,2155900,1683668900,1691502900
48,656,241914215657500,20666500,1717773600,1725607600
48,672,241914268403300,4688200,1770519400,1778353400
48,688,241914308000300,2296500,1810116400,1817950400
48,704,241914343976100,2107500,1846092200,1853926200
48,720,241914377688900,2162500,1879805000,1887639000
48,736,241914411588200,2152000,1913704300,1921538300
48,752,241914448104400,2325400,1950220500,1958054500
48,768,241914484588200,2138900,1986704300,1994538300
48,784,241914519218400,2145700,2021334500,2029168500
48,800,241914575405300,2248200,2077521400,2085355400
48,816,241914611352600,2206500,2113468700,2121302700
48,832,241914647128900,2165000,2149245000,2157079000
48,848,241914683828900,2163700,2185945000,2193779000
48,864,241914720822600,2230000,2222938700,2230772700
48,880,241914756742200,2172600,2258858300,2266692300
48,896,241914791183500,2128200,2293299600,2301133600
48,912,241914825340800,2115600,2327456900,2335290900
48,928,241914883055700,2294700,2385171800,2393005800
48,944,241914917649000,2559100,2419765100,2427599100
48,960,241914953693100,2197000,2455809200,2463643200
48,976,241914988446500,2105900,2490562600,2498396600
48,992,241915023304800,2304300,2525420900,2533254900
48,1008,241915059122500,2265100,2561238600,2569072600
48,1024,241915093984500,2134900,2596100600,2603934600
48,1040,241915130493400,2225200,2632609500,2640443500
48,1056,241915165560500,2366200,2667676600,2675510600
48,1072,241915206890600,2215300,2709006700,2716840700
48,1088,241915241177300,2130900,2743293400,2751127400
48,1104,241915275667900,2132400,2777784000,2785618000
48,1120,241915310014900,2132400,2812131000,2819965000
48,1136,241915345441800,2288800,2847557900,2855391900
48,1152,241915381000600,2178900,2883116700,2890950700
48,1168,241915415865100,2231500,2917981200,2925815200
48,1184,241915450445500,2148600,2952561600,2960395600
48,1200,241915491730800,2258400,2993846900,3001680900
48,1216,241915536926900,2764400,3039043000,3046877000
48,1232,241915583547700,2793000,3085663800,3093497800
48,1248,241915627421700,2601200,3129537800,3137371800
48,1264,241915670223700,2594200,3172339800,3180173800
48,1280,241915713868000,2710400,3215984100,3223818100
48,1296,241915756051800,2587600,3258167900,3266001900
48,1312,241915798277500,2633100,3300393600,3308227600
48,1328,241915847354300,2781100,3349470400,3357304400
48,1344,241915895070500,2691500,3397186600,3405020600
48,1360,241915941969700,2595000,3444085800,3451919800
48,1376,241915989023400,2599600,3491139500,3498973500
48,1392,241916031670500,2582300,3533786600,3541620600
48,1408,241916078190600,2745000,3580306700,3588140700
48,1424,241916122797800,2739000,3624913900,3632747900
48,1440,241916168024800,2853700,3670140900,3677974900
48,1456,241916217447800,2602000,3719563900,3727397900
48,1472,241916267502300,2721700,3769618400,3777452400
48,1488,241916315902800,3019300,3818018900,3825852900
48,1504,241916362759400,2873400,3864875500,3872709500
48,1520,241916412254800,2781700,3914370900,3922204900
48,1536,241916463070500,3683700,3965186600,3973020600
48,1552,241916515389900,3859900,4017506000,4025340000
48,1568,241916568770600,3306100,4070886700,4078720700
48,1584,241916617806700,2958600,4119922800,4127756800
48,1600,241916677970200,3131300,4180086300,4187920300
48,1616,241916727246500,2859700,4229362600,4237196600
48,1632,241916780720500,3275800,4282836600,4290670600
48,1648,241916833378900,3034600,4335495000,4343329000
48,1664,241916884619700,3240200,4386735800,4394569800
48,1680,241916938356700,3348700,4440472800,4448306800
48,1696,241916997236000,2677600,4499352100,4507186100
48,1712,241917053585300,2977100,4555701400,4563535400
48,1728,241917113900700,3383000,4616016800,4623850800
48,1744,241917172295300,3171300,4674411400,4682245400
48,1760,241917224459800,2838900,4726575900,4734409900
48,1776,241917272755200,3002000,4774871300,4782705300
48,1792,241917322429700,3520400,4824545800,4832379800
48,1808,241917373646100,3159000,4875762200,4883596200
48,1824,241917424645800,3104700,4926761900,4934595900
48,1840,241917477295200,3232100,4979411300,4987245300
48,1856,241917529664100,3385500,5031780200,5039614200
48,1872,241917586584700,2958000,5088700800,5096534800
48,1888,241917635184100,2972300,5137300200,5145134200
48,1904,241917687972400,3260600,5190088500,5197922500
48,1920,241917740274500,2879200,5242390600,5250224600
48,1936,241917791158400,3181100,5293274500,5301108500
48,1952,241917841895900,3240500,5344012000,5351846000
48,1968,241917891729700,2706900,5393845800,5401679800
48,1984,241917940087600,2938700,5442203700,5450037700
48,2000,241917996209900,2549400,5498326000,5506160000
48,2016,241918044134300,3215000,5546250400,5554084400
48,2032,241918095070900,3334800,5597187000,5605021000
49,1,241912638023500,2601600,140139600,147973600
49,17,241912678657300,2387300,180773400,188607400
49,33,241912715499800,2094100,217615900,225449900
49,49,241912754619900,2128500,256736000,264570000
49,65,241912790088300,2238100,292204400,300038400
49,81,241912826656000,2205000,328772100,336606100
49,97,241912862848200,2595300,364964300,372798300
49,113,241912902105000,2356900,404221100,412055100
49,129,241912969038700,2822800,471154800,478988800
49,145,241913016416200,2407600,518532300,526366300
49,161,241913053188900,2069100,555305000,563139000
49,177,241913093388100,3439200,595504200,603338200
49,193,241913132445300,2171800,634561400,642395400
49,209,241913168366100,2210100,670482200,678316200
49,225,241913204735000,2544500,706851100,714685100
49,241,241913240197400,2151300,742313500,750147500
49,257,241913293565900,2124300,795682000,803516000
49,273,241913328474000,2212500,830590100,838424100
49,289,241913364300600,2575000,866416700,874250700
49,305,241913401398200,2200800,903514300,911348300
49,321,241913441076800,2379300,943192900,951026900
49,337,241913476310200,2379200,978426300,986260300
49,353,241913511321100,2534900,1013437200,1021271200
49,369,241913547486500,2275300,1049602600,1057436600
49,385,241913583106500,2150900,1085222600,1093056600
49,401,241913636315500,2174500,1138431600,1146265600
49,417,241913671809400,2141100,1173925500,1181759500
49,433,241913707497300,2313500,1209613400,1217447400
49,449,241913743597800,2229500,1245713900,1253547900
49,465,241913778276200,2156100,1280392300,1288226300
49,481,241913814203700,2130200,1316319800,1324153800
49,497,241913852237400,2177600,1354353500,1362187500
49,513,241913887862000,2216700,1389978100,1397812100
49,529,241913942766800,2534200,1444882900,1452716900
49,545,241913977474100,2081800,1479590200,1487424200
49,561,241914012294400,2262800,1514410500,1522244500
49,577,241914047426400,2192200,1549542500,1557376500
49,593,241914083534500,2106100,1585650600,1593484600
49,609,241914117405500,2103800,1619521600,1627355600
49,625,241914151524800,2117100,1653640900,1661474900
49,641,241914185525100,2141800,1687641200,1695475200
49,657,241914238461300,2224500,1740577400,1748411400
49,673,241914276323700,2452200,1778439800,1786273800
49,689,241914312273300,2202800,1814389400,1822223400
49,705,241914348136800,2147900,1850252900,1858086900
49,721,241914381948100,2152900,1884064200,1891898200
49,737,241914415840900,2108100,1917957000,1925791000
49,753,241914453102000,2476700,1955218100,1963052100
49,769,241914489172600,2129300,1991288700,1999122700
49,785,241914523803800,2343300,2025919900,2033753900
49,801,241914580517800,2150500,2082633900,2090467900
49,817,241914616382400,2288600,2118498500,2126332500
49,833,241914652813400,2335400,2154929500,2162763500
49,849,241914688592500,2723100,2190708600,2198542600
49,865,241914725687200,2224500,2227803300,2235637300
49,881,241914761535400,2098000,2263651500,2271485500
49,897,241914795952400,2131200,2298068500,2305902500
49,913,241914830111300,2133800,2332227400,2340061400
49,929,241914888067700,2178300,2390183800,2398017800
49,945,241914923047000,2168500,2425163100,2432997100
49,961,241914958600200,2133800,2460716300,2468550300
49,977,241914993184700,2092900,2495300800,2503134800
49,993,241915028255500,2127300,2530371600,2538205600
49,1009,241915064140800,2240300,2566256900,2574090900
49,1025,241915098740300,2178600,2600856400,2608690400
49,1041,241915135436800,2197900,2637552900,2645386900
49,1057,241915176676900,2255500,2678793000,2686627000
49,1073,241915211675300,2176700,2713791400,2721625400
49,1089,241915245819300,2117100,2747935400,2755769400
49,1105,241915280575400,2187600,2782691500,2790525500
49,1121,241915314723000,2123900,2816839100,2824673100
49,1137,241915350448600,2208700,2852564700,2860398700
49,1153,241915386029200,2226800,2888145300,2895979300
49,1169,241915421140400,2125700,2923256500,2931090500
49,1185,241915455551000,2326700,2957667100,2965501100
49,1201,241915497177200,2287800,2999293300,3007127300
49,1217,241915544308500,2886600,3046424600,3054258600
49,1233,241915590555000,2743100,3092671100,3100505100
49,1249,241915633941300,2580900,3136057400,3143891400
49,1265,241915676759700,4050800,3178875800,3186709800
49,1281,241915720745300,2607900,3222861400,3230695400
49,1297,241915762655300,2656100,3264771400,3272605400
49,1313,241915804966200,2675600,3307082300,3314916300
49,1329,241915854470800,2719200,3356586900,3364420900
49,1345,241915903382600,2673800,3405498700,3413332700
49,1361,241915948621300,2635600,3450737400,3458571400
49,1377,241915995424600,2523300,3497540700,3505374700
49,1393,241916038147600,3160900,3540263700,3548097700
49,1409,241916084689600,2713700,3586805700,3594639700
49,1425,241916129284100,2761500,3631400200,3639234200
49,1441,241916174881300,2776200,3676997400,3684831400
49,1457,241916223969300,8852400,3726085400,3733919400
49,1473,241916274020500,2944500,3776136600,3783970600
49,1489,241916323012100,2767800,3825128200,3832962200
49,1505,241916369846300,4499100,3871962400,3879796400
49,1521,241916419535000,5292500,3921651100,3929485100
49,1537,241916470876500,3051400,3972992600,3980826600
49,1553,241916523406500,3470500,4025522600,4033356600
49,1569,241916576606400,3203700,4078722500,4086556500
49,1585,241916624713400,3776000,4126829500,4134663500
49,1601,241916685358400,2931000,4187474500,4195308500
49,1617,241916733956700,3070100,4236072800,4243906800
49,1633,241916788343800,3766600,4290459900,4298293900
49,1649,241916840726500,3043400,4342842600,4350676600
49,1665,241916892215300,3454900,4394331400,4402165400
49,1681,241916945926700,3281300,4448042800,4455876800
49,1697,241917003913900,4703000,4506030000,4513864000
49,1713,241917060923100,3309100,4563039200,4570873200
49,1729,241917123269400,3332000,4625385500,4633219500
49,1745,241917179433500,3249100,4681549600,4689383600
49,1761,241917230890100,2998400,4733006200,4740840200
49,1777,241917280008800,2760800,4782124900,4789958900
49,1793,241917330601400,3141400,4832717500,4840551500
49,1809,241917381157500,3544700,4883273600,4891107600
49,1825,241917431678000,3198700,4933794100,4941628100
49,1841,241917485181100,2768800,4987297200,4995131200
49,1857,241917537272700,8965300,5039388800,5047222800
49,1873,241917593159000,2623600,5095275100,5103109100
49,1889,241917642866200,3500300,5144982300,5152816300
49,1905,241917695003800,2710500,5197119900,5204953900
49,1921,241917746833200,2742800,5248949300,5256783300
49,1937,241917798248100,2821600,5300364200,5308198200
49,1953,241917850032600,3393000,5352148700,5359982700
49,1969,241917898606700,3606700,5400722800,5408556800
49,1985,241917947139800,3329100,5449255900,5457089900
49,2001,241918002650500,2907100,5504766600,5512600600
49,2017,241918051442700,3185600,5553558800,5561392800
49,2033,241918102488700,2968100,5604604800,5612438800
50,2,241912640661200,3002100,142777300,150611300
50,18,241912681380100,2337500,183496200,191330200
50,34,241912717848300,2118200,219964400,227798400
50,50,241912757101700,2174200,259217800,267051800
50,66,241912792780000,2472800,294896100,302730100
50,82,241912829086900,2193400,331203000,339037000
50,98,241912865954500,2477900,368070600,375904600
50,114,241912905038900,2375700,407155000,414989000
50,130,241912972596900,3911900,474713000,482547000
50,146,241913018060700,2289000,520176800,528010800
50,162,241913054688700,2111700,556804800,564638800
50,178,241913095902000,3334700,598018100,605852100
50,194,241913134010100,2143000,636126200,643960200
50,210,241913169925600,2194100,672041700,679875700
50,226,241913206344600,2302800,708460700,716294700
50,242,241913241471000,2239800,743587100,751421100
50,258,241913294929600,2152700,797045700,804879700
50,274,241913329815000,2347600,831931100,839765100
50,290,241913365862500,2393700,867978600,875812600
50,306,241913402573900,2172900,904690000,912524000
50,322,241913441463000,2260400,943579100,951413100
50,338,241913476508400,2320600,978624500,986458500
50,354,241913511502300,2652700,1013618400,1021452400
50,370,241913547782500,2214600,1049898600,1057732600
50,386,241913583341100,2150900,1085457200,1093291200
50,402,241913636550200,2165600,1138666300,1146500300
50,418,241913672349500,2150400,1174465600,1182299600
50,434,241913708257600,2279500,1210373700,1218207700
50,450,241913744238700,2251400,1246354800,1254188800
50,466,241913778862500,2209600,1280978600,1288812600
50,482,241913815012200,2119800,1317128300,1324962300
50,498,241913852502000,2213500,1354618100,1362452100
50,514,241913888225600,2214000,1390341700,1398175700
50,530,241913943440600,2548100,1445556700,1453390700
50,546,241913978012800,2118700,1480128900,1487962900
50,562,241914013068700,2223400,1515184800,1523018800
50,578,241914048171700,2164900,1550287800,1558121800
50,594,241914084240800,2120800,1586356900,1594190900
50,610,241914117948500,2111900,1620064600,1627898600
50,626,241914152076400,2107800,1654192500,1662026500
50,642,241914186073500,2143400,1688189600,1696023600
50,658,241914239037300,2203100,1741153400,1748987400
50,674,241914279669300,2453100,1781785400,1789619400
50,690,241914315465200,2254800,1817581300,1825415300
50,706,241914351289400,2077400,1853405500,1861239500
50,722,241914385061000,2053900,1887177100,1895011100
50,738,241914419013800,2153400,1921129900,1928963900
50,754,241914456147900,2321200,1958264000,1966098000
50,770,241914491806500,2151000,1993922600,2001756600
50,786,241914526673000,2199300,2028789100,2036623100
50,802,241914583018200,2207600,2085134300,2092968300
50,818,241914619098200,2252000,2121214300,2129048300
50,834,241914655659800,2280200,2157775900,2165609900
50,850,241914690628400,2590700,2192744500,2200578500
50,866,241914727461900,2289600,2229578000,2237412000
50,882,241914763180700,2150300,2265296800,2273130800
50,898,241914797625600,2151400,2299741700,2307575700
50,914,241914831787100,2144200,2333903200,2341737200
50,930,241914889810400,2126400,2391926500,2399760500
50,946,241914924853600,2268000,2426969700,2434803700
50,962,241914960384500,2161100,2462500600,2470334600
50,978,241914994933100,2213900,2497049200,2504883200
50,994,241915030101200,2141100,2532217300,2540051300
50,1010,241915066131400,2220000,2568247500,2576081500
50,1026,241915100580200,2148900,2602696300,2610530300
50,1042,241915137408300,2146100,2639524400,2647358400
50,1058,241915178675500,2273300,2680791600,2688625600
50,1074,241915213885300,2123000,2716001400,2723835400
50,1090,241915247966200,2162100,2750082300,2757916300
50,1106,241915282822800,2099500,2784938900,2792772900
50,1122,241915316909400,2139100,2819025500,2826859500
50,1138,241915352750300,2269500,2854866400,2862700400
50,1154,241915388409500,2235700,2890525600,2898359600
50,1170,241915423439000,2153100,2925555100,2933389100
50,1186,241915458059100,2155800,2960175200,2968009200
50,1202,241915499347500,2519900,3001463600,3009297600
50,1218,241915547152900,3230900,3049269000,3057103000
50,1234,241915593215300,2756000,3095331400,3103165400
50,1250,241915636448900,2603200,3138565000,3146399000
50,1266,241915680744000,2631100,3182860100,3190694100
50,1282,241915723286500,2668100,3225402600,3233236600
50,1298,241915765202200,2629700,3267318300,3275152300
50,1314,241915807609900,2695700,3309726000,3317560000
50,1330,241915857152700,2700400,3359268800,3367102800
50,1346,241915906011500,2625900,3408127600,3415961600
50,1362,241915951223700,2596200,3453339800,3461173800
50,1378,241915997916800,2623600,3500032900,3507866900
50,1394,241916041269000,2972900,3543385100,3551219100
50,1410,241916086846900,2803200,3588963000,3596797000
50,1426,241916131477800,2676900,3633593900,3641427900
50,1442,241916177175100,2883200,3679291200,3687125200
50,1458,241916232032600,2943500,3734148700,3741982700
50,1474,241916276248100,4464800,3778364200,3786198200
50,1490,241916325137700,2765400,3827253800,3835087800
50,1506,241916373769600,3088900,3875885700,3883719700
50,1522,241916424319600,2862600,3926435700,3934269700
50,1538,241916473372900,3259300,3975489000,3983323000
50,1554,241916526374400,3092400,4028490500,4036324500
50,1570,241916579232000,3010500,4081348100,4089182100
50,1586,241916627918100,3163900,4130034200,4137868200
50,1602,241916687778200,2851500,4189894300,4197728300
50,1618,241916736523400,2857800,4238639500,4246473500
50,1634,241916791526600,3512600,4293642700,4301476700
50,1650,241916843402800,3061000,4345518900,4353352900
50,1666,241916895365900,3350700,4397482000,4405316000
50,1682,241916948979700,4619200,4451095800,4458929800
50,1698,241917008441100,3555400,4510557200,4518391200
50,1714,241917064049400,3073700,4566165500,4573999500
50,1730,241917126515900,3337400,4628632000,4636466000
50,1746,241917182636200,3645900,4684752300,4692586300
50,1762,241917233789400,2890300,4735905500,4743739500
50,1778,241917282515700,3263000,4784631800,4792465800
50,1794,241917333324500,3092700,4835440600,4843274600
50,1810,241917384172200,3357400,4886288300,4894122300
50,1826,241917434510900,3562300,4936627000,4944461000
50,1842,241917487740900,2732300,4989857000,4997691000
50,1858,241917545941600,3135600,5048057700,5055891700
50,1874,241917595525400,2643700,5097641500,5105475500
50,1890,241917646061700,3159700,5148177800,5156011800
50,1906,241917697437700,2872800,5199553800,5207387800
50,1922,241917749309800,3028800,5251425900,5259259900
50,1938,241917800994500,3207000,5303110600,5310944600
50,1954,241917853325800,2738000,5355441900,5363275900
50,1970,241917902336300,3128300,5404452400,5412286400
50,1986,241917950601900,3162600,5452718000,5460552000
50,2002,241918005643600,2740900,5507759700,5515593700
50,2018,241918054805800,3573900,5556921900,5564755900
50,2034,241918105645300,3053900,5607761400,5615595400
51,3,241912643697900,2402600,145814000,153648000
51,19,241912683655800,2326500,185771900,193605900
51,35,241912719939000,4507900,222055100,229889100
51,51,241912759337500,2124000,261453600,269287600
51,67,241912795183100,2338500,297299200,305133200
51,83,241912831502700,2204100,333618800,341452800
51,99,241912868494400,2436000,370610500,378444500
51,115,241912907480300,2342800,409596400,417430400
51,131,241912976747400,3951700,478863500,486697500
51,147,241913020385100,2200000,522501200,530335200
51,163,241913056832200,2465500,558948300,566782300
51,179,241913099336800,2658500,601452900,609286900
51,195,241913136219100,2519900,638335200,646169200
51,211,241913172203400,2306900,674319500,682153500
51,227,241913208708700,2256600,710824800,718658800
51,243,241913243778500,2113700,745894600,753728600
51,259,241913297174800,2267100,799290900,807124900
51,275,241913332286800,2197600,834402900,842236900
51,291,241913368447700,2293100,870563800,878397800
51,307,241913404935400,2142100,907051500,914885500
51,323,241913444190100,2113700,946306200,954140200
51,339,241913479397100,2284500,981513200,989347200
51,355,241913514526700,2307500,1016642800,1024476800
51,371,241913550668400,2633900,1052784500,1060618500
51,387,241913586128400,2154800,1088244500,1096078500
51,403,241913639327800,2062800,1141443900,1149277900
51,419,241913675100800,2301100,1177216900,1185050900
51,435,241913711245200,2221700,1213361300,1221195300
51,451,241913747157600,2291000,1249273700,1257107700
51,467,241913781770400,2376300,1283886500,1291720500
51,483,241913818101600,2416700,1320217700,1328051700
51,499,241913856123700,2256600,1358239800,1366073800
51,515,241913891927500,2045600,1394043600,1401877600
51,531,241913947327700,2239000,1449443800,1457277800
51,547,241913981441600,2103100,1483557700,1491391700
51,563,241914016559100,2215200,1518675200,1526509200
51,579,241914051597400,2246700,1553713500,1561547500
51,595,241914087609800,2102100,1589725900,1597559900
51,611,241914121343000,2138000,1623459100,1631293100
51,627,241914155461200,2147200,1657577300,1665411300
51,643,241914189518000,2097400,1691634100,1699468100
51,659,241914242569500,2127100,1744685600,1752519600
51,675,241914281431600,2341900,1783547700,1791381700
51,691,241914316995900,2289600,1819112000,1826946000
51,707,241914352515000,2096700,1854631100,1862465100
51,723,241914386247600,2067500,1888363700,1896197700
51,739,241914420502500,2468700,1922618600,1930452600
51,755,241914457838000,2335800,1959954100,1967788100
51,771,241914493416700,2192800,1995532800,2003366800
51,787,241914528279400,2262500,2030395500,2038229500
51,803,241914584406100,2305200,2086522200,2094356200
51,819,241914620565100,2157200,2122681200,2130515200
51,835,241914657073600,2292100,2159189700,2167023700
51,851,241914694420100,2284600,2196536200,2204370200
51,867,241914730660800,2200800,2232776900,2240610900
51,883,241914766309200,2132700,2268425300,2276259300
51,899,241914800962400,2177700,2303078500,2310912500
51,915,241914835199900,2129700,2337316000,2345150000
51,931,241914893172100,2176400,2395288200,2403122200
51,947,241914928323300,2280300,2430439400,2438273400
51,963,241914963755200,2187600,2465871300,2473705300
51,979,241914998384100,2276200,2500500200,2508334200
51,995,241915033481200,2168800,2535597300,2543431300
51,1011,241915069642300,2185700,2571758400,2579592400
51,1027,241915104063200,2103400,2606179300,2614013300
51,1043,241915140107500,2163600,2642223600,2650057600
51,1059,241915181470700,2353600,2683586800,2691420800
51,1075,241915216375600,2168600,2718491700,2726325700
51,1091,241915250487200,2176900,2752603300,2760437300
51,1107,241915285333600,2131800,2787449700,2795283700
51,1123,241915319454600,2168500,2821570700,2829404700
51,1139,241915355408400,2429300,2857524500,2865358500
51,1155,241915390998000,2201800,2893114100,2900948100
51,1171,241915425896900,2123500,2928013000,2935847000
51,1187,241915460892700,2476400,2963008800,2970842800
51,1203,241915502731200,3110400,3004847300,3012681300
51,1219,241915551111700,2867700,3053227800,3061061800
51,1235,241915596698900,2752500,3098815000,3106649000
51,1251,241915639725100,2659100,3141841200,3149675200
51,1267,241915684061600,2574200,3186177700,3194011700
51,1283,241915726655100,2695100,3228771200,3236605200
51,1299,241915768567400,2548000,3270683500,3278517500
51,1315,241915811013400,2566200,3313129500,3320963500
51,1331,241915860622300,2773100,3362738400,3370572400
51,1347,241915909462700,2691200,3411578800,3419412800
51,1363,241915954579400,2908600,3456695500,3464529500
51,1379,241916001281800,2713000,3503397900,3511231900
51,1395,241916045311200,3151300,3547427300,3555261300
51,1411,241916091280600,2746800,3593396700,3601230700
51,1427,241916135954500,2887400,3638070600,3645904600
51,1443,241916181933000,3074800,3684049100,3691883100
51,1459,241916236608700,2617000,3738724800,3746558800
51,1475,241916283092500,5334800,3785208600,3793042600
51,1491,241916329725300,2723600,3831841400,3839675400
51,1507,241916378617300,3100000,3880733400,3888567400
51,1523,241916428863000,2934800,3930979100,3938813100
51,1539,241916478494900,3141200,3980611000,3988445000
51,1555,241916531039100,2812800,4033155200,4040989200
51,1571,241916584138700,4247500,4086254800,4094088800
51,1587,241916632823900,3049900,4134940000,4142774000
51,1603,241916692215800,2900500,4194331900,4202165900
51,1619,241916741139600,3217700,4243255700,4251089700
51,1635,241916797068500,3983100,4299184600,4307018600
51,1651,241916848016400,4225600,4350132500,4357966500
51,1667,241916900520700,3754400,4402636800,4410470800
51,1683,241916955306500,3583400,4457422600,4465256600
51,1699,241917013873500,3618900,4515989600,4523823600
51,1715,241917068918600,3435600,4571034700,4578868700
51,1731,241917131822100,4600500,4633938200,4641772200
51,1747,241917187935000,3474600,4690051100,4697885100
51,1763,241917237308700,2761400,4739424800,4747258800
51,1779,241917286495100,2920900,4788611200,4796445200
51,1795,241917337142100,3695900,4839258200,4847092200
51,1811,241917388250200,2410600,4890366300,4898200300
51,1827,241917438847800,3290100,4940963900,4948797900
51,1843,241917491750600,2721600,4993866700,5001700700
51,1859,241917549891000,3546600,5052007100,5059841100
51,1875,241917598865900,3011200,5100982000,5108816000
51,1891,241917650103600,3404900,5152219700,5160053700
51,1907,241917701142000,3642000,5203258100,5211092100
51,1923,241917753017700,3282500,5255133800,5262967800
51,1939,241917804699600,3836200,5306815700,5314649700
51,1955,241917856480800,2702000,5358596900,5366430900
51,1971,241917905709900,2804200,5407826000,5415660000
51,1987,241917954095000,3117300,5456211100,5464045100
51,2003,241918008757300,2867900,5510873400,5518707400
51,2019,241918058717100,3495900,5560833200,5568667200
51,2035,241918109085600,2823900,5611201700,5619035700
52,4,241912646173600,2396500,148289700,156123700
52,20,241912686182400,2351300,188298500,196132500
52,36,241912724544100,3257800,226660200,234494200
52,52,241912761431700,2203800,263547800,271381800
52,68,241912797475100,2305700,299591200,307425200
52,84,241912833522700,2269300,335638800,343472800
52,100,241912870611300,2566300,372727400,380561400
52,116,241912909619000,2390200,411735100,419569100
52,132,241912980548000,3868400,482664100,490498100
52,148,241913023464800,2261700,525580900,533414900
52,164,241913060346800,2357900,562462900,570296900
52,180,241913103099700,2688800,605215800,613049800
52,196,241913140301300,2308900,642417400,650251400
52,212,241913175961500,2200600,678077600,685911600
52,228,241913212462100,2248400,714578200,722412200
52,244,241913247457600,2243000,749573700,757407700
52,260,241913300998500,2203600,803114600,810948600
52,276,241913336004400,2204900,838120500,845954500
52,292,241913372082200,2230300,874198300,882032300
52,308,241913408255300,2221700,910371400,918205400
52,324,241913448648300,2218000,950764400,958598400
52,340,241913484065200,2117500,986181300,994015300
52,356,241913519214900,2281200,1021331000,1029165000
52,372,241913555415500,2249900,1057531600,1065365600
52,388,241913590248000,20117100,1092364100,1100198100
52,404,241913643246400,2419900,1145362500,1153196500
52,420,241913679267700,2225700,1181383800,1189217800
52,436,241913715391400,2225500,1217507500,1225341500
52,452,241913751357600,2079000,1253473700,1261307700
52,468,241913786021800,2258200,1288137900,1295971900
52,484,241913822385600,2257200,1324501700,1332335700
52,500,241913858561300,2201400,1360677400,1368511400
52,516,241913894004100,2416900,1396120200,1403954200
52,532,241913949800700,2166200,1451916800,1459750800
52,548,241913983718500,2101400,1485834600,1493668600
52,564,241914018922200,2158700,1521038300,1528872300
52,580,241914054024300,2117000,1556140400,1563974400
52,596,241914089827700,2089800,1591943800,1599777800
52,612,241914123631600,2109000,1625747700,1633581700
52,628,241914157752800,2103700,1659868900,1667702900
52,644,241914191765800,2147000,1693881900,1701715900
52,660,241914244844300,2159700,1746960400,1754794400
52,676,241914283273200,2282600,1785389300,1793223300
52,692,241914318870900,2228000,1820987000,1828821000
52,708,241914354211500,2142700,1856327600,1864161600
52,724,241914387953700,2100900,1890069800,1897903800
52,740,241914422269400,2516000,1924385500,1932219500
52,756,241914459661000,2321900,1961777100,1969611100
52,772,241914495105600,2180400,1997221700,2005055700
52,788,241914530048000,2345100,2032164100,2039998100
52,804,241914586375900,2236600,2088492000,2096326000
52,820,241914622427800,2170600,2124543900,2132377900
52,836,241914658949400,2245400,2161065500,2168899500
52,852,241914695422300,2316800,2197538400,2205372400
52,868,241914731749900,2204500,2233866000,2241700000
52,884,241914767282600,2156800,2269398700,2277232700
52,900,241914801754700,2167400,2303870800,2311704800
52,916,241914835860500,2177800,2337976600,2345810600
52,932,241914893844700,2170400,2395960800,2403794800
52,948,241914929052500,2271600,2431168600,2439002600
52,964,241914964373400,2186900,2466489500,2474323500
52,980,241914998955400,2311300,2501071500,2508905500
52,996,241915034035400,2171200,2536151500,2543985500
52,1012,241915070161300,2161700,2572277400,2580111400
52,1028,241915104552900,2108600,2606669000,2614503000
52,1044,241915140701300,2165200,2642817400,2650651400
52,1060,241915182293500,2242100,2684409600,2692243600
52,1076,241915216943100,2186200,2719059200,2726893200
52,1092,241915251073800,2233800,2753189900,2761023900
52,1108,241915285922400,2149800,2788038500,2795872500
52,1124,241915320070300,2151800,2822186400,2830020400
52,1140,241915356104800,2394600,2858220900,2866054900
52,1156,241915391741700,2210200,2893857800,2901691800
52,1172,241915426585400,2147200,2928701500,2936535500
52,1188,241915461604600,2490400,2963720700,2971554700
52,1204,241915503666900,3100600,3005783000,3013617000
52,1220,241915552733700,2861400,3054849800,3062683800
52,1236,241915598313500,2738300,3100429600,3108263600
52,1252,241915641278900,2607900,3143395000,3151229000
52,1268,241915685690400,2559300,3187806500,3195640500
52,1284,241915728381900,2693000,3230498000,3238332000
52,1300,241915770242100,2632500,3272358200,3280192200
52,1316,241915812700100,2695100,3314816200,3322650200
52,1332,241915862412900,2729700,3364529000,3372363000
52,1348,241915911233900,2615400,3413350000,3421184000
52,1364,241915956353200,4548800,3458469300,3466303300
52,1380,241916002877900,2843300,3504994000,3512828000
52,1396,241916047136800,2938700,3549252900,3557086900
52,1412,241916092859400,2679800,3594975500,3602809500
52,1428,241916137555700,2852200,3639671800,3647505800
52,1444,241916183607400,2825800,3685723500,3693557500
52,1460,241916238005100,2680600,3740121200,3747955200
52,1476,241916287149700,2720000,3789265800,3797099800
52,1492,241916331159100,2825800,3833275200,3841109200
52,1508,241916380369200,2880900,3882485300,3890319300
52,1524,241916430343700,2875800,3932459800,3940293800
52,1540,241916480331900,3154400,3982448000,3990282000
52,1556,241916532884400,2897400,4035000500,4042834500
52,1572,241916586762300,3742500,4088878400,4096712400
52,1588,241916635196200,3290300,4137312300,4145146300
52,1604,241916694396300,2890200,4196512400,4204346400
52,1620,241916743346600,3372600,4245462700,4253296700
52,1636,241916800150600,3860200,4302266700,4310100700
52,1652,241916851244900,3895400,4353361000,4361195000
52,1668,241916903630100,3543000,4405746200,4413580200
52,1684,241916958098900,3391600,4460215000,4468049000
52,1700,241917016446100,3983900,4518562200,4526396200
52,1716,241917071509800,3115500,4573625900,4581459900
52,1732,241917135596800,3501000,4637712900,4645546900
52,1748,241917190499000,3258200,4692615100,4700449100
52,1764,241917240030000,2706200,4742146100,4749980100
52,1780,241917289373200,3154000,4791489300,4799323300
52,1796,241917340794000,3075500,4842910100,4850744100
52,1812,241917390693400,2910500,4892809500,4900643500
52,1828,241917442414500,3682600,4944530600,4952364600
52,1844,241917494409600,3293800,4996525700,5004359700
52,1860,241917553394400,3076600,5055510500,5063344500
52,1876,241917601826500,3341600,5103942600,5111776600
52,1892,241917653406700,3662500,5155522800,5163356800
52,1908,241917704844600,3258800,5206960700,5214794700
52,1924,241917756370200,3083300,5258486300,5266320300
52,1940,241917808599300,3245500,5310715400,5318549400
52,1956,241917859269900,2699700,5361386000,5369220000
52,1972,241917908582200,2722400,5410698300,5418532300
52,1988,241917957257300,3086200,5459373400,5467207400
52,2004,241918011665800,2881800,5513781900,5521615900
52,2020,241918062270400,3144000,5564386500,5572220500
52,2036,241918111977700,4312400,5614093800,5621927800
53,5,241912648425100,3883100,150541200,158375200
53,21,241912688571700,2327900,190687800,198521800
53,37,241912727941800,2356300,230057900,237891900
53,53,241912763795600,2155400,265911700,273745700
53,69,241912799996900,2235400,302113000,309947000
53,85,241912835916600,2357100,338032700,345866700
53,101,241912873217400,2475600,375333500,383167500
53,117,241912912048600,2370100,414164700,421998700
53,133,241912984482600,3777000,486598700,494432700
53,149,241913026155700,2361400,528271800,536105800
53,165,241913063015200,2341200,565131300,572965300
53,181,241913105613000,2251700,607729100,615563100
53,197,241913142122000,2181600,644238100,652072100
53,213,241913177722000,2198400,679838100,687672100
53,229,241913214086100,2282800,716202200,724036200
53,245,241913249006500,2235100,751122600,758956600
53,261,241913302568600,2190000,804684700,812518700
53,277,241913337559200,2217500,839675300,847509300
53,293,241913373578800,2323500,875694900,883528900
53,309,241913409895700,2214000,912011800,919845800
53,325,241913448816100,2226300,950932200,958766200
53,341,241913484185700,2111500,986301800,994135800
53,357,241913519441900,2388000,1021558000,1029392000
53,373,241913555761600,2251500,1057877700,1065711700
53,389,241913590640500,20175300,1092756600,1100590600
53,405,241913643780900,2381700,1145897000,1153731000
53,421,241913679648200,2266300,1181764300,1189598300
53,437,241913715848900,2230400,1217965000,1225799000
53,453,241913751892400,2085700,1254008500,1261842500
53,469,241913786563900,2189700,1288680000,1296514000
53,485,241913822892600,2220900,1325008700,1332842700
53,501,241913860677000,2209600,1362793100,1370627100
53,517,241913896480000,2436800,1398596100,1406430100
53,533,241913951909900,2165400,1454026000,1461860000
53,549,241913985746500,2266300,1487862600,1495696600
53,565,241914021114500,2102700,1523230600,1531064600
53,581,241914056115800,2238200,1558231900,1566065900
53,597,241914091890000,2115300,1594006100,1601840100
53,613,241914125655100,2104700,1627771200,1635605200
53,629,241914159771900,2119700,1661888000,1669722000
53,645,241914193821700,2129300,1695937800,1703771800
53,661,241914246888600,2136300,1749004700,1756838700
53,677,241914286716400,2272200,1788832500,1796666500
53,693,241914322301800,2382600,1824417900,1832251900
53,709,241914357402600,2103400,1859518700,1867352700
53,725,241914391094100,2115000,1893210200,1901044200
53,741,241914425875500,2410500,1927991600,1935825600
53,757,241914463109700,2246300,1965225800,1973059800
53,773,241914498446400,2157200,2000562500,2008396500
53,789,241914533618200,21381800,2035734300,2043568300
53,805,241914589727900,2287200,2091844000,2099678000
53,821,241914625713700,2348600,2127829800,2135663800
53,837,241914662256600,2228500,2164372700,2172206700
53,853,241914698258100,2308700,2200374200,2208208200
53,869,241914734514000,2225300,2236630100,2244464100
53,885,241914769963100,2135400,2272079200,2279913200
53,901,241914804434800,2116300,2306550900,2314384900
53,917,241914838530100,2124000,2340646200,2348480200
53,933,241914896504600,2090700,2398620700,2406454700
53,949,241914931902700,2316500,2434018800,2441852800
53,965,241914967290900,2141000,2469407000,2477241000
53,981,241915002082200,2196900,2504198300,2512032300
53,997,241915036954600,2165800,2539070700,2546904700
53,1013,241915073043100,2142900,2575159200,2582993200
53,1029,241915107408100,2140300,2609524200,2617358200
53,1045,241915143575600,2162300,2645691700,2653525700
53,1061,241915185220200,2118200,2687336300,2695170300
53,1077,241915219800200,2111900,2721916300,2729750300
53,1093,241915253985900,2280200,2756102000,2763936000
53,1109,241915288769400,2107500,2790885500,2798719500
53,1125,241915322920600,2146200,2825036700,2832870700
53,1141,241915359311000,2154100,2861427100,2869261100
53,1157,241915394667300,2163100,2896783400,2904617400
53,1173,241915429499700,2126100,2931615800,2939449800
53,1189,241915464917700,7690300,2967033800,2974867800
53,1205,241915507965500,3046900,3010081600,3017915600
53,1221,241915555952200,2831600,3058068300,3065902300
53,1237,241915601388000,2769100,3103504100,3111338100
53,1253,241915644197000,2607700,3146313100,3154147100
53,1269,241915688505100,2579100,3190621200,3198455200
53,1285,241915731280600,2654400,3233396700,3241230700
53,1301,241915773025500,2536400,3275141600,3282975600
53,1317,241915815576500,2736200,3317692600,3325526600
53,1333,241915865231100,3552500,3367347200,3375181200
53,1349,241915913901800,2618600,3416017900,3423851900
53,1365,241915961148100,3816900,3463264200,3471098200
53,1381,241916005808200,2722700,3507924300,3515758300
53,1397,241916050035000,2790700,3552151100,3559985100
53,1413,241916095503000,2825100,3597619100,3605453100
53,1429,241916140371300,2877300,3642487400,3650321400
53,1445,241916186343800,3103900,3688459900,3696293900
53,1461,241916240612400,2646700,3742728500,3750562500
53,1477,241916289796000,2623100,3791912100,3799746100
53,1493,241916333949400,2904800,3836065500,3843899500
53,1509,241916383498900,2968000,3885615000,3893449000
53,1525,241916433380500,3378100,3935496600,3943330600
53,1541,241916483315200,3122700,3985431300,3993265300
53,1557,241916535567700,2648700,4037683800,4045517800
53,1573,241916590207000,3075500,4092323100,4100157100
53,1589,241916637964200,3558700,4140080300,4147914300
53,1605,241916696973100,3313600,4199089200,4206923200
53,1621,241916746366500,3813600,4248482600,4256316600
53,1637,241916803316000,3623000,4305432100,4313266100
53,1653,241916854407100,3702400,4356523200,4364357200
53,1669,241916906602900,3375600,4408719000,4416553000
53,1685,241916960940600,4819700,4463056700,4470890700
53,1701,241917019805300,3676800,4521921400,4529755400
53,1717,241917073997300,2885200,4576113400,4583947400
53,1733,241917138457600,3550700,4640573700,4648407700
53,1749,241917193263100,2953100,4695379200,4703213200
53,1765,241917242813000,2644700,4744929100,4752763100
53,1781,241917292613200,3010300,4794729300,4802563300
53,1797,241917343975900,3542900,4846092000,4853926000
53,1813,241917393679400,3261300,4895795500,4903629500
53,1829,241917445975800,2933200,4948091900,4955925900
53,1845,241917497618000,3320700,4999734100,5007568100
53,1861,241917556550000,3013600,5058666100,5066500100
53,1877,241917605374500,2922300,5107490600,5115324600
53,1893,241917657324800,3142700,5159440900,5167274900
53,1909,241917708563200,3355500,5210679300,5218513300
53,1925,241917759893700,3071400,5262009800,5269843800
53,1941,241917812207800,4379800,5314323900,5322157900
53,1957,241917862231900,3375100,5364348000,5372182000
53,1973,241917911425700,2804300,5413541800,5421375800
53,1989,241917960448700,3226700,5462564800,5470398800
53,2005,241918014421700,3104000,5516537800,5524371800
53,2021,241918065271800,3070700,5567387900,5575221900
53,2037,241918114987700,4752300,5617103800,5624937800
54,6,241912652428400,2848900,154544500,162378500
54,22,241912690764400,2310500,192880500,200714500
54,38,241912730029700,2323700,232145800,239979800
54,54,241912765667100,2142300,267783200,275617200
54,70,241912801914500,2245000,304030600,311864600
54,86,241912838029600,2358900,340145700,347979700
54,102,241912875595000,2492400,377711100,385545100
54,118,241912914318600,2337400,416434700,424268700
54,134,241912987963900,2987400,490080000,497914000
54,150,241913027795800,2281600,529911900,537745900
54,166,241913064735000,2335500,566851100,574685100
54,182,241913107728200,2230600,609844300,617678300
54,198,241913144206200,2146900,646322300,654156300
54,214,241913179719600,2238700,681835700,689669700
54,230,241913216283800,2123400,718399900,726233900
54,246,241913251113300,2144900,753229400,761063400
54,262,241913304704700,2136400,806820800,814654800
54,278,241913339718600,2234200,841834700,849668700
54,294,241913375939100,2347300,878055200,885889200
54,310,241913412049100,2246700,914165200,921999200
54,326,241913450952400,2131000,953068500,960902500
54,342,241913486244300,2252000,988360400,996194400
54,358,241913521705500,2198100,1023821600,1031655600
54,374,241913557889900,2285500,1060006000,1067840000
54,390,241913610642000,2434500,1112758100,1120592100
54,406,241913645922300,2352900,1148038400,1155872400
54,422,241913681701800,2250700,1183817900,1191651900
54,438,241913717651200,2171900,1219767300,1227601300
54,454,241913753407300,2191800,1255523400,1263357400
54,470,241913788252800,2211300,1290368900,1298202900
54,486,241913824735500,2162000,1326851600,1334685600
54,502,241913861476000,2176400,1363592100,1371426100
54,518,241913897040400,2332400,1399156500,1406990500
54,534,241913952353600,2153500,1454469700,1462303700
54,550,241913986196800,2288300,1488312900,1496146900
54,566,241914021467300,2158100,1523583400,1531417400
54,582,241914056598300,2211100,1558714400,1566548400
54,598,241914092354100,2089800,1594470200,1602304200
54,614,241914126084400,2096800,1628200500,1636034500
54,630,241914160203000,2107900,1662319100,1670153100
54,646,241914194260100,2121700,1696376200,1704210200
54,662,241914247345800,2164900,1749461900,1757295900
54,678,241914286930500,2280200,1789046600,1796880600
54,694,241914322493600,2345400,1824609700,1832443700
54,710,241914357686800,2114400,1859802900,1867636900
54,726,241914391385600,2114700,1893501700,1901335700
54,742,241914426142700,2500700,1928258800,1936092800
54,758,241914463353300,2261300,1965469400,1973303400
54,774,241914498598200,2149500,2000714300,2008548300
54,790,241914534010000,21540900,2036126100,2043960100
54,806,241914590081200,2332500,2092197300,2100031300
54,822,241914626074300,2366500,2128190400,2136024400
54,838,241914662654100,2254500,2164770200,2172604200
54,854,241914699318000,2302400,2201434100,2209268100
54,870,241914735575300,2228400,2237691400,2245525400
54,886,241914770986400,2140200,2273102500,2280936500
54,902,241914805455200,2158200,2307571300,2315405300
54,918,241914839560100,2104300,2341676200,2349510200
54,934,241914897534300,2105900,2399650400,2407484400
54,950,241914933108000,2206000,2435224100,2443058100
54,966,241914968166600,2146500,2470282700,2478116700
54,982,241915003012900,2170700,2505129000,2512963000
54,998,241915037890800,2161800,2540006900,2547840900
54,1014,241915073993600,2175300,2576109700,2583943700
54,1030,241915108364100,2161700,2610480200,2618314200
54,1046,241915144625400,2119400,2646741500,2654575500
54,1062,241915186220100,2083200,2688336200,2696170200
54,1078,241915220716300,2136400,2722832400,2730666400
54,1094,241915254963400,2125400,2757079500,2764913500
54,1110,241915289559500,2118300,2791675600,2799509600
54,1126,241915323749400,2155500,2825865500,2833699500
54,1142,241915359933500,2265600,2862049600,2869883600
54,1158,241915395201400,2182700,2897317500,2905151500
54,1174,241915430011400,2141500,2932127500,2939961500
54,1190,241915465339500,7698900,2967455600,2975289600
54,1206,241915508614300,3039100,3010730400,3018564400
54,1222,241915556575800,2848900,3058691900,3066525900
54,1238,241915601870900,2809900,3103987000,3111821000
54,1254,241915644648100,2606100,3146764200,3154598200
54,1270,241915688993200,2550900,3191109300,3198943300
54,1286,241915731740600,2684800,3233856700,3241690700
54,1302,241915773473500,2598000,3275589600,3283423600
54,1318,241915816143000,2622600,3318259100,3326093100
54,1334,241915865777100,4824300,3367893200,3375727200
54,1350,241915914461000,2625900,3416577100,3424411100
54,1366,241915962627000,3075700,3464743100,3472577100
54,1382,241916006454700,2727100,3508570800,3516404800
54,1398,241916050925800,2898500,3553041900,3560875900
54,1414,241916096440100,2980700,3598556200,3606390200
54,1430,241916141347600,2882800,3643463700,3651297700
54,1446,241916187354000,3158500,3689470100,3697304100
54,1462,241916241555600,2587400,3743671700,3751505700
54,1478,241916290679700,2623200,3792795800,3800629800
54,1494,241916334879700,2901400,3836995800,3844829800
54,1510,241916384649500,2826500,3886765600,3894599600
54,1526,241916434154400,3934200,3936270500,3944104500
54,1542,241916484242800,3354500,3986358900,3994192900
54,1558,241916536417100,2830200,4038533200,4046367200
54,1574,241916591464000,3026400,4093580100,4101414100
54,1590,241916638950100,3365800,4141066200,4148900200
54,1606,241916697846300,3452000,4199962400,4207796400
54,1622,241916747131600,3943500,4249247700,4257081700
54,1638,241916804487600,3312300,4306603700,4314437700
54,1654,241916855429700,3651800,4357545800,4365379800
54,1670,241916907542600,3316200,4409658700,4417492700
54,1686,241916961816100,4807300,4463932200,4471766200
54,1702,241917020785500,3597500,4522901600,4530735600
54,1718,241917074775500,2866200,4576891600,4584725600
54,1734,241917139342700,3510400,4641458800,4649292800
54,1750,241917194241100,3047700,4696357200,4704191200
54,1766,241917243099900,2608300,4745216000,4753050000
54,1782,241917292868200,3068900,4794984300,4802818300
54,1798,241917344260600,3465300,4846376700,4854210700
54,1814,241917393902400,3463600,4896018500,4903852500
54,1830,241917446813800,2771900,4948929900,4956763900
54,1846,241917498305600,3310500,5000421700,5008255700
54,1862,241917557245100,3018200,5059361200,5067195200
54,1878,241917605958800,2815500,5108074900,5115908900
54,1894,241917657956600,3138800,5160072700,5167906700
54,1910,241917708860000,3438500,5210976100,5218810100
54,1926,241917760120200,3064100,5262236300,5270070300
54,1942,241917812597600,4368900,5314713700,5322547700
54,1958,241917862745900,3327000,5364862000,5372696000
54,1974,241917912003800,2863100,5414119900,5421953900
54,1990,241917961017400,3294700,5463133500,5470967500
54,2006,241918015081400,3128300,5517197500,5525031500
54,2022,241918065951600,3020300,5568067700,5575901700
54,2038,241918117423300,3399200,5619539400,5627373400
55,7,241912655127300,2668200,157243400,165077400
55,23,241912692948700,2347200,195064800,202898800
55,39,241912732235700,2213500,234351800,242185800
55,55,241912767720100,2191600,269836200,277670200
55,71,241912804087400,2264200,306203500,314037500
55,87,241912840234100,2224500,342350200,350184200
55,103,241912877976500,2523200,380092600,387926600
55,119,241912916598600,2494000,418714700,426548700
55,135,241912990826500,2775600,492942600,500776600
55,151,241913031243000,2183100,533359100,541193100
55,167,241913068289100,2336100,570405200,578239200
55,183,241913110883100,2278400,612999200,620833200
55,199,241913147246600,2154800,649362700,657196700
55,215,241913182954800,2185800,685070900,692904900
55,231,241913219387400,2309700,721503500,729337500
55,247,241913254311800,2080600,756427900,764261900
55,263,241913307829700,2119100,809945800,817779800
55,279,241913343014300,2203100,845130400,852964400
55,295,241913379396300,2269200,881512400,889346400
55,311,241913415542700,2292900,917658800,925492800
55,327,241913454362600,2262900,956478700,964312700
55,343,241913489782600,2103400,991898700,999732700
55,359,241913525288800,2189900,1027404900,1035238900
55,375,241913561803200,2235400,1063919300,1071753300
55,391,241913614778600,2230000,1116894700,1124728700
55,407,241913649832600,2144400,1151948700,1159782700
55,423,241913685619300,2193400,1187735400,1195569400
55,439,241913721502100,2224200,1223618200,1231452200
55,455,241913757257700,2092800,1259373800,1267207800
55,471,241913792178200,2161400,1294294300,1302128300
55,487,241913828613800,2274200,1330729900,1338563900
55,503,241913865644200,2783700,1367760300,1375594300
55,519,241913901797400,2178500,1403913500,1411747500
55,535,241913956939600,2196000,1459055700,1466889700
55,551,241913990916900,2149900,1493033000,1500867000
55,567,241914026286100,2273300,1528402200,1536236200
55,583,241914061213100,2478800,1563329200,1571163200
55,599,241914096763100,2110100,1598879200,1606713200
55,615,241914130583700,2124600,1632699800,1640533800
55,631,241914164689600,2124600,1666805700,1674639700
55,647,241914198765500,2129000,1700881600,1708715600
55,663,241914251874000,2145400,1753990100,1761824100
55,679,241914292504700,2145200,1794620800,1802454800
55,695,241914328101700,2207500,1830217800,1838051800
55,711,241914362796100,2119800,1864912200,1872746200
55,727,241914396491200,2115400,1898607300,1906441300
55,743,241914431821500,2309500,1933937600,1941771600
55,759,241914468894000,2252900,1971010100,1978844100
55,775,241914503820700,2203100,2005936800,2013770800
55,791,241914558853700,2510600,2060969800,2068803800
55,807,241914595217300,2366600,2097333400,2105167400
55,823,241914631367600,2243600,2133483700,2141317700
55,839,241914667885000,2175900,2170001100,2177835100
55,855,241914704366600,2301500,2206482700,2214316700
55,871,241914740530100,2272400,2242646200,2250480200
55,887,241914775724400,2118400,2277840500,2285674500
55,903,241914810077900,2141800,2312194000,2320028000
55,919,241914844207100,2122300,2346323200,2354157200
55,935,241914902330300,2201300,2404446400,2412280400
55,951,241914938159000,2226900,2440275100,2448109100
55,967,241914973271000,2214000,2475387100,2483221100
55,983,241915008093100,2225200,2510209200,2518043200
55,999,241915042781400,2336900,2544897500,2552731500
55,1015,241915079090900,2128400,2581207000,2589041000
55,1031,241915114121700,2577900,2616237800,2624071800
55,1047,241915150113400,2310600,2652229500,2660063500
55,1063,241915191760500,2115000,2693876600,2701710600
55,1079,241915226320800,2134600,2728436900,2736270900
55,1095,241915260715400,2176300,2762831500,2770665500
55,1111,241915295190200,2144100,2797306300,2805140300
55,1127,241915329773800,2243800,2831889900,2839723900
55,1143,241915365880000,2212700,2867996100,2875830100
55,1159,241915401090000,2226400,2903206100,2911040100
55,1175,241915435746600,2172200,2937862700,2945696700
55,1191,241915476488200,2152600,2978604300,2986438300
55,1207,241915516665100,3057400,3018781200,3026615200
55,1223,241915564433000,2895700,3066549100,3074383100
55,1239,241915609208200,2736100,3111324300,3119158300
55,1255,241915651355000,2629200,3153471100,3161305100
55,1271,241915695706700,2531500,3197822800,3205656800
55,1287,241915738682300,2572800,3240798400,3248632400
55,1303,241915780409200,2828900,3282525300,3290359300
55,1319,241915822997600,2723200,3325113700,3332947700
55,1335,241915876703100,2829300,3378819200,3386653200
55,1351,241915924035200,2755400,3426151300,3433985300
55,1367,241915970351000,2869200,3472467100,3480301100
55,1383,241916013728700,2933000,3515844800,3523678800
55,1399,241916058968200,2909700,3561084300,3568918300
55,1415,241916104788200,3023300,3606904300,3614738300
55,1431,241916149298100,2874800,3651414200,3659248200
55,1447,241916196030000,4431800,3698146100,3705980100
55,1463,241916248979800,2969600,3751095900,3758929900
55,1479,241916297985100,2677200,3800101200,3807935200
55,1495,241916343339400,3164100,3845455500,3853289500
55,1511,241916392576800,2874000,3894692900,3902526900
55,1527,241916443690800,2698000,3945806900,3953640900
55,1543,241916493829000,3402800,3995945100,4003779100
55,1559,241916544968400,2864000,4047084500,4054918500
55,1575,241916599624700,3984400,4101740800,4109574800
55,1591,241916658951000,3063600,4161067100,4168901100
55,1607,241916708571400,3018900,4210687500,4218521500
55,1623,241916757771500,3581200,4259887600,4267721600
55,1639,241916814725100,2834000,4316841200,4324675200
55,1655,241916865409200,2814500,4367525300,4375359300
55,1671,241916918209700,3484800,4420325800,4428159800
55,1687,241916973584400,4480600,4475700500,4483534500
55,1703,241917031870100,3287100,4533986200,4541820200
55,1719,241917085485100,3030300,4587601200,4595435200
55,1735,241917150955200,3633700,4653071300,4660905300
55,1751,241917204355800,3567200,4706471900,4714305900
55,1767,241917253331600,2662600,4755447700,4763281700
55,1783,241917302740700,3000400,4804856800,4812690800
55,1799,241917353551800,2648100,4855667900,4863501900
55,1815,241917405031100,2718100,4907147200,4914981200
55,1831,241917455445900,3616400,4957562000,4965396000
55,1847,241917507957600,3541800,5010073700,5017907700
55,1863,241917566009300,3064000,5068125400,5075959400
55,1879,241917614675300,3268700,5116791400,5124625400
55,1895,241917667401300,3107000,5169517400,5177351400
55,1911,241917720447400,3423200,5222563500,5230397500
55,1927,241917769126800,3778300,5271242900,5279076900
55,1943,241917822294000,2833700,5324410100,5332244100
55,1959,241917872076400,2769500,5374192500,5382026500
55,1975,241917921167700,3074800,5423283800,5431117800
55,1991,241917976811100,3730900,5478927200,5486761200
55,2007,241918024093300,3436700,5526209400,5534043400
55,2023,241918075355100,3151500,5577471200,5585305200
55,2039,241918127206500,7262000,5629322600,5637156600
56,8,241912658056700,2455000,160172800,168006800
56,24,241912695626500,2329100,197742600,205576600
56,40,241912734879300,2266500,236995400,244829400
56,56,241912770282900,2154800,272399000,280233000
56,72,241912806651200,2154200,308767300,316601300
56,88,241912842921700,2246100,345037800,352871800
56,104,241912880839400,2438000,382955500,390789500
56,120,241912919474100,2685000,421590200,429424200
56,136,241912993943800,2330800,496059900,503893900
56,152,241913031944200,2219700,534060300,541894300
56,168,241913068955200,2401000,571071300,578905300
56,184,241913111567400,2271100,613683500,621517500
56,200,241913147793900,2173600,649910000,657744000
56,216,241913183527200,2208800,685643300,693477300
56,232,241913219997300,2367300,722113400,729947400
56,248,241913254907500,2115400,757023600,764857600
56,264,241913308413100,2134000,810529200,818363200
56,280,241913343571300,2186200,845687400,853521400
56,296,241913380513200,2246000,882629300,890463300
56,312,241913416463000,2473700,918579100,926413100
56,328,241913454874700,2258100,956990800,964824800
56,344,241913490452200,2050500,992568300,1000402300
56,360,241913525852800,2263200,1027968900,1035802900
56,376,241913562349000,2256100,1064465100,1072299100
56,392,241913615354600,2286600,1117470700,1125304700
56,408,241913650453500,2141400,1152569600,1160403600
56,424,241913686278700,2226600,1188394800,1196228800
56,440,241913722434300,2461400,1224550400,1232384400
56,456,241913758208600,2105800,1260324700,1268158700
56,472,241913793171500,2196000,1295287600,1303121600
56,488,241913829739500,2234700,1331855600,1339689600
56,504,241913866109100,2417700,1368225200,1376059200
56,520,241913902021100,2201200,1404137200,1411971200
56,536,241913957152200,2187200,1459268300,1467102300
56,552,241913991089400,2142400,1493205500,1501039500
56,568,241914026428100,2284900,1528544200,1536378200
56,584,241914061438600,2539100,1563554700,1571388700
56,600,241914096998200,2096600,1599114300,1606948300
56,616,241914130816800,2124900,1632932900,1640766900
56,632,241914164917100,2126400,1667033200,1674867200
56,648,241914199030700,2127400,1701146800,1708980800
56,664,241914252143300,2143400,1754259400,1762093400
56,680,241914292558300,2149400,1794674400,1802508400
56,696,241914328262500,2226000,1830378600,1838212600
56,712,241914362878800,2123600,1864994900,1872828900
56,728,241914396574900,2119300,1898691000,1906525000
56,744,241914431734200,2299100,1933850300,1941684300
56,760,241914468833300,2252100,1970949400,1978783400
56,776,241914503764100,2198100,2005880200,2013714200
56,792,241914558792400,2439800,2060908500,2068742500
56,808,241914595311400,2374200,2097427500,2105261500
56,824,241914631502400,2270300,2133618500,2141452500
56,840,241914667857000,2241800,2169973100,2177807100
56,856,241914704333200,2299300,2206449300,2214283300
56,872,241914740497600,2270600,2242613700,2250447700
56,888,241914775696500,2113000,2277812600,2285646600
56,904,241914810109600,2141800,2312225700,2320059700
56,920,241914844237200,2124700,2346353300,2354187300
56,936,241914902303800,2198000,2404419900,2412253900
56,952,241914938004200,2229400,2440120300,2447954300
56,968,241914973091600,2219400,2475207700,2483041700
56,984,241915007852800,2218700,2509968900,2517802900
56,1000,241915042629500,2321400,2544745600,2552579600
56,1016,241915078814000,2126100,2580930100,2588764100
56,1032,241915113275900,2410500,2615392000,2623226000
56,1048,241915149196300,2263100,2651312400,2659146400
56,1064,241915190790300,2114300,2692906400,2700740400
56,1080,241915225423200,2097400,2727539300,2735373300
56,1096,241915259871000,2106200,2761987100,2769821100
56,1112,241915294305200,2138000,2796421300,2804255300
56,1128,241915328789700,2323200,2830905800,2838739800
56,1144,241915365022800,2190900,2867138900,2874972900
56,1160,241915400268400,2232400,2902384500,2910218500
56,1176,241915435046400,2140700,2937162500,2944996500
56,1192,241915475940600,2169600,2978056700,2985890700
56,1208,241915515763900,3113500,3017880000,3025714000
56,1224,241915563607400,2912400,3065723500,3073557500
56,1240,241915608428000,2764800,3110544100,3118378100
56,1256,241915650653700,2578800,3152769800,3160603800
56,1272,241915695117000,2527300,3197233100,3205067100
56,1288,241915738091000,2575500,3240207100,3248041100
56,1304,241915779780700,2727800,3281896800,3289730800
56,1320,241915822333900,2700600,3324450000,3332284000
56,1336,241915876075000,2786700,3378191100,3386025100
56,1352,241915922519900,3643600,3424636000,3432470000
56,1368,241915969860700,2730600,3471976800,3479810800
56,1384,241916013024200,2994500,3515140300,3522974300
56,1400,241916057754200,2944500,3559870300,3567704300
56,1416,241916103529900,3122200,3605646000,3613480000
56,1432,241916148062900,2882200,3650179000,3658013000
56,1448,241916194930200,3095600,3697046300,3704880300
56,1464,241916247804700,3003800,3749920800,3757754800
56,1480,241916296962700,2649400,3799078800,3806912800
56,1496,241916341842800,3402400,3843958900,3851792900
56,1512,241916391388500,2773900,3893504600,3901338600
56,1528,241916442451800,2683700,3944567900,3952401900
56,1544,241916492267700,3376700,3994383800,4002217800
56,1560,241916543500500,2919000,4045616600,4053450600
56,1576,241916598227800,3071100,4100343900,4108177900
56,1592,241916656108700,3448400,4158224800,4166058800
56,1608,241916705740400,3225300,4207856500,4215690500
56,1624,241916754741800,3520300,4256857900,4264691900
56,1640,241916812050200,3143300,4314166300,4322000300
56,1656,241916863362200,2636100,4365478300,4373312300
56,1672,241916915362800,3697500,4417478900,4425312900
56,1688,241916971019700,3294500,4473135800,4480969800
56,1704,241917029636600,3204300,4531752700,4539586700
56,1720,241917083182100,3010900,4585298200,4593132200
56,1736,241917148439500,3304900,4650555600,4658389600
56,1752,241917201930100,3123700,4704046200,4711880200
56,1768,241917251698300,2503100,4753814400,4761648400
56,1784,241917300517600,3330300,4802633700,4810467700
56,1800,241917351998800,2656500,4854114900,4861948900
56,1816,241917403075100,3077200,4905191200,4913025200
56,1832,241917453513500,3500400,4955629600,4963463600
56,1848,241917506204000,3696000,5008320100,5016154100
56,1864,241917564310900,2879200,5066427000,5074261000
56,1880,241917613057700,3069100,5115173800,5123007800
56,1896,241917665121900,3649300,5167238000,5175072000
56,1912,241917717916900,4101800,5220033000,5227867000
56,1928,241917767395300,3677800,5269511400,5277345400
56,1944,241917820934100,2711900,5323050200,5330884200
56,1960,241917870538200,2775500,5372654300,5380488300
56,1976,241917919523800,3086400,5421639900,5429473900
56,1992,241917974819300,3306700,5476935400,5484769400
56,2008,241918021926200,3469700,5524042300,5531876300
56,2024,241918073300100,3229200,5575416200,5583250200
56,2040,241918125305000,4307100,5627421100,5635255100
57,9,241912660447700,2287400,162563800,170397800
57,25,241912697803200,2251500,199919300,207753300
57,41,241912736933300,2279300,239049400,246883400
57,57,241912772377400,2150800,274493500,282327500
57,73,241912808774700,2476100,310890800,318724800
57,89,241912845106600,2237700,347222700,355056700
57,105,241912883351000,2534900,385467100,393301100
57,121,241912922236800,2434800,424352900,432186900
57,137,241912996409700,2253800,498525800,506359800
57,153,241913033797500,2209600,535913600,543747600
57,169,241913070989500,2382300,573105600,580939600
57,185,241913113626000,2153600,615742100,623576100
57,201,241913149813300,2088300,651929400,659763400
57,217,241913185706800,2362800,687822900,695656900
57,233,241913222397900,2219200,724514000,732348000
57,249,241913256936200,2149200,759052300,766886300
57,265,241913310382300,2145600,812498400,820332400
57,281,241913345611600,2290800,847727700,855561700
57,297,241913382089400,2199600,884205500,892039500
57,313,241913418117900,2300500,920234000,928068000
57,329,241913457251600,2142700,959367700,967201700
57,345,241913492444200,2090400,994560300,1002394300
57,361,241913527938400,2210000,1030054500,1037888500
57,377,241913564228100,2278400,1066344200,1074178200
57,393,241913617134700,2205900,1119250800,1127084800
57,409,241913652116500,2113700,1154232600,1162066600
57,425,241913687856500,2215900,1189972600,1197806600
57,441,241913723886500,2565800,1226002600,1233836600
57,457,241913759593500,2141400,1261709600,1269543600
57,473,241913794537900,2266100,1296654000,1304488000
57,489,241913830990900,2238500,1333107000,1340941000
57,505,241913866823100,2176700,1368939200,1376773200
57,521,241913902437400,2173000,1404553500,1412387500
57,537,241913957598700,2170400,1459714800,1467548800
57,553,241913991772700,2108000,1493888800,1501722800
57,569,241914027128700,2236500,1529244800,1537078800
57,585,241914062087400,2502900,1564203500,1572037500
57,601,241914097511300,2103200,1599627400,1607461400
57,617,241914131346800,2115500,1633462900,1641296900
57,633,241914165439700,2116400,1667555800,1675389800
57,649,241914199554700,2131600,1701670800,1709504800
57,665,241914252693300,2103100,1754809400,1762643400
57,681,241914293415700,2199000,1795531800,1803365800
57,697,241914329153700,2303000,1831269800,1839103800
57,713,241914363813300,2103500,1865929400,1873763400
57,729,241914397500700,2144500,1899616800,1907450800
57,745,241914433044300,2313000,1935160400,1942994400
57,761,241914470171500,2326700,1972287600,1980121600
57,777,241914505214800,2162900,2007330900,2015164900
57,793,241914560610700,2296800,2062726800,2070560800
57,809,241914596855900,2261600,2098972000,2106806000
57,825,241914633022800,2281200,2135138900,2142972900
57,841,241914669343000,2189000,2171459100,2179293100
57,857,241914705976200,2303600,2208092300,2215926300
57,873,241914741894600,2370400,2244010700,2251844700
57,889,241914776984900,2143600,2279101000,2286935000
57,905,241914811400000,2131200,2313516100,2321350100
57,921,241914845514400,2135000,2347630500,2355464500
57,937,241914903592900,2145400,2405709000,2413543000
57,953,241914939274500,2230400,2441390600,2449224600
57,969,241914974346700,2211800,2476462800,2484296800
57,985,241915009164400,2232600,2511280500,2519114500
57,1001,241915043981100,2338000,2546097200,2553931200
57,1017,241915080079900,2141200,2582196000,2590030000
57,1033,241915114515100,2445800,2616631200,2624465200
57,1049,241915150308800,2357900,2652424900,2660258900
57,1065,241915191961800,2126700,2694077900,2701911900
57,1081,241915226496100,2149000,2728612200,2736446200
57,1097,241915260901400,2166200,2763017500,2770851500
57,1113,241915295246000,2151800,2797362100,2805196100
57,1129,241915330005200,2248600,2832121300,2839955300
57,1145,241915366094500,2229000,2868210600,2876044600
57,1161,241915401395800,2228600,2903511900,2911345900
57,1177,241915436045000,2164400,2938161100,2945995100
57,1193,241915477091400,2116800,2979207500,2987041500
57,1209,241915517533800,3041300,3019649900,3027483900
57,1225,241915565543000,2913800,3067659100,3075493100
57,1241,241915610253800,2713400,3112369900,3120203900
57,1257,241915652353100,2678100,3154469200,3162303200
57,1273,241915696673700,2575500,3198789800,3206623800
57,1289,241915739675400,2579400,3241791500,3249625500
57,1305,241915781565200,2897100,3283681300,3291515300
57,1321,241915824088400,2736200,3326204500,3334038500
57,1337,241915877869500,2918700,3379985600,3387819600
57,1353,241915925173800,2644300,3427289900,3435123900
57,1369,241915971560100,2799300,3473676200,3481510200
57,1385,241916015008500,2806600,3517124600,3524958600
57,1401,241916059726000,2913500,3561842100,3569676100
57,1417,241916105530900,2990900,3607647000,3615481000
57,1433,241916150019800,2876500,3652135900,3659969900
57,1449,241916196733300,4621700,3698849400,3706683400
57,1465,241916249654200,2930800,3751770300,3759604300
57,1481,241916298550100,2667500,3800666200,3808500200
57,1497,241916343879200,3264100,3845995300,3853829300
57,1513,241916393089900,2896000,3895206000,3903040000
57,1529,241916444274400,2726100,3946390500,3954224500
57,1545,241916494470600,3414500,3996586700,4004420700
57,1561,241916545514100,2862300,4047630200,4055464200
57,1577,241916600287300,3041400,4102403400,4110237400
57,1593,241916658757300,3068800,4160873400,4168707400
57,1609,241916708221400,3035100,4210337500,4218171500
57,1625,241916757447100,3683800,4259563200,4267397200
57,1641,241916814538900,2798100,4316655000,4324489000
57,1657,241916865333400,2800900,4367449500,4375283500
57,1673,241916918168100,3482400,4420284200,4428118200
57,1689,241916973486000,4488500,4475602100,4483436100
57,1705,241917031823000,3285500,4533939100,4541773100
57,1721,241917085344200,3021600,4587460300,4595294300
57,1737,241917150704800,3539700,4652820900,4660654900
57,1753,241917204171200,3538100,4706287300,4714121300
57,1769,241917252840500,2596900,4754956600,4762790600
57,1785,241917302050700,3038500,4804166800,4812000800
57,1801,241917353083400,2658300,4855199500,4863033500
57,1817,241917404262400,2958900,4906378500,4914212500
57,1833,241917454831000,3573800,4956947100,4964781100
57,1849,241917507452700,3593000,5009568800,5017402800
57,1865,241917565431100,2969300,5067547200,5075381200
57,1881,241917614106500,3208100,5116222600,5124056600
57,1897,241917666505200,3387000,5168621300,5176455300
57,1913,241917719659400,3621000,5221775500,5229609500
57,1929,241917768521600,3777400,5270637700,5278471700
57,1945,241917821770800,2749700,5323886900,5331720900
57,1961,241917871406800,2793000,5373522900,5381356900
57,1977,241917920475000,3104600,5422591100,5430425100
57,1993,241917975787200,3698600,5477903300,5485737300
57,2009,241918023087600,3504500,5525203700,5533037700
57,2025,241918074358600,3188700,5576474700,5584308700
57,2041,241918126271100,5661500,5628387200,5636221200
58,10,241912662836700,2311600,164952800,172786800
58,26,241912700149500,2208300,202265600,210099600
58,42,241912739351400,2283700,241467500,249301500
58,58,241912774500500,2223300,276616600,284450600
58,74,241912811074900,2223300,313191000,321025000
58,90,241912847223700,2278300,349339800,357173800
58,106,241912885353000,2527200,387469100,395303100
58,122,241912924208300,2437300,426324400,434158400
58,138,241912998144300,4542600,500260400,508094400
58,154,241913037492000,2179900,539608100,547442100
58,170,241913074948400,2283200,577064500,584898500
58,186,241913117379600,2169700,619495700,627329700
58,202,241913153463000,2124600,655579100,663413100
58,218,241913189663600,2182500,691779700,699613700
58,234,241913226121100,2169200,728237200,736071200
58,250,241913260602600,2116000,762718700,770552700
58,266,241913314278100,2185900,816394200,824228200
58,282,241913349628800,2217000,851744900,859578900
58,298,241913386389400,2509400,888505500,896339500
58,314,241913422457200,2846100,924573300,932407300
58,330,241913460495700,2163000,962611800,970445800
58,346,241913495711900,2252700,997828000,1005662000
58,362,241913531624900,2308800,1033741000,1041575000
58,378,241913567942400,2234200,1070058500,1077892500
58,394,241913620903500,2242000,1123019600,1130853600
58,410,241913655818500,2111900,1157934600,1165768600
58,426,241913691873200,2232600,1193989300,1201823300
58,442,241913728139600,2122300,1230255700,1238089700
58,458,241913763460300,2142000,1265576400,1273410400
58,474,241913798542500,2372200,1300658600,1308492600
58,490,241913835030900,1971000,1337147000,1344981000
58,506,241913870767600,2149300,1372883700,1380717700
58,522,241913906368700,2125500,1408484800,1416318800
58,538,241913961356200,2111400,1463472300,1471306300
58,554,241913995378400,2096000,1497494500,1505328500
58,570,241914030996000,2160600,1533112100,1540946100
58,586,241914066672000,2246400,1568788100,1576622100
58,602,241914101209800,2114200,1603325900,1611159900
58,618,241914135118500,2148500,1637234600,1645068600
58,634,241914169199400,2153600,1671315500,1679149500
58,650,241914203340500,2131200,1705456600,1713290600
58,666,241914256429800,2087600,1758545900,1766379900
58,682,241914296508100,2180300,1798624200,1806458200
58,698,241914332362900,2462300,1834479000,1842313000
58,714,241914366729000,2055900,1868845100,1876679100
58,730,241914400445400,2127500,1902561500,1910395500
58,746,241914436098300,2382400,1938214400,1946048400
58,762,241914473087900,2169300,1975204000,1983038000
58,778,241914507917300,2169700,2010033400,2017867400
58,794,241914563533800,2316900,2065649900,2073483900
58,810,241914599725900,2237400,2101842000,2109676000
58,826,241914635747700,2179200,2137863800,2145697800
58,842,241914672167600,2310500,2174283700,2182117700
58,858,241914709053400,2213100,2211169500,2219003500
58,874,241914745274500,2185400,2247390600,2255224600
58,890,241914780022000,2186600,2282138100,2289972100
58,906,241914814405400,2138400,2316521500,2324355500
58,922,241914848531400,2095700,2350647500,2358481500
58,938,241914906544300,2153900,2408660400,2416494400
58,954,241914942361600,2213000,2444477700,2452311700
58,970,241914977445000,2158300,2479561100,2487395100
58,986,241915012256300,2189500,2514372400,2522206400
58,1002,241915047184000,2212500,2549300100,2557134100
58,1018,241915082985600,2156400,2585101700,2592935700
58,1034,241915118036000,2281800,2620152100,2627986100
58,1050,241915153695100,2126100,2655811200,2663645200
58,1066,241915195029900,2109900,2697146000,2704980000
58,1082,241915229652400,2120300,2731768500,2739602500
58,1098,241915264278900,2174600,2766395000,2774229000
58,1114,241915298629400,2146700,2800745500,2808579500
58,1130,241915333501300,2230200,2835617400,2843451400
58,1146,241915369532600,2169200,2871648700,2879482700
58,1162,241915404616500,2125000,2906732600,2914566600
58,1178,241915439214700,2120000,2941330800,2949164800
58,1194,241915480140800,2148500,2982256900,2990090900
58,1210,241915521820500,3019200,3023936600,3031770600
58,1226,241915569312900,2886800,3071429000,3079263000
58,1242,241915613750400,2723400,3115866500,3123700500
58,1258,241915655760000,3093000,3157876100,3165710100
58,1274,241915699988100,2640400,3202104200,3209938200
58,1290,241915743030700,2531400,3245146800,3252980800
58,1306,241915785278300,2658900,3287394400,3295228400
58,1322,241915827642900,2626300,3329759000,3337593000
58,1338,241915881583200,2683900,3383699300,3391533300
58,1354,241915928705800,2607300,3430821900,3438655900
58,1370,241915975137700,2759500,3477253800,3485087800
58,1386,241916018654200,2652300,3520770300,3528604300
58,1402,241916063459700,2969800,3565575800,3573409800
58,1418,241916109343000,2580000,3611459100,3619293100
58,1434,241916153679000,2833000,3655795100,3663629100
58,1450,241916202284100,3495400,3704400200,3712234200
58,1466,241916253428200,3027000,3755544300,3763378300
58,1482,241916301932700,2629100,3804048800,3811882800
58,1498,241916348068000,3154200,3850184100,3858018100
58,1514,241916396852100,3136300,3898968200,3906802200
58,1530,241916447847700,3012900,3949963800,3957797800
58,1546,241916498818100,3344100,4000934200,4008768200
58,1562,241916549231900,3910800,4051348000,4059182000
58,1578,241916604140500,2697100,4106256600,4114090600
58,1594,241916662560200,3135100,4164676300,4172510300
58,1610,241916712017300,3042500,4214133400,4221967400
58,1626,241916761923500,3498900,4264039600,4271873600
58,1642,241916818011200,2880500,4320127300,4327961300
58,1658,241916868716300,3003400,4370832400,4378666400
58,1674,241916922206200,3045800,4424322300,4432156300
58,1690,241916978620900,2910000,4480737000,4488571000
58,1706,241917035751100,2976900,4537867200,4545701200
58,1722,241917089130200,4431500,4591246300,4599080300
58,1738,241917155350200,3735000,4657466300,4665300300
58,1754,241917208768000,2826000,4710884100,4718718100
58,1770,241917257089100,3038400,4759205200,4767039200
58,1786,241917306694900,2903700,4808811000,4816645000
58,1802,241917357422700,3442800,4859538800,4867372800
58,1818,241917408844900,2637700,4910961000,4918795000
58,1834,241917460622100,3497400,4962738200,4970572200
58,1850,241917512897200,3305300,5015013300,5022847300
58,1866,241917570806000,3395700,5072922100,5080756100
58,1882,241917619621000,3165900,5121737100,5129571100
58,1898,241917671868600,3258200,5173984700,5181818700
58,1914,241917725152500,2807300,5227268600,5235102600
58,1930,241917774413800,3267800,5276529900,5284363900
58,1946,241917826822400,3033000,5328938500,5336772500
58,1962,241917876176500,2787900,5378292600,5386126600
58,1978,241917925597600,3002500,5427713700,5435547700
58,1994,241917982028500,2888300,5484144600,5491978600
58,2010,241918028868200,3110700,5530984300,5538818300
58,2026,241918079604800,3048600,5581720900,5589554900
58,2042,241918135478600,2616600,5637594700,5645428700
59,11,241912665568500,2392100,167684600,175518600
59,27,241912702809900,2166600,204926000,212760000
59,43,241912742148600,2278700,244264700,252098700
59,59,241912777296800,2303400,279412900,287246900
59,75,241912813872000,2317100,315988100,323822100
59,91,241912850184900,2257200,352301000,360135000
59,107,241912888994100,2430900,391110200,398944200
59,123,241912927804400,3064200,429920500,437754500
59,139,241913002037200,2380500,504153300,511987300
59,155,241913039185600,2684900,541301700,549135700
59,171,241913076735400,2416000,578851500,586685500
59,187,241913118772400,2208100,620888500,628722500
59,203,241913155017200,2227400,657133300,664967300
59,219,241913191237300,2101900,693353400,701187400
59,235,241913227867000,2135800,729983100,737817100
59,251,241913262246000,2212600,764362100,772196100
59,267,241913315905300,2197300,818021400,825855400
59,283,241913351168300,2167100,853284400,861118400
59,299,241913387986600,2323400,890102700,897936700
59,315,241913425880500,4344400,927996600,935830600
59,331,241913463374500,2170600,965490600,973324600
59,347,241913498635600,2222900,1000751700,1008585700
59,363,241913534509800,2251500,1036625900,1044459900
59,379,241913570651900,2188700,1072768000,1080602000
59,395,241913623715000,2254700,1125831100,1133665100
59,411,241913658465400,2289200,1160581500,1168415500
59,427,241913694610400,2383500,1196726500,1204560500
59,443,241913730670200,2340100,1232786300,1240620300
59,459,241913765993500,2117200,1268109600,1275943600
59,475,241913801300500,2288800,1303416600,1311250600
59,491,241913837368100,3431200,1339484200,1347318200
59,507,241913874674500,2213100,1376790600,1384624600
59,523,241913930273400,2389900,1432389500,1440223500
59,539,241913965266800,2113500,1467382900,1475216900
59,555,241913999234200,2106900,1501350300,1509184300
59,571,241914034957200,2163500,1537073300,1544907300
59,587,241914070792800,2223500,1572908900,1580742900
59,603,241914105065500,2101300,1607181600,1615015600
59,619,241914139027000,2152000,1641143100,1648977100
59,635,241914173120400,2120900,1675236500,1683070500
59,651,241914207233900,2139600,1709350000,1717184000
59,667,241914260299100,2137400,1762415200,1770249200
59,683,241914301548000,2204000,1803664100,1811498100
59,699,241914337692100,2195700,1839808200,1847642200
59,715,241914371546000,2136100,1873662100,1881496100
59,731,241914405350700,2126700,1907466800,1915300800
59,747,241914441246600,2233800,1943362700,1951196700
59,763,241914478249100,2127900,1980365200,1988199200
59,779,241914512850800,2159000,2014966900,2022800900
59,795,241914568763000,2336700,2070879100,2078713100
59,811,241914604906300,2243800,2107022400,2114856400
59,827,241914640860900,2252300,2142977000,2150811000
59,843,241914677357300,2296300,2179473400,2187307400
59,859,241914714938000,2282500,2217054100,2224888100
59,875,241914750893700,2343600,2253009800,2260843800
59,891,241914785540200,2147100,2287656300,2295490300
59,907,241914819775200,2126400,2321891300,2329725300
59,923,241914873620200,4401000,2375736300,2383570300
59,939,241914912055200,2127600,2414171300,2422005300
59,955,241914948059200,2197400,2450175300,2458009300
59,971,241914983093000,2103400,2485209100,2493043100
59,987,241915017911700,2125200,2520027800,2527861800
59,1003,241915053123800,2388100,2555239900,2563073900
59,1019,241915088565200,2118900,2590681300,2598515300
59,1035,241915124121600,2247700,2626237700,2634071700
59,1051,241915159454300,2201500,2661570400,2669404400
59,1067,241915200670200,2294900,2702786300,2710620300
59,1083,241915235348000,2130100,2737464100,2745298100
59,1099,241915269817500,2153300,2771933600,2779767600
59,1115,241915304168200,2130000,2806284300,2814118300
59,1131,241915339228500,2210600,2841344600,2849178600
59,1147,241915375100000,2204500,2877216100,2885050100
59,1163,241915410259300,2116300,2912375400,2920209400
59,1179,241915444828800,2155000,2946944900,2954778900
59,1195,241915486351300,2267600,2988467400,2996301400
59,1211,241915530324000,2941600,3032440100,3040274100
59,1227,241915577379600,2530300,3079495700,3087329700
59,1243,241915621418200,2667700,3123534300,3131368300
59,1259,241915663947300,2867500,3166063400,3173897400
59,1275,241915707801000,2725800,3209917100,3217751100
59,1291,241915750310300,2423900,3252426400,3260260400
59,1307,241915792601400,2523700,3294717500,3302551500
59,1323,241915840995100,2964200,3343111200,3350945200
59,1339,241915889271400,2790100,3391387500,3399221500
59,1355,241915936062300,2637900,3438178400,3446012400
59,1371,241915983062800,2740800,3485178900,3493012900
59,1387,241916025992300,2534800,3528108400,3535942400
59,1403,241916071782000,3080000,3573898100,3581732100
59,1419,241916116889100,2783400,3619005200,3626839200
59,1435,241916161789800,2858100,3663905900,3671739900
59,1451,241916211329900,2815700,3713446000,3721280000
59,1467,241916261363100,2705800,3763479200,3771313200
59,1483,241916309205700,2859500,3811321800,3819155800
59,1499,241916356306800,2899300,3858422900,3866256900
59,1515,241916405305400,3212200,3907421500,3915255500
59,1531,241916455735200,3263400,3957851300,3965685300
59,1547,241916507640800,3581600,4009756900,4017590900
59,1563,241916560630000,4072800,4062746100,4070580100
59,1579,241916611276000,2775500,4113392100,4121226100
59,1595,241916670285500,3170900,4172401600,4180235600
59,1611,241916720178700,2900400,4222294800,4230128800
59,1627,241916771871500,3700400,4273987600,4281821600
59,1643,241916825601400,3001600,4327717500,4335551500
59,1659,241916876997900,3434600,4379114000,4386948000
59,1675,241916930535900,3302800,4432652000,4440486000
59,1691,241916989073400,2961100,4491189500,4499023500
59,1707,241917045256800,3025500,4547372900,4555206900
59,1723,241917104608300,4037600,4606724400,4614558400
59,1739,241917164540100,3320200,4666656200,4674490200
59,1755,241917217002700,3129200,4719118800,4726952800
59,1771,241917265584200,3329500,4767700300,4775534300
59,1787,241917314448800,3688600,4816564900,4824398900
59,1803,241917366833600,3052200,4868949700,4876783700
59,1819,241917417143200,3222600,4919259300,4927093300
59,1835,241917469733000,3291900,4971849100,4979683100
59,1851,241917521746500,3491400,5023862600,5031696600
59,1867,241917579330800,3192400,5081446900,5089280900
59,1883,241917628014500,3169900,5130130600,5137964600
59,1899,241917680375800,3503900,5182491900,5190325900
59,1915,241917732912800,3209200,5235028900,5242862900
59,1931,241917783216400,3346700,5285332500,5293166500
59,1947,241917834651700,3056300,5336767800,5344601800
59,1963,241917884921200,3141200,5387037300,5394871300
59,1979,241917933462500,3018600,5435578600,5443412600
59,1995,241917989399300,2735600,5491515400,5499349400
59,2011,241918036695300,3183000,5538811400,5546645400
59,2027,241918088072700,3027700,5590188800,5598022800
59,2043,241918142304400,3547000,5644420500,5652254500
60,12,241912667454800,2424300,169570900,177404900
60,28,241912704491700,2179100,206607800,214441800
60,44,241912743967600,2198500,246083700,253917700
60,60,241912779121100,2386100,281237200,289071200
60,76,241912815828700,2231600,317944800,325778800
60,92,241912851968100,2288900,354084200,361918200
60,108,241912890676800,2470800,392792900,400626900
60,124,241912929830300,25872600,431946400,439780400
60,140,241913004271200,2292200,506387300,514221300
60,156,241913041633500,2462900,543749600,551583600
60,172,241913078960500,2284900,581076600,588910600
60,188,241913120953400,2602300,623069500,630903500
60,204,241913157202700,2272900,659318800,667152800
60,220,241913193311500,2352800,695427600,703261600
60,236,241913229734500,2143700,731850600,739684600
60,252,241913264089200,2121600,766205300,774039300
60,268,241913317728000,2249500,819844100,827678100
60,284,241913353054800,2229100,855170900,863004900
60,300,241913390111900,2316600,892228000,900062000
60,316,241913429396800,2349500,931512900,939346900
60,332,241913464761800,2156100,966877900,974711900
60,348,241913499978000,2153900,1002094100,1009928100
60,364,241913536017800,2236200,1038133900,1045967900
60,380,241913572251100,2098400,1074367200,1082201200
60,396,241913625214700,2221700,1127330800,1135164800
60,412,241913659805600,2444000,1161921700,1169755700
60,428,241913696456200,2226000,1198572300,1206406300
60,444,241913732530400,2223200,1234646500,1242480500
60,460,241913767625700,2149200,1269741800,1277575800
60,476,241913803155200,2196800,1305271300,1313105300
60,492,241913840727200,2361700,1342843300,1350677300
60,508,241913876640100,2130000,1378756200,1386590200
60,524,241913932304000,2096000,1434420100,1442254100
60,540,241913967019300,2101100,1469135400,1476969400
60,556,241914000952000,2151200,1503068100,1510902100
60,572,241914036671200,2117400,1538787300,1546621300
60,588,241914072572900,2241100,1574689000,1582523000
60,604,241914106728500,2093700,1608844600,1616678600
60,620,241914140711400,2150000,1642827500,1650661500
60,636,241914174786300,2134100,1676902400,1684736400
60,652,241914208911500,2151700,1711027600,1718861600
60,668,241914261941300,2088000,1764057400,1771891400
60,684,241914301352600,2175800,1803468700,1811302700
60,700,241914337518000,2191100,1839634100,1847468100
60,716,241914371437200,2129000,1873553300,1881387300
60,732,241914405239800,2123800,1907355900,1915189900
60,748,241914441482200,2231700,1943598300,1951432300
60,764,241914478629800,2139900,1980745900,1988579900
60,780,241914513220300,2172500,2015336400,2023170400
60,796,241914569283300,2317500,2071399400,2079233400
60,812,241914605390700,2207400,2107506800,2115340800
60,828,241914641317500,2242200,2143433600,2151267600
60,844,241914677898800,2322600,2180014900,2187848900
60,860,241914714526400,2333500,2216642500,2224476500
60,876,241914750485900,2318600,2252602000,2260436000
60,892,241914785165100,2138100,2287281200,2295115200
60,908,241914819409100,2091500,2321525200,2329359200
60,924,241914873197800,4357200,2375313900,2383147900
60,940,241914911691800,2116200,2413807900,2421641900
60,956,241914947681100,2213300,2449797200,2457631200
60,972,241914982684600,2080500,2484800700,2492634700
60,988,241915017692000,2110400,2519808100,2527642100
60,1004,241915052945600,2401800,2555061700,2562895700
60,1020,241915088419100,2116100,2590535200,2598369200
60,1036,241915123631400,2273700,2625747500,2633581500
60,1052,241915158996200,2164000,2661112300,2668946300
60,1068,241915200165400,2203800,2702281500,2710115500
60,1084,241915234767100,2126200,2736883200,2744717200
60,1100,241915269324300,2152000,2771440400,2779274400
60,1116,241915303689200,2118900,2805805300,2813639300
60,1132,241915338612100,2223400,2840728200,2848562200
60,1148,241915374521000,2158200,2876637100,2884471100
60,1164,241915409676900,2096100,2911793000,2919627000
60,1180,241915444217900,2138700,2946334000,2954168000
60,1196,241915485518700,2283200,2987634800,2995468800
60,1212,241915529218500,2897800,3031334600,3039168600
60,1228,241915576160200,2534400,3078276300,3086110300
60,1244,241915620206400,2701200,3122322500,3130156500
60,1260,241915662699500,2789300,3164815600,3172649600
60,1276,241915706327400,2913200,3208443500,3216277500
60,1292,241915749090000,2519600,3251206100,3259040100
60,1308,241915791365200,2543000,3293481300,3301315300
60,1324,241915839639800,2810700,3341755900,3349589900
60,1340,241915888034000,2761800,3390150100,3397984100
60,1356,241915934861800,2613900,3436977900,3444811900
60,1372,241915981818700,2733400,3483934800,3491768800
60,1388,241916024843800,2533300,3526959900,3534793900
60,1404,241916070039400,2920200,3572155500,3579989500
60,1420,241916115201800,2761400,3617317900,3625151900
60,1436,241916160035400,2875900,3662151500,3669985500
60,1452,241916209752300,2751200,3711868400,3719702400
60,1468,241916259844000,2748400,3761960100,3769794100
60,1484,241916307831000,2552900,3809947100,3817781100
60,1500,241916354737600,2863400,3856853700,3864687700
60,1516,241916403635000,2974900,3905751100,3913585100
60,1532,241916454015800,3250800,3956131900,3963965900
60,1548,241916505935700,3228000,4008051800,4015885800
60,1564,241916557812600,4805400,4059928700,4067762700
60,1580,241916609957100,2773400,4112073200,4119907200
60,1596,241916668805400,3170500,4170921500,4178755500
60,1612,241916718831700,2972200,4220947800,4228781800
60,1628,241916770131600,3708800,4272247700,4280081700
60,1644,241916824408500,2867200,4326524600,4334358600
60,1660,241916875857600,3395000,4377973700,4385807700
60,1676,241916929350400,3208900,4431466500,4439300500
60,1692,241916988027600,3115800,4490143700,4497977700
60,1708,241917044283400,2948700,4546399500,4554233500
60,1724,241917103328700,4018000,4605444800,4613278800
60,1740,241917163585800,3316900,4665701900,4673535900
60,1756,241917216092700,3204400,4718208800,4726042800
60,1772,241917264507900,3326700,4766624000,4774458000
60,1788,241917313449400,3326200,4815565500,4823399500
60,1804,241917365625100,3287200,4867741200,4875575200
60,1820,241917415639400,3528200,4917755500,4925589500
60,1836,241917468351500,3336600,4970467600,4978301600
60,1852,241917520367300,3390800,5022483400,5030317400
60,1868,241917578080900,3011100,5080197000,5088031000
60,1884,241917626704600,3127600,5128820700,5136654700
60,1900,241917679119100,3260100,5181235200,5189069200
60,1916,241917731632600,3030200,5233748700,5241582700
60,1932,241917781904600,3262700,5284020700,5291854700
60,1948,241917833361400,3120800,5335477500,5343311500
60,1964,241917882957200,3913600,5385073300,5392907300
60,1980,241917932156700,3265900,5434272800,5442106800
60,1996,241917988489500,2720100,5490605600,5498439600
60,2012,241918035571300,3294700,5537687400,5545521400
60,2028,241918087001700,3094200,5589117800,5596951800
60,2044,241918141594000,3315100,5643710100,5651544100
61,13,241912670311300,2215300,172427400,180261400
61,29,241912707090500,2213000,209206600,217040600
61,45,241912746559700,2319600,248675800,256509800
61,61,241912781873300,2233400,283989400,291823400
61,77,241912818399000,2345800,320515100,328349100
61,93,241912854582500,2213200,356698600,364532600
61,109,241912893686600,2460700,395802700,403636700
61,125,241912956963700,4076000,459079800,466913800
61,141,241913006055800,2311400,508171900,516005900
61,157,241913043551700,2539000,545667800,553501800
61,173,241913080827600,2089100,582943700,590777700
61,189,241913122993300,2439500,625109400,632943400
61,205,241913158821800,2160300,660937900,668771900
61,221,241913194772200,2204600,696888300,704722300
61,237,241913231000100,2180500,733116200,740950200
61,253,241913265457100,2300800,767573200,775407200
61,269,241913319424800,2227600,821540900,829374900
61,285,241913354789700,2184900,856905800,864739800
61,301,241913391828500,2256100,893944600,901778600
61,317,241913430356100,2283600,932472200,940306200
61,333,241913465658700,2130500,967774800,975608800
61,349,241913500919300,2114100,1003035400,1010869400
61,365,241913537102900,2214000,1039219000,1047053000
61,381,241913573264900,2059600,1075381000,1083215000
61,397,241913626294400,2111900,1128410500,1136244500
61,413,241913660988000,2416700,1163104100,1170938100
61,429,241913697240900,2221000,1199357000,1207191000
61,445,241913733262400,2249100,1235378500,1243212500
61,461,241913768356200,2159200,1270472300,1278306300
61,477,241913803819100,2264700,1305935200,1313769200
61,493,241913840214200,2437000,1342330300,1350164300
61,509,241913876297100,2131400,1378413200,1386247200
61,525,241913932019900,2089000,1434136000,1441970000
61,541,241913966709200,2104300,1468825300,1476659300
61,557,241914000674400,2150400,1502790500,1510624500
61,573,241914036393900,2113800,1538510000,1546344000
61,589,241914072261900,2242400,1574378000,1582212000
61,605,241914106450300,2112200,1608566400,1616400400
61,621,241914140425000,2148500,1642541100,1650375100
61,637,241914174508300,2119400,1676624400,1684458400
61,653,241914208615500,2165200,1710731600,1718565600
61,669,241914261610700,2080400,1763726800,1771560800
61,685,241914301835900,2221500,1803952000,1811786000
61,701,241914337942900,2215800,1840059000,1847893000
61,717,241914371821600,2143200,1873937700,1881771700
61,733,241914405664900,2136300,1907781000,1915615000
61,749,241914441869700,2229900,1943985800,1951819800
61,765,241914478512000,2145100,1980628100,1988462100
61,781,241914513110600,2157400,2015226700,2023060700
61,797,241914568817700,2345300,2070933800,2078767800
61,813,241914604999900,2239300,2107116000,2114950000
61,829,241914641013400,2247000,2143129500,2150963500
61,845,241914677415200,2318900,2179531300,2187365300
61,861,241914715115700,2271600,2217231800,2225065800
61,877,241914751069300,2323500,2253185400,2261019400
61,893,241914785681700,2157100,2287797800,2295631800
61,909,241914819950200,2135900,2322066300,2329900300
61,925,241914873822200,4849000,2375938300,2383772300
61,941,241914912326000,2133000,2414442100,2422276100
61,957,241914948322600,2216200,2450438700,2458272700
61,973,241914983237600,2115200,2485353700,2493187700
61,989,241915018053500,2138400,2520169600,2528003600
61,1005,241915053408200,2442100,2555524300,2563358300
61,1021,241915088839900,2134700,2590956000,2598790000
61,1037,241915124270900,2267500,2626387000,2634221000
61,1053,241915159570600,2221500,2661686700,2669520700
61,1069,241915200767000,2164600,2702883100,2710717100
61,1085,241915235407800,2136500,2737523900,2745357900
61,1101,241915269903800,2161500,2772019900,2779853900
61,1117,241915304286700,2139600,2806402800,2814236800
61,1133,241915339350900,2223200,2841467000,2849301000
61,1149,241915375208300,2156900,2877324400,2885158400
61,1165,241915410315200,2133900,2912431300,2920265300
61,1181,241915444859600,2157600,2946975700,2954809700
61,1197,241915486060900,2284900,2988177000,2996011000
61,1213,241915529940800,2921900,3032056900,3039890900
61,1229,241915576864900,2471800,3078981000,3086815000
61,1245,241915620875100,2702700,3122991200,3130825200
61,1261,241915663346200,2840800,3165462300,3173296300
61,1277,241915707040600,2883300,3209156700,3216990700
61,1293,241915749725000,2512700,3251841100,3259675100
61,1309,241915792042000,2527900,3294158100,3301992100
61,1325,241915840385600,2900000,3342501700,3350335700
61,1341,241915888666400,2780500,3390782500,3398616500
61,1357,241915935418700,2646500,3437534800,3445368800
61,1373,241915982414100,2733700,3484530200,3492364200
61,1389,241916025400300,2538000,3527516400,3535350400
61,1405,241916071047900,3086300,3573164000,3580998000
61,1421,241916116227500,2788500,3618343600,3626177600
61,1437,241916161115700,2850700,3663231800,3671065800
61,1453,241916210818800,2822000,3712934900,3720768900
61,1469,241916260933300,2700700,3763049400,3770883400
61,1485,241916308816400,2767200,3810932500,3818766500
61,1501,241916355829500,2869100,3857945600,3865779600
61,1517,241916404814300,3148300,3906930400,3914764400
61,1533,241916455338200,3248200,3957454300,3965288300
61,1549,241916507274000,3500400,4009390100,4017224100
61,1565,241916559988300,4266600,4062104400,4069938400
61,1581,241916610888100,2761200,4113004200,4120838200
61,1597,241916669943500,3154000,4172059600,4179893600
61,1613,241916719789600,2882500,4221905700,4229739700
61,1629,241916771220300,3773800,4273336400,4281170400
61,1645,241916825143200,2893100,4327259300,4335093300
61,1661,241916876198500,3545600,4378314600,4386148600
61,1677,241916929797000,3187800,4431913100,4439747100
61,1693,241916988308900,3109100,4490425000,4498259000
61,1709,241917044489000,2948800,4546605100,4554439100
61,1725,241917103646900,3966400,4605763000,4613597000
61,1741,241917163775700,3332600,4665891800,4673725800
61,1757,241917216252200,3177100,4718368300,4726202300
61,1773,241917264598600,3320300,4766714700,4774548700
61,1789,241917313537800,3396200,4815653900,4823487900
61,1805,241917365716300,3283400,4867832400,4875666400
61,1821,241917415938800,3399000,4918054900,4925888900
61,1837,241917468613600,3362300,4970729700,4978563700
61,1853,241917520527000,3456900,5022643100,5030477100
61,1869,241917578194200,3044400,5080310300,5088144300
61,1885,241917626782400,3150200,5128898500,5136732500
61,1901,241917679162400,3266300,5181278500,5189112500
61,1917,241917731676100,3034800,5233792200,5241626200
61,1933,241917781811700,3248600,5283927800,5291761800
61,1949,241917833312600,3121800,5335428700,5343262700
61,1965,241917882913600,3861800,5385029700,5392863700
61,1981,241917932126100,3254600,5434242200,5442076200
61,1997,241917988456400,2709300,5490572500,5498406500
61,2013,241918035527800,3304800,5537643900,5545477900
61,2029,241918087050600,3086900,5589166700,5597000700
61,2045,241918141443500,3226400,5643559600,5651393600
62,14,241912672576000,2360700,174692100,182526100
62,30,241912709355400,2382300,211471500,219305500
62,46,241912749019400,2197000,251135500,258969500
62,62,241912784251000,2232700,286367100,294201100
62,78,241912820829200,2256000,322945300,330779300
62,94,241912856844700,2301900,358960800,366794800
62,110,241912896189900,2324100,398306000,406140000
62,126,241912960997400,3450600,463113500,470947500
62,142,241913009202700,2237000,511318800,519152800
62,158,241913047336200,2128100,549452300,557286300
62,174,241913083961600,3870900,586077700,593911700
62,190,241913126715700,2336900,628831800,636665800
62,206,241913162177700,2369100,664293800,672127800
62,222,241913198730500,2363100,700846600,708680600
62,238,241913234688300,2169200,736804400,744638400
62,254,241913269379100,2158300,771495200,779329200
62,270,241913322952600,2147300,825068700,832902700
62,286,241913358182400,2178500,860298500,868132500
62,302,241913395420900,2197800,897537000,905371000
62,318,241913434181600,2234900,936297700,944131700
62,334,241913469167900,2129100,971284000,979118000
62,350,241913504365900,2224400,1006482000,1014316000
62,366,241913540728000,2184900,1042844100,1050678100
62,382,241913576473300,2156700,1078589400,1086423400
62,398,241913629641000,2063800,1131757100,1139591100
62,414,241913664782300,2255800,1166898400,1174732400
62,430,241913700687600,2108500,1202803700,1210637700
62,446,241913736824500,2314800,1238940600,1246774600
62,462,241913771768600,2143400,1273884700,1281718700
62,478,241913807469000,2348400,1309585100,1317419100
62,494,241913844827400,2282600,1346943500,1354777500
62,510,241913880636500,2332100,1382752600,1390586600
62,526,241913936202400,2100700,1438318500,1446152500
62,542,241913970832300,2056800,1472948400,1480782400
62,558,241914004865500,2409000,1506981600,1514815600
62,574,241914040606500,2162500,1542722600,1550556600
62,590,241914076572700,2251300,1578688800,1586522800
62,606,241914110623600,2096900,1612739700,1620573700
62,622,241914144770700,2141900,1646886800,1654720800
62,638,241914178819200,2130300,1680935300,1688769300
62,654,241914212943300,2111700,1715059400,1722893400
62,670,241914265668200,2852000,1767784300,1775618300
62,686,241914305696400,2215200,1807812500,1815646500
62,702,241914341817800,2126600,1843933900,1851767900
62,718,241914375550100,2080000,1877666200,1885500200
62,734,241914409405900,2122000,1911522000,1919356000
62,750,241914445690500,2275100,1947806600,1955640600
62,766,241914482275600,2222700,1984391700,1992225700
62,782,241914516954700,2172900,2019070800,2026904800
62,798,241914573074700,2235300,2075190800,2083024800
62,814,241914609081000,2237600,2111197100,2119031100
62,830,241914644970600,2126000,2147086700,2154920700
62,846,241914681468800,2150600,2183584900,2191418900
62,862,241914718401300,2221100,2220517400,2228351400
62,878,241914754392800,2141700,2256508900,2264342900
62,894,241914788831800,2155300,2290947900,2298781900
62,910,241914823047500,2114100,2325163600,2332997600
62,926,241914880120200,2876000,2382236300,2390070300
62,942,241914915324500,2173400,2417440600,2425274600
62,958,241914951418500,2178300,2453534600,2461368600
62,974,241914986153200,2142000,2488269300,2496103300
62,990,241915021005400,2138300,2523121500,2530955500
62,1006,241915056560000,2333400,2558676100,2566510100
62,1022,241915091609500,2178400,2593725600,2601559600
62,1038,241915127287200,2371300,2629403300,2637237300
62,1054,241915162565400,2189100,2664681500,2672515500
62,1070,241915203814100,2235800,2705930200,2713764200
62,1086,241915238201600,2099600,2740317700,2748151700
62,1102,241915272746600,2130500,2774862700,2782696700
62,1118,241915307045000,2150100,2809161100,2816995100
62,1134,241915342275500,2357100,2844391600,2852225600
62,1150,241915378350600,2173200,2880466700,2888300700
62,1166,241915413373000,2148400,2915489100,2923323100
62,1182,241915447942700,2131500,2950058800,2957892800
62,1198,241915489249300,2135800,2991365400,2999199400
62,1214,241915534229000,2769800,3036345100,3044179100
62,1230,241915580868600,2788500,3082984700,3090818700
62,1246,241915624935100,2558500,3127051200,3134885200
62,1262,241915667728900,2713900,3169845000,3177679000
62,1278,241915711366200,2714300,3213482300,3221316300
62,1294,241915753440000,2820900,3255556100,3263390100
62,1310,241915795927500,2558000,3298043600,3305877600
62,1326,241915844789400,2783100,3346905500,3354739500
62,1342,241915892887300,2344100,3395003400,3402837400
62,1358,241915939536800,2639800,3441652900,3449486900
62,1374,241915986639200,2599800,3488755300,3496589300
62,1390,241916029293800,2592400,3531409900,3539243900
62,1406,241916075692300,2774300,3577808400,3585642400
62,1422,241916120424700,2660000,3622540800,3630374800
62,1438,241916165448300,2846800,3667564400,3675398400
62,1454,241916215073500,2611500,3717189600,3725023600
62,1470,241916265012200,2713800,3767128300,3774962300
62,1486,241916313129100,3030000,3815245200,3823079200
62,1502,241916360299800,2799800,3862415900,3870249900
62,1518,241916409735500,2817600,3911851600,3919685600
62,1534,241916460209700,3334600,3962325800,3970159800
62,1550,241916512670900,3219700,4014787000,4022621000
62,1566,241916566189800,3259300,4068305900,4076139900
62,1582,241916615966600,2794600,4118082700,4125916700
62,1598,241916675805000,3227000,4177921100,4185755100
62,1614,241916725270700,2876200,4227386800,4235220800
62,1630,241916778125000,3480000,4280241100,4288075100
62,1646,241916831041100,3089700,4333157200,4340991200
62,1662,241916882253400,3152700,4384369500,4392203500
62,1678,241916935837300,3258200,4437953400,4445787400
62,1694,241916995261000,2696900,4497377100,4505211100
62,1710,241917051284600,2991700,4553400700,4561234700
62,1726,241917111155800,3859000,4613271900,4621105900
62,1742,241917170051600,3396100,4672167700,4680001700
62,1758,241917222378800,3063500,4724494900,4732328900
62,1774,241917270831000,3008900,4772947100,4780781100
62,1790,241917320000400,3783300,4822116500,4829950500
62,1806,241917371742500,2964700,4873858600,4881692600
62,1822,241917422672700,3158900,4924788800,4932622800
62,1838,241917475181100,3249300,4977297200,4985131200
62,1854,241917527526600,3256600,5029642700,5037476700
62,1870,241917584618600,3301000,5086734700,5094568700
62,1886,241917633128500,3194700,5135244600,5143078600
62,1902,241917685927600,3081100,5188043700,5195877700
62,1918,241917738092100,3230300,5240208200,5248042200
62,1934,241917788861000,3384200,5290977100,5298811100
62,1950,241917839765800,3349000,5341881900,5349715900
62,1966,241917889957000,2787300,5392073100,5399907100
62,1982,241917938338600,2837400,5440454700,5448288700
62,1998,241917994304100,2866000,5496420200,5504254200
62,2014,241918041828000,3298700,5543944100,5551778100
62,2030,241918093003600,3023500,5595119700,5602953700
62,2046,241918148505400,3957700,5650621500,5658455500
63,15,241912675008600,2277600,177124700,184958700
63,31,241912711848900,2377200,213965000,221799000
63,47,241912751188500,2191400,253304600,261138600
63,63,241912786394900,2344500,288511000,296345000
63,79,241912823055300,2234800,325171400,333005400
63,95,241912859111900,2250200,361228000,369062000
63,111,241912898469700,2327700,400585800,408419800
63,127,241912964578700,2939300,466694800,474528800
63,143,241913011691600,2486100,513807700,521641700
63,159,241913049411400,2110000,551527500,559361500
63,175,241913087481300,3446200,589597400,597431400
63,191,241913128639500,2183600,630755600,638589600
63,207,241913164017100,2398500,666133200,673967200
63,223,241913200489500,2275500,702605600,710439600
63,239,241913236329300,2123800,738445400,746279400
63,255,241913271067100,20337300,773183200,781017200
63,271,241913324612100,2163600,826728200,834562200
63,287,241913359925100,2252500,862041200,869875200
63,303,241913397204400,2216900,899320500,907154500
63,319,241913436768800,2231600,938884900,946718900
63,335,241913471724400,2324900,973840500,981674500
63,351,241913507059900,2173400,1009176000,1017010000
63,367,241913543647800,2160700,1045763900,1053597900
63,383,241913579398100,2105800,1081514200,1089348200
63,399,241913632397800,2189000,1134513900,1142347900
63,415,241913667656600,2307300,1169772700,1177606700
63,431,241913703335800,2231600,1205451900,1213285900
63,447,241913739675900,2261800,1241792000,1249626000
63,463,241913774487900,2118300,1276604000,1284438000
63,479,241913810328200,2203900,1312444300,1320278300
63,495,241913846289300,2314600,1348405400,1356239400
63,511,241913882265600,2225500,1384381700,1392215700
63,527,241913937751800,2090400,1439867900,1447701900
63,543,241913972353400,2166300,1474469500,1482303500
63,559,241914006922300,2327100,1509038400,1516872400
63,575,241914042361400,2202600,1544477500,1552311500
63,591,241914078309600,2299300,1580425700,1588259700
63,607,241914112148900,2114700,1614265000,1622099000
63,623,241914146276800,2144500,1648392900,1656226900
63,639,241914180295100,2147800,1682411200,1690245200
63,655,241914214398800,2130500,1716514900,1724348900
63,671,241914270270600,4420700,1772386700,1780220700
63,687,241914308747500,2325600,1810863600,1818697600
63,703,241914344555300,2106100,1846671400,1854505400
63,719,241914378284100,2166700,1880400200,1888234200
63,735,241914412185900,2146300,1914302000,1922136000
63,751,241914448541100,2363000,1950657200,1958491200
63,767,241914485044500,2123200,1987160600,1994994600
63,783,241914519725500,2155700,2021841600,2029675600
63,799,241914575902400,2236800,2078018500,2085852500
63,815,241914611875300,2182600,2113991400,2121825400
63,831,241914647638600,2506600,2149754700,2157588700
63,847,241914684395500,2166700,2186511600,2194345600
63,863,241914721048200,2244500,2223164300,2230998300
63,879,241914756968600,2182800,2259084700,2266918700
63,895,241914791393300,2148000,2293509400,2301343400
63,911,241914825586700,2131900,2327702800,2335536800
63,927,241914883253200,2295700,2385369300,2393203300
63,943,241914917854300,2557400,2419970400,2427804400
63,959,241914953916800,2213100,2456032900,2463866900
63,975,241914988664900,2108000,2490781000,2498615000
63,991,241915023597200,2332000,2525713300,2533547300
63,1007,241915059411300,2279200,2561527400,2569361400
63,1023,241915094366500,2164900,2596482600,2604316600
63,1039,241915129759100,2250400,2631875200,2639709200
63,1055,241915164895900,2400800,2667012000,2674846000
63,1071,241915206142900,2179400,2708259000,2716093000
63,1087,241915240447200,2106100,2742563300,2750397300
63,1103,241915274913000,2110900,2777029100,2784863100
63,1119,241915309267600,2111600,2811383700,2819217700
63,1135,241915344561400,2363700,2846677500,2854511500
63,1151,241915380496600,2200200,2882612700,2890446700
63,1167,241915415555100,2199500,2917671200,2925505200
63,1183,241915450108100,2136600,2952224200,2960058200
63,1199,241915491418800,2209800,2993534900,3001368900
63,1215,241915537976700,2954000,3040092800,3047926800
63,1231,241915584674200,2760900,3086790300,3094624300
63,1247,241915628453500,2635600,3130569600,3138403600
63,1263,241915671344100,2613000,3173460200,3181294200
63,1279,241915715034200,2732300,3217150300,3224984300
63,1295,241915757152100,2642600,3259268200,3267102200
63,1311,241915799347700,2710300,3301463800,3309297800
63,1327,241915848527500,2801400,3350643600,3358477600
63,1343,241915896201000,4375400,3398317100,3406151100
63,1359,241915943113400,2673500,3445229500,3453063500
63,1375,241915990140300,2598200,3492256400,3500090400
63,1391,241916032792000,2650300,3534908100,3542742100
63,1407,241916079637800,2717600,3581753900,3589587900
63,1423,241916124242400,2712300,3626358500,3634192500
63,1439,241916169517000,2841600,3671633100,3679467100
63,1455,241916218710400,2784400,3720826500,3728660500
63,1471,241916268885700,2691900,3771001800,3778835800
63,1487,241916317426900,3012500,3819543000,3827377000
63,1503,241916364181300,2966700,3866297400,3874131400
63,1519,241916413583200,2921700,3915699300,3923533300
63,1535,241916465126500,3163400,3967242600,3975076600
63,1551,241916517187800,3681000,4019303900,4027137900
63,1567,241916570290000,3312500,4072406100,4080240100
63,1583,241916619475400,2866700,4121591500,4129425500
63,1599,241916679803000,3074400,4181919100,4189753100
63,1615,241916728771600,2880500,4230887700,4238721700
63,1631,241916782372900,3051300,4284489000,4292323000
63,1647,241916834860400,3151700,4336976500,4344810500
63,1663,241916886264600,3306500,4388380700,4396214700
63,1679,241916940082200,3418500,4442198300,4450032300
63,1695,241916998700000,2535100,4500816100,4508650100
63,1711,241917055182200,3004200,4557298300,4565132300
63,1727,241917115641100,4968400,4617757200,4625591200
63,1743,241917174054400,3021100,4676170500,4684004500
63,1759,241917226451100,2870500,4728567200,4736401200
63,1775,241917274913200,3033700,4777029300,4784863300
63,1791,241917324912500,3356600,4827028600,4834862600
63,1807,241917375867300,3283600,4877983400,4885817400
63,1823,241917426554200,2958200,4928670300,4936504300
63,1839,241917479094800,3498700,4981210900,4989044900
63,1855,241917531336200,3619000,5033452300,5041286300
63,1871,241917588394300,2638600,5090510400,5098344400
63,1887,241917636909000,3140900,5139025100,5146859100
63,1903,241917689614300,3144600,5191730400,5199564400
63,1919,241917741854100,2747400,5243970200,5251804200
63,1935,241917792926300,3118100,5295042400,5302876400
63,1951,241917843773100,3408600,5345889200,5353723200
63,1967,241917893265200,2704200,5395381300,5403215300
63,1983,241917941749500,3012700,5443865600,5451699600
63,1999,241917997527900,2523200,5499644000,5507478000
63,2015,241918045753600,3153300,5547869700,5555703700
63,2031,241918096595400,3454100,5598711500,5606545500
63,2047,241918153204100,3557000,5655320200,5663154200
