[To redirect Truffle log output to a file use one of the following options:
* '--log.file=<path>' if the option is passed using a guest language launcher.
* '-Dpolyglot.log.file=<path>' if the option is passed using the host Java launcher.
* Configure logging using the polyglot embedding API.]
[engine] opt start  engine=1  id=21    PhpRootGen@24c67888                                |Tier 1|Priority 112783752|Rate 750,8916|Queue: Size    0 Change +0  Load  1,00 Time     0us                                   |UTC 2026-09-25T22:41:33.608|Src n/a|Bonuses first tier
[engine] opt queued engine=1  id=21    PhpRootGen@24c67888                                |Tier 1|Count/Thres        400/      400|Queue: Size    0 Change +1  Load  1,00 Time     0us                                   |UTC 2026-09-25T22:41:33.608|Src n/a
[engine] opt queued engine=1  id=83    PhpRootGen@77f5c8cc(resume_bci=1536)               |Tier 1|Count/Thres        400/      400|Queue: Size    0 Change +1  Load  1,00 Time     0us                                   |UTC 2026-09-25T22:41:33.621|Src n/a
[engine] opt start  engine=1  id=83    PhpRootGen@77f5c8cc(resume_bci=1536)               |Tier 1|Priority 150000149|Rate 999,0009|Queue: Size    0 Change +0  Load  1,00 Time     0us                                   |UTC 2026-09-25T22:41:33.621|Src n/a|Bonuses first tier
[engine] opt start  engine=1  id=77    CallSignatureNode.CallSignatureRootNode@3a581a3f   |Tier 1|Priority   1796623|Rate 10,97749|Queue: Size    0 Change +0  Load  1,00 Time     0us                                   |UTC 2026-09-25T22:41:33.623|Src n/a|Bonuses first tier
[engine] opt queued engine=1  id=77    CallSignatureNode.CallSignatureRootNode@3a581a3f   |Tier 1|Count/Thres        400/      400|Queue: Size    0 Change +1  Load  1,00 Time     0us                                   |UTC 2026-09-25T22:41:33.623|Src n/a
[engine] opt queued engine=1  id=76    FunctionExecuteNode.SignatureExecuteNode@27822e64  |Tier 1|Count/Thres        400/      400|Queue: Size    0 Change +1  Load  1,00 Time     0us                                   |UTC 2026-09-25T22:41:33.623|Src n/a
[engine] opt start  engine=1  id=76    FunctionExecuteNode.SignatureExecuteNode@27822e64  |Tier 1|Priority   1786139|Rate 10,90759|Queue: Size    0 Change +0  Load  1,00 Time     0us                                   |UTC 2026-09-25T22:41:33.623|Src n/a|Bonuses first tier
[engine] opt done   engine=1  id=21    PhpRootGen@24c67888                                |Tier 1|Time    16(   8+8   )ms|AST    2|Inlined   0Y   0N|IR    396/  1439|CodeSize    5827|Addr 0x7831f8180000|CompId 5725   |UTC 2026-09-25T22:41:33.624|Src n/a
[engine] opt done   engine=1  id=76    FunctionExecuteNode.SignatureExecuteNode@27822e64  |Tier 1|Time     6(   4+2   )ms|AST    3|Inlined   0Y   0N|IR    124/   269|CodeSize     926|Addr 0x03fc453a0000|CompId 5728   |UTC 2026-09-25T22:41:33.629|Src n/a
[engine] opt done   engine=1  id=77    CallSignatureNode.CallSignatureRootNode@3a581a3f   |Tier 1|Time     9(   6+2   )ms|AST   11|Inlined   0Y   1N|IR    140/   403|CodeSize    1464|Addr 0x536191510000|CompId 5727   |UTC 2026-09-25T22:41:33.631|Src n/a
[0.112s] GC(0) Pause Incremental GC (Collect on allocation) 48.12M->21.00M 47.634ms
[engine] opt unque. engine=1  id=83    PhpRootGen@77f5c8cc(resume_bci=1536)               |Tier 1|Count/Thres      10000/      400|Queue: Size    0 Change  0  Load  1,00 Time     0us                                   |UTC 2026-09-25T22:41:33.687|Src n/a|Reason Non permanent bailout: jdk.graal.compiler.core.common.RetryableBailoutException: Assumption invalidated while compiling code: IsolatedObjectConstant[Object]
[engine] opt queued engine=1  id=74    CallSignatureNode.CallSignatureRootNode@10baccf1   |Tier 1|Count/Thres        400/      400|Queue: Size    0 Change +1  Load  1,00 Time     0us                                   |UTC 2026-09-25T22:41:33.716|Src n/a
[engine] opt start  engine=1  id=74    CallSignatureNode.CallSignatureRootNode@10baccf1   |Tier 1|Priority    611793|Rate 3,078626|Queue: Size    0 Change +0  Load  1,00 Time     0us                                   |UTC 2026-09-25T22:41:33.716|Src n/a|Bonuses first tier
[engine] opt start  engine=1  id=73    FunctionExecuteNode.SignatureExecuteNode@5eec76ad  |Tier 1|Priority    610664|Rate 3,071097|Queue: Size    0 Change +0  Load  1,00 Time     0us                                   |UTC 2026-09-25T22:41:33.716|Src n/a|Bonuses first tier
[engine] opt queued engine=1  id=73    FunctionExecuteNode.SignatureExecuteNode@5eec76ad  |Tier 1|Count/Thres        400/      400|Queue: Size    0 Change +1  Load  1,00 Time     0us                                   |UTC 2026-09-25T22:41:33.716|Src n/a
[engine] opt queued engine=1  id=71    LibFFIClosure.VoidRetClosureRootNode@4a3dcbfe      |Tier 1|Count/Thres        400/      400|Queue: Size    1 Change +1  Load  1,00 Time     0us                                   |UTC 2026-09-25T22:41:33.718|Src n/a
[engine] opt start  engine=1  id=71    LibFFIClosure.VoidRetClosureRootNode@4a3dcbfe      |Tier 1|Priority    610233|Rate 3,068221|Queue: Size    0 Change +0  Load  1,00 Time     0us                                   |UTC 2026-09-25T22:41:33.718|Src n/a|Bonuses first tier
[engine] opt queued engine=1  id=86    PhpRootGen@6fffa8ea(resume_bci=1760)               |Tier 1|Count/Thres        400/      400|Queue: Size    1 Change +1  Load  1,00 Time     0us                                   |UTC 2026-09-25T22:41:33.720|Src n/a
[engine] opt start  engine=1  id=86    PhpRootGen@6fffa8ea(resume_bci=1760)               |Tier 1|Priority   3573739|Rate 22,82492|Queue: Size    0 Change +0  Load  1,00 Time     0us                                   |UTC 2026-09-25T22:41:33.720|Src n/a|Bonuses first tier
[engine] opt done   engine=1  id=73    FunctionExecuteNode.SignatureExecuteNode@5eec76ad  |Tier 1|Time     7(   4+3   )ms|AST    4|Inlined   0Y   0N|IR    132/   310|CodeSize    1081|Addr 0x229b3b2f0000|CompId 5730   |UTC 2026-09-25T22:41:33.722|Src n/a
[engine] opt done   engine=1  id=74    CallSignatureNode.CallSignatureRootNode@10baccf1   |Tier 1|Time     8(   4+3   )ms|AST   12|Inlined   0Y   1N|IR    146/   483|CodeSize    1949|Addr 0x0500c2120000|CompId 5729   |UTC 2026-09-25T22:41:33.724|Src n/a
[engine] opt done   engine=1  id=71    LibFFIClosure.VoidRetClosureRootNode@4a3dcbfe      |Tier 1|Time     6(   3+2   )ms|AST   23|Inlined   0Y   0N|IR    125/   395|CodeSize    1658|Addr 0x27027e970000|CompId 5731   |UTC 2026-09-25T22:41:33.724|Src n/a
[engine] opt done   engine=1  id=86    PhpRootGen@6fffa8ea(resume_bci=1760)               |Tier 1|Time    34(  11+23  )ms|AST    1|Inlined   0Y   0N|IR   1755/  4845|CodeSize   20670|Addr 0x77f14bf80000|CompId 5732   |UTC 2026-09-25T22:41:33.755|Src n/a
[engine] opt queued engine=1  id=85    PhpRootGen@6fffa8ea(resume_bci=1142)               |Tier 1|Count/Thres        400/      400|Queue: Size    1 Change +1  Load  1,00 Time     0us                                   |UTC 2026-09-25T22:41:33.928|Src n/a
[engine] opt start  engine=1  id=85    PhpRootGen@6fffa8ea(resume_bci=1142)               |Tier 1|Priority    416517|Rate 1,776783|Queue: Size    0 Change +0  Load  1,00 Time     0us                                   |UTC 2026-09-25T22:41:33.928|Src n/a|Bonuses first tier
[0.429s] GC(1) Pause Incremental GC (Collect on allocation) 69.00M->23.00M 18.533ms
[engine] opt done   engine=1  id=85    PhpRootGen@6fffa8ea(resume_bci=1142)               |Tier 1|Time    57(  18+39  )ms|AST    1|Inlined   0Y   0N|IR   2763/  7680|CodeSize   32716|Addr 0x7af8b4840000|CompId 5733   |UTC 2026-09-25T22:41:33.985|Src n/a
[engine] opt queued engine=1  id=74    CallSignatureNode.CallSignatureRootNode@10baccf1   |Tier 2|Count/Thres      10000/    10000|Queue: Size    1 Change +1  Load  1,00 Time     0us                                   |UTC 2026-09-25T22:41:34.072|Src n/a
[engine] opt start  engine=1  id=74    CallSignatureNode.CallSignatureRootNode@10baccf1   |Tier 2|Priority    215669|Rate 20,56694|Queue: Size    0 Change +0  Load  1,00 Time     0us                                   |UTC 2026-09-25T22:41:34.072|Src n/a|Bonuses
[engine] opt queued engine=1  id=73    FunctionExecuteNode.SignatureExecuteNode@5eec76ad  |Tier 2|Count/Thres      10000/    10000|Queue: Size    1 Change +1  Load  1,00 Time     0us                                   |UTC 2026-09-25T22:41:34.072|Src n/a
[engine] opt start  engine=1  id=73    FunctionExecuteNode.SignatureExecuteNode@5eec76ad  |Tier 2|Priority    215631|Rate 20,56313|Queue: Size    0 Change +0  Load  1,00 Time     0us                                   |UTC 2026-09-25T22:41:34.072|Src n/a|Bonuses
[engine] opt queued engine=1  id=71    LibFFIClosure.VoidRetClosureRootNode@4a3dcbfe      |Tier 2|Count/Thres      10000/    10000|Queue: Size    1 Change +1  Load  1,00 Time     0us                                   |UTC 2026-09-25T22:41:34.074|Src n/a
[engine] opt start  engine=1  id=71    LibFFIClosure.VoidRetClosureRootNode@4a3dcbfe      |Tier 2|Priority    215801|Rate 20,58018|Queue: Size    0 Change +0  Load  1,00 Time     0us                                   |UTC 2026-09-25T22:41:34.074|Src n/a|Bonuses
[engine] opt done   engine=1  id=73    FunctionExecuteNode.SignatureExecuteNode@5eec76ad  |Tier 2|Time     4(   1+3   )ms|AST    4|Inlined   0Y   0N|IR     74/   188|CodeSize     646|Addr 0x35b46e460000|CompId 5735   |UTC 2026-09-25T22:41:34.076|Src n/a
[engine] opt done   engine=1  id=74    CallSignatureNode.CallSignatureRootNode@10baccf1   |Tier 2|Time     5(   2+2   )ms|AST   12|Inlined   1Y   0N|IR    108/   263|CodeSize     825|Addr 0x65f7bf9f0000|CompId 5734   |UTC 2026-09-25T22:41:34.077|Src n/a
[engine] opt done   engine=1  id=71    LibFFIClosure.VoidRetClosureRootNode@4a3dcbfe      |Tier 2|Time     4(   1+3   )ms|AST   23|Inlined   0Y   0N|IR     64/   333|CodeSize    1532|Addr 0x6112cb9f0000|CompId 5736   |UTC 2026-09-25T22:41:34.078|Src n/a
[engine] opt queued engine=1  id=86    PhpRootGen@6fffa8ea(resume_bci=1760)               |Tier 2|Count/Thres      10000/    10000|Queue: Size    1 Change +1  Load  1,00 Time     0us                                   |UTC 2026-09-25T22:41:34.099|Src n/a
[engine] opt start  engine=1  id=86    PhpRootGen@6fffa8ea(resume_bci=1760)               |Tier 2|Priority    262676|Rate 25,26760|Queue: Size    0 Change +0  Load  1,00 Time     0us                                   |UTC 2026-09-25T22:41:34.099|Src n/a|Bonuses
[engine] opt done   engine=1  id=86    PhpRootGen@6fffa8ea(resume_bci=1760)               |Tier 2|Time    47(   9+38  )ms|AST    1|Inlined   0Y   0N|IR   1672/  3783|CodeSize   15619|Addr 0x7aa465c30000|CompId 5737   |UTC 2026-09-25T22:41:34.146|Src n/a
[0.738s] GC(2) Pause Incremental GC (Collect on allocation) 71.00M->23.00M 17.058ms
[1.049s] GC(3) Pause Incremental GC (Collect on allocation) 71.00M->23.50M 17.333ms
[1.358s] GC(4) Pause Incremental GC (Collect on allocation) 71.50M->24.00M 18.747ms
[engine] opt inval. engine=1  id=86    PhpRootGen@6fffa8ea(resume_bci=1760)                                                                                                                                              |UTC 2026-09-25T22:41:35.157|Src n/a|Reason null
[engine] opt deopt  engine=1  id=86    PhpRootGen@6fffa8ea(resume_bci=1760)               |Invalidated  true|                                                                                                            |UTC 2026-09-25T22:41:35.157|Src n/a|Reason unknown
[engine] opt queued engine=1  id=86    PhpRootGen@6fffa8ea(resume_bci=1760)               |Tier 1|Count/Thres      11279/      400|Queue: Size    0 Change +1  Load  1,00 Time     0us                                   |UTC 2026-09-25T22:41:35.157|Src n/a
[engine] opt start  engine=1  id=86    PhpRootGen@6fffa8ea(resume_bci=1760)               |Tier 1|Priority  37030551|Rate 7,755044|Queue: Size    0 Change +0  Load  1,00 Time     0us                                   |UTC 2026-09-25T22:41:35.157|Src n/a|Bonuses first tier
[engine] opt done   engine=1  id=86    PhpRootGen@6fffa8ea(resume_bci=1760)               |Tier 1|Time    53(  14+39  )ms|AST    1|Inlined   0Y   0N|IR   1816/  5189|CodeSize   22345|Addr 0x23ca230b0000|CompId 5738   |UTC 2026-09-25T22:41:35.211|Src n/a
[engine] opt queued engine=1  id=86    PhpRootGen@6fffa8ea(resume_bci=1760)               |Tier 2|Count/Thres      12815/    10000|Queue: Size    0 Change +1  Load  1,00 Time     0us                                   |UTC 2026-09-25T22:41:35.217|Src n/a
[engine] opt start  engine=1  id=86    PhpRootGen@6fffa8ea(resume_bci=1760)               |Tier 2|Priority    121332|Rate 8,468029|Queue: Size    0 Change +0  Load  1,00 Time     0us                                   |UTC 2026-09-25T22:41:35.217|Src n/a|Bonuses
[1.668s] GC(5) Pause Incremental GC (Collect on allocation) 72.00M->24.50M 18.318ms
[engine] opt done   engine=1  id=86    PhpRootGen@6fffa8ea(resume_bci=1760)               |Tier 2|Time    89(  31+58  )ms|AST    1|Inlined   0Y   0N|IR   1688/  4080|CodeSize   17354|Addr 0x2d8b71440000|CompId 5739   |UTC 2026-09-25T22:41:35.306|Src n/a
[1.983s] GC(6) Pause Incremental GC (Collect on allocation) 72.50M->25.00M 18.952ms
[2.298s] GC(7) Pause Incremental GC (Collect on allocation) 73.00M->25.50M 19.277ms
[2.601s] GC(8) Pause Incremental GC (Collect on allocation) 73.50M->25.50M 5.652ms
[2.898s] GC(9) Pause Incremental GC (Collect on allocation) 73.50M->26.00M 5.352ms
[3.251s] GC(10) Pause Incremental GC (Collect on allocation) 74.00M->26.50M 5.396ms
[3.626s] GC(11) Pause Incremental GC (Collect on allocation) 74.50M->27.00M 5.494ms
[4.011s] GC(12) Pause Incremental GC (Collect on allocation) 75.00M->27.50M 5.467ms
[4.404s] GC(13) Pause Incremental GC (Collect on allocation) 75.50M->27.50M 5.446ms
[4.795s] GC(14) Pause Incremental GC (Collect on allocation) 75.50M->28.00M 5.398ms
[5.174s] GC(15) Pause Incremental GC (Collect on allocation) 76.00M->28.50M 5.374ms
[engine] opt inval. engine=1  id=86    PhpRootGen@6fffa8ea(resume_bci=1760)                                                                                                                                              |UTC 2026-09-25T22:41:38.915|Src n/a|Reason null
[engine] opt deopt  engine=1  id=86    PhpRootGen@6fffa8ea(resume_bci=1760)               |Invalidated  true|                                                                                                            |UTC 2026-09-25T22:41:38.916|Src n/a|Reason unknown
[engine] opt queued engine=1  id=86    PhpRootGen@6fffa8ea(resume_bci=1760)               |Tier 1|Count/Thres      14631/      400|Queue: Size    0 Change +1  Load  1,00 Time     0us                                   |UTC 2026-09-25T22:41:38.916|Src n/a
[engine] opt start  engine=1  id=86    PhpRootGen@6fffa8ea(resume_bci=1760)               |Tier 1|Priority  20887648|Rate 2,807012|Queue: Size    0 Change +0  Load  1,00 Time     0us                                   |UTC 2026-09-25T22:41:38.916|Src n/a|Bonuses first tier
[engine] opt inval. engine=1  id=85    PhpRootGen@6fffa8ea(resume_bci=1142)                                                                                                                                              |UTC 2026-09-25T22:41:38.918|Src n/a|Reason null
[engine] opt deopt  engine=1  id=85    PhpRootGen@6fffa8ea(resume_bci=1142)               |Invalidated  true|                                                                                                            |UTC 2026-09-25T22:41:38.918|Src n/a|Reason unknown
[engine] opt queued engine=1  id=85    PhpRootGen@6fffa8ea(resume_bci=1142)               |Tier 1|Count/Thres       8188/      400|Queue: Size    0 Change +1  Load  1,00 Time     0us                                   |UTC 2026-09-25T22:41:38.919|Src n/a
[engine] opt start  engine=1  id=85    PhpRootGen@6fffa8ea(resume_bci=1142)               |Tier 1|Priority   7890749|Rate 1,569858|Queue: Size    0 Change +0  Load  1,00 Time     0us                                   |UTC 2026-09-25T22:41:38.919|Src n/a|Bonuses first tier
[engine] opt queued engine=1  id=89    PhpRootGen@24c67888(resume_bci=168)                |Tier 1|Count/Thres        400/      400|Queue: Size    0 Change +1  Load  1,00 Time     0us                                   |UTC 2026-09-25T22:41:38.925|Src n/a
[engine] opt start  engine=1  id=89    PhpRootGen@24c67888(resume_bci=168)                |Tier 1|Priority  70696737|Rate 470,3115|Queue: Size    0 Change +0  Load  1,00 Time     0us                                   |UTC 2026-09-25T22:41:38.925|Src n/a|Bonuses first tier
[engine] opt done   engine=1  id=89    PhpRootGen@24c67888(resume_bci=168)                |Tier 1|Time    13(   8+6   )ms|AST    1|Inlined   0Y   0N|IR    351/   790|CodeSize    2933|Addr 0x4fa331010000|CompId 5742   |UTC 2026-09-25T22:41:38.939|Src n/a
VERSION libcurl/8.22.0 BoringSSL zlib/1.3.2 brotli/1.2.0 zstd/1.5.7 WinIDN nghttp2/1.63.0
CLOCK 241753472317300 241753479204000
LATENCY 15547200
TIMELINE 0 0 241753527451200 15547200
LATENCY 2208500
TIMELINE 0 16 241753580397800 2208500
LATENCY 2387800
TIMELINE 0 32 241753616265300 2387800
LATENCY 2294500
TIMELINE 0 48 241753651551700 2294500
LATENCY 2164300
TIMELINE 0 64 241753687175100 2164300
LATENCY 2295300
TIMELINE 0 80 241753722946300 2295300
LATENCY 2114000
TIMELINE 0 96 241753757695900 2114000
LATENCY 2157900
TIMELINE 0 112 241753793392700 2157900
LATENCY 2142200
TIMELINE 0 128 241753850130400 2142200
LATENCY 2102400
TIMELINE 0 144 241753884419900 2102400
LATENCY 2440200
TIMELINE 0 160 241753921820400 2440200
LATENCY 2133700
TIMELINE 0 176 241753958363800 2133700
LATENCY 2108500
TIMELINE 0 192 241753993316400 2108500
LATENCY 2194100
TIMELINE 0 208 241754027683000 2194100
LATENCY 2185000
TIMELINE 0 224 241754063178300 2185000
LATENCY 2141500
TIMELINE 0 240 241754098254400 2141500
LATENCY 2217800
TIMELINE 0 256 241754133820900 2217800
LATENCY 2153800
TIMELINE 0 272 241754186689200 2153800
LATENCY 2112200
TIMELINE 0 288 241754220875700 2112200
LATENCY 2156700
TIMELINE 0 304 241754254755200 2156700
LATENCY 2226700
TIMELINE 0 320 241754290099600 2226700
LATENCY 2259700
TIMELINE 0 336 241754325315200 2259700
LATENCY 2216600
TIMELINE 0 352 241754361837200 2216600
LATENCY 2293800
TIMELINE 0 368 241754397084600 2293800
LATENCY 2469700
TIMELINE 0 384 241754431461100 2469700
LATENCY 2125200
TIMELINE 0 400 241754484769200 2125200
LATENCY 2127400
TIMELINE 0 416 241754519127100 2127400
LATENCY 2192800
TIMELINE 0 432 241754553674600 2192800
LATENCY 2229100
TIMELINE 0 448 241754587869500 2229100
LATENCY 2284500
TIMELINE 0 464 241754622370600 2284500
LATENCY 2167000
TIMELINE 0 480 241754657679500 2167000
LATENCY 2143500
TIMELINE 0 496 241754691882200 2143500
LATENCY 2147800
TIMELINE 0 512 241754726786800 2147800
LATENCY 2345400
TIMELINE 0 528 241754782025600 2345400
LATENCY 2303000
TIMELINE 0 544 241754818632400 2303000
LATENCY 2164200
TIMELINE 0 560 241754852896800 2164200
LATENCY 2556300
TIMELINE 0 576 241754887246700 2556300
LATENCY 2157900
TIMELINE 0 592 241754922917200 2157900
LATENCY 2153700
TIMELINE 0 608 241754957224200 2153700
LATENCY 2160600
TIMELINE 0 624 241754991175500 2160600
LATENCY 2227500
TIMELINE 0 640 241755029387500 2227500
LATENCY 2687000
TIMELINE 0 656 241755084618300 2687000
LATENCY 2178400
TIMELINE 0 672 241755122644200 2178400
LATENCY 2135400
TIMELINE 0 688 241755159042900 2135400
LATENCY 2216600
TIMELINE 0 704 241755194291400 2216600
LATENCY 2180000
TIMELINE 0 720 241755229407600 2180000
LATENCY 2295600
TIMELINE 0 736 241755263762300 2295600
LATENCY 2347600
TIMELINE 0 752 241755299072700 2347600
LATENCY 2091800
TIMELINE 0 768 241755335318000 2091800
LATENCY 2201100
TIMELINE 0 784 241755369986900 2201100
LATENCY 2135300
TIMELINE 0 800 241755425327400 2135300
LATENCY 2277500
TIMELINE 0 816 241755459793100 2277500
LATENCY 2208300
TIMELINE 0 832 241755495202500 2208300
LATENCY 2100300
TIMELINE 0 848 241755530123400 2100300
LATENCY 2382200
TIMELINE 0 864 241755565794400 2382200
LATENCY 2120000
TIMELINE 0 880 241755601395400 2120000
LATENCY 2228200
TIMELINE 0 896 241755637787000 2228200
LATENCY 2091800
TIMELINE 0 912 241755672504500 2091800
LATENCY 2219900
TIMELINE 0 928 241755729732700 2219900
LATENCY 2421800
TIMELINE 0 944 241755765560300 2421800
LATENCY 2202700
TIMELINE 0 960 241755801663800 2202700
LATENCY 2204400
TIMELINE 0 976 241755837628700 2204400
LATENCY 2167600
TIMELINE 0 992 241755872297900 2167600
LATENCY 2119200
TIMELINE 0 1008 241755906624600 2119200
LATENCY 2127900
TIMELINE 0 1024 241755942408700 2127900
LATENCY 2114400
TIMELINE 0 1040 241755977177100 2114400
LATENCY 2264700
TIMELINE 0 1056 241756018158600 2264700
LATENCY 2192200
TIMELINE 0 1072 241756054064500 2192200
LATENCY 2133900
TIMELINE 0 1088 241756089527600 2133900
LATENCY 2203300
TIMELINE 0 1104 241756124752600 2203300
LATENCY 2240400
TIMELINE 0 1120 241756160361600 2240400
LATENCY 2146200
TIMELINE 0 1136 241756195829000 2146200
LATENCY 2098200
TIMELINE 0 1152 241756230819200 2098200
LATENCY 2092400
TIMELINE 0 1168 241756264916100 2092400
LATENCY 2125500
TIMELINE 0 1184 241756298696400 2125500
LATENCY 2160700
TIMELINE 0 1200 241756338962500 2160700
LATENCY 2136800
TIMELINE 0 1216 241756373975100 2136800
LATENCY 2123500
TIMELINE 0 1232 241756407973900 2123500
LATENCY 2972500
TIMELINE 0 1248 241756450769800 2972500
LATENCY 2654700
TIMELINE 0 1264 241756496539200 2654700
LATENCY 2649500
TIMELINE 0 1280 241756539586000 2649500
LATENCY 2993000
TIMELINE 0 1296 241756586077300 2993000
LATENCY 2999300
TIMELINE 0 1312 241756632480700 2999300
LATENCY 2749100
TIMELINE 0 1328 241756682913700 2749100
LATENCY 2738200
TIMELINE 0 1344 241756726651800 2738200
LATENCY 2952300
TIMELINE 0 1360 241756770285600 2952300
LATENCY 2595700
TIMELINE 0 1376 241756815001100 2595700
LATENCY 2624700
TIMELINE 0 1392 241756861581100 2624700
LATENCY 2647900
TIMELINE 0 1408 241756903918200 2647900
LATENCY 2680800
TIMELINE 0 1424 241756946174600 2680800
LATENCY 3186200
TIMELINE 0 1440 241756988475600 3186200
LATENCY 4682800
TIMELINE 0 1456 241757044121200 4682800
LATENCY 2685400
TIMELINE 0 1472 241757088345800 2685400
LATENCY 2750700
TIMELINE 0 1488 241757132042600 2750700
LATENCY 2719300
TIMELINE 0 1504 241757180062400 2719300
LATENCY 2706800
TIMELINE 0 1520 241757222572900 2706800
LATENCY 2968700
TIMELINE 0 1536 241757268279700 2968700
LATENCY 2919700
TIMELINE 0 1552 241757315984700 2919700
LATENCY 2692700
TIMELINE 0 1568 241757362268900 2692700
LATENCY 2787200
TIMELINE 0 1584 241757407358800 2787200
LATENCY 2766400
TIMELINE 0 1600 241757460788000 2766400
LATENCY 2745800
TIMELINE 0 1616 241757504412300 2745800
LATENCY 2955200
TIMELINE 0 1632 241757549366400 2955200
LATENCY 2882000
TIMELINE 0 1648 241757600428600 2882000
LATENCY 2751300
TIMELINE 0 1664 241757647438100 2751300
LATENCY 3051100
TIMELINE 0 1680 241757691880000 3051100
LATENCY 2975700
TIMELINE 0 1696 241757739340500 2975700
LATENCY 2847400
TIMELINE 0 1712 241757785271900 2847400
LATENCY 2967700
TIMELINE 0 1728 241757836735800 2967700
LATENCY 2951600
TIMELINE 0 1744 241757883765300 2951600
LATENCY 2733300
TIMELINE 0 1760 241757930049600 2733300
LATENCY 2948400
TIMELINE 0 1776 241757976156300 2948400
LATENCY 2952400
TIMELINE 0 1792 241758021951300 2952400
LATENCY 3158300
TIMELINE 0 1808 241758067416400 3158300
LATENCY 3021000
TIMELINE 0 1824 241758113959000 3021000
LATENCY 2810800
TIMELINE 0 1840 241758160100700 2810800
LATENCY 2680300
TIMELINE 0 1856 241758211784400 2680300
LATENCY 2702200
TIMELINE 0 1872 241758254067900 2702200
LATENCY 2788200
TIMELINE 0 1888 241758297693500 2788200
LATENCY 2675500
TIMELINE 0 1904 241758345652600 2675500
LATENCY 3018400
TIMELINE 0 1920 241758392677300 3018400
LATENCY 3012800
TIMELINE 0 1936 241758439107300 3012800
LATENCY 2634700
TIMELINE 0 1952 241758482974000 2634700
LATENCY 2680100
TIMELINE 0 1968 241758526778900 2680100
LATENCY 2764200
TIMELINE 0 1984 241758569921800 2764200
LATENCY 2961500
TIMELINE 0 2000 241758621734600 2961500
LATENCY 3031800
TIMELINE 0 2016 241758668926900 3031800
LATENCY 2899200
TIMELINE 0 2032 241758717083700 2899200
LATENCY 2562500
TIMELINE 1 1 241753543155400 2562500
LATENCY 2195300
TIMELINE 1 17 241753582833400 2195300
LATENCY 2272800
TIMELINE 1 33 241753618926700 2272800
LATENCY 2128300
TIMELINE 1 49 241753654083400 2128300
LATENCY 2178000
TIMELINE 1 65 241753689691400 2178000
LATENCY 2290800
TIMELINE 1 81 241753725606500 2290800
LATENCY 2155300
TIMELINE 1 97 241753760151200 2155300
LATENCY 2294500
TIMELINE 1 113 241753795896400 2294500
LATENCY 2150700
TIMELINE 1 129 241753852649900 2150700
LATENCY 2112300
TIMELINE 1 145 241753886846300 2112300
LATENCY 2441200
TIMELINE 1 161 241753924173800 2441200
LATENCY 2191200
TIMELINE 1 177 241753960297500 2191200
LATENCY 2200200
TIMELINE 1 193 241753995203500 2200200
LATENCY 2195300
TIMELINE 1 209 241754029847000 2195300
LATENCY 2264900
TIMELINE 1 225 241754065304400 2264900
LATENCY 2133700
TIMELINE 1 241 241754100336700 2133700
LATENCY 19863800
TIMELINE 1 257 241754135972200 19863800
LATENCY 2174400
TIMELINE 1 273 241754188785300 2174400
LATENCY 2150700
TIMELINE 1 289 241754222888700 2150700
LATENCY 2171400
TIMELINE 1 305 241754256813300 2171400
LATENCY 2120800
TIMELINE 1 321 241754292227000 2120800
LATENCY 2246700
TIMELINE 1 337 241754327451100 2246700
LATENCY 2243600
TIMELINE 1 353 241754363989600 2243600
LATENCY 2124200
TIMELINE 1 369 241754399322100 2124200
LATENCY 2176100
TIMELINE 1 385 241754433871400 2176100
LATENCY 2109500
TIMELINE 1 401 241754486699200 2109500
LATENCY 2096000
TIMELINE 1 417 241754521049900 2096000
LATENCY 2096400
TIMELINE 1 433 241754555564300 2096400
LATENCY 2199500
TIMELINE 1 449 241754589747400 2199500
LATENCY 2282100
TIMELINE 1 465 241754624332500 2282100
LATENCY 2145800
TIMELINE 1 481 241754659523800 2145800
LATENCY 2118600
TIMELINE 1 497 241754693707500 2118600
LATENCY 2168600
TIMELINE 1 513 241754728570000 2168600
LATENCY 2331000
TIMELINE 1 529 241754784166500 2331000
LATENCY 2078100
TIMELINE 1 545 241754820776500 2078100
LATENCY 2144800
TIMELINE 1 561 241754854917800 2144800
LATENCY 2631900
TIMELINE 1 577 241754889591200 2631900
LATENCY 2137200
TIMELINE 1 593 241754924881400 2137200
LATENCY 2145500
TIMELINE 1 609 241754959207000 2145500
LATENCY 2204900
TIMELINE 1 625 241754993171600 2204900
LATENCY 2295900
TIMELINE 1 641 241755031325700 2295900
LATENCY 2412100
TIMELINE 1 657 241755086883500 2412100
LATENCY 2177100
TIMELINE 1 673 241755124387800 2177100
LATENCY 2066400
TIMELINE 1 689 241755160880900 2066400
LATENCY 2235100
TIMELINE 1 705 241755196361200 2235100
LATENCY 2262800
TIMELINE 1 721 241755231528500 2262800
LATENCY 2427000
TIMELINE 1 737 241755265932200 2427000
LATENCY 2305900
TIMELINE 1 753 241755301377500 2305900
LATENCY 2218100
TIMELINE 1 769 241755337062100 2218100
LATENCY 2302000
TIMELINE 1 785 241755371842800 2302000
LATENCY 2133300
TIMELINE 1 801 241755427076700 2133300
LATENCY 2232300
TIMELINE 1 817 241755461719100 2232300
LATENCY 2100100
TIMELINE 1 833 241755497110200 2100100
LATENCY 2291700
TIMELINE 1 849 241755532283500 2291700
LATENCY 2346700
TIMELINE 1 865 241755568300000 2346700
LATENCY 2124200
TIMELINE 1 881 241755603661700 2124200
LATENCY 2208800
TIMELINE 1 897 241755640367700 2208800
LATENCY 2215300
TIMELINE 1 913 241755674962900 2215300
LATENCY 2333400
TIMELINE 1 929 241755732052800 2333400
LATENCY 2155200
TIMELINE 1 945 241755768418700 2155200
LATENCY 2209300
TIMELINE 1 961 241755804259700 2209300
LATENCY 2364800
TIMELINE 1 977 241755840269600 2364800
LATENCY 2147100
TIMELINE 1 993 241755874925300 2147100
LATENCY 2157100
TIMELINE 1 1009 241755909197300 2157100
LATENCY 2129300
TIMELINE 1 1025 241755944880900 2129300
LATENCY 2187900
TIMELINE 1 1041 241755979748300 2187900
LATENCY 2123600
TIMELINE 1 1057 241756020897400 2123600
LATENCY 2216600
TIMELINE 1 1073 241756056201600 2216600
LATENCY 2150800
TIMELINE 1 1089 241756091729200 2150800
LATENCY 2320600
TIMELINE 1 1105 241756126814800 2320600
LATENCY 2307900
TIMELINE 1 1121 241756162434500 2307900
LATENCY 2106500
TIMELINE 1 1137 241756197809200 2106500
LATENCY 2140000
TIMELINE 1 1153 241756232727700 2140000
LATENCY 2147700
TIMELINE 1 1169 241756266836400 2147700
LATENCY 2181400
TIMELINE 1 1185 241756300644600 2181400
LATENCY 2156100
TIMELINE 1 1201 241756341067500 2156100
LATENCY 2197300
TIMELINE 1 1217 241756376055400 2197300
LATENCY 2102700
TIMELINE 1 1233 241756410041900 2102700
LATENCY 3040900
TIMELINE 1 1249 241756453655700 3040900
LATENCY 2634900
TIMELINE 1 1265 241756499124900 2634900
LATENCY 2707800
TIMELINE 1 1281 241756542163000 2707800
LATENCY 3008100
TIMELINE 1 1297 241756588982300 3008100
LATENCY 2919600
TIMELINE 1 1313 241756635435900 2919600
LATENCY 2693800
TIMELINE 1 1329 241756685624000 2693800
LATENCY 2755700
TIMELINE 1 1345 241756729319600 2755700
LATENCY 2815300
TIMELINE 1 1361 241756773156600 2815300
LATENCY 3141500
TIMELINE 1 1377 241756817524900 3141500
LATENCY 2627400
TIMELINE 1 1393 241756864166200 2627400
LATENCY 2604800
TIMELINE 1 1409 241756906524400 2604800
LATENCY 2765900
TIMELINE 1 1425 241756948816600 2765900
LATENCY 2909100
TIMELINE 1 1441 241756991704400 2909100
LATENCY 2617200
TIMELINE 1 1457 241757049091500 2617200
LATENCY 2672000
TIMELINE 1 1473 241757091322900 2672000
LATENCY 2818300
TIMELINE 1 1489 241757135098000 2818300
LATENCY 2764200
TIMELINE 1 1505 241757183105500 2764200
LATENCY 2761700
TIMELINE 1 1521 241757225586200 2761700
LATENCY 2959000
TIMELINE 1 1537 241757271597100 2959000
LATENCY 2930400
TIMELINE 1 1553 241757319224800 2930400
LATENCY 2783600
TIMELINE 1 1569 241757365393100 2783600
LATENCY 2823500
TIMELINE 1 1585 241757410569000 2823500
LATENCY 2685600
TIMELINE 1 1601 241757464004800 2685600
LATENCY 2685000
TIMELINE 1 1617 241757507589700 2685000
LATENCY 2853500
TIMELINE 1 1633 241757552768000 2853500
LATENCY 3006400
TIMELINE 1 1649 241757603721400 3006400
LATENCY 2721800
TIMELINE 1 1665 241757650585800 2721800
LATENCY 3040200
TIMELINE 1 1681 241757695403000 3040200
LATENCY 2917400
TIMELINE 1 1697 241757742724000 2917400
LATENCY 2737700
TIMELINE 1 1713 241757788455900 2737700
LATENCY 2771200
TIMELINE 1 1729 241757839883300 2771200
LATENCY 2947800
TIMELINE 1 1745 241757887008500 2947800
LATENCY 2747500
TIMELINE 1 1761 241757933044200 2747500
LATENCY 2963100
TIMELINE 1 1777 241757979360600 2963100
LATENCY 3015400
TIMELINE 1 1793 241758025163500 3015400
LATENCY 2728400
TIMELINE 1 1809 241758070788100 2728400
LATENCY 2957600
TIMELINE 1 1825 241758117230300 2957600
LATENCY 2955500
TIMELINE 1 1841 241758163196900 2955500
LATENCY 2662400
TIMELINE 1 1857 241758214680700 2662400
LATENCY 2666000
TIMELINE 1 1873 241758257019600 2666000
LATENCY 2766200
TIMELINE 1 1889 241758300729400 2766200
LATENCY 2691500
TIMELINE 1 1905 241758348529300 2691500
LATENCY 3043100
TIMELINE 1 1921 241758395910500 3043100
LATENCY 3004300
TIMELINE 1 1937 241758442339800 3004300
LATENCY 2723000
TIMELINE 1 1953 241758485766100 2723000
LATENCY 2686800
TIMELINE 1 1969 241758529616000 2686800
LATENCY 2813800
TIMELINE 1 1985 241758572842600 2813800
LATENCY 3027200
TIMELINE 1 2001 241758624657200 3027200
LATENCY 3071400
TIMELINE 1 2017 241758671913700 3071400
LATENCY 2860100
TIMELINE 1 2033 241758719885700 2860100
LATENCY 2360900
TIMELINE 2 2 241753545643500 2360900
LATENCY 2200100
TIMELINE 2 18 241753584838500 2200100
LATENCY 2341400
TIMELINE 2 34 241753620909200 2341400
LATENCY 2138700
TIMELINE 2 50 241753655946700 2138700
LATENCY 2111700
TIMELINE 2 66 241753691576100 2111700
LATENCY 2261100
TIMELINE 2 82 241753727606200 2261100
LATENCY 2191600
TIMELINE 2 98 241753762012300 2191600
LATENCY 2322300
TIMELINE 2 114 241753797875200 2322300
LATENCY 2125000
TIMELINE 2 130 241753854516000 2125000
LATENCY 2148100
TIMELINE 2 146 241753888666800 2148100
LATENCY 2357000
TIMELINE 2 162 241753926497500 2357000
LATENCY 2099100
TIMELINE 2 178 241753962530200 2099100
LATENCY 2084100
TIMELINE 2 194 241753997467600 2084100
LATENCY 2156900
TIMELINE 2 210 241754032389300 2156900
LATENCY 2217200
TIMELINE 2 226 241754067993600 2217200
LATENCY 2126700
TIMELINE 2 242 241754102836900 2126700
LATENCY 2195900
TIMELINE 2 258 241754156167900 2195900
LATENCY 2162600
TIMELINE 2 274 241754191275300 2162600
LATENCY 2115000
TIMELINE 2 290 241754225384000 2115000
LATENCY 2122800
TIMELINE 2 306 241754259353300 2122800
LATENCY 2097200
TIMELINE 2 322 241754294683800 2097200
LATENCY 2242700
TIMELINE 2 338 241754329881600 2242700
LATENCY 2273200
TIMELINE 2 354 241754366265700 2273200
LATENCY 2095900
TIMELINE 2 370 241754401420800 2095900
LATENCY 2135100
TIMELINE 2 386 241754436018100 2135100
LATENCY 2136400
TIMELINE 2 402 241754488726100 2136400
LATENCY 2153200
TIMELINE 2 418 241754523066900 2153200
LATENCY 2075500
TIMELINE 2 434 241754557791000 2075500
LATENCY 2144400
TIMELINE 2 450 241754592094700 2144400
LATENCY 2484800
TIMELINE 2 466 241754626887800 2484800
LATENCY 2117000
TIMELINE 2 482 241754661931600 2117000
LATENCY 2061800
TIMELINE 2 498 241754696109700 2061800
LATENCY 2193900
TIMELINE 2 514 241754731083700 2193900
LATENCY 2377300
TIMELINE 2 530 241754786903300 2377300
LATENCY 2194000
TIMELINE 2 546 241754823276300 2194000
LATENCY 2097900
TIMELINE 2 562 241754857473000 2097900
LATENCY 2340800
TIMELINE 2 578 241754892651200 2340800
LATENCY 2136100
TIMELINE 2 594 241754927392000 2136100
LATENCY 2090900
TIMELINE 2 610 241754961712900 2090900
LATENCY 3387300
TIMELINE 2 626 241754995650800 3387300
LATENCY 2190700
TIMELINE 2 642 241755033974100 2190700
LATENCY 2651900
TIMELINE 2 658 241755089562900 2651900
LATENCY 2204000
TIMELINE 2 674 241755126890200 2204000
LATENCY 2119700
TIMELINE 2 690 241755163216600 2119700
LATENCY 2171800
TIMELINE 2 706 241755198487400 2171800
LATENCY 2148500
TIMELINE 2 722 241755233734800 2148500
LATENCY 2199100
TIMELINE 2 738 241755268259200 2199100
LATENCY 2104900
TIMELINE 2 754 241755303624200 2104900
LATENCY 2322600
TIMELINE 2 770 241755339468900 2322600
LATENCY 2259200
TIMELINE 2 786 241755374330200 2259200
LATENCY 2125700
TIMELINE 2 802 241755429061100 2125700
LATENCY 2195700
TIMELINE 2 818 241755463768400 2195700
LATENCY 2211000
TIMELINE 2 834 241755499005400 2211000
LATENCY 2178900
TIMELINE 2 850 241755534073600 2178900
LATENCY 2271800
TIMELINE 2 866 241755570263600 2271800
LATENCY 2155400
TIMELINE 2 882 241755605426000 2155400
LATENCY 2197900
TIMELINE 2 898 241755641862500 2197900
LATENCY 2129800
TIMELINE 2 914 241755676519900 2129800
LATENCY 2287800
TIMELINE 2 930 241755733804500 2287800
LATENCY 2241600
TIMELINE 2 946 241755769754200 2241600
LATENCY 2448300
TIMELINE 2 962 241755805694100 2448300
LATENCY 2237800
TIMELINE 2 978 241755841738000 2237800
LATENCY 2171200
TIMELINE 2 994 241755876230400 2171200
LATENCY 2110200
TIMELINE 2 1010 241755910544600 2110200
LATENCY 2121400
TIMELINE 2 1026 241755946083900 2121400
LATENCY 2215400
TIMELINE 2 1042 241755980856300 2215400
LATENCY 2117200
TIMELINE 2 1058 241756022006900 2117200
LATENCY 2253700
TIMELINE 2 1074 241756057334500 2253700
LATENCY 2154000
TIMELINE 2 1090 241756092820400 2154000
LATENCY 2315700
TIMELINE 2 1106 241756128046700 2315700
LATENCY 2241900
TIMELINE 2 1122 241756163676900 2241900
LATENCY 2105900
TIMELINE 2 1138 241756198973800 2105900
LATENCY 2138700
TIMELINE 2 1154 241756233880100 2138700
LATENCY 2121200
TIMELINE 2 1170 241756267969400 2121200
LATENCY 2239100
TIMELINE 2 1186 241756301795600 2239100
LATENCY 2223700
TIMELINE 2 1202 241756342298300 2223700
LATENCY 2172600
TIMELINE 2 1218 241756377328800 2172600
LATENCY 2131200
TIMELINE 2 1234 241756411306300 2131200
LATENCY 3037600
TIMELINE 2 1250 241756455425100 3037600
LATENCY 2654200
TIMELINE 2 1266 241756500597100 2654200
LATENCY 2792100
TIMELINE 2 1282 241756543657500 2792100
LATENCY 2865100
TIMELINE 2 1298 241756590638600 2865100
LATENCY 3084200
TIMELINE 2 1314 241756637083400 3084200
LATENCY 2694000
TIMELINE 2 1330 241756687103500 2694000
LATENCY 2695600
TIMELINE 2 1346 241756730888300 2695600
LATENCY 2811900
TIMELINE 2 1362 241756774805100 2811900
LATENCY 4790800
TIMELINE 2 1378 241756818978200 4790800
LATENCY 2663900
TIMELINE 2 1394 241756865581000 2663900
LATENCY 2626400
TIMELINE 2 1410 241756907942800 2626400
LATENCY 2602600
TIMELINE 2 1426 241756950366300 2602600
LATENCY 2953000
TIMELINE 2 1442 241756993076800 2953000
LATENCY 2615500
TIMELINE 2 1458 241757049337800 2615500
LATENCY 2664600
TIMELINE 2 1474 241757091622600 2664600
LATENCY 2861100
TIMELINE 2 1490 241757135398400 2861100
LATENCY 2845100
TIMELINE 2 1506 241757183584800 2845100
LATENCY 2734500
TIMELINE 2 1522 241757226135400 2734500
LATENCY 2959200
TIMELINE 2 1538 241757272187500 2959200
LATENCY 2944800
TIMELINE 2 1554 241757319784600 2944800
LATENCY 2780700
TIMELINE 2 1570 241757365836300 2780700
LATENCY 2884700
TIMELINE 2 1586 241757411025000 2884700
LATENCY 2727800
TIMELINE 2 1602 241757464445100 2727800
LATENCY 2678500
TIMELINE 2 1618 241757508043100 2678500
LATENCY 2782000
TIMELINE 2 1634 241757553260200 2782000
LATENCY 3012200
TIMELINE 2 1650 241757604091200 3012200
LATENCY 2706200
TIMELINE 2 1666 241757650929900 2706200
LATENCY 3033000
TIMELINE 2 1682 241757695867600 3033000
LATENCY 2930800
TIMELINE 2 1698 241757743212300 2930800
LATENCY 2742800
TIMELINE 2 1714 241757788912000 2742800
LATENCY 2765400
TIMELINE 2 1730 241757840300500 2765400
LATENCY 2930700
TIMELINE 2 1746 241757887474900 2930700
LATENCY 2738700
TIMELINE 2 1762 241757933320900 2738700
LATENCY 2949200
TIMELINE 2 1778 241757979738700 2949200
LATENCY 3010200
TIMELINE 2 1794 241758025585100 3010200
LATENCY 2804300
TIMELINE 2 1810 241758071178700 2804300
LATENCY 2976200
TIMELINE 2 1826 241758117655400 2976200
LATENCY 2907900
TIMELINE 2 1842 241758163717100 2907900
LATENCY 2656300
TIMELINE 2 1858 241758215140100 2656300
LATENCY 2642100
TIMELINE 2 1874 241758257405100 2642100
LATENCY 2759100
TIMELINE 2 1890 241758301102700 2759100
LATENCY 2751000
TIMELINE 2 1906 241758348977800 2751000
LATENCY 3105300
TIMELINE 2 1922 241758396428200 3105300
LATENCY 2997400
TIMELINE 2 1938 241758442844400 2997400
LATENCY 2683500
TIMELINE 2 1954 241758486221800 2683500
LATENCY 2676500
TIMELINE 2 1970 241758530068800 2676500
LATENCY 2814400
TIMELINE 2 1986 241758573301000 2814400
LATENCY 3008200
TIMELINE 2 2002 241758624153800 3008200
LATENCY 3069200
TIMELINE 2 2018 241758671407000 3069200
LATENCY 2941400
TIMELINE 2 2034 241758719500400 2941400
LATENCY 2359300
TIMELINE 3 3 241753548123200 2359300
LATENCY 2196800
TIMELINE 3 19 241753587112500 2196800
LATENCY 2212300
TIMELINE 3 35 241753623363500 2212300
LATENCY 2156300
TIMELINE 3 51 241753658194100 2156300
LATENCY 2122900
TIMELINE 3 67 241753693762700 2122900
LATENCY 2217500
TIMELINE 3 83 241753729905500 2217500
LATENCY 2212900
TIMELINE 3 99 241753764240800 2212900
LATENCY 2293700
TIMELINE 3 115 241753800235300 2293700
LATENCY 2120900
TIMELINE 3 131 241753856613600 2120900
LATENCY 2110200
TIMELINE 3 147 241753890744500 2110200
LATENCY 2192200
TIMELINE 3 163 241753928738500 2192200
LATENCY 2115300
TIMELINE 3 179 241753964450900 2115300
LATENCY 2102500
TIMELINE 3 195 241753999414200 2102500
LATENCY 2282700
TIMELINE 3 211 241754034145800 2282700
LATENCY 2218300
TIMELINE 3 227 241754069808300 2218300
LATENCY 2111300
TIMELINE 3 243 241754104577500 2111300
LATENCY 2179000
TIMELINE 3 259 241754158013000 2179000
LATENCY 2123100
TIMELINE 3 275 241754193243600 2123100
LATENCY 2156600
TIMELINE 3 291 241754227301400 2156600
LATENCY 2224500
TIMELINE 3 307 241754261312800 2224500
LATENCY 2177800
TIMELINE 3 323 241754296611900 2177800
LATENCY 2218000
TIMELINE 3 339 241754332212300 2218000
LATENCY 2220000
TIMELINE 3 355 241754368741900 2220000
LATENCY 2168500
TIMELINE 3 371 241754403768600 2168500
LATENCY 2163300
TIMELINE 3 387 241754438405800 2163300
LATENCY 2104000
TIMELINE 3 403 241754491321700 2104000
LATENCY 2125000
TIMELINE 3 419 241754525637600 2125000
LATENCY 2096400
TIMELINE 3 435 241754560118100 2096400
LATENCY 2154100
TIMELINE 3 451 241754594505900 2154100
LATENCY 2218800
TIMELINE 3 467 241754629345300 2218800
LATENCY 2129700
TIMELINE 3 483 241754664019400 2129700
LATENCY 2307700
TIMELINE 3 499 241754698116800 2307700
LATENCY 2171900
TIMELINE 3 515 241754733217400 2171900
LATENCY 2297800
TIMELINE 3 531 241754789817100 2297800
LATENCY 2212600
TIMELINE 3 547 241754825882400 2212600
LATENCY 2148700
TIMELINE 3 563 241754860044300 2148700
LATENCY 2269200
TIMELINE 3 579 241754895549500 2269200
LATENCY 2151500
TIMELINE 3 595 241754930058800 2151500
LATENCY 2132700
TIMELINE 3 611 241754964339000 2132700
LATENCY 2491500
TIMELINE 3 627 241754999688900 2491500
LATENCY 2234600
TIMELINE 3 643 241755036638600 2234600
LATENCY 2327500
TIMELINE 3 659 241755092773600 2327500
LATENCY 2190000
TIMELINE 3 675 241755129541200 2190000
LATENCY 2106600
TIMELINE 3 691 241755165851900 2106600
LATENCY 2173800
TIMELINE 3 707 241755201800600 2173800
LATENCY 2149500
TIMELINE 3 723 241755236944200 2149500
LATENCY 2167300
TIMELINE 3 739 241755271389400 2167300
LATENCY 2123300
TIMELINE 3 755 241755306754600 2123300
LATENCY 2277200
TIMELINE 3 771 241755342592700 2277200
LATENCY 21555600
TIMELINE 3 787 241755377405700 21555600
LATENCY 2124800
TIMELINE 3 803 241755432119100 2124800
LATENCY 2201600
TIMELINE 3 819 241755466884900 2201600
LATENCY 2082400
TIMELINE 3 835 241755502116600 2082400
LATENCY 2369600
TIMELINE 3 851 241755537146900 2369600
LATENCY 2260000
TIMELINE 3 867 241755573263400 2260000
LATENCY 2281800
TIMELINE 3 883 241755608348100 2281800
LATENCY 2120300
TIMELINE 3 899 241755645216600 2120300
LATENCY 2198100
TIMELINE 3 915 241755679769500 2198100
LATENCY 2306700
TIMELINE 3 931 241755737115700 2306700
LATENCY 2312900
TIMELINE 3 947 241755772664500 2312900
LATENCY 2375600
TIMELINE 3 963 241755809279400 2375600
LATENCY 2183000
TIMELINE 3 979 241755845079800 2183000
LATENCY 2123800
TIMELINE 3 995 241755879461600 2123800
LATENCY 2334900
TIMELINE 3 1011 241755913718900 2334900
LATENCY 2161800
TIMELINE 3 1027 241755949392200 2161800
LATENCY 2150900
TIMELINE 3 1043 241755984370800 2150900
LATENCY 2310800
TIMELINE 3 1059 241756025488100 2310800
LATENCY 2140100
TIMELINE 3 1075 241756060910300 2140100
LATENCY 2117100
TIMELINE 3 1091 241756096368700 2117100
LATENCY 2102700
TIMELINE 3 1107 241756132018900 2102700
LATENCY 2324300
TIMELINE 3 1123 241756167599300 2324300
LATENCY 2175000
TIMELINE 3 1139 241756202664600 2175000
LATENCY 2168600
TIMELINE 3 1155 241756237608400 2168600
LATENCY 2130800
TIMELINE 3 1171 241756271712500 2130800
LATENCY 7591800
TIMELINE 3 1187 241756305576000 7591800
LATENCY 2141100
TIMELINE 3 1203 241756345874800 2141100
LATENCY 2177000
TIMELINE 3 1219 241756380886200 2177000
LATENCY 2744600
TIMELINE 3 1235 241756415314000 2744600
LATENCY 3087000
TIMELINE 3 1251 241756460403400 3087000
LATENCY 2608600
TIMELINE 3 1267 241756505299800 2608600
LATENCY 2689600
TIMELINE 3 1283 241756548643500 2689600
LATENCY 2732600
TIMELINE 3 1299 241756595659800 2732600
LATENCY 3018100
TIMELINE 3 1315 241756642293900 3018100
LATENCY 2712600
TIMELINE 3 1331 241756691977600 2712600
LATENCY 2748800
TIMELINE 3 1347 241756735730300 2748800
LATENCY 2895700
TIMELINE 3 1363 241756779960000 2895700
LATENCY 2698900
TIMELINE 3 1379 241756827315800 2698900
LATENCY 2602300
TIMELINE 3 1395 241756870514200 2602300
LATENCY 2641600
TIMELINE 3 1411 241756912650000 2641600
LATENCY 2642600
TIMELINE 3 1427 241756955077200 2642600
LATENCY 3860400
TIMELINE 3 1443 241756998720800 3860400
LATENCY 2685600
TIMELINE 3 1459 241757053280400 2685600
LATENCY 2636500
TIMELINE 3 1475 241757095628000 2636500
LATENCY 2642200
TIMELINE 3 1491 241757139705300 2642200
LATENCY 2721400
TIMELINE 3 1507 241757187451100 2721400
LATENCY 2725700
TIMELINE 3 1523 241757229948600 2725700
LATENCY 2958700
TIMELINE 3 1539 241757276362100 2958700
LATENCY 2913700
TIMELINE 3 1555 241757323903200 2913700
LATENCY 2728600
TIMELINE 3 1571 241757369678400 2728600
LATENCY 2972900
TIMELINE 3 1587 241757415084500 2972900
LATENCY 2776800
TIMELINE 3 1603 241757468188100 2776800
LATENCY 2601900
TIMELINE 3 1619 241757511681600 2601900
LATENCY 5322500
TIMELINE 3 1635 241757557214400 5322500
LATENCY 3082400
TIMELINE 3 1651 241757608158300 3082400
LATENCY 2520800
TIMELINE 3 1667 241757654637200 2520800
LATENCY 3027900
TIMELINE 3 1683 241757699908100 3027900
LATENCY 2711600
TIMELINE 3 1699 241757746992300 2711600
LATENCY 2735400
TIMELINE 3 1715 241757792462800 2735400
LATENCY 2734400
TIMELINE 3 1731 241757843900300 2734400
LATENCY 2917100
TIMELINE 3 1747 241757891272100 2917100
LATENCY 2815600
TIMELINE 3 1763 241757937124300 2815600
LATENCY 2923700
TIMELINE 3 1779 241757983819400 2923700
LATENCY 2934800
TIMELINE 3 1795 241758029723800 2934800
LATENCY 2904800
TIMELINE 3 1811 241758075316900 2904800
LATENCY 2876100
TIMELINE 3 1827 241758122035500 2876100
LATENCY 3126200
TIMELINE 3 1843 241758167910800 3126200
LATENCY 2604500
TIMELINE 3 1859 241758219081700 2604500
LATENCY 2618800
TIMELINE 3 1875 241758261384100 2618800
LATENCY 2773600
TIMELINE 3 1891 241758305467800 2773600
LATENCY 2715500
TIMELINE 3 1907 241758353125700 2715500
LATENCY 3082500
TIMELINE 3 1923 241758401185800 3082500
LATENCY 2598800
TIMELINE 3 1939 241758447309900 2598800
LATENCY 2705500
TIMELINE 3 1955 241758490242700 2705500
LATENCY 2739000
TIMELINE 3 1971 241758534103900 2739000
LATENCY 2971200
TIMELINE 3 1987 241758577544700 2971200
LATENCY 3047600
TIMELINE 3 2003 241758629210900 3047600
LATENCY 2793300
TIMELINE 3 2019 241758676449800 2793300
LATENCY 2808100
TIMELINE 3 2035 241758724299900 2808100
LATENCY 2307600
TIMELINE 4 4 241753550521300 2307600
LATENCY 2186900
TIMELINE 4 20 241753589347600 2186900
LATENCY 2209400
TIMELINE 4 36 241753625641700 2209400
LATENCY 2158100
TIMELINE 4 52 241753660420200 2158100
LATENCY 2151900
TIMELINE 4 68 241753695986800 2151900
LATENCY 2215800
TIMELINE 4 84 241753732223500 2215800
LATENCY 2261600
TIMELINE 4 100 241753766520200 2261600
LATENCY 2280300
TIMELINE 4 116 241753802622000 2280300
LATENCY 2251500
TIMELINE 4 132 241753858858100 2251500
LATENCY 2099500
TIMELINE 4 148 241753893014800 2099500
LATENCY 2166700
TIMELINE 4 164 241753930889600 2166700
LATENCY 2128100
TIMELINE 4 180 241753966499000 2128100
LATENCY 2083500
TIMELINE 4 196 241754001421300 2083500
LATENCY 2207600
TIMELINE 4 212 241754036370600 2207600
LATENCY 2282300
TIMELINE 4 228 241754071955900 2282300
LATENCY 2124700
TIMELINE 4 244 241754106620400 2124700
LATENCY 2329700
TIMELINE 4 260 241754160164600 2329700
LATENCY 2135300
TIMELINE 4 276 241754195217100 2135300
LATENCY 2089500
TIMELINE 4 292 241754229343200 2089500
LATENCY 2206700
TIMELINE 4 308 241754263404900 2206700
LATENCY 2193800
TIMELINE 4 324 241754298676300 2193800
LATENCY 2299300
TIMELINE 4 340 241754333925000 2299300
LATENCY 2152500
TIMELINE 4 356 241754370433200 2152500
LATENCY 2137500
TIMELINE 4 372 241754405494200 2137500
LATENCY 2153700
TIMELINE 4 388 241754440090700 2153700
LATENCY 2470500
TIMELINE 4 404 241754492909700 2470500
LATENCY 2094900
TIMELINE 4 420 241754527283500 2094900
LATENCY 2083800
TIMELINE 4 436 241754561719100 2083800
LATENCY 2165200
TIMELINE 4 452 241754596151200 2165200
LATENCY 2175200
TIMELINE 4 468 241754631226300 2175200
LATENCY 2146400
TIMELINE 4 484 241754665805100 2146400
LATENCY 2357200
TIMELINE 4 500 241754700075200 2357200
LATENCY 2140500
TIMELINE 4 516 241754735131500 2140500
LATENCY 2216400
TIMELINE 4 532 241754791097000 2216400
LATENCY 2175000
TIMELINE 4 548 241754827096500 2175000
LATENCY 2163800
TIMELINE 4 564 241754861197100 2163800
LATENCY 2255200
TIMELINE 4 580 241754896714900 2255200
LATENCY 2140600
TIMELINE 4 596 241754931180100 2140600
LATENCY 2104700
TIMELINE 4 612 241754965464200 2104700
LATENCY 2426500
TIMELINE 4 628 241755001146700 2426500
LATENCY 2226700
TIMELINE 4 644 241755038001700 2226700
LATENCY 2282300
TIMELINE 4 660 241755094186700 2282300
LATENCY 2162400
TIMELINE 4 676 241755130852700 2162400
LATENCY 2154100
TIMELINE 4 692 241755166894800 2154100
LATENCY 2202100
TIMELINE 4 708 241755202197700 2202100
LATENCY 2150700
TIMELINE 4 724 241755237285300 2150700
LATENCY 2165700
TIMELINE 4 740 241755271720600 2165700
LATENCY 2131600
TIMELINE 4 756 241755306867200 2131600
LATENCY 2286800
TIMELINE 4 772 241755342704300 2286800
LATENCY 21610100
TIMELINE 4 788 241755377524100 21610100
LATENCY 2133600
TIMELINE 4 804 241755432209000 2133600
LATENCY 2217300
TIMELINE 4 820 241755467059500 2217300
LATENCY 2083700
TIMELINE 4 836 241755502316800 2083700
LATENCY 2365700
TIMELINE 4 852 241755537537500 2365700
LATENCY 2281000
TIMELINE 4 868 241755573733300 2281000
LATENCY 2218300
TIMELINE 4 884 241755608773300 2218300
LATENCY 2104200
TIMELINE 4 900 241755645076300 2104200
LATENCY 2239100
TIMELINE 4 916 241755679796900 2239100
LATENCY 2292500
TIMELINE 4 932 241755737258000 2292500
LATENCY 2332200
TIMELINE 4 948 241755772839400 2332200
LATENCY 2375000
TIMELINE 4 964 241755809023900 2375000
LATENCY 2175900
TIMELINE 4 980 241755844910700 2175900
LATENCY 2110500
TIMELINE 4 996 241755879322400 2110500
LATENCY 2320600
TIMELINE 4 1012 241755913550600 2320600
LATENCY 2156300
TIMELINE 4 1028 241755949188100 2156300
LATENCY 2128900
TIMELINE 4 1044 241755984053700 2128900
LATENCY 2326500
TIMELINE 4 1060 241756025132800 2326500
LATENCY 2136700
TIMELINE 4 1076 241756060879900 2136700
LATENCY 2123400
TIMELINE 4 1092 241756096245700 2123400
LATENCY 2097400
TIMELINE 4 1108 241756131793700 2097400
LATENCY 2291900
TIMELINE 4 1124 241756167392700 2291900
LATENCY 2171700
TIMELINE 4 1140 241756202456400 2171700
LATENCY 2174900
TIMELINE 4 1156 241756237663900 2174900
LATENCY 2131600
TIMELINE 4 1172 241756271773600 2131600
LATENCY 7601400
TIMELINE 4 1188 241756305632100 7601400
LATENCY 2148400
TIMELINE 4 1204 241756346024200 2148400
LATENCY 2181500
TIMELINE 4 1220 241756381030000 2181500
LATENCY 2797400
TIMELINE 4 1236 241756415537500 2797400
LATENCY 3103000
TIMELINE 4 1252 241756460658000 3103000
LATENCY 2593900
TIMELINE 4 1268 241756505444800 2593900
LATENCY 2684100
TIMELINE 4 1284 241756548839500 2684100
LATENCY 2731800
TIMELINE 4 1300 241756595935700 2731800
LATENCY 2994700
TIMELINE 4 1316 241756642499100 2994700
LATENCY 2715500
TIMELINE 4 1332 241756692167900 2715500
LATENCY 2756800
TIMELINE 4 1348 241756735916800 2756800
LATENCY 2918600
TIMELINE 4 1364 241756780147900 2918600
LATENCY 2698800
TIMELINE 4 1380 241756827497600 2698800
LATENCY 2598800
TIMELINE 4 1396 241756870659800 2598800
LATENCY 2641400
TIMELINE 4 1412 241756912794100 2641400
LATENCY 2648200
TIMELINE 4 1428 241756955217700 2648200
LATENCY 3847700
TIMELINE 4 1444 241756998815100 3847700
LATENCY 2575700
TIMELINE 4 1460 241757055640600 2575700
LATENCY 2674700
TIMELINE 4 1476 241757097943500 2674700
LATENCY 2974400
TIMELINE 4 1492 241757142018700 2974400
LATENCY 2717500
TIMELINE 4 1508 241757189897200 2717500
LATENCY 2795500
TIMELINE 4 1524 241757232444100 2795500
LATENCY 2975500
TIMELINE 4 1540 241757279069300 2975500
LATENCY 2938500
TIMELINE 4 1556 241757326568800 2938500
LATENCY 2715400
TIMELINE 4 1572 241757372152200 2715400
LATENCY 8553100
TIMELINE 4 1588 241757417763900 8553100
LATENCY 2700100
TIMELINE 4 1604 241757470718800 2700100
LATENCY 2587500
TIMELINE 4 1620 241757514034400 2587500
LATENCY 3397300
TIMELINE 4 1636 241757562693400 3397300
LATENCY 2928100
TIMELINE 4 1652 241757611408300 2928100
LATENCY 2675300
TIMELINE 4 1668 241757657266100 2675300
LATENCY 3075600
TIMELINE 4 1684 241757703071100 3075600
LATENCY 2843200
TIMELINE 4 1700 241757749867400 2843200
LATENCY 2962900
TIMELINE 4 1716 241757795378300 2962900
LATENCY 2937100
TIMELINE 4 1732 241757846863400 2937100
LATENCY 3006500
TIMELINE 4 1748 241757894427900 3006500
LATENCY 2827900
TIMELINE 4 1764 241757939979200 2827900
LATENCY 2786100
TIMELINE 4 1780 241757986827900 2786100
LATENCY 3013100
TIMELINE 4 1796 241758032745400 3013100
LATENCY 2938600
TIMELINE 4 1812 241758078146500 2938600
LATENCY 2771200
TIMELINE 4 1828 241758124791000 2771200
LATENCY 3099500
TIMELINE 4 1844 241758170945200 3099500
LATENCY 2605100
TIMELINE 4 1860 241758221427500 2605100
LATENCY 2643400
TIMELINE 4 1876 241758263750200 2643400
LATENCY 2760700
TIMELINE 4 1892 241758307984600 2760700
LATENCY 2720500
TIMELINE 4 1908 241758355584800 2720500
LATENCY 3063400
TIMELINE 4 1924 241758404050700 3063400
LATENCY 2584200
TIMELINE 4 1940 241758449730700 2584200
LATENCY 2832200
TIMELINE 4 1956 241758492792700 2832200
LATENCY 2600000
TIMELINE 4 1972 241758536695600 2600000
LATENCY 2735500
TIMELINE 4 1988 241758580360200 2735500
LATENCY 2965600
TIMELINE 4 2004 241758632093100 2965600
LATENCY 3049400
TIMELINE 4 2020 241758679090900 3049400
LATENCY 2768900
TIMELINE 4 2036 241758726955700 2768900
LATENCY 2377700
TIMELINE 5 5 241753552865900 2377700
LATENCY 2220700
TIMELINE 5 21 241753591571200 2220700
LATENCY 2151000
TIMELINE 5 37 241753627943700 2151000
LATENCY 2186100
TIMELINE 5 53 241753662698200 2186100
LATENCY 2322000
TIMELINE 5 69 241753698285400 2322000
LATENCY 2157600
TIMELINE 5 85 241753734584100 2157600
LATENCY 2271300
TIMELINE 5 101 241753768960300 2271300
LATENCY 2187600
TIMELINE 5 117 241753805027700 2187600
LATENCY 2180700
TIMELINE 5 133 241753861260400 2180700
LATENCY 2286200
TIMELINE 5 149 241753895257900 2286200
LATENCY 2284000
TIMELINE 5 165 241753933192600 2284000
LATENCY 2164400
TIMELINE 5 181 241753968778000 2164400
LATENCY 2153600
TIMELINE 5 197 241754003632900 2153600
LATENCY 2308300
TIMELINE 5 213 241754038669500 2308300
LATENCY 2259400
TIMELINE 5 229 241754074444200 2259400
LATENCY 2100700
TIMELINE 5 245 241754108938700 2100700
LATENCY 2257800
TIMELINE 5 261 241754162653700 2257800
LATENCY 2122500
TIMELINE 5 277 241754197538600 2122500
LATENCY 2108000
TIMELINE 5 293 241754231577800 2108000
LATENCY 2226900
TIMELINE 5 309 241754265771700 2226900
LATENCY 2118000
TIMELINE 5 325 241754301013200 2118000
LATENCY 2406900
TIMELINE 5 341 241754336974100 2406900
LATENCY 2144500
TIMELINE 5 357 241754373202300 2144500
LATENCY 2133100
TIMELINE 5 373 241754408189500 2133100
LATENCY 2148000
TIMELINE 5 389 241754442804900 2148000
LATENCY 2126000
TIMELINE 5 405 241754496177500 2126000
LATENCY 2060300
TIMELINE 5 421 241754530015700 2060300
LATENCY 2070300
TIMELINE 5 437 241754564526100 2070300
LATENCY 2117600
TIMELINE 5 453 241754599015900 2117600
LATENCY 2187100
TIMELINE 5 469 241754634167000 2187100
LATENCY 2077400
TIMELINE 5 485 241754668709300 2077400
LATENCY 2134400
TIMELINE 5 501 241754703132000 2134400
LATENCY 2114300
TIMELINE 5 517 241754737921100 2114300
LATENCY 2324200
TIMELINE 5 533 241754794379800 2324200
LATENCY 2101200
TIMELINE 5 549 241754830260900 2101200
LATENCY 2193500
TIMELINE 5 565 241754864282200 2193500
LATENCY 2177300
TIMELINE 5 581 241754899995500 2177300
LATENCY 2140200
TIMELINE 5 597 241754934302900 2140200
LATENCY 2135900
TIMELINE 5 613 241754968527800 2135900
LATENCY 2307700
TIMELINE 5 629 241755004515500 2307700
LATENCY 2244400
TIMELINE 5 645 241755041142900 2244400
LATENCY 2264600
TIMELINE 5 661 241755097543000 2264600
LATENCY 2201200
TIMELINE 5 677 241755134057400 2201200
LATENCY 2501800
TIMELINE 5 693 241755170436300 2501800
LATENCY 2210700
TIMELINE 5 709 241755205631400 2210700
LATENCY 2139100
TIMELINE 5 725 241755240596800 2139100
LATENCY 2138600
TIMELINE 5 741 241755275021200 2138600
LATENCY 2179900
TIMELINE 5 757 241755310255000 2179900
LATENCY 2103200
TIMELINE 5 773 241755346434000 2103200
LATENCY 2549400
TIMELINE 5 789 241755401224700 2549400
LATENCY 2113600
TIMELINE 5 805 241755436009100 2113600
LATENCY 2276100
TIMELINE 5 821 241755471061600 2276100
LATENCY 2355900
TIMELINE 5 837 241755506106300 2355900
LATENCY 2142800
TIMELINE 5 853 241755541515500 2142800
LATENCY 2152600
TIMELINE 5 869 241755577454200 2152600
LATENCY 2254300
TIMELINE 5 885 241755612416400 2254300
LATENCY 2091400
TIMELINE 5 901 241755648932000 2091400
LATENCY 2201200
TIMELINE 5 917 241755683897900 2201200
LATENCY 2128600
TIMELINE 5 933 241755741125000 2128600
LATENCY 2164400
TIMELINE 5 949 241755776749500 2164400
LATENCY 2246200
TIMELINE 5 965 241755812978200 2246200
LATENCY 2130000
TIMELINE 5 981 241755848415500 2130000
LATENCY 2118300
TIMELINE 5 997 241755882748300 2118300
LATENCY 2158100
TIMELINE 5 1013 241755917277200 2158100
LATENCY 2164400
TIMELINE 5 1029 241755952629000 2164400
LATENCY 2308200
TIMELINE 5 1045 241755987601200 2308200
LATENCY 2125300
TIMELINE 5 1061 241756028785500 2125300
LATENCY 2231700
TIMELINE 5 1077 241756064124900 2231700
LATENCY 2128200
TIMELINE 5 1093 241756099425900 2128200
LATENCY 2191000
TIMELINE 5 1109 241756134817900 2191000
LATENCY 2216400
TIMELINE 5 1125 241756170571200 2216400
LATENCY 2379100
TIMELINE 5 1141 241756205434200 2379100
LATENCY 2118700
TIMELINE 5 1157 241756240607200 2118700
LATENCY 2096700
TIMELINE 5 1173 241756274672200 2096700
LATENCY 2105600
TIMELINE 5 1189 241756314065900 2105600
LATENCY 2174300
TIMELINE 5 1205 241756348908100 2174300
LATENCY 2114100
TIMELINE 5 1221 241756383974200 2114100
LATENCY 2598400
TIMELINE 5 1237 241756419280000 2598400
LATENCY 3003500
TIMELINE 5 1253 241756464789800 3003500
LATENCY 2587900
TIMELINE 5 1269 241756508734700 2587900
LATENCY 2798800
TIMELINE 5 1285 241756552152800 2798800
LATENCY 2597500
TIMELINE 5 1301 241756599284000 2597500
LATENCY 2911600
TIMELINE 5 1317 241756646155000 2911600
LATENCY 2708000
TIMELINE 5 1333 241756695591700 2708000
LATENCY 2718600
TIMELINE 5 1349 241756739354800 2718600
LATENCY 2934800
TIMELINE 5 1365 241756783815300 2934800
LATENCY 2752900
TIMELINE 5 1381 241756830892200 2752900
LATENCY 2605000
TIMELINE 5 1397 241756874051700 2605000
LATENCY 2641800
TIMELINE 5 1413 241756916220700 2641800
LATENCY 2636200
TIMELINE 5 1429 241756958664800 2636200
LATENCY 2895700
TIMELINE 5 1445 241757003611800 2895700
LATENCY 2574500
TIMELINE 5 1461 241757057684800 2574500
LATENCY 2615100
TIMELINE 5 1477 241757100088800 2615100
LATENCY 2943400
TIMELINE 5 1493 241757144396100 2943400
LATENCY 2628600
TIMELINE 5 1509 241757192047500 2628600
LATENCY 2731800
TIMELINE 5 1525 241757234634100 2731800
LATENCY 2969200
TIMELINE 5 1541 241757281346500 2969200
LATENCY 2885700
TIMELINE 5 1557 241757328821800 2885700
LATENCY 2671300
TIMELINE 5 1573 241757374266500 2671300
LATENCY 2923600
TIMELINE 5 1589 241757425604200 2923600
LATENCY 2594500
TIMELINE 5 1605 241757472973000 2594500
LATENCY 2605200
TIMELINE 5 1621 241757516167500 2605200
LATENCY 3120700
TIMELINE 5 1637 241757565202200 3120700
LATENCY 2952500
TIMELINE 5 1653 241757613516900 2952500
LATENCY 2695000
TIMELINE 5 1669 241757659233900 2695000
LATENCY 3083300
TIMELINE 5 1685 241757705385400 3083300
LATENCY 3069500
TIMELINE 5 1701 241757751870400 3069500
LATENCY 3025100
TIMELINE 5 1717 241757797523400 3025100
LATENCY 2862000
TIMELINE 5 1733 241757848958600 2862000
LATENCY 2943300
TIMELINE 5 1749 241757896625400 2943300
LATENCY 2699400
TIMELINE 5 1765 241757942061800 2699400
LATENCY 2653200
TIMELINE 5 1781 241757988864300 2653200
LATENCY 2888400
TIMELINE 5 1797 241758034871100 2888400
LATENCY 2933100
TIMELINE 5 1813 241758080056200 2933100
LATENCY 2845000
TIMELINE 5 1829 241758126570600 2845000
LATENCY 3063300
TIMELINE 5 1845 241758172994800 3063300
LATENCY 2671300
TIMELINE 5 1861 241758223159400 2671300
LATENCY 2657100
TIMELINE 5 1877 241758265513300 2657100
LATENCY 2751400
TIMELINE 5 1893 241758309832900 2751400
LATENCY 2728900
TIMELINE 5 1909 241758357579800 2728900
LATENCY 3013700
TIMELINE 5 1925 241758406217900 3013700
LATENCY 2574800
TIMELINE 5 1941 241758451567300 2574800
LATENCY 2715900
TIMELINE 5 1957 241758494776800 2715900
LATENCY 2643400
TIMELINE 5 1973 241758538505700 2643400
LATENCY 8266400
TIMELINE 5 1989 241758582276300 8266400
LATENCY 2796200
TIMELINE 5 2005 241758634204600 2796200
LATENCY 3087600
TIMELINE 5 2021 241758681311700 3087600
LATENCY 2454200
TIMELINE 5 2037 241758728925600 2454200
LATENCY 3852300
TIMELINE 6 6 241753555281500 3852300
LATENCY 2168900
TIMELINE 6 22 241753593828600 2168900
LATENCY 2224700
TIMELINE 6 38 241753630036400 2224700
LATENCY 2150500
TIMELINE 6 54 241753664828000 2150500
LATENCY 2278400
TIMELINE 6 70 241753700480200 2278400
LATENCY 2143300
TIMELINE 6 86 241753736661300 2143300
LATENCY 2284900
TIMELINE 6 102 241753771101100 2284900
LATENCY 2233000
TIMELINE 6 118 241753807123200 2233000
LATENCY 2114100
TIMELINE 6 134 241753863385000 2114100
LATENCY 2373000
TIMELINE 6 150 241753897474200 2373000
LATENCY 2142400
TIMELINE 6 166 241753935594000 2142400
LATENCY 2238200
TIMELINE 6 182 241753971065500 2238200
LATENCY 2138100
TIMELINE 6 198 241754005881200 2138100
LATENCY 2167600
TIMELINE 6 214 241754041124100 2167600
LATENCY 2251400
TIMELINE 6 230 241754076854000 2251400
LATENCY 2154300
TIMELINE 6 246 241754111187600 2154300
LATENCY 2142100
TIMELINE 6 262 241754165079100 2142100
LATENCY 2148600
TIMELINE 6 278 241754199749000 2148600
LATENCY 2111900
TIMELINE 6 294 241754233773800 2111900
LATENCY 2213500
TIMELINE 6 310 241754268057500 2213500
LATENCY 2301900
TIMELINE 6 326 241754303188200 2301900
LATENCY 2341700
TIMELINE 6 342 241754338996300 2341700
LATENCY 2162600
TIMELINE 6 358 241754375081800 2162600
LATENCY 2147100
TIMELINE 6 374 241754410059300 2147100
LATENCY 19923000
TIMELINE 6 390 241754444695300 19923000
LATENCY 2136300
TIMELINE 6 406 241754497925300 2136300
LATENCY 2089700
TIMELINE 6 422 241754531710600 2089700
LATENCY 2104600
TIMELINE 6 438 241754566183200 2104600
LATENCY 2081100
TIMELINE 6 454 241754600746200 2081100
LATENCY 2161800
TIMELINE 6 470 241754636142600 2161800
LATENCY 2070000
TIMELINE 6 486 241754670598300 2070000
LATENCY 2135400
TIMELINE 6 502 241754705036300 2135400
LATENCY 2468800
TIMELINE 6 518 241754739823900 2468800
LATENCY 2255900
TIMELINE 6 534 241754796249900 2255900
LATENCY 2119800
TIMELINE 6 550 241754831962500 2119800
LATENCY 2263500
TIMELINE 6 566 241754866132100 2263500
LATENCY 2154600
TIMELINE 6 582 241754901819500 2154600
LATENCY 2135200
TIMELINE 6 598 241754936094100 2135200
LATENCY 2138100
TIMELINE 6 614 241754970312700 2138100
LATENCY 2519400
TIMELINE 6 630 241755006344300 2519400
LATENCY 2336200
TIMELINE 6 646 241755042889900 2336200
LATENCY 2285500
TIMELINE 6 662 241755099284200 2285500
LATENCY 2301200
TIMELINE 6 678 241755135794200 2301200
LATENCY 2147300
TIMELINE 6 694 241755172137100 2147300
LATENCY 2141100
TIMELINE 6 710 241755207326300 2141100
LATENCY 2094700
TIMELINE 6 726 241755242282800 2094700
LATENCY 2171900
TIMELINE 6 742 241755276456000 2171900
LATENCY 2440500
TIMELINE 6 758 241755311812500 2440500
LATENCY 2122000
TIMELINE 6 774 241755347605800 2122000
LATENCY 2508200
TIMELINE 6 790 241755402452300 2508200
LATENCY 2092600
TIMELINE 6 806 241755437098300 2092600
LATENCY 2213300
TIMELINE 6 822 241755472230600 2213300
LATENCY 2257700
TIMELINE 6 838 241755507542700 2257700
LATENCY 2220000
TIMELINE 6 854 241755542655800 2220000
LATENCY 2256400
TIMELINE 6 870 241755578674100 2256400
LATENCY 2269100
TIMELINE 6 886 241755613670800 2269100
LATENCY 2114800
TIMELINE 6 902 241755649948900 2114800
LATENCY 2211400
TIMELINE 6 918 241755684962800 2211400
LATENCY 2154700
TIMELINE 6 934 241755742367000 2154700
LATENCY 2178800
TIMELINE 6 950 241755778209500 2178800
LATENCY 2254900
TIMELINE 6 966 241755814444000 2254900
LATENCY 2117800
TIMELINE 6 982 241755849899900 2117800
LATENCY 2141400
TIMELINE 6 998 241755884203200 2141400
LATENCY 2293800
TIMELINE 6 1014 241755918636600 2293800
LATENCY 2181800
TIMELINE 6 1030 241755954042400 2181800
LATENCY 2214300
TIMELINE 6 1046 241755989037700 2214300
LATENCY 2140700
TIMELINE 6 1062 241756030128000 2140700
LATENCY 2345800
TIMELINE 6 1078 241756065591000 2345800
LATENCY 2140500
TIMELINE 6 1094 241756100898800 2140500
LATENCY 2153000
TIMELINE 6 1110 241756136256500 2153000
LATENCY 2216600
TIMELINE 6 1126 241756171938400 2216600
LATENCY 2522400
TIMELINE 6 1142 241756207009700 2522400
LATENCY 2088900
TIMELINE 6 1158 241756241950700 2088900
LATENCY 2108600
TIMELINE 6 1174 241756275992200 2108600
LATENCY 2102600
TIMELINE 6 1190 241756315360200 2102600
LATENCY 2173200
TIMELINE 6 1206 241756350236300 2173200
LATENCY 2087800
TIMELINE 6 1222 241756385290900 2087800
LATENCY 2726000
TIMELINE 6 1238 241756420880700 2726000
LATENCY 3026900
TIMELINE 6 1254 241756466760000 3026900
LATENCY 2631000
TIMELINE 6 1270 241756510613100 2631000
LATENCY 2686400
TIMELINE 6 1286 241756554148700 2686400
LATENCY 2849200
TIMELINE 6 1302 241756601097100 2849200
LATENCY 2723300
TIMELINE 6 1318 241756648247600 2723300
LATENCY 2639900
TIMELINE 6 1334 241756697490600 2639900
LATENCY 2737900
TIMELINE 6 1350 241756741251200 2737900
LATENCY 2942400
TIMELINE 6 1366 241756785858800 2942400
LATENCY 2573900
TIMELINE 6 1382 241756832842900 2573900
LATENCY 2577000
TIMELINE 6 1398 241756875765900 2577000
LATENCY 2640600
TIMELINE 6 1414 241756917966600 2640600
LATENCY 2614700
TIMELINE 6 1430 241756960394900 2614700
LATENCY 2909500
TIMELINE 6 1446 241757005289500 2909500
LATENCY 2671200
TIMELINE 6 1462 241757059338800 2671200
LATENCY 2608600
TIMELINE 6 1478 241757101764500 2608600
LATENCY 3084500
TIMELINE 6 1494 241757146277400 3084500
LATENCY 2647000
TIMELINE 6 1510 241757193686300 2647000
LATENCY 2747300
TIMELINE 6 1526 241757236359500 2747300
LATENCY 2946300
TIMELINE 6 1542 241757283245000 2946300
LATENCY 2891000
TIMELINE 6 1558 241757330670800 2891000
LATENCY 2711600
TIMELINE 6 1574 241757375982300 2711600
LATENCY 2811600
TIMELINE 6 1590 241757427536500 2811600
LATENCY 2593400
TIMELINE 6 1606 241757474493500 2593400
LATENCY 2657400
TIMELINE 6 1622 241757517649700 2657400
LATENCY 3144600
TIMELINE 6 1638 241757567088900 3144600
LATENCY 2970200
TIMELINE 6 1654 241757615318300 2970200
LATENCY 2646000
TIMELINE 6 1670 241757660853300 2646000
LATENCY 2981500
TIMELINE 6 1686 241757707337100 2981500
LATENCY 3012600
TIMELINE 6 1702 241757753826400 3012600
LATENCY 2929500
TIMELINE 6 1718 241757799486100 2929500
LATENCY 2786100
TIMELINE 6 1734 241757850785700 2786100
LATENCY 2943500
TIMELINE 6 1750 241757898507400 2943500
LATENCY 2667000
TIMELINE 6 1766 241757943873800 2667000
LATENCY 2684400
TIMELINE 6 1782 241757990633100 2684400
LATENCY 2796300
TIMELINE 6 1798 241758036827200 2796300
LATENCY 3006800
TIMELINE 6 1814 241758081982900 3006800
LATENCY 2929800
TIMELINE 6 1830 241758128471300 2929800
LATENCY 3116900
TIMELINE 6 1846 241758174917400 3116900
LATENCY 2673100
TIMELINE 6 1862 241758224816100 2673100
LATENCY 2676900
TIMELINE 6 1878 241758267181400 2676900
LATENCY 2729000
TIMELINE 6 1894 241758311669300 2729000
LATENCY 2750000
TIMELINE 6 1910 241758359216700 2750000
LATENCY 3047400
TIMELINE 6 1926 241758407999400 3047400
LATENCY 2592600
TIMELINE 6 1942 241758453127400 2592600
LATENCY 2738600
TIMELINE 6 1958 241758496466500 2738600
LATENCY 2658600
TIMELINE 6 1974 241758540126900 2658600
LATENCY 2799900
TIMELINE 6 1990 241758589479200 2799900
LATENCY 2942300
TIMELINE 6 2006 241758636152900 2942300
LATENCY 3071800
TIMELINE 6 2022 241758683338500 3071800
LATENCY 2428200
TIMELINE 6 2038 241758730711200 2428200
LATENCY 3125600
TIMELINE 7 7 241753559198800 3125600
LATENCY 2154400
TIMELINE 7 23 241753596089300 2154400
LATENCY 2180800
TIMELINE 7 39 241753632294000 2180800
LATENCY 2140000
TIMELINE 7 55 241753666950600 2140000
LATENCY 2288400
TIMELINE 7 71 241753702801400 2288400
LATENCY 2112500
TIMELINE 7 87 241753738839900 2112500
LATENCY 2199700
TIMELINE 7 103 241753773451100 2199700
LATENCY 2195400
TIMELINE 7 119 241753809419200 2195400
LATENCY 2175200
TIMELINE 7 135 241753865440300 2175200
LATENCY 2313400
TIMELINE 7 151 241753900034400 2313400
LATENCY 2290300
TIMELINE 7 167 241753937900500 2290300
LATENCY 2204300
TIMELINE 7 183 241753973427200 2204300
LATENCY 2157400
TIMELINE 7 199 241754008189200 2157400
LATENCY 2162900
TIMELINE 7 215 241754043231900 2162900
LATENCY 2257100
TIMELINE 7 231 241754079051100 2257100
LATENCY 2340300
TIMELINE 7 247 241754113286000 2340300
LATENCY 2143300
TIMELINE 7 263 241754167254400 2143300
LATENCY 2091700
TIMELINE 7 279 241754202127000 2091700
LATENCY 2092100
TIMELINE 7 295 241754236086700 2092100
LATENCY 2184300
TIMELINE 7 311 241754270414800 2184300
LATENCY 2274600
TIMELINE 7 327 241754305629600 2274600
LATENCY 2223300
TIMELINE 7 343 241754341853200 2223300
LATENCY 2355400
TIMELINE 7 359 241754377814500 2355400
LATENCY 2121400
TIMELINE 7 375 241754412688800 2121400
LATENCY 2412600
TIMELINE 7 391 241754465192300 2412600
LATENCY 2139200
TIMELINE 7 407 241754500405600 2139200
LATENCY 2091600
TIMELINE 7 423 241754534139300 2091600
LATENCY 2147400
TIMELINE 7 439 241754568625300 2147400
LATENCY 2154600
TIMELINE 7 455 241754603164000 2154600
LATENCY 2210800
TIMELINE 7 471 241754638454300 2210800
LATENCY 2124100
TIMELINE 7 487 241754672806600 2124100
LATENCY 2128100
TIMELINE 7 503 241754707342100 2128100
LATENCY 2292800
TIMELINE 7 519 241754742327700 2292800
LATENCY 2534100
TIMELINE 7 535 241754798475400 2534100
LATENCY 2145000
TIMELINE 7 551 241754833997900 2145000
LATENCY 2147800
TIMELINE 7 567 241754868305500 2147800
LATENCY 2128700
TIMELINE 7 583 241754903831200 2128700
LATENCY 2150100
TIMELINE 7 599 241754938080000 2150100
LATENCY 2100100
TIMELINE 7 615 241754972308100 2100100
LATENCY 2432200
TIMELINE 7 631 241755008798000 2432200
LATENCY 2237300
TIMELINE 7 647 241755045104500 2237300
LATENCY 2438300
TIMELINE 7 663 241755101413700 2438300
LATENCY 2664200
TIMELINE 7 679 241755137895300 2664200
LATENCY 2083000
TIMELINE 7 695 241755174487000 2083000
LATENCY 2137900
TIMELINE 7 711 241755209848700 2137900
LATENCY 2086500
TIMELINE 7 727 241755244951600 2086500
LATENCY 2332700
TIMELINE 7 743 241755279388800 2332700
LATENCY 2265000
TIMELINE 7 759 241755314990900 2265000
LATENCY 2111500
TIMELINE 7 775 241755350431700 2111500
LATENCY 2116600
TIMELINE 7 791 241755405602200 2116600
LATENCY 2115400
TIMELINE 7 807 241755439679700 2115400
LATENCY 2237800
TIMELINE 7 823 241755474976500 2237800
LATENCY 2187000
TIMELINE 7 839 241755510356500 2187000
LATENCY 2384300
TIMELINE 7 855 241755545473500 2384300
LATENCY 2360000
TIMELINE 7 871 241755581545300 2360000
LATENCY 3388200
TIMELINE 7 887 241755616539500 3388200
LATENCY 2138400
TIMELINE 7 903 241755653350400 2138400
LATENCY 2324000
TIMELINE 7 919 241755688563900 2324000
LATENCY 2157000
TIMELINE 7 935 241755745722500 2157000
LATENCY 2279600
TIMELINE 7 951 241755781541700 2279600
LATENCY 2346700
TIMELINE 7 967 241755817842000 2346700
LATENCY 2162600
TIMELINE 7 983 241755853046000 2162600
LATENCY 2145200
TIMELINE 7 999 241755887358800 2145200
LATENCY 2220900
TIMELINE 7 1015 241755922001300 2220900
LATENCY 2162200
TIMELINE 7 1031 241755957180100 2162200
LATENCY 2161200
TIMELINE 7 1047 241755992257000 2161200
LATENCY 2226600
TIMELINE 7 1063 241756033321100 2226600
LATENCY 2223700
TIMELINE 7 1079 241756069070700 2223700
LATENCY 2091500
TIMELINE 7 1095 241756104102100 2091500
LATENCY 2197400
TIMELINE 7 1111 241756139770800 2197400
LATENCY 2332000
TIMELINE 7 1127 241756175413600 2332000
LATENCY 2244600
TIMELINE 7 1143 241756210719200 2244600
LATENCY 2129200
TIMELINE 7 1159 241756245085400 2129200
LATENCY 2100100
TIMELINE 7 1175 241756279139800 2100100
LATENCY 2175700
TIMELINE 7 1191 241756318545000 2175700
LATENCY 2173300
TIMELINE 7 1207 241756353562900 2173300
LATENCY 2079800
TIMELINE 7 1223 241756388428700 2079800
LATENCY 2729200
TIMELINE 7 1239 241756424956200 2729200
LATENCY 3167600
TIMELINE 7 1255 241756471237800 3167600
LATENCY 2624300
TIMELINE 7 1271 241756514285500 2624300
LATENCY 3634300
TIMELINE 7 1287 241756559728300 3634300
LATENCY 2963400
TIMELINE 7 1303 241756605149100 2963400
LATENCY 2726600
TIMELINE 7 1319 241756652154400 2726600
LATENCY 2755100
TIMELINE 7 1335 241756701375000 2755100
LATENCY 2617500
TIMELINE 7 1351 241756744902500 2617500
LATENCY 2581800
TIMELINE 7 1367 241756790110100 2581800
LATENCY 2899100
TIMELINE 7 1383 241756836744300 2899100
LATENCY 2638700
TIMELINE 7 1399 241756879515700 2638700
LATENCY 2682000
TIMELINE 7 1415 241756921968100 2682000
LATENCY 2691900
TIMELINE 7 1431 241756964202000 2691900
LATENCY 3059300
TIMELINE 7 1447 241757009648400 3059300
LATENCY 2654500
TIMELINE 7 1463 241757062683900 2654500
LATENCY 2751300
TIMELINE 7 1479 241757105075900 2751300
LATENCY 2643100
TIMELINE 7 1495 241757150112000 2643100
LATENCY 2651900
TIMELINE 7 1511 241757197097800 2651900
LATENCY 2776500
TIMELINE 7 1527 241757239909300 2776500
LATENCY 2950400
TIMELINE 7 1543 241757287050200 2950400
LATENCY 2920900
TIMELINE 7 1559 241757334419700 2920900
LATENCY 2715100
TIMELINE 7 1575 241757379438600 2715100
LATENCY 2780300
TIMELINE 7 1591 241757431198200 2780300
LATENCY 2729600
TIMELINE 7 1607 241757477922200 2729600
LATENCY 2625600
TIMELINE 7 1623 241757521182000 2625600
LATENCY 3053000
TIMELINE 7 1639 241757571334700 3053000
LATENCY 2992500
TIMELINE 7 1655 241757619298500 2992500
LATENCY 2595900
TIMELINE 7 1671 241757664398700 2595900
LATENCY 2710900
TIMELINE 7 1687 241757711179700 2710900
LATENCY 3094800
TIMELINE 7 1703 241757757589000 3094800
LATENCY 2951200
TIMELINE 7 1719 241757803255300 2951200
LATENCY 3004900
TIMELINE 7 1735 241757854401700 3004900
LATENCY 2951500
TIMELINE 7 1751 241757902368900 2951500
LATENCY 3001100
TIMELINE 7 1767 241757947366300 3001100
LATENCY 2710700
TIMELINE 7 1783 241757994075800 2710700
LATENCY 2846900
TIMELINE 7 1799 241758040381100 2846900
LATENCY 2888500
TIMELINE 7 1815 241758085792900 2888500
LATENCY 2977100
TIMELINE 7 1831 241758132182900 2977100
LATENCY 2907600
TIMELINE 7 1847 241758179076300 2907600
LATENCY 2697700
TIMELINE 7 1863 241758228406100 2697700
LATENCY 2767400
TIMELINE 7 1879 241758270912500 2767400
LATENCY 2845900
TIMELINE 7 1895 241758315222000 2845900
LATENCY 2723700
TIMELINE 7 1911 241758362782600 2723700
LATENCY 2996800
TIMELINE 7 1927 241758411985200 2996800
LATENCY 2650900
TIMELINE 7 1943 241758456525600 2650900
LATENCY 2808900
TIMELINE 7 1959 241758500030600 2808900
LATENCY 2620400
TIMELINE 7 1975 241758543584200 2620400
LATENCY 2815700
TIMELINE 7 1991 241758593128800 2815700
LATENCY 3076900
TIMELINE 7 2007 241758639875300 3076900
LATENCY 3124200
TIMELINE 7 2023 241758687179500 3124200
LATENCY 2669800
TIMELINE 7 2039 241758733845900 2669800
LATENCY 2684100
TIMELINE 8 8 241753562396200 2684100
LATENCY 2169100
TIMELINE 8 24 241753598278300 2169100
LATENCY 2121000
TIMELINE 8 40 241753634601300 2121000
LATENCY 2415200
TIMELINE 8 56 241753669193000 2415200
LATENCY 2185100
TIMELINE 8 72 241753705152300 2185100
LATENCY 2167300
TIMELINE 8 88 241753740987900 2167300
LATENCY 2207900
TIMELINE 8 104 241753775684300 2207900
LATENCY 2370500
TIMELINE 8 120 241753811673400 2370500
LATENCY 2139000
TIMELINE 8 136 241753867700800 2139000
LATENCY 2364700
TIMELINE 8 152 241753902214700 2364700
LATENCY 2247600
TIMELINE 8 168 241753940010700 2247600
LATENCY 2153000
TIMELINE 8 184 241753975429500 2153000
LATENCY 2124600
TIMELINE 8 200 241754010263700 2124600
LATENCY 2198000
TIMELINE 8 216 241754045364900 2198000
LATENCY 2185000
TIMELINE 8 232 241754081276800 2185000
LATENCY 2316800
TIMELINE 8 248 241754115597300 2316800
LATENCY 2120700
TIMELINE 8 264 241754169287300 2120700
LATENCY 2139800
TIMELINE 8 280 241754203938700 2139800
LATENCY 2118700
TIMELINE 8 296 241754237926900 2118700
LATENCY 2097600
TIMELINE 8 312 241754272440300 2097600
LATENCY 2276900
TIMELINE 8 328 241754307843100 2276900
LATENCY 2181600
TIMELINE 8 344 241754344232000 2181600
LATENCY 2220400
TIMELINE 8 360 241754380208900 2220400
LATENCY 2084800
TIMELINE 8 376 241754414841700 2084800
LATENCY 2060600
TIMELINE 8 392 241754467637500 2060600
LATENCY 2084900
TIMELINE 8 408 241754502515500 2084900
LATENCY 2083700
TIMELINE 8 424 241754536202400 2083700
LATENCY 2133100
TIMELINE 8 440 241754570717800 2133100
LATENCY 2083100
TIMELINE 8 456 241754605258700 2083100
LATENCY 2187100
TIMELINE 8 472 241754640426800 2187100
LATENCY 2115900
TIMELINE 8 488 241754674706300 2115900
LATENCY 2123600
TIMELINE 8 504 241754709215800 2123600
LATENCY 2241500
TIMELINE 8 520 241754744506200 2241500
LATENCY 2384700
TIMELINE 8 536 241754800864500 2384700
LATENCY 2103300
TIMELINE 8 552 241754836004200 2103300
LATENCY 2193600
TIMELINE 8 568 241754870305200 2193600
LATENCY 2149300
TIMELINE 8 584 241754905877700 2149300
LATENCY 2132700
TIMELINE 8 600 241754940141400 2132700
LATENCY 2116100
TIMELINE 8 616 241754974322200 2116100
LATENCY 2360400
TIMELINE 8 632 241755011165000 2360400
LATENCY 2248200
TIMELINE 8 648 241755047440200 2248200
LATENCY 2199100
TIMELINE 8 664 241755103980800 2199100
LATENCY 2407600
TIMELINE 8 680 241755140498000 2407600
LATENCY 2251600
TIMELINE 8 696 241755176425700 2251600
LATENCY 2117700
TIMELINE 8 712 241755211742100 2117700
LATENCY 2115700
TIMELINE 8 728 241755246583700 2115700
LATENCY 2356300
TIMELINE 8 744 241755281297300 2356300
LATENCY 2258400
TIMELINE 8 760 241755316952500 2258400
LATENCY 2095400
TIMELINE 8 776 241755352334600 2095400
LATENCY 2146500
TIMELINE 8 792 241755407647100 2146500
LATENCY 2190400
TIMELINE 8 808 241755441767500 2190400
LATENCY 2184400
TIMELINE 8 824 241755477281100 2184400
LATENCY 2193000
TIMELINE 8 840 241755512579600 2193000
LATENCY 2342300
TIMELINE 8 856 241755547828800 2342300
LATENCY 2190300
TIMELINE 8 872 241755584022800 2190300
LATENCY 2296900
TIMELINE 8 888 241755619681200 2296900
LATENCY 2128500
TIMELINE 8 904 241755655264900 2128500
LATENCY 2372100
TIMELINE 8 920 241755690548900 2372100
LATENCY 2227600
TIMELINE 8 936 241755747497800 2227600
LATENCY 2293500
TIMELINE 8 952 241755783536700 2293500
LATENCY 2318400
TIMELINE 8 968 241755820037900 2318400
LATENCY 2131500
TIMELINE 8 984 241755855268600 2131500
LATENCY 2090900
TIMELINE 8 1000 241755889593200 2090900
LATENCY 2332400
TIMELINE 8 1016 241755924446200 2332400
LATENCY 2188800
TIMELINE 8 1032 241755959599400 2188800
LATENCY 2272000
TIMELINE 8 1048 241755994708200 2272000
LATENCY 2166200
TIMELINE 8 1064 241756035759300 2166200
LATENCY 2237000
TIMELINE 8 1080 241756071154800 2237000
LATENCY 2173100
TIMELINE 8 1096 241756106137700 2173100
LATENCY 2119600
TIMELINE 8 1112 241756142119400 2119600
LATENCY 2222100
TIMELINE 8 1128 241756177954700 2222100
LATENCY 2196200
TIMELINE 8 1144 241756213081100 2196200
LATENCY 2105100
TIMELINE 8 1160 241756247328800 2105100
LATENCY 2110500
TIMELINE 8 1176 241756281382500 2110500
LATENCY 2121100
TIMELINE 8 1192 241756320865100 2121100
LATENCY 2190400
TIMELINE 8 1208 241756355884900 2190400
LATENCY 2095200
TIMELINE 8 1224 241756390652500 2095200
LATENCY 2740800
TIMELINE 8 1240 241756427878500 2740800
LATENCY 2992400
TIMELINE 8 1256 241756474585500 2992400
LATENCY 2628500
TIMELINE 8 1272 241756517111100 2628500
LATENCY 2811200
TIMELINE 8 1288 241756563536900 2811200
LATENCY 2987500
TIMELINE 8 1304 241756608278900 2987500
LATENCY 2717800
TIMELINE 8 1320 241756654990400 2717800
LATENCY 2746200
TIMELINE 8 1336 241756704251700 2746200
LATENCY 2692200
TIMELINE 8 1352 241756747641600 2692200
LATENCY 2781100
TIMELINE 8 1368 241756792808100 2781100
LATENCY 2876700
TIMELINE 8 1384 241756839783800 2876700
LATENCY 2661300
TIMELINE 8 1400 241756882222000 2661300
LATENCY 2613600
TIMELINE 8 1416 241756924727100 2613600
LATENCY 2618700
TIMELINE 8 1432 241756966975200 2618700
LATENCY 2926700
TIMELINE 8 1448 241757012868500 2926700
LATENCY 2645900
TIMELINE 8 1464 241757063907800 2645900
LATENCY 2795600
TIMELINE 8 1480 241757106320200 2795600
LATENCY 2879300
TIMELINE 8 1496 241757151332700 2879300
LATENCY 2625900
TIMELINE 8 1512 241757198330900 2625900
LATENCY 2768800
TIMELINE 8 1528 241757241148800 2768800
LATENCY 2930500
TIMELINE 8 1544 241757288388600 2930500
LATENCY 2916400
TIMELINE 8 1560 241757335746500 2916400
LATENCY 2687400
TIMELINE 8 1576 241757380655200 2687400
LATENCY 2897600
TIMELINE 8 1592 241757432442900 2897600
LATENCY 2720900
TIMELINE 8 1608 241757479152300 2720900
LATENCY 2550600
TIMELINE 8 1624 241757522368400 2550600
LATENCY 3079500
TIMELINE 8 1640 241757571949700 3079500
LATENCY 3046300
TIMELINE 8 1656 241757619883800 3046300
LATENCY 2592500
TIMELINE 8 1672 241757664888700 2592500
LATENCY 2752100
TIMELINE 8 1688 241757711656800 2752100
LATENCY 3085300
TIMELINE 8 1704 241757758163200 3085300
LATENCY 2935300
TIMELINE 8 1720 241757803837700 2935300
LATENCY 3017100
TIMELINE 8 1736 241757854930200 3017100
LATENCY 2937000
TIMELINE 8 1752 241757902910400 2937000
LATENCY 2997100
TIMELINE 8 1768 241757947957800 2997100
LATENCY 2727500
TIMELINE 8 1784 241757994597100 2727500
LATENCY 2884200
TIMELINE 8 1800 241758040951100 2884200
LATENCY 2898200
TIMELINE 8 1816 241758086395600 2898200
LATENCY 2981100
TIMELINE 8 1832 241758132805700 2981100
LATENCY 2813900
TIMELINE 8 1848 241758179620900 2813900
LATENCY 2701000
TIMELINE 8 1864 241758228875400 2701000
LATENCY 2751400
TIMELINE 8 1880 241758271394500 2751400
LATENCY 2758100
TIMELINE 8 1896 241758315777900 2758100
LATENCY 2868100
TIMELINE 8 1912 241758363196900 2868100
LATENCY 3002400
TIMELINE 8 1928 241758412417400 3002400
LATENCY 2675700
TIMELINE 8 1944 241758456885400 2675700
LATENCY 2806400
TIMELINE 8 1960 241758500424100 2806400
LATENCY 2615200
TIMELINE 8 1976 241758543936800 2615200
LATENCY 2806900
TIMELINE 8 1992 241758593627800 2806900
LATENCY 3078500
TIMELINE 8 2008 241758640441400 3078500
LATENCY 3110400
TIMELINE 8 2024 241758687750600 3110400
LATENCY 2678000
TIMELINE 8 2040 241758734241200 2678000
LATENCY 2280700
TIMELINE 9 9 241753565145600 2280700
LATENCY 2151900
TIMELINE 9 25 241753600541200 2151900
LATENCY 2144000
TIMELINE 9 41 241753636756000 2144000
LATENCY 2349400
TIMELINE 9 57 241753671757700 2349400
LATENCY 2215900
TIMELINE 9 73 241753707488800 2215900
LATENCY 2126800
TIMELINE 9 89 241753743304800 2126800
LATENCY 2164900
TIMELINE 9 105 241753778088000 2164900
LATENCY 2334800
TIMELINE 9 121 241753814352700 2334800
LATENCY 2139000
TIMELINE 9 137 241753870089500 2139000
LATENCY 2295000
TIMELINE 9 153 241753904956400 2295000
LATENCY 2178500
TIMELINE 9 169 241753942738700 2178500
LATENCY 2121800
TIMELINE 9 185 241753978078900 2121800
LATENCY 2078600
TIMELINE 9 201 241754012862000 2078600
LATENCY 2287300
TIMELINE 9 217 241754048218000 2287300
LATENCY 2093600
TIMELINE 9 233 241754084103000 2093600
LATENCY 2218700
TIMELINE 9 249 241754118656500 2218700
LATENCY 2111000
TIMELINE 9 265 241754172102500 2111000
LATENCY 2129800
TIMELINE 9 281 241754206726700 2129800
LATENCY 2098200
TIMELINE 9 297 241754240703100 2098200
LATENCY 2141500
TIMELINE 9 313 241754275213300 2141500
LATENCY 2196200
TIMELINE 9 329 241754310647100 2196200
LATENCY 2201100
TIMELINE 9 345 241754347064700 2201100
LATENCY 2166200
TIMELINE 9 361 241754383107800 2166200
LATENCY 2126300
TIMELINE 9 377 241754417664100 2126300
LATENCY 2124900
TIMELINE 9 393 241754470701100 2124900
LATENCY 2141200
TIMELINE 9 409 241754505561700 2141200
LATENCY 2216200
TIMELINE 9 425 241754539240300 2216200
LATENCY 2101600
TIMELINE 9 441 241754573822900 2101600
LATENCY 2086600
TIMELINE 9 457 241754608334700 2086600
LATENCY 2100200
TIMELINE 9 473 241754643767500 2100200
LATENCY 2138600
TIMELINE 9 489 241754677938500 2138600
LATENCY 2108100
TIMELINE 9 505 241754712474000 2108100
LATENCY 2418500
TIMELINE 9 521 241754748035700 2418500
LATENCY 2216200
TIMELINE 9 537 241754804425600 2216200
LATENCY 2176500
TIMELINE 9 553 241754839237500 2176500
LATENCY 2088200
TIMELINE 9 569 241754873696600 2088200
LATENCY 2142900
TIMELINE 9 585 241754909279400 2142900
LATENCY 2110600
TIMELINE 9 601 241754943447600 2110600
LATENCY 2133200
TIMELINE 9 617 241754977621300 2133200
LATENCY 2339300
TIMELINE 9 633 241755014800500 2339300
LATENCY 2222100
TIMELINE 9 649 241755050902500 2222100
LATENCY 2366600
TIMELINE 9 665 241755107631100 2366600
LATENCY 2418300
TIMELINE 9 681 241755144369000 2418300
LATENCY 2159200
TIMELINE 9 697 241755180101900 2159200
LATENCY 2095600
TIMELINE 9 713 241755214964400 2095600
LATENCY 2108200
TIMELINE 9 729 241755249991000 2108200
LATENCY 2185900
TIMELINE 9 745 241755284924800 2185900
LATENCY 2195600
TIMELINE 9 761 241755320552300 2195600
LATENCY 2134700
TIMELINE 9 777 241755355614100 2134700
LATENCY 2145100
TIMELINE 9 793 241755410949400 2145100
LATENCY 2119100
TIMELINE 9 809 241755445233700 2119100
LATENCY 2280800
TIMELINE 9 825 241755480663700 2280800
LATENCY 2216500
TIMELINE 9 841 241755515814500 2216500
LATENCY 2218200
TIMELINE 9 857 241755551134000 2218200
LATENCY 2197300
TIMELINE 9 873 241755587044200 2197300
LATENCY 2189600
TIMELINE 9 889 241755622309400 2189600
LATENCY 2333900
TIMELINE 9 905 241755657735000 2333900
LATENCY 22384800
TIMELINE 9 921 241755693297300 22384800
LATENCY 2124800
TIMELINE 9 937 241755750093900 2124800
LATENCY 2253800
TIMELINE 9 953 241755786192800 2253800
LATENCY 2175500
TIMELINE 9 969 241755822569100 2175500
LATENCY 2152700
TIMELINE 9 985 241755857284900 2152700
LATENCY 2149100
TIMELINE 9 1001 241755891572000 2149100
LATENCY 2243600
TIMELINE 9 1017 241755926657000 2243600
LATENCY 2236400
TIMELINE 9 1033 241755961624600 2236400
LATENCY 2167200
TIMELINE 9 1049 241755996802600 2167200
LATENCY 2176800
TIMELINE 9 1065 241756037752200 2176800
LATENCY 2342000
TIMELINE 9 1081 241756073480900 2342000
LATENCY 2215100
TIMELINE 9 1097 241756108281100 2215100
LATENCY 2397300
TIMELINE 9 1113 241756144038600 2397300
LATENCY 2175300
TIMELINE 9 1129 241756180032200 2175300
LATENCY 2194300
TIMELINE 9 1145 241756215219800 2194300
LATENCY 2148000
TIMELINE 9 1161 241756249373300 2148000
LATENCY 2103600
TIMELINE 9 1177 241756283412100 2103600
LATENCY 2240600
TIMELINE 9 1193 241756322904000 2240600
LATENCY 2274300
TIMELINE 9 1209 241756357964000 2274300
LATENCY 2104300
TIMELINE 9 1225 241756392623900 2104300
LATENCY 2654400
TIMELINE 9 1241 241756430463300 2654400
LATENCY 2763700
TIMELINE 9 1257 241756477416900 2763700
LATENCY 2665200
TIMELINE 9 1273 241756519596700 2665200
LATENCY 2716400
TIMELINE 9 1289 241756566185900 2716400
LATENCY 2960700
TIMELINE 9 1305 241756611029300 2960700
LATENCY 8267000
TIMELINE 9 1321 241756657442600 8267000
LATENCY 2734500
TIMELINE 9 1337 241756706738800 2734500
LATENCY 2694100
TIMELINE 9 1353 241756750067800 2694100
LATENCY 2763700
TIMELINE 9 1369 241756795331300 2763700
LATENCY 2654600
TIMELINE 9 1385 241756842447400 2654600
LATENCY 2696000
TIMELINE 9 1401 241756884652900 2696000
LATENCY 2604600
TIMELINE 9 1417 241756927131500 2604600
LATENCY 2689300
TIMELINE 9 1433 241756969370500 2689300
LATENCY 4641500
TIMELINE 9 1449 241757015541100 4641500
LATENCY 2621200
TIMELINE 9 1465 241757068590400 2621200
LATENCY 2613100
TIMELINE 9 1481 241757111187000 2613100
LATENCY 2626600
TIMELINE 9 1497 241757156330600 2626600
LATENCY 2685000
TIMELINE 9 1513 241757203180500 2685000
LATENCY 3067300
TIMELINE 9 1529 241757246098500 3067300
LATENCY 3132600
TIMELINE 9 1545 241757293712300 3132600
LATENCY 2907100
TIMELINE 9 1561 241757341000200 2907100
LATENCY 3026400
TIMELINE 9 1577 241757385795300 3026400
LATENCY 2947300
TIMELINE 9 1593 241757437588000 2947300
LATENCY 2718100
TIMELINE 9 1609 241757484084900 2718100
LATENCY 3711900
TIMELINE 9 1625 241757527038400 3711900
LATENCY 3134800
TIMELINE 9 1641 241757579066000 3134800
LATENCY 2960900
TIMELINE 9 1657 241757626695700 2960900
LATENCY 2609300
TIMELINE 9 1673 241757670768800 2609300
LATENCY 2729500
TIMELINE 9 1689 241757717947600 2729500
LATENCY 2810900
TIMELINE 9 1705 241757764928000 2810900
LATENCY 2975800
TIMELINE 9 1721 241757810501700 2975800
LATENCY 3114600
TIMELINE 9 1737 241757861912600 3114600
LATENCY 2952200
TIMELINE 9 1753 241757909628800 2952200
LATENCY 2973600
TIMELINE 9 1769 241757954630400 2973600
LATENCY 2678800
TIMELINE 9 1785 241758000814300 2678800
LATENCY 2822500
TIMELINE 9 1801 241758047556500 2822500
LATENCY 2908900
TIMELINE 9 1817 241758092973000 2908900
LATENCY 2971600
TIMELINE 9 1833 241758139600100 2971600
LATENCY 2761700
TIMELINE 9 1849 241758185959500 2761700
LATENCY 2629800
TIMELINE 9 1865 241758234866400 2629800
LATENCY 2699100
TIMELINE 9 1881 241758277626500 2699100
LATENCY 5469000
TIMELINE 9 1897 241758322255100 5469000
LATENCY 3171000
TIMELINE 9 1913 241758370095700 3171000
LATENCY 2618800
TIMELINE 9 1929 241758419051000 2618800
LATENCY 2584800
TIMELINE 9 1945 241758463166100 2584800
LATENCY 2741100
TIMELINE 9 1961 241758506737800 2741100
LATENCY 2817600
TIMELINE 9 1977 241758550007200 2817600
LATENCY 2923100
TIMELINE 9 1993 241758599895900 2923100
LATENCY 3076200
TIMELINE 9 2009 241758647295400 3076200
LATENCY 3047500
TIMELINE 9 2025 241758694438400 3047500
LATENCY 2588600
TIMELINE 9 2041 241758740057000 2588600
LATENCY 2234300
TIMELINE 10 10 241753567461600 2234300
LATENCY 2192900
TIMELINE 10 26 241753602664800 2192900
LATENCY 2147000
TIMELINE 10 42 241753638937700 2147000
LATENCY 2283600
TIMELINE 10 58 241753674142000 2283600
LATENCY 2428700
TIMELINE 10 74 241753709654400 2428700
LATENCY 2116400
TIMELINE 10 90 241753745404400 2116400
LATENCY 2478800
TIMELINE 10 106 241753780350200 2478800
LATENCY 2214800
TIMELINE 10 122 241753816514800 2214800
LATENCY 2108800
TIMELINE 10 138 241753872115200 2108800
LATENCY 2380800
TIMELINE 10 154 241753907190600 2380800
LATENCY 2421800
TIMELINE 10 170 241753944782900 2421800
LATENCY 2398300
TIMELINE 10 186 241753980171700 2398300
LATENCY 2088000
TIMELINE 10 202 241754014805000 2088000
LATENCY 2250200
TIMELINE 10 218 241754050187100 2250200
LATENCY 2108300
TIMELINE 10 234 241754085878000 2108300
LATENCY 2195400
TIMELINE 10 250 241754120512000 2195400
LATENCY 2127400
TIMELINE 10 266 241754173882200 2127400
LATENCY 2135600
TIMELINE 10 282 241754208685200 2135600
LATENCY 2091800
TIMELINE 10 298 241754242632000 2091800
LATENCY 2305800
TIMELINE 10 314 241754277154200 2305800
LATENCY 2192200
TIMELINE 10 330 241754312568900 2192200
LATENCY 2191100
TIMELINE 10 346 241754348652200 2191100
LATENCY 2331800
TIMELINE 10 362 241754384755200 2331800
LATENCY 2116700
TIMELINE 10 378 241754419291000 2116700
LATENCY 2141900
TIMELINE 10 394 241754472173200 2141900
LATENCY 2095700
TIMELINE 10 410 241754507089700 2095700
LATENCY 2376700
TIMELINE 10 426 241754540811900 2376700
LATENCY 2140900
TIMELINE 10 442 241754575335000 2140900
LATENCY 2130000
TIMELINE 10 458 241754609850100 2130000
LATENCY 2123800
TIMELINE 10 474 241754645256200 2123800
LATENCY 2147300
TIMELINE 10 490 241754679450900 2147300
LATENCY 2317800
TIMELINE 10 506 241754713944800 2317800
LATENCY 2322500
TIMELINE 10 522 241754749198700 2322500
LATENCY 2216500
TIMELINE 10 538 241754805498500 2216500
LATENCY 2172400
TIMELINE 10 554 241754840324300 2172400
LATENCY 2124400
TIMELINE 10 570 241754874688900 2124400
LATENCY 2156900
TIMELINE 10 586 241754910253200 2156900
LATENCY 2129200
TIMELINE 10 602 241754944441700 2129200
LATENCY 2093100
TIMELINE 10 618 241754978637100 2093100
LATENCY 2317100
TIMELINE 10 634 241755016105000 2317100
LATENCY 2183900
TIMELINE 10 650 241755052188700 2183900
LATENCY 2343400
TIMELINE 10 666 241755108825300 2343400
LATENCY 2299400
TIMELINE 10 682 241755145624800 2299400
LATENCY 2173900
TIMELINE 10 698 241755181082200 2173900
LATENCY 2429800
TIMELINE 10 714 241755216116900 2429800
LATENCY 2112400
TIMELINE 10 730 241755251123800 2112400
LATENCY 2163100
TIMELINE 10 746 241755286174300 2163100
LATENCY 2271700
TIMELINE 10 762 241755321810000 2271700
LATENCY 2175100
TIMELINE 10 778 241755356800500 2175100
LATENCY 2147400
TIMELINE 10 794 241755412165200 2147400
LATENCY 2154600
TIMELINE 10 810 241755446387200 2154600
LATENCY 2169800
TIMELINE 10 826 241755482045700 2169800
LATENCY 2199200
TIMELINE 10 842 241755517111300 2199200
LATENCY 2211800
TIMELINE 10 858 241755552493100 2211800
LATENCY 2187700
TIMELINE 10 874 241755588356800 2187700
LATENCY 2184100
TIMELINE 10 890 241755624735400 2184100
LATENCY 2222500
TIMELINE 10 906 241755660298900 2222500
LATENCY 2577300
TIMELINE 10 922 241755715912600 2577300
LATENCY 2399700
TIMELINE 10 938 241755752670400 2399700
LATENCY 2222600
TIMELINE 10 954 241755789061800 2222600
LATENCY 2165200
TIMELINE 10 970 241755825386900 2165200
LATENCY 2128800
TIMELINE 10 986 241755860263600 2128800
LATENCY 2158400
TIMELINE 10 1002 241755894687400 2158400
LATENCY 2228300
TIMELINE 10 1018 241755929808400 2228300
LATENCY 2156400
TIMELINE 10 1034 241755964687100 2156400
LATENCY 2117500
TIMELINE 10 1050 241755999720900 2117500
LATENCY 2132500
TIMELINE 10 1066 241756040676500 2132500
LATENCY 2240300
TIMELINE 10 1082 241756076040100 2240300
LATENCY 2242200
TIMELINE 10 1098 241756110734600 2242200
LATENCY 2250100
TIMELINE 10 1114 241756146762700 2250100
LATENCY 2166900
TIMELINE 10 1130 241756182327500 2166900
LATENCY 2174900
TIMELINE 10 1146 241756217512500 2174900
LATENCY 2122900
TIMELINE 10 1162 241756251609800 2122900
LATENCY 2098100
TIMELINE 10 1178 241756285581100 2098100
LATENCY 2202200
TIMELINE 10 1194 241756325179400 2202200
LATENCY 2195300
TIMELINE 10 1210 241756360303500 2195300
LATENCY 2164800
TIMELINE 10 1226 241756394795400 2164800
LATENCY 2747400
TIMELINE 10 1242 241756433168300 2747400
LATENCY 2610300
TIMELINE 10 1258 241756480222800 2610300
LATENCY 2885700
TIMELINE 10 1274 241756522299000 2885700
LATENCY 2767600
TIMELINE 10 1290 241756568949800 2767600
LATENCY 2924200
TIMELINE 10 1306 241756614161400 2924200
LATENCY 2766700
TIMELINE 10 1322 241756665891800 2766700
LATENCY 2805200
TIMELINE 10 1338 241756709666800 2805200
LATENCY 2708500
TIMELINE 10 1354 241756752975700 2708500
LATENCY 2739000
TIMELINE 10 1370 241756798273400 2739000
LATENCY 2568900
TIMELINE 10 1386 241756845204600 2568900
LATENCY 2704900
TIMELINE 10 1402 241756887451900 2704900
LATENCY 2582300
TIMELINE 10 1418 241756929842300 2582300
LATENCY 2577700
TIMELINE 10 1434 241756972170200 2577700
LATENCY 2771300
TIMELINE 10 1450 241757019206500 2771300
LATENCY 2631200
TIMELINE 10 1466 241757070401200 2631200
LATENCY 2646200
TIMELINE 10 1482 241757112970800 2646200
LATENCY 2864000
TIMELINE 10 1498 241757157922100 2864000
LATENCY 2612200
TIMELINE 10 1514 241757205034000 2612200
LATENCY 3106300
TIMELINE 10 1530 241757248169000 3106300
LATENCY 3206100
TIMELINE 10 1546 241757295672000 3206100
LATENCY 2907700
TIMELINE 10 1562 241757342950300 2907700
LATENCY 2972600
TIMELINE 10 1578 241757387904600 2972600
LATENCY 2896100
TIMELINE 10 1594 241757439643300 2896100
LATENCY 2718800
TIMELINE 10 1610 241757485942100 2718800
LATENCY 2998300
TIMELINE 10 1626 241757528991000 2998300
LATENCY 3057100
TIMELINE 10 1642 241757580296800 3057100
LATENCY 2913100
TIMELINE 10 1658 241757627860800 2913100
LATENCY 2745700
TIMELINE 10 1674 241757671798400 2745700
LATENCY 3111000
TIMELINE 10 1690 241757719062000 3111000
LATENCY 2789600
TIMELINE 10 1706 241757766049800 2789600
LATENCY 8630400
TIMELINE 10 1722 241757811679100 8630400
LATENCY 3005400
TIMELINE 10 1738 241757863190300 3005400
LATENCY 2950100
TIMELINE 10 1754 241757910733300 2950100
LATENCY 2949500
TIMELINE 10 1770 241757955686400 2949500
LATENCY 2761800
TIMELINE 10 1786 241758001673800 2761800
LATENCY 2833400
TIMELINE 10 1802 241758048470000 2833400
LATENCY 2924600
TIMELINE 10 1818 241758093969800 2924600
LATENCY 2963400
TIMELINE 10 1834 241758140550600 2963400
LATENCY 2736100
TIMELINE 10 1850 241758186873000 2736100
LATENCY 2614500
TIMELINE 10 1866 241758235810800 2614500
LATENCY 2734700
TIMELINE 10 1882 241758278557900 2734700
LATENCY 4533800
TIMELINE 10 1898 241758324228900 4533800
LATENCY 3193500
TIMELINE 10 1914 241758371234900 3193500
LATENCY 2575400
TIMELINE 10 1930 241758420009700 2575400
LATENCY 2548200
TIMELINE 10 1946 241758464096300 2548200
LATENCY 2801100
TIMELINE 10 1962 241758507740800 2801100
LATENCY 2766000
TIMELINE 10 1978 241758551034300 2766000
LATENCY 3208000
TIMELINE 10 1994 241758600905100 3208000
LATENCY 3064000
TIMELINE 10 2010 241758648808500 3064000
LATENCY 3001200
TIMELINE 10 2026 241758695916900 3001200
LATENCY 2579200
TIMELINE 10 2042 241758741437500 2579200
LATENCY 2216200
TIMELINE 11 11 241753569635800 2216200
LATENCY 2145000
TIMELINE 11 27 241753604826900 2145000
LATENCY 2124000
TIMELINE 11 43 241753641121600 2124000
LATENCY 2218600
TIMELINE 11 59 241753676358700 2218600
LATENCY 2256900
TIMELINE 11 75 241753712054600 2256900
LATENCY 2116900
TIMELINE 11 91 241753747492800 2116900
LATENCY 2211300
TIMELINE 11 107 241753782709000 2211300
LATENCY 2522700
TIMELINE 11 123 241753818762200 2522700
LATENCY 2133500
TIMELINE 11 139 241753874137100 2133500
LATENCY 2330700
TIMELINE 11 155 241753909086100 2330700
LATENCY 2271800
TIMELINE 11 171 241753946664400 2271800
LATENCY 2264400
TIMELINE 11 187 241753981938300 2264400
LATENCY 2192600
TIMELINE 11 203 241754016376000 2192600
LATENCY 2260600
TIMELINE 11 219 241754051969800 2260600
LATENCY 2114700
TIMELINE 11 235 241754087572900 2114700
LATENCY 2196900
TIMELINE 11 251 241754122284000 2196900
LATENCY 2285000
TIMELINE 11 267 241754175581100 2285000
LATENCY 2120200
TIMELINE 11 283 241754210210700 2120200
LATENCY 2096300
TIMELINE 11 299 241754244117200 2096300
LATENCY 2384900
TIMELINE 11 315 241754278728500 2384900
LATENCY 2173600
TIMELINE 11 331 241754314185200 2173600
LATENCY 2392000
TIMELINE 11 347 241754349935500 2392000
LATENCY 2409300
TIMELINE 11 363 241754386065100 2409300
LATENCY 2115200
TIMELINE 11 379 241754420617100 2115200
LATENCY 2137300
TIMELINE 11 395 241754473587000 2137300
LATENCY 2108300
TIMELINE 11 411 241754508458900 2108300
LATENCY 2355200
TIMELINE 11 427 241754542284700 2355200
LATENCY 2146400
TIMELINE 11 443 241754576672300 2146400
LATENCY 2103600
TIMELINE 11 459 241754611172500 2103600
LATENCY 2131900
TIMELINE 11 475 241754646569400 2131900
LATENCY 2175300
TIMELINE 11 491 241754680771000 2175300
LATENCY 2193400
TIMELINE 11 507 241754715321900 2193400
LATENCY 2232200
TIMELINE 11 523 241754751042500 2232200
LATENCY 2279900
TIMELINE 11 539 241754807227500 2279900
LATENCY 2122000
TIMELINE 11 555 241754841943000 2122000
LATENCY 2129100
TIMELINE 11 571 241754876323700 2129100
LATENCY 2096700
TIMELINE 11 587 241754912117300 2096700
LATENCY 2138900
TIMELINE 11 603 241754946286100 2138900
LATENCY 2088500
TIMELINE 11 619 241754980456400 2088500
LATENCY 2215900
TIMELINE 11 635 241755017813200 2215900
LATENCY 2126900
TIMELINE 11 651 241755053896300 2126900
LATENCY 2293400
TIMELINE 11 667 241755110852200 2293400
LATENCY 2283300
TIMELINE 11 683 241755147771600 2283300
LATENCY 2160600
TIMELINE 11 699 241755183141900 2160600
LATENCY 2317600
TIMELINE 11 715 241755218263300 2317600
LATENCY 2112700
TIMELINE 11 731 241755253146900 2112700
LATENCY 2180900
TIMELINE 11 747 241755288281700 2180900
LATENCY 2227700
TIMELINE 11 763 241755324025800 2227700
LATENCY 2092500
TIMELINE 11 779 241755358866900 2092500
LATENCY 2142400
TIMELINE 11 795 241755414286000 2142400
LATENCY 2115400
TIMELINE 11 811 241755448457800 2115400
LATENCY 2219800
TIMELINE 11 827 241755484016900 2219800
LATENCY 2145800
TIMELINE 11 843 241755519161700 2145800
LATENCY 2146700
TIMELINE 11 859 241755554494000 2146700
LATENCY 2182300
TIMELINE 11 875 241755590353300 2182300
LATENCY 2185700
TIMELINE 11 891 241755625667200 2185700
LATENCY 2156500
TIMELINE 11 907 241755661427700 2156500
LATENCY 2409500
TIMELINE 11 923 241755717243100 2409500
LATENCY 2227100
TIMELINE 11 939 241755753858700 2227100
LATENCY 2333500
TIMELINE 11 955 241755789819600 2333500
LATENCY 2161700
TIMELINE 11 971 241755826168300 2161700
LATENCY 2155500
TIMELINE 11 987 241755861019900 2155500
LATENCY 2157500
TIMELINE 11 1003 241755895444500 2157500
LATENCY 2211200
TIMELINE 11 1019 241755930588300 2211200
LATENCY 2161700
TIMELINE 11 1035 241755965413100 2161700
LATENCY 2132300
TIMELINE 11 1051 241756000527900 2132300
LATENCY 2118800
TIMELINE 11 1067 241756041471400 2118800
LATENCY 2218100
TIMELINE 11 1083 241756077465500 2218100
LATENCY 2280300
TIMELINE 11 1099 241756112149900 2280300
LATENCY 2170700
TIMELINE 11 1115 241756148079200 2170700
LATENCY 2198200
TIMELINE 11 1131 241756183647400 2198200
LATENCY 2189900
TIMELINE 11 1147 241756218859700 2189900
LATENCY 2173200
TIMELINE 11 1163 241756252902000 2173200
LATENCY 2100900
TIMELINE 11 1179 241756286862200 2100900
LATENCY 2194300
TIMELINE 11 1195 241756326615600 2194300
LATENCY 2187500
TIMELINE 11 1211 241756361719000 2187500
LATENCY 2168100
TIMELINE 11 1227 241756396211600 2168100
LATENCY 2709200
TIMELINE 11 1243 241756435105700 2709200
LATENCY 2572900
TIMELINE 11 1259 241756481955400 2572900
LATENCY 2784900
TIMELINE 11 1275 241756524195900 2784900
LATENCY 2789800
TIMELINE 11 1291 241756570721200 2789800
LATENCY 2914200
TIMELINE 11 1307 241756616020700 2914200
LATENCY 2703700
TIMELINE 11 1323 241756667639500 2703700
LATENCY 2773900
TIMELINE 11 1339 241756711421900 2773900
LATENCY 2692900
TIMELINE 11 1355 241756754695200 2692900
LATENCY 2750600
TIMELINE 11 1371 241756800033200 2750600
LATENCY 2578200
TIMELINE 11 1387 241756846867300 2578200
LATENCY 2675200
TIMELINE 11 1403 241756889183000 2675200
LATENCY 2548200
TIMELINE 11 1419 241756931530700 2548200
LATENCY 2604200
TIMELINE 11 1435 241756973832900 2604200
LATENCY 2768700
TIMELINE 11 1451 241757023346600 2768700
LATENCY 2670300
TIMELINE 11 1467 241757074250200 2670300
LATENCY 2632000
TIMELINE 11 1483 241757116846300 2632000
LATENCY 2588300
TIMELINE 11 1499 241757161990100 2588300
LATENCY 2617700
TIMELINE 11 1515 241757208849500 2617700
LATENCY 2919000
TIMELINE 11 1531 241757252618000 2919000
LATENCY 2915800
TIMELINE 11 1547 241757300245500 2915800
LATENCY 2824700
TIMELINE 11 1563 241757347211100 2824700
LATENCY 2900200
TIMELINE 11 1579 241757392069400 2900200
LATENCY 2772300
TIMELINE 11 1595 241757443790300 2772300
LATENCY 2723300
TIMELINE 11 1611 241757489853000 2723300
LATENCY 3303500
TIMELINE 11 1627 241757533625600 3303500
LATENCY 2856400
TIMELINE 11 1643 241757585003200 2856400
LATENCY 2942100
TIMELINE 11 1659 241757632333300 2942100
LATENCY 2984300
TIMELINE 11 1675 241757676186000 2984300
LATENCY 2910000
TIMELINE 11 1691 241757723732800 2910000
LATENCY 2714700
TIMELINE 11 1707 241757770305700 2714700
LATENCY 2660400
TIMELINE 11 1723 241757821814300 2660400
LATENCY 3040700
TIMELINE 11 1739 241757867755400 3040700
LATENCY 2813100
TIMELINE 11 1755 241757915177800 2813100
LATENCY 2982800
TIMELINE 11 1771 241757960284700 2982800
LATENCY 3024400
TIMELINE 11 1787 241758006064400 3024400
LATENCY 2606600
TIMELINE 11 1803 241758052713900 2606600
LATENCY 2923500
TIMELINE 11 1819 241758098727800 2923500
LATENCY 2597600
TIMELINE 11 1835 241758145409200 2597600
LATENCY 2781000
TIMELINE 11 1851 241758191402100 2781000
LATENCY 2722400
TIMELINE 11 1867 241758240046000 2722400
LATENCY 2716200
TIMELINE 11 1883 241758282980200 2716200
LATENCY 2824300
TIMELINE 11 1899 241758330485700 2824300
LATENCY 3072900
TIMELINE 11 1915 241758376312300 3072900
LATENCY 2566800
TIMELINE 11 1931 241758424118600 2566800
LATENCY 2574300
TIMELINE 11 1947 241758468194700 2574300
LATENCY 2721800
TIMELINE 11 1963 241758512206500 2721800
LATENCY 2728700
TIMELINE 11 1979 241758555363400 2728700
LATENCY 2618000
TIMELINE 11 1995 241758605643800 2618000
LATENCY 3173300
TIMELINE 11 2011 241758653567200 3173300
LATENCY 3037000
TIMELINE 11 2027 241758700524800 3037000
LATENCY 2582600
TIMELINE 11 2043 241758745357700 2582600
LATENCY 2285500
TIMELINE 12 12 241753571767300 2285500
LATENCY 2162000
TIMELINE 12 28 241753606861500 2162000
LATENCY 2123200
TIMELINE 12 44 241753643137000 2123200
LATENCY 2218500
TIMELINE 12 60 241753678463200 2218500
LATENCY 2213300
TIMELINE 12 76 241753714201200 2213300
LATENCY 2068200
TIMELINE 12 92 241753749448100 2068200
LATENCY 2173700
TIMELINE 12 108 241753784788700 2173700
LATENCY 2492000
TIMELINE 12 124 241753821067000 2492000
LATENCY 2136300
TIMELINE 12 140 241753876153100 2136300
LATENCY 2873100
TIMELINE 12 156 241753911661500 2873100
LATENCY 2231700
TIMELINE 12 172 241753949211900 2231700
LATENCY 2136400
TIMELINE 12 188 241753984453500 2136400
LATENCY 2236200
TIMELINE 12 204 241754018896000 2236200
LATENCY 2241500
TIMELINE 12 220 241754054461100 2241500
LATENCY 2115000
TIMELINE 12 236 241754089908700 2115000
LATENCY 2212000
TIMELINE 12 252 241754124736400 2212000
LATENCY 2182400
TIMELINE 12 268 241754178061500 2182400
LATENCY 2130100
TIMELINE 12 284 241754212593900 2130100
LATENCY 2156100
TIMELINE 12 300 241754246469400 2156100
LATENCY 2218300
TIMELINE 12 316 241754281354000 2218300
LATENCY 2306700
TIMELINE 12 332 241754316516800 2306700
LATENCY 2536400
TIMELINE 12 348 241754352296200 2536400
LATENCY 2266300
TIMELINE 12 364 241754388371800 2266300
LATENCY 2139600
TIMELINE 12 380 241754422649500 2139600
LATENCY 2280000
TIMELINE 12 396 241754475664600 2280000
LATENCY 2091600
TIMELINE 12 412 241754510488900 2091600
LATENCY 2219600
TIMELINE 12 428 241754544552900 2219600
LATENCY 2108500
TIMELINE 12 444 241754578765300 2108500
LATENCY 2115700
TIMELINE 12 460 241754613221900 2115700
LATENCY 2106200
TIMELINE 12 476 241754648618600 2106200
LATENCY 2149000
TIMELINE 12 492 241754682840300 2149000
LATENCY 2229200
TIMELINE 12 508 241754717673400 2229200
LATENCY 21576200
TIMELINE 12 524 241754753514500 21576200
LATENCY 2222500
TIMELINE 12 540 241754809736900 2222500
LATENCY 2132100
TIMELINE 12 556 241754844352200 2132100
LATENCY 2125100
TIMELINE 12 572 241754878678200 2125100
LATENCY 2077900
TIMELINE 12 588 241754914245000 2077900
LATENCY 2187000
TIMELINE 12 604 241754948459100 2187000
LATENCY 2135800
TIMELINE 12 620 241754982608400 2135800
LATENCY 2290600
TIMELINE 12 636 241755020131500 2290600
LATENCY 2686000
TIMELINE 12 652 241755055967300 2686000
LATENCY 2376200
TIMELINE 12 668 241755112989900 2376200
LATENCY 2304800
TIMELINE 12 684 241755149686700 2304800
LATENCY 2161400
TIMELINE 12 700 241755184989600 2161400
LATENCY 2122700
TIMELINE 12 716 241755220035500 2122700
LATENCY 2114500
TIMELINE 12 732 241755254709500 2114500
LATENCY 2160800
TIMELINE 12 748 241755289636600 2160800
LATENCY 2297500
TIMELINE 12 764 241755325365400 2297500
LATENCY 2149500
TIMELINE 12 780 241755360192000 2149500
LATENCY 2125700
TIMELINE 12 796 241755415639500 2125700
LATENCY 2112800
TIMELINE 12 812 241755449818800 2112800
LATENCY 2165200
TIMELINE 12 828 241755485649300 2165200
LATENCY 2134600
TIMELINE 12 844 241755520621000 2134600
LATENCY 2204600
TIMELINE 12 860 241755556143700 2204600
LATENCY 2161600
TIMELINE 12 876 241755592038100 2161600
LATENCY 2419500
TIMELINE 12 892 241755627310900 2419500
LATENCY 2159000
TIMELINE 12 908 241755662945600 2159000
LATENCY 2460900
TIMELINE 12 924 241755719058100 2460900
LATENCY 2170700
TIMELINE 12 940 241755755443700 2170700
LATENCY 2318500
TIMELINE 12 956 241755791440300 2318500
LATENCY 2154600
TIMELINE 12 972 241755827521700 2154600
LATENCY 2167000
TIMELINE 12 988 241755862365800 2167000
LATENCY 2125500
TIMELINE 12 1004 241755896818800 2125500
LATENCY 2212200
TIMELINE 12 1020 241755932072400 2212200
LATENCY 2142800
TIMELINE 12 1036 241755966878000 2142800
LATENCY 2194400
TIMELINE 12 1052 241756002049500 2194400
LATENCY 2107200
TIMELINE 12 1068 241756042998500 2107200
LATENCY 2314800
TIMELINE 12 1084 241756078928700 2314800
LATENCY 2153400
TIMELINE 12 1100 241756113624900 2153400
LATENCY 2198800
TIMELINE 12 1116 241756149450100 2198800
LATENCY 2191800
TIMELINE 12 1132 241756185050300 2191800
LATENCY 2139700
TIMELINE 12 1148 241756220294100 2139700
LATENCY 2171200
TIMELINE 12 1164 241756254316400 2171200
LATENCY 2090600
TIMELINE 12 1180 241756288304700 2090600
LATENCY 2147100
TIMELINE 12 1196 241756328020400 2147100
LATENCY 2170000
TIMELINE 12 1212 241756363099300 2170000
LATENCY 2135100
TIMELINE 12 1228 241756397608000 2135100
LATENCY 2699100
TIMELINE 12 1244 241756436793800 2699100
LATENCY 2579500
TIMELINE 12 1260 241756483621100 2579500
LATENCY 2735300
TIMELINE 12 1276 241756526039700 2735300
LATENCY 2713100
TIMELINE 12 1292 241756572562300 2713100
LATENCY 2932100
TIMELINE 12 1308 241756617985000 2932100
LATENCY 2724000
TIMELINE 12 1324 241756669475500 2724000
LATENCY 2688400
TIMELINE 12 1340 241756713279500 2688400
LATENCY 2825600
TIMELINE 12 1356 241756756517300 2825600
LATENCY 2711900
TIMELINE 12 1372 241756801871700 2711900
LATENCY 2667100
TIMELINE 12 1388 241756848571600 2667100
LATENCY 2637800
TIMELINE 12 1404 241756890995600 2637800
LATENCY 2626200
TIMELINE 12 1420 241756933224000 2626200
LATENCY 2596900
TIMELINE 12 1436 241756975610700 2596900
LATENCY 2687500
TIMELINE 12 1452 241757025034800 2687500
LATENCY 2628700
TIMELINE 12 1468 241757075839300 2628700
LATENCY 2626800
TIMELINE 12 1484 241757118394400 2626800
LATENCY 2597700
TIMELINE 12 1500 241757163481200 2597700
LATENCY 2612500
TIMELINE 12 1516 241757210386900 2612500
LATENCY 2953300
TIMELINE 12 1532 241757254291400 2953300
LATENCY 2960500
TIMELINE 12 1548 241757301925400 2960500
LATENCY 2882900
TIMELINE 12 1564 241757348866100 2882900
LATENCY 2805500
TIMELINE 12 1580 241757393822700 2805500
LATENCY 2850700
TIMELINE 12 1596 241757445453400 2850700
LATENCY 2736400
TIMELINE 12 1612 241757491498200 2736400
LATENCY 3145500
TIMELINE 12 1628 241757535499400 3145500
LATENCY 2889900
TIMELINE 12 1644 241757586665500 2889900
LATENCY 2927400
TIMELINE 12 1660 241757634045700 2927400
LATENCY 2857200
TIMELINE 12 1676 241757677951100 2857200
LATENCY 2902600
TIMELINE 12 1692 241757725435600 2902600
LATENCY 2700700
TIMELINE 12 1708 241757771898400 2700700
LATENCY 2593600
TIMELINE 12 1724 241757823367200 2593600
LATENCY 3033300
TIMELINE 12 1740 241757869541400 3033300
LATENCY 2746800
TIMELINE 12 1756 241757916874300 2746800
LATENCY 2977300
TIMELINE 12 1772 241757962030800 2977300
LATENCY 2913400
TIMELINE 12 1788 241758007779800 2913400
LATENCY 2707000
TIMELINE 12 1804 241758054166100 2707000
LATENCY 2918800
TIMELINE 12 1820 241758100144800 2918800
LATENCY 2761000
TIMELINE 12 1836 241758146744100 2761000
LATENCY 3003400
TIMELINE 12 1852 241758192652000 3003400
LATENCY 2700000
TIMELINE 12 1868 241758241301900 2700000
LATENCY 2768100
TIMELINE 12 1884 241758284252400 2768100
LATENCY 2858200
TIMELINE 12 1900 241758331809400 2858200
LATENCY 3069800
TIMELINE 12 1916 241758377718000 3069800
LATENCY 2571100
TIMELINE 12 1932 241758425281000 2571100
LATENCY 2602800
TIMELINE 12 1948 241758469336500 2602800
LATENCY 2732700
TIMELINE 12 1964 241758513420700 2732700
LATENCY 2831900
TIMELINE 12 1980 241758556491200 2831900
LATENCY 2701400
TIMELINE 12 1996 241758606826400 2701400
LATENCY 3139700
TIMELINE 12 2012 241758654750100 3139700
LATENCY 3080700
TIMELINE 12 2028 241758701645000 3080700
LATENCY 2523900
TIMELINE 12 2044 241758746389900 2523900
LATENCY 2193300
TIMELINE 13 13 241753574251700 2193300
LATENCY 3127300
TIMELINE 13 29 241753609251700 3127300
LATENCY 2183400
TIMELINE 13 45 241753645459500 2183400
LATENCY 2211900
TIMELINE 13 61 241753680943700 2211900
LATENCY 2290700
TIMELINE 13 77 241753716682800 2290700
LATENCY 2083500
TIMELINE 13 93 241753751814500 2083500
LATENCY 2282700
TIMELINE 13 109 241753787290000 2282700
LATENCY 21726700
TIMELINE 13 125 241753823846900 21726700
LATENCY 2108900
TIMELINE 13 141 241753878551400 2108900
LATENCY 2449700
TIMELINE 13 157 241753914738100 2449700
LATENCY 2256400
TIMELINE 13 173 241753951695300 2256400
LATENCY 2253300
TIMELINE 13 189 241753986862000 2253300
LATENCY 2230200
TIMELINE 13 205 241754021359200 2230200
LATENCY 2236000
TIMELINE 13 221 241754056940900 2236000
LATENCY 2109900
TIMELINE 13 237 241754092252800 2109900
LATENCY 2341000
TIMELINE 13 253 241754127193400 2341000
LATENCY 2176200
TIMELINE 13 269 241754180528800 2176200
LATENCY 2112900
TIMELINE 13 285 241754215127600 2112900
LATENCY 2159500
TIMELINE 13 301 241754249015600 2159500
LATENCY 2208700
TIMELINE 13 317 241754284022600 2208700
LATENCY 2436500
TIMELINE 13 333 241754319323000 2436500
LATENCY 2241900
TIMELINE 13 349 241754356002300 2241900
LATENCY 2134500
TIMELINE 13 365 241754391606400 2134500
LATENCY 2122200
TIMELINE 13 381 241754425728900 2122200
LATENCY 2237600
TIMELINE 13 397 241754478924500 2237600
LATENCY 2123900
TIMELINE 13 413 241754513499600 2123900
LATENCY 2165600
TIMELINE 13 429 241754547762700 2165600
LATENCY 2199000
TIMELINE 13 445 241754581805700 2199000
LATENCY 2129300
TIMELINE 13 461 241754616293100 2129300
LATENCY 2134100
TIMELINE 13 477 241754651870200 2134100
LATENCY 2201400
TIMELINE 13 493 241754686126600 2201400
LATENCY 2180400
TIMELINE 13 509 241754720901800 2180400
LATENCY 2236000
TIMELINE 13 525 241754775882100 2236000
LATENCY 2162200
TIMELINE 13 541 241754812738000 2162200
LATENCY 2102000
TIMELINE 13 557 241754847221800 2102000
LATENCY 2121600
TIMELINE 13 573 241754881751000 2121600
LATENCY 2161200
TIMELINE 13 589 241754917271900 2161200
LATENCY 2133900
TIMELINE 13 605 241754951618500 2133900
LATENCY 2087800
TIMELINE 13 621 241754985652300 2087800
LATENCY 2214800
TIMELINE 13 637 241755023353700 2214800
LATENCY 2214500
TIMELINE 13 653 241755059580500 2214500
LATENCY 2269200
TIMELINE 13 669 241755116355600 2269200
LATENCY 2275300
TIMELINE 13 685 241755152762500 2275300
LATENCY 2084000
TIMELINE 13 701 241755187867500 2084000
LATENCY 2383200
TIMELINE 13 717 241755223142100 2383200
LATENCY 2108700
TIMELINE 13 733 241755257874200 2108700
LATENCY 2166900
TIMELINE 13 749 241755292939700 2166900
LATENCY 2182600
TIMELINE 13 765 241755328823200 2182600
LATENCY 2220300
TIMELINE 13 781 241755363587800 2220300
LATENCY 2129200
TIMELINE 13 797 241755418807900 2129200
LATENCY 2317900
TIMELINE 13 813 241755452958000 2317900
LATENCY 2150500
TIMELINE 13 829 241755488782800 2150500
LATENCY 2112000
TIMELINE 13 845 241755523731200 2112000
LATENCY 2132500
TIMELINE 13 861 241755559418100 2132500
LATENCY 2178200
TIMELINE 13 877 241755595217100 2178200
LATENCY 2360400
TIMELINE 13 893 241755630944100 2360400
LATENCY 2124300
TIMELINE 13 909 241755666100900 2124300
LATENCY 2338900
TIMELINE 13 925 241755722639300 2338900
LATENCY 2230600
TIMELINE 13 941 241755758542600 2230600
LATENCY 2277300
TIMELINE 13 957 241755794854100 2277300
LATENCY 2229200
TIMELINE 13 973 241755830885200 2229200
LATENCY 2136100
TIMELINE 13 989 241755865717800 2136100
LATENCY 2102800
TIMELINE 13 1005 241755900135200 2102800
LATENCY 2206800
TIMELINE 13 1021 241755935360800 2206800
LATENCY 2212700
TIMELINE 13 1037 241755970078700 2212700
LATENCY 2313100
TIMELINE 13 1053 241756005172000 2313100
LATENCY 2145500
TIMELINE 13 1069 241756045984700 2145500
LATENCY 2106100
TIMELINE 13 1085 241756082276900 2106100
LATENCY 2401900
TIMELINE 13 1101 241756116888300 2401900
LATENCY 2183800
TIMELINE 13 1117 241756152678100 2183800
LATENCY 2159300
TIMELINE 13 1133 241756188251900 2159300
LATENCY 2078900
TIMELINE 13 1149 241756223350000 2078900
LATENCY 2096200
TIMELINE 13 1165 241756257345700 2096200
LATENCY 2128000
TIMELINE 13 1181 241756291247400 2128000
LATENCY 2289300
TIMELINE 13 1197 241756331131500 2289300
LATENCY 2168200
TIMELINE 13 1213 241756366404200 2168200
LATENCY 2138000
TIMELINE 13 1229 241756400687100 2138000
LATENCY 2734300
TIMELINE 13 1245 241756440685300 2734300
LATENCY 2596700
TIMELINE 13 1261 241756487216100 2596700
LATENCY 2742500
TIMELINE 13 1277 241756529859000 2742500
LATENCY 2775000
TIMELINE 13 1293 241756576414700 2775000
LATENCY 2929600
TIMELINE 13 1309 241756622128000 2929600
LATENCY 2792700
TIMELINE 13 1325 241756673258500 2792700
LATENCY 2704700
TIMELINE 13 1341 241756717042700 2704700
LATENCY 2836100
TIMELINE 13 1357 241756760536700 2836100
LATENCY 2712800
TIMELINE 13 1373 241756805684200 2712800
LATENCY 2622800
TIMELINE 13 1389 241756852443200 2622800
LATENCY 2585700
TIMELINE 13 1405 241756894836500 2585700
LATENCY 2729800
TIMELINE 13 1421 241756937056200 2729800
LATENCY 2784100
TIMELINE 13 1437 241756979386800 2784100
LATENCY 2800100
TIMELINE 13 1453 241757027546100 2800100
LATENCY 2622200
TIMELINE 13 1469 241757078254600 2622200
LATENCY 2793300
TIMELINE 13 1485 241757120810500 2793300
LATENCY 2642300
TIMELINE 13 1501 241757165886800 2642300
LATENCY 2642400
TIMELINE 13 1517 241757212825700 2642400
LATENCY 2956500
TIMELINE 13 1533 241757257041700 2956500
LATENCY 2940800
TIMELINE 13 1549 241757304686600 2940800
LATENCY 2920700
TIMELINE 13 1565 241757351665800 2920700
LATENCY 2851200
TIMELINE 13 1581 241757396519400 2851200
LATENCY 3093500
TIMELINE 13 1597 241757448180400 3093500
LATENCY 2757500
TIMELINE 13 1613 241757494195300 2757500
LATENCY 2924600
TIMELINE 13 1629 241757538518600 2924600
LATENCY 2983300
TIMELINE 13 1645 241757589514900 2983300
LATENCY 2959000
TIMELINE 13 1661 241757636934600 2959000
LATENCY 2910500
TIMELINE 13 1677 241757680683900 2910500
LATENCY 2943500
TIMELINE 13 1693 241757728295000 2943500
LATENCY 2718700
TIMELINE 13 1709 241757774558500 2718700
LATENCY 2609900
TIMELINE 13 1725 241757825917700 2609900
LATENCY 3012600
TIMELINE 13 1741 241757872466100 3012600
LATENCY 2734300
TIMELINE 13 1757 241757919394500 2734300
LATENCY 2946300
TIMELINE 13 1773 241757964772700 2946300
LATENCY 2683300
TIMELINE 13 1789 241758010502800 2683300
LATENCY 2737000
TIMELINE 13 1805 241758056717200 2737000
LATENCY 2900300
TIMELINE 13 1821 241758102910400 2900300
LATENCY 2844800
TIMELINE 13 1837 241758149391800 2844800
LATENCY 2921200
TIMELINE 13 1853 241758195487700 2921200
LATENCY 2617000
TIMELINE 13 1869 241758244119000 2617000
LATENCY 2758200
TIMELINE 13 1885 241758287148000 2758200
LATENCY 2848900
TIMELINE 13 1901 241758334790200 2848900
LATENCY 3067600
TIMELINE 13 1917 241758380921000 3067600
LATENCY 2558000
TIMELINE 13 1933 241758427994400 2558000
LATENCY 2678500
TIMELINE 13 1949 241758472086300 2678500
LATENCY 2740400
TIMELINE 13 1965 241758516306300 2740400
LATENCY 2708900
TIMELINE 13 1981 241758559482400 2708900
LATENCY 3031000
TIMELINE 13 1997 241758609681900 3031000
LATENCY 2673300
TIMELINE 13 2013 241758658039200 2673300
LATENCY 3050400
TIMELINE 13 2029 241758704909000 3050400
LATENCY 2620200
TIMELINE 13 2045 241758749090000 2620200
LATENCY 2202500
TIMELINE 14 14 241753576414200 2202500
LATENCY 2188400
TIMELINE 14 30 241753612302500 2188400
LATENCY 2148900
TIMELINE 14 46 241753647584600 2148900
LATENCY 2217600
TIMELINE 14 62 241753683100400 2217600
LATENCY 2295100
TIMELINE 14 78 241753718910100 2295100
LATENCY 2172000
TIMELINE 14 94 241753753871200 2172000
LATENCY 2193100
TIMELINE 14 110 241753789516000 2193100
LATENCY 2882200
TIMELINE 14 126 241753845539200 2882200
LATENCY 2068500
TIMELINE 14 142 241753880634000 2068500
LATENCY 2523900
TIMELINE 14 158 241753916906100 2523900
LATENCY 2345400
TIMELINE 14 174 241753953644500 2345400
LATENCY 2268100
TIMELINE 14 190 241753988766000 2268100
LATENCY 2351900
TIMELINE 14 206 241754023269500 2351900
LATENCY 2204600
TIMELINE 14 222 241754058882700 2204600
LATENCY 2170800
TIMELINE 14 238 241754094051200 2170800
LATENCY 2434800
TIMELINE 14 254 241754129188700 2434800
LATENCY 2291800
TIMELINE 14 270 241754182357900 2291800
LATENCY 2108000
TIMELINE 14 286 241754216771300 2108000
LATENCY 2108300
TIMELINE 14 302 241754250694800 2108300
LATENCY 2285400
TIMELINE 14 318 241754285747400 2285400
LATENCY 2380600
TIMELINE 14 334 241754321052000 2380600
LATENCY 2237300
TIMELINE 14 350 241754357632700 2237300
LATENCY 2075100
TIMELINE 14 366 241754393177000 2075100
LATENCY 2126400
TIMELINE 14 382 241754427266700 2126400
LATENCY 2222700
TIMELINE 14 398 241754480521900 2222700
LATENCY 2106200
TIMELINE 14 414 241754515037700 2106200
LATENCY 2221700
TIMELINE 14 430 241754549404000 2221700
LATENCY 2337400
TIMELINE 14 446 241754583485400 2337400
LATENCY 2231800
TIMELINE 14 462 241754617952600 2231800
LATENCY 2168400
TIMELINE 14 478 241754653386200 2168400
LATENCY 2131900
TIMELINE 14 494 241754687649500 2131900
LATENCY 2187500
TIMELINE 14 510 241754722280800 2187500
LATENCY 2249100
TIMELINE 14 526 241754777968800 2249100
LATENCY 2163800
TIMELINE 14 542 241754814781000 2163800
LATENCY 2107200
TIMELINE 14 558 241754849209100 2107200
LATENCY 2140200
TIMELINE 14 574 241754883545800 2140200
LATENCY 2131300
TIMELINE 14 590 241754919175100 2131300
LATENCY 2131500
TIMELINE 14 606 241754953500100 2131500
LATENCY 2100300
TIMELINE 14 622 241754987492300 2100300
LATENCY 2183600
TIMELINE 14 638 241755025300000 2183600
LATENCY 2329900
TIMELINE 14 654 241755061480700 2329900
LATENCY 2285200
TIMELINE 14 670 241755118236600 2285200
LATENCY 2259500
TIMELINE 14 686 241755154884300 2259500
LATENCY 2813800
TIMELINE 14 702 241755189902000 2813800
LATENCY 2223900
TIMELINE 14 718 241755225494500 2223900
LATENCY 2165500
TIMELINE 14 734 241755259953800 2165500
LATENCY 2227100
TIMELINE 14 750 241755295166000 2227100
LATENCY 2222700
TIMELINE 14 766 241755331036700 2222700
LATENCY 2206300
TIMELINE 14 782 241755365730600 2206300
LATENCY 2219800
TIMELINE 14 798 241755420850600 2219800
LATENCY 2228100
TIMELINE 14 814 241755455191100 2228100
LATENCY 2105600
TIMELINE 14 830 241755490792300 2105600
LATENCY 2126000
TIMELINE 14 846 241755525608500 2126000
LATENCY 2178500
TIMELINE 14 862 241755561169100 2178500
LATENCY 2103800
TIMELINE 14 878 241755597025800 2103800
LATENCY 2291900
TIMELINE 14 894 241755633133100 2291900
LATENCY 2141500
TIMELINE 14 910 241755668056400 2141500
LATENCY 2481000
TIMELINE 14 926 241755724951700 2481000
LATENCY 2233000
TIMELINE 14 942 241755760907100 2233000
LATENCY 2217800
TIMELINE 14 958 241755797195800 2217800
LATENCY 2141400
TIMELINE 14 974 241755833177700 2141400
LATENCY 2147500
TIMELINE 14 990 241755867944200 2147500
LATENCY 2104600
TIMELINE 14 1006 241755902327200 2104600
LATENCY 2218900
TIMELINE 14 1022 241755937869200 2218900
LATENCY 2321000
TIMELINE 14 1038 241755972600700 2321000
LATENCY 8002500
TIMELINE 14 1054 241756007796300 8002500
LATENCY 2146900
TIMELINE 14 1070 241756048444400 2146900
LATENCY 2126700
TIMELINE 14 1086 241756084830100 2126700
LATENCY 2236400
TIMELINE 14 1102 241756119679300 2236400
LATENCY 2171300
TIMELINE 14 1118 241756155253700 2171300
LATENCY 2146300
TIMELINE 14 1134 241756190770900 2146300
LATENCY 2108100
TIMELINE 14 1150 241756225885000 2108100
LATENCY 2143000
TIMELINE 14 1166 241756259919600 2143000
LATENCY 2084700
TIMELINE 14 1182 241756293843200 2084700
LATENCY 2343800
TIMELINE 14 1198 241756333656300 2343800
LATENCY 2192900
TIMELINE 14 1214 241756368747400 2192900
LATENCY 2087500
TIMELINE 14 1230 241756403031400 2087500
LATENCY 2784300
TIMELINE 14 1246 241756443695800 2784300
LATENCY 2769600
TIMELINE 14 1262 241756490163600 2769600
LATENCY 2700900
TIMELINE 14 1278 241756532989300 2700900
LATENCY 2730500
TIMELINE 14 1294 241756579468800 2730500
LATENCY 2997000
TIMELINE 14 1310 241756625309100 2997000
LATENCY 2744400
TIMELINE 14 1326 241756676296200 2744400
LATENCY 2747500
TIMELINE 14 1342 241756719974800 2747500
LATENCY 2667800
TIMELINE 14 1358 241756763590000 2667800
LATENCY 2668600
TIMELINE 14 1374 241756808570000 2668600
LATENCY 2643200
TIMELINE 14 1390 241756855102000 2643200
LATENCY 2655000
TIMELINE 14 1406 241756897467400 2655000
LATENCY 2654100
TIMELINE 14 1422 241756939824600 2654100
LATENCY 2610000
TIMELINE 14 1438 241756982212500 2610000
LATENCY 2619400
TIMELINE 14 1454 241757030160000 2619400
LATENCY 2690800
TIMELINE 14 1470 241757080740500 2690800
LATENCY 3140000
TIMELINE 14 1486 241757123416700 3140000
LATENCY 4584000
TIMELINE 14 1502 241757168317000 4584000
LATENCY 2657400
TIMELINE 14 1518 241757215246200 2657400
LATENCY 2937700
TIMELINE 14 1534 241757259751300 2937700
LATENCY 2945700
TIMELINE 14 1550 241757307388800 2945700
LATENCY 2827600
TIMELINE 14 1566 241757354291700 2827600
LATENCY 2999300
TIMELINE 14 1582 241757399079400 2999300
LATENCY 4450400
TIMELINE 14 1598 241757450996500 4450400
LATENCY 2733100
TIMELINE 14 1614 241757496607700 2733100
LATENCY 2899100
TIMELINE 14 1630 241757541124500 2899100
LATENCY 3039600
TIMELINE 14 1646 241757592064400 3039600
LATENCY 2800900
TIMELINE 14 1662 241757639489700 2800900
LATENCY 2896100
TIMELINE 14 1678 241757683247400 2896100
LATENCY 2939900
TIMELINE 14 1694 241757730838600 2939900
LATENCY 2772500
TIMELINE 14 1710 241757776919400 2772500
LATENCY 2594600
TIMELINE 14 1726 241757828141400 2594600
LATENCY 2940000
TIMELINE 14 1742 241757875067600 2940000
LATENCY 2748300
TIMELINE 14 1758 241757921954400 2748300
LATENCY 3008600
TIMELINE 14 1774 241757967505200 3008600
LATENCY 3031800
TIMELINE 14 1790 241758013080900 3031800
LATENCY 2686800
TIMELINE 14 1806 241758059340100 2686800
LATENCY 2832000
TIMELINE 14 1822 241758105691600 2832000
LATENCY 2859300
TIMELINE 14 1838 241758152092900 2859300
LATENCY 2792600
TIMELINE 14 1854 241758198329600 2792600
LATENCY 2596900
TIMELINE 14 1870 241758246452400 2596900
LATENCY 2807800
TIMELINE 14 1886 241758289599300 2807800
LATENCY 2841700
TIMELINE 14 1902 241758337252300 2841700
LATENCY 3067400
TIMELINE 14 1918 241758383566800 3067400
LATENCY 2931500
TIMELINE 14 1934 241758430135200 2931500
LATENCY 3068300
TIMELINE 14 1950 241758474309000 3068300
LATENCY 2720600
TIMELINE 14 1966 241758518600700 2720600
LATENCY 2737100
TIMELINE 14 1982 241758561758300 2737100
LATENCY 3071000
TIMELINE 14 1998 241758612012700 3071000
LATENCY 2664000
TIMELINE 14 2014 241758660150800 2664000
LATENCY 2840500
TIMELINE 14 2030 241758707347500 2840500
LATENCY 2616900
TIMELINE 14 2046 241758751153700 2616900
LATENCY 2202100
TIMELINE 15 15 241753578680100 2202100
LATENCY 2173800
TIMELINE 15 31 241753614527400 2173800
LATENCY 2280100
TIMELINE 15 47 241753649766900 2280100
LATENCY 2298400
TIMELINE 15 63 241753685354300 2298400
LATENCY 2246100
TIMELINE 15 79 241753721172500 2246100
LATENCY 2125800
TIMELINE 15 95 241753756016100 2125800
LATENCY 2149200
TIMELINE 15 111 241753791745400 2149200
LATENCY 2152400
TIMELINE 15 127 241753848537200 2152400
LATENCY 2103700
TIMELINE 15 143 241753882822400 2103700
LATENCY 2408500
TIMELINE 15 159 241753919631500 2408500
LATENCY 2275700
TIMELINE 15 175 241753956199400 2275700
LATENCY 2140100
TIMELINE 15 191 241753991205400 2140100
LATENCY 2169900
TIMELINE 15 207 241754025746000 2169900
LATENCY 2231500
TIMELINE 15 223 241754061203700 2231500
LATENCY 2158600
TIMELINE 15 239 241754096340600 2158600
LATENCY 2358900
TIMELINE 15 255 241754131759100 2358900
LATENCY 2158400
TIMELINE 15 271 241754184862800 2158400
LATENCY 2133600
TIMELINE 15 287 241754219076300 2133600
LATENCY 2100200
TIMELINE 15 303 241754253000600 2100200
LATENCY 2259300
TIMELINE 15 319 241754288203300 2259300
LATENCY 2332900
TIMELINE 15 335 241754323319800 2332900
LATENCY 2230700
TIMELINE 15 351 241754360056200 2230700
LATENCY 2082200
TIMELINE 15 367 241754395307700 2082200
LATENCY 2373600
TIMELINE 15 383 241754429454400 2373600
LATENCY 2121500
TIMELINE 15 399 241754482778900 2121500
LATENCY 2082800
TIMELINE 15 415 241754517235300 2082800
LATENCY 2200800
TIMELINE 15 431 241754551596200 2200800
LATENCY 2241200
TIMELINE 15 447 241754585748600 2241200
LATENCY 2326900
TIMELINE 15 463 241754620122600 2326900
LATENCY 2177300
TIMELINE 15 479 241754655587500 2177300
LATENCY 2150600
TIMELINE 15 495 241754689815000 2150600
LATENCY 2196000
TIMELINE 15 511 241754724701000 2196000
LATENCY 2367100
TIMELINE 15 527 241754780252900 2367100
LATENCY 2268400
TIMELINE 15 543 241754816978700 2268400
LATENCY 2125800
TIMELINE 15 559 241754851379500 2125800
LATENCY 2159300
TIMELINE 15 575 241754885746700 2159300
LATENCY 2150900
TIMELINE 15 591 241754921369200 2150900
LATENCY 2155000
TIMELINE 15 607 241754955693200 2155000
LATENCY 2123600
TIMELINE 15 623 241754989624200 2123600
LATENCY 2341400
TIMELINE 15 639 241755027416000 2341400
LATENCY 21196900
TIMELINE 15 655 241755063781600 21196900
LATENCY 2331200
TIMELINE 15 671 241755120586400 2331200
LATENCY 2254700
TIMELINE 15 687 241755157084400 2254700
LATENCY 2330100
TIMELINE 15 703 241755192797700 2330100
LATENCY 2232800
TIMELINE 15 719 241755227901600 2232800
LATENCY 2143700
TIMELINE 15 735 241755262269800 2143700
LATENCY 2149500
TIMELINE 15 751 241755297454400 2149500
LATENCY 2141100
TIMELINE 15 767 241755333449900 2141100
LATENCY 2183000
TIMELINE 15 783 241755368140300 2183000
LATENCY 2085900
TIMELINE 15 799 241755423350300 2085900
LATENCY 2234000
TIMELINE 15 815 241755457719200 2234000
LATENCY 2086500
TIMELINE 15 831 241755493196000 2086500
LATENCY 2139000
TIMELINE 15 847 241755528161400 2139000
LATENCY 2249700
TIMELINE 15 863 241755563639600 2249700
LATENCY 2126300
TIMELINE 15 879 241755599532400 2126300
LATENCY 2193500
TIMELINE 15 895 241755635281900 2193500
LATENCY 2180600
TIMELINE 15 911 241755670045800 2180600
LATENCY 2159000
TIMELINE 15 927 241755727133200 2159000
LATENCY 2139200
TIMELINE 15 943 241755762880800 2139200
LATENCY 2141600
TIMELINE 15 959 241755799168700 2141600
LATENCY 2180900
TIMELINE 15 975 241755835069800 2180900
LATENCY 2135300
TIMELINE 15 991 241755869819200 2135300
LATENCY 2120100
TIMELINE 15 1007 241755904159300 2120100
LATENCY 2208400
TIMELINE 15 1023 241755939697500 2208400
LATENCY 2153100
TIMELINE 15 1039 241755974536800 2153100
LATENCY 8040900
TIMELINE 15 1055 241756009694100 8040900
LATENCY 2691900
TIMELINE 15 1071 241756050391400 2691900
LATENCY 2150900
TIMELINE 15 1087 241756086721300 2150900
LATENCY 2206100
TIMELINE 15 1103 241756121704400 2206100
LATENCY 2192200
TIMELINE 15 1119 241756157187300 2192200
LATENCY 2152200
TIMELINE 15 1135 241756192770900 2152200
LATENCY 2135000
TIMELINE 15 1151 241756227621900 2135000
LATENCY 2152300
TIMELINE 15 1167 241756261695700 2152300
LATENCY 2079100
TIMELINE 15 1183 241756295561100 2079100
LATENCY 2169600
TIMELINE 15 1199 241756335699600 2169600
LATENCY 2220200
TIMELINE 15 1215 241756370670200 2220200
LATENCY 2079300
TIMELINE 15 1231 241756404845400 2079300
LATENCY 3082600
TIMELINE 15 1247 241756446082900 3082600
LATENCY 2605700
TIMELINE 15 1263 241756492530800 2605700
LATENCY 2793400
TIMELINE 15 1279 241756535276700 2793400
LATENCY 2759300
TIMELINE 15 1295 241756581971100 2759300
LATENCY 2953600
TIMELINE 15 1311 241756628137900 2953600
LATENCY 2754400
TIMELINE 15 1327 241756678898000 2754400
LATENCY 2742900
TIMELINE 15 1343 241756722578900 2742900
LATENCY 2729700
TIMELINE 15 1359 241756766082900 2729700
LATENCY 2644500
TIMELINE 15 1375 241756811097400 2644500
LATENCY 2653200
TIMELINE 15 1391 241756857592500 2653200
LATENCY 2697100
TIMELINE 15 1407 241756899975800 2697100
LATENCY 2588400
TIMELINE 15 1423 241756942342300 2588400
LATENCY 2596100
TIMELINE 15 1439 241756984688500 2596100
LATENCY 2637100
TIMELINE 15 1455 241757032469300 2637100
LATENCY 2624300
TIMELINE 15 1471 241757083111000 2624300
LATENCY 3092600
TIMELINE 15 1487 241757126177700 3092600
LATENCY 4985300
TIMELINE 15 1503 241757172556700 4985300
LATENCY 2283200
TIMELINE 15 1519 241757217781600 2283200
LATENCY 2977000
TIMELINE 15 1535 241757262566000 2977000
LATENCY 2976500
TIMELINE 15 1551 241757310224900 2976500
LATENCY 2796900
TIMELINE 15 1567 241757356969000 2796900
LATENCY 2792400
TIMELINE 15 1583 241757401925000 2792400
LATENCY 2887200
TIMELINE 15 1599 241757455288800 2887200
LATENCY 2740400
TIMELINE 15 1615 241757499301100 2740400
LATENCY 2920200
TIMELINE 15 1631 241757543907600 2920200
LATENCY 2842700
TIMELINE 15 1647 241757594974900 2842700
LATENCY 2789800
TIMELINE 15 1663 241757642179700 2789800
LATENCY 2932400
TIMELINE 15 1679 241757685915100 2932400
LATENCY 2866500
TIMELINE 15 1695 241757733580600 2866500
LATENCY 2954900
TIMELINE 15 1711 241757779491400 2954900
LATENCY 3460500
TIMELINE 15 1727 241757830696700 3460500
LATENCY 2949300
TIMELINE 15 1743 241757877975000 2949300
LATENCY 2782400
TIMELINE 15 1759 241757924588600 2782400
LATENCY 2963100
TIMELINE 15 1775 241757970390000 2963100
LATENCY 3040400
TIMELINE 15 1791 241758015906000 3040400
LATENCY 2670900
TIMELINE 15 1807 241758061847300 2670900
LATENCY 2881100
TIMELINE 15 1823 241758108326300 2881100
LATENCY 2709400
TIMELINE 15 1839 241758154728600 2709400
LATENCY 2658400
TIMELINE 15 1855 241758200935900 2658400
LATENCY 2596100
TIMELINE 15 1871 241758248884600 2596100
LATENCY 2692400
TIMELINE 15 1887 241758292217500 2692400
LATENCY 2851400
TIMELINE 15 1903 241758340015700 2851400
LATENCY 3154100
TIMELINE 15 1919 241758386554800 3154100
LATENCY 3049800
TIMELINE 15 1935 241758433112000 3049800
LATENCY 2924400
TIMELINE 15 1951 241758477429000 2924400
LATENCY 2687800
TIMELINE 15 1967 241758521358000 2687800
LATENCY 2770600
TIMELINE 15 1983 241758564534600 2770600
LATENCY 2885700
TIMELINE 15 1999 241758615312800 2885700
LATENCY 2715200
TIMELINE 15 2015 241758663029200 2715200
LATENCY 2969200
TIMELINE 15 2031 241758710414600 2969200
LATENCY 3835600
TIMELINE 15 2047 241758753993000 3835600
LATENCY 12388800
TIMELINE 16 0 241753531274300 12388800
LATENCY 2208700
TIMELINE 16 16 241753580918000 2208700
LATENCY 2416400
TIMELINE 16 32 241753616825300 2416400
LATENCY 2231300
TIMELINE 16 48 241753652138100 2231300
LATENCY 2185600
TIMELINE 16 64 241753687746700 2185600
LATENCY 2309000
TIMELINE 16 80 241753723551700 2309000
LATENCY 2116200
TIMELINE 16 96 241753758256500 2116200
LATENCY 2170100
TIMELINE 16 112 241753793810000 2170100
LATENCY 2156900
TIMELINE 16 128 241753850631200 2156900
LATENCY 2120700
TIMELINE 16 144 241753884871500 2120700
LATENCY 2464200
TIMELINE 16 160 241753921947100 2464200
LATENCY 2129100
TIMELINE 16 176 241753958335500 2129100
LATENCY 2109700
TIMELINE 16 192 241753993285300 2109700
LATENCY 2205200
TIMELINE 16 208 241754027885900 2205200
LATENCY 2188000
TIMELINE 16 224 241754063407600 2188000
LATENCY 2153400
TIMELINE 16 240 241754098473100 2153400
LATENCY 19560900
TIMELINE 16 256 241754134047300 19560900
LATENCY 2175200
TIMELINE 16 272 241754186965500 2175200
LATENCY 2126300
TIMELINE 16 288 241754221151600 2126300
LATENCY 2144200
TIMELINE 16 304 241754255044600 2144200
LATENCY 2206600
TIMELINE 16 320 241754290374900 2206600
LATENCY 2231400
TIMELINE 16 336 241754325688200 2231400
LATENCY 2216000
TIMELINE 16 352 241754362170100 2216000
LATENCY 2320100
TIMELINE 16 368 241754397450300 2320100
LATENCY 2424400
TIMELINE 16 384 241754431897400 2424400
LATENCY 2131400
TIMELINE 16 400 241754484965800 2131400
LATENCY 2144700
TIMELINE 16 416 241754519292100 2144700
LATENCY 2187700
TIMELINE 16 432 241754553766500 2187700
LATENCY 2230900
TIMELINE 16 448 241754587961400 2230900
LATENCY 2218600
TIMELINE 16 464 241754622645100 2218600
LATENCY 2164400
TIMELINE 16 480 241754657887100 2164400
LATENCY 2131400
TIMELINE 16 496 241754692120600 2131400
LATENCY 2158200
TIMELINE 16 512 241754726956600 2158200
LATENCY 2386400
TIMELINE 16 528 241754782470000 2386400
LATENCY 2187700
TIMELINE 16 544 241754819093700 2187700
LATENCY 2138300
TIMELINE 16 560 241754853304100 2138300
LATENCY 2664600
TIMELINE 16 576 241754887655700 2664600
LATENCY 2152100
TIMELINE 16 592 241754923294100 2152100
LATENCY 2155800
TIMELINE 16 608 241754957611200 2155800
LATENCY 2143000
TIMELINE 16 624 241754991543400 2143000
LATENCY 2265900
TIMELINE 16 640 241755029729100 2265900
LATENCY 2696000
TIMELINE 16 656 241755084945800 2696000
LATENCY 2167500
TIMELINE 16 672 241755123039000 2167500
LATENCY 2106800
TIMELINE 16 688 241755159514600 2106800
LATENCY 2201600
TIMELINE 16 704 241755195159100 2201600
LATENCY 2199900
TIMELINE 16 720 241755230306400 2199900
LATENCY 2341600
TIMELINE 16 736 241755264617200 2341600
LATENCY 2372200
TIMELINE 16 752 241755299747700 2372200
LATENCY 2103600
TIMELINE 16 768 241755335648700 2103600
LATENCY 2178400
TIMELINE 16 784 241755370431500 2178400
LATENCY 2109100
TIMELINE 16 800 241755425497500 2109100
LATENCY 2273300
TIMELINE 16 816 241755460109100 2273300
LATENCY 2198100
TIMELINE 16 832 241755495474200 2198100
LATENCY 2104800
TIMELINE 16 848 241755530498500 2104800
LATENCY 2519900
TIMELINE 16 864 241755566125300 2519900
LATENCY 2111100
TIMELINE 16 880 241755601860300 2111100
LATENCY 2243400
TIMELINE 16 896 241755637906200 2243400
LATENCY 2105500
TIMELINE 16 912 241755672644200 2105500
LATENCY 2154800
TIMELINE 16 928 241755729553500 2154800
LATENCY 2389100
TIMELINE 16 944 241755765337700 2389100
LATENCY 2193000
TIMELINE 16 960 241755801480600 2193000
LATENCY 2147500
TIMELINE 16 976 241755837431200 2147500
LATENCY 2163500
TIMELINE 16 992 241755872096100 2163500
LATENCY 2113600
TIMELINE 16 1008 241755906420200 2113600
LATENCY 2125000
TIMELINE 16 1024 241755942177000 2125000
LATENCY 2120900
TIMELINE 16 1040 241755976985800 2120900
LATENCY 2267500
TIMELINE 16 1056 241756018189000 2267500
LATENCY 2280900
TIMELINE 16 1072 241756053460700 2280900
LATENCY 2118300
TIMELINE 16 1088 241756089074100 2118300
LATENCY 2240600
TIMELINE 16 1104 241756124063000 2240600
LATENCY 2284200
TIMELINE 16 1120 241756159561100 2284200
LATENCY 2140900
TIMELINE 16 1136 241756195047800 2140900
LATENCY 2118800
TIMELINE 16 1152 241756229981400 2118800
LATENCY 2103600
TIMELINE 16 1168 241756264070500 2103600
LATENCY 2114200
TIMELINE 16 1184 241756297879900 2114200
LATENCY 2173400
TIMELINE 16 1200 241756338349500 2173400
LATENCY 2135700
TIMELINE 16 1216 241756373394700 2135700
LATENCY 2064800
TIMELINE 16 1232 241756407396900 2064800
LATENCY 2990500
TIMELINE 16 1248 241756449873400 2990500
LATENCY 2625800
TIMELINE 16 1264 241756495767300 2625800
LATENCY 2701600
TIMELINE 16 1280 241756538740900 2701600
LATENCY 2933100
TIMELINE 16 1296 241756585222900 2933100
LATENCY 2956000
TIMELINE 16 1312 241756631591100 2956000
LATENCY 2713500
TIMELINE 16 1328 241756682111800 2713500
LATENCY 2741100
TIMELINE 16 1344 241756725780400 2741100
LATENCY 2975400
TIMELINE 16 1360 241756769324700 2975400
LATENCY 2599900
TIMELINE 16 1376 241756814175600 2599900
LATENCY 2655500
TIMELINE 16 1392 241756860723800 2655500
LATENCY 2628100
TIMELINE 16 1408 241756903113100 2628100
LATENCY 2638600
TIMELINE 16 1424 241756945353800 2638600
LATENCY 3026400
TIMELINE 16 1440 241756987703000 3026400
LATENCY 8224900
TIMELINE 16 1456 241757034531500 8224900
LATENCY 2667800
TIMELINE 16 1472 241757085117800 2667800
LATENCY 2857100
TIMELINE 16 1488 241757128616700 2857100
LATENCY 2764500
TIMELINE 16 1504 241757176749300 2764500
LATENCY 2689000
TIMELINE 16 1520 241757219294600 2689000
LATENCY 3006100
TIMELINE 16 1536 241757264628200 3006100
LATENCY 3050200
TIMELINE 16 1552 241757312284700 3050200
LATENCY 2745000
TIMELINE 16 1568 241757358910200 2745000
LATENCY 2855300
TIMELINE 16 1584 241757403860500 2855300
LATENCY 2972200
TIMELINE 16 1600 241757457213900 2972200
LATENCY 2713500
TIMELINE 16 1616 241757501097600 2713500
LATENCY 2919600
TIMELINE 16 1632 241757545915700 2919600
LATENCY 2930200
TIMELINE 16 1648 241757596949900 2930200
LATENCY 2750200
TIMELINE 16 1664 241757644173700 2750200
LATENCY 3263400
TIMELINE 16 1680 241757688094300 3263400
LATENCY 3049100
TIMELINE 16 1696 241757735712800 3049100
LATENCY 2959900
TIMELINE 16 1712 241757781677200 2959900
LATENCY 2808100
TIMELINE 16 1728 241757833302600 2808100
LATENCY 2975900
TIMELINE 16 1744 241757880072800 2975900
LATENCY 2749400
TIMELINE 16 1760 241757926557100 2749400
LATENCY 2903800
TIMELINE 16 1776 241757972456800 2903800
LATENCY 3073900
TIMELINE 16 1792 241758018039000 3073900
LATENCY 2806500
TIMELINE 16 1808 241758063700800 2806500
LATENCY 2832300
TIMELINE 16 1824 241758109988900 2832300
LATENCY 2661700
TIMELINE 16 1840 241758156337200 2661700
LATENCY 8214700
TIMELINE 16 1856 241758202480400 8214700
LATENCY 2604800
TIMELINE 16 1872 241758250433500 2604800
LATENCY 2745200
TIMELINE 16 1888 241758293845900 2745200
LATENCY 2850600
TIMELINE 16 1904 241758341685700 2850600
LATENCY 3066900
TIMELINE 16 1920 241758388533900 3066900
LATENCY 3059300
TIMELINE 16 1936 241758434946200 3059300
LATENCY 2776700
TIMELINE 16 1952 241758479206800 2776700
LATENCY 2721900
TIMELINE 16 1968 241758522970800 2721900
LATENCY 2743900
TIMELINE 16 1984 241758566171500 2743900
LATENCY 2957500
TIMELINE 16 2000 241758616956600 2957500
LATENCY 2689900
TIMELINE 16 2016 241758664527800 2689900
LATENCY 3137400
TIMELINE 16 2032 241758712175100 3137400
LATENCY 2494200
TIMELINE 17 1 241753543702500 2494200
LATENCY 2192900
TIMELINE 17 17 241753583221700 2192900
LATENCY 2283800
TIMELINE 17 33 241753619275000 2283800
LATENCY 2125200
TIMELINE 17 49 241753654436600 2125200
LATENCY 2163200
TIMELINE 17 65 241753690002200 2163200
LATENCY 2276900
TIMELINE 17 81 241753725930300 2276900
LATENCY 2177400
TIMELINE 17 97 241753760461300 2177400
LATENCY 2335200
TIMELINE 17 113 241753796353700 2335200
LATENCY 2157000
TIMELINE 17 129 241753853022600 2157000
LATENCY 2123700
TIMELINE 17 145 241753887213500 2123700
LATENCY 2422000
TIMELINE 17 161 241753925213400 2422000
LATENCY 2182200
TIMELINE 17 177 241753961239800 2182200
LATENCY 2152600
TIMELINE 17 193 241753996197500 2152600
LATENCY 2170200
TIMELINE 17 209 241754030732000 2170200
LATENCY 2268700
TIMELINE 17 225 241754066226000 2268700
LATENCY 2133300
TIMELINE 17 241 241754101227100 2133300
LATENCY 2389300
TIMELINE 17 257 241754154427600 2389300
LATENCY 2150800
TIMELINE 17 273 241754189818100 2150800
LATENCY 2116900
TIMELINE 17 289 241754223949000 2116900
LATENCY 2152900
TIMELINE 17 305 241754257873300 2152900
LATENCY 2083100
TIMELINE 17 321 241754293235900 2083100
LATENCY 2244600
TIMELINE 17 337 241754329036800 2244600
LATENCY 2259600
TIMELINE 17 353 241754365528700 2259600
LATENCY 2075500
TIMELINE 17 369 241754400863900 2075500
LATENCY 2145900
TIMELINE 17 385 241754435436100 2145900
LATENCY 2131400
TIMELINE 17 401 241754488298400 2131400
LATENCY 2150900
TIMELINE 17 417 241754522653200 2150900
LATENCY 2094700
TIMELINE 17 433 241754557131800 2094700
LATENCY 2150100
TIMELINE 17 449 241754591425900 2150100
LATENCY 2457500
TIMELINE 17 465 241754626038400 2457500
LATENCY 2133200
TIMELINE 17 481 241754661068000 2133200
LATENCY 2072000
TIMELINE 17 497 241754695268200 2072000
LATENCY 2167400
TIMELINE 17 513 241754730135000 2167400
LATENCY 2292300
TIMELINE 17 529 241754785746600 2292300
LATENCY 2105200
TIMELINE 17 545 241754822188500 2105200
LATENCY 2146400
TIMELINE 17 561 241754856381700 2146400
LATENCY 2389400
TIMELINE 17 577 241754891430000 2389400
LATENCY 2092200
TIMELINE 17 593 241754926345300 2092200
LATENCY 2101300
TIMELINE 17 609 241754960712200 2101300
LATENCY 3188800
TIMELINE 17 625 241754994734800 3188800
LATENCY 2209900
TIMELINE 17 641 241755033035300 2209900
LATENCY 2552300
TIMELINE 17 657 241755088671300 2552300
LATENCY 2154600
TIMELINE 17 673 241755126112700 2154600
LATENCY 2108500
TIMELINE 17 689 241755162502300 2108500
LATENCY 2181500
TIMELINE 17 705 241755197781900 2181500
LATENCY 2159300
TIMELINE 17 721 241755232936500 2159300
LATENCY 2178600
TIMELINE 17 737 241755267395100 2178600
LATENCY 2104500
TIMELINE 17 753 241755302781800 2104500
LATENCY 2472500
TIMELINE 17 769 241755338228500 2472500
LATENCY 2326500
TIMELINE 17 785 241755373270600 2326500
LATENCY 2145900
TIMELINE 17 801 241755428258200 2145900
LATENCY 2182900
TIMELINE 17 817 241755463000400 2182900
LATENCY 2119600
TIMELINE 17 833 241755498312800 2119600
LATENCY 2366900
TIMELINE 17 849 241755533241000 2366900
LATENCY 2321800
TIMELINE 17 865 241755569478800 2321800
LATENCY 2121300
TIMELINE 17 881 241755604694300 2121300
LATENCY 2203300
TIMELINE 17 897 241755641200400 2203300
LATENCY 2073700
TIMELINE 17 913 241755675851300 2073700
LATENCY 2351000
TIMELINE 17 929 241755733069800 2351000
LATENCY 2213000
TIMELINE 17 945 241755768822700 2213000
LATENCY 2332400
TIMELINE 17 961 241755804677900 2332400
LATENCY 2334600
TIMELINE 17 977 241755840620300 2334600
LATENCY 2160800
TIMELINE 17 993 241755875234800 2160800
LATENCY 2169700
TIMELINE 17 1009 241755909509500 2169700
LATENCY 2128400
TIMELINE 17 1025 241755945084800 2128400
LATENCY 2173900
TIMELINE 17 1041 241755979802100 2173900
LATENCY 2129200
TIMELINE 17 1057 241756020952700 2129200
LATENCY 2189400
TIMELINE 17 1073 241756055915200 2189400
LATENCY 2164700
TIMELINE 17 1089 241756091308600 2164700
LATENCY 2230700
TIMELINE 17 1105 241756126456900 2230700
LATENCY 2195000
TIMELINE 17 1121 241756161953400 2195000
LATENCY 2107000
TIMELINE 17 1137 241756197304400 2107000
LATENCY 2124400
TIMELINE 17 1153 241756232277200 2124400
LATENCY 2138100
TIMELINE 17 1169 241756266349800 2138100
LATENCY 2124600
TIMELINE 17 1185 241756300173700 2124600
LATENCY 2124000
TIMELINE 17 1201 241756340463300 2124000
LATENCY 2185600
TIMELINE 17 1217 241756375472600 2185600
LATENCY 2148400
TIMELINE 17 1233 241756409433000 2148400
LATENCY 3029300
TIMELINE 17 1249 241756452822100 3029300
LATENCY 2634200
TIMELINE 17 1265 241756498361200 2634200
LATENCY 2651600
TIMELINE 17 1281 241756541408500 2651600
LATENCY 2880000
TIMELINE 17 1297 241756588205900 2880000
LATENCY 2952800
TIMELINE 17 1313 241756634585800 2952800
LATENCY 2696300
TIMELINE 17 1329 241756684784700 2696300
LATENCY 2756200
TIMELINE 17 1345 241756728490400 2756200
LATENCY 2898800
TIMELINE 17 1361 241756772261400 2898800
LATENCY 2637600
TIMELINE 17 1377 241756816700300 2637600
LATENCY 2603200
TIMELINE 17 1393 241756863269100 2603200
LATENCY 2601500
TIMELINE 17 1409 241756905626300 2601500
LATENCY 2769600
TIMELINE 17 1425 241756947884100 2769600
LATENCY 2969100
TIMELINE 17 1441 241756990600200 2969100
LATENCY 2677300
TIMELINE 17 1457 241757047898700 2677300
LATENCY 2731400
TIMELINE 17 1473 241757090121300 2731400
LATENCY 2768900
TIMELINE 17 1489 241757133886700 2768900
LATENCY 2753900
TIMELINE 17 1505 241757181892100 2753900
LATENCY 2724400
TIMELINE 17 1521 241757224410800 2724400
LATENCY 2990300
TIMELINE 17 1537 241757270312500 2990300
LATENCY 2913900
TIMELINE 17 1553 241757317986400 2913900
LATENCY 2775100
TIMELINE 17 1569 241757364065000 2775100
LATENCY 2765000
TIMELINE 17 1585 241757409221200 2765000
LATENCY 2682200
TIMELINE 17 1601 241757462730800 2682200
LATENCY 2745200
TIMELINE 17 1617 241757506263800 2745200
LATENCY 2750700
TIMELINE 17 1633 241757551243500 2750700
LATENCY 3032400
TIMELINE 17 1649 241757602074700 3032400
LATENCY 2743000
TIMELINE 17 1665 241757649028400 2743000
LATENCY 3067000
TIMELINE 17 1681 241757693706400 3067000
LATENCY 2923600
TIMELINE 17 1697 241757740961600 2923600
LATENCY 2778000
TIMELINE 17 1713 241757786781800 2778000
LATENCY 2758300
TIMELINE 17 1729 241757838167700 2758300
LATENCY 2962400
TIMELINE 17 1745 241757885219600 2962400
LATENCY 2722700
TIMELINE 17 1761 241757931406500 2722700
LATENCY 2947800
TIMELINE 17 1777 241757977624800 2947800
LATENCY 3037300
TIMELINE 17 1793 241758023432700 3037300
LATENCY 2898300
TIMELINE 17 1809 241758068994400 2898300
LATENCY 2974400
TIMELINE 17 1825 241758115510900 2974400
LATENCY 3058400
TIMELINE 17 1841 241758161497900 3058400
LATENCY 2699100
TIMELINE 17 1857 241758213248600 2699100
LATENCY 2665100
TIMELINE 17 1873 241758255576300 2665100
LATENCY 2747700
TIMELINE 17 1889 241758299203400 2747700
LATENCY 2713200
TIMELINE 17 1905 241758347137000 2713200
LATENCY 3023900
TIMELINE 17 1921 241758394383600 3023900
LATENCY 3020900
TIMELINE 17 1937 241758440804100 3020900
LATENCY 2755500
TIMELINE 17 1953 241758484331200 2755500
LATENCY 2684200
TIMELINE 17 1969 241758528228300 2684200
LATENCY 2848500
TIMELINE 17 1985 241758571397300 2848500
LATENCY 3016100
TIMELINE 17 2001 241758622629000 3016100
LATENCY 3054600
TIMELINE 17 2017 241758669833300 3054600
LATENCY 2849200
TIMELINE 17 2033 241758718019200 2849200
LATENCY 2348300
TIMELINE 18 2 241753546232600 2348300
LATENCY 2213600
TIMELINE 18 18 241753585355400 2213600
LATENCY 2321500
TIMELINE 18 34 241753621474400 2321500
LATENCY 2158900
TIMELINE 18 50 241753656531800 2158900
LATENCY 2126500
TIMELINE 18 66 241753692136000 2126500
LATENCY 2259200
TIMELINE 18 82 241753728177400 2259200
LATENCY 2222000
TIMELINE 18 98 241753762578600 2222000
LATENCY 2272700
TIMELINE 18 114 241753798555100 2272700
LATENCY 2111700
TIMELINE 18 130 241753855117800 2111700
LATENCY 2136100
TIMELINE 18 146 241753889274700 2136100
LATENCY 2300800
TIMELINE 18 162 241753927228900 2300800
LATENCY 2106100
TIMELINE 18 178 241753963116100 2106100
LATENCY 2083000
TIMELINE 18 194 241753997981900 2083000
LATENCY 2161100
TIMELINE 18 210 241754032529300 2161100
LATENCY 2251600
TIMELINE 18 226 241754068112800 2251600
LATENCY 2124100
TIMELINE 18 242 241754102982700 2124100
LATENCY 2157300
TIMELINE 18 258 241754156396500 2157300
LATENCY 2166800
TIMELINE 18 274 241754191529000 2166800
LATENCY 2127000
TIMELINE 18 290 241754225637400 2127000
LATENCY 2198900
TIMELINE 18 306 241754259602100 2198900
LATENCY 2138100
TIMELINE 18 322 241754294960500 2138100
LATENCY 2239100
TIMELINE 18 338 241754330390900 2239100
LATENCY 2237500
TIMELINE 18 354 241754366927900 2237500
LATENCY 2118100
TIMELINE 18 370 241754401971000 2118100
LATENCY 2116100
TIMELINE 18 386 241754436606400 2116100
LATENCY 2132500
TIMELINE 18 402 241754489448500 2132500
LATENCY 2130400
TIMELINE 18 418 241754523846200 2130400
LATENCY 2076900
TIMELINE 18 434 241754558460700 2076900
LATENCY 2147900
TIMELINE 18 450 241754592820800 2147900
LATENCY 2562300
TIMELINE 18 466 241754627506900 2562300
LATENCY 2128400
TIMELINE 18 482 241754662627600 2128400
LATENCY 2187100
TIMELINE 18 498 241754696747800 2187100
LATENCY 2203100
TIMELINE 18 514 241754731703600 2203100
LATENCY 2358300
TIMELINE 18 530 241754787281900 2358300
LATENCY 2194300
TIMELINE 18 546 241754823561400 2194300
LATENCY 2089100
TIMELINE 18 562 241754857796300 2089100
LATENCY 2303800
TIMELINE 18 578 241754893085300 2303800
LATENCY 2139900
TIMELINE 18 594 241754927770800 2139900
LATENCY 2104600
TIMELINE 18 610 241754962081800 2104600
LATENCY 3497700
TIMELINE 18 626 241754996124400 3497700
LATENCY 2223400
TIMELINE 18 642 241755034446100 2223400
LATENCY 2630900
TIMELINE 18 658 241755090171400 2630900
LATENCY 2260900
TIMELINE 18 674 241755127311900 2260900
LATENCY 2117500
TIMELINE 18 690 241755163669000 2117500
LATENCY 2164300
TIMELINE 18 706 241755198910300 2164300
LATENCY 2155700
TIMELINE 18 722 241755234059700 2155700
LATENCY 2186600
TIMELINE 18 738 241755268391200 2186600
LATENCY 2114600
TIMELINE 18 754 241755303749700 2114600
LATENCY 2318900
TIMELINE 18 770 241755339440400 2318900
LATENCY 2233700
TIMELINE 18 786 241755374250800 2233700
LATENCY 2129400
TIMELINE 18 802 241755429122000 2129400
LATENCY 2191400
TIMELINE 18 818 241755463832700 2191400
LATENCY 2208600
TIMELINE 18 834 241755498965300 2208600
LATENCY 2336200
TIMELINE 18 850 241755533987100 2336200
LATENCY 2272400
TIMELINE 18 866 241755570293700 2272400
LATENCY 2162000
TIMELINE 18 882 241755605453500 2162000
LATENCY 2205400
TIMELINE 18 898 241755641922500 2205400
LATENCY 2136900
TIMELINE 18 914 241755676570900 2136900
LATENCY 2259700
TIMELINE 18 930 241755733955500 2259700
LATENCY 2240500
TIMELINE 18 946 241755769784400 2240500
LATENCY 2448600
TIMELINE 18 962 241755805756300 2448600
LATENCY 2233600
TIMELINE 18 978 241755841803200 2233600
LATENCY 2179600
TIMELINE 18 994 241755876284100 2179600
LATENCY 2120300
TIMELINE 18 1010 241755910600700 2120300
LATENCY 2134700
TIMELINE 18 1026 241755946221400 2134700
LATENCY 2193400
TIMELINE 18 1042 241755981047600 2193400
LATENCY 2114600
TIMELINE 18 1058 241756022141700 2114600
LATENCY 2267900
TIMELINE 18 1074 241756057441100 2267900
LATENCY 2154300
TIMELINE 18 1090 241756092993300 2154300
LATENCY 2334900
TIMELINE 18 1106 241756128234100 2334900
LATENCY 2246000
TIMELINE 18 1122 241756163793500 2246000
LATENCY 2107500
TIMELINE 18 1138 241756199031000 2107500
LATENCY 2139900
TIMELINE 18 1154 241756233964900 2139900
LATENCY 2124200
TIMELINE 18 1170 241756268057400 2124200
LATENCY 2092500
TIMELINE 18 1186 241756301883400 2092500
LATENCY 2228100
TIMELINE 18 1202 241756342323400 2228100
LATENCY 2172000
TIMELINE 18 1218 241756377359600 2172000
LATENCY 2127100
TIMELINE 18 1234 241756411277900 2127100
LATENCY 3035100
TIMELINE 18 1250 241756455384200 3035100
LATENCY 2644100
TIMELINE 18 1266 241756500644200 2644100
LATENCY 2797200
TIMELINE 18 1282 241756543693300 2797200
LATENCY 2878200
TIMELINE 18 1298 241756590668900 2878200
LATENCY 2991300
TIMELINE 18 1314 241756637126700 2991300
LATENCY 2709400
TIMELINE 18 1330 241756687180000 2709400
LATENCY 2712600
TIMELINE 18 1346 241756730961100 2712600
LATENCY 2825100
TIMELINE 18 1362 241756774877800 2825100
LATENCY 4890500
TIMELINE 18 1378 241756819054300 4890500
LATENCY 2659200
TIMELINE 18 1394 241756865626200 2659200
LATENCY 2616300
TIMELINE 18 1410 241756907988900 2616300
LATENCY 2603700
TIMELINE 18 1426 241756950408200 2603700
LATENCY 2951300
TIMELINE 18 1442 241756993120500 2951300
LATENCY 2652400
TIMELINE 18 1458 241757048212900 2652400
LATENCY 2730600
TIMELINE 18 1474 241757090402000 2730600
LATENCY 2807300
TIMELINE 18 1490 241757134186700 2807300
LATENCY 2776700
TIMELINE 18 1506 241757182186500 2776700
LATENCY 2737000
TIMELINE 18 1522 241757224753300 2737000
LATENCY 2997100
TIMELINE 18 1538 241757270672800 2997100
LATENCY 2909000
TIMELINE 18 1554 241757318362900 2909000
LATENCY 2781800
TIMELINE 18 1570 241757364398100 2781800
LATENCY 2771500
TIMELINE 18 1586 241757409563600 2771500
LATENCY 2676900
TIMELINE 18 1602 241757463033600 2676900
LATENCY 2732600
TIMELINE 18 1618 241757506573200 2732600
LATENCY 2697700
TIMELINE 18 1634 241757551456200 2697700
LATENCY 3039000
TIMELINE 18 1650 241757602318900 3039000
LATENCY 2730100
TIMELINE 18 1666 241757649261400 2730100
LATENCY 3058500
TIMELINE 18 1682 241757693885900 3058500
LATENCY 2914900
TIMELINE 18 1698 241757741259600 2914900
LATENCY 2748500
TIMELINE 18 1714 241757787119200 2748500
LATENCY 2776000
TIMELINE 18 1730 241757838521100 2776000
LATENCY 2937500
TIMELINE 18 1746 241757885619200 2937500
LATENCY 2716900
TIMELINE 18 1762 241757931791800 2716900
LATENCY 2949200
TIMELINE 18 1778 241757978045400 2949200
LATENCY 3022100
TIMELINE 18 1794 241758023830600 3022100
LATENCY 3114500
TIMELINE 18 1810 241758069367700 3114500
LATENCY 2996000
TIMELINE 18 1826 241758116184200 2996000
LATENCY 3086500
TIMELINE 18 1842 241758162138000 3086500
LATENCY 2698600
TIMELINE 18 1858 241758213653300 2698600
LATENCY 2668600
TIMELINE 18 1874 241758255975700 2668600
LATENCY 2701600
TIMELINE 18 1890 241758299695200 2701600
LATENCY 2717400
TIMELINE 18 1906 241758347546800 2717400
LATENCY 3051700
TIMELINE 18 1922 241758394837500 3051700
LATENCY 3016000
TIMELINE 18 1938 241758441272700 3016000
LATENCY 2785400
TIMELINE 18 1954 241758484709600 2785400
LATENCY 2693300
TIMELINE 18 1970 241758528643700 2693300
LATENCY 2864800
TIMELINE 18 1986 241758571799300 2864800
LATENCY 3016100
TIMELINE 18 2002 241758623085600 3016100
LATENCY 3057100
TIMELINE 18 2018 241758670317900 3057100
LATENCY 2943500
TIMELINE 18 2034 241758718464500 2943500
LATENCY 2351600
TIMELINE 19 3 241753548619400 2351600
LATENCY 2185000
TIMELINE 19 19 241753587604000 2185000
LATENCY 2227800
TIMELINE 19 35 241753623830800 2227800
LATENCY 2159000
TIMELINE 19 51 241753658630600 2159000
LATENCY 2145400
TIMELINE 19 67 241753694203800 2145400
LATENCY 2247700
TIMELINE 19 83 241753730376100 2247700
LATENCY 2173300
TIMELINE 19 99 241753764734400 2173300
LATENCY 2303900
TIMELINE 19 115 241753800481600 2303900
LATENCY 2128100
TIMELINE 19 131 241753856947800 2128100
LATENCY 2097400
TIMELINE 19 147 241753891141100 2097400
LATENCY 2172400
TIMELINE 19 163 241753929131000 2172400
LATENCY 2104600
TIMELINE 19 179 241753964771500 2104600
LATENCY 2077300
TIMELINE 19 195 241753999861900 2077300
LATENCY 2279800
TIMELINE 19 211 241754034581600 2279800
LATENCY 2236000
TIMELINE 19 227 241754070275500 2236000
LATENCY 2106100
TIMELINE 19 243 241754105024800 2106100
LATENCY 2175400
TIMELINE 19 259 241754158475200 2175400
LATENCY 2135800
TIMELINE 19 275 241754193639700 2135800
LATENCY 2144000
TIMELINE 19 291 241754227707800 2144000
LATENCY 2272400
TIMELINE 19 307 241754261736900 2272400
LATENCY 2131200
TIMELINE 19 323 241754297072800 2131200
LATENCY 2267500
TIMELINE 19 339 241754332723900 2267500
LATENCY 2202600
TIMELINE 19 355 241754369259700 2202600
LATENCY 2159200
TIMELINE 19 371 241754404209200 2159200
LATENCY 2166500
TIMELINE 19 387 241754438842000 2166500
LATENCY 2180000
TIMELINE 19 403 241754491729100 2180000
LATENCY 2123100
TIMELINE 19 419 241754526073100 2123100
LATENCY 2094400
TIMELINE 19 435 241754560511100 2094400
LATENCY 2157900
TIMELINE 19 451 241754594907900 2157900
LATENCY 2139800
TIMELINE 19 467 241754629964100 2139800
LATENCY 2124100
TIMELINE 19 483 241754664550400 2124100
LATENCY 2347100
TIMELINE 19 499 241754698655400 2347100
LATENCY 2136700
TIMELINE 19 515 241754733730900 2136700
LATENCY 2366300
TIMELINE 19 531 241754789341600 2366300
LATENCY 2166500
TIMELINE 19 547 241754825500500 2166500
LATENCY 2160600
TIMELINE 19 563 241754859604300 2160600
LATENCY 2259200
TIMELINE 19 579 241754895083600 2259200
LATENCY 2146100
TIMELINE 19 595 241754929616400 2146100
LATENCY 2137300
TIMELINE 19 611 241754963891200 2137300
LATENCY 2528700
TIMELINE 19 627 241754999284100 2528700
LATENCY 2240300
TIMELINE 19 643 241755036322600 2240300
LATENCY 2393400
TIMELINE 19 659 241755092563700 2393400
LATENCY 2207600
TIMELINE 19 675 241755129316300 2207600
LATENCY 2107400
TIMELINE 19 691 241755165587100 2107400
LATENCY 2168500
TIMELINE 19 707 241755200990700 2168500
LATENCY 2152900
TIMELINE 19 723 241755236249200 2152900
LATENCY 2172800
TIMELINE 19 739 241755270673100 2172800
LATENCY 2109400
TIMELINE 19 755 241755306021200 2109400
LATENCY 2235500
TIMELINE 19 771 241755341879800 2235500
LATENCY 2165400
TIMELINE 19 787 241755376654900 2165400
LATENCY 2137500
TIMELINE 19 803 241755431486200 2137500
LATENCY 2140500
TIMELINE 19 819 241755466259500 2140500
LATENCY 2090200
TIMELINE 19 835 241755501473400 2090200
LATENCY 2267700
TIMELINE 19 851 241755536589700 2267700
LATENCY 2255800
TIMELINE 19 867 241755572734200 2255800
LATENCY 2182700
TIMELINE 19 883 241755607802600 2182700
LATENCY 2111200
TIMELINE 19 899 241755645132200 2111200
LATENCY 2240400
TIMELINE 19 915 241755679666200 2240400
LATENCY 2285400
TIMELINE 19 931 241755737169600 2285400
LATENCY 2324100
TIMELINE 19 947 241755772692600 2324100
LATENCY 2383500
TIMELINE 19 963 241755808950500 2383500
LATENCY 2174700
TIMELINE 19 979 241755844727800 2174700
LATENCY 2092800
TIMELINE 19 995 241755879124400 2092800
LATENCY 2281000
TIMELINE 19 1011 241755913349200 2281000
LATENCY 2158400
TIMELINE 19 1027 241755949073500 2158400
LATENCY 2130700
TIMELINE 19 1043 241755983905200 2130700
LATENCY 2283300
TIMELINE 19 1059 241756024932100 2283300
LATENCY 2141400
TIMELINE 19 1075 241756060402000 2141400
LATENCY 2120000
TIMELINE 19 1091 241756095937900 2120000
LATENCY 2094400
TIMELINE 19 1107 241756131442400 2094400
LATENCY 2187900
TIMELINE 19 1123 241756166865800 2187900
LATENCY 2145000
TIMELINE 19 1139 241756201940900 2145000
LATENCY 2143100
TIMELINE 19 1155 241756236961100 2143100
LATENCY 2118200
TIMELINE 19 1171 241756271040500 2118200
LATENCY 2107500
TIMELINE 19 1187 241756304921800 2107500
LATENCY 2147900
TIMELINE 19 1203 241756345317400 2147900
LATENCY 2175100
TIMELINE 19 1219 241756380356200 2175100
LATENCY 2842400
TIMELINE 19 1235 241756414488700 2842400
LATENCY 3064500
TIMELINE 19 1251 241756459604000 3064500
LATENCY 2590500
TIMELINE 19 1267 241756504221100 2590500
LATENCY 2729500
TIMELINE 19 1283 241756547509200 2729500
LATENCY 2755300
TIMELINE 19 1299 241756594535500 2755300
LATENCY 3019600
TIMELINE 19 1315 241756641160300 3019600
LATENCY 2713600
TIMELINE 19 1331 241756690786500 2713600
LATENCY 2742700
TIMELINE 19 1347 241756734560400 2742700
LATENCY 2922500
TIMELINE 19 1363 241756778674400 2922500
LATENCY 2897400
TIMELINE 19 1379 241756825937900 2897400
LATENCY 2746000
TIMELINE 19 1395 241756869227700 2746000
LATENCY 2639300
TIMELINE 19 1411 241756911501000 2639300
LATENCY 2609700
TIMELINE 19 1427 241756953943600 2609700
LATENCY 3984500
TIMELINE 19 1443 241756997237800 3984500
LATENCY 2606800
TIMELINE 19 1459 241757054547900 2606800
LATENCY 2682400
TIMELINE 19 1475 241757096834900 2682400
LATENCY 2750400
TIMELINE 19 1491 241757140912200 2750400
LATENCY 2704500
TIMELINE 19 1507 241757188798900 2704500
LATENCY 2789700
TIMELINE 19 1523 241757231280400 2789700
LATENCY 2996500
TIMELINE 19 1539 241757277773400 2996500
LATENCY 2924700
TIMELINE 19 1555 241757325322400 2924700
LATENCY 2722200
TIMELINE 19 1571 241757371023200 2722200
LATENCY 2979300
TIMELINE 19 1587 241757416496400 2979300
LATENCY 2757700
TIMELINE 19 1603 241757469540500 2757700
LATENCY 2602700
TIMELINE 19 1619 241757512950800 2602700
LATENCY 3140000
TIMELINE 19 1635 241757561408100 3140000
LATENCY 3025200
TIMELINE 19 1651 241757609901500 3025200
LATENCY 2618600
TIMELINE 19 1667 241757656107200 2618600
LATENCY 3060000
TIMELINE 19 1683 241757701711300 3060000
LATENCY 2732000
TIMELINE 19 1699 241757748629500 2732000
LATENCY 2869200
TIMELINE 19 1715 241757794102100 2869200
LATENCY 2875100
TIMELINE 19 1731 241757845543700 2875100
LATENCY 3029100
TIMELINE 19 1747 241757893096200 3029100
LATENCY 2879100
TIMELINE 19 1763 241757938767900 2879100
LATENCY 2938100
TIMELINE 19 1779 241757985553900 2938100
LATENCY 3041800
TIMELINE 19 1795 241758031489400 3041800
LATENCY 2898900
TIMELINE 19 1811 241758076818500 2898900
LATENCY 2813300
TIMELINE 19 1827 241758123466900 2813300
LATENCY 3117600
TIMELINE 19 1843 241758169560900 3117600
LATENCY 2596100
TIMELINE 19 1859 241758220314500 2596100
LATENCY 2636800
TIMELINE 19 1875 241758262582900 2636800
LATENCY 2734600
TIMELINE 19 1891 241758306777000 2734600
LATENCY 2713600
TIMELINE 19 1907 241758354388700 2713600
LATENCY 3081100
TIMELINE 19 1923 241758402580200 3081100
LATENCY 2619100
TIMELINE 19 1939 241758448498200 2619100
LATENCY 2665200
TIMELINE 19 1955 241758491566000 2665200
LATENCY 2663500
TIMELINE 19 1971 241758535453900 2663500
LATENCY 2831300
TIMELINE 19 1987 241758579026300 2831300
LATENCY 3006400
TIMELINE 19 2003 241758630109600 3006400
LATENCY 2887700
TIMELINE 19 2019 241758677273300 2887700
LATENCY 2784700
TIMELINE 19 2035 241758725162100 2784700
LATENCY 2315600
TIMELINE 20 4 241753551006200 2315600
LATENCY 2220700
TIMELINE 20 20 241753589849700 2220700
LATENCY 2180200
TIMELINE 20 36 241753626156400 2180200
LATENCY 2167000
TIMELINE 20 52 241753660944700 2167000
LATENCY 2167100
TIMELINE 20 68 241753696493600 2167100
LATENCY 2182300
TIMELINE 20 84 241753732775500 2182300
LATENCY 2279400
TIMELINE 20 100 241753767050600 2279400
LATENCY 2289400
TIMELINE 20 116 241753803114800 2289400
LATENCY 2292300
TIMELINE 20 132 241753859270900 2292300
LATENCY 2105900
TIMELINE 20 148 241753893433700 2105900
LATENCY 2167200
TIMELINE 20 164 241753931366500 2167200
LATENCY 2140600
TIMELINE 20 180 241753966982500 2140600
LATENCY 2154200
TIMELINE 20 196 241754001882600 2154200
LATENCY 2222000
TIMELINE 20 212 241754036803400 2222000
LATENCY 2292400
TIMELINE 20 228 241754072483200 2292400
LATENCY 2148900
TIMELINE 20 244 241754107103800 2148900
LATENCY 2392800
TIMELINE 20 260 241754160622300 2392800
LATENCY 2129600
TIMELINE 20 276 241754195622900 2129600
LATENCY 2089800
TIMELINE 20 292 241754229705300 2089800
LATENCY 2177800
TIMELINE 20 308 241754263881100 2177800
LATENCY 2184600
TIMELINE 20 324 241754299114600 2184600
LATENCY 2238700
TIMELINE 20 340 241754334960800 2238700
LATENCY 2110400
TIMELINE 20 356 241754371347900 2110400
LATENCY 2137400
TIMELINE 20 372 241754406200800 2137400
LATENCY 2115000
TIMELINE 20 388 241754440833000 2115000
LATENCY 2622100
TIMELINE 20 404 241754493662500 2622100
LATENCY 2100900
TIMELINE 20 420 241754528028900 2100900
LATENCY 2085700
TIMELINE 20 436 241754562466000 2085700
LATENCY 2150000
TIMELINE 20 452 241754596920400 2150000
LATENCY 2181200
TIMELINE 20 468 241754631952400 2181200
LATENCY 2149400
TIMELINE 20 484 241754666525200 2149400
LATENCY 2236100
TIMELINE 20 500 241754700861800 2236100
LATENCY 2161900
TIMELINE 20 516 241754735723800 2161900
LATENCY 2206100
TIMELINE 20 532 241754791430700 2206100
LATENCY 2163800
TIMELINE 20 548 241754827512400 2163800
LATENCY 2155500
TIMELINE 20 564 241754861598500 2155500
LATENCY 2263700
TIMELINE 20 580 241754897283200 2263700
LATENCY 2134000
TIMELINE 20 596 241754931703200 2134000
LATENCY 2132500
TIMELINE 20 612 241754965972000 2132500
LATENCY 2359600
TIMELINE 20 628 241755001729200 2359600
LATENCY 2216500
TIMELINE 20 644 241755038502200 2216500
LATENCY 2300000
TIMELINE 20 660 241755094812300 2300000
LATENCY 2171600
TIMELINE 20 676 241755131493000 2171600
LATENCY 2292900
TIMELINE 20 692 241755167640000 2292900
LATENCY 2192500
TIMELINE 20 708 241755203469100 2192500
LATENCY 2169100
TIMELINE 20 724 241755238756600 2169100
LATENCY 2105500
TIMELINE 20 740 241755273220400 2105500
LATENCY 2155300
TIMELINE 20 756 241755308667900 2155300
LATENCY 2148600
TIMELINE 20 772 241755344675400 2148600
LATENCY 2745600
TIMELINE 20 788 241755398784100 2745600
LATENCY 2094400
TIMELINE 20 804 241755434133500 2094400
LATENCY 2290100
TIMELINE 20 820 241755468976000 2290100
LATENCY 2428200
TIMELINE 20 836 241755504135800 2428200
LATENCY 2352400
TIMELINE 20 852 241755539445400 2352400
LATENCY 2214400
TIMELINE 20 868 241755575557000 2214400
LATENCY 2137200
TIMELINE 20 884 241755610514100 2137200
LATENCY 2157300
TIMELINE 20 900 241755646291000 2157300
LATENCY 2356600
TIMELINE 20 916 241755680930800 2356600
LATENCY 2165200
TIMELINE 20 932 241755738336100 2165200
LATENCY 2466000
TIMELINE 20 948 241755774071500 2466000
LATENCY 2358200
TIMELINE 20 964 241755810442300 2358200
LATENCY 2135900
TIMELINE 20 980 241755846077000 2135900
LATENCY 2144200
TIMELINE 20 996 241755880396900 2144200
LATENCY 2384000
TIMELINE 20 1012 241755914652600 2384000
LATENCY 2155700
TIMELINE 20 1028 241755950206100 2155700
LATENCY 2198300
TIMELINE 20 1044 241755985108300 2198300
LATENCY 2245900
TIMELINE 20 1060 241756026282800 2245900
LATENCY 2165900
TIMELINE 20 1076 241756061678300 2165900
LATENCY 2121100
TIMELINE 20 1092 241756097071100 2121100
LATENCY 2124000
TIMELINE 20 1108 241756132500700 2124000
LATENCY 2329100
TIMELINE 20 1124 241756167971700 2329100
LATENCY 2177200
TIMELINE 20 1140 241756203008400 2177200
LATENCY 2175600
TIMELINE 20 1156 241756237967900 2175600
LATENCY 2134700
TIMELINE 20 1172 241756272072200 2134700
LATENCY 7611000
TIMELINE 20 1188 241756305982900 7611000
LATENCY 2149500
TIMELINE 20 1204 241756346328500 2149500
LATENCY 2184400
TIMELINE 20 1220 241756381402000 2184400
LATENCY 2820100
TIMELINE 20 1236 241756415867400 2820100
LATENCY 3037900
TIMELINE 20 1252 241756461056500 3037900
LATENCY 2596600
TIMELINE 20 1268 241756505192700 2596600
LATENCY 2698300
TIMELINE 20 1284 241756548526800 2698300
LATENCY 2731700
TIMELINE 20 1300 241756595590700 2731700
LATENCY 3054900
TIMELINE 20 1316 241756642147300 3054900
LATENCY 2716200
TIMELINE 20 1332 241756691866200 2716200
LATENCY 2725700
TIMELINE 20 1348 241756735620600 2725700
LATENCY 2908200
TIMELINE 20 1364 241756779825000 2908200
LATENCY 2712100
TIMELINE 20 1380 241756827176200 2712100
LATENCY 2619300
TIMELINE 20 1396 241756870149800 2619300
LATENCY 2639200
TIMELINE 20 1412 241756912254200 2639200
LATENCY 2638800
TIMELINE 20 1428 241756954731400 2638800
LATENCY 3907600
TIMELINE 20 1444 241756998363700 3907600
LATENCY 2587100
TIMELINE 20 1460 241757054714600 2587100
LATENCY 2687600
TIMELINE 20 1476 241757096975500 2687600
LATENCY 2813700
TIMELINE 20 1492 241757141008900 2813700
LATENCY 2708800
TIMELINE 20 1508 241757188872400 2708800
LATENCY 2795900
TIMELINE 20 1524 241757231345700 2795900
LATENCY 2993200
TIMELINE 20 1540 241757277863100 2993200
LATENCY 2914100
TIMELINE 20 1556 241757325406900 2914100
LATENCY 2726900
TIMELINE 20 1572 241757371210900 2726900
LATENCY 2953800
TIMELINE 20 1588 241757416714500 2953800
LATENCY 2774700
TIMELINE 20 1604 241757469724000 2774700
LATENCY 2597500
TIMELINE 20 1620 241757513132500 2597500
LATENCY 3161100
TIMELINE 20 1636 241757561525900 3161100
LATENCY 3036900
TIMELINE 20 1652 241757610012500 3036900
LATENCY 2638100
TIMELINE 20 1668 241757656189200 2638100
LATENCY 3076500
TIMELINE 20 1684 241757701870900 3076500
LATENCY 2745700
TIMELINE 20 1700 241757748732600 2745700
LATENCY 2877600
TIMELINE 20 1716 241757794229700 2877600
LATENCY 2888300
TIMELINE 20 1732 241757845721600 2888300
LATENCY 3024300
TIMELINE 20 1748 241757893303300 3024300
LATENCY 2874500
TIMELINE 20 1764 241757938877300 2874500
LATENCY 2940000
TIMELINE 20 1780 241757985597700 2940000
LATENCY 2991600
TIMELINE 20 1796 241758031411800 2991600
LATENCY 2898800
TIMELINE 20 1812 241758076696000 2898800
LATENCY 2823200
TIMELINE 20 1828 241758123344200 2823200
LATENCY 3135900
TIMELINE 20 1844 241758169371400 3135900
LATENCY 2593600
TIMELINE 20 1860 241758220167100 2593600
LATENCY 2626300
TIMELINE 20 1876 241758262474500 2626300
LATENCY 2732300
TIMELINE 20 1892 241758306671800 2732300
LATENCY 2722700
TIMELINE 20 1908 241758354271500 2722700
LATENCY 3078100
TIMELINE 20 1924 241758402452100 3078100
LATENCY 2614100
TIMELINE 20 1940 241758448393500 2614100
LATENCY 2667500
TIMELINE 20 1956 241758491425400 2667500
LATENCY 2663500
TIMELINE 20 1972 241758535307900 2663500
LATENCY 2879100
TIMELINE 20 1988 241758578838100 2879100
LATENCY 2997200
TIMELINE 20 2004 241758630335600 2997200
LATENCY 2923000
TIMELINE 20 2020 241758677464700 2923000
LATENCY 2784900
TIMELINE 20 2036 241758725349300 2784900
LATENCY 3053600
TIMELINE 21 5 241753553363900 3053600
LATENCY 2186300
TIMELINE 21 21 241753592104700 2186300
LATENCY 2160100
TIMELINE 21 37 241753628373200 2160100
LATENCY 2173000
TIMELINE 21 53 241753663080600 2173000
LATENCY 2343900
TIMELINE 21 69 241753698629300 2343900
LATENCY 2150800
TIMELINE 21 85 241753734897000 2150800
LATENCY 2293100
TIMELINE 21 101 241753769270200 2293100
LATENCY 2184500
TIMELINE 21 117 241753805501500 2184500
LATENCY 2148600
TIMELINE 21 133 241753861771300 2148600
LATENCY 2344400
TIMELINE 21 149 241753895746400 2344400
LATENCY 2271300
TIMELINE 21 165 241753933938700 2271300
LATENCY 2172700
TIMELINE 21 181 241753969520100 2172700
LATENCY 2151700
TIMELINE 21 197 241754004390500 2151700
LATENCY 2216800
TIMELINE 21 213 241754039431600 2216800
LATENCY 2261300
TIMELINE 21 229 241754075133300 2261300
LATENCY 2103600
TIMELINE 21 245 241754109580700 2103600
LATENCY 2200000
TIMELINE 21 261 241754163441000 2200000
LATENCY 2142600
TIMELINE 21 277 241754198236300 2142600
LATENCY 2095500
TIMELINE 21 293 241754232288800 2095500
LATENCY 2201700
TIMELINE 21 309 241754266536700 2201700
LATENCY 2103300
TIMELINE 21 325 241754301736200 2103300
LATENCY 2475900
TIMELINE 21 341 241754338007400 2475900
LATENCY 2179600
TIMELINE 21 357 241754374279700 2179600
LATENCY 2134500
TIMELINE 21 373 241754409339100 2134500
LATENCY 2118000
TIMELINE 21 389 241754443983800 2118000
LATENCY 2139000
TIMELINE 21 405 241754497161700 2139000
LATENCY 2084200
TIMELINE 21 421 241754530973600 2084200
LATENCY 2103900
TIMELINE 21 437 241754565433300 2103900
LATENCY 2106000
TIMELINE 21 453 241754599964900 2106000
LATENCY 2205900
TIMELINE 21 469 241754635034300 2205900
LATENCY 2055300
TIMELINE 21 485 241754669557700 2055300
LATENCY 2147500
TIMELINE 21 501 241754704002200 2147500
LATENCY 2340400
TIMELINE 21 517 241754738840900 2340400
LATENCY 2251500
TIMELINE 21 533 241754795149800 2251500
LATENCY 2105100
TIMELINE 21 549 241754830895800 2105100
LATENCY 2195200
TIMELINE 21 565 241754864966300 2195200
LATENCY 2175700
TIMELINE 21 581 241754900777200 2175700
LATENCY 2130800
TIMELINE 21 597 241754935085900 2130800
LATENCY 2120500
TIMELINE 21 613 241754969293000 2120500
LATENCY 2364600
TIMELINE 21 629 241755005394500 2364600
LATENCY 2325800
TIMELINE 21 645 241755041977200 2325800
LATENCY 2264900
TIMELINE 21 661 241755098548200 2264900
LATENCY 2185200
TIMELINE 21 677 241755135025500 2185200
LATENCY 2303800
TIMELINE 21 693 241755171445400 2303800
LATENCY 2173500
TIMELINE 21 709 241755206598800 2173500
LATENCY 2092800
TIMELINE 21 725 241755241503100 2092800
LATENCY 2159500
TIMELINE 21 741 241755275899600 2159500
LATENCY 2415400
TIMELINE 21 757 241755311168100 2415400
LATENCY 2097700
TIMELINE 21 773 241755347294500 2097700
LATENCY 2564800
TIMELINE 21 789 241755401931300 2564800
LATENCY 2096900
TIMELINE 21 805 241755436693000 2096900
LATENCY 2284400
TIMELINE 21 821 241755471783800 2284400
LATENCY 2310700
TIMELINE 21 837 241755507085100 2310700
LATENCY 2174000
TIMELINE 21 853 241755542323400 2174000
LATENCY 2153100
TIMELINE 21 869 241755578300000 2153100
LATENCY 2249300
TIMELINE 21 885 241755613299600 2249300
LATENCY 2096800
TIMELINE 21 901 241755649585500 2096800
LATENCY 2188500
TIMELINE 21 917 241755684672400 2188500
LATENCY 2148800
TIMELINE 21 933 241755741931000 2148800
LATENCY 2164500
TIMELINE 21 949 241755777822500 2164500
LATENCY 2239900
TIMELINE 21 965 241755814157500 2239900
LATENCY 2112600
TIMELINE 21 981 241755849571400 2112600
LATENCY 2127400
TIMELINE 21 997 241755883890300 2127400
LATENCY 2270600
TIMELINE 21 1013 241755918395900 2270600
LATENCY 2171000
TIMELINE 21 1029 241755953750100 2171000
LATENCY 2208300
TIMELINE 21 1045 241755988775800 2208300
LATENCY 2144300
TIMELINE 21 1061 241756029951100 2144300
LATENCY 2234500
TIMELINE 21 1077 241756065263700 2234500
LATENCY 2122700
TIMELINE 21 1093 241756100491000 2122700
LATENCY 2180800
TIMELINE 21 1109 241756135590400 2180800
LATENCY 2221200
TIMELINE 21 1125 241756171326800 2221200
LATENCY 2463500
TIMELINE 21 1141 241756206192100 2463500
LATENCY 2104600
TIMELINE 21 1157 241756241212900 2104600
LATENCY 2130500
TIMELINE 21 1173 241756275251000 2130500
LATENCY 2105200
TIMELINE 21 1189 241756314636800 2105200
LATENCY 2215700
TIMELINE 21 1205 241756349546300 2215700
LATENCY 2112900
TIMELINE 21 1221 241756384604500 2112900
LATENCY 2643400
TIMELINE 21 1237 241756420011400 2643400
LATENCY 3005400
TIMELINE 21 1253 241756465677100 3005400
LATENCY 2613000
TIMELINE 21 1269 241756509511100 2613000
LATENCY 2594200
TIMELINE 21 1285 241756552975300 2594200
LATENCY 2673000
TIMELINE 21 1301 241756599986000 2673000
LATENCY 2775800
TIMELINE 21 1317 241756647087400 2775800
LATENCY 2706900
TIMELINE 21 1333 241756696345100 2706900
LATENCY 2708600
TIMELINE 21 1349 241756740149900 2708600
LATENCY 2934100
TIMELINE 21 1365 241756784670100 2934100
LATENCY 2713900
TIMELINE 21 1381 241756831666800 2713900
LATENCY 2618200
TIMELINE 21 1397 241756874670100 2618200
LATENCY 2630900
TIMELINE 21 1413 241756916872100 2630900
LATENCY 2614700
TIMELINE 21 1429 241756959320600 2614700
LATENCY 2902400
TIMELINE 21 1445 241757004381000 2902400
LATENCY 2589800
TIMELINE 21 1461 241757061083600 2589800
LATENCY 2648500
TIMELINE 21 1477 241757103454600 2648500
LATENCY 2765000
TIMELINE 21 1493 241757148343200 2765000
LATENCY 2643500
TIMELINE 21 1509 241757195518700 2643500
LATENCY 2753300
TIMELINE 21 1525 241757238270000 2753300
LATENCY 2942000
TIMELINE 21 1541 241757285309200 2942000
LATENCY 2906300
TIMELINE 21 1557 241757332703100 2906300
LATENCY 2731500
TIMELINE 21 1573 241757377885200 2731500
LATENCY 2889500
TIMELINE 21 1589 241757429506000 2889500
LATENCY 2706800
TIMELINE 21 1605 241757476349600 2706800
LATENCY 2717200
TIMELINE 21 1621 241757519578000 2717200
LATENCY 3090500
TIMELINE 21 1637 241757569099000 3090500
LATENCY 2952100
TIMELINE 21 1653 241757617178600 2952100
LATENCY 2570900
TIMELINE 21 1669 241757662498400 2570900
LATENCY 2785300
TIMELINE 21 1685 241757709323100 2785300
LATENCY 3024100
TIMELINE 21 1701 241757755865400 3024100
LATENCY 2924800
TIMELINE 21 1717 241757801498400 2924800
LATENCY 2776200
TIMELINE 21 1733 241757852705900 2776200
LATENCY 2977100
TIMELINE 21 1749 241757900524700 2977100
LATENCY 2877100
TIMELINE 21 1765 241757945549400 2877100
LATENCY 2701200
TIMELINE 21 1781 241757992263100 2701200
LATENCY 2779400
TIMELINE 21 1797 241758038566200 2779400
LATENCY 2876900
TIMELINE 21 1813 241758083960200 2876900
LATENCY 2970200
TIMELINE 21 1829 241758130291400 2970200
LATENCY 3123900
TIMELINE 21 1845 241758176922400 3123900
LATENCY 2660900
TIMELINE 21 1861 241758226542800 2660900
LATENCY 2875700
TIMELINE 21 1877 241758268894100 2875700
LATENCY 2824400
TIMELINE 21 1893 241758313338400 2824400
LATENCY 2743600
TIMELINE 21 1909 241758360876500 2743600
LATENCY 3024700
TIMELINE 21 1925 241758409895500 3024700
LATENCY 2647600
TIMELINE 21 1941 241758454687000 2647600
LATENCY 2801400
TIMELINE 21 1957 241758498129200 2801400
LATENCY 2653900
TIMELINE 21 1973 241758541730900 2653900
LATENCY 2833100
TIMELINE 21 1989 241758591142800 2833100
LATENCY 3100800
TIMELINE 21 2005 241758637728800 3100800
LATENCY 3082400
TIMELINE 21 2021 241758685065700 3082400
LATENCY 2602000
TIMELINE 21 2037 241758731880100 2602000
LATENCY 3337300
TIMELINE 22 6 241753556477100 3337300
LATENCY 2155400
TIMELINE 22 22 241753594325900 2155400
LATENCY 2213800
TIMELINE 22 38 241753630568100 2213800
LATENCY 2130600
TIMELINE 22 54 241753665316400 2130600
LATENCY 2247400
TIMELINE 22 70 241753701089400 2247400
LATENCY 2138500
TIMELINE 22 86 241753737196700 2138500
LATENCY 2202200
TIMELINE 22 102 241753771731800 2202200
LATENCY 2224400
TIMELINE 22 118 241753807721800 2224400
LATENCY 2119200
TIMELINE 22 134 241753863953100 2119200
LATENCY 2467800
TIMELINE 22 150 241753898122600 2467800
LATENCY 2183400
TIMELINE 22 166 241753936273500 2183400
LATENCY 2242400
TIMELINE 22 182 241753971763900 2242400
LATENCY 2115600
TIMELINE 22 198 241754006577600 2115600
LATENCY 2163300
TIMELINE 22 214 241754041711400 2163300
LATENCY 2246200
TIMELINE 22 230 241754077459400 2246200
LATENCY 2155800
TIMELINE 22 246 241754111770800 2155800
LATENCY 2144300
TIMELINE 22 262 241754165709300 2144300
LATENCY 2129900
TIMELINE 22 278 241754200412400 2129900
LATENCY 2112800
TIMELINE 22 294 241754234417500 2112800
LATENCY 2198500
TIMELINE 22 310 241754268773300 2198500
LATENCY 2263900
TIMELINE 22 326 241754303893700 2263900
LATENCY 2243300
TIMELINE 22 342 241754340339600 2243300
LATENCY 2180600
TIMELINE 22 358 241754376370200 2180600
LATENCY 2131800
TIMELINE 22 374 241754411344500 2131800
LATENCY 20202700
TIMELINE 22 390 241754445886700 20202700
LATENCY 2126000
TIMELINE 22 406 241754498746800 2126000
LATENCY 2084000
TIMELINE 22 422 241754532517500 2084000
LATENCY 2099000
TIMELINE 22 438 241754566931800 2099000
LATENCY 2104300
TIMELINE 22 454 241754601466700 2104300
LATENCY 2141800
TIMELINE 22 470 241754636662200 2141800
LATENCY 2092700
TIMELINE 22 486 241754671086000 2092700
LATENCY 2127800
TIMELINE 22 502 241754705625600 2127800
LATENCY 2526900
TIMELINE 22 518 241754740358900 2526900
LATENCY 2255800
TIMELINE 22 534 241754796769900 2255800
LATENCY 2144700
TIMELINE 22 550 241754832426400 2144700
LATENCY 2280900
TIMELINE 22 566 241754866571600 2280900
LATENCY 2151900
TIMELINE 22 582 241754902380000 2151900
LATENCY 2137100
TIMELINE 22 598 241754936651800 2137100
LATENCY 2121700
TIMELINE 22 614 241754970873800 2121700
LATENCY 2569000
TIMELINE 22 630 241755007140100 2569000
LATENCY 2313700
TIMELINE 22 646 241755043657700 2313700
LATENCY 2343400
TIMELINE 22 662 241755100027000 2343400
LATENCY 2436500
TIMELINE 22 678 241755136446100 2436500
LATENCY 2149200
TIMELINE 22 694 241755173032100 2149200
LATENCY 2152300
TIMELINE 22 710 241755208043700 2152300
LATENCY 2094200
TIMELINE 22 726 241755242883400 2094200
LATENCY 2138300
TIMELINE 22 742 241755277306400 2138300
LATENCY 2412000
TIMELINE 22 758 241755312619600 2412000
LATENCY 2142800
TIMELINE 22 774 241755348426500 2142800
LATENCY 2323900
TIMELINE 22 790 241755403665200 2323900
LATENCY 2109000
TIMELINE 22 806 241755438005300 2109000
LATENCY 2182400
TIMELINE 22 822 241755473199900 2182400
LATENCY 2307700
TIMELINE 22 838 241755508382300 2307700
LATENCY 2223500
TIMELINE 22 854 241755543483800 2223500
LATENCY 2315500
TIMELINE 22 870 241755579464700 2315500
LATENCY 2246500
TIMELINE 22 886 241755614488800 2246500
LATENCY 2106800
TIMELINE 22 902 241755650939500 2106800
LATENCY 2230400
TIMELINE 22 918 241755685978700 2230400
LATENCY 2138400
TIMELINE 22 934 241755743435100 2138400
LATENCY 2185100
TIMELINE 22 950 241755779173200 2185100
LATENCY 2171200
TIMELINE 22 966 241755815484700 2171200
LATENCY 2114600
TIMELINE 22 982 241755850809400 2114600
LATENCY 2138400
TIMELINE 22 998 241755885123600 2138400
LATENCY 2332300
TIMELINE 22 1014 241755919698000 2332300
LATENCY 2185800
TIMELINE 22 1030 241755955021900 2185800
LATENCY 2165900
TIMELINE 22 1046 241755990056400 2165900
LATENCY 2118900
TIMELINE 22 1062 241756031089200 2118900
LATENCY 2302000
TIMELINE 22 1078 241756066508700 2302000
LATENCY 2149800
TIMELINE 22 1094 241756101754900 2149800
LATENCY 2278000
TIMELINE 22 1110 241756137236200 2278000
LATENCY 2242300
TIMELINE 22 1126 241756172986000 2242300
LATENCY 2427200
TIMELINE 22 1142 241756208055800 2427200
LATENCY 2103100
TIMELINE 22 1158 241756242786500 2103100
LATENCY 2118800
TIMELINE 22 1174 241756276832400 2118800
LATENCY 2144600
TIMELINE 22 1190 241756316366700 2144600
LATENCY 2187900
TIMELINE 22 1206 241756351341600 2187900
LATENCY 2048000
TIMELINE 22 1222 241756386345500 2048000
LATENCY 2751500
TIMELINE 22 1238 241756422163800 2751500
LATENCY 3056500
TIMELINE 22 1254 241756468129000 3056500
LATENCY 2616400
TIMELINE 22 1270 241756511623000 2616400
LATENCY 4433500
TIMELINE 22 1286 241756555180800 4433500
LATENCY 2940800
TIMELINE 22 1302 241756602166100 2940800
LATENCY 2716800
TIMELINE 22 1318 241756649251200 2716800
LATENCY 2669400
TIMELINE 22 1334 241756698488300 2669400
LATENCY 2491000
TIMELINE 22 1350 241756742263000 2491000
LATENCY 2939200
TIMELINE 22 1366 241756786954500 2939200
LATENCY 2698200
TIMELINE 22 1382 241756833821000 2698200
LATENCY 2573700
TIMELINE 22 1398 241756876728000 2573700
LATENCY 2776700
TIMELINE 22 1414 241756918943100 2776700
LATENCY 2624700
TIMELINE 22 1430 241756961370100 2624700
LATENCY 2885300
TIMELINE 22 1446 241757006598900 2885300
LATENCY 2632900
TIMELINE 22 1462 241757059941900 2632900
LATENCY 2607300
TIMELINE 22 1478 241757102346800 2607300
LATENCY 3053900
TIMELINE 22 1494 241757146912600 3053900
LATENCY 2649400
TIMELINE 22 1510 241757194270000 2649400
LATENCY 2770200
TIMELINE 22 1526 241757236948100 2770200
LATENCY 2951400
TIMELINE 22 1542 241757283899000 2951400
LATENCY 2916400
TIMELINE 22 1558 241757331295500 2916400
LATENCY 2705500
TIMELINE 22 1574 241757376472700 2705500
LATENCY 2869100
TIMELINE 22 1590 241757428030100 2869100
LATENCY 2631800
TIMELINE 22 1606 241757474916700 2631800
LATENCY 2678800
TIMELINE 22 1622 241757518124200 2678800
LATENCY 3127200
TIMELINE 22 1638 241757567590300 3127200
LATENCY 2957700
TIMELINE 22 1654 241757615766500 2957700
LATENCY 2584400
TIMELINE 22 1670 241757661343600 2584400
LATENCY 2999600
TIMELINE 22 1686 241757707712900 2999600
LATENCY 2924300
TIMELINE 22 1702 241757754265400 2924300
LATENCY 2880300
TIMELINE 22 1718 241757799933600 2880300
LATENCY 2775300
TIMELINE 22 1734 241757851215900 2775300
LATENCY 2956300
TIMELINE 22 1750 241757898912500 2956300
LATENCY 2708700
TIMELINE 22 1766 241757944206900 2708700
LATENCY 2698200
TIMELINE 22 1782 241757990959200 2698200
LATENCY 2805500
TIMELINE 22 1798 241758037308300 2805500
LATENCY 3003000
TIMELINE 22 1814 241758082499000 3003000
LATENCY 2947300
TIMELINE 22 1830 241758128952400 2947300
LATENCY 3110500
TIMELINE 22 1846 241758175542200 3110500
LATENCY 2535300
TIMELINE 22 1862 241758225417800 2535300
LATENCY 2766000
TIMELINE 22 1878 241758267671400 2766000
LATENCY 2722500
TIMELINE 22 1894 241758312051200 2722500
LATENCY 2732000
TIMELINE 22 1910 241758359604900 2732000
LATENCY 3035800
TIMELINE 22 1926 241758408434600 3035800
LATENCY 2581400
TIMELINE 22 1942 241758453473800 2581400
LATENCY 2769200
TIMELINE 22 1958 241758496821100 2769200
LATENCY 2662800
TIMELINE 22 1974 241758540489700 2662800
LATENCY 2793700
TIMELINE 22 1990 241758589871100 2793700
LATENCY 2898900
TIMELINE 22 2006 241758636408600 2898900
LATENCY 3096300
TIMELINE 22 2022 241758683530900 3096300
LATENCY 2473500
TIMELINE 22 2038 241758730847600 2473500
LATENCY 3081600
TIMELINE 23 7 241753559860500 3081600
LATENCY 2153800
TIMELINE 23 23 241753596516500 2153800
LATENCY 2162700
TIMELINE 23 39 241753632817800 2162700
LATENCY 2179500
TIMELINE 23 55 241753667483200 2179500
LATENCY 2286400
TIMELINE 23 71 241753703575900 2286400
LATENCY 2140500
TIMELINE 23 87 241753739597200 2140500
LATENCY 2191600
TIMELINE 23 103 241753774246600 2191600
LATENCY 2157000
TIMELINE 23 119 241753810189600 2157000
LATENCY 2163300
TIMELINE 23 135 241753866254800 2163300
LATENCY 2324400
TIMELINE 23 151 241753900694100 2324400
LATENCY 2330600
TIMELINE 23 167 241753938677800 2330600
LATENCY 2189900
TIMELINE 23 183 241753974197300 2189900
LATENCY 2130100
TIMELINE 23 199 241754008966100 2130100
LATENCY 2146100
TIMELINE 23 215 241754044293800 2146100
LATENCY 2236900
TIMELINE 23 231 241754080146100 2236900
LATENCY 2394000
TIMELINE 23 247 241754114356600 2394000
LATENCY 2137200
TIMELINE 23 263 241754168174300 2137200
LATENCY 2112800
TIMELINE 23 279 241754202818200 2112800
LATENCY 2113000
TIMELINE 23 295 241754236815100 2113000
LATENCY 2135900
TIMELINE 23 311 241754271202500 2135900
LATENCY 2245100
TIMELINE 23 327 241754306518900 2245100
LATENCY 2208700
TIMELINE 23 343 241754342704300 2208700
LATENCY 2358000
TIMELINE 23 359 241754378631700 2358000
LATENCY 2103500
TIMELINE 23 375 241754413537100 2103500
LATENCY 2306800
TIMELINE 23 391 241754466285300 2306800
LATENCY 2101800
TIMELINE 23 407 241754501493600 2101800
LATENCY 2094400
TIMELINE 23 423 241754535190000 2094400
LATENCY 2157200
TIMELINE 23 439 241754569867400 2157200
LATENCY 2103700
TIMELINE 23 455 241754604428600 2103700
LATENCY 2175000
TIMELINE 23 471 241754639782600 2175000
LATENCY 2100900
TIMELINE 23 487 241754674059200 2100900
LATENCY 2093000
TIMELINE 23 503 241754708732800 2093000
LATENCY 2282700
TIMELINE 23 519 241754743929400 2282700
LATENCY 2642600
TIMELINE 23 535 241754800108400 2642600
LATENCY 2094500
TIMELINE 23 551 241754835638100 2094500
LATENCY 2188900
TIMELINE 23 567 241754869914900 2188900
LATENCY 2099000
TIMELINE 23 583 241754905461100 2099000
LATENCY 2119900
TIMELINE 23 599 241754939709300 2119900
LATENCY 2101000
TIMELINE 23 615 241754973887600 2101000
LATENCY 2393000
TIMELINE 23 631 241755010742600 2393000
LATENCY 2242500
TIMELINE 23 647 241755046841200 2242500
LATENCY 2263700
TIMELINE 23 663 241755103387000 2263700
LATENCY 2397200
TIMELINE 23 679 241755139966200 2397200
LATENCY 2224300
TIMELINE 23 695 241755175864400 2224300
LATENCY 2098500
TIMELINE 23 711 241755210916900 2098500
LATENCY 2091900
TIMELINE 23 727 241755245747600 2091900
LATENCY 2364600
TIMELINE 23 743 241755280296200 2364600
LATENCY 2196000
TIMELINE 23 759 241755316051600 2196000
LATENCY 2075800
TIMELINE 23 775 241755351427800 2075800
LATENCY 2137700
TIMELINE 23 791 241755406636400 2137700
LATENCY 2131200
TIMELINE 23 807 241755440716600 2131200
LATENCY 2201300
TIMELINE 23 823 241755476022200 2201300
LATENCY 2207800
TIMELINE 23 839 241755511327400 2207800
LATENCY 2367600
TIMELINE 23 855 241755546381100 2367600
LATENCY 2305000
TIMELINE 23 871 241755582386700 2305000
LATENCY 1956000
TIMELINE 23 887 241755617277400 1956000
LATENCY 2131200
TIMELINE 23 903 241755652754400 2131200
LATENCY 2260600
TIMELINE 23 919 241755687886400 2260600
LATENCY 2135100
TIMELINE 23 935 241755745157100 2135100
LATENCY 2240400
TIMELINE 23 951 241755780940300 2240400
LATENCY 2242700
TIMELINE 23 967 241755817264500 2242700
LATENCY 2164200
TIMELINE 23 983 241755852526100 2164200
LATENCY 2156100
TIMELINE 23 999 241755886866900 2156100
LATENCY 2160400
TIMELINE 23 1015 241755921474300 2160400
LATENCY 2167400
TIMELINE 23 1031 241755956839400 2167400
LATENCY 2169500
TIMELINE 23 1047 241755991901200 2169500
LATENCY 2193900
TIMELINE 23 1063 241756032902700 2193900
LATENCY 2256400
TIMELINE 23 1079 241756068488400 2256400
LATENCY 2084000
TIMELINE 23 1095 241756103601200 2084000
LATENCY 2277100
TIMELINE 23 1111 241756139157100 2277100
LATENCY 2356400
TIMELINE 23 1127 241756174832700 2356400
LATENCY 2313900
TIMELINE 23 1143 241756210303700 2313900
LATENCY 2126500
TIMELINE 23 1159 241756244714900 2126500
LATENCY 2081500
TIMELINE 23 1175 241756278780200 2081500
LATENCY 2175200
TIMELINE 23 1191 241756318264200 2175200
LATENCY 2205400
TIMELINE 23 1207 241756353181700 2205400
LATENCY 2067200
TIMELINE 23 1223 241756388099600 2067200
LATENCY 2761600
TIMELINE 23 1239 241756424443700 2761600
LATENCY 3177700
TIMELINE 23 1255 241756470680700 3177700
LATENCY 2648700
TIMELINE 23 1271 241756513807700 2648700
LATENCY 4400600
TIMELINE 23 1287 241756558442500 4400600
LATENCY 2949200
TIMELINE 23 1303 241756604703000 2949200
LATENCY 2734800
TIMELINE 23 1319 241756651672000 2734800
LATENCY 2811100
TIMELINE 23 1335 241756700829700 2811100
LATENCY 2496800
TIMELINE 23 1351 241756744539100 2496800
LATENCY 2622900
TIMELINE 23 1367 241756789584900 2622900
LATENCY 2922500
TIMELINE 23 1383 241756836195000 2922500
LATENCY 2643000
TIMELINE 23 1399 241756879011100 2643000
LATENCY 2773700
TIMELINE 23 1415 241756921395200 2773700
LATENCY 2690700
TIMELINE 23 1431 241756963701300 2690700
LATENCY 3042700
TIMELINE 23 1447 241757009162600 3042700
LATENCY 2602200
TIMELINE 23 1463 241757061266800 2602200
LATENCY 2644000
TIMELINE 23 1479 241757103634300 2644000
LATENCY 2696100
TIMELINE 23 1495 241757148598600 2696100
LATENCY 2661500
TIMELINE 23 1511 241757195624600 2661500
LATENCY 2761100
TIMELINE 23 1527 241757238460700 2761100
LATENCY 2957200
TIMELINE 23 1543 241757285510500 2957200
LATENCY 2904500
TIMELINE 23 1559 241757332916700 2904500
LATENCY 2709800
TIMELINE 23 1575 241757378079800 2709800
LATENCY 2895600
TIMELINE 23 1591 241757429697800 2895600
LATENCY 2748400
TIMELINE 23 1607 241757476559300 2748400
LATENCY 2711900
TIMELINE 23 1623 241757519805100 2711900
LATENCY 3083600
TIMELINE 23 1639 241757569392200 3083600
LATENCY 2959300
TIMELINE 23 1655 241757617470500 2959300
LATENCY 2578800
TIMELINE 23 1671 241757662778500 2578800
LATENCY 2777600
TIMELINE 23 1687 241757709401000 2777600
LATENCY 3066700
TIMELINE 23 1703 241757755723400 3066700
LATENCY 2925500
TIMELINE 23 1719 241757801412300 2925500
LATENCY 2777500
TIMELINE 23 1735 241757852622500 2777500
LATENCY 2976200
TIMELINE 23 1751 241757900565800 2976200
LATENCY 2882800
TIMELINE 23 1767 241757945669200 2882800
LATENCY 2718900
TIMELINE 23 1783 241757992475000 2718900
LATENCY 2790300
TIMELINE 23 1799 241758038795200 2790300
LATENCY 2890900
TIMELINE 23 1815 241758084358100 2890900
LATENCY 2959900
TIMELINE 23 1831 241758130642200 2959900
LATENCY 3080700
TIMELINE 23 1847 241758177314900 3080700
LATENCY 2660700
TIMELINE 23 1863 241758226657100 2660700
LATENCY 2876100
TIMELINE 23 1879 241758269000300 2876100
LATENCY 2841400
TIMELINE 23 1895 241758313451500 2841400
LATENCY 2750900
TIMELINE 23 1911 241758360988100 2750900
LATENCY 3025000
TIMELINE 23 1927 241758409980700 3025000
LATENCY 2653500
TIMELINE 23 1943 241758454750700 2653500
LATENCY 2815100
TIMELINE 23 1959 241758498208500 2815100
LATENCY 2658000
TIMELINE 23 1975 241758541799700 2658000
LATENCY 2820200
TIMELINE 23 1991 241758591227600 2820200
LATENCY 3103100
TIMELINE 23 2007 241758637818600 3103100
LATENCY 3088900
TIMELINE 23 2023 241758685155100 3088900
LATENCY 2592300
TIMELINE 23 2039 241758732064300 2592300
LATENCY 2546300
TIMELINE 24 8 241753562990900 2546300
LATENCY 2172700
TIMELINE 24 24 241753598705800 2172700
LATENCY 2120100
TIMELINE 24 40 241753635017500 2120100
LATENCY 2497700
TIMELINE 24 56 241753669714800 2497700
LATENCY 2225200
TIMELINE 24 72 241753705830200 2225200
LATENCY 2164300
TIMELINE 24 88 241753741677000 2164300
LATENCY 2186300
TIMELINE 24 104 241753776376600 2186300
LATENCY 2513800
TIMELINE 24 120 241753812287100 2513800
LATENCY 2134000
TIMELINE 24 136 241753868482500 2134000
LATENCY 2371400
TIMELINE 24 152 241753902985600 2371400
LATENCY 2226400
TIMELINE 24 168 241753940826200 2226400
LATENCY 2141600
TIMELINE 24 184 241753976272000 2141600
LATENCY 2115700
TIMELINE 24 200 241754010954700 2115700
LATENCY 2232700
TIMELINE 24 216 241754046355700 2232700
LATENCY 2147800
TIMELINE 24 232 241754082297600 2147800
LATENCY 2266400
TIMELINE 24 248 241754116791800 2266400
LATENCY 2123600
TIMELINE 24 264 241754170371100 2123600
LATENCY 2133600
TIMELINE 24 280 241754205025100 2133600
LATENCY 2099500
TIMELINE 24 296 241754239016900 2099500
LATENCY 2158400
TIMELINE 24 312 241754273424200 2158400
LATENCY 2233300
TIMELINE 24 328 241754308676500 2233300
LATENCY 2209600
TIMELINE 24 344 241754345320200 2209600
LATENCY 2188500
TIMELINE 24 360 241754381279100 2188500
LATENCY 2101700
TIMELINE 24 376 241754415951800 2101700
LATENCY 2229000
TIMELINE 24 392 241754468809000 2229000
LATENCY 2094600
TIMELINE 24 408 241754503791700 2094600
LATENCY 2078100
TIMELINE 24 424 241754537486900 2078100
LATENCY 2093500
TIMELINE 24 440 241754572058800 2093500
LATENCY 2103000
TIMELINE 24 456 241754606565400 2103000
LATENCY 2171200
TIMELINE 24 472 241754641867600 2171200
LATENCY 2107400
TIMELINE 24 488 241754676072500 2107400
LATENCY 2112100
TIMELINE 24 504 241754710528000 2112100
LATENCY 2303400
TIMELINE 24 520 241754745890700 2303400
LATENCY 2216700
TIMELINE 24 536 241754802406400 2216700
LATENCY 2124800
TIMELINE 24 552 241754837422200 2124800
LATENCY 2135500
TIMELINE 24 568 241754871834600 2135500
LATENCY 2184200
TIMELINE 24 584 241754907339600 2184200
LATENCY 2124100
TIMELINE 24 600 241754941606100 2124100
LATENCY 2147000
TIMELINE 24 616 241754975766100 2147000
LATENCY 2231700
TIMELINE 24 632 241755012860500 2231700
LATENCY 2265000
TIMELINE 24 648 241755048995400 2265000
LATENCY 2415300
TIMELINE 24 664 241755105599300 2415300
LATENCY 2480300
TIMELINE 24 680 241755142310500 2480300
LATENCY 2207100
TIMELINE 24 696 241755178148900 2207100
LATENCY 2109400
TIMELINE 24 712 241755213104200 2109400
LATENCY 2208500
TIMELINE 24 728 241755247750700 2208500
LATENCY 2267100
TIMELINE 24 744 241755282511900 2267100
LATENCY 2406500
TIMELINE 24 760 241755317962700 2406500
LATENCY 2136500
TIMELINE 24 776 241755353391000 2136500
LATENCY 2143300
TIMELINE 24 792 241755408971700 2143300
LATENCY 2274500
TIMELINE 24 808 241755443067700 2274500
LATENCY 2299500
TIMELINE 24 824 241755478395700 2299500
LATENCY 2167000
TIMELINE 24 840 241755513736700 2167000
LATENCY 2184800
TIMELINE 24 856 241755549072100 2184800
LATENCY 2195300
TIMELINE 24 872 241755584910600 2195300
LATENCY 2408900
TIMELINE 24 888 241755619506800 2408900
LATENCY 2129700
TIMELINE 24 904 241755655234200 2129700
LATENCY 2367700
TIMELINE 24 920 241755690489900 2367700
LATENCY 2243000
TIMELINE 24 936 241755747530500 2243000
LATENCY 2281600
TIMELINE 24 952 241755783399000 2281600
LATENCY 2357800
TIMELINE 24 968 241755819753200 2357800
LATENCY 2122900
TIMELINE 24 984 241755854872700 2122900
LATENCY 2080900
TIMELINE 24 1000 241755889195900 2080900
LATENCY 2289300
TIMELINE 24 1016 241755924059100 2289300
LATENCY 2145000
TIMELINE 24 1032 241755959234400 2145000
LATENCY 2243200
TIMELINE 24 1048 241755994279500 2243200
LATENCY 2129700
TIMELINE 24 1064 241756035286500 2129700
LATENCY 2224500
TIMELINE 24 1080 241756070834900 2224500
LATENCY 2170500
TIMELINE 24 1096 241756105749900 2170500
LATENCY 2150800
TIMELINE 24 1112 241756141465700 2150800
LATENCY 2203000
TIMELINE 24 1128 241756177403200 2203000
LATENCY 2150100
TIMELINE 24 1144 241756212591000 2150100
LATENCY 2110200
TIMELINE 24 1160 241756246812200 2110200
LATENCY 2128600
TIMELINE 24 1176 241756280833300 2128600
LATENCY 2031300
TIMELINE 24 1192 241756320326300 2031300
LATENCY 2172400
TIMELINE 24 1208 241756355293200 2172400
LATENCY 2097800
TIMELINE 24 1224 241756390139800 2097800
LATENCY 2720200
TIMELINE 24 1240 241756427245700 2720200
LATENCY 2967200
TIMELINE 24 1256 241756473911800 2967200
LATENCY 2637900
TIMELINE 24 1272 241756516494600 2637900
LATENCY 2802800
TIMELINE 24 1288 241756562891600 2802800
LATENCY 3000000
TIMELINE 24 1304 241756607529900 3000000
LATENCY 2706100
TIMELINE 24 1320 241756654368300 2706100
LATENCY 2775700
TIMELINE 24 1336 241756703600100 2775700
LATENCY 2690700
TIMELINE 24 1352 241756746999800 2690700
LATENCY 2755800
TIMELINE 24 1368 241756792168300 2755800
LATENCY 2970700
TIMELINE 24 1384 241756839084900 2970700
LATENCY 2638900
TIMELINE 24 1400 241756881601500 2638900
LATENCY 2600300
TIMELINE 24 1416 241756924127100 2600300
LATENCY 2636100
TIMELINE 24 1432 241756966350000 2636100
LATENCY 2980200
TIMELINE 24 1448 241757012156200 2980200
LATENCY 2607800
TIMELINE 24 1464 241757066015500 2607800
LATENCY 2663800
TIMELINE 24 1480 241757108555900 2663800
LATENCY 2951000
TIMELINE 24 1496 241757153409300 2951000
LATENCY 2791200
TIMELINE 24 1512 241757200490700 2791200
LATENCY 2791700
TIMELINE 24 1528 241757243445800 2791700
LATENCY 2953700
TIMELINE 24 1544 241757290829900 2953700
LATENCY 2915600
TIMELINE 24 1560 241757338165700 2915600
LATENCY 2979600
TIMELINE 24 1576 241757382932600 2979600
LATENCY 2842000
TIMELINE 24 1592 241757434873700 2842000
LATENCY 2740200
TIMELINE 24 1608 241757481489500 2740200
LATENCY 2615900
TIMELINE 24 1624 241757524569400 2615900
LATENCY 3224600
TIMELINE 24 1640 241757575653700 3224600
LATENCY 3003500
TIMELINE 24 1656 241757623507200 3003500
LATENCY 2630300
TIMELINE 24 1672 241757667994400 2630300
LATENCY 2780000
TIMELINE 24 1688 241757715053600 2780000
LATENCY 2889800
TIMELINE 24 1704 241757761987200 2889800
LATENCY 2932700
TIMELINE 24 1720 241757807489300 2932700
LATENCY 3111200
TIMELINE 24 1736 241757858716800 3111200
LATENCY 2937900
TIMELINE 24 1752 241757906590800 2937900
LATENCY 2888700
TIMELINE 24 1768 241757951650500 2888700
LATENCY 2688700
TIMELINE 24 1784 241757997995800 2688700
LATENCY 2914800
TIMELINE 24 1800 241758044478400 2914800
LATENCY 2892100
TIMELINE 24 1816 241758089880600 2892100
LATENCY 2963500
TIMELINE 24 1832 241758136376400 2963500
LATENCY 2749600
TIMELINE 24 1848 241758183056500 2749600
LATENCY 2620900
TIMELINE 24 1864 241758232276900 2620900
LATENCY 2769100
TIMELINE 24 1880 241758274897100 2769100
LATENCY 3003700
TIMELINE 24 1896 241758319296100 3003700
LATENCY 3121800
TIMELINE 24 1912 241758367017100 3121800
LATENCY 2710600
TIMELINE 24 1928 241758416302700 2710600
LATENCY 2783100
TIMELINE 24 1944 241758460344900 2783100
LATENCY 2725300
TIMELINE 24 1960 241758504093800 2725300
LATENCY 2719600
TIMELINE 24 1976 241758547361800 2719600
LATENCY 2767500
TIMELINE 24 1992 241758597200500 2767500
LATENCY 3053300
TIMELINE 24 2008 241758644331300 3053300
LATENCY 2898600
TIMELINE 24 2024 241758691616000 2898600
LATENCY 2569200
TIMELINE 24 2040 241758737636700 2569200
LATENCY 2263600
TIMELINE 25 9 241753565574300 2263600
LATENCY 2156600
TIMELINE 25 25 241753600912800 2156600
LATENCY 2153800
TIMELINE 25 41 241753637200400 2153800
LATENCY 2301400
TIMELINE 25 57 241753672253800 2301400
LATENCY 2247100
TIMELINE 25 73 241753707776100 2247100
LATENCY 2130700
TIMELINE 25 89 241753743581300 2130700
LATENCY 2257500
TIMELINE 25 105 241753778316100 2257500
LATENCY 2370700
TIMELINE 25 121 241753814412600 2370700
LATENCY 2146600
TIMELINE 25 137 241753870174600 2146600
LATENCY 2304700
TIMELINE 25 153 241753904984800 2304700
LATENCY 2184900
TIMELINE 25 169 241753942768500 2184900
LATENCY 2124500
TIMELINE 25 185 241753978110300 2124500
LATENCY 2073600
TIMELINE 25 201 241754012701600 2073600
LATENCY 2285600
TIMELINE 25 217 241754048015100 2285600
LATENCY 2093700
TIMELINE 25 233 241754083864700 2093700
LATENCY 2232300
TIMELINE 25 249 241754118368000 2232300
LATENCY 2125100
TIMELINE 25 265 241754171810600 2125100
LATENCY 2124500
TIMELINE 25 281 241754206615400 2124500
LATENCY 2094000
TIMELINE 25 297 241754240592800 2094000
LATENCY 2138300
TIMELINE 25 313 241754275098900 2138300
LATENCY 2203800
TIMELINE 25 329 241754310438600 2203800
LATENCY 2233000
TIMELINE 25 345 241754346855700 2233000
LATENCY 2141400
TIMELINE 25 361 241754382957500 2141400
LATENCY 2120000
TIMELINE 25 377 241754417279600 2120000
LATENCY 2175400
TIMELINE 25 393 241754470117800 2175400
LATENCY 2127300
TIMELINE 25 409 241754505020700 2127300
LATENCY 2176500
TIMELINE 25 425 241754538738200 2176500
LATENCY 2123400
TIMELINE 25 441 241754573386400 2123400
LATENCY 2091200
TIMELINE 25 457 241754607930600 2091200
LATENCY 2104500
TIMELINE 25 473 241754643387200 2104500
LATENCY 2117200
TIMELINE 25 489 241754677569100 2117200
LATENCY 2102900
TIMELINE 25 505 241754712138200 2102900
LATENCY 2425100
TIMELINE 25 521 241754747597600 2425100
LATENCY 2208300
TIMELINE 25 537 241754803982700 2208300
LATENCY 2181900
TIMELINE 25 553 241754838849800 2181900
LATENCY 2100800
TIMELINE 25 569 241754873287000 2100800
LATENCY 2174600
TIMELINE 25 585 241754908789100 2174600
LATENCY 2094200
TIMELINE 25 601 241754943020500 2094200
LATENCY 2119900
TIMELINE 25 617 241754977199100 2119900
LATENCY 2296000
TIMELINE 25 633 241755014303700 2296000
LATENCY 2209900
TIMELINE 25 649 241755050427200 2209900
LATENCY 2322500
TIMELINE 25 665 241755107073800 2322500
LATENCY 2541800
TIMELINE 25 681 241755143792700 2541800
LATENCY 2196300
TIMELINE 25 697 241755179582700 2196300
LATENCY 2059800
TIMELINE 25 713 241755214434500 2059800
LATENCY 2089400
TIMELINE 25 729 241755249309600 2089400
LATENCY 2235200
TIMELINE 25 745 241755284161200 2235200
LATENCY 2306300
TIMELINE 25 761 241755319844300 2306300
LATENCY 2092200
TIMELINE 25 777 241755354999000 2092200
LATENCY 2141200
TIMELINE 25 793 241755410360900 2141200
LATENCY 2109500
TIMELINE 25 809 241755444634800 2109500
LATENCY 2226300
TIMELINE 25 825 241755480228300 2226300
LATENCY 2162300
TIMELINE 25 841 241755515348000 2162300
LATENCY 2203800
TIMELINE 25 857 241755550846300 2203800
LATENCY 2201300
TIMELINE 25 873 241755586682000 2201300
LATENCY 2184300
TIMELINE 25 889 241755622252700 2184300
LATENCY 2323600
TIMELINE 25 905 241755657679500 2323600
LATENCY 22285700
TIMELINE 25 921 241755693099600 22285700
LATENCY 2124800
TIMELINE 25 937 241755750063400 2124800
LATENCY 2255700
TIMELINE 25 953 241755786098100 2255700
LATENCY 2133200
TIMELINE 25 969 241755822482400 2133200
LATENCY 2164500
TIMELINE 25 985 241755857543500 2164500
LATENCY 2296100
TIMELINE 25 1001 241755891836900 2296100
LATENCY 2280900
TIMELINE 25 1017 241755926934400 2280900
LATENCY 2215000
TIMELINE 25 1033 241755961912100 2215000
LATENCY 2169800
TIMELINE 25 1049 241755997073100 2169800
LATENCY 2184900
TIMELINE 25 1065 241756037991400 2184900
LATENCY 2347900
TIMELINE 25 1081 241756073834300 2347900
LATENCY 2271300
TIMELINE 25 1097 241756108571700 2271300
LATENCY 2430500
TIMELINE 25 1113 241756144427400 2430500
LATENCY 2175600
TIMELINE 25 1129 241756180300900 2175600
LATENCY 2203300
TIMELINE 25 1145 241756215459400 2203300
LATENCY 2141200
TIMELINE 25 1161 241756249613500 2141200
LATENCY 2113500
TIMELINE 25 1177 241756283642900 2113500
LATENCY 2288800
TIMELINE 25 1193 241756323136200 2288800
LATENCY 2297400
TIMELINE 25 1209 241756358277500 2297400
LATENCY 2107600
TIMELINE 25 1225 241756393030600 2107600
LATENCY 2688700
TIMELINE 25 1241 241756430986000 2688700
LATENCY 2671400
TIMELINE 25 1257 241756478008100 2671400
LATENCY 2708500
TIMELINE 25 1273 241756520106900 2708500
LATENCY 2740500
TIMELINE 25 1289 241756566679000 2740500
LATENCY 2946800
TIMELINE 25 1305 241756611651800 2946800
LATENCY 8257900
TIMELINE 25 1321 241756657962500 8257900
LATENCY 2767900
TIMELINE 25 1337 241756707250700 2767900
LATENCY 2716800
TIMELINE 25 1353 241756750589800 2716800
LATENCY 2728400
TIMELINE 25 1369 241756795877700 2728400
LATENCY 2623600
TIMELINE 25 1385 241756842898200 2623600
LATENCY 2680600
TIMELINE 25 1401 241756885113400 2680600
LATENCY 2603900
TIMELINE 25 1417 241756927565000 2603900
LATENCY 2650800
TIMELINE 25 1433 241756969828100 2650800
LATENCY 2788100
TIMELINE 25 1449 241757020399900 2788100
LATENCY 2633900
TIMELINE 25 1465 241757071519200 2633900
LATENCY 2644600
TIMELINE 25 1481 241757114097400 2644600
LATENCY 2611200
TIMELINE 25 1497 241757159273800 2611200
LATENCY 2608400
TIMELINE 25 1513 241757206159900 2608400
LATENCY 2992000
TIMELINE 25 1529 241757249547700 2992000
LATENCY 2966500
TIMELINE 25 1545 241757297179100 2966500
LATENCY 2926700
TIMELINE 25 1561 241757344209100 2926700
LATENCY 2841900
TIMELINE 25 1577 241757389264700 2841900
LATENCY 2899900
TIMELINE 25 1593 241757440933500 2899900
LATENCY 2735700
TIMELINE 25 1609 241757487229200 2735700
LATENCY 3102000
TIMELINE 25 1625 241757530070700 3102000
LATENCY 3069500
TIMELINE 25 1641 241757581449300 3069500
LATENCY 2916100
TIMELINE 25 1657 241757628955000 2916100
LATENCY 2955400
TIMELINE 25 1673 241757672756100 2955400
LATENCY 3232500
TIMELINE 25 1689 241757720112300 3232500
LATENCY 2767000
TIMELINE 25 1705 241757767231600 2767000
LATENCY 8613800
TIMELINE 25 1721 241757812938000 8613800
LATENCY 3018200
TIMELINE 25 1737 241757864570300 3018200
LATENCY 2932200
TIMELINE 25 1753 241757912111200 2932200
LATENCY 2993000
TIMELINE 25 1769 241757957080700 2993000
LATENCY 2886000
TIMELINE 25 1785 241758002971300 2886000
LATENCY 2734600
TIMELINE 25 1801 241758049805700 2734600
LATENCY 2917700
TIMELINE 25 1817 241758095323100 2917700
LATENCY 2958700
TIMELINE 25 1833 241758141982900 2958700
LATENCY 2775800
TIMELINE 25 1849 241758188257300 2775800
LATENCY 2646200
TIMELINE 25 1865 241758237137200 2646200
LATENCY 2759700
TIMELINE 25 1881 241758279944900 2759700
LATENCY 2886300
TIMELINE 25 1897 241758327315500 2886300
LATENCY 3143900
TIMELINE 25 1913 241758372831700 3143900
LATENCY 2545300
TIMELINE 25 1929 241758421286000 2545300
LATENCY 2549600
TIMELINE 25 1945 241758465365800 2549600
LATENCY 2836100
TIMELINE 25 1961 241758509045700 2836100
LATENCY 2684000
TIMELINE 25 1977 241758552375300 2684000
LATENCY 2928900
TIMELINE 25 1993 241758602391500 2928900
LATENCY 3069700
TIMELINE 25 2009 241758649933000 3069700
LATENCY 2982000
TIMELINE 25 2025 241758697044000 2982000
LATENCY 2611500
TIMELINE 25 2041 241758742351800 2611500
LATENCY 2242500
TIMELINE 26 10 241753567873500 2242500
LATENCY 2171200
TIMELINE 26 26 241753603104900 2171200
LATENCY 2164000
TIMELINE 26 42 241753639385700 2164000
LATENCY 2248400
TIMELINE 26 58 241753674780200 2248400
LATENCY 2344900
TIMELINE 26 74 241753710275600 2344900
LATENCY 2127100
TIMELINE 26 90 241753745909100 2127100
LATENCY 2417600
TIMELINE 26 106 241753780970400 2417600
LATENCY 2269400
TIMELINE 26 122 241753817022400 2269400
LATENCY 2087400
TIMELINE 26 138 241753872642800 2087400
LATENCY 2410300
TIMELINE 26 154 241753907443400 2410300
LATENCY 2305900
TIMELINE 26 170 241753945046600 2305900
LATENCY 2312300
TIMELINE 26 186 241753980294100 2312300
LATENCY 2094100
TIMELINE 26 202 241754014831700 2094100
LATENCY 2268700
TIMELINE 26 218 241754050417500 2268700
LATENCY 2100600
TIMELINE 26 234 241754086137600 2100600
LATENCY 2191500
TIMELINE 26 250 241754120717900 2191500
LATENCY 2124200
TIMELINE 26 266 241754174103200 2124200
LATENCY 2132100
TIMELINE 26 282 241754208801600 2132100
LATENCY 2094600
TIMELINE 26 298 241754242746400 2094600
LATENCY 2312000
TIMELINE 26 314 241754277300300 2312000
LATENCY 2177000
TIMELINE 26 330 241754312814300 2177000
LATENCY 2221900
TIMELINE 26 346 241754349183500 2221900
LATENCY 2368500
TIMELINE 26 362 241754385169100 2368500
LATENCY 2119400
TIMELINE 26 378 241754419700900 2119400
LATENCY 2142100
TIMELINE 26 394 241754472753200 2142100
LATENCY 2104600
TIMELINE 26 410 241754507631700 2104600
LATENCY 2388100
TIMELINE 26 426 241754541424000 2388100
LATENCY 2143000
TIMELINE 26 442 241754575960100 2143000
LATENCY 2135900
TIMELINE 26 458 241754610453600 2135900
LATENCY 2125700
TIMELINE 26 474 241754645827400 2125700
LATENCY 2130500
TIMELINE 26 490 241754680036800 2130500
LATENCY 2356100
TIMELINE 26 506 241754714543400 2356100
LATENCY 2249600
TIMELINE 26 522 241754750374600 2249600
LATENCY 2246300
TIMELINE 26 538 241754806602000 2246300
LATENCY 2127300
TIMELINE 26 554 241754841457400 2127300
LATENCY 2129300
TIMELINE 26 570 241754875717200 2129300
LATENCY 2121900
TIMELINE 26 586 241754911354300 2121900
LATENCY 2138200
TIMELINE 26 602 241754945518600 2138200
LATENCY 2089900
TIMELINE 26 618 241754979715600 2089900
LATENCY 2335400
TIMELINE 26 634 241755014757400 2335400
LATENCY 2219900
TIMELINE 26 650 241755050860200 2219900
LATENCY 2329400
TIMELINE 26 666 241755107543100 2329400
LATENCY 2411800
TIMELINE 26 682 241755144249700 2411800
LATENCY 2159100
TIMELINE 26 698 241755179967900 2159100
LATENCY 2096600
TIMELINE 26 714 241755214854800 2096600
LATENCY 2099000
TIMELINE 26 730 241755249553600 2099000
LATENCY 2235600
TIMELINE 26 746 241755284397500 2235600
LATENCY 2286400
TIMELINE 26 762 241755320076800 2286400
LATENCY 2105200
TIMELINE 26 778 241755355189900 2105200
LATENCY 2170900
TIMELINE 26 794 241755410573800 2170900
LATENCY 2109300
TIMELINE 26 810 241755444805400 2109300
LATENCY 2210400
TIMELINE 26 826 241755480173200 2210400
LATENCY 2203300
TIMELINE 26 842 241755515607200 2203300
LATENCY 2210500
TIMELINE 26 858 241755551046600 2210500
LATENCY 2187000
TIMELINE 26 874 241755586957100 2187000
LATENCY 2171200
TIMELINE 26 890 241755621627500 2171200
LATENCY 2247000
TIMELINE 26 906 241755657084300 2247000
LATENCY 22096900
TIMELINE 26 922 241755692611100 22096900
LATENCY 2151200
TIMELINE 26 938 241755749429800 2151200
LATENCY 2301300
TIMELINE 26 954 241755785314300 2301300
LATENCY 2187200
TIMELINE 26 970 241755821729700 2187200
LATENCY 2173400
TIMELINE 26 986 241755856643200 2173400
LATENCY 2136900
TIMELINE 26 1002 241755890910300 2136900
LATENCY 2234600
TIMELINE 26 1018 241755925971200 2234600
LATENCY 2211700
TIMELINE 26 1034 241755960975600 2211700
LATENCY 2228300
TIMELINE 26 1050 241755996079600 2228300
LATENCY 2189600
TIMELINE 26 1066 241756037061700 2189600
LATENCY 2400700
TIMELINE 26 1082 241756072726400 2400700
LATENCY 2212200
TIMELINE 26 1098 241756107640600 2212200
LATENCY 2343800
TIMELINE 26 1114 241756143367900 2343800
LATENCY 2187900
TIMELINE 26 1130 241756179234200 2187900
LATENCY 2178600
TIMELINE 26 1146 241756214480900 2178600
LATENCY 2143700
TIMELINE 26 1162 241756248667200 2143700
LATENCY 2131300
TIMELINE 26 1178 241756282692100 2131300
LATENCY 2195900
TIMELINE 26 1194 241756322159600 2195900
LATENCY 2277300
TIMELINE 26 1210 241756357199200 2277300
LATENCY 2118700
TIMELINE 26 1226 241756391922000 2118700
LATENCY 2645100
TIMELINE 26 1242 241756429591400 2645100
LATENCY 2910700
TIMELINE 26 1258 241756476383500 2910700
LATENCY 2652900
TIMELINE 26 1274 241756518675700 2652900
LATENCY 2722600
TIMELINE 26 1290 241756565221300 2722600
LATENCY 2974000
TIMELINE 26 1306 241756610026700 2974000
LATENCY 2711100
TIMELINE 26 1322 241756656572300 2711100
LATENCY 2720500
TIMELINE 26 1338 241756705880200 2720500
LATENCY 2700300
TIMELINE 26 1354 241756749185700 2700300
LATENCY 2756800
TIMELINE 26 1370 241756794429100 2756800
LATENCY 2719000
TIMELINE 26 1386 241756841512700 2719000
LATENCY 2714000
TIMELINE 26 1402 241756883776300 2714000
LATENCY 2607100
TIMELINE 26 1418 241756926281500 2607100
LATENCY 2644000
TIMELINE 26 1434 241756968516200 2644000
LATENCY 5474600
TIMELINE 26 1450 241757014745500 5474600
LATENCY 2623300
TIMELINE 26 1466 241757068668700 2623300
LATENCY 2616900
TIMELINE 26 1482 241757111262300 2616900
LATENCY 2652500
TIMELINE 26 1498 241757156392100 2652500
LATENCY 2702600
TIMELINE 26 1514 241757203243300 2702600
LATENCY 3052200
TIMELINE 26 1530 241757246200400 3052200
LATENCY 3152600
TIMELINE 26 1546 241757293749300 3152600
LATENCY 2921300
TIMELINE 26 1562 241757341037700 2921300
LATENCY 3041700
TIMELINE 26 1578 241757385872600 3041700
LATENCY 2943700
TIMELINE 26 1594 241757437669800 2943700
LATENCY 2731200
TIMELINE 26 1610 241757484118200 2731200
LATENCY 3158900
TIMELINE 26 1626 241757527080000 3158900
LATENCY 3136600
TIMELINE 26 1642 241757578699400 3136600
LATENCY 2971000
TIMELINE 26 1658 241757626354100 2971000
LATENCY 2599200
TIMELINE 26 1674 241757670480800 2599200
LATENCY 2785400
TIMELINE 26 1690 241757717604300 2785400
LATENCY 2867800
TIMELINE 26 1706 241757764513100 2867800
LATENCY 2973200
TIMELINE 26 1722 241757810048000 2973200
LATENCY 3114600
TIMELINE 26 1738 241757861495000 3114600
LATENCY 2948300
TIMELINE 26 1754 241757909190800 2948300
LATENCY 2954000
TIMELINE 26 1770 241757954165100 2954000
LATENCY 2698700
TIMELINE 26 1786 241758000311500 2698700
LATENCY 2845200
TIMELINE 26 1802 241758047036100 2845200
LATENCY 2868000
TIMELINE 26 1818 241758092853100 2868000
LATENCY 2963800
TIMELINE 26 1834 241758139436100 2963800
LATENCY 2757300
TIMELINE 26 1850 241758185734300 2757300
LATENCY 2639700
TIMELINE 26 1866 241758234710700 2639700
LATENCY 2689400
TIMELINE 26 1882 241758277475200 2689400
LATENCY 5469900
TIMELINE 26 1898 241758322086900 5469900
LATENCY 3155600
TIMELINE 26 1914 241758369942900 3155600
LATENCY 2633400
TIMELINE 26 1930 241758418860900 2633400
LATENCY 2593000
TIMELINE 26 1946 241758462981900 2593000
LATENCY 2732100
TIMELINE 26 1962 241758506593800 2732100
LATENCY 2828000
TIMELINE 26 1978 241758549851400 2828000
LATENCY 2927000
TIMELINE 26 1994 241758599743100 2927000
LATENCY 3075300
TIMELINE 26 2010 241758647210800 3075300
LATENCY 3041700
TIMELINE 26 2026 241758694356100 3041700
LATENCY 2574700
TIMELINE 26 2042 241758740025000 2574700
LATENCY 2216400
TIMELINE 27 11 241753570177000 2216400
LATENCY 2144400
TIMELINE 27 27 241753605338800 2144400
LATENCY 2113900
TIMELINE 27 43 241753641582700 2113900
LATENCY 2209900
TIMELINE 27 59 241753676879600 2209900
LATENCY 2249200
TIMELINE 27 75 241753712560000 2249200
LATENCY 2126500
TIMELINE 27 91 241753747976200 2126500
LATENCY 2189900
TIMELINE 27 107 241753783242700 2189900
LATENCY 2601400
TIMELINE 27 123 241753819476700 2601400
LATENCY 2112700
TIMELINE 27 139 241753874819300 2112700
LATENCY 2668300
TIMELINE 27 155 241753909985500 2668300
LATENCY 2255800
TIMELINE 27 171 241753947388500 2255800
LATENCY 2185200
TIMELINE 27 187 241753982774400 2185200
LATENCY 2202600
TIMELINE 27 203 241754017139200 2202600
LATENCY 2192400
TIMELINE 27 219 241754052719600 2192400
LATENCY 2121300
TIMELINE 27 235 241754088211500 2121300
LATENCY 2235600
TIMELINE 27 251 241754122944700 2235600
LATENCY 2218200
TIMELINE 27 267 241754176317500 2218200
LATENCY 2137800
TIMELINE 27 283 241754210906000 2137800
LATENCY 2123800
TIMELINE 27 299 241754244813500 2123800
LATENCY 2262200
TIMELINE 27 315 241754279582200 2262200
LATENCY 2147300
TIMELINE 27 331 241754314937600 2147300
LATENCY 2554700
TIMELINE 27 347 241754351335800 2554700
LATENCY 2267000
TIMELINE 27 363 241754387508800 2267000
LATENCY 2122100
TIMELINE 27 379 241754421783400 2122100
LATENCY 2162400
TIMELINE 27 395 241754474552000 2162400
LATENCY 2116400
TIMELINE 27 411 241754509334900 2116400
LATENCY 2267100
TIMELINE 27 427 241754543354400 2267100
LATENCY 2134600
TIMELINE 27 443 241754577602200 2134600
LATENCY 2103800
TIMELINE 27 459 241754612104600 2103800
LATENCY 2105200
TIMELINE 27 475 241754647526400 2105200
LATENCY 2198000
TIMELINE 27 491 241754681749600 2198000
LATENCY 2300600
TIMELINE 27 507 241754716380500 2300600
LATENCY 21358800
TIMELINE 27 523 241754752282600 21358800
LATENCY 2286000
TIMELINE 27 539 241754808517600 2286000
LATENCY 2112800
TIMELINE 27 555 241754843241200 2112800
LATENCY 2136800
TIMELINE 27 571 241754877547200 2136800
LATENCY 2065800
TIMELINE 27 587 241754913142200 2065800
LATENCY 2151900
TIMELINE 27 603 241754947323600 2151900
LATENCY 2146600
TIMELINE 27 619 241754981478800 2146600
LATENCY 2239300
TIMELINE 27 635 241755019013900 2239300
LATENCY 2634000
TIMELINE 27 651 241755054904300 2634000
LATENCY 2403300
TIMELINE 27 667 241755111850600 2403300
LATENCY 2292600
TIMELINE 27 683 241755148537800 2292600
LATENCY 2155900
TIMELINE 27 699 241755183912500 2155900
LATENCY 2291400
TIMELINE 27 715 241755218881100 2291400
LATENCY 2101300
TIMELINE 27 731 241755253451900 2101300
LATENCY 2181400
TIMELINE 27 747 241755288546900 2181400
LATENCY 2267900
TIMELINE 27 763 241755324296100 2267900
LATENCY 2112100
TIMELINE 27 779 241755359155800 2112100
LATENCY 2141100
TIMELINE 27 795 241755414344500 2141100
LATENCY 2118200
TIMELINE 27 811 241755448515200 2118200
LATENCY 2221200
TIMELINE 27 827 241755484073900 2221200
LATENCY 2155600
TIMELINE 27 843 241755519214900 2155600
LATENCY 2147100
TIMELINE 27 859 241755554858400 2147100
LATENCY 2162800
TIMELINE 27 875 241755590789000 2162800
LATENCY 2261800
TIMELINE 27 891 241755626365800 2261800
LATENCY 2178700
TIMELINE 27 907 241755662027300 2178700
LATENCY 2448300
TIMELINE 27 923 241755717863200 2448300
LATENCY 2311800
TIMELINE 27 939 241755754457400 2311800
LATENCY 2370600
TIMELINE 27 955 241755790684500 2370600
LATENCY 2171800
TIMELINE 27 971 241755826925400 2171800
LATENCY 2165600
TIMELINE 27 987 241755861817400 2165600
LATENCY 2141700
TIMELINE 27 1003 241755896247100 2141700
LATENCY 2218300
TIMELINE 27 1019 241755931549600 2218300
LATENCY 2144600
TIMELINE 27 1035 241755966379900 2144600
LATENCY 2123200
TIMELINE 27 1051 241756001467500 2123200
LATENCY 2123100
TIMELINE 27 1067 241756042408300 2123100
LATENCY 2277100
TIMELINE 27 1083 241756078376100 2277100
LATENCY 2154400
TIMELINE 27 1099 241756113106000 2154400
LATENCY 2176500
TIMELINE 27 1115 241756148982100 2176500
LATENCY 2218400
TIMELINE 27 1131 241756184582200 2218400
LATENCY 2165000
TIMELINE 27 1147 241756219784100 2165000
LATENCY 2167500
TIMELINE 27 1163 241756253821900 2167500
LATENCY 2105100
TIMELINE 27 1179 241756287807600 2105100
LATENCY 2160200
TIMELINE 27 1195 241756327565200 2160200
LATENCY 2189800
TIMELINE 27 1211 241756362681000 2189800
LATENCY 2126900
TIMELINE 27 1227 241756397115000 2126900
LATENCY 2689500
TIMELINE 27 1243 241756436193000 2689500
LATENCY 2580000
TIMELINE 27 1259 241756483051900 2580000
LATENCY 2756100
TIMELINE 27 1275 241756525411900 2756100
LATENCY 2702300
TIMELINE 27 1291 241756571966000 2702300
LATENCY 2915900
TIMELINE 27 1307 241756617303000 2915900
LATENCY 2711000
TIMELINE 27 1323 241756668857800 2711000
LATENCY 2688800
TIMELINE 27 1339 241756712654900 2688800
LATENCY 2764700
TIMELINE 27 1355 241756755873500 2764700
LATENCY 2733700
TIMELINE 27 1371 241756801201700 2733700
LATENCY 2668400
TIMELINE 27 1387 241756847979800 2668400
LATENCY 2648900
TIMELINE 27 1403 241756890365600 2648900
LATENCY 2573200
TIMELINE 27 1419 241756932644600 2573200
LATENCY 2596200
TIMELINE 27 1435 241756974988700 2596200
LATENCY 2826500
TIMELINE 27 1451 241757025716200 2826500
LATENCY 2620900
TIMELINE 27 1467 241757076458000 2620900
LATENCY 2618400
TIMELINE 27 1483 241757119023000 2618400
LATENCY 2607100
TIMELINE 27 1499 241757164122800 2607100
LATENCY 2619400
TIMELINE 27 1515 241757211036300 2619400
LATENCY 2947700
TIMELINE 27 1531 241757255042000 2947700
LATENCY 2979100
TIMELINE 27 1547 241757302661200 2979100
LATENCY 2862400
TIMELINE 27 1563 241757349549300 2862400
LATENCY 2797500
TIMELINE 27 1579 241757394499800 2797500
LATENCY 2939600
TIMELINE 27 1595 241757446098700 2939600
LATENCY 2712500
TIMELINE 27 1611 241757492118100 2712500
LATENCY 2974400
TIMELINE 27 1627 241757536163200 2974400
LATENCY 2890600
TIMELINE 27 1643 241757587142400 2890600
LATENCY 2929800
TIMELINE 27 1659 241757634539400 2929800
LATENCY 2871500
TIMELINE 27 1675 241757678410000 2871500
LATENCY 2908700
TIMELINE 27 1691 241757726001900 2908700
LATENCY 2714800
TIMELINE 27 1707 241757772422700 2714800
LATENCY 2604000
TIMELINE 27 1723 241757823900900 2604000
LATENCY 3064000
TIMELINE 27 1739 241757870199000 3064000
LATENCY 2783700
TIMELINE 27 1755 241757917390600 2783700
LATENCY 2957600
TIMELINE 27 1771 241757962596900 2957600
LATENCY 2813900
TIMELINE 27 1787 241758008392700 2813900
LATENCY 2721400
TIMELINE 27 1803 241758054711300 2721400
LATENCY 2937300
TIMELINE 27 1819 241758100750500 2937300
LATENCY 2925900
TIMELINE 27 1835 241758147194800 2925900
LATENCY 3088400
TIMELINE 27 1851 241758193219200 3088400
LATENCY 2604600
TIMELINE 27 1867 241758241993100 2604600
LATENCY 2786300
TIMELINE 27 1883 241758284897200 2786300
LATENCY 2871000
TIMELINE 27 1899 241758332361400 2871000
LATENCY 3089200
TIMELINE 27 1915 241758378307200 3089200
LATENCY 2584200
TIMELINE 27 1931 241758425798800 2584200
LATENCY 2595800
TIMELINE 27 1947 241758469878700 2595800
LATENCY 2742200
TIMELINE 27 1963 241758513970300 2742200
LATENCY 2835500
TIMELINE 27 1979 241758557063900 2835500
LATENCY 2768200
TIMELINE 27 1995 241758607360200 2768200
LATENCY 3042400
TIMELINE 27 2011 241758655393800 3042400
LATENCY 3091600
TIMELINE 27 2027 241758702287900 3091600
LATENCY 2585000
TIMELINE 27 2043 241758746958500 2585000
LATENCY 2249200
TIMELINE 28 12 241753572429500 2249200
LATENCY 2158000
TIMELINE 28 28 241753607519200 2158000
LATENCY 2133100
TIMELINE 28 44 241753643759700 2133100
LATENCY 2206000
TIMELINE 28 60 241753679182500 2206000
LATENCY 2220100
TIMELINE 28 76 241753714846000 2220100
LATENCY 2031300
TIMELINE 28 92 241753750138300 2031300
LATENCY 2139600
TIMELINE 28 108 241753785524100 2139600
LATENCY 2450400
TIMELINE 28 124 241753821719600 2450400
LATENCY 2159300
TIMELINE 28 140 241753876682900 2159300
LATENCY 2370900
TIMELINE 28 156 241753912946900 2370900
LATENCY 2242400
TIMELINE 28 172 241753950091800 2242400
LATENCY 2168300
TIMELINE 28 188 241753985311500 2168300
LATENCY 2224300
TIMELINE 28 204 241754019737700 2224300
LATENCY 2217700
TIMELINE 28 220 241754055290300 2217700
LATENCY 2092800
TIMELINE 28 236 241754090791800 2092800
LATENCY 2288200
TIMELINE 28 252 241754125641800 2288200
LATENCY 2153000
TIMELINE 28 268 241754179030500 2153000
LATENCY 2134000
TIMELINE 28 284 241754213505900 2134000
LATENCY 2127600
TIMELINE 28 300 241754247399600 2127600
LATENCY 2220100
TIMELINE 28 316 241754282266700 2220100
LATENCY 2301800
TIMELINE 28 332 241754317519500 2301800
LATENCY 2510700
TIMELINE 28 348 241754354226800 2510700
LATENCY 2136900
TIMELINE 28 364 241754390143300 2136900
LATENCY 2126700
TIMELINE 28 380 241754424264500 2126700
LATENCY 2352800
TIMELINE 28 396 241754477201600 2352800
LATENCY 2110400
TIMELINE 28 412 241754511990300 2110400
LATENCY 2190500
TIMELINE 28 428 241754546190800 2190500
LATENCY 2093700
TIMELINE 28 444 241754580305400 2093700
LATENCY 2118900
TIMELINE 28 460 241754614772400 2118900
LATENCY 2254900
TIMELINE 28 476 241754650270100 2254900
LATENCY 2188800
TIMELINE 28 492 241754684568000 2188800
LATENCY 2145100
TIMELINE 28 508 241754719336300 2145100
LATENCY 2306300
TIMELINE 28 524 241754774304300 2306300
LATENCY 2199000
TIMELINE 28 540 241754811302600 2199000
LATENCY 2112100
TIMELINE 28 556 241754845842500 2112100
LATENCY 2109900
TIMELINE 28 572 241754880197200 2109900
LATENCY 2155300
TIMELINE 28 588 241754915724600 2155300
LATENCY 2256200
TIMELINE 28 604 241754950010600 2256200
LATENCY 2112200
TIMELINE 28 620 241754984180400 2112200
LATENCY 2235900
TIMELINE 28 636 241755021850300 2235900
LATENCY 2204400
TIMELINE 28 652 241755058131100 2204400
LATENCY 2243200
TIMELINE 28 668 241755114763400 2243200
LATENCY 2238300
TIMELINE 28 684 241755151256100 2238300
LATENCY 2157000
TIMELINE 28 700 241755186543500 2157000
LATENCY 2069800
TIMELINE 28 716 241755221391500 2069800
LATENCY 2104600
TIMELINE 28 732 241755256220900 2104600
LATENCY 2139100
TIMELINE 28 748 241755291419200 2139100
LATENCY 2143600
TIMELINE 28 764 241755327412700 2143600
LATENCY 2206200
TIMELINE 28 780 241755362083200 2206200
LATENCY 2103900
TIMELINE 28 796 241755417416700 2103900
LATENCY 2157400
TIMELINE 28 812 241755451636800 2157400
LATENCY 2181900
TIMELINE 28 828 241755487416400 2181900
LATENCY 2123900
TIMELINE 28 844 241755522426500 2123900
LATENCY 2163700
TIMELINE 28 860 241755557975500 2163700
LATENCY 2163400
TIMELINE 28 876 241755593840200 2163400
LATENCY 2499500
TIMELINE 28 892 241755629380700 2499500
LATENCY 2117700
TIMELINE 28 908 241755664814300 2117700
LATENCY 2442000
TIMELINE 28 924 241755721153800 2442000
LATENCY 2303700
TIMELINE 28 940 241755757553500 2303700
LATENCY 2265100
TIMELINE 28 956 241755793859100 2265100
LATENCY 2205900
TIMELINE 28 972 241755829989300 2205900
LATENCY 2131200
TIMELINE 28 988 241755864830600 2131200
LATENCY 2102800
TIMELINE 28 1004 241755899123100 2102800
LATENCY 2201100
TIMELINE 28 1020 241755934593000 2201100
LATENCY 2165300
TIMELINE 28 1036 241755969316200 2165300
LATENCY 2295900
TIMELINE 28 1052 241756004505400 2295900
LATENCY 2137200
TIMELINE 28 1068 241756045261100 2137200
LATENCY 2124500
TIMELINE 28 1084 241756081537300 2124500
LATENCY 2327100
TIMELINE 28 1100 241756116168300 2327100
LATENCY 2179400
TIMELINE 28 1116 241756152010400 2179400
LATENCY 2169000
TIMELINE 28 1132 241756187626500 2169000
LATENCY 2143900
TIMELINE 28 1148 241756222692100 2143900
LATENCY 2092800
TIMELINE 28 1164 241756256761100 2092800
LATENCY 2126800
TIMELINE 28 1180 241756290658500 2126800
LATENCY 2229300
TIMELINE 28 1196 241756330549200 2229300
LATENCY 2290000
TIMELINE 28 1212 241756365622400 2290000
LATENCY 2125600
TIMELINE 28 1228 241756400004900 2125600
LATENCY 2750700
TIMELINE 28 1244 241756439877600 2750700
LATENCY 2569900
TIMELINE 28 1260 241756486875200 2569900
LATENCY 2773000
TIMELINE 28 1276 241756529456300 2773000
LATENCY 2730900
TIMELINE 28 1292 241756575993100 2730900
LATENCY 2936400
TIMELINE 28 1308 241756621666000 2936400
LATENCY 2761000
TIMELINE 28 1324 241756672776700 2761000
LATENCY 2696200
TIMELINE 28 1340 241756716561100 2696200
LATENCY 2897100
TIMELINE 28 1356 241756760014000 2897100
LATENCY 2713800
TIMELINE 28 1372 241756805165600 2713800
LATENCY 2597600
TIMELINE 28 1388 241756851824600 2597600
LATENCY 2611900
TIMELINE 28 1404 241756894215500 2611900
LATENCY 2743500
TIMELINE 28 1420 241756936415900 2743500
LATENCY 2779000
TIMELINE 28 1436 241756978786100 2779000
LATENCY 2880800
TIMELINE 28 1452 241757026772200 2880800
LATENCY 2658000
TIMELINE 28 1468 241757077594600 2658000
LATENCY 2654600
TIMELINE 28 1484 241757120193400 2654600
LATENCY 2627700
TIMELINE 28 1500 241757165226400 2627700
LATENCY 2628100
TIMELINE 28 1516 241757212154600 2628100
LATENCY 2964500
TIMELINE 28 1532 241757256292000 2964500
LATENCY 2964400
TIMELINE 28 1548 241757303928000 2964400
LATENCY 2931600
TIMELINE 28 1564 241757350857300 2931600
LATENCY 2790400
TIMELINE 28 1580 241757395775400 2790400
LATENCY 3024600
TIMELINE 28 1596 241757447378100 3024600
LATENCY 2731400
TIMELINE 28 1612 241757493414500 2731400
LATENCY 2950900
TIMELINE 28 1628 241757537651000 2950900
LATENCY 2925600
TIMELINE 28 1644 241757588579600 2925600
LATENCY 2960700
TIMELINE 28 1660 241757635996800 2960700
LATENCY 2921700
TIMELINE 28 1676 241757679805800 2921700
LATENCY 2933800
TIMELINE 28 1692 241757727423900 2933800
LATENCY 2715700
TIMELINE 28 1708 241757773695600 2715700
LATENCY 2607000
TIMELINE 28 1724 241757825122700 2607000
LATENCY 3035100
TIMELINE 28 1740 241757871578100 3035100
LATENCY 2736300
TIMELINE 28 1756 241757918763300 2736300
LATENCY 2934000
TIMELINE 28 1772 241757964033200 2934000
LATENCY 2677000
TIMELINE 28 1788 241758009832500 2677000
LATENCY 2685900
TIMELINE 28 1804 241758056052400 2685900
LATENCY 2912500
TIMELINE 28 1820 241758102160300 2912500
LATENCY 2896100
TIMELINE 28 1836 241758148586900 2896100
LATENCY 3009700
TIMELINE 28 1852 241758194754400 3009700
LATENCY 2590700
TIMELINE 28 1868 241758243325800 2590700
LATENCY 2752200
TIMELINE 28 1884 241758286308600 2752200
LATENCY 2867000
TIMELINE 28 1900 241758333900800 2867000
LATENCY 3071100
TIMELINE 28 1916 241758379964400 3071100
LATENCY 2578800
TIMELINE 28 1932 241758427276800 2578800
LATENCY 2573900
TIMELINE 28 1948 241758471366400 2573900
LATENCY 2782800
TIMELINE 28 1964 241758515536000 2782800
LATENCY 2720500
TIMELINE 28 1980 241758558728800 2720500
LATENCY 2899300
TIMELINE 28 1996 241758608812500 2899300
LATENCY 2715800
TIMELINE 28 2012 241758657139700 2715800
LATENCY 3082100
TIMELINE 28 2028 241758703956500 3082100
LATENCY 2589300
TIMELINE 28 2044 241758748385200 2589300
LATENCY 2203300
TIMELINE 29 13 241753574621700 2203300
LATENCY 3076200
TIMELINE 29 29 241753609623300 3076200
LATENCY 2183200
TIMELINE 29 45 241753645772100 2183200
LATENCY 2217800
TIMELINE 29 61 241753681267500 2217800
LATENCY 2284000
TIMELINE 29 77 241753716921800 2284000
LATENCY 2130800
TIMELINE 29 93 241753752025900 2130800
LATENCY 2134700
TIMELINE 29 109 241753787504900 2134700
LATENCY 21811300
TIMELINE 29 125 241753824054000 21811300
LATENCY 2096000
TIMELINE 29 141 241753878730400 2096000
LATENCY 2476400
TIMELINE 29 157 241753914884200 2476400
LATENCY 2251000
TIMELINE 29 173 241753951631700 2251000
LATENCY 2230800
TIMELINE 29 189 241753986801600 2230800
LATENCY 2216600
TIMELINE 29 205 241754021220400 2216600
LATENCY 2230200
TIMELINE 29 221 241754056796100 2230200
LATENCY 2089000
TIMELINE 29 237 241754092112900 2089000
LATENCY 2334900
TIMELINE 29 253 241754127051900 2334900
LATENCY 2166100
TIMELINE 29 269 241754180386800 2166100
LATENCY 2127100
TIMELINE 29 285 241754214866100 2127100
LATENCY 2142800
TIMELINE 29 301 241754248793900 2142800
LATENCY 2200000
TIMELINE 29 317 241754283811300 2200000
LATENCY 2414300
TIMELINE 29 333 241754319186700 2414300
LATENCY 2257200
TIMELINE 29 349 241754355834400 2257200
LATENCY 2135300
TIMELINE 29 365 241754391491100 2135300
LATENCY 2122200
TIMELINE 29 381 241754425609700 2122200
LATENCY 2288400
TIMELINE 29 397 241754478840500 2288400
LATENCY 2131400
TIMELINE 29 413 241754513612000 2131400
LATENCY 2168000
TIMELINE 29 429 241754547855300 2168000
LATENCY 2223800
TIMELINE 29 445 241754581864200 2223800
LATENCY 2140100
TIMELINE 29 461 241754616347200 2140100
LATENCY 2136900
TIMELINE 29 477 241754651928700 2136900
LATENCY 2165300
TIMELINE 29 493 241754686254000 2165300
LATENCY 2178900
TIMELINE 29 509 241754720992000 2178900
LATENCY 2240100
TIMELINE 29 525 241754776086700 2240100
LATENCY 2159500
TIMELINE 29 541 241754812980200 2159500
LATENCY 2101200
TIMELINE 29 557 241754847447900 2101200
LATENCY 2116500
TIMELINE 29 573 241754881695800 2116500
LATENCY 2160100
TIMELINE 29 589 241754917392100 2160100
LATENCY 2132300
TIMELINE 29 605 241754951745100 2132300
LATENCY 2077700
TIMELINE 29 621 241754985772300 2077700
LATENCY 2199400
TIMELINE 29 637 241755023553000 2199400
LATENCY 2197200
TIMELINE 29 653 241755059798200 2197200
LATENCY 2273500
TIMELINE 29 669 241755116478500 2273500
LATENCY 2278800
TIMELINE 29 685 241755153038400 2278800
LATENCY 2090300
TIMELINE 29 701 241755188145200 2090300
LATENCY 2365800
TIMELINE 29 717 241755223088900 2365800
LATENCY 2097000
TIMELINE 29 733 241755257792600 2097000
LATENCY 2164400
TIMELINE 29 749 241755292908800 2164400
LATENCY 2187100
TIMELINE 29 765 241755328882600 2187100
LATENCY 2224700
TIMELINE 29 781 241755363654900 2224700
LATENCY 2127300
TIMELINE 29 797 241755418689300 2127300
LATENCY 2310400
TIMELINE 29 813 241755452849400 2310400
LATENCY 2150900
TIMELINE 29 829 241755488722000 2150900
LATENCY 2104800
TIMELINE 29 845 241755523590900 2104800
LATENCY 2132500
TIMELINE 29 861 241755559095200 2132500
LATENCY 2168500
TIMELINE 29 877 241755594909500 2168500
LATENCY 2366100
TIMELINE 29 893 241755631566000 2366100
LATENCY 2112000
TIMELINE 29 909 241755666682700 2112000
LATENCY 2621700
TIMELINE 29 925 241755723369700 2621700
LATENCY 2226700
TIMELINE 29 941 241755759561800 2226700
LATENCY 2246500
TIMELINE 29 957 241755795628800 2246500
LATENCY 2215900
TIMELINE 29 973 241755831481500 2215900
LATENCY 2110300
TIMELINE 29 989 241755866272100 2110300
LATENCY 2136500
TIMELINE 29 1005 241755900657200 2136500
LATENCY 2224000
TIMELINE 29 1021 241755935855900 2224000
LATENCY 2257900
TIMELINE 29 1037 241755970564400 2257900
LATENCY 2285700
TIMELINE 29 1053 241756005775800 2285700
LATENCY 2155800
TIMELINE 29 1069 241756046696300 2155800
LATENCY 2094200
TIMELINE 29 1085 241756083310600 2094200
LATENCY 2374500
TIMELINE 29 1101 241756117810900 2374500
LATENCY 2200300
TIMELINE 29 1117 241756153528400 2200300
LATENCY 2174500
TIMELINE 29 1133 241756189194700 2174500
LATENCY 2072500
TIMELINE 29 1149 241756224326800 2072500
LATENCY 2141100
TIMELINE 29 1165 241756258330300 2141100
LATENCY 2119700
TIMELINE 29 1181 241756292244800 2119700
LATENCY 2343800
TIMELINE 29 1197 241756332279500 2343800
LATENCY 2160600
TIMELINE 29 1213 241756367460100 2160600
LATENCY 2114800
TIMELINE 29 1229 241756401765400 2114800
LATENCY 2779800
TIMELINE 29 1245 241756442131700 2779800
LATENCY 2666600
TIMELINE 29 1261 241756488727400 2666600
LATENCY 2739900
TIMELINE 29 1277 241756531469000 2739900
LATENCY 2759300
TIMELINE 29 1293 241756577964800 2759300
LATENCY 2977000
TIMELINE 29 1309 241756623828700 2977000
LATENCY 2821300
TIMELINE 29 1325 241756674857300 2821300
LATENCY 2734800
TIMELINE 29 1341 241756718599400 2734800
LATENCY 2653600
TIMELINE 29 1357 241756762221800 2653600
LATENCY 2645400
TIMELINE 29 1373 241756807226600 2645400
LATENCY 2666400
TIMELINE 29 1389 241756853752800 2666400
LATENCY 2639400
TIMELINE 29 1405 241756896141700 2639400
LATENCY 2743500
TIMELINE 29 1421 241756938391600 2743500
LATENCY 2747700
TIMELINE 29 1437 241756980713500 2747700
LATENCY 2612600
TIMELINE 29 1453 241757029099200 2612600
LATENCY 2656100
TIMELINE 29 1469 241757079653800 2656100
LATENCY 3088800
TIMELINE 29 1485 241757122236300 3088800
LATENCY 2633700
TIMELINE 29 1501 241757167315200 2633700
LATENCY 2640900
TIMELINE 29 1517 241757214196800 2640900
LATENCY 2925800
TIMELINE 29 1533 241757258620400 2925800
LATENCY 2923700
TIMELINE 29 1549 241757306258400 2923700
LATENCY 2886300
TIMELINE 29 1565 241757353064000 2886300
LATENCY 3015400
TIMELINE 29 1581 241757397867900 3015400
LATENCY 3794600
TIMELINE 29 1597 241757449678100 3794600
LATENCY 2771100
TIMELINE 29 1613 241757495475300 2771100
LATENCY 2912200
TIMELINE 29 1629 241757539877100 2912200
LATENCY 3063300
TIMELINE 29 1645 241757590707600 3063300
LATENCY 2936200
TIMELINE 29 1661 241757638170600 2936200
LATENCY 2863900
TIMELINE 29 1677 241757681989200 2863900
LATENCY 2957400
TIMELINE 29 1693 241757729660500 2957400
LATENCY 2712800
TIMELINE 29 1709 241757775817900 2712800
LATENCY 2581800
TIMELINE 29 1725 241757827186000 2581800
LATENCY 2929300
TIMELINE 29 1741 241757874032100 2929300
LATENCY 2744700
TIMELINE 29 1757 241757920836000 2744700
LATENCY 2942900
TIMELINE 29 1773 241757966332400 2942900
LATENCY 2889400
TIMELINE 29 1789 241758011913500 2889400
LATENCY 2738300
TIMELINE 29 1805 241758058140800 2738300
LATENCY 2850700
TIMELINE 29 1821 241758104186100 2850700
LATENCY 2927900
TIMELINE 29 1837 241758150558200 2927900
LATENCY 2856700
TIMELINE 29 1853 241758196755800 2856700
LATENCY 2648000
TIMELINE 29 1869 241758245000700 2648000
LATENCY 2800600
TIMELINE 29 1885 241758288090800 2800600
LATENCY 2818200
TIMELINE 29 1901 241758335809400 2818200
LATENCY 3047200
TIMELINE 29 1917 241758381998700 3047200
LATENCY 2679300
TIMELINE 29 1933 241758428870900 2679300
LATENCY 2905400
TIMELINE 29 1949 241758472962200 2905400
LATENCY 2713200
TIMELINE 29 1965 241758517279500 2713200
LATENCY 2668100
TIMELINE 29 1981 241758560432300 2668100
LATENCY 3090700
TIMELINE 29 1997 241758610700700 3090700
LATENCY 2711400
TIMELINE 29 2013 241758658968800 2711400
LATENCY 2927500
TIMELINE 29 2029 241758706032700 2927500
LATENCY 2602800
TIMELINE 29 2045 241758750107600 2602800
LATENCY 2194600
TIMELINE 30 14 241753576919900 2194600
LATENCY 2173100
TIMELINE 30 30 241753612848800 2173100
LATENCY 2145000
TIMELINE 30 46 241753648104100 2145000
LATENCY 2222100
TIMELINE 30 62 241753683550200 2222100
LATENCY 2267600
TIMELINE 30 78 241753719428600 2267600
LATENCY 2144600
TIMELINE 30 94 241753754355700 2144600
LATENCY 2182600
TIMELINE 30 110 241753790205900 2182600
LATENCY 2482800
TIMELINE 30 126 241753846868600 2482800
LATENCY 2104500
TIMELINE 30 142 241753881520600 2104500
LATENCY 2498400
TIMELINE 30 158 241753918126300 2498400
LATENCY 2332300
TIMELINE 30 174 241753954766700 2332300
LATENCY 2195400
TIMELINE 30 190 241753989908400 2195400
LATENCY 2247600
TIMELINE 30 206 241754024508500 2247600
LATENCY 2217200
TIMELINE 30 222 241754060011400 2217200
LATENCY 2134700
TIMELINE 30 238 241754095235800 2134700
LATENCY 2361800
TIMELINE 30 254 241754130559600 2361800
LATENCY 2237100
TIMELINE 30 270 241754183752800 2237100
LATENCY 2139200
TIMELINE 30 286 241754218056000 2139200
LATENCY 2091700
TIMELINE 30 302 241754251986200 2091700
LATENCY 2253500
TIMELINE 30 318 241754287048800 2253500
LATENCY 2349500
TIMELINE 30 334 241754323241200 2349500
LATENCY 2233900
TIMELINE 30 350 241754360145800 2233900
LATENCY 2091600
TIMELINE 30 366 241754395385200 2091600
LATENCY 2393300
TIMELINE 30 382 241754429543200 2393300
LATENCY 2131800
TIMELINE 30 398 241754483003900 2131800
LATENCY 2092700
TIMELINE 30 414 241754517401900 2092700
LATENCY 2263900
TIMELINE 30 430 241754551999000 2263900
LATENCY 2170700
TIMELINE 30 446 241754586212200 2170700
LATENCY 2428600
TIMELINE 30 462 241754620590700 2428600
LATENCY 2168800
TIMELINE 30 478 241754656039100 2168800
LATENCY 2157700
TIMELINE 30 494 241754690312300 2157700
LATENCY 2199400
TIMELINE 30 510 241754725118800 2199400
LATENCY 2348100
TIMELINE 30 526 241754779852800 2348100
LATENCY 2186900
TIMELINE 30 542 241754816605900 2186900
LATENCY 2121300
TIMELINE 30 558 241754850973600 2121300
LATENCY 2097000
TIMELINE 30 574 241754885348500 2097000
LATENCY 2155200
TIMELINE 30 590 241754920872700 2155200
LATENCY 2150600
TIMELINE 30 606 241754955194800 2150600
LATENCY 2131800
TIMELINE 30 622 241754989154700 2131800
LATENCY 2343100
TIMELINE 30 638 241755027204700 2343100
LATENCY 21196700
TIMELINE 30 654 241755063540200 21196700
LATENCY 2335700
TIMELINE 30 670 241755120364900 2335700
LATENCY 2256100
TIMELINE 30 686 241755156936600 2256100
LATENCY 2369700
TIMELINE 30 702 241755192404000 2369700
LATENCY 2208800
TIMELINE 30 718 241755227502200 2208800
LATENCY 2145700
TIMELINE 30 734 241755261897000 2145700
LATENCY 2160300
TIMELINE 30 750 241755297148300 2160300
LATENCY 2162200
TIMELINE 30 766 241755333094300 2162200
LATENCY 2168100
TIMELINE 30 782 241755367762200 2168100
LATENCY 2074300
TIMELINE 30 798 241755423102000 2074300
LATENCY 2195600
TIMELINE 30 814 241755457448200 2195600
LATENCY 2101600
TIMELINE 30 830 241755492960900 2101600
LATENCY 2132100
TIMELINE 30 846 241755527874800 2132100
LATENCY 2244500
TIMELINE 30 862 241755563609200 2244500
LATENCY 2120800
TIMELINE 30 878 241755599359500 2120800
LATENCY 2229300
TIMELINE 30 894 241755635863800 2229300
LATENCY 2148500
TIMELINE 30 910 241755670634100 2148500
LATENCY 2136200
TIMELINE 30 926 241755727558900 2136200
LATENCY 2180300
TIMELINE 30 942 241755763341000 2180300
LATENCY 2145900
TIMELINE 30 958 241755799445900 2145900
LATENCY 2191400
TIMELINE 30 974 241755835350900 2191400
LATENCY 2140800
TIMELINE 30 990 241755870065400 2140800
LATENCY 2125900
TIMELINE 30 1006 241755904406200 2125900
LATENCY 2174700
TIMELINE 30 1022 241755940030300 2174700
LATENCY 2153000
TIMELINE 30 1038 241755974859700 2153000
LATENCY 8041000
TIMELINE 30 1054 241756009967300 8041000
LATENCY 2751400
TIMELINE 30 1070 241756050535500 2751400
LATENCY 2149900
TIMELINE 30 1086 241756086752500 2149900
LATENCY 2185200
TIMELINE 30 1102 241756121756900 2185200
LATENCY 2190300
TIMELINE 30 1118 241756157336900 2190300
LATENCY 2155700
TIMELINE 30 1134 241756192950400 2155700
LATENCY 2127700
TIMELINE 30 1150 241756227963900 2127700
LATENCY 2151800
TIMELINE 30 1166 241756262036100 2151800
LATENCY 2090200
TIMELINE 30 1182 241756295876800 2090200
LATENCY 2142100
TIMELINE 30 1198 241756336118900 2142100
LATENCY 2205400
TIMELINE 30 1214 241756371066700 2205400
LATENCY 2106300
TIMELINE 30 1230 241756405231500 2106300
LATENCY 3057100
TIMELINE 30 1246 241756446729500 3057100
LATENCY 2577200
TIMELINE 30 1262 241756493116500 2577200
LATENCY 2771500
TIMELINE 30 1278 241756535886400 2771500
LATENCY 2773200
TIMELINE 30 1294 241756582378000 2773200
LATENCY 2947000
TIMELINE 30 1310 241756628602100 2947000
LATENCY 2766100
TIMELINE 30 1326 241756679376900 2766100
LATENCY 2737100
TIMELINE 30 1342 241756723078900 2737100
LATENCY 2738200
TIMELINE 30 1358 241756766628100 2738200
LATENCY 2656600
TIMELINE 30 1374 241756811555500 2656600
LATENCY 2674700
TIMELINE 30 1390 241756858118100 2674700
LATENCY 2703300
TIMELINE 30 1406 241756900472000 2703300
LATENCY 2602900
TIMELINE 30 1422 241756942822800 2602900
LATENCY 2593900
TIMELINE 30 1438 241756985172100 2593900
LATENCY 8343000
TIMELINE 30 1454 241757033634700 8343000
LATENCY 2654500
TIMELINE 30 1470 241757084265000 2654500
LATENCY 2993200
TIMELINE 30 1486 241757127556700 2993200
LATENCY 2755400
TIMELINE 30 1502 241757175863900 2755400
LATENCY 2511900
TIMELINE 30 1518 241757218646000 2511900
LATENCY 2989700
TIMELINE 30 1534 241757263767600 2989700
LATENCY 3022200
TIMELINE 30 1550 241757311421100 3022200
LATENCY 2787300
TIMELINE 30 1566 241757358074100 2787300
LATENCY 2798700
TIMELINE 30 1582 241757403049600 2798700
LATENCY 2845800
TIMELINE 30 1598 241757456449300 2845800
LATENCY 2730900
TIMELINE 30 1614 241757500282900 2730900
LATENCY 2915800
TIMELINE 30 1630 241757545109700 2915800
LATENCY 2863500
TIMELINE 30 1646 241757596194500 2863500
LATENCY 2743500
TIMELINE 30 1662 241757643376700 2743500
LATENCY 3119000
TIMELINE 30 1678 241757687313800 3119000
LATENCY 2993900
TIMELINE 30 1694 241757734916000 2993900
LATENCY 2943900
TIMELINE 30 1710 241757780806900 2943900
LATENCY 3375800
TIMELINE 30 1726 241757831870800 3375800
LATENCY 2957900
TIMELINE 30 1742 241757879082500 2957900
LATENCY 2795400
TIMELINE 30 1758 241757925564900 2795400
LATENCY 2894400
TIMELINE 30 1774 241757971463000 2894400
LATENCY 3016900
TIMELINE 30 1790 241758017029400 3016900
LATENCY 2729900
TIMELINE 30 1806 241758062803700 2729900
LATENCY 2858900
TIMELINE 30 1822 241758109375200 2858900
LATENCY 2669300
TIMELINE 30 1838 241758155766000 2669300
LATENCY 8231600
TIMELINE 30 1854 241758201998500 8231600
LATENCY 2602700
TIMELINE 30 1870 241758249965900 2602700
LATENCY 2741600
TIMELINE 30 1886 241758293357100 2741600
LATENCY 2865100
TIMELINE 30 1902 241758341159400 2865100
LATENCY 3069300
TIMELINE 30 1918 241758387830300 3069300
LATENCY 3033500
TIMELINE 30 1934 241758434262400 3033500
LATENCY 2823500
TIMELINE 30 1950 241758478565400 2823500
LATENCY 2710100
TIMELINE 30 1966 241758522370400 2710100
LATENCY 2735000
TIMELINE 30 1982 241758565536400 2735000
LATENCY 2942500
TIMELINE 30 1998 241758616263200 2942500
LATENCY 2701400
TIMELINE 30 2014 241758663903200 2701400
LATENCY 2984200
TIMELINE 30 2030 241758711443000 2984200
LATENCY 4563500
TIMELINE 30 2046 241758754863500 4563500
LATENCY 2205900
TIMELINE 31 15 241753579241300 2205900
LATENCY 2171700
TIMELINE 31 31 241753615086900 2171700
LATENCY 2321600
TIMELINE 31 47 241753650313400 2321600
LATENCY 2242100
TIMELINE 31 63 241753686025000 2242100
LATENCY 2271500
TIMELINE 31 79 241753721875600 2271500
LATENCY 2105600
TIMELINE 31 95 241753756680600 2105600
LATENCY 2146200
TIMELINE 31 111 241753792209200 2146200
LATENCY 2146300
TIMELINE 31 127 241753848853400 2146300
LATENCY 2099800
TIMELINE 31 143 241753883132400 2099800
LATENCY 2254700
TIMELINE 31 159 241753920161500 2254700
LATENCY 2196200
TIMELINE 31 175 241753956618900 2196200
LATENCY 2130500
TIMELINE 31 191 241753991693100 2130500
LATENCY 2176400
TIMELINE 31 207 241754026275200 2176400
LATENCY 2221100
TIMELINE 31 223 241754061733800 2221100
LATENCY 2160100
TIMELINE 31 239 241754096850700 2160100
LATENCY 2273700
TIMELINE 31 255 241754132268600 2273700
LATENCY 2158200
TIMELINE 31 271 241754185102800 2158200
LATENCY 2122000
TIMELINE 31 287 241754219307000 2122000
LATENCY 2097200
TIMELINE 31 303 241754253223100 2097200
LATENCY 2280500
TIMELINE 31 319 241754288456000 2280500
LATENCY 2290800
TIMELINE 31 335 241754323875200 2290800
LATENCY 2240200
TIMELINE 31 351 241754360360900 2240200
LATENCY 2105400
TIMELINE 31 367 241754395666400 2105400
LATENCY 2508200
TIMELINE 31 383 241754429831700 2508200
LATENCY 2126800
TIMELINE 31 399 241754483124500 2126800
LATENCY 2091400
TIMELINE 31 415 241754517491800 2091400
LATENCY 2255200
TIMELINE 31 431 241754551915700 2255200
LATENCY 2182900
TIMELINE 31 447 241754586134600 2182900
LATENCY 2458700
TIMELINE 31 463 241754620520300 2458700
LATENCY 2165900
TIMELINE 31 479 241754656008100 2165900
LATENCY 2155800
TIMELINE 31 495 241754690250900 2155800
LATENCY 2200700
TIMELINE 31 511 241754725057200 2200700
LATENCY 2332200
TIMELINE 31 527 241754779994300 2332200
LATENCY 2227000
TIMELINE 31 543 241754816771400 2227000
LATENCY 2131700
TIMELINE 31 559 241754851199500 2131700
LATENCY 2113000
TIMELINE 31 575 241754885571000 2113000
LATENCY 2166600
TIMELINE 31 591 241754921212700 2166600
LATENCY 2155300
TIMELINE 31 607 241754955542600 2155300
LATENCY 2127800
TIMELINE 31 623 241754989501400 2127800
LATENCY 2326400
TIMELINE 31 639 241755027860000 2326400
LATENCY 21314300
TIMELINE 31 655 241755064264900 21314300
LATENCY 2310700
TIMELINE 31 671 241755121082200 2310700
LATENCY 2258900
TIMELINE 31 687 241755157494900 2258900
LATENCY 2364800
TIMELINE 31 703 241755192188900 2364800
LATENCY 2408400
TIMELINE 31 719 241755227337900 2408400
LATENCY 2149800
TIMELINE 31 735 241755261926100 2149800
LATENCY 2156300
TIMELINE 31 751 241755297120100 2156300
LATENCY 2165800
TIMELINE 31 767 241755333177900 2165800
LATENCY 2182000
TIMELINE 31 783 241755367883200 2182000
LATENCY 2080000
TIMELINE 31 799 241755423129200 2080000
LATENCY 2198900
TIMELINE 31 815 241755457478000 2198900
LATENCY 2098800
TIMELINE 31 831 241755492931200 2098800
LATENCY 2136300
TIMELINE 31 847 241755528131100 2136300
LATENCY 2273200
TIMELINE 31 863 241755563884900 2273200
LATENCY 2100300
TIMELINE 31 879 241755599649300 2100300
LATENCY 2237700
TIMELINE 31 895 241755636041900 2237700
LATENCY 2142100
TIMELINE 31 911 241755670811900 2142100
LATENCY 2146700
TIMELINE 31 927 241755727645800 2146700
LATENCY 2175800
TIMELINE 31 943 241755763312300 2175800
LATENCY 2171600
TIMELINE 31 959 241755799554100 2171600
LATENCY 2196900
TIMELINE 31 975 241755835492700 2196900
LATENCY 2125500
TIMELINE 31 991 241755870282600 2125500
LATENCY 2141200
TIMELINE 31 1007 241755904604100 2141200
LATENCY 2178700
TIMELINE 31 1023 241755940146100 2178700
LATENCY 2135100
TIMELINE 31 1039 241755974986300 2135100
LATENCY 2250600
TIMELINE 31 1055 241756015874200 2250600
LATENCY 2789100
TIMELINE 31 1071 241756050737200 2789100
LATENCY 2135000
TIMELINE 31 1087 241756087018300 2135000
LATENCY 2182200
TIMELINE 31 1103 241756122007400 2182200
LATENCY 2226900
TIMELINE 31 1119 241756157573500 2226900
LATENCY 2152700
TIMELINE 31 1135 241756193127900 2152700
LATENCY 2115500
TIMELINE 31 1151 241756228288200 2115500
LATENCY 2145600
TIMELINE 31 1167 241756262363300 2145600
LATENCY 2099800
TIMELINE 31 1183 241756296206100 2099800
LATENCY 2136000
TIMELINE 31 1199 241756336472400 2136000
LATENCY 2196400
TIMELINE 31 1215 241756371424200 2196400
LATENCY 2112200
TIMELINE 31 1231 241756405530600 2112200
LATENCY 3050800
TIMELINE 31 1247 241756447196600 3050800
LATENCY 2587700
TIMELINE 31 1263 241756493491800 2587700
LATENCY 2806900
TIMELINE 31 1279 241756536302000 2806900
LATENCY 2765800
TIMELINE 31 1295 241756582821200 2765800
LATENCY 2949800
TIMELINE 31 1311 241756629084500 2949800
LATENCY 2765200
TIMELINE 31 1327 241756679747300 2765200
LATENCY 2736400
TIMELINE 31 1343 241756723455400 2736400
LATENCY 2776900
TIMELINE 31 1359 241756767006600 2776900
LATENCY 2657800
TIMELINE 31 1375 241756811915700 2657800
LATENCY 2695200
TIMELINE 31 1391 241756858476700 2695200
LATENCY 2709400
TIMELINE 31 1407 241756900823900 2709400
LATENCY 2613500
TIMELINE 31 1423 241756943175300 2613500
LATENCY 2606700
TIMELINE 31 1439 241756985517600 2606700
LATENCY 8299700
TIMELINE 31 1455 241757033953300 8299700
LATENCY 2655100
TIMELINE 31 1471 241757084661100 2655100
LATENCY 2951400
TIMELINE 31 1487 241757128016800 2951400
LATENCY 2778400
TIMELINE 31 1503 241757176241800 2778400
LATENCY 2581600
TIMELINE 31 1519 241757218897100 2581600
LATENCY 2990300
TIMELINE 31 1535 241757264138400 2990300
LATENCY 3052100
TIMELINE 31 1551 241757311790100 3052100
LATENCY 2785700
TIMELINE 31 1567 241757358458800 2785700
LATENCY 2854500
TIMELINE 31 1583 241757403428700 2854500
LATENCY 2927100
TIMELINE 31 1599 241757456803500 2927100
LATENCY 2739000
TIMELINE 31 1615 241757500741100 2739000
LATENCY 2923500
TIMELINE 31 1631 241757545870900 2923500
LATENCY 3024100
TIMELINE 31 1647 241757596759400 3024100
LATENCY 2759800
TIMELINE 31 1663 241757644090300 2759800
LATENCY 3251200
TIMELINE 31 1679 241757688015700 3251200
LATENCY 3052600
TIMELINE 31 1695 241757735501800 3052600
LATENCY 2970900
TIMELINE 31 1711 241757781469200 2970900
LATENCY 2866000
TIMELINE 31 1727 241757833062100 2866000
LATENCY 2969300
TIMELINE 31 1743 241757879868300 2969300
LATENCY 2744100
TIMELINE 31 1759 241757926411700 2744100
LATENCY 2906400
TIMELINE 31 1775 241757972246500 2906400
LATENCY 3075700
TIMELINE 31 1791 241758017823400 3075700
LATENCY 2802400
TIMELINE 31 1807 241758063519200 2802400
LATENCY 2838700
TIMELINE 31 1823 241758110109500 2838700
LATENCY 2684200
TIMELINE 31 1839 241758156441500 2684200
LATENCY 8217800
TIMELINE 31 1855 241758202513600 8217800
LATENCY 2622500
TIMELINE 31 1871 241758250465800 2622500
LATENCY 2757700
TIMELINE 31 1887 241758293878600 2757700
LATENCY 2852400
TIMELINE 31 1903 241758341725300 2852400
LATENCY 3059500
TIMELINE 31 1919 241758388446000 3059500
LATENCY 3038900
TIMELINE 31 1935 241758434862200 3038900
LATENCY 2788400
TIMELINE 31 1951 241758479124400 2788400
LATENCY 2720200
TIMELINE 31 1967 241758522901500 2720200
LATENCY 2743600
TIMELINE 31 1983 241758566095500 2743600
LATENCY 2952100
TIMELINE 31 1999 241758616873800 2952100
LATENCY 2686100
TIMELINE 31 2015 241758664454800 2686100
LATENCY 3123800
TIMELINE 31 2031 241758712099600 3123800
LATENCY 4004700
TIMELINE 31 2047 241758756171500 4004700
LATENCY 9913000
TIMELINE 32 0 241753534280000 9913000
LATENCY 2211400
TIMELINE 32 16 241753581356800 2211400
LATENCY 2448400
TIMELINE 32 32 241753617129700 2448400
LATENCY 2204300
TIMELINE 32 48 241753652510600 2204300
LATENCY 2192200
TIMELINE 32 64 241753688091500 2192200
LATENCY 2342400
TIMELINE 32 80 241753723815000 2342400
LATENCY 2121900
TIMELINE 32 96 241753758514100 2121900
LATENCY 2166600
TIMELINE 32 112 241753794326900 2166600
LATENCY 2165700
TIMELINE 32 128 241753851059100 2165700
LATENCY 2111500
TIMELINE 32 144 241753885322600 2111500
LATENCY 2477900
TIMELINE 32 160 241753922262300 2477900
LATENCY 2160400
TIMELINE 32 176 241753958671500 2160400
LATENCY 2153800
TIMELINE 32 192 241753993710900 2153800
LATENCY 2186100
TIMELINE 32 208 241754028132700 2186100
LATENCY 2201600
TIMELINE 32 224 241754063666400 2201600
LATENCY 2158100
TIMELINE 32 240 241754098754000 2158100
LATENCY 19590400
TIMELINE 32 256 241754134422800 19590400
LATENCY 2162100
TIMELINE 32 272 241754187172800 2162100
LATENCY 2135600
TIMELINE 32 288 241754221349200 2135600
LATENCY 2137600
TIMELINE 32 304 241754255238300 2137600
LATENCY 2207200
TIMELINE 32 320 241754290586100 2207200
LATENCY 2222600
TIMELINE 32 336 241754326136600 2222600
LATENCY 2203600
TIMELINE 32 352 241754362665300 2203600
LATENCY 2317600
TIMELINE 32 368 241754397832800 2317600
LATENCY 2262100
TIMELINE 32 384 241754432408500 2262100
LATENCY 2121900
TIMELINE 32 400 241754485609100 2121900
LATENCY 2120100
TIMELINE 32 416 241754519966000 2120100
LATENCY 2111200
TIMELINE 32 432 241754554524400 2111200
LATENCY 2229400
TIMELINE 32 448 241754588652100 2229400
LATENCY 2208100
TIMELINE 32 464 241754623286600 2208100
LATENCY 2156800
TIMELINE 32 480 241754658451600 2156800
LATENCY 2117300
TIMELINE 32 496 241754692663000 2117300
LATENCY 2140300
TIMELINE 32 512 241754727504400 2140300
LATENCY 2327400
TIMELINE 32 528 241754782976300 2327400
LATENCY 2185400
TIMELINE 32 544 241754819559400 2185400
LATENCY 2104000
TIMELINE 32 560 241754853822200 2104000
LATENCY 2592900
TIMELINE 32 576 241754888195700 2592900
LATENCY 2154200
TIMELINE 32 592 241754923666300 2154200
LATENCY 2159000
TIMELINE 32 608 241754958001400 2159000
LATENCY 2164500
TIMELINE 32 624 241754991930500 2164500
LATENCY 2314500
TIMELINE 32 640 241755030002800 2314500
LATENCY 2658100
TIMELINE 32 656 241755085251800 2658100
LATENCY 2175400
TIMELINE 32 672 241755123218800 2175400
LATENCY 2112700
TIMELINE 32 688 241755159690900 2112700
LATENCY 2199600
TIMELINE 32 704 241755195279600 2199600
LATENCY 2193500
TIMELINE 32 720 241755230249800 2193500
LATENCY 2336900
TIMELINE 32 736 241755264586400 2336900
LATENCY 2373800
TIMELINE 32 752 241755299809700 2373800
LATENCY 2105200
TIMELINE 32 768 241755335738100 2105200
LATENCY 2172900
TIMELINE 32 784 241755370404400 2172900
LATENCY 2109000
TIMELINE 32 800 241755425557500 2109000
LATENCY 2277700
TIMELINE 32 816 241755460010800 2277700
LATENCY 2215100
TIMELINE 32 832 241755495339100 2215100
LATENCY 2110400
TIMELINE 32 848 241755530648200 2110400
LATENCY 2422300
TIMELINE 32 864 241755566532000 2422300
LATENCY 2133700
TIMELINE 32 880 241755602106000 2133700
LATENCY 2230600
TIMELINE 32 896 241755637847300 2230600
LATENCY 2098000
TIMELINE 32 912 241755672559000 2098000
LATENCY 2149600
TIMELINE 32 928 241755729497000 2149600
LATENCY 2399000
TIMELINE 32 944 241755765217400 2399000
LATENCY 2187500
TIMELINE 32 960 241755801452500 2187500
LATENCY 2142600
TIMELINE 32 976 241755837401500 2142600
LATENCY 2160000
TIMELINE 32 992 241755872067900 2160000
LATENCY 2109100
TIMELINE 32 1008 241755906393100 2109100
LATENCY 2105500
TIMELINE 32 1024 241755942043100 2105500
LATENCY 2079600
TIMELINE 32 1040 241755976843400 2079600
LATENCY 2268000
TIMELINE 32 1056 241756017855800 2268000
LATENCY 2327100
TIMELINE 32 1072 241756053204400 2327100
LATENCY 2118300
TIMELINE 32 1088 241756088961500 2118300
LATENCY 2236200
TIMELINE 32 1104 241756124002100 2236200
LATENCY 2290000
TIMELINE 32 1120 241756159498000 2290000
LATENCY 2139200
TIMELINE 32 1136 241756194990700 2139200
LATENCY 2120300
TIMELINE 32 1152 241756229923400 2120300
LATENCY 2099500
TIMELINE 32 1168 241756264014200 2099500
LATENCY 2112200
TIMELINE 32 1184 241756297822400 2112200
LATENCY 2165200
TIMELINE 32 1200 241756338059800 2165200
LATENCY 2133000
TIMELINE 32 1216 241756373126100 2133000
LATENCY 2071300
TIMELINE 32 1232 241756407163600 2071300
LATENCY 2999400
TIMELINE 32 1248 241756449518400 2999400
LATENCY 2613500
TIMELINE 32 1264 241756495483100 2613500
LATENCY 2733300
TIMELINE 32 1280 241756538427500 2733300
LATENCY 2899300
TIMELINE 32 1296 241756584920000 2899300
LATENCY 2958100
TIMELINE 32 1312 241756631305300 2958100
LATENCY 2706700
TIMELINE 32 1328 241756681726000 2706700
LATENCY 2744500
TIMELINE 32 1344 241756725394400 2744500
LATENCY 2980500
TIMELINE 32 1360 241756768906400 2980500
LATENCY 2597900
TIMELINE 32 1376 241756813813700 2597900
LATENCY 2663500
TIMELINE 32 1392 241756860460600 2663500
LATENCY 2612300
TIMELINE 32 1408 241756902863200 2612300
LATENCY 2623200
TIMELINE 32 1424 241756945108100 2623200
LATENCY 2797200
TIMELINE 32 1440 241756987458200 2797200
LATENCY 9385000
TIMELINE 32 1456 241757035179300 9385000
LATENCY 2677900
TIMELINE 32 1472 241757085806700 2677900
LATENCY 2820800
TIMELINE 32 1488 241757129366700 2820800
LATENCY 2754200
TIMELINE 32 1504 241757177425800 2754200
LATENCY 2739300
TIMELINE 32 1520 241757219950000 2739300
LATENCY 2980100
TIMELINE 32 1536 241757265422200 2980100
LATENCY 3026800
TIMELINE 32 1552 241757313083500 3026800
LATENCY 2711300
TIMELINE 32 1568 241757359658900 2711300
LATENCY 2884300
TIMELINE 32 1584 241757404599600 2884300
LATENCY 2983000
TIMELINE 32 1600 241757457975300 2983000
LATENCY 2694800
TIMELINE 32 1616 241757501821100 2694800
LATENCY 2884300
TIMELINE 32 1632 241757546629400 2884300
LATENCY 2928900
TIMELINE 32 1648 241757597622900 2928900
LATENCY 2767400
TIMELINE 32 1664 241757644787400 2767400
LATENCY 3250300
TIMELINE 32 1680 241757688713700 3250300
LATENCY 3054300
TIMELINE 32 1696 241757736325100 3054300
LATENCY 2949500
TIMELINE 32 1712 241757782282000 2949500
LATENCY 2747200
TIMELINE 32 1728 241757833938000 2747200
LATENCY 2951800
TIMELINE 32 1744 241757880682600 2951800
LATENCY 2757200
TIMELINE 32 1760 241757927112900 2757200
LATENCY 2893600
TIMELINE 32 1776 241757973067800 2893600
LATENCY 3069200
TIMELINE 32 1792 241758018661600 3069200
LATENCY 2901200
TIMELINE 32 1808 241758064252300 2901200
LATENCY 2827000
TIMELINE 32 1824 241758110939800 2827000
LATENCY 2686600
TIMELINE 32 1840 241758157256000 2686600
LATENCY 8242200
TIMELINE 32 1856 241758203343600 8242200
LATENCY 2620800
TIMELINE 32 1872 241758251274800 2620800
LATENCY 2790900
TIMELINE 32 1888 241758294703800 2790900
LATENCY 2860900
TIMELINE 32 1904 241758342592500 2860900
LATENCY 3047100
TIMELINE 32 1920 241758389409200 3047100
LATENCY 3063400
TIMELINE 32 1936 241758435820900 3063400
LATENCY 2716700
TIMELINE 32 1952 241758480042500 2716700
LATENCY 2781000
TIMELINE 32 1968 241758523763400 2781000
LATENCY 2698000
TIMELINE 32 1984 241758567002000 2698000
LATENCY 3036600
TIMELINE 32 2000 241758617795700 3036600
LATENCY 2622400
TIMELINE 32 2016 241758665375300 2622400
LATENCY 3190600
TIMELINE 32 2032 241758712990800 3190600
LATENCY 2459900
TIMELINE 33 1 241753544230600 2459900
LATENCY 2197200
TIMELINE 33 17 241753583603500 2197200
LATENCY 2237900
TIMELINE 33 33 241753619707100 2237900
LATENCY 2145700
TIMELINE 33 49 241753654801700 2145700
LATENCY 2157900
TIMELINE 33 65 241753690318800 2157900
LATENCY 2269800
TIMELINE 33 81 241753726125100 2269800
LATENCY 2180200
TIMELINE 33 97 241753760607800 2180200
LATENCY 2317400
TIMELINE 33 113 241753796266500 2317400
LATENCY 2153500
TIMELINE 33 129 241753852993000 2153500
LATENCY 2119300
TIMELINE 33 145 241753887185600 2119300
LATENCY 2369500
TIMELINE 33 161 241753924597300 2369500
LATENCY 2214500
TIMELINE 33 177 241753960590700 2214500
LATENCY 2173300
TIMELINE 33 193 241753995510500 2173300
LATENCY 2177500
TIMELINE 33 209 241754030409800 2177500
LATENCY 2269900
TIMELINE 33 225 241754065926000 2269900
LATENCY 2121600
TIMELINE 33 241 241754100943900 2121600
LATENCY 2473900
TIMELINE 33 257 241754153978100 2473900
LATENCY 2161200
TIMELINE 33 273 241754189278300 2161200
LATENCY 2122700
TIMELINE 33 289 241754223425600 2122700
LATENCY 2159900
TIMELINE 33 305 241754257325500 2159900
LATENCY 2111000
TIMELINE 33 321 241754292734500 2111000
LATENCY 2245200
TIMELINE 33 337 241754328173600 2245200
LATENCY 2259000
TIMELINE 33 353 241754364541400 2259000
LATENCY 2091200
TIMELINE 33 369 241754399742600 2091200
LATENCY 2164200
TIMELINE 33 385 241754434292600 2164200
LATENCY 2108700
TIMELINE 33 401 241754486984200 2108700
LATENCY 2082500
TIMELINE 33 417 241754521347400 2082500
LATENCY 2109300
TIMELINE 33 433 241754555900300 2109300
LATENCY 2194800
TIMELINE 33 449 241754590134700 2194800
LATENCY 2287800
TIMELINE 33 465 241754624627400 2287800
LATENCY 2144200
TIMELINE 33 481 241754659816600 2144200
LATENCY 2106500
TIMELINE 33 497 241754694140000 2106500
LATENCY 2173900
TIMELINE 33 513 241754728969600 2173900
LATENCY 2275500
TIMELINE 33 529 241754784766200 2275500
LATENCY 2132900
TIMELINE 33 545 241754821227400 2132900
LATENCY 2176000
TIMELINE 33 561 241754855413100 2176000
LATENCY 2555100
TIMELINE 33 577 241754890291000 2555100
LATENCY 2108900
TIMELINE 33 593 241754925477700 2108900
LATENCY 2110600
TIMELINE 33 609 241754959801300 2110600
LATENCY 2226600
TIMELINE 33 625 241754993718700 2226600
LATENCY 2284300
TIMELINE 33 641 241755031895600 2284300
LATENCY 2424100
TIMELINE 33 657 241755087469500 2424100
LATENCY 2175600
TIMELINE 33 673 241755124856300 2175600
LATENCY 2130200
TIMELINE 33 689 241755161427300 2130200
LATENCY 2159400
TIMELINE 33 705 241755197209100 2159400
LATENCY 2217400
TIMELINE 33 721 241755232356800 2217400
LATENCY 2187800
TIMELINE 33 737 241755266792800 2187800
LATENCY 2221000
TIMELINE 33 753 241755302020100 2221000
LATENCY 2255600
TIMELINE 33 769 241755337633100 2255600
LATENCY 2292900
TIMELINE 33 785 241755372399800 2292900
LATENCY 2150300
TIMELINE 33 801 241755427409100 2150300
LATENCY 2197100
TIMELINE 33 817 241755462104600 2197100
LATENCY 2101000
TIMELINE 33 833 241755497384200 2101000
LATENCY 2297200
TIMELINE 33 849 241755532311900 2297200
LATENCY 2374800
TIMELINE 33 865 241755568482800 2374800
LATENCY 2127200
TIMELINE 33 881 241755603829600 2127200
LATENCY 2209500
TIMELINE 33 897 241755640638300 2209500
LATENCY 2197300
TIMELINE 33 913 241755675263900 2197300
LATENCY 2376100
TIMELINE 33 929 241755732252700 2376100
LATENCY 2176200
TIMELINE 33 945 241755768204600 2176200
LATENCY 2226000
TIMELINE 33 961 241755804077500 2226000
LATENCY 2308500
TIMELINE 33 977 241755840049100 2308500
LATENCY 2143900
TIMELINE 33 993 241755874663200 2143900
LATENCY 2145400
TIMELINE 33 1009 241755908953500 2145400
LATENCY 2128400
TIMELINE 33 1025 241755944422100 2128400
LATENCY 2203000
TIMELINE 33 1041 241755979200900 2203000
LATENCY 2138400
TIMELINE 33 1057 241756020305900 2138400
LATENCY 2171200
TIMELINE 33 1073 241756055624900 2171200
LATENCY 2161400
TIMELINE 33 1089 241756091111500 2161400
LATENCY 2218900
TIMELINE 33 1105 241756126273200 2218900
LATENCY 2174600
TIMELINE 33 1121 241756161881900 2174600
LATENCY 2103900
TIMELINE 33 1137 241756197276300 2103900
LATENCY 2124500
TIMELINE 33 1153 241756232188300 2124500
LATENCY 2133600
TIMELINE 33 1169 241756266266000 2133600
LATENCY 2127700
TIMELINE 33 1185 241756300113400 2127700
LATENCY 2126900
TIMELINE 33 1201 241756340493600 2126900
LATENCY 2191700
TIMELINE 33 1217 241756375500800 2191700
LATENCY 2144600
TIMELINE 33 1233 241756409496500 2144600
LATENCY 3036600
TIMELINE 33 1249 241756452903300 3036600
LATENCY 2642800
TIMELINE 33 1265 241756498429800 2642800
LATENCY 2657800
TIMELINE 33 1281 241756541479000 2657800
LATENCY 2873800
TIMELINE 33 1297 241756588251800 2873800
LATENCY 2985200
TIMELINE 33 1313 241756634628500 2985200
LATENCY 2693300
TIMELINE 33 1329 241756685018900 2693300
LATENCY 2761300
TIMELINE 33 1345 241756728717900 2761300
LATENCY 2868900
TIMELINE 33 1361 241756772503300 2868900
LATENCY 2851600
TIMELINE 33 1377 241756816962400 2851600
LATENCY 2593900
TIMELINE 33 1393 241756863607100 2593900
LATENCY 2604200
TIMELINE 33 1409 241756905950300 2604200
LATENCY 2754400
TIMELINE 33 1425 241756948212900 2754400
LATENCY 2932600
TIMELINE 33 1441 241756990995900 2932600
LATENCY 4751700
TIMELINE 33 1457 241757044011200 4751700
LATENCY 2678800
TIMELINE 33 1473 241757088308200 2678800
LATENCY 2746700
TIMELINE 33 1489 241757131999400 2746700
LATENCY 2710700
TIMELINE 33 1505 241757180019500 2710700
LATENCY 2691800
TIMELINE 33 1521 241757222540600 2691800
LATENCY 2949300
TIMELINE 33 1537 241757268242900 2949300
LATENCY 2915600
TIMELINE 33 1553 241757315946200 2915600
LATENCY 2696700
TIMELINE 33 1569 241757362226500 2696700
LATENCY 2786700
TIMELINE 33 1585 241757407312900 2786700
LATENCY 2774400
TIMELINE 33 1601 241757460869800 2774400
LATENCY 2764900
TIMELINE 33 1617 241757504445100 2764900
LATENCY 2959700
TIMELINE 33 1633 241757549410200 2959700
LATENCY 2879900
TIMELINE 33 1649 241757600385200 2879900
LATENCY 2734500
TIMELINE 33 1665 241757647405900 2734500
LATENCY 3043200
TIMELINE 33 1681 241757691793500 3043200
LATENCY 2972400
TIMELINE 33 1697 241757739208400 2972400
LATENCY 2846800
TIMELINE 33 1713 241757785111500 2846800
LATENCY 2888300
TIMELINE 33 1729 241757836588400 2888300
LATENCY 2949000
TIMELINE 33 1745 241757883603700 2949000
LATENCY 2716400
TIMELINE 33 1761 241757929826700 2716400
LATENCY 2939300
TIMELINE 33 1777 241757975921400 2939300
LATENCY 2959200
TIMELINE 33 1793 241758021690400 2959200
LATENCY 3249500
TIMELINE 33 1809 241758067105900 3249500
LATENCY 3027500
TIMELINE 33 1825 241758113727100 3027500
LATENCY 2841800
TIMELINE 33 1841 241758159874100 2841800
LATENCY 2663200
TIMELINE 33 1857 241758211709300 2663200
LATENCY 2680900
TIMELINE 33 1873 241758254004700 2680900
LATENCY 2780300
TIMELINE 33 1889 241758297616800 2780300
LATENCY 2681400
TIMELINE 33 1905 241758345571300 2681400
LATENCY 3031700
TIMELINE 33 1921 241758392588700 3031700
LATENCY 3014800
TIMELINE 33 1937 241758439021700 3014800
LATENCY 2628300
TIMELINE 33 1953 241758482867600 2628300
LATENCY 2671100
TIMELINE 33 1969 241758526675000 2671100
LATENCY 2762500
TIMELINE 33 1985 241758569804600 2762500
LATENCY 2947600
TIMELINE 33 2001 241758620956900 2947600
LATENCY 3027300
TIMELINE 33 2017 241758668118000 3027300
LATENCY 2923400
TIMELINE 33 2033 241758716280000 2923400
LATENCY 2351000
TIMELINE 34 2 241753546725600 2351000
LATENCY 2199200
TIMELINE 34 18 241753585836400 2199200
LATENCY 2312500
TIMELINE 34 34 241753622007300 2312500
LATENCY 2176500
TIMELINE 34 50 241753657010300 2176500
LATENCY 2133300
TIMELINE 34 66 241753692647200 2133300
LATENCY 2226900
TIMELINE 34 82 241753728831200 2226900
LATENCY 2204800
TIMELINE 34 98 241753763195300 2204800
LATENCY 2285600
TIMELINE 34 114 241753798755900 2285600
LATENCY 2105700
TIMELINE 34 130 241753855296400 2105700
LATENCY 2123700
TIMELINE 34 146 241753889452800 2123700
LATENCY 2303300
TIMELINE 34 162 241753927108200 2303300
LATENCY 2094800
TIMELINE 34 178 241753962975400 2094800
LATENCY 2085600
TIMELINE 34 194 241753997947000 2085600
LATENCY 2182600
TIMELINE 34 210 241754032619500 2182600
LATENCY 2262000
TIMELINE 34 226 241754068228700 2262000
LATENCY 2131000
TIMELINE 34 242 241754103097800 2131000
LATENCY 2150500
TIMELINE 34 258 241754156513700 2150500
LATENCY 2161300
TIMELINE 34 274 241754191768700 2161300
LATENCY 2126700
TIMELINE 34 290 241754225871100 2126700
LATENCY 2206900
TIMELINE 34 306 241754259819700 2206900
LATENCY 2146600
TIMELINE 34 322 241754295179000 2146600
LATENCY 2234700
TIMELINE 34 338 241754330981600 2234700
LATENCY 2231600
TIMELINE 34 354 241754367464200 2231600
LATENCY 2142700
TIMELINE 34 370 241754402335100 2142700
LATENCY 2126800
TIMELINE 34 386 241754436981200 2126800
LATENCY 2146100
TIMELINE 34 402 241754489642800 2146100
LATENCY 2129500
TIMELINE 34 418 241754524003600 2129500
LATENCY 2077200
TIMELINE 34 434 241754558549300 2077200
LATENCY 2151900
TIMELINE 34 450 241754592878500 2151900
LATENCY 2551300
TIMELINE 34 466 241754627575700 2551300
LATENCY 2129000
TIMELINE 34 482 241754662565500 2129000
LATENCY 2181800
TIMELINE 34 498 241754696718900 2181800
LATENCY 2205100
TIMELINE 34 514 241754731671500 2205100
LATENCY 2389600
TIMELINE 34 530 241754787315200 2389600
LATENCY 2201200
TIMELINE 34 546 241754823619400 2201200
LATENCY 2089600
TIMELINE 34 562 241754857857700 2089600
LATENCY 2305700
TIMELINE 34 578 241754893145900 2305700
LATENCY 2143400
TIMELINE 34 594 241754927827600 2143400
LATENCY 2102100
TIMELINE 34 610 241754962144700 2102100
LATENCY 3494000
TIMELINE 34 626 241754996254600 3494000
LATENCY 2231000
TIMELINE 34 642 241755034504400 2231000
LATENCY 2747300
TIMELINE 34 658 241755090202400 2747300
LATENCY 2271300
TIMELINE 34 674 241755127395700 2271300
LATENCY 2116200
TIMELINE 34 690 241755163953400 2116200
LATENCY 2193300
TIMELINE 34 706 241755199134800 2193300
LATENCY 2152000
TIMELINE 34 722 241755233996100 2152000
LATENCY 2180500
TIMELINE 34 738 241755268459300 2180500
LATENCY 2125400
TIMELINE 34 754 241755303808300 2125400
LATENCY 2293000
TIMELINE 34 770 241755339350500 2293000
LATENCY 2264100
TIMELINE 34 786 241755374277500 2264100
LATENCY 2127500
TIMELINE 34 802 241755429153300 2127500
LATENCY 2191300
TIMELINE 34 818 241755463863900 2191300
LATENCY 2205600
TIMELINE 34 834 241755499127000 2205600
LATENCY 2234500
TIMELINE 34 850 241755534168000 2234500
LATENCY 2269800
TIMELINE 34 866 241755570230800 2269800
LATENCY 2099300
TIMELINE 34 882 241755605397800 2099300
LATENCY 2198900
TIMELINE 34 898 241755641830300 2198900
LATENCY 2226800
TIMELINE 34 914 241755676452800 2226800
LATENCY 2284100
TIMELINE 34 930 241755733775800 2284100
LATENCY 2245100
TIMELINE 34 946 241755769635600 2245100
LATENCY 2438200
TIMELINE 34 962 241755805545300 2438200
LATENCY 2259900
TIMELINE 34 978 241755841567000 2259900
LATENCY 2171500
TIMELINE 34 994 241755876085600 2171500
LATENCY 2103600
TIMELINE 34 1010 241755910379900 2103600
LATENCY 2111100
TIMELINE 34 1026 241755945975300 2111100
LATENCY 2220200
TIMELINE 34 1042 241755980795200 2220200
LATENCY 2115700
TIMELINE 34 1058 241756021979300 2115700
LATENCY 2251700
TIMELINE 34 1074 241756057304200 2251700
LATENCY 2155600
TIMELINE 34 1090 241756092850900 2155600
LATENCY 2316700
TIMELINE 34 1106 241756128075900 2316700
LATENCY 2265700
TIMELINE 34 1122 241756163591700 2265700
LATENCY 2098100
TIMELINE 34 1138 241756198895200 2098100
LATENCY 2138600
TIMELINE 34 1154 241756233936600 2138600
LATENCY 2123400
TIMELINE 34 1170 241756268026600 2123400
LATENCY 2152400
TIMELINE 34 1186 241756301854100 2152400
LATENCY 2204000
TIMELINE 34 1202 241756342109400 2204000
LATENCY 2171800
TIMELINE 34 1218 241756377161400 2171800
LATENCY 2132200
TIMELINE 34 1234 241756411081200 2132200
LATENCY 3035000
TIMELINE 34 1250 241756455046800 3035000
LATENCY 2623100
TIMELINE 34 1266 241756500341100 2623100
LATENCY 2770800
TIMELINE 34 1282 241756543376600 2770800
LATENCY 2939200
TIMELINE 34 1298 241756590335100 2939200
LATENCY 2969600
TIMELINE 34 1314 241756636832100 2969600
LATENCY 2699100
TIMELINE 34 1330 241756686871800 2699100
LATENCY 2739200
TIMELINE 34 1346 241756730630900 2739200
LATENCY 2816300
TIMELINE 34 1362 241756774558100 2816300
LATENCY 4456900
TIMELINE 34 1378 241756818766300 4456900
LATENCY 2660800
TIMELINE 34 1394 241756865425200 2660800
LATENCY 2614100
TIMELINE 34 1410 241756907797800 2614100
LATENCY 2588200
TIMELINE 34 1426 241756950210800 2588200
LATENCY 2957400
TIMELINE 34 1442 241756992916600 2957400
LATENCY 2611200
TIMELINE 34 1458 241757049058700 2611200
LATENCY 2679300
TIMELINE 34 1474 241757091278900 2679300
LATENCY 2817100
TIMELINE 34 1490 241757135055800 2817100
LATENCY 2759200
TIMELINE 34 1506 241757183063400 2759200
LATENCY 2752100
TIMELINE 34 1522 241757225554400 2752100
LATENCY 2956100
TIMELINE 34 1538 241757271565300 2956100
LATENCY 2929600
TIMELINE 34 1554 241757319185300 2929600
LATENCY 2784300
TIMELINE 34 1570 241757365263900 2784300
LATENCY 2814600
TIMELINE 34 1586 241757410448900 2814600
LATENCY 2693100
TIMELINE 34 1602 241757463860100 2693100
LATENCY 2691000
TIMELINE 34 1618 241757507446200 2691000
LATENCY 2862400
TIMELINE 34 1634 241757552644600 2862400
LATENCY 3015600
TIMELINE 34 1650 241757603588800 3015600
LATENCY 2718200
TIMELINE 34 1666 241757650462500 2718200
LATENCY 3029500
TIMELINE 34 1682 241757695321400 3029500
LATENCY 2901800
TIMELINE 34 1698 241757742646000 2901800
LATENCY 2730100
TIMELINE 34 1714 241757788388600 2730100
LATENCY 2773300
TIMELINE 34 1730 241757839804400 2773300
LATENCY 2953200
TIMELINE 34 1746 241757886923600 2953200
LATENCY 2736600
TIMELINE 34 1762 241757932945600 2736600
LATENCY 2952800
TIMELINE 34 1778 241757979278100 2952800
LATENCY 3011800
TIMELINE 34 1794 241758025076500 3011800
LATENCY 2711000
TIMELINE 34 1810 241758070722900 2711000
LATENCY 2948800
TIMELINE 34 1826 241758117157000 2948800
LATENCY 2958900
TIMELINE 34 1842 241758163107300 2958900
LATENCY 2673800
TIMELINE 34 1858 241758214603200 2673800
LATENCY 2661400
TIMELINE 34 1874 241758256916600 2661400
LATENCY 2761200
TIMELINE 34 1890 241758300622800 2761200
LATENCY 2688800
TIMELINE 34 1906 241758348458600 2688800
LATENCY 3047400
TIMELINE 34 1922 241758395866900 3047400
LATENCY 3003300
TIMELINE 34 1938 241758442293900 3003300
LATENCY 2717400
TIMELINE 34 1954 241758485725800 2717400
LATENCY 2691000
TIMELINE 34 1970 241758529577800 2691000
LATENCY 2816400
TIMELINE 34 1986 241758572804700 2816400
LATENCY 2999900
TIMELINE 34 2002 241758624075700 2999900
LATENCY 3067000
TIMELINE 34 2018 241758671326700 3067000
LATENCY 2945900
TIMELINE 34 2034 241758719402200 2945900
LATENCY 2351700
TIMELINE 35 3 241753549114800 2351700
LATENCY 2195200
TIMELINE 35 19 241753588130100 2195200
LATENCY 2248100
TIMELINE 35 35 241753624450900 2248100
LATENCY 2154800
TIMELINE 35 51 241753659299200 2154800
LATENCY 2129000
TIMELINE 35 67 241753694876300 2129000
LATENCY 2240500
TIMELINE 35 83 241753730856500 2240500
LATENCY 2170600
TIMELINE 35 99 241753765197700 2170600
LATENCY 2280000
TIMELINE 35 115 241753801229800 2280000
LATENCY 2103000
TIMELINE 35 131 241753857463800 2103000
LATENCY 2109400
TIMELINE 35 147 241753891635200 2109400
LATENCY 2164500
TIMELINE 35 163 241753929562900 2164500
LATENCY 2120300
TIMELINE 35 179 241753965193200 2120300
LATENCY 2083700
TIMELINE 35 195 241754000005000 2083700
LATENCY 2266600
TIMELINE 35 211 241754034846900 2266600
LATENCY 2230800
TIMELINE 35 227 241754070525000 2230800
LATENCY 2101700
TIMELINE 35 243 241754105262900 2101700
LATENCY 2282800
TIMELINE 35 259 241754159167300 2282800
LATENCY 2146000
TIMELINE 35 275 241754194277600 2146000
LATENCY 2120200
TIMELINE 35 291 241754228357700 2120200
LATENCY 2229300
TIMELINE 35 307 241754262265700 2229300
LATENCY 2169100
TIMELINE 35 323 241754297588200 2169100
LATENCY 2310500
TIMELINE 35 339 241754333560000 2310500
LATENCY 2164700
TIMELINE 35 355 241754370138100 2164700
LATENCY 2130100
TIMELINE 35 371 241754405263500 2130100
LATENCY 2145100
TIMELINE 35 387 241754439836200 2145100
LATENCY 2382800
TIMELINE 35 403 241754492695700 2382800
LATENCY 2091100
TIMELINE 35 419 241754527055800 2091100
LATENCY 2091500
TIMELINE 35 435 241754561371900 2091500
LATENCY 2142500
TIMELINE 35 451 241754595798200 2142500
LATENCY 2172700
TIMELINE 35 467 241754630885200 2172700
LATENCY 2135300
TIMELINE 35 483 241754665525200 2135300
LATENCY 2158000
TIMELINE 35 499 241754700022500 2158000
LATENCY 2149200
TIMELINE 35 515 241754734811800 2149200
LATENCY 2235200
TIMELINE 35 531 241754790802000 2235200
LATENCY 2180800
TIMELINE 35 547 241754826832200 2180800
LATENCY 2175200
TIMELINE 35 563 241754860938300 2175200
LATENCY 2252000
TIMELINE 35 579 241754896383800 2252000
LATENCY 2142700
TIMELINE 35 595 241754930835400 2142700
LATENCY 2103000
TIMELINE 35 611 241754965122200 2103000
LATENCY 2438700
TIMELINE 35 627 241755000767100 2438700
LATENCY 2215400
TIMELINE 35 643 241755037770900 2215400
LATENCY 2303100
TIMELINE 35 659 241755093807100 2303100
LATENCY 2177800
TIMELINE 35 675 241755130489800 2177800
LATENCY 2110800
TIMELINE 35 691 241755166720400 2110800
LATENCY 2185700
TIMELINE 35 707 241755202089100 2185700
LATENCY 2149200
TIMELINE 35 723 241755237060600 2149200
LATENCY 2173700
TIMELINE 35 739 241755271567900 2173700
LATENCY 2126500
TIMELINE 35 755 241755306809700 2126500
LATENCY 2271500
TIMELINE 35 771 241755342564900 2271500
LATENCY 21599800
TIMELINE 35 787 241755377432800 21599800
LATENCY 2130300
TIMELINE 35 803 241755432180100 2130300
LATENCY 2203200
TIMELINE 35 819 241755466915000 2203200
LATENCY 2072600
TIMELINE 35 835 241755502000000 2072600
LATENCY 2279200
TIMELINE 35 851 241755537059300 2279200
LATENCY 2273700
TIMELINE 35 867 241755573346600 2273700
LATENCY 2108900
TIMELINE 35 883 241755608433500 2108900
LATENCY 2099900
TIMELINE 35 899 241755644961400 2099900
LATENCY 2216000
TIMELINE 35 915 241755679552400 2216000
LATENCY 2291100
TIMELINE 35 931 241755737041100 2291100
LATENCY 2287400
TIMELINE 35 947 241755772607100 2287400
LATENCY 2396000
TIMELINE 35 963 241755808870600 2396000
LATENCY 2172600
TIMELINE 35 979 241755844821700 2172600
LATENCY 2102700
TIMELINE 35 995 241755879209100 2102700
LATENCY 2296300
TIMELINE 35 1011 241755913433300 2296300
LATENCY 2156200
TIMELINE 35 1027 241755949043000 2156200
LATENCY 2131600
TIMELINE 35 1043 241755983933400 2131600
LATENCY 2300300
TIMELINE 35 1059 241756025006900 2300300
LATENCY 2158300
TIMELINE 35 1075 241756061048500 2158300
LATENCY 2119900
TIMELINE 35 1091 241756096427100 2119900
LATENCY 2093600
TIMELINE 35 1107 241756131912700 2093600
LATENCY 2285700
TIMELINE 35 1123 241756167334300 2285700
LATENCY 2168300
TIMELINE 35 1139 241756202397700 2168300
LATENCY 2164600
TIMELINE 35 1155 241756237460000 2164600
LATENCY 2122200
TIMELINE 35 1171 241756271560800 2122200
LATENCY 7585400
TIMELINE 35 1187 241756305431900 7585400
LATENCY 2146100
TIMELINE 35 1203 241756345903900 2146100
LATENCY 2180600
TIMELINE 35 1219 241756380915000 2180600
LATENCY 2753600
TIMELINE 35 1235 241756415427700 2753600
LATENCY 3090500
TIMELINE 35 1251 241756460531000 3090500
LATENCY 2576900
TIMELINE 35 1267 241756505161900 2576900
LATENCY 2695100
TIMELINE 35 1283 241756548494300 2695100
LATENCY 2730300
TIMELINE 35 1299 241756595541400 2730300
LATENCY 3053000
TIMELINE 35 1315 241756642099000 3053000
LATENCY 2714900
TIMELINE 35 1331 241756691816700 2714900
LATENCY 2724400
TIMELINE 35 1347 241756735572100 2724400
LATENCY 2905600
TIMELINE 35 1363 241756779776600 2905600
LATENCY 2707200
TIMELINE 35 1379 241756827128000 2707200
LATENCY 2621300
TIMELINE 35 1395 241756870112100 2621300
LATENCY 2647200
TIMELINE 35 1411 241756912287600 2647200
LATENCY 2639100
TIMELINE 35 1427 241756954688100 2639100
LATENCY 3844300
TIMELINE 35 1443 241756998644500 3844300
LATENCY 2672900
TIMELINE 35 1459 241757053819700 2672900
LATENCY 2654500
TIMELINE 35 1475 241757096157000 2654500
LATENCY 2645200
TIMELINE 35 1491 241757140290900 2645200
LATENCY 2704100
TIMELINE 35 1507 241757188212200 2704100
LATENCY 2790500
TIMELINE 35 1523 241757230674100 2790500
LATENCY 2988700
TIMELINE 35 1539 241757277109900 2988700
LATENCY 2914600
TIMELINE 35 1555 241757324669200 2914600
LATENCY 2733500
TIMELINE 35 1571 241757370374100 2733500
LATENCY 3017400
TIMELINE 35 1587 241757415774300 3017400
LATENCY 2794000
TIMELINE 35 1603 241757468897100 2794000
LATENCY 2621300
TIMELINE 35 1619 241757512363200 2621300
LATENCY 3636600
TIMELINE 35 1635 241757559928100 3636600
LATENCY 3041700
TIMELINE 35 1651 241757609149700 3041700
LATENCY 2495600
TIMELINE 35 1667 241757655511700 2495600
LATENCY 3059000
TIMELINE 35 1683 241757700991300 3059000
LATENCY 2739100
TIMELINE 35 1699 241757747998500 2739100
LATENCY 2810900
TIMELINE 35 1715 241757793454200 2810900
LATENCY 2832400
TIMELINE 35 1731 241757844932100 2832400
LATENCY 2990200
TIMELINE 35 1747 241757892409900 2990200
LATENCY 2793100
TIMELINE 35 1763 241757937975600 2793100
LATENCY 2937600
TIMELINE 35 1779 241757984736100 2937600
LATENCY 2952600
TIMELINE 35 1795 241758030664800 2952600
LATENCY 2914900
TIMELINE 35 1811 241758075912100 2914900
LATENCY 2892000
TIMELINE 35 1827 241758122580600 2892000
LATENCY 3124100
TIMELINE 35 1843 241758168531300 3124100
LATENCY 2630500
TIMELINE 35 1859 241758219459000 2630500
LATENCY 2625100
TIMELINE 35 1875 241758261795100 2625100
LATENCY 2735900
TIMELINE 35 1891 241758305942800 2735900
LATENCY 2727500
TIMELINE 35 1907 241758353555000 2727500
LATENCY 3080100
TIMELINE 35 1923 241758401579900 3080100
LATENCY 2603000
TIMELINE 35 1939 241758447683300 2603000
LATENCY 2678900
TIMELINE 35 1955 241758490661500 2678900
LATENCY 2740700
TIMELINE 35 1971 241758534520900 2740700
LATENCY 2992700
TIMELINE 35 1987 241758577948000 2992700
LATENCY 3002000
TIMELINE 35 2003 241758629783700 3002000
LATENCY 2865900
TIMELINE 35 2019 241758676959700 2865900
LATENCY 2794000
TIMELINE 35 2035 241758724791500 2794000
LATENCY 2362200
TIMELINE 36 4 241753551506600 2362200
LATENCY 2226200
TIMELINE 36 20 241753590294900 2226200
LATENCY 2162400
TIMELINE 36 36 241753626611400 2162400
LATENCY 2167000
TIMELINE 36 52 241753661399400 2167000
LATENCY 2216700
TIMELINE 36 68 241753696948400 2216700
LATENCY 2196400
TIMELINE 36 84 241753733275400 2196400
LATENCY 2325700
TIMELINE 36 100 241753767537100 2325700
LATENCY 2222800
TIMELINE 36 116 241753803862900 2222800
LATENCY 2300600
TIMELINE 36 132 241753859891500 2300600
LATENCY 2084400
TIMELINE 36 148 241753894048000 2084400
LATENCY 2290000
TIMELINE 36 164 241753932736600 2290000
LATENCY 2164400
TIMELINE 36 180 241753968332900 2164400
LATENCY 2139300
TIMELINE 36 196 241754003195600 2139300
LATENCY 2238300
TIMELINE 36 212 241754038233100 2238300
LATENCY 2268500
TIMELINE 36 228 241754073878900 2268500
LATENCY 2100500
TIMELINE 36 244 241754108417200 2100500
LATENCY 2309000
TIMELINE 36 260 241754161921000 2309000
LATENCY 2110100
TIMELINE 36 276 241754196887900 2110100
LATENCY 2095300
TIMELINE 36 292 241754230930800 2095300
LATENCY 2243300
TIMELINE 36 308 241754265044200 2243300
LATENCY 2113900
TIMELINE 36 324 241754300328600 2113900
LATENCY 2393800
TIMELINE 36 340 241754336831600 2393800
LATENCY 2139600
TIMELINE 36 356 241754373147300 2139600
LATENCY 2128800
TIMELINE 36 372 241754408133200 2128800
LATENCY 2142200
TIMELINE 36 388 241754442745600 2142200
LATENCY 2156200
TIMELINE 36 404 241754495880600 2156200
LATENCY 2069800
TIMELINE 36 420 241754529750900 2069800
LATENCY 2076300
TIMELINE 36 436 241754564221500 2076300
LATENCY 2120800
TIMELINE 36 452 241754598735200 2120800
LATENCY 2181200
TIMELINE 36 468 241754633726800 2181200
LATENCY 2101500
TIMELINE 36 484 241754668263900 2101500
LATENCY 2116800
TIMELINE 36 500 241754702710800 2116800
LATENCY 2160700
TIMELINE 36 516 241754737469600 2160700
LATENCY 2417000
TIMELINE 36 532 241754793581400 2417000
LATENCY 2114100
TIMELINE 36 548 241754829482300 2114100
LATENCY 2148600
TIMELINE 36 564 241754863554300 2148600
LATENCY 2162600
TIMELINE 36 580 241754899220100 2162600
LATENCY 2158800
TIMELINE 36 596 241754933521000 2158800
LATENCY 2111800
TIMELINE 36 612 241754967788200 2111800
LATENCY 2299400
TIMELINE 36 628 241755003789800 2299400
LATENCY 2174600
TIMELINE 36 644 241755040461500 2174600
LATENCY 2242600
TIMELINE 36 660 241755096842700 2242600
LATENCY 2202200
TIMELINE 36 676 241755133344800 2202200
LATENCY 2314300
TIMELINE 36 692 241755169573300 2314300
LATENCY 2181000
TIMELINE 36 708 241755204919800 2181000
LATENCY 2182500
TIMELINE 36 724 241755239670800 2182500
LATENCY 2096400
TIMELINE 36 740 241755274031200 2096400
LATENCY 2141300
TIMELINE 36 756 241755309229800 2141300
LATENCY 2126300
TIMELINE 36 772 241755345221800 2126300
LATENCY 2645600
TIMELINE 36 788 241755399434200 2645600
LATENCY 2089100
TIMELINE 36 804 241755434666600 2089100
LATENCY 2330600
TIMELINE 36 820 241755469521600 2330600
LATENCY 2535100
TIMELINE 36 836 241755504624200 2535100
LATENCY 2212200
TIMELINE 36 852 241755540048000 2212200
LATENCY 2196900
TIMELINE 36 868 241755575957600 2196900
LATENCY 2171300
TIMELINE 36 884 241755610935900 2171300
LATENCY 2168000
TIMELINE 36 900 241755646883300 2168000
LATENCY 2415200
TIMELINE 36 916 241755681633900 2415200
LATENCY 2180400
TIMELINE 36 932 241755739395100 2180400
LATENCY 2355500
TIMELINE 36 948 241755775080000 2355500
LATENCY 2235800
TIMELINE 36 964 241755811465100 2235800
LATENCY 2126800
TIMELINE 36 980 241755847208300 2126800
LATENCY 2123500
TIMELINE 36 996 241755881497500 2123500
LATENCY 2227100
TIMELINE 36 1012 241755915906600 2227100
LATENCY 2149300
TIMELINE 36 1028 241755951376400 2149300
LATENCY 2251800
TIMELINE 36 1044 241755986126000 2251800
LATENCY 2135500
TIMELINE 36 1060 241756027399100 2135500
LATENCY 2154700
TIMELINE 36 1076 241756062575200 2154700
LATENCY 2146700
TIMELINE 36 1092 241756098312000 2146700
LATENCY 2166400
TIMELINE 36 1108 241756133836800 2166400
LATENCY 2241900
TIMELINE 36 1124 241756169530100 2241900
LATENCY 2134700
TIMELINE 36 1140 241756204503800 2134700
LATENCY 2135900
TIMELINE 36 1156 241756239508200 2135900
LATENCY 2123500
TIMELINE 36 1172 241756273563400 2123500
LATENCY 2175900
TIMELINE 36 1188 241756312896200 2175900
LATENCY 2155400
TIMELINE 36 1204 241756347813300 2155400
LATENCY 2102600
TIMELINE 36 1220 241756383127100 2102600
LATENCY 2638800
TIMELINE 36 1236 241756418104500 2638800
LATENCY 3030500
TIMELINE 36 1252 241756463541300 3030500
LATENCY 2640300
TIMELINE 36 1268 241756508084600 2640300
LATENCY 2731600
TIMELINE 36 1284 241756551493300 2731600
LATENCY 2577700
TIMELINE 36 1300 241756598550900 2577700
LATENCY 2873000
TIMELINE 36 1316 241756645414300 2873000
LATENCY 2743300
TIMELINE 36 1332 241756694814900 2743300
LATENCY 2736900
TIMELINE 36 1348 241756738597300 2736900
LATENCY 2953700
TIMELINE 36 1364 241756782985300 2953700
LATENCY 2786100
TIMELINE 36 1380 241756830130100 2786100
LATENCY 2632700
TIMELINE 36 1396 241756873218400 2632700
LATENCY 2639700
TIMELINE 36 1412 241756915402800 2639700
LATENCY 2638800
TIMELINE 36 1428 241756957830500 2638800
LATENCY 2906600
TIMELINE 36 1444 241757002621200 2906600
LATENCY 2552300
TIMELINE 36 1460 241757057935700 2552300
LATENCY 2628000
TIMELINE 36 1476 241757100335700 2628000
LATENCY 2971100
TIMELINE 36 1492 241757144711900 2971100
LATENCY 2634300
TIMELINE 36 1508 241757192290700 2634300
LATENCY 2757600
TIMELINE 36 1524 241757234898900 2757600
LATENCY 2962500
TIMELINE 36 1540 241757281676000 2962500
LATENCY 2904300
TIMELINE 36 1556 241757329137500 2904300
LATENCY 2662700
TIMELINE 36 1572 241757374584400 2662700
LATENCY 2866300
TIMELINE 36 1588 241757425976800 2866300
LATENCY 2603200
TIMELINE 36 1604 241757473245200 2603200
LATENCY 2614600
TIMELINE 36 1620 241757516456000 2614600
LATENCY 3147200
TIMELINE 36 1636 241757565601500 3147200
LATENCY 2958100
TIMELINE 36 1652 241757613884500 2958100
LATENCY 2702200
TIMELINE 36 1668 241757659546900 2702200
LATENCY 3101600
TIMELINE 36 1684 241757705681300 3101600
LATENCY 3076800
TIMELINE 36 1700 241757752203300 3076800
LATENCY 3047900
TIMELINE 36 1716 241757798002300 3047900
LATENCY 2769000
TIMELINE 36 1732 241757849511500 2769000
LATENCY 2959800
TIMELINE 36 1748 241757897066000 2959800
LATENCY 2688900
TIMELINE 36 1764 241757942400200 2688900
LATENCY 2645900
TIMELINE 36 1780 241757989195600 2645900
LATENCY 2858400
TIMELINE 36 1796 241758035249900 2858400
LATENCY 3039400
TIMELINE 36 1812 241758080422200 3039400
LATENCY 2860400
TIMELINE 36 1828 241758126919400 2860400
LATENCY 3053200
TIMELINE 36 1844 241758173398900 3053200
LATENCY 2658400
TIMELINE 36 1860 241758223488700 2658400
LATENCY 2650000
TIMELINE 36 1876 241758265846900 2650000
LATENCY 2748000
TIMELINE 36 1892 241758310172000 2748000
LATENCY 2732400
TIMELINE 36 1908 241758357664000 2732400
LATENCY 3026700
TIMELINE 36 1924 241758406389800 3026700
LATENCY 2590000
TIMELINE 36 1940 241758451708500 2590000
LATENCY 2731100
TIMELINE 36 1956 241758494958700 2731100
LATENCY 2659900
TIMELINE 36 1972 241758538679000 2659900
LATENCY 8285800
TIMELINE 36 1988 241758582385500 8285800
LATENCY 2775500
TIMELINE 36 2004 241758634319300 2775500
LATENCY 3095400
TIMELINE 36 2020 241758681402800 3095400
LATENCY 2469100
TIMELINE 36 2036 241758729001200 2469100
LATENCY 3359700
TIMELINE 37 5 241753553907000 3359700
LATENCY 2186100
TIMELINE 37 21 241753592587600 2186100
LATENCY 2148700
TIMELINE 37 37 241753628830500 2148700
LATENCY 2122100
TIMELINE 37 53 241753663601700 2122100
LATENCY 2297700
TIMELINE 37 69 241753699042300 2297700
LATENCY 2129800
TIMELINE 37 85 241753735354800 2129800
LATENCY 2297400
TIMELINE 37 101 241753769732800 2297400
LATENCY 2173100
TIMELINE 37 117 241753805842200 2173100
LATENCY 2137300
TIMELINE 37 133 241753862064500 2137300
LATENCY 2411700
TIMELINE 37 149 241753896023600 2411700
LATENCY 2231600
TIMELINE 37 165 241753934425000 2231600
LATENCY 2201000
TIMELINE 37 181 241753969935900 2201000
LATENCY 2165900
TIMELINE 37 197 241754004866100 2165900
LATENCY 2184000
TIMELINE 37 213 241754039870400 2184000
LATENCY 2267000
TIMELINE 37 229 241754075458200 2267000
LATENCY 2144300
TIMELINE 37 245 241754109890900 2144300
LATENCY 2204800
TIMELINE 37 261 241754163705700 2204800
LATENCY 2142300
TIMELINE 37 277 241754198439900 2142300
LATENCY 2107500
TIMELINE 37 293 241754232483600 2107500
LATENCY 2179700
TIMELINE 37 309 241754266765400 2179700
LATENCY 2160900
TIMELINE 37 325 241754301904700 2160900
LATENCY 2422300
TIMELINE 37 341 241754338293900 2422300
LATENCY 2185100
TIMELINE 37 357 241754374485400 2185100
LATENCY 2139000
TIMELINE 37 373 241754409453400 2139000
LATENCY 19708000
TIMELINE 37 389 241754444097800 19708000
LATENCY 2146600
TIMELINE 37 405 241754497242600 2146600
LATENCY 2085900
TIMELINE 37 421 241754531054700 2085900
LATENCY 2107700
TIMELINE 37 437 241754565572200 2107700
LATENCY 2097000
TIMELINE 37 453 241754600108400 2097000
LATENCY 2199200
TIMELINE 37 469 241754635350500 2199200
LATENCY 2045700
TIMELINE 37 485 241754669876200 2045700
LATENCY 2131200
TIMELINE 37 501 241754704426500 2131200
LATENCY 2389200
TIMELINE 37 517 241754739213300 2389200
LATENCY 2230900
TIMELINE 37 533 241754795545200 2230900
LATENCY 2102800
TIMELINE 37 549 241754831256000 2102800
LATENCY 2198400
TIMELINE 37 565 241754865362700 2198400
LATENCY 2197900
TIMELINE 37 581 241754901232600 2197900
LATENCY 2129700
TIMELINE 37 597 241754935511600 2129700
LATENCY 2140700
TIMELINE 37 613 241754969758300 2140700
LATENCY 2409800
TIMELINE 37 629 241755005902900 2409800
LATENCY 2404300
TIMELINE 37 645 241755042440400 2404300
LATENCY 2269400
TIMELINE 37 661 241755098973500 2269400
LATENCY 2180500
TIMELINE 37 677 241755135431200 2180500
LATENCY 2274700
TIMELINE 37 693 241755171727200 2274700
LATENCY 2155800
TIMELINE 37 709 241755206880900 2155800
LATENCY 2088700
TIMELINE 37 725 241755241916200 2088700
LATENCY 2166200
TIMELINE 37 741 241755276309300 2166200
LATENCY 2483800
TIMELINE 37 757 241755311671900 2483800
LATENCY 2125700
TIMELINE 37 773 241755347782900 2125700
LATENCY 2438300
TIMELINE 37 789 241755402680600 2438300
LATENCY 2099600
TIMELINE 37 805 241755437207200 2099600
LATENCY 2205800
TIMELINE 37 821 241755472329400 2205800
LATENCY 2270000
TIMELINE 37 837 241755507682300 2270000
LATENCY 2220100
TIMELINE 37 853 241755542720200 2220100
LATENCY 2260500
TIMELINE 37 869 241755578702800 2260500
LATENCY 2274400
TIMELINE 37 885 241755613699700 2274400
LATENCY 2119400
TIMELINE 37 901 241755649977200 2119400
LATENCY 2213900
TIMELINE 37 917 241755684993500 2213900
LATENCY 2156300
TIMELINE 37 933 241755742306400 2156300
LATENCY 2173100
TIMELINE 37 949 241755778121300 2173100
LATENCY 2244300
TIMELINE 37 965 241755814273000 2244300
LATENCY 2109000
TIMELINE 37 981 241755849759600 2109000
LATENCY 2135100
TIMELINE 37 997 241755884029400 2135100
LATENCY 2287000
TIMELINE 37 1013 241755918577700 2287000
LATENCY 2170500
TIMELINE 37 1029 241755953927500 2170500
LATENCY 2219700
TIMELINE 37 1045 241755989065500 2219700
LATENCY 2143000
TIMELINE 37 1061 241756030158700 2143000
LATENCY 2318500
TIMELINE 37 1077 241756065418400 2318500
LATENCY 2142800
TIMELINE 37 1093 241756100725400 2142800
LATENCY 2142400
TIMELINE 37 1109 241756136136700 2142400
LATENCY 2215600
TIMELINE 37 1125 241756172003400 2215600
LATENCY 2390100
TIMELINE 37 1141 241756206981700 2390100
LATENCY 2087000
TIMELINE 37 1157 241756241890500 2087000
LATENCY 2106800
TIMELINE 37 1173 241756275932600 2106800
LATENCY 2096300
TIMELINE 37 1189 241756315303400 2096300
LATENCY 2236200
TIMELINE 37 1205 241756350264700 2236200
LATENCY 2087700
TIMELINE 37 1221 241756385349000 2087700
LATENCY 2722100
TIMELINE 37 1237 241756420847000 2722100
LATENCY 3036100
TIMELINE 37 1253 241756466703600 3036100
LATENCY 2635300
TIMELINE 37 1269 241756510508500 2635300
LATENCY 2686200
TIMELINE 37 1285 241756554028400 2686200
LATENCY 2826200
TIMELINE 37 1301 241756601025800 2826200
LATENCY 2722800
TIMELINE 37 1317 241756648092900 2722800
LATENCY 2646700
TIMELINE 37 1333 241756697382300 2646700
LATENCY 2753600
TIMELINE 37 1349 241756741142700 2753600
LATENCY 2937600
TIMELINE 37 1365 241756785732400 2937600
LATENCY 2579900
TIMELINE 37 1381 241756832737100 2579900
LATENCY 2598200
TIMELINE 37 1397 241756875629400 2598200
LATENCY 2631900
TIMELINE 37 1413 241756917833300 2631900
LATENCY 2613000
TIMELINE 37 1429 241756960278100 2613000
LATENCY 2913800
TIMELINE 37 1445 241757005246000 2913800
LATENCY 2693600
TIMELINE 37 1461 241757060452400 2693600
LATENCY 2613300
TIMELINE 37 1477 241757102931100 2613300
LATENCY 2878500
TIMELINE 37 1493 241757147629100 2878500
LATENCY 2650800
TIMELINE 37 1509 241757194851500 2650800
LATENCY 2758600
TIMELINE 37 1525 241757237576700 2758600
LATENCY 2895800
TIMELINE 37 1541 241757284562800 2895800
LATENCY 2915500
TIMELINE 37 1557 241757331917300 2915500
LATENCY 2737300
TIMELINE 37 1573 241757377134400 2737300
LATENCY 2896600
TIMELINE 37 1589 241757428727800 2896600
LATENCY 2651800
TIMELINE 37 1605 241757475679000 2651800
LATENCY 2693000
TIMELINE 37 1621 241757518885600 2693000
LATENCY 3122300
TIMELINE 37 1637 241757568621500 3122300
LATENCY 2943800
TIMELINE 37 1653 241757616723200 2943800
LATENCY 2565100
TIMELINE 37 1669 241757662143900 2565100
LATENCY 2858300
TIMELINE 37 1685 241757708656300 2858300
LATENCY 2857300
TIMELINE 37 1701 241757755121400 2857300
LATENCY 2908300
TIMELINE 37 1717 241757800759900 2908300
LATENCY 2776200
TIMELINE 37 1733 241757852000900 2776200
LATENCY 2961000
TIMELINE 37 1749 241757899862300 2961000
LATENCY 2811300
TIMELINE 37 1765 241757945057500 2811300
LATENCY 2709200
TIMELINE 37 1781 241757991810900 2709200
LATENCY 2806100
TIMELINE 37 1797 241758038066600 2806100
LATENCY 2985300
TIMELINE 37 1813 241758083319700 2985300
LATENCY 2974400
TIMELINE 37 1829 241758129742500 2974400
LATENCY 3123500
TIMELINE 37 1845 241758176321300 3123500
LATENCY 2657400
TIMELINE 37 1861 241758226031000 2657400
LATENCY 2848300
TIMELINE 37 1877 241758268393000 2848300
LATENCY 2795100
TIMELINE 37 1893 241758312813900 2795100
LATENCY 2727600
TIMELINE 37 1909 241758360500600 2727600
LATENCY 3037100
TIMELINE 37 1925 241758409459500 3037100
LATENCY 2630000
TIMELINE 37 1941 241758454335300 2630000
LATENCY 2795300
TIMELINE 37 1957 241758497731000 2795300
LATENCY 2623900
TIMELINE 37 1973 241758541381900 2623900
LATENCY 2802500
TIMELINE 37 1989 241758590709900 2802500
LATENCY 3222900
TIMELINE 37 2005 241758637129700 3222900
LATENCY 3075200
TIMELINE 37 2021 241758684588100 3075200
LATENCY 2562100
TIMELINE 37 2037 241758731634900 2562100
LATENCY 3100500
TIMELINE 38 6 241753557308800 3100500
LATENCY 2139900
TIMELINE 38 22 241753594839800 2139900
LATENCY 2195900
TIMELINE 38 38 241753631113600 2195900
LATENCY 2167000
TIMELINE 38 54 241753665759200 2167000
LATENCY 2286800
TIMELINE 38 70 241753701618100 2286800
LATENCY 2124600
TIMELINE 38 86 241753737763200 2124600
LATENCY 2217600
TIMELINE 38 102 241753772308800 2217600
LATENCY 2230600
TIMELINE 38 118 241753808350900 2230600
LATENCY 2166700
TIMELINE 38 134 241753864620800 2166700
LATENCY 2319700
TIMELINE 38 150 241753898906700 2319700
LATENCY 2251000
TIMELINE 38 166 241753936870700 2251000
LATENCY 2209200
TIMELINE 38 182 241753972397300 2209200
LATENCY 2145800
TIMELINE 38 198 241754007129500 2145800
LATENCY 2160800
TIMELINE 38 214 241754042419800 2160800
LATENCY 2268100
TIMELINE 38 230 241754078155200 2268100
LATENCY 2189100
TIMELINE 38 246 241754112456600 2189100
LATENCY 2123200
TIMELINE 38 262 241754166277300 2123200
LATENCY 2114000
TIMELINE 38 278 241754201057700 2114000
LATENCY 2091000
TIMELINE 38 294 241754235060500 2091000
LATENCY 2172700
TIMELINE 38 310 241754269409100 2172700
LATENCY 2137300
TIMELINE 38 326 241754304616100 2137300
LATENCY 2236700
TIMELINE 38 342 241754341002800 2236700
LATENCY 2243500
TIMELINE 38 358 241754376915700 2243500
LATENCY 2134200
TIMELINE 38 374 241754411901000 2134200
LATENCY 2490600
TIMELINE 38 390 241754464280300 2490600
LATENCY 2133500
TIMELINE 38 406 241754499726100 2133500
LATENCY 2085400
TIMELINE 38 422 241754533466700 2085400
LATENCY 2121500
TIMELINE 38 438 241754568044000 2121500
LATENCY 2141700
TIMELINE 38 454 241754602571400 2141700
LATENCY 2211400
TIMELINE 38 470 241754637890500 2211400
LATENCY 2133700
TIMELINE 38 486 241754672265000 2133700
LATENCY 2131700
TIMELINE 38 502 241754706793300 2131700
LATENCY 2267700
TIMELINE 38 518 241754741749300 2267700
LATENCY 2239300
TIMELINE 38 534 241754797929700 2239300
LATENCY 2156300
TIMELINE 38 550 241754833421200 2156300
LATENCY 2253400
TIMELINE 38 566 241754867627700 2253400
LATENCY 2143600
TIMELINE 38 582 241754903253500 2143600
LATENCY 2146400
TIMELINE 38 598 241754937504100 2146400
LATENCY 2094400
TIMELINE 38 614 241754971730200 2094400
LATENCY 2549600
TIMELINE 38 630 241755008130200 2549600
LATENCY 2259300
TIMELINE 38 646 241755044724400 2259300
LATENCY 2424300
TIMELINE 38 662 241755101021700 2424300
LATENCY 2599500
TIMELINE 38 678 241755137463900 2599500
LATENCY 2116400
TIMELINE 38 694 241755173973400 2116400
LATENCY 2183200
TIMELINE 38 710 241755209321600 2183200
LATENCY 2101400
TIMELINE 38 726 241755243917100 2101400
LATENCY 2220500
TIMELINE 38 742 241755278389600 2220500
LATENCY 2278000
TIMELINE 38 758 241755313926000 2278000
LATENCY 2124800
TIMELINE 38 774 241755349603600 2124800
LATENCY 2367300
TIMELINE 38 790 241755404761800 2367300
LATENCY 2108200
TIMELINE 38 806 241755439101600 2108200
LATENCY 2282300
TIMELINE 38 822 241755474307300 2282300
LATENCY 2191600
TIMELINE 38 838 241755509666000 2191600
LATENCY 2295000
TIMELINE 38 854 241755544723800 2295000
LATENCY 2474300
TIMELINE 38 870 241755580673700 2474300
LATENCY 2375800
TIMELINE 38 886 241755615765400 2375800
LATENCY 2111100
TIMELINE 38 902 241755651855800 2111100
LATENCY 2207400
TIMELINE 38 918 241755686897000 2207400
LATENCY 2148800
TIMELINE 38 934 241755743992500 2148800
LATENCY 2171600
TIMELINE 38 950 241755779930100 2171600
LATENCY 2176500
TIMELINE 38 966 241755816221200 2176500
LATENCY 2139400
TIMELINE 38 982 241755851398100 2139400
LATENCY 2187500
TIMELINE 38 998 241755885712400 2187500
LATENCY 2317500
TIMELINE 38 1014 241755920401700 2317500
LATENCY 2217100
TIMELINE 38 1030 241755955712200 2217100
LATENCY 2175300
TIMELINE 38 1046 241755990896100 2175300
LATENCY 2132900
TIMELINE 38 1062 241756031856500 2132900
LATENCY 2466600
TIMELINE 38 1078 241756066873400 2466600
LATENCY 2148200
TIMELINE 38 1094 241756102198700 2148200
LATENCY 2319200
TIMELINE 38 1110 241756137630100 2319200
LATENCY 2244400
TIMELINE 38 1126 241756173460400 2244400
LATENCY 2449000
TIMELINE 38 1142 241756208555800 2449000
LATENCY 2102800
TIMELINE 38 1158 241756243229200 2102800
LATENCY 2091600
TIMELINE 38 1174 241756277291500 2091600
LATENCY 2162300
TIMELINE 38 1190 241756316649900 2162300
LATENCY 2205700
TIMELINE 38 1206 241756351613500 2205700
LATENCY 2041900
TIMELINE 38 1222 241756386633500 2041900
LATENCY 2749500
TIMELINE 38 1238 241756422496500 2749500
LATENCY 3056500
TIMELINE 38 1254 241756468511100 3056500
LATENCY 2611500
TIMELINE 38 1270 241756511914100 2611500
LATENCY 5062900
TIMELINE 38 1286 241756555409300 5062900
LATENCY 2933600
TIMELINE 38 1302 241756602420500 2933600
LATENCY 2724000
TIMELINE 38 1318 241756649512100 2724000
LATENCY 2731400
TIMELINE 38 1334 241756698731000 2731400
LATENCY 2434100
TIMELINE 38 1350 241756742521100 2434100
LATENCY 2951300
TIMELINE 38 1366 241756787240000 2951300
LATENCY 2759300
TIMELINE 38 1382 241756834065100 2759300
LATENCY 2575900
TIMELINE 38 1398 241756876976100 2575900
LATENCY 2825600
TIMELINE 38 1414 241756919188400 2825600
LATENCY 2625400
TIMELINE 38 1430 241756961617000 2625400
LATENCY 2899000
TIMELINE 38 1446 241757006790700 2899000
LATENCY 2695200
TIMELINE 38 1462 241757060518400 2695200
LATENCY 2623700
TIMELINE 38 1478 241757102999900 2623700
LATENCY 2899800
TIMELINE 38 1494 241757147739600 2899800
LATENCY 2653200
TIMELINE 38 1510 241757194960800 2653200
LATENCY 2746100
TIMELINE 38 1526 241757237697000 2746100
LATENCY 2936300
TIMELINE 38 1542 241757284690900 2936300
LATENCY 2922100
TIMELINE 38 1558 241757332083700 2922100
LATENCY 2714200
TIMELINE 38 1574 241757377375200 2714200
LATENCY 2900400
TIMELINE 38 1590 241757428966700 2900400
LATENCY 2689500
TIMELINE 38 1606 241757475888900 2689500
LATENCY 2701700
TIMELINE 38 1622 241757519106400 2701700
LATENCY 3069200
TIMELINE 38 1638 241757569484100 3069200
LATENCY 2969200
TIMELINE 38 1654 241757617552800 2969200
LATENCY 2581000
TIMELINE 38 1670 241757662847400 2581000
LATENCY 2766700
TIMELINE 38 1686 241757709483700 2766700
LATENCY 3018100
TIMELINE 38 1702 241757755993400 3018100
LATENCY 2923600
TIMELINE 38 1718 241757801666200 2923600
LATENCY 2768300
TIMELINE 38 1734 241757852861200 2768300
LATENCY 2989100
TIMELINE 38 1750 241757900732400 2989100
LATENCY 2910700
TIMELINE 38 1766 241757945807900 2910700
LATENCY 2719900
TIMELINE 38 1782 241757992519800 2719900
LATENCY 2793700
TIMELINE 38 1798 241758038869700 2793700
LATENCY 2878100
TIMELINE 38 1814 241758083998400 2878100
LATENCY 2945900
TIMELINE 38 1830 241758130358700 2945900
LATENCY 3133200
TIMELINE 38 1846 241758177060100 3133200
LATENCY 2659600
TIMELINE 38 1862 241758226802600 2659600
LATENCY 2887500
TIMELINE 38 1878 241758269134900 2887500
LATENCY 2838600
TIMELINE 38 1894 241758313599000 2838600
LATENCY 2761400
TIMELINE 38 1910 241758361137700 2761400
LATENCY 3026000
TIMELINE 38 1926 241758410064600 3026000
LATENCY 2634400
TIMELINE 38 1942 241758454840100 2634400
LATENCY 2812700
TIMELINE 38 1958 241758498281300 2812700
LATENCY 2660400
TIMELINE 38 1974 241758541874200 2660400
LATENCY 2803200
TIMELINE 38 1990 241758591320700 2803200
LATENCY 3103700
TIMELINE 38 2006 241758637911100 3103700
LATENCY 3103000
TIMELINE 38 2022 241758685236900 3103000
LATENCY 2608500
TIMELINE 38 2038 241758732134000 2608500
LATENCY 3081900
TIMELINE 39 7 241753560450800 3081900
LATENCY 2174900
TIMELINE 39 23 241753596948900 2174900
LATENCY 2155900
TIMELINE 39 39 241753633166300 2155900
LATENCY 2252700
TIMELINE 39 55 241753667778900 2252700
LATENCY 2290100
TIMELINE 39 71 241753703666700 2290100
LATENCY 2139200
TIMELINE 39 87 241753739663700 2139200
LATENCY 2208000
TIMELINE 39 103 241753774308200 2208000
LATENCY 2159400
TIMELINE 39 119 241753810311800 2159400
LATENCY 2176100
TIMELINE 39 135 241753866430600 2176100
LATENCY 2270800
TIMELINE 39 151 241753901273400 2270800
LATENCY 2277000
TIMELINE 39 167 241753939092500 2277000
LATENCY 2188600
TIMELINE 39 183 241753974550200 2188600
LATENCY 2113600
TIMELINE 39 199 241754009307000 2113600
LATENCY 2163100
TIMELINE 39 215 241754044463500 2163100
LATENCY 2214700
TIMELINE 39 231 241754080516600 2214700
LATENCY 2386300
TIMELINE 39 247 241754114782400 2386300
LATENCY 2133800
TIMELINE 39 263 241754168609500 2133800
LATENCY 2125200
TIMELINE 39 279 241754203431300 2125200
LATENCY 2115200
TIMELINE 39 295 241754237413700 2115200
LATENCY 2115200
TIMELINE 39 311 241754271779800 2115200
LATENCY 2243400
TIMELINE 39 327 241754307129400 2243400
LATENCY 2183700
TIMELINE 39 343 241754343719900 2183700
LATENCY 2259700
TIMELINE 39 359 241754379657500 2259700
LATENCY 2090600
TIMELINE 39 375 241754414447500 2090600
LATENCY 2166600
TIMELINE 39 391 241754467238500 2166600
LATENCY 2092200
TIMELINE 39 407 241754502113100 2092200
LATENCY 2087300
TIMELINE 39 423 241754535816200 2087300
LATENCY 2139900
TIMELINE 39 439 241754570287300 2139900
LATENCY 2097300
TIMELINE 39 455 241754604835800 2097300
LATENCY 2187100
TIMELINE 39 471 241754640164500 2187100
LATENCY 2097600
TIMELINE 39 487 241754674459100 2097600
LATENCY 2113300
TIMELINE 39 503 241754708959000 2113300
LATENCY 2260200
TIMELINE 39 519 241754744221700 2260200
LATENCY 2573300
TIMELINE 39 535 241754800326100 2573300
LATENCY 2098200
TIMELINE 39 551 241754835747200 2098200
LATENCY 2178900
TIMELINE 39 567 241754870057900 2178900
LATENCY 2098300
TIMELINE 39 583 241754905520300 2098300
LATENCY 2123100
TIMELINE 39 599 241754939738900 2123100
LATENCY 2103900
TIMELINE 39 615 241754973918000 2103900
LATENCY 2393600
TIMELINE 39 631 241755010772700 2393600
LATENCY 2223900
TIMELINE 39 647 241755046925400 2223900
LATENCY 2258900
TIMELINE 39 663 241755103482900 2258900
LATENCY 2410900
TIMELINE 39 679 241755140030700 2410900
LATENCY 2230000
TIMELINE 39 695 241755176150100 2230000
LATENCY 2109000
TIMELINE 39 711 241755211170500 2109000
LATENCY 2111400
TIMELINE 39 727 241755245992600 2111400
LATENCY 2360500
TIMELINE 39 743 241755280495500 2360500
LATENCY 2183400
TIMELINE 39 759 241755316267700 2183400
LATENCY 2103800
TIMELINE 39 775 241755351764200 2103800
LATENCY 2135800
TIMELINE 39 791 241755407098300 2135800
LATENCY 2171900
TIMELINE 39 807 241755441181300 2171900
LATENCY 2184800
TIMELINE 39 823 241755476865000 2184800
LATENCY 2196900
TIMELINE 39 839 241755512127400 2196900
LATENCY 2375900
TIMELINE 39 855 241755547383200 2375900
LATENCY 2193600
TIMELINE 39 871 241755583451900 2193600
LATENCY 2415200
TIMELINE 39 887 241755618486300 2415200
LATENCY 2139300
TIMELINE 39 903 241755654259500 2139300
LATENCY 2389800
TIMELINE 39 919 241755689434700 2389800
LATENCY 2157300
TIMELINE 39 935 241755746580000 2157300
LATENCY 2297700
TIMELINE 39 951 241755782336900 2297700
LATENCY 2411700
TIMELINE 39 967 241755818613100 2411700
LATENCY 2138300
TIMELINE 39 983 241755853875100 2138300
LATENCY 2092300
TIMELINE 39 999 241755888218800 2092300
LATENCY 2231300
TIMELINE 39 1015 241755923092000 2231300
LATENCY 2137100
TIMELINE 39 1031 241755958257900 2137100
LATENCY 2149500
TIMELINE 39 1047 241755993223500 2149500
LATENCY 2248500
TIMELINE 39 1063 241756034161800 2248500
LATENCY 2181300
TIMELINE 39 1079 241756069748300 2181300
LATENCY 2100400
TIMELINE 39 1095 241756104638100 2100400
LATENCY 2162800
TIMELINE 39 1111 241756140440800 2162800
LATENCY 2215600
TIMELINE 39 1127 241756176156900 2215600
LATENCY 2153600
TIMELINE 39 1143 241756211367400 2153600
LATENCY 2128100
TIMELINE 39 1159 241756245636100 2128100
LATENCY 2105300
TIMELINE 39 1175 241756279674000 2105300
LATENCY 2148800
TIMELINE 39 1191 241756319104400 2148800
LATENCY 2149300
TIMELINE 39 1207 241756354053700 2149300
LATENCY 2082500
TIMELINE 39 1223 241756388803500 2082500
LATENCY 2710900
TIMELINE 39 1239 241756425498200 2710900
LATENCY 3090600
TIMELINE 39 1255 241756471859600 3090600
LATENCY 2638900
TIMELINE 39 1271 241756514783500 2638900
LATENCY 2762600
TIMELINE 39 1287 241756561151200 2762600
LATENCY 2955600
TIMELINE 39 1303 241756605736600 2955600
LATENCY 2695300
TIMELINE 39 1319 241756652628400 2695300
LATENCY 2713000
TIMELINE 39 1335 241756701873000 2713000
LATENCY 2731200
TIMELINE 39 1351 241756745246600 2731200
LATENCY 2544900
TIMELINE 39 1367 241756790606400 2544900
LATENCY 2938800
TIMELINE 39 1383 241756837227000 2938800
LATENCY 2616800
TIMELINE 39 1399 241756879919000 2616800
LATENCY 2638900
TIMELINE 39 1415 241756922404000 2638900
LATENCY 2688200
TIMELINE 39 1431 241756964607900 2688200
LATENCY 3441500
TIMELINE 39 1447 241757010162500 3441500
LATENCY 2626300
TIMELINE 39 1463 241757066223200 2626300
LATENCY 2668400
TIMELINE 39 1479 241757108774600 2668400
LATENCY 2930800
TIMELINE 39 1495 241757153576700 2930800
LATENCY 2807200
TIMELINE 39 1511 241757200597700 2807200
LATENCY 2782600
TIMELINE 39 1527 241757243574400 2782600
LATENCY 2970000
TIMELINE 39 1543 241757290949000 2970000
LATENCY 2906800
TIMELINE 39 1559 241757338288200 2906800
LATENCY 2993500
TIMELINE 39 1575 241757383050600 2993500
LATENCY 2842000
TIMELINE 39 1591 241757435000400 2842000
LATENCY 2749300
TIMELINE 39 1607 241757481527600 2749300
LATENCY 2616600
TIMELINE 39 1623 241757524599900 2616600
LATENCY 3210100
TIMELINE 39 1639 241757575350900 3210100
LATENCY 2996500
TIMELINE 39 1655 241757623217800 2996500
LATENCY 2624900
TIMELINE 39 1671 241757667737500 2624900
LATENCY 2758300
TIMELINE 39 1687 241757714722600 2758300
LATENCY 2886500
TIMELINE 39 1703 241757761576300 2886500
LATENCY 2939900
TIMELINE 39 1719 241757807153200 2939900
LATENCY 3154900
TIMELINE 39 1735 241757858256700 3154900
LATENCY 2924300
TIMELINE 39 1751 241757906180700 2924300
LATENCY 2867400
TIMELINE 39 1767 241757951163600 2867400
LATENCY 2657600
TIMELINE 39 1783 241757997522000 2657600
LATENCY 2866300
TIMELINE 39 1799 241758044027500 2866300
LATENCY 2904500
TIMELINE 39 1815 241758089492800 2904500
LATENCY 2959500
TIMELINE 39 1831 241758135999400 2959500
LATENCY 2727800
TIMELINE 39 1847 241758182574400 2727800
LATENCY 2620100
TIMELINE 39 1863 241758231687400 2620100
LATENCY 2765300
TIMELINE 39 1879 241758274291000 2765300
LATENCY 2795800
TIMELINE 39 1895 241758318701400 2795800
LATENCY 3204000
TIMELINE 39 1911 241758366270800 3204000
LATENCY 2742300
TIMELINE 39 1927 241758415647000 2742300
LATENCY 2807800
TIMELINE 39 1943 241758459745700 2807800
LATENCY 2728500
TIMELINE 39 1959 241758503379600 2728500
LATENCY 2662900
TIMELINE 39 1975 241758546695200 2662900
LATENCY 2721200
TIMELINE 39 1991 241758596485900 2721200
LATENCY 3050500
TIMELINE 39 2007 241758643561400 3050500
LATENCY 2900700
TIMELINE 39 2023 241758690911800 2900700
LATENCY 2556400
TIMELINE 39 2039 241758736996900 2556400
LATENCY 2496100
TIMELINE 40 8 241753563570700 2496100
LATENCY 2165400
TIMELINE 40 24 241753599189800 2165400
LATENCY 2135200
TIMELINE 40 40 241753635439700 2135200
LATENCY 2470300
TIMELINE 40 56 241753670282800 2470300
LATENCY 2215600
TIMELINE 40 72 241753706169200 2215600
LATENCY 2161000
TIMELINE 40 88 241753742012300 2161000
LATENCY 2156800
TIMELINE 40 104 241753776767500 2156800
LATENCY 2496300
TIMELINE 40 120 241753812739900 2496300
LATENCY 2127500
TIMELINE 40 136 241753868756400 2127500
LATENCY 2346000
TIMELINE 40 152 241753903515700 2346000
LATENCY 2217800
TIMELINE 40 168 241753941209800 2217800
LATENCY 2131600
TIMELINE 40 184 241753976593100 2131600
LATENCY 2121600
TIMELINE 40 200 241754011185100 2121600
LATENCY 2245300
TIMELINE 40 216 241754046474600 2245300
LATENCY 2143900
TIMELINE 40 232 241754082415700 2143900
LATENCY 2262600
TIMELINE 40 248 241754116857000 2262600
LATENCY 2131000
TIMELINE 40 264 241754170427100 2131000
LATENCY 2135100
TIMELINE 40 280 241754205085100 2135100
LATENCY 2105300
TIMELINE 40 296 241754239072500 2105300
LATENCY 2167200
TIMELINE 40 312 241754273538900 2167200
LATENCY 2226100
TIMELINE 40 328 241754308948500 2226100
LATENCY 2227800
TIMELINE 40 344 241754345458000 2227800
LATENCY 2196800
TIMELINE 40 360 241754381510300 2196800
LATENCY 2116300
TIMELINE 40 376 241754416179400 2116300
LATENCY 2216600
TIMELINE 40 392 241754468998300 2216600
LATENCY 2098400
TIMELINE 40 408 241754503985400 2098400
LATENCY 2094400
TIMELINE 40 424 241754537678800 2094400
LATENCY 2101100
TIMELINE 40 440 241754572231500 2101100
LATENCY 2099400
TIMELINE 40 456 241754606731100 2099400
LATENCY 2152700
TIMELINE 40 472 241754642114300 2152700
LATENCY 2088600
TIMELINE 40 488 241754676329200 2088600
LATENCY 2100600
TIMELINE 40 504 241754710927900 2100600
LATENCY 2361100
TIMELINE 40 520 241754746339300 2361100
LATENCY 2225600
TIMELINE 40 536 241754802721700 2225600
LATENCY 2131600
TIMELINE 40 552 241754837703500 2131600
LATENCY 2014700
TIMELINE 40 568 241754872134100 2014700
LATENCY 2197800
TIMELINE 40 584 241754907533600 2197800
LATENCY 2122200
TIMELINE 40 600 241754941802100 2122200
LATENCY 2154600
TIMELINE 40 616 241754975959100 2154600
LATENCY 2221400
TIMELINE 40 632 241755013104400 2221400
LATENCY 2258700
TIMELINE 40 648 241755049247100 2258700
LATENCY 2424300
TIMELINE 40 664 241755105774300 2424300
LATENCY 2418600
TIMELINE 40 680 241755142541100 2418600
LATENCY 2193500
TIMELINE 40 696 241755178503900 2193500
LATENCY 2109700
TIMELINE 40 712 241755213592500 2109700
LATENCY 2181700
TIMELINE 40 728 241755248195800 2181700
LATENCY 2280900
TIMELINE 40 744 241755283111200 2280900
LATENCY 2443600
TIMELINE 40 760 241755318556700 2443600
LATENCY 2096500
TIMELINE 40 776 241755353992100 2096500
LATENCY 2146900
TIMELINE 40 792 241755409380100 2146900
LATENCY 2238900
TIMELINE 40 808 241755443518200 2238900
LATENCY 2285300
TIMELINE 40 824 241755478872300 2285300
LATENCY 2153100
TIMELINE 40 840 241755514264500 2153100
LATENCY 2185700
TIMELINE 40 856 241755549638500 2185700
LATENCY 2223200
TIMELINE 40 872 241755585500200 2223200
LATENCY 2208100
TIMELINE 40 888 241755620812300 2208100
LATENCY 2107100
TIMELINE 40 904 241755656309900 2107100
LATENCY 21835500
TIMELINE 40 920 241755691735500 21835500
LATENCY 2225900
TIMELINE 40 936 241755748578200 2225900
LATENCY 2261100
TIMELINE 40 952 241755784906200 2261100
LATENCY 2218700
TIMELINE 40 968 241755821279200 2218700
LATENCY 2150500
TIMELINE 40 984 241755856253200 2150500
LATENCY 2124100
TIMELINE 40 1000 241755890546700 2124100
LATENCY 2301600
TIMELINE 40 1016 241755925501100 2301600
LATENCY 2204500
TIMELINE 40 1032 241755960578100 2204500
LATENCY 2270700
TIMELINE 40 1048 241755995702700 2270700
LATENCY 2202100
TIMELINE 40 1064 241756036657100 2202100
LATENCY 2352300
TIMELINE 40 1080 241756072375700 2352300
LATENCY 2185700
TIMELINE 40 1096 241756107253200 2185700
LATENCY 2284200
TIMELINE 40 1112 241756142894300 2284200
LATENCY 2191100
TIMELINE 40 1128 241756178829400 2191100
LATENCY 2189700
TIMELINE 40 1144 241756213914700 2189700
LATENCY 2119600
TIMELINE 40 1160 241756248140300 2119600
LATENCY 2124600
TIMELINE 40 1176 241756282157600 2124600
LATENCY 2180300
TIMELINE 40 1192 241756321566800 2180300
LATENCY 2262400
TIMELINE 40 1208 241756356584800 2262400
LATENCY 2074700
TIMELINE 40 1224 241756391092700 2074700
LATENCY 2716500
TIMELINE 40 1240 241756428446900 2716500
LATENCY 3012000
TIMELINE 40 1256 241756475198500 3012000
LATENCY 2651600
TIMELINE 40 1272 241756517636100 2651600
LATENCY 2759400
TIMELINE 40 1288 241756564150700 2759400
LATENCY 2989700
TIMELINE 40 1304 241756608901200 2989700
LATENCY 2700900
TIMELINE 40 1320 241756655521800 2700900
LATENCY 2720500
TIMELINE 40 1336 241756704792300 2720500
LATENCY 2693300
TIMELINE 40 1352 241756748154100 2693300
LATENCY 2773900
TIMELINE 40 1368 241756793354700 2773900
LATENCY 2795200
TIMELINE 40 1384 241756840394400 2795200
LATENCY 2669500
TIMELINE 40 1400 241756882716200 2669500
LATENCY 2640200
TIMELINE 40 1416 241756925220100 2640200
LATENCY 2630000
TIMELINE 40 1432 241756967476500 2630000
LATENCY 5801600
TIMELINE 40 1448 241757013832300 5801600
LATENCY 2622800
TIMELINE 40 1464 241757068090300 2622800
LATENCY 2622500
TIMELINE 40 1480 241757110678400 2622500
LATENCY 2505200
TIMELINE 40 1496 241757155816700 2505200
LATENCY 2703100
TIMELINE 40 1512 241757202666800 2703100
LATENCY 3022300
TIMELINE 40 1528 241757245540000 3022300
LATENCY 3056100
TIMELINE 40 1544 241757293079700 3056100
LATENCY 2897800
TIMELINE 40 1560 241757340396600 2897800
LATENCY 3039000
TIMELINE 40 1576 241757385201200 3039000
LATENCY 2926200
TIMELINE 40 1592 241757437062300 2926200
LATENCY 2721600
TIMELINE 40 1608 241757483558700 2721600
LATENCY 2833000
TIMELINE 40 1624 241757526522300 2833000
LATENCY 3221900
TIMELINE 40 1640 241757577547000 3221900
LATENCY 3050700
TIMELINE 40 1656 241757625254600 3050700
LATENCY 2597800
TIMELINE 40 1672 241757669590200 2597800
LATENCY 2870000
TIMELINE 40 1688 241757716605100 2870000
LATENCY 2871800
TIMELINE 40 1704 241757763492900 2871800
LATENCY 2941100
TIMELINE 40 1720 241757809065900 2941100
LATENCY 3157700
TIMELINE 40 1736 241757860277700 3157700
LATENCY 2949200
TIMELINE 40 1752 241757908045000 2949200
LATENCY 2951700
TIMELINE 40 1768 241757953023900 2951700
LATENCY 2733000
TIMELINE 40 1784 241757999194200 2733000
LATENCY 2884400
TIMELINE 40 1800 241758045915800 2884400
LATENCY 2887200
TIMELINE 40 1816 241758091403800 2887200
LATENCY 2965000
TIMELINE 40 1832 241758137915300 2965000
LATENCY 2788800
TIMELINE 40 1848 241758184446500 2788800
LATENCY 2639300
TIMELINE 40 1864 241758233638100 2639300
LATENCY 2703000
TIMELINE 40 1880 241758276342300 2703000
LATENCY 4908000
TIMELINE 40 1896 241758320879900 4908000
LATENCY 3089000
TIMELINE 40 1912 241758368660000 3089000
LATENCY 2666900
TIMELINE 40 1928 241758417759800 2666900
LATENCY 2765500
TIMELINE 40 1944 241758461753900 2765500
LATENCY 2731700
TIMELINE 40 1960 241758505490100 2731700
LATENCY 2779500
TIMELINE 40 1976 241758548762700 2779500
LATENCY 2863600
TIMELINE 40 1992 241758598593700 2863600
LATENCY 3046900
TIMELINE 40 2008 241758645930100 3046900
LATENCY 2923000
TIMELINE 40 2024 241758693166400 2923000
LATENCY 2585200
TIMELINE 40 2040 241758739027100 2585200
LATENCY 2216700
TIMELINE 41 9 241753566103700 2216700
LATENCY 2148700
TIMELINE 41 25 241753601390400 2148700
LATENCY 2135300
TIMELINE 41 41 241753637665600 2135300
LATENCY 2281100
TIMELINE 41 57 241753672785100 2281100
LATENCY 2301700
TIMELINE 41 73 241753708574200 2301700
LATENCY 2107300
TIMELINE 41 89 241753744406100 2107300
LATENCY 2420000
TIMELINE 41 105 241753779138500 2420000
LATENCY 2239500
TIMELINE 41 121 241753815791600 2239500
LATENCY 2095000
TIMELINE 41 137 241753871415600 2095000
LATENCY 2288700
TIMELINE 41 153 241753906319400 2288700
LATENCY 2295100
TIMELINE 41 169 241753943882600 2295100
LATENCY 2255100
TIMELINE 41 185 241753979185900 2255100
LATENCY 2061100
TIMELINE 41 201 241754013782000 2061100
LATENCY 2213600
TIMELINE 41 217 241754048986100 2213600
LATENCY 2092200
TIMELINE 41 233 241754084817200 2092200
LATENCY 2193100
TIMELINE 41 249 241754119344000 2193100
LATENCY 2115100
TIMELINE 41 265 241754172706900 2115100
LATENCY 2131800
TIMELINE 41 281 241754207315100 2131800
LATENCY 2103400
TIMELINE 41 297 241754241269400 2103400
LATENCY 2152200
TIMELINE 41 313 241754275768000 2152200
LATENCY 2183000
TIMELINE 41 329 241754311086900 2183000
LATENCY 2188600
TIMELINE 41 345 241754347446400 2188600
LATENCY 2177200
TIMELINE 41 361 241754383554200 2177200
LATENCY 2120400
TIMELINE 41 377 241754418180500 2120400
LATENCY 2128600
TIMELINE 41 393 241754471102300 2128600
LATENCY 2130700
TIMELINE 41 409 241754505972700 2130700
LATENCY 2201500
TIMELINE 41 425 241754539656900 2201500
LATENCY 2113700
TIMELINE 41 441 241754574273200 2113700
LATENCY 2111600
TIMELINE 41 457 241754608778100 2111600
LATENCY 2107500
TIMELINE 41 473 241754644209200 2107500
LATENCY 2169800
TIMELINE 41 489 241754678365900 2169800
LATENCY 2214600
TIMELINE 41 505 241754712862700 2214600
LATENCY 2402200
TIMELINE 41 521 241754748437400 2402200
LATENCY 2223800
TIMELINE 41 537 241754804796800 2223800
LATENCY 2160000
TIMELINE 41 553 241754839666200 2160000
LATENCY 2105700
TIMELINE 41 569 241754873886200 2105700
LATENCY 2157300
TIMELINE 41 585 241754909445400 2157300
LATENCY 2121500
TIMELINE 41 601 241754943649600 2121500
LATENCY 2119200
TIMELINE 41 617 241754977832300 2119200
LATENCY 2350300
TIMELINE 41 633 241755015008100 2350300
LATENCY 2230200
TIMELINE 41 649 241755051169700 2230200
LATENCY 2344600
TIMELINE 41 665 241755107816100 2344600
LATENCY 2401700
TIMELINE 41 681 241755144532300 2401700
LATENCY 2158900
TIMELINE 41 697 241755180160200 2158900
LATENCY 2094000
TIMELINE 41 713 241755215022700 2094000
LATENCY 2107600
TIMELINE 41 729 241755249791800 2107600
LATENCY 2208200
TIMELINE 41 745 241755284671900 2208200
LATENCY 2296700
TIMELINE 41 761 241755320276900 2296700
LATENCY 2114800
TIMELINE 41 777 241755355391300 2114800
LATENCY 2173100
TIMELINE 41 793 241755410659400 2173100
LATENCY 2110400
TIMELINE 41 809 241755444892400 2110400
LATENCY 2286700
TIMELINE 41 825 241755480261300 2286700
LATENCY 2207100
TIMELINE 41 841 241755515635300 2207100
LATENCY 2215300
TIMELINE 41 857 241755551075900 2215300
LATENCY 2191900
TIMELINE 41 873 241755586986800 2191900
LATENCY 2184100
TIMELINE 41 889 241755622131500 2184100
LATENCY 2307200
TIMELINE 41 905 241755657563300 2307200
LATENCY 22296300
TIMELINE 41 921 241755693129400 22296300
LATENCY 2123800
TIMELINE 41 937 241755750033900 2123800
LATENCY 2252700
TIMELINE 41 953 241755786069100 2252700
LATENCY 2137300
TIMELINE 41 969 241755822539500 2137300
LATENCY 2155800
TIMELINE 41 985 241755857486200 2155800
LATENCY 2293900
TIMELINE 41 1001 241755891776900 2293900
LATENCY 2283400
TIMELINE 41 1017 241755926866500 2283400
LATENCY 2211400
TIMELINE 41 1033 241755961852000 2211400
LATENCY 2168400
TIMELINE 41 1049 241755996919300 2168400
LATENCY 2183200
TIMELINE 41 1065 241756037868400 2183200
LATENCY 2344400
TIMELINE 41 1081 241756073661500 2344400
LATENCY 2241700
TIMELINE 41 1097 241756108456600 2241700
LATENCY 2399400
TIMELINE 41 1113 241756144067300 2399400
LATENCY 2171300
TIMELINE 41 1129 241756180002200 2171300
LATENCY 2188100
TIMELINE 41 1145 241756215129000 2188100
LATENCY 2146900
TIMELINE 41 1161 241756249286400 2146900
LATENCY 2096700
TIMELINE 41 1177 241756283327900 2096700
LATENCY 2244400
TIMELINE 41 1193 241756322646300 2244400
LATENCY 2281000
TIMELINE 41 1209 241756357750700 2281000
LATENCY 2098900
TIMELINE 41 1225 241756392433800 2098900
LATENCY 2631300
TIMELINE 41 1241 241756430223100 2631300
LATENCY 2809500
TIMELINE 41 1257 241756477123700 2809500
LATENCY 2658100
TIMELINE 41 1273 241756519349800 2658100
LATENCY 2715900
TIMELINE 41 1289 241756565927100 2715900
LATENCY 2956600
TIMELINE 41 1305 241756610822500 2956600
LATENCY 8227300
TIMELINE 41 1321 241756657264100 8227300
LATENCY 2725100
TIMELINE 41 1337 241756706556300 2725100
LATENCY 2692800
TIMELINE 41 1353 241756749887200 2692800
LATENCY 2817200
TIMELINE 41 1369 241756795125000 2817200
LATENCY 2650500
TIMELINE 41 1385 241756842231500 2650500
LATENCY 2698500
TIMELINE 41 1401 241756884421600 2698500
LATENCY 2590400
TIMELINE 41 1417 241756926921900 2590400
LATENCY 2658600
TIMELINE 41 1433 241756969160800 2658600
LATENCY 3182500
TIMELINE 41 1449 241757015324800 3182500
LATENCY 2627800
TIMELINE 41 1465 241757067191100 2627800
LATENCY 2639700
TIMELINE 41 1481 241757109763600 2639700
LATENCY 2528800
TIMELINE 41 1497 241757154846200 2528800
LATENCY 2845600
TIMELINE 41 1513 241757201597000 2845600
LATENCY 2889400
TIMELINE 41 1529 241757244583900 2889400
LATENCY 2959300
TIMELINE 41 1545 241757292048200 2959300
LATENCY 2914400
TIMELINE 41 1561 241757339370400 2914400
LATENCY 3084500
TIMELINE 41 1577 241757384110000 3084500
LATENCY 2819000
TIMELINE 41 1593 241757436116200 2819000
LATENCY 2741600
TIMELINE 41 1609 241757482656400 2741600
LATENCY 2699100
TIMELINE 41 1625 241757525673900 2699100
LATENCY 3272600
TIMELINE 41 1641 241757576493200 3272600
LATENCY 3063300
TIMELINE 41 1657 241757624308100 3063300
LATENCY 2635000
TIMELINE 41 1673 241757668734600 2635000
LATENCY 2792400
TIMELINE 41 1689 241757715708500 2792400
LATENCY 2899400
TIMELINE 41 1705 241757762615100 2899400
LATENCY 2916700
TIMELINE 41 1721 241757808137300 2916700
LATENCY 3204300
TIMELINE 41 1737 241757859306200 3204300
LATENCY 2945100
TIMELINE 41 1753 241757907188900 2945100
LATENCY 2916100
TIMELINE 41 1769 241757952345600 2916100
LATENCY 2733700
TIMELINE 41 1785 241757998613400 2733700
LATENCY 2906700
TIMELINE 41 1801 241758045184700 2906700
LATENCY 2879000
TIMELINE 41 1817 241758090726200 2879000
LATENCY 2960200
TIMELINE 41 1833 241758137216800 2960200
LATENCY 2778000
TIMELINE 41 1849 241758183864700 2778000
LATENCY 2645500
TIMELINE 41 1865 241758232950600 2645500
LATENCY 2755100
TIMELINE 41 1881 241758275511700 2755100
LATENCY 3397100
TIMELINE 41 1897 241758319898100 3397100
LATENCY 3139000
TIMELINE 41 1913 241758367690900 3139000
LATENCY 2709300
TIMELINE 41 1929 241758416943500 2709300
LATENCY 2772600
TIMELINE 41 1945 241758460962500 2772600
LATENCY 2723600
TIMELINE 41 1961 241758504646600 2723600
LATENCY 2794500
TIMELINE 41 1977 241758547901300 2794500
LATENCY 2783100
TIMELINE 41 1993 241758597780600 2783100
LATENCY 3061600
TIMELINE 41 2009 241758644985500 3061600
LATENCY 2910800
TIMELINE 41 2025 241758692239200 2910800
LATENCY 2562500
TIMELINE 41 2041 241758738301100 2562500
LATENCY 2228000
TIMELINE 42 10 241753568355600 2228000
LATENCY 2153800
TIMELINE 42 26 241753603574000 2153800
LATENCY 2188400
TIMELINE 42 42 241753639773200 2188400
LATENCY 2237900
TIMELINE 42 58 241753674967600 2237900
LATENCY 2329600
TIMELINE 42 74 241753710533400 2329600
LATENCY 2124200
TIMELINE 42 90 241753746149400 2124200
LATENCY 2405200
TIMELINE 42 106 241753781463400 2405200
LATENCY 2329500
TIMELINE 42 122 241753817748100 2329500
LATENCY 2098400
TIMELINE 42 138 241753873249500 2098400
LATENCY 2429700
TIMELINE 42 154 241753907895700 2429700
LATENCY 2294000
TIMELINE 42 170 241753945400500 2294000
LATENCY 2431200
TIMELINE 42 186 241753980617900 2431200
LATENCY 2162500
TIMELINE 42 202 241754015243200 2162500
LATENCY 2277600
TIMELINE 42 218 241754050677400 2277600
LATENCY 2110500
TIMELINE 42 234 241754086371100 2110500
LATENCY 2181600
TIMELINE 42 250 241754120946400 2181600
LATENCY 2202000
TIMELINE 42 266 241754174304700 2202000
LATENCY 2128200
TIMELINE 42 282 241754208978900 2128200
LATENCY 2091600
TIMELINE 42 298 241754242917400 2091600
LATENCY 2350800
TIMELINE 42 314 241754277476600 2350800
LATENCY 2171900
TIMELINE 42 330 241754312982800 2171900
LATENCY 2236600
TIMELINE 42 346 241754349298200 2236600
LATENCY 2377800
TIMELINE 42 362 241754385336400 2377800
LATENCY 2115200
TIMELINE 42 378 241754419851900 2115200
LATENCY 2136800
TIMELINE 42 394 241754472861300 2136800
LATENCY 2100900
TIMELINE 42 410 241754507737900 2100900
LATENCY 2391300
TIMELINE 42 426 241754541496600 2391300
LATENCY 2146600
TIMELINE 42 442 241754575990200 2146600
LATENCY 2138000
TIMELINE 42 458 241754610481900 2138000
LATENCY 2125500
TIMELINE 42 474 241754645982100 2125500
LATENCY 2131600
TIMELINE 42 490 241754680172800 2131600
LATENCY 2368800
TIMELINE 42 506 241754714646500 2368800
LATENCY 2242900
TIMELINE 42 522 241754750489700 2242900
LATENCY 2249900
TIMELINE 42 538 241754806705400 2249900
LATENCY 2130400
TIMELINE 42 554 241754841516200 2130400
LATENCY 2131600
TIMELINE 42 570 241754875819700 2131600
LATENCY 2122500
TIMELINE 42 586 241754911482500 2122500
LATENCY 2130700
TIMELINE 42 602 241754945652400 2130700
LATENCY 2101300
TIMELINE 42 618 241754979839200 2101300
LATENCY 2252500
TIMELINE 42 634 241755017209600 2252500
LATENCY 2130900
TIMELINE 42 650 241755053254000 2130900
LATENCY 2264200
TIMELINE 42 666 241755110195800 2264200
LATENCY 2271000
TIMELINE 42 682 241755146964100 2271000
LATENCY 2194500
TIMELINE 42 698 241755182629700 2194500
LATENCY 2601500
TIMELINE 42 714 241755217399900 2601500
LATENCY 2116600
TIMELINE 42 730 241755252556400 2116600
LATENCY 2177200
TIMELINE 42 746 241755287607100 2177200
LATENCY 2247300
TIMELINE 42 762 241755323373500 2247300
LATENCY 2117000
TIMELINE 42 778 241755358187400 2117000
LATENCY 2137200
TIMELINE 42 794 241755413594100 2137200
LATENCY 2105000
TIMELINE 42 810 241755447803300 2105000
LATENCY 2211100
TIMELINE 42 826 241755483375100 2211100
LATENCY 2140400
TIMELINE 42 842 241755518545500 2140400
LATENCY 2160400
TIMELINE 42 858 241755553892700 2160400
LATENCY 2177100
TIMELINE 42 874 241755589770600 2177100
LATENCY 2181700
TIMELINE 42 890 241755624946700 2181700
LATENCY 2200400
TIMELINE 42 906 241755660563200 2200400
LATENCY 2414800
TIMELINE 42 922 241755716184700 2414800
LATENCY 2303600
TIMELINE 42 938 241755752970400 2303600
LATENCY 2265700
TIMELINE 42 954 241755789235900 2265700
LATENCY 2175700
TIMELINE 42 970 241755825535800 2175700
LATENCY 2131600
TIMELINE 42 986 241755860409800 2131600
LATENCY 2148300
TIMELINE 42 1002 241755894932500 2148300
LATENCY 2234700
TIMELINE 42 1018 241755930172200 2234700
LATENCY 2166500
TIMELINE 42 1034 241755965040700 2166500
LATENCY 2119300
TIMELINE 42 1050 241756000019500 2119300
LATENCY 2133700
TIMELINE 42 1066 241756040919200 2133700
LATENCY 2207500
TIMELINE 42 1082 241756076905700 2207500
LATENCY 2243500
TIMELINE 42 1098 241756111741200 2243500
LATENCY 2158700
TIMELINE 42 1114 241756147676700 2158700
LATENCY 2188200
TIMELINE 42 1130 241756183127800 2188200
LATENCY 2169600
TIMELINE 42 1146 241756218269900 2169600
LATENCY 2136700
TIMELINE 42 1162 241756252327700 2136700
LATENCY 2108100
TIMELINE 42 1178 241756286333800 2108100
LATENCY 2156400
TIMELINE 42 1194 241756326091500 2156400
LATENCY 2206700
TIMELINE 42 1210 241756361101800 2206700
LATENCY 2167700
TIMELINE 42 1226 241756395405500 2167700
LATENCY 2729700
TIMELINE 42 1242 241756434025700 2729700
LATENCY 2610100
TIMELINE 42 1258 241756481041800 2610100
LATENCY 2875600
TIMELINE 42 1274 241756523194100 2875600
LATENCY 2758600
TIMELINE 42 1290 241756569840700 2758600
LATENCY 2961300
TIMELINE 42 1306 241756614945000 2961300
LATENCY 2753800
TIMELINE 42 1322 241756666610700 2753800
LATENCY 2791200
TIMELINE 42 1338 241756710384800 2791200
LATENCY 2741000
TIMELINE 42 1354 241756753635500 2741000
LATENCY 2734700
TIMELINE 42 1370 241756798911300 2734700
LATENCY 2547500
TIMELINE 42 1386 241756845849500 2547500
LATENCY 2685200
TIMELINE 42 1402 241756888117100 2685200
LATENCY 2557400
TIMELINE 42 1418 241756930484600 2557400
LATENCY 2627300
TIMELINE 42 1434 241756972800200 2627300
LATENCY 2777600
TIMELINE 42 1450 241757023115300 2777600
LATENCY 2664000
TIMELINE 42 1466 241757073971500 2664000
LATENCY 2639200
TIMELINE 42 1482 241757116558000 2639200
LATENCY 2583000
TIMELINE 42 1498 241757161707000 2583000
LATENCY 2632000
TIMELINE 42 1514 241757208511500 2632000
LATENCY 2905300
TIMELINE 42 1530 241757252218300 2905300
LATENCY 2910000
TIMELINE 42 1546 241757299830400 2910000
LATENCY 2813400
TIMELINE 42 1562 241757346804800 2813400
LATENCY 2899900
TIMELINE 42 1578 241757391755500 2899900
LATENCY 2778600
TIMELINE 42 1594 241757443474700 2778600
LATENCY 2723700
TIMELINE 42 1610 241757489604800 2723700
LATENCY 3349100
TIMELINE 42 1626 241757533133200 3349100
LATENCY 2879200
TIMELINE 42 1642 241757584616600 2879200
LATENCY 2938000
TIMELINE 42 1658 241757631966700 2938000
LATENCY 2913800
TIMELINE 42 1674 241757675814700 2913800
LATENCY 2932800
TIMELINE 42 1690 241757723311700 2932800
LATENCY 2728700
TIMELINE 42 1706 241757769882900 2728700
LATENCY 2690400
TIMELINE 42 1722 241757821355300 2690400
LATENCY 3045600
TIMELINE 42 1738 241757867419500 3045600
LATENCY 2740400
TIMELINE 42 1754 241757914933000 2740400
LATENCY 2946600
TIMELINE 42 1770 241757959947000 2946600
LATENCY 2987100
TIMELINE 42 1786 241758005713500 2987100
LATENCY 2521100
TIMELINE 42 1802 241758052451000 2521100
LATENCY 2901100
TIMELINE 42 1818 241758098131500 2901100
LATENCY 2594300
TIMELINE 42 1834 241758144822000 2594300
LATENCY 2855200
TIMELINE 42 1850 241758190730700 2855200
LATENCY 2763400
TIMELINE 42 1866 241758239502500 2763400
LATENCY 2717400
TIMELINE 42 1882 241758282439300 2717400
LATENCY 2829600
TIMELINE 42 1898 241758330043900 2829600
LATENCY 3066200
TIMELINE 42 1914 241758375803900 3066200
LATENCY 2564200
TIMELINE 42 1930 241758423690000 2564200
LATENCY 2562400
TIMELINE 42 1946 241758467778500 2562400
LATENCY 2700800
TIMELINE 42 1962 241758511755700 2700800
LATENCY 2651400
TIMELINE 42 1978 241758554959800 2651400
LATENCY 2616500
TIMELINE 42 1994 241758605212300 2616500
LATENCY 3139700
TIMELINE 42 2010 241758652873800 3139700
LATENCY 2941400
TIMELINE 42 2026 241758699908400 2941400
LATENCY 2594700
TIMELINE 42 2042 241758744786000 2594700
LATENCY 2227000
TIMELINE 43 11 241753570651100 2227000
LATENCY 2153300
TIMELINE 43 27 241753605826300 2153300
LATENCY 2104400
TIMELINE 43 43 241753642203000 2104400
LATENCY 2208900
TIMELINE 43 59 241753677534900 2208900
LATENCY 2236000
TIMELINE 43 75 241753713182800 2236000
LATENCY 2079900
TIMELINE 43 91 241753748598800 2079900
LATENCY 2183400
TIMELINE 43 107 241753783808100 2183400
LATENCY 2667500
TIMELINE 43 123 241753819863400 2667500
LATENCY 2122300
TIMELINE 43 139 241753875174700 2122300
LATENCY 2736800
TIMELINE 43 155 241753910778300 2736800
LATENCY 2266600
TIMELINE 43 171 241753948222700 2266600
LATENCY 2164800
TIMELINE 43 187 241753983556800 2164800
LATENCY 2258300
TIMELINE 43 203 241754018015000 2258300
LATENCY 2239800
TIMELINE 43 219 241754053568200 2239800
LATENCY 2130600
TIMELINE 43 235 241754089050200 2130600
LATENCY 2206900
TIMELINE 43 251 241754123815900 2206900
LATENCY 2149400
TIMELINE 43 267 241754177231400 2149400
LATENCY 2149400
TIMELINE 43 283 241754211752600 2149400
LATENCY 2141100
TIMELINE 43 299 241754245642600 2141100
LATENCY 2207900
TIMELINE 43 315 241754280414700 2207900
LATENCY 2193900
TIMELINE 43 331 241754315642700 2193900
LATENCY 2720000
TIMELINE 43 347 241754352873100 2720000
LATENCY 2228000
TIMELINE 43 363 241754389001000 2228000
LATENCY 2112900
TIMELINE 43 379 241754423227900 2112900
LATENCY 2302500
TIMELINE 43 395 241754476276700 2302500
LATENCY 2113800
TIMELINE 43 411 241754511011600 2113800
LATENCY 2162300
TIMELINE 43 427 241754545177300 2162300
LATENCY 2110900
TIMELINE 43 443 241754579286700 2110900
LATENCY 2106700
TIMELINE 43 459 241754613770100 2106700
LATENCY 2131400
TIMELINE 43 475 241754649177000 2131400
LATENCY 2144200
TIMELINE 43 491 241754683476000 2144200
LATENCY 2155200
TIMELINE 43 507 241754718270300 2155200
LATENCY 21584600
TIMELINE 43 523 241754753576800 21584600
LATENCY 2226000
TIMELINE 43 539 241754809767700 2226000
LATENCY 2133400
TIMELINE 43 555 241754844411300 2133400
LATENCY 2130000
TIMELINE 43 571 241754878735000 2130000
LATENCY 2089500
TIMELINE 43 587 241754914327600 2089500
LATENCY 2191800
TIMELINE 43 603 241754948546000 2191800
LATENCY 2134100
TIMELINE 43 619 241754982697900 2134100
LATENCY 2284300
TIMELINE 43 635 241755020254600 2284300
LATENCY 2697900
TIMELINE 43 651 241755056139600 2697900
LATENCY 2365100
TIMELINE 43 667 241755113214600 2365100
LATENCY 2257600
TIMELINE 43 683 241755149850800 2257600
LATENCY 2174500
TIMELINE 43 699 241755185274900 2174500
LATENCY 2090300
TIMELINE 43 715 241755220418500 2090300
LATENCY 2120100
TIMELINE 43 731 241755254947100 2120100
LATENCY 2156400
TIMELINE 43 747 241755289729700 2156400
LATENCY 2295500
TIMELINE 43 763 241755325458800 2295500
LATENCY 2183600
TIMELINE 43 779 241755360451300 2183600
LATENCY 2120600
TIMELINE 43 795 241755415764800 2120600
LATENCY 2106500
TIMELINE 43 811 241755449942100 2106500
LATENCY 2166000
TIMELINE 43 827 241755485739800 2166000
LATENCY 2118100
TIMELINE 43 843 241755520810200 2118100
LATENCY 2214600
TIMELINE 43 859 241755556262200 2214600
LATENCY 2157800
TIMELINE 43 875 241755592157200 2157800
LATENCY 2510300
TIMELINE 43 891 241755627510400 2510300
LATENCY 2157100
TIMELINE 43 907 241755663177600 2157100
LATENCY 2495000
TIMELINE 43 923 241755719152200 2495000
LATENCY 2170800
TIMELINE 43 939 241755755477200 2170800
LATENCY 2323800
TIMELINE 43 955 241755791474600 2323800
LATENCY 2153400
TIMELINE 43 971 241755827649900 2153400
LATENCY 2166700
TIMELINE 43 987 241755862481600 2166700
LATENCY 2124000
TIMELINE 43 1003 241755896938100 2124000
LATENCY 2212500
TIMELINE 43 1019 241755932138100 2212500
LATENCY 2139400
TIMELINE 43 1035 241755966942500 2139400
LATENCY 2195200
TIMELINE 43 1051 241756002079400 2195200
LATENCY 2112200
TIMELINE 43 1067 241756043026900 2112200
LATENCY 2315900
TIMELINE 43 1083 241756078961500 2315900
LATENCY 2184400
TIMELINE 43 1099 241756113667600 2184400
LATENCY 2193100
TIMELINE 43 1115 241756149421200 2193100
LATENCY 2193200
TIMELINE 43 1131 241756185142900 2193200
LATENCY 2142600
TIMELINE 43 1147 241756220262400 2142600
LATENCY 2166300
TIMELINE 43 1163 241756254288000 2166300
LATENCY 2087800
TIMELINE 43 1179 241756288274700 2087800
LATENCY 2148300
TIMELINE 43 1195 241756328162700 2148300
LATENCY 2159700
TIMELINE 43 1211 241756363278400 2159700
LATENCY 2140000
TIMELINE 43 1227 241756397664200 2140000
LATENCY 2707200
TIMELINE 43 1243 241756436868300 2707200
LATENCY 2573900
TIMELINE 43 1259 241756483731500 2573900
LATENCY 2725900
TIMELINE 43 1275 241756526193500 2725900
LATENCY 2710900
TIMELINE 43 1291 241756572723700 2710900
LATENCY 2925200
TIMELINE 43 1307 241756618198300 2925200
LATENCY 2737400
TIMELINE 43 1323 241756669655000 2737400
LATENCY 2677700
TIMELINE 43 1339 241756713434500 2677700
LATENCY 2843200
TIMELINE 43 1355 241756756663200 2843200
LATENCY 2734700
TIMELINE 43 1371 241756802016300 2734700
LATENCY 2679300
TIMELINE 43 1387 241756848707600 2679300
LATENCY 2652100
TIMELINE 43 1403 241756891133400 2652100
LATENCY 2628000
TIMELINE 43 1419 241756933360800 2628000
LATENCY 2598400
TIMELINE 43 1435 241756975752000 2598400
LATENCY 2837300
TIMELINE 43 1451 241757025426400 2837300
LATENCY 2624900
TIMELINE 43 1467 241757076201600 2624900
LATENCY 2607500
TIMELINE 43 1483 241757118764300 2607500
LATENCY 2613300
TIMELINE 43 1499 241757163833600 2613300
LATENCY 2616700
TIMELINE 43 1515 241757210743400 2616700
LATENCY 2948800
TIMELINE 43 1531 241757254708000 2948800
LATENCY 2971200
TIMELINE 43 1547 241757302335800 2971200
LATENCY 2871300
TIMELINE 43 1563 241757349242200 2871300
LATENCY 2790300
TIMELINE 43 1579 241757394229600 2790300
LATENCY 2905400
TIMELINE 43 1595 241757445830000 2905400
LATENCY 2739400
TIMELINE 43 1611 241757491830400 2739400
LATENCY 3054500
TIMELINE 43 1627 241757535915500 3054500
LATENCY 2893400
TIMELINE 43 1643 241757586982900 2893400
LATENCY 2927500
TIMELINE 43 1659 241757634375200 2927500
LATENCY 2882500
TIMELINE 43 1675 241757678217800 2882500
LATENCY 2909300
TIMELINE 43 1691 241757725674900 2909300
LATENCY 2693400
TIMELINE 43 1707 241757772166800 2693400
LATENCY 2599800
TIMELINE 43 1723 241757823653000 2599800
LATENCY 3042000
TIMELINE 43 1739 241757869830000 3042000
LATENCY 2777600
TIMELINE 43 1755 241757917162400 2777600
LATENCY 2993800
TIMELINE 43 1771 241757962347900 2993800
LATENCY 2847700
TIMELINE 43 1787 241758008176000 2847700
LATENCY 2711700
TIMELINE 43 1803 241758054529000 2711700
LATENCY 2921900
TIMELINE 43 1819 241758100548900 2921900
LATENCY 2895300
TIMELINE 43 1835 241758147043200 2895300
LATENCY 3070000
TIMELINE 43 1851 241758193063000 3070000
LATENCY 2610500
TIMELINE 43 1867 241758241952900 2610500
LATENCY 2780000
TIMELINE 43 1883 241758284858400 2780000
LATENCY 2876400
TIMELINE 43 1899 241758332396400 2876400
LATENCY 3085700
TIMELINE 43 1915 241758378354600 3085700
LATENCY 2590700
TIMELINE 43 1931 241758425867300 2590700
LATENCY 2595500
TIMELINE 43 1947 241758469949700 2595500
LATENCY 2763500
TIMELINE 43 1963 241758514119200 2763500
LATENCY 2827600
TIMELINE 43 1979 241758557176800 2827600
LATENCY 2756600
TIMELINE 43 1995 241758607472000 2756600
LATENCY 3016300
TIMELINE 43 2011 241758655522900 3016300
LATENCY 3090000
TIMELINE 43 2027 241758702467000 3090000
LATENCY 2585400
TIMELINE 43 2043 241758747169000 2585400
LATENCY 2246900
TIMELINE 44 12 241753572846300 2246900
LATENCY 2169300
TIMELINE 44 28 241753607922700 2169300
LATENCY 2138700
TIMELINE 44 44 241753644165300 2138700
LATENCY 2227200
TIMELINE 44 60 241753679546100 2227200
LATENCY 2214000
TIMELINE 44 76 241753715202100 2214000
LATENCY 2047000
TIMELINE 44 92 241753750459800 2047000
LATENCY 2200000
TIMELINE 44 108 241753785874900 2200000
LATENCY 2355400
TIMELINE 44 124 241753822392200 2355400
LATENCY 2179500
TIMELINE 44 140 241753877161400 2179500
LATENCY 2449300
TIMELINE 44 156 241753913742100 2449300
LATENCY 2255900
TIMELINE 44 172 241753950676400 2255900
LATENCY 2168400
TIMELINE 44 188 241753985846300 2168400
LATENCY 2189700
TIMELINE 44 204 241754020338600 2189700
LATENCY 2229400
TIMELINE 44 220 241754055843900 2229400
LATENCY 2063400
TIMELINE 44 236 241754091301400 2063400
LATENCY 2323100
TIMELINE 44 252 241754126144900 2323100
LATENCY 2113400
TIMELINE 44 268 241754179469700 2113400
LATENCY 2129200
TIMELINE 44 284 241754213964400 2129200
LATENCY 2155100
TIMELINE 44 300 241754247851400 2155100
LATENCY 2231200
TIMELINE 44 316 241754282749500 2231200
LATENCY 2283800
TIMELINE 44 332 241754318108700 2283800
LATENCY 2285300
TIMELINE 44 348 241754355495200 2285300
LATENCY 2136500
TIMELINE 44 364 241754391432700 2136500
LATENCY 2124100
TIMELINE 44 380 241754425519700 2124100
LATENCY 2236900
TIMELINE 44 396 241754478641500 2236900
LATENCY 2113400
TIMELINE 44 412 241754513241100 2113400
LATENCY 2152000
TIMELINE 44 428 241754547464600 2152000
LATENCY 2153200
TIMELINE 44 444 241754581515000 2153200
LATENCY 2131400
TIMELINE 44 460 241754615998300 2131400
LATENCY 2244600
TIMELINE 44 476 241754651457900 2244600
LATENCY 2205500
TIMELINE 44 492 241754685799000 2205500
LATENCY 2175500
TIMELINE 44 508 241754720604500 2175500
LATENCY 2154200
TIMELINE 44 524 241754775488700 2154200
LATENCY 2156400
TIMELINE 44 540 241754812389500 2156400
LATENCY 2085300
TIMELINE 44 556 241754847060000 2085300
LATENCY 2104600
TIMELINE 44 572 241754881381800 2104600
LATENCY 2166300
TIMELINE 44 588 241754916887000 2166300
LATENCY 2158500
TIMELINE 44 604 241754951218300 2158500
LATENCY 2091400
TIMELINE 44 620 241754985283800 2091400
LATENCY 2217100
TIMELINE 44 636 241755023110000 2217100
LATENCY 2168500
TIMELINE 44 652 241755059364400 2168500
LATENCY 2270700
TIMELINE 44 668 241755116258900 2270700
LATENCY 2280800
TIMELINE 44 684 241755152821700 2280800
LATENCY 2090200
TIMELINE 44 700 241755187953300 2090200
LATENCY 2297700
TIMELINE 44 716 241755223351800 2297700
LATENCY 2115400
TIMELINE 44 732 241755257954600 2115400
LATENCY 2167200
TIMELINE 44 748 241755293310800 2167200
LATENCY 2238300
TIMELINE 44 764 241755329307900 2238300
LATENCY 2217000
TIMELINE 44 780 241755364002700 2217000
LATENCY 2127800
TIMELINE 44 796 241755419195800 2127800
LATENCY 2351900
TIMELINE 44 812 241755453416100 2351900
LATENCY 2132000
TIMELINE 44 828 241755489254700 2132000
LATENCY 2122600
TIMELINE 44 844 241755524155800 2122600
LATENCY 2165200
TIMELINE 44 860 241755559770100 2165200
LATENCY 2177000
TIMELINE 44 876 241755595618600 2177000
LATENCY 2355600
TIMELINE 44 892 241755631355800 2355600
LATENCY 2105400
TIMELINE 44 908 241755666483600 2105400
LATENCY 2381100
TIMELINE 44 924 241755723204500 2381100
LATENCY 2233300
TIMELINE 44 940 241755759183600 2233300
LATENCY 2243600
TIMELINE 44 956 241755795566900 2243600
LATENCY 2196500
TIMELINE 44 972 241755831539600 2196500
LATENCY 2106700
TIMELINE 44 988 241755866242400 2106700
LATENCY 2133100
TIMELINE 44 1004 241755900628600 2133100
LATENCY 2219900
TIMELINE 44 1020 241755936126600 2219900
LATENCY 2296600
TIMELINE 44 1036 241755970837200 2296600
LATENCY 2261100
TIMELINE 44 1052 241756006040200 2261100
LATENCY 2147800
TIMELINE 44 1068 241756046791700 2147800
LATENCY 2103000
TIMELINE 44 1084 241756083510700 2103000
LATENCY 2324400
TIMELINE 44 1100 241756118257100 2324400
LATENCY 2208300
TIMELINE 44 1116 241756153852900 2208300
LATENCY 2174500
TIMELINE 44 1132 241756189467500 2174500
LATENCY 2078600
TIMELINE 44 1148 241756224530000 2078600
LATENCY 2137500
TIMELINE 44 1164 241756258534900 2137500
LATENCY 2120000
TIMELINE 44 1180 241756292450400 2120000
LATENCY 2347100
TIMELINE 44 1196 241756332341200 2347100
LATENCY 2177500
TIMELINE 44 1212 241756367545300 2177500
LATENCY 2119100
TIMELINE 44 1228 241756401793600 2119100
LATENCY 2771100
TIMELINE 44 1244 241756442172000 2771100
LATENCY 2676700
TIMELINE 44 1260 241756488646400 2676700
LATENCY 2743300
TIMELINE 44 1276 241756531393000 2743300
LATENCY 2742800
TIMELINE 44 1292 241756577889700 2742800
LATENCY 2975800
TIMELINE 44 1308 241756623747100 2975800
LATENCY 2807600
TIMELINE 44 1324 241756674782200 2807600
LATENCY 2726500
TIMELINE 44 1340 241756718520500 2726500
LATENCY 2661700
TIMELINE 44 1356 241756762177600 2661700
LATENCY 2632900
TIMELINE 44 1372 241756807192700 2632900
LATENCY 2672100
TIMELINE 44 1388 241756853712400 2672100
LATENCY 2641000
TIMELINE 44 1404 241756896098100 2641000
LATENCY 2739700
TIMELINE 44 1420 241756938349200 2739700
LATENCY 2739900
TIMELINE 44 1436 241756980681000 2739900
LATENCY 2596900
TIMELINE 44 1452 241757029708300 2596900
LATENCY 2690400
TIMELINE 44 1468 241757080204800 2690400
LATENCY 3168300
TIMELINE 44 1484 241757122730000 3168300
LATENCY 3478000
TIMELINE 44 1500 241757167806900 3478000
LATENCY 2627200
TIMELINE 44 1516 241757214736100 2627200
LATENCY 2933600
TIMELINE 44 1532 241757259206800 2933600
LATENCY 2957300
TIMELINE 44 1548 241757306844300 2957300
LATENCY 2861900
TIMELINE 44 1564 241757353692900 2861900
LATENCY 3049600
TIMELINE 44 1580 241757398470500 3049600
LATENCY 4512100
TIMELINE 44 1596 241757450307300 4512100
LATENCY 2748200
TIMELINE 44 1612 241757496042300 2748200
LATENCY 2898100
TIMELINE 44 1628 241757540505700 2898100
LATENCY 3046300
TIMELINE 44 1644 241757591406200 3046300
LATENCY 2885900
TIMELINE 44 1660 241757638839900 2885900
LATENCY 2821800
TIMELINE 44 1676 241757682678900 2821800
LATENCY 2945700
TIMELINE 44 1692 241757730247100 2945700
LATENCY 2736400
TIMELINE 44 1708 241757776364500 2736400
LATENCY 2582500
TIMELINE 44 1724 241757827683400 2582500
LATENCY 2941100
TIMELINE 44 1740 241757874564300 2941100
LATENCY 2732400
TIMELINE 44 1756 241757921404100 2732400
LATENCY 3008100
TIMELINE 44 1772 241757966919000 3008100
LATENCY 2963100
TIMELINE 44 1788 241758012463000 2963100
LATENCY 2729000
TIMELINE 44 1804 241758058691400 2729000
LATENCY 2847900
TIMELINE 44 1820 241758105024200 2847900
LATENCY 2917300
TIMELINE 44 1836 241758151427300 2917300
LATENCY 2808500
TIMELINE 44 1852 241758197676500 2808500
LATENCY 2615200
TIMELINE 44 1868 241758245870700 2615200
LATENCY 2801500
TIMELINE 44 1884 241758289011400 2801500
LATENCY 2831800
TIMELINE 44 1900 241758336722000 2831800
LATENCY 3077600
TIMELINE 44 1916 241758382985900 3077600
LATENCY 2851200
TIMELINE 44 1932 241758429724100 2851200
LATENCY 3067900
TIMELINE 44 1948 241758473809500 3067900
LATENCY 2716000
TIMELINE 44 1964 241758518176300 2716000
LATENCY 2709100
TIMELINE 44 1980 241758561307600 2709100
LATENCY 3087000
TIMELINE 44 1996 241758611662200 3087000
LATENCY 2687500
TIMELINE 44 2012 241758659807600 2687500
LATENCY 2845200
TIMELINE 44 2028 241758706988300 2845200
LATENCY 2614800
TIMELINE 44 2044 241758750881500 2614800
LATENCY 2205900
TIMELINE 45 13 241753575158100 2205900
LATENCY 3048100
TIMELINE 45 29 241753610131800 3048100
LATENCY 2165100
TIMELINE 45 45 241753646272300 2165100
LATENCY 2217800
TIMELINE 45 61 241753681842200 2217800
LATENCY 2317300
TIMELINE 45 77 241753717544700 2317300
LATENCY 2124300
TIMELINE 45 93 241753752624300 2124300
LATENCY 2258000
TIMELINE 45 109 241753788185500 2258000
LATENCY 21986600
TIMELINE 45 125 241753824684200 21986600
LATENCY 2055000
TIMELINE 45 141 241753879314200 2055000
LATENCY 2496500
TIMELINE 45 157 241753915828500 2496500
LATENCY 2255200
TIMELINE 45 173 241753952643100 2255200
LATENCY 2249900
TIMELINE 45 189 241753987785300 2249900
LATENCY 2198400
TIMELINE 45 205 241754022126100 2198400
LATENCY 2228500
TIMELINE 45 221 241754057543700 2228500
LATENCY 2130800
TIMELINE 45 237 241754092750500 2130800
LATENCY 2344600
TIMELINE 45 253 241754127888200 2344600
LATENCY 2248400
TIMELINE 45 269 241754181073200 2248400
LATENCY 2112300
TIMELINE 45 285 241754215550700 2112300
LATENCY 2161600
TIMELINE 45 301 241754249439100 2161600
LATENCY 2220500
TIMELINE 45 317 241754284522300 2220500
LATENCY 3071000
TIMELINE 45 333 241754320008800 3071000
LATENCY 2226800
TIMELINE 45 349 241754357477000 2226800
LATENCY 2093200
TIMELINE 45 365 241754393024600 2093200
LATENCY 2125200
TIMELINE 45 381 241754427123100 2125200
LATENCY 2232900
TIMELINE 45 397 241754480275000 2232900
LATENCY 2105200
TIMELINE 45 413 241754514816400 2105200
LATENCY 2191400
TIMELINE 45 429 241754549037300 2191400
LATENCY 2307600
TIMELINE 45 445 241754583035100 2307600
LATENCY 2130700
TIMELINE 45 461 241754617548700 2130700
LATENCY 2164500
TIMELINE 45 477 241754653126500 2164500
LATENCY 2139100
TIMELINE 45 493 241754687409300 2139100
LATENCY 2184700
TIMELINE 45 509 241754722221000 2184700
LATENCY 2260800
TIMELINE 45 525 241754777273500 2260800
LATENCY 2168000
TIMELINE 45 541 241754814218700 2168000
LATENCY 2116100
TIMELINE 45 557 241754848714900 2116100
LATENCY 2142900
TIMELINE 45 573 241754883052700 2142900
LATENCY 2150400
TIMELINE 45 589 241754918660000 2150400
LATENCY 2133600
TIMELINE 45 605 241754953001800 2133600
LATENCY 2077900
TIMELINE 45 621 241754987018600 2077900
LATENCY 2163100
TIMELINE 45 637 241755024974100 2163100
LATENCY 2262200
TIMELINE 45 653 241755061211700 2262200
LATENCY 2260800
TIMELINE 45 669 241755118004300 2260800
LATENCY 2267700
TIMELINE 45 685 241755154606100 2267700
LATENCY 2336100
TIMELINE 45 701 241755189764600 2336100
LATENCY 2218900
TIMELINE 45 717 241755224910300 2218900
LATENCY 2242900
TIMELINE 45 733 241755259440500 2242900
LATENCY 2213100
TIMELINE 45 749 241755294633300 2213100
LATENCY 2274100
TIMELINE 45 765 241755330612400 2274100
LATENCY 2141400
TIMELINE 45 781 241755365430700 2141400
LATENCY 2219300
TIMELINE 45 797 241755420763500 2219300
LATENCY 2231800
TIMELINE 45 813 241755455106100 2231800
LATENCY 2105400
TIMELINE 45 829 241755490704100 2105400
LATENCY 2108700
TIMELINE 45 845 241755525991400 2108700
LATENCY 2174500
TIMELINE 45 861 241755561521200 2174500
LATENCY 2102400
TIMELINE 45 877 241755597341600 2102400
LATENCY 2296100
TIMELINE 45 893 241755633040500 2296100
LATENCY 2129400
TIMELINE 45 909 241755667971800 2129400
LATENCY 2430100
TIMELINE 45 925 241755724564700 2430100
LATENCY 2233000
TIMELINE 45 941 241755760540400 2233000
LATENCY 2260700
TIMELINE 45 957 241755796760600 2260700
LATENCY 2156600
TIMELINE 45 973 241755832794900 2156600
LATENCY 2122300
TIMELINE 45 989 241755867534200 2122300
LATENCY 2102900
TIMELINE 45 1005 241755901935800 2102900
LATENCY 2212500
TIMELINE 45 1021 241755937451600 2212500
LATENCY 2323900
TIMELINE 45 1037 241755972172900 2323900
LATENCY 2222300
TIMELINE 45 1053 241756007402000 2222300
LATENCY 2136000
TIMELINE 45 1069 241756048163900 2136000
LATENCY 2102400
TIMELINE 45 1085 241756084522900 2102400
LATENCY 2204600
TIMELINE 45 1101 241756119412600 2204600
LATENCY 2166500
TIMELINE 45 1117 241756155076600 2166500
LATENCY 2145900
TIMELINE 45 1133 241756190591300 2145900
LATENCY 2111100
TIMELINE 45 1149 241756225625800 2111100
LATENCY 2173400
TIMELINE 45 1165 241756259642100 2173400
LATENCY 2086400
TIMELINE 45 1181 241756293583200 2086400
LATENCY 2338100
TIMELINE 45 1197 241756333482400 2338100
LATENCY 2188800
TIMELINE 45 1213 241756368545200 2188800
LATENCY 2099300
TIMELINE 45 1229 241756402771900 2099300
LATENCY 2748400
TIMELINE 45 1245 241756443379000 2748400
LATENCY 2767100
TIMELINE 45 1261 241756489725600 2767100
LATENCY 2706500
TIMELINE 45 1277 241756532528000 2706500
LATENCY 2740800
TIMELINE 45 1293 241756579056800 2740800
LATENCY 2978500
TIMELINE 45 1309 241756624897200 2978500
LATENCY 2760100
TIMELINE 45 1325 241756675887400 2760100
LATENCY 2753100
TIMELINE 45 1341 241756719550500 2753100
LATENCY 2616600
TIMELINE 45 1357 241756763185600 2616600
LATENCY 2636600
TIMELINE 45 1373 241756808173400 2636600
LATENCY 2646400
TIMELINE 45 1389 241756854870400 2646400
LATENCY 2656200
TIMELINE 45 1405 241756897249700 2656200
LATENCY 2654500
TIMELINE 45 1421 241756939593300 2654500
LATENCY 2597400
TIMELINE 45 1437 241756981996500 2597400
LATENCY 2633400
TIMELINE 45 1453 241757030496500 2633400
LATENCY 2708800
TIMELINE 45 1469 241757081058500 2708800
LATENCY 3108000
TIMELINE 45 1485 241757123834100 3108000
LATENCY 5419800
TIMELINE 45 1501 241757168671000 5419800
LATENCY 2583200
TIMELINE 45 1517 241757215610200 2583200
LATENCY 2954300
TIMELINE 45 1533 241757260151500 2954300
LATENCY 2960900
TIMELINE 45 1549 241757307795200 2960900
LATENCY 2813700
TIMELINE 45 1565 241757354543000 2813700
LATENCY 2987500
TIMELINE 45 1581 241757399332200 2987500
LATENCY 4466900
TIMELINE 45 1597 241757451233600 4466900
LATENCY 2732500
TIMELINE 45 1613 241757496837900 2732500
LATENCY 2894600
TIMELINE 45 1629 241757541291900 2894600
LATENCY 3036500
TIMELINE 45 1645 241757592282300 3036500
LATENCY 2797800
TIMELINE 45 1661 241757639693200 2797800
LATENCY 2933700
TIMELINE 45 1677 241757683517900 2933700
LATENCY 2937000
TIMELINE 45 1693 241757731120200 2937000
LATENCY 2798400
TIMELINE 45 1709 241757777178500 2798400
LATENCY 2597100
TIMELINE 45 1725 241757828458300 2597100
LATENCY 2930900
TIMELINE 45 1741 241757875440100 2930900
LATENCY 2739800
TIMELINE 45 1757 241757922167000 2739800
LATENCY 2990800
TIMELINE 45 1773 241757967760900 2990800
LATENCY 3043800
TIMELINE 45 1789 241758013149800 3043800
LATENCY 2676100
TIMELINE 45 1805 241758059422500 2676100
LATENCY 2828600
TIMELINE 45 1821 241758105772600 2828600
LATENCY 2835200
TIMELINE 45 1837 241758152188000 2835200
LATENCY 2777800
TIMELINE 45 1853 241758198456200 2777800
LATENCY 2609100
TIMELINE 45 1869 241758246589800 2609100
LATENCY 2812900
TIMELINE 45 1885 241758289752200 2812900
LATENCY 2849300
TIMELINE 45 1901 241758337480300 2849300
LATENCY 3097500
TIMELINE 45 1917 241758383818400 3097500
LATENCY 2994300
TIMELINE 45 1933 241758430448200 2994300
LATENCY 3202900
TIMELINE 45 1949 241758474646300 3202900
LATENCY 2714600
TIMELINE 45 1965 241758519015300 2714600
LATENCY 2764600
TIMELINE 45 1981 241758562152100 2764600
LATENCY 3065500
TIMELINE 45 1997 241758612054400 3065500
LATENCY 2653900
TIMELINE 45 2013 241758660196000 2653900
LATENCY 2844200
TIMELINE 45 2029 241758707391800 2844200
LATENCY 2603900
TIMELINE 45 2045 241758751200100 2603900
LATENCY 2196600
TIMELINE 46 14 241753577399700 2196600
LATENCY 2188500
TIMELINE 46 30 241753613335100 2188500
LATENCY 2148400
TIMELINE 46 46 241753648534100 2148400
LATENCY 2301400
TIMELINE 46 62 241753684096500 2301400
LATENCY 2261000
TIMELINE 46 78 241753719926900 2261000
LATENCY 2154100
TIMELINE 46 94 241753754783000 2154100
LATENCY 2183700
TIMELINE 46 110 241753790267600 2183700
LATENCY 2523900
TIMELINE 46 126 241753846550300 2523900
LATENCY 2094400
TIMELINE 46 142 241753881261000 2094400
LATENCY 2544700
TIMELINE 46 158 241753917647200 2544700
LATENCY 2323800
TIMELINE 46 174 241753954440000 2323800
LATENCY 2205500
TIMELINE 46 190 241753989546000 2205500
LATENCY 2251000
TIMELINE 46 206 241754024088000 2251000
LATENCY 2198200
TIMELINE 46 222 241754059564700 2198200
LATENCY 2147000
TIMELINE 46 238 241754094733500 2147000
LATENCY 2456400
TIMELINE 46 254 241754130016100 2456400
LATENCY 2300600
TIMELINE 46 270 241754183146100 2300600
LATENCY 2154300
TIMELINE 46 286 241754217519900 2154300
LATENCY 2111600
TIMELINE 46 302 241754251454400 2111600
LATENCY 2239300
TIMELINE 46 318 241754286532400 2239300
LATENCY 2305800
TIMELINE 46 334 241754321992700 2305800
LATENCY 2242500
TIMELINE 46 350 241754358660000 2242500
LATENCY 2059800
TIMELINE 46 366 241754394163800 2059800
LATENCY 2122000
TIMELINE 46 382 241754428276800 2122000
LATENCY 2149400
TIMELINE 46 398 241754481668100 2149400
LATENCY 2065300
TIMELINE 46 414 241754516124700 2065300
LATENCY 2163200
TIMELINE 46 430 241754550397900 2163200
LATENCY 2316200
TIMELINE 46 446 241754584497100 2316200
LATENCY 2380200
TIMELINE 46 462 241754618873100 2380200
LATENCY 2228800
TIMELINE 46 478 241754654612700 2228800
LATENCY 2115400
TIMELINE 46 494 241754688970500 2115400
LATENCY 2181000
TIMELINE 46 510 241754723823300 2181000
LATENCY 2282800
TIMELINE 46 526 241754778987600 2282800
LATENCY 2163400
TIMELINE 46 542 241754815750600 2163400
LATENCY 2086200
TIMELINE 46 558 241754850238500 2086200
LATENCY 2123400
TIMELINE 46 574 241754884649300 2123400
LATENCY 2140600
TIMELINE 46 590 241754920247400 2140600
LATENCY 2123000
TIMELINE 46 606 241754954577900 2123000
LATENCY 2134200
TIMELINE 46 622 241754988525000 2134200
LATENCY 2282900
TIMELINE 46 638 241755026481900 2282900
LATENCY 20997000
TIMELINE 46 654 241755062803800 20997000
LATENCY 2406900
TIMELINE 46 670 241755119597900 2406900
LATENCY 2237900
TIMELINE 46 686 241755156038500 2237900
LATENCY 2262900
TIMELINE 46 702 241755190982900 2262900
LATENCY 2212000
TIMELINE 46 718 241755226023100 2212000
LATENCY 2172300
TIMELINE 46 734 241755260422200 2172300
LATENCY 2222000
TIMELINE 46 750 241755295448700 2222000
LATENCY 2209700
TIMELINE 46 766 241755331654900 2209700
LATENCY 2170500
TIMELINE 46 782 241755366311100 2170500
LATENCY 2226900
TIMELINE 46 798 241755421524700 2226900
LATENCY 2191600
TIMELINE 46 814 241755455972600 2191600
LATENCY 2115100
TIMELINE 46 830 241755491700200 2115100
LATENCY 2135500
TIMELINE 46 846 241755526552300 2135500
LATENCY 2187000
TIMELINE 46 862 241755562114000 2187000
LATENCY 2105600
TIMELINE 46 878 241755597994500 2105600
LATENCY 2242500
TIMELINE 46 894 241755634154700 2242500
LATENCY 2154100
TIMELINE 46 910 241755669002000 2154100
LATENCY 2278000
TIMELINE 46 926 241755725821500 2278000
LATENCY 2180700
TIMELINE 46 942 241755761608000 2180700
LATENCY 2220100
TIMELINE 46 958 241755797751100 2220100
LATENCY 2159700
TIMELINE 46 974 241755833579300 2159700
LATENCY 2182000
TIMELINE 46 990 241755868291000 2182000
LATENCY 2116400
TIMELINE 46 1006 241755902696200 2116400
LATENCY 2197100
TIMELINE 46 1022 241755938145100 2197100
LATENCY 2272600
TIMELINE 46 1038 241755972912000 2272600
LATENCY 8028300
TIMELINE 46 1054 241756008033800 8028300
LATENCY 2295400
TIMELINE 46 1070 241756048699700 2295400
LATENCY 2136000
TIMELINE 46 1086 241756085214300 2136000
LATENCY 2224800
TIMELINE 46 1102 241756120013400 2224800
LATENCY 2175800
TIMELINE 46 1118 241756155603600 2175800
LATENCY 2156800
TIMELINE 46 1134 241756191113100 2156800
LATENCY 2129400
TIMELINE 46 1150 241756226125800 2129400
LATENCY 2150000
TIMELINE 46 1166 241756260179500 2150000
LATENCY 2087500
TIMELINE 46 1182 241756294089000 2087500
LATENCY 2272000
TIMELINE 46 1198 241756334167300 2272000
LATENCY 2208100
TIMELINE 46 1214 241756369246200 2208100
LATENCY 2086100
TIMELINE 46 1230 241756403473400 2086100
LATENCY 2918800
TIMELINE 46 1246 241756444323400 2918800
LATENCY 2696100
TIMELINE 46 1262 241756490899700 2696100
LATENCY 2712600
TIMELINE 46 1278 241756533697100 2712600
LATENCY 2738600
TIMELINE 46 1294 241756580201900 2738600
LATENCY 2983500
TIMELINE 46 1310 241756626184900 2983500
LATENCY 2748500
TIMELINE 46 1326 241756677035900 2748500
LATENCY 2760500
TIMELINE 46 1342 241756720725800 2760500
LATENCY 2737200
TIMELINE 46 1358 241756764301700 2737200
LATENCY 2627500
TIMELINE 46 1374 241756809330400 2627500
LATENCY 2633600
TIMELINE 46 1390 241756855880400 2633600
LATENCY 2607900
TIMELINE 46 1406 241756898246700 2607900
LATENCY 2602800
TIMELINE 46 1422 241756940604600 2602800
LATENCY 2620300
TIMELINE 46 1438 241756982934800 2620300
LATENCY 2628300
TIMELINE 46 1454 241757030783100 2628300
LATENCY 2686900
TIMELINE 46 1470 241757081364100 2686900
LATENCY 3098200
TIMELINE 46 1486 241757124197100 3098200
LATENCY 6112700
TIMELINE 46 1502 241757169027400 6112700
LATENCY 2516600
TIMELINE 46 1518 241757215931400 2516600
LATENCY 2945900
TIMELINE 46 1534 241757260575300 2945900
LATENCY 2964000
TIMELINE 46 1550 241757308213500 2964000
LATENCY 2800800
TIMELINE 46 1566 241757355035200 2800800
LATENCY 2922300
TIMELINE 46 1582 241757399900800 2922300
LATENCY 4470200
TIMELINE 46 1598 241757451751900 4470200
LATENCY 2710800
TIMELINE 46 1614 241757497254700 2710800
LATENCY 2882400
TIMELINE 46 1630 241757541821300 2882400
LATENCY 3080600
TIMELINE 46 1646 241757592775400 3080600
LATENCY 2783700
TIMELINE 46 1662 241757640167100 2783700
LATENCY 2925900
TIMELINE 46 1678 241757683990900 2925900
LATENCY 2870600
TIMELINE 46 1694 241757731689300 2870600
LATENCY 2832600
TIMELINE 46 1710 241757777677200 2832600
LATENCY 2704000
TIMELINE 46 1726 241757828915400 2704000
LATENCY 2924700
TIMELINE 46 1742 241757875983700 2924700
LATENCY 2761400
TIMELINE 46 1758 241757922766300 2761400
LATENCY 3007100
TIMELINE 46 1774 241757968412700 3007100
LATENCY 3124100
TIMELINE 46 1790 241758013862500 3124100
LATENCY 2660400
TIMELINE 46 1806 241758060105200 2660400
LATENCY 2850200
TIMELINE 46 1822 241758106483200 2850200
LATENCY 2752000
TIMELINE 46 1838 241758152939500 2752000
LATENCY 2726700
TIMELINE 46 1854 241758199129100 2726700
LATENCY 2607900
TIMELINE 46 1870 241758247129800 2607900
LATENCY 2766400
TIMELINE 46 1886 241758290369600 2766400
LATENCY 2843700
TIMELINE 46 1902 241758337996000 2843700
LATENCY 3006500
TIMELINE 46 1918 241758384504200 3006500
LATENCY 3094500
TIMELINE 46 1934 241758430867000 3094500
LATENCY 3108000
TIMELINE 46 1950 241758475189400 3108000
LATENCY 2715200
TIMELINE 46 1966 241758519397800 2715200
LATENCY 2789400
TIMELINE 46 1982 241758562510600 2789400
LATENCY 2937600
TIMELINE 46 1998 241758613080400 2937600
LATENCY 2616700
TIMELINE 46 2014 241758661068400 2616700
LATENCY 2921500
TIMELINE 46 2030 241758708270100 2921500
LATENCY 2611200
TIMELINE 46 2046 241758751969300 2611200
LATENCY 2204700
TIMELINE 47 15 241753579631000 2204700
LATENCY 2251300
TIMELINE 47 31 241753615493100 2251300
LATENCY 2351400
TIMELINE 47 47 241753650655000 2351400
LATENCY 2205800
TIMELINE 47 63 241753686330300 2205800
LATENCY 2291600
TIMELINE 47 79 241753722032600 2291600
LATENCY 2109200
TIMELINE 47 95 241753756822100 2109200
LATENCY 2142200
TIMELINE 47 111 241753792422900 2142200
LATENCY 2120800
TIMELINE 47 127 241753849136800 2120800
LATENCY 2108300
TIMELINE 47 143 241753883388900 2108300
LATENCY 2195700
TIMELINE 47 159 241753920450600 2195700
LATENCY 2185700
TIMELINE 47 175 241753956855200 2185700
LATENCY 2134500
TIMELINE 47 191 241753991872500 2134500
LATENCY 2160100
TIMELINE 47 207 241754026414000 2160100
LATENCY 2221600
TIMELINE 47 223 241754061920100 2221600
LATENCY 2171100
TIMELINE 47 239 241754097056000 2171100
LATENCY 2279500
TIMELINE 47 255 241754132446500 2279500
LATENCY 2151700
TIMELINE 47 271 241754185391100 2151700
LATENCY 2128600
TIMELINE 47 287 241754219596200 2128600
LATENCY 2089100
TIMELINE 47 303 241754253507200 2089100
LATENCY 2311100
TIMELINE 47 319 241754288695700 2311100
LATENCY 2319100
TIMELINE 47 335 241754324365100 2319100
LATENCY 2238600
TIMELINE 47 351 241754360871800 2238600
LATENCY 2117100
TIMELINE 47 367 241754396195200 2117100
LATENCY 2632900
TIMELINE 47 383 241754430369400 2632900
LATENCY 2140400
TIMELINE 47 399 241754483407400 2140400
LATENCY 2109000
TIMELINE 47 415 241754517794800 2109000
LATENCY 2269200
TIMELINE 47 431 241754552221900 2269200
LATENCY 2188000
TIMELINE 47 447 241754586508200 2188000
LATENCY 2386200
TIMELINE 47 463 241754620930200 2386200
LATENCY 2172000
TIMELINE 47 479 241754656340000 2172000
LATENCY 2174800
TIMELINE 47 495 241754690516400 2174800
LATENCY 2206000
TIMELINE 47 511 241754725328600 2206000
LATENCY 2413200
TIMELINE 47 527 241754780468500 2413200
LATENCY 2278000
TIMELINE 47 543 241754817189400 2278000
LATENCY 2146000
TIMELINE 47 559 241754851525400 2146000
LATENCY 2174000
TIMELINE 47 575 241754885836600 2174000
LATENCY 2147300
TIMELINE 47 591 241754921460200 2147300
LATENCY 2156600
TIMELINE 47 607 241754955782100 2156600
LATENCY 2121200
TIMELINE 47 623 241754989715200 2121200
LATENCY 2330000
TIMELINE 47 639 241755027734000 2330000
LATENCY 21266300
TIMELINE 47 655 241755064048600 21266300
LATENCY 2321200
TIMELINE 47 671 241755120773800 2321200
LATENCY 2251200
TIMELINE 47 687 241755157319200 2251200
LATENCY 2374400
TIMELINE 47 703 241755192434400 2374400
LATENCY 2244700
TIMELINE 47 719 241755227624400 2244700
LATENCY 2151100
TIMELINE 47 735 241755262091400 2151100
LATENCY 2154000
TIMELINE 47 751 241755297356400 2154000
LATENCY 2141100
TIMELINE 47 767 241755333419400 2141100
LATENCY 2165200
TIMELINE 47 783 241755368082700 2165200
LATENCY 2084400
TIMELINE 47 799 241755423320500 2084400
LATENCY 2228100
TIMELINE 47 815 241755457630900 2228100
LATENCY 2087300
TIMELINE 47 831 241755493166000 2087300
LATENCY 2136100
TIMELINE 47 847 241755528014500 2136100
LATENCY 2262400
TIMELINE 47 863 241755563791500 2262400
LATENCY 2129400
TIMELINE 47 879 241755599560400 2129400
LATENCY 2189700
TIMELINE 47 895 241755635221700 2189700
LATENCY 2169200
TIMELINE 47 911 241755669928500 2169200
LATENCY 2178600
TIMELINE 47 927 241755726969200 2178600
LATENCY 2175800
TIMELINE 47 943 241755762677500 2175800
LATENCY 2142600
TIMELINE 47 959 241755798907700 2142600
LATENCY 2168300
TIMELINE 47 975 241755834769700 2168300
LATENCY 2179800
TIMELINE 47 991 241755869476400 2179800
LATENCY 2116400
TIMELINE 47 1007 241755903907200 2116400
LATENCY 2223900
TIMELINE 47 1023 241755939539500 2223900
LATENCY 2233600
TIMELINE 47 1039 241755974369500 2233600
LATENCY 8031400
TIMELINE 47 1055 241756009596500 8031400
LATENCY 2662000
TIMELINE 47 1071 241756050217400 2662000
LATENCY 2151900
TIMELINE 47 1087 241756086598000 2151900
LATENCY 2209800
TIMELINE 47 1103 241756121588800 2209800
LATENCY 2188800
TIMELINE 47 1119 241756157133800 2188800
LATENCY 2156400
TIMELINE 47 1135 241756192801200 2156400
LATENCY 2126300
TIMELINE 47 1151 241756227908900 2126300
LATENCY 2140800
TIMELINE 47 1167 241756261984700 2140800
LATENCY 2085400
TIMELINE 47 1183 241756295849200 2085400
LATENCY 2138900
TIMELINE 47 1199 241756336061000 2138900
LATENCY 2203700
TIMELINE 47 1215 241756371034700 2203700
LATENCY 2095400
TIMELINE 47 1231 241756405149900 2095400
LATENCY 3061400
TIMELINE 47 1247 241756446583700 3061400
LATENCY 2574700
TIMELINE 47 1263 241756493006800 2574700
LATENCY 2767800
TIMELINE 47 1279 241756535776800 2767800
LATENCY 2758600
TIMELINE 47 1295 241756582304500 2758600
LATENCY 2951500
TIMELINE 47 1311 241756628436200 2951500
LATENCY 2776600
TIMELINE 47 1327 241756679144900 2776600
LATENCY 2722800
TIMELINE 47 1343 241756722852600 2722800
LATENCY 2734000
TIMELINE 47 1359 241756766381000 2734000
LATENCY 2649500
TIMELINE 47 1375 241756811340500 2649500
LATENCY 2688500
TIMELINE 47 1391 241756857892900 2688500
LATENCY 2704800
TIMELINE 47 1407 241756900263700 2704800
LATENCY 2595500
TIMELINE 47 1423 241756942617800 2595500
LATENCY 2594700
TIMELINE 47 1439 241756984965600 2594700
LATENCY 8359800
TIMELINE 47 1455 241757033529300 8359800
LATENCY 2660400
TIMELINE 47 1471 241757084188300 2660400
LATENCY 2998100
TIMELINE 47 1487 241757127471900 2998100
LATENCY 2892500
TIMELINE 47 1503 241757175626100 2892500
LATENCY 2478500
TIMELINE 47 1519 241757218560000 2478500
LATENCY 2981000
TIMELINE 47 1535 241757263647200 2981000
LATENCY 3001200
TIMELINE 47 1551 241757311303900 3001200
LATENCY 2778600
TIMELINE 47 1567 241757357967700 2778600
LATENCY 2761000
TIMELINE 47 1583 241757402940700 2761000
LATENCY 2888800
TIMELINE 47 1599 241757456354600 2888800
LATENCY 2744000
TIMELINE 47 1615 241757500236500 2744000
LATENCY 2924700
TIMELINE 47 1631 241757544898600 2924700
LATENCY 2799900
TIMELINE 47 1647 241757596019800 2799900
LATENCY 2744900
TIMELINE 47 1663 241757643154800 2744900
LATENCY 3091700
TIMELINE 47 1679 241757686997600 3091700
LATENCY 2935400
TIMELINE 47 1695 241757734609300 2935400
LATENCY 2938300
TIMELINE 47 1711 241757780560800 2938300
LATENCY 3488200
TIMELINE 47 1727 241757831794000 3488200
LATENCY 2952400
TIMELINE 47 1743 241757879039200 2952400
LATENCY 2793400
TIMELINE 47 1759 241757925606900 2793400
LATENCY 2892600
TIMELINE 47 1775 241757971545800 2892600
LATENCY 3021000
TIMELINE 47 1791 241758017119900 3021000
LATENCY 2741100
TIMELINE 47 1807 241758062868900 2741100
LATENCY 2860500
TIMELINE 47 1823 241758109458900 2860500
LATENCY 2676400
TIMELINE 47 1839 241758155844300 2676400
LATENCY 8222400
TIMELINE 47 1855 241758201959900 8222400
LATENCY 2599800
TIMELINE 47 1871 241758249932600 2599800
LATENCY 2740800
TIMELINE 47 1887 241758293311700 2740800
LATENCY 2855900
TIMELINE 47 1903 241758341077300 2855900
LATENCY 3066100
TIMELINE 47 1919 241758387782700 3066100
LATENCY 3026700
TIMELINE 47 1935 241758434219000 3026700
LATENCY 2824400
TIMELINE 47 1951 241758478523000 2824400
LATENCY 2693400
TIMELINE 47 1967 241758522300600 2693400
LATENCY 2748400
TIMELINE 47 1983 241758565683200 2748400
LATENCY 2940900
TIMELINE 47 1999 241758616426100 2940900
LATENCY 2708900
TIMELINE 47 2015 241758664047100 2708900
LATENCY 3006000
TIMELINE 47 2031 241758711669800 3006000
LATENCY 4641200
TIMELINE 47 2047 241758755004000 4641200
LATENCY 7271300
TIMELINE 48 0 241753537483500 7271300
LATENCY 2219300
TIMELINE 48 16 241753581903200 2219300
LATENCY 2394000
TIMELINE 48 32 241753617834700 2394000
LATENCY 2160400
TIMELINE 48 48 241753653072000 2160400
LATENCY 2195000
TIMELINE 48 64 241753688653800 2195000
LATENCY 2306600
TIMELINE 48 80 241753724627900 2306600
LATENCY 2146800
TIMELINE 48 96 241753759214100 2146800
LATENCY 2214000
TIMELINE 48 112 241753794927100 2214000
LATENCY 2170600
TIMELINE 48 128 241753851550900 2170600
LATENCY 2101100
TIMELINE 48 144 241753885808700 2101100
LATENCY 2471600
TIMELINE 48 160 241753923280600 2471600
LATENCY 2187000
TIMELINE 48 176 241753959562000 2187000
LATENCY 2172200
TIMELINE 48 192 241753994519400 2172200
LATENCY 2193500
TIMELINE 48 208 241754029073100 2193500
LATENCY 2221200
TIMELINE 48 224 241754064599500 2221200
LATENCY 2138300
TIMELINE 48 240 241754099489300 2138300
LATENCY 19702400
TIMELINE 48 256 241754135070000 19702400
LATENCY 2148600
TIMELINE 48 272 241754187960000 2148600
LATENCY 2125600
TIMELINE 48 288 241754222106100 2125600
LATENCY 2142300
TIMELINE 48 304 241754256013400 2142300
LATENCY 2154500
TIMELINE 48 320 241754291408500 2154500
LATENCY 2249600
TIMELINE 48 336 241754327513100 2249600
LATENCY 2243500
TIMELINE 48 352 241754363901100 2243500
LATENCY 2127000
TIMELINE 48 368 241754399204500 2127000
LATENCY 2167500
TIMELINE 48 384 241754433755600 2167500
LATENCY 2123300
TIMELINE 48 400 241754486514100 2123300
LATENCY 2099600
TIMELINE 48 416 241754520877500 2099600
LATENCY 2106900
TIMELINE 48 432 241754555446100 2106900
LATENCY 2196300
TIMELINE 48 448 241754589655300 2196300
LATENCY 2273900
TIMELINE 48 464 241754624249500 2273900
LATENCY 2133600
TIMELINE 48 480 241754659442800 2133600
LATENCY 2110700
TIMELINE 48 496 241754693625900 2110700
LATENCY 2167800
TIMELINE 48 512 241754728453600 2167800
LATENCY 2317900
TIMELINE 48 528 241754783899400 2317900
LATENCY 2102600
TIMELINE 48 544 241754820522400 2102600
LATENCY 2140400
TIMELINE 48 560 241754854831300 2140400
LATENCY 2624300
TIMELINE 48 576 241754889558300 2624300
LATENCY 2148400
TIMELINE 48 592 241754924807900 2148400
LATENCY 2147200
TIMELINE 48 608 241754959117500 2147200
LATENCY 2366600
TIMELINE 48 624 241754993045800 2366600
LATENCY 2366600
TIMELINE 48 640 241755031353600 2366600
LATENCY 2412200
TIMELINE 48 656 241755086850800 2412200
LATENCY 2181400
TIMELINE 48 672 241755124498700 2181400
LATENCY 2105600
TIMELINE 48 688 241755161014400 2105600
LATENCY 2229600
TIMELINE 48 704 241755196421500 2229600
LATENCY 2248400
TIMELINE 48 720 241755231446200 2248400
LATENCY 1975000
TIMELINE 48 736 241755265903200 1975000
LATENCY 2316900
TIMELINE 48 752 241755300902500 2316900
LATENCY 2154100
TIMELINE 48 768 241755336658600 2154100
LATENCY 2241700
TIMELINE 48 784 241755371382600 2241700
LATENCY 2097800
TIMELINE 48 800 241755426533100 2097800
LATENCY 2194200
TIMELINE 48 816 241755461183100 2194200
LATENCY 2120300
TIMELINE 48 832 241755496444400 2120300
LATENCY 2144100
TIMELINE 48 848 241755531349200 2144100
LATENCY 2422300
TIMELINE 48 864 241755567417500 2422300
LATENCY 2136300
TIMELINE 48 880 241755602881300 2136300
LATENCY 2222500
TIMELINE 48 896 241755639240900 2222500
LATENCY 2272800
TIMELINE 48 912 241755673830600 2272800
LATENCY 2346800
TIMELINE 48 928 241755730805500 2346800
LATENCY 2365900
TIMELINE 48 944 241755766595000 2365900
LATENCY 2247900
TIMELINE 48 960 241755802588300 2247900
LATENCY 2281600
TIMELINE 48 976 241755838611900 2281600
LATENCY 2139000
TIMELINE 48 992 241755873351500 2139000
LATENCY 2154900
TIMELINE 48 1008 241755907647000 2154900
LATENCY 2150000
TIMELINE 48 1024 241755943261700 2150000
LATENCY 2151300
TIMELINE 48 1040 241755977934400 2151300
LATENCY 2234400
TIMELINE 48 1056 241756019124900 2234400
LATENCY 2179700
TIMELINE 48 1072 241756054634900 2179700
LATENCY 2154200
TIMELINE 48 1088 241756090104100 2154200
LATENCY 2206100
TIMELINE 48 1104 241756125131200 2206100
LATENCY 2223200
TIMELINE 48 1120 241756160683800 2223200
LATENCY 2144000
TIMELINE 48 1136 241756196089600 2144000
LATENCY 2112400
TIMELINE 48 1152 241756231046500 2112400
LATENCY 2105200
TIMELINE 48 1168 241756265141000 2105200
LATENCY 2121800
TIMELINE 48 1184 241756298932900 2121800
LATENCY 2160300
TIMELINE 48 1200 241756339227000 2160300
LATENCY 2160100
TIMELINE 48 1216 241756374224600 2160100
LATENCY 2131500
TIMELINE 48 1232 241756408316600 2131500
LATENCY 2990400
TIMELINE 48 1248 241756451266900 2990400
LATENCY 2686700
TIMELINE 48 1264 241756497148700 2686700
LATENCY 2619800
TIMELINE 48 1280 241756540214600 2619800
LATENCY 3029500
TIMELINE 48 1296 241756586503400 3029500
LATENCY 3043900
TIMELINE 48 1312 241756632909200 3043900
LATENCY 2733600
TIMELINE 48 1328 241756683329600 2733600
LATENCY 2729400
TIMELINE 48 1344 241756727098200 2729400
LATENCY 2954500
TIMELINE 48 1360 241756770782700 2954500
LATENCY 2602100
TIMELINE 48 1376 241756815423200 2602100
LATENCY 2628100
TIMELINE 48 1392 241756862035900 2628100
LATENCY 2649000
TIMELINE 48 1408 241756904373000 2649000
LATENCY 2723100
TIMELINE 48 1424 241756946650400 2723100
LATENCY 3453800
TIMELINE 48 1440 241756988952300 3453800
LATENCY 4024300
TIMELINE 48 1456 241757045105200 4024300
LATENCY 2680900
TIMELINE 48 1472 241757088674500 2680900
LATENCY 2748100
TIMELINE 48 1488 241757132386100 2748100
LATENCY 2735300
TIMELINE 48 1504 241757180440900 2735300
LATENCY 2711600
TIMELINE 48 1520 241757222949200 2711600
LATENCY 2979900
TIMELINE 48 1536 241757268699100 2979900
LATENCY 2913200
TIMELINE 48 1552 241757316436800 2913200
LATENCY 2699700
TIMELINE 48 1568 241757362598500 2699700
LATENCY 2753900
TIMELINE 48 1584 241757407729600 2753900
LATENCY 2718700
TIMELINE 48 1600 241757461213500 2718700
LATENCY 2776300
TIMELINE 48 1616 241757504709100 2776300
LATENCY 2942500
TIMELINE 48 1632 241757549773900 2942500
LATENCY 2857100
TIMELINE 48 1648 241757600813600 2857100
LATENCY 2764700
TIMELINE 48 1664 241757647781000 2764700
LATENCY 3046300
TIMELINE 48 1680 241757692225100 3046300
LATENCY 2963200
TIMELINE 48 1696 241757739632100 2963200
LATENCY 2834000
TIMELINE 48 1712 241757785518600 2834000
LATENCY 2823100
TIMELINE 48 1728 241757837021800 2823100
LATENCY 2957000
TIMELINE 48 1744 241757884009300 2957000
LATENCY 2743400
TIMELINE 48 1760 241757930161000 2743400
LATENCY 2950700
TIMELINE 48 1776 241757976282500 2950700
LATENCY 2957100
TIMELINE 48 1792 241758022076400 2957100
LATENCY 3143100
TIMELINE 48 1808 241758067537300 3143100
LATENCY 3024000
TIMELINE 48 1824 241758114084200 3024000
LATENCY 2839400
TIMELINE 48 1840 241758160225900 2839400
LATENCY 2684100
TIMELINE 48 1856 241758211817800 2684100
LATENCY 2690000
TIMELINE 48 1872 241758254150100 2690000
LATENCY 2776800
TIMELINE 48 1888 241758297775300 2776800
LATENCY 2688000
TIMELINE 48 1904 241758345684300 2688000
LATENCY 3018500
TIMELINE 48 1920 241758392716900 3018500
LATENCY 3011000
TIMELINE 48 1936 241758439150500 3011000
LATENCY 2630700
TIMELINE 48 1952 241758482935600 2630700
LATENCY 2672300
TIMELINE 48 1968 241758526746400 2672300
LATENCY 2764200
TIMELINE 48 1984 241758569883300 2764200
LATENCY 2954900
TIMELINE 48 2000 241758621487200 2954900
LATENCY 3033600
TIMELINE 48 2016 241758668677700 3033600
LATENCY 2881200
TIMELINE 48 2032 241758716845800 2881200
LATENCY 2390100
TIMELINE 49 1 241753544804800 2390100
LATENCY 2187100
TIMELINE 49 17 241753584092300 2187100
LATENCY 2226700
TIMELINE 49 33 241753620115400 2226700
LATENCY 2120400
TIMELINE 49 49 241753655267400 2120400
LATENCY 2148200
TIMELINE 49 65 241753690789500 2148200
LATENCY 2253000
TIMELINE 49 81 241753726783600 2253000
LATENCY 2195700
TIMELINE 49 97 241753761214800 2195700
LATENCY 2264700
TIMELINE 49 113 241753797036100 2264700
LATENCY 2137600
TIMELINE 49 129 241753853636600 2137600
LATENCY 2149800
TIMELINE 49 145 241753887854100 2149800
LATENCY 2413300
TIMELINE 49 161 241753925686000 2413300
LATENCY 2153800
TIMELINE 49 177 241753961689100 2153800
LATENCY 2121000
TIMELINE 49 193 241753996661300 2121000
LATENCY 2145500
TIMELINE 49 209 241754031509000 2145500
LATENCY 2239300
TIMELINE 49 225 241754067079600 2239300
LATENCY 2127100
TIMELINE 49 241 241754101951000 2127100
LATENCY 2270400
TIMELINE 49 257 241754155284900 2270400
LATENCY 2153400
TIMELINE 49 273 241754190591100 2153400
LATENCY 2093800
TIMELINE 49 289 241754224707200 2093800
LATENCY 2187400
TIMELINE 49 305 241754258600100 2187400
LATENCY 2100400
TIMELINE 49 321 241754293961000 2100400
LATENCY 2238000
TIMELINE 49 337 241754330300800 2238000
LATENCY 2256100
TIMELINE 49 353 241754366699700 2256100
LATENCY 2126200
TIMELINE 49 369 241754402140700 2126200
LATENCY 2119700
TIMELINE 49 385 241754436781800 2119700
LATENCY 2136300
TIMELINE 49 401 241754489532800 2136300
LATENCY 2133600
TIMELINE 49 417 241754523876800 2133600
LATENCY 2068600
TIMELINE 49 433 241754558353300 2068600
LATENCY 2136700
TIMELINE 49 449 241754592679900 2136700
LATENCY 2555200
TIMELINE 49 465 241754627374100 2555200
LATENCY 2124900
TIMELINE 49 481 241754662392100 2124900
LATENCY 2068900
TIMELINE 49 497 241754696551100 2068900
LATENCY 2208600
TIMELINE 49 513 241754731460200 2208600
LATENCY 2364100
TIMELINE 49 529 241754787080700 2364100
LATENCY 2199100
TIMELINE 49 545 241754823330700 2199100
LATENCY 2100000
TIMELINE 49 561 241754857559700 2100000
LATENCY 2326800
TIMELINE 49 577 241754892816000 2326800
LATENCY 2144500
TIMELINE 49 593 241754927528800 2144500
LATENCY 2091900
TIMELINE 49 609 241754961855600 2091900
LATENCY 3468100
TIMELINE 49 625 241754995977000 3468100
LATENCY 2170500
TIMELINE 49 641 241755034244500 2170500
LATENCY 2615300
TIMELINE 49 657 241755089981200 2615300
LATENCY 2236200
TIMELINE 49 673 241755127173800 2236200
LATENCY 2108300
TIMELINE 49 689 241755163530000 2108300
LATENCY 2071300
TIMELINE 49 705 241755198833000 2071300
LATENCY 2150600
TIMELINE 49 721 241755233822700 2150600
LATENCY 2191800
TIMELINE 49 737 241755268190800 2191800
LATENCY 2094100
TIMELINE 49 753 241755303553700 2094100
LATENCY 2289800
TIMELINE 49 769 241755339319000 2289800
LATENCY 2430400
TIMELINE 49 785 241755374191700 2430400
LATENCY 2127600
TIMELINE 49 801 241755429182800 2127600
LATENCY 2194200
TIMELINE 49 817 241755463893400 2194200
LATENCY 2205400
TIMELINE 49 833 241755499182200 2205400
LATENCY 2247300
TIMELINE 49 849 241755534254000 2247300
LATENCY 2261500
TIMELINE 49 865 241755570500800 2261500
LATENCY 2229700
TIMELINE 49 881 241755605667400 2229700
LATENCY 2200600
TIMELINE 49 897 241755642039700 2200600
LATENCY 2147300
TIMELINE 49 913 241755676700100 2147300
LATENCY 2285000
TIMELINE 49 929 241755733667300 2285000
LATENCY 2236800
TIMELINE 49 945 241755769481900 2236800
LATENCY 2411300
TIMELINE 49 961 241755805421700 2411300
LATENCY 2264400
TIMELINE 49 977 241755841502800 2264400
LATENCY 2173100
TIMELINE 49 993 241755876023600 2173100
LATENCY 2125800
TIMELINE 49 1009 241755910327900 2125800
LATENCY 2114900
TIMELINE 49 1025 241755946003300 2114900
LATENCY 2172200
TIMELINE 49 1041 241755980751400 2172200
LATENCY 2116800
TIMELINE 49 1057 241756021892800 2116800
LATENCY 2244100
TIMELINE 49 1073 241756057248500 2244100
LATENCY 2154400
TIMELINE 49 1089 241756092758800 2154400
LATENCY 2310500
TIMELINE 49 1105 241756127990900 2310500
LATENCY 2272800
TIMELINE 49 1121 241756163550900 2272800
LATENCY 2094300
TIMELINE 49 1137 241756198868500 2094300
LATENCY 2137300
TIMELINE 49 1153 241756233825300 2137300
LATENCY 2120600
TIMELINE 49 1169 241756267911400 2120600
LATENCY 2181300
TIMELINE 49 1185 241756301732800 2181300
LATENCY 2203000
TIMELINE 49 1201 241756342078900 2203000
LATENCY 2173300
TIMELINE 49 1217 241756377129200 2173300
LATENCY 2132100
TIMELINE 49 1233 241756411050600 2132100
LATENCY 3032300
TIMELINE 49 1249 241756454997000 3032300
LATENCY 2600300
TIMELINE 49 1265 241756499888300 2600300
LATENCY 2739500
TIMELINE 49 1281 241756542886000 2739500
LATENCY 2973900
TIMELINE 49 1297 241756589569300 2973900
LATENCY 2902500
TIMELINE 49 1313 241756636065600 2902500
LATENCY 2683900
TIMELINE 49 1329 241756686108600 2683900
LATENCY 2756100
TIMELINE 49 1345 241756729767100 2756100
LATENCY 2804300
TIMELINE 49 1361 241756773655300 2804300
LATENCY 3212800
TIMELINE 49 1377 241756817957100 3212800
LATENCY 2629100
TIMELINE 49 1393 241756864592700 2629100
LATENCY 2603800
TIMELINE 49 1409 241756906949200 2603800
LATENCY 2672100
TIMELINE 49 1425 241756949301400 2672100
LATENCY 2926700
TIMELINE 49 1441 241756992293800 2926700
LATENCY 2612500
TIMELINE 49 1457 241757049269500 2612500
LATENCY 2669400
TIMELINE 49 1473 241757091500100 2669400
LATENCY 2839400
TIMELINE 49 1489 241757135290400 2839400
LATENCY 2799700
TIMELINE 49 1505 241757183284900 2799700
LATENCY 2737100
TIMELINE 49 1521 241757225798500 2737100
LATENCY 2951300
TIMELINE 49 1537 241757271814200 2951300
LATENCY 2929300
TIMELINE 49 1553 241757319435000 2929300
LATENCY 2782600
TIMELINE 49 1569 241757365429300 2782600
LATENCY 2837700
TIMELINE 49 1585 241757410605200 2837700
LATENCY 2710600
TIMELINE 49 1601 241757464118200 2710600
LATENCY 2700200
TIMELINE 49 1617 241757507694600 2700200
LATENCY 2839500
TIMELINE 49 1633 241757552930200 2839500
LATENCY 3013500
TIMELINE 49 1649 241757603841200 3013500
LATENCY 2719400
TIMELINE 49 1665 241757650658600 2719400
LATENCY 3037000
TIMELINE 49 1681 241757695446200 3037000
LATENCY 2914600
TIMELINE 49 1697 241757742763400 2914600
LATENCY 2737200
TIMELINE 49 1713 241757788494400 2737200
LATENCY 2762900
TIMELINE 49 1729 241757839926800 2762900
LATENCY 2946200
TIMELINE 49 1745 241757887134300 2946200
LATENCY 2751300
TIMELINE 49 1761 241757933121400 2751300
LATENCY 2958400
TIMELINE 49 1777 241757979485800 2958400
LATENCY 3020000
TIMELINE 49 1793 241758025245500 3020000
LATENCY 2747900
TIMELINE 49 1809 241758070862100 2747900
LATENCY 2962600
TIMELINE 49 1825 241758117307500 2962600
LATENCY 2952900
TIMELINE 49 1841 241758163291800 2952900
LATENCY 2661600
TIMELINE 49 1857 241758214757500 2661600
LATENCY 2667800
TIMELINE 49 1873 241758257052100 2667800
LATENCY 2758000
TIMELINE 49 1889 241758300773000 2758000
LATENCY 2726400
TIMELINE 49 1905 241758348662300 2726400
LATENCY 3043800
TIMELINE 49 1921 241758396037900 3043800
LATENCY 2996100
TIMELINE 49 1937 241758442465800 2996100
LATENCY 2706300
TIMELINE 49 1953 241758485847400 2706300
LATENCY 2676300
TIMELINE 49 1969 241758529695300 2676300
LATENCY 2812200
TIMELINE 49 1985 241758572921400 2812200
LATENCY 3018900
TIMELINE 49 2001 241758624360000 3018900
LATENCY 3057200
TIMELINE 49 2017 241758671622600 3057200
LATENCY 2940100
TIMELINE 49 2033 241758719653400 2940100
LATENCY 2359400
TIMELINE 50 2 241753547232000 2359400
LATENCY 2199700
TIMELINE 50 18 241753586342300 2199700
LATENCY 2320400
TIMELINE 50 34 241753622495200 2320400
LATENCY 2170300
TIMELINE 50 50 241753657504900 2170300
LATENCY 2134400
TIMELINE 50 66 241753693238400 2134400
LATENCY 2209300
TIMELINE 50 82 241753729297800 2209300
LATENCY 2195700
TIMELINE 50 98 241753763652600 2195700
LATENCY 2324100
TIMELINE 50 114 241753799491500 2324100
LATENCY 2119700
TIMELINE 50 130 241753855973400 2119700
LATENCY 2093600
TIMELINE 50 146 241753890157000 2093600
LATENCY 2253300
TIMELINE 50 162 241753927700800 2253300
LATENCY 2109000
TIMELINE 50 178 241753963483900 2109000
LATENCY 2118900
TIMELINE 50 194 241753998439900 2118900
LATENCY 2258900
TIMELINE 50 210 241754033134000 2258900
LATENCY 2261100
TIMELINE 50 226 241754068705600 2261100
LATENCY 2125900
TIMELINE 50 242 241754103562000 2125900
LATENCY 2160200
TIMELINE 50 258 241754156915500 2160200
LATENCY 2152900
TIMELINE 50 274 241754192063100 2152900
LATENCY 2141000
TIMELINE 50 290 241754226155800 2141000
LATENCY 2174700
TIMELINE 50 306 241754260324000 2174700
LATENCY 2140200
TIMELINE 50 322 241754295640400 2140200
LATENCY 2205900
TIMELINE 50 338 241754331464200 2205900
LATENCY 2245600
TIMELINE 50 354 241754367953900 2245600
LATENCY 2167900
TIMELINE 50 370 241754403003100 2167900
LATENCY 2115700
TIMELINE 50 386 241754437659900 2115700
LATENCY 2128200
TIMELINE 50 402 241754490400900 2128200
LATENCY 2099400
TIMELINE 50 418 241754524777300 2099400
LATENCY 2094200
TIMELINE 50 434 241754559363200 2094200
LATENCY 2154600
TIMELINE 50 450 241754593729300 2154600
LATENCY 2297100
TIMELINE 50 466 241754628619500 2297100
LATENCY 2122600
TIMELINE 50 482 241754663371100 2122600
LATENCY 2261100
TIMELINE 50 498 241754697429800 2261100
LATENCY 2170700
TIMELINE 50 514 241754732429400 2170700
LATENCY 2401100
TIMELINE 50 530 241754788147800 2401100
LATENCY 2202700
TIMELINE 50 546 241754824385800 2202700
LATENCY 2080400
TIMELINE 50 562 241754858617900 2080400
LATENCY 2308900
TIMELINE 50 578 241754893891000 2308900
LATENCY 2112200
TIMELINE 50 594 241754928543400 2112200
LATENCY 2097700
TIMELINE 50 610 241754962847900 2097700
LATENCY 2652400
TIMELINE 50 626 241754997880500 2652400
LATENCY 2243200
TIMELINE 50 642 241755035186700 2243200
LATENCY 2582200
TIMELINE 50 658 241755091353900 2582200
LATENCY 2243600
TIMELINE 50 674 241755128304000 2243600
LATENCY 2134900
TIMELINE 50 690 241755164644500 2134900
LATENCY 2171100
TIMELINE 50 706 241755199853700 2171100
LATENCY 2154200
TIMELINE 50 722 241755235158200 2154200
LATENCY 2203600
TIMELINE 50 738 241755269547000 2203600
LATENCY 2152100
TIMELINE 50 754 241755304920500 2152100
LATENCY 2325500
TIMELINE 50 770 241755340846300 2325500
LATENCY 2242100
TIMELINE 50 786 241755375631500 2242100
LATENCY 2143700
TIMELINE 50 802 241755430465800 2143700
LATENCY 2147100
TIMELINE 50 818 241755465311700 2147100
LATENCY 2194800
TIMELINE 50 834 241755500464700 2194800
LATENCY 2243400
TIMELINE 50 850 241755535676400 2243400
LATENCY 2172600
TIMELINE 50 866 241755571922400 2172600
LATENCY 2222100
TIMELINE 50 882 241755606973600 2222100
LATENCY 2144900
TIMELINE 50 898 241755643463300 2144900
LATENCY 2175400
TIMELINE 50 914 241755678074000 2175400
LATENCY 2398600
TIMELINE 50 930 241755735568000 2398600
LATENCY 2135400
TIMELINE 50 946 241755771400100 2135400
LATENCY 2508800
TIMELINE 50 962 241755807421200 2508800
LATENCY 2194100
TIMELINE 50 978 241755843353500 2194100
LATENCY 2121200
TIMELINE 50 994 241755877795800 2121200
LATENCY 2071600
TIMELINE 50 1010 241755912050800 2071600
LATENCY 2158100
TIMELINE 50 1026 241755947674600 2158100
LATENCY 2143300
TIMELINE 50 1042 241755982523300 2143300
LATENCY 2202700
TIMELINE 50 1058 241756023589500 2202700
LATENCY 2163700
TIMELINE 50 1074 241756058967600 2163700
LATENCY 2140200
TIMELINE 50 1090 241756094425600 2140200
LATENCY 2149000
TIMELINE 50 1106 241756129922800 2149000
LATENCY 2177500
TIMELINE 50 1122 241756165387100 2177500
LATENCY 2095700
TIMELINE 50 1138 241756200536400 2095700
LATENCY 2098300
TIMELINE 50 1154 241756235420500 2098300
LATENCY 2124100
TIMELINE 50 1170 241756269495900 2124100
LATENCY 2144700
TIMELINE 50 1186 241756303344900 2144700
LATENCY 2160500
TIMELINE 50 1202 241756343652100 2160500
LATENCY 2161700
TIMELINE 50 1218 241756378652700 2161700
LATENCY 2636000
TIMELINE 50 1234 241756412496200 2636000
LATENCY 3018200
TIMELINE 50 1250 241756457222000 3018200
LATENCY 2634500
TIMELINE 50 1266 241756502170200 2634500
LATENCY 2859700
TIMELINE 50 1282 241756545244000 2859700
LATENCY 2714500
TIMELINE 50 1298 241756592435400 2714500
LATENCY 2890000
TIMELINE 50 1314 241756638793700 2890000
LATENCY 2718600
TIMELINE 50 1330 241756688691200 2718600
LATENCY 2687100
TIMELINE 50 1346 241756732453900 2687100
LATENCY 2955600
TIMELINE 50 1362 241756776377600 2955600
LATENCY 5638700
TIMELINE 50 1378 241756821086300 5638700
LATENCY 2726300
TIMELINE 50 1394 241756867155200 2726300
LATENCY 2575100
TIMELINE 50 1410 241756909489800 2575100
LATENCY 2600800
TIMELINE 50 1426 241756951905600 2600800
LATENCY 3076400
TIMELINE 50 1442 241756995182500 3076400
LATENCY 2661700
TIMELINE 50 1458 241757052585600 2661700
LATENCY 2599900
TIMELINE 50 1474 241757094929300 2599900
LATENCY 2663400
TIMELINE 50 1490 241757138943700 2663400
LATENCY 2600600
TIMELINE 50 1506 241757186876000 2600600
LATENCY 2715400
TIMELINE 50 1522 241757229281000 2715400
LATENCY 2953800
TIMELINE 50 1538 241757275609100 2953800
LATENCY 2899100
TIMELINE 50 1554 241757323207300 2899100
LATENCY 2735200
TIMELINE 50 1570 241757369040600 2735200
LATENCY 2953100
TIMELINE 50 1586 241757414381800 2953100
LATENCY 2792800
TIMELINE 50 1602 241757467509300 2792800
LATENCY 2604500
TIMELINE 50 1618 241757511036200 2604500
LATENCY 5577800
TIMELINE 50 1634 241757556418000 5577800
LATENCY 2958300
TIMELINE 50 1650 241757607583700 2958300
LATENCY 2484400
TIMELINE 50 1666 241757654072800 2484400
LATENCY 3022900
TIMELINE 50 1682 241757699358900 3022900
LATENCY 2706500
TIMELINE 50 1698 241757746504600 2706500
LATENCY 2738100
TIMELINE 50 1714 241757791975100 2738100
LATENCY 2645300
TIMELINE 50 1730 241757843452800 2645300
LATENCY 2926000
TIMELINE 50 1746 241757890777800 2926000
LATENCY 2772700
TIMELINE 50 1762 241757936473800 2772700
LATENCY 2923100
TIMELINE 50 1778 241757983121600 2923100
LATENCY 2967500
TIMELINE 50 1794 241758028970900 2967500
LATENCY 2915200
TIMELINE 50 1810 241758074308400 2915200
LATENCY 2903100
TIMELINE 50 1826 241758120958200 2903100
LATENCY 2995300
TIMELINE 50 1842 241758167014500 2995300
LATENCY 2584200
TIMELINE 50 1858 241758218089200 2584200
LATENCY 2591900
TIMELINE 50 1874 241758260383200 2591900
LATENCY 2989500
TIMELINE 50 1890 241758304202100 2989500
LATENCY 2724900
TIMELINE 50 1906 241758352106200 2724900
LATENCY 3109600
TIMELINE 50 1922 241758399941300 3109600
LATENCY 2644100
TIMELINE 50 1938 241758446239300 2644100
LATENCY 2720700
TIMELINE 50 1954 241758489224600 2720700
LATENCY 2736100
TIMELINE 50 1970 241758533085400 2736100
LATENCY 3006400
TIMELINE 50 1986 241758576465200 3006400
LATENCY 3075800
TIMELINE 50 2002 241758628099300 3075800
LATENCY 2826900
TIMELINE 50 2018 241758675413000 2826900
LATENCY 2927600
TIMELINE 50 2034 241758723190200 2927600
LATENCY 2334500
TIMELINE 51 3 241753549628000 2334500
LATENCY 2182800
TIMELINE 51 19 241753588577900 2182800
LATENCY 2227200
TIMELINE 51 35 241753624851600 2227200
LATENCY 2152800
TIMELINE 51 51 241753659646300 2152800
LATENCY 2147200
TIMELINE 51 67 241753695315900 2147200
LATENCY 2229400
TIMELINE 51 83 241753731605600 2229400
LATENCY 2252800
TIMELINE 51 99 241753765943300 2252800
LATENCY 2266100
TIMELINE 51 115 241753802014400 2266100
LATENCY 2138400
TIMELINE 51 131 241753858266600 2138400
LATENCY 2108900
TIMELINE 51 147 241753892434900 2108900
LATENCY 2165500
TIMELINE 51 163 241753929710900 2165500
LATENCY 2124300
TIMELINE 51 179 241753965339500 2124300
LATENCY 2084900
TIMELINE 51 195 241754000263800 2084900
LATENCY 2308400
TIMELINE 51 211 241754035069500 2308400
LATENCY 2239300
TIMELINE 51 227 241754070794200 2239300
LATENCY 2098100
TIMELINE 51 243 241754105522800 2098100
LATENCY 2216400
TIMELINE 51 259 241754158787900 2216400
LATENCY 2137300
TIMELINE 51 275 241754193729400 2137300
LATENCY 2139400
TIMELINE 51 291 241754227796500 2139400
LATENCY 2239400
TIMELINE 51 307 241754261833300 2239400
LATENCY 2161400
TIMELINE 51 323 241754297132800 2161400
LATENCY 2278500
TIMELINE 51 339 241754333115600 2278500
LATENCY 2205400
TIMELINE 51 355 241754369410700 2205400
LATENCY 2155300
TIMELINE 51 371 241754404421100 2155300
LATENCY 2163100
TIMELINE 51 387 241754439051400 2163100
LATENCY 2173200
TIMELINE 51 403 241754491701500 2173200
LATENCY 2122300
TIMELINE 51 419 241754526042700 2122300
LATENCY 2088800
TIMELINE 51 435 241754560483700 2088800
LATENCY 2155400
TIMELINE 51 451 241754594848800 2155400
LATENCY 2253500
TIMELINE 51 467 241754629885700 2253500
LATENCY 2127300
TIMELINE 51 483 241754664580900 2127300
LATENCY 2346200
TIMELINE 51 499 241754698716000 2346200
LATENCY 2231700
TIMELINE 51 515 241754733760500 2231700
LATENCY 2348900
TIMELINE 51 531 241754789516000 2348900
LATENCY 2232200
TIMELINE 51 547 241754825674000 2232200
LATENCY 2167600
TIMELINE 51 563 241754859828400 2167600
LATENCY 2265400
TIMELINE 51 579 241754895328800 2265400
LATENCY 2145800
TIMELINE 51 595 241754929852500 2145800
LATENCY 2139400
TIMELINE 51 611 241754964130700 2139400
LATENCY 2476600
TIMELINE 51 627 241754999558800 2476600
LATENCY 2231600
TIMELINE 51 643 241755036545500 2231600
LATENCY 2322700
TIMELINE 51 659 241755092841100 2322700
LATENCY 2184400
TIMELINE 51 675 241755129610500 2184400
LATENCY 2105400
TIMELINE 51 691 241755165820800 2105400
LATENCY 2168900
TIMELINE 51 707 241755201599900 2168900
LATENCY 2153300
TIMELINE 51 723 241755236772500 2153300
LATENCY 2167500
TIMELINE 51 739 241755271246300 2167500
LATENCY 2127400
TIMELINE 51 755 241755306661900 2127400
LATENCY 2253800
TIMELINE 51 771 241755342450900 2253800
LATENCY 21530000
TIMELINE 51 787 241755377323900 21530000
LATENCY 2126800
TIMELINE 51 803 241755432150300 2126800
LATENCY 2216100
TIMELINE 51 819 241755467001000 2216100
LATENCY 2074700
TIMELINE 51 835 241755502205700 2074700
LATENCY 2250200
TIMELINE 51 851 241755537237200 2250200
LATENCY 2269000
TIMELINE 51 867 241755573317700 2269000
LATENCY 2404400
TIMELINE 51 883 241755608405800 2404400
LATENCY 2098900
TIMELINE 51 899 241755644382700 2098900
LATENCY 2148400
TIMELINE 51 915 241755679004200 2148400
LATENCY 2387600
TIMELINE 51 931 241755736368100 2387600
LATENCY 2179000
TIMELINE 51 947 241755772086100 2179000
LATENCY 2405600
TIMELINE 51 963 241755808277100 2405600
LATENCY 2182600
TIMELINE 51 979 241755844202900 2182600
LATENCY 2105100
TIMELINE 51 995 241755878610300 2105100
LATENCY 2195800
TIMELINE 51 1011 241755912892000 2195800
LATENCY 2135000
TIMELINE 51 1027 241755948501800 2135000
LATENCY 2121000
TIMELINE 51 1043 241755983392500 2121000
LATENCY 2304000
TIMELINE 51 1059 241756024446600 2304000
LATENCY 2117900
TIMELINE 51 1075 241756059902200 2117900
LATENCY 2110900
TIMELINE 51 1091 241756095261900 2110900
LATENCY 2144400
TIMELINE 51 1107 241756130666100 2144400
LATENCY 2181700
TIMELINE 51 1123 241756166102000 2181700
LATENCY 2099100
TIMELINE 51 1139 241756201196000 2099100
LATENCY 2092900
TIMELINE 51 1155 241756236165900 2092900
LATENCY 2129300
TIMELINE 51 1171 241756270239700 2129300
LATENCY 2108100
TIMELINE 51 1187 241756304124600 2108100
LATENCY 2136900
TIMELINE 51 1203 241756344401300 2136900
LATENCY 2178400
TIMELINE 51 1219 241756379422100 2178400
LATENCY 2890600
TIMELINE 51 1235 241756413352200 2890600
LATENCY 3067200
TIMELINE 51 1251 241756458375300 3067200
LATENCY 2605700
TIMELINE 51 1267 241756503206800 2605700
LATENCY 2781400
TIMELINE 51 1283 241756546406800 2781400
LATENCY 2756800
TIMELINE 51 1299 241756593440700 2756800
LATENCY 2918000
TIMELINE 51 1315 241756640007900 2918000
LATENCY 2735300
TIMELINE 51 1331 241756689731500 2735300
LATENCY 2707700
TIMELINE 51 1347 241756733518400 2707700
LATENCY 2931800
TIMELINE 51 1363 241756777539400 2931800
LATENCY 4252200
TIMELINE 51 1379 241756823499300 4252200
LATENCY 2773700
TIMELINE 51 1395 241756868176400 2773700
LATENCY 2590000
TIMELINE 51 1411 241756910495900 2590000
LATENCY 2618600
TIMELINE 51 1427 241756952891200 2618600
LATENCY 3374700
TIMELINE 51 1443 241756995952500 3374700
LATENCY 2578000
TIMELINE 51 1459 241757051633300 2578000
LATENCY 2624900
TIMELINE 51 1475 241757093915900 2624900
LATENCY 2801600
TIMELINE 51 1491 241757137828400 2801600
LATENCY 2761000
TIMELINE 51 1507 241757185712900 2761000
LATENCY 2690000
TIMELINE 51 1523 241757228239800 2690000
LATENCY 2956200
TIMELINE 51 1539 241757274440500 2956200
LATENCY 2917300
TIMELINE 51 1555 241757322033700 2917300
LATENCY 2746300
TIMELINE 51 1571 241757367943500 2746300
LATENCY 2976400
TIMELINE 51 1587 241757413138000 2976400
LATENCY 2750900
TIMELINE 51 1603 241757466481700 2750900
LATENCY 2604800
TIMELINE 51 1619 241757510063200 2604800
LATENCY 5325400
TIMELINE 51 1635 241757555441900 5325400
LATENCY 2963600
TIMELINE 51 1651 241757606480800 2963600
LATENCY 2716700
TIMELINE 51 1667 241757653069800 2716700
LATENCY 3063800
TIMELINE 51 1683 241757698141200 3063800
LATENCY 2835000
TIMELINE 51 1699 241757745348500 2835000
LATENCY 2714400
TIMELINE 51 1715 241757790939800 2714400
LATENCY 2715600
TIMELINE 51 1731 241757842365400 2715600
LATENCY 2958000
TIMELINE 51 1747 241757889617300 2958000
LATENCY 2780500
TIMELINE 51 1763 241757935402600 2780500
LATENCY 2955300
TIMELINE 51 1779 241757981948200 2955300
LATENCY 3029400
TIMELINE 51 1795 241758027883300 3029400
LATENCY 2933600
TIMELINE 51 1811 241758073222000 2933600
LATENCY 2922000
TIMELINE 51 1827 241758119865000 2922000
LATENCY 2896900
TIMELINE 51 1843 241758165845900 2896900
LATENCY 2626500
TIMELINE 51 1859 241758217012800 2626500
LATENCY 2630600
TIMELINE 51 1875 241758259313500 2630600
LATENCY 2998300
TIMELINE 51 1891 241758303073500 2998300
LATENCY 2774900
TIMELINE 51 1907 241758350896600 2774900
LATENCY 3180400
TIMELINE 51 1923 241758398617200 3180400
LATENCY 2868000
TIMELINE 51 1939 241758445004700 2868000
LATENCY 2656300
TIMELINE 51 1955 241758488199800 2656300
LATENCY 2726700
TIMELINE 51 1971 241758532011200 2726700
LATENCY 2791400
TIMELINE 51 1987 241758575323300 2791400
LATENCY 3068300
TIMELINE 51 2003 241758626828900 3068300
LATENCY 2941500
TIMELINE 51 2019 241758674141800 2941500
LATENCY 2790200
TIMELINE 51 2035 241758722133300 2790200
LATENCY 2380600
TIMELINE 52 4 241753551998100 2380600
LATENCY 2224600
TIMELINE 52 20 241753590796700 2224600
LATENCY 2137900
TIMELINE 52 36 241753627143700 2137900
LATENCY 2215200
TIMELINE 52 52 241753661862400 2215200
LATENCY 2237800
TIMELINE 52 68 241753697431800 2237800
LATENCY 2195600
TIMELINE 52 84 241753733544400 2195600
LATENCY 2339100
TIMELINE 52 100 241753767813400 2339100
LATENCY 2225400
TIMELINE 52 116 241753803824900 2225400
LATENCY 2315400
TIMELINE 52 132 241753859975800 2315400
LATENCY 2082200
TIMELINE 52 148 241753894103800 2082200
LATENCY 2283000
TIMELINE 52 164 241753932527500 2283000
LATENCY 2156700
TIMELINE 52 180 241753968127900 2156700
LATENCY 2122300
TIMELINE 52 196 241754003051300 2122300
LATENCY 2226600
TIMELINE 52 212 241754038117400 2226600
LATENCY 2426700
TIMELINE 52 228 241754073757200 2426700
LATENCY 2102600
TIMELINE 52 244 241754108446800 2102600
LATENCY 2304200
TIMELINE 52 260 241754162075800 2304200
LATENCY 2119300
TIMELINE 52 276 241754196999500 2119300
LATENCY 2102400
TIMELINE 52 292 241754231041500 2102400
LATENCY 2226700
TIMELINE 52 308 241754265270100 2226700
LATENCY 2119800
TIMELINE 52 324 241754300464300 2119800
LATENCY 2349500
TIMELINE 52 340 241754336348400 2349500
LATENCY 2100700
TIMELINE 52 356 241754372701800 2100700
LATENCY 2108900
TIMELINE 52 372 241754407604100 2108900
LATENCY 2136700
TIMELINE 52 388 241754442215700 2136700
LATENCY 2338100
TIMELINE 52 404 241754495188900 2338100
LATENCY 2077600
TIMELINE 52 420 241754529238000 2077600
LATENCY 2075300
TIMELINE 52 436 241754563694000 2075300
LATENCY 2128800
TIMELINE 52 452 241754598181100 2128800
LATENCY 2147100
TIMELINE 52 468 241754633289000 2147100
LATENCY 2114500
TIMELINE 52 484 241754667838500 2114500
LATENCY 2121700
TIMELINE 52 500 241754702216000 2121700
LATENCY 2130800
TIMELINE 52 516 241754736992400 2130800
LATENCY 2381800
TIMELINE 52 532 241754793096500 2381800
LATENCY 2123300
TIMELINE 52 548 241754829101300 2123300
LATENCY 2129900
TIMELINE 52 564 241754863199000 2129900
LATENCY 2177000
TIMELINE 52 580 241754898822600 2177000
LATENCY 2156500
TIMELINE 52 596 241754933154800 2156500
LATENCY 2141100
TIMELINE 52 612 241754967399500 2141100
LATENCY 2292900
TIMELINE 52 628 241755003297800 2292900
LATENCY 2192000
TIMELINE 52 644 241755039897300 2192000
LATENCY 2248800
TIMELINE 52 660 241755096262700 2248800
LATENCY 2214500
TIMELINE 52 676 241755132927000 2214500
LATENCY 2312700
TIMELINE 52 692 241755169275200 2312700
LATENCY 2168900
TIMELINE 52 708 241755204490400 2168900
LATENCY 2168600
TIMELINE 52 724 241755239497400 2168600
LATENCY 2090400
TIMELINE 52 740 241755273973800 2090400
LATENCY 2132800
TIMELINE 52 756 241755309091100 2132800
LATENCY 2125000
TIMELINE 52 772 241755345109200 2125000
LATENCY 2604700
TIMELINE 52 788 241755399385800 2604700
LATENCY 2081700
TIMELINE 52 804 241755434577800 2081700
LATENCY 2244700
TIMELINE 52 820 241755469333000 2244700
LATENCY 2518800
TIMELINE 52 836 241755504443800 2518800
LATENCY 2262400
TIMELINE 52 852 241755539935900 2262400
LATENCY 2195200
TIMELINE 52 868 241755575927000 2195200
LATENCY 2167500
TIMELINE 52 884 241755610907600 2167500
LATENCY 2147500
TIMELINE 52 900 241755647213400 2147500
LATENCY 2449700
TIMELINE 52 916 241755681865400 2449700
LATENCY 2176500
TIMELINE 52 932 241755739366200 2176500
LATENCY 2358900
TIMELINE 52 948 241755775109800 2358900
LATENCY 2239800
TIMELINE 52 964 241755811586400 2239800
LATENCY 2130100
TIMELINE 52 980 241755847057100 2130100
LATENCY 2130500
TIMELINE 52 996 241755881376600 2130500
LATENCY 2277700
TIMELINE 52 1012 241755915792000 2277700
LATENCY 2160100
TIMELINE 52 1028 241755951171100 2160100
LATENCY 2265900
TIMELINE 52 1044 241755986154600 2265900
LATENCY 2133100
TIMELINE 52 1060 241756027340100 2133100
LATENCY 2166200
TIMELINE 52 1076 241756062958100 2166200
LATENCY 2143500
TIMELINE 52 1092 241756098200500 2143500
LATENCY 2177900
TIMELINE 52 1108 241756133661200 2177900
LATENCY 2265900
TIMELINE 52 1124 241756169265900 2265900
LATENCY 2128300
TIMELINE 52 1140 241756204210300 2128300
LATENCY 2132400
TIMELINE 52 1156 241756239218400 2132400
LATENCY 2118400
TIMELINE 52 1172 241756273276100 2118400
LATENCY 7635500
TIMELINE 52 1188 241756307145200 7635500
LATENCY 2103900
TIMELINE 52 1204 241756347581900 2103900
LATENCY 2134700
TIMELINE 52 1220 241756382673500 2134700
LATENCY 2687900
TIMELINE 52 1236 241756417561100 2687900
LATENCY 3036400
TIMELINE 52 1252 241756462938000 3036400
LATENCY 2661400
TIMELINE 52 1268 241756507021900 2661400
LATENCY 2690000
TIMELINE 52 1284 241756550461600 2690000
LATENCY 2633700
TIMELINE 52 1300 241756597563300 2633700
LATENCY 2808900
TIMELINE 52 1316 241756644479200 2808900
LATENCY 2711600
TIMELINE 52 1332 241756693807900 2711600
LATENCY 2736100
TIMELINE 52 1348 241756737554200 2736100
LATENCY 2944300
TIMELINE 52 1364 241756781890500 2944300
LATENCY 2737500
TIMELINE 52 1380 241756829086100 2737500
LATENCY 2580600
TIMELINE 52 1396 241756872274000 2580600
LATENCY 2600200
TIMELINE 52 1412 241756914443600 2600200
LATENCY 2642700
TIMELINE 52 1428 241756956866500 2642700
LATENCY 2987300
TIMELINE 52 1444 241757001553800 2987300
LATENCY 2587500
TIMELINE 52 1460 241757057478100 2587500
LATENCY 2627700
TIMELINE 52 1476 241757099864600 2627700
LATENCY 2972600
TIMELINE 52 1492 241757144134900 2972600
LATENCY 2629100
TIMELINE 52 1508 241757191758000 2629100
LATENCY 2730800
TIMELINE 52 1524 241757234336100 2730800
LATENCY 2954800
TIMELINE 52 1540 241757281065900 2954800
LATENCY 2887600
TIMELINE 52 1556 241757328527600 2887600
LATENCY 2656900
TIMELINE 52 1572 241757374025800 2656900
LATENCY 8496100
TIMELINE 52 1588 241757419755900 8496100
LATENCY 2617300
TIMELINE 52 1604 241757472624700 2617300
LATENCY 2601500
TIMELINE 52 1620 241757515850100 2601500
LATENCY 3095900
TIMELINE 52 1636 241757564841700 3095900
LATENCY 2949300
TIMELINE 52 1652 241757613144900 2949300
LATENCY 2690300
TIMELINE 52 1668 241757658907200 2690300
LATENCY 3078100
TIMELINE 52 1684 241757704867100 3078100
LATENCY 3018400
TIMELINE 52 1700 241757751448600 3018400
LATENCY 3042000
TIMELINE 52 1716 241757797065200 3042000
LATENCY 2889500
TIMELINE 52 1732 241757848699200 2889500
LATENCY 2943300
TIMELINE 52 1748 241757896417200 2943300
LATENCY 2679300
TIMELINE 52 1764 241757941884100 2679300
LATENCY 2651000
TIMELINE 52 1780 241757988682500 2651000
LATENCY 2906200
TIMELINE 52 1796 241758034702400 2906200
LATENCY 2929000
TIMELINE 52 1812 241758079889700 2929000
LATENCY 2833700
TIMELINE 52 1828 241758126428700 2833700
LATENCY 3071000
TIMELINE 52 1844 241758172727600 3071000
LATENCY 2659900
TIMELINE 52 1860 241758222946200 2659900
LATENCY 2655400
TIMELINE 52 1876 241758265264800 2655400
LATENCY 2746500
TIMELINE 52 1892 241758309562400 2746500
LATENCY 2715800
TIMELINE 52 1908 241758357139200 2715800
LATENCY 3019100
TIMELINE 52 1924 241758405711300 3019100
LATENCY 2564200
TIMELINE 52 1940 241758451154200 2564200
LATENCY 2856800
TIMELINE 52 1956 241758494195600 2856800
LATENCY 2636400
TIMELINE 52 1972 241758538080200 2636400
LATENCY 8260200
TIMELINE 52 1988 241758581826300 8260200
LATENCY 2972200
TIMELINE 52 2004 241758633590300 2972200
LATENCY 3065400
TIMELINE 52 2020 241758680637600 3065400
LATENCY 2609700
TIMELINE 52 2036 241758728324200 2609700
LATENCY 3581200
TIMELINE 53 5 241753554441200 3581200
LATENCY 2173700
TIMELINE 53 21 241753593087700 2173700
LATENCY 2188200
TIMELINE 53 37 241753629314600 2188200
LATENCY 2126500
TIMELINE 53 53 241753664113900 2126500
LATENCY 2267500
TIMELINE 53 69 241753699607900 2267500
LATENCY 2136600
TIMELINE 53 85 241753735803000 2136600
LATENCY 2312400
TIMELINE 53 101 241753770212000 2312400
LATENCY 2177600
TIMELINE 53 117 241753806383000 2177600
LATENCY 2148200
TIMELINE 53 133 241753862529200 2148200
LATENCY 2389800
TIMELINE 53 149 241753896419600 2389800
LATENCY 2199000
TIMELINE 53 165 241753934579000 2199000
LATENCY 2211500
TIMELINE 53 181 241753970087700 2211500
LATENCY 2174700
TIMELINE 53 197 241754004919600 2174700
LATENCY 2191300
TIMELINE 53 213 241754040137000 2191300
LATENCY 2255900
TIMELINE 53 229 241754075828600 2255900
LATENCY 2154500
TIMELINE 53 245 241754110238100 2154500
LATENCY 2214700
TIMELINE 53 261 241754164145100 2214700
LATENCY 2138000
TIMELINE 53 277 241754198768800 2138000
LATENCY 2119000
TIMELINE 53 293 241754232792600 2119000
LATENCY 2195500
TIMELINE 53 309 241754267057200 2195500
LATENCY 2189500
TIMELINE 53 325 241754302226200 2189500
LATENCY 2341700
TIMELINE 53 341 241754338810700 2341700
LATENCY 2165400
TIMELINE 53 357 241754374833900 2165400
LATENCY 2127400
TIMELINE 53 373 241754409828900 2127400
LATENCY 19867600
TIMELINE 53 389 241754444475500 19867600
LATENCY 2136800
TIMELINE 53 405 241754497699900 2136800
LATENCY 2094600
TIMELINE 53 421 241754531482200 2094600
LATENCY 2103900
TIMELINE 53 437 241754566154900 2103900
LATENCY 2082200
TIMELINE 53 453 241754600715900 2082200
LATENCY 2154700
TIMELINE 53 469 241754635848800 2154700
LATENCY 2062800
TIMELINE 53 485 241754670313300 2062800
LATENCY 2130800
TIMELINE 53 501 241754704717800 2130800
LATENCY 2413500
TIMELINE 53 517 241754739482300 2413500
LATENCY 2237700
TIMELINE 53 533 241754795756600 2237700
LATENCY 2115900
TIMELINE 53 549 241754831449800 2115900
LATENCY 2221700
TIMELINE 53 565 241754865552600 2221700
LATENCY 2195200
TIMELINE 53 581 241754901202500 2195200
LATENCY 2137900
TIMELINE 53 597 241754935564000 2137900
LATENCY 2147900
TIMELINE 53 613 241754969784400 2147900
LATENCY 2465900
TIMELINE 53 629 241755006056700 2465900
LATENCY 2356800
TIMELINE 53 645 241755042556200 2356800
LATENCY 2249600
TIMELINE 53 661 241755098889400 2249600
LATENCY 2176600
TIMELINE 53 677 241755135401200 2176600
LATENCY 2231600
TIMELINE 53 693 241755171828700 2231600
LATENCY 2154600
TIMELINE 53 709 241755206851700 2154600
LATENCY 2094000
TIMELINE 53 725 241755241734400 2094000
LATENCY 2165100
TIMELINE 53 741 241755276189100 2165100
LATENCY 2471600
TIMELINE 53 757 241755311525100 2471600
LATENCY 2104400
TIMELINE 53 773 241755347382000 2104400
LATENCY 2513600
TIMELINE 53 789 241755402051900 2513600
LATENCY 2098600
TIMELINE 53 805 241755436630200 2098600
LATENCY 2222300
TIMELINE 53 821 241755471757100 2222300
LATENCY 2318700
TIMELINE 53 837 241755507112800 2318700
LATENCY 2181500
TIMELINE 53 853 241755542382100 2181500
LATENCY 2153400
TIMELINE 53 869 241755578363000 2153400
LATENCY 2257200
TIMELINE 53 885 241755613357400 2257200
LATENCY 2104400
TIMELINE 53 901 241755649780200 2104400
LATENCY 2200200
TIMELINE 53 917 241755684815300 2200200
LATENCY 2150800
TIMELINE 53 933 241755742021400 2150800
LATENCY 2170500
TIMELINE 53 949 241755777910100 2170500
LATENCY 2249000
TIMELINE 53 965 241755814301800 2249000
LATENCY 2123400
TIMELINE 53 981 241755849658000 2123400
LATENCY 2134100
TIMELINE 53 997 241755883973300 2134100
LATENCY 2284100
TIMELINE 53 1013 241755918546700 2284100
LATENCY 2175100
TIMELINE 53 1029 241755953956600 2175100
LATENCY 2215300
TIMELINE 53 1045 241755988861600 2215300
LATENCY 2142500
TIMELINE 53 1061 241756029832400 2142500
LATENCY 2249400
TIMELINE 53 1077 241756065389500 2249400
LATENCY 2144400
TIMELINE 53 1093 241756100659500 2144400
LATENCY 2144800
TIMELINE 53 1109 241756136168800 2144800
LATENCY 2224700
TIMELINE 53 1125 241756171809200 2224700
LATENCY 2521700
TIMELINE 53 1141 241756206673900 2521700
LATENCY 2103700
TIMELINE 53 1157 241756241676800 2103700
LATENCY 2112800
TIMELINE 53 1173 241756275726300 2112800
LATENCY 2088400
TIMELINE 53 1189 241756315106500 2088400
LATENCY 2200200
TIMELINE 53 1205 241756349999500 2200200
LATENCY 2104400
TIMELINE 53 1221 241756384897200 2104400
LATENCY 2678700
TIMELINE 53 1237 241756420391300 2678700
LATENCY 3011600
TIMELINE 53 1253 241756466150600 3011600
LATENCY 2611600
TIMELINE 53 1269 241756509842200 2611600
LATENCY 2667700
TIMELINE 53 1285 241756553308400 2667700
LATENCY 2711900
TIMELINE 53 1301 241756600266800 2711900
LATENCY 2746900
TIMELINE 53 1317 241756647363000 2746900
LATENCY 2721100
TIMELINE 53 1333 241756696597200 2721100
LATENCY 2698100
TIMELINE 53 1349 241756740422000 2698100
LATENCY 2930700
TIMELINE 53 1365 241756784966100 2930700
LATENCY 2623700
TIMELINE 53 1381 241756832146200 2623700
LATENCY 2613400
TIMELINE 53 1397 241756875067600 2613400
LATENCY 2644900
TIMELINE 53 1413 241756917264800 2644900
LATENCY 2601000
TIMELINE 53 1429 241756959722000 2601000
LATENCY 2897700
TIMELINE 53 1445 241757005009600 2897700
LATENCY 2700200
TIMELINE 53 1461 241757060589900 2700200
LATENCY 2632200
TIMELINE 53 1477 241757103069900 2632200
LATENCY 2860200
TIMELINE 53 1493 241757147852700 2860200
LATENCY 2659800
TIMELINE 53 1509 241757195028400 2659800
LATENCY 2748500
TIMELINE 53 1525 241757237770700 2748500
LATENCY 2936400
TIMELINE 53 1541 241757284766300 2936400
LATENCY 2924600
TIMELINE 53 1557 241757332166400 2924600
LATENCY 2716000
TIMELINE 53 1573 241757377337000 2716000
LATENCY 2897400
TIMELINE 53 1589 241757428928000 2897400
LATENCY 2694700
TIMELINE 53 1605 241757475811600 2694700
LATENCY 2699700
TIMELINE 53 1621 241757519038200 2699700
LATENCY 3119400
TIMELINE 53 1637 241757568666100 3119400
LATENCY 2948500
TIMELINE 53 1653 241757616760300 2948500
LATENCY 2571400
TIMELINE 53 1669 241757662179100 2571400
LATENCY 2843800
TIMELINE 53 1685 241757708742200 2843800
LATENCY 2779000
TIMELINE 53 1701 241757755156400 2779000
LATENCY 2906800
TIMELINE 53 1717 241757800719400 2906800
LATENCY 2777200
TIMELINE 53 1733 241757851893000 2777200
LATENCY 2959200
TIMELINE 53 1749 241757899739700 2959200
LATENCY 2796200
TIMELINE 53 1765 241757944868100 2796200
LATENCY 2713300
TIMELINE 53 1781 241757991621400 2713300
LATENCY 2795500
TIMELINE 53 1797 241758037881900 2795500
LATENCY 2986800
TIMELINE 53 1813 241758083116900 2986800
LATENCY 2965500
TIMELINE 53 1829 241758129543000 2965500
LATENCY 3129600
TIMELINE 53 1845 241758176148000 3129600
LATENCY 2614900
TIMELINE 53 1861 241758225894400 2614900
LATENCY 2837800
TIMELINE 53 1877 241758268212000 2837800
LATENCY 2730900
TIMELINE 53 1893 241758312626100 2730900
LATENCY 2735600
TIMELINE 53 1909 241758360163600 2735600
LATENCY 3051900
TIMELINE 53 1925 241758409058700 3051900
LATENCY 2631700
TIMELINE 53 1941 241758454002600 2631700
LATENCY 2747600
TIMELINE 53 1957 241758497384500 2747600
LATENCY 2644700
TIMELINE 53 1973 241758541045100 2644700
LATENCY 2805700
TIMELINE 53 1989 241758590436400 2805700
LATENCY 3089700
TIMELINE 53 2005 241758636915900 3089700
LATENCY 3085600
TIMELINE 53 2021 241758684220200 3085600
LATENCY 2584900
TIMELINE 53 2037 241758731293400 2584900
LATENCY 3192900
TIMELINE 54 6 241753557989000 3192900
LATENCY 2156600
TIMELINE 54 22 241753595230200 2156600
LATENCY 2191200
TIMELINE 54 38 241753631598000 2191200
LATENCY 2146700
TIMELINE 54 54 241753666366000 2146700
LATENCY 2278500
TIMELINE 54 70 241753702014300 2278500
LATENCY 2121800
TIMELINE 54 86 241753738029200 2121800
LATENCY 2233200
TIMELINE 54 102 241753772628500 2233200
LATENCY 2232300
TIMELINE 54 118 241753808499800 2232300
LATENCY 2164500
TIMELINE 54 134 241753864590400 2164500
LATENCY 2254300
TIMELINE 54 150 241753898501400 2254300
LATENCY 2187500
TIMELINE 54 166 241753936393400 2187500
LATENCY 2344700
TIMELINE 54 182 241753971819400 2344700
LATENCY 2116700
TIMELINE 54 198 241754006729000 2116700
LATENCY 2175400
TIMELINE 54 214 241754041880000 2175400
LATENCY 2247900
TIMELINE 54 230 241754077638900 2247900
LATENCY 2159800
TIMELINE 54 246 241754111947600 2159800
LATENCY 2141400
TIMELINE 54 262 241754166002100 2141400
LATENCY 2117300
TIMELINE 54 278 241754200757400 2117300
LATENCY 2102900
TIMELINE 54 294 241754234764900 2102900
LATENCY 2187300
TIMELINE 54 310 241754269130000 2187300
LATENCY 2280500
TIMELINE 54 326 241754304296500 2280500
LATENCY 2245700
TIMELINE 54 342 241754340816500 2245700
LATENCY 2225800
TIMELINE 54 358 241754376754300 2225800
LATENCY 2136400
TIMELINE 54 374 241754411678700 2136400
LATENCY 2688800
TIMELINE 54 390 241754463945800 2688800
LATENCY 2125200
TIMELINE 54 406 241754499621200 2125200
LATENCY 2074600
TIMELINE 54 422 241754533355800 2074600
LATENCY 2109700
TIMELINE 54 438 241754567844800 2109700
LATENCY 2129900
TIMELINE 54 454 241754602378300 2129900
LATENCY 2201900
TIMELINE 54 470 241754637608700 2201900
LATENCY 2140500
TIMELINE 54 486 241754671978600 2140500
LATENCY 2140200
TIMELINE 54 502 241754706418600 2140200
LATENCY 2303000
TIMELINE 54 518 241754741437000 2303000
LATENCY 2233100
TIMELINE 54 534 241754797631600 2233100
LATENCY 2163100
TIMELINE 54 550 241754833224100 2163100
LATENCY 2270400
TIMELINE 54 566 241754867400700 2270400
LATENCY 2149400
TIMELINE 54 582 241754903050900 2149400
LATENCY 2144900
TIMELINE 54 598 241754937304900 2144900
LATENCY 2101400
TIMELINE 54 614 241754971528500 2101400
LATENCY 2578400
TIMELINE 54 630 241755007894600 2578400
LATENCY 2262900
TIMELINE 54 646 241755044367600 2262900
LATENCY 2393800
TIMELINE 54 662 241755100608000 2393800
LATENCY 2532600
TIMELINE 54 678 241755136974800 2532600
LATENCY 2107300
TIMELINE 54 694 241755173469100 2107300
LATENCY 2185100
TIMELINE 54 710 241755208487800 2185100
LATENCY 2105700
TIMELINE 54 726 241755243518500 2105700
LATENCY 2190600
TIMELINE 54 742 241755277939500 2190600
LATENCY 2389700
TIMELINE 54 758 241755313444800 2389700
LATENCY 2141600
TIMELINE 54 774 241755349195600 2141600
LATENCY 2238100
TIMELINE 54 790 241755404453100 2238100
LATENCY 2101100
TIMELINE 54 806 241755438672500 2101100
LATENCY 2237200
TIMELINE 54 822 241755473871200 2237200
LATENCY 2214300
TIMELINE 54 838 241755509223600 2214300
LATENCY 2225400
TIMELINE 54 854 241755544350500 2225400
LATENCY 2466400
TIMELINE 54 870 241755580391100 2466400
LATENCY 2144200
TIMELINE 54 886 241755615488300 2144200
LATENCY 2147300
TIMELINE 54 902 241755651487900 2147300
LATENCY 2211300
TIMELINE 54 918 241755686529100 2211300
LATENCY 2141700
TIMELINE 54 934 241755743846300 2141700
LATENCY 2218600
TIMELINE 54 950 241755779715900 2218600
LATENCY 2171300
TIMELINE 54 966 241755815935300 2171300
LATENCY 2122600
TIMELINE 54 982 241755851009400 2122600
LATENCY 2163500
TIMELINE 54 998 241755885318700 2163500
LATENCY 2458600
TIMELINE 54 1014 241755919973600 2458600
LATENCY 2200200
TIMELINE 54 1030 241755955422200 2200200
LATENCY 2181900
TIMELINE 54 1046 241755990480400 2181900
LATENCY 2121300
TIMELINE 54 1062 241756031470400 2121300
LATENCY 2367700
TIMELINE 54 1078 241756067004800 2367700
LATENCY 2155500
TIMELINE 54 1094 241756102227300 2155500
LATENCY 2359700
TIMELINE 54 1110 241756137714900 2359700
LATENCY 2274700
TIMELINE 54 1126 241756173489900 2274700
LATENCY 2450500
TIMELINE 54 1142 241756208621200 2450500
LATENCY 2109000
TIMELINE 54 1158 241756243287800 2109000
LATENCY 2092200
TIMELINE 54 1174 241756277352400 2092200
LATENCY 2170100
TIMELINE 54 1190 241756316711100 2170100
LATENCY 2208800
TIMELINE 54 1206 241756351673700 2208800
LATENCY 2021900
TIMELINE 54 1222 241756386687800 2021900
LATENCY 2750800
TIMELINE 54 1238 241756422585800 2750800
LATENCY 3069500
TIMELINE 54 1254 241756468600100 3069500
LATENCY 2622200
TIMELINE 54 1270 241756512020000 2622200
LATENCY 5296500
TIMELINE 54 1286 241756555487800 5296500
LATENCY 2999200
TIMELINE 54 1302 241756602526800 2999200
LATENCY 2719600
TIMELINE 54 1318 241756649695300 2719600
LATENCY 2775300
TIMELINE 54 1334 241756698906300 2775300
LATENCY 2394800
TIMELINE 54 1350 241756742710400 2394800
LATENCY 2959800
TIMELINE 54 1366 241756787442300 2959800
LATENCY 2803200
TIMELINE 54 1382 241756834238800 2803200
LATENCY 2593000
TIMELINE 54 1398 241756877146400 2593000
LATENCY 2862100
TIMELINE 54 1414 241756919361000 2862100
LATENCY 2621000
TIMELINE 54 1430 241756961797300 2621000
LATENCY 2913000
TIMELINE 54 1446 241757007066800 2913000
LATENCY 2593500
TIMELINE 54 1462 241757061162500 2593500
LATENCY 2645000
TIMELINE 54 1478 241757103530700 2645000
LATENCY 2755500
TIMELINE 54 1494 241757148466700 2755500
LATENCY 2666300
TIMELINE 54 1510 241757195584500 2666300
LATENCY 2754800
TIMELINE 54 1526 241757238352300 2754800
LATENCY 2965300
TIMELINE 54 1542 241757285381900 2965300
LATENCY 2907900
TIMELINE 54 1558 241757332788600 2907900
LATENCY 2721100
TIMELINE 54 1574 241757377967000 2721100
LATENCY 2898800
TIMELINE 54 1590 241757429579700 2898800
LATENCY 2734900
TIMELINE 54 1606 241757476452700 2734900
LATENCY 2713400
TIMELINE 54 1622 241757519696600 2713400
LATENCY 3127100
TIMELINE 54 1638 241757568702400 3127100
LATENCY 2953200
TIMELINE 54 1654 241757616804100 2953200
LATENCY 2576600
TIMELINE 54 1670 241757662210100 2576600
LATENCY 2816300
TIMELINE 54 1686 241757708945900 2816300
LATENCY 2735600
TIMELINE 54 1702 241757755513000 2735600
LATENCY 2907000
TIMELINE 54 1718 241757801094600 2907000
LATENCY 2768800
TIMELINE 54 1734 241757852235700 2768800
LATENCY 2955100
TIMELINE 54 1750 241757900120800 2955100
LATENCY 2823200
TIMELINE 54 1766 241757945217400 2823200
LATENCY 2702800
TIMELINE 54 1782 241757991962800 2702800
LATENCY 2791100
TIMELINE 54 1798 241758038239800 2791100
LATENCY 2885600
TIMELINE 54 1814 241758083589700 2885600
LATENCY 2966100
TIMELINE 54 1830 241758129912100 2966100
LATENCY 3118400
TIMELINE 54 1846 241758176537900 3118400
LATENCY 2656900
TIMELINE 54 1862 241758226183300 2656900
LATENCY 2863100
TIMELINE 54 1878 241758268569600 2863100
LATENCY 2802700
TIMELINE 54 1894 241758313006400 2802700
LATENCY 2735800
TIMELINE 54 1910 241758360540600 2735800
LATENCY 3041500
TIMELINE 54 1926 241758409506000 3041500
LATENCY 2634800
TIMELINE 54 1942 241758454370100 2634800
LATENCY 2800400
TIMELINE 54 1958 241758497842700 2800400
LATENCY 2631700
TIMELINE 54 1974 241758541489300 2631700
LATENCY 2827800
TIMELINE 54 1990 241758590885500 2827800
LATENCY 3136800
TIMELINE 54 2006 241758637389000 3136800
LATENCY 3080200
TIMELINE 54 2022 241758684759400 3080200
LATENCY 2582300
TIMELINE 54 2038 241758731704100 2582300
LATENCY 2890600
TIMELINE 55 7 241753561267900 2890600
LATENCY 2176900
TIMELINE 55 23 241753597452600 2176900
LATENCY 2165500
TIMELINE 55 39 241753633722100 2165500
LATENCY 2310600
TIMELINE 55 55 241753668429500 2310600
LATENCY 2237300
TIMELINE 55 71 241753704258800 2237300
LATENCY 2147400
TIMELINE 55 87 241753740246700 2147400
LATENCY 2206600
TIMELINE 55 103 241753774925100 2206600
LATENCY 2212000
TIMELINE 55 119 241753810828500 2212000
LATENCY 2136300
TIMELINE 55 135 241753866912300 2136300
LATENCY 2311500
TIMELINE 55 151 241753901502700 2311500
LATENCY 2267400
TIMELINE 55 167 241753939428800 2267400
LATENCY 2190600
TIMELINE 55 183 241753974899200 2190600
LATENCY 2161200
TIMELINE 55 199 241754009470200 2161200
LATENCY 2166100
TIMELINE 55 215 241754044672300 2166100
LATENCY 2224100
TIMELINE 55 231 241754080392100 2224100
LATENCY 2429500
TIMELINE 55 247 241754114613400 2429500
LATENCY 2131400
TIMELINE 55 263 241754168461300 2131400
LATENCY 2118000
TIMELINE 55 279 241754203111500 2118000
LATENCY 2119900
TIMELINE 55 295 241754237095700 2119900
LATENCY 2105900
TIMELINE 55 311 241754271720000 2105900
LATENCY 2254000
TIMELINE 55 327 241754306785200 2254000
LATENCY 2165600
TIMELINE 55 343 241754343458600 2165600
LATENCY 2274200
TIMELINE 55 359 241754379374400 2274200
LATENCY 2102400
TIMELINE 55 375 241754414185600 2102400
LATENCY 2175300
TIMELINE 55 391 241754466933800 2175300
LATENCY 2090000
TIMELINE 55 407 241754502030300 2090000
LATENCY 2085900
TIMELINE 55 423 241754535732000 2085900
LATENCY 2144000
TIMELINE 55 439 241754570198500 2144000
LATENCY 2096800
TIMELINE 55 455 241754604747100 2096800
LATENCY 2184800
TIMELINE 55 471 241754640016200 2184800
LATENCY 2095100
TIMELINE 55 487 241754674317300 2095100
LATENCY 2118600
TIMELINE 55 503 241754709041200 2118600
LATENCY 2248200
TIMELINE 55 519 241754744317500 2248200
LATENCY 2457500
TIMELINE 55 535 241754800606700 2457500
LATENCY 2104500
TIMELINE 55 551 241754835942900 2104500
LATENCY 2186900
TIMELINE 55 567 241754870251700 2186900
LATENCY 2125400
TIMELINE 55 583 241754905820200 2125400
LATENCY 2136000
TIMELINE 55 599 241754940076500 2136000
LATENCY 2105600
TIMELINE 55 615 241754974268400 2105600
LATENCY 2361400
TIMELINE 55 631 241755011131500 2361400
LATENCY 2244700
TIMELINE 55 647 241755047283800 2244700
LATENCY 2196600
TIMELINE 55 663 241755103887700 2196600
LATENCY 2387500
TIMELINE 55 679 241755140435600 2387500
LATENCY 2245600
TIMELINE 55 695 241755176370200 2245600
LATENCY 2119200
TIMELINE 55 711 241755211595100 2119200
LATENCY 2134000
TIMELINE 55 727 241755246499000 2134000
LATENCY 2369400
TIMELINE 55 743 241755280901600 2369400
LATENCY 2220300
TIMELINE 55 759 241755316536900 2220300
LATENCY 2102100
TIMELINE 55 775 241755351973400 2102100
LATENCY 2133800
TIMELINE 55 791 241755407307600 2133800
LATENCY 2204100
TIMELINE 55 807 241755441387200 2204100
LATENCY 2153800
TIMELINE 55 823 241755476622400 2153800
LATENCY 2192300
TIMELINE 55 839 241755511890900 2192300
LATENCY 2484800
TIMELINE 55 855 241755546854000 2484800
LATENCY 2196900
TIMELINE 55 871 241755583034900 2196900
LATENCY 2517100
TIMELINE 55 887 241755617980500 2517100
LATENCY 2149200
TIMELINE 55 903 241755653857200 2149200
LATENCY 2359300
TIMELINE 55 919 241755688982200 2359300
LATENCY 2139800
TIMELINE 55 935 241755746051500 2139800
LATENCY 2331400
TIMELINE 55 951 241755781965400 2331400
LATENCY 2354300
TIMELINE 55 967 241755818224500 2354300
LATENCY 2139400
TIMELINE 55 983 241755853508200 2139400
LATENCY 2116400
TIMELINE 55 999 241755887844500 2116400
LATENCY 2223400
TIMELINE 55 1015 241755922608000 2223400
LATENCY 2155200
TIMELINE 55 1031 241755957779100 2155200
LATENCY 2152700
TIMELINE 55 1047 241755992986500 2152700
LATENCY 2216100
TIMELINE 55 1063 241756033959800 2216100
LATENCY 2193000
TIMELINE 55 1079 241756069680000 2193000
LATENCY 2113400
TIMELINE 55 1095 241756104694200 2113400
LATENCY 2147400
TIMELINE 55 1111 241756140573700 2147400
LATENCY 2220800
TIMELINE 55 1127 241756176214000 2220800
LATENCY 2164400
TIMELINE 55 1143 241756211568400 2164400
LATENCY 2116800
TIMELINE 55 1159 241756245845100 2116800
LATENCY 2102500
TIMELINE 55 1175 241756279874400 2102500
LATENCY 2156600
TIMELINE 55 1191 241756319271400 2156600
LATENCY 2139800
TIMELINE 55 1207 241756354289400 2139800
LATENCY 2090000
TIMELINE 55 1223 241756389164700 2090000
LATENCY 2737400
TIMELINE 55 1239 241756425937400 2737400
LATENCY 3066700
TIMELINE 55 1255 241756472368300 3066700
LATENCY 2641600
TIMELINE 55 1271 241756515226800 2641600
LATENCY 2796500
TIMELINE 55 1287 241756561579100 2796500
LATENCY 2965400
TIMELINE 55 1303 241756606185700 2965400
LATENCY 2703300
TIMELINE 55 1319 241756653004700 2703300
LATENCY 2756700
TIMELINE 55 1335 241756702229700 2756700
LATENCY 2729200
TIMELINE 55 1351 241756745607600 2729200
LATENCY 2491900
TIMELINE 55 1367 241756791005400 2491900
LATENCY 3023900
TIMELINE 55 1383 241756837549100 3023900
LATENCY 2593500
TIMELINE 55 1399 241756880257600 2593500
LATENCY 2657100
TIMELINE 55 1415 241756922720900 2657100
LATENCY 2633600
TIMELINE 55 1431 241756964986300 2633600
LATENCY 3412600
TIMELINE 55 1447 241757010560900 3412600
LATENCY 2613500
TIMELINE 55 1463 241757065513400 2613500
LATENCY 2686300
TIMELINE 55 1479 241757108022800 2686300
LATENCY 2943700
TIMELINE 55 1495 241757152907100 2943700
LATENCY 2801800
TIMELINE 55 1511 241757199907300 2801800
LATENCY 2727900
TIMELINE 55 1527 241757242848400 2727900
LATENCY 2943300
TIMELINE 55 1543 241757290175100 2943300
LATENCY 2924100
TIMELINE 55 1559 241757337512400 2924100
LATENCY 2903200
TIMELINE 55 1575 241757382343000 2903200
LATENCY 2900500
TIMELINE 55 1591 241757434199600 2900500
LATENCY 2739200
TIMELINE 55 1607 241757480891700 2739200
LATENCY 2582900
TIMELINE 55 1623 241757524010500 2582900
LATENCY 3194300
TIMELINE 55 1639 241757574438600 3194300
LATENCY 2996300
TIMELINE 55 1655 241757622339800 2996300
LATENCY 2629200
TIMELINE 55 1671 241757667032500 2629200
LATENCY 2773600
TIMELINE 55 1687 241757713981100 2773600
LATENCY 2876700
TIMELINE 55 1703 241757760777000 2876700
LATENCY 2933100
TIMELINE 55 1719 241757806289400 2933100
LATENCY 3111500
TIMELINE 55 1735 241757857454700 3111500
LATENCY 2911100
TIMELINE 55 1751 241757905373800 2911100
LATENCY 2890000
TIMELINE 55 1767 241757950463800 2890000
LATENCY 2660200
TIMELINE 55 1783 241757996917900 2660200
LATENCY 2880400
TIMELINE 55 1799 241758043405800 2880400
LATENCY 2918300
TIMELINE 55 1815 241758088843000 2918300
LATENCY 2956700
TIMELINE 55 1831 241758135330000 2956700
LATENCY 2649700
TIMELINE 55 1847 241758182020800 2649700
LATENCY 2639300
TIMELINE 55 1863 241758231141300 2639300
LATENCY 2759700
TIMELINE 55 1879 241758273727300 2759700
LATENCY 2889000
TIMELINE 55 1895 241758318114700 2889000
LATENCY 3299800
TIMELINE 55 1911 241758365548300 3299800
LATENCY 2868200
TIMELINE 55 1927 241758415030400 2868200
LATENCY 2666300
TIMELINE 55 1943 241758459221100 2666300
LATENCY 2714000
TIMELINE 55 1959 241758502888400 2714000
LATENCY 2625200
TIMELINE 55 1975 241758546242800 2625200
LATENCY 2724600
TIMELINE 55 1991 241758595987200 2724600
LATENCY 3048800
TIMELINE 55 2007 241758643005800 3048800
LATENCY 2916500
TIMELINE 55 2023 241758690397400 2916500
LATENCY 2594500
TIMELINE 55 2039 241758736471000 2594500
LATENCY 2355400
TIMELINE 56 8 241753564197400 2355400
LATENCY 2158800
TIMELINE 56 24 241753599662800 2158800
LATENCY 2132100
TIMELINE 56 40 241753636038900 2132100
LATENCY 2415800
TIMELINE 56 56 241753670883400 2415800
LATENCY 2215000
TIMELINE 56 72 241753706683700 2215000
LATENCY 2147900
TIMELINE 56 88 241753742490000 2147900
LATENCY 2166400
TIMELINE 56 104 241753777197000 2166400
LATENCY 2477100
TIMELINE 56 120 241753813219400 2477100
LATENCY 2122500
TIMELINE 56 136 241753869229300 2122500
LATENCY 2349800
TIMELINE 56 152 241753903579400 2349800
LATENCY 2242200
TIMELINE 56 168 241753941247500 2242200
LATENCY 2132600
TIMELINE 56 184 241753976679700 2132600
LATENCY 2125500
TIMELINE 56 200 241754011242700 2125500
LATENCY 2248200
TIMELINE 56 216 241754046505600 2248200
LATENCY 2145100
TIMELINE 56 232 241754082445000 2145100
LATENCY 2259800
TIMELINE 56 248 241754116921400 2259800
LATENCY 2135000
TIMELINE 56 264 241754170455100 2135000
LATENCY 2139100
TIMELINE 56 280 241754205113900 2139100
LATENCY 2105500
TIMELINE 56 296 241754239102800 2105500
LATENCY 2167100
TIMELINE 56 312 241754273630200 2167100
LATENCY 2219000
TIMELINE 56 328 241754309159200 2219000
LATENCY 2224100
TIMELINE 56 344 241754345695700 2224100
LATENCY 2202700
TIMELINE 56 360 241754381857900 2202700
LATENCY 2122000
TIMELINE 56 376 241754416481000 2122000
LATENCY 2212600
TIMELINE 56 392 241754469308800 2212600
LATENCY 2108300
TIMELINE 56 408 241754504318900 2108300
LATENCY 2102300
TIMELINE 56 424 241754538013000 2102300
LATENCY 2087700
TIMELINE 56 440 241754572599400 2087700
LATENCY 2089100
TIMELINE 56 456 241754607097400 2089100
LATENCY 2117600
TIMELINE 56 472 241754642731600 2117600
LATENCY 2090500
TIMELINE 56 488 241754676938300 2090500
LATENCY 2074200
TIMELINE 56 504 241754711484200 2074200
LATENCY 2447700
TIMELINE 56 520 241754746650700 2447700
LATENCY 2213300
TIMELINE 56 536 241754803220900 2213300
LATENCY 2121000
TIMELINE 56 552 241754838140500 2121000
LATENCY 2094500
TIMELINE 56 568 241754872530300 2094500
LATENCY 2142900
TIMELINE 56 584 241754908224200 2142900
LATENCY 2104400
TIMELINE 56 600 241754942456100 2104400
LATENCY 2133500
TIMELINE 56 616 241754976616500 2133500
LATENCY 2224100
TIMELINE 56 632 241755013806900 2224100
LATENCY 2221200
TIMELINE 56 648 241755049847500 2221200
LATENCY 2429400
TIMELINE 56 664 241755106501200 2429400
LATENCY 2415300
TIMELINE 56 680 241755143327400 2415300
LATENCY 2183900
TIMELINE 56 696 241755179123200 2183900
LATENCY 2099100
TIMELINE 56 712 241755214748500 2099100
LATENCY 2108800
TIMELINE 56 728 241755249639400 2108800
LATENCY 2213800
TIMELINE 56 744 241755284453100 2213800
LATENCY 2297900
TIMELINE 56 760 241755320007600 2297900
LATENCY 2110000
TIMELINE 56 776 241755355218100 2110000
LATENCY 2175800
TIMELINE 56 792 241755410687000 2175800
LATENCY 2110500
TIMELINE 56 808 241755444922700 2110500
LATENCY 2281400
TIMELINE 56 824 241755480448500 2281400
LATENCY 2213400
TIMELINE 56 840 241755515755300 2213400
LATENCY 2220700
TIMELINE 56 856 241755551164800 2220700
LATENCY 2197400
TIMELINE 56 872 241755587075600 2197400
LATENCY 2188100
TIMELINE 56 888 241755621738200 2188100
LATENCY 2256400
TIMELINE 56 904 241755657169200 2256400
LATENCY 22150000
TIMELINE 56 920 241755692733700 22150000
LATENCY 2125200
TIMELINE 56 936 241755749837000 2125200
LATENCY 2252600
TIMELINE 56 952 241755786037800 2252600
LATENCY 2154900
TIMELINE 56 968 241755822427600 2154900
LATENCY 2155200
TIMELINE 56 984 241755857315100 2155200
LATENCY 2174800
TIMELINE 56 1000 241755891627600 2174800
LATENCY 2289500
TIMELINE 56 1016 241755926748500 2289500
LATENCY 2223100
TIMELINE 56 1032 241755961753600 2223100
LATENCY 2171100
TIMELINE 56 1048 241755996949100 2171100
LATENCY 2188400
TIMELINE 56 1064 241756037896800 2188400
LATENCY 2327200
TIMELINE 56 1080 241756073775700 2327200
LATENCY 2249500
TIMELINE 56 1096 241756108541600 2249500
LATENCY 2405400
TIMELINE 56 1112 241756144209300 2405400
LATENCY 2178100
TIMELINE 56 1128 241756180092400 2178100
LATENCY 2198000
TIMELINE 56 1144 241756215249500 2198000
LATENCY 2146900
TIMELINE 56 1160 241756249404100 2146900
LATENCY 2108000
TIMELINE 56 1176 241756283439800 2108000
LATENCY 2220700
TIMELINE 56 1192 241756322876300 2220700
LATENCY 2275000
TIMELINE 56 1208 241756357993700 2275000
LATENCY 2107100
TIMELINE 56 1224 241756392654800 2107100
LATENCY 2668300
TIMELINE 56 1240 241756430537900 2668300
LATENCY 2749300
TIMELINE 56 1256 241756477506300 2749300
LATENCY 2667600
TIMELINE 56 1272 241756519662500 2667600
LATENCY 2719600
TIMELINE 56 1288 241756566273700 2719600
LATENCY 2959800
TIMELINE 56 1304 241756611151000 2959800
LATENCY 8271800
TIMELINE 56 1320 241756657479600 8271800
LATENCY 2733300
TIMELINE 56 1336 241756706778200 2733300
LATENCY 2705900
TIMELINE 56 1352 241756750105900 2705900
LATENCY 2746200
TIMELINE 56 1368 241756795387200 2746200
LATENCY 2643800
TIMELINE 56 1384 241756842415700 2643800
LATENCY 2689500
TIMELINE 56 1400 241756884620000 2689500
LATENCY 2600400
TIMELINE 56 1416 241756927099800 2600400
LATENCY 2672100
TIMELINE 56 1432 241756969337300 2672100
LATENCY 3165000
TIMELINE 56 1448 241757015499500 3165000
LATENCY 2630600
TIMELINE 56 1464 241757067333600 2630600
LATENCY 2640100
TIMELINE 56 1480 241757109902200 2640100
LATENCY 2516600
TIMELINE 56 1496 241757154952600 2516600
LATENCY 2851000
TIMELINE 56 1512 241757201702500 2851000
LATENCY 2897200
TIMELINE 56 1528 241757244709900 2897200
LATENCY 2966000
TIMELINE 56 1544 241757292173400 2966000
LATENCY 2922800
TIMELINE 56 1560 241757339494800 2922800
LATENCY 3104200
TIMELINE 56 1576 241757384218800 3104200
LATENCY 2832300
TIMELINE 56 1592 241757436231400 2832300
LATENCY 2730900
TIMELINE 56 1608 241757482730800 2730900
LATENCY 2719700
TIMELINE 56 1624 241757525742000 2719700
LATENCY 3280900
TIMELINE 56 1640 241757576623200 3280900
LATENCY 3072200
TIMELINE 56 1656 241757624428400 3072200
LATENCY 2629000
TIMELINE 56 1672 241757668842000 2629000
LATENCY 2798200
TIMELINE 56 1688 241757715957100 2798200
LATENCY 2908700
TIMELINE 56 1704 241757762847600 2908700
LATENCY 2928600
TIMELINE 56 1720 241757808421300 2928600
LATENCY 3227100
TIMELINE 56 1736 241757859599100 3227100
LATENCY 2977000
TIMELINE 56 1752 241757907472900 2977000
LATENCY 2922600
TIMELINE 56 1768 241757952426300 2922600
LATENCY 2722200
TIMELINE 56 1784 241757998694600 2722200
LATENCY 2908900
TIMELINE 56 1800 241758045226400 2908900
LATENCY 2871700
TIMELINE 56 1816 241758090769800 2871700
LATENCY 2964400
TIMELINE 56 1832 241758137260100 2964400
LATENCY 2752000
TIMELINE 56 1848 241758183690000 2752000
LATENCY 2627100
TIMELINE 56 1864 241758232772100 2627100
LATENCY 2750700
TIMELINE 56 1880 241758275390900 2750700
LATENCY 3158700
TIMELINE 56 1896 241758319780800 3158700
LATENCY 3133600
TIMELINE 56 1912 241758367561300 3133600
LATENCY 2704300
TIMELINE 56 1928 241758416821900 2704300
LATENCY 2779500
TIMELINE 56 1944 241758460839200 2779500
LATENCY 2713100
TIMELINE 56 1960 241758504519500 2713100
LATENCY 2749100
TIMELINE 56 1976 241758547779000 2749100
LATENCY 2801400
TIMELINE 56 1992 241758597655100 2801400
LATENCY 3053200
TIMELINE 56 2008 241758644856400 3053200
LATENCY 2905200
TIMELINE 56 2024 241758692116600 2905200
LATENCY 2569200
TIMELINE 56 2040 241758738084800 2569200
LATENCY 2236100
TIMELINE 57 9 241753566619800 2236100
LATENCY 2183300
TIMELINE 57 25 241753601887700 2183300
LATENCY 2139900
TIMELINE 57 41 241753638112000 2139900
LATENCY 2268600
TIMELINE 57 57 241753673188200 2268600
LATENCY 2335800
TIMELINE 57 73 241753708782000 2335800
LATENCY 2101500
TIMELINE 57 89 241753744701600 2101500
LATENCY 2520100
TIMELINE 57 105 241753779470300 2520100
LATENCY 2236700
TIMELINE 57 121 241753815759600 2236700
LATENCY 2097300
TIMELINE 57 137 241753871321600 2097300
LATENCY 2289200
TIMELINE 57 153 241753906173800 2289200
LATENCY 2282300
TIMELINE 57 169 241753943764800 2282300
LATENCY 2235600
TIMELINE 57 185 241753979100400 2235600
LATENCY 2063800
TIMELINE 57 201 241754013838400 2063800
LATENCY 2218000
TIMELINE 57 217 241754049174200 2218000
LATENCY 2098400
TIMELINE 57 233 241754084983700 2098400
LATENCY 2201400
TIMELINE 57 249 241754119596300 2201400
LATENCY 2121600
TIMELINE 57 265 241754172936500 2121600
LATENCY 2135600
TIMELINE 57 281 241754207579300 2135600
LATENCY 2106600
TIMELINE 57 297 241754241523300 2106600
LATENCY 2150800
TIMELINE 57 313 241754276128100 2150800
LATENCY 2185900
TIMELINE 57 329 241754311322200 2185900
LATENCY 2186100
TIMELINE 57 345 241754347625800 2186100
LATENCY 2183700
TIMELINE 57 361 241754383612300 2183700
LATENCY 2117400
TIMELINE 57 377 241754418092000 2117400
LATENCY 2133700
TIMELINE 57 393 241754470953300 2133700
LATENCY 2129300
TIMELINE 57 409 241754505832400 2129300
LATENCY 2207000
TIMELINE 57 425 241754539511600 2207000
LATENCY 2114500
TIMELINE 57 441 241754573987000 2114500
LATENCY 2095400
TIMELINE 57 457 241754608503700 2095400
LATENCY 2102400
TIMELINE 57 473 241754643909500 2102400
LATENCY 2290400
TIMELINE 57 489 241754678052300 2290400
LATENCY 2172100
TIMELINE 57 505 241754712698000 2172100
LATENCY 2406000
TIMELINE 57 521 241754748245600 2406000
LATENCY 2223000
TIMELINE 57 537 241754804593800 2223000
LATENCY 2170600
TIMELINE 57 553 241754839459700 2170600
LATENCY 2099900
TIMELINE 57 569 241754873803600 2099900
LATENCY 2145300
TIMELINE 57 585 241754909365400 2145300
LATENCY 2114100
TIMELINE 57 601 241754943565300 2114100
LATENCY 2131400
TIMELINE 57 617 241754977733100 2131400
LATENCY 2349400
TIMELINE 57 633 241755014921300 2349400
LATENCY 2221200
TIMELINE 57 649 241755050998200 2221200
LATENCY 2332900
TIMELINE 57 665 241755107585800 2332900
LATENCY 2416900
TIMELINE 57 681 241755144401500 2416900
LATENCY 2156200
TIMELINE 57 697 241755180074000 2156200
LATENCY 2094600
TIMELINE 57 713 241755214936100 2094600
LATENCY 2114100
TIMELINE 57 729 241755249667100 2114100
LATENCY 2270400
TIMELINE 57 745 241755284641600 2270400
LATENCY 2198500
TIMELINE 57 761 241755320335200 2198500
LATENCY 2108700
TIMELINE 57 777 241755355363500 2108700
LATENCY 2147200
TIMELINE 57 793 241755410887900 2147200
LATENCY 2114800
TIMELINE 57 809 241755445040500 2114800
LATENCY 2290600
TIMELINE 57 825 241755480476500 2290600
LATENCY 2211100
TIMELINE 57 841 241755515725300 2211100
LATENCY 2219500
TIMELINE 57 857 241755551226700 2219500
LATENCY 2183800
TIMELINE 57 873 241755587232000 2183800
LATENCY 2194800
TIMELINE 57 889 241755622600900 2194800
LATENCY 2379300
TIMELINE 57 905 241755658011900 2379300
LATENCY 22467700
TIMELINE 57 921 241755693588100 22467700
LATENCY 2121200
TIMELINE 57 937 241755750460800 2121200
LATENCY 2176500
TIMELINE 57 953 241755786709000 2176500
LATENCY 2161600
TIMELINE 57 969 241755823017700 2161600
LATENCY 2136800
TIMELINE 57 985 241755857913700 2136800
LATENCY 2293200
TIMELINE 57 1001 241755892181800 2293200
LATENCY 2293900
TIMELINE 57 1017 241755927381600 2293900
LATENCY 2206300
TIMELINE 57 1033 241755962388400 2206300
LATENCY 2171900
TIMELINE 57 1049 241755997480800 2171900
LATENCY 2181100
TIMELINE 57 1065 241756038431600 2181100
LATENCY 2387100
TIMELINE 57 1081 241756074045100 2387100
LATENCY 2286300
TIMELINE 57 1097 241756108869900 2286300
LATENCY 2442900
TIMELINE 57 1113 241756144513300 2442900
LATENCY 2173400
TIMELINE 57 1129 241756180415700 2173400
LATENCY 2212400
TIMELINE 57 1145 241756215608000 2212400
LATENCY 2141600
TIMELINE 57 1161 241756249732200 2141600
LATENCY 2105900
TIMELINE 57 1177 241756283765100 2105900
LATENCY 2186300
TIMELINE 57 1193 241756323271600 2186300
LATENCY 2225800
TIMELINE 57 1209 241756358308400 2225800
LATENCY 2100900
TIMELINE 57 1225 241756392922700 2100900
LATENCY 2662900
TIMELINE 57 1241 241756430854700 2662900
LATENCY 2693000
TIMELINE 57 1257 241756477846000 2693000
LATENCY 2650500
TIMELINE 57 1273 241756519962400 2650500
LATENCY 2725500
TIMELINE 57 1289 241756566570800 2725500
LATENCY 2935600
TIMELINE 57 1305 241756611532600 2935600
LATENCY 8256000
TIMELINE 57 1321 241756657918100 8256000
LATENCY 2764400
TIMELINE 57 1337 241756707217600 2764400
LATENCY 2714800
TIMELINE 57 1353 241756750557300 2714800
LATENCY 2733700
TIMELINE 57 1369 241756795831400 2733700
LATENCY 2609000
TIMELINE 57 1385 241756842945700 2609000
LATENCY 2682300
TIMELINE 57 1401 241756885148200 2682300
LATENCY 2611000
TIMELINE 57 1417 241756927598600 2611000
LATENCY 2649700
TIMELINE 57 1433 241756969865700 2649700
LATENCY 3355500
TIMELINE 57 1449 241757017406700 3355500
LATENCY 2634300
TIMELINE 57 1465 241757069285900 2634300
LATENCY 2633200
TIMELINE 57 1481 241757111864300 2633200
LATENCY 2745800
TIMELINE 57 1497 241757156873900 2745800
LATENCY 2668300
TIMELINE 57 1513 241757203884800 2668300
LATENCY 3130800
TIMELINE 57 1529 241757246913900 3130800
LATENCY 3180300
TIMELINE 57 1545 241757294460500 3180300
LATENCY 2920800
TIMELINE 57 1561 241757341736400 2920800
LATENCY 3027600
TIMELINE 57 1577 241757386625000 3027600
LATENCY 2904300
TIMELINE 57 1593 241757438374100 2904300
LATENCY 2688600
TIMELINE 57 1609 241757484840200 2688600
LATENCY 2911600
TIMELINE 57 1625 241757527667700 2911600
LATENCY 3124900
TIMELINE 57 1641 241757578975300 3124900
LATENCY 2968000
TIMELINE 57 1657 241757626605400 2968000
LATENCY 2604700
TIMELINE 57 1673 241757670695300 2604700
LATENCY 2737800
TIMELINE 57 1689 241757717876600 2737800
LATENCY 2804700
TIMELINE 57 1705 241757765008300 2804700
LATENCY 2984100
TIMELINE 57 1721 241757810581100 2984100
LATENCY 3106700
TIMELINE 57 1737 241757861995600 3106700
LATENCY 2977600
TIMELINE 57 1753 241757909705100 2977600
LATENCY 2983400
TIMELINE 57 1769 241757954715100 2983400
LATENCY 2672400
TIMELINE 57 1785 241758000774200 2672400
LATENCY 2824200
TIMELINE 57 1801 241758047512200 2824200
LATENCY 2882500
TIMELINE 57 1817 241758092561600 2882500
LATENCY 2984100
TIMELINE 57 1833 241758139112800 2984100
LATENCY 2737600
TIMELINE 57 1849 241758185473900 2737600
LATENCY 2644200
TIMELINE 57 1865 241758234459200 2644200
LATENCY 2704100
TIMELINE 57 1881 241758277203600 2704100
LATENCY 5584500
TIMELINE 57 1897 241758321680400 5584500
LATENCY 3111200
TIMELINE 57 1913 241758369676000 3111200
LATENCY 2675200
TIMELINE 57 1929 241758418572600 2675200
LATENCY 2597900
TIMELINE 57 1945 241758462730700 2597900
LATENCY 2724600
TIMELINE 57 1961 241758506361000 2724600
LATENCY 2791400
TIMELINE 57 1977 241758549630300 2791400
LATENCY 2912700
TIMELINE 57 1993 241758599512100 2912700
LATENCY 3063500
TIMELINE 57 2009 241758646910000 3063500
LATENCY 2998900
TIMELINE 57 2025 241758694087900 2998900
LATENCY 2577000
TIMELINE 57 2041 241758739811100 2577000
LATENCY 2216300
TIMELINE 58 10 241753568824800 2216300
LATENCY 2128400
TIMELINE 58 26 241753604043000 2128400
LATENCY 2178000
TIMELINE 58 42 241753640107200 2178000
LATENCY 2226100
TIMELINE 58 58 241753675339800 2226100
LATENCY 2335000
TIMELINE 58 74 241753710972400 2335000
LATENCY 2137600
TIMELINE 58 90 241753746604600 2137600
LATENCY 2410800
TIMELINE 58 106 241753781592000 2410800
LATENCY 2343800
TIMELINE 58 122 241753817810600 2343800
LATENCY 2101700
TIMELINE 58 138 241753873310500 2101700
LATENCY 2414400
TIMELINE 58 154 241753908094500 2414400
LATENCY 2247400
TIMELINE 58 170 241753945630400 2247400
LATENCY 2400900
TIMELINE 58 186 241753980800800 2400900
LATENCY 2332800
TIMELINE 58 202 241754015373600 2332800
LATENCY 2308800
TIMELINE 58 218 241754050902300 2308800
LATENCY 2120300
TIMELINE 58 234 241754086590100 2120300
LATENCY 2187900
TIMELINE 58 250 241754121179700 2187900
LATENCY 2215400
TIMELINE 58 266 241754174414400 2215400
LATENCY 2133700
TIMELINE 58 282 241754209065100 2133700
LATENCY 2098900
TIMELINE 58 298 241754243002000 2098900
LATENCY 2357500
TIMELINE 58 314 241754277625600 2357500
LATENCY 2164000
TIMELINE 58 330 241754313154800 2164000
LATENCY 2304900
TIMELINE 58 346 241754349604500 2304900
LATENCY 2392500
TIMELINE 58 362 241754385624100 2392500
LATENCY 2121900
TIMELINE 58 378 241754420098800 2121900
LATENCY 2142200
TIMELINE 58 394 241754473058500 2142200
LATENCY 2101100
TIMELINE 58 410 241754507932500 2101100
LATENCY 2414900
TIMELINE 58 426 241754541692800 2414900
LATENCY 2144200
TIMELINE 58 442 241754576193300 2144200
LATENCY 2124100
TIMELINE 58 458 241754610689800 2124100
LATENCY 2122900
TIMELINE 58 474 241754646069700 2122900
LATENCY 2132000
TIMELINE 58 490 241754680316900 2132000
LATENCY 2301600
TIMELINE 58 506 241754714901300 2301600
LATENCY 2225500
TIMELINE 58 522 241754750718400 2225500
LATENCY 2270500
TIMELINE 58 538 241754806905500 2270500
LATENCY 2116800
TIMELINE 58 554 241754841689600 2116800
LATENCY 2135400
TIMELINE 58 570 241754876030600 2135400
LATENCY 2117100
TIMELINE 58 586 241754911766300 2117100
LATENCY 2116900
TIMELINE 58 602 241754945949100 2116900
LATENCY 2112300
TIMELINE 58 618 241754980123900 2112300
LATENCY 2232500
TIMELINE 58 634 241755017514400 2232500
LATENCY 2132800
TIMELINE 58 650 241755053461100 2132800
LATENCY 2286500
TIMELINE 58 666 241755110320300 2286500
LATENCY 2236400
TIMELINE 58 682 241755147173000 2236400
LATENCY 2191200
TIMELINE 58 698 241755182601000 2191200
LATENCY 2351400
TIMELINE 58 714 241755217478000 2351400
LATENCY 2112400
TIMELINE 58 730 241755252387200 2112400
LATENCY 2176400
TIMELINE 58 746 241755287373100 2176400
LATENCY 2207100
TIMELINE 58 762 241755323092800 2207100
LATENCY 2119400
TIMELINE 58 778 241755358011000 2119400
LATENCY 2125700
TIMELINE 58 794 241755413361800 2125700
LATENCY 2081400
TIMELINE 58 810 241755447563500 2081400
LATENCY 2196400
TIMELINE 58 826 241755483225600 2196400
LATENCY 2124500
TIMELINE 58 842 241755518318600 2124500
LATENCY 2151900
TIMELINE 58 858 241755553772800 2151900
LATENCY 2179900
TIMELINE 58 874 241755589646100 2179900
LATENCY 2177700
TIMELINE 58 890 241755624887600 2177700
LATENCY 2204000
TIMELINE 58 906 241755660496100 2204000
LATENCY 2510000
TIMELINE 58 922 241755716216800 2510000
LATENCY 2259500
TIMELINE 58 938 241755752879400 2259500
LATENCY 2222500
TIMELINE 58 954 241755788975700 2222500
LATENCY 2154500
TIMELINE 58 970 241755825302100 2154500
LATENCY 2134700
TIMELINE 58 986 241755860144300 2134700
LATENCY 2139400
TIMELINE 58 1002 241755894536200 2139400
LATENCY 2204800
TIMELINE 58 1018 241755929897300 2204800
LATENCY 2159800
TIMELINE 58 1034 241755964748200 2159800
LATENCY 2117300
TIMELINE 58 1050 241755999754500 2117300
LATENCY 2127800
TIMELINE 58 1066 241756040745000 2127800
LATENCY 2244100
TIMELINE 58 1082 241756076070900 2244100
LATENCY 2242000
TIMELINE 58 1098 241756110764200 2242000
LATENCY 2276700
TIMELINE 58 1114 241756146581300 2276700
LATENCY 2158700
TIMELINE 58 1130 241756182301700 2158700
LATENCY 2177900
TIMELINE 58 1146 241756217383600 2177900
LATENCY 2116200
TIMELINE 58 1162 241756251493600 2116200
LATENCY 2099700
TIMELINE 58 1178 241756285486900 2099700
LATENCY 2204600
TIMELINE 58 1194 241756325208400 2204600
LATENCY 2198300
TIMELINE 58 1210 241756360333800 2198300
LATENCY 2168200
TIMELINE 58 1226 241756394824800 2168200
LATENCY 2761200
TIMELINE 58 1242 241756433242100 2761200
LATENCY 2614100
TIMELINE 58 1258 241756480291000 2614100
LATENCY 2901000
TIMELINE 58 1274 241756522370600 2901000
LATENCY 2771900
TIMELINE 58 1290 241756569033600 2771900
LATENCY 2934600
TIMELINE 58 1306 241756614199900 2934600
LATENCY 2763000
TIMELINE 58 1322 241756665824000 2763000
LATENCY 2787600
TIMELINE 58 1338 241756709594400 2787600
LATENCY 2716700
TIMELINE 58 1354 241756752894800 2716700
LATENCY 2719900
TIMELINE 58 1370 241756798205500 2719900
LATENCY 2564300
TIMELINE 58 1386 241756845172700 2564300
LATENCY 2699300
TIMELINE 58 1402 241756887420600 2699300
LATENCY 2579700
TIMELINE 58 1418 241756929810000 2579700
LATENCY 2565100
TIMELINE 58 1434 241756972128500 2565100
LATENCY 2703100
TIMELINE 58 1450 241757019752300 2703100
LATENCY 2640400
TIMELINE 58 1466 241757070863400 2640400
LATENCY 2644500
TIMELINE 58 1482 241757113449100 2644500
LATENCY 2729600
TIMELINE 58 1498 241757158553200 2729600
LATENCY 2602000
TIMELINE 58 1514 241757205552200 2602000
LATENCY 3068300
TIMELINE 58 1530 241757248789800 3068300
LATENCY 3065500
TIMELINE 58 1546 241757296390800 3065500
LATENCY 2933700
TIMELINE 58 1562 241757343496100 2933700
LATENCY 2921500
TIMELINE 58 1578 241757388445400 2921500
LATENCY 2887600
TIMELINE 58 1594 241757440203200 2887600
LATENCY 2724500
TIMELINE 58 1610 241757486473800 2724500
LATENCY 3042300
TIMELINE 58 1626 241757529569400 3042300
LATENCY 3063600
TIMELINE 58 1642 241757581061900 3063600
LATENCY 2909900
TIMELINE 58 1658 241757628589800 2909900
LATENCY 2867200
TIMELINE 58 1674 241757672435100 2867200
LATENCY 3129600
TIMELINE 58 1690 241757719888700 3129600
LATENCY 2795500
TIMELINE 58 1706 241757766922300 2795500
LATENCY 8620900
TIMELINE 58 1722 241757812615800 8620900
LATENCY 3030100
TIMELINE 58 1738 241757864222000 3030100
LATENCY 3011600
TIMELINE 58 1754 241757911810200 3011600
LATENCY 2986000
TIMELINE 58 1770 241757956831900 2986000
LATENCY 2826900
TIMELINE 58 1786 241758002752000 2826900
LATENCY 2774400
TIMELINE 58 1802 241758049611200 2774400
LATENCY 2925500
TIMELINE 58 1818 241758095121600 2925500
LATENCY 2957100
TIMELINE 58 1834 241758141768400 2957100
LATENCY 2746800
TIMELINE 58 1850 241758188025300 2746800
LATENCY 2622000
TIMELINE 58 1866 241758236922600 2622000
LATENCY 2753600
TIMELINE 58 1882 241758279717600 2753600
LATENCY 2887500
TIMELINE 58 1898 241758327027400 2887500
LATENCY 3152800
TIMELINE 58 1914 241758372520200 3152800
LATENCY 2551700
TIMELINE 58 1930 241758421035800 2551700
LATENCY 2550100
TIMELINE 58 1946 241758465116200 2550100
LATENCY 2809700
TIMELINE 58 1962 241758508785400 2809700
LATENCY 2718700
TIMELINE 58 1978 241758552103400 2718700
LATENCY 2888300
TIMELINE 58 1994 241758602066400 2888300
LATENCY 3070600
TIMELINE 58 2010 241758649500000 3070600
LATENCY 3025400
TIMELINE 58 2026 241758696610300 3025400
LATENCY 2589200
TIMELINE 58 2042 241758741929200 2589200
LATENCY 2281500
TIMELINE 59 11 241753571108300 2281500
LATENCY 2161700
TIMELINE 59 27 241753606236300 2161700
LATENCY 2099900
TIMELINE 59 43 241753642455300 2099900
LATENCY 2241200
TIMELINE 59 59 241753677799700 2241200
LATENCY 2224200
TIMELINE 59 75 241753713531700 2224200
LATENCY 2064900
TIMELINE 59 91 241753748830800 2064900
LATENCY 2157900
TIMELINE 59 107 241753784131900 2157900
LATENCY 2614700
TIMELINE 59 123 241753820234200 2614700
LATENCY 2135300
TIMELINE 59 139 241753875475900 2135300
LATENCY 2689800
TIMELINE 59 155 241753910415400 2689800
LATENCY 2258200
TIMELINE 59 171 241753947982500 2258200
LATENCY 2219800
TIMELINE 59 187 241753983356700 2219800
LATENCY 2261500
TIMELINE 59 203 241754017767900 2261500
LATENCY 2233800
TIMELINE 59 219 241754053364000 2233800
LATENCY 2117500
TIMELINE 59 235 241754088851800 2117500
LATENCY 2213600
TIMELINE 59 251 241754123571000 2213600
LATENCY 2134900
TIMELINE 59 267 241754177068100 2134900
LATENCY 2135700
TIMELINE 59 283 241754211608800 2135700
LATENCY 2134800
TIMELINE 59 299 241754245502400 2134800
LATENCY 2205300
TIMELINE 59 315 241754280354900 2205300
LATENCY 2164100
TIMELINE 59 331 241754315475200 2164100
LATENCY 2516600
TIMELINE 59 347 241754352030500 2516600
LATENCY 2261200
TIMELINE 59 363 241754388117000 2261200
LATENCY 2120000
TIMELINE 59 379 241754422373000 2120000
LATENCY 2152900
TIMELINE 59 395 241754475285700 2152900
LATENCY 2095100
TIMELINE 59 411 241754510092000 2095100
LATENCY 2210800
TIMELINE 59 427 241754544252300 2210800
LATENCY 2098500
TIMELINE 59 443 241754578457200 2098500
LATENCY 2107000
TIMELINE 59 459 241754612927200 2107000
LATENCY 2106600
TIMELINE 59 475 241754648307300 2106600
LATENCY 2191200
TIMELINE 59 491 241754682538200 2191200
LATENCY 2227800
TIMELINE 59 507 241754717266100 2227800
LATENCY 21520400
TIMELINE 59 523 241754752977600 21520400
LATENCY 2232600
TIMELINE 59 539 241754809210400 2232600
LATENCY 2116100
TIMELINE 59 555 241754843781200 2116100
LATENCY 2114600
TIMELINE 59 571 241754878109100 2114600
LATENCY 2054700
TIMELINE 59 587 241754913831600 2054700
LATENCY 2199800
TIMELINE 59 603 241754948011700 2199800
LATENCY 2141200
TIMELINE 59 619 241754982178800 2141200
LATENCY 2308900
TIMELINE 59 635 241755019778700 2308900
LATENCY 2684000
TIMELINE 59 651 241755055655400 2684000
LATENCY 2379300
TIMELINE 59 667 241755112865900 2379300
LATENCY 2287500
TIMELINE 59 683 241755149473400 2287500
LATENCY 2143600
TIMELINE 59 699 241755184855200 2143600
LATENCY 2152200
TIMELINE 59 715 241755219771800 2152200
LATENCY 2115300
TIMELINE 59 731 241755254440900 2115300
LATENCY 2149900
TIMELINE 59 747 241755289848600 2149900
LATENCY 2247700
TIMELINE 59 763 241755325656500 2247700
LATENCY 2160000
TIMELINE 59 779 241755360275200 2160000
LATENCY 2121500
TIMELINE 59 795 241755415609400 2121500
LATENCY 2108700
TIMELINE 59 811 241755449790000 2108700
LATENCY 2170000
TIMELINE 59 827 241755485393200 2170000
LATENCY 2123900
TIMELINE 59 843 241755520411700 2123900
LATENCY 2198300
TIMELINE 59 859 241755555991300 2198300
LATENCY 2162800
TIMELINE 59 875 241755591890400 2162800
LATENCY 2373900
TIMELINE 59 891 241755627194200 2373900
LATENCY 2155000
TIMELINE 59 907 241755662828700 2155000
LATENCY 2497200
TIMELINE 59 923 241755718794500 2497200
LATENCY 2189000
TIMELINE 59 939 241755755209300 2189000
LATENCY 2340900
TIMELINE 59 955 241755791170500 2340900
LATENCY 2155300
TIMELINE 59 971 241755827425900 2155300
LATENCY 2166600
TIMELINE 59 987 241755862223500 2166600
LATENCY 2149400
TIMELINE 59 1003 241755896646600 2149400
LATENCY 2214800
TIMELINE 59 1019 241755931853300 2214800
LATENCY 2153200
TIMELINE 59 1035 241755966665700 2153200
LATENCY 2204600
TIMELINE 59 1051 241756001752300 2204600
LATENCY 2132200
TIMELINE 59 1067 241756042779200 2132200
LATENCY 2283600
TIMELINE 59 1083 241756078533900 2283600
LATENCY 2259700
TIMELINE 59 1099 241756113200800 2259700
LATENCY 2182200
TIMELINE 59 1115 241756149276200 2182200
LATENCY 2193700
TIMELINE 59 1131 241756184933200 2193700
LATENCY 2143000
TIMELINE 59 1147 241756220144200 2143000
LATENCY 2168200
TIMELINE 59 1163 241756254171100 2168200
LATENCY 2088400
TIMELINE 59 1179 241756288156600 2088400
LATENCY 2158800
TIMELINE 59 1195 241756327769400 2158800
LATENCY 2179600
TIMELINE 59 1211 241756362890400 2179600
LATENCY 2126900
TIMELINE 59 1227 241756397374600 2126900
LATENCY 2687400
TIMELINE 59 1243 241756436493100 2687400
LATENCY 2574000
TIMELINE 59 1259 241756483341100 2574000
LATENCY 2743900
TIMELINE 59 1275 241756525729000 2743900
LATENCY 2726500
TIMELINE 59 1291 241756572259900 2726500
LATENCY 2904100
TIMELINE 59 1307 241756617638000 2904100
LATENCY 2722400
TIMELINE 59 1323 241756669111200 2722400
LATENCY 2679500
TIMELINE 59 1339 241756712910500 2679500
LATENCY 2789700
TIMELINE 59 1355 241756756135900 2789700
LATENCY 2732500
TIMELINE 59 1371 241756801462100 2732500
LATENCY 2672300
TIMELINE 59 1387 241756848221300 2672300
LATENCY 2664100
TIMELINE 59 1403 241756890615000 2664100
LATENCY 2604400
TIMELINE 59 1419 241756932867800 2604400
LATENCY 2582600
TIMELINE 59 1435 241756975254100 2582600
LATENCY 2704700
TIMELINE 59 1451 241757024557800 2704700
LATENCY 2627800
TIMELINE 59 1467 241757075442400 2627800
LATENCY 2629800
TIMELINE 59 1483 241757117992400 2629800
LATENCY 2574300
TIMELINE 59 1499 241757163163900 2574300
LATENCY 2611800
TIMELINE 59 1515 241757210061000 2611800
LATENCY 2956400
TIMELINE 59 1531 241757253916900 2956400
LATENCY 2953100
TIMELINE 59 1547 241757301565100 2953100
LATENCY 2771600
TIMELINE 59 1563 241757348496900 2771600
LATENCY 2863600
TIMELINE 59 1579 241757393273700 2863600
LATENCY 2810400
TIMELINE 59 1595 241757444953800 2810400
LATENCY 2729300
TIMELINE 59 1611 241757490991900 2729300
LATENCY 3208000
TIMELINE 59 1627 241757534770100 3208000
LATENCY 2870300
TIMELINE 59 1643 241757586051200 2870300
LATENCY 2903300
TIMELINE 59 1659 241757633409800 2903300
LATENCY 2904100
TIMELINE 59 1675 241757677283100 2904100
LATENCY 2909100
TIMELINE 59 1691 241757724877500 2909100
LATENCY 2682900
TIMELINE 59 1707 241757771396000 2682900
LATENCY 2639400
TIMELINE 59 1723 241757822825800 2639400
LATENCY 3042500
TIMELINE 59 1739 241757868896900 3042500
LATENCY 2739400
TIMELINE 59 1755 241757916332500 2739400
LATENCY 2987300
TIMELINE 59 1771 241757961421400 2987300
LATENCY 2994500
TIMELINE 59 1787 241758007184400 2994500
LATENCY 2745300
TIMELINE 59 1803 241758053651100 2745300
LATENCY 2892300
TIMELINE 59 1819 241758099640400 2892300
LATENCY 2653500
TIMELINE 59 1835 241758146345200 2653500
LATENCY 2948200
TIMELINE 59 1851 241758192288700 2948200
LATENCY 2733400
TIMELINE 59 1867 241758240988800 2733400
LATENCY 2774300
TIMELINE 59 1883 241758283958200 2774300
LATENCY 2847600
TIMELINE 59 1899 241758331654200 2847600
LATENCY 3069800
TIMELINE 59 1915 241758377545500 3069800
LATENCY 2557000
TIMELINE 59 1931 241758425175200 2557000
LATENCY 2603800
TIMELINE 59 1947 241758469268100 2603800
LATENCY 2723700
TIMELINE 59 1963 241758513336900 2723700
LATENCY 2828900
TIMELINE 59 1979 241758556416700 2828900
LATENCY 2723300
TIMELINE 59 1995 241758607113500 2723300
LATENCY 3083900
TIMELINE 59 2011 241758655091200 3083900
LATENCY 3091700
TIMELINE 59 2027 241758701990900 3091700
LATENCY 2546700
TIMELINE 59 2043 241758746679100 2546700
LATENCY 2185100
TIMELINE 60 12 241753573662800 2185100
LATENCY 2128500
TIMELINE 60 28 241753608440700 2128500
LATENCY 2160600
TIMELINE 60 44 241753644629800 2160600
LATENCY 2195600
TIMELINE 60 60 241753680108400 2195600
LATENCY 2220900
TIMELINE 60 76 241753715821100 2220900
LATENCY 2052900
TIMELINE 60 92 241753751034400 2052900
LATENCY 2245100
TIMELINE 60 108 241753786443900 2245100
LATENCY 2387700
TIMELINE 60 124 241753822915000 2387700
LATENCY 2120700
TIMELINE 60 140 241753877754700 2120700
LATENCY 2444600
TIMELINE 60 156 241753913679500 2444600
LATENCY 2252800
TIMELINE 60 172 241753950644300 2252800
LATENCY 2168700
TIMELINE 60 188 241753985876500 2168700
LATENCY 2193300
TIMELINE 60 204 241754020396700 2193300
LATENCY 2267600
TIMELINE 60 220 241754055992500 2267600
LATENCY 2059900
TIMELINE 60 236 241754091243400 2059900
LATENCY 2317500
TIMELINE 60 252 241754126086200 2317500
LATENCY 2171300
TIMELINE 60 268 241754179593700 2171300
LATENCY 2135100
TIMELINE 60 284 241754214019000 2135100
LATENCY 2161000
TIMELINE 60 300 241754247909200 2161000
LATENCY 2229900
TIMELINE 60 316 241754282906600 2229900
LATENCY 2286300
TIMELINE 60 332 241754318137600 2286300
LATENCY 2311800
TIMELINE 60 348 241754355257300 2311800
LATENCY 2137700
TIMELINE 60 364 241754390974700 2137700
LATENCY 2104800
TIMELINE 60 380 241754425098600 2104800
LATENCY 2073700
TIMELINE 60 396 241754478380400 2073700
LATENCY 2114900
TIMELINE 60 412 241754512861600 2114900
LATENCY 2146800
TIMELINE 60 428 241754547054400 2146800
LATENCY 2077600
TIMELINE 60 444 241754581127000 2077600
LATENCY 2121900
TIMELINE 60 460 241754615601700 2121900
LATENCY 2248800
TIMELINE 60 476 241754650934500 2248800
LATENCY 2208500
TIMELINE 60 492 241754685291000 2208500
LATENCY 2168700
TIMELINE 60 508 241754720017200 2168700
LATENCY 2221600
TIMELINE 60 524 241754774988800 2221600
LATENCY 2183300
TIMELINE 60 540 241754811887800 2183300
LATENCY 2086800
TIMELINE 60 556 241754846454500 2086800
LATENCY 2108400
TIMELINE 60 572 241754880773300 2108400
LATENCY 2154500
TIMELINE 60 588 241754916386800 2154500
LATENCY 2174500
TIMELINE 60 604 241754950709700 2174500
LATENCY 2095900
TIMELINE 60 620 241754984804800 2095900
LATENCY 2231900
TIMELINE 60 636 241755022510800 2231900
LATENCY 2188500
TIMELINE 60 652 241755058749500 2188500
LATENCY 2286900
TIMELINE 60 668 241755115429300 2286900
LATENCY 2258500
TIMELINE 60 684 241755152024100 2258500
LATENCY 2122300
TIMELINE 60 700 241755187297000 2122300
LATENCY 2219000
TIMELINE 60 716 241755222474700 2219000
LATENCY 2099100
TIMELINE 60 732 241755257109300 2099100
LATENCY 2143300
TIMELINE 60 748 241755291971300 2143300
LATENCY 2166200
TIMELINE 60 764 241755327819000 2166200
LATENCY 2206900
TIMELINE 60 780 241755362600700 2206900
LATENCY 2138900
TIMELINE 60 796 241755417666000 2138900
LATENCY 2190300
TIMELINE 60 812 241755451841300 2190300
LATENCY 2186800
TIMELINE 60 828 241755487535200 2186800
LATENCY 2131000
TIMELINE 60 844 241755522598200 2131000
LATENCY 2163000
TIMELINE 60 860 241755558037300 2163000
LATENCY 2163400
TIMELINE 60 876 241755593904100 2163400
LATENCY 2438700
TIMELINE 60 892 241755629865200 2438700
LATENCY 2120400
TIMELINE 60 908 241755665166300 2120400
LATENCY 2441300
TIMELINE 60 924 241755721460100 2441300
LATENCY 2292800
TIMELINE 60 940 241755757714000 2292800
LATENCY 2277100
TIMELINE 60 956 241755793913300 2277100
LATENCY 2202000
TIMELINE 60 972 241755829960900 2202000
LATENCY 2126000
TIMELINE 60 988 241755864801600 2126000
LATENCY 2112400
TIMELINE 60 1004 241755899232700 2112400
LATENCY 2185900
TIMELINE 60 1020 241755934473000 2185900
LATENCY 2161100
TIMELINE 60 1036 241755969195800 2161100
LATENCY 2293100
TIMELINE 60 1052 241756004311400 2293100
LATENCY 2138500
TIMELINE 60 1068 241756045323200 2138500
LATENCY 2102700
TIMELINE 60 1084 241756081590600 2102700
LATENCY 2326600
TIMELINE 60 1100 241756116097900 2326600
LATENCY 2164800
TIMELINE 60 1116 241756151748200 2164800
LATENCY 2157400
TIMELINE 60 1132 241756187275500 2157400
LATENCY 2147100
TIMELINE 60 1148 241756222348200 2147100
LATENCY 2103300
TIMELINE 60 1164 241756256398100 2103300
LATENCY 2110000
TIMELINE 60 1180 241756290308000 2110000
LATENCY 2200900
TIMELINE 60 1196 241756330107600 2200900
LATENCY 2478300
TIMELINE 60 1212 241756365242000 2478300
LATENCY 2121200
TIMELINE 60 1228 241756399865300 2121200
LATENCY 2770700
TIMELINE 60 1244 241756439653300 2770700
LATENCY 2560500
TIMELINE 60 1260 241756486384600 2560500
LATENCY 2739200
TIMELINE 60 1276 241756528959200 2739200
LATENCY 2722700
TIMELINE 60 1292 241756575474800 2722700
LATENCY 2937800
TIMELINE 60 1308 241756621005400 2937800
LATENCY 2723600
TIMELINE 60 1324 241756672288400 2723600
LATENCY 2699900
TIMELINE 60 1340 241756716044700 2699900
LATENCY 2953200
TIMELINE 60 1356 241756759433800 2953200
LATENCY 2726400
TIMELINE 60 1372 241756804676400 2726400
LATENCY 2614400
TIMELINE 60 1388 241756851309300 2614400
LATENCY 2604600
TIMELINE 60 1404 241756893714200 2604600
LATENCY 2648400
TIMELINE 60 1420 241756935915200 2648400
LATENCY 2774200
TIMELINE 60 1436 241756978276600 2774200
LATENCY 2673000
TIMELINE 60 1452 241757027989900 2673000
LATENCY 2629400
TIMELINE 60 1468 241757078620700 2629400
LATENCY 2898700
TIMELINE 60 1484 241757121161500 2898700
LATENCY 2652800
TIMELINE 60 1500 241757166227500 2652800
LATENCY 2639800
TIMELINE 60 1516 241757213139800 2639800
LATENCY 2947700
TIMELINE 60 1532 241757257412900 2947700
LATENCY 2937800
TIMELINE 60 1548 241757305061100 2937800
LATENCY 2976900
TIMELINE 60 1564 241757351887800 2976900
LATENCY 2878100
TIMELINE 60 1580 241757396789100 2878100
LATENCY 3073400
TIMELINE 60 1596 241757448481500 3073400
LATENCY 2760300
TIMELINE 60 1612 241757494419500 2760300
LATENCY 2917200
TIMELINE 60 1628 241757538731700 2917200
LATENCY 2994600
TIMELINE 60 1644 241757589598700 2994600
LATENCY 2949000
TIMELINE 60 1660 241757637024100 2949000
LATENCY 2907500
TIMELINE 60 1676 241757680960700 2907500
LATENCY 2975800
TIMELINE 60 1692 241757728504400 2975800
LATENCY 2715600
TIMELINE 60 1708 241757774757000 2715600
LATENCY 2593900
TIMELINE 60 1724 241757826136800 2593900
LATENCY 2981700
TIMELINE 60 1740 241757872833200 2981700
LATENCY 2695000
TIMELINE 60 1756 241757919794300 2695000
LATENCY 2954900
TIMELINE 60 1772 241757965178100 2954900
LATENCY 2667100
TIMELINE 60 1788 241758010908000 2667100
LATENCY 2740300
TIMELINE 60 1804 241758057131200 2740300
LATENCY 2892400
TIMELINE 60 1820 241758103350300 2892400
LATENCY 2888600
TIMELINE 60 1836 241758149814500 2888600
LATENCY 2897700
TIMELINE 60 1852 241758195952200 2897700
LATENCY 2622100
TIMELINE 60 1868 241758244326100 2622100
LATENCY 2772600
TIMELINE 60 1884 241758287367300 2772600
LATENCY 2855300
TIMELINE 60 1900 241758335030200 2855300
LATENCY 3070800
TIMELINE 60 1916 241758381174600 3070800
LATENCY 2540000
TIMELINE 60 1932 241758428221400 2540000
LATENCY 2739600
TIMELINE 60 1948 241758472261800 2739600
LATENCY 2743200
TIMELINE 60 1964 241758516463000 2743200
LATENCY 2698100
TIMELINE 60 1980 241758559633800 2698100
LATENCY 3013400
TIMELINE 60 1996 241758609653700 3013400
LATENCY 2667900
TIMELINE 60 2012 241758658002100 2667900
LATENCY 3054700
TIMELINE 60 2028 241758704864200 3054700
LATENCY 2629900
TIMELINE 60 2044 241758749121500 2629900
LATENCY 2203500
TIMELINE 61 13 241753575894800 2203500
LATENCY 3122200
TIMELINE 61 29 241753610608000 3122200
LATENCY 2128500
TIMELINE 61 45 241753646833500 2128500
LATENCY 2205800
TIMELINE 61 61 241753682342600 2205800
LATENCY 2238500
TIMELINE 61 77 241753718079900 2238500
LATENCY 2175700
TIMELINE 61 93 241753753031700 2175700
LATENCY 2229400
TIMELINE 61 109 241753788626800 2229400
LATENCY 22180900
TIMELINE 61 125 241753825211000 22180900
LATENCY 2062100
TIMELINE 61 141 241753879733200 2062100
LATENCY 2524900
TIMELINE 61 157 241753915920200 2524900
LATENCY 2255200
TIMELINE 61 173 241753952706800 2255200
LATENCY 2287400
TIMELINE 61 189 241753987840900 2287400
LATENCY 2303200
TIMELINE 61 205 241754022262600 2303200
LATENCY 2228700
TIMELINE 61 221 241754057849600 2228700
LATENCY 2148800
TIMELINE 61 237 241754093114100 2148800
LATENCY 2376200
TIMELINE 61 253 241754128212500 2376200
LATENCY 2319000
TIMELINE 61 269 241754181494900 2319000
LATENCY 2107700
TIMELINE 61 285 241754216007600 2107700
LATENCY 2124600
TIMELINE 61 301 241754249917300 2124600
LATENCY 2224200
TIMELINE 61 317 241754284920000 2224200
LATENCY 2734100
TIMELINE 61 333 241754320304800 2734100
LATENCY 2226500
TIMELINE 61 349 241754357414200 2226500
LATENCY 2091500
TIMELINE 61 365 241754392966300 2091500
LATENCY 2123200
TIMELINE 61 381 241754427063800 2123200
LATENCY 2230500
TIMELINE 61 397 241754480366600 2230500
LATENCY 2108800
TIMELINE 61 413 241754514896300 2108800
LATENCY 2202800
TIMELINE 61 429 241754549175300 2202800
LATENCY 2355000
TIMELINE 61 445 241754583175500 2355000
LATENCY 2201200
TIMELINE 61 461 241754617695100 2201200
LATENCY 2189900
TIMELINE 61 477 241754653495200 2189900
LATENCY 2124700
TIMELINE 61 493 241754687802500 2124700
LATENCY 2187200
TIMELINE 61 509 241754722543800 2187200
LATENCY 2276400
TIMELINE 61 525 241754777909700 2276400
LATENCY 2162600
TIMELINE 61 541 241754814751200 2162600
LATENCY 2108600
TIMELINE 61 557 241754849118200 2108600
LATENCY 2139800
TIMELINE 61 573 241754883458400 2139800
LATENCY 2124100
TIMELINE 61 589 241754919118900 2124100
LATENCY 2130700
TIMELINE 61 605 241754953439400 2130700
LATENCY 2094100
TIMELINE 61 621 241754987437300 2094100
LATENCY 2186100
TIMELINE 61 637 241755025633700 2186100
LATENCY 2306700
TIMELINE 61 653 241755061828000 2306700
LATENCY 2298100
TIMELINE 61 669 241755118721800 2298100
LATENCY 2230300
TIMELINE 61 685 241755155381800 2230300
LATENCY 2621100
TIMELINE 61 701 241755190289600 2621100
LATENCY 2215000
TIMELINE 61 717 241755225897500 2215000
LATENCY 2165600
TIMELINE 61 733 241755260338400 2165600
LATENCY 2227300
TIMELINE 61 749 241755295359900 2227300
LATENCY 2261300
TIMELINE 61 765 241755331371400 2261300
LATENCY 2175300
TIMELINE 61 781 241755366110000 2175300
LATENCY 2225100
TIMELINE 61 797 241755421212900 2225100
LATENCY 2228900
TIMELINE 61 813 241755455520800 2228900
LATENCY 2113300
TIMELINE 61 829 241755491219600 2113300
LATENCY 2115200
TIMELINE 61 845 241755526104700 2115200
LATENCY 2168300
TIMELINE 61 861 241755561653400 2168300
LATENCY 2105800
TIMELINE 61 877 241755597511500 2105800
LATENCY 2294800
TIMELINE 61 893 241755633190700 2294800
LATENCY 2149100
TIMELINE 61 909 241755668111100 2149100
LATENCY 2331200
TIMELINE 61 925 241755724924200 2331200
LATENCY 2244400
TIMELINE 61 941 241755760746600 2244400
LATENCY 2260700
TIMELINE 61 957 241755796848200 2260700
LATENCY 2159700
TIMELINE 61 973 241755832849700 2159700
LATENCY 2139100
TIMELINE 61 989 241755867589200 2139100
LATENCY 2105500
TIMELINE 61 1005 241755901991800 2105500
LATENCY 2211000
TIMELINE 61 1021 241755937421100 2211000
LATENCY 2319700
TIMELINE 61 1037 241755972142300 2319700
LATENCY 2215400
TIMELINE 61 1053 241756007317100 2215400
LATENCY 2138000
TIMELINE 61 1069 241756048045300 2138000
LATENCY 2096300
TIMELINE 61 1085 241756084326000 2096300
LATENCY 2238500
TIMELINE 61 1101 241756119186800 2238500
LATENCY 2181900
TIMELINE 61 1117 241756154781700 2181900
LATENCY 2159500
TIMELINE 61 1133 241756190320300 2159500
LATENCY 2107800
TIMELINE 61 1149 241756225370000 2107800
LATENCY 2164400
TIMELINE 61 1165 241756259386700 2164400
LATENCY 2096300
TIMELINE 61 1181 241756293319400 2096300
LATENCY 2332000
TIMELINE 61 1197 241756333332300 2332000
LATENCY 2169900
TIMELINE 61 1213 241756368464900 2169900
LATENCY 2092700
TIMELINE 61 1229 241756402694800 2092700
LATENCY 2710000
TIMELINE 61 1245 241756443267400 2710000
LATENCY 2749000
TIMELINE 61 1261 241756489513000 2749000
LATENCY 2702600
TIMELINE 61 1277 241756532317200 2702600
LATENCY 2756200
TIMELINE 61 1293 241756578823500 2756200
LATENCY 2973500
TIMELINE 61 1309 241756624734000 2973500
LATENCY 2769200
TIMELINE 61 1325 241756675732200 2769200
LATENCY 2744900
TIMELINE 61 1341 241756719430700 2744900
LATENCY 2601800
TIMELINE 61 1357 241756763083800 2601800
LATENCY 2636600
TIMELINE 61 1373 241756808066500 2636600
LATENCY 2643600
TIMELINE 61 1389 241756854658900 2643600
LATENCY 2654100
TIMELINE 61 1405 241756897042800 2654100
LATENCY 2654600
TIMELINE 61 1421 241756939384300 2654600
LATENCY 2595400
TIMELINE 61 1437 241756981788400 2595400
LATENCY 2621800
TIMELINE 61 1453 241757030271000 2621800
LATENCY 2694700
TIMELINE 61 1469 241757080771200 2694700
LATENCY 3144200
TIMELINE 61 1485 241757123462400 3144200
LATENCY 4837400
TIMELINE 61 1501 241757168422900 4837400
LATENCY 2635800
TIMELINE 61 1517 241757215355400 2635800
LATENCY 2948400
TIMELINE 61 1533 241757259877500 2948400
LATENCY 2958100
TIMELINE 61 1549 241757307509800 2958100
LATENCY 2819800
TIMELINE 61 1565 241757354416700 2819800
LATENCY 2993200
TIMELINE 61 1581 241757399206300 2993200
LATENCY 4454500
TIMELINE 61 1597 241757451125700 4454500
LATENCY 2738900
TIMELINE 61 1613 241757496795100 2738900
LATENCY 2898000
TIMELINE 61 1629 241757541364000 2898000
LATENCY 3040400
TIMELINE 61 1645 241757592328400 3040400
LATENCY 2790500
TIMELINE 61 1661 241757639737300 2790500
LATENCY 2933600
TIMELINE 61 1677 241757683441200 2933600
LATENCY 2945900
TIMELINE 61 1693 241757731039400 2945900
LATENCY 2772700
TIMELINE 61 1709 241757777111500 2772700
LATENCY 2590100
TIMELINE 61 1725 241757828384900 2590100
LATENCY 2935900
TIMELINE 61 1741 241757875360200 2935900
LATENCY 2752700
TIMELINE 61 1757 241757922391600 2752700
LATENCY 2998600
TIMELINE 61 1773 241757968008700 2998600
LATENCY 3091300
TIMELINE 61 1789 241758013440800 3091300
LATENCY 2664400
TIMELINE 61 1805 241758059731600 2664400
LATENCY 2840700
TIMELINE 61 1821 241758106048400 2840700
LATENCY 2768700
TIMELINE 61 1837 241758152478400 2768700
LATENCY 2763800
TIMELINE 61 1853 241758198613100 2763800
LATENCY 2594700
TIMELINE 61 1869 241758246703300 2594700
LATENCY 2816700
TIMELINE 61 1885 241758289875300 2816700
LATENCY 2834100
TIMELINE 61 1901 241758337604400 2834100
LATENCY 3099900
TIMELINE 61 1917 241758383944600 3099900
LATENCY 3010700
TIMELINE 61 1933 241758430515400 3010700
LATENCY 3051100
TIMELINE 61 1949 241758474726000 3051100
LATENCY 2714300
TIMELINE 61 1965 241758518943900 2714300
LATENCY 2762500
TIMELINE 61 1981 241758562082500 2762500
LATENCY 2980400
TIMELINE 61 1997 241758612408000 2980400
LATENCY 2640700
TIMELINE 61 2013 241758660461400 2640700
LATENCY 2852500
TIMELINE 61 2029 241758707686100 2852500
LATENCY 2589200
TIMELINE 61 2045 241758751575200 2589200
LATENCY 2197500
TIMELINE 62 14 241753578165900 2197500
LATENCY 2175600
TIMELINE 62 30 241753614181200 2175600
LATENCY 2255800
TIMELINE 62 46 241753649401500 2255800
LATENCY 2315600
TIMELINE 62 62 241753684993100 2315600
LATENCY 2253300
TIMELINE 62 78 241753720833900 2253300
LATENCY 2120600
TIMELINE 62 94 241753755738500 2120600
LATENCY 2166300
TIMELINE 62 110 241753791359000 2166300
LATENCY 2185500
TIMELINE 62 126 241753848051000 2185500
LATENCY 2119500
TIMELINE 62 142 241753882391800 2119500
LATENCY 2427400
TIMELINE 62 158 241753919123800 2427400
LATENCY 2328800
TIMELINE 62 174 241753955641900 2328800
LATENCY 2156800
TIMELINE 62 190 241753990744900 2156800
LATENCY 2184300
TIMELINE 62 206 241754025347600 2184300
LATENCY 2268800
TIMELINE 62 222 241754060787700 2268800
LATENCY 2170500
TIMELINE 62 238 241754095961400 2170500
LATENCY 2369300
TIMELINE 62 254 241754131286400 2369300
LATENCY 2183400
TIMELINE 62 270 241754184531800 2183400
LATENCY 2131600
TIMELINE 62 286 241754218771600 2131600
LATENCY 2090800
TIMELINE 62 302 241754252693900 2090800
LATENCY 2295800
TIMELINE 62 318 241754287833300 2295800
LATENCY 2389300
TIMELINE 62 334 241754322536800 2389300
LATENCY 2258600
TIMELINE 62 350 241754359195700 2258600
LATENCY 2065100
TIMELINE 62 366 241754394652400 2065100
LATENCY 2246500
TIMELINE 62 382 241754428770400 2246500
LATENCY 2195000
TIMELINE 62 398 241754482123700 2195000
LATENCY 2078600
TIMELINE 62 414 241754516591000 2078600
LATENCY 2167700
TIMELINE 62 430 241754550931400 2167700
LATENCY 2309700
TIMELINE 62 446 241754585029100 2309700
LATENCY 2460800
TIMELINE 62 462 241754619393600 2460800
LATENCY 2190500
TIMELINE 62 478 241754655000000 2190500
LATENCY 2123800
TIMELINE 62 494 241754689223000 2123800
LATENCY 2190400
TIMELINE 62 510 241754723995000 2190400
LATENCY 2269200
TIMELINE 62 526 241754779206900 2269200
LATENCY 2153800
TIMELINE 62 542 241754815961000 2153800
LATENCY 2088000
TIMELINE 62 558 241754850350400 2088000
LATENCY 2126600
TIMELINE 62 574 241754884705700 2126600
LATENCY 2142500
TIMELINE 62 590 241754920332300 2142500
LATENCY 2131700
TIMELINE 62 606 241754954657500 2131700
LATENCY 2132800
TIMELINE 62 622 241754988610100 2132800
LATENCY 2332700
TIMELINE 62 638 241755026651700 2332700
LATENCY 21061800
TIMELINE 62 654 241755062916500 21061800
LATENCY 2331400
TIMELINE 62 670 241755119479800 2331400
LATENCY 2240500
TIMELINE 62 686 241755156214600 2240500
LATENCY 2227300
TIMELINE 62 702 241755191215600 2227300
LATENCY 2208400
TIMELINE 62 718 241755226228000 2208400
LATENCY 2168500
TIMELINE 62 734 241755260654900 2168500
LATENCY 2209600
TIMELINE 62 750 241755295863000 2209600
LATENCY 2169900
TIMELINE 62 766 241755331952400 2169900
LATENCY 2186400
TIMELINE 62 782 241755366591500 2186400
LATENCY 2085400
TIMELINE 62 798 241755422076300 2085400
LATENCY 2131000
TIMELINE 62 814 241755456426600 2131000
LATENCY 2115900
TIMELINE 62 830 241755492010000 2115900
LATENCY 2136700
TIMELINE 62 846 241755527019000 2136700
LATENCY 2192500
TIMELINE 62 862 241755562628500 2192500
LATENCY 2114700
TIMELINE 62 878 241755598444400 2114700
LATENCY 2236300
TIMELINE 62 894 241755634366500 2236300
LATENCY 2166300
TIMELINE 62 910 241755669200600 2166300
LATENCY 2231200
TIMELINE 62 926 241755726163400 2231200
LATENCY 2159300
TIMELINE 62 942 241755761851100 2159300
LATENCY 2214200
TIMELINE 62 958 241755797940500 2214200
LATENCY 2142100
TIMELINE 62 974 241755834023600 2142100
LATENCY 2154800
TIMELINE 62 990 241755868744300 2154800
LATENCY 2100700
TIMELINE 62 1006 241755903136700 2100700
LATENCY 2203000
TIMELINE 62 1022 241755938532500 2203000
LATENCY 2193000
TIMELINE 62 1038 241755973303900 2193000
LATENCY 8029700
TIMELINE 62 1054 241756008395800 8029700
LATENCY 2288500
TIMELINE 62 1070 241756049058900 2288500
LATENCY 2139600
TIMELINE 62 1086 241756085323500 2139600
LATENCY 2215900
TIMELINE 62 1102 241756120338800 2215900
LATENCY 2172400
TIMELINE 62 1118 241756155886200 2172400
LATENCY 2158400
TIMELINE 62 1134 241756191432000 2158400
LATENCY 2141100
TIMELINE 62 1150 241756226462000 2141100
LATENCY 2147500
TIMELINE 62 1166 241756260533300 2147500
LATENCY 2093200
TIMELINE 62 1182 241756294425100 2093200
LATENCY 2262700
TIMELINE 62 1198 241756334591200 2262700
LATENCY 2222300
TIMELINE 62 1214 241756369962800 2222300
LATENCY 2073400
TIMELINE 62 1230 241756404165900 2073400
LATENCY 3034400
TIMELINE 62 1246 241756445216100 3034400
LATENCY 2637100
TIMELINE 62 1262 241756492080900 2637100
LATENCY 2771000
TIMELINE 62 1278 241756534840300 2771000
LATENCY 2720900
TIMELINE 62 1294 241756581398900 2720900
LATENCY 2987300
TIMELINE 62 1310 241756627458300 2987300
LATENCY 2775000
TIMELINE 62 1326 241756678428900 2775000
LATENCY 2746100
TIMELINE 62 1342 241756722107400 2746100
LATENCY 2749600
TIMELINE 62 1358 241756765621700 2749600
LATENCY 2664200
TIMELINE 62 1374 241756810634500 2664200
LATENCY 2661700
TIMELINE 62 1390 241756857203000 2661700
LATENCY 2680800
TIMELINE 62 1406 241756899576600 2680800
LATENCY 2600300
TIMELINE 62 1422 241756941939800 2600300
LATENCY 2600700
TIMELINE 62 1438 241756984277900 2600700
LATENCY 8359300
TIMELINE 62 1454 241757033277100 8359300
LATENCY 2630200
TIMELINE 62 1470 241757083915900 2630200
LATENCY 3043800
TIMELINE 62 1486 241757127123300 3043800
LATENCY 3458700
TIMELINE 62 1502 241757174796900 3458700
LATENCY 2405300
TIMELINE 62 1518 241757218363300 2405300
LATENCY 2972700
TIMELINE 62 1534 241757263360200 2972700
LATENCY 3005200
TIMELINE 62 1550 241757311013600 3005200
LATENCY 2796700
TIMELINE 62 1566 241757357678800 2796700
LATENCY 2772000
TIMELINE 62 1582 241757402671200 2772000
LATENCY 2821000
TIMELINE 62 1598 241757456049100 2821000
LATENCY 2743500
TIMELINE 62 1614 241757499861300 2743500
LATENCY 2915200
TIMELINE 62 1630 241757544504300 2915200
LATENCY 2783500
TIMELINE 62 1646 241757595673400 2783500
LATENCY 2759800
TIMELINE 62 1662 241757642807300 2759800
LATENCY 3050100
TIMELINE 62 1678 241757686727400 3050100
LATENCY 2912000
TIMELINE 62 1694 241757734417000 2912000
LATENCY 2958300
TIMELINE 62 1710 241757780387700 2958300
LATENCY 3415600
TIMELINE 62 1726 241757831529100 3415600
LATENCY 2954400
TIMELINE 62 1742 241757878869500 2954400
LATENCY 2783100
TIMELINE 62 1758 241757925340500 2783100
LATENCY 2910200
TIMELINE 62 1774 241757971213100 2910200
LATENCY 3038700
TIMELINE 62 1790 241758016662900 3038700
LATENCY 2701900
TIMELINE 62 1806 241758062499300 2701900
LATENCY 2856500
TIMELINE 62 1822 241758109058100 2856500
LATENCY 2673900
TIMELINE 62 1838 241758155464000 2673900
LATENCY 8193400
TIMELINE 62 1854 241758201567600 8193400
LATENCY 2620900
TIMELINE 62 1870 241758249520100 2620900
LATENCY 2662200
TIMELINE 62 1886 241758292911800 2662200
LATENCY 2848000
TIMELINE 62 1902 241758340685500 2848000
LATENCY 3114500
TIMELINE 62 1918 241758387319700 3114500
LATENCY 3036200
TIMELINE 62 1934 241758433786100 3036200
LATENCY 2833700
TIMELINE 62 1950 241758478157900 2833700
LATENCY 2701500
TIMELINE 62 1966 241758521993400 2701500
LATENCY 2735700
TIMELINE 62 1982 241758565193200 2735700
LATENCY 2948900
TIMELINE 62 1998 241758615898100 2948900
LATENCY 2697200
TIMELINE 62 2014 241758663581700 2697200
LATENCY 2949400
TIMELINE 62 2030 241758711110300 2949400
LATENCY 4375200
TIMELINE 62 2046 241758754544600 4375200
LATENCY 2208500
TIMELINE 63 15 241753580332400 2208500
LATENCY 2393100
TIMELINE 63 31 241753616296700 2393100
LATENCY 2307900
TIMELINE 63 47 241753651582400 2307900
LATENCY 2170000
TIMELINE 63 63 241753687277800 2170000
LATENCY 2301800
TIMELINE 63 79 241753723058500 2301800
LATENCY 2114600
TIMELINE 63 95 241753757799200 2114600
LATENCY 2163900
TIMELINE 63 111 241753793494200 2163900
LATENCY 2137400
TIMELINE 63 127 241753850268500 2137400
LATENCY 2100900
TIMELINE 63 143 241753884481800 2100900
LATENCY 2387100
TIMELINE 63 159 241753921673000 2387100
LATENCY 2124700
TIMELINE 63 175 241753958142500 2124700
LATENCY 2115900
TIMELINE 63 191 241753993056700 2115900
LATENCY 2204200
TIMELINE 63 207 241754027711100 2204200
LATENCY 2191700
TIMELINE 63 223 241754063235600 2191700
LATENCY 2144000
TIMELINE 63 239 241754098310700 2144000
LATENCY 2219500
TIMELINE 63 255 241754133881200 2219500
LATENCY 2172300
TIMELINE 63 271 241754186884700 2172300
LATENCY 2120200
TIMELINE 63 287 241754221068200 2120200
LATENCY 2149000
TIMELINE 63 303 241754254956000 2149000
LATENCY 2209100
TIMELINE 63 319 241754290432300 2209100
LATENCY 2238200
TIMELINE 63 335 241754325782300 2238200
LATENCY 2221700
TIMELINE 63 351 241754362198600 2221700
LATENCY 2313100
TIMELINE 63 367 241754397656900 2313100
LATENCY 2354300
TIMELINE 63 383 241754432172900 2354300
LATENCY 2138800
TIMELINE 63 399 241754485109100 2138800
LATENCY 2148100
TIMELINE 63 415 241754519465100 2148100
LATENCY 2126100
TIMELINE 63 431 241754553993200 2126100
LATENCY 2236900
TIMELINE 63 447 241754588171500 2236900
LATENCY 2232900
TIMELINE 63 463 241754622775800 2232900
LATENCY 2170600
TIMELINE 63 479 241754658025100 2170600
LATENCY 2132800
TIMELINE 63 495 241754692264500 2132800
LATENCY 2157300
TIMELINE 63 511 241754727109600 2157300
LATENCY 2323200
TIMELINE 63 527 241754782915700 2323200
LATENCY 2187600
TIMELINE 63 543 241754819498200 2187600
LATENCY 2111100
TIMELINE 63 559 241754853748600 2111100
LATENCY 2623400
TIMELINE 63 575 241754888133000 2623400
LATENCY 2156600
TIMELINE 63 591 241754923694700 2156600
LATENCY 2163600
TIMELINE 63 607 241754958030300 2163600
LATENCY 2173900
TIMELINE 63 623 241754991960600 2173900
LATENCY 2318000
TIMELINE 63 639 241755030033800 2318000
LATENCY 2621800
TIMELINE 63 655 241755085349400 2621800
LATENCY 2169400
TIMELINE 63 671 241755123190600 2169400
LATENCY 2112600
TIMELINE 63 687 241755159659600 2112600
LATENCY 2190300
TIMELINE 63 703 241755195046500 2190300
LATENCY 2188100
TIMELINE 63 719 241755230049900 2188100
LATENCY 2313200
TIMELINE 63 735 241755264357300 2313200
LATENCY 2387900
TIMELINE 63 751 241755299573400 2387900
LATENCY 2101400
TIMELINE 63 767 241755335620500 2101400
LATENCY 2196900
TIMELINE 63 783 241755370296200 2196900
LATENCY 2105800
TIMELINE 63 799 241755425468100 2105800
LATENCY 2284400
TIMELINE 63 815 241755460038200 2284400
LATENCY 2220500
TIMELINE 63 831 241755495395100 2220500
LATENCY 2088500
TIMELINE 63 847 241755530414800 2088500
LATENCY 2402600
TIMELINE 63 863 241755566198400 2402600
LATENCY 2107800
TIMELINE 63 879 241755601832700 2107800
LATENCY 2237400
TIMELINE 63 895 241755637877100 2237400
LATENCY 2100500
TIMELINE 63 911 241755672587200 2100500
LATENCY 2151200
TIMELINE 63 927 241755729525000 2151200
LATENCY 2571100
TIMELINE 63 943 241755765279800 2571100
LATENCY 2205300
TIMELINE 63 959 241755801535500 2205300
LATENCY 2173800
TIMELINE 63 975 241755837488800 2173800
LATENCY 2165600
TIMELINE 63 991 241755872176900 2165600
LATENCY 2113700
TIMELINE 63 1007 241755906503500 2113700
LATENCY 2110900
TIMELINE 63 1023 241755942070300 2110900
LATENCY 2086600
TIMELINE 63 1039 241755976871600 2086600
LATENCY 2271700
TIMELINE 63 1055 241756017886600 2271700
LATENCY 2345400
TIMELINE 63 1071 241756053122400 2345400
LATENCY 2119800
TIMELINE 63 1087 241756088844400 2119800
LATENCY 2226500
TIMELINE 63 1103 241756123885300 2226500
LATENCY 2270400
TIMELINE 63 1119 241756159411700 2270400
LATENCY 2140800
TIMELINE 63 1135 241756194867500 2140800
LATENCY 2114600
TIMELINE 63 1151 241756229896400 2114600
LATENCY 2092500
TIMELINE 63 1167 241756263988000 2092500
LATENCY 2111300
TIMELINE 63 1183 241756297792300 2111300
LATENCY 2173700
TIMELINE 63 1199 241756338172500 2173700
LATENCY 2142300
TIMELINE 63 1215 241756373211400 2142300
LATENCY 2067000
TIMELINE 63 1231 241756407279400 2067000
LATENCY 2988300
TIMELINE 63 1247 241756449697100 2988300
LATENCY 2621600
TIMELINE 63 1263 241756495619700 2621600
LATENCY 2714900
TIMELINE 63 1279 241756538586300 2714900
LATENCY 2915900
TIMELINE 63 1295 241756585108000 2915900
LATENCY 2947000
TIMELINE 63 1311 241756631429200 2947000
LATENCY 2709900
TIMELINE 63 1327 241756681956400 2709900
LATENCY 2740400
TIMELINE 63 1343 241756725629000 2740400
LATENCY 2974200
TIMELINE 63 1359 241756769158700 2974200
LATENCY 2590900
TIMELINE 63 1375 241756814033300 2590900
LATENCY 2654900
TIMELINE 63 1391 241756860650900 2654900
LATENCY 2634200
TIMELINE 63 1407 241756903040000 2634200
LATENCY 2640700
TIMELINE 63 1423 241756945285300 2640700
LATENCY 3014400
TIMELINE 63 1439 241756987632000 3014400
LATENCY 5411000
TIMELINE 63 1455 241757042365000 5411000
LATENCY 2657700
TIMELINE 63 1471 241757087353400 2657700
LATENCY 2755200
TIMELINE 63 1487 241757131017100 2755200
LATENCY 2716000
TIMELINE 63 1503 241757179095800 2716000
LATENCY 2727500
TIMELINE 63 1519 241757221609600 2727500
LATENCY 2966300
TIMELINE 63 1535 241757267261300 2966300
LATENCY 2925700
TIMELINE 63 1551 241757314968000 2925700
LATENCY 2708200
TIMELINE 63 1567 241757361318100 2708200
LATENCY 2808500
TIMELINE 63 1583 241757406363500 2808500
LATENCY 2777300
TIMELINE 63 1599 241757459832200 2777300
LATENCY 2695200
TIMELINE 63 1615 241757503441100 2695200
LATENCY 2966100
TIMELINE 63 1631 241757548320800 2966100
LATENCY 2891500
TIMELINE 63 1647 241757599263100 2891500
LATENCY 2787400
TIMELINE 63 1663 241757646323400 2787400
LATENCY 3064900
TIMELINE 63 1679 241757690680800 3064900
LATENCY 2995900
TIMELINE 63 1695 241757738132800 2995900
LATENCY 2925100
TIMELINE 63 1711 241757784034800 2925100
LATENCY 2778200
TIMELINE 63 1727 241757835479200 2778200
LATENCY 2921300
TIMELINE 63 1743 241757882466600 2921300
LATENCY 2736000
TIMELINE 63 1759 241757928770000 2736000
LATENCY 2933800
TIMELINE 63 1775 241757974820500 2933800
LATENCY 2970700
TIMELINE 63 1791 241758020599700 2970700
LATENCY 3075300
TIMELINE 63 1807 241758066044500 3075300
LATENCY 2924900
TIMELINE 63 1823 241758112710100 2924900
LATENCY 2727700
TIMELINE 63 1839 241758158841900 2727700
LATENCY 2682400
TIMELINE 63 1855 241758210480100 2682400
LATENCY 2663500
TIMELINE 63 1871 241758252833400 2663500
LATENCY 2733900
TIMELINE 63 1887 241758296373900 2733900
LATENCY 2759300
TIMELINE 63 1903 241758344258900 2759300
LATENCY 3060800
TIMELINE 63 1919 241758391200800 3060800
LATENCY 3067200
TIMELINE 63 1935 241758437606400 3067200
LATENCY 2579800
TIMELINE 63 1951 241758481636700 2579800
LATENCY 2773300
TIMELINE 63 1967 241758525350200 2773300
LATENCY 2698400
TIMELINE 63 1983 241758568581000 2698400
LATENCY 3005300
TIMELINE 63 1999 241758619536900 3005300
LATENCY 2845900
TIMELINE 63 2015 241758666898300 2845900
LATENCY 3111100
TIMELINE 63 2031 241758714857000 3111100
LATENCY 1241400
TIMELINE 63 2047 241758759948500 1241400
PASS curl benchmark
[engine] opt unque. engine=1  id=85    PhpRootGen@6fffa8ea(resume_bci=1142)               |Tier 1|Count/Thres       8192/      400|Queue: Size    0 Change  0  Load  1,00 Time     0us                                   |UTC 2026-09-25T22:41:38.957|Src n/a|Reason Polyglot engine was closed.
[engine] opt unque. engine=1  id=86    PhpRootGen@6fffa8ea(resume_bci=1760)               |Tier 1|Count/Thres      14733/      400|Queue: Size    0 Change  0  Load  1,00 Time     0us                                   |UTC 2026-09-25T22:41:38.957|Src n/a|Reason Polyglot engine was closed.
