[To redirect Truffle log output to a file use one of the following options:
* '--log.file=<path>' if the option is passed using a guest language launcher.
* '-Dpolyglot.log.file=<path>' if the option is passed using the host Java launcher.
* Configure logging using the polyglot embedding API.]
[engine] opt start  engine=1  id=21    PhpRootGen@5ed42d6f                                |Tier 1|Priority 108825964|Rate 724,5064|Queue: Size    0 Change +0  Load  1,00 Time     0us                                   |UTC 2026-09-25T22:41:11.964|Src n/a|Bonuses first tier
[engine] opt queued engine=1  id=21    PhpRootGen@5ed42d6f                                |Tier 1|Count/Thres        400/      400|Queue: Size    0 Change +1  Load  1,00 Time     0us                                   |UTC 2026-09-25T22:41:11.964|Src n/a
[engine] opt done   engine=1  id=21    PhpRootGen@5ed42d6f                                |Tier 1|Time    16(   8+8   )ms|AST    2|Inlined   0Y   0N|IR    396/  1439|CodeSize    5827|Addr 0x011593eb0000|CompId 5725   |UTC 2026-09-25T22:41:11.980|Src n/a
[engine] opt queued engine=1  id=21    PhpRootGen@5ed42d6f                                |Tier 2|Count/Thres      10000/    10000|Queue: Size    0 Change +1  Load  1,00 Time     0us                                   |UTC 2026-09-25T22:41:11.983|Src n/a
[engine] opt start  engine=1  id=21    PhpRootGen@5ed42d6f                                |Tier 2|Priority   4851231|Rate 484,1231|Queue: Size    0 Change +0  Load  1,00 Time     0us                                   |UTC 2026-09-25T22:41:11.983|Src n/a|Bonuses
[engine] opt queued engine=1  id=83    PhpRootGen@190588b8(resume_bci=1536)               |Tier 1|Count/Thres        400/      400|Queue: Size    0 Change +1  Load  1,00 Time     0us                                   |UTC 2026-09-25T22:41:11.984|Src n/a
[engine] opt start  engine=1  id=83    PhpRootGen@190588b8(resume_bci=1536)               |Tier 1|Priority 137827833|Rate 917,8522|Queue: Size    0 Change +0  Load  1,00 Time     0us                                   |UTC 2026-09-25T22:41:11.984|Src n/a|Bonuses first tier
[engine] opt queued engine=1  id=77    CallSignatureNode.CallSignatureRootNode@5130a0bf   |Tier 1|Count/Thres        400/      400|Queue: Size    0 Change +1  Load  1,00 Time     0us                                   |UTC 2026-09-25T22:41:11.985|Src n/a
[engine] opt start  engine=1  id=77    CallSignatureNode.CallSignatureRootNode@5130a0bf   |Tier 1|Priority   1558087|Rate 9,387247|Queue: Size    0 Change +0  Load  1,00 Time     0us                                   |UTC 2026-09-25T22:41:11.985|Src n/a|Bonuses first tier
[engine] opt queued engine=1  id=76    FunctionExecuteNode.SignatureExecuteNode@7cfe0bd8  |Tier 1|Count/Thres        400/      400|Queue: Size    0 Change +1  Load  1,00 Time     0us                                   |UTC 2026-09-25T22:41:11.985|Src n/a
[engine] opt start  engine=1  id=76    FunctionExecuteNode.SignatureExecuteNode@7cfe0bd8  |Tier 1|Priority   1553860|Rate 9,359068|Queue: Size    0 Change +0  Load  1,00 Time     0us                                   |UTC 2026-09-25T22:41:11.985|Src n/a|Bonuses first tier
[engine] opt done   engine=1  id=76    FunctionExecuteNode.SignatureExecuteNode@7cfe0bd8  |Tier 1|Time     6(   4+2   )ms|AST    3|Inlined   0Y   0N|IR    124/   269|CodeSize     926|Addr 0x6d5eacf00000|CompId 5729   |UTC 2026-09-25T22:41:11.991|Src n/a
[engine] opt done   engine=1  id=77    CallSignatureNode.CallSignatureRootNode@5130a0bf   |Tier 1|Time     9(   6+2   )ms|AST   11|Inlined   0Y   1N|IR    140/   403|CodeSize    1464|Addr 0x246762ca0000|CompId 5728   |UTC 2026-09-25T22:41:11.993|Src n/a
[engine] opt done   engine=1  id=21    PhpRootGen@5ed42d6f                                |Tier 2|Time    15(   5+10  )ms|AST    2|Inlined   0Y   0N|IR    335/  1245|CodeSize    4926|Addr 0x36b0f26c0000|CompId 5726   |UTC 2026-09-25T22:41:11.998|Src n/a
[0.117s] GC(0) Pause Incremental GC (Collect on allocation) 48.12M->21.00M 44.518ms
[engine] opt unque. engine=1  id=83    PhpRootGen@190588b8(resume_bci=1536)               |Tier 1|Count/Thres      10000/      400|Queue: Size    0 Change  0  Load  1,00 Time     0us                                   |UTC 2026-09-25T22:41:12.047|Src n/a|Reason Non permanent bailout: jdk.graal.compiler.core.common.RetryableBailoutException: Assumption invalidated while compiling code: IsolatedObjectConstant[Object]
[engine] opt queued engine=1  id=74    CallSignatureNode.CallSignatureRootNode@7eb65ed2   |Tier 1|Count/Thres        400/      400|Queue: Size    0 Change +1  Load  1,00 Time     0us                                   |UTC 2026-09-25T22:41:12.076|Src n/a
[engine] opt queued engine=1  id=73    FunctionExecuteNode.SignatureExecuteNode@45297848  |Tier 1|Count/Thres        400/      400|Queue: Size    1 Change +1  Load  1,00 Time     0us                                   |UTC 2026-09-25T22:41:12.076|Src n/a
[engine] opt start  engine=1  id=74    CallSignatureNode.CallSignatureRootNode@7eb65ed2   |Tier 1|Priority    596706|Rate 2,978045|Queue: Size    1 Change +0  Load  1,00 Time     0us                                   |UTC 2026-09-25T22:41:12.076|Src n/a|Bonuses first tier
[engine] opt start  engine=1  id=73    FunctionExecuteNode.SignatureExecuteNode@45297848  |Tier 1|Priority    595839|Rate 2,972261|Queue: Size    0 Change +0  Load  1,00 Time     0us                                   |UTC 2026-09-25T22:41:12.076|Src n/a|Bonuses first tier
[engine] opt queued engine=1  id=71    LibFFIClosure.VoidRetClosureRootNode@3c109369      |Tier 1|Count/Thres        400/      400|Queue: Size    0 Change +1  Load  1,00 Time     0us                                   |UTC 2026-09-25T22:41:12.078|Src n/a
[engine] opt start  engine=1  id=71    LibFFIClosure.VoidRetClosureRootNode@3c109369      |Tier 1|Priority    596228|Rate 2,974854|Queue: Size    0 Change +0  Load  1,00 Time     0us                                   |UTC 2026-09-25T22:41:12.078|Src n/a|Bonuses first tier
[engine] opt done   engine=1  id=73    FunctionExecuteNode.SignatureExecuteNode@45297848  |Tier 1|Time     4(   2+2   )ms|AST    4|Inlined   0Y   0N|IR    132/   310|CodeSize    1081|Addr 0x5ad2b5c70000|CompId 5731   |UTC 2026-09-25T22:41:12.079|Src n/a
[engine] opt queued engine=1  id=86    PhpRootGen@7ae05008(resume_bci=1760)               |Tier 1|Count/Thres        400/      400|Queue: Size    1 Change +1  Load  1,00 Time     0us                                   |UTC 2026-09-25T22:41:12.080|Src n/a
[engine] opt start  engine=1  id=86    PhpRootGen@7ae05008(resume_bci=1760)               |Tier 1|Priority   3691201|Rate 23,60801|Queue: Size    0 Change +0  Load  1,00 Time     0us                                   |UTC 2026-09-25T22:41:12.080|Src n/a|Bonuses first tier
[engine] opt done   engine=1  id=74    CallSignatureNode.CallSignatureRootNode@7eb65ed2   |Tier 1|Time     6(   3+3   )ms|AST   12|Inlined   0Y   1N|IR    146/   483|CodeSize    1949|Addr 0x3bb84ced0000|CompId 5730   |UTC 2026-09-25T22:41:12.082|Src n/a
[engine] opt done   engine=1  id=71    LibFFIClosure.VoidRetClosureRootNode@3c109369      |Tier 1|Time     5(   2+2   )ms|AST   23|Inlined   0Y   0N|IR    125/   395|CodeSize    1658|Addr 0x47648d5a0000|CompId 5732   |UTC 2026-09-25T22:41:12.082|Src n/a
[engine] opt done   engine=1  id=86    PhpRootGen@7ae05008(resume_bci=1760)               |Tier 1|Time    35(  11+24  )ms|AST    1|Inlined   0Y   0N|IR   1755/  4845|CodeSize   20709|Addr 0x385ef1eb0000|CompId 5733   |UTC 2026-09-25T22:41:12.115|Src n/a
[engine] opt queued engine=1  id=85    PhpRootGen@7ae05008(resume_bci=1142)               |Tier 1|Count/Thres        400/      400|Queue: Size    1 Change +1  Load  1,00 Time     0us                                   |UTC 2026-09-25T22:41:12.288|Src n/a
[engine] opt start  engine=1  id=85    PhpRootGen@7ae05008(resume_bci=1142)               |Tier 1|Priority    416752|Rate 1,778347|Queue: Size    0 Change +0  Load  1,00 Time     0us                                   |UTC 2026-09-25T22:41:12.288|Src n/a|Bonuses first tier
[engine] opt done   engine=1  id=85    PhpRootGen@7ae05008(resume_bci=1142)               |Tier 1|Time    55(  16+39  )ms|AST    1|Inlined   0Y   0N|IR   2763/  7680|CodeSize   32707|Addr 0x400d62950000|CompId 5734   |UTC 2026-09-25T22:41:12.342|Src n/a
[0.438s] GC(1) Pause Incremental GC (Collect on allocation) 69.00M->22.50M 18.251ms
[engine] opt queued engine=1  id=74    CallSignatureNode.CallSignatureRootNode@7eb65ed2   |Tier 2|Count/Thres      10000/    10000|Queue: Size    1 Change +1  Load  1,00 Time     0us                                   |UTC 2026-09-25T22:41:12.432|Src n/a
[engine] opt queued engine=1  id=73    FunctionExecuteNode.SignatureExecuteNode@45297848  |Tier 2|Count/Thres      10000/    10000|Queue: Size    2 Change +1  Load  1,00 Time     0us                                   |UTC 2026-09-25T22:41:12.432|Src n/a
[engine] opt start  engine=1  id=74    CallSignatureNode.CallSignatureRootNode@7eb65ed2   |Tier 2|Priority    213814|Rate 20,38141|Queue: Size    1 Change +0  Load  1,00 Time     0us                                   |UTC 2026-09-25T22:41:12.432|Src n/a|Bonuses
[engine] opt start  engine=1  id=73    FunctionExecuteNode.SignatureExecuteNode@45297848  |Tier 2|Priority    213777|Rate 20,37777|Queue: Size    0 Change +0  Load  1,00 Time     0us                                   |UTC 2026-09-25T22:41:12.432|Src n/a|Bonuses
[engine] opt queued engine=1  id=71    LibFFIClosure.VoidRetClosureRootNode@3c109369      |Tier 2|Count/Thres      10000/    10000|Queue: Size    1 Change +1  Load  1,00 Time     0us                                   |UTC 2026-09-25T22:41:12.433|Src n/a
[engine] opt start  engine=1  id=71    LibFFIClosure.VoidRetClosureRootNode@3c109369      |Tier 2|Priority    214068|Rate 20,40689|Queue: Size    0 Change +0  Load  1,00 Time     0us                                   |UTC 2026-09-25T22:41:12.433|Src n/a|Bonuses
[engine] opt done   engine=1  id=73    FunctionExecuteNode.SignatureExecuteNode@45297848  |Tier 2|Time     4(   1+3   )ms|AST    4|Inlined   0Y   0N|IR     74/   188|CodeSize     646|Addr 0x713965c70000|CompId 5736   |UTC 2026-09-25T22:41:12.436|Src n/a
[engine] opt done   engine=1  id=74    CallSignatureNode.CallSignatureRootNode@7eb65ed2   |Tier 2|Time     5(   3+2   )ms|AST   12|Inlined   1Y   0N|IR    108/   263|CodeSize     825|Addr 0x31c55d130000|CompId 5735   |UTC 2026-09-25T22:41:12.437|Src n/a
[engine] opt done   engine=1  id=71    LibFFIClosure.VoidRetClosureRootNode@3c109369      |Tier 2|Time     4(   2+3   )ms|AST   23|Inlined   0Y   0N|IR     64/   333|CodeSize    1532|Addr 0x30d0ebb70000|CompId 5737   |UTC 2026-09-25T22:41:12.438|Src n/a
[engine] opt queued engine=1  id=86    PhpRootGen@7ae05008(resume_bci=1760)               |Tier 2|Count/Thres      10000/    10000|Queue: Size    1 Change +1  Load  1,00 Time     0us                                   |UTC 2026-09-25T22:41:12.457|Src n/a
[engine] opt start  engine=1  id=86    PhpRootGen@7ae05008(resume_bci=1760)               |Tier 2|Priority    263483|Rate 25,34839|Queue: Size    0 Change +0  Load  1,00 Time     0us                                   |UTC 2026-09-25T22:41:12.457|Src n/a|Bonuses
[engine] opt done   engine=1  id=86    PhpRootGen@7ae05008(resume_bci=1760)               |Tier 2|Time    51(   9+41  )ms|AST    1|Inlined   0Y   0N|IR   1672/  3783|CodeSize   15619|Addr 0x5c7400c20000|CompId 5738   |UTC 2026-09-25T22:41:12.508|Src n/a
[0.749s] GC(2) Pause Incremental GC (Collect on allocation) 70.50M->23.50M 17.444ms
[1.069s] GC(3) Pause Incremental GC (Collect on allocation) 71.50M->24.00M 18.814ms
[1.378s] GC(4) Pause Incremental GC (Collect on allocation) 72.00M->24.50M 18.018ms
[1.682s] GC(5) Pause Incremental GC (Collect on allocation) 72.50M->25.00M 18.035ms
[1.993s] GC(6) Pause Incremental GC (Collect on allocation) 73.00M->25.50M 19.065ms
[2.304s] GC(7) Pause Incremental GC (Collect on allocation) 73.50M->25.50M 18.790ms
[2.599s] GC(8) Pause Incremental GC (Collect on allocation) 73.50M->25.50M 5.782ms
[2.901s] GC(9) Pause Incremental GC (Collect on allocation) 73.50M->26.00M 5.363ms
[3.267s] GC(10) Pause Incremental GC (Collect on allocation) 74.00M->26.50M 5.451ms
[3.661s] GC(11) Pause Incremental GC (Collect on allocation) 74.50M->27.00M 5.477ms
[engine] opt inval. engine=1  id=86    PhpRootGen@7ae05008(resume_bci=1760)                                                                                                                                              |UTC 2026-09-25T22:41:15.722|Src n/a|Reason null
[engine] opt deopt  engine=1  id=86    PhpRootGen@7ae05008(resume_bci=1760)               |Invalidated  true|                                                                                                            |UTC 2026-09-25T22:41:15.722|Src n/a|Reason unknown
[engine] opt queued engine=1  id=86    PhpRootGen@7ae05008(resume_bci=1760)               |Tier 1|Count/Thres      11315/      400|Queue: Size    1 Change +1  Load  1,00 Time     0us                                   |UTC 2026-09-25T22:41:15.722|Src n/a
[engine] opt start  engine=1  id=86    PhpRootGen@7ae05008(resume_bci=1760)               |Tier 1|Priority  17363026|Rate 3,092037|Queue: Size    0 Change +0  Load  1,00 Time     0us                                   |UTC 2026-09-25T22:41:15.722|Src n/a|Bonuses first tier
[engine] opt done   engine=1  id=86    PhpRootGen@7ae05008(resume_bci=1760)               |Tier 1|Time    83(  19+63  )ms|AST    1|Inlined   0Y   0N|IR   1816/  5189|CodeSize   22345|Addr 0x74a879c40000|CompId 5739   |UTC 2026-09-25T22:41:15.805|Src n/a
[engine] opt queued engine=1  id=86    PhpRootGen@7ae05008(resume_bci=1760)               |Tier 2|Count/Thres      12884/    10000|Queue: Size    1 Change +1  Load  1,00 Time     0us                                   |UTC 2026-09-25T22:41:15.810|Src n/a
[engine] opt start  engine=1  id=86    PhpRootGen@7ae05008(resume_bci=1760)               |Tier 2|Priority     57177|Rate 3,437842|Queue: Size    0 Change +0  Load  1,00 Time     0us                                   |UTC 2026-09-25T22:41:15.810|Src n/a|Bonuses
[engine] opt done   engine=1  id=86    PhpRootGen@7ae05008(resume_bci=1760)               |Tier 2|Time    76(  14+63  )ms|AST    1|Inlined   0Y   0N|IR   1688/  4080|CodeSize   17341|Addr 0x7df174ee0000|CompId 5740   |UTC 2026-09-25T22:41:15.887|Src n/a
[4.074s] GC(12) Pause Incremental GC (Collect on allocation) 75.00M->27.00M 5.642ms
[4.458s] GC(13) Pause Incremental GC (Collect on allocation) 75.00M->27.50M 5.615ms
[4.887s] GC(14) Pause Incremental GC (Collect on allocation) 75.50M->28.00M 8.547ms
[5.277s] GC(15) Pause Incremental GC (Collect on allocation) 76.00M->28.50M 5.420ms
[engine] opt inval. engine=1  id=86    PhpRootGen@7ae05008(resume_bci=1760)                                                                                                                                              |UTC 2026-09-25T22:41:17.357|Src n/a|Reason null
[engine] opt deopt  engine=1  id=86    PhpRootGen@7ae05008(resume_bci=1760)               |Invalidated  true|                                                                                                            |UTC 2026-09-25T22:41:17.357|Src n/a|Reason unknown
[engine] opt queued engine=1  id=86    PhpRootGen@7ae05008(resume_bci=1760)               |Tier 1|Count/Thres      14373/      400|Queue: Size    1 Change +1  Load  1,00 Time     0us                                   |UTC 2026-09-25T22:41:17.357|Src n/a
[engine] opt start  engine=1  id=86    PhpRootGen@7ae05008(resume_bci=1760)               |Tier 1|Priority  20021757|Rate 2,714698|Queue: Size    0 Change +0  Load  1,00 Time     0us                                   |UTC 2026-09-25T22:41:17.357|Src n/a|Bonuses first tier
[engine] opt inval. engine=1  id=85    PhpRootGen@7ae05008(resume_bci=1142)                                                                                                                                              |UTC 2026-09-25T22:41:17.365|Src n/a|Reason null
[engine] opt deopt  engine=1  id=85    PhpRootGen@7ae05008(resume_bci=1142)               |Invalidated  true|                                                                                                            |UTC 2026-09-25T22:41:17.365|Src n/a|Reason unknown
[engine] opt queued engine=1  id=85    PhpRootGen@7ae05008(resume_bci=1142)               |Tier 1|Count/Thres       8187/      400|Queue: Size    1 Change +1  Load  1,00 Time     0us                                   |UTC 2026-09-25T22:41:17.366|Src n/a
[engine] opt start  engine=1  id=85    PhpRootGen@7ae05008(resume_bci=1142)               |Tier 1|Priority   7809226|Rate 1,543618|Queue: Size    0 Change +0  Load  1,00 Time     0us                                   |UTC 2026-09-25T22:41:17.366|Src n/a|Bonuses first tier
[engine] opt queued engine=1  id=89    PhpRootGen@5ed42d6f(resume_bci=168)                |Tier 1|Count/Thres        400/      400|Queue: Size    1 Change +1  Load  1,00 Time     0us                                   |UTC 2026-09-25T22:41:17.374|Src n/a
[engine] opt start  engine=1  id=89    PhpRootGen@5ed42d6f(resume_bci=168)                |Tier 1|Priority  65120221|Rate 433,1348|Queue: Size    0 Change +0  Load  1,00 Time     0us                                   |UTC 2026-09-25T22:41:17.374|Src n/a|Bonuses first tier
[engine] opt done   engine=1  id=89    PhpRootGen@5ed42d6f(resume_bci=168)                |Tier 1|Time    11(   6+5   )ms|AST    1|Inlined   0Y   0N|IR    351/   790|CodeSize    2933|Addr 0x47afcc090000|CompId 5743   |UTC 2026-09-25T22:41:17.385|Src n/a
VERSION libcurl/8.22.0 BoringSSL zlib/1.3.2 brotli/1.2.0 zstd/1.5.7 WinIDN nghttp2/1.63.0
CLOCK 241731833500900 241731841223100
LATENCY 16378200
TIMELINE 0 0 241731886362800 16378200
LATENCY 2231400
TIMELINE 0 16 241731940514800 2231400
LATENCY 2364200
TIMELINE 0 32 241731977359400 2364200
LATENCY 2149000
TIMELINE 0 48 241732012871300 2149000
LATENCY 2211000
TIMELINE 0 64 241732047965800 2211000
LATENCY 2147000
TIMELINE 0 80 241732082954400 2147000
LATENCY 2258900
TIMELINE 0 96 241732117500900 2258900
LATENCY 2172700
TIMELINE 0 112 241732152602300 2172700
LATENCY 2513100
TIMELINE 0 128 241732208185100 2513100
LATENCY 2086000
TIMELINE 0 144 241732244118500 2086000
LATENCY 2138100
TIMELINE 0 160 241732281215200 2138100
LATENCY 2412300
TIMELINE 0 176 241732317216900 2412300
LATENCY 2170500
TIMELINE 0 192 241732354467100 2170500
LATENCY 2124800
TIMELINE 0 208 241732389431800 2124800
LATENCY 2154700
TIMELINE 0 224 241732423830400 2154700
LATENCY 2201400
TIMELINE 0 240 241732458740300 2201400
LATENCY 2281400
TIMELINE 0 256 241732493966500 2281400
LATENCY 2149900
TIMELINE 0 272 241732547753000 2149900
LATENCY 2118300
TIMELINE 0 288 241732582279700 2118300
LATENCY 3331600
TIMELINE 0 304 241732622206300 3331600
LATENCY 2100500
TIMELINE 0 320 241732658222900 2100500
LATENCY 2160700
TIMELINE 0 336 241732693457200 2160700
LATENCY 2135500
TIMELINE 0 352 241732728974200 2135500
LATENCY 2188100
TIMELINE 0 368 241732764999200 2188100
LATENCY 2181300
TIMELINE 0 384 241732800501600 2181300
LATENCY 2255400
TIMELINE 0 400 241732856973600 2255400
LATENCY 2150700
TIMELINE 0 416 241732892780200 2150700
LATENCY 2094500
TIMELINE 0 432 241732926695100 2094500
LATENCY 2314800
TIMELINE 0 448 241732961199500 2314800
LATENCY 2185000
TIMELINE 0 464 241732996262600 2185000
LATENCY 2159300
TIMELINE 0 480 241733031033400 2159300
LATENCY 2183300
TIMELINE 0 496 241733067325800 2183300
LATENCY 2081300
TIMELINE 0 512 241733101028800 2081300
LATENCY 2166200
TIMELINE 0 528 241733153343400 2166200
LATENCY 2230800
TIMELINE 0 544 241733188091100 2230800
LATENCY 2079300
TIMELINE 0 560 241733222316700 2079300
LATENCY 2506400
TIMELINE 0 576 241733255887200 2506400
LATENCY 2100000
TIMELINE 0 592 241733290552400 2100000
LATENCY 2095500
TIMELINE 0 608 241733324725700 2095500
LATENCY 2099500
TIMELINE 0 624 241733358922800 2099500
LATENCY 2071800
TIMELINE 0 640 241733392730500 2071800
LATENCY 2079400
TIMELINE 0 656 241733426380300 2079400
LATENCY 2152900
TIMELINE 0 672 241733479661500 2152900
LATENCY 2150100
TIMELINE 0 688 241733514312100 2150100
LATENCY 2247800
TIMELINE 0 704 241733549033100 2247800
LATENCY 2089800
TIMELINE 0 720 241733583333200 2089800
LATENCY 2130200
TIMELINE 0 736 241733617555000 2130200
LATENCY 2115000
TIMELINE 0 752 241733651247300 2115000
LATENCY 2131100
TIMELINE 0 768 241733684973800 2131100
LATENCY 2246600
TIMELINE 0 784 241733724330400 2246600
LATENCY 2204600
TIMELINE 0 800 241733779548800 2204600
LATENCY 2112400
TIMELINE 0 816 241733814577400 2112400
LATENCY 2113500
TIMELINE 0 832 241733848701300 2113500
LATENCY 2123800
TIMELINE 0 848 241733882748600 2123800
LATENCY 2193300
TIMELINE 0 864 241733919348500 2193300
LATENCY 2255200
TIMELINE 0 880 241733954317500 2255200
LATENCY 2325900
TIMELINE 0 896 241733990168600 2325900
LATENCY 2089800
TIMELINE 0 912 241734025036000 2089800
LATENCY 2115500
TIMELINE 0 928 241734078366600 2115500
LATENCY 2305900
TIMELINE 0 944 241734113775800 2305900
LATENCY 2117000
TIMELINE 0 960 241734147858500 2117000
LATENCY 2115600
TIMELINE 0 976 241734181879300 2115600
LATENCY 2181700
TIMELINE 0 992 241734216853400 2181700
LATENCY 2097500
TIMELINE 0 1008 241734251316200 2097500
LATENCY 2126200
TIMELINE 0 1024 241734285184200 2126200
LATENCY 2245400
TIMELINE 0 1040 241734319879500 2245400
LATENCY 2162400
TIMELINE 0 1056 241734355107600 2162400
LATENCY 2252100
TIMELINE 0 1072 241734396971800 2252100
LATENCY 2420300
TIMELINE 0 1088 241734432492600 2420300
LATENCY 2182700
TIMELINE 0 1104 241734469243100 2182700
LATENCY 2140300
TIMELINE 0 1120 241734504199500 2140300
LATENCY 2143400
TIMELINE 0 1136 241734538822300 2143400
LATENCY 2269900
TIMELINE 0 1152 241734574696300 2269900
LATENCY 2333800
TIMELINE 0 1168 241734610030700 2333800
LATENCY 2168900
TIMELINE 0 1184 241734646163700 2168900
LATENCY 2106700
TIMELINE 0 1200 241734686103500 2106700
LATENCY 2218200
TIMELINE 0 1216 241734720963400 2218200
LATENCY 2898200
TIMELINE 0 1232 241734758368500 2898200
LATENCY 2941600
TIMELINE 0 1248 241734805045200 2941600
LATENCY 2719900
TIMELINE 0 1264 241734854985600 2719900
LATENCY 2827100
TIMELINE 0 1280 241734903140900 2827100
LATENCY 2755900
TIMELINE 0 1296 241734947683400 2755900
LATENCY 2680500
TIMELINE 0 1312 241734992044400 2680500
LATENCY 2707200
TIMELINE 0 1328 241735041412300 2707200
LATENCY 2752900
TIMELINE 0 1344 241735085495400 2752900
LATENCY 2852200
TIMELINE 0 1360 241735131604100 2852200
LATENCY 2693400
TIMELINE 0 1376 241735178280900 2693400
LATENCY 2719000
TIMELINE 0 1392 241735222114400 2719000
LATENCY 3321400
TIMELINE 0 1408 241735269350000 3321400
LATENCY 2877100
TIMELINE 0 1424 241735322436900 2877100
LATENCY 2925300
TIMELINE 0 1440 241735367551500 2925300
LATENCY 3053300
TIMELINE 0 1456 241735413935100 3053300
LATENCY 2964900
TIMELINE 0 1472 241735467241400 2964900
LATENCY 2929900
TIMELINE 0 1488 241735514123000 2929900
LATENCY 3491600
TIMELINE 0 1504 241735564639500 3491600
LATENCY 3362200
TIMELINE 0 1520 241735619215000 3362200
LATENCY 3157000
TIMELINE 0 1536 241735670178300 3157000
LATENCY 3214100
TIMELINE 0 1552 241735720046000 3214100
LATENCY 2715500
TIMELINE 0 1568 241735768719200 2715500
LATENCY 3013500
TIMELINE 0 1584 241735815295100 3013500
LATENCY 2604200
TIMELINE 0 1600 241735868263800 2604200
LATENCY 2626800
TIMELINE 0 1616 241735910624300 2626800
LATENCY 2954000
TIMELINE 0 1632 241735958302200 2954000
LATENCY 2771400
TIMELINE 0 1648 241736004158100 2771400
LATENCY 2831200
TIMELINE 0 1664 241736050603500 2831200
LATENCY 2929600
TIMELINE 0 1680 241736096229000 2929600
LATENCY 2584800
TIMELINE 0 1696 241736140990500 2584800
LATENCY 2859600
TIMELINE 0 1712 241736185243600 2859600
LATENCY 3174300
TIMELINE 0 1728 241736236970300 3174300
LATENCY 2650000
TIMELINE 0 1744 241736284948400 2650000
LATENCY 3366900
TIMELINE 0 1760 241736334499900 3366900
LATENCY 2783000
TIMELINE 0 1776 241736381103400 2783000
LATENCY 3296100
TIMELINE 0 1792 241736428441100 3296100
LATENCY 2941400
TIMELINE 0 1808 241736477907300 2941400
LATENCY 3336800
TIMELINE 0 1824 241736529853800 3336800
LATENCY 3455800
TIMELINE 0 1840 241736584119800 3455800
LATENCY 3398600
TIMELINE 0 1856 241736638717300 3398600
LATENCY 2706900
TIMELINE 0 1872 241736697938400 2706900
LATENCY 2583900
TIMELINE 0 1888 241736741621400 2583900
LATENCY 3009600
TIMELINE 0 1904 241736787374300 3009600
LATENCY 3019200
TIMELINE 0 1920 241736835833900 3019200
LATENCY 2725200
TIMELINE 0 1936 241736882199000 2725200
LATENCY 3030600
TIMELINE 0 1952 241736927708800 3030600
LATENCY 2712300
TIMELINE 0 1968 241736971481300 2712300
LATENCY 2951400
TIMELINE 0 1984 241737016877200 2951400
LATENCY 2780600
TIMELINE 0 2000 241737068388700 2780600
LATENCY 2864400
TIMELINE 0 2016 241737114171500 2864400
LATENCY 2981200
TIMELINE 0 2032 241737161072900 2981200
LATENCY 2633500
TIMELINE 1 1 241731902800100 2633500
LATENCY 2272200
TIMELINE 1 17 241731942784300 2272200
LATENCY 2258200
TIMELINE 1 33 241731979763200 2258200
LATENCY 2172300
TIMELINE 1 49 241732015058500 2172300
LATENCY 2143300
TIMELINE 1 65 241732050243600 2143300
LATENCY 2153900
TIMELINE 1 81 241732085221900 2153900
LATENCY 2185300
TIMELINE 1 97 241732119973100 2185300
LATENCY 2161600
TIMELINE 1 113 241732154954100 2161600
LATENCY 2398900
TIMELINE 1 129 241732210809500 2398900
LATENCY 2250100
TIMELINE 1 145 241732246321100 2250100
LATENCY 2162800
TIMELINE 1 161 241732283149800 2162800
LATENCY 2229200
TIMELINE 1 177 241732319453000 2229200
LATENCY 2185600
TIMELINE 1 193 241732356254400 2185600
LATENCY 2093800
TIMELINE 1 209 241732391475900 2093800
LATENCY 2187500
TIMELINE 1 225 241732425898300 2187500
LATENCY 2190400
TIMELINE 1 241 241732460854100 2190400
LATENCY 2170300
TIMELINE 1 257 241732496218300 2170300
LATENCY 2156500
TIMELINE 1 273 241732549794100 2156500
LATENCY 2081900
TIMELINE 1 289 241732584229100 2081900
LATENCY 2478800
TIMELINE 1 305 241732624986100 2478800
LATENCY 2068700
TIMELINE 1 321 241732659914600 2068700
LATENCY 2186200
TIMELINE 1 337 241732695184300 2186200
LATENCY 2186900
TIMELINE 1 353 241732730625200 2186900
LATENCY 2194900
TIMELINE 1 369 241732766717200 2194900
LATENCY 2132100
TIMELINE 1 385 241732802199800 2132100
LATENCY 2322400
TIMELINE 1 401 241732858515200 2322400
LATENCY 2143800
TIMELINE 1 417 241732894340700 2143800
LATENCY 2070400
TIMELINE 1 433 241732928216000 2070400
LATENCY 2120500
TIMELINE 1 449 241732962862800 2120500
LATENCY 2213800
TIMELINE 1 465 241732997848400 2213800
LATENCY 2134000
TIMELINE 1 481 241733032484100 2134000
LATENCY 2200200
TIMELINE 1 497 241733067754600 2200200
LATENCY 2078900
TIMELINE 1 513 241733101451300 2078900
LATENCY 2154900
TIMELINE 1 529 241733153796300 2154900
LATENCY 2235800
TIMELINE 1 545 241733188746200 2235800
LATENCY 2109700
TIMELINE 1 561 241733222827100 2109700
LATENCY 2576100
TIMELINE 1 577 241733256485100 2576100
LATENCY 2128000
TIMELINE 1 593 241733291131200 2128000
LATENCY 2094100
TIMELINE 1 609 241733325385000 2094100
LATENCY 2133000
TIMELINE 1 625 241733359614000 2133000
LATENCY 2112100
TIMELINE 1 641 241733393391200 2112100
LATENCY 2093900
TIMELINE 1 657 241733427047700 2093900
LATENCY 2135700
TIMELINE 1 673 241733479973900 2135700
LATENCY 2197900
TIMELINE 1 689 241733514659700 2197900
LATENCY 2289900
TIMELINE 1 705 241733549309500 2289900
LATENCY 2115500
TIMELINE 1 721 241733583639000 2115500
LATENCY 2137300
TIMELINE 1 737 241733617817700 2137300
LATENCY 2118400
TIMELINE 1 753 241733651494900 2118400
LATENCY 2160100
TIMELINE 1 769 241733685219400 2160100
LATENCY 2256400
TIMELINE 1 785 241733724576900 2256400
LATENCY 2157100
TIMELINE 1 801 241733779887000 2157100
LATENCY 2126600
TIMELINE 1 817 241733814860000 2126600
LATENCY 2131000
TIMELINE 1 833 241733848978300 2131000
LATENCY 2125800
TIMELINE 1 849 241733883033700 2125800
LATENCY 2193000
TIMELINE 1 865 241733919410000 2193000
LATENCY 2236200
TIMELINE 1 881 241733954432200 2236200
LATENCY 2324000
TIMELINE 1 897 241733990265700 2324000
LATENCY 2100000
TIMELINE 1 913 241734025092500 2100000
LATENCY 2150100
TIMELINE 1 929 241734078392600 2150100
LATENCY 2273800
TIMELINE 1 945 241734114060800 2273800
LATENCY 2118600
TIMELINE 1 961 241734148087000 2118600
LATENCY 2110700
TIMELINE 1 977 241734182172200 2110700
LATENCY 2179600
TIMELINE 1 993 241734217185000 2179600
LATENCY 2103500
TIMELINE 1 1009 241734251604400 2103500
LATENCY 2132100
TIMELINE 1 1025 241734285468800 2132100
LATENCY 2245800
TIMELINE 1 1041 241734320099200 2245800
LATENCY 2152700
TIMELINE 1 1057 241734354996700 2152700
LATENCY 2256700
TIMELINE 1 1073 241734396842800 2256700
LATENCY 2402900
TIMELINE 1 1089 241734432347700 2402900
LATENCY 2180500
TIMELINE 1 1105 241734469095800 2180500
LATENCY 2137600
TIMELINE 1 1121 241734504141900 2137600
LATENCY 2141200
TIMELINE 1 1137 241734538791300 2141200
LATENCY 2281100
TIMELINE 1 1153 241734574814500 2281100
LATENCY 2304800
TIMELINE 1 1169 241734610190900 2304800
LATENCY 2171500
TIMELINE 1 1185 241734646252000 2171500
LATENCY 2107700
TIMELINE 1 1201 241734686189700 2107700
LATENCY 2173500
TIMELINE 1 1217 241734721121200 2173500
LATENCY 3019200
TIMELINE 1 1233 241734758611600 3019200
LATENCY 2949900
TIMELINE 1 1249 241734805291300 2949900
LATENCY 2737900
TIMELINE 1 1265 241734855211000 2737900
LATENCY 2866100
TIMELINE 1 1281 241734903352400 2866100
LATENCY 2687000
TIMELINE 1 1297 241734947963200 2687000
LATENCY 2666100
TIMELINE 1 1313 241734992278200 2666100
LATENCY 2690000
TIMELINE 1 1329 241735041643800 2690000
LATENCY 2725700
TIMELINE 1 1345 241735085735400 2725700
LATENCY 3003500
TIMELINE 1 1361 241735131835100 3003500
LATENCY 2700000
TIMELINE 1 1377 241735178586100 2700000
LATENCY 2707000
TIMELINE 1 1393 241735222426800 2707000
LATENCY 2969100
TIMELINE 1 1409 241735269651200 2969100
LATENCY 2875000
TIMELINE 1 1425 241735322396300 2875000
LATENCY 2907900
TIMELINE 1 1441 241735367519500 2907900
LATENCY 3053100
TIMELINE 1 1457 241735413894200 3053100
LATENCY 2965100
TIMELINE 1 1473 241735466988300 2965100
LATENCY 2911700
TIMELINE 1 1489 241735513879900 2911700
LATENCY 3479700
TIMELINE 1 1505 241735564352300 3479700
LATENCY 3343900
TIMELINE 1 1521 241735618949300 3343900
LATENCY 3151900
TIMELINE 1 1537 241735669938600 3151900
LATENCY 3188200
TIMELINE 1 1553 241735719814600 3188200
LATENCY 2718500
TIMELINE 1 1569 241735768540200 2718500
LATENCY 3022000
TIMELINE 1 1585 241735815081700 3022000
LATENCY 2597200
TIMELINE 1 1601 241735867812400 2597200
LATENCY 2625400
TIMELINE 1 1617 241735910173600 2625400
LATENCY 2954600
TIMELINE 1 1633 241735957836400 2954600
LATENCY 2762400
TIMELINE 1 1649 241736003728500 2762400
LATENCY 2596200
TIMELINE 1 1665 241736042628800 2596200
LATENCY 2981400
TIMELINE 1 1681 241736087675900 2981400
LATENCY 2626400
TIMELINE 1 1697 241736133653700 2626400
LATENCY 3678100
TIMELINE 1 1713 241736176244100 3678100
LATENCY 3112900
TIMELINE 1 1729 241736228288600 3112900
LATENCY 2933600
TIMELINE 1 1745 241736276993800 2933600
LATENCY 3245200
TIMELINE 1 1761 241736325347600 3245200
LATENCY 2649800
TIMELINE 1 1777 241736373181500 2649800
LATENCY 3363300
TIMELINE 1 1793 241736418958200 3363300
LATENCY 3101600
TIMELINE 1 1809 241736469319900 3101600
LATENCY 3420300
TIMELINE 1 1825 241736520301500 3420300
LATENCY 3374300
TIMELINE 1 1841 241736574448000 3374300
LATENCY 3355100
TIMELINE 1 1857 241736629110200 3355100
LATENCY 2731900
TIMELINE 1 1873 241736690511300 2731900
LATENCY 2593400
TIMELINE 1 1889 241736734196600 2593400
LATENCY 3000700
TIMELINE 1 1905 241736778906500 3000700
LATENCY 3033000
TIMELINE 1 1921 241736827131100 3033000
LATENCY 2720800
TIMELINE 1 1937 241736874253700 2720800
LATENCY 2868500
TIMELINE 1 1953 241736919497500 2868500
LATENCY 2797200
TIMELINE 1 1969 241736963599600 2797200
LATENCY 3043300
TIMELINE 1 1985 241737008314200 3043300
LATENCY 2768000
TIMELINE 1 2001 241737060527600 2768000
LATENCY 2742400
TIMELINE 1 2017 241737106429400 2742400
LATENCY 2860800
TIMELINE 1 2033 241737152915900 2860800
LATENCY 2377900
TIMELINE 2 2 241731905510700 2377900
LATENCY 2339400
TIMELINE 2 18 241731945093500 2339400
LATENCY 2279300
TIMELINE 2 34 241731982057000 2279300
LATENCY 2106700
TIMELINE 2 50 241732017267700 2106700
LATENCY 2183100
TIMELINE 2 66 241732052354900 2183100
LATENCY 2181700
TIMELINE 2 82 241732087224200 2181700
LATENCY 2179200
TIMELINE 2 98 241732121922600 2179200
LATENCY 2377500
TIMELINE 2 114 241732156905600 2377500
LATENCY 2467200
TIMELINE 2 130 241732212749600 2467200
LATENCY 2176000
TIMELINE 2 146 241732248134000 2176000
LATENCY 2147200
TIMELINE 2 162 241732284975300 2147200
LATENCY 2166500
TIMELINE 2 178 241732321272800 2166500
LATENCY 2165400
TIMELINE 2 194 241732358092300 2165400
LATENCY 2141500
TIMELINE 2 210 241732393035100 2141500
LATENCY 2173300
TIMELINE 2 226 241732427530800 2173300
LATENCY 2198400
TIMELINE 2 242 241732462538400 2198400
LATENCY 2183200
TIMELINE 2 258 241732497838300 2183200
LATENCY 2120200
TIMELINE 2 274 241732551334100 2120200
LATENCY 2077400
TIMELINE 2 290 241732585712000 2077400
LATENCY 2303700
TIMELINE 2 306 241732626856800 2303700
LATENCY 2108100
TIMELINE 2 322 241732661409200 2108100
LATENCY 2270400
TIMELINE 2 338 241732696772000 2270400
LATENCY 2258200
TIMELINE 2 354 241732732172800 2258200
LATENCY 2217700
TIMELINE 2 370 241732768346100 2217700
LATENCY 2182300
TIMELINE 2 386 241732803779200 2182300
LATENCY 2307600
TIMELINE 2 402 241732860370300 2307600
LATENCY 2145500
TIMELINE 2 418 241732896151800 2145500
LATENCY 2104300
TIMELINE 2 434 241732929954200 2104300
LATENCY 2073600
TIMELINE 2 450 241732964658700 2073600
LATENCY 2249700
TIMELINE 2 466 241732999623000 2249700
LATENCY 2092500
TIMELINE 2 482 241733034227400 2092500
LATENCY 2104300
TIMELINE 2 498 241733070131800 2104300
LATENCY 2101000
TIMELINE 2 514 241733103702700 2101000
LATENCY 2123700
TIMELINE 2 530 241733156156700 2123700
LATENCY 2208200
TIMELINE 2 546 241733190953100 2208200
LATENCY 2124900
TIMELINE 2 562 241733225003400 2124900
LATENCY 2248100
TIMELINE 2 578 241733258998700 2248100
LATENCY 2086600
TIMELINE 2 594 241733293197300 2086600
LATENCY 2142100
TIMELINE 2 610 241733327426500 2142100
LATENCY 2132000
TIMELINE 2 626 241733361658900 2132000
LATENCY 2139300
TIMELINE 2 642 241733395419500 2139300
LATENCY 2075500
TIMELINE 2 658 241733429060800 2075500
LATENCY 2176200
TIMELINE 2 674 241733482083700 2176200
LATENCY 2137200
TIMELINE 2 690 241733516902600 2137200
LATENCY 2193600
TIMELINE 2 706 241733551662100 2193600
LATENCY 2239200
TIMELINE 2 722 241733585789200 2239200
LATENCY 2103900
TIMELINE 2 738 241733620020100 2103900
LATENCY 2098700
TIMELINE 2 754 241733653673100 2098700
LATENCY 2075500
TIMELINE 2 770 241733687441000 2075500
LATENCY 2425400
TIMELINE 2 786 241733727154700 2425400
LATENCY 2141100
TIMELINE 2 802 241733782311200 2141100
LATENCY 2148000
TIMELINE 2 818 241733817249700 2148000
LATENCY 2128900
TIMELINE 2 834 241733851405200 2128900
LATENCY 2121100
TIMELINE 2 850 241733885454100 2121100
LATENCY 2210400
TIMELINE 2 866 241733921387200 2210400
LATENCY 2129500
TIMELINE 2 882 241733956489100 2129500
LATENCY 2321200
TIMELINE 2 898 241733992461600 2321200
LATENCY 2100700
TIMELINE 2 914 241734027164200 2100700
LATENCY 2124500
TIMELINE 2 930 241734080455600 2124500
LATENCY 2184300
TIMELINE 2 946 241734116187900 2184300
LATENCY 2063800
TIMELINE 2 962 241734150061900 2063800
LATENCY 2263800
TIMELINE 2 978 241734184136200 2263800
LATENCY 2195300
TIMELINE 2 994 241734219184800 2195300
LATENCY 2111100
TIMELINE 2 1010 241734253531500 2111100
LATENCY 2102300
TIMELINE 2 1026 241734287427200 2102300
LATENCY 2238100
TIMELINE 2 1042 241734322282300 2238100
LATENCY 2495100
TIMELINE 2 1058 241734357581300 2495100
LATENCY 2231100
TIMELINE 2 1074 241734399531000 2231100
LATENCY 2264600
TIMELINE 2 1090 241734435233000 2264600
LATENCY 2234700
TIMELINE 2 1106 241734471853800 2234700
LATENCY 2096000
TIMELINE 2 1122 241734506742000 2096000
LATENCY 2110200
TIMELINE 2 1138 241734541412000 2110200
LATENCY 2216900
TIMELINE 2 1154 241734577625000 2216900
LATENCY 2301400
TIMELINE 2 1170 241734613071800 2301400
LATENCY 2169500
TIMELINE 2 1186 241734648920000 2169500
LATENCY 2388300
TIMELINE 2 1202 241734688809700 2388300
LATENCY 2108500
TIMELINE 2 1218 241734723789400 2108500
LATENCY 3033900
TIMELINE 2 1234 241734762105700 3033900
LATENCY 2960800
TIMELINE 2 1250 241734808660400 2960800
LATENCY 2760200
TIMELINE 2 1266 241734858356800 2760200
LATENCY 2905500
TIMELINE 2 1282 241734906629600 2905500
LATENCY 2602500
TIMELINE 2 1298 241734951011400 2602500
LATENCY 2691000
TIMELINE 2 1314 241734995343700 2691000
LATENCY 3009100
TIMELINE 2 1330 241735044726200 3009100
LATENCY 2731600
TIMELINE 2 1346 241735088891300 2731600
LATENCY 2899700
TIMELINE 2 1362 241735135288900 2899700
LATENCY 2700300
TIMELINE 2 1378 241735181695600 2700300
LATENCY 2807400
TIMELINE 2 1394 241735225544400 2807400
LATENCY 6890200
TIMELINE 2 1410 241735273808600 6890200
LATENCY 2887800
TIMELINE 2 1426 241735325873700 2887800
LATENCY 2952500
TIMELINE 2 1442 241735371047300 2952500
LATENCY 2931100
TIMELINE 2 1458 241735417608300 2931100
LATENCY 2942100
TIMELINE 2 1474 241735470614500 2942100
LATENCY 2968000
TIMELINE 2 1490 241735517474300 2968000
LATENCY 3428200
TIMELINE 2 1506 241735568617700 3428200
LATENCY 3494200
TIMELINE 2 1522 241735623035000 3494200
LATENCY 2956300
TIMELINE 2 1538 241735673751900 2956300
LATENCY 3054700
TIMELINE 2 1554 241735723738100 3054700
LATENCY 2626500
TIMELINE 2 1570 241735771800200 2626500
LATENCY 2871600
TIMELINE 2 1586 241735818713000 2871600
LATENCY 2618000
TIMELINE 2 1602 241735870626400 2618000
LATENCY 2620100
TIMELINE 2 1618 241735913002500 2620100
LATENCY 2940800
TIMELINE 2 1634 241735961136100 2940800
LATENCY 2776200
TIMELINE 2 1650 241736006808300 2776200
LATENCY 2782000
TIMELINE 2 1666 241736055090100 2782000
LATENCY 2825700
TIMELINE 2 1682 241736100877100 2825700
LATENCY 2624000
TIMELINE 2 1698 241736145159700 2624000
LATENCY 2201000
TIMELINE 2 1714 241736189791300 2201000
LATENCY 2980000
TIMELINE 2 1730 241736241935900 2980000
LATENCY 2838200
TIMELINE 2 1746 241736289362700 2838200
LATENCY 3251200
TIMELINE 2 1762 241736339925400 3251200
LATENCY 2314400
TIMELINE 2 1778 241736385380500 2314400
LATENCY 2715200
TIMELINE 2 1794 241736433874500 2715200
LATENCY 3203700
TIMELINE 2 1810 241736482762100 3203700
LATENCY 3514800
TIMELINE 2 1826 241736535378500 3514800
LATENCY 3367300
TIMELINE 2 1842 241736589658000 3367300
LATENCY 12260800
TIMELINE 2 1858 241736644213900 12260800
LATENCY 2595500
TIMELINE 2 1874 241736702172400 2595500
LATENCY 2626400
TIMELINE 2 1890 241736745743600 2626400
LATENCY 2993500
TIMELINE 2 1906 241736792168200 2993500
LATENCY 3012900
TIMELINE 2 1922 241736840649900 3012900
LATENCY 2718600
TIMELINE 2 1938 241736886539500 2718600
LATENCY 2936100
TIMELINE 2 1954 241736932441600 2936100
LATENCY 2967600
TIMELINE 2 1970 241736976037200 2967600
LATENCY 2936600
TIMELINE 2 1986 241737021636300 2936600
LATENCY 2754300
TIMELINE 2 2002 241737072911500 2754300
LATENCY 3138700
TIMELINE 2 2018 241737119116700 3138700
LATENCY 2947300
TIMELINE 2 2034 241737165943400 2947300
LATENCY 2383000
TIMELINE 3 3 241731908028400 2383000
LATENCY 2289200
TIMELINE 3 19 241731947575700 2289200
LATENCY 2234700
TIMELINE 3 35 241731984493400 2234700
LATENCY 2144700
TIMELINE 3 51 241732019507900 2144700
LATENCY 2370900
TIMELINE 3 67 241732054657600 2370900
LATENCY 2190600
TIMELINE 3 83 241732089736200 2190600
LATENCY 2143700
TIMELINE 3 99 241732124374200 2143700
LATENCY 2371100
TIMELINE 3 115 241732159541800 2371100
LATENCY 2181000
TIMELINE 3 131 241732215430100 2181000
LATENCY 2117700
TIMELINE 3 147 241732250510200 2117700
LATENCY 2101900
TIMELINE 3 163 241732287236300 2101900
LATENCY 2197500
TIMELINE 3 179 241732323691700 2197500
LATENCY 2299300
TIMELINE 3 195 241732360475900 2299300
LATENCY 2077700
TIMELINE 3 211 241732395438700 2077700
LATENCY 2134600
TIMELINE 3 227 241732429976900 2134600
LATENCY 2482700
TIMELINE 3 243 241732465013400 2482700
LATENCY 2928200
TIMELINE 3 259 241732517791600 2928200
LATENCY 2232800
TIMELINE 3 275 241732553677400 2232800
LATENCY 2144300
TIMELINE 3 291 241732588083100 2144300
LATENCY 2243000
TIMELINE 3 307 241732629457700 2243000
LATENCY 2104300
TIMELINE 3 323 241732663794500 2104300
LATENCY 2213900
TIMELINE 3 339 241732699219500 2213900
LATENCY 2197200
TIMELINE 3 355 241732734664300 2197200
LATENCY 2196500
TIMELINE 3 371 241732770663300 2196500
LATENCY 2187100
TIMELINE 3 387 241732806057700 2187100
LATENCY 2250600
TIMELINE 3 403 241732862552100 2250600
LATENCY 2102200
TIMELINE 3 419 241732898177100 2102200
LATENCY 2118800
TIMELINE 3 435 241732931945900 2118800
LATENCY 2144500
TIMELINE 3 451 241732966705100 2144500
LATENCY 2160400
TIMELINE 3 467 241733001840600 2160400
LATENCY 2075600
TIMELINE 3 483 241733036381700 2075600
LATENCY 2128700
TIMELINE 3 499 241733072208200 2128700
LATENCY 2077600
TIMELINE 3 515 241733105775600 2077600
LATENCY 2186100
TIMELINE 3 531 241733158224100 2186100
LATENCY 2218100
TIMELINE 3 547 241733193053700 2218100
LATENCY 2064700
TIMELINE 3 563 241733227042200 2064700
LATENCY 2189000
TIMELINE 3 579 241733261217700 2189000
LATENCY 2089000
TIMELINE 3 595 241733295256100 2089000
LATENCY 2298000
TIMELINE 3 611 241733329540000 2298000
LATENCY 2131400
TIMELINE 3 627 241733363761100 2131400
LATENCY 2120800
TIMELINE 3 643 241733397528900 2120800
LATENCY 20627100
TIMELINE 3 659 241733431110200 20627100
LATENCY 2201900
TIMELINE 3 675 241733483898000 2201900
LATENCY 2152600
TIMELINE 3 691 241733518522000 2152600
LATENCY 2131900
TIMELINE 3 707 241733553458700 2131900
LATENCY 2229100
TIMELINE 3 723 241733587648700 2229100
LATENCY 2113100
TIMELINE 3 739 241733621646600 2113100
LATENCY 2098600
TIMELINE 3 755 241733655297900 2098600
LATENCY 2092600
TIMELINE 3 771 241733689038400 2092600
LATENCY 2377200
TIMELINE 3 787 241733728754900 2377200
LATENCY 2141200
TIMELINE 3 803 241733783739700 2141200
LATENCY 2151700
TIMELINE 3 819 241733818652300 2151700
LATENCY 2157900
TIMELINE 3 835 241733852825900 2157900
LATENCY 2133500
TIMELINE 3 851 241733886855500 2133500
LATENCY 2142300
TIMELINE 3 867 241733923283000 2142300
LATENCY 2151400
TIMELINE 3 883 241733958241900 2151400
LATENCY 2348800
TIMELINE 3 899 241733994432900 2348800
LATENCY 2135800
TIMELINE 3 915 241734028875700 2135800
LATENCY 2122600
TIMELINE 3 931 241734082227700 2122600
LATENCY 2180000
TIMELINE 3 947 241734118193200 2180000
LATENCY 2200500
TIMELINE 3 963 241734151960700 2200500
LATENCY 2224100
TIMELINE 3 979 241734186180200 2224100
LATENCY 2159200
TIMELINE 3 995 241734221211600 2159200
LATENCY 2116900
TIMELINE 3 1011 241734255472100 2116900
LATENCY 2139200
TIMELINE 3 1027 241734289386300 2139200
LATENCY 2219100
TIMELINE 3 1043 241734324455600 2219100
LATENCY 2180500
TIMELINE 3 1059 241734359536200 2180500
LATENCY 2205100
TIMELINE 3 1075 241734401224400 2205100
LATENCY 2353400
TIMELINE 3 1091 241734436929500 2353400
LATENCY 2264900
TIMELINE 3 1107 241734473318500 2264900
LATENCY 2124900
TIMELINE 3 1123 241734508092800 2124900
LATENCY 2124800
TIMELINE 3 1139 241734542775000 2124800
LATENCY 2221400
TIMELINE 3 1155 241734579022900 2221400
LATENCY 2333200
TIMELINE 3 1171 241734614511700 2333200
LATENCY 2194300
TIMELINE 3 1187 241734650281200 2194300
LATENCY 2331100
TIMELINE 3 1203 241734690284300 2331100
LATENCY 2239800
TIMELINE 3 1219 241734725132800 2239800
LATENCY 2806900
TIMELINE 3 1235 241734764275700 2806900
LATENCY 2806400
TIMELINE 3 1251 241734810721300 2806400
LATENCY 2730300
TIMELINE 3 1267 241734860343100 2730300
LATENCY 2880000
TIMELINE 3 1283 241734908784100 2880000
LATENCY 2621200
TIMELINE 3 1299 241734952969000 2621200
LATENCY 2632300
TIMELINE 3 1315 241734997418100 2632300
LATENCY 2783300
TIMELINE 3 1331 241735046955800 2783300
LATENCY 2752200
TIMELINE 3 1347 241735090923000 2752200
LATENCY 3028300
TIMELINE 3 1363 241735137367800 3028300
LATENCY 2704400
TIMELINE 3 1379 241735183634800 2704400
LATENCY 2762600
TIMELINE 3 1395 241735227517900 2762600
LATENCY 2962600
TIMELINE 3 1411 241735279999700 2962600
LATENCY 2927100
TIMELINE 3 1427 241735328004000 2927100
LATENCY 2933500
TIMELINE 3 1443 241735373213400 2933500
LATENCY 2942000
TIMELINE 3 1459 241735419713400 2942000
LATENCY 2954700
TIMELINE 3 1475 241735472729500 2954700
LATENCY 2894100
TIMELINE 3 1491 241735519594900 2894100
LATENCY 3186900
TIMELINE 3 1507 241735571240800 3186900
LATENCY 3398400
TIMELINE 3 1523 241735625644400 3398400
LATENCY 3161600
TIMELINE 3 1539 241735675904000 3161600
LATENCY 3115700
TIMELINE 3 1555 241735725981600 3115700
LATENCY 2610100
TIMELINE 3 1571 241735773705400 2610100
LATENCY 2848200
TIMELINE 3 1587 241735820798000 2848200
LATENCY 2667000
TIMELINE 3 1603 241735872793700 2667000
LATENCY 2646900
TIMELINE 3 1619 241735915188200 2646900
LATENCY 2964900
TIMELINE 3 1635 241735963463400 2964900
LATENCY 2763000
TIMELINE 3 1651 241736009017500 2763000
LATENCY 2826700
TIMELINE 3 1667 241736053992600 2826700
LATENCY 2953900
TIMELINE 3 1683 241736099726900 2953900
LATENCY 2624500
TIMELINE 3 1699 241736144043000 2624500
LATENCY 2520100
TIMELINE 3 1715 241736188529000 2520100
LATENCY 3014900
TIMELINE 3 1731 241736240573600 3014900
LATENCY 2930400
TIMELINE 3 1747 241736287994100 2930400
LATENCY 3269000
TIMELINE 3 1763 241736338638000 3269000
LATENCY 2297300
TIMELINE 3 1779 241736384520300 2297300
LATENCY 3068300
TIMELINE 3 1795 241736432658500 3068300
LATENCY 3174000
TIMELINE 3 1811 241736481551700 3174000
LATENCY 3547500
TIMELINE 3 1827 241736534265000 3547500
LATENCY 3357200
TIMELINE 3 1843 241736588711100 3357200
LATENCY 3516600
TIMELINE 3 1859 241736643230000 3516600
LATENCY 2590600
TIMELINE 3 1875 241736701458200 2590600
LATENCY 2616700
TIMELINE 3 1891 241736745005600 2616700
LATENCY 3014800
TIMELINE 3 1907 241736791274900 3014800
LATENCY 3027900
TIMELINE 3 1923 241736839760900 3027900
LATENCY 2745300
TIMELINE 3 1939 241736885869400 2745300
LATENCY 2936500
TIMELINE 3 1955 241736931668000 2936500
LATENCY 3102100
TIMELINE 3 1971 241736975213200 3102100
LATENCY 2921200
TIMELINE 3 1987 241737020906800 2921200
LATENCY 2729200
TIMELINE 3 2003 241737072205900 2729200
LATENCY 3242900
TIMELINE 3 2019 241737118270100 3242900
LATENCY 2923200
TIMELINE 3 2035 241737165350100 2923200
LATENCY 2377600
TIMELINE 4 4 241731910314200 2377600
LATENCY 2205500
TIMELINE 4 20 241731949795800 2205500
LATENCY 2274700
TIMELINE 4 36 241731986644600 2274700
LATENCY 2100700
TIMELINE 4 52 241732021719600 2100700
LATENCY 2178400
TIMELINE 4 68 241732057095700 2178400
LATENCY 2180900
TIMELINE 4 84 241732091845800 2180900
LATENCY 2280200
TIMELINE 4 100 241732126405400 2280200
LATENCY 2220500
TIMELINE 4 116 241732161822600 2220500
LATENCY 2198300
TIMELINE 4 132 241732217703400 2198300
LATENCY 2276700
TIMELINE 4 148 241732252719900 2276700
LATENCY 2138500
TIMELINE 4 164 241732289871800 2138500
LATENCY 2241600
TIMELINE 4 180 241732326376100 2241600
LATENCY 2528700
TIMELINE 4 196 241732363274700 2528700
LATENCY 2080000
TIMELINE 4 212 241732397859000 2080000
LATENCY 2172000
TIMELINE 4 228 241732432469100 2172000
LATENCY 2125100
TIMELINE 4 244 241732467798000 2125100
LATENCY 2572200
TIMELINE 4 260 241732521105900 2572200
LATENCY 2109300
TIMELINE 4 276 241732556527600 2109300
LATENCY 2272700
TIMELINE 4 292 241732590801400 2272700
LATENCY 2180500
TIMELINE 4 308 241732632162700 2180500
LATENCY 2197900
TIMELINE 4 324 241732666447200 2197900
LATENCY 2211800
TIMELINE 4 340 241732701959100 2211800
LATENCY 2287100
TIMELINE 4 356 241732737428900 2287100
LATENCY 2212400
TIMELINE 4 372 241732773414500 2212400
LATENCY 2104600
TIMELINE 4 388 241732808793500 2104600
LATENCY 2262400
TIMELINE 4 404 241732865442000 2262400
LATENCY 2158100
TIMELINE 4 420 241732900949000 2158100
LATENCY 2086600
TIMELINE 4 436 241732934713700 2086600
LATENCY 2228000
TIMELINE 4 452 241732969582000 2228000
LATENCY 2176500
TIMELINE 4 468 241733004663400 2176500
LATENCY 2118600
TIMELINE 4 484 241733039185600 2118600
LATENCY 2045200
TIMELINE 4 500 241733074216600 2045200
LATENCY 2068400
TIMELINE 4 516 241733107742400 2068400
LATENCY 2156600
TIMELINE 4 532 241733160289200 2156600
LATENCY 2122100
TIMELINE 4 548 241733195217000 2122100
LATENCY 2086800
TIMELINE 4 564 241733229049400 2086800
LATENCY 2122000
TIMELINE 4 580 241733263377100 2122000
LATENCY 2096200
TIMELINE 4 596 241733297316300 2096200
LATENCY 2139500
TIMELINE 4 612 241733331809000 2139500
LATENCY 2121300
TIMELINE 4 628 241733365864100 2121300
LATENCY 2079200
TIMELINE 4 644 241733399620100 2079200
LATENCY 2423900
TIMELINE 4 660 241733451701000 2423900
LATENCY 2178800
TIMELINE 4 676 241733485661000 2178800
LATENCY 2272800
TIMELINE 4 692 241733520358000 2272800
LATENCY 2200500
TIMELINE 4 708 241733555193800 2200500
LATENCY 2161000
TIMELINE 4 724 241733589457300 2161000
LATENCY 2107800
TIMELINE 4 740 241733623345000 2107800
LATENCY 2111700
TIMELINE 4 756 241733656972200 2111700
LATENCY 2090600
TIMELINE 4 772 241733690707800 2090600
LATENCY 2223900
TIMELINE 4 788 241733730642800 2223900
LATENCY 2139700
TIMELINE 4 804 241733785418300 2139700
LATENCY 2150200
TIMELINE 4 820 241733820432300 2150200
LATENCY 2135400
TIMELINE 4 836 241733854587600 2135400
LATENCY 2150600
TIMELINE 4 852 241733888577700 2150600
LATENCY 2222400
TIMELINE 4 868 241733925001800 2222400
LATENCY 2307200
TIMELINE 4 884 241733959985100 2307200
LATENCY 2398100
TIMELINE 4 900 241733996218800 2398100
LATENCY 2115100
TIMELINE 4 916 241734030579200 2115100
LATENCY 2155600
TIMELINE 4 932 241734083798400 2155600
LATENCY 2204200
TIMELINE 4 948 241734119979400 2204200
LATENCY 2322900
TIMELINE 4 964 241734153692100 2322900
LATENCY 2174000
TIMELINE 4 980 241734188021900 2174000
LATENCY 2194400
TIMELINE 4 996 241734222947600 2194400
LATENCY 2078300
TIMELINE 4 1012 241734257189700 2078300
LATENCY 2101200
TIMELINE 4 1028 241734291090100 2101200
LATENCY 2240000
TIMELINE 4 1044 241734326066000 2240000
LATENCY 8193900
TIMELINE 4 1060 241734361241200 8193900
LATENCY 2187900
TIMELINE 4 1076 241734402959900 2187900
LATENCY 2396000
TIMELINE 4 1092 241734438727200 2396000
LATENCY 2222100
TIMELINE 4 1108 241734475194500 2222100
LATENCY 2134500
TIMELINE 4 1124 241734509921500 2134500
LATENCY 2133000
TIMELINE 4 1140 241734544605200 2133000
LATENCY 2126000
TIMELINE 4 1156 241734580988100 2126000
LATENCY 2298500
TIMELINE 4 1172 241734616440200 2298500
LATENCY 2143500
TIMELINE 4 1188 241734652100200 2143500
LATENCY 2190300
TIMELINE 4 1204 241734692220300 2190300
LATENCY 2171200
TIMELINE 4 1220 241734726973300 2171200
LATENCY 2935000
TIMELINE 4 1236 241734766372200 2935000
LATENCY 5561500
TIMELINE 4 1252 241734812903000 5561500
LATENCY 2705100
TIMELINE 4 1268 241734862320800 2705100
LATENCY 2939600
TIMELINE 4 1284 241734910850900 2939600
LATENCY 2619000
TIMELINE 4 1300 241734954850200 2619000
LATENCY 2647200
TIMELINE 4 1316 241734999267700 2647200
LATENCY 2670100
TIMELINE 4 1332 241735048930700 2670100
LATENCY 2747600
TIMELINE 4 1348 241735092860200 2747600
LATENCY 2989600
TIMELINE 4 1364 241735139522900 2989600
LATENCY 2784800
TIMELINE 4 1380 241735185554300 2784800
LATENCY 4441100
TIMELINE 4 1396 241735229681500 4441100
LATENCY 3093800
TIMELINE 4 1412 241735281928700 3093800
LATENCY 2737000
TIMELINE 4 1428 241735330033000 2737000
LATENCY 2918500
TIMELINE 4 1444 241735375248800 2918500
LATENCY 8588200
TIMELINE 4 1460 241735421761200 8588200
LATENCY 2923800
TIMELINE 4 1476 241735474779900 2923800
LATENCY 2901300
TIMELINE 4 1492 241735521578100 2901300
LATENCY 3282300
TIMELINE 4 1508 241735573424400 3282300
LATENCY 3390700
TIMELINE 4 1524 241735627992600 3390700
LATENCY 3258600
TIMELINE 4 1540 241735678035800 3258600
LATENCY 3331600
TIMELINE 4 1556 241735728039600 3331600
LATENCY 2641900
TIMELINE 4 1572 241735775535600 2641900
LATENCY 2867500
TIMELINE 4 1588 241735822787400 2867500
LATENCY 2633100
TIMELINE 4 1604 241735874680500 2633100
LATENCY 2671500
TIMELINE 4 1620 241735917019500 2671500
LATENCY 3196200
TIMELINE 4 1636 241735965526200 3196200
LATENCY 2776000
TIMELINE 4 1652 241736010948200 2776000
LATENCY 2739200
TIMELINE 4 1668 241736058300300 2739200
LATENCY 2845700
TIMELINE 4 1684 241736104103800 2845700
LATENCY 2590200
TIMELINE 4 1700 241736148196900 2590200
LATENCY 2141900
TIMELINE 4 1716 241736192342200 2141900
LATENCY 3115000
TIMELINE 4 1732 241736245449300 3115000
LATENCY 2913800
TIMELINE 4 1748 241736292778900 2913800
LATENCY 3124100
TIMELINE 4 1764 241736343666400 3124100
LATENCY 2196800
TIMELINE 4 1780 241736388032800 2196800
LATENCY 2777700
TIMELINE 4 1796 241736436966400 2777700
LATENCY 3062500
TIMELINE 4 1812 241736486462500 3062500
LATENCY 3313600
TIMELINE 4 1828 241736539385600 3313600
LATENCY 3468700
TIMELINE 4 1844 241736593679400 3468700
LATENCY 3362100
TIMELINE 4 1860 241736657093200 3362100
LATENCY 2907900
TIMELINE 4 1876 241736705262500 2907900
LATENCY 2560200
TIMELINE 4 1892 241736748827300 2560200
LATENCY 2999700
TIMELINE 4 1908 241736795725900 2999700
LATENCY 2995500
TIMELINE 4 1924 241736844196400 2995500
LATENCY 2784900
TIMELINE 4 1940 241736889872500 2784900
LATENCY 2864000
TIMELINE 4 1956 241736936008700 2864000
LATENCY 2746500
TIMELINE 4 1972 241736979397400 2746500
LATENCY 3015100
TIMELINE 4 1988 241737024999600 3015100
LATENCY 2808100
TIMELINE 4 2004 241737076043300 2808100
LATENCY 2998500
TIMELINE 4 2020 241737122677000 2998500
LATENCY 2981600
TIMELINE 4 2036 241737169308500 2981600
LATENCY 2285800
TIMELINE 5 5 241731912759900 2285800
LATENCY 2427300
TIMELINE 5 21 241731952135200 2427300
LATENCY 2243300
TIMELINE 5 37 241731989109600 2243300
LATENCY 2147600
TIMELINE 5 53 241732023885600 2147600
LATENCY 2133900
TIMELINE 5 69 241732059338400 2133900
LATENCY 2197400
TIMELINE 5 85 241732094127000 2197400
LATENCY 2207200
TIMELINE 5 101 241732128752800 2207200
LATENCY 2206000
TIMELINE 5 117 241732164111100 2206000
LATENCY 2139400
TIMELINE 5 133 241732220103700 2139400
LATENCY 2208200
TIMELINE 5 149 241732255193800 2208200
LATENCY 2212000
TIMELINE 5 165 241732291636900 2212000
LATENCY 2160100
TIMELINE 5 181 241732328096600 2160100
LATENCY 2227700
TIMELINE 5 197 241732365219000 2227700
LATENCY 2132400
TIMELINE 5 213 241732399456600 2132400
LATENCY 2345500
TIMELINE 5 229 241732434114000 2345500
LATENCY 2134100
TIMELINE 5 245 241732469393000 2134100
LATENCY 2201300
TIMELINE 5 261 241732522888300 2201300
LATENCY 2118500
TIMELINE 5 277 241732557904300 2118500
LATENCY 2414400
TIMELINE 5 293 241732592126300 2414400
LATENCY 2226500
TIMELINE 5 309 241732633643500 2226500
LATENCY 2260600
TIMELINE 5 325 241732667872100 2260600
LATENCY 2300400
TIMELINE 5 341 241732703362500 2300400
LATENCY 2221200
TIMELINE 5 357 241732738990600 2221200
LATENCY 2175700
TIMELINE 5 373 241732774893100 2175700
LATENCY 2155900
TIMELINE 5 389 241732810214800 2155900
LATENCY 2162400
TIMELINE 5 405 241732867140700 2162400
LATENCY 2172800
TIMELINE 5 421 241732902454600 2172800
LATENCY 2098000
TIMELINE 5 437 241732936182400 2098000
LATENCY 2297800
TIMELINE 5 453 241732970963300 2297800
LATENCY 2178900
TIMELINE 5 469 241733006065400 2178900
LATENCY 2156900
TIMELINE 5 485 241733040397200 2156900
LATENCY 2073000
TIMELINE 5 501 241733076177800 2073000
LATENCY 2065000
TIMELINE 5 517 241733109719700 2065000
LATENCY 2133300
TIMELINE 5 533 241733162354700 2133300
LATENCY 2160200
TIMELINE 5 549 241733197280000 2160200
LATENCY 2074600
TIMELINE 5 565 241733231077600 2074600
LATENCY 2164900
TIMELINE 5 581 241733265413400 2164900
LATENCY 2084300
TIMELINE 5 597 241733299322000 2084300
LATENCY 2083100
TIMELINE 5 613 241733333857500 2083100
LATENCY 2107900
TIMELINE 5 629 241733367894600 2107900
LATENCY 2102800
TIMELINE 5 645 241733401611100 2102800
LATENCY 2142200
TIMELINE 5 661 241733454040400 2142200
LATENCY 2287600
TIMELINE 5 677 241733487813100 2287600
LATENCY 2228100
TIMELINE 5 693 241733522590200 2228100
LATENCY 2184600
TIMELINE 5 709 241733557366500 2184600
LATENCY 2193700
TIMELINE 5 725 241733591650000 2193700
LATENCY 2081300
TIMELINE 5 741 241733625685700 2081300
LATENCY 2087900
TIMELINE 5 757 241733659322900 2087900
LATENCY 2147900
TIMELINE 5 773 241733693027700 2147900
LATENCY 2163000
TIMELINE 5 789 241733733039800 2163000
LATENCY 2185400
TIMELINE 5 805 241733787732700 2185400
LATENCY 2106800
TIMELINE 5 821 241733822668800 2106800
LATENCY 2117100
TIMELINE 5 837 241733856840800 2117100
LATENCY 2098500
TIMELINE 5 853 241733890843100 2098500
LATENCY 2190000
TIMELINE 5 869 241733927463500 2190000
LATENCY 2193600
TIMELINE 5 885 241733962500100 2193600
LATENCY 2276000
TIMELINE 5 901 241733998702200 2276000
LATENCY 2112800
TIMELINE 5 917 241734032781400 2112800
LATENCY 2114000
TIMELINE 5 933 241734086213700 2114000
LATENCY 2065400
TIMELINE 5 949 241734122125300 2065400
LATENCY 2092600
TIMELINE 5 965 241734155962900 2092600
LATENCY 2185500
TIMELINE 5 981 241734190073500 2185500
LATENCY 2150000
TIMELINE 5 997 241734225022100 2150000
LATENCY 2115800
TIMELINE 5 1013 241734259156400 2115800
LATENCY 2104700
TIMELINE 5 1029 241734293111200 2104700
LATENCY 2296700
TIMELINE 5 1045 241734328341300 2296700
LATENCY 2206800
TIMELINE 5 1061 241734369588100 2206800
LATENCY 2276400
TIMELINE 5 1077 241734405325700 2276400
LATENCY 2306900
TIMELINE 5 1093 241734441365100 2306900
LATENCY 2184900
TIMELINE 5 1109 241734477716700 2184900
LATENCY 2351300
TIMELINE 5 1125 241734512288600 2351300
LATENCY 2103100
TIMELINE 5 1141 241734546963100 2103100
LATENCY 2105900
TIMELINE 5 1157 241734583323700 2105900
LATENCY 2313500
TIMELINE 5 1173 241734619242700 2313500
LATENCY 2162200
TIMELINE 5 1189 241734654749500 2162200
LATENCY 2185000
TIMELINE 5 1205 241734694929800 2185000
LATENCY 2132900
TIMELINE 5 1221 241734729616600 2132900
LATENCY 2873000
TIMELINE 5 1237 241734769810500 2873000
LATENCY 3431000
TIMELINE 5 1253 241734820247700 3431000
LATENCY 2580900
TIMELINE 5 1269 241734865492600 2580900
LATENCY 2897300
TIMELINE 5 1285 241734914309900 2897300
LATENCY 3119400
TIMELINE 5 1301 241734957898700 3119400
LATENCY 2633100
TIMELINE 5 1317 241735002411400 2633100
LATENCY 2739800
TIMELINE 5 1333 241735052084100 2739800
LATENCY 2744900
TIMELINE 5 1349 241735096102100 2744900
LATENCY 2955800
TIMELINE 5 1365 241735143060100 2955800
LATENCY 2766300
TIMELINE 5 1381 241735188820900 2766300
LATENCY 2594300
TIMELINE 5 1397 241735234633300 2594300
LATENCY 2890100
TIMELINE 5 1413 241735285430400 2890100
LATENCY 3592200
TIMELINE 5 1429 241735333144000 3592200
LATENCY 2967000
TIMELINE 5 1445 241735378578000 2967000
LATENCY 3261700
TIMELINE 5 1461 241735430842100 3261700
LATENCY 2960300
TIMELINE 5 1477 241735478195500 2960300
LATENCY 2964800
TIMELINE 5 1493 241735524982300 2964800
LATENCY 3341900
TIMELINE 5 1509 241735577228400 3341900
LATENCY 3255300
TIMELINE 5 1525 241735631917800 3255300
LATENCY 2908900
TIMELINE 5 1541 241735681807200 2908900
LATENCY 3385400
TIMELINE 5 1557 241735731941500 3385400
LATENCY 2628600
TIMELINE 5 1573 241735778636500 2628600
LATENCY 3022000
TIMELINE 5 1589 241735826132800 3022000
LATENCY 2653900
TIMELINE 5 1605 241735877701700 2653900
LATENCY 2774400
TIMELINE 5 1621 241735920093700 2774400
LATENCY 2992900
TIMELINE 5 1637 241735969273400 2992900
LATENCY 2994000
TIMELINE 5 1653 241736014172200 2994000
LATENCY 2720100
TIMELINE 5 1669 241736059770000 2720100
LATENCY 2911500
TIMELINE 5 1685 241736105557500 2911500
LATENCY 2767100
TIMELINE 5 1701 241736149556900 2767100
LATENCY 2142100
TIMELINE 5 1717 241736193506000 2142100
LATENCY 3098400
TIMELINE 5 1733 241736247008800 3098400
LATENCY 2966200
TIMELINE 5 1749 241736294221400 2966200
LATENCY 3101900
TIMELINE 5 1765 241736345323700 3101900
LATENCY 2206800
TIMELINE 5 1781 241736389250400 2206800
LATENCY 2893300
TIMELINE 5 1797 241736438352900 2893300
LATENCY 3227700
TIMELINE 5 1813 241736488135300 3227700
LATENCY 3260000
TIMELINE 5 1829 241736541253400 3260000
LATENCY 3446900
TIMELINE 5 1845 241736595619800 3446900
LATENCY 3289600
TIMELINE 5 1861 241736659093200 3289600
LATENCY 2906400
TIMELINE 5 1877 241736706732900 2906400
LATENCY 2573000
TIMELINE 5 1893 241736750258000 2573000
LATENCY 3002400
TIMELINE 5 1909 241736797379200 3002400
LATENCY 2977100
TIMELINE 5 1925 241736845842500 2977100
LATENCY 2798200
TIMELINE 5 1941 241736891441200 2798200
LATENCY 2822500
TIMELINE 5 1957 241736937670100 2822500
LATENCY 2755600
TIMELINE 5 1973 241736980977500 2755600
LATENCY 2948800
TIMELINE 5 1989 241737026746500 2948800
LATENCY 2934800
TIMELINE 5 2005 241737077548900 2934800
LATENCY 2984300
TIMELINE 5 2021 241737124357400 2984300
LATENCY 2965400
TIMELINE 5 2037 241737171012000 2965400
LATENCY 3252900
TIMELINE 6 6 241731915009500 3252900
LATENCY 2256900
TIMELINE 6 22 241731954476300 2256900
LATENCY 2197800
TIMELINE 6 38 241731991229600 2197800
LATENCY 2246500
TIMELINE 6 54 241732026071300 2246500
LATENCY 2179000
TIMELINE 6 70 241732061514800 2179000
LATENCY 2148900
TIMELINE 6 86 241732096296200 2148900
LATENCY 2121900
TIMELINE 6 102 241732131049100 2121900
LATENCY 2292600
TIMELINE 6 118 241732166406800 2292600
LATENCY 2236400
TIMELINE 6 134 241732222278600 2236400
LATENCY 2176700
TIMELINE 6 150 241732257437600 2176700
LATENCY 2186200
TIMELINE 6 166 241732293881700 2186200
LATENCY 2502200
TIMELINE 6 182 241732330305100 2502200
LATENCY 2210300
TIMELINE 6 198 241732367293100 2210300
LATENCY 2183700
TIMELINE 6 214 241732401469700 2183700
LATENCY 2198800
TIMELINE 6 230 241732436331400 2198800
LATENCY 2141500
TIMELINE 6 246 241732471406000 2141500
LATENCY 2403100
TIMELINE 6 262 241732525032700 2403100
LATENCY 2297400
TIMELINE 6 278 241732559991600 2297400
LATENCY 2221500
TIMELINE 6 294 241732594576700 2221500
LATENCY 2185000
TIMELINE 6 310 241732635901500 2185000
LATENCY 2345800
TIMELINE 6 326 241732670225800 2345800
LATENCY 2305300
TIMELINE 6 342 241732705774000 2305300
LATENCY 2136400
TIMELINE 6 358 241732741291300 2136400
LATENCY 2164600
TIMELINE 6 374 241732777120100 2164600
LATENCY 2435900
TIMELINE 6 390 241732812414800 2435900
LATENCY 2194200
TIMELINE 6 406 241732869275300 2194200
LATENCY 2110500
TIMELINE 6 422 241732904657600 2110500
LATENCY 2301200
TIMELINE 6 438 241732938314200 2301200
LATENCY 2112300
TIMELINE 6 454 241732973468600 2112300
LATENCY 2126300
TIMELINE 6 470 241733008417400 2126300
LATENCY 2228300
TIMELINE 6 486 241733042778700 2228300
LATENCY 2083300
TIMELINE 6 502 241733078865500 2083300
LATENCY 2147400
TIMELINE 6 518 241733112378700 2147400
LATENCY 2188300
TIMELINE 6 534 241733165108100 2188300
LATENCY 2091300
TIMELINE 6 550 241733200125300 2091300
LATENCY 2103000
TIMELINE 6 566 241733233849400 2103000
LATENCY 2133600
TIMELINE 6 582 241733268259700 2133600
LATENCY 2089000
TIMELINE 6 598 241733302101800 2089000
LATENCY 2062800
TIMELINE 6 614 241733336618900 2062800
LATENCY 2124400
TIMELINE 6 630 241733370674300 2124400
LATENCY 2085300
TIMELINE 6 646 241733404403700 2085300
LATENCY 2224900
TIMELINE 6 662 241733456823800 2224900
LATENCY 2137900
TIMELINE 6 678 241733491680600 2137900
LATENCY 2155800
TIMELINE 6 694 241733526307200 2155800
LATENCY 2171400
TIMELINE 6 710 241733560928700 2171400
LATENCY 2151000
TIMELINE 6 726 241733595098500 2151000
LATENCY 2088700
TIMELINE 6 742 241733628944100 2088700
LATENCY 2116100
TIMELINE 6 758 241733662609900 2116100
LATENCY 2367700
TIMELINE 6 774 241733696612000 2367700
LATENCY 2183600
TIMELINE 6 790 241733736448300 2183600
LATENCY 2198600
TIMELINE 6 806 241733791174400 2198600
LATENCY 2138500
TIMELINE 6 822 241733825946700 2138500
LATENCY 2138600
TIMELINE 6 838 241733860162300 2138600
LATENCY 2131800
TIMELINE 6 854 241733894127600 2131800
LATENCY 2163500
TIMELINE 6 870 241733930619300 2163500
LATENCY 2264700
TIMELINE 6 886 241733965674300 2264700
LATENCY 2160500
TIMELINE 6 902 241734001864900 2160500
LATENCY 2097300
TIMELINE 6 918 241734035693600 2097300
LATENCY 2203000
TIMELINE 6 934 241734089035100 2203000
LATENCY 2096200
TIMELINE 6 950 241734124854500 2096200
LATENCY 2092500
TIMELINE 6 966 241734158756800 2092500
LATENCY 2149500
TIMELINE 6 982 241734192931900 2149500
LATENCY 2114500
TIMELINE 6 998 241734227777700 2114500
LATENCY 2112400
TIMELINE 6 1014 241734261872300 2112400
LATENCY 2159300
TIMELINE 6 1030 241734295790700 2159300
LATENCY 2198800
TIMELINE 6 1046 241734331172200 2198800
LATENCY 2221200
TIMELINE 6 1062 241734372154400 2221200
LATENCY 2208300
TIMELINE 6 1078 241734407926300 2208300
LATENCY 2259500
TIMELINE 6 1094 241734443996300 2259500
LATENCY 2219600
TIMELINE 6 1110 241734480138900 2219600
LATENCY 2200800
TIMELINE 6 1126 241734514873200 2200800
LATENCY 2169700
TIMELINE 6 1142 241734549266000 2169700
LATENCY 2093300
TIMELINE 6 1158 241734585666200 2093300
LATENCY 2277400
TIMELINE 6 1174 241734621591800 2277400
LATENCY 2131700
TIMELINE 6 1190 241734656946100 2131700
LATENCY 2192300
TIMELINE 6 1206 241734697149800 2192300
LATENCY 2181900
TIMELINE 6 1222 241734731809100 2181900
LATENCY 2854100
TIMELINE 6 1238 241734772765200 2854100
LATENCY 2841000
TIMELINE 6 1254 241734823757100 2841000
LATENCY 2664000
TIMELINE 6 1270 241734868162100 2664000
LATENCY 2913600
TIMELINE 6 1286 241734917293600 2913600
LATENCY 2959300
TIMELINE 6 1302 241734961252800 2959300
LATENCY 2864500
TIMELINE 6 1318 241735005195100 2864500
LATENCY 2752500
TIMELINE 6 1334 241735054941600 2752500
LATENCY 2849100
TIMELINE 6 1350 241735098965200 2849100
LATENCY 2906200
TIMELINE 6 1366 241735146221300 2906200
LATENCY 2722800
TIMELINE 6 1382 241735191787300 2722800
LATENCY 2748100
TIMELINE 6 1398 241735237441100 2748100
LATENCY 2923800
TIMELINE 6 1414 241735288238700 2923800
LATENCY 2913200
TIMELINE 6 1430 241735336770200 2913200
LATENCY 2959600
TIMELINE 6 1446 241735381587900 2959600
LATENCY 2781600
TIMELINE 6 1462 241735434059600 2781600
LATENCY 2926300
TIMELINE 6 1478 241735481112100 2926300
LATENCY 3027500
TIMELINE 6 1494 241735527909200 3027500
LATENCY 3267900
TIMELINE 6 1510 241735580530700 3267900
LATENCY 3368200
TIMELINE 6 1526 241735635131700 3368200
LATENCY 3044800
TIMELINE 6 1542 241735684578300 3044800
LATENCY 3180300
TIMELINE 6 1558 241735735183100 3180300
LATENCY 2596700
TIMELINE 6 1574 241735781205900 2596700
LATENCY 2846900
TIMELINE 6 1590 241735829075100 2846900
LATENCY 2609800
TIMELINE 6 1606 241735880285100 2609800
LATENCY 2596500
TIMELINE 6 1622 241735922796000 2596500
LATENCY 2737300
TIMELINE 6 1638 241735972190900 2737300
LATENCY 3971000
TIMELINE 6 1654 241736017082700 3971000
LATENCY 2842700
TIMELINE 6 1670 241736062933700 2842700
LATENCY 3072800
TIMELINE 6 1686 241736108937000 3072800
LATENCY 2629000
TIMELINE 6 1702 241736152646200 2629000
LATENCY 2197400
TIMELINE 6 1718 241736195855300 2197400
LATENCY 3066500
TIMELINE 6 1734 241736250397900 3066500
LATENCY 2943100
TIMELINE 6 1750 241736297397600 2943100
LATENCY 2930200
TIMELINE 6 1766 241736348678900 2930200
LATENCY 2539300
TIMELINE 6 1782 241736391641800 2539300
LATENCY 3245700
TIMELINE 6 1798 241736441541400 3245700
LATENCY 3136500
TIMELINE 6 1814 241736491575500 3136500
LATENCY 3224400
TIMELINE 6 1830 241736544688900 3224400
LATENCY 3444700
TIMELINE 6 1846 241736599215500 3444700
LATENCY 3362500
TIMELINE 6 1862 241736662518000 3362500
LATENCY 2907800
TIMELINE 6 1878 241736709769600 2907800
LATENCY 2665700
TIMELINE 6 1894 241736752934600 2665700
LATENCY 3002300
TIMELINE 6 1910 241736800515500 3002300
LATENCY 3001700
TIMELINE 6 1926 241736848925600 3001700
LATENCY 2794500
TIMELINE 6 1942 241736894205800 2794500
LATENCY 2921500
TIMELINE 6 1958 241736940530900 2921500
LATENCY 2729500
TIMELINE 6 1974 241736983881200 2729500
LATENCY 2902400
TIMELINE 6 1990 241737029909400 2902400
LATENCY 2955100
TIMELINE 6 2006 241737080731300 2955100
LATENCY 2974400
TIMELINE 6 2022 241737127603200 2974400
LATENCY 3066900
TIMELINE 6 2038 241737173894900 3066900
LATENCY 2854900
TIMELINE 7 7 241731918384100 2854900
LATENCY 2144800
TIMELINE 7 23 241731956850900 2144800
LATENCY 2196000
TIMELINE 7 39 241731993492300 2196000
LATENCY 2212600
TIMELINE 7 55 241732028206400 2212600
LATENCY 2160400
TIMELINE 7 71 241732063522800 2160400
LATENCY 2171800
TIMELINE 7 87 241732098305400 2171800
LATENCY 2148800
TIMELINE 7 103 241732132922400 2148800
LATENCY 2698800
TIMELINE 7 119 241732168400200 2698800
LATENCY 2223900
TIMELINE 7 135 241732224102300 2223900
LATENCY 2869100
TIMELINE 7 151 241732259177800 2869100
LATENCY 2302100
TIMELINE 7 167 241732295841100 2302100
LATENCY 2452400
TIMELINE 7 183 241732332667300 2452400
LATENCY 2222200
TIMELINE 7 199 241732369473600 2222200
LATENCY 2097700
TIMELINE 7 215 241732403622700 2097700
LATENCY 2161400
TIMELINE 7 231 241732438499300 2161400
LATENCY 2091300
TIMELINE 7 247 241732473518800 2091300
LATENCY 2388600
TIMELINE 7 263 241732527512700 2388600
LATENCY 2279800
TIMELINE 7 279 241732562383000 2279800
LATENCY 2132200
TIMELINE 7 295 241732596833400 2132200
LATENCY 2233600
TIMELINE 7 311 241732638120100 2233600
LATENCY 2533600
TIMELINE 7 327 241732672605600 2533600
LATENCY 2335800
TIMELINE 7 343 241732708140800 2335800
LATENCY 2178300
TIMELINE 7 359 241732743528100 2178300
LATENCY 2203200
TIMELINE 7 375 241732779383700 2203200
LATENCY 2514300
TIMELINE 7 391 241732814984100 2514300
LATENCY 2212900
TIMELINE 7 407 241732871382800 2212900
LATENCY 2124100
TIMELINE 7 423 241732906655400 2124100
LATENCY 2329700
TIMELINE 7 439 241732940473700 2329700
LATENCY 2191800
TIMELINE 7 455 241732975500000 2191800
LATENCY 2168000
TIMELINE 7 471 241733010462700 2168000
LATENCY 3043500
TIMELINE 7 487 241733044933200 3043500
LATENCY 2137800
TIMELINE 7 503 241733080981500 2137800
LATENCY 2082000
TIMELINE 7 519 241733114557800 2082000
LATENCY 2091100
TIMELINE 7 535 241733167387100 2091100
LATENCY 2139500
TIMELINE 7 551 241733202132900 2139500
LATENCY 2084800
TIMELINE 7 567 241733235868200 2084800
LATENCY 2120500
TIMELINE 7 583 241733270334200 2120500
LATENCY 2136800
TIMELINE 7 599 241733304137600 2136800
LATENCY 2116600
TIMELINE 7 615 241733338597200 2116600
LATENCY 2065000
TIMELINE 7 631 241733372707500 2065000
LATENCY 2097600
TIMELINE 7 647 241733406400500 2097600
LATENCY 2266000
TIMELINE 7 663 241733458985300 2266000
LATENCY 2123700
TIMELINE 7 679 241733493791300 2123700
LATENCY 2164600
TIMELINE 7 695 241733528497900 2164600
LATENCY 2111700
TIMELINE 7 711 241733563139900 2111700
LATENCY 2115400
TIMELINE 7 727 241733597280800 2115400
LATENCY 2075600
TIMELINE 7 743 241733631063600 2075600
LATENCY 2086500
TIMELINE 7 759 241733664759400 2086500
LATENCY 2650200
TIMELINE 7 775 241733699039100 2650200
LATENCY 2162400
TIMELINE 7 791 241733738666000 2162400
LATENCY 2192700
TIMELINE 7 807 241733793405100 2192700
LATENCY 2126900
TIMELINE 7 823 241733828118400 2126900
LATENCY 2137800
TIMELINE 7 839 241733862334000 2137800
LATENCY 2149800
TIMELINE 7 855 241733896291900 2149800
LATENCY 2201400
TIMELINE 7 871 241733932755100 2201400
LATENCY 2226300
TIMELINE 7 887 241733967999300 2226300
LATENCY 2170400
TIMELINE 7 903 241734004152100 2170400
LATENCY 2086800
TIMELINE 7 919 241734037916600 2086800
LATENCY 2317100
TIMELINE 7 935 241734091394900 2317100
LATENCY 2072500
TIMELINE 7 951 241734126984000 2072500
LATENCY 2095600
TIMELINE 7 967 241734160881400 2095600
LATENCY 2164200
TIMELINE 7 983 241734195176000 2164200
LATENCY 2202300
TIMELINE 7 999 241734230281000 2202300
LATENCY 2096300
TIMELINE 7 1015 241734264388200 2096300
LATENCY 2082900
TIMELINE 7 1031 241734298356700 2082900
LATENCY 2121100
TIMELINE 7 1047 241734333857200 2121100
LATENCY 2062400
TIMELINE 7 1063 241734374967000 2062400
LATENCY 2166900
TIMELINE 7 1079 241734410639400 2166900
LATENCY 2265600
TIMELINE 7 1095 241734446635700 2265600
LATENCY 2172600
TIMELINE 7 1111 241734482753700 2172600
LATENCY 2196000
TIMELINE 7 1127 241734517501800 2196000
LATENCY 2489600
TIMELINE 7 1143 241734551894300 2489600
LATENCY 2126700
TIMELINE 7 1159 241734588236900 2126700
LATENCY 2278000
TIMELINE 7 1175 241734624508900 2278000
LATENCY 2170900
TIMELINE 7 1191 241734659666800 2170900
LATENCY 2142100
TIMELINE 7 1207 241734699935100 2142100
LATENCY 2207100
TIMELINE 7 1223 241734734582300 2207100
LATENCY 2837500
TIMELINE 7 1239 241734776508300 2837500
LATENCY 2932800
TIMELINE 7 1255 241734827515000 2932800
LATENCY 3109500
TIMELINE 7 1271 241734871899700 3109500
LATENCY 3047200
TIMELINE 7 1287 241734921121600 3047200
LATENCY 2951800
TIMELINE 7 1303 241734965052900 2951800
LATENCY 2586800
TIMELINE 7 1319 241735008787400 2586800
LATENCY 2733100
TIMELINE 7 1335 241735058523200 2733100
LATENCY 2982500
TIMELINE 7 1351 241735102702800 2982500
LATENCY 2916400
TIMELINE 7 1367 241735149942900 2916400
LATENCY 2844000
TIMELINE 7 1383 241735195275200 2844000
LATENCY 2579900
TIMELINE 7 1399 241735240964100 2579900
LATENCY 2944200
TIMELINE 7 1415 241735292286200 2944200
LATENCY 2694300
TIMELINE 7 1431 241735340782100 2694300
LATENCY 3023600
TIMELINE 7 1447 241735385785000 3023600
LATENCY 3030500
TIMELINE 7 1463 241735438003800 3030500
LATENCY 2849200
TIMELINE 7 1479 241735485232300 2849200
LATENCY 2992000
TIMELINE 7 1495 241735532135400 2992000
LATENCY 3414800
TIMELINE 7 1511 241735585074000 3414800
LATENCY 3340900
TIMELINE 7 1527 241735639891400 3340900
LATENCY 3243900
TIMELINE 7 1543 241735688916400 3243900
LATENCY 3108600
TIMELINE 7 1559 241735739735200 3108600
LATENCY 2784000
TIMELINE 7 1575 241735784864700 2784000
LATENCY 2882600
TIMELINE 7 1591 241735833066800 2882600
LATENCY 2656400
TIMELINE 7 1607 241735884124600 2656400
LATENCY 2705900
TIMELINE 7 1623 241735926590600 2705900
LATENCY 2766200
TIMELINE 7 1639 241735976182300 2766200
LATENCY 2873400
TIMELINE 7 1655 241736023822900 2873400
LATENCY 2711300
TIMELINE 7 1671 241736068355600 2711300
LATENCY 2932900
TIMELINE 7 1687 241736114710400 2932900
LATENCY 2780800
TIMELINE 7 1703 241736157713800 2780800
LATENCY 3289200
TIMELINE 7 1719 241736200967400 3289200
LATENCY 2933500
TIMELINE 7 1735 241736256363600 2933500
LATENCY 3107300
TIMELINE 7 1751 241736303323100 3107300
LATENCY 3204800
TIMELINE 7 1767 241736354747400 3204800
LATENCY 3269000
TIMELINE 7 1783 241736397078600 3269000
LATENCY 3167900
TIMELINE 7 1799 241736447958200 3167900
LATENCY 3170500
TIMELINE 7 1815 241736497839900 3170500
LATENCY 3371900
TIMELINE 7 1831 241736551152100 3371900
LATENCY 3470500
TIMELINE 7 1847 241736605823800 3470500
LATENCY 3352600
TIMELINE 7 1863 241736669340700 3352600
LATENCY 2772600
TIMELINE 7 1879 241736715503900 2772600
LATENCY 2842700
TIMELINE 7 1895 241736758727700 2842700
LATENCY 2984300
TIMELINE 7 1911 241736806466600 2984300
LATENCY 2807700
TIMELINE 7 1927 241736855094700 2807700
LATENCY 2886500
TIMELINE 7 1943 241736899962700 2886500
LATENCY 2312300
TIMELINE 7 1959 241736945989800 2312300
LATENCY 2743400
TIMELINE 7 1975 241736989526000 2743400
LATENCY 3059800
TIMELINE 7 1991 241737035882700 3059800
LATENCY 2962500
TIMELINE 7 2007 241737086698300 2962500
LATENCY 2538800
TIMELINE 7 2023 241737133694300 2538800
LATENCY 2860800
TIMELINE 7 2039 241737180469900 2860800
LATENCY 2447200
TIMELINE 8 8 241731921197400 2447200
LATENCY 2189100
TIMELINE 8 24 241731958935100 2189100
LATENCY 2164400
TIMELINE 8 40 241731995601000 2164400
LATENCY 2199500
TIMELINE 8 56 241732030360500 2199500
LATENCY 2188400
TIMELINE 8 72 241732065655000 2188400
LATENCY 2091400
TIMELINE 8 88 241732100513900 2091400
LATENCY 2208600
TIMELINE 8 104 241732135173100 2208600
LATENCY 2373300
TIMELINE 8 120 241732171303500 2373300
LATENCY 2167900
TIMELINE 8 136 241732226603000 2167900
LATENCY 2310500
TIMELINE 8 152 241732262279400 2310500
LATENCY 2270100
TIMELINE 8 168 241732298429900 2270100
LATENCY 2313900
TIMELINE 8 184 241732335457300 2313900
LATENCY 2170100
TIMELINE 8 200 241732371938500 2170100
LATENCY 2121000
TIMELINE 8 216 241732405954200 2121000
LATENCY 2176200
TIMELINE 8 232 241732440895600 2176200
LATENCY 2090300
TIMELINE 8 248 241732475852000 2090300
LATENCY 2222400
TIMELINE 8 264 241732530016900 2222400
LATENCY 2186100
TIMELINE 8 280 241732564768100 2186100
LATENCY 2152000
TIMELINE 8 296 241732599079600 2152000
LATENCY 2102800
TIMELINE 8 312 241732640603200 2102800
LATENCY 2168500
TIMELINE 8 328 241732675258900 2168500
LATENCY 2172900
TIMELINE 8 344 241732710773900 2172900
LATENCY 2300700
TIMELINE 8 360 241732746173600 2300700
LATENCY 2245300
TIMELINE 8 376 241732782220800 2245300
LATENCY 21918100
TIMELINE 8 392 241732817937900 21918100
LATENCY 2287600
TIMELINE 8 408 241732874220600 2287600
LATENCY 2075200
TIMELINE 8 424 241732909347500 2075200
LATENCY 2141300
TIMELINE 8 440 241732943386400 2141300
LATENCY 2174900
TIMELINE 8 456 241732978145000 2174900
LATENCY 2179300
TIMELINE 8 472 241733013115700 2179300
LATENCY 2297000
TIMELINE 8 488 241733047683500 2297000
LATENCY 2063300
TIMELINE 8 504 241733083218500 2063300
LATENCY 2078600
TIMELINE 8 520 241733116730900 2078600
LATENCY 2120500
TIMELINE 8 536 241733169448800 2120500
LATENCY 2136100
TIMELINE 8 552 241733204394000 2136100
LATENCY 2096500
TIMELINE 8 568 241733238076400 2096500
LATENCY 2089800
TIMELINE 8 584 241733272549900 2089800
LATENCY 2173200
TIMELINE 8 600 241733306373000 2173200
LATENCY 2179600
TIMELINE 8 616 241733340838500 2179600
LATENCY 2126800
TIMELINE 8 632 241733374889900 2126800
LATENCY 2074600
TIMELINE 8 648 241733408615500 2074600
LATENCY 2101500
TIMELINE 8 664 241733461313800 2101500
LATENCY 2178300
TIMELINE 8 680 241733495888000 2178300
LATENCY 2160700
TIMELINE 8 696 241733530600000 2160700
LATENCY 2124000
TIMELINE 8 712 241733565194400 2124000
LATENCY 2145900
TIMELINE 8 728 241733599337200 2145900
LATENCY 2097700
TIMELINE 8 744 241733633082700 2097700
LATENCY 2112300
TIMELINE 8 760 241733666791400 2112300
LATENCY 5470700
TIMELINE 8 776 241733701762300 5470700
LATENCY 21687000
TIMELINE 8 792 241733740892900 21687000
LATENCY 2223900
TIMELINE 8 808 241733795639200 2223900
LATENCY 2178600
TIMELINE 8 824 241733830277200 2178600
LATENCY 2126300
TIMELINE 8 840 241733864535400 2126300
LATENCY 3107800
TIMELINE 8 856 241733898681800 3107800
LATENCY 2100900
TIMELINE 8 872 241733935865700 2100900
LATENCY 2171300
TIMELINE 8 888 241733971103800 2171300
LATENCY 2156100
TIMELINE 8 904 241734007284200 2156100
LATENCY 2103500
TIMELINE 8 920 241734040939400 2103500
LATENCY 2309100
TIMELINE 8 936 241734094762100 2309100
LATENCY 2111300
TIMELINE 8 952 241734130111800 2111300
LATENCY 2104500
TIMELINE 8 968 241734164022800 2104500
LATENCY 2194200
TIMELINE 8 984 241734198449600 2194200
LATENCY 2110000
TIMELINE 8 1000 241734233335300 2110000
LATENCY 2125200
TIMELINE 8 1016 241734267339800 2125200
LATENCY 2038200
TIMELINE 8 1032 241734301243100 2038200
LATENCY 2159000
TIMELINE 8 1048 241734336665200 2159000
LATENCY 2211300
TIMELINE 8 1064 241734377678700 2211300
LATENCY 2167400
TIMELINE 8 1080 241734413607700 2167400
LATENCY 2280300
TIMELINE 8 1096 241734449768000 2280300
LATENCY 2203000
TIMELINE 8 1112 241734485571400 2203000
LATENCY 2145100
TIMELINE 8 1128 241734520348300 2145100
LATENCY 2411400
TIMELINE 8 1144 241734555045900 2411400
LATENCY 2127600
TIMELINE 8 1160 241734590910000 2127600
LATENCY 2265300
TIMELINE 8 1176 241734627352800 2265300
LATENCY 2118000
TIMELINE 8 1192 241734662350500 2118000
LATENCY 2153300
TIMELINE 8 1208 241734702586400 2153300
LATENCY 2707400
TIMELINE 8 1224 241734737352700 2707400
LATENCY 2817200
TIMELINE 8 1240 241734780247100 2817200
LATENCY 2874000
TIMELINE 8 1256 241734831277700 2874000
LATENCY 3018300
TIMELINE 8 1272 241734875896400 3018300
LATENCY 2734700
TIMELINE 8 1288 241734925001200 2734700
LATENCY 2940000
TIMELINE 8 1304 241734968694700 2940000
LATENCY 2696800
TIMELINE 8 1320 241735012010700 2696800
LATENCY 2772400
TIMELINE 8 1336 241735061961000 2772400
LATENCY 2977400
TIMELINE 8 1352 241735106501100 2977400
LATENCY 3037200
TIMELINE 8 1368 241735153894600 3037200
LATENCY 2826700
TIMELINE 8 1384 241735199041600 2826700
LATENCY 3053900
TIMELINE 8 1400 241735244576600 3053900
LATENCY 2990300
TIMELINE 8 1416 241735296266600 2990300
LATENCY 2734600
TIMELINE 8 1432 241735344370300 2734600
LATENCY 2748300
TIMELINE 8 1448 241735389839700 2748300
LATENCY 2975600
TIMELINE 8 1464 241735442027800 2975600
LATENCY 2930400
TIMELINE 8 1480 241735489049900 2930400
LATENCY 3053800
TIMELINE 8 1496 241735536101700 3053800
LATENCY 3381700
TIMELINE 8 1512 241735589799500 3381700
LATENCY 3117500
TIMELINE 8 1528 241735644433600 3117500
LATENCY 3040100
TIMELINE 8 1544 241735693239500 3040100
LATENCY 3211600
TIMELINE 8 1560 241735743992500 3211600
LATENCY 3114800
TIMELINE 8 1576 241735788850600 3114800
LATENCY 8881400
TIMELINE 8 1592 241735837014800 8881400
LATENCY 2698400
TIMELINE 8 1608 241735887466100 2698400
LATENCY 2629700
TIMELINE 8 1624 241735929960600 2629700
LATENCY 2823300
TIMELINE 8 1640 241735979659200 2823300
LATENCY 2916400
TIMELINE 8 1656 241736027414200 2916400
LATENCY 2750000
TIMELINE 8 1672 241736071783900 2750000
LATENCY 2762900
TIMELINE 8 1688 241736118390600 2762900
LATENCY 2728300
TIMELINE 8 1704 241736161216200 2728300
LATENCY 3374700
TIMELINE 8 1720 241736205097000 3374700
LATENCY 3025800
TIMELINE 8 1736 241736260109500 3025800
LATENCY 3271900
TIMELINE 8 1752 241736307101900 3271900
LATENCY 2860700
TIMELINE 8 1768 241736358498200 2860700
LATENCY 3061600
TIMELINE 8 1784 241736401073200 3061600
LATENCY 3209800
TIMELINE 8 1800 241736451924400 3209800
LATENCY 3256200
TIMELINE 8 1816 241736501803300 3256200
LATENCY 3412400
TIMELINE 8 1832 241736555373400 3412400
LATENCY 3379300
TIMELINE 8 1848 241736610215300 3379300
LATENCY 3469900
TIMELINE 8 1864 241736673591100 3469900
LATENCY 3007500
TIMELINE 8 1880 241736719117300 3007500
LATENCY 2966700
TIMELINE 8 1896 241736762347000 2966700
LATENCY 3014800
TIMELINE 8 1912 241736810297300 3014800
LATENCY 2857500
TIMELINE 8 1928 241736858586900 2857500
LATENCY 2757300
TIMELINE 8 1944 241736903515200 2757300
LATENCY 2170300
TIMELINE 8 1960 241736948813700 2170300
LATENCY 2787200
TIMELINE 8 1976 241736993297200 2787200
LATENCY 8386000
TIMELINE 8 1992 241737040083100 8386000
LATENCY 2940100
TIMELINE 8 2008 241737090848700 2940100
LATENCY 2834600
TIMELINE 8 2024 241737137371000 2834600
LATENCY 2772800
TIMELINE 8 2040 241737184376800 2772800
LATENCY 2340400
TIMELINE 9 9 241731923818500 2340400
LATENCY 2598000
TIMELINE 9 25 241731961269800 2598000
LATENCY 2179100
TIMELINE 9 41 241731997942700 2179100
LATENCY 2223700
TIMELINE 9 57 241732032792500 2223700
LATENCY 2162200
TIMELINE 9 73 241732068194900 2162200
LATENCY 2117600
TIMELINE 9 89 241732103018900 2117600
LATENCY 2169900
TIMELINE 9 105 241732137849400 2169900
LATENCY 2315600
TIMELINE 9 121 241732174088400 2315600
LATENCY 2233700
TIMELINE 9 137 241732229067500 2233700
LATENCY 2258600
TIMELINE 9 153 241732264889500 2258600
LATENCY 2234100
TIMELINE 9 169 241732300888500 2234100
LATENCY 2259800
TIMELINE 9 185 241732337875000 2259800
LATENCY 2158700
TIMELINE 9 201 241732374308100 2158700
LATENCY 2199000
TIMELINE 9 217 241732408306700 2199000
LATENCY 2190900
TIMELINE 9 233 241732443308000 2190900
LATENCY 2073600
TIMELINE 9 249 241732478138800 2073600
LATENCY 2133200
TIMELINE 9 265 241732532742700 2133200
LATENCY 2148100
TIMELINE 9 281 241732567493700 2148100
LATENCY 2169300
TIMELINE 9 297 241732601774100 2169300
LATENCY 2056200
TIMELINE 9 313 241732643247100 2056200
LATENCY 2119300
TIMELINE 9 329 241732677994400 2119300
LATENCY 2224400
TIMELINE 9 345 241732713493600 2224400
LATENCY 2231300
TIMELINE 9 361 241732748824400 2231300
LATENCY 2177200
TIMELINE 9 377 241732784872600 2177200
LATENCY 2575200
TIMELINE 9 393 241732840453200 2575200
LATENCY 2286300
TIMELINE 9 409 241732876789500 2286300
LATENCY 2074800
TIMELINE 9 425 241732911671500 2074800
LATENCY 2262200
TIMELINE 9 441 241732945790200 2262200
LATENCY 2137800
TIMELINE 9 457 241732980593100 2137800
LATENCY 2151200
TIMELINE 9 473 241733015566100 2151200
LATENCY 2344800
TIMELINE 9 489 241733049465300 2344800
LATENCY 2051300
TIMELINE 9 505 241733084683900 2051300
LATENCY 2064400
TIMELINE 9 521 241733118218500 2064400
LATENCY 2114400
TIMELINE 9 537 241733170987500 2114400
LATENCY 2142500
TIMELINE 9 553 241733205883400 2142500
LATENCY 2111000
TIMELINE 9 569 241733239546700 2111000
LATENCY 2114000
TIMELINE 9 585 241733273993300 2114000
LATENCY 2158100
TIMELINE 9 601 241733307885200 2158100
LATENCY 2175100
TIMELINE 9 617 241733342330200 2175100
LATENCY 2082900
TIMELINE 9 633 241733376348200 2082900
LATENCY 2043100
TIMELINE 9 649 241733410054800 2043100
LATENCY 2118400
TIMELINE 9 665 241733462769100 2118400
LATENCY 2208200
TIMELINE 9 681 241733497188700 2208200
LATENCY 2166200
TIMELINE 9 697 241733531844300 2166200
LATENCY 2081200
TIMELINE 9 713 241733566415400 2081200
LATENCY 2078700
TIMELINE 9 729 241733600599000 2078700
LATENCY 2110400
TIMELINE 9 745 241733634258100 2110400
LATENCY 2122600
TIMELINE 9 761 241733667984500 2122600
LATENCY 4517800
TIMELINE 9 777 241733704271100 4517800
LATENCY 21947200
TIMELINE 9 793 241733741933200 21947200
LATENCY 2238200
TIMELINE 9 809 241733796745200 2238200
LATENCY 2157000
TIMELINE 9 825 241733831317800 2157000
LATENCY 2151700
TIMELINE 9 841 241733865515600 2151700
LATENCY 2938400
TIMELINE 9 857 241733899884600 2938400
LATENCY 2113000
TIMELINE 9 873 241733936361500 2113000
LATENCY 2175100
TIMELINE 9 889 241733971747400 2175100
LATENCY 2147600
TIMELINE 9 905 241734007919000 2147600
LATENCY 2223700
TIMELINE 9 921 241734041539500 2223700
LATENCY 2249100
TIMELINE 9 937 241734095411500 2249100
LATENCY 2123500
TIMELINE 9 953 241734130551900 2123500
LATENCY 2104800
TIMELINE 9 969 241734164477700 2104800
LATENCY 2192900
TIMELINE 9 985 241734198923800 2192900
LATENCY 2106200
TIMELINE 9 1001 241734233781100 2106200
LATENCY 2124400
TIMELINE 9 1017 241734267758400 2124400
LATENCY 2011400
TIMELINE 9 1033 241734301626300 2011400
LATENCY 2171800
TIMELINE 9 1049 241734337061000 2171800
LATENCY 2212900
TIMELINE 9 1065 241734378102100 2212900
LATENCY 2158700
TIMELINE 9 1081 241734414055500 2158700
LATENCY 2291000
TIMELINE 9 1097 241734450134100 2291000
LATENCY 2215200
TIMELINE 9 1113 241734486188900 2215200
LATENCY 2163900
TIMELINE 9 1129 241734520968200 2163900
LATENCY 2375100
TIMELINE 9 1145 241734555764900 2375100
LATENCY 2125800
TIMELINE 9 1161 241734591504300 2125800
LATENCY 2296200
TIMELINE 9 1177 241734627820900 2296200
LATENCY 7625100
TIMELINE 9 1193 241734662753700 7625100
LATENCY 2211400
TIMELINE 9 1209 241734703063200 2211400
LATENCY 2586400
TIMELINE 9 1225 241734737923800 2586400
LATENCY 2820300
TIMELINE 9 1241 241734780671400 2820300
LATENCY 2856500
TIMELINE 9 1257 241734831715000 2856500
LATENCY 3027400
TIMELINE 9 1273 241734876356400 3027400
LATENCY 2721000
TIMELINE 9 1289 241734925483900 2721000
LATENCY 2940800
TIMELINE 9 1305 241734969345300 2940800
LATENCY 2709700
TIMELINE 9 1321 241735012581800 2709700
LATENCY 2766800
TIMELINE 9 1337 241735062638800 2766800
LATENCY 2991600
TIMELINE 9 1353 241735107147700 2991600
LATENCY 3057200
TIMELINE 9 1369 241735154337900 3057200
LATENCY 2818200
TIMELINE 9 1385 241735199451100 2818200
LATENCY 3013200
TIMELINE 9 1401 241735245068600 3013200
LATENCY 3068000
TIMELINE 9 1417 241735296692700 3068000
LATENCY 2720800
TIMELINE 9 1433 241735344803300 2720800
LATENCY 2678000
TIMELINE 9 1449 241735390253000 2678000
LATENCY 2976100
TIMELINE 9 1465 241735442431500 2976100
LATENCY 2929700
TIMELINE 9 1481 241735489450500 2929700
LATENCY 3056500
TIMELINE 9 1497 241735536513300 3056500
LATENCY 3400300
TIMELINE 9 1513 241735590193400 3400300
LATENCY 3041900
TIMELINE 9 1529 241735644871300 3041900
LATENCY 3040600
TIMELINE 9 1545 241735693587200 3040600
LATENCY 3312900
TIMELINE 9 1561 241735744282100 3312900
LATENCY 3118800
TIMELINE 9 1577 241735789190800 3118800
LATENCY 9034000
TIMELINE 9 1593 241735837336800 9034000
LATENCY 2694000
TIMELINE 9 1609 241735888002200 2694000
LATENCY 2619300
TIMELINE 9 1625 241735930499500 2619300
LATENCY 2838600
TIMELINE 9 1641 241735980197100 2838600
LATENCY 3019500
TIMELINE 9 1657 241736026165500 3019500
LATENCY 2735000
TIMELINE 9 1673 241736070665400 2735000
LATENCY 2846500
TIMELINE 9 1689 241736117251300 2846500
LATENCY 2729800
TIMELINE 9 1705 241736160122200 2729800
LATENCY 3328600
TIMELINE 9 1721 241736203723400 3328600
LATENCY 2941000
TIMELINE 9 1737 241736258814900 2941000
LATENCY 3210000
TIMELINE 9 1753 241736305768500 3210000
LATENCY 2859300
TIMELINE 9 1769 241736357325200 2859300
LATENCY 3086700
TIMELINE 9 1785 241736399846600 3086700
LATENCY 3171400
TIMELINE 9 1801 241736450608400 3171400
LATENCY 3238700
TIMELINE 9 1817 241736500491300 3238700
LATENCY 3479000
TIMELINE 9 1833 241736553889300 3479000
LATENCY 3435600
TIMELINE 9 1849 241736608708000 3435600
LATENCY 3343600
TIMELINE 9 1865 241736672105900 3343600
LATENCY 3008800
TIMELINE 9 1881 241736717717100 3008800
LATENCY 2799400
TIMELINE 9 1897 241736761082600 2799400
LATENCY 3012300
TIMELINE 9 1913 241736808911200 3012300
LATENCY 2836800
TIMELINE 9 1929 241736857337900 2836800
LATENCY 2795100
TIMELINE 9 1945 241736902186300 2795100
LATENCY 2180800
TIMELINE 9 1961 241736947760100 2180800
LATENCY 2754900
TIMELINE 9 1977 241736991574700 2754900
LATENCY 8474600
TIMELINE 9 1993 241737038196900 8474600
LATENCY 2972900
TIMELINE 9 2009 241737088928500 2972900
LATENCY 2648100
TIMELINE 9 2025 241737135626800 2648100
LATENCY 2822000
TIMELINE 9 2041 241737182553100 2822000
LATENCY 2263200
TIMELINE 10 10 241731926099100 2263200
LATENCY 2190100
TIMELINE 10 26 241731963812000 2190100
LATENCY 2200000
TIMELINE 10 42 241732000060200 2200000
LATENCY 2208200
TIMELINE 10 58 241732034928400 2208200
LATENCY 2197000
TIMELINE 10 74 241732070154000 2197000
LATENCY 2123100
TIMELINE 10 90 241732104809300 2123100
LATENCY 2131700
TIMELINE 10 106 241732139637700 2131700
LATENCY 2281200
TIMELINE 10 122 241732175844500 2281200
LATENCY 2232300
TIMELINE 10 138 241732230844400 2232300
LATENCY 2273200
TIMELINE 10 154 241732266718900 2273200
LATENCY 2202700
TIMELINE 10 170 241732302840800 2202700
LATENCY 2358600
TIMELINE 10 186 241732339981600 2358600
LATENCY 2094400
TIMELINE 10 202 241732376559000 2094400
LATENCY 2153500
TIMELINE 10 218 241732410599200 2153500
LATENCY 2151600
TIMELINE 10 234 241732445591800 2151600
LATENCY 2184200
TIMELINE 10 250 241732480326900 2184200
LATENCY 2110000
TIMELINE 10 266 241732534647400 2110000
LATENCY 2111500
TIMELINE 10 282 241732569349800 2111500
LATENCY 2180700
TIMELINE 10 298 241732603634400 2180700
LATENCY 2052400
TIMELINE 10 314 241732645591300 2052400
LATENCY 2139500
TIMELINE 10 330 241732680465300 2139500
LATENCY 2132300
TIMELINE 10 346 241732715807400 2132300
LATENCY 2206400
TIMELINE 10 362 241732751185500 2206400
LATENCY 2251300
TIMELINE 10 378 241732787156900 2251300
LATENCY 2472900
TIMELINE 10 394 241732842996800 2472900
LATENCY 2208100
TIMELINE 10 410 241732879205200 2208100
LATENCY 2141900
TIMELINE 10 426 241732913861800 2141900
LATENCY 2181100
TIMELINE 10 442 241732948177900 2181100
LATENCY 2183600
TIMELINE 10 458 241732982961700 2183600
LATENCY 2322700
TIMELINE 10 474 241733017953700 2322700
LATENCY 2365800
TIMELINE 10 490 241733053218900 2365800
LATENCY 2073800
TIMELINE 10 506 241733088003700 2073800
LATENCY 2070900
TIMELINE 10 522 241733121509700 2070900
LATENCY 2100300
TIMELINE 10 538 241733174350600 2100300
LATENCY 2110700
TIMELINE 10 554 241733209385300 2110700
LATENCY 2095500
TIMELINE 10 570 241733242926200 2095500
LATENCY 2126500
TIMELINE 10 586 241733277618600 2126500
LATENCY 2184500
TIMELINE 10 602 241733311625000 2184500
LATENCY 2136000
TIMELINE 10 618 241733346052300 2136000
LATENCY 2133400
TIMELINE 10 634 241733379803400 2133400
LATENCY 2104700
TIMELINE 10 650 241733413554200 2104700
LATENCY 2116000
TIMELINE 10 666 241733466192700 2116000
LATENCY 2170000
TIMELINE 10 682 241733500968900 2170000
LATENCY 2151700
TIMELINE 10 698 241733535622100 2151700
LATENCY 2062800
TIMELINE 10 714 241733570054900 2062800
LATENCY 2088900
TIMELINE 10 730 241733604293000 2088900
LATENCY 2118200
TIMELINE 10 746 241733637933100 2118200
LATENCY 2091200
TIMELINE 10 762 241733671696500 2091200
LATENCY 2224200
TIMELINE 10 778 241733710590300 2224200
LATENCY 2250700
TIMELINE 10 794 241733765706500 2250700
LATENCY 2169600
TIMELINE 10 810 241733800834700 2169600
LATENCY 2107400
TIMELINE 10 826 241733835252400 2107400
LATENCY 2097100
TIMELINE 10 842 241733869419900 2097100
LATENCY 2381400
TIMELINE 10 858 241733904902100 2381400
LATENCY 2103700
TIMELINE 10 874 241733940312600 2103700
LATENCY 2115100
TIMELINE 10 890 241733975681200 2115100
LATENCY 2094700
TIMELINE 10 906 241734011760100 2094700
LATENCY 2069600
TIMELINE 10 922 241734045426900 2069600
LATENCY 2100600
TIMELINE 10 938 241734099473700 2100600
LATENCY 2137400
TIMELINE 10 954 241734134614300 2137400
LATENCY 2276500
TIMELINE 10 970 241734168494400 2276500
LATENCY 2088200
TIMELINE 10 986 241734202997300 2088200
LATENCY 2114900
TIMELINE 10 1002 241734237790500 2114900
LATENCY 2156100
TIMELINE 10 1018 241734271732500 2156100
LATENCY 2081300
TIMELINE 10 1034 241734305546300 2081300
LATENCY 2147000
TIMELINE 10 1050 241734341204000 2147000
LATENCY 2262400
TIMELINE 10 1066 241734382291200 2262400
LATENCY 2295100
TIMELINE 10 1082 241734418204800 2295100
LATENCY 2553400
TIMELINE 10 1098 241734454525500 2553400
LATENCY 2184900
TIMELINE 10 1114 241734490464100 2184900
LATENCY 2167700
TIMELINE 10 1130 241734525195700 2167700
LATENCY 2316800
TIMELINE 10 1146 241734560297100 2316800
LATENCY 2295700
TIMELINE 10 1162 241734595661600 2295700
LATENCY 2244500
TIMELINE 10 1178 241734632268200 2244500
LATENCY 2253800
TIMELINE 10 1194 241734672611700 2253800
LATENCY 2138100
TIMELINE 10 1210 241734707440700 2138100
LATENCY 2167500
TIMELINE 10 1226 241734742865300 2167500
LATENCY 2811200
TIMELINE 10 1242 241734786483900 2811200
LATENCY 2764500
TIMELINE 10 1258 241734837363200 2764500
LATENCY 2997500
TIMELINE 10 1274 241734882502000 2997500
LATENCY 2606100
TIMELINE 10 1290 241734930857000 2606100
LATENCY 2676200
TIMELINE 10 1306 241734975413300 2676200
LATENCY 2606700
TIMELINE 10 1322 241735017962200 2606700
LATENCY 2779200
TIMELINE 10 1338 241735068046000 2779200
LATENCY 3069400
TIMELINE 10 1354 241735113043600 3069400
LATENCY 3007100
TIMELINE 10 1370 241735160284700 3007100
LATENCY 2716100
TIMELINE 10 1386 241735204938200 2716100
LATENCY 2932100
TIMELINE 10 1402 241735250956900 2932100
LATENCY 3057900
TIMELINE 10 1418 241735302611800 3057900
LATENCY 2683600
TIMELINE 10 1434 241735350286400 2683600
LATENCY 2703300
TIMELINE 10 1450 241735395550100 2703300
LATENCY 2945800
TIMELINE 10 1466 241735448379400 2945800
LATENCY 2936200
TIMELINE 10 1482 241735495339700 2936200
LATENCY 3815000
TIMELINE 10 1498 241735543709300 3815000
LATENCY 3423600
TIMELINE 10 1514 241735597027100 3423600
LATENCY 3120300
TIMELINE 10 1530 241735650932500 3120300
LATENCY 3176000
TIMELINE 10 1546 241735699902100 3176000
LATENCY 2845800
TIMELINE 10 1562 241735750434700 2845800
LATENCY 3041500
TIMELINE 10 1578 241735795382800 3041500
LATENCY 2907900
TIMELINE 10 1594 241735849471600 2907900
LATENCY 2643800
TIMELINE 10 1610 241735893209700 2643800
LATENCY 2879200
TIMELINE 10 1626 241735935597400 2879200
LATENCY 2684900
TIMELINE 10 1642 241735985614300 2684900
LATENCY 2645500
TIMELINE 10 1658 241736031321000 2645500
LATENCY 2707300
TIMELINE 10 1674 241736075561800 2707300
LATENCY 2763400
TIMELINE 10 1690 241736122217900 2763400
LATENCY 2771300
TIMELINE 10 1706 241736164947100 2771300
LATENCY 3060400
TIMELINE 10 1722 241736209601800 3060400
LATENCY 3003400
TIMELINE 10 1738 241736264259200 3003400
LATENCY 3291200
TIMELINE 10 1754 241736311465600 3291200
LATENCY 2677500
TIMELINE 10 1770 241736362451500 2677500
LATENCY 3190700
TIMELINE 10 1786 241736405241800 3190700
LATENCY 3099000
TIMELINE 10 1802 241736456302700 3099000
LATENCY 3268300
TIMELINE 10 1818 241736506166700 3268300
LATENCY 3544200
TIMELINE 10 1834 241736559902800 3544200
LATENCY 3435300
TIMELINE 10 1850 241736614724400 3435300
LATENCY 3268400
TIMELINE 10 1866 241736678205600 3268400
LATENCY 2859800
TIMELINE 10 1882 241736723155700 2859800
LATENCY 3004500
TIMELINE 10 1898 241736766363500 3004500
LATENCY 2741400
TIMELINE 10 1914 241736814937800 2741400
LATENCY 2993600
TIMELINE 10 1930 241736862424000 2993600
LATENCY 3032600
TIMELINE 10 1946 241736907282100 3032600
LATENCY 3275500
TIMELINE 10 1962 241736951751600 3275500
LATENCY 2782600
TIMELINE 10 1978 241736996718800 2782600
LATENCY 2644800
TIMELINE 10 1994 241737049138800 2644800
LATENCY 3012900
TIMELINE 10 2010 241737094448100 3012900
LATENCY 2877300
TIMELINE 10 2026 241737140804600 2877300
LATENCY 2882300
TIMELINE 10 2042 241737187719700 2882300
LATENCY 3229000
TIMELINE 11 11 241731928331200 3229000
LATENCY 2492700
TIMELINE 11 27 241731966051200 2492700
LATENCY 2163900
TIMELINE 11 43 241732002460300 2163900
LATENCY 2226400
TIMELINE 11 59 241732037366300 2226400
LATENCY 2089400
TIMELINE 11 75 241732072527700 2089400
LATENCY 2146100
TIMELINE 11 91 241732107185000 2146100
LATENCY 2204400
TIMELINE 11 107 241732142027700 2204400
LATENCY 2231400
TIMELINE 11 123 241732178559000 2231400
LATENCY 2215600
TIMELINE 11 139 241732233541000 2215600
LATENCY 2300600
TIMELINE 11 155 241732269490000 2300600
LATENCY 2250900
TIMELINE 11 171 241732305478000 2250900
LATENCY 2204700
TIMELINE 11 187 241732342659100 2204700
LATENCY 2106000
TIMELINE 11 203 241732378624500 2106000
LATENCY 2147500
TIMELINE 11 219 241732412723700 2147500
LATENCY 2175000
TIMELINE 11 235 241732447712500 2175000
LATENCY 2492700
TIMELINE 11 251 241732482452400 2492700
LATENCY 2088700
TIMELINE 11 267 241732536620800 2088700
LATENCY 2166600
TIMELINE 11 283 241732571315600 2166600
LATENCY 2166500
TIMELINE 11 299 241732605734800 2166500
LATENCY 2086900
TIMELINE 11 315 241732647028800 2086900
LATENCY 2160200
TIMELINE 11 331 241732681911900 2160200
LATENCY 2245600
TIMELINE 11 347 241732717379900 2245600
LATENCY 2268000
TIMELINE 11 363 241732752693100 2268000
LATENCY 2236700
TIMELINE 11 379 241732788759800 2236700
LATENCY 2476400
TIMELINE 11 395 241732844842100 2476400
LATENCY 2330700
TIMELINE 11 411 241732880902000 2330700
LATENCY 2109600
TIMELINE 11 427 241732915488700 2109600
LATENCY 2161000
TIMELINE 11 443 241732949782400 2161000
LATENCY 2129100
TIMELINE 11 459 241732984623000 2129100
LATENCY 2222400
TIMELINE 11 475 241733019690000 2222400
LATENCY 2522900
TIMELINE 11 491 241733054322000 2522900
LATENCY 2061600
TIMELINE 11 507 241733089062400 2061600
LATENCY 2047500
TIMELINE 11 523 241733122570400 2047500
LATENCY 2161400
TIMELINE 11 539 241733175471900 2161400
LATENCY 2082600
TIMELINE 11 555 241733210305700 2082600
LATENCY 2100500
TIMELINE 11 571 241733243848500 2100500
LATENCY 2123900
TIMELINE 11 587 241733278469200 2123900
LATENCY 2152200
TIMELINE 11 603 241733312473300 2152200
LATENCY 2122300
TIMELINE 11 619 241733346884600 2122300
LATENCY 2115300
TIMELINE 11 635 241733380787100 2115300
LATENCY 2122000
TIMELINE 11 651 241733414507800 2122000
LATENCY 2132000
TIMELINE 11 667 241733467196200 2132000
LATENCY 2123000
TIMELINE 11 683 241733502328000 2123000
LATENCY 2185400
TIMELINE 11 699 241733536948600 2185400
LATENCY 2136800
TIMELINE 11 715 241733571324100 2136800
LATENCY 2093400
TIMELINE 11 731 241733605582200 2093400
LATENCY 2111000
TIMELINE 11 747 241733639254200 2111000
LATENCY 2117900
TIMELINE 11 763 241733673002200 2117900
LATENCY 2224200
TIMELINE 11 779 241733711842900 2224200
LATENCY 2179500
TIMELINE 11 795 241733767072900 2179500
LATENCY 2171600
TIMELINE 11 811 241733802117100 2171600
LATENCY 2186700
TIMELINE 11 827 241733836498500 2186700
LATENCY 2106200
TIMELINE 11 843 241733870674600 2106200
LATENCY 2225100
TIMELINE 11 859 241733905707100 2225100
LATENCY 2116700
TIMELINE 11 875 241733940936100 2116700
LATENCY 2116200
TIMELINE 11 891 241733976325500 2116200
LATENCY 2084800
TIMELINE 11 907 241734012388600 2084800
LATENCY 2107400
TIMELINE 11 923 241734046010300 2107400
LATENCY 2132700
TIMELINE 11 939 241734100047500 2132700
LATENCY 2142800
TIMELINE 11 955 241734135266300 2142800
LATENCY 2291400
TIMELINE 11 971 241734169155100 2291400
LATENCY 2223900
TIMELINE 11 987 241734203761200 2223900
LATENCY 2144100
TIMELINE 11 1003 241734238665200 2144100
LATENCY 2156500
TIMELINE 11 1019 241734272630600 2156500
LATENCY 2152600
TIMELINE 11 1035 241734306327000 2152600
LATENCY 2154300
TIMELINE 11 1051 241734342013300 2154300
LATENCY 2285400
TIMELINE 11 1067 241734383090100 2285400
LATENCY 2240400
TIMELINE 11 1083 241734419214900 2240400
LATENCY 2446700
TIMELINE 11 1099 241734455458500 2446700
LATENCY 2199700
TIMELINE 11 1115 241734491258500 2199700
LATENCY 2144000
TIMELINE 11 1131 241734526024600 2144000
LATENCY 2339500
TIMELINE 11 1147 241734561261900 2339500
LATENCY 2339900
TIMELINE 11 1163 241734596702700 2339900
LATENCY 2203400
TIMELINE 11 1179 241734633166600 2203400
LATENCY 2110300
TIMELINE 11 1195 241734673579900 2110300
LATENCY 2158300
TIMELINE 11 1211 241734708268800 2158300
LATENCY 2169900
TIMELINE 11 1227 241734743648300 2169900
LATENCY 2830100
TIMELINE 11 1243 241734787527700 2830100
LATENCY 2734400
TIMELINE 11 1259 241734838448800 2734400
LATENCY 2986200
TIMELINE 11 1275 241734883684500 2986200
LATENCY 2647400
TIMELINE 11 1291 241734931842100 2647400
LATENCY 2763300
TIMELINE 11 1307 241734976390900 2763300
LATENCY 2707800
TIMELINE 11 1323 241735018924100 2707800
LATENCY 2780400
TIMELINE 11 1339 241735069064000 2780400
LATENCY 2994700
TIMELINE 11 1355 241735114120800 2994700
LATENCY 2994900
TIMELINE 11 1371 241735161384900 2994900
LATENCY 2707800
TIMELINE 11 1387 241735205904400 2707800
LATENCY 2896800
TIMELINE 11 1403 241735251993300 2896800
LATENCY 3052600
TIMELINE 11 1419 241735303439500 3052600
LATENCY 2707600
TIMELINE 11 1435 241735350994400 2707600
LATENCY 2683700
TIMELINE 11 1451 241735396339500 2683700
LATENCY 2911700
TIMELINE 11 1467 241735449224700 2911700
LATENCY 2945700
TIMELINE 11 1483 241735496150100 2945700
LATENCY 3853100
TIMELINE 11 1499 241735544477300 3853100
LATENCY 3374600
TIMELINE 11 1515 241735597952000 3374600
LATENCY 3061600
TIMELINE 11 1531 241735651809600 3061600
LATENCY 3336800
TIMELINE 11 1547 241735700649700 3336800
LATENCY 2831900
TIMELINE 11 1563 241735751124600 2831900
LATENCY 3027800
TIMELINE 11 1579 241735796164100 3027800
LATENCY 2912800
TIMELINE 11 1595 241735850159500 2912800
LATENCY 2638800
TIMELINE 11 1611 241735893825900 2638800
LATENCY 2944400
TIMELINE 11 1627 241735936197500 2944400
LATENCY 2696300
TIMELINE 11 1643 241735986236600 2696300
LATENCY 2632000
TIMELINE 11 1659 241736031179100 2632000
LATENCY 2697200
TIMELINE 11 1675 241736075405600 2697200
LATENCY 2755700
TIMELINE 11 1691 241736122079200 2755700
LATENCY 2772300
TIMELINE 11 1707 241736164802300 2772300
LATENCY 3060400
TIMELINE 11 1723 241736209507400 3060400
LATENCY 2993700
TIMELINE 11 1739 241736264180700 2993700
LATENCY 3292200
TIMELINE 11 1755 241736311416100 3292200
LATENCY 2673100
TIMELINE 11 1771 241736362402100 2673100
LATENCY 3185600
TIMELINE 11 1787 241736405199500 3185600
LATENCY 3098700
TIMELINE 11 1803 241736456261700 3098700
LATENCY 3268600
TIMELINE 11 1819 241736506120900 3268600
LATENCY 3533500
TIMELINE 11 1835 241736559814200 3533500
LATENCY 3421200
TIMELINE 11 1851 241736614596900 3421200
LATENCY 3278800
TIMELINE 11 1867 241736678064800 3278800
LATENCY 2831200
TIMELINE 11 1883 241736723070000 2831200
LATENCY 3003600
TIMELINE 11 1899 241736766236600 3003600
LATENCY 2806600
TIMELINE 11 1915 241736814738200 2806600
LATENCY 2995400
TIMELINE 11 1931 241736862291700 2995400
LATENCY 3023800
TIMELINE 11 1947 241736907156400 3023800
LATENCY 2648900
TIMELINE 11 1963 241736951664600 2648900
LATENCY 2775500
TIMELINE 11 1979 241736996297300 2775500
LATENCY 2708000
TIMELINE 11 1995 241737048682500 2708000
LATENCY 2973400
TIMELINE 11 2011 241737093993300 2973400
LATENCY 2931800
TIMELINE 11 2027 241737140426400 2931800
LATENCY 2837300
TIMELINE 11 2043 241737187384800 2837300
LATENCY 2414500
TIMELINE 12 12 241731931839600 2414500
LATENCY 2393000
TIMELINE 12 28 241731968515300 2393000
LATENCY 2127400
TIMELINE 12 44 241732004593500 2127400
LATENCY 2180300
TIMELINE 12 60 241732039625600 2180300
LATENCY 2214800
TIMELINE 12 76 241732074708800 2214800
LATENCY 2157900
TIMELINE 12 92 241732109363900 2157900
LATENCY 2104500
TIMELINE 12 108 241732144297900 2104500
LATENCY 2312900
TIMELINE 12 124 241732180860800 2312900
LATENCY 2191200
TIMELINE 12 140 241732235670800 2191200
LATENCY 2506500
TIMELINE 12 156 241732271472800 2506500
LATENCY 2289000
TIMELINE 12 172 241732307604400 2289000
LATENCY 2337000
TIMELINE 12 188 241732344743900 2337000
LATENCY 2076000
TIMELINE 12 204 241732380700900 2076000
LATENCY 2177000
TIMELINE 12 220 241732414843600 2177000
LATENCY 2181600
TIMELINE 12 236 241732449857900 2181600
LATENCY 2406200
TIMELINE 12 252 241732485011800 2406200
LATENCY 2095800
TIMELINE 12 268 241732538964900 2095800
LATENCY 2066200
TIMELINE 12 284 241732573674700 2066200
LATENCY 2113300
TIMELINE 12 300 241732608060900 2113300
LATENCY 2078800
TIMELINE 12 316 241732649548600 2078800
LATENCY 2146200
TIMELINE 12 332 241732684546900 2146200
LATENCY 2256000
TIMELINE 12 348 241732720158200 2256000
LATENCY 2276300
TIMELINE 12 364 241732755568400 2276300
LATENCY 2186500
TIMELINE 12 380 241732791398300 2186500
LATENCY 2254700
TIMELINE 12 396 241732847690000 2254700
LATENCY 2225000
TIMELINE 12 412 241732883659300 2225000
LATENCY 2114800
TIMELINE 12 428 241732917991600 2114800
LATENCY 2187200
TIMELINE 12 444 241732952357200 2187200
LATENCY 2281700
TIMELINE 12 460 241732987121200 2281700
LATENCY 2108200
TIMELINE 12 476 241733022280200 2108200
LATENCY 2241500
TIMELINE 12 492 241733057814500 2241500
LATENCY 2060700
TIMELINE 12 508 241733091977900 2060700
LATENCY 2074900
TIMELINE 12 524 241733125486300 2074900
LATENCY 2297200
TIMELINE 12 540 241733178583600 2297200
LATENCY 2099400
TIMELINE 12 556 241733213419500 2099400
LATENCY 2090600
TIMELINE 12 572 241733246973100 2090600
LATENCY 2096800
TIMELINE 12 588 241733281417300 2096800
LATENCY 2147500
TIMELINE 12 604 241733315451800 2147500
LATENCY 2130400
TIMELINE 12 620 241733349857500 2130400
LATENCY 2115500
TIMELINE 12 636 241733383745900 2115500
LATENCY 2086600
TIMELINE 12 652 241733417461700 2086600
LATENCY 2096900
TIMELINE 12 668 241733470243900 2096900
LATENCY 2131400
TIMELINE 12 684 241733505131700 2131400
LATENCY 2107600
TIMELINE 12 700 241733539836900 2107600
LATENCY 2092000
TIMELINE 12 716 241733574121400 2092000
LATENCY 2093600
TIMELINE 12 732 241733608326100 2093600
LATENCY 2122300
TIMELINE 12 748 241733642017500 2122300
LATENCY 2110000
TIMELINE 12 764 241733675783000 2110000
LATENCY 2099300
TIMELINE 12 780 241733714884100 2099300
LATENCY 2120100
TIMELINE 12 796 241733770127900 2120100
LATENCY 2175800
TIMELINE 12 812 241733805164700 2175800
LATENCY 2068000
TIMELINE 12 828 241733839481900 2068000
LATENCY 2114100
TIMELINE 12 844 241733873531800 2114100
LATENCY 2274000
TIMELINE 12 860 241733909278000 2274000
LATENCY 2111300
TIMELINE 12 876 241733944292600 2111300
LATENCY 2351200
TIMELINE 12 892 241733979710500 2351200
LATENCY 2079700
TIMELINE 12 908 241734015589300 2079700
LATENCY 2078800
TIMELINE 12 924 241734049236900 2078800
LATENCY 2372300
TIMELINE 12 940 241734103201200 2372300
LATENCY 2119800
TIMELINE 12 956 241734138393200 2119800
LATENCY 2064800
TIMELINE 12 972 241734172450500 2064800
LATENCY 2258400
TIMELINE 12 988 241734206963000 2258400
LATENCY 2116800
TIMELINE 12 1004 241734241650400 2116800
LATENCY 2112000
TIMELINE 12 1020 241734275635800 2112000
LATENCY 2359200
TIMELINE 12 1036 241734309579700 2359200
LATENCY 2196800
TIMELINE 12 1052 241734345056000 2196800
LATENCY 2098300
TIMELINE 12 1068 241734386349700 2098300
LATENCY 2178900
TIMELINE 12 1084 241734422346900 2178900
LATENCY 2226900
TIMELINE 12 1100 241734458920100 2226900
LATENCY 2136700
TIMELINE 12 1116 241734494374200 2136700
LATENCY 2148400
TIMELINE 12 1132 241734529037800 2148400
LATENCY 2255200
TIMELINE 12 1148 241734564531900 2255200
LATENCY 2222100
TIMELINE 12 1164 241734599964700 2222100
LATENCY 2206500
TIMELINE 12 1180 241734636225500 2206500
LATENCY 2144700
TIMELINE 12 1196 241734676544900 2144700
LATENCY 2108900
TIMELINE 12 1212 241734711335200 2108900
LATENCY 2161700
TIMELINE 12 1228 241734746922200 2161700
LATENCY 2895200
TIMELINE 12 1244 241734791899500 2895200
LATENCY 2741400
TIMELINE 12 1260 241734842534600 2741400
LATENCY 3040600
TIMELINE 12 1276 241734888103300 3040600
LATENCY 2539300
TIMELINE 12 1292 241734935761000 2539300
LATENCY 2580500
TIMELINE 12 1308 241734980571500 2580500
LATENCY 2869500
TIMELINE 12 1324 241735022970900 2869500
LATENCY 2671100
TIMELINE 12 1340 241735073232200 2671100
LATENCY 2954100
TIMELINE 12 1356 241735118425100 2954100
LATENCY 2990400
TIMELINE 12 1372 241735165816000 2990400
LATENCY 2861300
TIMELINE 12 1388 241735210047600 2861300
LATENCY 2921100
TIMELINE 12 1404 241735256428300 2921100
LATENCY 2971500
TIMELINE 12 1420 241735308318500 2971500
LATENCY 2733700
TIMELINE 12 1436 241735355316800 2733700
LATENCY 2861800
TIMELINE 12 1452 241735400793000 2861800
LATENCY 2891400
TIMELINE 12 1468 241735454009300 2891400
LATENCY 2938600
TIMELINE 12 1484 241735500963200 2938600
LATENCY 2834900
TIMELINE 12 1500 241735550306900 2834900
LATENCY 3572000
TIMELINE 12 1516 241735603564800 3572000
LATENCY 2926400
TIMELINE 12 1532 241735656748500 2926400
LATENCY 2957000
TIMELINE 12 1548 241735705966600 2957000
LATENCY 2881400
TIMELINE 12 1564 241735755879900 2881400
LATENCY 3092700
TIMELINE 12 1580 241735801161400 3092700
LATENCY 3022500
TIMELINE 12 1596 241735854851800 3022500
LATENCY 2634300
TIMELINE 12 1612 241735898037200 2634300
LATENCY 2764400
TIMELINE 12 1628 241735940785800 2764400
LATENCY 2713900
TIMELINE 12 1644 241735990595600 2713900
LATENCY 2707700
TIMELINE 12 1660 241736038631700 2707700
LATENCY 3002200
TIMELINE 12 1676 241736083200300 3002200
LATENCY 2609200
TIMELINE 12 1692 241736129722500 2609200
LATENCY 2724900
TIMELINE 12 1708 241736172347200 2724900
LATENCY 3073800
TIMELINE 12 1724 241736217956500 3073800
LATENCY 2913300
TIMELINE 12 1740 241736272713900 2913300
LATENCY 3270100
TIMELINE 12 1756 241736320465800 3270100
LATENCY 2679000
TIMELINE 12 1772 241736369339400 2679000
LATENCY 3231200
TIMELINE 12 1788 241736414298900 3231200
LATENCY 3174700
TIMELINE 12 1804 241736464930800 3174700
LATENCY 3336300
TIMELINE 12 1820 241736515193400 3336300
LATENCY 3325600
TIMELINE 12 1836 241736569749700 3325600
LATENCY 3421600
TIMELINE 12 1852 241736624369500 3421600
LATENCY 2653900
TIMELINE 12 1868 241736686988300 2653900
LATENCY 2530100
TIMELINE 12 1884 241736730771200 2530100
LATENCY 3051400
TIMELINE 12 1900 241736774775200 3051400
LATENCY 3034800
TIMELINE 12 1916 241736823061400 3034800
LATENCY 2809800
TIMELINE 12 1932 241736870490200 2809800
LATENCY 2928900
TIMELINE 12 1948 241736915640800 2928900
LATENCY 2754700
TIMELINE 12 1964 241736960386100 2754700
LATENCY 3062600
TIMELINE 12 1980 241737004811800 3062600
LATENCY 2755600
TIMELINE 12 1996 241737057232900 2755600
LATENCY 2734200
TIMELINE 12 2012 241737103080100 2734200
LATENCY 2950100
TIMELINE 12 2028 241737149443900 2950100
LATENCY 3734600
TIMELINE 12 2044 241737196426800 3734600
LATENCY 2271100
TIMELINE 13 13 241731934076100 2271100
LATENCY 2408900
TIMELINE 13 29 241731970795600 2408900
LATENCY 2167100
TIMELINE 13 45 241732006640600 2167100
LATENCY 2161400
TIMELINE 13 61 241732041753000 2161400
LATENCY 2168000
TIMELINE 13 77 241732076772100 2168000
LATENCY 2156000
TIMELINE 13 93 241732111417600 2156000
LATENCY 2170800
TIMELINE 13 109 241732146316000 2170800
LATENCY 2279100
TIMELINE 13 125 241732183058300 2279100
LATENCY 2246000
TIMELINE 13 141 241732237802000 2246000
LATENCY 2428500
TIMELINE 13 157 241732273822400 2428500
LATENCY 2272800
TIMELINE 13 173 241732309501100 2272800
LATENCY 2441200
TIMELINE 13 189 241732346844300 2441200
LATENCY 2101600
TIMELINE 13 205 241732382499900 2101600
LATENCY 2176000
TIMELINE 13 221 241732416742700 2176000
LATENCY 2139800
TIMELINE 13 237 241732451747300 2139800
LATENCY 2154000
TIMELINE 13 253 241732487035600 2154000
LATENCY 2086400
TIMELINE 13 269 241732540845200 2086400
LATENCY 2089800
TIMELINE 13 285 241732575609200 2089800
LATENCY 2132900
TIMELINE 13 301 241732610121300 2132900
LATENCY 2114000
TIMELINE 13 317 241732651686300 2114000
LATENCY 2203400
TIMELINE 13 333 241732686781100 2203400
LATENCY 2177900
TIMELINE 13 349 241732722582800 2177900
LATENCY 2352800
TIMELINE 13 365 241732758253200 2352800
LATENCY 2201200
TIMELINE 13 381 241732793999100 2201200
LATENCY 2231400
TIMELINE 13 397 241732850404600 2231400
LATENCY 2168800
TIMELINE 13 413 241732886102000 2168800
LATENCY 2097300
TIMELINE 13 429 241732920315200 2097300
LATENCY 2192300
TIMELINE 13 445 241732954806300 2192300
LATENCY 2197900
TIMELINE 13 461 241732989541800 2197900
LATENCY 2184900
TIMELINE 13 477 241733024455300 2184900
LATENCY 2235400
TIMELINE 13 493 241733060122100 2235400
LATENCY 2073700
TIMELINE 13 509 241733094099200 2073700
LATENCY 20660900
TIMELINE 13 525 241733127593600 20660900
LATENCY 2313100
TIMELINE 13 541 241733180912200 2313100
LATENCY 2089100
TIMELINE 13 557 241733215549300 2089100
LATENCY 2122600
TIMELINE 13 573 241733249096000 2122600
LATENCY 2103500
TIMELINE 13 589 241733283572800 2103500
LATENCY 2358700
TIMELINE 13 605 241733317799500 2358700
LATENCY 2116700
TIMELINE 13 621 241733352173300 2116700
LATENCY 2122500
TIMELINE 13 637 241733386041100 2122500
LATENCY 2078800
TIMELINE 13 653 241733419744700 2078800
LATENCY 2099000
TIMELINE 13 669 241733472433200 2099000
LATENCY 2106700
TIMELINE 13 685 241733507350000 2106700
LATENCY 2111500
TIMELINE 13 701 241733542028500 2111500
LATENCY 2136700
TIMELINE 13 717 241733576336500 2136700
LATENCY 2112400
TIMELINE 13 733 241733610507600 2112400
LATENCY 2089500
TIMELINE 13 749 241733644226800 2089500
LATENCY 2090800
TIMELINE 13 765 241733677981800 2090800
LATENCY 2209200
TIMELINE 13 781 241733717183300 2209200
LATENCY 2097400
TIMELINE 13 797 241733772415300 2097400
LATENCY 2120600
TIMELINE 13 813 241733807523400 2120600
LATENCY 2145400
TIMELINE 13 829 241733841669300 2145400
LATENCY 2105400
TIMELINE 13 845 241733875850000 2105400
LATENCY 2250400
TIMELINE 13 861 241733911728400 2250400
LATENCY 2135300
TIMELINE 13 877 241733946588300 2135300
LATENCY 2254300
TIMELINE 13 893 241733982153700 2254300
LATENCY 2067700
TIMELINE 13 909 241734017760200 2067700
LATENCY 2077900
TIMELINE 13 925 241734051404100 2077900
LATENCY 2514700
TIMELINE 13 941 241734105915500 2514700
LATENCY 2093000
TIMELINE 13 957 241734140770000 2093000
LATENCY 2145000
TIMELINE 13 973 241734174731200 2145000
LATENCY 2155000
TIMELINE 13 989 241734209526900 2155000
LATENCY 2191600
TIMELINE 13 1005 241734244048800 2191600
LATENCY 2149200
TIMELINE 13 1021 241734278030900 2149200
LATENCY 2388500
TIMELINE 13 1037 241734312084900 2388500
LATENCY 2092200
TIMELINE 13 1053 241734347835100 2092200
LATENCY 2451900
TIMELINE 13 1069 241734389046700 2451900
LATENCY 2202400
TIMELINE 13 1085 241734425104400 2202400
LATENCY 2188100
TIMELINE 13 1101 241734461631900 2188100
LATENCY 2123700
TIMELINE 13 1117 241734496893700 2123700
LATENCY 2138200
TIMELINE 13 1133 241734531568900 2138200
LATENCY 2301600
TIMELINE 13 1149 241734567249700 2301600
LATENCY 2265900
TIMELINE 13 1165 241734602616300 2265900
LATENCY 2226700
TIMELINE 13 1181 241734638876200 2226700
LATENCY 2119100
TIMELINE 13 1197 241734679086600 2119100
LATENCY 2143800
TIMELINE 13 1213 241734713787200 2143800
LATENCY 2116400
TIMELINE 13 1229 241734749308100 2116400
LATENCY 2953900
TIMELINE 13 1245 241734795138300 2953900
LATENCY 2759900
TIMELINE 13 1261 241734845583500 2759900
LATENCY 3018700
TIMELINE 13 1277 241734891463600 3018700
LATENCY 2620100
TIMELINE 13 1293 241734938543500 2620100
LATENCY 2593800
TIMELINE 13 1309 241734983397800 2593800
LATENCY 2822200
TIMELINE 13 1325 241735026144300 2822200
LATENCY 2727400
TIMELINE 13 1341 241735076127800 2727400
LATENCY 2873500
TIMELINE 13 1357 241735121646200 2873500
LATENCY 2764900
TIMELINE 13 1373 241735169092400 2764900
LATENCY 2717400
TIMELINE 13 1389 241735213083100 2717400
LATENCY 2934100
TIMELINE 13 1405 241735259553700 2934100
LATENCY 3087400
TIMELINE 13 1421 241735311470100 3087400
LATENCY 2678700
TIMELINE 13 1437 241735358195800 2678700
LATENCY 2932800
TIMELINE 13 1453 241735404065100 2932800
LATENCY 2922400
TIMELINE 13 1469 241735457219900 2922400
LATENCY 2884100
TIMELINE 13 1485 241735504235600 2884100
LATENCY 2855900
TIMELINE 13 1501 241735553462400 2855900
LATENCY 3364100
TIMELINE 13 1517 241735607490800 3364100
LATENCY 2948900
TIMELINE 13 1533 241735660101600 2948900
LATENCY 2879400
TIMELINE 13 1549 241735709335700 2879400
LATENCY 2649900
TIMELINE 13 1565 241735759241500 2649900
LATENCY 3071400
TIMELINE 13 1581 241735804791400 3071400
LATENCY 2850400
TIMELINE 13 1597 241735858677300 2850400
LATENCY 2614000
TIMELINE 13 1613 241735901422600 2614000
LATENCY 4756400
TIMELINE 13 1629 241735944272400 4756400
LATENCY 2836600
TIMELINE 13 1645 241735994068500 2836600
LATENCY 2649400
TIMELINE 13 1661 241736040083600 2649400
LATENCY 3007700
TIMELINE 13 1677 241736084831000 3007700
LATENCY 2604800
TIMELINE 13 1693 241736131160700 2604800
LATENCY 2483100
TIMELINE 13 1709 241736173921100 2483100
LATENCY 8937800
TIMELINE 13 1725 241736219488700 8937800
LATENCY 2924500
TIMELINE 13 1741 241736274185700 2924500
LATENCY 3219800
TIMELINE 13 1757 241736322239100 3219800
LATENCY 2892400
TIMELINE 13 1773 241736370717800 2892400
LATENCY 3232800
TIMELINE 13 1789 241736416081700 3232800
LATENCY 3121300
TIMELINE 13 1805 241736466564100 3121300
LATENCY 3818300
TIMELINE 13 1821 241736516924300 3818300
LATENCY 3347200
TIMELINE 13 1837 241736571463100 3347200
LATENCY 3417000
TIMELINE 13 1853 241736626016100 3417000
LATENCY 2655400
TIMELINE 13 1869 241736688203100 2655400
LATENCY 2591500
TIMELINE 13 1885 241736731941800 2591500
LATENCY 3015800
TIMELINE 13 1901 241736776180600 3015800
LATENCY 3044500
TIMELINE 13 1917 241736824431200 3044500
LATENCY 2789500
TIMELINE 13 1933 241736871864100 2789500
LATENCY 2852800
TIMELINE 13 1949 241736917040000 2852800
LATENCY 2765000
TIMELINE 13 1965 241736961235600 2765000
LATENCY 3027600
TIMELINE 13 1981 241737005579800 3027600
LATENCY 2778500
TIMELINE 13 1997 241737057992300 2778500
LATENCY 2714700
TIMELINE 13 2013 241737103980100 2714700
LATENCY 2907600
TIMELINE 13 2029 241737150564600 2907600
LATENCY 3594400
TIMELINE 13 2045 241737197955700 3594400
LATENCY 2285000
TIMELINE 14 14 241731936408600 2285000
LATENCY 2242600
TIMELINE 14 30 241731973240400 2242600
LATENCY 2180900
TIMELINE 14 46 241732008844400 2180900
LATENCY 2222400
TIMELINE 14 62 241732043853200 2222400
LATENCY 2195800
TIMELINE 14 78 241732078908800 2195800
LATENCY 2164300
TIMELINE 14 94 241732113509800 2164300
LATENCY 2118500
TIMELINE 14 110 241732148429600 2118500
LATENCY 2194300
TIMELINE 14 126 241732185194800 2194300
LATENCY 2239700
TIMELINE 14 142 241732239812500 2239700
LATENCY 2468100
TIMELINE 14 158 241732276349800 2468100
LATENCY 2596500
TIMELINE 14 174 241732312008900 2596500
LATENCY 2365600
TIMELINE 14 190 241732349322700 2365600
LATENCY 2181700
TIMELINE 14 206 241732384693600 2181700
LATENCY 2272400
TIMELINE 14 222 241732419011800 2272400
LATENCY 2200900
TIMELINE 14 238 241732453982600 2200900
LATENCY 2200100
TIMELINE 14 254 241732489278700 2200100
LATENCY 2183300
TIMELINE 14 270 241732542966800 2183300
LATENCY 2081000
TIMELINE 14 286 241732577673200 2081000
LATENCY 3965700
TIMELINE 14 302 241732612179700 3965700
LATENCY 2179200
TIMELINE 14 318 241732653501000 2179200
LATENCY 2276200
TIMELINE 14 334 241732688631400 2276200
LATENCY 2167600
TIMELINE 14 350 241732724367600 2167600
LATENCY 2282000
TIMELINE 14 366 241732760175700 2282000
LATENCY 2233700
TIMELINE 14 382 241732795764700 2233700
LATENCY 2077000
TIMELINE 14 398 241732852199800 2077000
LATENCY 2222000
TIMELINE 14 414 241732887902600 2222000
LATENCY 2160000
TIMELINE 14 430 241732922038100 2160000
LATENCY 2102600
TIMELINE 14 446 241732956618900 2102600
LATENCY 2172500
TIMELINE 14 462 241732991455900 2172500
LATENCY 2140000
TIMELINE 14 478 241733026271300 2140000
LATENCY 2208300
TIMELINE 14 494 241733062268800 2208300
LATENCY 2261000
TIMELINE 14 510 241733096066600 2261000
LATENCY 2367100
TIMELINE 14 526 241733148192800 2367100
LATENCY 2195200
TIMELINE 14 542 241733183138500 2195200
LATENCY 2099400
TIMELINE 14 558 241733217558200 2099400
LATENCY 2116000
TIMELINE 14 574 241733251128700 2116000
LATENCY 2157200
TIMELINE 14 590 241733285708300 2157200
LATENCY 2146200
TIMELINE 14 606 241733320029300 2146200
LATENCY 2165800
TIMELINE 14 622 241733354134800 2165800
LATENCY 2122100
TIMELINE 14 638 241733388023100 2122100
LATENCY 2073700
TIMELINE 14 654 241733421662100 2073700
LATENCY 2105600
TIMELINE 14 670 241733474366200 2105600
LATENCY 2086900
TIMELINE 14 686 241733509427600 2086900
LATENCY 2101900
TIMELINE 14 702 241733544223600 2101900
LATENCY 2104100
TIMELINE 14 718 241733578558400 2104100
LATENCY 2058700
TIMELINE 14 734 241733612877400 2058700
LATENCY 2103600
TIMELINE 14 750 241733646548300 2103600
LATENCY 2085500
TIMELINE 14 766 241733680308200 2085500
LATENCY 2183000
TIMELINE 14 782 241733719456100 2183000
LATENCY 2285900
TIMELINE 14 798 241733774572700 2285900
LATENCY 2127900
TIMELINE 14 814 241733809676600 2127900
LATENCY 2116400
TIMELINE 14 830 241733843962500 2116400
LATENCY 2122000
TIMELINE 14 846 241733878046600 2122000
LATENCY 2235800
TIMELINE 14 862 241733914130100 2235800
LATENCY 2358400
TIMELINE 14 878 241733948870600 2358400
LATENCY 2354100
TIMELINE 14 894 241733984900200 2354100
LATENCY 2099000
TIMELINE 14 910 241734020486300 2099000
LATENCY 2452600
TIMELINE 14 926 241734073300900 2452600
LATENCY 2235300
TIMELINE 14 942 241734109100100 2235300
LATENCY 2119400
TIMELINE 14 958 241734143469600 2119400
LATENCY 2119700
TIMELINE 14 974 241734177520200 2119700
LATENCY 2113900
TIMELINE 14 990 241734212324100 2113900
LATENCY 2148300
TIMELINE 14 1006 241734246932300 2148300
LATENCY 2124700
TIMELINE 14 1022 241734280860100 2124700
LATENCY 2275100
TIMELINE 14 1038 241734314978200 2275100
LATENCY 2189600
TIMELINE 14 1054 241734350308000 2189600
LATENCY 2272300
TIMELINE 14 1070 241734391934100 2272300
LATENCY 2138600
TIMELINE 14 1086 241734427596200 2138600
LATENCY 2250500
TIMELINE 14 1102 241734464357000 2250500
LATENCY 2163700
TIMELINE 14 1118 241734499689900 2163700
LATENCY 2129000
TIMELINE 14 1134 241734534332100 2129000
LATENCY 2250100
TIMELINE 14 1150 241734570134100 2250100
LATENCY 2208100
TIMELINE 14 1166 241734605630800 2208100
LATENCY 2208000
TIMELINE 14 1182 241734641847600 2208000
LATENCY 2141800
TIMELINE 14 1198 241734681896800 2141800
LATENCY 2178700
TIMELINE 14 1214 241734716647800 2178700
LATENCY 3075500
TIMELINE 14 1230 241734752155900 3075500
LATENCY 2933300
TIMELINE 14 1246 241734799038300 2933300
LATENCY 2831100
TIMELINE 14 1262 241734849309000 2831100
LATENCY 3445700
TIMELINE 14 1278 241734895452700 3445700
LATENCY 2901400
TIMELINE 14 1294 241734942078900 2901400
LATENCY 2576400
TIMELINE 14 1310 241734986833900 2576400
LATENCY 8514400
TIMELINE 14 1326 241735030019800 8514400
LATENCY 2704700
TIMELINE 14 1342 241735079868700 2704700
LATENCY 3049600
TIMELINE 14 1358 241735125638500 3049600
LATENCY 2770600
TIMELINE 14 1374 241735172828700 2770600
LATENCY 2700700
TIMELINE 14 1390 241735216782400 2700700
LATENCY 2938400
TIMELINE 14 1406 241735263650200 2938400
LATENCY 3261000
TIMELINE 14 1422 241735315404100 3261000
LATENCY 2809000
TIMELINE 14 1438 241735361543400 2809000
LATENCY 2938500
TIMELINE 14 1454 241735407496000 2938500
LATENCY 2895400
TIMELINE 14 1470 241735460634600 2895400
LATENCY 2932500
TIMELINE 14 1486 241735507609700 2932500
LATENCY 3339800
TIMELINE 14 1502 241735556829800 3339800
LATENCY 3520700
TIMELINE 14 1518 241735611422100 3520700
LATENCY 2966100
TIMELINE 14 1534 241735663712100 2966100
LATENCY 3154800
TIMELINE 14 1550 241735712861100 3154800
LATENCY 2786500
TIMELINE 14 1566 241735762385200 2786500
LATENCY 3094200
TIMELINE 14 1582 241735808460000 3094200
LATENCY 2768300
TIMELINE 14 1598 241735862027400 2768300
LATENCY 2674800
TIMELINE 14 1614 241735904427700 2674800
LATENCY 3995500
TIMELINE 14 1630 241735950392300 3995500
LATENCY 3113800
TIMELINE 14 1646 241735997364500 3113800
LATENCY 2572300
TIMELINE 14 1662 241736041496300 2572300
LATENCY 2986300
TIMELINE 14 1678 241736086421300 2986300
LATENCY 2624500
TIMELINE 14 1694 241736132481800 2624500
LATENCY 3365000
TIMELINE 14 1710 241736175196400 3365000
LATENCY 8923600
TIMELINE 14 1726 241736221118000 8923600
LATENCY 2938100
TIMELINE 14 1742 241736275712200 2938100
LATENCY 3263400
TIMELINE 14 1758 241736323931500 3263400
LATENCY 2660700
TIMELINE 14 1774 241736372214900 2660700
LATENCY 3306500
TIMELINE 14 1790 241736417704000 3306500
LATENCY 2970400
TIMELINE 14 1806 241736468270600 2970400
LATENCY 3782600
TIMELINE 14 1822 241736518705700 3782600
LATENCY 3345900
TIMELINE 14 1838 241736573262000 3345900
LATENCY 3349800
TIMELINE 14 1854 241736627841500 3349800
LATENCY 2713300
TIMELINE 14 1870 241736689683600 2713300
LATENCY 2578000
TIMELINE 14 1886 241736733346400 2578000
LATENCY 2999700
TIMELINE 14 1902 241736777878700 2999700
LATENCY 3020500
TIMELINE 14 1918 241736826199700 3020500
LATENCY 2757000
TIMELINE 14 1934 241736873383300 2757000
LATENCY 2835700
TIMELINE 14 1950 241736918655900 2835700
LATENCY 2822300
TIMELINE 14 1966 241736962301800 2822300
LATENCY 3134700
TIMELINE 14 1982 241737006734100 3134700
LATENCY 2800900
TIMELINE 14 1998 241737059126500 2800900
LATENCY 2700800
TIMELINE 14 2014 241737105027200 2700800
LATENCY 2874700
TIMELINE 14 2030 241737151471700 2874700
LATENCY 3533000
TIMELINE 14 2046 241737199019000 3533000
LATENCY 2247400
TIMELINE 15 15 241731938731200 2247400
LATENCY 2319800
TIMELINE 15 31 241731975633300 2319800
LATENCY 2166500
TIMELINE 15 47 241732011208300 2166500
LATENCY 2225800
TIMELINE 15 63 241732046307900 2225800
LATENCY 2166500
TIMELINE 15 79 241732081338200 2166500
LATENCY 2107700
TIMELINE 15 95 241732116012500 2107700
LATENCY 2373700
TIMELINE 15 111 241732150899700 2373700
LATENCY 21117900
TIMELINE 15 127 241732187900800 21117900
LATENCY 2060800
TIMELINE 15 143 241732242567500 2060800
LATENCY 2221400
TIMELINE 15 159 241732279293000 2221400
LATENCY 2382500
TIMELINE 15 175 241732315124800 2382500
LATENCY 2204400
TIMELINE 15 191 241732352291100 2204400
LATENCY 2159100
TIMELINE 15 207 241732387362500 2159100
LATENCY 2123100
TIMELINE 15 223 241732421791700 2123100
LATENCY 2149100
TIMELINE 15 239 241732456684800 2149100
LATENCY 2166900
TIMELINE 15 255 241732492040300 2166900
LATENCY 2216500
TIMELINE 15 271 241732545566000 2216500
LATENCY 2126400
TIMELINE 15 287 241732580090300 2126400
LATENCY 5557900
TIMELINE 15 303 241732615423200 5557900
LATENCY 2268500
TIMELINE 15 319 241732655369600 2268500
LATENCY 2237600
TIMELINE 15 335 241732690608800 2237600
LATENCY 2116300
TIMELINE 15 351 241732726116300 2116300
LATENCY 2279800
TIMELINE 15 367 241732761927100 2279800
LATENCY 2205200
TIMELINE 15 383 241732797523200 2205200
LATENCY 1977800
TIMELINE 15 399 241732854040900 1977800
LATENCY 2278300
TIMELINE 15 415 241732889645500 2278300
LATENCY 2073100
TIMELINE 15 431 241732923756800 2073100
LATENCY 2109700
TIMELINE 15 447 241732958200100 2109700
LATENCY 2188700
TIMELINE 15 463 241732993172900 2188700
LATENCY 2155900
TIMELINE 15 479 241733027940300 2155900
LATENCY 2242500
TIMELINE 15 495 241733063941300 2242500
LATENCY 2265600
TIMELINE 15 511 241733097704000 2265600
LATENCY 2125300
TIMELINE 15 527 241733150037800 2125300
LATENCY 2176200
TIMELINE 15 543 241733184670400 2176200
LATENCY 2092200
TIMELINE 15 559 241733219000700 2092200
LATENCY 2061800
TIMELINE 15 575 241733252589700 2061800
LATENCY 2207800
TIMELINE 15 591 241733287130700 2207800
LATENCY 2105300
TIMELINE 15 607 241733321492400 2105300
LATENCY 2126800
TIMELINE 15 623 241733355642900 2126800
LATENCY 2091000
TIMELINE 15 639 241733389497000 2091000
LATENCY 2119600
TIMELINE 15 655 241733423081200 2119600
LATENCY 2210800
TIMELINE 15 671 241733475795000 2210800
LATENCY 2121400
TIMELINE 15 687 241733510601400 2121400
LATENCY 2095700
TIMELINE 15 703 241733545324300 2095700
LATENCY 2109300
TIMELINE 15 719 241733579658300 2109300
LATENCY 2143500
TIMELINE 15 735 241733613801700 2143500
LATENCY 2122900
TIMELINE 15 751 241733647514200 2122900
LATENCY 2108600
TIMELINE 15 767 241733681262400 2108600
LATENCY 2181500
TIMELINE 15 783 241733720422200 2181500
LATENCY 2214700
TIMELINE 15 799 241733775566800 2214700
LATENCY 2124200
TIMELINE 15 815 241733810723500 2124200
LATENCY 2134000
TIMELINE 15 831 241733844990900 2134000
LATENCY 2085600
TIMELINE 15 847 241733879097900 2085600
LATENCY 2228500
TIMELINE 15 863 241733914610900 2228500
LATENCY 2284900
TIMELINE 15 879 241733949381200 2284900
LATENCY 2269300
TIMELINE 15 895 241733985017500 2269300
LATENCY 2098300
TIMELINE 15 911 241734020403300 2098300
LATENCY 2435700
TIMELINE 15 927 241734073228400 2435700
LATENCY 2234000
TIMELINE 15 943 241734109039800 2234000
LATENCY 2109600
TIMELINE 15 959 241734143412400 2109600
LATENCY 2113100
TIMELINE 15 975 241734177466600 2113100
LATENCY 2122600
TIMELINE 15 991 241734212144300 2122600
LATENCY 2128200
TIMELINE 15 1007 241734246680600 2128200
LATENCY 2122900
TIMELINE 15 1023 241734280607500 2122900
LATENCY 2267600
TIMELINE 15 1039 241734314809000 2267600
LATENCY 2169400
TIMELINE 15 1055 241734350162300 2169400
LATENCY 2273700
TIMELINE 15 1071 241734391840200 2273700
LATENCY 2133300
TIMELINE 15 1087 241734427538300 2133300
LATENCY 2248000
TIMELINE 15 1103 241734464024900 2248000
LATENCY 2167900
TIMELINE 15 1119 241734499199800 2167900
LATENCY 2111400
TIMELINE 15 1135 241734533880300 2111400
LATENCY 2261100
TIMELINE 15 1151 241734569588000 2261100
LATENCY 2230700
TIMELINE 15 1167 241734605098200 2230700
LATENCY 2243100
TIMELINE 15 1183 241734641484600 2243100
LATENCY 2133600
TIMELINE 15 1199 241734681581600 2133600
LATENCY 2196600
TIMELINE 15 1215 241734716323800 2196600
LATENCY 2974100
TIMELINE 15 1231 241734751796500 2974100
LATENCY 2937900
TIMELINE 15 1247 241734798617700 2937900
LATENCY 2904500
TIMELINE 15 1263 241734848700200 2904500
LATENCY 3060200
TIMELINE 15 1279 241734894862800 3060200
LATENCY 2821900
TIMELINE 15 1295 241734941564200 2821900
LATENCY 2568200
TIMELINE 15 1311 241734986337000 2568200
LATENCY 8571300
TIMELINE 15 1327 241735029431300 8571300
LATENCY 2694800
TIMELINE 15 1343 241735079320700 2694800
LATENCY 3014900
TIMELINE 15 1359 241735124978900 3014900
LATENCY 2747900
TIMELINE 15 1375 241735172190900 2747900
LATENCY 2681800
TIMELINE 15 1391 241735216153700 2681800
LATENCY 2953600
TIMELINE 15 1407 241735262910000 2953600
LATENCY 3306700
TIMELINE 15 1423 241735315042400 3306700
LATENCY 2833900
TIMELINE 15 1439 241735361234600 2833900
LATENCY 2941000
TIMELINE 15 1455 241735407121000 2941000
LATENCY 2922900
TIMELINE 15 1471 241735460264800 2922900
LATENCY 2926600
TIMELINE 15 1487 241735507249000 2926600
LATENCY 3349300
TIMELINE 15 1503 241735556440400 3349300
LATENCY 3519000
TIMELINE 15 1519 241735611000000 3519000
LATENCY 3114400
TIMELINE 15 1535 241735663164900 3114400
LATENCY 3158600
TIMELINE 15 1551 241735712272500 3158600
LATENCY 2670300
TIMELINE 15 1567 241735761821900 2670300
LATENCY 3059100
TIMELINE 15 1583 241735807781600 3059100
LATENCY 2819400
TIMELINE 15 1599 241735861392500 2819400
LATENCY 2681600
TIMELINE 15 1615 241735903852300 2681600
LATENCY 5322600
TIMELINE 15 1631 241735948398300 5322600
LATENCY 3058100
TIMELINE 15 1647 241735996669100 3058100
LATENCY 2588000
TIMELINE 15 1663 241736042551600 2588000
LATENCY 2977300
TIMELINE 15 1679 241736087627100 2977300
LATENCY 2617700
TIMELINE 15 1695 241736133621200 2617700
LATENCY 3661200
TIMELINE 15 1711 241736176217600 3661200
LATENCY 3109000
TIMELINE 15 1727 241736228196600 3109000
LATENCY 2929200
TIMELINE 15 1743 241736276945300 2929200
LATENCY 3195800
TIMELINE 15 1759 241736325225800 3195800
LATENCY 2662300
TIMELINE 15 1775 241736373225400 2662300
LATENCY 3375000
TIMELINE 15 1791 241736419137500 3375000
LATENCY 3089700
TIMELINE 15 1807 241736469504500 3089700
LATENCY 3347000
TIMELINE 15 1823 241736520614200 3347000
LATENCY 3398500
TIMELINE 15 1839 241736574671100 3398500
LATENCY 3351200
TIMELINE 15 1855 241736629344300 3351200
LATENCY 2722400
TIMELINE 15 1871 241736690794600 2722400
LATENCY 2553700
TIMELINE 15 1887 241736734429800 2553700
LATENCY 3008900
TIMELINE 15 1903 241736779072500 3008900
LATENCY 3049000
TIMELINE 15 1919 241736827309500 3049000
LATENCY 2730400
TIMELINE 15 1935 241736874480200 2730400
LATENCY 2873100
TIMELINE 15 1951 241736919712900 2873100
LATENCY 2815200
TIMELINE 15 1967 241736963892500 2815200
LATENCY 2996300
TIMELINE 15 1983 241737008579200 2996300
LATENCY 2760200
TIMELINE 15 1999 241737060732500 2760200
LATENCY 2761300
TIMELINE 15 2015 241737106578600 2761300
LATENCY 2872900
TIMELINE 15 2031 241737153122100 2872900
LATENCY 3674300
TIMELINE 15 2047 241737201094800 3674300
LATENCY 12201000
TIMELINE 16 0 241731891207200 12201000
LATENCY 2217300
TIMELINE 16 16 241731941014200 2217300
LATENCY 2300700
TIMELINE 16 32 241731978110400 2300700
LATENCY 2158500
TIMELINE 16 48 241732013504600 2158500
LATENCY 2204200
TIMELINE 16 64 241732048625300 2204200
LATENCY 2137100
TIMELINE 16 80 241732083573600 2137100
LATENCY 2320000
TIMELINE 16 96 241732118038500 2320000
LATENCY 2147000
TIMELINE 16 112 241732153190800 2147000
LATENCY 2423300
TIMELINE 16 128 241732208799400 2423300
LATENCY 2149100
TIMELINE 16 144 241732244577000 2149100
LATENCY 2117900
TIMELINE 16 160 241732281547900 2117900
LATENCY 2401200
TIMELINE 16 176 241732317479900 2401200
LATENCY 2168700
TIMELINE 16 192 241732354530000 2168700
LATENCY 2109300
TIMELINE 16 208 241732389555300 2109300
LATENCY 2154800
TIMELINE 16 224 241732423947000 2154800
LATENCY 2201800
TIMELINE 16 240 241732458864900 2201800
LATENCY 2270300
TIMELINE 16 256 241732494011200 2270300
LATENCY 2160600
TIMELINE 16 272 241732547512000 2160600
LATENCY 2130300
TIMELINE 16 288 241732582009500 2130300
LATENCY 3713700
TIMELINE 16 304 241732621431000 3713700
LATENCY 2120700
TIMELINE 16 320 241732657874800 2120700
LATENCY 2168900
TIMELINE 16 336 241732693140800 2168900
LATENCY 2122800
TIMELINE 16 352 241732728558500 2122800
LATENCY 2190300
TIMELINE 16 368 241732764555700 2190300
LATENCY 2161000
TIMELINE 16 384 241732800069700 2161000
LATENCY 2178000
TIMELINE 16 400 241732856232100 2178000
LATENCY 2116700
TIMELINE 16 416 241732892042700 2116700
LATENCY 2094900
TIMELINE 16 432 241732925944700 2094900
LATENCY 2252400
TIMELINE 16 448 241732960395100 2252400
LATENCY 2208400
TIMELINE 16 464 241732995423500 2208400
LATENCY 2127400
TIMELINE 16 480 241733030183400 2127400
LATENCY 2210600
TIMELINE 16 496 241733065812000 2210600
LATENCY 2062900
TIMELINE 16 512 241733099638600 2062900
LATENCY 2229400
TIMELINE 16 528 241733151833200 2229400
LATENCY 2195900
TIMELINE 16 544 241733186609500 2195900
LATENCY 2075200
TIMELINE 16 560 241733220891900 2075200
LATENCY 2190400
TIMELINE 16 576 241733254460500 2190400
LATENCY 2099600
TIMELINE 16 592 241733289085700 2099600
LATENCY 2076100
TIMELINE 16 608 241733323368100 2076100
LATENCY 2088300
TIMELINE 16 624 241733357552600 2088300
LATENCY 2053800
TIMELINE 16 640 241733391363300 2053800
LATENCY 2107200
TIMELINE 16 656 241733424969300 2107200
LATENCY 2305000
TIMELINE 16 672 241733477750400 2305000
LATENCY 2131100
TIMELINE 16 688 241733512494500 2131100
LATENCY 2119800
TIMELINE 16 704 241733547276800 2119800
LATENCY 2101700
TIMELINE 16 720 241733581594600 2101700
LATENCY 2108400
TIMELINE 16 736 241733615736900 2108400
LATENCY 2088500
TIMELINE 16 752 241733649432500 2088500
LATENCY 2082700
TIMELINE 16 768 241733683165600 2082700
LATENCY 2182100
TIMELINE 16 784 241733722518800 2182100
LATENCY 2249800
TIMELINE 16 800 241733777695500 2249800
LATENCY 2241700
TIMELINE 16 816 241733812676100 2241700
LATENCY 2110900
TIMELINE 16 832 241733846962100 2110900
LATENCY 2106900
TIMELINE 16 848 241733881017200 2106900
LATENCY 2206800
TIMELINE 16 864 241733917531900 2206800
LATENCY 2332600
TIMELINE 16 880 241733952441500 2332600
LATENCY 2345900
TIMELINE 16 896 241733988010700 2345900
LATENCY 2069200
TIMELINE 16 912 241734023134200 2069200
LATENCY 2135800
TIMELINE 16 928 241734076366300 2135800
LATENCY 2309500
TIMELINE 16 944 241734111948600 2309500
LATENCY 2088100
TIMELINE 16 960 241734146172200 2088100
LATENCY 2100700
TIMELINE 16 976 241734180192700 2100700
LATENCY 2195000
TIMELINE 16 992 241734215289700 2195000
LATENCY 2116200
TIMELINE 16 1008 241734249778100 2116200
LATENCY 2078300
TIMELINE 16 1024 241734283699700 2078300
LATENCY 2707500
TIMELINE 16 1040 241734318205600 2707500
LATENCY 2087100
TIMELINE 16 1056 241734353818300 2087100
LATENCY 2222100
TIMELINE 16 1072 241734395547800 2222100
LATENCY 2319900
TIMELINE 16 1088 241734431131600 2319900
LATENCY 2180100
TIMELINE 16 1104 241734468012200 2180100
LATENCY 2119400
TIMELINE 16 1120 241734503080500 2119400
LATENCY 2128800
TIMELINE 16 1136 241734537728100 2128800
LATENCY 2222200
TIMELINE 16 1152 241734573647100 2222200
LATENCY 2266100
TIMELINE 16 1168 241734608981700 2266100
LATENCY 2158000
TIMELINE 16 1184 241734645149400 2158000
LATENCY 2097900
TIMELINE 16 1200 241734685117500 2097900
LATENCY 2191800
TIMELINE 16 1216 241734719976700 2191800
LATENCY 2929500
TIMELINE 16 1232 241734756759800 2929500
LATENCY 2947700
TIMELINE 16 1248 241734803438400 2947700
LATENCY 2726700
TIMELINE 16 1264 241734853543000 2726700
LATENCY 4067900
TIMELINE 16 1280 241734900279700 4067900
LATENCY 2744600
TIMELINE 16 1296 241734946230700 2744600
LATENCY 2667700
TIMELINE 16 1312 241734990577900 2667700
LATENCY 2791500
TIMELINE 16 1328 241735039941800 2791500
LATENCY 2933000
TIMELINE 16 1344 241735083863500 2933000
LATENCY 2843400
TIMELINE 16 1360 241735130051800 2843400
LATENCY 2733700
TIMELINE 16 1376 241735176839400 2733700
LATENCY 2690500
TIMELINE 16 1392 241735220726100 2690500
LATENCY 2897900
TIMELINE 16 1408 241735267846300 2897900
LATENCY 3164900
TIMELINE 16 1424 241735320371400 3164900
LATENCY 2790900
TIMELINE 16 1440 241735365789300 2790900
LATENCY 2997700
TIMELINE 16 1456 241735411991000 2997700
LATENCY 2959000
TIMELINE 16 1472 241735465085800 2959000
LATENCY 2880300
TIMELINE 16 1488 241735512076100 2880300
LATENCY 3446600
TIMELINE 16 1504 241735562237300 3446600
LATENCY 3457600
TIMELINE 16 1520 241735616872000 3457600
LATENCY 3066100
TIMELINE 16 1536 241735668058500 3066100
LATENCY 3328600
TIMELINE 16 1552 241735717691600 3328600
LATENCY 2913600
TIMELINE 16 1568 241735766635300 2913600
LATENCY 3191700
TIMELINE 16 1584 241735812979600 3191700
LATENCY 2636200
TIMELINE 16 1600 241735865763500 2636200
LATENCY 2683300
TIMELINE 16 1616 241735908076200 2683300
LATENCY 2975300
TIMELINE 16 1632 241735955489400 2975300
LATENCY 2783300
TIMELINE 16 1648 241736001520300 2783300
LATENCY 2945600
TIMELINE 16 1664 241736047260700 2945600
LATENCY 3038900
TIMELINE 16 1680 241736092776400 3038900
LATENCY 2600300
TIMELINE 16 1696 241736138084700 2600300
LATENCY 2910700
TIMELINE 16 1712 241736181921800 2910700
LATENCY 3054300
TIMELINE 16 1728 241736233485400 3054300
LATENCY 2847400
TIMELINE 16 1744 241736281645400 2847400
LATENCY 3285700
TIMELINE 16 1760 241736330763600 3285700
LATENCY 2831000
TIMELINE 16 1776 241736377947400 2831000
LATENCY 3383800
TIMELINE 16 1792 241736424644500 3383800
LATENCY 2852800
TIMELINE 16 1808 241736474655500 2852800
LATENCY 3415800
TIMELINE 16 1824 241736525985600 3415800
LATENCY 3384200
TIMELINE 16 1840 241736580251900 3384200
LATENCY 3412100
TIMELINE 16 1856 241736634842100 3412100
LATENCY 2494300
TIMELINE 16 1872 241736695102900 2494300
LATENCY 2634200
TIMELINE 16 1888 241736738636400 2634200
LATENCY 2903600
TIMELINE 16 1904 241736784081800 2903600
LATENCY 3010100
TIMELINE 16 1920 241736832395300 3010100
LATENCY 2780100
TIMELINE 16 1936 241736878989700 2780100
LATENCY 2827700
TIMELINE 16 1952 241736924519500 2827700
LATENCY 2717500
TIMELINE 16 1968 241736968273800 2717500
LATENCY 2994700
TIMELINE 16 1984 241737013311700 2994700
LATENCY 2792000
TIMELINE 16 2000 241737065100900 2792000
LATENCY 2725600
TIMELINE 16 2016 241737110910800 2725600
LATENCY 2907500
TIMELINE 16 2032 241737157689800 2907500
LATENCY 2532700
TIMELINE 17 1 241731903456000 2532700
LATENCY 2327300
TIMELINE 17 17 241731943265900 2327300
LATENCY 2264100
TIMELINE 17 33 241731980143700 2264100
LATENCY 2173300
TIMELINE 17 49 241732015399100 2173300
LATENCY 2143900
TIMELINE 17 65 241732050534900 2143900
LATENCY 2186400
TIMELINE 17 81 241732085420600 2186400
LATENCY 2179400
TIMELINE 17 97 241732120132400 2179400
LATENCY 2177000
TIMELINE 17 113 241732155103700 2177000
LATENCY 2401100
TIMELINE 17 129 241732211122000 2401100
LATENCY 2233400
TIMELINE 17 145 241732246631700 2233400
LATENCY 2156000
TIMELINE 17 161 241732283476600 2156000
LATENCY 2217400
TIMELINE 17 177 241732319748000 2217400
LATENCY 2176100
TIMELINE 17 193 241732356448400 2176100
LATENCY 2086200
TIMELINE 17 209 241732391277800 2086200
LATENCY 2177200
TIMELINE 17 225 241732425667800 2177200
LATENCY 2195000
TIMELINE 17 241 241732460620900 2195000
LATENCY 2167300
TIMELINE 17 257 241732495919400 2167300
LATENCY 2154800
TIMELINE 17 273 241732549561500 2154800
LATENCY 2081800
TIMELINE 17 289 241732583952000 2081800
LATENCY 2483400
TIMELINE 17 305 241732624754100 2483400
LATENCY 2041400
TIMELINE 17 321 241732659640700 2041400
LATENCY 2192100
TIMELINE 17 337 241732694832400 2192100
LATENCY 2166900
TIMELINE 17 353 241732730307600 2166900
LATENCY 2181800
TIMELINE 17 369 241732766309600 2181800
LATENCY 2163000
TIMELINE 17 385 241732801767400 2163000
LATENCY 2301300
TIMELINE 17 401 241732858038000 2301300
LATENCY 2182900
TIMELINE 17 417 241732893826300 2182900
LATENCY 2079200
TIMELINE 17 433 241732927736300 2079200
LATENCY 2165100
TIMELINE 17 449 241732962520900 2165100
LATENCY 2190000
TIMELINE 17 465 241732997489300 2190000
LATENCY 2138500
TIMELINE 17 481 241733032169200 2138500
LATENCY 2204900
TIMELINE 17 497 241733067991900 2204900
LATENCY 2090000
TIMELINE 17 513 241733101671700 2090000
LATENCY 2149200
TIMELINE 17 529 241733153973700 2149200
LATENCY 2228800
TIMELINE 17 545 241733188689700 2228800
LATENCY 2130800
TIMELINE 17 561 241733223113600 2130800
LATENCY 2515100
TIMELINE 17 577 241733256818400 2515100
LATENCY 2127300
TIMELINE 17 593 241733291392500 2127300
LATENCY 2106100
TIMELINE 17 609 241733325740800 2106100
LATENCY 2132500
TIMELINE 17 625 241733359936100 2132500
LATENCY 2099300
TIMELINE 17 641 241733393709900 2099300
LATENCY 2088900
TIMELINE 17 657 241733427364000 2088900
LATENCY 2125400
TIMELINE 17 673 241733480304300 2125400
LATENCY 2213700
TIMELINE 17 689 241733514977700 2213700
LATENCY 2319800
TIMELINE 17 705 241733549686900 2319800
LATENCY 2134500
TIMELINE 17 721 241733583999100 2134500
LATENCY 2110700
TIMELINE 17 737 241733618213600 2110700
LATENCY 2121400
TIMELINE 17 753 241733651871700 2121400
LATENCY 2136300
TIMELINE 17 769 241733685608200 2136300
LATENCY 2240600
TIMELINE 17 785 241733724882200 2240600
LATENCY 2084600
TIMELINE 17 801 241733780103600 2084600
LATENCY 2126200
TIMELINE 17 817 241733815005400 2126200
LATENCY 2124000
TIMELINE 17 833 241733849158700 2124000
LATENCY 2119800
TIMELINE 17 849 241733883215500 2119800
LATENCY 2176900
TIMELINE 17 865 241733919030900 2176900
LATENCY 2261200
TIMELINE 17 881 241733954008100 2261200
LATENCY 2327400
TIMELINE 17 897 241733989655600 2327400
LATENCY 2082100
TIMELINE 17 913 241734024615600 2082100
LATENCY 2103700
TIMELINE 17 929 241734078061600 2103700
LATENCY 2314200
TIMELINE 17 945 241734113613800 2314200
LATENCY 2117500
TIMELINE 17 961 241734147719700 2117500
LATENCY 2110900
TIMELINE 17 977 241734181763900 2110900
LATENCY 2182800
TIMELINE 17 993 241734216764700 2182800
LATENCY 2103500
TIMELINE 17 1009 241734251138300 2103500
LATENCY 2118800
TIMELINE 17 1025 241734285048000 2118800
LATENCY 2226600
TIMELINE 17 1041 241734319674300 2226600
LATENCY 2130600
TIMELINE 17 1057 241734354770300 2130600
LATENCY 2228100
TIMELINE 17 1073 241734396593400 2228100
LATENCY 2445600
TIMELINE 17 1089 241734432121300 2445600
LATENCY 2307100
TIMELINE 17 1105 241734468904800 2307100
LATENCY 2127700
TIMELINE 17 1121 241734503998400 2127700
LATENCY 2142700
TIMELINE 17 1137 241734538701300 2142700
LATENCY 2284900
TIMELINE 17 1153 241734574845600 2284900
LATENCY 2348100
TIMELINE 17 1169 241734610244100 2348100
LATENCY 2175500
TIMELINE 17 1185 241734646369100 2175500
LATENCY 2112200
TIMELINE 17 1201 241734686301600 2112200
LATENCY 2163800
TIMELINE 17 1217 241734721189200 2163800
LATENCY 2922200
TIMELINE 17 1233 241734758438700 2922200
LATENCY 2945200
TIMELINE 17 1249 241734805090600 2945200
LATENCY 2726200
TIMELINE 17 1265 241734855023400 2726200
LATENCY 2845100
TIMELINE 17 1281 241734903174700 2845100
LATENCY 2706700
TIMELINE 17 1297 241734947767300 2706700
LATENCY 2670100
TIMELINE 17 1313 241734992091200 2670100
LATENCY 2703700
TIMELINE 17 1329 241735041452800 2703700
LATENCY 2747800
TIMELINE 17 1345 241735085541400 2747800
LATENCY 2917700
TIMELINE 17 1361 241735131630800 2917700
LATENCY 2694200
TIMELINE 17 1377 241735178362300 2694200
LATENCY 2706400
TIMELINE 17 1393 241735222196900 2706400
LATENCY 3313500
TIMELINE 17 1409 241735269454700 3313500
LATENCY 2869300
TIMELINE 17 1425 241735322519300 2869300
LATENCY 2934500
TIMELINE 17 1441 241735367624700 2934500
LATENCY 3063500
TIMELINE 17 1457 241735414018500 3063500
LATENCY 2963200
TIMELINE 17 1473 241735467072700 2963200
LATENCY 2915700
TIMELINE 17 1489 241735513965100 2915700
LATENCY 3491500
TIMELINE 17 1505 241735564496600 3491500
LATENCY 3352700
TIMELINE 17 1521 241735619085700 3352700
LATENCY 3156300
TIMELINE 17 1537 241735670033100 3156300
LATENCY 3197300
TIMELINE 17 1553 241735719909900 3197300
LATENCY 2727700
TIMELINE 17 1569 241735768603400 2727700
LATENCY 3010500
TIMELINE 17 1585 241735815171700 3010500
LATENCY 2599600
TIMELINE 17 1601 241735868130600 2599600
LATENCY 2632900
TIMELINE 17 1617 241735910470200 2632900
LATENCY 2946800
TIMELINE 17 1633 241735958137900 2946800
LATENCY 2765800
TIMELINE 17 1649 241736004001400 2765800
LATENCY 2795700
TIMELINE 17 1665 241736051532500 2795700
LATENCY 2968100
TIMELINE 17 1681 241736097122200 2968100
LATENCY 2588500
TIMELINE 17 1697 241736141869000 2588500
LATENCY 2861900
TIMELINE 17 1713 241736186197200 2861900
LATENCY 2995300
TIMELINE 17 1729 241736238100700 2995300
LATENCY 2606000
TIMELINE 17 1745 241736285914500 2606000
LATENCY 3416500
TIMELINE 17 1761 241736335674400 3416500
LATENCY 2581500
TIMELINE 17 1777 241736382261200 2581500
LATENCY 3256400
TIMELINE 17 1793 241736429863000 3256400
LATENCY 2913500
TIMELINE 17 1809 241736479060000 2913500
LATENCY 3346900
TIMELINE 17 1825 241736531288600 3346900
LATENCY 3425400
TIMELINE 17 1841 241736585601800 3425400
LATENCY 3367300
TIMELINE 17 1857 241736640171700 3367300
LATENCY 2556600
TIMELINE 17 1873 241736699116100 2556600
LATENCY 2563300
TIMELINE 17 1889 241736742692700 2563300
LATENCY 3001400
TIMELINE 17 1905 241736788567600 3001400
LATENCY 3011800
TIMELINE 17 1921 241736836953800 3011800
LATENCY 2744800
TIMELINE 17 1937 241736883225200 2744800
LATENCY 2947800
TIMELINE 17 1953 241736928840900 2947800
LATENCY 2789900
TIMELINE 17 1969 241736972529900 2789900
LATENCY 2983300
TIMELINE 17 1985 241737017966700 2983300
LATENCY 2810500
TIMELINE 17 2001 241737069427300 2810500
LATENCY 3099900
TIMELINE 17 2017 241737115218000 3099900
LATENCY 2999900
TIMELINE 17 2033 241737162181200 2999900
LATENCY 2388100
TIMELINE 18 2 241731906174200 2388100
LATENCY 2279800
TIMELINE 18 18 241731945816000 2279800
LATENCY 2289800
TIMELINE 18 34 241731982652900 2289800
LATENCY 2163300
TIMELINE 18 50 241732017802100 2163300
LATENCY 2208800
TIMELINE 18 66 241732052913200 2208800
LATENCY 2163300
TIMELINE 18 82 241732087869100 2163300
LATENCY 2180100
TIMELINE 18 98 241732122514200 2180100
LATENCY 2385500
TIMELINE 18 114 241732157506800 2385500
LATENCY 2409500
TIMELINE 18 130 241732213561500 2409500
LATENCY 2145900
TIMELINE 18 146 241732248895700 2145900
LATENCY 2097100
TIMELINE 18 162 241732285735800 2097100
LATENCY 2201100
TIMELINE 18 178 241732322024500 2201100
LATENCY 2151200
TIMELINE 18 194 241732358741400 2151200
LATENCY 2124000
TIMELINE 18 210 241732393686000 2124000
LATENCY 2174300
TIMELINE 18 226 241732428204700 2174300
LATENCY 2266100
TIMELINE 18 242 241732463161700 2266100
LATENCY 19913700
TIMELINE 18 258 241732498237000 19913700
LATENCY 2148900
TIMELINE 18 274 241732551804700 2148900
LATENCY 2103100
TIMELINE 18 290 241732586150100 2103100
LATENCY 2226300
TIMELINE 18 306 241732627829000 2226300
LATENCY 2087100
TIMELINE 18 322 241732662195700 2087100
LATENCY 2183700
TIMELINE 18 338 241732697579200 2183700
LATENCY 2231600
TIMELINE 18 354 241732733074300 2231600
LATENCY 2189100
TIMELINE 18 370 241732769168100 2189100
LATENCY 2157100
TIMELINE 18 386 241732804585700 2157100
LATENCY 2183800
TIMELINE 18 402 241732861493500 2183800
LATENCY 2127700
TIMELINE 18 418 241732897136100 2127700
LATENCY 2104300
TIMELINE 18 434 241732930913600 2104300
LATENCY 2123800
TIMELINE 18 450 241732965780800 2123800
LATENCY 2201300
TIMELINE 18 466 241733000882700 2201300
LATENCY 2064600
TIMELINE 18 482 241733035413300 2064600
LATENCY 2085000
TIMELINE 18 498 241733071800700 2085000
LATENCY 2076400
TIMELINE 18 514 241733105347500 2076400
LATENCY 2153000
TIMELINE 18 530 241733157801800 2153000
LATENCY 2229800
TIMELINE 18 546 241733192714800 2229800
LATENCY 2046300
TIMELINE 18 562 241733226742100 2046300
LATENCY 2189300
TIMELINE 18 578 241733260909100 2189300
LATENCY 2055400
TIMELINE 18 594 241733294980900 2055400
LATENCY 2244400
TIMELINE 18 610 241733329242500 2244400
LATENCY 2093700
TIMELINE 18 626 241733363475300 2093700
LATENCY 2105000
TIMELINE 18 642 241733397238200 2105000
LATENCY 20515700
TIMELINE 18 658 241733430804800 20515700
LATENCY 2205100
TIMELINE 18 674 241733484096700 2205100
LATENCY 2168100
TIMELINE 18 690 241733518783900 2168100
LATENCY 2216200
TIMELINE 18 706 241733553669700 2216200
LATENCY 2230500
TIMELINE 18 722 241733587929200 2230500
LATENCY 2098600
TIMELINE 18 738 241733622016800 2098600
LATENCY 2115600
TIMELINE 18 754 241733655663300 2115600
LATENCY 2100100
TIMELINE 18 770 241733689405100 2100100
LATENCY 2357700
TIMELINE 18 786 241733729051700 2357700
LATENCY 2153300
TIMELINE 18 802 241733783992600 2153300
LATENCY 2150900
TIMELINE 18 818 241733818915500 2150900
LATENCY 2173800
TIMELINE 18 834 241733853078100 2173800
LATENCY 2132100
TIMELINE 18 850 241733887118300 2132100
LATENCY 2152800
TIMELINE 18 866 241733923368100 2152800
LATENCY 2178400
TIMELINE 18 882 241733958530300 2178400
LATENCY 2359700
TIMELINE 18 898 241733994653900 2359700
LATENCY 2126400
TIMELINE 18 914 241734029088600 2126400
LATENCY 2108700
TIMELINE 18 930 241734082378800 2108700
LATENCY 2167300
TIMELINE 18 946 241734118439100 2167300
LATENCY 2262400
TIMELINE 18 962 241734152194300 2262400
LATENCY 2169500
TIMELINE 18 978 241734186452400 2169500
LATENCY 2179400
TIMELINE 18 994 241734221583000 2179400
LATENCY 2099300
TIMELINE 18 1010 241734255852400 2099300
LATENCY 2123900
TIMELINE 18 1026 241734289770900 2123900
LATENCY 2205900
TIMELINE 18 1042 241734324644800 2205900
LATENCY 2187500
TIMELINE 18 1058 241734359682500 2187500
LATENCY 2202400
TIMELINE 18 1074 241734401374500 2202400
LATENCY 2310100
TIMELINE 18 1090 241734437147700 2310100
LATENCY 2275000
TIMELINE 18 1106 241734473814200 2275000
LATENCY 2139000
TIMELINE 18 1122 241734508579900 2139000
LATENCY 2119700
TIMELINE 18 1138 241734543264400 2119700
LATENCY 2173900
TIMELINE 18 1154 241734579600900 2173900
LATENCY 2308200
TIMELINE 18 1170 241734615283600 2308200
LATENCY 2182600
TIMELINE 18 1186 241734650998100 2182600
LATENCY 2230600
TIMELINE 18 1202 241734691101400 2230600
LATENCY 2198700
TIMELINE 18 1218 241734725818600 2198700
LATENCY 2839500
TIMELINE 18 1234 241734764944400 2839500
LATENCY 2820700
TIMELINE 18 1250 241734811413400 2820700
LATENCY 2714200
TIMELINE 18 1266 241734860807000 2714200
LATENCY 2894400
TIMELINE 18 1282 241734909266800 2894400
LATENCY 2616500
TIMELINE 18 1298 241734953362800 2616500
LATENCY 2632200
TIMELINE 18 1314 241734997791800 2632200
LATENCY 2748400
TIMELINE 18 1330 241735047386700 2748400
LATENCY 2737500
TIMELINE 18 1346 241735091334800 2737500
LATENCY 3058800
TIMELINE 18 1362 241735137859500 3058800
LATENCY 2770900
TIMELINE 18 1378 241735184071700 2770900
LATENCY 2612300
TIMELINE 18 1394 241735228012100 2612300
LATENCY 3009200
TIMELINE 18 1410 241735280384700 3009200
LATENCY 2920800
TIMELINE 18 1426 241735328446200 2920800
LATENCY 2931200
TIMELINE 18 1442 241735373629500 2931200
LATENCY 2940200
TIMELINE 18 1458 241735420165400 2940200
LATENCY 2944400
TIMELINE 18 1474 241735473061000 2944400
LATENCY 2901700
TIMELINE 18 1490 241735519927300 2901700
LATENCY 3237900
TIMELINE 18 1506 241735571562100 3237900
LATENCY 3394100
TIMELINE 18 1522 241735626013900 3394100
LATENCY 3266600
TIMELINE 18 1538 241735676315300 3266600
LATENCY 3229900
TIMELINE 18 1554 241735726417700 3229900
LATENCY 2619400
TIMELINE 18 1570 241735774100600 2619400
LATENCY 2857000
TIMELINE 18 1586 241735821308400 2857000
LATENCY 2639700
TIMELINE 18 1602 241735873684500 2639700
LATENCY 2668400
TIMELINE 18 1618 241735916043400 2668400
LATENCY 2958900
TIMELINE 18 1634 241735964457800 2958900
LATENCY 2788200
TIMELINE 18 1650 241736009931600 2788200
LATENCY 2789000
TIMELINE 18 1666 241736055657400 2789000
LATENCY 2744000
TIMELINE 18 1682 241736101505200 2744000
LATENCY 2609500
TIMELINE 18 1698 241736145703400 2609500
LATENCY 2163700
TIMELINE 18 1714 241736190271700 2163700
LATENCY 2979500
TIMELINE 18 1730 241736242548500 2979500
LATENCY 2856800
TIMELINE 18 1746 241736290007800 2856800
LATENCY 3232800
TIMELINE 18 1762 241736340575400 3232800
LATENCY 2323700
TIMELINE 18 1778 241736385791000 2323700
LATENCY 2474000
TIMELINE 18 1794 241736434587600 2474000
LATENCY 3193400
TIMELINE 18 1810 241736483400800 3193400
LATENCY 3456000
TIMELINE 18 1826 241736536015400 3456000
LATENCY 3384800
TIMELINE 18 1842 241736590246300 3384800
LATENCY 12250900
TIMELINE 18 1858 241736644790100 12250900
LATENCY 2622500
TIMELINE 18 1874 241736702596100 2622500
LATENCY 2574900
TIMELINE 18 1890 241736746216500 2574900
LATENCY 3020300
TIMELINE 18 1906 241736792660800 3020300
LATENCY 2986400
TIMELINE 18 1922 241736841164500 2986400
LATENCY 2715600
TIMELINE 18 1938 241736887104800 2715600
LATENCY 2989100
TIMELINE 18 1954 241736932979200 2989100
LATENCY 2921400
TIMELINE 18 1970 241736976938300 2921400
LATENCY 2957600
TIMELINE 18 1986 241737022517400 2957600
LATENCY 2801400
TIMELINE 18 2002 241737073678700 2801400
LATENCY 3101900
TIMELINE 18 2018 241737120073500 3101900
LATENCY 2975100
TIMELINE 18 2034 241737166833900 2975100
LATENCY 2380700
TIMELINE 19 3 241731908402500 2380700
LATENCY 2284600
TIMELINE 19 19 241731947924200 2284600
LATENCY 2233200
TIMELINE 19 35 241731984795600 2233200
LATENCY 2149200
TIMELINE 19 51 241732019850800 2149200
LATENCY 2377000
TIMELINE 19 67 241732054978900 2377000
LATENCY 2200700
TIMELINE 19 83 241732089871000 2200700
LATENCY 2145800
TIMELINE 19 99 241732124608300 2145800
LATENCY 2384700
TIMELINE 19 115 241732159828300 2384700
LATENCY 2206300
TIMELINE 19 131 241732216006400 2206300
LATENCY 2169500
TIMELINE 19 147 241732251074800 2169500
LATENCY 2139200
TIMELINE 19 163 241732287698400 2139200
LATENCY 2235400
TIMELINE 19 179 241732324074800 2235400
LATENCY 2415400
TIMELINE 19 195 241732360927300 2415400
LATENCY 2098900
TIMELINE 19 211 241732395841000 2098900
LATENCY 2141800
TIMELINE 19 227 241732430419300 2141800
LATENCY 2419500
TIMELINE 19 243 241732465461400 2419500
LATENCY 2625800
TIMELINE 19 259 241732518307100 2625800
LATENCY 2227000
TIMELINE 19 275 241732553893400 2227000
LATENCY 2143700
TIMELINE 19 291 241732588311800 2143700
LATENCY 2237900
TIMELINE 19 307 241732629787100 2237900
LATENCY 2169600
TIMELINE 19 323 241732664065800 2169600
LATENCY 2219600
TIMELINE 19 339 241732699511300 2219600
LATENCY 2327200
TIMELINE 19 355 241732734945100 2327200
LATENCY 2202000
TIMELINE 19 371 241732771064100 2202000
LATENCY 2198100
TIMELINE 19 387 241732806400300 2198100
LATENCY 2199700
TIMELINE 19 403 241732863152200 2199700
LATENCY 2108200
TIMELINE 19 419 241732898660000 2108200
LATENCY 2116200
TIMELINE 19 435 241732932425300 2116200
LATENCY 2142800
TIMELINE 19 451 241732967044700 2142800
LATENCY 2134000
TIMELINE 19 467 241733002268000 2134000
LATENCY 2060200
TIMELINE 19 483 241733036730100 2060200
LATENCY 2092900
TIMELINE 19 499 241733071937200 2092900
LATENCY 2079000
TIMELINE 19 515 241733105523100 2079000
LATENCY 2158000
TIMELINE 19 531 241733157979400 2158000
LATENCY 2227100
TIMELINE 19 547 241733192870700 2227100
LATENCY 2053200
TIMELINE 19 563 241733226881200 2053200
LATENCY 2193600
TIMELINE 19 579 241733261033100 2193600
LATENCY 2070900
TIMELINE 19 595 241733295089700 2070900
LATENCY 2245500
TIMELINE 19 611 241733329307200 2245500
LATENCY 2100400
TIMELINE 19 627 241733363536400 2100400
LATENCY 2112700
TIMELINE 19 643 241733397296600 2112700
LATENCY 20559000
TIMELINE 19 659 241733430890100 20559000
LATENCY 2172300
TIMELINE 19 675 241733483629200 2172300
LATENCY 2157200
TIMELINE 19 691 241733518333600 2157200
LATENCY 2143000
TIMELINE 19 707 241733553184100 2143000
LATENCY 2181900
TIMELINE 19 723 241733587335200 2181900
LATENCY 2107800
TIMELINE 19 739 241733621204100 2107800
LATENCY 2100200
TIMELINE 19 755 241733654840500 2100200
LATENCY 2080200
TIMELINE 19 771 241733688594400 2080200
LATENCY 2377300
TIMELINE 19 787 241733728231800 2377300
LATENCY 2124900
TIMELINE 19 803 241733783259100 2124900
LATENCY 2154500
TIMELINE 19 819 241733818336000 2154500
LATENCY 2163000
TIMELINE 19 835 241733852508600 2163000
LATENCY 2113700
TIMELINE 19 851 241733886550100 2113700
LATENCY 2134000
TIMELINE 19 867 241733923134900 2134000
LATENCY 2155600
TIMELINE 19 883 241733958092500 2155600
LATENCY 2329500
TIMELINE 19 899 241733994088400 2329500
LATENCY 2119700
TIMELINE 19 915 241734028599200 2119700
LATENCY 2140000
TIMELINE 19 931 241734081992000 2140000
LATENCY 2162500
TIMELINE 19 947 241734117845100 2162500
LATENCY 2090400
TIMELINE 19 963 241734151629700 2090400
LATENCY 2225300
TIMELINE 19 979 241734185827400 2225300
LATENCY 2159000
TIMELINE 19 995 241734220908900 2159000
LATENCY 2120900
TIMELINE 19 1011 241734255183800 2120900
LATENCY 2126500
TIMELINE 19 1027 241734289107700 2126500
LATENCY 2199900
TIMELINE 19 1043 241734324066500 2199900
LATENCY 2168600
TIMELINE 19 1059 241734359243300 2168600
LATENCY 2208900
TIMELINE 19 1075 241734400891400 2208900
LATENCY 2303900
TIMELINE 19 1091 241734436656400 2303900
LATENCY 2253000
TIMELINE 19 1107 241734473060700 2253000
LATENCY 2115500
TIMELINE 19 1123 241734507894500 2115500
LATENCY 2120400
TIMELINE 19 1139 241734542599300 2120400
LATENCY 2223800
TIMELINE 19 1155 241734578836600 2223800
LATENCY 2328400
TIMELINE 19 1171 241734614356600 2328400
LATENCY 2199000
TIMELINE 19 1187 241734650158700 2199000
LATENCY 2367400
TIMELINE 19 1203 241734690116600 2367400
LATENCY 2233900
TIMELINE 19 1219 241734724986700 2233900
LATENCY 2819600
TIMELINE 19 1235 241734763809800 2819600
LATENCY 2918800
TIMELINE 19 1251 241734810230000 2918800
LATENCY 2729000
TIMELINE 19 1267 241734859813400 2729000
LATENCY 2862700
TIMELINE 19 1283 241734908236500 2862700
LATENCY 2575200
TIMELINE 19 1299 241734952440800 2575200
LATENCY 2669700
TIMELINE 19 1315 241734996810000 2669700
LATENCY 2880000
TIMELINE 19 1331 241735046273900 2880000
LATENCY 2736600
TIMELINE 19 1347 241735090451400 2736600
LATENCY 3014300
TIMELINE 19 1363 241735137002600 3014300
LATENCY 2712700
TIMELINE 19 1379 241735183295000 2712700
LATENCY 2878700
TIMELINE 19 1395 241735227135800 2878700
LATENCY 3268900
TIMELINE 19 1411 241735279309100 3268900
LATENCY 2935000
TIMELINE 19 1427 241735327722800 2935000
LATENCY 2935300
TIMELINE 19 1443 241735372916100 2935300
LATENCY 2944500
TIMELINE 19 1459 241735419466600 2944500
LATENCY 2933300
TIMELINE 19 1475 241735472481300 2933300
LATENCY 2895400
TIMELINE 19 1491 241735519350300 2895400
LATENCY 3234300
TIMELINE 19 1507 241735570880300 3234300
LATENCY 3382600
TIMELINE 19 1523 241735625333600 3382600
LATENCY 3106000
TIMELINE 19 1539 241735675635700 3106000
LATENCY 3112600
TIMELINE 19 1555 241735725732400 3112600
LATENCY 2614300
TIMELINE 19 1571 241735773558600 2614300
LATENCY 2839100
TIMELINE 19 1587 241735820646900 2839100
LATENCY 2667800
TIMELINE 19 1603 241735872683600 2667800
LATENCY 2629300
TIMELINE 19 1619 241735915079400 2629300
LATENCY 2962100
TIMELINE 19 1635 241735963341300 2962100
LATENCY 2757000
TIMELINE 19 1651 241736008906400 2757000
LATENCY 2785400
TIMELINE 19 1667 241736055441300 2785400
LATENCY 2774200
TIMELINE 19 1683 241736101250900 2774200
LATENCY 2612400
TIMELINE 19 1699 241736145481800 2612400
LATENCY 2165100
TIMELINE 19 1715 241736190091700 2165100
LATENCY 2986700
TIMELINE 19 1731 241736242221800 2986700
LATENCY 2856200
TIMELINE 19 1747 241736289663800 2856200
LATENCY 3234700
TIMELINE 19 1763 241736340221700 3234700
LATENCY 2313500
TIMELINE 19 1779 241736385528500 2313500
LATENCY 2584900
TIMELINE 19 1795 241736434157800 2584900
LATENCY 3187400
TIMELINE 19 1811 241736482987200 3187400
LATENCY 3511500
TIMELINE 19 1827 241736535607100 3511500
LATENCY 3375700
TIMELINE 19 1843 241736589926900 3375700
LATENCY 12258600
TIMELINE 19 1859 241736644538600 12258600
LATENCY 2600400
TIMELINE 19 1875 241736702424800 2600400
LATENCY 2576300
TIMELINE 19 1891 241736746110200 2576300
LATENCY 3006600
TIMELINE 19 1907 241736792535900 3006600
LATENCY 2981700
TIMELINE 19 1923 241736841035300 2981700
LATENCY 2680700
TIMELINE 19 1939 241736887000700 2680700
LATENCY 2947400
TIMELINE 19 1955 241736932812100 2947400
LATENCY 2955800
TIMELINE 19 1971 241736976393800 2955800
LATENCY 2973400
TIMELINE 19 1987 241737021985100 2973400
LATENCY 2762700
TIMELINE 19 2003 241737073230100 2762700
LATENCY 3103200
TIMELINE 19 2019 241737119528300 3103200
LATENCY 2955700
TIMELINE 19 2035 241737166302600 2955700
LATENCY 2372500
TIMELINE 20 4 241731910885500 2372500
LATENCY 2230400
TIMELINE 20 20 241731950272300 2230400
LATENCY 2286300
TIMELINE 20 36 241731987096000 2286300
LATENCY 2105900
TIMELINE 20 52 241732022061200 2105900
LATENCY 2183300
TIMELINE 20 68 241732057421200 2183300
LATENCY 2291300
TIMELINE 20 84 241732092156900 2291300
LATENCY 2280000
TIMELINE 20 100 241732126789600 2280000
LATENCY 2232200
TIMELINE 20 116 241732162154000 2232200
LATENCY 2187600
TIMELINE 20 132 241732217998500 2187600
LATENCY 2272500
TIMELINE 20 148 241732253027600 2272500
LATENCY 2165300
TIMELINE 20 164 241732290033000 2165300
LATENCY 2220900
TIMELINE 20 180 241732326518500 2220900
LATENCY 2480800
TIMELINE 20 196 241732363490600 2480800
LATENCY 2079100
TIMELINE 20 212 241732398029100 2079100
LATENCY 2162900
TIMELINE 20 228 241732432653300 2162900
LATENCY 2124800
TIMELINE 20 244 241732467966500 2124800
LATENCY 2415400
TIMELINE 20 260 241732521356700 2415400
LATENCY 2116200
TIMELINE 20 276 241732556585200 2116200
LATENCY 2276200
TIMELINE 20 292 241732590861200 2276200
LATENCY 2188100
TIMELINE 20 308 241732632219100 2188100
LATENCY 2202900
TIMELINE 20 324 241732666504100 2202900
LATENCY 2218600
TIMELINE 20 340 241732702046700 2218600
LATENCY 2293300
TIMELINE 20 356 241732737457900 2293300
LATENCY 2208700
TIMELINE 20 372 241732773386500 2208700
LATENCY 2097300
TIMELINE 20 388 241732808767000 2097300
LATENCY 2280100
TIMELINE 20 404 241732865068100 2280100
LATENCY 2152100
TIMELINE 20 420 241732900623500 2152100
LATENCY 2091200
TIMELINE 20 436 241732934403000 2091200
LATENCY 2239500
TIMELINE 20 452 241732969271900 2239500
LATENCY 2142300
TIMELINE 20 468 241733004376500 2142300
LATENCY 2105800
TIMELINE 20 484 241733038735400 2105800
LATENCY 2045100
TIMELINE 20 500 241733074393000 2045100
LATENCY 2075000
TIMELINE 20 516 241733107913800 2075000
LATENCY 2145000
TIMELINE 20 532 241733160500800 2145000
LATENCY 2129500
TIMELINE 20 548 241733195500100 2129500
LATENCY 2079900
TIMELINE 20 564 241733229349000 2079900
LATENCY 2136000
TIMELINE 20 580 241733263635000 2136000
LATENCY 2102900
TIMELINE 20 596 241733297572400 2102900
LATENCY 2118000
TIMELINE 20 612 241733332085900 2118000
LATENCY 2123100
TIMELINE 20 628 241733366125500 2123100
LATENCY 2084500
TIMELINE 20 644 241733399902900 2084500
LATENCY 2416600
TIMELINE 20 660 241733452052000 2416600
LATENCY 2295500
TIMELINE 20 676 241733486929200 2295500
LATENCY 2230400
TIMELINE 20 692 241733521717200 2230400
LATENCY 2216600
TIMELINE 20 708 241733556454500 2216600
LATENCY 2129300
TIMELINE 20 724 241733590716800 2129300
LATENCY 2107800
TIMELINE 20 740 241733624671300 2107800
LATENCY 2083400
TIMELINE 20 756 241733658332700 2083400
LATENCY 2110100
TIMELINE 20 772 241733692044900 2110100
LATENCY 2176200
TIMELINE 20 788 241733732077400 2176200
LATENCY 2133400
TIMELINE 20 804 241733786785600 2133400
LATENCY 2115800
TIMELINE 20 820 241733821617700 2115800
LATENCY 2131100
TIMELINE 20 836 241733855798900 2131100
LATENCY 2116200
TIMELINE 20 852 241733889808300 2116200
LATENCY 2196800
TIMELINE 20 868 241733925819400 2196800
LATENCY 2271400
TIMELINE 20 884 241733960675800 2271400
LATENCY 2307900
TIMELINE 20 900 241733996843500 2307900
LATENCY 2111800
TIMELINE 20 916 241734031072400 2111800
LATENCY 2143000
TIMELINE 20 932 241734084325700 2143000
LATENCY 2179200
TIMELINE 20 948 241734120343200 2179200
LATENCY 2250100
TIMELINE 20 964 241734154121500 2250100
LATENCY 2191400
TIMELINE 20 980 241734188350200 2191400
LATENCY 2188400
TIMELINE 20 996 241734223284100 2188400
LATENCY 2080300
TIMELINE 20 1012 241734257507600 2080300
LATENCY 2094600
TIMELINE 20 1028 241734291436600 2094600
LATENCY 2236500
TIMELINE 20 1044 241734326496700 2236500
LATENCY 8206200
TIMELINE 20 1060 241734361687500 8206200
LATENCY 2206900
TIMELINE 20 1076 241734403401200 2206900
LATENCY 2337000
TIMELINE 20 1092 241734439314100 2337000
LATENCY 2191500
TIMELINE 20 1108 241734475616000 2191500
LATENCY 2124000
TIMELINE 20 1124 241734510248000 2124000
LATENCY 2109300
TIMELINE 20 1140 241734544933100 2109300
LATENCY 2113400
TIMELINE 20 1156 241734581385500 2113400
LATENCY 2260000
TIMELINE 20 1172 241734617132600 2260000
LATENCY 2139400
TIMELINE 20 1188 241734652725300 2139400
LATENCY 2189300
TIMELINE 20 1204 241734692853800 2189300
LATENCY 2151600
TIMELINE 20 1220 241734727586300 2151600
LATENCY 2904900
TIMELINE 20 1236 241734767259000 2904900
LATENCY 7734100
TIMELINE 20 1252 241734813648300 7734100
LATENCY 2656400
TIMELINE 20 1268 241734863297500 2656400
LATENCY 2920200
TIMELINE 20 1284 241734911922100 2920200
LATENCY 2636700
TIMELINE 20 1300 241734955737100 2636700
LATENCY 2650700
TIMELINE 20 1316 241735000180600 2650700
LATENCY 2698100
TIMELINE 20 1332 241735049883600 2698100
LATENCY 2710800
TIMELINE 20 1348 241735093818400 2710800
LATENCY 2966900
TIMELINE 20 1364 241735140619200 2966900
LATENCY 2724200
TIMELINE 20 1380 241735186576400 2724200
LATENCY 4687800
TIMELINE 20 1396 241735230456600 4687800
LATENCY 2950400
TIMELINE 20 1412 241735282790700 2950400
LATENCY 2632500
TIMELINE 20 1428 241735330817700 2632500
LATENCY 2939600
TIMELINE 20 1444 241735376022200 2939600
LATENCY 8689200
TIMELINE 20 1460 241735422573100 8689200
LATENCY 2934800
TIMELINE 20 1476 241735475548100 2934800
LATENCY 2909900
TIMELINE 20 1492 241735522360700 2909900
LATENCY 3282600
TIMELINE 20 1508 241735574208500 3282600
LATENCY 3365100
TIMELINE 20 1524 241735628814000 3365100
LATENCY 3138300
TIMELINE 20 1540 241735678930100 3138300
LATENCY 3322000
TIMELINE 20 1556 241735728900300 3322000
LATENCY 2680600
TIMELINE 20 1572 241735776131700 2680600
LATENCY 2867000
TIMELINE 20 1588 241735823449700 2867000
LATENCY 2642000
TIMELINE 20 1604 241735875281000 2642000
LATENCY 2682300
TIMELINE 20 1620 241735917632100 2682300
LATENCY 3297300
TIMELINE 20 1636 241735966221100 3297300
LATENCY 2818100
TIMELINE 20 1652 241736011587900 2818100
LATENCY 2782500
TIMELINE 20 1668 241736055586000 2782500
LATENCY 2756500
TIMELINE 20 1684 241736101421600 2756500
LATENCY 2609600
TIMELINE 20 1700 241736145628200 2609600
LATENCY 2158200
TIMELINE 20 1716 241736190213700 2158200
LATENCY 2977500
TIMELINE 20 1732 241736242424700 2977500
LATENCY 2843900
TIMELINE 20 1748 241736289897200 2843900
LATENCY 3215600
TIMELINE 20 1764 241736340398500 3215600
LATENCY 2332400
TIMELINE 20 1780 241736385666300 2332400
LATENCY 2504500
TIMELINE 20 1796 241736434412000 2504500
LATENCY 3194400
TIMELINE 20 1812 241736483218100 3194400
LATENCY 3468800
TIMELINE 20 1828 241736535869400 3468800
LATENCY 3384500
TIMELINE 20 1844 241736590109700 3384500
LATENCY 12262100
TIMELINE 20 1860 241736644681300 12262100
LATENCY 2608900
TIMELINE 20 1876 241736702530900 2608900
LATENCY 2575600
TIMELINE 20 1892 241736746147400 2575600
LATENCY 3013200
TIMELINE 20 1908 241736792579100 3013200
LATENCY 2980500
TIMELINE 20 1924 241736841076600 2980500
LATENCY 2689100
TIMELINE 20 1940 241736887035900 2689100
LATENCY 2969100
TIMELINE 20 1956 241736932895200 2969100
LATENCY 2977000
TIMELINE 20 1972 241736976157300 2977000
LATENCY 2938500
TIMELINE 20 1988 241737021755100 2938500
LATENCY 2743000
TIMELINE 20 2004 241737072993300 2743000
LATENCY 3128600
TIMELINE 20 2020 241737119212100 3128600
LATENCY 2962500
TIMELINE 20 2036 241737166058600 2962500
LATENCY 2672600
TIMELINE 21 5 241731913196500 2672600
LATENCY 2433600
TIMELINE 21 21 241731952474000 2433600
LATENCY 2228500
TIMELINE 21 37 241731989419700 2228500
LATENCY 2186200
TIMELINE 21 53 241732024198200 2186200
LATENCY 2161800
TIMELINE 21 69 241732059750200 2161800
LATENCY 2177000
TIMELINE 21 85 241732094686300 2177000
LATENCY 2172200
TIMELINE 21 101 241732129342000 2172200
LATENCY 2221900
TIMELINE 21 117 241732164767000 2221900
LATENCY 2151700
TIMELINE 21 133 241732220641800 2151700
LATENCY 2177600
TIMELINE 21 149 241732255780300 2177600
LATENCY 2227000
TIMELINE 21 165 241732292438200 2227000
LATENCY 2279800
TIMELINE 21 181 241732328998800 2279800
LATENCY 2208800
TIMELINE 21 197 241732366164800 2208800
LATENCY 2147500
TIMELINE 21 213 241732400314000 2147500
LATENCY 2341300
TIMELINE 21 229 241732435058700 2341300
LATENCY 2111500
TIMELINE 21 245 241732470326100 2111500
LATENCY 2288200
TIMELINE 21 261 241732523878400 2288200
LATENCY 2255200
TIMELINE 21 277 241732558831300 2255200
LATENCY 2280300
TIMELINE 21 293 241732593333600 2280300
LATENCY 2125000
TIMELINE 21 309 241732634589900 2125000
LATENCY 2261600
TIMELINE 21 325 241732668886800 2261600
LATENCY 2284300
TIMELINE 21 341 241732704455200 2284300
LATENCY 2188000
TIMELINE 21 357 241732740164500 2188000
LATENCY 2159500
TIMELINE 21 373 241732776063500 2159500
LATENCY 2188600
TIMELINE 21 389 241732811362700 2188600
LATENCY 2121300
TIMELINE 21 405 241732868105700 2121300
LATENCY 2107100
TIMELINE 21 421 241732903406000 2107100
LATENCY 2113500
TIMELINE 21 437 241732937097600 2113500
LATENCY 2150500
TIMELINE 21 453 241732971985200 2150500
LATENCY 2107800
TIMELINE 21 469 241733006980100 2107800
LATENCY 2195600
TIMELINE 21 485 241733041339300 2195600
LATENCY 2078900
TIMELINE 21 501 241733076724500 2078900
LATENCY 2047400
TIMELINE 21 517 241733110237700 2047400
LATENCY 2166600
TIMELINE 21 533 241733162878800 2166600
LATENCY 2142100
TIMELINE 21 549 241733197747400 2142100
LATENCY 2069900
TIMELINE 21 565 241733231541300 2069900
LATENCY 2134500
TIMELINE 21 581 241733265980300 2134500
LATENCY 2072400
TIMELINE 21 597 241733299879100 2072400
LATENCY 2065700
TIMELINE 21 613 241733334380000 2065700
LATENCY 2077800
TIMELINE 21 629 241733368424600 2077800
LATENCY 2094200
TIMELINE 21 645 241733402133300 2094200
LATENCY 2100700
TIMELINE 21 661 241733454553200 2100700
LATENCY 2361500
TIMELINE 21 677 241733488949700 2361500
LATENCY 2172500
TIMELINE 21 693 241733523795100 2172500
LATENCY 2153400
TIMELINE 21 709 241733558530700 2153400
LATENCY 2158300
TIMELINE 21 725 241733592705500 2158300
LATENCY 2087000
TIMELINE 21 741 241733626635400 2087000
LATENCY 2096500
TIMELINE 21 757 241733660285600 2096500
LATENCY 2325100
TIMELINE 21 773 241733694008600 2325100
LATENCY 2147100
TIMELINE 21 789 241733734142500 2147100
LATENCY 2218300
TIMELINE 21 805 241733788861700 2218300
LATENCY 2109100
TIMELINE 21 821 241733823772600 2109100
LATENCY 2136600
TIMELINE 21 837 241733857963700 2136600
LATENCY 2105300
TIMELINE 21 853 241733891958500 2105300
LATENCY 2199700
TIMELINE 21 869 241733928354000 2199700
LATENCY 2334900
TIMELINE 21 885 241733963398000 2334900
LATENCY 2277600
TIMELINE 21 901 241733999696400 2277600
LATENCY 2108200
TIMELINE 21 917 241734033758100 2108200
LATENCY 2124400
TIMELINE 21 933 241734087162400 2124400
LATENCY 2071700
TIMELINE 21 949 241734123235200 2071700
LATENCY 2100600
TIMELINE 21 965 241734157109000 2100600
LATENCY 2154900
TIMELINE 21 981 241734191237500 2154900
LATENCY 2129800
TIMELINE 21 997 241734226051900 2129800
LATENCY 2111800
TIMELINE 21 1013 241734260165800 2111800
LATENCY 2114200
TIMELINE 21 1029 241734294077000 2114200
LATENCY 2213500
TIMELINE 21 1045 241734329355800 2213500
LATENCY 2185100
TIMELINE 21 1061 241734370362500 2185100
LATENCY 2303400
TIMELINE 21 1077 241734406057600 2303400
LATENCY 2310200
TIMELINE 21 1093 241734442096700 2310200
LATENCY 2167000
TIMELINE 21 1109 241734478376300 2167000
LATENCY 2361500
TIMELINE 21 1125 241734512947500 2361500
LATENCY 2096400
TIMELINE 21 1141 241734547590100 2096400
LATENCY 2100600
TIMELINE 21 1157 241734583963400 2100600
LATENCY 2278900
TIMELINE 21 1173 241734619780900 2278900
LATENCY 2173000
TIMELINE 21 1189 241734655189300 2173000
LATENCY 2200500
TIMELINE 21 1205 241734695366400 2200500
LATENCY 2115900
TIMELINE 21 1221 241734730089700 2115900
LATENCY 2884700
TIMELINE 21 1237 241734770549500 2884700
LATENCY 2750400
TIMELINE 21 1253 241734821667700 2750400
LATENCY 2591300
TIMELINE 21 1269 241734866205100 2591300
LATENCY 2898300
TIMELINE 21 1285 241734915120600 2898300
LATENCY 3260700
TIMELINE 21 1301 241734958675200 3260700
LATENCY 2636500
TIMELINE 21 1317 241735003129900 2636500
LATENCY 2710400
TIMELINE 21 1333 241735052873900 2710400
LATENCY 2776500
TIMELINE 21 1349 241735096846300 2776500
LATENCY 2949800
TIMELINE 21 1365 241735143931300 2949800
LATENCY 2823600
TIMELINE 21 1381 241735189594200 2823600
LATENCY 2648300
TIMELINE 21 1397 241735235403900 2648300
LATENCY 2967500
TIMELINE 21 1413 241735286402700 2967500
LATENCY 3229700
TIMELINE 21 1429 241735334624700 3229700
LATENCY 2938800
TIMELINE 21 1445 241735379678300 2938800
LATENCY 2868200
TIMELINE 21 1461 241735431986500 2868200
LATENCY 2933200
TIMELINE 21 1477 241735479103200 2933200
LATENCY 2974600
TIMELINE 21 1493 241735525910800 2974600
LATENCY 3275400
TIMELINE 21 1509 241735578250700 3275400
LATENCY 3246400
TIMELINE 21 1525 241735632891100 3246400
LATENCY 3041000
TIMELINE 21 1541 241735682653700 3041000
LATENCY 3262400
TIMELINE 21 1557 241735733014000 3262400
LATENCY 2602000
TIMELINE 21 1573 241735779456800 2602000
LATENCY 2874800
TIMELINE 21 1589 241735827105600 2874800
LATENCY 2624000
TIMELINE 21 1605 241735878876900 2624000
LATENCY 2607700
TIMELINE 21 1621 241735921402800 2607700
LATENCY 2784300
TIMELINE 21 1637 241735970763100 2784300
LATENCY 4943200
TIMELINE 21 1653 241736015865800 4943200
LATENCY 2866600
TIMELINE 21 1669 241736062559700 2866600
LATENCY 3063000
TIMELINE 21 1685 241736108554600 3063000
LATENCY 2630400
TIMELINE 21 1701 241736152432100 2630400
LATENCY 2101900
TIMELINE 21 1717 241736195714000 2101900
LATENCY 3037200
TIMELINE 21 1733 241736250197200 3037200
LATENCY 2909200
TIMELINE 21 1749 241736297224700 2909200
LATENCY 2932000
TIMELINE 21 1765 241736348472400 2932000
LATENCY 2382000
TIMELINE 21 1781 241736391379800 2382000
LATENCY 3276800
TIMELINE 21 1797 241736441105500 3276800
LATENCY 3140800
TIMELINE 21 1813 241736491189900 3140800
LATENCY 3227900
TIMELINE 21 1829 241736544331200 3227900
LATENCY 3459100
TIMELINE 21 1845 241736598845700 3459100
LATENCY 3333900
TIMELINE 21 1861 241736662163400 3333900
LATENCY 2884300
TIMELINE 21 1877 241736709452800 2884300
LATENCY 2654900
TIMELINE 21 1893 241736752639600 2654900
LATENCY 3000000
TIMELINE 21 1909 241736800172100 3000000
LATENCY 3065500
TIMELINE 21 1925 241736848528300 3065500
LATENCY 2842000
TIMELINE 21 1941 241736893846200 2842000
LATENCY 2910100
TIMELINE 21 1957 241736940130900 2910100
LATENCY 2745700
TIMELINE 21 1973 241736983436400 2745700
LATENCY 2906000
TIMELINE 21 1989 241737029362300 2906000
LATENCY 2973100
TIMELINE 21 2005 241737080199200 2973100
LATENCY 2987800
TIMELINE 21 2021 241737127060800 2987800
LATENCY 3027300
TIMELINE 21 2037 241737173673700 3027300
LATENCY 2959000
TIMELINE 22 6 241731915930500 2959000
LATENCY 2204400
TIMELINE 22 22 241731955096300 2204400
LATENCY 2202400
TIMELINE 22 38 241731991801700 2202400
LATENCY 2217400
TIMELINE 22 54 241732026580400 2217400
LATENCY 2147800
TIMELINE 22 70 241732062034200 2147800
LATENCY 2154600
TIMELINE 22 86 241732096834300 2154600
LATENCY 2154400
TIMELINE 22 102 241732131487100 2154400
LATENCY 2448700
TIMELINE 22 118 241732166930700 2448700
LATENCY 2259000
TIMELINE 22 134 241732222764100 2259000
LATENCY 2384900
TIMELINE 22 150 241732257902700 2384900
LATENCY 2158900
TIMELINE 22 166 241732294637200 2158900
LATENCY 2593200
TIMELINE 22 182 241732331233900 2593200
LATENCY 2174900
TIMELINE 22 198 241732368439500 2174900
LATENCY 2171400
TIMELINE 22 214 241732402583200 2171400
LATENCY 2182100
TIMELINE 22 230 241732437497800 2182100
LATENCY 2125600
TIMELINE 22 246 241732472526500 2125600
LATENCY 2281300
TIMELINE 22 262 241732526363400 2281300
LATENCY 2275400
TIMELINE 22 278 241732561278800 2275400
LATENCY 2148500
TIMELINE 22 294 241732595729900 2148500
LATENCY 2277800
TIMELINE 22 310 241732636910800 2277800
LATENCY 2458800
TIMELINE 22 326 241732671337600 2458800
LATENCY 2293300
TIMELINE 22 342 241732706906400 2293300
LATENCY 2147500
TIMELINE 22 358 241732742238900 2147500
LATENCY 2174900
TIMELINE 22 374 241732778079000 2174900
LATENCY 2587600
TIMELINE 22 390 241732813398100 2587600
LATENCY 2206100
TIMELINE 22 406 241732870196200 2206100
LATENCY 2129000
TIMELINE 22 422 241732905485800 2129000
LATENCY 2314500
TIMELINE 22 438 241732939182000 2314500
LATENCY 2169000
TIMELINE 22 454 241732974197300 2169000
LATENCY 2163000
TIMELINE 22 470 241733009122500 2163000
LATENCY 2158000
TIMELINE 22 486 241733043448700 2158000
LATENCY 2084900
TIMELINE 22 502 241733078773500 2084900
LATENCY 2147200
TIMELINE 22 518 241733112318400 2147200
LATENCY 2125600
TIMELINE 22 534 241733164980000 2125600
LATENCY 2090400
TIMELINE 22 550 241733199953700 2090400
LATENCY 2103700
TIMELINE 22 566 241733233673800 2103700
LATENCY 2136400
TIMELINE 22 582 241733268002300 2136400
LATENCY 2105000
TIMELINE 22 598 241733301840600 2105000
LATENCY 2065800
TIMELINE 22 614 241733336364200 2065800
LATENCY 2112300
TIMELINE 22 630 241733370419000 2112300
LATENCY 2077700
TIMELINE 22 646 241733404144300 2077700
LATENCY 2161200
TIMELINE 22 662 241733456513300 2161200
LATENCY 2120300
TIMELINE 22 678 241733491508100 2120300
LATENCY 2157200
TIMELINE 22 694 241733526159600 2157200
LATENCY 2175800
TIMELINE 22 710 241733560777200 2175800
LATENCY 2148900
TIMELINE 22 726 241733594954400 2148900
LATENCY 2082600
TIMELINE 22 742 241733628808600 2082600
LATENCY 2112300
TIMELINE 22 758 241733662471900 2112300
LATENCY 2436100
TIMELINE 22 774 241733696434100 2436100
LATENCY 2182100
TIMELINE 22 790 241733736355500 2182100
LATENCY 2196400
TIMELINE 22 806 241733791113800 2196400
LATENCY 2138500
TIMELINE 22 822 241733825915900 2138500
LATENCY 2135100
TIMELINE 22 838 241733860133400 2135100
LATENCY 2128800
TIMELINE 22 854 241733894097800 2128800
LATENCY 2179600
TIMELINE 22 870 241733930429800 2179600
LATENCY 2296200
TIMELINE 22 886 241733965467400 2296200
LATENCY 2197200
TIMELINE 22 902 241734001919800 2197200
LATENCY 2106400
TIMELINE 22 918 241734035777200 2106400
LATENCY 2219900
TIMELINE 22 934 241734089202700 2219900
LATENCY 2095100
TIMELINE 22 950 241734124944400 2095100
LATENCY 2092200
TIMELINE 22 966 241734158843300 2092200
LATENCY 2155800
TIMELINE 22 982 241734193188300 2155800
LATENCY 2120900
TIMELINE 22 998 241734227921500 2120900
LATENCY 2139800
TIMELINE 22 1014 241734262014400 2139800
LATENCY 2161300
TIMELINE 22 1030 241734295907400 2161300
LATENCY 2215000
TIMELINE 22 1046 241734331341500 2215000
LATENCY 2232900
TIMELINE 22 1062 241734372488900 2232900
LATENCY 2186200
TIMELINE 22 1078 241734408286000 2186200
LATENCY 2253000
TIMELINE 22 1094 241734444283600 2253000
LATENCY 2228600
TIMELINE 22 1110 241734480605200 2228600
LATENCY 2211700
TIMELINE 22 1126 241734515374500 2211700
LATENCY 2248700
TIMELINE 22 1142 241734549748300 2248700
LATENCY 2091100
TIMELINE 22 1158 241734586037300 2091100
LATENCY 2277200
TIMELINE 22 1174 241734622000600 2277200
LATENCY 2120700
TIMELINE 22 1190 241734657336400 2120700
LATENCY 2187900
TIMELINE 22 1206 241734697505900 2187900
LATENCY 2241100
TIMELINE 22 1222 241734732104100 2241100
LATENCY 2869300
TIMELINE 22 1238 241734773515900 2869300
LATENCY 2921500
TIMELINE 22 1254 241734824345100 2921500
LATENCY 2860500
TIMELINE 22 1270 241734868723000 2860500
LATENCY 2939400
TIMELINE 22 1286 241734917935900 2939400
LATENCY 2916400
TIMELINE 22 1302 241734961879400 2916400
LATENCY 2876500
TIMELINE 22 1318 241735005693400 2876500
LATENCY 2742400
TIMELINE 22 1334 241735055512000 2742400
LATENCY 2904000
TIMELINE 22 1350 241735099541400 2904000
LATENCY 2898100
TIMELINE 22 1366 241735146794500 2898100
LATENCY 2725300
TIMELINE 22 1382 241735192328800 2725300
LATENCY 2784300
TIMELINE 22 1398 241735237967200 2784300
LATENCY 2844600
TIMELINE 22 1414 241735289207200 2844600
LATENCY 2810900
TIMELINE 22 1430 241735337681700 2810900
LATENCY 3004200
TIMELINE 22 1446 241735382491500 3004200
LATENCY 3013500
TIMELINE 22 1462 241735434810200 3013500
LATENCY 2937200
TIMELINE 22 1478 241735482089000 2937200
LATENCY 2995100
TIMELINE 22 1494 241735528929000 2995100
LATENCY 3290500
TIMELINE 22 1510 241735581485700 3290500
LATENCY 3469700
TIMELINE 22 1526 241735636096000 3469700
LATENCY 2949500
TIMELINE 22 1542 241735685583500 2949500
LATENCY 3209600
TIMELINE 22 1558 241735736143100 3209600
LATENCY 2613900
TIMELINE 22 1574 241735781956100 2613900
LATENCY 2839900
TIMELINE 22 1590 241735829904000 2839900
LATENCY 2639400
TIMELINE 22 1606 241735881117000 2639400
LATENCY 2612000
TIMELINE 22 1622 241735923627900 2612000
LATENCY 2733600
TIMELINE 22 1638 241735973063100 2733600
LATENCY 3570300
TIMELINE 22 1654 241736017873800 3570300
LATENCY 2814300
TIMELINE 22 1670 241736063309200 2814300
LATENCY 3053800
TIMELINE 22 1686 241736109315600 3053800
LATENCY 2627100
TIMELINE 22 1702 241736153046100 2627100
LATENCY 2359400
TIMELINE 22 1718 241736196218300 2359400
LATENCY 3104300
TIMELINE 22 1734 241736250908900 3104300
LATENCY 2943700
TIMELINE 22 1750 241736297988500 2943700
LATENCY 2922100
TIMELINE 22 1766 241736349217800 2922100
LATENCY 2602100
TIMELINE 22 1782 241736391976600 2602100
LATENCY 3251200
TIMELINE 22 1798 241736442048000 3251200
LATENCY 3136600
TIMELINE 22 1814 241736492052100 3136600
LATENCY 3280200
TIMELINE 22 1830 241736545200700 3280200
LATENCY 3353500
TIMELINE 22 1846 241736599834200 3353500
LATENCY 3409600
TIMELINE 22 1862 241736663050500 3409600
LATENCY 2891400
TIMELINE 22 1878 241736710244900 2891400
LATENCY 2693400
TIMELINE 22 1894 241736753369800 2693400
LATENCY 2994400
TIMELINE 22 1910 241736801025400 2994400
LATENCY 3014000
TIMELINE 22 1926 241736849512600 3014000
LATENCY 2764000
TIMELINE 22 1942 241736894793600 2764000
LATENCY 2991500
TIMELINE 22 1958 241736941137600 2991500
LATENCY 2722800
TIMELINE 22 1974 241736984466700 2722800
LATENCY 2930800
TIMELINE 22 1990 241737030519600 2930800
LATENCY 2923000
TIMELINE 22 2006 241737081375100 2923000
LATENCY 2968000
TIMELINE 22 2022 241737128222800 2968000
LATENCY 3044100
TIMELINE 22 2038 241737174823000 3044100
LATENCY 2832300
TIMELINE 23 7 241731919053300 2832300
LATENCY 2190600
TIMELINE 23 23 241731957471400 2190600
LATENCY 2153100
TIMELINE 23 39 241731994156300 2153100
LATENCY 2232100
TIMELINE 23 55 241732028914600 2232100
LATENCY 2172800
TIMELINE 23 71 241732064274100 2172800
LATENCY 2148600
TIMELINE 23 87 241732099134600 2148600
LATENCY 2205400
TIMELINE 23 103 241732133799800 2205400
LATENCY 2619700
TIMELINE 23 119 241732169583300 2619700
LATENCY 2211800
TIMELINE 23 135 241732225148900 2211800
LATENCY 2770500
TIMELINE 23 151 241732260491900 2770500
LATENCY 2340300
TIMELINE 23 167 241732296971500 2340300
LATENCY 2481500
TIMELINE 23 183 241732333913800 2481500
LATENCY 2207700
TIMELINE 23 199 241732370678800 2207700
LATENCY 2125800
TIMELINE 23 215 241732404786400 2125800
LATENCY 2124300
TIMELINE 23 231 241732439710200 2124300
LATENCY 2093700
TIMELINE 23 247 241732474681500 2093700
LATENCY 2360500
TIMELINE 23 263 241732528716900 2360500
LATENCY 2184600
TIMELINE 23 279 241732563617600 2184600
LATENCY 2121300
TIMELINE 23 295 241732598078300 2121300
LATENCY 2240900
TIMELINE 23 311 241732639422300 2240900
LATENCY 2277000
TIMELINE 23 327 241732674017700 2277000
LATENCY 2194800
TIMELINE 23 343 241732709462700 2194800
LATENCY 2252000
TIMELINE 23 359 241732744544500 2252000
LATENCY 2448500
TIMELINE 23 375 241732780425400 2448500
LATENCY 2399700
TIMELINE 23 391 241732816297600 2399700
LATENCY 2228000
TIMELINE 23 407 241732872684000 2228000
LATENCY 2121500
TIMELINE 23 423 241732907900300 2121500
LATENCY 2122600
TIMELINE 23 439 241732941875100 2122600
LATENCY 2143600
TIMELINE 23 455 241732976609100 2143600
LATENCY 2145800
TIMELINE 23 471 241733011588000 2145800
LATENCY 2521300
TIMELINE 23 487 241733045973600 2521300
LATENCY 2125400
TIMELINE 23 503 241733081671000 2125400
LATENCY 2086300
TIMELINE 23 519 241733115241800 2086300
LATENCY 2075600
TIMELINE 23 535 241733167991900 2075600
LATENCY 2141100
TIMELINE 23 551 241733202853700 2141100
LATENCY 2104900
TIMELINE 23 567 241733236590900 2104900
LATENCY 2125700
TIMELINE 23 583 241733271056700 2125700
LATENCY 2132000
TIMELINE 23 599 241733304865500 2132000
LATENCY 2099500
TIMELINE 23 615 241733339360500 2099500
LATENCY 2054300
TIMELINE 23 631 241733373428700 2054300
LATENCY 2072100
TIMELINE 23 647 241733407098000 2072100
LATENCY 2177400
TIMELINE 23 663 241733459762000 2177400
LATENCY 2092000
TIMELINE 23 679 241733494315400 2092000
LATENCY 2169400
TIMELINE 23 695 241733528961600 2169400
LATENCY 2113400
TIMELINE 23 711 241733563548000 2113400
LATENCY 2133400
TIMELINE 23 727 241733597655200 2133400
LATENCY 2079500
TIMELINE 23 743 241733631462700 2079500
LATENCY 2102400
TIMELINE 23 759 241733665145900 2102400
LATENCY 2799200
TIMELINE 23 775 241733699484100 2799200
LATENCY 2154200
TIMELINE 23 791 241733739080400 2154200
LATENCY 2231300
TIMELINE 23 807 241733793808100 2231300
LATENCY 2136700
TIMELINE 23 823 241733828544000 2136700
LATENCY 2137300
TIMELINE 23 839 241733862732700 2137300
LATENCY 2384400
TIMELINE 23 855 241733896681600 2384400
LATENCY 2170000
TIMELINE 23 871 241733933490500 2170000
LATENCY 2208700
TIMELINE 23 887 241733968696700 2208700
LATENCY 2154900
TIMELINE 23 903 241734005008300 2154900
LATENCY 2071800
TIMELINE 23 919 241734038748800 2071800
LATENCY 2261300
TIMELINE 23 935 241734092576900 2261300
LATENCY 2064700
TIMELINE 23 951 241734128133300 2064700
LATENCY 2098100
TIMELINE 23 967 241734162005900 2098100
LATENCY 2158600
TIMELINE 23 983 241734196406000 2158600
LATENCY 2193800
TIMELINE 23 999 241734231254300 2193800
LATENCY 2088100
TIMELINE 23 1015 241734265360800 2088100
LATENCY 2075700
TIMELINE 23 1031 241734299280900 2075700
LATENCY 2141700
TIMELINE 23 1047 241734334639000 2141700
LATENCY 2085800
TIMELINE 23 1063 241734375702900 2085800
LATENCY 2185300
TIMELINE 23 1079 241734411565400 2185300
LATENCY 2259500
TIMELINE 23 1095 241734447807400 2259500
LATENCY 2161300
TIMELINE 23 1111 241734483847300 2161300
LATENCY 2162200
TIMELINE 23 1127 241734518603500 2162200
LATENCY 2554900
TIMELINE 23 1143 241734553103400 2554900
LATENCY 2142800
TIMELINE 23 1159 241734589327400 2142800
LATENCY 2279400
TIMELINE 23 1175 241734625790100 2279400
LATENCY 2150100
TIMELINE 23 1191 241734660861800 2150100
LATENCY 2170400
TIMELINE 23 1207 241734701138000 2170400
LATENCY 2499200
TIMELINE 23 1223 241734735759400 2499200
LATENCY 2950500
TIMELINE 23 1239 241734778157100 2950500
LATENCY 2917200
TIMELINE 23 1255 241734829339000 2917200
LATENCY 3106200
TIMELINE 23 1271 241734873759900 3106200
LATENCY 2957500
TIMELINE 23 1287 241734922935300 2957500
LATENCY 2939000
TIMELINE 23 1303 241734966859800 2939000
LATENCY 2642000
TIMELINE 23 1319 241735010368400 2642000
LATENCY 2737600
TIMELINE 23 1335 241735060160200 2737600
LATENCY 2958800
TIMELINE 23 1351 241735104472300 2958800
LATENCY 2948600
TIMELINE 23 1367 241735151677400 2948600
LATENCY 2765000
TIMELINE 23 1383 241735196952500 2765000
LATENCY 2963500
TIMELINE 23 1399 241735242389300 2963500
LATENCY 2878400
TIMELINE 23 1415 241735294609600 2878400
LATENCY 2736600
TIMELINE 23 1431 241735342863200 2736600
LATENCY 2981500
TIMELINE 23 1447 241735388075000 2981500
LATENCY 2992000
TIMELINE 23 1463 241735440352100 2992000
LATENCY 2904400
TIMELINE 23 1479 241735487436600 2904400
LATENCY 3021800
TIMELINE 23 1495 241735534466300 3021800
LATENCY 3460900
TIMELINE 23 1511 241735587648500 3460900
LATENCY 3181900
TIMELINE 23 1527 241735642476100 3181900
LATENCY 2997600
TIMELINE 23 1543 241735691436200 2997600
LATENCY 3104100
TIMELINE 23 1559 241735742117900 3104100
LATENCY 3182300
TIMELINE 23 1575 241735786922700 3182300
LATENCY 8718900
TIMELINE 23 1591 241735835297400 8718900
LATENCY 2637300
TIMELINE 23 1607 241735886002000 2637300
LATENCY 2622300
TIMELINE 23 1623 241735928503700 2622300
LATENCY 2769600
TIMELINE 23 1639 241735978104000 2769600
LATENCY 2875700
TIMELINE 23 1655 241736023592600 2875700
LATENCY 2729900
TIMELINE 23 1671 241736068192000 2729900
LATENCY 2931300
TIMELINE 23 1687 241736114551500 2931300
LATENCY 2795300
TIMELINE 23 1703 241736157556100 2795300
LATENCY 3261900
TIMELINE 23 1719 241736200769200 3261900
LATENCY 2939900
TIMELINE 23 1735 241736256156300 2939900
LATENCY 3088800
TIMELINE 23 1751 241736303008900 3088800
LATENCY 3254900
TIMELINE 23 1767 241736354355500 3254900
LATENCY 3277000
TIMELINE 23 1783 241736396697800 3277000
LATENCY 3193300
TIMELINE 23 1799 241736447546200 3193300
LATENCY 3163200
TIMELINE 23 1815 241736497453900 3163200
LATENCY 3360800
TIMELINE 23 1831 241736550779300 3360800
LATENCY 3445700
TIMELINE 23 1847 241736605393000 3445700
LATENCY 3400000
TIMELINE 23 1863 241736668797500 3400000
LATENCY 2732700
TIMELINE 23 1879 241736715080200 2732700
LATENCY 2904100
TIMELINE 23 1895 241736758289900 2904100
LATENCY 2992200
TIMELINE 23 1911 241736806042600 2992200
LATENCY 2896900
TIMELINE 23 1927 241736854514000 2896900
LATENCY 2927000
TIMELINE 23 1943 241736899499800 2927000
LATENCY 2304400
TIMELINE 23 1959 241736945664700 2304400
LATENCY 2728600
TIMELINE 23 1975 241736989164500 2728600
LATENCY 3019500
TIMELINE 23 1991 241737035482900 3019500
LATENCY 2963600
TIMELINE 23 2007 241737086249600 2963600
LATENCY 2657900
TIMELINE 23 2023 241737133264800 2657900
LATENCY 2878800
TIMELINE 23 2039 241737180034800 2878800
LATENCY 2381900
TIMELINE 24 8 241731921720600 2381900
LATENCY 2390500
TIMELINE 24 24 241731959373600 2390500
LATENCY 2163600
TIMELINE 24 40 241731996054300 2163600
LATENCY 2195200
TIMELINE 24 56 241732030979300 2195200
LATENCY 2160800
TIMELINE 24 72 241732066279000 2160800
LATENCY 2080800
TIMELINE 24 88 241732101229400 2080800
LATENCY 2189000
TIMELINE 24 104 241732135945500 2189000
LATENCY 2333700
TIMELINE 24 120 241732172003800 2333700
LATENCY 2161300
TIMELINE 24 136 241732227217300 2161300
LATENCY 2237100
TIMELINE 24 152 241732263117400 2237100
LATENCY 2283000
TIMELINE 24 168 241732299127900 2283000
LATENCY 2267100
TIMELINE 24 184 241732336206600 2267100
LATENCY 2140300
TIMELINE 24 200 241732372640600 2140300
LATENCY 2090900
TIMELINE 24 216 241732406631000 2090900
LATENCY 2195900
TIMELINE 24 232 241732441560000 2195900
LATENCY 2078200
TIMELINE 24 248 241732476454000 2078200
LATENCY 2240200
TIMELINE 24 264 241732530471700 2240200
LATENCY 2237100
TIMELINE 24 280 241732565220800 2237100
LATENCY 2176300
TIMELINE 24 296 241732599532900 2176300
LATENCY 2090800
TIMELINE 24 312 241732640947000 2090800
LATENCY 2179400
TIMELINE 24 328 241732675551500 2179400
LATENCY 2170500
TIMELINE 24 344 241732710984500 2170500
LATENCY 2292600
TIMELINE 24 360 241732746082300 2292600
LATENCY 2253300
TIMELINE 24 376 241732782151500 2253300
LATENCY 21901500
TIMELINE 24 392 241732817864900 21901500
LATENCY 2281300
TIMELINE 24 408 241732873892100 2281300
LATENCY 2071600
TIMELINE 24 424 241732909090500 2071600
LATENCY 2192700
TIMELINE 24 440 241732943051300 2192700
LATENCY 2169300
TIMELINE 24 456 241732977919200 2169300
LATENCY 2187100
TIMELINE 24 472 241733012849300 2187100
LATENCY 2347700
TIMELINE 24 488 241733048087200 2347700
LATENCY 2060300
TIMELINE 24 504 241733083188400 2060300
LATENCY 2073900
TIMELINE 24 520 241733116703000 2073900
LATENCY 2115400
TIMELINE 24 536 241733169420500 2115400
LATENCY 2133500
TIMELINE 24 552 241733204336600 2133500
LATENCY 2098800
TIMELINE 24 568 241733238015400 2098800
LATENCY 2087900
TIMELINE 24 584 241733272489400 2087900
LATENCY 2176500
TIMELINE 24 600 241733306310900 2176500
LATENCY 2174700
TIMELINE 24 616 241733340749100 2174700
LATENCY 2122100
TIMELINE 24 632 241733374804100 2122100
LATENCY 2069700
TIMELINE 24 648 241733408532100 2069700
LATENCY 2098700
TIMELINE 24 664 241733461195100 2098700
LATENCY 2181900
TIMELINE 24 680 241733495746300 2181900
LATENCY 2158000
TIMELINE 24 696 241733530569000 2158000
LATENCY 2122400
TIMELINE 24 712 241733565162600 2122400
LATENCY 2143100
TIMELINE 24 728 241733599306700 2143100
LATENCY 2092300
TIMELINE 24 744 241733633055500 2092300
LATENCY 2109500
TIMELINE 24 760 241733666761200 2109500
LATENCY 5418200
TIMELINE 24 776 241733701728000 5418200
LATENCY 21679200
TIMELINE 24 792 241733740862600 21679200
LATENCY 2224900
TIMELINE 24 808 241733795670500 2224900
LATENCY 2183500
TIMELINE 24 824 241733830305600 2183500
LATENCY 2123300
TIMELINE 24 840 241733864505600 2123300
LATENCY 3359200
TIMELINE 24 856 241733898618600 3359200
LATENCY 2113300
TIMELINE 24 872 241733935620100 2113300
LATENCY 2177900
TIMELINE 24 888 241733970874900 2177900
LATENCY 2156500
TIMELINE 24 904 241734007133500 2156500
LATENCY 2092200
TIMELINE 24 920 241734040794500 2092200
LATENCY 2307200
TIMELINE 24 936 241734094675500 2307200
LATENCY 2107900
TIMELINE 24 952 241734129961500 2107900
LATENCY 2100800
TIMELINE 24 968 241734163883500 2100800
LATENCY 2179300
TIMELINE 24 984 241734198310100 2179300
LATENCY 2107300
TIMELINE 24 1000 241734233305000 2107300
LATENCY 2124500
TIMELINE 24 1016 241734267309900 2124500
LATENCY 2052100
TIMELINE 24 1032 241734301198100 2052100
LATENCY 2160300
TIMELINE 24 1048 241734336695900 2160300
LATENCY 2213600
TIMELINE 24 1064 241734377707100 2213600
LATENCY 2170800
TIMELINE 24 1080 241734413694000 2170800
LATENCY 2288600
TIMELINE 24 1096 241734449857100 2288600
LATENCY 2214800
TIMELINE 24 1112 241734485858500 2214800
LATENCY 2149600
TIMELINE 24 1128 241734520626100 2149600
LATENCY 2393400
TIMELINE 24 1144 241734555365000 2393400
LATENCY 2130200
TIMELINE 24 1160 241734591245800 2130200
LATENCY 2292900
TIMELINE 24 1176 241734627703600 2292900
LATENCY 7613500
TIMELINE 24 1192 241734662697100 7613500
LATENCY 2209200
TIMELINE 24 1208 241734702974100 2209200
LATENCY 2556600
TIMELINE 24 1224 241734737661200 2556600
LATENCY 2820700
TIMELINE 24 1240 241734780322400 2820700
LATENCY 2862300
TIMELINE 24 1256 241734831360800 2862300
LATENCY 3029500
TIMELINE 24 1272 241734875979000 3029500
LATENCY 2724900
TIMELINE 24 1288 241734925116300 2724900
LATENCY 2938500
TIMELINE 24 1304 241734968898300 2938500
LATENCY 2694700
TIMELINE 24 1320 241735012186100 2694700
LATENCY 2788600
TIMELINE 24 1336 241735062074200 2788600
LATENCY 2968600
TIMELINE 24 1352 241735106459400 2968600
LATENCY 2993700
TIMELINE 24 1368 241735153652300 2993700
LATENCY 2785300
TIMELINE 24 1384 241735198867100 2785300
LATENCY 3087200
TIMELINE 24 1400 241735244370500 3087200
LATENCY 2935000
TIMELINE 24 1416 241735296118200 2935000
LATENCY 2745100
TIMELINE 24 1432 241735344216200 2745100
LATENCY 2850400
TIMELINE 24 1448 241735389585800 2850400
LATENCY 2970100
TIMELINE 24 1464 241735441864400 2970100
LATENCY 2934400
TIMELINE 24 1480 241735488884200 2934400
LATENCY 3042900
TIMELINE 24 1496 241735535935100 3042900
LATENCY 3395900
TIMELINE 24 1512 241735589512700 3395900
LATENCY 2953000
TIMELINE 24 1528 241735644221100 2953000
LATENCY 2931200
TIMELINE 24 1544 241735692919500 2931200
LATENCY 3187100
TIMELINE 24 1560 241735743605300 3187100
LATENCY 3134700
TIMELINE 24 1576 241735788446600 3134700
LATENCY 8782000
TIMELINE 24 1592 241735836662600 8782000
LATENCY 2644000
TIMELINE 24 1608 241735887151500 2644000
LATENCY 2615900
TIMELINE 24 1624 241735929643900 2615900
LATENCY 2815400
TIMELINE 24 1640 241735979328600 2815400
LATENCY 3001300
TIMELINE 24 1656 241736025332900 3001300
LATENCY 2738200
TIMELINE 24 1672 241736069833700 2738200
LATENCY 2826900
TIMELINE 24 1688 241736116423400 2826900
LATENCY 2730900
TIMELINE 24 1704 241736159302300 2730900
LATENCY 3343400
TIMELINE 24 1720 241736202653600 3343400
LATENCY 2945200
TIMELINE 24 1736 241736257969600 2945200
LATENCY 3184500
TIMELINE 24 1752 241736304796500 3184500
LATENCY 2929500
TIMELINE 24 1768 241736356490800 2929500
LATENCY 3121800
TIMELINE 24 1784 241736398888000 3121800
LATENCY 3143200
TIMELINE 24 1800 241736449821900 3143200
LATENCY 3245400
TIMELINE 24 1816 241736499553800 3245400
LATENCY 3357400
TIMELINE 24 1832 241736553081900 3357400
LATENCY 3435600
TIMELINE 24 1848 241736607708500 3435600
LATENCY 3347300
TIMELINE 24 1864 241736671183400 3347300
LATENCY 2947400
TIMELINE 24 1880 241736717044000 2947400
LATENCY 2786000
TIMELINE 24 1896 241736760372100 2786000
LATENCY 3000300
TIMELINE 24 1912 241736808188500 3000300
LATENCY 2804500
TIMELINE 24 1928 241736856643500 2804500
LATENCY 2809700
TIMELINE 24 1944 241736901494500 2809700
LATENCY 2192800
TIMELINE 24 1960 241736947093000 2192800
LATENCY 2764000
TIMELINE 24 1976 241736990604400 2764000
LATENCY 8532200
TIMELINE 24 1992 241737037128300 8532200
LATENCY 3006900
TIMELINE 24 2008 241737087922300 3006900
LATENCY 2661800
TIMELINE 24 2024 241737134779500 2661800
LATENCY 2893400
TIMELINE 24 2040 241737181593900 2893400
LATENCY 2315400
TIMELINE 25 9 241731924325800 2315400
LATENCY 2337000
TIMELINE 25 25 241731961992400 2337000
LATENCY 2207300
TIMELINE 25 41 241731998448300 2207300
LATENCY 2202700
TIMELINE 25 57 241732033461800 2202700
LATENCY 2152700
TIMELINE 25 73 241732068660000 2152700
LATENCY 2128700
TIMELINE 25 89 241732103465000 2128700
LATENCY 2163500
TIMELINE 25 105 241732138279800 2163500
LATENCY 2289800
TIMELINE 25 121 241732174577600 2289800
LATENCY 2229500
TIMELINE 25 137 241732229616900 2229500
LATENCY 2235900
TIMELINE 25 153 241732265699800 2235900
LATENCY 2216800
TIMELINE 25 169 241732301772700 2216800
LATENCY 2318200
TIMELINE 25 185 241732338927700 2318200
LATENCY 2089000
TIMELINE 25 201 241732375283200 2089000
LATENCY 2219100
TIMELINE 25 217 241732409129600 2219100
LATENCY 2145800
TIMELINE 25 233 241732444187900 2145800
LATENCY 2067400
TIMELINE 25 249 241732478982900 2067400
LATENCY 2109700
TIMELINE 25 265 241732533323700 2109700
LATENCY 2092700
TIMELINE 25 281 241732567996600 2092700
LATENCY 2194000
TIMELINE 25 297 241732602219000 2194000
LATENCY 2080100
TIMELINE 25 313 241732643567100 2080100
LATENCY 2135100
TIMELINE 25 329 241732678267900 2135100
LATENCY 2221500
TIMELINE 25 345 241732713666400 2221500
LATENCY 2234100
TIMELINE 25 361 241732749095600 2234100
LATENCY 2203000
TIMELINE 25 377 241732785136900 2203000
LATENCY 2526100
TIMELINE 25 393 241732840693100 2526100
LATENCY 2315600
TIMELINE 25 409 241732876858900 2315600
LATENCY 2077700
TIMELINE 25 425 241732911754000 2077700
LATENCY 2152500
TIMELINE 25 441 241732945842100 2152500
LATENCY 2139700
TIMELINE 25 457 241732980527600 2139700
LATENCY 2150800
TIMELINE 25 473 241733015535000 2150800
LATENCY 2268200
TIMELINE 25 489 241733050490600 2268200
LATENCY 2055700
TIMELINE 25 505 241733085620200 2055700
LATENCY 2050200
TIMELINE 25 521 241733119148100 2050200
LATENCY 2067300
TIMELINE 25 537 241733171972700 2067300
LATENCY 2205600
TIMELINE 25 553 241733206979700 2205600
LATENCY 2095000
TIMELINE 25 569 241733240627500 2095000
LATENCY 2135500
TIMELINE 25 585 241733275077000 2135500
LATENCY 2181500
TIMELINE 25 601 241733308973100 2181500
LATENCY 2174500
TIMELINE 25 617 241733343474400 2174500
LATENCY 2071700
TIMELINE 25 633 241733377473400 2071700
LATENCY 2172200
TIMELINE 25 649 241733411138000 2172200
LATENCY 2098100
TIMELINE 25 665 241733463791300 2098100
LATENCY 2152100
TIMELINE 25 681 241733498616300 2152100
LATENCY 2180800
TIMELINE 25 697 241733533343400 2180800
LATENCY 2083600
TIMELINE 25 713 241733567855900 2083600
LATENCY 2148500
TIMELINE 25 729 241733602029700 2148500
LATENCY 2096800
TIMELINE 25 745 241733635723600 2096800
LATENCY 2104000
TIMELINE 25 761 241733669475100 2104000
LATENCY 2356200
TIMELINE 25 777 241733708016800 2356200
LATENCY 2348300
TIMELINE 25 793 241733763168700 2348300
LATENCY 2310600
TIMELINE 25 809 241733798338800 2310600
LATENCY 2135400
TIMELINE 25 825 241733833081800 2135400
LATENCY 2114100
TIMELINE 25 841 241733867272300 2114100
LATENCY 2506200
TIMELINE 25 857 241733902174600 2506200
LATENCY 2160000
TIMELINE 25 873 241733937851500 2160000
LATENCY 2169800
TIMELINE 25 889 241733973136200 2169800
LATENCY 2141800
TIMELINE 25 905 241734009204100 2141800
LATENCY 2213700
TIMELINE 25 921 241734042804300 2213700
LATENCY 2095900
TIMELINE 25 937 241734096808900 2095900
LATENCY 2114100
TIMELINE 25 953 241734131951100 2114100
LATENCY 2112200
TIMELINE 25 969 241734165826100 2112200
LATENCY 2191400
TIMELINE 25 985 241734200325200 2191400
LATENCY 2161100
TIMELINE 25 1001 241734235150600 2161100
LATENCY 2097400
TIMELINE 25 1017 241734269132500 2097400
LATENCY 2052200
TIMELINE 25 1033 241734303010000 2052200
LATENCY 2166900
TIMELINE 25 1049 241734338512600 2166900
LATENCY 2177800
TIMELINE 25 1065 241734379567600 2177800
LATENCY 2195000
TIMELINE 25 1081 241734415530600 2195000
LATENCY 2272300
TIMELINE 25 1097 241734451687800 2272300
LATENCY 2171200
TIMELINE 25 1113 241734488017400 2171200
LATENCY 2200600
TIMELINE 25 1129 241734522721400 2200600
LATENCY 2341700
TIMELINE 25 1145 241734557703800 2341700
LATENCY 2239300
TIMELINE 25 1161 241734593213100 2239300
LATENCY 2222300
TIMELINE 25 1177 241734629845600 2222300
LATENCY 7650800
TIMELINE 25 1193 241734664673600 7650800
LATENCY 2197300
TIMELINE 25 1209 241734704956800 2197300
LATENCY 2389500
TIMELINE 25 1225 241734739984100 2389500
LATENCY 2947600
TIMELINE 25 1241 241734782916300 2947600
LATENCY 2717500
TIMELINE 25 1257 241734834000600 2717500
LATENCY 3040500
TIMELINE 25 1273 241734878745200 3040500
LATENCY 2624300
TIMELINE 25 1289 241734927586000 2624300
LATENCY 3111800
TIMELINE 25 1305 241734971599300 3111800
LATENCY 2665500
TIMELINE 25 1321 241735014658700 2665500
LATENCY 2715000
TIMELINE 25 1337 241735064702600 2715000
LATENCY 2978100
TIMELINE 25 1353 241735109339800 2978100
LATENCY 3009500
TIMELINE 25 1369 241735156504600 3009500
LATENCY 2737500
TIMELINE 25 1385 241735201619500 2737500
LATENCY 2919100
TIMELINE 25 1401 241735247374600 2919100
LATENCY 2994600
TIMELINE 25 1417 241735298916700 2994600
LATENCY 2786300
TIMELINE 25 1433 241735346776100 2786300
LATENCY 2621500
TIMELINE 25 1449 241735392260600 2621500
LATENCY 3006300
TIMELINE 25 1465 241735444637500 3006300
LATENCY 2994300
TIMELINE 25 1481 241735491565000 2994300
LATENCY 3620200
TIMELINE 25 1497 241735538719200 3620200
LATENCY 3363200
TIMELINE 25 1513 241735592774600 3363200
LATENCY 3049400
TIMELINE 25 1529 241735647080600 3049400
LATENCY 3306300
TIMELINE 25 1545 241735695754400 3306300
LATENCY 3042400
TIMELINE 25 1561 241735746660200 3042400
LATENCY 3129700
TIMELINE 25 1577 241735791454200 3129700
LATENCY 3233300
TIMELINE 25 1593 241735845288300 3233300
LATENCY 2718100
TIMELINE 25 1609 241735889679900 2718100
LATENCY 2634800
TIMELINE 25 1625 241735932160300 2634800
LATENCY 2752200
TIMELINE 25 1641 241735982025600 2752200
LATENCY 2638200
TIMELINE 25 1657 241736030421400 2638200
LATENCY 2728800
TIMELINE 25 1673 241736074608400 2728800
LATENCY 2797500
TIMELINE 25 1689 241736121255900 2797500
LATENCY 2715400
TIMELINE 25 1705 241736164017500 2715400
LATENCY 3065300
TIMELINE 25 1721 241736208570700 3065300
LATENCY 2986700
TIMELINE 25 1737 241736263236000 2986700
LATENCY 3212500
TIMELINE 25 1753 241736310466000 3212500
LATENCY 2868100
TIMELINE 25 1769 241736361545800 2868100
LATENCY 3120500
TIMELINE 25 1785 241736404420600 3120500
LATENCY 3083800
TIMELINE 25 1801 241736455467800 3083800
LATENCY 3268500
TIMELINE 25 1817 241736505346100 3268500
LATENCY 3439800
TIMELINE 25 1833 241736559110300 3439800
LATENCY 3415600
TIMELINE 25 1849 241736613828800 3415600
LATENCY 3317400
TIMELINE 25 1865 241736677286900 3317400
LATENCY 2950600
TIMELINE 25 1881 241736722284400 2950600
LATENCY 2997500
TIMELINE 25 1897 241736765484000 2997500
LATENCY 3293400
TIMELINE 25 1913 241736813487700 3293400
LATENCY 2817100
TIMELINE 25 1929 241736861614400 2817100
LATENCY 3019800
TIMELINE 25 1945 241736906396700 3019800
LATENCY 2611300
TIMELINE 25 1961 241736951039400 2611300
LATENCY 2783300
TIMELINE 25 1977 241736995618600 2783300
LATENCY 2822500
TIMELINE 25 1993 241737047958200 2822500
LATENCY 2952900
TIMELINE 25 2009 241737093339700 2952900
LATENCY 2963600
TIMELINE 25 2025 241737139719100 2963600
LATENCY 2804700
TIMELINE 25 2041 241737186732400 2804700
LATENCY 2264600
TIMELINE 26 10 241731926553800 2264600
LATENCY 2271500
TIMELINE 26 26 241731964302900 2271500
LATENCY 2183100
TIMELINE 26 42 241732000595500 2183100
LATENCY 2259700
TIMELINE 26 58 241732035548000 2259700
LATENCY 2177700
TIMELINE 26 74 241732070721900 2177700
LATENCY 2119700
TIMELINE 26 90 241732105283800 2119700
LATENCY 2124900
TIMELINE 26 106 241732140139200 2124900
LATENCY 2268800
TIMELINE 26 122 241732176500600 2268800
LATENCY 2191400
TIMELINE 26 138 241732231497000 2191400
LATENCY 2170100
TIMELINE 26 154 241732267438900 2170100
LATENCY 2213700
TIMELINE 26 170 241732303382100 2213700
LATENCY 2327100
TIMELINE 26 186 241732340417300 2327100
LATENCY 2094700
TIMELINE 26 202 241732376641600 2094700
LATENCY 2147600
TIMELINE 26 218 241732410692100 2147600
LATENCY 2153300
TIMELINE 26 234 241732445681000 2153300
LATENCY 2198000
TIMELINE 26 250 241732480421700 2198000
LATENCY 2097500
TIMELINE 26 266 241732534992400 2097500
LATENCY 2126600
TIMELINE 26 282 241732569703400 2126600
LATENCY 2179200
TIMELINE 26 298 241732604011500 2179200
LATENCY 2041400
TIMELINE 26 314 241732645424500 2041400
LATENCY 2133100
TIMELINE 26 330 241732680176200 2133100
LATENCY 2124200
TIMELINE 26 346 241732715607600 2124200
LATENCY 2206100
TIMELINE 26 362 241732751096400 2206100
LATENCY 2262500
TIMELINE 26 378 241732787085300 2262500
LATENCY 2679100
TIMELINE 26 394 241732842851800 2679100
LATENCY 2197800
TIMELINE 26 410 241732879145900 2197800
LATENCY 2138600
TIMELINE 26 426 241732913804600 2138600
LATENCY 2161800
TIMELINE 26 442 241732948316500 2161800
LATENCY 2177200
TIMELINE 26 458 241732983027400 2177200
LATENCY 2323800
TIMELINE 26 474 241733018012500 2323800
LATENCY 2365100
TIMELINE 26 490 241733052890000 2365100
LATENCY 2081500
TIMELINE 26 506 241733087741600 2081500
LATENCY 2071800
TIMELINE 26 522 241733121237100 2071800
LATENCY 2080100
TIMELINE 26 538 241733174106200 2080100
LATENCY 2121600
TIMELINE 26 554 241733209127100 2121600
LATENCY 2107100
TIMELINE 26 570 241733242666300 2107100
LATENCY 2151900
TIMELINE 26 586 241733277148900 2151900
LATENCY 2212200
TIMELINE 26 602 241733311186700 2212200
LATENCY 2137200
TIMELINE 26 618 241733345563900 2137200
LATENCY 2147500
TIMELINE 26 634 241733379457700 2147500
LATENCY 2045900
TIMELINE 26 650 241733413223800 2045900
LATENCY 2115200
TIMELINE 26 666 241733465819400 2115200
LATENCY 2191300
TIMELINE 26 682 241733500579600 2191300
LATENCY 2172300
TIMELINE 26 698 241733535298500 2172300
LATENCY 2050800
TIMELINE 26 714 241733569763800 2050800
LATENCY 2200800
TIMELINE 26 730 241733603981700 2200800
LATENCY 2109400
TIMELINE 26 746 241733637635300 2109400
LATENCY 2101600
TIMELINE 26 762 241733671438500 2101600
LATENCY 2199200
TIMELINE 26 778 241733710290700 2199200
LATENCY 2250300
TIMELINE 26 794 241733765462600 2250300
LATENCY 2174100
TIMELINE 26 810 241733800593100 2174100
LATENCY 2113600
TIMELINE 26 826 241733835012700 2113600
LATENCY 2115300
TIMELINE 26 842 241733869152700 2115300
LATENCY 2413800
TIMELINE 26 858 241733904409500 2413800
LATENCY 2128900
TIMELINE 26 874 241733939835600 2128900
LATENCY 2091800
TIMELINE 26 890 241733975170800 2091800
LATENCY 2097000
TIMELINE 26 906 241734011260900 2097000
LATENCY 2046600
TIMELINE 26 922 241734044933000 2046600
LATENCY 2096400
TIMELINE 26 938 241734099056900 2096400
LATENCY 2143900
TIMELINE 26 954 241734134230400 2143900
LATENCY 2260200
TIMELINE 26 970 241734168129200 2260200
LATENCY 2078900
TIMELINE 26 986 241734202695800 2078900
LATENCY 2133300
TIMELINE 26 1002 241734237525600 2133300
LATENCY 2152300
TIMELINE 26 1018 241734271481500 2152300
LATENCY 2082700
TIMELINE 26 1034 241734305237500 2082700
LATENCY 2149700
TIMELINE 26 1050 241734341145000 2149700
LATENCY 2259200
TIMELINE 26 1066 241734382233100 2259200
LATENCY 2257500
TIMELINE 26 1082 241734418419400 2257500
LATENCY 2405500
TIMELINE 26 1098 241734454802300 2405500
LATENCY 2183300
TIMELINE 26 1114 241734490525200 2183300
LATENCY 2180100
TIMELINE 26 1130 241734525253700 2180100
LATENCY 2327700
TIMELINE 26 1146 241734560323400 2327700
LATENCY 2273000
TIMELINE 26 1162 241734595718100 2273000
LATENCY 2234200
TIMELINE 26 1178 241734632432500 2234200
LATENCY 2249000
TIMELINE 26 1194 241734672756800 2249000
LATENCY 2136200
TIMELINE 26 1210 241734707587700 2136200
LATENCY 2178100
TIMELINE 26 1226 241734742990200 2178100
LATENCY 2812100
TIMELINE 26 1242 241734786642600 2812100
LATENCY 2772000
TIMELINE 26 1258 241734837514500 2772000
LATENCY 3003500
TIMELINE 26 1274 241734882665700 3003500
LATENCY 2623900
TIMELINE 26 1290 241734930999200 2623900
LATENCY 2677700
TIMELINE 26 1306 241734975552800 2677700
LATENCY 2638300
TIMELINE 26 1322 241735018093700 2638300
LATENCY 2784400
TIMELINE 26 1338 241735068190800 2784400
LATENCY 3087300
TIMELINE 26 1354 241735113168900 3087300
LATENCY 3021800
TIMELINE 26 1370 241735160366500 3021800
LATENCY 2700400
TIMELINE 26 1386 241735205031400 2700400
LATENCY 2936000
TIMELINE 26 1402 241735251040600 2936000
LATENCY 3076600
TIMELINE 26 1418 241735302694300 3076600
LATENCY 2692000
TIMELINE 26 1434 241735350364700 2692000
LATENCY 2652400
TIMELINE 26 1450 241735395701200 2652400
LATENCY 2943900
TIMELINE 26 1466 241735448500300 2943900
LATENCY 2927900
TIMELINE 26 1482 241735495461400 2927900
LATENCY 3780100
TIMELINE 26 1498 241735543866700 3780100
LATENCY 3416700
TIMELINE 26 1514 241735597169800 3416700
LATENCY 3112800
TIMELINE 26 1530 241735651049600 3112800
LATENCY 3183400
TIMELINE 26 1546 241735699999000 3183400
LATENCY 2841200
TIMELINE 26 1562 241735750512100 2841200
LATENCY 3020100
TIMELINE 26 1578 241735795478600 3020100
LATENCY 2912000
TIMELINE 26 1594 241735849549900 2912000
LATENCY 2636700
TIMELINE 26 1610 241735893295000 2636700
LATENCY 2882800
TIMELINE 26 1626 241735935674800 2882800
LATENCY 2681000
TIMELINE 26 1642 241735985701200 2681000
LATENCY 2623800
TIMELINE 26 1658 241736032701300 2623800
LATENCY 2733600
TIMELINE 26 1674 241736077000000 2733600
LATENCY 2748100
TIMELINE 26 1690 241736123732600 2748100
LATENCY 2749200
TIMELINE 26 1706 241736166400900 2749200
LATENCY 3020800
TIMELINE 26 1722 241736211333900 3020800
LATENCY 3081200
TIMELINE 26 1738 241736265906400 3081200
LATENCY 3335000
TIMELINE 26 1754 241736313374200 3335000
LATENCY 2440300
TIMELINE 26 1770 241736364155200 2440300
LATENCY 3391300
TIMELINE 26 1786 241736407071600 3391300
LATENCY 3083200
TIMELINE 26 1802 241736458125400 3083200
LATENCY 3254700
TIMELINE 26 1818 241736508174100 3254700
LATENCY 3627900
TIMELINE 26 1834 241736561961300 3627900
LATENCY 3432300
TIMELINE 26 1850 241736616739500 3432300
LATENCY 3227100
TIMELINE 26 1866 241736680129600 3227100
LATENCY 2723600
TIMELINE 26 1882 241736724797600 2723600
LATENCY 3037100
TIMELINE 26 1898 241736768065900 3037100
LATENCY 2980300
TIMELINE 26 1914 241736816357100 2980300
LATENCY 3045900
TIMELINE 26 1930 241736864032300 3045900
LATENCY 3041900
TIMELINE 26 1946 241736908993700 3041900
LATENCY 2790600
TIMELINE 26 1962 241736953471800 2790600
LATENCY 2734200
TIMELINE 26 1978 241736998214100 2734200
LATENCY 2716400
TIMELINE 26 1994 241737050556200 2716400
LATENCY 3013500
TIMELINE 26 2010 241737096039100 3013500
LATENCY 2875700
TIMELINE 26 2026 241737142461900 2875700
LATENCY 2958900
TIMELINE 26 2042 241737189330500 2958900
LATENCY 3289400
TIMELINE 27 11 241731928788700 3289400
LATENCY 2365100
TIMELINE 27 27 241731966481400 2365100
LATENCY 2150700
TIMELINE 27 43 241732002812000 2150700
LATENCY 2195400
TIMELINE 27 59 241732037692000 2195400
LATENCY 2115700
TIMELINE 27 75 241732072820400 2115700
LATENCY 2183100
TIMELINE 27 91 241732107559700 2183100
LATENCY 2201600
TIMELINE 27 107 241732142407000 2201600
LATENCY 2240000
TIMELINE 27 123 241732178892600 2240000
LATENCY 2201500
TIMELINE 27 139 241732233817100 2201500
LATENCY 2332700
TIMELINE 27 155 241732269753900 2332700
LATENCY 2239600
TIMELINE 27 171 241732305797600 2239600
LATENCY 2240600
TIMELINE 27 187 241732343055400 2240600
LATENCY 2104400
TIMELINE 27 203 241732379070000 2104400
LATENCY 2157300
TIMELINE 27 219 241732413178500 2157300
LATENCY 2150100
TIMELINE 27 235 241732448175900 2150100
LATENCY 2482300
TIMELINE 27 251 241732483029300 2482300
LATENCY 2087700
TIMELINE 27 267 241732537205000 2087700
LATENCY 2078200
TIMELINE 27 283 241732571943700 2078200
LATENCY 2132700
TIMELINE 27 299 241732606359400 2132700
LATENCY 2091100
TIMELINE 27 315 241732647056700 2091100
LATENCY 2160300
TIMELINE 27 331 241732681945800 2160300
LATENCY 2258400
TIMELINE 27 347 241732717438900 2258400
LATENCY 2309900
TIMELINE 27 363 241732752950300 2309900
LATENCY 2192200
TIMELINE 27 379 241732788964500 2192200
LATENCY 2650800
TIMELINE 27 395 241732844878200 2650800
LATENCY 2352600
TIMELINE 27 411 241732881043000 2352600
LATENCY 2088700
TIMELINE 27 427 241732915648200 2088700
LATENCY 2167200
TIMELINE 27 443 241732949955000 2167200
LATENCY 2137000
TIMELINE 27 459 241732984734000 2137000
LATENCY 2230100
TIMELINE 27 475 241733019800000 2230100
LATENCY 2552900
TIMELINE 27 491 241733054474100 2552900
LATENCY 2049600
TIMELINE 27 507 241733089218900 2049600
LATENCY 2042500
TIMELINE 27 523 241733122715300 2042500
LATENCY 2235700
TIMELINE 27 539 241733175610100 2235700
LATENCY 2085300
TIMELINE 27 555 241733210669500 2085300
LATENCY 2116500
TIMELINE 27 571 241733244211200 2116500
LATENCY 2120300
TIMELINE 27 587 241733278750600 2120300
LATENCY 2142700
TIMELINE 27 603 241733312776500 2142700
LATENCY 2110700
TIMELINE 27 619 241733347178800 2110700
LATENCY 2118900
TIMELINE 27 635 241733381079400 2118900
LATENCY 2111200
TIMELINE 27 651 241733414801200 2111200
LATENCY 2126900
TIMELINE 27 667 241733467461400 2126900
LATENCY 2137300
TIMELINE 27 683 241733502201200 2137300
LATENCY 2109800
TIMELINE 27 699 241733536860000 2109800
LATENCY 2121700
TIMELINE 27 715 241733571214300 2121700
LATENCY 2085100
TIMELINE 27 731 241733605446400 2085100
LATENCY 2105300
TIMELINE 27 747 241733639109900 2105300
LATENCY 2103600
TIMELINE 27 763 241733672859200 2103600
LATENCY 2217300
TIMELINE 27 779 241733711722800 2217300
LATENCY 2173700
TIMELINE 27 795 241733766954000 2173700
LATENCY 2175500
TIMELINE 27 811 241733801902700 2175500
LATENCY 2191100
TIMELINE 27 827 241733836294600 2191100
LATENCY 2111900
TIMELINE 27 843 241733870466800 2111900
LATENCY 2232500
TIMELINE 27 859 241733905922100 2232500
LATENCY 2118200
TIMELINE 27 875 241733941137400 2118200
LATENCY 2149000
TIMELINE 27 891 241733976354100 2149000
LATENCY 2088200
TIMELINE 27 907 241734012418100 2088200
LATENCY 2113200
TIMELINE 27 923 241734046037900 2113200
LATENCY 2128100
TIMELINE 27 939 241734099966800 2128100
LATENCY 2139800
TIMELINE 27 955 241734135179400 2139800
LATENCY 2286300
TIMELINE 27 971 241734169095300 2286300
LATENCY 2228000
TIMELINE 27 987 241734203616100 2228000
LATENCY 2143600
TIMELINE 27 1003 241734238521900 2143600
LATENCY 2161400
TIMELINE 27 1019 241734272479800 2161400
LATENCY 2139100
TIMELINE 27 1035 241734306244200 2139100
LATENCY 2146900
TIMELINE 27 1051 241734341750600 2146900
LATENCY 2300700
TIMELINE 27 1067 241734382825100 2300700
LATENCY 2243800
TIMELINE 27 1083 241734418875300 2243800
LATENCY 2347500
TIMELINE 27 1099 241734455168300 2347500
LATENCY 2191000
TIMELINE 27 1115 241734490843600 2191000
LATENCY 2163900
TIMELINE 27 1131 241734525580700 2163900
LATENCY 2337600
TIMELINE 27 1147 241734560714800 2337600
LATENCY 2300800
TIMELINE 27 1163 241734596134300 2300800
LATENCY 2173500
TIMELINE 27 1179 241734632689600 2173500
LATENCY 2240500
TIMELINE 27 1195 241734672928800 2240500
LATENCY 2138000
TIMELINE 27 1211 241734707758500 2138000
LATENCY 2171600
TIMELINE 27 1227 241734743109800 2171600
LATENCY 2824200
TIMELINE 27 1243 241734786789800 2824200
LATENCY 2756000
TIMELINE 27 1259 241734837706800 2756000
LATENCY 2992800
TIMELINE 27 1275 241734882885000 2992800
LATENCY 2627100
TIMELINE 27 1291 241734931171300 2627100
LATENCY 2717000
TIMELINE 27 1307 241734975725700 2717000
LATENCY 2650900
TIMELINE 27 1323 241735018281000 2650900
LATENCY 2673900
TIMELINE 27 1339 241735068417000 2673900
LATENCY 3086700
TIMELINE 27 1355 241735113251500 3086700
LATENCY 3039000
TIMELINE 27 1371 241735160531500 3039000
LATENCY 2684900
TIMELINE 27 1387 241735205200600 2684900
LATENCY 2911600
TIMELINE 27 1403 241735251217000 2911600
LATENCY 3068700
TIMELINE 27 1419 241735302868200 3068700
LATENCY 2691000
TIMELINE 27 1435 241735350509900 2691000
LATENCY 2611800
TIMELINE 27 1451 241735395847600 2611800
LATENCY 2939800
TIMELINE 27 1467 241735448634900 2939800
LATENCY 2925300
TIMELINE 27 1483 241735495594500 2925300
LATENCY 3792200
TIMELINE 27 1499 241735544054800 3792200
LATENCY 3407000
TIMELINE 27 1515 241735597403600 3407000
LATENCY 3077100
TIMELINE 27 1531 241735651190200 3077100
LATENCY 3210300
TIMELINE 27 1547 241735700165100 3210300
LATENCY 2832900
TIMELINE 27 1563 241735750667500 2832900
LATENCY 3029900
TIMELINE 27 1579 241735795645200 3029900
LATENCY 2906500
TIMELINE 27 1595 241735849753500 2906500
LATENCY 2641600
TIMELINE 27 1611 241735893467400 2641600
LATENCY 2914800
TIMELINE 27 1627 241735935850900 2914800
LATENCY 2682900
TIMELINE 27 1643 241735985882100 2682900
LATENCY 2632600
TIMELINE 27 1659 241736031288100 2632600
LATENCY 2704300
TIMELINE 27 1675 241736075524000 2704300
LATENCY 2757700
TIMELINE 27 1691 241736122148200 2757700
LATENCY 2761400
TIMELINE 27 1707 241736164885500 2761400
LATENCY 3050400
TIMELINE 27 1723 241736209649000 3050400
LATENCY 3012800
TIMELINE 27 1739 241736264302300 3012800
LATENCY 3293000
TIMELINE 27 1755 241736311509400 3293000
LATENCY 2679900
TIMELINE 27 1771 241736362633300 2679900
LATENCY 3243100
TIMELINE 27 1787 241736405851800 3243100
LATENCY 3077200
TIMELINE 27 1803 241736456775300 3077200
LATENCY 3274100
TIMELINE 27 1819 241736506727800 3274100
LATENCY 3574300
TIMELINE 27 1835 241736560702000 3574300
LATENCY 3385100
TIMELINE 27 1851 241736615537700 3385100
LATENCY 3255200
TIMELINE 27 1867 241736678895300 3255200
LATENCY 2947700
TIMELINE 27 1883 241736723592100 2947700
LATENCY 3006700
TIMELINE 27 1899 241736766881000 3006700
LATENCY 2765800
TIMELINE 27 1915 241736815378400 2765800
LATENCY 2989800
TIMELINE 27 1931 241736862879200 2989800
LATENCY 3045600
TIMELINE 27 1947 241736907754100 3045600
LATENCY 2856600
TIMELINE 27 1963 241736952343800 2856600
LATENCY 2776900
TIMELINE 27 1979 241736997098100 2776900
LATENCY 2646100
TIMELINE 27 1995 241737049461500 2646100
LATENCY 2999700
TIMELINE 27 2011 241737094796600 2999700
LATENCY 2857300
TIMELINE 27 2027 241737141320200 2857300
LATENCY 2906000
TIMELINE 27 2043 241737188190400 2906000
LATENCY 2388800
TIMELINE 28 12 241731932185500 2388800
LATENCY 2495200
TIMELINE 28 28 241731968817800 2495200
LATENCY 2126700
TIMELINE 28 44 241732004850400 2126700
LATENCY 2177800
TIMELINE 28 60 241732039827200 2177800
LATENCY 2192800
TIMELINE 28 76 241732074824700 2192800
LATENCY 2146600
TIMELINE 28 92 241732109537000 2146600
LATENCY 2114900
TIMELINE 28 108 241732144438500 2114900
LATENCY 2313400
TIMELINE 28 124 241732181044300 2313400
LATENCY 2196500
TIMELINE 28 140 241732235991000 2196500
LATENCY 2428300
TIMELINE 28 156 241732272052500 2428300
LATENCY 2336500
TIMELINE 28 172 241732308010700 2336500
LATENCY 2338300
TIMELINE 28 188 241732345177500 2338300
LATENCY 2075800
TIMELINE 28 204 241732381120700 2075800
LATENCY 2166700
TIMELINE 28 220 241732415278100 2166700
LATENCY 2219400
TIMELINE 28 236 241732450266200 2219400
LATENCY 2301200
TIMELINE 28 252 241732485338400 2301200
LATENCY 2101200
TIMELINE 28 268 241732539099200 2101200
LATENCY 2066100
TIMELINE 28 284 241732573809400 2066100
LATENCY 2113500
TIMELINE 28 300 241732608220900 2113500
LATENCY 2087100
TIMELINE 28 316 241732649397500 2087100
LATENCY 2143000
TIMELINE 28 332 241732684516400 2143000
LATENCY 2277100
TIMELINE 28 348 241732720012200 2277100
LATENCY 2329100
TIMELINE 28 364 241732755600800 2329100
LATENCY 2192700
TIMELINE 28 380 241732791480800 2192700
LATENCY 2275600
TIMELINE 28 396 241732847730400 2275600
LATENCY 2224100
TIMELINE 28 412 241732883599800 2224100
LATENCY 2110400
TIMELINE 28 428 241732917938300 2110400
LATENCY 2209900
TIMELINE 28 444 241732952467600 2209900
LATENCY 2321500
TIMELINE 28 460 241732987186800 2321500
LATENCY 2112800
TIMELINE 28 476 241733022308500 2112800
LATENCY 2260300
TIMELINE 28 492 241733057953200 2260300
LATENCY 2072700
TIMELINE 28 508 241733092112500 2072700
LATENCY 2080400
TIMELINE 28 524 241733125625500 2080400
LATENCY 2318800
TIMELINE 28 540 241733178724300 2318800
LATENCY 2097200
TIMELINE 28 556 241733213562700 2097200
LATENCY 2106800
TIMELINE 28 572 241733247085700 2106800
LATENCY 2099700
TIMELINE 28 588 241733281556800 2099700
LATENCY 2139100
TIMELINE 28 604 241733315576900 2139100
LATENCY 2133400
TIMELINE 28 620 241733349945400 2133400
LATENCY 2123000
TIMELINE 28 636 241733383859600 2123000
LATENCY 2086500
TIMELINE 28 652 241733417569600 2086500
LATENCY 2108500
TIMELINE 28 668 241733470379600 2108500
LATENCY 2131900
TIMELINE 28 684 241733505300600 2131900
LATENCY 2096100
TIMELINE 28 700 241733540070700 2096100
LATENCY 2116100
TIMELINE 28 716 241733574367100 2116100
LATENCY 2098600
TIMELINE 28 732 241733608629500 2098600
LATENCY 2130000
TIMELINE 28 748 241733642356400 2130000
LATENCY 2096500
TIMELINE 28 764 241733676119100 2096500
LATENCY 2118300
TIMELINE 28 780 241733715232800 2118300
LATENCY 2122600
TIMELINE 28 796 241733770462200 2122600
LATENCY 2182000
TIMELINE 28 812 241733805509900 2182000
LATENCY 2104800
TIMELINE 28 828 241733839852100 2104800
LATENCY 2127400
TIMELINE 28 844 241733873974900 2127400
LATENCY 2267800
TIMELINE 28 860 241733909517500 2267800
LATENCY 2140100
TIMELINE 28 876 241733944515500 2140100
LATENCY 2351100
TIMELINE 28 892 241733979921000 2351100
LATENCY 2086500
TIMELINE 28 908 241734015842100 2086500
LATENCY 2088700
TIMELINE 28 924 241734049483600 2088700
LATENCY 2513600
TIMELINE 28 940 241734103721800 2513600
LATENCY 2135800
TIMELINE 28 956 241734138862400 2135800
LATENCY 2048900
TIMELINE 28 972 241734172937300 2048900
LATENCY 2266600
TIMELINE 28 988 241734207424900 2266600
LATENCY 2123600
TIMELINE 28 1004 241734242114400 2123600
LATENCY 2105000
TIMELINE 28 1020 241734276089900 2105000
LATENCY 2264900
TIMELINE 28 1036 241734309963300 2264900
LATENCY 2182000
TIMELINE 28 1052 241734345707500 2182000
LATENCY 2208300
TIMELINE 28 1068 241734386977500 2208300
LATENCY 2241900
TIMELINE 28 1084 241734422956400 2241900
LATENCY 2251700
TIMELINE 28 1100 241734459470300 2251700
LATENCY 2150000
TIMELINE 28 1116 241734494859600 2150000
LATENCY 2154500
TIMELINE 28 1132 241734529526400 2154500
LATENCY 2309500
TIMELINE 28 1148 241734564999700 2309500
LATENCY 2206000
TIMELINE 28 1164 241734600496500 2206000
LATENCY 2195700
TIMELINE 28 1180 241734636767800 2195700
LATENCY 2130400
TIMELINE 28 1196 241734677041800 2130400
LATENCY 2117800
TIMELINE 28 1212 241734711787900 2117800
LATENCY 2142700
TIMELINE 28 1228 241734747336600 2142700
LATENCY 2903100
TIMELINE 28 1244 241734792470600 2903100
LATENCY 2756900
TIMELINE 28 1260 241734843056500 2756900
LATENCY 3014200
TIMELINE 28 1276 241734888700200 3014200
LATENCY 2530000
TIMELINE 28 1292 241734936254700 2530000
LATENCY 2565900
TIMELINE 28 1308 241734981071000 2565900
LATENCY 2962000
TIMELINE 28 1324 241735023483000 2962000
LATENCY 2687600
TIMELINE 28 1340 241735073778100 2687600
LATENCY 2946300
TIMELINE 28 1356 241735119006400 2946300
LATENCY 2980200
TIMELINE 28 1372 241735166427500 2980200
LATENCY 2761900
TIMELINE 28 1388 241735210631500 2761900
LATENCY 2956400
TIMELINE 28 1404 241735256960300 2956400
LATENCY 2981300
TIMELINE 28 1420 241735308828600 2981300
LATENCY 2706600
TIMELINE 28 1436 241735355782100 2706600
LATENCY 2820600
TIMELINE 28 1452 241735401324900 2820600
LATENCY 2876600
TIMELINE 28 1468 241735454424800 2876600
LATENCY 2953700
TIMELINE 28 1484 241735501363000 2953700
LATENCY 2852500
TIMELINE 28 1500 241735550688000 2852500
LATENCY 3549300
TIMELINE 28 1516 241735604025600 3549300
LATENCY 3090300
TIMELINE 28 1532 241735657197500 3090300
LATENCY 2938800
TIMELINE 28 1548 241735706471600 2938800
LATENCY 2869000
TIMELINE 28 1564 241735756332800 2869000
LATENCY 3070700
TIMELINE 28 1580 241735801668200 3070700
LATENCY 3038300
TIMELINE 28 1596 241735855510000 3038300
LATENCY 2646200
TIMELINE 28 1612 241735898640600 2646200
LATENCY 2757700
TIMELINE 28 1628 241735941412200 2757700
LATENCY 2721600
TIMELINE 28 1644 241735991221500 2721600
LATENCY 2740600
TIMELINE 28 1660 241736036121700 2740600
LATENCY 2996900
TIMELINE 28 1676 241736080502000 2996900
LATENCY 2638600
TIMELINE 28 1692 241736127332300 2638600
LATENCY 2720300
TIMELINE 28 1708 241736169901700 2720300
LATENCY 3008700
TIMELINE 28 1724 241736215150600 3008700
LATENCY 3078000
TIMELINE 28 1740 241736269839300 3078000
LATENCY 3211300
TIMELINE 28 1756 241736317480000 3211300
LATENCY 2406100
TIMELINE 28 1772 241736367223400 2406100
LATENCY 3245800
TIMELINE 28 1788 241736411428100 3245800
LATENCY 3179600
TIMELINE 28 1804 241736462160000 3179600
LATENCY 3252900
TIMELINE 28 1820 241736512249400 3252900
LATENCY 3467000
TIMELINE 28 1836 241736566595900 3467000
LATENCY 3423200
TIMELINE 28 1852 241736621129200 3423200
LATENCY 2827000
TIMELINE 28 1868 241736684292400 2827000
LATENCY 2626700
TIMELINE 28 1884 241736728284000 2626700
LATENCY 3017300
TIMELINE 28 1900 241736771936200 3017300
LATENCY 3006300
TIMELINE 28 1916 241736820223200 3006300
LATENCY 2774000
TIMELINE 28 1932 241736867868700 2774000
LATENCY 2888300
TIMELINE 28 1948 241736912877900 2888300
LATENCY 2946900
TIMELINE 28 1964 241736957139100 2946900
LATENCY 2736700
TIMELINE 28 1980 241737001804800 2736700
LATENCY 2841600
TIMELINE 28 1996 241737054165400 2841600
LATENCY 2893700
TIMELINE 28 2012 241737099982000 2893700
LATENCY 2843400
TIMELINE 28 2028 241737146314100 2843400
LATENCY 2900500
TIMELINE 28 2044 241737193267000 2900500
LATENCY 2255300
TIMELINE 29 13 241731934671100 2255300
LATENCY 2241200
TIMELINE 29 29 241731971384200 2241200
LATENCY 2155500
TIMELINE 29 45 241732007041100 2155500
LATENCY 2153700
TIMELINE 29 61 241732042119000 2153700
LATENCY 2180900
TIMELINE 29 77 241732077193100 2180900
LATENCY 2093700
TIMELINE 29 93 241732111801300 2093700
LATENCY 2161900
TIMELINE 29 109 241732146639500 2161900
LATENCY 2211900
TIMELINE 29 125 241732183393900 2211900
LATENCY 2231200
TIMELINE 29 141 241732238157900 2231200
LATENCY 2409000
TIMELINE 29 157 241732274450200 2409000
LATENCY 2211700
TIMELINE 29 173 241732310319700 2211700
LATENCY 2437700
TIMELINE 29 189 241732347703100 2437700
LATENCY 2092700
TIMELINE 29 205 241732383286300 2092700
LATENCY 2239800
TIMELINE 29 221 241732417541300 2239800
LATENCY 2141800
TIMELINE 29 237 241732452575400 2141800
LATENCY 2185600
TIMELINE 29 253 241732487810700 2185600
LATENCY 2125700
TIMELINE 29 269 241732541338600 2125700
LATENCY 2096700
TIMELINE 29 285 241732576013200 2096700
LATENCY 2117100
TIMELINE 29 301 241732610504900 2117100
LATENCY 2109100
TIMELINE 29 317 241732651601600 2109100
LATENCY 2202200
TIMELINE 29 333 241732686600400 2202200
LATENCY 2158800
TIMELINE 29 349 241732722323200 2158800
LATENCY 2352900
TIMELINE 29 365 241732758078000 2352900
LATENCY 2200800
TIMELINE 29 381 241732793818600 2200800
LATENCY 2242100
TIMELINE 29 397 241732850236800 2242100
LATENCY 2166000
TIMELINE 29 413 241732886072500 2166000
LATENCY 2093700
TIMELINE 29 429 241732920286200 2093700
LATENCY 2187600
TIMELINE 29 445 241732954708800 2187600
LATENCY 2202200
TIMELINE 29 461 241732989571900 2202200
LATENCY 2124000
TIMELINE 29 477 241733024483300 2124000
LATENCY 2239500
TIMELINE 29 493 241733059934600 2239500
LATENCY 2084500
TIMELINE 29 509 241733093921900 2084500
LATENCY 20638600
TIMELINE 29 525 241733127479100 20638600
LATENCY 2260200
TIMELINE 29 541 241733180776400 2260200
LATENCY 2084500
TIMELINE 29 557 241733215341600 2084500
LATENCY 2121800
TIMELINE 29 573 241733248873800 2121800
LATENCY 2106100
TIMELINE 29 589 241733283457200 2106100
LATENCY 2332000
TIMELINE 29 605 241733317568700 2332000
LATENCY 2113700
TIMELINE 29 621 241733351935300 2113700
LATENCY 2129400
TIMELINE 29 637 241733385802200 2129400
LATENCY 2080300
TIMELINE 29 653 241733419522100 2080300
LATENCY 2111800
TIMELINE 29 669 241733472281800 2111800
LATENCY 2112700
TIMELINE 29 685 241733507116400 2112700
LATENCY 2111000
TIMELINE 29 701 241733541887900 2111000
LATENCY 2138300
TIMELINE 29 717 241733576277300 2138300
LATENCY 2109900
TIMELINE 29 733 241733610476500 2109900
LATENCY 2084600
TIMELINE 29 749 241733644199100 2084600
LATENCY 2087900
TIMELINE 29 765 241733677954200 2087900
LATENCY 2203700
TIMELINE 29 781 241733717015800 2203700
LATENCY 2098500
TIMELINE 29 797 241733772184300 2098500
LATENCY 2134500
TIMELINE 29 813 241733807281000 2134500
LATENCY 2133700
TIMELINE 29 829 241733841524600 2133700
LATENCY 2097800
TIMELINE 29 845 241733875677200 2097800
LATENCY 2227900
TIMELINE 29 861 241733911613500 2227900
LATENCY 2146500
TIMELINE 29 877 241733946464100 2146500
LATENCY 2291800
TIMELINE 29 893 241733981991500 2291800
LATENCY 2071800
TIMELINE 29 909 241734017586200 2071800
LATENCY 2077800
TIMELINE 29 925 241734051231400 2077800
LATENCY 2541600
TIMELINE 29 941 241734105477500 2541600
LATENCY 2109200
TIMELINE 29 957 241734140415300 2109200
LATENCY 2137800
TIMELINE 29 973 241734174455500 2137800
LATENCY 2187800
TIMELINE 29 989 241734209162400 2187800
LATENCY 2180700
TIMELINE 29 1005 241734243801700 2180700
LATENCY 2092000
TIMELINE 29 1021 241734277782300 2092000
LATENCY 2388100
TIMELINE 29 1037 241734311596100 2388100
LATENCY 2114200
TIMELINE 29 1053 241734347284700 2114200
LATENCY 2470200
TIMELINE 29 1069 241734388503900 2470200
LATENCY 2269200
TIMELINE 29 1085 241734424496100 2269200
LATENCY 2263100
TIMELINE 29 1101 241734460976100 2263100
LATENCY 2131900
TIMELINE 29 1117 241734496350800 2131900
LATENCY 2154600
TIMELINE 29 1133 241734531025900 2154600
LATENCY 2311700
TIMELINE 29 1149 241734566579400 2311700
LATENCY 2299700
TIMELINE 29 1165 241734601992800 2299700
LATENCY 2182400
TIMELINE 29 1181 241734638270700 2182400
LATENCY 2116400
TIMELINE 29 1197 241734678547400 2116400
LATENCY 2135500
TIMELINE 29 1213 241734713234900 2135500
LATENCY 2144600
TIMELINE 29 1229 241734748712000 2144600
LATENCY 2965500
TIMELINE 29 1245 241734794292600 2965500
LATENCY 2707300
TIMELINE 29 1261 241734844867200 2707300
LATENCY 2994200
TIMELINE 29 1277 241734890676400 2994200
LATENCY 2585400
TIMELINE 29 1293 241734937871200 2585400
LATENCY 2588300
TIMELINE 29 1309 241734982671700 2588300
LATENCY 2908200
TIMELINE 29 1325 241735025284300 2908200
LATENCY 2707700
TIMELINE 29 1341 241735075439600 2707700
LATENCY 2847500
TIMELINE 29 1357 241735120892500 2847500
LATENCY 2765300
TIMELINE 29 1373 241735168334500 2765300
LATENCY 2702000
TIMELINE 29 1389 241735212369600 2702000
LATENCY 2972200
TIMELINE 29 1405 241735258756200 2972200
LATENCY 3071000
TIMELINE 29 1421 241735310680900 3071000
LATENCY 2674200
TIMELINE 29 1437 241735357630300 2674200
LATENCY 2928100
TIMELINE 29 1453 241735403227700 2928100
LATENCY 2897700
TIMELINE 29 1469 241735456385100 2897700
LATENCY 2903700
TIMELINE 29 1485 241735503406200 2903700
LATENCY 2894400
TIMELINE 29 1501 241735552612900 2894400
LATENCY 3303900
TIMELINE 29 1517 241735606597100 3303900
LATENCY 3048700
TIMELINE 29 1533 241735659020600 3048700
LATENCY 2807600
TIMELINE 29 1549 241735708298600 2807600
LATENCY 2678800
TIMELINE 29 1565 241735758198400 2678800
LATENCY 3035700
TIMELINE 29 1581 241735803644000 3035700
LATENCY 2984800
TIMELINE 29 1597 241735856746100 2984800
LATENCY 2665600
TIMELINE 29 1613 241735899696300 2665600
LATENCY 2728200
TIMELINE 29 1629 241735942522300 2728200
LATENCY 2738800
TIMELINE 29 1645 241735992298200 2738800
LATENCY 2649300
TIMELINE 29 1661 241736039341200 2649300
LATENCY 3003000
TIMELINE 29 1677 241736084003200 3003000
LATENCY 2594900
TIMELINE 29 1693 241736130384400 2594900
LATENCY 2527200
TIMELINE 29 1709 241736173055400 2527200
LATENCY 8848400
TIMELINE 29 1725 241736218582800 8848400
LATENCY 2902500
TIMELINE 29 1741 241736273329400 2902500
LATENCY 3256500
TIMELINE 29 1757 241736321145300 3256500
LATENCY 2793100
TIMELINE 29 1773 241736369838000 2793100
LATENCY 3265200
TIMELINE 29 1789 241736414923900 3265200
LATENCY 3082400
TIMELINE 29 1805 241736465629600 3082400
LATENCY 3357100
TIMELINE 29 1821 241736515864200 3357100
LATENCY 3324300
TIMELINE 29 1837 241736570419200 3324300
LATENCY 3410300
TIMELINE 29 1853 241736624927400 3410300
LATENCY 2662200
TIMELINE 29 1869 241736687423800 2662200
LATENCY 2545800
TIMELINE 29 1885 241736731183300 2545800
LATENCY 3039000
TIMELINE 29 1901 241736775314200 3039000
LATENCY 3056400
TIMELINE 29 1917 241736823567900 3056400
LATENCY 2811600
TIMELINE 29 1933 241736870986200 2811600
LATENCY 2902300
TIMELINE 29 1949 241736916148500 2902300
LATENCY 2761400
TIMELINE 29 1965 241736960468100 2761400
LATENCY 3043300
TIMELINE 29 1981 241737004895500 3043300
LATENCY 2756700
TIMELINE 29 1997 241737057341100 2756700
LATENCY 2726400
TIMELINE 29 2013 241737103253700 2726400
LATENCY 2954200
TIMELINE 29 2029 241737149526400 2954200
LATENCY 3753000
TIMELINE 29 2045 241737196515300 3753000
LATENCY 2270600
TIMELINE 30 14 241731936962300 2270600
LATENCY 2225700
TIMELINE 30 30 241731973960400 2225700
LATENCY 2275100
TIMELINE 30 46 241732009511800 2275100
LATENCY 2202900
TIMELINE 30 62 241732044659700 2202900
LATENCY 2186600
TIMELINE 30 78 241732079755100 2186600
LATENCY 2114400
TIMELINE 30 94 241732114322100 2114400
LATENCY 2105200
TIMELINE 30 110 241732149198700 2105200
LATENCY 2180700
TIMELINE 30 126 241732186123000 2180700
LATENCY 2182400
TIMELINE 30 142 241732240829400 2182400
LATENCY 2496000
TIMELINE 30 158 241732277316400 2496000
LATENCY 2547000
TIMELINE 30 174 241732313034000 2547000
LATENCY 2361300
TIMELINE 30 190 241732350432000 2361300
LATENCY 2182900
TIMELINE 30 206 241732385713700 2182900
LATENCY 2210700
TIMELINE 30 222 241732420056600 2210700
LATENCY 2169200
TIMELINE 30 238 241732454988000 2169200
LATENCY 2140000
TIMELINE 30 254 241732490183700 2140000
LATENCY 2227400
TIMELINE 30 270 241732543795700 2227400
LATENCY 2088400
TIMELINE 30 286 241732578569600 2088400
LATENCY 4149500
TIMELINE 30 302 241732613813800 4149500
LATENCY 2260500
TIMELINE 30 318 241732654161600 2260500
LATENCY 2227600
TIMELINE 30 334 241732689298600 2227600
LATENCY 2122500
TIMELINE 30 350 241732725039300 2122500
LATENCY 2314900
TIMELINE 30 366 241732760852400 2314900
LATENCY 2195800
TIMELINE 30 382 241732796426500 2195800
LATENCY 2152500
TIMELINE 30 398 241732853032300 2152500
LATENCY 2296300
TIMELINE 30 414 241732888756500 2296300
LATENCY 2130300
TIMELINE 30 430 241732922850900 2130300
LATENCY 2086400
TIMELINE 30 446 241732957428300 2086400
LATENCY 2175100
TIMELINE 30 462 241732992264900 2175100
LATENCY 2152100
TIMELINE 30 478 241733027170700 2152100
LATENCY 2220700
TIMELINE 30 494 241733062738800 2220700
LATENCY 2293600
TIMELINE 30 510 241733096509700 2293600
LATENCY 2277300
TIMELINE 30 526 241733148714500 2277300
LATENCY 2188900
TIMELINE 30 542 241733183636800 2188900
LATENCY 2094800
TIMELINE 30 558 241733218012400 2094800
LATENCY 2085800
TIMELINE 30 574 241733251589900 2085800
LATENCY 2193900
TIMELINE 30 590 241733286084800 2193900
LATENCY 2102800
TIMELINE 30 606 241733320444800 2102800
LATENCY 2135300
TIMELINE 30 622 241733354554000 2135300
LATENCY 2118700
TIMELINE 30 638 241733388390100 2118700
LATENCY 2098200
TIMELINE 30 654 241733422015100 2098200
LATENCY 2114000
TIMELINE 30 670 241733474835700 2114000
LATENCY 2116500
TIMELINE 30 686 241733510316900 2116500
LATENCY 2113800
TIMELINE 30 702 241733545051900 2113800
LATENCY 2098900
TIMELINE 30 718 241733579402600 2098900
LATENCY 2115300
TIMELINE 30 734 241733613557000 2115300
LATENCY 2121000
TIMELINE 30 750 241733647250400 2121000
LATENCY 2093100
TIMELINE 30 766 241733681012700 2093100
LATENCY 2177100
TIMELINE 30 782 241733720092100 2177100
LATENCY 2233700
TIMELINE 30 798 241733775247500 2233700
LATENCY 2121400
TIMELINE 30 814 241733810346500 2121400
LATENCY 2132900
TIMELINE 30 830 241733844611300 2132900
LATENCY 2098100
TIMELINE 30 846 241733878714100 2098100
LATENCY 2228800
TIMELINE 30 862 241733915422300 2228800
LATENCY 2299300
TIMELINE 30 878 241733950266500 2299300
LATENCY 2330700
TIMELINE 30 894 241733985837200 2330700
LATENCY 2101800
TIMELINE 30 910 241734021260500 2101800
LATENCY 2285300
TIMELINE 30 926 241734074337000 2285300
LATENCY 2218900
TIMELINE 30 942 241734109818700 2218900
LATENCY 2133000
TIMELINE 30 958 241734144123300 2133000
LATENCY 2136400
TIMELINE 30 974 241734178116900 2136400
LATENCY 2196900
TIMELINE 30 990 241734212874600 2196900
LATENCY 2133600
TIMELINE 30 1006 241734247442200 2133600
LATENCY 2139900
TIMELINE 30 1022 241734281350900 2139900
LATENCY 2304800
TIMELINE 30 1038 241734315849000 2304800
LATENCY 2291700
TIMELINE 30 1054 241734351366200 2291700
LATENCY 2195700
TIMELINE 30 1070 241734393183200 2195700
LATENCY 2157400
TIMELINE 30 1086 241734428811000 2157400
LATENCY 2206400
TIMELINE 30 1102 241734465519300 2206400
LATENCY 2106800
TIMELINE 30 1118 241734500753800 2106800
LATENCY 2118900
TIMELINE 30 1134 241734535380300 2118900
LATENCY 2222500
TIMELINE 30 1150 241734571288300 2222500
LATENCY 2194200
TIMELINE 30 1166 241734606671300 2194200
LATENCY 2158700
TIMELINE 30 1182 241734642872000 2158700
LATENCY 2135800
TIMELINE 30 1198 241734682866500 2135800
LATENCY 2224900
TIMELINE 30 1214 241734717661900 2224900
LATENCY 3083600
TIMELINE 30 1230 241734753834100 3083600
LATENCY 2945200
TIMELINE 30 1246 241734800658600 2945200
LATENCY 2773900
TIMELINE 30 1262 241734850912300 2773900
LATENCY 3838500
TIMELINE 30 1278 241734896863600 3838500
LATENCY 2779900
TIMELINE 30 1294 241734943655500 2779900
LATENCY 2489000
TIMELINE 30 1310 241734988271200 2489000
LATENCY 2794100
TIMELINE 30 1326 241735037309800 2794100
LATENCY 2696700
TIMELINE 30 1342 241735081421000 2696700
LATENCY 2991900
TIMELINE 30 1358 241735127224300 2991900
LATENCY 2777300
TIMELINE 30 1374 241735174215900 2777300
LATENCY 2690300
TIMELINE 30 1390 241735218148400 2690300
LATENCY 2924400
TIMELINE 30 1406 241735265041200 2924400
LATENCY 3203300
TIMELINE 30 1422 241735317404500 3203300
LATENCY 2812200
TIMELINE 30 1438 241735363306500 2812200
LATENCY 2951100
TIMELINE 30 1454 241735409414500 2951100
LATENCY 2987700
TIMELINE 30 1470 241735462513200 2987700
LATENCY 2929000
TIMELINE 30 1486 241735509512100 2929000
LATENCY 3655600
TIMELINE 30 1502 241735559045700 3655600
LATENCY 3478000
TIMELINE 30 1518 241735613759400 3478000
LATENCY 2587300
TIMELINE 30 1534 241735665707500 2587300
LATENCY 3188300
TIMELINE 30 1550 241735714788700 3188300
LATENCY 3041800
TIMELINE 30 1566 241735763925500 3041800
LATENCY 3122500
TIMELINE 30 1582 241735810163100 3122500
LATENCY 2611600
TIMELINE 30 1598 241735863565400 2611600
LATENCY 2610100
TIMELINE 30 1614 241735905902000 2610100
LATENCY 3047400
TIMELINE 30 1630 241735952976900 3047400
LATENCY 2970700
TIMELINE 30 1646 241735999039400 2970700
LATENCY 2957400
TIMELINE 30 1662 241736046243300 2957400
LATENCY 2953100
TIMELINE 30 1678 241736091808600 2953100
LATENCY 2624100
TIMELINE 30 1694 241736137250700 2624100
LATENCY 2915800
TIMELINE 30 1710 241736181062300 2915800
LATENCY 3044700
TIMELINE 30 1726 241736232595500 3044700
LATENCY 2688200
TIMELINE 30 1742 241736280892600 2688200
LATENCY 3256000
TIMELINE 30 1758 241736329849800 3256000
LATENCY 2901700
TIMELINE 30 1774 241736377146400 2901700
LATENCY 3374500
TIMELINE 30 1790 241736423698800 3374500
LATENCY 2853300
TIMELINE 30 1806 241736473810500 2853300
LATENCY 3408600
TIMELINE 30 1822 241736525113000 3408600
LATENCY 3412700
TIMELINE 30 1838 241736579417400 3412700
LATENCY 3423700
TIMELINE 30 1854 241736634003000 3423700
LATENCY 2471400
TIMELINE 30 1870 241736694485300 2471400
LATENCY 2590900
TIMELINE 30 1886 241736738013800 2590900
LATENCY 3010200
TIMELINE 30 1902 241736783289300 3010200
LATENCY 3026600
TIMELINE 30 1918 241736831624000 3026600
LATENCY 2834500
TIMELINE 30 1934 241736878237900 2834500
LATENCY 2864400
TIMELINE 30 1950 241736923698700 2864400
LATENCY 2717700
TIMELINE 30 1966 241736967609200 2717700
LATENCY 3008800
TIMELINE 30 1982 241737012599700 3008800
LATENCY 2793400
TIMELINE 30 1998 241737064449200 2793400
LATENCY 2718300
TIMELINE 30 2014 241737110262900 2718300
LATENCY 2895200
TIMELINE 30 2030 241737157009800 2895200
LATENCY 2445200
TIMELINE 30 2046 241737206125200 2445200
LATENCY 2248000
TIMELINE 31 15 241731939301700 2248000
LATENCY 2336500
TIMELINE 31 31 241731976039100 2336500
LATENCY 2177500
TIMELINE 31 47 241732011676800 2177500
LATENCY 2247900
TIMELINE 31 63 241732046738000 2247900
LATENCY 2133300
TIMELINE 31 79 241732081802300 2133300
LATENCY 2120300
TIMELINE 31 95 241732116319600 2120300
LATENCY 2388000
TIMELINE 31 111 241732151193900 2388000
LATENCY 21163400
TIMELINE 31 127 241732188099700 21163400
LATENCY 2075100
TIMELINE 31 143 241732242792300 2075100
LATENCY 2162100
TIMELINE 31 159 241732279605700 2162100
LATENCY 2388000
TIMELINE 31 175 241732315391500 2388000
LATENCY 2198000
TIMELINE 31 191 241732352585000 2198000
LATENCY 2138700
TIMELINE 31 207 241732387663600 2138700
LATENCY 2126700
TIMELINE 31 223 241732422043900 2126700
LATENCY 2155900
TIMELINE 31 239 241732456935700 2155900
LATENCY 2179200
TIMELINE 31 255 241732492242900 2179200
LATENCY 2211000
TIMELINE 31 271 241732545837900 2211000
LATENCY 2158100
TIMELINE 31 287 241732580391500 2158100
LATENCY 5171100
TIMELINE 31 303 241732617228700 5171100
LATENCY 2161300
TIMELINE 31 319 241732656118300 2161300
LATENCY 2217100
TIMELINE 31 335 241732691294800 2217100
LATENCY 2139200
TIMELINE 31 351 241732726931700 2139200
LATENCY 2235400
TIMELINE 31 367 241732762945800 2235400
LATENCY 2222400
TIMELINE 31 383 241732798460300 2222400
LATENCY 2190900
TIMELINE 31 399 241732855040200 2190900
LATENCY 2141300
TIMELINE 31 415 241732890871000 2141300
LATENCY 2091300
TIMELINE 31 431 241732924836700 2091300
LATENCY 2136400
TIMELINE 31 447 241732959483800 2136400
LATENCY 2242900
TIMELINE 31 463 241732994381400 2242900
LATENCY 2121400
TIMELINE 31 479 241733029204200 2121400
LATENCY 2239700
TIMELINE 31 495 241733064995800 2239700
LATENCY 2081400
TIMELINE 31 511 241733098864800 2081400
LATENCY 2191800
TIMELINE 31 527 241733151085800 2191800
LATENCY 2161700
TIMELINE 31 543 241733185883600 2161700
LATENCY 2087800
TIMELINE 31 559 241733220196400 2087800
LATENCY 2089700
TIMELINE 31 575 241733253735000 2089700
LATENCY 2143900
TIMELINE 31 591 241733288344800 2143900
LATENCY 2059700
TIMELINE 31 607 241733322634800 2059700
LATENCY 2118700
TIMELINE 31 623 241733356773400 2118700
LATENCY 2068900
TIMELINE 31 639 241733390631400 2068900
LATENCY 2122500
TIMELINE 31 655 241733424226600 2122500
LATENCY 2030200
TIMELINE 31 671 241733477048300 2030200
LATENCY 2122400
TIMELINE 31 687 241733511691800 2122400
LATENCY 2117500
TIMELINE 31 703 241733546358700 2117500
LATENCY 2107800
TIMELINE 31 719 241733580697200 2107800
LATENCY 2128500
TIMELINE 31 735 241733614878900 2128500
LATENCY 2110200
TIMELINE 31 751 241733648596000 2110200
LATENCY 2101100
TIMELINE 31 767 241733682307400 2101100
LATENCY 2185800
TIMELINE 31 783 241733721497300 2185800
LATENCY 2157600
TIMELINE 31 799 241733776777200 2157600
LATENCY 2182900
TIMELINE 31 815 241733811747100 2182900
LATENCY 2153500
TIMELINE 31 831 241733845967200 2153500
LATENCY 2083200
TIMELINE 31 847 241733880037600 2083200
LATENCY 2218200
TIMELINE 31 863 241733916187000 2218200
LATENCY 2266700
TIMELINE 31 879 241733951042400 2266700
LATENCY 2398200
TIMELINE 31 895 241733986727000 2398200
LATENCY 2090500
TIMELINE 31 911 241734021988900 2090500
LATENCY 2178800
TIMELINE 31 927 241734075154200 2178800
LATENCY 2224100
TIMELINE 31 943 241734110558000 2224100
LATENCY 2120100
TIMELINE 31 959 241734144848600 2120100
LATENCY 2125800
TIMELINE 31 975 241734178890700 2125800
LATENCY 2191200
TIMELINE 31 991 241734213706200 2191200
LATENCY 2120700
TIMELINE 31 1007 241734248223200 2120700
LATENCY 2114400
TIMELINE 31 1023 241734282147300 2114400
LATENCY 2320400
TIMELINE 31 1039 241734316346500 2320400
LATENCY 2299300
TIMELINE 31 1055 241734351625400 2299300
LATENCY 2201900
TIMELINE 31 1071 241734393466600 2201900
LATENCY 2165400
TIMELINE 31 1087 241734429077600 2165400
LATENCY 2199900
TIMELINE 31 1103 241734465702600 2199900
LATENCY 2108400
TIMELINE 31 1119 241734500891200 2108400
LATENCY 2123200
TIMELINE 31 1135 241734535518000 2123200
LATENCY 2241800
TIMELINE 31 1151 241734571436400 2241800
LATENCY 2201700
TIMELINE 31 1167 241734606806200 2201700
LATENCY 2171000
TIMELINE 31 1183 241734643061600 2171000
LATENCY 2131100
TIMELINE 31 1199 241734683069700 2131100
LATENCY 2223400
TIMELINE 31 1215 241734717810600 2223400
LATENCY 3092800
TIMELINE 31 1231 241734753744600 3092800
LATENCY 2943300
TIMELINE 31 1247 241734800577600 2943300
LATENCY 2776200
TIMELINE 31 1263 241734850842900 2776200
LATENCY 3602500
TIMELINE 31 1279 241734896805500 3602500
LATENCY 2814100
TIMELINE 31 1295 241734943518400 2814100
LATENCY 2504900
TIMELINE 31 1311 241734988130600 2504900
LATENCY 2845900
TIMELINE 31 1327 241735037058900 2845900
LATENCY 2702700
TIMELINE 31 1343 241735081115900 2702700
LATENCY 2992900
TIMELINE 31 1359 241735127465300 2992900
LATENCY 2739200
TIMELINE 31 1375 241735174482600 2739200
LATENCY 2673600
TIMELINE 31 1391 241735218408100 2673600
LATENCY 2912300
TIMELINE 31 1407 241735265371500 2912300
LATENCY 3159300
TIMELINE 31 1423 241735317888900 3159300
LATENCY 2768200
TIMELINE 31 1439 241735363583900 2768200
LATENCY 2950800
TIMELINE 31 1455 241735409577900 2950800
LATENCY 2982600
TIMELINE 31 1471 241735462700700 2982600
LATENCY 2920000
TIMELINE 31 1487 241735509695100 2920000
LATENCY 3653400
TIMELINE 31 1503 241735559230800 3653400
LATENCY 3469200
TIMELINE 31 1519 241735613949300 3469200
LATENCY 2584900
TIMELINE 31 1535 241735665970000 2584900
LATENCY 3269100
TIMELINE 31 1551 241735715090200 3269100
LATENCY 3154800
TIMELINE 31 1567 241735764203800 3154800
LATENCY 3120100
TIMELINE 31 1583 241735810504300 3120100
LATENCY 2612000
TIMELINE 31 1599 241735863944600 2612000
LATENCY 2617500
TIMELINE 31 1615 241735906264000 2617500
LATENCY 3032600
TIMELINE 31 1631 241735953412600 3032600
LATENCY 2926600
TIMELINE 31 1647 241735999500500 2926600
LATENCY 2810900
TIMELINE 31 1663 241736044176700 2810900
LATENCY 2970900
TIMELINE 31 1679 241736089580600 2970900
LATENCY 2607800
TIMELINE 31 1695 241736135321400 2607800
LATENCY 3007000
TIMELINE 31 1711 241736178830300 3007000
LATENCY 3082200
TIMELINE 31 1727 241736230315200 3082200
LATENCY 2649800
TIMELINE 31 1743 241736278924400 2649800
LATENCY 3304000
TIMELINE 31 1759 241736327409600 3304000
LATENCY 2840600
TIMELINE 31 1775 241736375028100 2840600
LATENCY 3356900
TIMELINE 31 1791 241736421195000 3356900
LATENCY 3144600
TIMELINE 31 1807 241736471428700 3144600
LATENCY 3268600
TIMELINE 31 1823 241736522668700 3268600
LATENCY 3433300
TIMELINE 31 1839 241736576702900 3433300
LATENCY 3453200
TIMELINE 31 1855 241736631285100 3453200
LATENCY 2533400
TIMELINE 31 1871 241736692487500 2533400
LATENCY 2562200
TIMELINE 31 1887 241736735994400 2562200
LATENCY 3029100
TIMELINE 31 1903 241736780964000 3029100
LATENCY 3026800
TIMELINE 31 1919 241736829270500 3026800
LATENCY 2727300
TIMELINE 31 1935 241736876181800 2727300
LATENCY 2853700
TIMELINE 31 1951 241736921581700 2853700
LATENCY 2749700
TIMELINE 31 1967 241736965092500 2749700
LATENCY 3015500
TIMELINE 31 1983 241737009830300 3015500
LATENCY 2735100
TIMELINE 31 1999 241737061980500 2735100
LATENCY 2742200
TIMELINE 31 2015 241737107817800 2742200
LATENCY 2905100
TIMELINE 31 2031 241737154457900 2905100
LATENCY 3692900
TIMELINE 31 2047 241737202857600 3692900
LATENCY 9813500
TIMELINE 32 0 241731894225500 9813500
LATENCY 2245900
TIMELINE 32 16 241731941519000 2245900
LATENCY 2298100
TIMELINE 32 32 241731978569600 2298100
LATENCY 2164000
TIMELINE 32 48 241732013947000 2164000
LATENCY 2188000
TIMELINE 32 64 241732049370200 2188000
LATENCY 2146000
TIMELINE 32 80 241732084329700 2146000
LATENCY 2281100
TIMELINE 32 96 241732119003600 2281100
LATENCY 2160100
TIMELINE 32 112 241732154081700 2160100
LATENCY 2342600
TIMELINE 32 128 241732210029900 2342600
LATENCY 2219500
TIMELINE 32 144 241732245550000 2219500
LATENCY 2143200
TIMELINE 32 160 241732282465600 2143200
LATENCY 2348100
TIMELINE 32 176 241732318558500 2348100
LATENCY 2173600
TIMELINE 32 192 241732355515600 2173600
LATENCY 2085900
TIMELINE 32 208 241732390453200 2085900
LATENCY 2180000
TIMELINE 32 224 241732424845000 2180000
LATENCY 2214900
TIMELINE 32 240 241732459778300 2214900
LATENCY 2191700
TIMELINE 32 256 241732495048500 2191700
LATENCY 2130700
TIMELINE 32 272 241732548708700 2130700
LATENCY 2097600
TIMELINE 32 288 241732583236700 2097600
LATENCY 2532300
TIMELINE 32 304 241732623819000 2532300
LATENCY 2083700
TIMELINE 32 320 241732658903400 2083700
LATENCY 2194800
TIMELINE 32 336 241732694103300 2194800
LATENCY 2136000
TIMELINE 32 352 241732729686900 2136000
LATENCY 2176500
TIMELINE 32 368 241732765740700 2176500
LATENCY 2164300
TIMELINE 32 384 241732801232000 2164300
LATENCY 2308800
TIMELINE 32 400 241732857615200 2308800
LATENCY 2144200
TIMELINE 32 416 241732893458200 2144200
LATENCY 2079300
TIMELINE 32 432 241732927369500 2079300
LATENCY 2220100
TIMELINE 32 448 241732961974300 2220100
LATENCY 2191400
TIMELINE 32 464 241732996951200 2191400
LATENCY 2148300
TIMELINE 32 480 241733031686100 2148300
LATENCY 2209400
TIMELINE 32 496 241733066955500 2209400
LATENCY 2079200
TIMELINE 32 512 241733100700400 2079200
LATENCY 2183400
TIMELINE 32 528 241733152981800 2183400
LATENCY 2239300
TIMELINE 32 544 241733187761300 2239300
LATENCY 2078000
TIMELINE 32 560 241733222005600 2078000
LATENCY 2424600
TIMELINE 32 576 241733255565700 2424600
LATENCY 2114100
TIMELINE 32 592 241733290223600 2114100
LATENCY 2103300
TIMELINE 32 608 241733324472900 2103300
LATENCY 2134900
TIMELINE 32 624 241733358635600 2134900
LATENCY 2064400
TIMELINE 32 640 241733392454600 2064400
LATENCY 2082400
TIMELINE 32 656 241733426128000 2082400
LATENCY 2159300
TIMELINE 32 672 241733479506500 2159300
LATENCY 2138900
TIMELINE 32 688 241733514223000 2138900
LATENCY 2243900
TIMELINE 32 704 241733549003600 2243900
LATENCY 2103500
TIMELINE 32 720 241733583445500 2103500
LATENCY 2124800
TIMELINE 32 736 241733617527000 2124800
LATENCY 2119400
TIMELINE 32 752 241733651211500 2119400
LATENCY 2129400
TIMELINE 32 768 241733684943100 2129400
LATENCY 2225800
TIMELINE 32 784 241733724175400 2225800
LATENCY 2179900
TIMELINE 32 800 241733779408700 2179900
LATENCY 2120200
TIMELINE 32 816 241733814413600 2120200
LATENCY 2112000
TIMELINE 32 832 241733848588800 2112000
LATENCY 2118500
TIMELINE 32 848 241733882629800 2118500
LATENCY 2171700
TIMELINE 32 864 241733919001800 2171700
LATENCY 2256900
TIMELINE 32 880 241733953944800 2256900
LATENCY 2328100
TIMELINE 32 896 241733989748800 2328100
LATENCY 2087100
TIMELINE 32 912 241734024643300 2087100
LATENCY 2115900
TIMELINE 32 928 241734077944000 2115900
LATENCY 2306600
TIMELINE 32 944 241734113494500 2306600
LATENCY 2112400
TIMELINE 32 960 241734147581600 2112400
LATENCY 2104100
TIMELINE 32 976 241734181624400 2104100
LATENCY 2186300
TIMELINE 32 992 241734216616400 2186300
LATENCY 2105900
TIMELINE 32 1008 241734251051900 2105900
LATENCY 2106700
TIMELINE 32 1024 241734284992500 2106700
LATENCY 2223400
TIMELINE 32 1040 241734319613900 2223400
LATENCY 2121700
TIMELINE 32 1056 241734354657600 2121700
LATENCY 2240600
TIMELINE 32 1072 241734396492800 2240600
LATENCY 2453900
TIMELINE 32 1088 241734432020100 2453900
LATENCY 2417900
TIMELINE 32 1104 241734468594700 2417900
LATENCY 2115900
TIMELINE 32 1120 241734503830400 2115900
LATENCY 2138000
TIMELINE 32 1136 241734538469500 2138000
LATENCY 2255000
TIMELINE 32 1152 241734574583700 2255000
LATENCY 2351500
TIMELINE 32 1168 241734609867800 2351500
LATENCY 2176300
TIMELINE 32 1184 241734645923600 2176300
LATENCY 2093700
TIMELINE 32 1200 241734685883000 2093700
LATENCY 2210900
TIMELINE 32 1216 241734720732800 2210900
LATENCY 2798600
TIMELINE 32 1232 241734758154800 2798600
LATENCY 2940700
TIMELINE 32 1248 241734804754900 2940700
LATENCY 2726800
TIMELINE 32 1264 241734854755400 2726800
LATENCY 2785000
TIMELINE 32 1280 241734902918900 2785000
LATENCY 2703200
TIMELINE 32 1296 241734947485600 2703200
LATENCY 2691700
TIMELINE 32 1312 241734991778700 2691700
LATENCY 2730800
TIMELINE 32 1328 241735041174100 2730800
LATENCY 2796000
TIMELINE 32 1344 241735085232900 2796000
LATENCY 2791700
TIMELINE 32 1360 241735131414600 2791700
LATENCY 2702100
TIMELINE 32 1376 241735178057100 2702100
LATENCY 2696100
TIMELINE 32 1392 241735221892500 2696100
LATENCY 3658000
TIMELINE 32 1408 241735269163900 3658000
LATENCY 2873300
TIMELINE 32 1424 241735322559300 2873300
LATENCY 2906200
TIMELINE 32 1440 241735367686900 2906200
LATENCY 3066700
TIMELINE 32 1456 241735414064000 3066700
LATENCY 2957700
TIMELINE 32 1472 241735467118200 2957700
LATENCY 2919400
TIMELINE 32 1488 241735514010500 2919400
LATENCY 3486400
TIMELINE 32 1504 241735564403800 3486400
LATENCY 3344800
TIMELINE 32 1520 241735618996300 3344800
LATENCY 3166500
TIMELINE 32 1536 241735669847900 3166500
LATENCY 3172000
TIMELINE 32 1552 241735719728400 3172000
LATENCY 2706000
TIMELINE 32 1568 241735768470600 2706000
LATENCY 3024800
TIMELINE 32 1584 241735814994500 3024800
LATENCY 2615400
TIMELINE 32 1600 241735867621700 2615400
LATENCY 2615400
TIMELINE 32 1616 241735910001000 2615400
LATENCY 2931200
TIMELINE 32 1632 241735957642200 2931200
LATENCY 2758000
TIMELINE 32 1648 241736003541100 2758000
LATENCY 3047900
TIMELINE 32 1664 241736048266500 3047900
LATENCY 3041500
TIMELINE 32 1680 241736093838400 3041500
LATENCY 2626700
TIMELINE 32 1696 241736139030900 2626700
LATENCY 2906700
TIMELINE 32 1712 241736183068800 2906700
LATENCY 3036900
TIMELINE 32 1728 241736234670400 3036900
LATENCY 2984800
TIMELINE 32 1744 241736282674700 2984800
LATENCY 3196600
TIMELINE 32 1760 241736332089200 3196600
LATENCY 2932900
TIMELINE 32 1776 241736378865300 2932900
LATENCY 3403100
TIMELINE 32 1792 241736426278700 3403100
LATENCY 2888300
TIMELINE 32 1808 241736475983000 2888300
LATENCY 3343600
TIMELINE 32 1824 241736527712800 3343600
LATENCY 3385600
TIMELINE 32 1840 241736581897400 3385600
LATENCY 3406000
TIMELINE 32 1856 241736636487600 3406000
LATENCY 2653800
TIMELINE 32 1872 241736696265800 2653800
LATENCY 2604600
TIMELINE 32 1888 241736739864900 2604600
LATENCY 2875300
TIMELINE 32 1904 241736785433000 2875300
LATENCY 3022700
TIMELINE 32 1920 241736833759100 3022700
LATENCY 2719500
TIMELINE 32 1936 241736880328900 2719500
LATENCY 2930500
TIMELINE 32 1952 241736925741800 2930500
LATENCY 2700900
TIMELINE 32 1968 241736969684000 2700900
LATENCY 2962900
TIMELINE 32 1984 241737014795900 2962900
LATENCY 2777200
TIMELINE 32 2000 241737066461700 2777200
LATENCY 2792200
TIMELINE 32 2016 241737112314900 2792200
LATENCY 2966600
TIMELINE 32 2032 241737159340700 2966600
LATENCY 2419200
TIMELINE 33 1 241731904006900 2419200
LATENCY 2350600
TIMELINE 33 17 241731943659200 2350600
LATENCY 2257800
TIMELINE 33 33 241731980654800 2257800
LATENCY 2144100
TIMELINE 33 49 241732015925000 2144100
LATENCY 2090600
TIMELINE 33 65 241732051273100 2090600
LATENCY 2179500
TIMELINE 33 81 241732086185600 2179500
LATENCY 2156700
TIMELINE 33 97 241732120868600 2156700
LATENCY 2244200
TIMELINE 33 113 241732155838800 2244200
LATENCY 2333400
TIMELINE 33 129 241732211865900 2333400
LATENCY 2137900
TIMELINE 33 145 241732247233400 2137900
LATENCY 2157400
TIMELINE 33 161 241732284027200 2157400
LATENCY 2226000
TIMELINE 33 177 241732320376800 2226000
LATENCY 2174900
TIMELINE 33 193 241732357214000 2174900
LATENCY 2145900
TIMELINE 33 209 241732392218400 2145900
LATENCY 2172000
TIMELINE 33 225 241732426699900 2172000
LATENCY 2153000
TIMELINE 33 241 241732461644800 2153000
LATENCY 2164300
TIMELINE 33 257 241732496882300 2164300
LATENCY 2177100
TIMELINE 33 273 241732550500900 2177100
LATENCY 2056500
TIMELINE 33 289 241732584970300 2056500
LATENCY 2370100
TIMELINE 33 305 241732625896200 2370100
LATENCY 2090100
TIMELINE 33 321 241732660571800 2090100
LATENCY 2222300
TIMELINE 33 337 241732695818200 2222300
LATENCY 2265700
TIMELINE 33 353 241732731232400 2265700
LATENCY 2206700
TIMELINE 33 369 241732767401100 2206700
LATENCY 2134600
TIMELINE 33 385 241732802884400 2134600
LATENCY 2279400
TIMELINE 33 401 241732859271100 2279400
LATENCY 2181400
TIMELINE 33 417 241732894994200 2181400
LATENCY 2093600
TIMELINE 33 433 241732928850100 2093600
LATENCY 2079700
TIMELINE 33 449 241732963579800 2079700
LATENCY 2242900
TIMELINE 33 465 241732998512600 2242900
LATENCY 2104000
TIMELINE 33 481 241733033167000 2104000
LATENCY 2145200
TIMELINE 33 497 241733069625400 2145200
LATENCY 2088100
TIMELINE 33 513 241733103228900 2088100
LATENCY 2134600
TIMELINE 33 529 241733155632800 2134600
LATENCY 2181500
TIMELINE 33 545 241733190470900 2181500
LATENCY 2149100
TIMELINE 33 561 241733224532600 2149100
LATENCY 2212400
TIMELINE 33 577 241733258571800 2212400
LATENCY 2094700
TIMELINE 33 593 241733292773900 2094700
LATENCY 2130700
TIMELINE 33 609 241733326995100 2130700
LATENCY 2133900
TIMELINE 33 625 241733361223300 2133900
LATENCY 2127700
TIMELINE 33 641 241733395008900 2127700
LATENCY 2088500
TIMELINE 33 657 241733428628500 2088500
LATENCY 2155200
TIMELINE 33 673 241733481358300 2155200
LATENCY 2151600
TIMELINE 33 689 241733516002700 2151600
LATENCY 2281000
TIMELINE 33 705 241733550801200 2281000
LATENCY 2208200
TIMELINE 33 721 241733585041400 2208200
LATENCY 2133800
TIMELINE 33 737 241733619345000 2133800
LATENCY 2111100
TIMELINE 33 753 241733653008600 2111100
LATENCY 2113100
TIMELINE 33 769 241733686751700 2113100
LATENCY 2378500
TIMELINE 33 785 241733726133900 2378500
LATENCY 2170300
TIMELINE 33 801 241733781335400 2170300
LATENCY 2127500
TIMELINE 33 817 241733816293800 2127500
LATENCY 2133400
TIMELINE 33 833 241733850432200 2133400
LATENCY 2135600
TIMELINE 33 849 241733884473300 2135600
LATENCY 2207900
TIMELINE 33 865 241733920836400 2207900
LATENCY 2155400
TIMELINE 33 881 241733955850700 2155400
LATENCY 2328700
TIMELINE 33 897 241733991542600 2328700
LATENCY 2099000
TIMELINE 33 913 241734026225100 2099000
LATENCY 2070400
TIMELINE 33 929 241734079563800 2070400
LATENCY 2197000
TIMELINE 33 945 241734115347600 2197000
LATENCY 2063600
TIMELINE 33 961 241734149273400 2063600
LATENCY 2206300
TIMELINE 33 977 241734183304500 2206300
LATENCY 2160000
TIMELINE 33 993 241734218356700 2160000
LATENCY 2108400
TIMELINE 33 1009 241734252706400 2108400
LATENCY 2123100
TIMELINE 33 1025 241734286613000 2123100
LATENCY 2261300
TIMELINE 33 1041 241734321419500 2261300
LATENCY 2333900
TIMELINE 33 1057 241734356383600 2333900
LATENCY 2289600
TIMELINE 33 1073 241734398295500 2289600
LATENCY 2282700
TIMELINE 33 1089 241734434007100 2282700
LATENCY 2266000
TIMELINE 33 1105 241734470301700 2266000
LATENCY 2117400
TIMELINE 33 1121 241734505292600 2117400
LATENCY 2137300
TIMELINE 33 1137 241734539948600 2137300
LATENCY 2245000
TIMELINE 33 1153 241734576071200 2245000
LATENCY 2438000
TIMELINE 33 1169 241734611436800 2438000
LATENCY 2161500
TIMELINE 33 1185 241734647455000 2161500
LATENCY 2173400
TIMELINE 33 1201 241734687359200 2173400
LATENCY 2154400
TIMELINE 33 1217 241734722308700 2154400
LATENCY 3273200
TIMELINE 33 1233 241734759984500 3273200
LATENCY 2982500
TIMELINE 33 1249 241734806671000 2982500
LATENCY 2764800
TIMELINE 33 1265 241734856535900 2764800
LATENCY 2987300
TIMELINE 33 1281 241734904670500 2987300
LATENCY 2626500
TIMELINE 33 1297 241734949328600 2626500
LATENCY 2685500
TIMELINE 33 1313 241734993585200 2685500
LATENCY 2725200
TIMELINE 33 1329 241735043104100 2725200
LATENCY 2727600
TIMELINE 33 1345 241735087135700 2727600
LATENCY 2959100
TIMELINE 33 1361 241735133226800 2959100
LATENCY 2684200
TIMELINE 33 1377 241735179863400 2684200
LATENCY 2723200
TIMELINE 33 1393 241735223588300 2723200
LATENCY 5264000
TIMELINE 33 1409 241735271004500 5264000
LATENCY 2858100
TIMELINE 33 1425 241735323825700 2858100
LATENCY 2942700
TIMELINE 33 1441 241735368882000 2942700
LATENCY 2977300
TIMELINE 33 1457 241735415391100 2977300
LATENCY 2948000
TIMELINE 33 1473 241735468426900 2948000
LATENCY 2942700
TIMELINE 33 1489 241735515288500 2942700
LATENCY 3505900
TIMELINE 33 1505 241735566070500 3505900
LATENCY 3374900
TIMELINE 33 1521 241735620615800 3374900
LATENCY 3038500
TIMELINE 33 1537 241735671386400 3038500
LATENCY 3183500
TIMELINE 33 1553 241735721261100 3183500
LATENCY 2675300
TIMELINE 33 1569 241735769743400 2675300
LATENCY 2978800
TIMELINE 33 1585 241735816388600 2978800
LATENCY 2599200
TIMELINE 33 1601 241735868687100 2599200
LATENCY 2622200
TIMELINE 33 1617 241735911044400 2622200
LATENCY 2958900
TIMELINE 33 1633 241735958846100 2958900
LATENCY 2772700
TIMELINE 33 1649 241736004661000 2772700
LATENCY 2788200
TIMELINE 33 1665 241736050975400 2788200
LATENCY 2954300
TIMELINE 33 1681 241736096546900 2954300
LATENCY 2593000
TIMELINE 33 1697 241736141345400 2593000
LATENCY 2843300
TIMELINE 33 1713 241736185631100 2843300
LATENCY 3169700
TIMELINE 33 1729 241736237353000 3169700
LATENCY 2621400
TIMELINE 33 1745 241736285324000 2621400
LATENCY 3404300
TIMELINE 33 1761 241736335181600 3404300
LATENCY 2900500
TIMELINE 33 1777 241736381769300 2900500
LATENCY 3252000
TIMELINE 33 1793 241736429593400 3252000
LATENCY 2936900
TIMELINE 33 1809 241736478780900 2936900
LATENCY 3341800
TIMELINE 33 1825 241736530970200 3341800
LATENCY 3465500
TIMELINE 33 1841 241736585195000 3465500
LATENCY 3375400
TIMELINE 33 1857 241736639804300 3375400
LATENCY 2572800
TIMELINE 33 1873 241736698846000 2572800
LATENCY 2580300
TIMELINE 33 1889 241736742356400 2580300
LATENCY 3004700
TIMELINE 33 1905 241736788182900 3004700
LATENCY 3010800
TIMELINE 33 1921 241736836698900 3010800
LATENCY 2768700
TIMELINE 33 1937 241736883013700 2768700
LATENCY 2952300
TIMELINE 33 1953 241736928629100 2952300
LATENCY 2742400
TIMELINE 33 1969 241736972321500 2742400
LATENCY 2987500
TIMELINE 33 1985 241737017634000 2987500
LATENCY 2818300
TIMELINE 33 2001 241737069121900 2818300
LATENCY 3001500
TIMELINE 33 2017 241737114896200 3001500
LATENCY 2995800
TIMELINE 33 2033 241737161894300 2995800
LATENCY 2388200
TIMELINE 34 2 241731906590800 2388200
LATENCY 2251600
TIMELINE 34 18 241731946337900 2251600
LATENCY 2284400
TIMELINE 34 34 241731983182400 2284400
LATENCY 2194100
TIMELINE 34 50 241732018322800 2194100
LATENCY 2313200
TIMELINE 34 66 241732053428900 2313200
LATENCY 2198700
TIMELINE 34 82 241732088460000 2198700
LATENCY 2169300
TIMELINE 34 98 241732123121100 2169300
LATENCY 2696400
TIMELINE 34 114 241732158227100 2696400
LATENCY 2145100
TIMELINE 34 130 241732214729100 2145100
LATENCY 2104800
TIMELINE 34 146 241732249557800 2104800
LATENCY 2102600
TIMELINE 34 162 241732286363800 2102600
LATENCY 2212200
TIMELINE 34 178 241732322833600 2212200
LATENCY 2132900
TIMELINE 34 194 241732359575900 2132900
LATENCY 2072700
TIMELINE 34 210 241732394557300 2072700
LATENCY 2150800
TIMELINE 34 226 241732429063600 2150800
LATENCY 2267800
TIMELINE 34 242 241732463978700 2267800
LATENCY 20274400
TIMELINE 34 258 241732499242500 20274400
LATENCY 2151600
TIMELINE 34 274 241732552827000 2151600
LATENCY 2106000
TIMELINE 34 290 241732587236900 2106000
LATENCY 2261900
TIMELINE 34 306 241732628505800 2261900
LATENCY 2105500
TIMELINE 34 322 241732662834800 2105500
LATENCY 2155300
TIMELINE 34 338 241732698331900 2155300
LATENCY 2241100
TIMELINE 34 354 241732733936900 2241100
LATENCY 2210500
TIMELINE 34 370 241732770020600 2210500
LATENCY 2180800
TIMELINE 34 386 241732805438200 2180800
LATENCY 2172800
TIMELINE 34 402 241732861912700 2172800
LATENCY 2112200
TIMELINE 34 418 241732897490700 2112200
LATENCY 2115500
TIMELINE 34 434 241732931289500 2115500
LATENCY 2120200
TIMELINE 34 450 241732966069700 2120200
LATENCY 2182300
TIMELINE 34 466 241733001191400 2182300
LATENCY 2064100
TIMELINE 34 482 241733035666100 2064100
LATENCY 2091900
TIMELINE 34 498 241733071516400 2091900
LATENCY 2084500
TIMELINE 34 514 241733105081600 2084500
LATENCY 2141000
TIMELINE 34 530 241733157541600 2141000
LATENCY 2237100
TIMELINE 34 546 241733192448000 2237100
LATENCY 2059500
TIMELINE 34 562 241733226508800 2059500
LATENCY 2164900
TIMELINE 34 578 241733260615600 2164900
LATENCY 2047600
TIMELINE 34 594 241733294673600 2047600
LATENCY 2173000
TIMELINE 34 610 241733328974200 2173000
LATENCY 2107400
TIMELINE 34 626 241733363207200 2107400
LATENCY 2184600
TIMELINE 34 642 241733396958800 2184600
LATENCY 20482600
TIMELINE 34 658 241733430597500 20482600
LATENCY 2190100
TIMELINE 34 674 241733483779900 2190100
LATENCY 2162700
TIMELINE 34 690 241733518549900 2162700
LATENCY 2126600
TIMELINE 34 706 241733553401300 2126600
LATENCY 2236200
TIMELINE 34 722 241733587581700 2236200
LATENCY 2110600
TIMELINE 34 738 241733621707900 2110600
LATENCY 2096300
TIMELINE 34 754 241733655388800 2096300
LATENCY 2090400
TIMELINE 34 770 241733689127600 2090400
LATENCY 2388400
TIMELINE 34 786 241733728812700 2388400
LATENCY 2144600
TIMELINE 34 802 241733783797000 2144600
LATENCY 2157400
TIMELINE 34 818 241733818709700 2157400
LATENCY 2161200
TIMELINE 34 834 241733852882000 2161200
LATENCY 2140000
TIMELINE 34 850 241733886911200 2140000
LATENCY 2146700
TIMELINE 34 866 241733923311000 2146700
LATENCY 2151800
TIMELINE 34 882 241733958271500 2151800
LATENCY 2347100
TIMELINE 34 898 241733994254500 2347100
LATENCY 2130400
TIMELINE 34 914 241734028736900 2130400
LATENCY 2129600
TIMELINE 34 930 241734082057300 2129600
LATENCY 2164100
TIMELINE 34 946 241734117782700 2164100
LATENCY 2085400
TIMELINE 34 962 241734151573400 2085400
LATENCY 2154700
TIMELINE 34 978 241734185766300 2154700
LATENCY 2150500
TIMELINE 34 994 241734220703800 2150500
LATENCY 2108700
TIMELINE 34 1010 241734255019700 2108700
LATENCY 2129800
TIMELINE 34 1026 241734288988000 2129800
LATENCY 2204800
TIMELINE 34 1042 241734324126500 2204800
LATENCY 2176000
TIMELINE 34 1058 241734359359100 2176000
LATENCY 2206900
TIMELINE 34 1074 241734401042300 2206900
LATENCY 2345600
TIMELINE 34 1090 241734436808600 2345600
LATENCY 2239400
TIMELINE 34 1106 241734473196200 2239400
LATENCY 2124600
TIMELINE 34 1122 241734507979800 2124600
LATENCY 2119400
TIMELINE 34 1138 241734542661500 2119400
LATENCY 2224700
TIMELINE 34 1154 241734578960100 2224700
LATENCY 2334400
TIMELINE 34 1170 241734614413200 2334400
LATENCY 2199500
TIMELINE 34 1186 241734650127400 2199500
LATENCY 2363200
TIMELINE 34 1202 241734690086900 2363200
LATENCY 2239200
TIMELINE 34 1218 241734725015400 2239200
LATENCY 2827300
TIMELINE 34 1234 241734763940300 2827300
LATENCY 2911800
TIMELINE 34 1250 241734810356100 2911800
LATENCY 2733800
TIMELINE 34 1266 241734860040500 2733800
LATENCY 2860400
TIMELINE 34 1282 241734908466200 2860400
LATENCY 2597800
TIMELINE 34 1298 241734952646400 2597800
LATENCY 2637600
TIMELINE 34 1314 241734997057000 2637600
LATENCY 2875400
TIMELINE 34 1330 241735046444800 2875400
LATENCY 2744700
TIMELINE 34 1346 241735090492800 2744700
LATENCY 3019100
TIMELINE 34 1362 241735136957800 3019100
LATENCY 2707000
TIMELINE 34 1378 241735183261400 2707000
LATENCY 2882600
TIMELINE 34 1394 241735227100100 2882600
LATENCY 3488300
TIMELINE 34 1410 241735278958200 3488300
LATENCY 2925300
TIMELINE 34 1426 241735327608800 2925300
LATENCY 2928700
TIMELINE 34 1442 241735372833900 2928700
LATENCY 2944300
TIMELINE 34 1458 241735419385800 2944300
LATENCY 2944500
TIMELINE 34 1474 241735472356200 2944500
LATENCY 2887100
TIMELINE 34 1490 241735519224200 2887100
LATENCY 3237700
TIMELINE 34 1506 241735570740200 3237700
LATENCY 3377400
TIMELINE 34 1522 241735625198700 3377400
LATENCY 3089800
TIMELINE 34 1538 241735675553800 3089800
LATENCY 3102900
TIMELINE 34 1554 241735725548900 3102900
LATENCY 2606200
TIMELINE 34 1570 241735773387300 2606200
LATENCY 2846000
TIMELINE 34 1586 241735820446200 2846000
LATENCY 2660400
TIMELINE 34 1602 241735872480000 2660400
LATENCY 2640000
TIMELINE 34 1618 241735914853700 2640000
LATENCY 2958400
TIMELINE 34 1634 241735963106100 2958400
LATENCY 2772200
TIMELINE 34 1650 241736008666400 2772200
LATENCY 2786100
TIMELINE 34 1666 241736053247200 2786100
LATENCY 2964400
TIMELINE 34 1682 241736098945500 2964400
LATENCY 2634600
TIMELINE 34 1698 241736143505100 2634600
LATENCY 2595200
TIMELINE 34 1714 241736187979200 2595200
LATENCY 3019200
TIMELINE 34 1730 241736240019400 3019200
LATENCY 2894200
TIMELINE 34 1746 241736287499600 2894200
LATENCY 3310900
TIMELINE 34 1762 241736337823900 3310900
LATENCY 2295300
TIMELINE 34 1778 241736383857400 2295300
LATENCY 3296800
TIMELINE 34 1794 241736431697400 3296800
LATENCY 3136000
TIMELINE 34 1810 241736480815500 3136000
LATENCY 3507100
TIMELINE 34 1826 241736533144700 3507100
LATENCY 3396300
TIMELINE 34 1842 241736587481500 3396300
LATENCY 3468300
TIMELINE 34 1858 241736642021200 3468300
LATENCY 2571600
TIMELINE 34 1874 241736700579400 2571600
LATENCY 2608000
TIMELINE 34 1890 241736744131700 2608000
LATENCY 3004500
TIMELINE 34 1906 241736790302700 3004500
LATENCY 3015100
TIMELINE 34 1922 241736838775100 3015100
LATENCY 2787400
TIMELINE 34 1938 241736884839100 2787400
LATENCY 2928000
TIMELINE 34 1954 241736930659600 2928000
LATENCY 3000700
TIMELINE 34 1970 241736974073900 3000700
LATENCY 2936800
TIMELINE 34 1986 241737019715300 2936800
LATENCY 2774900
TIMELINE 34 2002 241737071049000 2774900
LATENCY 3234800
TIMELINE 34 2018 241737116967100 3234800
LATENCY 2952300
TIMELINE 34 2034 241737164009700 2952300
LATENCY 2384500
TIMELINE 35 3 241731908917000 2384500
LATENCY 2276600
TIMELINE 35 19 241731948430600 2276600
LATENCY 2234300
TIMELINE 35 35 241731985343600 2234300
LATENCY 2129500
TIMELINE 35 51 241732020207100 2129500
LATENCY 2326900
TIMELINE 35 67 241732055416400 2326900
LATENCY 2149700
TIMELINE 35 83 241732090338200 2149700
LATENCY 2158500
TIMELINE 35 99 241732124980800 2158500
LATENCY 2350400
TIMELINE 35 115 241732160236600 2350400
LATENCY 2212400
TIMELINE 35 131 241732216380900 2212400
LATENCY 2221500
TIMELINE 35 147 241732251436000 2221500
LATENCY 2147400
TIMELINE 35 163 241732288183600 2147400
LATENCY 2277700
TIMELINE 35 179 241732324659300 2277700
LATENCY 2529000
TIMELINE 35 195 241732361406600 2529000
LATENCY 2105500
TIMELINE 35 211 241732396292200 2105500
LATENCY 2161300
TIMELINE 35 227 241732430871200 2161300
LATENCY 2393800
TIMELINE 35 243 241732465930000 2393800
LATENCY 2629300
TIMELINE 35 259 241732519014500 2629300
LATENCY 2265100
TIMELINE 35 275 241732554516300 2265100
LATENCY 2111200
TIMELINE 35 291 241732588870800 2111200
LATENCY 2249600
TIMELINE 35 307 241732629603300 2249600
LATENCY 2152700
TIMELINE 35 323 241732663983500 2152700
LATENCY 2221400
TIMELINE 35 339 241732699451200 2221400
LATENCY 2475000
TIMELINE 35 355 241732734917100 2475000
LATENCY 2201200
TIMELINE 35 371 241732771242600 2201200
LATENCY 2195700
TIMELINE 35 387 241732806624500 2195700
LATENCY 2144100
TIMELINE 35 403 241732863327500 2144100
LATENCY 2115800
TIMELINE 35 419 241732898773800 2115800
LATENCY 2114200
TIMELINE 35 435 241732932540400 2114200
LATENCY 2152200
TIMELINE 35 451 241732967240100 2152200
LATENCY 2125500
TIMELINE 35 467 241733002417200 2125500
LATENCY 2070200
TIMELINE 35 483 241733036838200 2070200
LATENCY 2090100
TIMELINE 35 499 241733073239300 2090100
LATENCY 2062600
TIMELINE 35 515 241733106787800 2062600
LATENCY 2175700
TIMELINE 35 531 241733159327900 2175700
LATENCY 2141100
TIMELINE 35 547 241733194306100 2141100
LATENCY 2094700
TIMELINE 35 563 241733228178700 2094700
LATENCY 2152000
TIMELINE 35 579 241733262428500 2152000
LATENCY 2110400
TIMELINE 35 595 241733296394500 2110400
LATENCY 2316100
TIMELINE 35 611 241733330689100 2316100
LATENCY 2151400
TIMELINE 35 627 241733364894100 2151400
LATENCY 2124400
TIMELINE 35 643 241733398646200 2124400
LATENCY 20852200
TIMELINE 35 659 241733432246800 20852200
LATENCY 2114300
TIMELINE 35 675 241733485378600 2114300
LATENCY 2217100
TIMELINE 35 691 241733519964100 2217100
LATENCY 2176500
TIMELINE 35 707 241733554838000 2176500
LATENCY 2195200
TIMELINE 35 723 241733589072300 2195200
LATENCY 2114600
TIMELINE 35 739 241733623038900 2114600
LATENCY 2114400
TIMELINE 35 755 241733656693600 2114400
LATENCY 2096900
TIMELINE 35 771 241733690426100 2096900
LATENCY 2261700
TIMELINE 35 787 241733730322300 2261700
LATENCY 2150600
TIMELINE 35 803 241733785052300 2150600
LATENCY 2148100
TIMELINE 35 819 241733820012000 2148100
LATENCY 2120500
TIMELINE 35 835 241733854254300 2120500
LATENCY 2137700
TIMELINE 35 851 241733888243200 2137700
LATENCY 2205400
TIMELINE 35 867 241733924635600 2205400
LATENCY 2288200
TIMELINE 35 883 241733959623600 2288200
LATENCY 2393300
TIMELINE 35 899 241733995824800 2393300
LATENCY 2116600
TIMELINE 35 915 241734030022300 2116600
LATENCY 2121200
TIMELINE 35 931 241734083454200 2121200
LATENCY 2157800
TIMELINE 35 947 241734119363100 2157800
LATENCY 2308000
TIMELINE 35 963 241734153071000 2308000
LATENCY 2130700
TIMELINE 35 979 241734187371000 2130700
LATENCY 2188200
TIMELINE 35 995 241734222288100 2188200
LATENCY 2097400
TIMELINE 35 1011 241734256537100 2097400
LATENCY 2122700
TIMELINE 35 1027 241734290465100 2122700
LATENCY 2210300
TIMELINE 35 1043 241734325462300 2210300
LATENCY 8195700
TIMELINE 35 1059 241734360688500 8195700
LATENCY 2206500
TIMELINE 35 1075 241734402390200 2206500
LATENCY 2376300
TIMELINE 35 1091 241734438177900 2376300
LATENCY 2274700
TIMELINE 35 1107 241734474694800 2274700
LATENCY 2124600
TIMELINE 35 1123 241734509421500 2124600
LATENCY 2130700
TIMELINE 35 1139 241734544086600 2130700
LATENCY 2133100
TIMELINE 35 1155 241734580438500 2133100
LATENCY 2295500
TIMELINE 35 1171 241734616119500 2295500
LATENCY 2146500
TIMELINE 35 1187 241734651863500 2146500
LATENCY 2200300
TIMELINE 35 1203 241734691976900 2200300
LATENCY 2190500
TIMELINE 35 1219 241734726727900 2190500
LATENCY 2929000
TIMELINE 35 1235 241734766102400 2929000
LATENCY 5004400
TIMELINE 35 1251 241734812619600 5004400
LATENCY 2717800
TIMELINE 35 1267 241734862059100 2717800
LATENCY 2930700
TIMELINE 35 1283 241734910567200 2930700
LATENCY 2633400
TIMELINE 35 1299 241734954595100 2633400
LATENCY 2630600
TIMELINE 35 1315 241734999055300 2630600
LATENCY 2698300
TIMELINE 35 1331 241735048619700 2698300
LATENCY 2766200
TIMELINE 35 1347 241735092548800 2766200
LATENCY 3018700
TIMELINE 35 1363 241735139205500 3018700
LATENCY 2765400
TIMELINE 35 1379 241735185297700 2765400
LATENCY 4143600
TIMELINE 35 1395 241735229330100 4143600
LATENCY 3108100
TIMELINE 35 1411 241735281633300 3108100
LATENCY 2837100
TIMELINE 35 1427 241735329735600 2837100
LATENCY 2920500
TIMELINE 35 1443 241735374999400 2920500
LATENCY 8572200
TIMELINE 35 1459 241735421601800 8572200
LATENCY 2895500
TIMELINE 35 1475 241735474614100 2895500
LATENCY 2920300
TIMELINE 35 1491 241735521450000 2920300
LATENCY 3277400
TIMELINE 35 1507 241735573297200 3277400
LATENCY 3390200
TIMELINE 35 1523 241735627853500 3390200
LATENCY 3259500
TIMELINE 35 1539 241735677898200 3259500
LATENCY 3332800
TIMELINE 35 1555 241735727900400 3332800
LATENCY 2633700
TIMELINE 35 1571 241735775425000 2633700
LATENCY 2859300
TIMELINE 35 1587 241735822671500 2859300
LATENCY 2628600
TIMELINE 35 1603 241735874520300 2628600
LATENCY 2663600
TIMELINE 35 1619 241735916866700 2663600
LATENCY 3161000
TIMELINE 35 1635 241735965365800 3161000
LATENCY 2763200
TIMELINE 35 1651 241736010798600 2763200
LATENCY 2792100
TIMELINE 35 1667 241736055854700 2792100
LATENCY 2724200
TIMELINE 35 1683 241736101708200 2724200
LATENCY 2618500
TIMELINE 35 1699 241736145836600 2618500
LATENCY 2173500
TIMELINE 35 1715 241736190352900 2173500
LATENCY 3000900
TIMELINE 35 1731 241736242677200 3000900
LATENCY 2872200
TIMELINE 35 1747 241736290113300 2872200
LATENCY 3254900
TIMELINE 35 1763 241736340660100 3254900
LATENCY 2326400
TIMELINE 35 1779 241736385819600 2326400
LATENCY 2457800
TIMELINE 35 1795 241736434636500 2457800
LATENCY 3196700
TIMELINE 35 1811 241736483446600 3196700
LATENCY 3427200
TIMELINE 35 1827 241736536261200 3427200
LATENCY 3403800
TIMELINE 35 1843 241736590559900 3403800
LATENCY 12287900
TIMELINE 35 1859 241736645204000 12287900
LATENCY 2607900
TIMELINE 35 1875 241736702967600 2607900
LATENCY 2571600
TIMELINE 35 1891 241736746567000 2571600
LATENCY 3014200
TIMELINE 35 1907 241736793088600 3014200
LATENCY 2995100
TIMELINE 35 1923 241736841583000 2995100
LATENCY 2744100
TIMELINE 35 1939 241736887486700 2744100
LATENCY 3000600
TIMELINE 35 1955 241736933422700 3000600
LATENCY 2874400
TIMELINE 35 1971 241736977127700 2874400
LATENCY 2970700
TIMELINE 35 1987 241737022737000 2970700
LATENCY 2811800
TIMELINE 35 2003 241737073861500 2811800
LATENCY 3083400
TIMELINE 35 2019 241737120429000 3083400
LATENCY 2976200
TIMELINE 35 2035 241737167170800 2976200
LATENCY 2327000
TIMELINE 36 4 241731911339400 2327000
LATENCY 2331700
TIMELINE 36 20 241731950773200 2331700
LATENCY 2302000
TIMELINE 36 36 241731987516300 2302000
LATENCY 2112900
TIMELINE 36 52 241732022452800 2112900
LATENCY 2159800
TIMELINE 36 68 241732057841400 2159800
LATENCY 2286600
TIMELINE 36 84 241732092546500 2286600
LATENCY 2290700
TIMELINE 36 100 241732127232500 2290700
LATENCY 2206700
TIMELINE 36 116 241732162733100 2206700
LATENCY 2158700
TIMELINE 36 132 241732218655800 2158700
LATENCY 2244300
TIMELINE 36 148 241732253770000 2244300
LATENCY 2151000
TIMELINE 36 164 241732290512500 2151000
LATENCY 2171000
TIMELINE 36 180 241732326968800 2171000
LATENCY 2394700
TIMELINE 36 196 241732363972100 2394700
LATENCY 2079800
TIMELINE 36 212 241732398288500 2079800
LATENCY 2170200
TIMELINE 36 228 241732432918900 2170200
LATENCY 2139000
TIMELINE 36 244 241732468215700 2139000
LATENCY 2426300
TIMELINE 36 260 241732521513200 2426300
LATENCY 2115400
TIMELINE 36 276 241732556681300 2115400
LATENCY 2278000
TIMELINE 36 292 241732590891500 2278000
LATENCY 2168500
TIMELINE 36 308 241732631793600 2168500
LATENCY 2256100
TIMELINE 36 324 241732666079200 2256100
LATENCY 2179000
TIMELINE 36 340 241732701619900 2179000
LATENCY 2278600
TIMELINE 36 356 241732737124300 2278600
LATENCY 2208800
TIMELINE 36 372 241732773062600 2208800
LATENCY 2106800
TIMELINE 36 388 241732808455000 2106800
LATENCY 2260100
TIMELINE 36 404 241732865150900 2260100
LATENCY 2147400
TIMELINE 36 420 241732900510500 2147400
LATENCY 2079500
TIMELINE 36 436 241732934293600 2079500
LATENCY 2229400
TIMELINE 36 452 241732969108300 2229400
LATENCY 2125900
TIMELINE 36 468 241733004203400 2125900
LATENCY 2107800
TIMELINE 36 484 241733038570200 2107800
LATENCY 2047100
TIMELINE 36 500 241733074158300 2047100
LATENCY 2061000
TIMELINE 36 516 241733107687800 2061000
LATENCY 2156800
TIMELINE 36 532 241733160227900 2156800
LATENCY 2113200
TIMELINE 36 548 241733195132300 2113200
LATENCY 2078600
TIMELINE 36 564 241733228965700 2078600
LATENCY 2120300
TIMELINE 36 580 241733263260800 2120300
LATENCY 2095900
TIMELINE 36 596 241733297194100 2095900
LATENCY 2155600
TIMELINE 36 612 241733331666700 2155600
LATENCY 2135900
TIMELINE 36 628 241733365727500 2135900
LATENCY 2072800
TIMELINE 36 644 241733399505400 2072800
LATENCY 2450400
TIMELINE 36 660 241733451556400 2450400
LATENCY 2162400
TIMELINE 36 676 241733485942500 2162400
LATENCY 2292300
TIMELINE 36 692 241733520619500 2292300
LATENCY 2242600
TIMELINE 36 708 241733555444700 2242600
LATENCY 2142700
TIMELINE 36 724 241733589644600 2142700
LATENCY 2126800
TIMELINE 36 740 241733623617200 2126800
LATENCY 2122900
TIMELINE 36 756 241733657257000 2122900
LATENCY 2086200
TIMELINE 36 772 241733690996100 2086200
LATENCY 2191800
TIMELINE 36 788 241733731078900 2191800
LATENCY 2132000
TIMELINE 36 804 241733785823400 2132000
LATENCY 2135700
TIMELINE 36 820 241733820718800 2135700
LATENCY 2134400
TIMELINE 36 836 241733854902100 2134400
LATENCY 2128500
TIMELINE 36 852 241733888908200 2128500
LATENCY 2206500
TIMELINE 36 868 241733925491200 2206500
LATENCY 2269200
TIMELINE 36 884 241733960482800 2269200
LATENCY 2262200
TIMELINE 36 900 241733996634300 2262200
LATENCY 2108900
TIMELINE 36 916 241734030782500 2108900
LATENCY 2135600
TIMELINE 36 932 241734084218100 2135600
LATENCY 2191800
TIMELINE 36 948 241734120134900 2191800
LATENCY 2323600
TIMELINE 36 964 241734153843300 2323600
LATENCY 2287100
TIMELINE 36 980 241734188154200 2287100
LATENCY 2191100
TIMELINE 36 996 241734223186500 2191100
LATENCY 2073000
TIMELINE 36 1012 241734257422900 2073000
LATENCY 2093400
TIMELINE 36 1028 241734291349800 2093400
LATENCY 2236000
TIMELINE 36 1044 241734326529200 2236000
LATENCY 8202800
TIMELINE 36 1060 241734361656900 8202800
LATENCY 2196600
TIMELINE 36 1076 241734403372400 2196600
LATENCY 2281200
TIMELINE 36 1092 241734439253700 2281200
LATENCY 2197100
TIMELINE 36 1108 241734475644500 2197100
LATENCY 2120800
TIMELINE 36 1124 241734510284600 2120800
LATENCY 2109400
TIMELINE 36 1140 241734544963300 2109400
LATENCY 2103100
TIMELINE 36 1156 241734581275200 2103100
LATENCY 2271000
TIMELINE 36 1172 241734616904900 2271000
LATENCY 2145600
TIMELINE 36 1188 241734652515600 2145600
LATENCY 2188500
TIMELINE 36 1204 241734692677700 2188500
LATENCY 2149100
TIMELINE 36 1220 241734727498100 2149100
LATENCY 2890000
TIMELINE 36 1236 241734766878800 2890000
LATENCY 6737100
TIMELINE 36 1252 241734813355700 6737100
LATENCY 2681900
TIMELINE 36 1268 241734862732800 2681900
LATENCY 2931600
TIMELINE 36 1284 241734911289600 2931600
LATENCY 2615500
TIMELINE 36 1300 241734955213600 2615500
LATENCY 2663800
TIMELINE 36 1316 241734999653200 2663800
LATENCY 2639600
TIMELINE 36 1332 241735049477100 2639600
LATENCY 2731500
TIMELINE 36 1348 241735093408100 2731500
LATENCY 2985500
TIMELINE 36 1364 241735140230700 2985500
LATENCY 2788500
TIMELINE 36 1380 241735186181600 2788500
LATENCY 4615800
TIMELINE 36 1396 241735230158800 4615800
LATENCY 2991700
TIMELINE 36 1412 241735282631000 2991700
LATENCY 2640400
TIMELINE 36 1428 241735330700100 2640400
LATENCY 2930900
TIMELINE 36 1444 241735375939000 2930900
LATENCY 8672800
TIMELINE 36 1460 241735422488900 8672800
LATENCY 2928900
TIMELINE 36 1476 241735475503400 2928900
LATENCY 2905200
TIMELINE 36 1492 241735522324100 2905200
LATENCY 3290300
TIMELINE 36 1508 241735574251200 3290300
LATENCY 3362900
TIMELINE 36 1524 241735628863800 3362900
LATENCY 3140600
TIMELINE 36 1540 241735678978300 3140600
LATENCY 3324900
TIMELINE 36 1556 241735729047700 3324900
LATENCY 2718200
TIMELINE 36 1572 241735776278100 2718200
LATENCY 2869000
TIMELINE 36 1588 241735823608900 2869000
LATENCY 2640600
TIMELINE 36 1604 241735875389800 2640600
LATENCY 2682100
TIMELINE 36 1620 241735917744800 2682100
LATENCY 3308700
TIMELINE 36 1636 241735966345700 3308700
LATENCY 2826700
TIMELINE 36 1652 241736011704200 2826700
LATENCY 2741000
TIMELINE 36 1668 241736057587200 2741000
LATENCY 2751000
TIMELINE 36 1684 241736103423900 2751000
LATENCY 2575100
TIMELINE 36 1700 241736147501700 2575100
LATENCY 2177000
TIMELINE 36 1716 241736191736400 2177000
LATENCY 3042100
TIMELINE 36 1732 241736244583400 3042100
LATENCY 2990200
TIMELINE 36 1748 241736291838300 2990200
LATENCY 3068800
TIMELINE 36 1764 241736342847000 3068800
LATENCY 2254600
TIMELINE 36 1780 241736387384100 2254600
LATENCY 2640800
TIMELINE 36 1796 241736436295400 2640800
LATENCY 3073800
TIMELINE 36 1812 241736485571600 3073800
LATENCY 3321200
TIMELINE 36 1828 241736538457000 3321200
LATENCY 3456800
TIMELINE 36 1844 241736592668400 3456800
LATENCY 3424600
TIMELINE 36 1860 241736656127700 3424600
LATENCY 2778200
TIMELINE 36 1876 241736704483800 2778200
LATENCY 2553200
TIMELINE 36 1892 241736748082300 2553200
LATENCY 2999200
TIMELINE 36 1908 241736794835700 2999200
LATENCY 2965900
TIMELINE 36 1924 241736843340100 2965900
LATENCY 2730800
TIMELINE 36 1940 241736889022100 2730800
LATENCY 2961100
TIMELINE 36 1956 241736935050700 2961100
LATENCY 2789800
TIMELINE 36 1972 241736978672400 2789800
LATENCY 3023900
TIMELINE 36 1988 241737024251900 3023900
LATENCY 2768800
TIMELINE 36 2004 241737075346300 2768800
LATENCY 2998100
TIMELINE 36 2020 241737121924400 2998100
LATENCY 2977800
TIMELINE 36 2036 241737168561600 2977800
LATENCY 2888600
TIMELINE 37 5 241731913731600 2888600
LATENCY 2353600
TIMELINE 37 21 241731952995400 2353600
LATENCY 2205600
TIMELINE 37 37 241731989855400 2205600
LATENCY 2273100
TIMELINE 37 53 241732024726700 2273100
LATENCY 2179500
TIMELINE 37 69 241732060377100 2179500
LATENCY 2156100
TIMELINE 37 85 241732095263400 2156100
LATENCY 2171400
TIMELINE 37 101 241732129909700 2171400
LATENCY 2298700
TIMELINE 37 117 241732165208500 2298700
LATENCY 2182800
TIMELINE 37 133 241732221081500 2182800
LATENCY 2177800
TIMELINE 37 149 241732256197600 2177800
LATENCY 2237900
TIMELINE 37 165 241732292836500 2237900
LATENCY 2401000
TIMELINE 37 181 241732329396000 2401000
LATENCY 2198000
TIMELINE 37 197 241732366579000 2198000
LATENCY 2159800
TIMELINE 37 213 241732400716100 2159800
LATENCY 2338100
TIMELINE 37 229 241732435441600 2338100
LATENCY 2109400
TIMELINE 37 245 241732470709800 2109400
LATENCY 2272800
TIMELINE 37 261 241732524514400 2272800
LATENCY 2303600
TIMELINE 37 277 241732559370900 2303600
LATENCY 2267400
TIMELINE 37 293 241732593859300 2267400
LATENCY 2103500
TIMELINE 37 309 241732635262300 2103500
LATENCY 2212100
TIMELINE 37 325 241732669458500 2212100
LATENCY 2300200
TIMELINE 37 341 241732704958400 2300200
LATENCY 2186600
TIMELINE 37 357 241732740516800 2186600
LATENCY 2159700
TIMELINE 37 373 241732776416600 2159700
LATENCY 2239600
TIMELINE 37 389 241732811699200 2239600
LATENCY 2154500
TIMELINE 37 405 241732868341300 2154500
LATENCY 2116500
TIMELINE 37 421 241732903725400 2116500
LATENCY 2159500
TIMELINE 37 437 241732937406000 2159500
LATENCY 2128600
TIMELINE 37 453 241732972521800 2128600
LATENCY 2122000
TIMELINE 37 469 241733007615300 2122000
LATENCY 2171700
TIMELINE 37 485 241733041872600 2171700
LATENCY 2091600
TIMELINE 37 501 241733078111300 2091600
LATENCY 2152000
TIMELINE 37 517 241733111641200 2152000
LATENCY 2156300
TIMELINE 37 533 241733164328600 2156300
LATENCY 2089700
TIMELINE 37 549 241733199300400 2089700
LATENCY 2110300
TIMELINE 37 565 241733233005300 2110300
LATENCY 2129200
TIMELINE 37 581 241733267426800 2129200
LATENCY 2142400
TIMELINE 37 597 241733301262600 2142400
LATENCY 2069400
TIMELINE 37 613 241733335805500 2069400
LATENCY 2088800
TIMELINE 37 629 241733369857500 2088800
LATENCY 2087400
TIMELINE 37 645 241733403574800 2087400
LATENCY 2095600
TIMELINE 37 661 241733455984000 2095600
LATENCY 2273500
TIMELINE 37 677 241733490284800 2273500
LATENCY 2278000
TIMELINE 37 693 241733524967000 2278000
LATENCY 2145200
TIMELINE 37 709 241733559705500 2145200
LATENCY 2155900
TIMELINE 37 725 241733593815400 2155900
LATENCY 2077700
TIMELINE 37 741 241733627740100 2077700
LATENCY 2103200
TIMELINE 37 757 241733661383300 2103200
LATENCY 2476700
TIMELINE 37 773 241733695128700 2476700
LATENCY 2193800
TIMELINE 37 789 241733735063300 2193800
LATENCY 2208800
TIMELINE 37 805 241733789772100 2208800
LATENCY 2108700
TIMELINE 37 821 241733824635900 2108700
LATENCY 2138000
TIMELINE 37 837 241733858794700 2138000
LATENCY 2131100
TIMELINE 37 853 241733892769300 2131100
LATENCY 2183000
TIMELINE 37 869 241733929348900 2183000
LATENCY 2290700
TIMELINE 37 885 241733964458800 2290700
LATENCY 2255800
TIMELINE 37 901 241734000781900 2255800
LATENCY 2098900
TIMELINE 37 917 241734034692000 2098900
LATENCY 2177300
TIMELINE 37 933 241734087957000 2177300
LATENCY 2074900
TIMELINE 37 949 241734123882100 2074900
LATENCY 2101400
TIMELINE 37 965 241734157748400 2101400
LATENCY 2159200
TIMELINE 37 981 241734192053500 2159200
LATENCY 2126200
TIMELINE 37 997 241734226972700 2126200
LATENCY 2109800
TIMELINE 37 1013 241734261077200 2109800
LATENCY 2110700
TIMELINE 37 1029 241734295018900 2110700
LATENCY 2172900
TIMELINE 37 1045 241734330398600 2172900
LATENCY 2203700
TIMELINE 37 1061 241734371439500 2203700
LATENCY 2218000
TIMELINE 37 1077 241734407126000 2218000
LATENCY 2282200
TIMELINE 37 1093 241734443174000 2282200
LATENCY 2109800
TIMELINE 37 1109 241734479377800 2109800
LATENCY 2295500
TIMELINE 37 1125 241734514003800 2295500
LATENCY 2105800
TIMELINE 37 1141 241734548520200 2105800
LATENCY 2093200
TIMELINE 37 1157 241734584965900 2093200
LATENCY 2275000
TIMELINE 37 1173 241734620890500 2275000
LATENCY 2130600
TIMELINE 37 1189 241734656215500 2130600
LATENCY 2207800
TIMELINE 37 1205 241734696394500 2207800
LATENCY 2201800
TIMELINE 37 1221 241734731109400 2201800
LATENCY 2794700
TIMELINE 37 1237 241734771949600 2794700
LATENCY 2720300
TIMELINE 37 1253 241734823012500 2720300
LATENCY 2660300
TIMELINE 37 1269 241734867403100 2660300
LATENCY 2919200
TIMELINE 37 1285 241734916443400 2919200
LATENCY 3263800
TIMELINE 37 1301 241734959961000 3263800
LATENCY 2711000
TIMELINE 37 1317 241735004335700 2711000
LATENCY 2709200
TIMELINE 37 1333 241735054246400 2709200
LATENCY 2822000
TIMELINE 37 1349 241735098248100 2822000
LATENCY 2904600
TIMELINE 37 1365 241735145451900 2904600
LATENCY 2749000
TIMELINE 37 1381 241735191044100 2749000
LATENCY 2730800
TIMELINE 37 1397 241735236741500 2730800
LATENCY 2966400
TIMELINE 37 1413 241735287774100 2966400
LATENCY 3037100
TIMELINE 37 1429 241735336123100 3037100
LATENCY 2987900
TIMELINE 37 1445 241735381010400 2987900
LATENCY 2845300
TIMELINE 37 1461 241735433414100 2845300
LATENCY 2920600
TIMELINE 37 1477 241735480537600 2920600
LATENCY 3019100
TIMELINE 37 1493 241735527291400 3019100
LATENCY 3258300
TIMELINE 37 1509 241735579886700 3258300
LATENCY 3324100
TIMELINE 37 1525 241735634481400 3324100
LATENCY 2957100
TIMELINE 37 1541 241735684042700 2957100
LATENCY 3230900
TIMELINE 37 1557 241735734509200 3230900
LATENCY 2600600
TIMELINE 37 1573 241735780661400 2600600
LATENCY 2857200
TIMELINE 37 1589 241735828470800 2857200
LATENCY 2643500
TIMELINE 37 1605 241735879556200 2643500
LATENCY 2620200
TIMELINE 37 1621 241735922061500 2620200
LATENCY 2771400
TIMELINE 37 1637 241735971415800 2771400
LATENCY 4417800
TIMELINE 37 1653 241736016471300 4417800
LATENCY 2867300
TIMELINE 37 1669 241736062789700 2867300
LATENCY 3071100
TIMELINE 37 1685 241736108802900 3071100
LATENCY 2640400
TIMELINE 37 1701 241736152679000 2640400
LATENCY 2202900
TIMELINE 37 1717 241736195931700 2202900
LATENCY 3056700
TIMELINE 37 1733 241736250482000 3056700
LATENCY 2942000
TIMELINE 37 1749 241736297528200 2942000
LATENCY 2928200
TIMELINE 37 1765 241736348804600 2928200
LATENCY 2558100
TIMELINE 37 1781 241736391696500 2558100
LATENCY 3239300
TIMELINE 37 1797 241736441635900 3239300
LATENCY 3143500
TIMELINE 37 1813 241736491660100 3143500
LATENCY 3230700
TIMELINE 37 1829 241736544817700 3230700
LATENCY 3456000
TIMELINE 37 1845 241736599352800 3456000
LATENCY 3370100
TIMELINE 37 1861 241736662647300 3370100
LATENCY 2905400
TIMELINE 37 1877 241736709897100 2905400
LATENCY 2680400
TIMELINE 37 1893 241736753038200 2680400
LATENCY 3004000
TIMELINE 37 1909 241736800638900 3004000
LATENCY 3018600
TIMELINE 37 1925 241736849228300 3018600
LATENCY 2792400
TIMELINE 37 1941 241736894482300 2792400
LATENCY 2928600
TIMELINE 37 1957 241736940767600 2928600
LATENCY 2732300
TIMELINE 37 1973 241736984095200 2732300
LATENCY 2893600
TIMELINE 37 1989 241737030109400 2893600
LATENCY 2945600
TIMELINE 37 2005 241737080862300 2945600
LATENCY 2974900
TIMELINE 37 2021 241737127727800 2974900
LATENCY 3051400
TIMELINE 37 2037 241737174308100 3051400
LATENCY 2911300
TIMELINE 38 6 241731916673300 2911300
LATENCY 2148700
TIMELINE 38 22 241731955604600 2148700
LATENCY 2204000
TIMELINE 38 38 241731992239800 2204000
LATENCY 2205000
TIMELINE 38 54 241732026739900 2205000
LATENCY 2152100
TIMELINE 38 70 241732062205000 2152100
LATENCY 2142400
TIMELINE 38 86 241732097049800 2142400
LATENCY 2160400
TIMELINE 38 102 241732131670900 2160400
LATENCY 2486000
TIMELINE 38 118 241732167057000 2486000
LATENCY 2260200
TIMELINE 38 134 241732222828500 2260200
LATENCY 2409700
TIMELINE 38 150 241732258004400 2409700
LATENCY 2185800
TIMELINE 38 166 241732294697100 2185800
LATENCY 2478100
TIMELINE 38 182 241732331315200 2478100
LATENCY 2173900
TIMELINE 38 198 241732368291600 2173900
LATENCY 2181000
TIMELINE 38 214 241732402372400 2181000
LATENCY 2201600
TIMELINE 38 230 241732437277700 2201600
LATENCY 2147600
TIMELINE 38 246 241732472310000 2147600
LATENCY 2254600
TIMELINE 38 262 241732526235200 2254600
LATENCY 2266700
TIMELINE 38 278 241732561188700 2266700
LATENCY 2142800
TIMELINE 38 294 241732595702100 2142800
LATENCY 2288300
TIMELINE 38 310 241732636968000 2288300
LATENCY 2463100
TIMELINE 38 326 241732671427500 2463100
LATENCY 2282300
TIMELINE 38 342 241732707037700 2282300
LATENCY 2152500
TIMELINE 38 358 241732742617800 2152500
LATENCY 2179900
TIMELINE 38 374 241732778489600 2179900
LATENCY 2647200
TIMELINE 38 390 241732813858600 2647200
LATENCY 2204000
TIMELINE 38 406 241732870263200 2204000
LATENCY 2123000
TIMELINE 38 422 241732905606600 2123000
LATENCY 2421100
TIMELINE 38 438 241732939304200 2421100
LATENCY 2172900
TIMELINE 38 454 241732974254000 2172900
LATENCY 2171500
TIMELINE 38 470 241733009265400 2171500
LATENCY 2167400
TIMELINE 38 486 241733043595600 2167400
LATENCY 2093300
TIMELINE 38 502 241733079431300 2093300
LATENCY 2161900
TIMELINE 38 518 241733112933100 2161900
LATENCY 2152200
TIMELINE 38 534 241733165671300 2152200
LATENCY 2093100
TIMELINE 38 550 241733200495900 2093100
LATENCY 2106500
TIMELINE 38 566 241733234240600 2106500
LATENCY 2140800
TIMELINE 38 582 241733268800100 2140800
LATENCY 2105800
TIMELINE 38 598 241733302635200 2105800
LATENCY 2113800
TIMELINE 38 614 241733337152800 2113800
LATENCY 2125600
TIMELINE 38 630 241733371184800 2125600
LATENCY 2103200
TIMELINE 38 646 241733404901800 2103200
LATENCY 2348000
TIMELINE 38 662 241733457232600 2348000
LATENCY 2146100
TIMELINE 38 678 241733492256500 2146100
LATENCY 2147200
TIMELINE 38 694 241733526893400 2147200
LATENCY 2189100
TIMELINE 38 710 241733561504700 2189100
LATENCY 2152000
TIMELINE 38 726 241733595671300 2152000
LATENCY 2077300
TIMELINE 38 742 241733629543100 2077300
LATENCY 2118500
TIMELINE 38 758 241733663200600 2118500
LATENCY 2342500
TIMELINE 38 774 241733697254700 2342500
LATENCY 2172900
TIMELINE 38 790 241733737017500 2172900
LATENCY 2189600
TIMELINE 38 806 241733791777400 2189600
LATENCY 2135400
TIMELINE 38 822 241733826523500 2135400
LATENCY 2154600
TIMELINE 38 838 241733860729900 2154600
LATENCY 2129900
TIMELINE 38 854 241733894702700 2129900
LATENCY 2175600
TIMELINE 38 870 241733931445300 2175600
LATENCY 2233300
TIMELINE 38 886 241733966631100 2233300
LATENCY 2155700
TIMELINE 38 902 241734003069200 2155700
LATENCY 2121600
TIMELINE 38 918 241734036852500 2121600
LATENCY 2399600
TIMELINE 38 934 241734090077400 2399600
LATENCY 2111800
TIMELINE 38 950 241734125898200 2111800
LATENCY 2095700
TIMELINE 38 966 241734159797000 2095700
LATENCY 2160500
TIMELINE 38 982 241734194095500 2160500
LATENCY 2120700
TIMELINE 38 998 241734228962700 2120700
LATENCY 2149400
TIMELINE 38 1014 241734263043300 2149400
LATENCY 2118900
TIMELINE 38 1030 241734296992900 2118900
LATENCY 2187700
TIMELINE 38 1046 241734332221000 2187700
LATENCY 2206100
TIMELINE 38 1062 241734373231600 2206100
LATENCY 2232300
TIMELINE 38 1078 241734409014400 2232300
LATENCY 2252900
TIMELINE 38 1094 241734445083700 2252900
LATENCY 2237700
TIMELINE 38 1110 241734481133000 2237700
LATENCY 2213700
TIMELINE 38 1126 241734515904000 2213700
LATENCY 2318100
TIMELINE 38 1142 241734550252200 2318100
LATENCY 2112900
TIMELINE 38 1158 241734586617800 2112900
LATENCY 2293900
TIMELINE 38 1174 241734622712700 2293900
LATENCY 2143400
TIMELINE 38 1190 241734657953900 2143400
LATENCY 2178800
TIMELINE 38 1206 241734698148700 2178800
LATENCY 2173400
TIMELINE 38 1222 241734732812000 2173400
LATENCY 2872300
TIMELINE 38 1238 241734774204300 2872300
LATENCY 2971500
TIMELINE 38 1254 241734825168000 2971500
LATENCY 2933700
TIMELINE 38 1270 241734869581900 2933700
LATENCY 2963500
TIMELINE 38 1286 241734918725100 2963500
LATENCY 2991100
TIMELINE 38 1302 241734962645100 2991100
LATENCY 2777300
TIMELINE 38 1318 241735006526200 2777300
LATENCY 2790500
TIMELINE 38 1334 241735056283900 2790500
LATENCY 2981900
TIMELINE 38 1350 241735100308200 2981900
LATENCY 2890800
TIMELINE 38 1366 241735147551600 2890800
LATENCY 2775900
TIMELINE 38 1382 241735193045800 2775900
LATENCY 2757100
TIMELINE 38 1398 241735238772500 2757100
LATENCY 2781400
TIMELINE 38 1414 241735290092600 2781400
LATENCY 2724300
TIMELINE 38 1430 241735338678000 2724300
LATENCY 2950300
TIMELINE 38 1446 241735383419800 2950300
LATENCY 2988600
TIMELINE 38 1462 241735435717500 2988600
LATENCY 2914900
TIMELINE 38 1478 241735482983300 2914900
LATENCY 2969500
TIMELINE 38 1494 241735529850100 2969500
LATENCY 3245500
TIMELINE 38 1510 241735582668100 3245500
LATENCY 3486500
TIMELINE 38 1526 241735637249100 3486500
LATENCY 3009500
TIMELINE 38 1542 241735686720000 3009500
LATENCY 3148200
TIMELINE 38 1558 241735737462500 3148200
LATENCY 2632300
TIMELINE 38 1574 241735783055800 2632300
LATENCY 2871700
TIMELINE 38 1590 241735831059600 2871700
LATENCY 2653500
TIMELINE 38 1606 241735881939600 2653500
LATENCY 2625400
TIMELINE 38 1622 241735924432400 2625400
LATENCY 2737000
TIMELINE 38 1638 241735973965500 2737000
LATENCY 2846700
TIMELINE 38 1654 241736021369300 2846700
LATENCY 2765800
TIMELINE 38 1670 241736066052100 2765800
LATENCY 2950800
TIMELINE 38 1686 241736112295400 2950800
LATENCY 2639200
TIMELINE 38 1702 241736155602900 2639200
LATENCY 3014900
TIMELINE 38 1718 241736198451200 3014900
LATENCY 2978500
TIMELINE 38 1734 241736253828100 2978500
LATENCY 2877900
TIMELINE 38 1750 241736300754200 2877900
LATENCY 3120900
TIMELINE 38 1766 241736351982100 3120900
LATENCY 3053100
TIMELINE 38 1782 241736394400700 3053100
LATENCY 3330500
TIMELINE 38 1798 241736445066900 3330500
LATENCY 3183000
TIMELINE 38 1814 241736495062400 3183000
LATENCY 3278600
TIMELINE 38 1830 241736548312500 3278600
LATENCY 3187700
TIMELINE 38 1846 241736603065600 3187700
LATENCY 3466400
TIMELINE 38 1862 241736666312200 3466400
LATENCY 2825000
TIMELINE 38 1878 241736713031700 2825000
LATENCY 3194700
TIMELINE 38 1894 241736755951800 3194700
LATENCY 2989300
TIMELINE 38 1910 241736803935100 2989300
LATENCY 2986600
TIMELINE 38 1926 241736852445900 2986600
LATENCY 2798100
TIMELINE 38 1942 241736897486000 2798100
LATENCY 2278700
TIMELINE 38 1958 241736943973600 2278700
LATENCY 2764500
TIMELINE 38 1974 241736987014300 2764500
LATENCY 2974900
TIMELINE 38 1990 241737033232500 2974900
LATENCY 2932200
TIMELINE 38 2006 241737084136600 2932200
LATENCY 2975100
TIMELINE 38 2022 241737130996100 2975100
LATENCY 3110300
TIMELINE 38 2038 241737177659200 3110300
LATENCY 2693900
TIMELINE 39 7 241731919635200 2693900
LATENCY 2203800
TIMELINE 39 23 241731957815900 2203800
LATENCY 2161000
TIMELINE 39 39 241731994477300 2161000
LATENCY 2230400
TIMELINE 39 55 241732029322400 2230400
LATENCY 2185400
TIMELINE 39 71 241732064532600 2185400
LATENCY 2139300
TIMELINE 39 87 241732099607200 2139300
LATENCY 2209800
TIMELINE 39 103 241732134289600 2209800
LATENCY 2576100
TIMELINE 39 119 241732169950400 2576100
LATENCY 2215300
TIMELINE 39 135 241732225474200 2215300
LATENCY 2588800
TIMELINE 39 151 241732261032500 2588800
LATENCY 2294300
TIMELINE 39 167 241732297392300 2294300
LATENCY 2519500
TIMELINE 39 183 241732334388500 2519500
LATENCY 2252300
TIMELINE 39 199 241732371242100 2252300
LATENCY 2129300
TIMELINE 39 215 241732405318000 2129300
LATENCY 2185600
TIMELINE 39 231 241732440302800 2185600
LATENCY 2097100
TIMELINE 39 247 241732475266500 2097100
LATENCY 2335800
TIMELINE 39 263 241732529150100 2335800
LATENCY 2182200
TIMELINE 39 279 241732564052100 2182200
LATENCY 2117000
TIMELINE 39 295 241732598318100 2117000
LATENCY 2225600
TIMELINE 39 311 241732639689700 2225600
LATENCY 2235800
TIMELINE 39 327 241732674324200 2235800
LATENCY 2332000
TIMELINE 39 343 241732709819700 2332000
LATENCY 2303700
TIMELINE 39 359 241732745141500 2303700
LATENCY 2460300
TIMELINE 39 375 241732781040600 2460300
LATENCY 21565900
TIMELINE 39 391 241732816936000 21565900
LATENCY 2221400
TIMELINE 39 407 241732873145800 2221400
LATENCY 2077500
TIMELINE 39 423 241732908356600 2077500
LATENCY 2154000
TIMELINE 39 439 241732942369900 2154000
LATENCY 2170100
TIMELINE 39 455 241732977109200 2170100
LATENCY 2153800
TIMELINE 39 471 241733012088300 2153800
LATENCY 1932100
TIMELINE 39 487 241733046651900 1932100
LATENCY 2116300
TIMELINE 39 503 241733081902700 2116300
LATENCY 2110200
TIMELINE 39 519 241733115460100 2110200
LATENCY 2072400
TIMELINE 39 535 241733168219400 2072400
LATENCY 2155700
TIMELINE 39 551 241733203078100 2155700
LATENCY 2110500
TIMELINE 39 567 241733236792400 2110500
LATENCY 2128500
TIMELINE 39 583 241733271203400 2128500
LATENCY 2159500
TIMELINE 39 599 241733305031700 2159500
LATENCY 2103200
TIMELINE 39 615 241733339556400 2103200
LATENCY 2050400
TIMELINE 39 631 241733373571500 2050400
LATENCY 2073500
TIMELINE 39 647 241733407264900 2073500
LATENCY 2175100
TIMELINE 39 663 241733459878400 2175100
LATENCY 2102200
TIMELINE 39 679 241733494869800 2102200
LATENCY 2153800
TIMELINE 39 695 241733529572800 2153800
LATENCY 2123000
TIMELINE 39 711 241733564205600 2123000
LATENCY 2125000
TIMELINE 39 727 241733598350200 2125000
LATENCY 2087300
TIMELINE 39 743 241733632059100 2087300
LATENCY 2097200
TIMELINE 39 759 241733665776700 2097200
LATENCY 3693000
TIMELINE 39 775 241733700304900 3693000
LATENCY 2125800
TIMELINE 39 791 241733739710600 2125800
LATENCY 2215600
TIMELINE 39 807 241733794437000 2215600
LATENCY 2130600
TIMELINE 39 823 241733829300900 2130600
LATENCY 2097600
TIMELINE 39 839 241733863528100 2097600
LATENCY 2574300
TIMELINE 39 855 241733897457700 2574300
LATENCY 2189700
TIMELINE 39 871 241733934138500 2189700
LATENCY 2187100
TIMELINE 39 887 241733969409200 2187100
LATENCY 2151200
TIMELINE 39 903 241734005559400 2151200
LATENCY 2052200
TIMELINE 39 919 241734039284700 2052200
LATENCY 2265200
TIMELINE 39 935 241734093072900 2265200
LATENCY 2062800
TIMELINE 39 951 241734128546900 2062800
LATENCY 2096900
TIMELINE 39 967 241734162436500 2096900
LATENCY 2163200
TIMELINE 39 983 241734196846100 2163200
LATENCY 2221000
TIMELINE 39 999 241734231681800 2221000
LATENCY 2103700
TIMELINE 39 1015 241734265765800 2103700
LATENCY 2056900
TIMELINE 39 1031 241734299701100 2056900
LATENCY 2164000
TIMELINE 39 1047 241734335121800 2164000
LATENCY 2131200
TIMELINE 39 1063 241734376203100 2131200
LATENCY 2193300
TIMELINE 39 1079 241734412135300 2193300
LATENCY 2273400
TIMELINE 39 1095 241734448203500 2273400
LATENCY 2173700
TIMELINE 39 1111 241734484461800 2173700
LATENCY 2151500
TIMELINE 39 1127 241734519253200 2151500
LATENCY 2374100
TIMELINE 39 1143 241734553823100 2374100
LATENCY 2133600
TIMELINE 39 1159 241734589776900 2133600
LATENCY 2288800
TIMELINE 39 1175 241734626087100 2288800
LATENCY 2126000
TIMELINE 39 1191 241734661171800 2126000
LATENCY 2173500
TIMELINE 39 1207 241734701375700 2173500
LATENCY 2488700
TIMELINE 39 1223 241734736122500 2488700
LATENCY 2950200
TIMELINE 39 1239 241734778471300 2950200
LATENCY 2904600
TIMELINE 39 1255 241734829585400 2904600
LATENCY 3117000
TIMELINE 39 1271 241734874050400 3117000
LATENCY 2876000
TIMELINE 39 1287 241734923281600 2876000
LATENCY 2925300
TIMELINE 39 1303 241734967114000 2925300
LATENCY 2654700
TIMELINE 39 1319 241735010577400 2654700
LATENCY 2787200
TIMELINE 39 1335 241735060416400 2787200
LATENCY 2963700
TIMELINE 39 1351 241735104761300 2963700
LATENCY 2946000
TIMELINE 39 1367 241735151928400 2946000
LATENCY 2750400
TIMELINE 39 1383 241735197189300 2750400
LATENCY 3026600
TIMELINE 39 1399 241735242530600 3026600
LATENCY 2875300
TIMELINE 39 1415 241735294570900 2875300
LATENCY 2718900
TIMELINE 39 1431 241735342791400 2718900
LATENCY 2986400
TIMELINE 39 1447 241735387998000 2986400
LATENCY 2983800
TIMELINE 39 1463 241735440314200 2983800
LATENCY 2899100
TIMELINE 39 1479 241735487400500 2899100
LATENCY 3013300
TIMELINE 39 1495 241735534421600 3013300
LATENCY 3458600
TIMELINE 39 1511 241735587745100 3458600
LATENCY 3216900
TIMELINE 39 1527 241735642565000 3216900
LATENCY 2981900
TIMELINE 39 1543 241735691577700 2981900
LATENCY 3136200
TIMELINE 39 1559 241735742235200 3136200
LATENCY 3197300
TIMELINE 39 1575 241735787048100 3197300
LATENCY 8737000
TIMELINE 39 1591 241735835420000 8737000
LATENCY 2635900
TIMELINE 39 1607 241735886340700 2635900
LATENCY 2604400
TIMELINE 39 1623 241735928845900 2604400
LATENCY 2783600
TIMELINE 39 1639 241735978446000 2783600
LATENCY 2843300
TIMELINE 39 1655 241736022320300 2843300
LATENCY 2748900
TIMELINE 39 1671 241736066937600 2748900
LATENCY 2976400
TIMELINE 39 1687 241736113234600 2976400
LATENCY 2711700
TIMELINE 39 1703 241736156345600 2711700
LATENCY 3037000
TIMELINE 39 1719 241736199385000 3037000
LATENCY 2949300
TIMELINE 39 1735 241736254797200 2949300
LATENCY 2868900
TIMELINE 39 1751 241736301706000 2868900
LATENCY 3398200
TIMELINE 39 1767 241736352912500 3398200
LATENCY 3233900
TIMELINE 39 1783 241736395225600 3233900
LATENCY 3327100
TIMELINE 39 1799 241736446098600 3327100
LATENCY 3163300
TIMELINE 39 1815 241736495999400 3163300
LATENCY 3364900
TIMELINE 39 1831 241736549359900 3364900
LATENCY 3274300
TIMELINE 39 1847 241736604044300 3274300
LATENCY 3406900
TIMELINE 39 1863 241736667414900 3406900
LATENCY 2674100
TIMELINE 39 1879 241736714034300 2674100
LATENCY 3019900
TIMELINE 39 1895 241736756989300 3019900
LATENCY 2993200
TIMELINE 39 1911 241736804809000 2993200
LATENCY 2926400
TIMELINE 39 1927 241736853334900 2926400
LATENCY 2828600
TIMELINE 39 1943 241736898293000 2828600
LATENCY 2289700
TIMELINE 39 1959 241736944649600 2289700
LATENCY 2710900
TIMELINE 39 1975 241736988153800 2710900
LATENCY 2957200
TIMELINE 39 1991 241737034457000 2957200
LATENCY 2933200
TIMELINE 39 2007 241737085315500 2933200
LATENCY 2813600
TIMELINE 39 2023 241737132249000 2813600
LATENCY 3017700
TIMELINE 39 2039 241737178942400 3017700
LATENCY 2398600
TIMELINE 40 8 241731922298500 2398600
LATENCY 2449500
TIMELINE 40 24 241731959874900 2449500
LATENCY 2172000
TIMELINE 40 40 241731996488800 2172000
LATENCY 2222600
TIMELINE 40 56 241732031270900 2222600
LATENCY 2181100
TIMELINE 40 72 241732066596600 2181100
LATENCY 2090700
TIMELINE 40 88 241732101434500 2090700
LATENCY 2177200
TIMELINE 40 104 241732136163700 2177200
LATENCY 2329700
TIMELINE 40 120 241732172313100 2329700
LATENCY 2196600
TIMELINE 40 136 241732227476100 2196600
LATENCY 2252600
TIMELINE 40 152 241732263353200 2252600
LATENCY 2275200
TIMELINE 40 168 241732299375500 2275200
LATENCY 2242400
TIMELINE 40 184 241732336470600 2242400
LATENCY 2142700
TIMELINE 40 200 241732372918100 2142700
LATENCY 2093000
TIMELINE 40 216 241732406973300 2093000
LATENCY 2222800
TIMELINE 40 232 241732441901400 2222800
LATENCY 2087700
TIMELINE 40 248 241732476836000 2087700
LATENCY 2213400
TIMELINE 40 264 241732530962700 2213400
LATENCY 2190900
TIMELINE 40 280 241732565688900 2190900
LATENCY 2172900
TIMELINE 40 296 241732599959500 2172900
LATENCY 2105200
TIMELINE 40 312 241732640999100 2105200
LATENCY 2178400
TIMELINE 40 328 241732675672100 2178400
LATENCY 2158000
TIMELINE 40 344 241732711140100 2158000
LATENCY 2294300
TIMELINE 40 360 241732746359500 2294300
LATENCY 2237100
TIMELINE 40 376 241732782460800 2237100
LATENCY 21952700
TIMELINE 40 392 241732818184700 21952700
LATENCY 2290600
TIMELINE 40 408 241732874340400 2290600
LATENCY 2064700
TIMELINE 40 424 241732909547500 2064700
LATENCY 2100100
TIMELINE 40 440 241732943603200 2100100
LATENCY 2177800
TIMELINE 40 456 241732978380600 2177800
LATENCY 2173200
TIMELINE 40 472 241733013328000 2173200
LATENCY 2225000
TIMELINE 40 488 241733047540300 2225000
LATENCY 2058500
TIMELINE 40 504 241733082869000 2058500
LATENCY 2083300
TIMELINE 40 520 241733116381900 2083300
LATENCY 2119800
TIMELINE 40 536 241733169102500 2119800
LATENCY 2133200
TIMELINE 40 552 241733204042400 2133200
LATENCY 2101600
TIMELINE 40 568 241733237722400 2101600
LATENCY 2103600
TIMELINE 40 584 241733272223900 2103600
LATENCY 2183800
TIMELINE 40 600 241733306040400 2183800
LATENCY 2176600
TIMELINE 40 616 241733340513300 2176600
LATENCY 2113300
TIMELINE 40 632 241733374580400 2113300
LATENCY 2082100
TIMELINE 40 648 241733408297800 2082100
LATENCY 2092600
TIMELINE 40 664 241733460998700 2092600
LATENCY 2176100
TIMELINE 40 680 241733495575100 2176100
LATENCY 2153100
TIMELINE 40 696 241733530271400 2153100
LATENCY 2106600
TIMELINE 40 712 241733564908200 2106600
LATENCY 2145100
TIMELINE 40 728 241733599078200 2145100
LATENCY 2092800
TIMELINE 40 744 241733632828300 2092800
LATENCY 2096000
TIMELINE 40 760 241733666538000 2096000
LATENCY 5145800
TIMELINE 40 776 241733701527900 5145800
LATENCY 21637400
TIMELINE 40 792 241733740688900 21637400
LATENCY 2229600
TIMELINE 40 808 241733795417000 2229600
LATENCY 2175600
TIMELINE 40 824 241733830100200 2175600
LATENCY 2129500
TIMELINE 40 840 241733864322700 2129500
LATENCY 2202200
TIMELINE 40 856 241733898254500 2202200
LATENCY 2180400
TIMELINE 40 872 241733934399400 2180400
LATENCY 2181300
TIMELINE 40 888 241733969624100 2181300
LATENCY 2162000
TIMELINE 40 904 241734005812400 2162000
LATENCY 2064000
TIMELINE 40 920 241734039529400 2064000
LATENCY 2247000
TIMELINE 40 936 241734093468700 2247000
LATENCY 2069900
TIMELINE 40 952 241734128900900 2069900
LATENCY 2101700
TIMELINE 40 968 241734162802600 2101700
LATENCY 2183500
TIMELINE 40 984 241734197165800 2183500
LATENCY 2211400
TIMELINE 40 1000 241734231961800 2211400
LATENCY 2110100
TIMELINE 40 1016 241734266047700 2110100
LATENCY 2027100
TIMELINE 40 1032 241734300035100 2027100
LATENCY 2191700
TIMELINE 40 1048 241734335447100 2191700
LATENCY 2128700
TIMELINE 40 1064 241734376665800 2128700
LATENCY 2200300
TIMELINE 40 1080 241734412718600 2200300
LATENCY 2283800
TIMELINE 40 1096 241734448838600 2283800
LATENCY 2185700
TIMELINE 40 1112 241734484760200 2185700
LATENCY 2160800
TIMELINE 40 1128 241734519519900 2160800
LATENCY 2464300
TIMELINE 40 1144 241734554068100 2464300
LATENCY 2136500
TIMELINE 40 1160 241734590069300 2136500
LATENCY 2297400
TIMELINE 40 1176 241734626338700 2297400
LATENCY 2125500
TIMELINE 40 1192 241734661432700 2125500
LATENCY 2172900
TIMELINE 40 1208 241734701671400 2172900
LATENCY 2544800
TIMELINE 40 1224 241734736420000 2544800
LATENCY 2946800
TIMELINE 40 1240 241734778944200 2946800
LATENCY 2869100
TIMELINE 40 1256 241734830403800 2869100
LATENCY 3052400
TIMELINE 40 1272 241734874968400 3052400
LATENCY 2786400
TIMELINE 40 1288 241734924126900 2786400
LATENCY 2936300
TIMELINE 40 1304 241734967966300 2936300
LATENCY 2704800
TIMELINE 40 1320 241735011333000 2704800
LATENCY 2782900
TIMELINE 40 1336 241735061185700 2782900
LATENCY 2960900
TIMELINE 40 1352 241735105603200 2960900
LATENCY 2952500
TIMELINE 40 1368 241735152776100 2952500
LATENCY 2753500
TIMELINE 40 1384 241735198036900 2753500
LATENCY 3057600
TIMELINE 40 1400 241735243477400 3057600
LATENCY 2886500
TIMELINE 40 1416 241735295193100 2886500
LATENCY 2742600
TIMELINE 40 1432 241735343377900 2742600
LATENCY 2923500
TIMELINE 40 1448 241735388671400 2923500
LATENCY 3001300
TIMELINE 40 1464 241735440950500 3001300
LATENCY 2925000
TIMELINE 40 1480 241735488007900 2925000
LATENCY 3043600
TIMELINE 40 1496 241735535051900 3043600
LATENCY 3454300
TIMELINE 40 1512 241735588399000 3454300
LATENCY 3069700
TIMELINE 40 1528 241735643188700 3069700
LATENCY 2935200
TIMELINE 40 1544 241735692126100 2935200
LATENCY 3142800
TIMELINE 40 1560 241735742799000 3142800
LATENCY 3170600
TIMELINE 40 1576 241735787608600 3170600
LATENCY 8714100
TIMELINE 40 1592 241735835905000 8714100
LATENCY 2629900
TIMELINE 40 1608 241735886678400 2629900
LATENCY 2606800
TIMELINE 40 1624 241735929172400 2606800
LATENCY 2759100
TIMELINE 40 1640 241735978789100 2759100
LATENCY 3007000
TIMELINE 40 1656 241736025371300 3007000
LATENCY 2737600
TIMELINE 40 1672 241736069875100 2737600
LATENCY 2820700
TIMELINE 40 1688 241736116387200 2820700
LATENCY 2723200
TIMELINE 40 1704 241736159234100 2723200
LATENCY 3346400
TIMELINE 40 1720 241736202747100 3346400
LATENCY 2948100
TIMELINE 40 1736 241736258017500 2948100
LATENCY 3190500
TIMELINE 40 1752 241736304841900 3190500
LATENCY 2838400
TIMELINE 40 1768 241736356550100 2838400
LATENCY 3138500
TIMELINE 40 1784 241736398763200 3138500
LATENCY 3142800
TIMELINE 40 1800 241736449717000 3142800
LATENCY 3234100
TIMELINE 40 1816 241736499510400 3234100
LATENCY 3346900
TIMELINE 40 1832 241736553039500 3346900
LATENCY 3432100
TIMELINE 40 1848 241736607660300 3432100
LATENCY 3344700
TIMELINE 40 1864 241736671138400 3344700
LATENCY 2931900
TIMELINE 40 1880 241736717007800 2931900
LATENCY 2785700
TIMELINE 40 1896 241736760324200 2785700
LATENCY 2997000
TIMELINE 40 1912 241736808141300 2997000
LATENCY 2802900
TIMELINE 40 1928 241736856605300 2802900
LATENCY 2803900
TIMELINE 40 1944 241736901409300 2803900
LATENCY 2194200
TIMELINE 40 1960 241736947214300 2194200
LATENCY 2756300
TIMELINE 40 1976 241736990230600 2756300
LATENCY 3079000
TIMELINE 40 1992 241737036717400 3079000
LATENCY 2970500
TIMELINE 40 2008 241737087476600 2970500
LATENCY 2679700
TIMELINE 40 2024 241737134371800 2679700
LATENCY 2872700
TIMELINE 40 2040 241737181164200 2872700
LATENCY 2306800
TIMELINE 41 9 241731924795800 2306800
LATENCY 2208900
TIMELINE 41 25 241731962620200 2208900
LATENCY 2206600
TIMELINE 41 41 241731998963100 2206600
LATENCY 2202800
TIMELINE 41 57 241732033736800 2202800
LATENCY 2142100
TIMELINE 41 73 241732068987600 2142100
LATENCY 2107100
TIMELINE 41 89 241732103767000 2107100
LATENCY 2151500
TIMELINE 41 105 241732138575800 2151500
LATENCY 2280300
TIMELINE 41 121 241732174825100 2280300
LATENCY 2247700
TIMELINE 41 137 241732229864400 2247700
LATENCY 2252100
TIMELINE 41 153 241732265964500 2252100
LATENCY 2211700
TIMELINE 41 169 241732302051000 2211700
LATENCY 2307400
TIMELINE 41 185 241732339083000 2307400
LATENCY 2104000
TIMELINE 41 201 241732375427300 2104000
LATENCY 2219300
TIMELINE 41 217 241732409314600 2219300
LATENCY 2159900
TIMELINE 41 233 241732444360200 2159900
LATENCY 2105200
TIMELINE 41 249 241732479147000 2105200
LATENCY 2112000
TIMELINE 41 265 241732533549200 2112000
LATENCY 2124900
TIMELINE 41 281 241732568189800 2124900
LATENCY 2198200
TIMELINE 41 297 241732602506600 2198200
LATENCY 2083900
TIMELINE 41 313 241732643946700 2083900
LATENCY 2135600
TIMELINE 41 329 241732678724000 2135600
LATENCY 2180600
TIMELINE 41 345 241732714181500 2180600
LATENCY 2235800
TIMELINE 41 361 241732749564200 2235800
LATENCY 2185600
TIMELINE 41 377 241732785627800 2185600
LATENCY 2360500
TIMELINE 41 393 241732841146500 2360500
LATENCY 2347100
TIMELINE 41 409 241732877476800 2347100
LATENCY 2069200
TIMELINE 41 425 241732912378100 2069200
LATENCY 2226900
TIMELINE 41 441 241732946507500 2226900
LATENCY 2161400
TIMELINE 41 457 241732981285000 2161400
LATENCY 2154100
TIMELINE 41 473 241733016265200 2154100
LATENCY 2282900
TIMELINE 41 489 241733050988700 2282900
LATENCY 2093300
TIMELINE 41 505 241733086054800 2093300
LATENCY 2053100
TIMELINE 41 521 241733119597800 2053100
LATENCY 2101900
TIMELINE 41 537 241733172385600 2101900
LATENCY 2204300
TIMELINE 41 553 241733207325500 2204300
LATENCY 2115200
TIMELINE 41 569 241733240957400 2115200
LATENCY 2128900
TIMELINE 41 585 241733275454900 2128900
LATENCY 2171500
TIMELINE 41 601 241733309483000 2171500
LATENCY 2153800
TIMELINE 41 617 241733343928500 2153800
LATENCY 2095000
TIMELINE 41 633 241733377767200 2095000
LATENCY 2152600
TIMELINE 41 649 241733411453400 2152600
LATENCY 2103000
TIMELINE 41 665 241733464264300 2103000
LATENCY 2161900
TIMELINE 41 681 241733499619600 2161900
LATENCY 2179400
TIMELINE 41 697 241733534312300 2179400
LATENCY 2071000
TIMELINE 41 713 241733568775100 2071000
LATENCY 2121500
TIMELINE 41 729 241733602974700 2121500
LATENCY 2084900
TIMELINE 41 745 241733636663900 2084900
LATENCY 2105600
TIMELINE 41 761 241733670408000 2105600
LATENCY 2192000
TIMELINE 41 777 241733709085700 2192000
LATENCY 2286500
TIMELINE 41 793 241733764222600 2286500
LATENCY 2249400
TIMELINE 41 809 241733799320500 2249400
LATENCY 2132500
TIMELINE 41 825 241733833854800 2132500
LATENCY 2099200
TIMELINE 41 841 241733868046100 2099200
LATENCY 2474600
TIMELINE 41 857 241733903322500 2474600
LATENCY 2149200
TIMELINE 41 873 241733938839700 2149200
LATENCY 2133500
TIMELINE 41 889 241733974046300 2133500
LATENCY 2108000
TIMELINE 41 905 241734010163100 2108000
LATENCY 2046800
TIMELINE 41 921 241734043854300 2046800
LATENCY 2053300
TIMELINE 41 937 241734097692300 2053300
LATENCY 2131300
TIMELINE 41 953 241734132876700 2131300
LATENCY 2079300
TIMELINE 41 969 241734166795100 2079300
LATENCY 2109200
TIMELINE 41 985 241734201333800 2109200
LATENCY 2125600
TIMELINE 41 1001 241734236131300 2125600
LATENCY 2096100
TIMELINE 41 1017 241734270112900 2096100
LATENCY 2082800
TIMELINE 41 1033 241734303832300 2082800
LATENCY 2157200
TIMELINE 41 1049 241734339735300 2157200
LATENCY 2180500
TIMELINE 41 1065 241734380868800 2180500
LATENCY 2338300
TIMELINE 41 1081 241734416780700 2338300
LATENCY 2369900
TIMELINE 41 1097 241734453121200 2369900
LATENCY 2192500
TIMELINE 41 1113 241734489361600 2192500
LATENCY 2219200
TIMELINE 41 1129 241734524085300 2219200
LATENCY 2359500
TIMELINE 41 1145 241734559139800 2359500
LATENCY 2268800
TIMELINE 41 1161 241734594669100 2268800
LATENCY 2111100
TIMELINE 41 1177 241734631286200 2111100
LATENCY 2247700
TIMELINE 41 1193 241734671564500 2247700
LATENCY 2126600
TIMELINE 41 1209 241734706379400 2126600
LATENCY 2186000
TIMELINE 41 1225 241734741579800 2186000
LATENCY 2770700
TIMELINE 41 1241 241734784872400 2770700
LATENCY 2742200
TIMELINE 41 1257 241734835740400 2742200
LATENCY 2997800
TIMELINE 41 1273 241734880726500 2997800
LATENCY 2573300
TIMELINE 41 1289 241734929309500 2573300
LATENCY 2938400
TIMELINE 41 1305 241734973523000 2938400
LATENCY 2621500
TIMELINE 41 1321 241735016390600 2621500
LATENCY 2694700
TIMELINE 41 1337 241735066445600 2694700
LATENCY 2925000
TIMELINE 41 1353 241735111283300 2925000
LATENCY 2968700
TIMELINE 41 1369 241735158505200 2968700
LATENCY 2720800
TIMELINE 41 1385 241735203308500 2720800
LATENCY 2937900
TIMELINE 41 1401 241735249178600 2937900
LATENCY 2992100
TIMELINE 41 1417 241735300658700 2992100
LATENCY 2743200
TIMELINE 41 1433 241735348444900 2743200
LATENCY 2730800
TIMELINE 41 1449 241735393785000 2730800
LATENCY 3031900
TIMELINE 41 1465 241735446358300 3031900
LATENCY 2998300
TIMELINE 41 1481 241735493306000 2998300
LATENCY 4159000
TIMELINE 41 1497 241735540531700 4159000
LATENCY 3450200
TIMELINE 41 1513 241735594690400 3450200
LATENCY 3194300
TIMELINE 41 1529 241735648755800 3194300
LATENCY 3142600
TIMELINE 41 1545 241735697691400 3142600
LATENCY 2789900
TIMELINE 41 1561 241735748521800 2789900
LATENCY 3092100
TIMELINE 41 1577 241735793288100 3092100
LATENCY 3047300
TIMELINE 41 1593 241735847401700 3047300
LATENCY 2633900
TIMELINE 41 1609 241735891439200 2633900
LATENCY 2625100
TIMELINE 41 1625 241735933824400 2625100
LATENCY 2704800
TIMELINE 41 1641 241735983792900 2704800
LATENCY 2655000
TIMELINE 41 1657 241736030261900 2655000
LATENCY 2734400
TIMELINE 41 1673 241736074459500 2734400
LATENCY 2824000
TIMELINE 41 1689 241736121081300 2824000
LATENCY 2719600
TIMELINE 41 1705 241736163868300 2719600
LATENCY 3080700
TIMELINE 41 1721 241736208377300 3080700
LATENCY 2985900
TIMELINE 41 1737 241736263056000 2985900
LATENCY 3210700
TIMELINE 41 1753 241736310288400 3210700
LATENCY 2886100
TIMELINE 41 1769 241736361326400 2886100
LATENCY 3054900
TIMELINE 41 1785 241736404095000 3054900
LATENCY 3129400
TIMELINE 41 1801 241736455089100 3129400
LATENCY 3239200
TIMELINE 41 1817 241736505018700 3239200
LATENCY 3404100
TIMELINE 41 1833 241736558652800 3404100
LATENCY 3425300
TIMELINE 41 1849 241736613408900 3425300
LATENCY 3338300
TIMELINE 41 1865 241736676879800 3338300
LATENCY 2908800
TIMELINE 41 1881 241736721964000 2908800
LATENCY 2995400
TIMELINE 41 1897 241736765145900 2995400
LATENCY 3292200
TIMELINE 41 1913 241736813145300 3292200
LATENCY 2802000
TIMELINE 41 1929 241736861305900 2802000
LATENCY 3021200
TIMELINE 41 1945 241736906060600 3021200
LATENCY 2691600
TIMELINE 41 1961 241736950848600 2691600
LATENCY 2782000
TIMELINE 41 1977 241736995581400 2782000
LATENCY 2785100
TIMELINE 41 1993 241737047912700 2785100
LATENCY 2942200
TIMELINE 41 2009 241737093258000 2942200
LATENCY 2952200
TIMELINE 41 2025 241737139673900 2952200
LATENCY 2798700
TIMELINE 41 2041 241737186693000 2798700
LATENCY 2259900
TIMELINE 42 10 241731926985800 2259900
LATENCY 2339900
TIMELINE 42 26 241731964919400 2339900
LATENCY 2152700
TIMELINE 42 42 241732001233600 2152700
LATENCY 2247300
TIMELINE 42 58 241732035818900 2247300
LATENCY 2165900
TIMELINE 42 74 241732071073400 2165900
LATENCY 2134600
TIMELINE 42 90 241732105763500 2134600
LATENCY 2138200
TIMELINE 42 106 241732140614400 2138200
LATENCY 2254200
TIMELINE 42 122 241732177171500 2254200
LATENCY 2187900
TIMELINE 42 138 241732232239400 2187900
LATENCY 2187100
TIMELINE 42 154 241732268185900 2187100
LATENCY 2166200
TIMELINE 42 170 241732304232700 2166200
LATENCY 2239900
TIMELINE 42 186 241732341307000 2239900
LATENCY 2124300
TIMELINE 42 202 241732377440700 2124300
LATENCY 2130600
TIMELINE 42 218 241732411565500 2130600
LATENCY 2157700
TIMELINE 42 234 241732446552400 2157700
LATENCY 2406700
TIMELINE 42 250 241732481223700 2406700
LATENCY 2104400
TIMELINE 42 266 241732535498000 2104400
LATENCY 2120200
TIMELINE 42 282 241732570206100 2120200
LATENCY 2168700
TIMELINE 42 298 241732604624000 2168700
LATENCY 2057100
TIMELINE 42 314 241732645870800 2057100
LATENCY 2144800
TIMELINE 42 330 241732680721900 2144800
LATENCY 2124300
TIMELINE 42 346 241732716113700 2124300
LATENCY 2210900
TIMELINE 42 362 241732751508700 2210900
LATENCY 2243600
TIMELINE 42 378 241732787485800 2243600
LATENCY 2434100
TIMELINE 42 394 241732843836700 2434100
LATENCY 2259400
TIMELINE 42 410 241732879858900 2259400
LATENCY 2138200
TIMELINE 42 426 241732914481000 2138200
LATENCY 2158500
TIMELINE 42 442 241732948793700 2158500
LATENCY 2139400
TIMELINE 42 458 241732983511000 2139400
LATENCY 2299400
TIMELINE 42 474 241733018480000 2299400
LATENCY 2519900
TIMELINE 42 490 241733053133100 2519900
LATENCY 2071300
TIMELINE 42 506 241733088091600 2071300
LATENCY 2069900
TIMELINE 42 522 241733121596700 2069900
LATENCY 2106200
TIMELINE 42 538 241733174431000 2106200
LATENCY 2107400
TIMELINE 42 554 241733209473800 2107400
LATENCY 2098100
TIMELINE 42 570 241733243014500 2098100
LATENCY 2125000
TIMELINE 42 586 241733277528600 2125000
LATENCY 2185300
TIMELINE 42 602 241733311508100 2185300
LATENCY 2130600
TIMELINE 42 618 241733345964900 2130600
LATENCY 2127400
TIMELINE 42 634 241733379950400 2127400
LATENCY 2119700
TIMELINE 42 650 241733413690900 2119700
LATENCY 2131000
TIMELINE 42 666 241733466282200 2131000
LATENCY 2158400
TIMELINE 42 682 241733501162700 2158400
LATENCY 2147100
TIMELINE 42 698 241733535828000 2147100
LATENCY 2079400
TIMELINE 42 714 241733570246300 2079400
LATENCY 2091700
TIMELINE 42 730 241733604375600 2091700
LATENCY 2120100
TIMELINE 42 746 241733638018700 2120100
LATENCY 2096900
TIMELINE 42 762 241733671812000 2096900
LATENCY 2220700
TIMELINE 42 778 241733710497800 2220700
LATENCY 2252700
TIMELINE 42 794 241733765582600 2252700
LATENCY 2172000
TIMELINE 42 810 241733800684500 2172000
LATENCY 2113500
TIMELINE 42 826 241733835073900 2113500
LATENCY 2116000
TIMELINE 42 842 241733869243800 2116000
LATENCY 2409700
TIMELINE 42 858 241733904377600 2409700
LATENCY 2128700
TIMELINE 42 874 241733939766500 2128700
LATENCY 2088900
TIMELINE 42 890 241733975141600 2088900
LATENCY 2102800
TIMELINE 42 906 241734011288800 2102800
LATENCY 2048300
TIMELINE 42 922 241734044964200 2048300
LATENCY 2091600
TIMELINE 42 938 241734099000000 2091600
LATENCY 2143600
TIMELINE 42 954 241734134169500 2143600
LATENCY 2258800
TIMELINE 42 970 241734168069900 2258800
LATENCY 2073800
TIMELINE 42 986 241734202640000 2073800
LATENCY 2129800
TIMELINE 42 1002 241734237437200 2129800
LATENCY 2146300
TIMELINE 42 1018 241734271394200 2146300
LATENCY 2075300
TIMELINE 42 1034 241734305182500 2075300
LATENCY 2156800
TIMELINE 42 1050 241734340935300 2156800
LATENCY 2244900
TIMELINE 42 1066 241734382015700 2244900
LATENCY 2317900
TIMELINE 42 1082 241734418058600 2317900
LATENCY 2311100
TIMELINE 42 1098 241734454372100 2311100
LATENCY 2197300
TIMELINE 42 1114 241734490158600 2197300
LATENCY 2184200
TIMELINE 42 1130 241734524893800 2184200
LATENCY 2329700
TIMELINE 42 1146 241734560017500 2329700
LATENCY 2259300
TIMELINE 42 1162 241734595487400 2259300
LATENCY 2105000
TIMELINE 42 1178 241734632037500 2105000
LATENCY 2260100
TIMELINE 42 1194 241734672269700 2260100
LATENCY 2133200
TIMELINE 42 1210 241734707011600 2133200
LATENCY 2164700
TIMELINE 42 1226 241734742291400 2164700
LATENCY 2794900
TIMELINE 42 1242 241734785732000 2794900
LATENCY 2704800
TIMELINE 42 1258 241734836617000 2704800
LATENCY 3000200
TIMELINE 42 1274 241734881610700 3000200
LATENCY 2596700
TIMELINE 42 1290 241734930048600 2596700
LATENCY 2714000
TIMELINE 42 1306 241734974580600 2714000
LATENCY 2615200
TIMELINE 42 1322 241735017205900 2615200
LATENCY 2745600
TIMELINE 42 1338 241735067260600 2745600
LATENCY 2925800
TIMELINE 42 1354 241735112150100 2925800
LATENCY 2952800
TIMELINE 42 1370 241735159432600 2952800
LATENCY 2710000
TIMELINE 42 1386 241735204122800 2710000
LATENCY 2939400
TIMELINE 42 1402 241735250051000 2939400
LATENCY 3076400
TIMELINE 42 1418 241735301691900 3076400
LATENCY 2707300
TIMELINE 42 1434 241735349384000 2707300
LATENCY 2749400
TIMELINE 42 1450 241735394676300 2749400
LATENCY 2966100
TIMELINE 42 1466 241735447453800 2966100
LATENCY 2928500
TIMELINE 42 1482 241735494419300 2928500
LATENCY 3966000
TIMELINE 42 1498 241735541850600 3966000
LATENCY 3440200
TIMELINE 42 1514 241735592540600 3440200
LATENCY 3089800
TIMELINE 42 1530 241735646907200 3089800
LATENCY 3301900
TIMELINE 42 1546 241735695610300 3301900
LATENCY 3055300
TIMELINE 42 1562 241735746549500 3055300
LATENCY 3127500
TIMELINE 42 1578 241735791360200 3127500
LATENCY 3263000
TIMELINE 42 1594 241735845209500 3263000
LATENCY 2728100
TIMELINE 42 1610 241735889633200 2728100
LATENCY 2626400
TIMELINE 42 1626 241735932117700 2626400
LATENCY 2746600
TIMELINE 42 1642 241735981988900 2746600
LATENCY 2671300
TIMELINE 42 1658 241736029512900 2671300
LATENCY 2715700
TIMELINE 42 1674 241736073756700 2715700
LATENCY 2783800
TIMELINE 42 1690 241736120375600 2783800
LATENCY 2691400
TIMELINE 42 1706 241736163130500 2691400
LATENCY 3138900
TIMELINE 42 1722 241736207470800 3138900
LATENCY 2981100
TIMELINE 42 1738 241736262219400 2981100
LATENCY 3204900
TIMELINE 42 1754 241736309537000 3204900
LATENCY 3030600
TIMELINE 42 1770 241736360563300 3030600
LATENCY 3044200
TIMELINE 42 1786 241736403245700 3044200
LATENCY 3217300
TIMELINE 42 1802 241736454065000 3217300
LATENCY 3235800
TIMELINE 42 1818 241736504016400 3235800
LATENCY 3317400
TIMELINE 42 1834 241736557711600 3317400
LATENCY 3445500
TIMELINE 42 1850 241736612414300 3445500
LATENCY 3428800
TIMELINE 42 1866 241736675812400 3428800
LATENCY 2862800
TIMELINE 42 1882 241736721080700 2862800
LATENCY 3000700
TIMELINE 42 1898 241736764263000 3000700
LATENCY 3354800
TIMELINE 42 1914 241736812263000 3354800
LATENCY 2752400
TIMELINE 42 1930 241736860440800 2752400
LATENCY 2863900
TIMELINE 42 1946 241736905264800 2863900
LATENCY 2537300
TIMELINE 42 1962 241736950243700 2537300
LATENCY 2777500
TIMELINE 42 1978 241736994829100 2777500
LATENCY 2794700
TIMELINE 42 1994 241737047172600 2794700
LATENCY 2951100
TIMELINE 42 2010 241737092367000 2951100
LATENCY 2921300
TIMELINE 42 2026 241737138747300 2921300
LATENCY 2770400
TIMELINE 42 2042 241737185821400 2770400
LATENCY 3333400
TIMELINE 43 11 241731929317500 3333400
LATENCY 2259700
TIMELINE 43 27 241731967097900 2259700
LATENCY 2174600
TIMELINE 43 43 241732003236700 2174600
LATENCY 2196700
TIMELINE 43 59 241732038337700 2196700
LATENCY 2202100
TIMELINE 43 75 241732073405300 2202100
LATENCY 2194200
TIMELINE 43 91 241732108170500 2194200
LATENCY 2169600
TIMELINE 43 107 241732143022600 2169600
LATENCY 2256300
TIMELINE 43 123 241732179495000 2256300
LATENCY 2215700
TIMELINE 43 139 241732234545300 2215700
LATENCY 2378200
TIMELINE 43 155 241732270560600 2378200
LATENCY 2231600
TIMELINE 43 171 241732306648800 2231600
LATENCY 2296400
TIMELINE 43 187 241732343818300 2296400
LATENCY 2082900
TIMELINE 43 203 241732379813400 2082900
LATENCY 2185700
TIMELINE 43 219 241732413824400 2185700
LATENCY 2152900
TIMELINE 43 235 241732448862400 2152900
LATENCY 2498600
TIMELINE 43 251 241732483831100 2498600
LATENCY 2102100
TIMELINE 43 267 241732538020300 2102100
LATENCY 2084300
TIMELINE 43 283 241732572704600 2084300
LATENCY 2118900
TIMELINE 43 299 241732607062000 2118900
LATENCY 2107900
TIMELINE 43 315 241732648131100 2107900
LATENCY 2184600
TIMELINE 43 331 241732683074400 2184600
LATENCY 2295200
TIMELINE 43 347 241732718489400 2295200
LATENCY 2402100
TIMELINE 43 363 241732753977800 2402100
LATENCY 2183400
TIMELINE 43 379 241732790008500 2183400
LATENCY 2323600
TIMELINE 43 395 241732846214200 2323600
LATENCY 2296700
TIMELINE 43 411 241732881989300 2296700
LATENCY 2092500
TIMELINE 43 427 241732916500300 2092500
LATENCY 2150000
TIMELINE 43 443 241732950746100 2150000
LATENCY 2226200
TIMELINE 43 459 241732985427000 2226200
LATENCY 2144000
TIMELINE 43 475 241733020555700 2144000
LATENCY 2380800
TIMELINE 43 491 241733055941000 2380800
LATENCY 2054600
TIMELINE 43 507 241733090384900 2054600
LATENCY 2061600
TIMELINE 43 523 241733123858300 2061600
LATENCY 2333300
TIMELINE 43 539 241733176735200 2333300
LATENCY 2079000
TIMELINE 43 555 241733211698200 2079000
LATENCY 2111800
TIMELINE 43 571 241733245239200 2111800
LATENCY 2077200
TIMELINE 43 587 241733279779100 2077200
LATENCY 2169500
TIMELINE 43 603 241733313750600 2169500
LATENCY 2148800
TIMELINE 43 619 241733348068500 2148800
LATENCY 2115400
TIMELINE 43 635 241733382050500 2115400
LATENCY 2098500
TIMELINE 43 651 241733415782000 2098500
LATENCY 2079500
TIMELINE 43 667 241733468488800 2079500
LATENCY 2113900
TIMELINE 43 683 241733503882900 2113900
LATENCY 2162600
TIMELINE 43 699 241733538460800 2162600
LATENCY 2117500
TIMELINE 43 715 241733572787700 2117500
LATENCY 2098400
TIMELINE 43 731 241733607025200 2098400
LATENCY 2119200
TIMELINE 43 747 241733640754300 2119200
LATENCY 2124200
TIMELINE 43 763 241733674503500 2124200
LATENCY 2086100
TIMELINE 43 779 241733713546900 2086100
LATENCY 2165700
TIMELINE 43 795 241733768713100 2165700
LATENCY 2181500
TIMELINE 43 811 241733803738000 2181500
LATENCY 2107300
TIMELINE 43 827 241733838138500 2107300
LATENCY 2105500
TIMELINE 43 843 241733872246300 2105500
LATENCY 2294800
TIMELINE 43 859 241733908595300 2294800
LATENCY 2100800
TIMELINE 43 875 241733943663700 2100800
LATENCY 2300100
TIMELINE 43 891 241733979050900 2300100
LATENCY 2082500
TIMELINE 43 907 241734015053800 2082500
LATENCY 2073300
TIMELINE 43 923 241734048701500 2073300
LATENCY 2378200
TIMELINE 43 939 241734102633400 2378200
LATENCY 2110400
TIMELINE 43 955 241734137909300 2110400
LATENCY 2053100
TIMELINE 43 971 241734171993000 2053100
LATENCY 2246700
TIMELINE 43 987 241734206526200 2246700
LATENCY 2130500
TIMELINE 43 1003 241734241239000 2130500
LATENCY 2085100
TIMELINE 43 1019 241734275238100 2085100
LATENCY 2197300
TIMELINE 43 1035 241734308948200 2197300
LATENCY 2187900
TIMELINE 43 1051 241734344347500 2187900
LATENCY 2171600
TIMELINE 43 1067 241734385562000 2171600
LATENCY 2176600
TIMELINE 43 1083 241734421515400 2176600
LATENCY 2184900
TIMELINE 43 1099 241734458055500 2184900
LATENCY 2139200
TIMELINE 43 1115 241734493550800 2139200
LATENCY 2141100
TIMELINE 43 1131 241734528227900 2141100
LATENCY 2258900
TIMELINE 43 1147 241734563571500 2258900
LATENCY 2265900
TIMELINE 43 1163 241734599134900 2265900
LATENCY 2199600
TIMELINE 43 1179 241734635581300 2199600
LATENCY 2136000
TIMELINE 43 1195 241734675881600 2136000
LATENCY 2079000
TIMELINE 43 1211 241734710640300 2079000
LATENCY 2137100
TIMELINE 43 1227 241734746024700 2137100
LATENCY 2911700
TIMELINE 43 1243 241734790683100 2911700
LATENCY 2738800
TIMELINE 43 1259 241734841485700 2738800
LATENCY 3033400
TIMELINE 43 1275 241734886991500 3033400
LATENCY 2549300
TIMELINE 43 1291 241734934782300 2549300
LATENCY 2600900
TIMELINE 43 1307 241734979566000 2600900
LATENCY 2606100
TIMELINE 43 1323 241735021982600 2606100
LATENCY 2754000
TIMELINE 43 1339 241735072136600 2754000
LATENCY 2882300
TIMELINE 43 1355 241735117421700 2882300
LATENCY 3003900
TIMELINE 43 1371 241735164710300 3003900
LATENCY 2831300
TIMELINE 43 1387 241735208950400 2831300
LATENCY 2900000
TIMELINE 43 1403 241735255263600 2900000
LATENCY 2975900
TIMELINE 43 1419 241735307130300 2975900
LATENCY 2673300
TIMELINE 43 1435 241735354264400 2673300
LATENCY 2862500
TIMELINE 43 1451 241735399628100 2862500
LATENCY 2916900
TIMELINE 43 1467 241735452803100 2916900
LATENCY 2934200
TIMELINE 43 1483 241735499747100 2934200
LATENCY 2904300
TIMELINE 43 1499 241735549031700 2904300
LATENCY 3612400
TIMELINE 43 1515 241735602044100 3612400
LATENCY 2821500
TIMELINE 43 1531 241735655574200 2821500
LATENCY 2898800
TIMELINE 43 1547 241735704813400 2898800
LATENCY 2966900
TIMELINE 43 1563 241735754649100 2966900
LATENCY 3053500
TIMELINE 43 1579 241735800007300 3053500
LATENCY 2984300
TIMELINE 43 1595 241735854326600 2984300
LATENCY 2614700
TIMELINE 43 1611 241735897582800 2614700
LATENCY 2757700
TIMELINE 43 1627 241735940293000 2757700
LATENCY 2707800
TIMELINE 43 1643 241735990112400 2707800
LATENCY 2741000
TIMELINE 43 1659 241736037769600 2741000
LATENCY 2993200
TIMELINE 43 1675 241736082202300 2993200
LATENCY 2594400
TIMELINE 43 1691 241736128956000 2594400
LATENCY 2865600
TIMELINE 43 1707 241736171523400 2865600
LATENCY 3015600
TIMELINE 43 1723 241736216975100 3015600
LATENCY 2898800
TIMELINE 43 1739 241736271778800 2898800
LATENCY 3302100
TIMELINE 43 1755 241736319447300 3302100
LATENCY 2490300
TIMELINE 43 1771 241736368573300 2490300
LATENCY 3236900
TIMELINE 43 1787 241736413328500 3236900
LATENCY 3185300
TIMELINE 43 1803 241736463895600 3185300
LATENCY 3287600
TIMELINE 43 1819 241736514221100 3287600
LATENCY 3310200
TIMELINE 43 1835 241736568777800 3310200
LATENCY 3439400
TIMELINE 43 1851 241736623209900 3439400
LATENCY 2541900
TIMELINE 43 1867 241736686160400 2541900
LATENCY 2548300
TIMELINE 43 1883 241736729891300 2548300
LATENCY 3049300
TIMELINE 43 1899 241736773722500 3049300
LATENCY 3036500
TIMELINE 43 1915 241736821904200 3036500
LATENCY 2854700
TIMELINE 43 1931 241736869477700 2854700
LATENCY 2918800
TIMELINE 43 1947 241736914635900 2918800
LATENCY 2977400
TIMELINE 43 1963 241736958748500 2977400
LATENCY 2723000
TIMELINE 43 1979 241737003418900 2723000
LATENCY 2774300
TIMELINE 43 1995 241737055815000 2774300
LATENCY 2833500
TIMELINE 43 2011 241737101581200 2833500
LATENCY 2970900
TIMELINE 43 2027 241737147843500 2970900
LATENCY 3435200
TIMELINE 43 2043 241737194802600 3435200
LATENCY 2359900
TIMELINE 44 12 241731932689900 2359900
LATENCY 2507900
TIMELINE 44 28 241731969393600 2507900
LATENCY 2115100
TIMELINE 44 44 241732005447800 2115100
LATENCY 2155200
TIMELINE 44 60 241732040475500 2155200
LATENCY 2166600
TIMELINE 44 76 241732075489800 2166600
LATENCY 2102600
TIMELINE 44 92 241732110160900 2102600
LATENCY 2152800
TIMELINE 44 108 241732144996900 2152800
LATENCY 2329100
TIMELINE 44 124 241732181881000 2329100
LATENCY 2181400
TIMELINE 44 140 241732236732600 2181400
LATENCY 2451100
TIMELINE 44 156 241732272806200 2451100
LATENCY 2344500
TIMELINE 44 172 241732308729500 2344500
LATENCY 2366400
TIMELINE 44 188 241732345993800 2366400
LATENCY 2089200
TIMELINE 44 204 241732381762600 2089200
LATENCY 2156800
TIMELINE 44 220 241732415917300 2156800
LATENCY 2192600
TIMELINE 44 236 241732450907800 2192600
LATENCY 2133000
TIMELINE 44 252 241732486236000 2133000
LATENCY 2071100
TIMELINE 44 268 241732539774600 2071100
LATENCY 2086700
TIMELINE 44 284 241732574464200 2086700
LATENCY 2120000
TIMELINE 44 300 241732608947100 2120000
LATENCY 2046900
TIMELINE 44 316 241732650098600 2046900
LATENCY 2125400
TIMELINE 44 332 241732685111300 2125400
LATENCY 2181300
TIMELINE 44 348 241732720823700 2181300
LATENCY 2306000
TIMELINE 44 364 241732756419200 2306000
LATENCY 2195200
TIMELINE 44 380 241732792224500 2195200
LATENCY 2197600
TIMELINE 44 396 241732848499600 2197600
LATENCY 2202800
TIMELINE 44 412 241732884503500 2202800
LATENCY 2116200
TIMELINE 44 428 241732918793100 2116200
LATENCY 2264600
TIMELINE 44 444 241732953217300 2264600
LATENCY 2275600
TIMELINE 44 460 241732987959200 2275600
LATENCY 2160200
TIMELINE 44 476 241733022950800 2160200
LATENCY 2253000
TIMELINE 44 492 241733057898100 2253000
LATENCY 2068300
TIMELINE 44 508 241733092057800 2068300
LATENCY 2073800
TIMELINE 44 524 241733125573500 2073800
LATENCY 2314700
TIMELINE 44 540 241733178640400 2314700
LATENCY 2095700
TIMELINE 44 556 241733213478800 2095700
LATENCY 2095300
TIMELINE 44 572 241733247030100 2095300
LATENCY 2132600
TIMELINE 44 588 241733281616300 2132600
LATENCY 2133900
TIMELINE 44 604 241733315723800 2133900
LATENCY 2129800
TIMELINE 44 620 241733350101100 2129800
LATENCY 2126800
TIMELINE 44 636 241733383969800 2126800
LATENCY 2091600
TIMELINE 44 652 241733417678300 2091600
LATENCY 2105300
TIMELINE 44 668 241733470296200 2105300
LATENCY 2135000
TIMELINE 44 684 241733505039700 2135000
LATENCY 2107700
TIMELINE 44 700 241733539749200 2107700
LATENCY 2089800
TIMELINE 44 716 241733574033800 2089800
LATENCY 2089600
TIMELINE 44 732 241733608300000 2089600
LATENCY 2115700
TIMELINE 44 748 241733641990900 2115700
LATENCY 2106000
TIMELINE 44 764 241733675753600 2106000
LATENCY 2095200
TIMELINE 44 780 241733714825500 2095200
LATENCY 2113700
TIMELINE 44 796 241733770099900 2113700
LATENCY 2174700
TIMELINE 44 812 241733805133400 2174700
LATENCY 2126500
TIMELINE 44 828 241733839454600 2126500
LATENCY 2119100
TIMELINE 44 844 241733873584700 2119100
LATENCY 2274300
TIMELINE 44 860 241733909216400 2274300
LATENCY 2105700
TIMELINE 44 876 241733944238100 2105700
LATENCY 2346400
TIMELINE 44 892 241733979682000 2346400
LATENCY 2087100
TIMELINE 44 908 241734015702300 2087100
LATENCY 2083800
TIMELINE 44 924 241734049347300 2083800
LATENCY 2375400
TIMELINE 44 940 241734103566300 2375400
LATENCY 2128100
TIMELINE 44 956 241734138700000 2128100
LATENCY 2043000
TIMELINE 44 972 241734172773300 2043000
LATENCY 2269300
TIMELINE 44 988 241734207215900 2269300
LATENCY 2108500
TIMELINE 44 1004 241734241908800 2108500
LATENCY 2105200
TIMELINE 44 1020 241734275894000 2105200
LATENCY 2270700
TIMELINE 44 1036 241734309700400 2270700
LATENCY 2189200
TIMELINE 44 1052 241734345498200 2189200
LATENCY 2159600
TIMELINE 44 1068 241734386842800 2159600
LATENCY 2230300
TIMELINE 44 1084 241734422805100 2230300
LATENCY 2298000
TIMELINE 44 1100 241734459273400 2298000
LATENCY 2143800
TIMELINE 44 1116 241734494803400 2143800
LATENCY 2153000
TIMELINE 44 1132 241734529470400 2153000
LATENCY 2329200
TIMELINE 44 1148 241734564883600 2329200
LATENCY 2169900
TIMELINE 44 1164 241734600413300 2169900
LATENCY 2191100
TIMELINE 44 1180 241734636652900 2191100
LATENCY 2127900
TIMELINE 44 1196 241734676900400 2127900
LATENCY 2104000
TIMELINE 44 1212 241734711621900 2104000
LATENCY 2142100
TIMELINE 44 1228 241734747108000 2142100
LATENCY 2895100
TIMELINE 44 1244 241734792158000 2895100
LATENCY 2737100
TIMELINE 44 1260 241734842768600 2737100
LATENCY 3008200
TIMELINE 44 1276 241734888362900 3008200
LATENCY 2535100
TIMELINE 44 1292 241734935973600 2535100
LATENCY 2582500
TIMELINE 44 1308 241734980779300 2582500
LATENCY 2898600
TIMELINE 44 1324 241735023192400 2898600
LATENCY 2695700
TIMELINE 44 1340 241735073472300 2695700
LATENCY 2888700
TIMELINE 44 1356 241735118712000 2888700
LATENCY 2992800
TIMELINE 44 1372 241735166060200 2992800
LATENCY 2863500
TIMELINE 44 1388 241735210154100 2863500
LATENCY 2913600
TIMELINE 44 1404 241735256554100 2913600
LATENCY 2976000
TIMELINE 44 1420 241735308444300 2976000
LATENCY 2738300
TIMELINE 44 1436 241735355351200 2738300
LATENCY 2859700
TIMELINE 44 1452 241735400878700 2859700
LATENCY 2889600
TIMELINE 44 1468 241735453927800 2889600
LATENCY 2945700
TIMELINE 44 1484 241735500880500 2945700
LATENCY 2872600
TIMELINE 44 1500 241735550172400 2872600
LATENCY 3567500
TIMELINE 44 1516 241735603431500 3567500
LATENCY 2920900
TIMELINE 44 1532 241735656701200 2920900
LATENCY 2950900
TIMELINE 44 1548 241735705933700 2950900
LATENCY 2888000
TIMELINE 44 1564 241735755800000 2888000
LATENCY 3083500
TIMELINE 44 1580 241735801073300 3083500
LATENCY 2982800
TIMELINE 44 1596 241735854776700 2982800
LATENCY 2635800
TIMELINE 44 1612 241735897963900 2635800
LATENCY 2760300
TIMELINE 44 1628 241735940703300 2760300
LATENCY 2716900
TIMELINE 44 1644 241735990554500 2716900
LATENCY 2723300
TIMELINE 44 1660 241736038401700 2723300
LATENCY 3012700
TIMELINE 44 1676 241736082975700 3012700
LATENCY 2603200
TIMELINE 44 1692 241736129547300 2603200
LATENCY 2744900
TIMELINE 44 1708 241736172151100 2744900
LATENCY 3090000
TIMELINE 44 1724 241736217630000 3090000
LATENCY 2907300
TIMELINE 44 1740 241736272421800 2907300
LATENCY 3279900
TIMELINE 44 1756 241736320147900 3279900
LATENCY 2591700
TIMELINE 44 1772 241736369108800 2591700
LATENCY 3243700
TIMELINE 44 1788 241736413993000 3243700
LATENCY 3209600
TIMELINE 44 1804 241736464612100 3209600
LATENCY 3333100
TIMELINE 44 1820 241736514883700 3333100
LATENCY 3323100
TIMELINE 44 1836 241736569386900 3323100
LATENCY 3435200
TIMELINE 44 1852 241736623812600 3435200
LATENCY 2616700
TIMELINE 44 1868 241736686588600 2616700
LATENCY 2537700
TIMELINE 44 1884 241736730346900 2537700
LATENCY 3049200
TIMELINE 44 1900 241736774270700 3049200
LATENCY 3029400
TIMELINE 44 1916 241736822554900 3029400
LATENCY 2880100
TIMELINE 44 1932 241736869995300 2880100
LATENCY 2923600
TIMELINE 44 1948 241736915116900 2923600
LATENCY 2840100
TIMELINE 44 1964 241736959536400 2840100
LATENCY 2772800
TIMELINE 44 1980 241737004049700 2772800
LATENCY 2750200
TIMELINE 44 1996 241737056502100 2750200
LATENCY 2798800
TIMELINE 44 2012 241737102338000 2798800
LATENCY 3022000
TIMELINE 44 2028 241737148611600 3022000
LATENCY 3589500
TIMELINE 44 2044 241737195565500 3589500
LATENCY 2256400
TIMELINE 45 13 241731935174900 2256400
LATENCY 2271100
TIMELINE 45 29 241731971839100 2271100
LATENCY 2143200
TIMELINE 45 45 241732007504900 2143200
LATENCY 2173200
TIMELINE 45 61 241732042410400 2173200
LATENCY 2199500
TIMELINE 45 77 241732077440700 2199500
LATENCY 2128200
TIMELINE 45 93 241732112130700 2128200
LATENCY 2128500
TIMELINE 45 109 241732147007800 2128500
LATENCY 2255000
TIMELINE 45 125 241732183801500 2255000
LATENCY 2220000
TIMELINE 45 141 241732238543100 2220000
LATENCY 2408600
TIMELINE 45 157 241732274779300 2408600
LATENCY 2194400
TIMELINE 45 173 241732310634400 2194400
LATENCY 2478600
TIMELINE 45 189 241732347791700 2478600
LATENCY 2101100
TIMELINE 45 205 241732383401700 2101100
LATENCY 2240100
TIMELINE 45 221 241732417661800 2240100
LATENCY 2149700
TIMELINE 45 237 241732452686000 2149700
LATENCY 2169200
TIMELINE 45 253 241732487946300 2169200
LATENCY 2110900
TIMELINE 45 269 241732541623400 2110900
LATENCY 2102100
TIMELINE 45 285 241732576316600 2102100
LATENCY 2144800
TIMELINE 45 301 241732610868900 2144800
LATENCY 2116000
TIMELINE 45 317 241732651929400 2116000
LATENCY 2269000
TIMELINE 45 333 241732686944700 2269000
LATENCY 2184700
TIMELINE 45 349 241732722725300 2184700
LATENCY 2339900
TIMELINE 45 365 241732758418600 2339900
LATENCY 2216000
TIMELINE 45 381 241732794144500 2216000
LATENCY 2222200
TIMELINE 45 397 241732850503500 2222200
LATENCY 2176700
TIMELINE 45 413 241732886247900 2176700
LATENCY 2107000
TIMELINE 45 429 241732920451500 2107000
LATENCY 2157000
TIMELINE 45 445 241732955045400 2157000
LATENCY 2210000
TIMELINE 45 461 241732989766300 2210000
LATENCY 2139700
TIMELINE 45 477 241733024678200 2139700
LATENCY 2227900
TIMELINE 45 493 241733060718600 2227900
LATENCY 2087700
TIMELINE 45 509 241733094658200 2087700
LATENCY 20799100
TIMELINE 45 525 241733128178500 20799100
LATENCY 2304300
TIMELINE 45 541 241733181535600 2304300
LATENCY 2099200
TIMELINE 45 557 241733216141000 2099200
LATENCY 2110900
TIMELINE 45 573 241733249705400 2110900
LATENCY 2076600
TIMELINE 45 589 241733284254600 2076600
LATENCY 2302600
TIMELINE 45 605 241733318516500 2302600
LATENCY 2116000
TIMELINE 45 621 241733352808300 2116000
LATENCY 2135900
TIMELINE 45 637 241733386580000 2135900
LATENCY 2077400
TIMELINE 45 653 241733420271200 2077400
LATENCY 2099500
TIMELINE 45 669 241733472921300 2099500
LATENCY 2111000
TIMELINE 45 685 241733508148500 2111000
LATENCY 2111500
TIMELINE 45 701 241733542822300 2111500
LATENCY 2136000
TIMELINE 45 717 241733577121100 2136000
LATENCY 2106100
TIMELINE 45 733 241733611335400 2106100
LATENCY 2083200
TIMELINE 45 749 241733645042700 2083200
LATENCY 2106800
TIMELINE 45 765 241733678790400 2106800
LATENCY 2201900
TIMELINE 45 781 241733717717200 2201900
LATENCY 2099400
TIMELINE 45 797 241733772885000 2099400
LATENCY 2122300
TIMELINE 45 813 241733808020300 2122300
LATENCY 2131100
TIMELINE 45 829 241733842274900 2131100
LATENCY 2117600
TIMELINE 45 845 241733876385100 2117600
LATENCY 2252900
TIMELINE 45 861 241733912416800 2252900
LATENCY 2178400
TIMELINE 45 877 241733947255900 2178400
LATENCY 2233800
TIMELINE 45 893 241733982959300 2233800
LATENCY 2090000
TIMELINE 45 909 241734018562600 2090000
LATENCY 21384400
TIMELINE 45 925 241734052260300 21384400
LATENCY 2375700
TIMELINE 45 941 241734107310900 2375700
LATENCY 2073300
TIMELINE 45 957 241734141924800 2073300
LATENCY 2108000
TIMELINE 45 973 241734175975900 2108000
LATENCY 2171900
TIMELINE 45 989 241734210554000 2171900
LATENCY 2191100
TIMELINE 45 1005 241734245106100 2191100
LATENCY 2144500
TIMELINE 45 1021 241734279058500 2144500
LATENCY 2634000
TIMELINE 45 1037 241734313148200 2634000
LATENCY 2088900
TIMELINE 45 1053 241734349343200 2088900
LATENCY 2378100
TIMELINE 45 1069 241734390877000 2378100
LATENCY 2140600
TIMELINE 45 1085 241734426709200 2140600
LATENCY 2204300
TIMELINE 45 1101 241734463345800 2204300
LATENCY 2194100
TIMELINE 45 1117 241734498526900 2194100
LATENCY 2120900
TIMELINE 45 1133 241734533224700 2120900
LATENCY 2280600
TIMELINE 45 1149 241734568940500 2280600
LATENCY 2269300
TIMELINE 45 1165 241734604335900 2269300
LATENCY 2299500
TIMELINE 45 1181 241734640537100 2299500
LATENCY 2134800
TIMELINE 45 1197 241734680696000 2134800
LATENCY 2193100
TIMELINE 45 1213 241734715404900 2193100
LATENCY 2676600
TIMELINE 45 1229 241734751236000 2676600
LATENCY 2922300
TIMELINE 45 1245 241734797817300 2922300
LATENCY 2950600
TIMELINE 45 1261 241734848026300 2950600
LATENCY 2892200
TIMELINE 45 1277 241734894192000 2892200
LATENCY 2785700
TIMELINE 45 1293 241734940951900 2785700
LATENCY 2570300
TIMELINE 45 1309 241734985771200 2570300
LATENCY 8594100
TIMELINE 45 1325 241735028780500 8594100
LATENCY 2718100
TIMELINE 45 1341 241735078657000 2718100
LATENCY 3046300
TIMELINE 45 1357 241735124074900 3046300
LATENCY 2721400
TIMELINE 45 1373 241735171422900 2721400
LATENCY 2698200
TIMELINE 45 1389 241735215292300 2698200
LATENCY 2971200
TIMELINE 45 1405 241735261915900 2971200
LATENCY 3241600
TIMELINE 45 1421 241735313964200 3241600
LATENCY 2679600
TIMELINE 45 1437 241735360390200 2679600
LATENCY 2926300
TIMELINE 45 1453 241735406233900 2926300
LATENCY 2933600
TIMELINE 45 1469 241735459361500 2933600
LATENCY 2919200
TIMELINE 45 1485 241735506350700 2919200
LATENCY 3157400
TIMELINE 45 1501 241735555554700 3157400
LATENCY 3518800
TIMELINE 45 1517 241735609999300 3518800
LATENCY 3156900
TIMELINE 45 1533 241735662400800 3156900
LATENCY 3294400
TIMELINE 45 1549 241735711413900 3294400
LATENCY 2687300
TIMELINE 45 1565 241735761201000 2687300
LATENCY 3055000
TIMELINE 45 1581 241735807053700 3055000
LATENCY 2858400
TIMELINE 45 1597 241735860574700 2858400
LATENCY 2686100
TIMELINE 45 1613 241735903106600 2686100
LATENCY 6766700
TIMELINE 45 1629 241735946085300 6766700
LATENCY 3000100
TIMELINE 45 1645 241735995853600 3000100
LATENCY 2681600
TIMELINE 45 1661 241736043823000 2681600
LATENCY 2976400
TIMELINE 45 1677 241736089120400 2976400
LATENCY 2680500
TIMELINE 45 1693 241736134839800 2680500
LATENCY 3057300
TIMELINE 45 1709 241736178289500 3057300
LATENCY 3084800
TIMELINE 45 1725 241736229803200 3084800
LATENCY 2765800
TIMELINE 45 1741 241736278394900 2765800
LATENCY 3322900
TIMELINE 45 1757 241736326782300 3322900
LATENCY 2794400
TIMELINE 45 1773 241736374512900 2794400
LATENCY 3370400
TIMELINE 45 1789 241736420549500 3370400
LATENCY 3163400
TIMELINE 45 1805 241736470855800 3163400
LATENCY 3307700
TIMELINE 45 1821 241736522006000 3307700
LATENCY 3430900
TIMELINE 45 1837 241736576160300 3430900
LATENCY 3442400
TIMELINE 45 1853 241736630923000 3442400
LATENCY 2590600
TIMELINE 45 1869 241736692164300 2590600
LATENCY 2568400
TIMELINE 45 1885 241736735679300 2568400
LATENCY 3007800
TIMELINE 45 1901 241736780577100 3007800
LATENCY 3038300
TIMELINE 45 1917 241736828875000 3038300
LATENCY 2691900
TIMELINE 45 1933 241736875832500 2691900
LATENCY 2857600
TIMELINE 45 1949 241736921123000 2857600
LATENCY 2758700
TIMELINE 45 1965 241736965390900 2758700
LATENCY 3007300
TIMELINE 45 1981 241737010130900 3007300
LATENCY 2732200
TIMELINE 45 1997 241737062206200 2732200
LATENCY 2719900
TIMELINE 45 2013 241737108028600 2719900
LATENCY 2907300
TIMELINE 45 2029 241737154621400 2907300
LATENCY 3681500
TIMELINE 45 2045 241737203009900 3681500
LATENCY 2256400
TIMELINE 46 14 241731937533100 2256400
LATENCY 2242000
TIMELINE 46 30 241731974479800 2242000
LATENCY 2242800
TIMELINE 46 46 241732010013200 2242800
LATENCY 2185600
TIMELINE 46 62 241732045068200 2185600
LATENCY 2224500
TIMELINE 46 78 241732080153100 2224500
LATENCY 2099200
TIMELINE 46 94 241732114790700 2099200
LATENCY 2309200
TIMELINE 46 110 241732149665100 2309200
LATENCY 21004600
TIMELINE 46 126 241732187333100 21004600
LATENCY 2083800
TIMELINE 46 142 241732242114200 2083800
LATENCY 2149500
TIMELINE 46 158 241732279095500 2149500
LATENCY 2394900
TIMELINE 46 174 241732314787800 2394900
LATENCY 2289000
TIMELINE 46 190 241732351958600 2289000
LATENCY 2146800
TIMELINE 46 206 241732387018200 2146800
LATENCY 2131200
TIMELINE 46 222 241732421440900 2131200
LATENCY 2144000
TIMELINE 46 238 241732456327300 2144000
LATENCY 2083700
TIMELINE 46 254 241732491589700 2083700
LATENCY 2213200
TIMELINE 46 270 241732545057800 2213200
LATENCY 2093200
TIMELINE 46 286 241732579674400 2093200
LATENCY 5612400
TIMELINE 46 302 241732615099400 5612400
LATENCY 2266300
TIMELINE 46 318 241732655281900 2266300
LATENCY 2233200
TIMELINE 46 334 241732690553700 2233200
LATENCY 2112500
TIMELINE 46 350 241732726003700 2112500
LATENCY 2283900
TIMELINE 46 366 241732761865200 2283900
LATENCY 2192300
TIMELINE 46 382 241732797403600 2192300
LATENCY 2095700
TIMELINE 46 398 241732853649700 2095700
LATENCY 2277100
TIMELINE 46 414 241732889362700 2277100
LATENCY 2073900
TIMELINE 46 430 241732923482200 2073900
LATENCY 2137200
TIMELINE 46 446 241732958006700 2137200
LATENCY 2196800
TIMELINE 46 462 241732992937300 2196800
LATENCY 2159100
TIMELINE 46 478 241733027766000 2159100
LATENCY 2227500
TIMELINE 46 494 241733063099100 2227500
LATENCY 2291800
TIMELINE 46 510 241733096860800 2291800
LATENCY 2219200
TIMELINE 46 526 241733149086600 2219200
LATENCY 2178400
TIMELINE 46 542 241733183902600 2178400
LATENCY 2087700
TIMELINE 46 558 241733218302200 2087700
LATENCY 2074000
TIMELINE 46 574 241733251878000 2074000
LATENCY 2216200
TIMELINE 46 590 241733286361800 2216200
LATENCY 2090900
TIMELINE 46 606 241733320792900 2090900
LATENCY 2161600
TIMELINE 46 622 241733354897400 2161600
LATENCY 2106400
TIMELINE 46 638 241733388801900 2106400
LATENCY 2096400
TIMELINE 46 654 241733422437200 2096400
LATENCY 2097200
TIMELINE 46 670 241733475225200 2097200
LATENCY 2110200
TIMELINE 46 686 241733510208000 2110200
LATENCY 2104900
TIMELINE 46 702 241733544879100 2104900
LATENCY 2098500
TIMELINE 46 718 241733579202300 2098500
LATENCY 2101700
TIMELINE 46 734 241733613358500 2101700
LATENCY 2115600
TIMELINE 46 750 241733647043100 2115600
LATENCY 2095100
TIMELINE 46 766 241733680811300 2095100
LATENCY 2180400
TIMELINE 46 782 241733720122800 2180400
LATENCY 2195200
TIMELINE 46 798 241733775316800 2195200
LATENCY 2126900
TIMELINE 46 814 241733810374500 2126900
LATENCY 2136900
TIMELINE 46 830 241733844640500 2136900
LATENCY 2098000
TIMELINE 46 846 241733878743800 2098000
LATENCY 2231800
TIMELINE 46 862 241733914883100 2231800
LATENCY 2233000
TIMELINE 46 878 241733949661100 2233000
LATENCY 2388600
TIMELINE 46 894 241733985325700 2388600
LATENCY 2104100
TIMELINE 46 910 241734020798900 2104100
LATENCY 2351300
TIMELINE 46 926 241734073750500 2351300
LATENCY 2225700
TIMELINE 46 942 241734109413900 2225700
LATENCY 2135600
TIMELINE 46 958 241734143740800 2135600
LATENCY 2127300
TIMELINE 46 974 241734177770800 2127300
LATENCY 2160200
TIMELINE 46 990 241734212588500 2160200
LATENCY 2137800
TIMELINE 46 1006 241734247143200 2137800
LATENCY 2131800
TIMELINE 46 1022 241734281089600 2131800
LATENCY 2305700
TIMELINE 46 1038 241734315724600 2305700
LATENCY 2245900
TIMELINE 46 1054 241734350961800 2245900
LATENCY 2238200
TIMELINE 46 1070 241734392630200 2238200
LATENCY 2145900
TIMELINE 46 1086 241734428293800 2145900
LATENCY 2228700
TIMELINE 46 1102 241734464948000 2228700
LATENCY 2130300
TIMELINE 46 1118 241734500064100 2130300
LATENCY 2131200
TIMELINE 46 1134 241734534701400 2131200
LATENCY 2238600
TIMELINE 46 1150 241734570477200 2238600
LATENCY 2207000
TIMELINE 46 1166 241734605875200 2207000
LATENCY 2173800
TIMELINE 46 1182 241734642118900 2173800
LATENCY 2145200
TIMELINE 46 1198 241734682131500 2145200
LATENCY 2171600
TIMELINE 46 1214 241734716909300 2171600
LATENCY 3064200
TIMELINE 46 1230 241734752626300 3064200
LATENCY 2943700
TIMELINE 46 1246 241734799447900 2943700
LATENCY 2791900
TIMELINE 46 1262 241734849696100 2791900
LATENCY 3411700
TIMELINE 46 1278 241734895835200 3411700
LATENCY 2892600
TIMELINE 46 1294 241734942417500 2892600
LATENCY 2578500
TIMELINE 46 1310 241734987148000 2578500
LATENCY 2879500
TIMELINE 46 1326 241735035944700 2879500
LATENCY 2713900
TIMELINE 46 1342 241735080169300 2713900
LATENCY 3060800
TIMELINE 46 1358 241735125968600 3060800
LATENCY 2752000
TIMELINE 46 1374 241735173136700 2752000
LATENCY 2719300
TIMELINE 46 1390 241735217070400 2719300
LATENCY 2923800
TIMELINE 46 1406 241735263949800 2923800
LATENCY 3272200
TIMELINE 46 1422 241735315941300 3272200
LATENCY 2825600
TIMELINE 46 1438 241735362055000 2825600
LATENCY 2945100
TIMELINE 46 1454 241735408066400 2945100
LATENCY 2909500
TIMELINE 46 1470 241735461300100 2909500
LATENCY 2928000
TIMELINE 46 1486 241735508269000 2928000
LATENCY 3182700
TIMELINE 46 1502 241735557528600 3182700
LATENCY 3508400
TIMELINE 46 1518 241735612039300 3508400
LATENCY 2847600
TIMELINE 46 1534 241735664226100 2847600
LATENCY 3120000
TIMELINE 46 1550 241735713371100 3120000
LATENCY 2869500
TIMELINE 46 1566 241735762672300 2869500
LATENCY 3095300
TIMELINE 46 1582 241735808802300 3095300
LATENCY 2717800
TIMELINE 46 1598 241735862557700 2717800
LATENCY 2649000
TIMELINE 46 1614 241735904932200 2649000
LATENCY 3117400
TIMELINE 46 1630 241735951832500 3117400
LATENCY 3116600
TIMELINE 46 1646 241735997904700 3116600
LATENCY 2584100
TIMELINE 46 1662 241736041449000 2584100
LATENCY 2983100
TIMELINE 46 1678 241736086337500 2983100
LATENCY 2619800
TIMELINE 46 1694 241736132450200 2619800
LATENCY 3350900
TIMELINE 46 1710 241736175165700 3350900
LATENCY 8916000
TIMELINE 46 1726 241736221078400 8916000
LATENCY 2932300
TIMELINE 46 1742 241736275666500 2932300
LATENCY 3266400
TIMELINE 46 1758 241736323793700 3266400
LATENCY 2702800
TIMELINE 46 1774 241736372074200 2702800
LATENCY 3290900
TIMELINE 46 1790 241736417577000 3290900
LATENCY 2964500
TIMELINE 46 1806 241736468147400 2964500
LATENCY 3765300
TIMELINE 46 1822 241736518577700 3765300
LATENCY 3341300
TIMELINE 46 1838 241736573128100 3341300
LATENCY 3352300
TIMELINE 46 1854 241736627658600 3352300
LATENCY 2721000
TIMELINE 46 1870 241736689505400 2721000
LATENCY 2583400
TIMELINE 46 1886 241736733198700 2583400
LATENCY 2999900
TIMELINE 46 1902 241736777701200 2999900
LATENCY 3028000
TIMELINE 46 1918 241736825969900 3028000
LATENCY 2765500
TIMELINE 46 1934 241736873196500 2765500
LATENCY 2837500
TIMELINE 46 1950 241736918447000 2837500
LATENCY 2830000
TIMELINE 46 1966 241736962414900 2830000
LATENCY 3107600
TIMELINE 46 1982 241737006891300 3107600
LATENCY 2794100
TIMELINE 46 1998 241737059289700 2794100
LATENCY 2727900
TIMELINE 46 2014 241737105175100 2727900
LATENCY 2866400
TIMELINE 46 2030 241737151553200 2866400
LATENCY 3629300
TIMELINE 46 2046 241737199109400 3629300
LATENCY 2241900
TIMELINE 47 15 241731939729400 2241900
LATENCY 2348900
TIMELINE 47 31 241731976631100 2348900
LATENCY 2170200
TIMELINE 47 47 241732012110400 2170200
LATENCY 2231600
TIMELINE 47 63 241732047351500 2231600
LATENCY 2154000
TIMELINE 47 79 241732082316400 2154000
LATENCY 2171300
TIMELINE 47 95 241732116860400 2171300
LATENCY 2199000
TIMELINE 47 111 241732151911700 2199000
LATENCY 21255900
TIMELINE 47 127 241732188704800 21255900
LATENCY 2074200
TIMELINE 47 143 241732243381200 2074200
LATENCY 2143100
TIMELINE 47 159 241732280164800 2143100
LATENCY 2375000
TIMELINE 47 175 241732315993300 2375000
LATENCY 2186300
TIMELINE 47 191 241732353263700 2186300
LATENCY 2137400
TIMELINE 47 207 241732388373700 2137400
LATENCY 2131200
TIMELINE 47 223 241732422741800 2131200
LATENCY 2181700
TIMELINE 47 239 241732457627400 2181700
LATENCY 2256700
TIMELINE 47 255 241732492852900 2256700
LATENCY 2182800
TIMELINE 47 271 241732546452600 2182800
LATENCY 2145800
TIMELINE 47 287 241732580971300 2145800
LATENCY 4895800
TIMELINE 47 303 241732618782500 4895800
LATENCY 2125200
TIMELINE 47 319 241732656742500 2125200
LATENCY 2164100
TIMELINE 47 335 241732691965700 2164100
LATENCY 2139300
TIMELINE 47 351 241732727481300 2139300
LATENCY 2196100
TIMELINE 47 367 241732763512500 2196100
LATENCY 2204700
TIMELINE 47 383 241732798993700 2204700
LATENCY 2178300
TIMELINE 47 399 241732855280900 2178300
LATENCY 2126000
TIMELINE 47 415 241732891178800 2126000
LATENCY 2102200
TIMELINE 47 431 241732925119200 2102200
LATENCY 2160700
TIMELINE 47 447 241732959632600 2160700
LATENCY 2235700
TIMELINE 47 463 241732994565500 2235700
LATENCY 2117700
TIMELINE 47 479 241733029412000 2117700
LATENCY 2234000
TIMELINE 47 495 241733064813200 2234000
LATENCY 2089200
TIMELINE 47 511 241733098690900 2089200
LATENCY 2197800
TIMELINE 47 527 241733150874600 2197800
LATENCY 2178400
TIMELINE 47 543 241733185673800 2178400
LATENCY 2089200
TIMELINE 47 559 241733219999600 2089200
LATENCY 2082200
TIMELINE 47 575 241733253570000 2082200
LATENCY 2147100
TIMELINE 47 591 241733288103300 2147100
LATENCY 2071100
TIMELINE 47 607 241733322430400 2071100
LATENCY 2111000
TIMELINE 47 623 241733356581100 2111000
LATENCY 2067800
TIMELINE 47 639 241733390601600 2067800
LATENCY 2120900
TIMELINE 47 655 241733424198700 2120900
LATENCY 2397000
TIMELINE 47 671 241733476859000 2397000
LATENCY 2126600
TIMELINE 47 687 241733511917200 2126600
LATENCY 2124400
TIMELINE 47 703 241733546668900 2124400
LATENCY 2116100
TIMELINE 47 719 241733581002800 2116100
LATENCY 2124700
TIMELINE 47 735 241733614998000 2124700
LATENCY 2111900
TIMELINE 47 751 241733648713400 2111900
LATENCY 2098000
TIMELINE 47 767 241733682454700 2098000
LATENCY 2179000
TIMELINE 47 783 241733721701600 2179000
LATENCY 2185200
TIMELINE 47 799 241733776917500 2185200
LATENCY 2166700
TIMELINE 47 815 241733811899300 2166700
LATENCY 2145700
TIMELINE 47 831 241733846195800 2145700
LATENCY 2083300
TIMELINE 47 847 241733880289900 2083300
LATENCY 2223300
TIMELINE 47 863 241733916335900 2223300
LATENCY 2522300
TIMELINE 47 879 241733951196200 2522300
LATENCY 2417700
TIMELINE 47 895 241733987081000 2417700
LATENCY 2093000
TIMELINE 47 911 241734022302500 2093000
LATENCY 2171300
TIMELINE 47 927 241734075493600 2171300
LATENCY 2236900
TIMELINE 47 943 241734110799200 2236900
LATENCY 2104100
TIMELINE 47 959 241734145083400 2104100
LATENCY 2114500
TIMELINE 47 975 241734179121800 2114500
LATENCY 2214100
TIMELINE 47 991 241734214094200 2214100
LATENCY 2133700
TIMELINE 47 1007 241734248667500 2133700
LATENCY 2116800
TIMELINE 47 1023 241734282564200 2116800
LATENCY 2385100
TIMELINE 47 1039 241734317046400 2385100
LATENCY 2199900
TIMELINE 47 1055 241734352305500 2199900
LATENCY 2234300
TIMELINE 47 1071 241734394023100 2234300
LATENCY 2157000
TIMELINE 47 1087 241734429613400 2157000
LATENCY 2194300
TIMELINE 47 1103 241734466338700 2194300
LATENCY 2106500
TIMELINE 47 1119 241734501516400 2106500
LATENCY 2123500
TIMELINE 47 1135 241734536139000 2123500
LATENCY 2248600
TIMELINE 47 1151 241734571969000 2248600
LATENCY 2199600
TIMELINE 47 1167 241734607392700 2199600
LATENCY 2164600
TIMELINE 47 1183 241734643496900 2164600
LATENCY 2135300
TIMELINE 47 1199 241734683487000 2135300
LATENCY 2193500
TIMELINE 47 1215 241734718299600 2193500
LATENCY 3135100
TIMELINE 47 1231 241734754380400 3135100
LATENCY 2941200
TIMELINE 47 1247 241734801193400 2941200
LATENCY 2769000
TIMELINE 47 1263 241734851415400 2769000
LATENCY 4422000
TIMELINE 47 1279 241734897526100 4422000
LATENCY 2730900
TIMELINE 47 1295 241734944179500 2730900
LATENCY 2528200
TIMELINE 47 1311 241734988727600 2528200
LATENCY 2770700
TIMELINE 47 1327 241735037823600 2770700
LATENCY 2764900
TIMELINE 47 1343 241735081830800 2764900
LATENCY 2997200
TIMELINE 47 1359 241735127875100 2997200
LATENCY 2740200
TIMELINE 47 1375 241735174861300 2740200
LATENCY 2702800
TIMELINE 47 1391 241735218765400 2702800
LATENCY 2905100
TIMELINE 47 1407 241735265780900 2905100
LATENCY 3258000
TIMELINE 47 1423 241735318313000 3258000
LATENCY 2709800
TIMELINE 47 1439 241735364025000 2709800
LATENCY 2952800
TIMELINE 47 1455 241735410190300 2952800
LATENCY 3001600
TIMELINE 47 1471 241735463299400 3001600
LATENCY 2906300
TIMELINE 47 1487 241735510304300 2906300
LATENCY 3618700
TIMELINE 47 1503 241735559886600 3618700
LATENCY 3438300
TIMELINE 47 1519 241735614618600 3438300
LATENCY 2760000
TIMELINE 47 1535 241735666379200 2760000
LATENCY 3364800
TIMELINE 47 1551 241735715566900 3364800
LATENCY 3176700
TIMELINE 47 1567 241735764654600 3176700
LATENCY 3178200
TIMELINE 47 1583 241735811041300 3178200
LATENCY 2612100
TIMELINE 47 1599 241735864333600 2612100
LATENCY 2616100
TIMELINE 47 1615 241735906651900 2616100
LATENCY 3015200
TIMELINE 47 1631 241735953859200 3015200
LATENCY 2882000
TIMELINE 47 1647 241735999937500 2882000
LATENCY 2845700
TIMELINE 47 1663 241736044252600 2845700
LATENCY 2980200
TIMELINE 47 1679 241736089621100 2980200
LATENCY 2619600
TIMELINE 47 1695 241736135353300 2619600
LATENCY 2991500
TIMELINE 47 1711 241736178969100 2991500
LATENCY 3087000
TIMELINE 47 1727 241736230439400 3087000
LATENCY 2625400
TIMELINE 47 1743 241736279051200 2625400
LATENCY 3308600
TIMELINE 47 1759 241736327494600 3308600
LATENCY 2867900
TIMELINE 47 1775 241736375126000 2867900
LATENCY 3350200
TIMELINE 47 1791 241736421336700 3350200
LATENCY 3129300
TIMELINE 47 1807 241736471571800 3129300
LATENCY 3262500
TIMELINE 47 1823 241736522815200 3262500
LATENCY 3451700
TIMELINE 47 1839 241736576894500 3451700
LATENCY 3468300
TIMELINE 47 1855 241736631419500 3468300
LATENCY 2516400
TIMELINE 47 1871 241736692621200 2516400
LATENCY 2569400
TIMELINE 47 1887 241736736102100 2569400
LATENCY 3039400
TIMELINE 47 1903 241736781090000 3039400
LATENCY 3044500
TIMELINE 47 1919 241736829438300 3044500
LATENCY 2726800
TIMELINE 47 1935 241736876349500 2726800
LATENCY 2849300
TIMELINE 47 1951 241736921703800 2849300
LATENCY 2774800
TIMELINE 47 1967 241736965730700 2774800
LATENCY 3010700
TIMELINE 47 1983 241737010581600 3010700
LATENCY 2737700
TIMELINE 47 1999 241737062585100 2737700
LATENCY 2721600
TIMELINE 47 2015 241737108409900 2721600
LATENCY 2906500
TIMELINE 47 2031 241737155025100 2906500
LATENCY 3600600
TIMELINE 47 2047 241737203532500 3600600
LATENCY 7451200
TIMELINE 48 0 241731897220200 7451200
LATENCY 2257300
TIMELINE 48 16 241731942006500 2257300
LATENCY 2288700
TIMELINE 48 32 241731978859600 2288700
LATENCY 2198000
TIMELINE 48 48 241732014198000 2198000
LATENCY 2184200
TIMELINE 48 64 241732049312600 2184200
LATENCY 2145200
TIMELINE 48 80 241732084180300 2145200
LATENCY 2275000
TIMELINE 48 96 241732118733900 2275000
LATENCY 2161100
TIMELINE 48 112 241732153818000 2161100
LATENCY 2354700
TIMELINE 48 128 241732209576700 2354700
LATENCY 2163500
TIMELINE 48 144 241732245123000 2163500
LATENCY 2149200
TIMELINE 48 160 241732282020300 2149200
LATENCY 2368000
TIMELINE 48 176 241732318043300 2368000
LATENCY 2176300
TIMELINE 48 192 241732355066500 2176300
LATENCY 2115200
TIMELINE 48 208 241732390069400 2115200
LATENCY 2168100
TIMELINE 48 224 241732424497600 2168100
LATENCY 2236700
TIMELINE 48 240 241732459438900 2236700
LATENCY 2208400
TIMELINE 48 256 241732494728200 2208400
LATENCY 2123500
TIMELINE 48 272 241732548458800 2123500
LATENCY 2095100
TIMELINE 48 288 241732582985200 2095100
LATENCY 2814100
TIMELINE 48 304 241732623278800 2814100
LATENCY 2082800
TIMELINE 48 320 241732658759900 2082800
LATENCY 2183100
TIMELINE 48 336 241732693993900 2183100
LATENCY 2134400
TIMELINE 48 352 241732729655000 2134400
LATENCY 2176700
TIMELINE 48 368 241732765771900 2176700
LATENCY 2165400
TIMELINE 48 384 241732801263900 2165400
LATENCY 2304500
TIMELINE 48 400 241732857584700 2304500
LATENCY 2141500
TIMELINE 48 416 241732893427600 2141500
LATENCY 2073400
TIMELINE 48 432 241732927341500 2073400
LATENCY 2216300
TIMELINE 48 448 241732961944000 2216300
LATENCY 2188100
TIMELINE 48 464 241732996920000 2188100
LATENCY 2145400
TIMELINE 48 480 241733031625900 2145400
LATENCY 2196900
TIMELINE 48 496 241733067145600 2196900
LATENCY 2078200
TIMELINE 48 512 241733100866600 2078200
LATENCY 2176900
TIMELINE 48 528 241733153162900 2176900
LATENCY 2289500
TIMELINE 48 544 241733187942500 2289500
LATENCY 2081000
TIMELINE 48 560 241733222231900 2081000
LATENCY 2461700
TIMELINE 48 576 241733255798300 2461700
LATENCY 2100900
TIMELINE 48 592 241733290521600 2100900
LATENCY 2102400
TIMELINE 48 608 241733324777700 2102400
LATENCY 2116600
TIMELINE 48 624 241733358992600 2116600
LATENCY 2078100
TIMELINE 48 640 241733392839400 2078100
LATENCY 2077300
TIMELINE 48 656 241733426489600 2077300
LATENCY 2185400
TIMELINE 48 672 241733479567100 2185400
LATENCY 2171100
TIMELINE 48 688 241733514341600 2171100
LATENCY 2253200
TIMELINE 48 704 241733549061400 2253200
LATENCY 2094700
TIMELINE 48 720 241733583362700 2094700
LATENCY 2118400
TIMELINE 48 736 241733617500000 2118400
LATENCY 2117900
TIMELINE 48 752 241733651181700 2117900
LATENCY 2126900
TIMELINE 48 768 241733684913400 2126900
LATENCY 2232100
TIMELINE 48 784 241733724266000 2232100
LATENCY 2196800
TIMELINE 48 800 241733779519900 2196800
LATENCY 2110200
TIMELINE 48 816 241733814546800 2110200
LATENCY 2115600
TIMELINE 48 832 241733848729000 2115600
LATENCY 2126000
TIMELINE 48 848 241733882778400 2126000
LATENCY 2179200
TIMELINE 48 864 241733919146900 2179200
LATENCY 2231500
TIMELINE 48 880 241733954403800 2231500
LATENCY 2325600
TIMELINE 48 896 241733990491500 2325600
LATENCY 2101500
TIMELINE 48 912 241734025289700 2101500
LATENCY 2144100
TIMELINE 48 928 241734078590800 2144100
LATENCY 2274600
TIMELINE 48 944 241734114158000 2274600
LATENCY 2118000
TIMELINE 48 960 241734148173600 2118000
LATENCY 2106800
TIMELINE 48 976 241734182208700 2106800
LATENCY 2171400
TIMELINE 48 992 241734217256900 2171400
LATENCY 2107000
TIMELINE 48 1008 241734251661100 2107000
LATENCY 2140800
TIMELINE 48 1024 241734285551500 2140800
LATENCY 2255200
TIMELINE 48 1040 241734320432200 2255200
LATENCY 2192000
TIMELINE 48 1056 241734355427000 2192000
LATENCY 2287600
TIMELINE 48 1072 241734397319400 2287600
LATENCY 2385500
TIMELINE 48 1088 241734432932700 2385500
LATENCY 2293600
TIMELINE 48 1104 241734469523800 2293600
LATENCY 2122800
TIMELINE 48 1120 241734504586700 2122800
LATENCY 2144100
TIMELINE 48 1136 241734539233900 2144100
LATENCY 2275000
TIMELINE 48 1152 241734575282900 2275000
LATENCY 2464600
TIMELINE 48 1168 241734610640300 2464600
LATENCY 2157100
TIMELINE 48 1184 241734646790800 2157100
LATENCY 2134300
TIMELINE 48 1200 241734686703500 2134300
LATENCY 2170100
TIMELINE 48 1216 241734721647000 2170100
LATENCY 3184700
TIMELINE 48 1232 241734759363300 3184700
LATENCY 2977700
TIMELINE 48 1248 241734806041800 2977700
LATENCY 2728200
TIMELINE 48 1264 241734855946300 2728200
LATENCY 2963000
TIMELINE 48 1280 241734904282600 2963000
LATENCY 2645100
TIMELINE 48 1296 241734948930100 2645100
LATENCY 2688100
TIMELINE 48 1312 241734993296800 2688100
LATENCY 2653700
TIMELINE 48 1328 241735042583200 2653700
LATENCY 2743800
TIMELINE 48 1344 241735086638000 2743800
LATENCY 2970400
TIMELINE 48 1360 241735132770900 2970400
LATENCY 2678400
TIMELINE 48 1376 241735179459400 2678400
LATENCY 2694600
TIMELINE 48 1392 241735223262800 2694600
LATENCY 4375800
TIMELINE 48 1408 241735270612700 4375800
LATENCY 2864900
TIMELINE 48 1424 241735323391000 2864900
LATENCY 2898600
TIMELINE 48 1440 241735368531300 2898600
LATENCY 3069000
TIMELINE 48 1456 241735414921400 3069000
LATENCY 2942400
TIMELINE 48 1472 241735468102300 2942400
LATENCY 2953300
TIMELINE 48 1488 241735514909300 2953300
LATENCY 3497000
TIMELINE 48 1504 241735565744900 3497000
LATENCY 3356000
TIMELINE 48 1520 241735620158300 3356000
LATENCY 3101400
TIMELINE 48 1536 241735671078800 3101400
LATENCY 3200200
TIMELINE 48 1552 241735720976100 3200200
LATENCY 2656600
TIMELINE 48 1568 241735769643200 2656600
LATENCY 2985400
TIMELINE 48 1584 241735816256100 2985400
LATENCY 2596100
TIMELINE 48 1600 241735868588400 2596100
LATENCY 2621600
TIMELINE 48 1616 241735910938500 2621600
LATENCY 2957900
TIMELINE 48 1632 241735958712200 2957900
LATENCY 2770100
TIMELINE 48 1648 241736004546200 2770100
LATENCY 2869700
TIMELINE 48 1664 241736052029800 2869700
LATENCY 2952900
TIMELINE 48 1680 241736097756100 2952900
LATENCY 2604100
TIMELINE 48 1696 241736142412000 2604100
LATENCY 2856600
TIMELINE 48 1712 241736186782000 2856600
LATENCY 3003700
TIMELINE 48 1728 241736238678400 3003700
LATENCY 2708800
TIMELINE 48 1744 241736286386500 2708800
LATENCY 3422700
TIMELINE 48 1760 241736336228500 3422700
LATENCY 2417900
TIMELINE 48 1776 241736382734100 2417900
LATENCY 3262000
TIMELINE 48 1792 241736430299000 3262000
LATENCY 2921900
TIMELINE 48 1808 241736479509700 2921900
LATENCY 3335900
TIMELINE 48 1824 241736531684200 3335900
LATENCY 3416300
TIMELINE 48 1840 241736586013900 3416300
LATENCY 3394300
TIMELINE 48 1856 241736640573900 3394300
LATENCY 2585200
TIMELINE 48 1872 241736699415400 2585200
LATENCY 2553500
TIMELINE 48 1888 241736743013000 2553500
LATENCY 2990000
TIMELINE 48 1904 241736788956300 2990000
LATENCY 3010100
TIMELINE 48 1920 241736837421900 3010100
LATENCY 2736400
TIMELINE 48 1936 241736883685700 2736400
LATENCY 2945300
TIMELINE 48 1952 241736929288300 2945300
LATENCY 2889200
TIMELINE 48 1968 241736972948500 2889200
LATENCY 2973100
TIMELINE 48 1984 241737018497700 2973100
LATENCY 2803000
TIMELINE 48 2000 241737069930600 2803000
LATENCY 3255000
TIMELINE 48 2016 241737115672900 3255000
LATENCY 2985000
TIMELINE 48 2032 241737162809700 2985000
LATENCY 2404300
TIMELINE 49 1 241731904637000 2404300
LATENCY 2337000
TIMELINE 49 17 241731944431700 2337000
LATENCY 2268100
TIMELINE 49 33 241731981443900 2268100
LATENCY 2080900
TIMELINE 49 49 241732016690800 2080900
LATENCY 2090500
TIMELINE 49 65 241732051617800 2090500
LATENCY 2176400
TIMELINE 49 81 241732086388200 2176400
LATENCY 2167800
TIMELINE 49 97 241732121072700 2167800
LATENCY 2277700
TIMELINE 49 113 241732156043100 2277700
LATENCY 2353900
TIMELINE 49 129 241732211962100 2353900
LATENCY 2329400
TIMELINE 49 145 241732247317200 2329400
LATENCY 2174700
TIMELINE 49 161 241732284287000 2174700
LATENCY 2206300
TIMELINE 49 177 241732320513300 2206300
LATENCY 2180000
TIMELINE 49 193 241732357277900 2180000
LATENCY 2153400
TIMELINE 49 209 241732392245000 2153400
LATENCY 2174800
TIMELINE 49 225 241732426731200 2174800
LATENCY 2148300
TIMELINE 49 241 241732461710600 2148300
LATENCY 2160400
TIMELINE 49 257 241732496971000 2160400
LATENCY 2181000
TIMELINE 49 273 241732550440400 2181000
LATENCY 2063300
TIMELINE 49 289 241732584878900 2063300
LATENCY 2370000
TIMELINE 49 305 241732625929100 2370000
LATENCY 2093400
TIMELINE 49 321 241732660599700 2093400
LATENCY 2231400
TIMELINE 49 337 241732696010600 2231400
LATENCY 2262800
TIMELINE 49 353 241732731415000 2262800
LATENCY 2205900
TIMELINE 49 369 241732767545700 2205900
LATENCY 2156800
TIMELINE 49 385 241732803051500 2156800
LATENCY 2277600
TIMELINE 49 401 241732859484100 2277600
LATENCY 2172300
TIMELINE 49 417 241732895257700 2172300
LATENCY 2091800
TIMELINE 49 433 241732929109400 2091800
LATENCY 2085600
TIMELINE 49 449 241732963784300 2085600
LATENCY 2258500
TIMELINE 49 465 241732998775200 2258500
LATENCY 2099700
TIMELINE 49 481 241733033423100 2099700
LATENCY 2140600
TIMELINE 49 497 241733069569200 2140600
LATENCY 2089500
TIMELINE 49 513 241733103167800 2089500
LATENCY 2135500
TIMELINE 49 529 241733155573000 2135500
LATENCY 2177300
TIMELINE 49 545 241733190413000 2177300
LATENCY 2138200
TIMELINE 49 561 241733224481200 2138200
LATENCY 2245900
TIMELINE 49 577 241733258506800 2245900
LATENCY 2091900
TIMELINE 49 593 241733292743900 2091900
LATENCY 2127900
TIMELINE 49 609 241733326964600 2127900
LATENCY 2129600
TIMELINE 49 625 241733361193300 2129600
LATENCY 2116500
TIMELINE 49 641 241733394951400 2116500
LATENCY 2084900
TIMELINE 49 657 241733428599700 2084900
LATENCY 2173300
TIMELINE 49 673 241733481635600 2173300
LATENCY 2195400
TIMELINE 49 689 241733516200800 2195400
LATENCY 2234900
TIMELINE 49 705 241733550979300 2234900
LATENCY 2209700
TIMELINE 49 721 241733585159700 2209700
LATENCY 2137900
TIMELINE 49 737 241733619536800 2137900
LATENCY 2114700
TIMELINE 49 753 241733653212200 2114700
LATENCY 2112500
TIMELINE 49 769 241733686952700 2112500
LATENCY 2381300
TIMELINE 49 785 241733726466000 2381300
LATENCY 2173400
TIMELINE 49 801 241733781651100 2173400
LATENCY 2138500
TIMELINE 49 817 241733816598300 2138500
LATENCY 2148400
TIMELINE 49 833 241733850759400 2148400
LATENCY 2127200
TIMELINE 49 849 241733884842700 2127200
LATENCY 2208500
TIMELINE 49 865 241733921481000 2208500
LATENCY 2124100
TIMELINE 49 881 241733956461200 2124100
LATENCY 2313400
TIMELINE 49 897 241733992304800 2313400
LATENCY 2094600
TIMELINE 49 913 241734026959400 2094600
LATENCY 2087400
TIMELINE 49 929 241734080227900 2087400
LATENCY 2171900
TIMELINE 49 945 241734116468200 2171900
LATENCY 2067600
TIMELINE 49 961 241734150323200 2067600
LATENCY 2299600
TIMELINE 49 977 241734184348700 2299600
LATENCY 2185400
TIMELINE 49 993 241734219337700 2185400
LATENCY 2113400
TIMELINE 49 1009 241734253677200 2113400
LATENCY 2102800
TIMELINE 49 1025 241734287634900 2102800
LATENCY 2232100
TIMELINE 49 1041 241734322441900 2232100
LATENCY 2498900
TIMELINE 49 1057 241734357359600 2498900
LATENCY 2227700
TIMELINE 49 1073 241734399317800 2227700
LATENCY 2249500
TIMELINE 49 1089 241734435015300 2249500
LATENCY 2234500
TIMELINE 49 1105 241734471309500 2234500
LATENCY 2098500
TIMELINE 49 1121 241734506190600 2098500
LATENCY 2139100
TIMELINE 49 1137 241734540813400 2139100
LATENCY 2214100
TIMELINE 49 1153 241734577165900 2214100
LATENCY 2324900
TIMELINE 49 1169 241734612624400 2324900
LATENCY 2159000
TIMELINE 49 1185 241734648516600 2159000
LATENCY 2347100
TIMELINE 49 1201 241734688386400 2347100
LATENCY 2124900
TIMELINE 49 1217 241734723383000 2124900
LATENCY 3170300
TIMELINE 49 1233 241734761314200 3170300
LATENCY 2978100
TIMELINE 49 1249 241734807950600 2978100
LATENCY 2744500
TIMELINE 49 1265 241734857674400 2744500
LATENCY 2944800
TIMELINE 49 1281 241734905921900 2944800
LATENCY 2589600
TIMELINE 49 1297 241734950337500 2589600
LATENCY 2728500
TIMELINE 49 1313 241734994617400 2728500
LATENCY 2904100
TIMELINE 49 1329 241735044008500 2904100
LATENCY 2753600
TIMELINE 49 1345 241735088129400 2753600
LATENCY 2928500
TIMELINE 49 1361 241735134601200 2928500
LATENCY 2675900
TIMELINE 49 1377 241735181096300 2675900
LATENCY 2736800
TIMELINE 49 1393 241735224940200 2736800
LATENCY 7427500
TIMELINE 49 1409 241735272877900 7427500
LATENCY 2881500
TIMELINE 49 1425 241735325474600 2881500
LATENCY 2936300
TIMELINE 49 1441 241735370641700 2936300
LATENCY 2949900
TIMELINE 49 1457 241735417174200 2949900
LATENCY 2936200
TIMELINE 49 1473 241735470249400 2936200
LATENCY 2953100
TIMELINE 49 1489 241735517104100 2953100
LATENCY 3460500
TIMELINE 49 1505 241735568280300 3460500
LATENCY 3479400
TIMELINE 49 1521 241735622714900 3479400
LATENCY 2930800
TIMELINE 49 1537 241735673453500 2930800
LATENCY 3077300
TIMELINE 49 1553 241735723412900 3077300
LATENCY 2632600
TIMELINE 49 1569 241735771544600 2632600
LATENCY 2874600
TIMELINE 49 1585 241735818390400 2874600
LATENCY 2634500
TIMELINE 49 1601 241735870979200 2634500
LATENCY 2616100
TIMELINE 49 1617 241735913356400 2616100
LATENCY 2942600
TIMELINE 49 1633 241735961385400 2942600
LATENCY 2766200
TIMELINE 49 1649 241736007049900 2766200
LATENCY 2831800
TIMELINE 49 1665 241736054711400 2831800
LATENCY 2880900
TIMELINE 49 1681 241736100501600 2880900
LATENCY 2655500
TIMELINE 49 1697 241736144770800 2655500
LATENCY 2272200
TIMELINE 49 1713 241736189369700 2272200
LATENCY 2997200
TIMELINE 49 1729 241736241460700 2997200
LATENCY 2782000
TIMELINE 49 1745 241736288844300 2782000
LATENCY 3288200
TIMELINE 49 1761 241736339388400 3288200
LATENCY 2310600
TIMELINE 49 1777 241736384955900 2310600
LATENCY 2878100
TIMELINE 49 1793 241736433297700 2878100
LATENCY 3216900
TIMELINE 49 1809 241736482162100 3216900
LATENCY 3545500
TIMELINE 49 1825 241736534772900 3545500
LATENCY 3357200
TIMELINE 49 1841 241736589120800 3357200
LATENCY 12300200
TIMELINE 49 1857 241736643642700 12300200
LATENCY 2586600
TIMELINE 49 1873 241736701744500 2586600
LATENCY 2613900
TIMELINE 49 1889 241736745319700 2613900
LATENCY 3006300
TIMELINE 49 1905 241736791657800 3006300
LATENCY 3035400
TIMELINE 49 1921 241736840016400 3035400
LATENCY 2769200
TIMELINE 49 1937 241736886010800 2769200
LATENCY 2928900
TIMELINE 49 1953 241736931840100 2928900
LATENCY 3039800
TIMELINE 49 1969 241736975375000 3039800
LATENCY 2917700
TIMELINE 49 1985 241737021033700 2917700
LATENCY 2748100
TIMELINE 49 2001 241737072326200 2748100
LATENCY 3225700
TIMELINE 49 2017 241737118413600 3225700
LATENCY 2922800
TIMELINE 49 2033 241737165266000 2922800
LATENCY 2398800
TIMELINE 50 2 241731906972400 2398800
LATENCY 2268400
TIMELINE 50 18 241731946546400 2268400
LATENCY 2277600
TIMELINE 50 34 241731983373700 2277600
LATENCY 2212600
TIMELINE 50 50 241732018606200 2212600
LATENCY 2331800
TIMELINE 50 66 241732053893400 2331800
LATENCY 2213200
TIMELINE 50 82 241732088895800 2213200
LATENCY 2159400
TIMELINE 50 98 241732123576800 2159400
LATENCY 2369900
TIMELINE 50 114 241732158699400 2369900
LATENCY 2156000
TIMELINE 50 130 241732214848900 2156000
LATENCY 2102800
TIMELINE 50 146 241732249888200 2102800
LATENCY 2089800
TIMELINE 50 162 241732286690300 2089800
LATENCY 2206400
TIMELINE 50 178 241732323018100 2206400
LATENCY 2163900
TIMELINE 50 194 241732359820700 2163900
LATENCY 2079500
TIMELINE 50 210 241732394783700 2079500
LATENCY 2154300
TIMELINE 50 226 241732429267700 2154300
LATENCY 2548600
TIMELINE 50 242 241732464207600 2548600
LATENCY 20283600
TIMELINE 50 258 241732499505000 20283600
LATENCY 2170400
TIMELINE 50 274 241732553086900 2170400
LATENCY 2158600
TIMELINE 50 290 241732587439400 2158600
LATENCY 2276500
TIMELINE 50 306 241732628746700 2276500
LATENCY 2122100
TIMELINE 50 322 241732663149300 2122100
LATENCY 2218000
TIMELINE 50 338 241732698584600 2218000
LATENCY 2230700
TIMELINE 50 354 241732733823600 2230700
LATENCY 2211100
TIMELINE 50 370 241732769899000 2211100
LATENCY 2173800
TIMELINE 50 386 241732805325300 2173800
LATENCY 2182600
TIMELINE 50 402 241732861701600 2182600
LATENCY 2114000
TIMELINE 50 418 241732897293900 2114000
LATENCY 2105500
TIMELINE 50 434 241732931058800 2105500
LATENCY 2121000
TIMELINE 50 450 241732965750000 2121000
LATENCY 2202300
TIMELINE 50 466 241733000851200 2202300
LATENCY 2067000
TIMELINE 50 482 241733035470200 2067000
LATENCY 2086000
TIMELINE 50 498 241733071910600 2086000
LATENCY 2080100
TIMELINE 50 514 241733105463900 2080100
LATENCY 2151300
TIMELINE 50 530 241733157921500 2151300
LATENCY 2218400
TIMELINE 50 546 241733192813000 2218400
LATENCY 2051300
TIMELINE 50 562 241733226826400 2051300
LATENCY 2187000
TIMELINE 50 578 241733260970900 2187000
LATENCY 2065500
TIMELINE 50 594 241733295033200 2065500
LATENCY 2260300
TIMELINE 50 610 241733329367500 2260300
LATENCY 2097100
TIMELINE 50 626 241733363595400 2097100
LATENCY 2116700
TIMELINE 50 642 241733397354700 2116700
LATENCY 20573400
TIMELINE 50 658 241733430946200 20573400
LATENCY 2178100
TIMELINE 50 674 241733484429000 2178100
LATENCY 2194600
TIMELINE 50 690 241733519193000 2194600
LATENCY 2143000
TIMELINE 50 706 241733553971300 2143000
LATENCY 2211200
TIMELINE 50 722 241733588169400 2211200
LATENCY 2100300
TIMELINE 50 738 241733622267800 2100300
LATENCY 2120600
TIMELINE 50 754 241733655920100 2120600
LATENCY 2094100
TIMELINE 50 770 241733689637000 2094100
LATENCY 2351800
TIMELINE 50 786 241733729269800 2351800
LATENCY 2154400
TIMELINE 50 802 241733784362900 2154400
LATENCY 2136500
TIMELINE 50 818 241733819305900 2136500
LATENCY 2184900
TIMELINE 50 834 241733853444200 2184900
LATENCY 2137400
TIMELINE 50 850 241733887489800 2137400
LATENCY 2171200
TIMELINE 50 866 241733924070200 2171200
LATENCY 2245100
TIMELINE 50 882 241733959039000 2245100
LATENCY 2367100
TIMELINE 50 898 241733995227800 2367100
LATENCY 2117300
TIMELINE 50 914 241734029584400 2117300
LATENCY 2108500
TIMELINE 50 930 241734082932300 2108500
LATENCY 2174700
TIMELINE 50 946 241734118880000 2174700
LATENCY 2265100
TIMELINE 50 962 241734152570300 2265100
LATENCY 2110300
TIMELINE 50 978 241734186870100 2110300
LATENCY 2188200
TIMELINE 50 994 241734221816100 2188200
LATENCY 2103800
TIMELINE 50 1010 241734256075300 2103800
LATENCY 2125200
TIMELINE 50 1026 241734290002300 2125200
LATENCY 2200800
TIMELINE 50 1042 241734324740600 2200800
LATENCY 8134900
TIMELINE 50 1058 241734360010300 8134900
LATENCY 2210100
TIMELINE 50 1074 241734401670100 2210100
LATENCY 2347100
TIMELINE 50 1090 241734437536600 2347100
LATENCY 2280600
TIMELINE 50 1106 241734473995000 2280600
LATENCY 2149500
TIMELINE 50 1122 241734508752300 2149500
LATENCY 2133800
TIMELINE 50 1138 241734543437000 2133800
LATENCY 2170100
TIMELINE 50 1154 241734579750600 2170100
LATENCY 2304300
TIMELINE 50 1170 241734615194900 2304300
LATENCY 2184700
TIMELINE 50 1186 241734650910700 2184700
LATENCY 2227800
TIMELINE 50 1202 241734691011200 2227800
LATENCY 2249200
TIMELINE 50 1218 241734725734600 2249200
LATENCY 2849300
TIMELINE 50 1234 241734764979400 2849300
LATENCY 2824000
TIMELINE 50 1250 241734811458000 2824000
LATENCY 2710700
TIMELINE 50 1266 241734860882800 2710700
LATENCY 2902700
TIMELINE 50 1282 241734909342000 2902700
LATENCY 2618100
TIMELINE 50 1298 241734953436200 2618100
LATENCY 2628100
TIMELINE 50 1314 241734997865400 2628100
LATENCY 2722000
TIMELINE 50 1330 241735047558600 2722000
LATENCY 2755500
TIMELINE 50 1346 241735091476100 2755500
LATENCY 3061000
TIMELINE 50 1362 241735138025800 3061000
LATENCY 2775200
TIMELINE 50 1378 241735184228400 2775200
LATENCY 2569400
TIMELINE 50 1394 241735228177700 2569400
LATENCY 3014600
TIMELINE 50 1410 241735280428200 3014600
LATENCY 2920600
TIMELINE 50 1426 241735328492000 2920600
LATENCY 2936400
TIMELINE 50 1442 241735373708300 2936400
LATENCY 2950300
TIMELINE 50 1458 241735420249200 2950300
LATENCY 2937000
TIMELINE 50 1474 241735473308000 2937000
LATENCY 2888100
TIMELINE 50 1490 241735520184500 2888100
LATENCY 3233100
TIMELINE 50 1506 241735571791200 3233100
LATENCY 3394100
TIMELINE 50 1522 241735626245400 3394100
LATENCY 3287300
TIMELINE 50 1538 241735676435800 3287300
LATENCY 3266400
TIMELINE 50 1554 241735726533900 3266400
LATENCY 2609500
TIMELINE 50 1570 241735774215000 2609500
LATENCY 2855200
TIMELINE 50 1586 241735821351500 2855200
LATENCY 2654000
TIMELINE 50 1602 241735873459300 2654000
LATENCY 2670300
TIMELINE 50 1618 241735915831000 2670300
LATENCY 2959200
TIMELINE 50 1634 241735964246400 2959200
LATENCY 2786500
TIMELINE 50 1650 241736009743300 2786500
LATENCY 2742100
TIMELINE 50 1666 241736058035800 2742100
LATENCY 2807500
TIMELINE 50 1682 241736103856900 2807500
LATENCY 2585300
TIMELINE 50 1698 241736147918000 2585300
LATENCY 2140700
TIMELINE 50 1714 241736192116600 2140700
LATENCY 3080700
TIMELINE 50 1730 241736245091800 3080700
LATENCY 2889900
TIMELINE 50 1746 241736292431600 2889900
LATENCY 3091100
TIMELINE 50 1762 241736343369100 3091100
LATENCY 2221900
TIMELINE 50 1778 241736387785000 2221900
LATENCY 2790800
TIMELINE 50 1794 241736436684200 2790800
LATENCY 3080200
TIMELINE 50 1810 241736486085700 3080200
LATENCY 3324500
TIMELINE 50 1826 241736539028600 3324500
LATENCY 3476000
TIMELINE 50 1842 241736593207700 3476000
LATENCY 3406200
TIMELINE 50 1858 241736656659400 3406200
LATENCY 2865500
TIMELINE 50 1874 241736704922200 2865500
LATENCY 2561100
TIMELINE 50 1890 241736748514800 2561100
LATENCY 3007300
TIMELINE 50 1906 241736795337600 3007300
LATENCY 3006300
TIMELINE 50 1922 241736843806000 3006300
LATENCY 2808200
TIMELINE 50 1938 241736889467900 2808200
LATENCY 2925600
TIMELINE 50 1954 241736935549400 2925600
LATENCY 2754800
TIMELINE 50 1970 241736979932400 2754800
LATENCY 3021100
TIMELINE 50 1986 241737025568100 3021100
LATENCY 2859100
TIMELINE 50 2002 241737076522900 2859100
LATENCY 3011700
TIMELINE 50 2018 241737123217100 3011700
LATENCY 2989000
TIMELINE 50 2034 241737169859000 2989000
LATENCY 2375700
TIMELINE 51 3 241731909410000 2375700
LATENCY 2209300
TIMELINE 51 19 241731948974100 2209300
LATENCY 2233700
TIMELINE 51 35 241731985775400 2233700
LATENCY 2132000
TIMELINE 51 51 241732020669800 2132000
LATENCY 2223300
TIMELINE 51 67 241732056075800 2223300
LATENCY 2140300
TIMELINE 51 83 241732090897400 2140300
LATENCY 2246700
TIMELINE 51 99 241732125500900 2246700
LATENCY 2318400
TIMELINE 51 115 241732160771900 2318400
LATENCY 2221200
TIMELINE 51 131 241732216754600 2221200
LATENCY 2226000
TIMELINE 51 147 241732251694300 2226000
LATENCY 2153300
TIMELINE 51 163 241732288497600 2153300
LATENCY 2279300
TIMELINE 51 179 241732324861800 2279300
LATENCY 2506700
TIMELINE 51 195 241732361499600 2506700
LATENCY 2118000
TIMELINE 51 211 241732396401500 2118000
LATENCY 2166500
TIMELINE 51 227 241732430983500 2166500
LATENCY 2402600
TIMELINE 51 243 241732466047700 2402600
LATENCY 2583200
TIMELINE 51 259 241732519298700 2583200
LATENCY 2257400
TIMELINE 51 275 241732554883700 2257400
LATENCY 2149600
TIMELINE 51 291 241732589227900 2149600
LATENCY 2190800
TIMELINE 51 307 241732630495700 2190800
LATENCY 2205900
TIMELINE 51 323 241732664821800 2205900
LATENCY 2244000
TIMELINE 51 339 241732700264500 2244000
LATENCY 2333600
TIMELINE 51 355 241732735760500 2333600
LATENCY 2200600
TIMELINE 51 371 241732771844700 2200600
LATENCY 2168700
TIMELINE 51 387 241732807224200 2168700
LATENCY 2257500
TIMELINE 51 403 241732863799300 2257500
LATENCY 2113800
TIMELINE 51 419 241732899349800 2113800
LATENCY 2109300
TIMELINE 51 435 241732933107700 2109300
LATENCY 2153900
TIMELINE 51 451 241732967965900 2153900
LATENCY 2101000
TIMELINE 51 467 241733003149900 2101000
LATENCY 2104700
TIMELINE 51 483 241733037509900 2104700
LATENCY 2058400
TIMELINE 51 499 241733074085800 2058400
LATENCY 2053100
TIMELINE 51 515 241733107633300 2053100
LATENCY 2148700
TIMELINE 51 531 241733160171600 2148700
LATENCY 2121400
TIMELINE 51 547 241733195389600 2121400
LATENCY 2082400
TIMELINE 51 563 241733229231000 2082400
LATENCY 2123000
TIMELINE 51 579 241733263469000 2123000
LATENCY 2096100
TIMELINE 51 595 241733297407600 2096100
LATENCY 2134200
TIMELINE 51 611 241733331901300 2134200
LATENCY 2117900
TIMELINE 51 627 241733365956300 2117900
LATENCY 2074500
TIMELINE 51 643 241733399713400 2074500
LATENCY 2395600
TIMELINE 51 659 241733451814800 2395600
LATENCY 2172100
TIMELINE 51 675 241733486441900 2172100
LATENCY 2290100
TIMELINE 51 691 241733521194200 2290100
LATENCY 2241000
TIMELINE 51 707 241733556033900 2241000
LATENCY 2147800
TIMELINE 51 723 241733590299400 2147800
LATENCY 2129000
TIMELINE 51 739 241733624256900 2129000
LATENCY 2105800
TIMELINE 51 755 241733657928000 2105800
LATENCY 2104100
TIMELINE 51 771 241733691647800 2104100
LATENCY 2185000
TIMELINE 51 787 241733731713100 2185000
LATENCY 2129500
TIMELINE 51 803 241733786321100 2129500
LATENCY 2122300
TIMELINE 51 819 241733821265300 2122300
LATENCY 2124500
TIMELINE 51 835 241733855453500 2124500
LATENCY 2125400
TIMELINE 51 851 241733889456100 2125400
LATENCY 2203000
TIMELINE 51 867 241733926397900 2203000
LATENCY 2151300
TIMELINE 51 883 241733961473600 2151300
LATENCY 2221500
TIMELINE 51 899 241733997630700 2221500
LATENCY 2108600
TIMELINE 51 915 241734031734500 2108600
LATENCY 2146200
TIMELINE 51 931 241734085105800 2146200
LATENCY 2129900
TIMELINE 51 947 241734120937400 2129900
LATENCY 2157400
TIMELINE 51 963 241734154778200 2157400
LATENCY 2254900
TIMELINE 51 979 241734188922400 2254900
LATENCY 2167100
TIMELINE 51 995 241734223912300 2167100
LATENCY 2099100
TIMELINE 51 1011 241734258093500 2099100
LATENCY 2093600
TIMELINE 51 1027 241734292067600 2093600
LATENCY 2272800
TIMELINE 51 1043 241734327705200 2272800
LATENCY 2230300
TIMELINE 51 1059 241734368821400 2230300
LATENCY 2247300
TIMELINE 51 1075 241734404565500 2247300
LATENCY 2271600
TIMELINE 51 1091 241734440522900 2271600
LATENCY 2189400
TIMELINE 51 1107 241734476941500 2189400
LATENCY 2202700
TIMELINE 51 1123 241734511520000 2202700
LATENCY 2103800
TIMELINE 51 1139 241734546190100 2103800
LATENCY 2132700
TIMELINE 51 1155 241734582661200 2132700
LATENCY 2307200
TIMELINE 51 1171 241734618322600 2307200
LATENCY 2166700
TIMELINE 51 1187 241734653839800 2166700
LATENCY 2184200
TIMELINE 51 1203 241734694057200 2184200
LATENCY 2150600
TIMELINE 51 1219 241734728770900 2150600
LATENCY 2843700
TIMELINE 51 1235 241734768684400 2843700
LATENCY 6266700
TIMELINE 51 1251 241734816387400 6266700
LATENCY 2588000
TIMELINE 51 1267 241734864459900 2588000
LATENCY 2890600
TIMELINE 51 1283 241734913254700 2890600
LATENCY 2694700
TIMELINE 51 1299 241734956956900 2694700
LATENCY 2686400
TIMELINE 51 1315 241735001474300 2686400
LATENCY 2709800
TIMELINE 51 1331 241735051133600 2709800
LATENCY 2732900
TIMELINE 51 1347 241735095128600 2732900
LATENCY 2967900
TIMELINE 51 1363 241735142062200 2967900
LATENCY 2730400
TIMELINE 51 1379 241735187910900 2730400
LATENCY 3467200
TIMELINE 51 1395 241735232915300 3467200
LATENCY 2818900
TIMELINE 51 1411 241735284535500 2818900
LATENCY 3211000
TIMELINE 51 1427 241735332421700 3211000
LATENCY 2958300
TIMELINE 51 1443 241735377600400 2958300
LATENCY 8749900
TIMELINE 51 1459 241735424202100 8749900
LATENCY 2967900
TIMELINE 51 1475 241735477155800 2967900
LATENCY 2910900
TIMELINE 51 1491 241735524003700 2910900
LATENCY 3342800
TIMELINE 51 1507 241735576225800 3342800
LATENCY 3279600
TIMELINE 51 1523 241735630880500 3279600
LATENCY 2872000
TIMELINE 51 1539 241735680869900 2872000
LATENCY 3361000
TIMELINE 51 1555 241735730916600 3361000
LATENCY 2679000
TIMELINE 51 1571 241735777808400 2679000
LATENCY 3026500
TIMELINE 51 1587 241735825250900 3026500
LATENCY 2650800
TIMELINE 51 1603 241735876684100 2650800
LATENCY 2762700
TIMELINE 51 1619 241735919082900 2762700
LATENCY 3280100
TIMELINE 51 1635 241735967877400 3280100
LATENCY 3160100
TIMELINE 51 1651 241736013062400 3160100
LATENCY 2763200
TIMELINE 51 1667 241736060256100 2763200
LATENCY 2927200
TIMELINE 51 1683 241736106094800 2927200
LATENCY 2777900
TIMELINE 51 1699 241736149972600 2777900
LATENCY 2176200
TIMELINE 51 1715 241736193840100 2176200
LATENCY 3065700
TIMELINE 51 1731 241736247537500 3065700
LATENCY 2919900
TIMELINE 51 1747 241736294739600 2919900
LATENCY 3097900
TIMELINE 51 1763 241736345834200 3097900
LATENCY 2190500
TIMELINE 51 1779 241736389557500 2190500
LATENCY 2929400
TIMELINE 51 1795 241736438790000 2929400
LATENCY 3282600
TIMELINE 51 1811 241736488510700 3282600
LATENCY 3253400
TIMELINE 51 1827 241736541687200 3253400
LATENCY 3455400
TIMELINE 51 1843 241736596078300 3455400
LATENCY 3317300
TIMELINE 51 1859 241736659509500 3317300
LATENCY 2853500
TIMELINE 51 1875 241736707215200 2853500
LATENCY 2582100
TIMELINE 51 1891 241736750604900 2582100
LATENCY 3014300
TIMELINE 51 1907 241736797793700 3014300
LATENCY 3038500
TIMELINE 51 1923 241736846263000 3038500
LATENCY 2834400
TIMELINE 51 1939 241736891792900 2834400
LATENCY 2883900
TIMELINE 51 1955 241736938165400 2883900
LATENCY 2719400
TIMELINE 51 1971 241736981622000 2719400
LATENCY 2941900
TIMELINE 51 1987 241737027402400 2941900
LATENCY 2960800
TIMELINE 51 2003 241737078198400 2960800
LATENCY 3001100
TIMELINE 51 2019 241737125054900 3001100
LATENCY 2951800
TIMELINE 51 2035 241737171680500 2951800
LATENCY 2298000
TIMELINE 52 4 241731911886700 2298000
LATENCY 2359100
TIMELINE 52 20 241731951219100 2359100
LATENCY 2279900
TIMELINE 52 36 241731988264100 2279900
LATENCY 2086100
TIMELINE 52 52 241732023137500 2086100
LATENCY 2141000
TIMELINE 52 68 241732058664100 2141000
LATENCY 2230500
TIMELINE 52 84 241732093535100 2230500
LATENCY 2217500
TIMELINE 52 100 241732128209100 2217500
LATENCY 2216400
TIMELINE 52 116 241732163510600 2216400
LATENCY 2154500
TIMELINE 52 132 241732220243400 2154500
LATENCY 2185400
TIMELINE 52 148 241732255365800 2185400
LATENCY 2185300
TIMELINE 52 164 241732292111200 2185300
LATENCY 2221300
TIMELINE 52 180 241732328829200 2221300
LATENCY 2182700
TIMELINE 52 196 241732366002100 2182700
LATENCY 2132600
TIMELINE 52 212 241732400141600 2132600
LATENCY 2333800
TIMELINE 52 228 241732434847600 2333800
LATENCY 2105100
TIMELINE 52 244 241732470124500 2105100
LATENCY 2223400
TIMELINE 52 260 241732523850500 2223400
LATENCY 2261200
TIMELINE 52 276 241732558766400 2261200
LATENCY 2290200
TIMELINE 52 292 241732593257300 2290200
LATENCY 2131600
TIMELINE 52 308 241732634740700 2131600
LATENCY 2268700
TIMELINE 52 324 241732669004500 2268700
LATENCY 2283200
TIMELINE 52 340 241732704654900 2283200
LATENCY 2185400
TIMELINE 52 356 241732740135800 2185400
LATENCY 2160300
TIMELINE 52 372 241732776031000 2160300
LATENCY 2186700
TIMELINE 52 388 241732811333100 2186700
LATENCY 2151100
TIMELINE 52 404 241732868406600 2151100
LATENCY 2119600
TIMELINE 52 420 241732903783600 2119600
LATENCY 2164600
TIMELINE 52 436 241732937466300 2164600
LATENCY 2133300
TIMELINE 52 452 241732972549100 2133300
LATENCY 2110900
TIMELINE 52 468 241733007530000 2110900
LATENCY 2402500
TIMELINE 52 484 241733041822000 2402500
LATENCY 2088000
TIMELINE 52 500 241733077922900 2088000
LATENCY 2150300
TIMELINE 52 516 241733111448800 2150300
LATENCY 2148300
TIMELINE 52 532 241733164137400 2148300
LATENCY 2107000
TIMELINE 52 548 241733199091600 2107000
LATENCY 2102500
TIMELINE 52 564 241733232811500 2102500
LATENCY 2110300
TIMELINE 52 580 241733267234700 2110300
LATENCY 2127000
TIMELINE 52 596 241733301065300 2127000
LATENCY 2065200
TIMELINE 52 612 241733335613600 2065200
LATENCY 2078700
TIMELINE 52 628 241733369579000 2078700
LATENCY 2084100
TIMELINE 52 644 241733403293400 2084100
LATENCY 2100100
TIMELINE 52 660 241733455671600 2100100
LATENCY 2271800
TIMELINE 52 676 241733490728200 2271800
LATENCY 2286100
TIMELINE 52 692 241733525517200 2286100
LATENCY 2164300
TIMELINE 52 708 241733560193300 2164300
LATENCY 2172300
TIMELINE 52 724 241733594407500 2172300
LATENCY 2073600
TIMELINE 52 740 241733628287800 2073600
LATENCY 2108800
TIMELINE 52 756 241733661929800 2108800
LATENCY 2399100
TIMELINE 52 772 241733695766100 2399100
LATENCY 2180600
TIMELINE 52 788 241733735845100 2180600
LATENCY 2211300
TIMELINE 52 804 241733790507000 2211300
LATENCY 2143700
TIMELINE 52 820 241733825319100 2143700
LATENCY 2145600
TIMELINE 52 836 241733859531600 2145600
LATENCY 2144500
TIMELINE 52 852 241733893503400 2144500
LATENCY 2179900
TIMELINE 52 868 241733930462200 2179900
LATENCY 2301100
TIMELINE 52 884 241733965429400 2301100
LATENCY 2113900
TIMELINE 52 900 241734001755800 2113900
LATENCY 2089300
TIMELINE 52 916 241734035552900 2089300
LATENCY 2167800
TIMELINE 52 932 241734088980100 2167800
LATENCY 2084800
TIMELINE 52 948 241734124631100 2084800
LATENCY 2094700
TIMELINE 52 964 241734158528300 2094700
LATENCY 2140700
TIMELINE 52 980 241734192785700 2140700
LATENCY 2115200
TIMELINE 52 996 241734227656200 2115200
LATENCY 2110600
TIMELINE 52 1012 241734261757700 2110600
LATENCY 2146800
TIMELINE 52 1028 241734295679000 2146800
LATENCY 2164900
TIMELINE 52 1044 241734330993100 2164900
LATENCY 2221800
TIMELINE 52 1060 241734372033600 2221800
LATENCY 2178300
TIMELINE 52 1076 241734407803200 2178300
LATENCY 2253000
TIMELINE 52 1092 241734443871400 2253000
LATENCY 2216200
TIMELINE 52 1108 241734480261200 2216200
LATENCY 2214000
TIMELINE 52 1124 241734514987000 2214000
LATENCY 2194700
TIMELINE 52 1140 241734549376500 2194700
LATENCY 2096500
TIMELINE 52 1156 241734585693300 2096500
LATENCY 2278300
TIMELINE 52 1172 241734621624400 2278300
LATENCY 2134000
TIMELINE 52 1188 241734656977100 2134000
LATENCY 2191700
TIMELINE 52 1204 241734697180900 2191700
LATENCY 2215100
TIMELINE 52 1220 241734731837100 2215100
LATENCY 2879400
TIMELINE 52 1236 241734772954100 2879400
LATENCY 2849400
TIMELINE 52 1252 241734823912800 2849400
LATENCY 2672800
TIMELINE 52 1268 241734868301600 2672800
LATENCY 2925800
TIMELINE 52 1284 241734917448700 2925800
LATENCY 2942800
TIMELINE 52 1300 241734961356200 2942800
LATENCY 2861500
TIMELINE 52 1316 241735005268800 2861500
LATENCY 2744300
TIMELINE 52 1332 241735055065600 2744300
LATENCY 2839200
TIMELINE 52 1348 241735099088800 2839200
LATENCY 2905600
TIMELINE 52 1364 241735146304700 2905600
LATENCY 2736200
TIMELINE 52 1380 241735191863200 2736200
LATENCY 2750000
TIMELINE 52 1396 241735237515000 2750000
LATENCY 2898400
TIMELINE 52 1412 241735288616900 2898400
LATENCY 2886000
TIMELINE 52 1428 241735337079300 2886000
LATENCY 2949800
TIMELINE 52 1444 241735381878300 2949800
LATENCY 2888300
TIMELINE 52 1460 241735434377100 2888300
LATENCY 2935800
TIMELINE 52 1476 241735481479200 2935800
LATENCY 3030800
TIMELINE 52 1492 241735528281500 3030800
LATENCY 3293200
TIMELINE 52 1508 241735580914700 3293200
LATENCY 3392600
TIMELINE 52 1524 241735635527100 3392600
LATENCY 2979000
TIMELINE 52 1540 241735685020900 2979000
LATENCY 3133800
TIMELINE 52 1556 241735735507100 3133800
LATENCY 2615400
TIMELINE 52 1572 241735781423600 2615400
LATENCY 2845800
TIMELINE 52 1588 241735829318600 2845800
LATENCY 2615700
TIMELINE 52 1604 241735880503800 2615700
LATENCY 2606700
TIMELINE 52 1620 241735923012700 2606700
LATENCY 2761100
TIMELINE 52 1636 241735972413200 2761100
LATENCY 4536000
TIMELINE 52 1652 241736017296400 4536000
LATENCY 2793600
TIMELINE 52 1668 241736063667800 2793600
LATENCY 3049100
TIMELINE 52 1684 241736109697400 3049100
LATENCY 2621600
TIMELINE 52 1700 241736153360200 2621600
LATENCY 2519300
TIMELINE 52 1716 241736196460300 2519300
LATENCY 3083700
TIMELINE 52 1732 241736251294100 3083700
LATENCY 2994000
TIMELINE 52 1748 241736298314600 2994000
LATENCY 2930600
TIMELINE 52 1764 241736349576800 2930600
LATENCY 2640800
TIMELINE 52 1780 241736392252300 2640800
LATENCY 3191100
TIMELINE 52 1796 241736442475100 3191100
LATENCY 3143800
TIMELINE 52 1812 241736492459400 3143800
LATENCY 3316600
TIMELINE 52 1828 241736545596800 3316600
LATENCY 3183700
TIMELINE 52 1844 241736600392600 3183700
LATENCY 3467000
TIMELINE 52 1860 241736663443700 3467000
LATENCY 2969000
TIMELINE 52 1876 241736710564900 2969000
LATENCY 2789300
TIMELINE 52 1892 241736753680700 2789300
LATENCY 2981000
TIMELINE 52 1908 241736801405100 2981000
LATENCY 3010700
TIMELINE 52 1924 241736849897400 3010700
LATENCY 2747700
TIMELINE 52 1940 241736895126900 2747700
LATENCY 2902100
TIMELINE 52 1956 241736941466700 2902100
LATENCY 2778100
TIMELINE 52 1972 241736985195700 2778100
LATENCY 2969900
TIMELINE 52 1988 241737031270400 2969900
LATENCY 2925700
TIMELINE 52 2004 241737082150300 2925700
LATENCY 2968500
TIMELINE 52 2020 241737129011000 2968500
LATENCY 2983700
TIMELINE 52 2036 241737175680000 2983700
LATENCY 3035500
TIMELINE 53 5 241731914249100 3035500
LATENCY 2476000
TIMELINE 53 21 241731953694100 2476000
LATENCY 2178300
TIMELINE 53 37 241731990609300 2178300
LATENCY 2203500
TIMELINE 53 53 241732025281800 2203500
LATENCY 2189500
TIMELINE 53 69 241732060688900 2189500
LATENCY 2154500
TIMELINE 53 85 241732095620000 2154500
LATENCY 2172800
TIMELINE 53 101 241732130239800 2172800
LATENCY 2311200
TIMELINE 53 117 241732165567300 2311200
LATENCY 2243500
TIMELINE 53 133 241732221727000 2243500
LATENCY 2180800
TIMELINE 53 149 241732256866900 2180800
LATENCY 2176600
TIMELINE 53 165 241732293630900 2176600
LATENCY 2576100
TIMELINE 53 181 241732330196500 2576100
LATENCY 2217000
TIMELINE 53 197 241732367390200 2217000
LATENCY 2180400
TIMELINE 53 213 241732401561500 2180400
LATENCY 2197900
TIMELINE 53 229 241732436427000 2197900
LATENCY 2142700
TIMELINE 53 245 241732471497500 2142700
LATENCY 2293300
TIMELINE 53 261 241732524992300 2293300
LATENCY 2299100
TIMELINE 53 277 241732559890400 2299100
LATENCY 2216000
TIMELINE 53 293 241732594430000 2216000
LATENCY 2184600
TIMELINE 53 309 241732635775000 2184600
LATENCY 2339300
TIMELINE 53 325 241732670094400 2339300
LATENCY 2294900
TIMELINE 53 341 241732705740900 2294900
LATENCY 2138500
TIMELINE 53 357 241732741323700 2138500
LATENCY 2164100
TIMELINE 53 373 241732777185200 2164100
LATENCY 2454700
TIMELINE 53 389 241732812478400 2454700
LATENCY 2195300
TIMELINE 53 405 241732869388600 2195300
LATENCY 2120900
TIMELINE 53 421 241732904735400 2120900
LATENCY 2331000
TIMELINE 53 437 241732938400400 2331000
LATENCY 2124500
TIMELINE 53 453 241732973220600 2124500
LATENCY 2130900
TIMELINE 53 469 241733008205200 2130900
LATENCY 2242100
TIMELINE 53 485 241733042597400 2242100
LATENCY 2094600
TIMELINE 53 501 241733078167200 2094600
LATENCY 2159400
TIMELINE 53 517 241733111695900 2159400
LATENCY 2151300
TIMELINE 53 533 241733164397200 2151300
LATENCY 2093900
TIMELINE 53 549 241733199359000 2093900
LATENCY 2123900
TIMELINE 53 565 241733233060700 2123900
LATENCY 2128800
TIMELINE 53 581 241733267489900 2128800
LATENCY 2137700
TIMELINE 53 597 241733301322700 2137700
LATENCY 2073300
TIMELINE 53 613 241733335859900 2073300
LATENCY 2087100
TIMELINE 53 629 241733369919800 2087100
LATENCY 2087800
TIMELINE 53 645 241733403631000 2087800
LATENCY 2107700
TIMELINE 53 661 241733456073500 2107700
LATENCY 2264800
TIMELINE 53 677 241733490554500 2264800
LATENCY 2280600
TIMELINE 53 693 241733525228200 2280600
LATENCY 2155500
TIMELINE 53 709 241733559905100 2155500
LATENCY 2161700
TIMELINE 53 725 241733594089600 2161700
LATENCY 2071900
TIMELINE 53 741 241733627946900 2071900
LATENCY 2109700
TIMELINE 53 757 241733661583500 2109700
LATENCY 2501100
TIMELINE 53 773 241733695380100 2501100
LATENCY 2181200
TIMELINE 53 789 241733735466000 2181200
LATENCY 2220700
TIMELINE 53 805 241733790181900 2220700
LATENCY 2125000
TIMELINE 53 821 241733824994500 2125000
LATENCY 2145300
TIMELINE 53 837 241733859181600 2145300
LATENCY 2121100
TIMELINE 53 853 241733893163400 2121100
LATENCY 2193600
TIMELINE 53 869 241733929626400 2193600
LATENCY 2255000
TIMELINE 53 885 241733964664200 2255000
LATENCY 2260900
TIMELINE 53 901 241734000838500 2260900
LATENCY 2101300
TIMELINE 53 917 241734034779800 2101300
LATENCY 2198800
TIMELINE 53 933 241734088098200 2198800
LATENCY 2083600
TIMELINE 53 949 241734124044400 2083600
LATENCY 2099300
TIMELINE 53 965 241734157917400 2099300
LATENCY 2169300
TIMELINE 53 981 241734192135300 2169300
LATENCY 2128300
TIMELINE 53 997 241734227088500 2128300
LATENCY 2112900
TIMELINE 53 1013 241734261189000 2112900
LATENCY 2117000
TIMELINE 53 1029 241734295127700 2117000
LATENCY 2168900
TIMELINE 53 1045 241734330521800 2168900
LATENCY 2208500
TIMELINE 53 1061 241734371558500 2208500
LATENCY 2207200
TIMELINE 53 1077 241734407306900 2207200
LATENCY 2288000
TIMELINE 53 1093 241734443356500 2288000
LATENCY 2165600
TIMELINE 53 1109 241734479790100 2165600
LATENCY 2184700
TIMELINE 53 1125 241734514529600 2184700
LATENCY 2144600
TIMELINE 53 1141 241734548919300 2144600
LATENCY 2103500
TIMELINE 53 1157 241734585318500 2103500
LATENCY 2289200
TIMELINE 53 1173 241734621430600 2289200
LATENCY 2125300
TIMELINE 53 1189 241734656883700 2125300
LATENCY 2194100
TIMELINE 53 1205 241734697084900 2194100
LATENCY 2144700
TIMELINE 53 1221 241734731724100 2144700
LATENCY 2853000
TIMELINE 53 1237 241734772726900 2853000
LATENCY 2831200
TIMELINE 53 1253 241734823716700 2831200
LATENCY 2672800
TIMELINE 53 1269 241734868120500 2672800
LATENCY 2918500
TIMELINE 53 1285 241734917248900 2918500
LATENCY 2997300
TIMELINE 53 1301 241734961080400 2997300
LATENCY 2862000
TIMELINE 53 1317 241735005090100 2862000
LATENCY 2719900
TIMELINE 53 1333 241735054791000 2719900
LATENCY 2833300
TIMELINE 53 1349 241735098810300 2833300
LATENCY 2902900
TIMELINE 53 1365 241735146057500 2902900
LATENCY 2729100
TIMELINE 53 1381 241735191633500 2729100
LATENCY 2749300
TIMELINE 53 1397 241735237336200 2749300
LATENCY 2916300
TIMELINE 53 1413 241735288405600 2916300
LATENCY 2917300
TIMELINE 53 1429 241735336810800 2917300
LATENCY 2957200
TIMELINE 53 1445 241735381632300 2957200
LATENCY 2790900
TIMELINE 53 1461 241735434153500 2790900
LATENCY 2930500
TIMELINE 53 1477 241735481233000 2930500
LATENCY 3024600
TIMELINE 53 1493 241735528038000 3024600
LATENCY 3275900
TIMELINE 53 1509 241735580660300 3275900
LATENCY 3372800
TIMELINE 53 1525 241735635268300 3372800
LATENCY 2989200
TIMELINE 53 1541 241735684828900 2989200
LATENCY 3125100
TIMELINE 53 1557 241735735456400 3125100
LATENCY 2608600
TIMELINE 53 1573 241735781385300 2608600
LATENCY 2847500
TIMELINE 53 1589 241735829276400 2847500
LATENCY 2609600
TIMELINE 53 1605 241735880470800 2609600
LATENCY 2603600
TIMELINE 53 1621 241735922970800 2603600
LATENCY 2769200
TIMELINE 53 1637 241735972369800 2769200
LATENCY 3793200
TIMELINE 53 1653 241736017337500 3793200
LATENCY 2862100
TIMELINE 53 1669 241736062867100 2862100
LATENCY 3079100
TIMELINE 53 1685 241736108847900 3079100
LATENCY 2633500
TIMELINE 53 1701 241736152573200 2633500
LATENCY 2180400
TIMELINE 53 1717 241736195828900 2180400
LATENCY 3060300
TIMELINE 53 1733 241736250357300 3060300
LATENCY 2937100
TIMELINE 53 1749 241736297322900 2937100
LATENCY 2930600
TIMELINE 53 1765 241736348596600 2930600
LATENCY 2503900
TIMELINE 53 1781 241736391520100 2503900
LATENCY 3243000
TIMELINE 53 1797 241736441349200 3243000
LATENCY 3130800
TIMELINE 53 1813 241736491453000 3130800
LATENCY 3221000
TIMELINE 53 1829 241736544603300 3221000
LATENCY 3443100
TIMELINE 53 1845 241736599122700 3443100
LATENCY 3355100
TIMELINE 53 1861 241736662431700 3355100
LATENCY 2920000
TIMELINE 53 1877 241736709675900 2920000
LATENCY 2656500
TIMELINE 53 1893 241736752866200 2656500
LATENCY 2998300
TIMELINE 53 1909 241736800425700 2998300
LATENCY 3159000
TIMELINE 53 1925 241736848866300 3159000
LATENCY 2801400
TIMELINE 53 1941 241736894355900 2801400
LATENCY 2928700
TIMELINE 53 1957 241736940645800 2928700
LATENCY 2729200
TIMELINE 53 1973 241736983989700 2729200
LATENCY 2887100
TIMELINE 53 1989 241737030072500 2887100
LATENCY 2950700
TIMELINE 53 2005 241737080985200 2950700
LATENCY 2975500
TIMELINE 53 2021 241737127857100 2975500
LATENCY 3058500
TIMELINE 53 2037 241737174431900 3058500
LATENCY 2904900
TIMELINE 54 6 241731917236500 2904900
LATENCY 2138700
TIMELINE 54 22 241731956029100 2138700
LATENCY 2211800
TIMELINE 54 38 241731992615400 2211800
LATENCY 2240300
TIMELINE 54 54 241732027333700 2240300
LATENCY 2154600
TIMELINE 54 70 241732062709600 2154600
LATENCY 2159800
TIMELINE 54 86 241732097540700 2159800
LATENCY 2173100
TIMELINE 54 102 241732132204700 2173100
LATENCY 2498200
TIMELINE 54 118 241732167628600 2498200
LATENCY 2284300
TIMELINE 54 134 241732223387000 2284300
LATENCY 2676300
TIMELINE 54 150 241732258587900 2676300
LATENCY 2281500
TIMELINE 54 166 241732295276100 2281500
LATENCY 2439800
TIMELINE 54 182 241732332073900 2439800
LATENCY 2201200
TIMELINE 54 198 241732368979200 2201200
LATENCY 2139300
TIMELINE 54 214 241732403089500 2139300
LATENCY 2163200
TIMELINE 54 230 241732438021100 2163200
LATENCY 2094100
TIMELINE 54 246 241732473058400 2094100
LATENCY 2292200
TIMELINE 54 262 241732526823000 2292200
LATENCY 2248800
TIMELINE 54 278 241732561771500 2248800
LATENCY 2157700
TIMELINE 54 294 241732596340400 2157700
LATENCY 2179200
TIMELINE 54 310 241732637607500 2179200
LATENCY 2535000
TIMELINE 54 326 241732671966600 2535000
LATENCY 2276400
TIMELINE 54 342 241732707575900 2276400
LATENCY 2159100
TIMELINE 54 358 241732742735200 2159100
LATENCY 2180900
TIMELINE 54 374 241732778608900 2180900
LATENCY 2599900
TIMELINE 54 390 241732813986800 2599900
LATENCY 2213300
TIMELINE 54 406 241732870654800 2213300
LATENCY 2130300
TIMELINE 54 422 241732905936600 2130300
LATENCY 2391900
TIMELINE 54 438 241732939668300 2391900
LATENCY 2185900
TIMELINE 54 454 241732974536100 2185900
LATENCY 2177600
TIMELINE 54 470 241733009524900 2177600
LATENCY 2193900
TIMELINE 54 486 241733044156500 2193900
LATENCY 2106500
TIMELINE 54 502 241733079710200 2106500
LATENCY 2108800
TIMELINE 54 518 241733113239800 2108800
LATENCY 2157900
TIMELINE 54 534 241733165948700 2157900
LATENCY 2097400
TIMELINE 54 550 241733200865500 2097400
LATENCY 2096900
TIMELINE 54 566 241733234578700 2096900
LATENCY 2140500
TIMELINE 54 582 241733268941900 2140500
LATENCY 2150300
TIMELINE 54 598 241733302771200 2150300
LATENCY 2118900
TIMELINE 54 614 241733337323900 2118900
LATENCY 2116200
TIMELINE 54 630 241733371392500 2116200
LATENCY 2108800
TIMELINE 54 646 241733405071300 2108800
LATENCY 2283800
TIMELINE 54 662 241733457505200 2283800
LATENCY 2148600
TIMELINE 54 678 241733492284500 2148600
LATENCY 2157600
TIMELINE 54 694 241733526982400 2157600
LATENCY 2182800
TIMELINE 54 710 241733561595300 2182800
LATENCY 2149400
TIMELINE 54 726 241733595854600 2149400
LATENCY 2076500
TIMELINE 54 742 241733629711700 2076500
LATENCY 2119100
TIMELINE 54 758 241733663371100 2119100
LATENCY 2353900
TIMELINE 54 774 241733697495500 2353900
LATENCY 2203500
TIMELINE 54 790 241733737342200 2203500
LATENCY 2186500
TIMELINE 54 806 241733792074200 2186500
LATENCY 2142400
TIMELINE 54 822 241733826775200 2142400
LATENCY 2149200
TIMELINE 54 838 241733861023100 2149200
LATENCY 2122400
TIMELINE 54 854 241733894989600 2122400
LATENCY 2164700
TIMELINE 54 870 241733931763700 2164700
LATENCY 2248600
TIMELINE 54 886 241733966835700 2248600
LATENCY 2158600
TIMELINE 54 902 241734003186700 2158600
LATENCY 2115200
TIMELINE 54 918 241734036967800 2115200
LATENCY 2418200
TIMELINE 54 934 241734090460700 2418200
LATENCY 2109400
TIMELINE 54 950 241734126243700 2109400
LATENCY 2102600
TIMELINE 54 966 241734160132900 2102600
LATENCY 2161300
TIMELINE 54 982 241734194393200 2161300
LATENCY 2107800
TIMELINE 54 998 241734229279400 2107800
LATENCY 2133900
TIMELINE 54 1014 241734263364500 2133900
LATENCY 2116400
TIMELINE 54 1030 241734297307900 2116400
LATENCY 2185900
TIMELINE 54 1046 241734332604000 2185900
LATENCY 2158600
TIMELINE 54 1062 241734373678100 2158600
LATENCY 2281900
TIMELINE 54 1078 241734409375400 2281900
LATENCY 2284300
TIMELINE 54 1094 241734445552800 2284300
LATENCY 2252000
TIMELINE 54 1110 241734481839400 2252000
LATENCY 2210800
TIMELINE 54 1126 241734516594800 2210800
LATENCY 2417000
TIMELINE 54 1142 241734550889400 2417000
LATENCY 2110100
TIMELINE 54 1158 241734587313300 2110100
LATENCY 2276400
TIMELINE 54 1174 241734623599400 2276400
LATENCY 2185700
TIMELINE 54 1190 241734658737400 2185700
LATENCY 2146300
TIMELINE 54 1206 241734699019900 2146300
LATENCY 2113800
TIMELINE 54 1222 241734733672000 2113800
LATENCY 2813900
TIMELINE 54 1238 241734775419700 2813900
LATENCY 2946100
TIMELINE 54 1254 241734826426600 2946100
LATENCY 3159500
TIMELINE 54 1270 241734870643600 3159500
LATENCY 2977400
TIMELINE 54 1286 241734920003200 2977400
LATENCY 3009600
TIMELINE 54 1302 241734963895500 3009600
LATENCY 2626000
TIMELINE 54 1318 241735007773900 2626000
LATENCY 2805500
TIMELINE 54 1334 241735057470300 2805500
LATENCY 2903800
TIMELINE 54 1350 241735101612200 2903800
LATENCY 2918300
TIMELINE 54 1366 241735148796900 2918300
LATENCY 2787000
TIMELINE 54 1382 241735194210100 2787000
LATENCY 2489300
TIMELINE 54 1398 241735240006500 2489300
LATENCY 2942000
TIMELINE 54 1414 241735291204200 2942000
LATENCY 2718500
TIMELINE 54 1430 241735339584400 2718500
LATENCY 3015700
TIMELINE 54 1446 241735384394400 3015700
LATENCY 2985600
TIMELINE 54 1462 241735436704500 2985600
LATENCY 2881000
TIMELINE 54 1478 241735483913300 2881000
LATENCY 2987000
TIMELINE 54 1494 241735530808100 2987000
LATENCY 3321200
TIMELINE 54 1510 241735583622400 3321200
LATENCY 3459700
TIMELINE 54 1526 241735638313400 3459700
LATENCY 3142100
TIMELINE 54 1542 241735687668700 3142100
LATENCY 3198200
TIMELINE 54 1558 241735738400900 3198200
LATENCY 2647500
TIMELINE 54 1574 241735783759300 2647500
LATENCY 2869700
TIMELINE 54 1590 241735831883800 2869700
LATENCY 2647700
TIMELINE 54 1606 241735882864600 2647700
LATENCY 2660200
TIMELINE 54 1622 241735925361200 2660200
LATENCY 2730800
TIMELINE 54 1638 241735974885300 2730800
LATENCY 2842700
TIMELINE 54 1654 241736020393300 2842700
LATENCY 2760500
TIMELINE 54 1670 241736065004300 2760500
LATENCY 2956300
TIMELINE 54 1686 241736111178500 2956300
LATENCY 2593000
TIMELINE 54 1702 241736154601800 2593000
LATENCY 2963500
TIMELINE 54 1718 241736197590400 2963500
LATENCY 3011500
TIMELINE 54 1734 241736252911300 3011500
LATENCY 2924500
TIMELINE 54 1750 241736299855800 2924500
LATENCY 3047800
TIMELINE 54 1766 241736351206700 3047800
LATENCY 3079000
TIMELINE 54 1782 241736393405100 3079000
LATENCY 3257600
TIMELINE 54 1798 241736444054700 3257600
LATENCY 3186300
TIMELINE 54 1814 241736494032500 3186300
LATENCY 3313000
TIMELINE 54 1830 241736547100700 3313000
LATENCY 3186800
TIMELINE 54 1846 241736601873800 3186800
LATENCY 3706700
TIMELINE 54 1862 241736665141000 3706700
LATENCY 2891500
TIMELINE 54 1878 241736712145900 2891500
LATENCY 3084200
TIMELINE 54 1894 241736755103800 3084200
LATENCY 2985900
TIMELINE 54 1910 241736802965400 2985900
LATENCY 3008200
TIMELINE 54 1926 241736851549900 3008200
LATENCY 2696000
TIMELINE 54 1942 241736896764100 2696000
LATENCY 2490700
TIMELINE 54 1958 241736943125800 2490700
LATENCY 2770800
TIMELINE 54 1974 241736986507100 2770800
LATENCY 2993500
TIMELINE 54 1990 241737032649500 2993500
LATENCY 2928300
TIMELINE 54 2006 241737083563100 2928300
LATENCY 3049300
TIMELINE 54 2022 241737130500000 3049300
LATENCY 3162100
TIMELINE 54 2038 241737177082100 3162100
LATENCY 2453400
TIMELINE 55 7 241731920220000 2453400
LATENCY 2209200
TIMELINE 55 23 241731958109900 2209200
LATENCY 2170100
TIMELINE 55 39 241731994739900 2170100
LATENCY 2208300
TIMELINE 55 55 241732029674100 2208300
LATENCY 2176300
TIMELINE 55 71 241732064984700 2176300
LATENCY 2134000
TIMELINE 55 87 241732099736700 2134000
LATENCY 2208200
TIMELINE 55 103 241732134414200 2208200
LATENCY 2558900
TIMELINE 55 119 241732170167300 2558900
LATENCY 2199800
TIMELINE 55 135 241732225640300 2199800
LATENCY 2554100
TIMELINE 55 151 241732261101100 2554100
LATENCY 2288800
TIMELINE 55 167 241732297432100 2288800
LATENCY 2522200
TIMELINE 55 183 241732334296100 2522200
LATENCY 2189600
TIMELINE 55 199 241732371063300 2189600
LATENCY 2124700
TIMELINE 55 215 241732405171300 2124700
LATENCY 2153600
TIMELINE 55 231 241732440076500 2153600
LATENCY 2090600
TIMELINE 55 247 241732475067800 2090600
LATENCY 2343200
TIMELINE 55 263 241732528962600 2343200
LATENCY 2180200
TIMELINE 55 279 241732563906800 2180200
LATENCY 2116000
TIMELINE 55 295 241732598258700 2116000
LATENCY 2230500
TIMELINE 55 311 241732639573400 2230500
LATENCY 2244100
TIMELINE 55 327 241732674227100 2244100
LATENCY 2355100
TIMELINE 55 343 241732709732100 2355100
LATENCY 2285600
TIMELINE 55 359 241732745109300 2285600
LATENCY 2457600
TIMELINE 55 375 241732781011000 2457600
LATENCY 21604400
TIMELINE 55 391 241732817012300 21604400
LATENCY 2223200
TIMELINE 55 407 241732873178600 2223200
LATENCY 2082100
TIMELINE 55 423 241732908385400 2082100
LATENCY 2155400
TIMELINE 55 439 241732942399100 2155400
LATENCY 2174300
TIMELINE 55 455 241732977139400 2174300
LATENCY 2158600
TIMELINE 55 471 241733012118000 2158600
LATENCY 2556700
TIMELINE 55 487 241733046491500 2556700
LATENCY 2064400
TIMELINE 55 503 241733082313800 2064400
LATENCY 2089600
TIMELINE 55 519 241733115852900 2089600
LATENCY 2097900
TIMELINE 55 535 241733168599500 2097900
LATENCY 2143500
TIMELINE 55 551 241733203486000 2143500
LATENCY 2099500
TIMELINE 55 567 241733237197000 2099500
LATENCY 2113400
TIMELINE 55 583 241733271633100 2113400
LATENCY 2106400
TIMELINE 55 599 241733305464100 2106400
LATENCY 2136200
TIMELINE 55 615 241733339880600 2136200
LATENCY 2080300
TIMELINE 55 631 241733373977300 2080300
LATENCY 2086700
TIMELINE 55 647 241733407680400 2086700
LATENCY 2096200
TIMELINE 55 663 241733460397400 2096200
LATENCY 2100300
TIMELINE 55 679 241733494786700 2100300
LATENCY 2157800
TIMELINE 55 695 241733529452700 2157800
LATENCY 2116700
TIMELINE 55 711 241733564116500 2116700
LATENCY 2120800
TIMELINE 55 727 241733598232600 2120800
LATENCY 2085900
TIMELINE 55 743 241733632030600 2085900
LATENCY 2095100
TIMELINE 55 759 241733665746500 2095100
LATENCY 3749700
TIMELINE 55 775 241733700350600 3749700
LATENCY 2131100
TIMELINE 55 791 241733739738600 2131100
LATENCY 2218900
TIMELINE 55 807 241733794463900 2218900
LATENCY 2129500
TIMELINE 55 823 241733829154600 2129500
LATENCY 2102100
TIMELINE 55 839 241733863352200 2102100
LATENCY 2536600
TIMELINE 55 855 241733897288600 2536600
LATENCY 2188000
TIMELINE 55 871 241733934108900 2188000
LATENCY 2176700
TIMELINE 55 887 241733969325200 2176700
LATENCY 2150300
TIMELINE 55 903 241734005529100 2150300
LATENCY 2049700
TIMELINE 55 919 241734039254700 2049700
LATENCY 2266700
TIMELINE 55 935 241734093105500 2266700
LATENCY 2064000
TIMELINE 55 951 241734128630300 2064000
LATENCY 2100600
TIMELINE 55 967 241734162524800 2100600
LATENCY 2171500
TIMELINE 55 983 241734196876600 2171500
LATENCY 2221100
TIMELINE 55 999 241734231710800 2221100
LATENCY 2107300
TIMELINE 55 1015 241734265795700 2107300
LATENCY 2060700
TIMELINE 55 1031 241734299726500 2060700
LATENCY 2161100
TIMELINE 55 1047 241734335598700 2161100
LATENCY 2124800
TIMELINE 55 1063 241734376636400 2124800
LATENCY 2196400
TIMELINE 55 1079 241734412542400 2196400
LATENCY 2282200
TIMELINE 55 1095 241734448656800 2282200
LATENCY 2176400
TIMELINE 55 1111 241734484613200 2176400
LATENCY 2155400
TIMELINE 55 1127 241734519371900 2155400
LATENCY 2400200
TIMELINE 55 1143 241734553885000 2400200
LATENCY 2134400
TIMELINE 55 1159 241734589955600 2134400
LATENCY 2301800
TIMELINE 55 1175 241734626369500 2301800
LATENCY 2130700
TIMELINE 55 1191 241734661460900 2130700
LATENCY 2175500
TIMELINE 55 1207 241734701702000 2175500
LATENCY 2522500
TIMELINE 55 1223 241734736336200 2522500
LATENCY 2951700
TIMELINE 55 1239 241734778589600 2951700
LATENCY 2897500
TIMELINE 55 1255 241734829669600 2897500
LATENCY 3127200
TIMELINE 55 1271 241734874132300 3127200
LATENCY 2855200
TIMELINE 55 1287 241734923372900 2855200
LATENCY 2925200
TIMELINE 55 1303 241734967235600 2925200
LATENCY 2636700
TIMELINE 55 1319 241735010703500 2636700
LATENCY 2790700
TIMELINE 55 1335 241735060531500 2790700
LATENCY 2952800
TIMELINE 55 1351 241735104893100 2952800
LATENCY 2940700
TIMELINE 55 1367 241735152092000 2940700
LATENCY 2723700
TIMELINE 55 1383 241735197358700 2723700
LATENCY 3015400
TIMELINE 55 1399 241735242764200 3015400
LATENCY 2870200
TIMELINE 55 1415 241735294416100 2870200
LATENCY 2728800
TIMELINE 55 1431 241735342605700 2728800
LATENCY 2993800
TIMELINE 55 1447 241735387813400 2993800
LATENCY 2995500
TIMELINE 55 1463 241735440064100 2995500
LATENCY 2894400
TIMELINE 55 1479 241735487165700 2894400
LATENCY 2973500
TIMELINE 55 1495 241735534177900 2973500
LATENCY 3464400
TIMELINE 55 1511 241735587413800 3464400
LATENCY 3135500
TIMELINE 55 1527 241735642237700 3135500
LATENCY 3025600
TIMELINE 55 1543 241735691113300 3025600
LATENCY 3058600
TIMELINE 55 1559 241735741765200 3058600
LATENCY 3091200
TIMELINE 55 1575 241735786606500 3091200
LATENCY 8650100
TIMELINE 55 1591 241735834949700 8650100
LATENCY 2651700
TIMELINE 55 1607 241735885663500 2651700
LATENCY 2634500
TIMELINE 55 1623 241735928181800 2634500
LATENCY 2755700
TIMELINE 55 1639 241735977776400 2755700
LATENCY 2858500
TIMELINE 55 1655 241736023949900 2858500
LATENCY 2728200
TIMELINE 55 1671 241736068492600 2728200
LATENCY 2964500
TIMELINE 55 1687 241736114911800 2964500
LATENCY 2750600
TIMELINE 55 1703 241736157978900 2750600
LATENCY 3310900
TIMELINE 55 1719 241736201210500 3310900
LATENCY 2952000
TIMELINE 55 1735 241736256608500 2952000
LATENCY 3112800
TIMELINE 55 1751 241736303488000 3112800
LATENCY 3206500
TIMELINE 55 1767 241736354933300 3206500
LATENCY 3264200
TIMELINE 55 1783 241736397412900 3264200
LATENCY 3161600
TIMELINE 55 1799 241736448346800 3161600
LATENCY 3195700
TIMELINE 55 1815 241736498165200 3195700
LATENCY 3365500
TIMELINE 55 1831 241736551508100 3365500
LATENCY 3496900
TIMELINE 55 1847 241736606126100 3496900
LATENCY 3374700
TIMELINE 55 1863 241736669640100 3374700
LATENCY 2806000
TIMELINE 55 1879 241736715757600 2806000
LATENCY 2800600
TIMELINE 55 1895 241736759036300 2800600
LATENCY 2998500
TIMELINE 55 1911 241736806755700 2998500
LATENCY 2806900
TIMELINE 55 1927 241736855264800 2806900
LATENCY 2884600
TIMELINE 55 1943 241736900137900 2884600
LATENCY 2285600
TIMELINE 55 1959 241736946133200 2285600
LATENCY 2743600
TIMELINE 55 1975 241736989681600 2743600
LATENCY 3065700
TIMELINE 55 1991 241737036088700 3065700
LATENCY 2968100
TIMELINE 55 2007 241737086907200 2968100
LATENCY 2654200
TIMELINE 55 2023 241737133873400 2654200
LATENCY 2852300
TIMELINE 55 2039 241737180655200 2852300
LATENCY 2379700
TIMELINE 56 8 241731922824500 2379700
LATENCY 2517100
TIMELINE 56 24 241731960354600 2517100
LATENCY 2161400
TIMELINE 56 40 241731996976400 2161400
LATENCY 2209400
TIMELINE 56 56 241732031978000 2209400
LATENCY 2174400
TIMELINE 56 72 241732067198000 2174400
LATENCY 2081900
TIMELINE 56 88 241732101933800 2081900
LATENCY 2151700
TIMELINE 56 104 241732136716800 2151700
LATENCY 2309200
TIMELINE 56 120 241732172886600 2309200
LATENCY 2210300
TIMELINE 56 136 241732228010100 2210300
LATENCY 2251400
TIMELINE 56 152 241732263893600 2251400
LATENCY 2268300
TIMELINE 56 168 241732299941000 2268300
LATENCY 2224500
TIMELINE 56 184 241732336972600 2224500
LATENCY 2146100
TIMELINE 56 200 241732373341800 2146100
LATENCY 2161300
TIMELINE 56 216 241732407384800 2161300
LATENCY 2213000
TIMELINE 56 232 241732442296900 2213000
LATENCY 2091700
TIMELINE 56 248 241732477190500 2091700
LATENCY 2212800
TIMELINE 56 264 241732531393200 2212800
LATENCY 2209700
TIMELINE 56 280 241732566147300 2209700
LATENCY 2176500
TIMELINE 56 296 241732600564400 2176500
LATENCY 2083400
TIMELINE 56 312 241732642058100 2083400
LATENCY 2179200
TIMELINE 56 328 241732676745200 2179200
LATENCY 2144200
TIMELINE 56 344 241732711918500 2144200
LATENCY 2240900
TIMELINE 56 360 241732747206400 2240900
LATENCY 2213100
TIMELINE 56 376 241732783290700 2213100
LATENCY 2908000
TIMELINE 56 392 241732838335600 2908000
LATENCY 2345500
TIMELINE 56 408 241732875279000 2345500
LATENCY 2087900
TIMELINE 56 424 241732910349900 2087900
LATENCY 2165300
TIMELINE 56 440 241732944468500 2165300
LATENCY 2140000
TIMELINE 56 456 241732979408800 2140000
LATENCY 2168600
TIMELINE 56 472 241733014369100 2168600
LATENCY 2448700
TIMELINE 56 488 241733048904300 2448700
LATENCY 2056400
TIMELINE 56 504 241733084185400 2056400
LATENCY 2050200
TIMELINE 56 520 241733117731200 2050200
LATENCY 2110700
TIMELINE 56 536 241733170462000 2110700
LATENCY 2126000
TIMELINE 56 552 241733205428200 2126000
LATENCY 2084400
TIMELINE 56 568 241733239100600 2084400
LATENCY 2087300
TIMELINE 56 584 241733273586900 2087300
LATENCY 2167100
TIMELINE 56 600 241733307459700 2167100
LATENCY 2172300
TIMELINE 56 616 241733341897500 2172300
LATENCY 2100200
TIMELINE 56 632 241733375912900 2100200
LATENCY 2060500
TIMELINE 56 648 241733409633700 2060500
LATENCY 2102800
TIMELINE 56 664 241733462439000 2102800
LATENCY 2222600
TIMELINE 56 680 241733496796200 2222600
LATENCY 2167100
TIMELINE 56 696 241733531527500 2167100
LATENCY 2103700
TIMELINE 56 712 241733566120700 2103700
LATENCY 2091700
TIMELINE 56 728 241733600388000 2091700
LATENCY 2109500
TIMELINE 56 744 241733634090500 2109500
LATENCY 2121800
TIMELINE 56 760 241733667812400 2121800
LATENCY 4569400
TIMELINE 56 776 241733704186400 4569400
LATENCY 21939800
TIMELINE 56 792 241733741903100 21939800
LATENCY 2236600
TIMELINE 56 808 241733796716300 2236600
LATENCY 2160300
TIMELINE 56 824 241733831347100 2160300
LATENCY 2157400
TIMELINE 56 840 241733865542900 2157400
LATENCY 2812700
TIMELINE 56 856 241733899928400 2812700
LATENCY 2116200
TIMELINE 56 872 241733936268800 2116200
LATENCY 2179600
TIMELINE 56 888 241733971473900 2179600
LATENCY 2144900
TIMELINE 56 904 241734007621300 2144900
LATENCY 2239300
TIMELINE 56 920 241734041253300 2239300
LATENCY 2271800
TIMELINE 56 936 241734095249100 2271800
LATENCY 2124200
TIMELINE 56 952 241734130581800 2124200
LATENCY 2109400
TIMELINE 56 968 241734164505900 2109400
LATENCY 2202200
TIMELINE 56 984 241734198952100 2202200
LATENCY 2109200
TIMELINE 56 1000 241734233810700 2109200
LATENCY 2128400
TIMELINE 56 1016 241734267786300 2128400
LATENCY 2015400
TIMELINE 56 1032 241734301678900 2015400
LATENCY 2176900
TIMELINE 56 1048 241734337116200 2176900
LATENCY 2217600
TIMELINE 56 1064 241734378157100 2217600
LATENCY 2154100
TIMELINE 56 1080 241734414149900 2154100
LATENCY 2283200
TIMELINE 56 1096 241734450328500 2283200
LATENCY 2209700
TIMELINE 56 1112 241734486399000 2209700
LATENCY 2176300
TIMELINE 56 1128 241734521142700 2176300
LATENCY 2329000
TIMELINE 56 1144 241734555988800 2329000
LATENCY 2131800
TIMELINE 56 1160 241734591703900 2131800
LATENCY 2304400
TIMELINE 56 1176 241734628198100 2304400
LATENCY 7632900
TIMELINE 56 1192 241734663046600 7632900
LATENCY 2225200
TIMELINE 56 1208 241734703282100 2225200
LATENCY 2534900
TIMELINE 56 1224 241734738229400 2534900
LATENCY 2818800
TIMELINE 56 1240 241734780990900 2818800
LATENCY 2821600
TIMELINE 56 1256 241734832034500 2821600
LATENCY 3028400
TIMELINE 56 1272 241734876693000 3028400
LATENCY 2704500
TIMELINE 56 1288 241734925756300 2704500
LATENCY 2942400
TIMELINE 56 1304 241734969634200 2942400
LATENCY 2678200
TIMELINE 56 1320 241735012855200 2678200
LATENCY 2770500
TIMELINE 56 1336 241735062791900 2770500
LATENCY 3002000
TIMELINE 56 1352 241735107393300 3002000
LATENCY 3072300
TIMELINE 56 1368 241735154582800 3072300
LATENCY 2835900
TIMELINE 56 1384 241735199686300 2835900
LATENCY 3017800
TIMELINE 56 1400 241735245310300 3017800
LATENCY 3076000
TIMELINE 56 1416 241735296927400 3076000
LATENCY 2786100
TIMELINE 56 1432 241735345066600 2786100
LATENCY 2687400
TIMELINE 56 1448 241735390537300 2687400
LATENCY 2971900
TIMELINE 56 1464 241735442771300 2971900
LATENCY 2925200
TIMELINE 56 1480 241735489780600 2925200
LATENCY 3046900
TIMELINE 56 1496 241735536864400 3046900
LATENCY 3419100
TIMELINE 56 1512 241735590553300 3419100
LATENCY 3053700
TIMELINE 56 1528 241735645179800 3053700
LATENCY 3081400
TIMELINE 56 1544 241735693969900 3081400
LATENCY 3317300
TIMELINE 56 1560 241735744691200 3317300
LATENCY 3145700
TIMELINE 56 1576 241735789570000 3145700
LATENCY 3321300
TIMELINE 56 1592 241735843475100 3321300
LATENCY 2720700
TIMELINE 56 1608 241735888239500 2720700
LATENCY 2623400
TIMELINE 56 1624 241735930741700 2623400
LATENCY 2820600
TIMELINE 56 1640 241735980469200 2820600
LATENCY 3029700
TIMELINE 56 1656 241736026254100 3029700
LATENCY 2754100
TIMELINE 56 1672 241736070737100 2754100
LATENCY 2855000
TIMELINE 56 1688 241736117294100 2855000
LATENCY 2731600
TIMELINE 56 1704 241736160154000 2731600
LATENCY 3338400
TIMELINE 56 1720 241736203857500 3338400
LATENCY 3009600
TIMELINE 56 1736 241736258933300 3009600
LATENCY 3263800
TIMELINE 56 1752 241736305929700 3263800
LATENCY 2835400
TIMELINE 56 1768 241736357500100 2835400
LATENCY 3079000
TIMELINE 56 1784 241736399936800 3079000
LATENCY 3165700
TIMELINE 56 1800 241736450693600 3165700
LATENCY 3268900
TIMELINE 56 1816 241736500573300 3268900
LATENCY 3430100
TIMELINE 56 1832 241736554096400 3430100
LATENCY 3383100
TIMELINE 56 1848 241736608895200 3383100
LATENCY 3340100
TIMELINE 56 1864 241736672292000 3340100
LATENCY 3004700
TIMELINE 56 1880 241736717896700 3004700
LATENCY 2839900
TIMELINE 56 1896 241736761236900 2839900
LATENCY 3013500
TIMELINE 56 1912 241736809078400 3013500
LATENCY 2849000
TIMELINE 56 1928 241736857553200 2849000
LATENCY 2764600
TIMELINE 56 1944 241736902357900 2764600
LATENCY 2210300
TIMELINE 56 1960 241736947873900 2210300
LATENCY 2760500
TIMELINE 56 1976 241736991742900 2760500
LATENCY 8466000
TIMELINE 56 1992 241737038557800 8466000
LATENCY 2973300
TIMELINE 56 2008 241737089296600 2973300
LATENCY 2680800
TIMELINE 56 2024 241737135983200 2680800
LATENCY 2783600
TIMELINE 56 2040 241737182960100 2783600
LATENCY 1995200
TIMELINE 57 9 241731925678200 1995200
LATENCY 2175400
TIMELINE 57 25 241731963026600 2175400
LATENCY 2211600
TIMELINE 57 41 241731999316900 2211600
LATENCY 2196200
TIMELINE 57 57 241732034222700 2196200
LATENCY 2176400
TIMELINE 57 73 241732069465400 2176400
LATENCY 2133600
TIMELINE 57 89 241732104129600 2133600
LATENCY 2140400
TIMELINE 57 105 241732138993200 2140400
LATENCY 2281700
TIMELINE 57 121 241732175689000 2281700
LATENCY 2239000
TIMELINE 57 137 241732230771000 2239000
LATENCY 2196100
TIMELINE 57 153 241732266764900 2196100
LATENCY 2199600
TIMELINE 57 169 241732302875300 2199600
LATENCY 2340900
TIMELINE 57 185 241732340066900 2340900
LATENCY 2101300
TIMELINE 57 201 241732376345600 2101300
LATENCY 2164700
TIMELINE 57 217 241732410382100 2164700
LATENCY 2151900
TIMELINE 57 233 241732445370200 2151900
LATENCY 2138600
TIMELINE 57 249 241732480102000 2138600
LATENCY 2113900
TIMELINE 57 265 241732534387300 2113900
LATENCY 2097800
TIMELINE 57 281 241732569160100 2097800
LATENCY 2192100
TIMELINE 57 297 241732603425800 2192100
LATENCY 2066400
TIMELINE 57 313 241732644685300 2066400
LATENCY 2138600
TIMELINE 57 329 241732679427300 2138600
LATENCY 2163700
TIMELINE 57 345 241732714946200 2163700
LATENCY 2272800
TIMELINE 57 361 241732750329200 2272800
LATENCY 2196200
TIMELINE 57 377 241732786379400 2196200
LATENCY 2489000
TIMELINE 57 393 241732842106000 2489000
LATENCY 2234600
TIMELINE 57 409 241732878693700 2234600
LATENCY 2104200
TIMELINE 57 425 241732913414400 2104200
LATENCY 2163900
TIMELINE 57 441 241732947647900 2163900
LATENCY 2186500
TIMELINE 57 457 241732982257500 2186500
LATENCY 2209100
TIMELINE 57 473 241733017259800 2209100
LATENCY 2231400
TIMELINE 57 489 241733052134200 2231400
LATENCY 2095800
TIMELINE 57 505 241733087024700 2095800
LATENCY 2063300
TIMELINE 57 521 241733120564000 2063300
LATENCY 2077800
TIMELINE 57 537 241733173363400 2077800
LATENCY 2175400
TIMELINE 57 553 241733208263500 2175400
LATENCY 2098500
TIMELINE 57 569 241733241887400 2098500
LATENCY 2125500
TIMELINE 57 585 241733276373500 2125500
LATENCY 2230800
TIMELINE 57 601 241733310335700 2230800
LATENCY 2145200
TIMELINE 57 617 241733344828500 2145200
LATENCY 2130000
TIMELINE 57 633 241733378740600 2130000
LATENCY 2185200
TIMELINE 57 649 241733412350900 2185200
LATENCY 2098500
TIMELINE 57 665 241733465125600 2098500
LATENCY 2171400
TIMELINE 57 681 241733499795000 2171400
LATENCY 2181400
TIMELINE 57 697 241733534483600 2181400
LATENCY 2073600
TIMELINE 57 713 241733568971700 2073600
LATENCY 2122500
TIMELINE 57 729 241733603183200 2122500
LATENCY 2092500
TIMELINE 57 745 241733636858600 2092500
LATENCY 2104600
TIMELINE 57 761 241733670605700 2104600
LATENCY 2196800
TIMELINE 57 777 241733709372800 2196800
LATENCY 2272300
TIMELINE 57 793 241733764476500 2272300
LATENCY 2162400
TIMELINE 57 809 241733799771200 2162400
LATENCY 2125300
TIMELINE 57 825 241733834198600 2125300
LATENCY 2113400
TIMELINE 57 841 241733868383400 2113400
LATENCY 2365700
TIMELINE 57 857 241733903957500 2365700
LATENCY 2122200
TIMELINE 57 873 241733939385700 2122200
LATENCY 2077400
TIMELINE 57 889 241733974799000 2077400
LATENCY 2113100
TIMELINE 57 905 241734010872700 2113100
LATENCY 2037700
TIMELINE 57 921 241734044564100 2037700
LATENCY 2077600
TIMELINE 57 937 241734098544900 2077600
LATENCY 2139700
TIMELINE 57 953 241734133678000 2139700
LATENCY 2195800
TIMELINE 57 969 241734167587100 2195800
LATENCY 2076400
TIMELINE 57 985 241734202118600 2076400
LATENCY 2120600
TIMELINE 57 1001 241734236830700 2120600
LATENCY 2133500
TIMELINE 57 1017 241734270794500 2133500
LATENCY 2075100
TIMELINE 57 1033 241734304588900 2075100
LATENCY 2159400
TIMELINE 57 1049 241734340175500 2159400
LATENCY 2189000
TIMELINE 57 1065 241734381118500 2189000
LATENCY 2343600
TIMELINE 57 1081 241734416991700 2343600
LATENCY 2331900
TIMELINE 57 1097 241734453304400 2331900
LATENCY 2181500
TIMELINE 57 1113 241734489190900 2181500
LATENCY 2202600
TIMELINE 57 1129 241734523912000 2202600
LATENCY 2340600
TIMELINE 57 1145 241734559018000 2340600
LATENCY 2248900
TIMELINE 57 1161 241734594508500 2248900
LATENCY 2124000
TIMELINE 57 1177 241734631073000 2124000
LATENCY 2253800
TIMELINE 57 1193 241734671356200 2253800
LATENCY 2120800
TIMELINE 57 1209 241734706177300 2120800
LATENCY 2198300
TIMELINE 57 1225 241734741476700 2198300
LATENCY 2775200
TIMELINE 57 1241 241734784792000 2775200
LATENCY 2741900
TIMELINE 57 1257 241734835654100 2741900
LATENCY 3006900
TIMELINE 57 1273 241734880598400 3006900
LATENCY 2557500
TIMELINE 57 1289 241734929208700 2557500
LATENCY 2939100
TIMELINE 57 1305 241734973485800 2939100
LATENCY 2603400
TIMELINE 57 1321 241735016356200 2603400
LATENCY 2688800
TIMELINE 57 1337 241735066405500 2688800
LATENCY 2916700
TIMELINE 57 1353 241735111242100 2916700
LATENCY 2965200
TIMELINE 57 1369 241735158458900 2965200
LATENCY 2729800
TIMELINE 57 1385 241735203259900 2729800
LATENCY 2941200
TIMELINE 57 1401 241735249133600 2941200
LATENCY 2994600
TIMELINE 57 1417 241735300616600 2994600
LATENCY 2738800
TIMELINE 57 1433 241735348413100 2738800
LATENCY 2732300
TIMELINE 57 1449 241735393748400 2732300
LATENCY 3033400
TIMELINE 57 1465 241735446440800 3033400
LATENCY 3000500
TIMELINE 57 1481 241735493390300 3000500
LATENCY 4169300
TIMELINE 57 1497 241735540640600 4169300
LATENCY 3454100
TIMELINE 57 1513 241735594925400 3454100
LATENCY 3235600
TIMELINE 57 1529 241735649000000 3235600
LATENCY 3187300
TIMELINE 57 1545 241735697944500 3187300
LATENCY 2786700
TIMELINE 57 1561 241735748758700 2786700
LATENCY 3092500
TIMELINE 57 1577 241735793542600 3092500
LATENCY 2975000
TIMELINE 57 1593 241735848059900 2975000
LATENCY 2622200
TIMELINE 57 1609 241735892006700 2622200
LATENCY 2680600
TIMELINE 57 1625 241735934384600 2680600
LATENCY 2696000
TIMELINE 57 1641 241735984401000 2696000
LATENCY 2614900
TIMELINE 57 1657 241736032633600 2614900
LATENCY 2733700
TIMELINE 57 1673 241736076962500 2733700
LATENCY 2736300
TIMELINE 57 1689 241736123700500 2736300
LATENCY 2749300
TIMELINE 57 1705 241736166355100 2749300
LATENCY 3013000
TIMELINE 57 1721 241736211121300 3013000
LATENCY 3026400
TIMELINE 57 1737 241736265681600 3026400
LATENCY 3333700
TIMELINE 57 1753 241736313162800 3333700
LATENCY 2461300
TIMELINE 57 1769 241736364015300 2461300
LATENCY 3351400
TIMELINE 57 1785 241736406918300 3351400
LATENCY 3101800
TIMELINE 57 1801 241736457947200 3101800
LATENCY 3269900
TIMELINE 57 1817 241736507991200 3269900
LATENCY 3629700
TIMELINE 57 1833 241736561817300 3629700
LATENCY 3426200
TIMELINE 57 1849 241736616604200 3426200
LATENCY 3232300
TIMELINE 57 1865 241736679993300 3232300
LATENCY 2757800
TIMELINE 57 1881 241736724655100 2757800
LATENCY 3037200
TIMELINE 57 1897 241736767938400 3037200
LATENCY 2982700
TIMELINE 57 1913 241736816185600 2982700
LATENCY 3042500
TIMELINE 57 1929 241736863862700 3042500
LATENCY 3079900
TIMELINE 57 1945 241736908825100 3079900
LATENCY 2777000
TIMELINE 57 1961 241736953320600 2777000
LATENCY 2750800
TIMELINE 57 1977 241736998058300 2750800
LATENCY 2702000
TIMELINE 57 1993 241737050412000 2702000
LATENCY 2997100
TIMELINE 57 2009 241737095876500 2997100
LATENCY 2876000
TIMELINE 57 2025 241737142295600 2876000
LATENCY 2937100
TIMELINE 57 2041 241737189185800 2937100
LATENCY 2282800
TIMELINE 58 10 241731927478300 2282800
LATENCY 2366600
TIMELINE 58 26 241731965113300 2366600
LATENCY 2152900
TIMELINE 58 42 241732001440400 2152900
LATENCY 2234900
TIMELINE 58 58 241732036331800 2234900
LATENCY 2123200
TIMELINE 58 74 241732071604600 2123200
LATENCY 2138600
TIMELINE 58 90 241732106327900 2138600
LATENCY 2161100
TIMELINE 58 106 241732141168900 2161100
LATENCY 2245600
TIMELINE 58 122 241732177904800 2245600
LATENCY 2183800
TIMELINE 58 138 241732232854600 2183800
LATENCY 2188500
TIMELINE 58 154 241732268788200 2188500
LATENCY 2175300
TIMELINE 58 170 241732304805100 2175300
LATENCY 2229800
TIMELINE 58 186 241732341969000 2229800
LATENCY 2113600
TIMELINE 58 202 241732378049500 2113600
LATENCY 2162400
TIMELINE 58 218 241732412150400 2162400
LATENCY 2192600
TIMELINE 58 234 241732447127400 2192600
LATENCY 2470400
TIMELINE 58 250 241732481864300 2470400
LATENCY 2102800
TIMELINE 58 266 241732536378200 2102800
LATENCY 2153400
TIMELINE 58 282 241732571129500 2153400
LATENCY 2161100
TIMELINE 58 298 241732605537800 2161100
LATENCY 2070800
TIMELINE 58 314 241732646782900 2070800
LATENCY 2154000
TIMELINE 58 330 241732681650900 2154000
LATENCY 2199700
TIMELINE 58 346 241732717024500 2199700
LATENCY 2287200
TIMELINE 58 362 241732752810000 2287200
LATENCY 2229700
TIMELINE 58 378 241732788836200 2229700
LATENCY 2433100
TIMELINE 58 394 241732844950900 2433100
LATENCY 2338400
TIMELINE 58 410 241732881200500 2338400
LATENCY 2081200
TIMELINE 58 426 241732915795500 2081200
LATENCY 2164200
TIMELINE 58 442 241732950070700 2164200
LATENCY 2150500
TIMELINE 58 458 241732984789200 2150500
LATENCY 2231600
TIMELINE 58 474 241733019880700 2231600
LATENCY 2471900
TIMELINE 58 490 241733055193800 2471900
LATENCY 2057600
TIMELINE 58 506 241733089731200 2057600
LATENCY 2059800
TIMELINE 58 522 241733123239600 2059800
LATENCY 2294700
TIMELINE 58 538 241733176092100 2294700
LATENCY 2078800
TIMELINE 58 554 241733211218900 2078800
LATENCY 2113800
TIMELINE 58 570 241733244712200 2113800
LATENCY 2083700
TIMELINE 58 586 241733279231900 2083700
LATENCY 2112100
TIMELINE 58 602 241733313268400 2112100
LATENCY 2122600
TIMELINE 58 618 241733347628600 2122600
LATENCY 2103900
TIMELINE 58 634 241733381538400 2103900
LATENCY 2122600
TIMELINE 58 650 241733415231300 2122600
LATENCY 2127000
TIMELINE 58 666 241733467977500 2127000
LATENCY 2115500
TIMELINE 58 682 241733502814000 2115500
LATENCY 2168400
TIMELINE 58 698 241733537515700 2168400
LATENCY 2138400
TIMELINE 58 714 241733571859300 2138400
LATENCY 2120200
TIMELINE 58 730 241733606091400 2120200
LATENCY 2111600
TIMELINE 58 746 241733639787500 2111600
LATENCY 2127400
TIMELINE 58 762 241733673501100 2127400
LATENCY 2183100
TIMELINE 58 778 241733712555700 2183100
LATENCY 2197600
TIMELINE 58 794 241733767747700 2197600
LATENCY 2178900
TIMELINE 58 810 241733802801900 2178900
LATENCY 2181300
TIMELINE 58 826 241733837159700 2181300
LATENCY 2108400
TIMELINE 58 842 241733871333300 2108400
LATENCY 2212200
TIMELINE 58 858 241733906945200 2212200
LATENCY 2127700
TIMELINE 58 874 241733942076200 2127700
LATENCY 2173100
TIMELINE 58 890 241733977390300 2173100
LATENCY 2079900
TIMELINE 58 906 241734013328200 2079900
LATENCY 2110400
TIMELINE 58 922 241734046949500 2110400
LATENCY 2145700
TIMELINE 58 938 241734101124700 2145700
LATENCY 2094900
TIMELINE 58 954 241734136408800 2094900
LATENCY 2144000
TIMELINE 58 970 241734170421000 2144000
LATENCY 2279700
TIMELINE 58 986 241734204805400 2279700
LATENCY 2135400
TIMELINE 58 1002 241734239601600 2135400
LATENCY 2149700
TIMELINE 58 1018 241734273574200 2149700
LATENCY 2216800
TIMELINE 58 1034 241734307292400 2216800
LATENCY 2167200
TIMELINE 58 1050 241734343241600 2167200
LATENCY 2290400
TIMELINE 58 1066 241734384436200 2290400
LATENCY 2209600
TIMELINE 58 1082 241734420440800 2209600
LATENCY 2327800
TIMELINE 58 1098 241734456886400 2327800
LATENCY 2184300
TIMELINE 58 1114 241734492473500 2184300
LATENCY 2120500
TIMELINE 58 1130 241734527196500 2120500
LATENCY 2256500
TIMELINE 58 1146 241734562537600 2256500
LATENCY 2372700
TIMELINE 58 1162 241734597864100 2372700
LATENCY 2197700
TIMELINE 58 1178 241734634391300 2197700
LATENCY 2108900
TIMELINE 58 1194 241734674757500 2108900
LATENCY 2127700
TIMELINE 58 1210 241734709461800 2127700
LATENCY 2159700
TIMELINE 58 1226 241734744914700 2159700
LATENCY 2978400
TIMELINE 58 1242 241734789135900 2978400
LATENCY 2750000
TIMELINE 58 1258 241734839978400 2750000
LATENCY 2980600
TIMELINE 58 1274 241734885330600 2980600
LATENCY 2602300
TIMELINE 58 1290 241734933325600 2602300
LATENCY 2790300
TIMELINE 58 1306 241734977953200 2790300
LATENCY 2713200
TIMELINE 58 1322 241735020433800 2713200
LATENCY 2766100
TIMELINE 58 1338 241735070583100 2766100
LATENCY 2733600
TIMELINE 58 1354 241735115863700 2733600
LATENCY 2998100
TIMELINE 58 1370 241735163021000 2998100
LATENCY 2729800
TIMELINE 58 1386 241735207468500 2729800
LATENCY 2904700
TIMELINE 58 1402 241735253724000 2904700
LATENCY 3029400
TIMELINE 58 1418 241735305498300 3029400
LATENCY 2679600
TIMELINE 58 1434 241735352862900 2679600
LATENCY 2866700
TIMELINE 58 1450 241735398180100 2866700
LATENCY 2924000
TIMELINE 58 1466 241735451206200 2924000
LATENCY 2928300
TIMELINE 58 1482 241735498151200 2928300
LATENCY 2987100
TIMELINE 58 1498 241735547408600 2987100
LATENCY 3384000
TIMELINE 58 1514 241735600312900 3384000
LATENCY 2957900
TIMELINE 58 1530 241735653984400 2957900
LATENCY 3198600
TIMELINE 58 1546 241735702987000 3198600
LATENCY 2905600
TIMELINE 58 1562 241735753197500 2905600
LATENCY 3085700
TIMELINE 58 1578 241735798328600 3085700
LATENCY 2926100
TIMELINE 58 1594 241735852306900 2926100
LATENCY 2601700
TIMELINE 58 1610 241735895786700 2601700
LATENCY 2744400
TIMELINE 58 1626 241735938409100 2744400
LATENCY 2732000
TIMELINE 58 1642 241735988232500 2732000
LATENCY 2728700
TIMELINE 58 1658 241736035848800 2728700
LATENCY 2972900
TIMELINE 58 1674 241736080266300 2972900
LATENCY 2668700
TIMELINE 58 1690 241736127095000 2668700
LATENCY 2717200
TIMELINE 58 1706 241736169672900 2717200
LATENCY 3018300
TIMELINE 58 1722 241736214888500 3018300
LATENCY 3093800
TIMELINE 58 1738 241736269572200 3093800
LATENCY 3185700
TIMELINE 58 1754 241736317224100 3185700
LATENCY 2401500
TIMELINE 58 1770 241736366903700 2401500
LATENCY 3274000
TIMELINE 58 1786 241736410977200 3274000
LATENCY 3189700
TIMELINE 58 1802 241736461694700 3189700
LATENCY 3242100
TIMELINE 58 1818 241736511902300 3242100
LATENCY 3485900
TIMELINE 58 1834 241736566117900 3485900
LATENCY 3415300
TIMELINE 58 1850 241736620583600 3415300
LATENCY 2959400
TIMELINE 58 1866 241736683758400 2959400
LATENCY 2648100
TIMELINE 58 1882 241736727838100 2648100
LATENCY 2988800
TIMELINE 58 1898 241736771450600 2988800
LATENCY 3018300
TIMELINE 58 1914 241736819705300 3018300
LATENCY 2698600
TIMELINE 58 1930 241736867435800 2698600
LATENCY 3018800
TIMELINE 58 1946 241736912409800 3018800
LATENCY 2940000
TIMELINE 58 1962 241736957021800 2940000
LATENCY 2749500
TIMELINE 58 1978 241737001688700 2749500
LATENCY 2841600
TIMELINE 58 1994 241737054058800 2841600
LATENCY 2887800
TIMELINE 58 2010 241737099856100 2887800
LATENCY 2846900
TIMELINE 58 2026 241737146190300 2846900
LATENCY 2880600
TIMELINE 58 2042 241737193140000 2880600
LATENCY 3381500
TIMELINE 59 11 241731929918500 3381500
LATENCY 2336600
TIMELINE 59 27 241731967660900 2336600
LATENCY 2152800
TIMELINE 59 43 241732003781400 2152800
LATENCY 2183800
TIMELINE 59 59 241732038792800 2183800
LATENCY 2184900
TIMELINE 59 75 241732073844200 2184900
LATENCY 2170600
TIMELINE 59 91 241732108532500 2170600
LATENCY 2140900
TIMELINE 59 107 241732143396000 2140900
LATENCY 2327700
TIMELINE 59 123 241732180420200 2327700
LATENCY 2209700
TIMELINE 59 139 241732235293500 2209700
LATENCY 2515100
TIMELINE 59 155 241732271499900 2515100
LATENCY 2281800
TIMELINE 59 171 241732307541900 2281800
LATENCY 2323900
TIMELINE 59 187 241732344637200 2323900
LATENCY 2076400
TIMELINE 59 203 241732380479800 2076400
LATENCY 2174900
TIMELINE 59 219 241732414619300 2174900
LATENCY 2166300
TIMELINE 59 235 241732449636200 2166300
LATENCY 2386400
TIMELINE 59 251 241732484706000 2386400
LATENCY 2104400
TIMELINE 59 267 241732538537300 2104400
LATENCY 2064400
TIMELINE 59 283 241732573313900 2064400
LATENCY 2102000
TIMELINE 59 299 241732607737400 2102000
LATENCY 2119300
TIMELINE 59 315 241732648795700 2119300
LATENCY 2177000
TIMELINE 59 331 241732683746500 2177000
LATENCY 2350800
TIMELINE 59 347 241732719258000 2350800
LATENCY 2457400
TIMELINE 59 363 241732754905100 2457400
LATENCY 2197700
TIMELINE 59 379 241732790852000 2197700
LATENCY 2268700
TIMELINE 59 395 241732847128900 2268700
LATENCY 2240000
TIMELINE 59 411 241732883147600 2240000
LATENCY 2115700
TIMELINE 59 427 241732917521700 2115700
LATENCY 2162700
TIMELINE 59 443 241732952066200 2162700
LATENCY 2313800
TIMELINE 59 459 241732986722200 2313800
LATENCY 2082900
TIMELINE 59 475 241733021883200 2082900
LATENCY 2244700
TIMELINE 59 491 241733057132700 2244700
LATENCY 2055900
TIMELINE 59 507 241733091355700 2055900
LATENCY 2094700
TIMELINE 59 523 241733124845200 2094700
LATENCY 2251600
TIMELINE 59 539 241733177905000 2251600
LATENCY 2092500
TIMELINE 59 555 241733212788500 2092500
LATENCY 2072800
TIMELINE 59 571 241733246359500 2072800
LATENCY 2087500
TIMELINE 59 587 241733280786800 2087500
LATENCY 2160100
TIMELINE 59 603 241733314804100 2160100
LATENCY 2169100
TIMELINE 59 619 241733349176100 2169100
LATENCY 2108500
TIMELINE 59 635 241733383082900 2108500
LATENCY 2096400
TIMELINE 59 651 241733416802300 2096400
LATENCY 2113800
TIMELINE 59 667 241733469535400 2113800
LATENCY 2120800
TIMELINE 59 683 241733504309200 2120800
LATENCY 2163600
TIMELINE 59 699 241733539009000 2163600
LATENCY 2095000
TIMELINE 59 715 241733573371500 2095000
LATENCY 2084000
TIMELINE 59 731 241733607593900 2084000
LATENCY 2109300
TIMELINE 59 747 241733641281100 2109300
LATENCY 2103900
TIMELINE 59 763 241733675030600 2103900
LATENCY 2092200
TIMELINE 59 779 241733713976700 2092200
LATENCY 2145300
TIMELINE 59 795 241733769163300 2145300
LATENCY 2181600
TIMELINE 59 811 241733804200300 2181600
LATENCY 2100100
TIMELINE 59 827 241733838600200 2100100
LATENCY 2124100
TIMELINE 59 843 241733872697200 2124100
LATENCY 2289800
TIMELINE 59 859 241733908502000 2289800
LATENCY 2101100
TIMELINE 59 875 241733943573400 2101100
LATENCY 2285500
TIMELINE 59 891 241733978991100 2285500
LATENCY 2080300
TIMELINE 59 907 241734015024000 2080300
LATENCY 2067700
TIMELINE 59 923 241734048673100 2067700
LATENCY 2388700
TIMELINE 59 939 241734102774400 2388700
LATENCY 2114300
TIMELINE 59 955 241734137994200 2114300
LATENCY 2059500
TIMELINE 59 971 241734172048900 2059500
LATENCY 2271300
TIMELINE 59 987 241734206467800 2271300
LATENCY 2125500
TIMELINE 59 1003 241734241211200 2125500
LATENCY 2084700
TIMELINE 59 1019 241734275208600 2084700
LATENCY 2273100
TIMELINE 59 1035 241734309006500 2273100
LATENCY 2190600
TIMELINE 59 1051 241734345293600 2190600
LATENCY 2099600
TIMELINE 59 1067 241734386550600 2099600
LATENCY 2216600
TIMELINE 59 1083 241734422508200 2216600
LATENCY 2230000
TIMELINE 59 1099 241734458976700 2230000
LATENCY 2142000
TIMELINE 59 1115 241734494401500 2142000
LATENCY 2153200
TIMELINE 59 1131 241734529065700 2153200
LATENCY 2283100
TIMELINE 59 1147 241734564467600 2283100
LATENCY 2202900
TIMELINE 59 1163 241734599936100 2202900
LATENCY 2215100
TIMELINE 59 1179 241734636255600 2215100
LATENCY 2149300
TIMELINE 59 1195 241734676509300 2149300
LATENCY 2104200
TIMELINE 59 1211 241734711251600 2104200
LATENCY 2134400
TIMELINE 59 1227 241734746726400 2134400
LATENCY 2895800
TIMELINE 59 1243 241734791612300 2895800
LATENCY 2756300
TIMELINE 59 1259 241734842267400 2756300
LATENCY 3032300
TIMELINE 59 1275 241734887809500 3032300
LATENCY 2539400
TIMELINE 59 1291 241734935512200 2539400
LATENCY 2578700
TIMELINE 59 1307 241734980431600 2578700
LATENCY 2838000
TIMELINE 59 1323 241735022830100 2838000
LATENCY 2717500
TIMELINE 59 1339 241735073150300 2717500
LATENCY 2817600
TIMELINE 59 1355 241735118450600 2817600
LATENCY 3002600
TIMELINE 59 1371 241735165697000 3002600
LATENCY 2856600
TIMELINE 59 1387 241735209965100 2856600
LATENCY 2915200
TIMELINE 59 1403 241735256345700 2915200
LATENCY 2976300
TIMELINE 59 1419 241735308230000 2976300
LATENCY 2717900
TIMELINE 59 1435 241735355245900 2717900
LATENCY 2863800
TIMELINE 59 1451 241735400706600 2863800
LATENCY 2888000
TIMELINE 59 1467 241735453845500 2888000
LATENCY 2941300
TIMELINE 59 1483 241735500798400 2941300
LATENCY 2892400
TIMELINE 59 1499 241735550091600 2892400
LATENCY 3564000
TIMELINE 59 1515 241735603386900 3564000
LATENCY 2909900
TIMELINE 59 1531 241735656658900 2909900
LATENCY 2949000
TIMELINE 59 1547 241735705892400 2949000
LATENCY 2890000
TIMELINE 59 1563 241735755836900 2890000
LATENCY 3091600
TIMELINE 59 1579 241735801115900 3091600
LATENCY 2994100
TIMELINE 59 1595 241735854813600 2994100
LATENCY 2631300
TIMELINE 59 1611 241735898004200 2631300
LATENCY 2754500
TIMELINE 59 1627 241735940746900 2754500
LATENCY 2714100
TIMELINE 59 1643 241735990522700 2714100
LATENCY 2728400
TIMELINE 59 1659 241736037695700 2728400
LATENCY 3004400
TIMELINE 59 1675 241736082240300 3004400
LATENCY 2613000
TIMELINE 59 1691 241736128874000 2613000
LATENCY 2851100
TIMELINE 59 1707 241736171439900 2851100
LATENCY 3016400
TIMELINE 59 1723 241736216834800 3016400
LATENCY 2903800
TIMELINE 59 1739 241736271649800 2903800
LATENCY 3297500
TIMELINE 59 1755 241736319321600 3297500
LATENCY 2471200
TIMELINE 59 1771 241736368492200 2471200
LATENCY 3245200
TIMELINE 59 1787 241736413189900 3245200
LATENCY 3169300
TIMELINE 59 1803 241736463767300 3169300
LATENCY 3275400
TIMELINE 59 1819 241736514093800 3275400
LATENCY 3301900
TIMELINE 59 1835 241736568607300 3301900
LATENCY 3429500
TIMELINE 59 1851 241736623030400 3429500
LATENCY 2548700
TIMELINE 59 1867 241736685976500 2548700
LATENCY 2553300
TIMELINE 59 1883 241736729742200 2553300
LATENCY 3044900
TIMELINE 59 1899 241736773553100 3044900
LATENCY 3041100
TIMELINE 59 1915 241736821950000 3041100
LATENCY 2859400
TIMELINE 59 1931 241736869513100 2859400
LATENCY 2916300
TIMELINE 59 1947 241736914552600 2916300
LATENCY 2988100
TIMELINE 59 1963 241736958664600 2988100
LATENCY 2733400
TIMELINE 59 1979 241737003336800 2733400
LATENCY 2799400
TIMELINE 59 1995 241737055684000 2799400
LATENCY 2838200
TIMELINE 59 2011 241737101624600 2838200
LATENCY 2978200
TIMELINE 59 2027 241737147885400 2978200
LATENCY 3452400
TIMELINE 59 2043 241737194834400 3452400
LATENCY 2320400
TIMELINE 60 12 241731933253200 2320400
LATENCY 2440300
TIMELINE 60 28 241731970036700 2440300
LATENCY 2111300
TIMELINE 60 44 241732005967800 2111300
LATENCY 2140700
TIMELINE 60 60 241732040945500 2140700
LATENCY 2113500
TIMELINE 60 76 241732075999800 2113500
LATENCY 2086800
TIMELINE 60 92 241732110673400 2086800
LATENCY 2182100
TIMELINE 60 108 241732145508800 2182100
LATENCY 2305500
TIMELINE 60 124 241732182604400 2305500
LATENCY 2190200
TIMELINE 60 140 241732237292200 2190200
LATENCY 2409000
TIMELINE 60 156 241732273480000 2409000
LATENCY 2287800
TIMELINE 60 172 241732309451300 2287800
LATENCY 2489400
TIMELINE 60 188 241732346732400 2489400
LATENCY 2096800
TIMELINE 60 204 241732382473400 2096800
LATENCY 2171700
TIMELINE 60 220 241732416715700 2171700
LATENCY 2130800
TIMELINE 60 236 241732451719500 2130800
LATENCY 2152500
TIMELINE 60 252 241732487006600 2152500
LATENCY 2093600
TIMELINE 60 268 241732540473100 2093600
LATENCY 2074200
TIMELINE 60 284 241732575219900 2074200
LATENCY 2112800
TIMELINE 60 300 241732609645500 2112800
LATENCY 2033900
TIMELINE 60 316 241732650802900 2033900
LATENCY 2164300
TIMELINE 60 332 241732685844700 2164300
LATENCY 2141900
TIMELINE 60 348 241732721517500 2141900
LATENCY 2323800
TIMELINE 60 364 241732757165300 2323800
LATENCY 2226600
TIMELINE 60 380 241732792996600 2226600
LATENCY 2245000
TIMELINE 60 396 241732849254000 2245000
LATENCY 2206400
TIMELINE 60 412 241732885146000 2206400
LATENCY 2099300
TIMELINE 60 428 241732919407800 2099300
LATENCY 2269500
TIMELINE 60 444 241732953884300 2269500
LATENCY 2284400
TIMELINE 60 460 241732988647100 2284400
LATENCY 2173600
TIMELINE 60 476 241733023681100 2173600
LATENCY 2230400
TIMELINE 60 492 241733059230400 2230400
LATENCY 2085600
TIMELINE 60 508 241733093277500 2085600
LATENCY 20369100
TIMELINE 60 524 241733126802900 20369100
LATENCY 2367300
TIMELINE 60 540 241733179988100 2367300
LATENCY 2102700
TIMELINE 60 556 241733214705900 2102700
LATENCY 2111900
TIMELINE 60 572 241733248267000 2111900
LATENCY 2124400
TIMELINE 60 588 241733282756600 2124400
LATENCY 2250300
TIMELINE 60 604 241733316827500 2250300
LATENCY 2111800
TIMELINE 60 620 241733351196400 2111800
LATENCY 2128800
TIMELINE 60 636 241733385054800 2128800
LATENCY 2072200
TIMELINE 60 652 241733418792000 2072200
LATENCY 2123500
TIMELINE 60 668 241733471475000 2123500
LATENCY 2117600
TIMELINE 60 684 241733506256200 2117600
LATENCY 2112900
TIMELINE 60 700 241733540995700 2112900
LATENCY 2147000
TIMELINE 60 716 241733575293000 2147000
LATENCY 2119500
TIMELINE 60 732 241733609504500 2119500
LATENCY 2115500
TIMELINE 60 748 241733643210600 2115500
LATENCY 2109400
TIMELINE 60 764 241733676967500 2109400
LATENCY 2175500
TIMELINE 60 780 241733715897800 2175500
LATENCY 2122600
TIMELINE 60 796 241733771104800 2122600
LATENCY 2170000
TIMELINE 60 812 241733806211800 2170000
LATENCY 2119200
TIMELINE 60 828 241733840534300 2119200
LATENCY 2101600
TIMELINE 60 844 241733874650400 2101600
LATENCY 2224500
TIMELINE 60 860 241733910635000 2224500
LATENCY 2163500
TIMELINE 60 876 241733945531600 2163500
LATENCY 2314400
TIMELINE 60 892 241733981247900 2314400
LATENCY 2075800
TIMELINE 60 908 241734016993100 2075800
LATENCY 2098400
TIMELINE 60 924 241734050625600 2098400
LATENCY 2456200
TIMELINE 60 940 241734105077100 2456200
LATENCY 2100400
TIMELINE 60 956 241734139991700 2100400
LATENCY 2146500
TIMELINE 60 972 241734174079900 2146500
LATENCY 2195200
TIMELINE 60 988 241734209081500 2195200
LATENCY 2182700
TIMELINE 60 1004 241734243667200 2182700
LATENCY 2096800
TIMELINE 60 1020 241734277687400 2096800
LATENCY 2350300
TIMELINE 60 1036 241734311825500 2350300
LATENCY 2098100
TIMELINE 60 1052 241734347574000 2098100
LATENCY 2495900
TIMELINE 60 1068 241734388738200 2495900
LATENCY 2207600
TIMELINE 60 1084 241734424803400 2207600
LATENCY 2223500
TIMELINE 60 1100 241734461405100 2223500
LATENCY 2119300
TIMELINE 60 1116 241734496865400 2119300
LATENCY 2137900
TIMELINE 60 1132 241734531539200 2137900
LATENCY 2296700
TIMELINE 60 1148 241734567036000 2296700
LATENCY 2289200
TIMELINE 60 1164 241734602427900 2289200
LATENCY 2190200
TIMELINE 60 1180 241734638676500 2190200
LATENCY 2113700
TIMELINE 60 1196 241734678889500 2113700
LATENCY 2135300
TIMELINE 60 1212 241734713587800 2135300
LATENCY 2138800
TIMELINE 60 1228 241734748804700 2138800
LATENCY 2971500
TIMELINE 60 1244 241734794426200 2971500
LATENCY 2709400
TIMELINE 60 1260 241734844952800 2709400
LATENCY 2997600
TIMELINE 60 1276 241734890763000 2997600
LATENCY 2598800
TIMELINE 60 1292 241734937949200 2598800
LATENCY 2592900
TIMELINE 60 1308 241734982805700 2592900
LATENCY 2910600
TIMELINE 60 1324 241735025429200 2910600
LATENCY 2727800
TIMELINE 60 1340 241735075599600 2727800
LATENCY 2849300
TIMELINE 60 1356 241735121073100 2849300
LATENCY 2755400
TIMELINE 60 1372 241735168553100 2755400
LATENCY 2727900
TIMELINE 60 1388 241735212523600 2727900
LATENCY 2982900
TIMELINE 60 1404 241735259013500 2982900
LATENCY 3103000
TIMELINE 60 1420 241735310948200 3103000
LATENCY 2684500
TIMELINE 60 1436 241735357776300 2684500
LATENCY 2916200
TIMELINE 60 1452 241735403398100 2916200
LATENCY 2917900
TIMELINE 60 1468 241735456526100 2917900
LATENCY 2894600
TIMELINE 60 1484 241735503533200 2894600
LATENCY 2876000
TIMELINE 60 1500 241735552793300 2876000
LATENCY 3315100
TIMELINE 60 1516 241735606730300 3315100
LATENCY 3049900
TIMELINE 60 1532 241735659253000 3049900
LATENCY 2800700
TIMELINE 60 1548 241735708527700 2800700
LATENCY 2666600
TIMELINE 60 1564 241735758422300 2666600
LATENCY 3058000
TIMELINE 60 1580 241735803860300 3058000
LATENCY 2980100
TIMELINE 60 1596 241735857481500 2980100
LATENCY 2665200
TIMELINE 60 1612 241735900337000 2665200
LATENCY 2733800
TIMELINE 60 1628 241735943208700 2733800
LATENCY 2753500
TIMELINE 60 1644 241735992978000 2753500
LATENCY 2605300
TIMELINE 60 1660 241736040655100 2605300
LATENCY 3012200
TIMELINE 60 1676 241736085451300 3012200
LATENCY 2594100
TIMELINE 60 1692 241736131771100 2594100
LATENCY 3191900
TIMELINE 60 1708 241736174560900 3191900
LATENCY 8922800
TIMELINE 60 1724 241736220425400 8922800
LATENCY 2939700
TIMELINE 60 1740 241736275048700 2939700
LATENCY 3263400
TIMELINE 60 1756 241736323125600 3263400
LATENCY 2856800
TIMELINE 60 1772 241736371392300 2856800
LATENCY 3247900
TIMELINE 60 1788 241736416940000 3247900
LATENCY 3049800
TIMELINE 60 1804 241736467499500 3049800
LATENCY 3746500
TIMELINE 60 1820 241736517938300 3746500
LATENCY 3347600
TIMELINE 60 1836 241736572490200 3347600
LATENCY 3357000
TIMELINE 60 1852 241736627070700 3357000
LATENCY 2664200
TIMELINE 60 1868 241736689068300 2664200
LATENCY 2590200
TIMELINE 60 1884 241736732746400 2590200
LATENCY 3018000
TIMELINE 60 1900 241736777153000 3018000
LATENCY 3037700
TIMELINE 60 1916 241736825415600 3037700
LATENCY 2704600
TIMELINE 60 1932 241736872829800 2704600
LATENCY 2826700
TIMELINE 60 1948 241736918093000 2826700
LATENCY 2831000
TIMELINE 60 1964 241736962525600 2831000
LATENCY 3101600
TIMELINE 60 1980 241737007112200 3101600
LATENCY 2802700
TIMELINE 60 1996 241737059476400 2802700
LATENCY 2743900
TIMELINE 60 2012 241737105357500 2743900
LATENCY 2874100
TIMELINE 60 2028 241737151826900 2874100
LATENCY 3617300
TIMELINE 60 2044 241737199543600 3617300
LATENCY 2271400
TIMELINE 61 13 241731935543500 2271400
LATENCY 2243200
TIMELINE 61 29 241731972412400 2243200
LATENCY 2181100
TIMELINE 61 45 241732008022500 2181100
LATENCY 2284300
TIMELINE 61 61 241732043054200 2284300
LATENCY 2204500
TIMELINE 61 77 241732078147500 2204500
LATENCY 2162900
TIMELINE 61 93 241732112822700 2162900
LATENCY 2110400
TIMELINE 61 109 241732147757000 2110400
LATENCY 2191700
TIMELINE 61 125 241732184825800 2191700
LATENCY 2265600
TIMELINE 61 141 241732239513700 2265600
LATENCY 2458500
TIMELINE 61 157 241732275928100 2458500
LATENCY 2623900
TIMELINE 61 173 241732311683900 2623900
LATENCY 2370200
TIMELINE 61 189 241732349121100 2370200
LATENCY 2180900
TIMELINE 61 205 241732384492900 2180900
LATENCY 2280300
TIMELINE 61 221 241732418799700 2280300
LATENCY 2203300
TIMELINE 61 237 241732453764200 2203300
LATENCY 2201500
TIMELINE 61 253 241732489072600 2201500
LATENCY 2126600
TIMELINE 61 269 241732542770200 2126600
LATENCY 2084400
TIMELINE 61 285 241732577415300 2084400
LATENCY 2863400
TIMELINE 61 301 241732611924100 2863400
LATENCY 2155400
TIMELINE 61 317 241732652929900 2155400
LATENCY 2409200
TIMELINE 61 333 241732688042900 2409200
LATENCY 2190400
TIMELINE 61 349 241732723894000 2190400
LATENCY 2226300
TIMELINE 61 365 241732759791500 2226300
LATENCY 2204300
TIMELINE 61 381 241732795372900 2204300
LATENCY 2110200
TIMELINE 61 397 241732851771800 2110200
LATENCY 2206500
TIMELINE 61 413 241732887640400 2206500
LATENCY 2156500
TIMELINE 61 429 241732921787500 2156500
LATENCY 2112900
TIMELINE 61 445 241732956301500 2112900
LATENCY 2176300
TIMELINE 61 461 241732991171000 2176300
LATENCY 2126200
TIMELINE 61 477 241733026017600 2126200
LATENCY 2224400
TIMELINE 61 493 241733061201900 2224400
LATENCY 2112700
TIMELINE 61 509 241733095101900 2112700
LATENCY 20915700
TIMELINE 61 525 241733128604500 20915700
LATENCY 2259400
TIMELINE 61 541 241733182029900 2259400
LATENCY 2099500
TIMELINE 61 557 241733216670700 2099500
LATENCY 2123200
TIMELINE 61 573 241733250232300 2123200
LATENCY 2066900
TIMELINE 61 589 241733284739600 2066900
LATENCY 2256500
TIMELINE 61 605 241733318980100 2256500
LATENCY 2152400
TIMELINE 61 621 241733353197400 2152400
LATENCY 2117900
TIMELINE 61 637 241733387074300 2117900
LATENCY 2071700
TIMELINE 61 653 241733420727200 2071700
LATENCY 2085400
TIMELINE 61 669 241733473458600 2085400
LATENCY 2103500
TIMELINE 61 685 241733508436700 2103500
LATENCY 2119600
TIMELINE 61 701 241733543142000 2119600
LATENCY 2122800
TIMELINE 61 717 241733577502600 2122800
LATENCY 2087300
TIMELINE 61 733 241733611656300 2087300
LATENCY 2091900
TIMELINE 61 749 241733645359800 2091900
LATENCY 2092800
TIMELINE 61 765 241733679138200 2092800
LATENCY 2218300
TIMELINE 61 781 241733718170700 2218300
LATENCY 2197100
TIMELINE 61 797 241733773339500 2197100
LATENCY 2135700
TIMELINE 61 813 241733808299500 2135700
LATENCY 2129700
TIMELINE 61 829 241733842567900 2129700
LATENCY 2132100
TIMELINE 61 845 241733876668000 2132100
LATENCY 2259000
TIMELINE 61 861 241733912831000 2259000
LATENCY 2206000
TIMELINE 61 877 241733947667300 2206000
LATENCY 2182400
TIMELINE 61 893 241733983386500 2182400
LATENCY 2100800
TIMELINE 61 909 241734018899200 2100800
LATENCY 21434100
TIMELINE 61 925 241734052548700 21434100
LATENCY 2362100
TIMELINE 61 941 241734107391300 2362100
LATENCY 2075100
TIMELINE 61 957 241734141985100 2075100
LATENCY 2107800
TIMELINE 61 973 241734176073600 2107800
LATENCY 2170600
TIMELINE 61 989 241734210848600 2170600
LATENCY 2146400
TIMELINE 61 1005 241734245439900 2146400
LATENCY 2155800
TIMELINE 61 1021 241734279344300 2155800
LATENCY 2275400
TIMELINE 61 1037 241734313255900 2275400
LATENCY 2098200
TIMELINE 61 1053 241734348719100 2098200
LATENCY 2427500
TIMELINE 61 1069 241734390278900 2427500
LATENCY 2153900
TIMELINE 61 1085 241734426170300 2153900
LATENCY 2228900
TIMELINE 61 1101 241734462811900 2228900
LATENCY 2180200
TIMELINE 61 1117 241734497950500 2180200
LATENCY 2107300
TIMELINE 61 1133 241734532650200 2107300
LATENCY 2299000
TIMELINE 61 1149 241734568269800 2299000
LATENCY 2325300
TIMELINE 61 1165 241734603648100 2325300
LATENCY 2301400
TIMELINE 61 1181 241734639884700 2301400
LATENCY 2131600
TIMELINE 61 1197 241734680089600 2131600
LATENCY 2154100
TIMELINE 61 1213 241734714814300 2154100
LATENCY 2444500
TIMELINE 61 1229 241734750463000 2444500
LATENCY 2970300
TIMELINE 61 1245 241734796756800 2970300
LATENCY 2955400
TIMELINE 61 1261 241734847070500 2955400
LATENCY 3002700
TIMELINE 61 1277 241734893156200 3002700
LATENCY 2708900
TIMELINE 61 1293 241734940017400 2708900
LATENCY 2557600
TIMELINE 61 1309 241734984877400 2557600
LATENCY 8520800
TIMELINE 61 1325 241735027763400 8520800
LATENCY 2703200
TIMELINE 61 1341 241735077743200 2703200
LATENCY 2987600
TIMELINE 61 1357 241735123356600 2987600
LATENCY 2750700
TIMELINE 61 1373 241735170733900 2750700
LATENCY 2692200
TIMELINE 61 1389 241735214718500 2692200
LATENCY 2982700
TIMELINE 61 1405 241735261338800 2982700
LATENCY 3248600
TIMELINE 61 1421 241735313330500 3248600
LATENCY 2692800
TIMELINE 61 1437 241735359772600 2692800
LATENCY 2933600
TIMELINE 61 1453 241735405546700 2933600
LATENCY 2958000
TIMELINE 61 1469 241735458680600 2958000
LATENCY 2906700
TIMELINE 61 1485 241735505687100 2906700
LATENCY 3015200
TIMELINE 61 1501 241735555004300 3015200
LATENCY 3493600
TIMELINE 61 1517 241735609168700 3493600
LATENCY 3154000
TIMELINE 61 1533 241735661679400 3154000
LATENCY 3285000
TIMELINE 61 1549 241735710729800 3285000
LATENCY 2704900
TIMELINE 61 1565 241735760514700 2704900
LATENCY 3058600
TIMELINE 61 1581 241735806300700 3058600
LATENCY 2893200
TIMELINE 61 1597 241735859859100 2893200
LATENCY 2639300
TIMELINE 61 1613 241735902477900 2639300
LATENCY 6789600
TIMELINE 61 1629 241735945321800 6789600
LATENCY 2932000
TIMELINE 61 1645 241735995126400 2932000
LATENCY 2605800
TIMELINE 61 1661 241736042843500 2605800
LATENCY 2991200
TIMELINE 61 1677 241736087933100 2991200
LATENCY 2633600
TIMELINE 61 1693 241736133834600 2633600
LATENCY 3483100
TIMELINE 61 1709 241736176692400 3483100
LATENCY 3122700
TIMELINE 61 1725 241736228519600 3122700
LATENCY 2915500
TIMELINE 61 1741 241736277189700 2915500
LATENCY 3314800
TIMELINE 61 1757 241736325555100 3314800
LATENCY 2695800
TIMELINE 61 1773 241736373564300 2695800
LATENCY 3375100
TIMELINE 61 1789 241736419045100 3375100
LATENCY 3101700
TIMELINE 61 1805 241736469408900 3101700
LATENCY 3346200
TIMELINE 61 1821 241736520569300 3346200
LATENCY 3343200
TIMELINE 61 1837 241736574584100 3343200
LATENCY 3345100
TIMELINE 61 1853 241736628991200 3345100
LATENCY 2730400
TIMELINE 61 1869 241736690558400 2730400
LATENCY 2601200
TIMELINE 61 1885 241736734243900 2601200
LATENCY 2997100
TIMELINE 61 1901 241736778857700 2997100
LATENCY 3029600
TIMELINE 61 1917 241736827080900 3029600
LATENCY 2722100
TIMELINE 61 1933 241736874303500 2722100
LATENCY 2873100
TIMELINE 61 1949 241736919547200 2873100
LATENCY 2800300
TIMELINE 61 1965 241736963739700 2800300
LATENCY 3038300
TIMELINE 61 1981 241737008413200 3038300
LATENCY 2759700
TIMELINE 61 1997 241737060630700 2759700
LATENCY 2747200
TIMELINE 61 2013 241737106465900 2747200
LATENCY 2864700
TIMELINE 61 2029 241737153008600 2864700
LATENCY 3635100
TIMELINE 61 2045 241737200939600 3635100
LATENCY 2240000
TIMELINE 62 14 241731938227600 2240000
LATENCY 2246500
TIMELINE 62 30 241731975057500 2246500
LATENCY 2221600
TIMELINE 62 46 241732010603100 2221600
LATENCY 2202900
TIMELINE 62 62 241732045715000 2202900
LATENCY 2215200
TIMELINE 62 78 241732080830400 2215200
LATENCY 2124000
TIMELINE 62 94 241732115441000 2124000
LATENCY 2338400
TIMELINE 62 110 241732150326900 2338400
LATENCY 20857600
TIMELINE 62 126 241732187077500 20857600
LATENCY 2103000
TIMELINE 62 142 241732241873000 2103000
LATENCY 2414100
TIMELINE 62 158 241732278593300 2414100
LATENCY 2295600
TIMELINE 62 174 241732314549400 2295600
LATENCY 2252200
TIMELINE 62 190 241732351929100 2252200
LATENCY 2143600
TIMELINE 62 206 241732387163900 2143600
LATENCY 2127500
TIMELINE 62 222 241732421588300 2127500
LATENCY 2134400
TIMELINE 62 238 241732456487700 2134400
LATENCY 2104800
TIMELINE 62 254 241732491775200 2104800
LATENCY 2234000
TIMELINE 62 270 241732545366300 2234000
LATENCY 2115600
TIMELINE 62 286 241732579950200 2115600
LATENCY 5493900
TIMELINE 62 302 241732615742400 5493900
LATENCY 2312700
TIMELINE 62 318 241732655530500 2312700
LATENCY 2270800
TIMELINE 62 334 241732690838000 2270800
LATENCY 2125300
TIMELINE 62 350 241732726398800 2125300
LATENCY 2232100
TIMELINE 62 366 241732762554000 2232100
LATENCY 2197200
TIMELINE 62 382 241732798099500 2197200
LATENCY 2032700
TIMELINE 62 398 241732854398900 2032700
LATENCY 2244500
TIMELINE 62 414 241732890066200 2244500
LATENCY 2074800
TIMELINE 62 430 241732924142900 2074800
LATENCY 2090300
TIMELINE 62 446 241732958693000 2090300
LATENCY 2193700
TIMELINE 62 462 241732993572500 2193700
LATENCY 2140300
TIMELINE 62 478 241733028444400 2140300
LATENCY 2233400
TIMELINE 62 494 241733063395300 2233400
LATENCY 2286900
TIMELINE 62 510 241733097186000 2286900
LATENCY 2176700
TIMELINE 62 526 241733149487700 2176700
LATENCY 2166900
TIMELINE 62 542 241733184169400 2166900
LATENCY 2091700
TIMELINE 62 558 241733218543900 2091700
LATENCY 2084600
TIMELINE 62 574 241733252126100 2084600
LATENCY 2238000
TIMELINE 62 590 241733286609900 2238000
LATENCY 2083800
TIMELINE 62 606 241733321044600 2083800
LATENCY 2165500
TIMELINE 62 622 241733355167200 2165500
LATENCY 2110300
TIMELINE 62 638 241733389021000 2110300
LATENCY 2109400
TIMELINE 62 654 241733422629000 2109400
LATENCY 2098700
TIMELINE 62 670 241733475364900 2098700
LATENCY 2102800
TIMELINE 62 686 241733510128200 2102800
LATENCY 2104600
TIMELINE 62 702 241733544967400 2104600
LATENCY 2095900
TIMELINE 62 718 241733579291100 2095900
LATENCY 2108100
TIMELINE 62 734 241733613413000 2108100
LATENCY 2120300
TIMELINE 62 750 241733647099100 2120300
LATENCY 2096500
TIMELINE 62 766 241733680868500 2096500
LATENCY 2185800
TIMELINE 62 782 241733720184200 2185800
LATENCY 2197900
TIMELINE 62 798 241733775343900 2197900
LATENCY 2129200
TIMELINE 62 814 241733810405200 2129200
LATENCY 2140900
TIMELINE 62 830 241733844668900 2140900
LATENCY 2098300
TIMELINE 62 846 241733878773100 2098300
LATENCY 2231000
TIMELINE 62 862 241733915006000 2231000
LATENCY 2360500
TIMELINE 62 878 241733949783800 2360500
LATENCY 2388400
TIMELINE 62 894 241733985486000 2388400
LATENCY 2102600
TIMELINE 62 910 241734020941900 2102600
LATENCY 2362900
TIMELINE 62 926 241734073914800 2362900
LATENCY 2221900
TIMELINE 62 942 241734109598200 2221900
LATENCY 2140600
TIMELINE 62 958 241734143909500 2140600
LATENCY 2124700
TIMELINE 62 974 241734177918300 2124700
LATENCY 2175900
TIMELINE 62 990 241734212643800 2175900
LATENCY 2139000
TIMELINE 62 1006 241734247203700 2139000
LATENCY 2135600
TIMELINE 62 1022 241734281145600 2135600
LATENCY 2280500
TIMELINE 62 1038 241734315595300 2280500
LATENCY 2250500
TIMELINE 62 1054 241734351015800 2250500
LATENCY 2302400
TIMELINE 62 1070 241734392768700 2302400
LATENCY 2142100
TIMELINE 62 1086 241734428479500 2142100
LATENCY 2211900
TIMELINE 62 1102 241734465138400 2211900
LATENCY 2106800
TIMELINE 62 1118 241734500329800 2106800
LATENCY 2131400
TIMELINE 62 1134 241734534939900 2131400
LATENCY 2243900
TIMELINE 62 1150 241734570817800 2243900
LATENCY 2194500
TIMELINE 62 1166 241734606189400 2194500
LATENCY 2164800
TIMELINE 62 1182 241734642398800 2164800
LATENCY 2147700
TIMELINE 62 1198 241734682400100 2147700
LATENCY 2216300
TIMELINE 62 1214 241734717148400 2216300
LATENCY 3065300
TIMELINE 62 1230 241734752954700 3065300
LATENCY 2954400
TIMELINE 62 1246 241734799768600 2954400
LATENCY 2757400
TIMELINE 62 1262 241734850078000 2757400
LATENCY 3459300
TIMELINE 62 1278 241734896190400 3459300
LATENCY 2856600
TIMELINE 62 1294 241734942800400 2856600
LATENCY 2585700
TIMELINE 62 1310 241734987505300 2585700
LATENCY 2864000
TIMELINE 62 1326 241735036328200 2864000
LATENCY 2751700
TIMELINE 62 1342 241735080493300 2751700
LATENCY 3060100
TIMELINE 62 1358 241735126300500 3060100
LATENCY 2755400
TIMELINE 62 1374 241735173447700 2755400
LATENCY 2712500
TIMELINE 62 1390 241735217369800 2712500
LATENCY 2929500
TIMELINE 62 1406 241735264283700 2929500
LATENCY 3113700
TIMELINE 62 1422 241735316542400 3113700
LATENCY 2827200
TIMELINE 62 1438 241735362427600 2827200
LATENCY 2945800
TIMELINE 62 1454 241735408522100 2945800
LATENCY 2925100
TIMELINE 62 1470 241735461716000 2925100
LATENCY 2916000
TIMELINE 62 1486 241735508689900 2916000
LATENCY 3210200
TIMELINE 62 1502 241735557962900 3210200
LATENCY 3479400
TIMELINE 62 1518 241735612566300 3479400
LATENCY 2702100
TIMELINE 62 1534 241735664797100 2702100
LATENCY 3128400
TIMELINE 62 1550 241735713964600 3128400
LATENCY 2893800
TIMELINE 62 1566 241735763185000 2893800
LATENCY 3124800
TIMELINE 62 1582 241735809316100 3124800
LATENCY 2709400
TIMELINE 62 1598 241735862709500 2709400
LATENCY 2647200
TIMELINE 62 1614 241735905078000 2647200
LATENCY 2990700
TIMELINE 62 1630 241735952082000 2990700
LATENCY 3123100
TIMELINE 62 1646 241735998015600 3123100
LATENCY 2867800
TIMELINE 62 1662 241736044316900 2867800
LATENCY 2979700
TIMELINE 62 1678 241736089708800 2979700
LATENCY 2626300
TIMELINE 62 1694 241736135421600 2626300
LATENCY 2974200
TIMELINE 62 1710 241736179060600 2974200
LATENCY 3119400
TIMELINE 62 1726 241736230560200 3119400
LATENCY 2614000
TIMELINE 62 1742 241736279170700 2614000
LATENCY 3351300
TIMELINE 62 1758 241736327629000 3351300
LATENCY 2873600
TIMELINE 62 1774 241736375192400 2873600
LATENCY 3354700
TIMELINE 62 1790 241736421425300 3354700
LATENCY 3110900
TIMELINE 62 1806 241736471668400 3110900
LATENCY 3264200
TIMELINE 62 1822 241736522863100 3264200
LATENCY 3459200
TIMELINE 62 1838 241736576937800 3459200
LATENCY 3468700
TIMELINE 62 1854 241736631508900 3468700
LATENCY 2515900
TIMELINE 62 1870 241736692662200 2515900
LATENCY 2573000
TIMELINE 62 1886 241736736134900 2573000
LATENCY 3035600
TIMELINE 62 1902 241736781133300 3035600
LATENCY 3033000
TIMELINE 62 1918 241736829397600 3033000
LATENCY 2719000
TIMELINE 62 1934 241736876308700 2719000
LATENCY 2858900
TIMELINE 62 1950 241736921619100 2858900
LATENCY 2766400
TIMELINE 62 1966 241736965434900 2766400
LATENCY 2994400
TIMELINE 62 1982 241737010176500 2994400
LATENCY 2748600
TIMELINE 62 1998 241737062238800 2748600
LATENCY 2736700
TIMELINE 62 2014 241737108061500 2736700
LATENCY 2915100
TIMELINE 62 2030 241737154653200 2915100
LATENCY 3686400
TIMELINE 62 2046 241737203064200 3686400
LATENCY 2236200
TIMELINE 63 15 241731940607900 2236200
LATENCY 2373400
TIMELINE 63 31 241731977450300 2373400
LATENCY 2157500
TIMELINE 63 47 241732012959200 2157500
LATENCY 2216600
TIMELINE 63 63 241732048140700 2216600
LATENCY 2143100
TIMELINE 63 79 241732083244100 2143100
LATENCY 2309600
TIMELINE 63 95 241732117759600 2309600
LATENCY 2164100
TIMELINE 63 111 241732152875900 2164100
LATENCY 2426700
TIMELINE 63 127 241732208525400 2426700
LATENCY 2091400
TIMELINE 63 143 241732244256400 2091400
LATENCY 2144400
TIMELINE 63 159 241732281094400 2144400
LATENCY 2473500
TIMELINE 63 175 241732317068300 2473500
LATENCY 2153100
TIMELINE 63 191 241732354218800 2153100
LATENCY 2135800
TIMELINE 63 207 241732389108500 2135800
LATENCY 2153800
TIMELINE 63 223 241732423541200 2153800
LATENCY 2209400
TIMELINE 63 239 241732458441800 2209400
LATENCY 2264700
TIMELINE 63 255 241732493736600 2264700
LATENCY 2159000
TIMELINE 63 271 241732547571600 2159000
LATENCY 2132300
TIMELINE 63 287 241732582124900 2132300
LATENCY 4002800
TIMELINE 63 303 241732620845400 4002800
LATENCY 2137500
TIMELINE 63 319 241732657582000 2137500
LATENCY 2152000
TIMELINE 63 335 241732692906500 2152000
LATENCY 2133600
TIMELINE 63 351 241732728294000 2133600
LATENCY 2180800
TIMELINE 63 367 241732764328200 2180800
LATENCY 2176000
TIMELINE 63 383 241732799821000 2176000
LATENCY 2182900
TIMELINE 63 399 241732856053300 2182900
LATENCY 2098700
TIMELINE 63 415 241732891964100 2098700
LATENCY 2094500
TIMELINE 63 431 241732925860300 2094500
LATENCY 2260500
TIMELINE 63 447 241732960481800 2260500
LATENCY 2210000
TIMELINE 63 463 241732995452400 2210000
LATENCY 2129600
TIMELINE 63 479 241733030240500 2129600
LATENCY 2214300
TIMELINE 63 495 241733065958400 2214300
LATENCY 2063700
TIMELINE 63 511 241733099781500 2063700
LATENCY 2239700
TIMELINE 63 527 241733151942700 2239700
LATENCY 2242900
TIMELINE 63 543 241733186939100 2242900
LATENCY 2070900
TIMELINE 63 559 241733221240100 2070900
LATENCY 2257300
TIMELINE 63 575 241733254796200 2257300
LATENCY 2109300
TIMELINE 63 591 241733289430000 2109300
LATENCY 2087000
TIMELINE 63 607 241733323737900 2087000
LATENCY 2127800
TIMELINE 63 623 241733357939500 2127800
LATENCY 2057800
TIMELINE 63 639 241733391763700 2057800
LATENCY 2109500
TIMELINE 63 655 241733425381600 2109500
LATENCY 2161100
TIMELINE 63 671 241733478211500 2161100
LATENCY 2147700
TIMELINE 63 687 241733512949500 2147700
LATENCY 2121200
TIMELINE 63 703 241733547655000 2121200
LATENCY 2087100
TIMELINE 63 719 241733581998400 2087100
LATENCY 2112200
TIMELINE 63 735 241733616182500 2112200
LATENCY 2095800
TIMELINE 63 751 241733649865400 2095800
LATENCY 2106500
TIMELINE 63 767 241733683594100 2106500
LATENCY 2173400
TIMELINE 63 783 241733722876400 2173400
LATENCY 2251400
TIMELINE 63 799 241733778021600 2251400
LATENCY 2417700
TIMELINE 63 815 241733812977700 2417700
LATENCY 2113000
TIMELINE 63 831 241733847446600 2113000
LATENCY 2131600
TIMELINE 63 847 241733881487800 2131600
LATENCY 2201200
TIMELINE 63 863 241733918015800 2201200
LATENCY 2319200
TIMELINE 63 879 241733952931100 2319200
LATENCY 2300900
TIMELINE 63 895 241733988722600 2300900
LATENCY 2077700
TIMELINE 63 911 241734023918200 2077700
LATENCY 2124600
TIMELINE 63 927 241734077215700 2124600
LATENCY 2331300
TIMELINE 63 943 241734113102200 2331300
LATENCY 2114000
TIMELINE 63 959 241734147245700 2114000
LATENCY 2092300
TIMELINE 63 975 241734181294600 2092300
LATENCY 2210300
TIMELINE 63 991 241734216370100 2210300
LATENCY 2099500
TIMELINE 63 1007 241734250830900 2099500
LATENCY 2098400
TIMELINE 63 1023 241734284714600 2098400
LATENCY 2288700
TIMELINE 63 1039 241734319370800 2288700
LATENCY 2115800
TIMELINE 63 1055 241734354478400 2115800
LATENCY 2210200
TIMELINE 63 1071 241734396318100 2210200
LATENCY 2456400
TIMELINE 63 1087 241734431861400 2456400
LATENCY 2077400
TIMELINE 63 1103 241734468678000 2077400
LATENCY 2118700
TIMELINE 63 1119 241734503596300 2118700
LATENCY 2134500
TIMELINE 63 1135 241734538234300 2134500
LATENCY 2247000
TIMELINE 63 1151 241734574312400 2247000
LATENCY 2315000
TIMELINE 63 1167 241734609503600 2315000
LATENCY 2177200
TIMELINE 63 1183 241734645631900 2177200
LATENCY 2091900
TIMELINE 63 1199 241734685593700 2091900
LATENCY 2213300
TIMELINE 63 1215 241734720434600 2213300
LATENCY 2861500
TIMELINE 63 1231 241734757460700 2861500
LATENCY 2944000
TIMELINE 63 1247 241734804096500 2944000
LATENCY 2726800
TIMELINE 63 1263 241734854146900 2726800
LATENCY 3157200
TIMELINE 63 1279 241734901856600 3157200
LATENCY 2778600
TIMELINE 63 1295 241734946845100 2778600
LATENCY 2688600
TIMELINE 63 1311 241734991209300 2688600
LATENCY 2780100
TIMELINE 63 1327 241735040463900 2780100
LATENCY 2890500
TIMELINE 63 1343 241735084432400 2890500
LATENCY 2848000
TIMELINE 63 1359 241735130623500 2848000
LATENCY 2702400
TIMELINE 63 1375 241735177383300 2702400
LATENCY 2696700
TIMELINE 63 1391 241735221238500 2696700
LATENCY 2970500
TIMELINE 63 1407 241735268522900 2970500
LATENCY 2924300
TIMELINE 63 1423 241735321289900 2924300
LATENCY 2799000
TIMELINE 63 1439 241735366511300 2799000
LATENCY 3074400
TIMELINE 63 1455 241735412652200 3074400
LATENCY 2954200
TIMELINE 63 1471 241735465887900 2954200
LATENCY 2892500
TIMELINE 63 1487 241735512812300 2892500
LATENCY 3479400
TIMELINE 63 1503 241735563104000 3479400
LATENCY 3448400
TIMELINE 63 1519 241735617648300 3448400
LATENCY 3154100
TIMELINE 63 1535 241735668647600 3154100
LATENCY 3303200
TIMELINE 63 1551 241735718463300 3303200
LATENCY 2729000
TIMELINE 63 1567 241735767462800 2729000
LATENCY 3184000
TIMELINE 63 1583 241735813718600 3184000
LATENCY 2631500
TIMELINE 63 1599 241735866692100 2631500
LATENCY 2665600
TIMELINE 63 1615 241735909018900 2665600
LATENCY 2958200
TIMELINE 63 1631 241735956588800 2958200
LATENCY 2764800
TIMELINE 63 1647 241736002596500 2764800
LATENCY 2992600
TIMELINE 63 1663 241736047563800 2992600
LATENCY 3053900
TIMELINE 63 1679 241736093106400 3053900
LATENCY 2613600
TIMELINE 63 1695 241736138409000 2613600
LATENCY 2941700
TIMELINE 63 1711 241736182345000 2941700
LATENCY 2996000
TIMELINE 63 1727 241736234016100 2996000
LATENCY 2961600
TIMELINE 63 1743 241736282024700 2961600
LATENCY 3271700
TIMELINE 63 1759 241736331274900 3271700
LATENCY 2839100
TIMELINE 63 1775 241736378291500 2839100
LATENCY 3431800
TIMELINE 63 1791 241736425563300 3431800
LATENCY 2845800
TIMELINE 63 1807 241736475395400 2845800
LATENCY 3381400
TIMELINE 63 1823 241736527115500 3381400
LATENCY 3379700
TIMELINE 63 1839 241736581355500 3379700
LATENCY 3406300
TIMELINE 63 1855 241736635992300 3406300
LATENCY 2485100
TIMELINE 63 1871 241736695851000 2485100
LATENCY 2621900
TIMELINE 63 1887 241736739311100 2621900
LATENCY 2871900
TIMELINE 63 1903 241736784830400 2871900
LATENCY 3028400
TIMELINE 63 1919 241736833293700 3028400
LATENCY 2854300
TIMELINE 63 1935 241736879867700 2854300
LATENCY 2895100
TIMELINE 63 1951 241736925395800 2895100
LATENCY 2709300
TIMELINE 63 1967 241736969386400 2709300
LATENCY 2976100
TIMELINE 63 1983 241737014537500 2976100
LATENCY 2791000
TIMELINE 63 1999 241737066227900 2791000
LATENCY 2831400
TIMELINE 63 2015 241737111983500 2831400
LATENCY 2944400
TIMELINE 63 2031 241737158861700 2944400
LATENCY 1477500
TIMELINE 63 2047 241737207778400 1477500
PASS curl benchmark
[engine] opt unque. engine=1  id=85    PhpRootGen@7ae05008(resume_bci=1142)               |Tier 1|Count/Thres       8192/      400|Queue: Size    0 Change  0  Load  1,00 Time     0us                                   |UTC 2026-09-25T22:41:17.416|Src n/a|Reason Polyglot engine was closed.
[engine] opt unque. engine=1  id=86    PhpRootGen@7ae05008(resume_bci=1760)               |Tier 1|Count/Thres      14591/      400|Queue: Size    0 Change  0  Load  1,00 Time     0us                                   |UTC 2026-09-25T22:41:17.416|Src n/a|Reason Polyglot engine was closed.
