[To redirect Truffle log output to a file use one of the following options:
* '--log.file=<path>' if the option is passed using a guest language launcher.
* '-Dpolyglot.log.file=<path>' if the option is passed using the host Java launcher.
* Configure logging using the polyglot embedding API.]
[engine] opt start  engine=1  id=21    PhpRootGen@7773cf77                                |Tier 1|Priority 122026904|Rate 812,5126|Queue: Size    0 Change +0  Load  1,00 Time     0us                                   |UTC 2026-09-25T22:41:06.647|Src n/a|Bonuses first tier
[engine] opt queued engine=1  id=21    PhpRootGen@7773cf77                                |Tier 1|Count/Thres        400/      400|Queue: Size    0 Change +1  Load  1,00 Time     0us                                   |UTC 2026-09-25T22:41:06.647|Src n/a
[engine] opt queued engine=1  id=83    PhpRootGen@2ec22bb0(resume_bci=1536)               |Tier 1|Count/Thres        400/      400|Queue: Size    0 Change +1  Load  1,00 Time     0us                                   |UTC 2026-09-25T22:41:06.656|Src n/a
[engine] opt start  engine=1  id=83    PhpRootGen@2ec22bb0(resume_bci=1536)               |Tier 1|Priority 169307034|Rate 1127,713|Queue: Size    0 Change +0  Load  1,00 Time     0us                                   |UTC 2026-09-25T22:41:06.656|Src n/a|Bonuses first tier
[engine] opt done   engine=1  id=21    PhpRootGen@7773cf77                                |Tier 1|Time    17(   8+9   )ms|AST    2|Inlined   0Y   0N|IR    396/  1439|CodeSize    5827|Addr 0x55a744ee0000|CompId 5725   |UTC 2026-09-25T22:41:06.664|Src n/a
[engine] opt unque. engine=1  id=83    PhpRootGen@2ec22bb0(resume_bci=1536)               |Tier 1|Count/Thres       1000/      400|Queue: Size    0 Change  0  Load  1,00 Time     0us                                   |UTC 2026-09-25T22:41:06.686|Src n/a|Reason Non permanent bailout: jdk.graal.compiler.core.common.RetryableBailoutException: Assumption invalidated while compiling code: IsolatedObjectConstant[Object]
[engine] opt queued engine=1  id=74    CallSignatureNode.CallSignatureRootNode@2c05592c   |Tier 1|Count/Thres        400/      400|Queue: Size    0 Change +1  Load  1,00 Time     0us                                   |UTC 2026-09-25T22:41:06.695|Src n/a
[engine] opt start  engine=1  id=74    CallSignatureNode.CallSignatureRootNode@2c05592c   |Tier 1|Priority   1266661|Rate 7,444409|Queue: Size    0 Change +0  Load  1,00 Time     0us                                   |UTC 2026-09-25T22:41:06.695|Src n/a|Bonuses first tier
[engine] opt start  engine=1  id=73    FunctionExecuteNode.SignatureExecuteNode@3be098d5  |Tier 1|Priority   1250549|Rate 7,336999|Queue: Size    0 Change +0  Load  1,00 Time     0us                                   |UTC 2026-09-25T22:41:06.695|Src n/a|Bonuses first tier
[engine] opt queued engine=1  id=73    FunctionExecuteNode.SignatureExecuteNode@3be098d5  |Tier 1|Count/Thres        400/      400|Queue: Size    0 Change +1  Load  1,00 Time     0us                                   |UTC 2026-09-25T22:41:06.695|Src n/a
[engine] opt queued engine=1  id=71    LibFFIClosure.VoidRetClosureRootNode@54d2c67e      |Tier 1|Count/Thres        400/      400|Queue: Size    0 Change +1  Load  1,00 Time     0us                                   |UTC 2026-09-25T22:41:06.699|Src n/a
[engine] opt start  engine=1  id=71    LibFFIClosure.VoidRetClosureRootNode@54d2c67e      |Tier 1|Priority   1226264|Rate 7,175094|Queue: Size    0 Change +0  Load  1,00 Time     0us                                   |UTC 2026-09-25T22:41:06.699|Src n/a|Bonuses first tier
[engine] opt queued engine=1  id=86    PhpRootGen@1825d4b8(resume_bci=1760)               |Tier 1|Count/Thres        400/      400|Queue: Size    0 Change +1  Load  1,00 Time     0us                                   |UTC 2026-09-25T22:41:06.702|Src n/a
[engine] opt start  engine=1  id=86    PhpRootGen@1825d4b8(resume_bci=1760)               |Tier 1|Priority   2483685|Rate 15,55790|Queue: Size    0 Change +0  Load  1,00 Time     0us                                   |UTC 2026-09-25T22:41:06.702|Src n/a|Bonuses first tier
[engine] opt done   engine=1  id=73    FunctionExecuteNode.SignatureExecuteNode@3be098d5  |Tier 1|Time    10(   7+3   )ms|AST    4|Inlined   0Y   0N|IR    132/   310|CodeSize    1081|Addr 0x43dfc2ef0000|CompId 5728   |UTC 2026-09-25T22:41:06.705|Src n/a
[engine] opt done   engine=1  id=71    LibFFIClosure.VoidRetClosureRootNode@54d2c67e      |Tier 1|Time     8(   5+3   )ms|AST   23|Inlined   0Y   0N|IR    125/   395|CodeSize    1658|Addr 0x173b29870000|CompId 5729   |UTC 2026-09-25T22:41:06.707|Src n/a
[engine] opt done   engine=1  id=74    CallSignatureNode.CallSignatureRootNode@2c05592c   |Tier 1|Time    13(  10+3   )ms|AST   12|Inlined   0Y   1N|IR    146/   483|CodeSize    1949|Addr 0x223f5d1e0000|CompId 5727   |UTC 2026-09-25T22:41:06.708|Src n/a
[engine] opt done   engine=1  id=86    PhpRootGen@1825d4b8(resume_bci=1760)               |Tier 1|Time    41(  15+25  )ms|AST    1|Inlined   0Y   0N|IR   1755/  4845|CodeSize   20684|Addr 0x6d5900fc0000|CompId 5730   |UTC 2026-09-25T22:41:06.743|Src n/a
[engine] opt queued engine=1  id=77    CallSignatureNode.CallSignatureRootNode@3817e8bc   |Tier 1|Count/Thres        400/      400|Queue: Size    1 Change +1  Load  1,00 Time     0us                                   |UTC 2026-09-25T22:41:06.872|Src n/a
[engine] opt start  engine=1  id=77    CallSignatureNode.CallSignatureRootNode@3817e8bc   |Tier 1|Priority    409038|Rate 1,726922|Queue: Size    0 Change +0  Load  1,00 Time     0us                                   |UTC 2026-09-25T22:41:06.872|Src n/a|Bonuses first tier
[engine] opt queued engine=1  id=76    FunctionExecuteNode.SignatureExecuteNode@2aa3732a  |Tier 1|Count/Thres        400/      400|Queue: Size    1 Change +1  Load  1,00 Time     0us                                   |UTC 2026-09-25T22:41:06.873|Src n/a
[engine] opt start  engine=1  id=76    FunctionExecuteNode.SignatureExecuteNode@2aa3732a  |Tier 1|Priority    408952|Rate 1,726350|Queue: Size    0 Change +0  Load  1,00 Time     0us                                   |UTC 2026-09-25T22:41:06.873|Src n/a|Bonuses first tier
[engine] opt done   engine=1  id=76    FunctionExecuteNode.SignatureExecuteNode@2aa3732a  |Tier 1|Time     3(   1+2   )ms|AST    3|Inlined   0Y   0N|IR    124/   269|CodeSize     926|Addr 0x41125a460000|CompId 5732   |UTC 2026-09-25T22:41:06.875|Src n/a
[engine] opt done   engine=1  id=77    CallSignatureNode.CallSignatureRootNode@3817e8bc   |Tier 1|Time     3(   2+2   )ms|AST   11|Inlined   0Y   1N|IR    140/   403|CodeSize    1464|Addr 0x1cd24f9f0000|CompId 5731   |UTC 2026-09-25T22:41:06.876|Src n/a
[engine] opt queued engine=1  id=85    PhpRootGen@1825d4b8(resume_bci=1142)               |Tier 1|Count/Thres        400/      400|Queue: Size    1 Change +1  Load  1,00 Time     0us                                   |UTC 2026-09-25T22:41:06.935|Src n/a
[engine] opt start  engine=1  id=85    PhpRootGen@1825d4b8(resume_bci=1142)               |Tier 1|Priority    381688|Rate 1,544591|Queue: Size    0 Change +0  Load  1,00 Time     0us                                   |UTC 2026-09-25T22:41:06.935|Src n/a|Bonuses first tier
[0.327s] GC(0) Pause Incremental GC (Collect on allocation) 48.00M->3.50M 8.504ms
[engine] opt done   engine=1  id=85    PhpRootGen@1825d4b8(resume_bci=1142)               |Tier 1|Time    70(  27+43  )ms|AST    1|Inlined   0Y   0N|IR   2763/  7680|CodeSize   32707|Addr 0x2b37d6b50000|CompId 5733   |UTC 2026-09-25T22:41:07.005|Src n/a
[engine] opt queued engine=1  id=74    CallSignatureNode.CallSignatureRootNode@2c05592c   |Tier 2|Count/Thres      10000/    10000|Queue: Size    1 Change +1  Load  1,00 Time     0us                                   |UTC 2026-09-25T22:41:07.077|Src n/a
[engine] opt queued engine=1  id=73    FunctionExecuteNode.SignatureExecuteNode@3be098d5  |Tier 2|Count/Thres      10000/    10000|Queue: Size    1 Change +1  Load  1,00 Time     0us                                   |UTC 2026-09-25T22:41:07.077|Src n/a
[engine] opt start  engine=1  id=74    CallSignatureNode.CallSignatureRootNode@2c05592c   |Tier 2|Priority    239031|Rate 22,90311|Queue: Size    1 Change +0  Load  1,00 Time     0us                                   |UTC 2026-09-25T22:41:07.077|Src n/a|Bonuses
[engine] opt start  engine=1  id=73    FunctionExecuteNode.SignatureExecuteNode@3be098d5  |Tier 2|Priority    238978|Rate 22,89788|Queue: Size    0 Change +0  Load  1,00 Time     0us                                   |UTC 2026-09-25T22:41:07.077|Src n/a|Bonuses
[engine] opt queued engine=1  id=71    LibFFIClosure.VoidRetClosureRootNode@54d2c67e      |Tier 2|Count/Thres      10000/    10000|Queue: Size    1 Change +1  Load  1,00 Time     0us                                   |UTC 2026-09-25T22:41:07.079|Src n/a
[engine] opt start  engine=1  id=71    LibFFIClosure.VoidRetClosureRootNode@54d2c67e      |Tier 2|Priority    239429|Rate 22,94296|Queue: Size    0 Change +0  Load  1,00 Time     0us                                   |UTC 2026-09-25T22:41:07.079|Src n/a|Bonuses
[engine] opt done   engine=1  id=73    FunctionExecuteNode.SignatureExecuteNode@3be098d5  |Tier 2|Time     4(   1+3   )ms|AST    4|Inlined   0Y   0N|IR     74/   188|CodeSize     646|Addr 0x438945360000|CompId 5735   |UTC 2026-09-25T22:41:07.081|Src n/a
[engine] opt done   engine=1  id=74    CallSignatureNode.CallSignatureRootNode@2c05592c   |Tier 2|Time     5(   2+3   )ms|AST   12|Inlined   1Y   0N|IR    108/   263|CodeSize     825|Addr 0x66a9e1760000|CompId 5734   |UTC 2026-09-25T22:41:07.082|Src n/a
[engine] opt done   engine=1  id=71    LibFFIClosure.VoidRetClosureRootNode@54d2c67e      |Tier 2|Time     4(   1+3   )ms|AST   23|Inlined   0Y   0N|IR     64/   333|CodeSize    1532|Addr 0x7996d9010000|CompId 5736   |UTC 2026-09-25T22:41:07.083|Src n/a
[engine] opt queued engine=1  id=86    PhpRootGen@1825d4b8(resume_bci=1760)               |Tier 2|Count/Thres      10000/    10000|Queue: Size    1 Change +1  Load  1,00 Time     0us                                   |UTC 2026-09-25T22:41:07.103|Src n/a
[engine] opt start  engine=1  id=86    PhpRootGen@1825d4b8(resume_bci=1760)               |Tier 2|Priority    243987|Rate 23,39871|Queue: Size    0 Change +0  Load  1,00 Time     0us                                   |UTC 2026-09-25T22:41:07.103|Src n/a|Bonuses
[engine] opt done   engine=1  id=86    PhpRootGen@1825d4b8(resume_bci=1760)               |Tier 2|Time    48(   9+40  )ms|AST    1|Inlined   0Y   0N|IR   1672/  3783|CodeSize   15619|Addr 0x053f24460000|CompId 5737   |UTC 2026-09-25T22:41:07.152|Src n/a
[0.635s] GC(1) Pause Incremental GC (Collect on allocation) 51.50M->4.50M 6.037ms
[0.930s] GC(2) Pause Incremental GC (Collect on allocation) 51.50M->5.00M 5.994ms
[1.221s] GC(3) Pause Incremental GC (Collect on allocation) 51.00M->5.50M 6.278ms
[1.507s] GC(4) Pause Incremental GC (Collect on allocation) 50.50M->6.00M 6.965ms
[1.780s] GC(5) Pause Incremental GC (Collect on allocation) 50.00M->6.00M 6.872ms
[2.053s] GC(6) Pause Incremental GC (Collect on allocation) 49.00M->7.00M 7.083ms
[2.324s] GC(7) Pause Incremental GC (Collect on allocation) 50.00M->7.00M 7.565ms
[2.591s] GC(8) Pause Incremental GC (Collect on allocation) 50.00M->7.50M 4.910ms
[2.863s] GC(9) Pause Incremental GC (Collect on allocation) 50.50M->8.00M 4.997ms
[3.171s] GC(10) Pause Incremental GC (Collect on allocation) 51.00M->8.00M 4.633ms
[3.517s] GC(11) Pause Incremental GC (Collect on allocation) 51.00M->8.50M 4.763ms
[3.854s] GC(12) Pause Incremental GC (Collect on allocation) 51.50M->9.50M 4.798ms
[4.184s] GC(13) Pause Incremental GC (Collect on allocation) 52.50M->9.50M 4.607ms
[4.534s] GC(14) Pause Incremental GC (Collect on allocation) 52.50M->10.00M 4.557ms
[4.871s] GC(15) Pause Incremental GC (Collect on allocation) 53.00M->10.00M 4.721ms
[engine] opt inval. engine=1  id=86    PhpRootGen@1825d4b8(resume_bci=1760)                                                                                                                                              |UTC 2026-09-25T22:41:11.806|Src n/a|Reason null
[engine] opt deopt  engine=1  id=86    PhpRootGen@1825d4b8(resume_bci=1760)               |Invalidated  true|                                                                                                            |UTC 2026-09-25T22:41:11.806|Src n/a|Reason unknown
[engine] opt queued engine=1  id=86    PhpRootGen@1825d4b8(resume_bci=1760)               |Tier 1|Count/Thres      11233/      400|Queue: Size    0 Change +1  Load  1,00 Time     0us                                   |UTC 2026-09-25T22:41:11.806|Src n/a
[engine] opt start  engine=1  id=86    PhpRootGen@1825d4b8(resume_bci=1760)               |Tier 1|Priority  13435152|Rate 2,189448|Queue: Size    0 Change +0  Load  1,00 Time     0us                                   |UTC 2026-09-25T22:41:11.806|Src n/a|Bonuses first tier
[engine] opt inval. engine=1  id=85    PhpRootGen@1825d4b8(resume_bci=1142)                                                                                                                                              |UTC 2026-09-25T22:41:11.814|Src n/a|Reason null
[engine] opt deopt  engine=1  id=85    PhpRootGen@1825d4b8(resume_bci=1142)               |Invalidated  true|                                                                                                            |UTC 2026-09-25T22:41:11.814|Src n/a|Reason unknown
[engine] opt queued engine=1  id=85    PhpRootGen@1825d4b8(resume_bci=1142)               |Tier 1|Count/Thres       8190/      400|Queue: Size    0 Change +1  Load  1,00 Time     0us                                   |UTC 2026-09-25T22:41:11.815|Src n/a
[engine] opt start  engine=1  id=85    PhpRootGen@1825d4b8(resume_bci=1142)               |Tier 1|Priority   7965660|Rate 1,593622|Queue: Size    0 Change +0  Load  1,00 Time     0us                                   |UTC 2026-09-25T22:41:11.815|Src n/a|Bonuses first tier
[engine] opt queued engine=1  id=89    PhpRootGen@7773cf77(resume_bci=168)                |Tier 1|Count/Thres        400/      400|Queue: Size    0 Change +1  Load  1,00 Time     0us                                   |UTC 2026-09-25T22:41:11.820|Src n/a
[engine] opt start  engine=1  id=89    PhpRootGen@7773cf77(resume_bci=168)                |Tier 1|Priority  66098560|Rate 439,6570|Queue: Size    0 Change +0  Load  1,00 Time     0us                                   |UTC 2026-09-25T22:41:11.820|Src n/a|Bonuses first tier
[engine] opt done   engine=1  id=89    PhpRootGen@7773cf77(resume_bci=168)                |Tier 1|Time    10(   5+4   )ms|AST    1|Inlined   0Y   0N|IR    351/   790|CodeSize    2933|Addr 0x2a5170e30000|CompId 5740   |UTC 2026-09-25T22:41:11.829|Src n/a
[5.210s] GC(16) Pause Incremental GC (Collect on allocation) 53.00M->11.00M 5.316ms
[engine] opt done   engine=1  id=86    PhpRootGen@1825d4b8(resume_bci=1760)               |Tier 1|Time    56(  21+35  )ms|AST    1|Inlined   0Y   0N|IR   1893/  5280|CodeSize   22885|Addr 0x23ff0f0c0000|CompId 5738   |UTC 2026-09-25T22:41:11.862|Src n/a
VERSION libcurl/8.22.0 BoringSSL zlib/1.3.2 brotli/1.2.0 zstd/1.5.7 WinIDN nghttp2/1.63.0
CLOCK 241726496391900 241726498668100
LATENCY 16677000
TIMELINE 0 0 241726499069000 16677000
LATENCY 2574700
TIMELINE 0 16 241726565977300 2574700
LATENCY 2368200
TIMELINE 0 32 241726604207900 2368200
LATENCY 2439400
TIMELINE 0 48 241726646330400 2439400
LATENCY 2354800
TIMELINE 0 64 241726683524300 2354800
LATENCY 2190600
TIMELINE 0 80 241726722027700 2190600
LATENCY 2733400
TIMELINE 0 96 241726761890500 2733400
LATENCY 2446000
TIMELINE 0 112 241726813999500 2446000
LATENCY 2315200
TIMELINE 0 128 241726852889400 2315200
LATENCY 2213900
TIMELINE 0 144 241726888783100 2213900
LATENCY 2263600
TIMELINE 0 160 241726926477800 2263600
LATENCY 2250600
TIMELINE 0 176 241726963082000 2250600
LATENCY 2203100
TIMELINE 0 192 241726999634500 2203100
LATENCY 2161700
TIMELINE 0 208 241727035075300 2161700
LATENCY 2168500
TIMELINE 0 224 241727071130500 2168500
LATENCY 2155600
TIMELINE 0 240 241727112097300 2155600
LATENCY 2213900
TIMELINE 0 256 241727146170800 2213900
LATENCY 2249900
TIMELINE 0 272 241727181153300 2249900
LATENCY 2244400
TIMELINE 0 288 241727216447100 2244400
LATENCY 2072200
TIMELINE 0 304 241727251760000 2072200
LATENCY 2085000
TIMELINE 0 320 241727285257000 2085000
LATENCY 2218800
TIMELINE 0 336 241727319413500 2218800
LATENCY 2245900
TIMELINE 0 352 241727356519600 2245900
LATENCY 2800300
TIMELINE 0 368 241727399932700 2800300
LATENCY 2255600
TIMELINE 0 384 241727437526200 2255600
LATENCY 2133500
TIMELINE 0 400 241727473125200 2133500
LATENCY 2252700
TIMELINE 0 416 241727508068500 2252700
LATENCY 2200500
TIMELINE 0 432 241727543696000 2200500
LATENCY 2318900
TIMELINE 0 448 241727579300900 2318900
LATENCY 2101200
TIMELINE 0 464 241727614786500 2101200
LATENCY 2169800
TIMELINE 0 480 241727649068600 2169800
LATENCY 2197700
TIMELINE 0 496 241727691800400 2197700
LATENCY 2238500
TIMELINE 0 512 241727727280800 2238500
LATENCY 2092200
TIMELINE 0 528 241727762516800 2092200
LATENCY 2152800
TIMELINE 0 544 241727802607500 2152800
LATENCY 2077300
TIMELINE 0 560 241727837206800 2077300
LATENCY 2122800
TIMELINE 0 576 241727871414800 2122800
LATENCY 2126500
TIMELINE 0 592 241727906764800 2126500
LATENCY 2126000
TIMELINE 0 608 241727941573300 2126000
LATENCY 2206200
TIMELINE 0 624 241727984673200 2206200
LATENCY 2029300
TIMELINE 0 640 241728018826400 2029300
LATENCY 2127400
TIMELINE 0 656 241728053090700 2127400
LATENCY 2104000
TIMELINE 0 672 241728087982500 2104000
LATENCY 2113100
TIMELINE 0 688 241728122004400 2113100
LATENCY 2072500
TIMELINE 0 704 241728156560700 2072500
LATENCY 2362600
TIMELINE 0 720 241728191331000 2362600
LATENCY 2163600
TIMELINE 0 736 241728227100900 2163600
LATENCY 2318400
TIMELINE 0 752 241728269951100 2318400
LATENCY 2215000
TIMELINE 0 768 241728306101000 2215000
LATENCY 2181900
TIMELINE 0 784 241728342047900 2181900
LATENCY 2265900
TIMELINE 0 800 241728377310900 2265900
LATENCY 2202500
TIMELINE 0 816 241728412332400 2202500
LATENCY 2170500
TIMELINE 0 832 241728447594000 2170500
LATENCY 2330000
TIMELINE 0 848 241728482935900 2330000
LATENCY 2145100
TIMELINE 0 864 241728525740000 2145100
LATENCY 2171600
TIMELINE 0 880 241728560464100 2171600
LATENCY 2191600
TIMELINE 0 896 241728595445400 2191600
LATENCY 2242900
TIMELINE 0 912 241728630310800 2242900
LATENCY 2256500
TIMELINE 0 928 241728665521400 2256500
LATENCY 2156300
TIMELINE 0 944 241728701089900 2156300
LATENCY 2521300
TIMELINE 0 960 241728737043700 2521300
LATENCY 2113600
TIMELINE 0 976 241728772869900 2113600
LATENCY 2283100
TIMELINE 0 992 241728815209700 2283100
LATENCY 2150500
TIMELINE 0 1008 241728849725400 2150500
LATENCY 2160000
TIMELINE 0 1024 241728884094500 2160000
LATENCY 2159900
TIMELINE 0 1040 241728919015400 2159900
LATENCY 2122000
TIMELINE 0 1056 241728953713500 2122000
LATENCY 2240600
TIMELINE 0 1072 241728988171300 2240600
LATENCY 2487300
TIMELINE 0 1088 241729024399000 2487300
LATENCY 2160200
TIMELINE 0 1104 241729065355000 2160200
LATENCY 2244200
TIMELINE 0 1120 241729100274700 2244200
LATENCY 2286900
TIMELINE 0 1136 241729136207900 2286900
LATENCY 2135000
TIMELINE 0 1152 241729171141500 2135000
LATENCY 2421400
TIMELINE 0 1168 241729206735300 2421400
LATENCY 2208600
TIMELINE 0 1184 241729242372800 2208600
LATENCY 2186100
TIMELINE 0 1200 241729277228100 2186100
LATENCY 2237200
TIMELINE 0 1216 241729313504400 2237200
LATENCY 2201000
TIMELINE 0 1232 241729356771900 2201000
LATENCY 2180800
TIMELINE 0 1248 241729391538200 2180800
LATENCY 2305400
TIMELINE 0 1264 241729426366800 2305400
LATENCY 2713100
TIMELINE 0 1280 241729467006100 2713100
LATENCY 2750800
TIMELINE 0 1296 241729509821400 2750800
LATENCY 3006700
TIMELINE 0 1312 241729555369400 3006700
LATENCY 2675000
TIMELINE 0 1328 241729601424400 2675000
LATENCY 2738000
TIMELINE 0 1344 241729650755900 2738000
LATENCY 2581500
TIMELINE 0 1360 241729694404300 2581500
LATENCY 2863300
TIMELINE 0 1376 241729738115600 2863300
LATENCY 2810900
TIMELINE 0 1392 241729784856900 2810900
LATENCY 2688900
TIMELINE 0 1408 241729832884800 2688900
LATENCY 2622400
TIMELINE 0 1424 241729875062200 2622400
LATENCY 2792500
TIMELINE 0 1440 241729919275300 2792500
LATENCY 2918900
TIMELINE 0 1456 241729969181900 2918900
LATENCY 2658500
TIMELINE 0 1472 241730017864100 2658500
LATENCY 2599000
TIMELINE 0 1488 241730061797500 2599000
LATENCY 2648300
TIMELINE 0 1504 241730106594100 2648300
LATENCY 2588900
TIMELINE 0 1520 241730149713000 2588900
LATENCY 2520900
TIMELINE 0 1536 241730192553500 2520900
LATENCY 2571100
TIMELINE 0 1552 241730240087400 2571100
LATENCY 2729700
TIMELINE 0 1568 241730286784100 2729700
LATENCY 2623900
TIMELINE 0 1584 241730335244200 2623900
LATENCY 2589000
TIMELINE 0 1600 241730378611400 2589000
LATENCY 2730300
TIMELINE 0 1616 241730420751300 2730300
LATENCY 2757500
TIMELINE 0 1632 241730465227800 2757500
LATENCY 2610700
TIMELINE 0 1648 241730509837300 2610700
LATENCY 2672700
TIMELINE 0 1664 241730552743700 2672700
LATENCY 2616600
TIMELINE 0 1680 241730596426500 2616600
LATENCY 2815900
TIMELINE 0 1696 241730638725200 2815900
LATENCY 2988400
TIMELINE 0 1712 241730690817900 2988400
LATENCY 2810400
TIMELINE 0 1728 241730738255300 2810400
LATENCY 2830300
TIMELINE 0 1744 241730784326500 2830300
LATENCY 2762600
TIMELINE 0 1760 241730832784400 2762600
LATENCY 2705700
TIMELINE 0 1776 241730876528800 2705700
LATENCY 2984300
TIMELINE 0 1792 241730920004700 2984300
LATENCY 3258900
TIMELINE 0 1808 241730966985200 3258900
LATENCY 4755000
TIMELINE 0 1824 241731018352300 4755000
LATENCY 2756800
TIMELINE 0 1840 241731064536900 2756800
LATENCY 2871800
TIMELINE 0 1856 241731109263200 2871800
LATENCY 2578300
TIMELINE 0 1872 241731154452200 2578300
LATENCY 2582500
TIMELINE 0 1888 241731196826700 2582500
LATENCY 2649800
TIMELINE 0 1904 241731238507300 2649800
LATENCY 2758300
TIMELINE 0 1920 241731282465700 2758300
LATENCY 2998200
TIMELINE 0 1936 241731327529600 2998200
LATENCY 2649600
TIMELINE 0 1952 241731377001400 2649600
LATENCY 2562700
TIMELINE 0 1968 241731420248100 2562700
LATENCY 3215800
TIMELINE 0 1984 241731464140300 3215800
LATENCY 3136600
TIMELINE 0 2000 241731514628300 3136600
LATENCY 2701600
TIMELINE 0 2016 241731559414300 2701600
LATENCY 2645600
TIMELINE 0 2032 241731603661500 2645600
LATENCY 3994600
TIMELINE 1 1 241726516058200 3994600
LATENCY 2364200
TIMELINE 1 17 241726568727900 2364200
LATENCY 2277600
TIMELINE 1 33 241726606809200 2277600
LATENCY 2291900
TIMELINE 1 49 241726648998700 2291900
LATENCY 2467600
TIMELINE 1 65 241726686168500 2467600
LATENCY 2204700
TIMELINE 1 81 241726724393700 2204700
LATENCY 2912300
TIMELINE 1 97 241726764951300 2912300
LATENCY 2628000
TIMELINE 1 113 241726816616100 2628000
LATENCY 2236900
TIMELINE 1 129 241726855577700 2236900
LATENCY 2393600
TIMELINE 1 145 241726891375400 2393600
LATENCY 2207600
TIMELINE 1 161 241726929035800 2207600
LATENCY 2224000
TIMELINE 1 177 241726966845800 2224000
LATENCY 2210300
TIMELINE 1 193 241727003192400 2210300
LATENCY 2664700
TIMELINE 1 209 241727038953500 2664700
LATENCY 2575600
TIMELINE 1 225 241727074429700 2575600
LATENCY 2091000
TIMELINE 1 241 241727115455800 2091000
LATENCY 2138800
TIMELINE 1 257 241727149494900 2138800
LATENCY 2176700
TIMELINE 1 273 241727184606900 2176700
LATENCY 2209800
TIMELINE 1 289 241727219931400 2209800
LATENCY 2129700
TIMELINE 1 305 241727255072000 2129700
LATENCY 2067200
TIMELINE 1 321 241727288460100 2067200
LATENCY 2234500
TIMELINE 1 337 241727322942900 2234500
LATENCY 4516300
TIMELINE 1 353 241727359886900 4516300
LATENCY 2226400
TIMELINE 1 369 241727406325500 2226400
LATENCY 2274100
TIMELINE 1 385 241727443344500 2274100
LATENCY 2204800
TIMELINE 1 401 241727478665400 2204800
LATENCY 2268800
TIMELINE 1 417 241727514139600 2268800
LATENCY 2250300
TIMELINE 1 433 241727549369700 2250300
LATENCY 2232200
TIMELINE 1 449 241727585024800 2232200
LATENCY 2130600
TIMELINE 1 465 241727620187100 2130600
LATENCY 2634800
TIMELINE 1 481 241727654661400 2634800
LATENCY 2238300
TIMELINE 1 497 241727697470000 2238300
LATENCY 2235500
TIMELINE 1 513 241727732838800 2235500
LATENCY 2154700
TIMELINE 1 529 241727768196000 2154700
LATENCY 2098200
TIMELINE 1 545 241727806865700 2098200
LATENCY 2139800
TIMELINE 1 561 241727841489800 2139800
LATENCY 2098900
TIMELINE 1 577 241727875799600 2098900
LATENCY 2137800
TIMELINE 1 593 241727911116800 2137800
LATENCY 2125700
TIMELINE 1 609 241727945845800 2125700
LATENCY 2219400
TIMELINE 1 625 241727989160500 2219400
LATENCY 2027700
TIMELINE 1 641 241728023016000 2027700
LATENCY 2133200
TIMELINE 1 657 241728057456900 2133200
LATENCY 2110000
TIMELINE 1 673 241728092344700 2110000
LATENCY 2294000
TIMELINE 1 689 241728126380300 2294000
LATENCY 2111300
TIMELINE 1 705 241728161007400 2111300
LATENCY 2326700
TIMELINE 1 721 241728195730200 2326700
LATENCY 2200000
TIMELINE 1 737 241728231189100 2200000
LATENCY 2357100
TIMELINE 1 753 241728274322000 2357100
LATENCY 2282700
TIMELINE 1 769 241728310122400 2282700
LATENCY 2153200
TIMELINE 1 785 241728346081300 2153200
LATENCY 2230800
TIMELINE 1 801 241728381611000 2230800
LATENCY 2157300
TIMELINE 1 817 241728416462100 2157300
LATENCY 2167100
TIMELINE 1 833 241728451664900 2167100
LATENCY 2261000
TIMELINE 1 849 241728487256000 2261000
LATENCY 2138400
TIMELINE 1 865 241728529782300 2138400
LATENCY 2176100
TIMELINE 1 881 241728564617600 2176100
LATENCY 2267800
TIMELINE 1 897 241728599946700 2267800
LATENCY 2184600
TIMELINE 1 913 241728634816100 2184600
LATENCY 2292900
TIMELINE 1 929 241728670034500 2292900
LATENCY 2130600
TIMELINE 1 945 241728705398800 2130600
LATENCY 2225100
TIMELINE 1 961 241728741710800 2225100
LATENCY 2178600
TIMELINE 1 977 241728776941300 2178600
LATENCY 2139200
TIMELINE 1 993 241728819320300 2139200
LATENCY 2109500
TIMELINE 1 1009 241728853711400 2109500
LATENCY 2167900
TIMELINE 1 1025 241728888094800 2167900
LATENCY 2145700
TIMELINE 1 1041 241728922953300 2145700
LATENCY 2171800
TIMELINE 1 1057 241728957555200 2171800
LATENCY 2141200
TIMELINE 1 1073 241728992153900 2141200
LATENCY 2198300
TIMELINE 1 1089 241729029151500 2198300
LATENCY 2205700
TIMELINE 1 1105 241729069773000 2205700
LATENCY 2298400
TIMELINE 1 1121 241729104719100 2298400
LATENCY 2123800
TIMELINE 1 1137 241729140846100 2123800
LATENCY 2101000
TIMELINE 1 1153 241729175513800 2101000
LATENCY 2156400
TIMELINE 1 1169 241729211768900 2156400
LATENCY 2149600
TIMELINE 1 1185 241729246792200 2149600
LATENCY 2143500
TIMELINE 1 1201 241729281656900 2143500
LATENCY 3407900
TIMELINE 1 1217 241729317955200 3407900
LATENCY 2154900
TIMELINE 1 1233 241729361231900 2154900
LATENCY 2113200
TIMELINE 1 1249 241729395908600 2113200
LATENCY 2669000
TIMELINE 1 1265 241729430938700 2669000
LATENCY 2611600
TIMELINE 1 1281 241729471877600 2611600
LATENCY 2698900
TIMELINE 1 1297 241729514753700 2698900
LATENCY 2994600
TIMELINE 1 1313 241729560743700 2994600
LATENCY 2698800
TIMELINE 1 1329 241729606259600 2698800
LATENCY 2690900
TIMELINE 1 1345 241729655639900 2690900
LATENCY 2758700
TIMELINE 1 1361 241729699025800 2758700
LATENCY 2902600
TIMELINE 1 1377 241729743121000 2902600
LATENCY 2820800
TIMELINE 1 1393 241729789806400 2820800
LATENCY 2613000
TIMELINE 1 1409 241729837658000 2613000
LATENCY 2724300
TIMELINE 1 1425 241729879844100 2724300
LATENCY 2796700
TIMELINE 1 1441 241729924273900 2796700
LATENCY 2870700
TIMELINE 1 1457 241729974497900 2870700
LATENCY 2715900
TIMELINE 1 1473 241730022714100 2715900
LATENCY 2557900
TIMELINE 1 1489 241730066441800 2557900
LATENCY 2796600
TIMELINE 1 1505 241730111494800 2796600
LATENCY 2589300
TIMELINE 1 1521 241730154364500 2589300
LATENCY 2968500
TIMELINE 1 1537 241730200285600 2968500
LATENCY 2682900
TIMELINE 1 1553 241730247423900 2682900
LATENCY 2608300
TIMELINE 1 1569 241730291563200 2608300
LATENCY 2792400
TIMELINE 1 1585 241730339969800 2792400
LATENCY 2602900
TIMELINE 1 1601 241730383223900 2602900
LATENCY 2709500
TIMELINE 1 1617 241730425576000 2709500
LATENCY 2736300
TIMELINE 1 1633 241730470138200 2736300
LATENCY 2661300
TIMELINE 1 1649 241730515139000 2661300
LATENCY 2615600
TIMELINE 1 1665 241730559154400 2615600
LATENCY 2666400
TIMELINE 1 1681 241730601743400 2666400
LATENCY 2858100
TIMELINE 1 1697 241730644586800 2858100
LATENCY 3008400
TIMELINE 1 1713 241730696899500 3008400
LATENCY 2996500
TIMELINE 1 1729 241730744058400 2996500
LATENCY 2804200
TIMELINE 1 1745 241730790168300 2804200
LATENCY 2752700
TIMELINE 1 1761 241730838194700 2752700
LATENCY 2723500
TIMELINE 1 1777 241730881712100 2723500
LATENCY 2802600
TIMELINE 1 1793 241730925556800 2802600
LATENCY 2832000
TIMELINE 1 1809 241730972828900 2832000
LATENCY 2627600
TIMELINE 1 1825 241731025394900 2627600
LATENCY 2709900
TIMELINE 1 1841 241731069746300 2709900
LATENCY 2985900
TIMELINE 1 1857 241731114820900 2985900
LATENCY 2595400
TIMELINE 1 1873 241731159421000 2595400
LATENCY 2593900
TIMELINE 1 1889 241731201696700 2593900
LATENCY 2627300
TIMELINE 1 1905 241731243548600 2627300
LATENCY 2738400
TIMELINE 1 1921 241731287620600 2738400
LATENCY 7745000
TIMELINE 1 1937 241731333215500 7745000
LATENCY 2596800
TIMELINE 1 1953 241731381994300 2596800
LATENCY 2729700
TIMELINE 1 1969 241731425050100 2729700
LATENCY 3476800
TIMELINE 1 1985 241731470221800 3476800
LATENCY 3017400
TIMELINE 1 2001 241731520732100 3017400
LATENCY 2694400
TIMELINE 1 2017 241731564711800 2694400
LATENCY 2662700
TIMELINE 1 2033 241731608863800 2662700
LATENCY 2693200
TIMELINE 2 2 241726520015000 2693200
LATENCY 2343900
TIMELINE 2 18 241726571002700 2343900
LATENCY 2337700
TIMELINE 2 34 241726608967900 2337700
LATENCY 2316700
TIMELINE 2 50 241726651131200 2316700
LATENCY 2610500
TIMELINE 2 66 241726688600900 2610500
LATENCY 2231900
TIMELINE 2 82 241726726489400 2231900
LATENCY 2960000
TIMELINE 2 98 241726767700300 2960000
LATENCY 2459400
TIMELINE 2 114 241726819205800 2459400
LATENCY 2207900
TIMELINE 2 130 241726857722800 2207900
LATENCY 2345000
TIMELINE 2 146 241726893573300 2345000
LATENCY 2166100
TIMELINE 2 162 241726931132300 2166100
LATENCY 2267400
TIMELINE 2 178 241726968130600 2267400
LATENCY 2240600
TIMELINE 2 194 241727004509300 2240600
LATENCY 2517900
TIMELINE 2 210 241727040724800 2517900
LATENCY 2212800
TIMELINE 2 226 241727076596300 2212800
LATENCY 2138100
TIMELINE 2 242 241727117127100 2138100
LATENCY 2134700
TIMELINE 2 258 241727151198200 2134700
LATENCY 2148400
TIMELINE 2 274 241727186417400 2148400
LATENCY 2256000
TIMELINE 2 290 241727221744000 2256000
LATENCY 2087300
TIMELINE 2 306 241727256827500 2087300
LATENCY 2056100
TIMELINE 2 322 241727290152500 2056100
LATENCY 2148100
TIMELINE 2 338 241727324878200 2148100
LATENCY 1500000
TIMELINE 2 354 241727361402900 1500000
LATENCY 2247400
TIMELINE 2 370 241727405125400 2247400
LATENCY 2179400
TIMELINE 2 386 241727442209500 2179400
LATENCY 2150300
TIMELINE 2 402 241727477573200 2150300
LATENCY 2446400
TIMELINE 2 418 241727512796100 2446400
LATENCY 2207500
TIMELINE 2 434 241727548186300 2207500
LATENCY 2261100
TIMELINE 2 450 241727583919200 2261100
LATENCY 2125200
TIMELINE 2 466 241727619144500 2125200
LATENCY 2555800
TIMELINE 2 482 241727653604200 2555800
LATENCY 2175800
TIMELINE 2 498 241727696360300 2175800
LATENCY 2243900
TIMELINE 2 514 241727731826300 2243900
LATENCY 2131700
TIMELINE 2 530 241727767250400 2131700
LATENCY 2085400
TIMELINE 2 546 241727807624400 2085400
LATENCY 2125700
TIMELINE 2 562 241727842210400 2125700
LATENCY 2115900
TIMELINE 2 578 241727876439200 2115900
LATENCY 2126300
TIMELINE 2 594 241727911951200 2126300
LATENCY 2155000
TIMELINE 2 610 241727946663400 2155000
LATENCY 2216100
TIMELINE 2 626 241727990100500 2216100
LATENCY 2033100
TIMELINE 2 642 241728023853100 2033100
LATENCY 2138400
TIMELINE 2 658 241728058398500 2138400
LATENCY 2102100
TIMELINE 2 674 241728093282900 2102100
LATENCY 2302300
TIMELINE 2 690 241728127371700 2302300
LATENCY 2154600
TIMELINE 2 706 241728161940900 2154600
LATENCY 2307400
TIMELINE 2 722 241728198843800 2307400
LATENCY 2186500
TIMELINE 2 738 241728234204900 2186500
LATENCY 2234200
TIMELINE 2 754 241728277300800 2234200
LATENCY 2235600
TIMELINE 2 770 241728313058100 2235600
LATENCY 2160800
TIMELINE 2 786 241728349019800 2160800
LATENCY 2175300
TIMELINE 2 802 241728384552000 2175300
LATENCY 2169600
TIMELINE 2 818 241728419303400 2169600
LATENCY 2148400
TIMELINE 2 834 241728454435200 2148400
LATENCY 2239800
TIMELINE 2 850 241728490112900 2239800
LATENCY 2155700
TIMELINE 2 866 241728532467600 2155700
LATENCY 2215900
TIMELINE 2 882 241728567310800 2215900
LATENCY 2194400
TIMELINE 2 898 241728602514100 2194400
LATENCY 2183900
TIMELINE 2 914 241728637360700 2183900
LATENCY 2183900
TIMELINE 2 930 241728672720300 2183900
LATENCY 2138600
TIMELINE 2 946 241728707914200 2138600
LATENCY 2305500
TIMELINE 2 962 241728744090300 2305500
LATENCY 2165200
TIMELINE 2 978 241728779347800 2165200
LATENCY 2141400
TIMELINE 2 994 241728821706100 2141400
LATENCY 2152900
TIMELINE 2 1010 241728856041400 2152900
LATENCY 2162500
TIMELINE 2 1026 241728890505900 2162500
LATENCY 2149900
TIMELINE 2 1042 241728925649700 2149900
LATENCY 2157100
TIMELINE 2 1058 241728960228900 2157100
LATENCY 2271700
TIMELINE 2 1074 241728994818500 2271700
LATENCY 2200800
TIMELINE 2 1090 241729031261100 2200800
LATENCY 2208200
TIMELINE 2 1106 241729072044500 2208200
LATENCY 2334500
TIMELINE 2 1122 241729107094100 2334500
LATENCY 2141900
TIMELINE 2 1138 241729142807800 2141900
LATENCY 2111300
TIMELINE 2 1154 241729177462900 2111300
LATENCY 2219600
TIMELINE 2 1170 241729213570300 2219600
LATENCY 2121100
TIMELINE 2 1186 241729248640900 2121100
LATENCY 2175200
TIMELINE 2 1202 241729283618100 2175200
LATENCY 3338800
TIMELINE 2 1218 241729320973600 3338800
LATENCY 2153800
TIMELINE 2 1234 241729363276100 2153800
LATENCY 2173600
TIMELINE 2 1250 241729397908900 2173600
LATENCY 2657500
TIMELINE 2 1266 241729433344500 2657500
LATENCY 2682300
TIMELINE 2 1282 241729474272400 2682300
LATENCY 2744700
TIMELINE 2 1298 241729517416100 2744700
LATENCY 2713000
TIMELINE 2 1314 241729563696300 2713000
LATENCY 2719400
TIMELINE 2 1330 241729608922900 2719400
LATENCY 2869900
TIMELINE 2 1346 241729658299800 2869900
LATENCY 2775200
TIMELINE 2 1362 241729701825700 2775200
LATENCY 3042900
TIMELINE 2 1378 241729746061700 3042900
LATENCY 2932100
TIMELINE 2 1394 241729792669600 2932100
LATENCY 2561500
TIMELINE 2 1410 241729840165800 2561500
LATENCY 2621500
TIMELINE 2 1426 241729882454700 2621500
LATENCY 2926300
TIMELINE 2 1442 241729926956700 2926300
LATENCY 2763500
TIMELINE 2 1458 241729977337500 2763500
LATENCY 2706100
TIMELINE 2 1474 241730025391400 2706100
LATENCY 3625700
TIMELINE 2 1490 241730068961100 3625700
LATENCY 2777900
TIMELINE 2 1506 241730114255000 2777900
LATENCY 2639800
TIMELINE 2 1522 241730156924100 2639800
LATENCY 2775800
TIMELINE 2 1538 241730203306700 2775800
LATENCY 3191500
TIMELINE 2 1554 241730250034700 3191500
LATENCY 2610900
TIMELINE 2 1570 241730294130600 2610900
LATENCY 2717600
TIMELINE 2 1586 241730342833800 2717600
LATENCY 2585400
TIMELINE 2 1602 241730385905800 2585400
LATENCY 2890400
TIMELINE 2 1618 241730428370500 2890400
LATENCY 3666900
TIMELINE 2 1634 241730472942200 3666900
LATENCY 2732000
TIMELINE 2 1650 241730518060700 2732000
LATENCY 2580800
TIMELINE 2 1666 241730562022400 2580800
LATENCY 2613200
TIMELINE 2 1682 241730604670400 2613200
LATENCY 7686600
TIMELINE 2 1698 241730647719400 7686600
LATENCY 2889000
TIMELINE 2 1714 241730700225900 2889000
LATENCY 2920800
TIMELINE 2 1730 241730747290300 2920800
LATENCY 2853200
TIMELINE 2 1746 241730793216100 2853200
LATENCY 2717400
TIMELINE 2 1762 241730841330600 2717400
LATENCY 2689800
TIMELINE 2 1778 241730884862700 2689800
LATENCY 2728300
TIMELINE 2 1794 241730928795500 2728300
LATENCY 2785500
TIMELINE 2 1810 241730976054700 2785500
LATENCY 2680900
TIMELINE 2 1826 241731028799300 2680900
LATENCY 2808500
TIMELINE 2 1842 241731073289500 2808500
LATENCY 3005000
TIMELINE 2 1858 241731118721700 3005000
LATENCY 2610600
TIMELINE 2 1874 241731162809200 2610600
LATENCY 2690400
TIMELINE 2 1890 241731205080900 2690400
LATENCY 2753300
TIMELINE 2 1906 241731246995700 2753300
LATENCY 2695700
TIMELINE 2 1922 241731291161200 2695700
LATENCY 2938100
TIMELINE 2 1938 241731341898300 2938100
LATENCY 2616800
TIMELINE 2 1954 241731385371800 2616800
LATENCY 2858800
TIMELINE 2 1970 241731428717000 2858800
LATENCY 3114800
TIMELINE 2 1986 241731474605900 3114800
LATENCY 2670100
TIMELINE 2 2002 241731524476200 2670100
LATENCY 2765000
TIMELINE 2 2018 241731568380000 2765000
LATENCY 2720500
TIMELINE 2 2034 241731612473800 2720500
LATENCY 3430300
TIMELINE 3 3 241726522779300 3430300
LATENCY 2347800
TIMELINE 3 19 241726573314600 2347800
LATENCY 2245000
TIMELINE 3 35 241726611245700 2245000
LATENCY 2243900
TIMELINE 3 51 241726653355800 2243900
LATENCY 2438000
TIMELINE 3 67 241726691099400 2438000
LATENCY 2284900
TIMELINE 3 83 241726728626500 2284900
LATENCY 2733400
TIMELINE 3 99 241726770266700 2733400
LATENCY 2410300
TIMELINE 3 115 241726821337900 2410300
LATENCY 2232000
TIMELINE 3 131 241726859537800 2232000
LATENCY 2262100
TIMELINE 3 147 241726895583000 2262100
LATENCY 2310700
TIMELINE 3 163 241726932960800 2310700
LATENCY 2182800
TIMELINE 3 179 241726969684100 2182800
LATENCY 2293900
TIMELINE 3 195 241727005919700 2293900
LATENCY 2138500
TIMELINE 3 211 241727042334500 2138500
LATENCY 2191600
TIMELINE 3 227 241727077810700 2191600
LATENCY 2127900
TIMELINE 3 243 241727118271100 2127900
LATENCY 2142700
TIMELINE 3 259 241727152314300 2142700
LATENCY 2171600
TIMELINE 3 275 241727187435300 2171600
LATENCY 2248800
TIMELINE 3 291 241727222799200 2248800
LATENCY 2079400
TIMELINE 3 307 241727257819200 2079400
LATENCY 2052200
TIMELINE 3 323 241727291147800 2052200
LATENCY 2255300
TIMELINE 3 339 241727325998200 2255300
LATENCY 2350200
TIMELINE 3 355 241727364830600 2350200
LATENCY 2193400
TIMELINE 3 371 241727409074900 2193400
LATENCY 2623600
TIMELINE 3 387 241727446220100 2623600
LATENCY 2142100
TIMELINE 3 403 241727481434500 2142100
LATENCY 2239500
TIMELINE 3 419 241727516983800 2239500
LATENCY 2194600
TIMELINE 3 435 241727552322800 2194600
LATENCY 2221000
TIMELINE 3 451 241727588049600 2221000
LATENCY 2182300
TIMELINE 3 467 241727623112100 2182300
LATENCY 2353100
TIMELINE 3 483 241727658165000 2353100
LATENCY 2282700
TIMELINE 3 499 241727700302100 2282700
LATENCY 2202100
TIMELINE 3 515 241727735701000 2202100
LATENCY 2173000
TIMELINE 3 531 241727771017800 2173000
LATENCY 2261900
TIMELINE 3 547 241727811528600 2261900
LATENCY 2115500
TIMELINE 3 563 241727846109600 2115500
LATENCY 2083600
TIMELINE 3 579 241727880186800 2083600
LATENCY 2123700
TIMELINE 3 595 241727915660200 2123700
LATENCY 2142000
TIMELINE 3 611 241727950359600 2142000
LATENCY 2161100
TIMELINE 3 627 241727993649700 2161100
LATENCY 2055700
TIMELINE 3 643 241728027178400 2055700
LATENCY 2194200
TIMELINE 3 659 241728061823000 2194200
LATENCY 2139800
TIMELINE 3 675 241728096671600 2139800
LATENCY 2071300
TIMELINE 3 691 241728130922500 2071300
LATENCY 2131900
TIMELINE 3 707 241728165245300 2131900
LATENCY 2249500
TIMELINE 3 723 241728200864700 2249500
LATENCY 2205100
TIMELINE 3 739 241728236138600 2205100
LATENCY 2276200
TIMELINE 3 755 241728279361700 2276200
LATENCY 2215900
TIMELINE 3 771 241728315099000 2215900
LATENCY 2139900
TIMELINE 3 787 241728350889100 2139900
LATENCY 2177400
TIMELINE 3 803 241728386698200 2177400
LATENCY 2149400
TIMELINE 3 819 241728421415500 2149400
LATENCY 2097500
TIMELINE 3 835 241728456557300 2097500
LATENCY 2202800
TIMELINE 3 851 241728492384300 2202800
LATENCY 2098700
TIMELINE 3 867 241728534721500 2098700
LATENCY 2269100
TIMELINE 3 883 241728569614200 2269100
LATENCY 2184500
TIMELINE 3 899 241728605364000 2184500
LATENCY 2146700
TIMELINE 3 915 241728640162400 2146700
LATENCY 2305200
TIMELINE 3 931 241728675695800 2305200
LATENCY 2153800
TIMELINE 3 947 241728710840100 2153800
LATENCY 2254400
TIMELINE 3 963 241728747382400 2254400
LATENCY 2119000
TIMELINE 3 979 241728782397600 2119000
LATENCY 2167200
TIMELINE 3 995 241728824775700 2167200
LATENCY 2142200
TIMELINE 3 1011 241728859131500 2142200
LATENCY 2135200
TIMELINE 3 1027 241728893606900 2135200
LATENCY 2157700
TIMELINE 3 1043 241728928497700 2157700
LATENCY 2115900
TIMELINE 3 1059 241728963192000 2115900
LATENCY 2138000
TIMELINE 3 1075 241728997874500 2138000
LATENCY 2168900
TIMELINE 3 1091 241729034566000 2168900
LATENCY 2145700
TIMELINE 3 1107 241729075203100 2145700
LATENCY 2228700
TIMELINE 3 1123 241729110563300 2228700
LATENCY 2166600
TIMELINE 3 1139 241729146034900 2166600
LATENCY 2152400
TIMELINE 3 1155 241729180682500 2152400
LATENCY 2217000
TIMELINE 3 1171 241729216922100 2217000
LATENCY 2080900
TIMELINE 3 1187 241729251838400 2080900
LATENCY 2111100
TIMELINE 3 1203 241729286814000 2111100
LATENCY 7601900
TIMELINE 3 1219 241729325478400 7601900
LATENCY 2129700
TIMELINE 3 1235 241729366448400 2129700
LATENCY 2138300
TIMELINE 3 1251 241729401098000 2138300
LATENCY 2305200
TIMELINE 3 1267 241729437231500 2305200
LATENCY 2710300
TIMELINE 3 1283 241729478392100 2710300
LATENCY 2693200
TIMELINE 3 1299 241729521362200 2693200
LATENCY 2658500
TIMELINE 3 1315 241729567567900 2658500
LATENCY 2766700
TIMELINE 3 1331 241729612878100 2766700
LATENCY 2723200
TIMELINE 3 1347 241729662398000 2723200
LATENCY 2666300
TIMELINE 3 1363 241729705795600 2666300
LATENCY 2845200
TIMELINE 3 1379 241729750338900 2845200
LATENCY 2865700
TIMELINE 3 1395 241729796853400 2865700
LATENCY 2569700
TIMELINE 3 1411 241729843935500 2569700
LATENCY 2725100
TIMELINE 3 1427 241729886304000 2725100
LATENCY 2611100
TIMELINE 3 1443 241729931254300 2611100
LATENCY 2989600
TIMELINE 3 1459 241729986493500 2989600
LATENCY 2482700
TIMELINE 3 1475 241730029459300 2482700
LATENCY 2737600
TIMELINE 3 1491 241730074393900 2737600
LATENCY 3083800
TIMELINE 3 1507 241730118399500 3083800
LATENCY 2767500
TIMELINE 3 1523 241730160882600 2767500
LATENCY 2707300
TIMELINE 3 1539 241730207474400 2707300
LATENCY 2770000
TIMELINE 3 1555 241730254853100 2770000
LATENCY 2629900
TIMELINE 3 1571 241730298097900 2629900
LATENCY 2714900
TIMELINE 3 1587 241730346870800 2714900
LATENCY 2570800
TIMELINE 3 1603 241730389737400 2570800
LATENCY 2743700
TIMELINE 3 1619 241730432687400 2743700
LATENCY 2973400
TIMELINE 3 1635 241730477368600 2973400
LATENCY 2605400
TIMELINE 3 1651 241730521428200 2605400
LATENCY 2596900
TIMELINE 3 1667 241730565242200 2596900
LATENCY 2712300
TIMELINE 3 1683 241730607926800 2712300
LATENCY 2812800
TIMELINE 3 1699 241730656247200 2812800
LATENCY 3063900
TIMELINE 3 1715 241730703908900 3063900
LATENCY 2882600
TIMELINE 3 1731 241730751038600 2882600
LATENCY 2778100
TIMELINE 3 1747 241730796890200 2778100
LATENCY 2708800
TIMELINE 3 1763 241730844828400 2708800
LATENCY 2542100
TIMELINE 3 1779 241730888357500 2542100
LATENCY 2729300
TIMELINE 3 1795 241730932326000 2729300
LATENCY 2883300
TIMELINE 3 1811 241730979599400 2883300
LATENCY 2773800
TIMELINE 3 1827 241731034040600 2773800
LATENCY 2951400
TIMELINE 3 1843 241731078564800 2951400
LATENCY 2824400
TIMELINE 3 1859 241731124369700 2824400
LATENCY 2565600
TIMELINE 3 1875 241731167746000 2565600
LATENCY 2579300
TIMELINE 3 1891 241731210089800 2579300
LATENCY 2746200
TIMELINE 3 1907 241731252171300 2746200
LATENCY 2741500
TIMELINE 3 1923 241731296288200 2741500
LATENCY 2781200
TIMELINE 3 1939 241731347409900 2781200
LATENCY 2699700
TIMELINE 3 1955 241731390436900 2699700
LATENCY 2670500
TIMELINE 3 1971 241731434045800 2670500
LATENCY 3055900
TIMELINE 3 1987 241731480506800 3055900
LATENCY 2661300
TIMELINE 3 2003 241731529953000 2661300
LATENCY 2680800
TIMELINE 3 2019 241731573538200 2680800
LATENCY 2700400
TIMELINE 3 2035 241731617659100 2700400
LATENCY 2766800
TIMELINE 4 4 241726526288400 2766800
LATENCY 2302200
TIMELINE 4 20 241726575945400 2302200
LATENCY 2283100
TIMELINE 4 36 241726613816500 2283100
LATENCY 2291000
TIMELINE 4 52 241726655987100 2291000
LATENCY 2297600
TIMELINE 4 68 241726693851100 2297600
LATENCY 2262400
TIMELINE 4 84 241726731257300 2262400
LATENCY 2722300
TIMELINE 4 100 241726773248300 2722300
LATENCY 2337800
TIMELINE 4 116 241726823782500 2337800
LATENCY 2252500
TIMELINE 4 132 241726861833500 2252500
LATENCY 2318200
TIMELINE 4 148 241726897913200 2318200
LATENCY 2230400
TIMELINE 4 164 241726935330400 2230400
LATENCY 2326300
TIMELINE 4 180 241726973495000 2326300
LATENCY 2158500
TIMELINE 4 196 241727009869100 2158500
LATENCY 2219800
TIMELINE 4 212 241727046096800 2219800
LATENCY 2242000
TIMELINE 4 228 241727081524200 2242000
LATENCY 2109200
TIMELINE 4 244 241727121893600 2109200
LATENCY 2092000
TIMELINE 4 260 241727156035500 2092000
LATENCY 2165200
TIMELINE 4 276 241727191339500 2165200
LATENCY 2299500
TIMELINE 4 292 241727226930900 2299500
LATENCY 2095000
TIMELINE 4 308 241727261459400 2095000
LATENCY 2049300
TIMELINE 4 324 241727294776800 2049300
LATENCY 2340000
TIMELINE 4 340 241727329863200 2340000
LATENCY 2265700
TIMELINE 4 356 241727370132600 2265700
LATENCY 2283800
TIMELINE 4 372 241727413644100 2283800
LATENCY 2151400
TIMELINE 4 388 241727451211800 2151400
LATENCY 2116600
TIMELINE 4 404 241727485836500 2116600
LATENCY 2163700
TIMELINE 4 420 241727521555300 2163700
LATENCY 2148000
TIMELINE 4 436 241727556542700 2148000
LATENCY 2300100
TIMELINE 4 452 241727592415400 2300100
LATENCY 2126200
TIMELINE 4 468 241727627314100 2126200
LATENCY 2285700
TIMELINE 4 484 241727662900000 2285700
LATENCY 2229800
TIMELINE 4 500 241727704992600 2229800
LATENCY 2213100
TIMELINE 4 516 241727740221200 2213100
LATENCY 4314100
TIMELINE 4 532 241727778998700 4314100
LATENCY 2133800
TIMELINE 4 548 241727816573200 2133800
LATENCY 2116800
TIMELINE 4 564 241727850998900 2116800
LATENCY 2102900
TIMELINE 4 580 241727885144100 2102900
LATENCY 2145100
TIMELINE 4 596 241727920683000 2145100
LATENCY 2101800
TIMELINE 4 612 241727955411500 2101800
LATENCY 2157500
TIMELINE 4 628 241727998948600 2157500
LATENCY 2098900
TIMELINE 4 644 241728032996100 2098900
LATENCY 2265100
TIMELINE 4 660 241728067553900 2265100
LATENCY 2091500
TIMELINE 4 676 241728102089000 2091500
LATENCY 2153600
TIMELINE 4 692 241728136553500 2153600
LATENCY 2098300
TIMELINE 4 708 241728170631000 2098300
LATENCY 2168000
TIMELINE 4 724 241728208113600 2168000
LATENCY 2355700
TIMELINE 4 740 241728250212700 2355700
LATENCY 2238200
TIMELINE 4 756 241728286818900 2238200
LATENCY 2296500
TIMELINE 4 772 241728322768900 2296500
LATENCY 2203100
TIMELINE 4 788 241728358051700 2203100
LATENCY 2304000
TIMELINE 4 804 241728393592600 2304000
LATENCY 2273500
TIMELINE 4 820 241728428341100 2273500
LATENCY 2172700
TIMELINE 4 836 241728463521500 2172700
LATENCY 2161800
TIMELINE 4 852 241728499385300 2161800
LATENCY 2137200
TIMELINE 4 868 241728541579000 2137200
LATENCY 2138500
TIMELINE 4 884 241728576974700 2138500
LATENCY 2197800
TIMELINE 4 900 241728612337300 2197800
LATENCY 2220600
TIMELINE 4 916 241728647080200 2220600
LATENCY 2196600
TIMELINE 4 932 241728682926800 2196600
LATENCY 2169700
TIMELINE 4 948 241728717689300 2169700
LATENCY 2180500
TIMELINE 4 964 241728754516300 2180500
LATENCY 2161800
TIMELINE 4 980 241728797086400 2161800
LATENCY 2130300
TIMELINE 4 996 241728831590800 2130300
LATENCY 2172600
TIMELINE 4 1012 241728865844500 2172600
LATENCY 2310700
TIMELINE 4 1028 241728900425900 2310700
LATENCY 2190400
TIMELINE 4 1044 241728935587700 2190400
LATENCY 2184200
TIMELINE 4 1060 241728969893000 2184200
LATENCY 2273500
TIMELINE 4 1076 241729004755400 2273500
LATENCY 2331300
TIMELINE 4 1092 241729041420400 2331300
LATENCY 2172800
TIMELINE 4 1108 241729082044400 2172800
LATENCY 2356100
TIMELINE 4 1124 241729117749400 2356100
LATENCY 2142500
TIMELINE 4 1140 241729152855100 2142500
LATENCY 2341500
TIMELINE 4 1156 241729187872800 2341500
LATENCY 2327000
TIMELINE 4 1172 241729223996400 2327000
LATENCY 2233000
TIMELINE 4 1188 241729258720500 2233000
LATENCY 2260900
TIMELINE 4 1204 241729293775800 2260900
LATENCY 2170500
TIMELINE 4 1220 241729338112600 2170500
LATENCY 2249700
TIMELINE 4 1236 241729373350900 2249700
LATENCY 2166900
TIMELINE 4 1252 241729407988400 2166900
LATENCY 2489400
TIMELINE 4 1268 241729444953400 2489400
LATENCY 2624700
TIMELINE 4 1284 241729487053200 2624700
LATENCY 2783200
TIMELINE 4 1300 241729530110200 2783200
LATENCY 2604200
TIMELINE 4 1316 241729576110700 2604200
LATENCY 2759300
TIMELINE 4 1332 241729621766600 2759300
LATENCY 2792800
TIMELINE 4 1348 241729671128800 2792800
LATENCY 2704900
TIMELINE 4 1364 241729714378000 2704900
LATENCY 3065600
TIMELINE 4 1380 241729759780900 3065600
LATENCY 2814400
TIMELINE 4 1396 241729806357900 2814400
LATENCY 2582900
TIMELINE 4 1412 241729852362400 2582900
LATENCY 2805900
TIMELINE 4 1428 241729895099000 2805900
LATENCY 2575400
TIMELINE 4 1444 241729939811500 2575400
LATENCY 2677000
TIMELINE 4 1460 241729995266900 2677000
LATENCY 2590700
TIMELINE 4 1476 241730037698900 2590700
LATENCY 2912200
TIMELINE 4 1492 241730082891800 2912200
LATENCY 2639900
TIMELINE 4 1508 241730127433100 2639900
LATENCY 2659700
TIMELINE 4 1524 241730169688500 2659700
LATENCY 2844000
TIMELINE 4 1540 241730216402600 2844000
LATENCY 2634600
TIMELINE 4 1556 241730263395400 2634600
LATENCY 2597800
TIMELINE 4 1572 241730306450600 2597800
LATENCY 2742200
TIMELINE 4 1588 241730355566000 2742200
LATENCY 2639600
TIMELINE 4 1604 241730398035200 2639600
LATENCY 2750200
TIMELINE 4 1620 241730441447200 2750200
LATENCY 2798900
TIMELINE 4 1636 241730486606000 2798900
LATENCY 2665300
TIMELINE 4 1652 241730530187500 2665300
LATENCY 2610600
TIMELINE 4 1668 241730573942900 2610600
LATENCY 2747600
TIMELINE 4 1684 241730616531200 2747600
LATENCY 2922500
TIMELINE 4 1700 241730665398900 2922500
LATENCY 3093100
TIMELINE 4 1716 241730713813300 3093100
LATENCY 2831300
TIMELINE 4 1732 241730760616500 2831300
LATENCY 2796500
TIMELINE 4 1748 241730805696800 2796500
LATENCY 2699300
TIMELINE 4 1764 241730853357300 2699300
LATENCY 2724000
TIMELINE 4 1780 241730896791500 2724000
LATENCY 2593500
TIMELINE 4 1796 241730942457000 2593500
LATENCY 3056600
TIMELINE 4 1812 241730988631000 3056600
LATENCY 2888600
TIMELINE 4 1828 241731040424600 2888600
LATENCY 2793800
TIMELINE 4 1844 241731085266100 2793800
LATENCY 2772400
TIMELINE 4 1860 241731130891700 2772400
LATENCY 2625800
TIMELINE 4 1876 241731173780900 2625800
LATENCY 2614100
TIMELINE 4 1892 241731216083600 2614100
LATENCY 2726600
TIMELINE 4 1908 241731258558700 2726600
LATENCY 2738000
TIMELINE 4 1924 241731302856800 2738000
LATENCY 2678500
TIMELINE 4 1940 241731353706200 2678500
LATENCY 2700100
TIMELINE 4 1956 241731396628200 2700100
LATENCY 2687100
TIMELINE 4 1972 241731440187400 2687100
LATENCY 3024000
TIMELINE 4 1988 241731487678600 3024000
LATENCY 2711400
TIMELINE 4 2004 241731535933000 2711400
LATENCY 2727900
TIMELINE 4 2020 241731579471700 2727900
LATENCY 2701600
TIMELINE 4 2036 241731623587400 2701600
LATENCY 4298900
TIMELINE 5 5 241726528993000 4298900
LATENCY 2328100
TIMELINE 5 21 241726578155900 2328100
LATENCY 2282200
TIMELINE 5 37 241726615971000 2282200
LATENCY 2202800
TIMELINE 5 53 241726658100800 2202800
LATENCY 2402400
TIMELINE 5 69 241726696467800 2402400
LATENCY 2580700
TIMELINE 5 85 241726733852700 2580700
LATENCY 2867200
TIMELINE 5 101 241726776270700 2867200
LATENCY 2421300
TIMELINE 5 117 241726826441600 2421300
LATENCY 2202200
TIMELINE 5 133 241726864367200 2202200
LATENCY 2263800
TIMELINE 5 149 241726900489300 2263800
LATENCY 2243200
TIMELINE 5 165 241726937797900 2243200
LATENCY 2221200
TIMELINE 5 181 241726975935500 2221200
LATENCY 2305500
TIMELINE 5 197 241727012209300 2305500
LATENCY 2136900
TIMELINE 5 213 241727048285100 2136900
LATENCY 2110300
TIMELINE 5 229 241727083730400 2110300
LATENCY 2080400
TIMELINE 5 245 241727123941600 2080400
LATENCY 2108100
TIMELINE 5 261 241727158073300 2108100
LATENCY 2201800
TIMELINE 5 277 241727193443100 2201800
LATENCY 2116200
TIMELINE 5 293 241727229174100 2116200
LATENCY 2081000
TIMELINE 5 309 241727263500800 2081000
LATENCY 2062200
TIMELINE 5 325 241727296766200 2062200
LATENCY 2404600
TIMELINE 5 341 241727332241100 2404600
LATENCY 2239800
TIMELINE 5 357 241727371905100 2239800
LATENCY 2259000
TIMELINE 5 373 241727415506400 2259000
LATENCY 2203600
TIMELINE 5 389 241727452975100 2203600
LATENCY 2139400
TIMELINE 5 405 241727487563000 2139400
LATENCY 2181200
TIMELINE 5 421 241727523376500 2181200
LATENCY 2307600
TIMELINE 5 437 241727558461300 2307600
LATENCY 2238700
TIMELINE 5 453 241727594334200 2238700
LATENCY 2113600
TIMELINE 5 469 241727629130100 2113600
LATENCY 2221800
TIMELINE 5 485 241727664858900 2221800
LATENCY 2158200
TIMELINE 5 501 241727706955900 2158200
LATENCY 2183700
TIMELINE 5 517 241727742173700 2183700
LATENCY 2461500
TIMELINE 5 533 241727782020800 2461500
LATENCY 2159300
TIMELINE 5 549 241727817620300 2159300
LATENCY 2111200
TIMELINE 5 565 241727852064100 2111200
LATENCY 2056800
TIMELINE 5 581 241727886172200 2056800
LATENCY 2293500
TIMELINE 5 597 241727921688200 2293500
LATENCY 2116700
TIMELINE 5 613 241727956442400 2116700
LATENCY 2158100
TIMELINE 5 629 241728000019100 2158100
LATENCY 2132300
TIMELINE 5 645 241728033930100 2132300
LATENCY 2298100
TIMELINE 5 661 241728068569700 2298100
LATENCY 2075600
TIMELINE 5 677 241728103104900 2075600
LATENCY 2171500
TIMELINE 5 693 241728137718800 2171500
LATENCY 2081900
TIMELINE 5 709 241728171790300 2081900
LATENCY 2147900
TIMELINE 5 725 241728207710500 2147900
LATENCY 2296600
TIMELINE 5 741 241728249889300 2296600
LATENCY 2219800
TIMELINE 5 757 241728286298400 2219800
LATENCY 2305400
TIMELINE 5 773 241728322265500 2305400
LATENCY 2227500
TIMELINE 5 789 241728357582200 2227500
LATENCY 2135900
TIMELINE 5 805 241728392998600 2135900
LATENCY 2295200
TIMELINE 5 821 241728427762300 2295200
LATENCY 2150800
TIMELINE 5 837 241728462972800 2150800
LATENCY 2152300
TIMELINE 5 853 241728498782800 2152300
LATENCY 2122500
TIMELINE 5 869 241728540999800 2122500
LATENCY 2114600
TIMELINE 5 885 241728576364100 2114600
LATENCY 2227700
TIMELINE 5 901 241728611423800 2227700
LATENCY 2180300
TIMELINE 5 917 241728646193100 2180300
LATENCY 2194600
TIMELINE 5 933 241728682403400 2194600
LATENCY 2145700
TIMELINE 5 949 241728717160400 2145700
LATENCY 2162900
TIMELINE 5 965 241728753816300 2162900
LATENCY 2175700
TIMELINE 5 981 241728796451400 2175700
LATENCY 2113900
TIMELINE 5 997 241728831038900 2113900
LATENCY 2120500
TIMELINE 5 1013 241728865328700 2120500
LATENCY 2329300
TIMELINE 5 1029 241728899872900 2329300
LATENCY 2160500
TIMELINE 5 1045 241728935068900 2160500
LATENCY 2179400
TIMELINE 5 1061 241728969392800 2179400
LATENCY 2288800
TIMELINE 5 1077 241729004194200 2288800
LATENCY 2299300
TIMELINE 5 1093 241729040999500 2299300
LATENCY 2177700
TIMELINE 5 1109 241729081609200 2177700
LATENCY 2358600
TIMELINE 5 1125 241729117155900 2358600
LATENCY 2139900
TIMELINE 5 1141 241729152280200 2139900
LATENCY 2255100
TIMELINE 5 1157 241729187179000 2255100
LATENCY 2331300
TIMELINE 5 1173 241729223349400 2331300
LATENCY 2239900
TIMELINE 5 1189 241729258148300 2239900
LATENCY 2138700
TIMELINE 5 1205 241729293159100 2138700
LATENCY 2170400
TIMELINE 5 1221 241729337587500 2170400
LATENCY 2229000
TIMELINE 5 1237 241729372805200 2229000
LATENCY 2158800
TIMELINE 5 1253 241729407390600 2158800
LATENCY 2546400
TIMELINE 5 1269 241729443813000 2546400
LATENCY 2660700
TIMELINE 5 1285 241729485850200 2660700
LATENCY 2821900
TIMELINE 5 1301 241729528853200 2821900
LATENCY 2624100
TIMELINE 5 1317 241729574909000 2624100
LATENCY 2755900
TIMELINE 5 1333 241729620526100 2755900
LATENCY 2777500
TIMELINE 5 1349 241729669888100 2777500
LATENCY 2702400
TIMELINE 5 1365 241729713165600 2702400
LATENCY 3036700
TIMELINE 5 1381 241729758452600 3036700
LATENCY 2794100
TIMELINE 5 1397 241729805094400 2794100
LATENCY 2599700
TIMELINE 5 1413 241729851187600 2599700
LATENCY 2732900
TIMELINE 5 1429 241729893848700 2732900
LATENCY 2579200
TIMELINE 5 1445 241729938597000 2579200
LATENCY 2580600
TIMELINE 5 1461 241729994532800 2580600
LATENCY 2533400
TIMELINE 5 1477 241730036921300 2533400
LATENCY 2891400
TIMELINE 5 1493 241730082162600 2891400
LATENCY 2610600
TIMELINE 5 1509 241730126690400 2610600
LATENCY 2688100
TIMELINE 5 1525 241730168998400 2688100
LATENCY 2863400
TIMELINE 5 1541 241730215660800 2863400
LATENCY 2622100
TIMELINE 5 1557 241730262704200 2622100
LATENCY 2605600
TIMELINE 5 1573 241730305752800 2605600
LATENCY 2705300
TIMELINE 5 1589 241730354854600 2705300
LATENCY 2621600
TIMELINE 5 1605 241730397311600 2621600
LATENCY 2774400
TIMELINE 5 1621 241730440664300 2774400
LATENCY 2742000
TIMELINE 5 1637 241730485900300 2742000
LATENCY 2652500
TIMELINE 5 1653 241730529522600 2652500
LATENCY 2587800
TIMELINE 5 1669 241730573330700 2587800
LATENCY 2761600
TIMELINE 5 1685 241730615881500 2761600
LATENCY 2928900
TIMELINE 5 1701 241730664717300 2928900
LATENCY 3164600
TIMELINE 5 1717 241730713075200 3164600
LATENCY 2840300
TIMELINE 5 1733 241730759916500 2840300
LATENCY 2807200
TIMELINE 5 1749 241730805017100 2807200
LATENCY 2686500
TIMELINE 5 1765 241730852669100 2686500
LATENCY 2781900
TIMELINE 5 1781 241730896044300 2781900
LATENCY 2698700
TIMELINE 5 1797 241730941678000 2698700
LATENCY 3006700
TIMELINE 5 1813 241730987956300 3006700
LATENCY 2696000
TIMELINE 5 1829 241731042652400 2696000
LATENCY 2794100
TIMELINE 5 1845 241731087389600 2794100
LATENCY 2797900
TIMELINE 5 1861 241731132962900 2797900
LATENCY 2631800
TIMELINE 5 1877 241731175743700 2631800
LATENCY 2606000
TIMELINE 5 1893 241731218094000 2606000
LATENCY 2756900
TIMELINE 5 1909 241731260640900 2756900
LATENCY 2729500
TIMELINE 5 1925 241731305065600 2729500
LATENCY 2744500
TIMELINE 5 1941 241731355852000 2744500
LATENCY 2713200
TIMELINE 5 1957 241731398776300 2713200
LATENCY 2815000
TIMELINE 5 1973 241731442293700 2815000
LATENCY 3118900
TIMELINE 5 1989 241731489913200 3118900
LATENCY 2753800
TIMELINE 5 2005 241731538528800 2753800
LATENCY 2918900
TIMELINE 5 2021 241731582070100 2918900
LATENCY 2707700
TIMELINE 5 2037 241731626186400 2707700
LATENCY 6406700
TIMELINE 6 6 241726533375900 6406700
LATENCY 2316200
TIMELINE 6 22 241726580381500 2316200
LATENCY 2280000
TIMELINE 6 38 241726618168600 2280000
LATENCY 2219500
TIMELINE 6 54 241726660274300 2219500
LATENCY 2349000
TIMELINE 6 70 241726698639700 2349000
LATENCY 2697500
TIMELINE 6 86 241726736130800 2697500
LATENCY 2781500
TIMELINE 6 102 241726778875000 2781500
LATENCY 2281200
TIMELINE 6 118 241726828685200 2281200
LATENCY 2203300
TIMELINE 6 134 241726866416400 2203300
LATENCY 2280300
TIMELINE 6 150 241726902631300 2280300
LATENCY 2190300
TIMELINE 6 166 241726939954700 2190300
LATENCY 2227100
TIMELINE 6 182 241726977940000 2227100
LATENCY 2272800
TIMELINE 6 198 241727014388200 2272800
LATENCY 2089300
TIMELINE 6 214 241727050395700 2089300
LATENCY 2258600
TIMELINE 6 230 241727085813800 2258600
LATENCY 2093500
TIMELINE 6 246 241727126055400 2093500
LATENCY 2249700
TIMELINE 6 262 241727160212000 2249700
LATENCY 2208500
TIMELINE 6 278 241727195682100 2208500
LATENCY 2110900
TIMELINE 6 294 241727231325000 2110900
LATENCY 2033600
TIMELINE 6 310 241727265616200 2033600
LATENCY 2082700
TIMELINE 6 326 241727298858800 2082700
LATENCY 2481000
TIMELINE 6 342 241727334692600 2481000
LATENCY 2184800
TIMELINE 6 358 241727373262500 2184800
LATENCY 2247100
TIMELINE 6 374 241727416788600 2247100
LATENCY 2205400
TIMELINE 6 390 241727454257000 2205400
LATENCY 2135400
TIMELINE 6 406 241727488795300 2135400
LATENCY 2329100
TIMELINE 6 422 241727524649800 2329100
LATENCY 2362200
TIMELINE 6 438 241727559761600 2362200
LATENCY 2293900
TIMELINE 6 454 241727595829800 2293900
LATENCY 2112100
TIMELINE 6 470 241727630454400 2112100
LATENCY 2243000
TIMELINE 6 486 241727666162300 2243000
LATENCY 2176500
TIMELINE 6 502 241727708014800 2176500
LATENCY 2186700
TIMELINE 6 518 241727743265600 2186700
LATENCY 2253100
TIMELINE 6 534 241727783199300 2253100
LATENCY 2198500
TIMELINE 6 550 241727818569800 2198500
LATENCY 2102300
TIMELINE 6 566 241727852970200 2102300
LATENCY 2076200
TIMELINE 6 582 241727887112200 2076200
LATENCY 2380900
TIMELINE 6 598 241727922725100 2380900
LATENCY 2241900
TIMELINE 6 614 241727957458500 2241900
LATENCY 2166100
TIMELINE 6 630 241728000906600 2166100
LATENCY 2186200
TIMELINE 6 646 241728034742200 2186200
LATENCY 2191700
TIMELINE 6 662 241728069521500 2191700
LATENCY 2099800
TIMELINE 6 678 241728103912000 2099800
LATENCY 2171600
TIMELINE 6 694 241728138480700 2171600
LATENCY 2111400
TIMELINE 6 710 241728172505000 2111400
LATENCY 2187500
TIMELINE 6 726 241728209614300 2187500
LATENCY 2366300
TIMELINE 6 742 241728251991000 2366300
LATENCY 2217400
TIMELINE 6 758 241728288352200 2217400
LATENCY 2299900
TIMELINE 6 774 241728324302000 2299900
LATENCY 2240000
TIMELINE 6 790 241728359507400 2240000
LATENCY 2294100
TIMELINE 6 806 241728395045200 2294100
LATENCY 2178700
TIMELINE 6 822 241728429833000 2178700
LATENCY 2156400
TIMELINE 6 838 241728464923300 2156400
LATENCY 2183200
TIMELINE 6 854 241728500798800 2183200
LATENCY 2147300
TIMELINE 6 870 241728542950500 2147300
LATENCY 2213600
TIMELINE 6 886 241728578537500 2213600
LATENCY 2188800
TIMELINE 6 902 241728614055100 2188800
LATENCY 2243300
TIMELINE 6 918 241728648751100 2243300
LATENCY 2190900
TIMELINE 6 934 241728684542600 2190900
LATENCY 2237800
TIMELINE 6 950 241728719246000 2237800
LATENCY 2219500
TIMELINE 6 966 241728756014200 2219500
LATENCY 2163400
TIMELINE 6 982 241728798541700 2163400
LATENCY 2154800
TIMELINE 6 998 241728833071000 2154800
LATENCY 2185400
TIMELINE 6 1014 241728867367000 2185400
LATENCY 2228600
TIMELINE 6 1030 241728902114300 2228600
LATENCY 2193300
TIMELINE 6 1046 241728936904500 2193300
LATENCY 2197500
TIMELINE 6 1062 241728971281300 2197500
LATENCY 2217600
TIMELINE 6 1078 241729006143000 2217600
LATENCY 2548300
TIMELINE 6 1094 241729042826300 2548300
LATENCY 2200000
TIMELINE 6 1110 241729083415900 2200000
LATENCY 2337800
TIMELINE 6 1126 241729119292100 2337800
LATENCY 2166200
TIMELINE 6 1142 241729154243200 2166200
LATENCY 2371600
TIMELINE 6 1158 241729189237500 2371600
LATENCY 2271600
TIMELINE 6 1174 241729225295500 2271600
LATENCY 2180500
TIMELINE 6 1190 241729260019800 2180500
LATENCY 2710100
TIMELINE 6 1206 241729295018900 2710100
LATENCY 2190600
TIMELINE 6 1222 241729339017500 2190600
LATENCY 2267600
TIMELINE 6 1238 241729374246800 2267600
LATENCY 2129000
TIMELINE 6 1254 241729408928300 2129000
LATENCY 2330000
TIMELINE 6 1270 241729446292800 2330000
LATENCY 2604500
TIMELINE 6 1286 241729488432800 2604500
LATENCY 2942700
TIMELINE 6 1302 241729531591000 2942700
LATENCY 2695300
TIMELINE 6 1318 241729577460100 2695300
LATENCY 2758700
TIMELINE 6 1334 241729623211100 2758700
LATENCY 2780100
TIMELINE 6 1350 241729672576400 2780100
LATENCY 2734200
TIMELINE 6 1366 241729715776000 2734200
LATENCY 3120800
TIMELINE 6 1382 241729761402800 3120800
LATENCY 2980700
TIMELINE 6 1398 241729807739600 2980700
LATENCY 2567000
TIMELINE 6 1414 241729853642000 2567000
LATENCY 2758800
TIMELINE 6 1430 241729896526200 2758800
LATENCY 2852500
TIMELINE 6 1446 241729941109200 2852500
LATENCY 2750500
TIMELINE 6 1462 241729996569000 2750500
LATENCY 3104200
TIMELINE 6 1478 241730038773200 3104200
LATENCY 3088800
TIMELINE 6 1494 241730084266400 3088800
LATENCY 2708900
TIMELINE 6 1510 241730128721100 2708900
LATENCY 2659000
TIMELINE 6 1526 241730171088300 2659000
LATENCY 2806600
TIMELINE 6 1542 241730217866400 2806600
LATENCY 2600100
TIMELINE 6 1558 241730264710400 2600100
LATENCY 2644400
TIMELINE 6 1574 241730307740800 2644400
LATENCY 2747100
TIMELINE 6 1590 241730356879100 2747100
LATENCY 2686900
TIMELINE 6 1606 241730399287200 2686900
LATENCY 2758400
TIMELINE 6 1622 241730442782800 2758400
LATENCY 2803800
TIMELINE 6 1638 241730487962200 2803800
LATENCY 2666300
TIMELINE 6 1654 241730531556200 2666300
LATENCY 2705200
TIMELINE 6 1670 241730575317400 2705200
LATENCY 2735500
TIMELINE 6 1686 241730617978600 2735500
LATENCY 2932500
TIMELINE 6 1702 241730666958700 2932500
LATENCY 2870200
TIMELINE 6 1718 241730715533800 2870200
LATENCY 2859000
TIMELINE 6 1734 241730762118300 2859000
LATENCY 2863500
TIMELINE 6 1750 241730807194900 2863500
LATENCY 2787300
TIMELINE 6 1766 241730854795500 2787300
LATENCY 2749100
TIMELINE 6 1782 241730898243900 2749100
LATENCY 2592300
TIMELINE 6 1798 241730943844800 2592300
LATENCY 3110200
TIMELINE 6 1814 241730990257700 3110200
LATENCY 2718100
TIMELINE 6 1830 241731042876600 2718100
LATENCY 2805400
TIMELINE 6 1846 241731087579600 2805400
LATENCY 2790300
TIMELINE 6 1862 241731133149200 2790300
LATENCY 2617600
TIMELINE 6 1878 241731175926900 2617600
LATENCY 2612300
TIMELINE 6 1894 241731218271800 2612300
LATENCY 2770000
TIMELINE 6 1910 241731260829600 2770000
LATENCY 2733500
TIMELINE 6 1926 241731305195300 2733500
LATENCY 2738200
TIMELINE 6 1942 241731355997700 2738200
LATENCY 2704400
TIMELINE 6 1958 241731398929800 2704400
LATENCY 2814900
TIMELINE 6 1974 241731442440900 2814900
LATENCY 3117700
TIMELINE 6 1990 241731490039200 3117700
LATENCY 2776900
TIMELINE 6 2006 241731538225400 2776900
LATENCY 2853000
TIMELINE 6 2022 241731581509900 2853000
LATENCY 2681800
TIMELINE 6 2038 241731625566800 2681800
LATENCY 4351700
TIMELINE 7 7 241726539920900 4351700
LATENCY 2398600
TIMELINE 7 23 241726582771000 2398600
LATENCY 2300400
TIMELINE 7 39 241726620495600 2300400
LATENCY 2213100
TIMELINE 7 55 241726662466200 2213100
LATENCY 2276500
TIMELINE 7 71 241726701024100 2276500
LATENCY 2476500
TIMELINE 7 87 241726738952000 2476500
LATENCY 2829800
TIMELINE 7 103 241726781813000 2829800
LATENCY 2353100
TIMELINE 7 119 241726831058400 2353100
LATENCY 2187200
TIMELINE 7 135 241726868757900 2187200
LATENCY 2257100
TIMELINE 7 151 241726905132100 2257100
LATENCY 2300900
TIMELINE 7 167 241726942337700 2300900
LATENCY 2225200
TIMELINE 7 183 241726979920200 2225200
LATENCY 2155900
TIMELINE 7 199 241727016261100 2155900
LATENCY 2207100
TIMELINE 7 215 241727052113600 2207100
LATENCY 2256500
TIMELINE 7 231 241727087620700 2256500
LATENCY 2114800
TIMELINE 7 247 241727127647500 2114800
LATENCY 2203300
TIMELINE 7 263 241727161881000 2203300
LATENCY 2174300
TIMELINE 7 279 241727197259600 2174300
LATENCY 2136900
TIMELINE 7 295 241727232810500 2136900
LATENCY 2048400
TIMELINE 7 311 241727266985200 2048400
LATENCY 2069900
TIMELINE 7 327 241727300237700 2069900
LATENCY 2372900
TIMELINE 7 343 241727336256200 2372900
LATENCY 2182500
TIMELINE 7 359 241727373321900 2182500
LATENCY 2233000
TIMELINE 7 375 241727416912900 2233000
LATENCY 2215200
TIMELINE 7 391 241727454283700 2215200
LATENCY 2149400
TIMELINE 7 407 241727488825700 2149400
LATENCY 2331700
TIMELINE 7 423 241727524613700 2331700
LATENCY 2360100
TIMELINE 7 439 241727559730500 2360100
LATENCY 2295800
TIMELINE 7 455 241727595857700 2295800
LATENCY 2115600
TIMELINE 7 471 241727630508500 2115600
LATENCY 2265000
TIMELINE 7 487 241727666260300 2265000
LATENCY 2157700
TIMELINE 7 503 241727708291800 2157700
LATENCY 2189100
TIMELINE 7 519 241727743529400 2189100
LATENCY 2285400
TIMELINE 7 535 241727782906500 2285400
LATENCY 2169200
TIMELINE 7 551 241727818280900 2169200
LATENCY 2098300
TIMELINE 7 567 241727852682800 2098300
LATENCY 2062500
TIMELINE 7 583 241727886821100 2062500
LATENCY 2385300
TIMELINE 7 599 241727922392500 2385300
LATENCY 2218700
TIMELINE 7 615 241727957149800 2218700
LATENCY 2177700
TIMELINE 7 631 241728000581000 2177700
LATENCY 2184200
TIMELINE 7 647 241728034416800 2184200
LATENCY 2240200
TIMELINE 7 663 241728069187200 2240200
LATENCY 2087300
TIMELINE 7 679 241728103633800 2087300
LATENCY 2175100
TIMELINE 7 695 241728138187400 2175100
LATENCY 2094200
TIMELINE 7 711 241728172253700 2094200
LATENCY 2172300
TIMELINE 7 727 241728208541300 2172300
LATENCY 2287900
TIMELINE 7 743 241728250855100 2287900
LATENCY 2233500
TIMELINE 7 759 241728287339500 2233500
LATENCY 2294600
TIMELINE 7 775 241728323332900 2294600
LATENCY 2249800
TIMELINE 7 791 241728358568900 2249800
LATENCY 2296100
TIMELINE 7 807 241728394120700 2296100
LATENCY 2224200
TIMELINE 7 823 241728428859100 2224200
LATENCY 2175800
TIMELINE 7 839 241728463979500 2175800
LATENCY 2186300
TIMELINE 7 855 241728499921900 2186300
LATENCY 2127800
TIMELINE 7 871 241728542105600 2127800
LATENCY 2139100
TIMELINE 7 887 241728577355600 2139100
LATENCY 2195400
TIMELINE 7 903 241728612382300 2195400
LATENCY 2217600
TIMELINE 7 919 241728647040500 2217600
LATENCY 2195700
TIMELINE 7 935 241728682857500 2195700
LATENCY 2174900
TIMELINE 7 951 241728717608400 2174900
LATENCY 2175100
TIMELINE 7 967 241728754454300 2175100
LATENCY 2164100
TIMELINE 7 983 241728797116600 2164100
LATENCY 2128200
TIMELINE 7 999 241728831683800 2128200
LATENCY 2177600
TIMELINE 7 1015 241728866007800 2177600
LATENCY 2273900
TIMELINE 7 1031 241728900619600 2273900
LATENCY 2177700
TIMELINE 7 1047 241728935686000 2177700
LATENCY 2161200
TIMELINE 7 1063 241728970102100 2161200
LATENCY 2264100
TIMELINE 7 1079 241729004980400 2264100
LATENCY 2365600
TIMELINE 7 1095 241729042176200 2365600
LATENCY 2187600
TIMELINE 7 1111 241729082719500 2187600
LATENCY 2375200
TIMELINE 7 1127 241729118616600 2375200
LATENCY 2176200
TIMELINE 7 1143 241729153575700 2176200
LATENCY 2382500
TIMELINE 7 1159 241729188636200 2382500
LATENCY 2283200
TIMELINE 7 1175 241729224739500 2283200
LATENCY 2254400
TIMELINE 7 1191 241729259505900 2254400
LATENCY 2563100
TIMELINE 7 1207 241729294528500 2563100
LATENCY 2185900
TIMELINE 7 1223 241729338880200 2185900
LATENCY 2269700
TIMELINE 7 1239 241729374105000 2269700
LATENCY 2177900
TIMELINE 7 1255 241729408711000 2177900
LATENCY 2320100
TIMELINE 7 1271 241729446528700 2320100
LATENCY 2609200
TIMELINE 7 1287 241729488686600 2609200
LATENCY 2994100
TIMELINE 7 1303 241729531858500 2994100
LATENCY 2689600
TIMELINE 7 1319 241729577715400 2689600
LATENCY 2760200
TIMELINE 7 1335 241729623501200 2760200
LATENCY 2748500
TIMELINE 7 1351 241729672910300 2748500
LATENCY 2742600
TIMELINE 7 1367 241729716096200 2742600
LATENCY 3106300
TIMELINE 7 1383 241729761674300 3106300
LATENCY 3001000
TIMELINE 7 1399 241729808089600 3001000
LATENCY 2581800
TIMELINE 7 1415 241729853965700 2581800
LATENCY 2803000
TIMELINE 7 1431 241729896670700 2803000
LATENCY 2869500
TIMELINE 7 1447 241729941291600 2869500
LATENCY 2708900
TIMELINE 7 1463 241729996853000 2708900
LATENCY 3083000
TIMELINE 7 1479 241730039096200 3083000
LATENCY 3005300
TIMELINE 7 1495 241730084628600 3005300
LATENCY 2669200
TIMELINE 7 1511 241730128975200 2669200
LATENCY 2641000
TIMELINE 7 1527 241730171355000 2641000
LATENCY 2796500
TIMELINE 7 1543 241730218251300 2796500
LATENCY 2610900
TIMELINE 7 1559 241730265069000 2610900
LATENCY 2653600
TIMELINE 7 1575 241730308093500 2653600
LATENCY 2735800
TIMELINE 7 1591 241730357265100 2735800
LATENCY 2703600
TIMELINE 7 1607 241730399639700 2703600
LATENCY 2839900
TIMELINE 7 1623 241730443129000 2839900
LATENCY 2747600
TIMELINE 7 1639 241730488327800 2747600
LATENCY 2690400
TIMELINE 7 1655 241730531883400 2690400
LATENCY 2726800
TIMELINE 7 1671 241730575635200 2726800
LATENCY 2706800
TIMELINE 7 1687 241730618327400 2706800
LATENCY 2938100
TIMELINE 7 1703 241730667314900 2938100
LATENCY 2841500
TIMELINE 7 1719 241730715917100 2841500
LATENCY 2858000
TIMELINE 7 1735 241730762480300 2858000
LATENCY 2868700
TIMELINE 7 1751 241730807542700 2868700
LATENCY 2807300
TIMELINE 7 1767 241730855127200 2807300
LATENCY 2764700
TIMELINE 7 1783 241730898565400 2764700
LATENCY 2606700
TIMELINE 7 1799 241730944165000 2606700
LATENCY 3098300
TIMELINE 7 1815 241730990738000 3098300
LATENCY 2824900
TIMELINE 7 1831 241731044601000 2824900
LATENCY 2803000
TIMELINE 7 1847 241731089359300 2803000
LATENCY 2744200
TIMELINE 7 1863 241731134975400 2744200
LATENCY 2631100
TIMELINE 7 1879 241731177624200 2631100
LATENCY 2585700
TIMELINE 7 1895 241731219949200 2585700
LATENCY 2779300
TIMELINE 7 1911 241731262618400 2779300
LATENCY 2799500
TIMELINE 7 1927 241731306927300 2799500
LATENCY 2777400
TIMELINE 7 1943 241731357710500 2777400
LATENCY 2742400
TIMELINE 7 1959 241731400670800 2742400
LATENCY 2752900
TIMELINE 7 1975 241731444328100 2752900
LATENCY 3088100
TIMELINE 7 1991 241731492290900 3088100
LATENCY 2774700
TIMELINE 7 2007 241731540316700 2774700
LATENCY 3085100
TIMELINE 7 2023 241731583644000 3085100
LATENCY 2713200
TIMELINE 7 2039 241731627732500 2713200
LATENCY 3482600
TIMELINE 8 8 241726544328900 3482600
LATENCY 2396800
TIMELINE 8 24 241726585325200 2396800
LATENCY 2284700
TIMELINE 8 40 241726623002800 2284700
LATENCY 2207900
TIMELINE 8 56 241726664967500 2207900
LATENCY 2558200
TIMELINE 8 72 241726703156800 2558200
LATENCY 2363600
TIMELINE 8 88 241726741396400 2363600
LATENCY 2867800
TIMELINE 8 104 241726784602300 2867800
LATENCY 2428100
TIMELINE 8 120 241726833477600 2428100
LATENCY 2215300
TIMELINE 8 136 241726870915800 2215300
LATENCY 2293100
TIMELINE 8 152 241726907276600 2293100
LATENCY 2243000
TIMELINE 8 168 241726944521300 2243000
LATENCY 2214900
TIMELINE 8 184 241726981062500 2214900
LATENCY 2225400
TIMELINE 8 200 241727017376300 2225400
LATENCY 2239400
TIMELINE 8 216 241727053220900 2239400
LATENCY 2217500
TIMELINE 8 232 241727088835200 2217500
LATENCY 2095100
TIMELINE 8 248 241727128846000 2095100
LATENCY 2205200
TIMELINE 8 264 241727163308800 2205200
LATENCY 2157200
TIMELINE 8 280 241727198916900 2157200
LATENCY 2107100
TIMELINE 8 296 241727234507700 2107100
LATENCY 2040400
TIMELINE 8 312 241727268678200 2040400
LATENCY 2085100
TIMELINE 8 328 241727301979900 2085100
LATENCY 2654500
TIMELINE 8 344 241727338311900 2654500
LATENCY 2387800
TIMELINE 8 360 241727374740500 2387800
LATENCY 2213100
TIMELINE 8 376 241727418352500 2213100
LATENCY 2264500
TIMELINE 8 392 241727455752300 2264500
LATENCY 2138400
TIMELINE 8 408 241727490272000 2138400
LATENCY 2306800
TIMELINE 8 424 241727526302100 2306800
LATENCY 2193500
TIMELINE 8 440 241727561478100 2193500
LATENCY 2124000
TIMELINE 8 456 241727597423400 2124000
LATENCY 2149200
TIMELINE 8 472 241727631957100 2149200
LATENCY 2288500
TIMELINE 8 488 241727667738100 2288500
LATENCY 2168800
TIMELINE 8 504 241727709669300 2168800
LATENCY 2199200
TIMELINE 8 520 241727744922400 2199200
LATENCY 2263400
TIMELINE 8 536 241727783719600 2263400
LATENCY 2236800
TIMELINE 8 552 241727819010500 2236800
LATENCY 2072000
TIMELINE 8 568 241727853412900 2072000
LATENCY 2066800
TIMELINE 8 584 241727887642600 2066800
LATENCY 2337800
TIMELINE 8 600 241727923377000 2337800
LATENCY 2296300
TIMELINE 8 616 241727958018500 2296300
LATENCY 2136200
TIMELINE 8 632 241728001562200 2136200
LATENCY 2183100
TIMELINE 8 648 241728035448800 2183100
LATENCY 2180300
TIMELINE 8 664 241728070152200 2180300
LATENCY 2112300
TIMELINE 8 680 241728104459400 2112300
LATENCY 2189800
TIMELINE 8 696 241728139044500 2189800
LATENCY 2202400
TIMELINE 8 712 241728173049700 2202400
LATENCY 2185000
TIMELINE 8 728 241728209181500 2185000
LATENCY 2298800
TIMELINE 8 744 241728251666500 2298800
LATENCY 2211400
TIMELINE 8 760 241728288030700 2211400
LATENCY 2294100
TIMELINE 8 776 241728324177200 2294100
LATENCY 2230600
TIMELINE 8 792 241728359394000 2230600
LATENCY 2288000
TIMELINE 8 808 241728394990100 2288000
LATENCY 2177600
TIMELINE 8 824 241728429802900 2177600
LATENCY 2158000
TIMELINE 8 840 241728464836000 2158000
LATENCY 2166600
TIMELINE 8 856 241728500697100 2166600
LATENCY 2143000
TIMELINE 8 872 241728542840200 2143000
LATENCY 2195800
TIMELINE 8 888 241728578115600 2195800
LATENCY 2175800
TIMELINE 8 904 241728613201900 2175800
LATENCY 2340200
TIMELINE 8 920 241728647941500 2340200
LATENCY 2185700
TIMELINE 8 936 241728683797900 2185700
LATENCY 2217200
TIMELINE 8 952 241728718496600 2217200
LATENCY 2181700
TIMELINE 8 968 241728755226300 2181700
LATENCY 2161700
TIMELINE 8 984 241728797840500 2161700
LATENCY 2147700
TIMELINE 8 1000 241728832370600 2147700
LATENCY 2186300
TIMELINE 8 1016 241728866671800 2186300
LATENCY 2134900
TIMELINE 8 1032 241728901370000 2134900
LATENCY 2169500
TIMELINE 8 1048 241728936210100 2169500
LATENCY 2180400
TIMELINE 8 1064 241728970582300 2180400
LATENCY 2245700
TIMELINE 8 1080 241729005470300 2245700
LATENCY 2377100
TIMELINE 8 1096 241729041739400 2377100
LATENCY 2177700
TIMELINE 8 1112 241729082348300 2177700
LATENCY 2336300
TIMELINE 8 1128 241729118185100 2336300
LATENCY 2150100
TIMELINE 8 1144 241729153288500 2150100
LATENCY 2445500
TIMELINE 8 1160 241729188297000 2445500
LATENCY 2332600
TIMELINE 8 1176 241729224475200 2332600
LATENCY 2243500
TIMELINE 8 1192 241729259218600 2243500
LATENCY 2495800
TIMELINE 8 1208 241729294276000 2495800
LATENCY 2176500
TIMELINE 8 1224 241729338619100 2176500
LATENCY 2266200
TIMELINE 8 1240 241729373880900 2266200
LATENCY 2158700
TIMELINE 8 1256 241729408518300 2158700
LATENCY 2360900
TIMELINE 8 1272 241729445670400 2360900
LATENCY 2594600
TIMELINE 8 1288 241729487758700 2594600
LATENCY 2858400
TIMELINE 8 1304 241729530857600 2858400
LATENCY 2637500
TIMELINE 8 1320 241729576786500 2637500
LATENCY 2748200
TIMELINE 8 1336 241729622496600 2748200
LATENCY 2785500
TIMELINE 8 1352 241729671857300 2785500
LATENCY 2722700
TIMELINE 8 1368 241729715071400 2722700
LATENCY 3157000
TIMELINE 8 1384 241729760548600 3157000
LATENCY 2902400
TIMELINE 8 1400 241729807081700 2902400
LATENCY 2563700
TIMELINE 8 1416 241729853075000 2563700
LATENCY 2688300
TIMELINE 8 1432 241729895973400 2688300
LATENCY 2643500
TIMELINE 8 1448 241729940547100 2643500
LATENCY 2719900
TIMELINE 8 1464 241729996061300 2719900
LATENCY 2911300
TIMELINE 8 1480 241730038329700 2911300
LATENCY 3038700
TIMELINE 8 1496 241730083701400 3038700
LATENCY 2639000
TIMELINE 8 1512 241730128173300 2639000
LATENCY 2646500
TIMELINE 8 1528 241730170551400 2646500
LATENCY 2864200
TIMELINE 8 1544 241730217307600 2864200
LATENCY 2608800
TIMELINE 8 1560 241730264235100 2608800
LATENCY 2642500
TIMELINE 8 1576 241730307245200 2642500
LATENCY 2744500
TIMELINE 8 1592 241730356285100 2744500
LATENCY 2701100
TIMELINE 8 1608 241730398690100 2701100
LATENCY 2760500
TIMELINE 8 1624 241730442133800 2760500
LATENCY 2818100
TIMELINE 8 1640 241730487236900 2818100
LATENCY 2706800
TIMELINE 8 1656 241730530837400 2706800
LATENCY 2655000
TIMELINE 8 1672 241730574652400 2655000
LATENCY 2767400
TIMELINE 8 1688 241730617264700 2767400
LATENCY 2918200
TIMELINE 8 1704 241730666195700 2918200
LATENCY 3007100
TIMELINE 8 1720 241730714700200 3007100
LATENCY 2848800
TIMELINE 8 1736 241730761413700 2848800
LATENCY 2791400
TIMELINE 8 1752 241730806499800 2791400
LATENCY 2773200
TIMELINE 8 1768 241730854129200 2773200
LATENCY 2752100
TIMELINE 8 1784 241730897537800 2752100
LATENCY 2591200
TIMELINE 8 1800 241730943204400 2591200
LATENCY 3091300
TIMELINE 8 1816 241730989527000 3091300
LATENCY 2725700
TIMELINE 8 1832 241731041730800 2725700
LATENCY 2790400
TIMELINE 8 1848 241731086367900 2790400
LATENCY 2780800
TIMELINE 8 1864 241731131943300 2780800
LATENCY 2645300
TIMELINE 8 1880 241731174763900 2645300
LATENCY 2612600
TIMELINE 8 1896 241731217122200 2612600
LATENCY 2754300
TIMELINE 8 1912 241731259630700 2754300
LATENCY 2711500
TIMELINE 8 1928 241731303867500 2711500
LATENCY 2649200
TIMELINE 8 1944 241731354760800 2649200
LATENCY 2702600
TIMELINE 8 1960 241731397727800 2702600
LATENCY 2804800
TIMELINE 8 1976 241731441262600 2804800
LATENCY 3069500
TIMELINE 8 1992 241731488884600 3069500
LATENCY 2736500
TIMELINE 8 2008 241731537210000 2736500
LATENCY 2773400
TIMELINE 8 2024 241731580607300 2773400
LATENCY 2686300
TIMELINE 8 2040 241731624751900 2686300
LATENCY 2839800
TIMELINE 9 9 241726547855500 2839800
LATENCY 2230000
TIMELINE 9 25 241726587662000 2230000
LATENCY 2481600
TIMELINE 9 41 241726625168700 2481600
LATENCY 2202600
TIMELINE 9 57 241726667000900 2202600
LATENCY 2325300
TIMELINE 9 73 241726705579600 2325300
LATENCY 2546100
TIMELINE 9 89 241726743509200 2546100
LATENCY 11976300
TIMELINE 9 105 241726787260900 11976300
LATENCY 2520300
TIMELINE 9 121 241726835778900 2520300
LATENCY 2192500
TIMELINE 9 137 241726873101600 2192500
LATENCY 2433900
TIMELINE 9 153 241726909538400 2433900
LATENCY 2211600
TIMELINE 9 169 241726946733900 2211600
LATENCY 2155400
TIMELINE 9 185 241726983419600 2155400
LATENCY 2293100
TIMELINE 9 201 241727019691700 2293100
LATENCY 2116000
TIMELINE 9 217 241727055409100 2116000
LATENCY 2054400
TIMELINE 9 233 241727090907700 2054400
LATENCY 2047100
TIMELINE 9 249 241727130798300 2047100
LATENCY 2255200
TIMELINE 9 265 241727165150200 2255200
LATENCY 2169200
TIMELINE 9 281 241727200732400 2169200
LATENCY 2078700
TIMELINE 9 297 241727236201200 2078700
LATENCY 2040800
TIMELINE 9 313 241727270281100 2040800
LATENCY 2127600
TIMELINE 9 329 241727303615100 2127600
LATENCY 2280800
TIMELINE 9 345 241727340073400 2280800
LATENCY 2472000
TIMELINE 9 361 241727378272800 2472000
LATENCY 2351900
TIMELINE 9 377 241727421497300 2351900
LATENCY 2124800
TIMELINE 9 393 241727458888800 2124800
LATENCY 2103200
TIMELINE 9 409 241727493281300 2103200
LATENCY 2160000
TIMELINE 9 425 241727529345400 2160000
LATENCY 2167000
TIMELINE 9 441 241727564475300 2167000
LATENCY 2115100
TIMELINE 9 457 241727600369000 2115100
LATENCY 2157400
TIMELINE 9 473 241727634859500 2157400
LATENCY 2105100
TIMELINE 9 489 241727670891700 2105100
LATENCY 2194400
TIMELINE 9 505 241727712484900 2194400
LATENCY 2171100
TIMELINE 9 521 241727747788100 2171100
LATENCY 2262400
TIMELINE 9 537 241727787176000 2262400
LATENCY 2151200
TIMELINE 9 553 241727822493400 2151200
LATENCY 2122300
TIMELINE 9 569 241727856668100 2122300
LATENCY 3025200
TIMELINE 9 585 241727890699800 3025200
LATENCY 2150400
TIMELINE 9 601 241727926829100 2150400
LATENCY 2309000
TIMELINE 9 617 241727961644800 2309000
LATENCY 2105400
TIMELINE 9 633 241728004769700 2105400
LATENCY 2136900
TIMELINE 9 649 241728038739300 2136900
LATENCY 2138000
TIMELINE 9 665 241728073448500 2138000
LATENCY 2130800
TIMELINE 9 681 241728107648500 2130800
LATENCY 2125800
TIMELINE 9 697 241728142395100 2125800
LATENCY 2105700
TIMELINE 9 713 241728176354900 2105700
LATENCY 2154800
TIMELINE 9 729 241728212295600 2154800
LATENCY 2295700
TIMELINE 9 745 241728254996800 2295700
LATENCY 2135600
TIMELINE 9 761 241728291179000 2135600
LATENCY 2249900
TIMELINE 9 777 241728327277600 2249900
LATENCY 2197900
TIMELINE 9 793 241728362358400 2197900
LATENCY 2160000
TIMELINE 9 809 241728397885000 2160000
LATENCY 2161600
TIMELINE 9 825 241728432582800 2161600
LATENCY 2130000
TIMELINE 9 841 241728467660600 2130000
LATENCY 2300200
TIMELINE 9 857 241728503618600 2300200
LATENCY 2112100
TIMELINE 9 873 241728545699700 2112100
LATENCY 2117500
TIMELINE 9 889 241728581019000 2117500
LATENCY 2182900
TIMELINE 9 905 241728615563400 2182900
LATENCY 2207400
TIMELINE 9 921 241728650402300 2207400
LATENCY 2168800
TIMELINE 9 937 241728686168800 2168800
LATENCY 2309200
TIMELINE 9 953 241728720872100 2309200
LATENCY 2174300
TIMELINE 9 969 241728757690800 2174300
LATENCY 2172000
TIMELINE 9 985 241728800259100 2172000
LATENCY 2147000
TIMELINE 9 1001 241728834785400 2147000
LATENCY 2147800
TIMELINE 9 1017 241728869113500 2147800
LATENCY 2197200
TIMELINE 9 1033 241728903873100 2197200
LATENCY 2147200
TIMELINE 9 1049 241728938823300 2147200
LATENCY 2123800
TIMELINE 9 1065 241728973212400 2123800
LATENCY 2206200
TIMELINE 9 1081 241729008173900 2206200
LATENCY 2348600
TIMELINE 9 1097 241729044843300 2348600
LATENCY 2147000
TIMELINE 9 1113 241729085152400 2147000
LATENCY 2191000
TIMELINE 9 1129 241729121113200 2191000
LATENCY 2127900
TIMELINE 9 1145 241729155964300 2127900
LATENCY 2174700
TIMELINE 9 1161 241729191211900 2174700
LATENCY 2261800
TIMELINE 9 1177 241729227174100 2261800
LATENCY 2152100
TIMELINE 9 1193 241729261702100 2152100
LATENCY 2639900
TIMELINE 9 1209 241729297060400 2639900
LATENCY 2140000
TIMELINE 9 1225 241729341128400 2140000
LATENCY 2136300
TIMELINE 9 1241 241729376432700 2136300
LATENCY 2146300
TIMELINE 9 1257 241729410976700 2146300
LATENCY 2342800
TIMELINE 9 1273 241729448566000 2342800
LATENCY 2601600
TIMELINE 9 1289 241729490968900 2601600
LATENCY 3017500
TIMELINE 9 1305 241729534451100 3017500
LATENCY 2782200
TIMELINE 9 1321 241729580052900 2782200
LATENCY 2724800
TIMELINE 9 1337 241729625852800 2724800
LATENCY 2736900
TIMELINE 9 1353 241729675237000 2736900
LATENCY 2788300
TIMELINE 9 1369 241729718397600 2788300
LATENCY 2952800
TIMELINE 9 1385 241729764441200 2952800
LATENCY 3422700
TIMELINE 9 1401 241729810628700 3422700
LATENCY 2656200
TIMELINE 9 1417 241729856142400 2656200
LATENCY 2740700
TIMELINE 9 1433 241729899179500 2740700
LATENCY 4763200
TIMELINE 9 1449 241729943848900 4763200
LATENCY 2623800
TIMELINE 9 1465 241729999210200 2623800
LATENCY 3043400
TIMELINE 9 1481 241730041751600 3043400
LATENCY 2854400
TIMELINE 9 1497 241730087219300 2854400
LATENCY 2586800
TIMELINE 9 1513 241730131227000 2586800
LATENCY 2648900
TIMELINE 9 1529 241730173589100 2648900
LATENCY 2758900
TIMELINE 9 1545 241730220606500 2758900
LATENCY 2607200
TIMELINE 9 1561 241730267236900 2607200
LATENCY 2790600
TIMELINE 9 1577 241730310310800 2790600
LATENCY 2724800
TIMELINE 9 1593 241730359514500 2724800
LATENCY 2661500
TIMELINE 9 1609 241730401871800 2661500
LATENCY 2869300
TIMELINE 9 1625 241730445388700 2869300
LATENCY 2676300
TIMELINE 9 1641 241730490478400 2676300
LATENCY 2684500
TIMELINE 9 1657 241730533942700 2684500
LATENCY 2769000
TIMELINE 9 1673 241730577726900 2769000
LATENCY 2595000
TIMELINE 9 1689 241730620424700 2595000
LATENCY 2993600
TIMELINE 9 1705 241730669546200 2993600
LATENCY 2843500
TIMELINE 9 1721 241730718179600 2843500
LATENCY 2815700
TIMELINE 9 1737 241730764744400 2815700
LATENCY 3069600
TIMELINE 9 1753 241730809819500 3069600
LATENCY 2918500
TIMELINE 9 1769 241730857480900 2918500
LATENCY 2784000
TIMELINE 9 1785 241730900920800 2784000
LATENCY 2607400
TIMELINE 9 1801 241730946372500 2607400
LATENCY 3045000
TIMELINE 9 1817 241730993328200 3045000
LATENCY 2760500
TIMELINE 9 1833 241731043242200 2760500
LATENCY 2832600
TIMELINE 9 1849 241731087948500 2832600
LATENCY 2788100
TIMELINE 9 1865 241731133544300 2788100
LATENCY 2613000
TIMELINE 9 1881 241731176292300 2613000
LATENCY 2623100
TIMELINE 9 1897 241731218623400 2623100
LATENCY 2767500
TIMELINE 9 1913 241731261129900 2767500
LATENCY 2754500
TIMELINE 9 1929 241731305439400 2754500
LATENCY 2772700
TIMELINE 9 1945 241731356248000 2772700
LATENCY 2734400
TIMELINE 9 1961 241731399177600 2734400
LATENCY 2819100
TIMELINE 9 1977 241731442697100 2819100
LATENCY 3120600
TIMELINE 9 1993 241731490453200 3120600
LATENCY 2753700
TIMELINE 9 2009 241731538564800 2753700
LATENCY 2932500
TIMELINE 9 2025 241731581985300 2932500
LATENCY 2711100
TIMELINE 9 2041 241731626110700 2711100
LATENCY 3182700
TIMELINE 10 10 241726550731000 3182700
LATENCY 2285300
TIMELINE 10 26 241726589860400 2285300
LATENCY 3179400
TIMELINE 10 42 241726627746000 3179400
LATENCY 2247200
TIMELINE 10 58 241726669301200 2247200
LATENCY 2483200
TIMELINE 10 74 241726707868300 2483200
LATENCY 2618700
TIMELINE 10 90 241726746008700 2618700
LATENCY 2573300
TIMELINE 10 106 241726799128100 2573300
LATENCY 2430900
TIMELINE 10 122 241726838000600 2430900
LATENCY 2174300
TIMELINE 10 138 241726875004200 2174300
LATENCY 2305500
TIMELINE 10 154 241726911639400 2305500
LATENCY 2199900
TIMELINE 10 170 241726948668400 2199900
LATENCY 2409700
TIMELINE 10 186 241726986448500 2409700
LATENCY 2212100
TIMELINE 10 202 241727022881300 2212100
LATENCY 2242100
TIMELINE 10 218 241727058419000 2242100
LATENCY 2073000
TIMELINE 10 234 241727094124200 2073000
LATENCY 2048900
TIMELINE 10 250 241727133999700 2048900
LATENCY 2247000
TIMELINE 10 266 241727168659300 2247000
LATENCY 2128300
TIMELINE 10 282 241727204007500 2128300
LATENCY 2093300
TIMELINE 10 298 241727239455900 2093300
LATENCY 2125700
TIMELINE 10 314 241727273480900 2125700
LATENCY 2211700
TIMELINE 10 330 241727306859300 2211700
LATENCY 2222800
TIMELINE 10 346 241727343641100 2222800
LATENCY 2457900
TIMELINE 10 362 241727379923100 2457900
LATENCY 2299300
TIMELINE 10 378 241727423192400 2299300
LATENCY 2141600
TIMELINE 10 394 241727460426300 2141600
LATENCY 2208900
TIMELINE 10 410 241727494790100 2208900
LATENCY 2180700
TIMELINE 10 426 241727530847600 2180700
LATENCY 2192100
TIMELINE 10 442 241727565970200 2192100
LATENCY 2292500
TIMELINE 10 458 241727601762400 2292500
LATENCY 2113100
TIMELINE 10 474 241727636323100 2113100
LATENCY 2125500
TIMELINE 10 490 241727672163500 2125500
LATENCY 2277600
TIMELINE 10 506 241727714035700 2277600
LATENCY 2147100
TIMELINE 10 522 241727749321000 2147100
LATENCY 2286300
TIMELINE 10 538 241727789231700 2286300
LATENCY 2167300
TIMELINE 10 554 241727824445700 2167300
LATENCY 2234500
TIMELINE 10 570 241727858567000 2234500
LATENCY 2843900
TIMELINE 10 586 241727893191500 2843900
LATENCY 2205400
TIMELINE 10 602 241727928747700 2205400
LATENCY 2189900
TIMELINE 10 618 241727963661500 2189900
LATENCY 2196300
TIMELINE 10 634 241728006483900 2196300
LATENCY 2128400
TIMELINE 10 650 241728040463000 2128400
LATENCY 2190000
TIMELINE 10 666 241728075199900 2190000
LATENCY 2130000
TIMELINE 10 682 241728109472000 2130000
LATENCY 2111700
TIMELINE 10 698 241728144169200 2111700
LATENCY 1908900
TIMELINE 10 714 241728178100400 1908900
LATENCY 2168300
TIMELINE 10 730 241728213275400 2168300
LATENCY 2337500
TIMELINE 10 746 241728255951100 2337500
LATENCY 2306100
TIMELINE 10 762 241728292200900 2306100
LATENCY 2257500
TIMELINE 10 778 241728328410500 2257500
LATENCY 2258400
TIMELINE 10 794 241728363405000 2258400
LATENCY 2160400
TIMELINE 10 810 241728399107100 2160400
LATENCY 2274800
TIMELINE 10 826 241728433841600 2274800
LATENCY 2114200
TIMELINE 10 842 241728468884000 2114200
LATENCY 2341300
TIMELINE 10 858 241728504829800 2341300
LATENCY 2118600
TIMELINE 10 874 241728546931100 2118600
LATENCY 2264100
TIMELINE 10 890 241728582197300 2264100
LATENCY 2172200
TIMELINE 10 906 241728617315900 2172200
LATENCY 2207000
TIMELINE 10 922 241728652217500 2207000
LATENCY 2201900
TIMELINE 10 938 241728687874000 2201900
LATENCY 2166000
TIMELINE 10 954 241728722778200 2166000
LATENCY 2225400
TIMELINE 10 970 241728759523800 2225400
LATENCY 2148000
TIMELINE 10 986 241728802092000 2148000
LATENCY 2139200
TIMELINE 10 1002 241728836583300 2139200
LATENCY 2155300
TIMELINE 10 1018 241728870933100 2155300
LATENCY 2185400
TIMELINE 10 1034 241728905730100 2185400
LATENCY 2147500
TIMELINE 10 1050 241728940635400 2147500
LATENCY 2125900
TIMELINE 10 1066 241728975036100 2125900
LATENCY 2105200
TIMELINE 10 1082 241729010063600 2105200
LATENCY 2349800
TIMELINE 10 1098 241729046826100 2349800
LATENCY 2131000
TIMELINE 10 1114 241729086991600 2131000
LATENCY 2157000
TIMELINE 10 1130 241729122857700 2157000
LATENCY 2171100
TIMELINE 10 1146 241729157575200 2171100
LATENCY 2211100
TIMELINE 10 1162 241729192951000 2211100
LATENCY 2215200
TIMELINE 10 1178 241729228888000 2215200
LATENCY 2210300
TIMELINE 10 1194 241729263423100 2210300
LATENCY 2350900
TIMELINE 10 1210 241729299185300 2350900
LATENCY 2279900
TIMELINE 10 1226 241729342756200 2279900
LATENCY 2187200
TIMELINE 10 1242 241729378076800 2187200
LATENCY 2155200
TIMELINE 10 1258 241729412595200 2155200
LATENCY 2335400
TIMELINE 10 1274 241729449903300 2335400
LATENCY 2642800
TIMELINE 10 1290 241729492427200 2642800
LATENCY 2953700
TIMELINE 10 1306 241729536159000 2953700
LATENCY 3680100
TIMELINE 10 1322 241729581521500 3680100
LATENCY 2711500
TIMELINE 10 1338 241729627416300 2711500
LATENCY 2757700
TIMELINE 10 1354 241729676807700 2757700
LATENCY 2793700
TIMELINE 10 1370 241729720009300 2793700
LATENCY 2847900
TIMELINE 10 1386 241729766127500 2847900
LATENCY 5731700
TIMELINE 10 1402 241729812382300 5731700
LATENCY 2647700
TIMELINE 10 1418 241729857705400 2647700
LATENCY 2729600
TIMELINE 10 1434 241729900791700 2729600
LATENCY 6461800
TIMELINE 10 1450 241729945899800 6461800
LATENCY 2554400
TIMELINE 10 1466 241730000836000 2554400
LATENCY 3051400
TIMELINE 10 1482 241730043571400 3051400
LATENCY 2699500
TIMELINE 10 1498 241730088950500 2699500
LATENCY 2599500
TIMELINE 10 1514 241730132819300 2599500
LATENCY 2683700
TIMELINE 10 1530 241730175216600 2683700
LATENCY 2837800
TIMELINE 10 1546 241730222295700 2837800
LATENCY 2593600
TIMELINE 10 1562 241730268889600 2593600
LATENCY 3074400
TIMELINE 10 1578 241730311956000 3074400
LATENCY 2748000
TIMELINE 10 1594 241730361306800 2748000
LATENCY 2636500
TIMELINE 10 1610 241730403629700 2636500
LATENCY 2756600
TIMELINE 10 1626 241730447329600 2756600
LATENCY 2818200
TIMELINE 10 1642 241730492276500 2818200
LATENCY 2632000
TIMELINE 10 1658 241730535926100 2632000
LATENCY 2659500
TIMELINE 10 1674 241730579787500 2659500
LATENCY 2588500
TIMELINE 10 1690 241730622338000 2588500
LATENCY 3090200
TIMELINE 10 1706 241730671720200 3090200
LATENCY 2840000
TIMELINE 10 1722 241730720218500 2840000
LATENCY 2823600
TIMELINE 10 1738 241730766717900 2823600
LATENCY 5165200
TIMELINE 10 1754 241730811802400 5165200
LATENCY 2903100
TIMELINE 10 1770 241730859316800 2903100
LATENCY 2835100
TIMELINE 10 1786 241730902712100 2835100
LATENCY 2641400
TIMELINE 10 1802 241730948050200 2641400
LATENCY 3047600
TIMELINE 10 1818 241730995274900 3047600
LATENCY 2882800
TIMELINE 10 1834 241731046334300 2882800
LATENCY 2788700
TIMELINE 10 1850 241731091104500 2788700
LATENCY 2756200
TIMELINE 10 1866 241731136631000 2756200
LATENCY 2632700
TIMELINE 10 1882 241731179202500 2632700
LATENCY 2552700
TIMELINE 10 1898 241731221536900 2552700
LATENCY 2753600
TIMELINE 10 1914 241731264299300 2753600
LATENCY 2796700
TIMELINE 10 1930 241731308563500 2796700
LATENCY 2684700
TIMELINE 10 1946 241731359387600 2684700
LATENCY 2689600
TIMELINE 10 1962 241731402323800 2689600
LATENCY 2756100
TIMELINE 10 1978 241731445893100 2756100
LATENCY 3074600
TIMELINE 10 1994 241731493952400 3074600
LATENCY 2792800
TIMELINE 10 2010 241731541780300 2792800
LATENCY 3065100
TIMELINE 10 2026 241731585451300 3065100
LATENCY 2879000
TIMELINE 10 2042 241731629313900 2879000
LATENCY 2484800
TIMELINE 11 11 241726554094800 2484800
LATENCY 2465700
TIMELINE 11 27 241726592301700 2465700
LATENCY 3664800
TIMELINE 11 43 241726631085800 3664800
LATENCY 2428900
TIMELINE 11 59 241726671599400 2428900
LATENCY 2459000
TIMELINE 11 75 241726710482600 2459000
LATENCY 2444600
TIMELINE 11 91 241726748816500 2444600
LATENCY 2387800
TIMELINE 11 107 241726801823000 2387800
LATENCY 2552100
TIMELINE 11 123 241726840898500 2552100
LATENCY 2400600
TIMELINE 11 139 241726877589100 2400600
LATENCY 2307400
TIMELINE 11 155 241726914374900 2307400
LATENCY 2244700
TIMELINE 11 171 241726951233900 2244700
LATENCY 2359400
TIMELINE 11 187 241726988734900 2359400
LATENCY 2133600
TIMELINE 11 203 241727024894400 2133600
LATENCY 2220600
TIMELINE 11 219 241727060489200 2220600
LATENCY 2083500
TIMELINE 11 235 241727095863500 2083500
LATENCY 2072400
TIMELINE 11 251 241727135689400 2072400
LATENCY 2239400
TIMELINE 11 267 241727170612100 2239400
LATENCY 2235300
TIMELINE 11 283 241727205840500 2235300
LATENCY 2231400
TIMELINE 11 299 241727241279100 2231400
LATENCY 2127000
TIMELINE 11 315 241727275331300 2127000
LATENCY 2183200
TIMELINE 11 331 241727308814400 2183200
LATENCY 2223200
TIMELINE 11 347 241727345536600 2223200
LATENCY 2310700
TIMELINE 11 363 241727384124000 2310700
LATENCY 2324000
TIMELINE 11 379 241727427255500 2324000
LATENCY 2151500
TIMELINE 11 395 241727464206800 2151500
LATENCY 2296600
TIMELINE 11 411 241727498810500 2296600
LATENCY 2147300
TIMELINE 11 427 241727534713100 2147300
LATENCY 2175100
TIMELINE 11 443 241727569936100 2175100
LATENCY 2192600
TIMELINE 11 459 241727605863300 2192600
LATENCY 2131500
TIMELINE 11 475 241727640193200 2131500
LATENCY 2149500
TIMELINE 11 491 241727675944500 2149500
LATENCY 2193700
TIMELINE 11 507 241727718195800 2193700
LATENCY 2190100
TIMELINE 11 523 241727753309200 2190100
LATENCY 2224000
TIMELINE 11 539 241727794499200 2224000
LATENCY 2171000
TIMELINE 11 555 241727829514600 2171000
LATENCY 2145100
TIMELINE 11 571 241727863685400 2145100
LATENCY 2223400
TIMELINE 11 587 241727898962600 2223400
LATENCY 2168800
TIMELINE 11 603 241727933777200 2168800
LATENCY 2647500
TIMELINE 11 619 241727975801000 2647500
LATENCY 2069600
TIMELINE 11 635 241728011338600 2069600
LATENCY 2109000
TIMELINE 11 651 241728045226400 2109000
LATENCY 2140300
TIMELINE 11 667 241728080233300 2140300
LATENCY 2118300
TIMELINE 11 683 241728114277000 2118300
LATENCY 2105100
TIMELINE 11 699 241728148810800 2105100
LATENCY 2358200
TIMELINE 11 715 241728182644000 2358200
LATENCY 2195600
TIMELINE 11 731 241728218906100 2195600
LATENCY 2204000
TIMELINE 11 747 241728261799700 2204000
LATENCY 2152300
TIMELINE 11 763 241728298241500 2152300
LATENCY 2142900
TIMELINE 11 779 241728334195600 2142900
LATENCY 2253500
TIMELINE 11 795 241728369367400 2253500
LATENCY 2167400
TIMELINE 11 811 241728404594800 2167400
LATENCY 2240500
TIMELINE 11 827 241728439583200 2240500
LATENCY 2417200
TIMELINE 11 843 241728474510900 2417200
LATENCY 2157100
TIMELINE 11 859 241728510500200 2157100
LATENCY 2211300
TIMELINE 11 875 241728552535800 2211300
LATENCY 2125900
TIMELINE 11 891 241728587771600 2125900
LATENCY 2158900
TIMELINE 11 907 241728622612500 2158900
LATENCY 2176000
TIMELINE 11 923 241728657555500 2176000
LATENCY 2221500
TIMELINE 11 939 241728693077500 2221500
LATENCY 2443900
TIMELINE 11 955 241728728160300 2443900
LATENCY 2177000
TIMELINE 11 971 241728764703200 2177000
LATENCY 2147800
TIMELINE 11 987 241728807313400 2147800
LATENCY 2123900
TIMELINE 11 1003 241728841726300 2123900
LATENCY 2148300
TIMELINE 11 1019 241728876069300 2148300
LATENCY 2139800
TIMELINE 11 1035 241728910965600 2139800
LATENCY 2183200
TIMELINE 11 1051 241728945694400 2183200
LATENCY 2189800
TIMELINE 11 1067 241728980067100 2189800
LATENCY 2518900
TIMELINE 11 1083 241729015838500 2518900
LATENCY 2150200
TIMELINE 11 1099 241729052306200 2150200
LATENCY 2170900
TIMELINE 11 1115 241729092207400 2170900
LATENCY 2180300
TIMELINE 11 1131 241729128207100 2180300
LATENCY 2154100
TIMELINE 11 1147 241729162963000 2154100
LATENCY 2141800
TIMELINE 11 1163 241729198497500 2141800
LATENCY 2120500
TIMELINE 11 1179 241729234444000 2120500
LATENCY 2247100
TIMELINE 11 1195 241729269108500 2247100
LATENCY 2292600
TIMELINE 11 1211 241729305113300 2292600
LATENCY 2263700
TIMELINE 11 1227 241729348520800 2263700
LATENCY 2142500
TIMELINE 11 1243 241729383538200 2142500
LATENCY 2149800
TIMELINE 11 1259 241729418005700 2149800
LATENCY 2872700
TIMELINE 11 1275 241729455721800 2872700
LATENCY 2640700
TIMELINE 11 1291 241729498552600 2640700
LATENCY 2975800
TIMELINE 11 1307 241729543024500 2975800
LATENCY 2731300
TIMELINE 11 1323 241729589004700 2731300
LATENCY 7456900
TIMELINE 11 1339 241729633718700 7456900
LATENCY 2808200
TIMELINE 11 1355 241729683131300 2808200
LATENCY 2751600
TIMELINE 11 1371 241729726400700 2751600
LATENCY 2919300
TIMELINE 11 1387 241729772789800 2919300
LATENCY 2639500
TIMELINE 11 1403 241729821490900 2639500
LATENCY 2764200
TIMELINE 11 1419 241729863727100 2764200
LATENCY 2646000
TIMELINE 11 1435 241729907163600 2646000
LATENCY 2886300
TIMELINE 11 1451 241729956921800 2886300
LATENCY 2815500
TIMELINE 11 1467 241730006621800 2815500
LATENCY 3062600
TIMELINE 11 1483 241730050335200 3062600
LATENCY 2678200
TIMELINE 11 1499 241730094979600 2678200
LATENCY 2588700
TIMELINE 11 1515 241730138562800 2588700
LATENCY 2638100
TIMELINE 11 1531 241730181155700 2638100
LATENCY 2758500
TIMELINE 11 1547 241730228637100 2758500
LATENCY 3006700
TIMELINE 11 1563 241730274999500 3006700
LATENCY 3007000
TIMELINE 11 1579 241730323546500 3007000
LATENCY 2704600
TIMELINE 11 1595 241730367562000 2704600
LATENCY 2612300
TIMELINE 11 1611 241730409578800 2612300
LATENCY 2785200
TIMELINE 11 1627 241730453597000 2785200
LATENCY 2762700
TIMELINE 11 1643 241730498613000 2762700
LATENCY 2582400
TIMELINE 11 1659 241730541882300 2582400
LATENCY 2652200
TIMELINE 11 1675 241730585573200 2652200
LATENCY 2589600
TIMELINE 11 1691 241730628072600 2589600
LATENCY 2996900
TIMELINE 11 1707 241730678515900 2996900
LATENCY 2836500
TIMELINE 11 1723 241730726398700 2836500
LATENCY 2778200
TIMELINE 11 1739 241730772943400 2778200
LATENCY 2692700
TIMELINE 11 1755 241730821526300 2692700
LATENCY 2701600
TIMELINE 11 1771 241730865422400 2701600
LATENCY 2700300
TIMELINE 11 1787 241730908823900 2700300
LATENCY 3136600
TIMELINE 11 1803 241730954142500 3136600
LATENCY 2932900
TIMELINE 11 1819 241731006407000 2932900
LATENCY 2704800
TIMELINE 11 1835 241731051771400 2704800
LATENCY 2756400
TIMELINE 11 1851 241731096287400 2756400
LATENCY 2758500
TIMELINE 11 1867 241731141724300 2758500
LATENCY 2752900
TIMELINE 11 1883 241731184169300 2752900
LATENCY 2614800
TIMELINE 11 1899 241731226288700 2614800
LATENCY 2764000
TIMELINE 11 1915 241731269502200 2764000
LATENCY 3101100
TIMELINE 11 1931 241731314279500 3101100
LATENCY 2664100
TIMELINE 11 1947 241731364391500 2664100
LATENCY 2740200
TIMELINE 11 1963 241731407322200 2740200
LATENCY 2812800
TIMELINE 11 1979 241731450964700 2812800
LATENCY 3074600
TIMELINE 11 1995 241731499718800 3074600
LATENCY 2741500
TIMELINE 11 2011 241731547065100 2741500
LATENCY 2747200
TIMELINE 11 2027 241731591005800 2747200
LATENCY 2896200
TIMELINE 11 2043 241731634743300 2896200
LATENCY 2569900
TIMELINE 12 12 241726556486900 2569900
LATENCY 2540300
TIMELINE 12 28 241726594836500 2540300
LATENCY 3884500
TIMELINE 12 44 241726634864400 3884500
LATENCY 2543400
TIMELINE 12 60 241726674147700 2543400
LATENCY 2357800
TIMELINE 12 76 241726713241000 2357800
LATENCY 2500400
TIMELINE 12 92 241726751953200 2500400
LATENCY 2328500
TIMELINE 12 108 241726804910200 2328500
LATENCY 2389400
TIMELINE 12 124 241726843919000 2389400
LATENCY 2242000
TIMELINE 12 140 241726880459400 2242000
LATENCY 2527700
TIMELINE 12 156 241726917303200 2527700
LATENCY 2315000
TIMELINE 12 172 241726954027000 2315000
LATENCY 2263900
TIMELINE 12 188 241726993785300 2263900
LATENCY 2140300
TIMELINE 12 204 241727029724900 2140300
LATENCY 2190100
TIMELINE 12 220 241727065419800 2190100
LATENCY 2078900
TIMELINE 12 236 241727106630700 2078900
LATENCY 2163300
TIMELINE 12 252 241727140209700 2163300
LATENCY 2145300
TIMELINE 12 268 241727175336500 2145300
LATENCY 2285500
TIMELINE 12 284 241727210569900 2285500
LATENCY 2125200
TIMELINE 12 300 241727246126700 2125200
LATENCY 2101800
TIMELINE 12 316 241727279858600 2101800
LATENCY 2116900
TIMELINE 12 332 241727313863500 2116900
LATENCY 2206200
TIMELINE 12 348 241727350349300 2206200
LATENCY 2328600
TIMELINE 12 364 241727388455500 2328600
LATENCY 3030500
TIMELINE 12 380 241727431282900 3030500
LATENCY 2172500
TIMELINE 12 396 241727468099100 2172500
LATENCY 2161500
TIMELINE 12 412 241727502743200 2161500
LATENCY 2153000
TIMELINE 12 428 241727538371900 2153000
LATENCY 2373600
TIMELINE 12 444 241727573801300 2373600
LATENCY 2181000
TIMELINE 12 460 241727609680500 2181000
LATENCY 2162500
TIMELINE 12 476 241727643968800 2162500
LATENCY 2405100
TIMELINE 12 492 241727679701300 2405100
LATENCY 2242700
TIMELINE 12 508 241727722003700 2242700
LATENCY 2304100
TIMELINE 12 524 241727757208800 2304100
LATENCY 2240700
TIMELINE 12 540 241727796060800 2240700
LATENCY 2091600
TIMELINE 12 556 241727831068800 2091600
LATENCY 2112000
TIMELINE 12 572 241727865270000 2112000
LATENCY 2227700
TIMELINE 12 588 241727900432500 2227700
LATENCY 2201400
TIMELINE 12 604 241727935214500 2201400
LATENCY 2509400
TIMELINE 12 620 241727977621400 2509400
LATENCY 2057800
TIMELINE 12 636 241728012938800 2057800
LATENCY 2151200
TIMELINE 12 652 241728046880000 2151200
LATENCY 2133800
TIMELINE 12 668 241728081976300 2133800
LATENCY 2149400
TIMELINE 12 684 241728115990800 2149400
LATENCY 2143400
TIMELINE 12 700 241728150594300 2143400
LATENCY 2336900
TIMELINE 12 716 241728184596500 2336900
LATENCY 2272000
TIMELINE 12 732 241728221011800 2272000
LATENCY 2250800
TIMELINE 12 748 241728264096500 2250800
LATENCY 2165200
TIMELINE 12 764 241728300275600 2165200
LATENCY 2175400
TIMELINE 12 780 241728336281300 2175400
LATENCY 2190400
TIMELINE 12 796 241728371530700 2190400
LATENCY 2149200
TIMELINE 12 812 241728406696100 2149200
LATENCY 2236600
TIMELINE 12 828 241728441766100 2236600
LATENCY 2370300
TIMELINE 12 844 241728476862000 2370300
LATENCY 9379100
TIMELINE 12 860 241728512699700 9379100
LATENCY 2211800
TIMELINE 12 876 241728554782800 2211800
LATENCY 2182300
TIMELINE 12 892 241728589932300 2182300
LATENCY 2135000
TIMELINE 12 908 241728624593900 2135000
LATENCY 2206900
TIMELINE 12 924 241728659475300 2206900
LATENCY 2277900
TIMELINE 12 940 241728695169900 2277900
LATENCY 2328900
TIMELINE 12 956 241728730575200 2328900
LATENCY 2183300
TIMELINE 12 972 241728766815000 2183300
LATENCY 2189500
TIMELINE 12 988 241728809268400 2189500
LATENCY 2171100
TIMELINE 12 1004 241728843606600 2171100
LATENCY 2193500
TIMELINE 12 1020 241728877982800 2193500
LATENCY 2177800
TIMELINE 12 1036 241728912866400 2177800
LATENCY 2144100
TIMELINE 12 1052 241728947657800 2144100
LATENCY 2165800
TIMELINE 12 1068 241728982052500 2165800
LATENCY 2280400
TIMELINE 12 1084 241729018119000 2280400
LATENCY 7217500
TIMELINE 12 1100 241729054225700 7217500
LATENCY 2205100
TIMELINE 12 1116 241729094186500 2205100
LATENCY 2184800
TIMELINE 12 1132 241729130206400 2184800
LATENCY 2187000
TIMELINE 12 1148 241729164930300 2187000
LATENCY 2351300
TIMELINE 12 1164 241729200418400 2351300
LATENCY 2190300
TIMELINE 12 1180 241729236446800 2190300
LATENCY 2222600
TIMELINE 12 1196 241729271144700 2222600
LATENCY 2266800
TIMELINE 12 1212 241729307249900 2266800
LATENCY 2201100
TIMELINE 12 1228 241729350627800 2201100
LATENCY 2175100
TIMELINE 12 1244 241729385523000 2175100
LATENCY 2181300
TIMELINE 12 1260 241729420016300 2181300
LATENCY 2747000
TIMELINE 12 1276 241729458786400 2747000
LATENCY 2728300
TIMELINE 12 1292 241729501347700 2728300
LATENCY 2977200
TIMELINE 12 1308 241729546204600 2977200
LATENCY 2784600
TIMELINE 12 1324 241729591928800 2784600
LATENCY 3143300
TIMELINE 12 1340 241729641370100 3143300
LATENCY 2720800
TIMELINE 12 1356 241729686136800 2720800
LATENCY 2787200
TIMELINE 12 1372 241729729356700 2787200
LATENCY 2866100
TIMELINE 12 1388 241729775912300 2866100
LATENCY 2728200
TIMELINE 12 1404 241729824418200 2728200
LATENCY 2737300
TIMELINE 12 1420 241729866836700 2737300
LATENCY 3289600
TIMELINE 12 1436 241729910125200 3289600
LATENCY 2763900
TIMELINE 12 1452 241729960239000 2763900
LATENCY 2579100
TIMELINE 12 1468 241730009864600 2579100
LATENCY 2573400
TIMELINE 12 1484 241730053858200 2573400
LATENCY 2731100
TIMELINE 12 1500 241730098109400 2731100
LATENCY 2584200
TIMELINE 12 1516 241730141650100 2584200
LATENCY 2682300
TIMELINE 12 1532 241730184323100 2682300
LATENCY 2877200
TIMELINE 12 1548 241730231676400 2877200
LATENCY 2983400
TIMELINE 12 1564 241730278287500 2983400
LATENCY 2859500
TIMELINE 12 1580 241730326849000 2859500
LATENCY 2601100
TIMELINE 12 1596 241730370486300 2601100
LATENCY 2665800
TIMELINE 12 1612 241730412400000 2665800
LATENCY 2807500
TIMELINE 12 1628 241730456643100 2807500
LATENCY 2640200
TIMELINE 12 1644 241730501279400 2640200
LATENCY 2653200
TIMELINE 12 1660 241730544390900 2653200
LATENCY 2652700
TIMELINE 12 1676 241730588145700 2652700
LATENCY 2592400
TIMELINE 12 1692 241730630593000 2592400
LATENCY 2993200
TIMELINE 12 1708 241730681433500 2993200
LATENCY 2880600
TIMELINE 12 1724 241730729120700 2880600
LATENCY 2810300
TIMELINE 12 1740 241730775608400 2810300
LATENCY 2794300
TIMELINE 12 1756 241730824119200 2794300
LATENCY 2665300
TIMELINE 12 1772 241730868259400 2665300
LATENCY 2670500
TIMELINE 12 1788 241730911684300 2670500
LATENCY 3091200
TIMELINE 12 1804 241730957325300 3091200
LATENCY 2797400
TIMELINE 12 1820 241731009458800 2797400
LATENCY 2722300
TIMELINE 12 1836 241731056136400 2722300
LATENCY 2718700
TIMELINE 12 1852 241731100744800 2718700
LATENCY 2729700
TIMELINE 12 1868 241731146169100 2729700
LATENCY 2844800
TIMELINE 12 1884 241731188594500 2844800
LATENCY 2596500
TIMELINE 12 1900 241731230471100 2596500
LATENCY 2752000
TIMELINE 12 1916 241731274037600 2752000
LATENCY 2689300
TIMELINE 12 1932 241731319142600 2689300
LATENCY 2710600
TIMELINE 12 1948 241731368826900 2710600
LATENCY 2706600
TIMELINE 12 1964 241731411950800 2706600
LATENCY 2732100
TIMELINE 12 1980 241731455522000 2732100
LATENCY 3200500
TIMELINE 12 1996 241731505030400 3200500
LATENCY 2664800
TIMELINE 12 2012 241731551464600 2664800
LATENCY 2738200
TIMELINE 12 2028 241731595454800 2738200
LATENCY 2737200
TIMELINE 12 2044 241731639316200 2737200
LATENCY 2497000
TIMELINE 13 13 241726559025200 2497000
LATENCY 2505500
TIMELINE 13 29 241726597280300 2505500
LATENCY 3430200
TIMELINE 13 45 241726638385900 3430200
LATENCY 2509200
TIMELINE 13 61 241726676575700 2509200
LATENCY 2366300
TIMELINE 13 77 241726715260700 2366300
LATENCY 2671600
TIMELINE 13 93 241726753789400 2671600
LATENCY 2357000
TIMELINE 13 109 241726806675600 2357000
LATENCY 2619800
TIMELINE 13 125 241726845672400 2619800
LATENCY 2147300
TIMELINE 13 141 241726882160600 2147300
LATENCY 2440300
TIMELINE 13 157 241726919176400 2440300
LATENCY 2001700
TIMELINE 13 173 241726955640800 2001700
LATENCY 2380600
TIMELINE 13 189 241726992317500 2380600
LATENCY 2180800
TIMELINE 13 205 241727028391200 2180800
LATENCY 2203700
TIMELINE 13 221 241727064112200 2203700
LATENCY 2126300
TIMELINE 13 237 241727105436300 2126300
LATENCY 2215000
TIMELINE 13 253 241727139005400 2215000
LATENCY 2136400
TIMELINE 13 269 241727174065000 2136400
LATENCY 2254400
TIMELINE 13 285 241727209287800 2254400
LATENCY 2200600
TIMELINE 13 301 241727244813100 2200600
LATENCY 2153600
TIMELINE 13 317 241727278547600 2153600
LATENCY 2323600
TIMELINE 13 333 241727312393500 2323600
LATENCY 2198400
TIMELINE 13 349 241727349074700 2198400
LATENCY 2358200
TIMELINE 13 365 241727387686600 2358200
LATENCY 2853400
TIMELINE 13 381 241727430577800 2853400
LATENCY 2213200
TIMELINE 13 397 241727467382400 2213200
LATENCY 2182500
TIMELINE 13 413 241727502081000 2182500
LATENCY 2173600
TIMELINE 13 429 241727537815100 2173600
LATENCY 2289500
TIMELINE 13 445 241727573049400 2289500
LATENCY 2156100
TIMELINE 13 461 241727608956900 2156100
LATENCY 2170300
TIMELINE 13 477 241727643264000 2170300
LATENCY 2372800
TIMELINE 13 493 241727678967700 2372800
LATENCY 2197500
TIMELINE 13 509 241727721311900 2197500
LATENCY 2247600
TIMELINE 13 525 241727756584100 2247600
LATENCY 2265200
TIMELINE 13 541 241727796443400 2265200
LATENCY 2106700
TIMELINE 13 557 241727831439300 2106700
LATENCY 2129900
TIMELINE 13 573 241727865667500 2129900
LATENCY 2186100
TIMELINE 13 589 241727901099600 2186100
LATENCY 2218900
TIMELINE 13 605 241727935854500 2218900
LATENCY 2381100
TIMELINE 13 621 241727978407700 2381100
LATENCY 2047700
TIMELINE 13 637 241728013469100 2047700
LATENCY 2156900
TIMELINE 13 653 241728047393300 2156900
LATENCY 2143900
TIMELINE 13 669 241728082518900 2143900
LATENCY 2159200
TIMELINE 13 685 241728116566000 2159200
LATENCY 2146400
TIMELINE 13 701 241728151237600 2146400
LATENCY 2370600
TIMELINE 13 717 241728186485500 2370600
LATENCY 2212700
TIMELINE 13 733 241728222538400 2212700
LATENCY 2280600
TIMELINE 13 749 241728265324100 2280600
LATENCY 2161900
TIMELINE 13 765 241728301567400 2161900
LATENCY 2188800
TIMELINE 13 781 241728337540200 2188800
LATENCY 2244400
TIMELINE 13 797 241728372800800 2244400
LATENCY 2139300
TIMELINE 13 813 241728407919800 2139300
LATENCY 2285200
TIMELINE 13 829 241728442982100 2285200
LATENCY 2319500
TIMELINE 13 845 241728478203400 2319500
LATENCY 9490000
TIMELINE 13 861 241728513855300 9490000
LATENCY 2200000
TIMELINE 13 877 241728555981200 2200000
LATENCY 2216700
TIMELINE 13 893 241728591059800 2216700
LATENCY 2140400
TIMELINE 13 909 241728626075600 2140400
LATENCY 2296800
TIMELINE 13 925 241728661017500 2296800
LATENCY 2177000
TIMELINE 13 941 241728696848800 2177000
LATENCY 2398500
TIMELINE 13 957 241728732064400 2398500
LATENCY 2183200
TIMELINE 13 973 241728768240600 2183200
LATENCY 2173800
TIMELINE 13 989 241728810733000 2173800
LATENCY 2180300
TIMELINE 13 1005 241728845089300 2180300
LATENCY 2170700
TIMELINE 13 1021 241728879484200 2170700
LATENCY 2243000
TIMELINE 13 1037 241728914240800 2243000
LATENCY 2148500
TIMELINE 13 1053 241728949048100 2148500
LATENCY 2191200
TIMELINE 13 1069 241728983452600 2191200
LATENCY 2331600
TIMELINE 13 1085 241729019632000 2331600
LATENCY 2224000
TIMELINE 13 1101 241729060850400 2224000
LATENCY 2225100
TIMELINE 13 1117 241729095720000 2225100
LATENCY 2162800
TIMELINE 13 1133 241729131573400 2162800
LATENCY 2157100
TIMELINE 13 1149 241729166215200 2157100
LATENCY 2335900
TIMELINE 13 1165 241729201767900 2335900
LATENCY 2164100
TIMELINE 13 1181 241729237702500 2164100
LATENCY 2280200
TIMELINE 13 1197 241729272428700 2280200
LATENCY 2251200
TIMELINE 13 1213 241729308585000 2251200
LATENCY 2174900
TIMELINE 13 1229 241729352049900 2174900
LATENCY 2145600
TIMELINE 13 1245 241729386930200 2145600
LATENCY 2374400
TIMELINE 13 1261 241729421349600 2374400
LATENCY 2632100
TIMELINE 13 1277 241729460755000 2632100
LATENCY 2704000
TIMELINE 13 1293 241729503305400 2704000
LATENCY 2841800
TIMELINE 13 1309 241729548321900 2841800
LATENCY 3091100
TIMELINE 13 1325 241729593880400 3091100
LATENCY 3096400
TIMELINE 13 1341 241729643602300 3096400
LATENCY 2610500
TIMELINE 13 1357 241729688102500 2610500
LATENCY 2912800
TIMELINE 13 1373 241729731291400 2912800
LATENCY 2862000
TIMELINE 13 1389 241729777906800 2862000
LATENCY 2675200
TIMELINE 13 1405 241729826280200 2675200
LATENCY 2698900
TIMELINE 13 1421 241729868732800 2698900
LATENCY 2910500
TIMELINE 13 1437 241729912451200 2910500
LATENCY 2967800
TIMELINE 13 1453 241729962113700 2967800
LATENCY 2544600
TIMELINE 13 1469 241730011680300 2544600
LATENCY 2580400
TIMELINE 13 1485 241730055665500 2580400
LATENCY 2947300
TIMELINE 13 1501 241730099959000 2947300
LATENCY 2605200
TIMELINE 13 1517 241730143414300 2605200
LATENCY 2663700
TIMELINE 13 1533 241730186146700 2663700
LATENCY 2763500
TIMELINE 13 1549 241730233696800 2763500
LATENCY 2651200
TIMELINE 13 1565 241730280529000 2651200
LATENCY 2739200
TIMELINE 13 1581 241730328831900 2739200
LATENCY 2638800
TIMELINE 13 1597 241730372320600 2638800
LATENCY 2768600
TIMELINE 13 1613 241730414210300 2768600
LATENCY 2761200
TIMELINE 13 1629 241730458624700 2761200
LATENCY 2655100
TIMELINE 13 1645 241730503527400 2655100
LATENCY 2607400
TIMELINE 13 1661 241730546652800 2607400
LATENCY 2635700
TIMELINE 13 1677 241730590380200 2635700
LATENCY 2599700
TIMELINE 13 1693 241730632792300 2599700
LATENCY 2915200
TIMELINE 13 1709 241730683981900 2915200
LATENCY 2827700
TIMELINE 13 1725 241730731609900 2827700
LATENCY 2808200
TIMELINE 13 1741 241730777999600 2808200
LATENCY 2759300
TIMELINE 13 1757 241730826501800 2759300
LATENCY 2682200
TIMELINE 13 1773 241730870300500 2682200
LATENCY 2737400
TIMELINE 13 1789 241730913756700 2737400
LATENCY 3057200
TIMELINE 13 1805 241730959887200 3057200
LATENCY 2931900
TIMELINE 13 1821 241731012025600 2931900
LATENCY 2756700
TIMELINE 13 1837 241731057779200 2756700
LATENCY 2771300
TIMELINE 13 1853 241731102356800 2771300
LATENCY 2771700
TIMELINE 13 1869 241731147790600 2771700
LATENCY 2678500
TIMELINE 13 1885 241731190298900 2678500
LATENCY 2597200
TIMELINE 13 1901 241731231992400 2597200
LATENCY 2737800
TIMELINE 13 1917 241731275670400 2737800
LATENCY 2658400
TIMELINE 13 1933 241731320676200 2658400
LATENCY 2694500
TIMELINE 13 1949 241731370375700 2694500
LATENCY 2716000
TIMELINE 13 1965 241731413464200 2716000
LATENCY 2669600
TIMELINE 13 1981 241731457073100 2669600
LATENCY 3211500
TIMELINE 13 1997 241731506721000 3211500
LATENCY 2608800
TIMELINE 13 2013 241731552985300 2608800
LATENCY 2706100
TIMELINE 13 2029 241731596960600 2706100
LATENCY 2744700
TIMELINE 13 2045 241731640822800 2744700
LATENCY 2500300
TIMELINE 14 14 241726561624600 2500300
LATENCY 2466800
TIMELINE 14 30 241726599855500 2466800
LATENCY 2473400
TIMELINE 14 46 241726641988500 2473400
LATENCY 2391600
TIMELINE 14 62 241726679275500 2391600
LATENCY 2320100
TIMELINE 14 78 241726717996700 2320100
LATENCY 2727000
TIMELINE 14 94 241726757000200 2727000
LATENCY 2470300
TIMELINE 14 110 241726809431600 2470300
LATENCY 2359900
TIMELINE 14 126 241726848598500 2359900
LATENCY 2275600
TIMELINE 14 142 241726884506800 2275600
LATENCY 2488800
TIMELINE 14 158 241726921904300 2488800
LATENCY 2536900
TIMELINE 14 174 241726958000800 2536900
LATENCY 2208200
TIMELINE 14 190 241726994951500 2208200
LATENCY 2087100
TIMELINE 14 206 241727030688200 2087100
LATENCY 2181800
TIMELINE 14 222 241727066403800 2181800
LATENCY 2093000
TIMELINE 14 238 241727107596900 2093000
LATENCY 2115700
TIMELINE 14 254 241727141194500 2115700
LATENCY 2179600
TIMELINE 14 270 241727176148100 2179600
LATENCY 2257700
TIMELINE 14 286 241727211451500 2257700
LATENCY 2150700
TIMELINE 14 302 241727246912100 2150700
LATENCY 2105100
TIMELINE 14 318 241727280672300 2105100
LATENCY 2111700
TIMELINE 14 334 241727314685800 2111700
LATENCY 2281700
TIMELINE 14 350 241727351120500 2281700
LATENCY 2315100
TIMELINE 14 366 241727388786500 2315100
LATENCY 3127800
TIMELINE 14 382 241727431650600 3127800
LATENCY 2172300
TIMELINE 14 398 241727468464700 2172300
LATENCY 2180300
TIMELINE 14 414 241727503092000 2180300
LATENCY 2152000
TIMELINE 14 430 241727538810700 2152000
LATENCY 2405300
TIMELINE 14 446 241727574122900 2405300
LATENCY 2204200
TIMELINE 14 462 241727610074700 2204200
LATENCY 2158500
TIMELINE 14 478 241727644387400 2158500
LATENCY 2311500
TIMELINE 14 494 241727680317400 2311500
LATENCY 2237600
TIMELINE 14 510 241727722416900 2237600
LATENCY 2270800
TIMELINE 14 526 241727757632000 2270800
LATENCY 2221700
TIMELINE 14 542 241727798676700 2221700
LATENCY 2119400
TIMELINE 14 558 241727833457100 2119400
LATENCY 2156200
TIMELINE 14 574 241727867555800 2156200
LATENCY 2153500
TIMELINE 14 590 241727902867600 2153500
LATENCY 2187100
TIMELINE 14 606 241727937626300 2187100
LATENCY 2432000
TIMELINE 14 622 241727980323500 2432000
LATENCY 2062200
TIMELINE 14 638 241728015083800 2062200
LATENCY 2201300
TIMELINE 14 654 241728049117200 2201300
LATENCY 2148000
TIMELINE 14 670 241728084206800 2148000
LATENCY 2147700
TIMELINE 14 686 241728118263700 2147700
LATENCY 2141500
TIMELINE 14 702 241728152922500 2141500
LATENCY 2442400
TIMELINE 14 718 241728187404300 2442400
LATENCY 2209100
TIMELINE 14 734 241728223549500 2209100
LATENCY 2203300
TIMELINE 14 750 241728266305100 2203300
LATENCY 2157600
TIMELINE 14 766 241728302499300 2157600
LATENCY 2200000
TIMELINE 14 782 241728338369700 2200000
LATENCY 2254800
TIMELINE 14 798 241728373542400 2254800
LATENCY 2169700
TIMELINE 14 814 241728408631200 2169700
LATENCY 2276300
TIMELINE 14 830 241728443785700 2276300
LATENCY 2327200
TIMELINE 14 846 241728478849300 2327200
LATENCY 9591700
TIMELINE 14 862 241728514431200 9591700
LATENCY 2227800
TIMELINE 14 878 241728556602900 2227800
LATENCY 2238600
TIMELINE 14 894 241728591754100 2238600
LATENCY 2168500
TIMELINE 14 910 241728626664000 2168500
LATENCY 2319300
TIMELINE 14 926 241728661557900 2319300
LATENCY 2166200
TIMELINE 14 942 241728697338300 2166200
LATENCY 2516700
TIMELINE 14 958 241728732653000 2516700
LATENCY 2185000
TIMELINE 14 974 241728768884400 2185000
LATENCY 2144500
TIMELINE 14 990 241728811492800 2144500
LATENCY 2164100
TIMELINE 14 1006 241728845838500 2164100
LATENCY 2143800
TIMELINE 14 1022 241728880240300 2143800
LATENCY 2251400
TIMELINE 14 1038 241728915162500 2251400
LATENCY 2139100
TIMELINE 14 1054 241728949899400 2139100
LATENCY 2184600
TIMELINE 14 1070 241728984314300 2184600
LATENCY 2330400
TIMELINE 14 1086 241729020790600 2330400
LATENCY 2194100
TIMELINE 14 1102 241729061763400 2194100
LATENCY 2231700
TIMELINE 14 1118 241729096606100 2231700
LATENCY 2181400
TIMELINE 14 1134 241729132632400 2181400
LATENCY 2342600
TIMELINE 14 1150 241729167331300 2342600
LATENCY 2278800
TIMELINE 14 1166 241729202925600 2278800
LATENCY 2136300
TIMELINE 14 1182 241729238739100 2136300
LATENCY 2245700
TIMELINE 14 1198 241729273430200 2245700
LATENCY 2261100
TIMELINE 14 1214 241729309624300 2261100
LATENCY 2233200
TIMELINE 14 1230 241729353225700 2233200
LATENCY 2189800
TIMELINE 14 1246 241729388062900 2189800
LATENCY 2339500
TIMELINE 14 1262 241729422586000 2339500
LATENCY 2578900
TIMELINE 14 1278 241729462082000 2578900
LATENCY 2709200
TIMELINE 14 1294 241729504641400 2709200
LATENCY 2777800
TIMELINE 14 1310 241729549807000 2777800
LATENCY 3483800
TIMELINE 14 1326 241729595351200 3483800
LATENCY 2912100
TIMELINE 14 1342 241729645165800 2912100
LATENCY 2627800
TIMELINE 14 1358 241729689399200 2627800
LATENCY 2874900
TIMELINE 14 1374 241729732725900 2874900
LATENCY 2871800
TIMELINE 14 1390 241729779378200 2871800
LATENCY 2629700
TIMELINE 14 1406 241729827670600 2629700
LATENCY 2636400
TIMELINE 14 1422 241729870130800 2636400
LATENCY 2800600
TIMELINE 14 1438 241729914053400 2800600
LATENCY 2997700
TIMELINE 14 1454 241729963695800 2997700
LATENCY 2578100
TIMELINE 14 1470 241730013047500 2578100
LATENCY 2588000
TIMELINE 14 1486 241730057056900 2588000
LATENCY 2770700
TIMELINE 14 1502 241730101533900 2770700
LATENCY 2684200
TIMELINE 14 1518 241730144819200 2684200
LATENCY 2703700
TIMELINE 14 1534 241730187681000 2703700
LATENCY 2684500
TIMELINE 14 1550 241730235333000 2684500
LATENCY 2608300
TIMELINE 14 1566 241730282115200 2608300
LATENCY 2701900
TIMELINE 14 1582 241730330591200 2701900
LATENCY 2666700
TIMELINE 14 1598 241730373944300 2666700
LATENCY 2734600
TIMELINE 14 1614 241730415967800 2734600
LATENCY 2804400
TIMELINE 14 1630 241730460297800 2804400
LATENCY 2752800
TIMELINE 14 1646 241730505115400 2752800
LATENCY 2622500
TIMELINE 14 1662 241730548233600 2622500
LATENCY 2722100
TIMELINE 14 1678 241730591982400 2722100
LATENCY 2554900
TIMELINE 14 1694 241730634353700 2554900
LATENCY 3064800
TIMELINE 14 1710 241730685750400 3064800
LATENCY 3058900
TIMELINE 14 1726 241730733339400 3058900
LATENCY 2820800
TIMELINE 14 1742 241730779732400 2820800
LATENCY 2754500
TIMELINE 14 1758 241730828251800 2754500
LATENCY 2734000
TIMELINE 14 1774 241730871986400 2734000
LATENCY 2711400
TIMELINE 14 1790 241730915460100 2711400
LATENCY 3081700
TIMELINE 14 1806 241730961751700 3081700
LATENCY 3067900
TIMELINE 14 1822 241731013513200 3067900
LATENCY 2720700
TIMELINE 14 1838 241731059787200 2720700
LATENCY 2834500
TIMELINE 14 1854 241731104367600 2834500
LATENCY 2677500
TIMELINE 14 1870 241731149829300 2677500
LATENCY 2589600
TIMELINE 14 1886 241731192301700 2589600
LATENCY 2603300
TIMELINE 14 1902 241731233906800 2603300
LATENCY 2750700
TIMELINE 14 1918 241731277662800 2750700
LATENCY 2770300
TIMELINE 14 1934 241731322600000 2770300
LATENCY 2691000
TIMELINE 14 1950 241731372321200 2691000
LATENCY 2811700
TIMELINE 14 1966 241731415394200 2811700
LATENCY 2858800
TIMELINE 14 1982 241731459102200 2858800
LATENCY 3179200
TIMELINE 14 1998 241731509041100 3179200
LATENCY 2593800
TIMELINE 14 2014 241731554807700 2593800
LATENCY 2721700
TIMELINE 14 2030 241731598935700 2721700
LATENCY 2811900
TIMELINE 14 2046 241731642814200 2811900
LATENCY 2326000
TIMELINE 15 15 241726564158700 2326000
LATENCY 2341700
TIMELINE 15 31 241726602424200 2341700
LATENCY 2359700
TIMELINE 15 47 241726644704800 2359700
LATENCY 2398600
TIMELINE 15 63 241726681900600 2398600
LATENCY 2196100
TIMELINE 15 79 241726720586900 2196100
LATENCY 2705600
TIMELINE 15 95 241726760007800 2705600
LATENCY 2428700
TIMELINE 15 111 241726812149100 2428700
LATENCY 2245900
TIMELINE 15 127 241726851136200 2245900
LATENCY 2273600
TIMELINE 15 143 241726886929100 2273600
LATENCY 2340900
TIMELINE 15 159 241726924554000 2340900
LATENCY 2342200
TIMELINE 15 175 241726964125000 2342200
LATENCY 2150800
TIMELINE 15 191 241727000885600 2150800
LATENCY 2494200
TIMELINE 15 207 241727036097400 2494200
LATENCY 2226600
TIMELINE 15 223 241727072078500 2226600
LATENCY 2234900
TIMELINE 15 239 241727113104200 2234900
LATENCY 2192300
TIMELINE 15 255 241727147181300 2192300
LATENCY 2262900
TIMELINE 15 271 241727182276000 2262900
LATENCY 2292900
TIMELINE 15 287 241727217577600 2292900
LATENCY 2202800
TIMELINE 15 303 241727252800300 2202800
LATENCY 2075200
TIMELINE 15 319 241727286323500 2075200
LATENCY 2499100
TIMELINE 15 335 241727320549500 2499100
LATENCY 2220400
TIMELINE 15 351 241727357634300 2220400
LATENCY 2233000
TIMELINE 15 367 241727403642700 2233000
LATENCY 2255500
TIMELINE 15 383 241727440701800 2255500
LATENCY 2102600
TIMELINE 15 399 241727476186000 2102600
LATENCY 2492000
TIMELINE 15 415 241727511211400 2492000
LATENCY 2167500
TIMELINE 15 431 241727546770800 2167500
LATENCY 2215100
TIMELINE 15 447 241727582462800 2215100
LATENCY 2124200
TIMELINE 15 463 241727617705600 2124200
LATENCY 2209300
TIMELINE 15 479 241727652127200 2209300
LATENCY 2209300
TIMELINE 15 495 241727694853700 2209300
LATENCY 2189700
TIMELINE 15 511 241727730317500 2189700
LATENCY 2213200
TIMELINE 15 527 241727765638800 2213200
LATENCY 2165300
TIMELINE 15 543 241727804517000 2165300
LATENCY 2134700
TIMELINE 15 559 241727839106800 2134700
LATENCY 2130700
TIMELINE 15 575 241727873354500 2130700
LATENCY 2170600
TIMELINE 15 591 241727908831500 2170600
LATENCY 2112600
TIMELINE 15 607 241727943616500 2112600
LATENCY 2148300
TIMELINE 15 623 241727986978400 2148300
LATENCY 2032500
TIMELINE 15 639 241728020917000 2032500
LATENCY 2111900
TIMELINE 15 655 241728055253300 2111900
LATENCY 2100600
TIMELINE 15 671 241728090151400 2100600
LATENCY 2102800
TIMELINE 15 687 241728124150200 2102800
LATENCY 2185900
TIMELINE 15 703 241728158734200 2185900
LATENCY 2332600
TIMELINE 15 719 241728193270500 2332600
LATENCY 2248600
TIMELINE 15 735 241728228877500 2248600
LATENCY 2315500
TIMELINE 15 751 241728271902300 2315500
LATENCY 2157500
TIMELINE 15 767 241728308087100 2157500
LATENCY 2149100
TIMELINE 15 783 241728344088000 2149100
LATENCY 2336600
TIMELINE 15 799 241728379445000 2336600
LATENCY 2184900
TIMELINE 15 815 241728414415600 2184900
LATENCY 2108100
TIMELINE 15 831 241728449737500 2108100
LATENCY 2228500
TIMELINE 15 847 241728485303200 2228500
LATENCY 2119200
TIMELINE 15 863 241728527918600 2119200
LATENCY 2188700
TIMELINE 15 879 241728562708000 2188700
LATENCY 2218200
TIMELINE 15 895 241728597792400 2218200
LATENCY 2171300
TIMELINE 15 911 241728632706200 2171300
LATENCY 2317700
TIMELINE 15 927 241728667942300 2317700
LATENCY 2108300
TIMELINE 15 943 241728703533000 2108300
LATENCY 2316200
TIMELINE 15 959 241728739662600 2316200
LATENCY 2138000
TIMELINE 15 975 241728775105300 2138000
LATENCY 2157600
TIMELINE 15 991 241728817463200 2157600
LATENCY 2157700
TIMELINE 15 1007 241728851847600 2157700
LATENCY 2171700
TIMELINE 15 1023 241728886226900 2171700
LATENCY 2190100
TIMELINE 15 1039 241728921119700 2190100
LATENCY 2183000
TIMELINE 15 1055 241728955680300 2183000
LATENCY 2182500
TIMELINE 15 1071 241728990269300 2182500
LATENCY 2143400
TIMELINE 15 1087 241729026828100 2143400
LATENCY 2206900
TIMELINE 15 1103 241729067341200 2206900
LATENCY 2148400
TIMELINE 15 1119 241729102351500 2148400
LATENCY 2231300
TIMELINE 15 1135 241729138284400 2231300
LATENCY 2138100
TIMELINE 15 1151 241729173084900 2138100
LATENCY 2368400
TIMELINE 15 1167 241729209099400 2368400
LATENCY 2144700
TIMELINE 15 1183 241729244401700 2144700
LATENCY 2228700
TIMELINE 15 1199 241729279556000 2228700
LATENCY 2171700
TIMELINE 15 1215 241729315965700 2171700
LATENCY 2187300
TIMELINE 15 1231 241729359449400 2187300
LATENCY 2130300
TIMELINE 15 1247 241729394169500 2130300
LATENCY 2360000
TIMELINE 15 1263 241729429228500 2360000
LATENCY 2816100
TIMELINE 15 1279 241729468733200 2816100
LATENCY 2767000
TIMELINE 15 1295 241729511652500 2767000
LATENCY 3009700
TIMELINE 15 1311 241729557385500 3009700
LATENCY 2699900
TIMELINE 15 1327 241729603250000 2699900
LATENCY 2765600
TIMELINE 15 1343 241729652618800 2765600
LATENCY 2611700
TIMELINE 15 1359 241729696180000 2611700
LATENCY 2781600
TIMELINE 15 1375 241729740107300 2781600
LATENCY 2791500
TIMELINE 15 1391 241729786780400 2791500
LATENCY 2663400
TIMELINE 15 1407 241729834681700 2663400
LATENCY 2665900
TIMELINE 15 1423 241729876864500 2665900
LATENCY 2782400
TIMELINE 15 1439 241729921189400 2782400
LATENCY 2948300
TIMELINE 15 1455 241729971300200 2948300
LATENCY 2731000
TIMELINE 15 1471 241730019835200 2731000
LATENCY 2584200
TIMELINE 15 1487 241730063754400 2584200
LATENCY 2786000
TIMELINE 15 1503 241730108589500 2786000
LATENCY 2582500
TIMELINE 15 1519 241730151663600 2582500
LATENCY 5447700
TIMELINE 15 1535 241730194601100 5447700
LATENCY 5356900
TIMELINE 15 1551 241730241944200 5356900
LATENCY 2683700
TIMELINE 15 1567 241730288776000 2683700
LATENCY 2693800
TIMELINE 15 1583 241730337232700 2693800
LATENCY 2626800
TIMELINE 15 1599 241730380560000 2626800
LATENCY 2738900
TIMELINE 15 1615 241730422801400 2738900
LATENCY 2737900
TIMELINE 15 1631 241730467320100 2737900
LATENCY 2599600
TIMELINE 15 1647 241730512067200 2599600
LATENCY 3612700
TIMELINE 15 1663 241730555074900 3612700
LATENCY 2564100
TIMELINE 15 1679 241730598690500 2564100
LATENCY 2903400
TIMELINE 15 1695 241730641173400 2903400
LATENCY 2987800
TIMELINE 15 1711 241730693390800 2987800
LATENCY 2824700
TIMELINE 15 1727 241730740798800 2824700
LATENCY 2845200
TIMELINE 15 1743 241730786886600 2845200
LATENCY 2722300
TIMELINE 15 1759 241730835208400 2722300
LATENCY 2670000
TIMELINE 15 1775 241730879090000 2670000
LATENCY 2758700
TIMELINE 15 1791 241730922841700 2758700
LATENCY 2770600
TIMELINE 15 1807 241730970093100 2770600
LATENCY 2584100
TIMELINE 15 1823 241731022551900 2584100
LATENCY 2760100
TIMELINE 15 1839 241731066703800 2760100
LATENCY 2955400
TIMELINE 15 1855 241731111493400 2955400
LATENCY 2694600
TIMELINE 15 1871 241731156401800 2694600
LATENCY 2615200
TIMELINE 15 1887 241731198750200 2615200
LATENCY 2750700
TIMELINE 15 1903 241731240467300 2750700
LATENCY 2737200
TIMELINE 15 1919 241731284487300 2737200
LATENCY 3043700
TIMELINE 15 1935 241731329787300 3043700
LATENCY 2620800
TIMELINE 15 1951 241731378968400 2620800
LATENCY 2557400
TIMELINE 15 1967 241731422128200 2557400
LATENCY 3137000
TIMELINE 15 1983 241731466630000 3137000
LATENCY 3198300
TIMELINE 15 1999 241731517123000 3198300
LATENCY 2685400
TIMELINE 15 2015 241731561597600 2685400
LATENCY 2670500
TIMELINE 15 2031 241731605871200 2670500
LATENCY 2640300
TIMELINE 15 2047 241731651850300 2640300
LATENCY 13962100
TIMELINE 16 0 241726502928600 13962100
LATENCY 2596000
TIMELINE 16 16 241726566655900 2596000
LATENCY 2370100
TIMELINE 16 32 241726604971200 2370100
LATENCY 2466100
TIMELINE 16 48 241726646996300 2466100
LATENCY 2441400
TIMELINE 16 64 241726684236100 2441400
LATENCY 2241300
TIMELINE 16 80 241726722668600 2241300
LATENCY 2739200
TIMELINE 16 96 241726762539400 2739200
LATENCY 2467800
TIMELINE 16 112 241726814455000 2467800
LATENCY 2337400
TIMELINE 16 128 241726853415400 2337400
LATENCY 2256800
TIMELINE 16 144 241726889370600 2256800
LATENCY 2208300
TIMELINE 16 160 241726927084700 2208300
LATENCY 2286500
TIMELINE 16 176 241726965779900 2286500
LATENCY 2202500
TIMELINE 16 192 241727002093100 2202500
LATENCY 2620600
TIMELINE 16 208 241727037779600 2620600
LATENCY 2516700
TIMELINE 16 224 241727073451600 2516700
LATENCY 2206800
TIMELINE 16 240 241727114464600 2206800
LATENCY 2143300
TIMELINE 16 256 241727148598300 2143300
LATENCY 2242700
TIMELINE 16 272 241727183586500 2242700
LATENCY 2260400
TIMELINE 16 288 241727218875300 2260400
LATENCY 2163200
TIMELINE 16 304 241727254092500 2163200
LATENCY 2058100
TIMELINE 16 320 241727287537600 2058100
LATENCY 2436700
TIMELINE 16 336 241727321869000 2436700
LATENCY 2062900
TIMELINE 16 352 241727358927800 2062900
LATENCY 2226200
TIMELINE 16 368 241727404370000 2226200
LATENCY 2235800
TIMELINE 16 384 241727441390600 2235800
LATENCY 2104300
TIMELINE 16 400 241727476717800 2104300
LATENCY 2541200
TIMELINE 16 416 241727511726200 2541200
LATENCY 2160800
TIMELINE 16 432 241727547290900 2160800
LATENCY 2237300
TIMELINE 16 448 241727582907300 2237300
LATENCY 2145300
TIMELINE 16 464 241727618126000 2145300
LATENCY 2214500
TIMELINE 16 480 241727652604100 2214500
LATENCY 2187500
TIMELINE 16 496 241727695390100 2187500
LATENCY 2191400
TIMELINE 16 512 241727730823200 2191400
LATENCY 2164100
TIMELINE 16 528 241727766201900 2164100
LATENCY 2159500
TIMELINE 16 544 241727804004900 2159500
LATENCY 2113300
TIMELINE 16 560 241727838581800 2113300
LATENCY 2133600
TIMELINE 16 576 241727872871200 2133600
LATENCY 2167700
TIMELINE 16 592 241727908274100 2167700
LATENCY 2106700
TIMELINE 16 608 241727943048900 2106700
LATENCY 2139700
TIMELINE 16 624 241727986219900 2139700
LATENCY 2030800
TIMELINE 16 640 241728020239800 2030800
LATENCY 2119600
TIMELINE 16 656 241728054570000 2119600
LATENCY 2103300
TIMELINE 16 672 241728089482500 2103300
LATENCY 2092900
TIMELINE 16 688 241728123509300 2092900
LATENCY 2165300
TIMELINE 16 704 241728158051600 2165300
LATENCY 2346900
TIMELINE 16 720 241728193445200 2346900
LATENCY 2248200
TIMELINE 16 736 241728228997300 2248200
LATENCY 2322900
TIMELINE 16 752 241728271961200 2322900
LATENCY 2153200
TIMELINE 16 768 241728307933400 2153200
LATENCY 2149000
TIMELINE 16 784 241728343991400 2149000
LATENCY 2333000
TIMELINE 16 800 241728379347700 2333000
LATENCY 2197200
TIMELINE 16 816 241728414317400 2197200
LATENCY 2152000
TIMELINE 16 832 241728449575600 2152000
LATENCY 2243500
TIMELINE 16 848 241728485045400 2243500
LATENCY 2122300
TIMELINE 16 864 241728527713500 2122300
LATENCY 2181200
TIMELINE 16 880 241728562495400 2181200
LATENCY 2200000
TIMELINE 16 896 241728597675200 2200000
LATENCY 2167500
TIMELINE 16 912 241728632586700 2167500
LATENCY 2314900
TIMELINE 16 928 241728667749600 2314900
LATENCY 2084900
TIMELINE 16 944 241728703281200 2084900
LATENCY 2305800
TIMELINE 16 960 241728739260900 2305800
LATENCY 2119100
TIMELINE 16 976 241728774788300 2119100
LATENCY 2149400
TIMELINE 16 992 241728817229900 2149400
LATENCY 2163100
TIMELINE 16 1008 241728851608600 2163100
LATENCY 2154000
TIMELINE 16 1024 241728885999500 2154000
LATENCY 2171800
TIMELINE 16 1040 241728920955700 2171800
LATENCY 2177100
TIMELINE 16 1056 241728955561400 2177100
LATENCY 2190600
TIMELINE 16 1072 241728990139600 2190600
LATENCY 2148400
TIMELINE 16 1088 241729027478100 2148400
LATENCY 2204200
TIMELINE 16 1104 241729068090400 2204200
LATENCY 2149400
TIMELINE 16 1120 241729103033900 2149400
LATENCY 2182300
TIMELINE 16 1136 241729138944800 2182300
LATENCY 2133800
TIMELINE 16 1152 241729173698000 2133800
LATENCY 2320100
TIMELINE 16 1168 241729209706200 2320100
LATENCY 2153000
TIMELINE 16 1184 241729244932900 2153000
LATENCY 2192900
TIMELINE 16 1200 241729279861000 2192900
LATENCY 2157000
TIMELINE 16 1216 241729316411200 2157000
LATENCY 2184200
TIMELINE 16 1232 241729359822800 2184200
LATENCY 2128800
TIMELINE 16 1248 241729394576800 2128800
LATENCY 2316000
TIMELINE 16 1264 241729429509900 2316000
LATENCY 2656600
TIMELINE 16 1280 241729469929000 2656600
LATENCY 2732300
TIMELINE 16 1296 241729512771700 2732300
LATENCY 2981700
TIMELINE 16 1312 241729558596800 2981700
LATENCY 2696200
TIMELINE 16 1328 241729604258400 2696200
LATENCY 2723400
TIMELINE 16 1344 241729653652600 2723400
LATENCY 2714600
TIMELINE 16 1360 241729697128500 2714600
LATENCY 2832300
TIMELINE 16 1376 241729741149400 2832300
LATENCY 2786700
TIMELINE 16 1392 241729787838100 2786700
LATENCY 2642400
TIMELINE 16 1408 241729835695400 2642400
LATENCY 2702500
TIMELINE 16 1424 241729877793100 2702500
LATENCY 2789500
TIMELINE 16 1440 241729922188400 2789500
LATENCY 3054600
TIMELINE 16 1456 241729972687900 3054600
LATENCY 2764900
TIMELINE 16 1472 241730021055200 2764900
LATENCY 2557500
TIMELINE 16 1488 241730064908600 2557500
LATENCY 2828700
TIMELINE 16 1504 241730109754500 2828700
LATENCY 2585300
TIMELINE 16 1520 241730152774300 2585300
LATENCY 6155000
TIMELINE 16 1536 241730195465600 6155000
LATENCY 5334900
TIMELINE 16 1552 241730243099200 5334900
LATENCY 2610200
TIMELINE 16 1568 241730289958100 2610200
LATENCY 2782300
TIMELINE 16 1584 241730338307600 2782300
LATENCY 2620500
TIMELINE 16 1600 241730381638300 2620500
LATENCY 2721600
TIMELINE 16 1616 241730423942200 2721600
LATENCY 2735500
TIMELINE 16 1632 241730468494600 2735500
LATENCY 2608500
TIMELINE 16 1648 241730513205600 2608500
LATENCY 2657400
TIMELINE 16 1664 241730557173100 2657400
LATENCY 2586300
TIMELINE 16 1680 241730599824100 2586300
LATENCY 2889900
TIMELINE 16 1696 241730642459600 2889900
LATENCY 2857300
TIMELINE 16 1712 241730694783100 2857300
LATENCY 2828600
TIMELINE 16 1728 241730741960500 2828600
LATENCY 2845100
TIMELINE 16 1744 241730788057800 2845100
LATENCY 2737800
TIMELINE 16 1760 241730836377200 2737800
LATENCY 2671700
TIMELINE 16 1776 241730879987100 2671700
LATENCY 2747800
TIMELINE 16 1792 241730923792900 2747800
LATENCY 2763900
TIMELINE 16 1808 241730970966600 2763900
LATENCY 2586800
TIMELINE 16 1824 241731024608400 2586800
LATENCY 2757800
TIMELINE 16 1840 241731068880500 2757800
LATENCY 3018900
TIMELINE 16 1856 241731113882000 3018900
LATENCY 2627800
TIMELINE 16 1872 241731158587600 2627800
LATENCY 2627200
TIMELINE 16 1888 241731200868600 2627200
LATENCY 2670900
TIMELINE 16 1904 241731242710800 2670900
LATENCY 2742500
TIMELINE 16 1920 241731286776000 2742500
LATENCY 7718000
TIMELINE 16 1936 241731332399900 7718000
LATENCY 2599800
TIMELINE 16 1952 241731381194700 2599800
LATENCY 2604300
TIMELINE 16 1968 241731424291100 2604300
LATENCY 3381800
TIMELINE 16 1984 241731469249500 3381800
LATENCY 3095100
TIMELINE 16 2000 241731519749300 3095100
LATENCY 2709300
TIMELINE 16 2016 241731563776800 2709300
LATENCY 2694500
TIMELINE 16 2032 241731607949100 2694500
LATENCY 3719700
TIMELINE 17 1 241726516824400 3719700
LATENCY 2347600
TIMELINE 17 17 241726569348600 2347600
LATENCY 2300700
TIMELINE 17 33 241726607380200 2300700
LATENCY 2290300
TIMELINE 17 49 241726649523900 2290300
LATENCY 2569700
TIMELINE 17 65 241726686852000 2569700
LATENCY 2129900
TIMELINE 17 81 241726725090300 2129900
LATENCY 2917500
TIMELINE 17 97 241726765598500 2917500
LATENCY 2639500
TIMELINE 17 113 241726817167800 2639500
LATENCY 2244400
TIMELINE 17 129 241726855944400 2244400
LATENCY 2441100
TIMELINE 17 145 241726891692000 2441100
LATENCY 2214600
TIMELINE 17 161 241726929327500 2214600
LATENCY 2164000
TIMELINE 17 177 241726968787500 2164000
LATENCY 2233300
TIMELINE 17 193 241727005090100 2233300
LATENCY 2338200
TIMELINE 17 209 241727041216800 2338200
LATENCY 2226500
TIMELINE 17 225 241727076734500 2226500
LATENCY 2139000
TIMELINE 17 241 241727117268200 2139000
LATENCY 2138400
TIMELINE 17 257 241727151345700 2138400
LATENCY 2152300
TIMELINE 17 273 241727186356300 2152300
LATENCY 2246300
TIMELINE 17 289 241727221655200 2246300
LATENCY 2083400
TIMELINE 17 305 241727256737400 2083400
LATENCY 2058300
TIMELINE 17 321 241727290066700 2058300
LATENCY 2130900
TIMELINE 17 337 241727324799600 2130900
LATENCY 2107900
TIMELINE 17 353 241727361321700 2107900
LATENCY 2266700
TIMELINE 17 369 241727405628500 2266700
LATENCY 2178200
TIMELINE 17 385 241727442711200 2178200
LATENCY 2204500
TIMELINE 17 401 241727478008300 2204500
LATENCY 2391300
TIMELINE 17 417 241727513291700 2391300
LATENCY 2269800
TIMELINE 17 433 241727548606000 2269800
LATENCY 2251700
TIMELINE 17 449 241727584363900 2251700
LATENCY 2119800
TIMELINE 17 465 241727619566200 2119800
LATENCY 2573100
TIMELINE 17 481 241727654070500 2573100
LATENCY 2215400
TIMELINE 17 497 241727696977400 2215400
LATENCY 2238900
TIMELINE 17 513 241727732449900 2238900
LATENCY 2144000
TIMELINE 17 529 241727767886300 2144000
LATENCY 2068400
TIMELINE 17 545 241727806755100 2068400
LATENCY 2134000
TIMELINE 17 561 241727841316800 2134000
LATENCY 2169600
TIMELINE 17 577 241727875528600 2169600
LATENCY 2176700
TIMELINE 17 593 241727910962200 2176700
LATENCY 2127200
TIMELINE 17 609 241727945690000 2127200
LATENCY 2226300
TIMELINE 17 625 241727988963500 2226300
LATENCY 2036800
TIMELINE 17 641 241728022824600 2036800
LATENCY 2136700
TIMELINE 17 657 241728057271100 2136700
LATENCY 2121000
TIMELINE 17 673 241728092153700 2121000
LATENCY 2294500
TIMELINE 17 689 241728126182000 2294500
LATENCY 2107300
TIMELINE 17 705 241728160864200 2107300
LATENCY 2284600
TIMELINE 17 721 241728196587400 2284600
LATENCY 2193900
TIMELINE 17 737 241728231946800 2193900
LATENCY 2245000
TIMELINE 17 753 241728275116400 2245000
LATENCY 2244700
TIMELINE 17 769 241728310874600 2244700
LATENCY 2128600
TIMELINE 17 785 241728346772400 2128600
LATENCY 2236100
TIMELINE 17 801 241728382469700 2236100
LATENCY 2165600
TIMELINE 17 817 241728417287500 2165600
LATENCY 2167400
TIMELINE 17 833 241728452451500 2167400
LATENCY 2227600
TIMELINE 17 849 241728488266900 2227600
LATENCY 2151200
TIMELINE 17 865 241728530734300 2151200
LATENCY 2151100
TIMELINE 17 881 241728565607700 2151100
LATENCY 2199100
TIMELINE 17 897 241728601058300 2199100
LATENCY 2200700
TIMELINE 17 913 241728635886300 2200700
LATENCY 2149800
TIMELINE 17 929 241728671091800 2149800
LATENCY 2109500
TIMELINE 17 945 241728706254300 2109500
LATENCY 2254600
TIMELINE 17 961 241728742625100 2254600
LATENCY 2201800
TIMELINE 17 977 241728777790100 2201800
LATENCY 2126100
TIMELINE 17 993 241728820224300 2126100
LATENCY 2126400
TIMELINE 17 1009 241728854591300 2126400
LATENCY 2165000
TIMELINE 17 1025 241728889021500 2165000
LATENCY 2130700
TIMELINE 17 1041 241728923961100 2130700
LATENCY 2165200
TIMELINE 17 1057 241728958493100 2165200
LATENCY 2201900
TIMELINE 17 1073 241728993089000 2201900
LATENCY 2192900
TIMELINE 17 1089 241729029812800 2192900
LATENCY 2204800
TIMELINE 17 1105 241729070595700 2204800
LATENCY 2428800
TIMELINE 17 1121 241729105547300 2428800
LATENCY 2128100
TIMELINE 17 1137 241729141563900 2128100
LATENCY 2056500
TIMELINE 17 1153 241729176250700 2056500
LATENCY 2165900
TIMELINE 17 1169 241729212202800 2165900
LATENCY 2127100
TIMELINE 17 1185 241729247243800 2127100
LATENCY 2114100
TIMELINE 17 1201 241729282177200 2114100
LATENCY 3848700
TIMELINE 17 1217 241729318452600 3848700
LATENCY 2158100
TIMELINE 17 1233 241729361918900 2158100
LATENCY 2130100
TIMELINE 17 1249 241729396562600 2130100
LATENCY 2095900
TIMELINE 17 1265 241729431672600 2095900
LATENCY 2616800
TIMELINE 17 1281 241729471983800 2616800
LATENCY 2719900
TIMELINE 17 1297 241729514863800 2719900
LATENCY 2979100
TIMELINE 17 1313 241729560868600 2979100
LATENCY 2711500
TIMELINE 17 1329 241729606365600 2711500
LATENCY 2702500
TIMELINE 17 1345 241729655786100 2702500
LATENCY 2738400
TIMELINE 17 1361 241729699228300 2738400
LATENCY 2896100
TIMELINE 17 1377 241729743321800 2896100
LATENCY 2822600
TIMELINE 17 1393 241729790005200 2822600
LATENCY 2601200
TIMELINE 17 1409 241729837740000 2601200
LATENCY 2709700
TIMELINE 17 1425 241729879925100 2709700
LATENCY 2794900
TIMELINE 17 1441 241729924349900 2794900
LATENCY 2844900
TIMELINE 17 1457 241729974672900 2844900
LATENCY 2714500
TIMELINE 17 1473 241730022856600 2714500
LATENCY 2553600
TIMELINE 17 1489 241730066585100 2553600
LATENCY 2808900
TIMELINE 17 1505 241730111648400 2808900
LATENCY 2596300
TIMELINE 17 1521 241730154511600 2596300
LATENCY 2769500
TIMELINE 17 1537 241730200697600 2769500
LATENCY 2681000
TIMELINE 17 1553 241730247563400 2681000
LATENCY 2601100
TIMELINE 17 1569 241730291747800 2601100
LATENCY 2770900
TIMELINE 17 1585 241730340208600 2770900
LATENCY 2610000
TIMELINE 17 1601 241730383436200 2610000
LATENCY 2719900
TIMELINE 17 1617 241730425761000 2719900
LATENCY 2711900
TIMELINE 17 1633 241730470335000 2711900
LATENCY 2654500
TIMELINE 17 1649 241730515216400 2654500
LATENCY 2619900
TIMELINE 17 1665 241730559220500 2619900
LATENCY 2675800
TIMELINE 17 1681 241730601811400 2675800
LATENCY 2857100
TIMELINE 17 1697 241730644672400 2857100
LATENCY 3023400
TIMELINE 17 1713 241730696979500 3023400
LATENCY 3000600
TIMELINE 17 1729 241730744134300 3000600
LATENCY 2801000
TIMELINE 17 1745 241730790250300 2801000
LATENCY 2748000
TIMELINE 17 1761 241730838390500 2748000
LATENCY 2709900
TIMELINE 17 1777 241730881954500 2709900
LATENCY 2771000
TIMELINE 17 1793 241730925823200 2771000
LATENCY 2838200
TIMELINE 17 1809 241730972977800 2838200
LATENCY 2638800
TIMELINE 17 1825 241731025806900 2638800
LATENCY 2720000
TIMELINE 17 1841 241731070203800 2720000
LATENCY 2976600
TIMELINE 17 1857 241731115321900 2976600
LATENCY 2603700
TIMELINE 17 1873 241731159853300 2603700
LATENCY 2584800
TIMELINE 17 1889 241731202132600 2584800
LATENCY 2627500
TIMELINE 17 1905 241731243984700 2627500
LATENCY 2735100
TIMELINE 17 1921 241731288074800 2735100
LATENCY 7756100
TIMELINE 17 1937 241731333768800 7756100
LATENCY 2607700
TIMELINE 17 1953 241731382449900 2607700
LATENCY 2850900
TIMELINE 17 1969 241731425506500 2850900
LATENCY 3403900
TIMELINE 17 1985 241731470839200 3403900
LATENCY 3030600
TIMELINE 17 2001 241731521081100 3030600
LATENCY 2704000
TIMELINE 17 2017 241731565087600 2704000
LATENCY 2682100
TIMELINE 17 2033 241731609197000 2682100
LATENCY 2679100
TIMELINE 18 2 241726520617900 2679100
LATENCY 2333200
TIMELINE 18 18 241726571474700 2333200
LATENCY 2280400
TIMELINE 18 34 241726609428900 2280400
LATENCY 2293300
TIMELINE 18 50 241726651603700 2293300
LATENCY 2573300
TIMELINE 18 66 241726689063800 2573300
LATENCY 2232200
TIMELINE 18 82 241726726867600 2232200
LATENCY 2878300
TIMELINE 18 98 241726768070900 2878300
LATENCY 2477600
TIMELINE 18 114 241726819443400 2477600
LATENCY 2203500
TIMELINE 18 130 241726857915300 2203500
LATENCY 2267600
TIMELINE 18 146 241726893909700 2267600
LATENCY 2168800
TIMELINE 18 162 241726931367700 2168800
LATENCY 2186500
TIMELINE 18 178 241726969582800 2186500
LATENCY 2288400
TIMELINE 18 194 241727005888500 2288400
LATENCY 2213700
TIMELINE 18 210 241727042200600 2213700
LATENCY 2156800
TIMELINE 18 226 241727077750800 2156800
LATENCY 2126100
TIMELINE 18 242 241727118240700 2126100
LATENCY 2141200
TIMELINE 18 258 241727152344800 2141200
LATENCY 2185700
TIMELINE 18 274 241727187520300 2185700
LATENCY 2249200
TIMELINE 18 290 241727222889600 2249200
LATENCY 2084900
TIMELINE 18 306 241727257903800 2084900
LATENCY 2061900
TIMELINE 18 322 241727291227700 2061900
LATENCY 2246600
TIMELINE 18 338 241727325971700 2246600
LATENCY 2401200
TIMELINE 18 354 241727363974600 2401200
LATENCY 2174800
TIMELINE 18 370 241727408416900 2174800
LATENCY 2481800
TIMELINE 18 386 241727445301200 2481800
LATENCY 2130200
TIMELINE 18 402 241727480564300 2130200
LATENCY 2219800
TIMELINE 18 418 241727516072200 2219800
LATENCY 2226900
TIMELINE 18 434 241727551244700 2226900
LATENCY 2222200
TIMELINE 18 450 241727586988600 2222200
LATENCY 2191600
TIMELINE 18 466 241727622083700 2191600
LATENCY 2333100
TIMELINE 18 482 241727657145000 2333100
LATENCY 2246600
TIMELINE 18 498 241727699648500 2246600
LATENCY 2157400
TIMELINE 18 514 241727735220000 2157400
LATENCY 2162900
TIMELINE 18 530 241727770562900 2162900
LATENCY 2256400
TIMELINE 18 546 241727809886700 2256400
LATENCY 2125600
TIMELINE 18 562 241727844519000 2125600
LATENCY 2080000
TIMELINE 18 578 241727878798500 2080000
LATENCY 2133300
TIMELINE 18 594 241727914318700 2133300
LATENCY 2107700
TIMELINE 18 610 241727949029900 2107700
LATENCY 2165100
TIMELINE 18 626 241727992290300 2165100
LATENCY 2082700
TIMELINE 18 642 241728025860300 2082700
LATENCY 2212800
TIMELINE 18 658 241728060338200 2212800
LATENCY 2217600
TIMELINE 18 674 241728095190400 2217600
LATENCY 2190100
TIMELINE 18 690 241728129462300 2190100
LATENCY 2119400
TIMELINE 18 706 241728163905400 2119400
LATENCY 2314200
TIMELINE 18 722 241728199669300 2314200
LATENCY 2194200
TIMELINE 18 738 241728235079300 2194200
LATENCY 2216900
TIMELINE 18 754 241728278366400 2216900
LATENCY 2232700
TIMELINE 18 770 241728314078100 2232700
LATENCY 2143100
TIMELINE 18 786 241728349908300 2143100
LATENCY 2160600
TIMELINE 18 802 241728385580200 2160600
LATENCY 2157900
TIMELINE 18 818 241728420310400 2157900
LATENCY 2125300
TIMELINE 18 834 241728455469600 2125300
LATENCY 2230700
TIMELINE 18 850 241728491242400 2230700
LATENCY 2127500
TIMELINE 18 866 241728533594600 2127500
LATENCY 2263400
TIMELINE 18 882 241728568464000 2263400
LATENCY 2202700
TIMELINE 18 898 241728603809100 2202700
LATENCY 2153200
TIMELINE 18 914 241728638611900 2153200
LATENCY 2173300
TIMELINE 18 930 241728674034100 2173300
LATENCY 2272600
TIMELINE 18 946 241728709093700 2272600
LATENCY 2299000
TIMELINE 18 962 241728745664900 2299000
LATENCY 2148700
TIMELINE 18 978 241728780859000 2148700
LATENCY 2163400
TIMELINE 18 994 241728823216900 2163400
LATENCY 2170900
TIMELINE 18 1010 241728857584600 2170900
LATENCY 2167100
TIMELINE 18 1026 241728892059800 2167100
LATENCY 2149800
TIMELINE 18 1042 241728926982300 2149800
LATENCY 2195900
TIMELINE 18 1058 241728961623400 2195900
LATENCY 2210400
TIMELINE 18 1074 241728996268100 2210400
LATENCY 2178800
TIMELINE 18 1090 241729033612700 2178800
LATENCY 2121800
TIMELINE 18 1106 241729074313900 2121800
LATENCY 2289300
TIMELINE 18 1122 241729109568900 2289300
LATENCY 2152700
TIMELINE 18 1138 241729145146600 2152700
LATENCY 2143200
TIMELINE 18 1154 241729179839400 2143200
LATENCY 2223400
TIMELINE 18 1170 241729216087300 2223400
LATENCY 2087600
TIMELINE 18 1186 241729251109400 2087600
LATENCY 2108300
TIMELINE 18 1202 241729285989900 2108300
LATENCY 2335900
TIMELINE 18 1218 241729324611100 2335900
LATENCY 2123000
TIMELINE 18 1234 241729365793500 2123000
LATENCY 2151800
TIMELINE 18 1250 241729400421600 2151800
LATENCY 2372300
TIMELINE 18 1266 241729436229300 2372300
LATENCY 2711000
TIMELINE 18 1282 241729477231600 2711000
LATENCY 2677000
TIMELINE 18 1298 241729520251800 2677000
LATENCY 2664000
TIMELINE 18 1314 241729566483200 2664000
LATENCY 2757700
TIMELINE 18 1330 241729611724100 2757700
LATENCY 2717900
TIMELINE 18 1346 241729661238700 2717900
LATENCY 2723800
TIMELINE 18 1362 241729704647700 2723800
LATENCY 2760300
TIMELINE 18 1378 241729749151000 2760300
LATENCY 2815900
TIMELINE 18 1394 241729795644500 2815900
LATENCY 2575200
TIMELINE 18 1410 241729842806800 2575200
LATENCY 2648000
TIMELINE 18 1426 241729885155500 2648000
LATENCY 2780800
TIMELINE 18 1442 241729929969500 2780800
LATENCY 7895000
TIMELINE 18 1458 241729980276200 7895000
LATENCY 2654700
TIMELINE 18 1474 241730028238600 2654700
LATENCY 3124800
TIMELINE 18 1490 241730072779400 3124800
LATENCY 2913700
TIMELINE 18 1506 241730117189400 2913700
LATENCY 2578800
TIMELINE 18 1522 241730159707300 2578800
LATENCY 2681200
TIMELINE 18 1538 241730206275500 2681200
LATENCY 2970400
TIMELINE 18 1554 241730253566800 2970400
LATENCY 2636100
TIMELINE 18 1570 241730297003900 2636100
LATENCY 2703500
TIMELINE 18 1586 241730345786600 2703500
LATENCY 2570000
TIMELINE 18 1602 241730388706200 2570000
LATENCY 2837100
TIMELINE 18 1618 241730431528700 2837100
LATENCY 2962200
TIMELINE 18 1634 241730475911600 2962200
LATENCY 2579800
TIMELINE 18 1650 241730520191700 2579800
LATENCY 2567900
TIMELINE 18 1666 241730563994600 2567900
LATENCY 2635000
TIMELINE 18 1682 241730606688200 2635000
LATENCY 2827300
TIMELINE 18 1698 241730654735700 2827300
LATENCY 2897600
TIMELINE 18 1714 241730702459300 2897600
LATENCY 2828100
TIMELINE 18 1730 241730749583900 2828100
LATENCY 2756300
TIMELINE 18 1746 241730795461400 2756300
LATENCY 2671000
TIMELINE 18 1762 241730843471500 2671000
LATENCY 2515600
TIMELINE 18 1778 241730886939700 2515600
LATENCY 2723200
TIMELINE 18 1794 241730930885900 2723200
LATENCY 2806900
TIMELINE 18 1810 241730978149400 2806900
LATENCY 2831800
TIMELINE 18 1826 241731030960200 2831800
LATENCY 2800600
TIMELINE 18 1842 241731075546800 2800600
LATENCY 2952500
TIMELINE 18 1858 241731121163400 2952500
LATENCY 2604700
TIMELINE 18 1874 241731164921300 2604700
LATENCY 2625900
TIMELINE 18 1890 241731207246000 2625900
LATENCY 2720000
TIMELINE 18 1906 241731249223200 2720000
LATENCY 2693100
TIMELINE 18 1922 241731293369700 2693100
LATENCY 2903500
TIMELINE 18 1938 241731344157000 2903500
LATENCY 2643200
TIMELINE 18 1954 241731387420800 2643200
LATENCY 2664100
TIMELINE 18 1970 241731430972600 2664100
LATENCY 3082700
TIMELINE 18 1986 241731477020300 3082700
LATENCY 3010300
TIMELINE 18 2002 241731526535500 3010300
LATENCY 2705000
TIMELINE 18 2018 241731570206900 2705000
LATENCY 2749300
TIMELINE 18 2034 241731614272900 2749300
LATENCY 3482800
TIMELINE 19 3 241726523335200 3482800
LATENCY 2350300
TIMELINE 19 19 241726573874700 2350300
LATENCY 2248100
TIMELINE 19 35 241726611771000 2248100
LATENCY 2234200
TIMELINE 19 51 241726653865900 2234200
LATENCY 2516300
TIMELINE 19 67 241726691396000 2516300
LATENCY 2296300
TIMELINE 19 83 241726728922500 2296300
LATENCY 2700600
TIMELINE 19 99 241726770626900 2700600
LATENCY 2399700
TIMELINE 19 115 241726821476800 2399700
LATENCY 2218300
TIMELINE 19 131 241726859645000 2218300
LATENCY 2281300
TIMELINE 19 147 241726895696000 2281300
LATENCY 2314200
TIMELINE 19 163 241726933073800 2314200
LATENCY 2199500
TIMELINE 19 179 241726969420900 2199500
LATENCY 2282700
TIMELINE 19 195 241727005752500 2282700
LATENCY 2184400
TIMELINE 19 211 241727042035500 2184400
LATENCY 2180600
TIMELINE 19 227 241727077532000 2180600
LATENCY 2132100
TIMELINE 19 243 241727117991700 2132100
LATENCY 2136100
TIMELINE 19 259 241727152077600 2136100
LATENCY 2153800
TIMELINE 19 275 241727187223900 2153800
LATENCY 2240700
TIMELINE 19 291 241727222575400 2240700
LATENCY 2075000
TIMELINE 19 307 241727257790100 2075000
LATENCY 2044800
TIMELINE 19 323 241727291121600 2044800
LATENCY 2273700
TIMELINE 19 339 241727325787800 2273700
LATENCY 2410200
TIMELINE 19 355 241727363871600 2410200
LATENCY 2164100
TIMELINE 19 371 241727408302500 2164100
LATENCY 2690200
TIMELINE 19 387 241727445359900 2690200
LATENCY 2131200
TIMELINE 19 403 241727480650500 2131200
LATENCY 2228200
TIMELINE 19 419 241727516125400 2228200
LATENCY 2222400
TIMELINE 19 435 241727551444600 2222400
LATENCY 2222800
TIMELINE 19 451 241727587197600 2222800
LATENCY 2179400
TIMELINE 19 467 241727622260300 2179400
LATENCY 2447300
TIMELINE 19 483 241727657233900 2447300
LATENCY 2182000
TIMELINE 19 499 241727699403100 2182000
LATENCY 2170600
TIMELINE 19 515 241727734851800 2170600
LATENCY 2205700
TIMELINE 19 531 241727770169300 2205700
LATENCY 2136100
TIMELINE 19 547 241727808153900 2136100
LATENCY 2161800
TIMELINE 19 563 241727842781300 2161800
LATENCY 2150900
TIMELINE 19 579 241727877011700 2150900
LATENCY 2107800
TIMELINE 19 595 241727912509500 2107800
LATENCY 2149300
TIMELINE 19 611 241727947141700 2149300
LATENCY 2229100
TIMELINE 19 627 241727990389100 2229100
LATENCY 2055200
TIMELINE 19 643 241728024126400 2055200
LATENCY 2143800
TIMELINE 19 659 241728058511000 2143800
LATENCY 2112200
TIMELINE 19 675 241728093394100 2112200
LATENCY 2306700
TIMELINE 19 691 241728127404500 2306700
LATENCY 2154800
TIMELINE 19 707 241728161971100 2154800
LATENCY 2263700
TIMELINE 19 723 241728197827000 2263700
LATENCY 2212800
TIMELINE 19 739 241728233185300 2212800
LATENCY 2229900
TIMELINE 19 755 241728276388900 2229900
LATENCY 2234200
TIMELINE 19 771 241728312133800 2234200
LATENCY 2151900
TIMELINE 19 787 241728348006600 2151900
LATENCY 2238900
TIMELINE 19 803 241728383607200 2238900
LATENCY 2174500
TIMELINE 19 819 241728418389100 2174500
LATENCY 2172000
TIMELINE 19 835 241728453656100 2172000
LATENCY 2241000
TIMELINE 19 851 241728489341900 2241000
LATENCY 2151100
TIMELINE 19 867 241728531758400 2151100
LATENCY 2172700
TIMELINE 19 883 241728566536300 2172700
LATENCY 2164900
TIMELINE 19 899 241728601854300 2164900
LATENCY 2200000
TIMELINE 19 915 241728636617100 2200000
LATENCY 2213000
TIMELINE 19 931 241728672079300 2213000
LATENCY 2131700
TIMELINE 19 947 241728707389400 2131700
LATENCY 2283100
TIMELINE 19 963 241728743701000 2283100
LATENCY 2165100
TIMELINE 19 979 241728778921000 2165100
LATENCY 2137000
TIMELINE 19 995 241728821431700 2137000
LATENCY 2141200
TIMELINE 19 1011 241728855794200 2141200
LATENCY 2165800
TIMELINE 19 1027 241728890236400 2165800
LATENCY 2140300
TIMELINE 19 1043 241728925189900 2140300
LATENCY 2161300
TIMELINE 19 1059 241728959857300 2161300
LATENCY 2244500
TIMELINE 19 1075 241728994413900 2244500
LATENCY 2192400
TIMELINE 19 1091 241729030887800 2192400
LATENCY 2166800
TIMELINE 19 1107 241729071544000 2166800
LATENCY 2350500
TIMELINE 19 1123 241729106520200 2350500
LATENCY 2130100
TIMELINE 19 1139 241729142403300 2130100
LATENCY 2103700
TIMELINE 19 1155 241729177052300 2103700
LATENCY 2205200
TIMELINE 19 1171 241729213220300 2205200
LATENCY 2104000
TIMELINE 19 1187 241729248283400 2104000
LATENCY 2143400
TIMELINE 19 1203 241729283204900 2143400
LATENCY 4221600
TIMELINE 19 1219 241729319719900 4221600
LATENCY 2146600
TIMELINE 19 1235 241729362935600 2146600
LATENCY 2145800
TIMELINE 19 1251 241729397572700 2145800
LATENCY 2465400
TIMELINE 19 1267 241729433028800 2465400
LATENCY 2631400
TIMELINE 19 1283 241729473814700 2631400
LATENCY 2738700
TIMELINE 19 1299 241729516738300 2738700
LATENCY 2722600
TIMELINE 19 1315 241729563040500 2722600
LATENCY 2703800
TIMELINE 19 1331 241729608313900 2703800
LATENCY 2862800
TIMELINE 19 1347 241729657726600 2862800
LATENCY 2773200
TIMELINE 19 1363 241729701219800 2773200
LATENCY 3013900
TIMELINE 19 1379 241729745446000 3013900
LATENCY 2855000
TIMELINE 19 1395 241729792037400 2855000
LATENCY 2585600
TIMELINE 19 1411 241729839665700 2585600
LATENCY 2619100
TIMELINE 19 1427 241729881950500 2619100
LATENCY 2948500
TIMELINE 19 1443 241729926455700 2948500
LATENCY 2681900
TIMELINE 19 1459 241729976875700 2681900
LATENCY 2685800
TIMELINE 19 1475 241730024891400 2685800
LATENCY 3466300
TIMELINE 19 1491 241730068466200 3466300
LATENCY 2809500
TIMELINE 19 1507 241730113721500 2809500
LATENCY 2623700
TIMELINE 19 1523 241730156427500 2623700
LATENCY 2780700
TIMELINE 19 1539 241730202777900 2780700
LATENCY 3144300
TIMELINE 19 1555 241730249557700 3144300
LATENCY 2606000
TIMELINE 19 1571 241730293675500 2606000
LATENCY 2716400
TIMELINE 19 1587 241730342377100 2716400
LATENCY 2576300
TIMELINE 19 1603 241730385475000 2576300
LATENCY 2835800
TIMELINE 19 1619 241730427916400 2835800
LATENCY 2998500
TIMELINE 19 1635 241730472503200 2998500
LATENCY 2733500
TIMELINE 19 1651 241730517039200 2733500
LATENCY 2607900
TIMELINE 19 1667 241730561039100 2607900
LATENCY 2667100
TIMELINE 19 1683 241730603635500 2667100
LATENCY 7673200
TIMELINE 19 1699 241730646643800 7673200
LATENCY 3075300
TIMELINE 19 1715 241730698987800 3075300
LATENCY 3007800
TIMELINE 19 1731 241730746212800 3007800
LATENCY 2864500
TIMELINE 19 1747 241730792235900 2864500
LATENCY 2774700
TIMELINE 19 1763 241730840363500 2774700
LATENCY 2709400
TIMELINE 19 1779 241730883951900 2709400
LATENCY 2750000
TIMELINE 19 1795 241730927866600 2750000
LATENCY 2761900
TIMELINE 19 1811 241730975046000 2761900
LATENCY 2630700
TIMELINE 19 1827 241731026803900 2630700
LATENCY 2723000
TIMELINE 19 1843 241731071294300 2723000
LATENCY 2984600
TIMELINE 19 1859 241731116520400 2984600
LATENCY 2619700
TIMELINE 19 1875 241731160881500 2619700
LATENCY 2572900
TIMELINE 19 1891 241731203143100 2572900
LATENCY 2652500
TIMELINE 19 1907 241731245014300 2652500
LATENCY 2721600
TIMELINE 19 1923 241731289150100 2721600
LATENCY 7857200
TIMELINE 19 1939 241731334873200 7857200
LATENCY 2617900
TIMELINE 19 1955 241731383402300 2617900
LATENCY 3006300
TIMELINE 19 1971 241731426463900 3006300
LATENCY 3236900
TIMELINE 19 1987 241731472122000 3236900
LATENCY 2746200
TIMELINE 19 2003 241731522349500 2746200
LATENCY 2722300
TIMELINE 19 2019 241731566036600 2722300
LATENCY 2705600
TIMELINE 19 2035 241731610173100 2705600
LATENCY 2848200
TIMELINE 20 4 241726526859000 2848200
LATENCY 2325200
TIMELINE 20 20 241726576197700 2325200
LATENCY 2288200
TIMELINE 20 36 241726614053900 2288200
LATENCY 2294900
TIMELINE 20 52 241726656171000 2294900
LATENCY 2288100
TIMELINE 20 68 241726694111300 2288100
LATENCY 2273700
TIMELINE 20 84 241726731526100 2273700
LATENCY 2723500
TIMELINE 20 100 241726773627000 2723500
LATENCY 2367100
TIMELINE 20 116 241726824170100 2367100
LATENCY 2275100
TIMELINE 20 132 241726862213200 2275100
LATENCY 2294600
TIMELINE 20 148 241726898343900 2294600
LATENCY 2232500
TIMELINE 20 164 241726935708400 2232500
LATENCY 2311700
TIMELINE 20 180 241726972318600 2311700
LATENCY 2289400
TIMELINE 20 196 241727008710200 2289400
LATENCY 2191500
TIMELINE 20 212 241727044722000 2191500
LATENCY 2083300
TIMELINE 20 228 241727080200800 2083300
LATENCY 2052200
TIMELINE 20 244 241727120623600 2052200
LATENCY 2102000
TIMELINE 20 260 241727154710200 2102000
LATENCY 2227200
TIMELINE 20 276 241727189920000 2227200
LATENCY 2494200
TIMELINE 20 292 241727225324600 2494200
LATENCY 2065700
TIMELINE 20 308 241727260237500 2065700
LATENCY 2075600
TIMELINE 20 324 241727293507700 2075600
LATENCY 2251800
TIMELINE 20 340 241727328498700 2251800
LATENCY 2906600
TIMELINE 20 356 241727366839700 2906600
LATENCY 2224700
TIMELINE 20 372 241727411237400 2224700
LATENCY 2208500
TIMELINE 20 388 241727448816100 2208500
LATENCY 2093600
TIMELINE 20 404 241727483640600 2093600
LATENCY 2172200
TIMELINE 20 420 241727519132500 2172200
LATENCY 2127000
TIMELINE 20 436 241727554704000 2127000
LATENCY 2228800
TIMELINE 20 452 241727590474800 2228800
LATENCY 2111200
TIMELINE 20 468 241727625466000 2111200
LATENCY 2324500
TIMELINE 20 484 241727660812200 2324500
LATENCY 2255300
TIMELINE 20 500 241727702932700 2255300
LATENCY 2150300
TIMELINE 20 516 241727738275600 2150300
LATENCY 2609200
TIMELINE 20 532 241727773474700 2609200
LATENCY 2187600
TIMELINE 20 548 241727812385100 2187600
LATENCY 2133900
TIMELINE 20 564 241727846874900 2133900
LATENCY 2115300
TIMELINE 20 580 241727881064500 2115300
LATENCY 2114000
TIMELINE 20 596 241727916571900 2114000
LATENCY 2134100
TIMELINE 20 612 241727951258100 2134100
LATENCY 2075100
TIMELINE 20 628 241727994875000 2075100
LATENCY 2157900
TIMELINE 20 644 241728028310500 2157900
LATENCY 2215200
TIMELINE 20 660 241728063017900 2215200
LATENCY 2102200
TIMELINE 20 676 241728097823100 2102200
LATENCY 2259500
TIMELINE 20 692 241728132089200 2259500
LATENCY 2115600
TIMELINE 20 708 241728166498000 2115600
LATENCY 2237000
TIMELINE 20 724 241728203085200 2237000
LATENCY 2194500
TIMELINE 20 740 241728238286700 2194500
LATENCY 2321200
TIMELINE 20 756 241728281674500 2321200
LATENCY 2340400
TIMELINE 20 772 241728317376000 2340400
LATENCY 2169600
TIMELINE 20 788 241728353070100 2169600
LATENCY 2166500
TIMELINE 20 804 241728389017300 2166500
LATENCY 2120200
TIMELINE 20 820 241728423719600 2120200
LATENCY 2217700
TIMELINE 20 836 241728458809200 2217700
LATENCY 2190000
TIMELINE 20 852 241728494686000 2190000
LATENCY 2140100
TIMELINE 20 868 241728536879400 2140100
LATENCY 2215000
TIMELINE 20 884 241728571917100 2215000
LATENCY 2142000
TIMELINE 20 900 241728607461100 2142000
LATENCY 2169400
TIMELINE 20 916 241728642218900 2169400
LATENCY 2274500
TIMELINE 20 932 241728678056400 2274500
LATENCY 2164300
TIMELINE 20 948 241728713026200 2164300
LATENCY 2256000
TIMELINE 20 964 241728749544000 2256000
LATENCY 9934200
TIMELINE 20 980 241728784433000 9934200
LATENCY 2152000
TIMELINE 20 996 241728826856900 2152000
LATENCY 2120900
TIMELINE 20 1012 241728861188500 2120900
LATENCY 2164200
TIMELINE 20 1028 241728895641400 2164200
LATENCY 2346800
TIMELINE 20 1044 241728930727600 2346800
LATENCY 2104100
TIMELINE 20 1060 241728965372300 2104100
LATENCY 2134300
TIMELINE 20 1076 241729000047600 2134300
LATENCY 2177700
TIMELINE 20 1092 241729036769700 2177700
LATENCY 2150500
TIMELINE 20 1108 241729077319400 2150500
LATENCY 2243100
TIMELINE 20 1124 241729112762500 2243100
LATENCY 2169900
TIMELINE 20 1140 241729148171100 2169900
LATENCY 2241300
TIMELINE 20 1156 241729182679800 2241300
LATENCY 2140300
TIMELINE 20 1172 241729219197300 2140300
LATENCY 2149600
TIMELINE 20 1188 241729253984900 2149600
LATENCY 2178900
TIMELINE 20 1204 241729288896900 2178900
LATENCY 2639100
TIMELINE 20 1220 241729332791900 2639100
LATENCY 2161000
TIMELINE 20 1236 241729368696200 2161000
LATENCY 2118600
TIMELINE 20 1252 241729403360500 2118600
LATENCY 2403400
TIMELINE 20 1268 241729439603500 2403400
LATENCY 2583000
TIMELINE 20 1284 241729481182900 2583000
LATENCY 2686000
TIMELINE 20 1300 241729524145200 2686000
LATENCY 2663600
TIMELINE 20 1316 241729570304300 2663600
LATENCY 2738600
TIMELINE 20 1332 241729615724000 2738600
LATENCY 2663900
TIMELINE 20 1348 241729665216900 2663900
LATENCY 2612900
TIMELINE 20 1364 241729708534200 2612900
LATENCY 2963200
TIMELINE 20 1380 241729753277500 2963200
LATENCY 3217100
TIMELINE 20 1396 241729799804600 3217100
LATENCY 2661400
TIMELINE 20 1412 241729846577600 2661400
LATENCY 2758900
TIMELINE 20 1428 241729889110100 2758900
LATENCY 2751500
TIMELINE 20 1444 241729933905100 2751500
LATENCY 2646600
TIMELINE 20 1460 241729989526500 2646600
LATENCY 2606900
TIMELINE 20 1476 241730031914500 2606900
LATENCY 2646900
TIMELINE 20 1492 241730077042100 2646900
LATENCY 2854600
TIMELINE 20 1508 241730121303400 2854600
LATENCY 2774200
TIMELINE 20 1524 241730163473400 2774200
LATENCY 2971500
TIMELINE 20 1540 241730210117700 2971500
LATENCY 2626900
TIMELINE 20 1556 241730257816000 2626900
LATENCY 2594100
TIMELINE 20 1572 241730300803800 2594100
LATENCY 2758900
TIMELINE 20 1588 241730349682300 2758900
LATENCY 2630800
TIMELINE 20 1604 241730392386300 2630800
LATENCY 2688400
TIMELINE 20 1620 241730435513000 2688400
LATENCY 3071200
TIMELINE 20 1636 241730480418100 3071200
LATENCY 2745800
TIMELINE 20 1652 241730524152800 2745800
LATENCY 2621400
TIMELINE 20 1668 241730567954900 2621400
LATENCY 2668100
TIMELINE 20 1684 241730610763200 2668100
LATENCY 2879400
TIMELINE 20 1700 241730658943200 2879400
LATENCY 3124000
TIMELINE 20 1716 241730706883500 3124000
LATENCY 3371600
TIMELINE 20 1732 241730753843400 3371600
LATENCY 2850800
TIMELINE 20 1748 241730799573500 2850800
LATENCY 2735800
TIMELINE 20 1764 241730847456300 2735800
LATENCY 2742100
TIMELINE 20 1780 241730890826800 2742100
LATENCY 2599600
TIMELINE 20 1796 241730934977800 2599600
LATENCY 2898500
TIMELINE 20 1812 241730982441100 2898500
LATENCY 2744400
TIMELINE 20 1828 241731035205200 2744400
LATENCY 2882600
TIMELINE 20 1844 241731079835900 2882600
LATENCY 2735000
TIMELINE 20 1860 241731125618000 2735000
LATENCY 2593300
TIMELINE 20 1876 241731168801600 2593300
LATENCY 2599600
TIMELINE 20 1892 241731211183700 2599600
LATENCY 2757300
TIMELINE 20 1908 241731253340000 2757300
LATENCY 2784400
TIMELINE 20 1924 241731297465500 2784400
LATENCY 2696000
TIMELINE 20 1940 241731348590300 2696000
LATENCY 2685800
TIMELINE 20 1956 241731391603000 2685800
LATENCY 2693700
TIMELINE 20 1972 241731435175100 2693700
LATENCY 3082500
TIMELINE 20 1988 241731481713400 3082500
LATENCY 2672200
TIMELINE 20 2004 241731531008100 2672200
LATENCY 2705300
TIMELINE 20 2020 241731574381900 2705300
LATENCY 2736400
TIMELINE 20 2036 241731618624500 2736400
LATENCY 6252500
TIMELINE 21 5 241726529764000 6252500
LATENCY 2306100
TIMELINE 21 21 241726578589200 2306100
LATENCY 2269300
TIMELINE 21 37 241726616376400 2269300
LATENCY 2195800
TIMELINE 21 53 241726658526500 2195800
LATENCY 2396800
TIMELINE 21 69 241726696369900 2396800
LATENCY 2590000
TIMELINE 21 85 241726733664200 2590000
LATENCY 2848300
TIMELINE 21 101 241726776199900 2848300
LATENCY 2412800
TIMELINE 21 117 241726826375900 2412800
LATENCY 2198700
TIMELINE 21 133 241726864128300 2198700
LATENCY 2265000
TIMELINE 21 149 241726900265600 2265000
LATENCY 2231600
TIMELINE 21 165 241726937624100 2231600
LATENCY 2230900
TIMELINE 21 181 241726975736400 2230900
LATENCY 2283500
TIMELINE 21 197 241727012000000 2283500
LATENCY 2141700
TIMELINE 21 213 241727047977600 2141700
LATENCY 2128700
TIMELINE 21 229 241727083427100 2128700
LATENCY 2081300
TIMELINE 21 245 241727123679300 2081300
LATENCY 2109500
TIMELINE 21 261 241727157818800 2109500
LATENCY 2179500
TIMELINE 21 277 241727193144300 2179500
LATENCY 2099800
TIMELINE 21 293 241727228884700 2099800
LATENCY 2074400
TIMELINE 21 309 241727263196800 2074400
LATENCY 2068300
TIMELINE 21 325 241727296458700 2068300
LATENCY 2381000
TIMELINE 21 341 241727331883800 2381000
LATENCY 2673200
TIMELINE 21 357 241727368252700 2673200
LATENCY 2267800
TIMELINE 21 373 241727412188900 2267800
LATENCY 2169500
TIMELINE 21 389 241727450069500 2169500
LATENCY 2082200
TIMELINE 21 405 241727484706100 2082200
LATENCY 2185100
TIMELINE 21 421 241727520443100 2185100
LATENCY 2117700
TIMELINE 21 437 241727555586500 2117700
LATENCY 2328000
TIMELINE 21 453 241727591301800 2328000
LATENCY 2121800
TIMELINE 21 469 241727626375200 2121800
LATENCY 2261500
TIMELINE 21 485 241727661813100 2261500
LATENCY 2245600
TIMELINE 21 501 241727703941100 2245600
LATENCY 2155300
TIMELINE 21 517 241727739265000 2155300
LATENCY 2181800
TIMELINE 21 533 241727774220400 2181800
LATENCY 2222900
TIMELINE 21 549 241727812620700 2222900
LATENCY 2130100
TIMELINE 21 565 241727847140100 2130100
LATENCY 2111000
TIMELINE 21 581 241727881267800 2111000
LATENCY 2128400
TIMELINE 21 597 241727916806500 2128400
LATENCY 2134500
TIMELINE 21 613 241727951497100 2134500
LATENCY 2079700
TIMELINE 21 629 241727994986100 2079700
LATENCY 2205600
TIMELINE 21 645 241728028427500 2205600
LATENCY 2222700
TIMELINE 21 661 241728063202600 2222700
LATENCY 2124500
TIMELINE 21 677 241728098070800 2124500
LATENCY 2244700
TIMELINE 21 693 241728132333100 2244700
LATENCY 2119300
TIMELINE 21 709 241728166710100 2119300
LATENCY 2242900
TIMELINE 21 725 241728202456200 2242900
LATENCY 2198200
TIMELINE 21 741 241728237730800 2198200
LATENCY 2390400
TIMELINE 21 757 241728280850200 2390400
LATENCY 2330700
TIMELINE 21 773 241728316599100 2330700
LATENCY 2182600
TIMELINE 21 789 241728352337400 2182600
LATENCY 2208800
TIMELINE 21 805 241728388057900 2208800
LATENCY 2131700
TIMELINE 21 821 241728422791300 2131700
LATENCY 2138400
TIMELINE 21 837 241728457831200 2138400
LATENCY 2203000
TIMELINE 21 853 241728493597800 2203000
LATENCY 2164900
TIMELINE 21 869 241728535915600 2164900
LATENCY 2199000
TIMELINE 21 885 241728571122800 2199000
LATENCY 2159500
TIMELINE 21 901 241728606359700 2159500
LATENCY 2158300
TIMELINE 21 917 241728641110500 2158300
LATENCY 2465000
TIMELINE 21 933 241728676504400 2465000
LATENCY 2151000
TIMELINE 21 949 241728711721500 2151000
LATENCY 2273100
TIMELINE 21 965 241728748148300 2273100
LATENCY 2123200
TIMELINE 21 981 241728783122200 2123200
LATENCY 2177800
TIMELINE 21 997 241728825471500 2177800
LATENCY 2135300
TIMELINE 21 1013 241728859845600 2135300
LATENCY 2131100
TIMELINE 21 1029 241728894311800 2131100
LATENCY 2188500
TIMELINE 21 1045 241728929351700 2188500
LATENCY 2136200
TIMELINE 21 1061 241728964042200 2136200
LATENCY 2104300
TIMELINE 21 1077 241728998748200 2104300
LATENCY 2181100
TIMELINE 21 1093 241729035580600 2181100
LATENCY 2149700
TIMELINE 21 1109 241729076104600 2149700
LATENCY 2253500
TIMELINE 21 1125 241729111353200 2253500
LATENCY 2187800
TIMELINE 21 1141 241729146866700 2187800
LATENCY 2160300
TIMELINE 21 1157 241729181484500 2160300
LATENCY 2185100
TIMELINE 21 1173 241729217846500 2185100
LATENCY 2124700
TIMELINE 21 1189 241729252701200 2124700
LATENCY 2160700
TIMELINE 21 1205 241729287637000 2160700
LATENCY 7671900
TIMELINE 21 1221 241729326267200 7671900
LATENCY 2133200
TIMELINE 21 1237 241729367310000 2133200
LATENCY 2128100
TIMELINE 21 1253 241729401978300 2128100
LATENCY 2312500
TIMELINE 21 1269 241729438247000 2312500
LATENCY 2685100
TIMELINE 21 1285 241729479515200 2685100
LATENCY 2711800
TIMELINE 21 1301 241729522494700 2711800
LATENCY 2622400
TIMELINE 21 1317 241729568739600 2622400
LATENCY 2778800
TIMELINE 21 1333 241729614067900 2778800
LATENCY 2660300
TIMELINE 21 1349 241729663589400 2660300
LATENCY 2619200
TIMELINE 21 1365 241729707008200 2619200
LATENCY 2873800
TIMELINE 21 1381 241729751530600 2873800
LATENCY 3096100
TIMELINE 21 1397 241729798077300 3096100
LATENCY 2555600
TIMELINE 21 1413 241729845144700 2555600
LATENCY 2769700
TIMELINE 21 1429 241729887537000 2769700
LATENCY 2653900
TIMELINE 21 1445 241729932470600 2653900
LATENCY 2941700
TIMELINE 21 1461 241729987797700 2941700
LATENCY 2537300
TIMELINE 21 1477 241730030576300 2537300
LATENCY 2671000
TIMELINE 21 1493 241730075565800 2671000
LATENCY 3056200
TIMELINE 21 1509 241730119736900 3056200
LATENCY 2833900
TIMELINE 21 1525 241730161975100 2833900
LATENCY 2747500
TIMELINE 21 1541 241730208588500 2747500
LATENCY 2741500
TIMELINE 21 1557 241730256152600 2741500
LATENCY 2601400
TIMELINE 21 1573 241730299259300 2601400
LATENCY 2745500
TIMELINE 21 1589 241730348231500 2745500
LATENCY 2612900
TIMELINE 21 1605 241730391030000 2612900
LATENCY 2698100
TIMELINE 21 1621 241730434063300 2698100
LATENCY 2830700
TIMELINE 21 1637 241730479400400 2830700
LATENCY 2742300
TIMELINE 21 1653 241730523164700 2742300
LATENCY 2614500
TIMELINE 21 1669 241730566978500 2614500
LATENCY 2705000
TIMELINE 21 1685 241730609745400 2705000
LATENCY 2895100
TIMELINE 21 1701 241730657990700 2895100
LATENCY 3157600
TIMELINE 21 1717 241730705844200 3157600
LATENCY 3101700
TIMELINE 21 1733 241730752905100 3101700
LATENCY 2834500
TIMELINE 21 1749 241730798644100 2834500
LATENCY 2694000
TIMELINE 21 1765 241730846529700 2694000
LATENCY 2821300
TIMELINE 21 1781 241730889734800 2821300
LATENCY 2748600
TIMELINE 21 1797 241730933997900 2748600
LATENCY 2901300
TIMELINE 21 1813 241730981349400 2901300
LATENCY 2759200
TIMELINE 21 1829 241731034269600 2759200
LATENCY 2902700
TIMELINE 21 1845 241731078823100 2902700
LATENCY 2814600
TIMELINE 21 1861 241731124573900 2814600
LATENCY 2583200
TIMELINE 21 1877 241731167922200 2583200
LATENCY 2587700
TIMELINE 21 1893 241731210265300 2587700
LATENCY 2757300
TIMELINE 21 1909 241731252357000 2757300
LATENCY 2758200
TIMELINE 21 1925 241731296476100 2758200
LATENCY 2769700
TIMELINE 21 1941 241731347599000 2769700
LATENCY 2699800
TIMELINE 21 1957 241731390613700 2699800
LATENCY 2660900
TIMELINE 21 1973 241731434232600 2660900
LATENCY 3073100
TIMELINE 21 1989 241731480833500 3073100
LATENCY 2686700
TIMELINE 21 2005 241731530262800 2686700
LATENCY 2666000
TIMELINE 21 2021 241731573622200 2666000
LATENCY 2715200
TIMELINE 21 2037 241731617728300 2715200
LATENCY 4460100
TIMELINE 22 6 241726536104000 4460100
LATENCY 2332500
TIMELINE 22 22 241726580961000 2332500
LATENCY 2303300
TIMELINE 22 38 241726618679800 2303300
LATENCY 2217900
TIMELINE 22 54 241726660695400 2217900
LATENCY 2317600
TIMELINE 22 70 241726698947200 2317600
LATENCY 2684200
TIMELINE 22 86 241726736511000 2684200
LATENCY 2767900
TIMELINE 22 102 241726779293400 2767900
LATENCY 2338600
TIMELINE 22 118 241726828981600 2338600
LATENCY 2212400
TIMELINE 22 134 241726866748100 2212400
LATENCY 2281200
TIMELINE 22 150 241726902937500 2281200
LATENCY 2207100
TIMELINE 22 166 241726940276800 2207100
LATENCY 2244200
TIMELINE 22 182 241726978122900 2244200
LATENCY 2243100
TIMELINE 22 198 241727014452100 2243100
LATENCY 2083100
TIMELINE 22 214 241727050335900 2083100
LATENCY 2261600
TIMELINE 22 230 241727085725500 2261600
LATENCY 2096800
TIMELINE 22 246 241727125907200 2096800
LATENCY 2199200
TIMELINE 22 262 241727160074300 2199200
LATENCY 2213600
TIMELINE 22 278 241727195549800 2213600
LATENCY 2107000
TIMELINE 22 294 241727231210000 2107000
LATENCY 2038100
TIMELINE 22 310 241727265498400 2038100
LATENCY 2069900
TIMELINE 22 326 241727298749200 2069900
LATENCY 2491400
TIMELINE 22 342 241727334347100 2491400
LATENCY 2229500
TIMELINE 22 358 241727372157500 2229500
LATENCY 2262300
TIMELINE 22 374 241727415961300 2262300
LATENCY 2171300
TIMELINE 22 390 241727453427800 2171300
LATENCY 2130800
TIMELINE 22 406 241727488043800 2130800
LATENCY 2251600
TIMELINE 22 422 241727523818100 2251600
LATENCY 2339000
TIMELINE 22 438 241727558727000 2339000
LATENCY 2270600
TIMELINE 22 454 241727594628500 2270600
LATENCY 2110300
TIMELINE 22 470 241727629328500 2110300
LATENCY 2230600
TIMELINE 22 486 241727665064500 2230600
LATENCY 2162100
TIMELINE 22 502 241727707097200 2162100
LATENCY 2192600
TIMELINE 22 518 241727742343400 2192600
LATENCY 2356300
TIMELINE 22 534 241727782662200 2356300
LATENCY 2146600
TIMELINE 22 550 241727818225300 2146600
LATENCY 2095300
TIMELINE 22 566 241727852628000 2095300
LATENCY 2069200
TIMELINE 22 582 241727886903100 2069200
LATENCY 2388800
TIMELINE 22 598 241727922507600 2388800
LATENCY 2233000
TIMELINE 22 614 241727957258200 2233000
LATENCY 2171500
TIMELINE 22 630 241728000757700 2171500
LATENCY 2184400
TIMELINE 22 646 241728034713000 2184400
LATENCY 2187900
TIMELINE 22 662 241728069439700 2187900
LATENCY 2096600
TIMELINE 22 678 241728103800700 2096600
LATENCY 2168800
TIMELINE 22 694 241728138451200 2168800
LATENCY 2107700
TIMELINE 22 710 241728172475400 2107700
LATENCY 2184100
TIMELINE 22 726 241728209032600 2184100
LATENCY 2312800
TIMELINE 22 742 241728251382900 2312800
LATENCY 2203100
TIMELINE 22 758 241728287946300 2203100
LATENCY 2295300
TIMELINE 22 774 241728323913800 2295300
LATENCY 2228500
TIMELINE 22 790 241728359133100 2228500
LATENCY 2270800
TIMELINE 22 806 241728394685700 2270800
LATENCY 2175300
TIMELINE 22 822 241728429546800 2175300
LATENCY 2171900
TIMELINE 22 838 241728464566700 2171900
LATENCY 2207100
TIMELINE 22 854 241728500416700 2207100
LATENCY 2138200
TIMELINE 22 870 241728542609200 2138200
LATENCY 2175200
TIMELINE 22 886 241728577844800 2175200
LATENCY 2163700
TIMELINE 22 902 241728612918100 2163700
LATENCY 2313200
TIMELINE 22 918 241728647607700 2313200
LATENCY 2204000
TIMELINE 22 934 241728683356300 2204000
LATENCY 2191500
TIMELINE 22 950 241728718137000 2191500
LATENCY 2152400
TIMELINE 22 966 241728754898100 2152400
LATENCY 2172100
TIMELINE 22 982 241728797450700 2172100
LATENCY 2134400
TIMELINE 22 998 241728831981900 2134400
LATENCY 2173600
TIMELINE 22 1014 241728866282500 2173600
LATENCY 2190600
TIMELINE 22 1030 241728900891800 2190600
LATENCY 2157200
TIMELINE 22 1046 241728935959800 2157200
LATENCY 2158300
TIMELINE 22 1062 241728970334700 2158300
LATENCY 2271600
TIMELINE 22 1078 241729005177800 2271600
LATENCY 2424100
TIMELINE 22 1094 241729042272800 2424100
LATENCY 2195700
TIMELINE 22 1110 241729082832800 2195700
LATENCY 2371200
TIMELINE 22 1126 241729118522800 2371200
LATENCY 2167000
TIMELINE 22 1142 241729153426900 2167000
LATENCY 2466800
TIMELINE 22 1158 241729188463800 2466800
LATENCY 2305300
TIMELINE 22 1174 241729224654700 2305300
LATENCY 2242000
TIMELINE 22 1190 241729259362000 2242000
LATENCY 2534900
TIMELINE 22 1206 241729294385100 2534900
LATENCY 2186200
TIMELINE 22 1222 241729338703900 2186200
LATENCY 2271500
TIMELINE 22 1238 241729373936100 2271500
LATENCY 2163000
TIMELINE 22 1254 241729408573500 2163000
LATENCY 2339800
TIMELINE 22 1270 241729446067400 2339800
LATENCY 2591900
TIMELINE 22 1286 241729488190300 2591900
LATENCY 2919900
TIMELINE 22 1302 241729531308800 2919900
LATENCY 2639200
TIMELINE 22 1318 241729577209600 2639200
LATENCY 2740900
TIMELINE 22 1334 241729622952800 2740900
LATENCY 2764800
TIMELINE 22 1350 241729672317500 2764800
LATENCY 2728100
TIMELINE 22 1366 241729715524000 2728100
LATENCY 3127800
TIMELINE 22 1382 241729761124200 3127800
LATENCY 2950500
TIMELINE 22 1398 241729807586000 2950500
LATENCY 2575100
TIMELINE 22 1414 241729853499500 2575100
LATENCY 2722000
TIMELINE 22 1430 241729896383500 2722000
LATENCY 2828600
TIMELINE 22 1446 241729940971400 2828600
LATENCY 2731200
TIMELINE 22 1462 241729996508300 2731200
LATENCY 3085800
TIMELINE 22 1478 241730038701600 3085800
LATENCY 3081900
TIMELINE 22 1494 241730084220500 3081900
LATENCY 2704400
TIMELINE 22 1510 241730128683400 2704400
LATENCY 2666700
TIMELINE 22 1526 241730171044700 2666700
LATENCY 2848400
TIMELINE 22 1542 241730217913200 2848400
LATENCY 2615900
TIMELINE 22 1558 241730264774800 2615900
LATENCY 2642100
TIMELINE 22 1574 241730307847800 2642100
LATENCY 2741800
TIMELINE 22 1590 241730357066700 2741800
LATENCY 2695100
TIMELINE 22 1606 241730399463900 2695100
LATENCY 2766000
TIMELINE 22 1622 241730442897500 2766000
LATENCY 2826400
TIMELINE 22 1638 241730487407300 2826400
LATENCY 2709000
TIMELINE 22 1654 241730531092400 2709000
LATENCY 2682200
TIMELINE 22 1670 241730574890000 2682200
LATENCY 2752000
TIMELINE 22 1686 241730617531400 2752000
LATENCY 2926300
TIMELINE 22 1702 241730666458300 2926300
LATENCY 2895200
TIMELINE 22 1718 241730715089600 2895200
LATENCY 2864400
TIMELINE 22 1734 241730761689400 2864400
LATENCY 2779300
TIMELINE 22 1750 241730806779400 2779300
LATENCY 2735900
TIMELINE 22 1766 241730854382100 2735900
LATENCY 2751300
TIMELINE 22 1782 241730897658200 2751300
LATENCY 2577100
TIMELINE 22 1798 241730943280000 2577100
LATENCY 3101100
TIMELINE 22 1814 241730989566300 3101100
LATENCY 2692800
TIMELINE 22 1830 241731042571900 2692800
LATENCY 2785300
TIMELINE 22 1846 241731087276100 2785300
LATENCY 2803000
TIMELINE 22 1862 241731132849800 2803000
LATENCY 2624200
TIMELINE 22 1878 241731175632300 2624200
LATENCY 2595600
TIMELINE 22 1894 241731217987000 2595600
LATENCY 2763800
TIMELINE 22 1910 241731260531600 2763800
LATENCY 2691300
TIMELINE 22 1926 241731304874100 2691300
LATENCY 2721700
TIMELINE 22 1942 241731355578900 2721700
LATENCY 2717500
TIMELINE 22 1958 241731398468000 2717500
LATENCY 2830600
TIMELINE 22 1974 241731441974100 2830600
LATENCY 3113600
TIMELINE 22 1990 241731489712900 3113600
LATENCY 2769200
TIMELINE 22 2006 241731537923700 2769200
LATENCY 2817200
TIMELINE 22 2022 241731581288600 2817200
LATENCY 2677000
TIMELINE 22 2038 241731625416500 2677000
LATENCY 4382700
TIMELINE 23 7 241726540772600 4382700
LATENCY 2359300
TIMELINE 23 23 241726583499500 2359300
LATENCY 2277000
TIMELINE 23 39 241726621169200 2277000
LATENCY 2183800
TIMELINE 23 55 241726663242900 2183800
LATENCY 2300800
TIMELINE 23 71 241726701479100 2300800
LATENCY 2455800
TIMELINE 23 87 241726739345500 2455800
LATENCY 2833400
TIMELINE 23 103 241726782153900 2833400
LATENCY 2384000
TIMELINE 23 119 241726831375000 2384000
LATENCY 2208800
TIMELINE 23 135 241726869189300 2208800
LATENCY 2239200
TIMELINE 23 151 241726905447800 2239200
LATENCY 2293800
TIMELINE 23 167 241726942606800 2293800
LATENCY 2176700
TIMELINE 23 183 241726981823200 2176700
LATENCY 2279300
TIMELINE 23 199 241727018129800 2279300
LATENCY 2168300
TIMELINE 23 215 241727053872900 2168300
LATENCY 2192500
TIMELINE 23 231 241727089310000 2192500
LATENCY 2093600
TIMELINE 23 247 241727129250300 2093600
LATENCY 2141500
TIMELINE 23 263 241727163564100 2141500
LATENCY 2159200
TIMELINE 23 279 241727198947700 2159200
LATENCY 2105400
TIMELINE 23 295 241727234478000 2105400
LATENCY 2035000
TIMELINE 23 311 241727268651200 2035000
LATENCY 2080900
TIMELINE 23 327 241727301951100 2080900
LATENCY 2518200
TIMELINE 23 343 241727338130300 2518200
LATENCY 2396300
TIMELINE 23 359 241727374797800 2396300
LATENCY 2219600
TIMELINE 23 375 241727418620200 2219600
LATENCY 2274400
TIMELINE 23 391 241727455948500 2274400
LATENCY 2143200
TIMELINE 23 407 241727490448200 2143200
LATENCY 2301100
TIMELINE 23 423 241727526369900 2301100
LATENCY 2194100
TIMELINE 23 439 241727561538700 2194100
LATENCY 2120000
TIMELINE 23 455 241727597546100 2120000
LATENCY 2152000
TIMELINE 23 471 241727632049500 2152000
LATENCY 2285300
TIMELINE 23 487 241727667867400 2285300
LATENCY 2161900
TIMELINE 23 503 241727709789600 2161900
LATENCY 2190600
TIMELINE 23 519 241727745074600 2190600
LATENCY 2208500
TIMELINE 23 535 241727785105400 2208500
LATENCY 2365200
TIMELINE 23 551 241727820239200 2365200
LATENCY 2136000
TIMELINE 23 567 241727854619700 2136000
LATENCY 2125900
TIMELINE 23 583 241727888662000 2125900
LATENCY 2236800
TIMELINE 23 599 241727924620100 2236800
LATENCY 2272700
TIMELINE 23 615 241727959230500 2272700
LATENCY 2137700
TIMELINE 23 631 241728002541800 2137700
LATENCY 2159100
TIMELINE 23 647 241728036455700 2159100
LATENCY 2166700
TIMELINE 23 663 241728071163000 2166700
LATENCY 2117300
TIMELINE 23 679 241728105420000 2117300
LATENCY 2202900
TIMELINE 23 695 241728140010900 2202900
LATENCY 2201500
TIMELINE 23 711 241728173986200 2201500
LATENCY 2165000
TIMELINE 23 727 241728209929300 2165000
LATENCY 2360000
TIMELINE 23 743 241728252418600 2360000
LATENCY 2213700
TIMELINE 23 759 241728288719200 2213700
LATENCY 2319100
TIMELINE 23 775 241728324607200 2319100
LATENCY 2191600
TIMELINE 23 791 241728359847300 2191600
LATENCY 2296900
TIMELINE 23 807 241728395284000 2296900
LATENCY 2135800
TIMELINE 23 823 241728430231700 2135800
LATENCY 2168600
TIMELINE 23 839 241728465272400 2168600
LATENCY 2184300
TIMELINE 23 855 241728501131600 2184300
LATENCY 2162600
TIMELINE 23 871 241728543263200 2162600
LATENCY 2204100
TIMELINE 23 887 241728578609400 2204100
LATENCY 2172200
TIMELINE 23 903 241728613879900 2172200
LATENCY 2294400
TIMELINE 23 919 241728648581600 2294400
LATENCY 2182200
TIMELINE 23 935 241728684433800 2182200
LATENCY 2227600
TIMELINE 23 951 241728719127500 2227600
LATENCY 2206100
TIMELINE 23 967 241728755767100 2206100
LATENCY 2141000
TIMELINE 23 983 241728798342100 2141000
LATENCY 2147000
TIMELINE 23 999 241728832843300 2147000
LATENCY 2178800
TIMELINE 23 1015 241728867135100 2178800
LATENCY 2227600
TIMELINE 23 1031 241728901867400 2227600
LATENCY 2193300
TIMELINE 23 1047 241728936935000 2193300
LATENCY 2198000
TIMELINE 23 1063 241728971311600 2198000
LATENCY 2223700
TIMELINE 23 1079 241729006170800 2223700
LATENCY 2550200
TIMELINE 23 1095 241729042788700 2550200
LATENCY 2200200
TIMELINE 23 1111 241729083446900 2200200
LATENCY 2353200
TIMELINE 23 1127 241729119444500 2353200
LATENCY 2159000
TIMELINE 23 1143 241729154390600 2159000
LATENCY 2388600
TIMELINE 23 1159 241729189496700 2388600
LATENCY 2313400
TIMELINE 23 1175 241729225477200 2313400
LATENCY 2168100
TIMELINE 23 1191 241729260155700 2168100
LATENCY 2747700
TIMELINE 23 1207 241729295103200 2747700
LATENCY 2165000
TIMELINE 23 1223 241729339580400 2165000
LATENCY 2232500
TIMELINE 23 1239 241729374869600 2232500
LATENCY 2129700
TIMELINE 23 1255 241729409467300 2129700
LATENCY 2321600
TIMELINE 23 1271 241729446594400 2321600
LATENCY 2608300
TIMELINE 23 1287 241729488761900 2608300
LATENCY 3007100
TIMELINE 23 1303 241729531942000 3007100
LATENCY 2703000
TIMELINE 23 1319 241729577781300 2703000
LATENCY 2727900
TIMELINE 23 1335 241729623572300 2727900
LATENCY 2751900
TIMELINE 23 1351 241729672947300 2751900
LATENCY 2743600
TIMELINE 23 1367 241729716137000 2743600
LATENCY 3125300
TIMELINE 23 1383 241729761799600 3125300
LATENCY 3016600
TIMELINE 23 1399 241729808126600 3016600
LATENCY 2589400
TIMELINE 23 1415 241729853997500 2589400
LATENCY 2833400
TIMELINE 23 1431 241729896840700 2833400
LATENCY 2899400
TIMELINE 23 1447 241729941463500 2899400
LATENCY 2756800
TIMELINE 23 1463 241729996880100 2756800
LATENCY 3073400
TIMELINE 23 1479 241730039180200 3073400
LATENCY 3059700
TIMELINE 23 1495 241730084727200 3059700
LATENCY 2654300
TIMELINE 23 1511 241730129116500 2654300
LATENCY 2638800
TIMELINE 23 1527 241730171499500 2638800
LATENCY 2785300
TIMELINE 23 1543 241730218371400 2785300
LATENCY 2606800
TIMELINE 23 1559 241730265183100 2606800
LATENCY 2655500
TIMELINE 23 1575 241730308209700 2655500
LATENCY 2755400
TIMELINE 23 1591 241730357375300 2755400
LATENCY 2696100
TIMELINE 23 1607 241730399754000 2696100
LATENCY 2832100
TIMELINE 23 1623 241730443211500 2832100
LATENCY 2751000
TIMELINE 23 1639 241730488409500 2751000
LATENCY 2699000
TIMELINE 23 1655 241730531954900 2699000
LATENCY 2742700
TIMELINE 23 1671 241730575706500 2742700
LATENCY 2699200
TIMELINE 23 1687 241730618409200 2699200
LATENCY 2940400
TIMELINE 23 1703 241730667396400 2940400
LATENCY 2835000
TIMELINE 23 1719 241730715969300 2835000
LATENCY 2858900
TIMELINE 23 1735 241730762519600 2858900
LATENCY 2872100
TIMELINE 23 1751 241730807580800 2872100
LATENCY 2796100
TIMELINE 23 1767 241730855215300 2796100
LATENCY 2752200
TIMELINE 23 1783 241730898671400 2752200
LATENCY 2609600
TIMELINE 23 1799 241730944242800 2609600
LATENCY 3107300
TIMELINE 23 1815 241730990690500 3107300
LATENCY 2732300
TIMELINE 23 1831 241731041617900 2732300
LATENCY 2792400
TIMELINE 23 1847 241731086286400 2792400
LATENCY 2785400
TIMELINE 23 1863 241731131981500 2785400
LATENCY 2646800
TIMELINE 23 1879 241731174799900 2646800
LATENCY 2616200
TIMELINE 23 1895 241731217155500 2616200
LATENCY 2763800
TIMELINE 23 1911 241731259662900 2763800
LATENCY 2729600
TIMELINE 23 1927 241731303997100 2729600
LATENCY 2661600
TIMELINE 23 1943 241731354791500 2661600
LATENCY 2702700
TIMELINE 23 1959 241731397684200 2702700
LATENCY 2796700
TIMELINE 23 1975 241731441233900 2796700
LATENCY 3065200
TIMELINE 23 1991 241731488843300 3065200
LATENCY 2732100
TIMELINE 23 2007 241731537171500 2732100
LATENCY 2766600
TIMELINE 23 2023 241731580579800 2766600
LATENCY 2683600
TIMELINE 23 2039 241731624717500 2683600
LATENCY 3357000
TIMELINE 24 8 241726545102000 3357000
LATENCY 2390400
TIMELINE 24 24 241726585762000 2390400
LATENCY 2381400
TIMELINE 24 40 241726623388800 2381400
LATENCY 2214400
TIMELINE 24 56 241726665174400 2214400
LATENCY 2569100
TIMELINE 24 72 241726703511200 2569100
LATENCY 2367100
TIMELINE 24 88 241726741715700 2367100
LATENCY 2833800
TIMELINE 24 104 241726785035100 2833800
LATENCY 2441100
TIMELINE 24 120 241726833796900 2441100
LATENCY 2209600
TIMELINE 24 136 241726871281000 2209600
LATENCY 2341900
TIMELINE 24 152 241726907598200 2341900
LATENCY 2244100
TIMELINE 24 168 241726944873300 2244100
LATENCY 2260300
TIMELINE 24 184 241726984455700 2260300
LATENCY 2262400
TIMELINE 24 200 241727020860100 2262400
LATENCY 2186300
TIMELINE 24 216 241727056659000 2186300
LATENCY 2046700
TIMELINE 24 232 241727092181800 2046700
LATENCY 2064500
TIMELINE 24 248 241727132053500 2064500
LATENCY 2276300
TIMELINE 24 264 241727166602200 2276300
LATENCY 2151900
TIMELINE 24 280 241727201968900 2151900
LATENCY 2175800
TIMELINE 24 296 241727237398900 2175800
LATENCY 2109100
TIMELINE 24 312 241727271487400 2109100
LATENCY 2130300
TIMELINE 24 328 241727304886600 2130300
LATENCY 2278200
TIMELINE 24 344 241727341599600 2278200
LATENCY 2461400
TIMELINE 24 360 241727379374000 2461400
LATENCY 2316500
TIMELINE 24 376 241727422471200 2316500
LATENCY 2147400
TIMELINE 24 392 241727459787200 2147400
LATENCY 2176900
TIMELINE 24 408 241727494151100 2176900
LATENCY 2176200
TIMELINE 24 424 241727530527900 2176200
LATENCY 2196100
TIMELINE 24 440 241727565727400 2196100
LATENCY 2267700
TIMELINE 24 456 241727601530000 2267700
LATENCY 2131700
TIMELINE 24 472 241727636062700 2131700
LATENCY 2115600
TIMELINE 24 488 241727671901300 2115600
LATENCY 2298900
TIMELINE 24 504 241727713748000 2298900
LATENCY 2134600
TIMELINE 24 520 241727749072400 2134600
LATENCY 2251600
TIMELINE 24 536 241727788947800 2251600
LATENCY 2170800
TIMELINE 24 552 241727824185800 2170800
LATENCY 2215700
TIMELINE 24 568 241727858340100 2215700
LATENCY 2867700
TIMELINE 24 584 241727892880200 2867700
LATENCY 2185800
TIMELINE 24 600 241727928453500 2185800
LATENCY 2180400
TIMELINE 24 616 241727963379800 2180400
LATENCY 2177500
TIMELINE 24 632 241728006228700 2177500
LATENCY 2129700
TIMELINE 24 648 241728040234800 2129700
LATENCY 2194700
TIMELINE 24 664 241728074966900 2194700
LATENCY 2143200
TIMELINE 24 680 241728109234000 2143200
LATENCY 2107200
TIMELINE 24 696 241728143975100 2107200
LATENCY 1929200
TIMELINE 24 712 241728177900300 1929200
LATENCY 2172900
TIMELINE 24 728 241728213334000 2172900
LATENCY 2325500
TIMELINE 24 744 241728255857500 2325500
LATENCY 2272200
TIMELINE 24 760 241728292025500 2272200
LATENCY 2252500
TIMELINE 24 776 241728328219900 2252500
LATENCY 2248500
TIMELINE 24 792 241728363283200 2248500
LATENCY 2150700
TIMELINE 24 808 241728398914600 2150700
LATENCY 2256200
TIMELINE 24 824 241728433634900 2256200
LATENCY 2092600
TIMELINE 24 840 241728468749600 2092600
LATENCY 2336800
TIMELINE 24 856 241728504599300 2336800
LATENCY 2129800
TIMELINE 24 872 241728546701800 2129800
LATENCY 2238800
TIMELINE 24 888 241728581972500 2238800
LATENCY 2164300
TIMELINE 24 904 241728617094900 2164300
LATENCY 2194800
TIMELINE 24 920 241728651953900 2194800
LATENCY 2195900
TIMELINE 24 936 241728687644900 2195900
LATENCY 2199500
TIMELINE 24 952 241728722377800 2199500
LATENCY 2180200
TIMELINE 24 968 241728759161000 2180200
LATENCY 2155000
TIMELINE 24 984 241728801685100 2155000
LATENCY 2117600
TIMELINE 24 1000 241728836199200 2117600
LATENCY 2159100
TIMELINE 24 1016 241728870530000 2159100
LATENCY 2169300
TIMELINE 24 1032 241728905348800 2169300
LATENCY 2137000
TIMELINE 24 1048 241728940266400 2137000
LATENCY 2125000
TIMELINE 24 1064 241728974646800 2125000
LATENCY 2378200
TIMELINE 24 1080 241729009629200 2378200
LATENCY 2367000
TIMELINE 24 1096 241729046439100 2367000
LATENCY 2132300
TIMELINE 24 1112 241729086648800 2132300
LATENCY 2149300
TIMELINE 24 1128 241729122773500 2149300
LATENCY 2172000
TIMELINE 24 1144 241729157509500 2172000
LATENCY 2198400
TIMELINE 24 1160 241729192819000 2198400
LATENCY 2214500
TIMELINE 24 1176 241729228800900 2214500
LATENCY 2199800
TIMELINE 24 1192 241729263337100 2199800
LATENCY 2232300
TIMELINE 24 1208 241729299241800 2232300
LATENCY 2271400
TIMELINE 24 1224 241729342665300 2271400
LATENCY 2181000
TIMELINE 24 1240 241729377990700 2181000
LATENCY 2151900
TIMELINE 24 1256 241729412511000 2151900
LATENCY 2338700
TIMELINE 24 1272 241729449803500 2338700
LATENCY 2629500
TIMELINE 24 1288 241729492325000 2629500
LATENCY 2940400
TIMELINE 24 1304 241729536031500 2940400
LATENCY 3758000
TIMELINE 24 1320 241729581328000 3758000
LATENCY 2716400
TIMELINE 24 1336 241729627296000 2716400
LATENCY 2759900
TIMELINE 24 1352 241729676701700 2759900
LATENCY 2764900
TIMELINE 24 1368 241729719904000 2764900
LATENCY 2832300
TIMELINE 24 1384 241729766010200 2832300
LATENCY 5788900
TIMELINE 24 1400 241729812217900 5788900
LATENCY 2664900
TIMELINE 24 1416 241729857583200 2664900
LATENCY 2725700
TIMELINE 24 1432 241729900669200 2725700
LATENCY 6306300
TIMELINE 24 1448 241729945750500 6306300
LATENCY 2564500
TIMELINE 24 1464 241730000754400 2564500
LATENCY 3042300
TIMELINE 24 1480 241730043487000 3042300
LATENCY 2700200
TIMELINE 24 1496 241730088993100 2700200
LATENCY 2595900
TIMELINE 24 1512 241730132747700 2595900
LATENCY 2684000
TIMELINE 24 1528 241730175143700 2684000
LATENCY 2811700
TIMELINE 24 1544 241730222111600 2811700
LATENCY 2599000
TIMELINE 24 1560 241730268713200 2599000
LATENCY 3058400
TIMELINE 24 1576 241730311779200 3058400
LATENCY 2718300
TIMELINE 24 1592 241730361120500 2718300
LATENCY 2638700
TIMELINE 24 1608 241730403452500 2638700
LATENCY 2761500
TIMELINE 24 1624 241730447031700 2761500
LATENCY 2813300
TIMELINE 24 1640 241730492033800 2813300
LATENCY 2603800
TIMELINE 24 1656 241730535589300 2603800
LATENCY 2665500
TIMELINE 24 1672 241730579434200 2665500
LATENCY 2606700
TIMELINE 24 1688 241730622016100 2606700
LATENCY 3076400
TIMELINE 24 1704 241730671338300 3076400
LATENCY 2848200
TIMELINE 24 1720 241730719851200 2848200
LATENCY 2818200
TIMELINE 24 1736 241730766403500 2818200
LATENCY 4567000
TIMELINE 24 1752 241730811484100 4567000
LATENCY 2949900
TIMELINE 24 1768 241730858958600 2949900
LATENCY 2864800
TIMELINE 24 1784 241730902375800 2864800
LATENCY 2620400
TIMELINE 24 1800 241730947774300 2620400
LATENCY 3041400
TIMELINE 24 1816 241730994890100 3041400
LATENCY 3052000
TIMELINE 24 1832 241731048416500 3052000
LATENCY 2826300
TIMELINE 24 1848 241731093147700 2826300
LATENCY 2755000
TIMELINE 24 1864 241731138652200 2755000
LATENCY 2710400
TIMELINE 24 1880 241731181150300 2710400
LATENCY 2620800
TIMELINE 24 1896 241731223377400 2620800
LATENCY 2840900
TIMELINE 24 1912 241731266329700 2840900
LATENCY 3277100
TIMELINE 24 1928 241731310656000 3277100
LATENCY 2710700
TIMELINE 24 1944 241731361399300 2710700
LATENCY 2707000
TIMELINE 24 1960 241731404353100 2707000
LATENCY 2746400
TIMELINE 24 1976 241731447970700 2746400
LATENCY 3093900
TIMELINE 24 1992 241731496324800 3093900
LATENCY 2891300
TIMELINE 24 2008 241731544370500 2891300
LATENCY 2905400
TIMELINE 24 2024 241731588252100 2905400
LATENCY 2970000
TIMELINE 24 2040 241731631939200 2970000
LATENCY 2954800
TIMELINE 25 9 241726548426100 2954800
LATENCY 2212400
TIMELINE 25 25 241726588094800 2212400
LATENCY 2516500
TIMELINE 25 41 241726625643800 2516500
LATENCY 2262700
TIMELINE 25 57 241726667490000 2262700
LATENCY 2323800
TIMELINE 25 73 241726706178500 2323800
LATENCY 2590600
TIMELINE 25 89 241726744154200 2590600
LATENCY 3378100
TIMELINE 25 105 241726796636000 3378100
LATENCY 2428500
TIMELINE 25 121 241726836352700 2428500
LATENCY 2190300
TIMELINE 25 137 241726873401000 2190300
LATENCY 2426300
TIMELINE 25 153 241726909870000 2426300
LATENCY 2219600
TIMELINE 25 169 241726946997100 2219600
LATENCY 2171400
TIMELINE 25 185 241726983528300 2171400
LATENCY 2304200
TIMELINE 25 201 241727019806100 2304200
LATENCY 2122800
TIMELINE 25 217 241727055767000 2122800
LATENCY 2055700
TIMELINE 25 233 241727091232400 2055700
LATENCY 2040500
TIMELINE 25 249 241727131104500 2040500
LATENCY 2315900
TIMELINE 25 265 241727165459800 2315900
LATENCY 2189100
TIMELINE 25 281 241727200874400 2189100
LATENCY 2101000
TIMELINE 25 297 241727236448100 2101000
LATENCY 2075600
TIMELINE 25 313 241727270605500 2075600
LATENCY 2157100
TIMELINE 25 329 241727303974400 2157100
LATENCY 2246900
TIMELINE 25 345 241727340620400 2246900
LATENCY 2376400
TIMELINE 25 361 241727378937400 2376400
LATENCY 2370000
TIMELINE 25 377 241727422138100 2370000
LATENCY 2141900
TIMELINE 25 393 241727459513500 2141900
LATENCY 2174500
TIMELINE 25 409 241727493885700 2174500
LATENCY 2192600
TIMELINE 25 425 241727529912600 2192600
LATENCY 2203600
TIMELINE 25 441 241727565057000 2203600
LATENCY 2280800
TIMELINE 25 457 241727601146400 2280800
LATENCY 2124100
TIMELINE 25 473 241727635688800 2124100
LATENCY 2109000
TIMELINE 25 489 241727671596600 2109000
LATENCY 2301800
TIMELINE 25 505 241727713421500 2301800
LATENCY 2172200
TIMELINE 25 521 241727748757500 2172200
LATENCY 2283300
TIMELINE 25 537 241727788503900 2283300
LATENCY 2167200
TIMELINE 25 553 241727823835500 2167200
LATENCY 2209500
TIMELINE 25 569 241727857964100 2209500
LATENCY 2901300
TIMELINE 25 585 241727892317300 2901300
LATENCY 2178100
TIMELINE 25 601 241727927947600 2178100
LATENCY 2184400
TIMELINE 25 617 241727962870600 2184400
LATENCY 2155400
TIMELINE 25 633 241728005768400 2155400
LATENCY 2161900
TIMELINE 25 649 241728039721800 2161900
LATENCY 2177700
TIMELINE 25 665 241728074435200 2177700
LATENCY 2124500
TIMELINE 25 681 241728108614500 2124500
LATENCY 2103000
TIMELINE 25 697 241728143338000 2103000
LATENCY 2011900
TIMELINE 25 713 241728177268200 2011900
LATENCY 2209800
TIMELINE 25 729 241728214633700 2209800
LATENCY 2276100
TIMELINE 25 745 241728257448700 2276100
LATENCY 2502000
TIMELINE 25 761 241728293586900 2502000
LATENCY 2238600
TIMELINE 25 777 241728329840100 2238600
LATENCY 2344800
TIMELINE 25 793 241728364842800 2344800
LATENCY 2118900
TIMELINE 25 809 241728400400600 2118900
LATENCY 2296300
TIMELINE 25 825 241728435137800 2296300
LATENCY 2118400
TIMELINE 25 841 241728470130200 2118400
LATENCY 2179000
TIMELINE 25 857 241728506219400 2179000
LATENCY 2106400
TIMELINE 25 873 241728548143700 2106400
LATENCY 2267300
TIMELINE 25 889 241728583514600 2267300
LATENCY 2166700
TIMELINE 25 905 241728618590800 2166700
LATENCY 2151000
TIMELINE 25 921 241728653435600 2151000
LATENCY 2176900
TIMELINE 25 937 241728689022600 2176900
LATENCY 2152700
TIMELINE 25 953 241728723899800 2152700
LATENCY 2232300
TIMELINE 25 969 241728760540200 2232300
LATENCY 2181700
TIMELINE 25 985 241728803029300 2181700
LATENCY 2158900
TIMELINE 25 1001 241728837489500 2158900
LATENCY 2156000
TIMELINE 25 1017 241728871867600 2156000
LATENCY 2230800
TIMELINE 25 1033 241728906603700 2230800
LATENCY 2143000
TIMELINE 25 1049 241728941473900 2143000
LATENCY 2103900
TIMELINE 25 1065 241728975850000 2103900
LATENCY 2571300
TIMELINE 25 1081 241729011032700 2571300
LATENCY 2275700
TIMELINE 25 1097 241729047924900 2275700
LATENCY 2206000
TIMELINE 25 1113 241729087921900 2206000
LATENCY 2171800
TIMELINE 25 1129 241729123908200 2171800
LATENCY 2193000
TIMELINE 25 1145 241729158679200 2193000
LATENCY 2153000
TIMELINE 25 1161 241729194302000 2153000
LATENCY 2175200
TIMELINE 25 1177 241729230300000 2175200
LATENCY 2209400
TIMELINE 25 1193 241729264843600 2209400
LATENCY 2280100
TIMELINE 25 1209 241729300786700 2280100
LATENCY 2340300
TIMELINE 25 1225 241729344265600 2340300
LATENCY 2165100
TIMELINE 25 1241 241729379633500 2165100
LATENCY 2110700
TIMELINE 25 1257 241729414155300 2110700
LATENCY 2230800
TIMELINE 25 1273 241729451608200 2230800
LATENCY 2625600
TIMELINE 25 1289 241729494386200 2625600
LATENCY 2941500
TIMELINE 25 1305 241729538373700 2941500
LATENCY 2882500
TIMELINE 25 1321 241729584422100 2882500
LATENCY 2708900
TIMELINE 25 1337 241729629437900 2708900
LATENCY 2676200
TIMELINE 25 1353 241729678859400 2676200
LATENCY 2725800
TIMELINE 25 1369 241729722088800 2725800
LATENCY 2871500
TIMELINE 25 1385 241729768253300 2871500
LATENCY 3013600
TIMELINE 25 1401 241729817034300 3013600
LATENCY 2614700
TIMELINE 25 1417 241729859701400 2614700
LATENCY 2891300
TIMELINE 25 1433 241729902816500 2891300
LATENCY 4838600
TIMELINE 25 1449 241729950819100 4838600
LATENCY 2664400
TIMELINE 25 1465 241730002757600 2664400
LATENCY 3045700
TIMELINE 25 1481 241730045876300 3045700
LATENCY 2704900
TIMELINE 25 1497 241730091027600 2704900
LATENCY 2612600
TIMELINE 25 1513 241730134740000 2612600
LATENCY 2745300
TIMELINE 25 1529 241730177205700 2745300
LATENCY 2764800
TIMELINE 25 1545 241730224356000 2764800
LATENCY 2601800
TIMELINE 25 1561 241730270730800 2601800
LATENCY 2839600
TIMELINE 25 1577 241730314172300 2839600
LATENCY 2767500
TIMELINE 25 1593 241730363198600 2767500
LATENCY 2640200
TIMELINE 25 1609 241730405473600 2640200
LATENCY 2788200
TIMELINE 25 1625 241730449258300 2788200
LATENCY 2833700
TIMELINE 25 1641 241730494326600 2833700
LATENCY 2771900
TIMELINE 25 1657 241730537719300 2771900
LATENCY 2657300
TIMELINE 25 1673 241730581575300 2657300
LATENCY 2607400
TIMELINE 25 1689 241730624093700 2607400
LATENCY 3098900
TIMELINE 25 1705 241730673896300 3098900
LATENCY 2813800
TIMELINE 25 1721 241730722263300 2813800
LATENCY 2791000
TIMELINE 25 1737 241730768798200 2791000
LATENCY 5349100
TIMELINE 25 1753 241730814820300 5349100
LATENCY 2736800
TIMELINE 25 1769 241730861468000 2736800
LATENCY 2733300
TIMELINE 25 1785 241730904809800 2733300
LATENCY 2937200
TIMELINE 25 1801 241730949974500 2937200
LATENCY 7589500
TIMELINE 25 1817 241730997480000 7589500
LATENCY 2864300
TIMELINE 25 1833 241731050017200 2864300
LATENCY 2803100
TIMELINE 25 1849 241731094587400 2803100
LATENCY 2767000
TIMELINE 25 1865 241731140080900 2767000
LATENCY 2781500
TIMELINE 25 1881 241731182499800 2781500
LATENCY 2598000
TIMELINE 25 1897 241731224741000 2598000
LATENCY 2898400
TIMELINE 25 1913 241731267740800 2898400
LATENCY 3384500
TIMELINE 25 1929 241731312185900 3384500
LATENCY 2705200
TIMELINE 25 1945 241731362847200 2705200
LATENCY 2698600
TIMELINE 25 1961 241731405759900 2698600
LATENCY 2746100
TIMELINE 25 1977 241731449340400 2746100
LATENCY 3073500
TIMELINE 25 1993 241731497956200 3073500
LATENCY 2842600
TIMELINE 25 2009 241731545372700 2842600
LATENCY 2735500
TIMELINE 25 2025 241731589377100 2735500
LATENCY 2952900
TIMELINE 25 2041 241731632930500 2952900
LATENCY 2985000
TIMELINE 26 10 241726551593200 2985000
LATENCY 2315000
TIMELINE 26 26 241726590399400 2315000
LATENCY 3536300
TIMELINE 26 42 241726628401300 3536300
LATENCY 2230000
TIMELINE 26 58 241726669904700 2230000
LATENCY 2447300
TIMELINE 26 74 241726708833900 2447300
LATENCY 2573800
TIMELINE 26 90 241726747114200 2573800
LATENCY 2412600
TIMELINE 26 106 241726800240200 2412600
LATENCY 2538000
TIMELINE 26 122 241726839094300 2538000
LATENCY 2274100
TIMELINE 26 138 241726876007900 2274100
LATENCY 2284600
TIMELINE 26 154 241726912766900 2284600
LATENCY 2218300
TIMELINE 26 170 241726949689600 2218300
LATENCY 2357900
TIMELINE 26 186 241726988826000 2357900
LATENCY 2197400
TIMELINE 26 202 241727025234000 2197400
LATENCY 2343000
TIMELINE 26 218 241727061099400 2343000
LATENCY 8306800
TIMELINE 26 234 241727096404800 8306800
LATENCY 2060500
TIMELINE 26 250 241727136248900 2060500
LATENCY 2176400
TIMELINE 26 266 241727171149500 2176400
LATENCY 2248000
TIMELINE 26 282 241727206320200 2248000
LATENCY 2322400
TIMELINE 26 298 241727241730300 2322400
LATENCY 2131000
TIMELINE 26 314 241727275778800 2131000
LATENCY 2194200
TIMELINE 26 330 241727309324000 2194200
LATENCY 2216300
TIMELINE 26 346 241727346197700 2216300
LATENCY 2347200
TIMELINE 26 362 241727385480800 2347200
LATENCY 2314600
TIMELINE 26 378 241727428435200 2314600
LATENCY 2165100
TIMELINE 26 394 241727465472500 2165100
LATENCY 2350700
TIMELINE 26 410 241727500058300 2350700
LATENCY 2175300
TIMELINE 26 426 241727535988000 2175300
LATENCY 2328500
TIMELINE 26 442 241727571124600 2328500
LATENCY 2189100
TIMELINE 26 458 241727607241700 2189100
LATENCY 2184900
TIMELINE 26 474 241727641485800 2184900
LATENCY 2123400
TIMELINE 26 490 241727677326600 2123400
LATENCY 2157300
TIMELINE 26 506 241727719510800 2157300
LATENCY 2246300
TIMELINE 26 522 241727754617300 2246300
LATENCY 2230600
TIMELINE 26 538 241727794527800 2230600
LATENCY 2174100
TIMELINE 26 554 241727829543400 2174100
LATENCY 2147800
TIMELINE 26 570 241727863712200 2147800
LATENCY 2226800
TIMELINE 26 586 241727898993200 2226800
LATENCY 2177600
TIMELINE 26 602 241727933831800 2177600
LATENCY 2683700
TIMELINE 26 618 241727975866500 2683700
LATENCY 2073000
TIMELINE 26 634 241728011365700 2073000
LATENCY 2114100
TIMELINE 26 650 241728045108800 2114100
LATENCY 2133500
TIMELINE 26 666 241728080086700 2133500
LATENCY 2102000
TIMELINE 26 682 241728114145000 2102000
LATENCY 2093100
TIMELINE 26 698 241728148693600 2093100
LATENCY 2361300
TIMELINE 26 714 241728182607300 2361300
LATENCY 2194000
TIMELINE 26 730 241728218874900 2194000
LATENCY 2190000
TIMELINE 26 746 241728261568100 2190000
LATENCY 2147900
TIMELINE 26 762 241728297868200 2147900
LATENCY 2135600
TIMELINE 26 778 241728333753100 2135600
LATENCY 2230400
TIMELINE 26 794 241728369015800 2230400
LATENCY 2135700
TIMELINE 26 810 241728404231100 2135700
LATENCY 2225500
TIMELINE 26 826 241728439200000 2225500
LATENCY 2407900
TIMELINE 26 842 241728474118300 2407900
LATENCY 2160100
TIMELINE 26 858 241728510230600 2160100
LATENCY 2241900
TIMELINE 26 874 241728552263100 2241900
LATENCY 2112900
TIMELINE 26 890 241728587514000 2112900
LATENCY 2141600
TIMELINE 26 906 241728622180000 2141600
LATENCY 2153700
TIMELINE 26 922 241728657051000 2153700
LATENCY 2141000
TIMELINE 26 938 241728692734100 2141000
LATENCY 2350500
TIMELINE 26 954 241728727841400 2350500
LATENCY 2151500
TIMELINE 26 970 241728764332200 2151500
LATENCY 2157900
TIMELINE 26 986 241728806793000 2157900
LATENCY 2103000
TIMELINE 26 1002 241728841175100 2103000
LATENCY 2135500
TIMELINE 26 1018 241728875512500 2135500
LATENCY 2149100
TIMELINE 26 1034 241728910363900 2149100
LATENCY 2162500
TIMELINE 26 1050 241728945206800 2162500
LATENCY 2152300
TIMELINE 26 1066 241728979579400 2152300
LATENCY 2507900
TIMELINE 26 1082 241729015488200 2507900
LATENCY 2154500
TIMELINE 26 1098 241729052011000 2154500
LATENCY 2165700
TIMELINE 26 1114 241729091906100 2165700
LATENCY 2173300
TIMELINE 26 1130 241729127824200 2173300
LATENCY 2141400
TIMELINE 26 1146 241729162580600 2141400
LATENCY 2158500
TIMELINE 26 1162 241729198026200 2158500
LATENCY 2121100
TIMELINE 26 1178 241729234069100 2121100
LATENCY 2185900
TIMELINE 26 1194 241729268743700 2185900
LATENCY 2271300
TIMELINE 26 1210 241729304754200 2271300
LATENCY 2252600
TIMELINE 26 1226 241729348309300 2252600
LATENCY 2132700
TIMELINE 26 1242 241729383328900 2132700
LATENCY 2157300
TIMELINE 26 1258 241729417797700 2157300
LATENCY 2853800
TIMELINE 26 1274 241729456266200 2853800
LATENCY 2498400
TIMELINE 26 1290 241729499109000 2498400
LATENCY 2968100
TIMELINE 26 1306 241729543610900 2968100
LATENCY 2722300
TIMELINE 26 1322 241729589538300 2722300
LATENCY 7473400
TIMELINE 26 1338 241729634236000 7473400
LATENCY 2794900
TIMELINE 26 1354 241729683684300 2794900
LATENCY 2754300
TIMELINE 26 1370 241729726950600 2754300
LATENCY 2924900
TIMELINE 26 1386 241729773346200 2924900
LATENCY 2648200
TIMELINE 26 1402 241729822087600 2648200
LATENCY 2892200
TIMELINE 26 1418 241729864414500 2892200
LATENCY 2612400
TIMELINE 26 1434 241729907925300 2612400
LATENCY 2840000
TIMELINE 26 1450 241729957757500 2840000
LATENCY 2729500
TIMELINE 26 1466 241730007488100 2729500
LATENCY 2933100
TIMELINE 26 1482 241730051278500 2933100
LATENCY 2640700
TIMELINE 26 1498 241730095793700 2640700
LATENCY 2598100
TIMELINE 26 1514 241730139335500 2598100
LATENCY 2659800
TIMELINE 26 1530 241730181962900 2659800
LATENCY 2792800
TIMELINE 26 1546 241730229288700 2792800
LATENCY 2999800
TIMELINE 26 1562 241730275668800 2999800
LATENCY 3017600
TIMELINE 26 1578 241730324247100 3017600
LATENCY 2678300
TIMELINE 26 1594 241730368170400 2678300
LATENCY 2616100
TIMELINE 26 1610 241730410129400 2616100
LATENCY 2791300
TIMELINE 26 1626 241730454200000 2791300
LATENCY 2736500
TIMELINE 26 1642 241730499260400 2736500
LATENCY 2594500
TIMELINE 26 1658 241730542514200 2594500
LATENCY 2668500
TIMELINE 26 1674 241730586206100 2668500
LATENCY 2574900
TIMELINE 26 1690 241730628710900 2574900
LATENCY 2925500
TIMELINE 26 1706 241730679280800 2925500
LATENCY 2830100
TIMELINE 26 1722 241730727147900 2830100
LATENCY 2763600
TIMELINE 26 1738 241730773688800 2763600
LATENCY 2731400
TIMELINE 26 1754 241730822308200 2731400
LATENCY 2689900
TIMELINE 26 1770 241730866223100 2689900
LATENCY 2708100
TIMELINE 26 1786 241730909645900 2708100
LATENCY 3120600
TIMELINE 26 1802 241730955089800 3120600
LATENCY 2798800
TIMELINE 26 1818 241731007576700 2798800
LATENCY 2713600
TIMELINE 26 1834 241731055841400 2713600
LATENCY 2730800
TIMELINE 26 1850 241731100435800 2730800
LATENCY 2728700
TIMELINE 26 1866 241731145947200 2728700
LATENCY 2852500
TIMELINE 26 1882 241731188373700 2852500
LATENCY 2576100
TIMELINE 26 1898 241731230266000 2576100
LATENCY 2743600
TIMELINE 26 1914 241731273810300 2743600
LATENCY 2685700
TIMELINE 26 1930 241731318858500 2685700
LATENCY 2725000
TIMELINE 26 1946 241731368485000 2725000
LATENCY 2763000
TIMELINE 26 1962 241731411603300 2763000
LATENCY 2734200
TIMELINE 26 1978 241731455227000 2734200
LATENCY 3324600
TIMELINE 26 1994 241731504524300 3324600
LATENCY 2661000
TIMELINE 26 2010 241731551219500 2661000
LATENCY 2763600
TIMELINE 26 2026 241731595170600 2763600
LATENCY 2746700
TIMELINE 26 2042 241731639046800 2746700
LATENCY 2412100
TIMELINE 27 11 241726554514400 2412100
LATENCY 2482000
TIMELINE 27 27 241726592754300 2482000
LATENCY 3646200
TIMELINE 27 43 241726631740500 3646200
LATENCY 2566600
TIMELINE 27 59 241726672034900 2566600
LATENCY 2485600
TIMELINE 27 75 241726711105900 2485600
LATENCY 2553700
TIMELINE 27 91 241726749500400 2553700
LATENCY 2458300
TIMELINE 27 107 241726802511700 2458300
LATENCY 2509000
TIMELINE 27 123 241726841440300 2509000
LATENCY 2455500
TIMELINE 27 139 241726878219400 2455500
LATENCY 2483600
TIMELINE 27 155 241726915020200 2483600
LATENCY 2281100
TIMELINE 27 171 241726951809100 2281100
LATENCY 2591000
TIMELINE 27 187 241726991128700 2591000
LATENCY 2204200
TIMELINE 27 203 241727027794300 2204200
LATENCY 2271100
TIMELINE 27 219 241727063348800 2271100
LATENCY 2181900
TIMELINE 27 235 241727104535400 2181900
LATENCY 2173300
TIMELINE 27 251 241727138149900 2173300
LATENCY 2174900
TIMELINE 27 267 241727173096900 2174900
LATENCY 2212300
TIMELINE 27 283 241727208323300 2212300
LATENCY 2325200
TIMELINE 27 299 241727243768500 2325200
LATENCY 2141600
TIMELINE 27 315 241727277681300 2141600
LATENCY 2529000
TIMELINE 27 331 241727311253300 2529000
LATENCY 2202800
TIMELINE 27 347 241727347874800 2202800
LATENCY 2328700
TIMELINE 27 363 241727384616500 2328700
LATENCY 2334500
TIMELINE 27 379 241727427598400 2334500
LATENCY 2153600
TIMELINE 27 395 241727464612000 2153600
LATENCY 2257500
TIMELINE 27 411 241727499071200 2257500
LATENCY 2152100
TIMELINE 27 427 241727534951100 2152100
LATENCY 2186800
TIMELINE 27 443 241727569774400 2186800
LATENCY 2193300
TIMELINE 27 459 241727605829700 2193300
LATENCY 2127700
TIMELINE 27 475 241727640105700 2127700
LATENCY 2176000
TIMELINE 27 491 241727676071200 2176000
LATENCY 2195100
TIMELINE 27 507 241727718341100 2195100
LATENCY 2183900
TIMELINE 27 523 241727753454400 2183900
LATENCY 2202500
TIMELINE 27 539 241727793078600 2202500
LATENCY 2188800
TIMELINE 27 555 241727828123600 2188800
LATENCY 2129700
TIMELINE 27 571 241727862320800 2129700
LATENCY 2179700
TIMELINE 27 587 241727897469700 2179700
LATENCY 2165400
TIMELINE 27 603 241727932276000 2165400
LATENCY 9493200
TIMELINE 27 619 241727967231500 9493200
LATENCY 2062100
TIMELINE 27 635 241728010009900 2062100
LATENCY 2119700
TIMELINE 27 651 241728043938200 2119700
LATENCY 2277400
TIMELINE 27 667 241728078863000 2277400
LATENCY 2079600
TIMELINE 27 683 241728113081300 2079600
LATENCY 2099900
TIMELINE 27 699 241728147699800 2099900
LATENCY 2393800
TIMELINE 27 715 241728181641300 2393800
LATENCY 2183100
TIMELINE 27 731 241728218032200 2183100
LATENCY 2157900
TIMELINE 27 747 241728260812500 2157900
LATENCY 2148700
TIMELINE 27 763 241728297036300 2148700
LATENCY 2132900
TIMELINE 27 779 241728333002300 2132900
LATENCY 2320900
TIMELINE 27 795 241728367984900 2320900
LATENCY 2134800
TIMELINE 27 811 241728403317900 2134800
LATENCY 2163300
TIMELINE 27 827 241728438254300 2163300
LATENCY 2363700
TIMELINE 27 843 241728473068000 2363700
LATENCY 2212700
TIMELINE 27 859 241728509181100 2212700
LATENCY 2289800
TIMELINE 27 875 241728551103300 2289800
LATENCY 2109100
TIMELINE 27 891 241728586490000 2109100
LATENCY 2119000
TIMELINE 27 907 241728621508200 2119000
LATENCY 2153000
TIMELINE 27 923 241728656372200 2153000
LATENCY 2127500
TIMELINE 27 939 241728691961600 2127500
LATENCY 2395400
TIMELINE 27 955 241728726922800 2395400
LATENCY 2132400
TIMELINE 27 971 241728763566300 2132400
LATENCY 2157700
TIMELINE 27 987 241728806044300 2157700
LATENCY 2122500
TIMELINE 27 1003 241728840461500 2122500
LATENCY 2138300
TIMELINE 27 1019 241728874814700 2138300
LATENCY 2187500
TIMELINE 27 1035 241728909538100 2187500
LATENCY 2150200
TIMELINE 27 1051 241728944376400 2150200
LATENCY 2153100
TIMELINE 27 1067 241728978745100 2153100
LATENCY 2556400
TIMELINE 27 1083 241729014442200 2556400
LATENCY 2178500
TIMELINE 27 1099 241729051008000 2178500
LATENCY 2159900
TIMELINE 27 1115 241729090926100 2159900
LATENCY 2153600
TIMELINE 27 1131 241729126825600 2153600
LATENCY 2139000
TIMELINE 27 1147 241729161584100 2139000
LATENCY 2175700
TIMELINE 27 1163 241729196903400 2175700
LATENCY 2138100
TIMELINE 27 1179 241729232917500 2138100
LATENCY 2241700
TIMELINE 27 1195 241729267466500 2241700
LATENCY 2190000
TIMELINE 27 1211 241729303682000 2190000
LATENCY 2369700
TIMELINE 27 1227 241729347094900 2369700
LATENCY 2141900
TIMELINE 27 1243 241729382296100 2141900
LATENCY 2164300
TIMELINE 27 1259 241729416753800 2164300
LATENCY 2999000
TIMELINE 27 1275 241729454429600 2999000
LATENCY 2699400
TIMELINE 27 1291 241729497495500 2699400
LATENCY 2953700
TIMELINE 27 1307 241729541843600 2953700
LATENCY 2819300
TIMELINE 27 1323 241729587817300 2819300
LATENCY 2682600
TIMELINE 27 1339 241729632628200 2682600
LATENCY 2795400
TIMELINE 27 1355 241729681985700 2795400
LATENCY 2729100
TIMELINE 27 1371 241729725280000 2729100
LATENCY 2835500
TIMELINE 27 1387 241729771616400 2835500
LATENCY 2609600
TIMELINE 27 1403 241729820506000 2609600
LATENCY 2741100
TIMELINE 27 1419 241729862812900 2741100
LATENCY 2714500
TIMELINE 27 1435 241729906172500 2714500
LATENCY 2874300
TIMELINE 27 1451 241729956073300 2874300
LATENCY 2803600
TIMELINE 27 1467 241730005826400 2803600
LATENCY 3027900
TIMELINE 27 1483 241730049352300 3027900
LATENCY 2693300
TIMELINE 27 1499 241730094182000 2693300
LATENCY 2573400
TIMELINE 27 1515 241730137810600 2573400
LATENCY 2654800
TIMELINE 27 1531 241730180457600 2654800
LATENCY 2748000
TIMELINE 27 1547 241730227707200 2748000
LATENCY 3009800
TIMELINE 27 1563 241730274007600 3009800
LATENCY 7882400
TIMELINE 27 1579 241730317622200 7882400
LATENCY 2684600
TIMELINE 27 1595 241730366567100 2684600
LATENCY 2575300
TIMELINE 27 1611 241730408627900 2575300
LATENCY 2793200
TIMELINE 27 1627 241730452675700 2793200
LATENCY 2766700
TIMELINE 27 1643 241730497743000 2766700
LATENCY 2571500
TIMELINE 27 1659 241730541144100 2571500
LATENCY 2555000
TIMELINE 27 1675 241730584845200 2555000
LATENCY 2564400
TIMELINE 27 1691 241730627291200 2564400
LATENCY 3077900
TIMELINE 27 1707 241730677569200 3077900
LATENCY 2815300
TIMELINE 27 1723 241730725543700 2815300
LATENCY 2812200
TIMELINE 27 1739 241730772065800 2812200
LATENCY 2761000
TIMELINE 27 1755 241730820632700 2761000
LATENCY 2673000
TIMELINE 27 1771 241730864659500 2673000
LATENCY 2746900
TIMELINE 27 1787 241730908087100 2746900
LATENCY 2965100
TIMELINE 27 1803 241730953436000 2965100
LATENCY 3050300
TIMELINE 27 1819 241731005596300 3050300
LATENCY 2671100
TIMELINE 27 1835 241731053785700 2671100
LATENCY 2760300
TIMELINE 27 1851 241731098323800 2760300
LATENCY 2725900
TIMELINE 27 1867 241731143770000 2725900
LATENCY 2700700
TIMELINE 27 1883 241731186205600 2700700
LATENCY 2568000
TIMELINE 27 1899 241731228216100 2568000
LATENCY 2805800
TIMELINE 27 1915 241731271566800 2805800
LATENCY 2816300
TIMELINE 27 1931 241731316587000 2816300
LATENCY 2722000
TIMELINE 27 1947 241731366375900 2722000
LATENCY 2889300
TIMELINE 27 1963 241731409328400 2889300
LATENCY 2721500
TIMELINE 27 1979 241731453061700 2721500
LATENCY 3300700
TIMELINE 27 1995 241731502004600 3300700
LATENCY 2643600
TIMELINE 27 2011 241731549030900 2643600
LATENCY 2725400
TIMELINE 27 2027 241731593020600 2725400
LATENCY 2723900
TIMELINE 27 2043 241731636882000 2723900
LATENCY 2577900
TIMELINE 28 12 241726557036600 2577900
LATENCY 2471200
TIMELINE 28 28 241726595314800 2471200
LATENCY 3902600
TIMELINE 28 44 241726635494200 3902600
LATENCY 2457700
TIMELINE 28 60 241726674636700 2457700
LATENCY 2361800
TIMELINE 28 76 241726713500000 2361800
LATENCY 2504500
TIMELINE 28 92 241726751985900 2504500
LATENCY 2325400
TIMELINE 28 108 241726804847700 2325400
LATENCY 2383000
TIMELINE 28 124 241726843889500 2383000
LATENCY 2263600
TIMELINE 28 140 241726880321000 2263600
LATENCY 2508400
TIMELINE 28 156 241726917173600 2508400
LATENCY 2310000
TIMELINE 28 172 241726953866500 2310000
LATENCY 2332200
TIMELINE 28 188 241726993245300 2332200
LATENCY 2159800
TIMELINE 28 204 241727029070900 2159800
LATENCY 2192300
TIMELINE 28 220 241727064620200 2192300
LATENCY 2091500
TIMELINE 28 236 241727105931300 2091500
LATENCY 2203400
TIMELINE 28 252 241727139422900 2203400
LATENCY 2138800
TIMELINE 28 268 241727174560600 2138800
LATENCY 2263100
TIMELINE 28 284 241727209791600 2263100
LATENCY 2147000
TIMELINE 28 300 241727245375300 2147000
LATENCY 2152700
TIMELINE 28 316 241727279075200 2152700
LATENCY 2271100
TIMELINE 28 332 241727312995000 2271100
LATENCY 2206000
TIMELINE 28 348 241727349477400 2206000
LATENCY 2362900
TIMELINE 28 364 241727387021300 2362900
LATENCY 2765800
TIMELINE 28 380 241727430097400 2765800
LATENCY 2197600
TIMELINE 28 396 241727466948200 2197600
LATENCY 2168800
TIMELINE 28 412 241727501634300 2168800
LATENCY 2170400
TIMELINE 28 428 241727537376400 2170400
LATENCY 2264100
TIMELINE 28 444 241727572559600 2264100
LATENCY 2160700
TIMELINE 28 460 241727608503200 2160700
LATENCY 2171500
TIMELINE 28 476 241727642771600 2171500
LATENCY 2386500
TIMELINE 28 492 241727678564100 2386500
LATENCY 2177500
TIMELINE 28 508 241727720842500 2177500
LATENCY 2292200
TIMELINE 28 524 241727755988000 2292200
LATENCY 2256600
TIMELINE 28 540 241727796949900 2256600
LATENCY 2119300
TIMELINE 28 556 241727831835200 2119300
LATENCY 2146500
TIMELINE 28 572 241727865969200 2146500
LATENCY 2192500
TIMELINE 28 588 241727901335800 2192500
LATENCY 2197300
TIMELINE 28 604 241727936191200 2197300
LATENCY 2275200
TIMELINE 28 620 241727978763500 2275200
LATENCY 2047200
TIMELINE 28 636 241728013659500 2047200
LATENCY 2157500
TIMELINE 28 652 241728047729200 2157500
LATENCY 2138200
TIMELINE 28 668 241728082842900 2138200
LATENCY 2162700
TIMELINE 28 684 241728116866500 2162700
LATENCY 2145200
TIMELINE 28 700 241728151501900 2145200
LATENCY 2325000
TIMELINE 28 716 241728186236700 2325000
LATENCY 2258400
TIMELINE 28 732 241728222313800 2258400
LATENCY 2279600
TIMELINE 28 748 241728265005000 2279600
LATENCY 2164600
TIMELINE 28 764 241728301317000 2164600
LATENCY 2166600
TIMELINE 28 780 241728337290000 2166600
LATENCY 2228000
TIMELINE 28 796 241728372534100 2228000
LATENCY 2132700
TIMELINE 28 812 241728407666900 2132700
LATENCY 2353800
TIMELINE 28 828 241728442723800 2353800
LATENCY 2319100
TIMELINE 28 844 241728477955300 2319100
LATENCY 9459200
TIMELINE 28 860 241728513620200 9459200
LATENCY 2212000
TIMELINE 28 876 241728555704700 2212000
LATENCY 2198600
TIMELINE 28 892 241728590827200 2198600
LATENCY 2141000
TIMELINE 28 908 241728625847000 2141000
LATENCY 2234100
TIMELINE 28 924 241728660770300 2234100
LATENCY 2190900
TIMELINE 28 940 241728696547800 2190900
LATENCY 2310300
TIMELINE 28 956 241728731974700 2310300
LATENCY 2186100
TIMELINE 28 972 241728768147800 2186100
LATENCY 2183700
TIMELINE 28 988 241728810634700 2183700
LATENCY 2184200
TIMELINE 28 1004 241728844945200 2184200
LATENCY 2172000
TIMELINE 28 1020 241728879332200 2172000
LATENCY 2242100
TIMELINE 28 1036 241728914210200 2242100
LATENCY 2144300
TIMELINE 28 1052 241728949020200 2144300
LATENCY 2191500
TIMELINE 28 1068 241728983419800 2191500
LATENCY 2338500
TIMELINE 28 1084 241729019662000 2338500
LATENCY 2283700
TIMELINE 28 1100 241729060821400 2283700
LATENCY 2227400
TIMELINE 28 1116 241729095750800 2227400
LATENCY 2143800
TIMELINE 28 1132 241729131756900 2143800
LATENCY 2335900
TIMELINE 28 1148 241729166616400 2335900
LATENCY 2356300
TIMELINE 28 1164 241729202137400 2356300
LATENCY 2159000
TIMELINE 28 1180 241729237966200 2159000
LATENCY 2289100
TIMELINE 28 1196 241729272657900 2289100
LATENCY 2337800
TIMELINE 28 1212 241729308859600 2337800
LATENCY 2195000
TIMELINE 28 1228 241729352424100 2195000
LATENCY 2164800
TIMELINE 28 1244 241729387298400 2164800
LATENCY 2387100
TIMELINE 28 1260 241729421731400 2387100
LATENCY 2586300
TIMELINE 28 1276 241729461214400 2586300
LATENCY 2700700
TIMELINE 28 1292 241729503671200 2700700
LATENCY 2725500
TIMELINE 28 1308 241729548725800 2725500
LATENCY 3341400
TIMELINE 28 1324 241729594301800 3341400
LATENCY 3101300
TIMELINE 28 1340 241729644034900 3101300
LATENCY 2641100
TIMELINE 28 1356 241729688457800 2641100
LATENCY 2916100
TIMELINE 28 1372 241729731703200 2916100
LATENCY 2866000
TIMELINE 28 1388 241729778345300 2866000
LATENCY 2610500
TIMELINE 28 1404 241729826919800 2610500
LATENCY 2673100
TIMELINE 28 1420 241729869351900 2673100
LATENCY 2906500
TIMELINE 28 1436 241729913129700 2906500
LATENCY 2951900
TIMELINE 28 1452 241729962855300 2951900
LATENCY 2561500
TIMELINE 28 1468 241730012301300 2561500
LATENCY 2604300
TIMELINE 28 1484 241730056289300 2604300
LATENCY 2881200
TIMELINE 28 1500 241730100721000 2881200
LATENCY 2680400
TIMELINE 28 1516 241730144092600 2680400
LATENCY 2690000
TIMELINE 28 1532 241730186857700 2690000
LATENCY 2667400
TIMELINE 28 1548 241730234467600 2667400
LATENCY 2634400
TIMELINE 28 1564 241730281207000 2634400
LATENCY 2718600
TIMELINE 28 1580 241730329618800 2718600
LATENCY 2657500
TIMELINE 28 1596 241730373014400 2657500
LATENCY 2738700
TIMELINE 28 1612 241730414982700 2738700
LATENCY 2798200
TIMELINE 28 1628 241730459336300 2798200
LATENCY 2715200
TIMELINE 28 1644 241730504501800 2715200
LATENCY 2697200
TIMELINE 28 1660 241730547602700 2697200
LATENCY 2671200
TIMELINE 28 1676 241730591380100 2671200
LATENCY 2444500
TIMELINE 28 1692 241730633748800 2444500
LATENCY 2987300
TIMELINE 28 1708 241730685076900 2987300
LATENCY 2907600
TIMELINE 28 1724 241730732757000 2907600
LATENCY 2813900
TIMELINE 28 1740 241730779153300 2813900
LATENCY 2778500
TIMELINE 28 1756 241730827719500 2778500
LATENCY 2707400
TIMELINE 28 1772 241730871468500 2707400
LATENCY 2737900
TIMELINE 28 1788 241730914921400 2737900
LATENCY 3084200
TIMELINE 28 1804 241730961140900 3084200
LATENCY 2891200
TIMELINE 28 1820 241731013066400 2891200
LATENCY 2768800
TIMELINE 28 1836 241731057393100 2768800
LATENCY 2751200
TIMELINE 28 1852 241731101979300 2751200
LATENCY 2777100
TIMELINE 28 1868 241731147404600 2777100
LATENCY 2959600
TIMELINE 28 1884 241731189797800 2959600
LATENCY 2591500
TIMELINE 28 1900 241731231776200 2591500
LATENCY 2747000
TIMELINE 28 1916 241731275445400 2747000
LATENCY 2670700
TIMELINE 28 1932 241731320457500 2670700
LATENCY 2717100
TIMELINE 28 1948 241731370130000 2717100
LATENCY 2752500
TIMELINE 28 1964 241731413209100 2752500
LATENCY 2661400
TIMELINE 28 1980 241731456831400 2661400
LATENCY 3208200
TIMELINE 28 1996 241731506593900 3208200
LATENCY 2605900
TIMELINE 28 2012 241731552877300 2605900
LATENCY 2714500
TIMELINE 28 2028 241731596813800 2714500
LATENCY 2733500
TIMELINE 28 2044 241731640673300 2733500
LATENCY 2455900
TIMELINE 29 13 241726559651600 2455900
LATENCY 2533500
TIMELINE 29 29 241726597821500 2533500
LATENCY 3093700
TIMELINE 29 45 241726639343900 3093700
LATENCY 2660800
TIMELINE 29 61 241726677183700 2660800
LATENCY 2329400
TIMELINE 29 77 241726716122300 2329400
LATENCY 2716400
TIMELINE 29 93 241726754684200 2716400
LATENCY 2411200
TIMELINE 29 109 241726807482900 2411200
LATENCY 2564600
TIMELINE 29 125 241726846635700 2564600
LATENCY 2138700
TIMELINE 29 141 241726882979700 2138700
LATENCY 2529500
TIMELINE 29 157 241726920098000 2529500
LATENCY 3628900
TIMELINE 29 173 241726956514500 3628900
LATENCY 2215800
TIMELINE 29 189 241726994763800 2215800
LATENCY 2088100
TIMELINE 29 205 241727030533500 2088100
LATENCY 2184600
TIMELINE 29 221 241727066256100 2184600
LATENCY 2098300
TIMELINE 29 237 241727107478700 2098300
LATENCY 2106600
TIMELINE 29 253 241727141110100 2106600
LATENCY 2247000
TIMELINE 29 269 241727176174600 2247000
LATENCY 2256200
TIMELINE 29 285 241727211513000 2256200
LATENCY 2146100
TIMELINE 29 301 241727246954500 2146100
LATENCY 2101700
TIMELINE 29 317 241727280641800 2101700
LATENCY 2076900
TIMELINE 29 333 241727314655400 2076900
LATENCY 2266500
TIMELINE 29 349 241727351050100 2266500
LATENCY 8429000
TIMELINE 29 365 241727390497800 8429000
LATENCY 2403700
TIMELINE 29 381 241727433937300 2403700
LATENCY 2097800
TIMELINE 29 397 241727469957600 2097800
LATENCY 2206700
TIMELINE 29 413 241727504626800 2206700
LATENCY 2143600
TIMELINE 29 429 241727540300600 2143600
LATENCY 2359600
TIMELINE 29 445 241727575782300 2359600
LATENCY 2142900
TIMELINE 29 461 241727611459100 2142900
LATENCY 2145800
TIMELINE 29 477 241727645714100 2145800
LATENCY 8780200
TIMELINE 29 493 241727681673300 8780200
LATENCY 2200100
TIMELINE 29 509 241727723748000 2200100
LATENCY 2221900
TIMELINE 29 525 241727759007800 2221900
LATENCY 2232700
TIMELINE 29 541 241727797152600 2232700
LATENCY 2117100
TIMELINE 29 557 241727832070800 2117100
LATENCY 2141900
TIMELINE 29 573 241727866150500 2141900
LATENCY 2181000
TIMELINE 29 589 241727901581100 2181000
LATENCY 2204200
TIMELINE 29 605 241727936335600 2204200
LATENCY 2238000
TIMELINE 29 621 241727979136500 2238000
LATENCY 2053900
TIMELINE 29 637 241728013959300 2053900
LATENCY 2167200
TIMELINE 29 653 241728047935700 2167200
LATENCY 2149600
TIMELINE 29 669 241728082983100 2149600
LATENCY 2161400
TIMELINE 29 685 241728117042300 2161400
LATENCY 2157700
TIMELINE 29 701 241728151673300 2157700
LATENCY 2383400
TIMELINE 29 717 241728186598600 2383400
LATENCY 2346600
TIMELINE 29 733 241728222620200 2346600
LATENCY 2292200
TIMELINE 29 749 241728265491000 2292200
LATENCY 2140400
TIMELINE 29 765 241728301806900 2140400
LATENCY 2197400
TIMELINE 29 781 241728337804700 2197400
LATENCY 2272400
TIMELINE 29 797 241728373058900 2272400
LATENCY 2141700
TIMELINE 29 813 241728408222400 2141700
LATENCY 2278400
TIMELINE 29 829 241728443322200 2278400
LATENCY 2324100
TIMELINE 29 845 241728478529100 2324100
LATENCY 9527300
TIMELINE 29 861 241728514105900 9527300
LATENCY 2203200
TIMELINE 29 877 241728556264900 2203200
LATENCY 2245000
TIMELINE 29 893 241728591333100 2245000
LATENCY 2164000
TIMELINE 29 909 241728626515900 2164000
LATENCY 2334100
TIMELINE 29 925 241728661456600 2334100
LATENCY 2162200
TIMELINE 29 941 241728697309400 2162200
LATENCY 2420800
TIMELINE 29 957 241728732555800 2420800
LATENCY 2188600
TIMELINE 29 973 241728768700400 2188600
LATENCY 2151700
TIMELINE 29 989 241728811338300 2151700
LATENCY 2165100
TIMELINE 29 1005 241728845688500 2165100
LATENCY 2150200
TIMELINE 29 1021 241728880052100 2150200
LATENCY 2243300
TIMELINE 29 1037 241728914898200 2243300
LATENCY 2142700
TIMELINE 29 1053 241728949771600 2142700
LATENCY 2186700
TIMELINE 29 1069 241728984190000 2186700
LATENCY 2351200
TIMELINE 29 1085 241729020532100 2351200
LATENCY 2247500
TIMELINE 29 1101 241729061478800 2247500
LATENCY 2225000
TIMELINE 29 1117 241729096361400 2225000
LATENCY 2155000
TIMELINE 29 1133 241729132250700 2155000
LATENCY 2341700
TIMELINE 29 1149 241729166972300 2341700
LATENCY 2348300
TIMELINE 29 1165 241729202476300 2348300
LATENCY 2149100
TIMELINE 29 1181 241729238285700 2149100
LATENCY 2231200
TIMELINE 29 1197 241729273153700 2231200
LATENCY 2239500
TIMELINE 29 1213 241729309255900 2239500
LATENCY 2211600
TIMELINE 29 1229 241729352590900 2211600
LATENCY 2187800
TIMELINE 29 1245 241729387462400 2187800
LATENCY 2327600
TIMELINE 29 1261 241729421939800 2327600
LATENCY 2591900
TIMELINE 29 1277 241729461604800 2591900
LATENCY 2713600
TIMELINE 29 1293 241729504143300 2713600
LATENCY 2755900
TIMELINE 29 1309 241729549307900 2755900
LATENCY 3499700
TIMELINE 29 1325 241729594830600 3499700
LATENCY 2986500
TIMELINE 29 1341 241729644657400 2986500
LATENCY 2623900
TIMELINE 29 1357 241729688964100 2623900
LATENCY 2877300
TIMELINE 29 1373 241729732269000 2877300
LATENCY 2871200
TIMELINE 29 1389 241729778859100 2871200
LATENCY 2604600
TIMELINE 29 1405 241729827286200 2604600
LATENCY 2658400
TIMELINE 29 1421 241729869717100 2658400
LATENCY 2797900
TIMELINE 29 1437 241729913545000 2797900
LATENCY 2999700
TIMELINE 29 1453 241729963352000 2999700
LATENCY 2573400
TIMELINE 29 1469 241730012762100 2573400
LATENCY 2600800
TIMELINE 29 1485 241730056760200 2600800
LATENCY 2829400
TIMELINE 29 1501 241730101180700 2829400
LATENCY 2678000
TIMELINE 29 1517 241730144496400 2678000
LATENCY 2698300
TIMELINE 29 1533 241730187234900 2698300
LATENCY 2652400
TIMELINE 29 1549 241730234770600 2652400
LATENCY 2644300
TIMELINE 29 1565 241730281463800 2644300
LATENCY 2662400
TIMELINE 29 1581 241730329880200 2662400
LATENCY 2656600
TIMELINE 29 1597 241730373230900 2656600
LATENCY 2741000
TIMELINE 29 1613 241730415209300 2741000
LATENCY 2809900
TIMELINE 29 1629 241730459598900 2809900
LATENCY 2692300
TIMELINE 29 1645 241730504141000 2692300
LATENCY 2657600
TIMELINE 29 1661 241730547257300 2657600
LATENCY 2648700
TIMELINE 29 1677 241730591019500 2648700
LATENCY 2517900
TIMELINE 29 1693 241730633394300 2517900
LATENCY 2950600
TIMELINE 29 1709 241730684687900 2950600
LATENCY 2879600
TIMELINE 29 1725 241730732281000 2879600
LATENCY 2808500
TIMELINE 29 1741 241730778688200 2808500
LATENCY 2792800
TIMELINE 29 1757 241730827174100 2792800
LATENCY 2703700
TIMELINE 29 1773 241730870840800 2703700
LATENCY 2734700
TIMELINE 29 1789 241730914284700 2734700
LATENCY 3084100
TIMELINE 29 1805 241730960502600 3084100
LATENCY 2917200
TIMELINE 29 1821 241731012309700 2917200
LATENCY 2760500
TIMELINE 29 1837 241731059368500 2760500
LATENCY 2819500
TIMELINE 29 1853 241731103992500 2819500
LATENCY 2718500
TIMELINE 29 1869 241731149429200 2718500
LATENCY 2593600
TIMELINE 29 1885 241731191942600 2593600
LATENCY 2589300
TIMELINE 29 1901 241731233553500 2589300
LATENCY 2750700
TIMELINE 29 1917 241731277398400 2750700
LATENCY 2720800
TIMELINE 29 1933 241731322311800 2720800
LATENCY 2677800
TIMELINE 29 1949 241731372033100 2677800
LATENCY 2800000
TIMELINE 29 1965 241731415111500 2800000
LATENCY 2906800
TIMELINE 29 1981 241731458768100 2906800
LATENCY 3163600
TIMELINE 29 1997 241731508701100 3163600
LATENCY 2585700
TIMELINE 29 2013 241731554531900 2585700
LATENCY 2711800
TIMELINE 29 2029 241731598605900 2711800
LATENCY 2734600
TIMELINE 29 2045 241731642471700 2734600
LATENCY 2491100
TIMELINE 30 14 241726562145100 2491100
LATENCY 2440900
TIMELINE 30 30 241726600436500 2440900
LATENCY 2400500
TIMELINE 30 46 241726642703400 2400500
LATENCY 2395700
TIMELINE 30 62 241726679764900 2395700
LATENCY 2302200
TIMELINE 30 78 241726718735700 2302200
LATENCY 2720600
TIMELINE 30 94 241726757791700 2720600
LATENCY 2465000
TIMELINE 30 110 241726810136900 2465000
LATENCY 2358500
TIMELINE 30 126 241726849234200 2358500
LATENCY 2256900
TIMELINE 30 142 241726885154000 2256900
LATENCY 2410300
TIMELINE 30 158 241726922696300 2410300
LATENCY 2397000
TIMELINE 30 174 241726961195100 2397000
LATENCY 2272400
TIMELINE 30 190 241726997989400 2272400
LATENCY 2043200
TIMELINE 30 206 241727033620000 2043200
LATENCY 2192700
TIMELINE 30 222 241727069268500 2192700
LATENCY 2038800
TIMELINE 30 238 241727110359300 2038800
LATENCY 2397900
TIMELINE 30 254 241727144073200 2397900
LATENCY 2218800
TIMELINE 30 270 241727179307600 2218800
LATENCY 2219900
TIMELINE 30 286 241727214625000 2219900
LATENCY 2147500
TIMELINE 30 302 241727249974700 2147500
LATENCY 2055000
TIMELINE 30 318 241727283599800 2055000
LATENCY 2118000
TIMELINE 30 334 241727317677800 2118000
LATENCY 2371000
TIMELINE 30 350 241727354509300 2371000
LATENCY 8471200
TIMELINE 30 366 241727391766800 8471200
LATENCY 2226300
TIMELINE 30 382 241727435373000 2226300
LATENCY 2093000
TIMELINE 30 398 241727471177100 2093000
LATENCY 2246100
TIMELINE 30 414 241727505787500 2246100
LATENCY 2179100
TIMELINE 30 430 241727541482400 2179100
LATENCY 2229100
TIMELINE 30 446 241727576827600 2229100
LATENCY 2117800
TIMELINE 30 462 241727612603400 2117800
LATENCY 2131100
TIMELINE 30 478 241727646874000 2131100
LATENCY 8718900
TIMELINE 30 494 241727683016700 8718900
LATENCY 2173800
TIMELINE 30 510 241727725015300 2173800
LATENCY 2174400
TIMELINE 30 526 241727760307600 2174400
LATENCY 2193400
TIMELINE 30 542 241727800257400 2193400
LATENCY 2096100
TIMELINE 30 558 241727835050200 2096100
LATENCY 2129600
TIMELINE 30 574 241727869225800 2129600
LATENCY 2129000
TIMELINE 30 590 241727904778700 2129000
LATENCY 2152600
TIMELINE 30 606 241727939531400 2152600
LATENCY 2344600
TIMELINE 30 622 241727982601800 2344600
LATENCY 2054600
TIMELINE 30 638 241728017009400 2054600
LATENCY 2246300
TIMELINE 30 654 241728051165100 2246300
LATENCY 2095500
TIMELINE 30 670 241728086216800 2095500
LATENCY 2107500
TIMELINE 30 686 241728120238800 2107500
LATENCY 2070300
TIMELINE 30 702 241728154871000 2070300
LATENCY 2435300
TIMELINE 30 718 241728188259100 2435300
LATENCY 2192200
TIMELINE 30 734 241728224423900 2192200
LATENCY 2180600
TIMELINE 30 750 241728267317900 2180600
LATENCY 2176100
TIMELINE 30 766 241728303641600 2176100
LATENCY 2210300
TIMELINE 30 782 241728339634600 2210300
LATENCY 2164000
TIMELINE 30 798 241728374954400 2164000
LATENCY 2172800
TIMELINE 30 814 241728409978700 2172800
LATENCY 2212600
TIMELINE 30 830 241728445237000 2212600
LATENCY 2289200
TIMELINE 30 846 241728480461900 2289200
LATENCY 2284300
TIMELINE 30 862 241728523243400 2284300
LATENCY 2165100
TIMELINE 30 878 241728558123900 2165100
LATENCY 2233600
TIMELINE 30 894 241728593520500 2233600
LATENCY 2144600
TIMELINE 30 910 241728628451500 2144600
LATENCY 2225900
TIMELINE 30 926 241728663516500 2225900
LATENCY 2151900
TIMELINE 30 942 241728699335100 2151900
LATENCY 2409100
TIMELINE 30 958 241728735013800 2409100
LATENCY 2181500
TIMELINE 30 974 241728770980400 2181500
LATENCY 2122800
TIMELINE 30 990 241728813381400 2122800
LATENCY 2162400
TIMELINE 30 1006 241728847736700 2162400
LATENCY 2150800
TIMELINE 30 1022 241728882121400 2150800
LATENCY 2160500
TIMELINE 30 1038 241728917084100 2160500
LATENCY 2150300
TIMELINE 30 1054 241728951770800 2150300
LATENCY 2125200
TIMELINE 30 1070 241728986239400 2125200
LATENCY 2348400
TIMELINE 30 1086 241729022598900 2348400
LATENCY 2163800
TIMELINE 30 1102 241729063476900 2163800
LATENCY 2234300
TIMELINE 30 1118 241729098321800 2234300
LATENCY 2204400
TIMELINE 30 1134 241729134200400 2204400
LATENCY 2188900
TIMELINE 30 1150 241729169117700 2188900
LATENCY 2271800
TIMELINE 30 1166 241729204613900 2271800
LATENCY 2130900
TIMELINE 30 1182 241729240268900 2130900
LATENCY 2184000
TIMELINE 30 1198 241729275133400 2184000
LATENCY 2383800
TIMELINE 30 1214 241729311230200 2383800
LATENCY 2306700
TIMELINE 30 1230 241729354589600 2306700
LATENCY 2198900
TIMELINE 30 1246 241729389433800 2198900
LATENCY 2375700
TIMELINE 30 1262 241729424091900 2375700
LATENCY 2585800
TIMELINE 30 1278 241729464906400 2585800
LATENCY 2706100
TIMELINE 30 1294 241729507645000 2706100
LATENCY 3085000
TIMELINE 30 1310 241729552887700 3085000
LATENCY 2824600
TIMELINE 30 1326 241729599115400 2824600
LATENCY 2945300
TIMELINE 30 1342 241729648341400 2945300
LATENCY 2603400
TIMELINE 30 1358 241729692289800 2603400
LATENCY 2790600
TIMELINE 30 1374 241729735879600 2790600
LATENCY 2908800
TIMELINE 30 1390 241729782530500 2908800
LATENCY 2882700
TIMELINE 30 1406 241729830493400 2882700
LATENCY 2592700
TIMELINE 30 1422 241729872952700 2592700
LATENCY 2789900
TIMELINE 30 1438 241729917049600 2789900
LATENCY 2932900
TIMELINE 30 1454 241729966906000 2932900
LATENCY 2633100
TIMELINE 30 1470 241730015768100 2633100
LATENCY 2543100
TIMELINE 30 1486 241730059790000 2543100
LATENCY 2645000
TIMELINE 30 1502 241730104550900 2645000
LATENCY 2602300
TIMELINE 30 1518 241730147684300 2602300
LATENCY 2644100
TIMELINE 30 1534 241730190520000 2644100
LATENCY 2630500
TIMELINE 30 1550 241730237976700 2630500
LATENCY 2591600
TIMELINE 30 1566 241730284692300 2591600
LATENCY 2610800
TIMELINE 30 1582 241730333189500 2610800
LATENCY 2642300
TIMELINE 30 1598 241730376506600 2642300
LATENCY 2738000
TIMELINE 30 1614 241730418583800 2738000
LATENCY 2779000
TIMELINE 30 1630 241730463063900 2779000
LATENCY 2853800
TIMELINE 30 1646 241730507788700 2853800
LATENCY 2810600
TIMELINE 30 1662 241730550798500 2810600
LATENCY 2613700
TIMELINE 30 1678 241730594632200 2613700
LATENCY 2813100
TIMELINE 30 1694 241730636828600 2813100
LATENCY 3102500
TIMELINE 30 1710 241730688730900 3102500
LATENCY 2914400
TIMELINE 30 1726 241730736321000 2914400
LATENCY 2799600
TIMELINE 30 1742 241730782518000 2799600
LATENCY 2723600
TIMELINE 30 1758 241730830935200 2723600
LATENCY 2640900
TIMELINE 30 1774 241730874649600 2640900
LATENCY 2772900
TIMELINE 30 1790 241730918103500 2772900
LATENCY 3160300
TIMELINE 30 1806 241730964744400 3160300
LATENCY 7019300
TIMELINE 30 1822 241731016513300 7019300
LATENCY 2768200
TIMELINE 30 1838 241731064988800 2768200
LATENCY 2929100
TIMELINE 30 1854 241731109727100 2929100
LATENCY 2587500
TIMELINE 30 1870 241731154878800 2587500
LATENCY 2576600
TIMELINE 30 1886 241731197260600 2576600
LATENCY 2684300
TIMELINE 30 1902 241731238933300 2684300
LATENCY 2772500
TIMELINE 30 1918 241731282800100 2772500
LATENCY 2990200
TIMELINE 30 1934 241731327946300 2990200
LATENCY 2644400
TIMELINE 30 1950 241731377381300 2644400
LATENCY 2568300
TIMELINE 30 1966 241731420595000 2568300
LATENCY 3183800
TIMELINE 30 1982 241731464636600 3183800
LATENCY 3185000
TIMELINE 30 1998 241731515128900 3185000
LATENCY 2707500
TIMELINE 30 2014 241731559818200 2707500
LATENCY 2631500
TIMELINE 30 2030 241731604104900 2631500
LATENCY 3664400
TIMELINE 30 2046 241731649541100 3664400
LATENCY 2410900
TIMELINE 31 15 241726564703400 2410900
LATENCY 2355400
TIMELINE 31 31 241726603008000 2355400
LATENCY 2423100
TIMELINE 31 47 241726645018500 2423100
LATENCY 2387100
TIMELINE 31 63 241726682306200 2387100
LATENCY 2200900
TIMELINE 31 79 241726720861900 2200900
LATENCY 2679800
TIMELINE 31 95 241726760371500 2679800
LATENCY 2425100
TIMELINE 31 111 241726812476000 2425100
LATENCY 2209900
TIMELINE 31 127 241726851719100 2209900
LATENCY 2234600
TIMELINE 31 143 241726887614800 2234600
LATENCY 2349900
TIMELINE 31 159 241726925205300 2349900
LATENCY 2222300
TIMELINE 31 175 241726963203200 2222300
LATENCY 2204000
TIMELINE 31 191 241726999693800 2204000
LATENCY 2191800
TIMELINE 31 207 241727035128400 2191800
LATENCY 2217300
TIMELINE 31 223 241727071290800 2217300
LATENCY 2173200
TIMELINE 31 239 241727112203700 2173200
LATENCY 2217800
TIMELINE 31 255 241727146230400 2217800
LATENCY 2241000
TIMELINE 31 271 241727181094600 2241000
LATENCY 2241300
TIMELINE 31 287 241727216383100 2241300
LATENCY 2138500
TIMELINE 31 303 241727251604700 2138500
LATENCY 2077300
TIMELINE 31 319 241727285147900 2077300
LATENCY 2183400
TIMELINE 31 335 241727319295000 2183400
LATENCY 2242800
TIMELINE 31 351 241727356400600 2242800
LATENCY 2429000
TIMELINE 31 367 241727401307800 2429000
LATENCY 2396500
TIMELINE 31 383 241727438524100 2396500
LATENCY 2131600
TIMELINE 31 399 241727474258500 2131600
LATENCY 2306600
TIMELINE 31 415 241727509115600 2306600
LATENCY 2210700
TIMELINE 31 431 241727544751700 2210700
LATENCY 2310200
TIMELINE 31 447 241727580300600 2310200
LATENCY 2126300
TIMELINE 31 463 241727615605500 2126300
LATENCY 2250400
TIMELINE 31 479 241727649904000 2250400
LATENCY 2194200
TIMELINE 31 495 241727692950000 2194200
LATENCY 2218200
TIMELINE 31 511 241727728504800 2218200
LATENCY 2432500
TIMELINE 31 527 241727763665100 2432500
LATENCY 2168800
TIMELINE 31 543 241727802773900 2168800
LATENCY 2079500
TIMELINE 31 559 241727837436300 2079500
LATENCY 2128300
TIMELINE 31 575 241727871615000 2128300
LATENCY 2109700
TIMELINE 31 591 241727907140500 2109700
LATENCY 2106600
TIMELINE 31 607 241727941924900 2106600
LATENCY 2204000
TIMELINE 31 623 241727984887000 2204000
LATENCY 2040800
TIMELINE 31 639 241728019012300 2040800
LATENCY 2127300
TIMELINE 31 655 241728053291500 2127300
LATENCY 2115500
TIMELINE 31 671 241728088171600 2115500
LATENCY 2104700
TIMELINE 31 687 241728122205500 2104700
LATENCY 2111300
TIMELINE 31 703 241728156767400 2111300
LATENCY 2366700
TIMELINE 31 719 241728191177400 2366700
LATENCY 2156100
TIMELINE 31 735 241728226957800 2156100
LATENCY 2299900
TIMELINE 31 751 241728269769900 2299900
LATENCY 2203700
TIMELINE 31 767 241728305788700 2203700
LATENCY 2159700
TIMELINE 31 783 241728341788100 2159700
LATENCY 2252200
TIMELINE 31 799 241728377055400 2252200
LATENCY 2182900
TIMELINE 31 815 241728412098600 2182900
LATENCY 2146700
TIMELINE 31 831 241728447395000 2146700
LATENCY 2335800
TIMELINE 31 847 241728482614800 2335800
LATENCY 2144600
TIMELINE 31 863 241728525413700 2144600
LATENCY 2174800
TIMELINE 31 879 241728560203000 2174800
LATENCY 2191500
TIMELINE 31 895 241728595412500 2191500
LATENCY 2239500
TIMELINE 31 911 241728630280600 2239500
LATENCY 2229000
TIMELINE 31 927 241728665399100 2229000
LATENCY 2154100
TIMELINE 31 943 241728700973000 2154100
LATENCY 2475300
TIMELINE 31 959 241728736714300 2475300
LATENCY 2160000
TIMELINE 31 975 241728772476400 2160000
LATENCY 2133900
TIMELINE 31 991 241728814888000 2133900
LATENCY 2136900
TIMELINE 31 1007 241728849225700 2136900
LATENCY 2171500
TIMELINE 31 1023 241728883598600 2171500
LATENCY 2154200
TIMELINE 31 1039 241728918561300 2154200
LATENCY 2109600
TIMELINE 31 1055 241728953224300 2109600
LATENCY 2217300
TIMELINE 31 1071 241728987660500 2217300
LATENCY 2369700
TIMELINE 31 1087 241729024750400 2369700
LATENCY 2171600
TIMELINE 31 1103 241729065465000 2171600
LATENCY 2239600
TIMELINE 31 1119 241729100406600 2239600
LATENCY 2294000
TIMELINE 31 1135 241729136293800 2294000
LATENCY 2139700
TIMELINE 31 1151 241729171253000 2139700
LATENCY 2434400
TIMELINE 31 1167 241729206821800 2434400
LATENCY 2203700
TIMELINE 31 1183 241729242344900 2203700
LATENCY 2172300
TIMELINE 31 1199 241729277440600 2172300
LATENCY 2252300
TIMELINE 31 1215 241729313648900 2252300
LATENCY 2211000
TIMELINE 31 1231 241729357360100 2211000
LATENCY 2180300
TIMELINE 31 1247 241729392107500 2180300
LATENCY 2256800
TIMELINE 31 1263 241729427087100 2256800
LATENCY 2739700
TIMELINE 31 1279 241729467109300 2739700
LATENCY 2731400
TIMELINE 31 1295 241729509952600 2731400
LATENCY 2995500
TIMELINE 31 1311 241729555506200 2995500
LATENCY 2681100
TIMELINE 31 1327 241729601534700 2681100
LATENCY 2740300
TIMELINE 31 1343 241729650870600 2740300
LATENCY 2582400
TIMELINE 31 1359 241729694510300 2582400
LATENCY 2862500
TIMELINE 31 1375 241729738244800 2862500
LATENCY 2805100
TIMELINE 31 1391 241729784948100 2805100
LATENCY 2679400
TIMELINE 31 1407 241729832971800 2679400
LATENCY 2622600
TIMELINE 31 1423 241729875210300 2622600
LATENCY 2783900
TIMELINE 31 1439 241729919447200 2783900
LATENCY 2905800
TIMELINE 31 1455 241729969559200 2905800
LATENCY 2688000
TIMELINE 31 1471 241730018189000 2688000
LATENCY 2612400
TIMELINE 31 1487 241730062113200 2612400
LATENCY 2703600
TIMELINE 31 1503 241730106897900 2703600
LATENCY 2584100
TIMELINE 31 1519 241730149999400 2584100
LATENCY 2471400
TIMELINE 31 1535 241730192872500 2471400
LATENCY 2562900
TIMELINE 31 1551 241730240349700 2562900
LATENCY 2741700
TIMELINE 31 1567 241730287035800 2741700
LATENCY 2627700
TIMELINE 31 1583 241730335600700 2627700
LATENCY 2592200
TIMELINE 31 1599 241730378966600 2592200
LATENCY 2720000
TIMELINE 31 1615 241730421133700 2720000
LATENCY 2764300
TIMELINE 31 1631 241730465687400 2764300
LATENCY 2599500
TIMELINE 31 1647 241730510566700 2599500
LATENCY 3595100
TIMELINE 31 1663 241730553539300 3595100
LATENCY 2612700
TIMELINE 31 1679 241730597173300 2612700
LATENCY 2871300
TIMELINE 31 1695 241730639536600 2871300
LATENCY 2995700
TIMELINE 31 1711 241730691743600 2995700
LATENCY 2797500
TIMELINE 31 1727 241730739116200 2797500
LATENCY 2812600
TIMELINE 31 1743 241730785201400 2812600
LATENCY 2751300
TIMELINE 31 1759 241730833521700 2751300
LATENCY 2715500
TIMELINE 31 1775 241730877150200 2715500
LATENCY 3043000
TIMELINE 31 1791 241730920656000 3043000
LATENCY 3159600
TIMELINE 31 1807 241730967732900 3159600
LATENCY 2593300
TIMELINE 31 1823 241731022860400 2593300
LATENCY 2781500
TIMELINE 31 1839 241731067034600 2781500
LATENCY 3067400
TIMELINE 31 1855 241731111836800 3067400
LATENCY 2712800
TIMELINE 31 1871 241731156783400 2712800
LATENCY 2614500
TIMELINE 31 1887 241731199159000 2614500
LATENCY 2721500
TIMELINE 31 1903 241731240897600 2721500
LATENCY 2736900
TIMELINE 31 1919 241731284964200 2736900
LATENCY 3058600
TIMELINE 31 1935 241731330283800 3058600
LATENCY 2659300
TIMELINE 31 1951 241731379514200 2659300
LATENCY 2567600
TIMELINE 31 1967 241731422659400 2567600
LATENCY 3219300
TIMELINE 31 1983 241731467193400 3219300
LATENCY 3209900
TIMELINE 31 1999 241731517579700 3209900
LATENCY 2694000
TIMELINE 31 2015 241731561929300 2694000
LATENCY 2655800
TIMELINE 31 2031 241731606170300 2655800
LATENCY 2917100
TIMELINE 31 2047 241731652313600 2917100
LATENCY 11946000
TIMELINE 32 0 241726505855400 11946000
LATENCY 2511800
TIMELINE 32 16 241726567152200 2511800
LATENCY 2357000
TIMELINE 32 32 241726605299600 2357000
LATENCY 2351600
TIMELINE 32 48 241726647410600 2351600
LATENCY 2454600
TIMELINE 32 64 241726684460100 2454600
LATENCY 2232300
TIMELINE 32 80 241726722945900 2232300
LATENCY 2752700
TIMELINE 32 96 241726762912900 2752700
LATENCY 2519400
TIMELINE 32 112 241726814684300 2519400
LATENCY 2332600
TIMELINE 32 128 241726853641400 2332600
LATENCY 2283200
TIMELINE 32 144 241726889452500 2283200
LATENCY 2210700
TIMELINE 32 160 241726927146900 2210700
LATENCY 2235900
TIMELINE 32 176 241726966276000 2235900
LATENCY 2235900
TIMELINE 32 192 241727002488600 2235900
LATENCY 2484300
TIMELINE 32 208 241727038175700 2484300
LATENCY 2615400
TIMELINE 32 224 241727073835400 2615400
LATENCY 2132800
TIMELINE 32 240 241727114896200 2132800
LATENCY 2144200
TIMELINE 32 256 241727148959900 2144200
LATENCY 2216600
TIMELINE 32 272 241727184075400 2216600
LATENCY 2254000
TIMELINE 32 288 241727219366500 2254000
LATENCY 2135400
TIMELINE 32 304 241727254568300 2135400
LATENCY 2069400
TIMELINE 32 320 241727287966400 2069400
LATENCY 2363200
TIMELINE 32 336 241727322405300 2363200
LATENCY 2039400
TIMELINE 32 352 241727359142400 2039400
LATENCY 2220000
TIMELINE 32 368 241727403802000 2220000
LATENCY 2288300
TIMELINE 32 384 241727440728800 2288300
LATENCY 2110500
TIMELINE 32 400 241727476271300 2110500
LATENCY 2491500
TIMELINE 32 416 241727511277500 2491500
LATENCY 2160500
TIMELINE 32 432 241727546842000 2160500
LATENCY 2233200
TIMELINE 32 448 241727582551100 2233200
LATENCY 2148700
TIMELINE 32 464 241727618004600 2148700
LATENCY 2222800
TIMELINE 32 480 241727652465700 2222800
LATENCY 2203600
TIMELINE 32 496 241727695082700 2203600
LATENCY 2196500
TIMELINE 32 512 241727730545500 2196500
LATENCY 2172100
TIMELINE 32 528 241727765984400 2172100
LATENCY 2154800
TIMELINE 32 544 241727804976900 2154800
LATENCY 2150000
TIMELINE 32 560 241727839548700 2150000
LATENCY 2136700
TIMELINE 32 576 241727873715000 2136700
LATENCY 2171800
TIMELINE 32 592 241727909061400 2171800
LATENCY 2127600
TIMELINE 32 608 241727943837900 2127600
LATENCY 2184600
TIMELINE 32 624 241727987254900 2184600
LATENCY 2049600
TIMELINE 32 640 241728021218200 2049600
LATENCY 2129600
TIMELINE 32 656 241728055559700 2129600
LATENCY 2111400
TIMELINE 32 672 241728090466400 2111400
LATENCY 2117800
TIMELINE 32 688 241728124426400 2117800
LATENCY 2125700
TIMELINE 32 704 241728159025100 2125700
LATENCY 2347800
TIMELINE 32 720 241728193513100 2347800
LATENCY 2250900
TIMELINE 32 736 241728229175600 2250900
LATENCY 2388600
TIMELINE 32 752 241728272156100 2388600
LATENCY 2153900
TIMELINE 32 768 241728308056400 2153900
LATENCY 2145800
TIMELINE 32 784 241728344058200 2145800
LATENCY 2348900
TIMELINE 32 800 241728379402200 2348900
LATENCY 2186300
TIMELINE 32 816 241728414384300 2186300
LATENCY 2141900
TIMELINE 32 832 241728449400200 2141900
LATENCY 2244800
TIMELINE 32 848 241728485169700 2244800
LATENCY 2124200
TIMELINE 32 864 241728527854900 2124200
LATENCY 2193000
TIMELINE 32 880 241728562671900 2193000
LATENCY 2232500
TIMELINE 32 896 241728597876700 2232500
LATENCY 2174300
TIMELINE 32 912 241728632795100 2174300
LATENCY 2320400
TIMELINE 32 928 241728667907100 2320400
LATENCY 2093600
TIMELINE 32 944 241728703419900 2093600
LATENCY 2322800
TIMELINE 32 960 241728739418800 2322800
LATENCY 2130100
TIMELINE 32 976 241728774871200 2130100
LATENCY 2153800
TIMELINE 32 992 241728817286100 2153800
LATENCY 2161300
TIMELINE 32 1008 241728851672800 2161300
LATENCY 2154600
TIMELINE 32 1024 241728886060800 2154600
LATENCY 2186600
TIMELINE 32 1040 241728921091900 2186600
LATENCY 2175000
TIMELINE 32 1056 241728955777500 2175000
LATENCY 2187100
TIMELINE 32 1072 241728990352300 2187100
LATENCY 2139700
TIMELINE 32 1088 241729026978300 2139700
LATENCY 2219700
TIMELINE 32 1104 241729067488100 2219700
LATENCY 2155700
TIMELINE 32 1120 241729102492200 2155700
LATENCY 2222600
TIMELINE 32 1136 241729138381500 2222600
LATENCY 2147500
TIMELINE 32 1152 241729173168500 2147500
LATENCY 2355000
TIMELINE 32 1168 241729208986200 2355000
LATENCY 2142900
TIMELINE 32 1184 241729244286400 2142900
LATENCY 2192200
TIMELINE 32 1200 241729279222600 2192200
LATENCY 2192700
TIMELINE 32 1216 241729315563700 2192700
LATENCY 2215700
TIMELINE 32 1232 241729358870500 2215700
LATENCY 2146100
TIMELINE 32 1248 241729393605300 2146100
LATENCY 2284800
TIMELINE 32 1264 241729428533000 2284800
LATENCY 2791800
TIMELINE 32 1280 241729468905500 2791800
LATENCY 2742400
TIMELINE 32 1296 241729511923200 2742400
LATENCY 2986400
TIMELINE 32 1312 241729557663100 2986400
LATENCY 2703100
TIMELINE 32 1328 241729603467500 2703100
LATENCY 2751700
TIMELINE 32 1344 241729652959300 2751700
LATENCY 2652100
TIMELINE 32 1360 241729696489200 2652100
LATENCY 2790000
TIMELINE 32 1376 241729740447200 2790000
LATENCY 2790700
TIMELINE 32 1392 241729787130000 2790700
LATENCY 2609000
TIMELINE 32 1408 241729835162600 2609000
LATENCY 2657600
TIMELINE 32 1424 241729877297700 2657600
LATENCY 2782700
TIMELINE 32 1440 241729921639800 2782700
LATENCY 3015500
TIMELINE 32 1456 241729971738500 3015500
LATENCY 2726500
TIMELINE 32 1472 241730020204000 2726500
LATENCY 2579100
TIMELINE 32 1488 241730064077500 2579100
LATENCY 2810400
TIMELINE 32 1504 241730108875700 2810400
LATENCY 2595300
TIMELINE 32 1520 241730151950800 2595300
LATENCY 5956500
TIMELINE 32 1536 241730194824200 5956500
LATENCY 5350600
TIMELINE 32 1552 241730242243600 5350600
LATENCY 2623100
TIMELINE 32 1568 241730289087000 2623100
LATENCY 2718300
TIMELINE 32 1584 241730337409100 2718300
LATENCY 2628400
TIMELINE 32 1600 241730380731100 2628400
LATENCY 2731100
TIMELINE 32 1616 241730423068100 2731100
LATENCY 2759900
TIMELINE 32 1632 241730467648900 2759900
LATENCY 2615400
TIMELINE 32 1648 241730512309700 2615400
LATENCY 3612800
TIMELINE 32 1664 241730555318000 3612800
LATENCY 2578900
TIMELINE 32 1680 241730598937300 2578900
LATENCY 2917600
TIMELINE 32 1696 241730641425100 2917600
LATENCY 2990600
TIMELINE 32 1712 241730693672700 2990600
LATENCY 2822400
TIMELINE 32 1728 241730740992100 2822400
LATENCY 2856500
TIMELINE 32 1744 241730787074600 2856500
LATENCY 2721400
TIMELINE 32 1760 241730835400000 2721400
LATENCY 2666800
TIMELINE 32 1776 241730878900700 2666800
LATENCY 2756800
TIMELINE 32 1792 241730922654300 2756800
LATENCY 2793400
TIMELINE 32 1808 241730969800700 2793400
LATENCY 2593300
TIMELINE 32 1824 241731022687800 2593300
LATENCY 2769300
TIMELINE 32 1840 241731066853600 2769300
LATENCY 2949800
TIMELINE 32 1856 241731111639000 2949800
LATENCY 2707500
TIMELINE 32 1872 241731156541200 2707500
LATENCY 2605600
TIMELINE 32 1888 241731198899500 2605600
LATENCY 2728600
TIMELINE 32 1904 241731240631900 2728600
LATENCY 2764800
TIMELINE 32 1920 241731284655000 2764800
LATENCY 3039900
TIMELINE 32 1936 241731329999100 3039900
LATENCY 2636700
TIMELINE 32 1952 241731379234400 2636700
LATENCY 2566400
TIMELINE 32 1968 241731422382600 2566400
LATENCY 3128000
TIMELINE 32 1984 241731466910800 3128000
LATENCY 3196200
TIMELINE 32 2000 241731517307000 3196200
LATENCY 2670800
TIMELINE 32 2016 241731561715100 2670800
LATENCY 2673300
TIMELINE 32 2032 241731605902900 2673300
LATENCY 3262500
TIMELINE 33 1 241726517869800 3262500
LATENCY 2364900
TIMELINE 33 17 241726569600200 2364900
LATENCY 2266300
TIMELINE 33 33 241726607626300 2266300
LATENCY 2295400
TIMELINE 33 49 241726649730200 2295400
LATENCY 2570500
TIMELINE 33 65 241726686949500 2570500
LATENCY 2172700
TIMELINE 33 81 241726725146100 2172700
LATENCY 2958000
TIMELINE 33 97 241726765774300 2958000
LATENCY 2669800
TIMELINE 33 113 241726817339800 2669800
LATENCY 2220100
TIMELINE 33 129 241726856171100 2220100
LATENCY 2405600
TIMELINE 33 145 241726892043700 2405600
LATENCY 2207100
TIMELINE 33 161 241726929622600 2207100
LATENCY 2255800
TIMELINE 33 177 241726967467900 2255800
LATENCY 2215400
TIMELINE 33 193 241727003948900 2215400
LATENCY 2776600
TIMELINE 33 209 241727039828100 2776600
LATENCY 2327800
TIMELINE 33 225 241727075774700 2327800
LATENCY 2099400
TIMELINE 33 241 241727116442600 2099400
LATENCY 2134800
TIMELINE 33 257 241727150484400 2134800
LATENCY 2140000
TIMELINE 33 273 241727185686300 2140000
LATENCY 2233100
TIMELINE 33 289 241727220990900 2233100
LATENCY 2088100
TIMELINE 33 305 241727256089100 2088100
LATENCY 2056300
TIMELINE 33 321 241727289435200 2056300
LATENCY 2126500
TIMELINE 33 337 241727324142400 2126500
LATENCY 3495200
TIMELINE 33 353 241727360805000 3495200
LATENCY 2226500
TIMELINE 33 369 241727406386000 2226500
LATENCY 2304900
TIMELINE 33 385 241727443428900 2304900
LATENCY 2209600
TIMELINE 33 401 241727478749400 2209600
LATENCY 2261400
TIMELINE 33 417 241727514237400 2261400
LATENCY 2197300
TIMELINE 33 433 241727549540000 2197300
LATENCY 2235000
TIMELINE 33 449 241727585207400 2235000
LATENCY 2129800
TIMELINE 33 465 241727620331700 2129800
LATENCY 2653100
TIMELINE 33 481 241727654860200 2653100
LATENCY 2264200
TIMELINE 33 497 241727697412700 2264200
LATENCY 2230700
TIMELINE 33 513 241727732958300 2230700
LATENCY 2166800
TIMELINE 33 529 241727768305500 2166800
LATENCY 2096700
TIMELINE 33 545 241727806958400 2096700
LATENCY 2141600
TIMELINE 33 561 241727841520500 2141600
LATENCY 2107500
TIMELINE 33 577 241727875734200 2107500
LATENCY 2144700
TIMELINE 33 593 241727911289800 2144700
LATENCY 2113600
TIMELINE 33 609 241727946028500 2113600
LATENCY 2215500
TIMELINE 33 625 241727989351000 2215500
LATENCY 2027200
TIMELINE 33 641 241728023189400 2027200
LATENCY 2138100
TIMELINE 33 657 241728057605500 2138100
LATENCY 2107400
TIMELINE 33 673 241728092493700 2107400
LATENCY 2334700
TIMELINE 33 689 241728126657400 2334700
LATENCY 2094900
TIMELINE 33 705 241728161271900 2094900
LATENCY 2290200
TIMELINE 33 721 241728196213900 2290200
LATENCY 2200000
TIMELINE 33 737 241728231488900 2200000
LATENCY 2288200
TIMELINE 33 753 241728274625200 2288200
LATENCY 2266200
TIMELINE 33 769 241728310392400 2266200
LATENCY 2113600
TIMELINE 33 785 241728346480100 2113600
LATENCY 2212200
TIMELINE 33 801 241728382147400 2212200
LATENCY 2143500
TIMELINE 33 817 241728416926000 2143500
LATENCY 2151500
TIMELINE 33 833 241728452053900 2151500
LATENCY 2243900
TIMELINE 33 849 241728487778300 2243900
LATENCY 2135800
TIMELINE 33 865 241728530298300 2135800
LATENCY 2148500
TIMELINE 33 881 241728565131200 2148500
LATENCY 2263700
TIMELINE 33 897 241728600647900 2263700
LATENCY 2183000
TIMELINE 33 913 241728635532200 2183000
LATENCY 2249000
TIMELINE 33 929 241728670842700 2249000
LATENCY 2119300
TIMELINE 33 945 241728706105700 2119300
LATENCY 2244700
TIMELINE 33 961 241728742450700 2244700
LATENCY 2200800
TIMELINE 33 977 241728777703400 2200800
LATENCY 2123300
TIMELINE 33 993 241728820138500 2123300
LATENCY 2114700
TIMELINE 33 1009 241728854508200 2114700
LATENCY 2162000
TIMELINE 33 1025 241728888935400 2162000
LATENCY 2130600
TIMELINE 33 1041 241728923872200 2130600
LATENCY 2183400
TIMELINE 33 1057 241728958661800 2183400
LATENCY 2225500
TIMELINE 33 1073 241728993264200 2225500
LATENCY 2188600
TIMELINE 33 1089 241729029909000 2188600
LATENCY 2188000
TIMELINE 33 1105 241729070450600 2188000
LATENCY 2409000
TIMELINE 33 1121 241729105364800 2409000
LATENCY 2115400
TIMELINE 33 1137 241729141332600 2115400
LATENCY 2134800
TIMELINE 33 1153 241729176031000 2134800
LATENCY 2163400
TIMELINE 33 1169 241729212172100 2163400
LATENCY 2127900
TIMELINE 33 1185 241729247212300 2127900
LATENCY 2120300
TIMELINE 33 1201 241729282262900 2120300
LATENCY 3869600
TIMELINE 33 1217 241729318537500 3869600
LATENCY 2158800
TIMELINE 33 1233 241729361857400 2158800
LATENCY 2127800
TIMELINE 33 1249 241729396502500 2127800
LATENCY 1981700
TIMELINE 33 1265 241729431484100 1981700
LATENCY 2611300
TIMELINE 33 1281 241729471735100 2611300
LATENCY 2702400
TIMELINE 33 1297 241729514524300 2702400
LATENCY 3023800
TIMELINE 33 1313 241729560483800 3023800
LATENCY 2709200
TIMELINE 33 1329 241729606023400 2709200
LATENCY 2683500
TIMELINE 33 1345 241729655455500 2683500
LATENCY 2756500
TIMELINE 33 1361 241729698869600 2756500
LATENCY 2894200
TIMELINE 33 1377 241729742968400 2894200
LATENCY 2808300
TIMELINE 33 1393 241729789655700 2808300
LATENCY 2607600
TIMELINE 33 1409 241729837415500 2607600
LATENCY 2701800
TIMELINE 33 1425 241729879603200 2701800
LATENCY 2796200
TIMELINE 33 1441 241729924045500 2796200
LATENCY 2906900
TIMELINE 33 1457 241729974315600 2906900
LATENCY 2703700
TIMELINE 33 1473 241730022537200 2703700
LATENCY 2553100
TIMELINE 33 1489 241730066265100 2553100
LATENCY 2800300
TIMELINE 33 1505 241730111301200 2800300
LATENCY 2605400
TIMELINE 33 1521 241730154177800 2605400
LATENCY 3202200
TIMELINE 33 1537 241730199944200 3202200
LATENCY 2684400
TIMELINE 33 1553 241730247269600 2684400
LATENCY 2604200
TIMELINE 33 1569 241730291423800 2604200
LATENCY 2791600
TIMELINE 33 1585 241730339775400 2791600
LATENCY 2608400
TIMELINE 33 1601 241730383042700 2608400
LATENCY 2713000
TIMELINE 33 1617 241730425386300 2713000
LATENCY 2743600
TIMELINE 33 1633 241730469984200 2743600
LATENCY 2612100
TIMELINE 33 1649 241730514563600 2612100
LATENCY 2616000
TIMELINE 33 1665 241730558568300 2616000
LATENCY 2655300
TIMELINE 33 1681 241730601150200 2655300
LATENCY 2840900
TIMELINE 33 1697 241730643957300 2840900
LATENCY 2901600
TIMELINE 33 1713 241730696257600 2901600
LATENCY 2925400
TIMELINE 33 1729 241730743431000 2925400
LATENCY 2824400
TIMELINE 33 1745 241730789523000 2824400
LATENCY 2708300
TIMELINE 33 1761 241730837753800 2708300
LATENCY 2720900
TIMELINE 33 1777 241730881313300 2720900
LATENCY 2794200
TIMELINE 33 1793 241730925146800 2794200
LATENCY 2827700
TIMELINE 33 1809 241730972442600 2827700
LATENCY 2584800
TIMELINE 33 1825 241731024538400 2584800
LATENCY 2757700
TIMELINE 33 1841 241731068842100 2757700
LATENCY 3025000
TIMELINE 33 1857 241731113833500 3025000
LATENCY 2613900
TIMELINE 33 1873 241731158549500 2613900
LATENCY 2627100
TIMELINE 33 1889 241731200833300 2627100
LATENCY 2672100
TIMELINE 33 1905 241731242663000 2672100
LATENCY 2740300
TIMELINE 33 1921 241731286741100 2740300
LATENCY 7688900
TIMELINE 33 1937 241731332307700 7688900
LATENCY 2598700
TIMELINE 33 1953 241731381161400 2598700
LATENCY 2594300
TIMELINE 33 1969 241731424252300 2594300
LATENCY 3312400
TIMELINE 33 1985 241731469212300 3312400
LATENCY 3101700
TIMELINE 33 2001 241731519614100 3101700
LATENCY 2705500
TIMELINE 33 2017 241731563633600 2705500
LATENCY 2671200
TIMELINE 33 2033 241731607773100 2671200
LATENCY 2638700
TIMELINE 34 2 241726521175700 2638700
LATENCY 2306300
TIMELINE 34 18 241726572098200 2306300
LATENCY 2252900
TIMELINE 34 34 241726610066000 2252900
LATENCY 2265700
TIMELINE 34 50 241726652330100 2265700
LATENCY 2528600
TIMELINE 34 66 241726689851900 2528600
LATENCY 2233400
TIMELINE 34 82 241726727547600 2233400
LATENCY 2826500
TIMELINE 34 98 241726768846700 2826500
LATENCY 2397500
TIMELINE 34 114 241726820084300 2397500
LATENCY 2190800
TIMELINE 34 130 241726858364900 2190800
LATENCY 2217100
TIMELINE 34 146 241726894269600 2217100
LATENCY 2161800
TIMELINE 34 162 241726931686800 2161800
LATENCY 2254000
TIMELINE 34 178 241726970893700 2254000
LATENCY 2311400
TIMELINE 34 194 241727007135200 2311400
LATENCY 2139600
TIMELINE 34 210 241727043417000 2139600
LATENCY 2159200
TIMELINE 34 226 241727078780200 2159200
LATENCY 2086400
TIMELINE 34 242 241727119206700 2086400
LATENCY 2116700
TIMELINE 34 258 241727153303600 2116700
LATENCY 2234400
TIMELINE 34 274 241727188481400 2234400
LATENCY 2309300
TIMELINE 34 290 241727223968600 2309300
LATENCY 2063500
TIMELINE 34 306 241727258884800 2063500
LATENCY 2090300
TIMELINE 34 322 241727292182600 2090300
LATENCY 2403400
TIMELINE 34 338 241727326995800 2403400
LATENCY 2470000
TIMELINE 34 354 241727362982000 2470000
LATENCY 2175800
TIMELINE 34 370 241727407406200 2175800
LATENCY 2431200
TIMELINE 34 386 241727444425900 2431200
LATENCY 2157800
TIMELINE 34 402 241727479697000 2157800
LATENCY 2224100
TIMELINE 34 418 241727515098500 2224100
LATENCY 2214300
TIMELINE 34 434 241727550204500 2214300
LATENCY 2241300
TIMELINE 34 450 241727585930900 2241300
LATENCY 2159200
TIMELINE 34 466 241727620982400 2159200
LATENCY 2411500
TIMELINE 34 482 241727655942100 2411500
LATENCY 2237000
TIMELINE 34 498 241727698327900 2237000
LATENCY 2172400
TIMELINE 34 514 241727733829500 2172400
LATENCY 2175200
TIMELINE 34 530 241727769160200 2175200
LATENCY 2139100
TIMELINE 34 546 241727808209400 2139100
LATENCY 2171100
TIMELINE 34 562 241727842811100 2171100
LATENCY 2158000
TIMELINE 34 578 241727876941600 2158000
LATENCY 2136200
TIMELINE 34 594 241727912418000 2136200
LATENCY 2146400
TIMELINE 34 610 241727947111200 2146400
LATENCY 2240700
TIMELINE 34 626 241727990525900 2240700
LATENCY 2061200
TIMELINE 34 642 241728024262700 2061200
LATENCY 2151400
TIMELINE 34 658 241728058777400 2151400
LATENCY 2132800
TIMELINE 34 674 241728093654800 2132800
LATENCY 2282800
TIMELINE 34 690 241728127798600 2282800
LATENCY 2148000
TIMELINE 34 706 241728162315800 2148000
LATENCY 2275400
TIMELINE 34 722 241728198092600 2275400
LATENCY 2195200
TIMELINE 34 738 241728233424400 2195200
LATENCY 2245300
TIMELINE 34 754 241728276882700 2245300
LATENCY 2257500
TIMELINE 34 770 241728312631500 2257500
LATENCY 2168000
TIMELINE 34 786 241728348537800 2168000
LATENCY 2213000
TIMELINE 34 802 241728384076700 2213000
LATENCY 2167700
TIMELINE 34 818 241728418862400 2167700
LATENCY 2152700
TIMELINE 34 834 241728453980400 2152700
LATENCY 2240700
TIMELINE 34 850 241728489705200 2240700
LATENCY 2158600
TIMELINE 34 866 241728532066900 2158600
LATENCY 2168800
TIMELINE 34 882 241728566942000 2168800
LATENCY 2184000
TIMELINE 34 898 241728602394200 2184000
LATENCY 2178400
TIMELINE 34 914 241728637244500 2178400
LATENCY 2186600
TIMELINE 34 930 241728672779700 2186600
LATENCY 2132600
TIMELINE 34 946 241728707802800 2132600
LATENCY 2302400
TIMELINE 34 962 241728744059400 2302400
LATENCY 2151700
TIMELINE 34 978 241728779264400 2151700
LATENCY 2138000
TIMELINE 34 994 241728821676900 2138000
LATENCY 2148800
TIMELINE 34 1010 241728856013900 2148800
LATENCY 2161400
TIMELINE 34 1026 241728890475600 2161400
LATENCY 2126000
TIMELINE 34 1042 241728925478000 2126000
LATENCY 2163200
TIMELINE 34 1058 241728960081200 2163200
LATENCY 2298100
TIMELINE 34 1074 241728994629900 2298100
LATENCY 2230200
TIMELINE 34 1090 241729031792000 2230200
LATENCY 2220100
TIMELINE 34 1106 241729072322100 2220100
LATENCY 2646600
TIMELINE 34 1122 241729107403100 2646600
LATENCY 2147800
TIMELINE 34 1138 241729143329300 2147800
LATENCY 2097400
TIMELINE 34 1154 241729177995800 2097400
LATENCY 2206700
TIMELINE 34 1170 241729214139200 2206700
LATENCY 2128500
TIMELINE 34 1186 241729249119600 2128500
LATENCY 2149200
TIMELINE 34 1202 241729284092300 2149200
LATENCY 2607000
TIMELINE 34 1218 241729322116000 2607000
LATENCY 2169600
TIMELINE 34 1234 241729363713400 2169600
LATENCY 2166700
TIMELINE 34 1250 241729398339400 2166700
LATENCY 2448700
TIMELINE 34 1266 241729433403000 2448700
LATENCY 2662100
TIMELINE 34 1282 241729474132600 2662100
LATENCY 2745800
TIMELINE 34 1298 241729517077600 2745800
LATENCY 2710800
TIMELINE 34 1314 241729563343000 2710800
LATENCY 2719200
TIMELINE 34 1330 241729608543600 2719200
LATENCY 2865100
TIMELINE 34 1346 241729657954500 2865100
LATENCY 2766700
TIMELINE 34 1362 241729701444100 2766700
LATENCY 3042800
TIMELINE 34 1378 241729745670000 3042800
LATENCY 2906700
TIMELINE 34 1394 241729792273000 2906700
LATENCY 2582300
TIMELINE 34 1410 241729839880900 2582300
LATENCY 2611300
TIMELINE 34 1426 241729882169300 2611300
LATENCY 2912000
TIMELINE 34 1442 241729926694100 2912000
LATENCY 2730000
TIMELINE 34 1458 241729977083500 2730000
LATENCY 2702100
TIMELINE 34 1474 241730025137700 2702100
LATENCY 3543200
TIMELINE 34 1490 241730068709200 3543200
LATENCY 2792700
TIMELINE 34 1506 241730114026200 2792700
LATENCY 2620600
TIMELINE 34 1522 241730156709300 2620600
LATENCY 2789300
TIMELINE 34 1538 241730203074600 2789300
LATENCY 3183000
TIMELINE 34 1554 241730249868700 3183000
LATENCY 2618300
TIMELINE 34 1570 241730293947000 2618300
LATENCY 2701700
TIMELINE 34 1586 241730342693300 2701700
LATENCY 2575900
TIMELINE 34 1602 241730385765600 2575900
LATENCY 2870600
TIMELINE 34 1618 241730428218500 2870600
LATENCY 3029000
TIMELINE 34 1634 241730472838700 3029000
LATENCY 2768500
TIMELINE 34 1650 241730517344400 2768500
LATENCY 2595200
TIMELINE 34 1666 241730561328700 2595200
LATENCY 2649700
TIMELINE 34 1682 241730603957300 2649700
LATENCY 7682100
TIMELINE 34 1698 241730646969300 7682100
LATENCY 3042600
TIMELINE 34 1714 241730699337400 3042600
LATENCY 2955500
TIMELINE 34 1730 241730746500100 2955500
LATENCY 2873400
TIMELINE 34 1746 241730792467500 2873400
LATENCY 2752200
TIMELINE 34 1762 241730840591300 2752200
LATENCY 2709100
TIMELINE 34 1778 241730884105100 2709100
LATENCY 2729200
TIMELINE 34 1794 241730928027400 2729200
LATENCY 2767500
TIMELINE 34 1810 241730975232800 2767500
LATENCY 2662500
TIMELINE 34 1826 241731027650900 2662500
LATENCY 2752000
TIMELINE 34 1842 241731072131800 2752000
LATENCY 2999200
TIMELINE 34 1858 241731117439700 2999200
LATENCY 2613700
TIMELINE 34 1874 241731161663500 2613700
LATENCY 2658800
TIMELINE 34 1890 241731203932000 2658800
LATENCY 2687900
TIMELINE 34 1906 241731245834800 2687900
LATENCY 2712500
TIMELINE 34 1922 241731289931300 2712500
LATENCY 3019800
TIMELINE 34 1938 241731340525000 3019800
LATENCY 2621000
TIMELINE 34 1954 241731384255900 2621000
LATENCY 2957100
TIMELINE 34 1970 241731427462500 2957100
LATENCY 3147900
TIMELINE 34 1986 241731473295900 3147900
LATENCY 2683900
TIMELINE 34 2002 241731523296300 2683900
LATENCY 2700000
TIMELINE 34 2018 241731566931800 2700000
LATENCY 2690600
TIMELINE 34 2034 241731611069100 2690600
LATENCY 3554300
TIMELINE 35 3 241726523996900 3554300
LATENCY 2334300
TIMELINE 35 19 241726574574800 2334300
LATENCY 2354800
TIMELINE 35 35 241726612440500 2354800
LATENCY 2300600
TIMELINE 35 51 241726654687900 2300600
LATENCY 2381200
TIMELINE 35 67 241726692485700 2381200
LATENCY 2291600
TIMELINE 35 83 241726729940200 2291600
LATENCY 2636100
TIMELINE 35 99 241726771860900 2636100
LATENCY 2279000
TIMELINE 35 115 241726822626700 2279000
LATENCY 2234700
TIMELINE 35 131 241726860758100 2234700
LATENCY 2317400
TIMELINE 35 147 241726896771500 2317400
LATENCY 2325700
TIMELINE 35 163 241726934150700 2325700
LATENCY 2315400
TIMELINE 35 179 241726973322100 2315400
LATENCY 2161200
TIMELINE 35 195 241727009925400 2161200
LATENCY 2204200
TIMELINE 35 211 241727045981400 2204200
LATENCY 2229200
TIMELINE 35 227 241727081439800 2229200
LATENCY 2104300
TIMELINE 35 243 241727121805900 2104300
LATENCY 2093400
TIMELINE 35 259 241727155944300 2093400
LATENCY 2160700
TIMELINE 35 275 241727191246300 2160700
LATENCY 2322200
TIMELINE 35 291 241727226818600 2322200
LATENCY 2092100
TIMELINE 35 307 241727261377500 2092100
LATENCY 2039000
TIMELINE 35 323 241727294696000 2039000
LATENCY 2336500
TIMELINE 35 339 241727329766400 2336500
LATENCY 2373100
TIMELINE 35 355 241727369594500 2373100
LATENCY 2252700
TIMELINE 35 371 241727413377900 2252700
LATENCY 2168300
TIMELINE 35 387 241727450930800 2168300
LATENCY 2109800
TIMELINE 35 403 241727485571300 2109800
LATENCY 2166800
TIMELINE 35 419 241727521586100 2166800
LATENCY 2158500
TIMELINE 35 435 241727556600400 2158500
LATENCY 2388700
TIMELINE 35 451 241727592550400 2388700
LATENCY 2128300
TIMELINE 35 467 241727627376500 2128300
LATENCY 2284300
TIMELINE 35 483 241727662867600 2284300
LATENCY 2199100
TIMELINE 35 499 241727704927900 2199100
LATENCY 2207900
TIMELINE 35 515 241727740163500 2207900
LATENCY 4621200
TIMELINE 35 531 241727778480000 4621200
LATENCY 2120800
TIMELINE 35 547 241727816354700 2120800
LATENCY 2111100
TIMELINE 35 563 241727850760700 2111100
LATENCY 2107300
TIMELINE 35 579 241727884879000 2107300
LATENCY 2120700
TIMELINE 35 595 241727920446200 2120700
LATENCY 2097300
TIMELINE 35 611 241727955215100 2097300
LATENCY 2149100
TIMELINE 35 627 241727998664300 2149100
LATENCY 2195600
TIMELINE 35 643 241728032361800 2195600
LATENCY 2261800
TIMELINE 35 659 241728067006100 2261800
LATENCY 2098900
TIMELINE 35 675 241728101589000 2098900
LATENCY 2185000
TIMELINE 35 691 241728136062300 2185000
LATENCY 2099400
TIMELINE 35 707 241728170181600 2099400
LATENCY 2154400
TIMELINE 35 723 241728206427300 2154400
LATENCY 9266600
TIMELINE 35 739 241728241540300 9266600
LATENCY 2214800
TIMELINE 35 755 241728285153200 2214800
LATENCY 2415500
TIMELINE 35 771 241728320948900 2415500
LATENCY 2246500
TIMELINE 35 787 241728356350300 2246500
LATENCY 2110400
TIMELINE 35 803 241728392037300 2110400
LATENCY 2240300
TIMELINE 35 819 241728426693800 2240300
LATENCY 2128500
TIMELINE 35 835 241728461918700 2128500
LATENCY 2142200
TIMELINE 35 851 241728497704900 2142200
LATENCY 2126600
TIMELINE 35 867 241728539907000 2126600
LATENCY 2215700
TIMELINE 35 883 241728575167300 2215700
LATENCY 2209200
TIMELINE 35 899 241728610239900 2209200
LATENCY 2134100
TIMELINE 35 915 241728645008400 2134100
LATENCY 2230200
TIMELINE 35 931 241728680725100 2230200
LATENCY 2096700
TIMELINE 35 947 241728715624400 2096700
LATENCY 2174100
TIMELINE 35 963 241728752310000 2174100
LATENCY 2182900
TIMELINE 35 979 241728794867900 2182900
LATENCY 2150400
TIMELINE 35 995 241728829496800 2150400
LATENCY 2130900
TIMELINE 35 1011 241728863816300 2130900
LATENCY 2250100
TIMELINE 35 1027 241728898302900 2250100
LATENCY 2131700
TIMELINE 35 1043 241728933486000 2131700
LATENCY 2117200
TIMELINE 35 1059 241728967894300 2117200
LATENCY 2229600
TIMELINE 35 1075 241729002629400 2229600
LATENCY 2118400
TIMELINE 35 1091 241729039399000 2118400
LATENCY 2138500
TIMELINE 35 1107 241729080008500 2138500
LATENCY 2343900
TIMELINE 35 1123 241729115576200 2343900
LATENCY 2117300
TIMELINE 35 1139 241729150891300 2117300
LATENCY 2330700
TIMELINE 35 1155 241729185700200 2330700
LATENCY 2173400
TIMELINE 35 1171 241729221932800 2173400
LATENCY 2152700
TIMELINE 35 1187 241729256717100 2152700
LATENCY 2170800
TIMELINE 35 1203 241729291777400 2170800
LATENCY 2144400
TIMELINE 35 1219 241729336039200 2144400
LATENCY 2146100
TIMELINE 35 1235 241729371272600 2146100
LATENCY 2158400
TIMELINE 35 1251 241729405903000 2158400
LATENCY 2507300
TIMELINE 35 1267 241729442665800 2507300
LATENCY 2760800
TIMELINE 35 1283 241729484465000 2760800
LATENCY 2811900
TIMELINE 35 1299 241729527508300 2811900
LATENCY 2632800
TIMELINE 35 1315 241729573652600 2632800
LATENCY 2759700
TIMELINE 35 1331 241729619195800 2759700
LATENCY 2756100
TIMELINE 35 1347 241729668578500 2756100
LATENCY 2729500
TIMELINE 35 1363 241729711826900 2729500
LATENCY 3006100
TIMELINE 35 1379 241729756976500 3006100
LATENCY 2797600
TIMELINE 35 1395 241729803751400 2797600
LATENCY 2626100
TIMELINE 35 1411 241729849917400 2626100
LATENCY 2769000
TIMELINE 35 1427 241729892550300 2769000
LATENCY 2587800
TIMELINE 35 1443 241729937401300 2587800
LATENCY 2592900
TIMELINE 35 1459 241729992902400 2592900
LATENCY 2573700
TIMELINE 35 1475 241730035290400 2573700
LATENCY 2662300
TIMELINE 35 1491 241730080452900 2662300
LATENCY 2634400
TIMELINE 35 1507 241730125019000 2634400
LATENCY 2833700
TIMELINE 35 1523 241730167193000 2833700
LATENCY 2814300
TIMELINE 35 1539 241730213951200 2814300
LATENCY 2598100
TIMELINE 35 1555 241730261143400 2598100
LATENCY 2686700
TIMELINE 35 1571 241730304103400 2686700
LATENCY 2716000
TIMELINE 35 1587 241730353202400 2716000
LATENCY 2562600
TIMELINE 35 1603 241730395756600 2562600
LATENCY 2789900
TIMELINE 35 1619 241730438966900 2789900
LATENCY 2686500
TIMELINE 35 1635 241730484142400 2686500
LATENCY 2845300
TIMELINE 35 1651 241730527564100 2845300
LATENCY 3033200
TIMELINE 35 1667 241730571189900 3033200
LATENCY 2727400
TIMELINE 35 1683 241730614076600 2727400
LATENCY 3076300
TIMELINE 35 1699 241730662593700 3076300
LATENCY 3262400
TIMELINE 35 1715 241730710866000 3262400
LATENCY 2839400
TIMELINE 35 1731 241730758039200 2839400
LATENCY 2785600
TIMELINE 35 1747 241730803177900 2785600
LATENCY 2691300
TIMELINE 35 1763 241730850909600 2691300
LATENCY 2755100
TIMELINE 35 1779 241730894299300 2755100
LATENCY 3955500
TIMELINE 35 1795 241730938738000 3955500
LATENCY 2861000
TIMELINE 35 1811 241730986195200 2861000
LATENCY 2893600
TIMELINE 35 1827 241731039258300 2893600
LATENCY 2828800
TIMELINE 35 1843 241731084028500 2828800
LATENCY 2753200
TIMELINE 35 1859 241731129675800 2753200
LATENCY 2588000
TIMELINE 35 1875 241731172637500 2588000
LATENCY 2620800
TIMELINE 35 1891 241731214987100 2620800
LATENCY 2718100
TIMELINE 35 1907 241731257391000 2718100
LATENCY 2867600
TIMELINE 35 1923 241731301639500 2867600
LATENCY 2734800
TIMELINE 35 1939 241731352582200 2734800
LATENCY 2712400
TIMELINE 35 1955 241731395509800 2712400
LATENCY 2560600
TIMELINE 35 1971 241731439147900 2560600
LATENCY 2996600
TIMELINE 35 1987 241731486423800 2996600
LATENCY 2705200
TIMELINE 35 2003 241731535027000 2705200
LATENCY 2660900
TIMELINE 35 2019 241731578501000 2660900
LATENCY 2712200
TIMELINE 35 2035 241731622662700 2712200
LATENCY 2992300
TIMELINE 36 4 241726527404600 2992300
LATENCY 2317900
TIMELINE 36 20 241726576723300 2317900
LATENCY 2255200
TIMELINE 36 36 241726614517600 2255200
LATENCY 2212800
TIMELINE 36 52 241726656751100 2212800
LATENCY 2352700
TIMELINE 36 68 241726694596900 2352700
LATENCY 2376300
TIMELINE 36 84 241726732170800 2376300
LATENCY 2839900
TIMELINE 36 100 241726774538200 2839900
LATENCY 2407000
TIMELINE 36 116 241726825078100 2407000
LATENCY 2256900
TIMELINE 36 132 241726863213700 2256900
LATENCY 2267800
TIMELINE 36 148 241726899361400 2267800
LATENCY 2235300
TIMELINE 36 164 241726936714900 2235300
LATENCY 2366000
TIMELINE 36 180 241726974393200 2366000
LATENCY 2169700
TIMELINE 36 196 241727010796600 2169700
LATENCY 2258900
TIMELINE 36 212 241727046874900 2258900
LATENCY 2185400
TIMELINE 36 228 241727082324000 2185400
LATENCY 2125400
TIMELINE 36 244 241727122593500 2125400
LATENCY 2076800
TIMELINE 36 260 241727156728500 2076800
LATENCY 2175100
TIMELINE 36 276 241727192093300 2175100
LATENCY 2180200
TIMELINE 36 292 241727227790600 2180200
LATENCY 2099600
TIMELINE 36 308 241727262215000 2099600
LATENCY 2062800
TIMELINE 36 324 241727295530600 2062800
LATENCY 2589300
TIMELINE 36 340 241727330583400 2589300
LATENCY 2693300
TIMELINE 36 356 241727367600600 2693300
LATENCY 2244800
TIMELINE 36 372 241727411478400 2244800
LATENCY 2214700
TIMELINE 36 388 241727449084800 2214700
LATENCY 2106400
TIMELINE 36 404 241727483696500 2106400
LATENCY 2173800
TIMELINE 36 420 241727519347200 2173800
LATENCY 2139400
TIMELINE 36 436 241727554231400 2139400
LATENCY 2178500
TIMELINE 36 452 241727589995400 2178500
LATENCY 2105600
TIMELINE 36 468 241727624944100 2105600
LATENCY 2339300
TIMELINE 36 484 241727660291200 2339300
LATENCY 2261100
TIMELINE 36 500 241727702376700 2261100
LATENCY 2174900
TIMELINE 36 516 241727737724400 2174900
LATENCY 5229900
TIMELINE 36 532 241727773062000 5229900
LATENCY 2162200
TIMELINE 36 548 241727814023700 2162200
LATENCY 2123300
TIMELINE 36 564 241727848457300 2123300
LATENCY 2069700
TIMELINE 36 580 241727882748300 2069700
LATENCY 2122400
TIMELINE 36 596 241727918208200 2122400
LATENCY 2148700
TIMELINE 36 612 241727952946000 2148700
LATENCY 2097400
TIMELINE 36 628 241727996248600 2097400
LATENCY 2346800
TIMELINE 36 644 241728029696900 2346800
LATENCY 2307200
TIMELINE 36 660 241728064508700 2307200
LATENCY 2142300
TIMELINE 36 676 241728099305800 2142300
LATENCY 2280500
TIMELINE 36 692 241728133649200 2280500
LATENCY 2087800
TIMELINE 36 708 241728167972000 2087800
LATENCY 2230600
TIMELINE 36 724 241728203673500 2230600
LATENCY 2191500
TIMELINE 36 740 241728238670600 2191500
LATENCY 2292100
TIMELINE 36 756 241728282153800 2292100
LATENCY 2340800
TIMELINE 36 772 241728318108600 2340800
LATENCY 2189800
TIMELINE 36 788 241728353753500 2189800
LATENCY 2170000
TIMELINE 36 804 241728389449900 2170000
LATENCY 2143200
TIMELINE 36 820 241728424110000 2143200
LATENCY 2205000
TIMELINE 36 836 241728459235300 2205000
LATENCY 2182100
TIMELINE 36 852 241728495108900 2182100
LATENCY 2190300
TIMELINE 36 868 241728537250000 2190300
LATENCY 2279200
TIMELINE 36 884 241728572329500 2279200
LATENCY 2139300
TIMELINE 36 900 241728607369200 2139300
LATENCY 2161600
TIMELINE 36 916 241728642132900 2161600
LATENCY 2334700
TIMELINE 36 932 241728677728700 2334700
LATENCY 2177100
TIMELINE 36 948 241728712756300 2177100
LATENCY 2257600
TIMELINE 36 964 241728749417700 2257600
LATENCY 9929500
TIMELINE 36 980 241728784402500 9929500
LATENCY 2147700
TIMELINE 36 996 241728826827500 2147700
LATENCY 2117200
TIMELINE 36 1012 241728861160900 2117200
LATENCY 2156800
TIMELINE 36 1028 241728895614600 2156800
LATENCY 2317200
TIMELINE 36 1044 241728930514600 2317200
LATENCY 2122300
TIMELINE 36 1060 241728965102600 2122300
LATENCY 2129900
TIMELINE 36 1076 241728999811400 2129900
LATENCY 2166300
TIMELINE 36 1092 241729036415600 2166300
LATENCY 2153900
TIMELINE 36 1108 241729077173000 2153900
LATENCY 2254500
TIMELINE 36 1124 241729112631100 2254500
LATENCY 2167300
TIMELINE 36 1140 241729148051000 2167300
LATENCY 2244000
TIMELINE 36 1156 241729182744400 2244000
LATENCY 2144500
TIMELINE 36 1172 241729219225600 2144500
LATENCY 2149800
TIMELINE 36 1188 241729254043100 2149800
LATENCY 2199800
TIMELINE 36 1204 241729289045000 2199800
LATENCY 2443300
TIMELINE 36 1220 241729332911500 2443300
LATENCY 2143000
TIMELINE 36 1236 241729368524600 2143000
LATENCY 2123900
TIMELINE 36 1252 241729403206800 2123900
LATENCY 2398900
TIMELINE 36 1268 241729439413600 2398900
LATENCY 2627800
TIMELINE 36 1284 241729480873800 2627800
LATENCY 2710600
TIMELINE 36 1300 241729523879000 2710600
LATENCY 2665900
TIMELINE 36 1316 241729570050400 2665900
LATENCY 2745200
TIMELINE 36 1332 241729615453000 2745200
LATENCY 2667100
TIMELINE 36 1348 241729664931600 2667100
LATENCY 2614700
TIMELINE 36 1364 241729708280700 2614700
LATENCY 2950600
TIMELINE 36 1380 241729752982400 2950600
LATENCY 3253300
TIMELINE 36 1396 241729799499000 3253300
LATENCY 2647600
TIMELINE 36 1412 241729846331000 2647600
LATENCY 2796700
TIMELINE 36 1428 241729888796700 2796700
LATENCY 2735200
TIMELINE 36 1444 241729933606600 2735200
LATENCY 2743100
TIMELINE 36 1460 241729988901300 2743100
LATENCY 2543700
TIMELINE 36 1476 241730031537800 2543700
LATENCY 2650000
TIMELINE 36 1492 241730076556400 2650000
LATENCY 2893400
TIMELINE 36 1508 241730120856400 2893400
LATENCY 2731500
TIMELINE 36 1524 241730163039600 2731500
LATENCY 2972500
TIMELINE 36 1540 241730209556100 2972500
LATENCY 2728300
TIMELINE 36 1556 241730257086900 2728300
LATENCY 2598900
TIMELINE 36 1572 241730300190900 2598900
LATENCY 2741300
TIMELINE 36 1588 241730349102500 2741300
LATENCY 2637500
TIMELINE 36 1604 241730391847500 2637500
LATENCY 2694100
TIMELINE 36 1620 241730434936300 2694100
LATENCY 2954500
TIMELINE 36 1636 241730479823600 2954500
LATENCY 2751500
TIMELINE 36 1652 241730523559500 2751500
LATENCY 2628100
TIMELINE 36 1668 241730567334500 2628100
LATENCY 2702000
TIMELINE 36 1684 241730610115100 2702000
LATENCY 2905100
TIMELINE 36 1700 241730658378700 2905100
LATENCY 3123600
TIMELINE 36 1716 241730706277800 3123600
LATENCY 3242400
TIMELINE 36 1732 241730753289500 3242400
LATENCY 2850100
TIMELINE 36 1748 241730799024600 2850100
LATENCY 2706900
TIMELINE 36 1764 241730846948100 2706900
LATENCY 2730600
TIMELINE 36 1780 241730890289000 2730600
LATENCY 2685900
TIMELINE 36 1796 241730934440200 2685900
LATENCY 2909800
TIMELINE 36 1812 241730981803200 2909800
LATENCY 2820200
TIMELINE 36 1828 241731033505800 2820200
LATENCY 2928100
TIMELINE 36 1844 241731078094600 2928100
LATENCY 2770000
TIMELINE 36 1860 241731123829100 2770000
LATENCY 2592100
TIMELINE 36 1876 241731167268900 2592100
LATENCY 2595200
TIMELINE 36 1892 241731209607600 2595200
LATENCY 2739800
TIMELINE 36 1908 241731251675900 2739800
LATENCY 2719700
TIMELINE 36 1924 241731295804500 2719700
LATENCY 2788200
TIMELINE 36 1940 241731346920500 2788200
LATENCY 2710500
TIMELINE 36 1956 241731389947000 2710500
LATENCY 2688300
TIMELINE 36 1972 241731433521300 2688300
LATENCY 3036200
TIMELINE 36 1988 241731479904200 3036200
LATENCY 2665500
TIMELINE 36 2004 241731529364600 2665500
LATENCY 2694600
TIMELINE 36 2020 241731572726000 2694600
LATENCY 2696300
TIMELINE 36 2036 241731616871000 2696300
LATENCY 6399400
TIMELINE 37 5 241726530792300 6399400
LATENCY 2311200
TIMELINE 37 21 241726579265700 2311200
LATENCY 2276100
TIMELINE 37 37 241726617015700 2276100
LATENCY 2239900
TIMELINE 37 53 241726659173800 2239900
LATENCY 2350900
TIMELINE 37 69 241726697174300 2350900
LATENCY 2694600
TIMELINE 37 85 241726734432100 2694600
LATENCY 2848000
TIMELINE 37 101 241726776952700 2848000
LATENCY 2406000
TIMELINE 37 117 241726827079700 2406000
LATENCY 2209700
TIMELINE 37 133 241726865022200 2209700
LATENCY 2273600
TIMELINE 37 149 241726901056500 2273600
LATENCY 2220800
TIMELINE 37 165 241726938377000 2220800
LATENCY 2154700
TIMELINE 37 181 241726977028200 2154700
LATENCY 2367900
TIMELINE 37 197 241727013438300 2367900
LATENCY 2097600
TIMELINE 37 213 241727049495200 2097600
LATENCY 2200500
TIMELINE 37 229 241727084949800 2200500
LATENCY 2065800
TIMELINE 37 245 241727125188200 2065800
LATENCY 2122700
TIMELINE 37 261 241727159354400 2122700
LATENCY 2218700
TIMELINE 37 277 241727194885600 2218700
LATENCY 2081000
TIMELINE 37 293 241727230575400 2081000
LATENCY 2060800
TIMELINE 37 309 241727264841400 2060800
LATENCY 2058500
TIMELINE 37 325 241727298145700 2058500
LATENCY 2480200
TIMELINE 37 341 241727333806000 2480200
LATENCY 2230400
TIMELINE 37 357 241727372125600 2230400
LATENCY 2257200
TIMELINE 37 373 241727415567700 2257200
LATENCY 2202600
TIMELINE 37 389 241727453032200 2202600
LATENCY 2133700
TIMELINE 37 405 241727487507700 2133700
LATENCY 2169700
TIMELINE 37 421 241727523174300 2169700
LATENCY 2255600
TIMELINE 37 437 241727558208200 2255600
LATENCY 2243100
TIMELINE 37 453 241727594273500 2243100
LATENCY 2110300
TIMELINE 37 469 241727628987600 2110300
LATENCY 2208700
TIMELINE 37 485 241727664656800 2208700
LATENCY 2164300
TIMELINE 37 501 241727706627300 2164300
LATENCY 2187400
TIMELINE 37 517 241727741873700 2187400
LATENCY 3845400
TIMELINE 37 533 241727776475500 3845400
LATENCY 2134300
TIMELINE 37 549 241727814877900 2134300
LATENCY 2139000
TIMELINE 37 565 241727849301500 2139000
LATENCY 2073000
TIMELINE 37 581 241727883411900 2073000
LATENCY 2107900
TIMELINE 37 597 241727918967900 2107900
LATENCY 2138300
TIMELINE 37 613 241727953664400 2138300
LATENCY 2104500
TIMELINE 37 629 241727997150100 2104500
LATENCY 2474700
TIMELINE 37 645 241728030741500 2474700
LATENCY 2254700
TIMELINE 37 661 241728065522100 2254700
LATENCY 2120600
TIMELINE 37 677 241728100081400 2120600
LATENCY 2289500
TIMELINE 37 693 241728134540200 2289500
LATENCY 2093600
TIMELINE 37 709 241728168795500 2093600
LATENCY 2214200
TIMELINE 37 725 241728205235200 2214200
LATENCY 9225800
TIMELINE 37 741 241728240395700 9225800
LATENCY 2225900
TIMELINE 37 757 241728283846800 2225900
LATENCY 2471700
TIMELINE 37 773 241728319419000 2471700
LATENCY 2213200
TIMELINE 37 789 241728354979400 2213200
LATENCY 2119700
TIMELINE 37 805 241728390756900 2119700
LATENCY 2171800
TIMELINE 37 821 241728425405000 2171800
LATENCY 2169500
TIMELINE 37 837 241728460659600 2169500
LATENCY 2174300
TIMELINE 37 853 241728496544800 2174300
LATENCY 2184600
TIMELINE 37 869 241728538695100 2184600
LATENCY 2394800
TIMELINE 37 885 241728573821100 2394800
LATENCY 2163200
TIMELINE 37 901 241728609078800 2163200
LATENCY 2162000
TIMELINE 37 917 241728643828200 2162000
LATENCY 2216100
TIMELINE 37 933 241728679549700 2216100
LATENCY 2111100
TIMELINE 37 949 241728714398700 2111100
LATENCY 2175800
TIMELINE 37 965 241728751090900 2175800
LATENCY 2263500
TIMELINE 37 981 241728793599900 2263500
LATENCY 2135800
TIMELINE 37 997 241728828327400 2135800
LATENCY 2133000
TIMELINE 37 1013 241728862651500 2133000
LATENCY 2138700
TIMELINE 37 1029 241728897112500 2138700
LATENCY 2212700
TIMELINE 37 1045 241728932151700 2212700
LATENCY 2104300
TIMELINE 37 1061 241728966650700 2104300
LATENCY 2143700
TIMELINE 37 1077 241729001300600 2143700
LATENCY 2178100
TIMELINE 37 1093 241729037580700 2178100
LATENCY 2169700
TIMELINE 37 1109 241729078199700 2169700
LATENCY 2237300
TIMELINE 37 1125 241729113815300 2237300
LATENCY 2127800
TIMELINE 37 1141 241729149205800 2127800
LATENCY 2419100
TIMELINE 37 1157 241729183797300 2419100
LATENCY 2155300
TIMELINE 37 1173 241729220089400 2155300
LATENCY 2131000
TIMELINE 37 1189 241729254858300 2131000
LATENCY 2169300
TIMELINE 37 1205 241729289833300 2169300
LATENCY 2436900
TIMELINE 37 1221 241729333898400 2436900
LATENCY 2167700
TIMELINE 37 1237 241729369414100 2167700
LATENCY 2139400
TIMELINE 37 1253 241729404081700 2139400
LATENCY 2421300
TIMELINE 37 1269 241729440364100 2421300
LATENCY 2631300
TIMELINE 37 1285 241729481987500 2631300
LATENCY 2658200
TIMELINE 37 1301 241729525031400 2658200
LATENCY 2691700
TIMELINE 37 1317 241729571148100 2691700
LATENCY 2761600
TIMELINE 37 1333 241729616620300 2761600
LATENCY 2736400
TIMELINE 37 1349 241729666026100 2736400
LATENCY 2601500
TIMELINE 37 1365 241729709426100 2601500
LATENCY 3018900
TIMELINE 37 1381 241729754182900 3018900
LATENCY 3199800
TIMELINE 37 1397 241729800737200 3199800
LATENCY 2672700
TIMELINE 37 1413 241729847428300 2672700
LATENCY 2711600
TIMELINE 37 1429 241729890051600 2711600
LATENCY 2751200
TIMELINE 37 1445 241729934861000 2751200
LATENCY 2589600
TIMELINE 37 1461 241729990524700 2589600
LATENCY 2652300
TIMELINE 37 1477 241730032852500 2652300
LATENCY 2653100
TIMELINE 37 1493 241730078016900 2653100
LATENCY 2625600
TIMELINE 37 1509 241730122571100 2625600
LATENCY 2762100
TIMELINE 37 1525 241730164593900 2762100
LATENCY 2990700
TIMELINE 37 1541 241730211123000 2990700
LATENCY 2606900
TIMELINE 37 1557 241730258680800 2606900
LATENCY 2603700
TIMELINE 37 1573 241730301645700 2603700
LATENCY 2747200
TIMELINE 37 1589 241730350607600 2747200
LATENCY 2594100
TIMELINE 37 1605 241730393299800 2594100
LATENCY 2699900
TIMELINE 37 1621 241730436419700 2699900
LATENCY 2940800
TIMELINE 37 1637 241730481393400 2940800
LATENCY 2733100
TIMELINE 37 1653 241730525107000 2733100
LATENCY 2618200
TIMELINE 37 1669 241730568815100 2618200
LATENCY 2636700
TIMELINE 37 1685 241730611660900 2636700
LATENCY 2847800
TIMELINE 37 1701 241730660028800 2847800
LATENCY 3153400
TIMELINE 37 1717 241730708035600 3153400
LATENCY 3427600
TIMELINE 37 1733 241730754879800 3427600
LATENCY 2807600
TIMELINE 37 1749 241730800632900 2807600
LATENCY 2731600
TIMELINE 37 1765 241730848441600 2731600
LATENCY 2719400
TIMELINE 37 1781 241730891839600 2719400
LATENCY 3456100
TIMELINE 37 1797 241730936037100 3456100
LATENCY 2895300
TIMELINE 37 1813 241730983379200 2895300
LATENCY 2749800
TIMELINE 37 1829 241731035274900 2749800
LATENCY 2877000
TIMELINE 37 1845 241731079920000 2877000
LATENCY 2722700
TIMELINE 37 1861 241731125702800 2722700
LATENCY 2595600
TIMELINE 37 1877 241731168877600 2595600
LATENCY 2589900
TIMELINE 37 1893 241731211226300 2589900
LATENCY 2755400
TIMELINE 37 1909 241731253382500 2755400
LATENCY 2792100
TIMELINE 37 1925 241731297497600 2792100
LATENCY 2693600
TIMELINE 37 1941 241731348557300 2693600
LATENCY 2689100
TIMELINE 37 1957 241731391563400 2689100
LATENCY 2680400
TIMELINE 37 1973 241731435143100 2680400
LATENCY 3082900
TIMELINE 37 1989 241731481756300 3082900
LATENCY 2679200
TIMELINE 37 2005 241731531044300 2679200
LATENCY 2709900
TIMELINE 37 2021 241731574419200 2709900
LATENCY 2715300
TIMELINE 37 2037 241731618514500 2715300
LATENCY 4305900
TIMELINE 38 6 241726537137500 4305900
LATENCY 2370100
TIMELINE 38 22 241726581516900 2370100
LATENCY 2358700
TIMELINE 38 38 241726619227000 2358700
LATENCY 2195200
TIMELINE 38 54 241726661262300 2195200
LATENCY 2325700
TIMELINE 38 70 241726699466400 2325700
LATENCY 2585200
TIMELINE 38 86 241726737096000 2585200
LATENCY 2800100
TIMELINE 38 102 241726780028200 2800100
LATENCY 2238200
TIMELINE 38 118 241726829724300 2238200
LATENCY 2200600
TIMELINE 38 134 241726867404700 2200600
LATENCY 2297900
TIMELINE 38 150 241726903634900 2297900
LATENCY 2205700
TIMELINE 38 166 241726940837300 2205700
LATENCY 2213500
TIMELINE 38 182 241726980077700 2213500
LATENCY 2189600
TIMELINE 38 198 241727016459200 2189600
LATENCY 2214300
TIMELINE 38 214 241727052141100 2214300
LATENCY 2246100
TIMELINE 38 230 241727087776300 2246100
LATENCY 2106900
TIMELINE 38 246 241727127827800 2106900
LATENCY 2211600
TIMELINE 38 262 241727162086500 2211600
LATENCY 2182300
TIMELINE 38 278 241727197584400 2182300
LATENCY 2140700
TIMELINE 38 294 241727233141400 2140700
LATENCY 2044400
TIMELINE 38 310 241727267373200 2044400
LATENCY 2037000
TIMELINE 38 326 241727300628600 2037000
LATENCY 2317800
TIMELINE 38 342 241727336873300 2317800
LATENCY 2347600
TIMELINE 38 358 241727374593800 2347600
LATENCY 2216500
TIMELINE 38 374 241727418101600 2216500
LATENCY 2158900
TIMELINE 38 390 241727455485500 2158900
LATENCY 2158300
TIMELINE 38 406 241727489910600 2158300
LATENCY 2349800
TIMELINE 38 422 241727525826900 2349800
LATENCY 2259000
TIMELINE 38 438 241727560802700 2259000
LATENCY 2157300
TIMELINE 38 454 241727596603800 2157300
LATENCY 2120000
TIMELINE 38 470 241727631131700 2120000
LATENCY 2300700
TIMELINE 38 486 241727667049600 2300700
LATENCY 2164200
TIMELINE 38 502 241727708921100 2164200
LATENCY 2211100
TIMELINE 38 518 241727744158000 2211100
LATENCY 2242600
TIMELINE 38 534 241727783418300 2242600
LATENCY 2244900
TIMELINE 38 550 241727818767300 2244900
LATENCY 2091100
TIMELINE 38 566 241727853178900 2091100
LATENCY 2077400
TIMELINE 38 582 241727887277000 2077400
LATENCY 2463400
TIMELINE 38 598 241727922940800 2463400
LATENCY 2243200
TIMELINE 38 614 241727957725600 2243200
LATENCY 2162400
TIMELINE 38 630 241728000996900 2162400
LATENCY 2181000
TIMELINE 38 646 241728034859400 2181000
LATENCY 2186700
TIMELINE 38 662 241728069614100 2186700
LATENCY 2105100
TIMELINE 38 678 241728103991900 2105100
LATENCY 2191300
TIMELINE 38 694 241728138650400 2191300
LATENCY 2179700
TIMELINE 38 710 241728172644800 2179700
LATENCY 2195600
TIMELINE 38 726 241728209430800 2195600
LATENCY 2343200
TIMELINE 38 742 241728251809100 2343200
LATENCY 2225900
TIMELINE 38 758 241728288408100 2225900
LATENCY 2299900
TIMELINE 38 774 241728324365400 2299900
LATENCY 2246200
TIMELINE 38 790 241728359563500 2246200
LATENCY 2300900
TIMELINE 38 806 241728395100500 2300900
LATENCY 2178600
TIMELINE 38 822 241728429893800 2178600
LATENCY 2159100
TIMELINE 38 838 241728464951400 2159100
LATENCY 2270500
TIMELINE 38 854 241728500828100 2270500
LATENCY 2153300
TIMELINE 38 870 241728543060800 2153300
LATENCY 2201000
TIMELINE 38 886 241728578254100 2201000
LATENCY 2182100
TIMELINE 38 902 241728613347300 2182100
LATENCY 2289700
TIMELINE 38 918 241728648051200 2289700
LATENCY 2187800
TIMELINE 38 934 241728683828700 2187800
LATENCY 2211500
TIMELINE 38 950 241728718469200 2211500
LATENCY 2166600
TIMELINE 38 966 241728755196900 2166600
LATENCY 2156600
TIMELINE 38 982 241728797812100 2156600
LATENCY 2145400
TIMELINE 38 998 241728832342800 2145400
LATENCY 2184300
TIMELINE 38 1014 241728866640400 2184300
LATENCY 2207700
TIMELINE 38 1030 241728901325500 2207700
LATENCY 2183000
TIMELINE 38 1046 241728936346400 2183000
LATENCY 2192000
TIMELINE 38 1062 241728970664900 2192000
LATENCY 2262700
TIMELINE 38 1078 241729005549300 2262700
LATENCY 2399400
TIMELINE 38 1094 241729041799700 2399400
LATENCY 2183100
TIMELINE 38 1110 241729082427800 2183100
LATENCY 2338800
TIMELINE 38 1126 241729118053700 2338800
LATENCY 2143600
TIMELINE 38 1142 241729153126900 2143600
LATENCY 2377500
TIMELINE 38 1158 241729188236100 2377500
LATENCY 2330700
TIMELINE 38 1174 241729224316000 2330700
LATENCY 2235900
TIMELINE 38 1190 241729259077000 2235900
LATENCY 2366400
TIMELINE 38 1206 241729294127600 2366400
LATENCY 2175500
TIMELINE 38 1222 241729338389800 2175500
LATENCY 2268200
TIMELINE 38 1238 241729373620900 2268200
LATENCY 2150300
TIMELINE 38 1254 241729408270100 2150300
LATENCY 2436400
TIMELINE 38 1270 241729445100600 2436400
LATENCY 2634700
TIMELINE 38 1286 241729487159500 2634700
LATENCY 2784200
TIMELINE 38 1302 241729530241300 2784200
LATENCY 2600400
TIMELINE 38 1318 241729576217500 2600400
LATENCY 2767200
TIMELINE 38 1334 241729621887000 2767200
LATENCY 2778700
TIMELINE 38 1350 241729671262900 2778700
LATENCY 2712800
TIMELINE 38 1366 241729714451900 2712800
LATENCY 3080200
TIMELINE 38 1382 241729759861800 3080200
LATENCY 2829300
TIMELINE 38 1398 241729806434100 2829300
LATENCY 2579300
TIMELINE 38 1414 241729852430300 2579300
LATENCY 2798000
TIMELINE 38 1430 241729895187000 2798000
LATENCY 2589900
TIMELINE 38 1446 241729939879900 2589900
LATENCY 2678700
TIMELINE 38 1462 241729995353000 2678700
LATENCY 2589700
TIMELINE 38 1478 241730037782700 2589700
LATENCY 2918200
TIMELINE 38 1494 241730082973200 2918200
LATENCY 2643300
TIMELINE 38 1510 241730127465900 2643300
LATENCY 2665000
TIMELINE 38 1526 241730169735600 2665000
LATENCY 2957800
TIMELINE 38 1542 241730216448900 2957800
LATENCY 2640100
TIMELINE 38 1558 241730263549600 2640100
LATENCY 2597600
TIMELINE 38 1574 241730306609300 2597600
LATENCY 2739800
TIMELINE 38 1590 241730355700100 2739800
LATENCY 2664300
TIMELINE 38 1606 241730398107300 2664300
LATENCY 2755300
TIMELINE 38 1622 241730441611000 2755300
LATENCY 2806900
TIMELINE 38 1638 241730486755200 2806900
LATENCY 2681200
TIMELINE 38 1654 241730530376800 2681200
LATENCY 2634600
TIMELINE 38 1670 241730574185600 2634600
LATENCY 2771200
TIMELINE 38 1686 241730616729000 2771200
LATENCY 2920600
TIMELINE 38 1702 241730665722800 2920600
LATENCY 3054800
TIMELINE 38 1718 241730714084600 3054800
LATENCY 2841100
TIMELINE 38 1734 241730760802000 2841100
LATENCY 2802100
TIMELINE 38 1750 241730805889000 2802100
LATENCY 2716100
TIMELINE 38 1766 241730853533300 2716100
LATENCY 2725600
TIMELINE 38 1782 241730896945000 2725600
LATENCY 2597400
TIMELINE 38 1798 241730942588200 2597400
LATENCY 3069300
TIMELINE 38 1814 241730988816100 3069300
LATENCY 2710700
TIMELINE 38 1830 241731042037100 2710700
LATENCY 2777700
TIMELINE 38 1846 241731086736800 2777700
LATENCY 2798900
TIMELINE 38 1862 241731132323100 2798900
LATENCY 2644900
TIMELINE 38 1878 241731175119000 2644900
LATENCY 2604100
TIMELINE 38 1894 241731217479700 2604100
LATENCY 2761600
TIMELINE 38 1910 241731260003900 2761600
LATENCY 2693200
TIMELINE 38 1926 241731304388100 2693200
LATENCY 2691500
TIMELINE 38 1942 241731355060700 2691500
LATENCY 2702100
TIMELINE 38 1958 241731397999700 2702100
LATENCY 2856900
TIMELINE 38 1974 241731441501600 2856900
LATENCY 3092700
TIMELINE 38 1990 241731489114000 3092700
LATENCY 2769200
TIMELINE 38 2006 241731537423700 2769200
LATENCY 2739800
TIMELINE 38 2022 241731580837800 2739800
LATENCY 2691000
TIMELINE 38 2038 241731624898800 2691000
LATENCY 4434100
TIMELINE 39 7 241726541217700 4434100
LATENCY 2359500
TIMELINE 39 23 241726583785700 2359500
LATENCY 2271800
TIMELINE 39 39 241726621503300 2271800
LATENCY 2170500
TIMELINE 39 55 241726663494200 2170500
LATENCY 2339500
TIMELINE 39 71 241726701893600 2339500
LATENCY 2435500
TIMELINE 39 87 241726739861100 2435500
LATENCY 2843100
TIMELINE 39 103 241726782874800 2843100
LATENCY 2420400
TIMELINE 39 119 241726831931700 2420400
LATENCY 2208200
TIMELINE 39 135 241726869700500 2208200
LATENCY 2245500
TIMELINE 39 151 241726906051700 2245500
LATENCY 2254200
TIMELINE 39 167 241726943288000 2254200
LATENCY 2187400
TIMELINE 39 183 241726982001100 2187400
LATENCY 2286200
TIMELINE 39 199 241727018246800 2286200
LATENCY 2177100
TIMELINE 39 215 241727053982100 2177100
LATENCY 2181700
TIMELINE 39 231 241727089487000 2181700
LATENCY 2093500
TIMELINE 39 247 241727129442100 2093500
LATENCY 2137800
TIMELINE 39 263 241727163806800 2137800
LATENCY 2167700
TIMELINE 39 279 241727199148700 2167700
LATENCY 2111300
TIMELINE 39 295 241727234677700 2111300
LATENCY 2055300
TIMELINE 39 311 241727268834200 2055300
LATENCY 2083300
TIMELINE 39 327 241727302148700 2083300
LATENCY 2192100
TIMELINE 39 343 241727338492000 2192100
LATENCY 2671100
TIMELINE 39 359 241727376127100 2671100
LATENCY 2265400
TIMELINE 39 375 241727419784400 2265400
LATENCY 2184000
TIMELINE 39 391 241727457471500 2184000
LATENCY 2133000
TIMELINE 39 407 241727491900400 2133000
LATENCY 2173400
TIMELINE 39 423 241727528002100 2173400
LATENCY 2186100
TIMELINE 39 439 241727563207800 2186100
LATENCY 2126300
TIMELINE 39 455 241727599106700 2126300
LATENCY 2195000
TIMELINE 39 471 241727633523500 2195000
LATENCY 2116600
TIMELINE 39 487 241727669532000 2116600
LATENCY 2140500
TIMELINE 39 503 241727711414700 2140500
LATENCY 2161500
TIMELINE 39 519 241727746718700 2161500
LATENCY 2257800
TIMELINE 39 535 241727787030500 2257800
LATENCY 2169200
TIMELINE 39 551 241727822331300 2169200
LATENCY 2167600
TIMELINE 39 567 241727856457700 2167600
LATENCY 2855500
TIMELINE 39 583 241727890504300 2855500
LATENCY 2154400
TIMELINE 39 599 241727926651400 2154400
LATENCY 2332700
TIMELINE 39 615 241727961414800 2332700
LATENCY 2093500
TIMELINE 39 631 241728004652800 2093500
LATENCY 2135600
TIMELINE 39 647 241728038588600 2135600
LATENCY 2131300
TIMELINE 39 663 241728073362700 2131300
LATENCY 2132300
TIMELINE 39 679 241728107676600 2132300
LATENCY 2129200
TIMELINE 39 695 241728142423800 2129200
LATENCY 2111700
TIMELINE 39 711 241728176382700 2111700
LATENCY 2145400
TIMELINE 39 727 241728212238800 2145400
LATENCY 2298300
TIMELINE 39 743 241728254845600 2298300
LATENCY 2145000
TIMELINE 39 759 241728291086000 2145000
LATENCY 2255100
TIMELINE 39 775 241728327183800 2255100
LATENCY 2189400
TIMELINE 39 791 241728362244900 2189400
LATENCY 2165500
TIMELINE 39 807 241728397943000 2165500
LATENCY 2168200
TIMELINE 39 823 241728432640100 2168200
LATENCY 2122700
TIMELINE 39 839 241728467727800 2122700
LATENCY 2150300
TIMELINE 39 855 241728503499600 2150300
LATENCY 2118200
TIMELINE 39 871 241728545603700 2118200
LATENCY 2113700
TIMELINE 39 887 241728580990900 2113700
LATENCY 2154100
TIMELINE 39 903 241728616371400 2154100
LATENCY 2224600
TIMELINE 39 919 241728651176300 2224600
LATENCY 2159100
TIMELINE 39 935 241728686707800 2159100
LATENCY 2293000
TIMELINE 39 951 241728721454500 2293000
LATENCY 2165500
TIMELINE 39 967 241728758174900 2165500
LATENCY 2186400
TIMELINE 39 983 241728800672400 2186400
LATENCY 2128800
TIMELINE 39 999 241728835195100 2128800
LATENCY 2161500
TIMELINE 39 1015 241728869526000 2161500
LATENCY 2228400
TIMELINE 39 1031 241728904313700 2228400
LATENCY 2124300
TIMELINE 39 1047 241728939254200 2124300
LATENCY 2125300
TIMELINE 39 1063 241728973627900 2125300
LATENCY 2298200
TIMELINE 39 1079 241729008605600 2298200
LATENCY 2349900
TIMELINE 39 1095 241729045819900 2349900
LATENCY 2112300
TIMELINE 39 1111 241729086079100 2112300
LATENCY 2155300
TIMELINE 39 1127 241729122100300 2155300
LATENCY 2156700
TIMELINE 39 1143 241729156852100 2156700
LATENCY 2184300
TIMELINE 39 1159 241729192148600 2184300
LATENCY 2213100
TIMELINE 39 1175 241729228213100 2213100
LATENCY 2133500
TIMELINE 39 1191 241729262742600 2133500
LATENCY 2388400
TIMELINE 39 1207 241729298364300 2388400
LATENCY 2190700
TIMELINE 39 1223 241729342012500 2190700
LATENCY 2168100
TIMELINE 39 1239 241729377402100 2168100
LATENCY 2160400
TIMELINE 39 1255 241729411931700 2160400
LATENCY 2341500
TIMELINE 39 1271 241729449333900 2341500
LATENCY 2611400
TIMELINE 39 1287 241729491849900 2611400
LATENCY 2938700
TIMELINE 39 1303 241729535512300 2938700
LATENCY 3694700
TIMELINE 39 1319 241729580886000 3694700
LATENCY 2747700
TIMELINE 39 1335 241729626771800 2747700
LATENCY 2729600
TIMELINE 39 1351 241729676203800 2729600
LATENCY 2766300
TIMELINE 39 1367 241729719391000 2766300
LATENCY 2834800
TIMELINE 39 1383 241729765493600 2834800
LATENCY 5545000
TIMELINE 39 1399 241729811697500 5545000
LATENCY 2671100
TIMELINE 39 1415 241729857102200 2671100
LATENCY 2721400
TIMELINE 39 1431 241729900162500 2721400
LATENCY 5785100
TIMELINE 39 1447 241729945134600 5785100
LATENCY 2584200
TIMELINE 39 1463 241730000204800 2584200
LATENCY 3021400
TIMELINE 39 1479 241730042924500 3021400
LATENCY 2718300
TIMELINE 39 1495 241730088394600 2718300
LATENCY 2661400
TIMELINE 39 1511 241730132149600 2661400
LATENCY 2681300
TIMELINE 39 1527 241730174606500 2681300
LATENCY 2830800
TIMELINE 39 1543 241730221601200 2830800
LATENCY 2612000
TIMELINE 39 1559 241730268227800 2612000
LATENCY 3005500
TIMELINE 39 1575 241730311291000 3005500
LATENCY 2707100
TIMELINE 39 1591 241730360645000 2707100
LATENCY 2652200
TIMELINE 39 1607 241730402980100 2652200
LATENCY 2769900
TIMELINE 39 1623 241730446568600 2769900
LATENCY 2762200
TIMELINE 39 1639 241730491600200 2762200
LATENCY 2669400
TIMELINE 39 1655 241730535088600 2669400
LATENCY 2675800
TIMELINE 39 1671 241730578931200 2675800
LATENCY 2592700
TIMELINE 39 1687 241730621538000 2592700
LATENCY 3068000
TIMELINE 39 1703 241730670785100 3068000
LATENCY 2857500
TIMELINE 39 1719 241730719280600 2857500
LATENCY 2822200
TIMELINE 39 1735 241730765854100 2822200
LATENCY 3450700
TIMELINE 39 1751 241730810926000 3450700
LATENCY 2914500
TIMELINE 39 1767 241730858430200 2914500
LATENCY 2847700
TIMELINE 39 1783 241730901840800 2847700
LATENCY 2616200
TIMELINE 39 1799 241730947202800 2616200
LATENCY 3046800
TIMELINE 39 1815 241730994312400 3046800
LATENCY 2841500
TIMELINE 39 1831 241731046045600 2841500
LATENCY 2791100
TIMELINE 39 1847 241731090827900 2791100
LATENCY 2738700
TIMELINE 39 1863 241731136374500 2738700
LATENCY 2628400
TIMELINE 39 1879 241731178950300 2628400
LATENCY 2547800
TIMELINE 39 1895 241731221283300 2547800
LATENCY 2766400
TIMELINE 39 1911 241731264018800 2766400
LATENCY 2808200
TIMELINE 39 1927 241731308294500 2808200
LATENCY 2667400
TIMELINE 39 1943 241731359095100 2667400
LATENCY 2719500
TIMELINE 39 1959 241731402009900 2719500
LATENCY 2763800
TIMELINE 39 1975 241731445588600 2763800
LATENCY 3074300
TIMELINE 39 1991 241731493742400 3074300
LATENCY 2749700
TIMELINE 39 2007 241731541073800 2749700
LATENCY 3063700
TIMELINE 39 2023 241731584558100 3063700
LATENCY 2813200
TIMELINE 39 2039 241731628517400 2813200
LATENCY 3210600
TIMELINE 40 8 241726545749000 3210600
LATENCY 2359800
TIMELINE 40 24 241726586181900 2359800
LATENCY 2437100
TIMELINE 40 40 241726623717000 2437100
LATENCY 2226700
TIMELINE 40 56 241726665555600 2226700
LATENCY 2473100
TIMELINE 40 72 241726703886500 2473100
LATENCY 2393300
TIMELINE 40 88 241726741964500 2393300
LATENCY 11821400
TIMELINE 40 104 241726785294400 11821400
LATENCY 2463500
TIMELINE 40 120 241726834094100 2463500
LATENCY 2209900
TIMELINE 40 136 241726871460000 2209900
LATENCY 2409800
TIMELINE 40 152 241726908051300 2409800
LATENCY 2233300
TIMELINE 40 168 241726945293500 2233300
LATENCY 2155400
TIMELINE 40 184 241726983361800 2155400
LATENCY 2295100
TIMELINE 40 200 241727019846600 2295100
LATENCY 2114100
TIMELINE 40 216 241727055524100 2114100
LATENCY 2062900
TIMELINE 40 232 241727091083900 2062900
LATENCY 2034400
TIMELINE 40 248 241727130971700 2034400
LATENCY 2275800
TIMELINE 40 264 241727165330900 2275800
LATENCY 2179300
TIMELINE 40 280 241727200763000 2179300
LATENCY 2082600
TIMELINE 40 296 241727236286900 2082600
LATENCY 2051300
TIMELINE 40 312 241727270363600 2051300
LATENCY 2150400
TIMELINE 40 328 241727303695100 2150400
LATENCY 2254800
TIMELINE 40 344 241727340308700 2254800
LATENCY 2425900
TIMELINE 40 360 241727378475100 2425900
LATENCY 2352000
TIMELINE 40 376 241727421810000 2352000
LATENCY 2151500
TIMELINE 40 392 241727459162900 2151500
LATENCY 2121100
TIMELINE 40 408 241727493549100 2121100
LATENCY 2179200
TIMELINE 40 424 241727529682800 2179200
LATENCY 2185900
TIMELINE 40 440 241727564810600 2185900
LATENCY 2143100
TIMELINE 40 456 241727600564000 2143100
LATENCY 2166500
TIMELINE 40 472 241727635019900 2166500
LATENCY 2107900
TIMELINE 40 488 241727670976400 2107900
LATENCY 2233500
TIMELINE 40 504 241727712700500 2233500
LATENCY 2161300
TIMELINE 40 520 241727748063900 2161300
LATENCY 2267500
TIMELINE 40 536 241727787521300 2267500
LATENCY 2163700
TIMELINE 40 552 241727822877600 2163700
LATENCY 2117300
TIMELINE 40 568 241727857054000 2117300
LATENCY 2818300
TIMELINE 40 584 241727891222700 2818300
LATENCY 2171300
TIMELINE 40 600 241727927090000 2171300
LATENCY 2293000
TIMELINE 40 616 241727961838800 2293000
LATENCY 2097700
TIMELINE 40 632 241728004712100 2097700
LATENCY 2142000
TIMELINE 40 648 241728038825000 2142000
LATENCY 2151700
TIMELINE 40 664 241728073529200 2151700
LATENCY 2129500
TIMELINE 40 680 241728107792400 2129500
LATENCY 2127700
TIMELINE 40 696 241728142540200 2127700
LATENCY 2115700
TIMELINE 40 712 241728176524800 2115700
LATENCY 2174100
TIMELINE 40 728 241728213033800 2174100
LATENCY 2319700
TIMELINE 40 744 241728255829200 2319700
LATENCY 2279700
TIMELINE 40 760 241728292051400 2279700
LATENCY 2264500
TIMELINE 40 776 241728328249900 2264500
LATENCY 2249000
TIMELINE 40 792 241728363251800 2249000
LATENCY 2149500
TIMELINE 40 808 241728398885600 2149500
LATENCY 2240000
TIMELINE 40 824 241728433551300 2240000
LATENCY 2117800
TIMELINE 40 840 241728468640300 2117800
LATENCY 2332900
TIMELINE 40 856 241728504514700 2332900
LATENCY 2130300
TIMELINE 40 872 241728546613000 2130300
LATENCY 2233900
TIMELINE 40 888 241728581914800 2233900
LATENCY 2166400
TIMELINE 40 904 241728617035300 2166400
LATENCY 2168700
TIMELINE 40 920 241728651890800 2168700
LATENCY 2181500
TIMELINE 40 936 241728687461000 2181500
LATENCY 2197600
TIMELINE 40 952 241728722316800 2197600
LATENCY 2249800
TIMELINE 40 968 241728758935100 2249800
LATENCY 2168700
TIMELINE 40 984 241728801533000 2168700
LATENCY 2110200
TIMELINE 40 1000 241728836056700 2110200
LATENCY 2150600
TIMELINE 40 1016 241728870364100 2150600
LATENCY 2167400
TIMELINE 40 1032 241728905200300 2167400
LATENCY 2139300
TIMELINE 40 1048 241728940122500 2139300
LATENCY 2116200
TIMELINE 40 1064 241728974509200 2116200
LATENCY 2941200
TIMELINE 40 1080 241729009515300 2941200
LATENCY 2293700
TIMELINE 40 1096 241729047230400 2293700
LATENCY 2133300
TIMELINE 40 1112 241729087331800 2133300
LATENCY 2166700
TIMELINE 40 1128 241729123606900 2166700
LATENCY 2165300
TIMELINE 40 1144 241729158358500 2165300
LATENCY 2203800
TIMELINE 40 1160 241729193778000 2203800
LATENCY 2183600
TIMELINE 40 1176 241729229864500 2183600
LATENCY 2179200
TIMELINE 40 1192 241729264330800 2179200
LATENCY 2286900
TIMELINE 40 1208 241729300217300 2286900
LATENCY 2344700
TIMELINE 40 1224 241729343667700 2344700
LATENCY 2172800
TIMELINE 40 1240 241729379033500 2172800
LATENCY 2128900
TIMELINE 40 1256 241729413553700 2128900
LATENCY 2240400
TIMELINE 40 1272 241729451476100 2240400
LATENCY 2633600
TIMELINE 40 1288 241729494237400 2633600
LATENCY 2944500
TIMELINE 40 1304 241729538200300 2944500
LATENCY 3177000
TIMELINE 40 1320 241729583960700 3177000
LATENCY 2698900
TIMELINE 40 1336 241729629289900 2698900
LATENCY 2699000
TIMELINE 40 1352 241729678692300 2699000
LATENCY 2732000
TIMELINE 40 1368 241729721927200 2732000
LATENCY 2880100
TIMELINE 40 1384 241729768085800 2880100
LATENCY 3329400
TIMELINE 40 1400 241729816569600 3329400
LATENCY 2608800
TIMELINE 40 1416 241729859539700 2608800
LATENCY 2858600
TIMELINE 40 1432 241729902705800 2858600
LATENCY 5139100
TIMELINE 40 1448 241729950199400 5139100
LATENCY 2568100
TIMELINE 40 1464 241730002437700 2568100
LATENCY 3046300
TIMELINE 40 1480 241730045522600 3046300
LATENCY 2716600
TIMELINE 40 1496 241730090720300 2716600
LATENCY 2607000
TIMELINE 40 1512 241730134453200 2607000
LATENCY 2753800
TIMELINE 40 1528 241730176860900 2753800
LATENCY 2807000
TIMELINE 40 1544 241730224049400 2807000
LATENCY 2606800
TIMELINE 40 1560 241730270467600 2606800
LATENCY 2892200
TIMELINE 40 1576 241730313844100 2892200
LATENCY 2750600
TIMELINE 40 1592 241730362980900 2750600
LATENCY 2641300
TIMELINE 40 1608 241730405258100 2641300
LATENCY 2796400
TIMELINE 40 1624 241730449024400 2796400
LATENCY 2828600
TIMELINE 40 1640 241730493973900 2828600
LATENCY 2738500
TIMELINE 40 1656 241730537399200 2738500
LATENCY 2624500
TIMELINE 40 1672 241730581257200 2624500
LATENCY 2590000
TIMELINE 40 1688 241730623761500 2590000
LATENCY 3084900
TIMELINE 40 1704 241730673460800 3084900
LATENCY 2839900
TIMELINE 40 1720 241730721767300 2839900
LATENCY 2803700
TIMELINE 40 1736 241730768313100 2803700
LATENCY 6152100
TIMELINE 40 1752 241730813543500 6152100
LATENCY 2722700
TIMELINE 40 1768 241730860972000 2722700
LATENCY 2786800
TIMELINE 40 1784 241730904259100 2786800
LATENCY 2929200
TIMELINE 40 1800 241730949510900 2929200
LATENCY 7627900
TIMELINE 40 1816 241730996927300 7627900
LATENCY 2973500
TIMELINE 40 1832 241731049170200 2973500
LATENCY 2813000
TIMELINE 40 1848 241731093815600 2813000
LATENCY 2759800
TIMELINE 40 1864 241731139349100 2759800
LATENCY 2744600
TIMELINE 40 1880 241731181805100 2744600
LATENCY 2587300
TIMELINE 40 1896 241731224055500 2587300
LATENCY 2898200
TIMELINE 40 1912 241731267009000 2898200
LATENCY 3377400
TIMELINE 40 1928 241731311327800 3377400
LATENCY 2717200
TIMELINE 40 1944 241731362033500 2717200
LATENCY 2716800
TIMELINE 40 1960 241731404983200 2716800
LATENCY 2716100
TIMELINE 40 1976 241731448618800 2716100
LATENCY 3107800
TIMELINE 40 1992 241731496985600 3107800
LATENCY 2928100
TIMELINE 40 2008 241731544531600 2928100
LATENCY 2891300
TIMELINE 40 2024 241731588465600 2891300
LATENCY 2972300
TIMELINE 40 2040 241731632152400 2972300
LATENCY 3114900
TIMELINE 41 9 241726549000000 3114900
LATENCY 2220000
TIMELINE 41 25 241726588578500 2220000
LATENCY 2425200
TIMELINE 41 41 241726626301700 2425200
LATENCY 2268300
TIMELINE 41 57 241726667990200 2268300
LATENCY 2381200
TIMELINE 41 73 241726706835000 2381200
LATENCY 2533800
TIMELINE 41 89 241726744921300 2533800
LATENCY 2873000
TIMELINE 41 105 241726797687600 2873000
LATENCY 2417900
TIMELINE 41 121 241726837082500 2417900
LATENCY 2186300
TIMELINE 41 137 241726874152100 2186300
LATENCY 2379100
TIMELINE 41 153 241726910733600 2379100
LATENCY 2217500
TIMELINE 41 169 241726947791200 2217500
LATENCY 2420800
TIMELINE 41 185 241726986936300 2420800
LATENCY 2164600
TIMELINE 41 201 241727023397800 2164600
LATENCY 2183500
TIMELINE 41 217 241727058981700 2183500
LATENCY 2092800
TIMELINE 41 233 241727094395000 2092800
LATENCY 2037400
TIMELINE 41 249 241727134293900 2037400
LATENCY 2227500
TIMELINE 41 265 241727168983300 2227500
LATENCY 2145500
TIMELINE 41 281 241727204205300 2145500
LATENCY 2095600
TIMELINE 41 297 241727239665500 2095600
LATENCY 2116500
TIMELINE 41 313 241727273693100 2116500
LATENCY 2204900
TIMELINE 41 329 241727307085600 2204900
LATENCY 2226000
TIMELINE 41 345 241727343670300 2226000
LATENCY 2434900
TIMELINE 41 361 241727380486200 2434900
LATENCY 2322400
TIMELINE 41 377 241727423580500 2322400
LATENCY 2165600
TIMELINE 41 393 241727460763900 2165600
LATENCY 2254500
TIMELINE 41 409 241727495095100 2254500
LATENCY 2181600
TIMELINE 41 425 241727531299600 2181600
LATENCY 2206700
TIMELINE 41 441 241727566400600 2206700
LATENCY 2315000
TIMELINE 41 457 241727602249500 2315000
LATENCY 2154400
TIMELINE 41 473 241727636773100 2154400
LATENCY 2129300
TIMELINE 41 489 241727672624900 2129300
LATENCY 2296000
TIMELINE 41 505 241727714624400 2296000
LATENCY 2169100
TIMELINE 41 521 241727749932900 2169100
LATENCY 2293100
TIMELINE 41 537 241727789887300 2293100
LATENCY 2153900
TIMELINE 41 553 241727825105900 2153900
LATENCY 2241600
TIMELINE 41 569 241727859033500 2241600
LATENCY 2537800
TIMELINE 41 585 241727893846100 2537800
LATENCY 2210800
TIMELINE 41 601 241727929072500 2210800
LATENCY 2202000
TIMELINE 41 617 241727963864500 2202000
LATENCY 2193300
TIMELINE 41 633 241728006686500 2193300
LATENCY 2130300
TIMELINE 41 649 241728040665500 2130300
LATENCY 2179900
TIMELINE 41 665 241728075379300 2179900
LATENCY 2133200
TIMELINE 41 681 241728109502600 2133200
LATENCY 2115000
TIMELINE 41 697 241728144195500 2115000
LATENCY 1910300
TIMELINE 41 713 241728178128100 1910300
LATENCY 2168600
TIMELINE 41 729 241728213305300 2168600
LATENCY 2339500
TIMELINE 41 745 241728255886500 2339500
LATENCY 2259300
TIMELINE 41 761 241728291971000 2259300
LATENCY 2239400
TIMELINE 41 777 241728328164800 2239400
LATENCY 2239700
TIMELINE 41 793 241728363162700 2239700
LATENCY 2153400
TIMELINE 41 809 241728398766800 2153400
LATENCY 2200900
TIMELINE 41 825 241728433438800 2200900
LATENCY 2120100
TIMELINE 41 841 241728468493500 2120100
LATENCY 2307000
TIMELINE 41 857 241728504344600 2307000
LATENCY 2119400
TIMELINE 41 873 241728546448000 2119400
LATENCY 2208300
TIMELINE 41 889 241728581743800 2208300
LATENCY 2165400
TIMELINE 41 905 241728616863100 2165400
LATENCY 2195200
TIMELINE 41 921 241728651715500 2195200
LATENCY 2166700
TIMELINE 41 937 241728687292200 2166700
LATENCY 2196200
TIMELINE 41 953 241728722163600 2196200
LATENCY 2176200
TIMELINE 41 969 241728758807500 2176200
LATENCY 2161700
TIMELINE 41 985 241728801314800 2161700
LATENCY 2114000
TIMELINE 41 1001 241728835912500 2114000
LATENCY 2144500
TIMELINE 41 1017 241728870254800 2144500
LATENCY 2218300
TIMELINE 41 1033 241728904950700 2218300
LATENCY 2134800
TIMELINE 41 1049 241728939928000 2134800
LATENCY 2113500
TIMELINE 41 1065 241728974342500 2113500
LATENCY 2447000
TIMELINE 41 1081 241729009320900 2447000
LATENCY 2374200
TIMELINE 41 1097 241729046339100 2374200
LATENCY 2124900
TIMELINE 41 1113 241729086565100 2124900
LATENCY 2156900
TIMELINE 41 1129 241729122513300 2156900
LATENCY 2156400
TIMELINE 41 1145 241729157255200 2156400
LATENCY 2202200
TIMELINE 41 1161 241729192617100 2202200
LATENCY 2221400
TIMELINE 41 1177 241729228622900 2221400
LATENCY 2200800
TIMELINE 41 1193 241729263126800 2200800
LATENCY 2391000
TIMELINE 41 1209 241729298816800 2391000
LATENCY 2268300
TIMELINE 41 1225 241729342636500 2268300
LATENCY 2175200
TIMELINE 41 1241 241729377933400 2175200
LATENCY 2148900
TIMELINE 41 1257 241729412457000 2148900
LATENCY 2340700
TIMELINE 41 1273 241729449836800 2340700
LATENCY 2633000
TIMELINE 41 1289 241729492365500 2633000
LATENCY 2944700
TIMELINE 41 1305 241729536076300 2944700
LATENCY 3774200
TIMELINE 41 1321 241729581354000 3774200
LATENCY 2719100
TIMELINE 41 1337 241729627334000 2719100
LATENCY 2765100
TIMELINE 41 1353 241729676734200 2765100
LATENCY 2781600
TIMELINE 41 1369 241729719977900 2781600
LATENCY 2845600
TIMELINE 41 1385 241729766086300 2845600
LATENCY 5748200
TIMELINE 41 1401 241729812330700 5748200
LATENCY 2637800
TIMELINE 41 1417 241729857670000 2637800
LATENCY 2723100
TIMELINE 41 1433 241729900755400 2723100
LATENCY 6406100
TIMELINE 41 1449 241729945849200 6406100
LATENCY 2561900
TIMELINE 41 1465 241730000792900 2561900
LATENCY 3054600
TIMELINE 41 1481 241730043527100 3054600
LATENCY 2720100
TIMELINE 41 1497 241730089023500 2720100
LATENCY 2600400
TIMELINE 41 1513 241730132781600 2600400
LATENCY 2688600
TIMELINE 41 1529 241730175175800 2688600
LATENCY 2827600
TIMELINE 41 1545 241730222148500 2827600
LATENCY 2604400
TIMELINE 41 1561 241730268745400 2604400
LATENCY 3178200
TIMELINE 41 1577 241730311811200 3178200
LATENCY 2749200
TIMELINE 41 1593 241730361263700 2749200
LATENCY 2643000
TIMELINE 41 1609 241730403589300 2643000
LATENCY 2754900
TIMELINE 41 1625 241730447291400 2754900
LATENCY 2820400
TIMELINE 41 1641 241730492355000 2820400
LATENCY 2622000
TIMELINE 41 1657 241730535860600 2622000
LATENCY 2656200
TIMELINE 41 1673 241730579677200 2656200
LATENCY 2596600
TIMELINE 41 1689 241730622228500 2596600
LATENCY 3093100
TIMELINE 41 1705 241730671585700 3093100
LATENCY 2831500
TIMELINE 41 1721 241730720104900 2831500
LATENCY 2823400
TIMELINE 41 1737 241730766641000 2823400
LATENCY 5018900
TIMELINE 41 1753 241730811721100 5018900
LATENCY 2908200
TIMELINE 41 1769 241730859226000 2908200
LATENCY 2838700
TIMELINE 41 1785 241730902632600 2838700
LATENCY 2620700
TIMELINE 41 1801 241730947985600 2620700
LATENCY 3051100
TIMELINE 41 1817 241730995105200 3051100
LATENCY 2843300
TIMELINE 41 1833 241731045960600 2843300
LATENCY 2792800
TIMELINE 41 1849 241731090743900 2792800
LATENCY 2741800
TIMELINE 41 1865 241731136288200 2741800
LATENCY 2626800
TIMELINE 41 1881 241731178872500 2626800
LATENCY 2547000
TIMELINE 41 1897 241731221206700 2547000
LATENCY 2753000
TIMELINE 41 1913 241731263950100 2753000
LATENCY 2797700
TIMELINE 41 1929 241731308230600 2797700
LATENCY 2663600
TIMELINE 41 1945 241731359062100 2663600
LATENCY 2726700
TIMELINE 41 1961 241731401965000 2726700
LATENCY 2747900
TIMELINE 41 1977 241731445554600 2747900
LATENCY 3072400
TIMELINE 41 1993 241731493618900 3072400
LATENCY 2728000
TIMELINE 41 2009 241731540966200 2728000
LATENCY 3075400
TIMELINE 41 2025 241731584417900 3075400
LATENCY 2798500
TIMELINE 41 2041 241731628401500 2798500
LATENCY 2686800
TIMELINE 42 10 241726552428600 2686800
LATENCY 2391900
TIMELINE 42 26 241726590982900 2391900
LATENCY 3743400
TIMELINE 42 42 241726628805800 3743400
LATENCY 2381500
TIMELINE 42 58 241726670199900 2381500
LATENCY 2442600
TIMELINE 42 74 241726708876800 2442600
LATENCY 2565000
TIMELINE 42 90 241726747220300 2565000
LATENCY 2425600
TIMELINE 42 106 241726800401600 2425600
LATENCY 2508800
TIMELINE 42 122 241726839160800 2508800
LATENCY 2271500
TIMELINE 42 138 241726875976700 2271500
LATENCY 2287800
TIMELINE 42 154 241726912671500 2287800
LATENCY 2212400
TIMELINE 42 170 241726949659900 2212400
LATENCY 2338100
TIMELINE 42 186 241726988644400 2338100
LATENCY 2129800
TIMELINE 42 202 241727024867800 2129800
LATENCY 2248500
TIMELINE 42 218 241727060843500 2248500
LATENCY 8295700
TIMELINE 42 234 241727096139600 8295700
LATENCY 2072000
TIMELINE 42 250 241727135993100 2072000
LATENCY 2181700
TIMELINE 42 266 241727171031000 2181700
LATENCY 2242100
TIMELINE 42 282 241727206170700 2242100
LATENCY 2322700
TIMELINE 42 298 241727241606500 2322700
LATENCY 2127900
TIMELINE 42 314 241727275666800 2127900
LATENCY 2204500
TIMELINE 42 330 241727309201100 2204500
LATENCY 2211400
TIMELINE 42 346 241727346083200 2211400
LATENCY 2367000
TIMELINE 42 362 241727385998300 2367000
LATENCY 2290700
TIMELINE 42 378 241727429174600 2290700
LATENCY 2192800
TIMELINE 42 394 241727466043100 2192800
LATENCY 2265000
TIMELINE 42 410 241727500679500 2265000
LATENCY 2169200
TIMELINE 42 426 241727536429800 2169200
LATENCY 2337000
TIMELINE 42 442 241727571690100 2337000
LATENCY 2148200
TIMELINE 42 458 241727607719900 2148200
LATENCY 2187000
TIMELINE 42 474 241727642048800 2187000
LATENCY 2341800
TIMELINE 42 490 241727677777900 2341800
LATENCY 2176000
TIMELINE 42 506 241727720033500 2176000
LATENCY 2254500
TIMELINE 42 522 241727755150500 2254500
LATENCY 2260600
TIMELINE 42 538 241727796210800 2260600
LATENCY 2096400
TIMELINE 42 554 241727831151400 2096400
LATENCY 2116100
TIMELINE 42 570 241727865529300 2116100
LATENCY 2205100
TIMELINE 42 586 241727900824900 2205100
LATENCY 2221300
TIMELINE 42 602 241727935583300 2221300
LATENCY 2419300
TIMELINE 42 618 241727978059800 2419300
LATENCY 2058400
TIMELINE 42 634 241728013077000 2058400
LATENCY 2147700
TIMELINE 42 650 241728047027200 2147700
LATENCY 2140700
TIMELINE 42 666 241728082031700 2140700
LATENCY 2156100
TIMELINE 42 682 241728116135600 2156100
LATENCY 2157300
TIMELINE 42 698 241728150732000 2157300
LATENCY 2324000
TIMELINE 42 714 241728184765700 2324000
LATENCY 2266900
TIMELINE 42 730 241728220855200 2266900
LATENCY 2227600
TIMELINE 42 746 241728263696600 2227600
LATENCY 2160300
TIMELINE 42 762 241728300050500 2160300
LATENCY 2168300
TIMELINE 42 778 241728336014500 2168300
LATENCY 2169700
TIMELINE 42 794 241728371309200 2169700
LATENCY 2140800
TIMELINE 42 810 241728406426200 2140800
LATENCY 2227700
TIMELINE 42 826 241728441492800 2227700
LATENCY 2318800
TIMELINE 42 842 241728476560700 2318800
LATENCY 2151800
TIMELINE 42 858 241728512308000 2151800
LATENCY 2206400
TIMELINE 42 874 241728554423300 2206400
LATENCY 2175700
TIMELINE 42 890 241728589540100 2175700
LATENCY 2129500
TIMELINE 42 906 241728624883600 2129500
LATENCY 2183300
TIMELINE 42 922 241728659794400 2183300
LATENCY 2264700
TIMELINE 42 938 241728695495100 2264700
LATENCY 2331500
TIMELINE 42 954 241728730878800 2331500
LATENCY 2173600
TIMELINE 42 970 241728767063100 2173600
LATENCY 2237200
TIMELINE 42 986 241728809519800 2237200
LATENCY 2169900
TIMELINE 42 1002 241728843915300 2169900
LATENCY 2188600
TIMELINE 42 1018 241728878278000 2188600
LATENCY 2167500
TIMELINE 42 1034 241728913222900 2167500
LATENCY 2143700
TIMELINE 42 1050 241728948047000 2143700
LATENCY 2176000
TIMELINE 42 1066 241728982434900 2176000
LATENCY 2309600
TIMELINE 42 1082 241729018576300 2309600
LATENCY 7280900
TIMELINE 42 1098 241729054671100 7280900
LATENCY 2201300
TIMELINE 42 1114 241729094590600 2201300
LATENCY 2189200
TIMELINE 42 1130 241729130621500 2189200
LATENCY 2175400
TIMELINE 42 1146 241729165358200 2175400
LATENCY 2409900
TIMELINE 42 1162 241729200674700 2409900
LATENCY 2200600
TIMELINE 42 1178 241729236599100 2200600
LATENCY 2241100
TIMELINE 42 1194 241729271418200 2241100
LATENCY 2250900
TIMELINE 42 1210 241729307565100 2250900
LATENCY 2192600
TIMELINE 42 1226 241729350941600 2192600
LATENCY 2156400
TIMELINE 42 1242 241729385841700 2156400
LATENCY 2225700
TIMELINE 42 1258 241729420294900 2225700
LATENCY 2662200
TIMELINE 42 1274 241729459457000 2662200
LATENCY 2751000
TIMELINE 42 1290 241729501928500 2751000
LATENCY 2989900
TIMELINE 42 1306 241729546860800 2989900
LATENCY 2897800
TIMELINE 42 1322 241729592527200 2897800
LATENCY 3224700
TIMELINE 42 1338 241729641983700 3224700
LATENCY 2680500
TIMELINE 42 1354 241729686750100 2680500
LATENCY 2785700
TIMELINE 42 1370 241729729978200 2785700
LATENCY 2865500
TIMELINE 42 1386 241729776552300 2865500
LATENCY 2717600
TIMELINE 42 1402 241729824988700 2717600
LATENCY 2723600
TIMELINE 42 1418 241729867451200 2723600
LATENCY 3350900
TIMELINE 42 1434 241729910654100 3350900
LATENCY 2845400
TIMELINE 42 1450 241729960810400 2845400
LATENCY 2567200
TIMELINE 42 1466 241730010443500 2567200
LATENCY 2589700
TIMELINE 42 1482 241730054425100 2589700
LATENCY 2875800
TIMELINE 42 1498 241730098712900 2875800
LATENCY 2602200
TIMELINE 42 1514 241730142178500 2602200
LATENCY 2673300
TIMELINE 42 1530 241730184898800 2673300
LATENCY 2836400
TIMELINE 42 1546 241730232355000 2836400
LATENCY 2975200
TIMELINE 42 1562 241730278952000 2975200
LATENCY 2806200
TIMELINE 42 1578 241730327533900 2806200
LATENCY 2575300
TIMELINE 42 1594 241730371105400 2575300
LATENCY 2695700
TIMELINE 42 1610 241730412999600 2695700
LATENCY 2793400
TIMELINE 42 1626 241730457271000 2793400
LATENCY 2641700
TIMELINE 42 1642 241730502259600 2641700
LATENCY 2638100
TIMELINE 42 1658 241730545368400 2638100
LATENCY 2637300
TIMELINE 42 1674 241730589131700 2637300
LATENCY 2589600
TIMELINE 42 1690 241730631543200 2589600
LATENCY 3027400
TIMELINE 42 1706 241730682484400 3027400
LATENCY 2893000
TIMELINE 42 1722 241730730211000 2893000
LATENCY 2802800
TIMELINE 42 1738 241730776688400 2802800
LATENCY 2786400
TIMELINE 42 1754 241730825266800 2786400
LATENCY 2663700
TIMELINE 42 1770 241730869133800 2663700
LATENCY 2690000
TIMELINE 42 1786 241730912569400 2690000
LATENCY 3049100
TIMELINE 42 1802 241730958393200 3049100
LATENCY 3044200
TIMELINE 42 1818 241731010238200 3044200
LATENCY 2757400
TIMELINE 42 1834 241731057732600 2757400
LATENCY 2774000
TIMELINE 42 1850 241731102399800 2774000
LATENCY 2782300
TIMELINE 42 1866 241731147823900 2782300
LATENCY 2675300
TIMELINE 42 1882 241731190342800 2675300
LATENCY 2601300
TIMELINE 42 1898 241731232026200 2601300
LATENCY 2741700
TIMELINE 42 1914 241731275712500 2741700
LATENCY 2657800
TIMELINE 42 1930 241731320713700 2657800
LATENCY 2701300
TIMELINE 42 1946 241731370409300 2701300
LATENCY 2722000
TIMELINE 42 1962 241731413505800 2722000
LATENCY 2695300
TIMELINE 42 1978 241731457105100 2695300
LATENCY 3216800
TIMELINE 42 1994 241731506763700 3216800
LATENCY 2612800
TIMELINE 42 2010 241731553052900 2612800
LATENCY 2731600
TIMELINE 42 2026 241731597079700 2731600
LATENCY 2738000
TIMELINE 42 2042 241731640939300 2738000
LATENCY 2473700
TIMELINE 43 11 241726555053300 2473700
LATENCY 2547800
TIMELINE 43 27 241726593334500 2547800
LATENCY 3616300
TIMELINE 43 43 241726632658100 3616300
LATENCY 2414300
TIMELINE 43 59 241726672797800 2414300
LATENCY 2518400
TIMELINE 43 75 241726711596500 2518400
LATENCY 2586500
TIMELINE 43 91 241726750113300 2586500
LATENCY 2395600
TIMELINE 43 107 241726803226500 2395600
LATENCY 2385700
TIMELINE 43 123 241726842179700 2385700
LATENCY 2414600
TIMELINE 43 139 241726878684300 2414600
LATENCY 2500100
TIMELINE 43 155 241726915447400 2500100
LATENCY 2295700
TIMELINE 43 171 241726952283900 2295700
LATENCY 2426300
TIMELINE 43 187 241726989850200 2426300
LATENCY 2310200
TIMELINE 43 203 241727026047400 2310200
LATENCY 2358600
TIMELINE 43 219 241727061715300 2358600
LATENCY 8371900
TIMELINE 43 235 241727097002200 8371900
LATENCY 2076800
TIMELINE 43 251 241727136841400 2076800
LATENCY 2179500
TIMELINE 43 267 241727171914600 2179500
LATENCY 2237500
TIMELINE 43 283 241727207078700 2237500
LATENCY 2352300
TIMELINE 43 299 241727242490900 2352300
LATENCY 2076500
TIMELINE 43 315 241727276498300 2076500
LATENCY 2394700
TIMELINE 43 331 241727310030700 2394700
LATENCY 2204100
TIMELINE 43 347 241727346755500 2204100
LATENCY 2364300
TIMELINE 43 363 241727385905200 2364300
LATENCY 2290900
TIMELINE 43 379 241727428894100 2290900
LATENCY 2202000
TIMELINE 43 395 241727465730100 2202000
LATENCY 2298000
TIMELINE 43 411 241727500319600 2298000
LATENCY 2171400
TIMELINE 43 427 241727536257200 2171400
LATENCY 2304400
TIMELINE 43 443 241727571381400 2304400
LATENCY 2178700
TIMELINE 43 459 241727607390100 2178700
LATENCY 2196100
TIMELINE 43 475 241727641738600 2196100
LATENCY 2297500
TIMELINE 43 491 241727677577000 2297500
LATENCY 2173600
TIMELINE 43 507 241727719679500 2173600
LATENCY 2336300
TIMELINE 43 523 241727754783900 2336300
LATENCY 2193000
TIMELINE 43 539 241727792621500 2193000
LATENCY 2162700
TIMELINE 43 555 241727827681200 2162700
LATENCY 2120500
TIMELINE 43 571 241727861851900 2120500
LATENCY 2179400
TIMELINE 43 587 241727897076300 2179400
LATENCY 2173900
TIMELINE 43 603 241727931855400 2173900
LATENCY 9382800
TIMELINE 43 619 241727966865100 9382800
LATENCY 2068100
TIMELINE 43 635 241728009695400 2068100
LATENCY 2116100
TIMELINE 43 651 241728043593000 2116100
LATENCY 2292200
TIMELINE 43 667 241728078374400 2292200
LATENCY 2107600
TIMELINE 43 683 241728112596900 2107600
LATENCY 2087400
TIMELINE 43 699 241728147361700 2087400
LATENCY 2368800
TIMELINE 43 715 241728182506300 2368800
LATENCY 2193100
TIMELINE 43 731 241728218752000 2193100
LATENCY 2197500
TIMELINE 43 747 241728261771800 2197500
LATENCY 2159000
TIMELINE 43 763 241728298268900 2159000
LATENCY 2146500
TIMELINE 43 779 241728334224300 2146500
LATENCY 2184300
TIMELINE 43 795 241728369404500 2184300
LATENCY 2164700
TIMELINE 43 811 241728404563500 2164700
LATENCY 2245200
TIMELINE 43 827 241728439612200 2245200
LATENCY 2440000
TIMELINE 43 843 241728474542000 2440000
LATENCY 2171100
TIMELINE 43 859 241728510559200 2171100
LATENCY 2224400
TIMELINE 43 875 241728552590100 2224400
LATENCY 2127900
TIMELINE 43 891 241728587835500 2127900
LATENCY 2149700
TIMELINE 43 907 241728622352900 2149700
LATENCY 2164000
TIMELINE 43 923 241728657250900 2164000
LATENCY 2214000
TIMELINE 43 939 241728692986600 2214000
LATENCY 2463200
TIMELINE 43 955 241728728075700 2463200
LATENCY 2178800
TIMELINE 43 971 241728764667200 2178800
LATENCY 2155000
TIMELINE 43 987 241728807166600 2155000
LATENCY 2136200
TIMELINE 43 1003 241728841563500 2136200
LATENCY 2139400
TIMELINE 43 1019 241728875931400 2139400
LATENCY 2139000
TIMELINE 43 1035 241728910905900 2139000
LATENCY 2188500
TIMELINE 43 1051 241728945626800 2188500
LATENCY 2183000
TIMELINE 43 1067 241728980012400 2183000
LATENCY 2480700
TIMELINE 43 1083 241729015942600 2480700
LATENCY 2157500
TIMELINE 43 1099 241729052362900 2157500
LATENCY 2178600
TIMELINE 43 1115 241729092261000 2178600
LATENCY 2174800
TIMELINE 43 1131 241729128178800 2174800
LATENCY 2154000
TIMELINE 43 1147 241729162932200 2154000
LATENCY 2156400
TIMELINE 43 1163 241729198202400 2156400
LATENCY 2120400
TIMELINE 43 1179 241729234383400 2120400
LATENCY 2206000
TIMELINE 43 1195 241729269025900 2206000
LATENCY 2293900
TIMELINE 43 1211 241729305022800 2293900
LATENCY 2259100
TIMELINE 43 1227 241729348431000 2259100
LATENCY 2139400
TIMELINE 43 1243 241729383447700 2139400
LATENCY 2151800
TIMELINE 43 1259 241729417919500 2151800
LATENCY 2865000
TIMELINE 43 1275 241729456730000 2865000
LATENCY 2570700
TIMELINE 43 1291 241729499511800 2570700
LATENCY 2957700
TIMELINE 43 1307 241729544070900 2957700
LATENCY 2732100
TIMELINE 43 1323 241729589948900 2732100
LATENCY 7501500
TIMELINE 43 1339 241729634636600 7501500
LATENCY 2786700
TIMELINE 43 1355 241729684116900 2786700
LATENCY 2769400
TIMELINE 43 1371 241729727358600 2769400
LATENCY 2920500
TIMELINE 43 1387 241729773785300 2920500
LATENCY 2644800
TIMELINE 43 1403 241729822548900 2644800
LATENCY 2726600
TIMELINE 43 1419 241729864942500 2726600
LATENCY 2561000
TIMELINE 43 1435 241729908263600 2561000
LATENCY 2812200
TIMELINE 43 1451 241729958182700 2812200
LATENCY 2683600
TIMELINE 43 1467 241730007974100 2683600
LATENCY 2853000
TIMELINE 43 1483 241730051787300 2853000
LATENCY 2609300
TIMELINE 43 1499 241730096385400 2609300
LATENCY 2597700
TIMELINE 43 1515 241730139907400 2597700
LATENCY 2671100
TIMELINE 43 1531 241730182519900 2671100
LATENCY 2774500
TIMELINE 43 1547 241730229906800 2774500
LATENCY 3013200
TIMELINE 43 1563 241730276323900 3013200
LATENCY 2931900
TIMELINE 43 1579 241730324990400 2931900
LATENCY 2656400
TIMELINE 43 1595 241730368807300 2656400
LATENCY 2612800
TIMELINE 43 1611 241730410743200 2612800
LATENCY 2776400
TIMELINE 43 1627 241730454999900 2776400
LATENCY 2695900
TIMELINE 43 1643 241730500038600 2695900
LATENCY 2606900
TIMELINE 43 1659 241730543230400 2606900
LATENCY 2673300
TIMELINE 43 1675 241730586916000 2673300
LATENCY 2593100
TIMELINE 43 1691 241730629412600 2593100
LATENCY 2922100
TIMELINE 43 1707 241730680153900 2922100
LATENCY 2849200
TIMELINE 43 1723 241730727855100 2849200
LATENCY 2763300
TIMELINE 43 1739 241730774383700 2763300
LATENCY 2794200
TIMELINE 43 1755 241730822898300 2794200
LATENCY 2692900
TIMELINE 43 1771 241730866820300 2692900
LATENCY 2683500
TIMELINE 43 1787 241730910267400 2683500
LATENCY 3167100
TIMELINE 43 1803 241730955680700 3167100
LATENCY 2748200
TIMELINE 43 1819 241731007831100 2748200
LATENCY 2694500
TIMELINE 43 1835 241731056555300 2694500
LATENCY 2712700
TIMELINE 43 1851 241731101162500 2712700
LATENCY 2751000
TIMELINE 43 1867 241731146568100 2751000
LATENCY 2839700
TIMELINE 43 1883 241731188982900 2839700
LATENCY 2584500
TIMELINE 43 1899 241731230863400 2584500
LATENCY 2735900
TIMELINE 43 1915 241731274533800 2735900
LATENCY 2683200
TIMELINE 43 1931 241731319554600 2683200
LATENCY 2730900
TIMELINE 43 1947 241731369229100 2730900
LATENCY 2674800
TIMELINE 43 1963 241731412359200 2674800
LATENCY 2721400
TIMELINE 43 1979 241731455936700 2721400
LATENCY 3164100
TIMELINE 43 1995 241731505449600 3164100
LATENCY 2633900
TIMELINE 43 2011 241731551859200 2633900
LATENCY 2753800
TIMELINE 43 2027 241731595816200 2753800
LATENCY 2752300
TIMELINE 43 2043 241731639756300 2752300
LATENCY 2526800
TIMELINE 44 12 241726557639100 2526800
LATENCY 2500400
TIMELINE 44 28 241726595919000 2500400
LATENCY 3999500
TIMELINE 44 44 241726636383500 3999500
LATENCY 2479600
TIMELINE 44 60 241726675395100 2479600
LATENCY 2348300
TIMELINE 44 76 241726714244900 2348300
LATENCY 2579300
TIMELINE 44 92 241726752742400 2579300
LATENCY 2368100
TIMELINE 44 108 241726805546400 2368100
LATENCY 2470400
TIMELINE 44 124 241726844501700 2470400
LATENCY 2179200
TIMELINE 44 140 241726881004500 2179200
LATENCY 2514700
TIMELINE 44 156 241726917845500 2514700
LATENCY 2241900
TIMELINE 44 172 241726954516100 2241900
LATENCY 2324500
TIMELINE 44 188 241726993286500 2324500
LATENCY 2145800
TIMELINE 44 204 241727029311000 2145800
LATENCY 2182100
TIMELINE 44 220 241727065112300 2182100
LATENCY 2079100
TIMELINE 44 236 241727106322000 2079100
LATENCY 2187200
TIMELINE 44 252 241727139884000 2187200
LATENCY 2164500
TIMELINE 44 268 241727174844500 2164500
LATENCY 2273300
TIMELINE 44 284 241727210090500 2273300
LATENCY 2129000
TIMELINE 44 300 241727245817000 2129000
LATENCY 2145200
TIMELINE 44 316 241727279508300 2145200
LATENCY 2196200
TIMELINE 44 332 241727313478000 2196200
LATENCY 2192900
TIMELINE 44 348 241727350231100 2192900
LATENCY 2340100
TIMELINE 44 364 241727388183300 2340100
LATENCY 3001800
TIMELINE 44 380 241727431124400 3001800
LATENCY 2175100
TIMELINE 44 396 241727468005600 2175100
LATENCY 2161600
TIMELINE 44 412 241727502652300 2161600
LATENCY 2155400
TIMELINE 44 428 241727538400700 2155400
LATENCY 2398900
TIMELINE 44 444 241727573606300 2398900
LATENCY 2140500
TIMELINE 44 460 241727609543100 2140500
LATENCY 2144000
TIMELINE 44 476 241727643790700 2144000
LATENCY 2378000
TIMELINE 44 492 241727679567000 2378000
LATENCY 2232200
TIMELINE 44 508 241727721732600 2232200
LATENCY 2278800
TIMELINE 44 524 241727756898100 2278800
LATENCY 2260300
TIMELINE 44 540 241727796386600 2260300
LATENCY 2104200
TIMELINE 44 556 241727831380000 2104200
LATENCY 2116400
TIMELINE 44 572 241727865468200 2116400
LATENCY 2210400
TIMELINE 44 588 241727900736300 2210400
LATENCY 2218000
TIMELINE 44 604 241727935496500 2218000
LATENCY 2449100
TIMELINE 44 620 241727978135000 2449100
LATENCY 2063600
TIMELINE 44 636 241728013290900 2063600
LATENCY 2152300
TIMELINE 44 652 241728047308800 2152300
LATENCY 2145700
TIMELINE 44 668 241728082314300 2145700
LATENCY 2166400
TIMELINE 44 684 241728116336300 2166400
LATENCY 2145100
TIMELINE 44 700 241728151032500 2145100
LATENCY 2422100
TIMELINE 44 716 241728185587200 2422100
LATENCY 2354300
TIMELINE 44 732 241728221865300 2354300
LATENCY 2270000
TIMELINE 44 748 241728264737300 2270000
LATENCY 2146900
TIMELINE 44 764 241728301154800 2146900
LATENCY 2136000
TIMELINE 44 780 241728337095500 2136000
LATENCY 2163800
TIMELINE 44 796 241728372308600 2163800
LATENCY 2135200
TIMELINE 44 812 241728407433300 2135200
LATENCY 2258000
TIMELINE 44 828 241728442487700 2258000
LATENCY 2322900
TIMELINE 44 844 241728477830200 2322900
LATENCY 9442100
TIMELINE 44 860 241728513509900 9442100
LATENCY 2209700
TIMELINE 44 876 241728555580600 2209700
LATENCY 2200800
TIMELINE 44 892 241728590640300 2200800
LATENCY 2153800
TIMELINE 44 908 241728625665100 2153800
LATENCY 2201700
TIMELINE 44 924 241728660587000 2201700
LATENCY 2201900
TIMELINE 44 940 241728696378300 2201900
LATENCY 2368000
TIMELINE 44 956 241728731629100 2368000
LATENCY 2199700
TIMELINE 44 972 241728767818700 2199700
LATENCY 2187000
TIMELINE 44 988 241728810321200 2187000
LATENCY 2198300
TIMELINE 44 1004 241728844650400 2198300
LATENCY 2174800
TIMELINE 44 1020 241728879041100 2174800
LATENCY 2237700
TIMELINE 44 1036 241728913960900 2237700
LATENCY 2141200
TIMELINE 44 1052 241728948768500 2141200
LATENCY 2183100
TIMELINE 44 1068 241728983167600 2183100
LATENCY 2360400
TIMELINE 44 1084 241729020115900 2360400
LATENCY 2237100
TIMELINE 44 1100 241729061268600 2237100
LATENCY 2220400
TIMELINE 44 1116 241729096157500 2220400
LATENCY 2123400
TIMELINE 44 1132 241729132044500 2123400
LATENCY 2337900
TIMELINE 44 1148 241729166646000 2337900
LATENCY 2351400
TIMELINE 44 1164 241729202172500 2351400
LATENCY 2160600
TIMELINE 44 1180 241729238022500 2160600
LATENCY 2289100
TIMELINE 44 1196 241729272626000 2289100
LATENCY 2217500
TIMELINE 44 1212 241729308800900 2217500
LATENCY 2182600
TIMELINE 44 1228 241729352165500 2182600
LATENCY 2158700
TIMELINE 44 1244 241729387040800 2158700
LATENCY 2397000
TIMELINE 44 1260 241729421462100 2397000
LATENCY 2595800
TIMELINE 44 1276 241729460997900 2595800
LATENCY 2713000
TIMELINE 44 1292 241729503523400 2713000
LATENCY 2784800
TIMELINE 44 1308 241729548549000 2784800
LATENCY 3241400
TIMELINE 44 1324 241729594070300 3241400
LATENCY 3103300
TIMELINE 44 1340 241729643814000 3103300
LATENCY 2640700
TIMELINE 44 1356 241729688278500 2640700
LATENCY 2907500
TIMELINE 44 1372 241729731522300 2907500
LATENCY 2856200
TIMELINE 44 1388 241729778151300 2856200
LATENCY 2662500
TIMELINE 44 1404 241729826465100 2662500
LATENCY 2664800
TIMELINE 44 1420 241729868943300 2664800
LATENCY 2845800
TIMELINE 44 1436 241729912734200 2845800
LATENCY 2977100
TIMELINE 44 1452 241729962340400 2977100
LATENCY 2553600
TIMELINE 44 1468 241730011884600 2553600
LATENCY 2574600
TIMELINE 44 1484 241730055878400 2574600
LATENCY 2945600
TIMELINE 44 1500 241730100147300 2945600
LATENCY 2609900
TIMELINE 44 1516 241730143595900 2609900
LATENCY 2657300
TIMELINE 44 1532 241730186340000 2657300
LATENCY 2751300
TIMELINE 44 1548 241730233878300 2751300
LATENCY 2650400
TIMELINE 44 1564 241730280711600 2650400
LATENCY 2724300
TIMELINE 44 1580 241730329102200 2724300
LATENCY 2646600
TIMELINE 44 1596 241730372566200 2646600
LATENCY 2769000
TIMELINE 44 1612 241730414465100 2769000
LATENCY 2769600
TIMELINE 44 1628 241730458848900 2769600
LATENCY 2675500
TIMELINE 44 1644 241730503813000 2675500
LATENCY 2601900
TIMELINE 44 1660 241730546938600 2601900
LATENCY 2620800
TIMELINE 44 1676 241730590699500 2620800
LATENCY 2583900
TIMELINE 44 1692 241730633081100 2583900
LATENCY 2921800
TIMELINE 44 1708 241730684313800 2921800
LATENCY 2848800
TIMELINE 44 1724 241730731879500 2848800
LATENCY 2806500
TIMELINE 44 1740 241730778303600 2806500
LATENCY 2765000
TIMELINE 44 1756 241730826800200 2765000
LATENCY 2702900
TIMELINE 44 1772 241730870654300 2702900
LATENCY 2732400
TIMELINE 44 1788 241730914098600 2732400
LATENCY 3078800
TIMELINE 44 1804 241730960074400 3078800
LATENCY 3009900
TIMELINE 44 1820 241731011563000 3009900
LATENCY 2727100
TIMELINE 44 1836 241731059585600 2727100
LATENCY 2829400
TIMELINE 44 1852 241731104182800 2829400
LATENCY 2696200
TIMELINE 44 1868 241731149628900 2696200
LATENCY 2592200
TIMELINE 44 1884 241731192122900 2592200
LATENCY 2581900
TIMELINE 44 1900 241731233731000 2581900
LATENCY 2745200
TIMELINE 44 1916 241731277508600 2745200
LATENCY 2740400
TIMELINE 44 1932 241731322463700 2740400
LATENCY 2677600
TIMELINE 44 1948 241731372175900 2677600
LATENCY 2817400
TIMELINE 44 1964 241731415246800 2817400
LATENCY 2849700
TIMELINE 44 1980 241731458967500 2849700
LATENCY 3175100
TIMELINE 44 1996 241731508954800 3175100
LATENCY 2581500
TIMELINE 44 2012 241731555060100 2581500
LATENCY 2717900
TIMELINE 44 2028 241731599158100 2717900
LATENCY 3263900
TIMELINE 44 2044 241731643036700 3263900
LATENCY 2487700
TIMELINE 45 13 241726560103900 2487700
LATENCY 2617700
TIMELINE 45 29 241726598270100 2617700
LATENCY 2803300
TIMELINE 45 45 241726640217000 2803300
LATENCY 2384600
TIMELINE 45 61 241726677847700 2384600
LATENCY 2337900
TIMELINE 45 77 241726716529000 2337900
LATENCY 2719900
TIMELINE 45 93 241726755213900 2719900
LATENCY 2463000
TIMELINE 45 109 241726807883900 2463000
LATENCY 2507700
TIMELINE 45 125 241726847012300 2507700
LATENCY 2165800
TIMELINE 45 141 241726883301800 2165800
LATENCY 2540800
TIMELINE 45 157 241726920496600 2540800
LATENCY 4212600
TIMELINE 45 173 241726956843700 4212600
LATENCY 2272700
TIMELINE 45 189 241726995484400 2272700
LATENCY 2081900
TIMELINE 45 205 241727031287900 2081900
LATENCY 2141600
TIMELINE 45 221 241727067068000 2141600
LATENCY 2094900
TIMELINE 45 237 241727108208100 2094900
LATENCY 2102900
TIMELINE 45 253 241727141907400 2102900
LATENCY 2222200
TIMELINE 45 269 241727176895500 2222200
LATENCY 2229600
TIMELINE 45 285 241727212211300 2229600
LATENCY 2135400
TIMELINE 45 301 241727247667900 2135400
LATENCY 2063800
TIMELINE 45 317 241727281373800 2063800
LATENCY 2123600
TIMELINE 45 333 241727315383500 2123600
LATENCY 2351100
TIMELINE 45 349 241727351861600 2351100
LATENCY 8411000
TIMELINE 45 365 241727390910000 8411000
LATENCY 2285800
TIMELINE 45 381 241727434461700 2285800
LATENCY 2091700
TIMELINE 45 397 241727470472700 2091700
LATENCY 2250500
TIMELINE 45 413 241727505061200 2250500
LATENCY 2157800
TIMELINE 45 429 241727540843300 2157800
LATENCY 2259800
TIMELINE 45 445 241727576373900 2259800
LATENCY 2144100
TIMELINE 45 461 241727612043500 2144100
LATENCY 2118500
TIMELINE 45 477 241727646352800 2118500
LATENCY 8742200
TIMELINE 45 493 241727682420600 8742200
LATENCY 2154900
TIMELINE 45 509 241727724421000 2154900
LATENCY 2228900
TIMELINE 45 525 241727759623500 2228900
LATENCY 2194400
TIMELINE 45 541 241727800726400 2194400
LATENCY 2108200
TIMELINE 45 557 241727835463200 2108200
LATENCY 2136900
TIMELINE 45 573 241727869653200 2136900
LATENCY 2134300
TIMELINE 45 589 241727905088500 2134300
LATENCY 2131300
TIMELINE 45 605 241727939876200 2131300
LATENCY 2337400
TIMELINE 45 621 241727982905400 2337400
LATENCY 2050100
TIMELINE 45 637 241728017313400 2050100
LATENCY 2159100
TIMELINE 45 653 241728051480700 2159100
LATENCY 2090300
TIMELINE 45 669 241728086445900 2090300
LATENCY 2105000
TIMELINE 45 685 241728120386300 2105000
LATENCY 2071700
TIMELINE 45 701 241728155010700 2071700
LATENCY 2433500
TIMELINE 45 717 241728188199300 2433500
LATENCY 2199700
TIMELINE 45 733 241728224156100 2199700
LATENCY 2217400
TIMELINE 45 749 241728266884100 2217400
LATENCY 2153400
TIMELINE 45 765 241728303103700 2153400
LATENCY 2197000
TIMELINE 45 781 241728339091800 2197000
LATENCY 2260200
TIMELINE 45 797 241728374323100 2260200
LATENCY 2162900
TIMELINE 45 813 241728409378500 2162900
LATENCY 2256100
TIMELINE 45 829 241728444559600 2256100
LATENCY 2279400
TIMELINE 45 845 241728479832000 2279400
LATENCY 2350800
TIMELINE 45 861 241728522598800 2350800
LATENCY 2205600
TIMELINE 45 877 241728557520000 2205600
LATENCY 2236600
TIMELINE 45 893 241728592653500 2236600
LATENCY 2171800
TIMELINE 45 909 241728627634300 2171800
LATENCY 2331800
TIMELINE 45 925 241728662586300 2331800
LATENCY 2154100
TIMELINE 45 941 241728698377700 2154100
LATENCY 2444200
TIMELINE 45 957 241728733653600 2444200
LATENCY 2160600
TIMELINE 45 973 241728769934200 2160600
LATENCY 2061000
TIMELINE 45 989 241728812426600 2061000
LATENCY 2136000
TIMELINE 45 1005 241728846735800 2136000
LATENCY 2148900
TIMELINE 45 1021 241728881082100 2148900
LATENCY 2196400
TIMELINE 45 1037 241728916029100 2196400
LATENCY 2141500
TIMELINE 45 1053 241728950751500 2141500
LATENCY 2180900
TIMELINE 45 1069 241728985177500 2180900
LATENCY 2288500
TIMELINE 45 1085 241729021458300 2288500
LATENCY 2159600
TIMELINE 45 1101 241729062539600 2159600
LATENCY 2230500
TIMELINE 45 1117 241729097350500 2230500
LATENCY 2186600
TIMELINE 45 1133 241729133482900 2186600
LATENCY 2357100
TIMELINE 45 1149 241729168205900 2357100
LATENCY 2253300
TIMELINE 45 1165 241729203806300 2253300
LATENCY 2137800
TIMELINE 45 1181 241729239495500 2137800
LATENCY 2190700
TIMELINE 45 1197 241729274263000 2190700
LATENCY 2413300
TIMELINE 45 1213 241729310374700 2413300
LATENCY 2294300
TIMELINE 45 1229 241729353847000 2294300
LATENCY 2210200
TIMELINE 45 1245 241729388676200 2210200
LATENCY 2461700
TIMELINE 45 1261 241729423290900 2461700
LATENCY 2595700
TIMELINE 45 1277 241729463179200 2595700
LATENCY 2722800
TIMELINE 45 1293 241729505794100 2722800
LATENCY 2938500
TIMELINE 45 1309 241729550987400 2938500
LATENCY 3396500
TIMELINE 45 1325 241729596684300 3396500
LATENCY 2913700
TIMELINE 45 1341 241729646433900 2913700
LATENCY 2640400
TIMELINE 45 1357 241729690502600 2640400
LATENCY 2744500
TIMELINE 45 1373 241729734008200 2744500
LATENCY 2896000
TIMELINE 45 1389 241729780578800 2896000
LATENCY 2661400
TIMELINE 45 1405 241729828776300 2661400
LATENCY 2602700
TIMELINE 45 1421 241729871259000 2602700
LATENCY 2776900
TIMELINE 45 1437 241729915214400 2776900
LATENCY 2938000
TIMELINE 45 1453 241729964930600 2938000
LATENCY 2603800
TIMELINE 45 1469 241730014082000 2603800
LATENCY 2576100
TIMELINE 45 1485 241730058104900 2576100
LATENCY 2697000
TIMELINE 45 1501 241730102730200 2697000
LATENCY 2677400
TIMELINE 45 1517 241730145854800 2677400
LATENCY 2746300
TIMELINE 45 1533 241730188666500 2746300
LATENCY 2632500
TIMELINE 45 1549 241730236317900 2632500
LATENCY 2611100
TIMELINE 45 1565 241730283040300 2611100
LATENCY 2699200
TIMELINE 45 1581 241730331458700 2699200
LATENCY 2639900
TIMELINE 45 1597 241730374845500 2639900
LATENCY 2702200
TIMELINE 45 1613 241730416877800 2702200
LATENCY 2792400
TIMELINE 45 1629 241730461276200 2792400
LATENCY 2843400
TIMELINE 45 1645 241730506110600 2843400
LATENCY 2606300
TIMELINE 45 1661 241730549155700 2606300
LATENCY 2754300
TIMELINE 45 1677 241730592900400 2754300
LATENCY 2595500
TIMELINE 45 1693 241730635296100 2595500
LATENCY 3097400
TIMELINE 45 1709 241730686770300 3097400
LATENCY 3128700
TIMELINE 45 1725 241730734325800 3128700
LATENCY 2794200
TIMELINE 45 1741 241730780734100 2794200
LATENCY 2742000
TIMELINE 45 1757 241730829187700 2742000
LATENCY 2712900
TIMELINE 45 1773 241730872911000 2712900
LATENCY 2681800
TIMELINE 45 1789 241730916385300 2681800
LATENCY 3075400
TIMELINE 45 1805 241730962778400 3075400
LATENCY 2907600
TIMELINE 45 1821 241731014735900 2907600
LATENCY 2737800
TIMELINE 45 1837 241731059888700 2737800
LATENCY 2839700
TIMELINE 45 1853 241731104486100 2839700
LATENCY 2673200
TIMELINE 45 1869 241731149950400 2673200
LATENCY 2605800
TIMELINE 45 1885 241731192405900 2605800
LATENCY 2600700
TIMELINE 45 1901 241731234011800 2600700
LATENCY 2732700
TIMELINE 45 1917 241731277823100 2732700
LATENCY 2768100
TIMELINE 45 1933 241731322757000 2768100
LATENCY 2689200
TIMELINE 45 1949 241731372435800 2689200
LATENCY 2777900
TIMELINE 45 1965 241731415537400 2777900
LATENCY 2909100
TIMELINE 45 1981 241731459215700 2909100
LATENCY 3176900
TIMELINE 45 1997 241731509212700 3176900
LATENCY 2588300
TIMELINE 45 2013 241731554849300 2588300
LATENCY 2715500
TIMELINE 45 2029 241731598981300 2715500
LATENCY 2837500
TIMELINE 45 2045 241731642846000 2837500
LATENCY 2387400
TIMELINE 46 14 241726562772400 2387400
LATENCY 2372900
TIMELINE 46 30 241726601030400 2372900
LATENCY 2326000
TIMELINE 46 46 241726643133700 2326000
LATENCY 2341800
TIMELINE 46 62 241726680364900 2341800
LATENCY 2275800
TIMELINE 46 78 241726718973300 2275800
LATENCY 2704900
TIMELINE 46 94 241726758092400 2704900
LATENCY 2429800
TIMELINE 46 110 241726810482100 2429800
LATENCY 2346500
TIMELINE 46 126 241726849614500 2346500
LATENCY 2276600
TIMELINE 46 142 241726885512000 2276600
LATENCY 2319100
TIMELINE 46 158 241726923075400 2319100
LATENCY 2421300
TIMELINE 46 174 241726960962900 2421300
LATENCY 2200300
TIMELINE 46 190 241726997642000 2200300
LATENCY 2032800
TIMELINE 46 206 241727033178400 2032800
LATENCY 2191800
TIMELINE 46 222 241727069124700 2191800
LATENCY 2033600
TIMELINE 46 238 241727110198000 2033600
LATENCY 2391000
TIMELINE 46 254 241727143867600 2391000
LATENCY 2236300
TIMELINE 46 270 241727179058200 2236300
LATENCY 2219800
TIMELINE 46 286 241727214381300 2219800
LATENCY 2151200
TIMELINE 46 302 241727249690900 2151200
LATENCY 2032400
TIMELINE 46 318 241727283328800 2032400
LATENCY 2134600
TIMELINE 46 334 241727317333000 2134600
LATENCY 2436600
TIMELINE 46 350 241727353846200 2436600
LATENCY 2560400
TIMELINE 46 366 241727398775100 2560400
LATENCY 2275100
TIMELINE 46 382 241727436281900 2275100
LATENCY 2105300
TIMELINE 46 398 241727472117200 2105300
LATENCY 2212500
TIMELINE 46 414 241727506870600 2212500
LATENCY 2211600
TIMELINE 46 430 241727542505100 2211600
LATENCY 2198900
TIMELINE 46 446 241727578062100 2198900
LATENCY 2104300
TIMELINE 46 462 241727613664700 2104300
LATENCY 2162700
TIMELINE 46 478 241727647923400 2162700
LATENCY 2245500
TIMELINE 46 494 241727690671900 2245500
LATENCY 2195300
TIMELINE 46 510 241727726186100 2195300
LATENCY 2084100
TIMELINE 46 526 241727761519500 2084100
LATENCY 2202000
TIMELINE 46 542 241727800314300 2202000
LATENCY 2089400
TIMELINE 46 558 241727835023600 2089400
LATENCY 2126300
TIMELINE 46 574 241727869195700 2126300
LATENCY 2134100
TIMELINE 46 590 241727904888900 2134100
LATENCY 2155500
TIMELINE 46 606 241727939650900 2155500
LATENCY 2344300
TIMELINE 46 622 241727982693500 2344300
LATENCY 2053200
TIMELINE 46 638 241728017092500 2053200
LATENCY 2113400
TIMELINE 46 654 241728051265900 2113400
LATENCY 2091600
TIMELINE 46 670 241728086188300 2091600
LATENCY 2109500
TIMELINE 46 686 241728120269800 2109500
LATENCY 2069500
TIMELINE 46 702 241728154982700 2069500
LATENCY 2243900
TIMELINE 46 718 241728189390400 2243900
LATENCY 2111700
TIMELINE 46 734 241728225292700 2111700
LATENCY 2228100
TIMELINE 46 750 241728268107700 2228100
LATENCY 2181700
TIMELINE 46 766 241728304181400 2181700
LATENCY 2174500
TIMELINE 46 782 241728340333100 2174500
LATENCY 2166200
TIMELINE 46 798 241728375504500 2166200
LATENCY 2201000
TIMELINE 46 814 241728410456200 2201000
LATENCY 2185600
TIMELINE 46 830 241728445734900 2185600
LATENCY 2294000
TIMELINE 46 846 241728480943500 2294000
LATENCY 2227500
TIMELINE 46 862 241728523771400 2227500
LATENCY 2176300
TIMELINE 46 878 241728558642800 2176300
LATENCY 2217600
TIMELINE 46 894 241728593741500 2217600
LATENCY 2158400
TIMELINE 46 910 241728628563400 2158400
LATENCY 2234400
TIMELINE 46 926 241728663642800 2234400
LATENCY 2139000
TIMELINE 46 942 241728699199700 2139000
LATENCY 2366600
TIMELINE 46 958 241728734824100 2366600
LATENCY 2183000
TIMELINE 46 974 241728770716500 2183000
LATENCY 2102200
TIMELINE 46 990 241728813183000 2102200
LATENCY 2168300
TIMELINE 46 1006 241728847490000 2168300
LATENCY 2135400
TIMELINE 46 1022 241728881895100 2135400
LATENCY 2165200
TIMELINE 46 1038 241728916905300 2165200
LATENCY 2160700
TIMELINE 46 1054 241728951670500 2160700
LATENCY 2131100
TIMELINE 46 1070 241728986148300 2131100
LATENCY 2296600
TIMELINE 46 1086 241729022358100 2296600
LATENCY 2158000
TIMELINE 46 1102 241729063415900 2158000
LATENCY 2229700
TIMELINE 46 1118 241729098292900 2229700
LATENCY 2174900
TIMELINE 46 1134 241729134500000 2174900
LATENCY 2208900
TIMELINE 46 1150 241729169427700 2208900
LATENCY 2258100
TIMELINE 46 1166 241729204918700 2258100
LATENCY 2151200
TIMELINE 46 1182 241729240495800 2151200
LATENCY 2195700
TIMELINE 46 1198 241729275273500 2195700
LATENCY 2431100
TIMELINE 46 1214 241729311381800 2431100
LATENCY 2250900
TIMELINE 46 1230 241729355164000 2250900
LATENCY 2188500
TIMELINE 46 1246 241729389989100 2188500
LATENCY 2385700
TIMELINE 46 1262 241729424665200 2385700
LATENCY 2588200
TIMELINE 46 1278 241729464482800 2588200
LATENCY 2741600
TIMELINE 46 1294 241729507160200 2741600
LATENCY 3081700
TIMELINE 46 1310 241729552371600 3081700
LATENCY 2859500
TIMELINE 46 1326 241729598635600 2859500
LATENCY 2921800
TIMELINE 46 1342 241729647906100 2921800
LATENCY 2627000
TIMELINE 46 1358 241729691848900 2627000
LATENCY 2782100
TIMELINE 46 1374 241729735412900 2782100
LATENCY 2888300
TIMELINE 46 1390 241729782173800 2888300
LATENCY 2888700
TIMELINE 46 1406 241729830257600 2888700
LATENCY 2588200
TIMELINE 46 1422 241729872694200 2588200
LATENCY 2784200
TIMELINE 46 1438 241729916778000 2784200
LATENCY 2957200
TIMELINE 46 1454 241729966269600 2957200
LATENCY 2629700
TIMELINE 46 1470 241730015267100 2629700
LATENCY 2544000
TIMELINE 46 1486 241730059287200 2544000
LATENCY 2656900
TIMELINE 46 1502 241730103972900 2656900
LATENCY 2610600
TIMELINE 46 1518 241730147133500 2610600
LATENCY 2683500
TIMELINE 46 1534 241730189970600 2683500
LATENCY 2628800
TIMELINE 46 1550 241730237500200 2628800
LATENCY 2608700
TIMELINE 46 1566 241730284211400 2608700
LATENCY 2583500
TIMELINE 46 1582 241730332730700 2583500
LATENCY 2653200
TIMELINE 46 1598 241730376028100 2653200
LATENCY 2726000
TIMELINE 46 1614 241730418102200 2726000
LATENCY 2770200
TIMELINE 46 1630 241730462568200 2770200
LATENCY 2878400
TIMELINE 46 1646 241730507266100 2878400
LATENCY 2718400
TIMELINE 46 1662 241730550337300 2718400
LATENCY 2651900
TIMELINE 46 1678 241730594091000 2651900
LATENCY 2850300
TIMELINE 46 1694 241730636227300 2850300
LATENCY 3089400
TIMELINE 46 1710 241730688118800 3089400
LATENCY 3022900
TIMELINE 46 1726 241730735580100 3022900
LATENCY 2785500
TIMELINE 46 1742 241730781886700 2785500
LATENCY 2708600
TIMELINE 46 1758 241730830342700 2708600
LATENCY 2677100
TIMELINE 46 1774 241730874038800 2677100
LATENCY 2674000
TIMELINE 46 1790 241730917518500 2674000
LATENCY 3098900
TIMELINE 46 1806 241730964055000 3098900
LATENCY 2809200
TIMELINE 46 1822 241731015675300 2809200
LATENCY 2748000
TIMELINE 46 1838 241731060985100 2748000
LATENCY 2812700
TIMELINE 46 1854 241731105622300 2812700
LATENCY 2626100
TIMELINE 46 1870 241731151059100 2626100
LATENCY 2596600
TIMELINE 46 1886 241731193445600 2596600
LATENCY 2621600
TIMELINE 46 1902 241731235064400 2621600
LATENCY 2743000
TIMELINE 46 1918 241731278915500 2743000
LATENCY 2873400
TIMELINE 46 1934 241731323814200 2873400
LATENCY 2712600
TIMELINE 46 1950 241731373538800 2712600
LATENCY 2855500
TIMELINE 46 1966 241731416660300 2855500
LATENCY 2992400
TIMELINE 46 1982 241731460291600 2992400
LATENCY 3199900
TIMELINE 46 1998 241731510754300 3199900
LATENCY 2621300
TIMELINE 46 2014 241731556237800 2621300
LATENCY 2694400
TIMELINE 46 2030 241731600404200 2694400
LATENCY 3924100
TIMELINE 46 2046 241731644261300 3924100
LATENCY 2465800
TIMELINE 47 15 241726565128500 2465800
LATENCY 2356800
TIMELINE 47 31 241726603373900 2356800
LATENCY 2422700
TIMELINE 47 47 241726645400700 2422700
LATENCY 2378100
TIMELINE 47 63 241726682607200 2378100
LATENCY 2202000
TIMELINE 47 79 241726721191300 2202000
LATENCY 2723300
TIMELINE 47 95 241726760686400 2723300
LATENCY 2409800
TIMELINE 47 111 241726812778800 2409800
LATENCY 2211200
TIMELINE 47 127 241726851659800 2211200
LATENCY 2228000
TIMELINE 47 143 241726887527800 2228000
LATENCY 2351200
TIMELINE 47 159 241726925143100 2351200
LATENCY 2265100
TIMELINE 47 175 241726963357000 2265100
LATENCY 2182700
TIMELINE 47 191 241726999964500 2182700
LATENCY 2323500
TIMELINE 47 207 241727035390400 2323500
LATENCY 2200200
TIMELINE 47 223 241727071210300 2200200
LATENCY 2159300
TIMELINE 47 239 241727112125500 2159300
LATENCY 2215500
TIMELINE 47 255 241727146200600 2215500
LATENCY 2247700
TIMELINE 47 271 241727181122400 2247700
LATENCY 2243500
TIMELINE 47 287 241727216415400 2243500
LATENCY 2135700
TIMELINE 47 303 241727251663600 2135700
LATENCY 2082600
TIMELINE 47 319 241727285202700 2082600
LATENCY 2209600
TIMELINE 47 335 241727319347800 2209600
LATENCY 2263700
TIMELINE 47 351 241727356147400 2263700
LATENCY 2385000
TIMELINE 47 367 241727401688000 2385000
LATENCY 2268500
TIMELINE 47 383 241727438856900 2268500
LATENCY 2137600
TIMELINE 47 399 241727474463300 2137600
LATENCY 2295700
TIMELINE 47 415 241727509339800 2295700
LATENCY 2212300
TIMELINE 47 431 241727545015300 2212300
LATENCY 2290700
TIMELINE 47 447 241727580646700 2290700
LATENCY 2118400
TIMELINE 47 463 241727616035800 2118400
LATENCY 2246500
TIMELINE 47 479 241727650325900 2246500
LATENCY 2219600
TIMELINE 47 495 241727693201200 2219600
LATENCY 2231100
TIMELINE 47 511 241727728713700 2231100
LATENCY 2454300
TIMELINE 47 527 241727763919300 2454300
LATENCY 2158600
TIMELINE 47 543 241727804733400 2158600
LATENCY 2141800
TIMELINE 47 559 241727839316200 2141800
LATENCY 2117100
TIMELINE 47 575 241727873569400 2117100
LATENCY 2163800
TIMELINE 47 591 241727908979100 2163800
LATENCY 2118500
TIMELINE 47 607 241727943755300 2118500
LATENCY 2148300
TIMELINE 47 623 241727986946900 2148300
LATENCY 2036400
TIMELINE 47 639 241728020946200 2036400
LATENCY 2113700
TIMELINE 47 655 241728055308500 2113700
LATENCY 2106600
TIMELINE 47 671 241728090178700 2106600
LATENCY 2109400
TIMELINE 47 687 241728124207400 2109400
LATENCY 2142800
TIMELINE 47 703 241728158919100 2142800
LATENCY 2347200
TIMELINE 47 719 241728193637700 2347200
LATENCY 2245100
TIMELINE 47 735 241728229147900 2245100
LATENCY 2367100
TIMELINE 47 751 241728272128000 2367100
LATENCY 2156600
TIMELINE 47 767 241728308148500 2156600
LATENCY 2152400
TIMELINE 47 783 241728344148900 2152400
LATENCY 2336900
TIMELINE 47 799 241728379509200 2336900
LATENCY 2182100
TIMELINE 47 815 241728414476900 2182100
LATENCY 2172000
TIMELINE 47 831 241728449705700 2172000
LATENCY 2243500
TIMELINE 47 847 241728485106300 2243500
LATENCY 2122600
TIMELINE 47 863 241728527743000 2122600
LATENCY 2194200
TIMELINE 47 879 241728562549400 2194200
LATENCY 2213600
TIMELINE 47 895 241728597763500 2213600
LATENCY 2168800
TIMELINE 47 911 241728632675700 2168800
LATENCY 2315400
TIMELINE 47 927 241728667848900 2315400
LATENCY 2090600
TIMELINE 47 943 241728703363300 2090600
LATENCY 2311500
TIMELINE 47 959 241728739354500 2311500
LATENCY 2116000
TIMELINE 47 975 241728774731600 2116000
LATENCY 2140700
TIMELINE 47 991 241728817085600 2140700
LATENCY 2156300
TIMELINE 47 1007 241728851455600 2156300
LATENCY 2142800
TIMELINE 47 1023 241728885855600 2142800
LATENCY 2165800
TIMELINE 47 1039 241728920899700 2165800
LATENCY 2155100
TIMELINE 47 1055 241728955481500 2155100
LATENCY 2186300
TIMELINE 47 1071 241728990053300 2186300
LATENCY 2132700
TIMELINE 47 1087 241729026594100 2132700
LATENCY 2197600
TIMELINE 47 1103 241729067168000 2197600
LATENCY 2202200
TIMELINE 47 1119 241729102101200 2202200
LATENCY 2244800
TIMELINE 47 1135 241729138033200 2244800
LATENCY 2115100
TIMELINE 47 1151 241729172871300 2115100
LATENCY 2375800
TIMELINE 47 1167 241729208666800 2375800
LATENCY 2151600
TIMELINE 47 1183 241729244026700 2151600
LATENCY 2168000
TIMELINE 47 1199 241729278952600 2168000
LATENCY 2189100
TIMELINE 47 1215 241729315419300 2189100
LATENCY 2217800
TIMELINE 47 1231 241729358575900 2217800
LATENCY 2147800
TIMELINE 47 1247 241729393316100 2147800
LATENCY 2301200
TIMELINE 47 1263 241729428246200 2301200
LATENCY 2809800
TIMELINE 47 1279 241729468493100 2809800
LATENCY 2749500
TIMELINE 47 1295 241729511364300 2749500
LATENCY 2983200
TIMELINE 47 1311 241729557056500 2983200
LATENCY 2683700
TIMELINE 47 1327 241729602884200 2683700
LATENCY 2756600
TIMELINE 47 1343 241729652248500 2756600
LATENCY 2588000
TIMELINE 47 1359 241729695824900 2588000
LATENCY 2778700
TIMELINE 47 1375 241729739735900 2778700
LATENCY 2790100
TIMELINE 47 1391 241729786395700 2790100
LATENCY 2658600
TIMELINE 47 1407 241729834365800 2658600
LATENCY 2617400
TIMELINE 47 1423 241729876542500 2617400
LATENCY 2772300
TIMELINE 47 1439 241729920860100 2772300
LATENCY 2938300
TIMELINE 47 1455 241729970847900 2938300
LATENCY 2752300
TIMELINE 47 1471 241730019390700 2752300
LATENCY 2589800
TIMELINE 47 1487 241730063286400 2589800
LATENCY 2717400
TIMELINE 47 1503 241730108132900 2717400
LATENCY 2593900
TIMELINE 47 1519 241730151205400 2593900
LATENCY 4505300
TIMELINE 47 1535 241730194028100 4505300
LATENCY 4379800
TIMELINE 47 1551 241730241470900 4379800
LATENCY 2748400
TIMELINE 47 1567 241730288183600 2748400
LATENCY 2639700
TIMELINE 47 1583 241730336673000 2639700
LATENCY 2599400
TIMELINE 47 1599 241730379994200 2599400
LATENCY 2720500
TIMELINE 47 1615 241730422211400 2720500
LATENCY 2739600
TIMELINE 47 1631 241730466680000 2739600
LATENCY 2594200
TIMELINE 47 1647 241730511461200 2594200
LATENCY 3587200
TIMELINE 47 1663 241730554416200 3587200
LATENCY 2598700
TIMELINE 47 1679 241730598030000 2598700
LATENCY 2912300
TIMELINE 47 1695 241730640519300 2912300
LATENCY 2958000
TIMELINE 47 1711 241730692747900 2958000
LATENCY 2832100
TIMELINE 47 1727 241730740065100 2832100
LATENCY 2835200
TIMELINE 47 1743 241730786197400 2835200
LATENCY 2714300
TIMELINE 47 1759 241730834543200 2714300
LATENCY 2701800
TIMELINE 47 1775 241730878111300 2701800
LATENCY 2832800
TIMELINE 47 1791 241730921793900 2832800
LATENCY 2936600
TIMELINE 47 1807 241730968865700 2936600
LATENCY 2588400
TIMELINE 47 1823 241731023710200 2588400
LATENCY 2766900
TIMELINE 47 1839 241731067954100 2766900
LATENCY 3044400
TIMELINE 47 1855 241731112891500 3044400
LATENCY 2692700
TIMELINE 47 1871 241731157686400 2692700
LATENCY 2602400
TIMELINE 47 1887 241731200055400 2602400
LATENCY 2683200
TIMELINE 47 1903 241731241851700 2683200
LATENCY 2716200
TIMELINE 47 1919 241731285844600 2716200
LATENCY 3096900
TIMELINE 47 1935 241731331188800 3096900
LATENCY 2632100
TIMELINE 47 1951 241731380240200 2632100
LATENCY 2552700
TIMELINE 47 1967 241731423372900 2552700
LATENCY 3310800
TIMELINE 47 1983 241731468151100 3310800
LATENCY 3001500
TIMELINE 47 1999 241731518726000 3001500
LATENCY 2694100
TIMELINE 47 2015 241731563163300 2694100
LATENCY 2667800
TIMELINE 47 2031 241731607327600 2667800
LATENCY 2137600
TIMELINE 47 2047 241731653784100 2137600
LATENCY 9702800
TIMELINE 48 0 241726508934800 9702800
LATENCY 2448800
TIMELINE 48 16 241726567716800 2448800
LATENCY 2345800
TIMELINE 48 32 241726605934300 2345800
LATENCY 2339700
TIMELINE 48 48 241726648148700 2339700
LATENCY 2545800
TIMELINE 48 64 241726685303400 2545800
LATENCY 2218500
TIMELINE 48 80 241726723663000 2218500
LATENCY 2839100
TIMELINE 48 96 241726763932800 2839100
LATENCY 2641800
TIMELINE 48 112 241726815640400 2641800
LATENCY 2292200
TIMELINE 48 128 241726854507100 2292200
LATENCY 2324300
TIMELINE 48 144 241726890359200 2324300
LATENCY 2209400
TIMELINE 48 160 241726927995200 2209400
LATENCY 2248600
TIMELINE 48 176 241726966435600 2248600
LATENCY 2224500
TIMELINE 48 192 241727002804400 2224500
LATENCY 2597300
TIMELINE 48 208 241727038397100 2597300
LATENCY 2464800
TIMELINE 48 224 241727074044500 2464800
LATENCY 2254900
TIMELINE 48 240 241727114837800 2254900
LATENCY 2147100
TIMELINE 48 256 241727148990300 2147100
LATENCY 2216200
TIMELINE 48 272 241727183951300 2216200
LATENCY 2249300
TIMELINE 48 288 241727219244400 2249300
LATENCY 2133400
TIMELINE 48 304 241727254539700 2133400
LATENCY 2062700
TIMELINE 48 320 241727287913100 2062700
LATENCY 2370000
TIMELINE 48 336 241727322343300 2370000
LATENCY 2020200
TIMELINE 48 352 241727359408800 2020200
LATENCY 2216700
TIMELINE 48 368 241727404225100 2216700
LATENCY 2244200
TIMELINE 48 384 241727441214600 2244200
LATENCY 2101300
TIMELINE 48 400 241727476689700 2101300
LATENCY 2576000
TIMELINE 48 416 241727511851600 2576000
LATENCY 2165600
TIMELINE 48 432 241727547401300 2165600
LATENCY 2239200
TIMELINE 48 448 241727583209900 2239200
LATENCY 2141300
TIMELINE 48 464 241727618442600 2141300
LATENCY 2547300
TIMELINE 48 480 241727652811100 2547300
LATENCY 2184100
TIMELINE 48 496 241727695513200 2184100
LATENCY 2178900
TIMELINE 48 512 241727731008400 2178900
LATENCY 2161500
TIMELINE 48 528 241727766435900 2161500
LATENCY 2097200
TIMELINE 48 544 241727806022700 2097200
LATENCY 2141700
TIMELINE 48 560 241727840575300 2141700
LATENCY 2163700
TIMELINE 48 576 241727874808700 2163700
LATENCY 2146500
TIMELINE 48 592 241727910329800 2146500
LATENCY 2121200
TIMELINE 48 608 241727945189900 2121200
LATENCY 2221700
TIMELINE 48 624 241727988395500 2221700
LATENCY 2037300
TIMELINE 48 640 241728022305000 2037300
LATENCY 2141400
TIMELINE 48 656 241728056724400 2141400
LATENCY 2120600
TIMELINE 48 672 241728091618100 2120600
LATENCY 2242300
TIMELINE 48 688 241728125697800 2242300
LATENCY 2111100
TIMELINE 48 704 241728160486300 2111100
LATENCY 2291700
TIMELINE 48 720 241728196306000 2291700
LATENCY 2211800
TIMELINE 48 736 241728231693200 2211800
LATENCY 2265200
TIMELINE 48 752 241728274914900 2265200
LATENCY 2276700
TIMELINE 48 768 241728310597700 2276700
LATENCY 2124000
TIMELINE 48 784 241728346564700 2124000
LATENCY 2197900
TIMELINE 48 800 241728382033900 2197900
LATENCY 2161700
TIMELINE 48 816 241728416845000 2161700
LATENCY 2152600
TIMELINE 48 832 241728452085600 2152600
LATENCY 2258600
TIMELINE 48 848 241728487619800 2258600
LATENCY 2128100
TIMELINE 48 864 241728530100800 2128100
LATENCY 2154600
TIMELINE 48 880 241728564928000 2154600
LATENCY 2250000
TIMELINE 48 896 241728600079700 2250000
LATENCY 2179700
TIMELINE 48 912 241728634941900 2179700
LATENCY 2273400
TIMELINE 48 928 241728670197800 2273400
LATENCY 2136100
TIMELINE 48 944 241728705484900 2136100
LATENCY 2228700
TIMELINE 48 960 241728741948200 2228700
LATENCY 2160200
TIMELINE 48 976 241728777213800 2160200
LATENCY 2124100
TIMELINE 48 992 241728819691000 2124100
LATENCY 2090900
TIMELINE 48 1008 241728854062600 2090900
LATENCY 2153900
TIMELINE 48 1024 241728888462300 2153900
LATENCY 2137300
TIMELINE 48 1040 241728923394300 2137300
LATENCY 2148700
TIMELINE 48 1056 241728957986200 2148700
LATENCY 2123600
TIMELINE 48 1072 241728992570800 2123600
LATENCY 2189300
TIMELINE 48 1088 241729029388700 2189300
LATENCY 2200300
TIMELINE 48 1104 241729070090200 2200300
LATENCY 2332000
TIMELINE 48 1120 241729105039700 2332000
LATENCY 2120000
TIMELINE 48 1136 241729140986600 2120000
LATENCY 2105100
TIMELINE 48 1152 241729175691200 2105100
LATENCY 2155000
TIMELINE 48 1168 241729211799900 2155000
LATENCY 2154400
TIMELINE 48 1184 241729246852000 2154400
LATENCY 2118300
TIMELINE 48 1200 241729281910400 2118300
LATENCY 3779800
TIMELINE 48 1216 241729318261200 3779800
LATENCY 2164600
TIMELINE 48 1232 241729361579000 2164600
LATENCY 2125500
TIMELINE 48 1248 241729396243100 2125500
LATENCY 2503300
TIMELINE 48 1264 241729431347700 2503300
LATENCY 2615500
TIMELINE 48 1280 241729472091300 2615500
LATENCY 2722700
TIMELINE 48 1296 241729514976600 2722700
LATENCY 2981200
TIMELINE 48 1312 241729560995000 2981200
LATENCY 2707400
TIMELINE 48 1328 241729606478800 2707400
LATENCY 2695000
TIMELINE 48 1344 241729655895700 2695000
LATENCY 2748300
TIMELINE 48 1360 241729699348800 2748300
LATENCY 2903100
TIMELINE 48 1376 241729743433500 2903100
LATENCY 2824900
TIMELINE 48 1392 241729790082000 2824900
LATENCY 2588900
TIMELINE 48 1408 241729837822700 2588900
LATENCY 2719400
TIMELINE 48 1424 241729880001900 2719400
LATENCY 2790000
TIMELINE 48 1440 241729924470300 2790000
LATENCY 2833600
TIMELINE 48 1456 241729974800400 2833600
LATENCY 2694800
TIMELINE 48 1472 241730022984700 2694800
LATENCY 2544300
TIMELINE 48 1488 241730066695500 2544300
LATENCY 2807200
TIMELINE 48 1504 241730111771100 2807200
LATENCY 2589700
TIMELINE 48 1520 241730154619700 2589700
LATENCY 2788300
TIMELINE 48 1536 241730200850600 2788300
LATENCY 2672000
TIMELINE 48 1552 241730247716400 2672000
LATENCY 2599600
TIMELINE 48 1568 241730291855300 2599600
LATENCY 2759800
TIMELINE 48 1584 241730340445600 2759800
LATENCY 2622200
TIMELINE 48 1600 241730383649400 2622200
LATENCY 2764600
TIMELINE 48 1616 241730426010000 2764600
LATENCY 2725100
TIMELINE 48 1632 241730470595300 2725100
LATENCY 2661300
TIMELINE 48 1648 241730514889200 2661300
LATENCY 2595300
TIMELINE 48 1664 241730558899400 2595300
LATENCY 2650600
TIMELINE 48 1680 241730601484200 2650600
LATENCY 2869600
TIMELINE 48 1696 241730644306100 2869600
LATENCY 2927400
TIMELINE 48 1712 241730696577700 2927400
LATENCY 2996800
TIMELINE 48 1728 241730743741300 2996800
LATENCY 2808100
TIMELINE 48 1744 241730789852000 2808100
LATENCY 2727400
TIMELINE 48 1760 241730838048400 2727400
LATENCY 2725800
TIMELINE 48 1776 241730881637600 2725800
LATENCY 2802900
TIMELINE 48 1792 241730925484800 2802900
LATENCY 2828300
TIMELINE 48 1808 241730972714600 2828300
LATENCY 2630400
TIMELINE 48 1824 241731026341400 2630400
LATENCY 2703500
TIMELINE 48 1840 241731070773400 2703500
LATENCY 2989600
TIMELINE 48 1856 241731115891700 2989600
LATENCY 2597400
TIMELINE 48 1872 241731160340800 2597400
LATENCY 2595100
TIMELINE 48 1888 241731202624200 2595100
LATENCY 2658000
TIMELINE 48 1904 241731244492400 2658000
LATENCY 2737400
TIMELINE 48 1920 241731288685300 2737400
LATENCY 7748100
TIMELINE 48 1936 241731334434900 7748100
LATENCY 2609600
TIMELINE 48 1952 241731383011600 2609600
LATENCY 2947600
TIMELINE 48 1968 241731426074000 2947600
LATENCY 3349400
TIMELINE 48 1984 241731471554600 3349400
LATENCY 2864300
TIMELINE 48 2000 241731521951300 2864300
LATENCY 2716100
TIMELINE 48 2016 241731565930600 2716100
LATENCY 2700200
TIMELINE 48 2032 241731610067400 2700200
LATENCY 3042400
TIMELINE 49 1 241726518707800 3042400
LATENCY 2375200
TIMELINE 49 17 241726570132500 2375200
LATENCY 2335700
TIMELINE 49 33 241726608190000 2335700
LATENCY 2302300
TIMELINE 49 49 241726650334200 2302300
LATENCY 2560300
TIMELINE 49 65 241726687719700 2560300
LATENCY 2212000
TIMELINE 49 81 241726725700500 2212000
LATENCY 2933800
TIMELINE 49 97 241726766444300 2933800
LATENCY 2643200
TIMELINE 49 113 241726817924600 2643200
LATENCY 2208400
TIMELINE 49 129 241726856621800 2208400
LATENCY 2399800
TIMELINE 49 145 241726892467000 2399800
LATENCY 2234500
TIMELINE 49 161 241726930030000 2234500
LATENCY 2264500
TIMELINE 49 177 241726967906800 2264500
LATENCY 2245300
TIMELINE 49 193 241727004389500 2245300
LATENCY 2525900
TIMELINE 49 209 241727040252700 2525900
LATENCY 2241300
TIMELINE 49 225 241727076103000 2241300
LATENCY 2111300
TIMELINE 49 241 241727116641900 2111300
LATENCY 2147700
TIMELINE 49 257 241727150712200 2147700
LATENCY 2144700
TIMELINE 49 273 241727185917300 2144700
LATENCY 2240700
TIMELINE 49 289 241727221227800 2240700
LATENCY 2082400
TIMELINE 49 305 241727256371400 2082400
LATENCY 2061700
TIMELINE 49 321 241727289706400 2061700
LATENCY 2130800
TIMELINE 49 337 241727324428300 2130800
LATENCY 3772400
TIMELINE 49 353 241727361022700 3772400
LATENCY 2203800
TIMELINE 49 369 241727406901500 2203800
LATENCY 2348900
TIMELINE 49 385 241727443948200 2348900
LATENCY 2178100
TIMELINE 49 401 241727479285900 2178100
LATENCY 2230600
TIMELINE 49 417 241727514690500 2230600
LATENCY 2564200
TIMELINE 49 433 241727549790800 2564200
LATENCY 2238300
TIMELINE 49 449 241727585899400 2238300
LATENCY 2164400
TIMELINE 49 465 241727621010300 2164400
LATENCY 2408100
TIMELINE 49 481 241727655841200 2408100
LATENCY 2234500
TIMELINE 49 497 241727698297300 2234500
LATENCY 2177500
TIMELINE 49 513 241727733759700 2177500
LATENCY 2175900
TIMELINE 49 529 241727769071700 2175900
LATENCY 2159400
TIMELINE 49 545 241727808373100 2159400
LATENCY 2169700
TIMELINE 49 561 241727842991900 2169700
LATENCY 2150800
TIMELINE 49 577 241727877218000 2150800
LATENCY 2145900
TIMELINE 49 593 241727912709600 2145900
LATENCY 2156300
TIMELINE 49 609 241727947511100 2156300
LATENCY 2220000
TIMELINE 49 625 241727990807200 2220000
LATENCY 2058200
TIMELINE 49 641 241728024510300 2058200
LATENCY 2164300
TIMELINE 49 657 241728059045700 2164300
LATENCY 2133900
TIMELINE 49 673 241728093917700 2133900
LATENCY 2258100
TIMELINE 49 689 241728128004300 2258100
LATENCY 2146200
TIMELINE 49 705 241728162483400 2146200
LATENCY 2274900
TIMELINE 49 721 241728197966400 2274900
LATENCY 2210600
TIMELINE 49 737 241728233270300 2210600
LATENCY 2240400
TIMELINE 49 753 241728276444800 2240400
LATENCY 2246500
TIMELINE 49 769 241728312195900 2246500
LATENCY 2152400
TIMELINE 49 785 241728348064000 2152400
LATENCY 2243700
TIMELINE 49 801 241728383633800 2243700
LATENCY 2175600
TIMELINE 49 817 241728418418900 2175600
LATENCY 2168600
TIMELINE 49 833 241728453599700 2168600
LATENCY 2241800
TIMELINE 49 849 241728489372100 2241800
LATENCY 2155800
TIMELINE 49 865 241728531786800 2155800
LATENCY 2181800
TIMELINE 49 881 241728566711400 2181800
LATENCY 2180800
TIMELINE 49 897 241728602078400 2180800
LATENCY 2190300
TIMELINE 49 913 241728636828100 2190300
LATENCY 2199200
TIMELINE 49 929 241728672237500 2199200
LATENCY 2123400
TIMELINE 49 945 241728707253000 2123400
LATENCY 2285400
TIMELINE 49 961 241728743604900 2285400
LATENCY 2152700
TIMELINE 49 977 241728778842000 2152700
LATENCY 2139000
TIMELINE 49 993 241728821194200 2139000
LATENCY 2156800
TIMELINE 49 1009 241728855554500 2156800
LATENCY 2154800
TIMELINE 49 1025 241728890015800 2154800
LATENCY 2132000
TIMELINE 49 1041 241728925018500 2132000
LATENCY 2186000
TIMELINE 49 1057 241728959624200 2186000
LATENCY 2243100
TIMELINE 49 1073 241728994242200 2243100
LATENCY 2201400
TIMELINE 49 1089 241729031054800 2201400
LATENCY 2215600
TIMELINE 49 1105 241729071728900 2215600
LATENCY 2547900
TIMELINE 49 1121 241729106671100 2547900
LATENCY 2143500
TIMELINE 49 1137 241729142599200 2143500
LATENCY 2105700
TIMELINE 49 1153 241729177265900 2105700
LATENCY 2212900
TIMELINE 49 1169 241729213394900 2212900
LATENCY 2110300
TIMELINE 49 1185 241729248448100 2110300
LATENCY 2157100
TIMELINE 49 1201 241729283426300 2157100
LATENCY 4071700
TIMELINE 49 1217 241729320144700 4071700
LATENCY 2150500
TIMELINE 49 1233 241729363164300 2150500
LATENCY 2165600
TIMELINE 49 1249 241729397795900 2165600
LATENCY 2529000
TIMELINE 49 1265 241729433226900 2529000
LATENCY 2652500
TIMELINE 49 1281 241729474021700 2652500
LATENCY 2725800
TIMELINE 49 1297 241729516967200 2725800
LATENCY 2717700
TIMELINE 49 1313 241729563263400 2717700
LATENCY 2714000
TIMELINE 49 1329 241729608465800 2714000
LATENCY 2864900
TIMELINE 49 1345 241729657881300 2864900
LATENCY 2776000
TIMELINE 49 1361 241729701365900 2776000
LATENCY 3032600
TIMELINE 49 1377 241729745594500 3032600
LATENCY 2875700
TIMELINE 49 1393 241729792194200 2875700
LATENCY 2583200
TIMELINE 49 1409 241729839809800 2583200
LATENCY 2622500
TIMELINE 49 1425 241729882087800 2622500
LATENCY 2917300
TIMELINE 49 1441 241729926611400 2917300
LATENCY 2721900
TIMELINE 49 1457 241729977044500 2721900
LATENCY 2701200
TIMELINE 49 1473 241730025100500 2701200
LATENCY 3529800
TIMELINE 49 1489 241730068677200 3529800
LATENCY 2806600
TIMELINE 49 1505 241730113908900 2806600
LATENCY 2609900
TIMELINE 49 1521 241730156603500 2609900
LATENCY 2797400
TIMELINE 49 1537 241730202961800 2797400
LATENCY 3154700
TIMELINE 49 1553 241730249762600 3154700
LATENCY 2616500
TIMELINE 49 1569 241730293844000 2616500
LATENCY 2706100
TIMELINE 49 1585 241730342495700 2706100
LATENCY 2587700
TIMELINE 49 1601 241730385583200 2587700
LATENCY 2859900
TIMELINE 49 1617 241730428021400 2859900
LATENCY 3003400
TIMELINE 49 1633 241730472622100 3003400
LATENCY 2766900
TIMELINE 49 1649 241730517111000 2766900
LATENCY 2610800
TIMELINE 49 1665 241730561071800 2610800
LATENCY 2656200
TIMELINE 49 1681 241730603692500 2656200
LATENCY 7677100
TIMELINE 49 1697 241730646683700 7677100
LATENCY 3071400
TIMELINE 49 1713 241730699031200 3071400
LATENCY 2999400
TIMELINE 49 1729 241730746260900 2999400
LATENCY 2868000
TIMELINE 49 1745 241730792273100 2868000
LATENCY 2778200
TIMELINE 49 1761 241730840395700 2778200
LATENCY 2712500
TIMELINE 49 1777 241730883911800 2712500
LATENCY 2732300
TIMELINE 49 1793 241730927835000 2732300
LATENCY 2772800
TIMELINE 49 1809 241730975116800 2772800
LATENCY 2650700
TIMELINE 49 1825 241731028266500 2650700
LATENCY 2769600
TIMELINE 49 1841 241731072736100 2769600
LATENCY 3016000
TIMELINE 49 1857 241731118097400 3016000
LATENCY 2609700
TIMELINE 49 1873 241731162273100 2609700
LATENCY 2655300
TIMELINE 49 1889 241731204550300 2655300
LATENCY 2747900
TIMELINE 49 1905 241731246424400 2747900
LATENCY 2709100
TIMELINE 49 1921 241731290625200 2709100
LATENCY 2843900
TIMELINE 49 1937 241731341437300 2843900
LATENCY 2610600
TIMELINE 49 1953 241731384985700 2610600
LATENCY 2901800
TIMELINE 49 1969 241731428266000 2901800
LATENCY 3100400
TIMELINE 49 1985 241731474160600 3100400
LATENCY 2671500
TIMELINE 49 2001 241731524078600 2671500
LATENCY 2746800
TIMELINE 49 2017 241731567604300 2746800
LATENCY 2697500
TIMELINE 49 2033 241731611722400 2697500
LATENCY 2631300
TIMELINE 50 2 241726521714800 2631300
LATENCY 2329400
TIMELINE 50 18 241726572572100 2329400
LATENCY 2226900
TIMELINE 50 34 241726610465600 2226900
LATENCY 2254300
TIMELINE 50 50 241726652674800 2254300
LATENCY 2668300
TIMELINE 50 66 241726690213400 2668300
LATENCY 2262800
TIMELINE 50 82 241726728073800 2262800
LATENCY 2802300
TIMELINE 50 98 241726769577600 2802300
LATENCY 2401100
TIMELINE 50 114 241726820698000 2401100
LATENCY 2192100
TIMELINE 50 130 241726859124500 2192100
LATENCY 2260700
TIMELINE 50 146 241726895158600 2260700
LATENCY 2248100
TIMELINE 50 162 241726932553600 2248100
LATENCY 2247500
TIMELINE 50 178 241726970370700 2247500
LATENCY 2280500
TIMELINE 50 194 241727006669000 2280500
LATENCY 2174400
TIMELINE 50 210 241727042958000 2174400
LATENCY 2176700
TIMELINE 50 226 241727078515600 2176700
LATENCY 2107300
TIMELINE 50 242 241727118938500 2107300
LATENCY 2121700
TIMELINE 50 258 241727152951000 2121700
LATENCY 2227600
TIMELINE 50 274 241727188096300 2227600
LATENCY 2291200
TIMELINE 50 290 241727223504200 2291200
LATENCY 2071900
TIMELINE 50 306 241727258425600 2071900
LATENCY 2081200
TIMELINE 50 322 241727291739200 2081200
LATENCY 2330200
TIMELINE 50 338 241727326499800 2330200
LATENCY 2343900
TIMELINE 50 354 241727364704100 2343900
LATENCY 2177400
TIMELINE 50 370 241727408871300 2177400
LATENCY 2622200
TIMELINE 50 386 241727446015800 2622200
LATENCY 2138400
TIMELINE 50 402 241727481182300 2138400
LATENCY 2242400
TIMELINE 50 418 241727516742300 2242400
LATENCY 2223200
TIMELINE 50 434 241727551863600 2223200
LATENCY 2207600
TIMELINE 50 450 241727587626800 2207600
LATENCY 2170700
TIMELINE 50 466 241727622613400 2170700
LATENCY 2375600
TIMELINE 50 482 241727657657500 2375600
LATENCY 2255700
TIMELINE 50 498 241727699929500 2255700
LATENCY 2173100
TIMELINE 50 514 241727735334200 2173100
LATENCY 2199500
TIMELINE 50 530 241727770646300 2199500
LATENCY 2240600
TIMELINE 50 546 241727810048600 2240600
LATENCY 2115900
TIMELINE 50 562 241727844669400 2115900
LATENCY 2075700
TIMELINE 50 578 241727878836500 2075700
LATENCY 2136200
TIMELINE 50 594 241727914348400 2136200
LATENCY 2112300
TIMELINE 50 610 241727949057200 2112300
LATENCY 2198200
TIMELINE 50 626 241727992465800 2198200
LATENCY 2067800
TIMELINE 50 642 241728026045600 2067800
LATENCY 2225700
TIMELINE 50 658 241728060757700 2225700
LATENCY 2195900
TIMELINE 50 674 241728095596700 2195900
LATENCY 2170000
TIMELINE 50 690 241728129823900 2170000
LATENCY 2109500
TIMELINE 50 706 241728164210100 2109500
LATENCY 2244100
TIMELINE 50 722 241728200931600 2244100
LATENCY 2209400
TIMELINE 50 738 241728236196100 2209400
LATENCY 2292700
TIMELINE 50 754 241728279505600 2292700
LATENCY 2250700
TIMELINE 50 770 241728315236600 2250700
LATENCY 2151700
TIMELINE 50 786 241728350978100 2151700
LATENCY 2171500
TIMELINE 50 802 241728386794400 2171500
LATENCY 2149900
TIMELINE 50 818 241728421534500 2149900
LATENCY 2132700
TIMELINE 50 834 241728456708300 2132700
LATENCY 2201800
TIMELINE 50 850 241728492719200 2201800
LATENCY 2098000
TIMELINE 50 866 241728535002100 2098000
LATENCY 2248200
TIMELINE 50 882 241728569961100 2248200
LATENCY 2165700
TIMELINE 50 898 241728604830300 2165700
LATENCY 2153800
TIMELINE 50 914 241728639608300 2153800
LATENCY 2238900
TIMELINE 50 930 241728675029600 2238900
LATENCY 2256200
TIMELINE 50 946 241728710084400 2256200
LATENCY 2239500
TIMELINE 50 962 241728746749500 2239500
LATENCY 2121400
TIMELINE 50 978 241728781788900 2121400
LATENCY 2141500
TIMELINE 50 994 241728824142400 2141500
LATENCY 2127100
TIMELINE 50 1010 241728858489400 2127100
LATENCY 2134800
TIMELINE 50 1026 241728892990200 2134800
LATENCY 2161000
TIMELINE 50 1042 241728928005100 2161000
LATENCY 2151100
TIMELINE 50 1058 241728962591800 2151100
LATENCY 2115300
TIMELINE 50 1074 241728997157100 2115300
LATENCY 2181100
TIMELINE 50 1090 241729033857000 2181100
LATENCY 2123500
TIMELINE 50 1106 241729074430400 2123500
LATENCY 2279400
TIMELINE 50 1122 241729109674500 2279400
LATENCY 2160600
TIMELINE 50 1138 241729145229600 2160600
LATENCY 2144400
TIMELINE 50 1154 241729179870300 2144400
LATENCY 2233000
TIMELINE 50 1170 241729216200700 2233000
LATENCY 2091600
TIMELINE 50 1186 241729251343300 2091600
LATENCY 2107600
TIMELINE 50 1202 241729286212900 2107600
LATENCY 2304100
TIMELINE 50 1218 241729324580600 2304100
LATENCY 2126600
TIMELINE 50 1234 241729365759300 2126600
LATENCY 2148100
TIMELINE 50 1250 241729400392000 2148100
LATENCY 2341900
TIMELINE 50 1266 241729436328000 2341900
LATENCY 2712100
TIMELINE 50 1282 241729477346800 2712100
LATENCY 2695800
TIMELINE 50 1298 241729520360900 2695800
LATENCY 2659700
TIMELINE 50 1314 241729566591300 2659700
LATENCY 2755600
TIMELINE 50 1330 241729611845500 2755600
LATENCY 2705000
TIMELINE 50 1346 241729661394400 2705000
LATENCY 2724700
TIMELINE 50 1362 241729704792300 2724700
LATENCY 2763600
TIMELINE 50 1378 241729749308700 2763600
LATENCY 2812300
TIMELINE 50 1394 241729795801800 2812300
LATENCY 2584500
TIMELINE 50 1410 241729843017400 2584500
LATENCY 2641200
TIMELINE 50 1426 241729885379800 2641200
LATENCY 2655400
TIMELINE 50 1442 241729930282800 2655400
LATENCY 7901500
TIMELINE 50 1458 241729980485200 7901500
LATENCY 2645700
TIMELINE 50 1474 241730028423300 2645700
LATENCY 2885700
TIMELINE 50 1490 241730073203100 2885700
LATENCY 2940400
TIMELINE 50 1506 241730117370400 2940400
LATENCY 2582900
TIMELINE 50 1522 241730159882700 2582900
LATENCY 2682300
TIMELINE 50 1538 241730206498000 2682300
LATENCY 2952200
TIMELINE 50 1554 241730253780300 2952200
LATENCY 2646100
TIMELINE 50 1570 241730297179500 2646100
LATENCY 2706200
TIMELINE 50 1586 241730346006100 2706200
LATENCY 2579100
TIMELINE 50 1602 241730388905400 2579100
LATENCY 2749800
TIMELINE 50 1618 241730431767500 2749800
LATENCY 3017100
TIMELINE 50 1634 241730476311500 3017100
LATENCY 2581000
TIMELINE 50 1650 241730520509600 2581000
LATENCY 2577300
TIMELINE 50 1666 241730564321900 2577300
LATENCY 2652300
TIMELINE 50 1682 241730607007500 2652300
LATENCY 2813600
TIMELINE 50 1698 241730655093200 2813600
LATENCY 2953400
TIMELINE 50 1714 241730702804700 2953400
LATENCY 2860500
TIMELINE 50 1730 241730749944800 2860500
LATENCY 2754600
TIMELINE 50 1746 241730795806400 2754600
LATENCY 2692500
TIMELINE 50 1762 241730843784600 2692500
LATENCY 2434900
TIMELINE 50 1778 241730887265900 2434900
LATENCY 2724800
TIMELINE 50 1794 241730931220200 2724800
LATENCY 2824100
TIMELINE 50 1810 241730978483500 2824100
LATENCY 2706900
TIMELINE 50 1826 241731029815200 2706900
LATENCY 2853000
TIMELINE 50 1842 241731074387900 2853000
LATENCY 2985700
TIMELINE 50 1858 241731119953200 2985700
LATENCY 2600900
TIMELINE 50 1874 241731163858000 2600900
LATENCY 2619100
TIMELINE 50 1890 241731206175600 2619100
LATENCY 2741000
TIMELINE 50 1906 241731248095600 2741000
LATENCY 2693100
TIMELINE 50 1922 241731292283800 2693100
LATENCY 2951700
TIMELINE 50 1938 241731343099500 2951700
LATENCY 2614900
TIMELINE 50 1954 241731386457800 2614900
LATENCY 2747000
TIMELINE 50 1970 241731429953700 2747000
LATENCY 3082600
TIMELINE 50 1986 241731475872800 3082600
LATENCY 2972400
TIMELINE 50 2002 241731525558300 2972400
LATENCY 2724800
TIMELINE 50 2018 241731569181500 2724800
LATENCY 2717200
TIMELINE 50 2034 241731613302700 2717200
LATENCY 3564400
TIMELINE 51 3 241726524429500 3564400
LATENCY 2313800
TIMELINE 51 19 241726574942000 2313800
LATENCY 2281200
TIMELINE 51 35 241726612731200 2281200
LATENCY 2310000
TIMELINE 51 51 241726654863400 2310000
LATENCY 2373900
TIMELINE 51 67 241726692720900 2373900
LATENCY 2258400
TIMELINE 51 83 241726730210300 2258400
LATENCY 2739800
TIMELINE 51 99 241726772076200 2739800
LATENCY 2269400
TIMELINE 51 115 241726822866300 2269400
LATENCY 2244800
TIMELINE 51 131 241726860935700 2244800
LATENCY 2336500
TIMELINE 51 147 241726897068600 2336500
LATENCY 2320700
TIMELINE 51 163 241726934423400 2320700
LATENCY 2322700
TIMELINE 51 179 241726973090000 2322700
LATENCY 2222600
TIMELINE 51 195 241727009417100 2222600
LATENCY 2201500
TIMELINE 51 211 241727045442600 2201500
LATENCY 2194500
TIMELINE 51 227 241727081002800 2194500
LATENCY 2073500
TIMELINE 51 243 241727121374300 2073500
LATENCY 2114400
TIMELINE 51 259 241727155479200 2114400
LATENCY 2173000
TIMELINE 51 275 241727190782200 2173000
LATENCY 2425500
TIMELINE 51 291 241727226246800 2425500
LATENCY 2100200
TIMELINE 51 307 241727260918600 2100200
LATENCY 2041000
TIMELINE 51 323 241727294244000 2041000
LATENCY 2307100
TIMELINE 51 339 241727329332200 2307100
LATENCY 2333600
TIMELINE 51 355 241727365965600 2333600
LATENCY 2191300
TIMELINE 51 371 241727410128000 2191300
LATENCY 2417100
TIMELINE 51 387 241727447420800 2417100
LATENCY 2121000
TIMELINE 51 403 241727482377900 2121000
LATENCY 2214200
TIMELINE 51 419 241727517974300 2214200
LATENCY 2177500
TIMELINE 51 435 241727553135800 2177500
LATENCY 2193100
TIMELINE 51 451 241727588881400 2193100
LATENCY 2169600
TIMELINE 51 467 241727623901700 2169600
LATENCY 2401500
TIMELINE 51 483 241727659193300 2401500
LATENCY 2334000
TIMELINE 51 499 241727701281600 2334000
LATENCY 2226900
TIMELINE 51 515 241727736707100 2226900
LATENCY 1909500
TIMELINE 51 531 241727772023400 1909500
LATENCY 2265700
TIMELINE 51 547 241727811464800 2265700
LATENCY 2109700
TIMELINE 51 563 241727846056500 2109700
LATENCY 2108200
TIMELINE 51 579 241727880240700 2108200
LATENCY 2120600
TIMELINE 51 595 241727915776200 2120600
LATENCY 2151800
TIMELINE 51 611 241727950465400 2151800
LATENCY 2130000
TIMELINE 51 627 241727994391000 2130000
LATENCY 2126500
TIMELINE 51 643 241728027885200 2126500
LATENCY 2206300
TIMELINE 51 659 241728062585700 2206300
LATENCY 2084900
TIMELINE 51 675 241728097439600 2084900
LATENCY 2152700
TIMELINE 51 691 241728131684400 2152700
LATENCY 2138600
TIMELINE 51 707 241728165997400 2138600
LATENCY 2235800
TIMELINE 51 723 241728202131600 2235800
LATENCY 2216400
TIMELINE 51 739 241728237203500 2216400
LATENCY 2380600
TIMELINE 51 755 241728280516600 2380600
LATENCY 2334800
TIMELINE 51 771 241728316280800 2334800
LATENCY 2155700
TIMELINE 51 787 241728352024100 2155700
LATENCY 2203500
TIMELINE 51 803 241728387774700 2203500
LATENCY 2129400
TIMELINE 51 819 241728422500400 2129400
LATENCY 2155900
TIMELINE 51 835 241728457626000 2155900
LATENCY 2202400
TIMELINE 51 851 241728493510100 2202400
LATENCY 2157900
TIMELINE 51 867 241728535753800 2157900
LATENCY 2196800
TIMELINE 51 883 241728570813800 2196800
LATENCY 2144600
TIMELINE 51 899 241728606046700 2144600
LATENCY 2150500
TIMELINE 51 915 241728640799400 2150500
LATENCY 2398700
TIMELINE 51 931 241728676240700 2398700
LATENCY 2150400
TIMELINE 51 947 241728711398300 2150400
LATENCY 2272800
TIMELINE 51 963 241728747934200 2272800
LATENCY 2109300
TIMELINE 51 979 241728782870400 2109300
LATENCY 2174700
TIMELINE 51 995 241728825266000 2174700
LATENCY 2153800
TIMELINE 51 1011 241728859631600 2153800
LATENCY 2125700
TIMELINE 51 1027 241728894145500 2125700
LATENCY 2171400
TIMELINE 51 1043 241728929050600 2171400
LATENCY 2144300
TIMELINE 51 1059 241728963727800 2144300
LATENCY 2122300
TIMELINE 51 1075 241728998398900 2122300
LATENCY 2162900
TIMELINE 51 1091 241729035146900 2162900
LATENCY 2145900
TIMELINE 51 1107 241729075801400 2145900
LATENCY 2243800
TIMELINE 51 1123 241729111113700 2243800
LATENCY 2191700
TIMELINE 51 1139 241729146573800 2191700
LATENCY 2152600
TIMELINE 51 1155 241729181203600 2152600
LATENCY 2201600
TIMELINE 51 1171 241729217635900 2201600
LATENCY 2106600
TIMELINE 51 1187 241729252476900 2106600
LATENCY 2121500
TIMELINE 51 1203 241729287416700 2121500
LATENCY 7627000
TIMELINE 51 1219 241729326032100 7627000
LATENCY 2132300
TIMELINE 51 1235 241729367142900 2132300
LATENCY 2135600
TIMELINE 51 1251 241729401808600 2135600
LATENCY 2308000
TIMELINE 51 1267 241729438020100 2308000
LATENCY 2674200
TIMELINE 51 1283 241729479267900 2674200
LATENCY 2712800
TIMELINE 51 1299 241729522227300 2712800
LATENCY 2614300
TIMELINE 51 1315 241729568452100 2614300
LATENCY 2769300
TIMELINE 51 1331 241729613727200 2769300
LATENCY 2665200
TIMELINE 51 1347 241729663247200 2665200
LATENCY 2665900
TIMELINE 51 1363 241729706657500 2665900
LATENCY 2867500
TIMELINE 51 1379 241729751187500 2867500
LATENCY 2878100
TIMELINE 51 1395 241729797737800 2878100
LATENCY 2572400
TIMELINE 51 1411 241729844738700 2572400
LATENCY 2751300
TIMELINE 51 1427 241729887142800 2751300
LATENCY 2629300
TIMELINE 51 1443 241729932072100 2629300
LATENCY 2984900
TIMELINE 51 1459 241729987436500 2984900
LATENCY 2466500
TIMELINE 51 1475 241730030298900 2466500
LATENCY 2673600
TIMELINE 51 1491 241730075270100 2673600
LATENCY 3083500
TIMELINE 51 1507 241730119415300 3083500
LATENCY 2830300
TIMELINE 51 1523 241730161684000 2830300
LATENCY 2750000
TIMELINE 51 1539 241730208293500 2750000
LATENCY 2747700
TIMELINE 51 1555 241730255860200 2747700
LATENCY 2611300
TIMELINE 51 1571 241730298963000 2611300
LATENCY 2734400
TIMELINE 51 1587 241730347744300 2734400
LATENCY 2610700
TIMELINE 51 1603 241730390579600 2610700
LATENCY 2750100
TIMELINE 51 1619 241730433562000 2750100
LATENCY 2930800
TIMELINE 51 1635 241730478360800 2930800
LATENCY 2679000
TIMELINE 51 1651 241730522319300 2679000
LATENCY 2616500
TIMELINE 51 1667 241730566081300 2616500
LATENCY 2730800
TIMELINE 51 1683 241730608801000 2730800
LATENCY 2869600
TIMELINE 51 1699 241730657033900 2869600
LATENCY 3087700
TIMELINE 51 1715 241730704764700 3087700
LATENCY 2908500
TIMELINE 51 1731 241730751873500 2908500
LATENCY 2819400
TIMELINE 51 1747 241730797770800 2819400
LATENCY 2718400
TIMELINE 51 1763 241730845680700 2718400
LATENCY 2606200
TIMELINE 51 1779 241730889161800 2606200
LATENCY 2784400
TIMELINE 51 1795 241730933181400 2784400
LATENCY 2814000
TIMELINE 51 1811 241730980399400 2814000
LATENCY 2879600
TIMELINE 51 1827 241731031906400 2879600
LATENCY 2865700
TIMELINE 51 1843 241731076533700 2865700
LATENCY 2976100
TIMELINE 51 1859 241731122178000 2976100
LATENCY 2603900
TIMELINE 51 1875 241731165805800 2603900
LATENCY 2596900
TIMELINE 51 1891 241731208159600 2596900
LATENCY 2735200
TIMELINE 51 1907 241731250228500 2735200
LATENCY 2708300
TIMELINE 51 1923 241731294368000 2708300
LATENCY 2786500
TIMELINE 51 1939 241731345428100 2786500
LATENCY 2681200
TIMELINE 51 1955 241731388533500 2681200
LATENCY 2670100
TIMELINE 51 1971 241731432146600 2670100
LATENCY 3050100
TIMELINE 51 1987 241731478293200 3050100
LATENCY 2681300
TIMELINE 51 2003 241731527713100 2681300
LATENCY 2681800
TIMELINE 51 2019 241731571076700 2681800
LATENCY 2704700
TIMELINE 51 2035 241731615161900 2704700
LATENCY 3476400
TIMELINE 52 4 241726528037800 3476400
LATENCY 2310900
TIMELINE 52 20 241726577326900 2310900
LATENCY 2290700
TIMELINE 52 36 241726615143600 2290700
LATENCY 2196700
TIMELINE 52 52 241726657299000 2196700
LATENCY 2368900
TIMELINE 52 68 241726695162400 2368900
LATENCY 2423300
TIMELINE 52 84 241726732537600 2423300
LATENCY 2738600
TIMELINE 52 100 241726774873900 2738600
LATENCY 2373200
TIMELINE 52 116 241726825214300 2373200
LATENCY 2202800
TIMELINE 52 132 241726863298700 2202800
LATENCY 2246100
TIMELINE 52 148 241726899475000 2246100
LATENCY 2239600
TIMELINE 52 164 241726936809700 2239600
LATENCY 2328300
TIMELINE 52 180 241726974246400 2328300
LATENCY 2167300
TIMELINE 52 196 241727010710500 2167300
LATENCY 2244700
TIMELINE 52 212 241727046709800 2244700
LATENCY 2246700
TIMELINE 52 228 241727082173500 2246700
LATENCY 2115200
TIMELINE 52 244 241727122513200 2115200
LATENCY 2093200
TIMELINE 52 260 241727156651500 2093200
LATENCY 2166000
TIMELINE 52 276 241727191923600 2166000
LATENCY 2206000
TIMELINE 52 292 241727227597400 2206000
LATENCY 2105000
TIMELINE 52 308 241727262069900 2105000
LATENCY 2050900
TIMELINE 52 324 241727295396000 2050900
LATENCY 2393600
TIMELINE 52 340 241727330554800 2393600
LATENCY 2636500
TIMELINE 52 356 241727368560400 2636500
LATENCY 2257100
TIMELINE 52 372 241727412390900 2257100
LATENCY 2169800
TIMELINE 52 388 241727450034200 2169800
LATENCY 2079800
TIMELINE 52 404 241727484675500 2079800
LATENCY 2176000
TIMELINE 52 420 241727520387400 2176000
LATENCY 2119900
TIMELINE 52 436 241727555524300 2119900
LATENCY 2293400
TIMELINE 52 452 241727591165700 2293400
LATENCY 2106000
TIMELINE 52 468 241727626134900 2106000
LATENCY 2292200
TIMELINE 52 484 241727661564500 2292200
LATENCY 2246300
TIMELINE 52 500 241727703698700 2246300
LATENCY 2104000
TIMELINE 52 516 241727739037000 2104000
LATENCY 2203500
TIMELINE 52 532 241727773989900 2203500
LATENCY 2220500
TIMELINE 52 548 241727812445100 2220500
LATENCY 2140700
TIMELINE 52 564 241727846954600 2140700
LATENCY 2110100
TIMELINE 52 580 241727881155200 2110100
LATENCY 2127400
TIMELINE 52 596 241727916654100 2127400
LATENCY 2129900
TIMELINE 52 612 241727951438000 2129900
LATENCY 2074200
TIMELINE 52 628 241727994844200 2074200
LATENCY 2155300
TIMELINE 52 644 241728028281500 2155300
LATENCY 2231100
TIMELINE 52 660 241728062857600 2231100
LATENCY 2126800
TIMELINE 52 676 241728097680300 2126800
LATENCY 2195400
TIMELINE 52 692 241728131909300 2195400
LATENCY 2124700
TIMELINE 52 708 241728166263300 2124700
LATENCY 2241800
TIMELINE 52 724 241728203799300 2241800
LATENCY 2205200
TIMELINE 52 740 241728238839400 2205200
LATENCY 2310500
TIMELINE 52 756 241728282239400 2310500
LATENCY 2328600
TIMELINE 52 772 241728317973900 2328600
LATENCY 2203300
TIMELINE 52 788 241728353566500 2203300
LATENCY 2169400
TIMELINE 52 804 241728389281400 2169400
LATENCY 2131300
TIMELINE 52 820 241728423967100 2131300
LATENCY 2202900
TIMELINE 52 836 241728459142600 2202900
LATENCY 2177700
TIMELINE 52 852 241728495018000 2177700
LATENCY 2188200
TIMELINE 52 868 241728537189800 2188200
LATENCY 2275900
TIMELINE 52 884 241728572301400 2275900
LATENCY 2133300
TIMELINE 52 900 241728607340600 2133300
LATENCY 2157100
TIMELINE 52 916 241728642103800 2157100
LATENCY 2348700
TIMELINE 52 932 241728677622300 2348700
LATENCY 2175500
TIMELINE 52 948 241728712664200 2175500
LATENCY 2254600
TIMELINE 52 964 241728749110900 2254600
LATENCY 9891000
TIMELINE 52 980 241728784062600 9891000
LATENCY 2158500
TIMELINE 52 996 241728826431300 2158500
LATENCY 2129800
TIMELINE 52 1012 241728860778100 2129800
LATENCY 2129100
TIMELINE 52 1028 241728895242200 2129100
LATENCY 2272000
TIMELINE 52 1044 241728930231800 2272000
LATENCY 2126900
TIMELINE 52 1060 241728964807700 2126900
LATENCY 2129700
TIMELINE 52 1076 241728999653300 2129700
LATENCY 2155900
TIMELINE 52 1092 241729036305900 2155900
LATENCY 2151800
TIMELINE 52 1108 241729076914800 2151800
LATENCY 2248400
TIMELINE 52 1124 241729112333100 2248400
LATENCY 2171200
TIMELINE 52 1140 241729147754900 2171200
LATENCY 2211700
TIMELINE 52 1156 241729182361100 2211700
LATENCY 2125400
TIMELINE 52 1172 241729218776800 2125400
LATENCY 2153200
TIMELINE 52 1188 241729253546300 2153200
LATENCY 2156700
TIMELINE 52 1204 241729288528800 2156700
LATENCY 7595500
TIMELINE 52 1220 241729326980800 7595500
LATENCY 2142900
TIMELINE 52 1236 241729367856900 2142900
LATENCY 2124500
TIMELINE 52 1252 241729402480100 2124500
LATENCY 2354500
TIMELINE 52 1268 241729438541300 2354500
LATENCY 2679400
TIMELINE 52 1284 241729479870700 2679400
LATENCY 2725800
TIMELINE 52 1300 241729522709800 2725800
LATENCY 2617400
TIMELINE 52 1316 241729568918200 2617400
LATENCY 2764000
TIMELINE 52 1332 241729614254000 2764000
LATENCY 2666500
TIMELINE 52 1348 241729663773100 2666500
LATENCY 2610800
TIMELINE 52 1364 241729707199800 2610800
LATENCY 2877700
TIMELINE 52 1380 241729751717100 2877700
LATENCY 3100500
TIMELINE 52 1396 241729798273900 3100500
LATENCY 2553000
TIMELINE 52 1412 241729845249800 2553000
LATENCY 2770500
TIMELINE 52 1428 241729887649800 2770500
LATENCY 2673500
TIMELINE 52 1444 241729932720500 2673500
LATENCY 2890200
TIMELINE 52 1460 241729988133000 2890200
LATENCY 2550400
TIMELINE 52 1476 241730030859400 2550400
LATENCY 2661000
TIMELINE 52 1492 241730075864400 2661000
LATENCY 3014700
TIMELINE 52 1508 241730120063200 3014700
LATENCY 2832400
TIMELINE 52 1524 241730162256500 2832400
LATENCY 2774100
TIMELINE 52 1540 241730208887400 2774100
LATENCY 2741300
TIMELINE 52 1556 241730256358700 2741300
LATENCY 2611300
TIMELINE 52 1572 241730299472600 2611300
LATENCY 2740000
TIMELINE 52 1588 241730348309200 2740000
LATENCY 2624200
TIMELINE 52 1604 241730391096900 2624200
LATENCY 2701600
TIMELINE 52 1620 241730434137700 2701600
LATENCY 2791000
TIMELINE 52 1636 241730479247300 2791000
LATENCY 2729900
TIMELINE 52 1652 241730523022000 2729900
LATENCY 2609300
TIMELINE 52 1668 241730566869200 2609300
LATENCY 2695100
TIMELINE 52 1684 241730609624300 2695100
LATENCY 2885800
TIMELINE 52 1700 241730657870900 2885800
LATENCY 3131100
TIMELINE 52 1716 241730705713600 3131100
LATENCY 3066000
TIMELINE 52 1732 241730752714000 3066000
LATENCY 2834300
TIMELINE 52 1748 241730798487000 2834300
LATENCY 2719000
TIMELINE 52 1764 241730846402000 2719000
LATENCY 2809700
TIMELINE 52 1780 241730889671100 2809700
LATENCY 2781400
TIMELINE 52 1796 241730933904300 2781400
LATENCY 2905600
TIMELINE 52 1812 241730981189000 2905600
LATENCY 2774400
TIMELINE 52 1828 241731034116500 2774400
LATENCY 2955000
TIMELINE 52 1844 241731078647200 2955000
LATENCY 2831400
TIMELINE 52 1860 241731124452400 2831400
LATENCY 2569700
TIMELINE 52 1876 241731167820800 2569700
LATENCY 2575100
TIMELINE 52 1892 241731210163700 2575100
LATENCY 2756600
TIMELINE 52 1908 241731252243700 2756600
LATENCY 2742800
TIMELINE 52 1924 241731296333000 2742800
LATENCY 2775500
TIMELINE 52 1940 241731347450500 2775500
LATENCY 2699400
TIMELINE 52 1956 241731390474100 2699400
LATENCY 2673500
TIMELINE 52 1972 241731434078900 2673500
LATENCY 3055300
TIMELINE 52 1988 241731480713000 3055300
LATENCY 2667500
TIMELINE 52 2004 241731530091300 2667500
LATENCY 2678000
TIMELINE 52 2020 241731573502900 2678000
LATENCY 2687500
TIMELINE 52 2036 241731617622200 2687500
LATENCY 6269700
TIMELINE 53 5 241726531585900 6269700
LATENCY 2315800
TIMELINE 53 21 241726579606000 2315800
LATENCY 2273100
TIMELINE 53 37 241726617363700 2273100
LATENCY 2244300
TIMELINE 53 53 241726659465600 2244300
LATENCY 2333900
TIMELINE 53 69 241726697568000 2333900
LATENCY 2749500
TIMELINE 53 85 241726734932200 2749500
LATENCY 2811200
TIMELINE 53 101 241726777815700 2811200
LATENCY 2419100
TIMELINE 53 117 241726827788700 2419100
LATENCY 2213500
TIMELINE 53 133 241726865592400 2213500
LATENCY 2284900
TIMELINE 53 149 241726901817700 2284900
LATENCY 2179800
TIMELINE 53 165 241726939151700 2179800
LATENCY 2156400
TIMELINE 53 181 241726977342200 2156400
LATENCY 2314000
TIMELINE 53 197 241727013853400 2314000
LATENCY 2092500
TIMELINE 53 213 241727049798100 2092500
LATENCY 2211900
TIMELINE 53 229 241727085256900 2211900
LATENCY 2068600
TIMELINE 53 245 241727125401700 2068600
LATENCY 2151500
TIMELINE 53 261 241727159548900 2151500
LATENCY 2213800
TIMELINE 53 277 241727195012000 2213800
LATENCY 2085600
TIMELINE 53 293 241727230691300 2085600
LATENCY 2089300
TIMELINE 53 309 241727264985800 2089300
LATENCY 2064400
TIMELINE 53 325 241727298283200 2064400
LATENCY 2539800
TIMELINE 53 341 241727333939400 2539800
LATENCY 2218100
TIMELINE 53 357 241727372460600 2218100
LATENCY 2270300
TIMELINE 53 373 241727416047800 2270300
LATENCY 2167600
TIMELINE 53 389 241727453517800 2167600
LATENCY 2136400
TIMELINE 53 405 241727488102200 2136400
LATENCY 2262200
TIMELINE 53 421 241727524005500 2262200
LATENCY 2357100
TIMELINE 53 437 241727559088300 2357100
LATENCY 2256800
TIMELINE 53 453 241727595126200 2256800
LATENCY 2093300
TIMELINE 53 469 241727629797800 2093300
LATENCY 2205300
TIMELINE 53 485 241727665498500 2205300
LATENCY 2141500
TIMELINE 53 501 241727707493400 2141500
LATENCY 2186300
TIMELINE 53 517 241727742793900 2186300
LATENCY 2379500
TIMELINE 53 533 241727782391100 2379500
LATENCY 2126300
TIMELINE 53 549 241727817829600 2126300
LATENCY 2102300
TIMELINE 53 565 241727852243600 2102300
LATENCY 2074900
TIMELINE 53 581 241727886424100 2074900
LATENCY 2322200
TIMELINE 53 597 241727921826200 2322200
LATENCY 2128700
TIMELINE 53 613 241727956578000 2128700
LATENCY 2152000
TIMELINE 53 629 241727999904500 2152000
LATENCY 2152500
TIMELINE 53 645 241728033823600 2152500
LATENCY 2299900
TIMELINE 53 661 241728068444900 2299900
LATENCY 2072600
TIMELINE 53 677 241728102985700 2072600
LATENCY 2178600
TIMELINE 53 693 241728137515900 2178600
LATENCY 2082400
TIMELINE 53 709 241728171563200 2082400
LATENCY 2153800
TIMELINE 53 725 241728207739600 2153800
LATENCY 2298600
TIMELINE 53 741 241728249977600 2298600
LATENCY 2235400
TIMELINE 53 757 241728286418000 2235400
LATENCY 2298200
TIMELINE 53 773 241728322408500 2298200
LATENCY 2193100
TIMELINE 53 789 241728357714800 2193100
LATENCY 2135800
TIMELINE 53 805 241728393113800 2135800
LATENCY 2161700
TIMELINE 53 821 241728427821500 2161700
LATENCY 2150000
TIMELINE 53 837 241728462942000 2150000
LATENCY 2156200
TIMELINE 53 853 241728498810800 2156200
LATENCY 2119200
TIMELINE 53 869 241728540970000 2119200
LATENCY 2121200
TIMELINE 53 885 241728576189100 2121200
LATENCY 2234500
TIMELINE 53 901 241728611518600 2234500
LATENCY 2187000
TIMELINE 53 917 241728646278100 2187000
LATENCY 2204500
TIMELINE 53 933 241728682024200 2204500
LATENCY 2103500
TIMELINE 53 949 241728716803100 2103500
LATENCY 2142200
TIMELINE 53 965 241728753476900 2142200
LATENCY 2182700
TIMELINE 53 981 241728795954000 2182700
LATENCY 2132900
TIMELINE 53 997 241728830524000 2132900
LATENCY 2116700
TIMELINE 53 1013 241728864844800 2116700
LATENCY 2354600
TIMELINE 53 1029 241728899313700 2354600
LATENCY 2150000
TIMELINE 53 1045 241728934510600 2150000
LATENCY 2147300
TIMELINE 53 1061 241728968898800 2147300
LATENCY 2312600
TIMELINE 53 1077 241729003740700 2312600
LATENCY 2218600
TIMELINE 53 1093 241729040418000 2218600
LATENCY 2153600
TIMELINE 53 1109 241729081026200 2153600
LATENCY 2358600
TIMELINE 53 1125 241729116547600 2358600
LATENCY 2126000
TIMELINE 53 1141 241729151766400 2126000
LATENCY 2259800
TIMELINE 53 1157 241729186722100 2259800
LATENCY 2255400
TIMELINE 53 1173 241729222814200 2255400
LATENCY 2220400
TIMELINE 53 1189 241729257547000 2220400
LATENCY 2186800
TIMELINE 53 1205 241729292548000 2186800
LATENCY 2140800
TIMELINE 53 1221 241729336902400 2140800
LATENCY 2136700
TIMELINE 53 1237 241729372140000 2136700
LATENCY 2193200
TIMELINE 53 1253 241729406791900 2193200
LATENCY 2481400
TIMELINE 53 1269 241729443843800 2481400
LATENCY 2658200
TIMELINE 53 1285 241729485815700 2658200
LATENCY 2829100
TIMELINE 53 1301 241729528796900 2829100
LATENCY 2619200
TIMELINE 53 1317 241729574871900 2619200
LATENCY 2755500
TIMELINE 53 1333 241729620486500 2755500
LATENCY 2763400
TIMELINE 53 1349 241729669852600 2763400
LATENCY 2696900
TIMELINE 53 1365 241729713120000 2696900
LATENCY 3035700
TIMELINE 53 1381 241729758409300 3035700
LATENCY 2792000
TIMELINE 53 1397 241729805056000 2792000
LATENCY 2594300
TIMELINE 53 1413 241729851147500 2594300
LATENCY 2717400
TIMELINE 53 1429 241729893922000 2717400
LATENCY 2582900
TIMELINE 53 1445 241729938669200 2582900
LATENCY 2565300
TIMELINE 53 1461 241729994149400 2565300
LATENCY 2427200
TIMELINE 53 1477 241730036537000 2427200
LATENCY 2749600
TIMELINE 53 1493 241730081803100 2749600
LATENCY 2602500
TIMELINE 53 1509 241730126327700 2602500
LATENCY 2693500
TIMELINE 53 1525 241730168618300 2693500
LATENCY 2853700
TIMELINE 53 1541 241730215301300 2853700
LATENCY 2611400
TIMELINE 53 1557 241730262381900 2611400
LATENCY 2604500
TIMELINE 53 1573 241730305412400 2604500
LATENCY 2705000
TIMELINE 53 1589 241730354508700 2705000
LATENCY 2613700
TIMELINE 53 1605 241730396988600 2613700
LATENCY 2780600
TIMELINE 53 1621 241730440269400 2780600
LATENCY 2707100
TIMELINE 53 1637 241730485530200 2707100
LATENCY 2649100
TIMELINE 53 1653 241730529157800 2649100
LATENCY 2595500
TIMELINE 53 1669 241730573005100 2595500
LATENCY 2743600
TIMELINE 53 1685 241730615541700 2743600
LATENCY 2960200
TIMELINE 53 1701 241730664311500 2960200
LATENCY 3170400
TIMELINE 53 1717 241730712677100 3170400
LATENCY 2820300
TIMELINE 53 1733 241730759611700 2820300
LATENCY 2787800
TIMELINE 53 1749 241730804707700 2787800
LATENCY 2692600
TIMELINE 53 1765 241730852328000 2692600
LATENCY 2758100
TIMELINE 53 1781 241730895702000 2758100
LATENCY 3247900
TIMELINE 53 1797 241730940813200 3247900
LATENCY 2948800
TIMELINE 53 1813 241730987566400 2948800
LATENCY 2743500
TIMELINE 53 1829 241731037381000 2743500
LATENCY 2803600
TIMELINE 53 1845 241731082121100 2803600
LATENCY 2767800
TIMELINE 53 1861 241731127774100 2767800
LATENCY 2595100
TIMELINE 53 1877 241731170853000 2595100
LATENCY 2573600
TIMELINE 53 1893 241731213222700 2573600
LATENCY 2759100
TIMELINE 53 1909 241731255494500 2759100
LATENCY 2905000
TIMELINE 53 1925 241731299618500 2905000
LATENCY 2734500
TIMELINE 53 1941 241731350725800 2734500
LATENCY 2679100
TIMELINE 53 1957 241731393721600 2679100
LATENCY 2662000
TIMELINE 53 1973 241731437277100 2662000
LATENCY 3073100
TIMELINE 53 1989 241731484269300 3073100
LATENCY 2658700
TIMELINE 53 2005 241731533093000 2658700
LATENCY 2741100
TIMELINE 53 2021 241731576390400 2741100
LATENCY 2689300
TIMELINE 53 2037 241731620493600 2689300
LATENCY 4836800
TIMELINE 54 6 241726538027900 4836800
LATENCY 2404500
TIMELINE 54 22 241726582048200 2404500
LATENCY 2325900
TIMELINE 54 38 241726619897300 2325900
LATENCY 2204500
TIMELINE 54 54 241726661939500 2204500
LATENCY 2327400
TIMELINE 54 70 241726700164600 2327400
LATENCY 2592400
TIMELINE 54 86 241726737918300 2592400
LATENCY 2802300
TIMELINE 54 102 241726780751300 2802300
LATENCY 2236100
TIMELINE 54 118 241726830298500 2236100
LATENCY 2223800
TIMELINE 54 134 241726867963700 2223800
LATENCY 2289200
TIMELINE 54 150 241726904240300 2289200
LATENCY 2297300
TIMELINE 54 166 241726941395100 2297300
LATENCY 2245000
TIMELINE 54 182 241726978846100 2245000
LATENCY 2202200
TIMELINE 54 198 241727015201700 2202200
LATENCY 2111200
TIMELINE 54 214 241727051136200 2111200
LATENCY 2264500
TIMELINE 54 230 241727086509700 2264500
LATENCY 2104600
TIMELINE 54 246 241727126673800 2104600
LATENCY 2275200
TIMELINE 54 262 241727160833400 2275200
LATENCY 2196800
TIMELINE 54 278 241727196276400 2196800
LATENCY 2137100
TIMELINE 54 294 241727231885800 2137100
LATENCY 2036400
TIMELINE 54 310 241727266176100 2036400
LATENCY 2092300
TIMELINE 54 326 241727299419500 2092300
LATENCY 2476700
TIMELINE 54 342 241727335374000 2476700
LATENCY 2172000
TIMELINE 54 358 241727373389300 2172000
LATENCY 2232600
TIMELINE 54 374 241727416945200 2232600
LATENCY 2237200
TIMELINE 54 390 241727454311200 2237200
LATENCY 2142700
TIMELINE 54 406 241727488864800 2142700
LATENCY 2328800
TIMELINE 54 422 241727524681300 2328800
LATENCY 2386300
TIMELINE 54 438 241727559793500 2386300
LATENCY 2300400
TIMELINE 54 454 241727595764900 2300400
LATENCY 2109800
TIMELINE 54 470 241727630426600 2109800
LATENCY 2248400
TIMELINE 54 486 241727666194200 2248400
LATENCY 2173200
TIMELINE 54 502 241727707972800 2173200
LATENCY 2184000
TIMELINE 54 518 241727743224900 2184000
LATENCY 2283200
TIMELINE 54 534 241727783230100 2283200
LATENCY 2199000
TIMELINE 54 550 241727818600600 2199000
LATENCY 2101800
TIMELINE 54 566 241727853001700 2101800
LATENCY 2071000
TIMELINE 54 582 241727887084400 2071000
LATENCY 2383600
TIMELINE 54 598 241727922660900 2383600
LATENCY 2235400
TIMELINE 54 614 241727957400500 2235400
LATENCY 2169300
TIMELINE 54 630 241728001078500 2169300
LATENCY 2175600
TIMELINE 54 646 241728035129300 2175600
LATENCY 2189500
TIMELINE 54 662 241728069854700 2189500
LATENCY 2106500
TIMELINE 54 678 241728104214000 2106500
LATENCY 2191300
TIMELINE 54 694 241728138742900 2191300
LATENCY 2190100
TIMELINE 54 710 241728172760900 2190100
LATENCY 2189300
TIMELINE 54 726 241728208888700 2189300
LATENCY 2277300
TIMELINE 54 742 241728251278900 2277300
LATENCY 2198900
TIMELINE 54 758 241728287858900 2198900
LATENCY 2299300
TIMELINE 54 774 241728323818600 2299300
LATENCY 2232500
TIMELINE 54 790 241728359041300 2232500
LATENCY 2272500
TIMELINE 54 806 241728394595900 2272500
LATENCY 2160000
TIMELINE 54 822 241728429381000 2160000
LATENCY 2164600
TIMELINE 54 838 241728464363500 2164600
LATENCY 2156700
TIMELINE 54 854 241728500221000 2156700
LATENCY 2117100
TIMELINE 54 870 241728542365500 2117100
LATENCY 2141100
TIMELINE 54 886 241728577565700 2141100
LATENCY 2181300
TIMELINE 54 902 241728612632600 2181300
LATENCY 2254600
TIMELINE 54 918 241728647286900 2254600
LATENCY 2196100
TIMELINE 54 934 241728683184700 2196100
LATENCY 2176200
TIMELINE 54 950 241728717859500 2176200
LATENCY 2184700
TIMELINE 54 966 241728754544000 2184700
LATENCY 2162600
TIMELINE 54 982 241728797020100 2162600
LATENCY 2129400
TIMELINE 54 998 241728831544700 2129400
LATENCY 2173500
TIMELINE 54 1014 241728865887500 2173500
LATENCY 2329900
TIMELINE 54 1030 241728900481900 2329900
LATENCY 2179200
TIMELINE 54 1046 241728935517000 2179200
LATENCY 2184600
TIMELINE 54 1062 241728969936500 2184600
LATENCY 2275500
TIMELINE 54 1078 241729004797200 2275500
LATENCY 2338400
TIMELINE 54 1094 241729041460800 2338400
LATENCY 2175000
TIMELINE 54 1110 241729082085400 2175000
LATENCY 2359800
TIMELINE 54 1126 241729117794000 2359800
LATENCY 2142000
TIMELINE 54 1142 241729152898400 2142000
LATENCY 2376400
TIMELINE 54 1158 241729187914900 2376400
LATENCY 2362000
TIMELINE 54 1174 241729223926400 2362000
LATENCY 2268400
TIMELINE 54 1190 241729258779800 2268400
LATENCY 2234300
TIMELINE 54 1206 241729293834700 2234300
LATENCY 2173300
TIMELINE 54 1222 241729338215900 2173300
LATENCY 2255800
TIMELINE 54 1238 241729373476800 2255800
LATENCY 2155900
TIMELINE 54 1254 241729408125300 2155900
LATENCY 2464100
TIMELINE 54 1270 241729444866600 2464100
LATENCY 2635500
TIMELINE 54 1286 241729486916000 2635500
LATENCY 2780800
TIMELINE 54 1302 241729529971800 2780800
LATENCY 2603800
TIMELINE 54 1318 241729575971800 2603800
LATENCY 2752500
TIMELINE 54 1334 241729621636600 2752500
LATENCY 2783600
TIMELINE 54 1350 241729670992900 2783600
LATENCY 2697600
TIMELINE 54 1366 241729714243300 2697600
LATENCY 3057700
TIMELINE 54 1382 241729759647800 3057700
LATENCY 2811200
TIMELINE 54 1398 241729806211700 2811200
LATENCY 2588600
TIMELINE 54 1414 241729852227400 2588600
LATENCY 2799200
TIMELINE 54 1430 241729894963700 2799200
LATENCY 2573000
TIMELINE 54 1446 241729939669400 2573000
LATENCY 2673700
TIMELINE 54 1462 241729995172000 2673700
LATENCY 2569600
TIMELINE 54 1478 241730037666900 2569600
LATENCY 2912000
TIMELINE 54 1494 241730082796100 2912000
LATENCY 2633500
TIMELINE 54 1510 241730127299300 2633500
LATENCY 2656200
TIMELINE 54 1526 241730169639200 2656200
LATENCY 2838400
TIMELINE 54 1542 241730216354700 2838400
LATENCY 2630700
TIMELINE 54 1558 241730263347700 2630700
LATENCY 2595100
TIMELINE 54 1574 241730306402500 2595100
LATENCY 2739700
TIMELINE 54 1590 241730355515900 2739700
LATENCY 2638900
TIMELINE 54 1606 241730397941900 2638900
LATENCY 2750700
TIMELINE 54 1622 241730441349100 2750700
LATENCY 2787200
TIMELINE 54 1638 241730486511000 2787200
LATENCY 2662500
TIMELINE 54 1654 241730530137800 2662500
LATENCY 2614900
TIMELINE 54 1670 241730573991200 2614900
LATENCY 2747600
TIMELINE 54 1686 241730616581400 2747600
LATENCY 2925400
TIMELINE 54 1702 241730665449100 2925400
LATENCY 3097400
TIMELINE 54 1718 241730713864500 3097400
LATENCY 2833000
TIMELINE 54 1734 241730760668400 2833000
LATENCY 2799900
TIMELINE 54 1750 241730805748100 2799900
LATENCY 2699000
TIMELINE 54 1766 241730853406200 2699000
LATENCY 2728200
TIMELINE 54 1782 241730896846300 2728200
LATENCY 2595800
TIMELINE 54 1798 241730942552600 2595800
LATENCY 3066000
TIMELINE 54 1814 241730988681000 3066000
LATENCY 2718900
TIMELINE 54 1830 241731042114000 2718900
LATENCY 2770800
TIMELINE 54 1846 241731086817700 2770800
LATENCY 2816400
TIMELINE 54 1862 241731132393700 2816400
LATENCY 2642800
TIMELINE 54 1878 241731175193000 2642800
LATENCY 2593600
TIMELINE 54 1894 241731217566700 2593600
LATENCY 2766800
TIMELINE 54 1910 241731260075000 2766800
LATENCY 2703600
TIMELINE 54 1926 241731304464600 2703600
LATENCY 2694500
TIMELINE 54 1942 241731355153300 2694500
LATENCY 2695100
TIMELINE 54 1958 241731398073600 2695100
LATENCY 2879800
TIMELINE 54 1974 241731441599500 2879800
LATENCY 3110400
TIMELINE 54 1990 241731489301900 3110400
LATENCY 2781500
TIMELINE 54 2006 241731537614600 2781500
LATENCY 2786300
TIMELINE 54 2022 241731581092600 2786300
LATENCY 2684500
TIMELINE 54 2038 241731625268500 2684500
LATENCY 3857500
TIMELINE 55 7 241726542733500 3857500
LATENCY 2401200
TIMELINE 55 23 241726584387500 2401200
LATENCY 2233800
TIMELINE 55 39 241726622012700 2233800
LATENCY 2167000
TIMELINE 55 55 241726663969400 2167000
LATENCY 2422900
TIMELINE 55 71 241726702265800 2422900
LATENCY 2414400
TIMELINE 55 87 241726740303200 2414400
LATENCY 2870600
TIMELINE 55 103 241726783399600 2870600
LATENCY 2421700
TIMELINE 55 119 241726832508100 2421700
LATENCY 2214900
TIMELINE 55 135 241726870065100 2214900
LATENCY 2257300
TIMELINE 55 151 241726906366200 2257300
LATENCY 2249500
TIMELINE 55 167 241726943602900 2249500
LATENCY 2213500
TIMELINE 55 183 241726981005100 2213500
LATENCY 2218700
TIMELINE 55 199 241727017233100 2218700
LATENCY 2252200
TIMELINE 55 215 241727052928600 2252200
LATENCY 2138200
TIMELINE 55 231 241727088583300 2138200
LATENCY 2102000
TIMELINE 55 247 241727128516600 2102000
LATENCY 2133900
TIMELINE 55 263 241727162855600 2133900
LATENCY 2165700
TIMELINE 55 279 241727198334000 2165700
LATENCY 2138700
TIMELINE 55 295 241727233874000 2138700
LATENCY 2049100
TIMELINE 55 311 241727268010600 2049100
LATENCY 2071700
TIMELINE 55 327 241727301312300 2071700
LATENCY 2370400
TIMELINE 55 343 241727337768600 2370400
LATENCY 2427200
TIMELINE 55 359 241727375036000 2427200
LATENCY 2218800
TIMELINE 55 375 241727418467800 2218800
LATENCY 2260000
TIMELINE 55 391 241727455824600 2260000
LATENCY 2143700
TIMELINE 55 407 241727490329300 2143700
LATENCY 2275200
TIMELINE 55 423 241727526484100 2275200
LATENCY 2209700
TIMELINE 55 439 241727561625900 2209700
LATENCY 2120400
TIMELINE 55 455 241727597578000 2120400
LATENCY 2152700
TIMELINE 55 471 241727632081000 2152700
LATENCY 2288100
TIMELINE 55 487 241727667898200 2288100
LATENCY 2153800
TIMELINE 55 503 241727709826500 2153800
LATENCY 2191500
TIMELINE 55 519 241727745104400 2191500
LATENCY 2257200
TIMELINE 55 535 241727783894100 2257200
LATENCY 2261000
TIMELINE 55 551 241727819180700 2261000
LATENCY 2070100
TIMELINE 55 567 241727853583500 2070100
LATENCY 2094200
TIMELINE 55 583 241727887673300 2094200
LATENCY 2420400
TIMELINE 55 599 241727923452200 2420400
LATENCY 2322800
TIMELINE 55 615 241727958157900 2322800
LATENCY 2140000
TIMELINE 55 631 241728001649600 2140000
LATENCY 2182200
TIMELINE 55 647 241728035539800 2182200
LATENCY 2179500
TIMELINE 55 663 241728070275300 2179500
LATENCY 2122400
TIMELINE 55 679 241728104601300 2122400
LATENCY 2193000
TIMELINE 55 695 241728139228000 2193000
LATENCY 2204800
TIMELINE 55 711 241728173218500 2204800
LATENCY 2186800
TIMELINE 55 727 241728209552700 2186800
LATENCY 2379500
TIMELINE 55 743 241728252116100 2379500
LATENCY 2207500
TIMELINE 55 759 241728288844000 2207500
LATENCY 2301800
TIMELINE 55 775 241728324840300 2301800
LATENCY 2179800
TIMELINE 55 791 241728360031000 2179800
LATENCY 2294600
TIMELINE 55 807 241728395405900 2294600
LATENCY 2137800
TIMELINE 55 823 241728430261200 2137800
LATENCY 2170800
TIMELINE 55 839 241728465303300 2170800
LATENCY 2217600
TIMELINE 55 855 241728501159100 2217600
LATENCY 2167300
TIMELINE 55 871 241728543319500 2167300
LATENCY 2205800
TIMELINE 55 887 241728578640700 2205800
LATENCY 2194000
TIMELINE 55 903 241728613589900 2194000
LATENCY 2315000
TIMELINE 55 919 241728648320300 2315000
LATENCY 2176200
TIMELINE 55 935 241728684197300 2176200
LATENCY 2233700
TIMELINE 55 951 241728718875700 2233700
LATENCY 2259000
TIMELINE 55 967 241728755654400 2259000
LATENCY 2139300
TIMELINE 55 983 241728798201700 2139300
LATENCY 2138600
TIMELINE 55 999 241728832760400 2138600
LATENCY 2147700
TIMELINE 55 1015 241728867052200 2147700
LATENCY 2229500
TIMELINE 55 1031 241728901746500 2229500
LATENCY 2176300
TIMELINE 55 1047 241728936729300 2176300
LATENCY 2188500
TIMELINE 55 1063 241728971108900 2188500
LATENCY 2212400
TIMELINE 55 1079 241729006114500 2212400
LATENCY 2463700
TIMELINE 55 1095 241729042703500 2463700
LATENCY 2203100
TIMELINE 55 1111 241729083240000 2203100
LATENCY 2337800
TIMELINE 55 1127 241729118972200 2337800
LATENCY 2181500
TIMELINE 55 1143 241729153951800 2181500
LATENCY 2365900
TIMELINE 55 1159 241729189020700 2365900
LATENCY 2264800
TIMELINE 55 1175 241729225120500 2264800
LATENCY 2216700
TIMELINE 55 1191 241729259736700 2216700
LATENCY 2633500
TIMELINE 55 1207 241729294669600 2633500
LATENCY 2173200
TIMELINE 55 1223 241729339287600 2173200
LATENCY 2259300
TIMELINE 55 1239 241729374513400 2259300
LATENCY 2114400
TIMELINE 55 1255 241729409193100 2114400
LATENCY 2328000
TIMELINE 55 1271 241729446687800 2328000
LATENCY 2609200
TIMELINE 55 1287 241729488865500 2609200
LATENCY 3041100
TIMELINE 55 1303 241729532047000 3041100
LATENCY 2691500
TIMELINE 55 1319 241729577889800 2691500
LATENCY 2708900
TIMELINE 55 1335 241729623693800 2708900
LATENCY 2751200
TIMELINE 55 1351 241729673067700 2751200
LATENCY 2745400
TIMELINE 55 1367 241729716252600 2745400
LATENCY 3137300
TIMELINE 55 1383 241729761930600 3137300
LATENCY 3023700
TIMELINE 55 1399 241729808277200 3023700
LATENCY 2585200
TIMELINE 55 1415 241729854143900 2585200
LATENCY 2765200
TIMELINE 55 1431 241729897019800 2765200
LATENCY 3030900
TIMELINE 55 1447 241729941606200 3030900
LATENCY 2762400
TIMELINE 55 1463 241729996917400 2762400
LATENCY 3066300
TIMELINE 55 1479 241730039229500 3066300
LATENCY 2958900
TIMELINE 55 1495 241730084775100 2958900
LATENCY 2662100
TIMELINE 55 1511 241730129046500 2662100
LATENCY 2640300
TIMELINE 55 1527 241730171425100 2640300
LATENCY 2789300
TIMELINE 55 1543 241730218330200 2789300
LATENCY 2610500
TIMELINE 55 1559 241730265143500 2610500
LATENCY 2654100
TIMELINE 55 1575 241730308170100 2654100
LATENCY 2754100
TIMELINE 55 1591 241730357334900 2754100
LATENCY 2693600
TIMELINE 55 1607 241730399721200 2693600
LATENCY 2839400
TIMELINE 55 1623 241730443248300 2839400
LATENCY 2755500
TIMELINE 55 1639 241730488366600 2755500
LATENCY 2702600
TIMELINE 55 1655 241730531915600 2702600
LATENCY 2740700
TIMELINE 55 1671 241730575667000 2740700
LATENCY 2703200
TIMELINE 55 1687 241730618365200 2703200
LATENCY 2938900
TIMELINE 55 1703 241730667357800 2938900
LATENCY 2835200
TIMELINE 55 1719 241730716008500 2835200
LATENCY 2865200
TIMELINE 55 1735 241730762557600 2865200
LATENCY 2864500
TIMELINE 55 1751 241730807624400 2864500
LATENCY 2800900
TIMELINE 55 1767 241730855169300 2800900
LATENCY 2740500
TIMELINE 55 1783 241730898633600 2740500
LATENCY 2606000
TIMELINE 55 1799 241730944210100 2606000
LATENCY 3110100
TIMELINE 55 1815 241730990648500 3110100
LATENCY 2804800
TIMELINE 55 1831 241731044564100 2804800
LATENCY 2799000
TIMELINE 55 1847 241731089321800 2799000
LATENCY 2737300
TIMELINE 55 1863 241731134896800 2737300
LATENCY 2629200
TIMELINE 55 1879 241731177550200 2629200
LATENCY 2591200
TIMELINE 55 1895 241731219881500 2591200
LATENCY 2783900
TIMELINE 55 1911 241731262537400 2783900
LATENCY 2788200
TIMELINE 55 1927 241731306862200 2788200
LATENCY 2796900
TIMELINE 55 1943 241731357623300 2796900
LATENCY 2743300
TIMELINE 55 1959 241731400549500 2743300
LATENCY 2722900
TIMELINE 55 1975 241731444179700 2722900
LATENCY 3090500
TIMELINE 55 1991 241731492083500 3090500
LATENCY 2779600
TIMELINE 55 2007 241731540067200 2779600
LATENCY 3028700
TIMELINE 55 2023 241731583477800 3028700
LATENCY 2709300
TIMELINE 55 2039 241731627557800 2709300
LATENCY 3037500
TIMELINE 56 8 241726546636700 3037500
LATENCY 2247400
TIMELINE 56 24 241726586837200 2247400
LATENCY 2473100
TIMELINE 56 40 241726624392700 2473100
LATENCY 2203700
TIMELINE 56 56 241726666287900 2203700
LATENCY 2417500
TIMELINE 56 72 241726704786100 2417500
LATENCY 2505300
TIMELINE 56 88 241726742789000 2505300
LATENCY 11918800
TIMELINE 56 104 241726786232100 11918800
LATENCY 2590300
TIMELINE 56 120 241726834773500 2590300
LATENCY 2197900
TIMELINE 56 136 241726872220200 2197900
LATENCY 2417400
TIMELINE 56 152 241726908591300 2417400
LATENCY 2207600
TIMELINE 56 168 241726945820700 2207600
LATENCY 2198600
TIMELINE 56 184 241726984035300 2198600
LATENCY 2285100
TIMELINE 56 200 241727020471400 2285100
LATENCY 2125600
TIMELINE 56 216 241727056350100 2125600
LATENCY 2052600
TIMELINE 56 232 241727091780200 2052600
LATENCY 2047300
TIMELINE 56 248 241727131648700 2047300
LATENCY 2233100
TIMELINE 56 264 241727166061300 2233100
LATENCY 2180400
TIMELINE 56 280 241727201430800 2180400
LATENCY 2132300
TIMELINE 56 296 241727236906000 2132300
LATENCY 2082900
TIMELINE 56 312 241727270920300 2082900
LATENCY 2149300
TIMELINE 56 328 241727304264100 2149300
LATENCY 2245200
TIMELINE 56 344 241727340719400 2245200
LATENCY 2442200
TIMELINE 56 360 241727378682000 2442200
LATENCY 2360800
TIMELINE 56 376 241727421868600 2360800
LATENCY 2153200
TIMELINE 56 392 241727459223300 2153200
LATENCY 2133700
TIMELINE 56 408 241727493600300 2133700
LATENCY 2169500
TIMELINE 56 424 241727529654500 2169500
LATENCY 2180600
TIMELINE 56 440 241727564755700 2180600
LATENCY 2161500
TIMELINE 56 456 241727600674400 2161500
LATENCY 2158700
TIMELINE 56 472 241727635204300 2158700
LATENCY 2117300
TIMELINE 56 488 241727671225200 2117300
LATENCY 2256000
TIMELINE 56 504 241727712907100 2256000
LATENCY 2161700
TIMELINE 56 520 241727748242100 2161700
LATENCY 2215700
TIMELINE 56 536 241727786316000 2215700
LATENCY 2226900
TIMELINE 56 552 241727821573700 2226900
LATENCY 2223800
TIMELINE 56 568 241727855769000 2223800
LATENCY 2442600
TIMELINE 56 584 241727889902800 2442600
LATENCY 2135300
TIMELINE 56 600 241727925841800 2135300
LATENCY 2450200
TIMELINE 56 616 241727960451300 2450200
LATENCY 2093400
TIMELINE 56 632 241728003761700 2093400
LATENCY 2119600
TIMELINE 56 648 241728037694500 2119600
LATENCY 2124100
TIMELINE 56 664 241728072427100 2124100
LATENCY 2122400
TIMELINE 56 680 241728106695500 2122400
LATENCY 2181600
TIMELINE 56 696 241728141299500 2181600
LATENCY 2092800
TIMELINE 56 712 241728175314400 2092800
LATENCY 2163100
TIMELINE 56 728 241728212562300 2163100
LATENCY 2295300
TIMELINE 56 744 241728255119900 2295300
LATENCY 2167800
TIMELINE 56 760 241728291330600 2167800
LATENCY 2261800
TIMELINE 56 776 241728327425100 2261800
LATENCY 2221500
TIMELINE 56 792 241728362495300 2221500
LATENCY 2173500
TIMELINE 56 808 241728398087600 2173500
LATENCY 2181000
TIMELINE 56 824 241728432763700 2181000
LATENCY 2124000
TIMELINE 56 840 241728467812200 2124000
LATENCY 2292700
TIMELINE 56 856 241728503712600 2292700
LATENCY 2120300
TIMELINE 56 872 241728545813500 2120300
LATENCY 2129400
TIMELINE 56 888 241728581101800 2129400
LATENCY 2166100
TIMELINE 56 904 241728616175700 2166100
LATENCY 2222200
TIMELINE 56 920 241728650968000 2222200
LATENCY 2163500
TIMELINE 56 936 241728686827100 2163500
LATENCY 2280900
TIMELINE 56 952 241728721587200 2280900
LATENCY 2170800
TIMELINE 56 968 241728758425200 2170800
LATENCY 2167700
TIMELINE 56 984 241728800949400 2167700
LATENCY 2119900
TIMELINE 56 1000 241728835462300 2119900
LATENCY 2143400
TIMELINE 56 1016 241728869813600 2143400
LATENCY 2114200
TIMELINE 56 1032 241728904613900 2114200
LATENCY 2132900
TIMELINE 56 1048 241728939486100 2132900
LATENCY 2115100
TIMELINE 56 1064 241728973875400 2115100
LATENCY 2370300
TIMELINE 56 1080 241729008845300 2370300
LATENCY 2353500
TIMELINE 56 1096 241729045722100 2353500
LATENCY 2107900
TIMELINE 56 1112 241729085957800 2107900
LATENCY 2161000
TIMELINE 56 1128 241729121977300 2161000
LATENCY 2148900
TIMELINE 56 1144 241729156733900 2148900
LATENCY 2178800
TIMELINE 56 1160 241729192086700 2178800
LATENCY 2209100
TIMELINE 56 1176 241729228183100 2209100
LATENCY 2221500
TIMELINE 56 1192 241729262687500 2221500
LATENCY 2445500
TIMELINE 56 1208 241729298403300 2445500
LATENCY 2190200
TIMELINE 56 1224 241729342102700 2190200
LATENCY 2162700
TIMELINE 56 1240 241729377370600 2162700
LATENCY 2157800
TIMELINE 56 1256 241729411900400 2157800
LATENCY 2334100
TIMELINE 56 1272 241729449203500 2334100
LATENCY 2599300
TIMELINE 56 1288 241729491707200 2599300
LATENCY 2937600
TIMELINE 56 1304 241729535345000 2937600
LATENCY 3435700
TIMELINE 56 1320 241729580749700 3435700
LATENCY 2731700
TIMELINE 56 1336 241729626631600 2731700
LATENCY 2723700
TIMELINE 56 1352 241729676052500 2723700
LATENCY 2761100
TIMELINE 56 1368 241729719235500 2761100
LATENCY 2846800
TIMELINE 56 1384 241729765316400 2846800
LATENCY 5244700
TIMELINE 56 1400 241729811540600 5244700
LATENCY 2670700
TIMELINE 56 1416 241729856956000 2670700
LATENCY 2723000
TIMELINE 56 1432 241729900020700 2723000
LATENCY 5679900
TIMELINE 56 1448 241729944904600 5679900
LATENCY 2605200
TIMELINE 56 1464 241730000037200 2605200
LATENCY 3031400
TIMELINE 56 1480 241730042746000 3031400
LATENCY 2745900
TIMELINE 56 1496 241730088212500 2745900
LATENCY 2638000
TIMELINE 56 1512 241730132029100 2638000
LATENCY 2638300
TIMELINE 56 1528 241730174435200 2638300
LATENCY 2836700
TIMELINE 56 1544 241730221449900 2836700
LATENCY 2603600
TIMELINE 56 1560 241730268081500 2603600
LATENCY 2975200
TIMELINE 56 1576 241730311149900 2975200
LATENCY 2695400
TIMELINE 56 1592 241730360427800 2695400
LATENCY 2667500
TIMELINE 56 1608 241730402738000 2667500
LATENCY 2768700
TIMELINE 56 1624 241730446448500 2768700
LATENCY 2760200
TIMELINE 56 1640 241730491483900 2760200
LATENCY 2669600
TIMELINE 56 1656 241730534982900 2669600
LATENCY 2680800
TIMELINE 56 1672 241730578821600 2680800
LATENCY 2577600
TIMELINE 56 1688 241730621437100 2577600
LATENCY 3067500
TIMELINE 56 1704 241730670703600 3067500
LATENCY 2850000
TIMELINE 56 1720 241730719162600 2850000
LATENCY 2811200
TIMELINE 56 1736 241730765741400 2811200
LATENCY 2933700
TIMELINE 56 1752 241730810805600 2933700
LATENCY 2941100
TIMELINE 56 1768 241730858263400 2941100
LATENCY 2801400
TIMELINE 56 1784 241730901683700 2801400
LATENCY 2596000
TIMELINE 56 1800 241730947098000 2596000
LATENCY 3035400
TIMELINE 56 1816 241730994108400 3035400
LATENCY 3008400
TIMELINE 56 1832 241731047933400 3008400
LATENCY 2842200
TIMELINE 56 1848 241731092624900 2842200
LATENCY 2754200
TIMELINE 56 1864 241731138161600 2754200
LATENCY 2687100
TIMELINE 56 1880 241731180677900 2687100
LATENCY 2613300
TIMELINE 56 1896 241731222915900 2613300
LATENCY 2747500
TIMELINE 56 1912 241731265845800 2747500
LATENCY 3202700
TIMELINE 56 1928 241731310125700 3202700
LATENCY 2696500
TIMELINE 56 1944 241731360814000 2696500
LATENCY 2702500
TIMELINE 56 1960 241731403757300 2702500
LATENCY 2756500
TIMELINE 56 1976 241731447383100 2756500
LATENCY 3091500
TIMELINE 56 1992 241731495673000 3091500
LATENCY 2948900
TIMELINE 56 2008 241731543282200 2948900
LATENCY 2973600
TIMELINE 56 2024 241731587119700 2973600
LATENCY 2986600
TIMELINE 56 2040 241731630773100 2986600
LATENCY 3225700
TIMELINE 57 9 241726549843200 3225700
LATENCY 2281300
TIMELINE 57 25 241726589204200 2281300
LATENCY 2623000
TIMELINE 57 41 241726626937600 2623000
LATENCY 2275300
TIMELINE 57 57 241726668528600 2275300
LATENCY 2442900
TIMELINE 57 73 241726707303000 2442900
LATENCY 2577200
TIMELINE 57 89 241726745509800 2577200
LATENCY 2716700
TIMELINE 57 105 241726798473300 2716700
LATENCY 2420700
TIMELINE 57 121 241726838116600 2420700
LATENCY 2179200
TIMELINE 57 137 241726875093300 2179200
LATENCY 2308300
TIMELINE 57 153 241726911747900 2308300
LATENCY 2206700
TIMELINE 57 169 241726948697700 2206700
LATENCY 2453400
TIMELINE 57 185 241726986338200 2453400
LATENCY 2209400
TIMELINE 57 201 241727022849700 2209400
LATENCY 2232100
TIMELINE 57 217 241727058336900 2232100
LATENCY 2044400
TIMELINE 57 233 241727093752100 2044400
LATENCY 2047400
TIMELINE 57 249 241727133667700 2047400
LATENCY 2217900
TIMELINE 57 265 241727168358200 2217900
LATENCY 2103900
TIMELINE 57 281 241727203673700 2103900
LATENCY 2118100
TIMELINE 57 297 241727239102000 2118100
LATENCY 2112200
TIMELINE 57 313 241727273130200 2112200
LATENCY 2197000
TIMELINE 57 329 241727306498500 2197000
LATENCY 2229700
TIMELINE 57 345 241727343123100 2229700
LATENCY 2448600
TIMELINE 57 361 241727380809600 2448600
LATENCY 2331000
TIMELINE 57 377 241727423914800 2331000
LATENCY 2186600
TIMELINE 57 393 241727460930400 2186600
LATENCY 2311100
TIMELINE 57 409 241727495302100 2311100
LATENCY 2181500
TIMELINE 57 425 241727531444800 2181500
LATENCY 2205600
TIMELINE 57 441 241727566585200 2205600
LATENCY 2320300
TIMELINE 57 457 241727602333300 2320300
LATENCY 2174000
TIMELINE 57 473 241727636910500 2174000
LATENCY 2122000
TIMELINE 57 489 241727672801800 2122000
LATENCY 2296500
TIMELINE 57 505 241727714744600 2296500
LATENCY 2168700
TIMELINE 57 521 241727750026100 2168700
LATENCY 2287800
TIMELINE 57 537 241727789859500 2287800
LATENCY 2153500
TIMELINE 57 553 241727825013300 2153500
LATENCY 2241700
TIMELINE 57 569 241727859064200 2241700
LATENCY 2534300
TIMELINE 57 585 241727893883600 2534300
LATENCY 2197600
TIMELINE 57 601 241727929119300 2197600
LATENCY 2201900
TIMELINE 57 617 241727964166000 2201900
LATENCY 2161900
TIMELINE 57 633 241728007052000 2161900
LATENCY 2089000
TIMELINE 57 649 241728041110500 2089000
LATENCY 2159100
TIMELINE 57 665 241728075826800 2159100
LATENCY 2138700
TIMELINE 57 681 241728110068100 2138700
LATENCY 2113300
TIMELINE 57 697 241728144782000 2113300
LATENCY 2263000
TIMELINE 57 713 241728178728700 2263000
LATENCY 2211500
TIMELINE 57 729 241728215148000 2211500
LATENCY 2214700
TIMELINE 57 745 241728258048400 2214700
LATENCY 2475100
TIMELINE 57 761 241728294198800 2475100
LATENCY 2248800
TIMELINE 57 777 241728330374100 2248800
LATENCY 2355000
TIMELINE 57 793 241728365374000 2355000
LATENCY 2117800
TIMELINE 57 809 241728400954300 2117800
LATENCY 2315600
TIMELINE 57 825 241728435723000 2315600
LATENCY 2144700
TIMELINE 57 841 241728470675300 2144700
LATENCY 2205800
TIMELINE 57 857 241728506748700 2205800
LATENCY 2169700
TIMELINE 57 873 241728548656700 2169700
LATENCY 2211900
TIMELINE 57 889 241728584056100 2211900
LATENCY 2160300
TIMELINE 57 905 241728619148400 2160300
LATENCY 2142100
TIMELINE 57 921 241728654032200 2142100
LATENCY 2150100
TIMELINE 57 937 241728689724800 2150100
LATENCY 2185500
TIMELINE 57 953 241728724610700 2185500
LATENCY 2267100
TIMELINE 57 969 241728761382400 2267100
LATENCY 2226600
TIMELINE 57 985 241728803873000 2226600
LATENCY 2167400
TIMELINE 57 1001 241728838434100 2167400
LATENCY 2139800
TIMELINE 57 1017 241728872812800 2139800
LATENCY 2207500
TIMELINE 57 1033 241728907488900 2207500
LATENCY 2141200
TIMELINE 57 1049 241728942377700 2141200
LATENCY 2156100
TIMELINE 57 1065 241728976745700 2156100
LATENCY 2481100
TIMELINE 57 1081 241729012343300 2481100
LATENCY 2238600
TIMELINE 57 1097 241729048998000 2238600
LATENCY 2194400
TIMELINE 57 1113 241729088956700 2194400
LATENCY 2163400
TIMELINE 57 1129 241729125187900 2163400
LATENCY 2165600
TIMELINE 57 1145 241729160011600 2165600
LATENCY 2144800
TIMELINE 57 1161 241729195314500 2144800
LATENCY 2147700
TIMELINE 57 1177 241729231394100 2147700
LATENCY 2152500
TIMELINE 57 1193 241729265926400 2152500
LATENCY 2331000
TIMELINE 57 1209 241729301771700 2331000
LATENCY 2302500
TIMELINE 57 1225 241729345458200 2302500
LATENCY 2146100
TIMELINE 57 1241 241729380658200 2146100
LATENCY 2104200
TIMELINE 57 1257 241729415159900 2104200
LATENCY 2858600
TIMELINE 57 1273 241729453250500 2858600
LATENCY 2661400
TIMELINE 57 1289 241729496248100 2661400
LATENCY 2940300
TIMELINE 57 1305 241729540448100 2940300
LATENCY 2860700
TIMELINE 57 1321 241729586479900 2860700
LATENCY 2705100
TIMELINE 57 1337 241729631349900 2705100
LATENCY 2690700
TIMELINE 57 1353 241729680794400 2690700
LATENCY 2708900
TIMELINE 57 1369 241729724030300 2708900
LATENCY 2853800
TIMELINE 57 1385 241729770301700 2853800
LATENCY 2605900
TIMELINE 57 1401 241729819223000 2605900
LATENCY 2622800
TIMELINE 57 1417 241729861483400 2622800
LATENCY 2806200
TIMELINE 57 1433 241729904746900 2806200
LATENCY 2708200
TIMELINE 57 1449 241729954797100 2708200
LATENCY 2728800
TIMELINE 57 1465 241730004457400 2728800
LATENCY 3064900
TIMELINE 57 1481 241730047912900 3064900
LATENCY 2680100
TIMELINE 57 1497 241730092850700 2680100
LATENCY 2602200
TIMELINE 57 1513 241730136475900 2602200
LATENCY 2648400
TIMELINE 57 1529 241730179054200 2648400
LATENCY 2796200
TIMELINE 57 1545 241730226271700 2796200
LATENCY 2848900
TIMELINE 57 1561 241730272579700 2848900
LATENCY 7815800
TIMELINE 57 1577 241730316227600 7815800
LATENCY 2756600
TIMELINE 57 1593 241730365214400 2756600
LATENCY 2558700
TIMELINE 57 1609 241730407395400 2558700
LATENCY 2759900
TIMELINE 57 1625 241730451361300 2759900
LATENCY 2761800
TIMELINE 57 1641 241730496266200 2761800
LATENCY 2708900
TIMELINE 57 1657 241730539593600 2708900
LATENCY 2625700
TIMELINE 57 1673 241730583365400 2625700
LATENCY 2624800
TIMELINE 57 1689 241730625860300 2624800
LATENCY 3083600
TIMELINE 57 1705 241730675944200 3083600
LATENCY 2808000
TIMELINE 57 1721 241730724066400 2808000
LATENCY 2851200
TIMELINE 57 1737 241730770567000 2851200
LATENCY 2796500
TIMELINE 57 1753 241730819173400 2796500
LATENCY 2703500
TIMELINE 57 1769 241730863200100 2703500
LATENCY 2748300
TIMELINE 57 1785 241730906546200 2748300
LATENCY 2997300
TIMELINE 57 1801 241730951687200 2997300
LATENCY 2841600
TIMELINE 57 1817 241731004019800 2841600
LATENCY 3031000
TIMELINE 57 1833 241731048653000 3031000
LATENCY 2828300
TIMELINE 57 1849 241731093381200 2828300
LATENCY 2765200
TIMELINE 57 1865 241731138876500 2765200
LATENCY 2728600
TIMELINE 57 1881 241731181365000 2728600
LATENCY 2617800
TIMELINE 57 1897 241731223598000 2617800
LATENCY 2875400
TIMELINE 57 1913 241731266552100 2875400
LATENCY 3301600
TIMELINE 57 1929 241731310887100 3301600
LATENCY 2720400
TIMELINE 57 1945 241731361554700 2720400
LATENCY 2709700
TIMELINE 57 1961 241731404507800 2709700
LATENCY 2740900
TIMELINE 57 1977 241731448114900 2740900
LATENCY 3103000
TIMELINE 57 1993 241731496486000 3103000
LATENCY 3002000
TIMELINE 57 2009 241731543895900 3002000
LATENCY 2943800
TIMELINE 57 2025 241731587915700 2943800
LATENCY 2971600
TIMELINE 57 2041 241731631612900 2971600
LATENCY 2556600
TIMELINE 58 10 241726552996300 2556600
LATENCY 2426900
TIMELINE 58 26 241726591377400 2426900
LATENCY 3841200
TIMELINE 58 42 241726629401700 3841200
LATENCY 2516600
TIMELINE 58 58 241726670749500 2516600
LATENCY 2318300
TIMELINE 58 74 241726709838000 2318300
LATENCY 2470400
TIMELINE 58 90 241726748131100 2470400
LATENCY 2434200
TIMELINE 58 106 241726801227500 2434200
LATENCY 2580200
TIMELINE 58 122 241726839897500 2580200
LATENCY 2318700
TIMELINE 58 138 241726876697400 2318700
LATENCY 2349400
TIMELINE 58 154 241726913431700 2349400
LATENCY 2250600
TIMELINE 58 170 241726950453100 2250600
LATENCY 2427500
TIMELINE 58 186 241726987570200 2427500
LATENCY 2131800
TIMELINE 58 202 241727024023900 2131800
LATENCY 2177100
TIMELINE 58 218 241727059627300 2177100
LATENCY 2106600
TIMELINE 58 234 241727094933700 2106600
LATENCY 2036800
TIMELINE 58 250 241727134830800 2036800
LATENCY 2247100
TIMELINE 58 266 241727169491600 2247100
LATENCY 2167400
TIMELINE 58 282 241727204757800 2167400
LATENCY 2150300
TIMELINE 58 298 241727240184500 2150300
LATENCY 2141100
TIMELINE 58 314 241727274198800 2141100
LATENCY 2189100
TIMELINE 58 330 241727307674700 2189100
LATENCY 2202600
TIMELINE 58 346 241727344484100 2202600
LATENCY 2307400
TIMELINE 58 362 241727383999100 2307400
LATENCY 2324400
TIMELINE 58 378 241727426882500 2324400
LATENCY 2224200
TIMELINE 58 394 241727463780200 2224200
LATENCY 2256000
TIMELINE 58 410 241727498451400 2256000
LATENCY 2147700
TIMELINE 58 426 241727534391800 2147700
LATENCY 2132400
TIMELINE 58 442 241727569524600 2132400
LATENCY 2192400
TIMELINE 58 458 241727605407100 2192400
LATENCY 2104600
TIMELINE 58 474 241727639816100 2104600
LATENCY 2092600
TIMELINE 58 490 241727675593600 2092600
LATENCY 2235100
TIMELINE 58 506 241727717827400 2235100
LATENCY 2195000
TIMELINE 58 522 241727752984300 2195000
LATENCY 2196300
TIMELINE 58 538 241727794155700 2196300
LATENCY 2192900
TIMELINE 58 554 241727829124900 2192900
LATENCY 2141800
TIMELINE 58 570 241727863353100 2141800
LATENCY 2225200
TIMELINE 58 586 241727898753000 2225200
LATENCY 2155600
TIMELINE 58 602 241727933575800 2155600
LATENCY 9762500
TIMELINE 58 618 241727968451900 9762500
LATENCY 2069600
TIMELINE 58 634 241728011280000 2069600
LATENCY 2105800
TIMELINE 58 650 241728045449600 2105800
LATENCY 2130900
TIMELINE 58 666 241728080441300 2130900
LATENCY 2112600
TIMELINE 58 682 241728114483100 2112600
LATENCY 2110700
TIMELINE 58 698 241728149094900 2110700
LATENCY 2318500
TIMELINE 58 714 241728183504100 2318500
LATENCY 2252500
TIMELINE 58 730 241728219554200 2252500
LATENCY 2217700
TIMELINE 58 746 241728262424700 2217700
LATENCY 2168900
TIMELINE 58 762 241728298806100 2168900
LATENCY 2176400
TIMELINE 58 778 241728334765000 2176400
LATENCY 2167200
TIMELINE 58 794 241728370019700 2167200
LATENCY 2145900
TIMELINE 58 810 241728405165800 2145900
LATENCY 2243700
TIMELINE 58 826 241728440181200 2243700
LATENCY 2425700
TIMELINE 58 842 241728475204300 2425700
LATENCY 2140400
TIMELINE 58 858 241728511218700 2140400
LATENCY 2279800
TIMELINE 58 874 241728553456200 2279800
LATENCY 2163000
TIMELINE 58 890 241728588632000 2163000
LATENCY 2154000
TIMELINE 58 906 241728623658800 2154000
LATENCY 2176600
TIMELINE 58 922 241728658560200 2176600
LATENCY 2455300
TIMELINE 58 938 241728694249100 2455300
LATENCY 2365400
TIMELINE 58 954 241728729549500 2365400
LATENCY 2182000
TIMELINE 58 970 241728765995700 2182000
LATENCY 2178000
TIMELINE 58 986 241728808484900 2178000
LATENCY 2133700
TIMELINE 58 1002 241728842866100 2133700
LATENCY 2158800
TIMELINE 58 1018 241728877232600 2158800
LATENCY 2155800
TIMELINE 58 1034 241728912292800 2155800
LATENCY 2134000
TIMELINE 58 1050 241728947120900 2134000
LATENCY 2185600
TIMELINE 58 1066 241728981531900 2185600
LATENCY 2267000
TIMELINE 58 1082 241729017202600 2267000
LATENCY 7188800
TIMELINE 58 1098 241729053448900 7188800
LATENCY 2191900
TIMELINE 58 1114 241729093342600 2191900
LATENCY 2187900
TIMELINE 58 1130 241729129442400 2187900
LATENCY 2177400
TIMELINE 58 1146 241729164178500 2177400
LATENCY 2297700
TIMELINE 58 1162 241729199496800 2297700
LATENCY 2162000
TIMELINE 58 1178 241729235600400 2162000
LATENCY 2219200
TIMELINE 58 1194 241729270261300 2219200
LATENCY 2258300
TIMELINE 58 1210 241729306209600 2258300
LATENCY 2205700
TIMELINE 58 1226 241729349777200 2205700
LATENCY 2175300
TIMELINE 58 1242 241729384694900 2175300
LATENCY 2112400
TIMELINE 58 1258 241729419178900 2112400
LATENCY 2800300
TIMELINE 58 1274 241729457913800 2800300
LATENCY 2640700
TIMELINE 58 1290 241729500620400 2640700
LATENCY 2977700
TIMELINE 58 1306 241729545295400 2977700
LATENCY 2747800
TIMELINE 58 1322 241729591090500 2747800
LATENCY 7788800
TIMELINE 58 1338 241729635758800 7788800
LATENCY 2767300
TIMELINE 58 1354 241729685298900 2767300
LATENCY 2785400
TIMELINE 58 1370 241729728549900 2785400
LATENCY 2891400
TIMELINE 58 1386 241729775052100 2891400
LATENCY 2673600
TIMELINE 58 1402 241729823642600 2673600
LATENCY 2719200
TIMELINE 58 1418 241729866046600 2719200
LATENCY 3168300
TIMELINE 58 1434 241729909390700 3168300
LATENCY 2649700
TIMELINE 58 1450 241729959538200 2649700
LATENCY 2604000
TIMELINE 58 1466 241730009143800 2604000
LATENCY 2677600
TIMELINE 58 1482 241730053048900 2677600
LATENCY 2626400
TIMELINE 58 1498 241730097406700 2626400
LATENCY 2586300
TIMELINE 58 1514 241730140892100 2586300
LATENCY 2660300
TIMELINE 58 1530 241730183554100 2660300
LATENCY 2823100
TIMELINE 58 1546 241730230953500 2823100
LATENCY 3066700
TIMELINE 58 1562 241730277533000 3066700
LATENCY 2913900
TIMELINE 58 1578 241730326030100 2913900
LATENCY 2633300
TIMELINE 58 1594 241730369792100 2633300
LATENCY 2585900
TIMELINE 58 1610 241730411733700 2585900
LATENCY 2822500
TIMELINE 58 1626 241730455914100 2822500
LATENCY 2650000
TIMELINE 58 1642 241730500987100 2650000
LATENCY 2647000
TIMELINE 58 1658 241730544113900 2647000
LATENCY 2629200
TIMELINE 58 1674 241730587896400 2629200
LATENCY 2595300
TIMELINE 58 1690 241730630343300 2595300
LATENCY 2987100
TIMELINE 58 1706 241730681168100 2987100
LATENCY 2877600
TIMELINE 58 1722 241730728808500 2877600
LATENCY 2802800
TIMELINE 58 1738 241730775306400 2802800
LATENCY 2798800
TIMELINE 58 1754 241730823812500 2798800
LATENCY 2639800
TIMELINE 58 1770 241730867757300 2639800
LATENCY 2680100
TIMELINE 58 1786 241730911157700 2680100
LATENCY 3089800
TIMELINE 58 1802 241730956853300 3089800
LATENCY 2741600
TIMELINE 58 1818 241731008600800 2741600
LATENCY 2693400
TIMELINE 58 1834 241731054781700 2693400
LATENCY 2744500
TIMELINE 58 1850 241731099349200 2744500
LATENCY 2722200
TIMELINE 58 1866 241731144801600 2722200
LATENCY 2821400
TIMELINE 58 1882 241731187238400 2821400
LATENCY 2554900
TIMELINE 58 1898 241731229117300 2554900
LATENCY 2815400
TIMELINE 58 1914 241731272517400 2815400
LATENCY 2702500
TIMELINE 58 1930 241731317645700 2702500
LATENCY 2718400
TIMELINE 58 1946 241731367365200 2718400
LATENCY 2804400
TIMELINE 58 1962 241731410366800 2804400
LATENCY 2696300
TIMELINE 58 1978 241731454087900 2696300
LATENCY 3321500
TIMELINE 58 1994 241731503141000 3321500
LATENCY 2700100
TIMELINE 58 2010 241731549998100 2700100
LATENCY 2701500
TIMELINE 58 2026 241731593964900 2701500
LATENCY 2695300
TIMELINE 58 2042 241731637839100 2695300
LATENCY 2529400
TIMELINE 59 11 241726555981300 2529400
LATENCY 2557100
TIMELINE 59 27 241726594241500 2557100
LATENCY 3771000
TIMELINE 59 43 241726634008400 3771000
LATENCY 2618600
TIMELINE 59 59 241726673713400 2618600
LATENCY 2387300
TIMELINE 59 75 241726712751600 2387300
LATENCY 2671600
TIMELINE 59 91 241726751013700 2671600
LATENCY 2331800
TIMELINE 59 107 241726804144600 2331800
LATENCY 2368400
TIMELINE 59 123 241726843086800 2368400
LATENCY 2290200
TIMELINE 59 139 241726879596800 2290200
LATENCY 2576700
TIMELINE 59 155 241726916337200 2576700
LATENCY 2302100
TIMELINE 59 171 241726953098000 2302100
LATENCY 2507300
TIMELINE 59 187 241726990420600 2507300
LATENCY 2278000
TIMELINE 59 203 241727026704200 2278000
LATENCY 2437800
TIMELINE 59 219 241727062280300 2437800
LATENCY 8385200
TIMELINE 59 235 241727097574800 8385200
LATENCY 2124000
TIMELINE 59 251 241727137397900 2124000
LATENCY 2190300
TIMELINE 59 267 241727172480100 2190300
LATENCY 2223500
TIMELINE 59 283 241727207743200 2223500
LATENCY 2344400
TIMELINE 59 299 241727243199200 2344400
LATENCY 2097200
TIMELINE 59 315 241727277155500 2097200
LATENCY 2459000
TIMELINE 59 331 241727310716300 2459000
LATENCY 2192100
TIMELINE 59 347 241727347638100 2192100
LATENCY 2232800
TIMELINE 59 363 241727386844300 2232800
LATENCY 2688000
TIMELINE 59 379 241727429810800 2688000
LATENCY 2186200
TIMELINE 59 395 241727466510000 2186200
LATENCY 2221300
TIMELINE 59 411 241727500988500 2221300
LATENCY 2177700
TIMELINE 59 427 241727536775600 2177700
LATENCY 2274100
TIMELINE 59 443 241727572351600 2274100
LATENCY 2142800
TIMELINE 59 459 241727608356300 2142800
LATENCY 2182500
TIMELINE 59 475 241727642620700 2182500
LATENCY 2372300
TIMELINE 59 491 241727678424800 2372300
LATENCY 2172900
TIMELINE 59 507 241727720657200 2172900
LATENCY 2313600
TIMELINE 59 523 241727755758900 2313600
LATENCY 2271900
TIMELINE 59 539 241727796566700 2271900
LATENCY 2115400
TIMELINE 59 555 241727831576100 2115400
LATENCY 2123200
TIMELINE 59 571 241727865612700 2123200
LATENCY 2199600
TIMELINE 59 587 241727900915600 2199600
LATENCY 2223100
TIMELINE 59 603 241727935671800 2223100
LATENCY 2409100
TIMELINE 59 619 241727978267200 2409100
LATENCY 2059600
TIMELINE 59 635 241728013264700 2059600
LATENCY 2153000
TIMELINE 59 651 241728047168600 2153000
LATENCY 2149400
TIMELINE 59 667 241728082166500 2149400
LATENCY 2162500
TIMELINE 59 683 241728116218700 2162500
LATENCY 2148300
TIMELINE 59 699 241728150886600 2148300
LATENCY 2301200
TIMELINE 59 715 241728185035800 2301200
LATENCY 2271700
TIMELINE 59 731 241728221137800 2271700
LATENCY 2241500
TIMELINE 59 747 241728263879800 2241500
LATENCY 2166300
TIMELINE 59 763 241728300189400 2166300
LATENCY 2169300
TIMELINE 59 779 241728336137800 2169300
LATENCY 2179300
TIMELINE 59 795 241728371448100 2179300
LATENCY 2155100
TIMELINE 59 811 241728406573700 2155100
LATENCY 2237700
TIMELINE 59 827 241728441637700 2237700
LATENCY 2275100
TIMELINE 59 843 241728476732000 2275100
LATENCY 2147500
TIMELINE 59 859 241728512452600 2147500
LATENCY 2221700
TIMELINE 59 875 241728554567300 2221700
LATENCY 2173500
TIMELINE 59 891 241728589728500 2173500
LATENCY 2128500
TIMELINE 59 907 241728624441500 2128500
LATENCY 2191400
TIMELINE 59 923 241728659295600 2191400
LATENCY 2308700
TIMELINE 59 939 241728694941700 2308700
LATENCY 2331500
TIMELINE 59 955 241728730255400 2331500
LATENCY 2186200
TIMELINE 59 971 241728766574600 2186200
LATENCY 2179600
TIMELINE 59 987 241728809124800 2179600
LATENCY 2167500
TIMELINE 59 1003 241728843480600 2167500
LATENCY 2186900
TIMELINE 59 1019 241728877894400 2186900
LATENCY 2173300
TIMELINE 59 1035 241728912752100 2173300
LATENCY 2136200
TIMELINE 59 1051 241728947565600 2136200
LATENCY 2151900
TIMELINE 59 1067 241728981962800 2151900
LATENCY 2288400
TIMELINE 59 1083 241729018270000 2288400
LATENCY 7229200
TIMELINE 59 1099 241729054312600 7229200
LATENCY 2208700
TIMELINE 59 1115 241729094217700 2208700
LATENCY 2187200
TIMELINE 59 1131 241729130235400 2187200
LATENCY 2190500
TIMELINE 59 1147 241729164958800 2190500
LATENCY 2372000
TIMELINE 59 1163 241729200446600 2372000
LATENCY 2199800
TIMELINE 59 1179 241729236474000 2199800
LATENCY 2233400
TIMELINE 59 1195 241729271294800 2233400
LATENCY 2270700
TIMELINE 59 1211 241729307690000 2270700
LATENCY 2189900
TIMELINE 59 1227 241729351122800 2189900
LATENCY 2165800
TIMELINE 59 1243 241729385984700 2165800
LATENCY 2236500
TIMELINE 59 1259 241729420438800 2236500
LATENCY 2670300
TIMELINE 59 1275 241729459519100 2670300
LATENCY 2737700
TIMELINE 59 1291 241729502013500 2737700
LATENCY 2985600
TIMELINE 59 1307 241729546944900 2985600
LATENCY 2931000
TIMELINE 59 1323 241729592603900 2931000
LATENCY 3230600
TIMELINE 59 1339 241729642068600 3230600
LATENCY 2672700
TIMELINE 59 1355 241729686827600 2672700
LATENCY 2793900
TIMELINE 59 1371 241729730054200 2793900
LATENCY 2866400
TIMELINE 59 1387 241729776631200 2866400
LATENCY 2722600
TIMELINE 59 1403 241729825055500 2722600
LATENCY 2723600
TIMELINE 59 1419 241729867530500 2723600
LATENCY 3382300
TIMELINE 59 1435 241729910894900 3382300
LATENCY 2899600
TIMELINE 59 1451 241729961065400 2899600
LATENCY 2562400
TIMELINE 59 1467 241730010696400 2562400
LATENCY 2576400
TIMELINE 59 1483 241730054685700 2576400
LATENCY 2900700
TIMELINE 59 1499 241730098855300 2900700
LATENCY 2593300
TIMELINE 59 1515 241730142357000 2593300
LATENCY 2668100
TIMELINE 59 1531 241730185083800 2668100
LATENCY 2823400
TIMELINE 59 1547 241730232581800 2823400
LATENCY 2942400
TIMELINE 59 1563 241730279206200 2942400
LATENCY 2790300
TIMELINE 59 1579 241730327729400 2790300
LATENCY 2574800
TIMELINE 59 1595 241730371291200 2574800
LATENCY 2712700
TIMELINE 59 1611 241730413181000 2712700
LATENCY 2791900
TIMELINE 59 1627 241730457538600 2791900
LATENCY 2637600
TIMELINE 59 1643 241730502509800 2637600
LATENCY 2638500
TIMELINE 59 1659 241730545625700 2638500
LATENCY 2634400
TIMELINE 59 1675 241730589382500 2634400
LATENCY 2594500
TIMELINE 59 1691 241730631790200 2594500
LATENCY 2972300
TIMELINE 59 1707 241730682820500 2972300
LATENCY 2892000
TIMELINE 59 1723 241730730526700 2892000
LATENCY 2823600
TIMELINE 59 1739 241730776990600 2823600
LATENCY 2791000
TIMELINE 59 1755 241730825504900 2791000
LATENCY 2661300
TIMELINE 59 1771 241730869357600 2661300
LATENCY 2691900
TIMELINE 59 1787 241730912799300 2691900
LATENCY 3043400
TIMELINE 59 1803 241730958754100 3043400
LATENCY 2976300
TIMELINE 59 1819 241731010613800 2976300
LATENCY 2749700
TIMELINE 59 1835 241731057657500 2749700
LATENCY 2762100
TIMELINE 59 1851 241731102284200 2762100
LATENCY 2769600
TIMELINE 59 1867 241731147719800 2769600
LATENCY 2624600
TIMELINE 59 1883 241731190234300 2624600
LATENCY 2582700
TIMELINE 59 1899 241731231889000 2582700
LATENCY 2749700
TIMELINE 59 1915 241731275553800 2749700
LATENCY 2657900
TIMELINE 59 1931 241731320570800 2657900
LATENCY 2702600
TIMELINE 59 1947 241731370246600 2702600
LATENCY 2751400
TIMELINE 59 1963 241731413320700 2751400
LATENCY 2639800
TIMELINE 59 1979 241731456946700 2639800
LATENCY 3221100
TIMELINE 59 1995 241731506851500 3221100
LATENCY 2615700
TIMELINE 59 2011 241731553086100 2615700
LATENCY 2751400
TIMELINE 59 2027 241731597113300 2751400
LATENCY 2734800
TIMELINE 59 2043 241731640981600 2734800
LATENCY 2548100
TIMELINE 60 12 241726558075700 2548100
LATENCY 2552200
TIMELINE 60 28 241726596303300 2552200
LATENCY 3910100
TIMELINE 60 44 241726637069300 3910100
LATENCY 2476500
TIMELINE 60 60 241726675596000 2476500
LATENCY 2360800
TIMELINE 60 76 241726714561800 2360800
LATENCY 2608800
TIMELINE 60 92 241726753023800 2608800
LATENCY 2358200
TIMELINE 60 108 241726805850800 2358200
LATENCY 2533100
TIMELINE 60 124 241726844984200 2533100
LATENCY 2160400
TIMELINE 60 140 241726881510500 2160400
LATENCY 2509300
TIMELINE 60 156 241726918394800 2509300
LATENCY 2190100
TIMELINE 60 172 241726954951600 2190100
LATENCY 2328700
TIMELINE 60 188 241726992995500 2328700
LATENCY 2159400
TIMELINE 60 204 241727028955100 2159400
LATENCY 2182800
TIMELINE 60 220 241727064506900 2182800
LATENCY 2107200
TIMELINE 60 236 241727105756200 2107200
LATENCY 2203100
TIMELINE 60 252 241727139303500 2203100
LATENCY 2137500
TIMELINE 60 268 241727174322500 2137500
LATENCY 2272600
TIMELINE 60 284 241727209541400 2272600
LATENCY 2170200
TIMELINE 60 300 241727245128700 2170200
LATENCY 2144200
TIMELINE 60 316 241727278842000 2144200
LATENCY 2285800
TIMELINE 60 332 241727312733000 2285800
LATENCY 2211900
TIMELINE 60 348 241727349356200 2211900
LATENCY 2278200
TIMELINE 60 364 241727386703600 2278200
LATENCY 2617500
TIMELINE 60 380 241727429648400 2617500
LATENCY 2192400
TIMELINE 60 396 241727466630000 2192400
LATENCY 2227800
TIMELINE 60 412 241727501045900 2227800
LATENCY 2172900
TIMELINE 60 428 241727536895600 2172900
LATENCY 2222600
TIMELINE 60 444 241727571834700 2222600
LATENCY 2144600
TIMELINE 60 460 241727607809600 2144600
LATENCY 2184900
TIMELINE 60 476 241727642084000 2184900
LATENCY 2357400
TIMELINE 60 492 241727677867100 2357400
LATENCY 2166100
TIMELINE 60 508 241727720132300 2166100
LATENCY 2236200
TIMELINE 60 524 241727755243300 2236200
LATENCY 2274700
TIMELINE 60 540 241727794786500 2274700
LATENCY 2166800
TIMELINE 60 556 241727829813000 2166800
LATENCY 2140900
TIMELINE 60 572 241727864065500 2140900
LATENCY 2221900
TIMELINE 60 588 241727899446900 2221900
LATENCY 2178400
TIMELINE 60 604 241727934274500 2178400
LATENCY 2700000
TIMELINE 60 620 241727976403800 2700000
LATENCY 2080400
TIMELINE 60 636 241728011907100 2080400
LATENCY 2108200
TIMELINE 60 652 241728045855100 2108200
LATENCY 2129700
TIMELINE 60 668 241728080881300 2129700
LATENCY 2127100
TIMELINE 60 684 241728114882400 2127100
LATENCY 2131700
TIMELINE 60 700 241728149508700 2131700
LATENCY 2298300
TIMELINE 60 716 241728183474900 2298300
LATENCY 2249500
TIMELINE 60 732 241728219672300 2249500
LATENCY 2206100
TIMELINE 60 748 241728262273000 2206100
LATENCY 2169400
TIMELINE 60 764 241728298606900 2169400
LATENCY 2161300
TIMELINE 60 780 241728334581900 2161300
LATENCY 2167100
TIMELINE 60 796 241728369834400 2167100
LATENCY 2159500
TIMELINE 60 812 241728405008000 2159500
LATENCY 2252300
TIMELINE 60 828 241728439999400 2252300
LATENCY 2403700
TIMELINE 60 844 241728474946600 2403700
LATENCY 2086400
TIMELINE 60 860 241728510987900 2086400
LATENCY 2251400
TIMELINE 60 876 241728552957200 2251400
LATENCY 2132500
TIMELINE 60 892 241728588241100 2132500
LATENCY 2140800
TIMELINE 60 908 241728623246300 2140800
LATENCY 2169400
TIMELINE 60 924 241728658149400 2169400
LATENCY 2486400
TIMELINE 60 940 241728693986600 2486400
LATENCY 2406500
TIMELINE 60 956 241728729411900 2406500
LATENCY 2169000
TIMELINE 60 972 241728765884400 2169000
LATENCY 2172300
TIMELINE 60 988 241728808372400 2172300
LATENCY 2126200
TIMELINE 60 1004 241728842784800 2126200
LATENCY 2146600
TIMELINE 60 1020 241728877151700 2146600
LATENCY 2148000
TIMELINE 60 1036 241728912234500 2148000
LATENCY 2130100
TIMELINE 60 1052 241728947061800 2130100
LATENCY 2166900
TIMELINE 60 1068 241728981424400 2166900
LATENCY 2225900
TIMELINE 60 1084 241729016972000 2225900
LATENCY 2155600
TIMELINE 60 1100 241729053127000 2155600
LATENCY 2184900
TIMELINE 60 1116 241729093028300 2184900
LATENCY 2169600
TIMELINE 60 1132 241729129041800 2169600
LATENCY 2168000
TIMELINE 60 1148 241729163787200 2168000
LATENCY 2270300
TIMELINE 60 1164 241729199169700 2270300
LATENCY 2129000
TIMELINE 60 1180 241729235214700 2129000
LATENCY 2197000
TIMELINE 60 1196 241729269862900 2197000
LATENCY 2282800
TIMELINE 60 1212 241729305949200 2282800
LATENCY 2229100
TIMELINE 60 1228 241729349347400 2229100
LATENCY 2148900
TIMELINE 60 1244 241729384299200 2148900
LATENCY 2147400
TIMELINE 60 1260 241729418760500 2147400
LATENCY 2845500
TIMELINE 60 1276 241729457380200 2845500
LATENCY 2602800
TIMELINE 60 1292 241729500147200 2602800
LATENCY 2968600
TIMELINE 60 1308 241729544750300 2968600
LATENCY 2735700
TIMELINE 60 1324 241729590590500 2735700
LATENCY 7532700
TIMELINE 60 1340 241729635263500 7532700
LATENCY 2786700
TIMELINE 60 1356 241729684835800 2786700
LATENCY 2776400
TIMELINE 60 1372 241729728056000 2776400
LATENCY 2924000
TIMELINE 60 1388 241729774507600 2924000
LATENCY 2629100
TIMELINE 60 1404 241729823168500 2629100
LATENCY 2723600
TIMELINE 60 1420 241729865507000 2723600
LATENCY 2697500
TIMELINE 60 1436 241729908940500 2697500
LATENCY 2663200
TIMELINE 60 1452 241729959045900 2663200
LATENCY 2605600
TIMELINE 60 1468 241730008727700 2605600
LATENCY 2792800
TIMELINE 60 1484 241730052523000 2792800
LATENCY 2628200
TIMELINE 60 1500 241730096929200 2628200
LATENCY 2591400
TIMELINE 60 1516 241730140436900 2591400
LATENCY 2662800
TIMELINE 60 1532 241730183150400 2662800
LATENCY 2775300
TIMELINE 60 1548 241730230619300 2775300
LATENCY 3083900
TIMELINE 60 1564 241730277181200 3083900
LATENCY 2928900
TIMELINE 60 1580 241730325636100 2928900
LATENCY 2653700
TIMELINE 60 1596 241730369415500 2653700
LATENCY 2583800
TIMELINE 60 1612 241730411368600 2583800
LATENCY 2798400
TIMELINE 60 1628 241730455554800 2798400
LATENCY 2673400
TIMELINE 60 1644 241730500605500 2673400
LATENCY 2630200
TIMELINE 60 1660 241730543753200 2630200
LATENCY 2693100
TIMELINE 60 1676 241730587474600 2693100
LATENCY 2601300
TIMELINE 60 1692 241730629982200 2601300
LATENCY 2930900
TIMELINE 60 1708 241730680745200 2930900
LATENCY 2874900
TIMELINE 60 1724 241730728536700 2874900
LATENCY 2800400
TIMELINE 60 1740 241730775037700 2800400
LATENCY 2795500
TIMELINE 60 1756 241730823553400 2795500
LATENCY 2663100
TIMELINE 60 1772 241730867485800 2663100
LATENCY 2673000
TIMELINE 60 1788 241730910906300 2673000
LATENCY 3133400
TIMELINE 60 1804 241730956450200 3133400
LATENCY 2694900
TIMELINE 60 1820 241731009068800 2694900
LATENCY 2696600
TIMELINE 60 1836 241731055619000 2696600
LATENCY 2742700
TIMELINE 60 1852 241731100192400 2742700
LATENCY 2709900
TIMELINE 60 1868 241731145725900 2709900
LATENCY 2834400
TIMELINE 60 1884 241731188163600 2834400
LATENCY 2563500
TIMELINE 60 1900 241731230050800 2563500
LATENCY 2794600
TIMELINE 60 1916 241731273570000 2794600
LATENCY 2696400
TIMELINE 60 1932 241731318673400 2696400
LATENCY 2726900
TIMELINE 60 1948 241731368296400 2726900
LATENCY 2758300
TIMELINE 60 1964 241731411366900 2758300
LATENCY 2729300
TIMELINE 60 1980 241731455007300 2729300
LATENCY 3305000
TIMELINE 60 1996 241731504106400 3305000
LATENCY 2644700
TIMELINE 60 2012 241731550836300 2644700
LATENCY 2711900
TIMELINE 60 2028 241731594791400 2711900
LATENCY 2731900
TIMELINE 60 2044 241731638649900 2731900
LATENCY 2540500
TIMELINE 61 13 241726561121600 2540500
LATENCY 2458800
TIMELINE 61 29 241726599537000 2458800
LATENCY 2474100
TIMELINE 61 45 241726641619800 2474100
LATENCY 2347600
TIMELINE 61 61 241726678783400 2347600
LATENCY 2357900
TIMELINE 61 77 241726717400200 2357900
LATENCY 2757800
TIMELINE 61 93 241726756255400 2757800
LATENCY 2489800
TIMELINE 61 109 241726808734500 2489800
LATENCY 2403400
TIMELINE 61 125 241726847924600 2403400
LATENCY 2232500
TIMELINE 61 141 241726884013200 2232500
LATENCY 2506900
TIMELINE 61 157 241726921336800 2506900
LATENCY 4743600
TIMELINE 61 173 241726957356900 4743600
LATENCY 2253200
TIMELINE 61 189 241726996413000 2253200
LATENCY 2041900
TIMELINE 61 205 241727032038000 2041900
LATENCY 2176000
TIMELINE 61 221 241727067796600 2176000
LATENCY 2069800
TIMELINE 61 237 241727108945600 2069800
LATENCY 2195000
TIMELINE 61 253 241727142624200 2195000
LATENCY 2373400
TIMELINE 61 269 241727177579400 2373400
LATENCY 2203400
TIMELINE 61 285 241727213051300 2203400
LATENCY 2138300
TIMELINE 61 301 241727248423900 2138300
LATENCY 2038500
TIMELINE 61 317 241727282124500 2038500
LATENCY 2169200
TIMELINE 61 333 241727316067600 2169200
LATENCY 2472800
TIMELINE 61 349 241727352642400 2472800
LATENCY 8463900
TIMELINE 61 365 241727391554700 8463900
LATENCY 2191300
TIMELINE 61 381 241727435142900 2191300
LATENCY 2083500
TIMELINE 61 397 241727470955300 2083500
LATENCY 2244200
TIMELINE 61 413 241727505697500 2244200
LATENCY 2168700
TIMELINE 61 429 241727541396100 2168700
LATENCY 2219600
TIMELINE 61 445 241727576953300 2219600
LATENCY 2118000
TIMELINE 61 461 241727612542100 2118000
LATENCY 2125700
TIMELINE 61 477 241727646816000 2125700
LATENCY 8700400
TIMELINE 61 493 241727682879700 8700400
LATENCY 2157400
TIMELINE 61 509 241727724872200 2157400
LATENCY 2215600
TIMELINE 61 525 241727760096900 2215600
LATENCY 2189200
TIMELINE 61 541 241727799449100 2189200
LATENCY 2079900
TIMELINE 61 557 241727834217500 2079900
LATENCY 2113100
TIMELINE 61 573 241727868384300 2113100
LATENCY 2165900
TIMELINE 61 589 241727903733400 2165900
LATENCY 2159200
TIMELINE 61 605 241727938482400 2159200
LATENCY 2491700
TIMELINE 61 621 241727981129000 2491700
LATENCY 2067100
TIMELINE 61 637 241728015819500 2067100
LATENCY 2228600
TIMELINE 61 653 241728049834200 2228600
LATENCY 2138600
TIMELINE 61 669 241728084841700 2138600
LATENCY 2115900
TIMELINE 61 685 241728118939300 2115900
LATENCY 2102900
TIMELINE 61 701 241728153561500 2102900
LATENCY 2251400
TIMELINE 61 717 241728189417100 2251400
LATENCY 2110000
TIMELINE 61 733 241728225325900 2110000
LATENCY 2224900
TIMELINE 61 749 241728268078900 2224900
LATENCY 2179600
TIMELINE 61 765 241728304420000 2179600
LATENCY 2173700
TIMELINE 61 781 241728340478800 2173700
LATENCY 2157000
TIMELINE 61 797 241728375862200 2157000
LATENCY 2177900
TIMELINE 61 813 241728410870000 2177900
LATENCY 2170700
TIMELINE 61 829 241728446126100 2170700
LATENCY 2295300
TIMELINE 61 845 241728481283600 2295300
LATENCY 2203900
TIMELINE 61 861 241728524119800 2203900
LATENCY 2181200
TIMELINE 61 877 241728558893400 2181200
LATENCY 2223400
TIMELINE 61 893 241728594023800 2223400
LATENCY 2147100
TIMELINE 61 909 241728628923300 2147100
LATENCY 2243800
TIMELINE 61 925 241728664023300 2243800
LATENCY 2159700
TIMELINE 61 941 241728699604900 2159700
LATENCY 2440200
TIMELINE 61 957 241728735266100 2440200
LATENCY 2168200
TIMELINE 61 973 241728771160300 2168200
LATENCY 2132200
TIMELINE 61 989 241728813522400 2132200
LATENCY 2156300
TIMELINE 61 1005 241728847973000 2156300
LATENCY 2160000
TIMELINE 61 1021 241728882354700 2160000
LATENCY 2151300
TIMELINE 61 1037 241728917328400 2151300
LATENCY 2109700
TIMELINE 61 1053 241728952301400 2109700
LATENCY 2143000
TIMELINE 61 1069 241728986771400 2143000
LATENCY 2350100
TIMELINE 61 1085 241729023184000 2350100
LATENCY 2150000
TIMELINE 61 1101 241729064112400 2150000
LATENCY 2215500
TIMELINE 61 1117 241729098992800 2215500
LATENCY 2176500
TIMELINE 61 1133 241729134966200 2176500
LATENCY 2185600
TIMELINE 61 1149 241729169880800 2185600
LATENCY 2419600
TIMELINE 61 1165 241729205265000 2419600
LATENCY 2164200
TIMELINE 61 1181 241729240995000 2164200
LATENCY 2204700
TIMELINE 61 1197 241729275749800 2204700
LATENCY 2300500
TIMELINE 61 1213 241729311954900 2300500
LATENCY 2241800
TIMELINE 61 1229 241729354886300 2241800
LATENCY 2189800
TIMELINE 61 1245 241729389683300 2189800
LATENCY 2391600
TIMELINE 61 1261 241729424298100 2391600
LATENCY 2606400
TIMELINE 61 1277 241729463768300 2606400
LATENCY 2726400
TIMELINE 61 1293 241729506413300 2726400
LATENCY 3127900
TIMELINE 61 1309 241729551482200 3127900
LATENCY 3012200
TIMELINE 61 1325 241729597700300 3012200
LATENCY 2853900
TIMELINE 61 1341 241729647174300 2853900
LATENCY 2616100
TIMELINE 61 1357 241729691134500 2616100
LATENCY 2657200
TIMELINE 61 1373 241729734661800 2657200
LATENCY 2885700
TIMELINE 61 1389 241729781254600 2885700
LATENCY 2759900
TIMELINE 61 1405 241729829358600 2759900
LATENCY 2597800
TIMELINE 61 1421 241729871829000 2597800
LATENCY 2786400
TIMELINE 61 1437 241729915847200 2786400
LATENCY 2958100
TIMELINE 61 1453 241729965643900 2958100
LATENCY 2618700
TIMELINE 61 1469 241730014712400 2618700
LATENCY 2555400
TIMELINE 61 1485 241730058751900 2555400
LATENCY 2664100
TIMELINE 61 1501 241730103431500 2664100
LATENCY 2624600
TIMELINE 61 1517 241730146568600 2624600
LATENCY 2756100
TIMELINE 61 1533 241730189330400 2756100
LATENCY 2609400
TIMELINE 61 1549 241730237003300 2609400
LATENCY 2618700
TIMELINE 61 1565 241730283708900 2618700
LATENCY 2616100
TIMELINE 61 1581 241730332260100 2616100
LATENCY 2666300
TIMELINE 61 1597 241730375598600 2666300
LATENCY 2708300
TIMELINE 61 1613 241730417657100 2708300
LATENCY 2781000
TIMELINE 61 1629 241730462055700 2781000
LATENCY 2875700
TIMELINE 61 1645 241730507341800 2875700
LATENCY 2717800
TIMELINE 61 1661 241730550416700 2717800
LATENCY 2648800
TIMELINE 61 1677 241730594163800 2648800
LATENCY 2858200
TIMELINE 61 1693 241730636298100 2858200
LATENCY 3089900
TIMELINE 61 1709 241730688206100 3089900
LATENCY 3010100
TIMELINE 61 1725 241730735717400 3010100
LATENCY 2779400
TIMELINE 61 1741 241730782016900 2779400
LATENCY 2713600
TIMELINE 61 1757 241730830413000 2713600
LATENCY 2674600
TIMELINE 61 1773 241730874108700 2674600
LATENCY 2669500
TIMELINE 61 1789 241730917593100 2669500
LATENCY 3095000
TIMELINE 61 1805 241730964146800 3095000
LATENCY 2713900
TIMELINE 61 1821 241731015842100 2713900
LATENCY 2742600
TIMELINE 61 1837 241731061830700 2742600
LATENCY 2791100
TIMELINE 61 1853 241731106508400 2791100
LATENCY 2621300
TIMELINE 61 1869 241731151866800 2621300
LATENCY 2602200
TIMELINE 61 1885 241731194255600 2602200
LATENCY 2687300
TIMELINE 61 1901 241731235862500 2687300
LATENCY 2733500
TIMELINE 61 1917 241731279772400 2733500
LATENCY 2942100
TIMELINE 61 1933 241731324710200 2942100
LATENCY 2702200
TIMELINE 61 1949 241731374411300 2702200
LATENCY 2767500
TIMELINE 61 1965 241731417583100 2767500
LATENCY 3010400
TIMELINE 61 1981 241731461307400 3010400
LATENCY 3280500
TIMELINE 61 1997 241731511575600 3280500
LATENCY 2644400
TIMELINE 61 2013 241731557049100 2644400
LATENCY 2717900
TIMELINE 61 2029 241731601249600 2717900
LATENCY 4227800
TIMELINE 61 2045 241731645123300 4227800
LATENCY 2391200
TIMELINE 62 14 241726563189100 2391200
LATENCY 2375100
TIMELINE 62 30 241726601444200 2375100
LATENCY 2314600
TIMELINE 62 46 241726643583400 2314600
LATENCY 2439200
TIMELINE 62 62 241726680643400 2439200
LATENCY 2296600
TIMELINE 62 78 241726719281700 2296600
LATENCY 2659500
TIMELINE 62 94 241726758500100 2659500
LATENCY 2449100
TIMELINE 62 110 241726810764200 2449100
LATENCY 2355500
TIMELINE 62 126 241726849895600 2355500
LATENCY 2256100
TIMELINE 62 142 241726885807500 2256100
LATENCY 2305200
TIMELINE 62 158 241726923349000 2305200
LATENCY 2420900
TIMELINE 62 174 241726960994700 2420900
LATENCY 2115200
TIMELINE 62 190 241726997816300 2115200
LATENCY 2045500
TIMELINE 62 206 241727033257900 2045500
LATENCY 2196800
TIMELINE 62 222 241727069297800 2196800
LATENCY 2043600
TIMELINE 62 238 241727110385800 2043600
LATENCY 2400400
TIMELINE 62 254 241727144131600 2400400
LATENCY 2217000
TIMELINE 62 270 241727179340600 2217000
LATENCY 2224700
TIMELINE 62 286 241727214654100 2224700
LATENCY 2150200
TIMELINE 62 302 241727250003000 2150200
LATENCY 2060200
TIMELINE 62 318 241727283625800 2060200
LATENCY 2120700
TIMELINE 62 334 241727317705400 2120700
LATENCY 2380900
TIMELINE 62 350 241727354407600 2380900
LATENCY 2526400
TIMELINE 62 366 241727398899100 2526400
LATENCY 2275000
TIMELINE 62 382 241727436430900 2275000
LATENCY 2110600
TIMELINE 62 398 241727472176300 2110600
LATENCY 2205100
TIMELINE 62 414 241727506939900 2205100
LATENCY 2214800
TIMELINE 62 430 241727542567300 2214800
LATENCY 2223100
TIMELINE 62 446 241727578176200 2223100
LATENCY 2103300
TIMELINE 62 462 241727613634400 2103300
LATENCY 2154800
TIMELINE 62 478 241727647892900 2154800
LATENCY 2241600
TIMELINE 62 494 241727690612000 2241600
LATENCY 2196500
TIMELINE 62 510 241727726065900 2196500
LATENCY 2081900
TIMELINE 62 526 241727761381500 2081900
LATENCY 2215200
TIMELINE 62 542 241727799699300 2215200
LATENCY 2084600
TIMELINE 62 558 241727834506300 2084600
LATENCY 2122000
TIMELINE 62 574 241727868640100 2122000
LATENCY 2143500
TIMELINE 62 590 241727904149900 2143500
LATENCY 2149800
TIMELINE 62 606 241727938877300 2149800
LATENCY 2436700
TIMELINE 62 622 241727981646900 2436700
LATENCY 2062800
TIMELINE 62 638 241728016236400 2062800
LATENCY 2205000
TIMELINE 62 654 241728050319800 2205000
LATENCY 2122600
TIMELINE 62 670 241728085338300 2122600
LATENCY 2119700
TIMELINE 62 686 241728119485600 2119700
LATENCY 2090400
TIMELINE 62 702 241728154112000 2090400
LATENCY 2314000
TIMELINE 62 718 241728189080100 2314000
LATENCY 2152100
TIMELINE 62 734 241728225034200 2152100
LATENCY 2173000
TIMELINE 62 750 241728267938300 2173000
LATENCY 2174600
TIMELINE 62 766 241728304096600 2174600
LATENCY 2175000
TIMELINE 62 782 241728340123800 2175000
LATENCY 2158200
TIMELINE 62 798 241728375420000 2158200
LATENCY 2196100
TIMELINE 62 814 241728410399100 2196100
LATENCY 2184600
TIMELINE 62 830 241728445703600 2184600
LATENCY 2300200
TIMELINE 62 846 241728480977400 2300200
LATENCY 2224600
TIMELINE 62 862 241728523863300 2224600
LATENCY 2171700
TIMELINE 62 878 241728558680700 2171700
LATENCY 2220900
TIMELINE 62 894 241728593676900 2220900
LATENCY 2140200
TIMELINE 62 910 241728629244600 2140200
LATENCY 2322700
TIMELINE 62 926 241728664391000 2322700
LATENCY 2169200
TIMELINE 62 942 241728700100500 2169200
LATENCY 2422500
TIMELINE 62 958 241728735700200 2422500
LATENCY 2193000
TIMELINE 62 974 241728771570200 2193000
LATENCY 2139900
TIMELINE 62 990 241728814005900 2139900
LATENCY 2156600
TIMELINE 62 1006 241728848371300 2156600
LATENCY 2159800
TIMELINE 62 1022 241728882778300 2159800
LATENCY 2142900
TIMELINE 62 1038 241728917763500 2142900
LATENCY 2105500
TIMELINE 62 1054 241728952424100 2105500
LATENCY 2158900
TIMELINE 62 1070 241728986912700 2158900
LATENCY 2388600
TIMELINE 62 1086 241729023360700 2388600
LATENCY 2152900
TIMELINE 62 1102 241729064313500 2152900
LATENCY 2212200
TIMELINE 62 1118 241729099201400 2212200
LATENCY 2196500
TIMELINE 62 1134 241729135107500 2196500
LATENCY 2199400
TIMELINE 62 1150 241729170021700 2199400
LATENCY 2362500
TIMELINE 62 1166 241729205382000 2362500
LATENCY 2168600
TIMELINE 62 1182 241729241025400 2168600
LATENCY 2211800
TIMELINE 62 1198 241729275869300 2211800
LATENCY 2266800
TIMELINE 62 1214 241729312105800 2266800
LATENCY 2251600
TIMELINE 62 1230 241729355317100 2251600
LATENCY 2193400
TIMELINE 62 1246 241729390132800 2193400
LATENCY 2383000
TIMELINE 62 1262 241729424820700 2383000
LATENCY 2589700
TIMELINE 62 1278 241729464161500 2589700
LATENCY 2733600
TIMELINE 62 1294 241729506819500 2733600
LATENCY 3096800
TIMELINE 62 1310 241729551977900 3096800
LATENCY 2901500
TIMELINE 62 1326 241729598244200 2901500
LATENCY 2897900
TIMELINE 62 1342 241729647573600 2897900
LATENCY 2634000
TIMELINE 62 1358 241729691524100 2634000
LATENCY 2762500
TIMELINE 62 1374 241729735071900 2762500
LATENCY 2883800
TIMELINE 62 1390 241729781693100 2883800
LATENCY 2845800
TIMELINE 62 1406 241729829929600 2845800
LATENCY 2586000
TIMELINE 62 1422 241729872412200 2586000
LATENCY 2774100
TIMELINE 62 1438 241729916424700 2774100
LATENCY 2941700
TIMELINE 62 1454 241729966186600 2941700
LATENCY 2640600
TIMELINE 62 1470 241730015185600 2640600
LATENCY 2537500
TIMELINE 62 1486 241730059217300 2537500
LATENCY 2648900
TIMELINE 62 1502 241730103906300 2648900
LATENCY 2603300
TIMELINE 62 1518 241730147065200 2603300
LATENCY 2688400
TIMELINE 62 1534 241730189896400 2688400
LATENCY 2630700
TIMELINE 62 1550 241730237541100 2630700
LATENCY 2601800
TIMELINE 62 1566 241730284253900 2601800
LATENCY 2595600
TIMELINE 62 1582 241730332761800 2595600
LATENCY 2656900
TIMELINE 62 1598 241730376061300 2656900
LATENCY 2724300
TIMELINE 62 1614 241730418144300 2724300
LATENCY 2779300
TIMELINE 62 1630 241730462676700 2779300
LATENCY 2868700
TIMELINE 62 1646 241730507416900 2868700
LATENCY 2723100
TIMELINE 62 1662 241730550496600 2723100
LATENCY 2641200
TIMELINE 62 1678 241730594241400 2641200
LATENCY 2818700
TIMELINE 62 1694 241730636416800 2818700
LATENCY 3098000
TIMELINE 62 1710 241730688294300 3098000
LATENCY 2986200
TIMELINE 62 1726 241730735783100 2986200
LATENCY 2785900
TIMELINE 62 1742 241730782050600 2785900
LATENCY 2718600
TIMELINE 62 1758 241730830453900 2718600
LATENCY 2678600
TIMELINE 62 1774 241730874145200 2678600
LATENCY 2670400
TIMELINE 62 1790 241730917626400 2670400
LATENCY 3101600
TIMELINE 62 1806 241730964189700 3101600
LATENCY 2683800
TIMELINE 62 1822 241731015909300 2683800
LATENCY 2753900
TIMELINE 62 1838 241731060205400 2753900
LATENCY 2824000
TIMELINE 62 1854 241731104809000 2824000
LATENCY 2653300
TIMELINE 62 1870 241731150257800 2653300
LATENCY 2606600
TIMELINE 62 1886 241731192689600 2606600
LATENCY 2635800
TIMELINE 62 1902 241731234299100 2635800
LATENCY 2738800
TIMELINE 62 1918 241731278118400 2738800
LATENCY 2801500
TIMELINE 62 1934 241731323059600 2801500
LATENCY 2685500
TIMELINE 62 1950 241731372732700 2685500
LATENCY 2794800
TIMELINE 62 1966 241731415853200 2794800
LATENCY 2961800
TIMELINE 62 1982 241731459409200 2961800
LATENCY 3223600
TIMELINE 62 1998 241731509469500 3223600
LATENCY 2597500
TIMELINE 62 2014 241731555378700 2597500
LATENCY 2728700
TIMELINE 62 2030 241731599484400 2728700
LATENCY 3640200
TIMELINE 62 2046 241731643374700 3640200
LATENCY 2569600
TIMELINE 63 15 241726565944100 2569600
LATENCY 2378600
TIMELINE 63 31 241726604272200 2378600
LATENCY 2445500
TIMELINE 63 47 241726646361800 2445500
LATENCY 2368400
TIMELINE 63 63 241726683831800 2368400
LATENCY 2190500
TIMELINE 63 79 241726722350200 2190500
LATENCY 2753000
TIMELINE 63 95 241726762230800 2753000
LATENCY 2454500
TIMELINE 63 111 241726814264000 2454500
LATENCY 2345200
TIMELINE 63 127 241726853443000 2345200
LATENCY 2246100
TIMELINE 63 143 241726889316000 2246100
LATENCY 2206900
TIMELINE 63 159 241726927054000 2206900
LATENCY 2373900
TIMELINE 63 175 241726965034500 2373900
LATENCY 2183900
TIMELINE 63 191 241727001552900 2183900
LATENCY 2956700
TIMELINE 63 207 241727037059800 2956700
LATENCY 2484500
TIMELINE 63 223 241727073157400 2484500
LATENCY 2210400
TIMELINE 63 239 241727114113800 2210400
LATENCY 2154400
TIMELINE 63 255 241727148209200 2154400
LATENCY 2258600
TIMELINE 63 271 241727183183600 2258600
LATENCY 2272600
TIMELINE 63 287 241727218475400 2272600
LATENCY 2194800
TIMELINE 63 303 241727253691400 2194800
LATENCY 2072900
TIMELINE 63 319 241727287172700 2072900
LATENCY 2561100
TIMELINE 63 335 241727321411200 2561100
LATENCY 2118600
TIMELINE 63 351 241727358497500 2118600
LATENCY 2230300
TIMELINE 63 367 241727404579700 2230300
LATENCY 2237500
TIMELINE 63 383 241727441599500 2237500
LATENCY 2122500
TIMELINE 63 399 241727476962100 2122500
LATENCY 2451800
TIMELINE 63 415 241727512107700 2451800
LATENCY 2164200
TIMELINE 63 431 241727547653900 2164200
LATENCY 2243400
TIMELINE 63 447 241727583448900 2243400
LATENCY 2130400
TIMELINE 63 463 241727618710500 2130400
LATENCY 2457100
TIMELINE 63 479 241727653196600 2457100
LATENCY 2168900
TIMELINE 63 495 241727695844700 2168900
LATENCY 2215600
TIMELINE 63 511 241727731240000 2215600
LATENCY 2156600
TIMELINE 63 527 241727766643400 2156600
LATENCY 2112500
TIMELINE 63 543 241727807842200 2112500
LATENCY 2145000
TIMELINE 63 559 241727842433000 2145000
LATENCY 2130800
TIMELINE 63 575 241727876605100 2130800
LATENCY 2133100
TIMELINE 63 591 241727912091600 2133100
LATENCY 2153400
TIMELINE 63 607 241727946813800 2153400
LATENCY 2221600
TIMELINE 63 623 241727990184000 2221600
LATENCY 2047700
TIMELINE 63 639 241728023964000 2047700
LATENCY 2133600
TIMELINE 63 655 241728058370700 2133600
LATENCY 2102800
TIMELINE 63 671 241728093223300 2102800
LATENCY 2318500
TIMELINE 63 687 241728127299400 2318500
LATENCY 2144200
TIMELINE 63 703 241728161803400 2144200
LATENCY 2240200
TIMELINE 63 719 241728197634600 2240200
LATENCY 2206000
TIMELINE 63 735 241728232983800 2206000
LATENCY 2214700
TIMELINE 63 751 241728276275300 2214700
LATENCY 2224600
TIMELINE 63 767 241728312011900 2224600
LATENCY 2143800
TIMELINE 63 783 241728347900600 2143800
LATENCY 2234400
TIMELINE 63 799 241728383497100 2234400
LATENCY 2170900
TIMELINE 63 815 241728418276100 2170900
LATENCY 2165500
TIMELINE 63 831 241728453511400 2165500
LATENCY 2248900
TIMELINE 63 847 241728489168000 2248900
LATENCY 2172900
TIMELINE 63 863 241728531514400 2172900
LATENCY 2152900
TIMELINE 63 879 241728566397800 2152900
LATENCY 2169300
TIMELINE 63 895 241728601882600 2169300
LATENCY 2198600
TIMELINE 63 911 241728636679400 2198600
LATENCY 2211500
TIMELINE 63 927 241728672111500 2211500
LATENCY 2121000
TIMELINE 63 943 241728707195500 2121000
LATENCY 2279600
TIMELINE 63 959 241728743428500 2279600
LATENCY 2160800
TIMELINE 63 975 241728778639500 2160800
LATENCY 2129300
TIMELINE 63 991 241728821027600 2129300
LATENCY 2136400
TIMELINE 63 1007 241728855386600 2136400
LATENCY 2154500
TIMELINE 63 1023 241728889847000 2154500
LATENCY 2129500
TIMELINE 63 1039 241728924908200 2129500
LATENCY 2172800
TIMELINE 63 1055 241728959509800 2172800
LATENCY 2239200
TIMELINE 63 1071 241728994108700 2239200
LATENCY 2188400
TIMELINE 63 1087 241729030830500 2188400
LATENCY 2147600
TIMELINE 63 1103 241729071487500 2147600
LATENCY 2479200
TIMELINE 63 1119 241729106451500 2479200
LATENCY 2125400
TIMELINE 63 1135 241729142347200 2125400
LATENCY 2100600
TIMELINE 63 1151 241729177023900 2100600
LATENCY 2206800
TIMELINE 63 1167 241729213280200 2206800
LATENCY 2111400
TIMELINE 63 1183 241729248337800 2111400
LATENCY 2149300
TIMELINE 63 1199 241729283231800 2149300
LATENCY 4224100
TIMELINE 63 1215 241729319834900 4224100
LATENCY 2146600
TIMELINE 63 1231 241729363076100 2146600
LATENCY 2163000
TIMELINE 63 1247 241729397712000 2163000
LATENCY 2522500
TIMELINE 63 1263 241729433161300 2522500
LATENCY 2660200
TIMELINE 63 1279 241729474053900 2660200
LATENCY 2732500
TIMELINE 63 1295 241729517009500 2732500
LATENCY 2708400
TIMELINE 63 1311 241729563308500 2708400
LATENCY 2713200
TIMELINE 63 1327 241729608506600 2713200
LATENCY 2864700
TIMELINE 63 1343 241729657921300 2864700
LATENCY 2771000
TIMELINE 63 1359 241729701407000 2771000
LATENCY 3035100
TIMELINE 63 1375 241729745633000 3035100
LATENCY 2891800
TIMELINE 63 1391 241729792235500 2891800
LATENCY 2587000
TIMELINE 63 1407 241729839841500 2587000
LATENCY 2614800
TIMELINE 63 1423 241729882131700 2614800
LATENCY 2904900
TIMELINE 63 1439 241729926654700 2904900
LATENCY 2712700
TIMELINE 63 1455 241729977011400 2712700
LATENCY 2688700
TIMELINE 63 1471 241730025063600 2688700
LATENCY 3513700
TIMELINE 63 1487 241730068646600 3513700
LATENCY 2802100
TIMELINE 63 1503 241730113948600 2802100
LATENCY 2618500
TIMELINE 63 1519 241730156636300 2618500
LATENCY 2803100
TIMELINE 63 1535 241730202995000 2803100
LATENCY 3169400
TIMELINE 63 1551 241730249792800 3169400
LATENCY 2611800
TIMELINE 63 1567 241730293885200 2611800
LATENCY 2715100
TIMELINE 63 1583 241730342534500 2715100
LATENCY 2593200
TIMELINE 63 1599 241730385615000 2593200
LATENCY 2872700
TIMELINE 63 1615 241730428056600 2872700
LATENCY 3007700
TIMELINE 63 1631 241730472658000 3007700
LATENCY 2783900
TIMELINE 63 1647 241730517145300 2783900
LATENCY 2605300
TIMELINE 63 1663 241730561144500 2605300
LATENCY 2644000
TIMELINE 63 1679 241730603775700 2644000
LATENCY 7683400
TIMELINE 63 1695 241730646761600 7683400
LATENCY 3063300
TIMELINE 63 1711 241730699120800 3063300
LATENCY 2990000
TIMELINE 63 1727 241730746309900 2990000
LATENCY 2874500
TIMELINE 63 1743 241730792311700 2874500
LATENCY 2778400
TIMELINE 63 1759 241730840431900 2778400
LATENCY 2702300
TIMELINE 63 1775 241730883996700 2702300
LATENCY 2748600
TIMELINE 63 1791 241730927907200 2748600
LATENCY 2775100
TIMELINE 63 1807 241730975154100 2775100
LATENCY 2643100
TIMELINE 63 1823 241731027775400 2643100
LATENCY 2762600
TIMELINE 63 1839 241731072281600 2762600
LATENCY 3017400
TIMELINE 63 1855 241731117644100 3017400
LATENCY 2608000
TIMELINE 63 1871 241731161881300 2608000
LATENCY 2652700
TIMELINE 63 1887 241731204153300 2652700
LATENCY 2700600
TIMELINE 63 1903 241731246050600 2700600
LATENCY 2717300
TIMELINE 63 1919 241731290203800 2717300
LATENCY 2948500
TIMELINE 63 1935 241731340840300 2948500
LATENCY 2605000
TIMELINE 63 1951 241731384449800 2605000
LATENCY 2949600
TIMELINE 63 1967 241731427630500 2949600
LATENCY 3163400
TIMELINE 63 1983 241731473489700 3163400
LATENCY 2677000
TIMELINE 63 1999 241731523531900 2677000
LATENCY 2739800
TIMELINE 63 2015 241731567158900 2739800
LATENCY 2707300
TIMELINE 63 2031 241731611388400 2707300
LATENCY 305300
TIMELINE 63 2047 241731656309800 305300
PASS curl benchmark
[engine] opt unque. engine=1  id=85    PhpRootGen@1825d4b8(resume_bci=1142)               |Tier 1|Count/Thres       8192/      400|Queue: Size    0 Change  0  Load  1,00 Time     0us                                   |UTC 2026-09-25T22:41:11.869|Src n/a|Reason Polyglot engine was closed.
