[To redirect Truffle log output to a file use one of the following options:
* '--log.file=<path>' if the option is passed using a guest language launcher.
* '-Dpolyglot.log.file=<path>' if the option is passed using the host Java launcher.
* Configure logging using the polyglot embedding API.]
[engine] opt start  engine=1  id=21    PhpRootGen@5a2a9922                                |Tier 1|Priority 114631969|Rate 763,2131|Queue: Size    0 Change +0  Load  1,00 Time     0us                                   |UTC 2026-09-25T22:41:17.521|Src n/a|Bonuses first tier
[engine] opt queued engine=1  id=21    PhpRootGen@5a2a9922                                |Tier 1|Count/Thres        400/      400|Queue: Size    0 Change +1  Load  1,00 Time     0us                                   |UTC 2026-09-25T22:41:17.521|Src n/a
[engine] opt done   engine=1  id=21    PhpRootGen@5a2a9922                                |Tier 1|Time    16(   8+8   )ms|AST    2|Inlined   0Y   0N|IR    396/  1439|CodeSize    5827|Addr 0x21ed6b1d0000|CompId 5725   |UTC 2026-09-25T22:41:17.537|Src n/a
[engine] opt queued engine=1  id=21    PhpRootGen@5a2a9922                                |Tier 2|Count/Thres      10000/    10000|Queue: Size    0 Change +1  Load  1,00 Time     0us                                   |UTC 2026-09-25T22:41:17.541|Src n/a
[engine] opt start  engine=1  id=21    PhpRootGen@5a2a9922                                |Tier 2|Priority   4861354|Rate 485,1354|Queue: Size    0 Change +0  Load  1,00 Time     0us                                   |UTC 2026-09-25T22:41:17.541|Src n/a|Bonuses
[engine] opt start  engine=1  id=83    PhpRootGen@27f24364(resume_bci=1536)               |Tier 1|Priority 135315577|Rate 901,1038|Queue: Size    0 Change +0  Load  1,00 Time     0us                                   |UTC 2026-09-25T22:41:17.541|Src n/a|Bonuses first tier
[engine] opt queued engine=1  id=83    PhpRootGen@27f24364(resume_bci=1536)               |Tier 1|Count/Thres        400/      400|Queue: Size    0 Change +1  Load  1,00 Time     0us                                   |UTC 2026-09-25T22:41:17.541|Src n/a
[engine] opt start  engine=1  id=77    CallSignatureNode.CallSignatureRootNode@76eb671d   |Tier 1|Priority   1547698|Rate 9,317993|Queue: Size    0 Change +0  Load  1,00 Time     0us                                   |UTC 2026-09-25T22:41:17.542|Src n/a|Bonuses first tier
[engine] opt queued engine=1  id=77    CallSignatureNode.CallSignatureRootNode@76eb671d   |Tier 1|Count/Thres        400/      400|Queue: Size    0 Change +1  Load  1,00 Time     0us                                   |UTC 2026-09-25T22:41:17.542|Src n/a
[engine] opt queued engine=1  id=76    FunctionExecuteNode.SignatureExecuteNode@59eeb446  |Tier 1|Count/Thres        400/      400|Queue: Size    0 Change +1  Load  1,00 Time     0us                                   |UTC 2026-09-25T22:41:17.543|Src n/a
[engine] opt start  engine=1  id=76    FunctionExecuteNode.SignatureExecuteNode@59eeb446  |Tier 1|Priority   1540246|Rate 9,268313|Queue: Size    0 Change +0  Load  1,00 Time     0us                                   |UTC 2026-09-25T22:41:17.543|Src n/a|Bonuses first tier
[engine] opt done   engine=1  id=76    FunctionExecuteNode.SignatureExecuteNode@59eeb446  |Tier 1|Time     6(   4+2   )ms|AST    3|Inlined   0Y   0N|IR    124/   269|CodeSize     926|Addr 0x4785f63c0000|CompId 5729   |UTC 2026-09-25T22:41:17.549|Src n/a
[engine] opt done   engine=1  id=77    CallSignatureNode.CallSignatureRootNode@76eb671d   |Tier 1|Time     8(   6+2   )ms|AST   11|Inlined   0Y   1N|IR    140/   403|CodeSize    1464|Addr 0x11f70dd30000|CompId 5728   |UTC 2026-09-25T22:41:17.551|Src n/a
[engine] opt done   engine=1  id=21    PhpRootGen@5a2a9922                                |Tier 2|Time    15(   5+10  )ms|AST    2|Inlined   0Y   0N|IR    335/  1245|CodeSize    4926|Addr 0x52fb7b700000|CompId 5726   |UTC 2026-09-25T22:41:17.555|Src n/a
[0.116s] GC(0) Pause Incremental GC (Collect on allocation) 48.12M->21.00M 43.977ms
[engine] opt unque. engine=1  id=83    PhpRootGen@27f24364(resume_bci=1536)               |Tier 1|Count/Thres      10000/      400|Queue: Size    0 Change  0  Load  1,00 Time     0us                                   |UTC 2026-09-25T22:41:17.604|Src n/a|Reason Non permanent bailout: jdk.graal.compiler.core.common.RetryableBailoutException: Assumption invalidated while compiling code: IsolatedObjectConstant[Object]
[engine] opt queued engine=1  id=74    CallSignatureNode.CallSignatureRootNode@1dc92a33   |Tier 1|Count/Thres        400/      400|Queue: Size    0 Change +1  Load  1,00 Time     0us                                   |UTC 2026-09-25T22:41:17.633|Src n/a
[engine] opt start  engine=1  id=74    CallSignatureNode.CallSignatureRootNode@1dc92a33   |Tier 1|Priority    599014|Rate 2,993432|Queue: Size    0 Change +0  Load  1,00 Time     0us                                   |UTC 2026-09-25T22:41:17.633|Src n/a|Bonuses first tier
[engine] opt queued engine=1  id=73    FunctionExecuteNode.SignatureExecuteNode@4a0d0c56  |Tier 1|Count/Thres        400/      400|Queue: Size    1 Change +1  Load  1,00 Time     0us                                   |UTC 2026-09-25T22:41:17.633|Src n/a
[engine] opt start  engine=1  id=73    FunctionExecuteNode.SignatureExecuteNode@4a0d0c56  |Tier 1|Priority    597938|Rate 2,986254|Queue: Size    0 Change +0  Load  1,00 Time     0us                                   |UTC 2026-09-25T22:41:17.633|Src n/a|Bonuses first tier
[engine] opt queued engine=1  id=71    LibFFIClosure.VoidRetClosureRootNode@472230d9      |Tier 1|Count/Thres        400/      400|Queue: Size    1 Change +1  Load  1,00 Time     0us                                   |UTC 2026-09-25T22:41:17.634|Src n/a
[engine] opt start  engine=1  id=71    LibFFIClosure.VoidRetClosureRootNode@472230d9      |Tier 1|Priority    599953|Rate 2,999688|Queue: Size    0 Change +0  Load  1,00 Time     0us                                   |UTC 2026-09-25T22:41:17.634|Src n/a|Bonuses first tier
[engine] opt done   engine=1  id=73    FunctionExecuteNode.SignatureExecuteNode@4a0d0c56  |Tier 1|Time     3(   2+2   )ms|AST    4|Inlined   0Y   0N|IR    132/   310|CodeSize    1081|Addr 0x68972a470000|CompId 5731   |UTC 2026-09-25T22:41:17.636|Src n/a
[engine] opt queued engine=1  id=86    PhpRootGen@24b0f193(resume_bci=1760)               |Tier 1|Count/Thres        400/      400|Queue: Size    1 Change +1  Load  1,00 Time     0us                                   |UTC 2026-09-25T22:41:17.636|Src n/a
[engine] opt start  engine=1  id=86    PhpRootGen@24b0f193(resume_bci=1760)               |Tier 1|Priority   3757959|Rate 24,05306|Queue: Size    0 Change +0  Load  1,00 Time     0us                                   |UTC 2026-09-25T22:41:17.636|Src n/a|Bonuses first tier
[engine] opt done   engine=1  id=74    CallSignatureNode.CallSignatureRootNode@1dc92a33   |Tier 1|Time     6(   3+3   )ms|AST   12|Inlined   0Y   1N|IR    146/   483|CodeSize    1949|Addr 0x189118890000|CompId 5730   |UTC 2026-09-25T22:41:17.638|Src n/a
[engine] opt done   engine=1  id=71    LibFFIClosure.VoidRetClosureRootNode@472230d9      |Tier 1|Time     5(   2+2   )ms|AST   23|Inlined   0Y   0N|IR    125/   395|CodeSize    1658|Addr 0x4f9a6d420000|CompId 5732   |UTC 2026-09-25T22:41:17.639|Src n/a
[engine] opt done   engine=1  id=86    PhpRootGen@24b0f193(resume_bci=1760)               |Tier 1|Time    52(  14+38  )ms|AST    1|Inlined   0Y   0N|IR   1816/  5189|CodeSize   22321|Addr 0x346a56a50000|CompId 5733   |UTC 2026-09-25T22:41:17.688|Src n/a
[engine] opt queued engine=1  id=85    PhpRootGen@24b0f193(resume_bci=1142)               |Tier 1|Count/Thres        400/      400|Queue: Size    1 Change +1  Load  1,00 Time     0us                                   |UTC 2026-09-25T22:41:17.844|Src n/a
[engine] opt start  engine=1  id=85    PhpRootGen@24b0f193(resume_bci=1142)               |Tier 1|Priority    417835|Rate 1,785571|Queue: Size    0 Change +0  Load  1,00 Time     0us                                   |UTC 2026-09-25T22:41:17.844|Src n/a|Bonuses first tier
[0.436s] GC(1) Pause Incremental GC (Collect on allocation) 69.00M->22.50M 18.578ms
[engine] opt done   engine=1  id=85    PhpRootGen@24b0f193(resume_bci=1142)               |Tier 1|Time   103(  21+82  )ms|AST    1|Inlined   0Y   0N|IR   3005/  8407|CodeSize   36261|Addr 0x2594301c0000|CompId 5734   |UTC 2026-09-25T22:41:17.947|Src n/a
[engine] opt queued engine=1  id=74    CallSignatureNode.CallSignatureRootNode@1dc92a33   |Tier 2|Count/Thres      10000/    10000|Queue: Size    1 Change +1  Load  1,00 Time     0us                                   |UTC 2026-09-25T22:41:17.990|Src n/a
[engine] opt queued engine=1  id=73    FunctionExecuteNode.SignatureExecuteNode@4a0d0c56  |Tier 2|Count/Thres      10000/    10000|Queue: Size    2 Change +1  Load  1,00 Time     0us                                   |UTC 2026-09-25T22:41:17.990|Src n/a
[engine] opt start  engine=1  id=74    CallSignatureNode.CallSignatureRootNode@1dc92a33   |Tier 2|Priority    213635|Rate 20,36356|Queue: Size    1 Change +0  Load  1,00 Time     0us                                   |UTC 2026-09-25T22:41:17.990|Src n/a|Bonuses
[engine] opt start  engine=1  id=73    FunctionExecuteNode.SignatureExecuteNode@4a0d0c56  |Tier 2|Priority    213600|Rate 20,36006|Queue: Size    0 Change +0  Load  1,00 Time     0us                                   |UTC 2026-09-25T22:41:17.990|Src n/a|Bonuses
[engine] opt queued engine=1  id=71    LibFFIClosure.VoidRetClosureRootNode@472230d9      |Tier 2|Count/Thres      10000/    10000|Queue: Size    1 Change +1  Load  1,00 Time     0us                                   |UTC 2026-09-25T22:41:17.991|Src n/a
[engine] opt start  engine=1  id=71    LibFFIClosure.VoidRetClosureRootNode@472230d9      |Tier 2|Priority    213893|Rate 20,38936|Queue: Size    0 Change +0  Load  1,00 Time     0us                                   |UTC 2026-09-25T22:41:17.992|Src n/a|Bonuses
[engine] opt done   engine=1  id=73    FunctionExecuteNode.SignatureExecuteNode@4a0d0c56  |Tier 2|Time     4(   1+3   )ms|AST    4|Inlined   0Y   0N|IR     74/   188|CodeSize     646|Addr 0x4306d9df0000|CompId 5736   |UTC 2026-09-25T22:41:17.994|Src n/a
[engine] opt done   engine=1  id=74    CallSignatureNode.CallSignatureRootNode@1dc92a33   |Tier 2|Time     5(   2+2   )ms|AST   12|Inlined   1Y   0N|IR    108/   263|CodeSize     825|Addr 0x77ea0e3b0000|CompId 5735   |UTC 2026-09-25T22:41:17.995|Src n/a
[engine] opt done   engine=1  id=71    LibFFIClosure.VoidRetClosureRootNode@472230d9      |Tier 2|Time     4(   1+3   )ms|AST   23|Inlined   0Y   0N|IR     64/   333|CodeSize    1532|Addr 0x37431dec0000|CompId 5737   |UTC 2026-09-25T22:41:17.996|Src n/a
[engine] opt queued engine=1  id=86    PhpRootGen@24b0f193(resume_bci=1760)               |Tier 2|Count/Thres      10000/    10000|Queue: Size    1 Change +1  Load  1,00 Time     0us                                   |UTC 2026-09-25T22:41:18.015|Src n/a
[engine] opt start  engine=1  id=86    PhpRootGen@24b0f193(resume_bci=1760)               |Tier 2|Priority    262988|Rate 25,29886|Queue: Size    0 Change +0  Load  1,00 Time     0us                                   |UTC 2026-09-25T22:41:18.015|Src n/a|Bonuses
[engine] opt done   engine=1  id=86    PhpRootGen@24b0f193(resume_bci=1760)               |Tier 2|Time    66(  11+55  )ms|AST    1|Inlined   0Y   0N|IR   1688/  4080|CodeSize   17320|Addr 0x5254a9c80000|CompId 5738   |UTC 2026-09-25T22:41:18.081|Src n/a
[0.750s] GC(2) Pause Incremental GC (Collect on allocation) 70.50M->23.00M 17.266ms
[1.063s] GC(3) Pause Incremental GC (Collect on allocation) 71.00M->23.50M 17.415ms
[1.377s] GC(4) Pause Incremental GC (Collect on allocation) 71.50M->24.00M 17.852ms
[1.689s] GC(5) Pause Incremental GC (Collect on allocation) 72.00M->24.50M 18.712ms
[2.005s] GC(6) Pause Incremental GC (Collect on allocation) 72.50M->25.00M 18.946ms
[2.319s] GC(7) Pause Incremental GC (Collect on allocation) 73.00M->25.50M 18.989ms
[2.619s] GC(8) Pause Incremental GC (Collect on allocation) 73.50M->25.50M 5.690ms
[2.920s] GC(9) Pause Incremental GC (Collect on allocation) 73.50M->26.00M 5.458ms
[3.289s] GC(10) Pause Incremental GC (Collect on allocation) 74.00M->26.50M 5.715ms
[3.678s] GC(11) Pause Incremental GC (Collect on allocation) 74.50M->27.00M 7.465ms
[4.071s] GC(12) Pause Incremental GC (Collect on allocation) 75.00M->27.00M 5.460ms
[4.471s] GC(13) Pause Incremental GC (Collect on allocation) 75.00M->27.50M 5.427ms
[4.856s] GC(14) Pause Incremental GC (Collect on allocation) 75.50M->28.00M 5.428ms
[5.240s] GC(15) Pause Incremental GC (Collect on allocation) 76.00M->28.50M 5.517ms
[engine] opt inval. engine=1  id=86    PhpRootGen@24b0f193(resume_bci=1760)                                                                                                                                              |UTC 2026-09-25T22:41:22.877|Src n/a|Reason null
[engine] opt deopt  engine=1  id=86    PhpRootGen@24b0f193(resume_bci=1760)               |Invalidated  true|                                                                                                            |UTC 2026-09-25T22:41:22.877|Src n/a|Reason unknown
[engine] opt queued engine=1  id=86    PhpRootGen@24b0f193(resume_bci=1760)               |Tier 1|Count/Thres      11761/      400|Queue: Size    0 Change +1  Load  1,00 Time     0us                                   |UTC 2026-09-25T22:41:22.877|Src n/a
[engine] opt start  engine=1  id=86    PhpRootGen@24b0f193(resume_bci=1760)               |Tier 1|Priority  14276712|Rate 2,237074|Queue: Size    0 Change +0  Load  1,00 Time     0us                                   |UTC 2026-09-25T22:41:22.877|Src n/a|Bonuses first tier
[engine] opt inval. engine=1  id=85    PhpRootGen@24b0f193(resume_bci=1142)                                                                                                                                              |UTC 2026-09-25T22:41:22.880|Src n/a|Reason null
[engine] opt deopt  engine=1  id=85    PhpRootGen@24b0f193(resume_bci=1142)               |Invalidated  true|                                                                                                            |UTC 2026-09-25T22:41:22.880|Src n/a|Reason unknown
[engine] opt queued engine=1  id=85    PhpRootGen@24b0f193(resume_bci=1142)               |Tier 1|Count/Thres       8187/      400|Queue: Size    0 Change +1  Load  1,00 Time     0us                                   |UTC 2026-09-25T22:41:22.880|Src n/a
[engine] opt start  engine=1  id=85    PhpRootGen@24b0f193(resume_bci=1142)               |Tier 1|Priority   7848023|Rate 1,556255|Queue: Size    0 Change +0  Load  1,00 Time     0us                                   |UTC 2026-09-25T22:41:22.880|Src n/a|Bonuses first tier
[engine] opt queued engine=1  id=89    PhpRootGen@5a2a9922(resume_bci=168)                |Tier 1|Count/Thres        400/      400|Queue: Size    0 Change +1  Load  1,00 Time     0us                                   |UTC 2026-09-25T22:41:22.891|Src n/a
[engine] opt start  engine=1  id=89    PhpRootGen@5a2a9922(resume_bci=168)                |Tier 1|Priority  42249354|Rate 280,6623|Queue: Size    0 Change +0  Load  1,00 Time     0us                                   |UTC 2026-09-25T22:41:22.891|Src n/a|Bonuses first tier
[engine] opt done   engine=1  id=89    PhpRootGen@5a2a9922(resume_bci=168)                |Tier 1|Time    14(   7+7   )ms|AST    1|Inlined   0Y   0N|IR    351/   790|CodeSize    2933|Addr 0x4d0d84d30000|CompId 5741   |UTC 2026-09-25T22:41:22.906|Src n/a
VERSION libcurl/8.22.0 BoringSSL zlib/1.3.2 brotli/1.2.0 zstd/1.5.7 WinIDN nghttp2/1.63.0
CLOCK 241737391460100 241737399094200
LATENCY 15771500
TIMELINE 0 0 241737443639300 15771500
LATENCY 2178900
TIMELINE 0 16 241737496953800 2178900
LATENCY 2184600
TIMELINE 0 32 241737532964500 2184600
LATENCY 2212800
TIMELINE 0 48 241737568005900 2212800
LATENCY 2148200
TIMELINE 0 64 241737602894700 2148200
LATENCY 2349400
TIMELINE 0 80 241737638140200 2349400
LATENCY 2159700
TIMELINE 0 96 241737673543000 2159700
LATENCY 2374900
TIMELINE 0 112 241737709931200 2374900
LATENCY 2841300
TIMELINE 0 128 241737765137900 2841300
LATENCY 2283800
TIMELINE 0 144 241737802753100 2283800
LATENCY 2156600
TIMELINE 0 160 241737838917300 2156600
LATENCY 2319500
TIMELINE 0 176 241737873418900 2319500
LATENCY 2345800
TIMELINE 0 192 241737909102100 2345800
LATENCY 2197500
TIMELINE 0 208 241737946230900 2197500
LATENCY 2140800
TIMELINE 0 224 241737981232300 2140800
LATENCY 2345400
TIMELINE 0 240 241738017254900 2345400
LATENCY 2143600
TIMELINE 0 256 241738053621400 2143600
LATENCY 2222300
TIMELINE 0 272 241738107959000 2222300
LATENCY 2165900
TIMELINE 0 288 241738143211100 2165900
LATENCY 2238200
TIMELINE 0 304 241738177982400 2238200
LATENCY 2093900
TIMELINE 0 320 241738212371800 2093900
LATENCY 2152900
TIMELINE 0 336 241738246562200 2152900
LATENCY 2189900
TIMELINE 0 352 241738282548300 2189900
LATENCY 2280800
TIMELINE 0 368 241738318207600 2280800
LATENCY 2223300
TIMELINE 0 384 241738354265200 2223300
LATENCY 2212700
TIMELINE 0 400 241738407252700 2212700
LATENCY 2373300
TIMELINE 0 416 241738442487000 2373300
LATENCY 2121400
TIMELINE 0 432 241738477311100 2121400
LATENCY 2595500
TIMELINE 0 448 241738512255900 2595500
LATENCY 2253800
TIMELINE 0 464 241738548514900 2253800
LATENCY 2379500
TIMELINE 0 480 241738584154900 2379500
LATENCY 2175800
TIMELINE 0 496 241738619985300 2175800
LATENCY 2207900
TIMELINE 0 512 241738655797700 2207900
LATENCY 2207800
TIMELINE 0 528 241738710195100 2207800
LATENCY 2178200
TIMELINE 0 544 241738744760300 2178200
LATENCY 2127200
TIMELINE 0 560 241738779134300 2127200
LATENCY 2219000
TIMELINE 0 576 241738813617400 2219000
LATENCY 2112800
TIMELINE 0 592 241738849145700 2112800
LATENCY 2155800
TIMELINE 0 608 241738883571700 2155800
LATENCY 2294000
TIMELINE 0 624 241738917950600 2294000
LATENCY 2230600
TIMELINE 0 640 241738953880600 2230600
LATENCY 2290600
TIMELINE 0 656 241738989060200 2290600
LATENCY 2142400
TIMELINE 0 672 241739045171600 2142400
LATENCY 2118500
TIMELINE 0 688 241739079346900 2118500
LATENCY 2147400
TIMELINE 0 704 241739113643100 2147400
LATENCY 2374800
TIMELINE 0 720 241739150077600 2374800
LATENCY 2182800
TIMELINE 0 736 241739185493400 2182800
LATENCY 2261900
TIMELINE 0 752 241739221107200 2261900
LATENCY 2143000
TIMELINE 0 768 241739256763700 2143000
LATENCY 2129000
TIMELINE 0 784 241739292998100 2129000
LATENCY 2349300
TIMELINE 0 800 241739348609000 2349300
LATENCY 2181700
TIMELINE 0 816 241739384073300 2181700
LATENCY 2417600
TIMELINE 0 832 241739420173000 2417600
LATENCY 2228600
TIMELINE 0 848 241739455956800 2228600
LATENCY 2100300
TIMELINE 0 864 241739491159100 2100300
LATENCY 2110000
TIMELINE 0 880 241739525235300 2110000
LATENCY 2259100
TIMELINE 0 896 241739559991500 2259100
LATENCY 2259900
TIMELINE 0 912 241739595702800 2259900
LATENCY 2165000
TIMELINE 0 928 241739650395600 2165000
LATENCY 2133200
TIMELINE 0 944 241739684934200 2133200
LATENCY 2113700
TIMELINE 0 960 241739719449900 2113700
LATENCY 2296900
TIMELINE 0 976 241739753773700 2296900
LATENCY 2152500
TIMELINE 0 992 241739788529500 2152500
LATENCY 2173200
TIMELINE 0 1008 241739825106100 2173200
LATENCY 2284200
TIMELINE 0 1024 241739860306000 2284200
LATENCY 2299100
TIMELINE 0 1040 241739895273700 2299100
LATENCY 2198600
TIMELINE 0 1056 241739931404500 2198600
LATENCY 2123700
TIMELINE 0 1072 241739972817100 2123700
LATENCY 2249100
TIMELINE 0 1088 241740007444700 2249100
LATENCY 2190900
TIMELINE 0 1104 241740043347900 2190900
LATENCY 2215100
TIMELINE 0 1120 241740078088800 2215100
LATENCY 2232800
TIMELINE 0 1136 241740114330500 2232800
LATENCY 2197100
TIMELINE 0 1152 241740149842900 2197100
LATENCY 2183000
TIMELINE 0 1168 241740185571000 2183000
LATENCY 2144600
TIMELINE 0 1184 241740220078900 2144600
LATENCY 2135800
TIMELINE 0 1200 241740260849400 2135800
LATENCY 2149200
TIMELINE 0 1216 241740295199300 2149200
LATENCY 2697400
TIMELINE 0 1232 241740329854500 2697400
LATENCY 3189700
TIMELINE 0 1248 241740376156400 3189700
LATENCY 3076500
TIMELINE 0 1264 241740424120300 3076500
LATENCY 2847000
TIMELINE 0 1280 241740469743000 2847000
LATENCY 2908900
TIMELINE 0 1296 241740517217700 2908900
LATENCY 2711000
TIMELINE 0 1312 241740566129400 2711000
LATENCY 2986400
TIMELINE 0 1328 241740619065400 2986400
LATENCY 2711200
TIMELINE 0 1344 241740669997600 2711200
LATENCY 2729900
TIMELINE 0 1360 241740713555900 2729900
LATENCY 2966800
TIMELINE 0 1376 241740758262500 2966800
LATENCY 2786600
TIMELINE 0 1392 241740802764000 2786600
LATENCY 2665300
TIMELINE 0 1408 241740845684500 2665300
LATENCY 3017200
TIMELINE 0 1424 241740891118000 3017200
LATENCY 3061400
TIMELINE 0 1440 241740939938700 3061400
LATENCY 2700000
TIMELINE 0 1456 241740985836600 2700000
LATENCY 2673500
TIMELINE 0 1472 241741041028300 2673500
LATENCY 2843400
TIMELINE 0 1488 241741086943100 2843400
LATENCY 2915100
TIMELINE 0 1504 241741134227600 2915100
LATENCY 2574300
TIMELINE 0 1520 241741179063900 2574300
LATENCY 2744300
TIMELINE 0 1536 241741222771500 2744300
LATENCY 2696200
TIMELINE 0 1552 241741267418200 2696200
LATENCY 3148700
TIMELINE 0 1568 241741315625200 3148700
LATENCY 3026200
TIMELINE 0 1584 241741363370600 3026200
LATENCY 3097900
TIMELINE 0 1600 241741417842500 3097900
LATENCY 2774000
TIMELINE 0 1616 241741466326300 2774000
LATENCY 3121600
TIMELINE 0 1632 241741512086500 3121600
LATENCY 3066300
TIMELINE 0 1648 241741558825000 3066300
LATENCY 2928600
TIMELINE 0 1664 241741606519300 2928600
LATENCY 3138400
TIMELINE 0 1680 241741653274200 3138400
LATENCY 2754600
TIMELINE 0 1696 241741704914700 2754600
LATENCY 2743700
TIMELINE 0 1712 241741748861300 2743700
LATENCY 2806200
TIMELINE 0 1728 241741800941600 2806200
LATENCY 2851800
TIMELINE 0 1744 241741850445600 2851800
LATENCY 2816400
TIMELINE 0 1760 241741895616400 2816400
LATENCY 2664700
TIMELINE 0 1776 241741938735900 2664700
LATENCY 2707600
TIMELINE 0 1792 241741983946600 2707600
LATENCY 2933700
TIMELINE 0 1808 241742030469900 2933700
LATENCY 2607300
TIMELINE 0 1824 241742074329300 2607300
LATENCY 2758200
TIMELINE 0 1840 241742118165900 2758200
LATENCY 2993000
TIMELINE 0 1856 241742164949000 2993000
LATENCY 2745000
TIMELINE 0 1872 241742216269600 2745000
LATENCY 2788500
TIMELINE 0 1888 241742261602000 2788500
LATENCY 2703500
TIMELINE 0 1904 241742306077900 2703500
LATENCY 2727900
TIMELINE 0 1920 241742350188100 2727900
LATENCY 2805400
TIMELINE 0 1936 241742395541900 2805400
LATENCY 2682700
TIMELINE 0 1952 241742438808000 2682700
LATENCY 2709600
TIMELINE 0 1968 241742482894600 2709600
LATENCY 3004800
TIMELINE 0 1984 241742532778200 3004800
LATENCY 3035600
TIMELINE 0 2000 241742586338900 3035600
LATENCY 2572900
TIMELINE 0 2016 241742633274200 2572900
LATENCY 2969500
TIMELINE 0 2032 241742677032900 2969500
LATENCY 2492800
TIMELINE 1 1 241737459529100 2492800
LATENCY 2184000
TIMELINE 1 17 241737499073300 2184000
LATENCY 2173300
TIMELINE 1 33 241737535211000 2173300
LATENCY 2158300
TIMELINE 1 49 241737570253800 2158300
LATENCY 2262600
TIMELINE 1 65 241737605077300 2262600
LATENCY 2289300
TIMELINE 1 81 241737640205700 2289300
LATENCY 2124800
TIMELINE 1 97 241737675417500 2124800
LATENCY 2261000
TIMELINE 1 113 241737711979300 2261000
LATENCY 2301100
TIMELINE 1 129 241737767581800 2301100
LATENCY 2263300
TIMELINE 1 145 241737804602000 2263300
LATENCY 2115500
TIMELINE 1 161 241737840664200 2115500
LATENCY 2257800
TIMELINE 1 177 241737875297600 2257800
LATENCY 2234600
TIMELINE 1 193 241737911063800 2234600
LATENCY 2194300
TIMELINE 1 209 241737948398300 2194300
LATENCY 2299200
TIMELINE 1 225 241737983343000 2299200
LATENCY 2376400
TIMELINE 1 241 241738019699400 2376400
LATENCY 2149000
TIMELINE 1 257 241738055971300 2149000
LATENCY 2159300
TIMELINE 1 273 241738110788700 2159300
LATENCY 2183200
TIMELINE 1 289 241738145888100 2183200
LATENCY 2159800
TIMELINE 1 305 241738180671800 2159800
LATENCY 2093700
TIMELINE 1 321 241738214887600 2093700
LATENCY 2141900
TIMELINE 1 337 241738249152400 2141900
LATENCY 2166700
TIMELINE 1 353 241738285201500 2166700
LATENCY 2200600
TIMELINE 1 369 241738320955100 2200600
LATENCY 2366600
TIMELINE 1 385 241738357009400 2366600
LATENCY 2330600
TIMELINE 1 401 241738410042700 2330600
LATENCY 2222300
TIMELINE 1 417 241738445417500 2222300
LATENCY 2108400
TIMELINE 1 433 241738480140300 2108400
LATENCY 2119800
TIMELINE 1 449 241738515325000 2119800
LATENCY 2211800
TIMELINE 1 465 241738551146100 2211800
LATENCY 2173200
TIMELINE 1 481 241738586978600 2173200
LATENCY 2236900
TIMELINE 1 497 241738622672000 2236900
LATENCY 2139700
TIMELINE 1 513 241738658491100 2139700
LATENCY 2143000
TIMELINE 1 529 241738712764500 2143000
LATENCY 2149200
TIMELINE 1 545 241738747366700 2149200
LATENCY 2167300
TIMELINE 1 561 241738781771600 2167300
LATENCY 2180800
TIMELINE 1 577 241738816348500 2180800
LATENCY 2145100
TIMELINE 1 593 241738851684600 2145100
LATENCY 2076300
TIMELINE 1 609 241738886273200 2076300
LATENCY 2247100
TIMELINE 1 625 241738920874600 2247100
LATENCY 2195800
TIMELINE 1 641 241738956907600 2195800
LATENCY 2304600
TIMELINE 1 657 241738992172900 2304600
LATENCY 2137500
TIMELINE 1 673 241739047767100 2137500
LATENCY 2145300
TIMELINE 1 689 241739081936800 2145300
LATENCY 2182900
TIMELINE 1 705 241739116257400 2182900
LATENCY 2264800
TIMELINE 1 721 241739153076800 2264800
LATENCY 2195200
TIMELINE 1 737 241739188357800 2195200
LATENCY 2252600
TIMELINE 1 753 241739224108800 2252600
LATENCY 2296000
TIMELINE 1 769 241739259639300 2296000
LATENCY 2144700
TIMELINE 1 785 241739295802900 2144700
LATENCY 2285500
TIMELINE 1 801 241739351699900 2285500
LATENCY 1861900
TIMELINE 1 817 241739387123800 1861900
LATENCY 2185100
TIMELINE 1 833 241739422659000 2185100
LATENCY 2284700
TIMELINE 1 849 241739458243500 2284700
LATENCY 2158000
TIMELINE 1 865 241739493317100 2158000
LATENCY 2314000
TIMELINE 1 881 241739527408800 2314000
LATENCY 2252500
TIMELINE 1 897 241739562318800 2252500
LATENCY 2239400
TIMELINE 1 913 241739598035800 2239400
LATENCY 2157400
TIMELINE 1 929 241739652651000 2157400
LATENCY 2236000
TIMELINE 1 945 241739687158400 2236000
LATENCY 2113700
TIMELINE 1 961 241739721686200 2113700
LATENCY 2450100
TIMELINE 1 977 241739756198900 2450100
LATENCY 2149800
TIMELINE 1 993 241739790768600 2149800
LATENCY 2210300
TIMELINE 1 1009 241739827424500 2210300
LATENCY 2305900
TIMELINE 1 1025 241739862887800 2305900
LATENCY 2226300
TIMELINE 1 1041 241739897885300 2226300
LATENCY 2228300
TIMELINE 1 1057 241739933840000 2228300
LATENCY 2142500
TIMELINE 1 1073 241739975060500 2142500
LATENCY 2254500
TIMELINE 1 1089 241740009897100 2254500
LATENCY 2257100
TIMELINE 1 1105 241740045713600 2257100
LATENCY 2157500
TIMELINE 1 1121 241740080640600 2157500
LATENCY 2162000
TIMELINE 1 1137 241740116957200 2162000
LATENCY 2156300
TIMELINE 1 1153 241740152359800 2156300
LATENCY 2134600
TIMELINE 1 1169 241740187978100 2134600
LATENCY 2163700
TIMELINE 1 1185 241740222431100 2163700
LATENCY 2100800
TIMELINE 1 1201 241740263134900 2100800
LATENCY 2220400
TIMELINE 1 1217 241740297530700 2220400
LATENCY 2642100
TIMELINE 1 1233 241740332807900 2642100
LATENCY 3088000
TIMELINE 1 1249 241740379645500 3088000
LATENCY 3343800
TIMELINE 1 1265 241740427509100 3343800
LATENCY 2709800
TIMELINE 1 1281 241740472971100 2709800
LATENCY 2834900
TIMELINE 1 1297 241740520612100 2834900
LATENCY 2775800
TIMELINE 1 1313 241740569214900 2775800
LATENCY 2961000
TIMELINE 1 1329 241740622474200 2961000
LATENCY 2780400
TIMELINE 1 1345 241740672981900 2780400
LATENCY 2720600
TIMELINE 1 1361 241740716565400 2720600
LATENCY 2927700
TIMELINE 1 1377 241740761591300 2927700
LATENCY 2939700
TIMELINE 1 1393 241740805854700 2939700
LATENCY 2383600
TIMELINE 1 1409 241740848648100 2383600
LATENCY 3155100
TIMELINE 1 1425 241740894464500 3155100
LATENCY 3030300
TIMELINE 1 1441 241740943346100 3030300
LATENCY 2666500
TIMELINE 1 1457 241740988819900 2666500
LATENCY 2722700
TIMELINE 1 1473 241741042989700 2722700
LATENCY 2823900
TIMELINE 1 1489 241741089061900 2823900
LATENCY 2941400
TIMELINE 1 1505 241741136360700 2941400
LATENCY 2595900
TIMELINE 1 1521 241741180993600 2595900
LATENCY 2841100
TIMELINE 1 1537 241741224800900 2841100
LATENCY 2701500
TIMELINE 1 1553 241741269398000 2701500
LATENCY 2717600
TIMELINE 1 1569 241741318500200 2717600
LATENCY 3101300
TIMELINE 1 1585 241741366084800 3101300
LATENCY 3080700
TIMELINE 1 1601 241741420637300 3080700
LATENCY 2966500
TIMELINE 1 1617 241741468820800 2966500
LATENCY 3001400
TIMELINE 1 1633 241741514894400 3001400
LATENCY 2751000
TIMELINE 1 1649 241741561564900 2751000
LATENCY 2920500
TIMELINE 1 1665 241741609047900 2920500
LATENCY 2960100
TIMELINE 1 1681 241741656003200 2960100
LATENCY 2812700
TIMELINE 1 1697 241741707302700 2812700
LATENCY 2724300
TIMELINE 1 1713 241741751231700 2724300
LATENCY 2688900
TIMELINE 1 1729 241741803326600 2688900
LATENCY 2775100
TIMELINE 1 1745 241741852535600 2775100
LATENCY 2843100
TIMELINE 1 1761 241741897704700 2843100
LATENCY 2697100
TIMELINE 1 1777 241741940674700 2697100
LATENCY 2857000
TIMELINE 1 1793 241741986111500 2857000
LATENCY 2957900
TIMELINE 1 1809 241742032779300 2957900
LATENCY 2613100
TIMELINE 1 1825 241742076397000 2613100
LATENCY 2730600
TIMELINE 1 1841 241742120352200 2730600
LATENCY 2953200
TIMELINE 1 1857 241742167312800 2953200
LATENCY 2855900
TIMELINE 1 1873 241742218259200 2855900
LATENCY 2904900
TIMELINE 1 1889 241742263629800 2904900
LATENCY 2672700
TIMELINE 1 1905 241742308031500 2672700
LATENCY 2729900
TIMELINE 1 1921 241742352128400 2729900
LATENCY 2998800
TIMELINE 1 1937 241742397456400 2998800
LATENCY 2802200
TIMELINE 1 1953 241742440661100 2802200
LATENCY 2735900
TIMELINE 1 1969 241742484814500 2735900
LATENCY 3000700
TIMELINE 1 1985 241742534907900 3000700
LATENCY 3063700
TIMELINE 1 2001 241742588480900 3063700
LATENCY 2598300
TIMELINE 1 2017 241742635095800 2598300
LATENCY 2728900
TIMELINE 1 2033 241742679189200 2728900
LATENCY 2371900
TIMELINE 2 2 241737461961200 2371900
LATENCY 2161700
TIMELINE 2 18 241737501378800 2161700
LATENCY 2224000
TIMELINE 2 34 241737537449000 2224000
LATENCY 2180600
TIMELINE 2 50 241737572474600 2180600
LATENCY 2120100
TIMELINE 2 66 241737607402500 2120100
LATENCY 2265000
TIMELINE 2 82 241737642775500 2265000
LATENCY 2283500
TIMELINE 2 98 241737677818600 2283500
LATENCY 2240300
TIMELINE 2 114 241737714536300 2240300
LATENCY 2310500
TIMELINE 2 130 241737770391100 2310500
LATENCY 2264500
TIMELINE 2 146 241737807246500 2264500
LATENCY 2127500
TIMELINE 2 162 241737843114000 2127500
LATENCY 2148900
TIMELINE 2 178 241737877865400 2148900
LATENCY 2272300
TIMELINE 2 194 241737913644900 2272300
LATENCY 2206900
TIMELINE 2 210 241737950499200 2206900
LATENCY 2301200
TIMELINE 2 226 241737985543400 2301200
LATENCY 2261100
TIMELINE 2 242 241738022138300 2261100
LATENCY 19745000
TIMELINE 2 258 241738058008500 19745000
LATENCY 2241600
TIMELINE 2 274 241738112337900 2241600
LATENCY 2168000
TIMELINE 2 290 241738147620600 2168000
LATENCY 2194100
TIMELINE 2 306 241738182414000 2194100
LATENCY 2126700
TIMELINE 2 322 241738216578000 2126700
LATENCY 2203600
TIMELINE 2 338 241738250874200 2203600
LATENCY 2126400
TIMELINE 2 354 241738287003500 2126400
LATENCY 2150800
TIMELINE 2 370 241738322883500 2150800
LATENCY 2181900
TIMELINE 2 386 241738359195800 2181900
LATENCY 2260200
TIMELINE 2 402 241738412189300 2260200
LATENCY 2114100
TIMELINE 2 418 241738447529100 2114100
LATENCY 2113200
TIMELINE 2 434 241738482222800 2113200
LATENCY 2175700
TIMELINE 2 450 241738517116300 2175700
LATENCY 2250000
TIMELINE 2 466 241738553056000 2250000
LATENCY 2250800
TIMELINE 2 482 241738588828200 2250800
LATENCY 2188300
TIMELINE 2 498 241738624505600 2188300
LATENCY 2157500
TIMELINE 2 514 241738660177000 2157500
LATENCY 2144800
TIMELINE 2 530 241738714332200 2144800
LATENCY 2164700
TIMELINE 2 546 241738748950800 2164700
LATENCY 2136500
TIMELINE 2 562 241738783291600 2136500
LATENCY 2261100
TIMELINE 2 578 241738817866100 2261100
LATENCY 2149300
TIMELINE 2 594 241738853222300 2149300
LATENCY 2171300
TIMELINE 2 610 241738887755400 2171300
LATENCY 2147800
TIMELINE 2 626 241738922531600 2147800
LATENCY 2198100
TIMELINE 2 642 241738958186300 2198100
LATENCY 2484300
TIMELINE 2 658 241738993348900 2484300
LATENCY 2128800
TIMELINE 2 674 241739049245900 2128800
LATENCY 2150900
TIMELINE 2 690 241739083407100 2150900
LATENCY 2383100
TIMELINE 2 706 241739117727600 2383100
LATENCY 2192300
TIMELINE 2 722 241739154586000 2192300
LATENCY 2169500
TIMELINE 2 738 241739189990700 2169500
LATENCY 2266800
TIMELINE 2 754 241739225811300 2266800
LATENCY 2367800
TIMELINE 2 770 241739261423800 2367800
LATENCY 2160200
TIMELINE 2 786 241739297648900 2160200
LATENCY 2225400
TIMELINE 2 802 241739353772500 2225400
LATENCY 2202900
TIMELINE 2 818 241739389017800 2202900
LATENCY 2199500
TIMELINE 2 834 241739424906600 2199500
LATENCY 2232200
TIMELINE 2 850 241739460661500 2232200
LATENCY 2137000
TIMELINE 2 866 241739495589400 2137000
LATENCY 2154600
TIMELINE 2 882 241739529834800 2154600
LATENCY 2248900
TIMELINE 2 898 241739564670300 2248900
LATENCY 2212200
TIMELINE 2 914 241739600436400 2212200
LATENCY 2215400
TIMELINE 2 930 241739654986700 2215400
LATENCY 2209400
TIMELINE 2 946 241739689595600 2209400
LATENCY 2143500
TIMELINE 2 962 241739723979700 2143500
LATENCY 2166000
TIMELINE 2 978 241739758941500 2166000
LATENCY 2149900
TIMELINE 2 994 241739793189900 2149900
LATENCY 2308900
TIMELINE 2 1010 241739830309700 2308900
LATENCY 2247100
TIMELINE 2 1026 241739865759600 2247100
LATENCY 2171400
TIMELINE 2 1042 241739900626500 2171400
LATENCY 2196000
TIMELINE 2 1058 241739936576300 2196000
LATENCY 2119500
TIMELINE 2 1074 241739977764700 2119500
LATENCY 2281300
TIMELINE 2 1090 241740012922400 2281300
LATENCY 2174600
TIMELINE 2 1106 241740048764700 2174600
LATENCY 2179200
TIMELINE 2 1122 241740083762000 2179200
LATENCY 2192200
TIMELINE 2 1138 241740119843800 2192200
LATENCY 2404700
TIMELINE 2 1154 241740155343600 2404700
LATENCY 2130100
TIMELINE 2 1170 241740190983600 2130100
LATENCY 2208800
TIMELINE 2 1186 241740225450500 2208800
LATENCY 2244700
TIMELINE 2 1202 241740265975600 2244700
LATENCY 2098400
TIMELINE 2 1218 241740300446700 2098400
LATENCY 2594300
TIMELINE 2 1234 241740336311300 2594300
LATENCY 3058700
TIMELINE 2 1250 241740383793500 3058700
LATENCY 3151000
TIMELINE 2 1266 241740431906700 3151000
LATENCY 2693100
TIMELINE 2 1282 241740476627400 2693100
LATENCY 2756000
TIMELINE 2 1298 241740524379100 2756000
LATENCY 3082300
TIMELINE 2 1314 241740572945800 3082300
LATENCY 3083300
TIMELINE 2 1330 241740626443300 3083300
LATENCY 2644700
TIMELINE 2 1346 241740676700600 2644700
LATENCY 2747200
TIMELINE 2 1362 241740720215800 2747200
LATENCY 2825200
TIMELINE 2 1378 241740765512100 2825200
LATENCY 2730300
TIMELINE 2 1394 241740809795000 2730300
LATENCY 2646400
TIMELINE 2 1410 241740851970300 2646400
LATENCY 3041000
TIMELINE 2 1426 241740898707100 3041000
LATENCY 3037500
TIMELINE 2 1442 241740947435000 3037500
LATENCY 2638100
TIMELINE 2 1458 241740992416100 2638100
LATENCY 2783900
TIMELINE 2 1474 241741046669700 2783900
LATENCY 2963000
TIMELINE 2 1490 241741092929400 2963000
LATENCY 2938800
TIMELINE 2 1506 241741140419800 2938800
LATENCY 2744000
TIMELINE 2 1522 241741184620800 2744000
LATENCY 2887100
TIMELINE 2 1538 241741228766000 2887100
LATENCY 3001900
TIMELINE 2 1554 241741273132000 3001900
LATENCY 2618400
TIMELINE 2 1570 241741322354000 2618400
LATENCY 2489700
TIMELINE 2 1586 241741370601100 2489700
LATENCY 3081800
TIMELINE 2 1602 241741425140000 3081800
LATENCY 2753500
TIMELINE 2 1618 241741473080100 2753500
LATENCY 3134900
TIMELINE 2 1634 241741519342200 3134900
LATENCY 2774900
TIMELINE 2 1650 241741565654400 2774900
LATENCY 2897000
TIMELINE 2 1666 241741613389900 2897000
LATENCY 2969000
TIMELINE 2 1682 241741660389400 2969000
LATENCY 2737800
TIMELINE 2 1698 241741711433500 2737800
LATENCY 2865700
TIMELINE 2 1714 241741755273500 2865700
LATENCY 2944300
TIMELINE 2 1730 241741807417200 2944300
LATENCY 2783700
TIMELINE 2 1746 241741856615700 2783700
LATENCY 2798200
TIMELINE 2 1762 241741901891200 2798200
LATENCY 2635500
TIMELINE 2 1778 241741944588300 2635500
LATENCY 3018600
TIMELINE 2 1794 241741990360300 3018600
LATENCY 2944600
TIMELINE 2 1810 241742037012700 2944600
LATENCY 2594800
TIMELINE 2 1826 241742080116900 2594800
LATENCY 2762600
TIMELINE 2 1842 241742124354300 2762600
LATENCY 3046400
TIMELINE 2 1858 241742171658300 3046400
LATENCY 2798000
TIMELINE 2 1874 241742222575200 2798000
LATENCY 2747400
TIMELINE 2 1890 241742267994100 2747400
LATENCY 2698900
TIMELINE 2 1906 241742312053500 2698900
LATENCY 2668200
TIMELINE 2 1922 241742356311700 2668200
LATENCY 2772400
TIMELINE 2 1938 241742402063300 2772400
LATENCY 2738900
TIMELINE 2 1954 241742444941900 2738900
LATENCY 2763800
TIMELINE 2 1970 241742489092100 2763800
LATENCY 2889400
TIMELINE 2 1986 241742539551000 2889400
LATENCY 3043000
TIMELINE 2 2002 241742593211100 3043000
LATENCY 2626300
TIMELINE 2 2018 241742639078700 2626300
LATENCY 2734300
TIMELINE 2 2034 241742683410200 2734300
LATENCY 2535100
TIMELINE 3 3 241737464367700 2535100
LATENCY 2176400
TIMELINE 3 19 241737503397100 2176400
LATENCY 2193200
TIMELINE 3 35 241737539509300 2193200
LATENCY 2193600
TIMELINE 3 51 241737574478400 2193600
LATENCY 2184200
TIMELINE 3 67 241737609362600 2184200
LATENCY 2218200
TIMELINE 3 83 241737644627700 2218200
LATENCY 2257400
TIMELINE 3 99 241737679682800 2257400
LATENCY 2299600
TIMELINE 3 115 241737716357100 2299600
LATENCY 2311500
TIMELINE 3 131 241737772288100 2311500
LATENCY 2241400
TIMELINE 3 147 241737809077700 2241400
LATENCY 2107500
TIMELINE 3 163 241737844883300 2107500
LATENCY 2111600
TIMELINE 3 179 241737879647300 2111600
LATENCY 2436200
TIMELINE 3 195 241737915507500 2436200
LATENCY 2254000
TIMELINE 3 211 241737952524600 2254000
LATENCY 2237000
TIMELINE 3 227 241737987670400 2237000
LATENCY 2270700
TIMELINE 3 243 241738024065100 2270700
LATENCY 3002100
TIMELINE 3 259 241738077398400 3002100
LATENCY 2231300
TIMELINE 3 275 241738114201600 2231300
LATENCY 2170700
TIMELINE 3 291 241738149508600 2170700
LATENCY 2196200
TIMELINE 3 307 241738184345800 2196200
LATENCY 2140100
TIMELINE 3 323 241738218451900 2140100
LATENCY 2347000
TIMELINE 3 339 241738252822300 2347000
LATENCY 2088800
TIMELINE 3 355 241738288906000 2088800
LATENCY 2155300
TIMELINE 3 371 241738324789100 2155300
LATENCY 2196200
TIMELINE 3 387 241738361056500 2196200
LATENCY 2199100
TIMELINE 3 403 241738414125000 2199100
LATENCY 2139900
TIMELINE 3 419 241738449007300 2139900
LATENCY 2140400
TIMELINE 3 435 241738483707100 2140400
LATENCY 2144900
TIMELINE 3 451 241738519386500 2144900
LATENCY 2274900
TIMELINE 3 467 241738555341700 2274900
LATENCY 2225800
TIMELINE 3 483 241738591114200 2225800
LATENCY 2201500
TIMELINE 3 499 241738626789600 2201500
LATENCY 2306800
TIMELINE 3 515 241738662494500 2306800
LATENCY 2117000
TIMELINE 3 531 241738716981600 2117000
LATENCY 2297700
TIMELINE 3 547 241738751621100 2297700
LATENCY 2114800
TIMELINE 3 563 241738786005500 2114800
LATENCY 2334500
TIMELINE 3 579 241738820769900 2334500
LATENCY 2119800
TIMELINE 3 595 241738855958300 2119800
LATENCY 2071600
TIMELINE 3 611 241738890507600 2071600
LATENCY 2209000
TIMELINE 3 627 241738925243000 2209000
LATENCY 2270400
TIMELINE 3 643 241738960956500 2270400
LATENCY 21757100
TIMELINE 3 659 241738996459800 21757100
LATENCY 2138000
TIMELINE 3 675 241739051695700 2138000
LATENCY 2196800
TIMELINE 3 691 241739085872000 2196800
LATENCY 2335600
TIMELINE 3 707 241739120468600 2335600
LATENCY 2215600
TIMELINE 3 723 241739157039400 2215600
LATENCY 2199600
TIMELINE 3 739 241739192194900 2199600
LATENCY 2281400
TIMELINE 3 755 241739228049600 2281400
LATENCY 2268400
TIMELINE 3 771 241739263730000 2268400
LATENCY 2208900
TIMELINE 3 787 241739299617500 2208900
LATENCY 2220000
TIMELINE 3 803 241739355641100 2220000
LATENCY 2164000
TIMELINE 3 819 241739391890400 2164000
LATENCY 2235400
TIMELINE 3 835 241739427700800 2235400
LATENCY 2208500
TIMELINE 3 851 241739463454500 2208500
LATENCY 2151300
TIMELINE 3 867 241739498278300 2151300
LATENCY 2072700
TIMELINE 3 883 241739532535900 2072700
LATENCY 2219200
TIMELINE 3 899 241739567527500 2219200
LATENCY 2191600
TIMELINE 3 915 241739603219900 2191600
LATENCY 2195200
TIMELINE 3 931 241739657775100 2195200
LATENCY 2148400
TIMELINE 3 947 241739692439300 2148400
LATENCY 2122400
TIMELINE 3 963 241739726769000 2122400
LATENCY 2119300
TIMELINE 3 979 241739761782100 2119300
LATENCY 2157900
TIMELINE 3 995 241739796048700 2157900
LATENCY 2286500
TIMELINE 3 1011 241739833083500 2286500
LATENCY 2169700
TIMELINE 3 1027 241739868387900 2169700
LATENCY 2249600
TIMELINE 3 1043 241739903289000 2249600
LATENCY 8123900
TIMELINE 3 1059 241739939264000 8123900
LATENCY 2085400
TIMELINE 3 1075 241739980198300 2085400
LATENCY 2343500
TIMELINE 3 1091 241740015079800 2343500
LATENCY 2171400
TIMELINE 3 1107 241740050847900 2171400
LATENCY 2210400
TIMELINE 3 1123 241740085825400 2210400
LATENCY 2203500
TIMELINE 3 1139 241740121885400 2203500
LATENCY 2196200
TIMELINE 3 1155 241740157568500 2196200
LATENCY 2122300
TIMELINE 3 1171 241740192800300 2122300
LATENCY 2307300
TIMELINE 3 1187 241740227378500 2307300
LATENCY 2155500
TIMELINE 3 1203 241740268073300 2155500
LATENCY 2146900
TIMELINE 3 1219 241740302376200 2146900
LATENCY 2651900
TIMELINE 3 1235 241740338658500 2651900
LATENCY 3073600
TIMELINE 3 1251 241740386504200 3073600
LATENCY 2778900
TIMELINE 3 1267 241740434813700 2778900
LATENCY 3202900
TIMELINE 3 1283 241740479113600 3202900
LATENCY 2841300
TIMELINE 3 1299 241740526940200 2841300
LATENCY 3035300
TIMELINE 3 1315 241740575864400 3035300
LATENCY 3206800
TIMELINE 3 1331 241740629353000 3206800
LATENCY 2626400
TIMELINE 3 1347 241740679202400 2626400
LATENCY 2743200
TIMELINE 3 1363 241740722801500 2743200
LATENCY 2720300
TIMELINE 3 1379 241740768527800 2720300
LATENCY 2724500
TIMELINE 3 1395 241740812702600 2724500
LATENCY 2618100
TIMELINE 3 1411 241740854800000 2618100
LATENCY 3022000
TIMELINE 3 1427 241740901962300 3022000
LATENCY 3021100
TIMELINE 3 1443 241740950683500 3021100
LATENCY 2623600
TIMELINE 3 1459 241740995400200 2623600
LATENCY 2788900
TIMELINE 3 1475 241741048010300 2788900
LATENCY 2983400
TIMELINE 3 1491 241741094352700 2983400
LATENCY 2943800
TIMELINE 3 1507 241741141802600 2943800
LATENCY 2733000
TIMELINE 3 1523 241741185910500 2733000
LATENCY 2747000
TIMELINE 3 1539 241741230220500 2747000
LATENCY 3137100
TIMELINE 3 1555 241741274484800 3137100
LATENCY 2733500
TIMELINE 3 1571 241741323523300 2733500
LATENCY 2838500
TIMELINE 3 1587 241741371582100 2838500
LATENCY 3052800
TIMELINE 3 1603 241741426443700 3052800
LATENCY 2747000
TIMELINE 3 1619 241741474264100 2747000
LATENCY 3086100
TIMELINE 3 1635 241741520699100 3086100
LATENCY 2694500
TIMELINE 3 1651 241741566700400 2694500
LATENCY 2892300
TIMELINE 3 1667 241741614418700 2892300
LATENCY 2980800
TIMELINE 3 1683 241741661438100 2980800
LATENCY 2734500
TIMELINE 3 1699 241741712465000 2734500
LATENCY 2951800
TIMELINE 3 1715 241741756285300 2951800
LATENCY 2962200
TIMELINE 3 1731 241741808512300 2962200
LATENCY 2779800
TIMELINE 3 1747 241741857635800 2779800
LATENCY 2766300
TIMELINE 3 1763 241741902920900 2766300
LATENCY 2636000
TIMELINE 3 1779 241741945558900 2636000
LATENCY 3012200
TIMELINE 3 1795 241741991433400 3012200
LATENCY 2966200
TIMELINE 3 1811 241742038043600 2966200
LATENCY 2585500
TIMELINE 3 1827 241742081073900 2585500
LATENCY 2770100
TIMELINE 3 1843 241742125270200 2770100
LATENCY 2954600
TIMELINE 3 1859 241742172740800 2954600
LATENCY 2793100
TIMELINE 3 1875 241742223539900 2793100
LATENCY 2775000
TIMELINE 3 1891 241742268942500 2775000
LATENCY 2736400
TIMELINE 3 1907 241742312990600 2736400
LATENCY 2647500
TIMELINE 3 1923 241742357413100 2647500
LATENCY 2707100
TIMELINE 3 1939 241742403221900 2707100
LATENCY 2738300
TIMELINE 3 1955 241742446016400 2738300
LATENCY 2716600
TIMELINE 3 1971 241742490193900 2716600
LATENCY 2945900
TIMELINE 3 1987 241742540646100 2945900
LATENCY 3027800
TIMELINE 3 2003 241742594332500 3027800
LATENCY 2575300
TIMELINE 3 2019 241742640109700 2575300
LATENCY 2712400
TIMELINE 3 2035 241742684455400 2712400
LATENCY 2382000
TIMELINE 4 4 241737467155700 2382000
LATENCY 2207800
TIMELINE 4 20 241737505784600 2207800
LATENCY 2178500
TIMELINE 4 36 241737541911400 2178500
LATENCY 2140800
TIMELINE 4 52 241737576913600 2140800
LATENCY 2183900
TIMELINE 4 68 241737611837900 2183900
LATENCY 2178700
TIMELINE 4 84 241737646925600 2178700
LATENCY 2300100
TIMELINE 4 100 241737681976900 2300100
LATENCY 2289400
TIMELINE 4 116 241737718840200 2289400
LATENCY 2299700
TIMELINE 4 132 241737774730600 2299700
LATENCY 2271000
TIMELINE 4 148 241737811518700 2271000
LATENCY 2135200
TIMELINE 4 164 241737847146200 2135200
LATENCY 2148100
TIMELINE 4 180 241737881883500 2148100
LATENCY 2307900
TIMELINE 4 196 241737918085100 2307900
LATENCY 2409200
TIMELINE 4 212 241737954849200 2409200
LATENCY 2232400
TIMELINE 4 228 241737989974000 2232400
LATENCY 2268900
TIMELINE 4 244 241738026369000 2268900
LATENCY 2622000
TIMELINE 4 260 241738080435300 2622000
LATENCY 2190900
TIMELINE 4 276 241738116580700 2190900
LATENCY 2183800
TIMELINE 4 292 241738151556400 2183800
LATENCY 2183400
TIMELINE 4 308 241738186379300 2183400
LATENCY 2228600
TIMELINE 4 324 241738220385400 2228600
LATENCY 2196600
TIMELINE 4 340 241738254992800 2196600
LATENCY 2190900
TIMELINE 4 356 241738290906000 2190900
LATENCY 2232400
TIMELINE 4 372 241738326912200 2232400
LATENCY 2158500
TIMELINE 4 388 241738362921400 2158500
LATENCY 2208300
TIMELINE 4 404 241738415936100 2208300
LATENCY 2161600
TIMELINE 4 420 241738450992000 2161600
LATENCY 2173900
TIMELINE 4 436 241738485637900 2173900
LATENCY 2308200
TIMELINE 4 452 241738520812500 2308200
LATENCY 2388100
TIMELINE 4 468 241738556857600 2388100
LATENCY 2284700
TIMELINE 4 484 241738592607000 2284700
LATENCY 2270900
TIMELINE 4 500 241738628249700 2270900
LATENCY 2392300
TIMELINE 4 516 241738664040700 2392300
LATENCY 2135800
TIMELINE 4 532 241738718135900 2135800
LATENCY 2474800
TIMELINE 4 548 241738752777800 2474800
LATENCY 2123700
TIMELINE 4 564 241738787200000 2123700
LATENCY 2437300
TIMELINE 4 580 241738821984000 2437300
LATENCY 2139800
TIMELINE 4 596 241738857082100 2139800
LATENCY 2104000
TIMELINE 4 612 241738891592800 2104000
LATENCY 2190600
TIMELINE 4 628 241738926515900 2190600
LATENCY 2338800
TIMELINE 4 644 241738962750900 2338800
LATENCY 2565400
TIMELINE 4 660 241739017589900 2565400
LATENCY 2128600
TIMELINE 4 676 241739053455600 2128600
LATENCY 2267900
TIMELINE 4 692 241739087651900 2267900
LATENCY 2298200
TIMELINE 4 708 241739122415000 2298200
LATENCY 2207900
TIMELINE 4 724 241739158822000 2207900
LATENCY 2281800
TIMELINE 4 740 241739193881900 2281800
LATENCY 2204700
TIMELINE 4 756 241739229892900 2204700
LATENCY 2319900
TIMELINE 4 772 241739265514000 2319900
LATENCY 2259000
TIMELINE 4 788 241739301364000 2259000
LATENCY 2264400
TIMELINE 4 804 241739357531600 2264400
LATENCY 2279800
TIMELINE 4 820 241739393209300 2279800
LATENCY 2170000
TIMELINE 4 836 241739429071500 2170000
LATENCY 2213600
TIMELINE 4 852 241739464699900 2213600
LATENCY 2211300
TIMELINE 4 868 241739499522000 2211300
LATENCY 2106200
TIMELINE 4 884 241739533796300 2106200
LATENCY 2275600
TIMELINE 4 900 241739568803000 2275600
LATENCY 2206700
TIMELINE 4 916 241739604532200 2206700
LATENCY 2177600
TIMELINE 4 932 241739659055200 2177600
LATENCY 2153900
TIMELINE 4 948 241739693684700 2153900
LATENCY 2141000
TIMELINE 4 964 241739727990200 2141000
LATENCY 2128200
TIMELINE 4 980 241739762962000 2128200
LATENCY 2173300
TIMELINE 4 996 241739797189300 2173300
LATENCY 2315300
TIMELINE 4 1012 241739834242900 2315300
LATENCY 2195100
TIMELINE 4 1028 241739869521700 2195100
LATENCY 2404400
TIMELINE 4 1044 241739904407200 2404400
LATENCY 8162300
TIMELINE 4 1060 241739940465300 8162300
LATENCY 2132100
TIMELINE 4 1076 241739981402300 2132100
LATENCY 2200800
TIMELINE 4 1092 241740016827700 2200800
LATENCY 2169200
TIMELINE 4 1108 241740052401900 2169200
LATENCY 2213200
TIMELINE 4 1124 241740087522400 2213200
LATENCY 2261700
TIMELINE 4 1140 241740123578600 2261700
LATENCY 2245000
TIMELINE 4 1156 241740159219200 2245000
LATENCY 2134900
TIMELINE 4 1172 241740194632500 2134900
LATENCY 2160300
TIMELINE 4 1188 241740229210300 2160300
LATENCY 2134800
TIMELINE 4 1204 241740269734100 2134800
LATENCY 2161600
TIMELINE 4 1220 241740304019600 2161600
LATENCY 2603300
TIMELINE 4 1236 241740340713400 2603300
LATENCY 2910700
TIMELINE 4 1252 241740388879900 2910700
LATENCY 2777500
TIMELINE 4 1268 241740436902400 2777500
LATENCY 3145500
TIMELINE 4 1284 241740481503000 3145500
LATENCY 2838600
TIMELINE 4 1300 241740529076100 2838600
LATENCY 2973800
TIMELINE 4 1316 241740578092700 2973800
LATENCY 3242500
TIMELINE 4 1332 241740631678300 3242500
LATENCY 2640900
TIMELINE 4 1348 241740681075500 2640900
LATENCY 2808000
TIMELINE 4 1364 241740724733300 2808000
LATENCY 2750900
TIMELINE 4 1380 241740769990200 2750900
LATENCY 2705900
TIMELINE 4 1396 241740814183800 2705900
LATENCY 2619900
TIMELINE 4 1412 241740856201400 2619900
LATENCY 2992700
TIMELINE 4 1428 241740903572400 2992700
LATENCY 3042300
TIMELINE 4 1444 241740952299100 3042300
LATENCY 10605200
TIMELINE 4 1460 241740996612400 10605200
LATENCY 2947800
TIMELINE 4 1476 241741050597700 2947800
LATENCY 2942500
TIMELINE 4 1492 241741097090500 2942500
LATENCY 2915100
TIMELINE 4 1508 241741144543800 2915100
LATENCY 2769500
TIMELINE 4 1524 241741188468900 2769500
LATENCY 2731800
TIMELINE 4 1540 241741232771700 2731800
LATENCY 4874300
TIMELINE 4 1556 241741277406000 4874300
LATENCY 3081300
TIMELINE 4 1572 241741326209600 3081300
LATENCY 3105900
TIMELINE 4 1588 241741374380600 3105900
LATENCY 3066300
TIMELINE 4 1604 241741429453300 3066300
LATENCY 2853400
TIMELINE 4 1620 241741476977000 2853400
LATENCY 3093300
TIMELINE 4 1636 241741523746400 3093300
LATENCY 2679500
TIMELINE 4 1652 241741569488700 2679500
LATENCY 2992800
TIMELINE 4 1668 241741617441000 2992800
LATENCY 2953300
TIMELINE 4 1684 241741664543100 2953300
LATENCY 2713400
TIMELINE 4 1700 241741715241100 2713400
LATENCY 3053300
TIMELINE 4 1716 241741759279500 3053300
LATENCY 3062300
TIMELINE 4 1732 241741811530500 3062300
LATENCY 2725700
TIMELINE 4 1748 241741860480600 2725700
LATENCY 2800100
TIMELINE 4 1764 241741905751200 2800100
LATENCY 2652800
TIMELINE 4 1780 241741948270500 2652800
LATENCY 2944500
TIMELINE 4 1796 241741994528300 2944500
LATENCY 2845300
TIMELINE 4 1812 241742041093300 2845300
LATENCY 2623700
TIMELINE 4 1828 241742083731000 2623700
LATENCY 2871900
TIMELINE 4 1844 241742128112200 2871900
LATENCY 8650400
TIMELINE 4 1860 241742175733800 8650400
LATENCY 2753600
TIMELINE 4 1876 241742226386100 2753600
LATENCY 2802300
TIMELINE 4 1892 241742271766400 2802300
LATENCY 3040600
TIMELINE 4 1908 241742315788000 3040600
LATENCY 2885600
TIMELINE 4 1924 241742360030300 2885600
LATENCY 2711400
TIMELINE 4 1940 241742405881600 2711400
LATENCY 2736600
TIMELINE 4 1956 241742448723000 2736600
LATENCY 2788000
TIMELINE 4 1972 241742492868700 2788000
LATENCY 2825900
TIMELINE 4 1988 241742543553300 2825900
LATENCY 3054100
TIMELINE 4 2004 241742597314700 3054100
LATENCY 2571000
TIMELINE 4 2020 241742642653500 2571000
LATENCY 2670300
TIMELINE 4 2036 241742687136800 2670300
LATENCY 2390600
TIMELINE 5 5 241737467037900 2390600
LATENCY 2208000
TIMELINE 5 21 241737505499700 2208000
LATENCY 2189100
TIMELINE 5 37 241737541671300 2189100
LATENCY 2149500
TIMELINE 5 53 241737576604000 2149500
LATENCY 2183100
TIMELINE 5 69 241737611475500 2183100
LATENCY 2190500
TIMELINE 5 85 241737647042000 2190500
LATENCY 2309100
TIMELINE 5 101 241737682091000 2309100
LATENCY 2273800
TIMELINE 5 117 241737718724800 2273800
LATENCY 2282300
TIMELINE 5 133 241737774675600 2282300
LATENCY 2266300
TIMELINE 5 149 241737811488000 2266300
LATENCY 2130700
TIMELINE 5 165 241737847117200 2130700
LATENCY 2151100
TIMELINE 5 181 241737881914100 2151100
LATENCY 2307400
TIMELINE 5 197 241737918117400 2307400
LATENCY 2412800
TIMELINE 5 213 241737954813400 2412800
LATENCY 2230500
TIMELINE 5 229 241737989943300 2230500
LATENCY 2273900
TIMELINE 5 245 241738026428600 2273900
LATENCY 2612000
TIMELINE 5 261 241738080504200 2612000
LATENCY 2180400
TIMELINE 5 277 241738117056100 2180400
LATENCY 2173600
TIMELINE 5 293 241738152312100 2173600
LATENCY 2194100
TIMELINE 5 309 241738187144900 2194100
LATENCY 2064800
TIMELINE 5 325 241738221262700 2064800
LATENCY 2177700
TIMELINE 5 341 241738255783100 2177700
LATENCY 2195900
TIMELINE 5 357 241738291535500 2195900
LATENCY 2321800
TIMELINE 5 373 241738327594300 2321800
LATENCY 2086200
TIMELINE 5 389 241738363913900 2086200
LATENCY 2228300
TIMELINE 5 405 241738416913600 2228300
LATENCY 2112900
TIMELINE 5 421 241738452061400 2112900
LATENCY 2151400
TIMELINE 5 437 241738486707600 2151400
LATENCY 2457500
TIMELINE 5 453 241738521927700 2457500
LATENCY 2315200
TIMELINE 5 469 241738558098000 2315200
LATENCY 2187600
TIMELINE 5 485 241738593810600 2187600
LATENCY 2296200
TIMELINE 5 501 241738629468500 2296200
LATENCY 2422200
TIMELINE 5 517 241738665080800 2422200
LATENCY 2131500
TIMELINE 5 533 241738719132600 2131500
LATENCY 2296400
TIMELINE 5 549 241738753954600 2296400
LATENCY 2136900
TIMELINE 5 565 241738788092900 2136900
LATENCY 2521800
TIMELINE 5 581 241738823034500 2521800
LATENCY 2164000
TIMELINE 5 597 241738858022400 2164000
LATENCY 2121900
TIMELINE 5 613 241738892515400 2121900
LATENCY 2258000
TIMELINE 5 629 241738927601300 2258000
LATENCY 2320700
TIMELINE 5 645 241738963916500 2320700
LATENCY 2556600
TIMELINE 5 661 241739019157000 2556600
LATENCY 2128500
TIMELINE 5 677 241739054790500 2128500
LATENCY 2157900
TIMELINE 5 693 241739089104100 2157900
LATENCY 2362200
TIMELINE 5 709 241739123904400 2362200
LATENCY 2212300
TIMELINE 5 725 241739160302600 2212300
LATENCY 2245300
TIMELINE 5 741 241739195544800 2245300
LATENCY 2170600
TIMELINE 5 757 241739231473700 2170600
LATENCY 2249900
TIMELINE 5 773 241739267350100 2249900
LATENCY 2274100
TIMELINE 5 789 241739303208700 2274100
LATENCY 2257600
TIMELINE 5 805 241739359101200 2257600
LATENCY 2320900
TIMELINE 5 821 241739394743000 2320900
LATENCY 2176400
TIMELINE 5 837 241739430521900 2176400
LATENCY 2270500
TIMELINE 5 853 241739466282100 2270500
LATENCY 2192200
TIMELINE 5 869 241739500976800 2192200
LATENCY 2152500
TIMELINE 5 885 241739535138200 2152500
LATENCY 2213300
TIMELINE 5 901 241739570346500 2213300
LATENCY 2215400
TIMELINE 5 917 241739605985400 2215400
LATENCY 2134300
TIMELINE 5 933 241739660517300 2134300
LATENCY 2124700
TIMELINE 5 949 241739695055100 2124700
LATENCY 2122700
TIMELINE 5 965 241739729408900 2122700
LATENCY 2154000
TIMELINE 5 981 241739764344100 2154000
LATENCY 2088600
TIMELINE 5 997 241739798624100 2088600
LATENCY 2187600
TIMELINE 5 1013 241739835789000 2187600
LATENCY 2206800
TIMELINE 5 1029 241739871002400 2206800
LATENCY 2407800
TIMELINE 5 1045 241739905941600 2407800
LATENCY 2342100
TIMELINE 5 1061 241739947776900 2342100
LATENCY 2212600
TIMELINE 5 1077 241739982774200 2212600
LATENCY 2201900
TIMELINE 5 1093 241740018213900 2201900
LATENCY 2158900
TIMELINE 5 1109 241740053755000 2158900
LATENCY 2181400
TIMELINE 5 1125 241740088707700 2181400
LATENCY 2249300
TIMELINE 5 1141 241740124772800 2249300
LATENCY 2265100
TIMELINE 5 1157 241740160434900 2265100
LATENCY 2111300
TIMELINE 5 1173 241740195692500 2111300
LATENCY 2159900
TIMELINE 5 1189 241740230333800 2159900
LATENCY 2136900
TIMELINE 5 1205 241740270826700 2136900
LATENCY 2155600
TIMELINE 5 1221 241740305170400 2155600
LATENCY 2650300
TIMELINE 5 1237 241740342064000 2650300
LATENCY 2664500
TIMELINE 5 1253 241740390449100 2664500
LATENCY 2563500
TIMELINE 5 1269 241740438372400 2563500
LATENCY 3049300
TIMELINE 5 1285 241740483188000 3049300
LATENCY 2867000
TIMELINE 5 1301 241740530573300 2867000
LATENCY 2985300
TIMELINE 5 1317 241740579630300 2985300
LATENCY 3182800
TIMELINE 5 1333 241740633342100 3182800
LATENCY 2673100
TIMELINE 5 1349 241740682685800 2673100
LATENCY 2736700
TIMELINE 5 1365 241740726484400 2736700
LATENCY 2759500
TIMELINE 5 1381 241740771547000 2759500
LATENCY 2686600
TIMELINE 5 1397 241740815637700 2686600
LATENCY 2610800
TIMELINE 5 1413 241740857635100 2610800
LATENCY 3011700
TIMELINE 5 1429 241740905225100 3011700
LATENCY 3045200
TIMELINE 5 1445 241740953966100 3045200
LATENCY 2834300
TIMELINE 5 1461 241741005824600 2834300
LATENCY 2949400
TIMELINE 5 1477 241741050638400 2949400
LATENCY 2941100
TIMELINE 5 1493 241741097051800 2941100
LATENCY 2903600
TIMELINE 5 1509 241741144504700 2903600
LATENCY 2771900
TIMELINE 5 1525 241741188430700 2771900
LATENCY 2722000
TIMELINE 5 1541 241741232696100 2722000
LATENCY 4887600
TIMELINE 5 1557 241741277315500 4887600
LATENCY 3108100
TIMELINE 5 1573 241741326013900 3108100
LATENCY 3115600
TIMELINE 5 1589 241741374207300 3115600
LATENCY 3062300
TIMELINE 5 1605 241741429281100 3062300
LATENCY 2829500
TIMELINE 5 1621 241741476836400 2829500
LATENCY 3098000
TIMELINE 5 1637 241741523569300 3098000
LATENCY 2697700
TIMELINE 5 1653 241741569329400 2697700
LATENCY 2994000
TIMELINE 5 1669 241741617229900 2994000
LATENCY 2946500
TIMELINE 5 1685 241741664338800 2946500
LATENCY 2722500
TIMELINE 5 1701 241741715122700 2722500
LATENCY 3066500
TIMELINE 5 1717 241741759149500 3066500
LATENCY 3094200
TIMELINE 5 1733 241741811368700 3094200
LATENCY 2714300
TIMELINE 5 1749 241741860383100 2714300
LATENCY 2800700
TIMELINE 5 1765 241741905638600 2800700
LATENCY 2660300
TIMELINE 5 1781 241741948163900 2660300
LATENCY 2946800
TIMELINE 5 1797 241741994404200 2946800
LATENCY 2858800
TIMELINE 5 1813 241742040966000 2858800
LATENCY 2609500
TIMELINE 5 1829 241742083627000 2609500
LATENCY 2853400
TIMELINE 5 1845 241742128001100 2853400
LATENCY 8646600
TIMELINE 5 1861 241742175629100 8646600
LATENCY 2772100
TIMELINE 5 1877 241742226257100 2772100
LATENCY 2799200
TIMELINE 5 1893 241742271640500 2799200
LATENCY 2926400
TIMELINE 5 1909 241742315632900 2926400
LATENCY 2836700
TIMELINE 5 1925 241742359777200 2836700
LATENCY 2717900
TIMELINE 5 1941 241742405683200 2717900
LATENCY 2742600
TIMELINE 5 1957 241742448527100 2742600
LATENCY 2784600
TIMELINE 5 1973 241742492681300 2784600
LATENCY 2842700
TIMELINE 5 1989 241742543346600 2842700
LATENCY 3035400
TIMELINE 5 2005 241742597159500 3035400
LATENCY 2570600
TIMELINE 5 2021 241742642506300 2570600
LATENCY 2685200
TIMELINE 5 2037 241742687014100 2685200
LATENCY 3022200
TIMELINE 6 6 241737471859300 3022200
LATENCY 2333500
TIMELINE 6 22 241737510187600 2333500
LATENCY 2187800
TIMELINE 6 38 241737546388100 2187800
LATENCY 2136700
TIMELINE 6 54 241737581336000 2136700
LATENCY 2158400
TIMELINE 6 70 241737616226100 2158400
LATENCY 2192800
TIMELINE 6 86 241737651648400 2192800
LATENCY 2422700
TIMELINE 6 102 241737686819400 2422700
LATENCY 2275300
TIMELINE 6 118 241737723578800 2275300
LATENCY 2253300
TIMELINE 6 134 241737779484400 2253300
LATENCY 2204600
TIMELINE 6 150 241737816272800 2204600
LATENCY 2154400
TIMELINE 6 166 241737851588300 2154400
LATENCY 2136000
TIMELINE 6 182 241737886409700 2136000
LATENCY 2423700
TIMELINE 6 198 241737922930300 2423700
LATENCY 2215000
TIMELINE 6 214 241737959580000 2215000
LATENCY 2286600
TIMELINE 6 230 241737994510800 2286600
LATENCY 2340400
TIMELINE 6 246 241738030966500 2340400
LATENCY 2252600
TIMELINE 6 262 241738085470500 2252600
LATENCY 2237800
TIMELINE 6 278 241738121347800 2237800
LATENCY 2112800
TIMELINE 6 294 241738156579900 2112800
LATENCY 2125900
TIMELINE 6 310 241738191440200 2125900
LATENCY 2085000
TIMELINE 6 326 241738225385400 2085000
LATENCY 2240900
TIMELINE 6 342 241738260129000 2240900
LATENCY 2268300
TIMELINE 6 358 241738295880200 2268300
LATENCY 2274700
TIMELINE 6 374 241738332215400 2274700
LATENCY 2174800
TIMELINE 6 390 241738368072500 2174800
LATENCY 2201800
TIMELINE 6 406 241738421318900 2201800
LATENCY 2296100
TIMELINE 6 422 241738456268900 2296100
LATENCY 2274500
TIMELINE 6 438 241738491017400 2274500
LATENCY 2260100
TIMELINE 6 454 241738526521400 2260100
LATENCY 2225200
TIMELINE 6 470 241738562487700 2225200
LATENCY 2347800
TIMELINE 6 486 241738597974400 2347800
LATENCY 2245500
TIMELINE 6 502 241738633704200 2245500
LATENCY 2123500
TIMELINE 6 518 241738669574600 2123500
LATENCY 2235000
TIMELINE 6 534 241738723337900 2235000
LATENCY 2118300
TIMELINE 6 550 241738758305600 2118300
LATENCY 2226400
TIMELINE 6 566 241738792310200 2226400
LATENCY 2212600
TIMELINE 6 582 241738827738200 2212600
LATENCY 2162300
TIMELINE 6 598 241738862237500 2162300
LATENCY 2253400
TIMELINE 6 614 241738896704100 2253400
LATENCY 2161700
TIMELINE 6 630 241738931825200 2161700
LATENCY 2165600
TIMELINE 6 646 241738967602700 2165600
LATENCY 2594400
TIMELINE 6 662 241739022877600 2594400
LATENCY 2125800
TIMELINE 6 678 241739058274100 2125800
LATENCY 2122900
TIMELINE 6 694 241739092660800 2122900
LATENCY 2401500
TIMELINE 6 710 241739127807500 2401500
LATENCY 2160900
TIMELINE 6 726 241739163938700 2160900
LATENCY 2275400
TIMELINE 6 742 241739199135300 2275400
LATENCY 2172500
TIMELINE 6 758 241739234998700 2172500
LATENCY 2278600
TIMELINE 6 774 241739270845000 2278600
LATENCY 2190200
TIMELINE 6 790 241739306896200 2190200
LATENCY 2131700
TIMELINE 6 806 241739362878300 2131700
LATENCY 2235800
TIMELINE 6 822 241739398120900 2235800
LATENCY 2283500
TIMELINE 6 838 241739433851900 2283500
LATENCY 2174800
TIMELINE 6 854 241739469764100 2174800
LATENCY 2123200
TIMELINE 6 870 241739504644500 2123200
LATENCY 2111500
TIMELINE 6 886 241739538757600 2111500
LATENCY 2187000
TIMELINE 6 902 241739574031700 2187000
LATENCY 2124000
TIMELINE 6 918 241739609623100 2124000
LATENCY 2128000
TIMELINE 6 934 241739664012500 2128000
LATENCY 2144000
TIMELINE 6 950 241739698510900 2144000
LATENCY 2177800
TIMELINE 6 966 241739732811000 2177800
LATENCY 2133600
TIMELINE 6 982 241739767835400 2133600
LATENCY 2142000
TIMELINE 6 998 241739802339900 2142000
LATENCY 2133800
TIMELINE 6 1014 241739839174200 2133800
LATENCY 2110500
TIMELINE 6 1030 241739874410600 2110500
LATENCY 2271100
TIMELINE 6 1046 241739909740400 2271100
LATENCY 2285600
TIMELINE 6 1062 241739951463900 2285600
LATENCY 2131000
TIMELINE 6 1078 241739986256200 2131000
LATENCY 2245900
TIMELINE 6 1094 241740021805800 2245900
LATENCY 2184900
TIMELINE 6 1110 241740057264300 2184900
LATENCY 2254000
TIMELINE 6 1126 241740092267700 2254000
LATENCY 2204400
TIMELINE 6 1142 241740128518600 2204400
LATENCY 2210900
TIMELINE 6 1158 241740164246000 2210900
LATENCY 2158300
TIMELINE 6 1174 241740199226300 2158300
LATENCY 2291700
TIMELINE 6 1190 241740234014400 2291700
LATENCY 2111000
TIMELINE 6 1206 241740274579800 2111000
LATENCY 2117400
TIMELINE 6 1222 241740308874200 2117400
LATENCY 2785600
TIMELINE 6 1238 241740346688900 2785600
LATENCY 2926000
TIMELINE 6 1254 241740395299700 2926000
LATENCY 2837600
TIMELINE 6 1270 241740443182200 2837600
LATENCY 3102800
TIMELINE 6 1286 241740488558600 3102800
LATENCY 2825500
TIMELINE 6 1302 241740535548900 2825500
LATENCY 2953300
TIMELINE 6 1318 241740584722600 2953300
LATENCY 3067700
TIMELINE 6 1334 241740638774300 3067700
LATENCY 2786000
TIMELINE 6 1350 241740687131500 2786000
LATENCY 2773300
TIMELINE 6 1366 241740730973700 2773300
LATENCY 2757000
TIMELINE 6 1382 241740776678600 2757000
LATENCY 2613000
TIMELINE 6 1398 241740820630500 2613000
LATENCY 2612700
TIMELINE 6 1414 241740862583800 2612700
LATENCY 3098100
TIMELINE 6 1430 241740910880700 3098100
LATENCY 2645100
TIMELINE 6 1446 241740959631300 2645100
LATENCY 3002100
TIMELINE 6 1462 241741012084100 3002100
LATENCY 2930800
TIMELINE 6 1478 241741056182900 2930800
LATENCY 2961400
TIMELINE 6 1494 241741102633800 2961400
LATENCY 2924200
TIMELINE 6 1510 241741149947400 2924200
LATENCY 2713100
TIMELINE 6 1526 241741193567900 2713100
LATENCY 2704300
TIMELINE 6 1542 241741237829500 2704300
LATENCY 2772800
TIMELINE 6 1558 241741284769200 2772800
LATENCY 2984700
TIMELINE 6 1574 241741331877100 2984700
LATENCY 3081000
TIMELINE 6 1590 241741380194400 3081000
LATENCY 3065100
TIMELINE 6 1606 241741435270200 3065100
LATENCY 2749700
TIMELINE 6 1622 241741482351000 2749700
LATENCY 2850700
TIMELINE 6 1638 241741529486100 2850700
LATENCY 2788300
TIMELINE 6 1654 241741574433600 2788300
LATENCY 2905700
TIMELINE 6 1670 241741622848500 2905700
LATENCY 2955600
TIMELINE 6 1686 241741670003100 2955600
LATENCY 2731400
TIMELINE 6 1702 241741720290400 2731400
LATENCY 3066800
TIMELINE 6 1718 241741765034600 3066800
LATENCY 3438400
TIMELINE 6 1734 241741817510000 3438400
LATENCY 2748200
TIMELINE 6 1750 241741865623200 2748200
LATENCY 2650500
TIMELINE 6 1766 241741910959300 2650500
LATENCY 2661500
TIMELINE 6 1782 241741953297200 2661500
LATENCY 2974600
TIMELINE 6 1798 241742000059100 2974600
LATENCY 2833600
TIMELINE 6 1814 241742046243500 2833600
LATENCY 2870700
TIMELINE 6 1830 241742088580200 2870700
LATENCY 2985000
TIMELINE 6 1846 241742133587100 2985000
LATENCY 2748400
TIMELINE 6 1862 241742186794800 2748400
LATENCY 2755800
TIMELINE 6 1878 241742231617200 2755800
LATENCY 2741900
TIMELINE 6 1894 241742277276900 2741900
LATENCY 2728100
TIMELINE 6 1910 241742321053800 2728100
LATENCY 2934700
TIMELINE 6 1926 241742365311800 2934700
LATENCY 2637000
TIMELINE 6 1942 241742410817600 2637000
LATENCY 2715200
TIMELINE 6 1958 241742453776600 2715200
LATENCY 3689000
TIMELINE 6 1974 241742497965000 3689000
LATENCY 2872800
TIMELINE 6 1990 241742548717100 2872800
LATENCY 5172200
TIMELINE 6 2006 241742603028300 5172200
LATENCY 2675800
TIMELINE 6 2022 241742647536700 2675800
LATENCY 2662000
TIMELINE 6 2038 241742692012500 2662000
LATENCY 2597200
TIMELINE 7 7 241737474846800 2597200
LATENCY 2506600
TIMELINE 7 23 241737512450700 2506600
LATENCY 2149000
TIMELINE 7 39 241737548311300 2149000
LATENCY 2265400
TIMELINE 7 55 241737583202600 2265400
LATENCY 2147900
TIMELINE 7 71 241737618084400 2147900
LATENCY 2192300
TIMELINE 7 87 241737653750300 2192300
LATENCY 2345200
TIMELINE 7 103 241737689147100 2345200
LATENCY 2271000
TIMELINE 7 119 241737725790900 2271000
LATENCY 2393900
TIMELINE 7 135 241737781644800 2393900
LATENCY 2256800
TIMELINE 7 151 241737818349600 2256800
LATENCY 2241200
TIMELINE 7 167 241737853628400 2241200
LATENCY 2392700
TIMELINE 7 183 241737888438700 2392700
LATENCY 2219100
TIMELINE 7 199 241737925226400 2219100
LATENCY 2179300
TIMELINE 7 215 241737961624300 2179300
LATENCY 2251700
TIMELINE 7 231 241737996577900 2251700
LATENCY 2289300
TIMELINE 7 247 241738033091800 2289300
LATENCY 2219400
TIMELINE 7 263 241738087469700 2219400
LATENCY 2207600
TIMELINE 7 279 241738123394500 2207600
LATENCY 2121800
TIMELINE 7 295 241738158317300 2121800
LATENCY 2115300
TIMELINE 7 311 241738193171000 2115300
LATENCY 2075900
TIMELINE 7 327 241738227065700 2075900
LATENCY 2198300
TIMELINE 7 343 241738261952000 2198300
LATENCY 2221900
TIMELINE 7 359 241738297891100 2221900
LATENCY 2172800
TIMELINE 7 375 241738334258700 2172800
LATENCY 2100400
TIMELINE 7 391 241738370046000 2100400
LATENCY 2131400
TIMELINE 7 407 241738423276000 2131400
LATENCY 2344000
TIMELINE 7 423 241738458271200 2344000
LATENCY 2339400
TIMELINE 7 439 241738492965500 2339400
LATENCY 2251800
TIMELINE 7 455 241738528571600 2251800
LATENCY 2222600
TIMELINE 7 471 241738564507800 2222600
LATENCY 2263700
TIMELINE 7 487 241738600136000 2263700
LATENCY 2231000
TIMELINE 7 503 241738635781200 2231000
LATENCY 2140700
TIMELINE 7 519 241738671487800 2140700
LATENCY 2294400
TIMELINE 7 535 241738725334500 2294400
LATENCY 2054000
TIMELINE 7 551 241738760193700 2054000
LATENCY 2143500
TIMELINE 7 567 241738794311600 2143500
LATENCY 2173300
TIMELINE 7 583 241738829663100 2173300
LATENCY 2154100
TIMELINE 7 599 241738864085300 2154100
LATENCY 2125300
TIMELINE 7 615 241738898651100 2125300
LATENCY 2191500
TIMELINE 7 631 241738933610900 2191500
LATENCY 2196700
TIMELINE 7 647 241738969171300 2196700
LATENCY 2539600
TIMELINE 7 663 241739024748400 2539600
LATENCY 2108900
TIMELINE 7 679 241739059680200 2108900
LATENCY 2127600
TIMELINE 7 695 241739094072900 2127600
LATENCY 2300200
TIMELINE 7 711 241739129392500 2300200
LATENCY 2301700
TIMELINE 7 727 241739165374900 2301700
LATENCY 2217500
TIMELINE 7 743 241739200794800 2217500
LATENCY 2070000
TIMELINE 7 759 241739236549200 2070000
LATENCY 2282500
TIMELINE 7 775 241739272309600 2282500
LATENCY 2383400
TIMELINE 7 791 241739308124700 2383400
LATENCY 2234500
TIMELINE 7 807 241739364164800 2234500
LATENCY 2385700
TIMELINE 7 823 241739399688100 2385700
LATENCY 2356000
TIMELINE 7 839 241739435526700 2356000
LATENCY 2281800
TIMELINE 7 855 241739471398300 2281800
LATENCY 2116000
TIMELINE 7 871 241739505969100 2116000
LATENCY 2127900
TIMELINE 7 887 241739540105700 2127900
LATENCY 2200200
TIMELINE 7 903 241739575419000 2200200
LATENCY 2112600
TIMELINE 7 919 241739610953700 2112600
LATENCY 2143800
TIMELINE 7 935 241739665454200 2143800
LATENCY 2111300
TIMELINE 7 951 241739700069700 2111300
LATENCY 2158200
TIMELINE 7 967 241739734302400 2158200
LATENCY 2112400
TIMELINE 7 983 241739769708500 2112400
LATENCY 2112400
TIMELINE 7 999 241739803935300 2112400
LATENCY 2326300
TIMELINE 7 1015 241739841104500 2326300
LATENCY 2144000
TIMELINE 7 1031 241739876330200 2144000
LATENCY 2213500
TIMELINE 7 1047 241739911861400 2213500
LATENCY 2317600
TIMELINE 7 1063 241739953475200 2317600
LATENCY 2108000
TIMELINE 7 1079 241739988153900 2108000
LATENCY 2237100
TIMELINE 7 1095 241740023600500 2237100
LATENCY 2163800
TIMELINE 7 1111 241740059018700 2163800
LATENCY 2371000
TIMELINE 7 1127 241740094121500 2371000
LATENCY 2208800
TIMELINE 7 1143 241740130242700 2208800
LATENCY 2205700
TIMELINE 7 1159 241740165959000 2205700
LATENCY 2129900
TIMELINE 7 1175 241740201002600 2129900
LATENCY 2447400
TIMELINE 7 1191 241740235087200 2447400
LATENCY 2116600
TIMELINE 7 1207 241740275568900 2116600
LATENCY 2142600
TIMELINE 7 1223 241740309867800 2142600
LATENCY 3064200
TIMELINE 7 1239 241740347894400 3064200
LATENCY 2924300
TIMELINE 7 1255 241740396642500 2924300
LATENCY 2935800
TIMELINE 7 1271 241740444372100 2935800
LATENCY 3032100
TIMELINE 7 1287 241740489915600 3032100
LATENCY 2827000
TIMELINE 7 1303 241740536818300 2827000
LATENCY 2917100
TIMELINE 7 1319 241740586076300 2917100
LATENCY 3093100
TIMELINE 7 1335 241740640138100 3093100
LATENCY 2809700
TIMELINE 7 1351 241740688423400 2809700
LATENCY 2793500
TIMELINE 7 1367 241740732251400 2793500
LATENCY 2774200
TIMELINE 7 1383 241740777603000 2774200
LATENCY 2602100
TIMELINE 7 1399 241740821489000 2602100
LATENCY 2798300
TIMELINE 7 1415 241740863427100 2798300
LATENCY 3086300
TIMELINE 7 1431 241740911874500 3086300
LATENCY 2763000
TIMELINE 7 1447 241740960434100 2763000
LATENCY 2661400
TIMELINE 7 1463 241741017217300 2661400
LATENCY 2936200
TIMELINE 7 1479 241741061360200 2936200
LATENCY 2981800
TIMELINE 7 1495 241741107828000 2981800
LATENCY 2743900
TIMELINE 7 1511 241741155008400 2743900
LATENCY 2743000
TIMELINE 7 1527 241741198476800 2743000
LATENCY 2765900
TIMELINE 7 1543 241741242696000 2765900
LATENCY 2990100
TIMELINE 7 1559 241741289593300 2990100
LATENCY 3100700
TIMELINE 7 1575 241741337081900 3100700
LATENCY 3110800
TIMELINE 7 1591 241741385562700 3110800
LATENCY 3049300
TIMELINE 7 1607 241741440552600 3049300
LATENCY 2941400
TIMELINE 7 1623 241741487050200 2941400
LATENCY 2797100
TIMELINE 7 1639 241741534288900 2797100
LATENCY 4019200
TIMELINE 7 1655 241741579388400 4019200
LATENCY 2921600
TIMELINE 7 1671 241741627883400 2921600
LATENCY 2945100
TIMELINE 7 1687 241741675096600 2945100
LATENCY 2743800
TIMELINE 7 1703 241741724937100 2743800
LATENCY 2992400
TIMELINE 7 1719 241741770155700 2992400
LATENCY 2702100
TIMELINE 7 1735 241741822724100 2702100
LATENCY 2724900
TIMELINE 7 1751 241741870152400 2724900
LATENCY 2611900
TIMELINE 7 1767 241741915297200 2611900
LATENCY 2673100
TIMELINE 7 1783 241741957679200 2673100
LATENCY 2885400
TIMELINE 7 1799 241742004939100 2885400
LATENCY 2683200
TIMELINE 7 1815 241742051106600 2683200
LATENCY 2671200
TIMELINE 7 1831 241742093329600 2671200
LATENCY 2958200
TIMELINE 7 1847 241742138465500 2958200
LATENCY 2975500
TIMELINE 7 1863 241742191337500 2975500
LATENCY 2758200
TIMELINE 7 1879 241742236196500 2758200
LATENCY 2712500
TIMELINE 7 1895 241742281712400 2712500
LATENCY 2856700
TIMELINE 7 1911 241742325608700 2856700
LATENCY 3013100
TIMELINE 7 1927 241742370289000 3013100
LATENCY 2728600
TIMELINE 7 1943 241742415186500 2728600
LATENCY 2755500
TIMELINE 7 1959 241742458439200 2755500
LATENCY 2869700
TIMELINE 7 1975 241742506012800 2869700
LATENCY 3089900
TIMELINE 7 1991 241742553597000 3089900
LATENCY 2694800
TIMELINE 7 2007 241742609974200 2694800
LATENCY 2871600
TIMELINE 7 2023 241742651913500 2871600
LATENCY 2591500
TIMELINE 7 2039 241742696398400 2591500
LATENCY 2418800
TIMELINE 8 8 241737477610900 2418800
LATENCY 2278400
TIMELINE 8 24 241737515104600 2278400
LATENCY 2193400
TIMELINE 8 40 241737550607900 2193400
LATENCY 2222200
TIMELINE 8 56 241737585643200 2222200
LATENCY 2139400
TIMELINE 8 72 241737620387900 2139400
LATENCY 2178300
TIMELINE 8 88 241737656065600 2178300
LATENCY 2256400
TIMELINE 8 104 241737691620900 2256400
LATENCY 2241000
TIMELINE 8 120 241737728153100 2241000
LATENCY 2303500
TIMELINE 8 136 241737784106900 2303500
LATENCY 2167300
TIMELINE 8 152 241737820698300 2167300
LATENCY 2142000
TIMELINE 8 168 241737855958100 2142000
LATENCY 2342800
TIMELINE 8 184 241737890897800 2342800
LATENCY 2449600
TIMELINE 8 200 241737927476000 2449600
LATENCY 2168900
TIMELINE 8 216 241737963927200 2168900
LATENCY 2313600
TIMELINE 8 232 241737998935500 2313600
LATENCY 2221200
TIMELINE 8 248 241738035416900 2221200
LATENCY 2213200
TIMELINE 8 264 241738089776900 2213200
LATENCY 2191100
TIMELINE 8 280 241738125691200 2191100
LATENCY 2126400
TIMELINE 8 296 241738160586600 2126400
LATENCY 2131000
TIMELINE 8 312 241738195424300 2131000
LATENCY 2102900
TIMELINE 8 328 241738229328600 2102900
LATENCY 2168800
TIMELINE 8 344 241738264335900 2168800
LATENCY 2449000
TIMELINE 8 360 241738300151200 2449000
LATENCY 2179800
TIMELINE 8 376 241738336469800 2179800
LATENCY 20144300
TIMELINE 8 392 241738372085600 20144300
LATENCY 2213600
TIMELINE 8 408 241738425375600 2213600
LATENCY 2102800
TIMELINE 8 424 241738460589400 2102800
LATENCY 2201500
TIMELINE 8 440 241738495277600 2201500
LATENCY 2212400
TIMELINE 8 456 241738530573400 2212400
LATENCY 2197300
TIMELINE 8 472 241738566422400 2197300
LATENCY 2241700
TIMELINE 8 488 241738602188100 2241700
LATENCY 2169900
TIMELINE 8 504 241738637819400 2169900
LATENCY 2114600
TIMELINE 8 520 241738673484800 2114600
LATENCY 2155300
TIMELINE 8 536 241738727455200 2155300
LATENCY 2061700
TIMELINE 8 552 241738762219600 2061700
LATENCY 2153400
TIMELINE 8 568 241738796427500 2153400
LATENCY 2129200
TIMELINE 8 584 241738831806800 2129200
LATENCY 2361500
TIMELINE 8 600 241738866208900 2361500
LATENCY 2111300
TIMELINE 8 616 241738900748900 2111300
LATENCY 2065600
TIMELINE 8 632 241738935923400 2065600
LATENCY 2206900
TIMELINE 8 648 241738971515200 2206900
LATENCY 2167300
TIMELINE 8 664 241739027820000 2167300
LATENCY 2131800
TIMELINE 8 680 241739062269200 2131800
LATENCY 2109100
TIMELINE 8 696 241739096687500 2109100
LATENCY 2302400
TIMELINE 8 712 241739132337100 2302400
LATENCY 2167500
TIMELINE 8 728 241739168329600 2167500
LATENCY 2234000
TIMELINE 8 744 241739203679800 2234000
LATENCY 2165000
TIMELINE 8 760 241739239414100 2165000
LATENCY 2386200
TIMELINE 8 776 241739275290100 2386200
LATENCY 21497700
TIMELINE 8 792 241739310973100 21497700
LATENCY 2157300
TIMELINE 8 808 241739366903200 2157300
LATENCY 2220100
TIMELINE 8 824 241739402762000 2220100
LATENCY 2261600
TIMELINE 8 840 241739438592700 2261600
LATENCY 2209200
TIMELINE 8 856 241739474356400 2209200
LATENCY 2114900
TIMELINE 8 872 241739508654900 2114900
LATENCY 2099100
TIMELINE 8 888 241739542797800 2099100
LATENCY 2177900
TIMELINE 8 904 241739578162800 2177900
LATENCY 2133200
TIMELINE 8 920 241739613596200 2133200
LATENCY 2112200
TIMELINE 8 936 241739668067200 2112200
LATENCY 2219300
TIMELINE 8 952 241739702652900 2219300
LATENCY 2137800
TIMELINE 8 968 241739736919600 2137800
LATENCY 2166000
TIMELINE 8 984 241739771978400 2166000
LATENCY 2101700
TIMELINE 8 1000 241739806198600 2101700
LATENCY 2323000
TIMELINE 8 1016 241739843729100 2323000
LATENCY 2171200
TIMELINE 8 1032 241739878747300 2171200
LATENCY 2207100
TIMELINE 8 1048 241739914390900 2207100
LATENCY 2224200
TIMELINE 8 1064 241739956148900 2224200
LATENCY 2137100
TIMELINE 8 1080 241739990630500 2137100
LATENCY 2165700
TIMELINE 8 1096 241740026162400 2165700
LATENCY 2134300
TIMELINE 8 1112 241740061520500 2134300
LATENCY 2261800
TIMELINE 8 1128 241740096727800 2261800
LATENCY 2187000
TIMELINE 8 1144 241740132608300 2187000
LATENCY 2200600
TIMELINE 8 1160 241740168441000 2200600
LATENCY 2455700
TIMELINE 8 1176 241740203355200 2455700
LATENCY 2214900
TIMELINE 8 1192 241740238550100 2214900
LATENCY 2160800
TIMELINE 8 1208 241740278646500 2160800
LATENCY 2230200
TIMELINE 8 1224 241740312933400 2230200
LATENCY 3032000
TIMELINE 8 1240 241740352717200 3032000
LATENCY 2792900
TIMELINE 8 1256 241740400857000 2792900
LATENCY 2954900
TIMELINE 8 1272 241740448686400 2954900
LATENCY 3081200
TIMELINE 8 1288 241740494201400 3081200
LATENCY 2784400
TIMELINE 8 1304 241740540892300 2784400
LATENCY 2990700
TIMELINE 8 1320 241740590294700 2990700
LATENCY 2752600
TIMELINE 8 1336 241740644767200 2752600
LATENCY 2713800
TIMELINE 8 1352 241740692498400 2713800
LATENCY 2726900
TIMELINE 8 1368 241740736290500 2726900
LATENCY 2758300
TIMELINE 8 1384 241740782105600 2758300
LATENCY 2694600
TIMELINE 8 1400 241740825754600 2694600
LATENCY 3078400
TIMELINE 8 1416 241740868166100 3078400
LATENCY 2998100
TIMELINE 8 1432 241740916886100 2998100
LATENCY 2817400
TIMELINE 8 1448 241740965130000 2817400
LATENCY 2676100
TIMELINE 8 1464 241741019209500 2676100
LATENCY 2938400
TIMELINE 8 1480 241741063585300 2938400
LATENCY 2962700
TIMELINE 8 1496 241741110106400 2962700
LATENCY 2677100
TIMELINE 8 1512 241741157081000 2677100
LATENCY 2794600
TIMELINE 8 1528 241741200526500 2794600
LATENCY 2750600
TIMELINE 8 1544 241741244779700 2750600
LATENCY 3052900
TIMELINE 8 1560 241741291751100 3052900
LATENCY 3069600
TIMELINE 8 1576 241741339343300 3069600
LATENCY 3153700
TIMELINE 8 1592 241741387865600 3153700
LATENCY 3072700
TIMELINE 8 1608 241741442825600 3072700
LATENCY 2824700
TIMELINE 8 1624 241741489244900 2824700
LATENCY 2765400
TIMELINE 8 1640 241741536363500 2765400
LATENCY 4268600
TIMELINE 8 1656 241741581594700 4268600
LATENCY 2933300
TIMELINE 8 1672 241741630049700 2933300
LATENCY 2975300
TIMELINE 8 1688 241741677293900 2975300
LATENCY 2752100
TIMELINE 8 1704 241741727033400 2752100
LATENCY 3046600
TIMELINE 8 1720 241741772466100 3046600
LATENCY 2873500
TIMELINE 8 1736 241741824854700 2873500
LATENCY 2791200
TIMELINE 8 1752 241741872015300 2791200
LATENCY 2646200
TIMELINE 8 1768 241741917064100 2646200
LATENCY 2582800
TIMELINE 8 1784 241741959529000 2582800
LATENCY 2689100
TIMELINE 8 1800 241742006930600 2689100
LATENCY 2682000
TIMELINE 8 1816 241742052923800 2682000
LATENCY 2801400
TIMELINE 8 1832 241742095096700 2801400
LATENCY 2975200
TIMELINE 8 1848 241742140507300 2975200
LATENCY 2824800
TIMELINE 8 1864 241742193470800 2824800
LATENCY 2926800
TIMELINE 8 1880 241742238190900 2926800
LATENCY 2749700
TIMELINE 8 1896 241742283659300 2749700
LATENCY 2883000
TIMELINE 8 1912 241742327582700 2883000
LATENCY 2898700
TIMELINE 8 1928 241742372474300 2898700
LATENCY 2655300
TIMELINE 8 1944 241742417140900 2655300
LATENCY 2746600
TIMELINE 8 1960 241742460325000 2746600
LATENCY 2811900
TIMELINE 8 1976 241742508005600 2811900
LATENCY 3028400
TIMELINE 8 1992 241742555744600 3028400
LATENCY 2741200
TIMELINE 8 2008 241742611856800 2741200
LATENCY 2866400
TIMELINE 8 2024 241742653838100 2866400
LATENCY 2609900
TIMELINE 8 2040 241742698137300 2609900
LATENCY 3516600
TIMELINE 9 9 241737480146200 3516600
LATENCY 2228900
TIMELINE 9 25 241737517598300 2228900
LATENCY 2137500
TIMELINE 9 41 241737552977900 2137500
LATENCY 2165400
TIMELINE 9 57 241737588039400 2165400
LATENCY 2122800
TIMELINE 9 73 241737622720100 2122800
LATENCY 2195400
TIMELINE 9 89 241737658366500 2195400
LATENCY 2397400
TIMELINE 9 105 241737694032900 2397400
LATENCY 2201300
TIMELINE 9 121 241737730640500 2201300
LATENCY 2265900
TIMELINE 9 137 241737786601600 2265900
LATENCY 2138900
TIMELINE 9 153 241737823080100 2138900
LATENCY 2132300
TIMELINE 9 169 241737858303600 2132300
LATENCY 2276500
TIMELINE 9 185 241737893490100 2276500
LATENCY 2335000
TIMELINE 9 201 241737930226000 2335000
LATENCY 2108100
TIMELINE 9 217 241737966376900 2108100
LATENCY 2236300
TIMELINE 9 233 241738001551400 2236300
LATENCY 2231200
TIMELINE 9 249 241738037873700 2231200
LATENCY 2202700
TIMELINE 9 265 241738092323400 2202700
LATENCY 2069800
TIMELINE 9 281 241738128024000 2069800
LATENCY 2118200
TIMELINE 9 297 241738163068000 2118200
LATENCY 2150900
TIMELINE 9 313 241738197955800 2150900
LATENCY 2087100
TIMELINE 9 329 241738231785900 2087100
LATENCY 2610500
TIMELINE 9 345 241738266856100 2610500
LATENCY 2331000
TIMELINE 9 361 241738302961400 2331000
LATENCY 2211800
TIMELINE 9 377 241738338947200 2211800
LATENCY 2309700
TIMELINE 9 393 241738392587100 2309700
LATENCY 2176600
TIMELINE 9 409 241738428013600 2176600
LATENCY 2102800
TIMELINE 9 425 241738463154300 2102800
LATENCY 2221400
TIMELINE 9 441 241738497979200 2221400
LATENCY 2203300
TIMELINE 9 457 241738533508400 2203300
LATENCY 2149100
TIMELINE 9 473 241738569289200 2149100
LATENCY 2205000
TIMELINE 9 489 241738605093200 2205000
LATENCY 2179800
TIMELINE 9 505 241738640659800 2179800
LATENCY 2182400
TIMELINE 9 521 241738676283600 2182400
LATENCY 2112500
TIMELINE 9 537 241738730399400 2112500
LATENCY 2161900
TIMELINE 9 553 241738765188700 2161900
LATENCY 2161500
TIMELINE 9 569 241738799488800 2161500
LATENCY 2170600
TIMELINE 9 585 241738834854600 2170600
LATENCY 2116500
TIMELINE 9 601 241738869511100 2116500
LATENCY 2121300
TIMELINE 9 617 241738903740500 2121300
LATENCY 2211800
TIMELINE 9 633 241738939240400 2211800
LATENCY 2177300
TIMELINE 9 649 241738975368900 2177300
LATENCY 2184400
TIMELINE 9 665 241739031242800 2184400
LATENCY 2160000
TIMELINE 9 681 241739065621800 2160000
LATENCY 2149700
TIMELINE 9 697 241739100012300 2149700
LATENCY 2255800
TIMELINE 9 713 241739135687600 2255800
LATENCY 2154000
TIMELINE 9 729 241739171462700 2154000
LATENCY 2235200
TIMELINE 9 745 241739206836800 2235200
LATENCY 2293400
TIMELINE 9 761 241739242586400 2293400
LATENCY 2346900
TIMELINE 9 777 241739278802600 2346900
LATENCY 2432600
TIMELINE 9 793 241739334038700 2432600
LATENCY 2238400
TIMELINE 9 809 241739370504200 2238400
LATENCY 2231600
TIMELINE 9 825 241739406243500 2231600
LATENCY 2305200
TIMELINE 9 841 241739442202900 2305200
LATENCY 2186400
TIMELINE 9 857 241739477888500 2186400
LATENCY 2107700
TIMELINE 9 873 241739512061600 2107700
LATENCY 2087900
TIMELINE 9 889 241739546213600 2087900
LATENCY 2262100
TIMELINE 9 905 241739581709500 2262100
LATENCY 2118400
TIMELINE 9 921 241739617062800 2118400
LATENCY 2103200
TIMELINE 9 937 241739671544100 2103200
LATENCY 2105900
TIMELINE 9 953 241739706102500 2105900
LATENCY 2211700
TIMELINE 9 969 241739740301600 2211700
LATENCY 2104900
TIMELINE 9 985 241739775362700 2104900
LATENCY 2488100
TIMELINE 9 1001 241739809507300 2488100
LATENCY 2151900
TIMELINE 9 1017 241739847156100 2151900
LATENCY 2108600
TIMELINE 9 1033 241739881999700 2108600
LATENCY 2189500
TIMELINE 9 1049 241739917422300 2189500
LATENCY 2132500
TIMELINE 9 1065 241739959171800 2132500
LATENCY 2116200
TIMELINE 9 1081 241739993525400 2116200
LATENCY 2368200
TIMELINE 9 1097 241740029252200 2368200
LATENCY 2175500
TIMELINE 9 1113 241740064590900 2175500
LATENCY 2296200
TIMELINE 9 1129 241740100135100 2296200
LATENCY 2237600
TIMELINE 9 1145 241740136067800 2237600
LATENCY 2345000
TIMELINE 9 1161 241740171753100 2345000
LATENCY 2195400
TIMELINE 9 1177 241740206799000 2195400
LATENCY 2215200
TIMELINE 9 1193 241740247275100 2215200
LATENCY 2151100
TIMELINE 9 1209 241740281589600 2151100
LATENCY 2125900
TIMELINE 9 1225 241740316035400 2125900
LATENCY 3046100
TIMELINE 9 1241 241740356873600 3046100
LATENCY 2968200
TIMELINE 9 1257 241740404716500 2968200
LATENCY 2605400
TIMELINE 9 1273 241740452815900 2605400
LATENCY 2977400
TIMELINE 9 1289 241740498625800 2977400
LATENCY 2770300
TIMELINE 9 1305 241740545003800 2770300
LATENCY 2962000
TIMELINE 9 1321 241740594675600 2962000
LATENCY 2832000
TIMELINE 9 1337 241740648826000 2832000
LATENCY 2774100
TIMELINE 9 1353 241740696479100 2774100
LATENCY 2773400
TIMELINE 9 1369 241740740328600 2773400
LATENCY 2681800
TIMELINE 9 1385 241740785750100 2681800
LATENCY 2618000
TIMELINE 9 1401 241740829105900 2618000
LATENCY 3024500
TIMELINE 9 1417 241740872015900 3024500
LATENCY 3054200
TIMELINE 9 1433 241740920643600 3054200
LATENCY 2740900
TIMELINE 9 1449 241740968506600 2740900
LATENCY 2734500
TIMELINE 9 1465 241741022318600 2734500
LATENCY 2945800
TIMELINE 9 1481 241741067035400 2945800
LATENCY 2945500
TIMELINE 9 1497 241741113561100 2945500
LATENCY 2720900
TIMELINE 9 1513 241741160290900 2720900
LATENCY 2742200
TIMELINE 9 1529 241741203856900 2742200
LATENCY 2771700
TIMELINE 9 1545 241741248075200 2771700
LATENCY 3085800
TIMELINE 9 1561 241741295500200 3085800
LATENCY 3012600
TIMELINE 9 1577 241741343085700 3012600
LATENCY 8700300
TIMELINE 9 1593 241741391582600 8700300
LATENCY 3136500
TIMELINE 9 1609 241741446461300 3136500
LATENCY 2750600
TIMELINE 9 1625 241741492554800 2750600
LATENCY 2739500
TIMELINE 9 1641 241741539615100 2739500
LATENCY 2964800
TIMELINE 9 1657 241741586483200 2964800
LATENCY 2890600
TIMELINE 9 1673 241741633590500 2890600
LATENCY 4702500
TIMELINE 9 1689 241741680878600 4702500
LATENCY 2786800
TIMELINE 9 1705 241741730360600 2786800
LATENCY 2860500
TIMELINE 9 1721 241741776091400 2860500
LATENCY 5349100
TIMELINE 9 1737 241741828343700 5349100
LATENCY 2747000
TIMELINE 9 1753 241741875620400 2747000
LATENCY 2698500
TIMELINE 9 1769 241741920529800 2698500
LATENCY 2671400
TIMELINE 9 1785 241741962920700 2671400
LATENCY 2903900
TIMELINE 9 1801 241742010519100 2903900
LATENCY 2641200
TIMELINE 9 1817 241742056523500 2641200
LATENCY 2838400
TIMELINE 9 1833 241742098862000 2838400
LATENCY 3000800
TIMELINE 9 1849 241742144531300 3000800
LATENCY 2712900
TIMELINE 9 1865 241742197217600 2712900
LATENCY 2970100
TIMELINE 9 1881 241742242185600 2970100
LATENCY 2741000
TIMELINE 9 1897 241742287329600 2741000
LATENCY 2698600
TIMELINE 9 1913 241742331357200 2698600
LATENCY 2660000
TIMELINE 9 1929 241742376244600 2660000
LATENCY 2660600
TIMELINE 9 1945 241742420647800 2660600
LATENCY 2823100
TIMELINE 9 1961 241742463981900 2823100
LATENCY 3068300
TIMELINE 9 1977 241742511876600 3068300
LATENCY 8723100
TIMELINE 9 1993 241742559808300 8723100
LATENCY 2601700
TIMELINE 9 2009 241742615463100 2601700
LATENCY 2737300
TIMELINE 9 2025 241742657631100 2737300
LATENCY 2607800
TIMELINE 9 2041 241742701650300 2607800
LATENCY 2410000
TIMELINE 10 10 241737483545400 2410000
LATENCY 2221900
TIMELINE 10 26 241737519739200 2221900
LATENCY 2190900
TIMELINE 10 42 241737555032000 2190900
LATENCY 2187600
TIMELINE 10 58 241737590115100 2187600
LATENCY 2119600
TIMELINE 10 74 241737624699200 2119600
LATENCY 2177400
TIMELINE 10 90 241737660110800 2177400
LATENCY 2270400
TIMELINE 10 106 241737695777800 2270400
LATENCY 2200600
TIMELINE 10 122 241737732226000 2200600
LATENCY 2369700
TIMELINE 10 138 241737788419000 2369700
LATENCY 2142900
TIMELINE 10 154 241737824727900 2142900
LATENCY 2178800
TIMELINE 10 170 241737859918100 2178800
LATENCY 2397600
TIMELINE 10 186 241737895195300 2397600
LATENCY 2287100
TIMELINE 10 202 241737932059500 2287100
LATENCY 2138700
TIMELINE 10 218 241737968006000 2138700
LATENCY 2217100
TIMELINE 10 234 241738003310000 2217100
LATENCY 2223600
TIMELINE 10 250 241738039719100 2223600
LATENCY 2305600
TIMELINE 10 266 241738094287500 2305600
LATENCY 2185000
TIMELINE 10 282 241738130036500 2185000
LATENCY 2125600
TIMELINE 10 298 241738164803600 2125600
LATENCY 2141200
TIMELINE 10 314 241738199673900 2141200
LATENCY 2112900
TIMELINE 10 330 241738233475800 2112900
LATENCY 2283200
TIMELINE 10 346 241738268980100 2283200
LATENCY 2213900
TIMELINE 10 362 241738304765200 2213900
LATENCY 2198200
TIMELINE 10 378 241738340660700 2198200
LATENCY 2254800
TIMELINE 10 394 241738394304600 2254800
LATENCY 2147600
TIMELINE 10 410 241738429615000 2147600
LATENCY 2137900
TIMELINE 10 426 241738464629600 2137900
LATENCY 2208800
TIMELINE 10 442 241738499556700 2208800
LATENCY 2244000
TIMELINE 10 458 241738535176700 2244000
LATENCY 2136100
TIMELINE 10 474 241738570930100 2136100
LATENCY 2162800
TIMELINE 10 490 241738606798400 2162800
LATENCY 2175700
TIMELINE 10 506 241738642364000 2175700
LATENCY 2151100
TIMELINE 10 522 241738677880700 2151100
LATENCY 2118400
TIMELINE 10 538 241738731973600 2118400
LATENCY 2163500
TIMELINE 10 554 241738766576900 2163500
LATENCY 2199700
TIMELINE 10 570 241738800824300 2199700
LATENCY 2132800
TIMELINE 10 586 241738836321500 2132800
LATENCY 2156500
TIMELINE 10 602 241738870944300 2156500
LATENCY 2150800
TIMELINE 10 618 241738905167900 2150800
LATENCY 2166900
TIMELINE 10 634 241738940574400 2166900
LATENCY 2139300
TIMELINE 10 650 241738976301400 2139300
LATENCY 2180400
TIMELINE 10 666 241739032136900 2180400
LATENCY 2174200
TIMELINE 10 682 241739066471500 2174200
LATENCY 2135400
TIMELINE 10 698 241739100901200 2135400
LATENCY 2263600
TIMELINE 10 714 241739136735500 2263600
LATENCY 2144500
TIMELINE 10 730 241739172479600 2144500
LATENCY 2236900
TIMELINE 10 746 241739207908600 2236900
LATENCY 2295800
TIMELINE 10 762 241739243632400 2295800
LATENCY 2220300
TIMELINE 10 778 241739280025000 2220300
LATENCY 2304400
TIMELINE 10 794 241739335284800 2304400
LATENCY 2330400
TIMELINE 10 810 241739371424500 2330400
LATENCY 2262700
TIMELINE 10 826 241739407271700 2262700
LATENCY 2261100
TIMELINE 10 842 241739443006300 2261100
LATENCY 2191100
TIMELINE 10 858 241739478676000 2191100
LATENCY 2117700
TIMELINE 10 874 241739512709400 2117700
LATENCY 2129800
TIMELINE 10 890 241739546872000 2129800
LATENCY 2215900
TIMELINE 10 906 241739582477400 2215900
LATENCY 2108800
TIMELINE 10 922 241739617663100 2108800
LATENCY 2273200
TIMELINE 10 938 241739672288500 2273200
LATENCY 2098700
TIMELINE 10 954 241739706963800 2098700
LATENCY 2151000
TIMELINE 10 970 241739741278700 2151000
LATENCY 2078500
TIMELINE 10 986 241739776244700 2078500
LATENCY 2771200
TIMELINE 10 1002 241739810381400 2771200
LATENCY 2192700
TIMELINE 10 1018 241739848531500 2192700
LATENCY 2090400
TIMELINE 10 1034 241739883392700 2090400
LATENCY 2184600
TIMELINE 10 1050 241739919036400 2184600
LATENCY 2149500
TIMELINE 10 1066 241739960681300 2149500
LATENCY 2202800
TIMELINE 10 1082 241739995053300 2202800
LATENCY 2318300
TIMELINE 10 1098 241740031048200 2318300
LATENCY 2184000
TIMELINE 10 1114 241740066256200 2184000
LATENCY 2282400
TIMELINE 10 1130 241740101668500 2282400
LATENCY 2213900
TIMELINE 10 1146 241740137588800 2213900
LATENCY 2288100
TIMELINE 10 1162 241740173437500 2288100
LATENCY 2152800
TIMELINE 10 1178 241740208188700 2152800
LATENCY 2175400
TIMELINE 10 1194 241740248919500 2175400
LATENCY 2112400
TIMELINE 10 1210 241740283317600 2112400
LATENCY 2135200
TIMELINE 10 1226 241740317694900 2135200
LATENCY 3043900
TIMELINE 10 1242 241740359335700 3043900
LATENCY 3149200
TIMELINE 10 1258 241740407115700 3149200
LATENCY 2792300
TIMELINE 10 1274 241740454892300 2792300
LATENCY 2906300
TIMELINE 10 1290 241740500914700 2906300
LATENCY 2635800
TIMELINE 10 1306 241740547131000 2635800
LATENCY 2949900
TIMELINE 10 1322 241740596961800 2949900
LATENCY 2744700
TIMELINE 10 1338 241740650946700 2744700
LATENCY 2730100
TIMELINE 10 1354 241740698492200 2730100
LATENCY 2669700
TIMELINE 10 1370 241740742344900 2669700
LATENCY 2692600
TIMELINE 10 1386 241740787563400 2692600
LATENCY 2643600
TIMELINE 10 1402 241740830898600 2643600
LATENCY 3063000
TIMELINE 10 1418 241740874059000 3063000
LATENCY 3032500
TIMELINE 10 1434 241740922722500 3032500
LATENCY 2757300
TIMELINE 10 1450 241740970367900 2757300
LATENCY 2606000
TIMELINE 10 1466 241741024519200 2606000
LATENCY 2969800
TIMELINE 10 1482 241741069375300 2969800
LATENCY 2942300
TIMELINE 10 1498 241741115887400 2942300
LATENCY 2734300
TIMELINE 10 1514 241741162369800 2734300
LATENCY 2728100
TIMELINE 10 1530 241741205966800 2728100
LATENCY 2785100
TIMELINE 10 1546 241741250170300 2785100
LATENCY 3055300
TIMELINE 10 1562 241741298029700 3055300
LATENCY 3031900
TIMELINE 10 1578 241741345542100 3031900
LATENCY 3117600
TIMELINE 10 1594 241741399848700 3117600
LATENCY 3077900
TIMELINE 10 1610 241741449164600 3077900
LATENCY 2924300
TIMELINE 10 1626 241741494952900 2924300
LATENCY 2797500
TIMELINE 10 1642 241741542028800 2797500
LATENCY 2985500
TIMELINE 10 1658 241741588859700 2985500
LATENCY 2938300
TIMELINE 10 1674 241741635907700 2938300
LATENCY 7687700
TIMELINE 10 1690 241741684163900 7687700
LATENCY 2745000
TIMELINE 10 1706 241741732688800 2745000
LATENCY 3258800
TIMELINE 10 1722 241741778471300 3258800
LATENCY 2744300
TIMELINE 10 1738 241741833234600 2744300
LATENCY 2742800
TIMELINE 10 1754 241741877806100 2742800
LATENCY 2663200
TIMELINE 10 1770 241741922655900 2663200
LATENCY 2665200
TIMELINE 10 1786 241741965035000 2665200
LATENCY 2889600
TIMELINE 10 1802 241742012718200 2889600
LATENCY 2708400
TIMELINE 10 1818 241742058477500 2708400
LATENCY 2768500
TIMELINE 10 1834 241742100958400 2768500
LATENCY 2955800
TIMELINE 10 1850 241742146734100 2955800
LATENCY 2725500
TIMELINE 10 1866 241742199214700 2725500
LATENCY 2745600
TIMELINE 10 1882 241742244425700 2745600
LATENCY 2700900
TIMELINE 10 1898 241742289331500 2700900
LATENCY 2715600
TIMELINE 10 1914 241742333425900 2715600
LATENCY 2432000
TIMELINE 10 1930 241742378265900 2432000
LATENCY 2626000
TIMELINE 10 1946 241742422689600 2626000
LATENCY 2740800
TIMELINE 10 1962 241742466143500 2740800
LATENCY 3081600
TIMELINE 10 1978 241742514291700 3081600
LATENCY 3058500
TIMELINE 10 1994 241742567818400 3058500
LATENCY 2596800
TIMELINE 10 2010 241742617497500 2596800
LATENCY 2798800
TIMELINE 10 2026 241742659739100 2798800
LATENCY 2742600
TIMELINE 10 2042 241742703676500 2742600
LATENCY 2257200
TIMELINE 11 11 241737485924200 2257200
LATENCY 2227500
TIMELINE 11 27 241737521903600 2227500
LATENCY 2255800
TIMELINE 11 43 241737557193600 2255800
LATENCY 2138800
TIMELINE 11 59 241737592425200 2138800
LATENCY 2119100
TIMELINE 11 75 241737626996100 2119100
LATENCY 2184300
TIMELINE 11 91 241737662830400 2184300
LATENCY 2271600
TIMELINE 11 107 241737698727000 2271600
LATENCY 2129700
TIMELINE 11 123 241737735025600 2129700
LATENCY 2323200
TIMELINE 11 139 241737791352200 2323200
LATENCY 2266900
TIMELINE 11 155 241737827447900 2266900
LATENCY 2139400
TIMELINE 11 171 241737862655800 2139400
LATENCY 2240500
TIMELINE 11 187 241737898093500 2240500
LATENCY 2250600
TIMELINE 11 203 241737934855300 2250600
LATENCY 2146300
TIMELINE 11 219 241737970597700 2146300
LATENCY 2214900
TIMELINE 11 235 241738006118100 2214900
LATENCY 2230800
TIMELINE 11 251 241738042519600 2230800
LATENCY 2247700
TIMELINE 11 267 241738097333700 2247700
LATENCY 2157000
TIMELINE 11 283 241738132669500 2157000
LATENCY 2131600
TIMELINE 11 299 241738167610000 2131600
LATENCY 2116200
TIMELINE 11 315 241738202521400 2116200
LATENCY 2392400
TIMELINE 11 331 241738236318700 2392400
LATENCY 2127400
TIMELINE 11 347 241738272001900 2127400
LATENCY 2179500
TIMELINE 11 363 241738307803700 2179500
LATENCY 2183400
TIMELINE 11 379 241738343685900 2183400
LATENCY 2164100
TIMELINE 11 395 241738397395200 2164100
LATENCY 2141200
TIMELINE 11 411 241738432583700 2141200
LATENCY 2154800
TIMELINE 11 427 241738467608500 2154800
LATENCY 2202400
TIMELINE 11 443 241738502622800 2202400
LATENCY 2278100
TIMELINE 11 459 241738538171900 2278100
LATENCY 2188300
TIMELINE 11 475 241738573864000 2188300
LATENCY 2185800
TIMELINE 11 491 241738609982200 2185800
LATENCY 2302300
TIMELINE 11 507 241738645485100 2302300
LATENCY 2360200
TIMELINE 11 523 241738681008400 2360200
LATENCY 2153800
TIMELINE 11 539 241738734909000 2153800
LATENCY 2091000
TIMELINE 11 555 241738769505400 2091000
LATENCY 2116400
TIMELINE 11 571 241738803868200 2116400
LATENCY 2148100
TIMELINE 11 587 241738839119100 2148100
LATENCY 2104900
TIMELINE 11 603 241738873721700 2104900
LATENCY 2140900
TIMELINE 11 619 241738907951000 2140900
LATENCY 2230900
TIMELINE 11 635 241738943512000 2230900
LATENCY 2185900
TIMELINE 11 651 241738979232900 2185900
LATENCY 2164800
TIMELINE 11 667 241739035313600 2164800
LATENCY 2171700
TIMELINE 11 683 241739069673000 2171700
LATENCY 2118900
TIMELINE 11 699 241739104038400 2118900
LATENCY 2224700
TIMELINE 11 715 241739140102000 2224700
LATENCY 2169500
TIMELINE 11 731 241739175688900 2169500
LATENCY 2223000
TIMELINE 11 747 241739211211500 2223000
LATENCY 2171800
TIMELINE 11 763 241739247037000 2171800
LATENCY 2196100
TIMELINE 11 779 241739283272900 2196100
LATENCY 2312300
TIMELINE 11 795 241739338746400 2312300
LATENCY 2286400
TIMELINE 11 811 241739374901400 2286400
LATENCY 2176200
TIMELINE 11 827 241739410670800 2176200
LATENCY 2224100
TIMELINE 11 843 241739446541200 2224100
LATENCY 2122200
TIMELINE 11 859 241739482169700 2122200
LATENCY 2130700
TIMELINE 11 875 241739516239700 2130700
LATENCY 2239600
TIMELINE 11 891 241739550492200 2239600
LATENCY 2301600
TIMELINE 11 907 241739586290300 2301600
LATENCY 2158900
TIMELINE 11 923 241739621301500 2158900
LATENCY 2174700
TIMELINE 11 939 241739676143400 2174700
LATENCY 2166300
TIMELINE 11 955 241739710645100 2166300
LATENCY 2201500
TIMELINE 11 971 241739744949300 2201500
LATENCY 2083300
TIMELINE 11 987 241739779943700 2083300
LATENCY 2955700
TIMELINE 11 1003 241739815337200 2955700
LATENCY 2127700
TIMELINE 11 1019 241739851765100 2127700
LATENCY 2152100
TIMELINE 11 1035 241739886526700 2152100
LATENCY 2257200
TIMELINE 11 1051 241739922250500 2257200
LATENCY 2109800
TIMELINE 11 1067 241739963787200 2109800
LATENCY 2283100
TIMELINE 11 1083 241739998220000 2283100
LATENCY 2202800
TIMELINE 11 1099 241740034155700 2202800
LATENCY 2101700
TIMELINE 11 1115 241740069166300 2101700
LATENCY 2496000
TIMELINE 11 1131 241740104823700 2496000
LATENCY 2313600
TIMELINE 11 1147 241740140633500 2313600
LATENCY 2164000
TIMELINE 11 1163 241740176592600 2164000
LATENCY 2094500
TIMELINE 11 1179 241740211279400 2094500
LATENCY 2118700
TIMELINE 11 1195 241740251953400 2118700
LATENCY 2119600
TIMELINE 11 1211 241740286254100 2119600
LATENCY 2167100
TIMELINE 11 1227 241740320611300 2167100
LATENCY 3027200
TIMELINE 11 1243 241740363374400 3027200
LATENCY 3042000
TIMELINE 11 1259 241740411276600 3042000
LATENCY 2698700
TIMELINE 11 1275 241740458592800 2698700
LATENCY 3048200
TIMELINE 11 1291 241740504727000 3048200
LATENCY 6029600
TIMELINE 11 1307 241740550806200 6029600
LATENCY 2979000
TIMELINE 11 1323 241740600771200 2979000
LATENCY 6837000
TIMELINE 11 1339 241740654566400 6837000
LATENCY 2730600
TIMELINE 11 1355 241740702116700 2730600
LATENCY 2934300
TIMELINE 11 1371 241740746030200 2934300
LATENCY 2675800
TIMELINE 11 1387 241740791242600 2675800
LATENCY 2609500
TIMELINE 11 1403 241740834514000 2609500
LATENCY 3005700
TIMELINE 11 1419 241740878313000 3005700
LATENCY 3147100
TIMELINE 11 1435 241740926912100 3147100
LATENCY 2784100
TIMELINE 11 1451 241740974229800 2784100
LATENCY 2649700
TIMELINE 11 1467 241741026066300 2649700
LATENCY 2954600
TIMELINE 11 1483 241741071093100 2954600
LATENCY 3508700
TIMELINE 11 1499 241741117671800 3508700
LATENCY 2872200
TIMELINE 11 1515 241741163938100 2872200
LATENCY 2720700
TIMELINE 11 1531 241741207402400 2720700
LATENCY 2704900
TIMELINE 11 1547 241741251668400 2704900
LATENCY 3021500
TIMELINE 11 1563 241741299460800 3021500
LATENCY 3026600
TIMELINE 11 1579 241741346954000 3026600
LATENCY 3090400
TIMELINE 11 1595 241741401215400 3090400
LATENCY 3080900
TIMELINE 11 1611 241741450514800 3080900
LATENCY 2905200
TIMELINE 11 1627 241741496175100 2905200
LATENCY 2825800
TIMELINE 11 1643 241741543201900 2825800
LATENCY 3013200
TIMELINE 11 1659 241741590334000 3013200
LATENCY 2933000
TIMELINE 11 1675 241741637358100 2933000
LATENCY 4974300
TIMELINE 11 1691 241741688318500 4974300
LATENCY 2742600
TIMELINE 11 1707 241741733989300 2742600
LATENCY 3084600
TIMELINE 11 1723 241741780032800 3084600
LATENCY 2721900
TIMELINE 11 1739 241741834540700 2721900
LATENCY 2740100
TIMELINE 11 1755 241741879237200 2740100
LATENCY 2624400
TIMELINE 11 1771 241741924028800 2624400
LATENCY 2655800
TIMELINE 11 1787 241741966396400 2655800
LATENCY 2790500
TIMELINE 11 1803 241742014261500 2790500
LATENCY 2641400
TIMELINE 11 1819 241742059885300 2641400
LATENCY 2752700
TIMELINE 11 1835 241742102415200 2752700
LATENCY 2938500
TIMELINE 11 1851 241742148286200 2938500
LATENCY 2735400
TIMELINE 11 1867 241742200626600 2735400
LATENCY 2728400
TIMELINE 11 1883 241742245880200 2728400
LATENCY 2694700
TIMELINE 11 1899 241742290763900 2694700
LATENCY 2766600
TIMELINE 11 1915 241742334823000 2766600
LATENCY 3444000
TIMELINE 11 1931 241742379648400 3444000
LATENCY 2543400
TIMELINE 11 1947 241742424248000 2543400
LATENCY 2760600
TIMELINE 11 1963 241742467745200 2760600
LATENCY 3065700
TIMELINE 11 1979 241742515995000 3065700
LATENCY 3033900
TIMELINE 11 1995 241742569558500 3033900
LATENCY 2585400
TIMELINE 11 2011 241742618980700 2585400
LATENCY 2734800
TIMELINE 11 2027 241742661321000 2734800
LATENCY 2639300
TIMELINE 11 2043 241742705217100 2639300
LATENCY 2277300
TIMELINE 12 12 241737488119900 2277300
LATENCY 2293000
TIMELINE 12 28 241737524015900 2293000
LATENCY 2237800
TIMELINE 12 44 241737559339000 2237800
LATENCY 2158500
TIMELINE 12 60 241737594310400 2158500
LATENCY 2167700
TIMELINE 12 76 241737628819400 2167700
LATENCY 2187800
TIMELINE 12 92 241737664698400 2187800
LATENCY 2268200
TIMELINE 12 108 241737700817000 2268200
LATENCY 2200100
TIMELINE 12 124 241737736990200 2200100
LATENCY 2259900
TIMELINE 12 140 241737793503200 2259900
LATENCY 2487700
TIMELINE 12 156 241737829407100 2487700
LATENCY 2159100
TIMELINE 12 172 241737864633700 2159100
LATENCY 2203400
TIMELINE 12 188 241737900246800 2203400
LATENCY 2367900
TIMELINE 12 204 241737937010900 2367900
LATENCY 2098400
TIMELINE 12 220 241737972656900 2098400
LATENCY 2245900
TIMELINE 12 236 241738008216200 2245900
LATENCY 2233100
TIMELINE 12 252 241738044662800 2233100
LATENCY 2294600
TIMELINE 12 268 241738099487300 2294600
LATENCY 2077000
TIMELINE 12 284 241738134796900 2077000
LATENCY 2143200
TIMELINE 12 300 241738169597700 2143200
LATENCY 2102200
TIMELINE 12 316 241738204470200 2102200
LATENCY 2181600
TIMELINE 12 332 241738238522800 2181600
LATENCY 2371700
TIMELINE 12 348 241738273960800 2371700
LATENCY 2171800
TIMELINE 12 364 241738309745900 2171800
LATENCY 2321900
TIMELINE 12 380 241738345638200 2321900
LATENCY 2205200
TIMELINE 12 396 241738399342400 2205200
LATENCY 2170800
TIMELINE 12 412 241738434525800 2170800
LATENCY 2156100
TIMELINE 12 428 241738469469400 2156100
LATENCY 2157800
TIMELINE 12 444 241738504535300 2157800
LATENCY 2282000
TIMELINE 12 460 241738540226900 2282000
LATENCY 2289800
TIMELINE 12 476 241738575787700 2289800
LATENCY 2227600
TIMELINE 12 492 241738611800600 2227600
LATENCY 2397300
TIMELINE 12 508 241738647360500 2397300
LATENCY 2326400
TIMELINE 12 524 241738682857500 2326400
LATENCY 2146400
TIMELINE 12 540 241738736681900 2146400
LATENCY 2114100
TIMELINE 12 556 241738771100900 2114100
LATENCY 2127900
TIMELINE 12 572 241738805530500 2127900
LATENCY 2163900
TIMELINE 12 588 241738840892400 2163900
LATENCY 2108500
TIMELINE 12 604 241738875460400 2108500
LATENCY 2140900
TIMELINE 12 620 241738909696000 2140900
LATENCY 2149100
TIMELINE 12 636 241738945486400 2149100
LATENCY 2179700
TIMELINE 12 652 241738980935300 2179700
LATENCY 2159300
TIMELINE 12 668 241739036993600 2159300
LATENCY 2185900
TIMELINE 12 684 241739071338000 2185900
LATENCY 2119900
TIMELINE 12 700 241739105679800 2119900
LATENCY 2247900
TIMELINE 12 716 241739141828500 2247900
LATENCY 2186300
TIMELINE 12 732 241739177368900 2186300
LATENCY 2250100
TIMELINE 12 748 241739212964200 2250100
LATENCY 2306900
TIMELINE 12 764 241739248806500 2306900
LATENCY 2211900
TIMELINE 12 780 241739285007400 2211900
LATENCY 2261700
TIMELINE 12 796 241739340516400 2261700
LATENCY 2152500
TIMELINE 12 812 241739376501100 2152500
LATENCY 2349600
TIMELINE 12 828 241739412135500 2349600
LATENCY 2233000
TIMELINE 12 844 241739447952800 2233000
LATENCY 2128500
TIMELINE 12 860 241739483407300 2128500
LATENCY 2143600
TIMELINE 12 876 241739517475700 2143600
LATENCY 2224800
TIMELINE 12 892 241739551733500 2224800
LATENCY 2187900
TIMELINE 12 908 241739587666300 2187900
LATENCY 2339400
TIMELINE 12 924 241739622545600 2339400
LATENCY 2174400
TIMELINE 12 940 241739677328500 2174400
LATENCY 2139100
TIMELINE 12 956 241739711926600 2139100
LATENCY 2134900
TIMELINE 12 972 241739746269800 2134900
LATENCY 2115800
TIMELINE 12 988 241739781077000 2115800
LATENCY 2243700
TIMELINE 12 1004 241739817392100 2243700
LATENCY 2135000
TIMELINE 12 1020 241739853031300 2135000
LATENCY 2109300
TIMELINE 12 1036 241739887828700 2109300
LATENCY 2206700
TIMELINE 12 1052 241739923600800 2206700
LATENCY 2147700
TIMELINE 12 1068 241739964993400 2147700
LATENCY 2232600
TIMELINE 12 1084 241739999627200 2232600
LATENCY 2207600
TIMELINE 12 1100 241740035588800 2207600
LATENCY 2141700
TIMELINE 12 1116 241740070491200 2141700
LATENCY 2336400
TIMELINE 12 1132 241740106298200 2336400
LATENCY 2249700
TIMELINE 12 1148 241740142004000 2249700
LATENCY 2196200
TIMELINE 12 1164 241740177823600 2196200
LATENCY 2111400
TIMELINE 12 1180 241740212499300 2111400
LATENCY 2135800
TIMELINE 12 1196 241740253174100 2135800
LATENCY 2150700
TIMELINE 12 1212 241740287519000 2150700
LATENCY 2140000
TIMELINE 12 1228 241740321907900 2140000
LATENCY 3022000
TIMELINE 12 1244 241740365293400 3022000
LATENCY 3040700
TIMELINE 12 1260 241740413212000 3040700
LATENCY 2715200
TIMELINE 12 1276 241740460251700 2715200
LATENCY 3101800
TIMELINE 12 1292 241740506707400 3101800
LATENCY 5431500
TIMELINE 12 1308 241740553882700 5431500
LATENCY 2898400
TIMELINE 12 1324 241740602774100 2898400
LATENCY 3519700
TIMELINE 12 1340 241740659636000 3519700
LATENCY 2735600
TIMELINE 12 1356 241740703861400 2735600
LATENCY 2791000
TIMELINE 12 1372 241740747481400 2791000
LATENCY 2725700
TIMELINE 12 1388 241740792515800 2725700
LATENCY 2638600
TIMELINE 12 1404 241740835719300 2638600
LATENCY 3042900
TIMELINE 12 1420 241740879696700 3042900
LATENCY 3163200
TIMELINE 12 1436 241740928332900 3163200
LATENCY 2797600
TIMELINE 12 1452 241740975543400 2797600
LATENCY 2597200
TIMELINE 12 1468 241741029248500 2597200
LATENCY 2920300
TIMELINE 12 1484 241741074669000 2920300
LATENCY 2822900
TIMELINE 12 1500 241741121912000 2822900
LATENCY 2744000
TIMELINE 12 1516 241741167500200 2744000
LATENCY 2745300
TIMELINE 12 1532 241741210847000 2745300
LATENCY 2777800
TIMELINE 12 1548 241741255089100 2777800
LATENCY 3052700
TIMELINE 12 1564 241741303317400 3052700
LATENCY 3008500
TIMELINE 12 1580 241741350801700 3008500
LATENCY 3045000
TIMELINE 12 1596 241741405046300 3045000
LATENCY 2923100
TIMELINE 12 1612 241741454361400 2923100
LATENCY 2839600
TIMELINE 12 1628 241741499820200 2839600
LATENCY 2732300
TIMELINE 12 1644 241741546701100 2732300
LATENCY 2959600
TIMELINE 12 1660 241741594063300 2959600
LATENCY 2922200
TIMELINE 12 1676 241741640985100 2922200
LATENCY 2588900
TIMELINE 12 1692 241741693960600 2588900
LATENCY 2763300
TIMELINE 12 1708 241741737398100 2763300
LATENCY 2675100
TIMELINE 12 1724 241741783861600 2675100
LATENCY 3002300
TIMELINE 12 1740 241741837888300 3002300
LATENCY 2750600
TIMELINE 12 1756 241741882591800 2750600
LATENCY 2616100
TIMELINE 12 1772 241741927251400 2616100
LATENCY 5450000
TIMELINE 12 1788 241741969677300 5450000
LATENCY 2915000
TIMELINE 12 1804 241742017631000 2915000
LATENCY 2599800
TIMELINE 12 1820 241742063126200 2599800
LATENCY 2645500
TIMELINE 12 1836 241742105727300 2645500
LATENCY 2966600
TIMELINE 12 1852 241742151858400 2966600
LATENCY 2808100
TIMELINE 12 1868 241742204039900 2808100
LATENCY 3036600
TIMELINE 12 1884 241742249366700 3036600
LATENCY 2805800
TIMELINE 12 1900 241742294125200 2805800
LATENCY 2780300
TIMELINE 12 1916 241742338356900 2780300
LATENCY 2793900
TIMELINE 12 1932 241742383652300 2793900
LATENCY 2679200
TIMELINE 12 1948 241742427212200 2679200
LATENCY 2832000
TIMELINE 12 1964 241742471037900 2832000
LATENCY 2971100
TIMELINE 12 1980 241742519700800 2971100
LATENCY 3027400
TIMELINE 12 1996 241742573146500 3027400
LATENCY 2614800
TIMELINE 12 2012 241742622033800 2614800
LATENCY 2724900
TIMELINE 12 2028 241742664551200 2724900
LATENCY 2784400
TIMELINE 12 2044 241742708451000 2784400
LATENCY 2234400
TIMELINE 13 13 241737490662800 2234400
LATENCY 2287300
TIMELINE 13 29 241737526681800 2287300
LATENCY 2155700
TIMELINE 13 45 241737561888700 2155700
LATENCY 2162600
TIMELINE 13 61 241737596881800 2162600
LATENCY 2156200
TIMELINE 13 77 241737631435100 2156200
LATENCY 2151900
TIMELINE 13 93 241737667425100 2151900
LATENCY 2267900
TIMELINE 13 109 241737703477800 2267900
LATENCY 2147700
TIMELINE 13 125 241737739565200 2147700
LATENCY 2340500
TIMELINE 13 141 241737796209300 2340500
LATENCY 2381200
TIMELINE 13 157 241737832421000 2381200
LATENCY 2170300
TIMELINE 13 173 241737867257300 2170300
LATENCY 2199800
TIMELINE 13 189 241737902898000 2199800
LATENCY 2311000
TIMELINE 13 205 241737939811300 2311000
LATENCY 2148300
TIMELINE 13 221 241737975167200 2148300
LATENCY 2226600
TIMELINE 13 237 241738010853800 2226600
LATENCY 2396300
TIMELINE 13 253 241738047196000 2396300
LATENCY 2235000
TIMELINE 13 269 241738102142300 2235000
LATENCY 2201100
TIMELINE 13 285 241738137162100 2201100
LATENCY 2275100
TIMELINE 13 301 241738171918400 2275100
LATENCY 2133800
TIMELINE 13 317 241738206712800 2133800
LATENCY 2193900
TIMELINE 13 333 241738240845200 2193900
LATENCY 2463300
TIMELINE 13 349 241738276491800 2463300
LATENCY 2182400
TIMELINE 13 365 241738312008200 2182400
LATENCY 2597700
TIMELINE 13 381 241738348087700 2597700
LATENCY 2174600
TIMELINE 13 397 241738401637100 2174600
LATENCY 2174000
TIMELINE 13 413 241738436753700 2174000
LATENCY 2158500
TIMELINE 13 429 241738471855600 2158500
LATENCY 2164100
TIMELINE 13 445 241738506948900 2164100
LATENCY 2184200
TIMELINE 13 461 241738542656800 2184200
LATENCY 2285900
TIMELINE 13 477 241738578234400 2285900
LATENCY 2163300
TIMELINE 13 493 241738614063100 2163300
LATENCY 2261900
TIMELINE 13 509 241738649666800 2261900
LATENCY 20484400
TIMELINE 13 525 241738685153700 20484400
LATENCY 2211200
TIMELINE 13 541 241738738863300 2211200
LATENCY 2152300
TIMELINE 13 557 241738773623000 2152300
LATENCY 2158900
TIMELINE 13 573 241738808026100 2158900
LATENCY 2173100
TIMELINE 13 589 241738843465000 2173100
LATENCY 2172500
TIMELINE 13 605 241738878097500 2172500
LATENCY 2162700
TIMELINE 13 621 241738912358200 2162700
LATENCY 2253200
TIMELINE 13 637 241738948746000 2253200
LATENCY 2123800
TIMELINE 13 653 241738984075400 2123800
LATENCY 2143300
TIMELINE 13 669 241739040161000 2143300
LATENCY 2146800
TIMELINE 13 685 241739074444500 2146800
LATENCY 2109400
TIMELINE 13 701 241739108702900 2109400
LATENCY 2189600
TIMELINE 13 717 241739145025500 2189600
LATENCY 2177600
TIMELINE 13 733 241739180387400 2177600
LATENCY 2238000
TIMELINE 13 749 241739216035300 2238000
LATENCY 2181800
TIMELINE 13 765 241739251969500 2181800
LATENCY 2189500
TIMELINE 13 781 241739288280800 2189500
LATENCY 2183200
TIMELINE 13 797 241739343753600 2183200
LATENCY 2129900
TIMELINE 13 813 241739379532800 2129900
LATENCY 2256600
TIMELINE 13 829 241739415355700 2256600
LATENCY 2214700
TIMELINE 13 845 241739451013900 2214700
LATENCY 2153600
TIMELINE 13 861 241739486357900 2153600
LATENCY 2122300
TIMELINE 13 877 241739520460300 2122300
LATENCY 2389300
TIMELINE 13 893 241739554765600 2389300
LATENCY 2242800
TIMELINE 13 909 241739590637800 2242800
LATENCY 21640100
TIMELINE 13 925 241739625726300 21640100
LATENCY 2122800
TIMELINE 13 941 241739680172300 2122800
LATENCY 2131000
TIMELINE 13 957 241739714673400 2131000
LATENCY 2169300
TIMELINE 13 973 241739749002800 2169300
LATENCY 2137100
TIMELINE 13 989 241739783819600 2137100
LATENCY 2203900
TIMELINE 13 1005 241739820343800 2203900
LATENCY 2118500
TIMELINE 13 1021 241739855789200 2118500
LATENCY 2224200
TIMELINE 13 1037 241739890558500 2224200
LATENCY 2267800
TIMELINE 13 1053 241739926658800 2267800
LATENCY 2304100
TIMELINE 13 1069 241739968168200 2304100
LATENCY 2265700
TIMELINE 13 1085 241740002806400 2265700
LATENCY 2187800
TIMELINE 13 1101 241740038627600 2187800
LATENCY 2161100
TIMELINE 13 1117 241740073447600 2161100
LATENCY 2245000
TIMELINE 13 1133 241740109670800 2245000
LATENCY 2186900
TIMELINE 13 1149 241740145215100 2186900
LATENCY 2167300
TIMELINE 13 1165 241740180915800 2167300
LATENCY 2122900
TIMELINE 13 1181 241740215488800 2122900
LATENCY 2121200
TIMELINE 13 1197 241740256080100 2121200
LATENCY 2160100
TIMELINE 13 1213 241740290390900 2160100
LATENCY 2115800
TIMELINE 13 1229 241740324822200 2115800
LATENCY 3039600
TIMELINE 13 1245 241740369341700 3039600
LATENCY 3056700
TIMELINE 13 1261 241740417287400 3056700
LATENCY 2698000
TIMELINE 13 1277 241740463867700 2698000
LATENCY 2958500
TIMELINE 13 1293 241740510800400 2958500
LATENCY 2812400
TIMELINE 13 1309 241740560234000 2812400
LATENCY 2966700
TIMELINE 13 1325 241740606588500 2966700
LATENCY 2661900
TIMELINE 13 1341 241740664038300 2661900
LATENCY 2720200
TIMELINE 13 1357 241740707508500 2720200
LATENCY 2972700
TIMELINE 13 1373 241740751775700 2972700
LATENCY 2626300
TIMELINE 13 1389 241740796644000 2626300
LATENCY 2647100
TIMELINE 13 1405 241740839710300 2647100
LATENCY 3035100
TIMELINE 13 1421 241740884246300 3035100
LATENCY 3024500
TIMELINE 13 1437 241740932999900 3024500
LATENCY 2644200
TIMELINE 13 1453 241740979686400 2644200
LATENCY 2591700
TIMELINE 13 1469 241741031240300 2591700
LATENCY 2776600
TIMELINE 13 1485 241741076931800 2776600
LATENCY 2754100
TIMELINE 13 1501 241741124202900 2754100
LATENCY 2641400
TIMELINE 13 1517 241741169675100 2641400
LATENCY 2703700
TIMELINE 13 1533 241741213006200 2703700
LATENCY 2780800
TIMELINE 13 1549 241741257279300 2780800
LATENCY 3065000
TIMELINE 13 1565 241741305657000 3065000
LATENCY 2769900
TIMELINE 13 1581 241741353100800 2769900
LATENCY 3057600
TIMELINE 13 1597 241741407443100 3057600
LATENCY 2774900
TIMELINE 13 1613 241741456623200 2774900
LATENCY 2715200
TIMELINE 13 1629 241741502056600 2715200
LATENCY 3063900
TIMELINE 13 1645 241741548828000 3063900
LATENCY 2986100
TIMELINE 13 1661 241741596389000 2986100
LATENCY 2927900
TIMELINE 13 1677 241741643294600 2927900
LATENCY 2603100
TIMELINE 13 1693 241741696092600 2603100
LATENCY 2767300
TIMELINE 13 1709 241741739666400 2767300
LATENCY 2757400
TIMELINE 13 1725 241741786079400 2757400
LATENCY 2736700
TIMELINE 13 1741 241741840413800 2736700
LATENCY 3211200
TIMELINE 13 1757 241741884862400 3211200
LATENCY 2597500
TIMELINE 13 1773 241741929406400 2597500
LATENCY 3255600
TIMELINE 13 1789 241741974097200 3255600
LATENCY 2944900
TIMELINE 13 1805 241742020096500 2944900
LATENCY 2577100
TIMELINE 13 1821 241742065337400 2577100
LATENCY 2727500
TIMELINE 13 1837 241742108022400 2727500
LATENCY 2959100
TIMELINE 13 1853 241742154416900 2959100
LATENCY 2795000
TIMELINE 13 1869 241742206385000 2795000
LATENCY 2737400
TIMELINE 13 1885 241742251961800 2737400
LATENCY 2720800
TIMELINE 13 1901 241742296480000 2720800
LATENCY 2655100
TIMELINE 13 1917 241742340578100 2655100
LATENCY 2777300
TIMELINE 13 1933 241742385825600 2777300
LATENCY 2662800
TIMELINE 13 1949 241742429314900 2662800
LATENCY 2786100
TIMELINE 13 1965 241742473240300 2786100
LATENCY 3039600
TIMELINE 13 1981 241742522029800 3039600
LATENCY 3039400
TIMELINE 13 1997 241742575586000 3039400
LATENCY 2571500
TIMELINE 13 2013 241742624141300 2571500
LATENCY 2764100
TIMELINE 13 2029 241742666757900 2764100
LATENCY 2670900
TIMELINE 13 2045 241742710727700 2670900
LATENCY 2217100
TIMELINE 14 14 241737492784400 2217100
LATENCY 2252600
TIMELINE 14 30 241737528852800 2252600
LATENCY 2187900
TIMELINE 14 46 241737563928700 2187900
LATENCY 2174700
TIMELINE 14 62 241737598817000 2174700
LATENCY 2085800
TIMELINE 14 78 241737633382700 2085800
LATENCY 2148600
TIMELINE 14 94 241737669129000 2148600
LATENCY 2270100
TIMELINE 14 110 241737705196600 2270100
LATENCY 2171400
TIMELINE 14 126 241737741194500 2171400
LATENCY 2296400
TIMELINE 14 142 241737797949100 2296400
LATENCY 2384600
TIMELINE 14 158 241737834157200 2384600
LATENCY 2171900
TIMELINE 14 174 241737868835700 2171900
LATENCY 2199500
TIMELINE 14 190 241737904574700 2199500
LATENCY 2303600
TIMELINE 14 206 241737941362200 2303600
LATENCY 2142500
TIMELINE 14 222 241737976630300 2142500
LATENCY 2197600
TIMELINE 14 238 241738012577700 2197600
LATENCY 2376700
TIMELINE 14 254 241738049006600 2376700
LATENCY 2232800
TIMELINE 14 270 241738103655200 2232800
LATENCY 2306400
TIMELINE 14 286 241738138870600 2306400
LATENCY 2511800
TIMELINE 14 302 241738173633500 2511800
LATENCY 2151500
TIMELINE 14 318 241738208385600 2151500
LATENCY 2157800
TIMELINE 14 334 241738242578100 2157800
LATENCY 2188700
TIMELINE 14 350 241738278498400 2188700
LATENCY 2442000
TIMELINE 14 366 241738313839000 2442000
LATENCY 2299800
TIMELINE 14 382 241738350266500 2299800
LATENCY 2151500
TIMELINE 14 398 241738403447300 2151500
LATENCY 2172600
TIMELINE 14 414 241738438580600 2172600
LATENCY 2285600
TIMELINE 14 430 241738473494500 2285600
LATENCY 2165700
TIMELINE 14 446 241738508564400 2165700
LATENCY 2206000
TIMELINE 14 462 241738543950700 2206000
LATENCY 2307300
TIMELINE 14 478 241738579602900 2307300
LATENCY 2221000
TIMELINE 14 494 241738615419600 2221000
LATENCY 2234100
TIMELINE 14 510 241738651180600 2234100
LATENCY 20942100
TIMELINE 14 526 241738686622500 20942100
LATENCY 2156000
TIMELINE 14 542 241738740449900 2156000
LATENCY 2156500
TIMELINE 14 558 241738774909400 2156500
LATENCY 2145500
TIMELINE 14 574 241738809344800 2145500
LATENCY 2148600
TIMELINE 14 590 241738844808300 2148600
LATENCY 2152100
TIMELINE 14 606 241738879283300 2152100
LATENCY 2172300
TIMELINE 14 622 241738913523400 2172300
LATENCY 2246100
TIMELINE 14 638 241738949395900 2246100
LATENCY 2145200
TIMELINE 14 654 241738984707800 2145200
LATENCY 2174100
TIMELINE 14 670 241739040725400 2174100
LATENCY 2131800
TIMELINE 14 686 241739075048100 2131800
LATENCY 2158500
TIMELINE 14 702 241739109278900 2158500
LATENCY 2202000
TIMELINE 14 718 241739145701000 2202000
LATENCY 2181700
TIMELINE 14 734 241739181127500 2181700
LATENCY 2211100
TIMELINE 14 750 241739216737700 2211100
LATENCY 2152500
TIMELINE 14 766 241739252580200 2152500
LATENCY 2202300
TIMELINE 14 782 241739288720400 2202300
LATENCY 2233200
TIMELINE 14 798 241739344491400 2233200
LATENCY 2142800
TIMELINE 14 814 241739380296000 2142800
LATENCY 2177100
TIMELINE 14 830 241739416662000 2177100
LATENCY 2191800
TIMELINE 14 846 241739452248000 2191800
LATENCY 2162100
TIMELINE 14 862 241739487508800 2162100
LATENCY 2125600
TIMELINE 14 878 241739521656700 2125600
LATENCY 2405200
TIMELINE 14 894 241739556036400 2405200
LATENCY 2267400
TIMELINE 14 910 241739591865600 2267400
LATENCY 21759200
TIMELINE 14 926 241739627061200 21759200
LATENCY 2135800
TIMELINE 14 942 241739681469400 2135800
LATENCY 2140700
TIMELINE 14 958 241739715973700 2140700
LATENCY 2145300
TIMELINE 14 974 241739750326400 2145300
LATENCY 2117500
TIMELINE 14 990 241739785109700 2117500
LATENCY 2185300
TIMELINE 14 1006 241739821451600 2185300
LATENCY 2121000
TIMELINE 14 1022 241739856902900 2121000
LATENCY 2197900
TIMELINE 14 1038 241739891774500 2197900
LATENCY 2281800
TIMELINE 14 1054 241739927814600 2281800
LATENCY 2251700
TIMELINE 14 1070 241739969179500 2251700
LATENCY 2210300
TIMELINE 14 1086 241740003729100 2210300
LATENCY 2188900
TIMELINE 14 1102 241740039572300 2188900
LATENCY 2133900
TIMELINE 14 1118 241740074366500 2133900
LATENCY 2235400
TIMELINE 14 1134 241740110495500 2235400
LATENCY 2181500
TIMELINE 14 1150 241740145958600 2181500
LATENCY 2156100
TIMELINE 14 1166 241740181533800 2156100
LATENCY 2119500
TIMELINE 14 1182 241740216093700 2119500
LATENCY 2115000
TIMELINE 14 1198 241740256452100 2115000
LATENCY 2145400
TIMELINE 14 1214 241740290778100 2145400
LATENCY 2102700
TIMELINE 14 1230 241740325205000 2102700
LATENCY 3046400
TIMELINE 14 1246 241740369894500 3046400
LATENCY 3061700
TIMELINE 14 1262 241740417792700 3061700
LATENCY 2717500
TIMELINE 14 1278 241740464231900 2717500
LATENCY 2915500
TIMELINE 14 1294 241740511272200 2915500
LATENCY 2817300
TIMELINE 14 1310 241740560639500 2817300
LATENCY 2963700
TIMELINE 14 1326 241740607030100 2963700
LATENCY 2665300
TIMELINE 14 1342 241740664369700 2665300
LATENCY 2716100
TIMELINE 14 1358 241740707851400 2716100
LATENCY 2961500
TIMELINE 14 1374 241740752277600 2961500
LATENCY 2637700
TIMELINE 14 1390 241740797077300 2637700
LATENCY 2622300
TIMELINE 14 1406 241740840137600 2622300
LATENCY 3037700
TIMELINE 14 1422 241740884733800 3037700
LATENCY 3017700
TIMELINE 14 1438 241740933538400 3017700
LATENCY 2659600
TIMELINE 14 1454 241740980153700 2659600
LATENCY 2722700
TIMELINE 14 1470 241741035305800 2722700
LATENCY 2700800
TIMELINE 14 1486 241741081230700 2700800
LATENCY 2870400
TIMELINE 14 1502 241741128340300 2870400
LATENCY 2620300
TIMELINE 14 1518 241741173754100 2620300
LATENCY 2822200
TIMELINE 14 1534 241741217187100 2822200
LATENCY 2916300
TIMELINE 14 1550 241741261783700 2916300
LATENCY 3051200
TIMELINE 14 1566 241741309948800 3051200
LATENCY 3156500
TIMELINE 14 1582 241741357142200 3156500
LATENCY 3075700
TIMELINE 14 1598 241741411792200 3075700
LATENCY 2800300
TIMELINE 14 1614 241741460607200 2800300
LATENCY 3069800
TIMELINE 14 1630 241741506071400 3069800
LATENCY 2986300
TIMELINE 14 1646 241741552859000 2986300
LATENCY 2976400
TIMELINE 14 1662 241741600541900 2976400
LATENCY 2909700
TIMELINE 14 1678 241741647354900 2909700
LATENCY 2615600
TIMELINE 14 1694 241741699598300 2615600
LATENCY 2694100
TIMELINE 14 1710 241741743404900 2694100
LATENCY 2796900
TIMELINE 14 1726 241741789797800 2796900
LATENCY 2878500
TIMELINE 14 1742 241741844434800 2878500
LATENCY 3100200
TIMELINE 14 1758 241741889299300 3100200
LATENCY 2621000
TIMELINE 14 1774 241741933177300 2621000
LATENCY 2614200
TIMELINE 14 1790 241741978542300 2614200
LATENCY 2937800
TIMELINE 14 1806 241742024356000 2937800
LATENCY 2610800
TIMELINE 14 1822 241742069069500 2610800
LATENCY 2995200
TIMELINE 14 1838 241742112188300 2995200
LATENCY 3126500
TIMELINE 14 1854 241742158649700 3126500
LATENCY 2850700
TIMELINE 14 1870 241742210535600 2850700
LATENCY 2768800
TIMELINE 14 1886 241742255953200 2768800
LATENCY 2682800
TIMELINE 14 1902 241742300450800 2682800
LATENCY 2734600
TIMELINE 14 1918 241742344573300 2734600
LATENCY 2729500
TIMELINE 14 1934 241742389920000 2729500
LATENCY 2723100
TIMELINE 14 1950 241742433352400 2723100
LATENCY 2756500
TIMELINE 14 1966 241742477375400 2756500
LATENCY 3046800
TIMELINE 14 1982 241742526598900 3046800
LATENCY 3047100
TIMELINE 14 1998 241742580171700 3047100
LATENCY 2609400
TIMELINE 14 2014 241742627984300 2609400
LATENCY 2968000
TIMELINE 14 2030 241742670992900 2968000
LATENCY 3578200
TIMELINE 14 2046 241742714732900 3578200
LATENCY 2252500
TIMELINE 15 15 241737495095400 2252500
LATENCY 2172000
TIMELINE 15 31 241737531170500 2172000
LATENCY 2147400
TIMELINE 15 47 241737566207800 2147400
LATENCY 2156600
TIMELINE 15 63 241737601194400 2156600
LATENCY 2471100
TIMELINE 15 79 241737635967300 2471100
LATENCY 2144400
TIMELINE 15 95 241737671593800 2144400
LATENCY 2260700
TIMELINE 15 111 241737707759300 2260700
LATENCY 21577600
TIMELINE 15 127 241737743669300 21577600
LATENCY 2295300
TIMELINE 15 143 241737800669500 2295300
LATENCY 2178700
TIMELINE 15 159 241737836891600 2178700
LATENCY 2160100
TIMELINE 15 175 241737871367300 2160100
LATENCY 2203100
TIMELINE 15 191 241737907077500 2203100
LATENCY 2219200
TIMELINE 15 207 241737944337900 2219200
LATENCY 2117800
TIMELINE 15 223 241737979432000 2117800
LATENCY 2338200
TIMELINE 15 239 241738015248300 2338200
LATENCY 2147600
TIMELINE 15 255 241738051809900 2147600
LATENCY 2179300
TIMELINE 15 271 241738106559500 2179300
LATENCY 2270200
TIMELINE 15 287 241738141867200 2270200
LATENCY 2179200
TIMELINE 15 303 241738176755200 2179200
LATENCY 2105300
TIMELINE 15 319 241738211165700 2105300
LATENCY 2152600
TIMELINE 15 335 241738245349900 2152600
LATENCY 2192700
TIMELINE 15 351 241738281322300 2192700
LATENCY 2324700
TIMELINE 15 367 241738316871700 2324700
LATENCY 2140100
TIMELINE 15 383 241738353149400 2140100
LATENCY 2148000
TIMELINE 15 399 241738406152800 2148000
LATENCY 2327700
TIMELINE 15 415 241738441304500 2327700
LATENCY 2147400
TIMELINE 15 431 241738476420500 2147400
LATENCY 2236800
TIMELINE 15 447 241738511432600 2236800
LATENCY 2229700
TIMELINE 15 463 241738547272000 2229700
LATENCY 2357200
TIMELINE 15 479 241738582929500 2357200
LATENCY 2227200
TIMELINE 15 495 241738618976800 2227200
LATENCY 2188800
TIMELINE 15 511 241738654787300 2188800
LATENCY 2196600
TIMELINE 15 527 241738709090200 2196600
LATENCY 2152900
TIMELINE 15 543 241738743711900 2152900
LATENCY 2104300
TIMELINE 15 559 241738778067100 2104300
LATENCY 2181100
TIMELINE 15 575 241738812470700 2181100
LATENCY 2137200
TIMELINE 15 591 241738847886100 2137200
LATENCY 2139900
TIMELINE 15 607 241738882461500 2139900
LATENCY 2332000
TIMELINE 15 623 241738916763100 2332000
LATENCY 2208900
TIMELINE 15 639 241738953125600 2208900
LATENCY 2230100
TIMELINE 15 655 241738988273700 2230100
LATENCY 2160600
TIMELINE 15 671 241739044266500 2160600
LATENCY 2106200
TIMELINE 15 687 241739078479900 2106200
LATENCY 2148600
TIMELINE 15 703 241739112756700 2148600
LATENCY 2255700
TIMELINE 15 719 241739149108400 2255700
LATENCY 2220400
TIMELINE 15 735 241739184563400 2220400
LATENCY 2216600
TIMELINE 15 751 241739220318200 2216600
LATENCY 2146900
TIMELINE 15 767 241739256105000 2146900
LATENCY 2198200
TIMELINE 15 783 241739292233400 2198200
LATENCY 2217400
TIMELINE 15 799 241739347899700 2217400
LATENCY 2180400
TIMELINE 15 815 241739383647400 2180400
LATENCY 2231900
TIMELINE 15 831 241739419647900 2231900
LATENCY 2168200
TIMELINE 15 847 241739455335000 2168200
LATENCY 2106900
TIMELINE 15 863 241739490489600 2106900
LATENCY 2094300
TIMELINE 15 879 241739524566100 2094300
LATENCY 2189300
TIMELINE 15 895 241739559313000 2189300
LATENCY 2227100
TIMELINE 15 911 241739595039800 2227100
LATENCY 2167900
TIMELINE 15 927 241739649773000 2167900
LATENCY 2134200
TIMELINE 15 943 241739684335700 2134200
LATENCY 2119900
TIMELINE 15 959 241739718809000 2119900
LATENCY 2123700
TIMELINE 15 975 241739753151100 2123700
LATENCY 2152900
TIMELINE 15 991 241739787929900 2152900
LATENCY 2186100
TIMELINE 15 1007 241739824504400 2186100
LATENCY 2254000
TIMELINE 15 1023 241739859818400 2254000
LATENCY 2278900
TIMELINE 15 1039 241739894814900 2278900
LATENCY 2151100
TIMELINE 15 1055 241739930920900 2151100
LATENCY 2096100
TIMELINE 15 1071 241739972257500 2096100
LATENCY 2218700
TIMELINE 15 1087 241740007047500 2218700
LATENCY 2216700
TIMELINE 15 1103 241740042869700 2216700
LATENCY 2369400
TIMELINE 15 1119 241740077645000 2369400
LATENCY 2229500
TIMELINE 15 1135 241740113871100 2229500
LATENCY 2244800
TIMELINE 15 1151 241740149331500 2244800
LATENCY 2186100
TIMELINE 15 1167 241740184915400 2186100
LATENCY 2156600
TIMELINE 15 1183 241740219437700 2156600
LATENCY 2158300
TIMELINE 15 1199 241740260121000 2158300
LATENCY 2147500
TIMELINE 15 1215 241740294477300 2147500
LATENCY 2773000
TIMELINE 15 1231 241740328925000 2773000
LATENCY 3092900
TIMELINE 15 1247 241740375157000 3092900
LATENCY 3124200
TIMELINE 15 1263 241740423096500 3124200
LATENCY 2814400
TIMELINE 15 1279 241740468952500 2814400
LATENCY 2944200
TIMELINE 15 1295 241740516269700 2944200
LATENCY 2454600
TIMELINE 15 1311 241740565518700 2454600
LATENCY 2943300
TIMELINE 15 1327 241740618190700 2943300
LATENCY 2709900
TIMELINE 15 1343 241740669070400 2709900
LATENCY 2744100
TIMELINE 15 1359 241740712621400 2744100
LATENCY 2864000
TIMELINE 15 1375 241740757243700 2864000
LATENCY 2734100
TIMELINE 15 1391 241740801718500 2734100
LATENCY 2641500
TIMELINE 15 1407 241740844634200 2641500
LATENCY 2989700
TIMELINE 15 1423 241740889932600 2989700
LATENCY 3049600
TIMELINE 15 1439 241740938738300 3049600
LATENCY 2746300
TIMELINE 15 1455 241740984759400 2746300
LATENCY 2863500
TIMELINE 15 1471 241741036584200 2863500
LATENCY 2696800
TIMELINE 15 1487 241741082446300 2696800
LATENCY 2963400
TIMELINE 15 1503 241741129529200 2963400
LATENCY 2659800
TIMELINE 15 1519 241741174987600 2659800
LATENCY 2812000
TIMELINE 15 1535 241741218514300 2812000
LATENCY 2797100
TIMELINE 15 1551 241741263187400 2797100
LATENCY 2970300
TIMELINE 15 1567 241741311907200 2970300
LATENCY 3167900
TIMELINE 15 1583 241741359181300 3167900
LATENCY 3091200
TIMELINE 15 1599 241741413754600 3091200
LATENCY 3100400
TIMELINE 15 1615 241741462389900 3100400
LATENCY 3075200
TIMELINE 15 1631 241741508068500 3075200
LATENCY 3088400
TIMELINE 15 1647 241741554805800 3088400
LATENCY 2986300
TIMELINE 15 1663 241741602400500 2986300
LATENCY 2946300
TIMELINE 15 1679 241741649169900 2946300
LATENCY 2600400
TIMELINE 15 1695 241741701223300 2600400
LATENCY 2727600
TIMELINE 15 1711 241741745094000 2727600
LATENCY 8397300
TIMELINE 15 1727 241741791440800 8397300
LATENCY 2861000
TIMELINE 15 1743 241741845952900 2861000
LATENCY 3167400
TIMELINE 15 1759 241741890890700 3167400
LATENCY 2654800
TIMELINE 15 1775 241741934573400 2654800
LATENCY 2610600
TIMELINE 15 1791 241741979936900 2610600
LATENCY 3013700
TIMELINE 15 1807 241742025897300 3013700
LATENCY 2552300
TIMELINE 15 1823 241742070446100 2552300
LATENCY 2953900
TIMELINE 15 1839 241742113741300 2953900
LATENCY 3029800
TIMELINE 15 1855 241742160322300 3029800
LATENCY 2745700
TIMELINE 15 1871 241742212074200 2745700
LATENCY 2771900
TIMELINE 15 1887 241742257383000 2771900
LATENCY 2768600
TIMELINE 15 1903 241742301840800 2768600
LATENCY 2772100
TIMELINE 15 1919 241742345854300 2772100
LATENCY 2749700
TIMELINE 15 1935 241742391633100 2749700
LATENCY 2749300
TIMELINE 15 1951 241742435003500 2749300
LATENCY 2693800
TIMELINE 15 1967 241742479089400 2693800
LATENCY 3052300
TIMELINE 15 1983 241742528449800 3052300
LATENCY 3049900
TIMELINE 15 1999 241742582016100 3049900
LATENCY 2636900
TIMELINE 15 2015 241742629575300 2636900
LATENCY 2983700
TIMELINE 15 2031 241742672809100 2983700
LATENCY 3859900
TIMELINE 15 2047 241742717006200 3859900
LATENCY 12211000
TIMELINE 16 0 241737447721800 12211000
LATENCY 2173400
TIMELINE 16 16 241737497193900 2173400
LATENCY 2191900
TIMELINE 16 32 241737533198800 2191900
LATENCY 2221700
TIMELINE 16 48 241737568291200 2221700
LATENCY 2152000
TIMELINE 16 64 241737603070600 2152000
LATENCY 2341000
TIMELINE 16 80 241737638182800 2341000
LATENCY 2162900
TIMELINE 16 96 241737673571500 2162900
LATENCY 2371300
TIMELINE 16 112 241737709778100 2371300
LATENCY 2854400
TIMELINE 16 128 241737764956900 2854400
LATENCY 2284700
TIMELINE 16 144 241737802720500 2284700
LATENCY 2145800
TIMELINE 16 160 241737838889400 2145800
LATENCY 2311900
TIMELINE 16 176 241737873358700 2311900
LATENCY 2318000
TIMELINE 16 192 241737909216800 2318000
LATENCY 2206400
TIMELINE 16 208 241737946374900 2206400
LATENCY 2145400
TIMELINE 16 224 241737981405700 2145400
LATENCY 2559600
TIMELINE 16 240 241738017419700 2559600
LATENCY 2158700
TIMELINE 16 256 241738053930500 2158700
LATENCY 2251900
TIMELINE 16 272 241738108477900 2251900
LATENCY 2173900
TIMELINE 16 288 241738143649000 2173900
LATENCY 2226500
TIMELINE 16 304 241738178410500 2226500
LATENCY 2087200
TIMELINE 16 320 241738212768000 2087200
LATENCY 2152300
TIMELINE 16 336 241738247058000 2152300
LATENCY 2176000
TIMELINE 16 352 241738283108700 2176000
LATENCY 2266300
TIMELINE 16 368 241738318774200 2266300
LATENCY 2263200
TIMELINE 16 384 241738354853100 2263200
LATENCY 2232400
TIMELINE 16 400 241738407901700 2232400
LATENCY 2352200
TIMELINE 16 416 241738443188900 2352200
LATENCY 2112800
TIMELINE 16 432 241738478054600 2112800
LATENCY 2328900
TIMELINE 16 448 241738513023600 2328900
LATENCY 2250300
TIMELINE 16 464 241738549018700 2250300
LATENCY 2223600
TIMELINE 16 480 241738584810500 2223600
LATENCY 2195300
TIMELINE 16 496 241738620442500 2195300
LATENCY 2223000
TIMELINE 16 512 241738656154100 2223000
LATENCY 2168100
TIMELINE 16 528 241738710683600 2168100
LATENCY 2172400
TIMELINE 16 544 241738745281300 2172400
LATENCY 2128900
TIMELINE 16 560 241738779732000 2128900
LATENCY 2222000
TIMELINE 16 576 241738814184500 2222000
LATENCY 2101300
TIMELINE 16 592 241738849668100 2101300
LATENCY 2155900
TIMELINE 16 608 241738884234200 2155900
LATENCY 2418700
TIMELINE 16 624 241738918686300 2418700
LATENCY 2184400
TIMELINE 16 640 241738954861900 2184400
LATENCY 2272400
TIMELINE 16 656 241738990021600 2272400
LATENCY 2122300
TIMELINE 16 672 241739045790000 2122300
LATENCY 2147200
TIMELINE 16 688 241739079943700 2147200
LATENCY 2138700
TIMELINE 16 704 241739114269700 2138700
LATENCY 2370100
TIMELINE 16 720 241739150888700 2370100
LATENCY 2198300
TIMELINE 16 736 241739186375900 2198300
LATENCY 2302100
TIMELINE 16 752 241739222043400 2302100
LATENCY 2134600
TIMELINE 16 768 241739257712500 2134600
LATENCY 2168700
TIMELINE 16 784 241739293843800 2168700
LATENCY 2401500
TIMELINE 16 800 241739349511400 2401500
LATENCY 2405800
TIMELINE 16 816 241739385204400 2405800
LATENCY 2188700
TIMELINE 16 832 241739421245800 2188700
LATENCY 2243300
TIMELINE 16 848 241739456720200 2243300
LATENCY 2096900
TIMELINE 16 864 241739491916600 2096900
LATENCY 2126400
TIMELINE 16 880 241739525983900 2126400
LATENCY 2269600
TIMELINE 16 896 241739560680400 2269600
LATENCY 2281900
TIMELINE 16 912 241739596410200 2281900
LATENCY 2139000
TIMELINE 16 928 241739651326300 2139000
LATENCY 2182600
TIMELINE 16 944 241739685900200 2182600
LATENCY 2123900
TIMELINE 16 960 241739720530200 2123900
LATENCY 2473900
TIMELINE 16 976 241739754873800 2473900
LATENCY 2160600
TIMELINE 16 992 241739789688300 2160600
LATENCY 2189900
TIMELINE 16 1008 241739826152400 2189900
LATENCY 2307400
TIMELINE 16 1024 241739861552300 2307400
LATENCY 2238000
TIMELINE 16 1040 241739896605300 2238000
LATENCY 2200800
TIMELINE 16 1056 241739932539400 2200800
LATENCY 2141200
TIMELINE 16 1072 241739973925700 2141200
LATENCY 2284800
TIMELINE 16 1088 241740008530500 2284800
LATENCY 2211300
TIMELINE 16 1104 241740044365500 2211300
LATENCY 2247000
TIMELINE 16 1120 241740079295700 2247000
LATENCY 2209700
TIMELINE 16 1136 241740115545800 2209700
LATENCY 2178700
TIMELINE 16 1152 241740151029900 2178700
LATENCY 2169700
TIMELINE 16 1168 241740186598000 2169700
LATENCY 2158500
TIMELINE 16 1184 241740221098000 2158500
LATENCY 2108700
TIMELINE 16 1200 241740261706100 2108700
LATENCY 2207700
TIMELINE 16 1216 241740296046200 2207700
LATENCY 2678700
TIMELINE 16 1232 241740330921100 2678700
LATENCY 3244100
TIMELINE 16 1248 241740377377700 3244100
LATENCY 3015100
TIMELINE 16 1264 241740425432800 3015100
LATENCY 2750500
TIMELINE 16 1280 241740471056900 2750500
LATENCY 2969100
TIMELINE 16 1296 241740518522000 2969100
LATENCY 2872900
TIMELINE 16 1312 241740567256400 2872900
LATENCY 3002700
TIMELINE 16 1328 241740620459400 3002700
LATENCY 2708600
TIMELINE 16 1344 241740671135200 2708600
LATENCY 2734000
TIMELINE 16 1360 241740714702600 2734000
LATENCY 2981500
TIMELINE 16 1376 241740759004000 2981500
LATENCY 2806200
TIMELINE 16 1392 241740803456200 2806200
LATENCY 2683600
TIMELINE 16 1408 241740846332100 2683600
LATENCY 3013500
TIMELINE 16 1424 241740891873900 3013500
LATENCY 3059700
TIMELINE 16 1440 241740940719100 3059700
LATENCY 2586600
TIMELINE 16 1456 241740986582300 2586600
LATENCY 2681200
TIMELINE 16 1472 241741040111200 2681200
LATENCY 2939400
TIMELINE 16 1488 241741085916700 2939400
LATENCY 2938700
TIMELINE 16 1504 241741133228300 2938700
LATENCY 2618800
TIMELINE 16 1520 241741178196800 2618800
LATENCY 2733500
TIMELINE 16 1536 241741221873400 2733500
LATENCY 2677400
TIMELINE 16 1552 241741266565400 2677400
LATENCY 3300200
TIMELINE 16 1568 241741315328100 3300200
LATENCY 3015800
TIMELINE 16 1584 241741363195000 3015800
LATENCY 3097000
TIMELINE 16 1600 241741417666300 3097000
LATENCY 2776700
TIMELINE 16 1616 241741466173600 2776700
LATENCY 3111400
TIMELINE 16 1632 241741511914500 3111400
LATENCY 3074900
TIMELINE 16 1648 241741558528200 3074900
LATENCY 2921700
TIMELINE 16 1664 241741606164200 2921700
LATENCY 3134400
TIMELINE 16 1680 241741652905700 3134400
LATENCY 2768400
TIMELINE 16 1696 241741704574800 2768400
LATENCY 2735500
TIMELINE 16 1712 241741748540500 2735500
LATENCY 2763700
TIMELINE 16 1728 241741800593600 2763700
LATENCY 2885100
TIMELINE 16 1744 241741849792300 2885100
LATENCY 2804200
TIMELINE 16 1760 241741895002400 2804200
LATENCY 2664900
TIMELINE 16 1776 241741938142900 2664900
LATENCY 2725300
TIMELINE 16 1792 241741983313600 2725300
LATENCY 2914100
TIMELINE 16 1808 241742029696700 2914100
LATENCY 2584800
TIMELINE 16 1824 241742073666100 2584800
LATENCY 2750500
TIMELINE 16 1840 241742117440700 2750500
LATENCY 2994200
TIMELINE 16 1856 241742164148600 2994200
LATENCY 2747100
TIMELINE 16 1872 241742215391200 2747100
LATENCY 2793400
TIMELINE 16 1888 241742260722500 2793400
LATENCY 2739300
TIMELINE 16 1904 241742305185100 2739300
LATENCY 2765500
TIMELINE 16 1920 241742349254300 2765500
LATENCY 2692800
TIMELINE 16 1936 241742394603400 2692800
LATENCY 2591200
TIMELINE 16 1952 241742437964200 2591200
LATENCY 2706300
TIMELINE 16 1968 241742482004800 2706300
LATENCY 3034000
TIMELINE 16 1984 241742531764400 3034000
LATENCY 3017900
TIMELINE 16 2000 241742585242400 3017900
LATENCY 2572700
TIMELINE 16 2016 241742632352400 2572700
LATENCY 3012700
TIMELINE 16 2032 241742675970300 3012700
LATENCY 2399100
TIMELINE 17 1 241737460078200 2399100
LATENCY 2179600
TIMELINE 17 17 241737499458300 2179600
LATENCY 2175100
TIMELINE 17 33 241737535564700 2175100
LATENCY 2171400
TIMELINE 17 49 241737570728300 2171400
LATENCY 2255400
TIMELINE 17 65 241737605565000 2255400
LATENCY 2339900
TIMELINE 17 81 241737640689500 2339900
LATENCY 2144500
TIMELINE 17 97 241737675874200 2144500
LATENCY 2248100
TIMELINE 17 113 241737712373300 2248100
LATENCY 2567800
TIMELINE 17 129 241737768045400 2567800
LATENCY 2278500
TIMELINE 17 145 241737805185700 2278500
LATENCY 2106500
TIMELINE 17 161 241737841237200 2106500
LATENCY 2192900
TIMELINE 17 177 241737875906000 2192900
LATENCY 2216800
TIMELINE 17 193 241737911678500 2216800
LATENCY 2184800
TIMELINE 17 209 241737948645400 2184800
LATENCY 2302300
TIMELINE 17 225 241737983586200 2302300
LATENCY 2293000
TIMELINE 17 241 241738020066100 2293000
LATENCY 2134600
TIMELINE 17 257 241738056152900 2134600
LATENCY 2191000
TIMELINE 17 273 241738110874600 2191000
LATENCY 2180100
TIMELINE 17 289 241738146096000 2180100
LATENCY 2157300
TIMELINE 17 305 241738180868000 2157300
LATENCY 2113800
TIMELINE 17 321 241738215078500 2113800
LATENCY 2152700
TIMELINE 17 337 241738249359700 2152700
LATENCY 2161700
TIMELINE 17 353 241738285481800 2161700
LATENCY 2186600
TIMELINE 17 369 241738321414700 2186600
LATENCY 2304000
TIMELINE 17 385 241738357483100 2304000
LATENCY 2323100
TIMELINE 17 401 241738410467000 2323100
LATENCY 2204000
TIMELINE 17 417 241738445855900 2204000
LATENCY 2099100
TIMELINE 17 433 241738480591700 2099100
LATENCY 2116400
TIMELINE 17 449 241738515749200 2116400
LATENCY 2216500
TIMELINE 17 465 241738551605200 2216500
LATENCY 2196400
TIMELINE 17 481 241738587363400 2196400
LATENCY 2247100
TIMELINE 17 497 241738622991100 2247100
LATENCY 2187700
TIMELINE 17 513 241738658788900 2187700
LATENCY 2147300
TIMELINE 17 529 241738713086700 2147300
LATENCY 2162100
TIMELINE 17 545 241738747709900 2162100
LATENCY 2163700
TIMELINE 17 561 241738782036900 2163700
LATENCY 2168100
TIMELINE 17 577 241738816616800 2168100
LATENCY 2117300
TIMELINE 17 593 241738851948800 2117300
LATENCY 2083900
TIMELINE 17 609 241738886535800 2083900
LATENCY 2180000
TIMELINE 17 625 241738921229300 2180000
LATENCY 2195000
TIMELINE 17 641 241738957232100 2195000
LATENCY 2339600
TIMELINE 17 657 241738992515000 2339600
LATENCY 2112300
TIMELINE 17 673 241739048539300 2112300
LATENCY 2138400
TIMELINE 17 689 241739082702800 2138400
LATENCY 2226800
TIMELINE 17 705 241739117026300 2226800
LATENCY 2256600
TIMELINE 17 721 241739153926800 2256600
LATENCY 2183400
TIMELINE 17 737 241739189140500 2183400
LATENCY 2231000
TIMELINE 17 753 241739224917900 2231000
LATENCY 2383300
TIMELINE 17 769 241739260391100 2383300
LATENCY 2138700
TIMELINE 17 785 241739296454300 2138700
LATENCY 2248700
TIMELINE 17 801 241739352327600 2248700
LATENCY 2266100
TIMELINE 17 817 241739387985000 2266100
LATENCY 2158100
TIMELINE 17 833 241739423941000 2158100
LATENCY 2283200
TIMELINE 17 849 241739459763700 2283200
LATENCY 2132300
TIMELINE 17 865 241739494762000 2132300
LATENCY 2300800
TIMELINE 17 881 241739528828800 2300800
LATENCY 2217400
TIMELINE 17 897 241739563729700 2217400
LATENCY 2240200
TIMELINE 17 913 241739599441800 2240200
LATENCY 2205500
TIMELINE 17 929 241739654334300 2205500
LATENCY 2160200
TIMELINE 17 945 241739688952400 2160200
LATENCY 2133900
TIMELINE 17 961 241739723362000 2133900
LATENCY 2279700
TIMELINE 17 977 241739758185600 2279700
LATENCY 2141500
TIMELINE 17 993 241739792525000 2141500
LATENCY 2303200
TIMELINE 17 1009 241739829058800 2303200
LATENCY 2201100
TIMELINE 17 1025 241739864611600 2201100
LATENCY 2136600
TIMELINE 17 1041 241739899554900 2136600
LATENCY 2224400
TIMELINE 17 1057 241739935421300 2224400
LATENCY 2157600
TIMELINE 17 1073 241739976716900 2157600
LATENCY 2205900
TIMELINE 17 1089 241740011568000 2205900
LATENCY 2167700
TIMELINE 17 1105 241740047394400 2167700
LATENCY 2275900
TIMELINE 17 1121 241740082183500 2275900
LATENCY 2182700
TIMELINE 17 1137 241740118369200 2182700
LATENCY 2215300
TIMELINE 17 1153 241740153824800 2215300
LATENCY 2133700
TIMELINE 17 1169 241740189455600 2133700
LATENCY 2128200
TIMELINE 17 1185 241740223943800 2128200
LATENCY 2216600
TIMELINE 17 1201 241740264534000 2216600
LATENCY 2145200
TIMELINE 17 1217 241740298977900 2145200
LATENCY 2611600
TIMELINE 17 1233 241740334496800 2611600
LATENCY 3030800
TIMELINE 17 1249 241740381627800 3030800
LATENCY 3346400
TIMELINE 17 1265 241740429458100 3346400
LATENCY 2741300
TIMELINE 17 1281 241740474572600 2741300
LATENCY 2791000
TIMELINE 17 1297 241740522333600 2791000
LATENCY 2820100
TIMELINE 17 1313 241740570899300 2820100
LATENCY 2956200
TIMELINE 17 1329 241740624239900 2956200
LATENCY 2741900
TIMELINE 17 1345 241740674751800 2741900
LATENCY 2731900
TIMELINE 17 1361 241740718265600 2731900
LATENCY 2880000
TIMELINE 17 1377 241740763230200 2880000
LATENCY 2817000
TIMELINE 17 1393 241740807558400 2817000
LATENCY 2522800
TIMELINE 17 1409 241740850035500 2522800
LATENCY 3192300
TIMELINE 17 1425 241740896195800 3192300
LATENCY 3002100
TIMELINE 17 1441 241740945109000 3002100
LATENCY 2661000
TIMELINE 17 1457 241740990312000 2661000
LATENCY 2732400
TIMELINE 17 1473 241741042273000 2732400
LATENCY 2877100
TIMELINE 17 1489 241741088264100 2877100
LATENCY 2922900
TIMELINE 17 1505 241741135602400 2922900
LATENCY 2527900
TIMELINE 17 1521 241741180312600 2527900
LATENCY 2738800
TIMELINE 17 1537 241741224054000 2738800
LATENCY 2712500
TIMELINE 17 1553 241741268693000 2712500
LATENCY 2873500
TIMELINE 17 1569 241741317825000 2873500
LATENCY 3093300
TIMELINE 17 1585 241741365431700 3093300
LATENCY 3112500
TIMELINE 17 1601 241741419972900 3112500
LATENCY 2945200
TIMELINE 17 1617 241741468173500 2945200
LATENCY 3031800
TIMELINE 17 1633 241741514183300 3031800
LATENCY 2776000
TIMELINE 17 1649 241741560974300 2776000
LATENCY 2925000
TIMELINE 17 1665 241741608431200 2925000
LATENCY 3008300
TIMELINE 17 1681 241741655341400 3008300
LATENCY 2823400
TIMELINE 17 1697 241741706721600 2823400
LATENCY 2708800
TIMELINE 17 1713 241741750663200 2708800
LATENCY 2741500
TIMELINE 17 1729 241741802782200 2741500
LATENCY 2773800
TIMELINE 17 1745 241741852023000 2773800
LATENCY 2834500
TIMELINE 17 1761 241741897118500 2834500
LATENCY 2690300
TIMELINE 17 1777 241741940135400 2690300
LATENCY 2750600
TIMELINE 17 1793 241741985425900 2750600
LATENCY 2956200
TIMELINE 17 1809 241742032039000 2956200
LATENCY 2580400
TIMELINE 17 1825 241742075754100 2580400
LATENCY 2739700
TIMELINE 17 1841 241742119658800 2739700
LATENCY 2956400
TIMELINE 17 1857 241742166572000 2956400
LATENCY 2873200
TIMELINE 17 1873 241742217757000 2873200
LATENCY 2869000
TIMELINE 17 1889 241742263116400 2869000
LATENCY 2693200
TIMELINE 17 1905 241742307547900 2693200
LATENCY 2737800
TIMELINE 17 1921 241742351724100 2737800
LATENCY 2919900
TIMELINE 17 1937 241742396937600 2919900
LATENCY 2791200
TIMELINE 17 1953 241742440154500 2791200
LATENCY 2720600
TIMELINE 17 1969 241742484291500 2720600
LATENCY 3004500
TIMELINE 17 1985 241742534328600 3004500
LATENCY 3066800
TIMELINE 17 2001 241742587876500 3066800
LATENCY 2618700
TIMELINE 17 2017 241742634612100 2618700
LATENCY 2793500
TIMELINE 17 2033 241742678619600 2793500
LATENCY 2555000
TIMELINE 18 2 241737462698600 2555000
LATENCY 2155300
TIMELINE 18 18 241737501898700 2155300
LATENCY 2233200
TIMELINE 18 34 241737537943400 2233200
LATENCY 2194500
TIMELINE 18 50 241737572964400 2194500
LATENCY 2184900
TIMELINE 18 66 241737607881000 2184900
LATENCY 2216500
TIMELINE 18 82 241737643128800 2216500
LATENCY 2290500
TIMELINE 18 98 241737678115700 2290500
LATENCY 2218000
TIMELINE 18 114 241737714779100 2218000
LATENCY 2317900
TIMELINE 18 130 241737770509500 2317900
LATENCY 2260100
TIMELINE 18 146 241737807403200 2260100
LATENCY 2108600
TIMELINE 18 162 241737843385000 2108600
LATENCY 2135900
TIMELINE 18 178 241737878131000 2135900
LATENCY 2318300
TIMELINE 18 194 241737913866300 2318300
LATENCY 2185700
TIMELINE 18 210 241737950747000 2185700
LATENCY 2274300
TIMELINE 18 226 241737985804200 2274300
LATENCY 2284700
TIMELINE 18 242 241738022248100 2284700
LATENCY 19833300
TIMELINE 18 258 241738058208700 19833300
LATENCY 2224600
TIMELINE 18 274 241738113036500 2224600
LATENCY 2156400
TIMELINE 18 290 241738148105700 2156400
LATENCY 2201800
TIMELINE 18 306 241738182863600 2201800
LATENCY 2119700
TIMELINE 18 322 241738217014900 2119700
LATENCY 2215400
TIMELINE 18 338 241738251264800 2215400
LATENCY 2129000
TIMELINE 18 354 241738287399900 2129000
LATENCY 2150400
TIMELINE 18 370 241738323196200 2150400
LATENCY 2185600
TIMELINE 18 386 241738359408000 2185600
LATENCY 2230200
TIMELINE 18 402 241738412404300 2230200
LATENCY 2124700
TIMELINE 18 418 241738447700400 2124700
LATENCY 2118200
TIMELINE 18 434 241738482332700 2118200
LATENCY 2166300
TIMELINE 18 450 241738517504800 2166300
LATENCY 2250900
TIMELINE 18 466 241738553424200 2250900
LATENCY 2271700
TIMELINE 18 482 241738589096100 2271700
LATENCY 2207900
TIMELINE 18 498 241738624822800 2207900
LATENCY 2190700
TIMELINE 18 514 241738660577400 2190700
LATENCY 2199100
TIMELINE 18 530 241738714710300 2199100
LATENCY 2172100
TIMELINE 18 546 241738749314000 2172100
LATENCY 2114000
TIMELINE 18 562 241738783688300 2114000
LATENCY 2276600
TIMELINE 18 578 241738818273400 2276600
LATENCY 2169500
TIMELINE 18 594 241738853607700 2169500
LATENCY 2183600
TIMELINE 18 610 241738888147300 2183600
LATENCY 2215200
TIMELINE 18 626 241738922875000 2215200
LATENCY 2206100
TIMELINE 18 642 241738958566300 2206100
LATENCY 2663100
TIMELINE 18 658 241738993913000 2663100
LATENCY 2140600
TIMELINE 18 674 241739049724600 2140600
LATENCY 2145400
TIMELINE 18 690 241739083903100 2145400
LATENCY 2405400
TIMELINE 18 706 241739118260500 2405400
LATENCY 2167800
TIMELINE 18 722 241739155095100 2167800
LATENCY 2180300
TIMELINE 18 738 241739190318500 2180300
LATENCY 2276000
TIMELINE 18 754 241739226115400 2276000
LATENCY 2305200
TIMELINE 18 770 241739261782200 2305200
LATENCY 2144500
TIMELINE 18 786 241739297982700 2144500
LATENCY 2218800
TIMELINE 18 802 241739353658300 2218800
LATENCY 2262800
TIMELINE 18 818 241739388924600 2262800
LATENCY 2189100
TIMELINE 18 834 241739424754300 2189100
LATENCY 2251400
TIMELINE 18 850 241739460315400 2251400
LATENCY 2134200
TIMELINE 18 866 241739495303300 2134200
LATENCY 2292700
TIMELINE 18 882 241739529307900 2292700
LATENCY 2245800
TIMELINE 18 898 241739564303600 2245800
LATENCY 2247100
TIMELINE 18 914 241739599997400 2247100
LATENCY 2209300
TIMELINE 18 930 241739654778000 2209300
LATENCY 2185700
TIMELINE 18 946 241739689426600 2185700
LATENCY 2144200
TIMELINE 18 962 241739723890700 2144200
LATENCY 2222100
TIMELINE 18 978 241739758709800 2222100
LATENCY 2141500
TIMELINE 18 994 241739793017300 2141500
LATENCY 2320200
TIMELINE 18 1010 241739829691700 2320200
LATENCY 2238800
TIMELINE 18 1026 241739865347000 2238800
LATENCY 2150800
TIMELINE 18 1042 241739900325400 2150800
LATENCY 2208200
TIMELINE 18 1058 241739936192100 2208200
LATENCY 2139000
TIMELINE 18 1074 241739977354100 2139000
LATENCY 2221900
TIMELINE 18 1090 241740012217500 2221900
LATENCY 2171000
TIMELINE 18 1106 241740048035100 2171000
LATENCY 2269100
TIMELINE 18 1122 241740082872600 2269100
LATENCY 2209300
TIMELINE 18 1138 241740118991900 2209300
LATENCY 2338500
TIMELINE 18 1154 241740154401100 2338500
LATENCY 2128700
TIMELINE 18 1170 241740189937100 2128700
LATENCY 2108400
TIMELINE 18 1186 241740224455600 2108400
LATENCY 2251100
TIMELINE 18 1202 241740264773800 2251100
LATENCY 2122600
TIMELINE 18 1218 241740299229900 2122600
LATENCY 2630400
TIMELINE 18 1234 241740334781400 2630400
LATENCY 3037500
TIMELINE 18 1250 241740381970600 3037500
LATENCY 3271300
TIMELINE 18 1266 241740429936600 3271300
LATENCY 2733400
TIMELINE 18 1282 241740475071600 2733400
LATENCY 2787600
TIMELINE 18 1298 241740522837500 2787600
LATENCY 2957200
TIMELINE 18 1314 241740571379900 2957200
LATENCY 3036100
TIMELINE 18 1330 241740624757700 3036100
LATENCY 2707300
TIMELINE 18 1346 241740675288000 2707300
LATENCY 2717500
TIMELINE 18 1362 241740718806200 2717500
LATENCY 2872500
TIMELINE 18 1378 241740764013800 2872500
LATENCY 2743600
TIMELINE 18 1394 241740808352700 2743600
LATENCY 2647800
TIMELINE 18 1410 241740850601800 2647800
LATENCY 3073600
TIMELINE 18 1426 241740897112700 3073600
LATENCY 3003000
TIMELINE 18 1442 241740945897100 3003000
LATENCY 2592700
TIMELINE 18 1458 241740991070000 2592700
LATENCY 2739600
TIMELINE 18 1474 241741044721000 2739600
LATENCY 2824100
TIMELINE 18 1490 241741090823500 2824100
LATENCY 2927400
TIMELINE 18 1506 241741138281300 2927400
LATENCY 2790800
TIMELINE 18 1522 241741182623200 2790800
LATENCY 3043300
TIMELINE 18 1538 241741226601200 3043300
LATENCY 2747700
TIMELINE 18 1554 241741271107800 2747700
LATENCY 2615300
TIMELINE 18 1570 241741320410900 2615300
LATENCY 2944500
TIMELINE 18 1586 241741368205000 2944500
LATENCY 3058200
TIMELINE 18 1602 241741422770800 3058200
LATENCY 2836500
TIMELINE 18 1618 241741470846000 2836500
LATENCY 3087600
TIMELINE 18 1634 241741516955900 3087600
LATENCY 2742200
TIMELINE 18 1650 241741563466300 2742200
LATENCY 2895100
TIMELINE 18 1666 241741611062600 2895100
LATENCY 2924200
TIMELINE 18 1682 241741658049200 2924200
LATENCY 2725600
TIMELINE 18 1698 241741709253700 2725600
LATENCY 2707600
TIMELINE 18 1714 241741753090800 2707600
LATENCY 2811600
TIMELINE 18 1730 241741805186600 2811600
LATENCY 2738800
TIMELINE 18 1746 241741854419800 2738800
LATENCY 2854300
TIMELINE 18 1762 241741899612300 2854300
LATENCY 2622200
TIMELINE 18 1778 241741942503500 2622200
LATENCY 3150500
TIMELINE 18 1794 241741987801500 3150500
LATENCY 2934500
TIMELINE 18 1810 241742034652900 2934500
LATENCY 2620100
TIMELINE 18 1826 241742078082300 2620100
LATENCY 2757700
TIMELINE 18 1842 241742122126700 2757700
LATENCY 2969700
TIMELINE 18 1858 241742169238800 2969700
LATENCY 2732700
TIMELINE 18 1874 241742220363700 2732700
LATENCY 2815200
TIMELINE 18 1890 241742265706600 2815200
LATENCY 2593500
TIMELINE 18 1906 241742309982900 2593500
LATENCY 2710500
TIMELINE 18 1922 241742354268300 2710500
LATENCY 2944000
TIMELINE 18 1938 241742399475300 2944000
LATENCY 2713000
TIMELINE 18 1954 241742442697500 2713000
LATENCY 2825300
TIMELINE 18 1970 241742486757800 2825300
LATENCY 2994400
TIMELINE 18 1986 241742537017100 2994400
LATENCY 3045800
TIMELINE 18 2002 241742590651400 3045800
LATENCY 2620500
TIMELINE 18 2018 241742636948600 2620500
LATENCY 2753200
TIMELINE 18 2034 241742681117500 2753200
LATENCY 2394800
TIMELINE 19 3 241737465221400 2394800
LATENCY 2199100
TIMELINE 19 19 241737503967600 2199100
LATENCY 2199100
TIMELINE 19 35 241737540059700 2199100
LATENCY 2183200
TIMELINE 19 51 241737574977400 2183200
LATENCY 2137200
TIMELINE 19 67 241737609900600 2137200
LATENCY 2202100
TIMELINE 19 83 241737645464800 2202100
LATENCY 2186100
TIMELINE 19 99 241737680537400 2186100
LATENCY 2305400
TIMELINE 19 115 241737717065200 2305400
LATENCY 2280400
TIMELINE 19 131 241737772984700 2280400
LATENCY 2221800
TIMELINE 19 147 241737809814200 2221800
LATENCY 2113400
TIMELINE 19 163 241737845527400 2113400
LATENCY 2140800
TIMELINE 19 179 241737880301700 2140800
LATENCY 2451400
TIMELINE 19 195 241737916280700 2451400
LATENCY 2341500
TIMELINE 19 211 241737953267700 2341500
LATENCY 2244300
TIMELINE 19 227 241737988527100 2244300
LATENCY 2267800
TIMELINE 19 243 241738024901600 2267800
LATENCY 3029300
TIMELINE 19 259 241738078541700 3029300
LATENCY 2208300
TIMELINE 19 275 241738115898500 2208300
LATENCY 2167100
TIMELINE 19 291 241738150969000 2167100
LATENCY 2175700
TIMELINE 19 307 241738185819300 2175700
LATENCY 2208000
TIMELINE 19 323 241738219857500 2208000
LATENCY 2235100
TIMELINE 19 339 241738254304200 2235100
LATENCY 2154600
TIMELINE 19 355 241738290257600 2154600
LATENCY 2181900
TIMELINE 19 371 241738326162000 2181900
LATENCY 2185900
TIMELINE 19 387 241738362417500 2185900
LATENCY 2203700
TIMELINE 19 403 241738415431800 2203700
LATENCY 2140500
TIMELINE 19 419 241738450596200 2140500
LATENCY 2175400
TIMELINE 19 435 241738485287000 2175400
LATENCY 2247800
TIMELINE 19 451 241738520432600 2247800
LATENCY 2356200
TIMELINE 19 467 241738556615200 2356200
LATENCY 2278300
TIMELINE 19 483 241738592334500 2278300
LATENCY 2264700
TIMELINE 19 499 241738628067000 2264700
LATENCY 2366000
TIMELINE 19 515 241738663863000 2366000
LATENCY 2126500
TIMELINE 19 531 241738718074200 2126500
LATENCY 2333200
TIMELINE 19 547 241738752716900 2333200
LATENCY 2114100
TIMELINE 19 563 241738786991400 2114100
LATENCY 2476300
TIMELINE 19 579 241738821707900 2476300
LATENCY 2131400
TIMELINE 19 595 241738856876100 2131400
LATENCY 2101200
TIMELINE 19 611 241738891364000 2101200
LATENCY 2203400
TIMELINE 19 627 241738926195300 2203400
LATENCY 2252300
TIMELINE 19 643 241738962339100 2252300
LATENCY 2759100
TIMELINE 19 659 241739017099900 2759100
LATENCY 2131600
TIMELINE 19 675 241739053109600 2131600
LATENCY 2284300
TIMELINE 19 691 241739087277300 2284300
LATENCY 2343800
TIMELINE 19 707 241739122055500 2343800
LATENCY 2203200
TIMELINE 19 723 241739158557300 2203200
LATENCY 2281800
TIMELINE 19 739 241739193785800 2281800
LATENCY 2233100
TIMELINE 19 755 241739229712300 2233100
LATENCY 2320800
TIMELINE 19 771 241739265451500 2320800
LATENCY 2259500
TIMELINE 19 787 241739301457100 2259500
LATENCY 2259400
TIMELINE 19 803 241739357503700 2259400
LATENCY 2333700
TIMELINE 19 819 241739393878300 2333700
LATENCY 2175300
TIMELINE 19 835 241739429970000 2175300
LATENCY 2261600
TIMELINE 19 851 241739465596900 2261600
LATENCY 2166200
TIMELINE 19 867 241739500345500 2166200
LATENCY 2149500
TIMELINE 19 883 241739534527000 2149500
LATENCY 2251700
TIMELINE 19 899 241739569670000 2251700
LATENCY 2218600
TIMELINE 19 915 241739605357300 2218600
LATENCY 2129900
TIMELINE 19 931 241739660177200 2129900
LATENCY 2121700
TIMELINE 19 947 241739694687000 2121700
LATENCY 2143000
TIMELINE 19 963 241739728925400 2143000
LATENCY 2142800
TIMELINE 19 979 241739763936300 2142800
LATENCY 2141400
TIMELINE 19 995 241739798237200 2141400
LATENCY 2165300
TIMELINE 19 1011 241739835228600 2165300
LATENCY 2188300
TIMELINE 19 1027 241739870404800 2188300
LATENCY 2434200
TIMELINE 19 1043 241739905324800 2434200
LATENCY 2358000
TIMELINE 19 1059 241739947138000 2358000
LATENCY 2184400
TIMELINE 19 1075 241739982141200 2184400
LATENCY 2181600
TIMELINE 19 1091 241740017490600 2181600
LATENCY 2167200
TIMELINE 19 1107 241740053052400 2167200
LATENCY 2182100
TIMELINE 19 1123 241740088134400 2182100
LATENCY 2246000
TIMELINE 19 1139 241740124209800 2246000
LATENCY 2263900
TIMELINE 19 1155 241740159887500 2263900
LATENCY 2131300
TIMELINE 19 1171 241740195076500 2131300
LATENCY 2159100
TIMELINE 19 1187 241740229778700 2159100
LATENCY 2125700
TIMELINE 19 1203 241740270323000 2125700
LATENCY 2156700
TIMELINE 19 1219 241740304616600 2156700
LATENCY 2578000
TIMELINE 19 1235 241740341451900 2578000
LATENCY 2657300
TIMELINE 19 1251 241740389755900 2657300
LATENCY 2680400
TIMELINE 19 1267 241740437665200 2680400
LATENCY 3082800
TIMELINE 19 1283 241740482421200 3082800
LATENCY 2893700
TIMELINE 19 1299 241740529858900 2893700
LATENCY 2942500
TIMELINE 19 1315 241740578952400 2942500
LATENCY 3200400
TIMELINE 19 1331 241740632611600 3200400
LATENCY 2638300
TIMELINE 19 1347 241740681901700 2638300
LATENCY 2770900
TIMELINE 19 1363 241740725642500 2770900
LATENCY 2764000
TIMELINE 19 1379 241740770471000 2764000
LATENCY 2698100
TIMELINE 19 1395 241740814663500 2698100
LATENCY 2603200
TIMELINE 19 1411 241740856639500 2603200
LATENCY 2996300
TIMELINE 19 1427 241740904088200 2996300
LATENCY 3053900
TIMELINE 19 1443 241740952808200 3053900
LATENCY 10582500
TIMELINE 19 1459 241740997087000 10582500
LATENCY 2966700
TIMELINE 19 1475 241741051458500 2966700
LATENCY 2937700
TIMELINE 19 1491 241741097874900 2937700
LATENCY 2867600
TIMELINE 19 1507 241741145361300 2867600
LATENCY 2767300
TIMELINE 19 1523 241741189226000 2767300
LATENCY 2712800
TIMELINE 19 1539 241741233531100 2712800
LATENCY 4729700
TIMELINE 19 1555 241741278583200 4729700
LATENCY 3011800
TIMELINE 19 1571 241741327320400 3011800
LATENCY 3112600
TIMELINE 19 1587 241741375367100 3112600
LATENCY 3064000
TIMELINE 19 1603 241741430439500 3064000
LATENCY 2836200
TIMELINE 19 1619 241741477906900 2836200
LATENCY 3094700
TIMELINE 19 1635 241741524757400 3094700
LATENCY 2660100
TIMELINE 19 1651 241741570380500 2660100
LATENCY 2982600
TIMELINE 19 1667 241741618433300 2982600
LATENCY 2960700
TIMELINE 19 1683 241741665491300 2960700
LATENCY 2744600
TIMELINE 19 1699 241741716130000 2744600
LATENCY 3096600
TIMELINE 19 1715 241741760275000 3096600
LATENCY 3079700
TIMELINE 19 1731 241741812554700 3079700
LATENCY 2706700
TIMELINE 19 1747 241741861459900 2706700
LATENCY 2788300
TIMELINE 19 1763 241741906740000 2788300
LATENCY 2641500
TIMELINE 19 1779 241741949235800 2641500
LATENCY 2966000
TIMELINE 19 1795 241741995577000 2966000
LATENCY 2686800
TIMELINE 19 1811 241742042166000 2686800
LATENCY 2612200
TIMELINE 19 1827 241742084584400 2612200
LATENCY 2963400
TIMELINE 19 1843 241742129012500 2963400
LATENCY 8374000
TIMELINE 19 1859 241742176929900 8374000
LATENCY 2804200
TIMELINE 19 1875 241742227306000 2804200
LATENCY 2865900
TIMELINE 19 1891 241742272678100 2865900
LATENCY 2816600
TIMELINE 19 1907 241742316808300 2816600
LATENCY 3009500
TIMELINE 19 1923 241742360837300 3009500
LATENCY 2678600
TIMELINE 19 1939 241742406713400 2678600
LATENCY 2747800
TIMELINE 19 1955 241742449550400 2747800
LATENCY 2781900
TIMELINE 19 1971 241742493723200 2781900
LATENCY 2813600
TIMELINE 19 1987 241742544365300 2813600
LATENCY 3069100
TIMELINE 19 2003 241742598298600 3069100
LATENCY 2571900
TIMELINE 19 2019 241742643463400 2571900
LATENCY 2649500
TIMELINE 19 2035 241742687980900 2649500
LATENCY 2371300
TIMELINE 20 4 241737467553300 2371300
LATENCY 2217900
TIMELINE 20 20 241737506106800 2217900
LATENCY 2188400
TIMELINE 20 36 241737542230400 2188400
LATENCY 2176600
TIMELINE 20 52 241737577134500 2176600
LATENCY 2188900
TIMELINE 20 68 241737611979500 2188900
LATENCY 2209600
TIMELINE 20 84 241737647502000 2209600
LATENCY 2305800
TIMELINE 20 100 241737682579500 2305800
LATENCY 2267900
TIMELINE 20 116 241737719407300 2267900
LATENCY 2314600
TIMELINE 20 132 241737775355900 2314600
LATENCY 2310500
TIMELINE 20 148 241737812099500 2310500
LATENCY 2137200
TIMELINE 20 164 241737847671300 2137200
LATENCY 2123100
TIMELINE 20 180 241737882476400 2123100
LATENCY 2252900
TIMELINE 20 196 241737918607800 2252900
LATENCY 2387000
TIMELINE 20 212 241737955197300 2387000
LATENCY 2232600
TIMELINE 20 228 241737990297700 2232600
LATENCY 2253700
TIMELINE 20 244 241738026763700 2253700
LATENCY 2610900
TIMELINE 20 260 241738080836800 2610900
LATENCY 2208900
TIMELINE 20 276 241738117271900 2208900
LATENCY 2171000
TIMELINE 20 292 241738152222200 2171000
LATENCY 2200900
TIMELINE 20 308 241738187063700 2200900
LATENCY 2067300
TIMELINE 20 324 241738221204300 2067300
LATENCY 2176500
TIMELINE 20 340 241738255627700 2176500
LATENCY 2187300
TIMELINE 20 356 241738291392600 2187300
LATENCY 2299100
TIMELINE 20 372 241738327393000 2299100
LATENCY 2084500
TIMELINE 20 388 241738363712000 2084500
LATENCY 2216300
TIMELINE 20 404 241738416711700 2216300
LATENCY 2126400
TIMELINE 20 420 241738451854800 2126400
LATENCY 2137800
TIMELINE 20 436 241738486476400 2137800
LATENCY 2398000
TIMELINE 20 452 241738521338600 2398000
LATENCY 2405600
TIMELINE 20 468 241738557366300 2405600
LATENCY 2285100
TIMELINE 20 484 241738593048000 2285100
LATENCY 2297000
TIMELINE 20 500 241738628660800 2297000
LATENCY 2419100
TIMELINE 20 516 241738664456400 2419100
LATENCY 2129300
TIMELINE 20 532 241738718699600 2129300
LATENCY 2397300
TIMELINE 20 548 241738753395300 2397300
LATENCY 2129700
TIMELINE 20 564 241738787651200 2129700
LATENCY 2443300
TIMELINE 20 580 241738822534900 2443300
LATENCY 2142700
TIMELINE 20 596 241738857550500 2142700
LATENCY 2105200
TIMELINE 20 612 241738892051500 2105200
LATENCY 2188000
TIMELINE 20 628 241738927147900 2188000
LATENCY 2335100
TIMELINE 20 644 241738962843900 2335100
LATENCY 2575100
TIMELINE 20 660 241739017718500 2575100
LATENCY 2137400
TIMELINE 20 676 241739053661100 2137400
LATENCY 2268300
TIMELINE 20 692 241739087837100 2268300
LATENCY 2338800
TIMELINE 20 708 241739122628600 2338800
LATENCY 2192300
TIMELINE 20 724 241739159017200 2192300
LATENCY 2291000
TIMELINE 20 740 241739194153800 2291000
LATENCY 2209700
TIMELINE 20 756 241739230100300 2209700
LATENCY 2433800
TIMELINE 20 772 241739265679300 2433800
LATENCY 2238700
TIMELINE 20 788 241739301637200 2238700
LATENCY 2266600
TIMELINE 20 804 241739357677500 2266600
LATENCY 2235800
TIMELINE 20 820 241739393440000 2235800
LATENCY 2179100
TIMELINE 20 836 241739429188100 2179100
LATENCY 2215200
TIMELINE 20 852 241739464730600 2215200
LATENCY 2126600
TIMELINE 20 868 241739499494000 2126600
LATENCY 2091400
TIMELINE 20 884 241739533685200 2091400
LATENCY 2258100
TIMELINE 20 900 241739568612100 2258100
LATENCY 2195500
TIMELINE 20 916 241739604303100 2195500
LATENCY 2185700
TIMELINE 20 932 241739658791800 2185700
LATENCY 2153400
TIMELINE 20 948 241739693430800 2153400
LATENCY 2137200
TIMELINE 20 964 241739727682100 2137200
LATENCY 2128700
TIMELINE 20 980 241739762640900 2128700
LATENCY 2179900
TIMELINE 20 996 241739796869900 2179900
LATENCY 2319100
TIMELINE 20 1012 241739833788200 2319100
LATENCY 2194700
TIMELINE 20 1028 241739869145000 2194700
LATENCY 2300400
TIMELINE 20 1044 241739903975500 2300400
LATENCY 8091000
TIMELINE 20 1060 241739939951900 8091000
LATENCY 2113300
TIMELINE 20 1076 241739980930500 2113300
LATENCY 2221200
TIMELINE 20 1092 241740016230500 2221200
LATENCY 2166400
TIMELINE 20 1108 241740051817900 2166400
LATENCY 2217200
TIMELINE 20 1124 241740086804000 2217200
LATENCY 2196200
TIMELINE 20 1140 241740122866000 2196200
LATENCY 2199400
TIMELINE 20 1156 241740158587500 2199400
LATENCY 2142700
TIMELINE 20 1172 241740193815700 2142700
LATENCY 2176800
TIMELINE 20 1188 241740228404700 2176800
LATENCY 2159500
TIMELINE 20 1204 241740268938300 2159500
LATENCY 2162300
TIMELINE 20 1220 241740303216200 2162300
LATENCY 2612900
TIMELINE 20 1236 241740339717900 2612900
LATENCY 3064600
TIMELINE 20 1252 241740387687800 3064600
LATENCY 2770000
TIMELINE 20 1268 241740435837600 2770000
LATENCY 3290400
TIMELINE 20 1284 241740480113100 3290400
LATENCY 2828700
TIMELINE 20 1300 241740527936500 2828700
LATENCY 2978400
TIMELINE 20 1316 241740576881200 2978400
LATENCY 3231100
TIMELINE 20 1332 241740630385000 3231100
LATENCY 2632800
TIMELINE 20 1348 241740680084900 2632800
LATENCY 2784000
TIMELINE 20 1364 241740723731900 2784000
LATENCY 2725400
TIMELINE 20 1380 241740768853400 2725400
LATENCY 2661700
TIMELINE 20 1396 241740813048100 2661700
LATENCY 2609000
TIMELINE 20 1412 241740855132300 2609000
LATENCY 3001900
TIMELINE 20 1428 241740902325600 3001900
LATENCY 3044700
TIMELINE 20 1444 241740951045500 3044700
LATENCY 10295300
TIMELINE 20 1460 241740995579900 10295300
LATENCY 2792400
TIMELINE 20 1476 241741048126600 2792400
LATENCY 2985300
TIMELINE 20 1492 241741094402000 2985300
LATENCY 2943300
TIMELINE 20 1508 241741141925700 2943300
LATENCY 2752000
TIMELINE 20 1524 241741185985600 2752000
LATENCY 2740200
TIMELINE 20 1540 241741230300000 2740200
LATENCY 3158100
TIMELINE 20 1556 241741274562900 3158100
LATENCY 2756100
TIMELINE 20 1572 241741323633700 2756100
LATENCY 2892600
TIMELINE 20 1588 241741371747700 2892600
LATENCY 3046700
TIMELINE 20 1604 241741426660400 3046700
LATENCY 2744900
TIMELINE 20 1620 241741474477700 2744900
LATENCY 3092900
TIMELINE 20 1636 241741520914600 3092900
LATENCY 2706400
TIMELINE 20 1652 241741567086800 2706400
LATENCY 2917100
TIMELINE 20 1668 241741614807900 2917100
LATENCY 2990600
TIMELINE 20 1684 241741661842700 2990600
LATENCY 2740500
TIMELINE 20 1700 241741712796200 2740500
LATENCY 2894400
TIMELINE 20 1716 241741756696100 2894400
LATENCY 2967100
TIMELINE 20 1732 241741808881900 2967100
LATENCY 2796700
TIMELINE 20 1748 241741858052800 2796700
LATENCY 2740700
TIMELINE 20 1764 241741903345700 2740700
LATENCY 2659600
TIMELINE 20 1780 241741945944200 2659600
LATENCY 2998300
TIMELINE 20 1796 241741991925900 2998300
LATENCY 2973600
TIMELINE 20 1812 241742038534400 2973600
LATENCY 2589900
TIMELINE 20 1828 241742081489600 2589900
LATENCY 2734400
TIMELINE 20 1844 241742125766100 2734400
LATENCY 3088100
TIMELINE 20 1860 241742173181700 3088100
LATENCY 2778500
TIMELINE 20 1876 241742224138000 2778500
LATENCY 2777600
TIMELINE 20 1892 241742269515400 2777600
LATENCY 2846600
TIMELINE 20 1908 241742313525700 2846600
LATENCY 2624600
TIMELINE 20 1924 241742357832800 2624600
LATENCY 2711900
TIMELINE 20 1940 241742403662300 2711900
LATENCY 2765200
TIMELINE 20 1956 241742446489400 2765200
LATENCY 2735500
TIMELINE 20 1972 241742490681500 2735500
LATENCY 2907600
TIMELINE 20 1988 241742541180200 2907600
LATENCY 3018300
TIMELINE 20 2004 241742594931900 3018300
LATENCY 2570100
TIMELINE 20 2020 241742640609200 2570100
LATENCY 2691900
TIMELINE 20 2036 241742684981900 2691900
LATENCY 2787400
TIMELINE 21 5 241737469892000 2787400
LATENCY 2203000
TIMELINE 21 21 241737508360200 2203000
LATENCY 2138000
TIMELINE 21 37 241737544482200 2138000
LATENCY 2164200
TIMELINE 21 53 241737579372000 2164200
LATENCY 2145300
TIMELINE 21 69 241737614287000 2145300
LATENCY 2228700
TIMELINE 21 85 241737649838200 2228700
LATENCY 2291900
TIMELINE 21 101 241737684952000 2291900
LATENCY 2281000
TIMELINE 21 117 241737721838700 2281000
LATENCY 2218000
TIMELINE 21 133 241737777763900 2218000
LATENCY 2232200
TIMELINE 21 149 241737814557600 2232200
LATENCY 2137200
TIMELINE 21 165 241737849962000 2137200
LATENCY 2171800
TIMELINE 21 181 241737884749800 2171800
LATENCY 2473100
TIMELINE 21 197 241737921236000 2473100
LATENCY 2224000
TIMELINE 21 213 241737957970800 2224000
LATENCY 2270100
TIMELINE 21 229 241737992943600 2270100
LATENCY 2257100
TIMELINE 21 245 241738029274000 2257100
LATENCY 2278300
TIMELINE 21 261 241738083690300 2278300
LATENCY 2195100
TIMELINE 21 277 241738119843500 2195100
LATENCY 2138300
TIMELINE 21 293 241738154754500 2138300
LATENCY 2128100
TIMELINE 21 309 241738189622200 2128100
LATENCY 2126300
TIMELINE 21 325 241738223612500 2126300
LATENCY 2208100
TIMELINE 21 341 241738258307700 2208100
LATENCY 2162700
TIMELINE 21 357 241738294087700 2162700
LATENCY 2373500
TIMELINE 21 373 241738330199200 2373500
LATENCY 2154300
TIMELINE 21 389 241738366359700 2154300
LATENCY 2211400
TIMELINE 21 405 241738419593900 2211400
LATENCY 2154900
TIMELINE 21 421 241738454585300 2154900
LATENCY 2226600
TIMELINE 21 437 241738489300100 2226600
LATENCY 2285500
TIMELINE 21 453 241738525032100 2285500
LATENCY 2208100
TIMELINE 21 469 241738561019500 2208100
LATENCY 2232800
TIMELINE 21 485 241738596600700 2232800
LATENCY 2243000
TIMELINE 21 501 241738632361000 2243000
LATENCY 2116400
TIMELINE 21 517 241738668241000 2116400
LATENCY 2143600
TIMELINE 21 533 241738722060900 2143600
LATENCY 2116900
TIMELINE 21 549 241738756886800 2116900
LATENCY 2270000
TIMELINE 21 565 241738790842400 2270000
LATENCY 2263700
TIMELINE 21 581 241738826224700 2263700
LATENCY 2112200
TIMELINE 21 597 241738860820000 2112200
LATENCY 2106500
TIMELINE 21 613 241738895236500 2106500
LATENCY 2189500
TIMELINE 21 629 241738930412500 2189500
LATENCY 2174800
TIMELINE 21 645 241738966324400 2174800
LATENCY 2318500
TIMELINE 21 661 241739021625300 2318500
LATENCY 2100500
TIMELINE 21 677 241739056954200 2100500
LATENCY 2141100
TIMELINE 21 693 241739091328100 2141100
LATENCY 2375900
TIMELINE 21 709 241739126543600 2375900
LATENCY 2164100
TIMELINE 21 725 241739162835100 2164100
LATENCY 2248600
TIMELINE 21 741 241739197937600 2248600
LATENCY 2193900
TIMELINE 21 757 241739233842600 2193900
LATENCY 2240100
TIMELINE 21 773 241739269730000 2240100
LATENCY 2137200
TIMELINE 21 789 241739305600700 2137200
LATENCY 2266200
TIMELINE 21 805 241739361594800 2266200
LATENCY 2148500
TIMELINE 21 821 241739397399400 2148500
LATENCY 2210000
TIMELINE 21 837 241739433177000 2210000
LATENCY 2218500
TIMELINE 21 853 241739468927700 2218500
LATENCY 2132000
TIMELINE 21 869 241739503542500 2132000
LATENCY 2116800
TIMELINE 21 885 241739537661400 2116800
LATENCY 2205500
TIMELINE 21 901 241739572819500 2205500
LATENCY 2075600
TIMELINE 21 917 241739608484300 2075600
LATENCY 2125200
TIMELINE 21 933 241739662884800 2125200
LATENCY 2166600
TIMELINE 21 949 241739697399400 2166600
LATENCY 2130900
TIMELINE 21 965 241739731702000 2130900
LATENCY 2201700
TIMELINE 21 981 241739766714800 2201700
LATENCY 2164000
TIMELINE 21 997 241739800951500 2164000
LATENCY 2119600
TIMELINE 21 1013 241739838116100 2119600
LATENCY 2116900
TIMELINE 21 1029 241739873357300 2116900
LATENCY 2325900
TIMELINE 21 1045 241739908500000 2325900
LATENCY 2199200
TIMELINE 21 1061 241739950348600 2199200
LATENCY 2043700
TIMELINE 21 1077 241739985204500 2043700
LATENCY 2249300
TIMELINE 21 1093 241740020507400 2249300
LATENCY 2197200
TIMELINE 21 1109 241740056027000 2197200
LATENCY 2185500
TIMELINE 21 1125 241740090976700 2185500
LATENCY 2217000
TIMELINE 21 1141 241740127093500 2217000
LATENCY 2190200
TIMELINE 21 1157 241740162745700 2190200
LATENCY 2123600
TIMELINE 21 1173 241740197737300 2123600
LATENCY 2177500
TIMELINE 21 1189 241740232425100 2177500
LATENCY 2128000
TIMELINE 21 1205 241740273132400 2128000
LATENCY 2117400
TIMELINE 21 1221 241740307449000 2117400
LATENCY 2630400
TIMELINE 21 1237 241740344881400 2630400
LATENCY 2870500
TIMELINE 21 1253 241740393308400 2870500
LATENCY 2837000
TIMELINE 21 1269 241740441239400 2837000
LATENCY 3047300
TIMELINE 21 1285 241740486741600 3047300
LATENCY 2876700
TIMELINE 21 1301 241740533818800 2876700
LATENCY 2904400
TIMELINE 21 1317 241740583032000 2904400
LATENCY 3028800
TIMELINE 21 1333 241740636992800 3028800
LATENCY 2725700
TIMELINE 21 1349 241740685625300 2725700
LATENCY 2684900
TIMELINE 21 1365 241740729471500 2684900
LATENCY 2761800
TIMELINE 21 1381 241740774627200 2761800
LATENCY 2618400
TIMELINE 21 1397 241740818649000 2618400
LATENCY 2623900
TIMELINE 21 1413 241740860588500 2623900
LATENCY 3024900
TIMELINE 21 1429 241740908621600 3024900
LATENCY 2824100
TIMELINE 21 1445 241740957389000 2824100
LATENCY 3348000
TIMELINE 21 1461 241741008933200 3348000
LATENCY 2963500
TIMELINE 21 1477 241741053503800 2963500
LATENCY 2976800
TIMELINE 21 1493 241741099950200 2976800
LATENCY 2934600
TIMELINE 21 1509 241741147369900 2934600
LATENCY 2709500
TIMELINE 21 1525 241741191160900 2709500
LATENCY 2727200
TIMELINE 21 1541 241741235459700 2727200
LATENCY 2804400
TIMELINE 21 1557 241741282243800 2804400
LATENCY 2994200
TIMELINE 21 1573 241741329170400 2994200
LATENCY 3083900
TIMELINE 21 1589 241741377280500 3083900
LATENCY 3099500
TIMELINE 21 1605 241741432299500 3099500
LATENCY 2831300
TIMELINE 21 1621 241741479631700 2831300
LATENCY 2998500
TIMELINE 21 1637 241741526622000 2998500
LATENCY 2673800
TIMELINE 21 1653 241741571996000 2673800
LATENCY 2908000
TIMELINE 21 1669 241741620185000 2908000
LATENCY 3000300
TIMELINE 21 1685 241741667247100 3000300
LATENCY 2741700
TIMELINE 21 1701 241741717772900 2741700
LATENCY 3069200
TIMELINE 21 1717 241741762047300 3069200
LATENCY 3305400
TIMELINE 21 1733 241741814296800 3305400
LATENCY 2704400
TIMELINE 21 1749 241741862955500 2704400
LATENCY 2710500
TIMELINE 21 1765 241741908289200 2710500
LATENCY 2652500
TIMELINE 21 1781 241741950685500 2652500
LATENCY 2954800
TIMELINE 21 1797 241741997185900 2954800
LATENCY 2622000
TIMELINE 21 1813 241742043692700 2622000
LATENCY 2575700
TIMELINE 21 1829 241742086105700 2575700
LATENCY 2977700
TIMELINE 21 1845 241742130691700 2977700
LATENCY 2765100
TIMELINE 21 1861 241742184117400 2765100
LATENCY 2812800
TIMELINE 21 1877 241742228882500 2812800
LATENCY 3085900
TIMELINE 21 1893 241742274315800 3085900
LATENCY 2763600
TIMELINE 21 1909 241742318527600 2763600
LATENCY 2885700
TIMELINE 21 1925 241742362588100 2885700
LATENCY 2676300
TIMELINE 21 1941 241742408247400 2676300
LATENCY 2782300
TIMELINE 21 1957 241742451122600 2782300
LATENCY 2767100
TIMELINE 21 1973 241742495312900 2767100
LATENCY 2807400
TIMELINE 21 1989 241742546035500 2807400
LATENCY 3198400
TIMELINE 21 2005 241742600025100 3198400
LATENCY 2713100
TIMELINE 21 2021 241742644934100 2713100
LATENCY 2599700
TIMELINE 21 2037 241742689559400 2599700
LATENCY 2583500
TIMELINE 22 6 241737473000800 2583500
LATENCY 2490100
TIMELINE 22 22 241737510799800 2490100
LATENCY 2187800
TIMELINE 22 38 241737546799300 2187800
LATENCY 2140000
TIMELINE 22 54 241737581823800 2140000
LATENCY 2150600
TIMELINE 22 70 241737616701100 2150600
LATENCY 2173100
TIMELINE 22 86 241737652333800 2173100
LATENCY 2440000
TIMELINE 22 102 241737687565000 2440000
LATENCY 2300200
TIMELINE 22 118 241737724225300 2300200
LATENCY 2287200
TIMELINE 22 134 241737780080600 2287200
LATENCY 2214400
TIMELINE 22 150 241737816914600 2214400
LATENCY 2151500
TIMELINE 22 166 241737852224200 2151500
LATENCY 2169500
TIMELINE 22 182 241737887039400 2169500
LATENCY 2237600
TIMELINE 22 198 241737923956900 2237600
LATENCY 2180000
TIMELINE 22 214 241737960490400 2180000
LATENCY 2413600
TIMELINE 22 230 241737995484200 2413600
LATENCY 2346500
TIMELINE 22 246 241738031826100 2346500
LATENCY 2281900
TIMELINE 22 262 241738086246200 2281900
LATENCY 2203400
TIMELINE 22 278 241738122312500 2203400
LATENCY 2122800
TIMELINE 22 294 241738157204400 2122800
LATENCY 2130300
TIMELINE 22 310 241738192067200 2130300
LATENCY 2071000
TIMELINE 22 326 241738226024500 2071000
LATENCY 2236400
TIMELINE 22 342 241738261055000 2236400
LATENCY 2229100
TIMELINE 22 358 241738296800400 2229100
LATENCY 2218200
TIMELINE 22 374 241738333144400 2218200
LATENCY 2128100
TIMELINE 22 390 241738368939600 2128100
LATENCY 2183600
TIMELINE 22 406 241738422201700 2183600
LATENCY 2364500
TIMELINE 22 422 241738457473800 2364500
LATENCY 2349100
TIMELINE 22 438 241738492067600 2349100
LATENCY 2280900
TIMELINE 22 454 241738527597300 2280900
LATENCY 2213500
TIMELINE 22 470 241738563517000 2213500
LATENCY 2453600
TIMELINE 22 486 241738599110200 2453600
LATENCY 2243500
TIMELINE 22 502 241738634934800 2243500
LATENCY 2135300
TIMELINE 22 518 241738670861500 2135300
LATENCY 2304100
TIMELINE 22 534 241738724708300 2304100
LATENCY 2065500
TIMELINE 22 550 241738759643000 2065500
LATENCY 2128800
TIMELINE 22 566 241738793765600 2128800
LATENCY 2184000
TIMELINE 22 582 241738829145100 2184000
LATENCY 2143300
TIMELINE 22 598 241738863594800 2143300
LATENCY 2275800
TIMELINE 22 614 241738898005500 2275800
LATENCY 2193100
TIMELINE 22 630 241738933257500 2193100
LATENCY 2193500
TIMELINE 22 646 241738969059200 2193500
LATENCY 2532500
TIMELINE 22 662 241739024719400 2532500
LATENCY 2110200
TIMELINE 22 678 241739059649300 2110200
LATENCY 2129200
TIMELINE 22 694 241739094037900 2129200
LATENCY 2298100
TIMELINE 22 710 241739129358000 2298100
LATENCY 2294600
TIMELINE 22 726 241739165319800 2294600
LATENCY 2225800
TIMELINE 22 742 241739200752000 2225800
LATENCY 2191300
TIMELINE 22 758 241739236493300 2191300
LATENCY 2273400
TIMELINE 22 774 241739272223300 2273400
LATENCY 2381600
TIMELINE 22 790 241739307978700 2381600
LATENCY 2235400
TIMELINE 22 806 241739364225400 2235400
LATENCY 2290600
TIMELINE 22 822 241739399748500 2290600
LATENCY 2359300
TIMELINE 22 838 241739435556800 2359300
LATENCY 2271700
TIMELINE 22 854 241739471344200 2271700
LATENCY 2106600
TIMELINE 22 870 241739505887000 2106600
LATENCY 2122100
TIMELINE 22 886 241739539991600 2122100
LATENCY 2193300
TIMELINE 22 902 241739575249800 2193300
LATENCY 2110600
TIMELINE 22 918 241739610780800 2110600
LATENCY 2147900
TIMELINE 22 934 241739665278100 2147900
LATENCY 2113500
TIMELINE 22 950 241739699890600 2113500
LATENCY 2162300
TIMELINE 22 966 241739734155700 2162300
LATENCY 2107000
TIMELINE 22 982 241739769289200 2107000
LATENCY 2113800
TIMELINE 22 998 241739803497200 2113800
LATENCY 2249700
TIMELINE 22 1014 241739840434900 2249700
LATENCY 2135000
TIMELINE 22 1030 241739875669000 2135000
LATENCY 2227600
TIMELINE 22 1046 241739911068700 2227600
LATENCY 2352200
TIMELINE 22 1062 241739952841600 2352200
LATENCY 2106200
TIMELINE 22 1078 241739987607900 2106200
LATENCY 2201700
TIMELINE 22 1094 241740023174500 2201700
LATENCY 2158600
TIMELINE 22 1110 241740058577800 2158600
LATENCY 2338000
TIMELINE 22 1126 241740093495700 2338000
LATENCY 2198400
TIMELINE 22 1142 241740129654600 2198400
LATENCY 2213200
TIMELINE 22 1158 241740165387500 2213200
LATENCY 2131400
TIMELINE 22 1174 241740200393900 2131400
LATENCY 2423000
TIMELINE 22 1190 241740235705300 2423000
LATENCY 2130900
TIMELINE 22 1206 241740276085500 2130900
LATENCY 2175900
TIMELINE 22 1222 241740310336400 2175900
LATENCY 3407600
TIMELINE 22 1238 241740348500400 3407600
LATENCY 2956900
TIMELINE 22 1254 241740397311000 2956900
LATENCY 2967300
TIMELINE 22 1270 241740445135800 2967300
LATENCY 2980900
TIMELINE 22 1286 241740490670500 2980900
LATENCY 2825500
TIMELINE 22 1302 241740537513700 2825500
LATENCY 2917700
TIMELINE 22 1318 241740586812400 2917700
LATENCY 3191500
TIMELINE 22 1334 241740640936400 3191500
LATENCY 2843800
TIMELINE 22 1350 241740689213800 2843800
LATENCY 2752300
TIMELINE 22 1366 241740733080700 2752300
LATENCY 2799300
TIMELINE 22 1382 241740778430400 2799300
LATENCY 2625500
TIMELINE 22 1398 241740822269300 2625500
LATENCY 2950900
TIMELINE 22 1414 241740864220500 2950900
LATENCY 3051700
TIMELINE 22 1430 241740912849700 3051700
LATENCY 2754200
TIMELINE 22 1446 241740961288900 2754200
LATENCY 2704300
TIMELINE 22 1462 241741016646800 2704300
LATENCY 2938100
TIMELINE 22 1478 241741060813200 2938100
LATENCY 2986800
TIMELINE 22 1494 241741107283300 2986800
LATENCY 2738900
TIMELINE 22 1510 241741154494900 2738900
LATENCY 2711800
TIMELINE 22 1526 241741197970200 2711800
LATENCY 2784200
TIMELINE 22 1542 241741242140200 2784200
LATENCY 2977200
TIMELINE 22 1558 241741289151200 2977200
LATENCY 3082000
TIMELINE 22 1574 241741336619200 3082000
LATENCY 3089300
TIMELINE 22 1590 241741384997200 3089300
LATENCY 3053100
TIMELINE 22 1606 241741439983200 3053100
LATENCY 2903300
TIMELINE 22 1622 241741486518200 2903300
LATENCY 2759200
TIMELINE 22 1638 241741533716200 2759200
LATENCY 3106600
TIMELINE 22 1654 241741578895300 3106600
LATENCY 2920100
TIMELINE 22 1670 241741627387800 2920100
LATENCY 2942500
TIMELINE 22 1686 241741674600300 2942500
LATENCY 2747900
TIMELINE 22 1702 241741724515500 2747900
LATENCY 2998200
TIMELINE 22 1718 241741769727300 2998200
LATENCY 2714600
TIMELINE 22 1734 241741822359300 2714600
LATENCY 2708100
TIMELINE 22 1750 241741869626700 2708100
LATENCY 2597100
TIMELINE 22 1766 241741914791200 2597100
LATENCY 2676600
TIMELINE 22 1782 241741957177400 2676600
LATENCY 2951300
TIMELINE 22 1798 241742004399500 2951300
LATENCY 2706000
TIMELINE 22 1814 241742050513000 2706000
LATENCY 2650300
TIMELINE 22 1830 241742092771500 2650300
LATENCY 2961400
TIMELINE 22 1846 241742137880600 2961400
LATENCY 2960100
TIMELINE 22 1862 241742190791600 2960100
LATENCY 2760000
TIMELINE 22 1878 241742235694600 2760000
LATENCY 2703500
TIMELINE 22 1894 241742281229100 2703500
LATENCY 2729400
TIMELINE 22 1910 241742325134100 2729400
LATENCY 3076300
TIMELINE 22 1926 241742369680300 3076300
LATENCY 2722600
TIMELINE 22 1942 241742414752300 2722600
LATENCY 2764500
TIMELINE 22 1958 241742457984200 2764500
LATENCY 2875800
TIMELINE 22 1974 241742505532200 2875800
LATENCY 3144200
TIMELINE 22 1990 241742553068900 3144200
LATENCY 2719800
TIMELINE 22 2006 241742609548700 2719800
LATENCY 2790500
TIMELINE 22 2022 241742651478500 2790500
LATENCY 2609400
TIMELINE 22 2038 241742695963700 2609400
LATENCY 2593500
TIMELINE 23 7 241737475343000 2593500
LATENCY 2456300
TIMELINE 23 23 241737513049600 2456300
LATENCY 2140100
TIMELINE 23 39 241737548838000 2140100
LATENCY 2294000
TIMELINE 23 55 241737583591000 2294000
LATENCY 2159000
TIMELINE 23 71 241737618503000 2159000
LATENCY 2188300
TIMELINE 23 87 241737654229500 2188300
LATENCY 2281700
TIMELINE 23 103 241737689726300 2281700
LATENCY 2267600
TIMELINE 23 119 241737726282800 2267600
LATENCY 2388600
TIMELINE 23 135 241737782118000 2388600
LATENCY 2256100
TIMELINE 23 151 241737818885300 2256100
LATENCY 2243100
TIMELINE 23 167 241737854144000 2243100
LATENCY 2629900
TIMELINE 23 183 241737888967400 2629900
LATENCY 2259900
TIMELINE 23 199 241737925953000 2259900
LATENCY 2163300
TIMELINE 23 215 241737962445800 2163300
LATENCY 2211200
TIMELINE 23 231 241737997432400 2211200
LATENCY 2205700
TIMELINE 23 247 241738033932200 2205700
LATENCY 2463500
TIMELINE 23 263 241738088309600 2463500
LATENCY 2209300
TIMELINE 23 279 241738124459800 2209300
LATENCY 2128500
TIMELINE 23 295 241738159299900 2128500
LATENCY 2115000
TIMELINE 23 311 241738194169100 2115000
LATENCY 2101200
TIMELINE 23 327 241738228044200 2101200
LATENCY 2195300
TIMELINE 23 343 241738262929300 2195300
LATENCY 2247400
TIMELINE 23 359 241738298622400 2247400
LATENCY 2186000
TIMELINE 23 375 241738334950800 2186000
LATENCY 2100500
TIMELINE 23 391 241738370631700 2100500
LATENCY 2096900
TIMELINE 23 407 241738423937000 2096900
LATENCY 2264100
TIMELINE 23 423 241738459019600 2264100
LATENCY 2245000
TIMELINE 23 439 241738493765700 2245000
LATENCY 2205000
TIMELINE 23 455 241738529448800 2205000
LATENCY 2221600
TIMELINE 23 471 241738565308000 2221600
LATENCY 2187100
TIMELINE 23 487 241738601028200 2187100
LATENCY 2183800
TIMELINE 23 503 241738636526800 2183800
LATENCY 2113200
TIMELINE 23 519 241738672271700 2113200
LATENCY 2153700
TIMELINE 23 535 241738726223700 2153700
LATENCY 2054900
TIMELINE 23 551 241738760887900 2054900
LATENCY 2135300
TIMELINE 23 567 241738795038400 2135300
LATENCY 2173600
TIMELINE 23 583 241738830452100 2173600
LATENCY 2242400
TIMELINE 23 599 241738864829700 2242400
LATENCY 2129400
TIMELINE 23 615 241738899477600 2129400
LATENCY 2195400
TIMELINE 23 631 241738934614700 2195400
LATENCY 2194700
TIMELINE 23 647 241738971082200 2194700
LATENCY 2214400
TIMELINE 23 663 241739027113500 2214400
LATENCY 2107300
TIMELINE 23 679 241739061651600 2107300
LATENCY 2119700
TIMELINE 23 695 241739096047100 2119700
LATENCY 2337400
TIMELINE 23 711 241739131627600 2337400
LATENCY 2170300
TIMELINE 23 727 241739167648400 2170300
LATENCY 2238900
TIMELINE 23 743 241739203046300 2238900
LATENCY 2132900
TIMELINE 23 759 241739238980900 2132900
LATENCY 2399500
TIMELINE 23 775 241739275079000 2399500
LATENCY 2155300
TIMELINE 23 791 241739310883100 2155300
LATENCY 2170000
TIMELINE 23 807 241739367070800 2170000
LATENCY 2206700
TIMELINE 23 823 241739402459900 2206700
LATENCY 2183900
TIMELINE 23 839 241739438219400 2183900
LATENCY 2215300
TIMELINE 23 855 241739473907200 2215300
LATENCY 2122800
TIMELINE 23 871 241739508253400 2122800
LATENCY 2119800
TIMELINE 23 887 241739542385000 2119800
LATENCY 2177200
TIMELINE 23 903 241739577771600 2177200
LATENCY 2115700
TIMELINE 23 919 241739613201800 2115700
LATENCY 2112500
TIMELINE 23 935 241739667714100 2112500
LATENCY 2216400
TIMELINE 23 951 241739702298200 2216400
LATENCY 2122100
TIMELINE 23 967 241739736601500 2122100
LATENCY 2172300
TIMELINE 23 983 241739771538400 2172300
LATENCY 2124000
TIMELINE 23 999 241739805763700 2124000
LATENCY 2353000
TIMELINE 23 1015 241739842986400 2353000
LATENCY 2172700
TIMELINE 23 1031 241739878074400 2172700
LATENCY 2213500
TIMELINE 23 1047 241739913635700 2213500
LATENCY 2240900
TIMELINE 23 1063 241739955433500 2240900
LATENCY 2126100
TIMELINE 23 1079 241739990000400 2126100
LATENCY 2204800
TIMELINE 23 1095 241740025611100 2204800
LATENCY 2170000
TIMELINE 23 1111 241740060968000 2170000
LATENCY 2282400
TIMELINE 23 1127 241740096202700 2282400
LATENCY 2189500
TIMELINE 23 1143 241740132159800 2189500
LATENCY 2206200
TIMELINE 23 1159 241740167935100 2206200
LATENCY 2276800
TIMELINE 23 1175 241740202787700 2276800
LATENCY 2213500
TIMELINE 23 1191 241740238067000 2213500
LATENCY 2178000
TIMELINE 23 1207 241740278158900 2178000
LATENCY 2157700
TIMELINE 23 1223 241740312484000 2157700
LATENCY 3207500
TIMELINE 23 1239 241740351860300 3207500
LATENCY 2807700
TIMELINE 23 1255 241740400230500 2807700
LATENCY 2981500
TIMELINE 23 1271 241740447980300 2981500
LATENCY 3026900
TIMELINE 23 1287 241740493532100 3026900
LATENCY 2807700
TIMELINE 23 1303 241740540224200 2807700
LATENCY 2959400
TIMELINE 23 1319 241740589527600 2959400
LATENCY 2948800
TIMELINE 23 1335 241740643898700 2948800
LATENCY 2711400
TIMELINE 23 1351 241740691902800 2711400
LATENCY 2739200
TIMELINE 23 1367 241740735679400 2739200
LATENCY 2720400
TIMELINE 23 1383 241740781037400 2720400
LATENCY 2684300
TIMELINE 23 1399 241740824716200 2684300
LATENCY 3080200
TIMELINE 23 1415 241740866962100 3080200
LATENCY 3000300
TIMELINE 23 1431 241740915689900 3000300
LATENCY 2784300
TIMELINE 23 1447 241740963858300 2784300
LATENCY 2671600
TIMELINE 23 1463 241741018644700 2671600
LATENCY 2929500
TIMELINE 23 1479 241741062934200 2929500
LATENCY 2958200
TIMELINE 23 1495 241741109441700 2958200
LATENCY 2664400
TIMELINE 23 1511 241741156524300 2664400
LATENCY 2762200
TIMELINE 23 1527 241741199981300 2762200
LATENCY 2747500
TIMELINE 23 1543 241741244201700 2747500
LATENCY 3038100
TIMELINE 23 1559 241741291200500 3038100
LATENCY 3073200
TIMELINE 23 1575 241741338910900 3073200
LATENCY 3131100
TIMELINE 23 1591 241741387351500 3131100
LATENCY 3069100
TIMELINE 23 1607 241741442309700 3069100
LATENCY 2750200
TIMELINE 23 1623 241741488823800 2750200
LATENCY 2774700
TIMELINE 23 1639 241741535905900 2774700
LATENCY 4286700
TIMELINE 23 1655 241741581090200 4286700
LATENCY 2949100
TIMELINE 23 1671 241741629549300 2949100
LATENCY 2976200
TIMELINE 23 1687 241741676792900 2976200
LATENCY 2751500
TIMELINE 23 1703 241741726581700 2751500
LATENCY 3059600
TIMELINE 23 1719 241741771958800 3059600
LATENCY 2671500
TIMELINE 23 1735 241741824387000 2671500
LATENCY 2800400
TIMELINE 23 1751 241741872047900 2800400
LATENCY 2644100
TIMELINE 23 1767 241741917102600 2644100
LATENCY 2585600
TIMELINE 23 1783 241741959561400 2585600
LATENCY 2680700
TIMELINE 23 1799 241742007013200 2680700
LATENCY 2688400
TIMELINE 23 1815 241742053006800 2688400
LATENCY 2835000
TIMELINE 23 1831 241742095155100 2835000
LATENCY 2978500
TIMELINE 23 1847 241742140590400 2978500
LATENCY 2821800
TIMELINE 23 1863 241742193630400 2821800
LATENCY 2976400
TIMELINE 23 1879 241742238341900 2976400
LATENCY 2751400
TIMELINE 23 1895 241742283816900 2751400
LATENCY 2851800
TIMELINE 23 1911 241742327750400 2851800
LATENCY 2894500
TIMELINE 23 1927 241742372639600 2894500
LATENCY 2649400
TIMELINE 23 1943 241742417326200 2649400
LATENCY 2703500
TIMELINE 23 1959 241742460595800 2703500
LATENCY 2849500
TIMELINE 23 1975 241742508246200 2849500
LATENCY 3029400
TIMELINE 23 1991 241742556044800 3029400
LATENCY 2740100
TIMELINE 23 2007 241742612111900 2740100
LATENCY 2876100
TIMELINE 23 2023 241742654043300 2876100
LATENCY 2621600
TIMELINE 23 2039 241742698314800 2621600
LATENCY 2505400
TIMELINE 24 8 241737478077400 2505400
LATENCY 2273800
TIMELINE 24 24 241737515596600 2273800
LATENCY 2197100
TIMELINE 24 40 241737551069400 2197100
LATENCY 2201700
TIMELINE 24 56 241737586105400 2201700
LATENCY 2128300
TIMELINE 24 72 241737620810100 2128300
LATENCY 2176300
TIMELINE 24 88 241737656218100 2176300
LATENCY 2262100
TIMELINE 24 104 241737691738800 2262100
LATENCY 2238800
TIMELINE 24 120 241737728277900 2238800
LATENCY 2305600
TIMELINE 24 136 241737784259900 2305600
LATENCY 2176600
TIMELINE 24 152 241737820870400 2176600
LATENCY 2147800
TIMELINE 24 168 241737856095900 2147800
LATENCY 2340400
TIMELINE 24 184 241737891083200 2340400
LATENCY 2413500
TIMELINE 24 200 241737927643300 2413500
LATENCY 2174700
TIMELINE 24 216 241737964045600 2174700
LATENCY 2366600
TIMELINE 24 232 241737999068600 2366600
LATENCY 2231400
TIMELINE 24 248 241738035671600 2231400
LATENCY 2313400
TIMELINE 24 264 241738090133800 2313400
LATENCY 2174800
TIMELINE 24 280 241738126155400 2174800
LATENCY 2125500
TIMELINE 24 296 241738160849700 2125500
LATENCY 2123200
TIMELINE 24 312 241738195858900 2123200
LATENCY 2117500
TIMELINE 24 328 241738229725000 2117500
LATENCY 2161500
TIMELINE 24 344 241738264752500 2161500
LATENCY 2590800
TIMELINE 24 360 241738300501700 2590800
LATENCY 2189700
TIMELINE 24 376 241738336908800 2189700
LATENCY 20179900
TIMELINE 24 392 241738372573800 20179900
LATENCY 2239300
TIMELINE 24 408 241738425893000 2239300
LATENCY 2100400
TIMELINE 24 424 241738461167800 2100400
LATENCY 2200900
TIMELINE 24 440 241738495892000 2200900
LATENCY 2235400
TIMELINE 24 456 241738531356500 2235400
LATENCY 2184500
TIMELINE 24 472 241738567222500 2184500
LATENCY 2235200
TIMELINE 24 488 241738603039000 2235200
LATENCY 2185600
TIMELINE 24 504 241738638624800 2185600
LATENCY 2094100
TIMELINE 24 520 241738674329300 2094100
LATENCY 2159100
TIMELINE 24 536 241738728350100 2159100
LATENCY 2065600
TIMELINE 24 552 241738762890700 2065600
LATENCY 2134300
TIMELINE 24 568 241738797114200 2134300
LATENCY 2110100
TIMELINE 24 584 241738832536600 2110100
LATENCY 2307500
TIMELINE 24 600 241738867011400 2307500
LATENCY 2107100
TIMELINE 24 616 241738901425100 2107100
LATENCY 2391100
TIMELINE 24 632 241738936587600 2391100
LATENCY 2200100
TIMELINE 24 648 241738972558400 2200100
LATENCY 2179500
TIMELINE 24 664 241739028376600 2179500
LATENCY 2152500
TIMELINE 24 680 241739062813100 2152500
LATENCY 2110400
TIMELINE 24 696 241739097317500 2110400
LATENCY 2282100
TIMELINE 24 712 241739132931600 2282100
LATENCY 2156700
TIMELINE 24 728 241739168823900 2156700
LATENCY 2231000
TIMELINE 24 744 241739204116300 2231000
LATENCY 2253700
TIMELINE 24 760 241739239757800 2253700
LATENCY 2409100
TIMELINE 24 776 241739275717200 2409100
LATENCY 21641900
TIMELINE 24 792 241739311617800 21641900
LATENCY 2207000
TIMELINE 24 808 241739367467100 2207000
LATENCY 2227700
TIMELINE 24 824 241739403034400 2227700
LATENCY 2205300
TIMELINE 24 840 241739438678800 2205300
LATENCY 2207900
TIMELINE 24 856 241739474423500 2207900
LATENCY 2117400
TIMELINE 24 872 241739508682200 2117400
LATENCY 2102600
TIMELINE 24 888 241739542825200 2102600
LATENCY 2182800
TIMELINE 24 904 241739578220300 2182800
LATENCY 2134900
TIMELINE 24 920 241739613656600 2134900
LATENCY 2105400
TIMELINE 24 936 241739668211900 2105400
LATENCY 2225500
TIMELINE 24 952 241739702735300 2225500
LATENCY 2139800
TIMELINE 24 968 241739737033900 2139800
LATENCY 2167000
TIMELINE 24 984 241739772155400 2167000
LATENCY 2105300
TIMELINE 24 1000 241739806285200 2105300
LATENCY 2281800
TIMELINE 24 1016 241739844158100 2281800
LATENCY 2185800
TIMELINE 24 1032 241739879130000 2185800
LATENCY 2205200
TIMELINE 24 1048 241739914661500 2205200
LATENCY 2237400
TIMELINE 24 1064 241739956426700 2237400
LATENCY 2134600
TIMELINE 24 1080 241739990980200 2134600
LATENCY 2158200
TIMELINE 24 1096 241740026612100 2158200
LATENCY 2136000
TIMELINE 24 1112 241740061926100 2136000
LATENCY 2239800
TIMELINE 24 1128 241740097200600 2239800
LATENCY 2209200
TIMELINE 24 1144 241740133168400 2209200
LATENCY 2208900
TIMELINE 24 1160 241740168834600 2208900
LATENCY 2313900
TIMELINE 24 1176 241740203676700 2313900
LATENCY 2224000
TIMELINE 24 1192 241740238635400 2224000
LATENCY 2160000
TIMELINE 24 1208 241740278737300 2160000
LATENCY 2246900
TIMELINE 24 1224 241740313021100 2246900
LATENCY 3034800
TIMELINE 24 1240 241740352799000 3034800
LATENCY 2799300
TIMELINE 24 1256 241740400976100 2799300
LATENCY 2964600
TIMELINE 24 1272 241740448899200 2964600
LATENCY 3088700
TIMELINE 24 1288 241740494404200 3088700
LATENCY 2789800
TIMELINE 24 1304 241740541089600 2789800
LATENCY 3016400
TIMELINE 24 1320 241740590512600 3016400
LATENCY 2742000
TIMELINE 24 1336 241740644976900 2742000
LATENCY 2697800
TIMELINE 24 1352 241740692727400 2697800
LATENCY 2760800
TIMELINE 24 1368 241740736519300 2760800
LATENCY 2719600
TIMELINE 24 1384 241740781635100 2719600
LATENCY 2684900
TIMELINE 24 1400 241740825263400 2684900
LATENCY 3083200
TIMELINE 24 1416 241740867602700 3083200
LATENCY 2993100
TIMELINE 24 1432 241740916329000 2993100
LATENCY 2771000
TIMELINE 24 1448 241740964444500 2771000
LATENCY 2649100
TIMELINE 24 1464 241741017367800 2649100
LATENCY 2932700
TIMELINE 24 1480 241741061570300 2932700
LATENCY 2984100
TIMELINE 24 1496 241741108032100 2984100
LATENCY 2742400
TIMELINE 24 1512 241741155151700 2742400
LATENCY 2772000
TIMELINE 24 1528 241741198633100 2772000
LATENCY 2776900
TIMELINE 24 1544 241741242852300 2776900
LATENCY 2985000
TIMELINE 24 1560 241741289789500 2985000
LATENCY 3105100
TIMELINE 24 1576 241741337293200 3105100
LATENCY 3115000
TIMELINE 24 1592 241741385649100 3115000
LATENCY 3054700
TIMELINE 24 1608 241741440642600 3054700
LATENCY 2971200
TIMELINE 24 1624 241741487122000 2971200
LATENCY 2781300
TIMELINE 24 1640 241741534375700 2781300
LATENCY 4169400
TIMELINE 24 1656 241741579471100 4169400
LATENCY 2912300
TIMELINE 24 1672 241741627971700 2912300
LATENCY 2945100
TIMELINE 24 1688 241741675185400 2945100
LATENCY 2733200
TIMELINE 24 1704 241741725065900 2733200
LATENCY 3012500
TIMELINE 24 1720 241741770302000 3012500
LATENCY 2700200
TIMELINE 24 1736 241741822879300 2700200
LATENCY 2717700
TIMELINE 24 1752 241741870316000 2717700
LATENCY 2620700
TIMELINE 24 1768 241741915441600 2620700
LATENCY 2675900
TIMELINE 24 1784 241741957832300 2675900
LATENCY 2841100
TIMELINE 24 1800 241742005150200 2841100
LATENCY 2667600
TIMELINE 24 1816 241742051261000 2667600
LATENCY 2687300
TIMELINE 24 1832 241742093511300 2687300
LATENCY 2952900
TIMELINE 24 1848 241742138725000 2952900
LATENCY 2969700
TIMELINE 24 1864 241742191570600 2969700
LATENCY 2757500
TIMELINE 24 1880 241742236470400 2757500
LATENCY 2703500
TIMELINE 24 1896 241742281987500 2703500
LATENCY 2864500
TIMELINE 24 1912 241742325872900 2864500
LATENCY 3025700
TIMELINE 24 1928 241742370602000 3025700
LATENCY 2742400
TIMELINE 24 1944 241742415437300 2742400
LATENCY 2733300
TIMELINE 24 1960 241742458709400 2733300
LATENCY 2877900
TIMELINE 24 1976 241742506291300 2877900
LATENCY 3045300
TIMELINE 24 1992 241742553940700 3045300
LATENCY 2721000
TIMELINE 24 2008 241742610226700 2721000
LATENCY 2902300
TIMELINE 24 2024 241742652099900 2902300
LATENCY 2596400
TIMELINE 24 2040 241742696578300 2596400
LATENCY 3367000
TIMELINE 25 9 241737480660000 3367000
LATENCY 2223700
TIMELINE 25 25 241737518056200 2223700
LATENCY 2118000
TIMELINE 25 41 241737553452800 2118000
LATENCY 2178500
TIMELINE 25 57 241737588602000 2178500
LATENCY 2150000
TIMELINE 25 73 241737623270600 2150000
LATENCY 2202300
TIMELINE 25 89 241737659135100 2202300
LATENCY 2349700
TIMELINE 25 105 241737694764200 2349700
LATENCY 2208700
TIMELINE 25 121 241737731303700 2208700
LATENCY 2297400
TIMELINE 25 137 241737787259600 2297400
LATENCY 2136000
TIMELINE 25 153 241737823716500 2136000
LATENCY 2173000
TIMELINE 25 169 241737858917300 2173000
LATENCY 2398400
TIMELINE 25 185 241737894149800 2398400
LATENCY 2312900
TIMELINE 25 201 241737931011800 2312900
LATENCY 2145300
TIMELINE 25 217 241737967100400 2145300
LATENCY 2222300
TIMELINE 25 233 241738002340100 2222300
LATENCY 2206800
TIMELINE 25 249 241738038820600 2206800
LATENCY 2271500
TIMELINE 25 265 241738093649500 2271500
LATENCY 2110900
TIMELINE 25 281 241738129230700 2110900
LATENCY 2132600
TIMELINE 25 297 241738163900300 2132600
LATENCY 2147700
TIMELINE 25 313 241738198792100 2147700
LATENCY 2103500
TIMELINE 25 329 241738232648800 2103500
LATENCY 2205000
TIMELINE 25 345 241738268275500 2205000
LATENCY 2277000
TIMELINE 25 361 241738303961700 2277000
LATENCY 2199000
TIMELINE 25 377 241738339926500 2199000
LATENCY 2223400
TIMELINE 25 393 241738393745800 2223400
LATENCY 2167400
TIMELINE 25 409 241738429050200 2167400
LATENCY 2135300
TIMELINE 25 425 241738464324300 2135300
LATENCY 2243900
TIMELINE 25 441 241738499176000 2243900
LATENCY 2234400
TIMELINE 25 457 241738535034100 2234400
LATENCY 2136100
TIMELINE 25 473 241738570810300 2136100
LATENCY 2150600
TIMELINE 25 489 241738606707900 2150600
LATENCY 2173000
TIMELINE 25 505 241738642224500 2173000
LATENCY 2177000
TIMELINE 25 521 241738677681300 2177000
LATENCY 2119000
TIMELINE 25 537 241738731780700 2119000
LATENCY 2166400
TIMELINE 25 553 241738766292400 2166400
LATENCY 2180400
TIMELINE 25 569 241738800605700 2180400
LATENCY 2164900
TIMELINE 25 585 241738835974900 2164900
LATENCY 2147400
TIMELINE 25 601 241738870581200 2147400
LATENCY 2135900
TIMELINE 25 617 241738904867900 2135900
LATENCY 2242500
TIMELINE 25 633 241738940006700 2242500
LATENCY 2158700
TIMELINE 25 649 241738975811700 2158700
LATENCY 2185200
TIMELINE 25 665 241739031920500 2185200
LATENCY 2166500
TIMELINE 25 681 241739066276600 2166500
LATENCY 2131600
TIMELINE 25 697 241739100695100 2131600
LATENCY 2252000
TIMELINE 25 713 241739136648200 2252000
LATENCY 2144100
TIMELINE 25 729 241739172390100 2144100
LATENCY 2227700
TIMELINE 25 745 241739207792200 2227700
LATENCY 2304100
TIMELINE 25 761 241739243509600 2304100
LATENCY 2227000
TIMELINE 25 777 241739279766100 2227000
LATENCY 2373200
TIMELINE 25 793 241739335097400 2373200
LATENCY 2284900
TIMELINE 25 809 241739371167100 2284900
LATENCY 2258900
TIMELINE 25 825 241739407155900 2258900
LATENCY 2278300
TIMELINE 25 841 241739442815700 2278300
LATENCY 2191400
TIMELINE 25 857 241739478586600 2191400
LATENCY 2123600
TIMELINE 25 873 241739512791800 2123600
LATENCY 2124100
TIMELINE 25 889 241739546965000 2124100
LATENCY 2218800
TIMELINE 25 905 241739582596200 2218800
LATENCY 2115300
TIMELINE 25 921 241739617799800 2115300
LATENCY 2265700
TIMELINE 25 937 241739672352200 2265700
LATENCY 2099200
TIMELINE 25 953 241739707023000 2099200
LATENCY 2156800
TIMELINE 25 969 241739741335700 2156800
LATENCY 2082800
TIMELINE 25 985 241739776410800 2082800
LATENCY 2757000
TIMELINE 25 1001 241739810591400 2757000
LATENCY 2171600
TIMELINE 25 1017 241739848364400 2171600
LATENCY 2083200
TIMELINE 25 1033 241739883228300 2083200
LATENCY 2186300
TIMELINE 25 1049 241739918853300 2186300
LATENCY 2145700
TIMELINE 25 1065 241739960563800 2145700
LATENCY 2207700
TIMELINE 25 1081 241739994934000 2207700
LATENCY 2340800
TIMELINE 25 1097 241740030794100 2340800
LATENCY 2179300
TIMELINE 25 1113 241740065989900 2179300
LATENCY 2303100
TIMELINE 25 1129 241740101759400 2303100
LATENCY 2217300
TIMELINE 25 1145 241740137679000 2217300
LATENCY 2259700
TIMELINE 25 1161 241740173499700 2259700
LATENCY 2150200
TIMELINE 25 1177 241740208368800 2150200
LATENCY 2181100
TIMELINE 25 1193 241740249010400 2181100
LATENCY 2114700
TIMELINE 25 1209 241740283379200 2114700
LATENCY 2137300
TIMELINE 25 1225 241740317756400 2137300
LATENCY 3026500
TIMELINE 25 1241 241740359441400 3026500
LATENCY 3149300
TIMELINE 25 1257 241740407212900 3149300
LATENCY 2784100
TIMELINE 25 1273 241740454860000 2784100
LATENCY 2904900
TIMELINE 25 1289 241740500873000 2904900
LATENCY 2645400
TIMELINE 25 1305 241740547091700 2645400
LATENCY 2944900
TIMELINE 25 1321 241740596916000 2944900
LATENCY 2732500
TIMELINE 25 1337 241740650994500 2732500
LATENCY 2737500
TIMELINE 25 1353 241740698575800 2737500
LATENCY 2683800
TIMELINE 25 1369 241740742415100 2683800
LATENCY 2685100
TIMELINE 25 1385 241740787951100 2685100
LATENCY 2649700
TIMELINE 25 1401 241740831267200 2649700
LATENCY 3105000
TIMELINE 25 1417 241740874489100 3105000
LATENCY 3035500
TIMELINE 25 1433 241740923149300 3035500
LATENCY 2782600
TIMELINE 25 1449 241740970837000 2782600
LATENCY 2632800
TIMELINE 25 1465 241741022888700 2632800
LATENCY 2957700
TIMELINE 25 1481 241741067578600 2957700
LATENCY 2965300
TIMELINE 25 1497 241741114086800 2965300
LATENCY 2706400
TIMELINE 25 1513 241741160709500 2706400
LATENCY 2726400
TIMELINE 25 1529 241741204285300 2726400
LATENCY 2803400
TIMELINE 25 1545 241741248454000 2803400
LATENCY 3080200
TIMELINE 25 1561 241741295897000 3080200
LATENCY 3021900
TIMELINE 25 1577 241741343464500 3021900
LATENCY 8687800
TIMELINE 25 1593 241741392043600 8687800
LATENCY 3132600
TIMELINE 25 1609 241741446893400 3132600
LATENCY 2778600
TIMELINE 25 1625 241741492914500 2778600
LATENCY 2769800
TIMELINE 25 1641 241741540023800 2769800
LATENCY 2958000
TIMELINE 25 1657 241741586941300 2958000
LATENCY 2883000
TIMELINE 25 1673 241741634050700 2883000
LATENCY 5857200
TIMELINE 25 1689 241741681289100 5857200
LATENCY 2803600
TIMELINE 25 1705 241741730807200 2803600
LATENCY 3074300
TIMELINE 25 1721 241741776505000 3074300
LATENCY 5349400
TIMELINE 25 1737 241741828752300 5349400
LATENCY 2774000
TIMELINE 25 1753 241741876039100 2774000
LATENCY 2697800
TIMELINE 25 1769 241741920927300 2697800
LATENCY 2669000
TIMELINE 25 1785 241741963317900 2669000
LATENCY 2916200
TIMELINE 25 1801 241742010924200 2916200
LATENCY 2677500
TIMELINE 25 1817 241742056705100 2677500
LATENCY 2842500
TIMELINE 25 1833 241742099058100 2842500
LATENCY 3000900
TIMELINE 25 1849 241742144701000 3000900
LATENCY 2714900
TIMELINE 25 1865 241742197362900 2714900
LATENCY 2945100
TIMELINE 25 1881 241742242365100 2945100
LATENCY 2739600
TIMELINE 25 1897 241742287475900 2739600
LATENCY 2675900
TIMELINE 25 1913 241742331577700 2675900
LATENCY 2616900
TIMELINE 25 1929 241742376457200 2616900
LATENCY 2619400
TIMELINE 25 1945 241742420942200 2619400
LATENCY 2829800
TIMELINE 25 1961 241742464244300 2829800
LATENCY 3086300
TIMELINE 25 1977 241742512176300 3086300
LATENCY 8700700
TIMELINE 25 1993 241742560111800 8700700
LATENCY 2610600
TIMELINE 25 2009 241742615705900 2610600
LATENCY 2738700
TIMELINE 25 2025 241742657891300 2738700
LATENCY 2625200
TIMELINE 25 2041 241742701903700 2625200
LATENCY 2382100
TIMELINE 26 10 241737483996600 2382100
LATENCY 2243800
TIMELINE 26 26 241737520126600 2243800
LATENCY 2199000
TIMELINE 26 42 241737555438600 2199000
LATENCY 2167100
TIMELINE 26 58 241737590697500 2167100
LATENCY 2129500
TIMELINE 26 74 241737625305600 2129500
LATENCY 2183500
TIMELINE 26 90 241737661018300 2183500
LATENCY 2296200
TIMELINE 26 106 241737696994900 2296200
LATENCY 2164700
TIMELINE 26 122 241737733394200 2164700
LATENCY 2384000
TIMELINE 26 138 241737789712100 2384000
LATENCY 2196500
TIMELINE 26 154 241737825944400 2196500
LATENCY 2182300
TIMELINE 26 170 241737861187700 2182300
LATENCY 2298100
TIMELINE 26 186 241737896579900 2298100
LATENCY 2317200
TIMELINE 26 202 241737933126400 2317200
LATENCY 2109900
TIMELINE 26 218 241737968993900 2109900
LATENCY 2240000
TIMELINE 26 234 241738004328900 2240000
LATENCY 2244200
TIMELINE 26 250 241738040637200 2244200
LATENCY 2348900
TIMELINE 26 266 241738095083600 2348900
LATENCY 2148400
TIMELINE 26 282 241738130719700 2148400
LATENCY 2120300
TIMELINE 26 298 241738165365900 2120300
LATENCY 2127900
TIMELINE 26 314 241738200305300 2127900
LATENCY 2113900
TIMELINE 26 330 241738234080900 2113900
LATENCY 2192700
TIMELINE 26 346 241738269687400 2192700
LATENCY 2187700
TIMELINE 26 362 241738305559300 2187700
LATENCY 2187300
TIMELINE 26 378 241738341409000 2187300
LATENCY 2192500
TIMELINE 26 394 241738395137900 2192500
LATENCY 2148400
TIMELINE 26 410 241738430366100 2148400
LATENCY 2142700
TIMELINE 26 426 241738465320300 2142700
LATENCY 2215300
TIMELINE 26 442 241738500265500 2215300
LATENCY 2245400
TIMELINE 26 458 241738535831700 2245400
LATENCY 2130400
TIMELINE 26 474 241738571583700 2130400
LATENCY 2188100
TIMELINE 26 490 241738607395500 2188100
LATENCY 2180900
TIMELINE 26 506 241738642978600 2180900
LATENCY 2175100
TIMELINE 26 522 241738678434400 2175100
LATENCY 2142900
TIMELINE 26 538 241738732482900 2142900
LATENCY 2150700
TIMELINE 26 554 241738767011700 2150700
LATENCY 2220900
TIMELINE 26 570 241738801319200 2220900
LATENCY 2147100
TIMELINE 26 586 241738836687000 2147100
LATENCY 2147300
TIMELINE 26 602 241738871285400 2147300
LATENCY 2138700
TIMELINE 26 618 241738905509600 2138700
LATENCY 2154000
TIMELINE 26 634 241738941073100 2154000
LATENCY 2170000
TIMELINE 26 650 241738976565900 2170000
LATENCY 2178200
TIMELINE 26 666 241739032348900 2178200
LATENCY 2184100
TIMELINE 26 682 241739066672700 2184100
LATENCY 2151400
TIMELINE 26 698 241739101095100 2151400
LATENCY 2290700
TIMELINE 26 714 241739136931300 2290700
LATENCY 2164400
TIMELINE 26 730 241739172651500 2164400
LATENCY 2242900
TIMELINE 26 746 241739207938000 2242900
LATENCY 2297600
TIMELINE 26 762 241739243663700 2297600
LATENCY 2217100
TIMELINE 26 778 241739279934300 2217100
LATENCY 2341000
TIMELINE 26 794 241739335160200 2341000
LATENCY 2297600
TIMELINE 26 810 241739371197700 2297600
LATENCY 2269300
TIMELINE 26 826 241739407330600 2269300
LATENCY 2248800
TIMELINE 26 842 241739443206500 2248800
LATENCY 2189900
TIMELINE 26 858 241739478855100 2189900
LATENCY 2110100
TIMELINE 26 874 241739513002600 2110100
LATENCY 2113800
TIMELINE 26 890 241739547203900 2113800
LATENCY 2208200
TIMELINE 26 906 241739582852100 2208200
LATENCY 2109200
TIMELINE 26 922 241739618041200 2109200
LATENCY 2288600
TIMELINE 26 938 241739672569100 2288600
LATENCY 2117300
TIMELINE 26 954 241739707254500 2117300
LATENCY 2159800
TIMELINE 26 970 241739741536200 2159800
LATENCY 2098500
TIMELINE 26 986 241739776547000 2098500
LATENCY 2620300
TIMELINE 26 1002 241739810618900 2620300
LATENCY 2144000
TIMELINE 26 1018 241739848137400 2144000
LATENCY 2084300
TIMELINE 26 1034 241739882996100 2084300
LATENCY 2182500
TIMELINE 26 1050 241739918584200 2182500
LATENCY 2142800
TIMELINE 26 1066 241739960215200 2142800
LATENCY 2172200
TIMELINE 26 1082 241739994579700 2172200
LATENCY 2325500
TIMELINE 26 1098 241740030412300 2325500
LATENCY 2166600
TIMELINE 26 1114 241740065700000 2166600
LATENCY 2278700
TIMELINE 26 1130 241740101279900 2278700
LATENCY 2212600
TIMELINE 26 1146 241740137284600 2212600
LATENCY 2324800
TIMELINE 26 1162 241740173065500 2324800
LATENCY 2154000
TIMELINE 26 1178 241740207922300 2154000
LATENCY 2183300
TIMELINE 26 1194 241740248529400 2183300
LATENCY 2109200
TIMELINE 26 1210 241740282921200 2109200
LATENCY 2124000
TIMELINE 26 1226 241740317298500 2124000
LATENCY 3055000
TIMELINE 26 1242 241740358737100 3055000
LATENCY 3134600
TIMELINE 26 1258 241740406549000 3134600
LATENCY 2735200
TIMELINE 26 1274 241740454437500 2735200
LATENCY 2933900
TIMELINE 26 1290 241740500371900 2933900
LATENCY 2744600
TIMELINE 26 1306 241740546625100 2744600
LATENCY 2952900
TIMELINE 26 1322 241740596357000 2952900
LATENCY 2714200
TIMELINE 26 1338 241740650457700 2714200
LATENCY 2723800
TIMELINE 26 1354 241740698064800 2723800
LATENCY 2669400
TIMELINE 26 1370 241740741928100 2669400
LATENCY 2697200
TIMELINE 26 1386 241740787677300 2697200
LATENCY 2650800
TIMELINE 26 1402 241740831010500 2650800
LATENCY 3067000
TIMELINE 26 1418 241740874193800 3067000
LATENCY 3031500
TIMELINE 26 1434 241740922859100 3031500
LATENCY 2752400
TIMELINE 26 1450 241740970497500 2752400
LATENCY 2610700
TIMELINE 26 1466 241741024302100 2610700
LATENCY 2978500
TIMELINE 26 1482 241741069099900 2978500
LATENCY 2943200
TIMELINE 26 1498 241741115716900 2943200
LATENCY 2752700
TIMELINE 26 1514 241741162188700 2752700
LATENCY 2730300
TIMELINE 26 1530 241741205813200 2730300
LATENCY 2786500
TIMELINE 26 1546 241741250003800 2786500
LATENCY 3061500
TIMELINE 26 1562 241741297983200 3061500
LATENCY 3024600
TIMELINE 26 1578 241741345501600 3024600
LATENCY 3109400
TIMELINE 26 1594 241741399760500 3109400
LATENCY 3072000
TIMELINE 26 1610 241741449079800 3072000
LATENCY 2936700
TIMELINE 26 1626 241741494862500 2936700
LATENCY 2816800
TIMELINE 26 1642 241741541907400 2816800
LATENCY 2998900
TIMELINE 26 1658 241741588979600 2998900
LATENCY 2952500
TIMELINE 26 1674 241741636022400 2952500
LATENCY 7637600
TIMELINE 26 1690 241741684261500 7637600
LATENCY 2749600
TIMELINE 26 1706 241741732728100 2749600
LATENCY 3283600
TIMELINE 26 1722 241741778535500 3283600
LATENCY 2735800
TIMELINE 26 1738 241741833315000 2735800
LATENCY 2753200
TIMELINE 26 1754 241741877649100 2753200
LATENCY 2659300
TIMELINE 26 1770 241741922514600 2659300
LATENCY 2670900
TIMELINE 26 1786 241741964876800 2670900
LATENCY 2890100
TIMELINE 26 1802 241742012601700 2890100
LATENCY 2696400
TIMELINE 26 1818 241742058408400 2696400
LATENCY 2775300
TIMELINE 26 1834 241742100874600 2775300
LATENCY 2954600
TIMELINE 26 1850 241742146649900 2954600
LATENCY 2714300
TIMELINE 26 1866 241742199050400 2714300
LATENCY 2770000
TIMELINE 26 1882 241742244250900 2770000
LATENCY 2704500
TIMELINE 26 1898 241742289181000 2704500
LATENCY 2675900
TIMELINE 26 1914 241742333275700 2675900
LATENCY 2418200
TIMELINE 26 1930 241742378111600 2418200
LATENCY 2630400
TIMELINE 26 1946 241742422546700 2630400
LATENCY 2745300
TIMELINE 26 1962 241742465976300 2745300
LATENCY 3079600
TIMELINE 26 1978 241742514029500 3079600
LATENCY 8702900
TIMELINE 26 1994 241742561911000 8702900
LATENCY 2616200
TIMELINE 26 2010 241742617267000 2616200
LATENCY 2738400
TIMELINE 26 2026 241742659553600 2738400
LATENCY 2734600
TIMELINE 26 2042 241742703493400 2734600
LATENCY 2243800
TIMELINE 27 11 241737486568200 2243800
LATENCY 2184200
TIMELINE 27 27 241737522490800 2184200
LATENCY 2246800
TIMELINE 27 43 241737557750500 2246800
LATENCY 2149700
TIMELINE 27 59 241737592809000 2149700
LATENCY 2135300
TIMELINE 27 75 241737627350500 2135300
LATENCY 2182700
TIMELINE 27 91 241737663145000 2182700
LATENCY 2271400
TIMELINE 27 107 241737698961800 2271400
LATENCY 2139400
TIMELINE 27 123 241737735276700 2139400
LATENCY 2266400
TIMELINE 27 139 241737791660100 2266400
LATENCY 2268000
TIMELINE 27 155 241737827688700 2268000
LATENCY 2129000
TIMELINE 27 171 241737862889000 2129000
LATENCY 2245000
TIMELINE 27 187 241737898388200 2245000
LATENCY 2256700
TIMELINE 27 203 241737935067500 2256700
LATENCY 2144100
TIMELINE 27 219 241737970797200 2144100
LATENCY 2224800
TIMELINE 27 235 241738006264000 2224800
LATENCY 2237300
TIMELINE 27 251 241738042788000 2237300
LATENCY 2299100
TIMELINE 27 267 241738097466500 2299100
LATENCY 2168800
TIMELINE 27 283 241738132838500 2168800
LATENCY 2128700
TIMELINE 27 299 241738167579700 2128700
LATENCY 2113400
TIMELINE 27 315 241738202465100 2113400
LATENCY 2389500
TIMELINE 27 331 241738236229600 2389500
LATENCY 2128000
TIMELINE 27 347 241738271915500 2128000
LATENCY 2169800
TIMELINE 27 363 241738307689800 2169800
LATENCY 2182500
TIMELINE 27 379 241738343568800 2182500
LATENCY 2165800
TIMELINE 27 395 241738397301700 2165800
LATENCY 2156200
TIMELINE 27 411 241738432483600 2156200
LATENCY 2145900
TIMELINE 27 427 241738467434200 2145900
LATENCY 2193400
TIMELINE 27 443 241738502453300 2193400
LATENCY 2268500
TIMELINE 27 459 241738537988300 2268500
LATENCY 2184700
TIMELINE 27 475 241738573632000 2184700
LATENCY 2186400
TIMELINE 27 491 241738609549200 2186400
LATENCY 2227900
TIMELINE 27 507 241738644985700 2227900
LATENCY 2299600
TIMELINE 27 523 241738680459500 2299600
LATENCY 2123400
TIMELINE 27 539 241738734436100 2123400
LATENCY 2095400
TIMELINE 27 555 241738768917000 2095400
LATENCY 2181900
TIMELINE 27 571 241738803258300 2181900
LATENCY 2140000
TIMELINE 27 587 241738838691100 2140000
LATENCY 2108500
TIMELINE 27 603 241738873404400 2108500
LATENCY 2157600
TIMELINE 27 619 241738907621200 2157600
LATENCY 2193400
TIMELINE 27 635 241738943261300 2193400
LATENCY 2166100
TIMELINE 27 651 241738978799400 2166100
LATENCY 2145900
TIMELINE 27 667 241739034725700 2145900
LATENCY 2147900
TIMELINE 27 683 241739069065300 2147900
LATENCY 2110500
TIMELINE 27 699 241739103450200 2110500
LATENCY 2232200
TIMELINE 27 715 241739139471400 2232200
LATENCY 2158800
TIMELINE 27 731 241739175056700 2158800
LATENCY 2216300
TIMELINE 27 747 241739210557400 2216300
LATENCY 2187000
TIMELINE 27 763 241739246502200 2187000
LATENCY 2202800
TIMELINE 27 779 241739282708200 2202800
LATENCY 2274000
TIMELINE 27 795 241739338146500 2274000
LATENCY 2310800
TIMELINE 27 811 241739374308100 2310800
LATENCY 2183200
TIMELINE 27 827 241739410041100 2183200
LATENCY 2230800
TIMELINE 27 843 241739445750700 2230800
LATENCY 2107600
TIMELINE 27 859 241739481330100 2107600
LATENCY 2103400
TIMELINE 27 875 241739515402900 2103400
LATENCY 2171700
TIMELINE 27 891 241739549610900 2171700
LATENCY 2309400
TIMELINE 27 907 241739585323800 2309400
LATENCY 2100300
TIMELINE 27 923 241739620413100 2100300
LATENCY 2152200
TIMELINE 27 939 241739675031500 2152200
LATENCY 2153100
TIMELINE 27 955 241739709555500 2153100
LATENCY 2187100
TIMELINE 27 971 241739743870200 2187100
LATENCY 2092000
TIMELINE 27 987 241739778797300 2092000
LATENCY 3611300
TIMELINE 27 1003 241739813554600 3611300
LATENCY 2125900
TIMELINE 27 1019 241739850628300 2125900
LATENCY 2147400
TIMELINE 27 1035 241739885374200 2147400
LATENCY 2212600
TIMELINE 27 1051 241739921071800 2212600
LATENCY 2132300
TIMELINE 27 1067 241739962590000 2132300
LATENCY 2319900
TIMELINE 27 1083 241739997036200 2319900
LATENCY 2282200
TIMELINE 27 1099 241740032975100 2282200
LATENCY 2134600
TIMELINE 27 1115 241740068049100 2134600
LATENCY 2409700
TIMELINE 27 1131 241740103647800 2409700
LATENCY 2267000
TIMELINE 27 1147 241740139440000 2267000
LATENCY 2188300
TIMELINE 27 1163 241740175305500 2188300
LATENCY 2126100
TIMELINE 27 1179 241740209989600 2126100
LATENCY 2119000
TIMELINE 27 1195 241740250600500 2119000
LATENCY 2111900
TIMELINE 27 1211 241740284861100 2111900
LATENCY 2143000
TIMELINE 27 1227 241740319252600 2143000
LATENCY 3021600
TIMELINE 27 1243 241740361534800 3021600
LATENCY 3027600
TIMELINE 27 1259 241740409426900 3027600
LATENCY 2770100
TIMELINE 27 1275 241740456837200 2770100
LATENCY 2975200
TIMELINE 27 1291 241740502993600 2975200
LATENCY 2869400
TIMELINE 27 1307 241740549066100 2869400
LATENCY 2981500
TIMELINE 27 1323 241740598981700 2981500
LATENCY 4261100
TIMELINE 27 1339 241740652860600 4261100
LATENCY 2720300
TIMELINE 27 1355 241740700491000 2720300
LATENCY 3081900
TIMELINE 27 1371 241740744336700 3081900
LATENCY 2677300
TIMELINE 27 1387 241740789766100 2677300
LATENCY 2639800
TIMELINE 27 1403 241740833008500 2639800
LATENCY 3047200
TIMELINE 27 1419 241740876561500 3047200
LATENCY 3043600
TIMELINE 27 1435 241740925198900 3043600
LATENCY 2845700
TIMELINE 27 1451 241740972617700 2845700
LATENCY 2650900
TIMELINE 27 1467 241741027339700 2650900
LATENCY 2947500
TIMELINE 27 1483 241741072581600 2947500
LATENCY 3624300
TIMELINE 27 1499 241741119091600 3624300
LATENCY 2983600
TIMELINE 27 1515 241741165349500 2983600
LATENCY 2685200
TIMELINE 27 1531 241741208927700 2685200
LATENCY 2731700
TIMELINE 27 1547 241741253172700 2731700
LATENCY 3041500
TIMELINE 27 1563 241741300833200 3041500
LATENCY 3029700
TIMELINE 27 1579 241741348354600 3029700
LATENCY 3087200
TIMELINE 27 1595 241741402615100 3087200
LATENCY 3056900
TIMELINE 27 1611 241741451891100 3056900
LATENCY 2877900
TIMELINE 27 1627 241741497540700 2877900
LATENCY 2776100
TIMELINE 27 1643 241741544459700 2776100
LATENCY 2993800
TIMELINE 27 1659 241741591562800 2993800
LATENCY 2910900
TIMELINE 27 1675 241741638564100 2910900
LATENCY 2891500
TIMELINE 27 1691 241741691482600 2891500
LATENCY 2747400
TIMELINE 27 1707 241741735094800 2747400
LATENCY 2995300
TIMELINE 27 1723 241741781304800 2995300
LATENCY 2800900
TIMELINE 27 1739 241741835800600 2800900
LATENCY 2763800
TIMELINE 27 1755 241741880439100 2763800
LATENCY 2613000
TIMELINE 27 1771 241741925210600 2613000
LATENCY 2567200
TIMELINE 27 1787 241741967592000 2567200
LATENCY 2710500
TIMELINE 27 1803 241742015539000 2710500
LATENCY 2570300
TIMELINE 27 1819 241742061224200 2570300
LATENCY 2681100
TIMELINE 27 1835 241742103773900 2681100
LATENCY 2958700
TIMELINE 27 1851 241742149732300 2958700
LATENCY 2760500
TIMELINE 27 1867 241742201978000 2760500
LATENCY 2928300
TIMELINE 27 1883 241742247214700 2928300
LATENCY 2735100
TIMELINE 27 1899 241742292083300 2735100
LATENCY 2814400
TIMELINE 27 1915 241742336196300 2814400
LATENCY 3492600
TIMELINE 27 1931 241742380750600 3492600
LATENCY 2294300
TIMELINE 27 1947 241742425358400 2294300
LATENCY 2746900
TIMELINE 27 1963 241742468930100 2746900
LATENCY 3094500
TIMELINE 27 1979 241742517289900 3094500
LATENCY 3038000
TIMELINE 27 1995 241742570789100 3038000
LATENCY 2579700
TIMELINE 27 2011 241742620022300 2579700
LATENCY 2697900
TIMELINE 27 2027 241742662491400 2697900
LATENCY 2664500
TIMELINE 27 2043 241742706335700 2664500
LATENCY 2274900
TIMELINE 28 12 241737488782400 2274900
LATENCY 2400500
TIMELINE 28 28 241737524734800 2400500
LATENCY 2235500
TIMELINE 28 44 241737560116400 2235500
LATENCY 2122600
TIMELINE 28 60 241737595134900 2122600
LATENCY 2162800
TIMELINE 28 76 241737629812500 2162800
LATENCY 2162600
TIMELINE 28 92 241737665577100 2162600
LATENCY 2284900
TIMELINE 28 108 241737701641300 2284900
LATENCY 2188500
TIMELINE 28 124 241737737780800 2188500
LATENCY 2316800
TIMELINE 28 140 241737794342500 2316800
LATENCY 2430500
TIMELINE 28 156 241737830378300 2430500
LATENCY 2164000
TIMELINE 28 172 241737865441500 2164000
LATENCY 2206200
TIMELINE 28 188 241737901051900 2206200
LATENCY 2312000
TIMELINE 28 204 241737937797800 2312000
LATENCY 2107800
TIMELINE 28 220 241737973347100 2107800
LATENCY 2236100
TIMELINE 28 236 241738009014000 2236100
LATENCY 2230200
TIMELINE 28 252 241738045301900 2230200
LATENCY 2227000
TIMELINE 28 268 241738100094600 2227000
LATENCY 2058300
TIMELINE 28 284 241738135294600 2058300
LATENCY 2152900
TIMELINE 28 300 241738169995800 2152900
LATENCY 2093800
TIMELINE 28 316 241738204900600 2093800
LATENCY 2152000
TIMELINE 28 332 241738239019700 2152000
LATENCY 2450400
TIMELINE 28 348 241738274383800 2450400
LATENCY 2157300
TIMELINE 28 364 241738310131400 2157300
LATENCY 2406000
TIMELINE 28 380 241738346050400 2406000
LATENCY 2152400
TIMELINE 28 396 241738399790600 2152400
LATENCY 2192300
TIMELINE 28 412 241738434893500 2192300
LATENCY 2142600
TIMELINE 28 428 241738469939300 2142600
LATENCY 2171500
TIMELINE 28 444 241738504948600 2171500
LATENCY 2283600
TIMELINE 28 460 241738540522800 2283600
LATENCY 2324200
TIMELINE 28 476 241738576137000 2324200
LATENCY 2232500
TIMELINE 28 492 241738612077400 2232500
LATENCY 2298300
TIMELINE 28 508 241738647663700 2298300
LATENCY 2290100
TIMELINE 28 524 241738683218500 2290100
LATENCY 2144100
TIMELINE 28 540 241738737157300 2144100
LATENCY 2168400
TIMELINE 28 556 241738771684400 2168400
LATENCY 2111500
TIMELINE 28 572 241738806194600 2111500
LATENCY 2167800
TIMELINE 28 588 241738841561200 2167800
LATENCY 2138700
TIMELINE 28 604 241738876217800 2138700
LATENCY 2152700
TIMELINE 28 620 241738910463300 2152700
LATENCY 2347300
TIMELINE 28 636 241738946105200 2347300
LATENCY 2170900
TIMELINE 28 652 241738981811200 2170900
LATENCY 2229200
TIMELINE 28 668 241739037633800 2229200
LATENCY 2166100
TIMELINE 28 684 241739071978000 2166100
LATENCY 2108500
TIMELINE 28 700 241739106289100 2108500
LATENCY 2261100
TIMELINE 28 716 241739142523800 2261100
LATENCY 2165700
TIMELINE 28 732 241739178075400 2165700
LATENCY 2250300
TIMELINE 28 748 241739213839700 2250300
LATENCY 2343900
TIMELINE 28 764 241739249662700 2343900
LATENCY 2201300
TIMELINE 28 780 241739285873500 2201300
LATENCY 2283100
TIMELINE 28 796 241739341526800 2283100
LATENCY 2126200
TIMELINE 28 812 241739377633400 2126200
LATENCY 2324400
TIMELINE 28 828 241739413255000 2324400
LATENCY 2207300
TIMELINE 28 844 241739448920200 2207300
LATENCY 2119400
TIMELINE 28 860 241739484354600 2119400
LATENCY 2137500
TIMELINE 28 876 241739518435100 2137500
LATENCY 2148700
TIMELINE 28 892 241739552703900 2148700
LATENCY 2193600
TIMELINE 28 908 241739588560600 2193600
LATENCY 2401400
TIMELINE 28 924 241739623401400 2401400
LATENCY 2172400
TIMELINE 28 940 241739678175400 2172400
LATENCY 2146200
TIMELINE 28 956 241739712752200 2146200
LATENCY 2149500
TIMELINE 28 972 241739747094200 2149500
LATENCY 2138300
TIMELINE 28 988 241739781917200 2138300
LATENCY 2281200
TIMELINE 28 1004 241739818236500 2281200
LATENCY 2118800
TIMELINE 28 1020 241739853835100 2118800
LATENCY 2128100
TIMELINE 28 1036 241739888624000 2128100
LATENCY 2217200
TIMELINE 28 1052 241739924383500 2217200
LATENCY 2213300
TIMELINE 28 1068 241739965812800 2213300
LATENCY 2234900
TIMELINE 28 1084 241740000600200 2234900
LATENCY 2215300
TIMELINE 28 1100 241740036537200 2215300
LATENCY 2149600
TIMELINE 28 1116 241740071443300 2149600
LATENCY 2300200
TIMELINE 28 1132 241740107656700 2300200
LATENCY 2190700
TIMELINE 28 1148 241740143318500 2190700
LATENCY 2182100
TIMELINE 28 1164 241740179061400 2182100
LATENCY 2145800
TIMELINE 28 1180 241740213659300 2145800
LATENCY 2212700
TIMELINE 28 1196 241740254323800 2212700
LATENCY 2150900
TIMELINE 28 1212 241740288721100 2150900
LATENCY 2145100
TIMELINE 28 1228 241740323150600 2145100
LATENCY 3025500
TIMELINE 28 1244 241740366996400 3025500
LATENCY 3053400
TIMELINE 28 1260 241740414914300 3053400
LATENCY 2696100
TIMELINE 28 1276 241740461731400 2696100
LATENCY 3119800
TIMELINE 28 1292 241740508364700 3119800
LATENCY 2790500
TIMELINE 28 1308 241740558093900 2790500
LATENCY 2918300
TIMELINE 28 1324 241740604406500 2918300
LATENCY 2664300
TIMELINE 28 1340 241740662037800 2664300
LATENCY 2757400
TIMELINE 28 1356 241740705440600 2757400
LATENCY 2961500
TIMELINE 28 1372 241740749737600 2961500
LATENCY 2723100
TIMELINE 28 1388 241740794717900 2723100
LATENCY 2645200
TIMELINE 28 1404 241740837846800 2645200
LATENCY 3000500
TIMELINE 28 1420 241740882160800 3000500
LATENCY 3063300
TIMELINE 28 1436 241740930898200 3063300
LATENCY 2700700
TIMELINE 28 1452 241740977800000 2700700
LATENCY 2586300
TIMELINE 28 1468 241741031193900 2586300
LATENCY 2767800
TIMELINE 28 1484 241741076889400 2767800
LATENCY 2789800
TIMELINE 28 1500 241741124012600 2789800
LATENCY 2738000
TIMELINE 28 1516 241741169540700 2738000
LATENCY 2696000
TIMELINE 28 1532 241741212968300 2696000
LATENCY 2788600
TIMELINE 28 1548 241741257240100 2788600
LATENCY 3069600
TIMELINE 28 1564 241741305698000 3069600
LATENCY 2793100
TIMELINE 28 1580 241741353137200 2793100
LATENCY 3064700
TIMELINE 28 1596 241741407526800 3064700
LATENCY 2781300
TIMELINE 28 1612 241741456712100 2781300
LATENCY 2731600
TIMELINE 28 1628 241741502134300 2731600
LATENCY 3080300
TIMELINE 28 1644 241741548950400 3080300
LATENCY 2982900
TIMELINE 28 1660 241741596484800 2982900
LATENCY 2930100
TIMELINE 28 1676 241741643374300 2930100
LATENCY 2606200
TIMELINE 28 1692 241741696011900 2606200
LATENCY 2744300
TIMELINE 28 1708 241741739596600 2744300
LATENCY 2747300
TIMELINE 28 1724 241741785997700 2747300
LATENCY 2735200
TIMELINE 28 1740 241741840327600 2735200
LATENCY 3206100
TIMELINE 28 1756 241741884823500 3206100
LATENCY 2602800
TIMELINE 28 1772 241741929319500 2602800
LATENCY 3378600
TIMELINE 28 1788 241741973890600 3378600
LATENCY 2927700
TIMELINE 28 1804 241742019975800 2927700
LATENCY 2570300
TIMELINE 28 1820 241742065233600 2570300
LATENCY 2690600
TIMELINE 28 1836 241742107913700 2690600
LATENCY 2955800
TIMELINE 28 1852 241742154286400 2955800
LATENCY 2782200
TIMELINE 28 1868 241742206269900 2782200
LATENCY 2734600
TIMELINE 28 1884 241742251842800 2734600
LATENCY 2723400
TIMELINE 28 1900 241742296357900 2723400
LATENCY 2644800
TIMELINE 28 1916 241742340664700 2644800
LATENCY 2770100
TIMELINE 28 1932 241742385624900 2770100
LATENCY 2667800
TIMELINE 28 1948 241742429228600 2667800
LATENCY 2773700
TIMELINE 28 1964 241742473166200 2773700
LATENCY 3032500
TIMELINE 28 1980 241742521942400 3032500
LATENCY 3039500
TIMELINE 28 1996 241742575503300 3039500
LATENCY 2563400
TIMELINE 28 2012 241742624073000 2563400
LATENCY 2737500
TIMELINE 28 2028 241742666686900 2737500
LATENCY 2689200
TIMELINE 28 2044 241742710621200 2689200
LATENCY 2224400
TIMELINE 29 13 241737490815600 2224400
LATENCY 2288100
TIMELINE 29 29 241737526833800 2288100
LATENCY 2168300
TIMELINE 29 45 241737562057100 2168300
LATENCY 2169500
TIMELINE 29 61 241737596995400 2169500
LATENCY 2153600
TIMELINE 29 77 241737631605700 2153600
LATENCY 2145100
TIMELINE 29 93 241737667229500 2145100
LATENCY 2262600
TIMELINE 29 109 241737703327600 2262600
LATENCY 2141400
TIMELINE 29 125 241737739455200 2141400
LATENCY 2331900
TIMELINE 29 141 241737795975600 2331900
LATENCY 2379700
TIMELINE 29 157 241737832128700 2379700
LATENCY 2158600
TIMELINE 29 173 241737866995000 2158600
LATENCY 2199300
TIMELINE 29 189 241737902779600 2199300
LATENCY 2277900
TIMELINE 29 205 241737939627300 2277900
LATENCY 2147800
TIMELINE 29 221 241737974964000 2147800
LATENCY 2229700
TIMELINE 29 237 241738010640800 2229700
LATENCY 2317100
TIMELINE 29 253 241738046957300 2317100
LATENCY 2230700
TIMELINE 29 269 241738101934800 2230700
LATENCY 2117900
TIMELINE 29 285 241738136999000 2117900
LATENCY 2243600
TIMELINE 29 301 241738171684100 2243600
LATENCY 2126400
TIMELINE 29 317 241738206516800 2126400
LATENCY 2164200
TIMELINE 29 333 241738240652300 2164200
LATENCY 2463500
TIMELINE 29 349 241738276262100 2463500
LATENCY 2172100
TIMELINE 29 365 241738311889800 2172100
LATENCY 2622700
TIMELINE 29 381 241738347929600 2622700
LATENCY 2173000
TIMELINE 29 397 241738401521000 2173000
LATENCY 2173200
TIMELINE 29 413 241738436611600 2173200
LATENCY 2150400
TIMELINE 29 429 241738471689700 2150400
LATENCY 2174900
TIMELINE 29 445 241738506765300 2174900
LATENCY 2189600
TIMELINE 29 461 241738542452000 2189600
LATENCY 2290000
TIMELINE 29 477 241738578008500 2290000
LATENCY 2177100
TIMELINE 29 493 241738613874200 2177100
LATENCY 2306000
TIMELINE 29 509 241738649790500 2306000
LATENCY 20491700
TIMELINE 29 525 241738685218500 20491700
LATENCY 2211900
TIMELINE 29 541 241738738802900 2211900
LATENCY 2155100
TIMELINE 29 557 241738773277400 2155100
LATENCY 2145300
TIMELINE 29 573 241738807720100 2145300
LATENCY 2186900
TIMELINE 29 589 241738843115200 2186900
LATENCY 2164500
TIMELINE 29 605 241738877715800 2164500
LATENCY 2129000
TIMELINE 29 621 241738911983000 2129000
LATENCY 2312300
TIMELINE 29 637 241738947927900 2312300
LATENCY 2125800
TIMELINE 29 653 241738983372500 2125800
LATENCY 2213400
TIMELINE 29 669 241739039093400 2213400
LATENCY 2131200
TIMELINE 29 685 241739073465200 2131200
LATENCY 2065800
TIMELINE 29 701 241739107744500 2065800
LATENCY 2210400
TIMELINE 29 717 241739143980700 2210400
LATENCY 2143600
TIMELINE 29 733 241739179468800 2143600
LATENCY 2255300
TIMELINE 29 749 241739214984900 2255300
LATENCY 2316300
TIMELINE 29 765 241739250783400 2316300
LATENCY 2183600
TIMELINE 29 781 241739286913700 2183600
LATENCY 2256300
TIMELINE 29 797 241739342556000 2256300
LATENCY 2142900
TIMELINE 29 813 241739378568800 2142900
LATENCY 2292700
TIMELINE 29 829 241739414516500 2292700
LATENCY 2204800
TIMELINE 29 845 241739450316900 2204800
LATENCY 2116500
TIMELINE 29 861 241739485627300 2116500
LATENCY 2149500
TIMELINE 29 877 241739519712600 2149500
LATENCY 2275100
TIMELINE 29 893 241739554019100 2275100
LATENCY 2226000
TIMELINE 29 909 241739589797200 2226000
LATENCY 2284900
TIMELINE 29 925 241739624831300 2284900
LATENCY 2144100
TIMELINE 29 941 241739679382200 2144100
LATENCY 2144300
TIMELINE 29 957 241739713916200 2144300
LATENCY 2159500
TIMELINE 29 973 241739748253700 2159500
LATENCY 2151400
TIMELINE 29 989 241739783045500 2151400
LATENCY 2267200
TIMELINE 29 1005 241739819037700 2267200
LATENCY 2103600
TIMELINE 29 1021 241739854570600 2103600
LATENCY 2183300
TIMELINE 29 1037 241739889332000 2183300
LATENCY 2264800
TIMELINE 29 1053 241739925298400 2264800
LATENCY 2271100
TIMELINE 29 1069 241739966709900 2271100
LATENCY 2189500
TIMELINE 29 1085 241740001382600 2189500
LATENCY 2222000
TIMELINE 29 1101 241740037203400 2222000
LATENCY 2157600
TIMELINE 29 1117 241740072081300 2157600
LATENCY 2282900
TIMELINE 29 1133 241740107909500 2282900
LATENCY 2191100
TIMELINE 29 1149 241740143585400 2191100
LATENCY 2148900
TIMELINE 29 1165 241740179351400 2148900
LATENCY 2138300
TIMELINE 29 1181 241740213923100 2138300
LATENCY 2117500
TIMELINE 29 1197 241740254213700 2117500
LATENCY 2141200
TIMELINE 29 1213 241740288515100 2141200
LATENCY 2125800
TIMELINE 29 1229 241740322949000 2125800
LATENCY 3023100
TIMELINE 29 1245 241740366697500 3023100
LATENCY 3040000
TIMELINE 29 1261 241740414620000 3040000
LATENCY 2687100
TIMELINE 29 1277 241740461471300 2687100
LATENCY 3104600
TIMELINE 29 1293 241740508115000 3104600
LATENCY 2836600
TIMELINE 29 1309 241740557765000 2836600
LATENCY 2895800
TIMELINE 29 1325 241740604045400 2895800
LATENCY 2656200
TIMELINE 29 1341 241740661677600 2656200
LATENCY 2739300
TIMELINE 29 1357 241740705065800 2739300
LATENCY 2915100
TIMELINE 29 1373 241740749311000 2915100
LATENCY 2772600
TIMELINE 29 1389 241740794259200 2772600
LATENCY 2640700
TIMELINE 29 1405 241740837459600 2640700
LATENCY 2991900
TIMELINE 29 1421 241740881697300 2991900
LATENCY 3053900
TIMELINE 29 1437 241740930432400 3053900
LATENCY 2739600
TIMELINE 29 1453 241740977376400 2739600
LATENCY 2596200
TIMELINE 29 1469 241741030702100 2596200
LATENCY 2755900
TIMELINE 29 1485 241741076373800 2755900
LATENCY 2803500
TIMELINE 29 1501 241741123499300 2803500
LATENCY 2714700
TIMELINE 29 1517 241741169028900 2714700
LATENCY 2711500
TIMELINE 29 1533 241741212422200 2711500
LATENCY 2789900
TIMELINE 29 1549 241741256682000 2789900
LATENCY 3049100
TIMELINE 29 1565 241741305133200 3049100
LATENCY 2723300
TIMELINE 29 1581 241741352583400 2723300
LATENCY 3057700
TIMELINE 29 1597 241741407004700 3057700
LATENCY 2804600
TIMELINE 29 1613 241741456138300 2804600
LATENCY 2703300
TIMELINE 29 1629 241741501592900 2703300
LATENCY 2984500
TIMELINE 29 1645 241741548336500 2984500
LATENCY 2987700
TIMELINE 29 1661 241741595826100 2987700
LATENCY 2909700
TIMELINE 29 1677 241741642748800 2909700
LATENCY 2601600
TIMELINE 29 1693 241741695484400 2601600
LATENCY 2769300
TIMELINE 29 1709 241741739034600 2769300
LATENCY 2744600
TIMELINE 29 1725 241741785402700 2744600
LATENCY 2757400
TIMELINE 29 1741 241741839729900 2757400
LATENCY 3141100
TIMELINE 29 1757 241741884233400 3141100
LATENCY 2623600
TIMELINE 29 1773 241741928792500 2623600
LATENCY 4307100
TIMELINE 29 1789 241741972422100 4307100
LATENCY 2930100
TIMELINE 29 1805 241742019421600 2930100
LATENCY 2588300
TIMELINE 29 1821 241742064705100 2588300
LATENCY 2621600
TIMELINE 29 1837 241742107386300 2621600
LATENCY 2957900
TIMELINE 29 1853 241742153730600 2957900
LATENCY 2823800
TIMELINE 29 1869 241742205713500 2823800
LATENCY 2835000
TIMELINE 29 1885 241742251211500 2835000
LATENCY 2715500
TIMELINE 29 1901 241742295831900 2715500
LATENCY 2694900
TIMELINE 29 1917 241742339987800 2694900
LATENCY 2780100
TIMELINE 29 1933 241742385667100 2780100
LATENCY 2659700
TIMELINE 29 1949 241742429063000 2659700
LATENCY 2784700
TIMELINE 29 1965 241742472999100 2784700
LATENCY 3025200
TIMELINE 29 1981 241742521769200 3025200
LATENCY 3037100
TIMELINE 29 1997 241742575374300 3037100
LATENCY 2568700
TIMELINE 29 2013 241742623966600 2568700
LATENCY 2705100
TIMELINE 29 2029 241742666514900 2705100
LATENCY 2704500
TIMELINE 29 2045 241742710454300 2704500
LATENCY 2266400
TIMELINE 30 14 241737493252600 2266400
LATENCY 2217500
TIMELINE 30 30 241737529346100 2217500
LATENCY 2161400
TIMELINE 30 46 241737564442800 2161400
LATENCY 2175800
TIMELINE 30 62 241737599227400 2175800
LATENCY 2260900
TIMELINE 30 78 241737633790900 2260900
LATENCY 2158100
TIMELINE 30 94 241737669695700 2158100
LATENCY 2254500
TIMELINE 30 110 241737705871000 2254500
LATENCY 2194200
TIMELINE 30 126 241737741836100 2194200
LATENCY 2297000
TIMELINE 30 142 241737798608700 2297000
LATENCY 2316200
TIMELINE 30 158 241737834876800 2316200
LATENCY 2162900
TIMELINE 30 174 241737869488900 2162900
LATENCY 2216400
TIMELINE 30 190 241737905163500 2216400
LATENCY 2234100
TIMELINE 30 206 241737942317300 2234100
LATENCY 2124200
TIMELINE 30 222 241737977556800 2124200
LATENCY 2194600
TIMELINE 30 238 241738013362800 2194600
LATENCY 2237500
TIMELINE 30 254 241738050095400 2237500
LATENCY 2205800
TIMELINE 30 270 241738104703700 2205800
LATENCY 2347600
TIMELINE 30 286 241738139737300 2347600
LATENCY 2351000
TIMELINE 30 302 241738174598700 2351000
LATENCY 2129200
TIMELINE 30 318 241738209230300 2129200
LATENCY 2140800
TIMELINE 30 334 241738243323200 2140800
LATENCY 2131700
TIMELINE 30 350 241738279308400 2131700
LATENCY 2445100
TIMELINE 30 366 241738314603400 2445100
LATENCY 2234700
TIMELINE 30 382 241738351063800 2234700
LATENCY 2152000
TIMELINE 30 398 241738404205300 2152000
LATENCY 2204400
TIMELINE 30 414 241738439384300 2204400
LATENCY 2263600
TIMELINE 30 430 241738474355900 2263600
LATENCY 2156400
TIMELINE 30 446 241738509479300 2156400
LATENCY 2229800
TIMELINE 30 462 241738545158700 2229800
LATENCY 2171300
TIMELINE 30 478 241738580872900 2171300
LATENCY 2191400
TIMELINE 30 494 241738616526500 2191400
LATENCY 2187700
TIMELINE 30 510 241738652319100 2187700
LATENCY 2669000
TIMELINE 30 526 241738706073100 2669000
LATENCY 2125000
TIMELINE 30 542 241738741401600 2125000
LATENCY 2112500
TIMELINE 30 558 241738775840800 2112500
LATENCY 2143500
TIMELINE 30 574 241738810386500 2143500
LATENCY 2145900
TIMELINE 30 590 241738845876600 2145900
LATENCY 2179800
TIMELINE 30 606 241738880439500 2179800
LATENCY 2235500
TIMELINE 30 622 241738914708600 2235500
LATENCY 2215400
TIMELINE 30 638 241738950776900 2215400
LATENCY 2131100
TIMELINE 30 654 241738985967600 2131100
LATENCY 2186200
TIMELINE 30 670 241739041960300 2186200
LATENCY 2107200
TIMELINE 30 686 241739076227600 2107200
LATENCY 2146900
TIMELINE 30 702 241739110464400 2146900
LATENCY 2209300
TIMELINE 30 718 241739147016900 2209300
LATENCY 2325000
TIMELINE 30 734 241739182474300 2325000
LATENCY 2223400
TIMELINE 30 750 241739218239700 2223400
LATENCY 2117100
TIMELINE 30 766 241739254096000 2117100
LATENCY 2187900
TIMELINE 30 782 241739290206600 2187900
LATENCY 2213800
TIMELINE 30 798 241739345827100 2213800
LATENCY 2149600
TIMELINE 30 814 241739381361100 2149600
LATENCY 2197000
TIMELINE 30 830 241739417365700 2197000
LATENCY 2172000
TIMELINE 30 846 241739452871000 2172000
LATENCY 2162400
TIMELINE 30 862 241739488120900 2162400
LATENCY 2121500
TIMELINE 30 878 241739522230400 2121500
LATENCY 2264500
TIMELINE 30 894 241739556804500 2264500
LATENCY 2258300
TIMELINE 30 910 241739592511600 2258300
LATENCY 21829100
TIMELINE 30 926 241739627765500 21829100
LATENCY 2141300
TIMELINE 30 942 241739682034900 2141300
LATENCY 2165800
TIMELINE 30 958 241739716608500 2165800
LATENCY 2152300
TIMELINE 30 974 241739750964800 2152300
LATENCY 2134700
TIMELINE 30 990 241739785733400 2134700
LATENCY 2169400
TIMELINE 30 1006 241739822214800 2169400
LATENCY 2121000
TIMELINE 30 1022 241739857591500 2121000
LATENCY 2234200
TIMELINE 30 1038 241739892475100 2234200
LATENCY 2336300
TIMELINE 30 1054 241739928447500 2336300
LATENCY 2142600
TIMELINE 30 1070 241739970052900 2142600
LATENCY 2280500
TIMELINE 30 1086 241740004588700 2280500
LATENCY 2210200
TIMELINE 30 1102 241740040485000 2210200
LATENCY 2181400
TIMELINE 30 1118 241740075260100 2181400
LATENCY 2249200
TIMELINE 30 1134 241740111759500 2249200
LATENCY 2263900
TIMELINE 30 1150 241740147256900 2263900
LATENCY 2175400
TIMELINE 30 1166 241740183001600 2175400
LATENCY 2179800
TIMELINE 30 1182 241740217469600 2179800
LATENCY 2141500
TIMELINE 30 1198 241740257943600 2141500
LATENCY 2150700
TIMELINE 30 1214 241740292294100 2150700
LATENCY 2166900
TIMELINE 30 1230 241740326626500 2166900
LATENCY 3057300
TIMELINE 30 1246 241740371902000 3057300
LATENCY 3044900
TIMELINE 30 1262 241740419862300 3044900
LATENCY 2705400
TIMELINE 30 1278 241740466103700 2705400
LATENCY 2797400
TIMELINE 30 1294 241740513329500 2797400
LATENCY 2799700
TIMELINE 30 1310 241740562688300 2799700
LATENCY 8957400
TIMELINE 30 1326 241740609080500 8957400
LATENCY 2693100
TIMELINE 30 1342 241740666275400 2693100
LATENCY 2710500
TIMELINE 30 1358 241740709805800 2710500
LATENCY 2793800
TIMELINE 30 1374 241740754259800 2793800
LATENCY 2682900
TIMELINE 30 1390 241740798837800 2682900
LATENCY 2623100
TIMELINE 30 1406 241740841909100 2623100
LATENCY 3021700
TIMELINE 30 1422 241740886736000 3021700
LATENCY 3047500
TIMELINE 30 1438 241740935517400 3047500
LATENCY 2742900
TIMELINE 30 1454 241740981867500 2742900
LATENCY 2692200
TIMELINE 30 1470 241741034741900 2692200
LATENCY 2711000
TIMELINE 30 1486 241741080627300 2711000
LATENCY 2800500
TIMELINE 30 1502 241741127755200 2800500
LATENCY 2596700
TIMELINE 30 1518 241741173184200 2596700
LATENCY 2768800
TIMELINE 30 1534 241741216597000 2768800
LATENCY 2998800
TIMELINE 30 1550 241741261068300 2998800
LATENCY 3059700
TIMELINE 30 1566 241741309738300 3059700
LATENCY 3151100
TIMELINE 30 1582 241741356927400 3151100
LATENCY 3078600
TIMELINE 30 1598 241741411576100 3078600
LATENCY 2770800
TIMELINE 30 1614 241741460424100 2770800
LATENCY 3070500
TIMELINE 30 1630 241741505854400 3070500
LATENCY 2929000
TIMELINE 30 1646 241741552769600 2929000
LATENCY 2979400
TIMELINE 30 1662 241741600415800 2979400
LATENCY 2896200
TIMELINE 30 1678 241741647241000 2896200
LATENCY 2609400
TIMELINE 30 1694 241741699494200 2609400
LATENCY 2700900
TIMELINE 30 1710 241741743288900 2700900
LATENCY 2790100
TIMELINE 30 1726 241741789644500 2790100
LATENCY 2866500
TIMELINE 30 1742 241741843946900 2866500
LATENCY 3001200
TIMELINE 30 1758 241741888810800 3001200
LATENCY 2617000
TIMELINE 30 1774 241741932721400 2617000
LATENCY 2602200
TIMELINE 30 1790 241741977967900 2602200
LATENCY 2928400
TIMELINE 30 1806 241742023700600 2928400
LATENCY 2590400
TIMELINE 30 1822 241742068476000 2590400
LATENCY 3037000
TIMELINE 30 1838 241742111444400 3037000
LATENCY 3036500
TIMELINE 30 1854 241742158024100 3036500
LATENCY 2967100
TIMELINE 30 1870 241742209885900 2967100
LATENCY 2763800
TIMELINE 30 1886 241742255414400 2763800
LATENCY 2690000
TIMELINE 30 1902 241742299921700 2690000
LATENCY 2768300
TIMELINE 30 1918 241742343983200 2768300
LATENCY 2735500
TIMELINE 30 1934 241742389353000 2735500
LATENCY 2726700
TIMELINE 30 1950 241742432699300 2726700
LATENCY 2762900
TIMELINE 30 1966 241742476738900 2762900
LATENCY 3036500
TIMELINE 30 1982 241742525961800 3036500
LATENCY 3038100
TIMELINE 30 1998 241742579491900 3038100
LATENCY 2584200
TIMELINE 30 2014 241742627417400 2584200
LATENCY 2963700
TIMELINE 30 2030 241742670255000 2963700
LATENCY 3444800
TIMELINE 30 2046 241742714046900 3444800
LATENCY 2204300
TIMELINE 31 15 241737495618800 2204300
LATENCY 2189100
TIMELINE 31 31 241737531625100 2189100
LATENCY 2152800
TIMELINE 31 47 241737566667800 2152800
LATENCY 2141900
TIMELINE 31 63 241737601525700 2141900
LATENCY 2566600
TIMELINE 31 79 241737636229000 2566600
LATENCY 2146000
TIMELINE 31 95 241737671946200 2146000
LATENCY 2361800
TIMELINE 31 111 241737708226500 2361800
LATENCY 21717100
TIMELINE 31 127 241737744101400 21717100
LATENCY 2333200
TIMELINE 31 143 241737801038100 2333200
LATENCY 2178400
TIMELINE 31 159 241737837310200 2178400
LATENCY 2154000
TIMELINE 31 175 241737871772500 2154000
LATENCY 2239900
TIMELINE 31 191 241737907635300 2239900
LATENCY 2200200
TIMELINE 31 207 241737944650600 2200200
LATENCY 2116700
TIMELINE 31 223 241737979712000 2116700
LATENCY 2349200
TIMELINE 31 239 241738015527700 2349200
LATENCY 2133600
TIMELINE 31 255 241738052129100 2133600
LATENCY 2180700
TIMELINE 31 271 241738106676200 2180700
LATENCY 2263200
TIMELINE 31 287 241738141748900 2263200
LATENCY 2171000
TIMELINE 31 303 241738176670700 2171000
LATENCY 2105400
TIMELINE 31 319 241738211078000 2105400
LATENCY 2144000
TIMELINE 31 335 241738245235800 2144000
LATENCY 2186900
TIMELINE 31 351 241738281293400 2186900
LATENCY 2334600
TIMELINE 31 367 241738317087600 2334600
LATENCY 2131100
TIMELINE 31 383 241738353332700 2131100
LATENCY 2147200
TIMELINE 31 399 241738406328700 2147200
LATENCY 2306400
TIMELINE 31 415 241738441529300 2306400
LATENCY 2142300
TIMELINE 31 431 241738476651800 2142300
LATENCY 2242600
TIMELINE 31 447 241738511577000 2242600
LATENCY 2227600
TIMELINE 31 463 241738547455200 2227600
LATENCY 2368800
TIMELINE 31 479 241738583078700 2368800
LATENCY 2228800
TIMELINE 31 495 241738618769300 2228800
LATENCY 2193500
TIMELINE 31 511 241738654573100 2193500
LATENCY 2314700
TIMELINE 31 527 241738709029800 2314700
LATENCY 2163300
TIMELINE 31 543 241738743795400 2163300
LATENCY 2107600
TIMELINE 31 559 241738778096000 2107600
LATENCY 2210500
TIMELINE 31 575 241738812656500 2210500
LATENCY 2136700
TIMELINE 31 591 241738848115700 2136700
LATENCY 2132200
TIMELINE 31 607 241738882679500 2132200
LATENCY 2398900
TIMELINE 31 623 241738916874700 2398900
LATENCY 2188900
TIMELINE 31 639 241738953246500 2188900
LATENCY 2236100
TIMELINE 31 655 241738988361500 2236100
LATENCY 2160900
TIMELINE 31 671 241739044354500 2160900
LATENCY 2113500
TIMELINE 31 687 241739078561600 2113500
LATENCY 2151100
TIMELINE 31 703 241739112842000 2151100
LATENCY 2303300
TIMELINE 31 719 241739149261400 2303300
LATENCY 2218400
TIMELINE 31 735 241739184652400 2218400
LATENCY 2215300
TIMELINE 31 751 241739220287200 2215300
LATENCY 2147000
TIMELINE 31 767 241739256021200 2147000
LATENCY 2188700
TIMELINE 31 783 241739292175000 2188700
LATENCY 2209800
TIMELINE 31 799 241739347751900 2209800
LATENCY 2189100
TIMELINE 31 815 241739383417400 2189100
LATENCY 2186800
TIMELINE 31 831 241739419426600 2186800
LATENCY 2151900
TIMELINE 31 847 241739455149600 2151900
LATENCY 2104400
TIMELINE 31 863 241739490381100 2104400
LATENCY 2091400
TIMELINE 31 879 241739524481300 2091400
LATENCY 2171400
TIMELINE 31 895 241739559203800 2171400
LATENCY 2228900
TIMELINE 31 911 241739594915200 2228900
LATENCY 2166300
TIMELINE 31 927 241739649743300 2166300
LATENCY 2134600
TIMELINE 31 943 241739684305000 2134600
LATENCY 2123000
TIMELINE 31 959 241739718839500 2123000
LATENCY 2127300
TIMELINE 31 975 241739753181000 2127300
LATENCY 2159400
TIMELINE 31 991 241739787957000 2159400
LATENCY 2198200
TIMELINE 31 1007 241739824621600 2198200
LATENCY 2259100
TIMELINE 31 1023 241739859908900 2259100
LATENCY 2287400
TIMELINE 31 1039 241739894916500 2287400
LATENCY 2158200
TIMELINE 31 1055 241739930949000 2158200
LATENCY 2101000
TIMELINE 31 1071 241739972284200 2101000
LATENCY 2191100
TIMELINE 31 1087 241740006842700 2191100
LATENCY 2208500
TIMELINE 31 1103 241740042622800 2208500
LATENCY 2285200
TIMELINE 31 1119 241740077399300 2285200
LATENCY 2224800
TIMELINE 31 1135 241740113809800 2224800
LATENCY 2243200
TIMELINE 31 1151 241740149272300 2243200
LATENCY 2184400
TIMELINE 31 1167 241740184977800 2184400
LATENCY 2147600
TIMELINE 31 1183 241740219508600 2147600
LATENCY 2158300
TIMELINE 31 1199 241740260151700 2158300
LATENCY 2151700
TIMELINE 31 1215 241740294506600 2151700
LATENCY 2758600
TIMELINE 31 1231 241740328868000 2758600
LATENCY 3096900
TIMELINE 31 1247 241740375061900 3096900
LATENCY 3109000
TIMELINE 31 1263 241740423010300 3109000
LATENCY 2773200
TIMELINE 31 1279 241740468867100 2773200
LATENCY 2936900
TIMELINE 31 1295 241740516181600 2936900
LATENCY 2413700
TIMELINE 31 1311 241740565460200 2413700
LATENCY 2942600
TIMELINE 31 1327 241740618142900 2942600
LATENCY 2705600
TIMELINE 31 1343 241740669023700 2705600
LATENCY 2740900
TIMELINE 31 1359 241740712572400 2740900
LATENCY 2859400
TIMELINE 31 1375 241740757121500 2859400
LATENCY 2937600
TIMELINE 31 1391 241740801604900 2937600
LATENCY 2638900
TIMELINE 31 1407 241740844707900 2638900
LATENCY 2992400
TIMELINE 31 1423 241740890020900 2992400
LATENCY 3052100
TIMELINE 31 1439 241740938828500 3052100
LATENCY 2739700
TIMELINE 31 1455 241740984836700 2739700
LATENCY 2871200
TIMELINE 31 1471 241741035962000 2871200
LATENCY 2676600
TIMELINE 31 1487 241741081925300 2676600
LATENCY 2978900
TIMELINE 31 1503 241741128987400 2978900
LATENCY 2637500
TIMELINE 31 1519 241741174400900 2637500
LATENCY 2807000
TIMELINE 31 1535 241741217917200 2807000
LATENCY 2819100
TIMELINE 31 1551 241741262583500 2819100
LATENCY 2988900
TIMELINE 31 1567 241741311275900 2988900
LATENCY 3149300
TIMELINE 31 1583 241741358511800 3149300
LATENCY 3063600
TIMELINE 31 1599 241741413100500 3063600
LATENCY 3052400
TIMELINE 31 1615 241741461775200 3052400
LATENCY 3068200
TIMELINE 31 1631 241741507424600 3068200
LATENCY 2993600
TIMELINE 31 1647 241741554201600 2993600
LATENCY 3007400
TIMELINE 31 1663 241741601875600 3007400
LATENCY 2927300
TIMELINE 31 1679 241741648674800 2927300
LATENCY 2616700
TIMELINE 31 1695 241741700690200 2616700
LATENCY 2727100
TIMELINE 31 1711 241741744573200 2727100
LATENCY 8383100
TIMELINE 31 1727 241741791013100 8383100
LATENCY 2829200
TIMELINE 31 1743 241741845511100 2829200
LATENCY 3265400
TIMELINE 31 1759 241741890315100 3265400
LATENCY 2645400
TIMELINE 31 1775 241741934123100 2645400
LATENCY 2593500
TIMELINE 31 1791 241741979488800 2593500
LATENCY 2970800
TIMELINE 31 1807 241742025399800 2970800
LATENCY 2570800
TIMELINE 31 1823 241742069919500 2570800
LATENCY 2991500
TIMELINE 31 1839 241742113158000 2991500
LATENCY 3200600
TIMELINE 31 1855 241742159569600 3200600
LATENCY 2760000
TIMELINE 31 1871 241742211501700 2760000
LATENCY 2775600
TIMELINE 31 1887 241742256834900 2775600
LATENCY 2691600
TIMELINE 31 1903 241742301306900 2691600
LATENCY 2757100
TIMELINE 31 1919 241742345425700 2757100
LATENCY 2762100
TIMELINE 31 1935 241742391290700 2762100
LATENCY 2760100
TIMELINE 31 1951 241742434514100 2760100
LATENCY 2680300
TIMELINE 31 1967 241742478598800 2680300
LATENCY 3040000
TIMELINE 31 1983 241742527897800 3040000
LATENCY 3045100
TIMELINE 31 1999 241742581416200 3045100
LATENCY 2616900
TIMELINE 31 2015 241742629068200 2616900
LATENCY 2952400
TIMELINE 31 2031 241742672281100 2952400
LATENCY 3896500
TIMELINE 31 2047 241742715929600 3896500
LATENCY 9585100
TIMELINE 32 0 241737451005200 9585100
LATENCY 2162400
TIMELINE 32 16 241737497913300 2162400
LATENCY 2168600
TIMELINE 32 32 241737533967800 2168600
LATENCY 2171600
TIMELINE 32 48 241737568975400 2171600
LATENCY 2153900
TIMELINE 32 64 241737603848400 2153900
LATENCY 2295100
TIMELINE 32 80 241737638951600 2295100
LATENCY 2134000
TIMELINE 32 96 241737674252700 2134000
LATENCY 2238100
TIMELINE 32 112 241737710654600 2238100
LATENCY 2710300
TIMELINE 32 128 241737765913100 2710300
LATENCY 2240700
TIMELINE 32 144 241737803277900 2240700
LATENCY 2111500
TIMELINE 32 160 241737839405900 2111500
LATENCY 2389800
TIMELINE 32 176 241737873836500 2389800
LATENCY 2278100
TIMELINE 32 192 241737909631700 2278100
LATENCY 2195700
TIMELINE 32 208 241737946916400 2195700
LATENCY 2158400
TIMELINE 32 224 241737981918900 2158400
LATENCY 2820400
TIMELINE 32 240 241738017962000 2820400
LATENCY 2180600
TIMELINE 32 256 241738054591100 2180600
LATENCY 2162800
TIMELINE 32 272 241738110451300 2162800
LATENCY 2182100
TIMELINE 32 288 241738145641300 2182100
LATENCY 2160600
TIMELINE 32 304 241738180458200 2160600
LATENCY 2084000
TIMELINE 32 320 241738214685100 2084000
LATENCY 2130500
TIMELINE 32 336 241738248973700 2130500
LATENCY 2166700
TIMELINE 32 352 241738285114900 2166700
LATENCY 2205400
TIMELINE 32 368 241738321134200 2205400
LATENCY 2333000
TIMELINE 32 384 241738357220500 2333000
LATENCY 2319400
TIMELINE 32 400 241738410223500 2319400
LATENCY 2206900
TIMELINE 32 416 241738445628600 2206900
LATENCY 2110700
TIMELINE 32 432 241738480363400 2110700
LATENCY 2118900
TIMELINE 32 448 241738515526000 2118900
LATENCY 2214400
TIMELINE 32 464 241738551240800 2214400
LATENCY 2177200
TIMELINE 32 480 241738587007800 2177200
LATENCY 2239200
TIMELINE 32 496 241738622701100 2239200
LATENCY 2157500
TIMELINE 32 512 241738658563800 2157500
LATENCY 2150300
TIMELINE 32 528 241738712821400 2150300
LATENCY 2152500
TIMELINE 32 544 241738747425600 2152500
LATENCY 2168600
TIMELINE 32 560 241738781830100 2168600
LATENCY 2188900
TIMELINE 32 576 241738816534300 2188900
LATENCY 2126800
TIMELINE 32 592 241738852032900 2126800
LATENCY 2088100
TIMELINE 32 608 241738886591300 2088100
LATENCY 2192800
TIMELINE 32 624 241738921311100 2192800
LATENCY 2202900
TIMELINE 32 640 241738957166100 2202900
LATENCY 2337800
TIMELINE 32 656 241738992413900 2337800
LATENCY 2110800
TIMELINE 32 672 241739048687200 2110800
LATENCY 2145500
TIMELINE 32 688 241739082842100 2145500
LATENCY 2257500
TIMELINE 32 704 241739117158800 2257500
LATENCY 2267000
TIMELINE 32 720 241739153851900 2267000
LATENCY 2183000
TIMELINE 32 736 241739189171400 2183000
LATENCY 2235600
TIMELINE 32 752 241739224947500 2235600
LATENCY 2410400
TIMELINE 32 768 241739260447100 2410400
LATENCY 2152500
TIMELINE 32 784 241739296701200 2152500
LATENCY 2239900
TIMELINE 32 800 241739352579000 2239900
LATENCY 2267900
TIMELINE 32 816 241739388146300 2267900
LATENCY 2166000
TIMELINE 32 832 241739424036800 2166000
LATENCY 2297200
TIMELINE 32 848 241739459626900 2297200
LATENCY 2129900
TIMELINE 32 864 241739494623300 2129900
LATENCY 2289000
TIMELINE 32 880 241739528683700 2289000
LATENCY 2208800
TIMELINE 32 896 241739563668500 2208800
LATENCY 2231000
TIMELINE 32 912 241739599381200 2231000
LATENCY 2187900
TIMELINE 32 928 241739653993800 2187900
LATENCY 2126500
TIMELINE 32 944 241739688578100 2126500
LATENCY 2117700
TIMELINE 32 960 241739722959900 2117700
LATENCY 2390500
TIMELINE 32 976 241739757732500 2390500
LATENCY 2130200
TIMELINE 32 992 241739792223300 2130200
LATENCY 2287100
TIMELINE 32 1008 241739828824100 2287100
LATENCY 2243900
TIMELINE 32 1024 241739864328800 2243900
LATENCY 2155600
TIMELINE 32 1040 241739899305100 2155600
LATENCY 2210200
TIMELINE 32 1056 241739935192800 2210200
LATENCY 2163100
TIMELINE 32 1072 241739976369400 2163100
LATENCY 2178100
TIMELINE 32 1088 241740011347500 2178100
LATENCY 2160500
TIMELINE 32 1104 241740047133400 2160500
LATENCY 2271800
TIMELINE 32 1120 241740081953900 2271800
LATENCY 2178400
TIMELINE 32 1136 241740118341100 2178400
LATENCY 2212400
TIMELINE 32 1152 241740153796100 2212400
LATENCY 2133200
TIMELINE 32 1168 241740189374700 2133200
LATENCY 2117900
TIMELINE 32 1184 241740223891800 2117900
LATENCY 2226100
TIMELINE 32 1200 241740264586900 2226100
LATENCY 2124300
TIMELINE 32 1216 241740299028600 2124300
LATENCY 2605600
TIMELINE 32 1232 241740334538300 2605600
LATENCY 3034300
TIMELINE 32 1248 241740381668000 3034300
LATENCY 3347300
TIMELINE 32 1264 241740429514000 3347300
LATENCY 2734400
TIMELINE 32 1280 241740474838300 2734400
LATENCY 2786100
TIMELINE 32 1296 241740522642900 2786100
LATENCY 2897600
TIMELINE 32 1312 241740571198300 2897600
LATENCY 3018900
TIMELINE 32 1328 241740624556100 3018900
LATENCY 2716300
TIMELINE 32 1344 241740675096200 2716300
LATENCY 2724300
TIMELINE 32 1360 241740718607600 2724300
LATENCY 2838900
TIMELINE 32 1376 241740763759200 2838900
LATENCY 2766500
TIMELINE 32 1392 241740808065200 2766500
LATENCY 2586800
TIMELINE 32 1408 241740850396300 2586800
LATENCY 3075600
TIMELINE 32 1424 241740896807500 3075600
LATENCY 3000100
TIMELINE 32 1440 241740945597700 3000100
LATENCY 2579900
TIMELINE 32 1456 241740990824700 2579900
LATENCY 2746900
TIMELINE 32 1472 241741045753100 2746900
LATENCY 2889800
TIMELINE 32 1488 241741091928000 2889800
LATENCY 2945300
TIMELINE 32 1504 241741139343000 2945300
LATENCY 2731700
TIMELINE 32 1520 241741183641400 2731700
LATENCY 2981300
TIMELINE 32 1536 241741227700300 2981300
LATENCY 2806700
TIMELINE 32 1552 241741272184600 2806700
LATENCY 2614800
TIMELINE 32 1568 241741321863300 2614800
LATENCY 2422900
TIMELINE 32 1584 241741369807800 2422900
LATENCY 3067200
TIMELINE 32 1600 241741424371200 3067200
LATENCY 2691900
TIMELINE 32 1616 241741472431200 2691900
LATENCY 3131500
TIMELINE 32 1632 241741518557600 3131500
LATENCY 2760900
TIMELINE 32 1648 241741564986000 2760900
LATENCY 2863800
TIMELINE 32 1664 241741612662000 2863800
LATENCY 2954000
TIMELINE 32 1680 241741659603400 2954000
LATENCY 2724200
TIMELINE 32 1696 241741710705400 2724200
LATENCY 2787700
TIMELINE 32 1712 241741754563800 2787700
LATENCY 2908300
TIMELINE 32 1728 241741806626500 2908300
LATENCY 2732100
TIMELINE 32 1744 241741855972500 2732100
LATENCY 2823400
TIMELINE 32 1760 241741901209400 2823400
LATENCY 2621100
TIMELINE 32 1776 241741943971200 2621100
LATENCY 2993400
TIMELINE 32 1792 241741989742000 2993400
LATENCY 2923100
TIMELINE 32 1808 241742036392300 2923100
LATENCY 2571100
TIMELINE 32 1824 241742079724800 2571100
LATENCY 2752600
TIMELINE 32 1840 241742123869100 2752600
LATENCY 3019900
TIMELINE 32 1856 241742171157700 3019900
LATENCY 2786700
TIMELINE 32 1872 241742222116500 2786700
LATENCY 2751500
TIMELINE 32 1888 241742267525700 2751500
LATENCY 2609200
TIMELINE 32 1904 241742311668700 2609200
LATENCY 2673700
TIMELINE 32 1920 241742355913300 2673700
LATENCY 2716800
TIMELINE 32 1936 241742401638500 2716800
LATENCY 2708900
TIMELINE 32 1952 241742444472800 2708900
LATENCY 2778600
TIMELINE 32 1968 241742488577400 2778600
LATENCY 2953400
TIMELINE 32 1984 241742538981600 2953400
LATENCY 3061600
TIMELINE 32 2000 241742592644100 3061600
LATENCY 2629600
TIMELINE 32 2016 241742638614400 2629600
LATENCY 2782200
TIMELINE 32 2032 241742682883400 2782200
LATENCY 2390200
TIMELINE 33 1 241737460498300 2390200
LATENCY 2174100
TIMELINE 33 17 241737499866700 2174100
LATENCY 2177100
TIMELINE 33 33 241737535884700 2177100
LATENCY 2134800
TIMELINE 33 49 241737570891600 2134800
LATENCY 2260800
TIMELINE 33 65 241737605684600 2260800
LATENCY 2334700
TIMELINE 33 81 241737640943700 2334700
LATENCY 2151500
TIMELINE 33 97 241737676102300 2151500
LATENCY 2259100
TIMELINE 33 113 241737712663900 2259100
LATENCY 2439000
TIMELINE 33 129 241737768313300 2439000
LATENCY 2277700
TIMELINE 33 145 241737805399500 2277700
LATENCY 2132700
TIMELINE 33 161 241737841406300 2132700
LATENCY 2171700
TIMELINE 33 177 241737876099200 2171700
LATENCY 2232300
TIMELINE 33 193 241737911793700 2232300
LATENCY 2186200
TIMELINE 33 209 241737948732900 2186200
LATENCY 2299100
TIMELINE 33 225 241737983676000 2299100
LATENCY 2266600
TIMELINE 33 241 241738020152900 2266600
LATENCY 2137200
TIMELINE 33 257 241738056292200 2137200
LATENCY 2199000
TIMELINE 33 273 241738111134200 2199000
LATENCY 2178900
TIMELINE 33 289 241738146246400 2178900
LATENCY 2177500
TIMELINE 33 305 241738181041600 2177500
LATENCY 2108100
TIMELINE 33 321 241738215260800 2108100
LATENCY 2152200
TIMELINE 33 337 241738249559700 2152200
LATENCY 2166000
TIMELINE 33 353 241738285591800 2166000
LATENCY 2180700
TIMELINE 33 369 241738321538800 2180700
LATENCY 2292900
TIMELINE 33 385 241738357643700 2292900
LATENCY 2296900
TIMELINE 33 401 241738410612000 2296900
LATENCY 2210500
TIMELINE 33 417 241738445963400 2210500
LATENCY 2099100
TIMELINE 33 433 241738480703900 2099100
LATENCY 2137100
TIMELINE 33 449 241738515833400 2137100
LATENCY 2211200
TIMELINE 33 465 241738551576800 2211200
LATENCY 2201400
TIMELINE 33 481 241738587392100 2201400
LATENCY 2257600
TIMELINE 33 497 241738623133600 2257600
LATENCY 2158500
TIMELINE 33 513 241738659023600 2158500
LATENCY 2133700
TIMELINE 33 529 241738713353300 2133700
LATENCY 2182600
TIMELINE 33 545 241738747944900 2182600
LATENCY 2163300
TIMELINE 33 561 241738782419600 2163300
LATENCY 2172700
TIMELINE 33 577 241738816895600 2172700
LATENCY 2140100
TIMELINE 33 593 241738852142500 2140100
LATENCY 2094200
TIMELINE 33 609 241738886701500 2094200
LATENCY 2207800
TIMELINE 33 625 241738921420500 2207800
LATENCY 2197500
TIMELINE 33 641 241738957263200 2197500
LATENCY 2349400
TIMELINE 33 657 241738992574900 2349400
LATENCY 2110900
TIMELINE 33 673 241739048627800 2110900
LATENCY 2143500
TIMELINE 33 689 241739082758300 2143500
LATENCY 2237800
TIMELINE 33 705 241739117080800 2237800
LATENCY 2262700
TIMELINE 33 721 241739153682000 2262700
LATENCY 2187600
TIMELINE 33 737 241739188963300 2187600
LATENCY 2210400
TIMELINE 33 753 241739224739300 2210400
LATENCY 2400500
TIMELINE 33 769 241739260255100 2400500
LATENCY 2141200
TIMELINE 33 785 241739296485000 2141200
LATENCY 2252000
TIMELINE 33 801 241739352466600 2252000
LATENCY 2266800
TIMELINE 33 817 241739388270200 2266800
LATENCY 2170400
TIMELINE 33 833 241739424157100 2170400
LATENCY 2287200
TIMELINE 33 849 241739459701300 2287200
LATENCY 2129200
TIMELINE 33 865 241739494706800 2129200
LATENCY 2287100
TIMELINE 33 881 241739528773900 2287100
LATENCY 2212100
TIMELINE 33 897 241739563852400 2212100
LATENCY 2245600
TIMELINE 33 913 241739599559800 2245600
LATENCY 2203400
TIMELINE 33 929 241739654131200 2203400
LATENCY 2181400
TIMELINE 33 945 241739688751000 2181400
LATENCY 2127800
TIMELINE 33 961 241739723250700 2127800
LATENCY 2318500
TIMELINE 33 977 241739758030200 2318500
LATENCY 2133400
TIMELINE 33 993 241739792445800 2133400
LATENCY 2300100
TIMELINE 33 1009 241739829030400 2300100
LATENCY 2196500
TIMELINE 33 1025 241739864649400 2196500
LATENCY 2138700
TIMELINE 33 1041 241739899583200 2138700
LATENCY 2224300
TIMELINE 33 1057 241739935545400 2224300
LATENCY 2161200
TIMELINE 33 1073 241739976772200 2161200
LATENCY 2212600
TIMELINE 33 1089 241740011597000 2212600
LATENCY 2170100
TIMELINE 33 1105 241740047424600 2170100
LATENCY 2271400
TIMELINE 33 1121 241740082393000 2271400
LATENCY 2185900
TIMELINE 33 1137 241740118545200 2185900
LATENCY 2259400
TIMELINE 33 1153 241740153990800 2259400
LATENCY 2136000
TIMELINE 33 1169 241740189570400 2136000
LATENCY 2105700
TIMELINE 33 1185 241740224112300 2105700
LATENCY 2235400
TIMELINE 33 1201 241740264640200 2235400
LATENCY 2117800
TIMELINE 33 1217 241740299092800 2117800
LATENCY 2619900
TIMELINE 33 1233 241740334672600 2619900
LATENCY 3033700
TIMELINE 33 1249 241740381843600 3033700
LATENCY 3335600
TIMELINE 33 1265 241740429660800 3335600
LATENCY 2736100
TIMELINE 33 1281 241740474768500 2736100
LATENCY 2785100
TIMELINE 33 1297 241740522489200 2785100
LATENCY 2867400
TIMELINE 33 1313 241740571038200 2867400
LATENCY 2975600
TIMELINE 33 1329 241740624404200 2975600
LATENCY 2742400
TIMELINE 33 1345 241740674791900 2742400
LATENCY 2726300
TIMELINE 33 1361 241740718308700 2726300
LATENCY 2882100
TIMELINE 33 1377 241740763269800 2882100
LATENCY 2824200
TIMELINE 33 1393 241740807513300 2824200
LATENCY 2494900
TIMELINE 33 1409 241740850007000 2494900
LATENCY 3181200
TIMELINE 33 1425 241740896156800 3181200
LATENCY 2999400
TIMELINE 33 1441 241740945069300 2999400
LATENCY 2646800
TIMELINE 33 1457 241740990274600 2646800
LATENCY 2733700
TIMELINE 33 1473 241741042426000 2733700
LATENCY 2902300
TIMELINE 33 1489 241741088492300 2902300
LATENCY 2935400
TIMELINE 33 1505 241741135873500 2935400
LATENCY 2548900
TIMELINE 33 1521 241741180567300 2548900
LATENCY 2715700
TIMELINE 33 1537 241741224340900 2715700
LATENCY 2685200
TIMELINE 33 1553 241741268968500 2685200
LATENCY 2770100
TIMELINE 33 1569 241741318273700 2770100
LATENCY 3084900
TIMELINE 33 1585 241741365831500 3084900
LATENCY 3080800
TIMELINE 33 1601 241741420378300 3080800
LATENCY 2960700
TIMELINE 33 1617 241741468589000 2960700
LATENCY 3009100
TIMELINE 33 1633 241741514634700 3009100
LATENCY 2771000
TIMELINE 33 1649 241741561166000 2771000
LATENCY 2931300
TIMELINE 33 1665 241741608629500 2931300
LATENCY 2984400
TIMELINE 33 1681 241741655571400 2984400
LATENCY 2815600
TIMELINE 33 1697 241741706885700 2815600
LATENCY 2732900
TIMELINE 33 1713 241741750812800 2732900
LATENCY 2721700
TIMELINE 33 1729 241741802903500 2721700
LATENCY 2782100
TIMELINE 33 1745 241741852164400 2782100
LATENCY 2841400
TIMELINE 33 1761 241741897273800 2841400
LATENCY 2697100
TIMELINE 33 1777 241741940280200 2697100
LATENCY 2810300
TIMELINE 33 1793 241741985597500 2810300
LATENCY 2965800
TIMELINE 33 1809 241742032202400 2965800
LATENCY 2612100
TIMELINE 33 1825 241742075890800 2612100
LATENCY 2739800
TIMELINE 33 1841 241742119804900 2739800
LATENCY 2974000
TIMELINE 33 1857 241742166731400 2974000
LATENCY 2868400
TIMELINE 33 1873 241742217873300 2868400
LATENCY 2873200
TIMELINE 33 1889 241742263243400 2873200
LATENCY 2685800
TIMELINE 33 1905 241742307660500 2685800
LATENCY 2737600
TIMELINE 33 1921 241742351794200 2737600
LATENCY 2951300
TIMELINE 33 1937 241742397081200 2951300
LATENCY 2796000
TIMELINE 33 1953 241742440295800 2796000
LATENCY 2726600
TIMELINE 33 1969 241742484441500 2726600
LATENCY 2997500
TIMELINE 33 1985 241742534502800 2997500
LATENCY 3082400
TIMELINE 33 2001 241742588042700 3082400
LATENCY 2589600
TIMELINE 33 2017 241742634743900 2589600
LATENCY 2759000
TIMELINE 33 2033 241742678696000 2759000
LATENCY 2544100
TIMELINE 34 2 241737463200600 2544100
LATENCY 2172900
TIMELINE 34 18 241737502309200 2172900
LATENCY 2236400
TIMELINE 34 34 241737538367400 2236400
LATENCY 2188000
TIMELINE 34 50 241737573377100 2188000
LATENCY 2155400
TIMELINE 34 66 241737608301400 2155400
LATENCY 2210700
TIMELINE 34 82 241737643605500 2210700
LATENCY 2248600
TIMELINE 34 98 241737678590200 2248600
LATENCY 2264300
TIMELINE 34 114 241737715050000 2264300
LATENCY 2262900
TIMELINE 34 130 241737770954300 2262900
LATENCY 2252000
TIMELINE 34 146 241737807831900 2252000
LATENCY 2114500
TIMELINE 34 162 241737843673900 2114500
LATENCY 2142500
TIMELINE 34 178 241737878422800 2142500
LATENCY 2313700
TIMELINE 34 194 241737914098900 2313700
LATENCY 2189700
TIMELINE 34 210 241737951011300 2189700
LATENCY 2282600
TIMELINE 34 226 241737986066300 2282600
LATENCY 2295200
TIMELINE 34 242 241738022637500 2295200
LATENCY 19933300
TIMELINE 34 258 241738058518500 19933300
LATENCY 2259900
TIMELINE 34 274 241738113245700 2259900
LATENCY 2151500
TIMELINE 34 290 241738148459900 2151500
LATENCY 2178800
TIMELINE 34 306 241738183283100 2178800
LATENCY 2091400
TIMELINE 34 322 241738217429900 2091400
LATENCY 2263800
TIMELINE 34 338 241738251862300 2263800
LATENCY 2097800
TIMELINE 34 354 241738288046900 2097800
LATENCY 2152800
TIMELINE 34 370 241738323943400 2152800
LATENCY 2188400
TIMELINE 34 386 241738360166900 2188400
LATENCY 2227100
TIMELINE 34 402 241738413142400 2227100
LATENCY 2130200
TIMELINE 34 418 241738448406700 2130200
LATENCY 2131300
TIMELINE 34 434 241738483091500 2131300
LATENCY 2146400
TIMELINE 34 450 241738518228200 2146400
LATENCY 2277300
TIMELINE 34 466 241738554182800 2277300
LATENCY 2232400
TIMELINE 34 482 241738589953000 2232400
LATENCY 2186400
TIMELINE 34 498 241738625597700 2186400
LATENCY 2280600
TIMELINE 34 514 241738661302000 2280600
LATENCY 2188600
TIMELINE 34 530 241738715350500 2188600
LATENCY 2126900
TIMELINE 34 546 241738749979400 2126900
LATENCY 2118000
TIMELINE 34 562 241738784352500 2118000
LATENCY 2369100
TIMELINE 34 578 241738819037700 2369100
LATENCY 2145200
TIMELINE 34 594 241738854406700 2145200
LATENCY 2139200
TIMELINE 34 610 241738888948800 2139200
LATENCY 2205400
TIMELINE 34 626 241738923808500 2205400
LATENCY 2255300
TIMELINE 34 642 241738959579700 2255300
LATENCY 2439300
TIMELINE 34 658 241738995024200 2439300
LATENCY 2136900
TIMELINE 34 674 241739050885000 2136900
LATENCY 2108200
TIMELINE 34 690 241739085078600 2108200
LATENCY 2432800
TIMELINE 34 706 241739119528800 2432800
LATENCY 2178800
TIMELINE 34 722 241739156345400 2178800
LATENCY 2173000
TIMELINE 34 738 241739191643300 2173000
LATENCY 2254700
TIMELINE 34 754 241739227484900 2254700
LATENCY 2251600
TIMELINE 34 770 241739263164900 2251600
LATENCY 2226800
TIMELINE 34 786 241739299102300 2226800
LATENCY 2213100
TIMELINE 34 802 241739355119700 2213100
LATENCY 2176500
TIMELINE 34 818 241739390722700 2176500
LATENCY 2267700
TIMELINE 34 834 241739426475300 2267700
LATENCY 2169700
TIMELINE 34 850 241739462162200 2169700
LATENCY 2133700
TIMELINE 34 866 241739497012000 2133700
LATENCY 2117700
TIMELINE 34 882 241739531252000 2117700
LATENCY 2209600
TIMELINE 34 898 241739566311900 2209600
LATENCY 2199800
TIMELINE 34 914 241739601986600 2199800
LATENCY 2156300
TIMELINE 34 930 241739656423700 2156300
LATENCY 2199800
TIMELINE 34 946 241739691082800 2199800
LATENCY 2117300
TIMELINE 34 962 241739725529500 2117300
LATENCY 2142700
TIMELINE 34 978 241739760436900 2142700
LATENCY 2141600
TIMELINE 34 994 241739794697300 2141600
LATENCY 2332600
TIMELINE 34 1010 241739831566700 2332600
LATENCY 2184200
TIMELINE 34 1026 241739867021800 2184200
LATENCY 2164200
TIMELINE 34 1042 241739901981500 2164200
LATENCY 2250800
TIMELINE 34 1058 241739937979900 2250800
LATENCY 2076200
TIMELINE 34 1074 241739979129500 2076200
LATENCY 2363600
TIMELINE 34 1090 241740014137900 2363600
LATENCY 2150100
TIMELINE 34 1106 241740049924300 2150100
LATENCY 2192000
TIMELINE 34 1122 241740084727700 2192000
LATENCY 2190600
TIMELINE 34 1138 241740120852700 2190600
LATENCY 2259000
TIMELINE 34 1154 241740156491700 2259000
LATENCY 2133500
TIMELINE 34 1170 241740191845500 2133500
LATENCY 2211100
TIMELINE 34 1186 241740226333200 2211100
LATENCY 2150000
TIMELINE 34 1202 241740266939500 2150000
LATENCY 2121600
TIMELINE 34 1218 241740301243600 2121600
LATENCY 2641900
TIMELINE 34 1234 241740337220400 2641900
LATENCY 3063400
TIMELINE 34 1250 241740384795600 3063400
LATENCY 3020600
TIMELINE 34 1266 241740432902800 3020600
LATENCY 2794400
TIMELINE 34 1282 241740477473700 2794400
LATENCY 2779500
TIMELINE 34 1298 241740525238300 2779500
LATENCY 3112100
TIMELINE 34 1314 241740573862100 3112100
LATENCY 3139200
TIMELINE 34 1330 241740627336000 3139200
LATENCY 2621500
TIMELINE 34 1346 241740677604500 2621500
LATENCY 2771200
TIMELINE 34 1362 241740721110500 2771200
LATENCY 2782600
TIMELINE 34 1378 241740766221300 2782600
LATENCY 2730000
TIMELINE 34 1394 241740810461300 2730000
LATENCY 2636800
TIMELINE 34 1410 241740852626200 2636800
LATENCY 3020500
TIMELINE 34 1426 241740899519400 3020500
LATENCY 3015700
TIMELINE 34 1442 241740948241600 3015700
LATENCY 2668200
TIMELINE 34 1458 241740993085600 2668200
LATENCY 2739000
TIMELINE 34 1474 241741045351500 2739000
LATENCY 2816000
TIMELINE 34 1490 241741091476900 2816000
LATENCY 2943200
TIMELINE 34 1506 241741138940800 2943200
LATENCY 2750800
TIMELINE 34 1522 241741183267900 2750800
LATENCY 3148200
TIMELINE 34 1538 241741227200900 3148200
LATENCY 2801600
TIMELINE 34 1554 241741271804700 2801600
LATENCY 2618500
TIMELINE 34 1570 241741321081300 2618500
LATENCY 2655500
TIMELINE 34 1586 241741369058200 2655500
LATENCY 3067500
TIMELINE 34 1602 241741423674600 3067500
LATENCY 2813100
TIMELINE 34 1618 241741471753700 2813100
LATENCY 3143800
TIMELINE 34 1634 241741517854800 3143800
LATENCY 2787200
TIMELINE 34 1650 241741564211300 2787200
LATENCY 2871700
TIMELINE 34 1666 241741611855800 2871700
LATENCY 2905500
TIMELINE 34 1682 241741658850900 2905500
LATENCY 2718900
TIMELINE 34 1698 241741710001700 2718900
LATENCY 2751700
TIMELINE 34 1714 241741753846000 2751700
LATENCY 2887500
TIMELINE 34 1730 241741805911500 2887500
LATENCY 2691300
TIMELINE 34 1746 241741855174400 2691300
LATENCY 2813200
TIMELINE 34 1762 241741900356500 2813200
LATENCY 2618500
TIMELINE 34 1778 241741943223400 2618500
LATENCY 3098500
TIMELINE 34 1794 241741988617800 3098500
LATENCY 2917200
TIMELINE 34 1810 241742035414100 2917200
LATENCY 2591900
TIMELINE 34 1826 241742078724900 2591900
LATENCY 2788600
TIMELINE 34 1842 241742122824100 2788600
LATENCY 3077300
TIMELINE 34 1858 241742169984500 3077300
LATENCY 2791600
TIMELINE 34 1874 241742221194000 2791600
LATENCY 2735400
TIMELINE 34 1890 241742266617500 2735400
LATENCY 2608900
TIMELINE 34 1906 241742310774600 2608900
LATENCY 2718600
TIMELINE 34 1922 241742354930000 2718600
LATENCY 2937600
TIMELINE 34 1938 241742400504500 2937600
LATENCY 2730700
TIMELINE 34 1954 241742443513600 2730700
LATENCY 2824700
TIMELINE 34 1970 241742487594600 2824700
LATENCY 2933600
TIMELINE 34 1986 241742537951900 2933600
LATENCY 3042700
TIMELINE 34 2002 241742591757800 3042700
LATENCY 2632900
TIMELINE 34 2018 241742637863000 2632900
LATENCY 2758800
TIMELINE 34 2034 241742682064600 2758800
LATENCY 2426400
TIMELINE 35 3 241737465619800 2426400
LATENCY 2205500
TIMELINE 35 19 241737504390100 2205500
LATENCY 2189600
TIMELINE 35 35 241737540483300 2189600
LATENCY 2163000
TIMELINE 35 51 241737575393700 2163000
LATENCY 2173700
TIMELINE 35 67 241737610289000 2173700
LATENCY 2208700
TIMELINE 35 83 241737645608400 2208700
LATENCY 2198700
TIMELINE 35 99 241737680685900 2198700
LATENCY 2297700
TIMELINE 35 115 241737717509400 2297700
LATENCY 2288900
TIMELINE 35 131 241737773429100 2288900
LATENCY 2263600
TIMELINE 35 147 241737810245800 2263600
LATENCY 2108700
TIMELINE 35 163 241737845933600 2108700
LATENCY 2141500
TIMELINE 35 179 241737880709200 2141500
LATENCY 2457400
TIMELINE 35 195 241737916507200 2457400
LATENCY 2337200
TIMELINE 35 211 241737953237200 2337200
LATENCY 2232300
TIMELINE 35 227 241737988383000 2232300
LATENCY 2264600
TIMELINE 35 243 241738024870000 2264600
LATENCY 2918700
TIMELINE 35 259 241738078409800 2918700
LATENCY 2197500
TIMELINE 35 275 241738115538500 2197500
LATENCY 2162900
TIMELINE 35 291 241738150645400 2162900
LATENCY 2176000
TIMELINE 35 307 241738185496500 2176000
LATENCY 2207900
TIMELINE 35 323 241738219551600 2207900
LATENCY 2282900
TIMELINE 35 339 241738254000000 2282900
LATENCY 2133500
TIMELINE 35 355 241738289987400 2133500
LATENCY 2172600
TIMELINE 35 371 241738325888400 2172600
LATENCY 2209000
TIMELINE 35 387 241738362149800 2209000
LATENCY 2199000
TIMELINE 35 403 241738415251900 2199000
LATENCY 2127500
TIMELINE 35 419 241738450425100 2127500
LATENCY 2179100
TIMELINE 35 435 241738485073500 2179100
LATENCY 2242600
TIMELINE 35 451 241738520234200 2242600
LATENCY 2318800
TIMELINE 35 467 241738556139300 2318800
LATENCY 2283600
TIMELINE 35 483 241738591857000 2283600
LATENCY 2242900
TIMELINE 35 499 241738627503000 2242900
LATENCY 2346400
TIMELINE 35 515 241738663184800 2346400
LATENCY 2117800
TIMELINE 35 531 241738717459100 2117800
LATENCY 2296700
TIMELINE 35 547 241738751989900 2296700
LATENCY 2136500
TIMELINE 35 563 241738786232400 2136500
LATENCY 2363300
TIMELINE 35 579 241738820980300 2363300
LATENCY 2124100
TIMELINE 35 595 241738856151400 2124100
LATENCY 2077600
TIMELINE 35 611 241738890681900 2077600
LATENCY 2219000
TIMELINE 35 627 241738925466600 2219000
LATENCY 2240600
TIMELINE 35 643 241738961419700 2240600
LATENCY 21887000
TIMELINE 35 659 241738997045700 21887000
LATENCY 2133600
TIMELINE 35 675 241739052166700 2133600
LATENCY 2240500
TIMELINE 35 691 241739086336500 2240500
LATENCY 2371100
TIMELINE 35 707 241739120997400 2371100
LATENCY 2229300
TIMELINE 35 723 241739157623300 2229300
LATENCY 2194600
TIMELINE 35 739 241739192833600 2194600
LATENCY 2261400
TIMELINE 35 755 241739228727400 2261400
LATENCY 2288100
TIMELINE 35 771 241739264534000 2288100
LATENCY 2310000
TIMELINE 35 787 241739300436400 2310000
LATENCY 2197500
TIMELINE 35 803 241739356485400 2197500
LATENCY 2190400
TIMELINE 35 819 241739392038700 2190400
LATENCY 2218300
TIMELINE 35 835 241739427872900 2218300
LATENCY 2210000
TIMELINE 35 851 241739463577500 2210000
LATENCY 2129200
TIMELINE 35 867 241739498415800 2129200
LATENCY 2067100
TIMELINE 35 883 241739532654700 2067100
LATENCY 2224900
TIMELINE 35 899 241739567708600 2224900
LATENCY 2214000
TIMELINE 35 915 241739603393200 2214000
LATENCY 2189300
TIMELINE 35 931 241739657923400 2189300
LATENCY 2150400
TIMELINE 35 947 241739692501400 2150400
LATENCY 2128800
TIMELINE 35 963 241739726827100 2128800
LATENCY 2121500
TIMELINE 35 979 241739761874200 2121500
LATENCY 2158300
TIMELINE 35 995 241739795988200 2158300
LATENCY 2294300
TIMELINE 35 1011 241739832960400 2294300
LATENCY 2163600
TIMELINE 35 1027 241739868297600 2163600
LATENCY 2244500
TIMELINE 35 1043 241739903137700 2244500
LATENCY 8118600
TIMELINE 35 1059 241739939201900 8118600
LATENCY 2097300
TIMELINE 35 1075 241739980280900 2097300
LATENCY 2216800
TIMELINE 35 1091 241740015513000 2216800
LATENCY 2162700
TIMELINE 35 1107 241740051130600 2162700
LATENCY 2223500
TIMELINE 35 1123 241740086064300 2223500
LATENCY 2194400
TIMELINE 35 1139 241740122191000 2194400
LATENCY 2203400
TIMELINE 35 1155 241740157920400 2203400
LATENCY 2138700
TIMELINE 35 1171 241740193178100 2138700
LATENCY 2113800
TIMELINE 35 1187 241740227631100 2113800
LATENCY 2156100
TIMELINE 35 1203 241740268041500 2156100
LATENCY 2142000
TIMELINE 35 1219 241740302347600 2142000
LATENCY 2655200
TIMELINE 35 1235 241740338691300 2655200
LATENCY 3070600
TIMELINE 35 1251 241740386550700 3070600
LATENCY 2784800
TIMELINE 35 1267 241740434768800 2784800
LATENCY 3192700
TIMELINE 35 1283 241740479069100 3192700
LATENCY 2837400
TIMELINE 35 1299 241740526902100 2837400
LATENCY 3025100
TIMELINE 35 1315 241740575781800 3025100
LATENCY 3214100
TIMELINE 35 1331 241740629245700 3214100
LATENCY 2628100
TIMELINE 35 1347 241740679237400 2628100
LATENCY 2755100
TIMELINE 35 1363 241740722835000 2755100
LATENCY 2720300
TIMELINE 35 1379 241740767635900 2720300
LATENCY 2737300
TIMELINE 35 1395 241740811807400 2737300
LATENCY 2623700
TIMELINE 35 1411 241740853942400 2623700
LATENCY 3007600
TIMELINE 35 1427 241740900993500 3007600
LATENCY 3024300
TIMELINE 35 1443 241740949705000 3024300
LATENCY 2644200
TIMELINE 35 1459 241740994357500 2644200
LATENCY 2851200
TIMELINE 35 1475 241741048850300 2851200
LATENCY 2969100
TIMELINE 35 1491 241741095191500 2969100
LATENCY 2931100
TIMELINE 35 1507 241741142673900 2931100
LATENCY 2733800
TIMELINE 35 1523 241741186725300 2733800
LATENCY 2739800
TIMELINE 35 1539 241741231027100 2739800
LATENCY 3759200
TIMELINE 35 1555 241741275289200 3759200
LATENCY 2982000
TIMELINE 35 1571 241741324550700 2982000
LATENCY 3133000
TIMELINE 35 1587 241741372493700 3133000
LATENCY 3030000
TIMELINE 35 1603 241741427663400 3030000
LATENCY 2781700
TIMELINE 35 1619 241741475345300 2781700
LATENCY 3106500
TIMELINE 35 1635 241741521911600 3106500
LATENCY 2693400
TIMELINE 35 1651 241741567911300 2693400
LATENCY 2917000
TIMELINE 35 1667 241741615738200 2917000
LATENCY 2967100
TIMELINE 35 1683 241741662852700 2967100
LATENCY 2732700
TIMELINE 35 1699 241741713693700 2732700
LATENCY 2936200
TIMELINE 35 1715 241741757656100 2936200
LATENCY 2955300
TIMELINE 35 1731 241741809827200 2955300
LATENCY 2778100
TIMELINE 35 1747 241741858891300 2778100
LATENCY 2740200
TIMELINE 35 1763 241741904235300 2740200
LATENCY 2669900
TIMELINE 35 1779 241741946785400 2669900
LATENCY 2964800
TIMELINE 35 1795 241741992860500 2964800
LATENCY 2960700
TIMELINE 35 1811 241742039452000 2960700
LATENCY 2596900
TIMELINE 35 1827 241742082196000 2596900
LATENCY 2709600
TIMELINE 35 1843 241742126520400 2709600
LATENCY 3170700
TIMELINE 35 1859 241742174007300 3170700
LATENCY 2791800
TIMELINE 35 1875 241742224748800 2791800
LATENCY 2785300
TIMELINE 35 1891 241742270121600 2785300
LATENCY 2961000
TIMELINE 35 1907 241742314090100 2961000
LATENCY 2661900
TIMELINE 35 1923 241742358400200 2661900
LATENCY 2714100
TIMELINE 35 1939 241742404246000 2714100
LATENCY 2756100
TIMELINE 35 1955 241742447022600 2756100
LATENCY 2738100
TIMELINE 35 1971 241742491209400 2738100
LATENCY 2882200
TIMELINE 35 1987 241742541758800 2882200
LATENCY 3023500
TIMELINE 35 2003 241742595528500 3023500
LATENCY 2578300
TIMELINE 35 2019 241742641105100 2578300
LATENCY 2698500
TIMELINE 35 2035 241742685519400 2698500
LATENCY 2349400
TIMELINE 36 4 241737468145800 2349400
LATENCY 2198900
TIMELINE 36 20 241737506746300 2198900
LATENCY 2159000
TIMELINE 36 36 241737542880200 2159000
LATENCY 2175200
TIMELINE 36 52 241737577884200 2175200
LATENCY 2172100
TIMELINE 36 68 241737612750900 2172100
LATENCY 2246900
TIMELINE 36 84 241737648049000 2246900
LATENCY 2321500
TIMELINE 36 100 241737683115100 2321500
LATENCY 2291000
TIMELINE 36 116 241737719904300 2291000
LATENCY 2303600
TIMELINE 36 132 241737775815600 2303600
LATENCY 2295500
TIMELINE 36 148 241737812545100 2295500
LATENCY 2140900
TIMELINE 36 164 241737848075800 2140900
LATENCY 2151000
TIMELINE 36 180 241737882884400 2151000
LATENCY 2246200
TIMELINE 36 196 241737919271000 2246200
LATENCY 2276900
TIMELINE 36 212 241737956176800 2276900
LATENCY 2220300
TIMELINE 36 228 241737991167800 2220300
LATENCY 2228100
TIMELINE 36 244 241738027432800 2228100
LATENCY 2453900
TIMELINE 36 260 241738081650300 2453900
LATENCY 2194700
TIMELINE 36 276 241738118047000 2194700
LATENCY 2173300
TIMELINE 36 292 241738153077800 2173300
LATENCY 2172400
TIMELINE 36 308 241738187937200 2172400
LATENCY 2067100
TIMELINE 36 324 241738222007200 2067100
LATENCY 2178900
TIMELINE 36 340 241738256603800 2178900
LATENCY 2154400
TIMELINE 36 356 241738292354500 2154400
LATENCY 2293700
TIMELINE 36 372 241738328313100 2293700
LATENCY 2102100
TIMELINE 36 388 241738364576500 2102100
LATENCY 2223200
TIMELINE 36 404 241738417669400 2223200
LATENCY 2103100
TIMELINE 36 420 241738452770300 2103100
LATENCY 2162700
TIMELINE 36 436 241738487495800 2162700
LATENCY 2654900
TIMELINE 36 452 241738522738900 2654900
LATENCY 2199400
TIMELINE 36 468 241738559170900 2199400
LATENCY 2151200
TIMELINE 36 484 241738594770000 2151200
LATENCY 2288000
TIMELINE 36 500 241738630141100 2288000
LATENCY 2340800
TIMELINE 36 516 241738665956000 2340800
LATENCY 2145700
TIMELINE 36 532 241738719997100 2145700
LATENCY 2288300
TIMELINE 36 548 241738754823500 2288300
LATENCY 2133400
TIMELINE 36 564 241738788935600 2133400
LATENCY 2432900
TIMELINE 36 580 241738824054000 2432900
LATENCY 2149200
TIMELINE 36 596 241738858894000 2149200
LATENCY 2113500
TIMELINE 36 612 241738893377400 2113500
LATENCY 2291400
TIMELINE 36 628 241738928338400 2291400
LATENCY 2311500
TIMELINE 36 644 241738964462600 2311500
LATENCY 2347400
TIMELINE 36 660 241739019723900 2347400
LATENCY 2107000
TIMELINE 36 676 241739055273700 2107000
LATENCY 2160500
TIMELINE 36 692 241739089595100 2160500
LATENCY 2322500
TIMELINE 36 708 241739124465700 2322500
LATENCY 2235800
TIMELINE 36 724 241739160795800 2235800
LATENCY 2213600
TIMELINE 36 740 241739195971500 2213600
LATENCY 2192600
TIMELINE 36 756 241739231857500 2192600
LATENCY 2253000
TIMELINE 36 772 241739267441400 2253000
LATENCY 2272100
TIMELINE 36 788 241739303294200 2272100
LATENCY 2244200
TIMELINE 36 804 241739359319900 2244200
LATENCY 2263300
TIMELINE 36 820 241739394911800 2263300
LATENCY 2182600
TIMELINE 36 836 241739430680100 2182600
LATENCY 2281100
TIMELINE 36 852 241739466367100 2281100
LATENCY 2181800
TIMELINE 36 868 241739501105500 2181800
LATENCY 2151600
TIMELINE 36 884 241739535252800 2151600
LATENCY 2211600
TIMELINE 36 900 241739570463600 2211600
LATENCY 2198800
TIMELINE 36 916 241739606120800 2198800
LATENCY 2140800
TIMELINE 36 932 241739660950300 2140800
LATENCY 2140800
TIMELINE 36 948 241739695526400 2140800
LATENCY 2132500
TIMELINE 36 964 241739729734700 2132500
LATENCY 2162000
TIMELINE 36 980 241739764803100 2162000
LATENCY 2146200
TIMELINE 36 996 241739799080000 2146200
LATENCY 2173000
TIMELINE 36 1012 241739836079200 2173000
LATENCY 2199400
TIMELINE 36 1028 241739871293400 2199400
LATENCY 2388900
TIMELINE 36 1044 241739906216400 2388900
LATENCY 2335900
TIMELINE 36 1060 241739947919300 2335900
LATENCY 2192500
TIMELINE 36 1076 241739982931500 2192500
LATENCY 2195600
TIMELINE 36 1092 241740018093300 2195600
LATENCY 2153600
TIMELINE 36 1108 241740053700500 2153600
LATENCY 2182600
TIMELINE 36 1124 241740088823900 2182600
LATENCY 2272200
TIMELINE 36 1140 241740125033300 2272200
LATENCY 2261100
TIMELINE 36 1156 241740160711100 2261100
LATENCY 2099700
TIMELINE 36 1172 241740195899500 2099700
LATENCY 2120900
TIMELINE 36 1188 241740230530600 2120900
LATENCY 2156000
TIMELINE 36 1204 241740271032900 2156000
LATENCY 2157400
TIMELINE 36 1220 241740305349800 2157400
LATENCY 2661100
TIMELINE 36 1236 241740342288200 2661100
LATENCY 2684900
TIMELINE 36 1252 241740390712400 2684900
LATENCY 2712900
TIMELINE 36 1268 241740438566400 2712900
LATENCY 3069600
TIMELINE 36 1284 241740483320600 3069600
LATENCY 2863600
TIMELINE 36 1300 241740530691000 2863600
LATENCY 2962600
TIMELINE 36 1316 241740579786200 2962600
LATENCY 3178500
TIMELINE 36 1332 241740633522600 3178500
LATENCY 2663900
TIMELINE 36 1348 241740682644900 2663900
LATENCY 2734600
TIMELINE 36 1364 241740726446800 2734600
LATENCY 2763700
TIMELINE 36 1380 241740771473500 2763700
LATENCY 2816200
TIMELINE 36 1396 241740815579900 2816200
LATENCY 2602300
TIMELINE 36 1412 241740857710800 2602300
LATENCY 3022600
TIMELINE 36 1428 241740905294200 3022600
LATENCY 3046800
TIMELINE 36 1444 241740954050000 3046800
LATENCY 2861900
TIMELINE 36 1460 241741005717000 2861900
LATENCY 2976600
TIMELINE 36 1476 241741051862500 2976600
LATENCY 2943400
TIMELINE 36 1492 241741098283700 2943400
LATENCY 2830400
TIMELINE 36 1508 241741145729600 2830400
LATENCY 2781200
TIMELINE 36 1524 241741189562300 2781200
LATENCY 2696500
TIMELINE 36 1540 241741233879600 2696500
LATENCY 4787500
TIMELINE 36 1556 241741278185000 4787500
LATENCY 3009500
TIMELINE 36 1572 241741327068200 3009500
LATENCY 3109800
TIMELINE 36 1588 241741375150000 3109800
LATENCY 3057000
TIMELINE 36 1604 241741430227800 3057000
LATENCY 2803600
TIMELINE 36 1620 241741477703400 2803600
LATENCY 3113800
TIMELINE 36 1636 241741524541200 3113800
LATENCY 2667000
TIMELINE 36 1652 241741570192800 2667000
LATENCY 2977900
TIMELINE 36 1668 241741618224800 2977900
LATENCY 2953900
TIMELINE 36 1684 241741665326100 2953900
LATENCY 2745500
TIMELINE 36 1700 241741715968900 2745500
LATENCY 3049200
TIMELINE 36 1716 241741760101300 3049200
LATENCY 3020700
TIMELINE 36 1732 241741812298500 3020700
LATENCY 2688900
TIMELINE 36 1748 241741861022800 2688900
LATENCY 2795600
TIMELINE 36 1764 241741906286800 2795600
LATENCY 2628500
TIMELINE 36 1780 241741948796100 2628500
LATENCY 2957800
TIMELINE 36 1796 241741995087000 2957800
LATENCY 2744100
TIMELINE 36 1812 241742041674100 2744100
LATENCY 2618800
TIMELINE 36 1828 241742084228900 2618800
LATENCY 2921000
TIMELINE 36 1844 241742128641300 2921000
LATENCY 8649100
TIMELINE 36 1860 241742176219500 8649100
LATENCY 2810100
TIMELINE 36 1876 241742226880800 2810100
LATENCY 2833900
TIMELINE 36 1892 241742272257800 2833900
LATENCY 2896100
TIMELINE 36 1908 241742316326400 2896100
LATENCY 2981700
TIMELINE 36 1924 241742360417800 2981700
LATENCY 2690500
TIMELINE 36 1940 241742406328700 2690500
LATENCY 2735700
TIMELINE 36 1956 241742449172600 2735700
LATENCY 2756000
TIMELINE 36 1972 241742493342900 2756000
LATENCY 2822900
TIMELINE 36 1988 241742544009100 2822900
LATENCY 3057600
TIMELINE 36 2004 241742597870600 3057600
LATENCY 2571900
TIMELINE 36 2020 241742643105400 2571900
LATENCY 2663500
TIMELINE 36 2036 241742687647000 2663500
LATENCY 2839500
TIMELINE 37 5 241737470564600 2839500
LATENCY 2202100
TIMELINE 37 21 241737508858200 2202100
LATENCY 2155500
TIMELINE 37 37 241737544903200 2155500
LATENCY 2180700
TIMELINE 37 53 241737579849900 2180700
LATENCY 2151600
TIMELINE 37 69 241737614722200 2151600
LATENCY 2214700
TIMELINE 37 85 241737650174500 2214700
LATENCY 2347500
TIMELINE 37 101 241737685313500 2347500
LATENCY 2292900
TIMELINE 37 117 241737722061600 2292900
LATENCY 2224100
TIMELINE 37 133 241737777977700 2224100
LATENCY 2233100
TIMELINE 37 149 241737814935100 2233100
LATENCY 2144300
TIMELINE 37 165 241737850307500 2144300
LATENCY 2146000
TIMELINE 37 181 241737885132800 2146000
LATENCY 2338400
TIMELINE 37 197 241737921578700 2338400
LATENCY 2241400
TIMELINE 37 213 241737958186200 2241400
LATENCY 2285900
TIMELINE 37 229 241737993093500 2285900
LATENCY 2290800
TIMELINE 37 245 241738029897100 2290800
LATENCY 2317300
TIMELINE 37 261 241738084179100 2317300
LATENCY 2249100
TIMELINE 37 277 241738120367300 2249100
LATENCY 2116200
TIMELINE 37 293 241738155377600 2116200
LATENCY 2133200
TIMELINE 37 309 241738190203600 2133200
LATENCY 2085800
TIMELINE 37 325 241738224158500 2085800
LATENCY 2209100
TIMELINE 37 341 241738258751300 2209100
LATENCY 2196300
TIMELINE 37 357 241738294665900 2196300
LATENCY 2440600
TIMELINE 37 373 241738330841900 2440600
LATENCY 2149900
TIMELINE 37 389 241738366877300 2149900
LATENCY 2210800
TIMELINE 37 405 241738420018800 2210800
LATENCY 2142900
TIMELINE 37 421 241738455130800 2142900
LATENCY 2310400
TIMELINE 37 437 241738489817200 2310400
LATENCY 2253600
TIMELINE 37 453 241738525525900 2253600
LATENCY 2230400
TIMELINE 37 469 241738561461800 2230400
LATENCY 2242900
TIMELINE 37 485 241738597014100 2242900
LATENCY 2262300
TIMELINE 37 501 241738632731700 2262300
LATENCY 2132300
TIMELINE 37 517 241738668550200 2132300
LATENCY 2138500
TIMELINE 37 533 241738722304000 2138500
LATENCY 2127400
TIMELINE 37 549 241738757201700 2127400
LATENCY 2293800
TIMELINE 37 565 241738791157000 2293800
LATENCY 2245200
TIMELINE 37 581 241738826641100 2245200
LATENCY 2133900
TIMELINE 37 597 241738861188500 2133900
LATENCY 2103100
TIMELINE 37 613 241738895639300 2103100
LATENCY 2168200
TIMELINE 37 629 241738930853400 2168200
LATENCY 2193500
TIMELINE 37 645 241738966714800 2193500
LATENCY 2293200
TIMELINE 37 661 241739021999200 2293200
LATENCY 2111200
TIMELINE 37 677 241739057244900 2111200
LATENCY 2129400
TIMELINE 37 693 241739091618000 2129400
LATENCY 2392800
TIMELINE 37 709 241739126600800 2392800
LATENCY 2164700
TIMELINE 37 725 241739162951500 2164700
LATENCY 2248800
TIMELINE 37 741 241739198132500 2248800
LATENCY 2186000
TIMELINE 37 757 241739233990500 2186000
LATENCY 2253600
TIMELINE 37 773 241739269876500 2253600
LATENCY 2179200
TIMELINE 37 789 241739305764900 2179200
LATENCY 2253200
TIMELINE 37 805 241739361698600 2253200
LATENCY 2145200
TIMELINE 37 821 241739397342100 2145200
LATENCY 2192400
TIMELINE 37 837 241739433059600 2192400
LATENCY 2213800
TIMELINE 37 853 241739468775900 2213800
LATENCY 2136000
TIMELINE 37 869 241739503397400 2136000
LATENCY 2119600
TIMELINE 37 885 241739537491400 2119600
LATENCY 2193300
TIMELINE 37 901 241739572705700 2193300
LATENCY 2101400
TIMELINE 37 917 241739608368500 2101400
LATENCY 2126400
TIMELINE 37 933 241739663003000 2126400
LATENCY 2156100
TIMELINE 37 949 241739697553100 2156100
LATENCY 2138900
TIMELINE 37 965 241739731810900 2138900
LATENCY 2211300
TIMELINE 37 981 241739766818800 2211300
LATENCY 2147700
TIMELINE 37 997 241739801080100 2147700
LATENCY 2126100
TIMELINE 37 1013 241739838419600 2126100
LATENCY 2113200
TIMELINE 37 1029 241739873674100 2113200
LATENCY 2404300
TIMELINE 37 1045 241739908790500 2404300
LATENCY 2209800
TIMELINE 37 1061 241739950432300 2209800
LATENCY 2098400
TIMELINE 37 1077 241739985413700 2098400
LATENCY 2333500
TIMELINE 37 1093 241740020687000 2333500
LATENCY 2205800
TIMELINE 37 1109 241740056219100 2205800
LATENCY 2196100
TIMELINE 37 1125 241740091241300 2196100
LATENCY 2201600
TIMELINE 37 1141 241740127540400 2201600
LATENCY 2198200
TIMELINE 37 1157 241740163219700 2198200
LATENCY 2129100
TIMELINE 37 1173 241740198204200 2129100
LATENCY 2252600
TIMELINE 37 1189 241740233703900 2252600
LATENCY 2122600
TIMELINE 37 1205 241740274141100 2122600
LATENCY 2094800
TIMELINE 37 1221 241740308446600 2094800
LATENCY 2626900
TIMELINE 37 1237 241740346144700 2626900
LATENCY 2925400
TIMELINE 37 1253 241740394699400 2925400
LATENCY 2817400
TIMELINE 37 1269 241740442597400 2817400
LATENCY 3089600
TIMELINE 37 1285 241740487888300 3089600
LATENCY 2813100
TIMELINE 37 1301 241740534970400 2813100
LATENCY 2954300
TIMELINE 37 1317 241740584145100 2954300
LATENCY 3104600
TIMELINE 37 1333 241740638154000 3104600
LATENCY 2767900
TIMELINE 37 1349 241740686684900 2767900
LATENCY 2770700
TIMELINE 37 1365 241740730512500 2770700
LATENCY 2738500
TIMELINE 37 1381 241740775846100 2738500
LATENCY 2621100
TIMELINE 37 1397 241740819801700 2621100
LATENCY 2620000
TIMELINE 37 1413 241740861748000 2620000
LATENCY 3083800
TIMELINE 37 1429 241740909946700 3083800
LATENCY 2735700
TIMELINE 37 1445 241740958709900 2735700
LATENCY 2898800
TIMELINE 37 1461 241741012634800 2898800
LATENCY 2945800
TIMELINE 37 1477 241741056675800 2945800
LATENCY 2973400
TIMELINE 37 1493 241741103083700 2973400
LATENCY 2879000
TIMELINE 37 1509 241741150470200 2879000
LATENCY 2780900
TIMELINE 37 1525 241741194020200 2780900
LATENCY 2727000
TIMELINE 37 1541 241741238290600 2727000
LATENCY 2768000
TIMELINE 37 1557 241741285162700 2768000
LATENCY 2978400
TIMELINE 37 1573 241741332417800 2978400
LATENCY 3100400
TIMELINE 37 1589 241741380682800 3100400
LATENCY 3059200
TIMELINE 37 1605 241741435702300 3059200
LATENCY 2745800
TIMELINE 37 1621 241741482707800 2745800
LATENCY 2829800
TIMELINE 37 1637 241741529897800 2829800
LATENCY 2854800
TIMELINE 37 1653 241741574962300 2854800
LATENCY 2918300
TIMELINE 37 1669 241741623428000 2918300
LATENCY 2960800
TIMELINE 37 1685 241741670576700 2960800
LATENCY 2725800
TIMELINE 37 1701 241741720805100 2725800
LATENCY 3064200
TIMELINE 37 1717 241741765463800 3064200
LATENCY 3382300
TIMELINE 37 1733 241741817919800 3382300
LATENCY 2768100
TIMELINE 37 1749 241741865948700 2768100
LATENCY 2630000
TIMELINE 37 1765 241741911294900 2630000
LATENCY 2578400
TIMELINE 37 1781 241741953698300 2578400
LATENCY 2913000
TIMELINE 37 1797 241742000720100 2913000
LATENCY 2913000
TIMELINE 37 1813 241742046857200 2913000
LATENCY 2931300
TIMELINE 37 1829 241742089148300 2931300
LATENCY 2981900
TIMELINE 37 1845 241742134151000 2981900
LATENCY 2786000
TIMELINE 37 1861 241742187346400 2786000
LATENCY 2779300
TIMELINE 37 1877 241742232191400 2779300
LATENCY 2754400
TIMELINE 37 1893 241742277842800 2754400
LATENCY 2734400
TIMELINE 37 1909 241742321756900 2734400
LATENCY 2926600
TIMELINE 37 1925 241742366008000 2926600
LATENCY 2686400
TIMELINE 37 1941 241742411388800 2686400
LATENCY 2695400
TIMELINE 37 1957 241742454447900 2695400
LATENCY 5011800
TIMELINE 37 1973 241742498590100 5011800
LATENCY 2897900
TIMELINE 37 1989 241742549434300 2897900
LATENCY 5027800
TIMELINE 37 2005 241742603805200 5027800
LATENCY 2606300
TIMELINE 37 2021 241742648167200 2606300
LATENCY 2655500
TIMELINE 37 2037 241742692543900 2655500
LATENCY 2591400
TIMELINE 38 6 241737473263300 2591400
LATENCY 2518200
TIMELINE 38 22 241737510973900 2518200
LATENCY 2182100
TIMELINE 38 38 241737547029300 2182100
LATENCY 2142200
TIMELINE 38 54 241737582001300 2142200
LATENCY 2157900
TIMELINE 38 70 241737616817200 2157900
LATENCY 2178600
TIMELINE 38 86 241737652361800 2178600
LATENCY 2370300
TIMELINE 38 102 241737687596400 2370300
LATENCY 2304400
TIMELINE 38 118 241737724289700 2304400
LATENCY 2305100
TIMELINE 38 134 241737780170400 2305100
LATENCY 2216100
TIMELINE 38 150 241737816977800 2216100
LATENCY 2150500
TIMELINE 38 166 241737852283200 2150500
LATENCY 2176200
TIMELINE 38 182 241737887095400 2176200
LATENCY 2290200
TIMELINE 38 198 241737923573200 2290200
LATENCY 2220000
TIMELINE 38 214 241737959991500 2220000
LATENCY 2303500
TIMELINE 38 230 241737994946500 2303500
LATENCY 2386300
TIMELINE 38 246 241738031291200 2386300
LATENCY 2217300
TIMELINE 38 262 241738085761400 2217300
LATENCY 2215500
TIMELINE 38 278 241738121869600 2215500
LATENCY 2115000
TIMELINE 38 294 241738156809400 2115000
LATENCY 2138000
TIMELINE 38 310 241738191667800 2138000
LATENCY 2085500
TIMELINE 38 326 241738225603400 2085500
LATENCY 2231700
TIMELINE 38 342 241738260368700 2231700
LATENCY 2265400
TIMELINE 38 358 241738296096500 2265400
LATENCY 2270800
TIMELINE 38 374 241738332418600 2270800
LATENCY 2175100
TIMELINE 38 390 241738368265300 2175100
LATENCY 2210600
TIMELINE 38 406 241738421517900 2210600
LATENCY 2335400
TIMELINE 38 422 241738456448700 2335400
LATENCY 2299300
TIMELINE 38 438 241738491291200 2299300
LATENCY 2270500
TIMELINE 38 454 241738526816700 2270500
LATENCY 2225300
TIMELINE 38 470 241738562748900 2225300
LATENCY 2430900
TIMELINE 38 486 241738598318400 2430900
LATENCY 2307900
TIMELINE 38 502 241738634155600 2307900
LATENCY 2131700
TIMELINE 38 518 241738669965300 2131700
LATENCY 2292100
TIMELINE 38 534 241738723808000 2292100
LATENCY 2103600
TIMELINE 38 550 241738758838200 2103600
LATENCY 2185600
TIMELINE 38 566 241738792939700 2185600
LATENCY 2199900
TIMELINE 38 582 241738828457000 2199900
LATENCY 2154400
TIMELINE 38 598 241738862901500 2154400
LATENCY 2275700
TIMELINE 38 614 241738897376200 2275700
LATENCY 2193200
TIMELINE 38 630 241738932566400 2193200
LATENCY 2203200
TIMELINE 38 646 241738968471000 2203200
LATENCY 2661500
TIMELINE 38 662 241739024165000 2661500
LATENCY 2127100
TIMELINE 38 678 241739059330700 2127100
LATENCY 2127700
TIMELINE 38 694 241739093719200 2127700
LATENCY 2362900
TIMELINE 38 710 241739128956500 2362900
LATENCY 2293700
TIMELINE 38 726 241739165057900 2293700
LATENCY 2229200
TIMELINE 38 742 241739200440700 2229200
LATENCY 2229300
TIMELINE 38 758 241739236296600 2229300
LATENCY 2271000
TIMELINE 38 774 241739272066900 2271000
LATENCY 2375000
TIMELINE 38 790 241739307852800 2375000
LATENCY 2231000
TIMELINE 38 806 241739364073100 2231000
LATENCY 2343400
TIMELINE 38 822 241739399657200 2343400
LATENCY 2374800
TIMELINE 38 838 241739435316800 2374800
LATENCY 2272200
TIMELINE 38 854 241739471054600 2272200
LATENCY 2124300
TIMELINE 38 870 241739505590500 2124300
LATENCY 2121100
TIMELINE 38 886 241739539697000 2121100
LATENCY 2179600
TIMELINE 38 902 241739575086200 2179600
LATENCY 2105300
TIMELINE 38 918 241739610643700 2105300
LATENCY 2152800
TIMELINE 38 934 241739664979700 2152800
LATENCY 2119300
TIMELINE 38 950 241739699681500 2119300
LATENCY 2164700
TIMELINE 38 966 241739733983300 2164700
LATENCY 2112100
TIMELINE 38 982 241739769060200 2112100
LATENCY 2126400
TIMELINE 38 998 241739803258800 2126400
LATENCY 2305500
TIMELINE 38 1014 241739840737800 2305500
LATENCY 2140600
TIMELINE 38 1030 241739875989600 2140600
LATENCY 2205100
TIMELINE 38 1046 241739911399300 2205100
LATENCY 2341900
TIMELINE 38 1062 241739952940500 2341900
LATENCY 2095500
TIMELINE 38 1078 241739987678800 2095500
LATENCY 2195200
TIMELINE 38 1094 241740023117100 2195200
LATENCY 2154000
TIMELINE 38 1110 241740058518500 2154000
LATENCY 2310900
TIMELINE 38 1126 241740093671500 2310900
LATENCY 2204600
TIMELINE 38 1142 241740129837400 2204600
LATENCY 2202600
TIMELINE 38 1158 241740165576700 2202600
LATENCY 2128900
TIMELINE 38 1174 241740200510300 2128900
LATENCY 2474600
TIMELINE 38 1190 241740235266300 2474600
LATENCY 2125000
TIMELINE 38 1206 241740275741700 2125000
LATENCY 2164600
TIMELINE 38 1222 241740310030800 2164600
LATENCY 3124800
TIMELINE 38 1238 241740348106100 3124800
LATENCY 2938500
TIMELINE 38 1254 241740396884000 2938500
LATENCY 2957500
TIMELINE 38 1270 241740444849200 2957500
LATENCY 3018800
TIMELINE 38 1286 241740490356700 3018800
LATENCY 2813800
TIMELINE 38 1302 241740537243000 2813800
LATENCY 2908700
TIMELINE 38 1318 241740586529400 2908700
LATENCY 3188100
TIMELINE 38 1334 241740640605800 3188100
LATENCY 2834200
TIMELINE 38 1350 241740688766300 2834200
LATENCY 2775500
TIMELINE 38 1366 241740732600400 2775500
LATENCY 2781400
TIMELINE 38 1382 241740777915400 2781400
LATENCY 2611200
TIMELINE 38 1398 241740821777600 2611200
LATENCY 2846800
TIMELINE 38 1414 241740863731200 2846800
LATENCY 3087800
TIMELINE 38 1430 241740912216600 3087800
LATENCY 2755600
TIMELINE 38 1446 241740960752200 2755600
LATENCY 2719800
TIMELINE 38 1462 241741016030100 2719800
LATENCY 2942800
TIMELINE 38 1478 241741060114700 2942800
LATENCY 2972700
TIMELINE 38 1494 241741106596200 2972700
LATENCY 2717900
TIMELINE 38 1510 241741153874400 2717900
LATENCY 2762700
TIMELINE 38 1526 241741197285700 2762700
LATENCY 2781600
TIMELINE 38 1542 241741241497200 2781600
LATENCY 2856500
TIMELINE 38 1558 241741288420900 2856500
LATENCY 3043000
TIMELINE 38 1574 241741335780900 3043000
LATENCY 3077500
TIMELINE 38 1590 241741384181000 3077500
LATENCY 3062600
TIMELINE 38 1606 241741439150800 3062600
LATENCY 2900100
TIMELINE 38 1622 241741485828500 2900100
LATENCY 2741500
TIMELINE 38 1638 241741533072700 2741500
LATENCY 2958300
TIMELINE 38 1654 241741578171900 2958300
LATENCY 2889800
TIMELINE 38 1670 241741626703400 2889800
LATENCY 2919300
TIMELINE 38 1686 241741673913400 2919300
LATENCY 2742300
TIMELINE 38 1702 241741723872300 2742300
LATENCY 3015500
TIMELINE 38 1718 241741768986100 3015500
LATENCY 2720300
TIMELINE 38 1734 241741821706900 2720300
LATENCY 2709400
TIMELINE 38 1750 241741869738200 2709400
LATENCY 2605900
TIMELINE 38 1766 241741914893100 2605900
LATENCY 2671000
TIMELINE 38 1782 241741957291100 2671000
LATENCY 2941100
TIMELINE 38 1798 241742004483100 2941100
LATENCY 2697200
TIMELINE 38 1814 241742050678500 2697200
LATENCY 2634400
TIMELINE 38 1830 241742092933900 2634400
LATENCY 2949200
TIMELINE 38 1846 241742138003700 2949200
LATENCY 2964000
TIMELINE 38 1862 241742190912200 2964000
LATENCY 2761800
TIMELINE 38 1878 241742235813200 2761800
LATENCY 2694200
TIMELINE 38 1894 241742281346400 2694200
LATENCY 2766800
TIMELINE 38 1910 241742325239200 2766800
LATENCY 3074800
TIMELINE 38 1926 241742369812000 3074800
LATENCY 2727600
TIMELINE 38 1942 241742414785000 2727600
LATENCY 2767100
TIMELINE 38 1958 241742458018300 2767100
LATENCY 2878300
TIMELINE 38 1974 241742505570500 2878300
LATENCY 3071100
TIMELINE 38 1990 241742553100900 3071100
LATENCY 2712100
TIMELINE 38 2006 241742609516000 2712100
LATENCY 2775700
TIMELINE 38 2022 241742651444000 2775700
LATENCY 2614100
TIMELINE 38 2038 241742695921700 2614100
LATENCY 2486600
TIMELINE 39 7 241737476367000 2486600
LATENCY 2260300
TIMELINE 39 23 241737514023700 2260300
LATENCY 2190900
TIMELINE 39 39 241737549594600 2190900
LATENCY 2339800
TIMELINE 39 55 241737584508600 2339800
LATENCY 2138600
TIMELINE 39 71 241737619368600 2138600
LATENCY 2173600
TIMELINE 39 87 241737654887300 2173600
LATENCY 2258400
TIMELINE 39 103 241737690395500 2258400
LATENCY 2247200
TIMELINE 39 119 241737727045600 2247200
LATENCY 2350200
TIMELINE 39 135 241737782819200 2350200
LATENCY 2199500
TIMELINE 39 151 241737819548900 2199500
LATENCY 2177300
TIMELINE 39 167 241737854812100 2177300
LATENCY 2434600
TIMELINE 39 183 241737889653900 2434600
LATENCY 2294500
TIMELINE 39 199 241737926369200 2294500
LATENCY 2174800
TIMELINE 39 215 241737962851100 2174800
LATENCY 2236700
TIMELINE 39 231 241737997838500 2236700
LATENCY 2195600
TIMELINE 39 247 241738034208000 2195600
LATENCY 2411600
TIMELINE 39 263 241738088564100 2411600
LATENCY 2216500
TIMELINE 39 279 241738124604600 2216500
LATENCY 2136200
TIMELINE 39 295 241738159436200 2136200
LATENCY 2115500
TIMELINE 39 311 241738194321000 2115500
LATENCY 2115300
TIMELINE 39 327 241738228151200 2115300
LATENCY 2199700
TIMELINE 39 343 241738263105100 2199700
LATENCY 2261000
TIMELINE 39 359 241738298827000 2261000
LATENCY 2195600
TIMELINE 39 375 241738335152200 2195600
LATENCY 19799500
TIMELINE 39 391 241738370880000 19799500
LATENCY 2092300
TIMELINE 39 407 241738424172500 2092300
LATENCY 2223400
TIMELINE 39 423 241738459228700 2223400
LATENCY 2256200
TIMELINE 39 439 241738493935000 2256200
LATENCY 2203300
TIMELINE 39 455 241738529358400 2203300
LATENCY 2221000
TIMELINE 39 471 241738565218300 2221000
LATENCY 2209400
TIMELINE 39 487 241738600974400 2209400
LATENCY 2170400
TIMELINE 39 503 241738636604100 2170400
LATENCY 2107500
TIMELINE 39 519 241738672158000 2107500
LATENCY 2164500
TIMELINE 39 535 241738726004500 2164500
LATENCY 2059100
TIMELINE 39 551 241738760915300 2059100
LATENCY 2140000
TIMELINE 39 567 241738795067100 2140000
LATENCY 2176100
TIMELINE 39 583 241738830417800 2176100
LATENCY 2248300
TIMELINE 39 599 241738864858700 2248300
LATENCY 2126000
TIMELINE 39 615 241738899390200 2126000
LATENCY 2202600
TIMELINE 39 631 241738934517000 2202600
LATENCY 2225000
TIMELINE 39 647 241738970462600 2225000
LATENCY 2345600
TIMELINE 39 663 241739026060100 2345600
LATENCY 2088100
TIMELINE 39 679 241739060753600 2088100
LATENCY 2108900
TIMELINE 39 695 241739095145100 2108900
LATENCY 2308400
TIMELINE 39 711 241739130488300 2308400
LATENCY 2176800
TIMELINE 39 727 241739166517900 2176800
LATENCY 2242800
TIMELINE 39 743 241739201743400 2242800
LATENCY 2191800
TIMELINE 39 759 241739237473400 2191800
LATENCY 2246400
TIMELINE 39 775 241739273590700 2246400
LATENCY 2275500
TIMELINE 39 791 241739309307900 2275500
LATENCY 2170700
TIMELINE 39 807 241739365351400 2170700
LATENCY 2208200
TIMELINE 39 823 241739400999700 2208200
LATENCY 2340400
TIMELINE 39 839 241739436757200 2340400
LATENCY 2315800
TIMELINE 39 855 241739472588400 2315800
LATENCY 2104600
TIMELINE 39 871 241739507067500 2104600
LATENCY 2145800
TIMELINE 39 887 241739541192200 2145800
LATENCY 2175300
TIMELINE 39 903 241739576533600 2175300
LATENCY 2090500
TIMELINE 39 919 241739612052300 2090500
LATENCY 2134900
TIMELINE 39 935 241739666468700 2134900
LATENCY 2140200
TIMELINE 39 951 241739701001600 2140200
LATENCY 2132400
TIMELINE 39 967 241739735282100 2132400
LATENCY 2118400
TIMELINE 39 983 241739770356800 2118400
LATENCY 2148600
TIMELINE 39 999 241739804514100 2148600
LATENCY 2322300
TIMELINE 39 1015 241739841169400 2322300
LATENCY 2147500
TIMELINE 39 1031 241739876360000 2147500
LATENCY 2212900
TIMELINE 39 1047 241739911769700 2212900
LATENCY 2297900
TIMELINE 39 1063 241739953435500 2297900
LATENCY 2111200
TIMELINE 39 1079 241739988183600 2111200
LATENCY 2233400
TIMELINE 39 1095 241740023570800 2233400
LATENCY 2163100
TIMELINE 39 1111 241740058987700 2163100
LATENCY 2370700
TIMELINE 39 1127 241740094062300 2370700
LATENCY 2214100
TIMELINE 39 1143 241740130329900 2214100
LATENCY 2208300
TIMELINE 39 1159 241740166052200 2208300
LATENCY 2137100
TIMELINE 39 1175 241740200881500 2137100
LATENCY 2436000
TIMELINE 39 1191 241740235565700 2436000
LATENCY 2124600
TIMELINE 39 1207 241740275940600 2124600
LATENCY 2176700
TIMELINE 39 1223 241740310222300 2176700
LATENCY 3297200
TIMELINE 39 1239 241740348356500 3297200
LATENCY 2948400
TIMELINE 39 1255 241740397160900 2948400
LATENCY 2955100
TIMELINE 39 1271 241740444937900 2955100
LATENCY 3003400
TIMELINE 39 1287 241740490447800 3003400
LATENCY 2817200
TIMELINE 39 1303 241740537322500 2817200
LATENCY 2909900
TIMELINE 39 1319 241740586568200 2909900
LATENCY 3196200
TIMELINE 39 1335 241740640653600 3196200
LATENCY 2826600
TIMELINE 39 1351 241740688845800 2826600
LATENCY 2771400
TIMELINE 39 1367 241740732675300 2771400
LATENCY 2783500
TIMELINE 39 1383 241740778063700 2783500
LATENCY 2615700
TIMELINE 39 1399 241740821920300 2615700
LATENCY 2867300
TIMELINE 39 1415 241740863873600 2867300
LATENCY 3064700
TIMELINE 39 1431 241740912412000 3064700
LATENCY 2750200
TIMELINE 39 1447 241740960914900 2750200
LATENCY 2697900
TIMELINE 39 1463 241741016894400 2697900
LATENCY 2940600
TIMELINE 39 1479 241741061060300 2940600
LATENCY 2990800
TIMELINE 39 1495 241741107532900 2990800
LATENCY 2727400
TIMELINE 39 1511 241741154760900 2727400
LATENCY 2725000
TIMELINE 39 1527 241741198228300 2725000
LATENCY 2802400
TIMELINE 39 1543 241741242403700 2802400
LATENCY 2995500
TIMELINE 39 1559 241741289346100 2995500
LATENCY 3102100
TIMELINE 39 1575 241741336821700 3102100
LATENCY 3101100
TIMELINE 39 1591 241741385299500 3101100
LATENCY 3060500
TIMELINE 39 1607 241741440291000 3060500
LATENCY 2924200
TIMELINE 39 1623 241741486806000 2924200
LATENCY 2794100
TIMELINE 39 1639 241741534022000 2794100
LATENCY 3594500
TIMELINE 39 1655 241741579146900 3594500
LATENCY 2917800
TIMELINE 39 1671 241741627636500 2917800
LATENCY 2947500
TIMELINE 39 1687 241741674848500 2947500
LATENCY 2751300
TIMELINE 39 1703 241741724738000 2751300
LATENCY 2997900
TIMELINE 39 1719 241741769937000 2997900
LATENCY 2720600
TIMELINE 39 1735 241741822533200 2720600
LATENCY 2713200
TIMELINE 39 1751 241741869961800 2713200
LATENCY 2621000
TIMELINE 39 1767 241741915104600 2621000
LATENCY 2680900
TIMELINE 39 1783 241741957498400 2680900
LATENCY 2901300
TIMELINE 39 1799 241742004772700 2901300
LATENCY 2663600
TIMELINE 39 1815 241742051037700 2663600
LATENCY 2669500
TIMELINE 39 1831 241742093253200 2669500
LATENCY 2961300
TIMELINE 39 1847 241742138416800 2961300
LATENCY 2972200
TIMELINE 39 1863 241742191298100 2972200
LATENCY 2766100
TIMELINE 39 1879 241742236233500 2766100
LATENCY 2708500
TIMELINE 39 1895 241742281754900 2708500
LATENCY 2860700
TIMELINE 39 1911 241742325762700 2860700
LATENCY 2998100
TIMELINE 39 1927 241742370480500 2998100
LATENCY 2735300
TIMELINE 39 1943 241742415331900 2735300
LATENCY 2751700
TIMELINE 39 1959 241742458586000 2751700
LATENCY 2872600
TIMELINE 39 1975 241742506213000 2872600
LATENCY 3046400
TIMELINE 39 1991 241742553844600 3046400
LATENCY 2711400
TIMELINE 39 2007 241742610155000 2711400
LATENCY 2917800
TIMELINE 39 2023 241742652136000 2917800
LATENCY 2599300
TIMELINE 39 2039 241742696621000 2599300
LATENCY 2631100
TIMELINE 40 8 241737478456500 2631100
LATENCY 2291700
TIMELINE 40 24 241737516010900 2291700
LATENCY 2194700
TIMELINE 40 40 241737551494900 2194700
LATENCY 2157800
TIMELINE 40 56 241737586671200 2157800
LATENCY 2113700
TIMELINE 40 72 241737621364300 2113700
LATENCY 2198000
TIMELINE 40 88 241737656968700 2198000
LATENCY 2231200
TIMELINE 40 104 241737692564500 2231200
LATENCY 2225700
TIMELINE 40 120 241737728983100 2225700
LATENCY 2295500
TIMELINE 40 136 241737784899100 2295500
LATENCY 2162200
TIMELINE 40 152 241737821460100 2162200
LATENCY 2118000
TIMELINE 40 168 241737856710800 2118000
LATENCY 2300800
TIMELINE 40 184 241737891665600 2300800
LATENCY 2492600
TIMELINE 40 200 241737928291200 2492600
LATENCY 2163800
TIMELINE 40 216 241737964642000 2163800
LATENCY 2349900
TIMELINE 40 232 241737999680800 2349900
LATENCY 2251300
TIMELINE 40 248 241738036313000 2251300
LATENCY 2258000
TIMELINE 40 264 241738091052400 2258000
LATENCY 2149200
TIMELINE 40 280 241738126760900 2149200
LATENCY 2104000
TIMELINE 40 296 241738161513400 2104000
LATENCY 2121300
TIMELINE 40 312 241738196347500 2121300
LATENCY 2099100
TIMELINE 40 328 241738230178800 2099100
LATENCY 2181200
TIMELINE 40 344 241738265188600 2181200
LATENCY 2494900
TIMELINE 40 360 241738300995500 2494900
LATENCY 2208300
TIMELINE 40 376 241738337235200 2208300
LATENCY 20236000
TIMELINE 40 392 241738372884100 20236000
LATENCY 2254100
TIMELINE 40 408 241738426152600 2254100
LATENCY 2101700
TIMELINE 40 424 241738461397700 2101700
LATENCY 2199700
TIMELINE 40 440 241738496132300 2199700
LATENCY 2229500
TIMELINE 40 456 241738531688700 2229500
LATENCY 2162400
TIMELINE 40 472 241738567563400 2162400
LATENCY 2266800
TIMELINE 40 488 241738603459800 2266800
LATENCY 2187800
TIMELINE 40 504 241738639007000 2187800
LATENCY 2095700
TIMELINE 40 520 241738674650500 2095700
LATENCY 2162200
TIMELINE 40 536 241738728613300 2162200
LATENCY 2067400
TIMELINE 40 552 241738763286700 2067400
LATENCY 2136700
TIMELINE 40 568 241738797550400 2136700
LATENCY 2101400
TIMELINE 40 584 241738832925500 2101400
LATENCY 2234200
TIMELINE 40 600 241738867438900 2234200
LATENCY 2103400
TIMELINE 40 616 241738901830400 2103400
LATENCY 2539000
TIMELINE 40 632 241738937164500 2539000
LATENCY 2167800
TIMELINE 40 648 241738973427700 2167800
LATENCY 2199300
TIMELINE 40 664 241739029508500 2199300
LATENCY 2144300
TIMELINE 40 680 241739063928000 2144300
LATENCY 2131400
TIMELINE 40 696 241739098345600 2131400
LATENCY 2283500
TIMELINE 40 712 241739134120000 2283500
LATENCY 2200500
TIMELINE 40 728 241739169937100 2200500
LATENCY 2223700
TIMELINE 40 744 241739205410700 2223700
LATENCY 2332700
TIMELINE 40 760 241739241204300 2332700
LATENCY 2637800
TIMELINE 40 776 241739277451400 2637800
LATENCY 2767800
TIMELINE 40 792 241739332794700 2767800
LATENCY 2124600
TIMELINE 40 808 241739369446900 2124600
LATENCY 2211400
TIMELINE 40 824 241739405231500 2211400
LATENCY 2251600
TIMELINE 40 840 241739441016800 2251600
LATENCY 2153700
TIMELINE 40 856 241739476755400 2153700
LATENCY 2085100
TIMELINE 40 872 241739510883200 2085100
LATENCY 2123800
TIMELINE 40 888 241739544988600 2123800
LATENCY 2271300
TIMELINE 40 904 241739580476600 2271300
LATENCY 2088600
TIMELINE 40 920 241739615855800 2088600
LATENCY 2226700
TIMELINE 40 936 241739670457600 2226700
LATENCY 2115400
TIMELINE 40 952 241739705224500 2115400
LATENCY 2191400
TIMELINE 40 968 241739739434000 2191400
LATENCY 2105700
TIMELINE 40 984 241739774470000 2105700
LATENCY 2109600
TIMELINE 40 1000 241739808561900 2109600
LATENCY 2183400
TIMELINE 40 1016 241739846122400 2183400
LATENCY 2145300
TIMELINE 40 1032 241739881020900 2145300
LATENCY 2220300
TIMELINE 40 1048 241739916538700 2220300
LATENCY 2177100
TIMELINE 40 1064 241739958174900 2177100
LATENCY 2131300
TIMELINE 40 1080 241739992591100 2131300
LATENCY 2221400
TIMELINE 40 1096 241740028247100 2221400
LATENCY 2150400
TIMELINE 40 1112 241740063748100 2150400
LATENCY 2234400
TIMELINE 40 1128 241740099152400 2234400
LATENCY 2239200
TIMELINE 40 1144 241740134951700 2239200
LATENCY 2264600
TIMELINE 40 1160 241740170586000 2264600
LATENCY 2158900
TIMELINE 40 1176 241740205699300 2158900
LATENCY 7789000
TIMELINE 40 1192 241740240675400 7789000
LATENCY 2140000
TIMELINE 40 1208 241740280746100 2140000
LATENCY 2183300
TIMELINE 40 1224 241740315081100 2183300
LATENCY 3017800
TIMELINE 40 1240 241740355667100 3017800
LATENCY 2932100
TIMELINE 40 1256 241740403575800 2932100
LATENCY 2692400
TIMELINE 40 1272 241740451598700 2692400
LATENCY 2942800
TIMELINE 40 1288 241740497236100 2942800
LATENCY 2823200
TIMELINE 40 1304 241740543639300 2823200
LATENCY 2981100
TIMELINE 40 1320 241740593242400 2981100
LATENCY 2786600
TIMELINE 40 1336 241740647481800 2786600
LATENCY 2721400
TIMELINE 40 1352 241740695180100 2721400
LATENCY 2773800
TIMELINE 40 1368 241740738975800 2773800
LATENCY 2897700
TIMELINE 40 1384 241740784821300 2897700
LATENCY 2635000
TIMELINE 40 1400 241740828417300 2635000
LATENCY 3037000
TIMELINE 40 1416 241740871199400 3037000
LATENCY 3056100
TIMELINE 40 1432 241740919844900 3056100
LATENCY 2777900
TIMELINE 40 1448 241740967756000 2777900
LATENCY 2735800
TIMELINE 40 1464 241741022069000 2735800
LATENCY 2955400
TIMELINE 40 1480 241741066739600 2955400
LATENCY 2951500
TIMELINE 40 1496 241741113265200 2951500
LATENCY 2740900
TIMELINE 40 1512 241741159937000 2740900
LATENCY 2746800
TIMELINE 40 1528 241741203523300 2746800
LATENCY 2760900
TIMELINE 40 1544 241741247733600 2760900
LATENCY 3084200
TIMELINE 40 1560 241741294544800 3084200
LATENCY 3012200
TIMELINE 40 1576 241741342156300 3012200
LATENCY 8715900
TIMELINE 40 1592 241741390667700 8715900
LATENCY 3123400
TIMELINE 40 1608 241741445551000 3123400
LATENCY 2734900
TIMELINE 40 1624 241741491736000 2734900
LATENCY 2725400
TIMELINE 40 1640 241741538795200 2725400
LATENCY 2926900
TIMELINE 40 1656 241741585494600 2926900
LATENCY 2897700
TIMELINE 40 1672 241741632621700 2897700
LATENCY 2759100
TIMELINE 40 1688 241741679899100 2759100
LATENCY 2752500
TIMELINE 40 1704 241741729436000 2752500
LATENCY 2867200
TIMELINE 40 1720 241741775249600 2867200
LATENCY 4994600
TIMELINE 40 1736 241741827176900 4994600
LATENCY 2729400
TIMELINE 40 1752 241741874994000 2729400
LATENCY 2689500
TIMELINE 40 1768 241741919889700 2689500
LATENCY 2673100
TIMELINE 40 1784 241741962292300 2673100
LATENCY 2853400
TIMELINE 40 1800 241742009908800 2853400
LATENCY 2644300
TIMELINE 40 1816 241742056018900 2644300
LATENCY 2816200
TIMELINE 40 1832 241742098332400 2816200
LATENCY 2992100
TIMELINE 40 1848 241742143991000 2992100
LATENCY 2711200
TIMELINE 40 1864 241742196721400 2711200
LATENCY 3021200
TIMELINE 40 1880 241742241628100 3021200
LATENCY 2742400
TIMELINE 40 1896 241742286843700 2742400
LATENCY 2700400
TIMELINE 40 1912 241742330915600 2700400
LATENCY 2741000
TIMELINE 40 1928 241742375793100 2741000
LATENCY 2667600
TIMELINE 40 1944 241742420230300 2667600
LATENCY 2792300
TIMELINE 40 1960 241742463576700 2792300
LATENCY 3071400
TIMELINE 40 1976 241742511403400 3071400
LATENCY 8704000
TIMELINE 40 1992 241742559339800 8704000
LATENCY 2603100
TIMELINE 40 2008 241742615072300 2603100
LATENCY 2730000
TIMELINE 40 2024 241742657211700 2730000
LATENCY 2606400
TIMELINE 40 2040 241742701248000 2606400
LATENCY 3323800
TIMELINE 41 9 241737481154400 3323800
LATENCY 2225900
TIMELINE 41 25 241737518367000 2225900
LATENCY 2129100
TIMELINE 41 41 241737553724000 2129100
LATENCY 2181500
TIMELINE 41 57 241737588771400 2181500
LATENCY 2148300
TIMELINE 41 73 241737623419300 2148300
LATENCY 2196400
TIMELINE 41 89 241737659319800 2196400
LATENCY 2276400
TIMELINE 41 105 241737694915500 2276400
LATENCY 2224300
TIMELINE 41 121 241737731367100 2224300
LATENCY 2337000
TIMELINE 41 137 241737787449900 2337000
LATENCY 2137000
TIMELINE 41 153 241737823861500 2137000
LATENCY 2189400
TIMELINE 41 169 241737859060500 2189400
LATENCY 2404700
TIMELINE 41 185 241737894240300 2404700
LATENCY 2296400
TIMELINE 41 201 241737931275400 2296400
LATENCY 2143300
TIMELINE 41 217 241737967278600 2143300
LATENCY 2228100
TIMELINE 41 233 241738002554900 2228100
LATENCY 2220200
TIMELINE 41 249 241738039032800 2220200
LATENCY 2289400
TIMELINE 41 265 241738093956700 2289400
LATENCY 2110000
TIMELINE 41 281 241738129689100 2110000
LATENCY 2128600
TIMELINE 41 297 241738164430700 2128600
LATENCY 2156200
TIMELINE 41 313 241738199315000 2156200
LATENCY 2110800
TIMELINE 41 329 241738233165500 2110800
LATENCY 2226100
TIMELINE 41 345 241738268638800 2226100
LATENCY 2273000
TIMELINE 41 361 241738304181100 2273000
LATENCY 2201700
TIMELINE 41 377 241738340136100 2201700
LATENCY 2223600
TIMELINE 41 393 241738393775700 2223600
LATENCY 2167200
TIMELINE 41 409 241738429084000 2167200
LATENCY 2123000
TIMELINE 41 425 241738464030100 2123000
LATENCY 2240900
TIMELINE 41 441 241738499086200 2240900
LATENCY 2220000
TIMELINE 41 457 241738534902900 2220000
LATENCY 2124600
TIMELINE 41 473 241738570680100 2124600
LATENCY 2157300
TIMELINE 41 489 241738606574000 2157300
LATENCY 2162700
TIMELINE 41 505 241738642139200 2162700
LATENCY 2175700
TIMELINE 41 521 241738677650800 2175700
LATENCY 2107800
TIMELINE 41 537 241738731672100 2107800
LATENCY 2165400
TIMELINE 41 553 241738766231200 2165400
LATENCY 2175600
TIMELINE 41 569 241738800505700 2175600
LATENCY 2131700
TIMELINE 41 585 241738836070000 2131700
LATENCY 2153100
TIMELINE 41 601 241738870916500 2153100
LATENCY 2147000
TIMELINE 41 617 241738905139900 2147000
LATENCY 2158800
TIMELINE 41 633 241738940698100 2158800
LATENCY 2153700
TIMELINE 41 649 241738976415900 2153700
LATENCY 2176000
TIMELINE 41 665 241739032289800 2176000
LATENCY 2178600
TIMELINE 41 681 241739066615700 2178600
LATENCY 2144200
TIMELINE 41 697 241739101010800 2144200
LATENCY 2277600
TIMELINE 41 713 241739136847800 2277600
LATENCY 2154200
TIMELINE 41 729 241739172597400 2154200
LATENCY 2256800
TIMELINE 41 745 241739208027800 2256800
LATENCY 2301800
TIMELINE 41 761 241739243751800 2301800
LATENCY 2206200
TIMELINE 41 777 241739280226800 2206200
LATENCY 2395900
TIMELINE 41 793 241739335312000 2395900
LATENCY 2325200
TIMELINE 41 809 241739371368700 2325200
LATENCY 2257300
TIMELINE 41 825 241739406821500 2257300
LATENCY 2290900
TIMELINE 41 841 241739442479300 2290900
LATENCY 2186100
TIMELINE 41 857 241739478188400 2186100
LATENCY 2118900
TIMELINE 41 873 241739512338800 2118900
LATENCY 2136800
TIMELINE 41 889 241739546495500 2136800
LATENCY 2249700
TIMELINE 41 905 241739582089800 2249700
LATENCY 2117100
TIMELINE 41 921 241739617322400 2117100
LATENCY 2223700
TIMELINE 41 937 241739671904100 2223700
LATENCY 2101500
TIMELINE 41 953 241739706566300 2101500
LATENCY 2159200
TIMELINE 41 969 241739740812100 2159200
LATENCY 2099400
TIMELINE 41 985 241739775757200 2099400
LATENCY 2481900
TIMELINE 41 1001 241739809870100 2481900
LATENCY 2166600
TIMELINE 41 1017 241739847581100 2166600
LATENCY 2100000
TIMELINE 41 1033 241739882449700 2100000
LATENCY 2196100
TIMELINE 41 1049 241739918022900 2196100
LATENCY 2118200
TIMELINE 41 1065 241739959744700 2118200
LATENCY 2117800
TIMELINE 41 1081 241739994097100 2117800
LATENCY 2339300
TIMELINE 41 1097 241740029731600 2339300
LATENCY 2166800
TIMELINE 41 1113 241740065064900 2166800
LATENCY 2339900
TIMELINE 41 1129 241740100608500 2339900
LATENCY 2235700
TIMELINE 41 1145 241740136609400 2235700
LATENCY 2394200
TIMELINE 41 1161 241740172297000 2394200
LATENCY 2182300
TIMELINE 41 1177 241740207309800 2182300
LATENCY 2197000
TIMELINE 41 1193 241740247661900 2197000
LATENCY 2145000
TIMELINE 41 1209 241740282068300 2145000
LATENCY 2142100
TIMELINE 41 1225 241740316443000 2142100
LATENCY 3042200
TIMELINE 41 1241 241740357507400 3042200
LATENCY 2996300
TIMELINE 41 1257 241740405332300 2996300
LATENCY 2613900
TIMELINE 41 1273 241740453266100 2613900
LATENCY 3015600
TIMELINE 41 1289 241740499008300 3015600
LATENCY 2767400
TIMELINE 41 1305 241740545383300 2767400
LATENCY 2967900
TIMELINE 41 1321 241740595078100 2967900
LATENCY 2765200
TIMELINE 41 1337 241740649249800 2765200
LATENCY 2771700
TIMELINE 41 1353 241740696812800 2771700
LATENCY 2767600
TIMELINE 41 1369 241740740664600 2767600
LATENCY 2693800
TIMELINE 41 1385 241740786336000 2693800
LATENCY 2595600
TIMELINE 41 1401 241740829694600 2595600
LATENCY 3041000
TIMELINE 41 1417 241740872667900 3041000
LATENCY 3035100
TIMELINE 41 1433 241740921311700 3035100
LATENCY 2745400
TIMELINE 41 1449 241740969107300 2745400
LATENCY 2608500
TIMELINE 41 1465 241741024090900 2608500
LATENCY 2969100
TIMELINE 41 1481 241741068856600 2969100
LATENCY 2851500
TIMELINE 41 1497 241741115392700 2851500
LATENCY 2748000
TIMELINE 41 1513 241741161861700 2748000
LATENCY 2719600
TIMELINE 41 1529 241741205478100 2719600
LATENCY 2797400
TIMELINE 41 1545 241741249667400 2797400
LATENCY 3072600
TIMELINE 41 1561 241741297296300 3072600
LATENCY 3011200
TIMELINE 41 1577 241741344876300 3011200
LATENCY 3102100
TIMELINE 41 1593 241741399071700 3102100
LATENCY 3134900
TIMELINE 41 1609 241741448319500 3134900
LATENCY 2929800
TIMELINE 41 1625 241741494183100 2929800
LATENCY 2810900
TIMELINE 41 1641 241741541300100 2810900
LATENCY 3005600
TIMELINE 41 1657 241741588377600 3005600
LATENCY 2894100
TIMELINE 41 1673 241741635477100 2894100
LATENCY 8731300
TIMELINE 41 1689 241741682553900 8731300
LATENCY 2780600
TIMELINE 41 1705 241741732156900 2780600
LATENCY 3203400
TIMELINE 41 1721 241741777964000 3203400
LATENCY 3280400
TIMELINE 41 1737 241741832293400 3280400
LATENCY 2768200
TIMELINE 41 1753 241741877371200 2768200
LATENCY 2668100
TIMELINE 41 1769 241741922260700 2668100
LATENCY 2651600
TIMELINE 41 1785 241741964627200 2651600
LATENCY 2898600
TIMELINE 41 1801 241742012321600 2898600
LATENCY 2701800
TIMELINE 41 1817 241742058155600 2701800
LATENCY 2755500
TIMELINE 41 1833 241742100628600 2755500
LATENCY 2956800
TIMELINE 41 1849 241742146359800 2956800
LATENCY 2724500
TIMELINE 41 1865 241742198864300 2724500
LATENCY 2792800
TIMELINE 41 1881 241742244037500 2792800
LATENCY 2699100
TIMELINE 41 1897 241742288995400 2699100
LATENCY 2709400
TIMELINE 41 1913 241742333068000 2709400
LATENCY 2399300
TIMELINE 41 1929 241742377928100 2399300
LATENCY 2638300
TIMELINE 41 1945 241742422285600 2638300
LATENCY 2751100
TIMELINE 41 1961 241742465707700 2751100
LATENCY 3060300
TIMELINE 41 1977 241742513733600 3060300
LATENCY 8695400
TIMELINE 41 1993 241742561613100 8695400
LATENCY 2609800
TIMELINE 41 2009 241742617024100 2609800
LATENCY 2734600
TIMELINE 41 2025 241742659258100 2734600
LATENCY 2722900
TIMELINE 41 2041 241742703209800 2722900
LATENCY 2350600
TIMELINE 42 10 241737484514700 2350600
LATENCY 2226100
TIMELINE 42 26 241737520628400 2226100
LATENCY 2277600
TIMELINE 42 42 241737555916500 2277600
LATENCY 2158600
TIMELINE 42 58 241737591045100 2158600
LATENCY 2127500
TIMELINE 42 74 241737625684700 2127500
LATENCY 2208000
TIMELINE 42 90 241737661306200 2208000
LATENCY 2273100
TIMELINE 42 106 241737697257300 2273100
LATENCY 2133600
TIMELINE 42 122 241737733627400 2133600
LATENCY 2357300
TIMELINE 42 138 241737789888500 2357300
LATENCY 2198400
TIMELINE 42 154 241737826087400 2198400
LATENCY 2169500
TIMELINE 42 170 241737861345000 2169500
LATENCY 2242500
TIMELINE 42 186 241737896699700 2242500
LATENCY 2300200
TIMELINE 42 202 241737933509100 2300200
LATENCY 2124000
TIMELINE 42 218 241737969392000 2124000
LATENCY 2233500
TIMELINE 42 234 241738004818900 2233500
LATENCY 2244800
TIMELINE 42 250 241738041156200 2244800
LATENCY 2324000
TIMELINE 42 266 241738096413700 2324000
LATENCY 2155700
TIMELINE 42 282 241738131891600 2155700
LATENCY 2131300
TIMELINE 42 298 241738166648900 2131300
LATENCY 2097600
TIMELINE 42 314 241738201561500 2097600
LATENCY 2290200
TIMELINE 42 330 241738235339700 2290200
LATENCY 2133900
TIMELINE 42 346 241738270986000 2133900
LATENCY 2169000
TIMELINE 42 362 241738306488100 2169000
LATENCY 2169800
TIMELINE 42 378 241738342372200 2169800
LATENCY 2186200
TIMELINE 42 394 241738396032400 2186200
LATENCY 2132200
TIMELINE 42 410 241738431285000 2132200
LATENCY 2136700
TIMELINE 42 426 241738466279600 2136700
LATENCY 2190800
TIMELINE 42 442 241738501237000 2190800
LATENCY 2279900
TIMELINE 42 458 241738536808500 2279900
LATENCY 2146100
TIMELINE 42 474 241738572509500 2146100
LATENCY 2192900
TIMELINE 42 490 241738608394200 2192900
LATENCY 2176600
TIMELINE 42 506 241738643952500 2176600
LATENCY 2221000
TIMELINE 42 522 241738679355600 2221000
LATENCY 2140600
TIMELINE 42 538 241738733317500 2140600
LATENCY 2118100
TIMELINE 42 554 241738767934300 2118100
LATENCY 2203400
TIMELINE 42 570 241738802236300 2203400
LATENCY 2146400
TIMELINE 42 586 241738837647300 2146400
LATENCY 2118600
TIMELINE 42 602 241738872274200 2118600
LATENCY 2140400
TIMELINE 42 618 241738906510000 2140400
LATENCY 2187500
TIMELINE 42 634 241738942505500 2187500
LATENCY 2173500
TIMELINE 42 650 241738978165500 2173500
LATENCY 2137000
TIMELINE 42 666 241739034047500 2137000
LATENCY 2160400
TIMELINE 42 682 241739068384200 2160400
LATENCY 2110400
TIMELINE 42 698 241739102774100 2110400
LATENCY 2257100
TIMELINE 42 714 241739138706300 2257100
LATENCY 2178800
TIMELINE 42 730 241739174357700 2178800
LATENCY 2228700
TIMELINE 42 746 241739209783600 2228700
LATENCY 2313400
TIMELINE 42 762 241739245634000 2313400
LATENCY 2203300
TIMELINE 42 778 241739281879400 2203300
LATENCY 2191000
TIMELINE 42 794 241739337351200 2191000
LATENCY 2355800
TIMELINE 42 810 241739373321500 2355800
LATENCY 2186000
TIMELINE 42 826 241739409257200 2186000
LATENCY 2268900
TIMELINE 42 842 241739445183100 2268900
LATENCY 2099800
TIMELINE 42 858 241739480840000 2099800
LATENCY 2091000
TIMELINE 42 874 241739514888200 2091000
LATENCY 2145700
TIMELINE 42 890 241739549061700 2145700
LATENCY 2264100
TIMELINE 42 906 241739584785800 2264100
LATENCY 2091300
TIMELINE 42 922 241739619886400 2091300
LATENCY 2136800
TIMELINE 42 938 241739674829800 2136800
LATENCY 2158700
TIMELINE 42 954 241739709331400 2158700
LATENCY 2158900
TIMELINE 42 970 241739743668000 2158900
LATENCY 2099800
TIMELINE 42 986 241739778558100 2099800
LATENCY 3728500
TIMELINE 42 1002 241739812977900 3728500
LATENCY 2155100
TIMELINE 42 1018 241739850225000 2155100
LATENCY 2137000
TIMELINE 42 1034 241739885027300 2137000
LATENCY 2201300
TIMELINE 42 1050 241739920649800 2201300
LATENCY 2131000
TIMELINE 42 1066 241739962267900 2131000
LATENCY 2292000
TIMELINE 42 1082 241739996664800 2292000
LATENCY 2294100
TIMELINE 42 1098 241740032586100 2294100
LATENCY 2146800
TIMELINE 42 1114 241740067747800 2146800
LATENCY 2339900
TIMELINE 42 1130 241740103440700 2339900
LATENCY 2254100
TIMELINE 42 1146 241740139324100 2254100
LATENCY 2154800
TIMELINE 42 1162 241740175248300 2154800
LATENCY 2122900
TIMELINE 42 1178 241740209903200 2122900
LATENCY 2116600
TIMELINE 42 1194 241740250520300 2116600
LATENCY 2119200
TIMELINE 42 1210 241740284918300 2119200
LATENCY 2152400
TIMELINE 42 1226 241740319311600 2152400
LATENCY 3024000
TIMELINE 42 1242 241740361624400 3024000
LATENCY 3035100
TIMELINE 42 1258 241740409509700 3035100
LATENCY 2776900
TIMELINE 42 1274 241740456785700 2776900
LATENCY 2964100
TIMELINE 42 1290 241740502955600 2964100
LATENCY 2843100
TIMELINE 42 1306 241740549025600 2843100
LATENCY 2995000
TIMELINE 42 1322 241740599014000 2995000
LATENCY 4096900
TIMELINE 42 1338 241740652828000 4096900
LATENCY 2708900
TIMELINE 42 1354 241740700452100 2708900
LATENCY 3065300
TIMELINE 42 1370 241740744300800 3065300
LATENCY 2684900
TIMELINE 42 1386 241740789872700 2684900
LATENCY 2637700
TIMELINE 42 1402 241740833257200 2637700
LATENCY 3044600
TIMELINE 42 1418 241740876863600 3044600
LATENCY 3079900
TIMELINE 42 1434 241740925498000 3079900
LATENCY 2843600
TIMELINE 42 1450 241740972882200 2843600
LATENCY 2654300
TIMELINE 42 1466 241741026556900 2654300
LATENCY 2953500
TIMELINE 42 1482 241741071664600 2953500
LATENCY 3751200
TIMELINE 42 1498 241741118120600 3751200
LATENCY 2954400
TIMELINE 42 1514 241741164488800 2954400
LATENCY 2718800
TIMELINE 42 1530 241741208091300 2718800
LATENCY 2693700
TIMELINE 42 1546 241741252349600 2693700
LATENCY 3033900
TIMELINE 42 1562 241741300241400 3033900
LATENCY 3024800
TIMELINE 42 1578 241741347727100 3024800
LATENCY 3078900
TIMELINE 42 1594 241741401914700 3078900
LATENCY 3114000
TIMELINE 42 1610 241741451198000 3114000
LATENCY 2873100
TIMELINE 42 1626 241741496897400 2873100
LATENCY 2779900
TIMELINE 42 1642 241741543875100 2779900
LATENCY 3007300
TIMELINE 42 1658 241741591013500 3007300
LATENCY 2934300
TIMELINE 42 1674 241741638008400 2934300
LATENCY 3764100
TIMELINE 42 1690 241741690149100 3764100
LATENCY 2745400
TIMELINE 42 1706 241741734616700 2745400
LATENCY 3073300
TIMELINE 42 1722 241741780826500 3073300
LATENCY 2744200
TIMELINE 42 1738 241741835186900 2744200
LATENCY 2762400
TIMELINE 42 1754 241741879907700 2762400
LATENCY 2610700
TIMELINE 42 1770 241741924673300 2610700
LATENCY 2678000
TIMELINE 42 1786 241741967024500 2678000
LATENCY 2769000
TIMELINE 42 1802 241742014892000 2769000
LATENCY 2598300
TIMELINE 42 1818 241742060563300 2598300
LATENCY 2714900
TIMELINE 42 1834 241742103083900 2714900
LATENCY 2950700
TIMELINE 42 1850 241742148989800 2950700
LATENCY 2745600
TIMELINE 42 1866 241742201251200 2745600
LATENCY 2809300
TIMELINE 42 1882 241742246494300 2809300
LATENCY 2714800
TIMELINE 42 1898 241742291359400 2714800
LATENCY 2810900
TIMELINE 42 1914 241742335324400 2810900
LATENCY 3528800
TIMELINE 42 1930 241742379887900 3528800
LATENCY 2470100
TIMELINE 42 1946 241742424567600 2470100
LATENCY 2763400
TIMELINE 42 1962 241742468081100 2763400
LATENCY 3099300
TIMELINE 42 1978 241742516383200 3099300
LATENCY 3042800
TIMELINE 42 1994 241742570148200 3042800
LATENCY 2580200
TIMELINE 42 2010 241742619490200 2580200
LATENCY 2749400
TIMELINE 42 2026 241742661883900 2749400
LATENCY 2665600
TIMELINE 42 2042 241742705828700 2665600
LATENCY 2254200
TIMELINE 43 11 241737486932300 2254200
LATENCY 2214600
TIMELINE 43 27 241737522948000 2214600
LATENCY 2232600
TIMELINE 43 43 241737558244100 2232600
LATENCY 2176900
TIMELINE 43 59 241737593292500 2176900
LATENCY 2147900
TIMELINE 43 75 241737627873400 2147900
LATENCY 2181000
TIMELINE 43 91 241737663606100 2181000
LATENCY 2262200
TIMELINE 43 107 241737699564600 2262200
LATENCY 2151400
TIMELINE 43 123 241737735796200 2151400
LATENCY 2255300
TIMELINE 43 139 241737792425200 2255300
LATENCY 2339800
TIMELINE 43 155 241737828428500 2339800
LATENCY 2127500
TIMELINE 43 171 241737863668300 2127500
LATENCY 2230500
TIMELINE 43 187 241737899279300 2230500
LATENCY 2312000
TIMELINE 43 203 241737936093200 2312000
LATENCY 2116400
TIMELINE 43 219 241737971756000 2116400
LATENCY 2240000
TIMELINE 43 235 241738007269800 2240000
LATENCY 2234400
TIMELINE 43 251 241738043744600 2234400
LATENCY 2299900
TIMELINE 43 267 241738098818600 2299900
LATENCY 2113200
TIMELINE 43 283 241738134164000 2113200
LATENCY 2137900
TIMELINE 43 299 241738168841200 2137900
LATENCY 2110800
TIMELINE 43 315 241738203720800 2110800
LATENCY 2262400
TIMELINE 43 331 241738237689500 2262400
LATENCY 2170700
TIMELINE 43 347 241738273153700 2170700
LATENCY 2191300
TIMELINE 43 363 241738309041300 2191300
LATENCY 2184500
TIMELINE 43 379 241738344955300 2184500
LATENCY 2201300
TIMELINE 43 395 241738398613000 2201300
LATENCY 2133100
TIMELINE 43 411 241738433816100 2133100
LATENCY 2158400
TIMELINE 43 427 241738468940800 2158400
LATENCY 2179900
TIMELINE 43 443 241738503996600 2179900
LATENCY 2301600
TIMELINE 43 459 241738539854100 2301600
LATENCY 2238300
TIMELINE 43 475 241738575446000 2238300
LATENCY 2220700
TIMELINE 43 491 241738611360700 2220700
LATENCY 2309100
TIMELINE 43 507 241738646932500 2309100
LATENCY 2351000
TIMELINE 43 523 241738682505400 2351000
LATENCY 2161600
TIMELINE 43 539 241738736386300 2161600
LATENCY 2106100
TIMELINE 43 555 241738770877200 2106100
LATENCY 2130800
TIMELINE 43 571 241738805331100 2130800
LATENCY 2162800
TIMELINE 43 587 241738840657800 2162800
LATENCY 2133700
TIMELINE 43 603 241738875316500 2133700
LATENCY 2137100
TIMELINE 43 619 241738909578600 2137100
LATENCY 2200000
TIMELINE 43 635 241738945366900 2200000
LATENCY 2180700
TIMELINE 43 651 241738980845000 2180700
LATENCY 2157200
TIMELINE 43 667 241739036841400 2157200
LATENCY 2187500
TIMELINE 43 683 241739071184600 2187500
LATENCY 2126500
TIMELINE 43 699 241739105530500 2126500
LATENCY 2243900
TIMELINE 43 715 241739141672100 2243900
LATENCY 2185800
TIMELINE 43 731 241739177250900 2185800
LATENCY 2242400
TIMELINE 43 747 241739212842400 2242400
LATENCY 2240600
TIMELINE 43 763 241739248575000 2240600
LATENCY 2215600
TIMELINE 43 779 241739284726700 2215600
LATENCY 2320500
TIMELINE 43 795 241739340049300 2320500
LATENCY 2159200
TIMELINE 43 811 241739376148700 2159200
LATENCY 2328200
TIMELINE 43 827 241739411985300 2328200
LATENCY 2233700
TIMELINE 43 843 241739447766600 2233700
LATENCY 2123400
TIMELINE 43 859 241739483229300 2123400
LATENCY 2151300
TIMELINE 43 875 241739517271100 2151300
LATENCY 2235700
TIMELINE 43 891 241739551510600 2235700
LATENCY 2222300
TIMELINE 43 907 241739587364000 2222300
LATENCY 2254300
TIMELINE 43 923 241739622282700 2254300
LATENCY 2164400
TIMELINE 43 939 241739677123200 2164400
LATENCY 2144500
TIMELINE 43 955 241739711646800 2144500
LATENCY 2135900
TIMELINE 43 971 241739745995500 2135900
LATENCY 2119600
TIMELINE 43 987 241739780861700 2119600
LATENCY 2214300
TIMELINE 43 1003 241739816537900 2214300
LATENCY 2142900
TIMELINE 43 1019 241739852097100 2142900
LATENCY 2143500
TIMELINE 43 1035 241739886874100 2143500
LATENCY 2276900
TIMELINE 43 1051 241739922655900 2276900
LATENCY 2124000
TIMELINE 43 1067 241739964254700 2124000
LATENCY 2246000
TIMELINE 43 1083 241739998802500 2246000
LATENCY 2215300
TIMELINE 43 1099 241740034618600 2215300
LATENCY 2106600
TIMELINE 43 1115 241740069621000 2106600
LATENCY 2436900
TIMELINE 43 1131 241740105438100 2436900
LATENCY 2319200
TIMELINE 43 1147 241740141112600 2319200
LATENCY 2196100
TIMELINE 43 1163 241740177017800 2196100
LATENCY 2102900
TIMELINE 43 1179 241740211696500 2102900
LATENCY 2123700
TIMELINE 43 1195 241740252338900 2123700
LATENCY 2139200
TIMELINE 43 1211 241740286669100 2139200
LATENCY 2176400
TIMELINE 43 1227 241740321063700 2176400
LATENCY 3034700
TIMELINE 43 1243 241740364091400 3034700
LATENCY 3048200
TIMELINE 43 1259 241740411993200 3048200
LATENCY 2691100
TIMELINE 43 1275 241740459188400 2691100
LATENCY 3044900
TIMELINE 43 1291 241740505489800 3044900
LATENCY 6670400
TIMELINE 43 1307 241740551461400 6670400
LATENCY 2950100
TIMELINE 43 1323 241740601499400 2950100
LATENCY 6468900
TIMELINE 43 1339 241740655601000 6468900
LATENCY 2721500
TIMELINE 43 1355 241740702760700 2721500
LATENCY 2870300
TIMELINE 43 1371 241740746907900 2870300
LATENCY 2714900
TIMELINE 43 1387 241740792041800 2714900
LATENCY 2632600
TIMELINE 43 1403 241740835250800 2632600
LATENCY 3025000
TIMELINE 43 1419 241740879174300 3025000
LATENCY 3165400
TIMELINE 43 1435 241740927776700 3165400
LATENCY 2791400
TIMELINE 43 1451 241740975053000 2791400
LATENCY 2596300
TIMELINE 43 1467 241741030416800 2596300
LATENCY 2800600
TIMELINE 43 1483 241741076025400 2800600
LATENCY 2822900
TIMELINE 43 1499 241741123147700 2822900
LATENCY 2707200
TIMELINE 43 1515 241741168670500 2707200
LATENCY 2763200
TIMELINE 43 1531 241741211988800 2763200
LATENCY 2751600
TIMELINE 43 1547 241741256286000 2751600
LATENCY 3107200
TIMELINE 43 1563 241741304595700 3107200
LATENCY 2863700
TIMELINE 43 1579 241741352068300 2863700
LATENCY 3056400
TIMELINE 43 1595 241741406390700 3056400
LATENCY 2789500
TIMELINE 43 1611 241741455642100 2789500
LATENCY 2719300
TIMELINE 43 1627 241741501045100 2719300
LATENCY 2861900
TIMELINE 43 1643 241741547802300 2861900
LATENCY 2961000
TIMELINE 43 1659 241741595217700 2961000
LATENCY 2912100
TIMELINE 43 1675 241741642129400 2912100
LATENCY 2613400
TIMELINE 43 1691 241741694936400 2613400
LATENCY 2750400
TIMELINE 43 1707 241741738462300 2750400
LATENCY 2719900
TIMELINE 43 1723 241741784895100 2719900
LATENCY 2803300
TIMELINE 43 1739 241741839161100 2803300
LATENCY 3068700
TIMELINE 43 1755 241741883702300 3068700
LATENCY 2612600
TIMELINE 43 1771 241741928293400 2612600
LATENCY 5367200
TIMELINE 43 1787 241741970858700 5367200
LATENCY 2971200
TIMELINE 43 1803 241742018796200 2971200
LATENCY 2610700
TIMELINE 43 1819 241742064145800 2610700
LATENCY 2637300
TIMELINE 43 1835 241742106831300 2637300
LATENCY 2970300
TIMELINE 43 1851 241742153098100 2970300
LATENCY 2776500
TIMELINE 43 1867 241742205121400 2776500
LATENCY 2891700
TIMELINE 43 1883 241742250571100 2891700
LATENCY 2733900
TIMELINE 43 1899 241742295201300 2733900
LATENCY 2734100
TIMELINE 43 1915 241742339368800 2734100
LATENCY 2789700
TIMELINE 43 1931 241742384593400 2789700
LATENCY 2891100
TIMELINE 43 1947 241742427913900 2891100
LATENCY 2805100
TIMELINE 43 1963 241742472033500 2805100
LATENCY 3015800
TIMELINE 43 1979 241742520760600 3015800
LATENCY 3037500
TIMELINE 43 1995 241742574293400 3037500
LATENCY 2610300
TIMELINE 43 2011 241742622986100 2610300
LATENCY 2704400
TIMELINE 43 2027 241742665571900 2704400
LATENCY 2798600
TIMELINE 43 2043 241742709437400 2798600
LATENCY 2267000
TIMELINE 44 12 241737489155200 2267000
LATENCY 2357000
TIMELINE 44 28 241737525097500 2357000
LATENCY 2181800
TIMELINE 44 44 241737560383100 2181800
LATENCY 2128500
TIMELINE 44 60 241737595318300 2128500
LATENCY 2166100
TIMELINE 44 76 241737629874500 2166100
LATENCY 2162700
TIMELINE 44 92 241737665938800 2162700
LATENCY 2259900
TIMELINE 44 108 241737701733400 2259900
LATENCY 2222200
TIMELINE 44 124 241737737835600 2222200
LATENCY 2316500
TIMELINE 44 140 241737794405700 2316500
LATENCY 2437300
TIMELINE 44 156 241737830472400 2437300
LATENCY 2166300
TIMELINE 44 172 241737865529800 2166300
LATENCY 2207800
TIMELINE 44 188 241737901356700 2207800
LATENCY 2310400
TIMELINE 44 204 241737938021400 2310400
LATENCY 2128000
TIMELINE 44 220 241737973567900 2128000
LATENCY 2249400
TIMELINE 44 236 241738009103900 2249400
LATENCY 2220000
TIMELINE 44 252 241738045487200 2220000
LATENCY 2236500
TIMELINE 44 268 241738100378900 2236500
LATENCY 2115800
TIMELINE 44 284 241738135609600 2115800
LATENCY 2157500
TIMELINE 44 300 241738170287900 2157500
LATENCY 2101200
TIMELINE 44 316 241738205130600 2101200
LATENCY 2110500
TIMELINE 44 332 241738239248300 2110500
LATENCY 2499800
TIMELINE 44 348 241738274607800 2499800
LATENCY 2158600
TIMELINE 44 364 241738310548100 2158600
LATENCY 2470500
TIMELINE 44 380 241738346374100 2470500
LATENCY 2150500
TIMELINE 44 396 241738400111800 2150500
LATENCY 2192000
TIMELINE 44 412 241738435268100 2192000
LATENCY 2148700
TIMELINE 44 428 241738470288400 2148700
LATENCY 2177500
TIMELINE 44 444 241738505307100 2177500
LATENCY 2220100
TIMELINE 44 460 241738540942100 2220100
LATENCY 2344200
TIMELINE 44 476 241738576410600 2344200
LATENCY 2202600
TIMELINE 44 492 241738612390100 2202600
LATENCY 2296900
TIMELINE 44 508 241738648031000 2296900
LATENCY 2260500
TIMELINE 44 524 241738683623200 2260500
LATENCY 2175200
TIMELINE 44 540 241738737387300 2175200
LATENCY 2136000
TIMELINE 44 556 241738771933200 2136000
LATENCY 2118900
TIMELINE 44 572 241738806370300 2118900
LATENCY 2174000
TIMELINE 44 588 241738841769500 2174000
LATENCY 2150300
TIMELINE 44 604 241738876364300 2150300
LATENCY 2154300
TIMELINE 44 620 241738910641100 2154300
LATENCY 2402600
TIMELINE 44 636 241738946435700 2402600
LATENCY 2164100
TIMELINE 44 652 241738982022600 2164100
LATENCY 2228800
TIMELINE 44 668 241739037959600 2228800
LATENCY 2152900
TIMELINE 44 684 241739072318700 2152900
LATENCY 2095300
TIMELINE 44 700 241739106634500 2095300
LATENCY 2267400
TIMELINE 44 716 241739142785300 2267400
LATENCY 2171000
TIMELINE 44 732 241739178274200 2171000
LATENCY 2266700
TIMELINE 44 748 241739214040000 2266700
LATENCY 2368400
TIMELINE 44 764 241739249942000 2368400
LATENCY 2191100
TIMELINE 44 780 241739286204100 2191100
LATENCY 2352900
TIMELINE 44 796 241739341691700 2352900
LATENCY 2141800
TIMELINE 44 812 241739377818200 2141800
LATENCY 2301700
TIMELINE 44 828 241739413424200 2301700
LATENCY 2227200
TIMELINE 44 844 241739449236300 2227200
LATENCY 2127700
TIMELINE 44 860 241739484693000 2127700
LATENCY 2154300
TIMELINE 44 876 241739518773600 2154300
LATENCY 2143200
TIMELINE 44 892 241739553113000 2143200
LATENCY 2206100
TIMELINE 44 908 241739588945500 2206100
LATENCY 2518800
TIMELINE 44 924 241739623838500 2518800
LATENCY 2181700
TIMELINE 44 940 241739678690100 2181700
LATENCY 2147500
TIMELINE 44 956 241739713304500 2147500
LATENCY 2174900
TIMELINE 44 972 241739747603300 2174900
LATENCY 2155700
TIMELINE 44 988 241739782392800 2155700
LATENCY 2323100
TIMELINE 44 1004 241739818722400 2323100
LATENCY 2111600
TIMELINE 44 1020 241739854327200 2111600
LATENCY 2162800
TIMELINE 44 1036 241739889079600 2162800
LATENCY 2252500
TIMELINE 44 1052 241739924784200 2252500
LATENCY 2233000
TIMELINE 44 1068 241739966204700 2233000
LATENCY 2138700
TIMELINE 44 1084 241740000880100 2138700
LATENCY 2222500
TIMELINE 44 1100 241740036684600 2222500
LATENCY 2163400
TIMELINE 44 1116 241740071583200 2163400
LATENCY 2302600
TIMELINE 44 1132 241740107686900 2302600
LATENCY 2186300
TIMELINE 44 1148 241740143291000 2186300
LATENCY 2180000
TIMELINE 44 1164 241740178939600 2180000
LATENCY 2142700
TIMELINE 44 1180 241740213544700 2142700
LATENCY 2103400
TIMELINE 44 1196 241740254376400 2103400
LATENCY 2144700
TIMELINE 44 1212 241740288663000 2144700
LATENCY 2144000
TIMELINE 44 1228 241740323088900 2144000
LATENCY 3030000
TIMELINE 44 1244 241740366907600 3030000
LATENCY 3056700
TIMELINE 44 1260 241740414828300 3056700
LATENCY 2672500
TIMELINE 44 1276 241740461592900 2672500
LATENCY 3120700
TIMELINE 44 1292 241740508234600 3120700
LATENCY 2798700
TIMELINE 44 1308 241740557907700 2798700
LATENCY 2902000
TIMELINE 44 1324 241740604208600 2902000
LATENCY 2664600
TIMELINE 44 1340 241740661928700 2664600
LATENCY 2759200
TIMELINE 44 1356 241740705327900 2759200
LATENCY 2939500
TIMELINE 44 1372 241740749585400 2939500
LATENCY 2749100
TIMELINE 44 1388 241740794549400 2749100
LATENCY 2645700
TIMELINE 44 1404 241740837709600 2645700
LATENCY 2997800
TIMELINE 44 1420 241740881991500 2997800
LATENCY 3058100
TIMELINE 44 1436 241740930735000 3058100
LATENCY 2717600
TIMELINE 44 1452 241740977647300 2717600
LATENCY 2609800
TIMELINE 44 1468 241741033159700 2609800
LATENCY 2741300
TIMELINE 44 1484 241741078983500 2741300
LATENCY 2651100
TIMELINE 44 1500 241741126166200 2651100
LATENCY 2627300
TIMELINE 44 1516 241741171592400 2627300
LATENCY 2695300
TIMELINE 44 1532 241741214978500 2695300
LATENCY 3092100
TIMELINE 44 1548 241741259258700 3092100
LATENCY 3028200
TIMELINE 44 1564 241741307985400 3028200
LATENCY 3158000
TIMELINE 44 1580 241741355130900 3158000
LATENCY 3073100
TIMELINE 44 1596 241741409806300 3073100
LATENCY 2765300
TIMELINE 44 1612 241741458763900 2765300
LATENCY 3052600
TIMELINE 44 1628 241741504100800 3052600
LATENCY 2788900
TIMELINE 44 1644 241741551124300 2788900
LATENCY 2967800
TIMELINE 44 1660 241741598685800 2967800
LATENCY 2925200
TIMELINE 44 1676 241741645531500 2925200
LATENCY 2576200
TIMELINE 44 1692 241741697973300 2576200
LATENCY 2752100
TIMELINE 44 1708 241741741678900 2752100
LATENCY 2741400
TIMELINE 44 1724 241741788074700 2741400
LATENCY 2899000
TIMELINE 44 1740 241741842413600 2899000
LATENCY 2850500
TIMELINE 44 1756 241741887282700 2850500
LATENCY 2587000
TIMELINE 44 1772 241741931341100 2587000
LATENCY 2634100
TIMELINE 44 1788 241741976655700 2634100
LATENCY 2957900
TIMELINE 44 1804 241742022268900 2957900
LATENCY 2593300
TIMELINE 44 1820 241742067254400 2593300
LATENCY 3087700
TIMELINE 44 1836 241742109935300 3087700
LATENCY 2836900
TIMELINE 44 1852 241742156605000 2836900
LATENCY 2929300
TIMELINE 44 1868 241742208449400 2929300
LATENCY 2743500
TIMELINE 44 1884 241742253971600 2743500
LATENCY 2724400
TIMELINE 44 1900 241742298471800 2724400
LATENCY 2684800
TIMELINE 44 1916 241742342612800 2684800
LATENCY 2751400
TIMELINE 44 1932 241742387885900 2751400
LATENCY 2740000
TIMELINE 44 1948 241742431283800 2740000
LATENCY 2735800
TIMELINE 44 1964 241742475335400 2735800
LATENCY 3033500
TIMELINE 44 1980 241742524337600 3033500
LATENCY 3047600
TIMELINE 44 1996 241742577894300 3047600
LATENCY 2579200
TIMELINE 44 2012 241742626062600 2579200
LATENCY 2964200
TIMELINE 44 2028 241742668784400 2964200
LATENCY 2712800
TIMELINE 44 2044 241742712720000 2712800
LATENCY 2221100
TIMELINE 45 13 241737491543300 2221100
LATENCY 2271800
TIMELINE 45 29 241737527583200 2271800
LATENCY 2168000
TIMELINE 45 45 241737562745900 2168000
LATENCY 2179000
TIMELINE 45 61 241737597620200 2179000
LATENCY 2149900
TIMELINE 45 77 241737632241900 2149900
LATENCY 2162000
TIMELINE 45 93 241737667980500 2162000
LATENCY 2266500
TIMELINE 45 109 241737704255100 2266500
LATENCY 2144000
TIMELINE 45 125 241737740302800 2144000
LATENCY 2288600
TIMELINE 45 141 241737796957100 2288600
LATENCY 2409100
TIMELINE 45 157 241737833138200 2409100
LATENCY 2161700
TIMELINE 45 173 241737867906100 2161700
LATENCY 2190400
TIMELINE 45 189 241737903628300 2190400
LATENCY 2307400
TIMELINE 45 205 241737940552900 2307400
LATENCY 2147800
TIMELINE 45 221 241737975874600 2147800
LATENCY 2201200
TIMELINE 45 237 241738011594200 2201200
LATENCY 2406800
TIMELINE 45 253 241738048082700 2406800
LATENCY 2243300
TIMELINE 45 269 241738103056000 2243300
LATENCY 2214500
TIMELINE 45 285 241738137985000 2214500
LATENCY 2387300
TIMELINE 45 301 241738172618100 2387300
LATENCY 2142600
TIMELINE 45 317 241738207439500 2142600
LATENCY 2205400
TIMELINE 45 333 241738241554000 2205400
LATENCY 2322200
TIMELINE 45 349 241738277372100 2322200
LATENCY 2279900
TIMELINE 45 365 241738312831700 2279900
LATENCY 2456500
TIMELINE 45 381 241738349058700 2456500
LATENCY 2193100
TIMELINE 45 397 241738402380900 2193100
LATENCY 2184000
TIMELINE 45 413 241738437495200 2184000
LATENCY 2209900
TIMELINE 45 429 241738472703300 2209900
LATENCY 2185200
TIMELINE 45 445 241738507877600 2185200
LATENCY 2207400
TIMELINE 45 461 241738543565000 2207400
LATENCY 2301600
TIMELINE 45 477 241738579133600 2301600
LATENCY 2200000
TIMELINE 45 493 241738614968100 2200000
LATENCY 2284400
TIMELINE 45 509 241738650714600 2284400
LATENCY 20813400
TIMELINE 45 525 241738686157700 20813400
LATENCY 2182100
TIMELINE 45 541 241738739894800 2182100
LATENCY 2158600
TIMELINE 45 557 241738774273800 2158600
LATENCY 2158200
TIMELINE 45 573 241738808696100 2158200
LATENCY 2164100
TIMELINE 45 589 241738844097000 2164100
LATENCY 2153500
TIMELINE 45 605 241738878668000 2153500
LATENCY 2147400
TIMELINE 45 621 241738912917800 2147400
LATENCY 2238200
TIMELINE 45 637 241738949549900 2238200
LATENCY 2145300
TIMELINE 45 653 241738984849800 2145300
LATENCY 2183900
TIMELINE 45 669 241739040864500 2183900
LATENCY 2132200
TIMELINE 45 685 241739075161400 2132200
LATENCY 2162200
TIMELINE 45 701 241739109393000 2162200
LATENCY 2210800
TIMELINE 45 717 241739145816500 2210800
LATENCY 2206500
TIMELINE 45 733 241739181239100 2206500
LATENCY 2218700
TIMELINE 45 749 241739217178200 2218700
LATENCY 2151000
TIMELINE 45 765 241739253014900 2151000
LATENCY 2182400
TIMELINE 45 781 241739289225500 2182400
LATENCY 2240300
TIMELINE 45 797 241739344663100 2240300
LATENCY 2154100
TIMELINE 45 813 241739380460300 2154100
LATENCY 2211300
TIMELINE 45 829 241739416386600 2211300
LATENCY 2177700
TIMELINE 45 845 241739451988900 2177700
LATENCY 2152600
TIMELINE 45 861 241739487253300 2152600
LATENCY 2116300
TIMELINE 45 877 241739521338800 2116300
LATENCY 2455400
TIMELINE 45 893 241739555684700 2455400
LATENCY 2248500
TIMELINE 45 909 241739591604500 2248500
LATENCY 21723900
TIMELINE 45 925 241739626707200 21723900
LATENCY 2131900
TIMELINE 45 941 241739681236700 2131900
LATENCY 2131200
TIMELINE 45 957 241739715715300 2131200
LATENCY 2136100
TIMELINE 45 973 241739750067800 2136100
LATENCY 2115600
TIMELINE 45 989 241739784776800 2115600
LATENCY 2188800
TIMELINE 45 1005 241739821799000 2188800
LATENCY 2122200
TIMELINE 45 1021 241739857253600 2122200
LATENCY 2223400
TIMELINE 45 1037 241739892137000 2223400
LATENCY 2269400
TIMELINE 45 1053 241739928050600 2269400
LATENCY 2205200
TIMELINE 45 1069 241739969497800 2205200
LATENCY 2183600
TIMELINE 45 1085 241740003957200 2183600
LATENCY 2209200
TIMELINE 45 1101 241740039800800 2209200
LATENCY 2138900
TIMELINE 45 1117 241740074633000 2138900
LATENCY 2242900
TIMELINE 45 1133 241740110796100 2242900
LATENCY 2192700
TIMELINE 45 1149 241740146221600 2192700
LATENCY 2169100
TIMELINE 45 1165 241740181976900 2169100
LATENCY 2128900
TIMELINE 45 1181 241740216439500 2128900
LATENCY 2119300
TIMELINE 45 1197 241740257035200 2119300
LATENCY 2143700
TIMELINE 45 1213 241740291367600 2143700
LATENCY 2118900
TIMELINE 45 1229 241740325801700 2118900
LATENCY 3045600
TIMELINE 45 1245 241740370789900 3045600
LATENCY 3063300
TIMELINE 45 1261 241740418735700 3063300
LATENCY 2676500
TIMELINE 45 1277 241740465127800 2676500
LATENCY 2846900
TIMELINE 45 1293 241740512237500 2846900
LATENCY 2869900
TIMELINE 45 1309 241740561490800 2869900
LATENCY 8840500
TIMELINE 45 1325 241740607980600 8840500
LATENCY 2672000
TIMELINE 45 1341 241740665278900 2672000
LATENCY 2708700
TIMELINE 45 1357 241740708799700 2708700
LATENCY 2767100
TIMELINE 45 1373 241740754101300 2767100
LATENCY 2657400
TIMELINE 45 1389 241740798689200 2657400
LATENCY 2622500
TIMELINE 45 1405 241740841762300 2622500
LATENCY 3018100
TIMELINE 45 1421 241740886610100 3018100
LATENCY 3040600
TIMELINE 45 1437 241740935395700 3040600
LATENCY 2739000
TIMELINE 45 1453 241740981711600 2739000
LATENCY 2819100
TIMELINE 45 1469 241741035815200 2819100
LATENCY 2690700
TIMELINE 45 1485 241741081766200 2690700
LATENCY 2940500
TIMELINE 45 1501 241741128854100 2940500
LATENCY 2638100
TIMELINE 45 1517 241741174257700 2638100
LATENCY 2815200
TIMELINE 45 1533 241741217713500 2815200
LATENCY 2825800
TIMELINE 45 1549 241741262396800 2825800
LATENCY 2995100
TIMELINE 45 1565 241741311110500 2995100
LATENCY 3144300
TIMELINE 45 1581 241741358422900 3144300
LATENCY 3051100
TIMELINE 45 1597 241741413016400 3051100
LATENCY 3019500
TIMELINE 45 1613 241741461666100 3019500
LATENCY 3078100
TIMELINE 45 1629 241741507293000 3078100
LATENCY 3081500
TIMELINE 45 1645 241741554080000 3081500
LATENCY 2995300
TIMELINE 45 1661 241741601748600 2995300
LATENCY 2915200
TIMELINE 45 1677 241741648553500 2915200
LATENCY 2613900
TIMELINE 45 1693 241741700621400 2613900
LATENCY 2707600
TIMELINE 45 1709 241741744503700 2707600
LATENCY 8354200
TIMELINE 45 1725 241741790868200 8354200
LATENCY 2821300
TIMELINE 45 1741 241741845355100 2821300
LATENCY 3168300
TIMELINE 45 1757 241741890170800 3168300
LATENCY 2634200
TIMELINE 45 1773 241741933972300 2634200
LATENCY 2602900
TIMELINE 45 1789 241741979336400 2602900
LATENCY 2959000
TIMELINE 45 1805 241742025358900 2959000
LATENCY 2576000
TIMELINE 45 1821 241742069952200 2576000
LATENCY 2990900
TIMELINE 45 1837 241742113200400 2990900
LATENCY 3212800
TIMELINE 45 1853 241742159609000 3212800
LATENCY 2759500
TIMELINE 45 1869 241742211541900 2759500
LATENCY 2778300
TIMELINE 45 1885 241742256873600 2778300
LATENCY 2733700
TIMELINE 45 1901 241742301344400 2733700
LATENCY 2762200
TIMELINE 45 1917 241742345458100 2762200
LATENCY 2765800
TIMELINE 45 1933 241742391516900 2765800
LATENCY 2740900
TIMELINE 45 1949 241742434894000 2740900
LATENCY 2695300
TIMELINE 45 1965 241742478966600 2695300
LATENCY 3048300
TIMELINE 45 1981 241742528322900 3048300
LATENCY 3050900
TIMELINE 45 1997 241742581885700 3050900
LATENCY 2621400
TIMELINE 45 2013 241742629479400 2621400
LATENCY 2984200
TIMELINE 45 2029 241742672684200 2984200
LATENCY 4444500
TIMELINE 45 2045 241742716350700 4444500
LATENCY 2267600
TIMELINE 46 14 241737493733300 2267600
LATENCY 2199700
TIMELINE 46 30 241737529823700 2199700
LATENCY 2152300
TIMELINE 46 46 241737565004900 2152300
LATENCY 2152900
TIMELINE 46 62 241737599888100 2152900
LATENCY 2421100
TIMELINE 46 78 241737634452000 2421100
LATENCY 2148300
TIMELINE 46 94 241737670471200 2148300
LATENCY 2249300
TIMELINE 46 110 241737706618400 2249300
LATENCY 2221900
TIMELINE 46 126 241737742551600 2221900
LATENCY 2268900
TIMELINE 46 142 241737799498100 2268900
LATENCY 2187600
TIMELINE 46 158 241737835791700 2187600
LATENCY 2173100
TIMELINE 46 174 241737870282500 2173100
LATENCY 2193900
TIMELINE 46 190 241737905943400 2193900
LATENCY 2238500
TIMELINE 46 206 241737942956600 2238500
LATENCY 2118600
TIMELINE 46 222 241737978118500 2118600
LATENCY 2229500
TIMELINE 46 238 241738013891100 2229500
LATENCY 2215200
TIMELINE 46 254 241738050525200 2215200
LATENCY 2184800
TIMELINE 46 270 241738105802000 2184800
LATENCY 2367900
TIMELINE 46 286 241738140869800 2367900
LATENCY 2178700
TIMELINE 46 302 241738175915900 2178700
LATENCY 2121400
TIMELINE 46 318 241738210363500 2121400
LATENCY 2143000
TIMELINE 46 334 241738244508100 2143000
LATENCY 2197000
TIMELINE 46 350 241738280627700 2197000
LATENCY 2335400
TIMELINE 46 366 241738316220500 2335400
LATENCY 2136500
TIMELINE 46 382 241738352509300 2136500
LATENCY 2159900
TIMELINE 46 398 241738405541500 2159900
LATENCY 2268900
TIMELINE 46 414 241738440694500 2268900
LATENCY 2151400
TIMELINE 46 430 241738476020200 2151400
LATENCY 2200300
TIMELINE 46 446 241738511007600 2200300
LATENCY 2210700
TIMELINE 46 462 241738546657400 2210700
LATENCY 2349400
TIMELINE 46 478 241738582489800 2349400
LATENCY 2252700
TIMELINE 46 494 241738618155500 2252700
LATENCY 2210700
TIMELINE 46 510 241738653971100 2210700
LATENCY 2338500
TIMELINE 46 526 241738708263300 2338500
LATENCY 2142000
TIMELINE 46 542 241738742965500 2142000
LATENCY 2098600
TIMELINE 46 558 241738777409300 2098600
LATENCY 2134700
TIMELINE 46 574 241738811850000 2134700
LATENCY 2157100
TIMELINE 46 590 241738847251500 2157100
LATENCY 2176200
TIMELINE 46 606 241738881835300 2176200
LATENCY 2322800
TIMELINE 46 622 241738916112400 2322800
LATENCY 2199300
TIMELINE 46 638 241738952090400 2199300
LATENCY 2191300
TIMELINE 46 654 241738987277000 2191300
LATENCY 2184700
TIMELINE 46 670 241739043347600 2184700
LATENCY 2089800
TIMELINE 46 686 241739077592000 2089800
LATENCY 2143100
TIMELINE 46 702 241739111853100 2143100
LATENCY 2198700
TIMELINE 46 718 241739148277100 2198700
LATENCY 2254200
TIMELINE 46 734 241739183705600 2254200
LATENCY 2213800
TIMELINE 46 750 241739219430700 2213800
LATENCY 2125300
TIMELINE 46 766 241739255199100 2125300
LATENCY 2192800
TIMELINE 46 782 241739291209000 2192800
LATENCY 2138800
TIMELINE 46 798 241739346615200 2138800
LATENCY 2129800
TIMELINE 46 814 241739382409000 2129800
LATENCY 2175800
TIMELINE 46 830 241739418721400 2175800
LATENCY 2160000
TIMELINE 46 846 241739454350000 2160000
LATENCY 2113900
TIMELINE 46 862 241739489587300 2113900
LATENCY 2112700
TIMELINE 46 878 241739523665600 2112700
LATENCY 2206100
TIMELINE 46 894 241739558288600 2206100
LATENCY 2249800
TIMELINE 46 910 241739593976500 2249800
LATENCY 2351600
TIMELINE 46 926 241739648645500 2351600
LATENCY 2149500
TIMELINE 46 942 241739683403500 2149500
LATENCY 2156700
TIMELINE 46 958 241739717910900 2156700
LATENCY 2143500
TIMELINE 46 974 241739752264600 2143500
LATENCY 2167100
TIMELINE 46 990 241739787080100 2167100
LATENCY 2186800
TIMELINE 46 1006 241739823552600 2186800
LATENCY 2227000
TIMELINE 46 1022 241739858871400 2227000
LATENCY 2311500
TIMELINE 46 1038 241739893786900 2311500
LATENCY 2178800
TIMELINE 46 1054 241739929826700 2178800
LATENCY 2130400
TIMELINE 46 1070 241739971254800 2130400
LATENCY 2142700
TIMELINE 46 1086 241740005817200 2142700
LATENCY 2213400
TIMELINE 46 1102 241740041637300 2213400
LATENCY 2206300
TIMELINE 46 1118 241740076416500 2206300
LATENCY 2229900
TIMELINE 46 1134 241740112641100 2229900
LATENCY 2264100
TIMELINE 46 1150 241740148046300 2264100
LATENCY 2193600
TIMELINE 46 1166 241740183750700 2193600
LATENCY 2179500
TIMELINE 46 1182 241740218305300 2179500
LATENCY 2183700
TIMELINE 46 1198 241740258884200 2183700
LATENCY 2148300
TIMELINE 46 1214 241740293251000 2148300
LATENCY 2469500
TIMELINE 46 1230 241740327597700 2469500
LATENCY 3038800
TIMELINE 46 1246 241740373368300 3038800
LATENCY 3045100
TIMELINE 46 1262 241740421326500 3045100
LATENCY 2686000
TIMELINE 46 1278 241740467397300 2686000
LATENCY 2959900
TIMELINE 46 1294 241740514646900 2959900
LATENCY 2452600
TIMELINE 46 1310 241740563925100 2452600
LATENCY 3181900
TIMELINE 46 1326 241740616277500 3181900
LATENCY 2729900
TIMELINE 46 1342 241740667602200 2729900
LATENCY 2723900
TIMELINE 46 1358 241740711173600 2723900
LATENCY 2744200
TIMELINE 46 1374 241740755793100 2744200
LATENCY 2771000
TIMELINE 46 1390 241740800257300 2771000
LATENCY 2644000
TIMELINE 46 1406 241740843295800 2644000
LATENCY 3012900
TIMELINE 46 1422 241740888395500 3012900
LATENCY 3035300
TIMELINE 46 1438 241740937198300 3035300
LATENCY 2738900
TIMELINE 46 1454 241740983367600 2738900
LATENCY 2829400
TIMELINE 46 1470 241741035848200 2829400
LATENCY 2694800
TIMELINE 46 1486 241741081798700 2694800
LATENCY 2947700
TIMELINE 46 1502 241741128887700 2947700
LATENCY 2641400
TIMELINE 46 1518 241741174291600 2641400
LATENCY 2810500
TIMELINE 46 1534 241741217759500 2810500
LATENCY 2829600
TIMELINE 46 1550 241741262435400 2829600
LATENCY 2990300
TIMELINE 46 1566 241741311066800 2990300
LATENCY 3182800
TIMELINE 46 1582 241741358328100 3182800
LATENCY 3057400
TIMELINE 46 1598 241741412969800 3057400
LATENCY 3017900
TIMELINE 46 1614 241741461622000 3017900
LATENCY 3073400
TIMELINE 46 1630 241741507244600 3073400
LATENCY 3047900
TIMELINE 46 1646 241741554030300 3047900
LATENCY 2987700
TIMELINE 46 1662 241741601705100 2987700
LATENCY 2916600
TIMELINE 46 1678 241741648508500 2916600
LATENCY 2604300
TIMELINE 46 1694 241741700586700 2604300
LATENCY 2694300
TIMELINE 46 1710 241741744469300 2694300
LATENCY 8374700
TIMELINE 46 1726 241741790937800 8374700
LATENCY 2821600
TIMELINE 46 1742 241741845434400 2821600
LATENCY 3225400
TIMELINE 46 1758 241741890239900 3225400
LATENCY 2628600
TIMELINE 46 1774 241741934049200 2628600
LATENCY 2604400
TIMELINE 46 1790 241741979405800 2604400
LATENCY 2981200
TIMELINE 46 1806 241742025440800 2981200
LATENCY 2568800
TIMELINE 46 1822 241742069994800 2568800
LATENCY 2992700
TIMELINE 46 1838 241742113248000 2992700
LATENCY 3217800
TIMELINE 46 1854 241742159653700 3217800
LATENCY 2763700
TIMELINE 46 1870 241742211579100 2763700
LATENCY 2775600
TIMELINE 46 1886 241742256915700 2775600
LATENCY 2746800
TIMELINE 46 1902 241742301378700 2746800
LATENCY 2761000
TIMELINE 46 1918 241742345494100 2761000
LATENCY 2753900
TIMELINE 46 1934 241742391211200 2753900
LATENCY 2770500
TIMELINE 46 1950 241742434591100 2770500
LATENCY 2683000
TIMELINE 46 1966 241742478687300 2683000
LATENCY 3039900
TIMELINE 46 1982 241742527983500 3039900
LATENCY 3042900
TIMELINE 46 1998 241742581550900 3042900
LATENCY 2634900
TIMELINE 46 2014 241742629185200 2634900
LATENCY 2951600
TIMELINE 46 2030 241742672365900 2951600
LATENCY 4276400
TIMELINE 46 2046 241742716014300 4276400
LATENCY 2198700
TIMELINE 47 15 241737495972100 2198700
LATENCY 2207000
TIMELINE 47 31 241737531969100 2207000
LATENCY 2172100
TIMELINE 47 47 241737567006700 2172100
LATENCY 2157800
TIMELINE 47 63 241737601894000 2157800
LATENCY 2529800
TIMELINE 47 79 241737636710100 2529800
LATENCY 2165300
TIMELINE 47 95 241737672346800 2165300
LATENCY 2372700
TIMELINE 47 111 241737708652900 2372700
LATENCY 21923300
TIMELINE 47 127 241737744571300 21923300
LATENCY 2304600
TIMELINE 47 143 241737801490300 2304600
LATENCY 2163400
TIMELINE 47 159 241737837724900 2163400
LATENCY 2144900
TIMELINE 47 175 241737872188100 2144900
LATENCY 2266800
TIMELINE 47 191 241737907929900 2266800
LATENCY 2205800
TIMELINE 47 207 241737944924900 2205800
LATENCY 2128800
TIMELINE 47 223 241737979933700 2128800
LATENCY 2366600
TIMELINE 47 239 241738015727900 2366600
LATENCY 2137300
TIMELINE 47 255 241738052272300 2137300
LATENCY 2191300
TIMELINE 47 271 241738106818000 2191300
LATENCY 2268000
TIMELINE 47 287 241738142024100 2268000
LATENCY 2191800
TIMELINE 47 303 241738176894700 2191800
LATENCY 2116700
TIMELINE 47 319 241738211304000 2116700
LATENCY 2154900
TIMELINE 47 335 241738245436700 2154900
LATENCY 2180800
TIMELINE 47 351 241738281506300 2180800
LATENCY 2326300
TIMELINE 47 367 241738317313700 2326300
LATENCY 2140300
TIMELINE 47 383 241738353536100 2140300
LATENCY 2155500
TIMELINE 47 399 241738406559100 2155500
LATENCY 2331800
TIMELINE 47 415 241738441828700 2331800
LATENCY 2135200
TIMELINE 47 431 241738476859500 2135200
LATENCY 2254500
TIMELINE 47 447 241738511888600 2254500
LATENCY 2239300
TIMELINE 47 463 241738547570800 2239300
LATENCY 2368000
TIMELINE 47 479 241738583200600 2368000
LATENCY 2232500
TIMELINE 47 495 241738618855000 2232500
LATENCY 2192100
TIMELINE 47 511 241738654672800 2192100
LATENCY 2236300
TIMELINE 47 527 241738708913200 2236300
LATENCY 2154700
TIMELINE 47 543 241738743592100 2154700
LATENCY 2105100
TIMELINE 47 559 241738778210300 2105100
LATENCY 2214100
TIMELINE 47 575 241738812688000 2214100
LATENCY 2137600
TIMELINE 47 591 241738848146300 2137600
LATENCY 2131500
TIMELINE 47 607 241738882741000 2131500
LATENCY 2375200
TIMELINE 47 623 241738917189800 2375200
LATENCY 2231000
TIMELINE 47 639 241738953644000 2231000
LATENCY 2455900
TIMELINE 47 655 241738988833400 2455900
LATENCY 2125100
TIMELINE 47 671 241739045387200 2125100
LATENCY 2136700
TIMELINE 47 687 241739079536800 2136700
LATENCY 2139100
TIMELINE 47 703 241739113848000 2139100
LATENCY 2374900
TIMELINE 47 719 241739150382200 2374900
LATENCY 2182900
TIMELINE 47 735 241739185753900 2182900
LATENCY 2279900
TIMELINE 47 751 241739221376400 2279900
LATENCY 2124900
TIMELINE 47 767 241739257087600 2124900
LATENCY 2138800
TIMELINE 47 783 241739293196900 2138800
LATENCY 2394200
TIMELINE 47 799 241739348994100 2394200
LATENCY 2156800
TIMELINE 47 815 241739384685700 2156800
LATENCY 2431700
TIMELINE 47 831 241739420506000 2431700
LATENCY 2239100
TIMELINE 47 847 241739456151400 2239100
LATENCY 2104600
TIMELINE 47 863 241739491360400 2104600
LATENCY 2119700
TIMELINE 47 879 241739525378600 2119700
LATENCY 2266800
TIMELINE 47 895 241739560080100 2266800
LATENCY 2268100
TIMELINE 47 911 241739595798000 2268100
LATENCY 2166200
TIMELINE 47 927 241739650514400 2166200
LATENCY 2133600
TIMELINE 47 943 241739685083600 2133600
LATENCY 2128000
TIMELINE 47 959 241739719586200 2128000
LATENCY 2314300
TIMELINE 47 975 241739753914200 2314300
LATENCY 2155000
TIMELINE 47 991 241739788640500 2155000
LATENCY 2172100
TIMELINE 47 1007 241739825282800 2172100
LATENCY 2264800
TIMELINE 47 1023 241739860390200 2264800
LATENCY 2291600
TIMELINE 47 1039 241739895365500 2291600
LATENCY 2189600
TIMELINE 47 1055 241739931291600 2189600
LATENCY 2111500
TIMELINE 47 1071 241739972650800 2111500
LATENCY 2261100
TIMELINE 47 1087 241740007214900 2261100
LATENCY 2212100
TIMELINE 47 1103 241740043076900 2212100
LATENCY 2286000
TIMELINE 47 1119 241740077823500 2286000
LATENCY 2231200
TIMELINE 47 1135 241740114219200 2231200
LATENCY 2189900
TIMELINE 47 1151 241740149733200 2189900
LATENCY 2181400
TIMELINE 47 1167 241740185336700 2181400
LATENCY 2136500
TIMELINE 47 1183 241740219856700 2136500
LATENCY 2149600
TIMELINE 47 1199 241740260407700 2149600
LATENCY 2158000
TIMELINE 47 1215 241740294762200 2158000
LATENCY 2714600
TIMELINE 47 1231 241740329365700 2714600
LATENCY 3172200
TIMELINE 47 1247 241740375600000 3172200
LATENCY 3093800
TIMELINE 47 1263 241740423567900 3093800
LATENCY 2853600
TIMELINE 47 1279 241740469489300 2853600
LATENCY 2897600
TIMELINE 47 1295 241740516827900 2897600
LATENCY 2594500
TIMELINE 47 1311 241740565883500 2594500
LATENCY 2954200
TIMELINE 47 1327 241740618721500 2954200
LATENCY 2710600
TIMELINE 47 1343 241740669558700 2710600
LATENCY 2738800
TIMELINE 47 1359 241740713115200 2738800
LATENCY 2927100
TIMELINE 47 1375 241740757793900 2927100
LATENCY 2769600
TIMELINE 47 1391 241740802299900 2769600
LATENCY 2643700
TIMELINE 47 1407 241740845247000 2643700
LATENCY 2986600
TIMELINE 47 1423 241740890635400 2986600
LATENCY 3062300
TIMELINE 47 1439 241740939434200 3062300
LATENCY 2710900
TIMELINE 47 1455 241740985391700 2710900
LATENCY 2700200
TIMELINE 47 1471 241741039871400 2700200
LATENCY 2912300
TIMELINE 47 1487 241741085660300 2912300
LATENCY 2930400
TIMELINE 47 1503 241741132901100 2930400
LATENCY 2628700
TIMELINE 47 1519 241741177894800 2628700
LATENCY 2715500
TIMELINE 47 1535 241741221584700 2715500
LATENCY 2690800
TIMELINE 47 1551 241741266234900 2690800
LATENCY 3023200
TIMELINE 47 1567 241741315093800 3023200
LATENCY 3027200
TIMELINE 47 1583 241741362628000 3027200
LATENCY 3090600
TIMELINE 47 1599 241741417106400 3090600
LATENCY 2734700
TIMELINE 47 1615 241741465703100 2734700
LATENCY 3091400
TIMELINE 47 1631 241741511361000 3091400
LATENCY 3171600
TIMELINE 47 1647 241741558078300 3171600
LATENCY 2913900
TIMELINE 47 1663 241741605753700 2913900
LATENCY 3119300
TIMELINE 47 1679 241741652496300 3119300
LATENCY 2803900
TIMELINE 47 1695 241741704193600 2803900
LATENCY 2717500
TIMELINE 47 1711 241741748209300 2717500
LATENCY 2751600
TIMELINE 47 1727 241741800306400 2751600
LATENCY 2942300
TIMELINE 47 1743 241741849333700 2942300
LATENCY 2822800
TIMELINE 47 1759 241741894615500 2822800
LATENCY 2634300
TIMELINE 47 1775 241741937789600 2634300
LATENCY 2737700
TIMELINE 47 1791 241741982983600 2737700
LATENCY 2930100
TIMELINE 47 1807 241742029402200 2930100
LATENCY 2580100
TIMELINE 47 1823 241742073419600 2580100
LATENCY 2743400
TIMELINE 47 1839 241742117212700 2743400
LATENCY 2996500
TIMELINE 47 1855 241742163899400 2996500
LATENCY 2750200
TIMELINE 47 1871 241742215276000 2750200
LATENCY 2791000
TIMELINE 47 1887 241742260609400 2791000
LATENCY 2749200
TIMELINE 47 1903 241742305064300 2749200
LATENCY 2770000
TIMELINE 47 1919 241742349138800 2770000
LATENCY 2699500
TIMELINE 47 1935 241742394529300 2699500
LATENCY 2577400
TIMELINE 47 1951 241742437931900 2577400
LATENCY 2706400
TIMELINE 47 1967 241742481962600 2706400
LATENCY 3033700
TIMELINE 47 1983 241742531724600 3033700
LATENCY 3024100
TIMELINE 47 1999 241742585287500 3024100
LATENCY 2578400
TIMELINE 47 2015 241742632382900 2578400
LATENCY 3013500
TIMELINE 47 2031 241742676011900 3013500
LATENCY 3244800
TIMELINE 47 2047 241742721124200 3244800
LATENCY 7263800
TIMELINE 48 0 241737453911700 7263800
LATENCY 2173700
TIMELINE 48 16 241737498477000 2173700
LATENCY 2172300
TIMELINE 48 32 241737534505100 2172300
LATENCY 2139700
TIMELINE 48 48 241737569514700 2139700
LATENCY 2176400
TIMELINE 48 64 241737604350000 2176400
LATENCY 2278200
TIMELINE 48 80 241737639403700 2278200
LATENCY 2142000
TIMELINE 48 96 241737674660600 2142000
LATENCY 2233600
TIMELINE 48 112 241737711183300 2233600
LATENCY 2502800
TIMELINE 48 128 241737766714500 2502800
LATENCY 2238600
TIMELINE 48 144 241737803889000 2238600
LATENCY 2109400
TIMELINE 48 160 241737839979900 2109400
LATENCY 2361300
TIMELINE 48 176 241737874460500 2361300
LATENCY 2249800
TIMELINE 48 192 241737910265600 2249800
LATENCY 2201900
TIMELINE 48 208 241737947039500 2201900
LATENCY 2160300
TIMELINE 48 224 241737982008800 2160300
LATENCY 2540800
TIMELINE 48 240 241738018201800 2540800
LATENCY 2176200
TIMELINE 48 256 241738054561100 2176200
LATENCY 2205800
TIMELINE 48 272 241738109548900 2205800
LATENCY 2167200
TIMELINE 48 288 241738144677600 2167200
LATENCY 2179600
TIMELINE 48 304 241738179465300 2179600
LATENCY 2081600
TIMELINE 48 320 241738213760200 2081600
LATENCY 2137600
TIMELINE 48 336 241738247849000 2137600
LATENCY 2153900
TIMELINE 48 352 241738283810200 2153900
LATENCY 2243800
TIMELINE 48 368 241738319608700 2243800
LATENCY 2373400
TIMELINE 48 384 241738355646800 2373400
LATENCY 2261100
TIMELINE 48 400 241738408686700 2261100
LATENCY 2235500
TIMELINE 48 416 241738444071800 2235500
LATENCY 2103400
TIMELINE 48 432 241738478913000 2103400
LATENCY 2165200
TIMELINE 48 448 241738513995200 2165200
LATENCY 2199000
TIMELINE 48 464 241738549872700 2199000
LATENCY 2206600
TIMELINE 48 480 241738585665500 2206600
LATENCY 2235500
TIMELINE 48 496 241738621326000 2235500
LATENCY 2216600
TIMELINE 48 512 241738657081500 2216600
LATENCY 2148900
TIMELINE 48 528 241738711374700 2148900
LATENCY 2162000
TIMELINE 48 544 241738745928700 2162000
LATENCY 2159000
TIMELINE 48 560 241738780345600 2159000
LATENCY 2099500
TIMELINE 48 576 241738814934600 2099500
LATENCY 2148100
TIMELINE 48 592 241738850223900 2148100
LATENCY 2138700
TIMELINE 48 608 241738884783100 2138700
LATENCY 2319600
TIMELINE 48 624 241738919231000 2319600
LATENCY 2199600
TIMELINE 48 640 241738954996500 2199600
LATENCY 2274400
TIMELINE 48 656 241738990107100 2274400
LATENCY 2137900
TIMELINE 48 672 241739045877100 2137900
LATENCY 2151800
TIMELINE 48 688 241739079973100 2151800
LATENCY 2141300
TIMELINE 48 704 241739114300400 2141300
LATENCY 2382000
TIMELINE 48 720 241739150753700 2382000
LATENCY 2187700
TIMELINE 48 736 241739186288200 2187700
LATENCY 2297800
TIMELINE 48 752 241739221978800 2297800
LATENCY 2129300
TIMELINE 48 768 241739257592400 2129300
LATENCY 2167500
TIMELINE 48 784 241739293812200 2167500
LATENCY 2309600
TIMELINE 48 800 241739349538900 2309600
LATENCY 2370300
TIMELINE 48 816 241739385118500 2370300
LATENCY 2148500
TIMELINE 48 832 241739421076400 2148500
LATENCY 2239200
TIMELINE 48 848 241739456663500 2239200
LATENCY 2093600
TIMELINE 48 864 241739491855100 2093600
LATENCY 2119700
TIMELINE 48 880 241739525927100 2119700
LATENCY 2275500
TIMELINE 48 896 241739560743100 2275500
LATENCY 2289900
TIMELINE 48 912 241739596468200 2289900
LATENCY 2136400
TIMELINE 48 928 241739651092700 2136400
LATENCY 2196900
TIMELINE 48 944 241739685644600 2196900
LATENCY 2117600
TIMELINE 48 960 241739720162000 2117600
LATENCY 2422400
TIMELINE 48 976 241739754498900 2422400
LATENCY 2118400
TIMELINE 48 992 241739789278700 2118400
LATENCY 2190000
TIMELINE 48 1008 241739825586500 2190000
LATENCY 2260500
TIMELINE 48 1024 241739860956800 2260500
LATENCY 2220400
TIMELINE 48 1040 241739896067200 2220400
LATENCY 2196300
TIMELINE 48 1056 241739932037800 2196300
LATENCY 2120600
TIMELINE 48 1072 241739973327900 2120600
LATENCY 2276600
TIMELINE 48 1088 241740008023500 2276600
LATENCY 2184700
TIMELINE 48 1104 241740043915500 2184700
LATENCY 2295900
TIMELINE 48 1120 241740078686600 2295900
LATENCY 2232000
TIMELINE 48 1136 241740114934700 2232000
LATENCY 2178600
TIMELINE 48 1152 241740150523300 2178600
LATENCY 2180900
TIMELINE 48 1168 241740186145200 2180900
LATENCY 2139900
TIMELINE 48 1184 241740220659200 2139900
LATENCY 2115100
TIMELINE 48 1200 241740261279400 2115100
LATENCY 2189300
TIMELINE 48 1216 241740295611400 2189300
LATENCY 2671200
TIMELINE 48 1232 241740330385500 2671200
LATENCY 3224700
TIMELINE 48 1248 241740376744900 3224700
LATENCY 3099100
TIMELINE 48 1264 241740424717400 3099100
LATENCY 2789200
TIMELINE 48 1280 241740470526000 2789200
LATENCY 2965900
TIMELINE 48 1296 241740518003800 2965900
LATENCY 2922800
TIMELINE 48 1312 241740566655600 2922800
LATENCY 2947200
TIMELINE 48 1328 241740619892400 2947200
LATENCY 2714900
TIMELINE 48 1344 241740670638900 2714900
LATENCY 2735000
TIMELINE 48 1360 241740714210400 2735000
LATENCY 2962300
TIMELINE 48 1376 241740759942800 2962300
LATENCY 2863600
TIMELINE 48 1392 241740804341500 2863600
LATENCY 2600800
TIMELINE 48 1408 241740847200800 2600800
LATENCY 3020100
TIMELINE 48 1424 241740892833100 3020100
LATENCY 3056900
TIMELINE 48 1440 241740941708200 3056900
LATENCY 2598200
TIMELINE 48 1456 241740987293400 2598200
LATENCY 2698500
TIMELINE 48 1472 241741039763400 2698500
LATENCY 2940700
TIMELINE 48 1488 241741085504400 2940700
LATENCY 2928300
TIMELINE 48 1504 241741132819000 2928300
LATENCY 2624800
TIMELINE 48 1520 241741177821600 2624800
LATENCY 2683900
TIMELINE 48 1536 241741221516400 2683900
LATENCY 2676900
TIMELINE 48 1552 241741266166300 2676900
LATENCY 2953700
TIMELINE 48 1568 241741315041700 2953700
LATENCY 3022000
TIMELINE 48 1584 241741362582000 3022000
LATENCY 3084800
TIMELINE 48 1600 241741417066400 3084800
LATENCY 2730000
TIMELINE 48 1616 241741465657000 2730000
LATENCY 3083600
TIMELINE 48 1632 241741511315300 3083600
LATENCY 3241000
TIMELINE 48 1648 241741558046800 3241000
LATENCY 2916700
TIMELINE 48 1664 241741605836300 2916700
LATENCY 3133800
TIMELINE 48 1680 241741652578700 3133800
LATENCY 2802500
TIMELINE 48 1696 241741704237300 2802500
LATENCY 2719300
TIMELINE 48 1712 241741748242600 2719300
LATENCY 2754200
TIMELINE 48 1728 241741800350000 2754200
LATENCY 2950600
TIMELINE 48 1744 241741849365700 2950600
LATENCY 2823800
TIMELINE 48 1760 241741894572500 2823800
LATENCY 2640200
TIMELINE 48 1776 241741937746000 2640200
LATENCY 2734900
TIMELINE 48 1792 241741982950200 2734900
LATENCY 2924500
TIMELINE 48 1808 241742029358900 2924500
LATENCY 2575500
TIMELINE 48 1824 241742073388000 2575500
LATENCY 2745600
TIMELINE 48 1840 241742117135600 2745600
LATENCY 2998000
TIMELINE 48 1856 241742163813600 2998000
LATENCY 2747000
TIMELINE 48 1872 241742215237600 2747000
LATENCY 2788100
TIMELINE 48 1888 241742260570600 2788100
LATENCY 2731500
TIMELINE 48 1904 241742305032900 2731500
LATENCY 2767000
TIMELINE 48 1920 241742349066800 2767000
LATENCY 2713400
TIMELINE 48 1936 241742394440800 2713400
LATENCY 2580100
TIMELINE 48 1952 241742437788400 2580100
LATENCY 2685400
TIMELINE 48 1968 241742481826100 2685400
LATENCY 3031700
TIMELINE 48 1984 241742531553400 3031700
LATENCY 3016600
TIMELINE 48 2000 241742585111800 3016600
LATENCY 2561800
TIMELINE 48 2016 241742632249100 2561800
LATENCY 3002100
TIMELINE 48 2032 241742675849100 3002100
LATENCY 2417500
TIMELINE 49 1 241737461139300 2417500
LATENCY 2153600
TIMELINE 49 17 241737500443800 2153600
LATENCY 2190500
TIMELINE 49 33 241737536645300 2190500
LATENCY 2179900
TIMELINE 49 49 241737571783100 2179900
LATENCY 2208400
TIMELINE 49 65 241737606687200 2208400
LATENCY 2310400
TIMELINE 49 81 241737641989200 2310400
LATENCY 2233500
TIMELINE 49 97 241737677083000 2233500
LATENCY 2240100
TIMELINE 49 113 241737713708600 2240100
LATENCY 2368100
TIMELINE 49 129 241737769505800 2368100
LATENCY 2285100
TIMELINE 49 145 241737806345800 2285100
LATENCY 2133700
TIMELINE 49 161 241737842295400 2133700
LATENCY 2148300
TIMELINE 49 177 241737877160600 2148300
LATENCY 2249400
TIMELINE 49 193 241737912874400 2249400
LATENCY 2189300
TIMELINE 49 209 241737949834300 2189300
LATENCY 2317700
TIMELINE 49 225 241737984819500 2317700
LATENCY 2244800
TIMELINE 49 241 241738021310400 2244800
LATENCY 2135700
TIMELINE 49 257 241738057261100 2135700
LATENCY 2215800
TIMELINE 49 273 241738111852800 2215800
LATENCY 2182600
TIMELINE 49 289 241738146877800 2182600
LATENCY 2185100
TIMELINE 49 305 241738181741700 2185100
LATENCY 2116300
TIMELINE 49 321 241738215927000 2116300
LATENCY 2176600
TIMELINE 49 337 241738250224400 2176600
LATENCY 2152500
TIMELINE 49 353 241738286296500 2152500
LATENCY 2168500
TIMELINE 49 369 241738322180100 2168500
LATENCY 2192600
TIMELINE 49 385 241738358319800 2192600
LATENCY 2305500
TIMELINE 49 401 241738411191600 2305500
LATENCY 2172200
TIMELINE 49 417 241738446593700 2172200
LATENCY 2096600
TIMELINE 49 433 241738481318000 2096600
LATENCY 2150100
TIMELINE 49 449 241738516286600 2150100
LATENCY 2223300
TIMELINE 49 465 241738552136400 2223300
LATENCY 2207600
TIMELINE 49 481 241738587933400 2207600
LATENCY 2211100
TIMELINE 49 497 241738623623300 2211100
LATENCY 2154300
TIMELINE 49 513 241738659391200 2154300
LATENCY 2117800
TIMELINE 49 529 241738713646300 2117800
LATENCY 2183100
TIMELINE 49 545 241738748241900 2183100
LATENCY 2153300
TIMELINE 49 561 241738782683500 2153300
LATENCY 2117200
TIMELINE 49 577 241738817206100 2117200
LATENCY 2152700
TIMELINE 49 593 241738852524200 2152700
LATENCY 2115300
TIMELINE 49 609 241738887087600 2115300
LATENCY 2194600
TIMELINE 49 625 241738921867600 2194600
LATENCY 2187500
TIMELINE 49 641 241738957929700 2187500
LATENCY 2444800
TIMELINE 49 657 241738993193400 2444800
LATENCY 2120400
TIMELINE 49 673 241739048964300 2120400
LATENCY 2155500
TIMELINE 49 689 241739083099100 2155500
LATENCY 2338600
TIMELINE 49 705 241739117408400 2338600
LATENCY 2208100
TIMELINE 49 721 241739154222300 2208100
LATENCY 2177900
TIMELINE 49 737 241739189379000 2177900
LATENCY 2265500
TIMELINE 49 753 241739225126900 2265500
LATENCY 2374000
TIMELINE 49 769 241739260668600 2374000
LATENCY 2171200
TIMELINE 49 785 241739296838100 2171200
LATENCY 2220400
TIMELINE 49 801 241739352776600 2220400
LATENCY 2228800
TIMELINE 49 817 241739388524400 2228800
LATENCY 2183500
TIMELINE 49 833 241739424352200 2183500
LATENCY 2258700
TIMELINE 49 849 241739460190500 2258700
LATENCY 2121800
TIMELINE 49 865 241739495164200 2121800
LATENCY 2318400
TIMELINE 49 881 241739529220900 2318400
LATENCY 2239200
TIMELINE 49 897 241739564243800 2239200
LATENCY 2250900
TIMELINE 49 913 241739599962500 2250900
LATENCY 2204700
TIMELINE 49 929 241739654480200 2204700
LATENCY 2178900
TIMELINE 49 945 241739689100500 2178900
LATENCY 2145300
TIMELINE 49 961 241739723561600 2145300
LATENCY 2253100
TIMELINE 49 977 241739758351100 2253100
LATENCY 2139700
TIMELINE 49 993 241739792692500 2139700
LATENCY 2399900
TIMELINE 49 1009 241739829325600 2399900
LATENCY 2234300
TIMELINE 49 1025 241739864965300 2234300
LATENCY 2154600
TIMELINE 49 1041 241739899916300 2154600
LATENCY 2230600
TIMELINE 49 1057 241739935837200 2230600
LATENCY 2148200
TIMELINE 49 1073 241739977037600 2148200
LATENCY 2227800
TIMELINE 49 1089 241740012033200 2227800
LATENCY 2179100
TIMELINE 49 1105 241740047883300 2179100
LATENCY 2270800
TIMELINE 49 1121 241740082713900 2270800
LATENCY 2206800
TIMELINE 49 1137 241740118963400 2206800
LATENCY 2377200
TIMELINE 49 1153 241740154455500 2377200
LATENCY 2127200
TIMELINE 49 1169 241740190027000 2127200
LATENCY 2079800
TIMELINE 49 1185 241740224539900 2079800
LATENCY 2269100
TIMELINE 49 1201 241740264882400 2269100
LATENCY 2110300
TIMELINE 49 1217 241740299360500 2110300
LATENCY 2628600
TIMELINE 49 1233 241740334924600 2628600
LATENCY 3047500
TIMELINE 49 1249 241740382140900 3047500
LATENCY 3113700
TIMELINE 49 1265 241740430287700 3113700
LATENCY 2739500
TIMELINE 49 1281 241740475258900 2739500
LATENCY 2784200
TIMELINE 49 1297 241740522989500 2784200
LATENCY 2986400
TIMELINE 49 1313 241740571526500 2986400
LATENCY 3054300
TIMELINE 49 1329 241740624920400 3054300
LATENCY 2704600
TIMELINE 49 1345 241740675325800 2704600
LATENCY 2711900
TIMELINE 49 1361 241740718848700 2711900
LATENCY 2861500
TIMELINE 49 1377 241740763945200 2861500
LATENCY 2757000
TIMELINE 49 1393 241740808227600 2757000
LATENCY 2615300
TIMELINE 49 1409 241740850518500 2615300
LATENCY 3074400
TIMELINE 49 1425 241740896983500 3074400
LATENCY 3003700
TIMELINE 49 1441 241740945768800 3003700
LATENCY 2578100
TIMELINE 49 1457 241740990967000 2578100
LATENCY 2755200
TIMELINE 49 1473 241741046023200 2755200
LATENCY 2914100
TIMELINE 49 1489 241741092190000 2914100
LATENCY 2944700
TIMELINE 49 1505 241741139634500 2944700
LATENCY 2731500
TIMELINE 49 1521 241741183909700 2731500
LATENCY 2942300
TIMELINE 49 1537 241741227994000 2942300
LATENCY 2777300
TIMELINE 49 1553 241741272411600 2777300
LATENCY 2613600
TIMELINE 49 1569 241741322042000 2613600
LATENCY 2478500
TIMELINE 49 1585 241741370284900 2478500
LATENCY 3081600
TIMELINE 49 1601 241741424840500 3081600
LATENCY 2745000
TIMELINE 49 1617 241741472836000 2745000
LATENCY 3140300
TIMELINE 49 1633 241741519034900 3140300
LATENCY 2764800
TIMELINE 49 1649 241741565365700 2764800
LATENCY 2882300
TIMELINE 49 1665 241741613063600 2882300
LATENCY 2960500
TIMELINE 49 1681 241741660056800 2960500
LATENCY 2714200
TIMELINE 49 1697 241741711123400 2714200
LATENCY 2842800
TIMELINE 49 1713 241741754979400 2842800
LATENCY 2950400
TIMELINE 49 1729 241741807085600 2950400
LATENCY 2718000
TIMELINE 49 1745 241741856313500 2718000
LATENCY 2799100
TIMELINE 49 1761 241741901577900 2799100
LATENCY 2634200
TIMELINE 49 1777 241741944289200 2634200
LATENCY 2996400
TIMELINE 49 1793 241741990029100 2996400
LATENCY 2937300
TIMELINE 49 1809 241742036680800 2937300
LATENCY 2580000
TIMELINE 49 1825 241742079799500 2580000
LATENCY 2761400
TIMELINE 49 1841 241742123937700 2761400
LATENCY 3031200
TIMELINE 49 1857 241742171202200 3031200
LATENCY 2789500
TIMELINE 49 1873 241742222153600 2789500
LATENCY 2747700
TIMELINE 49 1889 241742267569700 2747700
LATENCY 2607800
TIMELINE 49 1905 241742311625800 2607800
LATENCY 2667300
TIMELINE 49 1921 241742355869000 2667300
LATENCY 2720600
TIMELINE 49 1937 241742401597700 2720600
LATENCY 2699800
TIMELINE 49 1953 241742444440600 2699800
LATENCY 2784300
TIMELINE 49 1969 241742488529300 2784300
LATENCY 2944100
TIMELINE 49 1985 241742538941600 2944100
LATENCY 3059300
TIMELINE 49 2001 241742592597400 3059300
LATENCY 2626200
TIMELINE 49 2017 241742638581600 2626200
LATENCY 2781400
TIMELINE 49 2033 241742682848000 2781400
LATENCY 2545600
TIMELINE 50 2 241737463494000 2545600
LATENCY 2178700
TIMELINE 50 18 241737502661100 2178700
LATENCY 2238800
TIMELINE 50 34 241737538720600 2238800
LATENCY 2195000
TIMELINE 50 50 241737573672400 2195000
LATENCY 2177300
TIMELINE 50 66 241737608752400 2177300
LATENCY 2220200
TIMELINE 50 82 241737644057300 2220200
LATENCY 2300200
TIMELINE 50 98 241737679048400 2300200
LATENCY 2310900
TIMELINE 50 114 241737715884700 2310900
LATENCY 2288600
TIMELINE 50 130 241737771841200 2288600
LATENCY 2239800
TIMELINE 50 146 241737808697000 2239800
LATENCY 2102000
TIMELINE 50 162 241737844517000 2102000
LATENCY 2118100
TIMELINE 50 178 241737879247400 2118100
LATENCY 2439600
TIMELINE 50 194 241737915064900 2439600
LATENCY 2219500
TIMELINE 50 210 241737951994600 2219500
LATENCY 2259500
TIMELINE 50 226 241737987110800 2259500
LATENCY 2262700
TIMELINE 50 242 241738023524900 2262700
LATENCY 20269200
TIMELINE 50 258 241738059361700 20269200
LATENCY 2241400
TIMELINE 50 274 241738114263700 2241400
LATENCY 2169500
TIMELINE 50 290 241738149418800 2169500
LATENCY 2190500
TIMELINE 50 306 241738184225500 2190500
LATENCY 2117400
TIMELINE 50 322 241738218332800 2117400
LATENCY 2296600
TIMELINE 50 338 241738252732400 2296600
LATENCY 2084700
TIMELINE 50 354 241738288540900 2084700
LATENCY 2146500
TIMELINE 50 370 241738324411900 2146500
LATENCY 2185100
TIMELINE 50 386 241738360639700 2185100
LATENCY 2200600
TIMELINE 50 402 241738413615200 2200600
LATENCY 2128800
TIMELINE 50 418 241738448800000 2128800
LATENCY 2128400
TIMELINE 50 434 241738483446100 2128400
LATENCY 2130500
TIMELINE 50 450 241738518647200 2130500
LATENCY 2275900
TIMELINE 50 466 241738554486900 2275900
LATENCY 2221300
TIMELINE 50 482 241738590320000 2221300
LATENCY 2205500
TIMELINE 50 498 241738626108300 2205500
LATENCY 2282800
TIMELINE 50 514 241738661724700 2282800
LATENCY 2117800
TIMELINE 50 530 241738716101000 2117800
LATENCY 2188200
TIMELINE 50 546 241738750680000 2188200
LATENCY 2128700
TIMELINE 50 562 241738785035600 2128700
LATENCY 2377500
TIMELINE 50 578 241738819671200 2377500
LATENCY 2137400
TIMELINE 50 594 241738855004300 2137400
LATENCY 2099800
TIMELINE 50 610 241738889553300 2099800
LATENCY 2241200
TIMELINE 50 626 241738924332600 2241200
LATENCY 2268200
TIMELINE 50 642 241738960237100 2268200
LATENCY 21558300
TIMELINE 50 658 241738995742700 21558300
LATENCY 2138400
TIMELINE 50 674 241739051257200 2138400
LATENCY 2138500
TIMELINE 50 690 241739085445800 2138500
LATENCY 2363400
TIMELINE 50 706 241739119992700 2363400
LATENCY 2191800
TIMELINE 50 722 241739156748300 2191800
LATENCY 2186100
TIMELINE 50 738 241739191903800 2186100
LATENCY 2294700
TIMELINE 50 754 241739227775300 2294700
LATENCY 2271000
TIMELINE 50 770 241739263464400 2271000
LATENCY 2246600
TIMELINE 50 786 241739299349800 2246600
LATENCY 2203800
TIMELINE 50 802 241739355500800 2203800
LATENCY 2166100
TIMELINE 50 818 241739391073600 2166100
LATENCY 2279400
TIMELINE 50 834 241739426849700 2279400
LATENCY 2192600
TIMELINE 50 850 241739462625200 2192600
LATENCY 2128600
TIMELINE 50 866 241739497470800 2128600
LATENCY 2099300
TIMELINE 50 882 241739531723800 2099300
LATENCY 2154900
TIMELINE 50 898 241739566676600 2154900
LATENCY 2190700
TIMELINE 50 914 241739602369800 2190700
LATENCY 2147900
TIMELINE 50 930 241739657081800 2147900
LATENCY 2157200
TIMELINE 50 946 241739691671800 2157200
LATENCY 2094000
TIMELINE 50 962 241739726005600 2094000
LATENCY 2149000
TIMELINE 50 978 241739760897200 2149000
LATENCY 2142700
TIMELINE 50 994 241739795129800 2142700
LATENCY 2316100
TIMELINE 50 1010 241739831983400 2316100
LATENCY 2166600
TIMELINE 50 1026 241739867466400 2166600
LATENCY 2189700
TIMELINE 50 1042 241739902302600 2189700
LATENCY 2248300
TIMELINE 50 1058 241739938307300 2248300
LATENCY 2083200
TIMELINE 50 1074 241739979524700 2083200
LATENCY 2356200
TIMELINE 50 1090 241740014624600 2356200
LATENCY 2160100
TIMELINE 50 1106 241740050386000 2160100
LATENCY 2203000
TIMELINE 50 1122 241740085379700 2203000
LATENCY 2198500
TIMELINE 50 1138 241740121641100 2198500
LATENCY 2282200
TIMELINE 50 1154 241740157155000 2282200
LATENCY 2116200
TIMELINE 50 1170 241740192422900 2116200
LATENCY 2307900
TIMELINE 50 1186 241740226867800 2307900
LATENCY 2151600
TIMELINE 50 1202 241740267612400 2151600
LATENCY 2131100
TIMELINE 50 1218 241740301919400 2131100
LATENCY 2626000
TIMELINE 50 1234 241740338127900 2626000
LATENCY 3053300
TIMELINE 50 1250 241740385865000 3053300
LATENCY 2947400
TIMELINE 50 1266 241740433987800 2947400
LATENCY 3078800
TIMELINE 50 1282 241740478474500 3078800
LATENCY 2821000
TIMELINE 50 1298 241740526293300 2821000
LATENCY 3005400
TIMELINE 50 1314 241740575124500 3005400
LATENCY 3162900
TIMELINE 50 1330 241740628563900 3162900
LATENCY 2652000
TIMELINE 50 1346 241740678644100 2652000
LATENCY 2761000
TIMELINE 50 1362 241740722227700 2761000
LATENCY 2716300
TIMELINE 50 1378 241740767443100 2716300
LATENCY 2749000
TIMELINE 50 1394 241740811619400 2749000
LATENCY 2625400
TIMELINE 50 1410 241740853758500 2625400
LATENCY 2998700
TIMELINE 50 1426 241740900782500 2998700
LATENCY 3023900
TIMELINE 50 1442 241740949492300 3023900
LATENCY 2645700
TIMELINE 50 1458 241740994178000 2645700
LATENCY 2862600
TIMELINE 50 1474 241741049577200 2862600
LATENCY 2971700
TIMELINE 50 1490 241741095936600 2971700
LATENCY 2952300
TIMELINE 50 1506 241741143399500 2952300
LATENCY 2727300
TIMELINE 50 1522 241741187401700 2727300
LATENCY 2747800
TIMELINE 50 1538 241741231695600 2747800
LATENCY 4103100
TIMELINE 50 1554 241741276177700 4103100
LATENCY 3076300
TIMELINE 50 1570 241741325053900 3076300
LATENCY 3125600
TIMELINE 50 1586 241741373043000 3125600
LATENCY 3041700
TIMELINE 50 1602 241741428175900 3041700
LATENCY 2782300
TIMELINE 50 1618 241741475798100 2782300
LATENCY 3090500
TIMELINE 50 1634 241741522438500 3090500
LATENCY 2692000
TIMELINE 50 1650 241741568270000 2692000
LATENCY 2912400
TIMELINE 50 1666 241741616113800 2912400
LATENCY 2963000
TIMELINE 50 1682 241741663189000 2963000
LATENCY 2721700
TIMELINE 50 1698 241741714102000 2721700
LATENCY 3040000
TIMELINE 50 1714 241741758050700 3040000
LATENCY 2980200
TIMELINE 50 1730 241741810279200 2980200
LATENCY 2786600
TIMELINE 50 1746 241741859271000 2786600
LATENCY 2755000
TIMELINE 50 1762 241741904610800 2755000
LATENCY 2667300
TIMELINE 50 1778 241741947149000 2667300
LATENCY 2939200
TIMELINE 50 1794 241741993302100 2939200
LATENCY 2937300
TIMELINE 50 1810 241742039875400 2937300
LATENCY 2584300
TIMELINE 50 1826 241742082679600 2584300
LATENCY 2745900
TIMELINE 50 1842 241742126980000 2745900
LATENCY 3103000
TIMELINE 50 1858 241742174526800 3103000
LATENCY 2780000
TIMELINE 50 1874 241742225220200 2780000
LATENCY 2776700
TIMELINE 50 1890 241742270589000 2776700
LATENCY 2930400
TIMELINE 50 1906 241742314595300 2930400
LATENCY 2655500
TIMELINE 50 1922 241742358833900 2655500
LATENCY 2702300
TIMELINE 50 1938 241742404689100 2702300
LATENCY 2755400
TIMELINE 50 1954 241742447530700 2755400
LATENCY 2755300
TIMELINE 50 1970 241742491696900 2755300
LATENCY 2864900
TIMELINE 50 1986 241742542290200 2864900
LATENCY 3019600
TIMELINE 50 2002 241742596083800 3019600
LATENCY 2576200
TIMELINE 50 2018 241742641558600 2576200
LATENCY 2727900
TIMELINE 50 2034 241742685964600 2727900
LATENCY 2419200
TIMELINE 51 3 241737466202100 2419200
LATENCY 2196200
TIMELINE 51 19 241737504961600 2196200
LATENCY 2180800
TIMELINE 51 35 241737540992900 2180800
LATENCY 2156300
TIMELINE 51 51 241737575958400 2156300
LATENCY 2164800
TIMELINE 51 67 241737610764100 2164800
LATENCY 2195800
TIMELINE 51 83 241737646181300 2195800
LATENCY 2263700
TIMELINE 51 99 241737681262800 2263700
LATENCY 2297900
TIMELINE 51 115 241737717847600 2297900
LATENCY 2309400
TIMELINE 51 131 241737773727800 2309400
LATENCY 2280900
TIMELINE 51 147 241737810599400 2280900
LATENCY 2125000
TIMELINE 51 163 241737846271000 2125000
LATENCY 2165600
TIMELINE 51 179 241737881045600 2165600
LATENCY 2344300
TIMELINE 51 195 241737917193300 2344300
LATENCY 2386000
TIMELINE 51 211 241737953898900 2386000
LATENCY 2249000
TIMELINE 51 227 241737989008600 2249000
LATENCY 2292400
TIMELINE 51 243 241738025334600 2292400
LATENCY 2930000
TIMELINE 51 259 241738078961400 2930000
LATENCY 2206300
TIMELINE 51 275 241738115990600 2206300
LATENCY 2166800
TIMELINE 51 291 241738151004100 2166800
LATENCY 2177300
TIMELINE 51 307 241738185906300 2177300
LATENCY 2215400
TIMELINE 51 323 241738219942900 2215400
LATENCY 2205200
TIMELINE 51 339 241738254577200 2205200
LATENCY 2170500
TIMELINE 51 355 241738290368300 2170500
LATENCY 2208000
TIMELINE 51 371 241738326471800 2208000
LATENCY 2179200
TIMELINE 51 387 241738362673700 2179200
LATENCY 2200300
TIMELINE 51 403 241738415757700 2200300
LATENCY 2151900
TIMELINE 51 419 241738450845000 2151900
LATENCY 2177300
TIMELINE 51 435 241738485430400 2177300
LATENCY 2273100
TIMELINE 51 451 241738520630900 2273100
LATENCY 2364000
TIMELINE 51 467 241738556676000 2364000
LATENCY 2284400
TIMELINE 51 483 241738592390800 2284400
LATENCY 2253600
TIMELINE 51 499 241738628005600 2253600
LATENCY 2361600
TIMELINE 51 515 241738663802400 2361600
LATENCY 2128900
TIMELINE 51 531 241738718105700 2128900
LATENCY 2230000
TIMELINE 51 547 241738752750100 2230000
LATENCY 2117900
TIMELINE 51 563 241738787020300 2117900
LATENCY 2472700
TIMELINE 51 579 241738821817400 2472700
LATENCY 2137700
TIMELINE 51 595 241738856965000 2137700
LATENCY 2106300
TIMELINE 51 611 241738891476700 2106300
LATENCY 2206800
TIMELINE 51 627 241738926316700 2206800
LATENCY 2337800
TIMELINE 51 643 241738962597300 2337800
LATENCY 2692500
TIMELINE 51 659 241739017538500 2692500
LATENCY 2132800
TIMELINE 51 675 241739053602900 2132800
LATENCY 2268100
TIMELINE 51 691 241739087803600 2268100
LATENCY 2338100
TIMELINE 51 707 241739122592900 2338100
LATENCY 2197100
TIMELINE 51 723 241739159045900 2197100
LATENCY 2281100
TIMELINE 51 739 241739194221600 2281100
LATENCY 2217700
TIMELINE 51 755 241739230213400 2217700
LATENCY 2310300
TIMELINE 51 771 241739265708500 2310300
LATENCY 2251300
TIMELINE 51 787 241739301794400 2251300
LATENCY 2262100
TIMELINE 51 803 241739357592000 2262100
LATENCY 2264300
TIMELINE 51 819 241739393095800 2264300
LATENCY 2174500
TIMELINE 51 835 241739429101200 2174500
LATENCY 2216200
TIMELINE 51 851 241739464911300 2216200
LATENCY 2154200
TIMELINE 51 867 241739499735200 2154200
LATENCY 2094900
TIMELINE 51 883 241739533951900 2094900
LATENCY 2286000
TIMELINE 51 899 241739568948300 2286000
LATENCY 2204800
TIMELINE 51 915 241739604687000 2204800
LATENCY 2179500
TIMELINE 51 931 241739659296000 2179500
LATENCY 2154900
TIMELINE 51 947 241739693919500 2154900
LATENCY 2150700
TIMELINE 51 963 241739728192400 2150700
LATENCY 2127800
TIMELINE 51 979 241739763170300 2127800
LATENCY 2162000
TIMELINE 51 995 241739797426200 2162000
LATENCY 2256800
TIMELINE 51 1011 241739834419100 2256800
LATENCY 2198800
TIMELINE 51 1027 241739869695700 2198800
LATENCY 2311400
TIMELINE 51 1043 241739904593300 2311400
LATENCY 8187800
TIMELINE 51 1059 241739940495300 8187800
LATENCY 2134500
TIMELINE 51 1075 241739981488900 2134500
LATENCY 2192800
TIMELINE 51 1091 241740016772900 2192800
LATENCY 2170800
TIMELINE 51 1107 241740052341100 2170800
LATENCY 2217500
TIMELINE 51 1123 241740087316000 2217500
LATENCY 2258800
TIMELINE 51 1139 241740123639300 2258800
LATENCY 2252800
TIMELINE 51 1155 241740159351600 2252800
LATENCY 2133400
TIMELINE 51 1171 241740194572700 2133400
LATENCY 2160500
TIMELINE 51 1187 241740229240700 2160500
LATENCY 2133500
TIMELINE 51 1203 241740269829200 2133500
LATENCY 2156800
TIMELINE 51 1219 241740304084100 2156800
LATENCY 2598100
TIMELINE 51 1235 241740340792100 2598100
LATENCY 2877600
TIMELINE 51 1251 241740388971100 2877600
LATENCY 2773400
TIMELINE 51 1267 241740436978600 2773400
LATENCY 3127800
TIMELINE 51 1283 241740481610100 3127800
LATENCY 2847000
TIMELINE 51 1299 241740529155700 2847000
LATENCY 2967800
TIMELINE 51 1315 241740578222800 2967800
LATENCY 3233500
TIMELINE 51 1331 241740631823800 3233500
LATENCY 2649100
TIMELINE 51 1347 241740681213500 2649100
LATENCY 2777500
TIMELINE 51 1363 241740724907400 2777500
LATENCY 2785300
TIMELINE 51 1379 241740770197300 2785300
LATENCY 2702100
TIMELINE 51 1395 241740814404400 2702100
LATENCY 2614400
TIMELINE 51 1411 241740856421400 2614400
LATENCY 2995800
TIMELINE 51 1427 241740903829200 2995800
LATENCY 3036900
TIMELINE 51 1443 241740952565600 3036900
LATENCY 10595200
TIMELINE 51 1459 241740996870200 10595200
LATENCY 2970500
TIMELINE 51 1475 241741052151900 2970500
LATENCY 2948000
TIMELINE 51 1491 241741098614100 2948000
LATENCY 2788300
TIMELINE 51 1507 241741146059200 2788300
LATENCY 2768000
TIMELINE 51 1523 241741189824000 2768000
LATENCY 2694900
TIMELINE 51 1539 241741234135000 2694900
LATENCY 4275800
TIMELINE 51 1555 241741279394600 4275800
LATENCY 2995000
TIMELINE 51 1571 241741327717100 2995000
LATENCY 3088500
TIMELINE 51 1587 241741375808700 3088500
LATENCY 3073300
TIMELINE 51 1603 241741430865200 3073300
LATENCY 2893500
TIMELINE 51 1619 241741478292000 2893500
LATENCY 3048000
TIMELINE 51 1635 241741525188300 3048000
LATENCY 2676200
TIMELINE 51 1651 241741570675900 2676200
LATENCY 2997300
TIMELINE 51 1667 241741618695200 2997300
LATENCY 2967200
TIMELINE 51 1683 241741665776800 2967200
LATENCY 2764500
TIMELINE 51 1699 241741716386700 2764500
LATENCY 3070000
TIMELINE 51 1715 241741760642000 3070000
LATENCY 3358400
TIMELINE 51 1731 241741812823500 3358400
LATENCY 2733300
TIMELINE 51 1747 241741861633100 2733300
LATENCY 2779300
TIMELINE 51 1763 241741906931600 2779300
LATENCY 2646500
TIMELINE 51 1779 241741949418600 2646500
LATENCY 2961100
TIMELINE 51 1795 241741995786900 2961100
LATENCY 2656200
TIMELINE 51 1811 241742042369300 2656200
LATENCY 2623000
TIMELINE 51 1827 241742084835600 2623000
LATENCY 2984600
TIMELINE 51 1843 241742129282600 2984600
LATENCY 8357700
TIMELINE 51 1859 241742177225600 8357700
LATENCY 2803000
TIMELINE 51 1875 241742227582100 2803000
LATENCY 2961800
TIMELINE 51 1891 241742272948800 2961800
LATENCY 2809000
TIMELINE 51 1907 241742317129000 2809000
LATENCY 3040300
TIMELINE 51 1923 241742361134800 3040300
LATENCY 2690200
TIMELINE 51 1939 241742407101600 2690200
LATENCY 2757400
TIMELINE 51 1955 241742449973900 2757400
LATENCY 2781100
TIMELINE 51 1971 241742494149200 2781100
LATENCY 2808800
TIMELINE 51 1987 241742544840400 2808800
LATENCY 3062900
TIMELINE 51 2003 241742598765900 3062900
LATENCY 2576700
TIMELINE 51 2019 241742643858000 2576700
LATENCY 2641100
TIMELINE 51 2035 241742688420200 2641100
LATENCY 2345600
TIMELINE 52 4 241737468657900 2345600
LATENCY 2211200
TIMELINE 52 20 241737507067300 2211200
LATENCY 2162700
TIMELINE 52 36 241737543114600 2162700
LATENCY 2185300
TIMELINE 52 52 241737578087100 2185300
LATENCY 2170500
TIMELINE 52 68 241737612994600 2170500
LATENCY 2251000
TIMELINE 52 84 241737648622600 2251000
LATENCY 2259900
TIMELINE 52 100 241737683790000 2259900
LATENCY 2301900
TIMELINE 52 116 241737720427400 2301900
LATENCY 2265300
TIMELINE 52 132 241737776333800 2265300
LATENCY 2292300
TIMELINE 52 148 241737813072100 2292300
LATENCY 2144900
TIMELINE 52 164 241737848574000 2144900
LATENCY 2157900
TIMELINE 52 180 241737883360900 2157900
LATENCY 2250300
TIMELINE 52 196 241737919717900 2250300
LATENCY 2241700
TIMELINE 52 212 241737956457200 2241700
LATENCY 2213200
TIMELINE 52 228 241737991421800 2213200
LATENCY 2201700
TIMELINE 52 244 241738027880300 2201700
LATENCY 2379400
TIMELINE 52 260 241738082142800 2379400
LATENCY 2187800
TIMELINE 52 276 241738118916700 2187800
LATENCY 2149600
TIMELINE 52 292 241738153918900 2149600
LATENCY 2155200
TIMELINE 52 308 241738188768000 2155200
LATENCY 2043000
TIMELINE 52 324 241738222815900 2043000
LATENCY 2186200
TIMELINE 52 340 241738257407800 2186200
LATENCY 2108900
TIMELINE 52 356 241738293282200 2108900
LATENCY 2386800
TIMELINE 52 372 241738329427100 2386800
LATENCY 2120800
TIMELINE 52 388 241738365594800 2120800
LATENCY 2241300
TIMELINE 52 404 241738418720900 2241300
LATENCY 2095500
TIMELINE 52 420 241738453850200 2095500
LATENCY 2217000
TIMELINE 52 436 241738488587400 2217000
LATENCY 2291500
TIMELINE 52 452 241738523979200 2291500
LATENCY 2173000
TIMELINE 52 468 241738560069900 2173000
LATENCY 2124200
TIMELINE 52 484 241738595638200 2124200
LATENCY 2250500
TIMELINE 52 500 241738631227200 2250500
LATENCY 2181200
TIMELINE 52 516 241738667266900 2181200
LATENCY 2121100
TIMELINE 52 532 241738721124000 2121100
LATENCY 2170000
TIMELINE 52 548 241738756167700 2170000
LATENCY 2193400
TIMELINE 52 564 241738790147200 2193400
LATENCY 2268000
TIMELINE 52 580 241738825528200 2268000
LATENCY 2109300
TIMELINE 52 596 241738860157000 2109300
LATENCY 2118200
TIMELINE 52 612 241738894493500 2118200
LATENCY 2268400
TIMELINE 52 628 241738929493100 2268400
LATENCY 2210100
TIMELINE 52 644 241738965357700 2210100
LATENCY 2341700
TIMELINE 52 660 241739020563400 2341700
LATENCY 2093300
TIMELINE 52 676 241739056004800 2093300
LATENCY 2146100
TIMELINE 52 692 241739090368800 2146100
LATENCY 2302700
TIMELINE 52 708 241739125260100 2302700
LATENCY 2230300
TIMELINE 52 724 241739161531700 2230300
LATENCY 2193700
TIMELINE 52 740 241739196905300 2193700
LATENCY 2182200
TIMELINE 52 756 241739232781600 2182200
LATENCY 2215900
TIMELINE 52 772 241739268591700 2215900
LATENCY 2173400
TIMELINE 52 788 241739304382900 2173400
LATENCY 2298300
TIMELINE 52 804 241739360509600 2298300
LATENCY 2175900
TIMELINE 52 820 241739396053700 2175900
LATENCY 2177500
TIMELINE 52 836 241739431642200 2177500
LATENCY 2336100
TIMELINE 52 852 241739467247400 2336100
LATENCY 2169900
TIMELINE 52 868 241739501981200 2169900
LATENCY 2131800
TIMELINE 52 884 241739536135200 2131800
LATENCY 2188800
TIMELINE 52 900 241739571447200 2188800
LATENCY 2130600
TIMELINE 52 916 241739607101700 2130600
LATENCY 2126600
TIMELINE 52 932 241739661737700 2126600
LATENCY 2143900
TIMELINE 52 948 241739696333000 2143900
LATENCY 2122100
TIMELINE 52 964 241739730624800 2122100
LATENCY 2213700
TIMELINE 52 980 241739765526800 2213700
LATENCY 2174700
TIMELINE 52 996 241739799784100 2174700
LATENCY 2115100
TIMELINE 52 1012 241739837363700 2115100
LATENCY 2161900
TIMELINE 52 1028 241739872562600 2161900
LATENCY 2325400
TIMELINE 52 1044 241739907721000 2325400
LATENCY 2225900
TIMELINE 52 1060 241739949560900 2225900
LATENCY 2021800
TIMELINE 52 1076 241739984617600 2021800
LATENCY 2252700
TIMELINE 52 1092 241740019705400 2252700
LATENCY 2148800
TIMELINE 52 1108 241740055253800 2148800
LATENCY 2188500
TIMELINE 52 1124 241740090137100 2188500
LATENCY 2216500
TIMELINE 52 1140 241740126392300 2216500
LATENCY 2183100
TIMELINE 52 1156 241740162123100 2183100
LATENCY 2112400
TIMELINE 52 1172 241740197143100 2112400
LATENCY 2201300
TIMELINE 52 1188 241740231721900 2201300
LATENCY 2150300
TIMELINE 52 1204 241740272274600 2150300
LATENCY 2131000
TIMELINE 52 1220 241740306569300 2131000
LATENCY 2683500
TIMELINE 52 1236 241740343776600 2683500
LATENCY 2892400
TIMELINE 52 1252 241740392161700 2892400
LATENCY 2834000
TIMELINE 52 1268 241740440123800 2834000
LATENCY 3073800
TIMELINE 52 1284 241740485210200 3073800
LATENCY 2839300
TIMELINE 52 1300 241740532476100 2839300
LATENCY 2901300
TIMELINE 52 1316 241740581653000 2901300
LATENCY 3068600
TIMELINE 52 1332 241740635533900 3068600
LATENCY 2722200
TIMELINE 52 1348 241740684290400 2722200
LATENCY 2718900
TIMELINE 52 1364 241740728134300 2718900
LATENCY 2779500
TIMELINE 52 1380 241740773364900 2779500
LATENCY 2573000
TIMELINE 52 1396 241740817466700 2573000
LATENCY 2643500
TIMELINE 52 1412 241740859351400 2643500
LATENCY 3029600
TIMELINE 52 1428 241740907216000 3029600
LATENCY 3009200
TIMELINE 52 1444 241740955993300 3009200
LATENCY 6367900
TIMELINE 52 1460 241741007776100 6367900
LATENCY 2902000
TIMELINE 52 1476 241741055210600 2902000
LATENCY 2957000
TIMELINE 52 1492 241741101650800 2957000
LATENCY 3020900
TIMELINE 52 1508 241741148935800 3020900
LATENCY 2725700
TIMELINE 52 1524 241741192661500 2725700
LATENCY 2751200
TIMELINE 52 1540 241741236907300 2751200
LATENCY 2770500
TIMELINE 52 1556 241741283755800 2770500
LATENCY 2980000
TIMELINE 52 1572 241741330803100 2980000
LATENCY 3110900
TIMELINE 52 1588 241741378939300 3110900
LATENCY 3096500
TIMELINE 52 1604 241741433988400 3096500
LATENCY 2678200
TIMELINE 52 1620 241741481231800 2678200
LATENCY 3054200
TIMELINE 52 1636 241741528284500 3054200
LATENCY 2722700
TIMELINE 52 1652 241741573530500 2722700
LATENCY 2906700
TIMELINE 52 1668 241741621899000 2906700
LATENCY 2978200
TIMELINE 52 1684 241741668995800 2978200
LATENCY 2694000
TIMELINE 52 1700 241741719373800 2694000
LATENCY 3063200
TIMELINE 52 1716 241741763936100 3063200
LATENCY 3522700
TIMELINE 52 1732 241741816420300 3522700
LATENCY 2739200
TIMELINE 52 1748 241741864585300 2739200
LATENCY 2685600
TIMELINE 52 1764 241741909934000 2685600
LATENCY 2687600
TIMELINE 52 1780 241741952277000 2687600
LATENCY 2973100
TIMELINE 52 1796 241741999002300 2973100
LATENCY 2775600
TIMELINE 52 1812 241742045255000 2775600
LATENCY 2573900
TIMELINE 52 1828 241742087664500 2573900
LATENCY 2945500
TIMELINE 52 1844 241742132567800 2945500
LATENCY 2713800
TIMELINE 52 1860 241742185844500 2713800
LATENCY 2744000
TIMELINE 52 1876 241742230659300 2744000
LATENCY 2793400
TIMELINE 52 1892 241742276268800 2793400
LATENCY 2733900
TIMELINE 52 1908 241742320179600 2733900
LATENCY 2911100
TIMELINE 52 1924 241742364391800 2911100
LATENCY 2630000
TIMELINE 52 1940 241742409904900 2630000
LATENCY 2733600
TIMELINE 52 1956 241742452860100 2733600
LATENCY 2742400
TIMELINE 52 1972 241742497034200 2742400
LATENCY 2857000
TIMELINE 52 1988 241742547769300 2857000
LATENCY 4100400
TIMELINE 52 2004 241742601949300 4100400
LATENCY 2652500
TIMELINE 52 2020 241742646602700 2652500
LATENCY 2640800
TIMELINE 52 2036 241742691108200 2640800
LATENCY 2865500
TIMELINE 53 5 241737471040300 2865500
LATENCY 2230900
TIMELINE 53 21 241737509380200 2230900
LATENCY 2152000
TIMELINE 53 37 241737545375000 2152000
LATENCY 2142700
TIMELINE 53 53 241737580341000 2142700
LATENCY 2155400
TIMELINE 53 69 241737615199000 2155400
LATENCY 2205000
TIMELINE 53 85 241737650602500 2205000
LATENCY 2335700
TIMELINE 53 101 241737685783600 2335700
LATENCY 2265700
TIMELINE 53 117 241737722516200 2265700
LATENCY 2223400
TIMELINE 53 133 241737778336900 2223400
LATENCY 2226600
TIMELINE 53 149 241737815064000 2226600
LATENCY 2141800
TIMELINE 53 165 241737850426900 2141800
LATENCY 2146800
TIMELINE 53 181 241737885253500 2146800
LATENCY 2449100
TIMELINE 53 197 241737921607300 2449100
LATENCY 2244500
TIMELINE 53 213 241737958276600 2244500
LATENCY 2303400
TIMELINE 53 229 241737993208000 2303400
LATENCY 2299800
TIMELINE 53 245 241738029928000 2299800
LATENCY 2294800
TIMELINE 53 261 241738084265200 2294800
LATENCY 2237400
TIMELINE 53 277 241738120276300 2237400
LATENCY 2107100
TIMELINE 53 293 241738155285100 2107100
LATENCY 2129900
TIMELINE 53 309 241738190143400 2129900
LATENCY 2053600
TIMELINE 53 325 241738224105100 2053600
LATENCY 2204700
TIMELINE 53 341 241738258817800 2204700
LATENCY 2194200
TIMELINE 53 357 241738294481500 2194200
LATENCY 2397300
TIMELINE 53 373 241738330546900 2397300
LATENCY 2145700
TIMELINE 53 389 241738366621000 2145700
LATENCY 2212800
TIMELINE 53 405 241738419832000 2212800
LATENCY 2202400
TIMELINE 53 421 241738454802400 2202400
LATENCY 2386300
TIMELINE 53 437 241738489554900 2386300
LATENCY 2284100
TIMELINE 53 453 241738525097200 2284100
LATENCY 2218700
TIMELINE 53 469 241738561079000 2218700
LATENCY 2253300
TIMELINE 53 485 241738596715500 2253300
LATENCY 2247100
TIMELINE 53 501 241738632523700 2247100
LATENCY 2126800
TIMELINE 53 517 241738668411600 2126800
LATENCY 2146900
TIMELINE 53 533 241738722177500 2146900
LATENCY 2120300
TIMELINE 53 549 241738757146400 2120300
LATENCY 2278200
TIMELINE 53 565 241738791100000 2278200
LATENCY 2247300
TIMELINE 53 581 241738826519800 2247300
LATENCY 2127300
TIMELINE 53 597 241738861076300 2127300
LATENCY 2099500
TIMELINE 53 613 241738895525100 2099500
LATENCY 2172500
TIMELINE 53 629 241738930675300 2172500
LATENCY 2187700
TIMELINE 53 645 241738966925300 2187700
LATENCY 2492700
TIMELINE 53 661 241739022182900 2492700
LATENCY 2110300
TIMELINE 53 677 241739057504500 2110300
LATENCY 2128100
TIMELINE 53 693 241739091878900 2128100
LATENCY 2416000
TIMELINE 53 709 241739126865100 2416000
LATENCY 2166900
TIMELINE 53 725 241739163121300 2166900
LATENCY 2225600
TIMELINE 53 741 241739198414900 2225600
LATENCY 2179300
TIMELINE 53 757 241739234253800 2179300
LATENCY 2263000
TIMELINE 53 773 241739270143800 2263000
LATENCY 2204800
TIMELINE 53 789 241739305984400 2204800
LATENCY 2264000
TIMELINE 53 805 241739361929000 2264000
LATENCY 2209500
TIMELINE 53 821 241739397567500 2209500
LATENCY 2212500
TIMELINE 53 837 241739433267200 2212500
LATENCY 2201900
TIMELINE 53 853 241739469111600 2201900
LATENCY 2141400
TIMELINE 53 869 241739503710200 2141400
LATENCY 2129600
TIMELINE 53 885 241739537829200 2129600
LATENCY 2193100
TIMELINE 53 901 241739573111000 2193100
LATENCY 2109900
TIMELINE 53 917 241739608723300 2109900
LATENCY 2129400
TIMELINE 53 933 241739663291400 2129400
LATENCY 2159000
TIMELINE 53 949 241739697817000 2159000
LATENCY 2141600
TIMELINE 53 965 241739732068900 2141600
LATENCY 2204100
TIMELINE 53 981 241739767025500 2204100
LATENCY 2143400
TIMELINE 53 997 241739801290700 2143400
LATENCY 2121100
TIMELINE 53 1013 241739838339600 2121100
LATENCY 2110800
TIMELINE 53 1029 241739873614300 2110800
LATENCY 2399300
TIMELINE 53 1045 241739908762200 2399300
LATENCY 2211800
TIMELINE 53 1061 241739950515900 2211800
LATENCY 2089300
TIMELINE 53 1077 241739985338900 2089300
LATENCY 2277900
TIMELINE 53 1093 241740020776500 2277900
LATENCY 2209600
TIMELINE 53 1109 241740056246000 2209600
LATENCY 2194400
TIMELINE 53 1125 241740091357500 2194400
LATENCY 2214400
TIMELINE 53 1141 241740127653100 2214400
LATENCY 2204000
TIMELINE 53 1157 241740163339100 2204000
LATENCY 2129100
TIMELINE 53 1173 241740198348300 2129100
LATENCY 2251000
TIMELINE 53 1189 241740233517600 2251000
LATENCY 2122900
TIMELINE 53 1205 241740274081500 2122900
LATENCY 2091000
TIMELINE 53 1221 241740308417200 2091000
LATENCY 2613700
TIMELINE 53 1237 241740346111300 2613700
LATENCY 2927500
TIMELINE 53 1253 241740394657000 2927500
LATENCY 2821100
TIMELINE 53 1269 241740442556200 2821100
LATENCY 3081200
TIMELINE 53 1285 241740487842700 3081200
LATENCY 2810500
TIMELINE 53 1301 241740534931000 2810500
LATENCY 2954800
TIMELINE 53 1317 241740584063100 2954800
LATENCY 3084700
TIMELINE 53 1333 241740638073400 3084700
LATENCY 2761500
TIMELINE 53 1349 241740686603100 2761500
LATENCY 2756700
TIMELINE 53 1365 241740730437600 2756700
LATENCY 2735600
TIMELINE 53 1381 241740775813100 2735600
LATENCY 2609600
TIMELINE 53 1397 241740819764000 2609600
LATENCY 2613000
TIMELINE 53 1413 241740861713700 2613000
LATENCY 3072800
TIMELINE 53 1429 241740909905800 3072800
LATENCY 2737500
TIMELINE 53 1445 241740958665600 2737500
LATENCY 2735500
TIMELINE 53 1461 241741014342200 2735500
LATENCY 2978800
TIMELINE 53 1477 241741058246500 2978800
LATENCY 2966200
TIMELINE 53 1493 241741104693600 2966200
LATENCY 2786500
TIMELINE 53 1509 241741152010200 2786500
LATENCY 2800900
TIMELINE 53 1525 241741195459600 2800900
LATENCY 2712100
TIMELINE 53 1541 241741239732100 2712100
LATENCY 2795700
TIMELINE 53 1557 241741286645500 2795700
LATENCY 2981500
TIMELINE 53 1573 241741333924300 2981500
LATENCY 3111800
TIMELINE 53 1589 241741382271300 3111800
LATENCY 3072100
TIMELINE 53 1605 241741437301500 3072100
LATENCY 2786300
TIMELINE 53 1621 241741484110500 2786300
LATENCY 2734800
TIMELINE 53 1637 241741531438200 2734800
LATENCY 2957200
TIMELINE 53 1653 241741576471800 2957200
LATENCY 2918400
TIMELINE 53 1669 241741625013300 2918400
LATENCY 2955900
TIMELINE 53 1685 241741672189600 2955900
LATENCY 2727700
TIMELINE 53 1701 241741722248100 2727700
LATENCY 3043700
TIMELINE 53 1717 241741767147400 3043700
LATENCY 2724100
TIMELINE 53 1733 241741820046000 2724100
LATENCY 2729600
TIMELINE 53 1749 241741867455700 2729600
LATENCY 2598500
TIMELINE 53 1765 241741912731600 2598500
LATENCY 2638100
TIMELINE 53 1781 241741955070700 2638100
LATENCY 2924900
TIMELINE 53 1797 241742002096100 2924900
LATENCY 2994100
TIMELINE 53 1813 241742048153600 2994100
LATENCY 3031800
TIMELINE 53 1829 241742090331400 3031800
LATENCY 2991800
TIMELINE 53 1845 241742135565200 2991800
LATENCY 2807100
TIMELINE 53 1861 241742188604400 2807100
LATENCY 2864600
TIMELINE 53 1877 241742233449300 2864600
LATENCY 2727100
TIMELINE 53 1893 241742279110200 2727100
LATENCY 2738400
TIMELINE 53 1909 241742322953800 2738400
LATENCY 3022800
TIMELINE 53 1925 241742367355800 3022800
LATENCY 2677100
TIMELINE 53 1941 241742412617100 2677100
LATENCY 2871600
TIMELINE 53 1957 241742455670300 2871600
LATENCY 6277500
TIMELINE 53 1973 241742499856000 6277500
LATENCY 3036200
TIMELINE 53 1989 241742550706600 3036200
LATENCY 3810200
TIMELINE 53 2005 241742606272000 3810200
LATENCY 2607500
TIMELINE 53 2021 241742649373200 2607500
LATENCY 2609500
TIMELINE 53 2037 241742693863700 2609500
LATENCY 2654800
TIMELINE 54 6 241737473809900 2654800
LATENCY 2538600
TIMELINE 54 22 241737511581500 2538600
LATENCY 2172400
TIMELINE 54 38 241737547562700 2172400
LATENCY 2186600
TIMELINE 54 54 241737582520200 2186600
LATENCY 2147600
TIMELINE 54 70 241737617390300 2147600
LATENCY 2185400
TIMELINE 54 86 241737653053500 2185400
LATENCY 2295800
TIMELINE 54 102 241737688376300 2295800
LATENCY 2281000
TIMELINE 54 118 241737724975300 2281000
LATENCY 2267400
TIMELINE 54 134 241737780789200 2267400
LATENCY 2232900
TIMELINE 54 150 241737817530200 2232900
LATENCY 2211700
TIMELINE 54 166 241737852809300 2211700
LATENCY 2201500
TIMELINE 54 182 241737887640900 2201500
LATENCY 2187800
TIMELINE 54 198 241737924354500 2187800
LATENCY 2158500
TIMELINE 54 214 241737960863900 2158500
LATENCY 2268500
TIMELINE 54 230 241737995811700 2268500
LATENCY 2323600
TIMELINE 54 246 241738032289700 2323600
LATENCY 2272400
TIMELINE 54 262 241738086744400 2272400
LATENCY 2215200
TIMELINE 54 278 241738123701200 2215200
LATENCY 2120600
TIMELINE 54 294 241738158574900 2120600
LATENCY 2117100
TIMELINE 54 310 241738193480300 2117100
LATENCY 2085300
TIMELINE 54 326 241738227355500 2085300
LATENCY 2207900
TIMELINE 54 342 241738262308500 2207900
LATENCY 2223700
TIMELINE 54 358 241738298034300 2223700
LATENCY 2180300
TIMELINE 54 374 241738334378500 2180300
LATENCY 2106900
TIMELINE 54 390 241738370160300 2106900
LATENCY 2124600
TIMELINE 54 406 241738423459700 2124600
LATENCY 2200900
TIMELINE 54 422 241738458469600 2200900
LATENCY 2345800
TIMELINE 54 438 241738493022300 2345800
LATENCY 2254400
TIMELINE 54 454 241738528630600 2254400
LATENCY 2222900
TIMELINE 54 470 241738564594500 2222900
LATENCY 2154100
TIMELINE 54 486 241738600460400 2154100
LATENCY 2206100
TIMELINE 54 502 241738635980500 2206100
LATENCY 2136500
TIMELINE 54 518 241738671554500 2136500
LATENCY 2292800
TIMELINE 54 534 241738725275100 2292800
LATENCY 2061800
TIMELINE 54 550 241738760274900 2061800
LATENCY 2140400
TIMELINE 54 566 241738794429000 2140400
LATENCY 2174300
TIMELINE 54 582 241738829780900 2174300
LATENCY 2159600
TIMELINE 54 598 241738864202400 2159600
LATENCY 2129800
TIMELINE 54 614 241738898679700 2129800
LATENCY 2201000
TIMELINE 54 630 241738933753100 2201000
LATENCY 2220800
TIMELINE 54 646 241738969529500 2220800
LATENCY 2485600
TIMELINE 54 662 241739025200200 2485600
LATENCY 2105700
TIMELINE 54 678 241739060050000 2105700
LATENCY 2131600
TIMELINE 54 694 241739094441300 2131600
LATENCY 2303500
TIMELINE 54 710 241739129860600 2303500
LATENCY 2309600
TIMELINE 54 726 241739165805400 2309600
LATENCY 2285300
TIMELINE 54 742 241739201238900 2285300
LATENCY 2273400
TIMELINE 54 758 241739237049700 2273400
LATENCY 2251200
TIMELINE 54 774 241739273001800 2251200
LATENCY 2314300
TIMELINE 54 790 241739308625200 2314300
LATENCY 2234700
TIMELINE 54 806 241739364548900 2234700
LATENCY 2312300
TIMELINE 54 822 241739400329600 2312300
LATENCY 2276500
TIMELINE 54 838 241739436193500 2276500
LATENCY 2297000
TIMELINE 54 854 241739471911600 2297000
LATENCY 2111300
TIMELINE 54 870 241739506396700 2111300
LATENCY 2154500
TIMELINE 54 886 241739540521900 2154500
LATENCY 2221500
TIMELINE 54 902 241739575848600 2221500
LATENCY 2101700
TIMELINE 54 918 241739611382900 2101700
LATENCY 2145400
TIMELINE 54 934 241739665832700 2145400
LATENCY 2126800
TIMELINE 54 950 241739700432100 2126800
LATENCY 2140200
TIMELINE 54 966 241739734711200 2140200
LATENCY 2119400
TIMELINE 54 982 241739769766400 2119400
LATENCY 2117100
TIMELINE 54 998 241739803991700 2117100
LATENCY 2311400
TIMELINE 54 1014 241739841384200 2311400
LATENCY 2134000
TIMELINE 54 1030 241739876579000 2134000
LATENCY 2212900
TIMELINE 54 1046 241739912044200 2212900
LATENCY 2207100
TIMELINE 54 1062 241739953880000 2207100
LATENCY 2097200
TIMELINE 54 1078 241739988476700 2097200
LATENCY 2231700
TIMELINE 54 1094 241740024021200 2231700
LATENCY 2216000
TIMELINE 54 1110 241740059421900 2216000
LATENCY 2704100
TIMELINE 54 1126 241740094562000 2704100
LATENCY 2199600
TIMELINE 54 1142 241740131086900 2199600
LATENCY 2226000
TIMELINE 54 1158 241740166762700 2226000
LATENCY 2127900
TIMELINE 54 1174 241740201683800 2127900
LATENCY 2329000
TIMELINE 54 1190 241740236625300 2329000
LATENCY 2161900
TIMELINE 54 1206 241740276871800 2161900
LATENCY 2150700
TIMELINE 54 1222 241740311144400 2150700
LATENCY 3472500
TIMELINE 54 1238 241740349712500 3472500
LATENCY 2904700
TIMELINE 54 1254 241740398385300 2904700
LATENCY 2993000
TIMELINE 54 1270 241740446148700 2993000
LATENCY 2869400
TIMELINE 54 1286 241740491809300 2869400
LATENCY 2824600
TIMELINE 54 1302 241740538504200 2824600
LATENCY 2900300
TIMELINE 54 1318 241740587816700 2900300
LATENCY 3192700
TIMELINE 54 1334 241740641974600 3192700
LATENCY 2790900
TIMELINE 54 1350 241740690208900 2790900
LATENCY 2747500
TIMELINE 54 1366 241740734047200 2747500
LATENCY 2736800
TIMELINE 54 1382 241740779485000 2736800
LATENCY 2616100
TIMELINE 54 1398 241740823212000 2616100
LATENCY 3089200
TIMELINE 54 1414 241740865159700 3089200
LATENCY 3031000
TIMELINE 54 1430 241740913938500 3031000
LATENCY 2772900
TIMELINE 54 1446 241740962198800 2772900
LATENCY 2753100
TIMELINE 54 1462 241741016209500 2753100
LATENCY 2939900
TIMELINE 54 1478 241741060364000 2939900
LATENCY 2972600
TIMELINE 54 1494 241741106802300 2972600
LATENCY 2719400
TIMELINE 54 1510 241741154011000 2719400
LATENCY 2723900
TIMELINE 54 1526 241741197469000 2723900
LATENCY 2774200
TIMELINE 54 1542 241741241655100 2774200
LATENCY 2960900
TIMELINE 54 1558 241741289112800 2960900
LATENCY 3068200
TIMELINE 54 1574 241741336574700 3068200
LATENCY 3097600
TIMELINE 54 1590 241741385041200 3097600
LATENCY 3057100
TIMELINE 54 1606 241741440024700 3057100
LATENCY 2906900
TIMELINE 54 1622 241741486555600 2906900
LATENCY 2783800
TIMELINE 54 1638 241741533826900 2783800
LATENCY 3024200
TIMELINE 54 1654 241741578849600 3024200
LATENCY 2910600
TIMELINE 54 1670 241741627347700 2910600
LATENCY 2941700
TIMELINE 54 1686 241741674559800 2941700
LATENCY 2738800
TIMELINE 54 1702 241741724483600 2738800
LATENCY 2995100
TIMELINE 54 1718 241741769636400 2995100
LATENCY 2716600
TIMELINE 54 1734 241741822275500 2716600
LATENCY 2724800
TIMELINE 54 1750 241741869359200 2724800
LATENCY 2605700
TIMELINE 54 1766 241741914533100 2605700
LATENCY 2668000
TIMELINE 54 1782 241741956932200 2668000
LATENCY 2934500
TIMELINE 54 1798 241742004112700 2934500
LATENCY 2750100
TIMELINE 54 1814 241742050293400 2750100
LATENCY 2617100
TIMELINE 54 1830 241742092565600 2617100
LATENCY 2966600
TIMELINE 54 1846 241742137667000 2966600
LATENCY 2947000
TIMELINE 54 1862 241742190479400 2947000
LATENCY 2779900
TIMELINE 54 1878 241742235362100 2779900
LATENCY 2683000
TIMELINE 54 1894 241742280929500 2683000
LATENCY 2705200
TIMELINE 54 1910 241742324825200 2705200
LATENCY 3073900
TIMELINE 54 1926 241742369356600 3073900
LATENCY 2702800
TIMELINE 54 1942 241742414469600 2702800
LATENCY 2734200
TIMELINE 54 1958 241742457682400 2734200
LATENCY 3344700
TIMELINE 54 1974 241742504741700 3344700
LATENCY 3143500
TIMELINE 54 1990 241742552728100 3143500
LATENCY 2724300
TIMELINE 54 2006 241742609245400 2724300
LATENCY 2757300
TIMELINE 54 2022 241742651157100 2757300
LATENCY 2606200
TIMELINE 54 2038 241742695635300 2606200
LATENCY 2436600
TIMELINE 55 7 241737476693900 2436600
LATENCY 2315000
TIMELINE 55 23 241737514221900 2315000
LATENCY 2186100
TIMELINE 55 39 241737549825900 2186100
LATENCY 2321600
TIMELINE 55 55 241737584798300 2321600
LATENCY 2135700
TIMELINE 55 71 241737619635700 2135700
LATENCY 2175800
TIMELINE 55 87 241737655149600 2175800
LATENCY 2267000
TIMELINE 55 103 241737690614100 2267000
LATENCY 2251400
TIMELINE 55 119 241737727163700 2251400
LATENCY 2339000
TIMELINE 55 135 241737783157900 2339000
LATENCY 2191800
TIMELINE 55 151 241737819858500 2191800
LATENCY 2162100
TIMELINE 55 167 241737855122600 2162100
LATENCY 2424700
TIMELINE 55 183 241737889943400 2424700
LATENCY 2364700
TIMELINE 55 199 241737926696600 2364700
LATENCY 2187000
TIMELINE 55 215 241737963179500 2187000
LATENCY 2273000
TIMELINE 55 231 241737998242000 2273000
LATENCY 2176400
TIMELINE 55 247 241738034783100 2176400
LATENCY 2639800
TIMELINE 55 263 241738089190600 2639800
LATENCY 2202300
TIMELINE 55 279 241738125441600 2202300
LATENCY 2131800
TIMELINE 55 295 241738160380900 2131800
LATENCY 2121700
TIMELINE 55 311 241738195259500 2121700
LATENCY 2112100
TIMELINE 55 327 241738229112500 2112100
LATENCY 2177700
TIMELINE 55 343 241738264121800 2177700
LATENCY 2432100
TIMELINE 55 359 241738299933700 2432100
LATENCY 2183500
TIMELINE 55 375 241738336220200 2183500
LATENCY 20115300
TIMELINE 55 391 241738371921300 20115300
LATENCY 2193200
TIMELINE 55 407 241738425186800 2193200
LATENCY 2099300
TIMELINE 55 423 241738460506700 2099300
LATENCY 2199400
TIMELINE 55 439 241738495188300 2199400
LATENCY 2217900
TIMELINE 55 455 241738530858200 2217900
LATENCY 2173600
TIMELINE 55 471 241738566674500 2173600
LATENCY 2322500
TIMELINE 55 487 241738602471600 2322500
LATENCY 2180000
TIMELINE 55 503 241738638101400 2180000
LATENCY 2097600
TIMELINE 55 519 241738673857900 2097600
LATENCY 2145900
TIMELINE 55 535 241738727857700 2145900
LATENCY 2054100
TIMELINE 55 551 241738762780500 2054100
LATENCY 2134100
TIMELINE 55 567 241738796999500 2134100
LATENCY 2106900
TIMELINE 55 583 241738832445300 2106900
LATENCY 2328300
TIMELINE 55 599 241738866906100 2328300
LATENCY 2106600
TIMELINE 55 615 241738901395000 2106600
LATENCY 2387900
TIMELINE 55 631 241738936624800 2387900
LATENCY 2187200
TIMELINE 55 647 241738972809800 2187200
LATENCY 2188200
TIMELINE 55 663 241739028909100 2188200
LATENCY 2145800
TIMELINE 55 679 241739063360900 2145800
LATENCY 2136000
TIMELINE 55 695 241739097758100 2136000
LATENCY 2287400
TIMELINE 55 711 241739133429200 2287400
LATENCY 2172100
TIMELINE 55 727 241739169321400 2172100
LATENCY 2229700
TIMELINE 55 743 241739204694500 2229700
LATENCY 2305800
TIMELINE 55 759 241739240342300 2305800
LATENCY 2376800
TIMELINE 55 775 241739276552100 2376800
LATENCY 21809700
TIMELINE 55 791 241739312263900 21809700
LATENCY 2221200
TIMELINE 55 807 241739368048200 2221200
LATENCY 2217900
TIMELINE 55 823 241739403873200 2217900
LATENCY 2182800
TIMELINE 55 839 241739439564400 2182800
LATENCY 2160000
TIMELINE 55 855 241739475322400 2160000
LATENCY 2085900
TIMELINE 55 871 241739509572500 2085900
LATENCY 2120200
TIMELINE 55 887 241739543715500 2120200
LATENCY 2203700
TIMELINE 55 903 241739579092000 2203700
LATENCY 2139000
TIMELINE 55 919 241739614517700 2139000
LATENCY 2136700
TIMELINE 55 935 241739669131000 2136700
LATENCY 2137900
TIMELINE 55 951 241739703763400 2137900
LATENCY 2127500
TIMELINE 55 967 241739738113500 2127500
LATENCY 2142400
TIMELINE 55 983 241739773157500 2142400
LATENCY 2094900
TIMELINE 55 999 241739807352200 2094900
LATENCY 2281700
TIMELINE 55 1015 241739844765200 2281700
LATENCY 2177300
TIMELINE 55 1031 241739879734000 2177300
LATENCY 2226400
TIMELINE 55 1047 241739915353100 2226400
LATENCY 2175000
TIMELINE 55 1063 241739957137000 2175000
LATENCY 2134300
TIMELINE 55 1079 241739991473600 2134300
LATENCY 2167700
TIMELINE 55 1095 241740027187600 2167700
LATENCY 2157700
TIMELINE 55 1111 241740062491000 2157700
LATENCY 2194000
TIMELINE 55 1127 241740097768500 2194000
LATENCY 2208200
TIMELINE 55 1143 241740133601600 2208200
LATENCY 2178200
TIMELINE 55 1159 241740169485800 2178200
LATENCY 2383500
TIMELINE 55 1175 241740204302700 2383500
LATENCY 7780100
TIMELINE 55 1191 241740239549300 7780100
LATENCY 2132900
TIMELINE 55 1207 241740279597700 2132900
LATENCY 2212200
TIMELINE 55 1223 241740313905500 2212200
LATENCY 3025300
TIMELINE 55 1239 241740353975700 3025300
LATENCY 2793200
TIMELINE 55 1255 241740402049800 2793200
LATENCY 2910000
TIMELINE 55 1271 241740449942200 2910000
LATENCY 3032500
TIMELINE 55 1287 241740495437600 3032500
LATENCY 2786900
TIMELINE 55 1303 241740542045200 2786900
LATENCY 2992100
TIMELINE 55 1319 241740591518500 2992100
LATENCY 2696500
TIMELINE 55 1335 241740645953900 2696500
LATENCY 2678900
TIMELINE 55 1351 241740693577400 2678900
LATENCY 2755500
TIMELINE 55 1367 241740737355700 2755500
LATENCY 2767200
TIMELINE 55 1383 241740782513900 2767200
LATENCY 2703600
TIMELINE 55 1399 241740826111800 2703600
LATENCY 3067800
TIMELINE 55 1415 241740868600700 3067800
LATENCY 2999300
TIMELINE 55 1431 241740917307700 2999300
LATENCY 2830600
TIMELINE 55 1447 241740965320400 2830600
LATENCY 2676400
TIMELINE 55 1463 241741019247000 2676400
LATENCY 2944000
TIMELINE 55 1479 241741063629600 2944000
LATENCY 2951300
TIMELINE 55 1495 241741110189900 2951300
LATENCY 2678000
TIMELINE 55 1511 241741157149200 2678000
LATENCY 2781100
TIMELINE 55 1527 241741200612600 2781100
LATENCY 2767500
TIMELINE 55 1543 241741244854200 2767500
LATENCY 3051700
TIMELINE 55 1559 241741291703000 3051700
LATENCY 3062300
TIMELINE 55 1575 241741339302300 3062300
LATENCY 3148200
TIMELINE 55 1591 241741387736700 3148200
LATENCY 3072200
TIMELINE 55 1607 241741442696800 3072200
LATENCY 2817600
TIMELINE 55 1623 241741489139600 2817600
LATENCY 2750700
TIMELINE 55 1639 241741536256000 2750700
LATENCY 4276200
TIMELINE 55 1655 241741581510500 4276200
LATENCY 2932600
TIMELINE 55 1671 241741629965900 2932600
LATENCY 2969100
TIMELINE 55 1687 241741677210100 2969100
LATENCY 2735600
TIMELINE 55 1703 241741726962700 2735600
LATENCY 3038900
TIMELINE 55 1719 241741772420000 3038900
LATENCY 2835000
TIMELINE 55 1735 241741824816000 2835000
LATENCY 2810000
TIMELINE 55 1751 241741872221200 2810000
LATENCY 2652700
TIMELINE 55 1767 241741917280200 2652700
LATENCY 2574000
TIMELINE 55 1783 241741959749200 2574000
LATENCY 2642600
TIMELINE 55 1799 241742007196800 2642600
LATENCY 2690700
TIMELINE 55 1815 241742053109800 2690700
LATENCY 2809100
TIMELINE 55 1831 241742095288100 2809100
LATENCY 2972700
TIMELINE 55 1847 241742140719300 2972700
LATENCY 2822900
TIMELINE 55 1863 241742193543700 2822900
LATENCY 2955400
TIMELINE 55 1879 241742238264400 2955400
LATENCY 2754700
TIMELINE 55 1895 241742283742900 2754700
LATENCY 2861400
TIMELINE 55 1911 241742327673000 2861400
LATENCY 2885500
TIMELINE 55 1927 241742372556700 2885500
LATENCY 2650900
TIMELINE 55 1943 241742417251400 2650900
LATENCY 2714800
TIMELINE 55 1959 241742460503300 2714800
LATENCY 2826600
TIMELINE 55 1975 241742508166100 2826600
LATENCY 3026700
TIMELINE 55 1991 241742555921400 3026700
LATENCY 2727200
TIMELINE 55 2007 241742612011100 2727200
LATENCY 2883600
TIMELINE 55 2023 241742653999500 2883600
LATENCY 2617700
TIMELINE 55 2039 241742698421500 2617700
LATENCY 2317500
TIMELINE 56 8 241737479510600 2317500
LATENCY 2236100
TIMELINE 56 24 241737516732500 2236100
LATENCY 2144200
TIMELINE 56 40 241737552161400 2144200
LATENCY 2151500
TIMELINE 56 56 241737587266200 2151500
LATENCY 2120400
TIMELINE 56 72 241737621918200 2120400
LATENCY 2196600
TIMELINE 56 88 241737657517500 2196600
LATENCY 2278500
TIMELINE 56 104 241737693157800 2278500
LATENCY 2212800
TIMELINE 56 120 241737729627200 2212800
LATENCY 2293800
TIMELINE 56 136 241737785663800 2293800
LATENCY 2159600
TIMELINE 56 152 241737822200200 2159600
LATENCY 2140900
TIMELINE 56 168 241737857403200 2140900
LATENCY 2242900
TIMELINE 56 184 241737892464300 2242900
LATENCY 2457100
TIMELINE 56 200 241737929099600 2457100
LATENCY 2147100
TIMELINE 56 216 241737965399400 2147100
LATENCY 2313200
TIMELINE 56 232 241738000552100 2313200
LATENCY 2243400
TIMELINE 56 248 241738037056400 2243400
LATENCY 2195600
TIMELINE 56 264 241738091485100 2195600
LATENCY 2140200
TIMELINE 56 280 241738127060200 2140200
LATENCY 2094100
TIMELINE 56 296 241738161833900 2094100
LATENCY 2134900
TIMELINE 56 312 241738196687500 2134900
LATENCY 2096300
TIMELINE 56 328 241738230518700 2096300
LATENCY 2451300
TIMELINE 56 344 241738265573500 2451300
LATENCY 2418100
TIMELINE 56 360 241738301418600 2418100
LATENCY 2221900
TIMELINE 56 376 241738337643300 2221900
LATENCY 2444300
TIMELINE 56 392 241738391119200 2444300
LATENCY 2174700
TIMELINE 56 408 241738426593600 2174700
LATENCY 2084200
TIMELINE 56 424 241738461808700 2084200
LATENCY 2202400
TIMELINE 56 440 241738496614000 2202400
LATENCY 2223200
TIMELINE 56 456 241738532118900 2223200
LATENCY 2164100
TIMELINE 56 472 241738567971600 2164100
LATENCY 2264400
TIMELINE 56 488 241738603729400 2264400
LATENCY 2205200
TIMELINE 56 504 241738639329200 2205200
LATENCY 2098200
TIMELINE 56 520 241738674878500 2098200
LATENCY 2160900
TIMELINE 56 536 241738728877500 2160900
LATENCY 2077300
TIMELINE 56 552 241738763505500 2077300
LATENCY 2140900
TIMELINE 56 568 241738797758400 2140900
LATENCY 2181600
TIMELINE 56 584 241738833366600 2181600
LATENCY 2180400
TIMELINE 56 600 241738867960300 2180400
LATENCY 2107200
TIMELINE 56 616 241738902289400 2107200
LATENCY 2461900
TIMELINE 56 632 241738937485100 2461900
LATENCY 2175600
TIMELINE 56 648 241738973601700 2175600
LATENCY 2200300
TIMELINE 56 664 241739029598900 2200300
LATENCY 2145500
TIMELINE 56 680 241739064017800 2145500
LATENCY 2132100
TIMELINE 56 696 241739098434900 2132100
LATENCY 2286600
TIMELINE 56 712 241739134152400 2286600
LATENCY 2210600
TIMELINE 56 728 241739169967200 2210600
LATENCY 2225700
TIMELINE 56 744 241739205442300 2225700
LATENCY 2328700
TIMELINE 56 760 241739241087600 2328700
LATENCY 2427700
TIMELINE 56 776 241739277237400 2427700
LATENCY 21965700
TIMELINE 56 792 241739312919800 21965700
LATENCY 2166200
TIMELINE 56 808 241739368801600 2166200
LATENCY 2228400
TIMELINE 56 824 241739404439500 2228400
LATENCY 2205200
TIMELINE 56 840 241739440027400 2205200
LATENCY 2176600
TIMELINE 56 856 241739475772600 2176600
LATENCY 2074000
TIMELINE 56 872 241739510043700 2074000
LATENCY 2073000
TIMELINE 56 888 241739544166200 2073000
LATENCY 2240400
TIMELINE 56 904 241739579598000 2240400
LATENCY 2119500
TIMELINE 56 920 241739615114700 2119500
LATENCY 2162000
TIMELINE 56 936 241739669659200 2162000
LATENCY 2126900
TIMELINE 56 952 241739704375000 2126900
LATENCY 2212000
TIMELINE 56 968 241739738663300 2212000
LATENCY 2133700
TIMELINE 56 984 241739773651500 2133700
LATENCY 2098000
TIMELINE 56 1000 241739807827900 2098000
LATENCY 2201400
TIMELINE 56 1016 241739845493800 2201400
LATENCY 2170500
TIMELINE 56 1032 241739880388600 2170500
LATENCY 2213800
TIMELINE 56 1048 241739916132000 2213800
LATENCY 2182800
TIMELINE 56 1064 241739957894700 2182800
LATENCY 2130200
TIMELINE 56 1080 241739992304100 2130200
LATENCY 2179200
TIMELINE 56 1096 241740027964400 2179200
LATENCY 2178200
TIMELINE 56 1112 241740063283300 2178200
LATENCY 2173200
TIMELINE 56 1128 241740098786800 2173200
LATENCY 2234600
TIMELINE 56 1144 241740134890100 2234600
LATENCY 2290400
TIMELINE 56 1160 241740170705100 2290400
LATENCY 2136400
TIMELINE 56 1176 241740205847000 2136400
LATENCY 7791100
TIMELINE 56 1192 241740240798200 7791100
LATENCY 2141600
TIMELINE 56 1208 241740280841100 2141600
LATENCY 2143400
TIMELINE 56 1224 241740315239300 2143400
LATENCY 3022800
TIMELINE 56 1240 241740355884800 3022800
LATENCY 2933800
TIMELINE 56 1256 241740403733600 2933800
LATENCY 2678600
TIMELINE 56 1272 241740451683300 2678600
LATENCY 2935400
TIMELINE 56 1288 241740497332200 2935400
LATENCY 2824100
TIMELINE 56 1304 241740543718500 2824100
LATENCY 2965400
TIMELINE 56 1320 241740593340300 2965400
LATENCY 2788600
TIMELINE 56 1336 241740647565300 2788600
LATENCY 2743100
TIMELINE 56 1352 241740695248900 2743100
LATENCY 2750400
TIMELINE 56 1368 241740739068900 2750400
LATENCY 2911400
TIMELINE 56 1384 241740784695700 2911400
LATENCY 2635700
TIMELINE 56 1400 241740828305800 2635700
LATENCY 3030300
TIMELINE 56 1416 241740871074200 3030300
LATENCY 3053400
TIMELINE 56 1432 241740919715000 3053400
LATENCY 2793000
TIMELINE 56 1448 241740967619200 2793000
LATENCY 2749300
TIMELINE 56 1464 241741021699800 2749300
LATENCY 2939100
TIMELINE 56 1480 241741066323500 2939100
LATENCY 2934800
TIMELINE 56 1496 241741112820700 2934800
LATENCY 2715700
TIMELINE 56 1512 241741159528300 2715700
LATENCY 2768900
TIMELINE 56 1528 241741203089400 2768900
LATENCY 2733700
TIMELINE 56 1544 241741247301600 2733700
LATENCY 3085700
TIMELINE 56 1560 241741294500300 3085700
LATENCY 3015700
TIMELINE 56 1576 241741342112900 3015700
LATENCY 8703600
TIMELINE 56 1592 241741390582700 8703600
LATENCY 3106900
TIMELINE 56 1608 241741445468300 3106900
LATENCY 2736700
TIMELINE 56 1624 241741491648200 2736700
LATENCY 2724100
TIMELINE 56 1640 241741538757700 2724100
LATENCY 2938400
TIMELINE 56 1656 241741585578100 2938400
LATENCY 2902500
TIMELINE 56 1672 241741632699100 2902500
LATENCY 2959700
TIMELINE 56 1688 241741679981300 2959700
LATENCY 2745800
TIMELINE 56 1704 241741729511300 2745800
LATENCY 2872500
TIMELINE 56 1720 241741775170300 2872500
LATENCY 5152800
TIMELINE 56 1736 241741827247800 5152800
LATENCY 2726400
TIMELINE 56 1752 241741874761900 2726400
LATENCY 2698200
TIMELINE 56 1768 241741919669100 2698200
LATENCY 2654200
TIMELINE 56 1784 241741962079600 2654200
LATENCY 2827900
TIMELINE 56 1800 241742009657100 2827900
LATENCY 2638600
TIMELINE 56 1816 241742055651500 2638600
LATENCY 2816500
TIMELINE 56 1832 241742097945700 2816500
LATENCY 2998800
TIMELINE 56 1848 241742143525100 2998800
LATENCY 2717600
TIMELINE 56 1864 241742196408600 2717600
LATENCY 3058100
TIMELINE 56 1880 241742241274900 3058100
LATENCY 2718300
TIMELINE 56 1896 241742286537400 2718300
LATENCY 2789300
TIMELINE 56 1912 241742330571700 2789300
LATENCY 2691400
TIMELINE 56 1928 241742375488500 2691400
LATENCY 2663100
TIMELINE 56 1944 241742419944400 2663100
LATENCY 2786200
TIMELINE 56 1960 241742463264500 2786200
LATENCY 3067700
TIMELINE 56 1976 241742511047300 3067700
LATENCY 8658200
TIMELINE 56 1992 241742558989000 8658200
LATENCY 2604600
TIMELINE 56 2008 241742614778700 2604600
LATENCY 2706300
TIMELINE 56 2024 241742656957000 2706300
LATENCY 2581900
TIMELINE 56 2040 241742700973300 2581900
LATENCY 3307600
TIMELINE 57 9 241737481725800 3307600
LATENCY 2234400
TIMELINE 57 25 241737518879500 2234400
LATENCY 2181800
TIMELINE 57 41 241737554239900 2181800
LATENCY 2187300
TIMELINE 57 57 241737589238900 2187300
LATENCY 2142700
TIMELINE 57 73 241737623949900 2142700
LATENCY 2177500
TIMELINE 57 89 241737659598600 2177500
LATENCY 2333900
TIMELINE 57 105 241737695222000 2333900
LATENCY 2224200
TIMELINE 57 121 241737731691100 2224200
LATENCY 2374500
TIMELINE 57 137 241737787741800 2374500
LATENCY 2124600
TIMELINE 57 153 241737824159300 2124600
LATENCY 2197400
TIMELINE 57 169 241737859358300 2197400
LATENCY 2423600
TIMELINE 57 185 241737894629000 2423600
LATENCY 2300500
TIMELINE 57 201 241737931401100 2300500
LATENCY 2157700
TIMELINE 57 217 241737967398500 2157700
LATENCY 2220900
TIMELINE 57 233 241738002713200 2220900
LATENCY 2237900
TIMELINE 57 249 241738039118700 2237900
LATENCY 2287600
TIMELINE 57 265 241738093776300 2287600
LATENCY 2177900
TIMELINE 57 281 241738129473000 2177900
LATENCY 2132300
TIMELINE 57 297 241738164109000 2132300
LATENCY 2155300
TIMELINE 57 313 241738198993200 2155300
LATENCY 2104600
TIMELINE 57 329 241738232819100 2104600
LATENCY 2296200
TIMELINE 57 345 241738268146600 2296200
LATENCY 2271600
TIMELINE 57 361 241738303932700 2271600
LATENCY 2191800
TIMELINE 57 377 241738339836900 2191800
LATENCY 2240100
TIMELINE 57 393 241738393533600 2240100
LATENCY 2142500
TIMELINE 57 409 241738428738900 2142500
LATENCY 2097800
TIMELINE 57 425 241738463754900 2097800
LATENCY 2227900
TIMELINE 57 441 241738498545600 2227900
LATENCY 2220300
TIMELINE 57 457 241738533981100 2220300
LATENCY 2140000
TIMELINE 57 473 241738569788000 2140000
LATENCY 2184600
TIMELINE 57 489 241738605651300 2184600
LATENCY 2184200
TIMELINE 57 505 241738641138300 2184200
LATENCY 2206300
TIMELINE 57 521 241738676627700 2206300
LATENCY 2110800
TIMELINE 57 537 241738730604900 2110800
LATENCY 2141200
TIMELINE 57 553 241738764928500 2141200
LATENCY 2160100
TIMELINE 57 569 241738799221000 2160100
LATENCY 2178400
TIMELINE 57 585 241738834617400 2178400
LATENCY 2157500
TIMELINE 57 601 241738869293500 2157500
LATENCY 2120000
TIMELINE 57 617 241738903562700 2120000
LATENCY 2255100
TIMELINE 57 633 241738939047900 2255100
LATENCY 2157500
TIMELINE 57 649 241738974822200 2157500
LATENCY 2187900
TIMELINE 57 665 241739030652700 2187900
LATENCY 2126200
TIMELINE 57 681 241739065055500 2126200
LATENCY 2162500
TIMELINE 57 697 241739099400000 2162500
LATENCY 2268800
TIMELINE 57 713 241739135151000 2268800
LATENCY 2178100
TIMELINE 57 729 241739170949600 2178100
LATENCY 2234500
TIMELINE 57 745 241739206383100 2234500
LATENCY 2218400
TIMELINE 57 761 241739242145600 2218400
LATENCY 2399400
TIMELINE 57 777 241739278301200 2399400
LATENCY 2609700
TIMELINE 57 793 241739333369900 2609700
LATENCY 2143600
TIMELINE 57 809 241739369869400 2143600
LATENCY 2256300
TIMELINE 57 825 241739405631100 2256300
LATENCY 2297000
TIMELINE 57 841 241739441358400 2297000
LATENCY 2172500
TIMELINE 57 857 241739477107300 2172500
LATENCY 2114900
TIMELINE 57 873 241739511297400 2114900
LATENCY 2087900
TIMELINE 57 889 241739545414500 2087900
LATENCY 2292200
TIMELINE 57 905 241739580884600 2292200
LATENCY 2091700
TIMELINE 57 921 241739616270700 2091700
LATENCY 2207500
TIMELINE 57 937 241739670788100 2207500
LATENCY 2110700
TIMELINE 57 953 241739705429800 2110700
LATENCY 2195200
TIMELINE 57 969 241739739698800 2195200
LATENCY 2111900
TIMELINE 57 985 241739774664800 2111900
LATENCY 2157900
TIMELINE 57 1001 241739808781600 2157900
LATENCY 2208400
TIMELINE 57 1017 241739845728500 2208400
LATENCY 2173400
TIMELINE 57 1033 241739880587900 2173400
LATENCY 2207100
TIMELINE 57 1049 241739916045200 2207100
LATENCY 2152000
TIMELINE 57 1065 241739957814400 2152000
LATENCY 2130000
TIMELINE 57 1081 241739992190700 2130000
LATENCY 2182000
TIMELINE 57 1097 241740027726600 2182000
LATENCY 2178200
TIMELINE 57 1113 241740063050800 2178200
LATENCY 2194600
TIMELINE 57 1129 241740098442400 2194600
LATENCY 2225700
TIMELINE 57 1145 241740134501600 2225700
LATENCY 2220100
TIMELINE 57 1161 241740170230400 2220100
LATENCY 2225300
TIMELINE 57 1177 241740205225300 2225300
LATENCY 7803600
TIMELINE 57 1193 241740240127500 7803600
LATENCY 2123800
TIMELINE 57 1209 241740280171200 2123800
LATENCY 2199500
TIMELINE 57 1225 241740314461100 2199500
LATENCY 3026400
TIMELINE 57 1241 241740354812500 3026400
LATENCY 2855800
TIMELINE 57 1257 241740402814200 2855800
LATENCY 2766200
TIMELINE 57 1273 241740450922700 2766200
LATENCY 2929600
TIMELINE 57 1289 241740496520500 2929600
LATENCY 2796100
TIMELINE 57 1305 241740542996600 2796100
LATENCY 2983400
TIMELINE 57 1321 241740592626400 2983400
LATENCY 2726300
TIMELINE 57 1337 241740646957500 2726300
LATENCY 2706100
TIMELINE 57 1353 241740694504100 2706100
LATENCY 2788800
TIMELINE 57 1369 241740738283200 2788800
LATENCY 2945800
TIMELINE 57 1385 241740783651600 2945800
LATENCY 2648900
TIMELINE 57 1401 241740827290100 2648900
LATENCY 3040900
TIMELINE 57 1417 241740869918600 3040900
LATENCY 3039400
TIMELINE 57 1433 241740918564200 3039400
LATENCY 2850700
TIMELINE 57 1449 241740966523400 2850700
LATENCY 2729400
TIMELINE 57 1465 241741020737000 2729400
LATENCY 2972700
TIMELINE 57 1481 241741065213600 2972700
LATENCY 2945100
TIMELINE 57 1497 241741111744700 2945100
LATENCY 2672500
TIMELINE 57 1513 241741158599300 2672500
LATENCY 2750100
TIMELINE 57 1529 241741202072700 2750100
LATENCY 2722000
TIMELINE 57 1545 241741246297500 2722000
LATENCY 3117900
TIMELINE 57 1561 241741293451900 3117900
LATENCY 3009500
TIMELINE 57 1577 241741341093700 3009500
LATENCY 8689600
TIMELINE 57 1593 241741389468100 8689600
LATENCY 3059700
TIMELINE 57 1609 241741444401700 3059700
LATENCY 2659800
TIMELINE 57 1625 241741490787000 2659800
LATENCY 2736200
TIMELINE 57 1641 241741537806300 2736200
LATENCY 2903600
TIMELINE 57 1657 241741584657200 2903600
LATENCY 2913100
TIMELINE 57 1673 241741631757200 2913100
LATENCY 2790200
TIMELINE 57 1689 241741679033200 2790200
LATENCY 2744400
TIMELINE 57 1705 241741728662400 2744400
LATENCY 2919200
TIMELINE 57 1721 241741774267200 2919200
LATENCY 3486500
TIMELINE 57 1737 241741826462500 3486500
LATENCY 2776900
TIMELINE 57 1753 241741873924300 2776900
LATENCY 2692600
TIMELINE 57 1769 241741918909700 2692600
LATENCY 2627700
TIMELINE 57 1785 241741961339000 2627700
LATENCY 2735900
TIMELINE 57 1801 241742008855200 2735900
LATENCY 2637400
TIMELINE 57 1817 241742054849300 2637400
LATENCY 2831600
TIMELINE 57 1833 241742097098500 2831600
LATENCY 2947800
TIMELINE 57 1849 241742142620300 2947800
LATENCY 2756100
TIMELINE 57 1865 241742195454800 2756100
LATENCY 3125200
TIMELINE 57 1881 241742240090900 3125200
LATENCY 2717500
TIMELINE 57 1897 241742285557800 2717500
LATENCY 2814200
TIMELINE 57 1913 241742329589000 2814200
LATENCY 2717200
TIMELINE 57 1929 241742374147600 2717200
LATENCY 2701300
TIMELINE 57 1945 241742418685500 2701300
LATENCY 2705000
TIMELINE 57 1961 241742461894600 2705000
LATENCY 2944300
TIMELINE 57 1977 241742509617800 2944300
LATENCY 3038700
TIMELINE 57 1993 241742557449900 3038700
LATENCY 2666700
TIMELINE 57 2009 241742613400400 2666700
LATENCY 2729600
TIMELINE 57 2025 241742655541600 2729600
LATENCY 2599200
TIMELINE 57 2041 241742699659100 2599200
LATENCY 2287500
TIMELINE 58 10 241737484999900 2287500
LATENCY 2226800
TIMELINE 58 26 241737521149900 2226800
LATENCY 2245200
TIMELINE 58 42 241737556521200 2245200
LATENCY 2160000
TIMELINE 58 58 241737591633600 2160000
LATENCY 2120400
TIMELINE 58 74 241737626208900 2120400
LATENCY 2198200
TIMELINE 58 90 241737662357100 2198200
LATENCY 2329500
TIMELINE 58 106 241737698190900 2329500
LATENCY 2136900
TIMELINE 58 122 241737734592500 2136900
LATENCY 2356500
TIMELINE 58 138 241737790925000 2356500
LATENCY 2175800
TIMELINE 58 154 241737827056500 2175800
LATENCY 2149100
TIMELINE 58 170 241737862314200 2149100
LATENCY 2250800
TIMELINE 58 186 241737897819600 2250800
LATENCY 2243700
TIMELINE 58 202 241737934634600 2243700
LATENCY 2130400
TIMELINE 58 218 241737970403000 2130400
LATENCY 2216200
TIMELINE 58 234 241738005783700 2216200
LATENCY 2229400
TIMELINE 58 250 241738042191500 2229400
LATENCY 2343300
TIMELINE 58 266 241738096033200 2343300
LATENCY 2172900
TIMELINE 58 282 241738131526200 2172900
LATENCY 2131600
TIMELINE 58 298 241738166156300 2131600
LATENCY 2107200
TIMELINE 58 314 241738201058800 2107200
LATENCY 2241600
TIMELINE 58 330 241738234838300 2241600
LATENCY 2141200
TIMELINE 58 346 241738270515400 2141200
LATENCY 2174300
TIMELINE 58 362 241738306272500 2174300
LATENCY 2172500
TIMELINE 58 378 241738342159900 2172500
LATENCY 2192200
TIMELINE 58 394 241738396060500 2192200
LATENCY 2140600
TIMELINE 58 410 241738431340100 2140600
LATENCY 2139900
TIMELINE 58 426 241738466310700 2139900
LATENCY 2185700
TIMELINE 58 442 241738501362400 2185700
LATENCY 2271200
TIMELINE 58 458 241738537335700 2271200
LATENCY 2152100
TIMELINE 58 474 241738573004700 2152100
LATENCY 2176700
TIMELINE 58 490 241738609111200 2176700
LATENCY 2200100
TIMELINE 58 506 241738644626100 2200100
LATENCY 2246100
TIMELINE 58 522 241738680004300 2246100
LATENCY 2141900
TIMELINE 58 538 241738734062200 2141900
LATENCY 2108400
TIMELINE 58 554 241738768713500 2108400
LATENCY 2187800
TIMELINE 58 570 241738803080400 2187800
LATENCY 2134000
TIMELINE 58 586 241738838489400 2134000
LATENCY 2093700
TIMELINE 58 602 241738873132000 2093700
LATENCY 2136000
TIMELINE 58 618 241738907351700 2136000
LATENCY 2186100
TIMELINE 58 634 241738942656000 2186100
LATENCY 2185200
TIMELINE 58 650 241738978360700 2185200
LATENCY 2138000
TIMELINE 58 666 241739034140300 2138000
LATENCY 2158400
TIMELINE 58 682 241739068476600 2158400
LATENCY 2114700
TIMELINE 58 698 241739102859600 2114700
LATENCY 2245500
TIMELINE 58 714 241739138868100 2245500
LATENCY 2176800
TIMELINE 58 730 241739174506900 2176800
LATENCY 2237400
TIMELINE 58 746 241739210055700 2237400
LATENCY 2279300
TIMELINE 58 762 241739245785300 2279300
LATENCY 2206700
TIMELINE 58 778 241739282058800 2206700
LATENCY 2232600
TIMELINE 58 794 241739337624400 2232600
LATENCY 2276000
TIMELINE 58 810 241739373554300 2276000
LATENCY 2171700
TIMELINE 58 826 241739409633900 2171700
LATENCY 2217300
TIMELINE 58 842 241739445363600 2217300
LATENCY 2099900
TIMELINE 58 858 241739480955300 2099900
LATENCY 2089800
TIMELINE 58 874 241739515059500 2089800
LATENCY 2158200
TIMELINE 58 890 241739549288000 2158200
LATENCY 2253000
TIMELINE 58 906 241739585032500 2253000
LATENCY 2096100
TIMELINE 58 922 241739620122700 2096100
LATENCY 2135900
TIMELINE 58 938 241739674921200 2135900
LATENCY 2179700
TIMELINE 58 954 241739709403700 2179700
LATENCY 2162600
TIMELINE 58 970 241739743757400 2162600
LATENCY 2091500
TIMELINE 58 986 241739778707500 2091500
LATENCY 3861800
TIMELINE 58 1002 241739813269700 3861800
LATENCY 2122300
TIMELINE 58 1018 241739850598200 2122300
LATENCY 2152700
TIMELINE 58 1034 241739885402800 2152700
LATENCY 2213200
TIMELINE 58 1050 241739921131800 2213200
LATENCY 2131900
TIMELINE 58 1066 241739962774500 2131900
LATENCY 2246300
TIMELINE 58 1082 241739997200200 2246300
LATENCY 2280300
TIMELINE 58 1098 241740032879400 2280300
LATENCY 2132300
TIMELINE 58 1114 241740067962000 2132300
LATENCY 2390600
TIMELINE 58 1130 241740103590900 2390600
LATENCY 2298200
TIMELINE 58 1146 241740139561600 2298200
LATENCY 2182400
TIMELINE 58 1162 241740175488200 2182400
LATENCY 2122900
TIMELINE 58 1178 241740210257900 2122900
LATENCY 2106000
TIMELINE 58 1194 241740250860400 2106000
LATENCY 2121000
TIMELINE 58 1210 241740285249900 2121000
LATENCY 2170800
TIMELINE 58 1226 241740319618400 2170800
LATENCY 3031200
TIMELINE 58 1242 241740362083400 3031200
LATENCY 3049400
TIMELINE 58 1258 241740409928400 3049400
LATENCY 2725700
TIMELINE 58 1274 241740457225900 2725700
LATENCY 3008200
TIMELINE 58 1290 241740503349300 3008200
LATENCY 3495600
TIMELINE 58 1306 241740549419700 3495600
LATENCY 2993200
TIMELINE 58 1322 241740599415700 2993200
LATENCY 5125300
TIMELINE 58 1338 241740653222700 5125300
LATENCY 2697000
TIMELINE 58 1354 241740700846900 2697000
LATENCY 2983600
TIMELINE 58 1370 241740744642000 2983600
LATENCY 2695200
TIMELINE 58 1386 241740790047200 2695200
LATENCY 2641100
TIMELINE 58 1402 241740833289600 2641100
LATENCY 3049200
TIMELINE 58 1418 241740876903800 3049200
LATENCY 3092900
TIMELINE 58 1434 241740925537700 3092900
LATENCY 2848600
TIMELINE 58 1450 241740972919400 2848600
LATENCY 2624800
TIMELINE 58 1466 241741027892100 2624800
LATENCY 2946800
TIMELINE 58 1482 241741073199500 2946800
LATENCY 3536500
TIMELINE 58 1498 241741119730100 3536500
LATENCY 2859200
TIMELINE 58 1514 241741165957200 2859200
LATENCY 2692900
TIMELINE 58 1530 241741209442000 2692900
LATENCY 2746600
TIMELINE 58 1546 241741253699800 2746600
LATENCY 3059700
TIMELINE 58 1562 241741301663600 3059700
LATENCY 3039000
TIMELINE 58 1578 241741349154700 3039000
LATENCY 3083300
TIMELINE 58 1594 241741403480600 3083300
LATENCY 3027700
TIMELINE 58 1610 241741452781300 3027700
LATENCY 2823700
TIMELINE 58 1626 241741498361800 2823700
LATENCY 2767000
TIMELINE 58 1642 241741545224400 2767000
LATENCY 2963500
TIMELINE 58 1658 241741592490700 2963500
LATENCY 2903800
TIMELINE 58 1674 241741639463400 2903800
LATENCY 2678300
TIMELINE 58 1690 241741692469400 2678300
LATENCY 2745500
TIMELINE 58 1706 241741735935200 2745500
LATENCY 2824500
TIMELINE 58 1722 241741782367200 2824500
LATENCY 2939400
TIMELINE 58 1738 241741836546200 2939400
LATENCY 2773900
TIMELINE 58 1754 241741881235600 2773900
LATENCY 2615100
TIMELINE 58 1770 241741925956100 2615100
LATENCY 3421400
TIMELINE 58 1786 241741968362000 3421400
LATENCY 2849100
TIMELINE 58 1802 241742016282400 2849100
LATENCY 2591900
TIMELINE 58 1818 241742061889100 2591900
LATENCY 2662500
TIMELINE 58 1834 241742104494000 2662500
LATENCY 2957400
TIMELINE 58 1850 241742150520200 2957400
LATENCY 2772100
TIMELINE 58 1866 241742202703100 2772100
LATENCY 3007800
TIMELINE 58 1882 241742247944200 3007800
LATENCY 2783700
TIMELINE 58 1898 241742292800500 2783700
LATENCY 2823600
TIMELINE 58 1914 241742336924600 2823600
LATENCY 2726300
TIMELINE 58 1930 241742382248500 2726300
LATENCY 2419100
TIMELINE 58 1946 241742426043900 2419100
LATENCY 2755900
TIMELINE 58 1962 241742469657500 2755900
LATENCY 3007300
TIMELINE 58 1978 241742518104100 3007300
LATENCY 3038800
TIMELINE 58 1994 241742571638900 3038800
LATENCY 2575400
TIMELINE 58 2010 241742620730800 2575400
LATENCY 2721600
TIMELINE 58 2026 241742663186300 2721600
LATENCY 2773800
TIMELINE 58 2042 241742707055600 2773800
LATENCY 2265400
TIMELINE 59 11 241737487393800 2265400
LATENCY 2246600
TIMELINE 59 27 241737523317000 2246600
LATENCY 2207500
TIMELINE 59 43 241737558644900 2207500
LATENCY 2165500
TIMELINE 59 59 241737593647300 2165500
LATENCY 2164600
TIMELINE 59 75 241737628183600 2164600
LATENCY 2175900
TIMELINE 59 91 241737663880500 2175900
LATENCY 2283000
TIMELINE 59 107 241737699927900 2283000
LATENCY 2179600
TIMELINE 59 123 241737736149400 2179600
LATENCY 2270400
TIMELINE 59 139 241737792734400 2270400
LATENCY 2381600
TIMELINE 59 155 241737828711600 2381600
LATENCY 2146700
TIMELINE 59 171 241737863922600 2146700
LATENCY 2218300
TIMELINE 59 187 241737899505300 2218300
LATENCY 2331000
TIMELINE 59 203 241737936214200 2331000
LATENCY 2112100
TIMELINE 59 219 241737971876800 2112100
LATENCY 2245600
TIMELINE 59 235 241738007392400 2245600
LATENCY 2238000
TIMELINE 59 251 241738043808600 2238000
LATENCY 2371700
TIMELINE 59 267 241738098711900 2371700
LATENCY 2112400
TIMELINE 59 283 241738134107100 2112400
LATENCY 2139800
TIMELINE 59 299 241738168870300 2139800
LATENCY 2116700
TIMELINE 59 315 241738203748700 2116700
LATENCY 2264000
TIMELINE 59 331 241738237718400 2264000
LATENCY 2224700
TIMELINE 59 347 241738273240100 2224700
LATENCY 2188000
TIMELINE 59 363 241738309010700 2188000
LATENCY 2178700
TIMELINE 59 379 241738344868500 2178700
LATENCY 2204200
TIMELINE 59 395 241738398672200 2204200
LATENCY 2138000
TIMELINE 59 411 241738433872900 2138000
LATENCY 2166900
TIMELINE 59 427 241738469000200 2166900
LATENCY 2183100
TIMELINE 59 443 241738504056400 2183100
LATENCY 2250500
TIMELINE 59 459 241738539664200 2250500
LATENCY 2208100
TIMELINE 59 475 241738575192200 2208100
LATENCY 2214600
TIMELINE 59 491 241738611119800 2214600
LATENCY 2341400
TIMELINE 59 507 241738646621900 2341400
LATENCY 2380500
TIMELINE 59 523 241738682127600 2380500
LATENCY 2152500
TIMELINE 59 539 241738735886100 2152500
LATENCY 2103800
TIMELINE 59 555 241738770545900 2103800
LATENCY 2151900
TIMELINE 59 571 241738804909800 2151900
LATENCY 2162900
TIMELINE 59 587 241738840372900 2162900
LATENCY 2134200
TIMELINE 59 603 241738875144300 2134200
LATENCY 2133700
TIMELINE 59 619 241738909405300 2133700
LATENCY 2353100
TIMELINE 59 635 241738945087300 2353100
LATENCY 2174500
TIMELINE 59 651 241738980786900 2174500
LATENCY 2155600
TIMELINE 59 667 241739036809900 2155600
LATENCY 2181800
TIMELINE 59 683 241739071156300 2181800
LATENCY 2124700
TIMELINE 59 699 241739105499600 2124700
LATENCY 2241500
TIMELINE 59 715 241739141639100 2241500
LATENCY 2189200
TIMELINE 59 731 241739177184900 2189200
LATENCY 2239000
TIMELINE 59 747 241739212809600 2239000
LATENCY 2251800
TIMELINE 59 763 241739248606200 2251800
LATENCY 2222500
TIMELINE 59 779 241739284787000 2222500
LATENCY 2313500
TIMELINE 59 795 241739340274000 2313500
LATENCY 2158400
TIMELINE 59 811 241739376353100 2158400
LATENCY 2277400
TIMELINE 59 827 241739411623100 2277400
LATENCY 2216000
TIMELINE 59 843 241739447284300 2216000
LATENCY 2120800
TIMELINE 59 859 241739482766100 2120800
LATENCY 2147300
TIMELINE 59 875 241739516889400 2147300
LATENCY 2252300
TIMELINE 59 891 241739551121200 2252300
LATENCY 2214400
TIMELINE 59 907 241739586936400 2214400
LATENCY 2177600
TIMELINE 59 923 241739621830800 2177600
LATENCY 2156800
TIMELINE 59 939 241739676683900 2156800
LATENCY 2156700
TIMELINE 59 955 241739711205800 2156700
LATENCY 2168900
TIMELINE 59 971 241739745522100 2168900
LATENCY 2096000
TIMELINE 59 987 241739780409800 2096000
LATENCY 2219900
TIMELINE 59 1003 241739816595700 2219900
LATENCY 2153400
TIMELINE 59 1019 241739852290500 2153400
LATENCY 2139700
TIMELINE 59 1035 241739887133800 2139700
LATENCY 2236100
TIMELINE 59 1051 241739922969300 2236100
LATENCY 2112000
TIMELINE 59 1067 241739964521000 2112000
LATENCY 2247600
TIMELINE 59 1083 241739999078700 2247600
LATENCY 2216100
TIMELINE 59 1099 241740034952000 2216100
LATENCY 2117200
TIMELINE 59 1115 241740069929200 2117200
LATENCY 2527600
TIMELINE 59 1131 241740105411200 2527600
LATENCY 2275600
TIMELINE 59 1147 241740141275200 2275600
LATENCY 2206200
TIMELINE 59 1163 241740177102700 2206200
LATENCY 2106600
TIMELINE 59 1179 241740211782000 2106600
LATENCY 2080200
TIMELINE 59 1195 241740252445200 2080200
LATENCY 2152300
TIMELINE 59 1211 241740286698200 2152300
LATENCY 2176900
TIMELINE 59 1227 241740321094700 2176900
LATENCY 3045100
TIMELINE 59 1243 241740364132900 3045100
LATENCY 3044900
TIMELINE 59 1259 241740412036600 3044900
LATENCY 2710500
TIMELINE 59 1275 241740459220700 2710500
LATENCY 3049300
TIMELINE 59 1291 241740505537000 3049300
LATENCY 6709700
TIMELINE 59 1307 241740551505000 6709700
LATENCY 2951400
TIMELINE 59 1323 241740601580200 2951400
LATENCY 6252900
TIMELINE 59 1339 241740655889500 6252900
LATENCY 2719400
TIMELINE 59 1355 241740702835300 2719400
LATENCY 2915500
TIMELINE 59 1371 241740746971700 2915500
LATENCY 2735100
TIMELINE 59 1387 241740792143400 2735100
LATENCY 2625200
TIMELINE 59 1403 241740835359900 2625200
LATENCY 3046200
TIMELINE 59 1419 241740879284200 3046200
LATENCY 3164200
TIMELINE 59 1435 241740927907500 3164200
LATENCY 2809100
TIMELINE 59 1451 241740975165100 2809100
LATENCY 2597700
TIMELINE 59 1467 241741029171500 2597700
LATENCY 2915800
TIMELINE 59 1483 241741074584500 2915800
LATENCY 2822800
TIMELINE 59 1499 241741121760900 2822800
LATENCY 2773500
TIMELINE 59 1515 241741167323600 2773500
LATENCY 2746800
TIMELINE 59 1531 241741210694600 2746800
LATENCY 2791700
TIMELINE 59 1547 241741254928600 2791700
LATENCY 3049400
TIMELINE 59 1563 241741303147700 3049400
LATENCY 3014900
TIMELINE 59 1579 241741350369400 3014900
LATENCY 3039500
TIMELINE 59 1595 241741404701400 3039500
LATENCY 2936500
TIMELINE 59 1611 241741453997200 2936500
LATENCY 2861600
TIMELINE 59 1627 241741499474300 2861600
LATENCY 2747300
TIMELINE 59 1643 241741546386900 2747300
LATENCY 2956300
TIMELINE 59 1659 241741593734200 2956300
LATENCY 2920400
TIMELINE 59 1675 241741640658900 2920400
LATENCY 2589700
TIMELINE 59 1691 241741693636600 2589700
LATENCY 2743500
TIMELINE 59 1707 241741737078700 2743500
LATENCY 2669300
TIMELINE 59 1723 241741783554800 2669300
LATENCY 2964300
TIMELINE 59 1739 241741837605300 2964300
LATENCY 2754700
TIMELINE 59 1755 241741882292600 2754700
LATENCY 2614400
TIMELINE 59 1771 241741926967700 2614400
LATENCY 5255700
TIMELINE 59 1787 241741969391000 5255700
LATENCY 2876300
TIMELINE 59 1803 241742017383800 2876300
LATENCY 2598300
TIMELINE 59 1819 241742062881800 2598300
LATENCY 2644800
TIMELINE 59 1835 241742105516700 2644800
LATENCY 2965500
TIMELINE 59 1851 241742151611400 2965500
LATENCY 2803400
TIMELINE 59 1867 241742203730900 2803400
LATENCY 3097100
TIMELINE 59 1883 241742249011100 3097100
LATENCY 2812700
TIMELINE 59 1899 241742293812100 2812700
LATENCY 2829400
TIMELINE 59 1915 241742338022300 2829400
LATENCY 2774700
TIMELINE 59 1931 241742383197700 2774700
LATENCY 2625500
TIMELINE 59 1947 241742426876100 2625500
LATENCY 2830500
TIMELINE 59 1963 241742470608400 2830500
LATENCY 2998500
TIMELINE 59 1979 241742519199500 2998500
LATENCY 3030100
TIMELINE 59 1995 241742572723600 3030100
LATENCY 2609200
TIMELINE 59 2011 241742621672800 2609200
LATENCY 2731600
TIMELINE 59 2027 241742664097900 2731600
LATENCY 2810000
TIMELINE 59 2043 241742707959700 2810000
LATENCY 2246800
TIMELINE 60 12 241737489726600 2246800
LATENCY 2325100
TIMELINE 60 28 241737525665800 2325100
LATENCY 2204800
TIMELINE 60 44 241737560917000 2204800
LATENCY 2121200
TIMELINE 60 60 241737595877000 2121200
LATENCY 2159400
TIMELINE 60 76 241737630414100 2159400
LATENCY 2150000
TIMELINE 60 92 241737666274900 2150000
LATENCY 2256700
TIMELINE 60 108 241737702276700 2256700
LATENCY 2171100
TIMELINE 60 124 241737738452800 2171100
LATENCY 2338200
TIMELINE 60 140 241737794905100 2338200
LATENCY 2436900
TIMELINE 60 156 241737830990200 2436900
LATENCY 2168700
TIMELINE 60 172 241737865976500 2168700
LATENCY 2210000
TIMELINE 60 188 241737901663300 2210000
LATENCY 2287000
TIMELINE 60 204 241737938515000 2287000
LATENCY 2154200
TIMELINE 60 220 241737973960700 2154200
LATENCY 2229900
TIMELINE 60 236 241738009606500 2229900
LATENCY 2227300
TIMELINE 60 252 241738045947300 2227300
LATENCY 2227400
TIMELINE 60 268 241738101248200 2227400
LATENCY 2161200
TIMELINE 60 284 241738136366000 2161200
LATENCY 2137700
TIMELINE 60 300 241738171079500 2137700
LATENCY 2108000
TIMELINE 60 316 241738205955000 2108000
LATENCY 2140000
TIMELINE 60 332 241738240068900 2140000
LATENCY 2603200
TIMELINE 60 348 241738275586200 2603200
LATENCY 2162200
TIMELINE 60 364 241738311380900 2162200
LATENCY 2646300
TIMELINE 60 380 241738347267400 2646300
LATENCY 2159800
TIMELINE 60 396 241738400994400 2159800
LATENCY 2194600
TIMELINE 60 412 241738436118600 2194600
LATENCY 2159500
TIMELINE 60 428 241738471424000 2159500
LATENCY 2202300
TIMELINE 60 444 241738506549600 2202300
LATENCY 2192800
TIMELINE 60 460 241738542216800 2192800
LATENCY 2309300
TIMELINE 60 476 241738577749900 2309300
LATENCY 2178500
TIMELINE 60 492 241738613550300 2178500
LATENCY 2248200
TIMELINE 60 508 241738649431500 2248200
LATENCY 20341400
TIMELINE 60 524 241738684826800 20341400
LATENCY 2209000
TIMELINE 60 540 241738738439100 2209000
LATENCY 2150300
TIMELINE 60 556 241738772874000 2150300
LATENCY 2136000
TIMELINE 60 572 241738807319600 2136000
LATENCY 2182900
TIMELINE 60 588 241738842738400 2182900
LATENCY 2176900
TIMELINE 60 604 241738877250700 2176900
LATENCY 2159100
TIMELINE 60 620 241738911509600 2159100
LATENCY 2445100
TIMELINE 60 636 241738947197700 2445100
LATENCY 2145500
TIMELINE 60 652 241738982817700 2145500
LATENCY 2217400
TIMELINE 60 668 241739039124500 2217400
LATENCY 2135500
TIMELINE 60 684 241739073494100 2135500
LATENCY 2071700
TIMELINE 60 700 241739107772100 2071700
LATENCY 2212400
TIMELINE 60 716 241739144013700 2212400
LATENCY 2145600
TIMELINE 60 732 241739179500100 2145600
LATENCY 2245700
TIMELINE 60 748 241739215119100 2245700
LATENCY 2296400
TIMELINE 60 764 241739250891900 2296400
LATENCY 2180100
TIMELINE 60 780 241739286979700 2180100
LATENCY 2251600
TIMELINE 60 796 241739342623200 2251600
LATENCY 2135800
TIMELINE 60 812 241739378455900 2135800
LATENCY 2349300
TIMELINE 60 828 241739413722500 2349300
LATENCY 2222900
TIMELINE 60 844 241739449442100 2222900
LATENCY 2133900
TIMELINE 60 860 241739484832400 2133900
LATENCY 2155700
TIMELINE 60 876 241739518921700 2155700
LATENCY 2141500
TIMELINE 60 892 241739553313400 2141500
LATENCY 2212300
TIMELINE 60 908 241739589119400 2212300
LATENCY 2526500
TIMELINE 60 924 241739623981800 2526500
LATENCY 2181800
TIMELINE 60 940 241739678747700 2181800
LATENCY 2143500
TIMELINE 60 956 241739713214500 2143500
LATENCY 2170900
TIMELINE 60 972 241739747543900 2170900
LATENCY 2156100
TIMELINE 60 988 241739782332200 2156100
LATENCY 2312300
TIMELINE 60 1004 241739818638300 2312300
LATENCY 2103400
TIMELINE 60 1020 241739854132500 2103400
LATENCY 2151000
TIMELINE 60 1036 241739888901400 2151000
LATENCY 2226100
TIMELINE 60 1052 241739924726700 2226100
LATENCY 2225700
TIMELINE 60 1068 241739966178000 2225700
LATENCY 2228400
TIMELINE 60 1084 241740000854100 2228400
LATENCY 2233600
TIMELINE 60 1100 241740036776100 2233600
LATENCY 2166100
TIMELINE 60 1116 241740071642700 2166100
LATENCY 2304000
TIMELINE 60 1132 241740107565700 2304000
LATENCY 2185900
TIMELINE 60 1148 241740143177200 2185900
LATENCY 2174500
TIMELINE 60 1164 241740178910900 2174500
LATENCY 2138400
TIMELINE 60 1180 241740213517700 2138400
LATENCY 2122000
TIMELINE 60 1196 241740254297300 2122000
LATENCY 2139400
TIMELINE 60 1212 241740288605500 2139400
LATENCY 2138500
TIMELINE 60 1228 241740323033100 2138500
LATENCY 3025700
TIMELINE 60 1244 241740366824300 3025700
LATENCY 3051700
TIMELINE 60 1260 241740414785000 3051700
LATENCY 2687200
TIMELINE 60 1276 241740461508800 2687200
LATENCY 3103700
TIMELINE 60 1292 241740508074500 3103700
LATENCY 2906000
TIMELINE 60 1308 241740557647500 2906000
LATENCY 2901000
TIMELINE 60 1324 241740604089400 2901000
LATENCY 2657700
TIMELINE 60 1340 241740661822000 2657700
LATENCY 2753300
TIMELINE 60 1356 241740705252000 2753300
LATENCY 2930700
TIMELINE 60 1372 241740749542500 2930700
LATENCY 2741400
TIMELINE 60 1388 241740794506600 2741400
LATENCY 2647900
TIMELINE 60 1404 241740837670800 2647900
LATENCY 2990900
TIMELINE 60 1420 241740881950900 2990900
LATENCY 3054500
TIMELINE 60 1436 241740930688900 3054500
LATENCY 2720800
TIMELINE 60 1452 241740977607400 2720800
LATENCY 2610200
TIMELINE 60 1468 241741032765400 2610200
LATENCY 2752000
TIMELINE 60 1484 241741078557300 2752000
LATENCY 2677800
TIMELINE 60 1500 241741125746500 2677800
LATENCY 2618800
TIMELINE 60 1516 241741171239900 2618800
LATENCY 2694700
TIMELINE 60 1532 241741214598000 2694700
LATENCY 3058000
TIMELINE 60 1548 241741258876700 3058000
LATENCY 2997300
TIMELINE 60 1564 241741307585500 2997300
LATENCY 2879000
TIMELINE 60 1580 241741354843800 2879000
LATENCY 3088900
TIMELINE 60 1596 241741409264200 3088900
LATENCY 2766300
TIMELINE 60 1612 241741458292200 2766300
LATENCY 3013300
TIMELINE 60 1628 241741503623000 3013300
LATENCY 2858300
TIMELINE 60 1644 241741550568200 2858300
LATENCY 2977700
TIMELINE 60 1660 241741598220500 2977700
LATENCY 2910300
TIMELINE 60 1676 241741645093300 2910300
LATENCY 2564900
TIMELINE 60 1692 241741697587800 2564900
LATENCY 2749200
TIMELINE 60 1708 241741741255000 2749200
LATENCY 2735200
TIMELINE 60 1724 241741787688400 2735200
LATENCY 2850500
TIMELINE 60 1740 241741842040900 2850500
LATENCY 2896500
TIMELINE 60 1756 241741886861900 2896500
LATENCY 2578500
TIMELINE 60 1772 241741930982700 2578500
LATENCY 2626700
TIMELINE 60 1788 241741976296400 2626700
LATENCY 2954500
TIMELINE 60 1804 241742021854800 2954500
LATENCY 2591200
TIMELINE 60 1820 241742066827800 2591200
LATENCY 3037300
TIMELINE 60 1836 241742109535700 3037300
LATENCY 2830400
TIMELINE 60 1852 241742156110000 2830400
LATENCY 2970600
TIMELINE 60 1868 241742207944500 2970600
LATENCY 2747100
TIMELINE 60 1884 241742253511000 2747100
LATENCY 2717800
TIMELINE 60 1900 241742298025800 2717800
LATENCY 2678500
TIMELINE 60 1916 241742342176000 2678500
LATENCY 2770000
TIMELINE 60 1932 241742387456300 2770000
LATENCY 2744900
TIMELINE 60 1948 241742430945900 2744900
LATENCY 2734000
TIMELINE 60 1964 241742474987500 2734000
LATENCY 3029000
TIMELINE 60 1980 241742523953400 3029000
LATENCY 3046300
TIMELINE 60 1996 241742577507100 3046300
LATENCY 2560500
TIMELINE 60 2012 241742625744600 2560500
LATENCY 2931100
TIMELINE 60 2028 241742668437000 2931100
LATENCY 2687100
TIMELINE 60 2044 241742712341400 2687100
LATENCY 2217300
TIMELINE 61 13 241737492010500 2217300
LATENCY 2270100
TIMELINE 61 29 241737528062800 2270100
LATENCY 2176600
TIMELINE 61 45 241737563157200 2176600
LATENCY 2175900
TIMELINE 61 61 241737598064800 2175900
LATENCY 2122400
TIMELINE 61 77 241737632689300 2122400
LATENCY 2146300
TIMELINE 61 93 241737669098000 2146300
LATENCY 2268200
TIMELINE 61 109 241737705163300 2268200
LATENCY 2163400
TIMELINE 61 125 241737741166300 2163400
LATENCY 2362100
TIMELINE 61 141 241737797919700 2362100
LATENCY 2385900
TIMELINE 61 157 241737834189600 2385900
LATENCY 2176100
TIMELINE 61 173 241737868865300 2176100
LATENCY 2193500
TIMELINE 61 189 241737904515700 2193500
LATENCY 2301800
TIMELINE 61 205 241737941332300 2301800
LATENCY 2139700
TIMELINE 61 221 241737976603000 2139700
LATENCY 2187000
TIMELINE 61 237 241738012352200 2187000
LATENCY 2375500
TIMELINE 61 253 241738048784100 2375500
LATENCY 2235900
TIMELINE 61 269 241738103028700 2235900
LATENCY 2207900
TIMELINE 61 285 241738137892200 2207900
LATENCY 2354600
TIMELINE 61 301 241738172534600 2354600
LATENCY 2139500
TIMELINE 61 317 241738207353700 2139500
LATENCY 2198200
TIMELINE 61 333 241738241474400 2198200
LATENCY 2304800
TIMELINE 61 349 241738277452400 2304800
LATENCY 2295300
TIMELINE 61 365 241738312920700 2295300
LATENCY 2468600
TIMELINE 61 381 241738349144200 2468600
LATENCY 2197400
TIMELINE 61 397 241738402470900 2197400
LATENCY 2186100
TIMELINE 61 413 241738437640000 2186100
LATENCY 2175100
TIMELINE 61 429 241738472554500 2175100
LATENCY 2157600
TIMELINE 61 445 241738507695600 2157600
LATENCY 2204100
TIMELINE 61 461 241738543441400 2204100
LATENCY 2291400
TIMELINE 61 477 241738579015900 2291400
LATENCY 2194000
TIMELINE 61 493 241738614852100 2194000
LATENCY 2296900
TIMELINE 61 509 241738650577500 2296900
LATENCY 20800300
TIMELINE 61 525 241738686095100 20800300
LATENCY 2179600
TIMELINE 61 541 241738739681300 2179600
LATENCY 2154700
TIMELINE 61 557 241738774245000 2154700
LATENCY 2153600
TIMELINE 61 573 241738808666700 2153600
LATENCY 2161000
TIMELINE 61 589 241738844034800 2161000
LATENCY 2148400
TIMELINE 61 605 241738878608600 2148400
LATENCY 2145100
TIMELINE 61 621 241738912858000 2145100
LATENCY 2253800
TIMELINE 61 637 241738949293200 2253800
LATENCY 2149000
TIMELINE 61 653 241738984611300 2149000
LATENCY 2148400
TIMELINE 61 669 241739040481400 2148400
LATENCY 2135100
TIMELINE 61 685 241739074759600 2135100
LATENCY 2127900
TIMELINE 61 701 241739109009600 2127900
LATENCY 2189600
TIMELINE 61 717 241739145352200 2189600
LATENCY 2163000
TIMELINE 61 733 241739180774500 2163000
LATENCY 2217000
TIMELINE 61 749 241739216431900 2217000
LATENCY 2155700
TIMELINE 61 765 241739252345800 2155700
LATENCY 2187800
TIMELINE 61 781 241739288431100 2187800
LATENCY 2183000
TIMELINE 61 797 241739343961500 2183000
LATENCY 2115700
TIMELINE 61 813 241739379876300 2115700
LATENCY 2255700
TIMELINE 61 829 241739415802100 2255700
LATENCY 2215400
TIMELINE 61 845 241739451223400 2215400
LATENCY 2146900
TIMELINE 61 861 241739486535200 2146900
LATENCY 2121600
TIMELINE 61 877 241739520636800 2121600
LATENCY 2425000
TIMELINE 61 893 241739555081900 2425000
LATENCY 2241400
TIMELINE 61 909 241739590945300 2241400
LATENCY 21678500
TIMELINE 61 925 241739626060200 21678500
LATENCY 2116900
TIMELINE 61 941 241739680521600 2116900
LATENCY 2129400
TIMELINE 61 957 241739715047800 2129400
LATENCY 2157200
TIMELINE 61 973 241739749396100 2157200
LATENCY 2113000
TIMELINE 61 989 241739784459100 2113000
LATENCY 2193600
TIMELINE 61 1005 241739820986200 2193600
LATENCY 2107300
TIMELINE 61 1021 241739856408800 2107300
LATENCY 2218800
TIMELINE 61 1037 241739891278100 2218800
LATENCY 2280800
TIMELINE 61 1053 241739927323500 2280800
LATENCY 2266000
TIMELINE 61 1069 241739968753900 2266000
LATENCY 2210200
TIMELINE 61 1085 241740003696200 2210200
LATENCY 2201500
TIMELINE 61 1101 241740039656300 2201500
LATENCY 2130400
TIMELINE 61 1117 241740074459100 2130400
LATENCY 2242000
TIMELINE 61 1133 241740110639900 2242000
LATENCY 2189900
TIMELINE 61 1149 241740146192400 2189900
LATENCY 2165000
TIMELINE 61 1165 241740181832600 2165000
LATENCY 2123900
TIMELINE 61 1181 241740216327700 2123900
LATENCY 2119900
TIMELINE 61 1197 241740257064900 2119900
LATENCY 2147000
TIMELINE 61 1213 241740291398100 2147000
LATENCY 2116300
TIMELINE 61 1229 241740325771500 2116300
LATENCY 3041600
TIMELINE 61 1245 241740370750100 3041600
LATENCY 3059800
TIMELINE 61 1261 241740418687800 3059800
LATENCY 2687800
TIMELINE 61 1277 241740465045000 2687800
LATENCY 2852100
TIMELINE 61 1293 241740512152000 2852100
LATENCY 2867700
TIMELINE 61 1309 241740561409300 2867700
LATENCY 8823100
TIMELINE 61 1325 241740607899000 8823100
LATENCY 2655600
TIMELINE 61 1341 241740665209400 2655600
LATENCY 2709700
TIMELINE 61 1357 241740708721900 2709700
LATENCY 2798500
TIMELINE 61 1373 241740754217400 2798500
LATENCY 2674300
TIMELINE 61 1389 241740798806400 2674300
LATENCY 2618200
TIMELINE 61 1405 241740841867300 2618200
LATENCY 3020500
TIMELINE 61 1421 241740886779300 3020500
LATENCY 3045700
TIMELINE 61 1437 241740935562600 3045700
LATENCY 2740300
TIMELINE 61 1453 241740981828800 2740300
LATENCY 2688900
TIMELINE 61 1469 241741034600500 2688900
LATENCY 2690800
TIMELINE 61 1485 241741080482200 2690800
LATENCY 2785500
TIMELINE 61 1501 241741127603300 2785500
LATENCY 2587400
TIMELINE 61 1517 241741173043700 2587400
LATENCY 2733000
TIMELINE 61 1533 241741216449500 2733000
LATENCY 3067200
TIMELINE 61 1549 241741260932900 3067200
LATENCY 3059800
TIMELINE 61 1565 241741309610100 3059800
LATENCY 3103100
TIMELINE 61 1581 241741356687600 3103100
LATENCY 3077500
TIMELINE 61 1597 241741411276200 3077500
LATENCY 2768000
TIMELINE 61 1613 241741460119600 2768000
LATENCY 3069800
TIMELINE 61 1629 241741505554900 3069800
LATENCY 2848900
TIMELINE 61 1645 241741552532000 2848900
LATENCY 2975000
TIMELINE 61 1661 241741600085800 2975000
LATENCY 2902800
TIMELINE 61 1677 241741646915200 2902800
LATENCY 2587200
TIMELINE 61 1693 241741699216400 2587200
LATENCY 2686000
TIMELINE 61 1709 241741743004000 2686000
LATENCY 2787300
TIMELINE 61 1725 241741789385600 2787300
LATENCY 2856900
TIMELINE 61 1741 241741843793100 2856900
LATENCY 2910900
TIMELINE 61 1757 241741888669700 2910900
LATENCY 2623200
TIMELINE 61 1773 241741932572000 2623200
LATENCY 2606600
TIMELINE 61 1789 241741977999900 2606600
LATENCY 2925300
TIMELINE 61 1805 241742023826200 2925300
LATENCY 2594700
TIMELINE 61 1821 241742068586100 2594700
LATENCY 3011800
TIMELINE 61 1837 241742111592000 3011800
LATENCY 3056100
TIMELINE 61 1853 241742158134300 3056100
LATENCY 2970800
TIMELINE 61 1869 241742209733600 2970800
LATENCY 2762400
TIMELINE 61 1885 241742255265600 2762400
LATENCY 2689000
TIMELINE 61 1901 241742299777900 2689000
LATENCY 2774100
TIMELINE 61 1917 241742344015100 2774100
LATENCY 2735800
TIMELINE 61 1933 241742389388200 2735800
LATENCY 2732500
TIMELINE 61 1949 241742432812000 2732500
LATENCY 2765900
TIMELINE 61 1965 241742476848800 2765900
LATENCY 3052700
TIMELINE 61 1981 241742526002400 3052700
LATENCY 3040700
TIMELINE 61 1997 241742579532600 3040700
LATENCY 2591300
TIMELINE 61 2013 241742627449800 2591300
LATENCY 2957200
TIMELINE 61 2029 241742670419600 2957200
LATENCY 3455200
TIMELINE 61 2045 241742714130600 3455200
LATENCY 2234500
TIMELINE 62 14 241737494560600 2234500
LATENCY 2120000
TIMELINE 62 30 241737530702400 2120000
LATENCY 2137700
TIMELINE 62 46 241737565712500 2137700
LATENCY 2153100
TIMELINE 62 62 241737600618900 2153100
LATENCY 2700400
TIMELINE 62 78 241737635148000 2700400
LATENCY 2155200
TIMELINE 62 94 241737671161600 2155200
LATENCY 2257400
TIMELINE 62 110 241737707367800 2257400
LATENCY 21396000
TIMELINE 62 126 241737743275100 21396000
LATENCY 2283100
TIMELINE 62 142 241737800100400 2283100
LATENCY 2162400
TIMELINE 62 158 241737836400400 2162400
LATENCY 2169700
TIMELINE 62 174 241737870865500 2169700
LATENCY 2175500
TIMELINE 62 190 241737906598700 2175500
LATENCY 2205400
TIMELINE 62 206 241737943535100 2205400
LATENCY 2121200
TIMELINE 62 222 241737978649400 2121200
LATENCY 2251000
TIMELINE 62 238 241738014480200 2251000
LATENCY 2194400
TIMELINE 62 254 241738051094000 2194400
LATENCY 2181000
TIMELINE 62 270 241738105333700 2181000
LATENCY 2321900
TIMELINE 62 286 241738140445600 2321900
LATENCY 2305300
TIMELINE 62 302 241738175358600 2305300
LATENCY 2124900
TIMELINE 62 318 241738209927200 2124900
LATENCY 2129500
TIMELINE 62 334 241738244144400 2129500
LATENCY 2194600
TIMELINE 62 350 241738280265100 2194600
LATENCY 2413900
TIMELINE 62 366 241738315822300 2413900
LATENCY 2123900
TIMELINE 62 382 241738352288600 2123900
LATENCY 2152000
TIMELINE 62 398 241738405318100 2152000
LATENCY 2248000
TIMELINE 62 414 241738440462300 2248000
LATENCY 2158300
TIMELINE 62 430 241738475638900 2158300
LATENCY 2095400
TIMELINE 62 446 241738510647700 2095400
LATENCY 2203600
TIMELINE 62 462 241738546540600 2203600
LATENCY 2337000
TIMELINE 62 478 241738582234900 2337000
LATENCY 2250600
TIMELINE 62 494 241738618039800 2250600
LATENCY 2213400
TIMELINE 62 510 241738653733200 2213400
LATENCY 2311200
TIMELINE 62 526 241738708097300 2311200
LATENCY 2126800
TIMELINE 62 542 241738742663100 2126800
LATENCY 2094100
TIMELINE 62 558 241738777155900 2094100
LATENCY 2139400
TIMELINE 62 574 241738811583700 2139400
LATENCY 2157300
TIMELINE 62 590 241738847018400 2157300
LATENCY 2168000
TIMELINE 62 606 241738881553200 2168000
LATENCY 2292500
TIMELINE 62 622 241738915828500 2292500
LATENCY 2177300
TIMELINE 62 638 241738951849300 2177300
LATENCY 2176900
TIMELINE 62 654 241738987055900 2176900
LATENCY 2183100
TIMELINE 62 670 241739043261400 2183100
LATENCY 2083200
TIMELINE 62 686 241739077509200 2083200
LATENCY 2143900
TIMELINE 62 702 241739111764900 2143900
LATENCY 2194600
TIMELINE 62 718 241739148217400 2194600
LATENCY 2211800
TIMELINE 62 734 241739183599000 2211800
LATENCY 2225400
TIMELINE 62 750 241739219237700 2225400
LATENCY 2121100
TIMELINE 62 766 241739255109500 2121100
LATENCY 2188500
TIMELINE 62 782 241739291529800 2188500
LATENCY 2147400
TIMELINE 62 798 241739347171500 2147400
LATENCY 2124700
TIMELINE 62 814 241739382878000 2124700
LATENCY 2153500
TIMELINE 62 830 241739418692000 2153500
LATENCY 2154200
TIMELINE 62 846 241739454291100 2154200
LATENCY 2108000
TIMELINE 62 862 241739489531300 2108000
LATENCY 2117300
TIMELINE 62 878 241739523545700 2117300
LATENCY 2203000
TIMELINE 62 894 241739558231400 2203000
LATENCY 2242900
TIMELINE 62 910 241739593918900 2242900
LATENCY 2352200
TIMELINE 62 926 241739648609200 2352200
LATENCY 2142600
TIMELINE 62 942 241739683258700 2142600
LATENCY 2164200
TIMELINE 62 958 241739717727300 2164200
LATENCY 2136400
TIMELINE 62 974 241739752092500 2136400
LATENCY 2170300
TIMELINE 62 990 241739786924000 2170300
LATENCY 2185800
TIMELINE 62 1006 241739823726100 2185800
LATENCY 2216800
TIMELINE 62 1022 241739859089300 2216800
LATENCY 2303500
TIMELINE 62 1038 241739894040900 2303500
LATENCY 2177200
TIMELINE 62 1054 241739930131600 2177200
LATENCY 2113600
TIMELINE 62 1070 241739971585700 2113600
LATENCY 2199900
TIMELINE 62 1086 241740006295400 2199900
LATENCY 2206100
TIMELINE 62 1102 241740042188100 2206100
LATENCY 2227300
TIMELINE 62 1118 241740076925800 2227300
LATENCY 2220300
TIMELINE 62 1134 241740113111400 2220300
LATENCY 2237600
TIMELINE 62 1150 241740148572500 2237600
LATENCY 2179200
TIMELINE 62 1166 241740184292900 2179200
LATENCY 2176200
TIMELINE 62 1182 241740219007000 2176200
LATENCY 2162200
TIMELINE 62 1198 241740259711600 2162200
LATENCY 2144400
TIMELINE 62 1214 241740294076300 2144400
LATENCY 2667300
TIMELINE 62 1230 241740328434100 2667300
LATENCY 3011800
TIMELINE 62 1246 241740374579700 3011800
LATENCY 3123300
TIMELINE 62 1262 241740422531200 3123300
LATENCY 2779500
TIMELINE 62 1278 241740468418100 2779500
LATENCY 2924300
TIMELINE 62 1294 241740515712800 2924300
LATENCY 2399700
TIMELINE 62 1310 241740565002100 2399700
LATENCY 2989100
TIMELINE 62 1326 241740617597200 2989100
LATENCY 2738200
TIMELINE 62 1342 241740668587900 2738200
LATENCY 2758000
TIMELINE 62 1358 241740712137400 2758000
LATENCY 2844300
TIMELINE 62 1374 241740756578300 2844300
LATENCY 2800100
TIMELINE 62 1390 241740801094500 2800100
LATENCY 2621600
TIMELINE 62 1406 241740844132600 2621600
LATENCY 3016300
TIMELINE 62 1422 241740889329500 3016300
LATENCY 3067800
TIMELINE 62 1438 241740938126800 3067800
LATENCY 2787200
TIMELINE 62 1454 241740984228300 2787200
LATENCY 2950800
TIMELINE 62 1470 241741037587100 2950800
LATENCY 2911600
TIMELINE 62 1486 241741083485200 2911600
LATENCY 2961500
TIMELINE 62 1502 241741130762100 2961500
LATENCY 2651600
TIMELINE 62 1518 241741175966800 2651600
LATENCY 2729000
TIMELINE 62 1534 241741219579400 2729000
LATENCY 2679500
TIMELINE 62 1550 241741264287800 2679500
LATENCY 2727100
TIMELINE 62 1566 241741313095400 2727100
LATENCY 3189900
TIMELINE 62 1582 241741360393600 3189900
LATENCY 3097900
TIMELINE 62 1598 241741414957100 3097900
LATENCY 3053400
TIMELINE 62 1614 241741463490200 3053400
LATENCY 3076600
TIMELINE 62 1630 241741509227300 3076600
LATENCY 2917500
TIMELINE 62 1646 241741556017400 2917500
LATENCY 2954800
TIMELINE 62 1662 241741603688600 2954800
LATENCY 2950100
TIMELINE 62 1678 241741650443900 2950100
LATENCY 2684800
TIMELINE 62 1694 241741702351300 2684800
LATENCY 2690500
TIMELINE 62 1710 241741746276800 2690500
LATENCY 8274600
TIMELINE 62 1726 241741792709600 8274600
LATENCY 2877200
TIMELINE 62 1742 241741846694100 2877200
LATENCY 3139600
TIMELINE 62 1758 241741891666900 3139600
LATENCY 2727100
TIMELINE 62 1774 241741935232200 2727100
LATENCY 2637100
TIMELINE 62 1790 241741980528600 2637100
LATENCY 3016600
TIMELINE 62 1806 241742026586700 3016600
LATENCY 2562700
TIMELINE 62 1822 241742071034800 2562700
LATENCY 2928000
TIMELINE 62 1838 241742114437700 2928000
LATENCY 3036900
TIMELINE 62 1854 241742161021900 3036900
LATENCY 2763600
TIMELINE 62 1870 241742212778400 2763600
LATENCY 2770100
TIMELINE 62 1886 241742258105200 2770100
LATENCY 2792000
TIMELINE 62 1902 241742302540100 2792000
LATENCY 2751300
TIMELINE 62 1918 241742346679900 2751300
LATENCY 2787300
TIMELINE 62 1934 241742392005000 2787300
LATENCY 2698000
TIMELINE 62 1950 241742435509000 2698000
LATENCY 2666300
TIMELINE 62 1966 241742479575500 2666300
LATENCY 3064700
TIMELINE 62 1982 241742528915500 3064700
LATENCY 3061500
TIMELINE 62 1998 241742582442200 3061500
LATENCY 2636500
TIMELINE 62 2014 241742629929500 2636500
LATENCY 2994800
TIMELINE 62 2030 241742673333600 2994800
LATENCY 3928700
TIMELINE 62 2046 241742717674100 3928700
LATENCY 2174300
TIMELINE 63 15 241737496926600 2174300
LATENCY 2183500
TIMELINE 63 31 241737532933600 2183500
LATENCY 2200800
TIMELINE 63 47 241737567952200 2200800
LATENCY 2139600
TIMELINE 63 63 241737602840100 2139600
LATENCY 2422900
TIMELINE 63 79 241737637749000 2422900
LATENCY 2150700
TIMELINE 63 95 241737673232300 2150700
LATENCY 2370000
TIMELINE 63 111 241737709512200 2370000
LATENCY 3244700
TIMELINE 63 127 241737764302300 3244700
LATENCY 2379400
TIMELINE 63 143 241737802254400 2379400
LATENCY 2160700
TIMELINE 63 159 241737838533200 2160700
LATENCY 2250800
TIMELINE 63 175 241737873008600 2250800
LATENCY 2314500
TIMELINE 63 191 241737908717100 2314500
LATENCY 2214700
TIMELINE 63 207 241737945815300 2214700
LATENCY 2116500
TIMELINE 63 223 241737980844000 2116500
LATENCY 2418700
TIMELINE 63 239 241738016770200 2418700
LATENCY 2145700
TIMELINE 63 255 241738053323500 2145700
LATENCY 2230500
TIMELINE 63 271 241738107635900 2230500
LATENCY 2204700
TIMELINE 63 287 241738142921900 2204700
LATENCY 2228500
TIMELINE 63 303 241738177725000 2228500
LATENCY 2096700
TIMELINE 63 319 241738212114500 2096700
LATENCY 2156400
TIMELINE 63 335 241738246213500 2156400
LATENCY 2199900
TIMELINE 63 351 241738282341700 2199900
LATENCY 2289100
TIMELINE 63 367 241738318034500 2289100
LATENCY 2210000
TIMELINE 63 383 241738354237300 2210000
LATENCY 2218100
TIMELINE 63 399 241738407292500 2218100
LATENCY 2382800
TIMELINE 63 415 241738442530200 2382800
LATENCY 2124100
TIMELINE 63 431 241738477191200 2124100
LATENCY 2282000
TIMELINE 63 447 241738512139900 2282000
LATENCY 2239300
TIMELINE 63 463 241738547967100 2239300
LATENCY 2376600
TIMELINE 63 479 241738583652600 2376600
LATENCY 2202300
TIMELINE 63 495 241738619364200 2202300
LATENCY 2234400
TIMELINE 63 511 241738655266200 2234400
LATENCY 2052100
TIMELINE 63 527 241738709690300 2052100
LATENCY 2171200
TIMELINE 63 543 241738744145000 2171200
LATENCY 2115100
TIMELINE 63 559 241738778591500 2115100
LATENCY 2206000
TIMELINE 63 575 241738813067200 2206000
LATENCY 2126300
TIMELINE 63 591 241738848538100 2126300
LATENCY 2142300
TIMELINE 63 607 241738883105500 2142300
LATENCY 2371200
TIMELINE 63 623 241738917481100 2371200
LATENCY 2219200
TIMELINE 63 639 241738953361700 2219200
LATENCY 2255000
TIMELINE 63 655 241738988497300 2255000
LATENCY 2170400
TIMELINE 63 671 241739044640800 2170400
LATENCY 2126900
TIMELINE 63 687 241739078864500 2126900
LATENCY 2167200
TIMELINE 63 703 241739113148500 2167200
LATENCY 2342200
TIMELINE 63 719 241739149609800 2342200
LATENCY 2189800
TIMELINE 63 735 241739184996600 2189800
LATENCY 2223000
TIMELINE 63 751 241739220728600 2223000
LATENCY 2144500
TIMELINE 63 767 241739256364500 2144500
LATENCY 2139400
TIMELINE 63 783 241739292595300 2139400
LATENCY 2277900
TIMELINE 63 799 241739348128300 2277900
LATENCY 2184600
TIMELINE 63 815 241739383730400 2184600
LATENCY 2206900
TIMELINE 63 831 241739419767200 2206900
LATENCY 2164400
TIMELINE 63 847 241739455304700 2164400
LATENCY 2105000
TIMELINE 63 863 241739490570500 2105000
LATENCY 2098100
TIMELINE 63 879 241739524648800 2098100
LATENCY 2204000
TIMELINE 63 895 241739559366100 2204000
LATENCY 2231600
TIMELINE 63 911 241739595094600 2231600
LATENCY 2170300
TIMELINE 63 927 241739649803700 2170300
LATENCY 2136100
TIMELINE 63 943 241739684366500 2136100
LATENCY 2118100
TIMELINE 63 959 241739718875400 2118100
LATENCY 2131100
TIMELINE 63 975 241739753209200 2131100
LATENCY 2164500
TIMELINE 63 991 241739787983700 2164500
LATENCY 2190400
TIMELINE 63 1007 241739824595500 2190400
LATENCY 2256900
TIMELINE 63 1023 241739859849000 2256900
LATENCY 2278400
TIMELINE 63 1039 241739894845900 2278400
LATENCY 2163800
TIMELINE 63 1055 241739930976000 2163800
LATENCY 2104400
TIMELINE 63 1071 241739972368100 2104400
LATENCY 2243400
TIMELINE 63 1087 241740006990900 2243400
LATENCY 2213800
TIMELINE 63 1103 241740042841300 2213800
LATENCY 2428000
TIMELINE 63 1119 241740077618500 2428000
LATENCY 2233100
TIMELINE 63 1135 241740113899900 2233100
LATENCY 2205900
TIMELINE 63 1151 241740149401400 2205900
LATENCY 2199800
TIMELINE 63 1167 241740185060200 2199800
LATENCY 2145700
TIMELINE 63 1183 241740219593500 2145700
LATENCY 2138200
TIMELINE 63 1199 241740260586200 2138200
LATENCY 2155800
TIMELINE 63 1215 241740294941800 2155800
LATENCY 2699400
TIMELINE 63 1231 241740329531600 2699400
LATENCY 3190800
TIMELINE 63 1247 241740375765700 3190800
LATENCY 3076900
TIMELINE 63 1263 241740423739500 3076900
LATENCY 2834200
TIMELINE 63 1279 241740469421200 2834200
LATENCY 2889500
TIMELINE 63 1295 241740516872400 2889500
LATENCY 2600000
TIMELINE 63 1311 241740565913700 2600000
LATENCY 2969300
TIMELINE 63 1327 241740618756000 2969300
LATENCY 2711700
TIMELINE 63 1343 241740669631900 2711700
LATENCY 2743400
TIMELINE 63 1359 241740713180600 2743400
LATENCY 2929500
TIMELINE 63 1375 241740757884900 2929500
LATENCY 2779500
TIMELINE 63 1391 241740802384700 2779500
LATENCY 2667800
TIMELINE 63 1407 241740845317000 2667800
LATENCY 2997500
TIMELINE 63 1423 241740890711500 2997500
LATENCY 3052900
TIMELINE 63 1439 241740939520600 3052900
LATENCY 2699800
TIMELINE 63 1455 241740985468200 2699800
LATENCY 2660500
TIMELINE 63 1471 241741040733900 2660500
LATENCY 2870500
TIMELINE 63 1487 241741086610900 2870500
LATENCY 2919100
TIMELINE 63 1503 241741133893000 2919100
LATENCY 2625500
TIMELINE 63 1519 241741178773600 2625500
LATENCY 2744700
TIMELINE 63 1535 241741222467300 2744700
LATENCY 2694800
TIMELINE 63 1551 241741267126300 2694800
LATENCY 3094200
TIMELINE 63 1567 241741316177500 3094200
LATENCY 3025700
TIMELINE 63 1583 241741363842700 3025700
LATENCY 3090100
TIMELINE 63 1599 241741418325300 3090100
LATENCY 2775900
TIMELINE 63 1615 241741466787500 2775900
LATENCY 3075400
TIMELINE 63 1631 241741512569300 3075400
LATENCY 3074900
TIMELINE 63 1647 241741559315800 3074900
LATENCY 2930100
TIMELINE 63 1663 241741606980200 2930100
LATENCY 3066500
TIMELINE 63 1679 241741653805000 3066500
LATENCY 2763800
TIMELINE 63 1695 241741705334900 2763800
LATENCY 2721200
TIMELINE 63 1711 241741749294400 2721200
LATENCY 2769500
TIMELINE 63 1727 241741801354600 2769500
LATENCY 2856800
TIMELINE 63 1743 241741850490800 2856800
LATENCY 2821700
TIMELINE 63 1759 241741895657300 2821700
LATENCY 2675300
TIMELINE 63 1775 241741938773600 2675300
LATENCY 2700100
TIMELINE 63 1791 241741984017800 2700100
LATENCY 2933400
TIMELINE 63 1807 241742030553000 2933400
LATENCY 2614200
TIMELINE 63 1823 241742074366600 2614200
LATENCY 2761200
TIMELINE 63 1839 241742118198600 2761200
LATENCY 2984800
TIMELINE 63 1855 241742164994800 2984800
LATENCY 2754700
TIMELINE 63 1871 241742216306400 2754700
LATENCY 2795100
TIMELINE 63 1887 241742261639200 2795100
LATENCY 2716700
TIMELINE 63 1903 241742306110900 2716700
LATENCY 2730000
TIMELINE 63 1919 241742350222600 2730000
LATENCY 2826300
TIMELINE 63 1935 241742395575500 2826300
LATENCY 2704400
TIMELINE 63 1951 241742438878800 2704400
LATENCY 2725900
TIMELINE 63 1967 241742482966600 2725900
LATENCY 3004500
TIMELINE 63 1983 241742532867300 3004500
LATENCY 3035900
TIMELINE 63 1999 241742586423000 3035900
LATENCY 2574500
TIMELINE 63 2015 241742633343000 2574500
LATENCY 2949200
TIMELINE 63 2031 241742677116700 2949200
LATENCY 2451700
TIMELINE 63 2047 241742722469800 2451700
PASS curl benchmark
[engine] opt unque. engine=1  id=85    PhpRootGen@24b0f193(resume_bci=1142)               |Tier 1|Count/Thres       8192/      400|Queue: Size    0 Change  0  Load  1,00 Time     0us                                   |UTC 2026-09-25T22:41:22.923|Src n/a|Reason Polyglot engine was closed.
[engine] opt unque. engine=1  id=86    PhpRootGen@24b0f193(resume_bci=1760)               |Tier 1|Count/Thres      11891/      400|Queue: Size    0 Change  0  Load  1,00 Time     0us                                   |UTC 2026-09-25T22:41:22.923|Src n/a|Reason Polyglot engine was closed.
