[To redirect Truffle log output to a file use one of the following options:
* '--log.file=<path>' if the option is passed using a guest language launcher.
* '-Dpolyglot.log.file=<path>' if the option is passed using the host Java launcher.
* Configure logging using the polyglot embedding API.]
[engine] opt queued engine=1  id=21    PhpRootGen@1c9cbc0d                                |Tier 1|Count/Thres        400/      400|Queue: Size    0 Change +1  Load  1,00 Time     0us                                   |UTC 2026-09-25T22:41:39.076|Src n/a
[engine] opt start  engine=1  id=21    PhpRootGen@1c9cbc0d                                |Tier 1|Priority 113485851|Rate 755,5723|Queue: Size    0 Change +0  Load  1,00 Time     0us                                   |UTC 2026-09-25T22:41:39.076|Src n/a|Bonuses first tier
[engine] opt queued engine=1  id=83    PhpRootGen@21501c13(resume_bci=1536)               |Tier 1|Count/Thres        400/      400|Queue: Size    0 Change +1  Load  1,00 Time     0us                                   |UTC 2026-09-25T22:41:39.089|Src n/a
[engine] opt start  engine=1  id=83    PhpRootGen@21501c13(resume_bci=1536)               |Tier 1|Priority 143862574|Rate 958,0838|Queue: Size    0 Change +0  Load  1,00 Time     0us                                   |UTC 2026-09-25T22:41:39.089|Src n/a|Bonuses first tier
[engine] opt queued engine=1  id=77    CallSignatureNode.CallSignatureRootNode@ff70719    |Tier 1|Count/Thres        400/      400|Queue: Size    0 Change +1  Load  1,00 Time     0us                                   |UTC 2026-09-25T22:41:39.090|Src n/a
[engine] opt queued engine=1  id=76    FunctionExecuteNode.SignatureExecuteNode@3aad0fdd  |Tier 1|Count/Thres        400/      400|Queue: Size    0 Change +1  Load  1,00 Time     0us                                   |UTC 2026-09-25T22:41:39.090|Src n/a
[engine] opt start  engine=1  id=77    CallSignatureNode.CallSignatureRootNode@ff70719    |Tier 1|Priority   1873400|Rate 11,48933|Queue: Size    0 Change +0  Load  1,00 Time     0us                                   |UTC 2026-09-25T22:41:39.090|Src n/a|Bonuses first tier
[engine] opt start  engine=1  id=76    FunctionExecuteNode.SignatureExecuteNode@3aad0fdd  |Tier 1|Priority   1861308|Rate 11,40872|Queue: Size    0 Change +0  Load  1,00 Time     0us                                   |UTC 2026-09-25T22:41:39.090|Src n/a|Bonuses first tier
[engine] opt done   engine=1  id=76    FunctionExecuteNode.SignatureExecuteNode@3aad0fdd  |Tier 1|Time     7(   5+2   )ms|AST    3|Inlined   0Y   0N|IR    124/   269|CodeSize     926|Addr 0x3ef9952e0000|CompId 5728   |UTC 2026-09-25T22:41:39.097|Src n/a
[engine] opt done   engine=1  id=77    CallSignatureNode.CallSignatureRootNode@ff70719    |Tier 1|Time     9(   7+2   )ms|AST   11|Inlined   0Y   1N|IR    140/   403|CodeSize    1464|Addr 0x4eda79d90000|CompId 5727   |UTC 2026-09-25T22:41:39.100|Src n/a
[engine] opt done   engine=1  id=21    PhpRootGen@1c9cbc0d                                |Tier 1|Time    17(   9+8   )ms|AST    2|Inlined   0Y   0N|IR    396/  1439|CodeSize    5827|Addr 0x39fbd4a70000|CompId 5725   |UTC 2026-09-25T22:41:39.101|Src n/a
[0.111s] GC(0) Pause Incremental GC (Collect on allocation) 48.12M->21.00M 46.371ms
[engine] opt unque. engine=1  id=83    PhpRootGen@21501c13(resume_bci=1536)               |Tier 1|Count/Thres      10000/      400|Queue: Size    0 Change  0  Load  1,00 Time     0us                                   |UTC 2026-09-25T22:41:39.154|Src n/a|Reason Non permanent bailout: jdk.graal.compiler.core.common.RetryableBailoutException: Assumption invalidated while compiling code: IsolatedObjectConstant[Object]
[engine] opt queued engine=1  id=74    CallSignatureNode.CallSignatureRootNode@28a56fb6   |Tier 1|Count/Thres        400/      400|Queue: Size    0 Change +1  Load  1,00 Time     0us                                   |UTC 2026-09-25T22:41:39.181|Src n/a
[engine] opt start  engine=1  id=74    CallSignatureNode.CallSignatureRootNode@28a56fb6   |Tier 1|Priority    620342|Rate 3,135617|Queue: Size    0 Change +0  Load  1,00 Time     0us                                   |UTC 2026-09-25T22:41:39.181|Src n/a|Bonuses first tier
[engine] opt queued engine=1  id=73    FunctionExecuteNode.SignatureExecuteNode@7dde53cf  |Tier 1|Count/Thres        400/      400|Queue: Size    0 Change +1  Load  1,00 Time     0us                                   |UTC 2026-09-25T22:41:39.182|Src n/a
[engine] opt start  engine=1  id=73    FunctionExecuteNode.SignatureExecuteNode@7dde53cf  |Tier 1|Priority    619367|Rate 3,129114|Queue: Size    0 Change +0  Load  1,00 Time     0us                                   |UTC 2026-09-25T22:41:39.182|Src n/a|Bonuses first tier
[engine] opt queued engine=1  id=71    LibFFIClosure.VoidRetClosureRootNode@419bd2a5      |Tier 1|Count/Thres        400/      400|Queue: Size    1 Change +1  Load  1,00 Time     0us                                   |UTC 2026-09-25T22:41:39.183|Src n/a
[engine] opt start  engine=1  id=71    LibFFIClosure.VoidRetClosureRootNode@419bd2a5      |Tier 1|Priority    619669|Rate 3,131133|Queue: Size    0 Change +0  Load  1,00 Time     0us                                   |UTC 2026-09-25T22:41:39.183|Src n/a|Bonuses first tier
[engine] opt queued engine=1  id=86    PhpRootGen@5e3fea0b(resume_bci=1760)               |Tier 1|Count/Thres        400/      400|Queue: Size    1 Change +1  Load  1,00 Time     0us                                   |UTC 2026-09-25T22:41:39.185|Src n/a
[engine] opt start  engine=1  id=86    PhpRootGen@5e3fea0b(resume_bci=1760)               |Tier 1|Priority   3699854|Rate 23,66569|Queue: Size    0 Change +0  Load  1,00 Time     0us                                   |UTC 2026-09-25T22:41:39.186|Src n/a|Bonuses first tier
[engine] opt done   engine=1  id=73    FunctionExecuteNode.SignatureExecuteNode@7dde53cf  |Tier 1|Time     6(   3+3   )ms|AST    4|Inlined   0Y   0N|IR    132/   310|CodeSize    1081|Addr 0x5e665d710000|CompId 5730   |UTC 2026-09-25T22:41:39.187|Src n/a
[engine] opt done   engine=1  id=71    LibFFIClosure.VoidRetClosureRootNode@419bd2a5      |Tier 1|Time     5(   3+2   )ms|AST   23|Inlined   0Y   0N|IR    125/   395|CodeSize    1658|Addr 0x3c9e12f70000|CompId 5731   |UTC 2026-09-25T22:41:39.188|Src n/a
[engine] opt done   engine=1  id=74    CallSignatureNode.CallSignatureRootNode@28a56fb6   |Tier 1|Time     7(   3+3   )ms|AST   12|Inlined   0Y   1N|IR    146/   483|CodeSize    1949|Addr 0x5edd50970000|CompId 5729   |UTC 2026-09-25T22:41:39.188|Src n/a
[engine] opt done   engine=1  id=86    PhpRootGen@5e3fea0b(resume_bci=1760)               |Tier 1|Time    35(  11+23  )ms|AST    1|Inlined   0Y   0N|IR   1755/  4845|CodeSize   20708|Addr 0x1651c8dd0000|CompId 5732   |UTC 2026-09-25T22:41:39.220|Src n/a
[engine] opt queued engine=1  id=85    PhpRootGen@5e3fea0b(resume_bci=1142)               |Tier 1|Count/Thres        400/      400|Queue: Size    1 Change +1  Load  1,00 Time     0us                                   |UTC 2026-09-25T22:41:39.392|Src n/a
[engine] opt start  engine=1  id=85    PhpRootGen@5e3fea0b(resume_bci=1142)               |Tier 1|Priority    418231|Rate 1,788212|Queue: Size    0 Change +0  Load  1,00 Time     0us                                   |UTC 2026-09-25T22:41:39.392|Src n/a|Bonuses first tier
[engine] opt done   engine=1  id=85    PhpRootGen@5e3fea0b(resume_bci=1142)               |Tier 1|Time    54(  17+37  )ms|AST    1|Inlined   0Y   0N|IR   2763/  7680|CodeSize   32708|Addr 0x79db08bf0000|CompId 5733   |UTC 2026-09-25T22:41:39.447|Src n/a
[0.430s] GC(1) Pause Incremental GC (Collect on allocation) 69.00M->22.50M 18.554ms
[engine] opt queued engine=1  id=74    CallSignatureNode.CallSignatureRootNode@28a56fb6   |Tier 2|Count/Thres      10000/    10000|Queue: Size    1 Change +1  Load  1,00 Time     0us                                   |UTC 2026-09-25T22:41:39.535|Src n/a
[engine] opt queued engine=1  id=73    FunctionExecuteNode.SignatureExecuteNode@7dde53cf  |Tier 2|Count/Thres      10000/    10000|Queue: Size    2 Change +1  Load  1,00 Time     0us                                   |UTC 2026-09-25T22:41:39.535|Src n/a
[engine] opt start  engine=1  id=73    FunctionExecuteNode.SignatureExecuteNode@7dde53cf  |Tier 2|Priority    217751|Rate 20,77516|Queue: Size    0 Change +0  Load  1,00 Time     0us                                   |UTC 2026-09-25T22:41:39.535|Src n/a|Bonuses
[engine] opt start  engine=1  id=74    CallSignatureNode.CallSignatureRootNode@28a56fb6   |Tier 2|Priority    217776|Rate 20,77768|Queue: Size    0 Change +0  Load  1,00 Time     0us                                   |UTC 2026-09-25T22:41:39.535|Src n/a|Bonuses
[engine] opt queued engine=1  id=71    LibFFIClosure.VoidRetClosureRootNode@419bd2a5      |Tier 2|Count/Thres      10000/    10000|Queue: Size    1 Change +1  Load  1,00 Time     0us                                   |UTC 2026-09-25T22:41:39.537|Src n/a
[engine] opt start  engine=1  id=71    LibFFIClosure.VoidRetClosureRootNode@419bd2a5      |Tier 2|Priority    217710|Rate 20,77108|Queue: Size    0 Change +0  Load  1,00 Time     0us                                   |UTC 2026-09-25T22:41:39.537|Src n/a|Bonuses
[engine] opt done   engine=1  id=73    FunctionExecuteNode.SignatureExecuteNode@7dde53cf  |Tier 2|Time     5(   1+4   )ms|AST    4|Inlined   0Y   0N|IR     74/   188|CodeSize     646|Addr 0x6c77785e0000|CompId 5734   |UTC 2026-09-25T22:41:39.540|Src n/a
[engine] opt done   engine=1  id=74    CallSignatureNode.CallSignatureRootNode@28a56fb6   |Tier 2|Time     5(   2+3   )ms|AST   12|Inlined   1Y   0N|IR    108/   263|CodeSize     825|Addr 0x61f8fa050000|CompId 5735   |UTC 2026-09-25T22:41:39.540|Src n/a
[engine] opt done   engine=1  id=71    LibFFIClosure.VoidRetClosureRootNode@419bd2a5      |Tier 2|Time     5(   2+3   )ms|AST   23|Inlined   0Y   0N|IR     64/   333|CodeSize    1532|Addr 0x613ef92e0000|CompId 5736   |UTC 2026-09-25T22:41:39.542|Src n/a
[engine] opt queued engine=1  id=86    PhpRootGen@5e3fea0b(resume_bci=1760)               |Tier 2|Count/Thres      10000/    10000|Queue: Size    1 Change +1  Load  1,00 Time     0us                                   |UTC 2026-09-25T22:41:39.563|Src n/a
[engine] opt start  engine=1  id=86    PhpRootGen@5e3fea0b(resume_bci=1760)               |Tier 2|Priority    264461|Rate 25,44610|Queue: Size    0 Change +0  Load  1,00 Time     0us                                   |UTC 2026-09-25T22:41:39.563|Src n/a|Bonuses
[engine] opt done   engine=1  id=86    PhpRootGen@5e3fea0b(resume_bci=1760)               |Tier 2|Time    49(  10+39  )ms|AST    1|Inlined   0Y   0N|IR   1672/  3783|CodeSize   15619|Addr 0x0d12dc250000|CompId 5737   |UTC 2026-09-25T22:41:39.611|Src n/a
[engine] opt inval. engine=1  id=86    PhpRootGen@5e3fea0b(resume_bci=1760)                                                                                                                                              |UTC 2026-09-25T22:41:39.647|Src n/a|Reason null
[engine] opt deopt  engine=1  id=86    PhpRootGen@5e3fea0b(resume_bci=1760)               |Invalidated  true|                                                                                                            |UTC 2026-09-25T22:41:39.647|Src n/a|Reason unknown
[engine] opt queued engine=1  id=86    PhpRootGen@5e3fea0b(resume_bci=1760)               |Tier 1|Count/Thres      11326/      400|Queue: Size    1 Change +1  Load  1,00 Time     0us                                   |UTC 2026-09-25T22:41:39.647|Src n/a
[engine] opt start  engine=1  id=86    PhpRootGen@5e3fea0b(resume_bci=1760)               |Tier 1|Priority 104967625|Rate 23,71425|Queue: Size    0 Change +0  Load  1,00 Time     0us                                   |UTC 2026-09-25T22:41:39.647|Src n/a|Bonuses first tier
[engine] opt done   engine=1  id=86    PhpRootGen@5e3fea0b(resume_bci=1760)               |Tier 1|Time    47(  11+36  )ms|AST    1|Inlined   0Y   0N|IR   1816/  5189|CodeSize   22322|Addr 0x3ae0cf3c0000|CompId 5738   |UTC 2026-09-25T22:41:39.693|Src n/a
[engine] opt queued engine=1  id=86    PhpRootGen@5e3fea0b(resume_bci=1760)               |Tier 2|Count/Thres      12681/    10000|Queue: Size    1 Change +1  Load  1,00 Time     0us                                   |UTC 2026-09-25T22:41:39.698|Src n/a
[engine] opt start  engine=1  id=86    PhpRootGen@5e3fea0b(resume_bci=1760)               |Tier 2|Priority    316532|Rate 23,96117|Queue: Size    0 Change +0  Load  1,00 Time     0us                                   |UTC 2026-09-25T22:41:39.698|Src n/a|Bonuses
[0.734s] GC(2) Pause Incremental GC (Collect on allocation) 70.50M->23.50M 17.341ms
[engine] opt done   engine=1  id=86    PhpRootGen@5e3fea0b(resume_bci=1760)               |Tier 2|Time    78(  10+68  )ms|AST    1|Inlined   0Y   0N|IR   1688/  4080|CodeSize   17354|Addr 0x4d24f0890000|CompId 5739   |UTC 2026-09-25T22:41:39.776|Src n/a
[1.049s] GC(3) Pause Incremental GC (Collect on allocation) 71.50M->24.00M 17.340ms
[1.369s] GC(4) Pause Incremental GC (Collect on allocation) 72.00M->24.50M 18.335ms
[1.679s] GC(5) Pause Incremental GC (Collect on allocation) 72.50M->25.00M 18.365ms
[1.989s] GC(6) Pause Incremental GC (Collect on allocation) 73.00M->25.50M 18.489ms
[2.303s] GC(7) Pause Incremental GC (Collect on allocation) 73.50M->25.50M 18.757ms
[2.603s] GC(8) Pause Incremental GC (Collect on allocation) 73.50M->25.50M 5.855ms
[2.908s] GC(9) Pause Incremental GC (Collect on allocation) 73.50M->26.00M 5.403ms
[3.281s] GC(10) Pause Incremental GC (Collect on allocation) 74.00M->26.50M 5.367ms
[3.670s] GC(11) Pause Incremental GC (Collect on allocation) 74.50M->27.00M 5.368ms
[4.061s] GC(12) Pause Incremental GC (Collect on allocation) 75.00M->27.00M 5.642ms
[4.443s] GC(13) Pause Incremental GC (Collect on allocation) 75.00M->27.50M 5.333ms
[4.828s] GC(14) Pause Incremental GC (Collect on allocation) 75.50M->28.00M 5.280ms
[5.216s] GC(15) Pause Incremental GC (Collect on allocation) 76.00M->28.50M 5.381ms
[engine] opt inval. engine=1  id=86    PhpRootGen@5e3fea0b(resume_bci=1760)                                                                                                                                              |UTC 2026-09-25T22:41:44.424|Src n/a|Reason null
[engine] opt deopt  engine=1  id=86    PhpRootGen@5e3fea0b(resume_bci=1760)               |Invalidated  true|                                                                                                            |UTC 2026-09-25T22:41:44.425|Src n/a|Reason unknown
[engine] opt queued engine=1  id=86    PhpRootGen@5e3fea0b(resume_bci=1760)               |Tier 1|Count/Thres      14320/      400|Queue: Size    1 Change +1  Load  1,00 Time     0us                                   |UTC 2026-09-25T22:41:44.425|Src n/a
[engine] opt start  engine=1  id=86    PhpRootGen@5e3fea0b(resume_bci=1760)               |Tier 1|Priority  20000075|Rate 2,724409|Queue: Size    0 Change +0  Load  1,00 Time     0us                                   |UTC 2026-09-25T22:41:44.425|Src n/a|Bonuses first tier
[engine] opt inval. engine=1  id=85    PhpRootGen@5e3fea0b(resume_bci=1142)                                                                                                                                              |UTC 2026-09-25T22:41:44.426|Src n/a|Reason null
[engine] opt deopt  engine=1  id=85    PhpRootGen@5e3fea0b(resume_bci=1142)               |Invalidated  true|                                                                                                            |UTC 2026-09-25T22:41:44.426|Src n/a|Reason unknown
[engine] opt queued engine=1  id=85    PhpRootGen@5e3fea0b(resume_bci=1142)               |Tier 1|Count/Thres       8188/      400|Queue: Size    1 Change +1  Load  1,00 Time     0us                                   |UTC 2026-09-25T22:41:44.426|Src n/a
[engine] opt start  engine=1  id=85    PhpRootGen@5e3fea0b(resume_bci=1142)               |Tier 1|Priority   7852521|Rate 1,557408|Queue: Size    0 Change +0  Load  1,00 Time     0us                                   |UTC 2026-09-25T22:41:44.426|Src n/a|Bonuses first tier
[engine] opt queued engine=1  id=89    PhpRootGen@1c9cbc0d(resume_bci=168)                |Tier 1|Count/Thres        400/      400|Queue: Size    1 Change +1  Load  1,00 Time     0us                                   |UTC 2026-09-25T22:41:44.436|Src n/a
[engine] opt start  engine=1  id=89    PhpRootGen@1c9cbc0d(resume_bci=168)                |Tier 1|Priority  41666745|Rate 276,7783|Queue: Size    0 Change +0  Load  1,00 Time     0us                                   |UTC 2026-09-25T22:41:44.436|Src n/a|Bonuses first tier
[engine] opt done   engine=1  id=89    PhpRootGen@1c9cbc0d(resume_bci=168)                |Tier 1|Time    11(   6+6   )ms|AST    1|Inlined   0Y   0N|IR    351/   790|CodeSize    2933|Addr 0x5c145f280000|CompId 5742   |UTC 2026-09-25T22:41:44.448|Src n/a
VERSION libcurl/8.22.0 BoringSSL zlib/1.3.2 brotli/1.2.0 zstd/1.5.7 WinIDN nghttp2/1.63.0
CLOCK 241758939351800 241758946911900
LATENCY 15210200
TIMELINE 0 0 241758993810500 15210200
LATENCY 2290700
TIMELINE 0 16 241759046005200 2290700
LATENCY 2164200
TIMELINE 0 32 241759081366100 2164200
LATENCY 2213800
TIMELINE 0 48 241759116732300 2213800
LATENCY 2181900
TIMELINE 0 64 241759151209900 2181900
LATENCY 2207600
TIMELINE 0 80 241759186156900 2207600
LATENCY 2137400
TIMELINE 0 96 241759223016400 2137400
LATENCY 2278200
TIMELINE 0 112 241759259113600 2278200
LATENCY 2409200
TIMELINE 0 128 241759314016700 2409200
LATENCY 2149700
TIMELINE 0 144 241759349425400 2149700
LATENCY 2149800
TIMELINE 0 160 241759385213000 2149800
LATENCY 2182800
TIMELINE 0 176 241759421419200 2182800
LATENCY 2121700
TIMELINE 0 192 241759456501000 2121700
LATENCY 2234100
TIMELINE 0 208 241759491281200 2234100
LATENCY 2254300
TIMELINE 0 224 241759528543600 2254300
LATENCY 2207900
TIMELINE 0 240 241759564069500 2207900
LATENCY 2663400
TIMELINE 0 256 241759617990600 2663400
LATENCY 2113900
TIMELINE 0 272 241759652980100 2113900
LATENCY 2153900
TIMELINE 0 288 241759687154900 2153900
LATENCY 2090800
TIMELINE 0 304 241759722433600 2090800
LATENCY 2504900
TIMELINE 0 320 241759757581400 2504900
LATENCY 2247100
TIMELINE 0 336 241759794515600 2247100
LATENCY 2290700
TIMELINE 0 352 241759831495500 2290700
LATENCY 2250300
TIMELINE 0 368 241759867198100 2250300
LATENCY 2103700
TIMELINE 0 384 241759902748200 2103700
LATENCY 2180500
TIMELINE 0 400 241759956821000 2180500
LATENCY 2376500
TIMELINE 0 416 241759997404100 2376500
LATENCY 2224000
TIMELINE 0 432 241760033665400 2224000
LATENCY 2199000
TIMELINE 0 448 241760068366200 2199000
LATENCY 2248100
TIMELINE 0 464 241760103861500 2248100
LATENCY 2168400
TIMELINE 0 480 241760138672800 2168400
LATENCY 2217100
TIMELINE 0 496 241760173513200 2217100
LATENCY 2211000
TIMELINE 0 512 241760210147800 2211000
LATENCY 2135400
TIMELINE 0 528 241760264965100 2135400
LATENCY 2136400
TIMELINE 0 544 241760299405000 2136400
LATENCY 2105500
TIMELINE 0 560 241760334356700 2105500
LATENCY 2573700
TIMELINE 0 576 241760368837900 2573700
LATENCY 2159800
TIMELINE 0 592 241760404693700 2159800
LATENCY 2162800
TIMELINE 0 608 241760440287500 2162800
LATENCY 2138900
TIMELINE 0 624 241760474565900 2138900
LATENCY 2125000
TIMELINE 0 640 241760508713600 2125000
LATENCY 21195200
TIMELINE 0 656 241760542882100 21195200
LATENCY 2193100
TIMELINE 0 672 241760597003300 2193100
LATENCY 2193400
TIMELINE 0 688 241760632152300 2193400
LATENCY 2176200
TIMELINE 0 704 241760667359800 2176200
LATENCY 2230000
TIMELINE 0 720 241760701938800 2230000
LATENCY 2202900
TIMELINE 0 736 241760736871200 2202900
LATENCY 2151000
TIMELINE 0 752 241760771703300 2151000
LATENCY 2110500
TIMELINE 0 768 241760805533200 2110500
LATENCY 2214800
TIMELINE 0 784 241760841086900 2214800
LATENCY 2217000
TIMELINE 0 800 241760895852000 2217000
LATENCY 2192700
TIMELINE 0 816 241760930699100 2192700
LATENCY 2211200
TIMELINE 0 832 241760965810400 2211200
LATENCY 2343600
TIMELINE 0 848 241761000242300 2343600
LATENCY 2537900
TIMELINE 0 864 241761036016400 2537900
LATENCY 2153000
TIMELINE 0 880 241761072139900 2153000
LATENCY 2303400
TIMELINE 0 896 241761107592500 2303400
LATENCY 2163800
TIMELINE 0 912 241761142932800 2163800
LATENCY 2285700
TIMELINE 0 928 241761198014300 2285700
LATENCY 2181300
TIMELINE 0 944 241761233235500 2181300
LATENCY 2133000
TIMELINE 0 960 241761267686900 2133000
LATENCY 2158400
TIMELINE 0 976 241761301653900 2158400
LATENCY 2380800
TIMELINE 0 992 241761336711600 2380800
LATENCY 2140000
TIMELINE 0 1008 241761372095400 2140000
LATENCY 2128800
TIMELINE 0 1024 241761406788500 2128800
LATENCY 2214500
TIMELINE 0 1040 241761442377800 2214500
LATENCY 8233200
TIMELINE 0 1056 241761478648900 8233200
LATENCY 2335700
TIMELINE 0 1072 241761519971200 2335700
LATENCY 2248300
TIMELINE 0 1088 241761555633600 2248300
LATENCY 2275900
TIMELINE 0 1104 241761593936300 2275900
LATENCY 2210600
TIMELINE 0 1120 241761628987100 2210600
LATENCY 2261600
TIMELINE 0 1136 241761665082100 2261600
LATENCY 2241600
TIMELINE 0 1152 241761701409900 2241600
LATENCY 2077800
TIMELINE 0 1168 241761736317500 2077800
LATENCY 2226500
TIMELINE 0 1184 241761772389000 2226500
LATENCY 2141700
TIMELINE 0 1200 241761813422400 2141700
LATENCY 2171800
TIMELINE 0 1216 241761848860900 2171800
LATENCY 3064400
TIMELINE 0 1232 241761890470500 3064400
LATENCY 2715300
TIMELINE 0 1248 241761936276400 2715300
LATENCY 2863800
TIMELINE 0 1264 241761980375400 2863800
LATENCY 3048000
TIMELINE 0 1280 241762030298000 3048000
LATENCY 2873700
TIMELINE 0 1296 241762076262700 2873700
LATENCY 3058800
TIMELINE 0 1312 241762123884400 3058800
LATENCY 2964900
TIMELINE 0 1328 241762179857400 2964900
LATENCY 3015900
TIMELINE 0 1344 241762226457600 3015900
LATENCY 2888700
TIMELINE 0 1360 241762271970000 2888700
LATENCY 3428200
TIMELINE 0 1376 241762317922500 3428200
LATENCY 2986200
TIMELINE 0 1392 241762363912900 2986200
LATENCY 2702600
TIMELINE 0 1408 241762411655000 2702600
LATENCY 2568400
TIMELINE 0 1424 241762455213200 2568400
LATENCY 2750100
TIMELINE 0 1440 241762499726800 2750100
LATENCY 2935500
TIMELINE 0 1456 241762544098300 2935500
LATENCY 3015400
TIMELINE 0 1472 241762596276100 3015400
LATENCY 2749900
TIMELINE 0 1488 241762644651200 2749900
LATENCY 2843900
TIMELINE 0 1504 241762690267600 2843900
LATENCY 2790500
TIMELINE 0 1520 241762736657300 2790500
LATENCY 3046000
TIMELINE 0 1536 241762781889700 3046000
LATENCY 2822800
TIMELINE 0 1552 241762827612400 2822800
LATENCY 2594700
TIMELINE 0 1568 241762874153600 2594700
LATENCY 2865700
TIMELINE 0 1584 241762919139500 2865700
LATENCY 3105800
TIMELINE 0 1600 241762970744800 3105800
LATENCY 2751000
TIMELINE 0 1616 241763019061000 2751000
LATENCY 2721700
TIMELINE 0 1632 241763063322300 2721700
LATENCY 2755900
TIMELINE 0 1648 241763107469800 2755900
LATENCY 2578500
TIMELINE 0 1664 241763151393000 2578500
LATENCY 3044000
TIMELINE 0 1680 241763194693000 3044000
LATENCY 3102900
TIMELINE 0 1696 241763242182000 3102900
LATENCY 2878600
TIMELINE 0 1712 241763287326400 2878600
LATENCY 3076300
TIMELINE 0 1728 241763336867500 3076300
LATENCY 2875300
TIMELINE 0 1744 241763382602100 2875300
LATENCY 2765500
TIMELINE 0 1760 241763426957400 2765500
LATENCY 3100600
TIMELINE 0 1776 241763472645300 3100600
LATENCY 2732700
TIMELINE 0 1792 241763518852000 2732700
LATENCY 2824500
TIMELINE 0 1808 241763564819100 2824500
LATENCY 2705000
TIMELINE 0 1824 241763611619300 2705000
LATENCY 2709000
TIMELINE 0 1840 241763654939000 2709000
LATENCY 3130500
TIMELINE 0 1856 241763702008100 3130500
LATENCY 2962100
TIMELINE 0 1872 241763756702400 2962100
LATENCY 2857100
TIMELINE 0 1888 241763801476600 2857100
LATENCY 2616200
TIMELINE 0 1904 241763844159500 2616200
LATENCY 2885900
TIMELINE 0 1920 241763889518900 2885900
LATENCY 2736500
TIMELINE 0 1936 241763936065500 2736500
LATENCY 2911700
TIMELINE 0 1952 241763981432000 2911700
LATENCY 2677600
TIMELINE 0 1968 241764027384000 2677600
LATENCY 3031400
TIMELINE 0 1984 241764074323200 3031400
LATENCY 2865100
TIMELINE 0 2000 241764126140400 2865100
LATENCY 2804300
TIMELINE 0 2016 241764176151800 2804300
LATENCY 2928700
TIMELINE 0 2032 241764221107600 2928700
LATENCY 2559800
TIMELINE 1 1 241759009077200 2559800
LATENCY 2288200
TIMELINE 1 17 241759048394200 2288200
LATENCY 2147000
TIMELINE 1 33 241759083623000 2147000
LATENCY 2197000
TIMELINE 1 49 241759119036600 2197000
LATENCY 2181400
TIMELINE 1 65 241759153481400 2181400
LATENCY 2133400
TIMELINE 1 81 241759188400500 2133400
LATENCY 2150300
TIMELINE 1 97 241759225384100 2150300
LATENCY 2299900
TIMELINE 1 113 241759261661100 2299900
LATENCY 2120400
TIMELINE 1 129 241759316688000 2120400
LATENCY 2133800
TIMELINE 1 145 241759352136700 2133800
LATENCY 2167600
TIMELINE 1 161 241759387867600 2167600
LATENCY 2110000
TIMELINE 1 177 241759423971500 2110000
LATENCY 2116200
TIMELINE 1 193 241759459117400 2116200
LATENCY 2114300
TIMELINE 1 209 241759494047200 2114300
LATENCY 2238900
TIMELINE 1 225 241759531332800 2238900
LATENCY 2256000
TIMELINE 1 241 241759566866600 2256000
LATENCY 2456600
TIMELINE 1 257 241759621187900 2456600
LATENCY 2130400
TIMELINE 1 273 241759655582200 2130400
LATENCY 2142200
TIMELINE 1 289 241759689811900 2142200
LATENCY 2135900
TIMELINE 1 305 241759725091000 2135900
LATENCY 2201400
TIMELINE 1 321 241759760913600 2201400
LATENCY 2376800
TIMELINE 1 337 241759797525000 2376800
LATENCY 2255700
TIMELINE 1 353 241759834667700 2255700
LATENCY 2405500
TIMELINE 1 369 241759870358100 2405500
LATENCY 2127700
TIMELINE 1 385 241759905851800 2127700
LATENCY 2213100
TIMELINE 1 401 241759960090300 2213100
LATENCY 2376900
TIMELINE 1 417 241760000852100 2376900
LATENCY 2127200
TIMELINE 1 433 241760036903100 2127200
LATENCY 2445200
TIMELINE 1 449 241760071538900 2445200
LATENCY 2226700
TIMELINE 1 465 241760107164900 2226700
LATENCY 2114500
TIMELINE 1 481 241760142329300 2114500
LATENCY 2171200
TIMELINE 1 497 241760177327200 2171200
LATENCY 2268100
TIMELINE 1 513 241760214158100 2268100
LATENCY 2119300
TIMELINE 1 529 241760268852700 2119300
LATENCY 2153300
TIMELINE 1 545 241760303212500 2153300
LATENCY 2271100
TIMELINE 1 561 241760338156800 2271100
LATENCY 2349200
TIMELINE 1 577 241760373340900 2349200
LATENCY 2192700
TIMELINE 1 593 241760408571300 2192700
LATENCY 2148100
TIMELINE 1 609 241760444117500 2148100
LATENCY 2107200
TIMELINE 1 625 241760478369200 2107200
LATENCY 2141200
TIMELINE 1 641 241760512627700 2141200
LATENCY 2109800
TIMELINE 1 657 241760565979400 2109800
LATENCY 2184900
TIMELINE 1 673 241760600959400 2184900
LATENCY 2295800
TIMELINE 1 689 241760636095800 2295800
LATENCY 2137200
TIMELINE 1 705 241760671361400 2137200
LATENCY 2124200
TIMELINE 1 721 241760705941500 2124200
LATENCY 2215600
TIMELINE 1 737 241760740792900 2215600
LATENCY 2129200
TIMELINE 1 753 241760775467100 2129200
LATENCY 2196300
TIMELINE 1 769 241760809303800 2196300
LATENCY 2157200
TIMELINE 1 785 241760845032700 2157200
LATENCY 2215000
TIMELINE 1 801 241760899719700 2215000
LATENCY 2157200
TIMELINE 1 817 241760934603200 2157200
LATENCY 2072700
TIMELINE 1 833 241760969784300 2072700
LATENCY 2409800
TIMELINE 1 849 241761004645800 2409800
LATENCY 2235200
TIMELINE 1 865 241761040301300 2235200
LATENCY 2171300
TIMELINE 1 881 241761076078700 2171300
LATENCY 2164100
TIMELINE 1 897 241761111619600 2164100
LATENCY 2168000
TIMELINE 1 913 241761146857000 2168000
LATENCY 2305400
TIMELINE 1 929 241761202185300 2305400
LATENCY 2151900
TIMELINE 1 945 241761237194800 2151900
LATENCY 2113200
TIMELINE 1 961 241761271605800 2113200
LATENCY 2074500
TIMELINE 1 977 241761305617400 2074500
LATENCY 2276200
TIMELINE 1 993 241761340864200 2276200
LATENCY 2183000
TIMELINE 1 1009 241761376008900 2183000
LATENCY 2149000
TIMELINE 1 1025 241761410646500 2149000
LATENCY 2387900
TIMELINE 1 1041 241761446564000 2387900
LATENCY 2218700
TIMELINE 1 1057 241761488700900 2218700
LATENCY 2093400
TIMELINE 1 1073 241761524048500 2093400
LATENCY 2249700
TIMELINE 1 1089 241761559681100 2249700
LATENCY 2274800
TIMELINE 1 1105 241761598038200 2274800
LATENCY 2111500
TIMELINE 1 1121 241761632879300 2111500
LATENCY 2297900
TIMELINE 1 1137 241761669130100 2297900
LATENCY 2192500
TIMELINE 1 1153 241761705419400 2192500
LATENCY 2156900
TIMELINE 1 1169 241761740180400 2156900
LATENCY 2132500
TIMELINE 1 1185 241761776107800 2132500
LATENCY 2186100
TIMELINE 1 1201 241761817017500 2186100
LATENCY 2170400
TIMELINE 1 1217 241761852490400 2170400
LATENCY 3079100
TIMELINE 1 1233 241761895460300 3079100
LATENCY 2673600
TIMELINE 1 1249 241761940672500 2673600
LATENCY 2917800
TIMELINE 1 1265 241761984855000 2917800
LATENCY 3049700
TIMELINE 1 1281 241762035480100 3049700
LATENCY 2784600
TIMELINE 1 1297 241762081180200 2784600
LATENCY 3057700
TIMELINE 1 1313 241762129075800 3057700
LATENCY 2693400
TIMELINE 1 1329 241762184727400 2693400
LATENCY 2792400
TIMELINE 1 1345 241762231506000 2792400
LATENCY 3019500
TIMELINE 1 1361 241762276857600 3019500
LATENCY 2882800
TIMELINE 1 1377 241762323200300 2882800
LATENCY 3106600
TIMELINE 1 1393 241762369184000 3106600
LATENCY 2770400
TIMELINE 1 1409 241762416240700 2770400
LATENCY 2588100
TIMELINE 1 1425 241762459560100 2588100
LATENCY 2736700
TIMELINE 1 1441 241762504405000 2736700
LATENCY 2528400
TIMELINE 1 1457 241762554513700 2528400
LATENCY 2991300
TIMELINE 1 1473 241762601414500 2991300
LATENCY 2814200
TIMELINE 1 1489 241762649355500 2814200
LATENCY 2790700
TIMELINE 1 1505 241762695050100 2790700
LATENCY 2772400
TIMELINE 1 1521 241762741394000 2772400
LATENCY 2877100
TIMELINE 1 1537 241762786964700 2877100
LATENCY 2871200
TIMELINE 1 1553 241762832264800 2871200
LATENCY 2674800
TIMELINE 1 1569 241762878727600 2674800
LATENCY 2950700
TIMELINE 1 1585 241762924022000 2950700
LATENCY 3018000
TIMELINE 1 1601 241762975869400 3018000
LATENCY 2723000
TIMELINE 1 1617 241763023735200 2723000
LATENCY 2808600
TIMELINE 1 1633 241763067921200 2808600
LATENCY 2780500
TIMELINE 1 1649 241763112124100 2780500
LATENCY 2600900
TIMELINE 1 1665 241763155744500 2600900
LATENCY 2955900
TIMELINE 1 1681 241763199715500 2955900
LATENCY 2937600
TIMELINE 1 1697 241763247109500 2937600
LATENCY 2685500
TIMELINE 1 1713 241763291857100 2685500
LATENCY 2779300
TIMELINE 1 1729 241763341674200 2779300
LATENCY 2874800
TIMELINE 1 1745 241763387176200 2874800
LATENCY 2781300
TIMELINE 1 1761 241763431344400 2781300
LATENCY 2897600
TIMELINE 1 1777 241763476962200 2897600
LATENCY 2734200
TIMELINE 1 1793 241763522650200 2734200
LATENCY 3049700
TIMELINE 1 1809 241763568829900 3049700
LATENCY 2691500
TIMELINE 1 1825 241763615385300 2691500
LATENCY 2744000
TIMELINE 1 1841 241763658696800 2744000
LATENCY 3056900
TIMELINE 1 1857 241763711746400 3056900
LATENCY 2821600
TIMELINE 1 1873 241763760684800 2821600
LATENCY 2681600
TIMELINE 1 1889 241763805289900 2681600
LATENCY 2641600
TIMELINE 1 1905 241763847649600 2641600
LATENCY 2762500
TIMELINE 1 1921 241763893361600 2762500
LATENCY 2653100
TIMELINE 1 1937 241763939857400 2653100
LATENCY 2935500
TIMELINE 1 1953 241763985471500 2935500
LATENCY 2966000
TIMELINE 1 1969 241764031091400 2966000
LATENCY 3181300
TIMELINE 1 1985 241764078533500 3181300
LATENCY 2728000
TIMELINE 1 2001 241764130092400 2728000
LATENCY 2794000
TIMELINE 1 2017 241764180021900 2794000
LATENCY 2779500
TIMELINE 1 2033 241764225133900 2779500
LATENCY 2542000
TIMELINE 2 2 241759011609000 2542000
LATENCY 2262400
TIMELINE 2 18 241759050623100 2262400
LATENCY 2171600
TIMELINE 2 34 241759085717400 2171600
LATENCY 2148400
TIMELINE 2 50 241759121325400 2148400
LATENCY 2159100
TIMELINE 2 66 241759155755800 2159100
LATENCY 2310600
TIMELINE 2 82 241759190900500 2310600
LATENCY 2133300
TIMELINE 2 98 241759227505600 2133300
LATENCY 2412900
TIMELINE 2 114 241759263880500 2412900
LATENCY 2426200
TIMELINE 2 130 241759318752000 2426200
LATENCY 2102600
TIMELINE 2 146 241759353865900 2102600
LATENCY 2184500
TIMELINE 2 162 241759389575900 2184500
LATENCY 2105500
TIMELINE 2 178 241759425844600 2105500
LATENCY 2118700
TIMELINE 2 194 241759460899500 2118700
LATENCY 2284400
TIMELINE 2 210 241759495808500 2284400
LATENCY 2200600
TIMELINE 2 226 241759533171300 2200600
LATENCY 2263000
TIMELINE 2 242 241759568742600 2263000
LATENCY 2163400
TIMELINE 2 258 241759623219200 2163400
LATENCY 2135500
TIMELINE 2 274 241759657368600 2135500
LATENCY 2390100
TIMELINE 2 290 241759691634800 2390100
LATENCY 2158800
TIMELINE 2 306 241759726912000 2158800
LATENCY 2194000
TIMELINE 2 322 241759762737400 2194000
LATENCY 2305500
TIMELINE 2 338 241759799525100 2305500
LATENCY 2212800
TIMELINE 2 354 241759836393200 2212800
LATENCY 2253700
TIMELINE 2 370 241759872258000 2253700
LATENCY 2303600
TIMELINE 2 386 241759907342400 2303600
LATENCY 2122200
TIMELINE 2 402 241759961737800 2122200
LATENCY 2310400
TIMELINE 2 418 241760002524100 2310400
LATENCY 2152400
TIMELINE 2 434 241760038543700 2152400
LATENCY 2236900
TIMELINE 2 450 241760073544700 2236900
LATENCY 2212800
TIMELINE 2 466 241760108909200 2212800
LATENCY 2140300
TIMELINE 2 482 241760143519700 2140300
LATENCY 2290000
TIMELINE 2 498 241760178419300 2290000
LATENCY 2451200
TIMELINE 2 514 241760215378100 2451200
LATENCY 2099800
TIMELINE 2 530 241760270282900 2099800
LATENCY 2148100
TIMELINE 2 546 241760304721400 2148100
LATENCY 2182900
TIMELINE 2 562 241760339633500 2182900
LATENCY 2288300
TIMELINE 2 578 241760374751000 2288300
LATENCY 2191200
TIMELINE 2 594 241760409848900 2191200
LATENCY 2163200
TIMELINE 2 610 241760445263400 2163200
LATENCY 2136400
TIMELINE 2 626 241760479498900 2136400
LATENCY 2132300
TIMELINE 2 642 241760513780400 2132300
LATENCY 2104800
TIMELINE 2 658 241760567032300 2104800
LATENCY 2158000
TIMELINE 2 674 241760602621500 2158000
LATENCY 2488500
TIMELINE 2 690 241760637842400 2488500
LATENCY 2213800
TIMELINE 2 706 241760673237400 2213800
LATENCY 2076100
TIMELINE 2 722 241760707811100 2076100
LATENCY 2239400
TIMELINE 2 738 241760742767800 2239400
LATENCY 2119800
TIMELINE 2 754 241760777373200 2119800
LATENCY 2308400
TIMELINE 2 770 241760811169400 2308400
LATENCY 2108700
TIMELINE 2 786 241760846930000 2108700
LATENCY 2162000
TIMELINE 2 802 241760901537200 2162000
LATENCY 2131700
TIMELINE 2 818 241760936454800 2131700
LATENCY 2121000
TIMELINE 2 834 241760971435000 2121000
LATENCY 2304500
TIMELINE 2 850 241761006449500 2304500
LATENCY 2289100
TIMELINE 2 866 241761042081500 2289100
LATENCY 2161900
TIMELINE 2 882 241761077785000 2161900
LATENCY 2170100
TIMELINE 2 898 241761113351600 2170100
LATENCY 2203600
TIMELINE 2 914 241761148554300 2203600
LATENCY 2288900
TIMELINE 2 930 241761203824000 2288900
LATENCY 2255600
TIMELINE 2 946 241761238719300 2255600
LATENCY 2115100
TIMELINE 2 962 241761273126200 2115100
LATENCY 2133200
TIMELINE 2 978 241761307089800 2133200
LATENCY 2239000
TIMELINE 2 994 241761342807600 2239000
LATENCY 2178300
TIMELINE 2 1010 241761377880600 2178300
LATENCY 2148000
TIMELINE 2 1026 241761412498400 2148000
LATENCY 2226200
TIMELINE 2 1042 241761448808500 2226200
LATENCY 2139200
TIMELINE 2 1058 241761490954200 2139200
LATENCY 2162600
TIMELINE 2 1074 241761526175500 2162600
LATENCY 2303500
TIMELINE 2 1090 241761561903200 2303500
LATENCY 2192500
TIMELINE 2 1106 241761600287300 2192500
LATENCY 2132600
TIMELINE 2 1122 241761634935300 2132600
LATENCY 2244800
TIMELINE 2 1138 241761671338600 2244800
LATENCY 2227200
TIMELINE 2 1154 241761707551400 2227200
LATENCY 2103200
TIMELINE 2 1170 241761742281900 2103200
LATENCY 2227300
TIMELINE 2 1186 241761778273600 2227300
LATENCY 2396200
TIMELINE 2 1202 241761819274900 2396200
LATENCY 3206200
TIMELINE 2 1218 241761855130600 3206200
LATENCY 2972800
TIMELINE 2 1234 241761898736600 2972800
LATENCY 2802100
TIMELINE 2 1250 241761943508100 2802100
LATENCY 2727000
TIMELINE 2 1266 241761987689100 2727000
LATENCY 2866000
TIMELINE 2 1282 241762038445200 2866000
LATENCY 2863600
TIMELINE 2 1298 241762083879700 2863600
LATENCY 3065500
TIMELINE 2 1314 241762132050700 3065500
LATENCY 2919800
TIMELINE 2 1330 241762187329000 2919800
LATENCY 2790200
TIMELINE 2 1346 241762234222900 2790200
LATENCY 2905000
TIMELINE 2 1362 241762279795300 2905000
LATENCY 2998000
TIMELINE 2 1378 241762326001800 2998000
LATENCY 3065300
TIMELINE 2 1394 241762372185500 3065300
LATENCY 2748800
TIMELINE 2 1410 241762418932700 2748800
LATENCY 2578700
TIMELINE 2 1426 241762462076700 2578700
LATENCY 2728700
TIMELINE 2 1442 241762507034300 2728700
LATENCY 2770300
TIMELINE 2 1458 241762556926500 2770300
LATENCY 3052000
TIMELINE 2 1474 241762604277000 3052000
LATENCY 2789900
TIMELINE 2 1490 241762652053800 2789900
LATENCY 2779400
TIMELINE 2 1506 241762697726400 2779400
LATENCY 2803300
TIMELINE 2 1522 241762744044100 2803300
LATENCY 2784200
TIMELINE 2 1538 241762789740400 2784200
LATENCY 2778500
TIMELINE 2 1554 241762834950800 2778500
LATENCY 2562400
TIMELINE 2 1570 241762881234000 2562400
LATENCY 3060400
TIMELINE 2 1586 241762926808900 3060400
LATENCY 3127100
TIMELINE 2 1602 241762978597200 3127100
LATENCY 2752600
TIMELINE 2 1618 241763026190400 2752600
LATENCY 2733300
TIMELINE 2 1634 241763070464200 2733300
LATENCY 2796800
TIMELINE 2 1650 241763114640900 2796800
LATENCY 2607800
TIMELINE 2 1666 241763158074700 2607800
LATENCY 2948800
TIMELINE 2 1682 241763202418600 2948800
LATENCY 2950800
TIMELINE 2 1698 241763249807200 2950800
LATENCY 2690200
TIMELINE 2 1714 241763294322100 2690200
LATENCY 2746000
TIMELINE 2 1730 241763344219800 2746000
LATENCY 2510300
TIMELINE 2 1746 241763389736900 2510300
LATENCY 2730600
TIMELINE 2 1762 241763433834600 2730600
LATENCY 2762300
TIMELINE 2 1778 241763479677600 2762300
LATENCY 2835600
TIMELINE 2 1794 241763525203300 2835600
LATENCY 2814400
TIMELINE 2 1810 241763571628600 2814400
LATENCY 2719000
TIMELINE 2 1826 241763617859700 2719000
LATENCY 2744900
TIMELINE 2 1842 241763661210700 2744900
LATENCY 3124400
TIMELINE 2 1858 241763714554700 3124400
LATENCY 2749400
TIMELINE 2 1874 241763763288600 2749400
LATENCY 2725000
TIMELINE 2 1890 241763807751500 2725000
LATENCY 2596300
TIMELINE 2 1906 241763850078700 2596300
LATENCY 3003500
TIMELINE 2 1922 241763895895500 3003500
LATENCY 2886900
TIMELINE 2 1938 241763942336400 2886900
LATENCY 2835400
TIMELINE 2 1954 241763988211700 2835400
LATENCY 2886200
TIMELINE 2 1970 241764033830000 2886200
LATENCY 2846000
TIMELINE 2 1986 241764081503300 2846000
LATENCY 2749100
TIMELINE 2 2002 241764132595000 2749100
LATENCY 2771100
TIMELINE 2 2018 241764182703600 2771100
LATENCY 2776500
TIMELINE 2 2034 241764227802200 2776500
LATENCY 2335800
TIMELINE 3 3 241759014220100 2335800
LATENCY 2254000
TIMELINE 3 19 241759052824100 2254000
LATENCY 2249900
TIMELINE 3 35 241759087829000 2249900
LATENCY 2161300
TIMELINE 3 51 241759123276300 2161300
LATENCY 2166800
TIMELINE 3 67 241759157715200 2166800
LATENCY 2531900
TIMELINE 3 83 241759192776600 2531900
LATENCY 2145500
TIMELINE 3 99 241759229037000 2145500
LATENCY 2327700
TIMELINE 3 115 241759265501500 2327700
LATENCY 2224000
TIMELINE 3 131 241759320397900 2224000
LATENCY 2128200
TIMELINE 3 147 241759355298800 2128200
LATENCY 2136000
TIMELINE 3 163 241759391023900 2136000
LATENCY 2209700
TIMELINE 3 179 241759427399300 2209700
LATENCY 2105900
TIMELINE 3 195 241759462429100 2105900
LATENCY 2459600
TIMELINE 3 211 241759497366200 2459600
LATENCY 2165100
TIMELINE 3 227 241759534487200 2165100
LATENCY 2219900
TIMELINE 3 243 241759570104400 2219900
LATENCY 2164800
TIMELINE 3 259 241759624393100 2164800
LATENCY 2263100
TIMELINE 3 275 241759658536700 2263100
LATENCY 2422600
TIMELINE 3 291 241759692810500 2422600
LATENCY 2174000
TIMELINE 3 307 241759727982300 2174000
LATENCY 2195400
TIMELINE 3 323 241759763824000 2195400
LATENCY 2300600
TIMELINE 3 339 241759800550700 2300600
LATENCY 2198000
TIMELINE 3 355 241759837484000 2198000
LATENCY 2255300
TIMELINE 3 371 241759873337300 2255300
LATENCY 2426800
TIMELINE 3 387 241759908389400 2426800
LATENCY 2144400
TIMELINE 3 403 241759962781900 2144400
LATENCY 2296900
TIMELINE 3 419 241760003756800 2296900
LATENCY 2141200
TIMELINE 3 435 241760039430000 2141200
LATENCY 2191400
TIMELINE 3 451 241760074365500 2191400
LATENCY 2209700
TIMELINE 3 467 241760109656800 2209700
LATENCY 2147000
TIMELINE 3 483 241760144210200 2147000
LATENCY 2328600
TIMELINE 3 499 241760179179500 2328600
LATENCY 2247400
TIMELINE 3 515 241760215908400 2247400
LATENCY 2098300
TIMELINE 3 531 241760270550100 2098300
LATENCY 2147700
TIMELINE 3 547 241760304932200 2147700
LATENCY 2060200
TIMELINE 3 563 241760339959200 2060200
LATENCY 2291500
TIMELINE 3 579 241760375204600 2291500
LATENCY 2195100
TIMELINE 3 595 241760410348800 2195100
LATENCY 2160100
TIMELINE 3 611 241760445825700 2160100
LATENCY 2139700
TIMELINE 3 627 241760480048800 2139700
LATENCY 2123100
TIMELINE 3 643 241760514336500 2123100
LATENCY 2110700
TIMELINE 3 659 241760567607900 2110700
LATENCY 2155200
TIMELINE 3 675 241760602414200 2155200
LATENCY 2205500
TIMELINE 3 691 241760637661900 2205500
LATENCY 2190000
TIMELINE 3 707 241760672772100 2190000
LATENCY 2102800
TIMELINE 3 723 241760707304800 2102800
LATENCY 2231500
TIMELINE 3 739 241760742248700 2231500
LATENCY 2139600
TIMELINE 3 755 241760776876000 2139600
LATENCY 2257600
TIMELINE 3 771 241760810751500 2257600
LATENCY 2175700
TIMELINE 3 787 241760846448900 2175700
LATENCY 2195300
TIMELINE 3 803 241760900875600 2195300
LATENCY 2154100
TIMELINE 3 819 241760935883300 2154100
LATENCY 2091100
TIMELINE 3 835 241760970930900 2091100
LATENCY 2302800
TIMELINE 3 851 241761006064900 2302800
LATENCY 2275400
TIMELINE 3 867 241761041706300 2275400
LATENCY 2165300
TIMELINE 3 883 241761077380800 2165300
LATENCY 2137100
TIMELINE 3 899 241761112809600 2137100
LATENCY 2208800
TIMELINE 3 915 241761147985800 2208800
LATENCY 2301700
TIMELINE 3 931 241761203385600 2301700
LATENCY 2259300
TIMELINE 3 947 241761238286400 2259300
LATENCY 2124200
TIMELINE 3 963 241761272684300 2124200
LATENCY 2107700
TIMELINE 3 979 241761306671100 2107700
LATENCY 2318900
TIMELINE 3 995 241761342112400 2318900
LATENCY 2198600
TIMELINE 3 1011 241761377270300 2198600
LATENCY 2139800
TIMELINE 3 1027 241761411885400 2139800
LATENCY 2277100
TIMELINE 3 1043 241761448349900 2277100
LATENCY 2149800
TIMELINE 3 1059 241761490503100 2149800
LATENCY 2141500
TIMELINE 3 1075 241761525833900 2141500
LATENCY 2278700
TIMELINE 3 1091 241761561530800 2278700
LATENCY 2213400
TIMELINE 3 1107 241761599906100 2213400
LATENCY 2117600
TIMELINE 3 1123 241761634601800 2117600
LATENCY 2260800
TIMELINE 3 1139 241761670897700 2260800
LATENCY 2208600
TIMELINE 3 1155 241761707141200 2208600
LATENCY 2077000
TIMELINE 3 1171 241761741883900 2077000
LATENCY 2183600
TIMELINE 3 1187 241761777839500 2183600
LATENCY 2355500
TIMELINE 3 1203 241761818919300 2355500
LATENCY 2278700
TIMELINE 3 1219 241761854332100 2278700
LATENCY 3079500
TIMELINE 3 1235 241761897622200 3079500
LATENCY 2666900
TIMELINE 3 1251 241761942564400 2666900
LATENCY 2627700
TIMELINE 3 1267 241761986858500 2627700
LATENCY 2946800
TIMELINE 3 1283 241762037477600 2946800
LATENCY 2700000
TIMELINE 3 1299 241762082991600 2700000
LATENCY 3059500
TIMELINE 3 1315 241762131074400 3059500
LATENCY 2815300
TIMELINE 3 1331 241762186454400 2815300
LATENCY 2790300
TIMELINE 3 1347 241762233335800 2790300
LATENCY 2903900
TIMELINE 3 1363 241762278877500 2903900
LATENCY 2985700
TIMELINE 3 1379 241762325052200 2985700
LATENCY 3032800
TIMELINE 3 1395 241762371240400 3032800
LATENCY 2788900
TIMELINE 3 1411 241762418044200 2788900
LATENCY 2573200
TIMELINE 3 1427 241762461283100 2573200
LATENCY 2743900
TIMELINE 3 1443 241762506164000 2743900
LATENCY 2742600
TIMELINE 3 1459 241762556062200 2742600
LATENCY 3034500
TIMELINE 3 1475 241762603325600 3034500
LATENCY 2791000
TIMELINE 3 1491 241762651170900 2791000
LATENCY 2794400
TIMELINE 3 1507 241762696887500 2794400
LATENCY 2791400
TIMELINE 3 1523 241762743228500 2791400
LATENCY 2728400
TIMELINE 3 1539 241762788894500 2728400
LATENCY 2815500
TIMELINE 3 1555 241762834193900 2815500
LATENCY 2578000
TIMELINE 3 1571 241762880586300 2578000
LATENCY 3005200
TIMELINE 3 1587 241762926115800 3005200
LATENCY 3171800
TIMELINE 3 1603 241762977941000 3171800
LATENCY 2755900
TIMELINE 3 1619 241763025583400 2755900
LATENCY 2740400
TIMELINE 3 1635 241763069869100 2740400
LATENCY 2673200
TIMELINE 3 1651 241763114004000 2673200
LATENCY 2627900
TIMELINE 3 1667 241763157499400 2627900
LATENCY 2946000
TIMELINE 3 1683 241763201725500 2946000
LATENCY 2959700
TIMELINE 3 1699 241763249094000 2959700
LATENCY 2681000
TIMELINE 3 1715 241763293698900 2681000
LATENCY 2752500
TIMELINE 3 1731 241763343569300 2752500
LATENCY 2483000
TIMELINE 3 1747 241763389128300 2483000
LATENCY 2733800
TIMELINE 3 1763 241763433263400 2733800
LATENCY 2763400
TIMELINE 3 1779 241763479098600 2763400
LATENCY 2839500
TIMELINE 3 1795 241763524622500 2839500
LATENCY 2986600
TIMELINE 3 1811 241763571033500 2986600
LATENCY 2741300
TIMELINE 3 1827 241763617333300 2741300
LATENCY 2749200
TIMELINE 3 1843 241763660679000 2749200
LATENCY 3127700
TIMELINE 3 1859 241763713955600 3127700
LATENCY 2757000
TIMELINE 3 1875 241763762718200 2757000
LATENCY 2661500
TIMELINE 3 1891 241763807211900 2661500
LATENCY 2615200
TIMELINE 3 1907 241763849530100 2615200
LATENCY 2963100
TIMELINE 3 1923 241763895310000 2963100
LATENCY 2648600
TIMELINE 3 1939 241763941703600 2648600
LATENCY 2860600
TIMELINE 3 1955 241763987514600 2860600
LATENCY 2892600
TIMELINE 3 1971 241764033430600 2892600
LATENCY 2867100
TIMELINE 3 1987 241764081081500 2867100
LATENCY 2721900
TIMELINE 3 2003 241764132237600 2721900
LATENCY 2790600
TIMELINE 3 2019 241764182415400 2790600
LATENCY 2771700
TIMELINE 3 2035 241764227492000 2771700
LATENCY 2324800
TIMELINE 4 4 241759016523700 2324800
LATENCY 2254800
TIMELINE 4 20 241759055176700 2254800
LATENCY 2291700
TIMELINE 4 36 241759090192000 2291700
LATENCY 2134700
TIMELINE 4 52 241759125724600 2134700
LATENCY 2131800
TIMELINE 4 68 241759160180700 2131800
LATENCY 2396200
TIMELINE 4 84 241759196113100 2396200
LATENCY 2223200
TIMELINE 4 100 241759231552400 2223200
LATENCY 2212200
TIMELINE 4 116 241759268311700 2212200
LATENCY 2214200
TIMELINE 4 132 241759323096900 2214200
LATENCY 2150900
TIMELINE 4 148 241759358002100 2150900
LATENCY 2110700
TIMELINE 4 164 241759393759500 2110700
LATENCY 2137200
TIMELINE 4 180 241759430029700 2137200
LATENCY 2170300
TIMELINE 4 196 241759465021900 2170300
LATENCY 2519300
TIMELINE 4 212 241759500477300 2519300
LATENCY 2265600
TIMELINE 4 228 241759537361600 2265600
LATENCY 2173500
TIMELINE 4 244 241759573030000 2173500
LATENCY 2092200
TIMELINE 4 260 241759627370400 2092200
LATENCY 2119900
TIMELINE 4 276 241759661595900 2119900
LATENCY 2177800
TIMELINE 4 292 241759696166800 2177800
LATENCY 2217600
TIMELINE 4 308 241759730916800 2217600
LATENCY 2148000
TIMELINE 4 324 241759766725600 2148000
LATENCY 2281400
TIMELINE 4 340 241759803811300 2281400
LATENCY 2263100
TIMELINE 4 356 241759840398100 2263100
LATENCY 2250100
TIMELINE 4 372 241759876327200 2250100
LATENCY 2172100
TIMELINE 4 388 241759911648800 2172100
LATENCY 2123000
TIMELINE 4 404 241759965676900 2123000
LATENCY 2352900
TIMELINE 4 420 241760006859200 2352900
LATENCY 2150100
TIMELINE 4 436 241760042425600 2150100
LATENCY 2159900
TIMELINE 4 452 241760077490200 2159900
LATENCY 2251700
TIMELINE 4 468 241760112857100 2251700
LATENCY 2129900
TIMELINE 4 484 241760147334900 2129900
LATENCY 2300800
TIMELINE 4 500 241760182635000 2300800
LATENCY 2239300
TIMELINE 4 516 241760219490700 2239300
LATENCY 2287600
TIMELINE 4 532 241760273871100 2287600
LATENCY 2154100
TIMELINE 4 548 241760308321100 2154100
LATENCY 2164900
TIMELINE 4 564 241760343316400 2164900
LATENCY 2215300
TIMELINE 4 580 241760378957800 2215300
LATENCY 2169400
TIMELINE 4 596 241760413965400 2169400
LATENCY 2133600
TIMELINE 4 612 241760449367800 2133600
LATENCY 2106500
TIMELINE 4 628 241760483505600 2106500
LATENCY 2190500
TIMELINE 4 644 241760517739700 2190500
LATENCY 2152400
TIMELINE 4 660 241760570998600 2152400
LATENCY 2195700
TIMELINE 4 676 241760606184900 2195700
LATENCY 2302900
TIMELINE 4 692 241760641414900 2302900
LATENCY 2131700
TIMELINE 4 708 241760676470800 2131700
LATENCY 2134300
TIMELINE 4 724 241760710845100 2134300
LATENCY 2232400
TIMELINE 4 740 241760745898100 2232400
LATENCY 2097100
TIMELINE 4 756 241760780371400 2097100
LATENCY 2140800
TIMELINE 4 772 241760814408800 2140800
LATENCY 2219000
TIMELINE 4 788 241760849943100 2219000
LATENCY 2201400
TIMELINE 4 804 241760904707500 2201400
LATENCY 2170900
TIMELINE 4 820 241760939675600 2170900
LATENCY 2139500
TIMELINE 4 836 241760974609800 2139500
LATENCY 2203400
TIMELINE 4 852 241761009936300 2203400
LATENCY 2259300
TIMELINE 4 868 241761045553600 2259300
LATENCY 2136400
TIMELINE 4 884 241761081007500 2136400
LATENCY 2069300
TIMELINE 4 900 241761116473200 2069300
LATENCY 2117400
TIMELINE 4 916 241761151706600 2117400
LATENCY 2204600
TIMELINE 4 932 241761207137500 2204600
LATENCY 2129300
TIMELINE 4 948 241761241933700 2129300
LATENCY 2095200
TIMELINE 4 964 241761276230800 2095200
LATENCY 2143800
TIMELINE 4 980 241761310210100 2143800
LATENCY 2278000
TIMELINE 4 996 241761345879700 2278000
LATENCY 2197700
TIMELINE 4 1012 241761380932600 2197700
LATENCY 2134600
TIMELINE 4 1028 241761415423700 2134600
LATENCY 2491300
TIMELINE 4 1044 241761451465900 2491300
LATENCY 2149200
TIMELINE 4 1060 241761493411400 2149200
LATENCY 2113700
TIMELINE 4 1076 241761528674900 2113700
LATENCY 2216200
TIMELINE 4 1092 241761564624700 2216200
LATENCY 2152800
TIMELINE 4 1108 241761602946000 2152800
LATENCY 2161400
TIMELINE 4 1124 241761637504500 2161400
LATENCY 2256700
TIMELINE 4 1140 241761674020100 2256700
LATENCY 2158400
TIMELINE 4 1156 241761710116600 2158400
LATENCY 2135700
TIMELINE 4 1172 241761744702900 2135700
LATENCY 2173400
TIMELINE 4 1188 241761780878000 2173400
LATENCY 2247700
TIMELINE 4 1204 241761822039200 2247700
LATENCY 3521900
TIMELINE 4 1220 241761859387100 3521900
LATENCY 2810500
TIMELINE 4 1236 241761902264400 2810500
LATENCY 3001700
TIMELINE 4 1252 241761946903200 3001700
LATENCY 2875000
TIMELINE 4 1268 241761990990100 2875000
LATENCY 2763100
TIMELINE 4 1284 241762041884600 2763100
LATENCY 2828200
TIMELINE 4 1300 241762087393500 2828200
LATENCY 3086800
TIMELINE 4 1316 241762135771100 3086800
LATENCY 2810900
TIMELINE 4 1332 241762190957700 2810900
LATENCY 2782500
TIMELINE 4 1348 241762237596200 2782500
LATENCY 2900800
TIMELINE 4 1364 241762283319300 2900800
LATENCY 2658200
TIMELINE 4 1380 241762329581200 2658200
LATENCY 3044600
TIMELINE 4 1396 241762375887000 3044600
LATENCY 2688800
TIMELINE 4 1412 241762422253100 2688800
LATENCY 2553800
TIMELINE 4 1428 241762465189500 2553800
LATENCY 2792100
TIMELINE 4 1444 241762510325700 2792100
LATENCY 2789700
TIMELINE 4 1460 241762560270900 2789700
LATENCY 3044300
TIMELINE 4 1476 241762607960200 3044300
LATENCY 2883600
TIMELINE 4 1492 241762655382800 2883600
LATENCY 2760300
TIMELINE 4 1508 241762701125400 2760300
LATENCY 2756700
TIMELINE 4 1524 241762747457300 2756700
LATENCY 2827300
TIMELINE 4 1540 241762793142300 2827300
LATENCY 2734500
TIMELINE 4 1556 241762838449500 2734500
LATENCY 2643500
TIMELINE 4 1572 241762884469800 2643500
LATENCY 2751300
TIMELINE 4 1588 241762930780900 2751300
LATENCY 5568700
TIMELINE 4 1604 241762982563500 5568700
LATENCY 2705100
TIMELINE 4 1620 241763029779600 2705100
LATENCY 2650700
TIMELINE 4 1636 241763074037200 2650700
LATENCY 3766800
TIMELINE 4 1652 241763118827700 3766800
LATENCY 2599200
TIMELINE 4 1668 241763161466300 2599200
LATENCY 2939900
TIMELINE 4 1684 241763206188200 2939900
LATENCY 2918300
TIMELINE 4 1700 241763253583800 2918300
LATENCY 2699600
TIMELINE 4 1716 241763297772700 2699600
LATENCY 2716700
TIMELINE 4 1732 241763347679700 2716700
LATENCY 2749500
TIMELINE 4 1748 241763393084500 2749500
LATENCY 2741100
TIMELINE 4 1764 241763437337100 2741100
LATENCY 2738800
TIMELINE 4 1780 241763483347900 2738800
LATENCY 2752100
TIMELINE 4 1796 241763528987500 2752100
LATENCY 5428300
TIMELINE 4 1812 241763575447000 5428300
LATENCY 2730600
TIMELINE 4 1828 241763621638100 2730600
LATENCY 2694900
TIMELINE 4 1844 241763664984200 2694900
LATENCY 3124500
TIMELINE 4 1860 241763718944500 3124500
LATENCY 2712400
TIMELINE 4 1876 241763767172300 2712400
LATENCY 2688200
TIMELINE 4 1892 241763811597100 2688200
LATENCY 2604700
TIMELINE 4 1908 241763853771400 2604700
LATENCY 3037100
TIMELINE 4 1924 241763900172600 3037100
LATENCY 2813900
TIMELINE 4 1940 241763946392900 2813900
LATENCY 2911100
TIMELINE 4 1956 241763992233300 2911100
LATENCY 2774700
TIMELINE 4 1972 241764037906100 2774700
LATENCY 2753800
TIMELINE 4 1988 241764085516400 2753800
LATENCY 3050700
TIMELINE 4 2004 241764136537200 3050700
LATENCY 2777300
TIMELINE 4 2020 241764186560200 2777300
LATENCY 2758500
TIMELINE 4 2036 241764231690200 2758500
LATENCY 2317200
TIMELINE 5 5 241759018971500 2317200
LATENCY 2238300
TIMELINE 5 21 241759057495400 2238300
LATENCY 2121900
TIMELINE 5 37 241759092519000 2121900
LATENCY 2119700
TIMELINE 5 53 241759127742500 2119700
LATENCY 2146600
TIMELINE 5 69 241759162194000 2146600
LATENCY 2283400
TIMELINE 5 85 241759198592200 2283400
LATENCY 2148400
TIMELINE 5 101 241759233846900 2148400
LATENCY 2231100
TIMELINE 5 117 241759270589100 2231100
LATENCY 2227800
TIMELINE 5 133 241759325249200 2227800
LATENCY 2156500
TIMELINE 5 149 241759360039600 2156500
LATENCY 2675300
TIMELINE 5 165 241759395766900 2675300
LATENCY 2095700
TIMELINE 5 181 241759432256700 2095700
LATENCY 2184400
TIMELINE 5 197 241759467226900 2184400
LATENCY 2329200
TIMELINE 5 213 241759502969100 2329200
LATENCY 2163100
TIMELINE 5 229 241759539572000 2163100
LATENCY 2275200
TIMELINE 5 245 241759575019200 2275200
LATENCY 2177700
TIMELINE 5 261 241759629256400 2177700
LATENCY 2140000
TIMELINE 5 277 241759663491800 2140000
LATENCY 2206900
TIMELINE 5 293 241759698178300 2206900
LATENCY 2134700
TIMELINE 5 309 241759732958200 2134700
LATENCY 2165100
TIMELINE 5 325 241759768702300 2165100
LATENCY 2382100
TIMELINE 5 341 241759805961700 2382100
LATENCY 2271900
TIMELINE 5 357 241759842461700 2271900
LATENCY 2260000
TIMELINE 5 373 241759878401500 2260000
LATENCY 20309000
TIMELINE 5 389 241759913587600 20309000
LATENCY 2115500
TIMELINE 5 405 241759967558700 2115500
LATENCY 2406700
TIMELINE 5 421 241760008881200 2406700
LATENCY 2145100
TIMELINE 5 437 241760044397200 2145100
LATENCY 2416400
TIMELINE 5 453 241760079532600 2416400
LATENCY 2168100
TIMELINE 5 469 241760114991300 2168100
LATENCY 2154000
TIMELINE 5 485 241760149342500 2154000
LATENCY 2217600
TIMELINE 5 501 241760184812700 2217600
LATENCY 2274900
TIMELINE 5 517 241760221397200 2274900
LATENCY 2117400
TIMELINE 5 533 241760275924100 2117400
LATENCY 2137200
TIMELINE 5 549 241760310329200 2137200
LATENCY 2128000
TIMELINE 5 565 241760345302600 2128000
LATENCY 2204700
TIMELINE 5 581 241760380760100 2204700
LATENCY 2290100
TIMELINE 5 597 241760415721100 2290100
LATENCY 2123500
TIMELINE 5 613 241760451155600 2123500
LATENCY 2100400
TIMELINE 5 629 241760485310200 2100400
LATENCY 2146400
TIMELINE 5 645 241760519605500 2146400
LATENCY 2095700
TIMELINE 5 661 241760572872200 2095700
LATENCY 2233900
TIMELINE 5 677 241760608315900 2233900
LATENCY 2271900
TIMELINE 5 693 241760643685500 2271900
LATENCY 2166300
TIMELINE 5 709 241760678546000 2166300
LATENCY 2185900
TIMELINE 5 725 241760712922800 2185900
LATENCY 2132000
TIMELINE 5 741 241760748167200 2132000
LATENCY 2095000
TIMELINE 5 757 241760782529000 2095000
LATENCY 2142300
TIMELINE 5 773 241760816638800 2142300
LATENCY 21376600
TIMELINE 5 789 241760852279600 21376600
LATENCY 2203000
TIMELINE 5 805 241760906940400 2203000
LATENCY 2188800
TIMELINE 5 821 241760941941700 2188800
LATENCY 2132400
TIMELINE 5 837 241760976873300 2132400
LATENCY 2318100
TIMELINE 5 853 241761012752500 2318100
LATENCY 2149200
TIMELINE 5 869 241761048626500 2149200
LATENCY 2163000
TIMELINE 5 885 241761083869800 2163000
LATENCY 2260800
TIMELINE 5 901 241761119524600 2260800
LATENCY 2159700
TIMELINE 5 917 241761154611800 2159700
LATENCY 2155900
TIMELINE 5 933 241761210030200 2155900
LATENCY 2103200
TIMELINE 5 949 241761244797800 2103200
LATENCY 2091300
TIMELINE 5 965 241761279029000 2091300
LATENCY 2162700
TIMELINE 5 981 241761313051900 2162700
LATENCY 2218400
TIMELINE 5 997 241761348928600 2218400
LATENCY 2200200
TIMELINE 5 1013 241761383836400 2200200
LATENCY 2166000
TIMELINE 5 1029 241761418271100 2166000
LATENCY 2310800
TIMELINE 5 1045 241761455207000 2310800
LATENCY 2130500
TIMELINE 5 1061 241761496707900 2130500
LATENCY 2186100
TIMELINE 5 1077 241761531703600 2186100
LATENCY 2675100
TIMELINE 5 1093 241761567820300 2675100
LATENCY 2132800
TIMELINE 5 1109 241761606046500 2132800
LATENCY 2148700
TIMELINE 5 1125 241761640561100 2148700
LATENCY 2434500
TIMELINE 5 1141 241761677317600 2434500
LATENCY 2199600
TIMELINE 5 1157 241761713330100 2199600
LATENCY 2151900
TIMELINE 5 1173 241761747868100 2151900
LATENCY 7666100
TIMELINE 5 1189 241761784093900 7666100
LATENCY 2261500
TIMELINE 5 1205 241761825242400 2261500
LATENCY 2232000
TIMELINE 5 1221 241761864380300 2232000
LATENCY 3041600
TIMELINE 5 1237 241761906336800 3041600
LATENCY 2963800
TIMELINE 5 1253 241761951239400 2963800
LATENCY 2640800
TIMELINE 5 1269 241761995018200 2640800
LATENCY 2814000
TIMELINE 5 1285 241762045832000 2814000
LATENCY 2912600
TIMELINE 5 1301 241762091442800 2912600
LATENCY 3079800
TIMELINE 5 1317 241762140199400 3079800
LATENCY 3051300
TIMELINE 5 1333 241762194941500 3051300
LATENCY 2864300
TIMELINE 5 1349 241762241652500 2864300
LATENCY 2955300
TIMELINE 5 1365 241762287279000 2955300
LATENCY 2619500
TIMELINE 5 1381 241762333205400 2619500
LATENCY 3028500
TIMELINE 5 1397 241762380040000 3028500
LATENCY 2718900
TIMELINE 5 1413 241762425926900 2718900
LATENCY 2726700
TIMELINE 5 1429 241762468513600 2726700
LATENCY 2778900
TIMELINE 5 1445 241762514116000 2778900
LATENCY 2802700
TIMELINE 5 1461 241762564065600 2802700
LATENCY 3060700
TIMELINE 5 1477 241762612117000 3060700
LATENCY 2876800
TIMELINE 5 1493 241762659421400 2876800
LATENCY 3096700
TIMELINE 5 1509 241762705048200 3096700
LATENCY 2847000
TIMELINE 5 1525 241762751138700 2847000
LATENCY 2931900
TIMELINE 5 1541 241762796954100 2931900
LATENCY 2722700
TIMELINE 5 1557 241762842149700 2722700
LATENCY 2656200
TIMELINE 5 1573 241762887967500 2656200
LATENCY 2576900
TIMELINE 5 1589 241762934629000 2576900
LATENCY 2796200
TIMELINE 5 1605 241762989279400 2796200
LATENCY 2752100
TIMELINE 5 1621 241763033634600 2752100
LATENCY 2741900
TIMELINE 5 1637 241763077808200 2741900
LATENCY 2580400
TIMELINE 5 1653 241763123667500 2580400
LATENCY 2564900
TIMELINE 5 1669 241763165135200 2564900
LATENCY 2903100
TIMELINE 5 1685 241763210521700 2903100
LATENCY 2749200
TIMELINE 5 1701 241763257927800 2749200
LATENCY 2787600
TIMELINE 5 1717 241763301689900 2787600
LATENCY 2491800
TIMELINE 5 1733 241763351702500 2491800
LATENCY 2774500
TIMELINE 5 1749 241763396896000 2774500
LATENCY 2750400
TIMELINE 5 1765 241763441152900 2750400
LATENCY 2776100
TIMELINE 5 1781 241763486842600 2776100
LATENCY 2725300
TIMELINE 5 1797 241763532490900 2725300
LATENCY 2684800
TIMELINE 5 1813 241763581546900 2684800
LATENCY 2663500
TIMELINE 5 1829 241763625001000 2663500
LATENCY 2790400
TIMELINE 5 1845 241763668302300 2790400
LATENCY 3026100
TIMELINE 5 1861 241763722689700 3026100
LATENCY 2723000
TIMELINE 5 1877 241763770411700 2723000
LATENCY 2592000
TIMELINE 5 1893 241763814773700 2592000
LATENCY 2586200
TIMELINE 5 1909 241763856853300 2586200
LATENCY 3038800
TIMELINE 5 1925 241763903795300 3038800
LATENCY 2693800
TIMELINE 5 1941 241763949708000 2693800
LATENCY 3054800
TIMELINE 5 1957 241763995696900 3054800
LATENCY 2773300
TIMELINE 5 1973 241764041175700 2773300
LATENCY 2781700
TIMELINE 5 1989 241764088749500 2781700
LATENCY 2739600
TIMELINE 5 2005 241764140066100 2739600
LATENCY 3074100
TIMELINE 5 2021 241764189836600 3074100
LATENCY 2805100
TIMELINE 5 2037 241764234938200 2805100
LATENCY 3205000
TIMELINE 6 6 241759021351600 3205000
LATENCY 2225600
TIMELINE 6 22 241759059882800 2225600
LATENCY 2248400
TIMELINE 6 38 241759094787900 2248400
LATENCY 2158300
TIMELINE 6 54 241759130080900 2158300
LATENCY 2121200
TIMELINE 6 70 241759164556400 2121200
LATENCY 2518000
TIMELINE 6 86 241759201024600 2518000
LATENCY 2064500
TIMELINE 6 102 241759236149700 2064500
LATENCY 2255500
TIMELINE 6 118 241759272968900 2255500
LATENCY 2237200
TIMELINE 6 134 241759327721500 2237200
LATENCY 2140900
TIMELINE 6 150 241759362465700 2140900
LATENCY 2232900
TIMELINE 6 166 241759398820800 2232900
LATENCY 2214900
TIMELINE 6 182 241759434414700 2214900
LATENCY 2085900
TIMELINE 6 198 241759469587700 2085900
LATENCY 2225600
TIMELINE 6 214 241759505953100 2225600
LATENCY 2242300
TIMELINE 6 230 241759542337400 2242300
LATENCY 2384400
TIMELINE 6 246 241759577850300 2384400
LATENCY 2137700
TIMELINE 6 262 241759631946200 2137700
LATENCY 2142100
TIMELINE 6 278 241759666150500 2142100
LATENCY 2203200
TIMELINE 6 294 241759700883100 2203200
LATENCY 2324700
TIMELINE 6 310 241759736537200 2324700
LATENCY 2329100
TIMELINE 6 326 241759772445400 2329100
LATENCY 2324900
TIMELINE 6 342 241759809748400 2324900
LATENCY 2223000
TIMELINE 6 358 241759846231100 2223000
LATENCY 2124600
TIMELINE 6 374 241759882277700 2124600
LATENCY 2167600
TIMELINE 6 390 241759935560300 2167600
LATENCY 2097500
TIMELINE 6 406 241759971005200 2097500
LATENCY 2228900
TIMELINE 6 422 241760012733900 2228900
LATENCY 2103800
TIMELINE 6 438 241760047896500 2103800
LATENCY 2259800
TIMELINE 6 454 241760083214100 2259800
LATENCY 2150400
TIMELINE 6 470 241760118422400 2150400
LATENCY 2081900
TIMELINE 6 486 241760152923400 2081900
LATENCY 2161600
TIMELINE 6 502 241760188511900 2161600
LATENCY 2227200
TIMELINE 6 518 241760225312700 2227200
LATENCY 2095100
TIMELINE 6 534 241760279522800 2095100
LATENCY 2120700
TIMELINE 6 550 241760313722600 2120700
LATENCY 2219400
TIMELINE 6 566 241760348756300 2219400
LATENCY 2174400
TIMELINE 6 582 241760384462300 2174400
LATENCY 2367400
TIMELINE 6 598 241760419520000 2367400
LATENCY 2142900
TIMELINE 6 614 241760454719800 2142900
LATENCY 2170700
TIMELINE 6 630 241760488834700 2170700
LATENCY 2073400
TIMELINE 6 646 241760523206100 2073400
LATENCY 2198100
TIMELINE 6 662 241760576428900 2198100
LATENCY 2179800
TIMELINE 6 678 241760611811700 2179800
LATENCY 2218700
TIMELINE 6 694 241760647325800 2218700
LATENCY 2197700
TIMELINE 6 710 241760681982300 2197700
LATENCY 2131100
TIMELINE 6 726 241760716348200 2131100
LATENCY 2127000
TIMELINE 6 742 241760751633100 2127000
LATENCY 2102600
TIMELINE 6 758 241760785885700 2102600
LATENCY 2626200
TIMELINE 6 774 241760819995700 2626200
LATENCY 2245900
TIMELINE 6 790 241760875093400 2245900
LATENCY 2171100
TIMELINE 6 806 241760910164600 2171100
LATENCY 2274000
TIMELINE 6 822 241760945122600 2274000
LATENCY 2092600
TIMELINE 6 838 241760979933300 2092600
LATENCY 2318600
TIMELINE 6 854 241761015472400 2318600
LATENCY 2144900
TIMELINE 6 870 241761051000100 2144900
LATENCY 2124300
TIMELINE 6 886 241761086278100 2124300
LATENCY 2180900
TIMELINE 6 902 241761122221300 2180900
LATENCY 2097400
TIMELINE 6 918 241761157452500 2097400
LATENCY 2149100
TIMELINE 6 934 241761212968600 2149100
LATENCY 2158400
TIMELINE 6 950 241761247660200 2158400
LATENCY 2130300
TIMELINE 6 966 241761281883800 2130300
LATENCY 2097600
TIMELINE 6 982 241761315969800 2097600
LATENCY 2260700
TIMELINE 6 998 241761351802600 2260700
LATENCY 2155100
TIMELINE 6 1014 241761386748900 2155100
LATENCY 2187000
TIMELINE 6 1030 241761421041500 2187000
LATENCY 2222400
TIMELINE 6 1046 241761458102900 2222400
LATENCY 2133500
TIMELINE 6 1062 241761499342600 2133500
LATENCY 2200300
TIMELINE 6 1078 241761534652400 2200300
LATENCY 2503700
TIMELINE 6 1094 241761571410500 2503700
LATENCY 2147300
TIMELINE 6 1110 241761608874300 2147300
LATENCY 2171500
TIMELINE 6 1126 241761643403000 2171500
LATENCY 2163900
TIMELINE 6 1142 241761680446200 2163900
LATENCY 2237700
TIMELINE 6 1158 241761716335900 2237700
LATENCY 2354200
TIMELINE 6 1174 241761750754000 2354200
LATENCY 2326700
TIMELINE 6 1190 241761792633500 2326700
LATENCY 2209000
TIMELINE 6 1206 241761828551000 2209000
LATENCY 2134700
TIMELINE 6 1222 241761867589300 2134700
LATENCY 3083400
TIMELINE 6 1238 241761910761400 3083400
LATENCY 2582600
TIMELINE 6 1254 241761955685300 2582600
LATENCY 2600100
TIMELINE 6 1270 241761998884700 2600100
LATENCY 2778200
TIMELINE 6 1286 241762049985800 2778200
LATENCY 3042000
TIMELINE 6 1302 241762095672000 3042000
LATENCY 2889800
TIMELINE 6 1318 241762144664600 2889800
LATENCY 2910400
TIMELINE 6 1334 241762199385100 2910400
LATENCY 2779500
TIMELINE 6 1350 241762245777700 2779500
LATENCY 2899100
TIMELINE 6 1366 241762291769400 2899100
LATENCY 2779500
TIMELINE 6 1382 241762337232700 2779500
LATENCY 3075200
TIMELINE 6 1398 241762384653400 3075200
LATENCY 2713000
TIMELINE 6 1414 241762430383100 2713000
LATENCY 2725600
TIMELINE 6 1430 241762473031100 2725600
LATENCY 2753600
TIMELINE 6 1446 241762518704500 2753600
LATENCY 2808200
TIMELINE 6 1462 241762568679900 2808200
LATENCY 3087100
TIMELINE 6 1478 241762617153100 3087100
LATENCY 2810600
TIMELINE 6 1494 241762664154900 2810600
LATENCY 3040300
TIMELINE 6 1510 241762710165200 3040300
LATENCY 2822400
TIMELINE 6 1526 241762755818000 2822400
LATENCY 2782700
TIMELINE 6 1542 241762801712800 2782700
LATENCY 2982500
TIMELINE 6 1558 241762846521100 2982500
LATENCY 2670300
TIMELINE 6 1574 241762892279500 2670300
LATENCY 2803500
TIMELINE 6 1590 241762944556500 2803500
LATENCY 2755900
TIMELINE 6 1606 241762993636600 2755900
LATENCY 2742700
TIMELINE 6 1622 241763037960500 2742700
LATENCY 2828900
TIMELINE 6 1638 241763082060100 2828900
LATENCY 2610400
TIMELINE 6 1654 241763127710500 2610400
LATENCY 2549300
TIMELINE 6 1670 241763169162900 2549300
LATENCY 2948200
TIMELINE 6 1686 241763215027300 2948200
LATENCY 2726800
TIMELINE 6 1702 241763262130300 2726800
LATENCY 2728200
TIMELINE 6 1718 241763305965200 2728200
LATENCY 2734800
TIMELINE 6 1734 241763355942600 2734800
LATENCY 2740500
TIMELINE 6 1750 241763401413200 2740500
LATENCY 2805400
TIMELINE 6 1766 241763445646300 2805400
LATENCY 3207300
TIMELINE 6 1782 241763491718700 3207300
LATENCY 2719900
TIMELINE 6 1798 241763537317400 2719900
LATENCY 2746200
TIMELINE 6 1814 241763586327200 2746200
LATENCY 2680800
TIMELINE 6 1830 241763629773100 2680800
LATENCY 2711400
TIMELINE 6 1846 241763673208900 2711400
LATENCY 3074200
TIMELINE 6 1862 241763728086000 3074200
LATENCY 2717000
TIMELINE 6 1878 241763775197300 2717000
LATENCY 2943100
TIMELINE 6 1894 241763819435500 2943100
LATENCY 2567100
TIMELINE 6 1910 241763861949700 2567100
LATENCY 3025800
TIMELINE 6 1926 241763909227500 3025800
LATENCY 2687800
TIMELINE 6 1942 241763954536800 2687800
LATENCY 3053500
TIMELINE 6 1958 241764001164100 3053500
LATENCY 2874800
TIMELINE 6 1974 241764046152400 2874800
LATENCY 8668000
TIMELINE 6 1990 241764093690500 8668000
LATENCY 2756500
TIMELINE 6 2006 241764144958500 2756500
LATENCY 2685700
TIMELINE 6 2022 241764195041000 2685700
LATENCY 2781300
TIMELINE 6 2038 241764239927700 2781300
LATENCY 2975400
TIMELINE 7 7 241759024447100 2975400
LATENCY 2188100
TIMELINE 7 23 241759062001000 2188100
LATENCY 2250300
TIMELINE 7 39 241759096966200 2250300
LATENCY 2140100
TIMELINE 7 55 241759132178900 2140100
LATENCY 2136000
TIMELINE 7 71 241759166618000 2136000
LATENCY 2168900
TIMELINE 7 87 241759203430000 2168900
LATENCY 2142900
TIMELINE 7 103 241759238095900 2142900
LATENCY 2283500
TIMELINE 7 119 241759275105800 2283500
LATENCY 2230100
TIMELINE 7 135 241759329875700 2230100
LATENCY 2130000
TIMELINE 7 151 241759364496800 2130000
LATENCY 2533700
TIMELINE 7 167 241759400823800 2533700
LATENCY 2216900
TIMELINE 7 183 241759436731100 2216900
LATENCY 2094000
TIMELINE 7 199 241759471620600 2094000
LATENCY 2258900
TIMELINE 7 215 241759507510900 2258900
LATENCY 2232600
TIMELINE 7 231 241759543843400 2232600
LATENCY 2412000
TIMELINE 7 247 241759579832200 2412000
LATENCY 2132400
TIMELINE 7 263 241759633722400 2132400
LATENCY 2122200
TIMELINE 7 279 241759667883200 2122200
LATENCY 2406500
TIMELINE 7 295 241759702638500 2406500
LATENCY 2236800
TIMELINE 7 311 241759737451000 2236800
LATENCY 2308400
TIMELINE 7 327 241759773287500 2308400
LATENCY 2379600
TIMELINE 7 343 241759810728900 2379600
LATENCY 2233900
TIMELINE 7 359 241759847221400 2233900
LATENCY 2144300
TIMELINE 7 375 241759883191700 2144300
LATENCY 2219800
TIMELINE 7 391 241759936379900 2219800
LATENCY 2116600
TIMELINE 7 407 241759971736300 2116600
LATENCY 2252200
TIMELINE 7 423 241760013441700 2252200
LATENCY 2106600
TIMELINE 7 439 241760048518700 2106600
LATENCY 2220600
TIMELINE 7 455 241760084062200 2220600
LATENCY 2176800
TIMELINE 7 471 241760119264600 2176800
LATENCY 2088800
TIMELINE 7 487 241760153474700 2088800
LATENCY 2147900
TIMELINE 7 503 241760189259100 2147900
LATENCY 2184300
TIMELINE 7 519 241760226035200 2184300
LATENCY 2141000
TIMELINE 7 535 241760280122200 2141000
LATENCY 2128700
TIMELINE 7 551 241760314354000 2128700
LATENCY 2210200
TIMELINE 7 567 241760349516100 2210200
LATENCY 2181000
TIMELINE 7 583 241760385031700 2181000
LATENCY 2396700
TIMELINE 7 599 241760420235800 2396700
LATENCY 2154000
TIMELINE 7 615 241760455290700 2154000
LATENCY 2134900
TIMELINE 7 631 241760489439300 2134900
LATENCY 2117000
TIMELINE 7 647 241760523780000 2117000
LATENCY 2184000
TIMELINE 7 663 241760576988600 2184000
LATENCY 2197300
TIMELINE 7 679 241760612400900 2197300
LATENCY 2214200
TIMELINE 7 695 241760647942900 2214200
LATENCY 2191700
TIMELINE 7 711 241760682666300 2191700
LATENCY 2119100
TIMELINE 7 727 241760717070400 2119100
LATENCY 2111000
TIMELINE 7 743 241760752246200 2111000
LATENCY 2104700
TIMELINE 7 759 241760786502000 2104700
LATENCY 2534800
TIMELINE 7 775 241760820791100 2534800
LATENCY 2214600
TIMELINE 7 791 241760875951400 2214600
LATENCY 2158500
TIMELINE 7 807 241760911100700 2158500
LATENCY 2325200
TIMELINE 7 823 241760945926900 2325200
LATENCY 2096200
TIMELINE 7 839 241760980770400 2096200
LATENCY 2270000
TIMELINE 7 855 241761016564800 2270000
LATENCY 2185700
TIMELINE 7 871 241761052069800 2185700
LATENCY 2178900
TIMELINE 7 887 241761087334500 2178900
LATENCY 2210300
TIMELINE 7 903 241761123105100 2210300
LATENCY 2109400
TIMELINE 7 919 241761158148300 2109400
LATENCY 2165400
TIMELINE 7 935 241761213687200 2165400
LATENCY 2144400
TIMELINE 7 951 241761248430900 2144400
LATENCY 2103000
TIMELINE 7 967 241761282659600 2103000
LATENCY 2111600
TIMELINE 7 983 241761316720900 2111600
LATENCY 2247200
TIMELINE 7 999 241761352742000 2247200
LATENCY 2205000
TIMELINE 7 1015 241761387644200 2205000
LATENCY 2189600
TIMELINE 7 1031 241761421925400 2189600
LATENCY 2224500
TIMELINE 7 1047 241761459120200 2224500
LATENCY 2130300
TIMELINE 7 1063 241761500415200 2130300
LATENCY 2247900
TIMELINE 7 1079 241761535704200 2247900
LATENCY 2694600
TIMELINE 7 1095 241761572716200 2694600
LATENCY 2155300
TIMELINE 7 1111 241761610021900 2155300
LATENCY 2167000
TIMELINE 7 1127 241761644574000 2167000
LATENCY 2172100
TIMELINE 7 1143 241761681446200 2172100
LATENCY 2203600
TIMELINE 7 1159 241761717031600 2203600
LATENCY 2392800
TIMELINE 7 1175 241761751270100 2392800
LATENCY 2286900
TIMELINE 7 1191 241761793040300 2286900
LATENCY 2213300
TIMELINE 7 1207 241761828777300 2213300
LATENCY 2154900
TIMELINE 7 1223 241761867811000 2154900
LATENCY 3092900
TIMELINE 7 1239 241761911056400 3092900
LATENCY 2667000
TIMELINE 7 1255 241761955980400 2667000
LATENCY 2602500
TIMELINE 7 1271 241761998990900 2602500
LATENCY 2774500
TIMELINE 7 1287 241762050114100 2774500
LATENCY 3052900
TIMELINE 7 1303 241762095788600 3052900
LATENCY 2874000
TIMELINE 7 1319 241762144811200 2874000
LATENCY 2884200
TIMELINE 7 1335 241762199520500 2884200
LATENCY 2784500
TIMELINE 7 1351 241762245897700 2784500
LATENCY 2904800
TIMELINE 7 1367 241762291888300 2904800
LATENCY 2793200
TIMELINE 7 1383 241762337338400 2793200
LATENCY 3086300
TIMELINE 7 1399 241762384783500 3086300
LATENCY 2697500
TIMELINE 7 1415 241762430281200 2697500
LATENCY 2704600
TIMELINE 7 1431 241762472926600 2704600
LATENCY 2756300
TIMELINE 7 1447 241762518581500 2756300
LATENCY 2780800
TIMELINE 7 1463 241762568571000 2780800
LATENCY 3079300
TIMELINE 7 1479 241762617030500 3079300
LATENCY 2808700
TIMELINE 7 1495 241762664079700 2808700
LATENCY 3044700
TIMELINE 7 1511 241762710076900 3044700
LATENCY 2817100
TIMELINE 7 1527 241762755742400 2817100
LATENCY 2778200
TIMELINE 7 1543 241762801595600 2778200
LATENCY 2969200
TIMELINE 7 1559 241762846484900 2969200
LATENCY 2645800
TIMELINE 7 1575 241762892243000 2645800
LATENCY 2808800
TIMELINE 7 1591 241762944470100 2808800
LATENCY 2759300
TIMELINE 7 1607 241762993515400 2759300
LATENCY 2743900
TIMELINE 7 1623 241763037843800 2743900
LATENCY 2815300
TIMELINE 7 1639 241763081960400 2815300
LATENCY 2597800
TIMELINE 7 1655 241763127573100 2597800
LATENCY 2553400
TIMELINE 7 1671 241763169021900 2553400
LATENCY 2941400
TIMELINE 7 1687 241763214947500 2941400
LATENCY 2717300
TIMELINE 7 1703 241763262063300 2717300
LATENCY 2724000
TIMELINE 7 1719 241763305887200 2724000
LATENCY 2732200
TIMELINE 7 1735 241763355791400 2732200
LATENCY 2736300
TIMELINE 7 1751 241763401257500 2736300
LATENCY 2802700
TIMELINE 7 1767 241763445496200 2802700
LATENCY 3195100
TIMELINE 7 1783 241763491555600 3195100
LATENCY 2725500
TIMELINE 7 1799 241763537073800 2725500
LATENCY 2741100
TIMELINE 7 1815 241763585876400 2741100
LATENCY 2700400
TIMELINE 7 1831 241763629281900 2700400
LATENCY 2715900
TIMELINE 7 1847 241763672738600 2715900
LATENCY 3046400
TIMELINE 7 1863 241763727645500 3046400
LATENCY 2702400
TIMELINE 7 1879 241763774781100 2702400
LATENCY 2864500
TIMELINE 7 1895 241763819022200 2864500
LATENCY 2583500
TIMELINE 7 1911 241763861507200 2583500
LATENCY 3046900
TIMELINE 7 1927 241763908743900 3046900
LATENCY 2799900
TIMELINE 7 1943 241763954018400 2799900
LATENCY 3070300
TIMELINE 7 1959 241764000688000 3070300
LATENCY 2863900
TIMELINE 7 1975 241764045685900 2863900
LATENCY 8628000
TIMELINE 7 1991 241764093254700 8628000
LATENCY 2760700
TIMELINE 7 2007 241764144515600 2760700
LATENCY 2672900
TIMELINE 7 2023 241764194604900 2672900
LATENCY 2763200
TIMELINE 7 2039 241764239492100 2763200
LATENCY 2634600
TIMELINE 8 8 241759027595500 2634600
LATENCY 2140000
TIMELINE 8 24 241759064337100 2140000
LATENCY 2207400
TIMELINE 8 40 241759099253800 2207400
LATENCY 2154600
TIMELINE 8 56 241759134354900 2154600
LATENCY 2396700
TIMELINE 8 72 241759168789500 2396700
LATENCY 2187200
TIMELINE 8 88 241759205659400 2187200
LATENCY 2250900
TIMELINE 8 104 241759240301900 2250900
LATENCY 2209100
TIMELINE 8 120 241759277425700 2209100
LATENCY 2120200
TIMELINE 8 136 241759332079900 2120200
LATENCY 2123200
TIMELINE 8 152 241759366571000 2123200
LATENCY 2265000
TIMELINE 8 168 241759403129900 2265000
LATENCY 2236600
TIMELINE 8 184 241759438607200 2236600
LATENCY 2146200
TIMELINE 8 200 241759473488400 2146200
LATENCY 2416500
TIMELINE 8 216 241759509835800 2416500
LATENCY 2228200
TIMELINE 8 232 241759546157700 2228200
LATENCY 2270200
TIMELINE 8 248 241759582062300 2270200
LATENCY 2125100
TIMELINE 8 264 241759635772700 2125100
LATENCY 2114600
TIMELINE 8 280 241759669918100 2114600
LATENCY 2329300
TIMELINE 8 296 241759704891700 2329300
LATENCY 2203000
TIMELINE 8 312 241759739558300 2203000
LATENCY 2271200
TIMELINE 8 328 241759775440700 2271200
LATENCY 2261900
TIMELINE 8 344 241759812883000 2261900
LATENCY 2239200
TIMELINE 8 360 241759849367000 2239200
LATENCY 2140900
TIMELINE 8 376 241759885308200 2140900
LATENCY 2350800
TIMELINE 8 392 241759938571800 2350800
LATENCY 2120700
TIMELINE 8 408 241759973814500 2120700
LATENCY 2207500
TIMELINE 8 424 241760015650900 2207500
LATENCY 2124300
TIMELINE 8 440 241760050787200 2124300
LATENCY 2252700
TIMELINE 8 456 241760086460700 2252700
LATENCY 2145400
TIMELINE 8 472 241760121567300 2145400
LATENCY 2109500
TIMELINE 8 488 241760155683400 2109500
LATENCY 2161000
TIMELINE 8 504 241760191521800 2161000
LATENCY 2214300
TIMELINE 8 520 241760228335700 2214300
LATENCY 2136400
TIMELINE 8 536 241760282447700 2136400
LATENCY 2219600
TIMELINE 8 552 241760316636600 2219600
LATENCY 2170100
TIMELINE 8 568 241760351960200 2170100
LATENCY 2140500
TIMELINE 8 584 241760387523000 2140500
LATENCY 2231400
TIMELINE 8 600 241760422876400 2231400
LATENCY 2150000
TIMELINE 8 616 241760457745800 2150000
LATENCY 2113200
TIMELINE 8 632 241760491879300 2113200
LATENCY 2127800
TIMELINE 8 648 241760526161700 2127800
LATENCY 2264200
TIMELINE 8 664 241760579453100 2264200
LATENCY 2206300
TIMELINE 8 680 241760614900000 2206300
LATENCY 2273100
TIMELINE 8 696 241760650414700 2273100
LATENCY 2117500
TIMELINE 8 712 241760685133100 2117500
LATENCY 2121500
TIMELINE 8 728 241760719455000 2121500
LATENCY 2137900
TIMELINE 8 744 241760754633600 2137900
LATENCY 2124800
TIMELINE 8 760 241760788864700 2124800
LATENCY 2208100
TIMELINE 8 776 241760823680500 2208100
LATENCY 2378200
TIMELINE 8 792 241760878588700 2378200
LATENCY 2164100
TIMELINE 8 808 241760913528700 2164100
LATENCY 2269300
TIMELINE 8 824 241760948490600 2269300
LATENCY 2192800
TIMELINE 8 840 241760983042400 2192800
LATENCY 2104100
TIMELINE 8 856 241761018928600 2104100
LATENCY 2342700
TIMELINE 8 872 241761054317200 2342700
LATENCY 2184300
TIMELINE 8 888 241761089576000 2184300
LATENCY 2092800
TIMELINE 8 904 241761125356900 2092800
LATENCY 2105700
TIMELINE 8 920 241761160322700 2105700
LATENCY 2097100
TIMELINE 8 936 241761215795900 2097100
LATENCY 2130100
TIMELINE 8 952 241761250549100 2130100
LATENCY 2048200
TIMELINE 8 968 241761284733100 2048200
LATENCY 2192200
TIMELINE 8 984 241761318806600 2192200
LATENCY 2193500
TIMELINE 8 1000 241761354902600 2193500
LATENCY 2180600
TIMELINE 8 1016 241761389785300 2180600
LATENCY 2151500
TIMELINE 8 1032 241761424085000 2151500
LATENCY 2234300
TIMELINE 8 1048 241761461002000 2234300
LATENCY 2119100
TIMELINE 8 1064 241761502192100 2119100
LATENCY 2239400
TIMELINE 8 1080 241761537580700 2239400
LATENCY 2680800
TIMELINE 8 1096 241761574688800 2680800
LATENCY 2180700
TIMELINE 8 1112 241761611546200 2180700
LATENCY 2243500
TIMELINE 8 1128 241761646095600 2243500
LATENCY 2195800
TIMELINE 8 1144 241761683170700 2195800
LATENCY 2156400
TIMELINE 8 1160 241761719067200 2156400
LATENCY 2186400
TIMELINE 8 1176 241761753781000 2186400
LATENCY 2286700
TIMELINE 8 1192 241761795497300 2286700
LATENCY 2255800
TIMELINE 8 1208 241761831144900 2255800
LATENCY 2162100
TIMELINE 8 1224 241761870114400 2162100
LATENCY 2694400
TIMELINE 8 1240 241761914399500 2694400
LATENCY 2762900
TIMELINE 8 1256 241761958875200 2762900
LATENCY 2613900
TIMELINE 8 1272 241762001983000 2613900
LATENCY 2844500
TIMELINE 8 1288 241762053304600 2844500
LATENCY 3064200
TIMELINE 8 1304 241762099311600 3064200
LATENCY 2915900
TIMELINE 8 1320 241762148140200 2915900
LATENCY 2952000
TIMELINE 8 1336 241762202845000 2952000
LATENCY 2876200
TIMELINE 8 1352 241762249130300 2876200
LATENCY 2877300
TIMELINE 8 1368 241762295251100 2877300
LATENCY 3060200
TIMELINE 8 1384 241762340642400 3060200
LATENCY 3091100
TIMELINE 8 1400 241762388476800 3091100
LATENCY 2728500
TIMELINE 8 1416 241762432764000 2728500
LATENCY 2960500
TIMELINE 8 1432 241762475384500 2960500
LATENCY 2763300
TIMELINE 8 1448 241762521066300 2763300
LATENCY 3039200
TIMELINE 8 1464 241762571035700 3039200
LATENCY 3030400
TIMELINE 8 1480 241762619769900 3030400
LATENCY 2798200
TIMELINE 8 1496 241762666697000 2798200
LATENCY 3040400
TIMELINE 8 1512 241762712905900 3040400
LATENCY 2786800
TIMELINE 8 1528 241762758362800 2786800
LATENCY 2804000
TIMELINE 8 1544 241762804209200 2804000
LATENCY 2970900
TIMELINE 8 1560 241762849333900 2970900
LATENCY 2992300
TIMELINE 8 1576 241762894762700 2992300
LATENCY 2787600
TIMELINE 8 1592 241762947168600 2787600
LATENCY 2767300
TIMELINE 8 1608 241762996163000 2767300
LATENCY 2753800
TIMELINE 8 1624 241763040472100 2753800
LATENCY 2724800
TIMELINE 8 1640 241763084666100 2724800
LATENCY 2611500
TIMELINE 8 1656 241763130103300 2611500
LATENCY 2561900
TIMELINE 8 1672 241763171504300 2561900
LATENCY 2970700
TIMELINE 8 1688 241763217725500 2970700
LATENCY 2741100
TIMELINE 8 1704 241763264627800 2741100
LATENCY 2775700
TIMELINE 8 1720 241763308463500 2775700
LATENCY 2742000
TIMELINE 8 1736 241763358371900 2742000
LATENCY 2754500
TIMELINE 8 1752 241763403801000 2754500
LATENCY 2723400
TIMELINE 8 1768 241763448112500 2723400
LATENCY 4583700
TIMELINE 8 1784 241763494188200 4583700
LATENCY 2726200
TIMELINE 8 1800 241763539394400 2726200
LATENCY 2766800
TIMELINE 8 1816 241763588389400 2766800
LATENCY 2716000
TIMELINE 8 1832 241763631759900 2716000
LATENCY 2683900
TIMELINE 8 1848 241763675194000 2683900
LATENCY 2996500
TIMELINE 8 1864 241763730403400 2996500
LATENCY 2718900
TIMELINE 8 1880 241763777212500 2718900
LATENCY 2739600
TIMELINE 8 1896 241763821595400 2739600
LATENCY 2692800
TIMELINE 8 1912 241763863848500 2692800
LATENCY 3014500
TIMELINE 8 1928 241763911486100 3014500
LATENCY 2759400
TIMELINE 8 1944 241763956548000 2759400
LATENCY 3033400
TIMELINE 8 1960 241764003453400 3033400
LATENCY 3001600
TIMELINE 8 1976 241764048228700 3001600
LATENCY 3062900
TIMELINE 8 1992 241764101486100 3062900
LATENCY 2795200
TIMELINE 8 2008 241764146938200 2795200
LATENCY 2719700
TIMELINE 8 2024 241764196949700 2719700
LATENCY 2815100
TIMELINE 8 2040 241764241912800 2815100
LATENCY 2289700
TIMELINE 9 9 241759030268600 2289700
LATENCY 2169500
TIMELINE 9 25 241759066513800 2169500
LATENCY 2178000
TIMELINE 9 41 241759101553700 2178000
LATENCY 2142200
TIMELINE 9 57 241759136633600 2142200
LATENCY 2253500
TIMELINE 9 73 241759171306900 2253500
LATENCY 2212100
TIMELINE 9 89 241759207879200 2212100
LATENCY 2196800
TIMELINE 9 105 241759242589000 2196800
LATENCY 2156700
TIMELINE 9 121 241759279697300 2156700
LATENCY 2110900
TIMELINE 9 137 241759334284000 2110900
LATENCY 2098400
TIMELINE 9 153 241759368814000 2098400
LATENCY 2428500
TIMELINE 9 169 241759405836100 2428500
LATENCY 2234000
TIMELINE 9 185 241759441299000 2234000
LATENCY 2100900
TIMELINE 9 201 241759476057800 2100900
LATENCY 2364900
TIMELINE 9 217 241759512693200 2364900
LATENCY 2282600
TIMELINE 9 233 241759548776300 2282600
LATENCY 2219100
TIMELINE 9 249 241759584859800 2219100
LATENCY 2133500
TIMELINE 9 265 241759638519800 2133500
LATENCY 2152000
TIMELINE 9 281 241759672658100 2152000
LATENCY 2298100
TIMELINE 9 297 241759708625800 2298100
LATENCY 2154800
TIMELINE 9 313 241759743280300 2154800
LATENCY 2581800
TIMELINE 9 329 241759779162200 2581800
LATENCY 2293200
TIMELINE 9 345 241759816449200 2293200
LATENCY 2227500
TIMELINE 9 361 241759852684500 2227500
LATENCY 2183600
TIMELINE 9 377 241759888378500 2183600
LATENCY 2238300
TIMELINE 9 393 241759942092000 2238300
LATENCY 4043100
TIMELINE 9 409 241759976942800 4043100
LATENCY 2183500
TIMELINE 9 425 241760018959900 2183500
LATENCY 2118500
TIMELINE 9 441 241760053822500 2118500
LATENCY 2192000
TIMELINE 9 457 241760089633500 2192000
LATENCY 2126100
TIMELINE 9 473 241760124548300 2126100
LATENCY 2152200
TIMELINE 9 489 241760158596100 2152200
LATENCY 2128000
TIMELINE 9 505 241760194450100 2128000
LATENCY 2178700
TIMELINE 9 521 241760231239300 2178700
LATENCY 2109800
TIMELINE 9 537 241760285262000 2109800
LATENCY 2428700
TIMELINE 9 553 241760319637900 2428700
LATENCY 2172600
TIMELINE 9 569 241760354663400 2172600
LATENCY 2176100
TIMELINE 9 585 241760390219200 2176100
LATENCY 2222600
TIMELINE 9 601 241760425607800 2222600
LATENCY 2131400
TIMELINE 9 617 241760460347300 2131400
LATENCY 2134700
TIMELINE 9 633 241760494448000 2134700
LATENCY 2121900
TIMELINE 9 649 241760528749400 2121900
LATENCY 2341300
TIMELINE 9 665 241760582599800 2341300
LATENCY 2191800
TIMELINE 9 681 241760617967700 2191800
LATENCY 2204800
TIMELINE 9 697 241760653494000 2204800
LATENCY 2134500
TIMELINE 9 713 241760688041100 2134500
LATENCY 2286500
TIMELINE 9 729 241760722311700 2286500
LATENCY 2214400
TIMELINE 9 745 241760757737900 2214400
LATENCY 2085200
TIMELINE 9 761 241760791904800 2085200
LATENCY 2273000
TIMELINE 9 777 241760826941700 2273000
LATENCY 2095300
TIMELINE 9 793 241760881785100 2095300
LATENCY 2231900
TIMELINE 9 809 241760916441200 2231900
LATENCY 2152900
TIMELINE 9 825 241760951544100 2152900
LATENCY 2122800
TIMELINE 9 841 241760985939100 2122800
LATENCY 2153800
TIMELINE 9 857 241761021508000 2153800
LATENCY 2265600
TIMELINE 9 873 241761057178000 2265600
LATENCY 2274800
TIMELINE 9 889 241761092251300 2274800
LATENCY 2123000
TIMELINE 9 905 241761127994200 2123000
LATENCY 2107100
TIMELINE 9 921 241761162900700 2107100
LATENCY 2446500
TIMELINE 9 937 241761218512700 2446500
LATENCY 2133900
TIMELINE 9 953 241761253291800 2133900
LATENCY 2113500
TIMELINE 9 969 241761287359200 2113500
LATENCY 2273800
TIMELINE 9 985 241761321665500 2273800
LATENCY 2220400
TIMELINE 9 1001 241761357706800 2220400
LATENCY 2166300
TIMELINE 9 1017 241761392497500 2166300
LATENCY 2312000
TIMELINE 9 1033 241761426778400 2312000
LATENCY 2168200
TIMELINE 9 1049 241761463732500 2168200
LATENCY 2317400
TIMELINE 9 1065 241761504825100 2317400
LATENCY 2176800
TIMELINE 9 1081 241761540295600 2176800
LATENCY 2237200
TIMELINE 9 1097 241761578126400 2237200
LATENCY 2165400
TIMELINE 9 1113 241761614368900 2165400
LATENCY 2495400
TIMELINE 9 1129 241761649030300 2495400
LATENCY 2237100
TIMELINE 9 1145 241761685879900 2237100
LATENCY 2152200
TIMELINE 9 1161 241761721731800 2152200
LATENCY 2534500
TIMELINE 9 1177 241761756450100 2534500
LATENCY 2230300
TIMELINE 9 1193 241761798412300 2230300
LATENCY 2326400
TIMELINE 9 1209 241761833995300 2326400
LATENCY 2129900
TIMELINE 9 1225 241761872983900 2129900
LATENCY 2714300
TIMELINE 9 1241 241761918040500 2714300
LATENCY 2632000
TIMELINE 9 1257 241761962567500 2632000
LATENCY 2557300
TIMELINE 9 1273 241762005267600 2557300
LATENCY 2916000
TIMELINE 9 1289 241762056865600 2916000
LATENCY 3048600
TIMELINE 9 1305 241762103182200 3048600
LATENCY 2884800
TIMELINE 9 1321 241762151820100 2884800
LATENCY 2866500
TIMELINE 9 1337 241762206539500 2866500
LATENCY 2818500
TIMELINE 9 1353 241762252769700 2818500
LATENCY 2834400
TIMELINE 9 1369 241762298867600 2834400
LATENCY 3041400
TIMELINE 9 1385 241762344512600 3041400
LATENCY 3040000
TIMELINE 9 1401 241762392373100 3040000
LATENCY 2721200
TIMELINE 9 1417 241762436703200 2721200
LATENCY 2947600
TIMELINE 9 1433 241762479689500 2947600
LATENCY 2759900
TIMELINE 9 1449 241762525144400 2759900
LATENCY 2974600
TIMELINE 9 1465 241762575572700 2974600
LATENCY 3026300
TIMELINE 9 1481 241762624287500 3026300
LATENCY 2926300
TIMELINE 9 1497 241762670700500 2926300
LATENCY 3066400
TIMELINE 9 1513 241762717277000 3066400
LATENCY 2788700
TIMELINE 9 1529 241762762339500 2788700
LATENCY 3020000
TIMELINE 9 1545 241762808260300 3020000
LATENCY 3686100
TIMELINE 9 1561 241762853543200 3686100
LATENCY 2970300
TIMELINE 9 1577 241762899025900 2970300
LATENCY 2778600
TIMELINE 9 1593 241762951161800 2778600
LATENCY 2773400
TIMELINE 9 1609 241763000161200 2773400
LATENCY 2725600
TIMELINE 9 1625 241763044398200 2725600
LATENCY 2764700
TIMELINE 9 1641 241763088588700 2764700
LATENCY 2582100
TIMELINE 9 1657 241763133817000 2582100
LATENCY 2576600
TIMELINE 9 1673 241763175171800 2576600
LATENCY 2937200
TIMELINE 9 1689 241763222018700 2937200
LATENCY 2687100
TIMELINE 9 1705 241763268575500 2687100
LATENCY 2718500
TIMELINE 9 1721 241763312453000 2718500
LATENCY 2749900
TIMELINE 9 1737 241763362329400 2749900
LATENCY 2740000
TIMELINE 9 1753 241763407811700 2740000
LATENCY 2731100
TIMELINE 9 1769 241763452092500 2731100
LATENCY 2568600
TIMELINE 9 1785 241763500195400 2568600
LATENCY 4067700
TIMELINE 9 1801 241763543633800 4067700
LATENCY 2692900
TIMELINE 9 1817 241763592717700 2692900
LATENCY 2774200
TIMELINE 9 1833 241763635985400 2774200
LATENCY 2672500
TIMELINE 9 1849 241763679446900 2672500
LATENCY 3036000
TIMELINE 9 1865 241763735112900 3036000
LATENCY 2691300
TIMELINE 9 1881 241763781520400 2691300
LATENCY 2610000
TIMELINE 9 1897 241763825836900 2610000
LATENCY 3071000
TIMELINE 9 1913 241763869363500 3071000
LATENCY 3027400
TIMELINE 9 1929 241763916228000 3027400
LATENCY 2742700
TIMELINE 9 1945 241763960845100 2742700
LATENCY 2967500
TIMELINE 9 1961 241764008956600 2967500
LATENCY 3050600
TIMELINE 9 1977 241764053801400 3050600
LATENCY 3034000
TIMELINE 9 1993 241764107129400 3034000
LATENCY 3048600
TIMELINE 9 2009 241764152273700 3048600
LATENCY 2755800
TIMELINE 9 2025 241764202008100 2755800
LATENCY 2768100
TIMELINE 9 2041 241764247038900 2768100
LATENCY 2273800
TIMELINE 10 10 241759032597300 2273800
LATENCY 2157700
TIMELINE 10 26 241759068718600 2157700
LATENCY 2238200
TIMELINE 10 42 241759103701200 2238200
LATENCY 2152000
TIMELINE 10 58 241759138720900 2152000
LATENCY 2139000
TIMELINE 10 74 241759173480400 2139000
LATENCY 2167900
TIMELINE 10 90 241759210243000 2167900
LATENCY 2230800
TIMELINE 10 106 241759244929000 2230800
LATENCY 2182600
TIMELINE 10 122 241759282095700 2182600
LATENCY 2124400
TIMELINE 10 138 241759336587300 2124400
LATENCY 2100400
TIMELINE 10 154 241759371095500 2100400
LATENCY 2309600
TIMELINE 10 170 241759407877200 2309600
LATENCY 2239900
TIMELINE 10 186 241759443081900 2239900
LATENCY 2107300
TIMELINE 10 202 241759477779700 2107300
LATENCY 2338500
TIMELINE 10 218 241759514781100 2338500
LATENCY 2169000
TIMELINE 10 234 241759550821200 2169000
LATENCY 2254900
TIMELINE 10 250 241759586650100 2254900
LATENCY 2139700
TIMELINE 10 266 241759640074900 2139700
LATENCY 2145400
TIMELINE 10 282 241759674228200 2145400
LATENCY 2204400
TIMELINE 10 298 241759709587200 2204400
LATENCY 2167700
TIMELINE 10 314 241759744182600 2167700
LATENCY 2515600
TIMELINE 10 330 241759780302300 2515600
LATENCY 2268500
TIMELINE 10 346 241759817615900 2268500
LATENCY 2221800
TIMELINE 10 362 241759853787500 2221800
LATENCY 2176300
TIMELINE 10 378 241759889545500 2176300
LATENCY 2271300
TIMELINE 10 394 241759943374400 2271300
LATENCY 4960700
TIMELINE 10 410 241759978998200 4960700
LATENCY 2162400
TIMELINE 10 426 241760020168700 2162400
LATENCY 2199700
TIMELINE 10 442 241760054938600 2199700
LATENCY 2172900
TIMELINE 10 458 241760090819300 2172900
LATENCY 2091600
TIMELINE 10 474 241760125783300 2091600
LATENCY 2110600
TIMELINE 10 490 241760159852200 2110600
LATENCY 2142700
TIMELINE 10 506 241760195778400 2142700
LATENCY 21051200
TIMELINE 10 522 241760232576800 21051200
LATENCY 2097700
TIMELINE 10 538 241760286712800 2097700
LATENCY 2281600
TIMELINE 10 554 241760321191700 2281600
LATENCY 2133700
TIMELINE 10 570 241760355983000 2133700
LATENCY 2145100
TIMELINE 10 586 241760391486400 2145100
LATENCY 2251400
TIMELINE 10 602 241760427034300 2251400
LATENCY 2121500
TIMELINE 10 618 241760461705000 2121500
LATENCY 2154300
TIMELINE 10 634 241760495792700 2154300
LATENCY 2108600
TIMELINE 10 650 241760530107900 2108600
LATENCY 2204600
TIMELINE 10 666 241760583728500 2204600
LATENCY 2185400
TIMELINE 10 682 241760618990200 2185400
LATENCY 2183300
TIMELINE 10 698 241760654667600 2183300
LATENCY 2145000
TIMELINE 10 714 241760689159500 2145000
LATENCY 2097000
TIMELINE 10 730 241760723525200 2097000
LATENCY 2130000
TIMELINE 10 746 241760758817800 2130000
LATENCY 2062500
TIMELINE 10 762 241760792914000 2062500
LATENCY 2214900
TIMELINE 10 778 241760828040800 2214900
LATENCY 2011700
TIMELINE 10 794 241760882928000 2011700
LATENCY 2231900
TIMELINE 10 810 241760917548300 2231900
LATENCY 2150600
TIMELINE 10 826 241760952832300 2150600
LATENCY 2132900
TIMELINE 10 842 241760987232800 2132900
LATENCY 2096100
TIMELINE 10 858 241761023128200 2096100
LATENCY 2334800
TIMELINE 10 874 241761058880700 2334800
LATENCY 2480900
TIMELINE 10 890 241761093945100 2480900
LATENCY 2249300
TIMELINE 10 906 241761129508900 2249300
LATENCY 2128900
TIMELINE 10 922 241761164550000 2128900
LATENCY 2344800
TIMELINE 10 938 241761220403000 2344800
LATENCY 2093300
TIMELINE 10 954 241761254942900 2093300
LATENCY 2144800
TIMELINE 10 970 241761288982000 2144800
LATENCY 2450300
TIMELINE 10 986 241761323415000 2450300
LATENCY 2146400
TIMELINE 10 1002 241761359604600 2146400
LATENCY 2127600
TIMELINE 10 1018 241761394376500 2127600
LATENCY 2684000
TIMELINE 10 1034 241761428718400 2684000
LATENCY 2195900
TIMELINE 10 1050 241761465935800 2195900
LATENCY 2403100
TIMELINE 10 1066 241761507182700 2403100
LATENCY 2170600
TIMELINE 10 1082 241761542504800 2170600
LATENCY 2404500
TIMELINE 10 1098 241761580404900 2404500
LATENCY 2169000
TIMELINE 10 1114 241761616567100 2169000
LATENCY 2418300
TIMELINE 10 1130 241761651626700 2418300
LATENCY 2263800
TIMELINE 10 1146 241761688307900 2263800
LATENCY 2186500
TIMELINE 10 1162 241761724119900 2186500
LATENCY 2419700
TIMELINE 10 1178 241761758956700 2419700
LATENCY 2203700
TIMELINE 10 1194 241761800795600 2203700
LATENCY 2127800
TIMELINE 10 1210 241761836389600 2127800
LATENCY 2170200
TIMELINE 10 1226 241761875496000 2170200
LATENCY 2696600
TIMELINE 10 1242 241761921188500 2696600
LATENCY 2602300
TIMELINE 10 1258 241761965582900 2602300
LATENCY 3297900
TIMELINE 10 1274 241762013102600 3297900
LATENCY 2856600
TIMELINE 10 1290 241762060511200 2856600
LATENCY 3067400
TIMELINE 10 1306 241762106992700 3067400
LATENCY 2865400
TIMELINE 10 1322 241762155469000 2865400
LATENCY 2859200
TIMELINE 10 1338 241762210136100 2859200
LATENCY 2824000
TIMELINE 10 1354 241762256311600 2824000
LATENCY 2757500
TIMELINE 10 1370 241762302486100 2757500
LATENCY 2838900
TIMELINE 10 1386 241762348401400 2838900
LATENCY 3069100
TIMELINE 10 1402 241762396215000 3069100
LATENCY 2741800
TIMELINE 10 1418 241762440138100 2741800
LATENCY 2967400
TIMELINE 10 1434 241762483467700 2967400
LATENCY 2891100
TIMELINE 10 1450 241762528661100 2891100
LATENCY 3064300
TIMELINE 10 1466 241762579356700 3064300
LATENCY 3054100
TIMELINE 10 1482 241762628135600 3054100
LATENCY 2823400
TIMELINE 10 1498 241762674440700 2823400
LATENCY 2840800
TIMELINE 10 1514 241762721213000 2840800
LATENCY 2802900
TIMELINE 10 1530 241762765932500 2802900
LATENCY 2822700
TIMELINE 10 1546 241762812105900 2822700
LATENCY 3077400
TIMELINE 10 1562 241762858060600 3077400
LATENCY 2953700
TIMELINE 10 1578 241762902779900 2953700
LATENCY 2808900
TIMELINE 10 1594 241762954676200 2808900
LATENCY 2823400
TIMELINE 10 1610 241763003671300 2823400
LATENCY 2724700
TIMELINE 10 1626 241763047836900 2724700
LATENCY 2814000
TIMELINE 10 1642 241763092089300 2814000
LATENCY 2580300
TIMELINE 10 1658 241763137085400 2580300
LATENCY 2853000
TIMELINE 10 1674 241763178488700 2853000
LATENCY 2942700
TIMELINE 10 1690 241763225764900 2942700
LATENCY 2703700
TIMELINE 10 1706 241763272023400 2703700
LATENCY 2771800
TIMELINE 10 1722 241763315914100 2771800
LATENCY 2769400
TIMELINE 10 1738 241763365826100 2769400
LATENCY 2787900
TIMELINE 10 1754 241763411258500 2787900
LATENCY 2759200
TIMELINE 10 1770 241763455504300 2759200
LATENCY 2546900
TIMELINE 10 1786 241763503309200 2546900
LATENCY 3021200
TIMELINE 10 1802 241763548275500 3021200
LATENCY 2744800
TIMELINE 10 1818 241763595870100 2744800
LATENCY 2662400
TIMELINE 10 1834 241763639208600 2662400
LATENCY 2666500
TIMELINE 10 1850 241763682564700 2666500
LATENCY 3093500
TIMELINE 10 1866 241763738703200 3093500
LATENCY 2709800
TIMELINE 10 1882 241763784714200 2709800
LATENCY 2606200
TIMELINE 10 1898 241763828912900 2606200
LATENCY 3014600
TIMELINE 10 1914 241763872987400 3014600
LATENCY 3119000
TIMELINE 10 1930 241763919810200 3119000
LATENCY 2773500
TIMELINE 10 1946 241763964150400 2773500
LATENCY 2575600
TIMELINE 10 1962 241764011310900 2575600
LATENCY 3082200
TIMELINE 10 1978 241764056128300 3082200
LATENCY 3083300
TIMELINE 10 1994 241764109440800 3083300
LATENCY 3033300
TIMELINE 10 2010 241764154606000 3033300
LATENCY 2746800
TIMELINE 10 2026 241764204097400 2746800
LATENCY 2771200
TIMELINE 10 2042 241764249207800 2771200
LATENCY 2234000
TIMELINE 11 11 241759034907700 2234000
LATENCY 2181300
TIMELINE 11 27 241759070911500 2181300
LATENCY 2343600
TIMELINE 11 43 241759106004100 2343600
LATENCY 2148700
TIMELINE 11 59 241759140909100 2148700
LATENCY 2131900
TIMELINE 11 75 241759175655300 2131900
LATENCY 2184100
TIMELINE 11 91 241759212383100 2184100
LATENCY 2488500
TIMELINE 11 107 241759247105300 2488500
LATENCY 2155700
TIMELINE 11 123 241759284142900 2155700
LATENCY 2135600
TIMELINE 11 139 241759338591900 2135600
LATENCY 2094200
TIMELINE 11 155 241759373107600 2094200
LATENCY 2351500
TIMELINE 11 171 241759410526600 2351500
LATENCY 2265900
TIMELINE 11 187 241759445738300 2265900
LATENCY 2108400
TIMELINE 11 203 241759480254100 2108400
LATENCY 2378400
TIMELINE 11 219 241759517185300 2378400
LATENCY 2178000
TIMELINE 11 235 241759553138900 2178000
LATENCY 2266000
TIMELINE 11 251 241759589055200 2266000
LATENCY 2121200
TIMELINE 11 267 241759642336400 2121200
LATENCY 2100000
TIMELINE 11 283 241759676461900 2100000
LATENCY 2079900
TIMELINE 11 299 241759711823300 2079900
LATENCY 2188300
TIMELINE 11 315 241759746382100 2188300
LATENCY 2289300
TIMELINE 11 331 241759782852100 2289300
LATENCY 2262600
TIMELINE 11 347 241759819791800 2262600
LATENCY 2174000
TIMELINE 11 363 241759855979200 2174000
LATENCY 2199900
TIMELINE 11 379 241759891757500 2199900
LATENCY 2129400
TIMELINE 11 395 241759945680200 2129400
LATENCY 3716600
TIMELINE 11 411 241759984026800 3716600
LATENCY 2163400
TIMELINE 11 427 241760022389000 2163400
LATENCY 2249500
TIMELINE 11 443 241760057264500 2249500
LATENCY 2115000
TIMELINE 11 459 241760093057700 2115000
LATENCY 2100900
TIMELINE 11 475 241760127936800 2100900
LATENCY 2111300
TIMELINE 11 491 241760162024300 2111300
LATENCY 2375700
TIMELINE 11 507 241760197861300 2375700
LATENCY 2677300
TIMELINE 11 523 241760253673900 2677300
LATENCY 2175300
TIMELINE 11 539 241760288635700 2175300
LATENCY 2331700
TIMELINE 11 555 241760323406200 2331700
LATENCY 2131200
TIMELINE 11 571 241760358241500 2131200
LATENCY 2134000
TIMELINE 11 587 241760393908800 2134000
LATENCY 2227100
TIMELINE 11 603 241760429557400 2227100
LATENCY 2115700
TIMELINE 11 619 241760464061300 2115700
LATENCY 2128300
TIMELINE 11 635 241760498180000 2128300
LATENCY 2115500
TIMELINE 11 651 241760532450200 2115500
LATENCY 2235600
TIMELINE 11 667 241760586174500 2235600
LATENCY 2200300
TIMELINE 11 683 241760621382300 2200300
LATENCY 2145200
TIMELINE 11 699 241760656975300 2145200
LATENCY 2124800
TIMELINE 11 715 241760691423000 2124800
LATENCY 2192700
TIMELINE 11 731 241760725871300 2192700
LATENCY 2173500
TIMELINE 11 747 241760761234900 2173500
LATENCY 2145700
TIMELINE 11 763 241760795225500 2145700
LATENCY 2147800
TIMELINE 11 779 241760830480800 2147800
LATENCY 2067700
TIMELINE 11 795 241760885092600 2067700
LATENCY 2197700
TIMELINE 11 811 241760919987300 2197700
LATENCY 2156600
TIMELINE 11 827 241760955129300 2156600
LATENCY 2159000
TIMELINE 11 843 241760989548000 2159000
LATENCY 2118000
TIMELINE 11 859 241761025946700 2118000
LATENCY 2389600
TIMELINE 11 875 241761061751500 2389600
LATENCY 2219700
TIMELINE 11 891 241761096887100 2219700
LATENCY 2383200
TIMELINE 11 907 241761132319200 2383200
LATENCY 2662800
TIMELINE 11 923 241761186421200 2662800
LATENCY 2129500
TIMELINE 11 939 241761223214600 2129500
LATENCY 2132000
TIMELINE 11 955 241761257497600 2132000
LATENCY 2138100
TIMELINE 11 971 241761291601200 2138100
LATENCY 2242000
TIMELINE 11 987 241761326207800 2242000
LATENCY 2160300
TIMELINE 11 1003 241761362030200 2160300
LATENCY 2135700
TIMELINE 11 1019 241761396771800 2135700
LATENCY 2378100
TIMELINE 11 1035 241761431488200 2378100
LATENCY 2197700
TIMELINE 11 1051 241761468040000 2197700
LATENCY 2220300
TIMELINE 11 1067 241761509464400 2220300
LATENCY 2189300
TIMELINE 11 1083 241761544562000 2189300
LATENCY 2536800
TIMELINE 11 1099 241761582402300 2536800
LATENCY 2170100
TIMELINE 11 1115 241761618376800 2170100
LATENCY 2440800
TIMELINE 11 1131 241761653426500 2440800
LATENCY 2220400
TIMELINE 11 1147 241761690119200 2220400
LATENCY 2196900
TIMELINE 11 1163 241761725963800 2196900
LATENCY 2365700
TIMELINE 11 1179 241761761082200 2365700
LATENCY 2211000
TIMELINE 11 1195 241761802296600 2211000
LATENCY 2206800
TIMELINE 11 1211 241761838015200 2206800
LATENCY 2191900
TIMELINE 11 1227 241761876656400 2191900
LATENCY 2706400
TIMELINE 11 1243 241761922732800 2706400
LATENCY 2615200
TIMELINE 11 1259 241761967071800 2615200
LATENCY 3104100
TIMELINE 11 1275 241762014960900 3104100
LATENCY 2950400
TIMELINE 11 1291 241762061982700 2950400
LATENCY 3059100
TIMELINE 11 1307 241762108651900 3059100
LATENCY 8724800
TIMELINE 11 1323 241762156997500 8724800
LATENCY 3024600
TIMELINE 11 1339 241762211639500 3024600
LATENCY 2861100
TIMELINE 11 1355 241762257811100 2861100
LATENCY 2781400
TIMELINE 11 1371 241762303841600 2781400
LATENCY 2811100
TIMELINE 11 1387 241762349794500 2811100
LATENCY 3009300
TIMELINE 11 1403 241762397705000 3009300
LATENCY 2720400
TIMELINE 11 1419 241762441507700 2720400
LATENCY 2994300
TIMELINE 11 1435 241762484910500 2994300
LATENCY 2878800
TIMELINE 11 1451 241762530036000 2878800
LATENCY 3020600
TIMELINE 11 1467 241762580877200 3020600
LATENCY 3064600
TIMELINE 11 1483 241762629644800 3064600
LATENCY 2804100
TIMELINE 11 1499 241762675831700 2804100
LATENCY 2800500
TIMELINE 11 1515 241762722610900 2800500
LATENCY 2784000
TIMELINE 11 1531 241762767318100 2784000
LATENCY 2826700
TIMELINE 11 1547 241762813471800 2826700
LATENCY 2990500
TIMELINE 11 1563 241762859613500 2990500
LATENCY 2956200
TIMELINE 11 1579 241762904296000 2956200
LATENCY 2921500
TIMELINE 11 1595 241762956105500 2921500
LATENCY 2826300
TIMELINE 11 1611 241763005079600 2826300
LATENCY 2842400
TIMELINE 11 1627 241763049221200 2842400
LATENCY 2825100
TIMELINE 11 1643 241763093513700 2825100
LATENCY 2560700
TIMELINE 11 1659 241763138410900 2560700
LATENCY 2723800
TIMELINE 11 1675 241763179957200 2723800
LATENCY 2961100
TIMELINE 11 1691 241763227257000 2961100
LATENCY 2736800
TIMELINE 11 1707 241763273388600 2736800
LATENCY 2750100
TIMELINE 11 1723 241763317333800 2750100
LATENCY 3426000
TIMELINE 11 1739 241763367166500 3426000
LATENCY 2844800
TIMELINE 11 1755 241763412655700 2844800
LATENCY 2745400
TIMELINE 11 1771 241763456948100 2745400
LATENCY 2519600
TIMELINE 11 1787 241763504861600 2519600
LATENCY 2927700
TIMELINE 11 1803 241763550159400 2927700
LATENCY 2673800
TIMELINE 11 1819 241763597591700 2673800
LATENCY 2643200
TIMELINE 11 1835 241763640862000 2643200
LATENCY 2665500
TIMELINE 11 1851 241763684196200 2665500
LATENCY 3104500
TIMELINE 11 1867 241763740516200 3104500
LATENCY 2721100
TIMELINE 11 1883 241763786327900 2721100
LATENCY 2645400
TIMELINE 11 1899 241763830420800 2645400
LATENCY 2890100
TIMELINE 11 1915 241763874705700 2890100
LATENCY 3050000
TIMELINE 11 1931 241763921554300 3050000
LATENCY 2727600
TIMELINE 11 1947 241763965750800 2727600
LATENCY 2567300
TIMELINE 11 1963 241764013226700 2567300
LATENCY 3054100
TIMELINE 11 1979 241764058393400 3054100
LATENCY 2858400
TIMELINE 11 1995 241764111728700 2858400
LATENCY 5350400
TIMELINE 11 2011 241764156850000 5350400
LATENCY 2793300
TIMELINE 11 2027 241764206107000 2793300
LATENCY 2993600
TIMELINE 11 2043 241764251253700 2993600
LATENCY 2326900
TIMELINE 12 12 241759037175000 2326900
LATENCY 2161700
TIMELINE 12 28 241759073129800 2161700
LATENCY 2192300
TIMELINE 12 44 241759108420400 2192300
LATENCY 2137100
TIMELINE 12 60 241759143124100 2137100
LATENCY 2208200
TIMELINE 12 76 241759177875000 2208200
LATENCY 2235600
TIMELINE 12 92 241759214806400 2235600
LATENCY 2235200
TIMELINE 12 108 241759249862100 2235200
LATENCY 2174400
TIMELINE 12 124 241759286535300 2174400
LATENCY 2201700
TIMELINE 12 140 241759340922100 2201700
LATENCY 2680400
TIMELINE 12 156 241759375521000 2680400
LATENCY 2229300
TIMELINE 12 172 241759412846400 2229300
LATENCY 2252200
TIMELINE 12 188 241759447944000 2252200
LATENCY 2127000
TIMELINE 12 204 241759482307600 2127000
LATENCY 2337300
TIMELINE 12 220 241759519534200 2337300
LATENCY 2405700
TIMELINE 12 236 241759555186100 2405700
LATENCY 2246700
TIMELINE 12 252 241759591387900 2246700
LATENCY 2083400
TIMELINE 12 268 241759644514000 2083400
LATENCY 2163400
TIMELINE 12 284 241759678647700 2163400
LATENCY 2078200
TIMELINE 12 300 241759714075800 2078200
LATENCY 2197600
TIMELINE 12 316 241759748749500 2197600
LATENCY 2280300
TIMELINE 12 332 241759785361300 2280300
LATENCY 2301000
TIMELINE 12 348 241759822439500 2301000
LATENCY 2205300
TIMELINE 12 364 241759858519000 2205300
LATENCY 2154400
TIMELINE 12 380 241759894332500 2154400
LATENCY 2279200
TIMELINE 12 396 241759948087500 2279200
LATENCY 2285100
TIMELINE 12 412 241759988098300 2285100
LATENCY 2627700
TIMELINE 12 428 241760025128300 2627700
LATENCY 2178100
TIMELINE 12 444 241760060288300 2178100
LATENCY 2118900
TIMELINE 12 460 241760095903400 2118900
LATENCY 2121500
TIMELINE 12 476 241760130716300 2121500
LATENCY 2452700
TIMELINE 12 492 241760164821800 2452700
LATENCY 3478100
TIMELINE 12 508 241760201007000 3478100
LATENCY 2101600
TIMELINE 12 524 241760257025100 2101600
LATENCY 2281200
TIMELINE 12 540 241760291385000 2281200
LATENCY 2127500
TIMELINE 12 556 241760326402500 2127500
LATENCY 2155700
TIMELINE 12 572 241760360973100 2155700
LATENCY 2125100
TIMELINE 12 588 241760396558100 2125100
LATENCY 2098700
TIMELINE 12 604 241760432607300 2098700
LATENCY 2138100
TIMELINE 12 620 241760466855700 2138100
LATENCY 2134500
TIMELINE 12 636 241760500991200 2134500
LATENCY 2113500
TIMELINE 12 652 241760535228500 2113500
LATENCY 2172200
TIMELINE 12 668 241760589017100 2172200
LATENCY 2209600
TIMELINE 12 684 241760624252700 2209600
LATENCY 2086100
TIMELINE 12 700 241760659741800 2086100
LATENCY 2129300
TIMELINE 12 716 241760694153400 2129300
LATENCY 2188000
TIMELINE 12 732 241760728582900 2188000
LATENCY 2140000
TIMELINE 12 748 241760763857800 2140000
LATENCY 2081600
TIMELINE 12 764 241760797832700 2081600
LATENCY 2160900
TIMELINE 12 780 241760833072400 2160900
LATENCY 2181300
TIMELINE 12 796 241760887730700 2181300
LATENCY 2133400
TIMELINE 12 812 241760922632400 2133400
LATENCY 2173800
TIMELINE 12 828 241760957768400 2173800
LATENCY 2202200
TIMELINE 12 844 241760992121300 2202200
LATENCY 2173300
TIMELINE 12 860 241761027863100 2173300
LATENCY 2206900
TIMELINE 12 876 241761064038200 2206900
LATENCY 2279500
TIMELINE 12 892 241761099142600 2279500
LATENCY 2268000
TIMELINE 12 908 241761134617700 2268000
LATENCY 2486800
TIMELINE 12 924 241761188983000 2486800
LATENCY 2115200
TIMELINE 12 940 241761225116800 2115200
LATENCY 2160000
TIMELINE 12 956 241761259399100 2160000
LATENCY 2125800
TIMELINE 12 972 241761293509300 2125800
LATENCY 2253500
TIMELINE 12 988 241761328229500 2253500
LATENCY 2112800
TIMELINE 12 1004 241761363970100 2112800
LATENCY 2143900
TIMELINE 12 1020 241761398714400 2143900
LATENCY 2263000
TIMELINE 12 1036 241761433658100 2263000
LATENCY 2131300
TIMELINE 12 1052 241761470124500 2131300
LATENCY 2195300
TIMELINE 12 1068 241761511595600 2195300
LATENCY 2409500
TIMELINE 12 1084 241761546620700 2409500
LATENCY 2430800
TIMELINE 12 1100 241761584837200 2430800
LATENCY 2126000
TIMELINE 12 1116 241761620427100 2126000
LATENCY 2248800
TIMELINE 12 1132 241761655750100 2248800
LATENCY 2246500
TIMELINE 12 1148 241761692071500 2246500
LATENCY 2168900
TIMELINE 12 1164 241761727838400 2168900
LATENCY 2328900
TIMELINE 12 1180 241761763086600 2328900
LATENCY 2215300
TIMELINE 12 1196 241761804358200 2215300
LATENCY 2193800
TIMELINE 12 1212 241761840030000 2193800
LATENCY 2126300
TIMELINE 12 1228 241761878660100 2126300
LATENCY 2687600
TIMELINE 12 1244 241761925218200 2687600
LATENCY 2620100
TIMELINE 12 1260 241761969478400 2620100
LATENCY 3096100
TIMELINE 12 1276 241762017811500 3096100
LATENCY 2762200
TIMELINE 12 1292 241762064729000 2762200
LATENCY 3035700
TIMELINE 12 1308 241762111453900 3035700
LATENCY 4088400
TIMELINE 12 1324 241762165380400 4088400
LATENCY 3008700
TIMELINE 12 1340 241762214438400 3008700
LATENCY 2860300
TIMELINE 12 1356 241762260433800 2860300
LATENCY 2906800
TIMELINE 12 1372 241762306397300 2906800
LATENCY 2784800
TIMELINE 12 1388 241762352377700 2784800
LATENCY 2619100
TIMELINE 12 1404 241762400526200 2619100
LATENCY 2678200
TIMELINE 12 1420 241762444044400 2678200
LATENCY 2994300
TIMELINE 12 1436 241762487701200 2994300
LATENCY 2756500
TIMELINE 12 1452 241762532724900 2756500
LATENCY 3026000
TIMELINE 12 1468 241762583683300 3026000
LATENCY 3030500
TIMELINE 12 1484 241762632492800 3030500
LATENCY 2990200
TIMELINE 12 1500 241762678519100 2990200
LATENCY 2801700
TIMELINE 12 1516 241762725294400 2801700
LATENCY 2798100
TIMELINE 12 1532 241762769989500 2798100
LATENCY 2821100
TIMELINE 12 1548 241762816180600 2821100
LATENCY 3562000
TIMELINE 12 1564 241762862522400 3562000
LATENCY 2974300
TIMELINE 12 1580 241762906960900 2974300
LATENCY 3023900
TIMELINE 12 1596 241762958773700 3023900
LATENCY 2809900
TIMELINE 12 1612 241763007679200 2809900
LATENCY 3019200
TIMELINE 12 1628 241763051828200 3019200
LATENCY 2757700
TIMELINE 12 1644 241763096113700 2757700
LATENCY 2578800
TIMELINE 12 1660 241763140764500 2578800
LATENCY 2603200
TIMELINE 12 1676 241763182466100 2603200
LATENCY 2934700
TIMELINE 12 1692 241763229973200 2934700
LATENCY 2748000
TIMELINE 12 1708 241763275895300 2748000
LATENCY 8283200
TIMELINE 12 1724 241763319852900 8283200
LATENCY 3116900
TIMELINE 12 1740 241763370504100 3116900
LATENCY 2943900
TIMELINE 12 1756 241763415427500 2943900
LATENCY 3213300
TIMELINE 12 1772 241763459652700 3213300
LATENCY 2517400
TIMELINE 12 1788 241763507250500 2517400
LATENCY 2762200
TIMELINE 12 1804 241763553013200 2762200
LATENCY 2695300
TIMELINE 12 1820 241763600195600 2695300
LATENCY 2740200
TIMELINE 12 1836 241763643434900 2740200
LATENCY 5342100
TIMELINE 12 1852 241763686793900 5342100
LATENCY 3049600
TIMELINE 12 1868 241763743496700 3049600
LATENCY 2741400
TIMELINE 12 1884 241763788942400 2741400
LATENCY 2586200
TIMELINE 12 1900 241763832995400 2586200
LATENCY 2803900
TIMELINE 12 1916 241763877559400 2803900
LATENCY 2667300
TIMELINE 12 1932 241763924573200 2667300
LATENCY 3086100
TIMELINE 12 1948 241763968449300 3086100
LATENCY 2844500
TIMELINE 12 1964 241764015754600 2844500
LATENCY 3071800
TIMELINE 12 1980 241764061410100 3071800
LATENCY 2657200
TIMELINE 12 1996 241764114550800 2657200
LATENCY 5019200
TIMELINE 12 2012 241764162083200 5019200
LATENCY 2728800
TIMELINE 12 2028 241764208869200 2728800
LATENCY 3209400
TIMELINE 12 2044 241764254212900 3209400
LATENCY 2297600
TIMELINE 13 13 241759039662500 2297600
LATENCY 2142700
TIMELINE 13 29 241759075377600 2142700
LATENCY 2187700
TIMELINE 13 45 241759110674500 2187700
LATENCY 2103300
TIMELINE 13 61 241759145323900 2103300
LATENCY 2208500
TIMELINE 13 77 241759180158400 2208500
LATENCY 2139500
TIMELINE 13 93 241759217014100 2139500
LATENCY 2316400
TIMELINE 13 109 241759252067800 2316400
LATENCY 2249600
TIMELINE 13 125 241759288743800 2249600
LATENCY 2130100
TIMELINE 13 141 241759343188900 2130100
LATENCY 2843100
TIMELINE 13 157 241759378288200 2843100
LATENCY 2370300
TIMELINE 13 173 241759415512100 2370300
LATENCY 2232000
TIMELINE 13 189 241759450841500 2232000
LATENCY 2656700
TIMELINE 13 205 241759485037400 2656700
LATENCY 2178900
TIMELINE 13 221 241759522629300 2178900
LATENCY 2273300
TIMELINE 13 237 241759558378900 2273300
LATENCY 2169300
TIMELINE 13 253 241759594258000 2169300
LATENCY 2137100
TIMELINE 13 269 241759647301000 2137100
LATENCY 2105400
TIMELINE 13 285 241759681501200 2105400
LATENCY 2119500
TIMELINE 13 301 241759716862300 2119500
LATENCY 2213300
TIMELINE 13 317 241759751489500 2213300
LATENCY 2367000
TIMELINE 13 333 241759788213000 2367000
LATENCY 2305700
TIMELINE 13 349 241759825350300 2305700
LATENCY 2232300
TIMELINE 13 365 241759861289200 2232300
LATENCY 2183700
TIMELINE 13 381 241759896989800 2183700
LATENCY 2237200
TIMELINE 13 397 241759950901800 2237200
LATENCY 2472700
TIMELINE 13 413 241759991174300 2472700
LATENCY 2205800
TIMELINE 13 429 241760028024800 2205800
LATENCY 2189800
TIMELINE 13 445 241760062778300 2189800
LATENCY 2111200
TIMELINE 13 461 241760098256100 2111200
LATENCY 2073200
TIMELINE 13 477 241760133103100 2073200
LATENCY 2297800
TIMELINE 13 493 241760167616100 2297800
LATENCY 2158000
TIMELINE 13 509 241760204717300 2158000
LATENCY 2177800
TIMELINE 13 525 241760259674600 2177800
LATENCY 2121200
TIMELINE 13 541 241760294038900 2121200
LATENCY 2098300
TIMELINE 13 557 241760328873800 2098300
LATENCY 2105400
TIMELINE 13 573 241760363457200 2105400
LATENCY 2221300
TIMELINE 13 589 241760398932500 2221300
LATENCY 2128900
TIMELINE 13 605 241760434651100 2128900
LATENCY 2118600
TIMELINE 13 621 241760468939100 2118600
LATENCY 2135300
TIMELINE 13 637 241760503065900 2135300
LATENCY 2113900
TIMELINE 13 653 241760537287300 2113900
LATENCY 2235000
TIMELINE 13 669 241760591301500 2235000
LATENCY 2171000
TIMELINE 13 685 241760626494100 2171000
LATENCY 2117900
TIMELINE 13 701 241760661888400 2117900
LATENCY 2135900
TIMELINE 13 717 241760696345000 2135900
LATENCY 2349900
TIMELINE 13 733 241760730847000 2349900
LATENCY 2160100
TIMELINE 13 749 241760766061500 2160100
LATENCY 2125500
TIMELINE 13 765 241760799973800 2125500
LATENCY 2192500
TIMELINE 13 781 241760835491900 2192500
LATENCY 2165100
TIMELINE 13 797 241760890161100 2165100
LATENCY 2118500
TIMELINE 13 813 241760925267900 2118500
LATENCY 2158200
TIMELINE 13 829 241760960383400 2158200
LATENCY 2147200
TIMELINE 13 845 241760994668900 2147200
LATENCY 2171500
TIMELINE 13 861 241761030406800 2171500
LATENCY 2139500
TIMELINE 13 877 241761066653500 2139500
LATENCY 2317600
TIMELINE 13 893 241761101695100 2317600
LATENCY 2183400
TIMELINE 13 909 241761137174300 2183400
LATENCY 2363600
TIMELINE 13 925 241761191780300 2363600
LATENCY 2101300
TIMELINE 13 941 241761227641100 2101300
LATENCY 2130300
TIMELINE 13 957 241761261968700 2130300
LATENCY 2075500
TIMELINE 13 973 241761296057500 2075500
LATENCY 2237000
TIMELINE 13 989 241761330946700 2237000
LATENCY 2113300
TIMELINE 13 1005 241761366556900 2113300
LATENCY 2090100
TIMELINE 13 1021 241761401330600 2090100
LATENCY 2196500
TIMELINE 13 1037 241761436651300 2196500
LATENCY 2275600
TIMELINE 13 1053 241761473055400 2275600
LATENCY 2214300
TIMELINE 13 1069 241761514312800 2214300
LATENCY 2422900
TIMELINE 13 1085 241761549586200 2422900
LATENCY 2253000
TIMELINE 13 1101 241761588065300 2253000
LATENCY 2183700
TIMELINE 13 1117 241761623342800 2183700
LATENCY 2328200
TIMELINE 13 1133 241761658964800 2328200
LATENCY 2388500
TIMELINE 13 1149 241761695325000 2388500
LATENCY 2152900
TIMELINE 13 1165 241761730899300 2152900
LATENCY 2216300
TIMELINE 13 1181 241761766466300 2216300
LATENCY 2208200
TIMELINE 13 1197 241761807445400 2208200
LATENCY 2142600
TIMELINE 13 1213 241761843014400 2142600
LATENCY 3963100
TIMELINE 13 1229 241761882184200 3963100
LATENCY 2716700
TIMELINE 13 1245 241761929751300 2716700
LATENCY 2589100
TIMELINE 13 1261 241761973917700 2589100
LATENCY 3050000
TIMELINE 13 1277 241762023102100 3050000
LATENCY 2799200
TIMELINE 13 1293 241762069560100 2799200
LATENCY 3060600
TIMELINE 13 1309 241762116685000 3060600
LATENCY 3304000
TIMELINE 13 1325 241762171888800 3304000
LATENCY 3039100
TIMELINE 13 1341 241762219503800 3039100
LATENCY 2890400
TIMELINE 13 1357 241762265154800 2890400
LATENCY 2807500
TIMELINE 13 1373 241762311369700 2807500
LATENCY 2805900
TIMELINE 13 1389 241762357277400 2805900
LATENCY 2706600
TIMELINE 13 1405 241762405133500 2706600
LATENCY 2892900
TIMELINE 13 1421 241762448742400 2892900
LATENCY 2957800
TIMELINE 13 1437 241762492903300 2957800
LATENCY 2746900
TIMELINE 13 1453 241762537523100 2746900
LATENCY 3048700
TIMELINE 13 1469 241762588940200 3048700
LATENCY 3074400
TIMELINE 13 1485 241762637768400 3074400
LATENCY 2770800
TIMELINE 13 1501 241762683639500 2770800
LATENCY 2765600
TIMELINE 13 1517 241762730068700 2765600
LATENCY 3012900
TIMELINE 13 1533 241762774747900 3012900
LATENCY 2854500
TIMELINE 13 1549 241762820977700 2854500
LATENCY 2603200
TIMELINE 13 1565 241762868057900 2603200
LATENCY 2939200
TIMELINE 13 1581 241762912199500 2939200
LATENCY 2940700
TIMELINE 13 1597 241762963898000 2940700
LATENCY 2741700
TIMELINE 13 1613 241763012558100 2741700
LATENCY 2734600
TIMELINE 13 1629 241763056908600 2734600
LATENCY 2737300
TIMELINE 13 1645 241763101004100 2737300
LATENCY 2599500
TIMELINE 13 1661 241763145279000 2599500
LATENCY 3086300
TIMELINE 13 1677 241763187485700 3086300
LATENCY 2946800
TIMELINE 13 1693 241763235055100 2946800
LATENCY 2715500
TIMELINE 13 1709 241763280661800 2715500
LATENCY 2746900
TIMELINE 13 1725 241763330142900 2746900
LATENCY 2914000
TIMELINE 13 1741 241763375572200 2914000
LATENCY 2709500
TIMELINE 13 1757 241763420266400 2709500
LATENCY 3021900
TIMELINE 13 1773 241763464659700 3021900
LATENCY 2747900
TIMELINE 13 1789 241763511571700 2747900
LATENCY 2826600
TIMELINE 13 1805 241763557375000 2826600
LATENCY 2718600
TIMELINE 13 1821 241763604468700 2718600
LATENCY 2661200
TIMELINE 13 1837 241763647752000 2661200
LATENCY 3051300
TIMELINE 13 1853 241763693841700 3051300
LATENCY 3088900
TIMELINE 13 1869 241763748413300 3088900
LATENCY 2896000
TIMELINE 13 1885 241763793345300 2896000
LATENCY 2580200
TIMELINE 13 1901 241763837128700 2580200
LATENCY 2789400
TIMELINE 13 1917 241763882023500 2789400
LATENCY 2703000
TIMELINE 13 1933 241763928872900 2703000
LATENCY 3044400
TIMELINE 13 1949 241763973423800 3044400
LATENCY 2774300
TIMELINE 13 1965 241764020277600 2774300
LATENCY 3015700
TIMELINE 13 1981 241764066367900 3015700
LATENCY 2745000
TIMELINE 13 1997 241764118870400 2745000
LATENCY 2734000
TIMELINE 13 2013 241764168767800 2734000
LATENCY 2731300
TIMELINE 13 2029 241764213250500 2731300
LATENCY 3024500
TIMELINE 13 2045 241764259293200 3024500
LATENCY 2301000
TIMELINE 14 14 241759041898100 2301000
LATENCY 2179100
TIMELINE 14 30 241759077556600 2179100
LATENCY 2209400
TIMELINE 14 46 241759113037600 2209400
LATENCY 2136700
TIMELINE 14 62 241759147567700 2136700
LATENCY 2138000
TIMELINE 14 78 241759182485200 2138000
LATENCY 2158800
TIMELINE 14 94 241759219096000 2158800
LATENCY 2837100
TIMELINE 14 110 241759254295500 2837100
LATENCY 2233100
TIMELINE 14 126 241759290935700 2233100
LATENCY 2338700
TIMELINE 14 142 241759345290700 2338700
LATENCY 2361900
TIMELINE 14 158 241759381296700 2361900
LATENCY 2190000
TIMELINE 14 174 241759417594800 2190000
LATENCY 2191500
TIMELINE 14 190 241759452722500 2191500
LATENCY 2167300
TIMELINE 14 206 241759487336300 2167300
LATENCY 2255100
TIMELINE 14 222 241759524347800 2255100
LATENCY 2162100
TIMELINE 14 238 241759560162200 2162100
LATENCY 2174600
TIMELINE 14 254 241759595951000 2174600
LATENCY 2114100
TIMELINE 14 270 241759648918300 2114100
LATENCY 2135300
TIMELINE 14 286 241759683099900 2135300
LATENCY 2157600
TIMELINE 14 302 241759718342100 2157600
LATENCY 2219700
TIMELINE 14 318 241759753227600 2219700
LATENCY 2322400
TIMELINE 14 334 241759790038000 2322400
LATENCY 2326500
TIMELINE 14 350 241759827089400 2326500
LATENCY 2213600
TIMELINE 14 366 241759862895200 2213600
LATENCY 2157300
TIMELINE 14 382 241759898491000 2157300
LATENCY 2369300
TIMELINE 14 398 241759952267300 2369300
LATENCY 2444300
TIMELINE 14 414 241759992575100 2444300
LATENCY 2182300
TIMELINE 14 430 241760029386000 2182300
LATENCY 2197800
TIMELINE 14 446 241760064076700 2197800
LATENCY 2127500
TIMELINE 14 462 241760099676500 2127500
LATENCY 2096600
TIMELINE 14 478 241760134494200 2096600
LATENCY 2316200
TIMELINE 14 494 241760169090100 2316200
LATENCY 2164200
TIMELINE 14 510 241760206185200 2164200
LATENCY 2164400
TIMELINE 14 526 241760261356100 2164400
LATENCY 2132000
TIMELINE 14 542 241760295759900 2132000
LATENCY 2092400
TIMELINE 14 558 241760330614700 2092400
LATENCY 2130600
TIMELINE 14 574 241760365151900 2130600
LATENCY 2240700
TIMELINE 14 590 241760400722600 2240700
LATENCY 2145000
TIMELINE 14 606 241760436434900 2145000
LATENCY 2144700
TIMELINE 14 622 241760470714300 2144700
LATENCY 2141300
TIMELINE 14 638 241760504946000 2141300
LATENCY 2143100
TIMELINE 14 654 241760539151400 2143100
LATENCY 2221700
TIMELINE 14 670 241760593396800 2221700
LATENCY 2204100
TIMELINE 14 686 241760628556700 2204100
LATENCY 2120700
TIMELINE 14 702 241760663920500 2120700
LATENCY 2164800
TIMELINE 14 718 241760698403900 2164800
LATENCY 2316900
TIMELINE 14 734 241760733036400 2316900
LATENCY 2149500
TIMELINE 14 750 241760768079300 2149500
LATENCY 2118600
TIMELINE 14 766 241760801958200 2118600
LATENCY 2253300
TIMELINE 14 782 241760837340700 2253300
LATENCY 2193300
TIMELINE 14 798 241760892015900 2193300
LATENCY 2151700
TIMELINE 14 814 241760926930400 2151700
LATENCY 2196400
TIMELINE 14 830 241760962253500 2196400
LATENCY 2173400
TIMELINE 14 846 241760996613000 2173400
LATENCY 2150800
TIMELINE 14 862 241761032050500 2150800
LATENCY 2146100
TIMELINE 14 878 241761068319500 2146100
LATENCY 2195800
TIMELINE 14 894 241761103591200 2195800
LATENCY 2163200
TIMELINE 14 910 241761139003900 2163200
LATENCY 2450300
TIMELINE 14 926 241761193646500 2450300
LATENCY 2137900
TIMELINE 14 942 241761229325700 2137900
LATENCY 2129600
TIMELINE 14 958 241761263665500 2129600
LATENCY 2165200
TIMELINE 14 974 241761297720600 2165200
LATENCY 2182000
TIMELINE 14 990 241761332698500 2182000
LATENCY 2115000
TIMELINE 14 1006 241761368193000 2115000
LATENCY 2089800
TIMELINE 14 1022 241761402960400 2089800
LATENCY 2253700
TIMELINE 14 1038 241761438044400 2253700
LATENCY 2377200
TIMELINE 14 1054 241761474441700 2377200
LATENCY 2236000
TIMELINE 14 1070 241761515914200 2236000
LATENCY 2278000
TIMELINE 14 1086 241761551442900 2278000
LATENCY 2294800
TIMELINE 14 1102 241761589732800 2294800
LATENCY 2163300
TIMELINE 14 1118 241761624991200 2163300
LATENCY 2404700
TIMELINE 14 1134 241761660779000 2404700
LATENCY 2324200
TIMELINE 14 1150 241761697161200 2324200
LATENCY 2121100
TIMELINE 14 1166 241761732704400 2121100
LATENCY 2180900
TIMELINE 14 1182 241761768207100 2180900
LATENCY 2201300
TIMELINE 14 1198 241761809259200 2201300
LATENCY 2144100
TIMELINE 14 1214 241761844725000 2144100
LATENCY 3032900
TIMELINE 14 1230 241761884593100 3032900
LATENCY 2742200
TIMELINE 14 1246 241761931028500 2742200
LATENCY 2660500
TIMELINE 14 1262 241761975122700 2660500
LATENCY 3052100
TIMELINE 14 1278 241762024430700 3052100
LATENCY 2837700
TIMELINE 14 1294 241762070751400 2837700
LATENCY 3058800
TIMELINE 14 1310 241762118015700 3058800
LATENCY 3373800
TIMELINE 14 1326 241762173261600 3373800
LATENCY 2917100
TIMELINE 14 1342 241762220842800 2917100
LATENCY 2836500
TIMELINE 14 1358 241762266584900 2836500
LATENCY 2785800
TIMELINE 14 1374 241762312730400 2785800
LATENCY 2751800
TIMELINE 14 1390 241762358661700 2751800
LATENCY 2632000
TIMELINE 14 1406 241762406436700 2632000
LATENCY 2871800
TIMELINE 14 1422 241762450039800 2871800
LATENCY 2963100
TIMELINE 14 1438 241762494344800 2963100
LATENCY 2754200
TIMELINE 14 1454 241762538859100 2754200
LATENCY 3183300
TIMELINE 14 1470 241762590420700 3183300
LATENCY 2983700
TIMELINE 14 1486 241762639232400 2983700
LATENCY 2786800
TIMELINE 14 1502 241762684939300 2786800
LATENCY 2783200
TIMELINE 14 1518 241762731362200 2783200
LATENCY 3068100
TIMELINE 14 1534 241762776128100 3068100
LATENCY 2837200
TIMELINE 14 1550 241762822225500 2837200
LATENCY 2634300
TIMELINE 14 1566 241762869185600 2634300
LATENCY 2969500
TIMELINE 14 1582 241762913541700 2969500
LATENCY 3045900
TIMELINE 14 1598 241762965153900 3045900
LATENCY 2781000
TIMELINE 14 1614 241763013821700 2781000
LATENCY 2709800
TIMELINE 14 1630 241763058158800 2709800
LATENCY 2735400
TIMELINE 14 1646 241763102255900 2735400
LATENCY 2636900
TIMELINE 14 1662 241763146432800 2636900
LATENCY 3014600
TIMELINE 14 1678 241763188996200 3014600
LATENCY 2992700
TIMELINE 14 1694 241763236438600 2992700
LATENCY 2737000
TIMELINE 14 1710 241763281946900 2737000
LATENCY 2749200
TIMELINE 14 1726 241763331443400 2749200
LATENCY 2877800
TIMELINE 14 1742 241763376958200 2877800
LATENCY 2681700
TIMELINE 14 1758 241763421617500 2681700
LATENCY 3010000
TIMELINE 14 1774 241763466454500 3010000
LATENCY 2719200
TIMELINE 14 1790 241763513272000 2719200
LATENCY 2821200
TIMELINE 14 1806 241763559063700 2821200
LATENCY 2704700
TIMELINE 14 1822 241763606067700 2704700
LATENCY 2767800
TIMELINE 14 1838 241763649316700 2767800
LATENCY 3046000
TIMELINE 14 1854 241763695625000 3046000
LATENCY 3066800
TIMELINE 14 1870 241763750221700 3066800
LATENCY 3066900
TIMELINE 14 1886 241763794951800 3066900
LATENCY 2581600
TIMELINE 14 1902 241763838659500 2581600
LATENCY 2821600
TIMELINE 14 1918 241763883647200 2821600
LATENCY 2696500
TIMELINE 14 1934 241763930459100 2696500
LATENCY 3060200
TIMELINE 14 1950 241763975219400 3060200
LATENCY 2742500
TIMELINE 14 1966 241764021930200 2742500
LATENCY 3003400
TIMELINE 14 1982 241764068210800 3003400
LATENCY 2701900
TIMELINE 14 1998 241764120562300 2701900
LATENCY 2763600
TIMELINE 14 2014 241764170440600 2763600
LATENCY 2925700
TIMELINE 14 2030 241764214926400 2925700
LATENCY 3047200
TIMELINE 14 2046 241764261105800 3047200
LATENCY 2335000
TIMELINE 15 15 241759044121600 2335000
LATENCY 2136700
TIMELINE 15 31 241759079647400 2136700
LATENCY 2161700
TIMELINE 15 47 241759115081500 2161700
LATENCY 2180400
TIMELINE 15 63 241759149534200 2180400
LATENCY 2180700
TIMELINE 15 79 241759184482900 2180700
LATENCY 2163800
TIMELINE 15 95 241759221169200 2163800
LATENCY 2391600
TIMELINE 15 111 241759257030200 2391600
LATENCY 21332600
TIMELINE 15 127 241759293021500 21332600
LATENCY 2190500
TIMELINE 15 143 241759347494000 2190500
LATENCY 2151400
TIMELINE 15 159 241759383236900 2151400
LATENCY 2202700
TIMELINE 15 175 241759419389800 2202700
LATENCY 2133000
TIMELINE 15 191 241759454570600 2133000
LATENCY 2383900
TIMELINE 15 207 241759489164400 2383900
LATENCY 2262400
TIMELINE 15 223 241759526474900 2262400
LATENCY 2177900
TIMELINE 15 239 241759562067100 2177900
LATENCY 20200900
TIMELINE 15 255 241759598034100 20200900
LATENCY 2152400
TIMELINE 15 271 241759650918600 2152400
LATENCY 2129500
TIMELINE 15 287 241759685116100 2129500
LATENCY 2100900
TIMELINE 15 303 241759720385100 2100900
LATENCY 2299100
TIMELINE 15 319 241759755340000 2299100
LATENCY 2320600
TIMELINE 15 335 241759792069700 2320600
LATENCY 2329800
TIMELINE 15 351 241759828966400 2329800
LATENCY 2231700
TIMELINE 15 367 241759865080900 2231700
LATENCY 2150000
TIMELINE 15 383 241759900681500 2150000
LATENCY 2210800
TIMELINE 15 399 241759954702700 2210800
LATENCY 2378400
TIMELINE 15 415 241759995277100 2378400
LATENCY 2223300
TIMELINE 15 431 241760031662200 2223300
LATENCY 2198700
TIMELINE 15 447 241760066363000 2198700
LATENCY 2192000
TIMELINE 15 463 241760101835400 2192000
LATENCY 2220100
TIMELINE 15 479 241760136648200 2220100
LATENCY 2235600
TIMELINE 15 495 241760171488800 2235600
LATENCY 2150600
TIMELINE 15 511 241760208383500 2150600
LATENCY 2072400
TIMELINE 15 527 241760263244200 2072400
LATENCY 2114400
TIMELINE 15 543 241760297555800 2114400
LATENCY 2108300
TIMELINE 15 559 241760332409800 2108300
LATENCY 2119000
TIMELINE 15 575 241760366967200 2119000
LATENCY 2233500
TIMELINE 15 591 241760402724000 2233500
LATENCY 2137100
TIMELINE 15 607 241760438378300 2137100
LATENCY 2130700
TIMELINE 15 623 241760472665800 2130700
LATENCY 2145800
TIMELINE 15 639 241760506800300 2145800
LATENCY 2139300
TIMELINE 15 655 241760541000800 2139300
LATENCY 2186300
TIMELINE 15 671 241760595005600 2186300
LATENCY 2198900
TIMELINE 15 687 241760630121200 2198900
LATENCY 2113900
TIMELINE 15 703 241760665522900 2113900
LATENCY 2188100
TIMELINE 15 719 241760700032700 2188100
LATENCY 2218400
TIMELINE 15 735 241760734925900 2218400
LATENCY 2128200
TIMELINE 15 751 241760769836300 2128200
LATENCY 2128300
TIMELINE 15 767 241760803661200 2128300
LATENCY 2185700
TIMELINE 15 783 241760839165400 2185700
LATENCY 2256500
TIMELINE 15 799 241760893820500 2256500
LATENCY 2163500
TIMELINE 15 815 241760928739200 2163500
LATENCY 2178000
TIMELINE 15 831 241760963932100 2178000
LATENCY 2343200
TIMELINE 15 847 241760998371500 2343200
LATENCY 2334300
TIMELINE 15 863 241761034087000 2334300
LATENCY 2171400
TIMELINE 15 879 241761070201500 2171400
LATENCY 2154900
TIMELINE 15 895 241761105821500 2154900
LATENCY 2284200
TIMELINE 15 911 241761141105900 2284200
LATENCY 2376700
TIMELINE 15 927 241761195975600 2376700
LATENCY 2108900
TIMELINE 15 943 241761231404700 2108900
LATENCY 2265200
TIMELINE 15 959 241761265738800 2265200
LATENCY 2141300
TIMELINE 15 975 241761299828400 2141300
LATENCY 2180900
TIMELINE 15 991 241761334797300 2180900
LATENCY 2128400
TIMELINE 15 1007 241761370225500 2128400
LATENCY 2091400
TIMELINE 15 1023 241761404960700 2091400
LATENCY 2312500
TIMELINE 15 1039 241761440151700 2312500
LATENCY 2174400
TIMELINE 15 1055 241761476764200 2174400
LATENCY 2310600
TIMELINE 15 1071 241761518122300 2310600
LATENCY 2314000
TIMELINE 15 1087 241761553659700 2314000
LATENCY 2241500
TIMELINE 15 1103 241761591756700 2241500
LATENCY 2173800
TIMELINE 15 1119 241761626867900 2173800
LATENCY 2313000
TIMELINE 15 1135 241761663109400 2313000
LATENCY 2340300
TIMELINE 15 1151 241761699427800 2340300
LATENCY 2106300
TIMELINE 15 1167 241761734593000 2106300
LATENCY 2260700
TIMELINE 15 1183 241761770064400 2260700
LATENCY 2186100
TIMELINE 15 1199 241761810966300 2186100
LATENCY 2151300
TIMELINE 15 1215 241761846473200 2151300
LATENCY 3098700
TIMELINE 15 1231 241761887114500 3098700
LATENCY 2709800
TIMELINE 15 1247 241761933312200 2709800
LATENCY 2826200
TIMELINE 15 1263 241761977300900 2826200
LATENCY 3073500
TIMELINE 15 1279 241762026972400 3073500
LATENCY 2837500
TIMELINE 15 1295 241762073128800 2837500
LATENCY 3059700
TIMELINE 15 1311 241762120518400 3059700
LATENCY 3482800
TIMELINE 15 1327 241762176027800 3482800
LATENCY 2894300
TIMELINE 15 1343 241762223250000 2894300
LATENCY 2850300
TIMELINE 15 1359 241762268758300 2850300
LATENCY 2745000
TIMELINE 15 1375 241762314873400 2745000
LATENCY 2819500
TIMELINE 15 1391 241762360780500 2819500
LATENCY 2859200
TIMELINE 15 1407 241762408163900 2859200
LATENCY 2623100
TIMELINE 15 1423 241762451973700 2623100
LATENCY 2820100
TIMELINE 15 1439 241762496231600 2820100
LATENCY 2797800
TIMELINE 15 1455 241762540615800 2797800
LATENCY 3167500
TIMELINE 15 1471 241762592325800 3167500
LATENCY 2727800
TIMELINE 15 1487 241762641199100 2727800
LATENCY 2856700
TIMELINE 15 1503 241762686680700 2856700
LATENCY 2790000
TIMELINE 15 1519 241762733107000 2790000
LATENCY 3033700
TIMELINE 15 1535 241762778054000 3033700
LATENCY 2828300
TIMELINE 15 1551 241762823767900 2828300
LATENCY 2621900
TIMELINE 15 1567 241762870574500 2621900
LATENCY 2967700
TIMELINE 15 1583 241762915189700 2967700
LATENCY 2967500
TIMELINE 15 1599 241762966880100 2967500
LATENCY 2807700
TIMELINE 15 1615 241763015345400 2807700
LATENCY 2734800
TIMELINE 15 1631 241763059695600 2734800
LATENCY 2749800
TIMELINE 15 1647 241763103782600 2749800
LATENCY 2604600
TIMELINE 15 1663 241763147931100 2604600
LATENCY 2985800
TIMELINE 15 1679 241763190726800 2985800
LATENCY 2967100
TIMELINE 15 1695 241763238137000 2967100
LATENCY 2813700
TIMELINE 15 1711 241763283499000 2813700
LATENCY 2754400
TIMELINE 15 1727 241763333016000 2754400
LATENCY 2836800
TIMELINE 15 1743 241763378643000 2836800
LATENCY 2724400
TIMELINE 15 1759 241763423177100 2724400
LATENCY 3037300
TIMELINE 15 1775 241763467896000 3037300
LATENCY 2719500
TIMELINE 15 1791 241763514556400 2719500
LATENCY 2827600
TIMELINE 15 1807 241763560407300 2827600
LATENCY 2708800
TIMELINE 15 1823 241763607389100 2708800
LATENCY 2753600
TIMELINE 15 1839 241763650609400 2753600
LATENCY 3079500
TIMELINE 15 1855 241763697113100 3079500
LATENCY 3097200
TIMELINE 15 1871 241763751725400 3097200
LATENCY 3048900
TIMELINE 15 1887 241763796472000 3048900
LATENCY 2629800
TIMELINE 15 1903 241763839890300 2629800
LATENCY 2807300
TIMELINE 15 1919 241763885012600 2807300
LATENCY 2694800
TIMELINE 15 1935 241763931745000 2694800
LATENCY 3011500
TIMELINE 15 1951 241763976659500 3011500
LATENCY 2600800
TIMELINE 15 1967 241764023251200 2600800
LATENCY 3013000
TIMELINE 15 1983 241764069678600 3013000
LATENCY 2696100
TIMELINE 15 1999 241764121895800 2696100
LATENCY 2721200
TIMELINE 15 2015 241764171778300 2721200
LATENCY 3186200
TIMELINE 15 2031 241764216228000 3186200
LATENCY 3417200
TIMELINE 15 2047 241764262620500 3417200
LATENCY 12155000
TIMELINE 16 0 241758997538500 12155000
LATENCY 2284800
TIMELINE 16 16 241759046584400 2284800
LATENCY 2168600
TIMELINE 16 32 241759081911600 2168600
LATENCY 2205100
TIMELINE 16 48 241759117337100 2205100
LATENCY 2183600
TIMELINE 16 64 241759151803900 2183600
LATENCY 2157600
TIMELINE 16 80 241759186760800 2157600
LATENCY 2131300
TIMELINE 16 96 241759223394400 2131300
LATENCY 2258100
TIMELINE 16 112 241759259550900 2258100
LATENCY 2332300
TIMELINE 16 128 241759314493000 2332300
LATENCY 2152100
TIMELINE 16 144 241759349742000 2152100
LATENCY 2149900
TIMELINE 16 160 241759385450000 2149900
LATENCY 2164500
TIMELINE 16 176 241759421718300 2164500
LATENCY 2118900
TIMELINE 16 192 241759456818400 2118900
LATENCY 2178800
TIMELINE 16 208 241759491715600 2178800
LATENCY 2258100
TIMELINE 16 224 241759528801400 2258100
LATENCY 2181400
TIMELINE 16 240 241759564394500 2181400
LATENCY 2621100
TIMELINE 16 256 241759618164900 2621100
LATENCY 2112600
TIMELINE 16 272 241759653040900 2112600
LATENCY 2156900
TIMELINE 16 288 241759687216100 2156900
LATENCY 2096700
TIMELINE 16 304 241759722460400 2096700
LATENCY 2507000
TIMELINE 16 320 241759757611200 2507000
LATENCY 2243000
TIMELINE 16 336 241759794484700 2243000
LATENCY 2274600
TIMELINE 16 352 241759831572400 2274600
LATENCY 2261600
TIMELINE 16 368 241759867284000 2261600
LATENCY 2108100
TIMELINE 16 384 241759902777100 2108100
LATENCY 2176000
TIMELINE 16 400 241759956947700 2176000
LATENCY 2373400
TIMELINE 16 416 241759997563800 2373400
LATENCY 2221500
TIMELINE 16 432 241760033950200 2221500
LATENCY 2195700
TIMELINE 16 448 241760068626600 2195700
LATENCY 2234100
TIMELINE 16 464 241760104085900 2234100
LATENCY 2175300
TIMELINE 16 480 241760138838300 2175300
LATENCY 2216100
TIMELINE 16 496 241760173695900 2216100
LATENCY 2239000
TIMELINE 16 512 241760210385700 2239000
LATENCY 2128200
TIMELINE 16 528 241760265232600 2128200
LATENCY 2121800
TIMELINE 16 544 241760299590700 2121800
LATENCY 2104900
TIMELINE 16 560 241760334326100 2104900
LATENCY 2587600
TIMELINE 16 576 241760368894800 2587600
LATENCY 2163500
TIMELINE 16 592 241760404751500 2163500
LATENCY 2163400
TIMELINE 16 608 241760440380800 2163400
LATENCY 2140300
TIMELINE 16 624 241760474597300 2140300
LATENCY 2130400
TIMELINE 16 640 241760508741400 2130400
LATENCY 21206000
TIMELINE 16 656 241760542943100 21206000
LATENCY 2190900
TIMELINE 16 672 241760597137000 2190900
LATENCY 2198700
TIMELINE 16 688 241760632182600 2198700
LATENCY 2179200
TIMELINE 16 704 241760667400000 2179200
LATENCY 2229400
TIMELINE 16 720 241760701982400 2229400
LATENCY 2198700
TIMELINE 16 736 241760736801500 2198700
LATENCY 2149700
TIMELINE 16 752 241760771629500 2149700
LATENCY 2105400
TIMELINE 16 768 241760805466100 2105400
LATENCY 2210500
TIMELINE 16 784 241760841148100 2210500
LATENCY 2156000
TIMELINE 16 800 241760895879900 2156000
LATENCY 2191700
TIMELINE 16 816 241760930670100 2191700
LATENCY 2209800
TIMELINE 16 832 241760966021800 2209800
LATENCY 2306400
TIMELINE 16 848 241761000506100 2306400
LATENCY 2586100
TIMELINE 16 864 241761036269400 2586100
LATENCY 2184800
TIMELINE 16 880 241761072513900 2184800
LATENCY 2315500
TIMELINE 16 896 241761107808100 2315500
LATENCY 2152900
TIMELINE 16 912 241761143188400 2152900
LATENCY 2272400
TIMELINE 16 928 241761198233000 2272400
LATENCY 2181600
TIMELINE 16 944 241761233402100 2181600
LATENCY 2142200
TIMELINE 16 960 241761267915900 2142200
LATENCY 2148100
TIMELINE 16 976 241761301915700 2148100
LATENCY 2390200
TIMELINE 16 992 241761337150900 2390200
LATENCY 2150000
TIMELINE 16 1008 241761372508700 2150000
LATENCY 2122000
TIMELINE 16 1024 241761407200900 2122000
LATENCY 2215100
TIMELINE 16 1040 241761442739300 2215100
LATENCY 8257500
TIMELINE 16 1056 241761478910700 8257500
LATENCY 2205000
TIMELINE 16 1072 241761520397800 2205000
LATENCY 2233000
TIMELINE 16 1088 241761555912500 2233000
LATENCY 2281000
TIMELINE 16 1104 241761594338200 2281000
LATENCY 2170300
TIMELINE 16 1120 241761629390500 2170300
LATENCY 2227200
TIMELINE 16 1136 241761665808200 2227200
LATENCY 2199700
TIMELINE 16 1152 241761702202900 2199700
LATENCY 2099000
TIMELINE 16 1168 241761737117800 2099000
LATENCY 2224400
TIMELINE 16 1184 241761772931700 2224400
LATENCY 2142400
TIMELINE 16 1200 241761813834900 2142400
LATENCY 2183000
TIMELINE 16 1216 241761849270400 2183000
LATENCY 3072800
TIMELINE 16 1232 241761891068700 3072800
LATENCY 2728200
TIMELINE 16 1248 241761936803600 2728200
LATENCY 2776000
TIMELINE 16 1264 241761980916900 2776000
LATENCY 3068600
TIMELINE 16 1280 241762030845500 3068600
LATENCY 2930200
TIMELINE 16 1296 241762076754300 2930200
LATENCY 3069600
TIMELINE 16 1312 241762124433500 3069600
LATENCY 2978500
TIMELINE 16 1328 241762180361400 2978500
LATENCY 3087300
TIMELINE 16 1344 241762226936000 3087300
LATENCY 2879400
TIMELINE 16 1360 241762272458300 2879400
LATENCY 3349800
TIMELINE 16 1376 241762318434200 3349800
LATENCY 3116400
TIMELINE 16 1392 241762364369600 3116400
LATENCY 2710200
TIMELINE 16 1408 241762412108200 2710200
LATENCY 2579300
TIMELINE 16 1424 241762455632700 2579300
LATENCY 2760800
TIMELINE 16 1440 241762500185600 2760800
LATENCY 8430200
TIMELINE 16 1456 241762544565900 8430200
LATENCY 3020500
TIMELINE 16 1472 241762596789800 3020500
LATENCY 2755100
TIMELINE 16 1488 241762645108300 2755100
LATENCY 2836900
TIMELINE 16 1504 241762690782200 2836900
LATENCY 2799800
TIMELINE 16 1520 241762737164200 2799800
LATENCY 3025000
TIMELINE 16 1536 241762782444100 3025000
LATENCY 2818000
TIMELINE 16 1552 241762828132400 2818000
LATENCY 2549900
TIMELINE 16 1568 241762874625400 2549900
LATENCY 2826000
TIMELINE 16 1584 241762919669200 2826000
LATENCY 3135300
TIMELINE 16 1600 241762971207800 3135300
LATENCY 2767200
TIMELINE 16 1616 241763019507700 2767200
LATENCY 2709800
TIMELINE 16 1632 241763063769300 2709800
LATENCY 2751500
TIMELINE 16 1648 241763107942900 2751500
LATENCY 2585400
TIMELINE 16 1664 241763151819800 2585400
LATENCY 3027700
TIMELINE 16 1680 241763195170800 3027700
LATENCY 2933600
TIMELINE 16 1696 241763242654400 2933600
LATENCY 2842400
TIMELINE 16 1712 241763287619500 2842400
LATENCY 2994000
TIMELINE 16 1728 241763337157000 2994000
LATENCY 2876000
TIMELINE 16 1744 241763382793300 2876000
LATENCY 2760600
TIMELINE 16 1760 241763427158300 2760600
LATENCY 3101100
TIMELINE 16 1776 241763472562200 3101100
LATENCY 2734400
TIMELINE 16 1792 241763518740100 2734400
LATENCY 2813000
TIMELINE 16 1808 241763564699300 2813000
LATENCY 2690500
TIMELINE 16 1824 241763611504400 2690500
LATENCY 2705100
TIMELINE 16 1840 241763654824100 2705100
LATENCY 3129200
TIMELINE 16 1856 241763701833500 3129200
LATENCY 2930500
TIMELINE 16 1872 241763756488100 2930500
LATENCY 2873300
TIMELINE 16 1888 241763801252600 2873300
LATENCY 2614900
TIMELINE 16 1904 241763844017700 2614900
LATENCY 2876300
TIMELINE 16 1920 241763889364600 2876300
LATENCY 2764100
TIMELINE 16 1936 241763935927700 2764100
LATENCY 2890800
TIMELINE 16 1952 241763981531800 2890800
LATENCY 2697600
TIMELINE 16 1968 241764027925200 2697600
LATENCY 3023800
TIMELINE 16 1984 241764074958800 3023800
LATENCY 2866200
TIMELINE 16 2000 241764126714500 2866200
LATENCY 2813500
TIMELINE 16 2016 241764176677600 2813500
LATENCY 2864800
TIMELINE 16 2032 241764221636700 2864800
LATENCY 2609600
TIMELINE 17 1 241759009735300 2609600
LATENCY 2290200
TIMELINE 17 17 241759048780100 2290200
LATENCY 2162200
TIMELINE 17 33 241759083992800 2162200
LATENCY 2178000
TIMELINE 17 49 241759119510700 2178000
LATENCY 2200000
TIMELINE 17 65 241759153952400 2200000
LATENCY 2154200
TIMELINE 17 81 241759188888200 2154200
LATENCY 2157300
TIMELINE 17 97 241759225496400 2157300
LATENCY 2303000
TIMELINE 17 113 241759261724500 2303000
LATENCY 2127400
TIMELINE 17 129 241759316743600 2127400
LATENCY 2140300
TIMELINE 17 145 241759351814600 2140300
LATENCY 2175400
TIMELINE 17 161 241759387511400 2175400
LATENCY 2092700
TIMELINE 17 177 241759423690600 2092700
LATENCY 2122200
TIMELINE 17 193 241759458743300 2122200
LATENCY 2105900
TIMELINE 17 209 241759493670100 2105900
LATENCY 2214900
TIMELINE 17 225 241759530918900 2214900
LATENCY 2225100
TIMELINE 17 241 241759566548200 2225100
LATENCY 2301100
TIMELINE 17 257 241759620947500 2301100
LATENCY 2126400
TIMELINE 17 273 241759655270400 2126400
LATENCY 2138600
TIMELINE 17 289 241759689461800 2138600
LATENCY 2125900
TIMELINE 17 305 241759724669200 2125900
LATENCY 2297200
TIMELINE 17 321 241759760263500 2297200
LATENCY 2347600
TIMELINE 17 337 241759796797500 2347600
LATENCY 2264900
TIMELINE 17 353 241759833819200 2264900
LATENCY 2342300
TIMELINE 17 369 241759869515600 2342300
LATENCY 2105100
TIMELINE 17 385 241759905054900 2105100
LATENCY 2234300
TIMELINE 17 401 241759959300800 2234300
LATENCY 2347900
TIMELINE 17 417 241760000206000 2347900
LATENCY 2125400
TIMELINE 17 433 241760036264000 2125400
LATENCY 2425300
TIMELINE 17 449 241760070918400 2425300
LATENCY 2227000
TIMELINE 17 465 241760106466400 2227000
LATENCY 2118200
TIMELINE 17 481 241760141190900 2118200
LATENCY 2143700
TIMELINE 17 497 241760176105000 2143700
LATENCY 2103100
TIMELINE 17 513 241760212963100 2103100
LATENCY 2137400
TIMELINE 17 529 241760267685500 2137400
LATENCY 2140500
TIMELINE 17 545 241760302002400 2140500
LATENCY 2318300
TIMELINE 17 561 241760336806100 2318300
LATENCY 2420800
TIMELINE 17 577 241760371974100 2420800
LATENCY 2200000
TIMELINE 17 593 241760407494400 2200000
LATENCY 2140700
TIMELINE 17 609 241760443233300 2140700
LATENCY 2114000
TIMELINE 17 625 241760477498500 2114000
LATENCY 2127200
TIMELINE 17 641 241760511764200 2127200
LATENCY 2145100
TIMELINE 17 657 241760564995100 2145100
LATENCY 2181400
TIMELINE 17 673 241760600339900 2181400
LATENCY 2273800
TIMELINE 17 689 241760635466400 2273800
LATENCY 2138300
TIMELINE 17 705 241760670661900 2138300
LATENCY 2102200
TIMELINE 17 721 241760705262700 2102200
LATENCY 2207500
TIMELINE 17 737 241760740158700 2207500
LATENCY 2096800
TIMELINE 17 753 241760774889900 2096800
LATENCY 2171100
TIMELINE 17 769 241760808699900 2171100
LATENCY 2129200
TIMELINE 17 785 241760844399100 2129200
LATENCY 2211100
TIMELINE 17 801 241760899141500 2211100
LATENCY 2363000
TIMELINE 17 817 241760934058400 2363000
LATENCY 2081400
TIMELINE 17 833 241760969489200 2081400
LATENCY 2288700
TIMELINE 17 849 241761004461400 2288700
LATENCY 2228500
TIMELINE 17 865 241761040070700 2228500
LATENCY 2176200
TIMELINE 17 881 241761075838200 2176200
LATENCY 2166400
TIMELINE 17 897 241761111299700 2166400
LATENCY 2161200
TIMELINE 17 913 241761146563900 2161200
LATENCY 2281600
TIMELINE 17 929 241761201782400 2281600
LATENCY 2139000
TIMELINE 17 945 241761236812800 2139000
LATENCY 2121900
TIMELINE 17 961 241761271229300 2121900
LATENCY 2072500
TIMELINE 17 977 241761305242100 2072500
LATENCY 2261400
TIMELINE 17 993 241761340693100 2261400
LATENCY 2198000
TIMELINE 17 1009 241761375826300 2198000
LATENCY 2147800
TIMELINE 17 1025 241761410470800 2147800
LATENCY 2346300
TIMELINE 17 1041 241761446368500 2346300
LATENCY 2211800
TIMELINE 17 1057 241761488616700 2211800
LATENCY 2094500
TIMELINE 17 1073 241761523958700 2094500
LATENCY 2248700
TIMELINE 17 1089 241761559620700 2248700
LATENCY 2294800
TIMELINE 17 1105 241761597719000 2294800
LATENCY 2118400
TIMELINE 17 1121 241761632591500 2118400
LATENCY 2301800
TIMELINE 17 1137 241761668821400 2301800
LATENCY 2207700
TIMELINE 17 1153 241761705147700 2207700
LATENCY 2171300
TIMELINE 17 1169 241761739917600 2171300
LATENCY 2125600
TIMELINE 17 1185 241761775906100 2125600
LATENCY 2199700
TIMELINE 17 1201 241761816778500 2199700
LATENCY 2127700
TIMELINE 17 1217 241761852265800 2127700
LATENCY 3062300
TIMELINE 17 1233 241761894602100 3062300
LATENCY 2669900
TIMELINE 17 1249 241761939931200 2669900
LATENCY 2701400
TIMELINE 17 1265 241761984111800 2701400
LATENCY 3042200
TIMELINE 17 1281 241762034382100 3042200
LATENCY 2802600
TIMELINE 17 1297 241762080135800 2802600
LATENCY 3046800
TIMELINE 17 1313 241762127975100 3046800
LATENCY 2630200
TIMELINE 17 1329 241762183777400 2630200
LATENCY 2807800
TIMELINE 17 1345 241762230482600 2807800
LATENCY 3058200
TIMELINE 17 1361 241762275774800 3058200
LATENCY 2793400
TIMELINE 17 1377 241762322212600 2793400
LATENCY 3184800
TIMELINE 17 1393 241762368010600 3184800
LATENCY 2730000
TIMELINE 17 1409 241762415260400 2730000
LATENCY 2584600
TIMELINE 17 1425 241762458646400 2584600
LATENCY 2726700
TIMELINE 17 1441 241762503384300 2726700
LATENCY 2557900
TIMELINE 17 1457 241762553459800 2557900
LATENCY 3006000
TIMELINE 17 1473 241762600267800 3006000
LATENCY 2812700
TIMELINE 17 1489 241762648306700 2812700
LATENCY 2777100
TIMELINE 17 1505 241762693808600 2777100
LATENCY 2758400
TIMELINE 17 1521 241762740165000 2758400
LATENCY 2882000
TIMELINE 17 1537 241762785688600 2882000
LATENCY 2697200
TIMELINE 17 1553 241762831142100 2697200
LATENCY 2817900
TIMELINE 17 1569 241762877389700 2817900
LATENCY 2952000
TIMELINE 17 1585 241762922704800 2952000
LATENCY 3021600
TIMELINE 17 1601 241762974709000 3021600
LATENCY 2760900
TIMELINE 17 1617 241763022618200 2760900
LATENCY 2826300
TIMELINE 17 1633 241763066839500 2826300
LATENCY 2758500
TIMELINE 17 1649 241763111036000 2758500
LATENCY 2580500
TIMELINE 17 1665 241763154725500 2580500
LATENCY 2938900
TIMELINE 17 1681 241763198603400 2938900
LATENCY 2923000
TIMELINE 17 1697 241763245988900 2923000
LATENCY 2696600
TIMELINE 17 1713 241763290826500 2696600
LATENCY 2859200
TIMELINE 17 1729 241763340542400 2859200
LATENCY 2874300
TIMELINE 17 1745 241763385879400 2874300
LATENCY 2783900
TIMELINE 17 1761 241763430113300 2783900
LATENCY 2970600
TIMELINE 17 1777 241763476006400 2970600
LATENCY 2721100
TIMELINE 17 1793 241763521781300 2721100
LATENCY 3044700
TIMELINE 17 1809 241763567857500 3044700
LATENCY 2704500
TIMELINE 17 1825 241763614499800 2704500
LATENCY 2709600
TIMELINE 17 1841 241763657840000 2709600
LATENCY 8512900
TIMELINE 17 1857 241763705311600 8512900
LATENCY 2844500
TIMELINE 17 1873 241763759789700 2844500
LATENCY 2699800
TIMELINE 17 1889 241763804441900 2699800
LATENCY 2600900
TIMELINE 17 1905 241763846853700 2600900
LATENCY 2751100
TIMELINE 17 1921 241763892481800 2751100
LATENCY 2880200
TIMELINE 17 1937 241763938858600 2880200
LATENCY 2925500
TIMELINE 17 1953 241763984545700 2925500
LATENCY 2913000
TIMELINE 17 1969 241764030800000 2913000
LATENCY 3169500
TIMELINE 17 1985 241764078202500 3169500
LATENCY 2742000
TIMELINE 17 2001 241764129751100 2742000
LATENCY 2774800
TIMELINE 17 2017 241764179804800 2774800
LATENCY 2788300
TIMELINE 17 2033 241764224897400 2788300
LATENCY 2413200
TIMELINE 18 2 241759012383400 2413200
LATENCY 2258700
TIMELINE 18 18 241759051198500 2258700
LATENCY 2161800
TIMELINE 18 34 241759086274100 2161800
LATENCY 2165400
TIMELINE 18 50 241759121783500 2165400
LATENCY 2151700
TIMELINE 18 66 241759156243500 2151700
LATENCY 2333500
TIMELINE 18 82 241759191107700 2333500
LATENCY 2133300
TIMELINE 18 98 241759227742600 2133300
LATENCY 2298400
TIMELINE 18 114 241759264143000 2298400
LATENCY 2420200
TIMELINE 18 130 241759318909600 2420200
LATENCY 2103100
TIMELINE 18 146 241759354100500 2103100
LATENCY 2180200
TIMELINE 18 162 241759389833100 2180200
LATENCY 2108800
TIMELINE 18 178 241759426144300 2108800
LATENCY 2134300
TIMELINE 18 194 241759461175900 2134300
LATENCY 2339500
TIMELINE 18 210 241759496056300 2339500
LATENCY 2205600
TIMELINE 18 226 241759533508600 2205600
LATENCY 2199300
TIMELINE 18 242 241759568893300 2199300
LATENCY 2158900
TIMELINE 18 258 241759623190500 2158900
LATENCY 2134300
TIMELINE 18 274 241759657338700 2134300
LATENCY 2388800
TIMELINE 18 290 241759691570500 2388800
LATENCY 2157100
TIMELINE 18 306 241759726761100 2157100
LATENCY 2178700
TIMELINE 18 322 241759762503700 2178700
LATENCY 2300000
TIMELINE 18 338 241759799279300 2300000
LATENCY 2216400
TIMELINE 18 354 241759836152800 2216400
LATENCY 2354600
TIMELINE 18 370 241759872066900 2354600
LATENCY 2277600
TIMELINE 18 386 241759907253500 2277600
LATENCY 2115600
TIMELINE 18 402 241759961569100 2115600
LATENCY 2308900
TIMELINE 18 418 241760002587200 2308900
LATENCY 2174100
TIMELINE 18 434 241760038362100 2174100
LATENCY 2267400
TIMELINE 18 450 241760073315700 2267400
LATENCY 2214400
TIMELINE 18 466 241760108665800 2214400
LATENCY 2142400
TIMELINE 18 482 241760143281800 2142400
LATENCY 2232300
TIMELINE 18 498 241760178221300 2232300
LATENCY 2311200
TIMELINE 18 514 241760215007800 2311200
LATENCY 2117800
TIMELINE 18 530 241760269763300 2117800
LATENCY 2142800
TIMELINE 18 546 241760304236800 2142800
LATENCY 2156300
TIMELINE 18 562 241760339241900 2156300
LATENCY 2286800
TIMELINE 18 578 241760374587600 2286800
LATENCY 2190100
TIMELINE 18 594 241760409789400 2190100
LATENCY 2160900
TIMELINE 18 610 241760445234700 2160900
LATENCY 2132400
TIMELINE 18 626 241760479470900 2132400
LATENCY 2133600
TIMELINE 18 642 241760513747100 2133600
LATENCY 2102600
TIMELINE 18 658 241760567002100 2102600
LATENCY 2145500
TIMELINE 18 674 241760602125800 2145500
LATENCY 2367700
TIMELINE 18 690 241760637199600 2367700
LATENCY 2176000
TIMELINE 18 706 241760672490400 2176000
LATENCY 2095200
TIMELINE 18 722 241760707027500 2095200
LATENCY 2233000
TIMELINE 18 738 241760741975700 2233000
LATENCY 2135600
TIMELINE 18 754 241760776615900 2135600
LATENCY 2283400
TIMELINE 18 770 241760810472300 2283400
LATENCY 2176600
TIMELINE 18 786 241760846261300 2176600
LATENCY 2189900
TIMELINE 18 802 241760900943900 2189900
LATENCY 2148100
TIMELINE 18 818 241760935998100 2148100
LATENCY 2106400
TIMELINE 18 834 241760971067300 2106400
LATENCY 2305900
TIMELINE 18 850 241761005918000 2305900
LATENCY 2266000
TIMELINE 18 866 241761041748500 2266000
LATENCY 2159900
TIMELINE 18 882 241761077415800 2159900
LATENCY 2132800
TIMELINE 18 898 241761113100900 2132800
LATENCY 2210300
TIMELINE 18 914 241761148219900 2210300
LATENCY 2291600
TIMELINE 18 930 241761203454300 2291600
LATENCY 2262100
TIMELINE 18 946 241761238398900 2262100
LATENCY 2126800
TIMELINE 18 962 241761272796800 2126800
LATENCY 2111800
TIMELINE 18 978 241761306817000 2111800
LATENCY 2234300
TIMELINE 18 994 241761342288300 2234300
LATENCY 2169700
TIMELINE 18 1010 241761377387200 2169700
LATENCY 2134400
TIMELINE 18 1026 241761411973400 2134400
LATENCY 2285800
TIMELINE 18 1042 241761448133200 2285800
LATENCY 2161700
TIMELINE 18 1058 241761490309100 2161700
LATENCY 2115900
TIMELINE 18 1074 241761525337900 2115900
LATENCY 2263200
TIMELINE 18 1090 241761560955800 2263200
LATENCY 2229200
TIMELINE 18 1106 241761599225200 2229200
LATENCY 2114100
TIMELINE 18 1122 241761633963700 2114100
LATENCY 2272200
TIMELINE 18 1138 241761670250000 2272200
LATENCY 2209200
TIMELINE 18 1154 241761706590400 2209200
LATENCY 2095100
TIMELINE 18 1170 241761741338600 2095100
LATENCY 2126500
TIMELINE 18 1186 241761777340800 2126500
LATENCY 2311900
TIMELINE 18 1202 241761818303700 2311900
LATENCY 3294800
TIMELINE 18 1218 241761853723800 3294800
LATENCY 3059100
TIMELINE 18 1234 241761898051200 3059100
LATENCY 2744500
TIMELINE 18 1250 241761942947300 2744500
LATENCY 2675900
TIMELINE 18 1266 241761987068700 2675900
LATENCY 2938700
TIMELINE 18 1282 241762037721900 2938700
LATENCY 2729900
TIMELINE 18 1298 241762083208900 2729900
LATENCY 3067800
TIMELINE 18 1314 241762131326600 3067800
LATENCY 2867200
TIMELINE 18 1330 241762186663900 2867200
LATENCY 2805200
TIMELINE 18 1346 241762233554900 2805200
LATENCY 2903200
TIMELINE 18 1362 241762279036400 2903200
LATENCY 3002200
TIMELINE 18 1378 241762325221600 3002200
LATENCY 3024500
TIMELINE 18 1394 241762371407500 3024500
LATENCY 2772800
TIMELINE 18 1410 241762418197400 2772800
LATENCY 2572600
TIMELINE 18 1426 241762461426600 2572600
LATENCY 2728900
TIMELINE 18 1442 241762506292800 2728900
LATENCY 2768500
TIMELINE 18 1458 241762556156000 2768500
LATENCY 3034500
TIMELINE 18 1474 241762603457500 3034500
LATENCY 2770200
TIMELINE 18 1490 241762651311700 2770200
LATENCY 2793400
TIMELINE 18 1506 241762697058500 2793400
LATENCY 2793000
TIMELINE 18 1522 241762743394900 2793000
LATENCY 2742000
TIMELINE 18 1538 241762789059600 2742000
LATENCY 2792900
TIMELINE 18 1554 241762834374000 2792900
LATENCY 2569400
TIMELINE 18 1570 241762880781400 2569400
LATENCY 3054600
TIMELINE 18 1586 241762926315300 3054600
LATENCY 3171400
TIMELINE 18 1602 241762977862000 3171400
LATENCY 2757400
TIMELINE 18 1618 241763025505300 2757400
LATENCY 2732600
TIMELINE 18 1634 241763069799100 2732600
LATENCY 2686300
TIMELINE 18 1650 241763113926500 2686300
LATENCY 2628100
TIMELINE 18 1666 241763157423600 2628100
LATENCY 2941800
TIMELINE 18 1682 241763201680000 2941800
LATENCY 2964900
TIMELINE 18 1698 241763249049200 2964900
LATENCY 2683700
TIMELINE 18 1714 241763293656100 2683700
LATENCY 2750100
TIMELINE 18 1730 241763343530500 2750100
LATENCY 2470900
TIMELINE 18 1746 241763389080600 2470900
LATENCY 2731500
TIMELINE 18 1762 241763433226200 2731500
LATENCY 2768300
TIMELINE 18 1778 241763478857700 2768300
LATENCY 2841100
TIMELINE 18 1794 241763524393700 2841100
LATENCY 3076000
TIMELINE 18 1810 241763570775100 3076000
LATENCY 2747800
TIMELINE 18 1826 241763617066200 2747800
LATENCY 2752100
TIMELINE 18 1842 241763660408000 2752100
LATENCY 3068000
TIMELINE 18 1858 241763713614200 3068000
LATENCY 2761200
TIMELINE 18 1874 241763762442900 2761200
LATENCY 2647600
TIMELINE 18 1890 241763806953500 2647600
LATENCY 2620400
TIMELINE 18 1906 241763849277100 2620400
LATENCY 2927100
TIMELINE 18 1922 241763895043600 2927100
LATENCY 2650400
TIMELINE 18 1938 241763941665700 2650400
LATENCY 2864100
TIMELINE 18 1954 241763987431000 2864100
LATENCY 2883600
TIMELINE 18 1970 241764033558000 2883600
LATENCY 2870500
TIMELINE 18 1986 241764081208300 2870500
LATENCY 2741600
TIMELINE 18 2002 241764132337400 2741600
LATENCY 2792400
TIMELINE 18 2018 241764182336600 2792400
LATENCY 2767600
TIMELINE 18 2034 241764227377100 2767600
LATENCY 2329400
TIMELINE 19 3 241759014838300 2329400
LATENCY 2256000
TIMELINE 19 19 241759053493400 2256000
LATENCY 2263000
TIMELINE 19 35 241759088469000 2263000
LATENCY 2161600
TIMELINE 19 51 241759123913500 2161600
LATENCY 2158800
TIMELINE 19 67 241759158368400 2158800
LATENCY 3156100
TIMELINE 19 83 241759193506700 3156100
LATENCY 2115300
TIMELINE 19 99 241759229963900 2115300
LATENCY 2242600
TIMELINE 19 115 241759266658000 2242600
LATENCY 2147700
TIMELINE 19 131 241759321515100 2147700
LATENCY 2128800
TIMELINE 19 147 241759356322600 2128800
LATENCY 2104100
TIMELINE 19 163 241759392076800 2104100
LATENCY 2232000
TIMELINE 19 179 241759428403600 2232000
LATENCY 2104600
TIMELINE 19 195 241759463570900 2104600
LATENCY 2509500
TIMELINE 19 211 241759498816300 2509500
LATENCY 2163200
TIMELINE 19 227 241759535939000 2163200
LATENCY 2167400
TIMELINE 19 243 241759571528300 2167400
LATENCY 2149000
TIMELINE 19 259 241759625822900 2149000
LATENCY 2278300
TIMELINE 19 275 241759659928400 2278300
LATENCY 2262800
TIMELINE 19 291 241759694524200 2262800
LATENCY 2075500
TIMELINE 19 307 241759729483200 2075500
LATENCY 2166000
TIMELINE 19 323 241759765360500 2166000
LATENCY 2416900
TIMELINE 19 339 241759802243600 2416900
LATENCY 2197900
TIMELINE 19 355 241759839086200 2197900
LATENCY 2236000
TIMELINE 19 371 241759874975700 2236000
LATENCY 2299300
TIMELINE 19 387 241759910138200 2299300
LATENCY 2160300
TIMELINE 19 403 241759964216600 2160300
LATENCY 2303600
TIMELINE 19 419 241760005400700 2303600
LATENCY 2135400
TIMELINE 19 435 241760041038800 2135400
LATENCY 2142800
TIMELINE 19 451 241760076096800 2142800
LATENCY 2236600
TIMELINE 19 467 241760111454400 2236600
LATENCY 2134300
TIMELINE 19 483 241760146027800 2134300
LATENCY 2411600
TIMELINE 19 499 241760181193000 2411600
LATENCY 2319600
TIMELINE 19 515 241760218228300 2319600
LATENCY 2261900
TIMELINE 19 531 241760272765800 2261900
LATENCY 2141400
TIMELINE 19 547 241760307198600 2141400
LATENCY 2201200
TIMELINE 19 563 241760342221800 2201200
LATENCY 2186900
TIMELINE 19 579 241760377613800 2186900
LATENCY 2165900
TIMELINE 19 595 241760412604400 2165900
LATENCY 2161700
TIMELINE 19 611 241760448108300 2161700
LATENCY 2111600
TIMELINE 19 627 241760482310400 2111600
LATENCY 2098300
TIMELINE 19 643 241760516579400 2098300
LATENCY 2132800
TIMELINE 19 659 241760569807900 2132800
LATENCY 2198100
TIMELINE 19 675 241760604935600 2198100
LATENCY 2302500
TIMELINE 19 691 241760640034900 2302500
LATENCY 2168600
TIMELINE 19 707 241760675067300 2168600
LATENCY 2101000
TIMELINE 19 723 241760709525900 2101000
LATENCY 2184700
TIMELINE 19 739 241760744576800 2184700
LATENCY 2134000
TIMELINE 19 755 241760779106300 2134000
LATENCY 2261900
TIMELINE 19 771 241760813103600 2261900
LATENCY 2182700
TIMELINE 19 787 241760848738200 2182700
LATENCY 2189100
TIMELINE 19 803 241760903275700 2189100
LATENCY 2317100
TIMELINE 19 819 241760938175600 2317100
LATENCY 2150300
TIMELINE 19 835 241760973237500 2150300
LATENCY 2180700
TIMELINE 19 851 241761008896400 2180700
LATENCY 2312400
TIMELINE 19 867 241761044588800 2312400
LATENCY 2085700
TIMELINE 19 883 241761080146000 2085700
LATENCY 2168500
TIMELINE 19 899 241761115468700 2168500
LATENCY 2145100
TIMELINE 19 915 241761150729700 2145100
LATENCY 2156000
TIMELINE 19 931 241761206018500 2156000
LATENCY 2140600
TIMELINE 19 947 241761240890900 2140600
LATENCY 2113400
TIMELINE 19 963 241761275154700 2113400
LATENCY 2135600
TIMELINE 19 979 241761309140100 2135600
LATENCY 2227100
TIMELINE 19 995 241761344861800 2227100
LATENCY 2276200
TIMELINE 19 1011 241761379870200 2276200
LATENCY 2126900
TIMELINE 19 1027 241761414438900 2126900
LATENCY 2474000
TIMELINE 19 1043 241761451321700 2474000
LATENCY 2153900
TIMELINE 19 1059 241761493236300 2153900
LATENCY 2120500
TIMELINE 19 1075 241761528470500 2120500
LATENCY 2259300
TIMELINE 19 1091 241761564323500 2259300
LATENCY 2162000
TIMELINE 19 1107 241761602584700 2162000
LATENCY 2158200
TIMELINE 19 1123 241761637157200 2158200
LATENCY 2258400
TIMELINE 19 1139 241761673708200 2258400
LATENCY 2166100
TIMELINE 19 1155 241761709880400 2166100
LATENCY 2126500
TIMELINE 19 1171 241761744534100 2126500
LATENCY 2186900
TIMELINE 19 1187 241761780717600 2186900
LATENCY 2251200
TIMELINE 19 1203 241761821917500 2251200
LATENCY 3651700
TIMELINE 19 1219 241761859080700 3651700
LATENCY 2810700
TIMELINE 19 1235 241761902029900 2810700
LATENCY 3013400
TIMELINE 19 1251 241761946653100 3013400
LATENCY 2877000
TIMELINE 19 1267 241761990915300 2877000
LATENCY 2759100
TIMELINE 19 1283 241762041805500 2759100
LATENCY 2835100
TIMELINE 19 1299 241762087308100 2835100
LATENCY 3084800
TIMELINE 19 1315 241762135677800 3084800
LATENCY 2824300
TIMELINE 19 1331 241762190828300 2824300
LATENCY 2788000
TIMELINE 19 1347 241762237439500 2788000
LATENCY 2899500
TIMELINE 19 1363 241762283155800 2899500
LATENCY 2638300
TIMELINE 19 1379 241762329441500 2638300
LATENCY 3038500
TIMELINE 19 1395 241762375720600 3038500
LATENCY 2701800
TIMELINE 19 1411 241762422583500 2701800
LATENCY 2493500
TIMELINE 19 1427 241762465516600 2493500
LATENCY 2779700
TIMELINE 19 1443 241762510680000 2779700
LATENCY 2788800
TIMELINE 19 1459 241762560619000 2788800
LATENCY 3036000
TIMELINE 19 1475 241762608353400 3036000
LATENCY 2937200
TIMELINE 19 1491 241762655768400 2937200
LATENCY 2778700
TIMELINE 19 1507 241762701424000 2778700
LATENCY 2764000
TIMELINE 19 1523 241762747759400 2764000
LATENCY 2766700
TIMELINE 19 1539 241762793481100 2766700
LATENCY 2755600
TIMELINE 19 1555 241762838745700 2755600
LATENCY 2632100
TIMELINE 19 1571 241762884694600 2632100
LATENCY 2732000
TIMELINE 19 1587 241762931026700 2732000
LATENCY 5574200
TIMELINE 19 1603 241762982790500 5574200
LATENCY 2701200
TIMELINE 19 1619 241763030007400 2701200
LATENCY 2635100
TIMELINE 19 1635 241763074270400 2635100
LATENCY 3765400
TIMELINE 19 1651 241763119041400 3765400
LATENCY 2589300
TIMELINE 19 1667 241763161681100 2589300
LATENCY 2953800
TIMELINE 19 1683 241763206508400 2953800
LATENCY 2925100
TIMELINE 19 1699 241763253910100 2925100
LATENCY 2701100
TIMELINE 19 1715 241763298080400 2701100
LATENCY 2716000
TIMELINE 19 1731 241763348021800 2716000
LATENCY 2765400
TIMELINE 19 1747 241763393451200 2765400
LATENCY 2757500
TIMELINE 19 1763 241763437705600 2757500
LATENCY 2737300
TIMELINE 19 1779 241763483691300 2737300
LATENCY 2751500
TIMELINE 19 1795 241763529290000 2751500
LATENCY 5458800
TIMELINE 19 1811 241763575633800 5458800
LATENCY 2708500
TIMELINE 19 1827 241763621832400 2708500
LATENCY 2682400
TIMELINE 19 1843 241763665171200 2682400
LATENCY 3125100
TIMELINE 19 1859 241763719074000 3125100
LATENCY 2700800
TIMELINE 19 1875 241763767301000 2700800
LATENCY 2669500
TIMELINE 19 1891 241763811723400 2669500
LATENCY 2608800
TIMELINE 19 1907 241763853875700 2608800
LATENCY 3033400
TIMELINE 19 1923 241763900383900 3033400
LATENCY 2802400
TIMELINE 19 1939 241763946584100 2802400
LATENCY 2930800
TIMELINE 19 1955 241763992389200 2930800
LATENCY 2773900
TIMELINE 19 1971 241764038062800 2773900
LATENCY 2748500
TIMELINE 19 1987 241764085670500 2748500
LATENCY 3058700
TIMELINE 19 2003 241764136681700 3058700
LATENCY 2779100
TIMELINE 19 2019 241764186710400 2779100
LATENCY 2765400
TIMELINE 19 2035 241764231838900 2765400
LATENCY 2330000
TIMELINE 20 4 241759017260100 2330000
LATENCY 2251200
TIMELINE 20 20 241759055851500 2251200
LATENCY 2252500
TIMELINE 20 36 241759090823600 2252500
LATENCY 2135600
TIMELINE 20 52 241759126198800 2135600
LATENCY 2144300
TIMELINE 20 68 241759160646200 2144300
LATENCY 2560900
TIMELINE 20 84 241759196738800 2560900
LATENCY 2237400
TIMELINE 20 100 241759232197800 2237400
LATENCY 2227700
TIMELINE 20 116 241759269197300 2227700
LATENCY 2196200
TIMELINE 20 132 241759323967200 2196200
LATENCY 2185500
TIMELINE 20 148 241759358916000 2185500
LATENCY 2333700
TIMELINE 20 164 241759394778200 2333700
LATENCY 2096100
TIMELINE 20 180 241759430950700 2096100
LATENCY 2189500
TIMELINE 20 196 241759465937000 2189500
LATENCY 2448300
TIMELINE 20 212 241759501390700 2448300
LATENCY 2262800
TIMELINE 20 228 241759538074000 2262800
LATENCY 2215500
TIMELINE 20 244 241759573928400 2215500
LATENCY 2103800
TIMELINE 20 260 241759628150700 2103800
LATENCY 2103800
TIMELINE 20 276 241759662380500 2103800
LATENCY 2171300
TIMELINE 20 292 241759696971600 2171300
LATENCY 2257700
TIMELINE 20 308 241759731403800 2257700
LATENCY 2157100
TIMELINE 20 324 241759767332600 2157100
LATENCY 2300500
TIMELINE 20 340 241759804335200 2300500
LATENCY 2313400
TIMELINE 20 356 241759841054000 2313400
LATENCY 2272800
TIMELINE 20 372 241759876831200 2272800
LATENCY 19762500
TIMELINE 20 388 241759912093800 19762500
LATENCY 2113800
TIMELINE 20 404 241759966235500 2113800
LATENCY 2348100
TIMELINE 20 420 241760007575200 2348100
LATENCY 2167100
TIMELINE 20 436 241760043115600 2167100
LATENCY 2357200
TIMELINE 20 452 241760078179500 2357200
LATENCY 2144600
TIMELINE 20 468 241760113556800 2144600
LATENCY 2132300
TIMELINE 20 484 241760147905100 2132300
LATENCY 2327500
TIMELINE 20 500 241760183273900 2327500
LATENCY 2307200
TIMELINE 20 516 241760219998400 2307200
LATENCY 2150600
TIMELINE 20 532 241760274565400 2150600
LATENCY 2194700
TIMELINE 20 548 241760308900800 2194700
LATENCY 2190500
TIMELINE 20 564 241760343820100 2190500
LATENCY 2211600
TIMELINE 20 580 241760379230700 2211600
LATENCY 2228600
TIMELINE 20 596 241760414396300 2228600
LATENCY 2140100
TIMELINE 20 612 241760449865900 2140100
LATENCY 2117900
TIMELINE 20 628 241760484018000 2117900
LATENCY 2185100
TIMELINE 20 644 241760518272600 2185100
LATENCY 2135200
TIMELINE 20 660 241760571541000 2135200
LATENCY 2202400
TIMELINE 20 676 241760606743400 2202400
LATENCY 2305400
TIMELINE 20 692 241760642047700 2305400
LATENCY 2146600
TIMELINE 20 708 241760677073700 2146600
LATENCY 2132300
TIMELINE 20 724 241760711449800 2132300
LATENCY 2213700
TIMELINE 20 740 241760746615200 2213700
LATENCY 2098100
TIMELINE 20 756 241760781102300 2098100
LATENCY 2150500
TIMELINE 20 772 241760815127800 2150500
LATENCY 2178100
TIMELINE 20 788 241760850824000 2178100
LATENCY 2231500
TIMELINE 20 804 241760905288300 2231500
LATENCY 2182500
TIMELINE 20 820 241760940228900 2182500
LATENCY 2155900
TIMELINE 20 836 241760975061700 2155900
LATENCY 2223200
TIMELINE 20 852 241761010079500 2223200
LATENCY 2260900
TIMELINE 20 868 241761045698900 2260900
LATENCY 2141400
TIMELINE 20 884 241761081114800 2141400
LATENCY 2177800
TIMELINE 20 900 241761116913000 2177800
LATENCY 2116900
TIMELINE 20 916 241761152100000 2116900
LATENCY 2220000
TIMELINE 20 932 241761207636200 2220000
LATENCY 2145100
TIMELINE 20 948 241761242473500 2145100
LATENCY 2114500
TIMELINE 20 964 241761276744100 2114500
LATENCY 2144700
TIMELINE 20 980 241761310728000 2144700
LATENCY 2280300
TIMELINE 20 996 241761346398100 2280300
LATENCY 2190400
TIMELINE 20 1012 241761381502900 2190400
LATENCY 2130700
TIMELINE 20 1028 241761415998100 2130700
LATENCY 2634700
TIMELINE 20 1044 241761452163800 2634700
LATENCY 2142900
TIMELINE 20 1060 241761494187800 2142900
LATENCY 2129200
TIMELINE 20 1076 241761529426200 2129200
LATENCY 2224600
TIMELINE 20 1092 241761565380200 2224600
LATENCY 2179800
TIMELINE 20 1108 241761603641400 2179800
LATENCY 2135500
TIMELINE 20 1124 241761638215700 2135500
LATENCY 2272700
TIMELINE 20 1140 241761674738100 2272700
LATENCY 2158200
TIMELINE 20 1156 241761711081800 2158200
LATENCY 2120300
TIMELINE 20 1172 241761745651000 2120300
LATENCY 2174900
TIMELINE 20 1188 241761781788800 2174900
LATENCY 2245300
TIMELINE 20 1204 241761822847300 2245300
LATENCY 3182200
TIMELINE 20 1220 241761861138400 3182200
LATENCY 2814300
TIMELINE 20 1236 241761903468000 2814300
LATENCY 3074600
TIMELINE 20 1252 241761948211200 3074600
LATENCY 2917800
TIMELINE 20 1268 241761992147800 2917800
LATENCY 2770200
TIMELINE 20 1284 241762043108600 2770200
LATENCY 2776500
TIMELINE 20 1300 241762088711700 2776500
LATENCY 3118900
TIMELINE 20 1316 241762137131400 3118900
LATENCY 2785000
TIMELINE 20 1332 241762192106100 2785000
LATENCY 2817500
TIMELINE 20 1348 241762238783400 2817500
LATENCY 2911200
TIMELINE 20 1364 241762284606900 2911200
LATENCY 2657100
TIMELINE 20 1380 241762330779500 2657100
LATENCY 3052800
TIMELINE 20 1396 241762377240200 3052800
LATENCY 2716600
TIMELINE 20 1412 241762423444500 2716600
LATENCY 2402400
TIMELINE 20 1428 241762466146700 2402400
LATENCY 2791800
TIMELINE 20 1444 241762511364800 2791800
LATENCY 2784200
TIMELINE 20 1460 241762561321600 2784200
LATENCY 3033400
TIMELINE 20 1476 241762609128100 3033400
LATENCY 3083200
TIMELINE 20 1492 241762656441600 3083200
LATENCY 3024900
TIMELINE 20 1508 241762702113100 3024900
LATENCY 2747900
TIMELINE 20 1524 241762748462200 2747900
LATENCY 2903300
TIMELINE 20 1540 241762794124300 2903300
LATENCY 2768000
TIMELINE 20 1556 241762839412400 2768000
LATENCY 2644200
TIMELINE 20 1572 241762885359100 2644200
LATENCY 2618400
TIMELINE 20 1588 241762932118600 2618400
LATENCY 5135500
TIMELINE 20 1604 241762984293100 5135500
LATENCY 2732400
TIMELINE 20 1620 241763031014100 2732400
LATENCY 2674800
TIMELINE 20 1636 241763075260500 2674800
LATENCY 2661000
TIMELINE 20 1652 241763121128400 2661000
LATENCY 2610200
TIMELINE 20 1668 241763162640100 2610200
LATENCY 3029000
TIMELINE 20 1684 241763207698600 3029000
LATENCY 3050200
TIMELINE 20 1700 241763255078900 3050200
LATENCY 2708700
TIMELINE 20 1716 241763299170900 2708700
LATENCY 2782600
TIMELINE 20 1732 241763349116100 2782600
LATENCY 2750500
TIMELINE 20 1748 241763394514400 2750500
LATENCY 2764300
TIMELINE 20 1764 241763438790000 2764300
LATENCY 2751500
TIMELINE 20 1780 241763484692800 2751500
LATENCY 2776700
TIMELINE 20 1796 241763530322200 2776700
LATENCY 4609400
TIMELINE 20 1812 241763577612700 4609400
LATENCY 2708400
TIMELINE 20 1828 241763622955600 2708400
LATENCY 2708000
TIMELINE 20 1844 241763666281200 2708000
LATENCY 3024700
TIMELINE 20 1860 241763720412400 3024700
LATENCY 2706700
TIMELINE 20 1876 241763768420900 2706700
LATENCY 2619500
TIMELINE 20 1892 241763812866400 2619500
LATENCY 2602400
TIMELINE 20 1908 241763854933400 2602400
LATENCY 3049500
TIMELINE 20 1924 241763901548900 3049500
LATENCY 2743200
TIMELINE 20 1940 241763947650900 2743200
LATENCY 2718200
TIMELINE 20 1956 241763993442000 2718200
LATENCY 2778300
TIMELINE 20 1972 241764038809900 2778300
LATENCY 2771900
TIMELINE 20 1988 241764086424200 2771900
LATENCY 2883900
TIMELINE 20 2004 241764137634200 2883900
LATENCY 2887300
TIMELINE 20 2020 241764187510000 2887300
LATENCY 2764700
TIMELINE 20 2036 241764232599800 2764700
LATENCY 2836300
TIMELINE 21 5 241759019528300 2836300
LATENCY 2244100
TIMELINE 21 21 241759058039300 2244100
LATENCY 2177500
TIMELINE 21 37 241759093017600 2177500
LATENCY 2122000
TIMELINE 21 53 241759128306500 2122000
LATENCY 2143800
TIMELINE 21 69 241759162763000 2143800
LATENCY 2363100
TIMELINE 21 85 241759199168600 2363100
LATENCY 2120300
TIMELINE 21 101 241759234381600 2120300
LATENCY 2255900
TIMELINE 21 117 241759271083300 2255900
LATENCY 2233500
TIMELINE 21 133 241759325909100 2233500
LATENCY 2156400
TIMELINE 21 149 241759360599900 2156400
LATENCY 2612400
TIMELINE 21 165 241759396425000 2612400
LATENCY 2097300
TIMELINE 21 181 241759432586500 2097300
LATENCY 2171100
TIMELINE 21 197 241759467581400 2171100
LATENCY 2202300
TIMELINE 21 213 241759503471300 2202300
LATENCY 2156200
TIMELINE 21 229 241759540005300 2156200
LATENCY 2316700
TIMELINE 21 245 241759575619600 2316700
LATENCY 2169100
TIMELINE 21 261 241759629974200 2169100
LATENCY 2121800
TIMELINE 21 277 241759664201100 2121800
LATENCY 2198600
TIMELINE 21 293 241759698854800 2198600
LATENCY 2154800
TIMELINE 21 309 241759733441100 2154800
LATENCY 2123000
TIMELINE 21 325 241759769268500 2123000
LATENCY 2404400
TIMELINE 21 341 241759806421900 2404400
LATENCY 2245800
TIMELINE 21 357 241759843053800 2245800
LATENCY 2464900
TIMELINE 21 373 241759879031600 2464900
LATENCY 2902400
TIMELINE 21 389 241759931768500 2902400
LATENCY 2102300
TIMELINE 21 405 241759968209600 2102300
LATENCY 2272700
TIMELINE 21 421 241760009717000 2272700
LATENCY 2121200
TIMELINE 21 437 241760044958500 2121200
LATENCY 2318400
TIMELINE 21 453 241760080145100 2318400
LATENCY 2165800
TIMELINE 21 469 241760115495100 2165800
LATENCY 2140900
TIMELINE 21 485 241760149843900 2140900
LATENCY 2204300
TIMELINE 21 501 241760185357000 2204300
LATENCY 2167500
TIMELINE 21 517 241760222075200 2167500
LATENCY 2096700
TIMELINE 21 533 241760276461000 2096700
LATENCY 2124400
TIMELINE 21 549 241760310717000 2124400
LATENCY 2137500
TIMELINE 21 565 241760345730500 2137500
LATENCY 2191000
TIMELINE 21 581 241760381206800 2191000
LATENCY 2298100
TIMELINE 21 597 241760416234200 2298100
LATENCY 2131900
TIMELINE 21 613 241760451650800 2131900
LATENCY 2107900
TIMELINE 21 629 241760485789900 2107900
LATENCY 2145000
TIMELINE 21 645 241760520105000 2145000
LATENCY 2102800
TIMELINE 21 661 241760573365000 2102800
LATENCY 2227900
TIMELINE 21 677 241760608414200 2227900
LATENCY 2257200
TIMELINE 21 693 241760643887000 2257200
LATENCY 2151700
TIMELINE 21 709 241760678755600 2151700
LATENCY 2205400
TIMELINE 21 725 241760713127000 2205400
LATENCY 2154200
TIMELINE 21 741 241760748357800 2154200
LATENCY 2094600
TIMELINE 21 757 241760782724000 2094600
LATENCY 2137400
TIMELINE 21 773 241760816842100 2137400
LATENCY 21436100
TIMELINE 21 789 241760852458300 21436100
LATENCY 2224600
TIMELINE 21 805 241760907117000 2224600
LATENCY 2191200
TIMELINE 21 821 241760942086700 2191200
LATENCY 2136300
TIMELINE 21 837 241760976992000 2136300
LATENCY 2326100
TIMELINE 21 853 241761012627300 2326100
LATENCY 2145500
TIMELINE 21 869 241761048504700 2145500
LATENCY 2151300
TIMELINE 21 885 241761083724000 2151300
LATENCY 2246600
TIMELINE 21 901 241761119296200 2246600
LATENCY 2152200
TIMELINE 21 917 241761154420000 2152200
LATENCY 2147700
TIMELINE 21 933 241761209916800 2147700
LATENCY 2096600
TIMELINE 21 949 241761244682400 2096600
LATENCY 2085300
TIMELINE 21 965 241761278918900 2085300
LATENCY 2165100
TIMELINE 21 981 241761312934400 2165100
LATENCY 2216000
TIMELINE 21 997 241761348840600 2216000
LATENCY 2194200
TIMELINE 21 1013 241761383752100 2194200
LATENCY 2162800
TIMELINE 21 1029 241761418187400 2162800
LATENCY 2364100
TIMELINE 21 1045 241761454831600 2364100
LATENCY 2127800
TIMELINE 21 1061 241761496427100 2127800
LATENCY 2180500
TIMELINE 21 1077 241761531587500 2180500
LATENCY 2593700
TIMELINE 21 1093 241761567760100 2593700
LATENCY 2139700
TIMELINE 21 1109 241761605975600 2139700
LATENCY 2146400
TIMELINE 21 1125 241761640502200 2146400
LATENCY 2459500
TIMELINE 21 1141 241761677162700 2459500
LATENCY 2142200
TIMELINE 21 1157 241761713119600 2142200
LATENCY 2155800
TIMELINE 21 1173 241761747624200 2155800
LATENCY 7673100
TIMELINE 21 1189 241761783869700 7673100
LATENCY 2248200
TIMELINE 21 1205 241761824919000 2248200
LATENCY 2345300
TIMELINE 21 1221 241761863811700 2345300
LATENCY 3036000
TIMELINE 21 1237 241761905865200 3036000
LATENCY 2996600
TIMELINE 21 1253 241761950768000 2996600
LATENCY 2671000
TIMELINE 21 1269 241761994626400 2671000
LATENCY 2811100
TIMELINE 21 1285 241762045446600 2811100
LATENCY 2897100
TIMELINE 21 1301 241762091051400 2897100
LATENCY 3073700
TIMELINE 21 1317 241762139785700 3073700
LATENCY 3043300
TIMELINE 21 1333 241762194488600 3043300
LATENCY 2845800
TIMELINE 21 1349 241762241216600 2845800
LATENCY 2955600
TIMELINE 21 1365 241762287074100 2955600
LATENCY 2619600
TIMELINE 21 1381 241762333031400 2619600
LATENCY 3023900
TIMELINE 21 1397 241762379835000 3023900
LATENCY 2713800
TIMELINE 21 1413 241762425747400 2713800
LATENCY 2698000
TIMELINE 21 1429 241762468358100 2698000
LATENCY 2773400
TIMELINE 21 1445 241762513925900 2773400
LATENCY 2790500
TIMELINE 21 1461 241762563879400 2790500
LATENCY 3056600
TIMELINE 21 1477 241762611904200 3056600
LATENCY 2895800
TIMELINE 21 1493 241762659242600 2895800
LATENCY 3105900
TIMELINE 21 1509 241762704867900 3105900
LATENCY 2841000
TIMELINE 21 1525 241762750985400 2841000
LATENCY 2942500
TIMELINE 21 1541 241762796776800 2942500
LATENCY 2740500
TIMELINE 21 1557 241762842021900 2740500
LATENCY 2664400
TIMELINE 21 1573 241762887857500 2664400
LATENCY 2592300
TIMELINE 21 1589 241762934285100 2592300
LATENCY 2801000
TIMELINE 21 1605 241762988932000 2801000
LATENCY 2746600
TIMELINE 21 1621 241763033281100 2746600
LATENCY 2742500
TIMELINE 21 1637 241763077455500 2742500
LATENCY 2577100
TIMELINE 21 1653 241763123378400 2577100
LATENCY 2568100
TIMELINE 21 1669 241763164834800 2568100
LATENCY 2983400
TIMELINE 21 1685 241763210093500 2983400
LATENCY 2735300
TIMELINE 21 1701 241763257580000 2735300
LATENCY 2725100
TIMELINE 21 1717 241763301349200 2725100
LATENCY 2685400
TIMELINE 21 1733 241763351332200 2685400
LATENCY 2747900
TIMELINE 21 1749 241763396753800 2747900
LATENCY 2754400
TIMELINE 21 1765 241763440994700 2754400
LATENCY 2778500
TIMELINE 21 1781 241763486762000 2778500
LATENCY 2722600
TIMELINE 21 1797 241763532373600 2722600
LATENCY 2697100
TIMELINE 21 1813 241763581396200 2697100
LATENCY 2653300
TIMELINE 21 1829 241763624893300 2653300
LATENCY 2767300
TIMELINE 21 1845 241763668162600 2767300
LATENCY 3026900
TIMELINE 21 1861 241763722509700 3026900
LATENCY 2719500
TIMELINE 21 1877 241763770262300 2719500
LATENCY 2592000
TIMELINE 21 1893 241763814649500 2592000
LATENCY 2580700
TIMELINE 21 1909 241763856698400 2580700
LATENCY 3039300
TIMELINE 21 1925 241763903580000 3039300
LATENCY 2653300
TIMELINE 21 1941 241763949524500 2653300
LATENCY 3053000
TIMELINE 21 1957 241763995486300 3053000
LATENCY 2764800
TIMELINE 21 1973 241764041025600 2764800
LATENCY 2781300
TIMELINE 21 1989 241764088598500 2781300
LATENCY 2722200
TIMELINE 21 2005 241764139923100 2722200
LATENCY 3087500
TIMELINE 21 2021 241764189680400 3087500
LATENCY 2800100
TIMELINE 21 2037 241764234789000 2800100
LATENCY 2770600
TIMELINE 22 6 241759022650700 2770600
LATENCY 2219200
TIMELINE 22 22 241759060543500 2219200
LATENCY 2201500
TIMELINE 22 38 241759095464500 2201500
LATENCY 2131300
TIMELINE 22 54 241759130695100 2131300
LATENCY 2119500
TIMELINE 22 70 241759165158200 2119500
LATENCY 2271600
TIMELINE 22 86 241759202002900 2271600
LATENCY 2111100
TIMELINE 22 102 241759236823100 2111100
LATENCY 2276800
TIMELINE 22 118 241759273885500 2276800
LATENCY 2230400
TIMELINE 22 134 241759328594700 2230400
LATENCY 2117300
TIMELINE 22 150 241759363322700 2117300
LATENCY 2296600
TIMELINE 22 166 241759399594500 2296600
LATENCY 2169200
TIMELINE 22 182 241759435507600 2169200
LATENCY 2063600
TIMELINE 22 198 241759470471400 2063600
LATENCY 2334300
TIMELINE 22 214 241759506486600 2334300
LATENCY 2257200
TIMELINE 22 230 241759542914300 2257200
LATENCY 2356300
TIMELINE 22 246 241759578594600 2356300
LATENCY 2162900
TIMELINE 22 262 241759632543900 2162900
LATENCY 2137700
TIMELINE 22 278 241759666726300 2137700
LATENCY 2173200
TIMELINE 22 294 241759701451600 2173200
LATENCY 2333600
TIMELINE 22 310 241759736371200 2333600
LATENCY 2306800
TIMELINE 22 326 241759772181200 2306800
LATENCY 2326500
TIMELINE 22 342 241759809712200 2326500
LATENCY 2221200
TIMELINE 22 358 241759846169200 2221200
LATENCY 2118200
TIMELINE 22 374 241759882223000 2118200
LATENCY 2169300
TIMELINE 22 390 241759935475600 2169300
LATENCY 2090700
TIMELINE 22 406 241759970926900 2090700
LATENCY 2235800
TIMELINE 22 422 241760012616800 2235800
LATENCY 2104000
TIMELINE 22 438 241760047751500 2104000
LATENCY 2257200
TIMELINE 22 454 241760083119500 2257200
LATENCY 2149200
TIMELINE 22 470 241760118359700 2149200
LATENCY 2088000
TIMELINE 22 486 241760153010200 2088000
LATENCY 2162900
TIMELINE 22 502 241760188631700 2162900
LATENCY 2223600
TIMELINE 22 518 241760225350300 2223600
LATENCY 2138500
TIMELINE 22 534 241760279744900 2138500
LATENCY 2129500
TIMELINE 22 550 241760313983500 2129500
LATENCY 2197500
TIMELINE 22 566 241760348959700 2197500
LATENCY 2174200
TIMELINE 22 582 241760384280800 2174200
LATENCY 2379400
TIMELINE 22 598 241760419644500 2379400
LATENCY 2153500
TIMELINE 22 614 241760454834900 2153500
LATENCY 2171600
TIMELINE 22 630 241760488955800 2171600
LATENCY 2130700
TIMELINE 22 646 241760523329300 2130700
LATENCY 2192900
TIMELINE 22 662 241760576548200 2192900
LATENCY 2183200
TIMELINE 22 678 241760611843300 2183200
LATENCY 2217800
TIMELINE 22 694 241760647545200 2217800
LATENCY 2191600
TIMELINE 22 710 241760682281700 2191600
LATENCY 2110900
TIMELINE 22 726 241760716706200 2110900
LATENCY 2115000
TIMELINE 22 742 241760751902300 2115000
LATENCY 2104800
TIMELINE 22 758 241760786164200 2104800
LATENCY 2596700
TIMELINE 22 774 241760820409200 2596700
LATENCY 2197800
TIMELINE 22 790 241760875508900 2197800
LATENCY 2169000
TIMELINE 22 806 241760910579800 2169000
LATENCY 2307900
TIMELINE 22 822 241760945366700 2307900
LATENCY 2100000
TIMELINE 22 838 241760980189600 2100000
LATENCY 2301000
TIMELINE 22 854 241761016076900 2301000
LATENCY 2157200
TIMELINE 22 870 241761051616100 2157200
LATENCY 2135600
TIMELINE 22 886 241761086905200 2135600
LATENCY 2186700
TIMELINE 22 902 241761122545600 2186700
LATENCY 2100800
TIMELINE 22 918 241761157510200 2100800
LATENCY 2152300
TIMELINE 22 934 241761213023100 2152300
LATENCY 2159800
TIMELINE 22 950 241761247752000 2159800
LATENCY 2126400
TIMELINE 22 966 241761281971200 2126400
LATENCY 2108300
TIMELINE 22 982 241761316053500 2108300
LATENCY 2263700
TIMELINE 22 998 241761351892700 2263700
LATENCY 2186900
TIMELINE 22 1014 241761386836400 2186900
LATENCY 2183200
TIMELINE 22 1030 241761421167100 2183200
LATENCY 2222900
TIMELINE 22 1046 241761458424300 2222900
LATENCY 2134100
TIMELINE 22 1062 241761499713600 2134100
LATENCY 2197500
TIMELINE 22 1078 241761535059800 2197500
LATENCY 2560100
TIMELINE 22 1094 241761571938800 2560100
LATENCY 2142600
TIMELINE 22 1110 241761609166500 2142600
LATENCY 2171200
TIMELINE 22 1126 241761643699500 2171200
LATENCY 2166800
TIMELINE 22 1142 241761680759400 2166800
LATENCY 2216400
TIMELINE 22 1158 241761716643300 2216400
LATENCY 2394400
TIMELINE 22 1174 241761751032800 2394400
LATENCY 2255000
TIMELINE 22 1190 241761792742300 2255000
LATENCY 2199900
TIMELINE 22 1206 241761828437600 2199900
LATENCY 2133300
TIMELINE 22 1222 241761867440900 2133300
LATENCY 3057400
TIMELINE 22 1238 241761910544800 3057400
LATENCY 2649300
TIMELINE 22 1254 241761955462800 2649300
LATENCY 2606100
TIMELINE 22 1270 241761998666100 2606100
LATENCY 2796500
TIMELINE 22 1286 241762049729200 2796500
LATENCY 3049500
TIMELINE 22 1302 241762095403300 3049500
LATENCY 2882700
TIMELINE 22 1318 241762144406900 2882700
LATENCY 2959800
TIMELINE 22 1334 241762199110100 2959800
LATENCY 2776500
TIMELINE 22 1350 241762245546000 2776500
LATENCY 2908300
TIMELINE 22 1366 241762291523600 2908300
LATENCY 2778900
TIMELINE 22 1382 241762337008400 2778900
LATENCY 3074700
TIMELINE 22 1398 241762384398400 3074700
LATENCY 2705700
TIMELINE 22 1414 241762429846400 2705700
LATENCY 2672100
TIMELINE 22 1430 241762472458300 2672100
LATENCY 2757700
TIMELINE 22 1446 241762518121200 2757700
LATENCY 2765000
TIMELINE 22 1462 241762568103700 2765000
LATENCY 3078900
TIMELINE 22 1478 241762616513600 3078900
LATENCY 2810800
TIMELINE 22 1494 241762663648000 2810800
LATENCY 3058700
TIMELINE 22 1510 241762709602300 3058700
LATENCY 2817500
TIMELINE 22 1526 241762755305600 2817500
LATENCY 2772800
TIMELINE 22 1542 241762801209700 2772800
LATENCY 2943600
TIMELINE 22 1558 241762846170800 2943600
LATENCY 2645700
TIMELINE 22 1574 241762891983300 2645700
LATENCY 2798400
TIMELINE 22 1590 241762944169900 2798400
LATENCY 2767700
TIMELINE 22 1606 241762993198000 2767700
LATENCY 2740100
TIMELINE 22 1622 241763037539300 2740100
LATENCY 2794300
TIMELINE 22 1638 241763081668700 2794300
LATENCY 2595800
TIMELINE 22 1654 241763127323600 2595800
LATENCY 2548600
TIMELINE 22 1670 241763168774500 2548600
LATENCY 2936200
TIMELINE 22 1686 241763214614300 2936200
LATENCY 2704500
TIMELINE 22 1702 241763261768400 2704500
LATENCY 2730900
TIMELINE 22 1718 241763305576000 2730900
LATENCY 2721600
TIMELINE 22 1734 241763355527900 2721600
LATENCY 2734500
TIMELINE 22 1750 241763400983700 2734500
LATENCY 2798600
TIMELINE 22 1766 241763445234900 2798600
LATENCY 3008700
TIMELINE 22 1782 241763491073200 3008700
LATENCY 2718100
TIMELINE 22 1798 241763536603300 2718100
LATENCY 2748700
TIMELINE 22 1814 241763585593400 2748700
LATENCY 2711900
TIMELINE 22 1830 241763629007300 2711900
LATENCY 2711100
TIMELINE 22 1846 241763672518900 2711100
LATENCY 3055600
TIMELINE 22 1862 241763727390000 3055600
LATENCY 2696600
TIMELINE 22 1878 241763774552000 2696600
LATENCY 2827100
TIMELINE 22 1894 241763818812000 2827100
LATENCY 2609300
TIMELINE 22 1910 241763861271300 2609300
LATENCY 3042200
TIMELINE 22 1926 241763908488000 3042200
LATENCY 2774200
TIMELINE 22 1942 241763953834700 2774200
LATENCY 3067500
TIMELINE 22 1958 241764000467300 3067500
LATENCY 2830100
TIMELINE 22 1974 241764045484200 2830100
LATENCY 8601600
TIMELINE 22 1990 241764093054400 8601600
LATENCY 2765600
TIMELINE 22 2006 241764144317400 2765600
LATENCY 2693000
TIMELINE 22 2022 241764194407100 2693000
LATENCY 2765900
TIMELINE 22 2038 241764239293700 2765900
LATENCY 2869300
TIMELINE 23 7 241759025182900 2869300
LATENCY 2179500
TIMELINE 23 23 241759062529900 2179500
LATENCY 2220900
TIMELINE 23 39 241759097413700 2220900
LATENCY 2147500
TIMELINE 23 55 241759132662300 2147500
LATENCY 2327700
TIMELINE 23 71 241759167110100 2327700
LATENCY 2172400
TIMELINE 23 87 241759203952700 2172400
LATENCY 2157600
TIMELINE 23 103 241759238626600 2157600
LATENCY 2242200
TIMELINE 23 119 241759275745500 2242200
LATENCY 2242100
TIMELINE 23 135 241759330400500 2242100
LATENCY 2128700
TIMELINE 23 151 241759365030100 2128700
LATENCY 2372800
TIMELINE 23 167 241759401502900 2372800
LATENCY 2246800
TIMELINE 23 183 241759437020500 2246800
LATENCY 2113900
TIMELINE 23 199 241759471899100 2113900
LATENCY 2396500
TIMELINE 23 215 241759508110000 2396500
LATENCY 2221400
TIMELINE 23 231 241759544549300 2221400
LATENCY 2252200
TIMELINE 23 247 241759580427600 2252200
LATENCY 2148200
TIMELINE 23 263 241759634147400 2148200
LATENCY 2122400
TIMELINE 23 279 241759668263300 2122400
LATENCY 2398500
TIMELINE 23 295 241759703050900 2398500
LATENCY 2186000
TIMELINE 23 311 241759737867100 2186000
LATENCY 2238900
TIMELINE 23 327 241759773663300 2238900
LATENCY 2379200
TIMELINE 23 343 241759810848500 2379200
LATENCY 2233000
TIMELINE 23 359 241759847408000 2233000
LATENCY 2149800
TIMELINE 23 375 241759883421300 2149800
LATENCY 2279200
TIMELINE 23 391 241759936741700 2279200
LATENCY 2119300
TIMELINE 23 407 241759972085800 2119300
LATENCY 2241100
TIMELINE 23 423 241760013794600 2241100
LATENCY 2131000
TIMELINE 23 439 241760048856000 2131000
LATENCY 2224400
TIMELINE 23 455 241760084403400 2224400
LATENCY 2183400
TIMELINE 23 471 241760119551700 2183400
LATENCY 2102800
TIMELINE 23 487 241760153750500 2102800
LATENCY 2204500
TIMELINE 23 503 241760189413600 2204500
LATENCY 2212000
TIMELINE 23 519 241760226185600 2212000
LATENCY 2144800
TIMELINE 23 535 241760280245400 2144800
LATENCY 2133100
TIMELINE 23 551 241760314470500 2133100
LATENCY 2207200
TIMELINE 23 567 241760349637900 2207200
LATENCY 2183600
TIMELINE 23 583 241760385091200 2183600
LATENCY 2386300
TIMELINE 23 599 241760420302300 2386300
LATENCY 2154700
TIMELINE 23 615 241760455377700 2154700
LATENCY 2135600
TIMELINE 23 631 241760489557200 2135600
LATENCY 2091400
TIMELINE 23 647 241760523894400 2091400
LATENCY 2199500
TIMELINE 23 663 241760577075400 2199500
LATENCY 2198900
TIMELINE 23 679 241760612489000 2198900
LATENCY 2221700
TIMELINE 23 695 241760648066600 2221700
LATENCY 2197500
TIMELINE 23 711 241760682754100 2197500
LATENCY 2130800
TIMELINE 23 727 241760717155200 2130800
LATENCY 2115200
TIMELINE 23 743 241760752338800 2115200
LATENCY 2102200
TIMELINE 23 759 241760786594500 2102200
LATENCY 2495300
TIMELINE 23 775 241760821061800 2495300
LATENCY 2185600
TIMELINE 23 791 241760875895300 2185600
LATENCY 2161200
TIMELINE 23 807 241760911162500 2161200
LATENCY 2297700
TIMELINE 23 823 241760946000700 2297700
LATENCY 2093700
TIMELINE 23 839 241760980730300 2093700
LATENCY 2270400
TIMELINE 23 855 241761016626600 2270400
LATENCY 2214400
TIMELINE 23 871 241761052224000 2214400
LATENCY 2182900
TIMELINE 23 887 241761087420100 2182900
LATENCY 2196600
TIMELINE 23 903 241761123187000 2196600
LATENCY 2110300
TIMELINE 23 919 241761158179400 2110300
LATENCY 2162000
TIMELINE 23 935 241761213746400 2162000
LATENCY 2143700
TIMELINE 23 951 241761248490000 2143700
LATENCY 2106300
TIMELINE 23 967 241761282714700 2106300
LATENCY 2114900
TIMELINE 23 983 241761316775600 2114900
LATENCY 2263200
TIMELINE 23 999 241761352666900 2263200
LATENCY 2199700
TIMELINE 23 1015 241761387615700 2199700
LATENCY 2190300
TIMELINE 23 1031 241761421956100 2190300
LATENCY 2157600
TIMELINE 23 1047 241761458875300 2157600
LATENCY 2133400
TIMELINE 23 1063 241761500085500 2133400
LATENCY 2225300
TIMELINE 23 1079 241761535381700 2225300
LATENCY 2668200
TIMELINE 23 1095 241761572492900 2668200
LATENCY 2148500
TIMELINE 23 1111 241761609794500 2148500
LATENCY 2167200
TIMELINE 23 1127 241761644341200 2167200
LATENCY 2171100
TIMELINE 23 1143 241761681325000 2171100
LATENCY 2196900
TIMELINE 23 1159 241761717069900 2196900
LATENCY 2386500
TIMELINE 23 1175 241761751520100 2386500
LATENCY 2358000
TIMELINE 23 1191 241761793235800 2358000
LATENCY 2206000
TIMELINE 23 1207 241761829030000 2206000
LATENCY 2148400
TIMELINE 23 1223 241761868047600 2148400
LATENCY 3056800
TIMELINE 23 1239 241761911449900 3056800
LATENCY 2561900
TIMELINE 23 1255 241761956419000 2561900
LATENCY 2603500
TIMELINE 23 1271 241761999416200 2603500
LATENCY 2746300
TIMELINE 23 1287 241762050592500 2746300
LATENCY 3052100
TIMELINE 23 1303 241762096301500 3052100
LATENCY 2850600
TIMELINE 23 1319 241762145324900 2850600
LATENCY 2862600
TIMELINE 23 1335 241762200052600 2862600
LATENCY 2810300
TIMELINE 23 1351 241762246404600 2810300
LATENCY 2899900
TIMELINE 23 1367 241762292438400 2899900
LATENCY 2930500
TIMELINE 23 1383 241762337799800 2930500
LATENCY 3240900
TIMELINE 23 1399 241762385333800 3240900
LATENCY 2700300
TIMELINE 23 1415 241762430607800 2700300
LATENCY 2770200
TIMELINE 23 1431 241762473242700 2770200
LATENCY 2755100
TIMELINE 23 1447 241762518932600 2755100
LATENCY 2834500
TIMELINE 23 1463 241762568908700 2834500
LATENCY 3087700
TIMELINE 23 1479 241762617415700 3087700
LATENCY 2805200
TIMELINE 23 1495 241762664434300 2805200
LATENCY 3045700
TIMELINE 23 1511 241762710463400 3045700
LATENCY 2821400
TIMELINE 23 1527 241762756090400 2821400
LATENCY 2789000
TIMELINE 23 1543 241762801984300 2789000
LATENCY 2967600
TIMELINE 23 1559 241762846901800 2967600
LATENCY 2720500
TIMELINE 23 1575 241762892561100 2720500
LATENCY 2809900
TIMELINE 23 1591 241762944820800 2809900
LATENCY 2759500
TIMELINE 23 1607 241762993864300 2759500
LATENCY 2756500
TIMELINE 23 1623 241763038178600 2756500
LATENCY 2834400
TIMELINE 23 1639 241763082285000 2834400
LATENCY 2620900
TIMELINE 23 1655 241763127917500 2620900
LATENCY 2532800
TIMELINE 23 1671 241763169382000 2532800
LATENCY 2940900
TIMELINE 23 1687 241763215366500 2940900
LATENCY 2734500
TIMELINE 23 1703 241763262429300 2734500
LATENCY 2734500
TIMELINE 23 1719 241763306267200 2734500
LATENCY 2727200
TIMELINE 23 1735 241763356177200 2727200
LATENCY 2734000
TIMELINE 23 1751 241763401647000 2734000
LATENCY 2795300
TIMELINE 23 1767 241763445844900 2795300
LATENCY 3191600
TIMELINE 23 1783 241763491907300 3191600
LATENCY 2729200
TIMELINE 23 1799 241763537431100 2729200
LATENCY 2737300
TIMELINE 23 1815 241763586441600 2737300
LATENCY 2672900
TIMELINE 23 1831 241763629899000 2672900
LATENCY 2702000
TIMELINE 23 1847 241763673335000 2702000
LATENCY 3069400
TIMELINE 23 1863 241763728131700 3069400
LATENCY 2724900
TIMELINE 23 1879 241763775235000 2724900
LATENCY 2963400
TIMELINE 23 1895 241763819468400 2963400
LATENCY 2562000
TIMELINE 23 1911 241763861989100 2562000
LATENCY 3031600
TIMELINE 23 1927 241763909273000 3031600
LATENCY 2692500
TIMELINE 23 1943 241763954633400 2692500
LATENCY 3061400
TIMELINE 23 1959 241764001206700 3061400
LATENCY 2890900
TIMELINE 23 1975 241764046189700 2890900
LATENCY 8681000
TIMELINE 23 1991 241764093728700 8681000
LATENCY 2758400
TIMELINE 23 2007 241764144996200 2758400
LATENCY 2686100
TIMELINE 23 2023 241764195088800 2686100
LATENCY 2783800
TIMELINE 23 2039 241764239965000 2783800
LATENCY 2541600
TIMELINE 24 8 241759028264700 2541600
LATENCY 2154000
TIMELINE 24 24 241759064889000 2154000
LATENCY 2204700
TIMELINE 24 40 241759099849900 2204700
LATENCY 2162500
TIMELINE 24 56 241759134927100 2162500
LATENCY 2205900
TIMELINE 24 72 241759169560700 2205900
LATENCY 2207500
TIMELINE 24 88 241759206279500 2207500
LATENCY 2189500
TIMELINE 24 104 241759240954700 2189500
LATENCY 2172900
TIMELINE 24 120 241759278358900 2172900
LATENCY 2114300
TIMELINE 24 136 241759332960700 2114300
LATENCY 2144300
TIMELINE 24 152 241759367388800 2144300
LATENCY 2334200
TIMELINE 24 168 241759404365300 2334200
LATENCY 2208700
TIMELINE 24 184 241759439807000 2208700
LATENCY 2121100
TIMELINE 24 200 241759474616900 2121100
LATENCY 2366800
TIMELINE 24 216 241759511020700 2366800
LATENCY 2241600
TIMELINE 24 232 241759547253700 2241600
LATENCY 2268700
TIMELINE 24 248 241759583163400 2268700
LATENCY 2103300
TIMELINE 24 264 241759636790400 2103300
LATENCY 2101200
TIMELINE 24 280 241759670960500 2101200
LATENCY 2145100
TIMELINE 24 296 241759706203500 2145100
LATENCY 2235200
TIMELINE 24 312 241759740735300 2235200
LATENCY 2384500
TIMELINE 24 328 241759776581000 2384500
LATENCY 2288100
TIMELINE 24 344 241759814124000 2288100
LATENCY 2233500
TIMELINE 24 360 241759850415200 2233500
LATENCY 2152500
TIMELINE 24 376 241759886347800 2152500
LATENCY 2347400
TIMELINE 24 392 241759939907900 2347400
LATENCY 2100100
TIMELINE 24 408 241759975038200 2100100
LATENCY 2135100
TIMELINE 24 424 241760016853200 2135100
LATENCY 2124700
TIMELINE 24 440 241760051727900 2124700
LATENCY 2170900
TIMELINE 24 456 241760087551500 2170900
LATENCY 2144500
TIMELINE 24 472 241760122656200 2144500
LATENCY 2081500
TIMELINE 24 488 241760156824300 2081500
LATENCY 2154900
TIMELINE 24 504 241760192776900 2154900
LATENCY 2198700
TIMELINE 24 520 241760229559800 2198700
LATENCY 2089300
TIMELINE 24 536 241760283608200 2089300
LATENCY 2368900
TIMELINE 24 552 241760317789900 2368900
LATENCY 2157200
TIMELINE 24 568 241760353185100 2157200
LATENCY 2151600
TIMELINE 24 584 241760388621200 2151600
LATENCY 2263900
TIMELINE 24 600 241760423999500 2263900
LATENCY 2141800
TIMELINE 24 616 241760458821100 2141800
LATENCY 2101900
TIMELINE 24 632 241760492944000 2101900
LATENCY 2141500
TIMELINE 24 648 241760527214400 2141500
LATENCY 2608200
TIMELINE 24 664 241760580425500 2608200
LATENCY 2186000
TIMELINE 24 680 241760616017300 2186000
LATENCY 2242600
TIMELINE 24 696 241760651612200 2242600
LATENCY 2110900
TIMELINE 24 712 241760686185200 2110900
LATENCY 2104600
TIMELINE 24 728 241760720402400 2104600
LATENCY 2193500
TIMELINE 24 744 241760755601900 2193500
LATENCY 2118000
TIMELINE 24 760 241760789844900 2118000
LATENCY 2279700
TIMELINE 24 776 241760824693200 2279700
LATENCY 2429100
TIMELINE 24 792 241760879551000 2429100
LATENCY 2163100
TIMELINE 24 808 241760914572400 2163100
LATENCY 2174800
TIMELINE 24 824 241760949714500 2174800
LATENCY 2106300
TIMELINE 24 840 241760984198300 2106300
LATENCY 2118700
TIMELINE 24 856 241761020035000 2118700
LATENCY 2176300
TIMELINE 24 872 241761055785500 2176300
LATENCY 2214300
TIMELINE 24 888 241761090783100 2214300
LATENCY 2128400
TIMELINE 24 904 241761126634800 2128400
LATENCY 2085200
TIMELINE 24 920 241761161631300 2085200
LATENCY 2169100
TIMELINE 24 936 241761217221800 2169100
LATENCY 2140800
TIMELINE 24 952 241761251987900 2140800
LATENCY 2046200
TIMELINE 24 968 241761286109300 2046200
LATENCY 2315600
TIMELINE 24 984 241761320258200 2315600
LATENCY 2245100
TIMELINE 24 1000 241761356455600 2245100
LATENCY 2172700
TIMELINE 24 1016 241761391328400 2172700
LATENCY 2216400
TIMELINE 24 1032 241761425622200 2216400
LATENCY 2166000
TIMELINE 24 1048 241761462779100 2166000
LATENCY 2245300
TIMELINE 24 1064 241761503831500 2245300
LATENCY 2194300
TIMELINE 24 1080 241761539248200 2194300
LATENCY 2443900
TIMELINE 24 1096 241761576943900 2443900
LATENCY 2147700
TIMELINE 24 1112 241761613467700 2147700
LATENCY 2433200
TIMELINE 24 1128 241761648099500 2433200
LATENCY 2182400
TIMELINE 24 1144 241761685086600 2182400
LATENCY 2164400
TIMELINE 24 1160 241761720986000 2164400
LATENCY 2421800
TIMELINE 24 1176 241761755589300 2421800
LATENCY 2274800
TIMELINE 24 1192 241761797274000 2274800
LATENCY 2290700
TIMELINE 24 1208 241761832943300 2290700
LATENCY 2124600
TIMELINE 24 1224 241761871780400 2124600
LATENCY 2729200
TIMELINE 24 1240 241761916479700 2729200
LATENCY 2659700
TIMELINE 24 1256 241761961006500 2659700
LATENCY 2586800
TIMELINE 24 1272 241762004010600 2586800
LATENCY 2837200
TIMELINE 24 1288 241762055518500 2837200
LATENCY 3041800
TIMELINE 24 1304 241762101697800 3041800
LATENCY 2940300
TIMELINE 24 1320 241762150425600 2940300
LATENCY 2820500
TIMELINE 24 1336 241762205176200 2820500
LATENCY 2829600
TIMELINE 24 1352 241762251378600 2829600
LATENCY 2803700
TIMELINE 24 1368 241762297509600 2803700
LATENCY 3039700
TIMELINE 24 1384 241762343022700 3039700
LATENCY 3033700
TIMELINE 24 1400 241762390892700 3033700
LATENCY 2671900
TIMELINE 24 1416 241762435411100 2671900
LATENCY 2927500
TIMELINE 24 1432 241762478264300 2927500
LATENCY 2805300
TIMELINE 24 1448 241762523791300 2805300
LATENCY 3031200
TIMELINE 24 1464 241762574119100 3031200
LATENCY 3013200
TIMELINE 24 1480 241762622844400 3013200
LATENCY 2790700
TIMELINE 24 1496 241762669343700 2790700
LATENCY 3059100
TIMELINE 24 1512 241762715781100 3059100
LATENCY 2788200
TIMELINE 24 1528 241762760997000 2788200
LATENCY 2948100
TIMELINE 24 1544 241762806861100 2948100
LATENCY 3420900
TIMELINE 24 1560 241762852027000 3420900
LATENCY 2943600
TIMELINE 24 1576 241762897514400 2943600
LATENCY 2765700
TIMELINE 24 1592 241762949735500 2765700
LATENCY 2819000
TIMELINE 24 1608 241762998679800 2819000
LATENCY 2707700
TIMELINE 24 1624 241763042999700 2707700
LATENCY 2750000
TIMELINE 24 1640 241763087165200 2750000
LATENCY 2578700
TIMELINE 24 1656 241763132497000 2578700
LATENCY 2549400
TIMELINE 24 1672 241763173859000 2549400
LATENCY 2927600
TIMELINE 24 1688 241763220504600 2927600
LATENCY 2703300
TIMELINE 24 1704 241763267185800 2703300
LATENCY 2701100
TIMELINE 24 1720 241763311050200 2701100
LATENCY 2732800
TIMELINE 24 1736 241763360884700 2732800
LATENCY 2735100
TIMELINE 24 1752 241763406366400 2735100
LATENCY 2726700
TIMELINE 24 1768 241763450646600 2726700
LATENCY 2533000
TIMELINE 24 1784 241763498634500 2533000
LATENCY 2764500
TIMELINE 24 1800 241763541941700 2764500
LATENCY 2723400
TIMELINE 24 1816 241763591003200 2723400
LATENCY 2642700
TIMELINE 24 1832 241763634336200 2642700
LATENCY 2652100
TIMELINE 24 1848 241763677768000 2652100
LATENCY 3027500
TIMELINE 24 1864 241763733260900 3027500
LATENCY 2749600
TIMELINE 24 1880 241763779812200 2749600
LATENCY 2600200
TIMELINE 24 1896 241763824224200 2600200
LATENCY 4129300
TIMELINE 24 1912 241763866441800 4129300
LATENCY 3031000
TIMELINE 24 1928 241763914419500 3031000
LATENCY 2729000
TIMELINE 24 1944 241763959238300 2729000
LATENCY 3089000
TIMELINE 24 1960 241764006399000 3089000
LATENCY 3029800
TIMELINE 24 1976 241764051192100 3029800
LATENCY 3034700
TIMELINE 24 1992 241764104506600 3034700
LATENCY 3009400
TIMELINE 24 2008 241764149646900 3009400
LATENCY 2742500
TIMELINE 24 2024 241764199637500 2742500
LATENCY 2769000
TIMELINE 24 2040 241764244691100 2769000
LATENCY 2306200
TIMELINE 25 9 241759030717000 2306200
LATENCY 2154600
TIMELINE 25 25 241759066923400 2154600
LATENCY 2214600
TIMELINE 25 41 241759101906300 2214600
LATENCY 2151000
TIMELINE 25 57 241759137033800 2151000
LATENCY 2268600
TIMELINE 25 73 241759171711100 2268600
LATENCY 2196700
TIMELINE 25 89 241759208455600 2196700
LATENCY 2216300
TIMELINE 25 105 241759243116500 2216300
LATENCY 2189200
TIMELINE 25 121 241759280682400 2189200
LATENCY 2099200
TIMELINE 25 137 241759335270400 2099200
LATENCY 2088000
TIMELINE 25 153 241759369681600 2088000
LATENCY 2285000
TIMELINE 25 169 241759406543300 2285000
LATENCY 2242000
TIMELINE 25 185 241759441787100 2242000
LATENCY 2108900
TIMELINE 25 201 241759476502100 2108900
LATENCY 2389500
TIMELINE 25 217 241759513095300 2389500
LATENCY 2265800
TIMELINE 25 233 241759549211600 2265800
LATENCY 2225500
TIMELINE 25 249 241759585073800 2225500
LATENCY 2124500
TIMELINE 25 265 241759638464000 2124500
LATENCY 2147900
TIMELINE 25 281 241759672601000 2147900
LATENCY 2315900
TIMELINE 25 297 241759708407500 2315900
LATENCY 2168100
TIMELINE 25 313 241759743144600 2168100
LATENCY 2610800
TIMELINE 25 329 241759779190500 2610800
LATENCY 2297600
TIMELINE 25 345 241759816513300 2297600
LATENCY 2233700
TIMELINE 25 361 241759852807500 2233700
LATENCY 2181000
TIMELINE 25 377 241759888619000 2181000
LATENCY 2216000
TIMELINE 25 393 241759942331700 2216000
LATENCY 4353800
TIMELINE 25 409 241759977457900 4353800
LATENCY 2176500
TIMELINE 25 425 241760019114500 2176500
LATENCY 2118600
TIMELINE 25 441 241760053971900 2118600
LATENCY 2186300
TIMELINE 25 457 241760089755400 2186300
LATENCY 2128600
TIMELINE 25 473 241760124717000 2128600
LATENCY 2157200
TIMELINE 25 489 241760158787200 2157200
LATENCY 2137500
TIMELINE 25 505 241760194585200 2137500
LATENCY 2194500
TIMELINE 25 521 241760231380500 2194500
LATENCY 2123300
TIMELINE 25 537 241760285397800 2123300
LATENCY 2422500
TIMELINE 25 553 241760319769100 2422500
LATENCY 2176900
TIMELINE 25 569 241760354750500 2176900
LATENCY 2177000
TIMELINE 25 585 241760390249700 2177000
LATENCY 2215600
TIMELINE 25 601 241760425794400 2215600
LATENCY 2130600
TIMELINE 25 617 241760460522500 2130600
LATENCY 2150100
TIMELINE 25 633 241760494614500 2150100
LATENCY 2121300
TIMELINE 25 649 241760528925400 2121300
LATENCY 2282100
TIMELINE 25 665 241760582548900 2282100
LATENCY 2182500
TIMELINE 25 681 241760617880800 2182500
LATENCY 2208200
TIMELINE 25 697 241760653524800 2208200
LATENCY 2138900
TIMELINE 25 713 241760688124300 2138900
LATENCY 2108500
TIMELINE 25 729 241760722367900 2108500
LATENCY 2211500
TIMELINE 25 745 241760757589900 2211500
LATENCY 2085300
TIMELINE 25 761 241760791759900 2085300
LATENCY 2265500
TIMELINE 25 777 241760826830900 2265500
LATENCY 2145700
TIMELINE 25 793 241760881818900 2145700
LATENCY 2226300
TIMELINE 25 809 241760916590200 2226300
LATENCY 2161600
TIMELINE 25 825 241760951753100 2161600
LATENCY 2126700
TIMELINE 25 841 241760986110700 2126700
LATENCY 2120500
TIMELINE 25 857 241761022306000 2120500
LATENCY 2308700
TIMELINE 25 873 241761057897900 2308700
LATENCY 2457200
TIMELINE 25 889 241761093030900 2457200
LATENCY 2167800
TIMELINE 25 905 241761128797100 2167800
LATENCY 2131900
TIMELINE 25 921 241761163578000 2131900
LATENCY 2551100
TIMELINE 25 937 241761219208500 2551100
LATENCY 2099700
TIMELINE 25 953 241761253961400 2099700
LATENCY 2162300
TIMELINE 25 969 241761287983300 2162300
LATENCY 2245600
TIMELINE 25 985 241761322406600 2245600
LATENCY 2188500
TIMELINE 25 1001 241761358405700 2188500
LATENCY 2163100
TIMELINE 25 1017 241761393198600 2163100
LATENCY 3257600
TIMELINE 25 1033 241761427487500 3257600
LATENCY 2206400
TIMELINE 25 1049 241761465211600 2206400
LATENCY 2425900
TIMELINE 25 1065 241761506396600 2425900
LATENCY 2173600
TIMELINE 25 1081 241761541776100 2173600
LATENCY 2192500
TIMELINE 25 1097 241761579676700 2192500
LATENCY 2151200
TIMELINE 25 1113 241761615840300 2151200
LATENCY 2463700
TIMELINE 25 1129 241761650752000 2463700
LATENCY 2295100
TIMELINE 25 1145 241761687427200 2295100
LATENCY 2138500
TIMELINE 25 1161 241761723498800 2138500
LATENCY 2437500
TIMELINE 25 1177 241761758193600 2437500
LATENCY 2200200
TIMELINE 25 1193 241761800124100 2200200
LATENCY 2148900
TIMELINE 25 1209 241761835749100 2148900
LATENCY 2113500
TIMELINE 25 1225 241761874424800 2113500
LATENCY 2711400
TIMELINE 25 1241 241761919880400 2711400
LATENCY 2611600
TIMELINE 25 1257 241761964317200 2611600
LATENCY 7609000
TIMELINE 25 1273 241762007128200 7609000
LATENCY 2838800
TIMELINE 25 1289 241762058929100 2838800
LATENCY 3054100
TIMELINE 25 1305 241762105380200 3054100
LATENCY 2839700
TIMELINE 25 1321 241762153941000 2839700
LATENCY 2814800
TIMELINE 25 1337 241762208654800 2814800
LATENCY 2852400
TIMELINE 25 1353 241762254760700 2852400
LATENCY 2782700
TIMELINE 25 1369 241762300863900 2782700
LATENCY 2951600
TIMELINE 25 1385 241762346656200 2951600
LATENCY 2981900
TIMELINE 25 1401 241762394524000 2981900
LATENCY 2749500
TIMELINE 25 1417 241762438119700 2749500
LATENCY 3000900
TIMELINE 25 1433 241762481242700 3000900
LATENCY 2794700
TIMELINE 25 1449 241762526640900 2794700
LATENCY 3032800
TIMELINE 25 1465 241762577194400 3032800
LATENCY 3056500
TIMELINE 25 1481 241762625948000 3056500
LATENCY 2949100
TIMELINE 25 1497 241762672253900 2949100
LATENCY 3018500
TIMELINE 25 1513 241762718973100 3018500
LATENCY 2776300
TIMELINE 25 1529 241762763905100 2776300
LATENCY 2895900
TIMELINE 25 1545 241762809955200 2895900
LATENCY 3182800
TIMELINE 25 1561 241762855728800 3182800
LATENCY 2971300
TIMELINE 25 1577 241762900624900 2971300
LATENCY 2791100
TIMELINE 25 1593 241762952655000 2791100
LATENCY 2767100
TIMELINE 25 1609 241763001667700 2767100
LATENCY 2714900
TIMELINE 25 1625 241763045867400 2714900
LATENCY 2770200
TIMELINE 25 1641 241763090072400 2770200
LATENCY 2585600
TIMELINE 25 1657 241763135219300 2585600
LATENCY 2667600
TIMELINE 25 1673 241763176582300 2667600
LATENCY 2961500
TIMELINE 25 1689 241763223599700 2961500
LATENCY 2745800
TIMELINE 25 1705 241763270035300 2745800
LATENCY 2776300
TIMELINE 25 1721 241763313907100 2776300
LATENCY 2751200
TIMELINE 25 1737 241763363808600 2751200
LATENCY 2753100
TIMELINE 25 1753 241763409329100 2753100
LATENCY 2767300
TIMELINE 25 1769 241763453601200 2767300
LATENCY 2619600
TIMELINE 25 1785 241763501425200 2619600
LATENCY 4199800
TIMELINE 25 1801 241763544985300 4199800
LATENCY 2723200
TIMELINE 25 1817 241763593956800 2723200
LATENCY 2813800
TIMELINE 25 1833 241763637199200 2813800
LATENCY 2685900
TIMELINE 25 1849 241763680655300 2685900
LATENCY 3052700
TIMELINE 25 1865 241763736549300 3052700
LATENCY 2708900
TIMELINE 25 1881 241763782784700 2708900
LATENCY 2603800
TIMELINE 25 1897 241763827037200 2603800
LATENCY 3059300
TIMELINE 25 1913 241763870819200 3059300
LATENCY 3030600
TIMELINE 25 1929 241763917672800 3030600
LATENCY 2801900
TIMELINE 25 1945 241763962071200 2801900
LATENCY 2803100
TIMELINE 25 1961 241764009614800 2803100
LATENCY 3053900
TIMELINE 25 1977 241764054318500 3053900
LATENCY 3041100
TIMELINE 25 1993 241764107636300 3041100
LATENCY 3040800
TIMELINE 25 2009 241764152793400 3040800
LATENCY 2735000
TIMELINE 25 2025 241764202456500 2735000
LATENCY 2758000
TIMELINE 25 2041 241764247539500 2758000
LATENCY 2254900
TIMELINE 26 10 241759033061500 2254900
LATENCY 2166200
TIMELINE 26 26 241759069110500 2166200
LATENCY 2225200
TIMELINE 26 42 241759104185500 2225200
LATENCY 2146800
TIMELINE 26 58 241759139100800 2146800
LATENCY 2125400
TIMELINE 26 74 241759173894800 2125400
LATENCY 2172800
TIMELINE 26 90 241759210621500 2172800
LATENCY 2306100
TIMELINE 26 106 241759245285900 2306100
LATENCY 2170200
TIMELINE 26 122 241759282479500 2170200
LATENCY 2147400
TIMELINE 26 138 241759336946500 2147400
LATENCY 2089800
TIMELINE 26 154 241759371461400 2089800
LATENCY 2386900
TIMELINE 26 170 241759408603000 2386900
LATENCY 2243000
TIMELINE 26 186 241759443972000 2243000
LATENCY 2134900
TIMELINE 26 202 241759478522400 2134900
LATENCY 2350500
TIMELINE 26 218 241759515454500 2350500
LATENCY 2157100
TIMELINE 26 234 241759551448100 2157100
LATENCY 2284900
TIMELINE 26 250 241759587524400 2284900
LATENCY 2154400
TIMELINE 26 266 241759641058700 2154400
LATENCY 2126000
TIMELINE 26 282 241759675195200 2126000
LATENCY 2166300
TIMELINE 26 298 241759710015000 2166300
LATENCY 2170300
TIMELINE 26 314 241759744561200 2170300
LATENCY 2513900
TIMELINE 26 330 241759780686000 2513900
LATENCY 2254500
TIMELINE 26 346 241759818046500 2254500
LATENCY 2207000
TIMELINE 26 362 241759854297600 2207000
LATENCY 2174500
TIMELINE 26 378 241759889986400 2174500
LATENCY 2282300
TIMELINE 26 394 241759943770400 2282300
LATENCY 5093900
TIMELINE 26 410 241759979680800 5093900
LATENCY 2160100
TIMELINE 26 426 241760020540600 2160100
LATENCY 2243800
TIMELINE 26 442 241760055304200 2243800
LATENCY 2173200
TIMELINE 26 458 241760091216500 2173200
LATENCY 2090700
TIMELINE 26 474 241760126175900 2090700
LATENCY 2124800
TIMELINE 26 490 241760160240200 2124800
LATENCY 2141000
TIMELINE 26 506 241760196068000 2141000
LATENCY 21207300
TIMELINE 26 522 241760232833500 21207300
LATENCY 2105500
TIMELINE 26 538 241760286792100 2105500
LATENCY 2280500
TIMELINE 26 554 241760321525300 2280500
LATENCY 2129000
TIMELINE 26 570 241760356250600 2129000
LATENCY 2142700
TIMELINE 26 586 241760391732200 2142700
LATENCY 2293800
TIMELINE 26 602 241760427444300 2293800
LATENCY 2111000
TIMELINE 26 618 241760462114500 2111000
LATENCY 2128000
TIMELINE 26 634 241760496211300 2128000
LATENCY 2108400
TIMELINE 26 650 241760530517700 2108400
LATENCY 2186300
TIMELINE 26 666 241760584090300 2186300
LATENCY 2200000
TIMELINE 26 682 241760619309600 2200000
LATENCY 2185000
TIMELINE 26 698 241760654988700 2185000
LATENCY 2156300
TIMELINE 26 714 241760689471600 2156300
LATENCY 2329700
TIMELINE 26 730 241760723832100 2329700
LATENCY 2101100
TIMELINE 26 746 241760759379800 2101100
LATENCY 2112800
TIMELINE 26 762 241760793407500 2112800
LATENCY 2184000
TIMELINE 26 778 241760828577500 2184000
LATENCY 2072400
TIMELINE 26 794 241760883373600 2072400
LATENCY 2169600
TIMELINE 26 810 241760918185300 2169600
LATENCY 2127700
TIMELINE 26 826 241760953193700 2127700
LATENCY 2144700
TIMELINE 26 842 241760987511400 2144700
LATENCY 2109800
TIMELINE 26 858 241761023920200 2109800
LATENCY 2277300
TIMELINE 26 874 241761059647500 2277300
LATENCY 2310300
TIMELINE 26 890 241761094791100 2310300
LATENCY 2248700
TIMELINE 26 906 241761130205400 2248700
LATENCY 21355400
TIMELINE 26 922 241761165136800 21355400
LATENCY 2281500
TIMELINE 26 938 241761221075500 2281500
LATENCY 2103100
TIMELINE 26 954 241761255537900 2103100
LATENCY 2155900
TIMELINE 26 970 241761289589200 2155900
LATENCY 2282200
TIMELINE 26 986 241761324063300 2282200
LATENCY 2129000
TIMELINE 26 1002 241761360048600 2129000
LATENCY 2128200
TIMELINE 26 1018 241761394814600 2128200
LATENCY 2427300
TIMELINE 26 1034 241761429486500 2427300
LATENCY 2195500
TIMELINE 26 1050 241761466123700 2195500
LATENCY 2369600
TIMELINE 26 1066 241761507345400 2369600
LATENCY 2201800
TIMELINE 26 1082 241761542621400 2201800
LATENCY 2424500
TIMELINE 26 1098 241761580590100 2424500
LATENCY 2177100
TIMELINE 26 1114 241761616744200 2177100
LATENCY 2391300
TIMELINE 26 1130 241761651949200 2391300
LATENCY 2272300
TIMELINE 26 1146 241761688454000 2272300
LATENCY 2192600
TIMELINE 26 1162 241761724300500 2192600
LATENCY 2449600
TIMELINE 26 1178 241761759257800 2449600
LATENCY 2209000
TIMELINE 26 1194 241761800965300 2209000
LATENCY 2121800
TIMELINE 26 1210 241761836628500 2121800
LATENCY 2111500
TIMELINE 26 1226 241761875305600 2111500
LATENCY 2692200
TIMELINE 26 1242 241761920969300 2692200
LATENCY 2598300
TIMELINE 26 1258 241761965446500 2598300
LATENCY 7845600
TIMELINE 26 1274 241762008297200 7845600
LATENCY 2868700
TIMELINE 26 1290 241762060280800 2868700
LATENCY 3066800
TIMELINE 26 1306 241762106738700 3066800
LATENCY 2884800
TIMELINE 26 1322 241762155210400 2884800
LATENCY 2850800
TIMELINE 26 1338 241762209924700 2850800
LATENCY 2832000
TIMELINE 26 1354 241762256073100 2832000
LATENCY 2742200
TIMELINE 26 1370 241762302108600 2742200
LATENCY 2867700
TIMELINE 26 1386 241762347988700 2867700
LATENCY 3044400
TIMELINE 26 1402 241762395838200 3044400
LATENCY 2737800
TIMELINE 26 1418 241762439803100 2737800
LATENCY 2990800
TIMELINE 26 1434 241762483066200 2990800
LATENCY 2885200
TIMELINE 26 1450 241762528315200 2885200
LATENCY 3062400
TIMELINE 26 1466 241762578975500 3062400
LATENCY 3054700
TIMELINE 26 1482 241762627747900 3054700
LATENCY 2829800
TIMELINE 26 1498 241762673822000 2829800
LATENCY 2864300
TIMELINE 26 1514 241762720566900 2864300
LATENCY 2792600
TIMELINE 26 1530 241762765319200 2792600
LATENCY 2830600
TIMELINE 26 1546 241762811477900 2830600
LATENCY 3094900
TIMELINE 26 1562 241762857426000 3094900
LATENCY 2969500
TIMELINE 26 1578 241762902164500 2969500
LATENCY 2802100
TIMELINE 26 1594 241762954408900 2802100
LATENCY 2819500
TIMELINE 26 1610 241763003395100 2819500
LATENCY 2715400
TIMELINE 26 1626 241763047576200 2715400
LATENCY 2806600
TIMELINE 26 1642 241763091862600 2806600
LATENCY 2578900
TIMELINE 26 1658 241763136870600 2578900
LATENCY 2982400
TIMELINE 26 1674 241763178223200 2982400
LATENCY 2945200
TIMELINE 26 1690 241763225597200 2945200
LATENCY 2708400
TIMELINE 26 1706 241763271865400 2708400
LATENCY 2771800
TIMELINE 26 1722 241763315759000 2771800
LATENCY 2762900
TIMELINE 26 1738 241763365675400 2762900
LATENCY 2779300
TIMELINE 26 1754 241763411143400 2779300
LATENCY 2756400
TIMELINE 26 1770 241763455466400 2756400
LATENCY 2549800
TIMELINE 26 1786 241763503270100 2549800
LATENCY 3164800
TIMELINE 26 1802 241763548214700 3164800
LATENCY 2756300
TIMELINE 26 1818 241763595943100 2756300
LATENCY 2672600
TIMELINE 26 1834 241763639284300 2672600
LATENCY 2668100
TIMELINE 26 1850 241763682638800 2668100
LATENCY 3097100
TIMELINE 26 1866 241763738792300 3097100
LATENCY 2713200
TIMELINE 26 1882 241763784787000 2713200
LATENCY 2613400
TIMELINE 26 1898 241763828977100 2613400
LATENCY 3015300
TIMELINE 26 1914 241763873067800 3015300
LATENCY 3122000
TIMELINE 26 1930 241763919898500 3122000
LATENCY 2760700
TIMELINE 26 1946 241763964237500 2760700
LATENCY 2556200
TIMELINE 26 1962 241764011646200 2556200
LATENCY 3084100
TIMELINE 26 1978 241764056506500 3084100
LATENCY 3077200
TIMELINE 26 1994 241764109824000 3077200
LATENCY 3040600
TIMELINE 26 2010 241764154984900 3040600
LATENCY 2750300
TIMELINE 26 2026 241764204442500 2750300
LATENCY 2783200
TIMELINE 26 2042 241764249692900 2783200
LATENCY 2242900
TIMELINE 27 11 241759035257800 2242900
LATENCY 2202600
TIMELINE 27 27 241759071311100 2202600
LATENCY 2265400
TIMELINE 27 43 241759106454400 2265400
LATENCY 2146100
TIMELINE 27 59 241759141309600 2146100
LATENCY 2126400
TIMELINE 27 75 241759176144500 2126400
LATENCY 2184700
TIMELINE 27 91 241759212736500 2184700
LATENCY 2449700
TIMELINE 27 107 241759247553900 2449700
LATENCY 2182100
TIMELINE 27 123 241759284619900 2182100
LATENCY 2145600
TIMELINE 27 139 241759339126100 2145600
LATENCY 2332700
TIMELINE 27 155 241759373634500 2332700
LATENCY 2276800
TIMELINE 27 171 241759411132400 2276800
LATENCY 2264900
TIMELINE 27 187 241759446185900 2264900
LATENCY 2106500
TIMELINE 27 203 241759480689700 2106500
LATENCY 2370600
TIMELINE 27 219 241759517934100 2370600
LATENCY 2203600
TIMELINE 27 235 241759553745900 2203600
LATENCY 2266900
TIMELINE 27 251 241759589714400 2266900
LATENCY 2093200
TIMELINE 27 267 241759642919400 2093200
LATENCY 2126000
TIMELINE 27 283 241759677061600 2126000
LATENCY 2140400
TIMELINE 27 299 241759712213000 2140400
LATENCY 2182700
TIMELINE 27 315 241759746862000 2182700
LATENCY 2261300
TIMELINE 27 331 241759783323900 2261300
LATENCY 2261000
TIMELINE 27 347 241759820370200 2261000
LATENCY 2145600
TIMELINE 27 363 241759856571700 2145600
LATENCY 2196500
TIMELINE 27 379 241759892258100 2196500
LATENCY 2113100
TIMELINE 27 395 241759946087200 2113100
LATENCY 3389100
TIMELINE 27 411 241759984841400 3389100
LATENCY 2177000
TIMELINE 27 427 241760022645000 2177000
LATENCY 2218300
TIMELINE 27 443 241760057490600 2218300
LATENCY 2137100
TIMELINE 27 459 241760093336500 2137100
LATENCY 2102200
TIMELINE 27 475 241760128239100 2102200
LATENCY 2112800
TIMELINE 27 491 241760162339200 2112800
LATENCY 2380200
TIMELINE 27 507 241760198037400 2380200
LATENCY 2664900
TIMELINE 27 523 241760253896900 2664900
LATENCY 2170200
TIMELINE 27 539 241760288958600 2170200
LATENCY 2348000
TIMELINE 27 555 241760323766300 2348000
LATENCY 2139700
TIMELINE 27 571 241760358523600 2139700
LATENCY 2136500
TIMELINE 27 587 241760394022800 2136500
LATENCY 2226800
TIMELINE 27 603 241760429681500 2226800
LATENCY 2127000
TIMELINE 27 619 241760464172300 2127000
LATENCY 2142600
TIMELINE 27 635 241760498286600 2142600
LATENCY 2115400
TIMELINE 27 651 241760532566800 2115400
LATENCY 2320800
TIMELINE 27 667 241760586252000 2320800
LATENCY 2200500
TIMELINE 27 683 241760621865700 2200500
LATENCY 2140500
TIMELINE 27 699 241760657483500 2140500
LATENCY 2113700
TIMELINE 27 715 241760691891400 2113700
LATENCY 2229700
TIMELINE 27 731 241760726132600 2229700
LATENCY 2200500
TIMELINE 27 747 241760761451600 2200500
LATENCY 2128500
TIMELINE 27 763 241760795490300 2128500
LATENCY 2164800
TIMELINE 27 779 241760830732400 2164800
LATENCY 2134600
TIMELINE 27 795 241760885231700 2134600
LATENCY 2197000
TIMELINE 27 811 241760920104400 2197000
LATENCY 2163700
TIMELINE 27 827 241760955356000 2163700
LATENCY 2225000
TIMELINE 27 843 241760989716900 2225000
LATENCY 2100800
TIMELINE 27 859 241761025728800 2100800
LATENCY 2392000
TIMELINE 27 875 241761061779900 2392000
LATENCY 2304600
TIMELINE 27 891 241761097018600 2304600
LATENCY 2308700
TIMELINE 27 907 241761132713100 2308700
LATENCY 2716300
TIMELINE 27 923 241761186823200 2716300
LATENCY 2123700
TIMELINE 27 939 241761223503500 2123700
LATENCY 2133300
TIMELINE 27 955 241761257786700 2133300
LATENCY 2140500
TIMELINE 27 971 241761291889600 2140500
LATENCY 2330000
TIMELINE 27 987 241761326551400 2330000
LATENCY 2114700
TIMELINE 27 1003 241761362483300 2114700
LATENCY 2140200
TIMELINE 27 1019 241761397212900 2140200
LATENCY 2362400
TIMELINE 27 1035 241761432182400 2362400
LATENCY 2173500
TIMELINE 27 1051 241761468811900 2173500
LATENCY 2210400
TIMELINE 27 1067 241761510289800 2210400
LATENCY 2257000
TIMELINE 27 1083 241761545369300 2257000
LATENCY 2364300
TIMELINE 27 1099 241761583734000 2364300
LATENCY 2127100
TIMELINE 27 1115 241761619514700 2127100
LATENCY 2273600
TIMELINE 27 1131 241761654942300 2273600
LATENCY 2236400
TIMELINE 27 1147 241761691325100 2236400
LATENCY 2160400
TIMELINE 27 1163 241761727059400 2160400
LATENCY 2351700
TIMELINE 27 1179 241761762292800 2351700
LATENCY 2275600
TIMELINE 27 1195 241761803585400 2275600
LATENCY 2222400
TIMELINE 27 1211 241761839303600 2222400
LATENCY 2106300
TIMELINE 27 1227 241761877931000 2106300
LATENCY 2675700
TIMELINE 27 1243 241761924285500 2675700
LATENCY 2594600
TIMELINE 27 1259 241761968546300 2594600
LATENCY 3094000
TIMELINE 27 1275 241762016787100 3094000
LATENCY 2830800
TIMELINE 27 1291 241762063746500 2830800
LATENCY 3035900
TIMELINE 27 1307 241762110441400 3035900
LATENCY 9518600
TIMELINE 27 1323 241762158728300 9518600
LATENCY 3002700
TIMELINE 27 1339 241762213374500 3002700
LATENCY 2874800
TIMELINE 27 1355 241762259431600 2874800
LATENCY 2865900
TIMELINE 27 1371 241762305623100 2865900
LATENCY 2760600
TIMELINE 27 1387 241762351616300 2760600
LATENCY 2637600
TIMELINE 27 1403 241762399777700 2637600
LATENCY 2680800
TIMELINE 27 1419 241762443298900 2680800
LATENCY 2976800
TIMELINE 27 1435 241762486882100 2976800
LATENCY 2757400
TIMELINE 27 1451 241762531968300 2757400
LATENCY 3001400
TIMELINE 27 1467 241762582865200 3001400
LATENCY 3044400
TIMELINE 27 1483 241762631642400 3044400
LATENCY 2892500
TIMELINE 27 1499 241762677667600 2892500
LATENCY 2794700
TIMELINE 27 1515 241762724452000 2794700
LATENCY 2770000
TIMELINE 27 1531 241762769128700 2770000
LATENCY 2799200
TIMELINE 27 1547 241762815348100 2799200
LATENCY 3688600
TIMELINE 27 1563 241762861871200 3688600
LATENCY 2964700
TIMELINE 27 1579 241762906470900 2964700
LATENCY 3068800
TIMELINE 27 1595 241762958187300 3068800
LATENCY 2816600
TIMELINE 27 1611 241763007182000 2816600
LATENCY 3066200
TIMELINE 27 1627 241763051286500 3066200
LATENCY 2758200
TIMELINE 27 1643 241763095617200 2758200
LATENCY 2579800
TIMELINE 27 1659 241763140298100 2579800
LATENCY 2553300
TIMELINE 27 1675 241763182012400 2553300
LATENCY 2935300
TIMELINE 27 1691 241763229441900 2935300
LATENCY 2745600
TIMELINE 27 1707 241763275408600 2745600
LATENCY 8271200
TIMELINE 27 1723 241763319368500 8271200
LATENCY 3210100
TIMELINE 27 1739 241763369720100 3210100
LATENCY 2950100
TIMELINE 27 1755 241763414720100 2950100
LATENCY 2876700
TIMELINE 27 1771 241763458971000 2876700
LATENCY 2519400
TIMELINE 27 1787 241763506406100 2519400
LATENCY 2749900
TIMELINE 27 1803 241763552018600 2749900
LATENCY 2703200
TIMELINE 27 1819 241763599221100 2703200
LATENCY 2696700
TIMELINE 27 1835 241763642469000 2696700
LATENCY 4782100
TIMELINE 27 1851 241763685916100 4782100
LATENCY 3054400
TIMELINE 27 1867 241763742476400 3054400
LATENCY 2726200
TIMELINE 27 1883 241763788043600 2726200
LATENCY 2615500
TIMELINE 27 1899 241763832092100 2615500
LATENCY 2781700
TIMELINE 27 1915 241763876616900 2781700
LATENCY 2700000
TIMELINE 27 1931 241763923559300 2700000
LATENCY 2930100
TIMELINE 27 1947 241763967494900 2930100
LATENCY 2780700
TIMELINE 27 1963 241764014833500 2780700
LATENCY 3052100
TIMELINE 27 1979 241764060477700 3052100
LATENCY 2681000
TIMELINE 27 1995 241764113685400 2681000
LATENCY 7054500
TIMELINE 27 2011 241764159168100 7054500
LATENCY 2793800
TIMELINE 27 2027 241764207958400 2793800
LATENCY 3173400
TIMELINE 27 2043 241764253250300 3173400
LATENCY 2350300
TIMELINE 28 12 241759037685600 2350300
LATENCY 2134900
TIMELINE 28 28 241759073602300 2134900
LATENCY 2196200
TIMELINE 28 44 241759108862400 2196200
LATENCY 2147300
TIMELINE 28 60 241759143578100 2147300
LATENCY 2259600
TIMELINE 28 76 241759178356200 2259600
LATENCY 2215000
TIMELINE 28 92 241759215133500 2215000
LATENCY 2268000
TIMELINE 28 108 241759250199100 2268000
LATENCY 2223700
TIMELINE 28 124 241759286740800 2223700
LATENCY 2197100
TIMELINE 28 140 241759341158200 2197100
LATENCY 2793700
TIMELINE 28 156 241759375898600 2793700
LATENCY 2191300
TIMELINE 28 172 241759413350100 2191300
LATENCY 2234000
TIMELINE 28 188 241759448571900 2234000
LATENCY 2117400
TIMELINE 28 204 241759482885600 2117400
LATENCY 2255900
TIMELINE 28 220 241759520400300 2255900
LATENCY 2297500
TIMELINE 28 236 241759555923300 2297500
LATENCY 2212400
TIMELINE 28 252 241759592165400 2212400
LATENCY 2108800
TIMELINE 28 268 241759645103000 2108800
LATENCY 2134500
TIMELINE 28 284 241759679280700 2134500
LATENCY 2072500
TIMELINE 28 300 241759714870100 2072500
LATENCY 2210600
TIMELINE 28 316 241759749580000 2210600
LATENCY 2201400
TIMELINE 28 332 241759786160500 2201400
LATENCY 2301600
TIMELINE 28 348 241759823204500 2301600
LATENCY 2214900
TIMELINE 28 364 241759859229300 2214900
LATENCY 2162100
TIMELINE 28 380 241759895043600 2162100
LATENCY 2236600
TIMELINE 28 396 241759948836800 2236600
LATENCY 2278200
TIMELINE 28 412 241759988824500 2278200
LATENCY 2275800
TIMELINE 28 428 241760025447800 2275800
LATENCY 2175700
TIMELINE 28 444 241760060257300 2175700
LATENCY 2120800
TIMELINE 28 460 241760095933700 2120800
LATENCY 2124000
TIMELINE 28 476 241760130829100 2124000
LATENCY 2478800
TIMELINE 28 492 241760164940200 2478800
LATENCY 3392500
TIMELINE 28 508 241760201181600 3392500
LATENCY 2149000
TIMELINE 28 524 241760257182000 2149000
LATENCY 2157800
TIMELINE 28 540 241760291580200 2157800
LATENCY 2128700
TIMELINE 28 556 241760326432700 2128700
LATENCY 2150200
TIMELINE 28 572 241760360945900 2150200
LATENCY 2130700
TIMELINE 28 588 241760396445700 2130700
LATENCY 2254700
TIMELINE 28 604 241760432131000 2254700
LATENCY 2140700
TIMELINE 28 620 241760466536600 2140700
LATENCY 2133400
TIMELINE 28 636 241760500638100 2133400
LATENCY 2136300
TIMELINE 28 652 241760534884700 2136300
LATENCY 2180200
TIMELINE 28 668 241760588813900 2180200
LATENCY 2223000
TIMELINE 28 684 241760624005500 2223000
LATENCY 2090000
TIMELINE 28 700 241760659594800 2090000
LATENCY 2121500
TIMELINE 28 716 241760694039000 2121500
LATENCY 2194100
TIMELINE 28 732 241760728518600 2194100
LATENCY 2136000
TIMELINE 28 748 241760763829500 2136000
LATENCY 2080300
TIMELINE 28 764 241760797804500 2080300
LATENCY 2158000
TIMELINE 28 780 241760833041100 2158000
LATENCY 2177900
TIMELINE 28 796 241760887703800 2177900
LATENCY 2140500
TIMELINE 28 812 241760922686400 2140500
LATENCY 2171500
TIMELINE 28 828 241760957737900 2171500
LATENCY 2184500
TIMELINE 28 844 241760992254500 2184500
LATENCY 2182200
TIMELINE 28 860 241761027798500 2182200
LATENCY 2206100
TIMELINE 28 876 241761064007800 2206100
LATENCY 2289200
TIMELINE 28 892 241761098963100 2289200
LATENCY 2260800
TIMELINE 28 908 241761134379600 2260800
LATENCY 2512300
TIMELINE 28 924 241761188813000 2512300
LATENCY 2115700
TIMELINE 28 940 241761225177500 2115700
LATENCY 2162000
TIMELINE 28 956 241761259460100 2162000
LATENCY 2129900
TIMELINE 28 972 241761293568000 2129900
LATENCY 2260500
TIMELINE 28 988 241761328257600 2260500
LATENCY 2119800
TIMELINE 28 1004 241761364080200 2119800
LATENCY 2155800
TIMELINE 28 1020 241761398825800 2155800
LATENCY 2264400
TIMELINE 28 1036 241761433720600 2264400
LATENCY 2135700
TIMELINE 28 1052 241761470207600 2135700
LATENCY 2193200
TIMELINE 28 1068 241761511750700 2193200
LATENCY 2394900
TIMELINE 28 1084 241761546844700 2394900
LATENCY 2414000
TIMELINE 28 1100 241761585094700 2414000
LATENCY 2115200
TIMELINE 28 1116 241761620665100 2115200
LATENCY 2256000
TIMELINE 28 1132 241761656087700 2256000
LATENCY 2254800
TIMELINE 28 1148 241761692489200 2254800
LATENCY 2167600
TIMELINE 28 1164 241761728101900 2167600
LATENCY 2325800
TIMELINE 28 1180 241761763516700 2325800
LATENCY 2216000
TIMELINE 28 1196 241761804801900 2216000
LATENCY 2204500
TIMELINE 28 1212 241761840539100 2204500
LATENCY 2112100
TIMELINE 28 1228 241761879156900 2112100
LATENCY 2677800
TIMELINE 28 1244 241761925859900 2677800
LATENCY 2632300
TIMELINE 28 1260 241761970041200 2632300
LATENCY 3089200
TIMELINE 28 1276 241762018496900 3089200
LATENCY 2739000
TIMELINE 28 1292 241762065336400 2739000
LATENCY 3031000
TIMELINE 28 1308 241762112130300 3031000
LATENCY 3885500
TIMELINE 28 1324 241762166270100 3885500
LATENCY 2947500
TIMELINE 28 1340 241762215116600 2947500
LATENCY 2836500
TIMELINE 28 1356 241762261110800 2836500
LATENCY 2912400
TIMELINE 28 1372 241762307054000 2912400
LATENCY 2782500
TIMELINE 28 1388 241762353025500 2782500
LATENCY 2614900
TIMELINE 28 1404 241762401140300 2614900
LATENCY 2711000
TIMELINE 28 1420 241762444665800 2711000
LATENCY 2992000
TIMELINE 28 1436 241762488406100 2992000
LATENCY 2751200
TIMELINE 28 1452 241762533380000 2751200
LATENCY 3012800
TIMELINE 28 1468 241762584403300 3012800
LATENCY 3044500
TIMELINE 28 1484 241762633208100 3044500
LATENCY 3057200
TIMELINE 28 1500 241762679105600 3057200
LATENCY 2796300
TIMELINE 28 1516 241762725879900 2796300
LATENCY 2798400
TIMELINE 28 1532 241762770562700 2798400
LATENCY 2807000
TIMELINE 28 1548 241762816777600 2807000
LATENCY 3630900
TIMELINE 28 1564 241762863006300 3630900
LATENCY 2966300
TIMELINE 28 1580 241762907724200 2966300
LATENCY 2940200
TIMELINE 28 1596 241762959521500 2940200
LATENCY 2808500
TIMELINE 28 1612 241763008317900 2808500
LATENCY 2878200
TIMELINE 28 1628 241763052609700 2878200
LATENCY 2804300
TIMELINE 28 1644 241763096765500 2804300
LATENCY 2568600
TIMELINE 28 1660 241763141370900 2568600
LATENCY 2834100
TIMELINE 28 1676 241763183065800 2834100
LATENCY 2930500
TIMELINE 28 1692 241763230678600 2930500
LATENCY 2736400
TIMELINE 28 1708 241763276552900 2736400
LATENCY 2778300
TIMELINE 28 1724 241763326005600 2778300
LATENCY 3008300
TIMELINE 28 1740 241763371099100 3008300
LATENCY 2930900
TIMELINE 28 1756 241763415950600 2930900
LATENCY 3618200
TIMELINE 28 1772 241763460142700 3618200
LATENCY 2599600
TIMELINE 28 1788 241763507952100 2599600
LATENCY 2746500
TIMELINE 28 1804 241763553737600 2746500
LATENCY 2696500
TIMELINE 28 1820 241763600910800 2696500
LATENCY 2735100
TIMELINE 28 1836 241763644154500 2735100
LATENCY 5533000
TIMELINE 28 1852 241763687405800 5533000
LATENCY 3051700
TIMELINE 28 1868 241763744384300 3051700
LATENCY 2715200
TIMELINE 28 1884 241763789750200 2715200
LATENCY 2578300
TIMELINE 28 1900 241763833710400 2578300
LATENCY 2788700
TIMELINE 28 1916 241763878318200 2788700
LATENCY 2669600
TIMELINE 28 1932 241763925296200 2669600
LATENCY 3180300
TIMELINE 28 1948 241763969071100 3180300
LATENCY 2744900
TIMELINE 28 1964 241764016467800 2744900
LATENCY 3073100
TIMELINE 28 1980 241764062119500 3073100
LATENCY 2656600
TIMELINE 28 1996 241764115171200 2656600
LATENCY 3432300
TIMELINE 28 2012 241764164298900 3432300
LATENCY 2718400
TIMELINE 28 2028 241764209528000 2718400
LATENCY 3208300
TIMELINE 28 2044 241764254923700 3208300
LATENCY 2291500
TIMELINE 29 13 241759040072400 2291500
LATENCY 2168200
TIMELINE 29 29 241759075796900 2168200
LATENCY 2285600
TIMELINE 29 45 241759111090200 2285600
LATENCY 2088600
TIMELINE 29 61 241759145814800 2088600
LATENCY 2164800
TIMELINE 29 77 241759180651000 2164800
LATENCY 2139600
TIMELINE 29 93 241759217383800 2139600
LATENCY 2270900
TIMELINE 29 109 241759252517500 2270900
LATENCY 2206000
TIMELINE 29 125 241759289501000 2206000
LATENCY 2165200
TIMELINE 29 141 241759343832700 2165200
LATENCY 2517500
TIMELINE 29 157 241759379315400 2517500
LATENCY 2252600
TIMELINE 29 173 241759416138500 2252600
LATENCY 2215300
TIMELINE 29 189 241759451326400 2215300
LATENCY 2678100
TIMELINE 29 205 241759485483900 2678100
LATENCY 2210400
TIMELINE 29 221 241759523280800 2210400
LATENCY 2264700
TIMELINE 29 237 241759558924600 2264700
LATENCY 2172400
TIMELINE 29 253 241759594862000 2172400
LATENCY 2129000
TIMELINE 29 269 241759647993000 2129000
LATENCY 2113400
TIMELINE 29 285 241759682190600 2113400
LATENCY 2142100
TIMELINE 29 301 241759717484900 2142100
LATENCY 2179700
TIMELINE 29 317 241759752193300 2179700
LATENCY 2370200
TIMELINE 29 333 241759788793300 2370200
LATENCY 2283700
TIMELINE 29 349 241759825726300 2283700
LATENCY 2218400
TIMELINE 29 365 241759861665800 2218400
LATENCY 2162200
TIMELINE 29 381 241759897394000 2162200
LATENCY 2264700
TIMELINE 29 397 241759951289900 2264700
LATENCY 2374200
TIMELINE 29 413 241759991370400 2374200
LATENCY 2198700
TIMELINE 29 429 241760028150500 2198700
LATENCY 2181600
TIMELINE 29 445 241760063081900 2181600
LATENCY 2147400
TIMELINE 29 461 241760098654400 2147400
LATENCY 2082800
TIMELINE 29 477 241760133473800 2082800
LATENCY 2314000
TIMELINE 29 493 241760167736700 2314000
LATENCY 2155300
TIMELINE 29 509 241760204836800 2155300
LATENCY 2188100
TIMELINE 29 525 241760259804900 2188100
LATENCY 2121600
TIMELINE 29 541 241760294161000 2121600
LATENCY 2097000
TIMELINE 29 557 241760329013600 2097000
LATENCY 2098200
TIMELINE 29 573 241760363667600 2098200
LATENCY 2313100
TIMELINE 29 589 241760399146100 2313100
LATENCY 2134200
TIMELINE 29 605 241760435058900 2134200
LATENCY 2126600
TIMELINE 29 621 241760469336400 2126600
LATENCY 2136900
TIMELINE 29 637 241760503475500 2136900
LATENCY 2125500
TIMELINE 29 653 241760537713500 2125500
LATENCY 2249800
TIMELINE 29 669 241760591723400 2249800
LATENCY 2197300
TIMELINE 29 685 241760626885500 2197300
LATENCY 2113200
TIMELINE 29 701 241760662322400 2113200
LATENCY 2116400
TIMELINE 29 717 241760696748700 2116400
LATENCY 2292600
TIMELINE 29 733 241760731377000 2292600
LATENCY 2135000
TIMELINE 29 749 241760766532000 2135000
LATENCY 2107300
TIMELINE 29 765 241760800405900 2107300
LATENCY 2176700
TIMELINE 29 781 241760835838600 2176700
LATENCY 2170900
TIMELINE 29 797 241760890703300 2170900
LATENCY 2114300
TIMELINE 29 813 241760925687400 2114300
LATENCY 2178400
TIMELINE 29 829 241760960902000 2178400
LATENCY 2149600
TIMELINE 29 845 241760995315600 2149600
LATENCY 2177400
TIMELINE 29 861 241761031013300 2177400
LATENCY 2126600
TIMELINE 29 877 241761067228000 2126600
LATENCY 2284100
TIMELINE 29 893 241761102532500 2284100
LATENCY 2145400
TIMELINE 29 909 241761137927100 2145400
LATENCY 2410200
TIMELINE 29 925 241761192588900 2410200
LATENCY 2124900
TIMELINE 29 941 241761228354400 2124900
LATENCY 2130400
TIMELINE 29 957 241761262696000 2130400
LATENCY 2088400
TIMELINE 29 973 241761296766500 2088400
LATENCY 2193900
TIMELINE 29 989 241761331934800 2193900
LATENCY 2116600
TIMELINE 29 1005 241761367476700 2116600
LATENCY 2070100
TIMELINE 29 1021 241761402291900 2070100
LATENCY 2243700
TIMELINE 29 1037 241761437479000 2243700
LATENCY 2372900
TIMELINE 29 1053 241761473911200 2372900
LATENCY 2232700
TIMELINE 29 1069 241761515437300 2232700
LATENCY 2313300
TIMELINE 29 1085 241761550897000 2313300
LATENCY 2288300
TIMELINE 29 1101 241761589237800 2288300
LATENCY 2172200
TIMELINE 29 1117 241761624490400 2172200
LATENCY 2353100
TIMELINE 29 1133 241761660252800 2353100
LATENCY 2385600
TIMELINE 29 1149 241761696784700 2385600
LATENCY 2121100
TIMELINE 29 1165 241761732264200 2121100
LATENCY 2190600
TIMELINE 29 1181 241761768022000 2190600
LATENCY 2212000
TIMELINE 29 1197 241761809098200 2212000
LATENCY 2142300
TIMELINE 29 1213 241761844664200 2142300
LATENCY 3032600
TIMELINE 29 1229 241761884501800 3032600
LATENCY 2740400
TIMELINE 29 1245 241761930959600 2740400
LATENCY 2662900
TIMELINE 29 1261 241761975051800 2662900
LATENCY 3058700
TIMELINE 29 1277 241762024339500 3058700
LATENCY 2839700
TIMELINE 29 1293 241762070665800 2839700
LATENCY 3053700
TIMELINE 29 1309 241762117927700 3053700
LATENCY 3365900
TIMELINE 29 1325 241762173126600 3365900
LATENCY 2913400
TIMELINE 29 1341 241762220714200 2913400
LATENCY 2837500
TIMELINE 29 1357 241762266308600 2837500
LATENCY 2794200
TIMELINE 29 1373 241762312455000 2794200
LATENCY 2748500
TIMELINE 29 1389 241762358399600 2748500
LATENCY 2642300
TIMELINE 29 1405 241762406146300 2642300
LATENCY 2879000
TIMELINE 29 1421 241762449747700 2879000
LATENCY 2958500
TIMELINE 29 1437 241762494015200 2958500
LATENCY 2758300
TIMELINE 29 1453 241762538544800 2758300
LATENCY 3048500
TIMELINE 29 1469 241762590084100 3048500
LATENCY 3009100
TIMELINE 29 1485 241762638896100 3009100
LATENCY 2783100
TIMELINE 29 1501 241762684669200 2783100
LATENCY 2774700
TIMELINE 29 1517 241762731094800 2774700
LATENCY 3076600
TIMELINE 29 1533 241762775825800 3076600
LATENCY 2818700
TIMELINE 29 1549 241762821997800 2818700
LATENCY 2644300
TIMELINE 29 1565 241762869062100 2644300
LATENCY 2974900
TIMELINE 29 1581 241762913417200 2974900
LATENCY 3016200
TIMELINE 29 1597 241762965043400 3016200
LATENCY 2773400
TIMELINE 29 1613 241763013706000 2773400
LATENCY 2724700
TIMELINE 29 1629 241763058045700 2724700
LATENCY 2732100
TIMELINE 29 1645 241763102140200 2732100
LATENCY 2630700
TIMELINE 29 1661 241763146319700 2630700
LATENCY 3044900
TIMELINE 29 1677 241763188856100 3044900
LATENCY 2986200
TIMELINE 29 1693 241763236317400 2986200
LATENCY 2736800
TIMELINE 29 1709 241763281826000 2736800
LATENCY 2749500
TIMELINE 29 1725 241763331324600 2749500
LATENCY 2884300
TIMELINE 29 1741 241763376796000 2884300
LATENCY 2682100
TIMELINE 29 1757 241763421463700 2682100
LATENCY 3010100
TIMELINE 29 1773 241763466924200 3010100
LATENCY 2723000
TIMELINE 29 1789 241763513679900 2723000
LATENCY 2822600
TIMELINE 29 1805 241763559478500 2822600
LATENCY 2689300
TIMELINE 29 1821 241763606481900 2689300
LATENCY 2763800
TIMELINE 29 1837 241763649728800 2763800
LATENCY 3064000
TIMELINE 29 1853 241763696081900 3064000
LATENCY 3086200
TIMELINE 29 1869 241763750646200 3086200
LATENCY 3080300
TIMELINE 29 1885 241763795363200 3080300
LATENCY 2571000
TIMELINE 29 1901 241763839014900 2571000
LATENCY 2833600
TIMELINE 29 1917 241763884023800 2833600
LATENCY 2691400
TIMELINE 29 1933 241763930829700 2691400
LATENCY 2954200
TIMELINE 29 1949 241763975758100 2954200
LATENCY 2717700
TIMELINE 29 1965 241764022062100 2717700
LATENCY 3005500
TIMELINE 29 1981 241764068337900 3005500
LATENCY 2707000
TIMELINE 29 1997 241764120678200 2707000
LATENCY 2773800
TIMELINE 29 2013 241764170553300 2773800
LATENCY 2955300
TIMELINE 29 2029 241764215040400 2955300
LATENCY 3047500
TIMELINE 29 2045 241764261236900 3047500
LATENCY 2337100
TIMELINE 30 14 241759042242600 2337100
LATENCY 2193600
TIMELINE 30 30 241759077845700 2193600
LATENCY 2195800
TIMELINE 30 46 241759113254100 2195800
LATENCY 2143600
TIMELINE 30 62 241759147762400 2143600
LATENCY 2140100
TIMELINE 30 78 241759182678000 2140100
LATENCY 2155400
TIMELINE 30 94 241759219438100 2155400
LATENCY 3640000
TIMELINE 30 110 241759254618900 3640000
LATENCY 2256700
TIMELINE 30 126 241759291923700 2256700
LATENCY 2263200
TIMELINE 30 142 241759346219200 2263200
LATENCY 2249100
TIMELINE 30 158 241759381895300 2249100
LATENCY 2186000
TIMELINE 30 174 241759418191400 2186000
LATENCY 2186500
TIMELINE 30 190 241759453340300 2186500
LATENCY 2252700
TIMELINE 30 206 241759487991000 2252700
LATENCY 2312000
TIMELINE 30 222 241759525124100 2312000
LATENCY 2154800
TIMELINE 30 238 241759560771400 2154800
LATENCY 2159400
TIMELINE 30 254 241759596637200 2159400
LATENCY 2139600
TIMELINE 30 270 241759649666600 2139600
LATENCY 2132700
TIMELINE 30 286 241759683836800 2132700
LATENCY 2130000
TIMELINE 30 302 241759719312000 2130000
LATENCY 2225600
TIMELINE 30 318 241759754344500 2225600
LATENCY 2333600
TIMELINE 30 334 241759791131600 2333600
LATENCY 2324700
TIMELINE 30 350 241759828234900 2324700
LATENCY 2225900
TIMELINE 30 366 241759864098800 2225900
LATENCY 2144500
TIMELINE 30 382 241759899768000 2144500
LATENCY 2228100
TIMELINE 30 398 241759953782600 2228100
LATENCY 2352200
TIMELINE 30 414 241759994176200 2352200
LATENCY 2222000
TIMELINE 30 430 241760030919700 2222000
LATENCY 2211300
TIMELINE 30 446 241760065625100 2211300
LATENCY 2143500
TIMELINE 30 462 241760101149100 2143500
LATENCY 2135800
TIMELINE 30 478 241760135897600 2135800
LATENCY 2288100
TIMELINE 30 494 241760170086400 2288100
LATENCY 2139800
TIMELINE 30 510 241760207284300 2139800
LATENCY 2089200
TIMELINE 30 526 241760262373200 2089200
LATENCY 2107900
TIMELINE 30 542 241760296717600 2107900
LATENCY 2113400
TIMELINE 30 558 241760331576800 2113400
LATENCY 2114700
TIMELINE 30 574 241760366122600 2114700
LATENCY 2223000
TIMELINE 30 590 241760401909200 2223000
LATENCY 2140100
TIMELINE 30 606 241760437512300 2140100
LATENCY 2141800
TIMELINE 30 622 241760471790300 2141800
LATENCY 2141000
TIMELINE 30 638 241760505940600 2141000
LATENCY 2149700
TIMELINE 30 654 241760540135500 2149700
LATENCY 2177500
TIMELINE 30 670 241760594148800 2177500
LATENCY 2196700
TIMELINE 30 686 241760629261700 2196700
LATENCY 2086700
TIMELINE 30 702 241760664617300 2086700
LATENCY 2176300
TIMELINE 30 718 241760699048900 2176300
LATENCY 2269500
TIMELINE 30 734 241760733786600 2269500
LATENCY 2133900
TIMELINE 30 750 241760768760800 2133900
LATENCY 2124900
TIMELINE 30 766 241760802575500 2124900
LATENCY 2220200
TIMELINE 30 782 241760838050100 2220200
LATENCY 2301200
TIMELINE 30 798 241760892655500 2301200
LATENCY 2162100
TIMELINE 30 814 241760927660700 2162100
LATENCY 2172000
TIMELINE 30 830 241760962958900 2172000
LATENCY 2219100
TIMELINE 30 846 241760997316400 2219100
LATENCY 2198200
TIMELINE 30 862 241761033101300 2198200
LATENCY 2136300
TIMELINE 30 878 241761069393900 2136300
LATENCY 2185200
TIMELINE 30 894 241761104727200 2185200
LATENCY 2285600
TIMELINE 30 910 241761139930700 2285600
LATENCY 2386100
TIMELINE 30 926 241761194781600 2386100
LATENCY 2129200
TIMELINE 30 942 241761230304800 2129200
LATENCY 2246800
TIMELINE 30 958 241761264686300 2246800
LATENCY 2188000
TIMELINE 30 974 241761298708400 2188000
LATENCY 2192000
TIMELINE 30 990 241761333682600 2192000
LATENCY 2124700
TIMELINE 30 1006 241761369167600 2124700
LATENCY 2089000
TIMELINE 30 1022 241761403903000 2089000
LATENCY 2336800
TIMELINE 30 1038 241761439688500 2336800
LATENCY 2206500
TIMELINE 30 1054 241761476016600 2206500
LATENCY 2202900
TIMELINE 30 1070 241761517341100 2202900
LATENCY 2293500
TIMELINE 30 1086 241761553122100 2293500
LATENCY 2275300
TIMELINE 30 1102 241761591361200 2275300
LATENCY 2179000
TIMELINE 30 1118 241761626549600 2179000
LATENCY 2353700
TIMELINE 30 1134 241761662444300 2353700
LATENCY 2345700
TIMELINE 30 1150 241761698801500 2345700
LATENCY 2127700
TIMELINE 30 1166 241761734050400 2127700
LATENCY 2195500
TIMELINE 30 1182 241761769737300 2195500
LATENCY 2196900
TIMELINE 30 1198 241761810817400 2196900
LATENCY 2139800
TIMELINE 30 1214 241761846362800 2139800
LATENCY 3099200
TIMELINE 30 1230 241761886768100 3099200
LATENCY 2724100
TIMELINE 30 1246 241761933002500 2724100
LATENCY 2840400
TIMELINE 30 1262 241761976994100 2840400
LATENCY 3068100
TIMELINE 30 1278 241762026547100 3068100
LATENCY 2833700
TIMELINE 30 1294 241762072751000 2833700
LATENCY 3049900
TIMELINE 30 1310 241762120138500 3049900
LATENCY 3477100
TIMELINE 30 1326 241762175626300 3477100
LATENCY 2865700
TIMELINE 30 1342 241762222919000 2865700
LATENCY 2810500
TIMELINE 30 1358 241762268414300 2810500
LATENCY 2748400
TIMELINE 30 1374 241762314570500 2748400
LATENCY 2827100
TIMELINE 30 1390 241762360467100 2827100
LATENCY 2864600
TIMELINE 30 1406 241762408199300 2864600
LATENCY 2615600
TIMELINE 30 1422 241762452017100 2615600
LATENCY 2816600
TIMELINE 30 1438 241762496276800 2816600
LATENCY 2803800
TIMELINE 30 1454 241762540655700 2803800
LATENCY 3175600
TIMELINE 30 1470 241762592409500 3175600
LATENCY 2842800
TIMELINE 30 1486 241762641279800 2842800
LATENCY 2858600
TIMELINE 30 1502 241762686875900 2858600
LATENCY 2817800
TIMELINE 30 1518 241762733294400 2817800
LATENCY 3024700
TIMELINE 30 1534 241762778274900 3024700
LATENCY 2895100
TIMELINE 30 1550 241762824128400 2895100
LATENCY 2617000
TIMELINE 30 1566 241762870979100 2617000
LATENCY 2973200
TIMELINE 30 1582 241762915594700 2973200
LATENCY 2956000
TIMELINE 30 1598 241762967280400 2956000
LATENCY 2808900
TIMELINE 30 1614 241763015731000 2808900
LATENCY 2742800
TIMELINE 30 1630 241763060062100 2742800
LATENCY 2768600
TIMELINE 30 1646 241763104149200 2768600
LATENCY 2607100
TIMELINE 30 1662 241763148324800 2607100
LATENCY 2977700
TIMELINE 30 1678 241763191059600 2977700
LATENCY 3028600
TIMELINE 30 1694 241763238458600 3028600
LATENCY 2809600
TIMELINE 30 1710 241763283802600 2809600
LATENCY 2760000
TIMELINE 30 1726 241763333320200 2760000
LATENCY 2842800
TIMELINE 30 1742 241763378915600 2842800
LATENCY 2730000
TIMELINE 30 1758 241763423437800 2730000
LATENCY 3037300
TIMELINE 30 1774 241763468196000 3037300
LATENCY 2721200
TIMELINE 30 1790 241763514818900 2721200
LATENCY 2816800
TIMELINE 30 1806 241763560688200 2816800
LATENCY 2714000
TIMELINE 30 1822 241763607645500 2714000
LATENCY 2708900
TIMELINE 30 1838 241763650909800 2708900
LATENCY 3077000
TIMELINE 30 1854 241763697369700 3077000
LATENCY 3102900
TIMELINE 30 1870 241763751979800 3102900
LATENCY 3054100
TIMELINE 30 1886 241763796732300 3054100
LATENCY 2636400
TIMELINE 30 1902 241763840068100 2636400
LATENCY 2802200
TIMELINE 30 1918 241763885214300 2802200
LATENCY 2692800
TIMELINE 30 1934 241763931931900 2692800
LATENCY 3051500
TIMELINE 30 1950 241763976886800 3051500
LATENCY 2598100
TIMELINE 30 1966 241764023466900 2598100
LATENCY 3016300
TIMELINE 30 1982 241764069847300 3016300
LATENCY 2714100
TIMELINE 30 1998 241764122037500 2714100
LATENCY 2704800
TIMELINE 30 2014 241764171928900 2704800
LATENCY 3212900
TIMELINE 30 2030 241764216379700 3212900
LATENCY 3745700
TIMELINE 30 2046 241764262793100 3745700
LATENCY 2291900
TIMELINE 31 15 241759044873100 2291900
LATENCY 2142100
TIMELINE 31 31 241759080318400 2142100
LATENCY 2193000
TIMELINE 31 47 241759115705400 2193000
LATENCY 2182600
TIMELINE 31 63 241759150146400 2182600
LATENCY 2206600
TIMELINE 31 79 241759185088500 2206600
LATENCY 2148500
TIMELINE 31 95 241759221919100 2148500
LATENCY 2283400
TIMELINE 31 111 241759258422700 2283400
LATENCY 2613700
TIMELINE 31 127 241759313102300 2613700
LATENCY 2279000
TIMELINE 31 143 241759348653100 2279000
LATENCY 2150400
TIMELINE 31 159 241759384478700 2150400
LATENCY 2186800
TIMELINE 31 175 241759420734600 2186800
LATENCY 2116900
TIMELINE 31 191 241759455851300 2116900
LATENCY 2548100
TIMELINE 31 207 241759490579300 2548100
LATENCY 2249500
TIMELINE 31 223 241759528045400 2249500
LATENCY 2214400
TIMELINE 31 239 241759563629500 2214400
LATENCY 2914600
TIMELINE 31 255 241759617256700 2914600
LATENCY 2111700
TIMELINE 31 271 241759652381400 2111700
LATENCY 2149700
TIMELINE 31 287 241759686544400 2149700
LATENCY 2099800
TIMELINE 31 303 241759721810700 2099800
LATENCY 2522700
TIMELINE 31 319 241759756844700 2522700
LATENCY 2244500
TIMELINE 31 335 241759793717200 2244500
LATENCY 2245900
TIMELINE 31 351 241759830687000 2245900
LATENCY 2239200
TIMELINE 31 367 241759866448500 2239200
LATENCY 2108900
TIMELINE 31 383 241759902032900 2108900
LATENCY 2178600
TIMELINE 31 399 241759956232800 2178600
LATENCY 2408500
TIMELINE 31 415 241759996832100 2408500
LATENCY 2230200
TIMELINE 31 431 241760033054100 2230200
LATENCY 2197200
TIMELINE 31 447 241760067804900 2197200
LATENCY 2237000
TIMELINE 31 463 241760103235900 2237000
LATENCY 2042000
TIMELINE 31 479 241760138007500 2042000
LATENCY 2188200
TIMELINE 31 495 241760172679400 2188200
LATENCY 2145200
TIMELINE 31 511 241760209516300 2145200
LATENCY 2108400
TIMELINE 31 527 241760264380300 2108400
LATENCY 2136000
TIMELINE 31 543 241760298767000 2136000
LATENCY 2113400
TIMELINE 31 559 241760333600300 2113400
LATENCY 2360100
TIMELINE 31 575 241760368184100 2360100
LATENCY 2206100
TIMELINE 31 591 241760404014100 2206100
LATENCY 2162500
TIMELINE 31 607 241760439533100 2162500
LATENCY 2144500
TIMELINE 31 623 241760473812700 2144500
LATENCY 2142000
TIMELINE 31 639 241760507961300 2142000
LATENCY 21000300
TIMELINE 31 655 241760542196300 21000300
LATENCY 2228800
TIMELINE 31 671 241760596200900 2228800
LATENCY 2197800
TIMELINE 31 687 241760631359400 2197800
LATENCY 2144000
TIMELINE 31 703 241760666623100 2144000
LATENCY 2267600
TIMELINE 31 719 241760701156300 2267600
LATENCY 2175600
TIMELINE 31 735 241760736092000 2175600
LATENCY 2132600
TIMELINE 31 751 241760770928000 2132600
LATENCY 2104600
TIMELINE 31 767 241760804731200 2104600
LATENCY 2217600
TIMELINE 31 783 241760840304600 2217600
LATENCY 2230400
TIMELINE 31 799 241760895017700 2230400
LATENCY 2148600
TIMELINE 31 815 241760929856700 2148600
LATENCY 2172500
TIMELINE 31 831 241760965014200 2172500
LATENCY 2519300
TIMELINE 31 847 241760999411000 2519300
LATENCY 2621300
TIMELINE 31 863 241761035363800 2621300
LATENCY 2187800
TIMELINE 31 879 241761071625800 2187800
LATENCY 2264400
TIMELINE 31 895 241761106983900 2264400
LATENCY 2149400
TIMELINE 31 911 241761142420100 2149400
LATENCY 2288200
TIMELINE 31 927 241761197515700 2288200
LATENCY 2165100
TIMELINE 31 943 241761232753100 2165100
LATENCY 2133600
TIMELINE 31 959 241761267227800 2133600
LATENCY 2145300
TIMELINE 31 975 241761301202900 2145300
LATENCY 2379900
TIMELINE 31 991 241761336243800 2379900
LATENCY 2151900
TIMELINE 31 1007 241761371642500 2151900
LATENCY 2136200
TIMELINE 31 1023 241761406332200 2136200
LATENCY 2235200
TIMELINE 31 1039 241761442323400 2235200
LATENCY 8226600
TIMELINE 31 1055 241761478433400 8226600
LATENCY 2327100
TIMELINE 31 1071 241761519824900 2327100
LATENCY 2256400
TIMELINE 31 1087 241761555451800 2256400
LATENCY 2280700
TIMELINE 31 1103 241761593600300 2280700
LATENCY 2206300
TIMELINE 31 1119 241761628671400 2206300
LATENCY 2271400
TIMELINE 31 1135 241761664737200 2271400
LATENCY 2252300
TIMELINE 31 1151 241761701307400 2252300
LATENCY 2082000
TIMELINE 31 1167 241761736401900 2082000
LATENCY 2280300
TIMELINE 31 1183 241761772212700 2280300
LATENCY 2144100
TIMELINE 31 1199 241761813452700 2144100
LATENCY 2173000
TIMELINE 31 1215 241761848921400 2173000
LATENCY 3076000
TIMELINE 31 1231 241761890552500 3076000
LATENCY 2734400
TIMELINE 31 1247 241761936347300 2734400
LATENCY 2844300
TIMELINE 31 1263 241761980466400 2844300
LATENCY 3052900
TIMELINE 31 1279 241762030380800 3052900
LATENCY 2893200
TIMELINE 31 1295 241762076349600 2893200
LATENCY 3058300
TIMELINE 31 1311 241762123969500 3058300
LATENCY 2962300
TIMELINE 31 1327 241762179900600 2962300
LATENCY 3037300
TIMELINE 31 1343 241762226500300 3037300
LATENCY 2884200
TIMELINE 31 1359 241762272015000 2884200
LATENCY 3424300
TIMELINE 31 1375 241762317964400 3424300
LATENCY 2998100
TIMELINE 31 1391 241762363951100 2998100
LATENCY 2698500
TIMELINE 31 1407 241762411735200 2698500
LATENCY 2573100
TIMELINE 31 1423 241762455311900 2573100
LATENCY 2757500
TIMELINE 31 1439 241762499844800 2757500
LATENCY 2933900
TIMELINE 31 1455 241762544177600 2933900
LATENCY 3024800
TIMELINE 31 1471 241762596360200 3024800
LATENCY 2749900
TIMELINE 31 1487 241762644725800 2749900
LATENCY 2847200
TIMELINE 31 1503 241762690343500 2847200
LATENCY 2797000
TIMELINE 31 1519 241762736733200 2797000
LATENCY 3060700
TIMELINE 31 1535 241762781972900 3060700
LATENCY 2820200
TIMELINE 31 1551 241762827654500 2820200
LATENCY 2587000
TIMELINE 31 1567 241762874196000 2587000
LATENCY 2865900
TIMELINE 31 1583 241762919180600 2865900
LATENCY 3107100
TIMELINE 31 1599 241762970783000 3107100
LATENCY 2760600
TIMELINE 31 1615 241763019097500 2760600
LATENCY 2723100
TIMELINE 31 1631 241763063357300 2723100
LATENCY 2754100
TIMELINE 31 1647 241763107513400 2754100
LATENCY 2585200
TIMELINE 31 1663 241763151425200 2585200
LATENCY 3052400
TIMELINE 31 1679 241763194733600 3052400
LATENCY 2922400
TIMELINE 31 1695 241763242228200 2922400
LATENCY 2882700
TIMELINE 31 1711 241763287213500 2882700
LATENCY 2973100
TIMELINE 31 1727 241763336747400 2973100
LATENCY 2860700
TIMELINE 31 1743 241763382401600 2860700
LATENCY 2755400
TIMELINE 31 1759 241763426731300 2755400
LATENCY 3084200
TIMELINE 31 1775 241763472074800 3084200
LATENCY 2728700
TIMELINE 31 1791 241763518273700 2728700
LATENCY 2755100
TIMELINE 31 1807 241763564245200 2755100
LATENCY 2682600
TIMELINE 31 1823 241763611067000 2682600
LATENCY 2735000
TIMELINE 31 1839 241763654379200 2735000
LATENCY 3111000
TIMELINE 31 1855 241763701361300 3111000
LATENCY 2902800
TIMELINE 31 1871 241763756033200 2902800
LATENCY 2958200
TIMELINE 31 1887 241763800744600 2958200
LATENCY 2592600
TIMELINE 31 1903 241763843614400 2592600
LATENCY 2869500
TIMELINE 31 1919 241763888939600 2869500
LATENCY 2616900
TIMELINE 31 1935 241763935527000 2616900
LATENCY 2972200
TIMELINE 31 1951 241763980911100 2972200
LATENCY 2669900
TIMELINE 31 1967 241764026926500 2669900
LATENCY 3023800
TIMELINE 31 1983 241764073813400 3023800
LATENCY 2882100
TIMELINE 31 1999 241764125666300 2882100
LATENCY 2859500
TIMELINE 31 2015 241764175629300 2859500
LATENCY 2969700
TIMELINE 31 2031 241764220588500 2969700
LATENCY 2580300
TIMELINE 31 2047 241764267793300 2580300
LATENCY 9671700
TIMELINE 32 0 241759000550200 9671700
LATENCY 2310500
TIMELINE 32 16 241759047045800 2310500
LATENCY 2179600
TIMELINE 32 32 241759082340100 2179600
LATENCY 2218200
TIMELINE 32 48 241759117811000 2218200
LATENCY 2199400
TIMELINE 32 64 241759152425300 2199400
LATENCY 2130400
TIMELINE 32 80 241759187385700 2130400
LATENCY 2150600
TIMELINE 32 96 241759223857000 2150600
LATENCY 2235100
TIMELINE 32 112 241759260044900 2235100
LATENCY 2239800
TIMELINE 32 128 241759315050100 2239800
LATENCY 2253400
TIMELINE 32 144 241759350254300 2253400
LATENCY 2170800
TIMELINE 32 160 241759386078100 2170800
LATENCY 2150000
TIMELINE 32 176 241759422354900 2150000
LATENCY 2128700
TIMELINE 32 192 241759457504300 2128700
LATENCY 2141600
TIMELINE 32 208 241759492408600 2141600
LATENCY 2239000
TIMELINE 32 224 241759529582200 2239000
LATENCY 2153900
TIMELINE 32 240 241759565271400 2153900
LATENCY 2304400
TIMELINE 32 256 241759619558300 2304400
LATENCY 2117400
TIMELINE 32 272 241759653973300 2117400
LATENCY 2174600
TIMELINE 32 288 241759688160300 2174600
LATENCY 2092700
TIMELINE 32 304 241759723485800 2092700
LATENCY 2396800
TIMELINE 32 320 241759758984300 2396800
LATENCY 2265600
TIMELINE 32 336 241759795786000 2265600
LATENCY 2332700
TIMELINE 32 352 241759832722900 2332700
LATENCY 2247400
TIMELINE 32 368 241759868476100 2247400
LATENCY 2114100
TIMELINE 32 384 241759903943400 2114100
LATENCY 2189000
TIMELINE 32 400 241759958167400 2189000
LATENCY 2368300
TIMELINE 32 416 241759998877800 2368300
LATENCY 2188200
TIMELINE 32 432 241760034977300 2188200
LATENCY 2185900
TIMELINE 32 448 241760069503200 2185900
LATENCY 2277200
TIMELINE 32 464 241760104979100 2277200
LATENCY 2159900
TIMELINE 32 480 241760139757100 2159900
LATENCY 2222100
TIMELINE 32 496 241760174599200 2222100
LATENCY 2228200
TIMELINE 32 512 241760211546500 2228200
LATENCY 2158800
TIMELINE 32 528 241760266282500 2158800
LATENCY 2139300
TIMELINE 32 544 241760300614100 2139300
LATENCY 2189500
TIMELINE 32 560 241760335453800 2189500
LATENCY 2558900
TIMELINE 32 576 241760370238400 2558900
LATENCY 2164400
TIMELINE 32 592 241760405805500 2164400
LATENCY 2135200
TIMELINE 32 608 241760441394900 2135200
LATENCY 2129200
TIMELINE 32 624 241760475663700 2129200
LATENCY 2232200
TIMELINE 32 640 241760509819900 2232200
LATENCY 2490600
TIMELINE 32 656 241760562807900 2490600
LATENCY 2170900
TIMELINE 32 672 241760598073200 2170900
LATENCY 2167500
TIMELINE 32 688 241760633232000 2167500
LATENCY 2206700
TIMELINE 32 704 241760668562400 2206700
LATENCY 2149300
TIMELINE 32 720 241760703224100 2149300
LATENCY 2169500
TIMELINE 32 736 241760738019200 2169500
LATENCY 2108000
TIMELINE 32 752 241760772807600 2108000
LATENCY 2120200
TIMELINE 32 768 241760806608800 2120200
LATENCY 2195000
TIMELINE 32 784 241760842344700 2195000
LATENCY 2146400
TIMELINE 32 800 241760896872800 2146400
LATENCY 2274000
TIMELINE 32 816 241760931694800 2274000
LATENCY 2202300
TIMELINE 32 832 241760967039100 2202300
LATENCY 2405500
TIMELINE 32 848 241761001585700 2405500
LATENCY 2370900
TIMELINE 32 864 241761037303300 2370900
LATENCY 2186700
TIMELINE 32 880 241761073218200 2186700
LATENCY 2274800
TIMELINE 32 896 241761108663100 2274800
LATENCY 2166400
TIMELINE 32 912 241761143843500 2166400
LATENCY 2264100
TIMELINE 32 928 241761199063900 2264100
LATENCY 2185700
TIMELINE 32 944 241761234194700 2185700
LATENCY 2126900
TIMELINE 32 960 241761268663900 2126900
LATENCY 2165300
TIMELINE 32 976 241761302634300 2165300
LATENCY 2321700
TIMELINE 32 992 241761337807500 2321700
LATENCY 2178000
TIMELINE 32 1008 241761373078600 2178000
LATENCY 2136100
TIMELINE 32 1024 241761407768400 2136100
LATENCY 2298100
TIMELINE 32 1040 241761443593100 2298100
LATENCY 8288300
TIMELINE 32 1056 241761479891500 8288300
LATENCY 2171600
TIMELINE 32 1072 241761521405400 2171600
LATENCY 2209400
TIMELINE 32 1088 241761557151700 2209400
LATENCY 2291200
TIMELINE 32 1104 241761595520300 2291200
LATENCY 2159600
TIMELINE 32 1120 241761630518800 2159600
LATENCY 2243800
TIMELINE 32 1136 241761666669600 2243800
LATENCY 2188600
TIMELINE 32 1152 241761703044700 2188600
LATENCY 2103800
TIMELINE 32 1168 241761737895600 2103800
LATENCY 2230900
TIMELINE 32 1184 241761773761900 2230900
LATENCY 2159500
TIMELINE 32 1200 241761814739500 2159500
LATENCY 2177000
TIMELINE 32 1216 241761850145500 2177000
LATENCY 3091300
TIMELINE 32 1232 241761891677400 3091300
LATENCY 2730500
TIMELINE 32 1248 241761937350700 2730500
LATENCY 2748100
TIMELINE 32 1264 241761981578800 2748100
LATENCY 3074400
TIMELINE 32 1280 241762031562600 3074400
LATENCY 2928400
TIMELINE 32 1296 241762077468500 2928400
LATENCY 3062700
TIMELINE 32 1312 241762125166200 3062700
LATENCY 2833500
TIMELINE 32 1328 241762181157700 2833500
LATENCY 3102800
TIMELINE 32 1344 241762227620200 3102800
LATENCY 2869400
TIMELINE 32 1360 241762273218000 2869400
LATENCY 3268600
TIMELINE 32 1376 241762319263200 3268600
LATENCY 3233400
TIMELINE 32 1392 241762365125600 3233400
LATENCY 2721100
TIMELINE 32 1408 241762412857400 2721100
LATENCY 2593500
TIMELINE 32 1424 241762456312400 2593500
LATENCY 2734500
TIMELINE 32 1440 241762500922100 2734500
LATENCY 8454800
TIMELINE 32 1456 241762545295200 8454800
LATENCY 3000000
TIMELINE 32 1472 241762597573000 3000000
LATENCY 2779700
TIMELINE 32 1488 241762645818600 2779700
LATENCY 2806100
TIMELINE 32 1504 241762691540900 2806100
LATENCY 2806900
TIMELINE 32 1520 241762737893100 2806900
LATENCY 3046800
TIMELINE 32 1536 241762783231700 3046800
LATENCY 2810700
TIMELINE 32 1552 241762828863900 2810700
LATENCY 2554800
TIMELINE 32 1568 241762875269500 2554800
LATENCY 2828700
TIMELINE 32 1584 241762920353800 2828700
LATENCY 3109900
TIMELINE 32 1600 241762971935300 3109900
LATENCY 2773800
TIMELINE 32 1616 241763020150700 2773800
LATENCY 2751100
TIMELINE 32 1632 241763064412900 2751100
LATENCY 2761900
TIMELINE 32 1648 241763108582500 2761900
LATENCY 2592800
TIMELINE 32 1664 241763152437300 2592800
LATENCY 2988800
TIMELINE 32 1680 241763195907500 2988800
LATENCY 2953200
TIMELINE 32 1696 241763243318700 2953200
LATENCY 2783400
TIMELINE 32 1712 241763288311700 2783400
LATENCY 2975400
TIMELINE 32 1728 241763337859300 2975400
LATENCY 2850700
TIMELINE 32 1744 241763383514800 2850700
LATENCY 2759100
TIMELINE 32 1760 241763427821200 2759100
LATENCY 3110800
TIMELINE 32 1776 241763473166400 3110800
LATENCY 2721500
TIMELINE 32 1792 241763519245400 2721500
LATENCY 2860900
TIMELINE 32 1808 241763565165700 2860900
LATENCY 2697500
TIMELINE 32 1824 241763611969600 2697500
LATENCY 2709700
TIMELINE 32 1840 241763655283600 2709700
LATENCY 3131600
TIMELINE 32 1856 241763702350000 3131600
LATENCY 2969600
TIMELINE 32 1872 241763756982200 2969600
LATENCY 2829800
TIMELINE 32 1888 241763801753000 2829800
LATENCY 2610700
TIMELINE 32 1904 241763844377600 2610700
LATENCY 2886700
TIMELINE 32 1920 241763889749600 2886700
LATENCY 2681800
TIMELINE 32 1936 241763936284800 2681800
LATENCY 2859700
TIMELINE 32 1952 241763981875000 2859700
LATENCY 2689800
TIMELINE 32 1968 241764027999500 2689800
LATENCY 3026400
TIMELINE 32 1984 241764075046500 3026400
LATENCY 2852200
TIMELINE 32 2000 241764126798000 2852200
LATENCY 2807200
TIMELINE 32 2016 241764176718500 2807200
LATENCY 2862300
TIMELINE 32 2032 241764221679800 2862300
LATENCY 2633200
TIMELINE 33 1 241759010257600 2633200
LATENCY 2266900
TIMELINE 33 17 241759049393400 2266900
LATENCY 2161300
TIMELINE 33 33 241759084554100 2161300
LATENCY 2152800
TIMELINE 33 49 241759120186100 2152800
LATENCY 2163200
TIMELINE 33 65 241759154594500 2163200
LATENCY 2197600
TIMELINE 33 81 241759189485100 2197600
LATENCY 2144300
TIMELINE 33 97 241759226167000 2144300
LATENCY 2315500
TIMELINE 33 113 241759262511800 2315500
LATENCY 2173700
TIMELINE 33 129 241759317497900 2173700
LATENCY 2129400
TIMELINE 33 145 241759352627900 2129400
LATENCY 2159900
TIMELINE 33 161 241759388283700 2159900
LATENCY 2107500
TIMELINE 33 177 241759424567900 2107500
LATENCY 2127000
TIMELINE 33 193 241759459549000 2127000
LATENCY 2131500
TIMELINE 33 209 241759494489900 2131500
LATENCY 2214400
TIMELINE 33 225 241759531856400 2214400
LATENCY 2359800
TIMELINE 33 241 241759567398200 2359800
LATENCY 2286300
TIMELINE 33 257 241759621894200 2286300
LATENCY 2145800
TIMELINE 33 273 241759656208700 2145800
LATENCY 2171900
TIMELINE 33 289 241759690457800 2171900
LATENCY 2139000
TIMELINE 33 305 241759725120900 2139000
LATENCY 2260100
TIMELINE 33 321 241759760652100 2260100
LATENCY 2366900
TIMELINE 33 337 241759797255300 2366900
LATENCY 2261900
TIMELINE 33 353 241759834270000 2261900
LATENCY 2420900
TIMELINE 33 369 241759869931700 2420900
LATENCY 2116500
TIMELINE 33 385 241759905365400 2116500
LATENCY 2231700
TIMELINE 33 401 241759959531900 2231700
LATENCY 2350800
TIMELINE 33 417 241760000266700 2350800
LATENCY 2126300
TIMELINE 33 433 241760036352900 2126300
LATENCY 2451000
TIMELINE 33 449 241760071005100 2451000
LATENCY 2203600
TIMELINE 33 465 241760106555000 2203600
LATENCY 2128900
TIMELINE 33 481 241760141276600 2128900
LATENCY 2140100
TIMELINE 33 497 241760176189400 2140100
LATENCY 2105600
TIMELINE 33 513 241760212993100 2105600
LATENCY 2141200
TIMELINE 33 529 241760267714800 2141200
LATENCY 2143300
TIMELINE 33 545 241760302061400 2143300
LATENCY 2322300
TIMELINE 33 561 241760336862500 2322300
LATENCY 2420700
TIMELINE 33 577 241760371940300 2420700
LATENCY 2179400
TIMELINE 33 593 241760407328100 2179400
LATENCY 2119800
TIMELINE 33 609 241760442940300 2119800
LATENCY 2102800
TIMELINE 33 625 241760477190700 2102800
LATENCY 2124600
TIMELINE 33 641 241760511416800 2124600
LATENCY 2165300
TIMELINE 33 657 241760564641100 2165300
LATENCY 2240900
TIMELINE 33 673 241760599668400 2240900
LATENCY 2147500
TIMELINE 33 689 241760634840100 2147500
LATENCY 2194600
TIMELINE 33 705 241760670045900 2194600
LATENCY 2131000
TIMELINE 33 721 241760704697700 2131000
LATENCY 2191800
TIMELINE 33 737 241760739455100 2191800
LATENCY 2069100
TIMELINE 33 753 241760774196900 2069100
LATENCY 2092100
TIMELINE 33 769 241760807997000 2092100
LATENCY 2144100
TIMELINE 33 785 241760843725300 2144100
LATENCY 2156600
TIMELINE 33 801 241760898328300 2156600
LATENCY 2215900
TIMELINE 33 817 241760933177800 2215900
LATENCY 2094100
TIMELINE 33 833 241760968464100 2094100
LATENCY 2712600
TIMELINE 33 849 241761003038600 2712600
LATENCY 2176400
TIMELINE 33 865 241761039368600 2176400
LATENCY 2174800
TIMELINE 33 881 241761075084100 2174800
LATENCY 2186600
TIMELINE 33 897 241761110880400 2186600
LATENCY 2151000
TIMELINE 33 913 241761146130000 2151000
LATENCY 2271000
TIMELINE 33 929 241761201266600 2271000
LATENCY 2136300
TIMELINE 33 945 241761236290400 2136300
LATENCY 2118000
TIMELINE 33 961 241761270707700 2118000
LATENCY 2103500
TIMELINE 33 977 241761304680800 2103500
LATENCY 2242700
TIMELINE 33 993 241761340012300 2242700
LATENCY 2213900
TIMELINE 33 1009 241761375142500 2213900
LATENCY 2149000
TIMELINE 33 1025 241761409791000 2149000
LATENCY 2378100
TIMELINE 33 1041 241761445716300 2378100
LATENCY 2244100
TIMELINE 33 1057 241761488026800 2244100
LATENCY 2119300
TIMELINE 33 1073 241761523184800 2119300
LATENCY 2253800
TIMELINE 33 1089 241761558851500 2253800
LATENCY 2313100
TIMELINE 33 1105 241761597138500 2313100
LATENCY 2122900
TIMELINE 33 1121 241761632050300 2122900
LATENCY 2303600
TIMELINE 33 1137 241761668270400 2303600
LATENCY 2216300
TIMELINE 33 1153 241761704615100 2216300
LATENCY 2166100
TIMELINE 33 1169 241761739401900 2166100
LATENCY 2112100
TIMELINE 33 1185 241761775424200 2112100
LATENCY 2187500
TIMELINE 33 1201 241761816305700 2187500
LATENCY 2100800
TIMELINE 33 1217 241761851776000 2100800
LATENCY 3061200
TIMELINE 33 1233 241761894687200 3061200
LATENCY 2673900
TIMELINE 33 1249 241761940013400 2673900
LATENCY 2688900
TIMELINE 33 1265 241761984202400 2688900
LATENCY 3048700
TIMELINE 33 1281 241762034472800 3048700
LATENCY 2809100
TIMELINE 33 1297 241762080224200 2809100
LATENCY 3051900
TIMELINE 33 1313 241762128065400 3051900
LATENCY 2631600
TIMELINE 33 1329 241762183856400 2631600
LATENCY 2801600
TIMELINE 33 1345 241762230570600 2801600
LATENCY 3058900
TIMELINE 33 1361 241762275892300 3058900
LATENCY 2785100
TIMELINE 33 1377 241762322348100 2785100
LATENCY 3183600
TIMELINE 33 1393 241762368136600 3183600
LATENCY 2731500
TIMELINE 33 1409 241762415392600 2731500
LATENCY 2586800
TIMELINE 33 1425 241762458762600 2586800
LATENCY 2742400
TIMELINE 33 1441 241762503507000 2742400
LATENCY 2534300
TIMELINE 33 1457 241762553588600 2534300
LATENCY 3009800
TIMELINE 33 1473 241762600402600 3009800
LATENCY 2820800
TIMELINE 33 1489 241762648432600 2820800
LATENCY 2782500
TIMELINE 33 1505 241762694152300 2782500
LATENCY 2765600
TIMELINE 33 1521 241762740510100 2765600
LATENCY 2900000
TIMELINE 33 1537 241762786041100 2900000
LATENCY 2609500
TIMELINE 33 1553 241762831529900 2609500
LATENCY 2822400
TIMELINE 33 1569 241762877665200 2822400
LATENCY 2964500
TIMELINE 33 1585 241762923050100 2964500
LATENCY 3017900
TIMELINE 33 1601 241762975129100 3017900
LATENCY 2760600
TIMELINE 33 1617 241763023006900 2760600
LATENCY 2815400
TIMELINE 33 1633 241763067234900 2815400
LATENCY 2761500
TIMELINE 33 1649 241763111434100 2761500
LATENCY 2571700
TIMELINE 33 1665 241763155104000 2571700
LATENCY 2942000
TIMELINE 33 1681 241763199108900 2942000
LATENCY 2952800
TIMELINE 33 1697 241763246482800 2952800
LATENCY 2691400
TIMELINE 33 1713 241763291300100 2691400
LATENCY 2810400
TIMELINE 33 1729 241763341066400 2810400
LATENCY 2872200
TIMELINE 33 1745 241763386574700 2872200
LATENCY 2795900
TIMELINE 33 1761 241763430775100 2795900
LATENCY 2907700
TIMELINE 33 1777 241763476503100 2907700
LATENCY 2727800
TIMELINE 33 1793 241763522199100 2727800
LATENCY 3046300
TIMELINE 33 1809 241763568286900 3046300
LATENCY 2682800
TIMELINE 33 1825 241763614904200 2682800
LATENCY 2721500
TIMELINE 33 1841 241763658212800 2721500
LATENCY 3073700
TIMELINE 33 1857 241763711173900 3073700
LATENCY 2836600
TIMELINE 33 1873 241763760186900 2836600
LATENCY 2691400
TIMELINE 33 1889 241763804810100 2691400
LATENCY 2631800
TIMELINE 33 1905 241763847193900 2631800
LATENCY 2762900
TIMELINE 33 1921 241763892864800 2762900
LATENCY 2792500
TIMELINE 33 1937 241763939264900 2792500
LATENCY 2948500
TIMELINE 33 1953 241763984896200 2948500
LATENCY 2806200
TIMELINE 33 1969 241764030174000 2806200
LATENCY 3161400
TIMELINE 33 1985 241764077482500 3161400
LATENCY 2723600
TIMELINE 33 2001 241764129136500 2723600
LATENCY 2720400
TIMELINE 33 2017 241764179106900 2720400
LATENCY 2790000
TIMELINE 33 2033 241764224159300 2790000
LATENCY 2397600
TIMELINE 34 2 241759012850500 2397600
LATENCY 2257400
TIMELINE 34 18 241759051602900 2257400
LATENCY 2160700
TIMELINE 34 34 241759086657900 2160700
LATENCY 2158800
TIMELINE 34 50 241759122140100 2158800
LATENCY 2161400
TIMELINE 34 66 241759156589900 2161400
LATENCY 2361700
TIMELINE 34 82 241759191571700 2361700
LATENCY 2147800
TIMELINE 34 98 241759228280800 2147800
LATENCY 2423400
TIMELINE 34 114 241759264477200 2423400
LATENCY 2396500
TIMELINE 34 130 241759319376400 2396500
LATENCY 2094100
TIMELINE 34 146 241759354452800 2094100
LATENCY 2172700
TIMELINE 34 162 241759390360400 2172700
LATENCY 2153900
TIMELINE 34 178 241759426648000 2153900
LATENCY 2113300
TIMELINE 34 194 241759461739600 2113300
LATENCY 2400400
TIMELINE 34 210 241759496715500 2400400
LATENCY 2176300
TIMELINE 34 226 241759533905100 2176300
LATENCY 2239900
TIMELINE 34 242 241759569491500 2239900
LATENCY 2136500
TIMELINE 34 258 241759623796400 2136500
LATENCY 2110100
TIMELINE 34 274 241759657927600 2110100
LATENCY 2502400
TIMELINE 34 290 241759692167800 2502400
LATENCY 2160400
TIMELINE 34 306 241759727082400 2160400
LATENCY 2201400
TIMELINE 34 322 241759763003800 2201400
LATENCY 2308700
TIMELINE 34 338 241759799745300 2308700
LATENCY 2207700
TIMELINE 34 354 241759836740900 2207700
LATENCY 2150600
TIMELINE 34 370 241759872601300 2150600
LATENCY 2352800
TIMELINE 34 386 241759907572700 2352800
LATENCY 2128200
TIMELINE 34 402 241759961820400 2128200
LATENCY 2311700
TIMELINE 34 418 241760002773200 2311700
LATENCY 2152100
TIMELINE 34 434 241760038573100 2152100
LATENCY 2237300
TIMELINE 34 450 241760073487600 2237300
LATENCY 2211000
TIMELINE 34 466 241760108850000 2211000
LATENCY 2136200
TIMELINE 34 482 241760143491600 2136200
LATENCY 2282400
TIMELINE 34 498 241760178389200 2282400
LATENCY 2306600
TIMELINE 34 514 241760215218400 2306600
LATENCY 2117900
TIMELINE 34 530 241760269794200 2117900
LATENCY 2150600
TIMELINE 34 546 241760304113700 2150600
LATENCY 2193600
TIMELINE 34 562 241760339094400 2193600
LATENCY 2279600
TIMELINE 34 578 241760374247300 2279600
LATENCY 2197300
TIMELINE 34 594 241760409385200 2197300
LATENCY 2149500
TIMELINE 34 610 241760444895600 2149500
LATENCY 2122000
TIMELINE 34 626 241760479129700 2122000
LATENCY 2145700
TIMELINE 34 642 241760513395800 2145700
LATENCY 2085800
TIMELINE 34 658 241760566674800 2085800
LATENCY 2176100
TIMELINE 34 674 241760601642700 2176100
LATENCY 2367400
TIMELINE 34 690 241760636733600 2367400
LATENCY 2150000
TIMELINE 34 706 241760671966600 2150000
LATENCY 2116000
TIMELINE 34 722 241760706536200 2116000
LATENCY 2237900
TIMELINE 34 738 241760741414700 2237900
LATENCY 2138900
TIMELINE 34 754 241760776095600 2138900
LATENCY 2259600
TIMELINE 34 770 241760809924300 2259600
LATENCY 2169000
TIMELINE 34 786 241760845692700 2169000
LATENCY 2220400
TIMELINE 34 802 241760900239700 2220400
LATENCY 2171600
TIMELINE 34 818 241760935189300 2171600
LATENCY 2090600
TIMELINE 34 834 241760970261100 2090600
LATENCY 2311500
TIMELINE 34 850 241761005268400 2311500
LATENCY 2304400
TIMELINE 34 866 241761040805300 2304400
LATENCY 2177700
TIMELINE 34 882 241761076565000 2177700
LATENCY 2223500
TIMELINE 34 898 241761112167300 2223500
LATENCY 2200000
TIMELINE 34 914 241761147461400 2200000
LATENCY 2323900
TIMELINE 34 930 241761202647100 2323900
LATENCY 2200900
TIMELINE 34 946 241761237653600 2200900
LATENCY 2123900
TIMELINE 34 962 241761272053500 2123900
LATENCY 2080400
TIMELINE 34 978 241761306064200 2080400
LATENCY 2283700
TIMELINE 34 994 241761341452500 2283700
LATENCY 2237900
TIMELINE 34 1010 241761376622300 2237900
LATENCY 2153300
TIMELINE 34 1026 241761411251900 2153300
LATENCY 2350700
TIMELINE 34 1042 241761447099100 2350700
LATENCY 2210300
TIMELINE 34 1058 241761489250400 2210300
LATENCY 2101600
TIMELINE 34 1074 241761524558200 2101600
LATENCY 2254600
TIMELINE 34 1090 241761560234900 2254600
LATENCY 2253900
TIMELINE 34 1106 241761598704200 2253900
LATENCY 2114900
TIMELINE 34 1122 241761633467200 2114900
LATENCY 2300800
TIMELINE 34 1138 241761669652800 2300800
LATENCY 2189400
TIMELINE 34 1154 241761705932000 2189400
LATENCY 2143300
TIMELINE 34 1170 241761740505400 2143300
LATENCY 2131900
TIMELINE 34 1186 241761776399400 2131900
LATENCY 2224600
TIMELINE 34 1202 241761817356300 2224600
LATENCY 2665500
TIMELINE 34 1218 241761852795000 2665500
LATENCY 3095000
TIMELINE 34 1234 241761896154400 3095000
LATENCY 2676400
TIMELINE 34 1250 241761941273900 2676400
LATENCY 2623300
TIMELINE 34 1266 241761985469700 2623300
LATENCY 3039500
TIMELINE 34 1282 241762035869200 3039500
LATENCY 2767200
TIMELINE 34 1298 241762081517300 2767200
LATENCY 3060500
TIMELINE 34 1314 241762129456700 3060500
LATENCY 2653900
TIMELINE 34 1330 241762185083500 2653900
LATENCY 2803700
TIMELINE 34 1346 241762231884900 2803700
LATENCY 2977700
TIMELINE 34 1362 241762277303500 2977700
LATENCY 2924100
TIMELINE 34 1378 241762323578700 2924100
LATENCY 3134100
TIMELINE 34 1394 241762369612200 3134100
LATENCY 2821200
TIMELINE 34 1410 241762416544600 2821200
LATENCY 2600200
TIMELINE 34 1426 241762459913300 2600200
LATENCY 2739900
TIMELINE 34 1442 241762504738200 2739900
LATENCY 2533400
TIMELINE 34 1458 241762554853300 2533400
LATENCY 3007400
TIMELINE 34 1474 241762601785600 3007400
LATENCY 2819900
TIMELINE 34 1490 241762649696400 2819900
LATENCY 2796000
TIMELINE 34 1506 241762695394000 2796000
LATENCY 2787100
TIMELINE 34 1522 241762741735300 2787100
LATENCY 2868500
TIMELINE 34 1538 241762787286700 2868500
LATENCY 3046700
TIMELINE 34 1554 241762832533300 3046700
LATENCY 2634700
TIMELINE 34 1570 241762879160500 2634700
LATENCY 2938100
TIMELINE 34 1586 241762924475500 2938100
LATENCY 3037500
TIMELINE 34 1602 241762976354100 3037500
LATENCY 2727000
TIMELINE 34 1618 241763024150600 2727000
LATENCY 2805200
TIMELINE 34 1634 241763068385600 2805200
LATENCY 2848500
TIMELINE 34 1650 241763112573800 2848500
LATENCY 2591900
TIMELINE 34 1666 241763156186900 2591900
LATENCY 2956500
TIMELINE 34 1682 241763200321400 2956500
LATENCY 2931200
TIMELINE 34 1698 241763247727900 2931200
LATENCY 2714400
TIMELINE 34 1714 241763292410100 2714400
LATENCY 2743000
TIMELINE 34 1730 241763342244300 2743000
LATENCY 2743800
TIMELINE 34 1746 241763387735200 2743800
LATENCY 2769900
TIMELINE 34 1762 241763431884900 2769900
LATENCY 2836800
TIMELINE 34 1778 241763477787100 2836800
LATENCY 2738300
TIMELINE 34 1794 241763523361400 2738300
LATENCY 3036600
TIMELINE 34 1810 241763569672700 3036600
LATENCY 2740000
TIMELINE 34 1826 241763616119400 2740000
LATENCY 2751400
TIMELINE 34 1842 241763659450700 2751400
LATENCY 3050500
TIMELINE 34 1858 241763712539100 3050500
LATENCY 2817800
TIMELINE 34 1874 241763761413000 2817800
LATENCY 2659800
TIMELINE 34 1890 241763805992900 2659800
LATENCY 2635700
TIMELINE 34 1906 241763848111900 2635700
LATENCY 2815000
TIMELINE 34 1922 241763893857500 2815000
LATENCY 2615100
TIMELINE 34 1938 241763940412300 2615100
LATENCY 2902600
TIMELINE 34 1954 241763986022300 2902600
LATENCY 3070800
TIMELINE 34 1970 241764031550700 3070800
LATENCY 3197700
TIMELINE 34 1986 241764079076600 3197700
LATENCY 2733200
TIMELINE 34 2002 241764130550100 2733200
LATENCY 2815400
TIMELINE 34 2018 241764180511600 2815400
LATENCY 2783600
TIMELINE 34 2034 241764225636400 2783600
LATENCY 2310500
TIMELINE 35 3 241759015380100 2310500
LATENCY 2249800
TIMELINE 35 19 241759054051800 2249800
LATENCY 2301000
TIMELINE 35 35 241759088992400 2301000
LATENCY 2143100
TIMELINE 35 51 241759124448100 2143100
LATENCY 2146900
TIMELINE 35 67 241759158903000 2146900
LATENCY 3153900
TIMELINE 35 83 241759194160400 3153900
LATENCY 2091800
TIMELINE 35 99 241759230546000 2091800
LATENCY 2223600
TIMELINE 35 115 241759267465800 2223600
LATENCY 2148300
TIMELINE 35 131 241759322299800 2148300
LATENCY 2137500
TIMELINE 35 147 241759356989100 2137500
LATENCY 2118500
TIMELINE 35 163 241759392893400 2118500
LATENCY 2178600
TIMELINE 35 179 241759429327700 2178600
LATENCY 2146200
TIMELINE 35 195 241759464475800 2146200
LATENCY 2474000
TIMELINE 35 211 241759499888700 2474000
LATENCY 2249100
TIMELINE 35 227 241759536742400 2249100
LATENCY 2171200
TIMELINE 35 243 241759572390400 2171200
LATENCY 2119900
TIMELINE 35 259 241759626689200 2119900
LATENCY 2135800
TIMELINE 35 275 241759660888900 2135800
LATENCY 2236400
TIMELINE 35 291 241759695393300 2236400
LATENCY 2113800
TIMELINE 35 307 241759730358000 2113800
LATENCY 2163500
TIMELINE 35 323 241759766115200 2163500
LATENCY 2418800
TIMELINE 35 339 241759802984900 2418800
LATENCY 2229100
TIMELINE 35 355 241759839806700 2229100
LATENCY 2235500
TIMELINE 35 371 241759875715500 2235500
LATENCY 2205900
TIMELINE 35 387 241759910946300 2205900
LATENCY 2140000
TIMELINE 35 403 241759965017500 2140000
LATENCY 2271400
TIMELINE 35 419 241760006123000 2271400
LATENCY 2132500
TIMELINE 35 435 241760041603900 2132500
LATENCY 2150000
TIMELINE 35 451 241760076618300 2150000
LATENCY 2260400
TIMELINE 35 467 241760111932100 2260400
LATENCY 2119300
TIMELINE 35 483 241760146389900 2119300
LATENCY 2368400
TIMELINE 35 499 241760181379500 2368400
LATENCY 2323000
TIMELINE 35 515 241760218191800 2323000
LATENCY 2261500
TIMELINE 35 531 241760272588900 2261500
LATENCY 2141600
TIMELINE 35 547 241760306991100 2141600
LATENCY 2125800
TIMELINE 35 563 241760341928800 2125800
LATENCY 2212000
TIMELINE 35 579 241760377190100 2212000
LATENCY 2173900
TIMELINE 35 595 241760412187400 2173900
LATENCY 2173000
TIMELINE 35 611 241760447753400 2173000
LATENCY 2109200
TIMELINE 35 627 241760481963800 2109200
LATENCY 2091600
TIMELINE 35 643 241760516236700 2091600
LATENCY 2138100
TIMELINE 35 659 241760569459100 2138100
LATENCY 2196600
TIMELINE 35 675 241760604812000 2196600
LATENCY 2304200
TIMELINE 35 691 241760640094000 2304200
LATENCY 2166300
TIMELINE 35 707 241760675183900 2166300
LATENCY 2101300
TIMELINE 35 723 241760709642800 2101300
LATENCY 2181800
TIMELINE 35 739 241760744668400 2181800
LATENCY 2141600
TIMELINE 35 755 241760779191100 2141600
LATENCY 2075500
TIMELINE 35 771 241760813198500 2075500
LATENCY 2205900
TIMELINE 35 787 241760848680500 2205900
LATENCY 2186000
TIMELINE 35 803 241760903371000 2186000
LATENCY 2203600
TIMELINE 35 819 241760938228900 2203600
LATENCY 2146800
TIMELINE 35 835 241760973208100 2146800
LATENCY 2229100
TIMELINE 35 851 241761008312400 2229100
LATENCY 2289900
TIMELINE 35 867 241761043904500 2289900
LATENCY 2148300
TIMELINE 35 883 241761079461100 2148300
LATENCY 2196200
TIMELINE 35 899 241761115041600 2196200
LATENCY 2154200
TIMELINE 35 915 241761150285800 2154200
LATENCY 2164300
TIMELINE 35 931 241761205777100 2164300
LATENCY 2123800
TIMELINE 35 947 241761240634900 2123800
LATENCY 2117800
TIMELINE 35 963 241761274898000 2117800
LATENCY 2138800
TIMELINE 35 979 241761308871000 2138800
LATENCY 2213800
TIMELINE 35 995 241761344558500 2213800
LATENCY 2256300
TIMELINE 35 1011 241761379589100 2256300
LATENCY 2134500
TIMELINE 35 1027 241761414142200 2134500
LATENCY 2168900
TIMELINE 35 1043 241761450513600 2168900
LATENCY 2155800
TIMELINE 35 1059 241761492567200 2155800
LATENCY 2158900
TIMELINE 35 1075 241761527891300 2158900
LATENCY 2241200
TIMELINE 35 1091 241761563878400 2241200
LATENCY 2173500
TIMELINE 35 1107 241761602211500 2173500
LATENCY 2168400
TIMELINE 35 1123 241761636808400 2168400
LATENCY 2244200
TIMELINE 35 1139 241761673349000 2244200
LATENCY 2176800
TIMELINE 35 1155 241761709544300 2176800
LATENCY 2143800
TIMELINE 35 1171 241761744149600 2143800
LATENCY 2229500
TIMELINE 35 1187 241761780146200 2229500
LATENCY 2258500
TIMELINE 35 1203 241761821198600 2258500
LATENCY 4667100
TIMELINE 35 1219 241761856727200 4667100
LATENCY 2821000
TIMELINE 35 1235 241761900881300 2821000
LATENCY 3004000
TIMELINE 35 1251 241761945427300 3004000
LATENCY 2924100
TIMELINE 35 1267 241761989569600 2924100
LATENCY 2743500
TIMELINE 35 1283 241762040512700 2743500
LATENCY 3108400
TIMELINE 35 1299 241762085776400 3108400
LATENCY 3078700
TIMELINE 35 1315 241762134224500 3078700
LATENCY 2967300
TIMELINE 35 1331 241762189365700 2967300
LATENCY 2778600
TIMELINE 35 1347 241762236207300 2778600
LATENCY 2915600
TIMELINE 35 1363 241762282021900 2915600
LATENCY 2781300
TIMELINE 35 1379 241762328301100 2781300
LATENCY 3052400
TIMELINE 35 1395 241762374538000 3052400
LATENCY 2704000
TIMELINE 35 1411 241762421048500 2704000
LATENCY 2606100
TIMELINE 35 1427 241762464110700 2606100
LATENCY 2747100
TIMELINE 35 1443 241762509171000 2747100
LATENCY 2820400
TIMELINE 35 1459 241762559076200 2820400
LATENCY 3050000
TIMELINE 35 1475 241762606671900 3050000
LATENCY 2808900
TIMELINE 35 1491 241762654238700 2808900
LATENCY 2751700
TIMELINE 35 1507 241762699894200 2751700
LATENCY 2758700
TIMELINE 35 1523 241762746229300 2758700
LATENCY 2808300
TIMELINE 35 1539 241762791856800 2808300
LATENCY 2779800
TIMELINE 35 1555 241762837136800 2779800
LATENCY 2638500
TIMELINE 35 1571 241762883201200 2638500
LATENCY 3118300
TIMELINE 35 1587 241762929262900 3118300
LATENCY 3746800
TIMELINE 35 1603 241762981340600 3746800
LATENCY 2707600
TIMELINE 35 1619 241763028569400 2707600
LATENCY 2686400
TIMELINE 35 1635 241763072863700 2686400
LATENCY 4556700
TIMELINE 35 1651 241763116939700 4556700
LATENCY 2550200
TIMELINE 35 1667 241763160373000 2550200
LATENCY 2944600
TIMELINE 35 1683 241763204957000 2944600
LATENCY 2935300
TIMELINE 35 1699 241763252347300 2935300
LATENCY 2719400
TIMELINE 35 1715 241763296634600 2719400
LATENCY 2719900
TIMELINE 35 1731 241763346587000 2719900
LATENCY 2814700
TIMELINE 35 1747 241763391920400 2814700
LATENCY 2719400
TIMELINE 35 1763 241763436338400 2719400
LATENCY 2739500
TIMELINE 35 1779 241763482215600 2739500
LATENCY 2738700
TIMELINE 35 1795 241763527811200 2738700
LATENCY 3746800
TIMELINE 35 1811 241763574291300 3746800
LATENCY 2719500
TIMELINE 35 1827 241763620391000 2719500
LATENCY 2668100
TIMELINE 35 1843 241763663765000 2668100
LATENCY 3108000
TIMELINE 35 1859 241763717471100 3108000
LATENCY 2720300
TIMELINE 35 1875 241763765847200 2720300
LATENCY 2742800
TIMELINE 35 1891 241763810267600 2742800
LATENCY 2578200
TIMELINE 35 1907 241763852500100 2578200
LATENCY 3028000
TIMELINE 35 1923 241763898688700 3028000
LATENCY 2853700
TIMELINE 35 1939 241763944951700 2853700
LATENCY 2769500
TIMELINE 35 1955 241763990802200 2769500
LATENCY 2787300
TIMELINE 35 1971 241764036096800 2787300
LATENCY 2772000
TIMELINE 35 1987 241764083730700 2772000
LATENCY 2966300
TIMELINE 35 2003 241764134730000 2966300
LATENCY 2759100
TIMELINE 35 2019 241764184792000 2759100
LATENCY 2799500
TIMELINE 35 2035 241764229873500 2799500
LATENCY 2335000
TIMELINE 36 4 241759017658800 2335000
LATENCY 2256600
TIMELINE 36 20 241759056211300 2256600
LATENCY 2219400
TIMELINE 36 36 241759091218400 2219400
LATENCY 2137800
TIMELINE 36 52 241759126535800 2137800
LATENCY 2144300
TIMELINE 36 68 241759160992600 2144300
LATENCY 2461100
TIMELINE 36 84 241759197077800 2461100
LATENCY 2271400
TIMELINE 36 100 241759232472400 2271400
LATENCY 2229100
TIMELINE 36 116 241759269659600 2229100
LATENCY 2182600
TIMELINE 36 132 241759324420300 2182600
LATENCY 2179300
TIMELINE 36 148 241759359161700 2179300
LATENCY 2357900
TIMELINE 36 164 241759394952300 2357900
LATENCY 2087700
TIMELINE 36 180 241759431307100 2087700
LATENCY 2188700
TIMELINE 36 196 241759466289600 2188700
LATENCY 2292200
TIMELINE 36 212 241759501968300 2292200
LATENCY 2176600
TIMELINE 36 228 241759538671600 2176600
LATENCY 2256500
TIMELINE 36 244 241759574226300 2256500
LATENCY 2109100
TIMELINE 36 260 241759628439600 2109100
LATENCY 2100300
TIMELINE 36 276 241759662711800 2100300
LATENCY 2189100
TIMELINE 36 292 241759697306300 2189100
LATENCY 2240500
TIMELINE 36 308 241759731266400 2240500
LATENCY 2158600
TIMELINE 36 324 241759767077700 2158600
LATENCY 2299600
TIMELINE 36 340 241759804304400 2299600
LATENCY 2306300
TIMELINE 36 356 241759840903600 2306300
LATENCY 2269200
TIMELINE 36 372 241759876799500 2269200
LATENCY 19748000
TIMELINE 36 388 241759912062900 19748000
LATENCY 2129400
TIMELINE 36 404 241759965935300 2129400
LATENCY 2367300
TIMELINE 36 420 241760007036100 2367300
LATENCY 2158300
TIMELINE 36 436 241760042619700 2158300
LATENCY 2161100
TIMELINE 36 452 241760077686400 2161100
LATENCY 2247300
TIMELINE 36 468 241760113075400 2247300
LATENCY 2129700
TIMELINE 36 484 241760147534400 2129700
LATENCY 2295700
TIMELINE 36 500 241760182876400 2295700
LATENCY 2189300
TIMELINE 36 516 241760219682600 2189300
LATENCY 2290500
TIMELINE 36 532 241760273901000 2290500
LATENCY 2156900
TIMELINE 36 548 241760308351500 2156900
LATENCY 2176400
TIMELINE 36 564 241760343373100 2176400
LATENCY 2208800
TIMELINE 36 580 241760378805800 2208800
LATENCY 2172800
TIMELINE 36 596 241760413813500 2172800
LATENCY 2128900
TIMELINE 36 612 241760449309800 2128900
LATENCY 2104800
TIMELINE 36 628 241760483475300 2104800
LATENCY 2188300
TIMELINE 36 644 241760517711900 2188300
LATENCY 2147500
TIMELINE 36 660 241760570970400 2147500
LATENCY 2190900
TIMELINE 36 676 241760606155400 2190900
LATENCY 2299000
TIMELINE 36 692 241760641452200 2299000
LATENCY 2133700
TIMELINE 36 708 241760676503100 2133700
LATENCY 2134800
TIMELINE 36 724 241760710875000 2134800
LATENCY 2229900
TIMELINE 36 740 241760746153600 2229900
LATENCY 2089700
TIMELINE 36 756 241760780663400 2089700
LATENCY 2152000
TIMELINE 36 772 241760814719300 2152000
LATENCY 2198400
TIMELINE 36 788 241760850289600 2198400
LATENCY 2204000
TIMELINE 36 804 241760904851700 2204000
LATENCY 2173900
TIMELINE 36 820 241760939706000 2173900
LATENCY 2141700
TIMELINE 36 836 241760974640300 2141700
LATENCY 2249900
TIMELINE 36 852 241761010341300 2249900
LATENCY 2291200
TIMELINE 36 868 241761046003900 2291200
LATENCY 2144800
TIMELINE 36 884 241761081400700 2144800
LATENCY 2177900
TIMELINE 36 900 241761116943300 2177900
LATENCY 2118500
TIMELINE 36 916 241761152157400 2118500
LATENCY 2217000
TIMELINE 36 932 241761207605700 2217000
LATENCY 2142000
TIMELINE 36 948 241761242443300 2142000
LATENCY 2111800
TIMELINE 36 964 241761276714200 2111800
LATENCY 2143700
TIMELINE 36 980 241761310698800 2143700
LATENCY 2276800
TIMELINE 36 996 241761346366900 2276800
LATENCY 2168900
TIMELINE 36 1012 241761381409100 2168900
LATENCY 2133600
TIMELINE 36 1028 241761415877900 2133600
LATENCY 2580500
TIMELINE 36 1044 241761451988600 2580500
LATENCY 2143700
TIMELINE 36 1060 241761493957500 2143700
LATENCY 2125700
TIMELINE 36 1076 241761529193400 2125700
LATENCY 2219900
TIMELINE 36 1092 241761565203300 2219900
LATENCY 2181200
TIMELINE 36 1108 241761603423300 2181200
LATENCY 2149500
TIMELINE 36 1124 241761638005400 2149500
LATENCY 2272100
TIMELINE 36 1140 241761674674200 2272100
LATENCY 2141900
TIMELINE 36 1156 241761710793900 2141900
LATENCY 2117500
TIMELINE 36 1172 241761745275800 2117500
LATENCY 2172300
TIMELINE 36 1188 241761781403000 2172300
LATENCY 2248300
TIMELINE 36 1204 241761822607800 2248300
LATENCY 3178100
TIMELINE 36 1220 241761860584600 3178100
LATENCY 2810600
TIMELINE 36 1236 241761903010100 2810600
LATENCY 3018000
TIMELINE 36 1252 241761947697400 3018000
LATENCY 2885100
TIMELINE 36 1268 241761991669400 2885100
LATENCY 2761900
TIMELINE 36 1284 241762042605900 2761900
LATENCY 2800900
TIMELINE 36 1300 241762088165200 2800900
LATENCY 3104800
TIMELINE 36 1316 241762136591300 3104800
LATENCY 2724300
TIMELINE 36 1332 241762191673900 2724300
LATENCY 2810800
TIMELINE 36 1348 241762238317100 2810800
LATENCY 2905800
TIMELINE 36 1364 241762284038700 2905800
LATENCY 2655100
TIMELINE 36 1380 241762330257500 2655100
LATENCY 3048600
TIMELINE 36 1396 241762376656100 3048600
LATENCY 2702000
TIMELINE 36 1412 241762422913100 2702000
LATENCY 2439900
TIMELINE 36 1428 241762465830000 2439900
LATENCY 2788800
TIMELINE 36 1444 241762511016500 2788800
LATENCY 2795100
TIMELINE 36 1460 241762560961700 2795100
LATENCY 3035000
TIMELINE 36 1476 241762608733800 3035000
LATENCY 2983400
TIMELINE 36 1492 241762656115100 2983400
LATENCY 2954300
TIMELINE 36 1508 241762701814500 2954300
LATENCY 2763800
TIMELINE 36 1524 241762748143700 2763800
LATENCY 2830500
TIMELINE 36 1540 241762793849000 2830500
LATENCY 2759300
TIMELINE 36 1556 241762839192100 2759300
LATENCY 2632600
TIMELINE 36 1572 241762885150900 2632600
LATENCY 2659300
TIMELINE 36 1588 241762931558800 2659300
LATENCY 5570100
TIMELINE 36 1604 241762983282500 5570100
LATENCY 2717100
TIMELINE 36 1620 241763030486100 2717100
LATENCY 2639800
TIMELINE 36 1636 241763074747000 2639800
LATENCY 3673700
TIMELINE 36 1652 241763119587100 3673700
LATENCY 2607000
TIMELINE 36 1668 241763162125300 2607000
LATENCY 2958300
TIMELINE 36 1684 241763207085400 2958300
LATENCY 3057800
TIMELINE 36 1700 241763254482500 3057800
LATENCY 2707400
TIMELINE 36 1716 241763298599800 2707400
LATENCY 2741800
TIMELINE 36 1732 241763348546100 2741800
LATENCY 2750000
TIMELINE 36 1748 241763393958300 2750000
LATENCY 2748500
TIMELINE 36 1764 241763438203500 2748500
LATENCY 2756200
TIMELINE 36 1780 241763484044600 2756200
LATENCY 2773400
TIMELINE 36 1796 241763529639400 2773400
LATENCY 5463300
TIMELINE 36 1812 241763575964100 5463300
LATENCY 2713800
TIMELINE 36 1828 241763622139200 2713800
LATENCY 2702800
TIMELINE 36 1844 241763665496700 2702800
LATENCY 3279300
TIMELINE 36 1860 241763719457000 3279300
LATENCY 2703400
TIMELINE 36 1876 241763767743500 2703400
LATENCY 2665200
TIMELINE 36 1892 241763812189400 2665200
LATENCY 2607900
TIMELINE 36 1908 241763854305900 2607900
LATENCY 3039500
TIMELINE 36 1924 241763900794200 3039500
LATENCY 2763300
TIMELINE 36 1940 241763946987200 2763300
LATENCY 2977100
TIMELINE 36 1956 241763992764900 2977100
LATENCY 2777600
TIMELINE 36 1972 241764038434000 2777600
LATENCY 2745500
TIMELINE 36 1988 241764086044200 2745500
LATENCY 3026600
TIMELINE 36 2004 241764137076000 3026600
LATENCY 2790500
TIMELINE 36 2020 241764187083100 2790500
LATENCY 2773000
TIMELINE 36 2036 241764232206200 2773000
LATENCY 2958900
TIMELINE 37 5 241759020208800 2958900
LATENCY 2229900
TIMELINE 37 21 241759058654900 2229900
LATENCY 2186800
TIMELINE 37 37 241759093668700 2186800
LATENCY 2141100
TIMELINE 37 53 241759129037600 2141100
LATENCY 2125500
TIMELINE 37 69 241759163503600 2125500
LATENCY 2439100
TIMELINE 37 85 241759199952300 2439100
LATENCY 2140900
TIMELINE 37 101 241759235075400 2140900
LATENCY 2263900
TIMELINE 37 117 241759271144200 2263900
LATENCY 2231700
TIMELINE 37 133 241759325877700 2231700
LATENCY 2155300
TIMELINE 37 149 241759360567800 2155300
LATENCY 2601500
TIMELINE 37 165 241759396398200 2601500
LATENCY 2104700
TIMELINE 37 181 241759432639200 2104700
LATENCY 2171700
TIMELINE 37 197 241759467696100 2171700
LATENCY 2322600
TIMELINE 37 213 241759503440400 2322600
LATENCY 2157200
TIMELINE 37 229 241759540035500 2157200
LATENCY 2318800
TIMELINE 37 245 241759575651400 2318800
LATENCY 2168700
TIMELINE 37 261 241759629804800 2168700
LATENCY 2119900
TIMELINE 37 277 241759664058700 2119900
LATENCY 2202500
TIMELINE 37 293 241759698709100 2202500
LATENCY 2113200
TIMELINE 37 309 241759733927300 2113200
LATENCY 2190500
TIMELINE 37 325 241759769630300 2190500
LATENCY 2401900
TIMELINE 37 341 241759806725200 2401900
LATENCY 2224500
TIMELINE 37 357 241759843305100 2224500
LATENCY 2435100
TIMELINE 37 373 241759879204000 2435100
LATENCY 2848500
TIMELINE 37 389 241759931970800 2848500
LATENCY 2092600
TIMELINE 37 405 241759968126100 2092600
LATENCY 2259300
TIMELINE 37 421 241760009623100 2259300
LATENCY 2120000
TIMELINE 37 437 241760044868700 2120000
LATENCY 2408200
TIMELINE 37 453 241760079996100 2408200
LATENCY 2156200
TIMELINE 37 469 241760115440500 2156200
LATENCY 2138800
TIMELINE 37 485 241760149783100 2138800
LATENCY 2318700
TIMELINE 37 501 241760185302800 2318700
LATENCY 2147300
TIMELINE 37 517 241760222156900 2147300
LATENCY 2102800
TIMELINE 37 533 241760276543300 2102800
LATENCY 2125600
TIMELINE 37 549 241760310892300 2125600
LATENCY 2142400
TIMELINE 37 565 241760345872900 2142400
LATENCY 2201500
TIMELINE 37 581 241760381350500 2201500
LATENCY 2289400
TIMELINE 37 597 241760416310400 2289400
LATENCY 2130100
TIMELINE 37 613 241760451685900 2130100
LATENCY 2112100
TIMELINE 37 629 241760485817900 2112100
LATENCY 2147600
TIMELINE 37 645 241760520135000 2147600
LATENCY 2099100
TIMELINE 37 661 241760573336200 2099100
LATENCY 2190300
TIMELINE 37 677 241760609325700 2190300
LATENCY 2246700
TIMELINE 37 693 241760644776900 2246700
LATENCY 2175500
TIMELINE 37 709 241760679600000 2175500
LATENCY 2285300
TIMELINE 37 725 241760713948700 2285300
LATENCY 2187200
TIMELINE 37 741 241760749228300 2187200
LATENCY 2090900
TIMELINE 37 757 241760783760700 2090900
LATENCY 2142800
TIMELINE 37 773 241760817912800 2142800
LATENCY 2805300
TIMELINE 37 789 241760872331100 2805300
LATENCY 2191600
TIMELINE 37 805 241760908243200 2191600
LATENCY 2174500
TIMELINE 37 821 241760943221900 2174500
LATENCY 2127900
TIMELINE 37 837 241760978090500 2127900
LATENCY 2264900
TIMELINE 37 853 241761013684600 2264900
LATENCY 2141300
TIMELINE 37 869 241761049295200 2141300
LATENCY 2155800
TIMELINE 37 885 241761084536100 2155800
LATENCY 2275000
TIMELINE 37 901 241761120150800 2275000
LATENCY 2172600
TIMELINE 37 917 241761155108100 2172600
LATENCY 2141900
TIMELINE 37 933 241761210595500 2141900
LATENCY 2120600
TIMELINE 37 949 241761245332300 2120600
LATENCY 2132400
TIMELINE 37 965 241761279581300 2132400
LATENCY 2163400
TIMELINE 37 981 241761313629700 2163400
LATENCY 2192400
TIMELINE 37 997 241761349666900 2192400
LATENCY 2269700
TIMELINE 37 1013 241761384534000 2269700
LATENCY 2158500
TIMELINE 37 1029 241761418974100 2158500
LATENCY 2538500
TIMELINE 37 1045 241761456188600 2538500
LATENCY 2127800
TIMELINE 37 1061 241761497837900 2127800
LATENCY 2175500
TIMELINE 37 1077 241761533087200 2175500
LATENCY 2966700
TIMELINE 37 1093 241761569309200 2966700
LATENCY 2159700
TIMELINE 37 1109 241761607479100 2159700
LATENCY 2174700
TIMELINE 37 1125 241761642009100 2174700
LATENCY 2157300
TIMELINE 37 1141 241761678892200 2157300
LATENCY 2350100
TIMELINE 37 1157 241761714546400 2350100
LATENCY 2174300
TIMELINE 37 1173 241761749121800 2174300
LATENCY 7722900
TIMELINE 37 1189 241761785342900 7722900
LATENCY 2227200
TIMELINE 37 1205 241761826763200 2227200
LATENCY 2229300
TIMELINE 37 1221 241761865785000 2229300
LATENCY 3055500
TIMELINE 37 1237 241761908349400 3055500
LATENCY 3134700
TIMELINE 37 1253 241761953231100 3134700
LATENCY 2620700
TIMELINE 37 1269 241761996836600 2620700
LATENCY 2877400
TIMELINE 37 1285 241762047760600 2877400
LATENCY 2900000
TIMELINE 37 1301 241762093439000 2900000
LATENCY 3056700
TIMELINE 37 1317 241762142310500 3056700
LATENCY 3121000
TIMELINE 37 1333 241762196888000 3121000
LATENCY 2832200
TIMELINE 37 1349 241762243525300 2832200
LATENCY 2928200
TIMELINE 37 1365 241762289466400 2928200
LATENCY 2594800
TIMELINE 37 1381 241762335162900 2594800
LATENCY 3026600
TIMELINE 37 1397 241762382266700 3026600
LATENCY 2699700
TIMELINE 37 1413 241762427871200 2699700
LATENCY 2669600
TIMELINE 37 1429 241762470534200 2669600
LATENCY 2767900
TIMELINE 37 1445 241762516125000 2767900
LATENCY 2799500
TIMELINE 37 1461 241762566068800 2799500
LATENCY 3038900
TIMELINE 37 1477 241762614324500 3038900
LATENCY 2819900
TIMELINE 37 1493 241762661568300 2819900
LATENCY 3082100
TIMELINE 37 1509 241762707337300 3082100
LATENCY 2781700
TIMELINE 37 1525 241762753264300 2781700
LATENCY 2952900
TIMELINE 37 1541 241762798988500 2952900
LATENCY 2705300
TIMELINE 37 1557 241762844144600 2705300
LATENCY 2641400
TIMELINE 37 1573 241762889951900 2641400
LATENCY 8539000
TIMELINE 37 1589 241762936319900 8539000
LATENCY 2774000
TIMELINE 37 1605 241762991128200 2774000
LATENCY 2794800
TIMELINE 37 1621 241763035419100 2794800
LATENCY 2745000
TIMELINE 37 1637 241763079582900 2745000
LATENCY 2589300
TIMELINE 37 1653 241763125368300 2589300
LATENCY 2609200
TIMELINE 37 1669 241763166804700 2609200
LATENCY 2933300
TIMELINE 37 1685 241763212382300 2933300
LATENCY 2712000
TIMELINE 37 1701 241763259679300 2712000
LATENCY 2801800
TIMELINE 37 1717 241763303424200 2801800
LATENCY 2715700
TIMELINE 37 1733 241763353380000 2715700
LATENCY 2761300
TIMELINE 37 1749 241763398801600 2761300
LATENCY 2733400
TIMELINE 37 1765 241763443063700 2733400
LATENCY 2777700
TIMELINE 37 1781 241763489085900 2777700
LATENCY 2716100
TIMELINE 37 1797 241763534674300 2716100
LATENCY 2678800
TIMELINE 37 1813 241763583718600 2678800
LATENCY 2711600
TIMELINE 37 1829 241763627146700 2711600
LATENCY 2733900
TIMELINE 37 1845 241763670550600 2733900
LATENCY 3057600
TIMELINE 37 1861 241763725153400 3057600
LATENCY 2673500
TIMELINE 37 1877 241763772637800 2673500
LATENCY 2616000
TIMELINE 37 1893 241763816924200 2616000
LATENCY 3058800
TIMELINE 37 1909 241763859004400 3058800
LATENCY 3061600
TIMELINE 37 1925 241763906293500 3061600
LATENCY 2822500
TIMELINE 37 1941 241763951852000 2822500
LATENCY 3086200
TIMELINE 37 1957 241763998166400 3086200
LATENCY 2806300
TIMELINE 37 1973 241764043422200 2806300
LATENCY 2760600
TIMELINE 37 1989 241764091009600 2760600
LATENCY 2749300
TIMELINE 37 2005 241764142287200 2749300
LATENCY 2743900
TIMELINE 37 2021 241764192382200 2743900
LATENCY 2802700
TIMELINE 37 2037 241764237203100 2802700
LATENCY 2778700
TIMELINE 38 6 241759023065600 2778700
LATENCY 2207700
TIMELINE 38 22 241759060852500 2207700
LATENCY 2270300
TIMELINE 38 38 241759095733500 2270300
LATENCY 2132600
TIMELINE 38 54 241759130981200 2132600
LATENCY 2126900
TIMELINE 38 70 241759165436300 2126900
LATENCY 2303800
TIMELINE 38 86 241759202135000 2303800
LATENCY 2120000
TIMELINE 38 102 241759236966100 2120000
LATENCY 2295100
TIMELINE 38 118 241759274185200 2295100
LATENCY 2219500
TIMELINE 38 134 241759328937800 2219500
LATENCY 2129000
TIMELINE 38 150 241759363662500 2129000
LATENCY 2501400
TIMELINE 38 166 241759400001000 2501400
LATENCY 2393000
TIMELINE 38 182 241759435752800 2393000
LATENCY 2071500
TIMELINE 38 198 241759470923100 2071500
LATENCY 2334600
TIMELINE 38 214 241759506881000 2334600
LATENCY 2265300
TIMELINE 38 230 241759543291300 2265300
LATENCY 2371000
TIMELINE 38 246 241759579037000 2371000
LATENCY 2137800
TIMELINE 38 262 241759633151700 2137800
LATENCY 2118100
TIMELINE 38 278 241759667316900 2118100
LATENCY 2276200
TIMELINE 38 294 241759702121700 2276200
LATENCY 2308000
TIMELINE 38 310 241759736702400 2308000
LATENCY 2335200
TIMELINE 38 326 241759772509000 2335200
LATENCY 2336700
TIMELINE 38 342 241759810022900 2336700
LATENCY 2217000
TIMELINE 38 358 241759846510700 2217000
LATENCY 2130900
TIMELINE 38 374 241759882547300 2130900
LATENCY 2184900
TIMELINE 38 390 241759935823900 2184900
LATENCY 2111000
TIMELINE 38 406 241759971338700 2111000
LATENCY 2220400
TIMELINE 38 422 241760013055200 2220400
LATENCY 2107300
TIMELINE 38 438 241760048160300 2107300
LATENCY 2222700
TIMELINE 38 454 241760083660200 2222700
LATENCY 2153300
TIMELINE 38 470 241760118798200 2153300
LATENCY 2082000
TIMELINE 38 486 241760153131200 2082000
LATENCY 2159600
TIMELINE 38 502 241760188724000 2159600
LATENCY 2217000
TIMELINE 38 518 241760225415800 2217000
LATENCY 2132500
TIMELINE 38 534 241760279662200 2132500
LATENCY 2123500
TIMELINE 38 550 241760313897300 2123500
LATENCY 2203100
TIMELINE 38 566 241760349018100 2203100
LATENCY 2175900
TIMELINE 38 582 241760384430500 2175900
LATENCY 2379900
TIMELINE 38 598 241760419577300 2379900
LATENCY 2151000
TIMELINE 38 614 241760454804600 2151000
LATENCY 2169600
TIMELINE 38 630 241760488925500 2169600
LATENCY 2048500
TIMELINE 38 646 241760523293700 2048500
LATENCY 2196300
TIMELINE 38 662 241760576399000 2196300
LATENCY 2184600
TIMELINE 38 678 241760611876400 2184600
LATENCY 2223400
TIMELINE 38 694 241760647355500 2223400
LATENCY 2198600
TIMELINE 38 710 241760682013200 2198600
LATENCY 2127400
TIMELINE 38 726 241760716437400 2127400
LATENCY 2129600
TIMELINE 38 742 241760751538300 2129600
LATENCY 2105400
TIMELINE 38 758 241760785822200 2105400
LATENCY 2646400
TIMELINE 38 774 241760820025900 2646400
LATENCY 2223900
TIMELINE 38 790 241760875173500 2223900
LATENCY 2168100
TIMELINE 38 806 241760910377300 2168100
LATENCY 2304300
TIMELINE 38 822 241760945464000 2304300
LATENCY 2104400
TIMELINE 38 838 241760980310700 2104400
LATENCY 2314900
TIMELINE 38 854 241761015895300 2314900
LATENCY 2157900
TIMELINE 38 870 241761051469100 2157900
LATENCY 2142500
TIMELINE 38 886 241761086725800 2142500
LATENCY 2190900
TIMELINE 38 902 241761122365300 2190900
LATENCY 2101500
TIMELINE 38 918 241761157600600 2101500
LATENCY 2150600
TIMELINE 38 934 241761213082000 2150600
LATENCY 2161100
TIMELINE 38 950 241761247838600 2161100
LATENCY 2117400
TIMELINE 38 966 241761282062200 2117400
LATENCY 2115100
TIMELINE 38 982 241761316136700 2115100
LATENCY 2260000
TIMELINE 38 998 241761352011400 2260000
LATENCY 2180400
TIMELINE 38 1014 241761386969800 2180400
LATENCY 2190700
TIMELINE 38 1030 241761421282700 2190700
LATENCY 2211900
TIMELINE 38 1046 241761458280600 2211900
LATENCY 2128400
TIMELINE 38 1062 241761499604600 2128400
LATENCY 2209400
TIMELINE 38 1078 241761534884700 2209400
LATENCY 2569700
TIMELINE 38 1094 241761571970400 2569700
LATENCY 2139700
TIMELINE 38 1110 241761609311000 2139700
LATENCY 2128800
TIMELINE 38 1126 241761643881700 2128800
LATENCY 2169800
TIMELINE 38 1142 241761680846100 2169800
LATENCY 2215800
TIMELINE 38 1158 241761716705000 2215800
LATENCY 2399000
TIMELINE 38 1174 241761751090200 2399000
LATENCY 2330000
TIMELINE 38 1190 241761792896700 2330000
LATENCY 2210900
TIMELINE 38 1206 241761828720900 2210900
LATENCY 2149600
TIMELINE 38 1222 241761867753600 2149600
LATENCY 3090500
TIMELINE 38 1238 241761910973700 3090500
LATENCY 2667000
TIMELINE 38 1254 241761955894800 2667000
LATENCY 2606300
TIMELINE 38 1270 241761999129600 2606300
LATENCY 2776500
TIMELINE 38 1286 241762050281700 2776500
LATENCY 3050300
TIMELINE 38 1302 241762095957400 3050300
LATENCY 2859800
TIMELINE 38 1318 241762144980900 2859800
LATENCY 2892900
TIMELINE 38 1334 241762199690300 2892900
LATENCY 2798800
TIMELINE 38 1350 241762246008000 2798800
LATENCY 2907400
TIMELINE 38 1366 241762292010100 2907400
LATENCY 2827900
TIMELINE 38 1382 241762337446100 2827900
LATENCY 3085900
TIMELINE 38 1398 241762384909200 3085900
LATENCY 2700400
TIMELINE 38 1414 241762430169200 2700400
LATENCY 2701500
TIMELINE 38 1430 241762472799700 2701500
LATENCY 2753100
TIMELINE 38 1446 241762518464000 2753100
LATENCY 2774900
TIMELINE 38 1462 241762568454700 2774900
LATENCY 3082600
TIMELINE 38 1478 241762616940500 3082600
LATENCY 2818800
TIMELINE 38 1494 241762663915900 2818800
LATENCY 3041100
TIMELINE 38 1510 241762709904000 3041100
LATENCY 2814600
TIMELINE 38 1526 241762755586100 2814600
LATENCY 2777200
TIMELINE 38 1542 241762801474300 2777200
LATENCY 2958700
TIMELINE 38 1558 241762846204200 2958700
LATENCY 2644200
TIMELINE 38 1574 241762892016300 2644200
LATENCY 2804400
TIMELINE 38 1590 241762944243800 2804400
LATENCY 2766100
TIMELINE 38 1606 241762993277800 2766100
LATENCY 2735400
TIMELINE 38 1622 241763037620800 2735400
LATENCY 2812800
TIMELINE 38 1638 241763081735900 2812800
LATENCY 2599300
TIMELINE 38 1654 241763127397800 2599300
LATENCY 2553800
TIMELINE 38 1670 241763168840000 2553800
LATENCY 2940200
TIMELINE 38 1686 241763214697100 2940200
LATENCY 2707500
TIMELINE 38 1702 241763261843000 2707500
LATENCY 2726100
TIMELINE 38 1718 241763305660500 2726100
LATENCY 2725400
TIMELINE 38 1734 241763355564800 2725400
LATENCY 2739200
TIMELINE 38 1750 241763401021700 2739200
LATENCY 2803800
TIMELINE 38 1766 241763445271600 2803800
LATENCY 3023000
TIMELINE 38 1782 241763491112200 3023000
LATENCY 2715000
TIMELINE 38 1798 241763536720700 2715000
LATENCY 2759600
TIMELINE 38 1814 241763585746900 2759600
LATENCY 2712000
TIMELINE 38 1830 241763629153200 2712000
LATENCY 2692700
TIMELINE 38 1846 241763672638000 2692700
LATENCY 3056200
TIMELINE 38 1862 241763727517200 3056200
LATENCY 2697700
TIMELINE 38 1878 241763774668800 2697700
LATENCY 2822100
TIMELINE 38 1894 241763818916400 2822100
LATENCY 2583400
TIMELINE 38 1910 241763861472700 2583400
LATENCY 3032300
TIMELINE 38 1926 241763908707200 3032300
LATENCY 2786300
TIMELINE 38 1942 241763953980300 2786300
LATENCY 3062800
TIMELINE 38 1958 241764000643700 3062800
LATENCY 2854000
TIMELINE 38 1974 241764045646400 2854000
LATENCY 8621300
TIMELINE 38 1990 241764093216900 8621300
LATENCY 2759100
TIMELINE 38 2006 241764144477600 2759100
LATENCY 2671300
TIMELINE 38 2022 241764194567700 2671300
LATENCY 2762300
TIMELINE 38 2038 241764239452800 2762300
LATENCY 2852400
TIMELINE 39 7 241759025713600 2852400
LATENCY 2172800
TIMELINE 39 23 241759062940100 2172800
LATENCY 2203500
TIMELINE 39 39 241759097851700 2203500
LATENCY 2151200
TIMELINE 39 55 241759132921200 2151200
LATENCY 2321200
TIMELINE 39 71 241759167368400 2321200
LATENCY 2181200
TIMELINE 39 87 241759204159600 2181200
LATENCY 2203700
TIMELINE 39 103 241759238813800 2203700
LATENCY 2241700
TIMELINE 39 119 241759275809700 2241700
LATENCY 2243800
TIMELINE 39 135 241759330458600 2243800
LATENCY 2131300
TIMELINE 39 151 241759365059100 2131300
LATENCY 2336200
TIMELINE 39 167 241759401628300 2336200
LATENCY 2247700
TIMELINE 39 183 241759437222600 2247700
LATENCY 2117400
TIMELINE 39 199 241759472092800 2117400
LATENCY 2392900
TIMELINE 39 215 241759508046500 2392900
LATENCY 2222600
TIMELINE 39 231 241759544457100 2222600
LATENCY 2264200
TIMELINE 39 247 241759580293100 2264200
LATENCY 2150400
TIMELINE 39 263 241759634055100 2150400
LATENCY 2122200
TIMELINE 39 279 241759668233000 2122200
LATENCY 2631500
TIMELINE 39 295 241759703117200 2631500
LATENCY 2176200
TIMELINE 39 311 241759738068600 2176200
LATENCY 2256900
TIMELINE 39 327 241759773843300 2256900
LATENCY 2322900
TIMELINE 39 343 241759811524000 2322900
LATENCY 2220500
TIMELINE 39 359 241759847912300 2220500
LATENCY 2149800
TIMELINE 39 375 241759883897900 2149800
LATENCY 2376400
TIMELINE 39 391 241759937204500 2376400
LATENCY 2124400
TIMELINE 39 407 241759972654400 2124400
LATENCY 2336100
TIMELINE 39 423 241760014274000 2336100
LATENCY 2132000
TIMELINE 39 439 241760049258200 2132000
LATENCY 2280300
TIMELINE 39 455 241760084900700 2280300
LATENCY 2171900
TIMELINE 39 471 241760120010400 2171900
LATENCY 2114300
TIMELINE 39 487 241760154197500 2114300
LATENCY 2180700
TIMELINE 39 503 241760189901100 2180700
LATENCY 2198400
TIMELINE 39 519 241760226621900 2198400
LATENCY 2140900
TIMELINE 39 535 241760280852900 2140900
LATENCY 2141300
TIMELINE 39 551 241760315057700 2141300
LATENCY 2194600
TIMELINE 39 567 241760350281800 2194600
LATENCY 2232400
TIMELINE 39 583 241760385778200 2232400
LATENCY 2372100
TIMELINE 39 599 241760421115400 2372100
LATENCY 2183800
TIMELINE 39 615 241760456177900 2183800
LATENCY 2143000
TIMELINE 39 631 241760490334600 2143000
LATENCY 2103100
TIMELINE 39 647 241760524640600 2103100
LATENCY 2115000
TIMELINE 39 663 241760577890200 2115000
LATENCY 2218900
TIMELINE 39 679 241760613159100 2218900
LATENCY 2250900
TIMELINE 39 695 241760648727400 2250900
LATENCY 2193400
TIMELINE 39 711 241760683525000 2193400
LATENCY 2130800
TIMELINE 39 727 241760717903600 2130800
LATENCY 2136000
TIMELINE 39 743 241760753081600 2136000
LATENCY 2118800
TIMELINE 39 759 241760787356400 2118800
LATENCY 2338000
TIMELINE 39 775 241760821893800 2338000
LATENCY 2331500
TIMELINE 39 791 241760876756700 2331500
LATENCY 2152400
TIMELINE 39 807 241760911980200 2152400
LATENCY 2388500
TIMELINE 39 823 241760946857300 2388500
LATENCY 2174600
TIMELINE 39 839 241760981599100 2174600
LATENCY 2175300
TIMELINE 39 855 241761017916100 2175300
LATENCY 2395300
TIMELINE 39 871 241761053264600 2395300
LATENCY 2181900
TIMELINE 39 887 241761088516900 2181900
LATENCY 2153600
TIMELINE 39 903 241761124135900 2153600
LATENCY 2124700
TIMELINE 39 919 241761159100800 2124700
LATENCY 2119300
TIMELINE 39 935 241761214778300 2119300
LATENCY 2148500
TIMELINE 39 951 241761249474400 2148500
LATENCY 2060000
TIMELINE 39 967 241761283683700 2060000
LATENCY 2139500
TIMELINE 39 983 241761317739300 2139500
LATENCY 2203400
TIMELINE 39 999 241761353733700 2203400
LATENCY 2213600
TIMELINE 39 1015 241761388601700 2213600
LATENCY 2172700
TIMELINE 39 1031 241761422927700 2172700
LATENCY 2302000
TIMELINE 39 1047 241761460040400 2302000
LATENCY 2116800
TIMELINE 39 1063 241761501335500 2116800
LATENCY 2235500
TIMELINE 39 1079 241761536825200 2235500
LATENCY 2693300
TIMELINE 39 1095 241761574102300 2693300
LATENCY 2177100
TIMELINE 39 1111 241761611256400 2177100
LATENCY 2252300
TIMELINE 39 1127 241761645813500 2252300
LATENCY 2215600
TIMELINE 39 1143 241761682837900 2215600
LATENCY 2146800
TIMELINE 39 1159 241761718748400 2146800
LATENCY 2188900
TIMELINE 39 1175 241761753283300 2188900
LATENCY 2339700
TIMELINE 39 1191 241761795104100 2339700
LATENCY 2295500
TIMELINE 39 1207 241761830794300 2295500
LATENCY 2166500
TIMELINE 39 1223 241761869788500 2166500
LATENCY 2743700
TIMELINE 39 1239 241761914021900 2743700
LATENCY 2771000
TIMELINE 39 1255 241761958528700 2771000
LATENCY 2590000
TIMELINE 39 1271 241762001661600 2590000
LATENCY 2817600
TIMELINE 39 1287 241762052984000 2817600
LATENCY 3067800
TIMELINE 39 1303 241762098926400 3067800
LATENCY 2962700
TIMELINE 39 1319 241762147770200 2962700
LATENCY 2937700
TIMELINE 39 1335 241762202494000 2937700
LATENCY 2870000
TIMELINE 39 1351 241762248932400 2870000
LATENCY 2882300
TIMELINE 39 1367 241762295047200 2882300
LATENCY 3043900
TIMELINE 39 1383 241762340440500 3043900
LATENCY 3229400
TIMELINE 39 1399 241762388126500 3229400
LATENCY 2718100
TIMELINE 39 1415 241762433137900 2718100
LATENCY 2955700
TIMELINE 39 1431 241762475800400 2955700
LATENCY 2761500
TIMELINE 39 1447 241762521498400 2761500
LATENCY 3060500
TIMELINE 39 1463 241762571533700 3060500
LATENCY 3026000
TIMELINE 39 1479 241762620283900 3026000
LATENCY 2801500
TIMELINE 39 1495 241762667047800 2801500
LATENCY 3035400
TIMELINE 39 1511 241762713298500 3035400
LATENCY 2772500
TIMELINE 39 1527 241762758723100 2772500
LATENCY 2824600
TIMELINE 39 1543 241762804579900 2824600
LATENCY 2971300
TIMELINE 39 1559 241762849666600 2971300
LATENCY 2903500
TIMELINE 39 1575 241762895100500 2903500
LATENCY 2784400
TIMELINE 39 1591 241762947402400 2784400
LATENCY 2779800
TIMELINE 39 1607 241762996357200 2779800
LATENCY 2743700
TIMELINE 39 1623 241763040665300 2743700
LATENCY 2730200
TIMELINE 39 1639 241763084817500 2730200
LATENCY 2605800
TIMELINE 39 1655 241763130250500 2605800
LATENCY 2572700
TIMELINE 39 1671 241763171638200 2572700
LATENCY 2967500
TIMELINE 39 1687 241763217939600 2967500
LATENCY 2737800
TIMELINE 39 1703 241763264821100 2737800
LATENCY 2778400
TIMELINE 39 1719 241763308651800 2778400
LATENCY 2744200
TIMELINE 39 1735 241763358565700 2744200
LATENCY 2755600
TIMELINE 39 1751 241763404036300 2755600
LATENCY 2728800
TIMELINE 39 1767 241763448342600 2728800
LATENCY 4452200
TIMELINE 39 1783 241763494803600 4452200
LATENCY 2766000
TIMELINE 39 1799 241763539850100 2766000
LATENCY 2771400
TIMELINE 39 1815 241763588916500 2771400
LATENCY 2700100
TIMELINE 39 1831 241763632293800 2700100
LATENCY 2668600
TIMELINE 39 1847 241763675767500 2668600
LATENCY 2995000
TIMELINE 39 1863 241763731114200 2995000
LATENCY 2703700
TIMELINE 39 1879 241763777876900 2703700
LATENCY 2639400
TIMELINE 39 1895 241763822327700 2639400
LATENCY 3206800
TIMELINE 39 1911 241763864481600 3206800
LATENCY 2988400
TIMELINE 39 1927 241763912215400 2988400
LATENCY 2722000
TIMELINE 39 1943 241763957279200 2722000
LATENCY 3031100
TIMELINE 39 1959 241764004178700 3031100
LATENCY 3058900
TIMELINE 39 1975 241764048979900 3058900
LATENCY 3019900
TIMELINE 39 1991 241764102321000 3019900
LATENCY 2843300
TIMELINE 39 2007 241764147675700 2843300
LATENCY 2727800
TIMELINE 39 2023 241764197679900 2727800
LATENCY 2809400
TIMELINE 39 2039 241764242671800 2809400
LATENCY 2496700
TIMELINE 40 8 241759028779300 2496700
LATENCY 2167400
TIMELINE 40 24 241759065286800 2167400
LATENCY 2195100
TIMELINE 40 40 241759100298900 2195100
LATENCY 2153400
TIMELINE 40 56 241759135369300 2153400
LATENCY 2205000
TIMELINE 40 72 241759170027400 2205000
LATENCY 2213900
TIMELINE 40 88 241759206796400 2213900
LATENCY 2189900
TIMELINE 40 104 241759241486200 2189900
LATENCY 2168800
TIMELINE 40 120 241759278327000 2168800
LATENCY 2112500
TIMELINE 40 136 241759332930200 2112500
LATENCY 2148000
TIMELINE 40 152 241759367446200 2148000
LATENCY 2380200
TIMELINE 40 168 241759404094600 2380200
LATENCY 2141600
TIMELINE 40 184 241759439613300 2141600
LATENCY 2109900
TIMELINE 40 200 241759474360500 2109900
LATENCY 2371500
TIMELINE 40 216 241759511049200 2371500
LATENCY 2249600
TIMELINE 40 232 241759547284600 2249600
LATENCY 2267200
TIMELINE 40 248 241759583297800 2267200
LATENCY 2118900
TIMELINE 40 264 241759637033100 2118900
LATENCY 2111600
TIMELINE 40 280 241759671153500 2111600
LATENCY 2150600
TIMELINE 40 296 241759706417900 2150600
LATENCY 2224300
TIMELINE 40 312 241759741015700 2224300
LATENCY 2355400
TIMELINE 40 328 241759777072400 2355400
LATENCY 2312300
TIMELINE 40 344 241759814425700 2312300
LATENCY 2255900
TIMELINE 40 360 241759850771600 2255900
LATENCY 2138900
TIMELINE 40 376 241759886673400 2138900
LATENCY 2377500
TIMELINE 40 392 241759940160000 2377500
LATENCY 2839100
TIMELINE 40 408 241759975265700 2839100
LATENCY 2141200
TIMELINE 40 424 241760017179200 2141200
LATENCY 2135300
TIMELINE 40 440 241760052041200 2135300
LATENCY 2167800
TIMELINE 40 456 241760087791900 2167800
LATENCY 2147000
TIMELINE 40 472 241760122771200 2147000
LATENCY 2087100
TIMELINE 40 488 241760156910500 2087100
LATENCY 2152900
TIMELINE 40 504 241760192660700 2152900
LATENCY 2194600
TIMELINE 40 520 241760229438400 2194600
LATENCY 2088300
TIMELINE 40 536 241760283698300 2088300
LATENCY 2375600
TIMELINE 40 552 241760317879100 2375600
LATENCY 2152200
TIMELINE 40 568 241760353099000 2152200
LATENCY 2148100
TIMELINE 40 584 241760388560300 2148100
LATENCY 2261700
TIMELINE 40 600 241760423966500 2261700
LATENCY 2137900
TIMELINE 40 616 241760458790700 2137900
LATENCY 2099700
TIMELINE 40 632 241760492913200 2099700
LATENCY 2139200
TIMELINE 40 648 241760527184200 2139200
LATENCY 2673100
TIMELINE 40 664 241760580397400 2673100
LATENCY 2189800
TIMELINE 40 680 241760616139400 2189800
LATENCY 2240600
TIMELINE 40 696 241760651738400 2240600
LATENCY 2111200
TIMELINE 40 712 241760686438500 2111200
LATENCY 2127900
TIMELINE 40 728 241760720839000 2127900
LATENCY 2255400
TIMELINE 40 744 241760755984100 2255400
LATENCY 2119800
TIMELINE 40 760 241760790225900 2119800
LATENCY 2339300
TIMELINE 40 776 241760825022000 2339300
LATENCY 2351700
TIMELINE 40 792 241760879848100 2351700
LATENCY 2156500
TIMELINE 40 808 241760914808900 2156500
LATENCY 2147300
TIMELINE 40 824 241760949914000 2147300
LATENCY 2096100
TIMELINE 40 840 241760984381900 2096100
LATENCY 2125200
TIMELINE 40 856 241761020063500 2125200
LATENCY 2169800
TIMELINE 40 872 241761055756000 2169800
LATENCY 2334500
TIMELINE 40 888 241761090756200 2334500
LATENCY 2123700
TIMELINE 40 904 241761126606500 2123700
LATENCY 2086500
TIMELINE 40 920 241761161662100 2086500
LATENCY 2159300
TIMELINE 40 936 241761217192200 2159300
LATENCY 2138400
TIMELINE 40 952 241761251931500 2138400
LATENCY 2042500
TIMELINE 40 968 241761286052800 2042500
LATENCY 2303600
TIMELINE 40 984 241761320197800 2303600
LATENCY 2258700
TIMELINE 40 1000 241761356295100 2258700
LATENCY 2163700
TIMELINE 40 1016 241761391179400 2163700
LATENCY 2169000
TIMELINE 40 1032 241761425485200 2169000
LATENCY 2176600
TIMELINE 40 1048 241761463327800 2176600
LATENCY 2272400
TIMELINE 40 1064 241761504426300 2272400
LATENCY 2185600
TIMELINE 40 1080 241761539909400 2185600
LATENCY 2288900
TIMELINE 40 1096 241761577876900 2288900
LATENCY 2164300
TIMELINE 40 1112 241761614141200 2164300
LATENCY 2464000
TIMELINE 40 1128 241761648773900 2464000
LATENCY 2149600
TIMELINE 40 1144 241761685594500 2149600
LATENCY 2154100
TIMELINE 40 1160 241761721488200 2154100
LATENCY 2503600
TIMELINE 40 1176 241761756197900 2503600
LATENCY 2244400
TIMELINE 40 1192 241761798089700 2244400
LATENCY 2310600
TIMELINE 40 1208 241761833669200 2310600
LATENCY 2110700
TIMELINE 40 1224 241761872547200 2110700
LATENCY 2724700
TIMELINE 40 1240 241761917444700 2724700
LATENCY 2614600
TIMELINE 40 1256 241761961982600 2614600
LATENCY 2562300
TIMELINE 40 1272 241762004877200 2562300
LATENCY 2854100
TIMELINE 40 1288 241762056475800 2854100
LATENCY 3038600
TIMELINE 40 1304 241762102720300 3038600
LATENCY 2865000
TIMELINE 40 1320 241762151403100 2865000
LATENCY 2870300
TIMELINE 40 1336 241762206095300 2870300
LATENCY 2816800
TIMELINE 40 1352 241762252331700 2816800
LATENCY 2825100
TIMELINE 40 1368 241762298475000 2825100
LATENCY 3030000
TIMELINE 40 1384 241762344090800 3030000
LATENCY 3044200
TIMELINE 40 1400 241762391947300 3044200
LATENCY 2671600
TIMELINE 40 1416 241762436332400 2671600
LATENCY 2935600
TIMELINE 40 1432 241762479282800 2935600
LATENCY 2759700
TIMELINE 40 1448 241762524761600 2759700
LATENCY 2958400
TIMELINE 40 1464 241762575107800 2958400
LATENCY 3015100
TIMELINE 40 1480 241762623823400 3015100
LATENCY 2837800
TIMELINE 40 1496 241762670341100 2837800
LATENCY 3048600
TIMELINE 40 1512 241762716897500 3048600
LATENCY 2784000
TIMELINE 40 1528 241762761993900 2784000
LATENCY 2997400
TIMELINE 40 1544 241762807915700 2997400
LATENCY 3576900
TIMELINE 40 1560 241762853076600 3576900
LATENCY 2946600
TIMELINE 40 1576 241762898585300 2946600
LATENCY 2776800
TIMELINE 40 1592 241762950729900 2776800
LATENCY 2765900
TIMELINE 40 1608 241762999744500 2765900
LATENCY 2711400
TIMELINE 40 1624 241763043987200 2711400
LATENCY 2742200
TIMELINE 40 1640 241763088175600 2742200
LATENCY 2566000
TIMELINE 40 1656 241763133435300 2566000
LATENCY 2610000
TIMELINE 40 1672 241763174757700 2610000
LATENCY 2923600
TIMELINE 40 1688 241763221571200 2923600
LATENCY 2686900
TIMELINE 40 1704 241763268129300 2686900
LATENCY 2707000
TIMELINE 40 1720 241763312003900 2707000
LATENCY 2732300
TIMELINE 40 1736 241763361878300 2732300
LATENCY 2719500
TIMELINE 40 1752 241763407362600 2719500
LATENCY 2725400
TIMELINE 40 1768 241763451638700 2725400
LATENCY 2550100
TIMELINE 40 1784 241763499851000 2550100
LATENCY 3987400
TIMELINE 40 1800 241763543239000 3987400
LATENCY 2679500
TIMELINE 40 1816 241763592282500 2679500
LATENCY 2759400
TIMELINE 40 1832 241763635547800 2759400
LATENCY 2687200
TIMELINE 40 1848 241763678996600 2687200
LATENCY 3026400
TIMELINE 40 1864 241763734605300 3026400
LATENCY 2680100
TIMELINE 40 1880 241763781068200 2680100
LATENCY 2598000
TIMELINE 40 1896 241763825409000 2598000
LATENCY 3051700
TIMELINE 40 1912 241763868905300 3051700
LATENCY 3028100
TIMELINE 40 1928 241763915760600 3028100
LATENCY 2744600
TIMELINE 40 1944 241763960465500 2744600
LATENCY 3128500
TIMELINE 40 1960 241764007737900 3128500
LATENCY 3045100
TIMELINE 40 1976 241764052526800 3045100
LATENCY 3058000
TIMELINE 40 1992 241764105828500 3058000
LATENCY 3026800
TIMELINE 40 2008 241764151010000 3026800
LATENCY 2716900
TIMELINE 40 2024 241764200895400 2716900
LATENCY 2769300
TIMELINE 40 2040 241764245935600 2769300
LATENCY 2306200
TIMELINE 41 9 241759031212300 2306200
LATENCY 2147600
TIMELINE 41 25 241759067489400 2147600
LATENCY 2204800
TIMELINE 41 41 241759102463300 2204800
LATENCY 2160700
TIMELINE 41 57 241759137492700 2160700
LATENCY 2213900
TIMELINE 41 73 241759172201800 2213900
LATENCY 2172800
TIMELINE 41 89 241759209131700 2172800
LATENCY 2191500
TIMELINE 41 105 241759243827300 2191500
LATENCY 2197500
TIMELINE 41 121 241759280464100 2197500
LATENCY 2121000
TIMELINE 41 137 241759335013100 2121000
LATENCY 2094000
TIMELINE 41 153 241759369506200 2094000
LATENCY 2295400
TIMELINE 41 169 241759406334900 2295400
LATENCY 2319400
TIMELINE 41 185 241759441587800 2319400
LATENCY 2101500
TIMELINE 41 201 241759476387300 2101500
LATENCY 2388100
TIMELINE 41 217 241759513029800 2388100
LATENCY 2269500
TIMELINE 41 233 241759549137800 2269500
LATENCY 2240000
TIMELINE 41 249 241759585343400 2240000
LATENCY 2128100
TIMELINE 41 265 241759638866600 2128100
LATENCY 2160400
TIMELINE 41 281 241759673001400 2160400
LATENCY 2155700
TIMELINE 41 297 241759708240200 2155700
LATENCY 2177500
TIMELINE 41 313 241759742902000 2177500
LATENCY 2561900
TIMELINE 41 329 241759778879300 2561900
LATENCY 2290800
TIMELINE 41 345 241759816292700 2290800
LATENCY 2237200
TIMELINE 41 361 241759852488700 2237200
LATENCY 2179500
TIMELINE 41 377 241759888290600 2179500
LATENCY 2242400
TIMELINE 41 393 241759941961400 2242400
LATENCY 4083500
TIMELINE 41 409 241759976807700 4083500
LATENCY 2204500
TIMELINE 41 425 241760018591400 2204500
LATENCY 2108300
TIMELINE 41 441 241760053541900 2108300
LATENCY 2179800
TIMELINE 41 457 241760089332400 2179800
LATENCY 2124600
TIMELINE 41 473 241760124269000 2124600
LATENCY 2140600
TIMELINE 41 489 241760158349500 2140600
LATENCY 2136400
TIMELINE 41 505 241760194150600 2136400
LATENCY 2165500
TIMELINE 41 521 241760231070300 2165500
LATENCY 2108300
TIMELINE 41 537 241760285206000 2108300
LATENCY 2451200
TIMELINE 41 553 241760319572800 2451200
LATENCY 2176500
TIMELINE 41 569 241760354719400 2176500
LATENCY 2161900
TIMELINE 41 585 241760390297300 2161900
LATENCY 2218500
TIMELINE 41 601 241760425826100 2218500
LATENCY 2131200
TIMELINE 41 617 241760460551600 2131200
LATENCY 2154400
TIMELINE 41 633 241760494642300 2154400
LATENCY 2122600
TIMELINE 41 649 241760528956600 2122600
LATENCY 2542700
TIMELINE 41 665 241760582046000 2542700
LATENCY 2176100
TIMELINE 41 681 241760617701600 2176100
LATENCY 2200800
TIMELINE 41 697 241760653281100 2200800
LATENCY 2133000
TIMELINE 41 713 241760687779400 2133000
LATENCY 2156000
TIMELINE 41 729 241760722080900 2156000
LATENCY 2233900
TIMELINE 41 745 241760757334900 2233900
LATENCY 2067500
TIMELINE 41 761 241760791534500 2067500
LATENCY 2272900
TIMELINE 41 777 241760826504900 2272900
LATENCY 2187700
TIMELINE 41 793 241760881417400 2187700
LATENCY 2218800
TIMELINE 41 809 241760916266700 2218800
LATENCY 2174800
TIMELINE 41 825 241760951341800 2174800
LATENCY 2119700
TIMELINE 41 841 241760985828300 2119700
LATENCY 2130700
TIMELINE 41 857 241761022066000 2130700
LATENCY 2268200
TIMELINE 41 873 241761057781400 2268200
LATENCY 2434400
TIMELINE 41 889 241761092879700 2434400
LATENCY 2148700
TIMELINE 41 905 241761128618600 2148700
LATENCY 2128600
TIMELINE 41 921 241761163548900 2128600
LATENCY 2546900
TIMELINE 41 937 241761219148600 2546900
LATENCY 2094700
TIMELINE 41 953 241761253904700 2094700
LATENCY 2154400
TIMELINE 41 969 241761287927600 2154400
LATENCY 2244400
TIMELINE 41 985 241761322316600 2244400
LATENCY 2191400
TIMELINE 41 1001 241761358340500 2191400
LATENCY 2165400
TIMELINE 41 1017 241761393135000 2165400
LATENCY 3215300
TIMELINE 41 1033 241761427432300 3215300
LATENCY 2210700
TIMELINE 41 1049 241761465240900 2210700
LATENCY 2550400
TIMELINE 41 1065 241761506426000 2550400
LATENCY 2174600
TIMELINE 41 1081 241761541892000 2174600
LATENCY 2248500
TIMELINE 41 1097 241761579851400 2248500
LATENCY 2158100
TIMELINE 41 1113 241761615987000 2158100
LATENCY 2404600
TIMELINE 41 1129 241761651357700 2404600
LATENCY 2266500
TIMELINE 41 1145 241761687974400 2266500
LATENCY 2169600
TIMELINE 41 1161 241761723704700 2169600
LATENCY 2434600
TIMELINE 41 1177 241761758612900 2434600
LATENCY 2210800
TIMELINE 41 1193 241761800302800 2210800
LATENCY 2142200
TIMELINE 41 1209 241761836021900 2142200
LATENCY 2104000
TIMELINE 41 1225 241761874749500 2104000
LATENCY 2709000
TIMELINE 41 1241 241761920282700 2709000
LATENCY 2614400
TIMELINE 41 1257 241761964666800 2614400
LATENCY 7706700
TIMELINE 41 1273 241762007508400 7706700
LATENCY 2810200
TIMELINE 41 1289 241762059427500 2810200
LATENCY 3050100
TIMELINE 41 1305 241762105854000 3050100
LATENCY 2864500
TIMELINE 41 1321 241762154353500 2864500
LATENCY 2825800
TIMELINE 41 1337 241762209056100 2825800
LATENCY 2846700
TIMELINE 41 1353 241762255232100 2846700
LATENCY 2766000
TIMELINE 41 1369 241762301263300 2766000
LATENCY 2903500
TIMELINE 41 1385 241762347082200 2903500
LATENCY 3089600
TIMELINE 41 1401 241762394949200 3089600
LATENCY 2750900
TIMELINE 41 1417 241762438965000 2750900
LATENCY 2975900
TIMELINE 41 1433 241762482179400 2975900
LATENCY 2814700
TIMELINE 41 1449 241762527484100 2814700
LATENCY 3064100
TIMELINE 41 1465 241762578109600 3064100
LATENCY 3051400
TIMELINE 41 1481 241762626891300 3051400
LATENCY 2921400
TIMELINE 41 1497 241762673133600 2921400
LATENCY 2936600
TIMELINE 41 1513 241762719904500 2936600
LATENCY 2801800
TIMELINE 41 1529 241762764741700 2801800
LATENCY 2831400
TIMELINE 41 1545 241762810877000 2831400
LATENCY 3160300
TIMELINE 41 1561 241762856709000 3160300
LATENCY 2966700
TIMELINE 41 1577 241762901492200 2966700
LATENCY 2789900
TIMELINE 41 1593 241762953465700 2789900
LATENCY 2759000
TIMELINE 41 1609 241763002469900 2759000
LATENCY 2709500
TIMELINE 41 1625 241763046660600 2709500
LATENCY 2787700
TIMELINE 41 1641 241763090881400 2787700
LATENCY 2593100
TIMELINE 41 1657 241763135961000 2593100
LATENCY 2756500
TIMELINE 41 1673 241763177337000 2756500
LATENCY 2977100
TIMELINE 41 1689 241763224413000 2977100
LATENCY 2715500
TIMELINE 41 1705 241763270710200 2715500
LATENCY 2774900
TIMELINE 41 1721 241763314594300 2774900
LATENCY 2745200
TIMELINE 41 1737 241763364495100 2745200
LATENCY 2764700
TIMELINE 41 1753 241763410005900 2764700
LATENCY 2777100
TIMELINE 41 1769 241763454286300 2777100
LATENCY 2622900
TIMELINE 41 1785 241763502191700 2622900
LATENCY 3084100
TIMELINE 41 1801 241763547400600 3084100
LATENCY 2757000
TIMELINE 41 1817 241763595106700 2757000
LATENCY 2673200
TIMELINE 41 1833 241763638464500 2673200
LATENCY 2661000
TIMELINE 41 1849 241763681827700 2661000
LATENCY 3076000
TIMELINE 41 1865 241763737802500 3076000
LATENCY 2717100
TIMELINE 41 1881 241763783914800 2717100
LATENCY 2597200
TIMELINE 41 1897 241763828200600 2597200
LATENCY 3044200
TIMELINE 41 1913 241763872089700 3044200
LATENCY 3054000
TIMELINE 41 1929 241763918920400 3054000
LATENCY 2813000
TIMELINE 41 1945 241763963329500 2813000
LATENCY 2577900
TIMELINE 41 1961 241764010986100 2577900
LATENCY 3047500
TIMELINE 41 1977 241764055745700 3047500
LATENCY 3089600
TIMELINE 41 1993 241764109064700 3089600
LATENCY 3032900
TIMELINE 41 2009 241764154226800 3032900
LATENCY 2711900
TIMELINE 41 2025 241764203765700 2711900
LATENCY 2760700
TIMELINE 41 2041 241764248864000 2760700
LATENCY 2232000
TIMELINE 42 10 241759033454600 2232000
LATENCY 2202100
TIMELINE 42 26 241759069519300 2202100
LATENCY 2271400
TIMELINE 42 42 241759104583500 2271400
LATENCY 2152000
TIMELINE 42 58 241759139563100 2152000
LATENCY 2136800
TIMELINE 42 74 241759174350600 2136800
LATENCY 2161700
TIMELINE 42 90 241759210918500 2161700
LATENCY 2356800
TIMELINE 42 106 241759245608800 2356800
LATENCY 2159500
TIMELINE 42 122 241759282967500 2159500
LATENCY 2097000
TIMELINE 42 138 241759337460800 2097000
LATENCY 2097600
TIMELINE 42 154 241759371997200 2097600
LATENCY 2379800
TIMELINE 42 170 241759408915500 2379800
LATENCY 2254900
TIMELINE 42 186 241759444424300 2254900
LATENCY 2131500
TIMELINE 42 202 241759478989200 2131500
LATENCY 2357800
TIMELINE 42 218 241759515738700 2357800
LATENCY 2142600
TIMELINE 42 234 241759551690100 2142600
LATENCY 2286700
TIMELINE 42 250 241759587456800 2286700
LATENCY 2149000
TIMELINE 42 266 241759640882700 2149000
LATENCY 2119100
TIMELINE 42 282 241759675051000 2119100
LATENCY 2166900
TIMELINE 42 298 241759710194800 2166900
LATENCY 2190700
TIMELINE 42 314 241759744729900 2190700
LATENCY 2472800
TIMELINE 42 330 241759780943400 2472800
LATENCY 2260100
TIMELINE 42 346 241759818077100 2260100
LATENCY 2206600
TIMELINE 42 362 241759854329200 2206600
LATENCY 2182300
TIMELINE 42 378 241759890041600 2182300
LATENCY 2289800
TIMELINE 42 394 241759943856200 2289800
LATENCY 5037100
TIMELINE 42 410 241759979921900 5037100
LATENCY 2155600
TIMELINE 42 426 241760020829700 2155600
LATENCY 2239600
TIMELINE 42 442 241760055684300 2239600
LATENCY 2154100
TIMELINE 42 458 241760091584200 2154100
LATENCY 2102600
TIMELINE 42 474 241760126537400 2102600
LATENCY 2132700
TIMELINE 42 490 241760160608300 2132700
LATENCY 2162100
TIMELINE 42 506 241760196401800 2162100
LATENCY 21372500
TIMELINE 42 522 241760233269300 21372500
LATENCY 2120500
TIMELINE 42 538 241760287178600 2120500
LATENCY 2237400
TIMELINE 42 554 241760321967100 2237400
LATENCY 2110900
TIMELINE 42 570 241760356780000 2110900
LATENCY 2147800
TIMELINE 42 586 241760392196000 2147800
LATENCY 2285000
TIMELINE 42 602 241760427691800 2285000
LATENCY 2108600
TIMELINE 42 618 241760462337300 2108600
LATENCY 2130000
TIMELINE 42 634 241760496441600 2130000
LATENCY 2116100
TIMELINE 42 650 241760530736100 2116100
LATENCY 2191200
TIMELINE 42 666 241760584365700 2191200
LATENCY 2210500
TIMELINE 42 682 241760619507800 2210500
LATENCY 2186800
TIMELINE 42 698 241760655136700 2186800
LATENCY 2153300
TIMELINE 42 714 241760689623800 2153300
LATENCY 2133400
TIMELINE 42 730 241760723967700 2133400
LATENCY 2102900
TIMELINE 42 746 241760759317400 2102900
LATENCY 2101800
TIMELINE 42 762 241760793355700 2101800
LATENCY 2177400
TIMELINE 42 778 241760828521300 2177400
LATENCY 2072800
TIMELINE 42 794 241760883401500 2072800
LATENCY 2180300
TIMELINE 42 810 241760918238200 2180300
LATENCY 2126400
TIMELINE 42 826 241760953138000 2126400
LATENCY 2154800
TIMELINE 42 842 241760987652000 2154800
LATENCY 2126300
TIMELINE 42 858 241761023461700 2126300
LATENCY 2329900
TIMELINE 42 874 241761059169900 2329900
LATENCY 2321400
TIMELINE 42 890 241761094247900 2321400
LATENCY 2339100
TIMELINE 42 906 241761129680800 2339100
LATENCY 2139100
TIMELINE 42 922 241761164692300 2139100
LATENCY 2369000
TIMELINE 42 938 241761220467300 2369000
LATENCY 2094800
TIMELINE 42 954 241761255029300 2094800
LATENCY 2152100
TIMELINE 42 970 241761289037900 2152100
LATENCY 2316200
TIMELINE 42 986 241761323441800 2316200
LATENCY 2126400
TIMELINE 42 1002 241761359506700 2126400
LATENCY 2120500
TIMELINE 42 1018 241761394258900 2120500
LATENCY 2765100
TIMELINE 42 1034 241761428598100 2765100
LATENCY 2200000
TIMELINE 42 1050 241761465869900 2200000
LATENCY 2420600
TIMELINE 42 1066 241761507073800 2420600
LATENCY 2178400
TIMELINE 42 1082 241761542411000 2178400
LATENCY 2369900
TIMELINE 42 1098 241761580308100 2369900
LATENCY 2162400
TIMELINE 42 1114 241761616477600 2162400
LATENCY 2407900
TIMELINE 42 1130 241761651494700 2407900
LATENCY 2275600
TIMELINE 42 1146 241761688090500 2275600
LATENCY 2176200
TIMELINE 42 1162 241761723916700 2176200
LATENCY 2442000
TIMELINE 42 1178 241761758873000 2442000
LATENCY 2211900
TIMELINE 42 1194 241761800512200 2211900
LATENCY 2134000
TIMELINE 42 1210 241761836291400 2134000
LATENCY 2121400
TIMELINE 42 1226 241761875154000 2121400
LATENCY 2723600
TIMELINE 42 1242 241761920708600 2723600
LATENCY 2582800
TIMELINE 42 1258 241761965153700 2582800
LATENCY 7789100
TIMELINE 42 1274 241762007794200 7789100
LATENCY 2848200
TIMELINE 42 1290 241762059746800 2848200
LATENCY 3067600
TIMELINE 42 1306 241762106188800 3067600
LATENCY 2902000
TIMELINE 42 1322 241762154665700 2902000
LATENCY 2853100
TIMELINE 42 1338 241762209370900 2853100
LATENCY 2844100
TIMELINE 42 1354 241762255546100 2844100
LATENCY 2754300
TIMELINE 42 1370 241762301657900 2754300
LATENCY 2890900
TIMELINE 42 1386 241762347508200 2890900
LATENCY 3042300
TIMELINE 42 1402 241762395374600 3042300
LATENCY 2703500
TIMELINE 42 1418 241762439387100 2703500
LATENCY 3000100
TIMELINE 42 1434 241762482599700 3000100
LATENCY 2883800
TIMELINE 42 1450 241762527868800 2883800
LATENCY 3050500
TIMELINE 42 1466 241762578511200 3050500
LATENCY 3062000
TIMELINE 42 1482 241762627269000 3062000
LATENCY 2820800
TIMELINE 42 1498 241762673707600 2820800
LATENCY 2858100
TIMELINE 42 1514 241762720453300 2858100
LATENCY 2792100
TIMELINE 42 1530 241762765206600 2792100
LATENCY 2831900
TIMELINE 42 1546 241762811358200 2831900
LATENCY 3125500
TIMELINE 42 1562 241762857176000 3125500
LATENCY 2968300
TIMELINE 42 1578 241762901953500 2968300
LATENCY 2797200
TIMELINE 42 1594 241762953903200 2797200
LATENCY 2806900
TIMELINE 42 1610 241763002899300 2806900
LATENCY 2710400
TIMELINE 42 1626 241763047086600 2710400
LATENCY 2772300
TIMELINE 42 1642 241763091275800 2772300
LATENCY 2588400
TIMELINE 42 1658 241763136326200 2588400
LATENCY 2783500
TIMELINE 42 1674 241763177689500 2783500
LATENCY 2971700
TIMELINE 42 1690 241763224912800 2971700
LATENCY 2728800
TIMELINE 42 1706 241763271228900 2728800
LATENCY 2784600
TIMELINE 42 1722 241763315131500 2784600
LATENCY 2735600
TIMELINE 42 1738 241763365038800 2735600
LATENCY 2767400
TIMELINE 42 1754 241763410516400 2767400
LATENCY 2774000
TIMELINE 42 1770 241763454788700 2774000
LATENCY 2594000
TIMELINE 42 1786 241763502665200 2594000
LATENCY 3081900
TIMELINE 42 1802 241763547575600 3081900
LATENCY 2762400
TIMELINE 42 1818 241763595256400 2762400
LATENCY 2687000
TIMELINE 42 1834 241763638605200 2687000
LATENCY 2665800
TIMELINE 42 1850 241763681974300 2665800
LATENCY 3088500
TIMELINE 42 1866 241763738061500 3088500
LATENCY 2721000
TIMELINE 42 1882 241763784140100 2721000
LATENCY 2607100
TIMELINE 42 1898 241763828346500 2607100
LATENCY 3062300
TIMELINE 42 1914 241763872310100 3062300
LATENCY 3095200
TIMELINE 42 1930 241763919131600 3095200
LATENCY 2809500
TIMELINE 42 1946 241763963480900 2809500
LATENCY 2565300
TIMELINE 42 1962 241764011144700 2565300
LATENCY 3060800
TIMELINE 42 1978 241764055913000 3060800
LATENCY 3104200
TIMELINE 42 1994 241764109233000 3104200
LATENCY 3038500
TIMELINE 42 2010 241764154396300 3038500
LATENCY 2746000
TIMELINE 42 2026 241764203917900 2746000
LATENCY 2767300
TIMELINE 42 2042 241764249017200 2767300
LATENCY 2282300
TIMELINE 43 11 241759035878700 2282300
LATENCY 2167200
TIMELINE 43 27 241759071935000 2167200
LATENCY 2300000
TIMELINE 43 43 241759107066300 2300000
LATENCY 2144800
TIMELINE 43 59 241759141894700 2144800
LATENCY 2139100
TIMELINE 43 75 241759176688700 2139100
LATENCY 2208900
TIMELINE 43 91 241759213525500 2208900
LATENCY 2233200
TIMELINE 43 107 241759248595700 2233200
LATENCY 2216900
TIMELINE 43 123 241759285355600 2216900
LATENCY 2160500
TIMELINE 43 139 241759339700200 2160500
LATENCY 2442300
TIMELINE 43 155 241759374157400 2442300
LATENCY 2268600
TIMELINE 43 171 241759411452500 2268600
LATENCY 2259900
TIMELINE 43 187 241759446649900 2259900
LATENCY 2105800
TIMELINE 43 203 241759481063800 2105800
LATENCY 2362600
TIMELINE 43 219 241759518262400 2362600
LATENCY 2205800
TIMELINE 43 235 241759554011800 2205800
LATENCY 2258300
TIMELINE 43 251 241759590266400 2258300
LATENCY 2049000
TIMELINE 43 267 241759643483600 2049000
LATENCY 2141700
TIMELINE 43 283 241759677603000 2141700
LATENCY 2110000
TIMELINE 43 299 241759712819200 2110000
LATENCY 2189000
TIMELINE 43 315 241759747450600 2189000
LATENCY 2230800
TIMELINE 43 331 241759783958900 2230800
LATENCY 2341600
TIMELINE 43 347 241759820961400 2341600
LATENCY 2136300
TIMELINE 43 363 241759857177900 2136300
LATENCY 2179800
TIMELINE 43 379 241759892798800 2179800
LATENCY 2137700
TIMELINE 43 395 241759946666300 2137700
LATENCY 2823300
TIMELINE 43 411 241759986031900 2823300
LATENCY 2337700
TIMELINE 43 427 241760023717900 2337700
LATENCY 2252400
TIMELINE 43 443 241760058566700 2252400
LATENCY 2156700
TIMELINE 43 459 241760094303600 2156700
LATENCY 2102800
TIMELINE 43 475 241760129188200 2102800
LATENCY 2195800
TIMELINE 43 491 241760163481400 2195800
LATENCY 3231500
TIMELINE 43 507 241760199591700 3231500
LATENCY 2306000
TIMELINE 43 523 241760255708800 2306000
LATENCY 2136700
TIMELINE 43 539 241760290329300 2136700
LATENCY 2150000
TIMELINE 43 555 241760325183900 2150000
LATENCY 2149400
TIMELINE 43 571 241760359798400 2149400
LATENCY 2096300
TIMELINE 43 587 241760395159900 2096300
LATENCY 2298300
TIMELINE 43 603 241760431035300 2298300
LATENCY 2167900
TIMELINE 43 619 241760465451400 2167900
LATENCY 2153300
TIMELINE 43 635 241760499586500 2153300
LATENCY 2130100
TIMELINE 43 651 241760533892700 2130100
LATENCY 2217000
TIMELINE 43 667 241760587808100 2217000
LATENCY 2216400
TIMELINE 43 683 241760622989000 2216400
LATENCY 2117200
TIMELINE 43 699 241760658490600 2117200
LATENCY 2120000
TIMELINE 43 715 241760692899200 2120000
LATENCY 2241200
TIMELINE 43 731 241760727140200 2241200
LATENCY 2217700
TIMELINE 43 747 241760762444500 2217700
LATENCY 2121300
TIMELINE 43 763 241760796517700 2121300
LATENCY 2171800
TIMELINE 43 779 241760831786000 2171800
LATENCY 2093600
TIMELINE 43 795 241760886255900 2093600
LATENCY 2131100
TIMELINE 43 811 241760921136000 2131100
LATENCY 2174700
TIMELINE 43 827 241760956149200 2174700
LATENCY 2190500
TIMELINE 43 843 241760990556800 2190500
LATENCY 2121700
TIMELINE 43 859 241761026145200 2121700
LATENCY 2408800
TIMELINE 43 875 241761062127900 2408800
LATENCY 2193400
TIMELINE 43 891 241761097503800 2193400
LATENCY 2298700
TIMELINE 43 907 241761132894300 2298700
LATENCY 2663100
TIMELINE 43 923 241761186991700 2663100
LATENCY 2126900
TIMELINE 43 939 241761223617500 2126900
LATENCY 2140200
TIMELINE 43 955 241761257905400 2140200
LATENCY 2143400
TIMELINE 43 971 241761292005700 2143400
LATENCY 2268600
TIMELINE 43 987 241761326741300 2268600
LATENCY 2117000
TIMELINE 43 1003 241761362596800 2117000
LATENCY 2150000
TIMELINE 43 1019 241761397325200 2150000
LATENCY 2355000
TIMELINE 43 1035 241761432314600 2355000
LATENCY 2176600
TIMELINE 43 1051 241761468867100 2176600
LATENCY 2214000
TIMELINE 43 1067 241761510346500 2214000
LATENCY 2246200
TIMELINE 43 1083 241761545438300 2246200
LATENCY 2369300
TIMELINE 43 1099 241761584020800 2369300
LATENCY 2119000
TIMELINE 43 1115 241761619804700 2119000
LATENCY 2273600
TIMELINE 43 1131 241761655213200 2273600
LATENCY 2245500
TIMELINE 43 1147 241761691622600 2245500
LATENCY 2166000
TIMELINE 43 1163 241761727349900 2166000
LATENCY 2285100
TIMELINE 43 1179 241761762763000 2285100
LATENCY 2215200
TIMELINE 43 1195 241761804035300 2215200
LATENCY 2225700
TIMELINE 43 1211 241761839639100 2225700
LATENCY 2127700
TIMELINE 43 1227 241761878304300 2127700
LATENCY 2681400
TIMELINE 43 1243 241761924746900 2681400
LATENCY 2614400
TIMELINE 43 1259 241761969023200 2614400
LATENCY 3101800
TIMELINE 43 1275 241762017251400 3101800
LATENCY 2829500
TIMELINE 43 1291 241762064197300 2829500
LATENCY 3037000
TIMELINE 43 1307 241762110901600 3037000
LATENCY 4147800
TIMELINE 43 1323 241762164725200 4147800
LATENCY 2994800
TIMELINE 43 1339 241762213937600 2994800
LATENCY 2886700
TIMELINE 43 1355 241762259938500 2886700
LATENCY 2886400
TIMELINE 43 1371 241762305936200 2886400
LATENCY 2768200
TIMELINE 43 1387 241762351924700 2768200
LATENCY 2619500
TIMELINE 43 1403 241762400561500 2619500
LATENCY 2670800
TIMELINE 43 1419 241762444089300 2670800
LATENCY 2995100
TIMELINE 43 1435 241762487740100 2995100
LATENCY 2759100
TIMELINE 43 1451 241762532761200 2759100
LATENCY 3026200
TIMELINE 43 1467 241762583725300 3026200
LATENCY 3037400
TIMELINE 43 1483 241762632536500 3037400
LATENCY 2978100
TIMELINE 43 1499 241762678436000 2978100
LATENCY 2800300
TIMELINE 43 1515 241762725219900 2800300
LATENCY 2795800
TIMELINE 43 1531 241762769910400 2795800
LATENCY 2816300
TIMELINE 43 1547 241762816105500 2816300
LATENCY 3657200
TIMELINE 43 1563 241762862459700 3657200
LATENCY 2976300
TIMELINE 43 1579 241762907000000 2976300
LATENCY 3018400
TIMELINE 43 1595 241762958818900 3018400
LATENCY 2809300
TIMELINE 43 1611 241763007721100 2809300
LATENCY 3009400
TIMELINE 43 1627 241763051874800 3009400
LATENCY 2762100
TIMELINE 43 1643 241763096151400 2762100
LATENCY 2576100
TIMELINE 43 1659 241763140801800 2576100
LATENCY 2604800
TIMELINE 43 1675 241763182508200 2604800
LATENCY 2931200
TIMELINE 43 1691 241763230016800 2931200
LATENCY 2747200
TIMELINE 43 1707 241763275936400 2747200
LATENCY 8280900
TIMELINE 43 1723 241763319893900 8280900
LATENCY 3137500
TIMELINE 43 1739 241763370367200 3137500
LATENCY 2924600
TIMELINE 43 1755 241763415289000 2924600
LATENCY 3185400
TIMELINE 43 1771 241763459507700 3185400
LATENCY 2519900
TIMELINE 43 1787 241763507076300 2519900
LATENCY 2755900
TIMELINE 43 1803 241763552390800 2755900
LATENCY 2708800
TIMELINE 43 1819 241763599586300 2708800
LATENCY 2697200
TIMELINE 43 1835 241763642844900 2697200
LATENCY 5314600
TIMELINE 43 1851 241763686264900 5314600
LATENCY 3048900
TIMELINE 43 1867 241763742911300 3048900
LATENCY 2728400
TIMELINE 43 1883 241763788416600 2728400
LATENCY 2605700
TIMELINE 43 1899 241763832444700 2605700
LATENCY 2805200
TIMELINE 43 1915 241763877001100 2805200
LATENCY 2657400
TIMELINE 43 1931 241763924015900 2657400
LATENCY 3013800
TIMELINE 43 1947 241763967893100 3013800
LATENCY 2812900
TIMELINE 43 1963 241764015229700 2812900
LATENCY 3037700
TIMELINE 43 1979 241764060816400 3037700
LATENCY 2680100
TIMELINE 43 1995 241764113992600 2680100
LATENCY 6286100
TIMELINE 43 2011 241764160247300 6286100
LATENCY 2728600
TIMELINE 43 2027 241764208306800 2728600
LATENCY 3222400
TIMELINE 43 2043 241764253547700 3222400
LATENCY 2345200
TIMELINE 44 12 241759038258200 2345200
LATENCY 2123200
TIMELINE 44 28 241759074168200 2123200
LATENCY 2124600
TIMELINE 44 44 241759109430500 2124600
LATENCY 2127100
TIMELINE 44 60 241759144131400 2127100
LATENCY 2251000
TIMELINE 44 76 241759179005700 2251000
LATENCY 2206900
TIMELINE 44 92 241759215703100 2206900
LATENCY 2308100
TIMELINE 44 108 241759250637400 2308100
LATENCY 2235000
TIMELINE 44 124 241759287360000 2235000
LATENCY 2148400
TIMELINE 44 140 241759341801200 2148400
LATENCY 2918200
TIMELINE 44 156 241759376681700 2918200
LATENCY 2201100
TIMELINE 44 172 241759413995100 2201100
LATENCY 2234600
TIMELINE 44 188 241759449122300 2234600
LATENCY 2111900
TIMELINE 44 204 241759483401800 2111900
LATENCY 2253900
TIMELINE 44 220 241759521157300 2253900
LATENCY 2387700
TIMELINE 44 236 241759556762500 2387700
LATENCY 2208700
TIMELINE 44 252 241759592924500 2208700
LATENCY 2145500
TIMELINE 44 268 241759645914900 2145500
LATENCY 2120600
TIMELINE 44 284 241759680097700 2120600
LATENCY 2078300
TIMELINE 44 300 241759715211500 2078300
LATENCY 2209900
TIMELINE 44 316 241759749918800 2209900
LATENCY 2186500
TIMELINE 44 332 241759786503400 2186500
LATENCY 2290000
TIMELINE 44 348 241759823367700 2290000
LATENCY 2218900
TIMELINE 44 364 241759859377500 2218900
LATENCY 2166300
TIMELINE 44 380 241759895164800 2166300
LATENCY 2228700
TIMELINE 44 396 241759948997700 2228700
LATENCY 2297300
TIMELINE 44 412 241759989039400 2297300
LATENCY 2341300
TIMELINE 44 428 241760025775200 2341300
LATENCY 2196800
TIMELINE 44 444 241760060638800 2196800
LATENCY 2106100
TIMELINE 44 460 241760096342600 2106100
LATENCY 2125700
TIMELINE 44 476 241760131201800 2125700
LATENCY 2604000
TIMELINE 44 492 241760165566100 2604000
LATENCY 2657700
TIMELINE 44 508 241760202586400 2657700
LATENCY 2230600
TIMELINE 44 524 241760257930200 2230600
LATENCY 2151500
TIMELINE 44 540 241760292406100 2151500
LATENCY 2094800
TIMELINE 44 556 241760327427500 2094800
LATENCY 2102900
TIMELINE 44 572 241760362041000 2102900
LATENCY 2183100
TIMELINE 44 588 241760397520700 2183100
LATENCY 2114200
TIMELINE 44 604 241760433451600 2114200
LATENCY 2112400
TIMELINE 44 620 241760467745600 2112400
LATENCY 2151700
TIMELINE 44 636 241760501863200 2151700
LATENCY 2099100
TIMELINE 44 652 241760536056900 2099100
LATENCY 2221200
TIMELINE 44 668 241760589991300 2221200
LATENCY 2152500
TIMELINE 44 684 241760625142000 2152500
LATENCY 2110000
TIMELINE 44 700 241760660637700 2110000
LATENCY 2128800
TIMELINE 44 716 241760695103400 2128800
LATENCY 2357100
TIMELINE 44 732 241760729474100 2357100
LATENCY 2171800
TIMELINE 44 748 241760764749400 2171800
LATENCY 2082700
TIMELINE 44 764 241760798726300 2082700
LATENCY 2192000
TIMELINE 44 780 241760834075300 2192000
LATENCY 2183200
TIMELINE 44 796 241760888579800 2183200
LATENCY 2164400
TIMELINE 44 812 241760923488500 2164400
LATENCY 2165200
TIMELINE 44 828 241760958648600 2165200
LATENCY 2134100
TIMELINE 44 844 241760993060700 2134100
LATENCY 2161700
TIMELINE 44 860 241761028734400 2161700
LATENCY 2185600
TIMELINE 44 876 241761064916700 2185600
LATENCY 2217800
TIMELINE 44 892 241761099922700 2217800
LATENCY 2302300
TIMELINE 44 908 241761135252600 2302300
LATENCY 2557200
TIMELINE 44 924 241761189722900 2557200
LATENCY 2119600
TIMELINE 44 940 241761225944100 2119600
LATENCY 2136200
TIMELINE 44 956 241761260262600 2136200
LATENCY 2130100
TIMELINE 44 972 241761294355500 2130100
LATENCY 2271900
TIMELINE 44 988 241761329124200 2271900
LATENCY 2123500
TIMELINE 44 1004 241761364864500 2123500
LATENCY 2149100
TIMELINE 44 1020 241761399619300 2149100
LATENCY 2255200
TIMELINE 44 1036 241761434957900 2255200
LATENCY 2174200
TIMELINE 44 1052 241761471550900 2174200
LATENCY 2197600
TIMELINE 44 1068 241761513057500 2197600
LATENCY 2400600
TIMELINE 44 1084 241761548206400 2400600
LATENCY 2314100
TIMELINE 44 1100 241761586521100 2314100
LATENCY 2152600
TIMELINE 44 1116 241761621893400 2152600
LATENCY 2297000
TIMELINE 44 1132 241761657457700 2297000
LATENCY 2308700
TIMELINE 44 1148 241761693810000 2308700
LATENCY 2154000
TIMELINE 44 1164 241761729458600 2154000
LATENCY 2290900
TIMELINE 44 1180 241761764852000 2290900
LATENCY 2229100
TIMELINE 44 1196 241761805985900 2229100
LATENCY 2177500
TIMELINE 44 1212 241761841656300 2177500
LATENCY 2116100
TIMELINE 44 1228 241761879978700 2116100
LATENCY 2713700
TIMELINE 44 1244 241761926894400 2713700
LATENCY 2660800
TIMELINE 44 1260 241761971037700 2660800
LATENCY 3059000
TIMELINE 44 1276 241762019711500 3059000
LATENCY 2802500
TIMELINE 44 1292 241762066438600 2802500
LATENCY 3047700
TIMELINE 44 1308 241762113306000 3047700
LATENCY 3433000
TIMELINE 44 1324 241762168063100 3433000
LATENCY 2859000
TIMELINE 44 1340 241762216307700 2859000
LATENCY 2565400
TIMELINE 44 1356 241762262230100 2565400
LATENCY 2897300
TIMELINE 44 1372 241762308163500 2897300
LATENCY 2846300
TIMELINE 44 1388 241762354117700 2846300
LATENCY 2665900
TIMELINE 44 1404 241762402142600 2665900
LATENCY 2745900
TIMELINE 44 1420 241762445675300 2745900
LATENCY 2997300
TIMELINE 44 1436 241762489543400 2997300
LATENCY 2760700
TIMELINE 44 1452 241762534428100 2760700
LATENCY 3017200
TIMELINE 44 1468 241762585557800 3017200
LATENCY 3039200
TIMELINE 44 1484 241762634366300 3039200
LATENCY 3060400
TIMELINE 44 1500 241762680257000 3060400
LATENCY 2792100
TIMELINE 44 1516 241762726960900 2792100
LATENCY 2810200
TIMELINE 44 1532 241762771627700 2810200
LATENCY 2781900
TIMELINE 44 1548 241762817878500 2781900
LATENCY 2648000
TIMELINE 44 1564 241762865081300 2648000
LATENCY 2960800
TIMELINE 44 1580 241762908863000 2960800
LATENCY 2875000
TIMELINE 44 1596 241762960630100 2875000
LATENCY 2794000
TIMELINE 44 1612 241763009377100 2794000
LATENCY 2772400
TIMELINE 44 1628 241763053761700 2772400
LATENCY 2829300
TIMELINE 44 1644 241763097796300 2829300
LATENCY 2576700
TIMELINE 44 1660 241763142366600 2576700
LATENCY 3084500
TIMELINE 44 1676 241763184078100 3084500
LATENCY 2936300
TIMELINE 44 1692 241763231849200 2936300
LATENCY 2740300
TIMELINE 44 1708 241763277656900 2740300
LATENCY 2748600
TIMELINE 44 1724 241763327136000 2748600
LATENCY 2837700
TIMELINE 44 1740 241763372681200 2837700
LATENCY 2825600
TIMELINE 44 1756 241763417477500 2825600
LATENCY 3072400
TIMELINE 44 1772 241763461627600 3072400
LATENCY 2892300
TIMELINE 44 1788 241763508756700 2892300
LATENCY 2762200
TIMELINE 44 1804 241763554571600 2762200
LATENCY 2689000
TIMELINE 44 1820 241763601735500 2689000
LATENCY 2719300
TIMELINE 44 1836 241763644981900 2719300
LATENCY 3727100
TIMELINE 44 1852 241763690029600 3727100
LATENCY 3052600
TIMELINE 44 1868 241763745275500 3052600
LATENCY 2725300
TIMELINE 44 1884 241763790537700 2725300
LATENCY 2555700
TIMELINE 44 1900 241763834493800 2555700
LATENCY 2775500
TIMELINE 44 1916 241763879169200 2775500
LATENCY 2708800
TIMELINE 44 1932 241763926081900 2708800
LATENCY 3123000
TIMELINE 44 1948 241763970209100 3123000
LATENCY 2754700
TIMELINE 44 1964 241764017433300 2754700
LATENCY 3086700
TIMELINE 44 1980 241764063184900 3086700
LATENCY 2741800
TIMELINE 44 1996 241764116058000 2741800
LATENCY 2776000
TIMELINE 44 2012 241764165911000 2776000
LATENCY 2716100
TIMELINE 44 2028 241764210460200 2716100
LATENCY 3131000
TIMELINE 44 2044 241764256067800 3131000
LATENCY 2276400
TIMELINE 45 13 241759040703100 2276400
LATENCY 2160400
TIMELINE 45 29 241759076386700 2160400
LATENCY 2349800
TIMELINE 45 45 241759111768600 2349800
LATENCY 2110500
TIMELINE 45 61 241759146460700 2110500
LATENCY 2138000
TIMELINE 45 77 241759181375300 2138000
LATENCY 2148200
TIMELINE 45 93 241759218122400 2148200
LATENCY 2769400
TIMELINE 45 109 241759253308400 2769400
LATENCY 2209100
TIMELINE 45 125 241759289953800 2209100
LATENCY 2238700
TIMELINE 45 141 241759344258200 2238700
LATENCY 2467500
TIMELINE 45 157 241759379893900 2467500
LATENCY 2232200
TIMELINE 45 173 241759416356900 2232200
LATENCY 2205300
TIMELINE 45 189 241759451515600 2205300
LATENCY 2679300
TIMELINE 45 205 241759485658500 2679300
LATENCY 2207300
TIMELINE 45 221 241759523129300 2207300
LATENCY 2262400
TIMELINE 45 237 241759558833800 2262400
LATENCY 2170500
TIMELINE 45 253 241759594798300 2170500
LATENCY 2135400
TIMELINE 45 269 241759647844700 2135400
LATENCY 2110400
TIMELINE 45 285 241759682047900 2110400
LATENCY 2132100
TIMELINE 45 301 241759717233900 2132100
LATENCY 2187200
TIMELINE 45 317 241759752067100 2187200
LATENCY 2377500
TIMELINE 45 333 241759788654700 2377500
LATENCY 2292400
TIMELINE 45 349 241759825789200 2292400
LATENCY 2220700
TIMELINE 45 365 241759861725200 2220700
LATENCY 2166200
TIMELINE 45 381 241759897450600 2166200
LATENCY 2265900
TIMELINE 45 397 241759951321100 2265900
LATENCY 2493600
TIMELINE 45 413 241759991446300 2493600
LATENCY 2201600
TIMELINE 45 429 241760028181900 2201600
LATENCY 2178800
TIMELINE 45 445 241760063051100 2178800
LATENCY 2144100
TIMELINE 45 461 241760098625600 2144100
LATENCY 2066500
TIMELINE 45 477 241760133550700 2066500
LATENCY 2290500
TIMELINE 45 493 241760168076200 2290500
LATENCY 2180000
TIMELINE 45 509 241760205159200 2180000
LATENCY 2209000
TIMELINE 45 525 241760260014100 2209000
LATENCY 2141900
TIMELINE 45 541 241760294433400 2141900
LATENCY 2107500
TIMELINE 45 557 241760329346000 2107500
LATENCY 2109200
TIMELINE 45 573 241760363924600 2109200
LATENCY 2296800
TIMELINE 45 589 241760399642600 2296800
LATENCY 2146400
TIMELINE 45 605 241760435424100 2146400
LATENCY 2135100
TIMELINE 45 621 241760469714700 2135100
LATENCY 2128500
TIMELINE 45 637 241760503866600 2128500
LATENCY 2122000
TIMELINE 45 653 241760538068600 2122000
LATENCY 2232200
TIMELINE 45 669 241760592031600 2232200
LATENCY 2197800
TIMELINE 45 685 241760627182900 2197800
LATENCY 2124000
TIMELINE 45 701 241760662549200 2124000
LATENCY 2162700
TIMELINE 45 717 241760697176400 2162700
LATENCY 2328600
TIMELINE 45 733 241760731747500 2328600
LATENCY 2151100
TIMELINE 45 749 241760766894900 2151100
LATENCY 2113100
TIMELINE 45 765 241760800779900 2113100
LATENCY 2203800
TIMELINE 45 781 241760836182600 2203800
LATENCY 2166300
TIMELINE 45 797 241760890826000 2166300
LATENCY 2119400
TIMELINE 45 813 241760925802800 2119400
LATENCY 2180700
TIMELINE 45 829 241760961049900 2180700
LATENCY 2157000
TIMELINE 45 845 241760995430600 2157000
LATENCY 2189400
TIMELINE 45 861 241761031157700 2189400
LATENCY 2131400
TIMELINE 45 877 241761067528400 2131400
LATENCY 2308400
TIMELINE 45 893 241761102735200 2308400
LATENCY 2149600
TIMELINE 45 909 241761138071400 2149600
LATENCY 2386900
TIMELINE 45 925 241761192761300 2386900
LATENCY 2124600
TIMELINE 45 941 241761228444400 2124600
LATENCY 2131300
TIMELINE 45 957 241761262782200 2131300
LATENCY 2088800
TIMELINE 45 973 241761296855700 2088800
LATENCY 2220700
TIMELINE 45 989 241761331694900 2220700
LATENCY 2115200
TIMELINE 45 1005 241761367272400 2115200
LATENCY 2068400
TIMELINE 45 1021 241761402064800 2068400
LATENCY 2226600
TIMELINE 45 1037 241761437277600 2226600
LATENCY 2340700
TIMELINE 45 1053 241761473557400 2340700
LATENCY 2229800
TIMELINE 45 1069 241761515075900 2229800
LATENCY 2350600
TIMELINE 45 1085 241761550398500 2350600
LATENCY 2291500
TIMELINE 45 1101 241761588626900 2291500
LATENCY 2180300
TIMELINE 45 1117 241761623899600 2180300
LATENCY 2323900
TIMELINE 45 1133 241761659597600 2323900
LATENCY 2395600
TIMELINE 45 1149 241761695952700 2395600
LATENCY 2147700
TIMELINE 45 1165 241761731476100 2147700
LATENCY 2206800
TIMELINE 45 1181 241761767178200 2206800
LATENCY 2227400
TIMELINE 45 1197 241761808187400 2227400
LATENCY 2124900
TIMELINE 45 1213 241761843778100 2124900
LATENCY 3887000
TIMELINE 45 1229 241761882069300 3887000
LATENCY 2665900
TIMELINE 45 1245 241761929571100 2665900
LATENCY 2598200
TIMELINE 45 1261 241761973659100 2598200
LATENCY 3052700
TIMELINE 45 1277 241762022726200 3052700
LATENCY 2785100
TIMELINE 45 1293 241762069206400 2785100
LATENCY 3052100
TIMELINE 45 1309 241762116312700 3052100
LATENCY 3308100
TIMELINE 45 1325 241762171453200 3308100
LATENCY 3093000
TIMELINE 45 1341 241762219123000 3093000
LATENCY 2877800
TIMELINE 45 1357 241762264766900 2877800
LATENCY 2819400
TIMELINE 45 1373 241762310983500 2819400
LATENCY 2783100
TIMELINE 45 1389 241762356886000 2783100
LATENCY 2707000
TIMELINE 45 1405 241762404740300 2707000
LATENCY 2667200
TIMELINE 45 1421 241762448340100 2667200
LATENCY 2969400
TIMELINE 45 1437 241762492502600 2969400
LATENCY 2749400
TIMELINE 45 1453 241762537153300 2749400
LATENCY 3050300
TIMELINE 45 1469 241762588531000 3050300
LATENCY 3045800
TIMELINE 45 1485 241762637367600 3045800
LATENCY 2768400
TIMELINE 45 1501 241762683239200 2768400
LATENCY 2751400
TIMELINE 45 1517 241762729675500 2751400
LATENCY 2960600
TIMELINE 45 1533 241762774364100 2960600
LATENCY 2782300
TIMELINE 45 1549 241762820583200 2782300
LATENCY 2566700
TIMELINE 45 1565 241762867619200 2566700
LATENCY 2931300
TIMELINE 45 1581 241762911740600 2931300
LATENCY 2915900
TIMELINE 45 1597 241762963430800 2915900
LATENCY 2744400
TIMELINE 45 1613 241763012092200 2744400
LATENCY 2720000
TIMELINE 45 1629 241763056465700 2720000
LATENCY 2721000
TIMELINE 45 1645 241763100551700 2721000
LATENCY 2605900
TIMELINE 45 1661 241763144830900 2605900
LATENCY 3120200
TIMELINE 45 1677 241763186995000 3120200
LATENCY 2926900
TIMELINE 45 1693 241763234622500 2926900
LATENCY 2712800
TIMELINE 45 1709 241763280249900 2712800
LATENCY 2732900
TIMELINE 45 1725 241763329740700 2732900
LATENCY 2914100
TIMELINE 45 1741 241763375143800 2914100
LATENCY 2730300
TIMELINE 45 1757 241763419881900 2730300
LATENCY 3029700
TIMELINE 45 1773 241763464356900 3029700
LATENCY 2748500
TIMELINE 45 1789 241763511340400 2748500
LATENCY 2825000
TIMELINE 45 1805 241763557068300 2825000
LATENCY 2730100
TIMELINE 45 1821 241763604168700 2730100
LATENCY 2669800
TIMELINE 45 1837 241763647458500 2669800
LATENCY 3026900
TIMELINE 45 1853 241763693524400 3026900
LATENCY 3087700
TIMELINE 45 1869 241763748069800 3087700
LATENCY 2823600
TIMELINE 45 1885 241763793043300 2823600
LATENCY 2592000
TIMELINE 45 1901 241763836842200 2592000
LATENCY 2788800
TIMELINE 45 1917 241763881718300 2788800
LATENCY 2715400
TIMELINE 45 1933 241763928571200 2715400
LATENCY 3094000
TIMELINE 45 1949 241763973069500 3094000
LATENCY 2773500
TIMELINE 45 1965 241764019637000 2773500
LATENCY 3044000
TIMELINE 45 1981 241764065670500 3044000
LATENCY 2737700
TIMELINE 45 1997 241764118274600 2737700
LATENCY 2733300
TIMELINE 45 2013 241764168159700 2733300
LATENCY 2714200
TIMELINE 45 2029 241764212659900 2714200
LATENCY 3018300
TIMELINE 45 2045 241764258521500 3018300
LATENCY 2331300
TIMELINE 46 14 241759042828700 2331300
LATENCY 2174400
TIMELINE 46 30 241759078371200 2174400
LATENCY 2165900
TIMELINE 46 46 241759113780600 2165900
LATENCY 2153400
TIMELINE 46 62 241759148255000 2153400
LATENCY 2164000
TIMELINE 46 78 241759183192200 2164000
LATENCY 2150000
TIMELINE 46 94 241759219946000 2150000
LATENCY 2698700
TIMELINE 46 110 241759255365000 2698700
LATENCY 2240200
TIMELINE 46 126 241759291743200 2240200
LATENCY 2478300
TIMELINE 46 142 241759346062400 2478300
LATENCY 2183700
TIMELINE 46 158 241759382113200 2183700
LATENCY 2188600
TIMELINE 46 174 241759418280100 2188600
LATENCY 2183900
TIMELINE 46 190 241759453282300 2183900
LATENCY 2221500
TIMELINE 46 206 241759487903300 2221500
LATENCY 2315100
TIMELINE 46 222 241759525273700 2315100
LATENCY 2146000
TIMELINE 46 238 241759560980500 2146000
LATENCY 2163600
TIMELINE 46 254 241759596868300 2163600
LATENCY 2139800
TIMELINE 46 270 241759649696000 2139800
LATENCY 2133400
TIMELINE 46 286 241759683867100 2133400
LATENCY 2141900
TIMELINE 46 302 241759718954900 2141900
LATENCY 2199800
TIMELINE 46 318 241759753769900 2199800
LATENCY 2316000
TIMELINE 46 334 241759790455500 2316000
LATENCY 2315900
TIMELINE 46 350 241759827511800 2315900
LATENCY 2222900
TIMELINE 46 366 241759863370200 2222900
LATENCY 2148800
TIMELINE 46 382 241759899237100 2148800
LATENCY 2305200
TIMELINE 46 398 241759953211200 2305200
LATENCY 2381400
TIMELINE 46 414 241759993493800 2381400
LATENCY 2189500
TIMELINE 46 430 241760030001000 2189500
LATENCY 2186000
TIMELINE 46 446 241760064701200 2186000
LATENCY 2129400
TIMELINE 46 462 241760100310100 2129400
LATENCY 2114000
TIMELINE 46 478 241760135121900 2114000
LATENCY 2311000
TIMELINE 46 494 241760169826400 2311000
LATENCY 2181600
TIMELINE 46 510 241760206816400 2181600
LATENCY 2105700
TIMELINE 46 526 241760261770000 2105700
LATENCY 2138300
TIMELINE 46 542 241760296072500 2138300
LATENCY 2108200
TIMELINE 46 558 241760331005600 2108200
LATENCY 2122200
TIMELINE 46 574 241760365624800 2122200
LATENCY 2213700
TIMELINE 46 590 241760401279600 2213700
LATENCY 2146200
TIMELINE 46 606 241760436984900 2146200
LATENCY 2144200
TIMELINE 46 622 241760471266400 2144200
LATENCY 2136200
TIMELINE 46 638 241760505414300 2136200
LATENCY 2140400
TIMELINE 46 654 241760539608500 2140400
LATENCY 2229200
TIMELINE 46 670 241760593268100 2229200
LATENCY 2210200
TIMELINE 46 686 241760628435100 2210200
LATENCY 2120500
TIMELINE 46 702 241760663778700 2120500
LATENCY 2158800
TIMELINE 46 718 241760698376600 2158800
LATENCY 2312900
TIMELINE 46 734 241760733007000 2312900
LATENCY 2146000
TIMELINE 46 750 241760768051200 2146000
LATENCY 2113900
TIMELINE 46 766 241760801930700 2113900
LATENCY 2250100
TIMELINE 46 782 241760837309900 2250100
LATENCY 2179800
TIMELINE 46 798 241760891849500 2179800
LATENCY 2152100
TIMELINE 46 814 241760926760200 2152100
LATENCY 2187500
TIMELINE 46 830 241760961974600 2187500
LATENCY 2171100
TIMELINE 46 846 241760996383200 2171100
LATENCY 2141100
TIMELINE 46 862 241761032726600 2141100
LATENCY 2140700
TIMELINE 46 878 241761068947700 2140700
LATENCY 2168700
TIMELINE 46 894 241761104355000 2168700
LATENCY 2271900
TIMELINE 46 910 241761139730400 2271900
LATENCY 2408700
TIMELINE 46 926 241761194599400 2408700
LATENCY 2123900
TIMELINE 46 942 241761230159600 2123900
LATENCY 2238100
TIMELINE 46 958 241761264518100 2238100
LATENCY 2187300
TIMELINE 46 974 241761298533600 2187300
LATENCY 2185700
TIMELINE 46 990 241761333536100 2185700
LATENCY 2120300
TIMELINE 46 1006 241761369023900 2120300
LATENCY 2089400
TIMELINE 46 1022 241761403760300 2089400
LATENCY 2293100
TIMELINE 46 1038 241761439183500 2293100
LATENCY 2253900
TIMELINE 46 1054 241761475654100 2253900
LATENCY 2198200
TIMELINE 46 1070 241761517130900 2198200
LATENCY 2256000
TIMELINE 46 1086 241761552461500 2256000
LATENCY 2283600
TIMELINE 46 1102 241761590681200 2283600
LATENCY 2188700
TIMELINE 46 1118 241761625874800 2188700
LATENCY 2353600
TIMELINE 46 1134 241761661744100 2353600
LATENCY 2300600
TIMELINE 46 1150 241761698156400 2300600
LATENCY 2112600
TIMELINE 46 1166 241761733485700 2112600
LATENCY 2183800
TIMELINE 46 1182 241761769326000 2183800
LATENCY 2189800
TIMELINE 46 1198 241761810533200 2189800
LATENCY 2158900
TIMELINE 46 1214 241761846035700 2158900
LATENCY 3097600
TIMELINE 46 1230 241761886510400 3097600
LATENCY 2706900
TIMELINE 46 1246 241761932795600 2706900
LATENCY 2806100
TIMELINE 46 1262 241761976784200 2806100
LATENCY 3061900
TIMELINE 46 1278 241762026337900 3061900
LATENCY 2846200
TIMELINE 46 1294 241762072535600 2846200
LATENCY 3042500
TIMELINE 46 1310 241762119928400 3042500
LATENCY 3469100
TIMELINE 46 1326 241762175444500 3469100
LATENCY 2860600
TIMELINE 46 1342 241762222772400 2860600
LATENCY 2815900
TIMELINE 46 1358 241762268254900 2815900
LATENCY 2737500
TIMELINE 46 1374 241762314387600 2737500
LATENCY 2821200
TIMELINE 46 1390 241762360279900 2821200
LATENCY 2854700
TIMELINE 46 1406 241762408018000 2854700
LATENCY 2610600
TIMELINE 46 1422 241762451834500 2610600
LATENCY 2808100
TIMELINE 46 1438 241762496066500 2808100
LATENCY 2796500
TIMELINE 46 1454 241762540465600 2796500
LATENCY 3176700
TIMELINE 46 1470 241762592205900 3176700
LATENCY 2757200
TIMELINE 46 1486 241762641085700 2757200
LATENCY 2852800
TIMELINE 46 1502 241762686641800 2852800
LATENCY 2784900
TIMELINE 46 1518 241762733066900 2784900
LATENCY 3025500
TIMELINE 46 1534 241762778014600 3025500
LATENCY 2834000
TIMELINE 46 1550 241762823802000 2834000
LATENCY 2621300
TIMELINE 46 1566 241762870620600 2621300
LATENCY 2973000
TIMELINE 46 1582 241762915099800 2973000
LATENCY 2959300
TIMELINE 46 1598 241762966792100 2959300
LATENCY 2807600
TIMELINE 46 1614 241763015257100 2807600
LATENCY 2740200
TIMELINE 46 1630 241763059595900 2740200
LATENCY 2751500
TIMELINE 46 1646 241763103695400 2751500
LATENCY 2600200
TIMELINE 46 1662 241763147836000 2600200
LATENCY 2995800
TIMELINE 46 1678 241763190622300 2995800
LATENCY 2959600
TIMELINE 46 1694 241763238050800 2959600
LATENCY 2811500
TIMELINE 46 1710 241763283425300 2811500
LATENCY 2754800
TIMELINE 46 1726 241763332938800 2754800
LATENCY 2825700
TIMELINE 46 1742 241763378527700 2825700
LATENCY 2727800
TIMELINE 46 1758 241763423054100 2727800
LATENCY 3034100
TIMELINE 46 1774 241763467770500 3034100
LATENCY 2719000
TIMELINE 46 1790 241763514438000 2719000
LATENCY 2825800
TIMELINE 46 1806 241763560250600 2825800
LATENCY 2722200
TIMELINE 46 1822 241763607232900 2722200
LATENCY 2754600
TIMELINE 46 1838 241763650463900 2754600
LATENCY 3075500
TIMELINE 46 1854 241763696943100 3075500
LATENCY 3075200
TIMELINE 46 1870 241763751554100 3075200
LATENCY 3054300
TIMELINE 46 1886 241763796288500 3054300
LATENCY 2622400
TIMELINE 46 1902 241763839755300 2622400
LATENCY 2804200
TIMELINE 46 1918 241763884855400 2804200
LATENCY 2667300
TIMELINE 46 1934 241763931612800 2667300
LATENCY 2990700
TIMELINE 46 1950 241763976512900 2990700
LATENCY 2603700
TIMELINE 46 1966 241764023101500 2603700
LATENCY 2996000
TIMELINE 46 1982 241764069436900 2996000
LATENCY 2707100
TIMELINE 46 1998 241764121667300 2707100
LATENCY 2766900
TIMELINE 46 2014 241764171543300 2766900
LATENCY 3123900
TIMELINE 46 2030 241764216022300 3123900
LATENCY 3362900
TIMELINE 46 2046 241764262365500 3362900
LATENCY 2283100
TIMELINE 47 15 241759045098300 2283100
LATENCY 2149900
TIMELINE 47 31 241759080518200 2149900
LATENCY 2209700
TIMELINE 47 47 241759115850400 2209700
LATENCY 2196200
TIMELINE 47 63 241759150317900 2196200
LATENCY 2194100
TIMELINE 47 79 241759185299900 2194100
LATENCY 2154800
TIMELINE 47 95 241759221978800 2154800
LATENCY 2285000
TIMELINE 47 111 241759258326900 2285000
LATENCY 2865100
TIMELINE 47 127 241759312885600 2865100
LATENCY 2205700
TIMELINE 47 143 241759348692700 2205700
LATENCY 2150200
TIMELINE 47 159 241759384448400 2150200
LATENCY 2176300
TIMELINE 47 175 241759420533300 2176300
LATENCY 2114400
TIMELINE 47 191 241759455820300 2114400
LATENCY 2287300
TIMELINE 47 207 241759490536100 2287300
LATENCY 2236300
TIMELINE 47 223 241759527864400 2236300
LATENCY 2213700
TIMELINE 47 239 241759563441900 2213700
LATENCY 3179000
TIMELINE 47 255 241759616877200 3179000
LATENCY 2110600
TIMELINE 47 271 241759652212100 2110600
LATENCY 2142300
TIMELINE 47 287 241759686372400 2142300
LATENCY 2097700
TIMELINE 47 303 241759721592600 2097700
LATENCY 2527500
TIMELINE 47 319 241759756748200 2527500
LATENCY 2244400
TIMELINE 47 335 241759793684800 2244400
LATENCY 2274000
TIMELINE 47 351 241759830835900 2274000
LATENCY 2254200
TIMELINE 47 367 241759866593600 2254200
LATENCY 2112300
TIMELINE 47 383 241759902174800 2112300
LATENCY 2170500
TIMELINE 47 399 241759956139200 2170500
LATENCY 2404800
TIMELINE 47 415 241759996599500 2404800
LATENCY 2224900
TIMELINE 47 431 241760033026000 2224900
LATENCY 2185000
TIMELINE 47 447 241760067720600 2185000
LATENCY 2219000
TIMELINE 47 463 241760103139700 2219000
LATENCY 2185200
TIMELINE 47 479 241760137956200 2185200
LATENCY 2193900
TIMELINE 47 495 241760172708100 2193900
LATENCY 2149000
TIMELINE 47 511 241760209629700 2149000
LATENCY 2117600
TIMELINE 47 527 241760264433300 2117600
LATENCY 2130800
TIMELINE 47 543 241760298889100 2130800
LATENCY 2114100
TIMELINE 47 559 241760333631000 2114100
LATENCY 2363200
TIMELINE 47 575 241760368211700 2363200
LATENCY 2208800
TIMELINE 47 591 241760404045600 2208800
LATENCY 2163500
TIMELINE 47 607 241760439594300 2163500
LATENCY 2146800
TIMELINE 47 623 241760473873200 2146800
LATENCY 2142800
TIMELINE 47 639 241760508020800 2142800
LATENCY 21010600
TIMELINE 47 655 241760542226400 21010600
LATENCY 2188800
TIMELINE 47 671 241760596359400 2188800
LATENCY 2180300
TIMELINE 47 687 241760631491700 2180300
LATENCY 2140600
TIMELINE 47 703 241760666594100 2140600
LATENCY 2320800
TIMELINE 47 719 241760701256700 2320800
LATENCY 2183600
TIMELINE 47 735 241760736210200 2183600
LATENCY 2133900
TIMELINE 47 751 241760771045500 2133900
LATENCY 2109600
TIMELINE 47 767 241760804900900 2109600
LATENCY 2225100
TIMELINE 47 783 241760840510800 2225100
LATENCY 2206800
TIMELINE 47 799 241760895104100 2206800
LATENCY 2149300
TIMELINE 47 815 241760929887300 2149300
LATENCY 2178600
TIMELINE 47 831 241760965041000 2178600
LATENCY 2393100
TIMELINE 47 847 241760999475400 2393100
LATENCY 2492900
TIMELINE 47 863 241761035158800 2492900
LATENCY 2193800
TIMELINE 47 879 241761071263000 2193800
LATENCY 2259500
TIMELINE 47 895 241761106555800 2259500
LATENCY 2151800
TIMELINE 47 911 241761141944400 2151800
LATENCY 2321100
TIMELINE 47 927 241761196893800 2321100
LATENCY 2174600
TIMELINE 47 943 241761232199500 2174600
LATENCY 2136600
TIMELINE 47 959 241761266699900 2136600
LATENCY 2146500
TIMELINE 47 975 241761300666500 2146500
LATENCY 2312300
TIMELINE 47 991 241761335691000 2312300
LATENCY 2139200
TIMELINE 47 1007 241761371116600 2139200
LATENCY 2114700
TIMELINE 47 1023 241761405823300 2114700
LATENCY 2254900
TIMELINE 47 1039 241761441508800 2254900
LATENCY 2174800
TIMELINE 47 1055 241761477943900 2174800
LATENCY 2309200
TIMELINE 47 1071 241761519216700 2309200
LATENCY 2307600
TIMELINE 47 1087 241761554685500 2307600
LATENCY 2241900
TIMELINE 47 1103 241761593001600 2241900
LATENCY 2165200
TIMELINE 47 1119 241761628099700 2165200
LATENCY 2307700
TIMELINE 47 1135 241761664136400 2307700
LATENCY 2337200
TIMELINE 47 1151 241761700506400 2337200
LATENCY 2085400
TIMELINE 47 1167 241761735568600 2085400
LATENCY 2276100
TIMELINE 47 1183 241761771272300 2276100
LATENCY 2166000
TIMELINE 47 1199 241761812424500 2166000
LATENCY 2137800
TIMELINE 47 1215 241761847913700 2137800
LATENCY 3049400
TIMELINE 47 1231 241761888963000 3049400
LATENCY 2717700
TIMELINE 47 1247 241761934928600 2717700
LATENCY 2886300
TIMELINE 47 1263 241761978975700 2886300
LATENCY 3050700
TIMELINE 47 1279 241762028467200 3050700
LATENCY 2893900
TIMELINE 47 1295 241762074529300 2893900
LATENCY 3071100
TIMELINE 47 1311 241762122041500 3071100
LATENCY 3257600
TIMELINE 47 1327 241762177852200 3257600
LATENCY 2877500
TIMELINE 47 1343 241762224702500 2877500
LATENCY 2905700
TIMELINE 47 1359 241762270146000 2905700
LATENCY 2857000
TIMELINE 47 1375 241762316221300 2857000
LATENCY 2853000
TIMELINE 47 1391 241762362110900 2853000
LATENCY 2860200
TIMELINE 47 1407 241762409841000 2860200
LATENCY 2611000
TIMELINE 47 1423 241762453596700 2611000
LATENCY 2730800
TIMELINE 47 1439 241762498143400 2730800
LATENCY 2818300
TIMELINE 47 1455 241762542434500 2818300
LATENCY 3042600
TIMELINE 47 1471 241762594478900 3042600
LATENCY 2759100
TIMELINE 47 1487 241762643019300 2759100
LATENCY 2825000
TIMELINE 47 1503 241762688593800 2825000
LATENCY 2828800
TIMELINE 47 1519 241762734949000 2828800
LATENCY 3035200
TIMELINE 47 1535 241762780071500 3035200
LATENCY 2838000
TIMELINE 47 1551 241762825902900 2838000
LATENCY 2637900
TIMELINE 47 1567 241762872519700 2637900
LATENCY 2986000
TIMELINE 47 1583 241762917271400 2986000
LATENCY 2859500
TIMELINE 47 1599 241762969122300 2859500
LATENCY 2729400
TIMELINE 47 1615 241763017458300 2729400
LATENCY 2708800
TIMELINE 47 1631 241763061741200 2708800
LATENCY 2771200
TIMELINE 47 1647 241763105847500 2771200
LATENCY 2597600
TIMELINE 47 1663 241763149872000 2597600
LATENCY 3050500
TIMELINE 47 1679 241763192901500 3050500
LATENCY 3074000
TIMELINE 47 1695 241763240286200 3074000
LATENCY 2829400
TIMELINE 47 1711 241763285525900 2829400
LATENCY 2937700
TIMELINE 47 1727 241763334991700 2937700
LATENCY 2903200
TIMELINE 47 1743 241763380653800 2903200
LATENCY 2737000
TIMELINE 47 1759 241763425120500 2737000
LATENCY 3060100
TIMELINE 47 1775 241763470148800 3060100
LATENCY 2730000
TIMELINE 47 1791 241763516594100 2730000
LATENCY 2784700
TIMELINE 47 1807 241763562493800 2784700
LATENCY 2745200
TIMELINE 47 1823 241763609340500 2745200
LATENCY 2733900
TIMELINE 47 1839 241763652669100 2733900
LATENCY 3108700
TIMELINE 47 1855 241763699364600 3108700
LATENCY 3107400
TIMELINE 47 1871 241763753990300 3107400
LATENCY 3169300
TIMELINE 47 1887 241763798706800 3169300
LATENCY 2684600
TIMELINE 47 1903 241763841804000 2684600
LATENCY 2767900
TIMELINE 47 1919 241763887087800 2767900
LATENCY 2664300
TIMELINE 47 1935 241763933725000 2664300
LATENCY 3116900
TIMELINE 47 1951 241763978670800 3116900
LATENCY 2650000
TIMELINE 47 1967 241764024891900 2650000
LATENCY 3020000
TIMELINE 47 1983 241764071469900 3020000
LATENCY 2806700
TIMELINE 47 1999 241764123486800 2806700
LATENCY 2849200
TIMELINE 47 2015 241764173450300 2849200
LATENCY 3157700
TIMELINE 47 2031 241764218147700 3157700
LATENCY 4280000
TIMELINE 47 2047 241764264421400 4280000
LATENCY 7496600
TIMELINE 48 0 241759003412300 7496600
LATENCY 2318300
TIMELINE 48 16 241759047632700 2318300
LATENCY 2170800
TIMELINE 48 32 241759082904400 2170800
LATENCY 2221100
TIMELINE 48 48 241759118384400 2221100
LATENCY 2183000
TIMELINE 48 64 241759152873400 2183000
LATENCY 2129400
TIMELINE 48 80 241759187849600 2129400
LATENCY 2152700
TIMELINE 48 96 241759224453200 2152700
LATENCY 2243400
TIMELINE 48 112 241759260073800 2243400
LATENCY 2238100
TIMELINE 48 128 241759315085800 2238100
LATENCY 2164700
TIMELINE 48 144 241759350520100 2164700
LATENCY 2181900
TIMELINE 48 160 241759386252100 2181900
LATENCY 2142000
TIMELINE 48 176 241759422595300 2142000
LATENCY 2132000
TIMELINE 48 192 241759457534400 2132000
LATENCY 2136100
TIMELINE 48 208 241759492380600 2136100
LATENCY 2239000
TIMELINE 48 224 241759529462200 2239000
LATENCY 2183000
TIMELINE 48 240 241759564796600 2183000
LATENCY 2392700
TIMELINE 48 256 241759618870000 2392700
LATENCY 2117300
TIMELINE 48 272 241759653579400 2117300
LATENCY 2165900
TIMELINE 48 288 241759687761100 2165900
LATENCY 2079500
TIMELINE 48 304 241759722980000 2079500
LATENCY 2431400
TIMELINE 48 320 241759758186500 2431400
LATENCY 2263600
TIMELINE 48 336 241759794872900 2263600
LATENCY 2297600
TIMELINE 48 352 241759831939200 2297600
LATENCY 2253000
TIMELINE 48 368 241759867709300 2253000
LATENCY 2104200
TIMELINE 48 384 241759903319900 2104200
LATENCY 2183300
TIMELINE 48 400 241759957460700 2183300
LATENCY 2341000
TIMELINE 48 416 241759998319500 2341000
LATENCY 2208700
TIMELINE 48 432 241760034512300 2208700
LATENCY 2186800
TIMELINE 48 448 241760069200700 2186800
LATENCY 2261700
TIMELINE 48 464 241760104603100 2261700
LATENCY 2161000
TIMELINE 48 480 241760139527000 2161000
LATENCY 2221500
TIMELINE 48 496 241760174362400 2221500
LATENCY 2216700
TIMELINE 48 512 241760211183100 2216700
LATENCY 2151500
TIMELINE 48 528 241760265934600 2151500
LATENCY 2126100
TIMELINE 48 544 241760300301800 2126100
LATENCY 2155100
TIMELINE 48 560 241760335310700 2155100
LATENCY 2777800
TIMELINE 48 576 241760369933900 2777800
LATENCY 2165500
TIMELINE 48 592 241760405741000 2165500
LATENCY 2133000
TIMELINE 48 608 241760441364000 2133000
LATENCY 2127700
TIMELINE 48 624 241760475634000 2127700
LATENCY 2230900
TIMELINE 48 640 241760509788800 2230900
LATENCY 2494400
TIMELINE 48 656 241760562770700 2494400
LATENCY 2176000
TIMELINE 48 672 241760597774300 2176000
LATENCY 2189000
TIMELINE 48 688 241760632899500 2189000
LATENCY 2200900
TIMELINE 48 704 241760668085400 2200900
LATENCY 2179900
TIMELINE 48 720 241760702626200 2179900
LATENCY 2180400
TIMELINE 48 736 241760737501600 2180400
LATENCY 2133800
TIMELINE 48 752 241760772314600 2133800
LATENCY 2131600
TIMELINE 48 768 241760806115500 2131600
LATENCY 2222100
TIMELINE 48 784 241760841822500 2222100
LATENCY 2152900
TIMELINE 48 800 241760896393600 2152900
LATENCY 2203100
TIMELINE 48 816 241760931310100 2203100
LATENCY 2199000
TIMELINE 48 832 241760966574200 2199000
LATENCY 2306500
TIMELINE 48 848 241761001021700 2306500
LATENCY 2376100
TIMELINE 48 864 241761036608200 2376100
LATENCY 2184400
TIMELINE 48 880 241761072608600 2184400
LATENCY 2324400
TIMELINE 48 896 241761107861700 2324400
LATENCY 2154300
TIMELINE 48 912 241761143246100 2154300
LATENCY 2278900
TIMELINE 48 928 241761198291400 2278900
LATENCY 2185900
TIMELINE 48 944 241761233429700 2185900
LATENCY 2137300
TIMELINE 48 960 241761267888500 2137300
LATENCY 2148400
TIMELINE 48 976 241761301858000 2148400
LATENCY 2399300
TIMELINE 48 992 241761337013700 2399300
LATENCY 2152900
TIMELINE 48 1008 241761372392400 2152900
LATENCY 2116200
TIMELINE 48 1024 241761407086300 2116200
LATENCY 2209900
TIMELINE 48 1040 241761442676100 2209900
LATENCY 8264700
TIMELINE 48 1056 241761478970100 8264700
LATENCY 2186200
TIMELINE 48 1072 241761520504700 2186200
LATENCY 2230100
TIMELINE 48 1088 241761556011100 2230100
LATENCY 2292400
TIMELINE 48 1104 241761594398400 2292400
LATENCY 2172700
TIMELINE 48 1120 241761629451500 2172700
LATENCY 2226000
TIMELINE 48 1136 241761665776300 2226000
LATENCY 2200200
TIMELINE 48 1152 241761702025000 2200200
LATENCY 2096500
TIMELINE 48 1168 241761736895100 2096500
LATENCY 2219100
TIMELINE 48 1184 241761772631100 2219100
LATENCY 2139300
TIMELINE 48 1200 241761813604000 2139300
LATENCY 2182100
TIMELINE 48 1216 241761849062200 2182100
LATENCY 3086000
TIMELINE 48 1232 241761890757800 3086000
LATENCY 2726500
TIMELINE 48 1248 241761936546600 2726500
LATENCY 2827300
TIMELINE 48 1264 241761980726500 2827300
LATENCY 3054000
TIMELINE 48 1280 241762030680500 3054000
LATENCY 2906900
TIMELINE 48 1296 241762076616100 2906900
LATENCY 3061400
TIMELINE 48 1312 241762124267600 3061400
LATENCY 2973600
TIMELINE 48 1328 241762180188700 2973600
LATENCY 3075100
TIMELINE 48 1344 241762226776500 3075100
LATENCY 2876900
TIMELINE 48 1360 241762272261300 2876900
LATENCY 3377200
TIMELINE 48 1376 241762318224100 3377200
LATENCY 3082800
TIMELINE 48 1392 241762364176700 3082800
LATENCY 2685500
TIMELINE 48 1408 241762411932500 2685500
LATENCY 2569200
TIMELINE 48 1424 241762455458800 2569200
LATENCY 2753900
TIMELINE 48 1440 241762499996500 2753900
LATENCY 2935200
TIMELINE 48 1456 241762544377800 2935200
LATENCY 3021100
TIMELINE 48 1472 241762596571000 3021100
LATENCY 2752700
TIMELINE 48 1488 241762644916000 2752700
LATENCY 2854200
TIMELINE 48 1504 241762690536000 2854200
LATENCY 2801300
TIMELINE 48 1520 241762736926300 2801300
LATENCY 3044700
TIMELINE 48 1536 241762782184900 3044700
LATENCY 2819600
TIMELINE 48 1552 241762827890800 2819600
LATENCY 2593700
TIMELINE 48 1568 241762874363100 2593700
LATENCY 2837700
TIMELINE 48 1584 241762919420600 2837700
LATENCY 3106300
TIMELINE 48 1600 241762970985400 3106300
LATENCY 2766200
TIMELINE 48 1616 241763019283200 2766200
LATENCY 2710700
TIMELINE 48 1632 241763063543200 2710700
LATENCY 2752300
TIMELINE 48 1648 241763107705000 2752300
LATENCY 2587000
TIMELINE 48 1664 241763151603000 2587000
LATENCY 3041400
TIMELINE 48 1680 241763194942800 3041400
LATENCY 2970400
TIMELINE 48 1696 241763242401000 2970400
LATENCY 2881700
TIMELINE 48 1712 241763287400000 2881700
LATENCY 2945700
TIMELINE 48 1728 241763336948100 2945700
LATENCY 2864500
TIMELINE 48 1744 241763382563500 2864500
LATENCY 2766200
TIMELINE 48 1760 241763426918000 2766200
LATENCY 3088900
TIMELINE 48 1776 241763472478200 3088900
LATENCY 2738600
TIMELINE 48 1792 241763518624000 2738600
LATENCY 2785000
TIMELINE 48 1808 241763564546700 2785000
LATENCY 2680200
TIMELINE 48 1824 241763611367000 2680200
LATENCY 2705800
TIMELINE 48 1840 241763654679900 2705800
LATENCY 3111300
TIMELINE 48 1856 241763701576800 3111300
LATENCY 2911100
TIMELINE 48 1872 241763756246300 2911100
LATENCY 2948100
TIMELINE 48 1888 241763800948700 2948100
LATENCY 2611300
TIMELINE 48 1904 241763843734600 2611300
LATENCY 2880100
TIMELINE 48 1920 241763889056400 2880100
LATENCY 2697200
TIMELINE 48 1936 241763935650100 2697200
LATENCY 2954800
TIMELINE 48 1952 241763981049900 2954800
LATENCY 2662400
TIMELINE 48 1968 241764027053900 2662400
LATENCY 3025500
TIMELINE 48 1984 241764073943200 3025500
LATENCY 2885000
TIMELINE 48 2000 241764125792800 2885000
LATENCY 2852800
TIMELINE 48 2016 241764175767700 2852800
LATENCY 2972000
TIMELINE 48 2032 241764220720200 2972000
LATENCY 2595600
TIMELINE 49 1 241759010769100 2595600
LATENCY 2275600
TIMELINE 49 17 241759049857200 2275600
LATENCY 2162300
TIMELINE 49 33 241759084993400 2162300
LATENCY 2143900
TIMELINE 49 49 241759120541700 2143900
LATENCY 2167300
TIMELINE 49 65 241759155028600 2167300
LATENCY 2257100
TIMELINE 49 81 241759189919400 2257100
LATENCY 2132100
TIMELINE 49 97 241759226669800 2132100
LATENCY 2353900
TIMELINE 49 113 241759263075700 2353900
LATENCY 2352100
TIMELINE 49 129 241759317981100 2352100
LATENCY 2120500
TIMELINE 49 145 241759353091900 2120500
LATENCY 2189300
TIMELINE 49 161 241759388926100 2189300
LATENCY 2113900
TIMELINE 49 177 241759425078200 2113900
LATENCY 2121000
TIMELINE 49 193 241759460042700 2121000
LATENCY 2142000
TIMELINE 49 209 241759494917300 2142000
LATENCY 2201800
TIMELINE 49 225 241759532222100 2201800
LATENCY 2303500
TIMELINE 49 241 241759567736200 2303500
LATENCY 2206200
TIMELINE 49 257 241759622113000 2206200
LATENCY 2144300
TIMELINE 49 273 241759656327700 2144300
LATENCY 2188000
TIMELINE 49 289 241759690568300 2188000
LATENCY 2141000
TIMELINE 49 305 241759725931500 2141000
LATENCY 2159100
TIMELINE 49 321 241759761599700 2159100
LATENCY 2363000
TIMELINE 49 337 241759798150500 2363000
LATENCY 2236800
TIMELINE 49 353 241759835183200 2236800
LATENCY 2423400
TIMELINE 49 369 241759870846100 2423400
LATENCY 2135700
TIMELINE 49 385 241759906173900 2135700
LATENCY 2189500
TIMELINE 49 401 241759960498300 2189500
LATENCY 2330300
TIMELINE 49 417 241760001458600 2330300
LATENCY 2144100
TIMELINE 49 433 241760037341600 2144100
LATENCY 2457500
TIMELINE 49 449 241760072074900 2457500
LATENCY 2144100
TIMELINE 49 465 241760107717600 2144100
LATENCY 2116200
TIMELINE 49 481 241760141889800 2116200
LATENCY 2162600
TIMELINE 49 497 241760176733300 2162600
LATENCY 2166100
TIMELINE 49 513 241760213525500 2166100
LATENCY 2128800
TIMELINE 49 529 241760268241400 2128800
LATENCY 2142700
TIMELINE 49 545 241760302605900 2142700
LATENCY 2353300
TIMELINE 49 561 241760337307800 2353300
LATENCY 2471800
TIMELINE 49 577 241760372610000 2471800
LATENCY 2198000
TIMELINE 49 593 241760408003400 2198000
LATENCY 2145600
TIMELINE 49 609 241760443588200 2145600
LATENCY 2105600
TIMELINE 49 625 241760477852800 2105600
LATENCY 2131400
TIMELINE 49 641 241760512111600 2131400
LATENCY 2122300
TIMELINE 49 657 241760565368700 2122300
LATENCY 2217200
TIMELINE 49 673 241760599782100 2217200
LATENCY 2162100
TIMELINE 49 689 241760634922200 2162100
LATENCY 2184200
TIMELINE 49 705 241760670144600 2184200
LATENCY 2136200
TIMELINE 49 721 241760704779400 2136200
LATENCY 2206600
TIMELINE 49 737 241760739567100 2206600
LATENCY 2077400
TIMELINE 49 753 241760774338700 2077400
LATENCY 2105700
TIMELINE 49 769 241760808136700 2105700
LATENCY 2131200
TIMELINE 49 785 241760843851500 2131200
LATENCY 2169400
TIMELINE 49 801 241760898383700 2169400
LATENCY 2288700
TIMELINE 49 817 241760933243700 2288700
LATENCY 2093200
TIMELINE 49 833 241760968524800 2093200
LATENCY 2300900
TIMELINE 49 849 241761003160800 2300900
LATENCY 2149000
TIMELINE 49 865 241761038827500 2149000
LATENCY 2176300
TIMELINE 49 881 241761074668800 2176300
LATENCY 2193800
TIMELINE 49 897 241761110273900 2193800
LATENCY 2142800
TIMELINE 49 913 241761145460600 2142800
LATENCY 2218600
TIMELINE 49 929 241761200698400 2218600
LATENCY 2145600
TIMELINE 49 945 241761235821300 2145600
LATENCY 2096500
TIMELINE 49 961 241761270265500 2096500
LATENCY 2118900
TIMELINE 49 977 241761304244600 2118900
LATENCY 2195000
TIMELINE 49 993 241761339805500 2195000
LATENCY 2216200
TIMELINE 49 1009 241761374916800 2216200
LATENCY 2145500
TIMELINE 49 1025 241761409594100 2145500
LATENCY 2176300
TIMELINE 49 1041 241761445571200 2176300
LATENCY 2243300
TIMELINE 49 1057 241761487633000 2243300
LATENCY 2115200
TIMELINE 49 1073 241761523096000 2115200
LATENCY 2242400
TIMELINE 49 1089 241761558644900 2242400
LATENCY 2333500
TIMELINE 49 1105 241761596960500 2333500
LATENCY 2121400
TIMELINE 49 1121 241761631900100 2121400
LATENCY 2311800
TIMELINE 49 1137 241761668133700 2311800
LATENCY 2207000
TIMELINE 49 1153 241761704498600 2207000
LATENCY 2172700
TIMELINE 49 1169 241761739275000 2172700
LATENCY 2128300
TIMELINE 49 1185 241761775295200 2128300
LATENCY 2180100
TIMELINE 49 1201 241761816245800 2180100
LATENCY 2099400
TIMELINE 49 1217 241761851720000 2099400
LATENCY 3060100
TIMELINE 49 1233 241761895073300 3060100
LATENCY 2684700
TIMELINE 49 1249 241761940330300 2684700
LATENCY 2692600
TIMELINE 49 1265 241761984554400 2692600
LATENCY 3041300
TIMELINE 49 1281 241762034895300 3041300
LATENCY 2721000
TIMELINE 49 1297 241762080662400 2721000
LATENCY 3047900
TIMELINE 49 1313 241762128487500 3047900
LATENCY 2627000
TIMELINE 49 1329 241762184206800 2627000
LATENCY 2790600
TIMELINE 49 1345 241762230961800 2790600
LATENCY 3075400
TIMELINE 49 1361 241762276205300 3075400
LATENCY 2840500
TIMELINE 49 1377 241762322641900 2840500
LATENCY 3158600
TIMELINE 49 1393 241762368459400 3158600
LATENCY 2726400
TIMELINE 49 1409 241762415650600 2726400
LATENCY 2590500
TIMELINE 49 1425 241762459011800 2590500
LATENCY 2739200
TIMELINE 49 1441 241762503775000 2739200
LATENCY 2524700
TIMELINE 49 1457 241762553872800 2524700
LATENCY 3006800
TIMELINE 49 1473 241762600703800 3006800
LATENCY 2823100
TIMELINE 49 1489 241762648714600 2823100
LATENCY 2781900
TIMELINE 49 1505 241762694424900 2781900
LATENCY 2769500
TIMELINE 49 1521 241762740776200 2769500
LATENCY 2835300
TIMELINE 49 1537 241762786360300 2835300
LATENCY 2805500
TIMELINE 49 1553 241762831737000 2805500
LATENCY 2823800
TIMELINE 49 1569 241762878019400 2823800
LATENCY 2947000
TIMELINE 49 1585 241762923450000 2947000
LATENCY 3019300
TIMELINE 49 1601 241762975210700 3019300
LATENCY 2767000
TIMELINE 49 1617 241763023076600 2767000
LATENCY 2822900
TIMELINE 49 1633 241763067267700 2822900
LATENCY 2764600
TIMELINE 49 1649 241763111471500 2764600
LATENCY 2575500
TIMELINE 49 1665 241763155136200 2575500
LATENCY 2942400
TIMELINE 49 1681 241763199026400 2942400
LATENCY 2951400
TIMELINE 49 1697 241763246399400 2951400
LATENCY 2702300
TIMELINE 49 1713 241763291220000 2702300
LATENCY 2820000
TIMELINE 49 1729 241763340971700 2820000
LATENCY 2871300
TIMELINE 49 1745 241763386493800 2871300
LATENCY 2797300
TIMELINE 49 1761 241763430658700 2797300
LATENCY 2916700
TIMELINE 49 1777 241763476372000 2916700
LATENCY 2722300
TIMELINE 49 1793 241763522088500 2722300
LATENCY 3044700
TIMELINE 49 1809 241763568113800 3044700
LATENCY 2685500
TIMELINE 49 1825 241763614751300 2685500
LATENCY 2713600
TIMELINE 49 1841 241763658062900 2713600
LATENCY 8475600
TIMELINE 49 1857 241763705603700 8475600
LATENCY 2840500
TIMELINE 49 1873 241763760028700 2840500
LATENCY 2683400
TIMELINE 49 1889 241763804668100 2683400
LATENCY 2624000
TIMELINE 49 1905 241763847059200 2624000
LATENCY 2738000
TIMELINE 49 1921 241763892714000 2738000
LATENCY 2805800
TIMELINE 49 1937 241763939108400 2805800
LATENCY 2939000
TIMELINE 49 1953 241763984777600 2939000
LATENCY 2873900
TIMELINE 49 1969 241764030506200 2873900
LATENCY 3171300
TIMELINE 49 1985 241764077857800 3171300
LATENCY 2732500
TIMELINE 49 2001 241764129464300 2732500
LATENCY 2717000
TIMELINE 49 2017 241764179460300 2717000
LATENCY 2795400
TIMELINE 49 2033 241764224463000 2795400
LATENCY 2365800
TIMELINE 50 2 241759013411400 2365800
LATENCY 2235300
TIMELINE 50 18 241759052168900 2235300
LATENCY 2197200
TIMELINE 50 34 241759087191100 2197200
LATENCY 2169300
TIMELINE 50 50 241759122658000 2169300
LATENCY 2167000
TIMELINE 50 66 241759157108700 2167000
LATENCY 2375400
TIMELINE 50 82 241759192059600 2375400
LATENCY 2150300
TIMELINE 50 98 241759228486700 2150300
LATENCY 2391100
TIMELINE 50 114 241759264762900 2391100
LATENCY 2395800
TIMELINE 50 130 241759319641000 2395800
LATENCY 2110600
TIMELINE 50 146 241759354588900 2110600
LATENCY 2166500
TIMELINE 50 162 241759390216400 2166500
LATENCY 2126000
TIMELINE 50 178 241759426336000 2126000
LATENCY 2115700
TIMELINE 50 194 241759461391000 2115700
LATENCY 2324000
TIMELINE 50 210 241759496283500 2324000
LATENCY 2184500
TIMELINE 50 226 241759533639200 2184500
LATENCY 2234100
TIMELINE 50 242 241759569196300 2234100
LATENCY 2171600
TIMELINE 50 258 241759623413900 2171600
LATENCY 2131300
TIMELINE 50 274 241759657571700 2131300
LATENCY 2436300
TIMELINE 50 290 241759691805100 2436300
LATENCY 2157300
TIMELINE 50 306 241759727585300 2157300
LATENCY 2208200
TIMELINE 50 322 241759763209600 2208200
LATENCY 2307100
TIMELINE 50 338 241759799870200 2307100
LATENCY 2213600
TIMELINE 50 354 241759836773600 2213600
LATENCY 2216000
TIMELINE 50 370 241759872629800 2216000
LATENCY 2356600
TIMELINE 50 386 241759907657600 2356600
LATENCY 2138600
TIMELINE 50 402 241759961984900 2138600
LATENCY 2280700
TIMELINE 50 418 241760003396300 2280700
LATENCY 2127000
TIMELINE 50 434 241760039201800 2127000
LATENCY 2215000
TIMELINE 50 450 241760074253100 2215000
LATENCY 2203100
TIMELINE 50 466 241760109598900 2203100
LATENCY 2138700
TIMELINE 50 482 241760144094200 2138700
LATENCY 2319500
TIMELINE 50 498 241760179026600 2319500
LATENCY 2271000
TIMELINE 50 514 241760215822600 2271000
LATENCY 2095300
TIMELINE 50 530 241760270404600 2095300
LATENCY 2148200
TIMELINE 50 546 241760304782000 2148200
LATENCY 2202100
TIMELINE 50 562 241760339905100 2202100
LATENCY 2305100
TIMELINE 50 578 241760375239700 2305100
LATENCY 2193300
TIMELINE 50 594 241760410317600 2193300
LATENCY 2163900
TIMELINE 50 610 241760445856000 2163900
LATENCY 2142500
TIMELINE 50 626 241760480079300 2142500
LATENCY 2127200
TIMELINE 50 642 241760514365500 2127200
LATENCY 2108700
TIMELINE 50 658 241760567577400 2108700
LATENCY 2157900
TIMELINE 50 674 241760602683200 2157900
LATENCY 2165800
TIMELINE 50 690 241760637897100 2165800
LATENCY 2217200
TIMELINE 50 706 241760673003000 2217200
LATENCY 2090600
TIMELINE 50 722 241760707608300 2090600
LATENCY 2236800
TIMELINE 50 738 241760742583500 2236800
LATENCY 2136600
TIMELINE 50 754 241760777195500 2136600
LATENCY 2232800
TIMELINE 50 770 241760811066700 2232800
LATENCY 2151100
TIMELINE 50 786 241760846638800 2151100
LATENCY 2152600
TIMELINE 50 802 241760901152600 2152600
LATENCY 2269800
TIMELINE 50 818 241760936072700 2269800
LATENCY 2114700
TIMELINE 50 834 241760971237700 2114700
LATENCY 2316000
TIMELINE 50 850 241761006246200 2316000
LATENCY 2261600
TIMELINE 50 866 241761041847800 2261600
LATENCY 2147000
TIMELINE 50 882 241761077486900 2147000
LATENCY 2167600
TIMELINE 50 898 241761113211300 2167600
LATENCY 2205400
TIMELINE 50 914 241761148315300 2205400
LATENCY 2288600
TIMELINE 50 930 241761203698000 2288600
LATENCY 2253900
TIMELINE 50 946 241761238603400 2253900
LATENCY 2113600
TIMELINE 50 962 241761273008700 2113600
LATENCY 2126000
TIMELINE 50 978 241761306981200 2126000
LATENCY 2225200
TIMELINE 50 994 241761342485200 2225200
LATENCY 2163100
TIMELINE 50 1010 241761377560000 2163100
LATENCY 2130500
TIMELINE 50 1026 241761412120700 2130500
LATENCY 2259100
TIMELINE 50 1042 241761448574400 2259100
LATENCY 2151300
TIMELINE 50 1058 241761490740400 2151300
LATENCY 2147200
TIMELINE 50 1074 241761525889100 2147200
LATENCY 2294500
TIMELINE 50 1090 241761561705300 2294500
LATENCY 2209400
TIMELINE 50 1106 241761600178000 2209400
LATENCY 2127600
TIMELINE 50 1122 241761634848300 2127600
LATENCY 2238500
TIMELINE 50 1138 241761671283800 2238500
LATENCY 2204400
TIMELINE 50 1154 241761707471000 2204400
LATENCY 2095100
TIMELINE 50 1170 241761742203300 2095100
LATENCY 2208100
TIMELINE 50 1186 241761778095300 2208100
LATENCY 2396300
TIMELINE 50 1202 241761819066200 2396300
LATENCY 3305900
TIMELINE 50 1218 241761854538800 3305900
LATENCY 3015600
TIMELINE 50 1234 241761898449000 3015600
LATENCY 2788100
TIMELINE 50 1250 241761943262900 2788100
LATENCY 2701200
TIMELINE 50 1266 241761987459700 2701200
LATENCY 2884700
TIMELINE 50 1282 241762038191800 2884700
LATENCY 2837800
TIMELINE 50 1298 241762083647800 2837800
LATENCY 3065800
TIMELINE 50 1314 241762131796400 3065800
LATENCY 2922600
TIMELINE 50 1330 241762187073600 2922600
LATENCY 2785600
TIMELINE 50 1346 241762233983700 2785600
LATENCY 2905600
TIMELINE 50 1362 241762279558000 2905600
LATENCY 2999600
TIMELINE 50 1378 241762325770200 2999600
LATENCY 3048800
TIMELINE 50 1394 241762371954400 3048800
LATENCY 2781300
TIMELINE 50 1410 241762418681800 2781300
LATENCY 2575100
TIMELINE 50 1426 241762461968500 2575100
LATENCY 2725800
TIMELINE 50 1442 241762506916300 2725800
LATENCY 2766200
TIMELINE 50 1458 241762556807400 2766200
LATENCY 3048600
TIMELINE 50 1474 241762604149200 3048600
LATENCY 2786900
TIMELINE 50 1490 241762651934600 2786900
LATENCY 2776700
TIMELINE 50 1506 241762697574400 2776700
LATENCY 2802300
TIMELINE 50 1522 241762743892800 2802300
LATENCY 2799500
TIMELINE 50 1538 241762789577800 2799500
LATENCY 2777300
TIMELINE 50 1554 241762834911100 2777300
LATENCY 2561000
TIMELINE 50 1570 241762881189500 2561000
LATENCY 3053900
TIMELINE 50 1586 241762926769600 3053900
LATENCY 3122900
TIMELINE 50 1602 241762978559200 3122900
LATENCY 2749800
TIMELINE 50 1618 241763026154300 2749800
LATENCY 2725500
TIMELINE 50 1634 241763070426900 2725500
LATENCY 2568600
TIMELINE 50 1650 241763114598800 2568600
LATENCY 2604100
TIMELINE 50 1666 241763158038700 2604100
LATENCY 2952900
TIMELINE 50 1682 241763202374600 2952900
LATENCY 2942600
TIMELINE 50 1698 241763249767300 2942600
LATENCY 2698100
TIMELINE 50 1714 241763294276100 2698100
LATENCY 2742400
TIMELINE 50 1730 241763344182100 2742400
LATENCY 2507700
TIMELINE 50 1746 241763389692900 2507700
LATENCY 2729500
TIMELINE 50 1762 241763433797000 2729500
LATENCY 2762700
TIMELINE 50 1778 241763479639400 2762700
LATENCY 2836700
TIMELINE 50 1794 241763525162800 2836700
LATENCY 2822200
TIMELINE 50 1810 241763571587000 2822200
LATENCY 2721800
TIMELINE 50 1826 241763617820600 2721800
LATENCY 2752200
TIMELINE 50 1842 241763661167100 2752200
LATENCY 3130200
TIMELINE 50 1858 241763714509300 3130200
LATENCY 2744400
TIMELINE 50 1874 241763763252100 2744400
LATENCY 2703900
TIMELINE 50 1890 241763807716900 2703900
LATENCY 2592700
TIMELINE 50 1906 241763850045100 2592700
LATENCY 3002100
TIMELINE 50 1922 241763895857500 3002100
LATENCY 2863900
TIMELINE 50 1938 241763942267800 2863900
LATENCY 2818100
TIMELINE 50 1954 241763988137500 2818100
LATENCY 2881700
TIMELINE 50 1970 241764033754400 2881700
LATENCY 2848300
TIMELINE 50 1986 241764081423800 2848300
LATENCY 2737300
TIMELINE 50 2002 241764132530000 2737300
LATENCY 2783800
TIMELINE 50 2018 241764182538000 2783800
LATENCY 2775700
TIMELINE 50 2034 241764227608900 2775700
LATENCY 2324800
TIMELINE 51 3 241759015716300 2324800
LATENCY 2256900
TIMELINE 51 19 241759054316700 2256900
LATENCY 2335400
TIMELINE 51 35 241759089265300 2335400
LATENCY 2141600
TIMELINE 51 51 241759124740800 2141600
LATENCY 2152300
TIMELINE 51 67 241759159187100 2152300
LATENCY 3059600
TIMELINE 51 83 241759194294500 3059600
LATENCY 2195700
TIMELINE 51 99 241759230606100 2195700
LATENCY 2231500
TIMELINE 51 115 241759267248100 2231500
LATENCY 2135500
TIMELINE 51 131 241759322099500 2135500
LATENCY 2139100
TIMELINE 51 147 241759356895400 2139100
LATENCY 2105800
TIMELINE 51 163 241759392784100 2105800
LATENCY 2193400
TIMELINE 51 179 241759428927400 2193400
LATENCY 2111200
TIMELINE 51 195 241759464144400 2111200
LATENCY 2486900
TIMELINE 51 211 241759499415500 2486900
LATENCY 2257900
TIMELINE 51 227 241759536474400 2257900
LATENCY 2174100
TIMELINE 51 243 241759572201200 2174100
LATENCY 2138500
TIMELINE 51 259 241759626441200 2138500
LATENCY 2135900
TIMELINE 51 275 241759660689700 2135900
LATENCY 2243000
TIMELINE 51 291 241759695266700 2243000
LATENCY 2127200
TIMELINE 51 307 241759730126300 2127200
LATENCY 2168800
TIMELINE 51 323 241759765903100 2168800
LATENCY 2423400
TIMELINE 51 339 241759802761100 2423400
LATENCY 2225000
TIMELINE 51 355 241759839651200 2225000
LATENCY 2228600
TIMELINE 51 371 241759875561400 2228600
LATENCY 2202100
TIMELINE 51 387 241759910787300 2202100
LATENCY 2151400
TIMELINE 51 403 241759964779100 2151400
LATENCY 2287200
TIMELINE 51 419 241760005894800 2287200
LATENCY 2136100
TIMELINE 51 435 241760041540200 2136100
LATENCY 2154700
TIMELINE 51 451 241760076647700 2154700
LATENCY 2259200
TIMELINE 51 467 241760111964000 2259200
LATENCY 2125000
TIMELINE 51 483 241760146646800 2125000
LATENCY 2491400
TIMELINE 51 499 241760181849900 2491400
LATENCY 2261400
TIMELINE 51 515 241760218732700 2261400
LATENCY 2254600
TIMELINE 51 531 241760273111100 2254600
LATENCY 2131000
TIMELINE 51 547 241760307555200 2131000
LATENCY 2154900
TIMELINE 51 563 241760342635600 2154900
LATENCY 2207200
TIMELINE 51 579 241760378045700 2207200
LATENCY 2169600
TIMELINE 51 595 241760413046100 2169600
LATENCY 2129300
TIMELINE 51 611 241760448549600 2129300
LATENCY 2130800
TIMELINE 51 627 241760482705700 2130800
LATENCY 2114000
TIMELINE 51 643 241760516974200 2114000
LATENCY 2154700
TIMELINE 51 659 241760570106300 2154700
LATENCY 2184000
TIMELINE 51 675 241760605312800 2184000
LATENCY 2317300
TIMELINE 51 691 241760640518900 2317300
LATENCY 2049500
TIMELINE 51 707 241760675647200 2049500
LATENCY 2113300
TIMELINE 51 723 241760709973100 2113300
LATENCY 2240200
TIMELINE 51 739 241760745302800 2240200
LATENCY 2119900
TIMELINE 51 755 241760779819900 2119900
LATENCY 2163900
TIMELINE 51 771 241760813864600 2163900
LATENCY 2238200
TIMELINE 51 787 241760849429300 2238200
LATENCY 2206000
TIMELINE 51 803 241760904026500 2206000
LATENCY 2221300
TIMELINE 51 819 241760938895400 2221300
LATENCY 2136000
TIMELINE 51 835 241760973857700 2136000
LATENCY 2182900
TIMELINE 51 851 241761009321100 2182900
LATENCY 2297500
TIMELINE 51 867 241761044904200 2297500
LATENCY 2123700
TIMELINE 51 883 241761080424000 2123700
LATENCY 2177900
TIMELINE 51 899 241761116008600 2177900
LATENCY 2132300
TIMELINE 51 915 241761151330100 2132300
LATENCY 2170200
TIMELINE 51 931 241761206695900 2170200
LATENCY 2132600
TIMELINE 51 947 241761241507700 2132600
LATENCY 2094500
TIMELINE 51 963 241761275776900 2094500
LATENCY 2136500
TIMELINE 51 979 241761309754800 2136500
LATENCY 2258300
TIMELINE 51 995 241761345322000 2258300
LATENCY 2206100
TIMELINE 51 1011 241761380378900 2206100
LATENCY 2132500
TIMELINE 51 1027 241761414880300 2132500
LATENCY 2488500
TIMELINE 51 1043 241761451380900 2488500
LATENCY 2150100
TIMELINE 51 1059 241761493498100 2150100
LATENCY 2116200
TIMELINE 51 1075 241761528705900 2116200
LATENCY 2217600
TIMELINE 51 1091 241761564655100 2217600
LATENCY 2166000
TIMELINE 51 1107 241761603057100 2166000
LATENCY 2165300
TIMELINE 51 1123 241761637617400 2165300
LATENCY 2257700
TIMELINE 51 1139 241761674380700 2257700
LATENCY 2140700
TIMELINE 51 1155 241761710945500 2140700
LATENCY 2109500
TIMELINE 51 1171 241761745481000 2109500
LATENCY 2175900
TIMELINE 51 1187 241761781819000 2175900
LATENCY 2246400
TIMELINE 51 1203 241761823056300 2246400
LATENCY 3044700
TIMELINE 51 1219 241761861695200 3044700
LATENCY 2868000
TIMELINE 51 1235 241761903976000 2868000
LATENCY 3064900
TIMELINE 51 1251 241761948719100 3064900
LATENCY 2713900
TIMELINE 51 1267 241761992979700 2713900
LATENCY 2786900
TIMELINE 51 1283 241762043752900 2786900
LATENCY 2837200
TIMELINE 51 1299 241762089347000 2837200
LATENCY 3107000
TIMELINE 51 1315 241762137872300 3107000
LATENCY 2854900
TIMELINE 51 1331 241762192785100 2854900
LATENCY 2843600
TIMELINE 51 1347 241762239493800 2843600
LATENCY 2915000
TIMELINE 51 1363 241762285339200 2915000
LATENCY 2654000
TIMELINE 51 1379 241762331437700 2654000
LATENCY 3043900
TIMELINE 51 1395 241762378002400 3043900
LATENCY 2724100
TIMELINE 51 1411 241762424124600 2724100
LATENCY 2424800
TIMELINE 51 1427 241762467039000 2424800
LATENCY 2806500
TIMELINE 51 1443 241762512271200 2806500
LATENCY 2772500
TIMELINE 51 1459 241762562236400 2772500
LATENCY 3053400
TIMELINE 51 1475 241762610093400 3053400
LATENCY 3206700
TIMELINE 51 1491 241762657393000 3206700
LATENCY 3136100
TIMELINE 51 1507 241762703156700 3136100
LATENCY 2781300
TIMELINE 51 1523 241762749490900 2781300
LATENCY 2849400
TIMELINE 51 1539 241762795226400 2849400
LATENCY 2753800
TIMELINE 51 1555 241762840417600 2753800
LATENCY 2609400
TIMELINE 51 1571 241762886349200 2609400
LATENCY 2601600
TIMELINE 51 1587 241762932665800 2601600
LATENCY 3958500
TIMELINE 51 1603 241762986053800 3958500
LATENCY 2732900
TIMELINE 51 1619 241763031582200 2732900
LATENCY 2686800
TIMELINE 51 1635 241763075759900 2686800
LATENCY 2559400
TIMELINE 51 1651 241763121711200 2559400
LATENCY 2606700
TIMELINE 51 1667 241763163139600 2606700
LATENCY 3034700
TIMELINE 51 1683 241763208152100 3034700
LATENCY 3003000
TIMELINE 51 1699 241763255534500 3003000
LATENCY 2715500
TIMELINE 51 1715 241763299577200 2715500
LATENCY 2769000
TIMELINE 51 1731 241763349534500 2769000
LATENCY 2759300
TIMELINE 51 1747 241763394963800 2759300
LATENCY 2755000
TIMELINE 51 1763 241763439217700 2755000
LATENCY 2756300
TIMELINE 51 1779 241763485113500 2756300
LATENCY 2767100
TIMELINE 51 1795 241763530672600 2767100
LATENCY 4103200
TIMELINE 51 1811 241763578379800 4103200
LATENCY 2701400
TIMELINE 51 1827 241763623220300 2701400
LATENCY 2704400
TIMELINE 51 1843 241763666559700 2704400
LATENCY 3030000
TIMELINE 51 1859 241763720715000 3030000
LATENCY 2705800
TIMELINE 51 1875 241763768685200 2705800
LATENCY 2615000
TIMELINE 51 1891 241763813113400 2615000
LATENCY 2609000
TIMELINE 51 1907 241763855179900 2609000
LATENCY 3046500
TIMELINE 51 1923 241763901848000 3046500
LATENCY 2718400
TIMELINE 51 1939 241763947940100 2718400
LATENCY 3007900
TIMELINE 51 1955 241763993686800 3007900
LATENCY 2778300
TIMELINE 51 1971 241764039309700 2778300
LATENCY 2768100
TIMELINE 51 1987 241764086919200 2768100
LATENCY 2803800
TIMELINE 51 2003 241764138179600 2803800
LATENCY 2930800
TIMELINE 51 2019 241764187940900 2930800
LATENCY 2770200
TIMELINE 51 2035 241764233017800 2770200
LATENCY 2303000
TIMELINE 52 4 241759018171400 2303000
LATENCY 2250000
TIMELINE 52 20 241759056764500 2250000
LATENCY 2139900
TIMELINE 52 36 241759091721100 2139900
LATENCY 2125100
TIMELINE 52 52 241759127082100 2125100
LATENCY 2136800
TIMELINE 52 68 241759161487600 2136800
LATENCY 2426300
TIMELINE 52 84 241759197730200 2426300
LATENCY 2147200
TIMELINE 52 100 241759233147200 2147200
LATENCY 2232700
TIMELINE 52 116 241759269782700 2232700
LATENCY 2182300
TIMELINE 52 132 241759324537100 2182300
LATENCY 2181000
TIMELINE 52 148 241759359366700 2181000
LATENCY 2538200
TIMELINE 52 164 241759395158200 2538200
LATENCY 2089800
TIMELINE 52 180 241759431365100 2089800
LATENCY 2188600
TIMELINE 52 196 241759466321800 2188600
LATENCY 2323000
TIMELINE 52 212 241759501875100 2323000
LATENCY 2168500
TIMELINE 52 228 241759538612500 2168500
LATENCY 2234200
TIMELINE 52 244 241759573983800 2234200
LATENCY 2114100
TIMELINE 52 260 241759628292400 2114100
LATENCY 2092600
TIMELINE 52 276 241759662538700 2092600
LATENCY 2180500
TIMELINE 52 292 241759697088200 2180500
LATENCY 2222200
TIMELINE 52 308 241759731158900 2222200
LATENCY 2159900
TIMELINE 52 324 241759766988100 2159900
LATENCY 2294300
TIMELINE 52 340 241759804095400 2294300
LATENCY 2294000
TIMELINE 52 356 241759840724100 2294000
LATENCY 2239700
TIMELINE 52 372 241759876508500 2239700
LATENCY 2167900
TIMELINE 52 388 241759911770500 2167900
LATENCY 2126600
TIMELINE 52 404 241759965705600 2126600
LATENCY 2358600
TIMELINE 52 420 241760006920700 2358600
LATENCY 2145600
TIMELINE 52 436 241760042397000 2145600
LATENCY 2154000
TIMELINE 52 452 241760077462100 2154000
LATENCY 2253000
TIMELINE 52 468 241760112796100 2253000
LATENCY 2131400
TIMELINE 52 484 241760147273100 2131400
LATENCY 2256000
TIMELINE 52 500 241760182794600 2256000
LATENCY 2227000
TIMELINE 52 516 241760219596300 2227000
LATENCY 2327300
TIMELINE 52 532 241760273927600 2327300
LATENCY 2155700
TIMELINE 52 548 241760308469700 2155700
LATENCY 2193400
TIMELINE 52 564 241760343452400 2193400
LATENCY 2215800
TIMELINE 52 580 241760378862700 2215800
LATENCY 2173200
TIMELINE 52 596 241760413874900 2173200
LATENCY 2134900
TIMELINE 52 612 241760449452400 2134900
LATENCY 2111300
TIMELINE 52 628 241760483619000 2111300
LATENCY 2184000
TIMELINE 52 644 241760517858900 2184000
LATENCY 2158100
TIMELINE 52 660 241760571052900 2158100
LATENCY 2193500
TIMELINE 52 676 241760606335000 2193500
LATENCY 2312300
TIMELINE 52 692 241760641667900 2312300
LATENCY 2132200
TIMELINE 52 708 241760676713100 2132200
LATENCY 2134200
TIMELINE 52 724 241760711075700 2134200
LATENCY 2231400
TIMELINE 52 740 241760746182200 2231400
LATENCY 2092600
TIMELINE 52 756 241760780692700 2092600
LATENCY 2153800
TIMELINE 52 772 241760814778600 2153800
LATENCY 2200400
TIMELINE 52 788 241760850379400 2200400
LATENCY 2199000
TIMELINE 52 804 241760904973400 2199000
LATENCY 2175600
TIMELINE 52 820 241760940025600 2175600
LATENCY 2155300
TIMELINE 52 836 241760974949800 2155300
LATENCY 2272700
TIMELINE 52 852 241761010576200 2272700
LATENCY 2311200
TIMELINE 52 868 241761046401900 2311200
LATENCY 2149800
TIMELINE 52 884 241761081838000 2149800
LATENCY 2168600
TIMELINE 52 900 241761117323300 2168600
LATENCY 2110200
TIMELINE 52 916 241761152726400 2110200
LATENCY 2246700
TIMELINE 52 932 241761208083600 2246700
LATENCY 2145400
TIMELINE 52 948 241761242942200 2145400
LATENCY 2117700
TIMELINE 52 964 241761277181600 2117700
LATENCY 2145900
TIMELINE 52 980 241761311187100 2145900
LATENCY 2307300
TIMELINE 52 996 241761346890200 2307300
LATENCY 2124300
TIMELINE 52 1012 241761381962500 2124300
LATENCY 2145800
TIMELINE 52 1028 241761416420600 2145800
LATENCY 2662100
TIMELINE 52 1044 241761453029200 2662100
LATENCY 2148900
TIMELINE 52 1060 241761495010000 2148900
LATENCY 2155700
TIMELINE 52 1076 241761530161700 2155700
LATENCY 2308000
TIMELINE 52 1092 241761566213900 2308000
LATENCY 2185100
TIMELINE 52 1108 241761604690000 2185100
LATENCY 2130400
TIMELINE 52 1124 241761639260700 2130400
LATENCY 2487100
TIMELINE 52 1140 241761675907400 2487100
LATENCY 2145900
TIMELINE 52 1156 241761712104200 2145900
LATENCY 2116600
TIMELINE 52 1172 241761746631800 2116600
LATENCY 2148500
TIMELINE 52 1188 241761782938100 2148500
LATENCY 2242600
TIMELINE 52 1204 241761824138400 2242600
LATENCY 2726200
TIMELINE 52 1220 241761862648100 2726200
LATENCY 2950100
TIMELINE 52 1236 241761904800100 2950100
LATENCY 3037600
TIMELINE 52 1252 241761949620600 3037600
LATENCY 2666400
TIMELINE 52 1268 241761993643900 2666400
LATENCY 2789100
TIMELINE 52 1284 241762044414900 2789100
LATENCY 2841400
TIMELINE 52 1300 241762090008000 2841400
LATENCY 3099200
TIMELINE 52 1316 241762138595700 3099200
LATENCY 2883000
TIMELINE 52 1332 241762193479300 2883000
LATENCY 2847000
TIMELINE 52 1348 241762240152900 2847000
LATENCY 2911900
TIMELINE 52 1364 241762285934300 2911900
LATENCY 2687100
TIMELINE 52 1380 241762331977100 2687100
LATENCY 3031100
TIMELINE 52 1396 241762378633800 3031100
LATENCY 2720700
TIMELINE 52 1412 241762424901800 2720700
LATENCY 2552500
TIMELINE 52 1428 241762467716100 2552500
LATENCY 2779600
TIMELINE 52 1444 241762513081200 2779600
LATENCY 2784600
TIMELINE 52 1460 241762563019800 2784600
LATENCY 3055900
TIMELINE 52 1476 241762610962500 3055900
LATENCY 2974000
TIMELINE 52 1492 241762658320300 2974000
LATENCY 3234100
TIMELINE 52 1508 241762703804100 3234100
LATENCY 2857100
TIMELINE 52 1524 241762750139200 2857100
LATENCY 2794700
TIMELINE 52 1540 241762795902000 2794700
LATENCY 2767500
TIMELINE 52 1556 241762841144200 2767500
LATENCY 2650600
TIMELINE 52 1572 241762887050900 2650600
LATENCY 2593800
TIMELINE 52 1588 241762933501500 2593800
LATENCY 2799400
TIMELINE 52 1604 241762988096200 2799400
LATENCY 2737900
TIMELINE 52 1620 241763032448800 2737900
LATENCY 2703400
TIMELINE 52 1636 241763076652500 2703400
LATENCY 2589500
TIMELINE 52 1652 241763122552500 2589500
LATENCY 2567500
TIMELINE 52 1668 241763164029400 2567500
LATENCY 2997000
TIMELINE 52 1684 241763209219800 2997000
LATENCY 2943700
TIMELINE 52 1700 241763256589300 2943700
LATENCY 2721100
TIMELINE 52 1716 241763300552100 2721100
LATENCY 2736500
TIMELINE 52 1732 241763350554800 2736500
LATENCY 2727000
TIMELINE 52 1748 241763395955800 2727000
LATENCY 2750500
TIMELINE 52 1764 241763440193600 2750500
LATENCY 2764000
TIMELINE 52 1780 241763486201500 2764000
LATENCY 2735800
TIMELINE 52 1796 241763531780500 2735800
LATENCY 2749500
TIMELINE 52 1812 241763580831900 2749500
LATENCY 2674000
TIMELINE 52 1828 241763624333000 2674000
LATENCY 2763200
TIMELINE 52 1844 241763667643000 2763200
LATENCY 3035200
TIMELINE 52 1860 241763721892400 3035200
LATENCY 2714200
TIMELINE 52 1876 241763769736500 2714200
LATENCY 2604800
TIMELINE 52 1892 241763814134300 2604800
LATENCY 2609200
TIMELINE 52 1908 241763856188300 2609200
LATENCY 3039100
TIMELINE 52 1924 241763903032800 3039100
LATENCY 2637500
TIMELINE 52 1940 241763949039800 2637500
LATENCY 3062900
TIMELINE 52 1956 241763994923200 3062900
LATENCY 2780200
TIMELINE 52 1972 241764040478300 2780200
LATENCY 2773200
TIMELINE 52 1988 241764088072600 2773200
LATENCY 2729400
TIMELINE 52 2004 241764139390100 2729400
LATENCY 3055400
TIMELINE 52 2020 241764189143100 3055400
LATENCY 2776200
TIMELINE 52 2036 241764234242300 2776200
LATENCY 3170900
TIMELINE 53 5 241759020862000 3170900
LATENCY 2240000
TIMELINE 53 21 241759059384700 2240000
LATENCY 1991900
TIMELINE 53 37 241759094259600 1991900
LATENCY 2143300
TIMELINE 53 53 241759129324600 2143300
LATENCY 2121200
TIMELINE 53 69 241759163789500 2121200
LATENCY 2468600
TIMELINE 53 85 241759200313900 2468600
LATENCY 2066400
TIMELINE 53 101 241759235459200 2066400
LATENCY 2219600
TIMELINE 53 117 241759272142900 2219600
LATENCY 2279400
TIMELINE 53 133 241759326874500 2279400
LATENCY 2137400
TIMELINE 53 149 241759361582300 2137400
LATENCY 2368000
TIMELINE 53 165 241759397735700 2368000
LATENCY 2168900
TIMELINE 53 181 241759433519500 2168900
LATENCY 2164000
TIMELINE 53 197 241759468420700 2164000
LATENCY 2341800
TIMELINE 53 213 241759504231600 2341800
LATENCY 2155600
TIMELINE 53 229 241759540817700 2155600
LATENCY 2338200
TIMELINE 53 245 241759576353200 2338200
LATENCY 2164300
TIMELINE 53 261 241759630439200 2164300
LATENCY 2116600
TIMELINE 53 277 241759664665200 2116600
LATENCY 2207900
TIMELINE 53 293 241759699330100 2207900
LATENCY 2128800
TIMELINE 53 309 241759733989100 2128800
LATENCY 2195900
TIMELINE 53 325 241759769803500 2195900
LATENCY 2536700
TIMELINE 53 341 241759807300700 2536700
LATENCY 2219600
TIMELINE 53 357 241759844070500 2219600
LATENCY 2417000
TIMELINE 53 373 241759879919200 2417000
LATENCY 2608000
TIMELINE 53 389 241759933009700 2608000
LATENCY 2098900
TIMELINE 53 405 241759968959600 2098900
LATENCY 2263500
TIMELINE 53 421 241760010436300 2263500
LATENCY 2096200
TIMELINE 53 437 241760045682000 2096200
LATENCY 2322500
TIMELINE 53 453 241760081211500 2322500
LATENCY 2231700
TIMELINE 53 469 241760116470100 2231700
LATENCY 2128400
TIMELINE 53 485 241760150967800 2128400
LATENCY 2198200
TIMELINE 53 501 241760186492800 2198200
LATENCY 2234200
TIMELINE 53 517 241760223233900 2234200
LATENCY 2222400
TIMELINE 53 533 241760277551300 2222400
LATENCY 2104200
TIMELINE 53 549 241760311910200 2104200
LATENCY 2212200
TIMELINE 53 565 241760346889500 2212200
LATENCY 2176300
TIMELINE 53 581 241760382437900 2176300
LATENCY 2293200
TIMELINE 53 597 241760417445000 2293200
LATENCY 2157000
TIMELINE 53 613 241760452761500 2157000
LATENCY 2140900
TIMELINE 53 629 241760486899800 2140900
LATENCY 2167400
TIMELINE 53 645 241760521237900 2167400
LATENCY 2145900
TIMELINE 53 661 241760574432700 2145900
LATENCY 2159500
TIMELINE 53 677 241760609860300 2159500
LATENCY 2259700
TIMELINE 53 693 241760645251000 2259700
LATENCY 2167300
TIMELINE 53 709 241760680078200 2167300
LATENCY 2242200
TIMELINE 53 725 241760714431700 2242200
LATENCY 2194400
TIMELINE 53 741 241760749641800 2194400
LATENCY 2090000
TIMELINE 53 757 241760784016300 2090000
LATENCY 2168500
TIMELINE 53 773 241760818116500 2168500
LATENCY 2756500
TIMELINE 53 789 241760872655400 2756500
LATENCY 2187100
TIMELINE 53 805 241760908505300 2187100
LATENCY 2182400
TIMELINE 53 821 241760943368500 2182400
LATENCY 2128900
TIMELINE 53 837 241760978241400 2128900
LATENCY 2262400
TIMELINE 53 853 241761013717400 2262400
LATENCY 2144200
TIMELINE 53 869 241761049503300 2144200
LATENCY 2161800
TIMELINE 53 885 241761084709600 2161800
LATENCY 2286000
TIMELINE 53 901 241761120319100 2286000
LATENCY 2165700
TIMELINE 53 917 241761155550000 2165700
LATENCY 2140700
TIMELINE 53 933 241761211051700 2140700
LATENCY 2139100
TIMELINE 53 949 241761245788800 2139100
LATENCY 2141400
TIMELINE 53 965 241761280004200 2141400
LATENCY 2159600
TIMELINE 53 981 241761314062900 2159600
LATENCY 2196000
TIMELINE 53 997 241761350027900 2196000
LATENCY 2299300
TIMELINE 53 1013 241761384872700 2299300
LATENCY 2154900
TIMELINE 53 1029 241761419335200 2154900
LATENCY 2282100
TIMELINE 53 1045 241761455757900 2282100
LATENCY 2120100
TIMELINE 53 1061 241761497249600 2120100
LATENCY 2124400
TIMELINE 53 1077 241761532466300 2124400
LATENCY 2876300
TIMELINE 53 1093 241761568585000 2876300
LATENCY 2125500
TIMELINE 53 1109 241761606576400 2125500
LATENCY 2153500
TIMELINE 53 1125 241761641067400 2153500
LATENCY 2225400
TIMELINE 53 1141 241761678014000 2225400
LATENCY 2265600
TIMELINE 53 1157 241761713822500 2265600
LATENCY 2171000
TIMELINE 53 1173 241761748377100 2171000
LATENCY 7690300
TIMELINE 53 1189 241761784601300 7690300
LATENCY 2264300
TIMELINE 53 1205 241761825878800 2264300
LATENCY 2208900
TIMELINE 53 1221 241761864605300 2208900
LATENCY 3048100
TIMELINE 53 1237 241761906636500 3048100
LATENCY 2961000
TIMELINE 53 1253 241761951583500 2961000
LATENCY 2626300
TIMELINE 53 1269 241761995589800 2626300
LATENCY 2828900
TIMELINE 53 1285 241762046421200 2828900
LATENCY 2840500
TIMELINE 53 1301 241762092071200 2840500
LATENCY 3056400
TIMELINE 53 1317 241762140852300 3056400
LATENCY 3094600
TIMELINE 53 1333 241762195512100 3094600
LATENCY 2863300
TIMELINE 53 1349 241762242194200 2863300
LATENCY 2951600
TIMELINE 53 1365 241762288132100 2951600
LATENCY 2639900
TIMELINE 53 1381 241762333978000 2639900
LATENCY 3023100
TIMELINE 53 1397 241762380884800 3023100
LATENCY 2711100
TIMELINE 53 1413 241762426700200 2711100
LATENCY 2672600
TIMELINE 53 1429 241762469325800 2672600
LATENCY 2751100
TIMELINE 53 1445 241762514892100 2751100
LATENCY 2795700
TIMELINE 53 1461 241762564822200 2795700
LATENCY 3049700
TIMELINE 53 1477 241762612935300 3049700
LATENCY 2818600
TIMELINE 53 1493 241762660355400 2818600
LATENCY 3061400
TIMELINE 53 1509 241762705998800 3061400
LATENCY 2844200
TIMELINE 53 1525 241762751979500 2844200
LATENCY 2924100
TIMELINE 53 1541 241762797810900 2924100
LATENCY 2704400
TIMELINE 53 1557 241762842935500 2704400
LATENCY 2668200
TIMELINE 53 1573 241762888738000 2668200
LATENCY 2658900
TIMELINE 53 1589 241762935129100 2658900
LATENCY 2753000
TIMELINE 53 1605 241762989863600 2753000
LATENCY 2799000
TIMELINE 53 1621 241763034166400 2799000
LATENCY 2748800
TIMELINE 53 1637 241763078333600 2748800
LATENCY 2583500
TIMELINE 53 1653 241763124172100 2583500
LATENCY 2577900
TIMELINE 53 1669 241763165641300 2577900
LATENCY 2896200
TIMELINE 53 1685 241763211099000 2896200
LATENCY 2756200
TIMELINE 53 1701 241763258462800 2756200
LATENCY 2784500
TIMELINE 53 1717 241763302218000 2784500
LATENCY 2739200
TIMELINE 53 1733 241763352234300 2739200
LATENCY 2753800
TIMELINE 53 1749 241763397682000 2753800
LATENCY 2741300
TIMELINE 53 1765 241763441931900 2741300
LATENCY 2774500
TIMELINE 53 1781 241763487832600 2774500
LATENCY 2709600
TIMELINE 53 1797 241763533404600 2709600
LATENCY 2667400
TIMELINE 53 1813 241763582443800 2667400
LATENCY 2656500
TIMELINE 53 1829 241763625884500 2656500
LATENCY 2774400
TIMELINE 53 1845 241763669226300 2774400
LATENCY 3083700
TIMELINE 53 1861 241763723699800 3083700
LATENCY 2692500
TIMELINE 53 1877 241763771355900 2692500
LATENCY 2626300
TIMELINE 53 1893 241763815697900 2626300
LATENCY 2943200
TIMELINE 53 1909 241763857757200 2943200
LATENCY 3032200
TIMELINE 53 1925 241763904856200 3032200
LATENCY 2673000
TIMELINE 53 1941 241763950618900 2673000
LATENCY 3070900
TIMELINE 53 1957 241763996209200 3070900
LATENCY 2773900
TIMELINE 53 1973 241764041630100 2773900
LATENCY 2748400
TIMELINE 53 1989 241764089238700 2748400
LATENCY 2749400
TIMELINE 53 2005 241764140477500 2749400
LATENCY 2965000
TIMELINE 53 2021 241764190359700 2965000
LATENCY 2792700
TIMELINE 53 2037 241764235407300 2792700
LATENCY 2909400
TIMELINE 54 6 241759024133400 2909400
LATENCY 2184700
TIMELINE 54 22 241759061687000 2184700
LATENCY 2249100
TIMELINE 54 38 241759096512400 2249100
LATENCY 2133900
TIMELINE 54 54 241759131716700 2133900
LATENCY 2146100
TIMELINE 54 70 241759166163800 2146100
LATENCY 2216500
TIMELINE 54 86 241759202822800 2216500
LATENCY 2136100
TIMELINE 54 102 241759237558200 2136100
LATENCY 2295400
TIMELINE 54 118 241759274610700 2295400
LATENCY 2205600
TIMELINE 54 134 241759329363500 2205600
LATENCY 2132800
TIMELINE 54 150 241759363987500 2132800
LATENCY 2424100
TIMELINE 54 166 241759400272000 2424100
LATENCY 2146700
TIMELINE 54 182 241759435961900 2146700
LATENCY 2066400
TIMELINE 54 198 241759470894900 2066400
LATENCY 2312800
TIMELINE 54 214 241759506733800 2312800
LATENCY 2254200
TIMELINE 54 230 241759543137500 2254200
LATENCY 2365800
TIMELINE 54 246 241759578860300 2365800
LATENCY 2141900
TIMELINE 54 262 241759632854800 2141900
LATENCY 2123900
TIMELINE 54 278 241759667021600 2123900
LATENCY 2094100
TIMELINE 54 294 241759701854200 2094100
LATENCY 2338600
TIMELINE 54 310 241759736306700 2338600
LATENCY 2329000
TIMELINE 54 326 241759772125200 2329000
LATENCY 2312500
TIMELINE 54 342 241759809561200 2312500
LATENCY 2215100
TIMELINE 54 358 241759846052500 2215100
LATENCY 2116900
TIMELINE 54 374 241759882078900 2116900
LATENCY 2140300
TIMELINE 54 390 241759935358200 2140300
LATENCY 2094200
TIMELINE 54 406 241759970780700 2094200
LATENCY 2225800
TIMELINE 54 422 241760012407700 2225800
LATENCY 2103000
TIMELINE 54 438 241760047526600 2103000
LATENCY 2252500
TIMELINE 54 454 241760083059400 2252500
LATENCY 2239400
TIMELINE 54 470 241760118094400 2239400
LATENCY 2100200
TIMELINE 54 486 241760152371000 2100200
LATENCY 2174600
TIMELINE 54 502 241760188040900 2174600
LATENCY 2245400
TIMELINE 54 518 241760224748600 2245400
LATENCY 2225300
TIMELINE 54 534 241760279047000 2225300
LATENCY 2121000
TIMELINE 54 550 241760313434100 2121000
LATENCY 2230400
TIMELINE 54 566 241760348475000 2230400
LATENCY 2171500
TIMELINE 54 582 241760384015400 2171500
LATENCY 2297300
TIMELINE 54 598 241760419096200 2297300
LATENCY 2131200
TIMELINE 54 614 241760454319400 2131200
LATENCY 2159600
TIMELINE 54 630 241760488433700 2159600
LATENCY 2091200
TIMELINE 54 646 241760522792700 2091200
LATENCY 2189500
TIMELINE 54 662 241760575962800 2189500
LATENCY 2167100
TIMELINE 54 678 241760611022400 2167100
LATENCY 2224200
TIMELINE 54 694 241760646596000 2224200
LATENCY 2194900
TIMELINE 54 710 241760681360900 2194900
LATENCY 2130600
TIMELINE 54 726 241760715801900 2130600
LATENCY 2131400
TIMELINE 54 742 241760750980200 2131400
LATENCY 2106800
TIMELINE 54 758 241760785276900 2106800
LATENCY 2507300
TIMELINE 54 774 241760819486600 2507300
LATENCY 2376400
TIMELINE 54 790 241760874433900 2376400
LATENCY 2154000
TIMELINE 54 806 241760909856800 2154000
LATENCY 2225900
TIMELINE 54 822 241760944714000 2225900
LATENCY 2102300
TIMELINE 54 838 241760979583900 2102300
LATENCY 2248200
TIMELINE 54 854 241761014636900 2248200
LATENCY 2167500
TIMELINE 54 870 241761050363400 2167500
LATENCY 2148000
TIMELINE 54 886 241761085617800 2148000
LATENCY 2213400
TIMELINE 54 902 241761121171300 2213400
LATENCY 2155100
TIMELINE 54 918 241761156305000 2155100
LATENCY 2129600
TIMELINE 54 934 241761211816600 2129600
LATENCY 2169500
TIMELINE 54 950 241761246525900 2169500
LATENCY 2147700
TIMELINE 54 966 241761280758100 2147700
LATENCY 2133500
TIMELINE 54 982 241761314844800 2133500
LATENCY 2215200
TIMELINE 54 998 241761350803100 2215200
LATENCY 2263700
TIMELINE 54 1014 241761385657900 2263700
LATENCY 2152600
TIMELINE 54 1030 241761420098300 2152600
LATENCY 2268200
TIMELINE 54 1046 241761456634600 2268200
LATENCY 2128400
TIMELINE 54 1062 241761497984400 2128400
LATENCY 2175200
TIMELINE 54 1078 241761533235100 2175200
LATENCY 2952600
TIMELINE 54 1094 241761569421300 2952600
LATENCY 2172400
TIMELINE 54 1110 241761607589200 2172400
LATENCY 2187900
TIMELINE 54 1126 241761642119500 2187900
LATENCY 2153400
TIMELINE 54 1142 241761679106700 2153400
LATENCY 2358500
TIMELINE 54 1158 241761714773900 2358500
LATENCY 2146800
TIMELINE 54 1174 241761749262200 2146800
LATENCY 7752500
TIMELINE 54 1190 241761785426500 7752500
LATENCY 2193000
TIMELINE 54 1206 241761826701900 2193000
LATENCY 2229700
TIMELINE 54 1222 241761865697000 2229700
LATENCY 3048600
TIMELINE 54 1238 241761908134400 3048600
LATENCY 3080600
TIMELINE 54 1254 241761953026500 3080600
LATENCY 2624400
TIMELINE 54 1270 241761996617200 2624400
LATENCY 2864400
TIMELINE 54 1286 241762047523400 2864400
LATENCY 2901000
TIMELINE 54 1302 241762093226400 2901000
LATENCY 3051800
TIMELINE 54 1318 241762142095200 3051800
LATENCY 3112700
TIMELINE 54 1334 241762196748600 3112700
LATENCY 2834800
TIMELINE 54 1350 241762243442900 2834800
LATENCY 2911400
TIMELINE 54 1366 241762289384300 2911400
LATENCY 2587600
TIMELINE 54 1382 241762335092500 2587600
LATENCY 3016600
TIMELINE 54 1398 241762382183000 3016600
LATENCY 2689100
TIMELINE 54 1414 241762427519400 2689100
LATENCY 2681400
TIMELINE 54 1430 241762470162200 2681400
LATENCY 2755300
TIMELINE 54 1446 241762515749600 2755300
LATENCY 2797900
TIMELINE 54 1462 241762565693000 2797900
LATENCY 3049300
TIMELINE 54 1478 241762613847200 3049300
LATENCY 2820800
TIMELINE 54 1494 241762661138200 2820800
LATENCY 3074200
TIMELINE 54 1510 241762706867500 3074200
LATENCY 2780800
TIMELINE 54 1526 241762752841200 2780800
LATENCY 2978200
TIMELINE 54 1542 241762798531900 2978200
LATENCY 2663600
TIMELINE 54 1558 241762843774500 2663600
LATENCY 2666000
TIMELINE 54 1574 241762889540500 2666000
LATENCY 8504500
TIMELINE 54 1590 241762935888100 8504500
LATENCY 2751500
TIMELINE 54 1606 241762990673600 2751500
LATENCY 2806400
TIMELINE 54 1622 241763034961200 2806400
LATENCY 2749500
TIMELINE 54 1638 241763079140100 2749500
LATENCY 2609200
TIMELINE 54 1654 241763124921900 2609200
LATENCY 2599600
TIMELINE 54 1670 241763166379500 2599600
LATENCY 2926000
TIMELINE 54 1686 241763211970900 2926000
LATENCY 2718300
TIMELINE 54 1702 241763259307600 2718300
LATENCY 2795900
TIMELINE 54 1718 241763303047700 2795900
LATENCY 2756500
TIMELINE 54 1734 241763352994000 2756500
LATENCY 2754800
TIMELINE 54 1750 241763398458300 2754800
LATENCY 2742100
TIMELINE 54 1766 241763442714100 2742100
LATENCY 2783600
TIMELINE 54 1782 241763488521600 2783600
LATENCY 2721000
TIMELINE 54 1798 241763534108600 2721000
LATENCY 2672000
TIMELINE 54 1814 241763583109600 2672000
LATENCY 2632800
TIMELINE 54 1830 241763626553800 2632800
LATENCY 2742700
TIMELINE 54 1846 241763669926500 2742700
LATENCY 3089700
TIMELINE 54 1862 241763724514800 3089700
LATENCY 2664300
TIMELINE 54 1878 241763772076000 2664300
LATENCY 2624300
TIMELINE 54 1894 241763816364200 2624300
LATENCY 3036400
TIMELINE 54 1910 241763858397800 3036400
LATENCY 3043700
TIMELINE 54 1926 241763905614700 3043700
LATENCY 2671800
TIMELINE 54 1942 241763951229200 2671800
LATENCY 3074500
TIMELINE 54 1958 241763997481600 3074500
LATENCY 2772600
TIMELINE 54 1974 241764042786300 2772600
LATENCY 2748200
TIMELINE 54 1990 241764090383600 2748200
LATENCY 2731300
TIMELINE 54 2006 241764141662900 2731300
LATENCY 2790000
TIMELINE 54 2022 241764191684700 2790000
LATENCY 2812700
TIMELINE 54 2038 241764236516800 2812700
LATENCY 2612500
TIMELINE 55 7 241759027008700 2612500
LATENCY 2163300
TIMELINE 55 23 241759063839500 2163300
LATENCY 2212800
TIMELINE 55 39 241759098948400 2212800
LATENCY 2145700
TIMELINE 55 55 241759134047900 2145700
LATENCY 2391400
TIMELINE 55 71 241759168495000 2391400
LATENCY 2179400
TIMELINE 55 87 241759205443500 2179400
LATENCY 2251500
TIMELINE 55 103 241759240081400 2251500
LATENCY 2206300
TIMELINE 55 119 241759277225200 2206300
LATENCY 2121200
TIMELINE 55 135 241759331919800 2121200
LATENCY 2109700
TIMELINE 55 151 241759366450400 2109700
LATENCY 2270400
TIMELINE 55 167 241759403171300 2270400
LATENCY 2150300
TIMELINE 55 183 241759438648500 2150300
LATENCY 2143200
TIMELINE 55 199 241759473447900 2143200
LATENCY 2272400
TIMELINE 55 215 241759507593600 2272400
LATENCY 2232500
TIMELINE 55 231 241759543888100 2232500
LATENCY 2371200
TIMELINE 55 247 241759579654300 2371200
LATENCY 2135500
TIMELINE 55 263 241759633600300 2135500
LATENCY 2121200
TIMELINE 55 279 241759667723000 2121200
LATENCY 2389500
TIMELINE 55 295 241759702549400 2389500
LATENCY 2240300
TIMELINE 55 311 241759737357700 2240300
LATENCY 2299400
TIMELINE 55 327 241759773168800 2299400
LATENCY 2355600
TIMELINE 55 343 241759810478800 2355600
LATENCY 2225800
TIMELINE 55 359 241759847016800 2225800
LATENCY 2140200
TIMELINE 55 375 241759882997800 2140200
LATENCY 2181000
TIMELINE 55 391 241759936344900 2181000
LATENCY 2118500
TIMELINE 55 407 241759971797700 2118500
LATENCY 2262100
TIMELINE 55 423 241760013470300 2262100
LATENCY 2109600
TIMELINE 55 439 241760048558600 2109600
LATENCY 2221900
TIMELINE 55 455 241760084105000 2221900
LATENCY 2174900
TIMELINE 55 471 241760119221500 2174900
LATENCY 2085400
TIMELINE 55 487 241760153433900 2085400
LATENCY 2061800
TIMELINE 55 503 241760189181700 2061800
LATENCY 2181300
TIMELINE 55 519 241760225841600 2181300
LATENCY 2144300
TIMELINE 55 535 241760280185000 2144300
LATENCY 2130600
TIMELINE 55 551 241760314442600 2130600
LATENCY 2203500
TIMELINE 55 567 241760349786200 2203500
LATENCY 2194100
TIMELINE 55 583 241760385257700 2194100
LATENCY 2341800
TIMELINE 55 599 241760420475900 2341800
LATENCY 2156700
TIMELINE 55 615 241760455516700 2156700
LATENCY 2148800
TIMELINE 55 631 241760489667400 2148800
LATENCY 2104600
TIMELINE 55 647 241760523997100 2104600
LATENCY 2203100
TIMELINE 55 663 241760577190300 2203100
LATENCY 2203700
TIMELINE 55 679 241760612544600 2203700
LATENCY 2217600
TIMELINE 55 695 241760648036700 2217600
LATENCY 2195900
TIMELINE 55 711 241760682724000 2195900
LATENCY 2125700
TIMELINE 55 727 241760717127600 2125700
LATENCY 2117400
TIMELINE 55 743 241760752369600 2117400
LATENCY 2101800
TIMELINE 55 759 241760786624500 2101800
LATENCY 2529500
TIMELINE 55 775 241760820907200 2529500
LATENCY 2187600
TIMELINE 55 791 241760875924100 2187600
LATENCY 2161200
TIMELINE 55 807 241760911131300 2161200
LATENCY 2344200
TIMELINE 55 823 241760946081900 2344200
LATENCY 2103900
TIMELINE 55 839 241760980879900 2103900
LATENCY 2267900
TIMELINE 55 855 241761016532100 2267900
LATENCY 2166100
TIMELINE 55 871 241761051999700 2166100
LATENCY 2173400
TIMELINE 55 887 241761087272500 2173400
LATENCY 2213500
TIMELINE 55 903 241761123038500 2213500
LATENCY 2106500
TIMELINE 55 919 241761158086300 2106500
LATENCY 2164300
TIMELINE 55 935 241761213556200 2164300
LATENCY 2151000
TIMELINE 55 951 241761248297400 2151000
LATENCY 2090700
TIMELINE 55 967 241761282535700 2090700
LATENCY 2112600
TIMELINE 55 983 241761316632000 2112600
LATENCY 2253600
TIMELINE 55 999 241761352581500 2253600
LATENCY 2201100
TIMELINE 55 1015 241761387518700 2201100
LATENCY 2185700
TIMELINE 55 1031 241761421832300 2185700
LATENCY 2244000
TIMELINE 55 1047 241761458695900 2244000
LATENCY 2129700
TIMELINE 55 1063 241761499999400 2129700
LATENCY 2226000
TIMELINE 55 1079 241761535296900 2226000
LATENCY 2661400
TIMELINE 55 1095 241761572062200 2661400
LATENCY 2149800
TIMELINE 55 1111 241761609462100 2149800
LATENCY 2142100
TIMELINE 55 1127 241761644006700 2142100
LATENCY 2166600
TIMELINE 55 1143 241761681203100 2166600
LATENCY 2190700
TIMELINE 55 1159 241761717195600 2190700
LATENCY 2392200
TIMELINE 55 1175 241761751480800 2392200
LATENCY 2364100
TIMELINE 55 1191 241761793333800 2364100
LATENCY 2194400
TIMELINE 55 1207 241761829167900 2194400
LATENCY 2150400
TIMELINE 55 1223 241761868167200 2150400
LATENCY 3035700
TIMELINE 55 1239 241761911622300 3035700
LATENCY 2519200
TIMELINE 55 1255 241761956612500 2519200
LATENCY 2596400
TIMELINE 55 1271 241761999597600 2596400
LATENCY 2756700
TIMELINE 55 1287 241762050794100 2756700
LATENCY 3066100
TIMELINE 55 1303 241762096514900 3066100
LATENCY 2819800
TIMELINE 55 1319 241762145535400 2819800
LATENCY 2872700
TIMELINE 55 1335 241762200272800 2872700
LATENCY 2831600
TIMELINE 55 1351 241762246597600 2831600
LATENCY 2902100
TIMELINE 55 1367 241762292638700 2902100
LATENCY 2990300
TIMELINE 55 1383 241762337968900 2990300
LATENCY 3262500
TIMELINE 55 1399 241762385541000 3262500
LATENCY 2701000
TIMELINE 55 1415 241762430783600 2701000
LATENCY 2795200
TIMELINE 55 1431 241762473419600 2795200
LATENCY 2776500
TIMELINE 55 1447 241762519120100 2776500
LATENCY 2864200
TIMELINE 55 1463 241762569138200 2864200
LATENCY 3077200
TIMELINE 55 1479 241762617670900 3077200
LATENCY 2797600
TIMELINE 55 1495 241762664677900 2797600
LATENCY 3046000
TIMELINE 55 1511 241762710723100 3046000
LATENCY 2816600
TIMELINE 55 1527 241762756326600 2816600
LATENCY 2790000
TIMELINE 55 1543 241762802214200 2790000
LATENCY 2973100
TIMELINE 55 1559 241762847107600 2973100
LATENCY 2744100
TIMELINE 55 1575 241762892781400 2744100
LATENCY 2811600
TIMELINE 55 1591 241762945055900 2811600
LATENCY 2755900
TIMELINE 55 1607 241762994094100 2755900
LATENCY 2765300
TIMELINE 55 1623 241763038406700 2765300
LATENCY 2831000
TIMELINE 55 1639 241763082506600 2831000
LATENCY 2626100
TIMELINE 55 1655 241763128124400 2626100
LATENCY 2547800
TIMELINE 55 1671 241763169587100 2547800
LATENCY 2946200
TIMELINE 55 1687 241763215610800 2946200
LATENCY 2751300
TIMELINE 55 1703 241763262617100 2751300
LATENCY 2737900
TIMELINE 55 1719 241763306457700 2737900
LATENCY 2727300
TIMELINE 55 1735 241763356364500 2727300
LATENCY 2738300
TIMELINE 55 1751 241763401831200 2738300
LATENCY 2797400
TIMELINE 55 1767 241763446072000 2797400
LATENCY 3182200
TIMELINE 55 1783 241763492137700 3182200
LATENCY 2731300
TIMELINE 55 1799 241763537657500 2731300
LATENCY 2781200
TIMELINE 55 1815 241763586692900 2781200
LATENCY 2695200
TIMELINE 55 1831 241763630139700 2695200
LATENCY 2692000
TIMELINE 55 1847 241763673600300 2692000
LATENCY 3036000
TIMELINE 55 1863 241763728683700 3036000
LATENCY 2719400
TIMELINE 55 1879 241763775724700 2719400
LATENCY 2950500
TIMELINE 55 1895 241763819959800 2950500
LATENCY 2577300
TIMELINE 55 1911 241763862457600 2577300
LATENCY 3005200
TIMELINE 55 1927 241763909802000 3005200
LATENCY 2714600
TIMELINE 55 1943 241763955078300 2714600
LATENCY 3039900
TIMELINE 55 1959 241764001752500 3039900
LATENCY 2943500
TIMELINE 55 1975 241764046668700 2943500
LATENCY 3115400
TIMELINE 55 1991 241764099829800 3115400
LATENCY 2748500
TIMELINE 55 2007 241764145489200 2748500
LATENCY 2692800
TIMELINE 55 2023 241764195569700 2692800
LATENCY 2781100
TIMELINE 55 2039 241764240468400 2781100
LATENCY 2360200
TIMELINE 56 8 241759029706300 2360200
LATENCY 2150300
TIMELINE 56 24 241759066068200 2150300
LATENCY 2187900
TIMELINE 56 40 241759101071600 2187900
LATENCY 2175600
TIMELINE 56 56 241759136101900 2175600
LATENCY 2261100
TIMELINE 56 72 241759170786100 2261100
LATENCY 2226900
TIMELINE 56 88 241759207281700 2226900
LATENCY 2198800
TIMELINE 56 104 241759241991700 2198800
LATENCY 2177800
TIMELINE 56 120 241759279060800 2177800
LATENCY 2125300
TIMELINE 56 136 241759333641900 2125300
LATENCY 2104200
TIMELINE 56 152 241759368181000 2104200
LATENCY 2296200
TIMELINE 56 168 241759404961200 2296200
LATENCY 2254600
TIMELINE 56 184 241759440252300 2254600
LATENCY 2120300
TIMELINE 56 200 241759475042600 2120300
LATENCY 2380100
TIMELINE 56 216 241759511784900 2380100
LATENCY 2267700
TIMELINE 56 232 241759547948700 2267700
LATENCY 2260600
TIMELINE 56 248 241759583846100 2260600
LATENCY 2128900
TIMELINE 56 264 241759637460100 2128900
LATENCY 2119600
TIMELINE 56 280 241759671613300 2119600
LATENCY 2169100
TIMELINE 56 296 241759706785600 2169100
LATENCY 2251800
TIMELINE 56 312 241759741409400 2251800
LATENCY 2399100
TIMELINE 56 328 241759777348600 2399100
LATENCY 2314000
TIMELINE 56 344 241759814806100 2314000
LATENCY 2232200
TIMELINE 56 360 241759851126600 2232200
LATENCY 2178700
TIMELINE 56 376 241759886987100 2178700
LATENCY 2362000
TIMELINE 56 392 241759940484000 2362000
LATENCY 2901500
TIMELINE 56 408 241759975488700 2901500
LATENCY 2164300
TIMELINE 56 424 241760017400700 2164300
LATENCY 2131500
TIMELINE 56 440 241760052247000 2131500
LATENCY 2173300
TIMELINE 56 456 241760087961100 2173300
LATENCY 2156500
TIMELINE 56 472 241760123002600 2156500
LATENCY 2141400
TIMELINE 56 488 241760157280900 2141400
LATENCY 2157100
TIMELINE 56 504 241760192919600 2157100
LATENCY 2210500
TIMELINE 56 520 241760229642200 2210500
LATENCY 2091600
TIMELINE 56 536 241760283756700 2091600
LATENCY 2331600
TIMELINE 56 552 241760317955000 2331600
LATENCY 2150300
TIMELINE 56 568 241760353067000 2150300
LATENCY 2156300
TIMELINE 56 584 241760388734800 2156300
LATENCY 2260600
TIMELINE 56 600 241760424095600 2260600
LATENCY 2146700
TIMELINE 56 616 241760458905100 2146700
LATENCY 2105000
TIMELINE 56 632 241760493032800 2105000
LATENCY 2145300
TIMELINE 56 648 241760527275200 2145300
LATENCY 2669300
TIMELINE 56 664 241760580480500 2669300
LATENCY 2191700
TIMELINE 56 680 241760616171800 2191700
LATENCY 2241900
TIMELINE 56 696 241760651770800 2241900
LATENCY 2113200
TIMELINE 56 712 241760686467100 2113200
LATENCY 2120900
TIMELINE 56 728 241760720753000 2120900
LATENCY 2246800
TIMELINE 56 744 241760755928600 2246800
LATENCY 2118400
TIMELINE 56 760 241760790165400 2118400
LATENCY 2327200
TIMELINE 56 776 241760824990700 2327200
LATENCY 2461900
TIMELINE 56 792 241760879904900 2461900
LATENCY 2151700
TIMELINE 56 808 241760914989000 2151700
LATENCY 2173700
TIMELINE 56 824 241760950155700 2173700
LATENCY 2113900
TIMELINE 56 840 241760984629900 2113900
LATENCY 2133800
TIMELINE 56 856 241761020465500 2133800
LATENCY 2178200
TIMELINE 56 872 241761056084300 2178200
LATENCY 2353100
TIMELINE 56 888 241761091134700 2353100
LATENCY 2144800
TIMELINE 56 904 241761126971800 2144800
LATENCY 2093700
TIMELINE 56 920 241761161921200 2093700
LATENCY 2221900
TIMELINE 56 936 241761217442500 2221900
LATENCY 2146500
TIMELINE 56 952 241761252255600 2146500
LATENCY 2063900
TIMELINE 56 968 241761286366300 2063900
LATENCY 2305200
TIMELINE 56 984 241761320540300 2305200
LATENCY 2244100
TIMELINE 56 1000 241761356605800 2244100
LATENCY 2176400
TIMELINE 56 1016 241761391471000 2176400
LATENCY 2239500
TIMELINE 56 1032 241761425760000 2239500
LATENCY 2167100
TIMELINE 56 1048 241761462867200 2167100
LATENCY 2270700
TIMELINE 56 1064 241761503943900 2270700
LATENCY 2200000
TIMELINE 56 1080 241761539425600 2200000
LATENCY 2423000
TIMELINE 56 1096 241761577051700 2423000
LATENCY 2173000
TIMELINE 56 1112 241761613604100 2173000
LATENCY 2555800
TIMELINE 56 1128 241761648236400 2555800
LATENCY 2176900
TIMELINE 56 1144 241761685281200 2176900
LATENCY 2167100
TIMELINE 56 1160 241761721134900 2167100
LATENCY 2520300
TIMELINE 56 1176 241761755730500 2520300
LATENCY 2360000
TIMELINE 56 1192 241761797618600 2360000
LATENCY 2311100
TIMELINE 56 1208 241761833317900 2311100
LATENCY 2107600
TIMELINE 56 1224 241761872191300 2107600
LATENCY 2728300
TIMELINE 56 1240 241761916963100 2728300
LATENCY 2665100
TIMELINE 56 1256 241761961480200 2665100
LATENCY 2574600
TIMELINE 56 1272 241762004403500 2574600
LATENCY 2800500
TIMELINE 56 1288 241762055974100 2800500
LATENCY 3037900
TIMELINE 56 1304 241762102166900 3037900
LATENCY 2877700
TIMELINE 56 1320 241762150888000 2877700
LATENCY 2889500
TIMELINE 56 1336 241762205540900 2889500
LATENCY 2833800
TIMELINE 56 1352 241762251727000 2833800
LATENCY 2820700
TIMELINE 56 1368 241762297851300 2820700
LATENCY 3035700
TIMELINE 56 1384 241762343400000 3035700
LATENCY 3035600
TIMELINE 56 1400 241762391274200 3035600
LATENCY 2663900
TIMELINE 56 1416 241762435964900 2663900
LATENCY 2910700
TIMELINE 56 1432 241762478892300 2910700
LATENCY 2757200
TIMELINE 56 1448 241762524380700 2757200
LATENCY 3027400
TIMELINE 56 1464 241762574725000 3027400
LATENCY 2992600
TIMELINE 56 1480 241762623442800 2992600
LATENCY 2807000
TIMELINE 56 1496 241762669929200 2807000
LATENCY 3047600
TIMELINE 56 1512 241762716430700 3047600
LATENCY 2776500
TIMELINE 56 1528 241762761578900 2776500
LATENCY 2986300
TIMELINE 56 1544 241762807495100 2986300
LATENCY 3526300
TIMELINE 56 1560 241762852726500 3526300
LATENCY 2942700
TIMELINE 56 1576 241762898213000 2942700
LATENCY 2777000
TIMELINE 56 1592 241762950384100 2777000
LATENCY 2777700
TIMELINE 56 1608 241762999384100 2777700
LATENCY 2703600
TIMELINE 56 1624 241763043648800 2703600
LATENCY 2747700
TIMELINE 56 1640 241763087815700 2747700
LATENCY 2577500
TIMELINE 56 1656 241763133101500 2577500
LATENCY 2600800
TIMELINE 56 1672 241763174445200 2600800
LATENCY 2922800
TIMELINE 56 1688 241763221201400 2922800
LATENCY 2688600
TIMELINE 56 1704 241763267840600 2688600
LATENCY 2700400
TIMELINE 56 1720 241763311702800 2700400
LATENCY 2724100
TIMELINE 56 1736 241763361539300 2724100
LATENCY 2712600
TIMELINE 56 1752 241763407023100 2712600
LATENCY 2719900
TIMELINE 56 1768 241763451299200 2719900
LATENCY 2521200
TIMELINE 56 1784 241763499462800 2521200
LATENCY 3948600
TIMELINE 56 1800 241763542819100 3948600
LATENCY 2677000
TIMELINE 56 1816 241763591912500 2677000
LATENCY 2750600
TIMELINE 56 1832 241763635183600 2750600
LATENCY 2669400
TIMELINE 56 1848 241763678628700 2669400
LATENCY 3023400
TIMELINE 56 1864 241763734398400 3023400
LATENCY 2680400
TIMELINE 56 1880 241763780885800 2680400
LATENCY 2598500
TIMELINE 56 1896 241763825268800 2598500
LATENCY 3065600
TIMELINE 56 1912 241763868649400 3065600
LATENCY 3032700
TIMELINE 56 1928 241763915514500 3032700
LATENCY 2761000
TIMELINE 56 1944 241763960237300 2761000
LATENCY 3112300
TIMELINE 56 1960 241764007505800 3112300
LATENCY 3039700
TIMELINE 56 1976 241764052336600 3039700
LATENCY 3047800
TIMELINE 56 1992 241764105638400 3047800
LATENCY 3020800
TIMELINE 56 2008 241764150816400 3020800
LATENCY 2717100
TIMELINE 56 2024 241764200711900 2717100
LATENCY 2765500
TIMELINE 56 2040 241764245750600 2765500
LATENCY 2288900
TIMELINE 57 9 241759032104200 2288900
LATENCY 2159000
TIMELINE 57 25 241759068254400 2159000
LATENCY 2226100
TIMELINE 57 41 241759103198300 2226100
LATENCY 2153700
TIMELINE 57 57 241759138218500 2153700
LATENCY 2164500
TIMELINE 57 73 241759172696500 2164500
LATENCY 2171500
TIMELINE 57 89 241759209481500 2171500
LATENCY 2218600
TIMELINE 57 105 241759244161900 2218600
LATENCY 2188100
TIMELINE 57 121 241759281275100 2188100
LATENCY 2107400
TIMELINE 57 137 241759335852300 2107400
LATENCY 2090700
TIMELINE 57 153 241759370374000 2090700
LATENCY 2286700
TIMELINE 57 169 241759407395000 2286700
LATENCY 2238800
TIMELINE 57 185 241759442719800 2238800
LATENCY 2093200
TIMELINE 57 201 241759477408500 2093200
LATENCY 2329800
TIMELINE 57 217 241759514198100 2329800
LATENCY 2182600
TIMELINE 57 233 241759550250500 2182600
LATENCY 2250500
TIMELINE 57 249 241759586174000 2250500
LATENCY 2130500
TIMELINE 57 265 241759639651800 2130500
LATENCY 2135200
TIMELINE 57 281 241759673798200 2135200
LATENCY 2255400
TIMELINE 57 297 241759709080200 2255400
LATENCY 2163300
TIMELINE 57 313 241759743719100 2163300
LATENCY 2535200
TIMELINE 57 329 241759779787300 2535200
LATENCY 2269000
TIMELINE 57 345 241759816994400 2269000
LATENCY 2228600
TIMELINE 57 361 241759853236800 2228600
LATENCY 2187500
TIMELINE 57 377 241759889031800 2187500
LATENCY 2190100
TIMELINE 57 393 241759942701800 2190100
LATENCY 4248500
TIMELINE 57 409 241759978302900 4248500
LATENCY 2153400
TIMELINE 57 425 241760019599500 2153400
LATENCY 2163300
TIMELINE 57 441 241760054434100 2163300
LATENCY 2177300
TIMELINE 57 457 241760090260000 2177300
LATENCY 2105000
TIMELINE 57 473 241760125221700 2105000
LATENCY 2140200
TIMELINE 57 489 241760159031300 2140200
LATENCY 2139600
TIMELINE 57 505 241760194848200 2139600
LATENCY 2200500
TIMELINE 57 521 241760231667600 2200500
LATENCY 2106000
TIMELINE 57 537 241760285730900 2106000
LATENCY 2364300
TIMELINE 57 553 241760320198500 2364300
LATENCY 2186600
TIMELINE 57 569 241760355186200 2186600
LATENCY 2154600
TIMELINE 57 585 241760390805900 2154600
LATENCY 2197200
TIMELINE 57 601 241760426420200 2197200
LATENCY 2120200
TIMELINE 57 617 241760461112000 2120200
LATENCY 2154300
TIMELINE 57 633 241760495195900 2154300
LATENCY 2114300
TIMELINE 57 649 241760529509500 2114300
LATENCY 2222600
TIMELINE 57 665 241760583006800 2222600
LATENCY 2198300
TIMELINE 57 681 241760618238300 2198300
LATENCY 2208800
TIMELINE 57 697 241760653826400 2208800
LATENCY 2141300
TIMELINE 57 713 241760688358200 2141300
LATENCY 2161800
TIMELINE 57 729 241760722658700 2161800
LATENCY 2178200
TIMELINE 57 745 241760758008600 2178200
LATENCY 2082900
TIMELINE 57 761 241760792109500 2082900
LATENCY 2252300
TIMELINE 57 777 241760827112400 2252300
LATENCY 2090000
TIMELINE 57 793 241760882042300 2090000
LATENCY 2220200
TIMELINE 57 809 241760916770200 2220200
LATENCY 2256300
TIMELINE 57 825 241760951861200 2256300
LATENCY 2141600
TIMELINE 57 841 241760986368500 2141600
LATENCY 2123700
TIMELINE 57 857 241761022424200 2123700
LATENCY 2303700
TIMELINE 57 873 241761058080900 2303700
LATENCY 2476400
TIMELINE 57 889 241761093239400 2476400
LATENCY 2170600
TIMELINE 57 905 241761128967000 2170600
LATENCY 2123600
TIMELINE 57 921 241761163900000 2123600
LATENCY 2451300
TIMELINE 57 937 241761219547300 2451300
LATENCY 2105300
TIMELINE 57 953 241761254224200 2105300
LATENCY 2160500
TIMELINE 57 969 241761288254600 2160500
LATENCY 2275800
TIMELINE 57 985 241761322686700 2275800
LATENCY 2177200
TIMELINE 57 1001 241761358911600 2177200
LATENCY 2135600
TIMELINE 57 1017 241761393679300 2135600
LATENCY 2348500
TIMELINE 57 1033 241761428043200 2348500
LATENCY 2203700
TIMELINE 57 1049 241761465095000 2203700
LATENCY 2425500
TIMELINE 57 1065 241761506306100 2425500
LATENCY 2168900
TIMELINE 57 1081 241761541658100 2168900
LATENCY 2212000
TIMELINE 57 1097 241761579573600 2212000
LATENCY 2161500
TIMELINE 57 1113 241761615746500 2161500
LATENCY 2488100
TIMELINE 57 1129 241761650643800 2488100
LATENCY 2292900
TIMELINE 57 1145 241761687241300 2292900
LATENCY 2139100
TIMELINE 57 1161 241761723123500 2139100
LATENCY 2370000
TIMELINE 57 1177 241761757928500 2370000
LATENCY 2221600
TIMELINE 57 1193 241761799511000 2221600
LATENCY 2174400
TIMELINE 57 1209 241761835271400 2174400
LATENCY 2112600
TIMELINE 57 1225 241761873969900 2112600
LATENCY 2705000
TIMELINE 57 1241 241761919278600 2705000
LATENCY 2595100
TIMELINE 57 1257 241761963752500 2595100
LATENCY 7420500
TIMELINE 57 1273 241762006562000 7420500
LATENCY 2865600
TIMELINE 57 1289 241762058315400 2865600
LATENCY 3052600
TIMELINE 57 1305 241762104696200 3052600
LATENCY 2880500
TIMELINE 57 1321 241762153274900 2880500
LATENCY 2849300
TIMELINE 57 1337 241762207908700 2849300
LATENCY 2854600
TIMELINE 57 1353 241762254129700 2854600
LATENCY 2812500
TIMELINE 57 1369 241762300230300 2812500
LATENCY 3019800
TIMELINE 57 1385 241762345976200 3019800
LATENCY 3031400
TIMELINE 57 1401 241762393844400 3031400
LATENCY 2735200
TIMELINE 57 1417 241762438002300 2735200
LATENCY 2971700
TIMELINE 57 1433 241762481070800 2971700
LATENCY 2785300
TIMELINE 57 1449 241762526444300 2785300
LATENCY 2987200
TIMELINE 57 1465 241762576985000 2987200
LATENCY 3056800
TIMELINE 57 1481 241762625690700 3056800
LATENCY 2951300
TIMELINE 57 1497 241762672016800 2951300
LATENCY 3045900
TIMELINE 57 1513 241762718714900 3045900
LATENCY 2783600
TIMELINE 57 1529 241762763673600 2783600
LATENCY 2937000
TIMELINE 57 1545 241762809672700 2937000
LATENCY 3270000
TIMELINE 57 1561 241762855682000 3270000
LATENCY 2974100
TIMELINE 57 1577 241762900664600 2974100
LATENCY 2791700
TIMELINE 57 1593 241762952693400 2791700
LATENCY 2770400
TIMELINE 57 1609 241763001705300 2770400
LATENCY 2714000
TIMELINE 57 1625 241763045907500 2714000
LATENCY 2774500
TIMELINE 57 1641 241763090110200 2774500
LATENCY 2591400
TIMELINE 57 1657 241763135252300 2591400
LATENCY 2678500
TIMELINE 57 1673 241763176614200 2678500
LATENCY 2963000
TIMELINE 57 1689 241763223682200 2963000
LATENCY 2737200
TIMELINE 57 1705 241763270116000 2737200
LATENCY 2774000
TIMELINE 57 1721 241763313985300 2774000
LATENCY 2754800
TIMELINE 57 1737 241763363883300 2754800
LATENCY 2753300
TIMELINE 57 1753 241763409368600 2753300
LATENCY 2769200
TIMELINE 57 1769 241763453640400 2769200
LATENCY 2623100
TIMELINE 57 1785 241763501351600 2623100
LATENCY 4172000
TIMELINE 57 1801 241763544874900 4172000
LATENCY 2713800
TIMELINE 57 1817 241763593914300 2713800
LATENCY 2809200
TIMELINE 57 1833 241763637167100 2809200
LATENCY 2685500
TIMELINE 57 1849 241763680617000 2685500
LATENCY 3046200
TIMELINE 57 1865 241763736505700 3046200
LATENCY 2700100
TIMELINE 57 1881 241763782747100 2700100
LATENCY 2604900
TIMELINE 57 1897 241763827000900 2604900
LATENCY 3049300
TIMELINE 57 1913 241763870781600 3049300
LATENCY 3034600
TIMELINE 57 1929 241763917628800 3034600
LATENCY 2805800
TIMELINE 57 1945 241763962158600 2805800
LATENCY 2796700
TIMELINE 57 1961 241764009691500 2796700
LATENCY 3064200
TIMELINE 57 1977 241764054482300 3064200
LATENCY 3040700
TIMELINE 57 1993 241764107801700 3040700
LATENCY 3042400
TIMELINE 57 2009 241764152965400 3042400
LATENCY 2718900
TIMELINE 57 2025 241764202611600 2718900
LATENCY 2767000
TIMELINE 57 2041 241764247732600 2767000
LATENCY 2224800
TIMELINE 58 10 241759033963100 2224800
LATENCY 2201800
TIMELINE 58 26 241759069996900 2201800
LATENCY 2294900
TIMELINE 58 42 241759105039100 2294900
LATENCY 2158500
TIMELINE 58 58 241759140003900 2158500
LATENCY 2132800
TIMELINE 58 74 241759174749800 2132800
LATENCY 2167300
TIMELINE 58 90 241759211508200 2167300
LATENCY 2510100
TIMELINE 58 106 241759246225300 2510100
LATENCY 2168600
TIMELINE 58 122 241759283278300 2168600
LATENCY 2137900
TIMELINE 58 138 241759337736000 2137900
LATENCY 2111600
TIMELINE 58 154 241759372295100 2111600
LATENCY 2367900
TIMELINE 58 170 241759409528800 2367900
LATENCY 2252800
TIMELINE 58 186 241759444928000 2252800
LATENCY 2132600
TIMELINE 58 202 241759479471600 2132600
LATENCY 2362400
TIMELINE 58 218 241759516243200 2362400
LATENCY 2153900
TIMELINE 58 234 241759552174100 2153900
LATENCY 2275900
TIMELINE 58 250 241759588143100 2275900
LATENCY 2150300
TIMELINE 58 266 241759641445200 2150300
LATENCY 2124900
TIMELINE 58 282 241759675591700 2124900
LATENCY 2090600
TIMELINE 58 298 241759711041000 2090600
LATENCY 2183600
TIMELINE 58 314 241759745769100 2183600
LATENCY 2286800
TIMELINE 58 330 241759782264700 2286800
LATENCY 2254700
TIMELINE 58 346 241759819329700 2254700
LATENCY 2191600
TIMELINE 58 362 241759855501300 2191600
LATENCY 2199100
TIMELINE 58 378 241759891285700 2199100
LATENCY 2273800
TIMELINE 58 394 241759945070500 2273800
LATENCY 4217800
TIMELINE 58 410 241759983029400 4217800
LATENCY 2162500
TIMELINE 58 426 241760021872800 2162500
LATENCY 2235300
TIMELINE 58 442 241760056730400 2235300
LATENCY 2116900
TIMELINE 58 458 241760092560600 2116900
LATENCY 2099200
TIMELINE 58 474 241760127453400 2099200
LATENCY 2129100
TIMELINE 58 490 241760160917600 2129100
LATENCY 2158000
TIMELINE 58 506 241760196897400 2158000
LATENCY 21443400
TIMELINE 58 522 241760233722600 21443400
LATENCY 2123000
TIMELINE 58 538 241760287727000 2123000
LATENCY 2337400
TIMELINE 58 554 241760322533800 2337400
LATENCY 2096300
TIMELINE 58 570 241760357343100 2096300
LATENCY 2130000
TIMELINE 58 586 241760392784600 2130000
LATENCY 2295500
TIMELINE 58 602 241760428347700 2295500
LATENCY 2110000
TIMELINE 58 618 241760462969300 2110000
LATENCY 2109600
TIMELINE 58 634 241760497095600 2109600
LATENCY 2123800
TIMELINE 58 650 241760531362600 2123800
LATENCY 2126700
TIMELINE 58 666 241760584862200 2126700
LATENCY 2212600
TIMELINE 58 682 241760619912200 2212600
LATENCY 2183400
TIMELINE 58 698 241760655608000 2183400
LATENCY 2124000
TIMELINE 58 714 241760690057300 2124000
LATENCY 2119100
TIMELINE 58 730 241760724391400 2119100
LATENCY 2102300
TIMELINE 58 746 241760759717200 2102300
LATENCY 2108800
TIMELINE 58 762 241760793759700 2108800
LATENCY 2186300
TIMELINE 58 778 241760828869000 2186300
LATENCY 2035600
TIMELINE 58 794 241760883717900 2035600
LATENCY 2174800
TIMELINE 58 810 241760918589000 2174800
LATENCY 2157300
TIMELINE 58 826 241760953666800 2157300
LATENCY 2146000
TIMELINE 58 842 241760988034300 2146000
LATENCY 2119900
TIMELINE 58 858 241761023434300 2119900
LATENCY 2341000
TIMELINE 58 874 241761059001600 2341000
LATENCY 2548500
TIMELINE 58 890 241761094083500 2548500
LATENCY 2238400
TIMELINE 58 906 241761130000200 2238400
LATENCY 21259800
TIMELINE 58 922 241761164921700 21259800
LATENCY 2330600
TIMELINE 58 938 241761220741400 2330600
LATENCY 2094400
TIMELINE 58 954 241761255256100 2094400
LATENCY 2156600
TIMELINE 58 970 241761289295500 2156600
LATENCY 2378400
TIMELINE 58 986 241761323770200 2378400
LATENCY 2124800
TIMELINE 58 1002 241761359871200 2124800
LATENCY 2126300
TIMELINE 58 1018 241761394609700 2126300
LATENCY 2454800
TIMELINE 58 1034 241761428993700 2454800
LATENCY 2195700
TIMELINE 58 1050 241761465967100 2195700
LATENCY 2405300
TIMELINE 58 1066 241761507213600 2405300
LATENCY 2188100
TIMELINE 58 1082 241761542536200 2188100
LATENCY 2425400
TIMELINE 58 1098 241761580485700 2425400
LATENCY 2173100
TIMELINE 58 1114 241761616595700 2173100
LATENCY 2421200
TIMELINE 58 1130 241761651560800 2421200
LATENCY 2269200
TIMELINE 58 1146 241761688063000 2269200
LATENCY 2177300
TIMELINE 58 1162 241761723947000 2177300
LATENCY 2470600
TIMELINE 58 1178 241761758815000 2470600
LATENCY 2206400
TIMELINE 58 1194 241761800483500 2206400
LATENCY 2142700
TIMELINE 58 1210 241761836110000 2142700
LATENCY 2105600
TIMELINE 58 1226 241761874780800 2105600
LATENCY 2722200
TIMELINE 58 1242 241761920314700 2722200
LATENCY 2607000
TIMELINE 58 1258 241761964740200 2607000
LATENCY 7720500
TIMELINE 58 1274 241762007547700 7720500
LATENCY 2819800
TIMELINE 58 1290 241762059470100 2819800
LATENCY 3052100
TIMELINE 58 1306 241762105891200 3052100
LATENCY 2861500
TIMELINE 58 1322 241762154400700 2861500
LATENCY 2820600
TIMELINE 58 1338 241762209100800 2820600
LATENCY 2849900
TIMELINE 58 1354 241762255276500 2849900
LATENCY 2766700
TIMELINE 58 1370 241762301344500 2766700
LATENCY 2893900
TIMELINE 58 1386 241762347173600 2893900
LATENCY 3079700
TIMELINE 58 1402 241762395032300 3079700
LATENCY 2746800
TIMELINE 58 1418 241762439056000 2746800
LATENCY 2970200
TIMELINE 58 1434 241762482269900 2970200
LATENCY 2849000
TIMELINE 58 1450 241762527563100 2849000
LATENCY 3067700
TIMELINE 58 1466 241762578149600 3067700
LATENCY 3057700
TIMELINE 58 1482 241762626935900 3057700
LATENCY 2869100
TIMELINE 58 1498 241762673266200 2869100
LATENCY 2937400
TIMELINE 58 1514 241762719986600 2937400
LATENCY 2794600
TIMELINE 58 1530 241762764824200 2794600
LATENCY 2832100
TIMELINE 58 1546 241762810963100 2832100
LATENCY 3130600
TIMELINE 58 1562 241762856856400 3130600
LATENCY 2964200
TIMELINE 58 1578 241762901668200 2964200
LATENCY 2781800
TIMELINE 58 1594 241762953635000 2781800
LATENCY 2793500
TIMELINE 58 1610 241763002627800 2793500
LATENCY 2704900
TIMELINE 58 1626 241763046820800 2704900
LATENCY 2772900
TIMELINE 58 1642 241763091046400 2772900
LATENCY 2588000
TIMELINE 58 1658 241763136104600 2588000
LATENCY 2771900
TIMELINE 58 1674 241763177472500 2771900
LATENCY 2967200
TIMELINE 58 1690 241763224626000 2967200
LATENCY 2719300
TIMELINE 58 1706 241763270968400 2719300
LATENCY 2773700
TIMELINE 58 1722 241763314867600 2773700
LATENCY 2737100
TIMELINE 58 1738 241763364769800 2737100
LATENCY 2759900
TIMELINE 58 1754 241763410246400 2759900
LATENCY 2771200
TIMELINE 58 1770 241763454596600 2771200
LATENCY 2587900
TIMELINE 58 1786 241763502732800 2587900
LATENCY 3079400
TIMELINE 58 1802 241763547623900 3079400
LATENCY 2763400
TIMELINE 58 1818 241763595299800 2763400
LATENCY 2682400
TIMELINE 58 1834 241763638647600 2682400
LATENCY 2671500
TIMELINE 58 1850 241763682012400 2671500
LATENCY 3083800
TIMELINE 58 1866 241763738016500 3083800
LATENCY 2718400
TIMELINE 58 1882 241763784102800 2718400
LATENCY 2609600
TIMELINE 58 1898 241763828303100 2609600
LATENCY 3059600
TIMELINE 58 1914 241763872260400 3059600
LATENCY 3077800
TIMELINE 58 1930 241763919090000 3077800
LATENCY 2807200
TIMELINE 58 1946 241763963436800 2807200
LATENCY 2564200
TIMELINE 58 1962 241764011100900 2564200
LATENCY 3052700
TIMELINE 58 1978 241764055872700 3052700
LATENCY 3096500
TIMELINE 58 1994 241764109189800 3096500
LATENCY 3033500
TIMELINE 58 2010 241764154351600 3033500
LATENCY 2735900
TIMELINE 58 2026 241764203880000 2735900
LATENCY 2769900
TIMELINE 58 2042 241764248975100 2769900
LATENCY 2332300
TIMELINE 59 11 241759036434000 2332300
LATENCY 2170300
TIMELINE 59 27 241759072435300 2170300
LATENCY 2265500
TIMELINE 59 43 241759107405500 2265500
LATENCY 2134300
TIMELINE 59 59 241759142229000 2134300
LATENCY 2173100
TIMELINE 59 75 241759176976700 2173100
LATENCY 2211600
TIMELINE 59 91 241759213556400 2211600
LATENCY 2195000
TIMELINE 59 107 241759248564600 2195000
LATENCY 2201500
TIMELINE 59 123 241759284713200 2201500
LATENCY 2147700
TIMELINE 59 139 241759339185800 2147700
LATENCY 2343300
TIMELINE 59 155 241759373662700 2343300
LATENCY 2302200
TIMELINE 59 171 241759410894600 2302200
LATENCY 2285400
TIMELINE 59 187 241759446018000 2285400
LATENCY 2117400
TIMELINE 59 203 241759480512300 2117400
LATENCY 2381800
TIMELINE 59 219 241759517672000 2381800
LATENCY 2174700
TIMELINE 59 235 241759553522800 2174700
LATENCY 2256800
TIMELINE 59 251 241759589496500 2256800
LATENCY 2096000
TIMELINE 59 267 241759642776000 2096000
LATENCY 2102100
TIMELINE 59 283 241759676912700 2102100
LATENCY 2080200
TIMELINE 59 299 241759712303800 2080200
LATENCY 2184900
TIMELINE 59 315 241759746952600 2184900
LATENCY 2276900
TIMELINE 59 331 241759783484600 2276900
LATENCY 2239000
TIMELINE 59 347 241759820550500 2239000
LATENCY 2134000
TIMELINE 59 363 241759856754600 2134000
LATENCY 2193200
TIMELINE 59 379 241759892409100 2193200
LATENCY 2111300
TIMELINE 59 395 241759946321800 2111300
LATENCY 3079900
TIMELINE 59 411 241759985504200 3079900
LATENCY 2230900
TIMELINE 59 427 241760023164700 2230900
LATENCY 2233100
TIMELINE 59 443 241760058111300 2233100
LATENCY 2137500
TIMELINE 59 459 241760093910300 2137500
LATENCY 2099500
TIMELINE 59 475 241760128755400 2099500
LATENCY 2115300
TIMELINE 59 491 241760162854700 2115300
LATENCY 2532200
TIMELINE 59 507 241760198709100 2532200
LATENCY 2508000
TIMELINE 59 523 241760254790100 2508000
LATENCY 2175200
TIMELINE 59 539 241760289484000 2175200
LATENCY 2263000
TIMELINE 59 555 241760324347200 2263000
LATENCY 2139300
TIMELINE 59 571 241760358979700 2139300
LATENCY 2114800
TIMELINE 59 587 241760394633700 2114800
LATENCY 2356300
TIMELINE 59 603 241760430161100 2356300
LATENCY 2150100
TIMELINE 59 619 241760464617300 2150100
LATENCY 2158000
TIMELINE 59 635 241760498741800 2158000
LATENCY 2101500
TIMELINE 59 651 241760533035800 2101500
LATENCY 2212900
TIMELINE 59 667 241760587134300 2212900
LATENCY 2192400
TIMELINE 59 683 241760622342400 2192400
LATENCY 2136900
TIMELINE 59 699 241760657933000 2136900
LATENCY 2134000
TIMELINE 59 715 241760692423400 2134000
LATENCY 2236700
TIMELINE 59 731 241760726797200 2236700
LATENCY 2208000
TIMELINE 59 747 241760762077300 2208000
LATENCY 2121800
TIMELINE 59 763 241760796138400 2121800
LATENCY 2177600
TIMELINE 59 779 241760831368100 2177600
LATENCY 2083200
TIMELINE 59 795 241760886037100 2083200
LATENCY 2144600
TIMELINE 59 811 241760920922500 2144600
LATENCY 2166700
TIMELINE 59 827 241760956004500 2166700
LATENCY 2237300
TIMELINE 59 843 241760990473400 2237300
LATENCY 2126400
TIMELINE 59 859 241761026232300 2126400
LATENCY 2415600
TIMELINE 59 875 241761062184500 2415600
LATENCY 2226700
TIMELINE 59 891 241761097282300 2226700
LATENCY 2403000
TIMELINE 59 907 241761132549700 2403000
LATENCY 2638500
TIMELINE 59 923 241761186738100 2638500
LATENCY 2127000
TIMELINE 59 939 241761223531700 2127000
LATENCY 2136400
TIMELINE 59 955 241761257817500 2136400
LATENCY 2143500
TIMELINE 59 971 241761291919500 2143500
LATENCY 2231900
TIMELINE 59 987 241761326584300 2231900
LATENCY 2114900
TIMELINE 59 1003 241761362425300 2114900
LATENCY 2133300
TIMELINE 59 1019 241761397156400 2133300
LATENCY 2350400
TIMELINE 59 1035 241761432128700 2350400
LATENCY 2168400
TIMELINE 59 1051 241761468721100 2168400
LATENCY 2211200
TIMELINE 59 1067 241761510212800 2211200
LATENCY 2239800
TIMELINE 59 1083 241761545299000 2239800
LATENCY 2415900
TIMELINE 59 1099 241761583582200 2415900
LATENCY 2127500
TIMELINE 59 1115 241761619383500 2127500
LATENCY 2320400
TIMELINE 59 1131 241761654772800 2320400
LATENCY 2235400
TIMELINE 59 1147 241761691202400 2235400
LATENCY 2146400
TIMELINE 59 1163 241761726931800 2146400
LATENCY 2308300
TIMELINE 59 1179 241761762240400 2308300
LATENCY 2186600
TIMELINE 59 1195 241761803484000 2186600
LATENCY 2222700
TIMELINE 59 1211 241761839117800 2222700
LATENCY 2109100
TIMELINE 59 1227 241761877611700 2109100
LATENCY 2706000
TIMELINE 59 1243 241761923849100 2706000
LATENCY 2604200
TIMELINE 59 1259 241761968150500 2604200
LATENCY 3084800
TIMELINE 59 1275 241762016365000 3084800
LATENCY 2882900
TIMELINE 59 1291 241762063333500 2882900
LATENCY 3035700
TIMELINE 59 1307 241762110017300 3035700
LATENCY 9447200
TIMELINE 59 1323 241762158299700 9447200
LATENCY 3117700
TIMELINE 59 1339 241762212960900 3117700
LATENCY 2894800
TIMELINE 59 1355 241762259099900 2894800
LATENCY 2791800
TIMELINE 59 1371 241762305133800 2791800
LATENCY 2757000
TIMELINE 59 1387 241762351125100 2757000
LATENCY 2764000
TIMELINE 59 1403 241762399196100 2764000
LATENCY 2696000
TIMELINE 59 1419 241762442788700 2696000
LATENCY 2984100
TIMELINE 59 1435 241762486354100 2984100
LATENCY 2764400
TIMELINE 59 1451 241762531472600 2764400
LATENCY 3002500
TIMELINE 59 1467 241762582337700 3002500
LATENCY 3035200
TIMELINE 59 1483 241762631105200 3035200
LATENCY 2834300
TIMELINE 59 1499 241762677192800 2834300
LATENCY 2780700
TIMELINE 59 1515 241762723979400 2780700
LATENCY 2780700
TIMELINE 59 1531 241762768657400 2780700
LATENCY 2830300
TIMELINE 59 1547 241762814854700 2830300
LATENCY 3729100
TIMELINE 59 1563 241762861099200 3729100
LATENCY 2963700
TIMELINE 59 1579 241762905652400 2963700
LATENCY 3021500
TIMELINE 59 1595 241762957255400 3021500
LATENCY 2743600
TIMELINE 59 1611 241763006260800 2743600
LATENCY 3030100
TIMELINE 59 1627 241763050339500 3030100
LATENCY 2787900
TIMELINE 59 1643 241763094629100 2787900
LATENCY 2563300
TIMELINE 59 1659 241763139419100 2563300
LATENCY 2570700
TIMELINE 59 1675 241763181070700 2570700
LATENCY 2932100
TIMELINE 59 1691 241763228378500 2932100
LATENCY 2743400
TIMELINE 59 1707 241763274423300 2743400
LATENCY 8254300
TIMELINE 59 1723 241763318377100 8254300
LATENCY 3658500
TIMELINE 59 1739 241763368262700 3658500
LATENCY 2850500
TIMELINE 59 1755 241763413807100 2850500
LATENCY 2814600
TIMELINE 59 1771 241763458033500 2814600
LATENCY 2525800
TIMELINE 59 1787 241763505644700 2525800
LATENCY 2853200
TIMELINE 59 1803 241763551151900 2853200
LATENCY 2705700
TIMELINE 59 1819 241763598476700 2705700
LATENCY 2679200
TIMELINE 59 1835 241763641729700 2679200
LATENCY 3200800
TIMELINE 59 1851 241763685096400 3200800
LATENCY 3048500
TIMELINE 59 1867 241763741629200 3048500
LATENCY 2742300
TIMELINE 59 1883 241763787273000 2742300
LATENCY 2613300
TIMELINE 59 1899 241763831376200 2613300
LATENCY 2770800
TIMELINE 59 1915 241763875851600 2770800
LATENCY 2821400
TIMELINE 59 1931 241763922757900 2821400
LATENCY 2868100
TIMELINE 59 1947 241763966769000 2868100
LATENCY 2706200
TIMELINE 59 1963 241764014136200 2706200
LATENCY 3041800
TIMELINE 59 1979 241764059501500 3041800
LATENCY 2727200
TIMELINE 59 1995 241764112813100 2727200
LATENCY 7380500
TIMELINE 59 2011 241764157944300 7380500
LATENCY 2760600
TIMELINE 59 2027 241764207125500 2760600
LATENCY 3107000
TIMELINE 59 2043 241764252249900 3107000
LATENCY 2300400
TIMELINE 60 12 241759038498100 2300400
LATENCY 2134700
TIMELINE 60 28 241759074343000 2134700
LATENCY 2125100
TIMELINE 60 44 241759109549500 2125100
LATENCY 2123100
TIMELINE 60 60 241759144223400 2123100
LATENCY 2254900
TIMELINE 60 76 241759178938300 2254900
LATENCY 2202900
TIMELINE 60 92 241759215641400 2202900
LATENCY 2305900
TIMELINE 60 108 241759250701500 2305900
LATENCY 2219300
TIMELINE 60 124 241759286684800 2219300
LATENCY 2197600
TIMELINE 60 140 241759341098500 2197600
LATENCY 2780000
TIMELINE 60 156 241759375693000 2780000
LATENCY 2214600
TIMELINE 60 172 241759413070200 2214600
LATENCY 2227000
TIMELINE 60 188 241759448274500 2227000
LATENCY 2113100
TIMELINE 60 204 241759482602200 2113100
LATENCY 2322500
TIMELINE 60 220 241759519732900 2322500
LATENCY 2659100
TIMELINE 60 236 241759555385500 2659100
LATENCY 2219600
TIMELINE 60 252 241759591916100 2219600
LATENCY 2127600
TIMELINE 60 268 241759644960000 2127600
LATENCY 2137900
TIMELINE 60 284 241759679160200 2137900
LATENCY 2068400
TIMELINE 60 300 241759714692700 2068400
LATENCY 2198100
TIMELINE 60 316 241759749321600 2198100
LATENCY 2214200
TIMELINE 60 332 241759785936900 2214200
LATENCY 2300500
TIMELINE 60 348 241759822921300 2300500
LATENCY 2210000
TIMELINE 60 364 241759858980700 2210000
LATENCY 2146500
TIMELINE 60 380 241759894750400 2146500
LATENCY 2263000
TIMELINE 60 396 241759948494500 2263000
LATENCY 2281000
TIMELINE 60 412 241759988482700 2281000
LATENCY 2394200
TIMELINE 60 428 241760025036000 2394200
LATENCY 2174400
TIMELINE 60 444 241760059989800 2174400
LATENCY 2125200
TIMELINE 60 460 241760095648700 2125200
LATENCY 2126800
TIMELINE 60 476 241760130483700 2126800
LATENCY 2416700
TIMELINE 60 492 241760164590600 2416700
LATENCY 3520200
TIMELINE 60 508 241760200676600 3520200
LATENCY 2150800
TIMELINE 60 524 241760256810600 2150800
LATENCY 2200100
TIMELINE 60 540 241760291217500 2200100
LATENCY 2123300
TIMELINE 60 556 241760326177300 2123300
LATENCY 2148400
TIMELINE 60 572 241760360754200 2148400
LATENCY 2119600
TIMELINE 60 588 241760396250600 2119600
LATENCY 2217800
TIMELINE 60 604 241760432019200 2217800
LATENCY 2133400
TIMELINE 60 620 241760466391600 2133400
LATENCY 2128900
TIMELINE 60 636 241760500523100 2128900
LATENCY 2136500
TIMELINE 60 652 241760534770100 2136500
LATENCY 2128200
TIMELINE 60 668 241760588547900 2128200
LATENCY 2222000
TIMELINE 60 684 241760623648800 2222000
LATENCY 2087400
TIMELINE 60 700 241760659354700 2087400
LATENCY 2120600
TIMELINE 60 716 241760693783800 2120600
LATENCY 2202600
TIMELINE 60 732 241760728137300 2202600
LATENCY 2110600
TIMELINE 60 748 241760763441000 2110600
LATENCY 2088200
TIMELINE 60 764 241760797404900 2088200
LATENCY 2155500
TIMELINE 60 780 241760832663500 2155500
LATENCY 2139000
TIMELINE 60 796 241760887478800 2139000
LATENCY 2117200
TIMELINE 60 812 241760922523500 2117200
LATENCY 2168700
TIMELINE 60 828 241760957677100 2168700
LATENCY 2198100
TIMELINE 60 844 241760992092300 2198100
LATENCY 2171900
TIMELINE 60 860 241761027976500 2171900
LATENCY 2187000
TIMELINE 60 876 241761064205000 2187000
LATENCY 2272800
TIMELINE 60 892 241761099235900 2272800
LATENCY 2293400
TIMELINE 60 908 241761134799800 2293400
LATENCY 2459300
TIMELINE 60 924 241761189216900 2459300
LATENCY 2114500
TIMELINE 60 940 241761225406000 2114500
LATENCY 2159000
TIMELINE 60 956 241761259693800 2159000
LATENCY 2134700
TIMELINE 60 972 241761293800900 2134700
LATENCY 2252600
TIMELINE 60 988 241761328573700 2252600
LATENCY 2130100
TIMELINE 60 1004 241761364308600 2130100
LATENCY 2149600
TIMELINE 60 1020 241761399059200 2149600
LATENCY 2273200
TIMELINE 60 1036 241761434236400 2273200
LATENCY 2133100
TIMELINE 60 1052 241761470441300 2133100
LATENCY 2194400
TIMELINE 60 1068 241761511992300 2194400
LATENCY 2504200
TIMELINE 60 1084 241761547108800 2504200
LATENCY 2418200
TIMELINE 60 1100 241761585551400 2418200
LATENCY 2126300
TIMELINE 60 1116 241761621124400 2126300
LATENCY 2239700
TIMELINE 60 1132 241761656595600 2239700
LATENCY 2278800
TIMELINE 60 1148 241761692906800 2278800
LATENCY 2183700
TIMELINE 60 1164 241761728542900 2183700
LATENCY 2333200
TIMELINE 60 1180 241761763831100 2333200
LATENCY 2222600
TIMELINE 60 1196 241761805130600 2222600
LATENCY 2162700
TIMELINE 60 1212 241761840816900 2162700
LATENCY 2118900
TIMELINE 60 1228 241761879782600 2118900
LATENCY 2708200
TIMELINE 60 1244 241761926646300 2708200
LATENCY 2647500
TIMELINE 60 1260 241761970829900 2647500
LATENCY 3063300
TIMELINE 60 1276 241762019404300 3063300
LATENCY 2796700
TIMELINE 60 1292 241762066171100 2796700
LATENCY 3040800
TIMELINE 60 1308 241762113008000 3040800
LATENCY 3480500
TIMELINE 60 1324 241762167701100 3480500
LATENCY 2860900
TIMELINE 60 1340 241762216034300 2860900
LATENCY 2634600
TIMELINE 60 1356 241762261955000 2634600
LATENCY 2905000
TIMELINE 60 1372 241762307809500 2905000
LATENCY 2811100
TIMELINE 60 1388 241762353773500 2811100
LATENCY 2665400
TIMELINE 60 1404 241762401858900 2665400
LATENCY 2734600
TIMELINE 60 1420 241762445374100 2734600
LATENCY 2990200
TIMELINE 60 1436 241762489177100 2990200
LATENCY 2760000
TIMELINE 60 1452 241762534085200 2760000
LATENCY 3011900
TIMELINE 60 1468 241762585172100 3011900
LATENCY 3050300
TIMELINE 60 1484 241762633976300 3050300
LATENCY 3104400
TIMELINE 60 1500 241762679812000 3104400
LATENCY 2792100
TIMELINE 60 1516 241762726572900 2792100
LATENCY 2796500
TIMELINE 60 1532 241762771252000 2796500
LATENCY 2784400
TIMELINE 60 1548 241762817493200 2784400
LATENCY 2699200
TIMELINE 60 1564 241762864741800 2699200
LATENCY 2957600
TIMELINE 60 1580 241762908572100 2957600
LATENCY 2901700
TIMELINE 60 1596 241762960065100 2901700
LATENCY 2821500
TIMELINE 60 1612 241763008813400 2821500
LATENCY 2841000
TIMELINE 60 1628 241763053160600 2841000
LATENCY 2820000
TIMELINE 60 1644 241763097261600 2820000
LATENCY 2575800
TIMELINE 60 1660 241763141841100 2575800
LATENCY 2872100
TIMELINE 60 1676 241763183540200 2872100
LATENCY 2928700
TIMELINE 60 1692 241763231199900 2928700
LATENCY 2737200
TIMELINE 60 1708 241763277054100 2737200
LATENCY 2770800
TIMELINE 60 1724 241763326512800 2770800
LATENCY 2860800
TIMELINE 60 1740 241763371749500 2860800
LATENCY 2924300
TIMELINE 60 1756 241763416481100 2924300
LATENCY 3050800
TIMELINE 60 1772 241763460660400 3050800
LATENCY 2711800
TIMELINE 60 1788 241763507992900 2711800
LATENCY 2754300
TIMELINE 60 1804 241763553774500 2754300
LATENCY 2696000
TIMELINE 60 1820 241763600956200 2696000
LATENCY 2741000
TIMELINE 60 1836 241763644192700 2741000
LATENCY 5549600
TIMELINE 60 1852 241763687437100 5549600
LATENCY 3061300
TIMELINE 60 1868 241763744593200 3061300
LATENCY 2720900
TIMELINE 60 1884 241763789942800 2720900
LATENCY 2574400
TIMELINE 60 1900 241763833919400 2574400
LATENCY 2788000
TIMELINE 60 1916 241763878548600 2788000
LATENCY 2691100
TIMELINE 60 1932 241763925510400 2691100
LATENCY 3069200
TIMELINE 60 1948 241763969522800 3069200
LATENCY 2746600
TIMELINE 60 1964 241764016802400 2746600
LATENCY 3077000
TIMELINE 60 1980 241764062499500 3077000
LATENCY 2681900
TIMELINE 60 1996 241764115502000 2681900
LATENCY 2800700
TIMELINE 60 2012 241764165280300 2800700
LATENCY 2717300
TIMELINE 60 2028 241764209856000 2717300
LATENCY 3188500
TIMELINE 60 2044 241764255413400 3188500
LATENCY 2271600
TIMELINE 61 13 241759041105900 2271600
LATENCY 2149300
TIMELINE 61 29 241759076782300 2149300
LATENCY 2336900
TIMELINE 61 45 241759112311200 2336900
LATENCY 2123600
TIMELINE 61 61 241759146965600 2123600
LATENCY 2144700
TIMELINE 61 77 241759181938800 2144700
LATENCY 2147600
TIMELINE 61 93 241759218793000 2147600
LATENCY 2797700
TIMELINE 61 109 241759253990300 2797700
LATENCY 2223800
TIMELINE 61 125 241759290615200 2223800
LATENCY 2392400
TIMELINE 61 141 241759344926100 2392400
LATENCY 2410900
TIMELINE 61 157 241759380619200 2410900
LATENCY 2198500
TIMELINE 61 173 241759417279300 2198500
LATENCY 2212600
TIMELINE 61 189 241759452415200 2212600
LATENCY 2193400
TIMELINE 61 205 241759487035900 2193400
LATENCY 2234500
TIMELINE 61 221 241759524204900 2234500
LATENCY 2177700
TIMELINE 61 237 241759559857500 2177700
LATENCY 2162200
TIMELINE 61 253 241759595723700 2162200
LATENCY 2117600
TIMELINE 61 269 241759648629100 2117600
LATENCY 2142700
TIMELINE 61 285 241759682820100 2142700
LATENCY 2142500
TIMELINE 61 301 241759718120000 2142500
LATENCY 2198800
TIMELINE 61 317 241759753024800 2198800
LATENCY 2326200
TIMELINE 61 333 241759789911200 2326200
LATENCY 2311500
TIMELINE 61 349 241759826991700 2311500
LATENCY 2210300
TIMELINE 61 365 241759862771600 2210300
LATENCY 2156800
TIMELINE 61 381 241759898553000 2156800
LATENCY 2373000
TIMELINE 61 397 241759952465500 2373000
LATENCY 2468500
TIMELINE 61 413 241759992636800 2468500
LATENCY 2176900
TIMELINE 61 429 241760029300200 2176900
LATENCY 2195600
TIMELINE 61 445 241760063989800 2195600
LATENCY 2132300
TIMELINE 61 461 241760099558600 2132300
LATENCY 2091300
TIMELINE 61 477 241760134412100 2091300
LATENCY 2300800
TIMELINE 61 493 241760169004800 2300800
LATENCY 2167100
TIMELINE 61 509 241760206007600 2167100
LATENCY 2144800
TIMELINE 61 525 241760261039800 2144800
LATENCY 2124200
TIMELINE 61 541 241760295398100 2124200
LATENCY 2110400
TIMELINE 61 557 241760330238900 2110400
LATENCY 2125400
TIMELINE 61 573 241760364731700 2125400
LATENCY 2268300
TIMELINE 61 589 241760400331100 2268300
LATENCY 2150800
TIMELINE 61 605 241760436144600 2150800
LATENCY 2144700
TIMELINE 61 621 241760470429000 2144700
LATENCY 2137700
TIMELINE 61 637 241760504573800 2137700
LATENCY 2125700
TIMELINE 61 653 241760538753200 2125700
LATENCY 2212800
TIMELINE 61 669 241760593127200 2212800
LATENCY 2188000
TIMELINE 61 685 241760628269000 2188000
LATENCY 2106700
TIMELINE 61 701 241760663615100 2106700
LATENCY 2134100
TIMELINE 61 717 241760698092800 2134100
LATENCY 2309600
TIMELINE 61 733 241760732644800 2309600
LATENCY 2142600
TIMELINE 61 749 241760767802700 2142600
LATENCY 2112000
TIMELINE 61 765 241760801672700 2112000
LATENCY 2235500
TIMELINE 61 781 241760837083700 2235500
LATENCY 2188700
TIMELINE 61 797 241760891958700 2188700
LATENCY 2154900
TIMELINE 61 813 241760926870400 2154900
LATENCY 2211000
TIMELINE 61 829 241760962118100 2211000
LATENCY 2168500
TIMELINE 61 845 241760996558300 2168500
LATENCY 2146600
TIMELINE 61 861 241761031846100 2146600
LATENCY 2132600
TIMELINE 61 877 241761068126300 2132600
LATENCY 2295700
TIMELINE 61 893 241761103372500 2295700
LATENCY 2146100
TIMELINE 61 909 241761138774200 2146100
LATENCY 2428000
TIMELINE 61 925 241761193506900 2428000
LATENCY 2135000
TIMELINE 61 941 241761229235200 2135000
LATENCY 2128400
TIMELINE 61 957 241761263576300 2128400
LATENCY 2161500
TIMELINE 61 973 241761297634900 2161500
LATENCY 2182600
TIMELINE 61 989 241761332551400 2182600
LATENCY 2114800
TIMELINE 61 1005 241761368078300 2114800
LATENCY 2079500
TIMELINE 61 1021 241761402849400 2079500
LATENCY 2253600
TIMELINE 61 1037 241761438013500 2253600
LATENCY 2383300
TIMELINE 61 1053 241761474315800 2383300
LATENCY 2237700
TIMELINE 61 1069 241761515822200 2237700
LATENCY 2294800
TIMELINE 61 1085 241761551331500 2294800
LATENCY 2309700
TIMELINE 61 1101 241761589540500 2309700
LATENCY 2168200
TIMELINE 61 1117 241761624839200 2168200
LATENCY 2372700
TIMELINE 61 1133 241761660471500 2372700
LATENCY 2295500
TIMELINE 61 1149 241761696813900 2295500
LATENCY 2129100
TIMELINE 61 1165 241761732517400 2129100
LATENCY 2190500
TIMELINE 61 1181 241761768291000 2190500
LATENCY 2200500
TIMELINE 61 1197 241761809529000 2200500
LATENCY 2175600
TIMELINE 61 1213 241761845331100 2175600
LATENCY 3094700
TIMELINE 61 1229 241761886033700 3094700
LATENCY 2724700
TIMELINE 61 1245 241761932349900 2724700
LATENCY 2774700
TIMELINE 61 1261 241761976369900 2774700
LATENCY 3055000
TIMELINE 61 1277 241762025917200 3055000
LATENCY 2855700
TIMELINE 61 1293 241762072121400 2855700
LATENCY 3049000
TIMELINE 61 1309 241762119496900 3049000
LATENCY 3467000
TIMELINE 61 1325 241762174898400 3467000
LATENCY 2869200
TIMELINE 61 1341 241762222395300 2869200
LATENCY 2833200
TIMELINE 61 1357 241762267848400 2833200
LATENCY 2757500
TIMELINE 61 1373 241762313918500 2757500
LATENCY 2780400
TIMELINE 61 1389 241762359789800 2780400
LATENCY 2787200
TIMELINE 61 1405 241762407548000 2787200
LATENCY 2864200
TIMELINE 61 1421 241762451120800 2864200
LATENCY 2888800
TIMELINE 61 1437 241762495559400 2888800
LATENCY 2792600
TIMELINE 61 1453 241762539981300 2792600
LATENCY 3180100
TIMELINE 61 1469 241762591676200 3180100
LATENCY 2922800
TIMELINE 61 1485 241762640510300 2922800
LATENCY 2850900
TIMELINE 61 1501 241762686131400 2850900
LATENCY 2780400
TIMELINE 61 1517 241762732549400 2780400
LATENCY 3034800
TIMELINE 61 1533 241762777460600 3034800
LATENCY 2826600
TIMELINE 61 1549 241762823480500 2826600
LATENCY 2659600
TIMELINE 61 1565 241762870260200 2659600
LATENCY 2961500
TIMELINE 61 1581 241762914800000 2961500
LATENCY 2946600
TIMELINE 61 1597 241762966470700 2946600
LATENCY 2799100
TIMELINE 61 1613 241763014952900 2799100
LATENCY 2729400
TIMELINE 61 1629 241763059304100 2729400
LATENCY 2759000
TIMELINE 61 1645 241763103392600 2759000
LATENCY 2591400
TIMELINE 61 1661 241763147515400 2591400
LATENCY 3027500
TIMELINE 61 1677 241763190203900 3027500
LATENCY 2974400
TIMELINE 61 1693 241763237637600 2974400
LATENCY 2784000
TIMELINE 61 1709 241763283040700 2784000
LATENCY 2736400
TIMELINE 61 1725 241763332555800 2736400
LATENCY 2833800
TIMELINE 61 1741 241763378099600 2833800
LATENCY 2730000
TIMELINE 61 1757 241763422647800 2730000
LATENCY 3013500
TIMELINE 61 1773 241763467430800 3013500
LATENCY 2712900
TIMELINE 61 1789 241763514211700 2712900
LATENCY 2828600
TIMELINE 61 1805 241763560088200 2828600
LATENCY 2721200
TIMELINE 61 1821 241763607074100 2721200
LATENCY 2770600
TIMELINE 61 1837 241763650307400 2770600
LATENCY 3076400
TIMELINE 61 1853 241763696766200 3076400
LATENCY 3080300
TIMELINE 61 1869 241763751375500 3080300
LATENCY 3050400
TIMELINE 61 1885 241763796111700 3050400
LATENCY 2618600
TIMELINE 61 1901 241763839608100 2618600
LATENCY 2807300
TIMELINE 61 1917 241763884697400 2807300
LATENCY 2688800
TIMELINE 61 1933 241763931455700 2688800
LATENCY 2960000
TIMELINE 61 1949 241763976319400 2960000
LATENCY 2639400
TIMELINE 61 1965 241764022891800 2639400
LATENCY 3001800
TIMELINE 61 1981 241764069220900 3001800
LATENCY 2708900
TIMELINE 61 1997 241764121459800 2708900
LATENCY 2783600
TIMELINE 61 2013 241764171273300 2783600
LATENCY 3086100
TIMELINE 61 2029 241764215759200 3086100
LATENCY 3371900
TIMELINE 61 2045 241764262092900 3371900
LATENCY 2340800
TIMELINE 62 14 241759043565800 2340800
LATENCY 2141500
TIMELINE 62 30 241759079136500 2141500
LATENCY 2142800
TIMELINE 62 46 241759114708000 2142800
LATENCY 2175000
TIMELINE 62 62 241759149152900 2175000
LATENCY 2167000
TIMELINE 62 78 241759184119100 2167000
LATENCY 2157800
TIMELINE 62 94 241759220793700 2157800
LATENCY 2422100
TIMELINE 62 110 241759256567000 2422100
LATENCY 21267300
TIMELINE 62 126 241759292670600 21267300
LATENCY 2188500
TIMELINE 62 142 241759347174200 2188500
LATENCY 2148900
TIMELINE 62 158 241759383122900 2148900
LATENCY 2195300
TIMELINE 62 174 241759419132400 2195300
LATENCY 2138100
TIMELINE 62 190 241759454450500 2138100
LATENCY 2385300
TIMELINE 62 206 241759489034000 2385300
LATENCY 2273300
TIMELINE 62 222 241759526205700 2273300
LATENCY 2132300
TIMELINE 62 238 241759561903000 2132300
LATENCY 20142400
TIMELINE 62 254 241759597762800 20142400
LATENCY 2146400
TIMELINE 62 270 241759650664600 2146400
LATENCY 2127700
TIMELINE 62 286 241759684848400 2127700
LATENCY 2113700
TIMELINE 62 302 241759720145800 2113700
LATENCY 2294000
TIMELINE 62 318 241759755099400 2294000
LATENCY 2319400
TIMELINE 62 334 241759791874400 2319400
LATENCY 2319500
TIMELINE 62 350 241759829103600 2319500
LATENCY 2238700
TIMELINE 62 366 241759864840200 2238700
LATENCY 2155000
TIMELINE 62 382 241759900479400 2155000
LATENCY 2207100
TIMELINE 62 398 241759954672100 2207100
LATENCY 2400700
TIMELINE 62 414 241759995067900 2400700
LATENCY 2238600
TIMELINE 62 430 241760031395100 2238600
LATENCY 2209600
TIMELINE 62 446 241760066065200 2209600
LATENCY 2192100
TIMELINE 62 462 241760101560100 2192100
LATENCY 2218500
TIMELINE 62 478 241760136331300 2218500
LATENCY 2284900
TIMELINE 62 494 241760171102400 2284900
LATENCY 2154200
TIMELINE 62 510 241760208055500 2154200
LATENCY 2070200
TIMELINE 62 526 241760263020900 2070200
LATENCY 2118400
TIMELINE 62 542 241760297316500 2118400
LATENCY 2113400
TIMELINE 62 558 241760332177000 2113400
LATENCY 2121100
TIMELINE 62 574 241760366652400 2121100
LATENCY 2192200
TIMELINE 62 590 241760402426400 2192200
LATENCY 2136900
TIMELINE 62 606 241760438181400 2136900
LATENCY 2136500
TIMELINE 62 622 241760472489400 2136500
LATENCY 2144500
TIMELINE 62 638 241760506622500 2144500
LATENCY 2149900
TIMELINE 62 654 241760540821400 2149900
LATENCY 2182100
TIMELINE 62 670 241760594923500 2182100
LATENCY 2190000
TIMELINE 62 686 241760630064600 2190000
LATENCY 2116100
TIMELINE 62 702 241760665378500 2116100
LATENCY 2184600
TIMELINE 62 718 241760699943800 2184600
LATENCY 2216700
TIMELINE 62 734 241760734768000 2216700
LATENCY 2136200
TIMELINE 62 750 241760769688400 2136200
LATENCY 2121600
TIMELINE 62 766 241760803521900 2121600
LATENCY 2184500
TIMELINE 62 782 241760839023700 2184500
LATENCY 2241800
TIMELINE 62 798 241760893426700 2241800
LATENCY 2164600
TIMELINE 62 814 241760928339700 2164600
LATENCY 2165700
TIMELINE 62 830 241760963698900 2165700
LATENCY 2298300
TIMELINE 62 846 241760998084600 2298300
LATENCY 2334600
TIMELINE 62 862 241761034117800 2334600
LATENCY 2168800
TIMELINE 62 878 241761070405200 2168800
LATENCY 2165600
TIMELINE 62 894 241761105961000 2165600
LATENCY 2177600
TIMELINE 62 910 241761141357600 2177600
LATENCY 2330100
TIMELINE 62 926 241761196300700 2330100
LATENCY 2113500
TIMELINE 62 942 241761231664800 2113500
LATENCY 2257500
TIMELINE 62 958 241761266006200 2257500
LATENCY 2138800
TIMELINE 62 974 241761300091500 2138800
LATENCY 2215600
TIMELINE 62 990 241761334997000 2215600
LATENCY 2132700
TIMELINE 62 1006 241761370434500 2132700
LATENCY 2091400
TIMELINE 62 1022 241761405167800 2091400
LATENCY 2360400
TIMELINE 62 1038 241761440440000 2360400
LATENCY 2178000
TIMELINE 62 1054 241761476852600 2178000
LATENCY 2329300
TIMELINE 62 1070 241761518212200 2329300
LATENCY 2316400
TIMELINE 62 1086 241761553757400 2316400
LATENCY 2284400
TIMELINE 62 1102 241761592354500 2284400
LATENCY 2197800
TIMELINE 62 1118 241761627489800 2197800
LATENCY 2311500
TIMELINE 62 1134 241761663427500 2311500
LATENCY 2354900
TIMELINE 62 1150 241761699635500 2354900
LATENCY 2093400
TIMELINE 62 1166 241761734856700 2093400
LATENCY 2263000
TIMELINE 62 1182 241761770574500 2263000
LATENCY 2188300
TIMELINE 62 1198 241761811611800 2188300
LATENCY 2153500
TIMELINE 62 1214 241761847083500 2153500
LATENCY 3081500
TIMELINE 62 1230 241761887934900 3081500
LATENCY 2727000
TIMELINE 62 1246 241761934038000 2727000
LATENCY 2890600
TIMELINE 62 1262 241761978071200 2890600
LATENCY 3052900
TIMELINE 62 1278 241762027836800 3052900
LATENCY 2882000
TIMELINE 62 1294 241762073906700 2882000
LATENCY 3064400
TIMELINE 62 1310 241762121413600 3064400
LATENCY 3385300
TIMELINE 62 1326 241762177018500 3385300
LATENCY 2903000
TIMELINE 62 1342 241762224069900 2903000
LATENCY 2898300
TIMELINE 62 1358 241762269596100 2898300
LATENCY 2805800
TIMELINE 62 1374 241762315672800 2805800
LATENCY 2839300
TIMELINE 62 1390 241762361566700 2839300
LATENCY 2909900
TIMELINE 62 1406 241762409242400 2909900
LATENCY 2609400
TIMELINE 62 1422 241762453056900 2609400
LATENCY 2747200
TIMELINE 62 1438 241762497479200 2747200
LATENCY 2826600
TIMELINE 62 1454 241762541781500 2826600
LATENCY 3051100
TIMELINE 62 1470 241762593775000 3051100
LATENCY 2773800
TIMELINE 62 1486 241762642372900 2773800
LATENCY 2850100
TIMELINE 62 1502 241762687889400 2850100
LATENCY 2817400
TIMELINE 62 1518 241762734305600 2817400
LATENCY 3030500
TIMELINE 62 1534 241762779372900 3030500
LATENCY 2852600
TIMELINE 62 1550 241762825235000 2852600
LATENCY 2616500
TIMELINE 62 1566 241762871892600 2616500
LATENCY 2976300
TIMELINE 62 1582 241762916562900 2976300
LATENCY 2849800
TIMELINE 62 1598 241762968251300 2849800
LATENCY 2742200
TIMELINE 62 1614 241763016646400 2742200
LATENCY 2749100
TIMELINE 62 1630 241763060916200 2749100
LATENCY 2789100
TIMELINE 62 1646 241763105033100 2789100
LATENCY 2599700
TIMELINE 62 1662 241763149106600 2599700
LATENCY 3012800
TIMELINE 62 1678 241763192061800 3012800
LATENCY 3086200
TIMELINE 62 1694 241763239474300 3086200
LATENCY 2789500
TIMELINE 62 1710 241763284725400 2789500
LATENCY 2837300
TIMELINE 62 1726 241763334233300 2837300
LATENCY 2841000
TIMELINE 62 1742 241763379876100 2841000
LATENCY 2732700
TIMELINE 62 1758 241763424341500 2732700
LATENCY 3062300
TIMELINE 62 1774 241763469890900 3062300
LATENCY 2711200
TIMELINE 62 1790 241763516366200 2711200
LATENCY 2781600
TIMELINE 62 1806 241763562263800 2781600
LATENCY 2712600
TIMELINE 62 1822 241763609139200 2712600
LATENCY 2699100
TIMELINE 62 1838 241763652455300 2699100
LATENCY 3118200
TIMELINE 62 1854 241763699101600 3118200
LATENCY 3135200
TIMELINE 62 1870 241763753647300 3135200
LATENCY 3208700
TIMELINE 62 1886 241763798354300 3208700
LATENCY 2680400
TIMELINE 62 1902 241763841520800 2680400
LATENCY 2773100
TIMELINE 62 1918 241763886784200 2773100
LATENCY 2642800
TIMELINE 62 1934 241763933453400 2642800
LATENCY 3074700
TIMELINE 62 1950 241763978402200 3074700
LATENCY 2644700
TIMELINE 62 1966 241764025246400 2644700
LATENCY 3021800
TIMELINE 62 1982 241764071883500 3021800
LATENCY 2803000
TIMELINE 62 1998 241764123865200 2803000
LATENCY 2896800
TIMELINE 62 2014 241764173867400 2896800
LATENCY 3080400
TIMELINE 62 2030 241764218631800 3080400
LATENCY 3965800
TIMELINE 62 2046 241764265373100 3965800
LATENCY 2286500
TIMELINE 63 15 241759045943500 2286500
LATENCY 2156800
TIMELINE 63 31 241759081310400 2156800
LATENCY 2206600
TIMELINE 63 47 241759116642600 2206600
LATENCY 2171900
TIMELINE 63 63 241759151124400 2171900
LATENCY 1957500
TIMELINE 63 79 241759186059300 1957500
LATENCY 2142800
TIMELINE 63 95 241759222451600 2142800
LATENCY 2287100
TIMELINE 63 111 241759258487800 2287100
LATENCY 2605600
TIMELINE 63 127 241759313294000 2605600
LATENCY 2210200
TIMELINE 63 143 241759348902500 2210200
LATENCY 2149500
TIMELINE 63 159 241759384626400 2149500
LATENCY 2181100
TIMELINE 63 175 241759420915300 2181100
LATENCY 2119500
TIMELINE 63 191 241759456018500 2119500
LATENCY 2191900
TIMELINE 63 207 241759490750200 2191900
LATENCY 2243500
TIMELINE 63 223 241759527954700 2243500
LATENCY 2209900
TIMELINE 63 239 241759563510100 2209900
LATENCY 20672300
TIMELINE 63 255 241759599318600 20672300
LATENCY 2110600
TIMELINE 63 271 241759652180700 2110600
LATENCY 2137200
TIMELINE 63 287 241759686342800 2137200
LATENCY 2093000
TIMELINE 63 303 241759721190600 2093000
LATENCY 2420800
TIMELINE 63 319 241759756250700 2420800
LATENCY 2271800
TIMELINE 63 335 241759793128700 2271800
LATENCY 2248800
TIMELINE 63 351 241759830071500 2248800
LATENCY 2238000
TIMELINE 63 367 241759865836600 2238000
LATENCY 2118400
TIMELINE 63 383 241759901509100 2118400
LATENCY 2178600
TIMELINE 63 399 241759955578600 2178600
LATENCY 2396600
TIMELINE 63 415 241759995819500 2396600
LATENCY 2240000
TIMELINE 63 431 241760032095900 2240000
LATENCY 2206000
TIMELINE 63 447 241760066799300 2206000
LATENCY 2228100
TIMELINE 63 463 241760102333700 2228100
LATENCY 2253500
TIMELINE 63 479 241760137122900 2253500
LATENCY 2208600
TIMELINE 63 495 241760172000100 2208600
LATENCY 2154000
TIMELINE 63 511 241760208876600 2154000
LATENCY 2086300
TIMELINE 63 527 241760263710100 2086300
LATENCY 2111800
TIMELINE 63 543 241760298156200 2111800
LATENCY 2105800
TIMELINE 63 559 241760333145300 2105800
LATENCY 2200400
TIMELINE 63 575 241760367572800 2200400
LATENCY 2213700
TIMELINE 63 591 241760403557800 2213700
LATENCY 2135900
TIMELINE 63 607 241760439193400 2135900
LATENCY 2124800
TIMELINE 63 623 241760473474300 2124800
LATENCY 2133700
TIMELINE 63 639 241760507615100 2133700
LATENCY 20906700
TIMELINE 63 655 241760541815000 20906700
LATENCY 2194300
TIMELINE 63 671 241760595906900 2194300
LATENCY 2177300
TIMELINE 63 687 241760630990100 2177300
LATENCY 2118400
TIMELINE 63 703 241760666239600 2118400
LATENCY 2232300
TIMELINE 63 719 241760700823500 2232300
LATENCY 2190600
TIMELINE 63 735 241760735702200 2190600
LATENCY 2146300
TIMELINE 63 751 241760770539600 2146300
LATENCY 2090100
TIMELINE 63 767 241760804396300 2090100
LATENCY 2195800
TIMELINE 63 783 241760840010400 2195800
LATENCY 2264000
TIMELINE 63 799 241760894748300 2264000
LATENCY 2148600
TIMELINE 63 815 241760929683500 2148600
LATENCY 2162400
TIMELINE 63 831 241760964814400 2162400
LATENCY 2411800
TIMELINE 63 847 241760999276500 2411800
LATENCY 2443000
TIMELINE 63 863 241761034901100 2443000
LATENCY 2182700
TIMELINE 63 879 241761071151400 2182700
LATENCY 2264300
TIMELINE 63 895 241761106705900 2264300
LATENCY 2149500
TIMELINE 63 911 241761142186500 2149500
LATENCY 2289400
TIMELINE 63 927 241761197204800 2289400
LATENCY 2168000
TIMELINE 63 943 241761232466900 2168000
LATENCY 2137300
TIMELINE 63 959 241761266903500 2137300
LATENCY 2152900
TIMELINE 63 975 241761300869200 2152900
LATENCY 2347600
TIMELINE 63 991 241761335909100 2347600
LATENCY 2140100
TIMELINE 63 1007 241761371326300 2140100
LATENCY 2127300
TIMELINE 63 1023 241761406021800 2127300
LATENCY 2222000
TIMELINE 63 1039 241761441845300 2222000
LATENCY 2184100
TIMELINE 63 1055 241761478116700 2184100
LATENCY 2328700
TIMELINE 63 1071 241761519455400 2328700
LATENCY 2273800
TIMELINE 63 1087 241761555112200 2273800
LATENCY 2275700
TIMELINE 63 1103 241761593210300 2275700
LATENCY 2192500
TIMELINE 63 1119 241761628294700 2192500
LATENCY 2319300
TIMELINE 63 1135 241761664314800 2319300
LATENCY 2329100
TIMELINE 63 1151 241761700684000 2329100
LATENCY 2092700
TIMELINE 63 1167 241761735768800 2092700
LATENCY 2279300
TIMELINE 63 1183 241761771422800 2279300
LATENCY 2165100
TIMELINE 63 1199 241761812662400 2165100
LATENCY 2154000
TIMELINE 63 1215 241761848112100 2154000
LATENCY 3060300
TIMELINE 63 1231 241761889003400 3060300
LATENCY 2726400
TIMELINE 63 1247 241761934969300 2726400
LATENCY 2893700
TIMELINE 63 1263 241761979018900 2893700
LATENCY 3057500
TIMELINE 63 1279 241762028721200 3057500
LATENCY 2901700
TIMELINE 63 1295 241762074771100 2901700
LATENCY 3084600
TIMELINE 63 1311 241762122294900 3084600
LATENCY 3248000
TIMELINE 63 1327 241762178110600 3248000
LATENCY 2861400
TIMELINE 63 1343 241762224945600 2861400
LATENCY 2924200
TIMELINE 63 1359 241762270375400 2924200
LATENCY 2894200
TIMELINE 63 1375 241762316451800 2894200
LATENCY 2792700
TIMELINE 63 1391 241762362632000 2792700
LATENCY 2757600
TIMELINE 63 1407 241762410395200 2757600
LATENCY 2588800
TIMELINE 63 1423 241762454027500 2588800
LATENCY 2772500
TIMELINE 63 1439 241762498482400 2772500
LATENCY 2822200
TIMELINE 63 1455 241762542817200 2822200
LATENCY 3047500
TIMELINE 63 1471 241762594900400 3047500
LATENCY 2766900
TIMELINE 63 1487 241762643360300 2766900
LATENCY 2844600
TIMELINE 63 1503 241762689105700 2844600
LATENCY 2838200
TIMELINE 63 1519 241762735450600 2838200
LATENCY 3045000
TIMELINE 63 1535 241762780616300 3045000
LATENCY 2835700
TIMELINE 63 1551 241762826437900 2835700
LATENCY 2628900
TIMELINE 63 1567 241762873062500 2628900
LATENCY 2967700
TIMELINE 63 1583 241762917900700 2967700
LATENCY 2908600
TIMELINE 63 1599 241762969464600 2908600
LATENCY 2764300
TIMELINE 63 1615 241763017798300 2764300
LATENCY 2716400
TIMELINE 63 1631 241763062111700 2716400
LATENCY 2765000
TIMELINE 63 1647 241763106228200 2765000
LATENCY 2602500
TIMELINE 63 1663 241763150229500 2602500
LATENCY 3075600
TIMELINE 63 1679 241763193343000 3075600
LATENCY 3052000
TIMELINE 63 1695 241763240736700 3052000
LATENCY 2839400
TIMELINE 63 1711 241763285968700 2839400
LATENCY 2964700
TIMELINE 63 1727 241763335423300 2964700
LATENCY 2877100
TIMELINE 63 1743 241763381239200 2877100
LATENCY 2738900
TIMELINE 63 1759 241763425661500 2738900
LATENCY 3057100
TIMELINE 63 1775 241763470669800 3057100
LATENCY 2729700
TIMELINE 63 1791 241763517084200 2729700
LATENCY 2772800
TIMELINE 63 1807 241763562959400 2772800
LATENCY 2673700
TIMELINE 63 1823 241763609838600 2673700
LATENCY 2737200
TIMELINE 63 1839 241763653115400 2737200
LATENCY 3127000
TIMELINE 63 1855 241763699939400 3127000
LATENCY 3054000
TIMELINE 63 1871 241763754542400 3054000
LATENCY 3095500
TIMELINE 63 1887 241763799253200 3095500
LATENCY 2635600
TIMELINE 63 1903 241763842305100 2635600
LATENCY 2821700
TIMELINE 63 1919 241763887582200 2821700
LATENCY 2629300
TIMELINE 63 1935 241763934215800 2629300
LATENCY 3097400
TIMELINE 63 1951 241763979414200 3097400
LATENCY 2645500
TIMELINE 63 1967 241764025632600 2645500
LATENCY 3035500
TIMELINE 63 1983 241764072352500 3035500
LATENCY 2835500
TIMELINE 63 1999 241764124287500 2835500
LATENCY 2868800
TIMELINE 63 2015 241764174189300 2868800
LATENCY 3034600
TIMELINE 63 2031 241764218982600 3034600
LATENCY 3997000
TIMELINE 63 2047 241764265554900 3997000
PASS curl benchmark
[engine] opt unque. engine=1  id=85    PhpRootGen@5e3fea0b(resume_bci=1142)               |Tier 1|Count/Thres       8192/      400|Queue: Size    0 Change  0  Load  1,00 Time     0us                                   |UTC 2026-09-25T22:41:44.494|Src n/a|Reason Polyglot engine was closed.
[engine] opt unque. engine=1  id=86    PhpRootGen@5e3fea0b(resume_bci=1760)               |Tier 1|Count/Thres      14406/      400|Queue: Size    0 Change  0  Load  1,00 Time     0us                                   |UTC 2026-09-25T22:41:44.494|Src n/a|Reason Polyglot engine was closed.
