[To redirect Truffle log output to a file use one of the following options:
* '--log.file=<path>' if the option is passed using a guest language launcher.
* '-Dpolyglot.log.file=<path>' if the option is passed using the host Java launcher.
* Configure logging using the polyglot embedding API.]
[engine] opt queued engine=1  id=21    PhpRootGen@12e1ab63                                |Tier 1|Count/Thres        400/      400|Queue: Size    0 Change +1  Load  1,00 Time     0us                                   |UTC 2026-09-25T22:41:28.291|Src n/a
[engine] opt start  engine=1  id=21    PhpRootGen@12e1ab63                                |Tier 1|Priority 116474156|Rate 775,4943|Queue: Size    0 Change +0  Load  1,00 Time     0us                                   |UTC 2026-09-25T22:41:28.291|Src n/a|Bonuses first tier
[engine] opt queued engine=1  id=83    PhpRootGen@6fcb5903(resume_bci=1536)               |Tier 1|Count/Thres        400/      400|Queue: Size    0 Change +1  Load  1,00 Time     0us                                   |UTC 2026-09-25T22:41:28.292|Src n/a
[engine] opt start  engine=1  id=83    PhpRootGen@6fcb5903(resume_bci=1536)               |Tier 1|Priority 156237408|Rate 1040,582|Queue: Size    0 Change +0  Load  1,00 Time     0us                                   |UTC 2026-09-25T22:41:28.292|Src n/a|Bonuses first tier
[engine] opt done   engine=1  id=21    PhpRootGen@12e1ab63                                |Tier 1|Time    18(  10+9   )ms|AST    2|Inlined   0Y   0N|IR    396/  1439|CodeSize    5827|Addr 0x00e781380000|CompId 5725   |UTC 2026-09-25T22:41:28.309|Src n/a
[engine] opt done   engine=1  id=83    PhpRootGen@6fcb5903(resume_bci=1536)               |Tier 1|Time    32(  14+18  )ms|AST    1|Inlined   0Y   0N|IR   1416/  3539|CodeSize   14538|Addr 0x6323aee00000|CompId 5726   |UTC 2026-09-25T22:41:28.324|Src n/a
[engine] opt queued engine=1  id=74    CallSignatureNode.CallSignatureRootNode@3f5c2a79   |Tier 1|Count/Thres        400/      400|Queue: Size    0 Change +1  Load  1,00 Time     0us                                   |UTC 2026-09-25T22:41:28.326|Src n/a
[engine] opt start  engine=1  id=74    CallSignatureNode.CallSignatureRootNode@3f5c2a79   |Tier 1|Priority   1618694|Rate 9,791298|Queue: Size    0 Change +0  Load  1,00 Time     0us                                   |UTC 2026-09-25T22:41:28.326|Src n/a|Bonuses first tier
[engine] opt start  engine=1  id=73    FunctionExecuteNode.SignatureExecuteNode@314fb34   |Tier 1|Priority   1607145|Rate 9,714302|Queue: Size    0 Change +0  Load  1,00 Time     0us                                   |UTC 2026-09-25T22:41:28.326|Src n/a|Bonuses first tier
[engine] opt queued engine=1  id=73    FunctionExecuteNode.SignatureExecuteNode@314fb34   |Tier 1|Count/Thres        400/      400|Queue: Size    0 Change +1  Load  1,00 Time     0us                                   |UTC 2026-09-25T22:41:28.326|Src n/a
[engine] opt start  engine=1  id=71    LibFFIClosure.VoidRetClosureRootNode@cde834c       |Tier 1|Priority   1576085|Rate 9,507240|Queue: Size    0 Change +0  Load  1,00 Time     0us                                   |UTC 2026-09-25T22:41:28.329|Src n/a|Bonuses first tier
[engine] opt queued engine=1  id=71    LibFFIClosure.VoidRetClosureRootNode@cde834c       |Tier 1|Count/Thres        400/      400|Queue: Size    0 Change +1  Load  1,00 Time     0us                                   |UTC 2026-09-25T22:41:28.329|Src n/a
[engine] opt queued engine=1  id=86    PhpRootGen@1227bcfe(resume_bci=1760)               |Tier 1|Count/Thres        400/      400|Queue: Size    0 Change +1  Load  1,00 Time     0us                                   |UTC 2026-09-25T22:41:28.332|Src n/a
[engine] opt start  engine=1  id=86    PhpRootGen@1227bcfe(resume_bci=1760)               |Tier 1|Priority   3122739|Rate 19,81826|Queue: Size    0 Change +0  Load  1,00 Time     0us                                   |UTC 2026-09-25T22:41:28.332|Src n/a|Bonuses first tier
[engine] opt done   engine=1  id=73    FunctionExecuteNode.SignatureExecuteNode@314fb34   |Tier 1|Time     7(   5+2   )ms|AST    4|Inlined   0Y   0N|IR    132/   310|CodeSize    1081|Addr 0x4ca759dd0000|CompId 5728   |UTC 2026-09-25T22:41:28.334|Src n/a
[engine] opt done   engine=1  id=71    LibFFIClosure.VoidRetClosureRootNode@cde834c       |Tier 1|Time     7(   4+3   )ms|AST   23|Inlined   0Y   0N|IR    125/   395|CodeSize    1658|Addr 0x4f1ea29d0000|CompId 5729   |UTC 2026-09-25T22:41:28.336|Src n/a
[engine] opt done   engine=1  id=74    CallSignatureNode.CallSignatureRootNode@3f5c2a79   |Tier 1|Time    11(   7+3   )ms|AST   12|Inlined   0Y   1N|IR    146/   483|CodeSize    1949|Addr 0x2fa7f5be0000|CompId 5727   |UTC 2026-09-25T22:41:28.337|Src n/a
[engine] opt done   engine=1  id=86    PhpRootGen@1227bcfe(resume_bci=1760)               |Tier 1|Time    40(  14+26  )ms|AST    1|Inlined   0Y   0N|IR   1755/  4845|CodeSize   20699|Addr 0x04e3a1170000|CompId 5730   |UTC 2026-09-25T22:41:28.372|Src n/a
[engine] opt queued engine=1  id=77    CallSignatureNode.CallSignatureRootNode@4dd91cd0   |Tier 1|Count/Thres        400/      400|Queue: Size    1 Change +1  Load  1,00 Time     0us                                   |UTC 2026-09-25T22:41:28.493|Src n/a
[engine] opt queued engine=1  id=76    FunctionExecuteNode.SignatureExecuteNode@376b41eb  |Tier 1|Count/Thres        400/      400|Queue: Size    2 Change +1  Load  1,00 Time     0us                                   |UTC 2026-09-25T22:41:28.494|Src n/a
[engine] opt start  engine=1  id=77    CallSignatureNode.CallSignatureRootNode@4dd91cd0   |Tier 1|Priority    438659|Rate 1,924394|Queue: Size    0 Change +0  Load  1,00 Time     0us                                   |UTC 2026-09-25T22:41:28.494|Src n/a|Bonuses first tier
[engine] opt start  engine=1  id=76    FunctionExecuteNode.SignatureExecuteNode@376b41eb  |Tier 1|Priority    438528|Rate 1,923525|Queue: Size    0 Change +0  Load  1,00 Time     0us                                   |UTC 2026-09-25T22:41:28.494|Src n/a|Bonuses first tier
[engine] opt done   engine=1  id=76    FunctionExecuteNode.SignatureExecuteNode@376b41eb  |Tier 1|Time     4(   2+2   )ms|AST    3|Inlined   0Y   0N|IR    124/   269|CodeSize     926|Addr 0x19ffc9b20000|CompId 5732   |UTC 2026-09-25T22:41:28.497|Src n/a
[engine] opt done   engine=1  id=77    CallSignatureNode.CallSignatureRootNode@4dd91cd0   |Tier 1|Time     4(   2+2   )ms|AST   11|Inlined   0Y   1N|IR    140/   403|CodeSize    1464|Addr 0x30484f290000|CompId 5731   |UTC 2026-09-25T22:41:28.498|Src n/a
[engine] opt queued engine=1  id=85    PhpRootGen@1227bcfe(resume_bci=1142)               |Tier 1|Count/Thres        400/      400|Queue: Size    1 Change +1  Load  1,00 Time     0us                                   |UTC 2026-09-25T22:41:28.552|Src n/a
[engine] opt start  engine=1  id=85    PhpRootGen@1227bcfe(resume_bci=1142)               |Tier 1|Priority    399435|Rate 1,662904|Queue: Size    0 Change +0  Load  1,00 Time     0us                                   |UTC 2026-09-25T22:41:28.552|Src n/a|Bonuses first tier
[0.297s] GC(0) Pause Incremental GC (Collect on allocation) 48.00M->3.50M 7.107ms
[engine] opt done   engine=1  id=85    PhpRootGen@1227bcfe(resume_bci=1142)               |Tier 1|Time    61(  22+39  )ms|AST    1|Inlined   0Y   0N|IR   2763/  7680|CodeSize   32707|Addr 0x5530259d0000|CompId 5733   |UTC 2026-09-25T22:41:28.613|Src n/a
[engine] opt queued engine=1  id=74    CallSignatureNode.CallSignatureRootNode@3f5c2a79   |Tier 2|Count/Thres      10000/    10000|Queue: Size    1 Change +1  Load  1,00 Time     0us                                   |UTC 2026-09-25T22:41:28.684|Src n/a
[engine] opt start  engine=1  id=74    CallSignatureNode.CallSignatureRootNode@3f5c2a79   |Tier 2|Priority    260734|Rate 25,07340|Queue: Size    0 Change +0  Load  1,00 Time     0us                                   |UTC 2026-09-25T22:41:28.684|Src n/a|Bonuses
[engine] opt queued engine=1  id=73    FunctionExecuteNode.SignatureExecuteNode@314fb34   |Tier 2|Count/Thres      10000/    10000|Queue: Size    1 Change +1  Load  1,00 Time     0us                                   |UTC 2026-09-25T22:41:28.684|Src n/a
[engine] opt start  engine=1  id=73    FunctionExecuteNode.SignatureExecuteNode@314fb34   |Tier 2|Priority    260685|Rate 25,06853|Queue: Size    0 Change +0  Load  1,00 Time     0us                                   |UTC 2026-09-25T22:41:28.684|Src n/a|Bonuses
[engine] opt queued engine=1  id=71    LibFFIClosure.VoidRetClosureRootNode@cde834c       |Tier 2|Count/Thres      10000/    10000|Queue: Size    1 Change +1  Load  1,00 Time     0us                                   |UTC 2026-09-25T22:41:28.686|Src n/a
[engine] opt start  engine=1  id=71    LibFFIClosure.VoidRetClosureRootNode@cde834c       |Tier 2|Priority    260881|Rate 25,08811|Queue: Size    0 Change +0  Load  1,00 Time     0us                                   |UTC 2026-09-25T22:41:28.686|Src n/a|Bonuses
[engine] opt done   engine=1  id=73    FunctionExecuteNode.SignatureExecuteNode@314fb34   |Tier 2|Time     5(   2+3   )ms|AST    4|Inlined   0Y   0N|IR     74/   188|CodeSize     646|Addr 0x7cf55da50000|CompId 5735   |UTC 2026-09-25T22:41:28.689|Src n/a
[engine] opt done   engine=1  id=74    CallSignatureNode.CallSignatureRootNode@3f5c2a79   |Tier 2|Time     5(   3+3   )ms|AST   12|Inlined   1Y   0N|IR    108/   263|CodeSize     825|Addr 0x18c75e550000|CompId 5734   |UTC 2026-09-25T22:41:28.689|Src n/a
[engine] opt done   engine=1  id=71    LibFFIClosure.VoidRetClosureRootNode@cde834c       |Tier 2|Time     4(   1+3   )ms|AST   23|Inlined   0Y   0N|IR     64/   333|CodeSize    1532|Addr 0x1f65c8d00000|CompId 5736   |UTC 2026-09-25T22:41:28.690|Src n/a
[engine] opt queued engine=1  id=86    PhpRootGen@1227bcfe(resume_bci=1760)               |Tier 2|Count/Thres      10000/    10000|Queue: Size    1 Change +1  Load  1,00 Time     0us                                   |UTC 2026-09-25T22:41:28.710|Src n/a
[engine] opt start  engine=1  id=86    PhpRootGen@1227bcfe(resume_bci=1760)               |Tier 2|Priority    260801|Rate 25,08015|Queue: Size    0 Change +0  Load  1,00 Time     0us                                   |UTC 2026-09-25T22:41:28.711|Src n/a|Bonuses
[engine] opt done   engine=1  id=86    PhpRootGen@1227bcfe(resume_bci=1760)               |Tier 2|Time    47(   9+37  )ms|AST    1|Inlined   0Y   0N|IR   1672/  3783|CodeSize   15619|Addr 0x073e18800000|CompId 5737   |UTC 2026-09-25T22:41:28.757|Src n/a
[0.593s] GC(1) Pause Incremental GC (Collect on allocation) 51.50M->4.50M 5.933ms
[0.880s] GC(2) Pause Incremental GC (Collect on allocation) 51.50M->5.00M 5.931ms
[1.165s] GC(3) Pause Incremental GC (Collect on allocation) 51.00M->5.50M 6.442ms
[1.442s] GC(4) Pause Incremental GC (Collect on allocation) 50.50M->6.00M 6.464ms
[1.712s] GC(5) Pause Incremental GC (Collect on allocation) 50.00M->6.00M 6.741ms
[1.996s] GC(6) Pause Incremental GC (Collect on allocation) 49.00M->7.00M 7.442ms
[2.265s] GC(7) Pause Incremental GC (Collect on allocation) 50.00M->7.00M 7.488ms
[2.525s] GC(8) Pause Incremental GC (Collect on allocation) 50.00M->7.50M 4.723ms
[2.789s] GC(9) Pause Incremental GC (Collect on allocation) 50.50M->7.50M 4.931ms
[3.081s] GC(10) Pause Incremental GC (Collect on allocation) 50.50M->8.00M 4.628ms
[3.431s] GC(11) Pause Incremental GC (Collect on allocation) 51.00M->8.50M 4.713ms
[3.778s] GC(12) Pause Incremental GC (Collect on allocation) 51.50M->9.50M 4.826ms
[4.140s] GC(13) Pause Incremental GC (Collect on allocation) 52.50M->9.50M 4.469ms
[4.495s] GC(14) Pause Incremental GC (Collect on allocation) 52.50M->10.00M 4.462ms
[engine] opt inval. engine=1  id=86    PhpRootGen@1227bcfe(resume_bci=1760)                                                                                                                                              |UTC 2026-09-25T22:41:33.030|Src n/a|Reason null
[engine] opt deopt  engine=1  id=86    PhpRootGen@1227bcfe(resume_bci=1760)               |Invalidated  true|                                                                                                            |UTC 2026-09-25T22:41:33.030|Src n/a|Reason unknown
[engine] opt queued engine=1  id=86    PhpRootGen@1227bcfe(resume_bci=1760)               |Tier 1|Count/Thres      11271/      400|Queue: Size    1 Change +1  Load  1,00 Time     0us                                   |UTC 2026-09-25T22:41:33.030|Src n/a
[engine] opt start  engine=1  id=86    PhpRootGen@1227bcfe(resume_bci=1760)               |Tier 1|Priority  14323087|Rate 2,388777|Queue: Size    0 Change +0  Load  1,00 Time     0us                                   |UTC 2026-09-25T22:41:33.030|Src n/a|Bonuses first tier
[engine] opt done   engine=1  id=86    PhpRootGen@1227bcfe(resume_bci=1760)               |Tier 1|Time    82(  20+62  )ms|AST    1|Inlined   0Y   0N|IR   1816/  5189|CodeSize   22351|Addr 0x68ec41150000|CompId 5738   |UTC 2026-09-25T22:41:33.112|Src n/a
[4.849s] GC(15) Pause Incremental GC (Collect on allocation) 53.00M->10.00M 4.670ms
[engine] opt start  engine=1  id=86    PhpRootGen@1227bcfe(resume_bci=1760)               |Tier 2|Priority     47209|Rate 2,673923|Queue: Size    0 Change +0  Load  1,00 Time     0us                                   |UTC 2026-09-25T22:41:33.117|Src n/a|Bonuses
[engine] opt queued engine=1  id=86    PhpRootGen@1227bcfe(resume_bci=1760)               |Tier 2|Count/Thres      12850/    10000|Queue: Size    1 Change +1  Load  1,00 Time     0us                                   |UTC 2026-09-25T22:41:33.117|Src n/a
[engine] opt done   engine=1  id=86    PhpRootGen@1227bcfe(resume_bci=1760)               |Tier 2|Time   101(  18+83  )ms|AST    1|Inlined   0Y   0N|IR   1688/  4080|CodeSize   17293|Addr 0x5c3d12340000|CompId 5739   |UTC 2026-09-25T22:41:33.223|Src n/a
[engine] opt inval. engine=1  id=86    PhpRootGen@1227bcfe(resume_bci=1760)                                                                                                                                              |UTC 2026-09-25T22:41:33.450|Src n/a|Reason null
[engine] opt deopt  engine=1  id=86    PhpRootGen@1227bcfe(resume_bci=1760)               |Invalidated  true|                                                                                                            |UTC 2026-09-25T22:41:33.450|Src n/a|Reason unknown
[engine] opt inval. engine=1  id=86    PhpRootGen@1227bcfe(resume_bci=1760)                                                                                                                                              |UTC 2026-09-25T22:41:33.450|Src n/a|Reason Profiled Return Type
[engine] opt queued engine=1  id=86    PhpRootGen@1227bcfe(resume_bci=1760)               |Tier 1|Count/Thres      14698/      400|Queue: Size    1 Change +1  Load  1,00 Time     0us                                   |UTC 2026-09-25T22:41:33.450|Src n/a
[engine] opt start  engine=1  id=86    PhpRootGen@1227bcfe(resume_bci=1760)               |Tier 1|Priority  21277161|Rate 2,860328|Queue: Size    0 Change +0  Load  1,00 Time     0us                                   |UTC 2026-09-25T22:41:33.450|Src n/a|Bonuses first tier
[engine] opt inval. engine=1  id=85    PhpRootGen@1227bcfe(resume_bci=1142)                                                                                                                                              |UTC 2026-09-25T22:41:33.457|Src n/a|Reason null
[engine] opt deopt  engine=1  id=85    PhpRootGen@1227bcfe(resume_bci=1142)               |Invalidated  true|                                                                                                            |UTC 2026-09-25T22:41:33.457|Src n/a|Reason unknown
[engine] opt queued engine=1  id=85    PhpRootGen@1227bcfe(resume_bci=1142)               |Tier 1|Count/Thres       8189/      400|Queue: Size    1 Change +1  Load  1,00 Time     0us                                   |UTC 2026-09-25T22:41:33.457|Src n/a
[engine] opt start  engine=1  id=85    PhpRootGen@1227bcfe(resume_bci=1142)               |Tier 1|Priority   7958303|Rate 1,591543|Queue: Size    0 Change +0  Load  1,00 Time     0us                                   |UTC 2026-09-25T22:41:33.457|Src n/a|Bonuses first tier
[engine] opt inval. engine=1  id=83    PhpRootGen@6fcb5903(resume_bci=1536)                                                                                                                                              |UTC 2026-09-25T22:41:33.461|Src n/a|Reason Stable local tags local tags updated
[5.194s] GC(16) Pause Incremental GC (Collect on allocation) 53.00M->10.50M 4.651ms
[engine] opt queued engine=1  id=89    PhpRootGen@12e1ab63(resume_bci=168)                |Tier 1|Count/Thres        400/      400|Queue: Size    1 Change +1  Load  1,00 Time     0us                                   |UTC 2026-09-25T22:41:33.463|Src n/a
[engine] opt start  engine=1  id=89    PhpRootGen@12e1ab63(resume_bci=168)                |Tier 1|Priority  42942953|Rate 285,2863|Queue: Size    0 Change +0  Load  1,00 Time     0us                                   |UTC 2026-09-25T22:41:33.468|Src n/a|Bonuses first tier
[engine] opt done   engine=1  id=89    PhpRootGen@12e1ab63(resume_bci=168)                |Tier 1|Time     8(   5+3   )ms|AST    1|Inlined   0Y   0N|IR    351/   790|CodeSize    2933|Addr 0x2834f17d0000|CompId 5742   |UTC 2026-09-25T22:41:33.475|Src n/a
VERSION libcurl/8.22.0 BoringSSL zlib/1.3.2 brotli/1.2.0 zstd/1.5.7 WinIDN nghttp2/1.63.0
CLOCK 241748132261800 241748134381400
LATENCY 16530900
TIMELINE 0 0 241748134860200 16530900
LATENCY 2635600
TIMELINE 0 16 241748194072100 2635600
LATENCY 2430000
TIMELINE 0 32 241748231468900 2430000
LATENCY 2265900
TIMELINE 0 48 241748268340500 2265900
LATENCY 2330500
TIMELINE 0 64 241748305069800 2330500
LATENCY 2304400
TIMELINE 0 80 241748343299800 2304400
LATENCY 2328900
TIMELINE 0 96 241748380831500 2328900
LATENCY 2214400
TIMELINE 0 112 241748425068600 2214400
LATENCY 2206200
TIMELINE 0 128 241748460572300 2206200
LATENCY 2239500
TIMELINE 0 144 241748496110900 2239500
LATENCY 2362200
TIMELINE 0 160 241748533058500 2362200
LATENCY 2159900
TIMELINE 0 176 241748568557200 2159900
LATENCY 2297100
TIMELINE 0 192 241748604718000 2297100
LATENCY 2175200
TIMELINE 0 208 241748639960800 2175200
LATENCY 2087200
TIMELINE 0 224 241748674285100 2087200
LATENCY 2106400
TIMELINE 0 240 241748715261400 2106400
LATENCY 2111600
TIMELINE 0 256 241748749879500 2111600
LATENCY 2121800
TIMELINE 0 272 241748784928100 2121800
LATENCY 2356600
TIMELINE 0 288 241748819282900 2356600
LATENCY 2144000
TIMELINE 0 304 241748853996100 2144000
LATENCY 2094500
TIMELINE 0 320 241748887758400 2094500
LATENCY 2121100
TIMELINE 0 336 241748921503200 2121100
LATENCY 2109800
TIMELINE 0 352 241748955182600 2109800
LATENCY 2136300
TIMELINE 0 368 241748996342700 2136300
LATENCY 2261100
TIMELINE 0 384 241749031519200 2261100
LATENCY 2121400
TIMELINE 0 400 241749066638000 2121400
LATENCY 2163100
TIMELINE 0 416 241749101982700 2163100
LATENCY 2112100
TIMELINE 0 432 241749136344600 2112100
LATENCY 2156300
TIMELINE 0 448 241749170863100 2156300
LATENCY 2130100
TIMELINE 0 464 241749206473000 2130100
LATENCY 2145500
TIMELINE 0 480 241749240480900 2145500
LATENCY 2153500
TIMELINE 0 496 241749281409400 2153500
LATENCY 2149200
TIMELINE 0 512 241749315275000 2149200
LATENCY 2107300
TIMELINE 0 528 241749349131000 2107300
LATENCY 2141400
TIMELINE 0 544 241749383145700 2141400
LATENCY 2230100
TIMELINE 0 560 241749417791000 2230100
LATENCY 2199700
TIMELINE 0 576 241749453600800 2199700
LATENCY 2123900
TIMELINE 0 592 241749488422000 2123900
LATENCY 2207300
TIMELINE 0 608 241749523267200 2207300
LATENCY 2187900
TIMELINE 0 624 241749564756100 2187900
LATENCY 2234500
TIMELINE 0 640 241749601122000 2234500
LATENCY 2119600
TIMELINE 0 656 241749635192100 2119600
LATENCY 2092700
TIMELINE 0 672 241749668853300 2092700
LATENCY 2055100
TIMELINE 0 688 241749702553700 2055100
LATENCY 2107100
TIMELINE 0 704 241749736334400 2107100
LATENCY 2144900
TIMELINE 0 720 241749770580300 2144900
LATENCY 2165600
TIMELINE 0 736 241749804695200 2165600
LATENCY 2194800
TIMELINE 0 752 241749847564500 2194800
LATENCY 2123200
TIMELINE 0 768 241749881678000 2123200
LATENCY 2230700
TIMELINE 0 784 241749917240300 2230700
LATENCY 2419500
TIMELINE 0 800 241749952292900 2419500
LATENCY 2146700
TIMELINE 0 816 241749987677400 2146700
LATENCY 2098800
TIMELINE 0 832 241750021684600 2098800
LATENCY 2108300
TIMELINE 0 848 241750055437800 2108300
LATENCY 2137000
TIMELINE 0 864 241750115181400 2137000
LATENCY 2152200
TIMELINE 0 880 241750149758000 2152200
LATENCY 2150000
TIMELINE 0 896 241750184731900 2150000
LATENCY 2217400
TIMELINE 0 912 241750219993900 2217400
LATENCY 2197100
TIMELINE 0 928 241750255939400 2197100
LATENCY 2390900
TIMELINE 0 944 241750291691400 2390900
LATENCY 2109400
TIMELINE 0 960 241750326408200 2109400
LATENCY 2119900
TIMELINE 0 976 241750360070400 2119900
LATENCY 2108300
TIMELINE 0 992 241750402568500 2108300
LATENCY 2116400
TIMELINE 0 1008 241750436399200 2116400
LATENCY 2101600
TIMELINE 0 1024 241750470220000 2101600
LATENCY 2075000
TIMELINE 0 1040 241750504032600 2075000
LATENCY 2297700
TIMELINE 0 1056 241750537627400 2297700
LATENCY 2158200
TIMELINE 0 1072 241750572660200 2158200
LATENCY 2103200
TIMELINE 0 1088 241750606896100 2103200
LATENCY 2182900
TIMELINE 0 1104 241750645673500 2182900
LATENCY 2107800
TIMELINE 0 1120 241750680829100 2107800
LATENCY 2117600
TIMELINE 0 1136 241750714714100 2117600
LATENCY 2153400
TIMELINE 0 1152 241750749218600 2153400
LATENCY 2080500
TIMELINE 0 1168 241750782943000 2080500
LATENCY 2204100
TIMELINE 0 1184 241750816620600 2204100
LATENCY 2319900
TIMELINE 0 1200 241750851539100 2319900
LATENCY 2156700
TIMELINE 0 1216 241750887186500 2156700
LATENCY 2179000
TIMELINE 0 1232 241750927730900 2179000
LATENCY 2370700
TIMELINE 0 1248 241750963739100 2370700
LATENCY 2205100
TIMELINE 0 1264 241750999536700 2205100
LATENCY 2104400
TIMELINE 0 1280 241751035988700 2104400
LATENCY 2413100
TIMELINE 0 1296 241751071120600 2413100
LATENCY 2732200
TIMELINE 0 1312 241751107332200 2732200
LATENCY 3046100
TIMELINE 0 1328 241751153315200 3046100
LATENCY 3006200
TIMELINE 0 1344 241751206539000 3006200
LATENCY 3046900
TIMELINE 0 1360 241751254480100 3046900
LATENCY 2874500
TIMELINE 0 1376 241751300679000 2874500
LATENCY 2607600
TIMELINE 0 1392 241751344768200 2607600
LATENCY 2960000
TIMELINE 0 1408 241751391067800 2960000
LATENCY 2962200
TIMELINE 0 1424 241751438260200 2962200
LATENCY 2618700
TIMELINE 0 1440 241751484300000 2618700
LATENCY 2956100
TIMELINE 0 1456 241751529606500 2956100
LATENCY 2927300
TIMELINE 0 1472 241751581295500 2927300
LATENCY 2735400
TIMELINE 0 1488 241751627788100 2735400
LATENCY 2711200
TIMELINE 0 1504 241751671428500 2711200
LATENCY 2912900
TIMELINE 0 1520 241751715229700 2912900
LATENCY 2986800
TIMELINE 0 1536 241751761381500 2986800
LATENCY 2686000
TIMELINE 0 1552 241751806344600 2686000
LATENCY 2914200
TIMELINE 0 1568 241751854393200 2914200
LATENCY 2963900
TIMELINE 0 1584 241751914660300 2963900
LATENCY 2902900
TIMELINE 0 1600 241751961899500 2902900
LATENCY 2706600
TIMELINE 0 1616 241752008785400 2706600
LATENCY 3041500
TIMELINE 0 1632 241752057438900 3041500
LATENCY 2957600
TIMELINE 0 1648 241752104815200 2957600
LATENCY 2498500
TIMELINE 0 1664 241752148999700 2498500
LATENCY 2672200
TIMELINE 0 1680 241752198095700 2672200
LATENCY 2965400
TIMELINE 0 1696 241752241531000 2965400
LATENCY 2909100
TIMELINE 0 1712 241752292928000 2909100
LATENCY 2930300
TIMELINE 0 1728 241752342212600 2930300
LATENCY 2926500
TIMELINE 0 1744 241752388362800 2926500
LATENCY 2995400
TIMELINE 0 1760 241752435443600 2995400
LATENCY 2794600
TIMELINE 0 1776 241752483277900 2794600
LATENCY 2768300
TIMELINE 0 1792 241752528531900 2768300
LATENCY 2672100
TIMELINE 0 1808 241752577044800 2672100
LATENCY 2707900
TIMELINE 0 1824 241752624944500 2707900
LATENCY 2730100
TIMELINE 0 1840 241752668679700 2730100
LATENCY 2947400
TIMELINE 0 1856 241752714330800 2947400
LATENCY 2970000
TIMELINE 0 1872 241752762600400 2970000
LATENCY 3085800
TIMELINE 0 1888 241752808058800 3085800
LATENCY 2958700
TIMELINE 0 1904 241752855957900 2958700
LATENCY 3285500
TIMELINE 0 1920 241752909044900 3285500
LATENCY 3467500
TIMELINE 0 1936 241752966606900 3467500
LATENCY 3229800
TIMELINE 0 1952 241753019437200 3229800
LATENCY 2876500
TIMELINE 0 1968 241753070243000 2876500
LATENCY 2731800
TIMELINE 0 1984 241753113698400 2731800
LATENCY 2829900
TIMELINE 0 2000 241753158242800 2829900
LATENCY 2878800
TIMELINE 0 2016 241753201963100 2878800
LATENCY 2766700
TIMELINE 0 2032 241753247070500 2766700
LATENCY 3579000
TIMELINE 1 1 241748151691900 3579000
LATENCY 2630300
TIMELINE 1 17 241748196983800 2630300
LATENCY 2364000
TIMELINE 1 33 241748234089700 2364000
LATENCY 2253300
TIMELINE 1 49 241748270809900 2253300
LATENCY 2317800
TIMELINE 1 65 241748307450900 2317800
LATENCY 2324600
TIMELINE 1 81 241748345644400 2324600
LATENCY 2321600
TIMELINE 1 97 241748383232100 2321600
LATENCY 2262800
TIMELINE 1 113 241748427252500 2262800
LATENCY 2185400
TIMELINE 1 129 241748462748700 2185400
LATENCY 2263700
TIMELINE 1 145 241748498318500 2263700
LATENCY 2457300
TIMELINE 1 161 241748535299400 2457300
LATENCY 2146100
TIMELINE 1 177 241748570531400 2146100
LATENCY 2268000
TIMELINE 1 193 241748606955500 2268000
LATENCY 2155000
TIMELINE 1 209 241748642053600 2155000
LATENCY 2179900
TIMELINE 1 225 241748676291300 2179900
LATENCY 2104400
TIMELINE 1 241 241748717308500 2104400
LATENCY 2136400
TIMELINE 1 257 241748751869100 2136400
LATENCY 2153500
TIMELINE 1 273 241748786966200 2153500
LATENCY 2132600
TIMELINE 1 289 241748821609200 2132600
LATENCY 2154700
TIMELINE 1 305 241748856110100 2154700
LATENCY 2098600
TIMELINE 1 321 241748889826100 2098600
LATENCY 2158200
TIMELINE 1 337 241748923674000 2158200
LATENCY 2126000
TIMELINE 1 353 241748957335100 2126000
LATENCY 2145100
TIMELINE 1 369 241748998378800 2145100
LATENCY 2238500
TIMELINE 1 385 241749033571500 2238500
LATENCY 2160700
TIMELINE 1 401 241749068592600 2160700
LATENCY 2127700
TIMELINE 1 417 241749103917700 2127700
LATENCY 2217800
TIMELINE 1 433 241749138231900 2217800
LATENCY 2149100
TIMELINE 1 449 241749172874300 2149100
LATENCY 2186300
TIMELINE 1 465 241749208781200 2186300
LATENCY 2132500
TIMELINE 1 481 241749242822300 2132500
LATENCY 2140200
TIMELINE 1 497 241749283735900 2140200
LATENCY 2219200
TIMELINE 1 513 241749317617300 2219200
LATENCY 2080300
TIMELINE 1 529 241749351504200 2080300
LATENCY 2078000
TIMELINE 1 545 241749385513300 2078000
LATENCY 2166400
TIMELINE 1 561 241749420054700 2166400
LATENCY 2194600
TIMELINE 1 577 241749455740300 2194600
LATENCY 2190200
TIMELINE 1 593 241749490491200 2190200
LATENCY 2154700
TIMELINE 1 609 241749525387500 2154700
LATENCY 2397500
TIMELINE 1 625 241749566885900 2397500
LATENCY 2298700
TIMELINE 1 641 241749603325800 2298700
LATENCY 2084300
TIMELINE 1 657 241749637286700 2084300
LATENCY 2104500
TIMELINE 1 673 241749670919400 2104500
LATENCY 2079700
TIMELINE 1 689 241749704579200 2079700
LATENCY 2101100
TIMELINE 1 705 241749738414200 2101100
LATENCY 2132400
TIMELINE 1 721 241749772573000 2132400
LATENCY 2123300
TIMELINE 1 737 241749806714500 2123300
LATENCY 2160200
TIMELINE 1 753 241749849592400 2160200
LATENCY 2136500
TIMELINE 1 769 241749883611200 2136500
LATENCY 2253200
TIMELINE 1 785 241749919194500 2253200
LATENCY 2242100
TIMELINE 1 801 241749954420500 2242100
LATENCY 2131900
TIMELINE 1 817 241749989437400 2131900
LATENCY 2112400
TIMELINE 1 833 241750023392800 2112400
LATENCY 2125900
TIMELINE 1 849 241750057149300 2125900
LATENCY 2139500
TIMELINE 1 865 241750116319300 2139500
LATENCY 2199100
TIMELINE 1 881 241750150937800 2199100
LATENCY 2133200
TIMELINE 1 897 241750186048900 2133200
LATENCY 2265100
TIMELINE 1 913 241750221257900 2265100
LATENCY 2337800
TIMELINE 1 929 241750257029600 2337800
LATENCY 2328000
TIMELINE 1 945 241750292777800 2328000
LATENCY 2139400
TIMELINE 1 961 241750327365900 2139400
LATENCY 2152700
TIMELINE 1 977 241750361015500 2152700
LATENCY 2132800
TIMELINE 1 993 241750403418500 2132800
LATENCY 2141200
TIMELINE 1 1009 241750437328500 2141200
LATENCY 2076500
TIMELINE 1 1025 241750471157900 2076500
LATENCY 2089600
TIMELINE 1 1041 241750504982200 2089600
LATENCY 2198200
TIMELINE 1 1057 241750538913700 2198200
LATENCY 2193600
TIMELINE 1 1073 241750573768900 2193600
LATENCY 2119500
TIMELINE 1 1089 241750608061000 2119500
LATENCY 2264000
TIMELINE 1 1105 241750646836300 2264000
LATENCY 2127000
TIMELINE 1 1121 241750682427700 2127000
LATENCY 2111500
TIMELINE 1 1137 241750716318500 2111500
LATENCY 2110800
TIMELINE 1 1153 241750750772800 2110800
LATENCY 2099800
TIMELINE 1 1169 241750784456400 2099800
LATENCY 2193500
TIMELINE 1 1185 241750818251800 2193500
LATENCY 2154300
TIMELINE 1 1201 241750853371500 2154300
LATENCY 2296300
TIMELINE 1 1217 241750888776900 2296300
LATENCY 2195500
TIMELINE 1 1233 241750929408400 2195500
LATENCY 2252000
TIMELINE 1 1249 241750965560900 2252000
LATENCY 2176000
TIMELINE 1 1265 241751001193200 2176000
LATENCY 2118900
TIMELINE 1 1281 241751037562100 2118900
LATENCY 2341100
TIMELINE 1 1297 241751072535900 2341100
LATENCY 2744400
TIMELINE 1 1313 241751108984500 2744400
LATENCY 3002100
TIMELINE 1 1329 241751155210000 3002100
LATENCY 3033900
TIMELINE 1 1345 241751208378000 3033900
LATENCY 3045100
TIMELINE 1 1361 241751256363000 3045100
LATENCY 2829600
TIMELINE 1 1377 241751302431900 2829600
LATENCY 2576600
TIMELINE 1 1393 241751346334600 2576600
LATENCY 2978600
TIMELINE 1 1409 241751392871100 2978600
LATENCY 2963900
TIMELINE 1 1425 241751440075500 2963900
LATENCY 2642500
TIMELINE 1 1441 241751485890500 2642500
LATENCY 2802900
TIMELINE 1 1457 241751531443500 2802900
LATENCY 2974900
TIMELINE 1 1473 241751582989500 2974900
LATENCY 2727600
TIMELINE 1 1489 241751629288800 2727600
LATENCY 2776300
TIMELINE 1 1505 241751672927500 2776300
LATENCY 3043400
TIMELINE 1 1521 241751716702500 3043400
LATENCY 3002200
TIMELINE 1 1537 241751763030900 3002200
LATENCY 2724600
TIMELINE 1 1553 241751807828800 2724600
LATENCY 2881700
TIMELINE 1 1569 241751856046800 2881700
LATENCY 2918400
TIMELINE 1 1585 241751916408700 2918400
LATENCY 2912000
TIMELINE 1 1601 241751963620700 2912000
LATENCY 2771400
TIMELINE 1 1617 241752010271200 2771400
LATENCY 2989000
TIMELINE 1 1633 241752060692900 2989000
LATENCY 2944300
TIMELINE 1 1649 241752107978500 2944300
LATENCY 2594700
TIMELINE 1 1665 241752151897400 2594700
LATENCY 2689400
TIMELINE 1 1681 241752201161100 2689400
LATENCY 3005700
TIMELINE 1 1697 241752244911600 3005700
LATENCY 2947700
TIMELINE 1 1713 241752296348800 2947700
LATENCY 2906100
TIMELINE 1 1729 241752345653400 2906100
LATENCY 2883800
TIMELINE 1 1745 241752391792600 2883800
LATENCY 2994700
TIMELINE 1 1761 241752438911300 2994700
LATENCY 2797900
TIMELINE 1 1777 241752486512000 2797900
LATENCY 2799300
TIMELINE 1 1793 241752531742500 2799300
LATENCY 2712500
TIMELINE 1 1809 241752580142900 2712500
LATENCY 2683400
TIMELINE 1 1825 241752628083900 2683400
LATENCY 2684600
TIMELINE 1 1841 241752671828900 2684600
LATENCY 2944500
TIMELINE 1 1857 241752717154300 2944500
LATENCY 2953400
TIMELINE 1 1873 241752765486200 2953400
LATENCY 2987400
TIMELINE 1 1889 241752811062700 2987400
LATENCY 3019100
TIMELINE 1 1905 241752858832000 3019100
LATENCY 3322600
TIMELINE 1 1921 241752912242000 3322600
LATENCY 3167000
TIMELINE 1 1937 241752969984600 3167000
LATENCY 3467100
TIMELINE 1 1953 241753022582200 3467100
LATENCY 2806300
TIMELINE 1 1969 241753073045200 2806300
LATENCY 2760600
TIMELINE 1 1985 241753116360400 2760600
LATENCY 2744600
TIMELINE 1 2001 241753161001300 2744600
LATENCY 2924000
TIMELINE 1 2017 241753204764400 2924000
LATENCY 3021600
TIMELINE 1 2033 241753249758200 3021600
LATENCY 2580400
TIMELINE 2 2 241748155168200 2580400
LATENCY 2339400
TIMELINE 2 18 241748199549000 2339400
LATENCY 2372800
TIMELINE 2 34 241748236331400 2372800
LATENCY 2321600
TIMELINE 2 50 241748273127700 2321600
LATENCY 2455900
TIMELINE 2 66 241748309923700 2455900
LATENCY 2349900
TIMELINE 2 82 241748348097500 2349900
LATENCY 2362500
TIMELINE 2 98 241748385659100 2362500
LATENCY 2225100
TIMELINE 2 114 241748429670300 2225100
LATENCY 2131300
TIMELINE 2 130 241748465112500 2131300
LATENCY 2379600
TIMELINE 2 146 241748500704000 2379600
LATENCY 2135500
TIMELINE 2 162 241748537819600 2135500
LATENCY 2126400
TIMELINE 2 178 241748572783000 2126400
LATENCY 2418900
TIMELINE 2 194 241748609259100 2418900
LATENCY 2092200
TIMELINE 2 210 241748644241200 2092200
LATENCY 2287700
TIMELINE 2 226 241748678644800 2287700
LATENCY 2129600
TIMELINE 2 242 241748719501600 2129600
LATENCY 2188100
TIMELINE 2 258 241748754167600 2188100
LATENCY 2157300
TIMELINE 2 274 241748789180700 2157300
LATENCY 2169700
TIMELINE 2 290 241748823829300 2169700
LATENCY 2132400
TIMELINE 2 306 241748858351700 2132400
LATENCY 2056200
TIMELINE 2 322 241748892010200 2056200
LATENCY 2137500
TIMELINE 2 338 241748925981100 2137500
LATENCY 2153900
TIMELINE 2 354 241748959613000 2153900
LATENCY 2005100
TIMELINE 2 370 241749000567700 2005100
LATENCY 2320400
TIMELINE 2 386 241749036436200 2320400
LATENCY 2149600
TIMELINE 2 402 241749071381000 2149600
LATENCY 2106400
TIMELINE 2 418 241749106731100 2106400
LATENCY 2138900
TIMELINE 2 434 241749141138000 2138900
LATENCY 2154800
TIMELINE 2 450 241749175629000 2154800
LATENCY 2103200
TIMELINE 2 466 241749211551100 2103200
LATENCY 2138700
TIMELINE 2 482 241749245527500 2138700
LATENCY 2185100
TIMELINE 2 498 241749286428700 2185100
LATENCY 2098500
TIMELINE 2 514 241749320374000 2098500
LATENCY 2125300
TIMELINE 2 530 241749354110700 2125300
LATENCY 2122600
TIMELINE 2 546 241749388103400 2122600
LATENCY 2210800
TIMELINE 2 562 241749422835600 2210800
LATENCY 2233000
TIMELINE 2 578 241749458658400 2233000
LATENCY 2124900
TIMELINE 2 594 241749493433100 2124900
LATENCY 2129800
TIMELINE 2 610 241749528270100 2129800
LATENCY 2227800
TIMELINE 2 626 241749569913500 2227800
LATENCY 2103100
TIMELINE 2 642 241749606163900 2103100
LATENCY 2047200
TIMELINE 2 658 241749639853100 2047200
LATENCY 2082300
TIMELINE 2 674 241749673569300 2082300
LATENCY 2114400
TIMELINE 2 690 241749707196200 2114400
LATENCY 2109700
TIMELINE 2 706 241749741072200 2109700
LATENCY 2151200
TIMELINE 2 722 241749775300500 2151200
LATENCY 2038300
TIMELINE 2 738 241749809379000 2038300
LATENCY 2149300
TIMELINE 2 754 241749852159900 2149300
LATENCY 2198800
TIMELINE 2 770 241749886182800 2198800
LATENCY 2148000
TIMELINE 2 786 241749922079000 2148000
LATENCY 2187700
TIMELINE 2 802 241749957293800 2187700
LATENCY 2123700
TIMELINE 2 818 241749992180800 2123700
LATENCY 2067000
TIMELINE 2 834 241750026116700 2067000
LATENCY 1970100
TIMELINE 2 850 241750059879800 1970100
LATENCY 2177400
TIMELINE 2 866 241750119339500 2177400
LATENCY 2142600
TIMELINE 2 882 241750154047600 2142600
LATENCY 2170100
TIMELINE 2 898 241750189394300 2170100
LATENCY 2140000
TIMELINE 2 914 241750224506900 2140000
LATENCY 2206200
TIMELINE 2 930 241750260667600 2206200
LATENCY 2126300
TIMELINE 2 946 241750296216400 2126300
LATENCY 2112400
TIMELINE 2 962 241750330596800 2112400
LATENCY 2107200
TIMELINE 2 978 241750364282500 2107200
LATENCY 2112100
TIMELINE 2 994 241750406772500 2112100
LATENCY 2134800
TIMELINE 2 1010 241750440603000 2134800
LATENCY 2114200
TIMELINE 2 1026 241750474360000 2114200
LATENCY 2056700
TIMELINE 2 1042 241750508145300 2056700
LATENCY 2366400
TIMELINE 2 1058 241750542229800 2366400
LATENCY 2160900
TIMELINE 2 1074 241750577010200 2160900
LATENCY 2128500
TIMELINE 2 1090 241750611188300 2128500
LATENCY 2101200
TIMELINE 2 1106 241750650139400 2101200
LATENCY 2136000
TIMELINE 2 1122 241750684978700 2136000
LATENCY 2107400
TIMELINE 2 1138 241750718853800 2107400
LATENCY 2142600
TIMELINE 2 1154 241750753456800 2142600
LATENCY 2079200
TIMELINE 2 1170 241750787156900 2079200
LATENCY 2105200
TIMELINE 2 1186 241750821035500 2105200
LATENCY 2272300
TIMELINE 2 1202 241750856065800 2272300
LATENCY 2333200
TIMELINE 2 1218 241750891589100 2333200
LATENCY 2163800
TIMELINE 2 1234 241750932079000 2163800
LATENCY 2241600
TIMELINE 2 1250 241750968327500 2241600
LATENCY 2221500
TIMELINE 2 1266 241751003879300 2221500
LATENCY 2363800
TIMELINE 2 1282 241751040284000 2363800
LATENCY 2276600
TIMELINE 2 1298 241751075822700 2276600
LATENCY 2755500
TIMELINE 2 1314 241751112753600 2755500
LATENCY 2964900
TIMELINE 2 1330 241751159330400 2964900
LATENCY 3038700
TIMELINE 2 1346 241751212516000 3038700
LATENCY 3158900
TIMELINE 2 1362 241751260544200 3158900
LATENCY 2853600
TIMELINE 2 1378 241751306335600 2853600
LATENCY 2623100
TIMELINE 2 1394 241751349880300 2623100
LATENCY 2999200
TIMELINE 2 1410 241751396947100 2999200
LATENCY 2907100
TIMELINE 2 1426 241751444149800 2907100
LATENCY 2564600
TIMELINE 2 1442 241751489548000 2564600
LATENCY 2737200
TIMELINE 2 1458 241751535247100 2737200
LATENCY 2942300
TIMELINE 2 1474 241751587136400 2942300
LATENCY 2776400
TIMELINE 2 1490 241751633168300 2776400
LATENCY 2888300
TIMELINE 2 1506 241751676856400 2888300
LATENCY 2732800
TIMELINE 2 1522 241751720945200 2732800
LATENCY 2907800
TIMELINE 2 1538 241751767246100 2907800
LATENCY 3013800
TIMELINE 2 1554 241751811686100 3013800
LATENCY 2893200
TIMELINE 2 1570 241751860106100 2893200
LATENCY 3058700
TIMELINE 2 1586 241751920298200 3058700
LATENCY 3022300
TIMELINE 2 1602 241751967514800 3022300
LATENCY 2965800
TIMELINE 2 1618 241752013893700 2965800
LATENCY 3066100
TIMELINE 2 1634 241752063594900 3066100
LATENCY 3147400
TIMELINE 2 1650 241752110840100 3147400
LATENCY 2750600
TIMELINE 2 1666 241752154068500 2750600
LATENCY 2718100
TIMELINE 2 1682 241752203445900 2718100
LATENCY 7555400
TIMELINE 2 1698 241752247387100 7555400
LATENCY 2938300
TIMELINE 2 1714 241752298742700 2938300
LATENCY 2949200
TIMELINE 2 1730 241752348039100 2949200
LATENCY 3091800
TIMELINE 2 1746 241752394136800 3091800
LATENCY 3051500
TIMELINE 2 1762 241752441402100 3051500
LATENCY 2941000
TIMELINE 2 1778 241752488852100 2941000
LATENCY 2988400
TIMELINE 2 1794 241752534082500 2988400
LATENCY 2778400
TIMELINE 2 1810 241752582407600 2778400
LATENCY 2741800
TIMELINE 2 1826 241752630316200 2741800
LATENCY 2724400
TIMELINE 2 1842 241752674074900 2724400
LATENCY 2961200
TIMELINE 2 1858 241752720269100 2961200
LATENCY 2926500
TIMELINE 2 1874 241752768561200 2926500
LATENCY 2711500
TIMELINE 2 1890 241752814167500 2711500
LATENCY 3015900
TIMELINE 2 1906 241752861976700 3015900
LATENCY 3323600
TIMELINE 2 1922 241752915749800 3323600
LATENCY 3362000
TIMELINE 2 1938 241752973343000 3362000
LATENCY 3268400
TIMELINE 2 1954 241753026242000 3268400
LATENCY 2770900
TIMELINE 2 1970 241753076013300 2770900
LATENCY 3157200
TIMELINE 2 1986 241753119263800 3157200
LATENCY 2694100
TIMELINE 2 2002 241753163862600 2694100
LATENCY 2862800
TIMELINE 2 2018 241753207807400 2862800
LATENCY 2739900
TIMELINE 2 2034 241753252908200 2739900
LATENCY 2459500
TIMELINE 3 3 241748157821700 2459500
LATENCY 2350300
TIMELINE 3 19 241748201855600 2350300
LATENCY 2263900
TIMELINE 3 35 241748238673000 2263900
LATENCY 2278300
TIMELINE 3 51 241748275203000 2278300
LATENCY 2333300
TIMELINE 3 67 241748312124300 2333300
LATENCY 2308300
TIMELINE 3 83 241748350252500 2308300
LATENCY 2295700
TIMELINE 3 99 241748387832000 2295700
LATENCY 2148500
TIMELINE 3 115 241748431932900 2148500
LATENCY 2166100
TIMELINE 3 131 241748467278300 2166100
LATENCY 2201200
TIMELINE 3 147 241748503050700 2201200
LATENCY 2603400
TIMELINE 3 163 241748540045200 2603400
LATENCY 2143500
TIMELINE 3 179 241748575021400 2143500
LATENCY 2202500
TIMELINE 3 195 241748611774000 2202500
LATENCY 2106800
TIMELINE 3 211 241748646445500 2106800
LATENCY 2203700
TIMELINE 3 227 241748680968300 2203700
LATENCY 2167300
TIMELINE 3 243 241748721703800 2167300
LATENCY 2507900
TIMELINE 3 259 241748756419500 2507900
LATENCY 2154200
TIMELINE 3 275 241748791405900 2154200
LATENCY 2140200
TIMELINE 3 291 241748825971800 2140200
LATENCY 2152100
TIMELINE 3 307 241748860457800 2152100
LATENCY 2118200
TIMELINE 3 323 241748894037800 2118200
LATENCY 2139300
TIMELINE 3 339 241748928034400 2139300
LATENCY 2105400
TIMELINE 3 355 241748961737300 2105400
LATENCY 2483200
TIMELINE 3 371 241749002620700 2483200
LATENCY 2315800
TIMELINE 3 387 241749038466800 2315800
LATENCY 2140500
TIMELINE 3 403 241749073282400 2140500
LATENCY 2097300
TIMELINE 3 419 241749108644900 2097300
LATENCY 2150800
TIMELINE 3 435 241749143015500 2150800
LATENCY 2307400
TIMELINE 3 451 241749177492700 2307400
LATENCY 2104500
TIMELINE 3 467 241749213285100 2104500
LATENCY 2101500
TIMELINE 3 483 241749247319700 2101500
LATENCY 2139200
TIMELINE 3 499 241749288230300 2139200
LATENCY 2116100
TIMELINE 3 515 241749322143100 2116100
LATENCY 2060300
TIMELINE 3 531 241749355906600 2060300
LATENCY 2121300
TIMELINE 3 547 241749389864300 2121300
LATENCY 2160400
TIMELINE 3 563 241749424615200 2160400
LATENCY 2240900
TIMELINE 3 579 241749460405900 2240900
LATENCY 2173900
TIMELINE 3 595 241749495148900 2173900
LATENCY 2103400
TIMELINE 3 611 241749529875700 2103400
LATENCY 2332900
TIMELINE 3 627 241749571719600 2332900
LATENCY 2115100
TIMELINE 3 643 241749607897500 2115100
LATENCY 2150200
TIMELINE 3 659 241749641568800 2150200
LATENCY 2113100
TIMELINE 3 675 241749675362700 2113100
LATENCY 2079200
TIMELINE 3 691 241749709039000 2079200
LATENCY 2271600
TIMELINE 3 707 241749742889700 2271600
LATENCY 2120200
TIMELINE 3 723 241749777159200 2120200
LATENCY 2008900
TIMELINE 3 739 241749811147900 2008900
LATENCY 2164400
TIMELINE 3 755 241749854253000 2164400
LATENCY 2114000
TIMELINE 3 771 241749888248200 2114000
LATENCY 2174700
TIMELINE 3 787 241749923954900 2174700
LATENCY 2166700
TIMELINE 3 803 241749959142300 2166700
LATENCY 2120700
TIMELINE 3 819 241749993990200 2120700
LATENCY 2262100
TIMELINE 3 835 241750027882500 2262100
LATENCY 14266200
TIMELINE 3 851 241750061576600 14266200
LATENCY 2193100
TIMELINE 3 867 241750120488600 2193100
LATENCY 2153600
TIMELINE 3 883 241750155164100 2153600
LATENCY 2142600
TIMELINE 3 899 241750190385100 2142600
LATENCY 2144000
TIMELINE 3 915 241750225780500 2144000
LATENCY 2178300
TIMELINE 3 931 241750261977500 2178300
LATENCY 2192000
TIMELINE 3 947 241750297628700 2192000
LATENCY 2109900
TIMELINE 3 963 241750332061000 2109900
LATENCY 2110600
TIMELINE 3 979 241750365734000 2110600
LATENCY 2109400
TIMELINE 3 995 241750408207100 2109400
LATENCY 2141900
TIMELINE 3 1011 241750442029400 2141900
LATENCY 2146500
TIMELINE 3 1027 241750475843600 2146500
LATENCY 2094100
TIMELINE 3 1043 241750509562200 2094100
LATENCY 2315100
TIMELINE 3 1059 241750543529600 2315100
LATENCY 2123000
TIMELINE 3 1075 241750578253600 2123000
LATENCY 2146500
TIMELINE 3 1091 241750612392400 2146500
LATENCY 2128900
TIMELINE 3 1107 241750651290500 2128900
LATENCY 2109800
TIMELINE 3 1123 241750686103200 2109800
LATENCY 2121400
TIMELINE 3 1139 241750719969100 2121400
LATENCY 2197300
TIMELINE 3 1155 241750754492900 2197300
LATENCY 2082200
TIMELINE 3 1171 241750788162300 2082200
LATENCY 2108800
TIMELINE 3 1187 241750822062900 2108800
LATENCY 2222700
TIMELINE 3 1203 241750857220100 2222700
LATENCY 2246100
TIMELINE 3 1219 241750893030500 2246100
LATENCY 2189700
TIMELINE 3 1235 241750933603600 2189700
LATENCY 2172800
TIMELINE 3 1251 241750969836900 2172800
LATENCY 2278600
TIMELINE 3 1267 241751005338000 2278600
LATENCY 2187600
TIMELINE 3 1283 241751041846400 2187600
LATENCY 2231200
TIMELINE 3 1299 241751077440200 2231200
LATENCY 2756400
TIMELINE 3 1315 241751114789300 2756400
LATENCY 3009600
TIMELINE 3 1331 241751161523300 3009600
LATENCY 3034300
TIMELINE 3 1347 241751214759600 3034300
LATENCY 3002500
TIMELINE 3 1363 241751262935300 3002500
LATENCY 2891200
TIMELINE 3 1379 241751308371300 2891200
LATENCY 2565000
TIMELINE 3 1395 241751351780300 2565000
LATENCY 3003200
TIMELINE 3 1411 241751399130300 3003200
LATENCY 2911100
TIMELINE 3 1427 241751446317900 2911100
LATENCY 2621700
TIMELINE 3 1443 241751491413000 2621700
LATENCY 7734900
TIMELINE 3 1459 241751537208800 7734900
LATENCY 3024600
TIMELINE 3 1475 241751589288100 3024600
LATENCY 2705500
TIMELINE 3 1491 241751635186800 2705500
LATENCY 2692700
TIMELINE 3 1507 241751678965400 2692700
LATENCY 2749400
TIMELINE 3 1523 241751722887600 2749400
LATENCY 2916600
TIMELINE 3 1539 241751769372000 2916600
LATENCY 2739000
TIMELINE 3 1555 241751813904000 2739000
LATENCY 2907800
TIMELINE 3 1571 241751862224000 2907800
LATENCY 2945100
TIMELINE 3 1587 241751922552800 2945100
LATENCY 3018400
TIMELINE 3 1603 241751969663400 3018400
LATENCY 5119800
TIMELINE 3 1619 241752016249600 5119800
LATENCY 2976500
TIMELINE 3 1635 241752065470000 2976500
LATENCY 2761600
TIMELINE 3 1651 241752112933500 2761600
LATENCY 3013500
TIMELINE 3 1667 241752156289200 3013500
LATENCY 2662600
TIMELINE 3 1683 241752205666400 2662600
LATENCY 2975100
TIMELINE 3 1699 241752254405800 2975100
LATENCY 2916500
TIMELINE 3 1715 241752301142300 2916500
LATENCY 2939100
TIMELINE 3 1731 241752350461100 2939100
LATENCY 2946100
TIMELINE 3 1747 241752396637800 2946100
LATENCY 3007400
TIMELINE 3 1763 241752443866700 3007400
LATENCY 2880000
TIMELINE 3 1779 241752491218700 2880000
LATENCY 6286200
TIMELINE 3 1795 241752536574300 6286200
LATENCY 2776300
TIMELINE 3 1811 241752584643200 2776300
LATENCY 2710200
TIMELINE 3 1827 241752632520800 2710200
LATENCY 2728700
TIMELINE 3 1843 241752676257600 2728700
LATENCY 2924900
TIMELINE 3 1859 241752722379200 2924900
LATENCY 2946400
TIMELINE 3 1875 241752770632000 2946400
LATENCY 2663800
TIMELINE 3 1891 241752816102800 2663800
LATENCY 3022000
TIMELINE 3 1907 241752864102200 3022000
LATENCY 3323000
TIMELINE 3 1923 241752918081800 3323000
LATENCY 3350500
TIMELINE 3 1939 241752975685800 3350500
LATENCY 3181000
TIMELINE 3 1955 241753028584600 3181000
LATENCY 2788100
TIMELINE 3 1971 241753077948400 2788100
LATENCY 2959700
TIMELINE 3 1987 241753121506600 2959700
LATENCY 2770700
TIMELINE 3 2003 241753165779200 2770700
LATENCY 2842100
TIMELINE 3 2019 241753209844800 2842100
LATENCY 2784300
TIMELINE 3 2035 241753254856100 2784300
LATENCY 2451300
TIMELINE 4 4 241748160185600 2451300
LATENCY 2303700
TIMELINE 4 20 241748204138100 2303700
LATENCY 2245200
TIMELINE 4 36 241748240793500 2245200
LATENCY 2308200
TIMELINE 4 52 241748277383700 2308200
LATENCY 2182900
TIMELINE 4 68 241748314381600 2182900
LATENCY 2269500
TIMELINE 4 84 241748352530100 2269500
LATENCY 2357600
TIMELINE 4 100 241748390095100 2357600
LATENCY 2227700
TIMELINE 4 116 241748433846700 2227700
LATENCY 2150900
TIMELINE 4 132 241748469223000 2150900
LATENCY 2172500
TIMELINE 4 148 241748505141900 2172500
LATENCY 2132100
TIMELINE 4 164 241748542483500 2132100
LATENCY 2219000
TIMELINE 4 180 241748577025100 2219000
LATENCY 2184100
TIMELINE 4 196 241748613733000 2184100
LATENCY 2110400
TIMELINE 4 212 241748648346700 2110400
LATENCY 2097800
TIMELINE 4 228 241748682979100 2097800
LATENCY 2112300
TIMELINE 4 244 241748723656400 2112300
LATENCY 2303200
TIMELINE 4 260 241748758761800 2303200
LATENCY 2264400
TIMELINE 4 276 241748793441300 2264400
LATENCY 2153200
TIMELINE 4 292 241748828027300 2153200
LATENCY 2155600
TIMELINE 4 308 241748862512400 2155600
LATENCY 2113500
TIMELINE 4 324 241748896070500 2113500
LATENCY 2091600
TIMELINE 4 340 241748930205100 2091600
LATENCY 2086900
TIMELINE 4 356 241748963926700 2086900
LATENCY 2371900
TIMELINE 4 372 241749004603900 2371900
LATENCY 2305800
TIMELINE 4 388 241749040559100 2305800
LATENCY 2075200
TIMELINE 4 404 241749075196200 2075200
LATENCY 2136500
TIMELINE 4 420 241749110459900 2136500
LATENCY 2112900
TIMELINE 4 436 241749144942700 2112900
LATENCY 2342600
TIMELINE 4 452 241749179626300 2342600
LATENCY 2118300
TIMELINE 4 468 241749215275300 2118300
LATENCY 2120300
TIMELINE 4 484 241749249280100 2120300
LATENCY 2115400
TIMELINE 4 500 241749290233400 2115400
LATENCY 2139300
TIMELINE 4 516 241749324058800 2139300
LATENCY 2089300
TIMELINE 4 532 241749357774400 2089300
LATENCY 2128600
TIMELINE 4 548 241749391822100 2128600
LATENCY 2179300
TIMELINE 4 564 241749426508400 2179300
LATENCY 2223300
TIMELINE 4 580 241749462321700 2223300
LATENCY 2119900
TIMELINE 4 596 241749496906400 2119900
LATENCY 2089500
TIMELINE 4 612 241749531702500 2089500
LATENCY 2185500
TIMELINE 4 628 241749573835000 2185500
LATENCY 2080500
TIMELINE 4 644 241749609789600 2080500
LATENCY 2099400
TIMELINE 4 660 241749643447400 2099400
LATENCY 2071000
TIMELINE 4 676 241749677198600 2071000
LATENCY 2081200
TIMELINE 4 692 241749710843000 2081200
LATENCY 2252600
TIMELINE 4 708 241749744825500 2252600
LATENCY 2140900
TIMELINE 4 724 241749779073500 2140900
LATENCY 2477300
TIMELINE 4 740 241749812965000 2477300
LATENCY 2109200
TIMELINE 4 756 241749856020400 2109200
LATENCY 2201600
TIMELINE 4 772 241749890012400 2201600
LATENCY 2167300
TIMELINE 4 788 241749925875700 2167300
LATENCY 2154200
TIMELINE 4 804 241749961075200 2154200
LATENCY 2183800
TIMELINE 4 820 241749995944800 2183800
LATENCY 2116900
TIMELINE 4 836 241750029949500 2116900
LATENCY 2940700
TIMELINE 4 852 241750080491900 2940700
LATENCY 2299300
TIMELINE 4 868 241750124769100 2299300
LATENCY 2094600
TIMELINE 4 884 241750159104600 2094600
LATENCY 2133200
TIMELINE 4 900 241750194363200 2133200
LATENCY 2183700
TIMELINE 4 916 241750229318600 2183700
LATENCY 2422300
TIMELINE 4 932 241750265376200 2422300
LATENCY 2163900
TIMELINE 4 948 241750301178700 2163900
LATENCY 2065000
TIMELINE 4 964 241750335379500 2065000
LATENCY 9796700
TIMELINE 4 980 241750369086100 9796700
LATENCY 2132000
TIMELINE 4 996 241750411623800 2132000
LATENCY 2094300
TIMELINE 4 1012 241750445482500 2094300
LATENCY 2089000
TIMELINE 4 1028 241750479248200 2089000
LATENCY 2113600
TIMELINE 4 1044 241750512955900 2113600
LATENCY 2211800
TIMELINE 4 1060 241750547284200 2211800
LATENCY 2246500
TIMELINE 4 1076 241750581883600 2246500
LATENCY 2071500
TIMELINE 4 1092 241750615900100 2071500
LATENCY 2086400
TIMELINE 4 1108 241750654791500 2086400
LATENCY 2132300
TIMELINE 4 1124 241750689719100 2132300
LATENCY 2180200
TIMELINE 4 1140 241750723626900 2180200
LATENCY 2089400
TIMELINE 4 1156 241750758443000 2089400
LATENCY 2111800
TIMELINE 4 1172 241750791980000 2111800
LATENCY 2098800
TIMELINE 4 1188 241750825880000 2098800
LATENCY 2228100
TIMELINE 4 1204 241750861339100 2228100
LATENCY 2384200
TIMELINE 4 1220 241750901986400 2384200
LATENCY 2379900
TIMELINE 4 1236 241750937163600 2379900
LATENCY 2165500
TIMELINE 4 1252 241750973591200 2165500
LATENCY 3608600
TIMELINE 4 1268 241751009267300 3608600
LATENCY 2149300
TIMELINE 4 1284 241751045659800 2149300
LATENCY 2206000
TIMELINE 4 1300 241751080936500 2206000
LATENCY 2884700
TIMELINE 4 1316 241751119035700 2884700
LATENCY 3056700
TIMELINE 4 1332 241751166249700 3056700
LATENCY 2983000
TIMELINE 4 1348 241751219521600 2983000
LATENCY 2778400
TIMELINE 4 1364 241751267787400 2778400
LATENCY 2863800
TIMELINE 4 1380 241751313164100 2863800
LATENCY 2689100
TIMELINE 4 1396 241751356127000 2689100
LATENCY 2929700
TIMELINE 4 1412 241751404048900 2929700
LATENCY 2938600
TIMELINE 4 1428 241751451131800 2938600
LATENCY 2790300
TIMELINE 4 1444 241751495727000 2790300
LATENCY 3061000
TIMELINE 4 1460 241751546925300 3061000
LATENCY 2920700
TIMELINE 4 1476 241751594354200 2920700
LATENCY 2686600
TIMELINE 4 1492 241751640185900 2686600
LATENCY 2697500
TIMELINE 4 1508 241751683842300 2697500
LATENCY 2810400
TIMELINE 4 1524 241751727922700 2810400
LATENCY 2826400
TIMELINE 4 1540 241751774673500 2826400
LATENCY 4944100
TIMELINE 4 1556 241751819500000 4944100
LATENCY 2894700
TIMELINE 4 1572 241751867505700 2894700
LATENCY 2948600
TIMELINE 4 1588 241751927892400 2948600
LATENCY 2950000
TIMELINE 4 1604 241751975047200 2950000
LATENCY 2784400
TIMELINE 4 1620 241752022010800 2784400
LATENCY 2977400
TIMELINE 4 1636 241752069099100 2977400
LATENCY 2699500
TIMELINE 4 1652 241752116243600 2699500
LATENCY 2906300
TIMELINE 4 1668 241752160041900 2906300
LATENCY 2705800
TIMELINE 4 1684 241752209038000 2705800
LATENCY 2881800
TIMELINE 4 1700 241752258124300 2881800
LATENCY 2923500
TIMELINE 4 1716 241752304795400 2923500
LATENCY 2867800
TIMELINE 4 1732 241752354126100 2867800
LATENCY 3017000
TIMELINE 4 1748 241752400334500 3017000
LATENCY 3007200
TIMELINE 4 1764 241752447626800 3007200
LATENCY 2822800
TIMELINE 4 1780 241752494785700 2822800
LATENCY 2738700
TIMELINE 4 1796 241752544312400 2738700
LATENCY 2699100
TIMELINE 4 1812 241752588102300 2699100
LATENCY 2702900
TIMELINE 4 1828 241752635909100 2702900
LATENCY 2668400
TIMELINE 4 1844 241752679724800 2668400
LATENCY 3050100
TIMELINE 4 1860 241752726682000 3050100
LATENCY 2962800
TIMELINE 4 1876 241752774905600 2962800
LATENCY 3109100
TIMELINE 4 1892 241752819994800 3109100
LATENCY 3623800
TIMELINE 4 1908 241752868440400 3623800
LATENCY 3353000
TIMELINE 4 1924 241752922805100 3353000
LATENCY 3296500
TIMELINE 4 1940 241752980429900 3296500
LATENCY 3226400
TIMELINE 4 1956 241753033222700 3226400
LATENCY 2666400
TIMELINE 4 1972 241753081966800 2666400
LATENCY 2638000
TIMELINE 4 1988 241753125766900 2638000
LATENCY 2723600
TIMELINE 4 2004 241753169859100 2723600
LATENCY 2782600
TIMELINE 4 2020 241753214014700 2782600
LATENCY 3039600
TIMELINE 4 2036 241753259163400 3039600
LATENCY 2445500
TIMELINE 5 5 241748162706700 2445500
LATENCY 2258400
TIMELINE 5 21 241748206609300 2258400
LATENCY 2244200
TIMELINE 5 37 241748243360500 2244200
LATENCY 2388400
TIMELINE 5 53 241748280052500 2388400
LATENCY 2515800
TIMELINE 5 69 241748316914200 2515800
LATENCY 2300700
TIMELINE 5 85 241748355146100 2300700
LATENCY 2335600
TIMELINE 5 101 241748392827600 2335600
LATENCY 2156400
TIMELINE 5 117 241748436463500 2156400
LATENCY 2164800
TIMELINE 5 133 241748471746800 2164800
LATENCY 2184500
TIMELINE 5 149 241748507839000 2184500
LATENCY 2134500
TIMELINE 5 165 241748545137000 2134500
LATENCY 2290200
TIMELINE 5 181 241748579730100 2290200
LATENCY 2136800
TIMELINE 5 197 241748616276800 2136800
LATENCY 2089600
TIMELINE 5 213 241748650784400 2089600
LATENCY 2371400
TIMELINE 5 229 241748685452100 2371400
LATENCY 2100200
TIMELINE 5 245 241748726175800 2100200
LATENCY 2212200
TIMELINE 5 261 241748761404300 2212200
LATENCY 2126700
TIMELINE 5 277 241748796068200 2126700
LATENCY 2156400
TIMELINE 5 293 241748830615200 2156400
LATENCY 2112800
TIMELINE 5 309 241748865067900 2112800
LATENCY 2032900
TIMELINE 5 325 241748898621400 2032900
LATENCY 2139100
TIMELINE 5 341 241748932640100 2139100
LATENCY 2113300
TIMELINE 5 357 241748966356900 2113300
LATENCY 2210500
TIMELINE 5 373 241749007732300 2210500
LATENCY 2197300
TIMELINE 5 389 241749043606800 2197300
LATENCY 2193300
TIMELINE 5 405 241749077980300 2193300
LATENCY 2075400
TIMELINE 5 421 241749113350300 2075400
LATENCY 2205100
TIMELINE 5 437 241749147925000 2205100
LATENCY 2124000
TIMELINE 5 453 241749182741100 2124000
LATENCY 2131600
TIMELINE 5 469 241749218236200 2131600
LATENCY 2118800
TIMELINE 5 485 241749252227000 2118800
LATENCY 2104800
TIMELINE 5 501 241749293173500 2104800
LATENCY 2119500
TIMELINE 5 517 241749327096300 2119500
LATENCY 2133200
TIMELINE 5 533 241749360781200 2133200
LATENCY 2125600
TIMELINE 5 549 241749394850700 2125600
LATENCY 2288900
TIMELINE 5 565 241749429716400 2288900
LATENCY 2162600
TIMELINE 5 581 241749465602700 2162600
LATENCY 2098000
TIMELINE 5 597 241749500107500 2098000
LATENCY 2122900
TIMELINE 5 613 241749534888800 2122900
LATENCY 2217300
TIMELINE 5 629 241749576985900 2217300
LATENCY 2082700
TIMELINE 5 645 241749612836700 2082700
LATENCY 2104600
TIMELINE 5 661 241749646601300 2104600
LATENCY 2128400
TIMELINE 5 677 241749680314500 2128400
LATENCY 2100800
TIMELINE 5 693 241749714154500 2100800
LATENCY 2113200
TIMELINE 5 709 241749748032800 2113200
LATENCY 2136300
TIMELINE 5 725 241749782151600 2136300
LATENCY 9400600
TIMELINE 5 741 241749816810500 9400600
LATENCY 2095900
TIMELINE 5 757 241749859126200 2095900
LATENCY 2123400
TIMELINE 5 773 241749893272500 2123400
LATENCY 2212900
TIMELINE 5 789 241749929085400 2212900
LATENCY 2305000
TIMELINE 5 805 241749964218300 2305000
LATENCY 2151200
TIMELINE 5 821 241749998861000 2151200
LATENCY 2071300
TIMELINE 5 837 241750032790700 2071300
LATENCY 2978200
TIMELINE 5 853 241750081305000 2978200
LATENCY 2206000
TIMELINE 5 869 241750125591700 2206000
LATENCY 2108400
TIMELINE 5 885 241750159827500 2108400
LATENCY 2117600
TIMELINE 5 901 241750195001300 2117600
LATENCY 2141000
TIMELINE 5 917 241750230203800 2141000
LATENCY 2478300
TIMELINE 5 933 241750266191900 2478300
LATENCY 2134300
TIMELINE 5 949 241750301795900 2134300
LATENCY 2064300
TIMELINE 5 965 241750335980300 2064300
LATENCY 9997200
TIMELINE 5 981 241750369682500 9997200
LATENCY 2112000
TIMELINE 5 997 241750412236800 2112000
LATENCY 2114300
TIMELINE 5 1013 241750446050900 2114300
LATENCY 2105100
TIMELINE 5 1029 241750479857000 2105100
LATENCY 2125300
TIMELINE 5 1045 241750513665900 2125300
LATENCY 2193400
TIMELINE 5 1061 241750548104600 2193400
LATENCY 2127100
TIMELINE 5 1077 241750582772100 2127100
LATENCY 2058500
TIMELINE 5 1093 241750616730100 2058500
LATENCY 2074500
TIMELINE 5 1109 241750655611600 2074500
LATENCY 2111000
TIMELINE 5 1125 241750690397600 2111000
LATENCY 2258700
TIMELINE 5 1141 241750724291900 2258700
LATENCY 2095800
TIMELINE 5 1157 241750758861200 2095800
LATENCY 2102900
TIMELINE 5 1173 241750792424900 2102900
LATENCY 2092200
TIMELINE 5 1189 241750826313200 2092200
LATENCY 2183700
TIMELINE 5 1205 241750861804200 2183700
LATENCY 2398700
TIMELINE 5 1221 241750902403500 2398700
LATENCY 2327500
TIMELINE 5 1237 241750937672400 2327500
LATENCY 2169100
TIMELINE 5 1253 241750973885500 2169100
LATENCY 3667200
TIMELINE 5 1269 241751009439800 3667200
LATENCY 2158400
TIMELINE 5 1285 241751045860800 2158400
LATENCY 2216900
TIMELINE 5 1301 241751081057100 2216900
LATENCY 2867400
TIMELINE 5 1317 241751119242600 2867400
LATENCY 3042300
TIMELINE 5 1333 241751166384300 3042300
LATENCY 2995900
TIMELINE 5 1349 241751219654900 2995900
LATENCY 2779000
TIMELINE 5 1365 241751267635400 2779000
LATENCY 2853000
TIMELINE 5 1381 241751313013800 2853000
LATENCY 2704700
TIMELINE 5 1397 241751355917400 2704700
LATENCY 2926600
TIMELINE 5 1413 241751403850700 2926600
LATENCY 2945000
TIMELINE 5 1429 241751450932800 2945000
LATENCY 2781300
TIMELINE 5 1445 241751495543000 2781300
LATENCY 3067600
TIMELINE 5 1461 241751546722000 3067600
LATENCY 2915900
TIMELINE 5 1477 241751594146600 2915900
LATENCY 2671000
TIMELINE 5 1493 241751640040500 2671000
LATENCY 2705500
TIMELINE 5 1509 241751683695400 2705500
LATENCY 2831700
TIMELINE 5 1525 241751727754300 2831700
LATENCY 2842800
TIMELINE 5 1541 241751774499100 2842800
LATENCY 4989100
TIMELINE 5 1557 241751819303600 4989100
LATENCY 2906400
TIMELINE 5 1573 241751867339400 2906400
LATENCY 2949600
TIMELINE 5 1589 241751927717800 2949600
LATENCY 2959000
TIMELINE 5 1605 241751974877200 2959000
LATENCY 2834700
TIMELINE 5 1621 241752020960700 2834700
LATENCY 2979100
TIMELINE 5 1637 241752068017800 2979100
LATENCY 2627800
TIMELINE 5 1653 241752115284600 2627800
LATENCY 2967400
TIMELINE 5 1669 241752158730900 2967400
LATENCY 2719500
TIMELINE 5 1685 241752207874700 2719500
LATENCY 2912800
TIMELINE 5 1701 241752256841100 2912800
LATENCY 2928500
TIMELINE 5 1717 241752303534600 2928500
LATENCY 2890900
TIMELINE 5 1733 241752352905800 2890900
LATENCY 3004000
TIMELINE 5 1749 241752399065700 3004000
LATENCY 3009000
TIMELINE 5 1765 241752446366900 3009000
LATENCY 2802400
TIMELINE 5 1781 241752493631700 2802400
LATENCY 4481600
TIMELINE 5 1797 241752541452000 4481600
LATENCY 2722600
TIMELINE 5 1813 241752586960000 2722600
LATENCY 2695300
TIMELINE 5 1829 241752634803600 2695300
LATENCY 2681200
TIMELINE 5 1845 241752678535500 2681200
LATENCY 3067100
TIMELINE 5 1861 241752724814400 3067100
LATENCY 2969500
TIMELINE 5 1877 241752773077300 2969500
LATENCY 2821000
TIMELINE 5 1893 241752818425100 2821000
LATENCY 3525800
TIMELINE 5 1909 241752866657200 3525800
LATENCY 3343400
TIMELINE 5 1925 241752920917100 3343400
LATENCY 3292100
TIMELINE 5 1941 241752978567000 3292100
LATENCY 3196900
TIMELINE 5 1957 241753031303600 3196900
LATENCY 2672000
TIMELINE 5 1973 241753080354100 2672000
LATENCY 2687000
TIMELINE 5 1989 241753124075900 2687000
LATENCY 2721200
TIMELINE 5 2005 241753168142900 2721200
LATENCY 2825000
TIMELINE 5 2021 241753212245400 2825000
LATENCY 2881000
TIMELINE 5 2037 241753257094400 2881000
LATENCY 4922400
TIMELINE 6 6 241748165257800 4922400
LATENCY 2343100
TIMELINE 6 22 241748209115100 2343100
LATENCY 2270200
TIMELINE 6 38 241748245800700 2270200
LATENCY 2271000
TIMELINE 6 54 241748282652200 2271000
LATENCY 2445500
TIMELINE 6 70 241748319685100 2445500
LATENCY 2401000
TIMELINE 6 86 241748357638100 2401000
LATENCY 2336000
TIMELINE 6 102 241748395360600 2336000
LATENCY 2197600
TIMELINE 6 118 241748438742800 2197600
LATENCY 2124100
TIMELINE 6 134 241748474028700 2124100
LATENCY 2204300
TIMELINE 6 150 241748509783600 2204300
LATENCY 2164000
TIMELINE 6 166 241748547081700 2164000
LATENCY 2186800
TIMELINE 6 182 241748581807200 2186800
LATENCY 2141500
TIMELINE 6 198 241748618356400 2141500
LATENCY 2102400
TIMELINE 6 214 241748652816100 2102400
LATENCY 2230400
TIMELINE 6 230 241748687696600 2230400
LATENCY 2099000
TIMELINE 6 246 241748728165800 2099000
LATENCY 2247500
TIMELINE 6 262 241748763536600 2247500
LATENCY 2163900
TIMELINE 6 278 241748798078100 2163900
LATENCY 2120500
TIMELINE 6 294 241748832501700 2120500
LATENCY 2216300
TIMELINE 6 310 241748866897900 2216300
LATENCY 2083700
TIMELINE 6 326 241748900379500 2083700
LATENCY 2131200
TIMELINE 6 342 241748934471200 2131200
LATENCY 2135400
TIMELINE 6 358 241748968240900 2135400
LATENCY 2276400
TIMELINE 6 374 241749009550300 2276400
LATENCY 2183300
TIMELINE 6 390 241749045429000 2183300
LATENCY 2125300
TIMELINE 6 406 241749079786500 2125300
LATENCY 2201800
TIMELINE 6 422 241749114987700 2201800
LATENCY 2140000
TIMELINE 6 438 241749149652800 2140000
LATENCY 2177200
TIMELINE 6 454 241749184497100 2177200
LATENCY 2088500
TIMELINE 6 470 241749220000900 2088500
LATENCY 2126000
TIMELINE 6 486 241749253969900 2126000
LATENCY 2103100
TIMELINE 6 502 241749294917600 2103100
LATENCY 2135900
TIMELINE 6 518 241749328802000 2135900
LATENCY 2136000
TIMELINE 6 534 241749362504000 2136000
LATENCY 2150300
TIMELINE 6 550 241749396580500 2150300
LATENCY 2189900
TIMELINE 6 566 241749431655700 2189900
LATENCY 2161100
TIMELINE 6 582 241749467377500 2161100
LATENCY 2159000
TIMELINE 6 598 241749501753100 2159000
LATENCY 2109000
TIMELINE 6 614 241749536551500 2109000
LATENCY 2189600
TIMELINE 6 630 241749578825600 2189600
LATENCY 2101800
TIMELINE 6 646 241749614555300 2101800
LATENCY 2103200
TIMELINE 6 662 241749648208000 2103200
LATENCY 2093500
TIMELINE 6 678 241749681965000 2093500
LATENCY 2068400
TIMELINE 6 694 241749715779200 2068400
LATENCY 2127800
TIMELINE 6 710 241749749630500 2127800
LATENCY 2111000
TIMELINE 6 726 241749783758200 2111000
LATENCY 2425600
TIMELINE 6 742 241749825464100 2425600
LATENCY 2125500
TIMELINE 6 758 241749860870400 2125500
LATENCY 2170100
TIMELINE 6 774 241749894999900 2170100
LATENCY 2164900
TIMELINE 6 790 241749930794300 2164900
LATENCY 2178500
TIMELINE 6 806 241749966016900 2178500
LATENCY 2202300
TIMELINE 6 822 241750000673700 2202300
LATENCY 2095800
TIMELINE 6 838 241750034552400 2095800
LATENCY 2272700
TIMELINE 6 854 241750085653400 2272700
LATENCY 2086500
TIMELINE 6 870 241750129124500 2086500
LATENCY 2126200
TIMELINE 6 886 241750163272200 2126200
LATENCY 2138900
TIMELINE 6 902 241750198605000 2138900
LATENCY 2260200
TIMELINE 6 918 241750233912500 2260200
LATENCY 2254900
TIMELINE 6 934 241750269859000 2254900
LATENCY 2157900
TIMELINE 6 950 241750305029500 2157900
LATENCY 2108500
TIMELINE 6 966 241750339116700 2108500
LATENCY 2257600
TIMELINE 6 982 241750380924500 2257600
LATENCY 2141000
TIMELINE 6 998 241750415416000 2141000
LATENCY 2055300
TIMELINE 6 1014 241750449206500 2055300
LATENCY 2096500
TIMELINE 6 1030 241750482988100 2096500
LATENCY 2113000
TIMELINE 6 1046 241750516733800 2113000
LATENCY 2313500
TIMELINE 6 1062 241750551263800 2313500
LATENCY 2117600
TIMELINE 6 1078 241750585871500 2117600
LATENCY 2163100
TIMELINE 6 1094 241750619776600 2163100
LATENCY 2330700
TIMELINE 6 1110 241750658854400 2330700
LATENCY 2117100
TIMELINE 6 1126 241750693646000 2117100
LATENCY 2164700
TIMELINE 6 1142 241750727761300 2164700
LATENCY 2117800
TIMELINE 6 1158 241750762136500 2117800
LATENCY 2110600
TIMELINE 6 1174 241750795683100 2110600
LATENCY 2078700
TIMELINE 6 1190 241750829573700 2078700
LATENCY 2169600
TIMELINE 6 1206 241750865387400 2169600
LATENCY 2186500
TIMELINE 6 1222 241750906223800 2186500
LATENCY 2118700
TIMELINE 6 1238 241750941456600 2118700
LATENCY 2315200
TIMELINE 6 1254 241750977668300 2315200
LATENCY 2246800
TIMELINE 6 1270 241751014859000 2246800
LATENCY 2187200
TIMELINE 6 1286 241751049605400 2187200
LATENCY 2252200
TIMELINE 6 1302 241751085013400 2252200
LATENCY 2775000
TIMELINE 6 1318 241751124236200 2775000
LATENCY 3041900
TIMELINE 6 1334 241751171727900 3041900
LATENCY 3030100
TIMELINE 6 1350 241751224928500 3030100
LATENCY 2865400
TIMELINE 6 1366 241751272551300 2865400
LATENCY 3355000
TIMELINE 6 1382 241751318052100 3355000
LATENCY 2971600
TIMELINE 6 1398 241751361388800 2971600
LATENCY 2909900
TIMELINE 6 1414 241751409152900 2909900
LATENCY 2964500
TIMELINE 6 1430 241751456326400 2964500
LATENCY 2695300
TIMELINE 6 1446 241751500756300 2695300
LATENCY 2797700
TIMELINE 6 1462 241751552029700 2797700
LATENCY 2959900
TIMELINE 6 1478 241751599420700 2959900
LATENCY 2669200
TIMELINE 6 1494 241751644633300 2669200
LATENCY 2723800
TIMELINE 6 1510 241751688287400 2723800
LATENCY 2807900
TIMELINE 6 1526 241751732505700 2807900
LATENCY 2745800
TIMELINE 6 1542 241751779248700 2745800
LATENCY 2680300
TIMELINE 6 1558 241751826177100 2680300
LATENCY 2896500
TIMELINE 6 1574 241751872249100 2896500
LATENCY 2920400
TIMELINE 6 1590 241751932621800 2920400
LATENCY 2924500
TIMELINE 6 1606 241751979778500 2924500
LATENCY 2630700
TIMELINE 6 1622 241752026165900 2630700
LATENCY 2903200
TIMELINE 6 1638 241752073664100 2903200
LATENCY 2764900
TIMELINE 6 1654 241752120311900 2764900
LATENCY 2938000
TIMELINE 6 1670 241752164348800 2938000
LATENCY 2673500
TIMELINE 6 1686 241752213044300 2673500
LATENCY 2927100
TIMELINE 6 1702 241752262423800 2927100
LATENCY 2933500
TIMELINE 6 1718 241752309137600 2933500
LATENCY 2914100
TIMELINE 6 1734 241752358397800 2914100
LATENCY 2744400
TIMELINE 6 1750 241752404780100 2744400
LATENCY 2995300
TIMELINE 6 1766 241752452073000 2995300
LATENCY 2790200
TIMELINE 6 1782 241752498945800 2790200
LATENCY 2710000
TIMELINE 6 1798 241752548418600 2710000
LATENCY 2708200
TIMELINE 6 1814 241752592202400 2708200
LATENCY 2731400
TIMELINE 6 1830 241752640031900 2731400
LATENCY 2769200
TIMELINE 6 1846 241752683766700 2769200
LATENCY 2926800
TIMELINE 6 1862 241752730714700 2926800
LATENCY 2941700
TIMELINE 6 1878 241752778842500 2941700
LATENCY 3031500
TIMELINE 6 1894 241752824131600 3031500
LATENCY 3461000
TIMELINE 6 1910 241752873293100 3461000
LATENCY 3614700
TIMELINE 6 1926 241752927389700 3614700
LATENCY 3250400
TIMELINE 6 1942 241752984850200 3250400
LATENCY 3161100
TIMELINE 6 1958 241753037360200 3161100
LATENCY 2640000
TIMELINE 6 1974 241753085375100 2640000
LATENCY 2635000
TIMELINE 6 1990 241753129098500 2635000
LATENCY 2726300
TIMELINE 6 2006 241753173299700 2726300
LATENCY 2737900
TIMELINE 6 2022 241753217534100 2737900
LATENCY 4149200
TIMELINE 6 2038 241753262561200 4149200
LATENCY 3364800
TIMELINE 7 7 241748170250700 3364800
LATENCY 2347400
TIMELINE 7 23 241748211166500 2347400
LATENCY 2342400
TIMELINE 7 39 241748247762300 2342400
LATENCY 2352300
TIMELINE 7 55 241748284513600 2352300
LATENCY 2326400
TIMELINE 7 71 241748321652900 2326400
LATENCY 2270800
TIMELINE 7 87 241748359700000 2270800
LATENCY 2334500
TIMELINE 7 103 241748397295200 2334500
LATENCY 2197800
TIMELINE 7 119 241748440629900 2197800
LATENCY 2160600
TIMELINE 7 135 241748475814500 2160600
LATENCY 2167800
TIMELINE 7 151 241748511958400 2167800
LATENCY 2211900
TIMELINE 7 167 241748549191500 2211900
LATENCY 2180000
TIMELINE 7 183 241748584028400 2180000
LATENCY 2199700
TIMELINE 7 199 241748620468200 2199700
LATENCY 2082400
TIMELINE 7 215 241748654891600 2082400
LATENCY 2069700
TIMELINE 7 231 241748689898600 2069700
LATENCY 2117100
TIMELINE 7 247 241748730239100 2117100
LATENCY 2113100
TIMELINE 7 263 241748765757700 2113100
LATENCY 2081700
TIMELINE 7 279 241748800211400 2081700
LATENCY 2119200
TIMELINE 7 295 241748834885300 2119200
LATENCY 2138000
TIMELINE 7 311 241748869367800 2138000
LATENCY 2068600
TIMELINE 7 327 241748902719800 2068600
LATENCY 2135800
TIMELINE 7 343 241748936884600 2135800
LATENCY 2045800
TIMELINE 7 359 241748970522500 2045800
LATENCY 2246800
TIMELINE 7 375 241749012117300 2246800
LATENCY 2153300
TIMELINE 7 391 241749047975800 2153300
LATENCY 2306800
TIMELINE 7 407 241749082256400 2306800
LATENCY 2249600
TIMELINE 7 423 241749117640300 2249600
LATENCY 2139700
TIMELINE 7 439 241749152252300 2139700
LATENCY 2544600
TIMELINE 7 455 241749187091900 2544600
LATENCY 2111500
TIMELINE 7 471 241749222517100 2111500
LATENCY 2066500
TIMELINE 7 487 241749256516100 2066500
LATENCY 2163800
TIMELINE 7 503 241749297457700 2163800
LATENCY 2066800
TIMELINE 7 519 241749331374500 2066800
LATENCY 2112100
TIMELINE 7 535 241749365070100 2112100
LATENCY 2122200
TIMELINE 7 551 241749399161500 2122200
LATENCY 2254300
TIMELINE 7 567 241749434299700 2254300
LATENCY 2109100
TIMELINE 7 583 241749470005700 2109100
LATENCY 2253900
TIMELINE 7 599 241749504500400 2253900
LATENCY 2269800
TIMELINE 7 615 241749539216100 2269800
LATENCY 2291200
TIMELINE 7 631 241749581560100 2291200
LATENCY 2102300
TIMELINE 7 647 241749617192900 2102300
LATENCY 2101600
TIMELINE 7 663 241749650869300 2101600
LATENCY 2083100
TIMELINE 7 679 241749684604100 2083100
LATENCY 2068700
TIMELINE 7 695 241749718400700 2068700
LATENCY 2084600
TIMELINE 7 711 241749752326700 2084600
LATENCY 2140700
TIMELINE 7 727 241749786457300 2140700
LATENCY 2180900
TIMELINE 7 743 241749828578800 2180900
LATENCY 2056400
TIMELINE 7 759 241749863513900 2056400
LATENCY 2211100
TIMELINE 7 775 241749897775400 2211100
LATENCY 2188000
TIMELINE 7 791 241749933646200 2188000
LATENCY 2233500
TIMELINE 7 807 241749968949400 2233500
LATENCY 2147200
TIMELINE 7 823 241750003541300 2147200
LATENCY 2087800
TIMELINE 7 839 241750037304000 2087800
LATENCY 2166200
TIMELINE 7 855 241750087034000 2166200
LATENCY 2099600
TIMELINE 7 871 241750130323000 2099600
LATENCY 2096700
TIMELINE 7 887 241750164454600 2096700
LATENCY 2175400
TIMELINE 7 903 241750199818900 2175400
LATENCY 2299800
TIMELINE 7 919 241750235108500 2299800
LATENCY 2183800
TIMELINE 7 935 241750271632100 2183800
LATENCY 2240500
TIMELINE 7 951 241750306858400 2240500
LATENCY 2098400
TIMELINE 7 967 241750340837000 2098400
LATENCY 2186600
TIMELINE 7 983 241750382896300 2186600
LATENCY 2136500
TIMELINE 7 999 241750417248700 2136500
LATENCY 2146800
TIMELINE 7 1015 241750451018100 2146800
LATENCY 2145800
TIMELINE 7 1031 241750484864500 2145800
LATENCY 2091000
TIMELINE 7 1047 241750518734700 2091000
LATENCY 2354700
TIMELINE 7 1063 241750553219400 2354700
LATENCY 2139800
TIMELINE 7 1079 241750587787600 2139800
LATENCY 2129400
TIMELINE 7 1095 241750621759200 2129400
LATENCY 2377400
TIMELINE 7 1111 241750660972300 2377400
LATENCY 2143400
TIMELINE 7 1127 241750695705600 2143400
LATENCY 2143500
TIMELINE 7 1143 241750729859500 2143500
LATENCY 2129700
TIMELINE 7 1159 241750764195100 2129700
LATENCY 2155800
TIMELINE 7 1175 241750797765900 2155800
LATENCY 2087000
TIMELINE 7 1191 241750831624400 2087000
LATENCY 2165500
TIMELINE 7 1207 241750867827400 2165500
LATENCY 2182100
TIMELINE 7 1223 241750908618700 2182100
LATENCY 2200400
TIMELINE 7 1239 241750943722700 2200400
LATENCY 2275900
TIMELINE 7 1255 241750979864300 2275900
LATENCY 2198900
TIMELINE 7 1271 241751016994900 2198900
LATENCY 2222200
TIMELINE 7 1287 241751051615500 2222200
LATENCY 2241600
TIMELINE 7 1303 241751086962500 2241600
LATENCY 2782000
TIMELINE 7 1319 241751126625700 2782000
LATENCY 3036600
TIMELINE 7 1335 241751174344200 3036600
LATENCY 3027700
TIMELINE 7 1351 241751227529900 3027700
LATENCY 3042300
TIMELINE 7 1367 241751274991000 3042300
LATENCY 2673400
TIMELINE 7 1383 241751320893800 2673400
LATENCY 3002900
TIMELINE 7 1399 241751363739600 3002900
LATENCY 2958700
TIMELINE 7 1415 241751411485400 2958700
LATENCY 2955400
TIMELINE 7 1431 241751458676400 2955400
LATENCY 2889600
TIMELINE 7 1447 241751502919700 2889600
LATENCY 3036300
TIMELINE 7 1463 241751554276600 3036300
LATENCY 2883300
TIMELINE 7 1479 241751601889600 2883300
LATENCY 2667300
TIMELINE 7 1495 241751646872000 2667300
LATENCY 2723900
TIMELINE 7 1511 241751690565400 2723900
LATENCY 2882200
TIMELINE 7 1527 241751734846900 2882200
LATENCY 2778400
TIMELINE 7 1543 241751781529400 2778400
LATENCY 2816600
TIMELINE 7 1559 241751828427700 2816600
LATENCY 2913300
TIMELINE 7 1575 241751874672400 2913300
LATENCY 3015700
TIMELINE 7 1591 241751935136300 3015700
LATENCY 2902800
TIMELINE 7 1607 241751982296500 2902800
LATENCY 2830400
TIMELINE 7 1623 241752030531000 2830400
LATENCY 2931000
TIMELINE 7 1639 241752078492000 2931000
LATENCY 2663500
TIMELINE 7 1655 241752124842000 2663500
LATENCY 2905900
TIMELINE 7 1671 241752168887300 2905900
LATENCY 2696500
TIMELINE 7 1687 241752217127100 2696500
LATENCY 3005200
TIMELINE 7 1703 241752266879300 3005200
LATENCY 2927900
TIMELINE 7 1719 241752313617500 2927900
LATENCY 2913800
TIMELINE 7 1735 241752362855100 2913800
LATENCY 2837400
TIMELINE 7 1751 241752409175200 2837400
LATENCY 3006500
TIMELINE 7 1767 241752456756100 3006500
LATENCY 2790900
TIMELINE 7 1783 241752503283300 2790900
LATENCY 2715100
TIMELINE 7 1799 241752552524400 2715100
LATENCY 2753700
TIMELINE 7 1815 241752596323800 2753700
LATENCY 2712600
TIMELINE 7 1831 241752644147500 2712600
LATENCY 2718800
TIMELINE 7 1847 241752687954400 2718800
LATENCY 2938700
TIMELINE 7 1863 241752735467400 2938700
LATENCY 2871800
TIMELINE 7 1879 241752783602200 2871800
LATENCY 3000000
TIMELINE 7 1895 241752829068200 3000000
LATENCY 3192100
TIMELINE 7 1911 241752878918400 3192100
LATENCY 3393300
TIMELINE 7 1927 241752933122100 3393300
LATENCY 3381500
TIMELINE 7 1943 241752990312200 3381500
LATENCY 3207700
TIMELINE 7 1959 241753042737700 3207700
LATENCY 2592000
TIMELINE 7 1975 241753089739800 2592000
LATENCY 2610200
TIMELINE 7 1991 241753133558300 2610200
LATENCY 2766400
TIMELINE 7 2007 241753177936700 2766400
LATENCY 2785200
TIMELINE 7 2023 241753222175100 2785200
LATENCY 2754800
TIMELINE 7 2039 241753268809700 2754800
LATENCY 3245800
TIMELINE 8 8 241748173665500 3245800
LATENCY 2385800
TIMELINE 8 24 241748213621000 2385800
LATENCY 2269500
TIMELINE 8 40 241748250283400 2269500
LATENCY 2316400
TIMELINE 8 56 241748286973800 2316400
LATENCY 2318200
TIMELINE 8 72 241748324020900 2318200
LATENCY 2429800
TIMELINE 8 88 241748361936000 2429800
LATENCY 2350400
TIMELINE 8 104 241748399671500 2350400
LATENCY 2241000
TIMELINE 8 120 241748442799200 2241000
LATENCY 2135600
TIMELINE 8 136 241748478087400 2135600
LATENCY 2146400
TIMELINE 8 152 241748513962500 2146400
LATENCY 2230800
TIMELINE 8 168 241748551183600 2230800
LATENCY 2159300
TIMELINE 8 184 241748585972700 2159300
LATENCY 2215400
TIMELINE 8 200 241748622525800 2215400
LATENCY 2145400
TIMELINE 8 216 241748656868400 2145400
LATENCY 2135200
TIMELINE 8 232 241748691856100 2135200
LATENCY 2103800
TIMELINE 8 248 241748732268000 2103800
LATENCY 2290400
TIMELINE 8 264 241748767819000 2290400
LATENCY 2097000
TIMELINE 8 280 241748802235900 2097000
LATENCY 2134800
TIMELINE 8 296 241748836780700 2134800
LATENCY 2072700
TIMELINE 8 312 241748871283000 2072700
LATENCY 2071600
TIMELINE 8 328 241748904565500 2071600
LATENCY 2105400
TIMELINE 8 344 241748938806600 2105400
LATENCY 2088100
TIMELINE 8 360 241748972405500 2088100
LATENCY 2245400
TIMELINE 8 376 241749014182800 2245400
LATENCY 2220700
TIMELINE 8 392 241749049925400 2220700
LATENCY 2561000
TIMELINE 8 408 241749084112600 2561000
LATENCY 2156500
TIMELINE 8 424 241749119668300 2156500
LATENCY 2063400
TIMELINE 8 440 241749154187600 2063400
LATENCY 2352600
TIMELINE 8 456 241749189424600 2352600
LATENCY 2147000
TIMELINE 8 472 241749224377400 2147000
LATENCY 2122300
TIMELINE 8 488 241749258327800 2122300
LATENCY 2091100
TIMELINE 8 504 241749299355800 2091100
LATENCY 2104500
TIMELINE 8 520 241749333191500 2104500
LATENCY 2303900
TIMELINE 8 536 241749366925100 2303900
LATENCY 2111200
TIMELINE 8 552 241749401016800 2111200
LATENCY 2191900
TIMELINE 8 568 241749436188400 2191900
LATENCY 2109800
TIMELINE 8 584 241749471819200 2109800
LATENCY 2422200
TIMELINE 8 600 241749506370000 2422200
LATENCY 2281900
TIMELINE 8 616 241749541061500 2281900
LATENCY 2213600
TIMELINE 8 632 241749583380800 2213600
LATENCY 2103500
TIMELINE 8 648 241749618844800 2103500
LATENCY 2124900
TIMELINE 8 664 241749652498800 2124900
LATENCY 2084200
TIMELINE 8 680 241749686204500 2084200
LATENCY 2094000
TIMELINE 8 696 241749720002200 2094000
LATENCY 2147200
TIMELINE 8 712 241749753929300 2147200
LATENCY 2159200
TIMELINE 8 728 241749788099300 2159200
LATENCY 2190700
TIMELINE 8 744 241749830157100 2190700
LATENCY 2109100
TIMELINE 8 760 241749865041400 2109100
LATENCY 2289400
TIMELINE 8 776 241749899414700 2289400
LATENCY 2236100
TIMELINE 8 792 241749935314900 2236100
LATENCY 2199500
TIMELINE 8 808 241749970566400 2199500
LATENCY 2099100
TIMELINE 8 824 241750005112800 2099100
LATENCY 2077900
TIMELINE 8 840 241750038802200 2077900
LATENCY 2135600
TIMELINE 8 856 241750089914700 2135600
LATENCY 2073000
TIMELINE 8 872 241750133200000 2073000
LATENCY 2127400
TIMELINE 8 888 241750167378900 2127400
LATENCY 2129700
TIMELINE 8 904 241750202843500 2129700
LATENCY 2161200
TIMELINE 8 920 241750238152100 2161200
LATENCY 2199400
TIMELINE 8 936 241750274703200 2199400
LATENCY 2159700
TIMELINE 8 952 241750310081200 2159700
LATENCY 2103100
TIMELINE 8 968 241750343896700 2103100
LATENCY 2354000
TIMELINE 8 984 241750385942800 2354000
LATENCY 2117500
TIMELINE 8 1000 241750420234300 2117500
LATENCY 2119400
TIMELINE 8 1016 241750453951500 2119400
LATENCY 2128300
TIMELINE 8 1032 241750487807700 2128300
LATENCY 2078200
TIMELINE 8 1048 241750521483700 2078200
LATENCY 2097500
TIMELINE 8 1064 241750556239600 2097500
LATENCY 2095300
TIMELINE 8 1080 241750590625200 2095300
LATENCY 2099300
TIMELINE 8 1096 241750624760800 2099300
LATENCY 2322800
TIMELINE 8 1112 241750664226300 2322800
LATENCY 2105600
TIMELINE 8 1128 241750698720400 2105600
LATENCY 2266700
TIMELINE 8 1144 241750732894700 2266700
LATENCY 2099700
TIMELINE 8 1160 241750767187000 2099700
LATENCY 2104300
TIMELINE 8 1176 241750800773900 2104300
LATENCY 2095200
TIMELINE 8 1192 241750834548200 2095200
LATENCY 2061200
TIMELINE 8 1208 241750870521700 2061200
LATENCY 2170200
TIMELINE 8 1224 241750911126400 2170200
LATENCY 2356500
TIMELINE 8 1240 241750946280200 2356500
LATENCY 2156500
TIMELINE 8 1256 241750982616000 2156500
LATENCY 2247100
TIMELINE 8 1272 241751019688900 2247100
LATENCY 2187500
TIMELINE 8 1288 241751054454800 2187500
LATENCY 2183900
TIMELINE 8 1304 241751090034800 2183900
LATENCY 2743700
TIMELINE 8 1320 241751130479300 2743700
LATENCY 3018900
TIMELINE 8 1336 241751178481800 3018900
LATENCY 3018700
TIMELINE 8 1352 241751231675400 3018700
LATENCY 2890900
TIMELINE 8 1368 241751278993800 2890900
LATENCY 2722200
TIMELINE 8 1384 241751324477100 2722200
LATENCY 3030500
TIMELINE 8 1400 241751367719200 3030500
LATENCY 2948500
TIMELINE 8 1416 241751415367500 2948500
LATENCY 2919800
TIMELINE 8 1432 241751462573900 2919800
LATENCY 2916700
TIMELINE 8 1448 241751506752200 2916700
LATENCY 3074200
TIMELINE 8 1464 241751558288500 3074200
LATENCY 2714800
TIMELINE 8 1480 241751605672500 2714800
LATENCY 2723000
TIMELINE 8 1496 241751650467400 2723000
LATENCY 2734200
TIMELINE 8 1512 241751694131900 2734200
LATENCY 2974700
TIMELINE 8 1528 241751738650000 2974700
LATENCY 2731900
TIMELINE 8 1544 241751785198100 2731900
LATENCY 2819500
TIMELINE 8 1560 241751832225600 2819500
LATENCY 2926400
TIMELINE 8 1576 241751878607300 2926400
LATENCY 2942300
TIMELINE 8 1592 241751939191000 2942300
LATENCY 2940000
TIMELINE 8 1608 241751986069300 2940000
LATENCY 3022600
TIMELINE 8 1624 241752033236600 3022600
LATENCY 2970700
TIMELINE 8 1640 241752081298700 2970700
LATENCY 2566100
TIMELINE 8 1656 241752127370500 2566100
LATENCY 2950300
TIMELINE 8 1672 241752171962900 2950300
LATENCY 2779200
TIMELINE 8 1688 241752219989500 2779200
LATENCY 2870100
TIMELINE 8 1704 241752270036600 2870100
LATENCY 2932300
TIMELINE 8 1720 241752316714900 2932300
LATENCY 2905700
TIMELINE 8 1736 241752365926800 2905700
LATENCY 2824500
TIMELINE 8 1752 241752412141400 2824500
LATENCY 3042500
TIMELINE 8 1768 241752459895300 3042500
LATENCY 2849300
TIMELINE 8 1784 241752506189600 2849300
LATENCY 2943700
TIMELINE 8 1800 241752555356200 2943700
LATENCY 2752200
TIMELINE 8 1816 241752599184000 2752200
LATENCY 2723700
TIMELINE 8 1832 241752646969500 2723700
LATENCY 2750500
TIMELINE 8 1848 241752690793800 2750500
LATENCY 3023100
TIMELINE 8 1864 241752737877300 3023100
LATENCY 2914800
TIMELINE 8 1880 241752785945800 2914800
LATENCY 3013000
TIMELINE 8 1896 241752831476100 3013000
LATENCY 3415500
TIMELINE 8 1912 241752881500700 3415500
LATENCY 3269100
TIMELINE 8 1928 241752935748400 3269100
LATENCY 3484400
TIMELINE 8 1944 241752992832800 3484400
LATENCY 3179900
TIMELINE 8 1960 241753045225100 3179900
LATENCY 2592900
TIMELINE 8 1976 241753091742300 2592900
LATENCY 2648200
TIMELINE 8 1992 241753135531200 2648200
LATENCY 2711900
TIMELINE 8 2008 241753180031900 2711900
LATENCY 2803900
TIMELINE 8 2024 241753224274700 2803900
LATENCY 2819700
TIMELINE 8 2040 241753270884000 2819700
LATENCY 2832700
TIMELINE 9 9 241748176954000 2832700
LATENCY 2267500
TIMELINE 9 25 241748216044300 2267500
LATENCY 2238500
TIMELINE 9 41 241748252466500 2238500
LATENCY 2259700
TIMELINE 9 57 241748289497100 2259700
LATENCY 2376800
TIMELINE 9 73 241748326570800 2376800
LATENCY 2364000
TIMELINE 9 89 241748364598000 2364000
LATENCY 9892100
TIMELINE 9 105 241748402179300 9892100
LATENCY 2200100
TIMELINE 9 121 241748445224000 2200100
LATENCY 2156400
TIMELINE 9 137 241748480285600 2156400
LATENCY 2292600
TIMELINE 9 153 241748516426900 2292600
LATENCY 2150400
TIMELINE 9 169 241748553720500 2150400
LATENCY 2171300
TIMELINE 9 185 241748588408000 2171300
LATENCY 2130000
TIMELINE 9 201 241748625161900 2130000
LATENCY 2225500
TIMELINE 9 217 241748659449200 2225500
LATENCY 2088800
TIMELINE 9 233 241748694352900 2088800
LATENCY 2220500
TIMELINE 9 249 241748734730900 2220500
LATENCY 2105900
TIMELINE 9 265 241748770412800 2105900
LATENCY 2133300
TIMELINE 9 281 241748804647100 2133300
LATENCY 2151400
TIMELINE 9 297 241748839226200 2151400
LATENCY 2067700
TIMELINE 9 313 241748873664800 2067700
LATENCY 2118200
TIMELINE 9 329 241748906978500 2118200
LATENCY 2061500
TIMELINE 9 345 241748941212000 2061500
LATENCY 2400700
TIMELINE 9 361 241748974748700 2400700
LATENCY 2192800
TIMELINE 9 377 241749016652700 2192800
LATENCY 2198700
TIMELINE 9 393 241749052420500 2198700
LATENCY 2548900
TIMELINE 9 409 241749086973600 2548900
LATENCY 2128200
TIMELINE 9 425 241749122010800 2128200
LATENCY 2158600
TIMELINE 9 441 241749156427100 2158600
LATENCY 2310100
TIMELINE 9 457 241749191993000 2310100
LATENCY 2100900
TIMELINE 9 473 241749226707500 2100900
LATENCY 2113000
TIMELINE 9 489 241749260592500 2113000
LATENCY 2073000
TIMELINE 9 505 241749301587100 2073000
LATENCY 2088100
TIMELINE 9 521 241749335413300 2088100
LATENCY 2161000
TIMELINE 9 537 241749369345400 2161000
LATENCY 2130200
TIMELINE 9 553 241749403246000 2130200
LATENCY 2239700
TIMELINE 9 569 241749438558400 2239700
LATENCY 2192500
TIMELINE 9 585 241749474102500 2192500
LATENCY 2240600
TIMELINE 9 601 241749508973400 2240600
LATENCY 2145400
TIMELINE 9 617 241749543618500 2145400
LATENCY 2363000
TIMELINE 9 633 241749585798900 2363000
LATENCY 2098700
TIMELINE 9 649 241749621119500 2098700
LATENCY 2126200
TIMELINE 9 665 241749654911000 2126200
LATENCY 2159300
TIMELINE 9 681 241749688588300 2159300
LATENCY 2086200
TIMELINE 9 697 241749722378200 2086200
LATENCY 2241400
TIMELINE 9 713 241749756339600 2241400
LATENCY 2116000
TIMELINE 9 729 241749790522000 2116000
LATENCY 2187600
TIMELINE 9 745 241749832679800 2187600
LATENCY 2178700
TIMELINE 9 761 241749867488600 2178700
LATENCY 2153100
TIMELINE 9 777 241749902026700 2153100
LATENCY 2131300
TIMELINE 9 793 241749937814100 2131300
LATENCY 2152900
TIMELINE 9 809 241749972983500 2152900
LATENCY 2090100
TIMELINE 9 825 241750007410400 2090100
LATENCY 2082100
TIMELINE 9 841 241750041079000 2082100
LATENCY 2222000
TIMELINE 9 857 241750091106700 2222000
LATENCY 2065300
TIMELINE 9 873 241750134345300 2065300
LATENCY 2187700
TIMELINE 9 889 241750168562800 2187700
LATENCY 2303900
TIMELINE 9 905 241750204197900 2303900
LATENCY 2188800
TIMELINE 9 921 241750239613500 2188800
LATENCY 2236000
TIMELINE 9 937 241750276082600 2236000
LATENCY 2093200
TIMELINE 9 953 241750311336900 2093200
LATENCY 2089600
TIMELINE 9 969 241750345091200 2089600
LATENCY 2345900
TIMELINE 9 985 241750387311400 2345900
LATENCY 2090900
TIMELINE 9 1001 241750421521500 2090900
LATENCY 2078100
TIMELINE 9 1017 241750455207800 2078100
LATENCY 2139200
TIMELINE 9 1033 241750489050100 2139200
LATENCY 2108700
TIMELINE 9 1049 241750522752200 2108700
LATENCY 2136800
TIMELINE 9 1065 241750557529300 2136800
LATENCY 2104200
TIMELINE 9 1081 241750591878200 2104200
LATENCY 2109200
TIMELINE 9 1097 241750625798000 2109200
LATENCY 2250900
TIMELINE 9 1113 241750665392100 2250900
LATENCY 2102500
TIMELINE 9 1129 241750699785000 2102500
LATENCY 2249700
TIMELINE 9 1145 241750734031700 2249700
LATENCY 2139300
TIMELINE 9 1161 241750768258500 2139300
LATENCY 2087100
TIMELINE 9 1177 241750801873500 2087100
LATENCY 2182900
TIMELINE 9 1193 241750835602200 2182900
LATENCY 2082100
TIMELINE 9 1209 241750871498700 2082100
LATENCY 2217000
TIMELINE 9 1225 241750912435900 2217000
LATENCY 2364500
TIMELINE 9 1241 241750947937000 2364500
LATENCY 2213100
TIMELINE 9 1257 241750984103700 2213100
LATENCY 2185900
TIMELINE 9 1273 241751021324500 2185900
LATENCY 2139300
TIMELINE 9 1289 241751055950600 2139300
LATENCY 2192500
TIMELINE 9 1305 241751091664100 2192500
LATENCY 2704900
TIMELINE 9 1321 241751132496700 2704900
LATENCY 3218600
TIMELINE 9 1337 241751180783900 3218600
LATENCY 3021900
TIMELINE 9 1353 241751233965800 3021900
LATENCY 2776000
TIMELINE 9 1369 241751281352900 2776000
LATENCY 2572900
TIMELINE 9 1385 241751326924700 2572900
LATENCY 3205800
TIMELINE 9 1401 241751370415700 3205800
LATENCY 3006400
TIMELINE 9 1417 241751418000000 3006400
LATENCY 3079800
TIMELINE 9 1433 241751465176300 3079800
LATENCY 2941600
TIMELINE 9 1449 241751509342000 2941600
LATENCY 3016200
TIMELINE 9 1465 241751560982300 3016200
LATENCY 3269200
TIMELINE 9 1481 241751608056500 3269200
LATENCY 2819900
TIMELINE 9 1497 241751653003300 2819900
LATENCY 2746700
TIMELINE 9 1513 241751696672500 2746700
LATENCY 2980700
TIMELINE 9 1529 241751741425000 2980700
LATENCY 2755600
TIMELINE 9 1545 241751787742000 2755600
LATENCY 2848500
TIMELINE 9 1561 241751834810800 2848500
LATENCY 2920900
TIMELINE 9 1577 241751881289900 2920900
LATENCY 2950600
TIMELINE 9 1593 241751942052200 2950600
LATENCY 2948300
TIMELINE 9 1609 241751988926500 2948300
LATENCY 3033300
TIMELINE 9 1625 241752035924400 3033300
LATENCY 2976200
TIMELINE 9 1641 241752083927500 2976200
LATENCY 2587700
TIMELINE 9 1657 241752129660300 2587700
LATENCY 2938000
TIMELINE 9 1673 241752174584700 2938000
LATENCY 2682400
TIMELINE 9 1689 241752222472000 2682400
LATENCY 2923200
TIMELINE 9 1705 241752272594600 2923200
LATENCY 2920900
TIMELINE 9 1721 241752319318800 2920900
LATENCY 2942700
TIMELINE 9 1737 241752368506400 2942700
LATENCY 2996500
TIMELINE 9 1753 241752414688900 2996500
LATENCY 3038300
TIMELINE 9 1769 241752462616100 3038300
LATENCY 2803200
TIMELINE 9 1785 241752508743400 2803200
LATENCY 2744400
TIMELINE 9 1801 241752558044600 2744400
LATENCY 7311200
TIMELINE 9 1817 241752601672100 7311200
LATENCY 2949500
TIMELINE 9 1833 241752649400400 2949500
LATENCY 3187300
TIMELINE 9 1849 241752693235400 3187300
LATENCY 3114900
TIMELINE 9 1865 241752741239200 3114900
LATENCY 2753700
TIMELINE 9 1881 241752789195700 2753700
LATENCY 3134000
TIMELINE 9 1897 241752834794200 3134000
LATENCY 3476300
TIMELINE 9 1913 241752885242200 3476300
LATENCY 3248500
TIMELINE 9 1929 241752939493000 3248500
LATENCY 3277000
TIMELINE 9 1945 241752996804800 3277000
LATENCY 3166500
TIMELINE 9 1961 241753048923700 3166500
LATENCY 2615800
TIMELINE 9 1977 241753094766000 2615800
LATENCY 2620800
TIMELINE 9 1993 241753138637400 2620800
LATENCY 2428300
TIMELINE 9 2009 241753183206600 2428300
LATENCY 2793000
TIMELINE 9 2025 241753227545000 2793000
LATENCY 2746000
TIMELINE 9 2041 241753274226600 2746000
LATENCY 2420900
TIMELINE 10 10 241748179863600 2420900
LATENCY 2218300
TIMELINE 10 26 241748218347300 2218300
LATENCY 2281700
TIMELINE 10 42 241748254742600 2281700
LATENCY 2274800
TIMELINE 10 58 241748291659800 2274800
LATENCY 2487900
TIMELINE 10 74 241748328764900 2487900
LATENCY 2332200
TIMELINE 10 90 241748366679100 2332200
LATENCY 2280800
TIMELINE 10 106 241748411811700 2280800
LATENCY 2254100
TIMELINE 10 122 241748447190200 2254100
LATENCY 2145900
TIMELINE 10 138 241748482211600 2145900
LATENCY 2343100
TIMELINE 10 154 241748518534800 2343100
LATENCY 2172900
TIMELINE 10 170 241748555728000 2172900
LATENCY 2709500
TIMELINE 10 186 241748590440900 2709500
LATENCY 2205600
TIMELINE 10 202 241748627095600 2205600
LATENCY 2287500
TIMELINE 10 218 241748661494000 2287500
LATENCY 2165800
TIMELINE 10 234 241748696274000 2165800
LATENCY 2356900
TIMELINE 10 250 241748736748600 2356900
LATENCY 2129600
TIMELINE 10 266 241748772328600 2129600
LATENCY 2133200
TIMELINE 10 282 241748806582200 2133200
LATENCY 2107400
TIMELINE 10 298 241748841149500 2107400
LATENCY 2083800
TIMELINE 10 314 241748875503600 2083800
LATENCY 2133200
TIMELINE 10 330 241748908833700 2133200
LATENCY 2067500
TIMELINE 10 346 241748943026200 2067500
LATENCY 2307400
TIMELINE 10 362 241748977008100 2307400
LATENCY 2229100
TIMELINE 10 378 241749018459600 2229100
LATENCY 2170700
TIMELINE 10 394 241749054192600 2170700
LATENCY 2316000
TIMELINE 10 410 241749089127900 2316000
LATENCY 2150800
TIMELINE 10 426 241749123845900 2150800
LATENCY 2145400
TIMELINE 10 442 241749158269700 2145400
LATENCY 2294400
TIMELINE 10 458 241749194027200 2294400
LATENCY 2131400
TIMELINE 10 474 241749228542300 2131400
LATENCY 2127400
TIMELINE 10 490 241749262484800 2127400
LATENCY 2087400
TIMELINE 10 506 241749303443600 2087400
LATENCY 2108900
TIMELINE 10 522 241749337310200 2108900
LATENCY 2106300
TIMELINE 10 538 241749371297200 2106300
LATENCY 2136700
TIMELINE 10 554 241749405172100 2136700
LATENCY 2251600
TIMELINE 10 570 241749440523400 2251600
LATENCY 2252000
TIMELINE 10 586 241749476017200 2252000
LATENCY 2113700
TIMELINE 10 602 241749510904300 2113700
LATENCY 2068700
TIMELINE 10 618 241749545586500 2068700
LATENCY 2616200
TIMELINE 10 634 241749588132700 2616200
LATENCY 2155300
TIMELINE 10 650 241749623188000 2155300
LATENCY 2138700
TIMELINE 10 666 241749656921800 2138700
LATENCY 2122300
TIMELINE 10 682 241749690631100 2122300
LATENCY 2125600
TIMELINE 10 698 241749724376100 2125600
LATENCY 2149700
TIMELINE 10 714 241749758491600 2149700
LATENCY 2199900
TIMELINE 10 730 241749792549400 2199900
LATENCY 2126200
TIMELINE 10 746 241749835108600 2126200
LATENCY 2137600
TIMELINE 10 762 241749869960800 2137600
LATENCY 2347700
TIMELINE 10 778 241749904489300 2347700
LATENCY 2180600
TIMELINE 10 794 241749940300100 2180600
LATENCY 2194500
TIMELINE 10 810 241749975631400 2194500
LATENCY 2088600
TIMELINE 10 826 241750009979500 2088600
LATENCY 2091900
TIMELINE 10 842 241750043645500 2091900
LATENCY 2259500
TIMELINE 10 858 241750094537800 2259500
LATENCY 2159900
TIMELINE 10 874 241750137580300 2159900
LATENCY 2225200
TIMELINE 10 890 241750171878300 2225200
LATENCY 2188400
TIMELINE 10 906 241750207484300 2188400
LATENCY 2163200
TIMELINE 10 922 241750242682300 2163200
LATENCY 2159200
TIMELINE 10 938 241750278996700 2159200
LATENCY 2090200
TIMELINE 10 954 241750314089000 2090200
LATENCY 2116700
TIMELINE 10 970 241750347913000 2116700
LATENCY 2113500
TIMELINE 10 986 241750390305700 2113500
LATENCY 2094800
TIMELINE 10 1002 241750424306200 2094800
LATENCY 2204700
TIMELINE 10 1018 241750458023500 2204700
LATENCY 2072500
TIMELINE 10 1034 241750491930300 2072500
LATENCY 2089400
TIMELINE 10 1050 241750525562800 2089400
LATENCY 2115900
TIMELINE 10 1066 241750560379800 2115900
LATENCY 2098600
TIMELINE 10 1082 241750594664900 2098600
LATENCY 2129800
TIMELINE 10 1098 241750628607700 2129800
LATENCY 2173900
TIMELINE 10 1114 241750668330800 2173900
LATENCY 2120600
TIMELINE 10 1130 241750702559500 2120600
LATENCY 2101800
TIMELINE 10 1146 241750736857200 2101800
LATENCY 2082300
TIMELINE 10 1162 241750770942100 2082300
LATENCY 2067400
TIMELINE 10 1178 241750804551100 2067400
LATENCY 2128700
TIMELINE 10 1194 241750838341200 2128700
LATENCY 2266100
TIMELINE 10 1210 241750874114400 2266100
LATENCY 2122700
TIMELINE 10 1226 241750915125500 2122700
LATENCY 2232100
TIMELINE 10 1242 241750950697700 2232100
LATENCY 2240300
TIMELINE 10 1258 241750986748700 2240300
LATENCY 2151000
TIMELINE 10 1274 241751023986900 2151000
LATENCY 2071700
TIMELINE 10 1290 241751058546200 2071700
LATENCY 2157200
TIMELINE 10 1306 241751093952900 2157200
LATENCY 3292600
TIMELINE 10 1322 241751135322200 3292600
LATENCY 2962500
TIMELINE 10 1338 241751184132900 2962500
LATENCY 3001500
TIMELINE 10 1354 241751237116500 3001500
LATENCY 2848200
TIMELINE 10 1370 241751284245500 2848200
LATENCY 2566100
TIMELINE 10 1386 241751329292000 2566100
LATENCY 3136200
TIMELINE 10 1402 241751373339400 3136200
LATENCY 2953700
TIMELINE 10 1418 241751420755500 2953700
LATENCY 2856100
TIMELINE 10 1434 241751468029300 2856100
LATENCY 3065500
TIMELINE 10 1450 241751512039700 3065500
LATENCY 3018300
TIMELINE 10 1466 241751563786800 3018300
LATENCY 2965000
TIMELINE 10 1482 241751610849500 2965000
LATENCY 2737400
TIMELINE 10 1498 241751655359800 2737400
LATENCY 2731300
TIMELINE 10 1514 241751698966100 2731300
LATENCY 2978700
TIMELINE 10 1530 241751743897500 2978700
LATENCY 2711600
TIMELINE 10 1546 241751790059700 2711600
LATENCY 2811500
TIMELINE 10 1562 241751837197700 2811500
LATENCY 15745800
TIMELINE 10 1578 241751883723000 15745800
LATENCY 2949600
TIMELINE 10 1594 241751944304600 2949600
LATENCY 2937900
TIMELINE 10 1610 241751991174500 2937900
LATENCY 3060800
TIMELINE 10 1626 241752038180900 3060800
LATENCY 2954400
TIMELINE 10 1642 241752086102000 2954400
LATENCY 2603900
TIMELINE 10 1658 241752131602900 2603900
LATENCY 2963200
TIMELINE 10 1674 241752176852600 2963200
LATENCY 2738600
TIMELINE 10 1690 241752224545600 2738600
LATENCY 2905200
TIMELINE 10 1706 241752274873400 2905200
LATENCY 2936200
TIMELINE 10 1722 241752321579500 2936200
LATENCY 2942100
TIMELINE 10 1738 241752370743300 2942100
LATENCY 2971700
TIMELINE 10 1754 241752416948300 2971700
LATENCY 3020300
TIMELINE 10 1770 241752464932900 3020300
LATENCY 2796700
TIMELINE 10 1786 241752510845200 2796700
LATENCY 2686700
TIMELINE 10 1802 241752560109100 2686700
LATENCY 7346100
TIMELINE 10 1818 241752603679500 7346100
LATENCY 2718700
TIMELINE 10 1834 241752651667500 2718700
LATENCY 2966000
TIMELINE 10 1850 241752695489400 2966000
LATENCY 2967300
TIMELINE 10 1866 241752743258900 2967300
LATENCY 2669400
TIMELINE 10 1882 241752790984500 2669400
LATENCY 3045300
TIMELINE 10 1898 241752836765500 3045300
LATENCY 3539700
TIMELINE 10 1914 241752887420100 3539700
LATENCY 3095700
TIMELINE 10 1930 241752941473300 3095700
LATENCY 3288900
TIMELINE 10 1946 241752998797900 3288900
LATENCY 3189300
TIMELINE 10 1962 241753050862900 3189300
LATENCY 2607000
TIMELINE 10 1978 241753096338300 2607000
LATENCY 2649400
TIMELINE 10 1994 241753140185600 2649400
LATENCY 2701200
TIMELINE 10 2010 241753184569100 2701200
LATENCY 2980800
TIMELINE 10 2026 241753229201400 2980800
LATENCY 2953300
TIMELINE 10 2042 241753275758300 2953300
LATENCY 2664400
TIMELINE 11 11 241748182322200 2664400
LATENCY 2188900
TIMELINE 11 27 241748220656700 2188900
LATENCY 2208500
TIMELINE 11 43 241748257172900 2208500
LATENCY 2286800
TIMELINE 11 59 241748293999700 2286800
LATENCY 2405400
TIMELINE 11 75 241748331348900 2405400
LATENCY 2400100
TIMELINE 11 91 241748369147600 2400100
LATENCY 2141300
TIMELINE 11 107 241748414245300 2141300
LATENCY 2198800
TIMELINE 11 123 241748449616500 2198800
LATENCY 2499400
TIMELINE 11 139 241748484568600 2499400
LATENCY 2251900
TIMELINE 11 155 241748521022400 2251900
LATENCY 2171600
TIMELINE 11 171 241748557963500 2171600
LATENCY 2318400
TIMELINE 11 187 241748593184000 2318400
LATENCY 2169000
TIMELINE 11 203 241748629152600 2169000
LATENCY 2149200
TIMELINE 11 219 241748663711000 2149200
LATENCY 8345700
TIMELINE 11 235 241748698410700 8345700
LATENCY 2319200
TIMELINE 11 251 241748739137500 2319200
LATENCY 2127300
TIMELINE 11 267 241748774568800 2127300
LATENCY 2101000
TIMELINE 11 283 241748808871000 2101000
LATENCY 2109000
TIMELINE 11 299 241748843349200 2109000
LATENCY 2101600
TIMELINE 11 315 241748877680000 2101600
LATENCY 2184100
TIMELINE 11 331 241748911054800 2184100
LATENCY 2083400
TIMELINE 11 347 241748945182700 2083400
LATENCY 2315200
TIMELINE 11 363 241748979284500 2315200
LATENCY 2203100
TIMELINE 11 379 241749021030400 2203100
LATENCY 2112700
TIMELINE 11 395 241749056574000 2112700
LATENCY 2132500
TIMELINE 11 411 241749091588300 2132500
LATENCY 2125100
TIMELINE 11 427 241749126146800 2125100
LATENCY 2163100
TIMELINE 11 443 241749160533500 2163100
LATENCY 2210500
TIMELINE 11 459 241749196535900 2210500
LATENCY 2093400
TIMELINE 11 475 241749230875700 2093400
LATENCY 2117600
TIMELINE 11 491 241749264816900 2117600
LATENCY 2088400
TIMELINE 11 507 241749305729800 2088400
LATENCY 2125100
TIMELINE 11 523 241749339649300 2125100
LATENCY 2100200
TIMELINE 11 539 241749373641000 2100200
LATENCY 2251200
TIMELINE 11 555 241749407549500 2251200
LATENCY 2189400
TIMELINE 11 571 241749443144900 2189400
LATENCY 2165900
TIMELINE 11 587 241749478618800 2165900
LATENCY 2162100
TIMELINE 11 603 241749513431800 2162100
LATENCY 8785900
TIMELINE 11 619 241749547912400 8785900
LATENCY 2307300
TIMELINE 11 635 241749590975600 2307300
LATENCY 2106300
TIMELINE 11 651 241749625549600 2106300
LATENCY 2050200
TIMELINE 11 667 241749659266000 2050200
LATENCY 2127600
TIMELINE 11 683 241749692952600 2127600
LATENCY 2081400
TIMELINE 11 699 241749726686100 2081400
LATENCY 2101400
TIMELINE 11 715 241749760837400 2101400
LATENCY 2097200
TIMELINE 11 731 241749794954200 2097200
LATENCY 2398600
TIMELINE 11 747 241749837712500 2398600
LATENCY 2037300
TIMELINE 11 763 241749872458500 2037300
LATENCY 2419400
TIMELINE 11 779 241749907170800 2419400
LATENCY 2151000
TIMELINE 11 795 241749942852400 2151000
LATENCY 2168600
TIMELINE 11 811 241749978396600 2168600
LATENCY 2128000
TIMELINE 11 827 241750012628200 2128000
LATENCY 2104400
TIMELINE 11 843 241750046340000 2104400
LATENCY 2303000
TIMELINE 11 859 241750097986100 2303000
LATENCY 2107400
TIMELINE 11 875 241750140705400 2107400
LATENCY 2254500
TIMELINE 11 891 241750175219500 2254500
LATENCY 2225100
TIMELINE 11 907 241750210666500 2225100
LATENCY 2167800
TIMELINE 11 923 241750245862900 2167800
LATENCY 2134800
TIMELINE 11 939 241750282124400 2134800
LATENCY 2215000
TIMELINE 11 955 241750316987100 2215000
LATENCY 2097200
TIMELINE 11 971 241750350805200 2097200
LATENCY 2164900
TIMELINE 11 987 241750393106200 2164900
LATENCY 2113500
TIMELINE 11 1003 241750427091000 2113500
LATENCY 2064500
TIMELINE 11 1019 241750460881000 2064500
LATENCY 2137100
TIMELINE 11 1035 241750494618100 2137100
LATENCY 2096300
TIMELINE 11 1051 241750528117300 2096300
LATENCY 2085300
TIMELINE 11 1067 241750562854600 2085300
LATENCY 2098600
TIMELINE 11 1083 241750597152400 2098600
LATENCY 2111200
TIMELINE 11 1099 241750631084900 2111200
LATENCY 2188800
TIMELINE 11 1115 241750670852000 2188800
LATENCY 2112100
TIMELINE 11 1131 241750705018000 2112100
LATENCY 2260900
TIMELINE 11 1147 241750739393600 2260900
LATENCY 2112300
TIMELINE 11 1163 241750773439400 2112300
LATENCY 2079200
TIMELINE 11 1179 241750807054500 2079200
LATENCY 2140100
TIMELINE 11 1195 241750840878100 2140100
LATENCY 2130800
TIMELINE 11 1211 241750876863400 2130800
LATENCY 2152500
TIMELINE 11 1227 241750917862700 2152500
LATENCY 2160400
TIMELINE 11 1243 241750953591400 2160400
LATENCY 2216900
TIMELINE 11 1259 241750989633800 2216900
LATENCY 2106600
TIMELINE 11 1275 241751026709800 2106600
LATENCY 2145000
TIMELINE 11 1291 241751061191900 2145000
LATENCY 2192400
TIMELINE 11 1307 241751096739000 2192400
LATENCY 3026300
TIMELINE 11 1323 241751139474300 3026300
LATENCY 7752100
TIMELINE 11 1339 241751187954300 7752100
LATENCY 3029600
TIMELINE 11 1355 241751240968400 3029600
LATENCY 2767000
TIMELINE 11 1371 241751287872600 2767000
LATENCY 2610900
TIMELINE 11 1387 241751332743100 2610900
LATENCY 2985900
TIMELINE 11 1403 241751377497600 2985900
LATENCY 2950600
TIMELINE 11 1419 241751424742500 2950600
LATENCY 2722700
TIMELINE 11 1435 241751471827300 2722700
LATENCY 2977400
TIMELINE 11 1451 241751516107000 2977400
LATENCY 3005800
TIMELINE 11 1467 241751567832500 3005800
LATENCY 2969600
TIMELINE 11 1483 241751615337300 2969600
LATENCY 2751700
TIMELINE 11 1499 241751659495100 2751700
LATENCY 2838100
TIMELINE 11 1515 241751703169300 2838100
LATENCY 2987400
TIMELINE 11 1531 241751748424100 2987400
LATENCY 2744700
TIMELINE 11 1547 241751794158900 2744700
LATENCY 2918400
TIMELINE 11 1563 241751841484600 2918400
LATENCY 3015900
TIMELINE 11 1579 241751901166400 3015900
LATENCY 2906500
TIMELINE 11 1595 241751948775300 2906500
LATENCY 2898300
TIMELINE 11 1611 241751995627500 2898300
LATENCY 3016100
TIMELINE 11 1627 241752041539300 3016100
LATENCY 2949800
TIMELINE 11 1643 241752089387800 2949800
LATENCY 2616900
TIMELINE 11 1659 241752134450900 2616900
LATENCY 2924100
TIMELINE 11 1675 241752180098200 2924100
LATENCY 2717900
TIMELINE 11 1691 241752227546900 2717900
LATENCY 2914500
TIMELINE 11 1707 241752278055400 2914500
LATENCY 2889800
TIMELINE 11 1723 241752324804900 2889800
LATENCY 2812000
TIMELINE 11 1739 241752374049900 2812000
LATENCY 2784400
TIMELINE 11 1755 241752420223200 2784400
LATENCY 2983600
TIMELINE 11 1771 241752468251000 2983600
LATENCY 2864500
TIMELINE 11 1787 241752513990400 2864500
LATENCY 2680600
TIMELINE 11 1803 241752563143700 2680600
LATENCY 2600600
TIMELINE 11 1819 241752611372300 2600600
LATENCY 2690800
TIMELINE 11 1835 241752654728000 2690800
LATENCY 3024500
TIMELINE 11 1851 241752698863800 3024500
LATENCY 2967400
TIMELINE 11 1867 241752746656300 2967400
LATENCY 2674500
TIMELINE 11 1883 241752794013800 2674500
LATENCY 3034900
TIMELINE 11 1899 241752840294800 3034900
LATENCY 3464400
TIMELINE 11 1915 241752891395100 3464400
LATENCY 3093500
TIMELINE 11 1931 241752945030000 3093500
LATENCY 3236800
TIMELINE 11 1947 241753002488400 3236800
LATENCY 3111900
TIMELINE 11 1963 241753054432300 3111900
LATENCY 2698100
TIMELINE 11 1979 241753099268400 2698100
LATENCY 2585700
TIMELINE 11 1995 241753143153700 2585700
LATENCY 2711700
TIMELINE 11 2011 241753187608000 2711700
LATENCY 2861700
TIMELINE 11 2027 241753232575400 2861700
LATENCY 2842900
TIMELINE 11 2043 241753279131400 2842900
LATENCY 2436400
TIMELINE 12 12 241748185074500 2436400
LATENCY 2184900
TIMELINE 12 28 241748222912100 2184900
LATENCY 2251500
TIMELINE 12 44 241748259421500 2251500
LATENCY 2244500
TIMELINE 12 60 241748296405200 2244500
LATENCY 2399600
TIMELINE 12 76 241748333961000 2399600
LATENCY 2292700
TIMELINE 12 92 241748371767000 2292700
LATENCY 2145400
TIMELINE 12 108 241748416566400 2145400
LATENCY 2420500
TIMELINE 12 124 241748451999800 2420500
LATENCY 2384900
TIMELINE 12 140 241748487287300 2384900
LATENCY 2677800
TIMELINE 12 156 241748523696200 2677800
LATENCY 2157600
TIMELINE 12 172 241748560319000 2157600
LATENCY 2342200
TIMELINE 12 188 241748595933600 2342200
LATENCY 2120000
TIMELINE 12 204 241748631783300 2120000
LATENCY 2123500
TIMELINE 12 220 241748666170500 2123500
LATENCY 2259600
TIMELINE 12 236 241748707109400 2259600
LATENCY 2168000
TIMELINE 12 252 241748741682500 2168000
LATENCY 2091700
TIMELINE 12 268 241748776864900 2091700
LATENCY 2095400
TIMELINE 12 284 241748811102000 2095400
LATENCY 2127200
TIMELINE 12 300 241748845662800 2127200
LATENCY 2044500
TIMELINE 12 316 241748880009800 2044500
LATENCY 2133200
TIMELINE 12 332 241748913512700 2133200
LATENCY 2076000
TIMELINE 12 348 241748947517800 2076000
LATENCY 2157100
TIMELINE 12 364 241748982003900 2157100
LATENCY 2509600
TIMELINE 12 380 241749023404600 2509600
LATENCY 2086900
TIMELINE 12 396 241749059113900 2086900
LATENCY 2152000
TIMELINE 12 412 241749094087600 2152000
LATENCY 2137900
TIMELINE 12 428 241749128592100 2137900
LATENCY 2252300
TIMELINE 12 444 241749163040100 2252300
LATENCY 2213300
TIMELINE 12 460 241749198956100 2213300
LATENCY 2095100
TIMELINE 12 476 241749233178900 2095100
LATENCY 2118300
TIMELINE 12 492 241749267138800 2118300
LATENCY 2089100
TIMELINE 12 508 241749308007200 2089100
LATENCY 2129800
TIMELINE 12 524 241749341946200 2129800
LATENCY 2113900
TIMELINE 12 540 241749375922300 2113900
LATENCY 2299200
TIMELINE 12 556 241749410402000 2299200
LATENCY 2532200
TIMELINE 12 572 241749445803100 2532200
LATENCY 2114000
TIMELINE 12 588 241749481319300 2114000
LATENCY 2168200
TIMELINE 12 604 241749516030100 2168200
LATENCY 2230200
TIMELINE 12 620 241749557233200 2230200
LATENCY 2194400
TIMELINE 12 636 241749593820900 2194400
LATENCY 2097300
TIMELINE 12 652 241749628073100 2097300
LATENCY 2092300
TIMELINE 12 668 241749661857100 2092300
LATENCY 2124700
TIMELINE 12 684 241749695624200 2124700
LATENCY 2147200
TIMELINE 12 700 241749729305100 2147200
LATENCY 2132600
TIMELINE 12 716 241749763492200 2132600
LATENCY 2125700
TIMELINE 12 732 241749797597600 2125700
LATENCY 2271200
TIMELINE 12 748 241749839770800 2271200
LATENCY 2132600
TIMELINE 12 764 241749874260400 2132600
LATENCY 2296100
TIMELINE 12 780 241749909344400 2296100
LATENCY 2125500
TIMELINE 12 796 241749944749000 2125500
LATENCY 2132100
TIMELINE 12 812 241749980167000 2132100
LATENCY 2059900
TIMELINE 12 828 241750014369900 2059900
LATENCY 2127400
TIMELINE 12 844 241750048067100 2127400
LATENCY 10054300
TIMELINE 12 860 241750101195900 10054300
LATENCY 2191600
TIMELINE 12 876 241750143842500 2191600
LATENCY 2472300
TIMELINE 12 892 241750178562600 2472300
LATENCY 2227000
TIMELINE 12 908 241750214079300 2227000
LATENCY 2309500
TIMELINE 12 924 241750249127100 2309500
LATENCY 2230200
TIMELINE 12 940 241750285442700 2230200
LATENCY 2127900
TIMELINE 12 956 241750320609300 2127900
LATENCY 2125100
TIMELINE 12 972 241750354283100 2125100
LATENCY 2114800
TIMELINE 12 988 241750396638000 2114800
LATENCY 2086200
TIMELINE 12 1004 241750430554000 2086200
LATENCY 2118000
TIMELINE 12 1020 241750464311700 2118000
LATENCY 2124500
TIMELINE 12 1036 241750498141200 2124500
LATENCY 2094100
TIMELINE 12 1052 241750531781600 2094100
LATENCY 2138400
TIMELINE 12 1068 241750566645300 2138400
LATENCY 2135000
TIMELINE 12 1084 241750601001700 2135000
LATENCY 2115000
TIMELINE 12 1100 241750639822800 2115000
LATENCY 2188300
TIMELINE 12 1116 241750674838500 2188300
LATENCY 2116900
TIMELINE 12 1132 241750708835700 2116900
LATENCY 2114500
TIMELINE 12 1148 241750743326400 2114500
LATENCY 2076500
TIMELINE 12 1164 241750777199500 2076500
LATENCY 2091000
TIMELINE 12 1180 241750810781600 2091000
LATENCY 2199900
TIMELINE 12 1196 241750844713900 2199900
LATENCY 2108100
TIMELINE 12 1212 241750880786200 2108100
LATENCY 2244900
TIMELINE 12 1228 241750922014600 2244900
LATENCY 2279100
TIMELINE 12 1244 241750957687000 2279100
LATENCY 2231400
TIMELINE 12 1260 241750993810500 2231400
LATENCY 2114200
TIMELINE 12 1276 241751030785500 2114200
LATENCY 2108800
TIMELINE 12 1292 241751065292600 2108800
LATENCY 2124900
TIMELINE 12 1308 241751101504700 2124900
LATENCY 3010600
TIMELINE 12 1324 241751146110100 3010600
LATENCY 3032300
TIMELINE 12 1340 241751199339900 3032300
LATENCY 3022300
TIMELINE 12 1356 241751247247700 3022300
LATENCY 2753600
TIMELINE 12 1372 241751293984200 2753600
LATENCY 2646900
TIMELINE 12 1388 241751338482600 2646900
LATENCY 3050300
TIMELINE 12 1404 241751383936000 3050300
LATENCY 2976400
TIMELINE 12 1420 241751431150900 2976400
LATENCY 2732700
TIMELINE 12 1436 241751477718000 2732700
LATENCY 2930400
TIMELINE 12 1452 241751522553200 2930400
LATENCY 2987300
TIMELINE 12 1468 241751574402600 2987300
LATENCY 2824000
TIMELINE 12 1484 241751621250500 2824000
LATENCY 2678000
TIMELINE 12 1500 241751665047500 2678000
LATENCY 2747300
TIMELINE 12 1516 241751708810000 2747300
LATENCY 2918900
TIMELINE 12 1532 241751754466400 2918900
LATENCY 2934800
TIMELINE 12 1548 241751799723800 2934800
LATENCY 2981100
TIMELINE 12 1564 241751847452100 2981100
LATENCY 2949800
TIMELINE 12 1580 241751907454400 2949800
LATENCY 2928800
TIMELINE 12 1596 241751954794800 2928800
LATENCY 2946100
TIMELINE 12 1612 241752001726200 2946100
LATENCY 2991300
TIMELINE 12 1628 241752051741500 2991300
LATENCY 2954600
TIMELINE 12 1644 241752099245900 2954600
LATENCY 2935600
TIMELINE 12 1660 241752143468300 2935600
LATENCY 5174300
TIMELINE 12 1676 241752189796300 5174300
LATENCY 2758400
TIMELINE 12 1692 241752236426300 2758400
LATENCY 2915300
TIMELINE 12 1708 241752287680100 2915300
LATENCY 4198300
TIMELINE 12 1724 241752335647000 4198300
LATENCY 2948000
TIMELINE 12 1740 241752383054600 2948000
LATENCY 2998500
TIMELINE 12 1756 241752429952300 2998500
LATENCY 2839200
TIMELINE 12 1772 241752478138700 2839200
LATENCY 2807800
TIMELINE 12 1788 241752523437200 2807800
LATENCY 2658500
TIMELINE 12 1804 241752572116300 2658500
LATENCY 2677300
TIMELINE 12 1820 241752620031300 2677300
LATENCY 2766700
TIMELINE 12 1836 241752663650500 2766700
LATENCY 3000100
TIMELINE 12 1852 241752708482500 3000100
LATENCY 3292800
TIMELINE 12 1868 241752756442200 3292800
LATENCY 2625100
TIMELINE 12 1884 241752802488800 2625100
LATENCY 3021300
TIMELINE 12 1900 241752849991400 3021300
LATENCY 3301200
TIMELINE 12 1916 241752902416500 3301200
LATENCY 7974300
TIMELINE 12 1932 241752955131900 7974300
LATENCY 3221400
TIMELINE 12 1948 241753013030000 3221400
LATENCY 2835400
TIMELINE 12 1964 241753064516500 2835400
LATENCY 2801900
TIMELINE 12 1980 241753108177900 2801900
LATENCY 3358100
TIMELINE 12 1996 241753152251100 3358100
LATENCY 2725400
TIMELINE 12 2012 241753196470400 2725400
LATENCY 2746100
TIMELINE 12 2028 241753241642700 2746100
LATENCY 3570700
TIMELINE 12 2044 241753288559700 3570700
LATENCY 2498900
TIMELINE 13 13 241748187480400 2498900
LATENCY 2201000
TIMELINE 13 29 241748225004100 2201000
LATENCY 2324600
TIMELINE 13 45 241748261610600 2324600
LATENCY 2297900
TIMELINE 13 61 241748298619600 2297900
LATENCY 2496200
TIMELINE 13 77 241748336327200 2496200
LATENCY 2413900
TIMELINE 13 93 241748374096000 2413900
LATENCY 2095200
TIMELINE 13 109 241748418772600 2095200
LATENCY 2157800
TIMELINE 13 125 241748454455900 2157800
LATENCY 2268200
TIMELINE 13 141 241748489600800 2268200
LATENCY 2460400
TIMELINE 13 157 241748526048300 2460400
LATENCY 2150100
TIMELINE 13 173 241748562220900 2150100
LATENCY 2340100
TIMELINE 13 189 241748597923400 2340100
LATENCY 2186100
TIMELINE 13 205 241748633678800 2186100
LATENCY 2223000
TIMELINE 13 221 241748668080300 2223000
LATENCY 2113300
TIMELINE 13 237 241748709169600 2113300
LATENCY 2178100
TIMELINE 13 253 241748743640300 2178100
LATENCY 2131800
TIMELINE 13 269 241748778756100 2131800
LATENCY 2122900
TIMELINE 13 285 241748812977500 2122900
LATENCY 2199900
TIMELINE 13 301 241748847450900 2199900
LATENCY 2057700
TIMELINE 13 317 241748881707700 2057700
LATENCY 2189100
TIMELINE 13 333 241748915231600 2189100
LATENCY 2097700
TIMELINE 13 349 241748949166000 2097700
LATENCY 2229400
TIMELINE 13 365 241748983693400 2229400
LATENCY 2235600
TIMELINE 13 381 241749024974400 2235600
LATENCY 2111500
TIMELINE 13 397 241749060352100 2111500
LATENCY 2146800
TIMELINE 13 413 241749095464200 2146800
LATENCY 2116600
TIMELINE 13 429 241749129949300 2116600
LATENCY 2221700
TIMELINE 13 445 241749164362700 2221700
LATENCY 2183100
TIMELINE 13 461 241749200127800 2183100
LATENCY 2115900
TIMELINE 13 477 241749234294100 2115900
LATENCY 2131800
TIMELINE 13 493 241749268262800 2131800
LATENCY 2151800
TIMELINE 13 509 241749309091400 2151800
LATENCY 2120600
TIMELINE 13 525 241749342988600 2120600
LATENCY 2116600
TIMELINE 13 541 241749376959000 2116600
LATENCY 2315600
TIMELINE 13 557 241749411272700 2315600
LATENCY 2405000
TIMELINE 13 573 241749446855800 2405000
LATENCY 2168600
TIMELINE 13 589 241749482111400 2168600
LATENCY 2189900
TIMELINE 13 605 241749516952800 2189900
LATENCY 2206200
TIMELINE 13 621 241749558277600 2206200
LATENCY 2211400
TIMELINE 13 637 241749594769700 2211400
LATENCY 2103500
TIMELINE 13 653 241749629088300 2103500
LATENCY 2132800
TIMELINE 13 669 241749662609100 2132800
LATENCY 2138000
TIMELINE 13 685 241749696387900 2138000
LATENCY 2096300
TIMELINE 13 701 241749730122500 2096300
LATENCY 2102600
TIMELINE 13 717 241749764213800 2102600
LATENCY 2136200
TIMELINE 13 733 241749798314200 2136200
LATENCY 2210900
TIMELINE 13 749 241749841003000 2210900
LATENCY 2094200
TIMELINE 13 765 241749875376800 2094200
LATENCY 2354800
TIMELINE 13 781 241749910608400 2354800
LATENCY 2182400
TIMELINE 13 797 241749946047800 2182400
LATENCY 2170000
TIMELINE 13 813 241749981502100 2170000
LATENCY 2076100
TIMELINE 13 829 241750015663700 2076100
LATENCY 2125600
TIMELINE 13 845 241750049354100 2125600
LATENCY 10043800
TIMELINE 13 861 241750101167100 10043800
LATENCY 2182100
TIMELINE 13 877 241750143782300 2182100
LATENCY 2448900
TIMELINE 13 893 241750178417100 2448900
LATENCY 2279700
TIMELINE 13 909 241750213833000 2279700
LATENCY 2277900
TIMELINE 13 925 241750248940600 2277900
LATENCY 2271400
TIMELINE 13 941 241750285209400 2271400
LATENCY 2147100
TIMELINE 13 957 241750320214800 2147100
LATENCY 2123400
TIMELINE 13 973 241750353910000 2123400
LATENCY 2112500
TIMELINE 13 989 241750396354600 2112500
LATENCY 2082000
TIMELINE 13 1005 241750430276200 2082000
LATENCY 2115100
TIMELINE 13 1021 241750464053800 2115100
LATENCY 2125200
TIMELINE 13 1037 241750497884100 2125200
LATENCY 2083500
TIMELINE 13 1053 241750531491600 2083500
LATENCY 2115200
TIMELINE 13 1069 241750566357400 2115200
LATENCY 2200800
TIMELINE 13 1085 241750600710100 2200800
LATENCY 2126000
TIMELINE 13 1101 241750639580400 2126000
LATENCY 2189200
TIMELINE 13 1117 241750674807500 2189200
LATENCY 2116300
TIMELINE 13 1133 241750708805700 2116300
LATENCY 2113100
TIMELINE 13 1149 241750743268400 2113100
LATENCY 2072600
TIMELINE 13 1165 241750777143200 2072600
LATENCY 2090600
TIMELINE 13 1181 241750810696700 2090600
LATENCY 2205000
TIMELINE 13 1197 241750844627500 2205000
LATENCY 2108500
TIMELINE 13 1213 241750880397400 2108500
LATENCY 2230200
TIMELINE 13 1229 241750920998400 2230200
LATENCY 2229700
TIMELINE 13 1245 241750956682600 2229700
LATENCY 2229400
TIMELINE 13 1261 241750992746200 2229400
LATENCY 2107100
TIMELINE 13 1277 241751029679400 2107100
LATENCY 2093000
TIMELINE 13 1293 241751064153000 2093000
LATENCY 2100700
TIMELINE 13 1309 241751099960100 2100700
LATENCY 3006200
TIMELINE 13 1325 241751143862100 3006200
LATENCY 3018800
TIMELINE 13 1341 241751197073900 3018800
LATENCY 2637200
TIMELINE 13 1357 241751245363900 2637200
LATENCY 2831600
TIMELINE 13 1373 241751291869800 2831600
LATENCY 2595500
TIMELINE 13 1389 241751336565400 2595500
LATENCY 3046700
TIMELINE 13 1405 241751381730800 3046700
LATENCY 2942600
TIMELINE 13 1421 241751429020900 2942600
LATENCY 2736100
TIMELINE 13 1437 241751475680100 2736100
LATENCY 2931800
TIMELINE 13 1453 241751520360200 2931800
LATENCY 3001600
TIMELINE 13 1469 241751572153600 3001600
LATENCY 2757100
TIMELINE 13 1485 241751619134900 2757100
LATENCY 2677000
TIMELINE 13 1501 241751662988000 2677000
LATENCY 2674500
TIMELINE 13 1517 241751706769300 2674500
LATENCY 2904400
TIMELINE 13 1533 241751752216500 2904400
LATENCY 2739700
TIMELINE 13 1549 241751797692200 2739700
LATENCY 2934400
TIMELINE 13 1565 241751845242100 2934400
LATENCY 3136800
TIMELINE 13 1581 241751905054000 3136800
LATENCY 3001200
TIMELINE 13 1597 241751952641800 3001200
LATENCY 3099100
TIMELINE 13 1613 241751999512700 3099100
LATENCY 3117300
TIMELINE 13 1629 241752047394200 3117300
LATENCY 2897300
TIMELINE 13 1645 241752095146800 2897300
LATENCY 2668700
TIMELINE 13 1661 241752139614200 2668700
LATENCY 2907700
TIMELINE 13 1677 241752185804200 2907700
LATENCY 2655800
TIMELINE 13 1693 241752232798500 2655800
LATENCY 2912300
TIMELINE 13 1709 241752283718800 2912300
LATENCY 3689100
TIMELINE 13 1725 241752330476700 3689100
LATENCY 2665000
TIMELINE 13 1741 241752379454400 2665000
LATENCY 3132100
TIMELINE 13 1757 241752425804500 3132100
LATENCY 3016500
TIMELINE 13 1773 241752474107300 3016500
LATENCY 2815000
TIMELINE 13 1789 241752519723000 2815000
LATENCY 2784100
TIMELINE 13 1805 241752568458600 2784100
LATENCY 2617200
TIMELINE 13 1821 241752616550700 2617200
LATENCY 2704400
TIMELINE 13 1837 241752660075100 2704400
LATENCY 2991600
TIMELINE 13 1853 241752704741400 2991600
LATENCY 2931800
TIMELINE 13 1869 241752752484600 2931800
LATENCY 2641700
TIMELINE 13 1885 241752799164100 2641700
LATENCY 2987800
TIMELINE 13 1901 241752846139700 2987800
LATENCY 3459400
TIMELINE 13 1917 241752898169500 3459400
LATENCY 3123200
TIMELINE 13 1933 241752951262900 3123200
LATENCY 3279900
TIMELINE 13 1949 241753009045500 3279900
LATENCY 3078200
TIMELINE 13 1965 241753060802000 3078200
LATENCY 2726300
TIMELINE 13 1981 241753104874800 2726300
LATENCY 3080500
TIMELINE 13 1997 241753148425500 3080500
LATENCY 2722400
TIMELINE 13 2013 241753193159700 2722400
LATENCY 2762800
TIMELINE 13 2029 241753238382000 2762800
LATENCY 2967900
TIMELINE 13 2045 241753285009100 2967900
LATENCY 2268200
TIMELINE 14 14 241748190241600 2268200
LATENCY 2202400
TIMELINE 14 30 241748227468500 2202400
LATENCY 2342600
TIMELINE 14 46 241748264318900 2342600
LATENCY 2248000
TIMELINE 14 62 241748301219700 2248000
LATENCY 2411800
TIMELINE 14 78 241748339229000 2411800
LATENCY 2420400
TIMELINE 14 94 241748376787500 2420400
LATENCY 2399600
TIMELINE 14 110 241748421137800 2399600
LATENCY 2171700
TIMELINE 14 126 241748456842500 2171700
LATENCY 2233600
TIMELINE 14 142 241748492273900 2233600
LATENCY 2343100
TIMELINE 14 158 241748529066700 2343100
LATENCY 2136500
TIMELINE 14 174 241748564903400 2136500
LATENCY 2304400
TIMELINE 14 190 241748600968800 2304400
LATENCY 2142100
TIMELINE 14 206 241748636381000 2142100
LATENCY 2118000
TIMELINE 14 222 241748670876800 2118000
LATENCY 2119100
TIMELINE 14 238 241748711898300 2119100
LATENCY 2149200
TIMELINE 14 254 241748746434300 2149200
LATENCY 2159400
TIMELINE 14 270 241748781493500 2159400
LATENCY 2323400
TIMELINE 14 286 241748815746600 2323400
LATENCY 2269600
TIMELINE 14 302 241748850518600 2269600
LATENCY 2069300
TIMELINE 14 318 241748884529300 2069300
LATENCY 2127000
TIMELINE 14 334 241748918274900 2127000
LATENCY 2058600
TIMELINE 14 350 241748952075500 2058600
LATENCY 8311100
TIMELINE 14 366 241748986847000 8311100
LATENCY 2175800
TIMELINE 14 382 241749028472600 2175800
LATENCY 2095200
TIMELINE 14 398 241749063727900 2095200
LATENCY 2216200
TIMELINE 14 414 241749099026900 2216200
LATENCY 2117400
TIMELINE 14 430 241749133479900 2117400
LATENCY 2116800
TIMELINE 14 446 241749167930200 2116800
LATENCY 2140400
TIMELINE 14 462 241749203907000 2140400
LATENCY 2119300
TIMELINE 14 478 241749237959800 2119300
LATENCY 9082000
TIMELINE 14 494 241749271885400 9082000
LATENCY 2119200
TIMELINE 14 510 241749312728100 2119200
LATENCY 2093100
TIMELINE 14 526 241749346644500 2093100
LATENCY 2085300
TIMELINE 14 542 241749380677700 2085300
LATENCY 2161600
TIMELINE 14 558 241749415158200 2161600
LATENCY 2271900
TIMELINE 14 574 241749450847100 2271900
LATENCY 2142400
TIMELINE 14 590 241749485771400 2142400
LATENCY 2141000
TIMELINE 14 606 241749520577700 2141000
LATENCY 2249800
TIMELINE 14 622 241749561897200 2249800
LATENCY 2186900
TIMELINE 14 638 241749598407200 2186900
LATENCY 2071100
TIMELINE 14 654 241749632617800 2071100
LATENCY 2128000
TIMELINE 14 670 241749666245600 2128000
LATENCY 2076900
TIMELINE 14 686 241749700072400 2076900
LATENCY 2114100
TIMELINE 14 702 241749733782700 2114100
LATENCY 2136200
TIMELINE 14 718 241749767944000 2136200
LATENCY 2116000
TIMELINE 14 734 241749802065000 2116000
LATENCY 2218300
TIMELINE 14 750 241749844574400 2218300
LATENCY 2157300
TIMELINE 14 766 241749878765500 2157300
LATENCY 2271200
TIMELINE 14 782 241749914161400 2271200
LATENCY 2233200
TIMELINE 14 798 241749949204600 2233200
LATENCY 2112600
TIMELINE 14 814 241749984768700 2112600
LATENCY 2104300
TIMELINE 14 830 241750018824100 2104300
LATENCY 2086200
TIMELINE 14 846 241750052564900 2086200
LATENCY 2236500
TIMELINE 14 862 241750113426000 2236500
LATENCY 2122700
TIMELINE 14 878 241750148104900 2122700
LATENCY 2204500
TIMELINE 14 894 241750183068900 2204500
LATENCY 2197600
TIMELINE 14 910 241750218298300 2197600
LATENCY 2270700
TIMELINE 14 926 241750254158300 2270700
LATENCY 2197000
TIMELINE 14 942 241750289990600 2197000
LATENCY 2056800
TIMELINE 14 958 241750324684000 2056800
LATENCY 2049000
TIMELINE 14 974 241750358351400 2049000
LATENCY 2096300
TIMELINE 14 990 241750400634500 2096300
LATENCY 2099400
TIMELINE 14 1006 241750434466900 2099400
LATENCY 2093600
TIMELINE 14 1022 241750468262400 2093600
LATENCY 2079300
TIMELINE 14 1038 241750502090900 2079300
LATENCY 2142200
TIMELINE 14 1054 241750535686400 2142200
LATENCY 2090200
TIMELINE 14 1070 241750570683300 2090200
LATENCY 2093100
TIMELINE 14 1086 241750604890200 2093100
LATENCY 2128100
TIMELINE 14 1102 241750643746600 2128100
LATENCY 2134100
TIMELINE 14 1118 241750678924500 2134100
LATENCY 2099200
TIMELINE 14 1134 241750712839900 2099200
LATENCY 2102000
TIMELINE 14 1150 241750747326100 2102000
LATENCY 2066200
TIMELINE 14 1166 241750781089500 2066200
LATENCY 2094400
TIMELINE 14 1182 241750814753000 2094400
LATENCY 2389200
TIMELINE 14 1198 241750849405000 2389200
LATENCY 2431500
TIMELINE 14 1214 241750884893600 2431500
LATENCY 2244200
TIMELINE 14 1230 241750925715300 2244200
LATENCY 2308600
TIMELINE 14 1246 241750961787800 2308600
LATENCY 2208900
TIMELINE 14 1262 241750997615400 2208900
LATENCY 2115000
TIMELINE 14 1278 241751034343400 2115000
LATENCY 2281900
TIMELINE 14 1294 241751068939900 2281900
LATENCY 2721600
TIMELINE 14 1310 241751104688000 2721600
LATENCY 3034000
TIMELINE 14 1326 241751150363000 3034000
LATENCY 2960800
TIMELINE 14 1342 241751203668000 2960800
LATENCY 3022700
TIMELINE 14 1358 241751251549800 3022700
LATENCY 2809300
TIMELINE 14 1374 241751297952200 2809300
LATENCY 2568200
TIMELINE 14 1390 241751342346300 2568200
LATENCY 2908000
TIMELINE 14 1406 241751388316800 2908000
LATENCY 2963000
TIMELINE 14 1422 241751435463600 2963000
LATENCY 2792600
TIMELINE 14 1438 241751481655200 2792600
LATENCY 2968200
TIMELINE 14 1454 241751526764500 2968200
LATENCY 2763100
TIMELINE 14 1470 241751578704300 2763100
LATENCY 2698600
TIMELINE 14 1486 241751625384700 2698600
LATENCY 2754800
TIMELINE 14 1502 241751668983100 2754800
LATENCY 2686400
TIMELINE 14 1518 241751712841300 2686400
LATENCY 2952800
TIMELINE 14 1534 241751758763400 2952800
LATENCY 2679800
TIMELINE 14 1550 241751803960200 2679800
LATENCY 2915000
TIMELINE 14 1566 241751851798700 2915000
LATENCY 2980700
TIMELINE 14 1582 241751911968700 2980700
LATENCY 2909400
TIMELINE 14 1598 241751959266600 2909400
LATENCY 2914900
TIMELINE 14 1614 241752006236900 2914900
LATENCY 2991900
TIMELINE 14 1630 241752055087500 2991900
LATENCY 2940400
TIMELINE 14 1646 241752102459200 2940400
LATENCY 3067800
TIMELINE 14 1662 241752146619200 3067800
LATENCY 2844100
TIMELINE 14 1678 241752196191000 2844100
LATENCY 2925400
TIMELINE 14 1694 241752239643500 2925400
LATENCY 2881800
TIMELINE 14 1710 241752291058700 2881800
LATENCY 2931800
TIMELINE 14 1726 241752340306900 2931800
LATENCY 2915700
TIMELINE 14 1742 241752386506400 2915700
LATENCY 2972300
TIMELINE 14 1758 241752433507900 2972300
LATENCY 2765400
TIMELINE 14 1774 241752481476200 2765400
LATENCY 2726000
TIMELINE 14 1790 241752526752200 2726000
LATENCY 2712400
TIMELINE 14 1806 241752575277300 2712400
LATENCY 2701800
TIMELINE 14 1822 241752623206100 2701800
LATENCY 2701200
TIMELINE 14 1838 241752666927700 2701200
LATENCY 2917800
TIMELINE 14 1854 241752712241600 2917800
LATENCY 2930700
TIMELINE 14 1870 241752760499500 2930700
LATENCY 2964900
TIMELINE 14 1886 241752805954700 2964900
LATENCY 3014500
TIMELINE 14 1902 241752853779800 3014500
LATENCY 3359900
TIMELINE 14 1918 241752906598600 3359900
LATENCY 3481200
TIMELINE 14 1934 241752964028300 3481200
LATENCY 3220700
TIMELINE 14 1950 241753017090400 3220700
LATENCY 2956800
TIMELINE 14 1966 241753068035600 2956800
LATENCY 2705300
TIMELINE 14 1982 241753111677300 2705300
LATENCY 2718400
TIMELINE 14 1998 241753156225100 2718400
LATENCY 2703100
TIMELINE 14 2014 241753199952000 2703100
LATENCY 2777500
TIMELINE 14 2030 241753244998200 2777500
LATENCY 3238600
TIMELINE 14 2046 241753293497100 3238600
LATENCY 2278800
TIMELINE 15 15 241748192326100 2278800
LATENCY 2489600
TIMELINE 15 31 241748229547500 2489600
LATENCY 2345400
TIMELINE 15 47 241748266423100 2345400
LATENCY 2296400
TIMELINE 15 63 241748303209800 2296400
LATENCY 2413200
TIMELINE 15 79 241748341330800 2413200
LATENCY 2350000
TIMELINE 15 95 241748378896100 2350000
LATENCY 2288500
TIMELINE 15 111 241748423189200 2288500
LATENCY 2210200
TIMELINE 15 127 241748458869500 2210200
LATENCY 2259900
TIMELINE 15 143 241748494413200 2259900
LATENCY 2322100
TIMELINE 15 159 241748531248500 2322100
LATENCY 2131100
TIMELINE 15 175 241748566898700 2131100
LATENCY 2317400
TIMELINE 15 191 241748602805000 2317400
LATENCY 2218200
TIMELINE 15 207 241748638141300 2218200
LATENCY 2109200
TIMELINE 15 223 241748672718400 2109200
LATENCY 2101200
TIMELINE 15 239 241748713705200 2101200
LATENCY 2149400
TIMELINE 15 255 241748748261700 2149400
LATENCY 2119300
TIMELINE 15 271 241748783423100 2119300
LATENCY 2172500
TIMELINE 15 287 241748817753800 2172500
LATENCY 2190300
TIMELINE 15 303 241748852361000 2190300
LATENCY 2089600
TIMELINE 15 319 241748886236000 2089600
LATENCY 2130600
TIMELINE 15 335 241748920087700 2130600
LATENCY 2059200
TIMELINE 15 351 241748953834300 2059200
LATENCY 2131400
TIMELINE 15 367 241748994837100 2131400
LATENCY 2223100
TIMELINE 15 383 241749030365900 2223100
LATENCY 2140000
TIMELINE 15 399 241749065514100 2140000
LATENCY 2139300
TIMELINE 15 415 241749100925700 2139300
LATENCY 2127300
TIMELINE 15 431 241749135340200 2127300
LATENCY 2127400
TIMELINE 15 447 241749169682900 2127400
LATENCY 2158400
TIMELINE 15 463 241749205595000 2158400
LATENCY 2103600
TIMELINE 15 479 241749239670000 2103600
LATENCY 2229300
TIMELINE 15 495 241749280503400 2229300
LATENCY 2121600
TIMELINE 15 511 241749314458900 2121600
LATENCY 2072200
TIMELINE 15 527 241749348364800 2072200
LATENCY 2123600
TIMELINE 15 543 241749382354200 2123600
LATENCY 2238800
TIMELINE 15 559 241749417589700 2238800
LATENCY 2192600
TIMELINE 15 575 241749453343500 2192600
LATENCY 2112100
TIMELINE 15 591 241749488136100 2112100
LATENCY 2229600
TIMELINE 15 607 241749522926100 2229600
LATENCY 2264200
TIMELINE 15 623 241749564381400 2264200
LATENCY 2185000
TIMELINE 15 639 241749600848100 2185000
LATENCY 2089100
TIMELINE 15 655 241749634913500 2089100
LATENCY 2087000
TIMELINE 15 671 241749668772800 2087000
LATENCY 2046500
TIMELINE 15 687 241749702465500 2046500
LATENCY 2111500
TIMELINE 15 703 241749736245300 2111500
LATENCY 2126000
TIMELINE 15 719 241749770357700 2126000
LATENCY 2160800
TIMELINE 15 735 241749804457200 2160800
LATENCY 2204900
TIMELINE 15 751 241749847242600 2204900
LATENCY 2134400
TIMELINE 15 767 241749881505800 2134400
LATENCY 2219100
TIMELINE 15 783 241749917090700 2219100
LATENCY 2397800
TIMELINE 15 799 241749952172500 2397800
LATENCY 2139000
TIMELINE 15 815 241749987473200 2139000
LATENCY 2097500
TIMELINE 15 831 241750021492400 2097500
LATENCY 2108400
TIMELINE 15 847 241750055238400 2108400
LATENCY 2180900
TIMELINE 15 863 241750113940900 2180900
LATENCY 2144100
TIMELINE 15 879 241750148612500 2144100
LATENCY 2195500
TIMELINE 15 895 241750183615000 2195500
LATENCY 2185400
TIMELINE 15 911 241750219010500 2185400
LATENCY 2228400
TIMELINE 15 927 241750254978400 2228400
LATENCY 2290300
TIMELINE 15 943 241750290781000 2290300
LATENCY 2072700
TIMELINE 15 959 241750325525700 2072700
LATENCY 2071400
TIMELINE 15 975 241750359167800 2071400
LATENCY 2096700
TIMELINE 15 991 241750401727200 2096700
LATENCY 2102500
TIMELINE 15 1007 241750435546900 2102500
LATENCY 2105700
TIMELINE 15 1023 241750469330400 2105700
LATENCY 2067100
TIMELINE 15 1039 241750503163100 2067100
LATENCY 2284400
TIMELINE 15 1055 241750536756700 2284400
LATENCY 2098800
TIMELINE 15 1071 241750571963600 2098800
LATENCY 2113900
TIMELINE 15 1087 241750606315900 2113900
LATENCY 2110700
TIMELINE 15 1103 241750645040300 2110700
LATENCY 2110900
TIMELINE 15 1119 241750680344100 2110900
LATENCY 2106700
TIMELINE 15 1135 241750714238300 2106700
LATENCY 2134300
TIMELINE 15 1151 241750748605000 2134300
LATENCY 2058600
TIMELINE 15 1167 241750782364700 2058600
LATENCY 2193900
TIMELINE 15 1183 241750816021100 2193900
LATENCY 2331300
TIMELINE 15 1199 241750851067900 2331300
LATENCY 2279700
TIMELINE 15 1215 241750886645600 2279700
LATENCY 2183500
TIMELINE 15 1231 241750927316900 2183500
LATENCY 2347400
TIMELINE 15 1247 241750963276600 2347400
LATENCY 2192300
TIMELINE 15 1263 241750999059600 2192300
LATENCY 2098900
TIMELINE 15 1279 241751035631000 2098900
LATENCY 2307000
TIMELINE 15 1295 241751070317200 2307000
LATENCY 2740500
TIMELINE 15 1311 241751106397100 2740500
LATENCY 3050500
TIMELINE 15 1327 241751152328400 3050500
LATENCY 2987400
TIMELINE 15 1343 241751205557900 2987400
LATENCY 3034300
TIMELINE 15 1359 241751253502500 3034300
LATENCY 2860300
TIMELINE 15 1375 241751299721500 2860300
LATENCY 2599100
TIMELINE 15 1391 241751343909100 2599100
LATENCY 2939300
TIMELINE 15 1407 241751390097000 2939300
LATENCY 2951800
TIMELINE 15 1423 241751437288700 2951800
LATENCY 2590900
TIMELINE 15 1439 241751483442400 2590900
LATENCY 2974300
TIMELINE 15 1455 241751528637600 2974300
LATENCY 2905600
TIMELINE 15 1471 241751580373300 2905600
LATENCY 2692800
TIMELINE 15 1487 241751626926800 2692800
LATENCY 2741100
TIMELINE 15 1503 241751670513600 2741100
LATENCY 2658600
TIMELINE 15 1519 241751714372600 2658600
LATENCY 2963900
TIMELINE 15 1535 241751760437100 2963900
LATENCY 2675400
TIMELINE 15 1551 241751805478300 2675400
LATENCY 2920300
TIMELINE 15 1567 241751853484300 2920300
LATENCY 2941000
TIMELINE 15 1583 241751913589500 2941000
LATENCY 2914600
TIMELINE 15 1599 241751960825600 2914600
LATENCY 2775900
TIMELINE 15 1615 241752007644800 2775900
LATENCY 3024500
TIMELINE 15 1631 241752056429000 3024500
LATENCY 2956700
TIMELINE 15 1647 241752103867400 2956700
LATENCY 2961800
TIMELINE 15 1663 241752147958700 2961800
LATENCY 2673900
TIMELINE 15 1679 241752197508900 2673900
LATENCY 2959400
TIMELINE 15 1695 241752240876100 2959400
LATENCY 2905900
TIMELINE 15 1711 241752292228400 2905900
LATENCY 2915200
TIMELINE 15 1727 241752341603800 2915200
LATENCY 2899500
TIMELINE 15 1743 241752387810500 2899500
LATENCY 2988400
TIMELINE 15 1759 241752434853600 2988400
LATENCY 2791200
TIMELINE 15 1775 241752482742800 2791200
LATENCY 2764700
TIMELINE 15 1791 241752528038000 2764700
LATENCY 2687400
TIMELINE 15 1807 241752576558300 2687400
LATENCY 2704800
TIMELINE 15 1823 241752624465400 2704800
LATENCY 2723700
TIMELINE 15 1839 241752668204400 2723700
LATENCY 2954600
TIMELINE 15 1855 241752713632000 2954600
LATENCY 2947400
TIMELINE 15 1871 241752761947300 2947400
LATENCY 3009900
TIMELINE 15 1887 241752807419600 3009900
LATENCY 2966600
TIMELINE 15 1903 241752855263300 2966600
LATENCY 3299700
TIMELINE 15 1919 241752908591400 3299700
LATENCY 3470900
TIMELINE 15 1935 241752966131600 3470900
LATENCY 3235500
TIMELINE 15 1951 241753018997300 3235500
LATENCY 2887300
TIMELINE 15 1967 241753069810400 2887300
LATENCY 2749800
TIMELINE 15 1983 241753113279100 2749800
LATENCY 2801700
TIMELINE 15 1999 241753157871400 2801700
LATENCY 2871100
TIMELINE 15 2015 241753201590100 2871100
LATENCY 2761200
TIMELINE 15 2031 241753246689300 2761200
LATENCY 3031400
TIMELINE 15 2047 241753294922800 3031400
LATENCY 13329000
TIMELINE 16 0 241748138847300 13329000
LATENCY 2681000
TIMELINE 16 16 241748194757100 2681000
LATENCY 2390400
TIMELINE 16 32 241748232135200 2390400
LATENCY 2282600
TIMELINE 16 48 241748268866300 2282600
LATENCY 2344200
TIMELINE 16 64 241748305540800 2344200
LATENCY 2276300
TIMELINE 16 80 241748343821200 2276300
LATENCY 2312600
TIMELINE 16 96 241748381284800 2312600
LATENCY 2247600
TIMELINE 16 112 241748425538800 2247600
LATENCY 2199600
TIMELINE 16 128 241748461050300 2199600
LATENCY 2260600
TIMELINE 16 144 241748496612100 2260600
LATENCY 2453000
TIMELINE 16 160 241748533603500 2453000
LATENCY 2127000
TIMELINE 16 176 241748569088900 2127000
LATENCY 2309600
TIMELINE 16 192 241748605567700 2309600
LATENCY 2164300
TIMELINE 16 208 241748640822500 2164300
LATENCY 2070000
TIMELINE 16 224 241748675164700 2070000
LATENCY 2082000
TIMELINE 16 240 241748716202600 2082000
LATENCY 2097400
TIMELINE 16 256 241748750812500 2097400
LATENCY 2156200
TIMELINE 16 272 241748785869300 2156200
LATENCY 2226000
TIMELINE 16 288 241748820330600 2226000
LATENCY 2134900
TIMELINE 16 304 241748854912400 2134900
LATENCY 2073500
TIMELINE 16 320 241748888664600 2073500
LATENCY 2128700
TIMELINE 16 336 241748922524500 2128700
LATENCY 2099200
TIMELINE 16 352 241748956178800 2099200
LATENCY 2129500
TIMELINE 16 368 241748997226900 2129500
LATENCY 2222200
TIMELINE 16 384 241749033106500 2222200
LATENCY 2144600
TIMELINE 16 400 241749068179400 2144600
LATENCY 2121900
TIMELINE 16 416 241749103738200 2121900
LATENCY 2203400
TIMELINE 16 432 241749138067000 2203400
LATENCY 2155000
TIMELINE 16 448 241749172639600 2155000
LATENCY 2215000
TIMELINE 16 464 241749208436300 2215000
LATENCY 2212800
TIMELINE 16 480 241749242422300 2212800
LATENCY 2133200
TIMELINE 16 496 241749283449200 2133200
LATENCY 2202000
TIMELINE 16 512 241749317291100 2202000
LATENCY 2133700
TIMELINE 16 528 241749351120100 2133700
LATENCY 2067100
TIMELINE 16 544 241749385167900 2067100
LATENCY 2159900
TIMELINE 16 560 241749419799100 2159900
LATENCY 2188100
TIMELINE 16 576 241749455505400 2188100
LATENCY 2199200
TIMELINE 16 592 241749490219400 2199200
LATENCY 2144200
TIMELINE 16 608 241749525128000 2144200
LATENCY 2384000
TIMELINE 16 624 241749566550600 2384000
LATENCY 2349600
TIMELINE 16 640 241749602912300 2349600
LATENCY 2039800
TIMELINE 16 656 241749636900800 2039800
LATENCY 2098100
TIMELINE 16 672 241749670557800 2098100
LATENCY 2062500
TIMELINE 16 688 241749704214700 2062500
LATENCY 2089900
TIMELINE 16 704 241749738061800 2089900
LATENCY 2127700
TIMELINE 16 720 241749772228100 2127700
LATENCY 2120400
TIMELINE 16 736 241749806364500 2120400
LATENCY 2169500
TIMELINE 16 752 241749849038300 2169500
LATENCY 2114100
TIMELINE 16 768 241749883081900 2114100
LATENCY 2247700
TIMELINE 16 784 241749918727500 2247700
LATENCY 2243200
TIMELINE 16 800 241749953962800 2243200
LATENCY 2140100
TIMELINE 16 816 241749989057500 2140100
LATENCY 2110400
TIMELINE 16 832 241750023041400 2110400
LATENCY 2120600
TIMELINE 16 848 241750056808600 2120600
LATENCY 2142400
TIMELINE 16 864 241750118115200 2142400
LATENCY 2159600
TIMELINE 16 880 241750152740700 2159600
LATENCY 2373800
TIMELINE 16 896 241750187749300 2373800
LATENCY 2141000
TIMELINE 16 912 241750223013500 2141000
LATENCY 2367400
TIMELINE 16 928 241750258332000 2367400
LATENCY 2185300
TIMELINE 16 944 241750294209200 2185300
LATENCY 2136400
TIMELINE 16 960 241750328581900 2136400
LATENCY 2151300
TIMELINE 16 976 241750362252600 2151300
LATENCY 2148900
TIMELINE 16 992 241750404710600 2148900
LATENCY 2138500
TIMELINE 16 1008 241750438549700 2138500
LATENCY 2091200
TIMELINE 16 1024 241750472352900 2091200
LATENCY 2086800
TIMELINE 16 1040 241750506138200 2086800
LATENCY 2260200
TIMELINE 16 1056 241750540200200 2260200
LATENCY 2126400
TIMELINE 16 1072 241750575052600 2126400
LATENCY 2138800
TIMELINE 16 1088 241750609195700 2138800
LATENCY 2208600
TIMELINE 16 1104 241750648040000 2208600
LATENCY 2131700
TIMELINE 16 1120 241750683139600 2131700
LATENCY 2097200
TIMELINE 16 1136 241750717035000 2097200
LATENCY 2091600
TIMELINE 16 1152 241750751742400 2091600
LATENCY 2097200
TIMELINE 16 1168 241750785414400 2097200
LATENCY 2152400
TIMELINE 16 1184 241750819274300 2152400
LATENCY 2188200
TIMELINE 16 1200 241750854175700 2188200
LATENCY 2258400
TIMELINE 16 1216 241750889767500 2258400
LATENCY 2193100
TIMELINE 16 1232 241750930173200 2193100
LATENCY 2248300
TIMELINE 16 1248 241750966387000 2248300
LATENCY 2167600
TIMELINE 16 1264 241751001970500 2167600
LATENCY 2148200
TIMELINE 16 1280 241751038422000 2148200
LATENCY 2360800
TIMELINE 16 1296 241751073313700 2360800
LATENCY 2717000
TIMELINE 16 1312 241751109881400 2717000
LATENCY 3024200
TIMELINE 16 1328 241751156143900 3024200
LATENCY 3015400
TIMELINE 16 1344 241751209339200 3015400
LATENCY 3059900
TIMELINE 16 1360 241751257269600 3059900
LATENCY 2834700
TIMELINE 16 1376 241751303302400 2834700
LATENCY 2532900
TIMELINE 16 1392 241751347167000 2532900
LATENCY 2939700
TIMELINE 16 1408 241751393793200 2939700
LATENCY 2956100
TIMELINE 16 1424 241751440979200 2956100
LATENCY 2663200
TIMELINE 16 1440 241751486665300 2663200
LATENCY 2734100
TIMELINE 16 1456 241751532305100 2734100
LATENCY 2955700
TIMELINE 16 1472 241751584059900 2955700
LATENCY 2712600
TIMELINE 16 1488 241751630411800 2712600
LATENCY 2771600
TIMELINE 16 1504 241751674032600 2771600
LATENCY 2960500
TIMELINE 16 1520 241751717934500 2960500
LATENCY 2954800
TIMELINE 16 1536 241751764246900 2954800
LATENCY 2723300
TIMELINE 16 1552 241751808916100 2723300
LATENCY 2880500
TIMELINE 16 1568 241751857181600 2880500
LATENCY 2908100
TIMELINE 16 1584 241751917346300 2908100
LATENCY 2921100
TIMELINE 16 1600 241751964544400 2921100
LATENCY 2779200
TIMELINE 16 1616 241752011243800 2779200
LATENCY 2985800
TIMELINE 16 1632 241752060225500 2985800
LATENCY 2943900
TIMELINE 16 1648 241752107565500 2943900
LATENCY 2608900
TIMELINE 16 1664 241752151601700 2608900
LATENCY 2696600
TIMELINE 16 1680 241752200896400 2696600
LATENCY 2930600
TIMELINE 16 1696 241752244619600 2930600
LATENCY 2938200
TIMELINE 16 1712 241752295967300 2938200
LATENCY 2928300
TIMELINE 16 1728 241752345272100 2928300
LATENCY 2882400
TIMELINE 16 1744 241752391456300 2882400
LATENCY 3011000
TIMELINE 16 1760 241752438605400 3011000
LATENCY 2807400
TIMELINE 16 1776 241752486235500 2807400
LATENCY 2815400
TIMELINE 16 1792 241752531454100 2815400
LATENCY 2725700
TIMELINE 16 1808 241752579865800 2725700
LATENCY 2696100
TIMELINE 16 1824 241752627807200 2696100
LATENCY 2694400
TIMELINE 16 1840 241752671531100 2694400
LATENCY 2937500
TIMELINE 16 1856 241752717037700 2937500
LATENCY 2940900
TIMELINE 16 1872 241752765317400 2940900
LATENCY 3016400
TIMELINE 16 1888 241752810890700 3016400
LATENCY 3016000
TIMELINE 16 1904 241752858660800 3016000
LATENCY 3316300
TIMELINE 16 1920 241752912152200 3316300
LATENCY 3167700
TIMELINE 16 1936 241752969890900 3167700
LATENCY 3454000
TIMELINE 16 1952 241753022497800 3454000
LATENCY 2807500
TIMELINE 16 1968 241753072963600 2807500
LATENCY 2753700
TIMELINE 16 1984 241753116279000 2753700
LATENCY 2751900
TIMELINE 16 2000 241753160921900 2751900
LATENCY 2920700
TIMELINE 16 2016 241753204688800 2920700
LATENCY 3019100
TIMELINE 16 2032 241753249682900 3019100
LATENCY 3454600
TIMELINE 17 1 241748152224800 3454600
LATENCY 2587400
TIMELINE 17 17 241748197335400 2587400
LATENCY 2348100
TIMELINE 17 33 241748234383800 2348100
LATENCY 2256000
TIMELINE 17 49 241748271021000 2256000
LATENCY 2302600
TIMELINE 17 65 241748307769700 2302600
LATENCY 2324800
TIMELINE 17 81 241748345952300 2324800
LATENCY 2338800
TIMELINE 17 97 241748383508200 2338800
LATENCY 2274000
TIMELINE 17 113 241748427624600 2274000
LATENCY 2175600
TIMELINE 17 129 241748463164000 2175600
LATENCY 2251800
TIMELINE 17 145 241748498811700 2251800
LATENCY 2286300
TIMELINE 17 161 241748535907300 2286300
LATENCY 2142500
TIMELINE 17 177 241748571071900 2142500
LATENCY 2279900
TIMELINE 17 193 241748607307700 2279900
LATENCY 2103800
TIMELINE 17 209 241748642494800 2103800
LATENCY 2240100
TIMELINE 17 225 241748676795600 2240100
LATENCY 2097400
TIMELINE 17 241 241748717797300 2097400
LATENCY 2145700
TIMELINE 17 257 241748752411300 2145700
LATENCY 2161800
TIMELINE 17 273 241748787482400 2161800
LATENCY 2116600
TIMELINE 17 289 241748822120600 2116600
LATENCY 2165200
TIMELINE 17 305 241748856584400 2165200
LATENCY 2086600
TIMELINE 17 321 241748890296600 2086600
LATENCY 2160300
TIMELINE 17 337 241748924154400 2160300
LATENCY 2152700
TIMELINE 17 353 241748957818700 2152700
LATENCY 2120600
TIMELINE 17 369 241748999042500 2120600
LATENCY 2246900
TIMELINE 17 385 241749034739500 2246900
LATENCY 1946900
TIMELINE 17 401 241749069751500 1946900
LATENCY 2135100
TIMELINE 17 417 241749104946700 2135100
LATENCY 2242400
TIMELINE 17 433 241749139266700 2242400
LATENCY 2157400
TIMELINE 17 449 241749173863100 2157400
LATENCY 2156800
TIMELINE 17 465 241749209838100 2156800
LATENCY 2136000
TIMELINE 17 481 241749243828100 2136000
LATENCY 2110300
TIMELINE 17 497 241749284758400 2110300
LATENCY 2138300
TIMELINE 17 513 241749318664100 2138300
LATENCY 2113000
TIMELINE 17 529 241749352430600 2113000
LATENCY 2090200
TIMELINE 17 545 241749386423000 2090200
LATENCY 2159400
TIMELINE 17 561 241749421052700 2159400
LATENCY 2184900
TIMELINE 17 577 241749456825000 2184900
LATENCY 2199600
TIMELINE 17 593 241749491569000 2199600
LATENCY 2139500
TIMELINE 17 609 241749526424800 2139500
LATENCY 2319700
TIMELINE 17 625 241749568058200 2319700
LATENCY 2187900
TIMELINE 17 641 241749604442800 2187900
LATENCY 2050200
TIMELINE 17 657 241749638233800 2050200
LATENCY 2103600
TIMELINE 17 673 241749671832500 2103600
LATENCY 2090600
TIMELINE 17 689 241749705468600 2090600
LATENCY 2098300
TIMELINE 17 705 241749739337100 2098300
LATENCY 2153500
TIMELINE 17 721 241749773530400 2153500
LATENCY 2061400
TIMELINE 17 737 241749807674100 2061400
LATENCY 2197800
TIMELINE 17 753 241749850998100 2197800
LATENCY 2142500
TIMELINE 17 769 241749885027700 2142500
LATENCY 2217900
TIMELINE 17 785 241749920837100 2217900
LATENCY 2137300
TIMELINE 17 801 241749956087700 2137300
LATENCY 2154500
TIMELINE 17 817 241749991009700 2154500
LATENCY 2085700
TIMELINE 17 833 241750024971800 2085700
LATENCY 2097500
TIMELINE 17 849 241750058753700 2097500
LATENCY 2171700
TIMELINE 17 865 241750119140900 2171700
LATENCY 2130400
TIMELINE 17 881 241750153770900 2130400
LATENCY 2169700
TIMELINE 17 897 241750189042400 2169700
LATENCY 2138100
TIMELINE 17 913 241750224205000 2138100
LATENCY 2293800
TIMELINE 17 929 241750259868000 2293800
LATENCY 2122000
TIMELINE 17 945 241750296078500 2122000
LATENCY 2106100
TIMELINE 17 961 241750330493200 2106100
LATENCY 2100000
TIMELINE 17 977 241750364147900 2100000
LATENCY 2110700
TIMELINE 17 993 241750406803200 2110700
LATENCY 2137100
TIMELINE 17 1009 241750440631100 2137100
LATENCY 2120700
TIMELINE 17 1025 241750474386900 2120700
LATENCY 2084700
TIMELINE 17 1041 241750508171700 2084700
LATENCY 2455200
TIMELINE 17 1057 241750542177300 2455200
LATENCY 2188100
TIMELINE 17 1073 241750577040100 2188100
LATENCY 2131400
TIMELINE 17 1089 241750611247600 2131400
LATENCY 2106700
TIMELINE 17 1105 241750650166600 2106700
LATENCY 2127100
TIMELINE 17 1121 241750685102800 2127100
LATENCY 2113200
TIMELINE 17 1137 241750718965000 2113200
LATENCY 2149800
TIMELINE 17 1153 241750753541700 2149800
LATENCY 2086700
TIMELINE 17 1169 241750787210200 2086700
LATENCY 2109700
TIMELINE 17 1185 241750821091500 2109700
LATENCY 2273600
TIMELINE 17 1201 241750856181400 2273600
LATENCY 2295200
TIMELINE 17 1217 241750891744000 2295200
LATENCY 2171600
TIMELINE 17 1233 241750932221700 2171600
LATENCY 2242500
TIMELINE 17 1249 241750968295600 2242500
LATENCY 2212200
TIMELINE 17 1265 241751003850000 2212200
LATENCY 2365300
TIMELINE 17 1281 241751040313900 2365300
LATENCY 2305800
TIMELINE 17 1297 241751075482900 2305800
LATENCY 2760500
TIMELINE 17 1313 241751112349700 2760500
LATENCY 2970000
TIMELINE 17 1329 241751158889500 2970000
LATENCY 3017900
TIMELINE 17 1345 241751212080400 3017900
LATENCY 3168300
TIMELINE 17 1361 241751260105700 3168300
LATENCY 2850000
TIMELINE 17 1377 241751305921500 2850000
LATENCY 2614300
TIMELINE 17 1393 241751349512700 2614300
LATENCY 2989800
TIMELINE 17 1409 241751396522000 2989800
LATENCY 2942700
TIMELINE 17 1425 241751443708500 2942700
LATENCY 2559400
TIMELINE 17 1441 241751489168300 2559400
LATENCY 2713900
TIMELINE 17 1457 241751534859700 2713900
LATENCY 2949200
TIMELINE 17 1473 241751586754500 2949200
LATENCY 2777800
TIMELINE 17 1489 241751632832700 2777800
LATENCY 2893100
TIMELINE 17 1505 241751676518200 2893100
LATENCY 2766400
TIMELINE 17 1521 241751720578900 2766400
LATENCY 2903300
TIMELINE 17 1537 241751766906300 2903300
LATENCY 3013100
TIMELINE 17 1553 241751811353600 3013100
LATENCY 2902400
TIMELINE 17 1569 241751859762500 2902400
LATENCY 3073400
TIMELINE 17 1585 241751919946400 3073400
LATENCY 3039200
TIMELINE 17 1601 241751967165600 3039200
LATENCY 2996600
TIMELINE 17 1617 241752013707700 2996600
LATENCY 3045900
TIMELINE 17 1633 241752063957800 3045900
LATENCY 3126700
TIMELINE 17 1649 241752111171400 3126700
LATENCY 2888500
TIMELINE 17 1665 241752154913700 2888500
LATENCY 2705000
TIMELINE 17 1681 241752204312300 2705000
LATENCY 2986000
TIMELINE 17 1697 241752252925700 2986000
LATENCY 2942700
TIMELINE 17 1713 241752299683100 2942700
LATENCY 2942300
TIMELINE 17 1729 241752348999000 2942300
LATENCY 3074700
TIMELINE 17 1745 241752395006800 3074700
LATENCY 3057200
TIMELINE 17 1761 241752442289900 3057200
LATENCY 2977400
TIMELINE 17 1777 241752489657400 2977400
LATENCY 3418500
TIMELINE 17 1793 241752534894200 3418500
LATENCY 2791800
TIMELINE 17 1809 241752583206600 2791800
LATENCY 2751400
TIMELINE 17 1825 241752631104500 2751400
LATENCY 2725300
TIMELINE 17 1841 241752674841700 2725300
LATENCY 2961600
TIMELINE 17 1857 241752720860700 2961600
LATENCY 2929800
TIMELINE 17 1873 241752769133200 2929800
LATENCY 2704300
TIMELINE 17 1889 241752814735500 2704300
LATENCY 3011500
TIMELINE 17 1905 241752862567300 3011500
LATENCY 3321400
TIMELINE 17 1921 241752916334300 3321400
LATENCY 3351600
TIMELINE 17 1937 241752973910300 3351600
LATENCY 3250100
TIMELINE 17 1953 241753026696900 3250100
LATENCY 2768400
TIMELINE 17 1969 241753076406200 2768400
LATENCY 3052700
TIMELINE 17 1985 241753119763200 3052700
LATENCY 2700100
TIMELINE 17 2001 241753164241500 2700100
LATENCY 2873100
TIMELINE 17 2017 241753208189700 2873100
LATENCY 2744600
TIMELINE 17 2033 241753253295500 2744600
LATENCY 2558200
TIMELINE 18 2 241748155749300 2558200
LATENCY 2365400
TIMELINE 18 18 241748200001800 2365400
LATENCY 2358900
TIMELINE 18 34 241748236845200 2358900
LATENCY 2300700
TIMELINE 18 50 241748273522100 2300700
LATENCY 2486000
TIMELINE 18 66 241748310306000 2486000
LATENCY 2355700
TIMELINE 18 82 241748348500300 2355700
LATENCY 2359000
TIMELINE 18 98 241748386068000 2359000
LATENCY 2181400
TIMELINE 18 114 241748430192200 2181400
LATENCY 2134100
TIMELINE 18 130 241748465570500 2134100
LATENCY 2400000
TIMELINE 18 146 241748501032900 2400000
LATENCY 2287000
TIMELINE 18 162 241748538138300 2287000
LATENCY 2139900
TIMELINE 18 178 241748573107000 2139900
LATENCY 2263000
TIMELINE 18 194 241748610039800 2263000
LATENCY 2099300
TIMELINE 18 210 241748644827500 2099300
LATENCY 2275600
TIMELINE 18 226 241748679191700 2275600
LATENCY 2150300
TIMELINE 18 242 241748720179400 2150300
LATENCY 2308000
TIMELINE 18 258 241748754827400 2308000
LATENCY 2149100
TIMELINE 18 274 241748789912800 2149100
LATENCY 2165100
TIMELINE 18 290 241748824436400 2165100
LATENCY 2111400
TIMELINE 18 306 241748858928600 2111400
LATENCY 2087600
TIMELINE 18 322 241748892548900 2087600
LATENCY 2127200
TIMELINE 18 338 241748926697200 2127200
LATENCY 2247700
TIMELINE 18 354 241748960382400 2247700
LATENCY 2379000
TIMELINE 18 370 241749001314100 2379000
LATENCY 2352300
TIMELINE 18 386 241749037126500 2352300
LATENCY 2140600
TIMELINE 18 402 241749072052000 2140600
LATENCY 2090400
TIMELINE 18 418 241749107407900 2090400
LATENCY 2146500
TIMELINE 18 434 241749141813300 2146500
LATENCY 2153300
TIMELINE 18 450 241749176080600 2153300
LATENCY 2084200
TIMELINE 18 466 241749212056800 2084200
LATENCY 2115500
TIMELINE 18 482 241749246028200 2115500
LATENCY 2154700
TIMELINE 18 498 241749286932300 2154700
LATENCY 2097400
TIMELINE 18 514 241749320866700 2097400
LATENCY 2095200
TIMELINE 18 530 241749354607100 2095200
LATENCY 2147900
TIMELINE 18 546 241749388576800 2147900
LATENCY 2168200
TIMELINE 18 562 241749423624900 2168200
LATENCY 2242900
TIMELINE 18 578 241749459471400 2242900
LATENCY 2166400
TIMELINE 18 594 241749494208000 2166400
LATENCY 2115200
TIMELINE 18 610 241749529044700 2115200
LATENCY 2327600
TIMELINE 18 626 241749570757100 2327600
LATENCY 2110400
TIMELINE 18 642 241749607004000 2110400
LATENCY 2083200
TIMELINE 18 658 241749640880200 2083200
LATENCY 2096600
TIMELINE 18 674 241749674611500 2096600
LATENCY 2118600
TIMELINE 18 690 241749708323100 2118600
LATENCY 2146400
TIMELINE 18 706 241749742207300 2146400
LATENCY 2119700
TIMELINE 18 722 241749776466100 2119700
LATENCY 1999900
TIMELINE 18 738 241749810499000 1999900
LATENCY 2162500
TIMELINE 18 754 241749852992400 2162500
LATENCY 2244900
TIMELINE 18 770 241749887003600 2244900
LATENCY 2143900
TIMELINE 18 786 241749922851800 2143900
LATENCY 2205400
TIMELINE 18 802 241749958076200 2205400
LATENCY 2130400
TIMELINE 18 818 241749992961000 2130400
LATENCY 2087400
TIMELINE 18 834 241750026869700 2087400
LATENCY 18346600
TIMELINE 18 850 241750060677700 18346600
LATENCY 2260400
TIMELINE 18 866 241750121601200 2260400
LATENCY 2136400
TIMELINE 18 882 241750156222800 2136400
LATENCY 2133900
TIMELINE 18 898 241750191535100 2133900
LATENCY 2176400
TIMELINE 18 914 241750226680600 2176400
LATENCY 2206500
TIMELINE 18 930 241750263654300 2206500
LATENCY 2242400
TIMELINE 18 946 241750299019500 2242400
LATENCY 2075200
TIMELINE 18 962 241750333330600 2075200
LATENCY 2098400
TIMELINE 18 978 241750367016800 2098400
LATENCY 2147100
TIMELINE 18 994 241750409531500 2147100
LATENCY 2121800
TIMELINE 18 1010 241750443415800 2121800
LATENCY 2134100
TIMELINE 18 1026 241750477170700 2134100
LATENCY 2227100
TIMELINE 18 1042 241750510842200 2227100
LATENCY 2101800
TIMELINE 18 1058 241750545265000 2101800
LATENCY 2254300
TIMELINE 18 1074 241750579756800 2254300
LATENCY 2159800
TIMELINE 18 1090 241750613857900 2159800
LATENCY 2145000
TIMELINE 18 1106 241750652813300 2145000
LATENCY 2124500
TIMELINE 18 1122 241750687957400 2124500
LATENCY 2157200
TIMELINE 18 1138 241750721819800 2157200
LATENCY 2106400
TIMELINE 18 1154 241750756418100 2106400
LATENCY 2114600
TIMELINE 18 1170 241750789962600 2114600
LATENCY 2090100
TIMELINE 18 1186 241750823874700 2090100
LATENCY 2304200
TIMELINE 18 1202 241750859063500 2304200
LATENCY 7284600
TIMELINE 18 1218 241750894923000 7284600
LATENCY 2237400
TIMELINE 18 1234 241750935365500 2237400
LATENCY 2171300
TIMELINE 18 1250 241750971679200 2171300
LATENCY 2242900
TIMELINE 18 1266 241751007255800 2242900
LATENCY 2169600
TIMELINE 18 1282 241751043721200 2169600
LATENCY 2221400
TIMELINE 18 1298 241751079367600 2221400
LATENCY 2791200
TIMELINE 18 1314 241751117080200 2791200
LATENCY 3075400
TIMELINE 18 1330 241751164031400 3075400
LATENCY 3037000
TIMELINE 18 1346 241751217291800 3037000
LATENCY 2769200
TIMELINE 18 1362 241751265562400 2769200
LATENCY 2852500
TIMELINE 18 1378 241751310864800 2852500
LATENCY 2632300
TIMELINE 18 1394 241751354024900 2632300
LATENCY 2938200
TIMELINE 18 1410 241751401723400 2938200
LATENCY 2931400
TIMELINE 18 1426 241751448813800 2931400
LATENCY 2603500
TIMELINE 18 1442 241751493673500 2603500
LATENCY 3100300
TIMELINE 18 1458 241751544486500 3100300
LATENCY 3022600
TIMELINE 18 1474 241751591913600 3022600
LATENCY 2771500
TIMELINE 18 1490 241751637602600 2771500
LATENCY 2671800
TIMELINE 18 1506 241751681353400 2671800
LATENCY 2769700
TIMELINE 18 1522 241751725342500 2769700
LATENCY 2896100
TIMELINE 18 1538 241751771967900 2896100
LATENCY 3387300
TIMELINE 18 1554 241751816337100 3387300
LATENCY 2899400
TIMELINE 18 1570 241751864813400 2899400
LATENCY 2920600
TIMELINE 18 1586 241751925047800 2920600
LATENCY 2893900
TIMELINE 18 1602 241751972230500 2893900
LATENCY 2618300
TIMELINE 18 1618 241752018423800 2618300
LATENCY 2942800
TIMELINE 18 1634 241752065117200 2942800
LATENCY 2862400
TIMELINE 18 1650 241752112464300 2862400
LATENCY 2969400
TIMELINE 18 1666 241752155846000 2969400
LATENCY 2707500
TIMELINE 18 1682 241752205246700 2707500
LATENCY 2952100
TIMELINE 18 1698 241752253970800 2952100
LATENCY 2923000
TIMELINE 18 1714 241752300734300 2923000
LATENCY 2937000
TIMELINE 18 1730 241752350052500 2937000
LATENCY 2939600
TIMELINE 18 1746 241752396251700 2939600
LATENCY 3004000
TIMELINE 18 1762 241752443486300 3004000
LATENCY 2992700
TIMELINE 18 1778 241752490761000 2992700
LATENCY 5401800
TIMELINE 18 1794 241752536171500 5401800
LATENCY 2795300
TIMELINE 18 1810 241752584209100 2795300
LATENCY 2735700
TIMELINE 18 1826 241752632099900 2735700
LATENCY 2719700
TIMELINE 18 1842 241752675851900 2719700
LATENCY 2934600
TIMELINE 18 1858 241752721922900 2934600
LATENCY 2926400
TIMELINE 18 1874 241752770190500 2926400
LATENCY 2719700
TIMELINE 18 1890 241752815647200 2719700
LATENCY 3018900
TIMELINE 18 1906 241752863598200 3018900
LATENCY 3329100
TIMELINE 18 1922 241752917537900 3329100
LATENCY 3359000
TIMELINE 18 1938 241752975154800 3359000
LATENCY 3183300
TIMELINE 18 1954 241753028070500 3183300
LATENCY 2827700
TIMELINE 18 1970 241753077487600 2827700
LATENCY 3073400
TIMELINE 18 1986 241753120965600 3073400
LATENCY 2778600
TIMELINE 18 2002 241753165326100 2778600
LATENCY 2872100
TIMELINE 18 2018 241753209331700 2872100
LATENCY 2772500
TIMELINE 18 2034 241753254357700 2772500
LATENCY 2454700
TIMELINE 19 3 241748158274100 2454700
LATENCY 2351100
TIMELINE 19 19 241748202335800 2351100
LATENCY 2240600
TIMELINE 19 35 241748239145400 2240600
LATENCY 2248100
TIMELINE 19 51 241748275791900 2248100
LATENCY 2247600
TIMELINE 19 67 241748312761700 2247600
LATENCY 2304900
TIMELINE 19 83 241748350821300 2304900
LATENCY 2281900
TIMELINE 19 99 241748388517700 2281900
LATENCY 2155700
TIMELINE 19 115 241748432436400 2155700
LATENCY 2177600
TIMELINE 19 131 241748467774700 2177600
LATENCY 2159500
TIMELINE 19 147 241748503796800 2159500
LATENCY 2268400
TIMELINE 19 163 241748541046100 2268400
LATENCY 2170700
TIMELINE 19 179 241748575671400 2170700
LATENCY 2127700
TIMELINE 19 195 241748612490500 2127700
LATENCY 2106000
TIMELINE 19 211 241748647108000 2106000
LATENCY 2180200
TIMELINE 19 227 241748681623100 2180200
LATENCY 2148400
TIMELINE 19 243 241748722363500 2148400
LATENCY 2530100
TIMELINE 19 259 241748757167900 2530100
LATENCY 2246100
TIMELINE 19 275 241748792219400 2246100
LATENCY 2126400
TIMELINE 19 291 241748826778100 2126400
LATENCY 2180500
TIMELINE 19 307 241748861283200 2180500
LATENCY 2093000
TIMELINE 19 323 241748894866600 2093000
LATENCY 2103800
TIMELINE 19 339 241748928921000 2103800
LATENCY 2056800
TIMELINE 19 355 241748962663700 2056800
LATENCY 2222700
TIMELINE 19 371 241749003910100 2222700
LATENCY 2280000
TIMELINE 19 387 241749039864900 2280000
LATENCY 2106100
TIMELINE 19 403 241749074601500 2106100
LATENCY 2130900
TIMELINE 19 419 241749109860200 2130900
LATENCY 2116300
TIMELINE 19 435 241749144375300 2116300
LATENCY 2386300
TIMELINE 19 451 241749179027900 2386300
LATENCY 2116900
TIMELINE 19 467 241749214906800 2116900
LATENCY 2108800
TIMELINE 19 483 241749248909900 2108800
LATENCY 2124800
TIMELINE 19 499 241749289842100 2124800
LATENCY 2130200
TIMELINE 19 515 241749323719900 2130200
LATENCY 2073800
TIMELINE 19 531 241749357445500 2073800
LATENCY 2127800
TIMELINE 19 547 241749391478600 2127800
LATENCY 2196800
TIMELINE 19 563 241749426214600 2196800
LATENCY 2207600
TIMELINE 19 579 241749461991000 2207600
LATENCY 2120100
TIMELINE 19 595 241749496603200 2120100
LATENCY 2080900
TIMELINE 19 611 241749531308200 2080900
LATENCY 2270400
TIMELINE 19 627 241749573284800 2270400
LATENCY 2089500
TIMELINE 19 643 241749609308600 2089500
LATENCY 2108200
TIMELINE 19 659 241749642729800 2108200
LATENCY 2110800
TIMELINE 19 675 241749676458300 2110800
LATENCY 2100000
TIMELINE 19 691 241749710116700 2100000
LATENCY 2249700
TIMELINE 19 707 241749744025600 2249700
LATENCY 2136200
TIMELINE 19 723 241749778264800 2136200
LATENCY 2056100
TIMELINE 19 739 241749812225700 2056100
LATENCY 2134700
TIMELINE 19 755 241749854986000 2134700
LATENCY 2187000
TIMELINE 19 771 241749889075500 2187000
LATENCY 2200700
TIMELINE 19 787 241749924858600 2200700
LATENCY 2169900
TIMELINE 19 803 241749960203500 2169900
LATENCY 2100400
TIMELINE 19 819 241749995036200 2100400
LATENCY 2266900
TIMELINE 19 835 241750028899400 2266900
LATENCY 13690200
TIMELINE 19 851 241750062433700 13690200
LATENCY 2199200
TIMELINE 19 867 241750120669400 2199200
LATENCY 2164700
TIMELINE 19 883 241750155327900 2164700
LATENCY 2145600
TIMELINE 19 899 241750190496900 2145600
LATENCY 2156800
TIMELINE 19 915 241750225459200 2156800
LATENCY 2170100
TIMELINE 19 931 241750261295700 2170100
LATENCY 2144000
TIMELINE 19 947 241750297051700 2144000
LATENCY 2094600
TIMELINE 19 963 241750331525700 2094600
LATENCY 2113500
TIMELINE 19 979 241750365180400 2113500
LATENCY 2089000
TIMELINE 19 995 241750407785800 2089000
LATENCY 2132500
TIMELINE 19 1011 241750441568700 2132500
LATENCY 2127100
TIMELINE 19 1027 241750475331600 2127100
LATENCY 2079800
TIMELINE 19 1043 241750509088600 2079800
LATENCY 2242500
TIMELINE 19 1059 241750543340600 2242500
LATENCY 2112100
TIMELINE 19 1075 241750578054000 2112100
LATENCY 2143900
TIMELINE 19 1091 241750612191600 2143900
LATENCY 2112400
TIMELINE 19 1107 241750651124500 2112400
LATENCY 2108600
TIMELINE 19 1123 241750686601800 2108600
LATENCY 2141500
TIMELINE 19 1139 241750720453600 2141500
LATENCY 2169300
TIMELINE 19 1155 241750755109200 2169300
LATENCY 2097000
TIMELINE 19 1171 241750788732100 2097000
LATENCY 2096300
TIMELINE 19 1187 241750822638600 2096300
LATENCY 2236400
TIMELINE 19 1203 241750857742400 2236400
LATENCY 2252500
TIMELINE 19 1219 241750893453000 2252500
LATENCY 2192500
TIMELINE 19 1235 241750933842700 2192500
LATENCY 2171300
TIMELINE 19 1251 241750970097100 2171300
LATENCY 2294600
TIMELINE 19 1267 241751005601800 2294600
LATENCY 2176000
TIMELINE 19 1283 241751042092100 2176000
LATENCY 2228800
TIMELINE 19 1299 241751076847500 2228800
LATENCY 2740400
TIMELINE 19 1315 241751113980400 2740400
LATENCY 3005000
TIMELINE 19 1331 241751160629500 3005000
LATENCY 3035200
TIMELINE 19 1347 241751213828600 3035200
LATENCY 3025700
TIMELINE 19 1363 241751261900000 3025700
LATENCY 2865400
TIMELINE 19 1379 241751307595000 2865400
LATENCY 2580000
TIMELINE 19 1395 241751351265800 2580000
LATENCY 2998300
TIMELINE 19 1411 241751398502700 2998300
LATENCY 2905100
TIMELINE 19 1427 241751445693900 2905100
LATENCY 2605400
TIMELINE 19 1443 241751490886400 2605400
LATENCY 7612000
TIMELINE 19 1459 241751536592300 7612000
LATENCY 2942600
TIMELINE 19 1475 241751588577600 2942600
LATENCY 2683100
TIMELINE 19 1491 241751634371800 2683100
LATENCY 2788300
TIMELINE 19 1507 241751678046400 2788300
LATENCY 2744300
TIMELINE 19 1523 241751722059900 2744300
LATENCY 2896800
TIMELINE 19 1539 241751768462300 2896800
LATENCY 2852300
TIMELINE 19 1555 241751812969800 2852300
LATENCY 2893400
TIMELINE 19 1571 241751861244500 2893400
LATENCY 3017800
TIMELINE 19 1587 241751921478800 3017800
LATENCY 3026000
TIMELINE 19 1603 241751968654000 3026000
LATENCY 2741800
TIMELINE 19 1619 241752015202600 2741800
LATENCY 2994600
TIMELINE 19 1635 241752064295500 2994600
LATENCY 3131200
TIMELINE 19 1651 241752111459000 3131200
LATENCY 2923300
TIMELINE 19 1667 241752155033000 2923300
LATENCY 2704000
TIMELINE 19 1683 241752204534700 2704000
LATENCY 2924000
TIMELINE 19 1699 241752253243700 2924000
LATENCY 2937000
TIMELINE 19 1715 241752299933300 2937000
LATENCY 2928600
TIMELINE 19 1731 241752349261900 2928600
LATENCY 2970000
TIMELINE 19 1747 241752395413600 2970000
LATENCY 3071400
TIMELINE 19 1763 241752442623100 3071400
LATENCY 2987700
TIMELINE 19 1779 241752489966800 2987700
LATENCY 3916100
TIMELINE 19 1795 241752535390800 3916100
LATENCY 2806100
TIMELINE 19 1811 241752583506200 2806100
LATENCY 2764900
TIMELINE 19 1827 241752631404500 2764900
LATENCY 2753700
TIMELINE 19 1843 241752675141800 2753700
LATENCY 2959900
TIMELINE 19 1859 241752721198800 2959900
LATENCY 2930100
TIMELINE 19 1875 241752769469700 2930100
LATENCY 2717900
TIMELINE 19 1891 241752814994700 2717900
LATENCY 3025200
TIMELINE 19 1907 241752862911600 3025200
LATENCY 3327100
TIMELINE 19 1923 241752916651700 3327100
LATENCY 3343500
TIMELINE 19 1939 241752974279500 3343500
LATENCY 3232900
TIMELINE 19 1955 241753027157300 3232900
LATENCY 2854300
TIMELINE 19 1971 241753076752400 2854300
LATENCY 3165800
TIMELINE 19 1987 241753120135900 3165800
LATENCY 2720200
TIMELINE 19 2003 241753164651100 2720200
LATENCY 2883200
TIMELINE 19 2019 241753208611300 2883200
LATENCY 2755200
TIMELINE 19 2035 241753253832300 2755200
LATENCY 2463700
TIMELINE 20 4 241748160805900 2463700
LATENCY 2268900
TIMELINE 20 20 241748204809200 2268900
LATENCY 2250500
TIMELINE 20 36 241748241541300 2250500
LATENCY 2331900
TIMELINE 20 52 241748278009000 2331900
LATENCY 2231100
TIMELINE 20 68 241748314978400 2231100
LATENCY 2271200
TIMELINE 20 84 241748353189900 2271200
LATENCY 2354000
TIMELINE 20 100 241748390682000 2354000
LATENCY 2226400
TIMELINE 20 116 241748434440700 2226400
LATENCY 2148400
TIMELINE 20 132 241748469804300 2148400
LATENCY 2183000
TIMELINE 20 148 241748505772900 2183000
LATENCY 2140700
TIMELINE 20 164 241748543054000 2140700
LATENCY 2246700
TIMELINE 20 180 241748577573500 2246700
LATENCY 2180900
TIMELINE 20 196 241748614560500 2180900
LATENCY 2099100
TIMELINE 20 212 241748649155600 2099100
LATENCY 2153400
TIMELINE 20 228 241748683719400 2153400
LATENCY 2121200
TIMELINE 20 244 241748724397400 2121200
LATENCY 2166100
TIMELINE 20 260 241748759575600 2166100
LATENCY 2162500
TIMELINE 20 276 241748794131700 2162500
LATENCY 2159600
TIMELINE 20 292 241748828623900 2159600
LATENCY 2085400
TIMELINE 20 308 241748863152300 2085400
LATENCY 2120500
TIMELINE 20 324 241748896659700 2120500
LATENCY 2107400
TIMELINE 20 340 241748930700700 2107400
LATENCY 2103600
TIMELINE 20 356 241748964279800 2103600
LATENCY 2218900
TIMELINE 20 372 241749005453000 2218900
LATENCY 2265000
TIMELINE 20 388 241749041218200 2265000
LATENCY 2035100
TIMELINE 20 404 241749075829500 2035100
LATENCY 2119300
TIMELINE 20 420 241749111090800 2119300
LATENCY 2192700
TIMELINE 20 436 241749145589300 2192700
LATENCY 2313900
TIMELINE 20 452 241749180305300 2313900
LATENCY 2107700
TIMELINE 20 468 241749215982200 2107700
LATENCY 2100100
TIMELINE 20 484 241749249975800 2100100
LATENCY 2087600
TIMELINE 20 500 241749290930100 2087600
LATENCY 2104600
TIMELINE 20 516 241749324816600 2104600
LATENCY 2106600
TIMELINE 20 532 241749358501300 2106600
LATENCY 2095200
TIMELINE 20 548 241749392582500 2095200
LATENCY 2113600
TIMELINE 20 564 241749427508000 2113600
LATENCY 2175100
TIMELINE 20 580 241749463253500 2175100
LATENCY 2114900
TIMELINE 20 596 241749497824700 2114900
LATENCY 2149400
TIMELINE 20 612 241749532531200 2149400
LATENCY 2125200
TIMELINE 20 628 241749574736400 2125200
LATENCY 2112900
TIMELINE 20 644 241749610515900 2112900
LATENCY 2114900
TIMELINE 20 660 241749644183600 2114900
LATENCY 2092500
TIMELINE 20 676 241749677924500 2092500
LATENCY 2099300
TIMELINE 20 692 241749711580200 2099300
LATENCY 2115900
TIMELINE 20 708 241749745543800 2115900
LATENCY 2119700
TIMELINE 20 724 241749779655400 2119700
LATENCY 2946100
TIMELINE 20 740 241749813505200 2946100
LATENCY 2083800
TIMELINE 20 756 241749856921200 2083800
LATENCY 2109400
TIMELINE 20 772 241749891060900 2109400
LATENCY 2171600
TIMELINE 20 788 241749926849100 2171600
LATENCY 2150200
TIMELINE 20 804 241749962097200 2150200
LATENCY 2197300
TIMELINE 20 820 241749996872600 2197300
LATENCY 2095800
TIMELINE 20 836 241750030904400 2095800
LATENCY 5126200
TIMELINE 20 852 241750075539600 5126200
LATENCY 2360600
TIMELINE 20 868 241750122515200 2360600
LATENCY 2094300
TIMELINE 20 884 241750157170600 2094300
LATENCY 2144400
TIMELINE 20 900 241750192446200 2144400
LATENCY 2086900
TIMELINE 20 916 241750227672800 2086900
LATENCY 2208900
TIMELINE 20 932 241750263617600 2208900
LATENCY 2247100
TIMELINE 20 948 241750299048300 2247100
LATENCY 2081400
TIMELINE 20 964 241750333389900 2081400
LATENCY 2105000
TIMELINE 20 980 241750367072000 2105000
LATENCY 2155300
TIMELINE 20 996 241750409616100 2155300
LATENCY 2132000
TIMELINE 20 1012 241750443495400 2132000
LATENCY 2141700
TIMELINE 20 1028 241750477254600 2141700
LATENCY 2148100
TIMELINE 20 1044 241750510982500 2148100
LATENCY 2130500
TIMELINE 20 1060 241750545329300 2130500
LATENCY 2292100
TIMELINE 20 1076 241750579877300 2292100
LATENCY 2149600
TIMELINE 20 1092 241750614039500 2149600
LATENCY 2144300
TIMELINE 20 1108 241750652957900 2144300
LATENCY 2125200
TIMELINE 20 1124 241750687895000 2125200
LATENCY 2146700
TIMELINE 20 1140 241750721762200 2146700
LATENCY 2106200
TIMELINE 20 1156 241750756388300 2106200
LATENCY 2105700
TIMELINE 20 1172 241750789933000 2105700
LATENCY 2088500
TIMELINE 20 1188 241750823845900 2088500
LATENCY 2306800
TIMELINE 20 1204 241750859158300 2306800
LATENCY 7272500
TIMELINE 20 1220 241750894742200 7272500
LATENCY 2201100
TIMELINE 20 1236 241750935002500 2201100
LATENCY 2162600
TIMELINE 20 1252 241750971161600 2162600
LATENCY 2261500
TIMELINE 20 1268 241751006713500 2261500
LATENCY 2120900
TIMELINE 20 1284 241751043210600 2120900
LATENCY 2198600
TIMELINE 20 1300 241751078464000 2198600
LATENCY 2765400
TIMELINE 20 1316 241751115964900 2765400
LATENCY 3027500
TIMELINE 20 1332 241751162805900 3027500
LATENCY 2999600
TIMELINE 20 1348 241751216065500 2999600
LATENCY 2906600
TIMELINE 20 1364 241751264230500 2906600
LATENCY 2846000
TIMELINE 20 1380 241751309666400 2846000
LATENCY 2603500
TIMELINE 20 1396 241751352894600 2603500
LATENCY 2956300
TIMELINE 20 1412 241751400393500 2956300
LATENCY 2918100
TIMELINE 20 1428 241751447500400 2918100
LATENCY 2598100
TIMELINE 20 1444 241751492520900 2598100
LATENCY 7842000
TIMELINE 20 1460 241751538460400 7842000
LATENCY 3025200
TIMELINE 20 1476 241751590613700 3025200
LATENCY 2779000
TIMELINE 20 1492 241751636505000 2779000
LATENCY 2664700
TIMELINE 20 1508 241751680274400 2664700
LATENCY 2764900
TIMELINE 20 1524 241751724203400 2764900
LATENCY 2924200
TIMELINE 20 1540 241751770730500 2924200
LATENCY 3030400
TIMELINE 20 1556 241751815224000 3030400
LATENCY 2915200
TIMELINE 20 1572 241751863568900 2915200
LATENCY 2934000
TIMELINE 20 1588 241751923840400 2934000
LATENCY 2902300
TIMELINE 20 1604 241751971032200 2902300
LATENCY 4983900
TIMELINE 20 1620 241752017404000 4983900
LATENCY 2973300
TIMELINE 20 1636 241752066505900 2973300
LATENCY 2840400
TIMELINE 20 1652 241752113789500 2840400
LATENCY 3026600
TIMELINE 20 1668 241752157181300 3026600
LATENCY 2670000
TIMELINE 20 1684 241752206503900 2670000
LATENCY 2968100
TIMELINE 20 1700 241752255318900 2968100
LATENCY 2907700
TIMELINE 20 1716 241752302050100 2907700
LATENCY 2917400
TIMELINE 20 1732 241752351366800 2917400
LATENCY 2939400
TIMELINE 20 1748 241752397737500 2939400
LATENCY 2989300
TIMELINE 20 1764 241752445056600 2989300
LATENCY 2806800
TIMELINE 20 1780 241752492368700 2806800
LATENCY 7122200
TIMELINE 20 1796 241752537563600 7122200
LATENCY 2739900
TIMELINE 20 1812 241752585733100 2739900
LATENCY 2686300
TIMELINE 20 1828 241752633593800 2686300
LATENCY 2733100
TIMELINE 20 1844 241752677311600 2733100
LATENCY 2941000
TIMELINE 20 1860 241752722901500 2941000
LATENCY 2954400
TIMELINE 20 1876 241752771162700 2954400
LATENCY 2576900
TIMELINE 20 1892 241752816586400 2576900
LATENCY 3014200
TIMELINE 20 1908 241752864652900 3014200
LATENCY 3324000
TIMELINE 20 1924 241752918712500 3324000
LATENCY 3329000
TIMELINE 20 1940 241752976336700 3329000
LATENCY 3199400
TIMELINE 20 1956 241753029169200 3199400
LATENCY 2763800
TIMELINE 20 1972 241753078483900 2763800
LATENCY 2897900
TIMELINE 20 1988 241753122066900 2897900
LATENCY 2782300
TIMELINE 20 2004 241753166328700 2782300
LATENCY 2829900
TIMELINE 20 2020 241753210440500 2829900
LATENCY 2801700
TIMELINE 20 2036 241753255426400 2801700
LATENCY 3871900
TIMELINE 21 5 241748163305500 3871900
LATENCY 2270000
TIMELINE 21 21 241748207148300 2270000
LATENCY 2252100
TIMELINE 21 37 241748243727100 2252100
LATENCY 2356800
TIMELINE 21 53 241748280570700 2356800
LATENCY 2445800
TIMELINE 21 69 241748317444200 2445800
LATENCY 2349600
TIMELINE 21 85 241748355705300 2349600
LATENCY 2346500
TIMELINE 21 101 241748393511600 2346500
LATENCY 2162300
TIMELINE 21 117 241748436990200 2162300
LATENCY 2154000
TIMELINE 21 133 241748472249200 2154000
LATENCY 2183900
TIMELINE 21 149 241748508199200 2183900
LATENCY 2172300
TIMELINE 21 165 241748545520100 2172300
LATENCY 2309600
TIMELINE 21 181 241748580132300 2309600
LATENCY 2156100
TIMELINE 21 197 241748616546600 2156100
LATENCY 2106500
TIMELINE 21 213 241748651061700 2106500
LATENCY 2328500
TIMELINE 21 229 241748685730100 2328500
LATENCY 2096900
TIMELINE 21 245 241748726377300 2096900
LATENCY 2206600
TIMELINE 21 261 241748761653100 2206600
LATENCY 2139100
TIMELINE 21 277 241748796386600 2139100
LATENCY 2152800
TIMELINE 21 293 241748830845500 2152800
LATENCY 2137400
TIMELINE 21 309 241748865300600 2137400
LATENCY 2037000
TIMELINE 21 325 241748898837000 2037000
LATENCY 2136100
TIMELINE 21 341 241748932842600 2136100
LATENCY 2112700
TIMELINE 21 357 241748966473500 2112700
LATENCY 2176200
TIMELINE 21 373 241749008074500 2176200
LATENCY 2213300
TIMELINE 21 389 241749043917300 2213300
LATENCY 2143900
TIMELINE 21 405 241749078060100 2143900
LATENCY 2078300
TIMELINE 21 421 241749113377500 2078300
LATENCY 2203900
TIMELINE 21 437 241749147959600 2203900
LATENCY 2117000
TIMELINE 21 453 241749182802100 2117000
LATENCY 2131000
TIMELINE 21 469 241749218265900 2131000
LATENCY 2124600
TIMELINE 21 485 241749252254900 2124600
LATENCY 2104900
TIMELINE 21 501 241749293204000 2104900
LATENCY 2115100
TIMELINE 21 517 241749327068100 2115100
LATENCY 2131400
TIMELINE 21 533 241749360750800 2131400
LATENCY 2124100
TIMELINE 21 549 241749394819900 2124100
LATENCY 2284800
TIMELINE 21 565 241749429687100 2284800
LATENCY 2157700
TIMELINE 21 581 241749465573500 2157700
LATENCY 2087100
TIMELINE 21 597 241749500080400 2087100
LATENCY 2122300
TIMELINE 21 613 241749534798400 2122300
LATENCY 2217000
TIMELINE 21 629 241749576955200 2217000
LATENCY 2080100
TIMELINE 21 645 241749612808700 2080100
LATENCY 2114400
TIMELINE 21 661 241749646416300 2114400
LATENCY 2136800
TIMELINE 21 677 241749680137700 2136800
LATENCY 2114100
TIMELINE 21 693 241749713969400 2114100
LATENCY 2111900
TIMELINE 21 709 241749747895600 2111900
LATENCY 2125100
TIMELINE 21 725 241749782039600 2125100
LATENCY 9372400
TIMELINE 21 741 241749817109100 9372400
LATENCY 2094500
TIMELINE 21 757 241749859545000 2094500
LATENCY 2149100
TIMELINE 21 773 241749893676600 2149100
LATENCY 2213400
TIMELINE 21 789 241749929528400 2213400
LATENCY 2304100
TIMELINE 21 805 241749964702400 2304100
LATENCY 2194200
TIMELINE 21 821 241749999432000 2194200
LATENCY 2067400
TIMELINE 21 837 241750033356700 2067400
LATENCY 2251700
TIMELINE 21 853 241750084906100 2251700
LATENCY 2214100
TIMELINE 21 869 241750128454100 2214100
LATENCY 2112300
TIMELINE 21 885 241750162750700 2112300
LATENCY 2135600
TIMELINE 21 901 241750198198000 2135600
LATENCY 2188500
TIMELINE 21 917 241750233448400 2188500
LATENCY 2255100
TIMELINE 21 933 241750269891100 2255100
LATENCY 2185800
TIMELINE 21 949 241750305161900 2185800
LATENCY 2109300
TIMELINE 21 965 241750339175500 2109300
LATENCY 2279300
TIMELINE 21 981 241750380986300 2279300
LATENCY 2143900
TIMELINE 21 997 241750415646200 2143900
LATENCY 2058800
TIMELINE 21 1013 241750449419200 2058800
LATENCY 2091400
TIMELINE 21 1029 241750483216200 2091400
LATENCY 2110900
TIMELINE 21 1045 241750516958000 2110900
LATENCY 2314500
TIMELINE 21 1061 241750551432200 2314500
LATENCY 2123800
TIMELINE 21 1077 241750586036700 2123800
LATENCY 2164800
TIMELINE 21 1093 241750619869200 2164800
LATENCY 2369000
TIMELINE 21 1109 241750658973600 2369000
LATENCY 2121500
TIMELINE 21 1125 241750693784000 2121500
LATENCY 2190800
TIMELINE 21 1141 241750727877900 2190800
LATENCY 2122700
TIMELINE 21 1157 241750762248300 2122700
LATENCY 2123100
TIMELINE 21 1173 241750795791300 2123100
LATENCY 2071600
TIMELINE 21 1189 241750829690800 2071600
LATENCY 2116400
TIMELINE 21 1205 241750865100300 2116400
LATENCY 2184000
TIMELINE 21 1221 241750906134200 2184000
LATENCY 2123200
TIMELINE 21 1237 241750941284800 2123200
LATENCY 2339100
TIMELINE 21 1253 241750977245900 2339100
LATENCY 2265300
TIMELINE 21 1269 241751014463200 2265300
LATENCY 2175400
TIMELINE 21 1285 241751049288700 2175400
LATENCY 2248500
TIMELINE 21 1301 241751084955000 2248500
LATENCY 2766700
TIMELINE 21 1317 241751124158900 2766700
LATENCY 3043100
TIMELINE 21 1333 241751171640300 3043100
LATENCY 3023500
TIMELINE 21 1349 241751224842900 3023500
LATENCY 2856400
TIMELINE 21 1365 241751272476000 2856400
LATENCY 3195400
TIMELINE 21 1381 241751317990100 3195400
LATENCY 3016700
TIMELINE 21 1397 241751361110600 3016700
LATENCY 2909900
TIMELINE 21 1413 241751408905600 2909900
LATENCY 2948100
TIMELINE 21 1429 241751456084800 2948100
LATENCY 2683200
TIMELINE 21 1445 241751500547000 2683200
LATENCY 2756100
TIMELINE 21 1461 241751551820200 2756100
LATENCY 2956900
TIMELINE 21 1477 241751599177500 2956900
LATENCY 2671500
TIMELINE 21 1493 241751644369100 2671500
LATENCY 2717900
TIMELINE 21 1509 241751688032400 2717900
LATENCY 2813900
TIMELINE 21 1525 241751732239900 2813900
LATENCY 2728000
TIMELINE 21 1541 241751778986000 2728000
LATENCY 2697000
TIMELINE 21 1557 241751825915200 2697000
LATENCY 2905700
TIMELINE 21 1573 241751871958100 2905700
LATENCY 2921000
TIMELINE 21 1589 241751932338000 2921000
LATENCY 2924200
TIMELINE 21 1605 241751979496100 2924200
LATENCY 2591900
TIMELINE 21 1621 241752027867600 2591900
LATENCY 2902700
TIMELINE 21 1637 241752075495600 2902700
LATENCY 2638600
TIMELINE 21 1653 241752122097800 2638600
LATENCY 2986700
TIMELINE 21 1669 241752166436500 2986700
LATENCY 2666200
TIMELINE 21 1685 241752214886100 2666200
LATENCY 2916000
TIMELINE 21 1701 241752264457000 2916000
LATENCY 2919100
TIMELINE 21 1717 241752311188700 2919100
LATENCY 2911300
TIMELINE 21 1733 241752360432400 2911300
LATENCY 2953800
TIMELINE 21 1749 241752406679500 2953800
LATENCY 3040800
TIMELINE 21 1765 241752454259700 3040800
LATENCY 2822600
TIMELINE 21 1781 241752500961400 2822600
LATENCY 2710000
TIMELINE 21 1797 241752550298700 2710000
LATENCY 2743800
TIMELINE 21 1813 241752594074000 2743800
LATENCY 2697200
TIMELINE 21 1829 241752641935300 2697200
LATENCY 2763500
TIMELINE 21 1845 241752685687500 2763500
LATENCY 2956600
TIMELINE 21 1861 241752732760600 2956600
LATENCY 2916700
TIMELINE 21 1877 241752780911700 2916700
LATENCY 2989500
TIMELINE 21 1893 241752826248300 2989500
LATENCY 3428900
TIMELINE 21 1909 241752875653900 3428900
LATENCY 3403200
TIMELINE 21 1925 241752929860700 3403200
LATENCY 3353700
TIMELINE 21 1941 241752987095600 3353700
LATENCY 3291000
TIMELINE 21 1957 241753039486000 3291000
LATENCY 2649300
TIMELINE 21 1973 241753087120100 2649300
LATENCY 2672100
TIMELINE 21 1989 241753130959300 2672100
LATENCY 2752800
TIMELINE 21 2005 241753175253900 2752800
LATENCY 2774300
TIMELINE 21 2021 241753219475200 2774300
LATENCY 2716400
TIMELINE 21 2037 241753266162200 2716400
LATENCY 3613400
TIMELINE 22 6 241748167222800 3613400
LATENCY 2346600
TIMELINE 22 22 241748209452500 2346600
LATENCY 2260900
TIMELINE 22 38 241748246110100 2260900
LATENCY 2291300
TIMELINE 22 54 241748282809400 2291300
LATENCY 2485300
TIMELINE 22 70 241748319827600 2485300
LATENCY 2410500
TIMELINE 22 86 241748357785600 2410500
LATENCY 2333100
TIMELINE 22 102 241748395459600 2333100
LATENCY 2199900
TIMELINE 22 118 241748438856500 2199900
LATENCY 2128500
TIMELINE 22 134 241748474145800 2128500
LATENCY 2206900
TIMELINE 22 150 241748510086200 2206900
LATENCY 2183400
TIMELINE 22 166 241748547303200 2183400
LATENCY 2168800
TIMELINE 22 182 241748582085900 2168800
LATENCY 2138900
TIMELINE 22 198 241748618478900 2138900
LATENCY 2096500
TIMELINE 22 214 241748652934900 2096500
LATENCY 2210100
TIMELINE 22 230 241748687911500 2210100
LATENCY 2107600
TIMELINE 22 246 241748728361200 2107600
LATENCY 2262000
TIMELINE 22 262 241748763649800 2262000
LATENCY 2159900
TIMELINE 22 278 241748798230200 2159900
LATENCY 2141400
TIMELINE 22 294 241748832803000 2141400
LATENCY 2210000
TIMELINE 22 310 241748867214600 2210000
LATENCY 2085300
TIMELINE 22 326 241748900687400 2085300
LATENCY 2130300
TIMELINE 22 342 241748934810800 2130300
LATENCY 2120200
TIMELINE 22 358 241748968699900 2120200
LATENCY 2271000
TIMELINE 22 374 241749009983500 2271000
LATENCY 2194400
TIMELINE 22 390 241749045746100 2194400
LATENCY 2107400
TIMELINE 22 406 241749080088000 2107400
LATENCY 2229100
TIMELINE 22 422 241749115318700 2229100
LATENCY 2143400
TIMELINE 22 438 241749150013900 2143400
LATENCY 2186500
TIMELINE 22 454 241749184779600 2186500
LATENCY 2083500
TIMELINE 22 470 241749220256700 2083500
LATENCY 2114200
TIMELINE 22 486 241749254236000 2114200
LATENCY 2117600
TIMELINE 22 502 241749295171000 2117600
LATENCY 2134400
TIMELINE 22 518 241749329064200 2134400
LATENCY 2129300
TIMELINE 22 534 241749362766200 2129300
LATENCY 2151100
TIMELINE 22 550 241749396833200 2151100
LATENCY 2206600
TIMELINE 22 566 241749431852800 2206600
LATENCY 2151400
TIMELINE 22 582 241749467673600 2151400
LATENCY 2199400
TIMELINE 22 598 241749502112600 2199400
LATENCY 2121500
TIMELINE 22 614 241749536954900 2121500
LATENCY 2203200
TIMELINE 22 630 241749579265300 2203200
LATENCY 2121200
TIMELINE 22 646 241749615007600 2121200
LATENCY 2098200
TIMELINE 22 662 241749648739000 2098200
LATENCY 2095500
TIMELINE 22 678 241749682475000 2095500
LATENCY 2078200
TIMELINE 22 694 241749716288800 2078200
LATENCY 2115100
TIMELINE 22 710 241749750179600 2115100
LATENCY 2102500
TIMELINE 22 726 241749784321200 2102500
LATENCY 2345400
TIMELINE 22 742 241749826454100 2345400
LATENCY 2126100
TIMELINE 22 758 241749861581800 2126100
LATENCY 2175200
TIMELINE 22 774 241749895770100 2175200
LATENCY 2162900
TIMELINE 22 790 241749931654500 2162900
LATENCY 2290000
TIMELINE 22 806 241749966849900 2290000
LATENCY 2163100
TIMELINE 22 822 241750001563700 2163100
LATENCY 2101700
TIMELINE 22 838 241750035370800 2101700
LATENCY 2269100
TIMELINE 22 854 241750085387600 2269100
LATENCY 2061600
TIMELINE 22 870 241750128942800 2061600
LATENCY 2121400
TIMELINE 22 886 241750163081200 2121400
LATENCY 2140100
TIMELINE 22 902 241750198374000 2140100
LATENCY 2206100
TIMELINE 22 918 241750233537100 2206100
LATENCY 2227000
TIMELINE 22 934 241750270034000 2227000
LATENCY 2164600
TIMELINE 22 950 241750305454400 2164600
LATENCY 2113700
TIMELINE 22 966 241750339491500 2113700
LATENCY 2343700
TIMELINE 22 982 241750381267400 2343700
LATENCY 2131200
TIMELINE 22 998 241750415911100 2131200
LATENCY 2069800
TIMELINE 22 1014 241750449648600 2069800
LATENCY 2089400
TIMELINE 22 1030 241750483442300 2089400
LATENCY 2121000
TIMELINE 22 1046 241750517226100 2121000
LATENCY 2338500
TIMELINE 22 1062 241750551777200 2338500
LATENCY 2112400
TIMELINE 22 1078 241750586300000 2112400
LATENCY 2155400
TIMELINE 22 1094 241750620265000 2155400
LATENCY 2351700
TIMELINE 22 1110 241750659384100 2351700
LATENCY 2124800
TIMELINE 22 1126 241750694102000 2124800
LATENCY 2196800
TIMELINE 22 1142 241750728238900 2196800
LATENCY 2137400
TIMELINE 22 1158 241750762528800 2137400
LATENCY 2149100
TIMELINE 22 1174 241750796064800 2149100
LATENCY 2077200
TIMELINE 22 1190 241750829962500 2077200
LATENCY 2344500
TIMELINE 22 1206 241750865656200 2344500
LATENCY 2191200
TIMELINE 22 1222 241750906543200 2191200
LATENCY 2154300
TIMELINE 22 1238 241750941621500 2154300
LATENCY 2307900
TIMELINE 22 1254 241750977962000 2307900
LATENCY 2270500
TIMELINE 22 1270 241751015062500 2270500
LATENCY 2191600
TIMELINE 22 1286 241751049864000 2191600
LATENCY 2275700
TIMELINE 22 1302 241751085255600 2275700
LATENCY 2789000
TIMELINE 22 1318 241751124535000 2789000
LATENCY 3049600
TIMELINE 22 1334 241751172100500 3049600
LATENCY 3028400
TIMELINE 22 1350 241751225309700 3028400
LATENCY 2884500
TIMELINE 22 1366 241751272895700 2884500
LATENCY 3155800
TIMELINE 22 1382 241751318353900 3155800
LATENCY 2985400
TIMELINE 22 1398 241751361499200 2985400
LATENCY 2925200
TIMELINE 22 1414 241751409266000 2925200
LATENCY 2970900
TIMELINE 22 1430 241751456446700 2970900
LATENCY 2698000
TIMELINE 22 1446 241751500971500 2698000
LATENCY 2836700
TIMELINE 22 1462 241751552211500 2836700
LATENCY 2970100
TIMELINE 22 1478 241751599659200 2970100
LATENCY 2680800
TIMELINE 22 1494 241751644740300 2680800
LATENCY 2718500
TIMELINE 22 1510 241751688397700 2718500
LATENCY 2831200
TIMELINE 22 1526 241751732614700 2831200
LATENCY 2757500
TIMELINE 22 1542 241751779355800 2757500
LATENCY 2694900
TIMELINE 22 1558 241751826269000 2694900
LATENCY 2903700
TIMELINE 22 1574 241751872364500 2903700
LATENCY 2933000
TIMELINE 22 1590 241751932862000 2933000
LATENCY 2945500
TIMELINE 22 1606 241751980019700 2945500
LATENCY 2595200
TIMELINE 22 1622 241752026551100 2595200
LATENCY 2905500
TIMELINE 22 1638 241752074030900 2905500
LATENCY 2701900
TIMELINE 22 1654 241752120737800 2701900
LATENCY 2941400
TIMELINE 22 1670 241752164716100 2941400
LATENCY 2682400
TIMELINE 22 1686 241752213377800 2682400
LATENCY 2920100
TIMELINE 22 1702 241752262793700 2920100
LATENCY 2911600
TIMELINE 22 1718 241752309476900 2911600
LATENCY 2918800
TIMELINE 22 1734 241752358725300 2918800
LATENCY 2770000
TIMELINE 22 1750 241752405099500 2770000
LATENCY 2999300
TIMELINE 22 1766 241752452425400 2999300
LATENCY 2805300
TIMELINE 22 1782 241752499281900 2805300
LATENCY 2738100
TIMELINE 22 1798 241752548821300 2738100
LATENCY 2707300
TIMELINE 22 1814 241752592621000 2707300
LATENCY 2701700
TIMELINE 22 1830 241752640456100 2701700
LATENCY 2746300
TIMELINE 22 1846 241752684187300 2746300
LATENCY 2941200
TIMELINE 22 1862 241752731077400 2941200
LATENCY 2962200
TIMELINE 22 1878 241752779201900 2962200
LATENCY 3029200
TIMELINE 22 1894 241752824473900 3029200
LATENCY 3453200
TIMELINE 22 1910 241752873721100 3453200
LATENCY 3589300
TIMELINE 22 1926 241752927821800 3589300
LATENCY 3309600
TIMELINE 22 1942 241752985278700 3309600
LATENCY 3223200
TIMELINE 22 1958 241753037843500 3223200
LATENCY 2651600
TIMELINE 22 1974 241753085733400 2651600
LATENCY 2672500
TIMELINE 22 1990 241753129514700 2672500
LATENCY 2723400
TIMELINE 22 2006 241753173733600 2723400
LATENCY 2764300
TIMELINE 22 2022 241753217951700 2764300
LATENCY 3448100
TIMELINE 22 2038 241753263874700 3448100
LATENCY 3478800
TIMELINE 23 7 241748170953400 3478800
LATENCY 2305700
TIMELINE 23 23 241748211835400 2305700
LATENCY 2355700
TIMELINE 23 39 241748248406500 2355700
LATENCY 2354000
TIMELINE 23 55 241748285220200 2354000
LATENCY 2313100
TIMELINE 23 71 241748322284400 2313100
LATENCY 2281500
TIMELINE 23 87 241748360260200 2281500
LATENCY 2361700
TIMELINE 23 103 241748397898100 2361700
LATENCY 2217700
TIMELINE 23 119 241748441240200 2217700
LATENCY 2137200
TIMELINE 23 135 241748476449500 2137200
LATENCY 2145700
TIMELINE 23 151 241748512412400 2145700
LATENCY 2270100
TIMELINE 23 167 241748549681100 2270100
LATENCY 2181100
TIMELINE 23 183 241748584436400 2181100
LATENCY 2207600
TIMELINE 23 199 241748620790600 2207600
LATENCY 2079500
TIMELINE 23 215 241748655198600 2079500
LATENCY 2082600
TIMELINE 23 231 241748690238300 2082600
LATENCY 2105500
TIMELINE 23 247 241748730666700 2105500
LATENCY 2125600
TIMELINE 23 263 241748766210700 2125600
LATENCY 2077000
TIMELINE 23 279 241748800605500 2077000
LATENCY 2129300
TIMELINE 23 295 241748835171400 2129300
LATENCY 2132100
TIMELINE 23 311 241748869694500 2132100
LATENCY 2059000
TIMELINE 23 327 241748903021300 2059000
LATENCY 2131800
TIMELINE 23 343 241748937231500 2131800
LATENCY 2046300
TIMELINE 23 359 241748970878100 2046300
LATENCY 2218000
TIMELINE 23 375 241749012831300 2218000
LATENCY 2181900
TIMELINE 23 391 241749048544700 2181900
LATENCY 2353200
TIMELINE 23 407 241749082812500 2353200
LATENCY 2226300
TIMELINE 23 423 241749118249200 2226300
LATENCY 2138000
TIMELINE 23 439 241749152813400 2138000
LATENCY 2108700
TIMELINE 23 455 241749187867000 2108700
LATENCY 2114300
TIMELINE 23 471 241749222753300 2114300
LATENCY 2076300
TIMELINE 23 487 241749256742000 2076300
LATENCY 2176100
TIMELINE 23 503 241749297716000 2176100
LATENCY 2072600
TIMELINE 23 519 241749331628800 2072600
LATENCY 2290000
TIMELINE 23 535 241749365339100 2290000
LATENCY 2114400
TIMELINE 23 551 241749399429800 2114400
LATENCY 2290200
TIMELINE 23 567 241749434703300 2290200
LATENCY 2115900
TIMELINE 23 583 241749470346200 2115900
LATENCY 2280600
TIMELINE 23 599 241749504833600 2280600
LATENCY 2337000
TIMELINE 23 615 241749539552200 2337000
LATENCY 2315400
TIMELINE 23 631 241749582060600 2315400
LATENCY 2099500
TIMELINE 23 647 241749617683600 2099500
LATENCY 2101300
TIMELINE 23 663 241749651210300 2101300
LATENCY 2085600
TIMELINE 23 679 241749684943900 2085600
LATENCY 2071700
TIMELINE 23 695 241749718741700 2071700
LATENCY 2083300
TIMELINE 23 711 241749752675000 2083300
LATENCY 2139800
TIMELINE 23 727 241749786801700 2139800
LATENCY 2173100
TIMELINE 23 743 241749828651200 2173100
LATENCY 2059200
TIMELINE 23 759 241749863624600 2059200
LATENCY 2221400
TIMELINE 23 775 241749897888300 2221400
LATENCY 2206200
TIMELINE 23 791 241749933787600 2206200
LATENCY 2223600
TIMELINE 23 807 241749969261200 2223600
LATENCY 2129100
TIMELINE 23 823 241750003891800 2129100
LATENCY 2080800
TIMELINE 23 839 241750037639400 2080800
LATENCY 2087000
TIMELINE 23 855 241750088097000 2087000
LATENCY 2090300
TIMELINE 23 871 241750131488400 2090300
LATENCY 2073100
TIMELINE 23 887 241750165650100 2073100
LATENCY 2211400
TIMELINE 23 903 241750200971000 2211400
LATENCY 2162500
TIMELINE 23 919 241750236384900 2162500
LATENCY 2152400
TIMELINE 23 935 241750273071800 2152400
LATENCY 2173000
TIMELINE 23 951 241750308161000 2173000
LATENCY 2091500
TIMELINE 23 967 241750342060400 2091500
LATENCY 2217100
TIMELINE 23 983 241750384078500 2217100
LATENCY 2097300
TIMELINE 23 999 241750418547700 2097300
LATENCY 2108400
TIMELINE 23 1015 241750452258100 2108400
LATENCY 2120200
TIMELINE 23 1031 241750486076000 2120200
LATENCY 2086900
TIMELINE 23 1047 241750519876000 2086900
LATENCY 2146800
TIMELINE 23 1063 241750554510700 2146800
LATENCY 2121900
TIMELINE 23 1079 241750588891200 2121900
LATENCY 2061700
TIMELINE 23 1095 241750622901600 2061700
LATENCY 2188900
TIMELINE 23 1111 241750662675400 2188900
LATENCY 2117200
TIMELINE 23 1127 241750697157000 2117200
LATENCY 2163200
TIMELINE 23 1143 241750731476700 2163200
LATENCY 2096900
TIMELINE 23 1159 241750765702800 2096900
LATENCY 2132900
TIMELINE 23 1175 241750799261400 2132900
LATENCY 2061700
TIMELINE 23 1191 241750833009700 2061700
LATENCY 2093000
TIMELINE 23 1207 241750868943500 2093000
LATENCY 2149600
TIMELINE 23 1223 241750909683000 2149600
LATENCY 2309200
TIMELINE 23 1239 241750944775800 2309200
LATENCY 2192100
TIMELINE 23 1255 241750981334100 2192100
LATENCY 2293600
TIMELINE 23 1271 241751018347400 2293600
LATENCY 2209700
TIMELINE 23 1287 241751053054300 2209700
LATENCY 2201700
TIMELINE 23 1303 241751088614100 2201700
LATENCY 2749500
TIMELINE 23 1319 241751128725700 2749500
LATENCY 3028700
TIMELINE 23 1335 241751176652700 3028700
LATENCY 3023000
TIMELINE 23 1351 241751229839800 3023000
LATENCY 2943100
TIMELINE 23 1367 241751277315500 2943100
LATENCY 2882600
TIMELINE 23 1383 241751322834300 2882600
LATENCY 2985900
TIMELINE 23 1399 241751366053900 2985900
LATENCY 2910000
TIMELINE 23 1415 241751413742600 2910000
LATENCY 2917500
TIMELINE 23 1431 241751460932100 2917500
LATENCY 2945200
TIMELINE 23 1447 241751505133900 2945200
LATENCY 3022300
TIMELINE 23 1463 241751556629200 3022300
LATENCY 2687000
TIMELINE 23 1479 241751604099000 2687000
LATENCY 2717800
TIMELINE 23 1495 241751648839300 2717800
LATENCY 2691100
TIMELINE 23 1511 241751692534600 2691100
LATENCY 2922400
TIMELINE 23 1527 241751736924600 2922400
LATENCY 2745400
TIMELINE 23 1543 241751783510000 2745400
LATENCY 2818400
TIMELINE 23 1559 241751830471900 2818400
LATENCY 2931100
TIMELINE 23 1575 241751876802200 2931100
LATENCY 3028700
TIMELINE 23 1591 241751937281700 3028700
LATENCY 2736400
TIMELINE 23 1607 241751984438800 2736400
LATENCY 3026500
TIMELINE 23 1623 241752032675300 3026500
LATENCY 2949600
TIMELINE 23 1639 241752080762700 2949600
LATENCY 2577200
TIMELINE 23 1655 241752126906300 2577200
LATENCY 2952600
TIMELINE 23 1671 241752171465900 2952600
LATENCY 2801000
TIMELINE 23 1687 241752219520700 2801000
LATENCY 2881400
TIMELINE 23 1703 241752269552000 2881400
LATENCY 2922100
TIMELINE 23 1719 241752316219700 2922100
LATENCY 2889900
TIMELINE 23 1735 241752365446300 2889900
LATENCY 2833400
TIMELINE 23 1751 241752411694600 2833400
LATENCY 3011300
TIMELINE 23 1767 241752459426900 3011300
LATENCY 2818600
TIMELINE 23 1783 241752505768300 2818600
LATENCY 2930100
TIMELINE 23 1799 241752554953800 2930100
LATENCY 2757400
TIMELINE 23 1815 241752598769000 2757400
LATENCY 2664400
TIMELINE 23 1831 241752646553200 2664400
LATENCY 2697500
TIMELINE 23 1847 241752690349400 2697500
LATENCY 3037400
TIMELINE 23 1863 241752737584200 3037400
LATENCY 2894100
TIMELINE 23 1879 241752785665000 2894100
LATENCY 3011800
TIMELINE 23 1895 241752831133300 3011800
LATENCY 3386100
TIMELINE 23 1911 241752881197800 3386100
LATENCY 3278100
TIMELINE 23 1927 241752935561400 3278100
LATENCY 3469300
TIMELINE 23 1943 241752992668400 3469300
LATENCY 3178700
TIMELINE 23 1959 241753045139900 3178700
LATENCY 2596200
TIMELINE 23 1975 241753091668800 2596200
LATENCY 2644500
TIMELINE 23 1991 241753135425800 2644500
LATENCY 2706400
TIMELINE 23 2007 241753179927300 2706400
LATENCY 2798500
TIMELINE 23 2023 241753224156200 2798500
LATENCY 2827400
TIMELINE 23 2039 241753270728500 2827400
LATENCY 3248900
TIMELINE 24 8 241748174350000 3248900
LATENCY 2438100
TIMELINE 24 24 241748214047900 2438100
LATENCY 2236900
TIMELINE 24 40 241748250703400 2236900
LATENCY 2323600
TIMELINE 24 56 241748287510200 2323600
LATENCY 2363600
TIMELINE 24 72 241748324505700 2363600
LATENCY 2445800
TIMELINE 24 88 241748362410900 2445800
LATENCY 2304700
TIMELINE 24 104 241748400194700 2304700
LATENCY 2237700
TIMELINE 24 120 241748443493400 2237700
LATENCY 2148300
TIMELINE 24 136 241748478621400 2148300
LATENCY 2221100
TIMELINE 24 152 241748514622500 2221100
LATENCY 2140600
TIMELINE 24 168 241748551888700 2140600
LATENCY 2139900
TIMELINE 24 184 241748586587400 2139900
LATENCY 2209600
TIMELINE 24 200 241748623124100 2209600
LATENCY 2231500
TIMELINE 24 216 241748657392200 2231500
LATENCY 2096100
TIMELINE 24 232 241748692526600 2096100
LATENCY 2133400
TIMELINE 24 248 241748732888400 2133400
LATENCY 2263100
TIMELINE 24 264 241748768496500 2263100
LATENCY 2109000
TIMELINE 24 280 241748802853200 2109000
LATENCY 2129600
TIMELINE 24 296 241748837447700 2129600
LATENCY 2039200
TIMELINE 24 312 241748871942400 2039200
LATENCY 2084900
TIMELINE 24 328 241748905196200 2084900
LATENCY 2068500
TIMELINE 24 344 241748939335800 2068500
LATENCY 2166400
TIMELINE 24 360 241748972844500 2166400
LATENCY 2246200
TIMELINE 24 376 241749015021100 2246200
LATENCY 2197500
TIMELINE 24 392 241749050828600 2197500
LATENCY 2538100
TIMELINE 24 408 241749085230800 2538100
LATENCY 2141600
TIMELINE 24 424 241749120541100 2141600
LATENCY 2054100
TIMELINE 24 440 241749155086600 2054100
LATENCY 2409200
TIMELINE 24 456 241749190500800 2409200
LATENCY 2125200
TIMELINE 24 472 241749225363000 2125200
LATENCY 2118100
TIMELINE 24 488 241749259301700 2118100
LATENCY 2055900
TIMELINE 24 504 241749300348400 2055900
LATENCY 2101400
TIMELINE 24 520 241749334137000 2101400
LATENCY 2118300
TIMELINE 24 536 241749368063600 2118300
LATENCY 2103500
TIMELINE 24 552 241749401974300 2103500
LATENCY 2158500
TIMELINE 24 568 241749437383900 2158500
LATENCY 2144700
TIMELINE 24 584 241749472903400 2144700
LATENCY 2326300
TIMELINE 24 600 241749507622900 2326300
LATENCY 2199900
TIMELINE 24 616 241749542352200 2199900
LATENCY 2225800
TIMELINE 24 632 241749584697100 2225800
LATENCY 2099600
TIMELINE 24 648 241749620080100 2099600
LATENCY 2142900
TIMELINE 24 664 241749653735400 2142900
LATENCY 2100600
TIMELINE 24 680 241749687456800 2100600
LATENCY 2086200
TIMELINE 24 696 241749721247600 2086200
LATENCY 2221200
TIMELINE 24 712 241749755245100 2221200
LATENCY 2127800
TIMELINE 24 728 241749789415900 2127800
LATENCY 2142500
TIMELINE 24 744 241749831507600 2142500
LATENCY 2161400
TIMELINE 24 760 241749866305200 2161400
LATENCY 2197800
TIMELINE 24 776 241749900764400 2197800
LATENCY 2145900
TIMELINE 24 792 241749936589100 2145900
LATENCY 2170900
TIMELINE 24 808 241749971969000 2170900
LATENCY 2108500
TIMELINE 24 824 241750006518000 2108500
LATENCY 2059600
TIMELINE 24 840 241750040215900 2059600
LATENCY 2345700
TIMELINE 24 856 241750092283000 2345700
LATENCY 2100500
TIMELINE 24 872 241750135417700 2100500
LATENCY 2160000
TIMELINE 24 888 241750169659100 2160000
LATENCY 2422000
TIMELINE 24 904 241750205272900 2422000
LATENCY 2190600
TIMELINE 24 920 241750240606000 2190600
LATENCY 2174500
TIMELINE 24 936 241750276940700 2174500
LATENCY 2104000
TIMELINE 24 952 241750312215000 2104000
LATENCY 2136600
TIMELINE 24 968 241750345971300 2136600
LATENCY 2106500
TIMELINE 24 984 241750388225900 2106500
LATENCY 2089600
TIMELINE 24 1000 241750422183800 2089600
LATENCY 2081700
TIMELINE 24 1016 241750455907400 2081700
LATENCY 2129600
TIMELINE 24 1032 241750489768400 2129600
LATENCY 2110800
TIMELINE 24 1048 241750523391800 2110800
LATENCY 2145600
TIMELINE 24 1064 241750558173500 2145600
LATENCY 2136900
TIMELINE 24 1080 241750592495500 2136900
LATENCY 2126200
TIMELINE 24 1096 241750626511000 2126200
LATENCY 2206500
TIMELINE 24 1112 241750666184300 2206500
LATENCY 2123100
TIMELINE 24 1128 241750700489400 2123100
LATENCY 2171400
TIMELINE 24 1144 241750734776400 2171400
LATENCY 2137900
TIMELINE 24 1160 241750768892900 2137900
LATENCY 2124800
TIMELINE 24 1176 241750802524400 2124800
LATENCY 2212700
TIMELINE 24 1192 241750836240700 2212700
LATENCY 2151000
TIMELINE 24 1208 241750872116600 2151000
LATENCY 2191700
TIMELINE 24 1224 241750912986500 2191700
LATENCY 2364000
TIMELINE 24 1240 241750948427400 2364000
LATENCY 2231500
TIMELINE 24 1256 241750984454200 2231500
LATENCY 2181700
TIMELINE 24 1272 241751021680100 2181700
LATENCY 2133600
TIMELINE 24 1288 241751056323900 2133600
LATENCY 2204800
TIMELINE 24 1304 241751091867100 2204800
LATENCY 2746100
TIMELINE 24 1320 241751132761300 2746100
LATENCY 3216300
TIMELINE 24 1336 241751181085300 3216300
LATENCY 3012100
TIMELINE 24 1352 241751234268400 3012100
LATENCY 2779500
TIMELINE 24 1368 241751281620300 2779500
LATENCY 2574200
TIMELINE 24 1384 241751326961100 2574200
LATENCY 3203100
TIMELINE 24 1400 241751370463700 3203100
LATENCY 3017200
TIMELINE 24 1416 241751418039200 3017200
LATENCY 3086100
TIMELINE 24 1432 241751465216800 3086100
LATENCY 2947200
TIMELINE 24 1448 241751509385900 2947200
LATENCY 3010300
TIMELINE 24 1464 241751561074100 3010300
LATENCY 3049000
TIMELINE 24 1480 241751608014800 3049000
LATENCY 2814000
TIMELINE 24 1496 241751652768400 2814000
LATENCY 2736300
TIMELINE 24 1512 241751696448100 2736300
LATENCY 2975900
TIMELINE 24 1528 241751741220900 2975900
LATENCY 2730600
TIMELINE 24 1544 241751787564400 2730600
LATENCY 2862500
TIMELINE 24 1560 241751834605800 2862500
LATENCY 2912600
TIMELINE 24 1576 241751881082400 2912600
LATENCY 2941900
TIMELINE 24 1592 241751941686300 2941900
LATENCY 2943400
TIMELINE 24 1608 241751988555700 2943400
LATENCY 3019700
TIMELINE 24 1624 241752035328500 3019700
LATENCY 2965900
TIMELINE 24 1640 241752083303200 2965900
LATENCY 2574200
TIMELINE 24 1656 241752129168500 2574200
LATENCY 2926000
TIMELINE 24 1672 241752174089800 2926000
LATENCY 2774600
TIMELINE 24 1688 241752221927700 2774600
LATENCY 2893900
TIMELINE 24 1704 241752272141300 2893900
LATENCY 2921900
TIMELINE 24 1720 241752318813500 2921900
LATENCY 2940200
TIMELINE 24 1736 241752368052900 2940200
LATENCY 2960200
TIMELINE 24 1752 241752414243900 2960200
LATENCY 3043500
TIMELINE 24 1768 241752462142100 3043500
LATENCY 2794500
TIMELINE 24 1784 241752508319500 2794500
LATENCY 2752500
TIMELINE 24 1800 241752557613600 2752500
LATENCY 7285000
TIMELINE 24 1816 241752601264700 7285000
LATENCY 3012700
TIMELINE 24 1832 241752648911800 3012700
LATENCY 2938400
TIMELINE 24 1848 241752692816800 2938400
LATENCY 3088700
TIMELINE 24 1864 241752740538000 3088700
LATENCY 2855600
TIMELINE 24 1880 241752788476200 2855600
LATENCY 3122300
TIMELINE 24 1896 241752834060800 3122300
LATENCY 3405700
TIMELINE 24 1912 241752884492500 3405700
LATENCY 3178900
TIMELINE 24 1928 241752938713400 3178900
LATENCY 3281600
TIMELINE 24 1944 241752996012000 3281600
LATENCY 3184300
TIMELINE 24 1960 241753048190900 3184300
LATENCY 2613000
TIMELINE 24 1976 241753094154900 2613000
LATENCY 2647500
TIMELINE 24 1992 241753137992600 2647500
LATENCY 2365400
TIMELINE 24 2008 241753182556000 2365400
LATENCY 2804400
TIMELINE 24 2024 241753226880500 2804400
LATENCY 2782800
TIMELINE 24 2040 241753273481200 2782800
LATENCY 2659900
TIMELINE 25 9 241748177651200 2659900
LATENCY 2229700
TIMELINE 25 25 241748216607200 2229700
LATENCY 2237900
TIMELINE 25 41 241748253068800 2237900
LATENCY 2246700
TIMELINE 25 57 241748290023800 2246700
LATENCY 2333900
TIMELINE 25 73 241748327191000 2333900
LATENCY 2309400
TIMELINE 25 89 241748365177300 2309400
LATENCY 2545200
TIMELINE 25 105 241748410031400 2545200
LATENCY 2204500
TIMELINE 25 121 241748445661400 2204500
LATENCY 2167100
TIMELINE 25 137 241748480712300 2167100
LATENCY 2311500
TIMELINE 25 153 241748516735800 2311500
LATENCY 2165700
TIMELINE 25 169 241748554146800 2165700
LATENCY 2201000
TIMELINE 25 185 241748588851400 2201000
LATENCY 2157600
TIMELINE 25 201 241748625249800 2157600
LATENCY 2303500
TIMELINE 25 217 241748659537300 2303500
LATENCY 2092100
TIMELINE 25 233 241748694491900 2092100
LATENCY 2215500
TIMELINE 25 249 241748734848500 2215500
LATENCY 2099600
TIMELINE 25 265 241748770559300 2099600
LATENCY 2126200
TIMELINE 25 281 241748804879700 2126200
LATENCY 2145200
TIMELINE 25 297 241748839516300 2145200
LATENCY 2094500
TIMELINE 25 313 241748873929900 2094500
LATENCY 2143600
TIMELINE 25 329 241748907223800 2143600
LATENCY 2080100
TIMELINE 25 345 241748941463300 2080100
LATENCY 2379000
TIMELINE 25 361 241748975154200 2379000
LATENCY 2214800
TIMELINE 25 377 241749017152600 2214800
LATENCY 2201600
TIMELINE 25 393 241749052849800 2201600
LATENCY 2497600
TIMELINE 25 409 241749087595500 2497600
LATENCY 2127000
TIMELINE 25 425 241749122572400 2127000
LATENCY 2176300
TIMELINE 25 441 241749156950200 2176300
LATENCY 2316100
TIMELINE 25 457 241749192297900 2316100
LATENCY 2120900
TIMELINE 25 473 241749226980900 2120900
LATENCY 2112500
TIMELINE 25 489 241749260912300 2112500
LATENCY 2063200
TIMELINE 25 505 241749301905200 2063200
LATENCY 2087700
TIMELINE 25 521 241749335759900 2087700
LATENCY 2159000
TIMELINE 25 537 241749369697700 2159000
LATENCY 2125900
TIMELINE 25 553 241749403599400 2125900
LATENCY 2222500
TIMELINE 25 569 241749439402200 2222500
LATENCY 2203500
TIMELINE 25 585 241749474916100 2203500
LATENCY 2187600
TIMELINE 25 601 241749509807100 2187600
LATENCY 2119900
TIMELINE 25 617 241749544441100 2119900
LATENCY 2499500
TIMELINE 25 633 241749586721800 2499500
LATENCY 2125900
TIMELINE 25 649 241749621966700 2125900
LATENCY 2133600
TIMELINE 25 665 241749655622200 2133600
LATENCY 2157700
TIMELINE 25 681 241749689298500 2157700
LATENCY 2089200
TIMELINE 25 697 241749723083700 2089200
LATENCY 2168500
TIMELINE 25 713 241749757164000 2168500
LATENCY 2175900
TIMELINE 25 729 241749791269000 2175900
LATENCY 2188100
TIMELINE 25 745 241749832796800 2188100
LATENCY 2184000
TIMELINE 25 761 241749867744800 2184000
LATENCY 2176300
TIMELINE 25 777 241749902244700 2176300
LATENCY 2135200
TIMELINE 25 793 241749938131000 2135200
LATENCY 2155600
TIMELINE 25 809 241749973504200 2155600
LATENCY 2098100
TIMELINE 25 825 241750007910300 2098100
LATENCY 2101800
TIMELINE 25 841 241750041572500 2101800
LATENCY 2198300
TIMELINE 25 857 241750090930700 2198300
LATENCY 2047500
TIMELINE 25 873 241750134104300 2047500
LATENCY 2158900
TIMELINE 25 889 241750168256600 2158900
LATENCY 2206800
TIMELINE 25 905 241750203584100 2206800
LATENCY 2189900
TIMELINE 25 921 241750239006500 2189900
LATENCY 2253200
TIMELINE 25 937 241750275284500 2253200
LATENCY 2149200
TIMELINE 25 953 241750310458300 2149200
LATENCY 2100500
TIMELINE 25 969 241750344241000 2100500
LATENCY 2362200
TIMELINE 25 985 241750386392100 2362200
LATENCY 2091400
TIMELINE 25 1001 241750420767200 2091400
LATENCY 2083200
TIMELINE 25 1017 241750454492500 2083200
LATENCY 2123400
TIMELINE 25 1033 241750488261400 2123400
LATENCY 2094800
TIMELINE 25 1049 241750521904800 2094800
LATENCY 2077200
TIMELINE 25 1065 241750556814100 2077200
LATENCY 2110900
TIMELINE 25 1081 241750591139600 2110900
LATENCY 2107700
TIMELINE 25 1097 241750625075900 2107700
LATENCY 2249800
TIMELINE 25 1113 241750664420000 2249800
LATENCY 2110200
TIMELINE 25 1129 241750698839700 2110200
LATENCY 2256300
TIMELINE 25 1145 241750733025800 2256300
LATENCY 2104400
TIMELINE 25 1161 241750767274300 2104400
LATENCY 2104500
TIMELINE 25 1177 241750800860300 2104500
LATENCY 2094700
TIMELINE 25 1193 241750834633500 2094700
LATENCY 2065000
TIMELINE 25 1209 241750870549300 2065000
LATENCY 2186700
TIMELINE 25 1225 241750911322900 2186700
LATENCY 2421900
TIMELINE 25 1241 241750946572600 2421900
LATENCY 2176900
TIMELINE 25 1257 241750982926500 2176900
LATENCY 2187200
TIMELINE 25 1273 241751020133200 2187200
LATENCY 2177500
TIMELINE 25 1289 241751054725800 2177500
LATENCY 2179800
TIMELINE 25 1305 241751090756600 2179800
LATENCY 2725000
TIMELINE 25 1321 241751131397600 2725000
LATENCY 3185900
TIMELINE 25 1337 241751179599400 3185900
LATENCY 3017100
TIMELINE 25 1353 241751232779000 3017100
LATENCY 2813900
TIMELINE 25 1369 241751280185900 2813900
LATENCY 2598700
TIMELINE 25 1385 241751325637200 2598700
LATENCY 3087800
TIMELINE 25 1401 241751368911600 3087800
LATENCY 2955900
TIMELINE 25 1417 241751416569700 2955900
LATENCY 2914100
TIMELINE 25 1433 241751463766000 2914100
LATENCY 2904400
TIMELINE 25 1449 241751507995700 2904400
LATENCY 3070400
TIMELINE 25 1465 241751559568400 3070400
LATENCY 2987600
TIMELINE 25 1481 241751606745300 2987600
LATENCY 2736700
TIMELINE 25 1497 241751651602200 2736700
LATENCY 2724000
TIMELINE 25 1513 241751695276700 2724000
LATENCY 2944100
TIMELINE 25 1529 241751739940600 2944100
LATENCY 2739000
TIMELINE 25 1545 241751786334800 2739000
LATENCY 2823800
TIMELINE 25 1561 241751833377400 2823800
LATENCY 2914500
TIMELINE 25 1577 241751879823500 2914500
LATENCY 2934200
TIMELINE 25 1593 241751940398100 2934200
LATENCY 2946900
TIMELINE 25 1609 241751987270400 2946900
LATENCY 3056300
TIMELINE 25 1625 241752036492800 3056300
LATENCY 2961000
TIMELINE 25 1641 241752084515900 2961000
LATENCY 2595600
TIMELINE 25 1657 241752130148200 2595600
LATENCY 2941200
TIMELINE 25 1673 241752175163000 2941200
LATENCY 2687800
TIMELINE 25 1689 241752223018800 2687800
LATENCY 2938200
TIMELINE 25 1705 241752273159000 2938200
LATENCY 2917000
TIMELINE 25 1721 241752319897500 2917000
LATENCY 2923100
TIMELINE 25 1737 241752369092200 2923100
LATENCY 3037100
TIMELINE 25 1753 241752415195400 3037100
LATENCY 3004900
TIMELINE 25 1769 241752463202500 3004900
LATENCY 2777800
TIMELINE 25 1785 241752509278400 2777800
LATENCY 2745300
TIMELINE 25 1801 241752558534900 2745300
LATENCY 7290900
TIMELINE 25 1817 241752602175900 7290900
LATENCY 2915200
TIMELINE 25 1833 241752649927100 2915200
LATENCY 3004500
TIMELINE 25 1849 241752693759300 3004500
LATENCY 3128100
TIMELINE 25 1865 241752741572100 3128100
LATENCY 2720800
TIMELINE 25 1881 241752789549900 2720800
LATENCY 3120100
TIMELINE 25 1897 241752835174500 3120100
LATENCY 3533600
TIMELINE 25 1913 241752885665000 3533600
LATENCY 3194900
TIMELINE 25 1929 241752939927800 3194900
LATENCY 3276700
TIMELINE 25 1945 241752997283200 3276700
LATENCY 3142000
TIMELINE 25 1961 241753049414300 3142000
LATENCY 2612800
TIMELINE 25 1977 241753095165900 2612800
LATENCY 2630800
TIMELINE 25 1993 241753139015200 2630800
LATENCY 2469400
TIMELINE 25 2009 241753183637200 2469400
LATENCY 2857700
TIMELINE 25 2025 241753228003700 2857700
LATENCY 2788500
TIMELINE 25 2041 241753274807400 2788500
LATENCY 2393100
TIMELINE 26 10 241748180414500 2393100
LATENCY 2207100
TIMELINE 26 26 241748218936100 2207100
LATENCY 2249400
TIMELINE 26 42 241748255365200 2249400
LATENCY 2291500
TIMELINE 26 58 241748292240900 2291500
LATENCY 2415000
TIMELINE 26 74 241748329566000 2415000
LATENCY 2361800
TIMELINE 26 90 241748367400600 2361800
LATENCY 2199600
TIMELINE 26 106 241748412641500 2199600
LATENCY 2234400
TIMELINE 26 122 241748448097400 2234400
LATENCY 2308700
TIMELINE 26 138 241748483115800 2308700
LATENCY 2339400
TIMELINE 26 154 241748519497300 2339400
LATENCY 2161500
TIMELINE 26 170 241748556463300 2161500
LATENCY 2662500
TIMELINE 26 186 241748591193700 2662500
LATENCY 2163000
TIMELINE 26 202 241748627606100 2163000
LATENCY 2225200
TIMELINE 26 218 241748661979500 2225200
LATENCY 2172100
TIMELINE 26 234 241748696672200 2172100
LATENCY 2421100
TIMELINE 26 250 241748737152600 2421100
LATENCY 2132300
TIMELINE 26 266 241748772692600 2132300
LATENCY 2143300
TIMELINE 26 282 241748806870500 2143300
LATENCY 2120500
TIMELINE 26 298 241748841464500 2120500
LATENCY 2075500
TIMELINE 26 314 241748875795400 2075500
LATENCY 2126700
TIMELINE 26 330 241748909130700 2126700
LATENCY 2068000
TIMELINE 26 346 241748943308000 2068000
LATENCY 2305200
TIMELINE 26 362 241748977327300 2305200
LATENCY 2239400
TIMELINE 26 378 241749018727800 2239400
LATENCY 2193300
TIMELINE 26 394 241749054441300 2193300
LATENCY 2274200
TIMELINE 26 410 241749089368100 2274200
LATENCY 2143700
TIMELINE 26 426 241749124170700 2143700
LATENCY 2141500
TIMELINE 26 442 241749158557300 2141500
LATENCY 2294800
TIMELINE 26 458 241749194272500 2294800
LATENCY 2126100
TIMELINE 26 474 241749228779900 2126100
LATENCY 2139700
TIMELINE 26 490 241749262736000 2139700
LATENCY 2093400
TIMELINE 26 506 241749303692300 2093400
LATENCY 2117100
TIMELINE 26 522 241749337560100 2117100
LATENCY 2101600
TIMELINE 26 538 241749371568900 2101600
LATENCY 2139300
TIMELINE 26 554 241749405437800 2139300
LATENCY 2245700
TIMELINE 26 570 241749440983600 2245700
LATENCY 2232100
TIMELINE 26 586 241749476479000 2232100
LATENCY 2123600
TIMELINE 26 602 241749511369800 2123600
LATENCY 2060600
TIMELINE 26 618 241749545936700 2060600
LATENCY 2574300
TIMELINE 26 634 241749588466300 2574300
LATENCY 2152800
TIMELINE 26 650 241749623426100 2152800
LATENCY 2136000
TIMELINE 26 666 241749657158900 2136000
LATENCY 2116000
TIMELINE 26 682 241749690865800 2116000
LATENCY 2127700
TIMELINE 26 698 241749724585100 2127700
LATENCY 2134200
TIMELINE 26 714 241749758729500 2134200
LATENCY 2127900
TIMELINE 26 730 241749792856000 2127900
LATENCY 2149400
TIMELINE 26 746 241749835306400 2149400
LATENCY 2130400
TIMELINE 26 762 241749870134900 2130400
LATENCY 2364500
TIMELINE 26 778 241749904629500 2364500
LATENCY 2177700
TIMELINE 26 794 241749940442700 2177700
LATENCY 2197300
TIMELINE 26 810 241749975865000 2197300
LATENCY 2094700
TIMELINE 26 826 241750010178000 2094700
LATENCY 2143900
TIMELINE 26 842 241750043843100 2143900
LATENCY 2374100
TIMELINE 26 858 241750096711700 2374100
LATENCY 2169100
TIMELINE 26 874 241750139596600 2169100
LATENCY 2345600
TIMELINE 26 890 241750173936700 2345600
LATENCY 2131600
TIMELINE 26 906 241750209532400 2131600
LATENCY 2207400
TIMELINE 26 922 241750244746100 2207400
LATENCY 2104000
TIMELINE 26 938 241750280935200 2104000
LATENCY 2196400
TIMELINE 26 954 241750315961900 2196400
LATENCY 2081400
TIMELINE 26 970 241750349779200 2081400
LATENCY 2085100
TIMELINE 26 986 241750392166600 2085100
LATENCY 2117400
TIMELINE 26 1002 241750426120000 2117400
LATENCY 2144500
TIMELINE 26 1018 241750459889200 2144500
LATENCY 2099900
TIMELINE 26 1034 241750493700800 2099900
LATENCY 2107600
TIMELINE 26 1050 241750527424800 2107600
LATENCY 2069400
TIMELINE 26 1066 241750562359000 2069400
LATENCY 2100700
TIMELINE 26 1082 241750596606500 2100700
LATENCY 2120200
TIMELINE 26 1098 241750630540500 2120200
LATENCY 2169800
TIMELINE 26 1114 241750670273700 2169800
LATENCY 2100500
TIMELINE 26 1130 241750704456700 2100500
LATENCY 2204400
TIMELINE 26 1146 241750738795000 2204400
LATENCY 2099500
TIMELINE 26 1162 241750772862100 2099500
LATENCY 2083600
TIMELINE 26 1178 241750806429500 2083600
LATENCY 2132500
TIMELINE 26 1194 241750840275100 2132500
LATENCY 2128900
TIMELINE 26 1210 241750876579300 2128900
LATENCY 2132700
TIMELINE 26 1226 241750917379000 2132700
LATENCY 2169200
TIMELINE 26 1242 241750953078100 2169200
LATENCY 2226900
TIMELINE 26 1258 241750989083800 2226900
LATENCY 2111300
TIMELINE 26 1274 241751026172300 2111300
LATENCY 2138100
TIMELINE 26 1290 241751060651500 2138100
LATENCY 2200800
TIMELINE 26 1306 241751096319200 2200800
LATENCY 3033100
TIMELINE 26 1322 241751138873900 3033100
LATENCY 7758300
TIMELINE 26 1338 241751187355700 7758300
LATENCY 3004700
TIMELINE 26 1354 241751240374800 3004700
LATENCY 2773400
TIMELINE 26 1370 241751287337000 2773400
LATENCY 2588500
TIMELINE 26 1386 241751332170100 2588500
LATENCY 2978300
TIMELINE 26 1402 241751376872500 2978300
LATENCY 2944800
TIMELINE 26 1418 241751424082400 2944800
LATENCY 2667900
TIMELINE 26 1434 241751471227200 2667900
LATENCY 2952800
TIMELINE 26 1450 241751515443500 2952800
LATENCY 2997600
TIMELINE 26 1466 241751567159200 2997600
LATENCY 2949000
TIMELINE 26 1482 241751614391300 2949000
LATENCY 2724700
TIMELINE 26 1498 241751658626800 2724700
LATENCY 2822700
TIMELINE 26 1514 241751702290300 2822700
LATENCY 2942200
TIMELINE 26 1530 241751747454000 2942200
LATENCY 2754000
TIMELINE 26 1546 241751793286400 2754000
LATENCY 2884300
TIMELINE 26 1562 241751840569400 2884300
LATENCY 3133900
TIMELINE 26 1578 241751900091900 3133900
LATENCY 2919400
TIMELINE 26 1594 241751947824700 2919400
LATENCY 2896300
TIMELINE 26 1610 241751994685300 2896300
LATENCY 3011200
TIMELINE 26 1626 241752042986300 3011200
LATENCY 2930300
TIMELINE 26 1642 241752090767300 2930300
LATENCY 2672000
TIMELINE 26 1658 241752135614000 2672000
LATENCY 2922400
TIMELINE 26 1674 241752181423700 2922400
LATENCY 2704800
TIMELINE 26 1690 241752228753800 2704800
LATENCY 2922100
TIMELINE 26 1706 241752279362100 2922100
LATENCY 2908900
TIMELINE 26 1722 241752326101200 2908900
LATENCY 2715700
TIMELINE 26 1738 241752375371200 2715700
LATENCY 2876900
TIMELINE 26 1754 241752421454800 2876900
LATENCY 2980600
TIMELINE 26 1770 241752469643900 2980600
LATENCY 2980800
TIMELINE 26 1786 241752515225700 2980800
LATENCY 2703700
TIMELINE 26 1802 241752564349400 2703700
LATENCY 2603100
TIMELINE 26 1818 241752612540500 2603100
LATENCY 2750100
TIMELINE 26 1834 241752655909400 2750100
LATENCY 2989400
TIMELINE 26 1850 241752700300100 2989400
LATENCY 2960800
TIMELINE 26 1866 241752748097000 2960800
LATENCY 2604000
TIMELINE 26 1882 241752795308700 2604000
LATENCY 3020300
TIMELINE 26 1898 241752841799600 3020300
LATENCY 3381500
TIMELINE 26 1914 241752893136300 3381500
LATENCY 3152300
TIMELINE 26 1930 241752946659200 3152300
LATENCY 3238100
TIMELINE 26 1946 241753004180200 3238100
LATENCY 3161400
TIMELINE 26 1962 241753056006500 3161400
LATENCY 2748700
TIMELINE 26 1978 241753100670100 2748700
LATENCY 2589000
TIMELINE 26 1994 241753144557600 2589000
LATENCY 2720300
TIMELINE 26 2010 241753189074700 2720300
LATENCY 2787500
TIMELINE 26 2026 241753234108800 2787500
LATENCY 2832600
TIMELINE 26 2042 241753280773500 2832600
LATENCY 2724200
TIMELINE 27 11 241748182874700 2724200
LATENCY 2195700
TIMELINE 27 27 241748221181200 2195700
LATENCY 2225200
TIMELINE 27 43 241748257716400 2225200
LATENCY 2256400
TIMELINE 27 59 241748294665000 2256400
LATENCY 2477100
TIMELINE 27 75 241748332045300 2477100
LATENCY 2344400
TIMELINE 27 91 241748369942700 2344400
LATENCY 2146000
TIMELINE 27 107 241748414935800 2146000
LATENCY 2433700
TIMELINE 27 123 241748450368800 2433700
LATENCY 2444000
TIMELINE 27 139 241748485471700 2444000
LATENCY 2580600
TIMELINE 27 155 241748521800700 2580600
LATENCY 2192200
TIMELINE 27 171 241748558658700 2192200
LATENCY 2411500
TIMELINE 27 187 241748593812200 2411500
LATENCY 2123500
TIMELINE 27 203 241748629856300 2123500
LATENCY 2121200
TIMELINE 27 219 241748664374100 2121200
LATENCY 8470000
TIMELINE 27 235 241748699045200 8470000
LATENCY 2254800
TIMELINE 27 251 241748739809700 2254800
LATENCY 2130500
TIMELINE 27 267 241748775063200 2130500
LATENCY 2120000
TIMELINE 27 283 241748809291500 2120000
LATENCY 2108000
TIMELINE 27 299 241748843868500 2108000
LATENCY 2109300
TIMELINE 27 315 241748878169400 2109300
LATENCY 2033400
TIMELINE 27 331 241748911560600 2033400
LATENCY 2084000
TIMELINE 27 347 241748945487500 2084000
LATENCY 2216100
TIMELINE 27 363 241748979844600 2216100
LATENCY 2194000
TIMELINE 27 379 241749021612000 2194000
LATENCY 2066300
TIMELINE 27 395 241749057216600 2066300
LATENCY 2193900
TIMELINE 27 411 241749092180300 2193900
LATENCY 2126100
TIMELINE 27 427 241749126733400 2126100
LATENCY 2196400
TIMELINE 27 443 241749161178100 2196400
LATENCY 2199100
TIMELINE 27 459 241749196814400 2199100
LATENCY 2101800
TIMELINE 27 475 241749231133400 2101800
LATENCY 2120300
TIMELINE 27 491 241749265077300 2120300
LATENCY 2080500
TIMELINE 27 507 241749305979200 2080500
LATENCY 2119000
TIMELINE 27 523 241749339885400 2119000
LATENCY 2107200
TIMELINE 27 539 241749373867700 2107200
LATENCY 2548600
TIMELINE 27 555 241749407774700 2548600
LATENCY 2245200
TIMELINE 27 571 241749443583500 2245200
LATENCY 2167200
TIMELINE 27 587 241749479061100 2167200
LATENCY 2160400
TIMELINE 27 603 241749513835100 2160400
LATENCY 8884000
TIMELINE 27 619 241749548302900 8884000
LATENCY 2247000
TIMELINE 27 635 241749591537400 2247000
LATENCY 2104800
TIMELINE 27 651 241749626035800 2104800
LATENCY 2054100
TIMELINE 27 667 241749659745700 2054100
LATENCY 2117100
TIMELINE 27 683 241749693443100 2117100
LATENCY 2077800
TIMELINE 27 699 241749727166400 2077800
LATENCY 2116800
TIMELINE 27 715 241749761311600 2116800
LATENCY 2092800
TIMELINE 27 731 241749795441900 2092800
LATENCY 2393700
TIMELINE 27 747 241749837404900 2393700
LATENCY 2194200
TIMELINE 27 763 241749872212800 2194200
LATENCY 2351800
TIMELINE 27 779 241749907081600 2351800
LATENCY 2151600
TIMELINE 27 795 241749942682300 2151600
LATENCY 2159000
TIMELINE 27 811 241749978097900 2159000
LATENCY 2119700
TIMELINE 27 827 241750012305400 2119700
LATENCY 2102200
TIMELINE 27 843 241750046020000 2102200
LATENCY 2289000
TIMELINE 27 859 241750098333000 2289000
LATENCY 2133000
TIMELINE 27 875 241750141334900 2133000
LATENCY 2253400
TIMELINE 27 891 241750175949300 2253400
LATENCY 2146900
TIMELINE 27 907 241750211467200 2146900
LATENCY 2113900
TIMELINE 27 923 241750246701600 2113900
LATENCY 2334800
TIMELINE 27 939 241750283308200 2334800
LATENCY 2124400
TIMELINE 27 955 241750318271300 2124400
LATENCY 2110400
TIMELINE 27 971 241750351976400 2110400
LATENCY 2180000
TIMELINE 27 987 241750394286300 2180000
LATENCY 2114700
TIMELINE 27 1003 241750428271100 2114700
LATENCY 2043300
TIMELINE 27 1019 241750462119200 2043300
LATENCY 2106000
TIMELINE 27 1035 241750495893000 2106000
LATENCY 2099600
TIMELINE 27 1051 241750529647100 2099600
LATENCY 2089700
TIMELINE 27 1067 241750564488400 2089700
LATENCY 2124100
TIMELINE 27 1083 241750598741000 2124100
LATENCY 6980400
TIMELINE 27 1099 241750632693800 6980400
LATENCY 2211300
TIMELINE 27 1115 241750672415800 2211300
LATENCY 2100100
TIMELINE 27 1131 241750706531300 2100100
LATENCY 2174600
TIMELINE 27 1147 241750741033500 2174600
LATENCY 2087000
TIMELINE 27 1163 241750774993400 2087000
LATENCY 2087200
TIMELINE 27 1179 241750808545800 2087200
LATENCY 2121500
TIMELINE 27 1195 241750842441700 2121500
LATENCY 2138400
TIMELINE 27 1211 241750878586500 2138400
LATENCY 2236500
TIMELINE 27 1227 241750919229800 2236500
LATENCY 2254100
TIMELINE 27 1243 241750954906100 2254100
LATENCY 2220500
TIMELINE 27 1259 241750990978600 2220500
LATENCY 2114900
TIMELINE 27 1275 241751027957900 2114900
LATENCY 2130100
TIMELINE 27 1291 241751062413200 2130100
LATENCY 2195100
TIMELINE 27 1307 241751097988500 2195100
LATENCY 3032400
TIMELINE 27 1323 241751141180500 3032400
LATENCY 3037800
TIMELINE 27 1339 241751194381000 3037800
LATENCY 2984300
TIMELINE 27 1355 241751242662500 2984300
LATENCY 2728100
TIMELINE 27 1371 241751289458500 2728100
LATENCY 2736900
TIMELINE 27 1387 241751334159100 2736900
LATENCY 2818300
TIMELINE 27 1403 241751379215500 2818300
LATENCY 2981200
TIMELINE 27 1419 241751426324000 2981200
LATENCY 2687900
TIMELINE 27 1435 241751473309300 2687900
LATENCY 2951100
TIMELINE 27 1451 241751517736100 2951100
LATENCY 3018000
TIMELINE 27 1467 241751569473800 3018000
LATENCY 2989000
TIMELINE 27 1483 241751616550200 2989000
LATENCY 2712400
TIMELINE 27 1499 241751660660500 2712400
LATENCY 2823300
TIMELINE 27 1515 241751704323800 2823300
LATENCY 2992000
TIMELINE 27 1531 241751749645200 2992000
LATENCY 2739100
TIMELINE 27 1547 241751795300100 2739100
LATENCY 2940800
TIMELINE 27 1563 241751842666100 2940800
LATENCY 2987600
TIMELINE 27 1579 241751902429600 2987600
LATENCY 2914000
TIMELINE 27 1595 241751949975700 2914000
LATENCY 2939200
TIMELINE 27 1611 241751996802300 2939200
LATENCY 2997000
TIMELINE 27 1627 241752044773300 2997000
LATENCY 2927900
TIMELINE 27 1643 241752092541600 2927900
LATENCY 2740400
TIMELINE 27 1659 241752137243300 2740400
LATENCY 2916900
TIMELINE 27 1675 241752183285200 2916900
LATENCY 2676900
TIMELINE 27 1691 241752230497000 2676900
LATENCY 2903500
TIMELINE 27 1707 241752281221100 2903500
LATENCY 2915300
TIMELINE 27 1723 241752327941300 2915300
LATENCY 2718500
TIMELINE 27 1739 241752377111000 2718500
LATENCY 2984200
TIMELINE 27 1755 241752423243800 2984200
LATENCY 2999000
TIMELINE 27 1771 241752471530300 2999000
LATENCY 2965600
TIMELINE 27 1787 241752517121500 2965600
LATENCY 2741200
TIMELINE 27 1803 241752566061900 2741200
LATENCY 2663000
TIMELINE 27 1819 241752614214300 2663000
LATENCY 2745900
TIMELINE 27 1835 241752657666500 2745900
LATENCY 2972000
TIMELINE 27 1851 241752702263100 2972000
LATENCY 2976500
TIMELINE 27 1867 241752749994700 2976500
LATENCY 2614800
TIMELINE 27 1883 241752797020000 2614800
LATENCY 3019400
TIMELINE 27 1899 241752843675300 3019400
LATENCY 3394100
TIMELINE 27 1915 241752895299100 3394100
LATENCY 3152100
TIMELINE 27 1931 241752948580300 3152100
LATENCY 3286100
TIMELINE 27 1947 241753006209800 3286100
LATENCY 3224200
TIMELINE 27 1963 241753058013700 3224200
LATENCY 2831000
TIMELINE 27 1979 241753102378600 2831000
LATENCY 2645200
TIMELINE 27 1995 241753146135300 2645200
LATENCY 2766700
TIMELINE 27 2011 241753190687800 2766700
LATENCY 2743100
TIMELINE 27 2027 241753235824300 2743100
LATENCY 2856800
TIMELINE 27 2043 241753282360500 2856800
LATENCY 2474200
TIMELINE 28 12 241748185499800 2474200
LATENCY 2194900
TIMELINE 28 28 241748223283800 2194900
LATENCY 2261300
TIMELINE 28 44 241748259909900 2261300
LATENCY 2244900
TIMELINE 28 60 241748296860300 2244900
LATENCY 2471500
TIMELINE 28 76 241748334386100 2471500
LATENCY 2303500
TIMELINE 28 92 241748372112200 2303500
LATENCY 2153400
TIMELINE 28 108 241748416848100 2153400
LATENCY 2423100
TIMELINE 28 124 241748452200500 2423100
LATENCY 2395800
TIMELINE 28 140 241748487595900 2395800
LATENCY 2668500
TIMELINE 28 156 241748524046100 2668500
LATENCY 2151600
TIMELINE 28 172 241748560644300 2151600
LATENCY 2337000
TIMELINE 28 188 241748596599600 2337000
LATENCY 2120400
TIMELINE 28 204 241748632499900 2120400
LATENCY 2180300
TIMELINE 28 220 241748667065200 2180300
LATENCY 2089900
TIMELINE 28 236 241748708193800 2089900
LATENCY 2165800
TIMELINE 28 252 241748742617300 2165800
LATENCY 2154700
TIMELINE 28 268 241748777799200 2154700
LATENCY 2131700
TIMELINE 28 284 241748812138200 2131700
LATENCY 2124000
TIMELINE 28 300 241748846697500 2124000
LATENCY 2075700
TIMELINE 28 316 241748880930300 2075700
LATENCY 2213700
TIMELINE 28 332 241748914521000 2213700
LATENCY 2113700
TIMELINE 28 348 241748948484000 2113700
LATENCY 2215300
TIMELINE 28 364 241748983018600 2215300
LATENCY 2229100
TIMELINE 28 380 241749024829500 2229100
LATENCY 2102300
TIMELINE 28 396 241749060211200 2102300
LATENCY 2175400
TIMELINE 28 412 241749095294900 2175400
LATENCY 2120100
TIMELINE 28 428 241749129803000 2120100
LATENCY 2223600
TIMELINE 28 444 241749164270300 2223600
LATENCY 2172600
TIMELINE 28 460 241749200257600 2172600
LATENCY 2113400
TIMELINE 28 476 241749234411200 2113400
LATENCY 2127300
TIMELINE 28 492 241749268381700 2127300
LATENCY 2147400
TIMELINE 28 508 241749309187300 2147400
LATENCY 2125200
TIMELINE 28 524 241749343158000 2125200
LATENCY 2125500
TIMELINE 28 540 241749377133000 2125500
LATENCY 2286400
TIMELINE 28 556 241749411491300 2286400
LATENCY 2406700
TIMELINE 28 572 241749447000900 2406700
LATENCY 2170600
TIMELINE 28 588 241749482230400 2170600
LATENCY 2191800
TIMELINE 28 604 241749517038500 2191800
LATENCY 2221100
TIMELINE 28 620 241749558367900 2221100
LATENCY 2216400
TIMELINE 28 636 241749594798900 2216400
LATENCY 2110100
TIMELINE 28 652 241749629114700 2110100
LATENCY 2142100
TIMELINE 28 668 241749662749100 2142100
LATENCY 2127200
TIMELINE 28 684 241749696546400 2127200
LATENCY 2092500
TIMELINE 28 700 241749730269500 2092500
LATENCY 2104600
TIMELINE 28 716 241749764420100 2104600
LATENCY 2158300
TIMELINE 28 732 241749798509300 2158300
LATENCY 2221900
TIMELINE 28 748 241749840817200 2221900
LATENCY 2105100
TIMELINE 28 764 241749875199300 2105100
LATENCY 2294900
TIMELINE 28 780 241749910548000 2294900
LATENCY 2103700
TIMELINE 28 796 241749945858800 2103700
LATENCY 2181000
TIMELINE 28 812 241749981239900 2181000
LATENCY 2064800
TIMELINE 28 828 241750015393700 2064800
LATENCY 2133600
TIMELINE 28 844 241750049100800 2133600
LATENCY 9957300
TIMELINE 28 860 241750100774600 9957300
LATENCY 2225800
TIMELINE 28 876 241750143294500 2225800
LATENCY 2420500
TIMELINE 28 892 241750178237400 2420500
LATENCY 2261600
TIMELINE 28 908 241750213648700 2261600
LATENCY 2295800
TIMELINE 28 924 241750248788200 2295800
LATENCY 2231300
TIMELINE 28 940 241750285083200 2231300
LATENCY 2111700
TIMELINE 28 956 241750320189600 2111700
LATENCY 2122100
TIMELINE 28 972 241750353851500 2122100
LATENCY 2110800
TIMELINE 28 988 241750396326300 2110800
LATENCY 2079300
TIMELINE 28 1004 241750430248600 2079300
LATENCY 2105800
TIMELINE 28 1020 241750464001600 2105800
LATENCY 2124800
TIMELINE 28 1036 241750497825600 2124800
LATENCY 2094400
TIMELINE 28 1052 241750531319700 2094400
LATENCY 2108400
TIMELINE 28 1068 241750566100300 2108400
LATENCY 2201300
TIMELINE 28 1084 241750600384400 2201300
LATENCY 2133500
TIMELINE 28 1100 241750639208200 2133500
LATENCY 2163900
TIMELINE 28 1116 241750674203400 2163900
LATENCY 2124600
TIMELINE 28 1132 241750708203200 2124600
LATENCY 2120400
TIMELINE 28 1148 241750742718100 2120400
LATENCY 2085200
TIMELINE 28 1164 241750776625300 2085200
LATENCY 2092700
TIMELINE 28 1180 241750810179100 2092700
LATENCY 2206200
TIMELINE 28 1196 241750844092800 2206200
LATENCY 2116100
TIMELINE 28 1212 241750880273900 2116100
LATENCY 2247900
TIMELINE 28 1228 241750921402600 2247900
LATENCY 2233800
TIMELINE 28 1244 241750957075200 2233800
LATENCY 2235600
TIMELINE 28 1260 241750993110500 2235600
LATENCY 2118400
TIMELINE 28 1276 241751029994000 2118400
LATENCY 2088300
TIMELINE 28 1292 241751064604800 2088300
LATENCY 2097500
TIMELINE 28 1308 241751100333800 2097500
LATENCY 3005300
TIMELINE 28 1324 241751144421200 3005300
LATENCY 3024900
TIMELINE 28 1340 241751197638700 3024900
LATENCY 2786600
TIMELINE 28 1356 241751245817500 2786600
LATENCY 2833200
TIMELINE 28 1372 241751292410700 2833200
LATENCY 2587500
TIMELINE 28 1388 241751337040900 2587500
LATENCY 3044100
TIMELINE 28 1404 241751382203800 3044100
LATENCY 2940400
TIMELINE 28 1420 241751429476400 2940400
LATENCY 2727900
TIMELINE 28 1436 241751476155000 2727900
LATENCY 2927000
TIMELINE 28 1452 241751520864100 2927000
LATENCY 3003200
TIMELINE 28 1468 241751572667800 3003200
LATENCY 2784700
TIMELINE 28 1484 241751619614800 2784700
LATENCY 2692500
TIMELINE 28 1500 241751663443300 2692500
LATENCY 2705400
TIMELINE 28 1516 241751707221000 2705400
LATENCY 2887200
TIMELINE 28 1532 241751752720600 2887200
LATENCY 2745300
TIMELINE 28 1548 241751798123800 2745300
LATENCY 2947400
TIMELINE 28 1564 241751845688200 2947400
LATENCY 3177100
TIMELINE 28 1580 241751905502400 3177100
LATENCY 2968600
TIMELINE 28 1596 241751953018100 2968600
LATENCY 3115300
TIMELINE 28 1612 241751999869000 3115300
LATENCY 3096100
TIMELINE 28 1628 241752047064000 3096100
LATENCY 2889600
TIMELINE 28 1644 241752094737800 2889600
LATENCY 2688700
TIMELINE 28 1660 241752139274000 2688700
LATENCY 2904100
TIMELINE 28 1676 241752185435600 2904100
LATENCY 2651900
TIMELINE 28 1692 241752232469500 2651900
LATENCY 2905100
TIMELINE 28 1708 241752283353600 2905100
LATENCY 3350000
TIMELINE 28 1724 241752330092000 3350000
LATENCY 2692900
TIMELINE 28 1740 241752379114700 2692900
LATENCY 3133600
TIMELINE 28 1756 241752425423500 3133600
LATENCY 3006900
TIMELINE 28 1772 241752473732300 3006900
LATENCY 2853200
TIMELINE 28 1788 241752519296000 2853200
LATENCY 2781300
TIMELINE 28 1804 241752568007600 2781300
LATENCY 2674200
TIMELINE 28 1820 241752616066400 2674200
LATENCY 2692400
TIMELINE 28 1836 241752659631200 2692400
LATENCY 2980200
TIMELINE 28 1852 241752704248100 2980200
LATENCY 2911100
TIMELINE 28 1868 241752752005600 2911100
LATENCY 2628400
TIMELINE 28 1884 241752798747300 2628400
LATENCY 3009800
TIMELINE 28 1900 241752845678600 3009800
LATENCY 3464700
TIMELINE 28 1916 241752897575900 3464700
LATENCY 3170200
TIMELINE 28 1932 241752950656100 3170200
LATENCY 3290200
TIMELINE 28 1948 241753008427800 3290200
LATENCY 3148500
TIMELINE 28 1964 241753060193000 3148500
LATENCY 2753000
TIMELINE 28 1980 241753104275600 2753000
LATENCY 2858100
TIMELINE 28 1996 241753147882000 2858100
LATENCY 2736400
TIMELINE 28 2012 241753192554900 2736400
LATENCY 2779300
TIMELINE 28 2028 241753237644400 2779300
LATENCY 2923800
TIMELINE 28 2044 241753284049500 2923800
LATENCY 2440000
TIMELINE 29 13 241748188050800 2440000
LATENCY 2187300
TIMELINE 29 29 241748225703700 2187300
LATENCY 2350400
TIMELINE 29 45 241748262267200 2350400
LATENCY 2284600
TIMELINE 29 61 241748299238900 2284600
LATENCY 2373300
TIMELINE 29 77 241748337078900 2373300
LATENCY 2260600
TIMELINE 29 93 241748374681900 2260600
LATENCY 2109000
TIMELINE 29 109 241748419172200 2109000
LATENCY 2161600
TIMELINE 29 125 241748454827300 2161600
LATENCY 2315600
TIMELINE 29 141 241748490148700 2315600
LATENCY 2417400
TIMELINE 29 157 241748526614600 2417400
LATENCY 2130000
TIMELINE 29 173 241748562656300 2130000
LATENCY 2318800
TIMELINE 29 189 241748599061700 2318800
LATENCY 2184700
TIMELINE 29 205 241748634480800 2184700
LATENCY 2202300
TIMELINE 29 221 241748669051600 2202300
LATENCY 2119400
TIMELINE 29 237 241748710203100 2119400
LATENCY 2169600
TIMELINE 29 253 241748744697800 2169600
LATENCY 2101800
TIMELINE 29 269 241748779701000 2101800
LATENCY 2147000
TIMELINE 29 285 241748813920300 2147000
LATENCY 2461900
TIMELINE 29 301 241748848481500 2461900
LATENCY 2065100
TIMELINE 29 317 241748882867600 2065100
LATENCY 2156200
TIMELINE 29 333 241748916499800 2156200
LATENCY 2082200
TIMELINE 29 349 241748950366600 2082200
LATENCY 8327800
TIMELINE 29 365 241748984929600 8327800
LATENCY 2161000
TIMELINE 29 381 241749026822600 2161000
LATENCY 2124700
TIMELINE 29 397 241749062052300 2124700
LATENCY 2206100
TIMELINE 29 413 241749097374600 2206100
LATENCY 2207300
TIMELINE 29 429 241749131802200 2207300
LATENCY 2122200
TIMELINE 29 445 241749166389300 2122200
LATENCY 2176500
TIMELINE 29 461 241749202046700 2176500
LATENCY 2150400
TIMELINE 29 477 241749236161400 2150400
LATENCY 8773400
TIMELINE 29 493 241749270145900 8773400
LATENCY 2123800
TIMELINE 29 509 241749310967400 2123800
LATENCY 2081900
TIMELINE 29 525 241749344918700 2081900
LATENCY 2102500
TIMELINE 29 541 241749378888700 2102500
LATENCY 2174100
TIMELINE 29 557 241749413256400 2174100
LATENCY 2268000
TIMELINE 29 573 241749448928600 2268000
LATENCY 2170200
TIMELINE 29 589 241749483944800 2170200
LATENCY 2132300
TIMELINE 29 605 241749518734100 2132300
LATENCY 2205100
TIMELINE 29 621 241749559976400 2205100
LATENCY 2207400
TIMELINE 29 637 241749596376300 2207400
LATENCY 2143300
TIMELINE 29 653 241749630620800 2143300
LATENCY 2128900
TIMELINE 29 669 241749664416100 2128900
LATENCY 2083000
TIMELINE 29 685 241749698215400 2083000
LATENCY 2088200
TIMELINE 29 701 241749731913300 2088200
LATENCY 2106300
TIMELINE 29 717 241749766152900 2106300
LATENCY 2097300
TIMELINE 29 733 241749800275300 2097300
LATENCY 2197600
TIMELINE 29 749 241749842841600 2197600
LATENCY 2151000
TIMELINE 29 765 241749877045200 2151000
LATENCY 2299600
TIMELINE 29 781 241749912312300 2299600
LATENCY 2147600
TIMELINE 29 797 241749947483200 2147600
LATENCY 2160300
TIMELINE 29 813 241749982900300 2160300
LATENCY 2100600
TIMELINE 29 829 241750017042700 2100600
LATENCY 2106100
TIMELINE 29 845 241750050793700 2106100
LATENCY 2465100
TIMELINE 29 861 241750109819400 2465100
LATENCY 2207200
TIMELINE 29 877 241750144838900 2207200
LATENCY 2449000
TIMELINE 29 893 241750179397300 2449000
LATENCY 2364100
TIMELINE 29 909 241750214768100 2364100
LATENCY 2614700
TIMELINE 29 925 241750250091500 2614700
LATENCY 2245800
TIMELINE 29 941 241750286448600 2245800
LATENCY 2134900
TIMELINE 29 957 241750321375300 2134900
LATENCY 2122400
TIMELINE 29 973 241750355044700 2122400
LATENCY 2119300
TIMELINE 29 989 241750397556700 2119300
LATENCY 2081000
TIMELINE 29 1005 241750431448000 2081000
LATENCY 2134400
TIMELINE 29 1021 241750465221500 2134400
LATENCY 2142500
TIMELINE 29 1037 241750499042700 2142500
LATENCY 2121000
TIMELINE 29 1053 241750532767700 2121000
LATENCY 2258600
TIMELINE 29 1069 241750567635700 2258600
LATENCY 2140400
TIMELINE 29 1085 241750601936600 2140400
LATENCY 2101200
TIMELINE 29 1101 241750640761900 2101200
LATENCY 2192700
TIMELINE 29 1117 241750675487000 2192700
LATENCY 2108200
TIMELINE 29 1133 241750709486300 2108200
LATENCY 2127100
TIMELINE 29 1149 241750744014800 2127100
LATENCY 2052900
TIMELINE 29 1165 241750777880400 2052900
LATENCY 2112100
TIMELINE 29 1181 241750811470900 2112100
LATENCY 2753900
TIMELINE 29 1197 241750845436400 2753900
LATENCY 2196500
TIMELINE 29 1213 241750881420200 2196500
LATENCY 2228300
TIMELINE 29 1229 241750922270500 2228300
LATENCY 2309600
TIMELINE 29 1245 241750957942100 2309600
LATENCY 2214600
TIMELINE 29 1261 241750994035100 2214600
LATENCY 2122200
TIMELINE 29 1277 241751031129500 2122200
LATENCY 2066900
TIMELINE 29 1293 241751065651400 2066900
LATENCY 2110300
TIMELINE 29 1309 241751101447400 2110300
LATENCY 3012900
TIMELINE 29 1325 241751146023600 3012900
LATENCY 3031000
TIMELINE 29 1341 241751199255300 3031000
LATENCY 2973300
TIMELINE 29 1357 241751247168200 2973300
LATENCY 2747200
TIMELINE 29 1373 241751293872800 2747200
LATENCY 2637000
TIMELINE 29 1389 241751338376600 2637000
LATENCY 3050800
TIMELINE 29 1405 241751383765800 3050800
LATENCY 2978600
TIMELINE 29 1421 241751430985900 2978600
LATENCY 2724300
TIMELINE 29 1437 241751477568000 2724300
LATENCY 2930300
TIMELINE 29 1453 241751522344000 2930300
LATENCY 2982400
TIMELINE 29 1469 241751574192300 2982400
LATENCY 2788100
TIMELINE 29 1485 241751620986500 2788100
LATENCY 2704200
TIMELINE 29 1501 241751664766600 2704200
LATENCY 2756600
TIMELINE 29 1517 241751708543100 2756600
LATENCY 2923100
TIMELINE 29 1533 241751754175000 2923100
LATENCY 2933700
TIMELINE 29 1549 241751799457800 2933700
LATENCY 2964800
TIMELINE 29 1565 241751847173500 2964800
LATENCY 3026700
TIMELINE 29 1581 241751907145600 3026700
LATENCY 2930500
TIMELINE 29 1597 241751954627600 2930500
LATENCY 2791300
TIMELINE 29 1613 241752001545300 2791300
LATENCY 3061900
TIMELINE 29 1629 241752048045300 3061900
LATENCY 2904400
TIMELINE 29 1645 241752095675900 2904400
LATENCY 2607400
TIMELINE 29 1661 241752140164200 2607400
LATENCY 2919300
TIMELINE 29 1677 241752186778700 2919300
LATENCY 2651200
TIMELINE 29 1693 241752233683900 2651200
LATENCY 2890200
TIMELINE 29 1709 241752284657700 2890200
LATENCY 4223200
TIMELINE 29 1725 241752331293000 4223200
LATENCY 2615200
TIMELINE 29 1741 241752380315700 2615200
LATENCY 3124800
TIMELINE 29 1757 241752426736200 3124800
LATENCY 3016100
TIMELINE 29 1773 241752475028000 3016100
LATENCY 2795200
TIMELINE 29 1789 241752520556900 2795200
LATENCY 2798700
TIMELINE 29 1805 241752569244800 2798700
LATENCY 2626800
TIMELINE 29 1821 241752617332200 2626800
LATENCY 2702400
TIMELINE 29 1837 241752660867400 2702400
LATENCY 2996200
TIMELINE 29 1853 241752705366700 2996200
LATENCY 3183700
TIMELINE 29 1869 241752753094300 3183700
LATENCY 2632100
TIMELINE 29 1885 241752799738400 2632100
LATENCY 2994500
TIMELINE 29 1901 241752846861700 2994500
LATENCY 3430800
TIMELINE 29 1917 241752898794600 3430800
LATENCY 3151200
TIMELINE 29 1933 241752951809900 3151200
LATENCY 3265500
TIMELINE 29 1949 241753009591000 3265500
LATENCY 3020300
TIMELINE 29 1965 241753061327800 3020300
LATENCY 2737700
TIMELINE 29 1981 241753105293700 2737700
LATENCY 3280100
TIMELINE 29 1997 241753148848200 3280100
LATENCY 2715600
TIMELINE 29 2013 241753193563400 2715600
LATENCY 2764700
TIMELINE 29 2029 241753238689600 2764700
LATENCY 2969600
TIMELINE 29 2045 241753285340300 2969600
LATENCY 2256600
TIMELINE 30 14 241748190588700 2256600
LATENCY 2239900
TIMELINE 30 30 241748227800500 2239900
LATENCY 2391700
TIMELINE 30 46 241748264681300 2391700
LATENCY 2249700
TIMELINE 30 62 241748301591300 2249700
LATENCY 2472100
TIMELINE 30 78 241748339490200 2472100
LATENCY 2426800
TIMELINE 30 94 241748376977500 2426800
LATENCY 2382000
TIMELINE 30 110 241748421319600 2382000
LATENCY 2186300
TIMELINE 30 126 241748457103500 2186300
LATENCY 2235500
TIMELINE 30 142 241748492585900 2235500
LATENCY 2323000
TIMELINE 30 158 241748529422800 2323000
LATENCY 2152800
TIMELINE 30 174 241748565158700 2152800
LATENCY 2301900
TIMELINE 30 190 241748600905600 2301900
LATENCY 2163200
TIMELINE 30 206 241748636471500 2163200
LATENCY 2126300
TIMELINE 30 222 241748670956800 2126300
LATENCY 2120400
TIMELINE 30 238 241748712013900 2120400
LATENCY 2149400
TIMELINE 30 254 241748746551400 2149400
LATENCY 2221500
TIMELINE 30 270 241748781605500 2221500
LATENCY 2315300
TIMELINE 30 286 241748815920900 2315300
LATENCY 2261700
TIMELINE 30 302 241748850638100 2261700
LATENCY 2079800
TIMELINE 30 318 241748884638100 2079800
LATENCY 2134700
TIMELINE 30 334 241748918389400 2134700
LATENCY 2060000
TIMELINE 30 350 241748952188700 2060000
LATENCY 8315200
TIMELINE 30 366 241748986938100 8315200
LATENCY 2180200
TIMELINE 30 382 241749028591100 2180200
LATENCY 2107900
TIMELINE 30 398 241749063810100 2107900
LATENCY 2216600
TIMELINE 30 414 241749099057600 2216600
LATENCY 2120300
TIMELINE 30 430 241749133510100 2120300
LATENCY 2113000
TIMELINE 30 446 241749168181200 2113000
LATENCY 2143400
TIMELINE 30 462 241749204078400 2143400
LATENCY 2114300
TIMELINE 30 478 241749238171100 2114300
LATENCY 2421500
TIMELINE 30 494 241749278756600 2421500
LATENCY 2114000
TIMELINE 30 510 241749312918000 2114000
LATENCY 2096400
TIMELINE 30 526 241749346823700 2096400
LATENCY 2096600
TIMELINE 30 542 241749380821000 2096600
LATENCY 2107200
TIMELINE 30 558 241749415090600 2107200
LATENCY 2271000
TIMELINE 30 574 241749450760600 2271000
LATENCY 2136600
TIMELINE 30 590 241749485716800 2136600
LATENCY 2143100
TIMELINE 30 606 241749520489700 2143100
LATENCY 2299600
TIMELINE 30 622 241749561813400 2299600
LATENCY 2192000
TIMELINE 30 638 241749598341200 2192000
LATENCY 2072600
TIMELINE 30 654 241749632531700 2072600
LATENCY 2111900
TIMELINE 30 670 241749666107900 2111900
LATENCY 2085500
TIMELINE 30 686 241749699874500 2085500
LATENCY 2099000
TIMELINE 30 702 241749733591000 2099000
LATENCY 2123500
TIMELINE 30 718 241749767779400 2123500
LATENCY 2105700
TIMELINE 30 734 241749801898700 2105700
LATENCY 2198500
TIMELINE 30 750 241749843761300 2198500
LATENCY 2153100
TIMELINE 30 766 241749877873800 2153100
LATENCY 2255700
TIMELINE 30 782 241749913248900 2255700
LATENCY 2173400
TIMELINE 30 798 241749948347300 2173400
LATENCY 2114300
TIMELINE 30 814 241749983798500 2114300
LATENCY 2119100
TIMELINE 30 830 241750017857100 2119100
LATENCY 2068900
TIMELINE 30 846 241750051625900 2068900
LATENCY 2522800
TIMELINE 30 862 241750109384800 2522800
LATENCY 2218300
TIMELINE 30 878 241750144453800 2218300
LATENCY 2462000
TIMELINE 30 894 241750179195200 2462000
LATENCY 2319200
TIMELINE 30 910 241750214499200 2319200
LATENCY 2625700
TIMELINE 30 926 241750249828100 2625700
LATENCY 2222100
TIMELINE 30 942 241750286243200 2222100
LATENCY 2134800
TIMELINE 30 958 241750321005300 2134800
LATENCY 2113200
TIMELINE 30 974 241750354682200 2113200
LATENCY 2132100
TIMELINE 30 990 241750397014500 2132100
LATENCY 2090100
TIMELINE 30 1006 241750430941100 2090100
LATENCY 2118900
TIMELINE 30 1022 241750464706100 2118900
LATENCY 2127600
TIMELINE 30 1038 241750498537900 2127600
LATENCY 2095800
TIMELINE 30 1054 241750532177300 2095800
LATENCY 2177300
TIMELINE 30 1070 241750566894200 2177300
LATENCY 2162200
TIMELINE 30 1086 241750601199600 2162200
LATENCY 2118400
TIMELINE 30 1102 241750640021800 2118400
LATENCY 2187500
TIMELINE 30 1118 241750675044600 2187500
LATENCY 2116100
TIMELINE 30 1134 241750709038900 2116100
LATENCY 2121000
TIMELINE 30 1150 241750743548900 2121000
LATENCY 2068500
TIMELINE 30 1166 241750777426200 2068500
LATENCY 2098300
TIMELINE 30 1182 241750811007900 2098300
LATENCY 2297900
TIMELINE 30 1198 241750844915100 2297900
LATENCY 2114100
TIMELINE 30 1214 241750880896900 2114100
LATENCY 2248500
TIMELINE 30 1230 241750921561600 2248500
LATENCY 2248600
TIMELINE 30 1246 241750957334200 2248600
LATENCY 2240000
TIMELINE 30 1262 241750993653300 2240000
LATENCY 2109700
TIMELINE 30 1278 241751030642600 2109700
LATENCY 2099400
TIMELINE 30 1294 241751065124600 2099400
LATENCY 2092200
TIMELINE 30 1310 241751101012200 2092200
LATENCY 3003900
TIMELINE 30 1326 241751145645200 3003900
LATENCY 3044400
TIMELINE 30 1342 241751198857400 3044400
LATENCY 3107700
TIMELINE 30 1358 241751246779700 3107700
LATENCY 2740500
TIMELINE 30 1374 241751293607000 2740500
LATENCY 2635000
TIMELINE 30 1390 241751338129500 2635000
LATENCY 3049500
TIMELINE 30 1406 241751383548600 3049500
LATENCY 2964100
TIMELINE 30 1422 241751430774100 2964100
LATENCY 2712900
TIMELINE 30 1438 241751477384200 2712900
LATENCY 2926500
TIMELINE 30 1454 241751522178700 2926500
LATENCY 3008800
TIMELINE 30 1470 241751574021900 3008800
LATENCY 2790800
TIMELINE 30 1486 241751620520000 2790800
LATENCY 2702700
TIMELINE 30 1502 241751664319400 2702700
LATENCY 2727000
TIMELINE 30 1518 241751708112400 2727000
LATENCY 2911200
TIMELINE 30 1534 241751753689100 2911200
LATENCY 2740300
TIMELINE 30 1550 241751799012400 2740300
LATENCY 2950000
TIMELINE 30 1566 241751846802600 2950000
LATENCY 3178900
TIMELINE 30 1582 241751906610400 3178900
LATENCY 2939000
TIMELINE 30 1598 241751954166700 2939000
LATENCY 2959400
TIMELINE 30 1614 241752001039300 2959400
LATENCY 3104100
TIMELINE 30 1630 241752047107100 3104100
LATENCY 2886700
TIMELINE 30 1646 241752094826100 2886700
LATENCY 2673600
TIMELINE 30 1662 241752139355700 2673600
LATENCY 2904300
TIMELINE 30 1678 241752185520200 2904300
LATENCY 2660500
TIMELINE 30 1694 241752232541300 2660500
LATENCY 2902000
TIMELINE 30 1710 241752283441000 2902000
LATENCY 3431600
TIMELINE 30 1726 241752330179000 3431600
LATENCY 2681400
TIMELINE 30 1742 241752379199100 2681400
LATENCY 3124100
TIMELINE 30 1758 241752425516300 3124100
LATENCY 3011100
TIMELINE 30 1774 241752473813900 3011100
LATENCY 2841600
TIMELINE 30 1790 241752519389000 2841600
LATENCY 2783000
TIMELINE 30 1806 241752568157600 2783000
LATENCY 2668700
TIMELINE 30 1822 241752616222000 2668700
LATENCY 2709600
TIMELINE 30 1838 241752659731900 2709600
LATENCY 3002400
TIMELINE 30 1854 241752704329100 3002400
LATENCY 2911000
TIMELINE 30 1870 241752752087300 2911000
LATENCY 2652400
TIMELINE 30 1886 241752798816200 2652400
LATENCY 3011900
TIMELINE 30 1902 241752845805400 3011900
LATENCY 3473300
TIMELINE 30 1918 241752897704600 3473300
LATENCY 3154400
TIMELINE 30 1934 241752950805400 3154400
LATENCY 3296300
TIMELINE 30 1950 241753008561600 3296300
LATENCY 3141700
TIMELINE 30 1966 241753060319600 3141700
LATENCY 2745300
TIMELINE 30 1982 241753104404500 2745300
LATENCY 2855600
TIMELINE 30 1998 241753147972400 2855600
LATENCY 2756500
TIMELINE 30 2014 241753192630400 2756500
LATENCY 2786000
TIMELINE 30 2030 241753237755400 2786000
LATENCY 2941300
TIMELINE 30 2046 241753284416500 2941300
LATENCY 2290600
TIMELINE 31 15 241748192817000 2290600
LATENCY 2497200
TIMELINE 31 31 241748229950100 2497200
LATENCY 2331200
TIMELINE 31 47 241748266810900 2331200
LATENCY 2280600
TIMELINE 31 63 241748303568500 2280600
LATENCY 2419500
TIMELINE 31 79 241748341609400 2419500
LATENCY 2327800
TIMELINE 31 95 241748379312200 2327800
LATENCY 2302300
TIMELINE 31 111 241748423599100 2302300
LATENCY 2207300
TIMELINE 31 127 241748459228700 2207300
LATENCY 2220600
TIMELINE 31 143 241748494787200 2220600
LATENCY 2284500
TIMELINE 31 159 241748531569200 2284500
LATENCY 2129100
TIMELINE 31 175 241748567165000 2129100
LATENCY 2318300
TIMELINE 31 191 241748603086700 2318300
LATENCY 2235900
TIMELINE 31 207 241748638381600 2235900
LATENCY 2113900
TIMELINE 31 223 241748672911100 2113900
LATENCY 2095400
TIMELINE 31 239 241748713939400 2095400
LATENCY 2140000
TIMELINE 31 255 241748748500400 2140000
LATENCY 2109600
TIMELINE 31 271 241748783548400 2109600
LATENCY 2151700
TIMELINE 31 287 241748817944000 2151700
LATENCY 2181600
TIMELINE 31 303 241748852492900 2181600
LATENCY 2091500
TIMELINE 31 319 241748886346200 2091500
LATENCY 2131600
TIMELINE 31 335 241748920236800 2131600
LATENCY 2067600
TIMELINE 31 351 241748953970500 2067600
LATENCY 2127800
TIMELINE 31 367 241748994982600 2127800
LATENCY 2229900
TIMELINE 31 383 241749030507700 2229900
LATENCY 2143800
TIMELINE 31 399 241749065656500 2143800
LATENCY 2146300
TIMELINE 31 415 241749101215600 2146300
LATENCY 2126400
TIMELINE 31 431 241749135568800 2126400
LATENCY 2125100
TIMELINE 31 447 241749170079900 2125100
LATENCY 2157900
TIMELINE 31 463 241749206008200 2157900
LATENCY 2102800
TIMELINE 31 479 241749240123300 2102800
LATENCY 2169800
TIMELINE 31 495 241749281019700 2169800
LATENCY 2118300
TIMELINE 31 511 241749314891900 2118300
LATENCY 2080100
TIMELINE 31 527 241749348781600 2080100
LATENCY 2131800
TIMELINE 31 543 241749382829100 2131800
LATENCY 2233900
TIMELINE 31 559 241749417261000 2233900
LATENCY 2182600
TIMELINE 31 575 241749453063400 2182600
LATENCY 2097700
TIMELINE 31 591 241749487886300 2097700
LATENCY 2238800
TIMELINE 31 607 241749522692700 2238800
LATENCY 2176500
TIMELINE 31 623 241749564069000 2176500
LATENCY 2151900
TIMELINE 31 639 241749600476800 2151900
LATENCY 2066000
TIMELINE 31 655 241749634575700 2066000
LATENCY 2090400
TIMELINE 31 671 241749668343300 2090400
LATENCY 2034500
TIMELINE 31 687 241749702069900 2034500
LATENCY 2131700
TIMELINE 31 703 241749735813100 2131700
LATENCY 2120100
TIMELINE 31 719 241749770021800 2120100
LATENCY 2147900
TIMELINE 31 735 241749804125700 2147900
LATENCY 2212200
TIMELINE 31 751 241749846675900 2212200
LATENCY 2127500
TIMELINE 31 767 241749881135300 2127500
LATENCY 2222900
TIMELINE 31 783 241749916693100 2222900
LATENCY 2453300
TIMELINE 31 799 241749951693100 2453300
LATENCY 2138100
TIMELINE 31 815 241749986948500 2138100
LATENCY 2075300
TIMELINE 31 831 241750020995300 2075300
LATENCY 2117300
TIMELINE 31 847 241750054720500 2117300
LATENCY 2148900
TIMELINE 31 863 241750114965800 2148900
LATENCY 2144900
TIMELINE 31 879 241750149581900 2144900
LATENCY 2150500
TIMELINE 31 895 241750184764100 2150500
LATENCY 2208400
TIMELINE 31 911 241750219967400 2208400
LATENCY 2185800
TIMELINE 31 927 241750255875300 2185800
LATENCY 2352600
TIMELINE 31 943 241750291539600 2352600
LATENCY 2100000
TIMELINE 31 959 241750326219400 2100000
LATENCY 2112800
TIMELINE 31 975 241750359906600 2112800
LATENCY 2105800
TIMELINE 31 991 241750402459300 2105800
LATENCY 2102900
TIMELINE 31 1007 241750436288400 2102900
LATENCY 2094900
TIMELINE 31 1023 241750470111900 2094900
LATENCY 2078400
TIMELINE 31 1039 241750503918000 2078400
LATENCY 2327700
TIMELINE 31 1055 241750537466200 2327700
LATENCY 2156500
TIMELINE 31 1071 241750572520100 2156500
LATENCY 2103400
TIMELINE 31 1087 241750606752900 2103400
LATENCY 2172500
TIMELINE 31 1103 241750645519200 2172500
LATENCY 2103600
TIMELINE 31 1119 241750680917900 2103600
LATENCY 2118700
TIMELINE 31 1135 241750714800300 2118700
LATENCY 2152500
TIMELINE 31 1151 241750749251800 2152500
LATENCY 2088500
TIMELINE 31 1167 241750782996700 2088500
LATENCY 2203400
TIMELINE 31 1183 241750816679800 2203400
LATENCY 2312300
TIMELINE 31 1199 241750851637600 2312300
LATENCY 2242300
TIMELINE 31 1215 241750887358900 2242300
LATENCY 2179500
TIMELINE 31 1231 241750927875300 2179500
LATENCY 2347100
TIMELINE 31 1247 241750963853500 2347100
LATENCY 2203700
TIMELINE 31 1263 241750999623400 2203700
LATENCY 2100000
TIMELINE 31 1279 241751036176700 2100000
LATENCY 2298700
TIMELINE 31 1295 241751070918600 2298700
LATENCY 2739300
TIMELINE 31 1311 241751107023500 2739300
LATENCY 3059600
TIMELINE 31 1327 241751152966400 3059600
LATENCY 2997800
TIMELINE 31 1343 241751206245500 2997800
LATENCY 3032000
TIMELINE 31 1359 241751254185100 3032000
LATENCY 2878500
TIMELINE 31 1375 241751300375800 2878500
LATENCY 2602300
TIMELINE 31 1391 241751344528800 2602300
LATENCY 2958300
TIMELINE 31 1407 241751390780100 2958300
LATENCY 2960400
TIMELINE 31 1423 241751437975000 2960400
LATENCY 2603200
TIMELINE 31 1439 241751484092000 2603200
LATENCY 2977300
TIMELINE 31 1455 241751529365400 2977300
LATENCY 2979300
TIMELINE 31 1471 241751581038200 2979300
LATENCY 2711500
TIMELINE 31 1487 241751627570700 2711500
LATENCY 2712500
TIMELINE 31 1503 241751671202500 2712500
LATENCY 2662300
TIMELINE 31 1519 241751715014600 2662300
LATENCY 2982300
TIMELINE 31 1535 241751761134100 2982300
LATENCY 2686300
TIMELINE 31 1551 241751806128400 2686300
LATENCY 2877600
TIMELINE 31 1567 241751854180900 2877600
LATENCY 2977400
TIMELINE 31 1583 241751914163700 2977400
LATENCY 2917400
TIMELINE 31 1599 241751961413200 2917400
LATENCY 2748300
TIMELINE 31 1615 241752008351800 2748300
LATENCY 3004600
TIMELINE 31 1631 241752055666900 3004600
LATENCY 2939000
TIMELINE 31 1647 241752103094200 2939000
LATENCY 3087800
TIMELINE 31 1663 241752147196500 3087800
LATENCY 2678900
TIMELINE 31 1679 241752196824700 2678900
LATENCY 2949500
TIMELINE 31 1695 241752240139400 2949500
LATENCY 2892500
TIMELINE 31 1711 241752291547600 2892500
LATENCY 2927400
TIMELINE 31 1727 241752340817900 2927400
LATENCY 2911900
TIMELINE 31 1743 241752387004000 2911900
LATENCY 2994700
TIMELINE 31 1759 241752434214900 2994700
LATENCY 2773100
TIMELINE 31 1775 241752482173500 2773100
LATENCY 2751800
TIMELINE 31 1791 241752527427300 2751800
LATENCY 2679500
TIMELINE 31 1807 241752575962400 2679500
LATENCY 2698600
TIMELINE 31 1823 241752623873800 2698600
LATENCY 2695400
TIMELINE 31 1839 241752667614200 2695400
LATENCY 2927200
TIMELINE 31 1855 241752712963100 2927200
LATENCY 2948700
TIMELINE 31 1871 241752761210500 2948700
LATENCY 2993400
TIMELINE 31 1887 241752806685600 2993400
LATENCY 2970400
TIMELINE 31 1903 241752854464200 2970400
LATENCY 3290100
TIMELINE 31 1919 241752907280000 3290100
LATENCY 3408100
TIMELINE 31 1935 241752964754900 3408100
LATENCY 3156800
TIMELINE 31 1951 241753017756700 3156800
LATENCY 2902500
TIMELINE 31 1967 241753068623600 2902500
LATENCY 2704800
TIMELINE 31 1983 241753112175500 2704800
LATENCY 2728600
TIMELINE 31 1999 241753156747500 2728600
LATENCY 2700000
TIMELINE 31 2015 241753200459000 2700000
LATENCY 2777400
TIMELINE 31 2031 241753245509500 2777400
LATENCY 3035900
TIMELINE 31 2047 241753293437800 3035900
LATENCY 10580400
TIMELINE 32 0 241748142199400 10580400
LATENCY 2939400
TIMELINE 32 16 241748195206100 2939400
LATENCY 2381100
TIMELINE 32 32 241748232722800 2381100
LATENCY 2297200
TIMELINE 32 48 241748269437100 2297200
LATENCY 2333700
TIMELINE 32 64 241748306168800 2333700
LATENCY 2312600
TIMELINE 32 80 241748344401600 2312600
LATENCY 2342400
TIMELINE 32 96 241748382028300 2342400
LATENCY 2288200
TIMELINE 32 112 241748426290500 2288200
LATENCY 2206000
TIMELINE 32 128 241748461830800 2206000
LATENCY 2254300
TIMELINE 32 144 241748497346100 2254300
LATENCY 2506300
TIMELINE 32 160 241748534201700 2506300
LATENCY 2121500
TIMELINE 32 176 241748569599100 2121500
LATENCY 2314400
TIMELINE 32 192 241748605746600 2314400
LATENCY 2165400
TIMELINE 32 208 241748640996100 2165400
LATENCY 2071800
TIMELINE 32 224 241748675322300 2071800
LATENCY 2088900
TIMELINE 32 240 241748716258000 2088900
LATENCY 2098300
TIMELINE 32 256 241748750869700 2098300
LATENCY 2157500
TIMELINE 32 272 241748785899700 2157500
LATENCY 2193500
TIMELINE 32 288 241748820474400 2193500
LATENCY 2136100
TIMELINE 32 304 241748854998600 2136100
LATENCY 2076600
TIMELINE 32 320 241748888747000 2076600
LATENCY 2130000
TIMELINE 32 336 241748922584200 2130000
LATENCY 2104200
TIMELINE 32 352 241748956235200 2104200
LATENCY 2101400
TIMELINE 32 368 241748997422200 2101400
LATENCY 2226800
TIMELINE 32 384 241749032978200 2226800
LATENCY 2128900
TIMELINE 32 400 241749068032800 2128900
LATENCY 2120500
TIMELINE 32 416 241749103455800 2120500
LATENCY 2171500
TIMELINE 32 432 241749137782900 2171500
LATENCY 2153000
TIMELINE 32 448 241749172467400 2153000
LATENCY 2215600
TIMELINE 32 464 241749208406100 2215600
LATENCY 2145200
TIMELINE 32 480 241749242456800 2145200
LATENCY 2128100
TIMELINE 32 496 241749283394000 2128100
LATENCY 2195500
TIMELINE 32 512 241749317233000 2195500
LATENCY 2126100
TIMELINE 32 528 241749351063600 2126100
LATENCY 2062700
TIMELINE 32 544 241749385112600 2062700
LATENCY 2157400
TIMELINE 32 560 241749419529600 2157400
LATENCY 2181200
TIMELINE 32 576 241749455278800 2181200
LATENCY 2196800
TIMELINE 32 592 241749490131500 2196800
LATENCY 2140400
TIMELINE 32 608 241749525072800 2140400
LATENCY 2360200
TIMELINE 32 624 241749566521300 2360200
LATENCY 2345100
TIMELINE 32 640 241749602976100 2345100
LATENCY 2061500
TIMELINE 32 656 241749636950900 2061500
LATENCY 2101700
TIMELINE 32 672 241749670587300 2101700
LATENCY 2066900
TIMELINE 32 688 241749704240900 2066900
LATENCY 2092500
TIMELINE 32 704 241749738090200 2092500
LATENCY 2133100
TIMELINE 32 720 241749772256000 2133100
LATENCY 2124000
TIMELINE 32 736 241749806393800 2124000
LATENCY 2165800
TIMELINE 32 752 241749848950900 2165800
LATENCY 2130200
TIMELINE 32 768 241749883296700 2130200
LATENCY 2247000
TIMELINE 32 784 241749918981800 2247000
LATENCY 2237700
TIMELINE 32 800 241749954243200 2237700
LATENCY 2130600
TIMELINE 32 816 241749989206800 2130600
LATENCY 2109600
TIMELINE 32 832 241750023190200 2109600
LATENCY 2123600
TIMELINE 32 848 241750056953900 2123600
LATENCY 2132800
TIMELINE 32 864 241750116154700 2132800
LATENCY 2200000
TIMELINE 32 880 241750150695300 2200000
LATENCY 2138600
TIMELINE 32 896 241750185728100 2138600
LATENCY 2271400
TIMELINE 32 912 241750220927100 2271400
LATENCY 2305400
TIMELINE 32 928 241750256600400 2305400
LATENCY 2226600
TIMELINE 32 944 241750292431200 2226600
LATENCY 2116100
TIMELINE 32 960 241750326893100 2116100
LATENCY 2127700
TIMELINE 32 976 241750360493400 2127700
LATENCY 2123600
TIMELINE 32 992 241750402931500 2123600
LATENCY 2138000
TIMELINE 32 1008 241750436758500 2138000
LATENCY 2116500
TIMELINE 32 1024 241750470579600 2116500
LATENCY 2077200
TIMELINE 32 1040 241750504395600 2077200
LATENCY 2278100
TIMELINE 32 1056 241750537950100 2278100
LATENCY 2164900
TIMELINE 32 1072 241750572916200 2164900
LATENCY 2099800
TIMELINE 32 1088 241750607299000 2099800
LATENCY 2200500
TIMELINE 32 1104 241750646110000 2200500
LATENCY 2103800
TIMELINE 32 1120 241750681237500 2103800
LATENCY 2101700
TIMELINE 32 1136 241750715121500 2101700
LATENCY 2135900
TIMELINE 32 1152 241750749664300 2135900
LATENCY 2093700
TIMELINE 32 1168 241750783375400 2093700
LATENCY 2220800
TIMELINE 32 1184 241750817079900 2220800
LATENCY 2290500
TIMELINE 32 1200 241750851826400 2290500
LATENCY 2260300
TIMELINE 32 1216 241750887413800 2260300
LATENCY 2180400
TIMELINE 32 1232 241750928050700 2180400
LATENCY 2306000
TIMELINE 32 1248 241750964229500 2306000
LATENCY 2203000
TIMELINE 32 1264 241750999945500 2203000
LATENCY 2093700
TIMELINE 32 1280 241751036489200 2093700
LATENCY 2343000
TIMELINE 32 1296 241751071252000 2343000
LATENCY 2722100
TIMELINE 32 1312 241751107491100 2722100
LATENCY 3037800
TIMELINE 32 1328 241751153490300 3037800
LATENCY 2994900
TIMELINE 32 1344 241751206723700 2994900
LATENCY 3044400
TIMELINE 32 1360 241751254612100 3044400
LATENCY 2876900
TIMELINE 32 1376 241751300800000 2876900
LATENCY 2597900
TIMELINE 32 1392 241751344876500 2597900
LATENCY 2966100
TIMELINE 32 1408 241751391185200 2966100
LATENCY 2964200
TIMELINE 32 1424 241751438384700 2964200
LATENCY 2625800
TIMELINE 32 1440 241751484408600 2625800
LATENCY 2919100
TIMELINE 32 1456 241751529832700 2919100
LATENCY 3008200
TIMELINE 32 1472 241751581425800 3008200
LATENCY 2735500
TIMELINE 32 1488 241751627982900 2735500
LATENCY 2710300
TIMELINE 32 1504 241751671620500 2710300
LATENCY 2929300
TIMELINE 32 1520 241751715423000 2929300
LATENCY 2986300
TIMELINE 32 1536 241751761593000 2986300
LATENCY 2666400
TIMELINE 32 1552 241751806542500 2666400
LATENCY 2920400
TIMELINE 32 1568 241751854589300 2920400
LATENCY 2936800
TIMELINE 32 1584 241751915000200 2936800
LATENCY 2908200
TIMELINE 32 1600 241751962225600 2908200
LATENCY 2699800
TIMELINE 32 1616 241752009051600 2699800
LATENCY 3032700
TIMELINE 32 1632 241752056468400 3032700
LATENCY 2951200
TIMELINE 32 1648 241752103823400 2951200
LATENCY 2995200
TIMELINE 32 1664 241752148032100 2995200
LATENCY 2657300
TIMELINE 32 1680 241752197627000 2657300
LATENCY 2971600
TIMELINE 32 1696 241752240995600 2971600
LATENCY 2915700
TIMELINE 32 1712 241752292391400 2915700
LATENCY 2919600
TIMELINE 32 1728 241752341686000 2919600
LATENCY 2901500
TIMELINE 32 1744 241752387849500 2901500
LATENCY 2996700
TIMELINE 32 1760 241752434896800 2996700
LATENCY 2794700
TIMELINE 32 1776 241752482779600 2794700
LATENCY 2761600
TIMELINE 32 1792 241752527998800 2761600
LATENCY 2690100
TIMELINE 32 1808 241752576515200 2690100
LATENCY 2699800
TIMELINE 32 1824 241752624422400 2699800
LATENCY 2726100
TIMELINE 32 1840 241752668161400 2726100
LATENCY 2953400
TIMELINE 32 1856 241752713550000 2953400
LATENCY 2946100
TIMELINE 32 1872 241752761826000 2946100
LATENCY 2998700
TIMELINE 32 1888 241752807304300 2998700
LATENCY 2973400
TIMELINE 32 1904 241752855132700 2973400
LATENCY 3315600
TIMELINE 32 1920 241752908184700 3315600
LATENCY 3472600
TIMELINE 32 1936 241752965695800 3472600
LATENCY 3242300
TIMELINE 32 1952 241753018604800 3242300
LATENCY 2798100
TIMELINE 32 1968 241753069523700 2798100
LATENCY 2720800
TIMELINE 32 1984 241753112993500 2720800
LATENCY 2775600
TIMELINE 32 2000 241753157534200 2775600
LATENCY 2866100
TIMELINE 32 2016 241753201250700 2866100
LATENCY 2758500
TIMELINE 32 2032 241753246344600 2758500
LATENCY 3385400
TIMELINE 33 1 241748152828800 3385400
LATENCY 2479100
TIMELINE 33 17 241748197978400 2479100
LATENCY 2318000
TIMELINE 33 33 241748234979800 2318000
LATENCY 2270400
TIMELINE 33 49 241748271580300 2270400
LATENCY 2331600
TIMELINE 33 65 241748308310600 2331600
LATENCY 2321900
TIMELINE 33 81 241748346517300 2321900
LATENCY 2327800
TIMELINE 33 97 241748384145200 2327800
LATENCY 2232100
TIMELINE 33 113 241748428224400 2232100
LATENCY 2154500
TIMELINE 33 129 241748463675900 2154500
LATENCY 2247900
TIMELINE 33 145 241748499239100 2247900
LATENCY 2191100
TIMELINE 33 161 241748536402400 2191100
LATENCY 2141800
TIMELINE 33 177 241748571487000 2141800
LATENCY 2340500
TIMELINE 33 193 241748608227200 2340500
LATENCY 2116200
TIMELINE 33 209 241748643248900 2116200
LATENCY 2332700
TIMELINE 33 225 241748677441000 2332700
LATENCY 2124900
TIMELINE 33 241 241748718494000 2124900
LATENCY 2108500
TIMELINE 33 257 241748753149300 2108500
LATENCY 2141400
TIMELINE 33 273 241748788370400 2141400
LATENCY 2154700
TIMELINE 33 289 241748822929800 2154700
LATENCY 2136700
TIMELINE 33 305 241748857411800 2136700
LATENCY 2048800
TIMELINE 33 321 241748891113000 2048800
LATENCY 2162000
TIMELINE 33 337 241748925127100 2162000
LATENCY 2251200
TIMELINE 33 353 241748958724400 2251200
LATENCY 2097500
TIMELINE 33 369 241748999859400 2097500
LATENCY 2265800
TIMELINE 33 385 241749035723800 2265800
LATENCY 2200600
TIMELINE 33 401 241749070662600 2200600
LATENCY 2126500
TIMELINE 33 417 241749105928300 2126500
LATENCY 2168100
TIMELINE 33 433 241749140333700 2168100
LATENCY 2159300
TIMELINE 33 449 241749174878700 2159300
LATENCY 2120800
TIMELINE 33 465 241749210940700 2120800
LATENCY 2118700
TIMELINE 33 481 241749244925300 2118700
LATENCY 2119600
TIMELINE 33 497 241749285847600 2119600
LATENCY 2140500
TIMELINE 33 513 241749319725700 2140500
LATENCY 2138900
TIMELINE 33 529 241749353475300 2138900
LATENCY 2127100
TIMELINE 33 545 241749387473700 2127100
LATENCY 2219200
TIMELINE 33 561 241749422309400 2219200
LATENCY 2225500
TIMELINE 33 577 241749458206600 2225500
LATENCY 2170300
TIMELINE 33 593 241749492913300 2170300
LATENCY 2130100
TIMELINE 33 609 241749527774800 2130100
LATENCY 2236600
TIMELINE 33 625 241749569509900 2236600
LATENCY 2099200
TIMELINE 33 641 241749605767000 2099200
LATENCY 2037300
TIMELINE 33 657 241749639587100 2037300
LATENCY 2077300
TIMELINE 33 673 241749673251600 2077300
LATENCY 2116500
TIMELINE 33 689 241749706888700 2116500
LATENCY 2104200
TIMELINE 33 705 241749740755500 2104200
LATENCY 2153000
TIMELINE 33 721 241749774971700 2153000
LATENCY 2040700
TIMELINE 33 737 241749809077200 2040700
LATENCY 2184200
TIMELINE 33 753 241749851725400 2184200
LATENCY 2159800
TIMELINE 33 769 241749885919300 2159800
LATENCY 2178100
TIMELINE 33 785 241749921667500 2178100
LATENCY 2158700
TIMELINE 33 801 241749956886200 2158700
LATENCY 2123100
TIMELINE 33 817 241749991629300 2123100
LATENCY 2057500
TIMELINE 33 833 241750025594500 2057500
LATENCY 2002900
TIMELINE 33 849 241750059365500 2002900
LATENCY 2159800
TIMELINE 33 865 241750118977900 2159800
LATENCY 2125700
TIMELINE 33 881 241750153716100 2125700
LATENCY 2172000
TIMELINE 33 897 241750188978400 2172000
LATENCY 2139600
TIMELINE 33 913 241750224142100 2139600
LATENCY 2292800
TIMELINE 33 929 241750259835400 2292800
LATENCY 2116800
TIMELINE 33 945 241750295605300 2116800
LATENCY 2113300
TIMELINE 33 961 241750330002700 2113300
LATENCY 2116000
TIMELINE 33 977 241750363676200 2116000
LATENCY 2121900
TIMELINE 33 993 241750406196900 2121900
LATENCY 2106200
TIMELINE 33 1009 241750440042300 2106200
LATENCY 2107000
TIMELINE 33 1025 241750473792300 2107000
LATENCY 2062200
TIMELINE 33 1041 241750507589900 2062200
LATENCY 2287900
TIMELINE 33 1057 241750541493500 2287900
LATENCY 2150300
TIMELINE 33 1073 241750576193800 2150300
LATENCY 2116300
TIMELINE 33 1089 241750610359900 2116300
LATENCY 2107400
TIMELINE 33 1105 241750649295000 2107400
LATENCY 2129800
TIMELINE 33 1121 241750684203500 2129800
LATENCY 2117800
TIMELINE 33 1137 241750718052700 2117800
LATENCY 2118200
TIMELINE 33 1153 241750752632300 2118200
LATENCY 2088200
TIMELINE 33 1169 241750786303500 2088200
LATENCY 2136000
TIMELINE 33 1185 241750820237900 2136000
LATENCY 2269400
TIMELINE 33 1201 241750855262000 2269400
LATENCY 2286600
TIMELINE 33 1217 241750890802700 2286600
LATENCY 2185100
TIMELINE 33 1233 241750931176900 2185100
LATENCY 2274000
TIMELINE 33 1249 241750967379800 2274000
LATENCY 2205900
TIMELINE 33 1265 241751002961500 2205900
LATENCY 2302800
TIMELINE 33 1281 241751039454000 2302800
LATENCY 2331000
TIMELINE 33 1297 241751074945400 2331000
LATENCY 2750800
TIMELINE 33 1313 241751111770900 2750800
LATENCY 2961100
TIMELINE 33 1329 241751158262100 2961100
LATENCY 2997800
TIMELINE 33 1345 241751211460600 2997800
LATENCY 3134100
TIMELINE 33 1361 241751259503300 3134100
LATENCY 2791300
TIMELINE 33 1377 241751305346100 2791300
LATENCY 2613800
TIMELINE 33 1393 241751348988200 2613800
LATENCY 2937700
TIMELINE 33 1409 241751395939100 2937700
LATENCY 2944100
TIMELINE 33 1425 241751443124200 2944100
LATENCY 2594200
TIMELINE 33 1441 241751488608000 2594200
LATENCY 2696300
TIMELINE 33 1457 241751534354900 2696300
LATENCY 2941400
TIMELINE 33 1473 241751586176700 2941400
LATENCY 2781500
TIMELINE 33 1489 241751632275100 2781500
LATENCY 2842900
TIMELINE 33 1505 241751675991000 2842900
LATENCY 2752900
TIMELINE 33 1521 241751720012600 2752900
LATENCY 2911400
TIMELINE 33 1537 241751766330000 2911400
LATENCY 2956400
TIMELINE 33 1553 241751810816800 2956400
LATENCY 2919400
TIMELINE 33 1569 241751859181200 2919400
LATENCY 3058700
TIMELINE 33 1585 241751919369000 3058700
LATENCY 2953700
TIMELINE 33 1601 241751966584500 2953700
LATENCY 2979000
TIMELINE 33 1617 241752013165000 2979000
LATENCY 3115700
TIMELINE 33 1633 241752062833900 3115700
LATENCY 3200500
TIMELINE 33 1649 241752110133400 3200500
LATENCY 2727600
TIMELINE 33 1665 241752153961500 2727600
LATENCY 2716100
TIMELINE 33 1681 241752203329300 2716100
LATENCY 7550900
TIMELINE 33 1697 241752247261900 7550900
LATENCY 2933700
TIMELINE 33 1713 241752298617500 2933700
LATENCY 2949700
TIMELINE 33 1729 241752347915400 2949700
LATENCY 3074700
TIMELINE 33 1745 241752394011600 3074700
LATENCY 3052100
TIMELINE 33 1761 241752441277100 3052100
LATENCY 2909400
TIMELINE 33 1777 241752488741500 2909400
LATENCY 2993200
TIMELINE 33 1793 241752533967700 2993200
LATENCY 2774400
TIMELINE 33 1809 241752582296800 2774400
LATENCY 2744000
TIMELINE 33 1825 241752630206600 2744000
LATENCY 2706600
TIMELINE 33 1841 241752673963300 2706600
LATENCY 2948800
TIMELINE 33 1857 241752720451000 2948800
LATENCY 2937300
TIMELINE 33 1873 241752768722400 2937300
LATENCY 2710300
TIMELINE 33 1889 241752814327600 2710300
LATENCY 3021300
TIMELINE 33 1905 241752862147400 3021300
LATENCY 3320600
TIMELINE 33 1921 241752915842400 3320600
LATENCY 3362400
TIMELINE 33 1937 241752973393000 3362400
LATENCY 3268900
TIMELINE 33 1953 241753026288700 3268900
LATENCY 2769400
TIMELINE 33 1969 241753076055300 2769400
LATENCY 3173900
TIMELINE 33 1985 241753119301000 3173900
LATENCY 2703100
TIMELINE 33 2001 241753163940100 2703100
LATENCY 2866600
TIMELINE 33 2017 241753207886400 2866600
LATENCY 2743500
TIMELINE 33 2033 241753252983400 2743500
LATENCY 2543900
TIMELINE 34 2 241748156253000 2543900
LATENCY 2347100
TIMELINE 34 18 241748200556800 2347100
LATENCY 2263500
TIMELINE 34 34 241748237541700 2263500
LATENCY 2291200
TIMELINE 34 50 241748274134000 2291200
LATENCY 2433900
TIMELINE 34 66 241748310977500 2433900
LATENCY 2335600
TIMELINE 34 82 241748349161800 2335600
LATENCY 2344500
TIMELINE 34 98 241748386760300 2344500
LATENCY 2172800
TIMELINE 34 114 241748430750600 2172800
LATENCY 2130700
TIMELINE 34 130 241748466123000 2130700
LATENCY 2338000
TIMELINE 34 146 241748501814000 2338000
LATENCY 2593300
TIMELINE 34 162 241748538811800 2593300
LATENCY 2143400
TIMELINE 34 178 241748573771800 2143400
LATENCY 2368300
TIMELINE 34 194 241748609969700 2368300
LATENCY 2101400
TIMELINE 34 210 241748644857300 2101400
LATENCY 2274100
TIMELINE 34 226 241748679290600 2274100
LATENCY 2145600
TIMELINE 34 242 241748720123100 2145600
LATENCY 2280400
TIMELINE 34 258 241748754774300 2280400
LATENCY 2149900
TIMELINE 34 274 241748789881900 2149900
LATENCY 2157800
TIMELINE 34 290 241748824647500 2157800
LATENCY 2120600
TIMELINE 34 306 241748859128300 2120600
LATENCY 2096900
TIMELINE 34 322 241748892735700 2096900
LATENCY 2129900
TIMELINE 34 338 241748926756700 2129900
LATENCY 2159900
TIMELINE 34 354 241748960438800 2159900
LATENCY 2395000
TIMELINE 34 370 241749001452900 2395000
LATENCY 2315400
TIMELINE 34 386 241749037452600 2315400
LATENCY 2131300
TIMELINE 34 402 241749072355000 2131300
LATENCY 2090600
TIMELINE 34 418 241749107735700 2090600
LATENCY 2152800
TIMELINE 34 434 241749142189600 2152800
LATENCY 2151500
TIMELINE 34 450 241749176617000 2151500
LATENCY 2080800
TIMELINE 34 466 241749212596400 2080800
LATENCY 2119800
TIMELINE 34 482 241749246616200 2119800
LATENCY 2166200
TIMELINE 34 498 241749287533700 2166200
LATENCY 2105100
TIMELINE 34 514 241749321496400 2105100
LATENCY 2099100
TIMELINE 34 530 241749355236100 2099100
LATENCY 2157200
TIMELINE 34 546 241749389205900 2157200
LATENCY 2165900
TIMELINE 34 562 241749424079100 2165900
LATENCY 2261800
TIMELINE 34 578 241749459820100 2261800
LATENCY 2161900
TIMELINE 34 594 241749494555700 2161900
LATENCY 2140700
TIMELINE 34 610 241749529305600 2140700
LATENCY 2324200
TIMELINE 34 626 241749571115700 2324200
LATENCY 2111900
TIMELINE 34 642 241749607336000 2111900
LATENCY 2079300
TIMELINE 34 658 241749640968800 2079300
LATENCY 2103800
TIMELINE 34 674 241749674695100 2103800
LATENCY 2113900
TIMELINE 34 690 241749708294800 2113900
LATENCY 2141100
TIMELINE 34 706 241749742179300 2141100
LATENCY 2117200
TIMELINE 34 722 241749776408600 2117200
LATENCY 1999300
TIMELINE 34 738 241749810441600 1999300
LATENCY 2170700
TIMELINE 34 754 241749852842700 2170700
LATENCY 2242200
TIMELINE 34 770 241749886861700 2242200
LATENCY 2143700
TIMELINE 34 786 241749922684800 2143700
LATENCY 2220400
TIMELINE 34 802 241749957783600 2220400
LATENCY 2131500
TIMELINE 34 818 241749992700900 2131500
LATENCY 2069900
TIMELINE 34 834 241750026626900 2069900
LATENCY 1808900
TIMELINE 34 850 241750060410400 1808900
LATENCY 2148400
TIMELINE 34 866 241750118169700 2148400
LATENCY 2154700
TIMELINE 34 882 241750152803100 2154700
LATENCY 2376600
TIMELINE 34 898 241750187808200 2376600
LATENCY 2134000
TIMELINE 34 914 241750223260200 2134000
LATENCY 2319700
TIMELINE 34 930 241750259188800 2319700
LATENCY 2125800
TIMELINE 34 946 241750294983000 2125800
LATENCY 2131200
TIMELINE 34 962 241750329360500 2131200
LATENCY 2124300
TIMELINE 34 978 241750363023200 2124300
LATENCY 2147200
TIMELINE 34 994 241750405493300 2147200
LATENCY 2136000
TIMELINE 34 1010 241750439318300 2136000
LATENCY 2113700
TIMELINE 34 1026 241750473099600 2113700
LATENCY 2102100
TIMELINE 34 1042 241750506903100 2102100
LATENCY 2288900
TIMELINE 34 1058 241750540855100 2288900
LATENCY 2169100
TIMELINE 34 1074 241750575718200 2169100
LATENCY 2129900
TIMELINE 34 1090 241750609820400 2129900
LATENCY 2159500
TIMELINE 34 1106 241750648706800 2159500
LATENCY 2121700
TIMELINE 34 1122 241750683796800 2121700
LATENCY 2119100
TIMELINE 34 1138 241750717671800 2119100
LATENCY 2087600
TIMELINE 34 1154 241750752263100 2087600
LATENCY 2085500
TIMELINE 34 1170 241750785922700 2085500
LATENCY 2148300
TIMELINE 34 1186 241750819771300 2148300
LATENCY 2244500
TIMELINE 34 1202 241750854854100 2244500
LATENCY 2268500
TIMELINE 34 1218 241750890423600 2268500
LATENCY 2176700
TIMELINE 34 1234 241750930820800 2176700
LATENCY 2269200
TIMELINE 34 1250 241750967039700 2269200
LATENCY 2209700
TIMELINE 34 1266 241751002640900 2209700
LATENCY 2200700
TIMELINE 34 1282 241751039032600 2200700
LATENCY 2385500
TIMELINE 34 1298 241751074133400 2385500
LATENCY 2747400
TIMELINE 34 1314 241751110844700 2747400
LATENCY 2938400
TIMELINE 34 1330 241751157300800 2938400
LATENCY 3010200
TIMELINE 34 1346 241751210478300 3010200
LATENCY 3059300
TIMELINE 34 1362 241751258289800 3059300
LATENCY 2792800
TIMELINE 34 1378 241751304250400 2792800
LATENCY 2576000
TIMELINE 34 1394 241751347998100 2576000
LATENCY 2947300
TIMELINE 34 1410 241751394761700 2947300
LATENCY 2955300
TIMELINE 34 1426 241751441958500 2955300
LATENCY 2640900
TIMELINE 34 1442 241751487567800 2640900
LATENCY 2689800
TIMELINE 34 1458 241751533267300 2689800
LATENCY 2944000
TIMELINE 34 1474 241751585057000 2944000
LATENCY 2729600
TIMELINE 34 1490 241751631239600 2729600
LATENCY 2780800
TIMELINE 34 1506 241751674885300 2780800
LATENCY 2800900
TIMELINE 34 1522 241751718923500 2800900
LATENCY 2934400
TIMELINE 34 1538 241751765157200 2934400
LATENCY 2843200
TIMELINE 34 1554 241751809735700 2843200
LATENCY 2870400
TIMELINE 34 1570 241751858079800 2870400
LATENCY 2983100
TIMELINE 34 1586 241751918183700 2983100
LATENCY 2942400
TIMELINE 34 1602 241751965384000 2942400
LATENCY 2821200
TIMELINE 34 1618 241752012095200 2821200
LATENCY 3023600
TIMELINE 34 1634 241752058761500 3023600
LATENCY 2948700
TIMELINE 34 1650 241752106083000 2948700
LATENCY 2589500
TIMELINE 34 1666 241752150359200 2589500
LATENCY 2710500
TIMELINE 34 1682 241752199593300 2710500
LATENCY 2945400
TIMELINE 34 1698 241752243181600 2945400
LATENCY 2947600
TIMELINE 34 1714 241752294532600 2947600
LATENCY 2935000
TIMELINE 34 1730 241752343838400 2935000
LATENCY 2902600
TIMELINE 34 1746 241752390071900 2902600
LATENCY 3007700
TIMELINE 34 1762 241752437129400 3007700
LATENCY 2814500
TIMELINE 34 1778 241752484864900 2814500
LATENCY 2821400
TIMELINE 34 1794 241752530096900 2821400
LATENCY 2701300
TIMELINE 34 1810 241752578501900 2701300
LATENCY 2684500
TIMELINE 34 1826 241752626426200 2684500
LATENCY 2693300
TIMELINE 34 1842 241752670158100 2693300
LATENCY 2887600
TIMELINE 34 1858 241752715718000 2887600
LATENCY 2954300
TIMELINE 34 1874 241752763993000 2954300
LATENCY 3161900
TIMELINE 34 1890 241752809482700 3161900
LATENCY 2980000
TIMELINE 34 1906 241752857289000 2980000
LATENCY 3237500
TIMELINE 34 1922 241752910813700 3237500
LATENCY 3310700
TIMELINE 34 1938 241752968439100 3310700
LATENCY 3335100
TIMELINE 34 1954 241753021160800 3335100
LATENCY 2821200
TIMELINE 34 1970 241753071748700 2821200
LATENCY 2770000
TIMELINE 34 1986 241753115060000 2770000
LATENCY 2780100
TIMELINE 34 2002 241753159620200 2780100
LATENCY 2991200
TIMELINE 34 2018 241753203299000 2991200
LATENCY 2803500
TIMELINE 34 2034 241753248423000 2803500
LATENCY 2459100
TIMELINE 35 3 241748158834500 2459100
LATENCY 2317200
TIMELINE 35 19 241748202973000 2317200
LATENCY 2254300
TIMELINE 35 35 241748239650700 2254300
LATENCY 2276300
TIMELINE 35 51 241748276187700 2276300
LATENCY 2217700
TIMELINE 35 67 241748313171900 2217700
LATENCY 2291200
TIMELINE 35 83 241748351280600 2291200
LATENCY 2286100
TIMELINE 35 99 241748388949900 2286100
LATENCY 2176500
TIMELINE 35 115 241748432835400 2176500
LATENCY 2192500
TIMELINE 35 131 241748468168900 2192500
LATENCY 2165900
TIMELINE 35 147 241748504001600 2165900
LATENCY 2170300
TIMELINE 35 163 241748541468100 2170300
LATENCY 2184400
TIMELINE 35 179 241748576031800 2184400
LATENCY 2191900
TIMELINE 35 195 241748611926400 2191900
LATENCY 2110400
TIMELINE 35 211 241748646588600 2110400
LATENCY 2200600
TIMELINE 35 227 241748681197300 2200600
LATENCY 2156300
TIMELINE 35 243 241748721967000 2156300
LATENCY 2523400
TIMELINE 35 259 241748756695700 2523400
LATENCY 2202700
TIMELINE 35 275 241748791743000 2202700
LATENCY 2147400
TIMELINE 35 291 241748826190400 2147400
LATENCY 2154700
TIMELINE 35 307 241748860684900 2154700
LATENCY 2113700
TIMELINE 35 323 241748894265900 2113700
LATENCY 2132400
TIMELINE 35 339 241748928291500 2132400
LATENCY 2080600
TIMELINE 35 355 241748962029100 2080600
LATENCY 2314300
TIMELINE 35 371 241749002986500 2314300
LATENCY 2302600
TIMELINE 35 387 241749038848100 2302600
LATENCY 2144800
TIMELINE 35 403 241749073623400 2144800
LATENCY 2101900
TIMELINE 35 419 241749108925400 2101900
LATENCY 2129900
TIMELINE 35 435 241749143399500 2129900
LATENCY 2331500
TIMELINE 35 451 241749177848200 2331500
LATENCY 2118700
TIMELINE 35 467 241749213770000 2118700
LATENCY 2100300
TIMELINE 35 483 241749247786300 2100300
LATENCY 2104200
TIMELINE 35 499 241749288730800 2104200
LATENCY 2131900
TIMELINE 35 515 241749322594400 2131900
LATENCY 2065800
TIMELINE 35 531 241749356349400 2065800
LATENCY 2141800
TIMELINE 35 547 241749390345400 2141800
LATENCY 2178500
TIMELINE 35 563 241749425166600 2178500
LATENCY 2236200
TIMELINE 35 579 241749461078100 2236200
LATENCY 2129900
TIMELINE 35 595 241749495749500 2129900
LATENCY 2076400
TIMELINE 35 611 241749530540400 2076400
LATENCY 2244200
TIMELINE 35 627 241749572545000 2244200
LATENCY 2090100
TIMELINE 35 643 241749608573100 2090100
LATENCY 2112700
TIMELINE 35 659 241749642127500 2112700
LATENCY 2109500
TIMELINE 35 675 241749675874700 2109500
LATENCY 2091200
TIMELINE 35 691 241749709542900 2091200
LATENCY 2313500
TIMELINE 35 707 241749743378200 2313500
LATENCY 2123600
TIMELINE 35 723 241749777687800 2123600
LATENCY 2017000
TIMELINE 35 739 241749811633300 2017000
LATENCY 2147200
TIMELINE 35 755 241749854439300 2147200
LATENCY 2146200
TIMELINE 35 771 241749888552900 2146200
LATENCY 2216700
TIMELINE 35 787 241749924170900 2216700
LATENCY 2199900
TIMELINE 35 803 241749959422300 2199900
LATENCY 2120000
TIMELINE 35 819 241749994248400 2120000
LATENCY 2275900
TIMELINE 35 835 241750028127100 2275900
LATENCY 15003900
TIMELINE 35 851 241750061821900 15003900
LATENCY 2196700
TIMELINE 35 867 241750120729800 2196700
LATENCY 2167400
TIMELINE 35 883 241750155354800 2167400
LATENCY 2151200
TIMELINE 35 899 241750190524000 2151200
LATENCY 2152500
TIMELINE 35 915 241750225546400 2152500
LATENCY 2176600
TIMELINE 35 931 241750261946500 2176600
LATENCY 2229700
TIMELINE 35 947 241750298019500 2229700
LATENCY 2098600
TIMELINE 35 963 241750332413300 2098600
LATENCY 2106500
TIMELINE 35 979 241750366079500 2106500
LATENCY 2112800
TIMELINE 35 995 241750408350600 2112800
LATENCY 2139400
TIMELINE 35 1011 241750442181800 2139400
LATENCY 2141600
TIMELINE 35 1027 241750475961500 2141600
LATENCY 2095700
TIMELINE 35 1043 241750509720900 2095700
LATENCY 2207500
TIMELINE 35 1059 241750543903100 2207500
LATENCY 2115000
TIMELINE 35 1075 241750578524600 2115000
LATENCY 2141300
TIMELINE 35 1091 241750612569000 2141300
LATENCY 2136500
TIMELINE 35 1107 241750651464900 2136500
LATENCY 2110200
TIMELINE 35 1123 241750686305300 2110200
LATENCY 2119000
TIMELINE 35 1139 241750720203600 2119000
LATENCY 2176900
TIMELINE 35 1155 241750754720500 2176900
LATENCY 2081000
TIMELINE 35 1171 241750788364500 2081000
LATENCY 2107500
TIMELINE 35 1187 241750822262500 2107500
LATENCY 2243800
TIMELINE 35 1203 241750857404000 2243800
LATENCY 2251100
TIMELINE 35 1219 241750893183000 2251100
LATENCY 2184600
TIMELINE 35 1235 241750933427200 2184600
LATENCY 2164700
TIMELINE 35 1251 241750969686000 2164700
LATENCY 2146700
TIMELINE 35 1267 241751005228500 2146700
LATENCY 2226100
TIMELINE 35 1283 241751041576600 2226100
LATENCY 2242100
TIMELINE 35 1299 241751077027700 2242100
LATENCY 2750000
TIMELINE 35 1315 241751114287600 2750000
LATENCY 3012100
TIMELINE 35 1331 241751160969400 3012100
LATENCY 3034800
TIMELINE 35 1347 241751214207200 3034800
LATENCY 3125200
TIMELINE 35 1363 241751262317300 3125200
LATENCY 2878200
TIMELINE 35 1379 241751307863700 2878200
LATENCY 2580800
TIMELINE 35 1395 241751351340600 2580800
LATENCY 3002100
TIMELINE 35 1411 241751398629600 3002100
LATENCY 2898500
TIMELINE 35 1427 241751445823800 2898500
LATENCY 2621800
TIMELINE 35 1443 241751490988800 2621800
LATENCY 7617200
TIMELINE 35 1459 241751536832200 7617200
LATENCY 3039300
TIMELINE 35 1475 241751588992500 3039300
LATENCY 2720500
TIMELINE 35 1491 241751634845800 2720500
LATENCY 2735000
TIMELINE 35 1507 241751678582700 2735000
LATENCY 2754500
TIMELINE 35 1523 241751722546000 2754500
LATENCY 2916600
TIMELINE 35 1539 241751768992000 2916600
LATENCY 2760100
TIMELINE 35 1555 241751813532300 2760100
LATENCY 2904700
TIMELINE 35 1571 241751861859700 2904700
LATENCY 2939300
TIMELINE 35 1587 241751922151600 2939300
LATENCY 3020300
TIMELINE 35 1603 241751969246900 3020300
LATENCY 2643500
TIMELINE 35 1619 241752015740400 2643500
LATENCY 3077400
TIMELINE 35 1635 241752061864700 3077400
LATENCY 3160000
TIMELINE 35 1651 241752109153900 3160000
LATENCY 2603600
TIMELINE 35 1667 241752153074600 2603600
LATENCY 2678400
TIMELINE 35 1683 241752202410500 2678400
LATENCY 7555100
TIMELINE 35 1699 241752246256700 7555100
LATENCY 2914700
TIMELINE 35 1715 241752297610300 2914700
LATENCY 2937400
TIMELINE 35 1731 241752346903200 2937400
LATENCY 3021000
TIMELINE 35 1747 241752393013700 3021000
LATENCY 3043500
TIMELINE 35 1763 241752440177000 3043500
LATENCY 2780000
TIMELINE 35 1779 241752487728900 2780000
LATENCY 2959700
TIMELINE 35 1795 241752532968400 2959700
LATENCY 2736500
TIMELINE 35 1811 241752581274200 2736500
LATENCY 2713100
TIMELINE 35 1827 241752629193900 2713100
LATENCY 2723300
TIMELINE 35 1843 241752672932800 2723300
LATENCY 2975300
TIMELINE 35 1859 241752718707400 2975300
LATENCY 2934800
TIMELINE 35 1875 241752767001600 2934800
LATENCY 2720300
TIMELINE 35 1891 241752812737100 2720300
LATENCY 3013300
TIMELINE 35 1907 241752860323600 3013300
LATENCY 3355800
TIMELINE 35 1923 241752913812600 3355800
LATENCY 3290700
TIMELINE 35 1939 241752971658000 3290700
LATENCY 3436200
TIMELINE 35 1955 241753024449800 3436200
LATENCY 2803300
TIMELINE 35 1971 241753074533700 2803300
LATENCY 2927600
TIMELINE 35 1987 241753117881800 2927600
LATENCY 2717600
TIMELINE 35 2003 241753162497700 2717600
LATENCY 2820700
TIMELINE 35 2019 241753206379700 2820700
LATENCY 2823300
TIMELINE 35 2035 241753251385200 2823300
LATENCY 2458800
TIMELINE 36 4 241748161333700 2458800
LATENCY 2284400
TIMELINE 36 20 241748205165800 2284400
LATENCY 2252700
TIMELINE 36 36 241748241873700 2252700
LATENCY 2351500
TIMELINE 36 52 241748278536500 2351500
LATENCY 2338200
TIMELINE 36 68 241748315460000 2338200
LATENCY 2318500
TIMELINE 36 84 241748353633100 2318500
LATENCY 2372800
TIMELINE 36 100 241748391203600 2372800
LATENCY 2214900
TIMELINE 36 116 241748434922700 2214900
LATENCY 2155100
TIMELINE 36 132 241748470271100 2155100
LATENCY 2177800
TIMELINE 36 148 241748506137400 2177800
LATENCY 2143300
TIMELINE 36 164 241748543523000 2143300
LATENCY 2217800
TIMELINE 36 180 241748578064100 2217800
LATENCY 2174700
TIMELINE 36 196 241748614804400 2174700
LATENCY 2096400
TIMELINE 36 212 241748649392600 2096400
LATENCY 2203400
TIMELINE 36 228 241748684246300 2203400
LATENCY 2083200
TIMELINE 36 244 241748724958800 2083200
LATENCY 2230000
TIMELINE 36 260 241748760102700 2230000
LATENCY 2108200
TIMELINE 36 276 241748794782400 2108200
LATENCY 2175400
TIMELINE 36 292 241748829196800 2175400
LATENCY 2084000
TIMELINE 36 308 241748863751900 2084000
LATENCY 2097000
TIMELINE 36 324 241748897256200 2097000
LATENCY 2138600
TIMELINE 36 340 241748931282900 2138600
LATENCY 2107300
TIMELINE 36 356 241748964979500 2107300
LATENCY 2199200
TIMELINE 36 372 241749006619500 2199200
LATENCY 2253600
TIMELINE 36 388 241749042512400 2253600
LATENCY 2121900
TIMELINE 36 404 241749077017300 2121900
LATENCY 2098700
TIMELINE 36 420 241749112362500 2098700
LATENCY 2221700
TIMELINE 36 436 241749146855800 2221700
LATENCY 2221000
TIMELINE 36 452 241749181652200 2221000
LATENCY 2140300
TIMELINE 36 468 241749217219600 2140300
LATENCY 2105200
TIMELINE 36 484 241749251222700 2105200
LATENCY 2100700
TIMELINE 36 500 241749292166600 2100700
LATENCY 2079200
TIMELINE 36 516 241749326088000 2079200
LATENCY 2113200
TIMELINE 36 532 241749359747000 2113200
LATENCY 2116500
TIMELINE 36 548 241749393832600 2116500
LATENCY 2348300
TIMELINE 36 564 241749428825700 2348300
LATENCY 2127600
TIMELINE 36 580 241749464801500 2127600
LATENCY 2094400
TIMELINE 36 596 241749499314300 2094400
LATENCY 2139100
TIMELINE 36 612 241749534056100 2139100
LATENCY 2195900
TIMELINE 36 628 241749576187300 2195900
LATENCY 2102200
TIMELINE 36 644 241749612053600 2102200
LATENCY 2110100
TIMELINE 36 660 241749645781700 2110100
LATENCY 2108700
TIMELINE 36 676 241749679507200 2108700
LATENCY 2298800
TIMELINE 36 692 241749713155000 2298800
LATENCY 2108600
TIMELINE 36 708 241749747230300 2108600
LATENCY 2109200
TIMELINE 36 724 241749781355600 2109200
LATENCY 2628700
TIMELINE 36 740 241749815681500 2628700
LATENCY 2100300
TIMELINE 36 756 241749858406200 2100300
LATENCY 2126200
TIMELINE 36 772 241749892674600 2126200
LATENCY 2219100
TIMELINE 36 788 241749928393700 2219100
LATENCY 2290300
TIMELINE 36 804 241749963663000 2290300
LATENCY 2128300
TIMELINE 36 820 241749998500000 2128300
LATENCY 2079200
TIMELINE 36 836 241750032442300 2079200
LATENCY 2976300
TIMELINE 36 852 241750080949500 2976300
LATENCY 2176200
TIMELINE 36 868 241750125284400 2176200
LATENCY 2097300
TIMELINE 36 884 241750159494400 2097300
LATENCY 2119800
TIMELINE 36 900 241750194775900 2119800
LATENCY 2142900
TIMELINE 36 916 241750230145500 2142900
LATENCY 2476900
TIMELINE 36 932 241750266131600 2476900
LATENCY 2129000
TIMELINE 36 948 241750301765900 2129000
LATENCY 2060900
TIMELINE 36 964 241750335950700 2060900
LATENCY 9992400
TIMELINE 36 980 241750369654400 9992400
LATENCY 2117700
TIMELINE 36 996 241750412058300 2117700
LATENCY 2110400
TIMELINE 36 1012 241750445910300 2110400
LATENCY 2087700
TIMELINE 36 1028 241750479691800 2087700
LATENCY 2139200
TIMELINE 36 1044 241750513330000 2139200
LATENCY 2189600
TIMELINE 36 1060 241750547723100 2189600
LATENCY 2144900
TIMELINE 36 1076 241750582465400 2144900
LATENCY 2043400
TIMELINE 36 1092 241750616530500 2043400
LATENCY 2083800
TIMELINE 36 1108 241750655438500 2083800
LATENCY 2104600
TIMELINE 36 1124 241750690718100 2104600
LATENCY 2257700
TIMELINE 36 1140 241750724609900 2257700
LATENCY 2100000
TIMELINE 36 1156 241750759435200 2100000
LATENCY 2085400
TIMELINE 36 1172 241750793011400 2085400
LATENCY 2086600
TIMELINE 36 1188 241750826888400 2086600
LATENCY 2162900
TIMELINE 36 1204 241750862321300 2162900
LATENCY 2322700
TIMELINE 36 1220 241750903052700 2322700
LATENCY 2296800
TIMELINE 36 1236 241750938293200 2296800
LATENCY 2164400
TIMELINE 36 1252 241750974309400 2164400
LATENCY 2709300
TIMELINE 36 1268 241751010906600 2709300
LATENCY 2160800
TIMELINE 36 1284 241751046303100 2160800
LATENCY 2201300
TIMELINE 36 1300 241751081561400 2201300
LATENCY 2856900
TIMELINE 36 1316 241751120106300 2856900
LATENCY 2982600
TIMELINE 36 1332 241751167374500 2982600
LATENCY 2996500
TIMELINE 36 1348 241751220583700 2996500
LATENCY 2762600
TIMELINE 36 1364 241751268532300 2762600
LATENCY 2787600
TIMELINE 36 1380 241751313950100 2787600
LATENCY 2889400
TIMELINE 36 1396 241751356877100 2889400
LATENCY 2904800
TIMELINE 36 1412 241751404873100 2904800
LATENCY 2938500
TIMELINE 36 1428 241751451958000 2938500
LATENCY 2909500
TIMELINE 36 1444 241751496450200 2909500
LATENCY 2950000
TIMELINE 36 1460 241751547754900 2950000
LATENCY 2923100
TIMELINE 36 1476 241751595130500 2923100
LATENCY 2693200
TIMELINE 36 1492 241751640595700 2693200
LATENCY 2730700
TIMELINE 36 1508 241751684254100 2730700
LATENCY 2766800
TIMELINE 36 1524 241751728384200 2766800
LATENCY 2772800
TIMELINE 36 1540 241751775131000 2772800
LATENCY 4856700
TIMELINE 36 1556 241751819996200 4856700
LATENCY 2896700
TIMELINE 36 1572 241751867963700 2896700
LATENCY 2950400
TIMELINE 36 1588 241751928342000 2950400
LATENCY 2950900
TIMELINE 36 1604 241751975500100 2950900
LATENCY 2682200
TIMELINE 36 1620 241752024100100 2682200
LATENCY 2931100
TIMELINE 36 1636 241752071338400 2931100
LATENCY 2730900
TIMELINE 36 1652 241752118249900 2730900
LATENCY 2890900
TIMELINE 36 1668 241752162069700 2890900
LATENCY 2691800
TIMELINE 36 1684 241752210923100 2691800
LATENCY 2922300
TIMELINE 36 1700 241752260113900 2922300
LATENCY 2933200
TIMELINE 36 1716 241752306827500 2933200
LATENCY 2916900
TIMELINE 36 1732 241752356107500 2916900
LATENCY 2939900
TIMELINE 36 1748 241752402455200 2939900
LATENCY 3004000
TIMELINE 36 1764 241752449758600 3004000
LATENCY 2790300
TIMELINE 36 1780 241752496797200 2790300
LATENCY 2659900
TIMELINE 36 1796 241752546266600 2659900
LATENCY 2707800
TIMELINE 36 1812 241752590017600 2707800
LATENCY 2732800
TIMELINE 36 1828 241752637838000 2732800
LATENCY 2779700
TIMELINE 36 1844 241752681564900 2779700
LATENCY 2965800
TIMELINE 36 1860 241752728309300 2965800
LATENCY 2984700
TIMELINE 36 1876 241752776452500 2984700
LATENCY 3051400
TIMELINE 36 1892 241752821632700 3051400
LATENCY 3407300
TIMELINE 36 1908 241752870549200 3407300
LATENCY 3416200
TIMELINE 36 1924 241752924595100 3416200
LATENCY 3291000
TIMELINE 36 1940 241752982170100 3291000
LATENCY 3191800
TIMELINE 36 1956 241753034818300 3191800
LATENCY 2599000
TIMELINE 36 1972 241753083274100 2599000
LATENCY 2633800
TIMELINE 36 1988 241753127020800 2633800
LATENCY 2731000
TIMELINE 36 2004 241753171150900 2731000
LATENCY 2763800
TIMELINE 36 2020 241753215340500 2763800
LATENCY 4029100
TIMELINE 36 2036 241753260374800 4029100
LATENCY 4001400
TIMELINE 37 5 241748163831200 4001400
LATENCY 2295200
TIMELINE 37 21 241748207545400 2295200
LATENCY 2252800
TIMELINE 37 37 241748244253900 2252800
LATENCY 2308100
TIMELINE 37 53 241748280986400 2308100
LATENCY 2357300
TIMELINE 37 69 241748317905200 2357300
LATENCY 2384700
TIMELINE 37 85 241748356017900 2384700
LATENCY 2336000
TIMELINE 37 101 241748393690200 2336000
LATENCY 2170500
TIMELINE 37 117 241748437280500 2170500
LATENCY 2129600
TIMELINE 37 133 241748472579900 2129600
LATENCY 2190600
TIMELINE 37 149 241748508525100 2190600
LATENCY 2167500
TIMELINE 37 165 241748545970800 2167500
LATENCY 2249700
TIMELINE 37 181 241748580632600 2249700
LATENCY 2165800
TIMELINE 37 197 241748617324100 2165800
LATENCY 2103200
TIMELINE 37 213 241748651825600 2103200
LATENCY 2253100
TIMELINE 37 229 241748686742500 2253100
LATENCY 2118300
TIMELINE 37 245 241748727349600 2118300
LATENCY 2201300
TIMELINE 37 261 241748762700900 2201300
LATENCY 2172200
TIMELINE 37 277 241748797348600 2172200
LATENCY 2125300
TIMELINE 37 293 241748831884900 2125300
LATENCY 2161100
TIMELINE 37 309 241748866284900 2161100
LATENCY 2057700
TIMELINE 37 325 241748899805900 2057700
LATENCY 2130400
TIMELINE 37 341 241748933900400 2130400
LATENCY 2115900
TIMELINE 37 357 241748967559100 2115900
LATENCY 2248500
TIMELINE 37 373 241749009128500 2248500
LATENCY 2177600
TIMELINE 37 389 241749044982000 2177600
LATENCY 2127400
TIMELINE 37 405 241749079321300 2127400
LATENCY 2120100
TIMELINE 37 421 241749114635800 2120100
LATENCY 2118900
TIMELINE 37 437 241749149266100 2118900
LATENCY 2152000
TIMELINE 37 453 241749184079400 2152000
LATENCY 2110800
TIMELINE 37 469 241749219617500 2110800
LATENCY 2106900
TIMELINE 37 485 241749253609300 2106900
LATENCY 2090200
TIMELINE 37 501 241749294546600 2090200
LATENCY 2131800
TIMELINE 37 517 241749328434400 2131800
LATENCY 2150900
TIMELINE 37 533 241749362120000 2150900
LATENCY 2096200
TIMELINE 37 549 241749396204700 2096200
LATENCY 2198600
TIMELINE 37 565 241749431397100 2198600
LATENCY 2152600
TIMELINE 37 581 241749467145100 2152600
LATENCY 2152800
TIMELINE 37 597 241749501578700 2152800
LATENCY 2105800
TIMELINE 37 613 241749536352200 2105800
LATENCY 2219000
TIMELINE 37 629 241749578346800 2219000
LATENCY 2074600
TIMELINE 37 645 241749614126500 2074600
LATENCY 2095600
TIMELINE 37 661 241749647786100 2095600
LATENCY 2110000
TIMELINE 37 677 241749681506400 2110000
LATENCY 2084700
TIMELINE 37 693 241749715366400 2084700
LATENCY 2126500
TIMELINE 37 709 241749749279700 2126500
LATENCY 2120000
TIMELINE 37 725 241749783406100 2120000
LATENCY 9313500
TIMELINE 37 741 241749818096800 9313500
LATENCY 2107100
TIMELINE 37 757 241749860337900 2107100
LATENCY 2138600
TIMELINE 37 773 241749894437200 2138600
LATENCY 2150300
TIMELINE 37 789 241749930295600 2150300
LATENCY 2197200
TIMELINE 37 805 241749965521200 2197200
LATENCY 2188300
TIMELINE 37 821 241750000240400 2188300
LATENCY 2062600
TIMELINE 37 837 241750034138700 2062600
LATENCY 2277200
TIMELINE 37 853 241750084313100 2277200
LATENCY 2059200
TIMELINE 37 869 241750127936800 2059200
LATENCY 2075800
TIMELINE 37 885 241750162110700 2075800
LATENCY 2138200
TIMELINE 37 901 241750197537700 2138200
LATENCY 2147300
TIMELINE 37 917 241750232782200 2147300
LATENCY 2260200
TIMELINE 37 933 241750268947200 2260200
LATENCY 2187300
TIMELINE 37 949 241750304069200 2187300
LATENCY 2081800
TIMELINE 37 965 241750338132900 2081800
LATENCY 2341700
TIMELINE 37 981 241750379820300 2341700
LATENCY 2127400
TIMELINE 37 997 241750414443100 2127400
LATENCY 2068500
TIMELINE 37 1013 241750448253400 2068500
LATENCY 2099400
TIMELINE 37 1029 241750482111100 2099400
LATENCY 2123000
TIMELINE 37 1045 241750516053700 2123000
LATENCY 2151300
TIMELINE 37 1061 241750550423900 2151300
LATENCY 2106100
TIMELINE 37 1077 241750585048900 2106100
LATENCY 2183900
TIMELINE 37 1093 241750618946900 2183900
LATENCY 2407100
TIMELINE 37 1109 241750657772400 2407100
LATENCY 2114300
TIMELINE 37 1125 241750692711800 2114300
LATENCY 2218300
TIMELINE 37 1141 241750726762300 2218300
LATENCY 2116400
TIMELINE 37 1157 241750761158200 2116400
LATENCY 2085600
TIMELINE 37 1173 241750794727300 2085600
LATENCY 2096700
TIMELINE 37 1189 241750828576700 2096700
LATENCY 2151400
TIMELINE 37 1205 241750864166300 2151400
LATENCY 2175000
TIMELINE 37 1221 241750905013700 2175000
LATENCY 2142400
TIMELINE 37 1237 241750940297600 2142400
LATENCY 2277600
TIMELINE 37 1253 241750976300200 2277600
LATENCY 2239100
TIMELINE 37 1269 241751013459700 2239100
LATENCY 2162500
TIMELINE 37 1285 241751048322100 2162500
LATENCY 2258700
TIMELINE 37 1301 241751084031700 2258700
LATENCY 2777100
TIMELINE 37 1317 241751123001200 2777100
LATENCY 3030900
TIMELINE 37 1333 241751170406700 3030900
LATENCY 2996900
TIMELINE 37 1349 241751223633700 2996900
LATENCY 2806600
TIMELINE 37 1365 241751271212200 2806600
LATENCY 3124600
TIMELINE 37 1381 241751316668600 3124600
LATENCY 3072900
TIMELINE 37 1397 241751359671300 3072900
LATENCY 2831400
TIMELINE 37 1413 241751407687400 2831400
LATENCY 2881500
TIMELINE 37 1429 241751454815100 2881500
LATENCY 2724000
TIMELINE 37 1445 241751499270800 2724000
LATENCY 2589800
TIMELINE 37 1461 241751550674100 2589800
LATENCY 2939000
TIMELINE 37 1477 241751597929300 2939000
LATENCY 2729500
TIMELINE 37 1493 241751643183700 2729500
LATENCY 2714800
TIMELINE 37 1509 241751686854600 2714800
LATENCY 2738200
TIMELINE 37 1525 241751731035900 2738200
LATENCY 2727500
TIMELINE 37 1541 241751777791700 2727500
LATENCY 2665600
TIMELINE 37 1557 241751824754000 2665600
LATENCY 2883500
TIMELINE 37 1573 241751870739600 2883500
LATENCY 2921600
TIMELINE 37 1589 241751931127900 2921600
LATENCY 2922500
TIMELINE 37 1605 241751978286300 2922500
LATENCY 2640400
TIMELINE 37 1621 241752025757300 2640400
LATENCY 2902500
TIMELINE 37 1637 241752073188500 2902500
LATENCY 2703900
TIMELINE 37 1653 241752119912700 2703900
LATENCY 2885200
TIMELINE 37 1669 241752163893700 2885200
LATENCY 2666200
TIMELINE 37 1685 241752212548400 2666200
LATENCY 2916500
TIMELINE 37 1701 241752261911800 2916500
LATENCY 2932300
TIMELINE 37 1717 241752308626300 2932300
LATENCY 2904800
TIMELINE 37 1733 241752357893800 2904800
LATENCY 2746300
TIMELINE 37 1749 241752404316900 2746300
LATENCY 2985900
TIMELINE 37 1765 241752451649100 2985900
LATENCY 2778800
TIMELINE 37 1781 241752498538900 2778800
LATENCY 2696700
TIMELINE 37 1797 241752547946300 2696700
LATENCY 2720100
TIMELINE 37 1813 241752591699900 2720100
LATENCY 2725200
TIMELINE 37 1829 241752639549800 2725200
LATENCY 2773300
TIMELINE 37 1845 241752683256300 2773300
LATENCY 2935200
TIMELINE 37 1861 241752730150300 2935200
LATENCY 2951800
TIMELINE 37 1877 241752778288600 2951800
LATENCY 3015400
TIMELINE 37 1893 241752823534500 3015400
LATENCY 3453700
TIMELINE 37 1909 241752872537500 3453700
LATENCY 3604900
TIMELINE 37 1925 241752926628200 3604900
LATENCY 3285700
TIMELINE 37 1941 241752984171000 3285700
LATENCY 3200100
TIMELINE 37 1957 241753036752500 3200100
LATENCY 2642700
TIMELINE 37 1973 241753084954800 2642700
LATENCY 2617700
TIMELINE 37 1989 241753128659100 2617700
LATENCY 2742000
TIMELINE 37 2005 241753172850700 2742000
LATENCY 2742700
TIMELINE 37 2021 241753217070700 2742700
LATENCY 4172700
TIMELINE 37 2037 241753262396200 4172700
LATENCY 3568400
TIMELINE 38 6 241748167887100 3568400
LATENCY 2319700
TIMELINE 38 22 241748209940700 2319700
LATENCY 2247400
TIMELINE 38 38 241748246663400 2247400
LATENCY 2341700
TIMELINE 38 54 241748283461000 2341700
LATENCY 2473500
TIMELINE 38 70 241748320385400 2473500
LATENCY 2250200
TIMELINE 38 86 241748358577600 2250200
LATENCY 2314800
TIMELINE 38 102 241748396154800 2314800
LATENCY 2203700
TIMELINE 38 118 241748439517800 2203700
LATENCY 2138600
TIMELINE 38 134 241748474769000 2138600
LATENCY 2182700
TIMELINE 38 150 241748510749700 2182700
LATENCY 2172700
TIMELINE 38 166 241748548107400 2172700
LATENCY 2167800
TIMELINE 38 182 241748582853500 2167800
LATENCY 2143200
TIMELINE 38 198 241748619187100 2143200
LATENCY 2078300
TIMELINE 38 214 241748653655000 2078300
LATENCY 2172700
TIMELINE 38 230 241748688438900 2172700
LATENCY 2093800
TIMELINE 38 246 241748728872400 2093800
LATENCY 2200600
TIMELINE 38 262 241748764284800 2200600
LATENCY 2130200
TIMELINE 38 278 241748798807400 2130200
LATENCY 2130300
TIMELINE 38 294 241748833283500 2130300
LATENCY 2180600
TIMELINE 38 310 241748867746300 2180600
LATENCY 2092200
TIMELINE 38 326 241748901149300 2092200
LATENCY 2142600
TIMELINE 38 342 241748935233700 2142600
LATENCY 2126800
TIMELINE 38 358 241748968831600 2126800
LATENCY 2268300
TIMELINE 38 374 241749010470700 2268300
LATENCY 2180600
TIMELINE 38 390 241749046331800 2180600
LATENCY 2105600
TIMELINE 38 406 241749080645400 2105600
LATENCY 2277700
TIMELINE 38 422 241749115935200 2277700
LATENCY 2145400
TIMELINE 38 438 241749150634100 2145400
LATENCY 2372200
TIMELINE 38 454 241749185387200 2372200
LATENCY 2095200
TIMELINE 38 470 241749220593400 2095200
LATENCY 2092900
TIMELINE 38 486 241749254588200 2092900
LATENCY 2119800
TIMELINE 38 502 241749295478500 2119800
LATENCY 2097800
TIMELINE 38 518 241749329413900 2097800
LATENCY 2128300
TIMELINE 38 534 241749363094100 2128300
LATENCY 2158500
TIMELINE 38 550 241749397151400 2158500
LATENCY 2172500
TIMELINE 38 566 241749432583900 2172500
LATENCY 2152200
TIMELINE 38 582 241749468348400 2152200
LATENCY 2204900
TIMELINE 38 598 241749502795200 2204900
LATENCY 2137100
TIMELINE 38 614 241749537577200 2137100
LATENCY 2225900
TIMELINE 38 630 241749579995300 2225900
LATENCY 2148100
TIMELINE 38 646 241749615675200 2148100
LATENCY 2116700
TIMELINE 38 662 241749649413100 2116700
LATENCY 2105200
TIMELINE 38 678 241749683143500 2105200
LATENCY 2081100
TIMELINE 38 694 241749716851900 2081100
LATENCY 2115900
TIMELINE 38 710 241749750755000 2115900
LATENCY 2100600
TIMELINE 38 726 241749784897300 2100600
LATENCY 2312000
TIMELINE 38 742 241749826061000 2312000
LATENCY 2129400
TIMELINE 38 758 241749861194400 2129400
LATENCY 2173900
TIMELINE 38 774 241749895430600 2173900
LATENCY 2165500
TIMELINE 38 790 241749931267900 2165500
LATENCY 2048600
TIMELINE 38 806 241749966486500 2048600
LATENCY 2179000
TIMELINE 38 822 241750000984500 2179000
LATENCY 2104200
TIMELINE 38 838 241750034833500 2104200
LATENCY 2252000
TIMELINE 38 854 241750084655500 2252000
LATENCY 2059100
TIMELINE 38 870 241750128292500 2059100
LATENCY 2101700
TIMELINE 38 886 241750162440400 2101700
LATENCY 2135500
TIMELINE 38 902 241750198075700 2135500
LATENCY 2185500
TIMELINE 38 918 241750233321900 2185500
LATENCY 2220700
TIMELINE 38 934 241750270389700 2220700
LATENCY 2182700
TIMELINE 38 950 241750305733100 2182700
LATENCY 2126100
TIMELINE 38 966 241750339730600 2126100
LATENCY 2224300
TIMELINE 38 982 241750381609500 2224300
LATENCY 2141600
TIMELINE 38 998 241750416111800 2141600
LATENCY 2093300
TIMELINE 38 1014 241750449837900 2093300
LATENCY 2108100
TIMELINE 38 1030 241750483637600 2108100
LATENCY 2101900
TIMELINE 38 1046 241750517333700 2101900
LATENCY 2340700
TIMELINE 38 1062 241750551808500 2340700
LATENCY 2104800
TIMELINE 38 1078 241750586445600 2104800
LATENCY 2154300
TIMELINE 38 1094 241750620407500 2154300
LATENCY 2405300
TIMELINE 38 1110 241750659563200 2405300
LATENCY 2121200
TIMELINE 38 1126 241750694365600 2121200
LATENCY 2163800
TIMELINE 38 1142 241750728507000 2163800
LATENCY 2125700
TIMELINE 38 1158 241750762794200 2125700
LATENCY 2146800
TIMELINE 38 1174 241750796324600 2146800
LATENCY 2077600
TIMELINE 38 1190 241750830226500 2077600
LATENCY 2354400
TIMELINE 38 1206 241750865970400 2354400
LATENCY 2207600
TIMELINE 38 1222 241750906775300 2207600
LATENCY 2112200
TIMELINE 38 1238 241750941865800 2112200
LATENCY 2294400
TIMELINE 38 1254 241750977836400 2294400
LATENCY 2256000
TIMELINE 38 1270 241751014946500 2256000
LATENCY 2184500
TIMELINE 38 1286 241751049751900 2184500
LATENCY 2270700
TIMELINE 38 1302 241751085225100 2270700
LATENCY 2785100
TIMELINE 38 1318 241751124498500 2785100
LATENCY 3056600
TIMELINE 38 1334 241751172018900 3056600
LATENCY 3029000
TIMELINE 38 1350 241751225224100 3029000
LATENCY 2889000
TIMELINE 38 1366 241751272817400 2889000
LATENCY 3322200
TIMELINE 38 1382 241751318268700 3322200
LATENCY 2986900
TIMELINE 38 1398 241751361570600 2986900
LATENCY 2929700
TIMELINE 38 1414 241751409348900 2929700
LATENCY 2963200
TIMELINE 38 1430 241751456529000 2963200
LATENCY 2690200
TIMELINE 38 1446 241751500941000 2690200
LATENCY 2839800
TIMELINE 38 1462 241751552247800 2839800
LATENCY 2971700
TIMELINE 38 1478 241751599700200 2971700
LATENCY 2683100
TIMELINE 38 1494 241751644777900 2683100
LATENCY 2732100
TIMELINE 38 1510 241751688432300 2732100
LATENCY 2830000
TIMELINE 38 1526 241751732658400 2830000
LATENCY 2751300
TIMELINE 38 1542 241751779398900 2751300
LATENCY 2703000
TIMELINE 38 1558 241751826308500 2703000
LATENCY 2907500
TIMELINE 38 1574 241751872408500 2907500
LATENCY 2932100
TIMELINE 38 1590 241751932823200 2932100
LATENCY 2940800
TIMELINE 38 1606 241751979975600 2940800
LATENCY 2630100
TIMELINE 38 1622 241752026117900 2630100
LATENCY 2902000
TIMELINE 38 1638 241752073567000 2902000
LATENCY 2715300
TIMELINE 38 1654 241752120264900 2715300
LATENCY 2931100
TIMELINE 38 1670 241752164253600 2931100
LATENCY 2673800
TIMELINE 38 1686 241752212944800 2673800
LATENCY 2925000
TIMELINE 38 1702 241752262326400 2925000
LATENCY 2933500
TIMELINE 38 1718 241752309039500 2933500
LATENCY 2912600
TIMELINE 38 1734 241752358301000 2912600
LATENCY 2742800
TIMELINE 38 1750 241752404729600 2742800
LATENCY 2995000
TIMELINE 38 1766 241752452022000 2995000
LATENCY 2788200
TIMELINE 38 1782 241752498897400 2788200
LATENCY 2700500
TIMELINE 38 1798 241752548291900 2700500
LATENCY 2710900
TIMELINE 38 1814 241752592061600 2710900
LATENCY 2725200
TIMELINE 38 1830 241752639901200 2725200
LATENCY 2772300
TIMELINE 38 1846 241752683619600 2772300
LATENCY 2932600
TIMELINE 38 1862 241752730524000 2932600
LATENCY 2941800
TIMELINE 38 1878 241752778655300 2941800
LATENCY 3029000
TIMELINE 38 1894 241752823948800 3029000
LATENCY 3451500
TIMELINE 38 1910 241752869667600 3451500
LATENCY 3391200
TIMELINE 38 1926 241752923937300 3391200
LATENCY 3295600
TIMELINE 38 1942 241752981436900 3295600
LATENCY 3214700
TIMELINE 38 1958 241753034237100 3214700
LATENCY 2608600
TIMELINE 38 1974 241753082804300 2608600
LATENCY 2624100
TIMELINE 38 1990 241753126588400 2624100
LATENCY 2750600
TIMELINE 38 2006 241753170677200 2750600
LATENCY 2765400
TIMELINE 38 2022 241753214884200 2765400
LATENCY 3085100
TIMELINE 38 2038 241753259707300 3085100
LATENCY 3540900
TIMELINE 39 7 241748171535300 3540900
LATENCY 2331800
TIMELINE 39 23 241748212295500 2331800
LATENCY 2392400
TIMELINE 39 39 241748248850800 2392400
LATENCY 2345500
TIMELINE 39 55 241748285665800 2345500
LATENCY 2328100
TIMELINE 39 71 241748322766300 2328100
LATENCY 2331100
TIMELINE 39 87 241748360954600 2331100
LATENCY 2396100
TIMELINE 39 103 241748398600100 2396100
LATENCY 2244400
TIMELINE 39 119 241748441790100 2244400
LATENCY 2155500
TIMELINE 39 135 241748477088400 2155500
LATENCY 2148600
TIMELINE 39 151 241748513084800 2148600
LATENCY 2228000
TIMELINE 39 167 241748550243900 2228000
LATENCY 2180600
TIMELINE 39 183 241748584991400 2180600
LATENCY 2242400
TIMELINE 39 199 241748621365800 2242400
LATENCY 2084100
TIMELINE 39 215 241748655763500 2084100
LATENCY 2129700
TIMELINE 39 231 241748690750200 2129700
LATENCY 2108900
TIMELINE 39 247 241748731119400 2108900
LATENCY 2181500
TIMELINE 39 263 241748766636600 2181500
LATENCY 2080700
TIMELINE 39 279 241748801055200 2080700
LATENCY 2154000
TIMELINE 39 295 241748835504600 2154000
LATENCY 2113700
TIMELINE 39 311 241748870024800 2113700
LATENCY 2052400
TIMELINE 39 327 241748903331500 2052400
LATENCY 2132000
TIMELINE 39 343 241748937548900 2132000
LATENCY 2054800
TIMELINE 39 359 241748971175300 2054800
LATENCY 2223600
TIMELINE 39 375 241749012887100 2223600
LATENCY 2188600
TIMELINE 39 391 241749048572500 2188600
LATENCY 2359700
TIMELINE 39 407 241749082838700 2359700
LATENCY 2228600
TIMELINE 39 423 241749118279600 2228600
LATENCY 2132400
TIMELINE 39 439 241749152983600 2132400
LATENCY 2449700
TIMELINE 39 455 241749187987600 2449700
LATENCY 2123400
TIMELINE 39 471 241749223178200 2123400
LATENCY 2073600
TIMELINE 39 487 241749257164100 2073600
LATENCY 2180500
TIMELINE 39 503 241749298078300 2180500
LATENCY 2080500
TIMELINE 39 519 241749331993500 2080500
LATENCY 2301000
TIMELINE 39 535 241749365699900 2301000
LATENCY 2117300
TIMELINE 39 551 241749399793500 2117300
LATENCY 2265200
TIMELINE 39 567 241749434847900 2265200
LATENCY 2118600
TIMELINE 39 583 241749470534800 2118600
LATENCY 2284500
TIMELINE 39 599 241749505033000 2284500
LATENCY 2326400
TIMELINE 39 615 241749539747700 2326400
LATENCY 2300400
TIMELINE 39 631 241749582004500 2300400
LATENCY 2100900
TIMELINE 39 647 241749617623200 2100900
LATENCY 2100900
TIMELINE 39 663 241749651271100 2100900
LATENCY 2089400
TIMELINE 39 679 241749685003300 2089400
LATENCY 2080500
TIMELINE 39 695 241749718797500 2080500
LATENCY 2103800
TIMELINE 39 711 241749752732700 2103800
LATENCY 2147000
TIMELINE 39 727 241749786860300 2147000
LATENCY 2220100
TIMELINE 39 743 241749829019800 2220100
LATENCY 2067200
TIMELINE 39 759 241749863878700 2067200
LATENCY 2234300
TIMELINE 39 775 241749898127100 2234300
LATENCY 2250800
TIMELINE 39 791 241749934014900 2250800
LATENCY 2226400
TIMELINE 39 807 241749969409500 2226400
LATENCY 2132300
TIMELINE 39 823 241750003976300 2132300
LATENCY 2085500
TIMELINE 39 839 241750037723400 2085500
LATENCY 2107400
TIMELINE 39 855 241750088177600 2107400
LATENCY 2077800
TIMELINE 39 871 241750131410700 2077800
LATENCY 2052400
TIMELINE 39 887 241750165569400 2052400
LATENCY 2207700
TIMELINE 39 903 241750200858700 2207700
LATENCY 2143800
TIMELINE 39 919 241750236464200 2143800
LATENCY 2160500
TIMELINE 39 935 241750272920400 2160500
LATENCY 2177500
TIMELINE 39 951 241750308248900 2177500
LATENCY 2091600
TIMELINE 39 967 241750342176200 2091600
LATENCY 2219000
TIMELINE 39 983 241750384109700 2219000
LATENCY 2094300
TIMELINE 39 999 241750418519100 2094300
LATENCY 2105000
TIMELINE 39 1015 241750452227600 2105000
LATENCY 2122600
TIMELINE 39 1031 241750486106600 2122600
LATENCY 2092800
TIMELINE 39 1047 241750519933100 2092800
LATENCY 2122300
TIMELINE 39 1063 241750555105900 2122300
LATENCY 2110700
TIMELINE 39 1079 241750589460400 2110700
LATENCY 2057400
TIMELINE 39 1095 241750623409800 2057400
LATENCY 2200200
TIMELINE 39 1111 241750662732300 2200200
LATENCY 2117000
TIMELINE 39 1127 241750697215400 2117000
LATENCY 2144100
TIMELINE 39 1143 241750731336900 2144100
LATENCY 2088200
TIMELINE 39 1159 241750765560000 2088200
LATENCY 2127000
TIMELINE 39 1175 241750799116300 2127000
LATENCY 2061400
TIMELINE 39 1191 241750832925800 2061400
LATENCY 2095800
TIMELINE 39 1207 241750868857500 2095800
LATENCY 2146800
TIMELINE 39 1223 241750909567600 2146800
LATENCY 2302200
TIMELINE 39 1239 241750944715900 2302200
LATENCY 2179000
TIMELINE 39 1255 241750981035700 2179000
LATENCY 2296000
TIMELINE 39 1271 241751018411600 2296000
LATENCY 2211900
TIMELINE 39 1287 241751053117900 2211900
LATENCY 2192700
TIMELINE 39 1303 241751088229500 2192700
LATENCY 2753700
TIMELINE 39 1319 241751128227500 2753700
LATENCY 3034100
TIMELINE 39 1335 241751176099700 3034100
LATENCY 3019800
TIMELINE 39 1351 241751229288500 3019800
LATENCY 2960800
TIMELINE 39 1367 241751276729400 2960800
LATENCY 2764100
TIMELINE 39 1383 241751322338500 2764100
LATENCY 2972800
TIMELINE 39 1399 241751365385500 2972800
LATENCY 2918600
TIMELINE 39 1415 241751413105300 2918600
LATENCY 2912700
TIMELINE 39 1431 241751460317400 2912700
LATENCY 2964100
TIMELINE 39 1447 241751504449300 2964100
LATENCY 3017800
TIMELINE 39 1463 241751555947200 3017800
LATENCY 2300800
TIMELINE 39 1479 241751603546400 2300800
LATENCY 2728600
TIMELINE 39 1495 241751647825800 2728600
LATENCY 2666200
TIMELINE 39 1511 241751691531600 2666200
LATENCY 2855300
TIMELINE 39 1527 241751735878000 2855300
LATENCY 2753000
TIMELINE 39 1543 241751782520900 2753000
LATENCY 2832700
TIMELINE 39 1559 241751829552000 2832700
LATENCY 2924400
TIMELINE 39 1575 241751875846200 2924400
LATENCY 3017300
TIMELINE 39 1591 241751936336300 3017300
LATENCY 2712500
TIMELINE 39 1607 241751983503200 2712500
LATENCY 2665000
TIMELINE 39 1623 241752029708500 2665000
LATENCY 2931600
TIMELINE 39 1639 241752077502100 2931600
LATENCY 2668800
TIMELINE 39 1655 241752124091800 2668800
LATENCY 2943400
TIMELINE 39 1671 241752168400600 2943400
LATENCY 2687700
TIMELINE 39 1687 241752216724200 2687700
LATENCY 3000000
TIMELINE 39 1703 241752266437100 3000000
LATENCY 2926700
TIMELINE 39 1719 241752313167700 2926700
LATENCY 2906000
TIMELINE 39 1735 241752362415800 2906000
LATENCY 2858300
TIMELINE 39 1751 241752408718300 2858300
LATENCY 2998300
TIMELINE 39 1767 241752456290800 2998300
LATENCY 2790300
TIMELINE 39 1783 241752502821600 2790300
LATENCY 2726700
TIMELINE 39 1799 241752552080400 2726700
LATENCY 2725600
TIMELINE 39 1815 241752595870200 2725600
LATENCY 2725000
TIMELINE 39 1831 241752643686900 2725000
LATENCY 2737800
TIMELINE 39 1847 241752687507700 2737800
LATENCY 2948400
TIMELINE 39 1863 241752734679600 2948400
LATENCY 2892800
TIMELINE 39 1879 241752782810300 2892800
LATENCY 2996200
TIMELINE 39 1895 241752828175600 2996200
LATENCY 3236600
TIMELINE 39 1911 241752877912800 3236600
LATENCY 3369700
TIMELINE 39 1927 241752932139600 3369700
LATENCY 3315200
TIMELINE 39 1943 241752989302600 3315200
LATENCY 3270300
TIMELINE 39 1959 241753041779900 3270300
LATENCY 2640900
TIMELINE 39 1975 241753088954500 2640900
LATENCY 2626900
TIMELINE 39 1991 241753132761700 2626900
LATENCY 2800300
TIMELINE 39 2007 241753177089300 2800300
LATENCY 2785300
TIMELINE 39 2023 241753221329700 2785300
LATENCY 2726900
TIMELINE 39 2039 241753267955800 2726900
LATENCY 3204200
TIMELINE 40 8 241748175034600 3204200
LATENCY 2379200
TIMELINE 40 24 241748214778900 2379200
LATENCY 2239800
TIMELINE 40 40 241748251368900 2239800
LATENCY 2307300
TIMELINE 40 56 241748288206100 2307300
LATENCY 2388700
TIMELINE 40 72 241748325249600 2388700
LATENCY 2449600
TIMELINE 40 88 241748363206100 2449600
LATENCY 9740400
TIMELINE 40 104 241748400935200 9740400
LATENCY 2202800
TIMELINE 40 120 241748444100400 2202800
LATENCY 2154500
TIMELINE 40 136 241748479154300 2154500
LATENCY 2248500
TIMELINE 40 152 241748515412500 2248500
LATENCY 2138000
TIMELINE 40 168 241748552762400 2138000
LATENCY 2159600
TIMELINE 40 184 241748587476300 2159600
LATENCY 2182900
TIMELINE 40 200 241748624047600 2182900
LATENCY 2327300
TIMELINE 40 216 241748658268100 2327300
LATENCY 2055200
TIMELINE 40 232 241748693359400 2055200
LATENCY 2168400
TIMELINE 40 248 241748733720300 2168400
LATENCY 2185100
TIMELINE 40 264 241748769260400 2185100
LATENCY 2120700
TIMELINE 40 280 241748803488400 2120700
LATENCY 2127100
TIMELINE 40 296 241748838052000 2127100
LATENCY 2045700
TIMELINE 40 312 241748872530600 2045700
LATENCY 2110400
TIMELINE 40 328 241748905736100 2110400
LATENCY 2065100
TIMELINE 40 344 241748940013000 2065100
LATENCY 2324600
TIMELINE 40 360 241748973566400 2324600
LATENCY 2242900
TIMELINE 40 376 241749015737100 2242900
LATENCY 2191400
TIMELINE 40 392 241749051438200 2191400
LATENCY 2621200
TIMELINE 40 408 241749085769600 2621200
LATENCY 2138700
TIMELINE 40 424 241749121053400 2138700
LATENCY 2152800
TIMELINE 40 440 241749155502700 2152800
LATENCY 2379700
TIMELINE 40 456 241749191065000 2379700
LATENCY 2152100
TIMELINE 40 472 241749225886000 2152100
LATENCY 2122100
TIMELINE 40 488 241749259855600 2122100
LATENCY 2062000
TIMELINE 40 504 241749300858100 2062000
LATENCY 2103700
TIMELINE 40 520 241749334695900 2103700
LATENCY 2130300
TIMELINE 40 536 241749368624900 2130300
LATENCY 2115900
TIMELINE 40 552 241749402536700 2115900
LATENCY 2206900
TIMELINE 40 568 241749437913300 2206900
LATENCY 2158600
TIMELINE 40 584 241749473473000 2158600
LATENCY 2305700
TIMELINE 40 600 241749508250600 2305700
LATENCY 2307000
TIMELINE 40 616 241749542995600 2307000
LATENCY 2299100
TIMELINE 40 632 241749585383800 2299100
LATENCY 2095800
TIMELINE 40 648 241749620747900 2095800
LATENCY 2126100
TIMELINE 40 664 241749654446500 2126100
LATENCY 2151900
TIMELINE 40 680 241749688118700 2151900
LATENCY 2083100
TIMELINE 40 696 241749721921400 2083100
LATENCY 2227600
TIMELINE 40 712 241749755940400 2227600
LATENCY 2105600
TIMELINE 40 728 241749790116600 2105600
LATENCY 2187000
TIMELINE 40 744 241749832196700 2187000
LATENCY 2134400
TIMELINE 40 760 241749866953100 2134400
LATENCY 2141500
TIMELINE 40 776 241749901466800 2141500
LATENCY 2140100
TIMELINE 40 792 241749937204100 2140100
LATENCY 2170500
TIMELINE 40 808 241749972524300 2170500
LATENCY 2089000
TIMELINE 40 824 241750006961300 2089000
LATENCY 2061500
TIMELINE 40 840 241750040636000 2061500
LATENCY 2249600
TIMELINE 40 856 241750091388500 2249600
LATENCY 2092500
TIMELINE 40 872 241750134586100 2092500
LATENCY 2187500
TIMELINE 40 888 241750168792600 2187500
LATENCY 2338300
TIMELINE 40 904 241750204387100 2338300
LATENCY 2186200
TIMELINE 40 920 241750239762600 2186200
LATENCY 2232700
TIMELINE 40 936 241750276274400 2232700
LATENCY 2085700
TIMELINE 40 952 241750311543300 2085700
LATENCY 2084400
TIMELINE 40 968 241750345287600 2084400
LATENCY 2244200
TIMELINE 40 984 241750387506600 2244200
LATENCY 2085200
TIMELINE 40 1000 241750421617800 2085200
LATENCY 2080000
TIMELINE 40 1016 241750455333500 2080000
LATENCY 2133900
TIMELINE 40 1032 241750489185500 2133900
LATENCY 2084600
TIMELINE 40 1048 241750522818300 2084600
LATENCY 2140700
TIMELINE 40 1064 241750557600500 2140700
LATENCY 2111900
TIMELINE 40 1080 241750591944900 2111900
LATENCY 2105700
TIMELINE 40 1096 241750625902200 2105700
LATENCY 2234500
TIMELINE 40 1112 241750665497900 2234500
LATENCY 2112500
TIMELINE 40 1128 241750699875400 2112500
LATENCY 2180800
TIMELINE 40 1144 241750734065900 2180800
LATENCY 2062800
TIMELINE 40 1160 241750768230300 2062800
LATENCY 2082800
TIMELINE 40 1176 241750801776400 2082800
LATENCY 2175500
TIMELINE 40 1192 241750835541700 2175500
LATENCY 2078900
TIMELINE 40 1208 241750871534800 2078900
LATENCY 2155200
TIMELINE 40 1224 241750912464000 2155200
LATENCY 2373700
TIMELINE 40 1240 241750947764100 2373700
LATENCY 2203200
TIMELINE 40 1256 241750983992100 2203200
LATENCY 2179300
TIMELINE 40 1272 241751021208000 2179300
LATENCY 2136100
TIMELINE 40 1288 241751055832200 2136100
LATENCY 2193400
TIMELINE 40 1304 241751091275300 2193400
LATENCY 2708300
TIMELINE 40 1320 241751132002500 2708300
LATENCY 3207200
TIMELINE 40 1336 241751180229700 3207200
LATENCY 3010100
TIMELINE 40 1352 241751233379600 3010100
LATENCY 2803000
TIMELINE 40 1368 241751280775600 2803000
LATENCY 2569400
TIMELINE 40 1384 241751326224100 2569400
LATENCY 3100700
TIMELINE 40 1400 241751369556900 3100700
LATENCY 3027800
TIMELINE 40 1416 241751417160600 3027800
LATENCY 3060700
TIMELINE 40 1432 241751464369000 3060700
LATENCY 2934100
TIMELINE 40 1448 241751508534900 2934100
LATENCY 3048500
TIMELINE 40 1464 241751560140300 3048500
LATENCY 3018900
TIMELINE 40 1480 241751607199000 3018900
LATENCY 2716500
TIMELINE 40 1496 241751652027500 2716500
LATENCY 2717200
TIMELINE 40 1512 241751695688300 2717200
LATENCY 2942500
TIMELINE 40 1528 241751740362900 2942500
LATENCY 2749200
TIMELINE 40 1544 241751786699900 2749200
LATENCY 2830500
TIMELINE 40 1560 241751833752700 2830500
LATENCY 2920500
TIMELINE 40 1576 241751880193300 2920500
LATENCY 2938300
TIMELINE 40 1592 241751940779000 2938300
LATENCY 2921900
TIMELINE 40 1608 241751987656700 2921900
LATENCY 3030900
TIMELINE 40 1624 241752035535700 3030900
LATENCY 2967600
TIMELINE 40 1640 241752083549700 2967600
LATENCY 2579100
TIMELINE 40 1656 241752129236800 2579100
LATENCY 2936200
TIMELINE 40 1672 241752174172600 2936200
LATENCY 2765000
TIMELINE 40 1688 241752222003000 2765000
LATENCY 2912100
TIMELINE 40 1704 241752272211700 2912100
LATENCY 2920500
TIMELINE 40 1720 241752318896500 2920500
LATENCY 2944900
TIMELINE 40 1736 241752368091900 2944900
LATENCY 2974500
TIMELINE 40 1752 241752414280600 2974500
LATENCY 3040300
TIMELINE 40 1768 241752462274700 3040300
LATENCY 2801900
TIMELINE 40 1784 241752508510700 2801900
LATENCY 2749000
TIMELINE 40 1800 241752557812100 2749000
LATENCY 7290900
TIMELINE 40 1816 241752601452600 7290900
LATENCY 3001900
TIMELINE 40 1832 241752649126500 3001900
LATENCY 2944200
TIMELINE 40 1848 241752693013400 2944200
LATENCY 3106300
TIMELINE 40 1864 241752740695900 3106300
LATENCY 2823600
TIMELINE 40 1880 241752788648000 2823600
LATENCY 3127700
TIMELINE 40 1896 241752834277800 3127700
LATENCY 3426600
TIMELINE 40 1912 241752884633700 3426600
LATENCY 3176000
TIMELINE 40 1928 241752938755800 3176000
LATENCY 3283800
TIMELINE 40 1944 241752996056300 3283800
LATENCY 3181600
TIMELINE 40 1960 241753048147300 3181600
LATENCY 2613200
TIMELINE 40 1976 241753094084900 2613200
LATENCY 2654400
TIMELINE 40 1992 241753137906300 2654400
LATENCY 2358300
TIMELINE 40 2008 241753182484200 2358300
LATENCY 2804700
TIMELINE 40 2024 241753226802700 2804700
LATENCY 2772700
TIMELINE 40 2040 241753273445000 2772700
LATENCY 2450500
TIMELINE 41 9 241748178374300 2450500
LATENCY 2216400
TIMELINE 41 25 241748217072500 2216400
LATENCY 2274600
TIMELINE 41 41 241748253521600 2274600
LATENCY 2248400
TIMELINE 41 57 241748290418000 2248400
LATENCY 2413500
TIMELINE 41 73 241748327551600 2413500
LATENCY 2319100
TIMELINE 41 89 241748365460600 2319100
LATENCY 2465700
TIMELINE 41 105 241748410437400 2465700
LATENCY 2189400
TIMELINE 41 121 241748446042600 2189400
LATENCY 2150900
TIMELINE 41 137 241748481074000 2150900
LATENCY 2337600
TIMELINE 41 153 241748517215400 2337600
LATENCY 2175400
TIMELINE 41 169 241748554434500 2175400
LATENCY 2170100
TIMELINE 41 185 241748589156300 2170100
LATENCY 2163500
TIMELINE 41 201 241748625667500 2163500
LATENCY 2252700
TIMELINE 41 217 241748659956500 2252700
LATENCY 2132700
TIMELINE 41 233 241748695010500 2132700
LATENCY 2425800
TIMELINE 41 249 241748735425200 2425800
LATENCY 2111900
TIMELINE 41 265 241748771076300 2111900
LATENCY 2144700
TIMELINE 41 281 241748805401900 2144700
LATENCY 2150700
TIMELINE 41 297 241748840008300 2150700
LATENCY 2099700
TIMELINE 41 313 241748874376400 2099700
LATENCY 2125800
TIMELINE 41 329 241748907700800 2125800
LATENCY 2085000
TIMELINE 41 345 241748941858700 2085000
LATENCY 2379700
TIMELINE 41 361 241748975608300 2379700
LATENCY 2218300
TIMELINE 41 377 241749017565800 2218300
LATENCY 2205900
TIMELINE 41 393 241749053194000 2205900
LATENCY 2369200
TIMELINE 41 409 241749088125400 2369200
LATENCY 2143500
TIMELINE 41 425 241749122950300 2143500
LATENCY 2187000
TIMELINE 41 441 241749157366200 2187000
LATENCY 2284700
TIMELINE 41 457 241749193206900 2284700
LATENCY 2119700
TIMELINE 41 473 241749227776200 2119700
LATENCY 2107700
TIMELINE 41 489 241749261714500 2107700
LATENCY 2062700
TIMELINE 41 505 241749302683800 2062700
LATENCY 2087700
TIMELINE 41 521 241749336558000 2087700
LATENCY 2135900
TIMELINE 41 537 241749370497700 2135900
LATENCY 2115500
TIMELINE 41 553 241749404418100 2115500
LATENCY 2237700
TIMELINE 41 569 241749439668600 2237700
LATENCY 2204500
TIMELINE 41 585 241749475193300 2204500
LATENCY 2140600
TIMELINE 41 601 241749510055000 2140600
LATENCY 2097600
TIMELINE 41 617 241749544711300 2097600
LATENCY 2582000
TIMELINE 41 633 241749587016800 2582000
LATENCY 2152300
TIMELINE 41 649 241749622266500 2152300
LATENCY 2131300
TIMELINE 41 665 241749656074900 2131300
LATENCY 2147900
TIMELINE 41 681 241749689758800 2147900
LATENCY 2094800
TIMELINE 41 697 241749723526200 2094800
LATENCY 2150400
TIMELINE 41 713 241749757665700 2150400
LATENCY 2185400
TIMELINE 41 729 241749791743600 2185400
LATENCY 2149500
TIMELINE 41 745 241749833772200 2149500
LATENCY 2153600
TIMELINE 41 761 241749868548400 2153600
LATENCY 2173200
TIMELINE 41 777 241749902994300 2173200
LATENCY 2147500
TIMELINE 41 793 241749938798300 2147500
LATENCY 2173700
TIMELINE 41 809 241749974111200 2173700
LATENCY 2107300
TIMELINE 41 825 241750008477700 2107300
LATENCY 2109400
TIMELINE 41 841 241750042131100 2109400
LATENCY 2353700
TIMELINE 41 857 241750092504200 2353700
LATENCY 2119800
TIMELINE 41 873 241750135712200 2119800
LATENCY 2141400
TIMELINE 41 889 241750169984400 2141400
LATENCY 2495800
TIMELINE 41 905 241750205487500 2495800
LATENCY 2182900
TIMELINE 41 921 241750240813200 2182900
LATENCY 2163300
TIMELINE 41 937 241750277159700 2163300
LATENCY 2114700
TIMELINE 41 953 241750312438900 2114700
LATENCY 2135000
TIMELINE 41 969 241750346207800 2135000
LATENCY 2158600
TIMELINE 41 985 241750388552700 2158600
LATENCY 2101100
TIMELINE 41 1001 241750422575500 2101100
LATENCY 2084500
TIMELINE 41 1017 241750456275100 2084500
LATENCY 2136600
TIMELINE 41 1033 241750490134900 2136600
LATENCY 2111700
TIMELINE 41 1049 241750523828800 2111700
LATENCY 2174400
TIMELINE 41 1065 241750558644900 2174400
LATENCY 2128800
TIMELINE 41 1081 241750592988100 2128800
LATENCY 2120500
TIMELINE 41 1097 241750626953200 2120500
LATENCY 2183200
TIMELINE 41 1113 241750666613500 2183200
LATENCY 2134100
TIMELINE 41 1129 241750700889500 2134100
LATENCY 2150500
TIMELINE 41 1145 241750735196200 2150500
LATENCY 2146100
TIMELINE 41 1161 241750769259400 2146100
LATENCY 2137000
TIMELINE 41 1177 241750802851000 2137000
LATENCY 2159000
TIMELINE 41 1193 241750836616200 2159000
LATENCY 2175000
TIMELINE 41 1209 241750872503600 2175000
LATENCY 2162500
TIMELINE 41 1225 241750913453400 2162500
LATENCY 2384700
TIMELINE 41 1241 241750948818200 2384700
LATENCY 2247400
TIMELINE 41 1257 241750984960200 2247400
LATENCY 2194900
TIMELINE 41 1273 241751022141800 2194900
LATENCY 2131700
TIMELINE 41 1289 241751056727900 2131700
LATENCY 2196100
TIMELINE 41 1305 241751092345000 2196100
LATENCY 2831300
TIMELINE 41 1321 241751133337900 2831300
LATENCY 3184200
TIMELINE 41 1337 241751181717400 3184200
LATENCY 3010200
TIMELINE 41 1353 241751234903900 3010200
LATENCY 2783600
TIMELINE 41 1369 241751281963600 2783600
LATENCY 2565000
TIMELINE 41 1385 241751327241400 2565000
LATENCY 3212800
TIMELINE 41 1401 241751370796600 3212800
LATENCY 3020100
TIMELINE 41 1417 241751418358100 3020100
LATENCY 3085100
TIMELINE 41 1433 241751465544600 3085100
LATENCY 2937600
TIMELINE 41 1449 241751509719300 2937600
LATENCY 3009300
TIMELINE 41 1465 241751561415200 3009300
LATENCY 3114800
TIMELINE 41 1481 241751608329600 3114800
LATENCY 2821700
TIMELINE 41 1497 241751653153400 2821700
LATENCY 2738100
TIMELINE 41 1513 241751696833100 2738100
LATENCY 2986600
TIMELINE 41 1529 241751741586300 2986600
LATENCY 2755100
TIMELINE 41 1545 241751787899100 2755100
LATENCY 2854400
TIMELINE 41 1561 241751835006100 2854400
LATENCY 2929900
TIMELINE 41 1577 241751881490400 2929900
LATENCY 2947500
TIMELINE 41 1593 241751942095300 2947500
LATENCY 2954100
TIMELINE 41 1609 241751988971300 2954100
LATENCY 3029000
TIMELINE 41 1625 241752035620500 3029000
LATENCY 2968700
TIMELINE 41 1641 241752083587700 2968700
LATENCY 2579100
TIMELINE 41 1657 241752129376200 2579100
LATENCY 2937600
TIMELINE 41 1673 241752174339000 2937600
LATENCY 2673300
TIMELINE 41 1689 241752222254300 2673300
LATENCY 2914200
TIMELINE 41 1705 241752272363700 2914200
LATENCY 2921400
TIMELINE 41 1721 241752319060800 2921400
LATENCY 2954100
TIMELINE 41 1737 241752368254200 2954100
LATENCY 2988000
TIMELINE 41 1753 241752414443400 2988000
LATENCY 3038700
TIMELINE 41 1769 241752462358800 3038700
LATENCY 2796800
TIMELINE 41 1785 241752508473700 2796800
LATENCY 2751500
TIMELINE 41 1801 241752557768300 2751500
LATENCY 7281300
TIMELINE 41 1817 241752601414800 7281300
LATENCY 3007400
TIMELINE 41 1833 241752649079300 3007400
LATENCY 2948200
TIMELINE 41 1849 241752692972100 2948200
LATENCY 3122000
TIMELINE 41 1865 241752740733500 3122000
LATENCY 2810500
TIMELINE 41 1881 241752788733000 2810500
LATENCY 3116500
TIMELINE 41 1897 241752834239000 3116500
LATENCY 3438700
TIMELINE 41 1913 241752884730200 3438700
LATENCY 3169600
TIMELINE 41 1929 241752938974000 3169600
LATENCY 3279900
TIMELINE 41 1945 241752996275400 3279900
LATENCY 3177900
TIMELINE 41 1961 241753048365900 3177900
LATENCY 2607700
TIMELINE 41 1977 241753094304300 2607700
LATENCY 2637100
TIMELINE 41 1993 241753138146000 2637100
LATENCY 2417500
TIMELINE 41 2009 241753182706600 2417500
LATENCY 2795100
TIMELINE 41 2025 241753227037700 2795100
LATENCY 2783800
TIMELINE 41 2041 241753273663900 2783800
LATENCY 2427300
TIMELINE 42 10 241748180961500 2427300
LATENCY 2203500
TIMELINE 42 26 241748219501800 2203500
LATENCY 2238400
TIMELINE 42 42 241748256014200 2238400
LATENCY 2292700
TIMELINE 42 58 241748292863500 2292700
LATENCY 2337300
TIMELINE 42 74 241748330159200 2337300
LATENCY 2386000
TIMELINE 42 90 241748368080500 2386000
LATENCY 2179800
TIMELINE 42 106 241748413298800 2179800
LATENCY 2205700
TIMELINE 42 122 241748448671700 2205700
LATENCY 2457400
TIMELINE 42 138 241748483605300 2457400
LATENCY 2285500
TIMELINE 42 154 241748520072800 2285500
LATENCY 2174100
TIMELINE 42 170 241748557109600 2174100
LATENCY 2484100
TIMELINE 42 186 241748592263500 2484100
LATENCY 2162400
TIMELINE 42 202 241748628495600 2162400
LATENCY 2200800
TIMELINE 42 218 241748662970300 2200800
LATENCY 2199800
TIMELINE 42 234 241748697660800 2199800
LATENCY 2265000
TIMELINE 42 250 241748738356400 2265000
LATENCY 2117200
TIMELINE 42 266 241748773769500 2117200
LATENCY 2101900
TIMELINE 42 282 241748808025100 2101900
LATENCY 2123300
TIMELINE 42 298 241748842663200 2123300
LATENCY 2052400
TIMELINE 42 314 241748876956000 2052400
LATENCY 2145300
TIMELINE 42 330 241748910311500 2145300
LATENCY 2075100
TIMELINE 42 346 241748944465700 2075100
LATENCY 2345400
TIMELINE 42 362 241748978624000 2345400
LATENCY 2207500
TIMELINE 42 378 241749020285500 2207500
LATENCY 2133300
TIMELINE 42 394 241749055933500 2133300
LATENCY 2171000
TIMELINE 42 410 241749091118700 2171000
LATENCY 2127700
TIMELINE 42 426 241749125734400 2127700
LATENCY 2170600
TIMELINE 42 442 241749160125100 2170600
LATENCY 2231000
TIMELINE 42 458 241749196031600 2231000
LATENCY 2090400
TIMELINE 42 474 241749230407700 2090400
LATENCY 2130100
TIMELINE 42 490 241749264347800 2130100
LATENCY 2113600
TIMELINE 42 506 241749305238400 2113600
LATENCY 2136000
TIMELINE 42 522 241749339125900 2136000
LATENCY 2110500
TIMELINE 42 538 241749373102500 2110500
LATENCY 2233100
TIMELINE 42 554 241749407009300 2233100
LATENCY 2230400
TIMELINE 42 570 241749442549700 2230400
LATENCY 2183400
TIMELINE 42 586 241749478053000 2183400
LATENCY 2164800
TIMELINE 42 602 241749512847600 2164800
LATENCY 8728300
TIMELINE 42 618 241749547328100 8728300
LATENCY 2382900
TIMELINE 42 634 241749590242100 2382900
LATENCY 2117800
TIMELINE 42 650 241749624907100 2117800
LATENCY 2097500
TIMELINE 42 666 241749658671300 2097500
LATENCY 2151000
TIMELINE 42 682 241749692366700 2151000
LATENCY 2097600
TIMELINE 42 698 241749726096900 2097600
LATENCY 2114000
TIMELINE 42 714 241749760251800 2114000
LATENCY 2104500
TIMELINE 42 730 241749794371500 2104500
LATENCY 2290900
TIMELINE 42 746 241749836405900 2290900
LATENCY 2062500
TIMELINE 42 762 241749871265300 2062500
LATENCY 2400600
TIMELINE 42 778 241749905790100 2400600
LATENCY 2173000
TIMELINE 42 794 241749941586100 2173000
LATENCY 2151200
TIMELINE 42 810 241749976996200 2151200
LATENCY 2070800
TIMELINE 42 826 241750011259500 2070800
LATENCY 2169500
TIMELINE 42 842 241750044913400 2169500
LATENCY 2284300
TIMELINE 42 858 241750095382500 2284300
LATENCY 2221700
TIMELINE 42 874 241750138413100 2221700
LATENCY 2533000
TIMELINE 42 890 241750172745400 2533000
LATENCY 2126500
TIMELINE 42 906 241750208661000 2126500
LATENCY 2178300
TIMELINE 42 922 241750243790400 2178300
LATENCY 2110200
TIMELINE 42 938 241750280403000 2110200
LATENCY 2118900
TIMELINE 42 954 241750315470400 2118900
LATENCY 2117900
TIMELINE 42 970 241750349238800 2117900
LATENCY 2092300
TIMELINE 42 986 241750391408600 2092300
LATENCY 2102500
TIMELINE 42 1002 241750425387900 2102500
LATENCY 2206300
TIMELINE 42 1018 241750459115200 2206300
LATENCY 2072100
TIMELINE 42 1034 241750492997900 2072100
LATENCY 2097100
TIMELINE 42 1050 241750526616600 2097100
LATENCY 2073500
TIMELINE 42 1066 241750561421100 2073500
LATENCY 2062800
TIMELINE 42 1082 241750595668400 2062800
LATENCY 2122200
TIMELINE 42 1098 241750629601700 2122200
LATENCY 2167100
TIMELINE 42 1114 241750669476500 2167100
LATENCY 2120500
TIMELINE 42 1130 241750703672700 2120500
LATENCY 2139700
TIMELINE 42 1146 241750737937500 2139700
LATENCY 2064300
TIMELINE 42 1162 241750771913200 2064300
LATENCY 2087400
TIMELINE 42 1178 241750805514100 2087400
LATENCY 2109900
TIMELINE 42 1194 241750839335100 2109900
LATENCY 2132800
TIMELINE 42 1210 241750875337800 2132800
LATENCY 2120900
TIMELINE 42 1226 241750916105500 2120900
LATENCY 2178000
TIMELINE 42 1242 241750951787500 2178000
LATENCY 2238000
TIMELINE 42 1258 241750987787000 2238000
LATENCY 2153400
TIMELINE 42 1274 241751024963100 2153400
LATENCY 2081600
TIMELINE 42 1290 241751059515000 2081600
LATENCY 2179400
TIMELINE 42 1306 241751094771200 2179400
LATENCY 3137800
TIMELINE 42 1322 241751136676300 3137800
LATENCY 3002700
TIMELINE 42 1338 241751185241500 3002700
LATENCY 3008100
TIMELINE 42 1354 241751238257700 3008100
LATENCY 2839300
TIMELINE 42 1370 241751285221100 2839300
LATENCY 2583100
TIMELINE 42 1386 241751330332500 2583100
LATENCY 3095700
TIMELINE 42 1402 241751374501300 3095700
LATENCY 2956200
TIMELINE 42 1418 241751421872500 2956200
LATENCY 2703400
TIMELINE 42 1434 241751469167200 2703400
LATENCY 2979900
TIMELINE 42 1450 241751513247800 2979900
LATENCY 3011000
TIMELINE 42 1466 241751564947800 3011000
LATENCY 3043000
TIMELINE 42 1482 241751611715000 3043000
LATENCY 2726100
TIMELINE 42 1498 241751656234500 2726100
LATENCY 2824600
TIMELINE 42 1514 241751699841900 2824600
LATENCY 2956700
TIMELINE 42 1530 241751744867200 2956700
LATENCY 2706000
TIMELINE 42 1546 241751790925100 2706000
LATENCY 2835000
TIMELINE 42 1562 241751838016300 2835000
LATENCY 15803300
TIMELINE 42 1578 241751884588700 15803300
LATENCY 2948500
TIMELINE 42 1594 241751945210100 2948500
LATENCY 2925600
TIMELINE 42 1610 241751992087000 2925600
LATENCY 3064000
TIMELINE 42 1626 241752037844700 3064000
LATENCY 2947300
TIMELINE 42 1642 241752085818000 2947300
LATENCY 2613500
TIMELINE 42 1658 241752131341900 2613500
LATENCY 2952000
TIMELINE 42 1674 241752176575000 2952000
LATENCY 2710800
TIMELINE 42 1690 241752224308500 2710800
LATENCY 2912900
TIMELINE 42 1706 241752274586600 2912900
LATENCY 2931400
TIMELINE 42 1722 241752321302600 2931400
LATENCY 2935600
TIMELINE 42 1738 241752370501400 2935600
LATENCY 3043900
TIMELINE 42 1754 241752416642600 3043900
LATENCY 3017900
TIMELINE 42 1770 241752464681100 3017900
LATENCY 2792800
TIMELINE 42 1786 241752510656100 2792800
LATENCY 2700600
TIMELINE 42 1802 241752559917800 2700600
LATENCY 7344200
TIMELINE 42 1818 241752603491000 7344200
LATENCY 2748500
TIMELINE 42 1834 241752651483800 2748500
LATENCY 3082900
TIMELINE 42 1850 241752695280100 3082900
LATENCY 2967400
TIMELINE 42 1866 241752743218100 2967400
LATENCY 2668200
TIMELINE 42 1882 241752790950000 2668200
LATENCY 3050100
TIMELINE 42 1898 241752836719500 3050100
LATENCY 3533100
TIMELINE 42 1914 241752887378600 3533100
LATENCY 3101800
TIMELINE 42 1930 241752941558600 3101800
LATENCY 3289600
TIMELINE 42 1946 241752998891600 3289600
LATENCY 3189600
TIMELINE 42 1962 241753050947900 3189600
LATENCY 2606200
TIMELINE 42 1978 241753096412200 2606200
LATENCY 2630700
TIMELINE 42 1994 241753140274400 2630700
LATENCY 2732000
TIMELINE 42 2010 241753184625700 2732000
LATENCY 2994800
TIMELINE 42 2026 241753229277400 2994800
LATENCY 2954900
TIMELINE 42 2042 241753275916300 2954900
LATENCY 2734200
TIMELINE 43 11 241748183251100 2734200
LATENCY 2197700
TIMELINE 43 27 241748221422600 2197700
LATENCY 2240800
TIMELINE 43 43 241748257958100 2240800
LATENCY 2260900
TIMELINE 43 59 241748294909200 2260900
LATENCY 2504200
TIMELINE 43 75 241748332407100 2504200
LATENCY 2382900
TIMELINE 43 91 241748370234400 2382900
LATENCY 2163800
TIMELINE 43 107 241748415188000 2163800
LATENCY 2439400
TIMELINE 43 123 241748450512000 2439400
LATENCY 2428800
TIMELINE 43 139 241748485647300 2428800
LATENCY 2624300
TIMELINE 43 155 241748522083500 2624300
LATENCY 2190800
TIMELINE 43 171 241748559074300 2190800
LATENCY 2355100
TIMELINE 43 187 241748594478800 2355100
LATENCY 2124800
TIMELINE 43 203 241748630342400 2124800
LATENCY 2092500
TIMELINE 43 219 241748664800300 2092500
LATENCY 8507300
TIMELINE 43 235 241748699597000 8507300
LATENCY 2250200
TIMELINE 43 251 241748740335500 2250200
LATENCY 2309200
TIMELINE 43 267 241748775635600 2309200
LATENCY 2123500
TIMELINE 43 283 241748810041400 2123500
LATENCY 2116600
TIMELINE 43 299 241748844699000 2116600
LATENCY 2095600
TIMELINE 43 315 241748878950400 2095600
LATENCY 2199500
TIMELINE 43 331 241748912426400 2199500
LATENCY 2052500
TIMELINE 43 347 241748946513500 2052500
LATENCY 2166100
TIMELINE 43 363 241748980938100 2166100
LATENCY 2269700
TIMELINE 43 379 241749022277300 2269700
LATENCY 2095200
TIMELINE 43 395 241749057840000 2095200
LATENCY 2168400
TIMELINE 43 411 241749092920400 2168400
LATENCY 2149600
TIMELINE 43 427 241749127441700 2149600
LATENCY 2197000
TIMELINE 43 443 241749161856800 2197000
LATENCY 2214800
TIMELINE 43 459 241749197944000 2214800
LATENCY 2134100
TIMELINE 43 475 241749232189100 2134100
LATENCY 2127200
TIMELINE 43 491 241749266165300 2127200
LATENCY 2042000
TIMELINE 43 507 241749307075600 2042000
LATENCY 2098600
TIMELINE 43 523 241749340998400 2098600
LATENCY 2132400
TIMELINE 43 539 241749374938800 2132400
LATENCY 2243300
TIMELINE 43 555 241749408965300 2243300
LATENCY 2318600
TIMELINE 43 571 241749444321400 2318600
LATENCY 2148700
TIMELINE 43 587 241749479794400 2148700
LATENCY 2143600
TIMELINE 43 603 241749514690200 2143600
LATENCY 2346900
TIMELINE 43 619 241749555688600 2346900
LATENCY 2230600
TIMELINE 43 635 241749592265500 2230600
LATENCY 2113900
TIMELINE 43 651 241749626715800 2113900
LATENCY 2074400
TIMELINE 43 667 241749660445900 2074400
LATENCY 2106500
TIMELINE 43 683 241749694186300 2106500
LATENCY 2161300
TIMELINE 43 699 241749727875600 2161300
LATENCY 2133600
TIMELINE 43 715 241749761988100 2133600
LATENCY 2129300
TIMELINE 43 731 241749796097800 2129300
LATENCY 2323300
TIMELINE 43 747 241749838238000 2323300
LATENCY 2103200
TIMELINE 43 763 241749872861400 2103200
LATENCY 2346100
TIMELINE 43 779 241749907701600 2346100
LATENCY 2138500
TIMELINE 43 795 241749943296700 2138500
LATENCY 2172600
TIMELINE 43 811 241749978709600 2172600
LATENCY 2132000
TIMELINE 43 827 241750012768300 2132000
LATENCY 2110200
TIMELINE 43 843 241750046473900 2110200
LATENCY 2288000
TIMELINE 43 859 241750098231500 2288000
LATENCY 2133900
TIMELINE 43 875 241750140963600 2133900
LATENCY 2252900
TIMELINE 43 891 241750175441500 2252900
LATENCY 2189500
TIMELINE 43 907 241750210997500 2189500
LATENCY 2145700
TIMELINE 43 923 241750246179300 2145700
LATENCY 2196800
TIMELINE 43 939 241750282640200 2196800
LATENCY 2181200
TIMELINE 43 955 241750317652100 2181200
LATENCY 2086600
TIMELINE 43 971 241750351417200 2086600
LATENCY 2179700
TIMELINE 43 987 241750393471400 2179700
LATENCY 2120100
TIMELINE 43 1003 241750427464300 2120100
LATENCY 2071500
TIMELINE 43 1019 241750461292000 2071500
LATENCY 2130200
TIMELINE 43 1035 241750495041100 2130200
LATENCY 2095000
TIMELINE 43 1051 241750528748300 2095000
LATENCY 2080700
TIMELINE 43 1067 241750563528500 2080700
LATENCY 2099300
TIMELINE 43 1083 241750597858000 2099300
LATENCY 6986900
TIMELINE 43 1099 241750631807900 6986900
LATENCY 2201900
TIMELINE 43 1115 241750671411300 2201900
LATENCY 2111900
TIMELINE 43 1131 241750705566300 2111900
LATENCY 2227800
TIMELINE 43 1147 241750740162500 2227800
LATENCY 2100100
TIMELINE 43 1163 241750774162800 2100100
LATENCY 2038900
TIMELINE 43 1179 241750807776500 2038900
LATENCY 2141700
TIMELINE 43 1195 241750841479600 2141700
LATENCY 2125000
TIMELINE 43 1211 241750877504800 2125000
LATENCY 2156200
TIMELINE 43 1227 241750918316400 2156200
LATENCY 2215200
TIMELINE 43 1243 241750953879700 2215200
LATENCY 2218800
TIMELINE 43 1259 241750989881300 2218800
LATENCY 2106300
TIMELINE 43 1275 241751026827600 2106300
LATENCY 2147800
TIMELINE 43 1291 241751061311500 2147800
LATENCY 2194900
TIMELINE 43 1307 241751096620600 2194900
LATENCY 3021800
TIMELINE 43 1323 241751139348000 3021800
LATENCY 7751700
TIMELINE 43 1339 241751187863900 7751700
LATENCY 3025600
TIMELINE 43 1355 241751240884400 3025600
LATENCY 2771900
TIMELINE 43 1371 241751287644400 2771900
LATENCY 2594400
TIMELINE 43 1387 241751332459200 2594400
LATENCY 3035900
TIMELINE 43 1403 241751377221600 3035900
LATENCY 2945600
TIMELINE 43 1419 241751424496700 2945600
LATENCY 2710500
TIMELINE 43 1435 241751471597900 2710500
LATENCY 2971900
TIMELINE 43 1451 241751515897800 2971900
LATENCY 2994200
TIMELINE 43 1467 241751567622100 2994200
LATENCY 2960800
TIMELINE 43 1483 241751614430000 2960800
LATENCY 2733800
TIMELINE 43 1499 241751658671700 2733800
LATENCY 2832700
TIMELINE 43 1515 241751702337200 2832700
LATENCY 2952200
TIMELINE 43 1531 241751747494200 2952200
LATENCY 2755300
TIMELINE 43 1547 241751793327300 2755300
LATENCY 2883200
TIMELINE 43 1563 241751840612600 2883200
LATENCY 3139900
TIMELINE 43 1579 241751900135500 3139900
LATENCY 2910400
TIMELINE 43 1595 241751947917300 2910400
LATENCY 2898300
TIMELINE 43 1611 241751994766600 2898300
LATENCY 3022200
TIMELINE 43 1627 241752040571400 3022200
LATENCY 2959600
TIMELINE 43 1643 241752088520300 2959600
LATENCY 2599100
TIMELINE 43 1659 241752133654700 2599100
LATENCY 2918300
TIMELINE 43 1675 241752179201800 2918300
LATENCY 2727000
TIMELINE 43 1691 241752226721300 2727000
LATENCY 2881900
TIMELINE 43 1707 241752277186400 2881900
LATENCY 2888200
TIMELINE 43 1723 241752323909800 2888200
LATENCY 2953300
TIMELINE 43 1739 241752373112600 2953300
LATENCY 2782400
TIMELINE 43 1755 241752419253400 2782400
LATENCY 2994200
TIMELINE 43 1771 241752467279900 2994200
LATENCY 2765900
TIMELINE 43 1787 241752513070800 2765900
LATENCY 2709600
TIMELINE 43 1803 241752562311100 2709600
LATENCY 2660300
TIMELINE 43 1819 241752610536400 2660300
LATENCY 2698700
TIMELINE 43 1835 241752653899800 2698700
LATENCY 3025000
TIMELINE 43 1851 241752698015800 3025000
LATENCY 2993200
TIMELINE 43 1867 241752745818500 2993200
LATENCY 2706300
TIMELINE 43 1883 241752793261800 2706300
LATENCY 3053600
TIMELINE 43 1899 241752839429100 3053600
LATENCY 3504100
TIMELINE 43 1915 241752890540000 3504100
LATENCY 3044400
TIMELINE 43 1931 241752944256600 3044400
LATENCY 3254700
TIMELINE 43 1947 241753001740200 3254700
LATENCY 3108300
TIMELINE 43 1963 241753053701400 3108300
LATENCY 2678300
TIMELINE 43 1979 241753098657500 2678300
LATENCY 2577300
TIMELINE 43 1995 241753142553500 2577300
LATENCY 2713700
TIMELINE 43 2011 241753186980100 2713700
LATENCY 2950600
TIMELINE 43 2027 241753231834700 2950600
LATENCY 2899000
TIMELINE 43 2043 241753278311500 2899000
LATENCY 2496200
TIMELINE 44 12 241748186020600 2496200
LATENCY 2195500
TIMELINE 44 28 241748223781200 2195500
LATENCY 2282100
TIMELINE 44 44 241748260349400 2282100
LATENCY 2229900
TIMELINE 44 60 241748297302900 2229900
LATENCY 2433900
TIMELINE 44 76 241748334880900 2433900
LATENCY 2314000
TIMELINE 44 92 241748372490700 2314000
LATENCY 2143400
TIMELINE 44 108 241748417174700 2143400
LATENCY 2186600
TIMELINE 44 124 241748452862800 2186600
LATENCY 2503300
TIMELINE 44 140 241748487947800 2503300
LATENCY 2644800
TIMELINE 44 156 241748524471600 2644800
LATENCY 2140800
TIMELINE 44 172 241748561002800 2140800
LATENCY 2274400
TIMELINE 44 188 241748596628200 2274400
LATENCY 2125900
TIMELINE 44 204 241748632323200 2125900
LATENCY 2165900
TIMELINE 44 220 241748666729200 2165900
LATENCY 2196300
TIMELINE 44 236 241748707805300 2196300
LATENCY 2158300
TIMELINE 44 252 241748742331700 2158300
LATENCY 2147500
TIMELINE 44 268 241748777454100 2147500
LATENCY 2107800
TIMELINE 44 284 241748811719200 2107800
LATENCY 2127300
TIMELINE 44 300 241748846323300 2127300
LATENCY 2066200
TIMELINE 44 316 241748880549900 2066200
LATENCY 2168900
TIMELINE 44 332 241748914014300 2168900
LATENCY 2085000
TIMELINE 44 348 241748947989000 2085000
LATENCY 2164800
TIMELINE 44 364 241748982439700 2164800
LATENCY 2252400
TIMELINE 44 380 241749024029400 2252400
LATENCY 2087900
TIMELINE 44 396 241749059463300 2087900
LATENCY 2153900
TIMELINE 44 412 241749094471700 2153900
LATENCY 2132400
TIMELINE 44 428 241749128955100 2132400
LATENCY 2386700
TIMELINE 44 444 241749163471900 2386700
LATENCY 2176900
TIMELINE 44 460 241749199638300 2176900
LATENCY 2107000
TIMELINE 44 476 241749233810100 2107000
LATENCY 2145200
TIMELINE 44 492 241749267714400 2145200
LATENCY 2128800
TIMELINE 44 508 241749308588800 2128800
LATENCY 2129300
TIMELINE 44 524 241749342541900 2129300
LATENCY 2116800
TIMELINE 44 540 241749376411900 2116800
LATENCY 2291900
TIMELINE 44 556 241749410829200 2291900
LATENCY 2564600
TIMELINE 44 572 241749446287300 2564600
LATENCY 2127000
TIMELINE 44 588 241749481753700 2127000
LATENCY 2170300
TIMELINE 44 604 241749516529600 2170300
LATENCY 2202500
TIMELINE 44 620 241749557739400 2202500
LATENCY 2211000
TIMELINE 44 636 241749594284000 2211000
LATENCY 2101600
TIMELINE 44 652 241749628634400 2101600
LATENCY 2124000
TIMELINE 44 668 241749662319300 2124000
LATENCY 2143900
TIMELINE 44 684 241749696101000 2143900
LATENCY 2173300
TIMELINE 44 700 241749729769100 2173300
LATENCY 2117800
TIMELINE 44 716 241749763949800 2117800
LATENCY 2131600
TIMELINE 44 732 241749798057000 2131600
LATENCY 2214100
TIMELINE 44 748 241749840420700 2214100
LATENCY 2106900
TIMELINE 44 764 241749874907200 2106900
LATENCY 2328200
TIMELINE 44 780 241749910015400 2328200
LATENCY 2128200
TIMELINE 44 796 241749945380700 2128200
LATENCY 2153300
TIMELINE 44 812 241749980820700 2153300
LATENCY 2057800
TIMELINE 44 828 241750015011200 2057800
LATENCY 2115800
TIMELINE 44 844 241750048704700 2115800
LATENCY 9859900
TIMELINE 44 860 241750100175900 9859900
LATENCY 2182800
TIMELINE 44 876 241750142713000 2182800
LATENCY 2378800
TIMELINE 44 892 241750177098400 2378800
LATENCY 2169500
TIMELINE 44 908 241750212565400 2169500
LATENCY 2318400
TIMELINE 44 924 241750247657700 2318400
LATENCY 2176400
TIMELINE 44 940 241750284149900 2176400
LATENCY 2152500
TIMELINE 44 956 241750319286400 2152500
LATENCY 2106700
TIMELINE 44 972 241750352990000 2106700
LATENCY 2123400
TIMELINE 44 988 241750395364700 2123400
LATENCY 2084600
TIMELINE 44 1004 241750429298800 2084600
LATENCY 2073500
TIMELINE 44 1020 241750463084000 2073500
LATENCY 2081700
TIMELINE 44 1036 241750496898500 2081700
LATENCY 2085400
TIMELINE 44 1052 241750530395500 2085400
LATENCY 2092100
TIMELINE 44 1068 241750565279000 2092100
LATENCY 2159800
TIMELINE 44 1084 241750599583000 2159800
LATENCY 6990600
TIMELINE 44 1100 241750633595100 6990600
LATENCY 2195200
TIMELINE 44 1116 241750673320000 2195200
LATENCY 2115800
TIMELINE 44 1132 241750707401100 2115800
LATENCY 2099900
TIMELINE 44 1148 241750741876100 2099900
LATENCY 2101800
TIMELINE 44 1164 241750775746900 2101800
LATENCY 2104600
TIMELINE 44 1180 241750809334600 2104600
LATENCY 2120800
TIMELINE 44 1196 241750843251800 2120800
LATENCY 2108000
TIMELINE 44 1212 241750879252800 2108000
LATENCY 2176000
TIMELINE 44 1228 241750919929000 2176000
LATENCY 2259600
TIMELINE 44 1244 241750955454200 2259600
LATENCY 2211100
TIMELINE 44 1260 241750991533200 2211100
LATENCY 2099000
TIMELINE 44 1276 241751028428100 2099000
LATENCY 2102100
TIMELINE 44 1292 241751062875900 2102100
LATENCY 2168400
TIMELINE 44 1308 241751098553700 2168400
LATENCY 3015500
TIMELINE 44 1324 241751141991700 3015500
LATENCY 3042000
TIMELINE 44 1340 241751195188500 3042000
LATENCY 2742400
TIMELINE 44 1356 241751243478000 2742400
LATENCY 2789800
TIMELINE 44 1372 241751290187800 2789800
LATENCY 2729400
TIMELINE 44 1388 241751334834900 2729400
LATENCY 2879800
TIMELINE 44 1404 241751379947100 2879800
LATENCY 2971100
TIMELINE 44 1420 241751427115200 2971100
LATENCY 2691000
TIMELINE 44 1436 241751474013000 2691000
LATENCY 2950700
TIMELINE 44 1452 241751518521100 2950700
LATENCY 3004200
TIMELINE 44 1468 241751570288600 3004200
LATENCY 2918500
TIMELINE 44 1484 241751617178600 2918500
LATENCY 2711600
TIMELINE 44 1500 241751661214400 2711600
LATENCY 2763300
TIMELINE 44 1516 241751704937800 2763300
LATENCY 2966500
TIMELINE 44 1532 241751750274000 2966500
LATENCY 2692800
TIMELINE 44 1548 241751795895200 2692800
LATENCY 2933300
TIMELINE 44 1564 241751843286800 2933300
LATENCY 2979400
TIMELINE 44 1580 241751903060100 2979400
LATENCY 2926300
TIMELINE 44 1596 241751950620400 2926300
LATENCY 2938400
TIMELINE 44 1612 241751997458400 2938400
LATENCY 2995900
TIMELINE 44 1628 241752044015200 2995900
LATENCY 2929800
TIMELINE 44 1644 241752091845900 2929800
LATENCY 2688000
TIMELINE 44 1660 241752136627700 2688000
LATENCY 2940400
TIMELINE 44 1676 241752182537200 2940400
LATENCY 2674800
TIMELINE 44 1692 241752229825800 2674800
LATENCY 2914500
TIMELINE 44 1708 241752280476900 2914500
LATENCY 2913900
TIMELINE 44 1724 241752327215800 2913900
LATENCY 2725500
TIMELINE 44 1740 241752376422600 2725500
LATENCY 2914500
TIMELINE 44 1756 241752422552900 2914500
LATENCY 3000800
TIMELINE 44 1772 241752470773500 3000800
LATENCY 2988000
TIMELINE 44 1788 241752516351700 2988000
LATENCY 2736600
TIMELINE 44 1804 241752565381200 2736600
LATENCY 2633300
TIMELINE 44 1820 241752613552400 2633300
LATENCY 2776400
TIMELINE 44 1836 241752656989900 2776400
LATENCY 2964800
TIMELINE 44 1852 241752701403600 2964800
LATENCY 2987300
TIMELINE 44 1868 241752749138300 2987300
LATENCY 2597700
TIMELINE 44 1884 241752796253300 2597700
LATENCY 3016200
TIMELINE 44 1900 241752842956600 3016200
LATENCY 3334700
TIMELINE 44 1916 241752894548800 3334700
LATENCY 3185500
TIMELINE 44 1932 241752947810100 3185500
LATENCY 3255000
TIMELINE 44 1948 241753005469800 3255000
LATENCY 3201000
TIMELINE 44 1964 241753057291500 3201000
LATENCY 2813400
TIMELINE 44 1980 241753101755100 2813400
LATENCY 2622100
TIMELINE 44 1996 241753145515500 2622100
LATENCY 2717500
TIMELINE 44 2012 241753190097800 2717500
LATENCY 2735600
TIMELINE 44 2028 241753235209600 2735600
LATENCY 2812100
TIMELINE 44 2044 241753281755800 2812100
LATENCY 2394500
TIMELINE 45 13 241748188714900 2394500
LATENCY 2191400
TIMELINE 45 29 241748226153300 2191400
LATENCY 2328100
TIMELINE 45 45 241748262876200 2328100
LATENCY 2302800
TIMELINE 45 61 241748299779700 2302800
LATENCY 2355100
TIMELINE 45 77 241748337691400 2355100
LATENCY 2414700
TIMELINE 45 93 241748375284300 2414700
LATENCY 2176900
TIMELINE 45 109 241748419815200 2176900
LATENCY 2152000
TIMELINE 45 125 241748455587300 2152000
LATENCY 2213700
TIMELINE 45 141 241748491082100 2213700
LATENCY 2396100
TIMELINE 45 157 241748527584000 2396100
LATENCY 2120000
TIMELINE 45 173 241748563567500 2120000
LATENCY 2331500
TIMELINE 45 189 241748599282300 2331500
LATENCY 2181600
TIMELINE 45 205 241748634782700 2181600
LATENCY 2128400
TIMELINE 45 221 241748669274400 2128400
LATENCY 2123200
TIMELINE 45 237 241748710256700 2123200
LATENCY 2174700
TIMELINE 45 253 241748744725800 2174700
LATENCY 2107400
TIMELINE 45 269 241748779756900 2107400
LATENCY 2149900
TIMELINE 45 285 241748813950800 2149900
LATENCY 2273800
TIMELINE 45 301 241748848547000 2273800
LATENCY 2051600
TIMELINE 45 317 241748882731100 2051600
LATENCY 2144200
TIMELINE 45 333 241748916388000 2144200
LATENCY 2074600
TIMELINE 45 349 241748950254200 2074600
LATENCY 8326300
TIMELINE 45 365 241748984897600 8326300
LATENCY 2159600
TIMELINE 45 381 241749026669500 2159600
LATENCY 2114100
TIMELINE 45 397 241749061969200 2114100
LATENCY 2209300
TIMELINE 45 413 241749097066800 2209300
LATENCY 2193000
TIMELINE 45 429 241749131534500 2193000
LATENCY 2153700
TIMELINE 45 445 241749166086800 2153700
LATENCY 2168300
TIMELINE 45 461 241749201877800 2168300
LATENCY 2157600
TIMELINE 45 477 241749235981700 2157600
LATENCY 8730900
TIMELINE 45 493 241749269980100 8730900
LATENCY 2116400
TIMELINE 45 509 241749310831500 2116400
LATENCY 2063200
TIMELINE 45 525 241749344787500 2063200
LATENCY 2099300
TIMELINE 45 541 241749378751000 2099300
LATENCY 2217600
TIMELINE 45 557 241749412973300 2217600
LATENCY 2295100
TIMELINE 45 573 241749448657600 2295100
LATENCY 2181000
TIMELINE 45 589 241749483675100 2181000
LATENCY 2145600
TIMELINE 45 605 241749518496500 2145600
LATENCY 2208200
TIMELINE 45 621 241749559800500 2208200
LATENCY 2205100
TIMELINE 45 637 241749596285800 2205100
LATENCY 2138700
TIMELINE 45 653 241749630535500 2138700
LATENCY 2117900
TIMELINE 45 669 241749664274600 2117900
LATENCY 2087300
TIMELINE 45 685 241749698071700 2087300
LATENCY 2097800
TIMELINE 45 701 241749731763500 2097800
LATENCY 2095700
TIMELINE 45 717 241749765932800 2095700
LATENCY 2108000
TIMELINE 45 733 241749800042800 2108000
LATENCY 2202900
TIMELINE 45 749 241749842569300 2202900
LATENCY 2098100
TIMELINE 45 765 241749876844800 2098100
LATENCY 2292700
TIMELINE 45 781 241749912084700 2292700
LATENCY 2130400
TIMELINE 45 797 241749947315500 2130400
LATENCY 2175500
TIMELINE 45 813 241749982707600 2175500
LATENCY 2099000
TIMELINE 45 829 241750016844900 2099000
LATENCY 2099300
TIMELINE 45 845 241750050590800 2099300
LATENCY 2317400
TIMELINE 45 861 241750110811600 2317400
LATENCY 2184900
TIMELINE 45 877 241750145578600 2184900
LATENCY 2336500
TIMELINE 45 893 241750180495200 2336500
LATENCY 2309500
TIMELINE 45 909 241750215757900 2309500
LATENCY 2596500
TIMELINE 45 925 241750251468000 2596500
LATENCY 2146900
TIMELINE 45 941 241750287703000 2146900
LATENCY 2109700
TIMELINE 45 957 241750322512600 2109700
LATENCY 2107400
TIMELINE 45 973 241750356182900 2107400
LATENCY 2136600
TIMELINE 45 989 241750398528400 2136600
LATENCY 2078900
TIMELINE 45 1005 241750432416400 2078900
LATENCY 2112200
TIMELINE 45 1021 241750466231800 2112200
LATENCY 2099500
TIMELINE 45 1037 241750500071600 2099500
LATENCY 2137100
TIMELINE 45 1053 241750533695400 2137100
LATENCY 2252500
TIMELINE 45 1069 241750568594500 2252500
LATENCY 2112300
TIMELINE 45 1085 241750602972700 2112300
LATENCY 2089400
TIMELINE 45 1101 241750641739900 2089400
LATENCY 2137100
TIMELINE 45 1117 241750677057300 2137100
LATENCY 2149400
TIMELINE 45 1133 241750710983200 2149400
LATENCY 2124800
TIMELINE 45 1149 241750745503100 2124800
LATENCY 2058500
TIMELINE 45 1165 241750779335200 2058500
LATENCY 2134500
TIMELINE 45 1181 241750812935900 2134500
LATENCY 2654500
TIMELINE 45 1197 241750846968600 2654500
LATENCY 2341600
TIMELINE 45 1213 241750882647900 2341600
LATENCY 2194100
TIMELINE 45 1229 241750923775800 2194100
LATENCY 2401100
TIMELINE 45 1245 241750959495600 2401100
LATENCY 2230500
TIMELINE 45 1261 241750995530400 2230500
LATENCY 2117200
TIMELINE 45 1277 241751032280700 2117200
LATENCY 2241800
TIMELINE 45 1293 241751066833700 2241800
LATENCY 2311200
TIMELINE 45 1309 241751102632200 2311200
LATENCY 2964800
TIMELINE 45 1325 241751147728700 2964800
LATENCY 3023400
TIMELINE 45 1341 241751200964700 3023400
LATENCY 3019300
TIMELINE 45 1357 241751248862800 3019300
LATENCY 2783300
TIMELINE 45 1373 241751295471700 2783300
LATENCY 2644800
TIMELINE 45 1389 241751339872200 2644800
LATENCY 2953600
TIMELINE 45 1405 241751385548600 2953600
LATENCY 2959600
TIMELINE 45 1421 241751432707100 2959600
LATENCY 2688100
TIMELINE 45 1437 241751479160000 2688100
LATENCY 2933800
TIMELINE 45 1453 241751524079800 2933800
LATENCY 2967700
TIMELINE 45 1469 241751575975400 2967700
LATENCY 2797100
TIMELINE 45 1485 241751622624400 2797100
LATENCY 2656200
TIMELINE 45 1501 241751666367600 2656200
LATENCY 2717000
TIMELINE 45 1517 241751710157500 2717000
LATENCY 2954000
TIMELINE 45 1533 241751755847100 2954000
LATENCY 2905500
TIMELINE 45 1549 241751801096600 2905500
LATENCY 2941600
TIMELINE 45 1565 241751848895800 2941600
LATENCY 2810400
TIMELINE 45 1581 241751908947800 2810400
LATENCY 2946500
TIMELINE 45 1597 241751956111600 2946500
LATENCY 2816200
TIMELINE 45 1613 241752003092200 2816200
LATENCY 2984800
TIMELINE 45 1629 241752051366100 2984800
LATENCY 2922300
TIMELINE 45 1645 241752098877800 2922300
LATENCY 2942500
TIMELINE 45 1661 241752143047100 2942500
LATENCY 4645200
TIMELINE 45 1677 241752189452300 4645200
LATENCY 2744000
TIMELINE 45 1693 241752236116000 2744000
LATENCY 2909700
TIMELINE 45 1709 241752287349500 2909700
LATENCY 4206600
TIMELINE 45 1725 241752335307100 4206600
LATENCY 2950000
TIMELINE 45 1741 241752382766600 2950000
LATENCY 2999400
TIMELINE 45 1757 241752429730800 2999400
LATENCY 2861900
TIMELINE 45 1773 241752477915700 2861900
LATENCY 2808300
TIMELINE 45 1789 241752523231800 2808300
LATENCY 2639300
TIMELINE 45 1805 241752571932400 2639300
LATENCY 2671900
TIMELINE 45 1821 241752619846600 2671900
LATENCY 2767700
TIMELINE 45 1837 241752663456500 2767700
LATENCY 3015100
TIMELINE 45 1853 241752708065800 3015100
LATENCY 3478100
TIMELINE 45 1869 241752755801500 3478100
LATENCY 2635000
TIMELINE 45 1885 241752802084700 2635000
LATENCY 3023200
TIMELINE 45 1901 241752849553900 3023200
LATENCY 3320900
TIMELINE 45 1917 241752901950700 3320900
LATENCY 7924700
TIMELINE 45 1933 241752954705800 7924700
LATENCY 3199900
TIMELINE 45 1949 241753012594100 3199900
LATENCY 2853600
TIMELINE 45 1965 241753064193700 2853600
LATENCY 2785500
TIMELINE 45 1981 241753107880100 2785500
LATENCY 3274100
TIMELINE 45 1997 241753151992600 3274100
LATENCY 2713200
TIMELINE 45 2013 241753196139000 2713200
LATENCY 2745700
TIMELINE 45 2029 241753241299700 2745700
LATENCY 3480600
TIMELINE 45 2045 241753288147300 3480600
LATENCY 2248700
TIMELINE 46 14 241748191049600 2248700
LATENCY 2252900
TIMELINE 46 30 241748228253200 2252900
LATENCY 2406300
TIMELINE 46 46 241748265057100 2406300
LATENCY 2249200
TIMELINE 46 62 241748301931300 2249200
LATENCY 2505400
TIMELINE 46 78 241748339914300 2505400
LATENCY 2368100
TIMELINE 46 94 241748377444600 2368100
LATENCY 2482700
TIMELINE 46 110 241748421745900 2482700
LATENCY 2213100
TIMELINE 46 126 241748457500900 2213100
LATENCY 2131000
TIMELINE 46 142 241748493127500 2131000
LATENCY 2313500
TIMELINE 46 158 241748529782300 2313500
LATENCY 2152400
TIMELINE 46 174 241748565508900 2152400
LATENCY 2300600
TIMELINE 46 190 241748601423600 2300600
LATENCY 2166400
TIMELINE 46 206 241748636729700 2166400
LATENCY 2085900
TIMELINE 46 222 241748671462500 2085900
LATENCY 2118500
TIMELINE 46 238 241748712295700 2118500
LATENCY 2148600
TIMELINE 46 254 241748746839400 2148600
LATENCY 2170100
TIMELINE 46 270 241748781836800 2170100
LATENCY 2305400
TIMELINE 46 286 241748816133700 2305400
LATENCY 2260900
TIMELINE 46 302 241748850914400 2260900
LATENCY 2075400
TIMELINE 46 318 241748884903300 2075400
LATENCY 2130300
TIMELINE 46 334 241748918595700 2130300
LATENCY 2063700
TIMELINE 46 350 241748952391100 2063700
LATENCY 2208900
TIMELINE 46 366 241748993322800 2208900
LATENCY 2166600
TIMELINE 46 382 241749029551000 2166600
LATENCY 2118300
TIMELINE 46 398 241749064764500 2118300
LATENCY 2198100
TIMELINE 46 414 241749099896200 2198100
LATENCY 2146800
TIMELINE 46 430 241749134314100 2146800
LATENCY 2103700
TIMELINE 46 446 241749169035300 2103700
LATENCY 2155200
TIMELINE 46 462 241749204914200 2155200
LATENCY 2131200
TIMELINE 46 478 241749238985900 2131200
LATENCY 2293300
TIMELINE 46 494 241749279758400 2293300
LATENCY 2114200
TIMELINE 46 510 241749313751500 2114200
LATENCY 2056700
TIMELINE 46 526 241749347656700 2056700
LATENCY 2121800
TIMELINE 46 542 241749381636300 2121800
LATENCY 2169900
TIMELINE 46 558 241749416199800 2169900
LATENCY 2203500
TIMELINE 46 574 241749452001900 2203500
LATENCY 2151300
TIMELINE 46 590 241749486883800 2151300
LATENCY 2162500
TIMELINE 46 606 241749521699300 2162500
LATENCY 2225500
TIMELINE 46 622 241749563167600 2225500
LATENCY 2145900
TIMELINE 46 638 241749599627000 2145900
LATENCY 2069000
TIMELINE 46 654 241749633707100 2069000
LATENCY 2095400
TIMELINE 46 670 241749667345800 2095400
LATENCY 2031600
TIMELINE 46 686 241749701088800 2031600
LATENCY 2131200
TIMELINE 46 702 241749734811700 2131200
LATENCY 2114500
TIMELINE 46 718 241749769079400 2114500
LATENCY 2130500
TIMELINE 46 734 241749803179800 2130500
LATENCY 2271400
TIMELINE 46 750 241749846134900 2271400
LATENCY 2110200
TIMELINE 46 766 241749880380400 2110200
LATENCY 2250400
TIMELINE 46 782 241749915858200 2250400
LATENCY 2447600
TIMELINE 46 798 241749950856800 2447600
LATENCY 2118500
TIMELINE 46 814 241749986245400 2118500
LATENCY 2078200
TIMELINE 46 830 241750020307200 2078200
LATENCY 2110300
TIMELINE 46 846 241750054031600 2110300
LATENCY 2268900
TIMELINE 46 862 241750112663500 2268900
LATENCY 2169700
TIMELINE 46 878 241750147379300 2169700
LATENCY 2153900
TIMELINE 46 894 241750182477100 2153900
LATENCY 2194200
TIMELINE 46 910 241750217682900 2194200
LATENCY 2300400
TIMELINE 46 926 241750253439600 2300400
LATENCY 2069000
TIMELINE 46 942 241750289246200 2069000
LATENCY 2064500
TIMELINE 46 958 241750324011900 2064500
LATENCY 2075600
TIMELINE 46 974 241750357658200 2075600
LATENCY 2120600
TIMELINE 46 990 241750399885700 2120600
LATENCY 2101900
TIMELINE 46 1006 241750433737200 2101900
LATENCY 2092100
TIMELINE 46 1022 241750467531700 2092100
LATENCY 2077900
TIMELINE 46 1038 241750501357500 2077900
LATENCY 2093000
TIMELINE 46 1054 241750534946600 2093000
LATENCY 2194700
TIMELINE 46 1070 241750569734100 2194700
LATENCY 2091600
TIMELINE 46 1086 241750604049900 2091600
LATENCY 2112700
TIMELINE 46 1102 241750642894600 2112700
LATENCY 2126100
TIMELINE 46 1118 241750677742600 2126100
LATENCY 2134000
TIMELINE 46 1134 241750711654900 2134000
LATENCY 2110800
TIMELINE 46 1150 241750746206300 2110800
LATENCY 2079900
TIMELINE 46 1166 241750779963700 2079900
LATENCY 2087000
TIMELINE 46 1182 241750813615500 2087000
LATENCY 2408600
TIMELINE 46 1198 241750848162000 2408600
LATENCY 2651000
TIMELINE 46 1214 241750883587100 2651000
LATENCY 2191100
TIMELINE 46 1230 241750924766700 2191100
LATENCY 2422200
TIMELINE 46 1246 241750960654200 2422200
LATENCY 2216500
TIMELINE 46 1262 241750996683000 2216500
LATENCY 2113100
TIMELINE 46 1278 241751033315300 2113100
LATENCY 2064000
TIMELINE 46 1294 241751067776200 2064000
LATENCY 2495700
TIMELINE 46 1310 241751103286200 2495700
LATENCY 2996400
TIMELINE 46 1326 241751148698300 2996400
LATENCY 2967600
TIMELINE 46 1342 241751201951700 2967600
LATENCY 3025900
TIMELINE 46 1358 241751249798300 3025900
LATENCY 2784000
TIMELINE 46 1374 241751296273000 2784000
LATENCY 2609200
TIMELINE 46 1390 241751340621800 2609200
LATENCY 2918300
TIMELINE 46 1406 241751386513500 2918300
LATENCY 2972500
TIMELINE 46 1422 241751433657300 2972500
LATENCY 2688300
TIMELINE 46 1438 241751480065800 2688300
LATENCY 2949900
TIMELINE 46 1454 241751524983400 2949900
LATENCY 2760900
TIMELINE 46 1470 241751576948800 2760900
LATENCY 2776500
TIMELINE 46 1486 241751623201400 2776500
LATENCY 2676700
TIMELINE 46 1502 241751666905000 2676700
LATENCY 2712900
TIMELINE 46 1518 241751710720500 2712900
LATENCY 2943800
TIMELINE 46 1534 241751756475000 2943800
LATENCY 2908000
TIMELINE 46 1550 241751801650800 2908000
LATENCY 2953400
TIMELINE 46 1566 241751849423800 2953400
LATENCY 2913500
TIMELINE 46 1582 241751909457100 2913500
LATENCY 2952700
TIMELINE 46 1598 241751956681600 2952700
LATENCY 2856600
TIMELINE 46 1614 241752003645200 2856600
LATENCY 2998600
TIMELINE 46 1630 241752051953300 2998600
LATENCY 2950300
TIMELINE 46 1646 241752099415400 2950300
LATENCY 2934000
TIMELINE 46 1662 241752143599400 2934000
LATENCY 5846700
TIMELINE 46 1678 241752190116000 5846700
LATENCY 2799700
TIMELINE 46 1694 241752236756100 2799700
LATENCY 2918600
TIMELINE 46 1710 241752288045700 2918600
LATENCY 4195300
TIMELINE 46 1726 241752336023000 4195300
LATENCY 2944200
TIMELINE 46 1742 241752383477700 2944200
LATENCY 2999900
TIMELINE 46 1758 241752430422600 2999900
LATENCY 2801200
TIMELINE 46 1774 241752478591800 2801200
LATENCY 2725800
TIMELINE 46 1790 241752523939200 2725800
LATENCY 2666300
TIMELINE 46 1806 241752572521000 2666300
LATENCY 2698800
TIMELINE 46 1822 241752620432100 2698800
LATENCY 2752500
TIMELINE 46 1838 241752664085800 2752500
LATENCY 2998800
TIMELINE 46 1854 241752709112300 2998800
LATENCY 3135100
TIMELINE 46 1870 241752757232500 3135100
LATENCY 2732200
TIMELINE 46 1886 241752802978000 2732200
LATENCY 3021600
TIMELINE 46 1902 241752850626400 3021600
LATENCY 3314000
TIMELINE 46 1918 241752903145000 3314000
LATENCY 8077700
TIMELINE 46 1934 241752955805800 8077700
LATENCY 3245200
TIMELINE 46 1950 241753013708600 3245200
LATENCY 2814100
TIMELINE 46 1966 241753065138300 2814100
LATENCY 2788200
TIMELINE 46 1982 241753108796800 2788200
LATENCY 2722600
TIMELINE 46 1998 241753153455300 2722600
LATENCY 2863000
TIMELINE 46 2014 241753197047800 2863000
LATENCY 2729400
TIMELINE 46 2030 241753242229000 2729400
LATENCY 3452200
TIMELINE 46 2046 241753289286800 3452200
LATENCY 2419800
TIMELINE 47 15 241748193269400 2419800
LATENCY 2552700
TIMELINE 47 31 241748230476500 2552700
LATENCY 2295700
TIMELINE 47 47 241748267419000 2295700
LATENCY 2305700
TIMELINE 47 63 241748304150900 2305700
LATENCY 2343300
TIMELINE 47 79 241748342303700 2343300
LATENCY 2329900
TIMELINE 47 95 241748379983400 2329900
LATENCY 2179800
TIMELINE 47 111 241748424263100 2179800
LATENCY 2195800
TIMELINE 47 127 241748459751700 2195800
LATENCY 2240700
TIMELINE 47 143 241748495445100 2240700
LATENCY 2373200
TIMELINE 47 159 241748532452600 2373200
LATENCY 2161800
TIMELINE 47 175 241748567953800 2161800
LATENCY 2304800
TIMELINE 47 191 241748604055400 2304800
LATENCY 2194900
TIMELINE 47 207 241748639335400 2194900
LATENCY 2087100
TIMELINE 47 223 241748673779100 2087100
LATENCY 2101600
TIMELINE 47 239 241748714690400 2101600
LATENCY 2131800
TIMELINE 47 255 241748749289300 2131800
LATENCY 2120900
TIMELINE 47 271 241748784274600 2120900
LATENCY 2253000
TIMELINE 47 287 241748818658400 2253000
LATENCY 2134300
TIMELINE 47 303 241748853294100 2134300
LATENCY 2081100
TIMELINE 47 319 241748887094600 2081100
LATENCY 2114600
TIMELINE 47 335 241748920773200 2114600
LATENCY 2061000
TIMELINE 47 351 241748954487000 2061000
LATENCY 2135200
TIMELINE 47 367 241748995563600 2135200
LATENCY 2276700
TIMELINE 47 383 241749031605300 2276700
LATENCY 2146600
TIMELINE 47 399 241749066743300 2146600
LATENCY 2158500
TIMELINE 47 415 241749102320100 2158500
LATENCY 2113900
TIMELINE 47 431 241749136660900 2113900
LATENCY 2168200
TIMELINE 47 447 241749171226600 2168200
LATENCY 2160900
TIMELINE 47 463 241749207132800 2160900
LATENCY 2147100
TIMELINE 47 479 241749241179800 2147100
LATENCY 2156900
TIMELINE 47 495 241749282116400 2156900
LATENCY 2222200
TIMELINE 47 511 241749315959100 2222200
LATENCY 2141500
TIMELINE 47 527 241749349800600 2141500
LATENCY 2096200
TIMELINE 47 543 241749383852300 2096200
LATENCY 2205500
TIMELINE 47 559 241749418344000 2205500
LATENCY 2203500
TIMELINE 47 575 241749454108900 2203500
LATENCY 2107400
TIMELINE 47 591 241749488978700 2107400
LATENCY 2220400
TIMELINE 47 607 241749523749300 2220400
LATENCY 2226000
TIMELINE 47 623 241749565190600 2226000
LATENCY 2294500
TIMELINE 47 639 241749601591000 2294500
LATENCY 2111500
TIMELINE 47 655 241749635640200 2111500
LATENCY 2086300
TIMELINE 47 671 241749669506900 2086300
LATENCY 2060300
TIMELINE 47 687 241749703184500 2060300
LATENCY 2096100
TIMELINE 47 703 241749737004300 2096100
LATENCY 2130800
TIMELINE 47 719 241749771131400 2130800
LATENCY 2162100
TIMELINE 47 735 241749805248700 2162100
LATENCY 2178000
TIMELINE 47 751 241749847811300 2178000
LATENCY 2127800
TIMELINE 47 767 241749881930700 2127800
LATENCY 2237900
TIMELINE 47 783 241749917671000 2237900
LATENCY 2375500
TIMELINE 47 799 241749952825300 2375500
LATENCY 2142700
TIMELINE 47 815 241749987958900 2142700
LATENCY 2096300
TIMELINE 47 831 241750021975800 2096300
LATENCY 2107500
TIMELINE 47 847 241750055728600 2107500
LATENCY 2135700
TIMELINE 47 863 241750115267900 2135700
LATENCY 2154900
TIMELINE 47 879 241750149816500 2154900
LATENCY 2134600
TIMELINE 47 895 241750185098300 2134600
LATENCY 2240000
TIMELINE 47 911 241750220307900 2240000
LATENCY 2325400
TIMELINE 47 927 241750256718100 2325400
LATENCY 2331500
TIMELINE 47 943 241750292744000 2331500
LATENCY 2132700
TIMELINE 47 959 241750327487300 2132700
LATENCY 2157100
TIMELINE 47 975 241750361126500 2157100
LATENCY 2131100
TIMELINE 47 991 241750403570200 2131100
LATENCY 2143800
TIMELINE 47 1007 241750437358300 2143800
LATENCY 2081500
TIMELINE 47 1023 241750471185700 2081500
LATENCY 2087300
TIMELINE 47 1039 241750504954600 2087300
LATENCY 2317900
TIMELINE 47 1055 241750538828600 2317900
LATENCY 2189300
TIMELINE 47 1071 241750573835200 2189300
LATENCY 2116400
TIMELINE 47 1087 241750608031000 2116400
LATENCY 2258700
TIMELINE 47 1103 241750646805900 2258700
LATENCY 2116400
TIMELINE 47 1119 241750682025500 2116400
LATENCY 2107000
TIMELINE 47 1135 241750715910600 2107000
LATENCY 2123200
TIMELINE 47 1151 241750750419900 2123200
LATENCY 2106200
TIMELINE 47 1167 241750784137400 2106200
LATENCY 2173100
TIMELINE 47 1183 241750817905500 2173100
LATENCY 2133700
TIMELINE 47 1199 241750852978400 2133700
LATENCY 2297700
TIMELINE 47 1215 241750888357900 2297700
LATENCY 2182600
TIMELINE 47 1231 241750928841000 2182600
LATENCY 2280000
TIMELINE 47 1247 241750964911900 2280000
LATENCY 2189600
TIMELINE 47 1263 241751000591500 2189600
LATENCY 2104700
TIMELINE 47 1279 241751037150900 2104700
LATENCY 2345600
TIMELINE 47 1295 241751072566300 2345600
LATENCY 2736800
TIMELINE 47 1311 241751108910000 2736800
LATENCY 3001100
TIMELINE 47 1327 241751155126400 3001100
LATENCY 3045600
TIMELINE 47 1343 241751208281500 3045600
LATENCY 3038200
TIMELINE 47 1359 241751256235900 3038200
LATENCY 2826700
TIMELINE 47 1375 241751302309800 2826700
LATENCY 2582700
TIMELINE 47 1391 241751346227600 2582700
LATENCY 2972400
TIMELINE 47 1407 241751392747700 2972400
LATENCY 2958300
TIMELINE 47 1423 241751439948900 2958300
LATENCY 2634200
TIMELINE 47 1439 241751485788200 2634200
LATENCY 2827600
TIMELINE 47 1455 241751531260300 2827600
LATENCY 2961500
TIMELINE 47 1471 241751582824000 2961500
LATENCY 2740400
TIMELINE 47 1487 241751628756400 2740400
LATENCY 2745800
TIMELINE 47 1503 241751672406500 2745800
LATENCY 3027400
TIMELINE 47 1519 241751716188300 3027400
LATENCY 2991500
TIMELINE 47 1535 241751762455200 2991500
LATENCY 2696500
TIMELINE 47 1551 241751807304000 2696500
LATENCY 2913600
TIMELINE 47 1567 241751855415600 2913600
LATENCY 2938900
TIMELINE 47 1583 241751915525900 2938900
LATENCY 2925300
TIMELINE 47 1599 241751962751900 2925300
LATENCY 2745100
TIMELINE 47 1615 241752009531200 2745100
LATENCY 3038400
TIMELINE 47 1631 241752057312200 3038400
LATENCY 2959200
TIMELINE 47 1647 241752104649500 2959200
LATENCY 2948400
TIMELINE 47 1663 241752148797900 2948400
LATENCY 2684900
TIMELINE 47 1679 241752198354500 2684900
LATENCY 2967400
TIMELINE 47 1695 241752241814100 2967400
LATENCY 2932500
TIMELINE 47 1711 241752293198800 2932500
LATENCY 2947500
TIMELINE 47 1727 241752342488200 2947500
LATENCY 2930200
TIMELINE 47 1743 241752388645500 2930200
LATENCY 2998700
TIMELINE 47 1759 241752435693600 2998700
LATENCY 2813900
TIMELINE 47 1775 241752483500000 2813900
LATENCY 2782500
TIMELINE 47 1791 241752528754200 2782500
LATENCY 2683700
TIMELINE 47 1807 241752577264800 2683700
LATENCY 2716300
TIMELINE 47 1823 241752625164200 2716300
LATENCY 2734000
TIMELINE 47 1839 241752668909200 2734000
LATENCY 2947600
TIMELINE 47 1855 241752714581700 2947600
LATENCY 2977600
TIMELINE 47 1871 241752762850700 2977600
LATENCY 3138000
TIMELINE 47 1887 241752808319400 3138000
LATENCY 2969200
TIMELINE 47 1903 241752856210000 2969200
LATENCY 3279000
TIMELINE 47 1919 241752909272600 3279000
LATENCY 3455800
TIMELINE 47 1935 241752966834600 3455800
LATENCY 3228700
TIMELINE 47 1951 241753019658300 3228700
LATENCY 2876000
TIMELINE 47 1967 241753070437400 2876000
LATENCY 2740900
TIMELINE 47 1983 241753113889000 2740900
LATENCY 2822800
TIMELINE 47 1999 241753158435800 2822800
LATENCY 2922100
TIMELINE 47 2015 241753202160500 2922100
LATENCY 2782000
TIMELINE 47 2031 241753247218100 2782000
LATENCY 2675700
TIMELINE 47 2047 241753295607900 2675700
LATENCY 8053200
TIMELINE 48 0 241748145351200 8053200
LATENCY 2788600
TIMELINE 48 16 241748195765200 2788600
LATENCY 2338000
TIMELINE 48 32 241748233093300 2338000
LATENCY 2287900
TIMELINE 48 48 241748269844000 2287900
LATENCY 2309100
TIMELINE 48 64 241748306590400 2309100
LATENCY 2317700
TIMELINE 48 80 241748344838200 2317700
LATENCY 2334000
TIMELINE 48 96 241748382350300 2334000
LATENCY 2280200
TIMELINE 48 112 241748426515500 2280200
LATENCY 2206700
TIMELINE 48 128 241748462039100 2206700
LATENCY 2259200
TIMELINE 48 144 241748497531500 2259200
LATENCY 2486800
TIMELINE 48 160 241748534489900 2486800
LATENCY 2126800
TIMELINE 48 176 241748569861700 2126800
LATENCY 2318200
TIMELINE 48 192 241748606085300 2318200
LATENCY 2173600
TIMELINE 48 208 241748641285300 2173600
LATENCY 2130200
TIMELINE 48 224 241748675483900 2130200
LATENCY 2095900
TIMELINE 48 240 241748716456000 2095900
LATENCY 2107300
TIMELINE 48 256 241748751071500 2107300
LATENCY 2148600
TIMELINE 48 272 241748786249900 2148600
LATENCY 2169700
TIMELINE 48 288 241748820817400 2169700
LATENCY 2154500
TIMELINE 48 304 241748855286100 2154500
LATENCY 2106800
TIMELINE 48 320 241748889032600 2106800
LATENCY 2152700
TIMELINE 48 336 241748923035200 2152700
LATENCY 2083900
TIMELINE 48 352 241748956695900 2083900
LATENCY 2121300
TIMELINE 48 368 241748997767200 2121300
LATENCY 2228400
TIMELINE 48 384 241749033852800 2228400
LATENCY 2158800
TIMELINE 48 400 241749068863100 2158800
LATENCY 2136800
TIMELINE 48 416 241749104451700 2136800
LATENCY 2242500
TIMELINE 48 432 241749138807500 2242500
LATENCY 2139700
TIMELINE 48 448 241749173517200 2139700
LATENCY 2161100
TIMELINE 48 464 241749209481300 2161100
LATENCY 2134200
TIMELINE 48 480 241749243477600 2134200
LATENCY 2098100
TIMELINE 48 496 241749284419500 2098100
LATENCY 2130900
TIMELINE 48 512 241749318334200 2130900
LATENCY 2111400
TIMELINE 48 528 241749352085500 2111400
LATENCY 2100000
TIMELINE 48 544 241749386085800 2100000
LATENCY 2160100
TIMELINE 48 560 241749420904500 2160100
LATENCY 2181900
TIMELINE 48 576 241749456620800 2181900
LATENCY 2230700
TIMELINE 48 592 241749491344400 2230700
LATENCY 2136800
TIMELINE 48 608 241749526245000 2136800
LATENCY 2358800
TIMELINE 48 624 241749567752100 2358800
LATENCY 2205200
TIMELINE 48 640 241749604219500 2205200
LATENCY 2123000
TIMELINE 48 656 241749638048700 2123000
LATENCY 2103500
TIMELINE 48 672 241749671800900 2103500
LATENCY 2088600
TIMELINE 48 688 241749705440700 2088600
LATENCY 2096300
TIMELINE 48 704 241749739306500 2096300
LATENCY 2150600
TIMELINE 48 720 241749773471500 2150600
LATENCY 2061800
TIMELINE 48 736 241749807614800 2061800
LATENCY 2177600
TIMELINE 48 752 241749850600000 2177600
LATENCY 2141600
TIMELINE 48 768 241749884656200 2141600
LATENCY 2206900
TIMELINE 48 784 241749920446600 2206900
LATENCY 2126100
TIMELINE 48 800 241749955718200 2126100
LATENCY 2154300
TIMELINE 48 816 241749990633500 2154300
LATENCY 2088400
TIMELINE 48 832 241750024618800 2088400
LATENCY 2112700
TIMELINE 48 848 241750058409500 2112700
LATENCY 2131100
TIMELINE 48 864 241750117971100 2131100
LATENCY 2172200
TIMELINE 48 880 241750152581200 2172200
LATENCY 2368000
TIMELINE 48 896 241750187609300 2368000
LATENCY 2141800
TIMELINE 48 912 241750222923600 2141800
LATENCY 2374600
TIMELINE 48 928 241750258253500 2374600
LATENCY 2189000
TIMELINE 48 944 241750294146500 2189000
LATENCY 2133700
TIMELINE 48 960 241750328552300 2133700
LATENCY 2148400
TIMELINE 48 976 241750362223500 2148400
LATENCY 2149400
TIMELINE 48 992 241750404741500 2149400
LATENCY 2141200
TIMELINE 48 1008 241750438579300 2141200
LATENCY 2100200
TIMELINE 48 1024 241750472382700 2100200
LATENCY 2107700
TIMELINE 48 1040 241750506164400 2107700
LATENCY 2234900
TIMELINE 48 1056 241750540066600 2234900
LATENCY 2128300
TIMELINE 48 1072 241750574851800 2128300
LATENCY 2124100
TIMELINE 48 1088 241750609030500 2124100
LATENCY 2217400
TIMELINE 48 1104 241750647889700 2217400
LATENCY 2130300
TIMELINE 48 1120 241750682879200 2130300
LATENCY 2109700
TIMELINE 48 1136 241750716771700 2109700
LATENCY 2110300
TIMELINE 48 1152 241750751315400 2110300
LATENCY 2103400
TIMELINE 48 1168 241750784964300 2103400
LATENCY 2178300
TIMELINE 48 1184 241750818765800 2178300
LATENCY 2145400
TIMELINE 48 1200 241750853758700 2145400
LATENCY 2293800
TIMELINE 48 1216 241750889495100 2293800
LATENCY 2190100
TIMELINE 48 1232 241750930118100 2190100
LATENCY 2244600
TIMELINE 48 1248 241750966264800 2244600
LATENCY 2164000
TIMELINE 48 1264 241751001883600 2164000
LATENCY 2121400
TIMELINE 48 1280 241751038337900 2121400
LATENCY 2362900
TIMELINE 48 1296 241751073278300 2362900
LATENCY 2715100
TIMELINE 48 1312 241751109844500 2715100
LATENCY 3012000
TIMELINE 48 1328 241751156107600 3012000
LATENCY 3010100
TIMELINE 48 1344 241751209296100 3010100
LATENCY 3059900
TIMELINE 48 1360 241751257309500 3059900
LATENCY 2835800
TIMELINE 48 1376 241751303342300 2835800
LATENCY 2530400
TIMELINE 48 1392 241751347203300 2530400
LATENCY 2949800
TIMELINE 48 1408 241751393832300 2949800
LATENCY 2960300
TIMELINE 48 1424 241751441023400 2960300
LATENCY 2653700
TIMELINE 48 1440 241751486740900 2653700
LATENCY 2715400
TIMELINE 48 1456 241751532390100 2715400
LATENCY 2953100
TIMELINE 48 1472 241751583974300 2953100
LATENCY 2734200
TIMELINE 48 1488 241751630239000 2734200
LATENCY 2766100
TIMELINE 48 1504 241751673883500 2766100
LATENCY 3080200
TIMELINE 48 1520 241751717646800 3080200
LATENCY 2968400
TIMELINE 48 1536 241751764074800 2968400
LATENCY 2718600
TIMELINE 48 1552 241751808777900 2718600
LATENCY 2872900
TIMELINE 48 1568 241751857023400 2872900
LATENCY 2899700
TIMELINE 48 1584 241751917183300 2899700
LATENCY 2920000
TIMELINE 48 1600 241751964378200 2920000
LATENCY 2750000
TIMELINE 48 1616 241752011004500 2750000
LATENCY 3002900
TIMELINE 48 1632 241752058906700 3002900
LATENCY 2948100
TIMELINE 48 1648 241752106248400 2948100
LATENCY 2609300
TIMELINE 48 1664 241752150504300 2609300
LATENCY 2705600
TIMELINE 48 1680 241752199740600 2705600
LATENCY 2942000
TIMELINE 48 1696 241752243353200 2942000
LATENCY 2955800
TIMELINE 48 1712 241752294696300 2955800
LATENCY 2939800
TIMELINE 48 1728 241752344002200 2939800
LATENCY 2907700
TIMELINE 48 1744 241752390149500 2907700
LATENCY 3002000
TIMELINE 48 1760 241752437386900 3002000
LATENCY 2821200
TIMELINE 48 1776 241752485116800 2821200
LATENCY 2820500
TIMELINE 48 1792 241752530350500 2820500
LATENCY 2702400
TIMELINE 48 1808 241752578832300 2702400
LATENCY 2705400
TIMELINE 48 1824 241752626763700 2705400
LATENCY 2695400
TIMELINE 48 1840 241752670508800 2695400
LATENCY 2916000
TIMELINE 48 1856 241752716096100 2916000
LATENCY 2957900
TIMELINE 48 1872 241752764371300 2957900
LATENCY 3233400
TIMELINE 48 1888 241752809880700 3233400
LATENCY 3028500
TIMELINE 48 1904 241752857763000 3028500
LATENCY 3252500
TIMELINE 48 1920 241752911161200 3252500
LATENCY 3270500
TIMELINE 48 1936 241752968811300 3270500
LATENCY 3385900
TIMELINE 48 1952 241753021503700 3385900
LATENCY 2849800
TIMELINE 48 1968 241753072034700 2849800
LATENCY 2746200
TIMELINE 48 1984 241753115421400 2746200
LATENCY 2780900
TIMELINE 48 2000 241753160054400 2780900
LATENCY 2906800
TIMELINE 48 2016 241753203807600 2906800
LATENCY 3027800
TIMELINE 48 2032 241753248838100 3027800
LATENCY 3345600
TIMELINE 49 1 241748153445900 3345600
LATENCY 2411300
TIMELINE 49 17 241748198635100 2411300
LATENCY 2346200
TIMELINE 49 33 241748235499600 2346200
LATENCY 2298800
TIMELINE 49 49 241748272096700 2298800
LATENCY 2383900
TIMELINE 49 65 241748308869700 2383900
LATENCY 2335500
TIMELINE 49 81 241748347092900 2335500
LATENCY 2324200
TIMELINE 49 97 241748384562200 2324200
LATENCY 2226500
TIMELINE 49 113 241748428644400 2226500
LATENCY 2138800
TIMELINE 49 129 241748464071200 2138800
LATENCY 2306200
TIMELINE 49 145 241748499635400 2306200
LATENCY 2193300
TIMELINE 49 161 241748536743200 2193300
LATENCY 2141000
TIMELINE 49 177 241748571782200 2141000
LATENCY 2334400
TIMELINE 49 193 241748608127000 2334400
LATENCY 2119200
TIMELINE 49 209 241748643077300 2119200
LATENCY 2231800
TIMELINE 49 225 241748677343000 2231800
LATENCY 2128200
TIMELINE 49 241 241748718255400 2128200
LATENCY 2130500
TIMELINE 49 257 241748752880900 2130500
LATENCY 2155000
TIMELINE 49 273 241748787987100 2155000
LATENCY 2229400
TIMELINE 49 289 241748822589300 2229400
LATENCY 2154500
TIMELINE 49 305 241748857168200 2154500
LATENCY 2076000
TIMELINE 49 321 241748890856800 2076000
LATENCY 2156600
TIMELINE 49 337 241748924837000 2156600
LATENCY 2224700
TIMELINE 49 353 241748958450500 2224700
LATENCY 2117600
TIMELINE 49 369 241748999614500 2117600
LATENCY 2276400
TIMELINE 49 385 241749035530200 2276400
LATENCY 2205000
TIMELINE 49 401 241749070449600 2205000
LATENCY 2139300
TIMELINE 49 417 241749105796200 2139300
LATENCY 2177900
TIMELINE 49 433 241749140173100 2177900
LATENCY 2150800
TIMELINE 49 449 241749174683800 2150800
LATENCY 2127900
TIMELINE 49 465 241749210768900 2127900
LATENCY 2112600
TIMELINE 49 481 241749244757800 2112600
LATENCY 2117800
TIMELINE 49 497 241749285677600 2117800
LATENCY 2135400
TIMELINE 49 513 241749319584700 2135400
LATENCY 2125400
TIMELINE 49 529 241749353343700 2125400
LATENCY 2125700
TIMELINE 49 545 241749387331100 2125700
LATENCY 2210800
TIMELINE 49 561 241749422050600 2210800
LATENCY 2220600
TIMELINE 49 577 241749458023100 2220600
LATENCY 2157100
TIMELINE 49 593 241749492745000 2157100
LATENCY 2118300
TIMELINE 49 609 241749527573600 2118300
LATENCY 2220500
TIMELINE 49 625 241749569254400 2220500
LATENCY 2087900
TIMELINE 49 641 241749605545200 2087900
LATENCY 2004600
TIMELINE 49 657 241749639291100 2004600
LATENCY 2072900
TIMELINE 49 673 241749672914000 2072900
LATENCY 2110000
TIMELINE 49 689 241749706540500 2110000
LATENCY 2097500
TIMELINE 49 705 241749740409400 2097500
LATENCY 2171600
TIMELINE 49 721 241749774584500 2171600
LATENCY 2044500
TIMELINE 49 737 241749808730400 2044500
LATENCY 2181200
TIMELINE 49 753 241749851697500 2181200
LATENCY 2143900
TIMELINE 49 769 241749885807300 2143900
LATENCY 2183000
TIMELINE 49 785 241749921631900 2183000
LATENCY 2120100
TIMELINE 49 801 241749956857200 2120100
LATENCY 2126200
TIMELINE 49 817 241749991718100 2126200
LATENCY 2063400
TIMELINE 49 833 241750025675500 2063400
LATENCY 1996500
TIMELINE 49 849 241750059451100 1996500
LATENCY 2153100
TIMELINE 49 865 241750118741900 2153100
LATENCY 2112200
TIMELINE 49 881 241750153519100 2112200
LATENCY 2370500
TIMELINE 49 897 241750188414700 2370500
LATENCY 2135400
TIMELINE 49 913 241750223816500 2135400
LATENCY 2294200
TIMELINE 49 929 241750259772400 2294200
LATENCY 2111400
TIMELINE 49 945 241750295547700 2111400
LATENCY 2115700
TIMELINE 49 961 241750329914500 2115700
LATENCY 2109000
TIMELINE 49 977 241750363590900 2109000
LATENCY 2130100
TIMELINE 49 993 241750406018800 2130100
LATENCY 2107800
TIMELINE 49 1009 241750439861000 2107800
LATENCY 2102500
TIMELINE 49 1025 241750473707000 2102500
LATENCY 2088400
TIMELINE 49 1041 241750507500800 2088400
LATENCY 2285000
TIMELINE 49 1057 241750541180400 2285000
LATENCY 2160800
TIMELINE 49 1073 241750575863200 2160800
LATENCY 2126100
TIMELINE 49 1089 241750609945400 2126100
LATENCY 2156300
TIMELINE 49 1105 241750648853600 2156300
LATENCY 2129000
TIMELINE 49 1121 241750683852700 2129000
LATENCY 2119700
TIMELINE 49 1137 241750717729800 2119700
LATENCY 2083400
TIMELINE 49 1153 241750752234300 2083400
LATENCY 2084500
TIMELINE 49 1169 241750785893500 2084500
LATENCY 2145600
TIMELINE 49 1185 241750819741000 2145600
LATENCY 2231400
TIMELINE 49 1201 241750854740600 2231400
LATENCY 2271100
TIMELINE 49 1217 241750890454900 2271100
LATENCY 2180500
TIMELINE 49 1233 241750930965500 2180500
LATENCY 2274200
TIMELINE 49 1249 241750967100600 2274200
LATENCY 2213900
TIMELINE 49 1265 241751002697500 2213900
LATENCY 2243800
TIMELINE 49 1281 241751039118900 2243800
LATENCY 2397700
TIMELINE 49 1297 241751074162700 2397700
LATENCY 2743500
TIMELINE 49 1313 241751110924900 2743500
LATENCY 2948100
TIMELINE 49 1329 241751157408500 2948100
LATENCY 3011800
TIMELINE 49 1345 241751210606700 3011800
LATENCY 3097900
TIMELINE 49 1361 241751258672700 3097900
LATENCY 2793400
TIMELINE 49 1377 241751304603100 2793400
LATENCY 2587500
TIMELINE 49 1393 241751348249300 2587500
LATENCY 2953200
TIMELINE 49 1409 241751395009900 2953200
LATENCY 2955700
TIMELINE 49 1425 241751442204000 2955700
LATENCY 2643500
TIMELINE 49 1441 241751487775200 2643500
LATENCY 2701700
TIMELINE 49 1457 241751533491500 2701700
LATENCY 2959200
TIMELINE 49 1473 241751585289300 2959200
LATENCY 2793000
TIMELINE 49 1489 241751632159000 2793000
LATENCY 2820600
TIMELINE 49 1505 241751675881800 2820600
LATENCY 2759600
TIMELINE 49 1521 241751719901000 2759600
LATENCY 2909700
TIMELINE 49 1537 241751766207900 2909700
LATENCY 2949800
TIMELINE 49 1553 241751810701900 2949800
LATENCY 2912900
TIMELINE 49 1569 241751859077400 2912900
LATENCY 3070800
TIMELINE 49 1585 241751919202700 3070800
LATENCY 2955900
TIMELINE 49 1601 241751966412500 2955900
LATENCY 2985500
TIMELINE 49 1617 241752013083100 2985500
LATENCY 3075400
TIMELINE 49 1633 241752064050700 3075400
LATENCY 3119300
TIMELINE 49 1649 241752111374700 3119300
LATENCY 2921600
TIMELINE 49 1665 241752155115300 2921600
LATENCY 2700800
TIMELINE 49 1681 241752204496200 2700800
LATENCY 2932900
TIMELINE 49 1697 241752253192800 2932900
LATENCY 2932900
TIMELINE 49 1713 241752299888500 2932900
LATENCY 2930500
TIMELINE 49 1729 241752349221600 2930500
LATENCY 2975400
TIMELINE 49 1745 241752395369300 2975400
LATENCY 3064500
TIMELINE 49 1761 241752442539000 3064500
LATENCY 2981400
TIMELINE 49 1777 241752489886200 2981400
LATENCY 3806900
TIMELINE 49 1793 241752535292500 3806900
LATENCY 2793500
TIMELINE 49 1809 241752583434500 2793500
LATENCY 2754400
TIMELINE 49 1825 241752631331400 2754400
LATENCY 2739600
TIMELINE 49 1841 241752675067800 2739600
LATENCY 2959100
TIMELINE 49 1857 241752720985800 2959100
LATENCY 2933100
TIMELINE 49 1873 241752769258700 2933100
LATENCY 2693500
TIMELINE 49 1889 241752814808100 2693500
LATENCY 3014500
TIMELINE 49 1905 241752862695200 3014500
LATENCY 3324000
TIMELINE 49 1921 241752916469700 3324000
LATENCY 3355200
TIMELINE 49 1937 241752974096000 3355200
LATENCY 3239800
TIMELINE 49 1953 241753026975700 3239800
LATENCY 2833800
TIMELINE 49 1969 241753076633900 2833800
LATENCY 3117300
TIMELINE 49 1985 241753120043100 3117300
LATENCY 2705300
TIMELINE 49 2001 241753164533900 2705300
LATENCY 2880100
TIMELINE 49 2017 241753208497600 2880100
LATENCY 2751100
TIMELINE 49 2033 241753253795800 2751100
LATENCY 2485400
TIMELINE 50 2 241748156836500 2485400
LATENCY 2364600
TIMELINE 50 18 241748201016900 2364600
LATENCY 2261000
TIMELINE 50 34 241748237935500 2261000
LATENCY 2265000
TIMELINE 50 50 241748274589500 2265000
LATENCY 2383400
TIMELINE 50 66 241748311463500 2383400
LATENCY 2313000
TIMELINE 50 82 241748349659900 2313000
LATENCY 2302500
TIMELINE 50 98 241748387197200 2302500
LATENCY 2159000
TIMELINE 50 114 241748431102500 2159000
LATENCY 2160700
TIMELINE 50 130 241748466446700 2160700
LATENCY 2308300
TIMELINE 50 146 241748502139400 2308300
LATENCY 2598600
TIMELINE 50 162 241748539169800 2598600
LATENCY 2147700
TIMELINE 50 178 241748574155100 2147700
LATENCY 2249300
TIMELINE 50 194 241748610794700 2249300
LATENCY 2100600
TIMELINE 50 210 241748645537600 2100600
LATENCY 2240500
TIMELINE 50 226 241748679892200 2240500
LATENCY 2174400
TIMELINE 50 242 241748720707200 2174400
LATENCY 2394000
TIMELINE 50 258 241748755313900 2394000
LATENCY 2155100
TIMELINE 50 274 241748790285600 2155100
LATENCY 2161300
TIMELINE 50 290 241748824882600 2161300
LATENCY 2142000
TIMELINE 50 306 241748859382800 2142000
LATENCY 2098500
TIMELINE 50 322 241748893024600 2098500
LATENCY 2133200
TIMELINE 50 338 241748927084400 2133200
LATENCY 2164600
TIMELINE 50 354 241748960775900 2164600
LATENCY 2424100
TIMELINE 50 370 241749001705300 2424100
LATENCY 2314100
TIMELINE 50 386 241749037848100 2314100
LATENCY 2135000
TIMELINE 50 402 241749072718700 2135000
LATENCY 2093400
TIMELINE 50 418 241749108027500 2093400
LATENCY 2153000
TIMELINE 50 434 241749142472700 2153000
LATENCY 2160700
TIMELINE 50 450 241749176981300 2160700
LATENCY 2092200
TIMELINE 50 466 241749212980700 2092200
LATENCY 2109300
TIMELINE 50 482 241749246964000 2109300
LATENCY 2156900
TIMELINE 50 498 241749287883100 2156900
LATENCY 2098600
TIMELINE 50 514 241749321810600 2098600
LATENCY 2077500
TIMELINE 50 530 241749355560800 2077500
LATENCY 2133700
TIMELINE 50 546 241749389543600 2133700
LATENCY 2156600
TIMELINE 50 562 241749424293100 2156600
LATENCY 2265800
TIMELINE 50 578 241749460086300 2265800
LATENCY 2164800
TIMELINE 50 594 241749494767800 2164800
LATENCY 2135000
TIMELINE 50 610 241749529534600 2135000
LATENCY 2359400
TIMELINE 50 626 241749571341100 2359400
LATENCY 2124400
TIMELINE 50 642 241749607549700 2124400
LATENCY 2093300
TIMELINE 50 658 241749641158500 2093300
LATENCY 2116600
TIMELINE 50 674 241749674881700 2116600
LATENCY 2110400
TIMELINE 50 690 241749708533500 2110400
LATENCY 2180800
TIMELINE 50 706 241749742399300 2180800
LATENCY 2119300
TIMELINE 50 722 241749776672800 2119300
LATENCY 1999900
TIMELINE 50 738 241749810696600 1999900
LATENCY 2165500
TIMELINE 50 754 241749853683800 2165500
LATENCY 2205500
TIMELINE 50 770 241749887835900 2205500
LATENCY 2163400
TIMELINE 50 786 241749923677200 2163400
LATENCY 2172000
TIMELINE 50 802 241749958867000 2172000
LATENCY 2127400
TIMELINE 50 818 241749993617700 2127400
LATENCY 2086100
TIMELINE 50 834 241750027592500 2086100
LATENCY 16609900
TIMELINE 50 850 241750061317300 16609900
LATENCY 2226900
TIMELINE 50 866 241750121226100 2226900
LATENCY 2158300
TIMELINE 50 882 241750155813300 2158300
LATENCY 2149800
TIMELINE 50 898 241750191049600 2149800
LATENCY 2151400
TIMELINE 50 914 241750226184000 2151400
LATENCY 2178200
TIMELINE 50 930 241750262009000 2178200
LATENCY 2188100
TIMELINE 50 946 241750297599400 2188100
LATENCY 2106900
TIMELINE 50 962 241750331974300 2106900
LATENCY 2110000
TIMELINE 50 978 241750365644100 2110000
LATENCY 2115900
TIMELINE 50 994 241750408233500 2115900
LATENCY 2143300
TIMELINE 50 1010 241750442059900 2143300
LATENCY 2154500
TIMELINE 50 1026 241750475662500 2154500
LATENCY 2098500
TIMELINE 50 1042 241750509413900 2098500
LATENCY 2254500
TIMELINE 50 1058 241750543622200 2254500
LATENCY 2122500
TIMELINE 50 1074 241750578284900 2122500
LATENCY 2149800
TIMELINE 50 1090 241750612419800 2149800
LATENCY 2134700
TIMELINE 50 1106 241750651373400 2134700
LATENCY 2116400
TIMELINE 50 1122 241750686392200 2116400
LATENCY 2123800
TIMELINE 50 1138 241750720261100 2123800
LATENCY 2163900
TIMELINE 50 1154 241750754821400 2163900
LATENCY 2082700
TIMELINE 50 1170 241750788454000 2082700
LATENCY 2109500
TIMELINE 50 1186 241750822317100 2109500
LATENCY 2246500
TIMELINE 50 1202 241750857465600 2246500
LATENCY 2248600
TIMELINE 50 1218 241750893121300 2248600
LATENCY 2190600
TIMELINE 50 1234 241750933483600 2190600
LATENCY 2166700
TIMELINE 50 1250 241750969809200 2166700
LATENCY 2339300
TIMELINE 50 1266 241751005310900 2339300
LATENCY 2194400
TIMELINE 50 1282 241751041873300 2194400
LATENCY 2234400
TIMELINE 50 1298 241751076912600 2234400
LATENCY 2741900
TIMELINE 50 1314 241751114099100 2741900
LATENCY 3013400
TIMELINE 50 1330 241751160757200 3013400
LATENCY 3041100
TIMELINE 50 1346 241751213997700 3041100
LATENCY 3074700
TIMELINE 50 1362 241751262042600 3074700
LATENCY 2868000
TIMELINE 50 1378 241751307713700 2868000
LATENCY 2581000
TIMELINE 50 1394 241751351162400 2581000
LATENCY 2995700
TIMELINE 50 1410 241751398419300 2995700
LATENCY 2904600
TIMELINE 50 1426 241751445610400 2904600
LATENCY 2612300
TIMELINE 50 1442 241751490811900 2612300
LATENCY 7620000
TIMELINE 50 1458 241751536673300 7620000
LATENCY 2948900
TIMELINE 50 1474 241751588781300 2948900
LATENCY 2718400
TIMELINE 50 1490 241751634728400 2718400
LATENCY 2754400
TIMELINE 50 1506 241751678456400 2754400
LATENCY 2756900
TIMELINE 50 1522 241751722434800 2756900
LATENCY 2914800
TIMELINE 50 1538 241751768869300 2914800
LATENCY 2790600
TIMELINE 50 1554 241751813399000 2790600
LATENCY 2896700
TIMELINE 50 1570 241751861738600 2896700
LATENCY 2936300
TIMELINE 50 1586 241751922060200 2936300
LATENCY 3016400
TIMELINE 50 1602 241751969164400 3016400
LATENCY 2633100
TIMELINE 50 1618 241752015824600 2633100
LATENCY 3083900
TIMELINE 50 1634 241752062332800 3083900
LATENCY 3230800
TIMELINE 50 1650 241752109607500 3230800
LATENCY 2649900
TIMELINE 50 1666 241752153509900 2649900
LATENCY 2687400
TIMELINE 50 1682 241752202860200 2687400
LATENCY 7543200
TIMELINE 50 1698 241752246733900 7543200
LATENCY 2913300
TIMELINE 50 1714 241752298141300 2913300
LATENCY 2933700
TIMELINE 50 1730 241752347398300 2933700
LATENCY 3055000
TIMELINE 50 1746 241752393496700 3055000
LATENCY 3053100
TIMELINE 50 1762 241752440727000 3053100
LATENCY 2867800
TIMELINE 50 1778 241752488253500 2867800
LATENCY 3021200
TIMELINE 50 1794 241752533510700 3021200
LATENCY 2767900
TIMELINE 50 1810 241752581839100 2767900
LATENCY 2709500
TIMELINE 50 1826 241752629774800 2709500
LATENCY 2716700
TIMELINE 50 1842 241752673493800 2716700
LATENCY 2970800
TIMELINE 50 1858 241752719357600 2970800
LATENCY 2927600
TIMELINE 50 1874 241752767652600 2927600
LATENCY 2709400
TIMELINE 50 1890 241752813349400 2709400
LATENCY 3014300
TIMELINE 50 1906 241752861044100 3014300
LATENCY 3346300
TIMELINE 50 1922 241752914685600 3346300
LATENCY 3301800
TIMELINE 50 1938 241752972332700 3301800
LATENCY 3368000
TIMELINE 50 1954 241753025170300 3368000
LATENCY 2785900
TIMELINE 50 1970 241753075112900 2785900
LATENCY 3036000
TIMELINE 50 1986 241753118396600 3036000
LATENCY 2710400
TIMELINE 50 2002 241753163030500 2710400
LATENCY 2886100
TIMELINE 50 2018 241753206905700 2886100
LATENCY 2759100
TIMELINE 50 2034 241753252056400 2759100
LATENCY 2449200
TIMELINE 51 3 241748159382100 2449200
LATENCY 2310900
TIMELINE 51 19 241748203480100 2310900
LATENCY 2245000
TIMELINE 51 35 241748240359500 2245000
LATENCY 2287600
TIMELINE 51 51 241748276945700 2287600
LATENCY 2193800
TIMELINE 51 67 241748313947800 2193800
LATENCY 2248500
TIMELINE 51 83 241748352041300 2248500
LATENCY 2353100
TIMELINE 51 99 241748389631500 2353100
LATENCY 2225900
TIMELINE 51 115 241748433492000 2225900
LATENCY 2159300
TIMELINE 51 131 241748468878300 2159300
LATENCY 2174100
TIMELINE 51 147 241748504798900 2174100
LATENCY 2144300
TIMELINE 51 163 241748542104100 2144300
LATENCY 2203600
TIMELINE 51 179 241748576596800 2203600
LATENCY 2181500
TIMELINE 51 195 241748613364800 2181500
LATENCY 2112600
TIMELINE 51 211 241748647950000 2112600
LATENCY 2146800
TIMELINE 51 227 241748682369600 2146800
LATENCY 2106000
TIMELINE 51 243 241748723126900 2106000
LATENCY 2531700
TIMELINE 51 259 241748758007600 2531700
LATENCY 2275100
TIMELINE 51 275 241748792827900 2275100
LATENCY 2144400
TIMELINE 51 291 241748827414900 2144400
LATENCY 2160000
TIMELINE 51 307 241748861910500 2160000
LATENCY 2070100
TIMELINE 51 323 241748895490900 2070100
LATENCY 2090600
TIMELINE 51 339 241748929540300 2090600
LATENCY 2049700
TIMELINE 51 355 241748963256800 2049700
LATENCY 2259600
TIMELINE 51 371 241749004837800 2259600
LATENCY 2308300
TIMELINE 51 387 241749040590400 2308300
LATENCY 2079900
TIMELINE 51 403 241749075254800 2079900
LATENCY 2137900
TIMELINE 51 419 241749110713400 2137900
LATENCY 2149300
TIMELINE 51 435 241749145254000 2149300
LATENCY 2293300
TIMELINE 51 451 241749179899000 2293300
LATENCY 2105600
TIMELINE 51 467 241749215597400 2105600
LATENCY 2120700
TIMELINE 51 483 241749249593200 2120700
LATENCY 2165800
TIMELINE 51 499 241749290540900 2165800
LATENCY 2117300
TIMELINE 51 515 241749324495000 2117300
LATENCY 2095500
TIMELINE 51 531 241749358198600 2095500
LATENCY 2109900
TIMELINE 51 547 241749392252300 2109900
LATENCY 2159100
TIMELINE 51 563 241749427051900 2159100
LATENCY 2188500
TIMELINE 51 579 241749462953600 2188500
LATENCY 2076500
TIMELINE 51 595 241749497551100 2076500
LATENCY 2126600
TIMELINE 51 611 241749532261700 2126600
LATENCY 2142200
TIMELINE 51 627 241749574393200 2142200
LATENCY 2098300
TIMELINE 51 643 241749610291500 2098300
LATENCY 2110200
TIMELINE 51 659 241749643927300 2110200
LATENCY 2084600
TIMELINE 51 675 241749677702100 2084600
LATENCY 2090500
TIMELINE 51 691 241749711353100 2090500
LATENCY 2136400
TIMELINE 51 707 241749745400400 2136400
LATENCY 2121100
TIMELINE 51 723 241749779542600 2121100
LATENCY 2565100
TIMELINE 51 739 241749813402700 2565100
LATENCY 2092800
TIMELINE 51 755 241749856532200 2092800
LATENCY 2155000
TIMELINE 51 771 241749890573700 2155000
LATENCY 2158000
TIMELINE 51 787 241749926359800 2158000
LATENCY 2139700
TIMELINE 51 803 241749961551300 2139700
LATENCY 2184700
TIMELINE 51 819 241749996281900 2184700
LATENCY 2088500
TIMELINE 51 835 241750030322400 2088500
LATENCY 3597300
TIMELINE 51 851 241750077847200 3597300
LATENCY 2392000
TIMELINE 51 867 241750123582300 2392000
LATENCY 2075600
TIMELINE 51 883 241750158112500 2075600
LATENCY 2129300
TIMELINE 51 899 241750193397700 2129300
LATENCY 2220700
TIMELINE 51 915 241750228533100 2220700
LATENCY 2222100
TIMELINE 51 931 241750264367200 2222100
LATENCY 2189600
TIMELINE 51 947 241750299882200 2189600
LATENCY 2048100
TIMELINE 51 963 241750334203900 2048100
LATENCY 2079200
TIMELINE 51 979 241750367877700 2079200
LATENCY 2136300
TIMELINE 51 995 241750410382600 2136300
LATENCY 2093600
TIMELINE 51 1011 241750444237100 2093600
LATENCY 2114400
TIMELINE 51 1027 241750477932900 2114400
LATENCY 2129700
TIMELINE 51 1043 241750511627300 2129700
LATENCY 2160900
TIMELINE 51 1059 241750546200800 2160900
LATENCY 2304700
TIMELINE 51 1075 241750580733000 2304700
LATENCY 2137700
TIMELINE 51 1091 241750614852200 2137700
LATENCY 2114200
TIMELINE 51 1107 241750653817300 2114200
LATENCY 2115100
TIMELINE 51 1123 241750688543000 2115100
LATENCY 2127200
TIMELINE 51 1139 241750722418200 2127200
LATENCY 2104000
TIMELINE 51 1155 241750757044100 2104000
LATENCY 2114400
TIMELINE 51 1171 241750790627600 2114400
LATENCY 2090600
TIMELINE 51 1187 241750824540200 2090600
LATENCY 2303200
TIMELINE 51 1203 241750859832200 2303200
LATENCY 7312800
TIMELINE 51 1219 241750895564700 7312800
LATENCY 2267000
TIMELINE 51 1235 241750935889400 2267000
LATENCY 2175100
TIMELINE 51 1251 241750972100100 2175100
LATENCY 3245200
TIMELINE 51 1267 241751007834800 3245200
LATENCY 2176500
TIMELINE 51 1283 241751044238500 2176500
LATENCY 2225900
TIMELINE 51 1299 241751079182500 2225900
LATENCY 2795300
TIMELINE 51 1315 241751116883400 2795300
LATENCY 3068200
TIMELINE 51 1331 241751163811200 3068200
LATENCY 3032000
TIMELINE 51 1347 241751217088200 3032000
LATENCY 2806700
TIMELINE 51 1363 241751265287900 2806700
LATENCY 2850700
TIMELINE 51 1379 241751310623600 2850700
LATENCY 2597300
TIMELINE 51 1395 241751353668900 2597300
LATENCY 2962400
TIMELINE 51 1411 241751401167500 2962400
LATENCY 2942700
TIMELINE 51 1427 241751448271900 2942700
LATENCY 2617400
TIMELINE 51 1443 241751493188900 2617400
LATENCY 7886400
TIMELINE 51 1459 241751539123300 7886400
LATENCY 3037700
TIMELINE 51 1475 241751591355500 3037700
LATENCY 2766000
TIMELINE 51 1491 241751637375700 2766000
LATENCY 2679800
TIMELINE 51 1507 241751681126800 2679800
LATENCY 2754900
TIMELINE 51 1523 241751725117800 2754900
LATENCY 2919100
TIMELINE 51 1539 241751771701400 2919100
LATENCY 3328900
TIMELINE 51 1555 241751816116700 3328900
LATENCY 2911000
TIMELINE 51 1571 241751864553300 2911000
LATENCY 2927200
TIMELINE 51 1587 241751924914000 2927200
LATENCY 2896700
TIMELINE 51 1603 241751972099900 2896700
LATENCY 4674600
TIMELINE 51 1619 241752018249800 4674600
LATENCY 2952900
TIMELINE 51 1635 241752067083000 2952900
LATENCY 2722800
TIMELINE 51 1651 241752114370500 2722800
LATENCY 3033400
TIMELINE 51 1667 241752157719000 3033400
LATENCY 2692600
TIMELINE 51 1683 241752206899100 2692600
LATENCY 2946500
TIMELINE 51 1699 241752255790300 2946500
LATENCY 2910100
TIMELINE 51 1715 241752302504100 2910100
LATENCY 2913900
TIMELINE 51 1731 241752351821100 2913900
LATENCY 2958000
TIMELINE 51 1747 241752398045700 2958000
LATENCY 2994100
TIMELINE 51 1763 241752445308600 2994100
LATENCY 2812500
TIMELINE 51 1779 241752492599300 2812500
LATENCY 6720300
TIMELINE 51 1795 241752538186800 6720300
LATENCY 2753100
TIMELINE 51 1811 241752585957600 2753100
LATENCY 2675200
TIMELINE 51 1827 241752633825000 2675200
LATENCY 2731800
TIMELINE 51 1843 241752677536200 2731800
LATENCY 2963000
TIMELINE 51 1859 241752723494200 2963000
LATENCY 2950000
TIMELINE 51 1875 241752771747700 2950000
LATENCY 2698200
TIMELINE 51 1891 241752817111800 2698200
LATENCY 3015700
TIMELINE 51 1907 241752865253800 3015700
LATENCY 3356200
TIMELINE 51 1923 241752919305500 3356200
LATENCY 3303100
TIMELINE 51 1939 241752976988500 3303100
LATENCY 3196600
TIMELINE 51 1955 241753029728700 3196600
LATENCY 2733300
TIMELINE 51 1971 241753079020300 2733300
LATENCY 2859000
TIMELINE 51 1987 241753122636400 2859000
LATENCY 2800700
TIMELINE 51 2003 241753166780000 2800700
LATENCY 2828200
TIMELINE 51 2019 241753210911800 2828200
LATENCY 2799800
TIMELINE 51 2035 241753255889000 2799800
LATENCY 2457900
TIMELINE 52 4 241748161871800 2457900
LATENCY 2271400
TIMELINE 52 20 241748205860800 2271400
LATENCY 2255800
TIMELINE 52 36 241748242478300 2255800
LATENCY 2408000
TIMELINE 52 52 241748279084400 2408000
LATENCY 2454800
TIMELINE 52 68 241748316017200 2454800
LATENCY 2362400
TIMELINE 52 84 241748354114100 2362400
LATENCY 2425800
TIMELINE 52 100 241748391858800 2425800
LATENCY 2188300
TIMELINE 52 116 241748435620200 2188300
LATENCY 2144600
TIMELINE 52 132 241748470893000 2144600
LATENCY 2176100
TIMELINE 52 148 241748506647700 2176100
LATENCY 2151900
TIMELINE 52 164 241748543990500 2151900
LATENCY 2296600
TIMELINE 52 180 241748578558700 2296600
LATENCY 2146500
TIMELINE 52 196 241748615332800 2146500
LATENCY 2096900
TIMELINE 52 212 241748649868800 2096900
LATENCY 2239200
TIMELINE 52 228 241748684409300 2239200
LATENCY 2082500
TIMELINE 52 244 241748725175400 2082500
LATENCY 2213500
TIMELINE 52 260 241748760426800 2213500
LATENCY 2094600
TIMELINE 52 276 241748795043700 2094600
LATENCY 2184000
TIMELINE 52 292 241748829492200 2184000
LATENCY 2089900
TIMELINE 52 308 241748864015800 2089900
LATENCY 2128100
TIMELINE 52 324 241748897510300 2128100
LATENCY 2150600
TIMELINE 52 340 241748931546300 2150600
LATENCY 2122800
TIMELINE 52 356 241748965226100 2122800
LATENCY 2179500
TIMELINE 52 372 241749006806100 2179500
LATENCY 2202300
TIMELINE 52 388 241749042597900 2202300
LATENCY 2130500
TIMELINE 52 404 241749077043300 2130500
LATENCY 2097600
TIMELINE 52 420 241749112451400 2097600
LATENCY 2230500
TIMELINE 52 436 241749146939300 2230500
LATENCY 2206600
TIMELINE 52 452 241749181728600 2206600
LATENCY 2146300
TIMELINE 52 468 241749217247000 2146300
LATENCY 2111200
TIMELINE 52 484 241749251250500 2111200
LATENCY 2103900
TIMELINE 52 500 241749292220100 2103900
LATENCY 2080600
TIMELINE 52 516 241749326146700 2080600
LATENCY 2112300
TIMELINE 52 532 241749359835400 2112300
LATENCY 2115700
TIMELINE 52 548 241749393921700 2115700
LATENCY 2169000
TIMELINE 52 564 241749428717100 2169000
LATENCY 2119100
TIMELINE 52 580 241749464603800 2119100
LATENCY 2091900
TIMELINE 52 596 241749499086900 2091900
LATENCY 2135500
TIMELINE 52 612 241749533826900 2135500
LATENCY 2141300
TIMELINE 52 628 241749575965900 2141300
LATENCY 2108900
TIMELINE 52 644 241749611816300 2108900
LATENCY 2141100
TIMELINE 52 660 241749645312600 2141100
LATENCY 2114400
TIMELINE 52 676 241749679046500 2114400
LATENCY 2283500
TIMELINE 52 692 241749712710400 2283500
LATENCY 2067100
TIMELINE 52 708 241749746785500 2067100
LATENCY 2090600
TIMELINE 52 724 241749780873400 2090600
LATENCY 2726800
TIMELINE 52 740 241749814854700 2726800
LATENCY 2085900
TIMELINE 52 756 241749857876100 2085900
LATENCY 2095100
TIMELINE 52 772 241749892007100 2095100
LATENCY 2211200
TIMELINE 52 788 241749927868200 2211200
LATENCY 2201300
TIMELINE 52 804 241749963067500 2201300
LATENCY 2152600
TIMELINE 52 820 241749997852800 2152600
LATENCY 2086800
TIMELINE 52 836 241750031825000 2086800
LATENCY 2209100
TIMELINE 52 852 241750082838000 2209100
LATENCY 2138800
TIMELINE 52 868 241750126703800 2138800
LATENCY 2103100
TIMELINE 52 884 241750160878900 2103100
LATENCY 2144900
TIMELINE 52 900 241750196259100 2144900
LATENCY 2132000
TIMELINE 52 916 241750231685500 2132000
LATENCY 2338300
TIMELINE 52 932 241750267662500 2338300
LATENCY 2214700
TIMELINE 52 948 241750303043800 2214700
LATENCY 2090100
TIMELINE 52 964 241750337173100 2090100
LATENCY 2607200
TIMELINE 52 980 241750378467700 2607200
LATENCY 2122400
TIMELINE 52 996 241750413551000 2122400
LATENCY 2096100
TIMELINE 52 1012 241750447353100 2096100
LATENCY 2122800
TIMELINE 52 1028 241750481120500 2122800
LATENCY 2117800
TIMELINE 52 1044 241750514867200 2117800
LATENCY 2155800
TIMELINE 52 1060 241750549330200 2155800
LATENCY 2113600
TIMELINE 52 1076 241750584010500 2113600
LATENCY 2184400
TIMELINE 52 1092 241750618135200 2184400
LATENCY 2399900
TIMELINE 52 1108 241750657079000 2399900
LATENCY 2118800
TIMELINE 52 1124 241750692157000 2118800
LATENCY 2207900
TIMELINE 52 1140 241750726198600 2207900
LATENCY 2114200
TIMELINE 52 1156 241750760645800 2114200
LATENCY 2083900
TIMELINE 52 1172 241750794209800 2083900
LATENCY 2098600
TIMELINE 52 1188 241750828094400 2098600
LATENCY 2158800
TIMELINE 52 1204 241750863662600 2158800
LATENCY 2196200
TIMELINE 52 1220 241750904485400 2196200
LATENCY 2155100
TIMELINE 52 1236 241750939821300 2155100
LATENCY 2267800
TIMELINE 52 1252 241750975941800 2267800
LATENCY 2307700
TIMELINE 52 1268 241751012972200 2307700
LATENCY 2158800
TIMELINE 52 1284 241751047933600 2158800
LATENCY 2262800
TIMELINE 52 1300 241751083179300 2262800
LATENCY 2769700
TIMELINE 52 1316 241751122036600 2769700
LATENCY 3007700
TIMELINE 52 1332 241751169262500 3007700
LATENCY 3021000
TIMELINE 52 1348 241751222466300 3021000
LATENCY 2789900
TIMELINE 52 1364 241751270491100 2789900
LATENCY 2922500
TIMELINE 52 1380 241751315943500 2922500
LATENCY 3235200
TIMELINE 52 1396 241751358689100 3235200
LATENCY 2801800
TIMELINE 52 1412 241751406829100 2801800
LATENCY 2890200
TIMELINE 52 1428 241751453919600 2890200
LATENCY 2847500
TIMELINE 52 1444 241751498368000 2847500
LATENCY 2648200
TIMELINE 52 1460 241751549839300 2648200
LATENCY 2929900
TIMELINE 52 1476 241751597023500 2929900
LATENCY 2735100
TIMELINE 52 1492 241751642598800 2735100
LATENCY 2720200
TIMELINE 52 1508 241751686285100 2720200
LATENCY 2741400
TIMELINE 52 1524 241751730468200 2741400
LATENCY 2716700
TIMELINE 52 1540 241751777228000 2716700
LATENCY 2730000
TIMELINE 52 1556 241751824094700 2730000
LATENCY 2883000
TIMELINE 52 1572 241751870082700 2883000
LATENCY 2930000
TIMELINE 52 1588 241751930504200 2930000
LATENCY 2917200
TIMELINE 52 1604 241751977673000 2917200
LATENCY 2727600
TIMELINE 52 1620 241752023661500 2727600
LATENCY 2967000
TIMELINE 52 1636 241752070816400 2967000
LATENCY 2669000
TIMELINE 52 1652 241752117774400 2669000
LATENCY 2881200
TIMELINE 52 1668 241752161550500 2881200
LATENCY 2680200
TIMELINE 52 1684 241752210444500 2680200
LATENCY 2897000
TIMELINE 52 1700 241752259612700 2897000
LATENCY 2926400
TIMELINE 52 1716 241752306301400 2926400
LATENCY 2887700
TIMELINE 52 1732 241752355591800 2887700
LATENCY 3002900
TIMELINE 52 1748 241752401904700 3002900
LATENCY 2997800
TIMELINE 52 1764 241752449122800 2997800
LATENCY 2818100
TIMELINE 52 1780 241752496180300 2818100
LATENCY 2697000
TIMELINE 52 1796 241752545639700 2697000
LATENCY 2701200
TIMELINE 52 1812 241752589408800 2701200
LATENCY 2734600
TIMELINE 52 1828 241752637213600 2734600
LATENCY 2694400
TIMELINE 52 1844 241752680972800 2694400
LATENCY 3016300
TIMELINE 52 1860 241752727605200 3016300
LATENCY 2962400
TIMELINE 52 1876 241752775741900 2962400
LATENCY 3096400
TIMELINE 52 1892 241752820946700 3096400
LATENCY 3378400
TIMELINE 52 1908 241752870011800 3378400
LATENCY 3399200
TIMELINE 52 1924 241752924125800 3399200
LATENCY 3290400
TIMELINE 52 1940 241752981726200 3290400
LATENCY 3210400
TIMELINE 52 1956 241753034373800 3210400
LATENCY 2592600
TIMELINE 52 1972 241753082920700 2592600
LATENCY 2623800
TIMELINE 52 1988 241753126658700 2623800
LATENCY 2738500
TIMELINE 52 2004 241753170758800 2738500
LATENCY 2772100
TIMELINE 52 2020 241753214960500 2772100
LATENCY 3083000
TIMELINE 52 2036 241753259804500 3083000
LATENCY 4156300
TIMELINE 53 5 241748164367100 4156300
LATENCY 2296200
TIMELINE 53 21 241748208296200 2296200
LATENCY 2263400
TIMELINE 53 37 241748244921900 2263400
LATENCY 2269600
TIMELINE 53 53 241748281773700 2269600
LATENCY 2396400
TIMELINE 53 69 241748318726000 2396400
LATENCY 2391600
TIMELINE 53 85 241748356606600 2391600
LATENCY 2309400
TIMELINE 53 101 241748394252500 2309400
LATENCY 2197700
TIMELINE 53 117 241748437747500 2197700
LATENCY 2129300
TIMELINE 53 133 241748473102400 2129300
LATENCY 2191600
TIMELINE 53 149 241748509064700 2191600
LATENCY 2160300
TIMELINE 53 165 241748546353800 2160300
LATENCY 2185900
TIMELINE 53 181 241748581015700 2185900
LATENCY 2160700
TIMELINE 53 197 241748617569900 2160700
LATENCY 2109500
TIMELINE 53 213 241748652059900 2109500
LATENCY 2217500
TIMELINE 53 229 241748687043300 2217500
LATENCY 2116800
TIMELINE 53 245 241748727558900 2116800
LATENCY 2213700
TIMELINE 53 261 241748762812200 2213700
LATENCY 2164400
TIMELINE 53 277 241748797259300 2164400
LATENCY 2125400
TIMELINE 53 293 241748831824700 2125400
LATENCY 2165400
TIMELINE 53 309 241748866250400 2165400
LATENCY 2051000
TIMELINE 53 325 241748899723700 2051000
LATENCY 2121100
TIMELINE 53 341 241748933815600 2121100
LATENCY 2117700
TIMELINE 53 357 241748967470500 2117700
LATENCY 2262800
TIMELINE 53 373 241749009438500 2262800
LATENCY 2176000
TIMELINE 53 389 241749045313500 2176000
LATENCY 2114200
TIMELINE 53 405 241749079613200 2114200
LATENCY 2180300
TIMELINE 53 421 241749114852700 2180300
LATENCY 2139000
TIMELINE 53 437 241749149568500 2139000
LATENCY 2165000
TIMELINE 53 453 241749184385300 2165000
LATENCY 2098100
TIMELINE 53 469 241749219880700 2098100
LATENCY 2110600
TIMELINE 53 485 241749253861600 2110600
LATENCY 2088600
TIMELINE 53 501 241749294780700 2088600
LATENCY 2134400
TIMELINE 53 517 241749328659900 2134400
LATENCY 2134900
TIMELINE 53 533 241749362357000 2134900
LATENCY 2156200
TIMELINE 53 549 241749396402000 2156200
LATENCY 2195000
TIMELINE 53 565 241749431525200 2195000
LATENCY 2153800
TIMELINE 53 581 241749467262200 2153800
LATENCY 2158700
TIMELINE 53 597 241749501783800 2158700
LATENCY 2111500
TIMELINE 53 613 241749536579100 2111500
LATENCY 2223400
TIMELINE 53 629 241749578665900 2223400
LATENCY 2090600
TIMELINE 53 645 241749614445700 2090600
LATENCY 2103900
TIMELINE 53 661 241749648120400 2103900
LATENCY 2106100
TIMELINE 53 677 241749681865200 2106100
LATENCY 2069200
TIMELINE 53 693 241749715690900 2069200
LATENCY 2126000
TIMELINE 53 709 241749749543100 2126000
LATENCY 2111500
TIMELINE 53 725 241749783670200 2111500
LATENCY 9258800
TIMELINE 53 741 241749818438600 9258800
LATENCY 2127800
TIMELINE 53 757 241749860757600 2127800
LATENCY 2161800
TIMELINE 53 773 241749894887900 2161800
LATENCY 2164900
TIMELINE 53 789 241749930703800 2164900
LATENCY 2182800
TIMELINE 53 805 241749965897400 2182800
LATENCY 2216700
TIMELINE 53 821 241750000538800 2216700
LATENCY 2085900
TIMELINE 53 837 241750034440300 2085900
LATENCY 2303600
TIMELINE 53 853 241750084079800 2303600
LATENCY 2051000
TIMELINE 53 869 241750127767200 2051000
LATENCY 2067900
TIMELINE 53 885 241750161906900 2067900
LATENCY 2134500
TIMELINE 53 901 241750197066800 2134500
LATENCY 2139400
TIMELINE 53 917 241750232174800 2139400
LATENCY 2223800
TIMELINE 53 933 241750268522400 2223800
LATENCY 2242200
TIMELINE 53 949 241750303780200 2242200
LATENCY 2082300
TIMELINE 53 965 241750337894800 2082300
LATENCY 2411000
TIMELINE 53 981 241750379521700 2411000
LATENCY 2133400
TIMELINE 53 997 241750414292200 2133400
LATENCY 2071600
TIMELINE 53 1013 241750448108300 2071600
LATENCY 2112600
TIMELINE 53 1029 241750481813100 2112600
LATENCY 2124800
TIMELINE 53 1045 241750515440000 2124800
LATENCY 2164500
TIMELINE 53 1061 241750549973900 2164500
LATENCY 2119700
TIMELINE 53 1077 241750584551700 2119700
LATENCY 2195000
TIMELINE 53 1093 241750618461500 2195000
LATENCY 2925100
TIMELINE 53 1109 241750657407800 2925100
LATENCY 2111200
TIMELINE 53 1125 241750692886100 2111200
LATENCY 2147800
TIMELINE 53 1141 241750726926300 2147800
LATENCY 2116700
TIMELINE 53 1157 241750761275500 2116700
LATENCY 2095600
TIMELINE 53 1173 241750794810400 2095600
LATENCY 2101000
TIMELINE 53 1189 241750828688900 2101000
LATENCY 2149400
TIMELINE 53 1205 241750864283700 2149400
LATENCY 2133800
TIMELINE 53 1221 241750905176400 2133800
LATENCY 2139900
TIMELINE 53 1237 241750940359500 2139900
LATENCY 2291500
TIMELINE 53 1253 241750976566400 2291500
LATENCY 2243400
TIMELINE 53 1269 241751013709800 2243400
LATENCY 2163400
TIMELINE 53 1285 241751048561900 2163400
LATENCY 2352500
TIMELINE 53 1301 241751084002900 2352500
LATENCY 2782200
TIMELINE 53 1317 241751123116600 2782200
LATENCY 3035400
TIMELINE 53 1333 241751170531400 3035400
LATENCY 3000300
TIMELINE 53 1349 241751223761500 3000300
LATENCY 2799500
TIMELINE 53 1365 241751271415400 2799500
LATENCY 3141500
TIMELINE 53 1381 241751316873400 3141500
LATENCY 3056200
TIMELINE 53 1397 241751359919700 3056200
LATENCY 2814300
TIMELINE 53 1413 241751407907000 2814300
LATENCY 2882400
TIMELINE 53 1429 241751455026500 2882400
LATENCY 2646200
TIMELINE 53 1445 241751499488500 2646200
LATENCY 2623800
TIMELINE 53 1461 241751550825900 2623800
LATENCY 2938400
TIMELINE 53 1477 241751598142400 2938400
LATENCY 2717000
TIMELINE 53 1493 241751643408400 2717000
LATENCY 2707300
TIMELINE 53 1509 241751687095700 2707300
LATENCY 2733500
TIMELINE 53 1525 241751731274500 2733500
LATENCY 2705300
TIMELINE 53 1541 241751778067700 2705300
LATENCY 2665100
TIMELINE 53 1557 241751825015800 2665100
LATENCY 2906100
TIMELINE 53 1573 241751871028900 2906100
LATENCY 2919900
TIMELINE 53 1589 241751931459200 2919900
LATENCY 2924700
TIMELINE 53 1605 241751978622200 2924700
LATENCY 2606000
TIMELINE 53 1621 241752026653600 2606000
LATENCY 2904900
TIMELINE 53 1637 241752074118100 2904900
LATENCY 2701100
TIMELINE 53 1653 241752120782800 2701100
LATENCY 2946400
TIMELINE 53 1669 241752164760200 2946400
LATENCY 2682700
TIMELINE 53 1685 241752213420200 2682700
LATENCY 2916300
TIMELINE 53 1701 241752262837600 2916300
LATENCY 2914800
TIMELINE 53 1717 241752309558800 2914800
LATENCY 2917700
TIMELINE 53 1733 241752358808400 2917700
LATENCY 2799300
TIMELINE 53 1749 241752405209500 2799300
LATENCY 3010600
TIMELINE 53 1765 241752452550900 3010600
LATENCY 2809600
TIMELINE 53 1781 241752499399300 2809600
LATENCY 2733000
TIMELINE 53 1797 241752548673900 2733000
LATENCY 2717600
TIMELINE 53 1813 241752592469800 2717600
LATENCY 2720500
TIMELINE 53 1829 241752640305800 2720500
LATENCY 2758700
TIMELINE 53 1845 241752684053500 2758700
LATENCY 2932900
TIMELINE 53 1861 241752730960500 2932900
LATENCY 2961900
TIMELINE 53 1877 241752779078900 2961900
LATENCY 3030800
TIMELINE 53 1893 241752824388300 3030800
LATENCY 3450500
TIMELINE 53 1909 241752873627300 3450500
LATENCY 3592600
TIMELINE 53 1925 241752927722700 3592600
LATENCY 3303900
TIMELINE 53 1941 241752985190600 3303900
LATENCY 3216400
TIMELINE 53 1957 241753037758000 3216400
LATENCY 2650300
TIMELINE 53 1973 241753085660700 2650300
LATENCY 2694700
TIMELINE 53 1989 241753129424900 2694700
LATENCY 2727300
TIMELINE 53 2005 241753173656900 2727300
LATENCY 2752900
TIMELINE 53 2021 241753217882200 2752900
LATENCY 2981200
TIMELINE 53 2037 241753264534400 2981200
LATENCY 3805200
TIMELINE 54 6 241748168566700 3805200
LATENCY 2377700
TIMELINE 54 22 241748210560100 2377700
LATENCY 2238100
TIMELINE 54 38 241748247069200 2238100
LATENCY 2353100
TIMELINE 54 54 241748283861400 2353100
LATENCY 2350600
TIMELINE 54 70 241748321022800 2350600
LATENCY 2246300
TIMELINE 54 86 241748359094500 2246300
LATENCY 2321600
TIMELINE 54 102 241748396700400 2321600
LATENCY 2199800
TIMELINE 54 118 241748439981600 2199800
LATENCY 2144400
TIMELINE 54 134 241748475203100 2144400
LATENCY 2185100
TIMELINE 54 150 241748511320500 2185100
LATENCY 2176700
TIMELINE 54 166 241748548600400 2176700
LATENCY 2181500
TIMELINE 54 182 241748583326700 2181500
LATENCY 2169500
TIMELINE 54 198 241748619901500 2169500
LATENCY 2076900
TIMELINE 54 214 241748654342300 2076900
LATENCY 2134800
TIMELINE 54 230 241748689172000 2134800
LATENCY 2096300
TIMELINE 54 246 241748729586300 2096300
LATENCY 2225600
TIMELINE 54 262 241748764994000 2225600
LATENCY 2082100
TIMELINE 54 278 241748799614500 2082100
LATENCY 2129400
TIMELINE 54 294 241748834072800 2129400
LATENCY 2154100
TIMELINE 54 310 241748868611900 2154100
LATENCY 2059400
TIMELINE 54 326 241748901983200 2059400
LATENCY 2112100
TIMELINE 54 342 241748936149900 2112100
LATENCY 2073500
TIMELINE 54 358 241748969795000 2073500
LATENCY 2225000
TIMELINE 54 374 241749011646800 2225000
LATENCY 2157500
TIMELINE 54 390 241749047430800 2157500
LATENCY 2098500
TIMELINE 54 406 241749081700700 2098500
LATENCY 2189900
TIMELINE 54 422 241749117095000 2189900
LATENCY 2156200
TIMELINE 54 438 241749151649800 2156200
LATENCY 2495300
TIMELINE 54 454 241749186436900 2495300
LATENCY 2101700
TIMELINE 54 470 241749221870100 2101700
LATENCY 2076500
TIMELINE 54 486 241749255860000 2076500
LATENCY 2124200
TIMELINE 54 502 241749296842100 2124200
LATENCY 2082900
TIMELINE 54 518 241749330764400 2082900
LATENCY 2108200
TIMELINE 54 534 241749364464500 2108200
LATENCY 2100500
TIMELINE 54 550 241749398591600 2100500
LATENCY 2219700
TIMELINE 54 566 241749433629400 2219700
LATENCY 2145600
TIMELINE 54 582 241749469332000 2145600
LATENCY 2218200
TIMELINE 54 598 241749503796800 2218200
LATENCY 2159200
TIMELINE 54 614 241749538547300 2159200
LATENCY 2248500
TIMELINE 54 630 241749580828300 2248500
LATENCY 2121200
TIMELINE 54 646 241749616478900 2121200
LATENCY 2112900
TIMELINE 54 662 241749650114700 2112900
LATENCY 2099200
TIMELINE 54 678 241749683844500 2099200
LATENCY 2094400
TIMELINE 54 694 241749717645000 2094400
LATENCY 2086100
TIMELINE 54 710 241749751582800 2086100
LATENCY 2132100
TIMELINE 54 726 241749785700900 2132100
LATENCY 2276300
TIMELINE 54 742 241749827442700 2276300
LATENCY 2104000
TIMELINE 54 758 241749862536300 2104000
LATENCY 2175000
TIMELINE 54 774 241749896727600 2175000
LATENCY 2183300
TIMELINE 54 790 241749932718800 2183300
LATENCY 2182100
TIMELINE 54 806 241749967985300 2182100
LATENCY 2190500
TIMELINE 54 822 241750002547300 2190500
LATENCY 2111400
TIMELINE 54 838 241750036321500 2111400
LATENCY 2246600
TIMELINE 54 854 241750086513300 2246600
LATENCY 2106200
TIMELINE 54 870 241750129785000 2106200
LATENCY 2136500
TIMELINE 54 886 241750163939900 2136500
LATENCY 2139400
TIMELINE 54 902 241750199173700 2139400
LATENCY 2260000
TIMELINE 54 918 241750234229500 2260000
LATENCY 2230600
TIMELINE 54 934 241750270655300 2230600
LATENCY 2203200
TIMELINE 54 950 241750305812400 2203200
LATENCY 2133700
TIMELINE 54 966 241750339783100 2133700
LATENCY 2199500
TIMELINE 54 982 241750381691400 2199500
LATENCY 2134200
TIMELINE 54 998 241750416056600 2134200
LATENCY 2086200
TIMELINE 54 1014 241750449784100 2086200
LATENCY 2103500
TIMELINE 54 1030 241750483579300 2103500
LATENCY 2101000
TIMELINE 54 1046 241750517420400 2101000
LATENCY 2337500
TIMELINE 54 1062 241750551900600 2337500
LATENCY 2104700
TIMELINE 54 1078 241750586504800 2104700
LATENCY 2155400
TIMELINE 54 1094 241750620572600 2155400
LATENCY 2419100
TIMELINE 54 1110 241750659725300 2419100
LATENCY 2127000
TIMELINE 54 1126 241750694506000 2127000
LATENCY 2157500
TIMELINE 54 1142 241750728627900 2157500
LATENCY 2130200
TIMELINE 54 1158 241750762996100 2130200
LATENCY 2155400
TIMELINE 54 1174 241750796524800 2155400
LATENCY 2082600
TIMELINE 54 1190 241750830423100 2082600
LATENCY 2356000
TIMELINE 54 1206 241750866088000 2356000
LATENCY 2214000
TIMELINE 54 1222 241750907102500 2214000
LATENCY 2124900
TIMELINE 54 1238 241750942381900 2124900
LATENCY 2313700
TIMELINE 54 1254 241750978547300 2313700
LATENCY 2274800
TIMELINE 54 1270 241751015583800 2274800
LATENCY 2208700
TIMELINE 54 1286 241751050337900 2208700
LATENCY 2252700
TIMELINE 54 1302 241751085757900 2252700
LATENCY 2778300
TIMELINE 54 1318 241751125128400 2778300
LATENCY 3052100
TIMELINE 54 1334 241751172741800 3052100
LATENCY 3017800
TIMELINE 54 1350 241751225960900 3017800
LATENCY 2869900
TIMELINE 54 1366 241751273442700 2869900
LATENCY 3000700
TIMELINE 54 1382 241751319088400 3000700
LATENCY 2947900
TIMELINE 54 1398 241751362178400 2947900
LATENCY 2921000
TIMELINE 54 1414 241751409932800 2921000
LATENCY 2974000
TIMELINE 54 1430 241751457094300 2974000
LATENCY 2751600
TIMELINE 54 1446 241751501535100 2751600
LATENCY 2953500
TIMELINE 54 1462 241751552769800 2953500
LATENCY 2918100
TIMELINE 54 1478 241751600488300 2918100
LATENCY 2671900
TIMELINE 54 1494 241751645483200 2671900
LATENCY 2700800
TIMELINE 54 1510 241751689159100 2700800
LATENCY 2874600
TIMELINE 54 1526 241751733356600 2874600
LATENCY 2738200
TIMELINE 54 1542 241751780112500 2738200
LATENCY 2778100
TIMELINE 54 1558 241751827013500 2778100
LATENCY 2916100
TIMELINE 54 1574 241751873179600 2916100
LATENCY 2938100
TIMELINE 54 1590 241751933680900 2938100
LATENCY 2953900
TIMELINE 54 1606 241751980839300 2953900
LATENCY 2593800
TIMELINE 54 1622 241752027081200 2593800
LATENCY 2907500
TIMELINE 54 1638 241752074635300 2907500
LATENCY 2647100
TIMELINE 54 1654 241752121303000 2647100
LATENCY 2938200
TIMELINE 54 1670 241752165293800 2938200
LATENCY 2687500
TIMELINE 54 1686 241752213896800 2687500
LATENCY 2907900
TIMELINE 54 1702 241752263362000 2907900
LATENCY 2913000
TIMELINE 54 1718 241752310090100 2913000
LATENCY 2914700
TIMELINE 54 1734 241752359296100 2914700
LATENCY 2844200
TIMELINE 54 1750 241752405661500 2844200
LATENCY 3032800
TIMELINE 54 1766 241752453043000 3032800
LATENCY 2803600
TIMELINE 54 1782 241752499820300 2803600
LATENCY 2743700
TIMELINE 54 1798 241752549158200 2743700
LATENCY 2707400
TIMELINE 54 1814 241752592958600 2707400
LATENCY 2693800
TIMELINE 54 1830 241752640801200 2693800
LATENCY 2738100
TIMELINE 54 1846 241752684578100 2738100
LATENCY 2937900
TIMELINE 54 1862 241752731446700 2937900
LATENCY 2922200
TIMELINE 54 1878 241752779604800 2922200
LATENCY 3012300
TIMELINE 54 1894 241752824937200 3012300
LATENCY 3438100
TIMELINE 54 1910 241752874241000 3438100
LATENCY 3554700
TIMELINE 54 1926 241752928311100 3554700
LATENCY 3305500
TIMELINE 54 1942 241752985778500 3305500
LATENCY 3236600
TIMELINE 54 1958 241753038318100 3236600
LATENCY 2652700
TIMELINE 54 1974 241753086119100 2652700
LATENCY 2664700
TIMELINE 54 1990 241753129916500 2664700
LATENCY 2724900
TIMELINE 54 2006 241753174146100 2724900
LATENCY 2760400
TIMELINE 54 2022 241753218373200 2760400
LATENCY 2695200
TIMELINE 54 2038 241753265105100 2695200
LATENCY 3293600
TIMELINE 55 7 241748172465000 3293600
LATENCY 2318800
TIMELINE 55 23 241748212719800 2318800
LATENCY 2395000
TIMELINE 55 39 241748249160200 2395000
LATENCY 2353300
TIMELINE 55 55 241748286041300 2353300
LATENCY 2325900
TIMELINE 55 71 241748323137900 2325900
LATENCY 2375100
TIMELINE 55 87 241748361073000 2375100
LATENCY 2404200
TIMELINE 55 103 241748398629300 2404200
LATENCY 2249500
TIMELINE 55 119 241748441939900 2249500
LATENCY 2152900
TIMELINE 55 135 241748477057300 2152900
LATENCY 2146600
TIMELINE 55 151 241748513055700 2146600
LATENCY 2281000
TIMELINE 55 167 241748550158400 2281000
LATENCY 2177200
TIMELINE 55 183 241748584960700 2177200
LATENCY 2234100
TIMELINE 55 199 241748621129500 2234100
LATENCY 2083100
TIMELINE 55 215 241748655535600 2083100
LATENCY 2106100
TIMELINE 55 231 241748690534500 2106100
LATENCY 2119900
TIMELINE 55 247 241748730881000 2119900
LATENCY 2162900
TIMELINE 55 263 241748766402300 2162900
LATENCY 2078700
TIMELINE 55 279 241748800852900 2078700
LATENCY 2137900
TIMELINE 55 295 241748835279200 2137900
LATENCY 2130000
TIMELINE 55 311 241748869781700 2130000
LATENCY 2056000
TIMELINE 55 327 241748903107900 2056000
LATENCY 2130600
TIMELINE 55 343 241748937291900 2130600
LATENCY 2048400
TIMELINE 55 359 241748970933200 2048400
LATENCY 2229100
TIMELINE 55 375 241749012617900 2229100
LATENCY 2166000
TIMELINE 55 391 241749048370300 2166000
LATENCY 2348800
TIMELINE 55 407 241749082692500 2348800
LATENCY 2235300
TIMELINE 55 423 241749118118200 2235300
LATENCY 2136000
TIMELINE 55 439 241749152696600 2136000
LATENCY 2227300
TIMELINE 55 455 241749187698200 2227300
LATENCY 2116200
TIMELINE 55 471 241749222784900 2116200
LATENCY 2078100
TIMELINE 55 487 241749256770500 2078100
LATENCY 2171700
TIMELINE 55 503 241749297686900 2171700
LATENCY 2067600
TIMELINE 55 519 241749331600400 2067600
LATENCY 2284900
TIMELINE 55 535 241749365311100 2284900
LATENCY 2112400
TIMELINE 55 551 241749399399000 2112400
LATENCY 2262600
TIMELINE 55 567 241749434788200 2262600
LATENCY 2094700
TIMELINE 55 583 241749470474000 2094700
LATENCY 2294200
TIMELINE 55 599 241749504961600 2294200
LATENCY 2332400
TIMELINE 55 615 241749539684200 2332400
LATENCY 2303000
TIMELINE 55 631 241749581911900 2303000
LATENCY 2098200
TIMELINE 55 647 241749617592500 2098200
LATENCY 2103700
TIMELINE 55 663 241749651356700 2103700
LATENCY 2090000
TIMELINE 55 679 241749685087300 2090000
LATENCY 2086800
TIMELINE 55 695 241749718879400 2086800
LATENCY 2113600
TIMELINE 55 711 241749752787100 2113600
LATENCY 2152400
TIMELINE 55 727 241749786914500 2152400
LATENCY 2189300
TIMELINE 55 743 241749828860800 2189300
LATENCY 2065800
TIMELINE 55 759 241749863821500 2065800
LATENCY 2215100
TIMELINE 55 775 241749898096500 2215100
LATENCY 2244500
TIMELINE 55 791 241749933984900 2244500
LATENCY 2222900
TIMELINE 55 807 241749969349900 2222900
LATENCY 2132700
TIMELINE 55 823 241750003919200 2132700
LATENCY 2082700
TIMELINE 55 839 241750037667600 2082700
LATENCY 2108200
TIMELINE 55 855 241750088878400 2108200
LATENCY 2093400
TIMELINE 55 871 241750132064300 2093400
LATENCY 2090400
TIMELINE 55 887 241750166249300 2090400
LATENCY 2205500
TIMELINE 55 903 241750201435500 2205500
LATENCY 2153500
TIMELINE 55 919 241750236621400 2153500
LATENCY 2158900
TIMELINE 55 935 241750273215200 2158900
LATENCY 2188700
TIMELINE 55 951 241750308387100 2188700
LATENCY 2094900
TIMELINE 55 967 241750342285500 2094900
LATENCY 2218800
TIMELINE 55 983 241750384286800 2218800
LATENCY 2097400
TIMELINE 55 999 241750418606000 2097400
LATENCY 2108700
TIMELINE 55 1015 241750452319100 2108700
LATENCY 2125200
TIMELINE 55 1031 241750486221200 2125200
LATENCY 2098300
TIMELINE 55 1047 241750520072500 2098300
LATENCY 2156700
TIMELINE 55 1063 241750554623600 2156700
LATENCY 2098700
TIMELINE 55 1079 241750588947300 2098700
LATENCY 2057900
TIMELINE 55 1095 241750622844500 2057900
LATENCY 2176800
TIMELINE 55 1111 241750662596900 2176800
LATENCY 2111800
TIMELINE 55 1127 241750697043100 2111800
LATENCY 2112000
TIMELINE 55 1143 241750731255100 2112000
LATENCY 2087000
TIMELINE 55 1159 241750765470200 2087000
LATENCY 2117000
TIMELINE 55 1175 241750799030500 2117000
LATENCY 2066400
TIMELINE 55 1191 241750832811000 2066400
LATENCY 2103600
TIMELINE 55 1207 241750868741500 2103600
LATENCY 2148900
TIMELINE 55 1223 241750909357400 2148900
LATENCY 2259600
TIMELINE 55 1239 241750944451000 2259600
LATENCY 2179900
TIMELINE 55 1255 241750980831500 2179900
LATENCY 2296700
TIMELINE 55 1271 241751017924600 2296700
LATENCY 2203900
TIMELINE 55 1287 241751052644200 2203900
LATENCY 2189600
TIMELINE 55 1303 241751088167900 2189600
LATENCY 2746200
TIMELINE 55 1319 241751128148600 2746200
LATENCY 3028200
TIMELINE 55 1335 241751176053900 3028200
LATENCY 3025600
TIMELINE 55 1351 241751229243200 3025600
LATENCY 2970100
TIMELINE 55 1367 241751276771400 2970100
LATENCY 2771700
TIMELINE 55 1383 241751322369200 2771700
LATENCY 2976400
TIMELINE 55 1399 241751365469200 2976400
LATENCY 2923300
TIMELINE 55 1415 241751413187700 2923300
LATENCY 2913300
TIMELINE 55 1431 241751460399300 2913300
LATENCY 2951800
TIMELINE 55 1447 241751504584700 2951800
LATENCY 3023400
TIMELINE 55 1463 241751556073300 3023400
LATENCY 2583900
TIMELINE 55 1479 241751603439700 2583900
LATENCY 2732000
TIMELINE 55 1495 241751648043100 2732000
LATENCY 2694300
TIMELINE 55 1511 241751691746500 2694300
LATENCY 2860400
TIMELINE 55 1527 241751736122700 2860400
LATENCY 2743300
TIMELINE 55 1543 241751782738000 2743300
LATENCY 2835600
TIMELINE 55 1559 241751829668500 2835600
LATENCY 2954100
TIMELINE 55 1575 241751875970500 2954100
LATENCY 3026000
TIMELINE 55 1591 241751936498100 3026000
LATENCY 2719300
TIMELINE 55 1607 241751983667600 2719300
LATENCY 2760500
TIMELINE 55 1623 241752030215000 2760500
LATENCY 2938800
TIMELINE 55 1639 241752078068900 2938800
LATENCY 2682000
TIMELINE 55 1655 241752124438300 2682000
LATENCY 2904500
TIMELINE 55 1671 241752169384800 2904500
LATENCY 2711000
TIMELINE 55 1687 241752217603700 2711000
LATENCY 3005000
TIMELINE 55 1703 241752267423900 3005000
LATENCY 2948400
TIMELINE 55 1719 241752314153400 2948400
LATENCY 2906700
TIMELINE 55 1735 241752363384900 2906700
LATENCY 2804900
TIMELINE 55 1751 241752409683200 2804900
LATENCY 3017800
TIMELINE 55 1767 241752457255800 3017800
LATENCY 2790400
TIMELINE 55 1783 241752503745800 2790400
LATENCY 2729600
TIMELINE 55 1799 241752552967200 2729600
LATENCY 2753400
TIMELINE 55 1815 241752596780800 2753400
LATENCY 2710200
TIMELINE 55 1831 241752644596500 2710200
LATENCY 2732500
TIMELINE 55 1847 241752688407900 2732500
LATENCY 2938900
TIMELINE 55 1863 241752735675600 2938900
LATENCY 2900700
TIMELINE 55 1879 241752783784900 2900700
LATENCY 3003500
TIMELINE 55 1895 241752829194600 3003500
LATENCY 3216500
TIMELINE 55 1911 241752879043700 3216500
LATENCY 3384300
TIMELINE 55 1927 241752933220900 3384300
LATENCY 3406500
TIMELINE 55 1943 241752990404500 3406500
LATENCY 3204800
TIMELINE 55 1959 241753042913400 3204800
LATENCY 2590900
TIMELINE 55 1975 241753089888000 2590900
LATENCY 2602400
TIMELINE 55 1991 241753133668700 2602400
LATENCY 2771200
TIMELINE 55 2007 241753178052700 2771200
LATENCY 2783000
TIMELINE 55 2023 241753222292900 2783000
LATENCY 2770300
TIMELINE 55 2039 241753269134500 2770300
LATENCY 3102900
TIMELINE 56 8 241748175808600 3102900
LATENCY 2330500
TIMELINE 56 24 241748215246300 2330500
LATENCY 2239100
TIMELINE 56 40 241748251842600 2239100
LATENCY 2291100
TIMELINE 56 56 241748288565500 2291100
LATENCY 2402200
TIMELINE 56 72 241748325616900 2402200
LATENCY 2330100
TIMELINE 56 88 241748363735300 2330100
LATENCY 9758700
TIMELINE 56 104 241748401354200 9758700
LATENCY 2200600
TIMELINE 56 120 241748444494900 2200600
LATENCY 2168300
TIMELINE 56 136 241748479585500 2168300
LATENCY 2276000
TIMELINE 56 152 241748515622700 2276000
LATENCY 2187200
TIMELINE 56 168 241748552955900 2187200
LATENCY 2162300
TIMELINE 56 184 241748587713400 2162300
LATENCY 2187000
TIMELINE 56 200 241748624193600 2187000
LATENCY 2303100
TIMELINE 56 216 241748658417100 2303100
LATENCY 2079800
TIMELINE 56 232 241748693475700 2079800
LATENCY 2172200
TIMELINE 56 248 241748733838000 2172200
LATENCY 2159600
TIMELINE 56 264 241748769522800 2159600
LATENCY 2129300
TIMELINE 56 280 241748803834100 2129300
LATENCY 2128800
TIMELINE 56 296 241748838374500 2128800
LATENCY 2051300
TIMELINE 56 312 241748872779600 2051300
LATENCY 2117300
TIMELINE 56 328 241748905985600 2117300
LATENCY 2059500
TIMELINE 56 344 241748940245900 2059500
LATENCY 2392800
TIMELINE 56 360 241748973791000 2392800
LATENCY 2203800
TIMELINE 56 376 241749016284100 2203800
LATENCY 2222100
TIMELINE 56 392 241749051905000 2222100
LATENCY 2637900
TIMELINE 56 408 241749086294900 2637900
LATENCY 2139200
TIMELINE 56 424 241749121561100 2139200
LATENCY 2070200
TIMELINE 56 440 241749155988600 2070200
LATENCY 2371700
TIMELINE 56 456 241749191348900 2371700
LATENCY 2149300
TIMELINE 56 472 241749226112800 2149300
LATENCY 2121500
TIMELINE 56 488 241749260090400 2121500
LATENCY 2084200
TIMELINE 56 504 241749301046300 2084200
LATENCY 2105800
TIMELINE 56 520 241749334892300 2105800
LATENCY 2130800
TIMELINE 56 536 241749368828000 2130800
LATENCY 2119400
TIMELINE 56 552 241749402737500 2119400
LATENCY 2245400
TIMELINE 56 568 241749438001400 2245400
LATENCY 2157100
TIMELINE 56 584 241749473618100 2157100
LATENCY 2266700
TIMELINE 56 600 241749508435600 2266700
LATENCY 2215700
TIMELINE 56 616 241749542967700 2215700
LATENCY 2275000
TIMELINE 56 632 241749585293700 2275000
LATENCY 2095700
TIMELINE 56 648 241749620688700 2095700
LATENCY 2123000
TIMELINE 56 664 241749654387400 2123000
LATENCY 2143900
TIMELINE 56 680 241749688066200 2143900
LATENCY 2078800
TIMELINE 56 696 241749721865400 2078800
LATENCY 2234600
TIMELINE 56 712 241749755828100 2234600
LATENCY 2117200
TIMELINE 56 728 241749790020500 2117200
LATENCY 2176800
TIMELINE 56 744 241749832053500 2176800
LATENCY 2126200
TIMELINE 56 760 241749866833500 2126200
LATENCY 2141500
TIMELINE 56 776 241749901409700 2141500
LATENCY 2134500
TIMELINE 56 792 241749937146000 2134500
LATENCY 2180100
TIMELINE 56 808 241749972396900 2180100
LATENCY 2084200
TIMELINE 56 824 241750006875000 2084200
LATENCY 2059600
TIMELINE 56 840 241750040547500 2059600
LATENCY 2343500
TIMELINE 56 856 241750092020800 2343500
LATENCY 2064400
TIMELINE 56 872 241750135248300 2064400
LATENCY 2201000
TIMELINE 56 888 241750169422100 2201000
LATENCY 2387900
TIMELINE 56 904 241750204910900 2387900
LATENCY 2197000
TIMELINE 56 920 241750240195000 2197000
LATENCY 2181600
TIMELINE 56 936 241750276843100 2181600
LATENCY 2093200
TIMELINE 56 952 241750311937800 2093200
LATENCY 2134300
TIMELINE 56 968 241750345693500 2134300
LATENCY 2283000
TIMELINE 56 984 241750387991500 2283000
LATENCY 2085000
TIMELINE 56 1000 241750422155500 2085000
LATENCY 2076800
TIMELINE 56 1016 241750455880400 2076800
LATENCY 2124600
TIMELINE 56 1032 241750489739900 2124600
LATENCY 2112300
TIMELINE 56 1048 241750523419400 2112300
LATENCY 2150100
TIMELINE 56 1064 241750558256900 2150100
LATENCY 2143200
TIMELINE 56 1080 241750592663900 2143200
LATENCY 2128500
TIMELINE 56 1096 241750626540900 2128500
LATENCY 2208200
TIMELINE 56 1112 241750666216200 2208200
LATENCY 2125300
TIMELINE 56 1128 241750700519500 2125300
LATENCY 2175100
TIMELINE 56 1144 241750734804600 2175100
LATENCY 2139100
TIMELINE 56 1160 241750768922300 2139100
LATENCY 2127800
TIMELINE 56 1176 241750802555000 2127800
LATENCY 2217300
TIMELINE 56 1192 241750836268000 2217300
LATENCY 2196100
TIMELINE 56 1208 241750872256300 2196100
LATENCY 2182000
TIMELINE 56 1224 241750913121900 2182000
LATENCY 2381800
TIMELINE 56 1240 241750948509000 2381800
LATENCY 2245700
TIMELINE 56 1256 241750984659000 2245700
LATENCY 2203000
TIMELINE 56 1272 241751021878000 2203000
LATENCY 2126300
TIMELINE 56 1288 241751056502700 2126300
LATENCY 2246500
TIMELINE 56 1304 241751092041700 2246500
LATENCY 2781600
TIMELINE 56 1320 241751133028700 2781600
LATENCY 3218300
TIMELINE 56 1336 241751181292700 3218300
LATENCY 3022700
TIMELINE 56 1352 241751234477300 3022700
LATENCY 2789100
TIMELINE 56 1368 241751282078700 2789100
LATENCY 2558700
TIMELINE 56 1384 241751327459400 2558700
LATENCY 3214000
TIMELINE 56 1400 241751371076000 3214000
LATENCY 3011200
TIMELINE 56 1416 241751418648400 3011200
LATENCY 3127300
TIMELINE 56 1432 241751465830300 3127300
LATENCY 2975800
TIMELINE 56 1448 241751509997900 2975800
LATENCY 3014200
TIMELINE 56 1464 241751561711900 3014200
LATENCY 2984800
TIMELINE 56 1480 241751608860800 2984800
LATENCY 2796300
TIMELINE 56 1496 241751653540500 2796300
LATENCY 2749200
TIMELINE 56 1512 241751697197400 2749200
LATENCY 2971100
TIMELINE 56 1528 241751742006100 2971100
LATENCY 2746000
TIMELINE 56 1544 241751788286000 2746000
LATENCY 2853200
TIMELINE 56 1560 241751835366900 2853200
LATENCY 2921800
TIMELINE 56 1576 241751881868400 2921800
LATENCY 2947100
TIMELINE 56 1592 241751942426700 2947100
LATENCY 2947200
TIMELINE 56 1608 241751989304100 2947200
LATENCY 3037800
TIMELINE 56 1624 241752035834400 3037800
LATENCY 2970600
TIMELINE 56 1640 241752083836600 2970600
LATENCY 2590300
TIMELINE 56 1656 241752129587200 2590300
LATENCY 2938900
TIMELINE 56 1672 241752174624700 2938900
LATENCY 2691800
TIMELINE 56 1688 241752222508300 2691800
LATENCY 2939800
TIMELINE 56 1704 241752272626900 2939800
LATENCY 2928900
TIMELINE 56 1720 241752319359400 2928900
LATENCY 2949000
TIMELINE 56 1736 241752368550500 2949000
LATENCY 2996400
TIMELINE 56 1752 241752414728500 2996400
LATENCY 3041000
TIMELINE 56 1768 241752462662700 3041000
LATENCY 2811700
TIMELINE 56 1784 241752508780300 2811700
LATENCY 2744300
TIMELINE 56 1800 241752558084500 2744300
LATENCY 7316400
TIMELINE 56 1816 241752601706800 7316400
LATENCY 2957400
TIMELINE 56 1832 241752649440800 2957400
LATENCY 3530800
TIMELINE 56 1848 241752693274400 3530800
LATENCY 3116700
TIMELINE 56 1864 241752741532100 3116700
LATENCY 2623100
TIMELINE 56 1880 241752789506800 2623100
LATENCY 3142300
TIMELINE 56 1896 241752835005000 3142300
LATENCY 3529700
TIMELINE 56 1912 241752885482300 3529700
LATENCY 3247400
TIMELINE 56 1928 241752939620900 3247400
LATENCY 3280100
TIMELINE 56 1944 241752996935900 3280100
LATENCY 3164800
TIMELINE 56 1960 241753049010500 3164800
LATENCY 2614800
TIMELINE 56 1976 241753094842200 2614800
LATENCY 2634800
TIMELINE 56 1992 241753138805200 2634800
LATENCY 2401000
TIMELINE 56 2008 241753183428900 2401000
LATENCY 2818900
TIMELINE 56 2024 241753227738400 2818900
LATENCY 2748400
TIMELINE 56 2040 241753274364400 2748400
LATENCY 2422300
TIMELINE 57 9 241748178952800 2422300
LATENCY 2261300
TIMELINE 57 25 241748217515400 2261300
LATENCY 2251800
TIMELINE 57 41 241748254149400 2251800
LATENCY 2249700
TIMELINE 57 57 241748291035100 2249700
LATENCY 2477800
TIMELINE 57 73 241748328152200 2477800
LATENCY 2331900
TIMELINE 57 89 241748366201900 2331900
LATENCY 2399900
TIMELINE 57 105 241748411249700 2399900
LATENCY 2226600
TIMELINE 57 121 241748447065700 2226600
LATENCY 2150500
TIMELINE 57 137 241748482078500 2150500
LATENCY 2365900
TIMELINE 57 153 241748518288500 2365900
LATENCY 2159300
TIMELINE 57 169 241748555501600 2159300
LATENCY 2684400
TIMELINE 57 185 241748590215800 2684400
LATENCY 2154800
TIMELINE 57 201 241748626808000 2154800
LATENCY 2248400
TIMELINE 57 217 241748661234900 2248400
LATENCY 2157800
TIMELINE 57 233 241748696024500 2157800
LATENCY 2360000
TIMELINE 57 249 241748736521800 2360000
LATENCY 2110100
TIMELINE 57 265 241748772168200 2110100
LATENCY 2126100
TIMELINE 57 281 241748806436300 2126100
LATENCY 2112100
TIMELINE 57 297 241748841266300 2112100
LATENCY 2085200
TIMELINE 57 313 241748875623200 2085200
LATENCY 2129800
TIMELINE 57 329 241748908951700 2129800
LATENCY 2072900
TIMELINE 57 345 241748943135600 2072900
LATENCY 2320400
TIMELINE 57 361 241748977201700 2320400
LATENCY 2233100
TIMELINE 57 377 241749018669200 2233100
LATENCY 2176300
TIMELINE 57 393 241749054303500 2176300
LATENCY 2306900
TIMELINE 57 409 241749089195000 2306900
LATENCY 2151600
TIMELINE 57 425 241749123873500 2151600
LATENCY 2147500
TIMELINE 57 441 241749158180000 2147500
LATENCY 2290200
TIMELINE 57 457 241749193875500 2290200
LATENCY 2119500
TIMELINE 57 473 241749228406500 2119500
LATENCY 2107700
TIMELINE 57 489 241749262351800 2107700
LATENCY 2071200
TIMELINE 57 505 241749303309500 2071200
LATENCY 2107200
TIMELINE 57 521 241749337170300 2107200
LATENCY 2106700
TIMELINE 57 537 241749371142500 2106700
LATENCY 2130900
TIMELINE 57 553 241749405027300 2130900
LATENCY 2251500
TIMELINE 57 569 241749440426700 2251500
LATENCY 2254300
TIMELINE 57 585 241749475925500 2254300
LATENCY 2113400
TIMELINE 57 601 241749510874200 2113400
LATENCY 2070500
TIMELINE 57 617 241749545616600 2070500
LATENCY 2637500
TIMELINE 57 633 241749587977400 2637500
LATENCY 2151300
TIMELINE 57 649 241749623072100 2151300
LATENCY 2137700
TIMELINE 57 665 241749656776000 2137700
LATENCY 2123000
TIMELINE 57 681 241749690480500 2123000
LATENCY 2117000
TIMELINE 57 697 241749724207400 2117000
LATENCY 2141500
TIMELINE 57 713 241749758344700 2141500
LATENCY 2199000
TIMELINE 57 729 241749792403400 2199000
LATENCY 2142700
TIMELINE 57 745 241749834778100 2142700
LATENCY 2174700
TIMELINE 57 761 241749869364200 2174700
LATENCY 2297200
TIMELINE 57 777 241749903878200 2297200
LATENCY 2148500
TIMELINE 57 793 241749939665200 2148500
LATENCY 2190800
TIMELINE 57 809 241749975079600 2190800
LATENCY 2083500
TIMELINE 57 825 241750009448300 2083500
LATENCY 2094400
TIMELINE 57 841 241750043101400 2094400
LATENCY 2263300
TIMELINE 57 857 241750093902500 2263300
LATENCY 2094900
TIMELINE 57 873 241750136957500 2094900
LATENCY 2156500
TIMELINE 57 889 241750171271200 2156500
LATENCY 2228100
TIMELINE 57 905 241750207152300 2228100
LATENCY 2157300
TIMELINE 57 921 241750242361500 2157300
LATENCY 2159500
TIMELINE 57 937 241750278740500 2159500
LATENCY 2096600
TIMELINE 57 953 241750313894900 2096600
LATENCY 2115300
TIMELINE 57 969 241750347691600 2115300
LATENCY 2115800
TIMELINE 57 985 241750390109200 2115800
LATENCY 2099200
TIMELINE 57 1001 241750424080100 2099200
LATENCY 2191100
TIMELINE 57 1017 241750457786500 2191100
LATENCY 2098200
TIMELINE 57 1033 241750491657400 2098200
LATENCY 2071700
TIMELINE 57 1049 241750525236000 2071700
LATENCY 2107800
TIMELINE 57 1065 241750560014600 2107800
LATENCY 2121100
TIMELINE 57 1081 241750594318300 2121100
LATENCY 2121900
TIMELINE 57 1097 241750628214300 2121900
LATENCY 2158000
TIMELINE 57 1113 241750667930000 2158000
LATENCY 2116500
TIMELINE 57 1129 241750702160700 2116500
LATENCY 2108700
TIMELINE 57 1145 241750736480900 2108700
LATENCY 2091000
TIMELINE 57 1161 241750770574100 2091000
LATENCY 2122300
TIMELINE 57 1177 241750804109400 2122300
LATENCY 2134300
TIMELINE 57 1193 241750837932600 2134300
LATENCY 2281400
TIMELINE 57 1209 241750873952100 2281400
LATENCY 2107400
TIMELINE 57 1225 241750914753800 2107400
LATENCY 2260500
TIMELINE 57 1241 241750950172000 2260500
LATENCY 2246800
TIMELINE 57 1257 241750986165200 2246800
LATENCY 2166400
TIMELINE 57 1273 241751023358600 2166400
LATENCY 2097900
TIMELINE 57 1289 241751057937900 2097900
LATENCY 2187200
TIMELINE 57 1305 241751093404700 2187200
LATENCY 3196100
TIMELINE 57 1321 241751134634800 3196100
LATENCY 2999700
TIMELINE 57 1337 241751183349200 2999700
LATENCY 3007700
TIMELINE 57 1353 241751236343800 3007700
LATENCY 2787500
TIMELINE 57 1369 241751283537600 2787500
LATENCY 2556900
TIMELINE 57 1385 241751328754300 2556900
LATENCY 3221500
TIMELINE 57 1401 241751372554000 3221500
LATENCY 2961200
TIMELINE 57 1417 241751420087500 2961200
LATENCY 2940000
TIMELINE 57 1433 241751467382100 2940000
LATENCY 3062400
TIMELINE 57 1449 241751511426300 3062400
LATENCY 3020500
TIMELINE 57 1465 241751563149100 3020500
LATENCY 3096900
TIMELINE 57 1481 241751610271500 3096900
LATENCY 2792600
TIMELINE 57 1497 241751654900200 2792600
LATENCY 2756400
TIMELINE 57 1513 241751698527100 2756400
LATENCY 2989100
TIMELINE 57 1529 241751743435600 2989100
LATENCY 2727800
TIMELINE 57 1545 241751789639800 2727800
LATENCY 2816000
TIMELINE 57 1561 241751836763800 2816000
LATENCY 15635000
TIMELINE 57 1577 241751883286300 15635000
LATENCY 2937300
TIMELINE 57 1593 241751943900300 2937300
LATENCY 2932800
TIMELINE 57 1609 241751990757700 2932800
LATENCY 3054900
TIMELINE 57 1625 241752038522400 3054900
LATENCY 2957200
TIMELINE 57 1641 241752086474000 2957200
LATENCY 2601700
TIMELINE 57 1657 241752131888000 2601700
LATENCY 2946800
TIMELINE 57 1673 241752177194700 2946800
LATENCY 2724800
TIMELINE 57 1689 241752224860100 2724800
LATENCY 2893100
TIMELINE 57 1705 241752275200600 2893100
LATENCY 2940500
TIMELINE 57 1721 241752321902500 2940500
LATENCY 2968600
TIMELINE 57 1737 241752371124500 2968600
LATENCY 2915400
TIMELINE 57 1753 241752417344600 2915400
LATENCY 3019700
TIMELINE 57 1769 241752465270000 3019700
LATENCY 2786900
TIMELINE 57 1785 241752511156900 2786900
LATENCY 2696400
TIMELINE 57 1801 241752560404900 2696400
LATENCY 2737300
TIMELINE 57 1817 241752608594100 2737300
LATENCY 2713000
TIMELINE 57 1833 241752651972300 2713000
LATENCY 2986700
TIMELINE 57 1849 241752695786700 2986700
LATENCY 2972500
TIMELINE 57 1865 241752743588300 2972500
LATENCY 2648100
TIMELINE 57 1881 241752791285500 2648100
LATENCY 3069700
TIMELINE 57 1897 241752837139300 3069700
LATENCY 3469100
TIMELINE 57 1913 241752887820400 3469100
LATENCY 3147500
TIMELINE 57 1929 241752941792900 3147500
LATENCY 3280200
TIMELINE 57 1945 241752999117200 3280200
LATENCY 3185500
TIMELINE 57 1961 241753051159500 3185500
LATENCY 2607700
TIMELINE 57 1977 241753096592300 2607700
LATENCY 2637100
TIMELINE 57 1993 241753140445600 2637100
LATENCY 2773200
TIMELINE 57 2009 241753184762400 2773200
LATENCY 2991700
TIMELINE 57 2025 241753229495700 2991700
LATENCY 2957200
TIMELINE 57 2041 241753276101700 2957200
LATENCY 2601600
TIMELINE 58 10 241748181412600 2601600
LATENCY 2181500
TIMELINE 58 26 241748219814100 2181500
LATENCY 2252500
TIMELINE 58 42 241748256244900 2252500
LATENCY 2290300
TIMELINE 58 58 241748293137800 2290300
LATENCY 2285900
TIMELINE 58 74 241748330502900 2285900
LATENCY 2400000
TIMELINE 58 90 241748368234300 2400000
LATENCY 2170100
TIMELINE 58 106 241748413371400 2170100
LATENCY 2155400
TIMELINE 58 122 241748448789900 2155400
LATENCY 2485400
TIMELINE 58 138 241748483690900 2485400
LATENCY 2288700
TIMELINE 58 154 241748520162700 2288700
LATENCY 2176700
TIMELINE 58 170 241748557140900 2176700
LATENCY 2383300
TIMELINE 58 186 241748592294700 2383300
LATENCY 2157100
TIMELINE 58 202 241748628438700 2157100
LATENCY 2207600
TIMELINE 58 218 241748662876400 2207600
LATENCY 8290200
TIMELINE 58 234 241748697751800 8290200
LATENCY 2319300
TIMELINE 58 250 241748738438200 2319300
LATENCY 2116500
TIMELINE 58 266 241748773830000 2116500
LATENCY 2100900
TIMELINE 58 282 241748807995100 2100900
LATENCY 2115100
TIMELINE 58 298 241748842520800 2115100
LATENCY 2054000
TIMELINE 58 314 241748876986500 2054000
LATENCY 2150000
TIMELINE 58 330 241748910341800 2150000
LATENCY 2080500
TIMELINE 58 346 241748944492900 2080500
LATENCY 2345000
TIMELINE 58 362 241748978659000 2345000
LATENCY 2214300
TIMELINE 58 378 241749020372300 2214300
LATENCY 2133900
TIMELINE 58 394 241749056022800 2133900
LATENCY 2165100
TIMELINE 58 410 241749091008300 2165100
LATENCY 2129700
TIMELINE 58 426 241749125593200 2129700
LATENCY 2166700
TIMELINE 58 442 241749160094900 2166700
LATENCY 2253700
TIMELINE 58 458 241749195889900 2253700
LATENCY 2083000
TIMELINE 58 474 241749230299000 2083000
LATENCY 2129500
TIMELINE 58 490 241749264229700 2129500
LATENCY 2104800
TIMELINE 58 506 241749305154200 2104800
LATENCY 2122600
TIMELINE 58 522 241749339043700 2122600
LATENCY 2101500
TIMELINE 58 538 241749373022500 2101500
LATENCY 2228900
TIMELINE 58 554 241749406907600 2228900
LATENCY 2235600
TIMELINE 58 570 241749442208000 2235600
LATENCY 2164200
TIMELINE 58 586 241749477712300 2164200
LATENCY 2140200
TIMELINE 58 602 241749512458000 2140200
LATENCY 8702500
TIMELINE 58 618 241749547190500 8702500
LATENCY 2396200
TIMELINE 58 634 241749590106700 2396200
LATENCY 2112300
TIMELINE 58 650 241749624821100 2112300
LATENCY 2106600
TIMELINE 58 666 241749658403300 2106600
LATENCY 2132400
TIMELINE 58 682 241749692106900 2132400
LATENCY 2107400
TIMELINE 58 698 241749725797100 2107400
LATENCY 2117100
TIMELINE 58 714 241749759901100 2117100
LATENCY 2105900
TIMELINE 58 730 241749794021600 2105900
LATENCY 2307300
TIMELINE 58 746 241749836242500 2307300
LATENCY 2049600
TIMELINE 58 762 241749871132500 2049600
LATENCY 2379600
TIMELINE 58 778 241749905673300 2379600
LATENCY 2173300
TIMELINE 58 794 241749941384300 2173300
LATENCY 2162600
TIMELINE 58 810 241749976836900 2162600
LATENCY 2076500
TIMELINE 58 826 241750011085800 2076500
LATENCY 2152300
TIMELINE 58 842 241750044754800 2152300
LATENCY 2353800
TIMELINE 58 858 241750096078200 2353800
LATENCY 2244700
TIMELINE 58 874 241750138968200 2244700
LATENCY 2565400
TIMELINE 58 890 241750173325400 2565400
LATENCY 2147400
TIMELINE 58 906 241750209199200 2147400
LATENCY 2177400
TIMELINE 58 922 241750244342700 2177400
LATENCY 2109800
TIMELINE 58 938 241750281396100 2109800
LATENCY 2185300
TIMELINE 58 954 241750316369400 2185300
LATENCY 2078500
TIMELINE 58 970 241750350169700 2078500
LATENCY 2111400
TIMELINE 58 986 241750392587100 2111400
LATENCY 2075700
TIMELINE 58 1002 241750426527100 2075700
LATENCY 2086900
TIMELINE 58 1018 241750460336100 2086900
LATENCY 2110600
TIMELINE 58 1034 241750494089100 2110600
LATENCY 2100900
TIMELINE 58 1050 241750527713500 2100900
LATENCY 2072900
TIMELINE 58 1066 241750562580200 2072900
LATENCY 2088400
TIMELINE 58 1082 241750596845800 2088400
LATENCY 2121500
TIMELINE 58 1098 241750630624900 2121500
LATENCY 2172800
TIMELINE 58 1114 241750670335500 2172800
LATENCY 2098800
TIMELINE 58 1130 241750704516400 2098800
LATENCY 2197000
TIMELINE 58 1146 241750738768100 2197000
LATENCY 2096000
TIMELINE 58 1162 241750772832800 2096000
LATENCY 2093800
TIMELINE 58 1178 241750806481400 2093800
LATENCY 2138700
TIMELINE 58 1194 241750840332200 2138700
LATENCY 2120100
TIMELINE 58 1210 241750876324600 2120100
LATENCY 2125800
TIMELINE 58 1226 241750917219500 2125800
LATENCY 2174800
TIMELINE 58 1242 241750952872700 2174800
LATENCY 2216500
TIMELINE 58 1258 241750988873300 2216500
LATENCY 2116600
TIMELINE 58 1274 241751025953600 2116600
LATENCY 2141200
TIMELINE 58 1290 241751060443600 2141200
LATENCY 2201500
TIMELINE 58 1306 241751096080400 2201500
LATENCY 3025000
TIMELINE 58 1322 241751138577300 3025000
LATENCY 7745200
TIMELINE 58 1338 241751187060500 7745200
LATENCY 3001700
TIMELINE 58 1354 241751240080800 3001700
LATENCY 2784700
TIMELINE 58 1370 241751287048800 2784700
LATENCY 2577400
TIMELINE 58 1386 241751331899500 2577400
LATENCY 3030000
TIMELINE 58 1402 241751376528600 3030000
LATENCY 2933500
TIMELINE 58 1418 241751423759600 2933500
LATENCY 2713900
TIMELINE 58 1434 241751470927500 2713900
LATENCY 2947000
TIMELINE 58 1450 241751515157900 2947000
LATENCY 3001600
TIMELINE 58 1466 241751566856600 3001600
LATENCY 2937800
TIMELINE 58 1482 241751613855800 2937800
LATENCY 2722800
TIMELINE 58 1498 241751658151900 2722800
LATENCY 2831400
TIMELINE 58 1514 241751701748600 2831400
LATENCY 2959000
TIMELINE 58 1530 241751746918700 2959000
LATENCY 2701900
TIMELINE 58 1546 241751792824700 2701900
LATENCY 2861500
TIMELINE 58 1562 241751840049800 2861500
LATENCY 3155700
TIMELINE 58 1578 241751899520500 3155700
LATENCY 2917800
TIMELINE 58 1594 241751947337500 2917800
LATENCY 2889400
TIMELINE 58 1610 241751994199700 2889400
LATENCY 3015500
TIMELINE 58 1626 241752040483500 3015500
LATENCY 2954900
TIMELINE 58 1642 241752088308700 2954900
LATENCY 2602200
TIMELINE 58 1658 241752133819900 2602200
LATENCY 2923300
TIMELINE 58 1674 241752179364700 2923300
LATENCY 2732500
TIMELINE 58 1690 241752226867900 2732500
LATENCY 2877700
TIMELINE 58 1706 241752277350500 2877700
LATENCY 2898600
TIMELINE 58 1722 241752324027700 2898600
LATENCY 2944400
TIMELINE 58 1738 241752373236500 2944400
LATENCY 2784900
TIMELINE 58 1754 241752419462900 2784900
LATENCY 2990200
TIMELINE 58 1770 241752467450300 2990200
LATENCY 2785700
TIMELINE 58 1786 241752513224500 2785700
LATENCY 2702700
TIMELINE 58 1802 241752562388400 2702700
LATENCY 2662000
TIMELINE 58 1818 241752610601100 2662000
LATENCY 2693800
TIMELINE 58 1834 241752653977700 2693800
LATENCY 3004400
TIMELINE 58 1850 241752697971700 3004400
LATENCY 2989600
TIMELINE 58 1866 241752745736000 2989600
LATENCY 2696700
TIMELINE 58 1882 241752793195800 2696700
LATENCY 3051800
TIMELINE 58 1898 241752839388100 3051800
LATENCY 3417400
TIMELINE 58 1914 241752890461500 3417400
LATENCY 3065900
TIMELINE 58 1930 241752944105500 3065900
LATENCY 3247300
TIMELINE 58 1946 241753001561200 3247300
LATENCY 3108100
TIMELINE 58 1962 241753053487200 3108100
LATENCY 2648200
TIMELINE 58 1978 241753098432600 2648200
LATENCY 2607800
TIMELINE 58 1994 241753142356000 2607800
LATENCY 2708100
TIMELINE 58 2010 241753186797600 2708100
LATENCY 2925000
TIMELINE 58 2026 241753231604600 2925000
LATENCY 2896100
TIMELINE 58 2042 241753278098300 2896100
LATENCY 2512700
TIMELINE 59 11 241748184114000 2512700
LATENCY 2169900
TIMELINE 59 27 241748222120400 2169900
LATENCY 2245300
TIMELINE 59 43 241748258629600 2245300
LATENCY 2274400
TIMELINE 59 59 241748295521200 2274400
LATENCY 2484300
TIMELINE 59 75 241748332944700 2484300
LATENCY 2318100
TIMELINE 59 91 241748370932200 2318100
LATENCY 2147200
TIMELINE 59 107 241748415787600 2147200
LATENCY 2418600
TIMELINE 59 123 241748451137000 2418600
LATENCY 2372600
TIMELINE 59 139 241748486378800 2372600
LATENCY 2679700
TIMELINE 59 155 241748522486200 2679700
LATENCY 2179700
TIMELINE 59 171 241748559417800 2179700
LATENCY 2400000
TIMELINE 59 187 241748594875700 2400000
LATENCY 2119700
TIMELINE 59 203 241748630780400 2119700
LATENCY 2076200
TIMELINE 59 219 241748665576000 2076200
LATENCY 2391200
TIMELINE 59 235 241748706390700 2391200
LATENCY 2138600
TIMELINE 59 251 241748741177800 2138600
LATENCY 2090300
TIMELINE 59 267 241748776308800 2090300
LATENCY 2110800
TIMELINE 59 283 241748810504200 2110800
LATENCY 2119700
TIMELINE 59 299 241748845091500 2119700
LATENCY 2064300
TIMELINE 59 315 241748879392300 2064300
LATENCY 2169600
TIMELINE 59 331 241748912921100 2169600
LATENCY 2051000
TIMELINE 59 347 241748946968500 2051000
LATENCY 2149400
TIMELINE 59 363 241748981479600 2149400
LATENCY 2295400
TIMELINE 59 379 241749022988900 2295400
LATENCY 2080700
TIMELINE 59 395 241749058581200 2080700
LATENCY 2186600
TIMELINE 59 411 241749093634500 2186600
LATENCY 2150500
TIMELINE 59 427 241749128213600 2150500
LATENCY 2219200
TIMELINE 59 443 241749162617900 2219200
LATENCY 2233400
TIMELINE 59 459 241749198497800 2233400
LATENCY 2128400
TIMELINE 59 475 241749232732900 2128400
LATENCY 2129600
TIMELINE 59 491 241749266711400 2129600
LATENCY 2057700
TIMELINE 59 507 241749307604100 2057700
LATENCY 2117700
TIMELINE 59 523 241749341520600 2117700
LATENCY 2113400
TIMELINE 59 539 241749375487200 2113400
LATENCY 2308200
TIMELINE 59 555 241749409542100 2308200
LATENCY 2412900
TIMELINE 59 571 241749445053300 2412900
LATENCY 2114700
TIMELINE 59 587 241749480504700 2114700
LATENCY 2171600
TIMELINE 59 603 241749515220200 2171600
LATENCY 2337100
TIMELINE 59 619 241749556337300 2337100
LATENCY 2199100
TIMELINE 59 635 241749593131200 2199100
LATENCY 2097700
TIMELINE 59 651 241749627515900 2097700
LATENCY 2082700
TIMELINE 59 667 241749661177800 2082700
LATENCY 2121600
TIMELINE 59 683 241749694940000 2121600
LATENCY 2161400
TIMELINE 59 699 241749728624300 2161400
LATENCY 2149000
TIMELINE 59 715 241749762803200 2149000
LATENCY 2124600
TIMELINE 59 731 241749796910500 2124600
LATENCY 2358300
TIMELINE 59 747 241749839508600 2358300
LATENCY 2129400
TIMELINE 59 763 241749874087600 2129400
LATENCY 2306000
TIMELINE 59 779 241749909145600 2306000
LATENCY 2122200
TIMELINE 59 795 241749944576300 2122200
LATENCY 2129900
TIMELINE 59 811 241749979962400 2129900
LATENCY 2063900
TIMELINE 59 827 241750014179300 2063900
LATENCY 2124300
TIMELINE 59 843 241750047872500 2124300
LATENCY 2329800
TIMELINE 59 859 241750097208700 2329800
LATENCY 2125900
TIMELINE 59 875 241750140034600 2125900
LATENCY 2300800
TIMELINE 59 891 241750174421000 2300800
LATENCY 2201300
TIMELINE 59 907 241750210093300 2201300
LATENCY 2177900
TIMELINE 59 923 241750245228800 2177900
LATENCY 2113000
TIMELINE 59 939 241750281648800 2113000
LATENCY 2203700
TIMELINE 59 955 241750316528400 2203700
LATENCY 2076600
TIMELINE 59 971 241750350336000 2076600
LATENCY 2126300
TIMELINE 59 987 241750392670000 2126300
LATENCY 2122600
TIMELINE 59 1003 241750426657900 2122600
LATENCY 2091800
TIMELINE 59 1019 241750460503400 2091800
LATENCY 2123000
TIMELINE 59 1035 241750494254800 2123000
LATENCY 2088900
TIMELINE 59 1051 241750527953400 2088900
LATENCY 2077500
TIMELINE 59 1067 241750562798700 2077500
LATENCY 2098300
TIMELINE 59 1083 241750597095600 2098300
LATENCY 2106400
TIMELINE 59 1099 241750630941500 2106400
LATENCY 2182300
TIMELINE 59 1115 241750670623300 2182300
LATENCY 2099100
TIMELINE 59 1131 241750704792300 2099100
LATENCY 2219600
TIMELINE 59 1147 241750739106300 2219600
LATENCY 2113500
TIMELINE 59 1163 241750773161800 2113500
LATENCY 2085200
TIMELINE 59 1179 241750806710400 2085200
LATENCY 2136700
TIMELINE 59 1195 241750840561600 2136700
LATENCY 2125100
TIMELINE 59 1211 241750876549100 2125100
LATENCY 2125300
TIMELINE 59 1227 241750917351000 2125300
LATENCY 2169900
TIMELINE 59 1243 241750952991200 2169900
LATENCY 2222200
TIMELINE 59 1259 241750989025100 2222200
LATENCY 2112700
TIMELINE 59 1275 241751026108100 2112700
LATENCY 2140500
TIMELINE 59 1291 241751060589000 2140500
LATENCY 2196500
TIMELINE 59 1307 241751096202400 2196500
LATENCY 3030300
TIMELINE 59 1323 241751138747200 3030300
LATENCY 7749900
TIMELINE 59 1339 241751187227500 7749900
LATENCY 3000800
TIMELINE 59 1355 241751240248000 3000800
LATENCY 2769000
TIMELINE 59 1371 241751287220300 2769000
LATENCY 2584200
TIMELINE 59 1387 241751331929900 2584200
LATENCY 3022500
TIMELINE 59 1403 241751376568700 3022500
LATENCY 2921500
TIMELINE 59 1419 241751423812000 2921500
LATENCY 2715400
TIMELINE 59 1435 241751470961500 2715400
LATENCY 2953100
TIMELINE 59 1451 241751515201200 2953100
LATENCY 3005400
TIMELINE 59 1467 241751566903600 3005400
LATENCY 2952300
TIMELINE 59 1483 241751613982100 2952300
LATENCY 2740900
TIMELINE 59 1499 241751658256000 2740900
LATENCY 2807100
TIMELINE 59 1515 241751701880500 2807100
LATENCY 2981800
TIMELINE 59 1531 241751747043100 2981800
LATENCY 2721100
TIMELINE 59 1547 241751792937000 2721100
LATENCY 2859200
TIMELINE 59 1563 241751840172200 2859200
LATENCY 3158200
TIMELINE 59 1579 241751899648200 3158200
LATENCY 2914100
TIMELINE 59 1595 241751947378100 2914100
LATENCY 2891900
TIMELINE 59 1611 241751994237400 2891900
LATENCY 3006900
TIMELINE 59 1627 241752042733100 3006900
LATENCY 2929600
TIMELINE 59 1643 241752090555000 2929600
LATENCY 2657900
TIMELINE 59 1659 241752135440000 2657900
LATENCY 2922900
TIMELINE 59 1675 241752181257300 2922900
LATENCY 2704800
TIMELINE 59 1691 241752228613300 2704800
LATENCY 2917500
TIMELINE 59 1707 241752279200800 2917500
LATENCY 2896500
TIMELINE 59 1723 241752325933700 2896500
LATENCY 2724700
TIMELINE 59 1739 241752375206000 2724700
LATENCY 2870200
TIMELINE 59 1755 241752421377500 2870200
LATENCY 2985400
TIMELINE 59 1771 241752469555400 2985400
LATENCY 2978200
TIMELINE 59 1787 241752515149000 2978200
LATENCY 2699400
TIMELINE 59 1803 241752564266800 2699400
LATENCY 2602900
TIMELINE 59 1819 241752612474600 2602900
LATENCY 2745300
TIMELINE 59 1835 241752655824200 2745300
LATENCY 2977500
TIMELINE 59 1851 241752700224000 2977500
LATENCY 2928300
TIMELINE 59 1867 241752748014000 2928300
LATENCY 2616000
TIMELINE 59 1883 241752795229300 2616000
LATENCY 3021200
TIMELINE 59 1899 241752841667700 3021200
LATENCY 3399700
TIMELINE 59 1915 241752892980300 3399700
LATENCY 3133200
TIMELINE 59 1931 241752946505400 3133200
LATENCY 3229200
TIMELINE 59 1947 241753004008700 3229200
LATENCY 3156200
TIMELINE 59 1963 241753055920600 3156200
LATENCY 2732900
TIMELINE 59 1979 241753100599100 2732900
LATENCY 2580300
TIMELINE 59 1995 241753144444800 2580300
LATENCY 2727400
TIMELINE 59 2011 241753188958900 2727400
LATENCY 2784700
TIMELINE 59 2027 241753234032500 2784700
LATENCY 2830200
TIMELINE 59 2043 241753280596700 2830200
LATENCY 2448100
TIMELINE 60 12 241748186424400 2448100
LATENCY 2213000
TIMELINE 60 28 241748224118300 2213000
LATENCY 2282100
TIMELINE 60 44 241748260691900 2282100
LATENCY 2235900
TIMELINE 60 60 241748297575200 2235900
LATENCY 2609300
TIMELINE 60 76 241748335149600 2609300
LATENCY 2329800
TIMELINE 60 92 241748373027700 2329800
LATENCY 2141300
TIMELINE 60 108 241748417733600 2141300
LATENCY 2179500
TIMELINE 60 124 241748453437800 2179500
LATENCY 2315000
TIMELINE 60 140 241748488625000 2315000
LATENCY 2589500
TIMELINE 60 156 241748524956900 2589500
LATENCY 2147100
TIMELINE 60 172 241748561356900 2147100
LATENCY 2262800
TIMELINE 60 188 241748596951500 2262800
LATENCY 2138900
TIMELINE 60 204 241748632608600 2138900
LATENCY 2179300
TIMELINE 60 220 241748667010500 2179300
LATENCY 2124400
TIMELINE 60 236 241748708221000 2124400
LATENCY 2175200
TIMELINE 60 252 241748742672100 2175200
LATENCY 2154200
TIMELINE 60 268 241748777768800 2154200
LATENCY 2130000
TIMELINE 60 284 241748812021200 2130000
LATENCY 2120300
TIMELINE 60 300 241748846666800 2120300
LATENCY 2080700
TIMELINE 60 316 241748880959500 2080700
LATENCY 2209000
TIMELINE 60 332 241748914432700 2209000
LATENCY 2107700
TIMELINE 60 348 241748948398400 2107700
LATENCY 2204900
TIMELINE 60 364 241748982896000 2204900
LATENCY 2233500
TIMELINE 60 380 241749024705500 2233500
LATENCY 2090700
TIMELINE 60 396 241749060107600 2090700
LATENCY 2172700
TIMELINE 60 412 241749095265000 2172700
LATENCY 2114600
TIMELINE 60 428 241749129772400 2114600
LATENCY 2222600
TIMELINE 60 444 241749164301800 2222600
LATENCY 2176600
TIMELINE 60 460 241749200347300 2176600
LATENCY 2123400
TIMELINE 60 476 241749234463700 2123400
LATENCY 2126000
TIMELINE 60 492 241749268438900 2126000
LATENCY 2164400
TIMELINE 60 508 241749309248100 2164400
LATENCY 2119400
TIMELINE 60 524 241749343223300 2119400
LATENCY 2127300
TIMELINE 60 540 241749377223500 2127300
LATENCY 2314600
TIMELINE 60 556 241749411309200 2314600
LATENCY 2405400
TIMELINE 60 572 241749446784700 2405400
LATENCY 2158800
TIMELINE 60 588 241749482057000 2158800
LATENCY 2190900
TIMELINE 60 604 241749516804400 2190900
LATENCY 2174700
TIMELINE 60 620 241749558130000 2174700
LATENCY 2202200
TIMELINE 60 636 241749594592900 2202200
LATENCY 2093900
TIMELINE 60 652 241749628917500 2093900
LATENCY 2138500
TIMELINE 60 668 241749662636800 2138500
LATENCY 2140500
TIMELINE 60 684 241749696419100 2140500
LATENCY 2098600
TIMELINE 60 700 241749730150400 2098600
LATENCY 2102900
TIMELINE 60 716 241749764301300 2102900
LATENCY 2145900
TIMELINE 60 732 241749798395000 2145900
LATENCY 2250400
TIMELINE 60 748 241749840757300 2250400
LATENCY 2102500
TIMELINE 60 764 241749875169200 2102500
LATENCY 2316700
TIMELINE 60 780 241749910249500 2316700
LATENCY 2125900
TIMELINE 60 796 241749945576800 2125900
LATENCY 2165000
TIMELINE 60 812 241749980913300 2165000
LATENCY 2064900
TIMELINE 60 828 241750015093700 2064900
LATENCY 2121500
TIMELINE 60 844 241750048789600 2121500
LATENCY 9973800
TIMELINE 60 860 241750100803000 9973800
LATENCY 2193900
TIMELINE 60 876 241750143268200 2193900
LATENCY 2385600
TIMELINE 60 892 241750177847500 2385600
LATENCY 2217300
TIMELINE 60 908 241750213276400 2217300
LATENCY 2557100
TIMELINE 60 924 241750248410700 2557100
LATENCY 2255500
TIMELINE 60 940 241750284918000 2255500
LATENCY 2126000
TIMELINE 60 956 241750319946900 2126000
LATENCY 2123400
TIMELINE 60 972 241750353624600 2123400
LATENCY 2122500
TIMELINE 60 988 241750396059000 2122500
LATENCY 2082300
TIMELINE 60 1004 241750429988500 2082300
LATENCY 2094500
TIMELINE 60 1020 241750463731200 2094500
LATENCY 2125000
TIMELINE 60 1036 241750497534300 2125000
LATENCY 2086100
TIMELINE 60 1052 241750531213100 2086100
LATENCY 2104500
TIMELINE 60 1068 241750566071000 2104500
LATENCY 2206200
TIMELINE 60 1084 241750600414400 2206200
LATENCY 2134900
TIMELINE 60 1100 241750639269000 2134900
LATENCY 2180300
TIMELINE 60 1116 241750674521800 2180300
LATENCY 2118700
TIMELINE 60 1132 241750708520500 2118700
LATENCY 2110600
TIMELINE 60 1148 241750743043000 2110600
LATENCY 2072400
TIMELINE 60 1164 241750776914400 2072400
LATENCY 2093800
TIMELINE 60 1180 241750810494400 2093800
LATENCY 2224700
TIMELINE 60 1196 241750844417500 2224700
LATENCY 2119600
TIMELINE 60 1212 241750880331000 2119600
LATENCY 2268700
TIMELINE 60 1228 241750921062300 2268700
LATENCY 2209600
TIMELINE 60 1244 241750957018000 2209600
LATENCY 2235000
TIMELINE 60 1260 241750993047800 2235000
LATENCY 2112100
TIMELINE 60 1276 241751029937900 2112100
LATENCY 2096000
TIMELINE 60 1292 241751064454600 2096000
LATENCY 2101400
TIMELINE 60 1308 241751100128500 2101400
LATENCY 3008100
TIMELINE 60 1324 241751144125600 3008100
LATENCY 3034900
TIMELINE 60 1340 241751197331400 3034900
LATENCY 2672900
TIMELINE 60 1356 241751245589500 2672900
LATENCY 2823400
TIMELINE 60 1372 241751292112500 2823400
LATENCY 2578200
TIMELINE 60 1388 241751336816900 2578200
LATENCY 3043100
TIMELINE 60 1404 241751381949100 3043100
LATENCY 2944000
TIMELINE 60 1420 241751429223600 2944000
LATENCY 2730100
TIMELINE 60 1436 241751475916500 2730100
LATENCY 2935500
TIMELINE 60 1452 241751520605500 2935500
LATENCY 3004600
TIMELINE 60 1468 241751572410700 3004600
LATENCY 2763500
TIMELINE 60 1484 241751619355900 2763500
LATENCY 2713900
TIMELINE 60 1500 241751663176300 2713900
LATENCY 2698100
TIMELINE 60 1516 241751706956300 2698100
LATENCY 2874000
TIMELINE 60 1532 241751752440500 2874000
LATENCY 2746700
TIMELINE 60 1548 241751797858600 2746700
LATENCY 2938100
TIMELINE 60 1564 241751845404800 2938100
LATENCY 3154600
TIMELINE 60 1580 241751905219800 3154600
LATENCY 2991000
TIMELINE 60 1596 241751952725000 2991000
LATENCY 3118400
TIMELINE 60 1612 241751999581200 3118400
LATENCY 3033800
TIMELINE 60 1628 241752048238600 3033800
LATENCY 2907600
TIMELINE 60 1644 241752095881700 2907600
LATENCY 2655300
TIMELINE 60 1660 241752140343000 2655300
LATENCY 2923300
TIMELINE 60 1676 241752186823500 2923300
LATENCY 2668600
TIMELINE 60 1692 241752233716200 2668600
LATENCY 2901500
TIMELINE 60 1708 241752284740000 2901500
LATENCY 4217000
TIMELINE 60 1724 241752331385900 4217000
LATENCY 2707400
TIMELINE 60 1740 241752380397500 2707400
LATENCY 3114900
TIMELINE 60 1756 241752426962300 3114900
LATENCY 3015800
TIMELINE 60 1772 241752475245000 3015800
LATENCY 2849000
TIMELINE 60 1788 241752520750200 2849000
LATENCY 2682500
TIMELINE 60 1804 241752569539300 2682500
LATENCY 2620200
TIMELINE 60 1820 241752617520700 2620200
LATENCY 2719300
TIMELINE 60 1836 241752661044900 2719300
LATENCY 2990800
TIMELINE 60 1852 241752705322100 2990800
LATENCY 3176700
TIMELINE 60 1868 241752753053000 3176700
LATENCY 2622700
TIMELINE 60 1884 241752799670900 2622700
LATENCY 2983700
TIMELINE 60 1900 241752846780000 2983700
LATENCY 3432400
TIMELINE 60 1916 241752898887900 3432400
LATENCY 3143000
TIMELINE 60 1932 241752951904500 3143000
LATENCY 3261700
TIMELINE 60 1948 241753009679600 3261700
LATENCY 3018600
TIMELINE 60 1964 241753061411000 3018600
LATENCY 2741300
TIMELINE 60 1980 241753105363600 2741300
LATENCY 3269800
TIMELINE 60 1996 241753148922300 3269800
LATENCY 2698200
TIMELINE 60 2012 241753193652600 2698200
LATENCY 2760900
TIMELINE 60 2028 241753238767700 2760900
LATENCY 2970900
TIMELINE 60 2044 241753285422800 2970900
LATENCY 2341400
TIMELINE 61 13 241748189453200 2341400
LATENCY 2201700
TIMELINE 61 29 241748226817400 2201700
LATENCY 2323500
TIMELINE 61 45 241748263522900 2323500
LATENCY 2263200
TIMELINE 61 61 241748300472500 2263200
LATENCY 2373900
TIMELINE 61 77 241748338414400 2373900
LATENCY 2421900
TIMELINE 61 93 241748375951200 2421900
LATENCY 2289300
TIMELINE 61 109 241748420400700 2289300
LATENCY 2154100
TIMELINE 61 125 241748456274600 2154100
LATENCY 2308300
TIMELINE 61 141 241748491677800 2308300
LATENCY 2354800
TIMELINE 61 157 241748528441300 2354800
LATENCY 2120700
TIMELINE 61 173 241748564317600 2120700
LATENCY 2308300
TIMELINE 61 189 241748599984100 2308300
LATENCY 2184500
TIMELINE 61 205 241748635469000 2184500
LATENCY 2143600
TIMELINE 61 221 241748670086400 2143600
LATENCY 2179200
TIMELINE 61 237 241748711089100 2179200
LATENCY 2142500
TIMELINE 61 253 241748745687500 2142500
LATENCY 2132300
TIMELINE 61 269 241748780747300 2132300
LATENCY 2244300
TIMELINE 61 285 241748814986700 2244300
LATENCY 2234000
TIMELINE 61 301 241748849703800 2234000
LATENCY 2059800
TIMELINE 61 317 241748883797700 2059800
LATENCY 2146500
TIMELINE 61 333 241748917480400 2146500
LATENCY 2072000
TIMELINE 61 349 241748951322200 2072000
LATENCY 8329200
TIMELINE 61 365 241748985956900 8329200
LATENCY 2156500
TIMELINE 61 381 241749027536400 2156500
LATENCY 2098000
TIMELINE 61 397 241749062744400 2098000
LATENCY 2191000
TIMELINE 61 413 241749097668400 2191000
LATENCY 2183300
TIMELINE 61 429 241749132100600 2183300
LATENCY 2125600
TIMELINE 61 445 241749166674900 2125600
LATENCY 2157000
TIMELINE 61 461 241749202582900 2157000
LATENCY 2141300
TIMELINE 61 477 241749236679600 2141300
LATENCY 8906400
TIMELINE 61 493 241749270652200 8906400
LATENCY 2098400
TIMELINE 61 509 241749311504400 2098400
LATENCY 2087200
TIMELINE 61 525 241749345430900 2087200
LATENCY 2083600
TIMELINE 61 541 241749379411400 2083600
LATENCY 2176800
TIMELINE 61 557 241749413811600 2176800
LATENCY 2248000
TIMELINE 61 573 241749449440000 2248000
LATENCY 2158500
TIMELINE 61 589 241749484435400 2158500
LATENCY 2119100
TIMELINE 61 605 241749519262600 2119100
LATENCY 2185300
TIMELINE 61 621 241749560771700 2185300
LATENCY 2197000
TIMELINE 61 637 241749597199200 2197000
LATENCY 2082700
TIMELINE 61 653 241749631415900 2082700
LATENCY 2104700
TIMELINE 61 669 241749665073900 2104700
LATENCY 2078500
TIMELINE 61 685 241749698839400 2078500
LATENCY 2093300
TIMELINE 61 701 241749732536900 2093300
LATENCY 2113400
TIMELINE 61 717 241749766708600 2113400
LATENCY 2080000
TIMELINE 61 733 241749800836100 2080000
LATENCY 2195200
TIMELINE 61 749 241749843488100 2195200
LATENCY 2141000
TIMELINE 61 765 241749877734300 2141000
LATENCY 2253900
TIMELINE 61 781 241749913183900 2253900
LATENCY 2150100
TIMELINE 61 797 241749948289500 2150100
LATENCY 2112900
TIMELINE 61 813 241749983739900 2112900
LATENCY 2113900
TIMELINE 61 829 241750017800900 2113900
LATENCY 2064600
TIMELINE 61 845 241750051571000 2064600
LATENCY 10096500
TIMELINE 61 861 241750101711900 10096500
LATENCY 2190200
TIMELINE 61 877 241750144265300 2190200
LATENCY 2478400
TIMELINE 61 893 241750178935300 2478400
LATENCY 2186900
TIMELINE 61 909 241750214240000 2186900
LATENCY 2658500
TIMELINE 61 925 241750249286100 2658500
LATENCY 2206700
TIMELINE 61 941 241750285903100 2206700
LATENCY 2119200
TIMELINE 61 957 241750320813000 2119200
LATENCY 2111000
TIMELINE 61 973 241750354488400 2111000
LATENCY 2136700
TIMELINE 61 989 241750397097500 2136700
LATENCY 2091600
TIMELINE 61 1005 241750430996600 2091600
LATENCY 2127300
TIMELINE 61 1021 241750464760300 2127300
LATENCY 2132900
TIMELINE 61 1037 241750498594900 2132900
LATENCY 2097600
TIMELINE 61 1053 241750532206200 2097600
LATENCY 2177900
TIMELINE 61 1069 241750567007600 2177900
LATENCY 2189300
TIMELINE 61 1085 241750601344000 2189300
LATENCY 2122500
TIMELINE 61 1101 241750640163100 2122500
LATENCY 2194800
TIMELINE 61 1117 241750675160900 2194800
LATENCY 2119000
TIMELINE 61 1133 241750709154600 2119000
LATENCY 2128000
TIMELINE 61 1149 241750743687600 2128000
LATENCY 2062900
TIMELINE 61 1165 241750777568700 2062900
LATENCY 2100400
TIMELINE 61 1181 241750811153800 2100400
LATENCY 2691500
TIMELINE 61 1197 241750845088200 2691500
LATENCY 2130900
TIMELINE 61 1213 241750881001700 2130900
LATENCY 2247500
TIMELINE 61 1229 241750921888800 2247500
LATENCY 2272100
TIMELINE 61 1245 241750957601500 2272100
LATENCY 2246600
TIMELINE 61 1261 241750993557900 2246600
LATENCY 2115300
TIMELINE 61 1277 241751030468900 2115300
LATENCY 2101200
TIMELINE 61 1293 241751065009000 2101200
LATENCY 2099500
TIMELINE 61 1309 241751100756500 2099500
LATENCY 3000700
TIMELINE 61 1325 241751145059200 3000700
LATENCY 3035000
TIMELINE 61 1341 241751198316100 3035000
LATENCY 2963200
TIMELINE 61 1357 241751246284900 2963200
LATENCY 2751600
TIMELINE 61 1373 241751293061200 2751600
LATENCY 2581300
TIMELINE 61 1389 241751337639800 2581300
LATENCY 3051100
TIMELINE 61 1405 241751382914800 3051100
LATENCY 2956900
TIMELINE 61 1421 241751430160800 2956900
LATENCY 2742900
TIMELINE 61 1437 241751476802200 2742900
LATENCY 2920200
TIMELINE 61 1453 241751521566500 2920200
LATENCY 3005500
TIMELINE 61 1469 241751573386400 3005500
LATENCY 2783700
TIMELINE 61 1485 241751620142700 2783700
LATENCY 2670900
TIMELINE 61 1501 241751663962700 2670900
LATENCY 2689500
TIMELINE 61 1517 241751707752800 2689500
LATENCY 2906300
TIMELINE 61 1533 241751753284500 2906300
LATENCY 2754000
TIMELINE 61 1549 241751798642100 2754000
LATENCY 2947300
TIMELINE 61 1565 241751846272300 2947300
LATENCY 3181500
TIMELINE 61 1581 241751906080700 3181500
LATENCY 2968900
TIMELINE 61 1597 241751953590100 2968900
LATENCY 3085800
TIMELINE 61 1613 241752000438200 3085800
LATENCY 3031300
TIMELINE 61 1629 241752048792100 3031300
LATENCY 2923800
TIMELINE 61 1645 241752096366000 2923800
LATENCY 2746000
TIMELINE 61 1661 241752140763800 2746000
LATENCY 2943500
TIMELINE 61 1677 241752187070100 2943500
LATENCY 2664500
TIMELINE 61 1693 241752234017300 2664500
LATENCY 2890800
TIMELINE 61 1709 241752285067100 2890800
LATENCY 4220000
TIMELINE 61 1725 241752331717000 4220000
LATENCY 2675700
TIMELINE 61 1741 241752380717000 2675700
LATENCY 3009000
TIMELINE 61 1757 241752427329200 3009000
LATENCY 3003000
TIMELINE 61 1773 241752475503400 3003000
LATENCY 2881000
TIMELINE 61 1789 241752520982200 2881000
LATENCY 2681300
TIMELINE 61 1805 241752569768400 2681300
LATENCY 2622400
TIMELINE 61 1821 241752617730800 2622400
LATENCY 2721300
TIMELINE 61 1837 241752661276100 2721300
LATENCY 2995300
TIMELINE 61 1853 241752706065200 2995300
LATENCY 3366300
TIMELINE 61 1869 241752753805600 3366300
LATENCY 2673800
TIMELINE 61 1885 241752800378800 2673800
LATENCY 2989900
TIMELINE 61 1901 241752847584100 2989900
LATENCY 3352500
TIMELINE 61 1917 241752899743800 3352500
LATENCY 3042600
TIMELINE 61 1933 241752952709800 3042600
LATENCY 3208300
TIMELINE 61 1949 241753010452300 3208300
LATENCY 2960900
TIMELINE 61 1965 241753062135300 2960900
LATENCY 2749900
TIMELINE 61 1981 241753106000700 2749900
LATENCY 3725000
TIMELINE 61 1997 241753149580500 3725000
LATENCY 2716300
TIMELINE 61 2013 241753194243600 2716300
LATENCY 2777400
TIMELINE 61 2029 241753239374300 2777400
LATENCY 2976600
TIMELINE 61 2045 241753286692400 2976600
LATENCY 2230900
TIMELINE 62 14 241748191903700 2230900
LATENCY 2388100
TIMELINE 62 30 241748229126200 2388100
LATENCY 2414000
TIMELINE 62 46 241748265993600 2414000
LATENCY 2290300
TIMELINE 62 62 241748302862600 2290300
LATENCY 2414300
TIMELINE 62 78 241748341142400 2414300
LATENCY 2349000
TIMELINE 62 94 241748378704700 2349000
LATENCY 2297700
TIMELINE 62 110 241748423003700 2297700
LATENCY 2207600
TIMELINE 62 126 241748458599700 2207600
LATENCY 2213000
TIMELINE 62 142 241748494184800 2213000
LATENCY 2317300
TIMELINE 62 158 241748531005800 2317300
LATENCY 2142800
TIMELINE 62 174 241748566633500 2142800
LATENCY 2313900
TIMELINE 62 190 241748602745100 2313900
LATENCY 2211800
TIMELINE 62 206 241748638057400 2211800
LATENCY 2092900
TIMELINE 62 222 241748672481900 2092900
LATENCY 2078200
TIMELINE 62 238 241748713492900 2078200
LATENCY 2156200
TIMELINE 62 254 241748748031600 2156200
LATENCY 2130200
TIMELINE 62 270 241748783015200 2130200
LATENCY 2170200
TIMELINE 62 286 241748817395000 2170200
LATENCY 2210200
TIMELINE 62 302 241748852000300 2210200
LATENCY 2074900
TIMELINE 62 318 241748885914800 2074900
LATENCY 2129500
TIMELINE 62 334 241748919697400 2129500
LATENCY 2045500
TIMELINE 62 350 241748953451000 2045500
LATENCY 2140000
TIMELINE 62 366 241748994592800 2140000
LATENCY 2210200
TIMELINE 62 382 241749029932100 2210200
LATENCY 2135800
TIMELINE 62 398 241749065102900 2135800
LATENCY 2209200
TIMELINE 62 414 241749100339900 2209200
LATENCY 2130200
TIMELINE 62 430 241749134788100 2130200
LATENCY 2114500
TIMELINE 62 446 241749169345000 2114500
LATENCY 2152600
TIMELINE 62 462 241749205213800 2152600
LATENCY 2142400
TIMELINE 62 478 241749239264700 2142400
LATENCY 2269500
TIMELINE 62 494 241749280085300 2269500
LATENCY 2126900
TIMELINE 62 510 241749314050800 2126900
LATENCY 2069400
TIMELINE 62 526 241749347963100 2069400
LATENCY 2126200
TIMELINE 62 542 241749381952500 2126200
LATENCY 2212800
TIMELINE 62 558 241749416419300 2212800
LATENCY 2202800
TIMELINE 62 574 241749452165300 2202800
LATENCY 2133400
TIMELINE 62 590 241749487018600 2133400
LATENCY 2167000
TIMELINE 62 606 241749521817100 2167000
LATENCY 2230900
TIMELINE 62 622 241749563041100 2230900
LATENCY 2140400
TIMELINE 62 638 241749599598900 2140400
LATENCY 2070700
TIMELINE 62 654 241749633736800 2070700
LATENCY 2101400
TIMELINE 62 670 241749667373000 2101400
LATENCY 2034200
TIMELINE 62 686 241749701117700 2034200
LATENCY 2130700
TIMELINE 62 702 241749734841600 2130700
LATENCY 2111200
TIMELINE 62 718 241749769049300 2111200
LATENCY 2125300
TIMELINE 62 734 241749803151700 2125300
LATENCY 2233300
TIMELINE 62 750 241749846041200 2233300
LATENCY 2118900
TIMELINE 62 766 241749880256900 2118900
LATENCY 2254800
TIMELINE 62 782 241749915889100 2254800
LATENCY 2470900
TIMELINE 62 798 241749950894200 2470900
LATENCY 2121500
TIMELINE 62 814 241749986305900 2121500
LATENCY 2082400
TIMELINE 62 830 241750020366000 2082400
LATENCY 2113700
TIMELINE 62 846 241750054091800 2113700
LATENCY 2230000
TIMELINE 62 862 241750113396800 2230000
LATENCY 2119600
TIMELINE 62 878 241750148073100 2119600
LATENCY 2195800
TIMELINE 62 894 241750183015200 2195800
LATENCY 2202700
TIMELINE 62 910 241750218352100 2202700
LATENCY 2264900
TIMELINE 62 926 241750254129000 2264900
LATENCY 2148700
TIMELINE 62 942 241750289939200 2148700
LATENCY 2058500
TIMELINE 62 958 241750324743200 2058500
LATENCY 2057100
TIMELINE 62 974 241750358404200 2057100
LATENCY 2081000
TIMELINE 62 990 241750400877100 2081000
LATENCY 2091400
TIMELINE 62 1006 241750434693300 2091400
LATENCY 2088800
TIMELINE 62 1022 241750468517100 2088800
LATENCY 2071500
TIMELINE 62 1038 241750502350700 2071500
LATENCY 2166700
TIMELINE 62 1054 241750535919000 2166700
LATENCY 2093000
TIMELINE 62 1070 241750570962400 2093000
LATENCY 2089900
TIMELINE 62 1086 241750605146900 2089900
LATENCY 2132400
TIMELINE 62 1102 241750643915400 2132400
LATENCY 2146700
TIMELINE 62 1118 241750679029900 2146700
LATENCY 2100600
TIMELINE 62 1134 241750712959700 2100600
LATENCY 2105600
TIMELINE 62 1150 241750747355200 2105600
LATENCY 2066100
TIMELINE 62 1166 241750781119300 2066100
LATENCY 2096800
TIMELINE 62 1182 241750814782700 2096800
LATENCY 2327700
TIMELINE 62 1198 241750849720400 2327700
LATENCY 2419200
TIMELINE 62 1214 241750885177700 2419200
LATENCY 2222800
TIMELINE 62 1230 241750925942500 2222800
LATENCY 2399700
TIMELINE 62 1246 241750961758800 2399700
LATENCY 2212900
TIMELINE 62 1262 241750997644100 2212900
LATENCY 2115900
TIMELINE 62 1278 241751034256800 2115900
LATENCY 2304300
TIMELINE 62 1294 241751068840800 2304300
LATENCY 2711800
TIMELINE 62 1310 241751104656800 2711800
LATENCY 3038500
TIMELINE 62 1326 241751150316300 3038500
LATENCY 2951900
TIMELINE 62 1342 241751203629400 2951900
LATENCY 3020800
TIMELINE 62 1358 241751251503700 3020800
LATENCY 2805200
TIMELINE 62 1374 241751297915800 2805200
LATENCY 2568600
TIMELINE 62 1390 241751342241000 2568600
LATENCY 2914800
TIMELINE 62 1406 241751388192800 2914800
LATENCY 2950300
TIMELINE 62 1422 241751435347700 2950300
LATENCY 2794100
TIMELINE 62 1438 241751481547900 2794100
LATENCY 2966000
TIMELINE 62 1454 241751526682700 2966000
LATENCY 2702300
TIMELINE 62 1470 241751578624900 2702300
LATENCY 2689000
TIMELINE 62 1486 241751625169000 2689000
LATENCY 2747400
TIMELINE 62 1502 241751668754200 2747400
LATENCY 2680500
TIMELINE 62 1518 241751712618000 2680500
LATENCY 2943000
TIMELINE 62 1534 241751758520400 2943000
LATENCY 2678000
TIMELINE 62 1550 241751803735400 2678000
LATENCY 2912800
TIMELINE 62 1566 241751851554000 2912800
LATENCY 2953700
TIMELINE 62 1582 241751911575700 2953700
LATENCY 2918500
TIMELINE 62 1598 241751958856400 2918500
LATENCY 2884200
TIMELINE 62 1614 241752005672000 2884200
LATENCY 2997300
TIMELINE 62 1630 241752054775600 2997300
LATENCY 2955300
TIMELINE 62 1646 241752102111800 2955300
LATENCY 2941500
TIMELINE 62 1662 241752146322000 2941500
LATENCY 3471800
TIMELINE 62 1678 241752195216400 3471800
LATENCY 2930700
TIMELINE 62 1694 241752239269300 2930700
LATENCY 2882200
TIMELINE 62 1710 241752290679500 2882200
LATENCY 2925600
TIMELINE 62 1726 241752339930700 2925600
LATENCY 2900500
TIMELINE 62 1742 241752386216800 2900500
LATENCY 2986100
TIMELINE 62 1758 241752433128200 2986100
LATENCY 2756100
TIMELINE 62 1774 241752481132000 2756100
LATENCY 2731000
TIMELINE 62 1790 241752526398200 2731000
LATENCY 2719400
TIMELINE 62 1806 241752574928500 2719400
LATENCY 2687900
TIMELINE 62 1822 241752622871400 2687900
LATENCY 2718500
TIMELINE 62 1838 241752666561800 2718500
LATENCY 2926800
TIMELINE 62 1854 241752711779500 2926800
LATENCY 2943800
TIMELINE 62 1870 241752760033200 2943800
LATENCY 3025800
TIMELINE 62 1886 241752805399600 3025800
LATENCY 3022500
TIMELINE 62 1902 241752853314500 3022500
LATENCY 3362800
TIMELINE 62 1918 241752906092100 3362800
LATENCY 3524100
TIMELINE 62 1934 241752963491500 3524100
LATENCY 3217800
TIMELINE 62 1950 241753016620100 3217800
LATENCY 2956300
TIMELINE 62 1966 241753067721800 2956300
LATENCY 2750300
TIMELINE 62 1982 241753111369000 2750300
LATENCY 2719700
TIMELINE 62 1998 241753155840800 2719700
LATENCY 2723300
TIMELINE 62 2014 241753199560700 2723300
LATENCY 2758000
TIMELINE 62 2030 241753244621900 2758000
LATENCY 3441100
TIMELINE 62 2046 241753292369800 3441100
LATENCY 2739900
TIMELINE 63 15 241748194404000 2739900
LATENCY 2391100
TIMELINE 63 31 241748231838900 2391100
LATENCY 2254700
TIMELINE 63 47 241748268583800 2254700
LATENCY 2329500
TIMELINE 63 63 241748305236300 2329500
LATENCY 2308500
TIMELINE 63 79 241748343495600 2308500
LATENCY 2326100
TIMELINE 63 95 241748381090400 2326100
LATENCY 2223300
TIMELINE 63 111 241748425334500 2223300
LATENCY 2203200
TIMELINE 63 127 241748460872100 2203200
LATENCY 2255800
TIMELINE 63 143 241748496491100 2255800
LATENCY 2393300
TIMELINE 63 159 241748533395100 2393300
LATENCY 2122200
TIMELINE 63 175 241748568864600 2122200
LATENCY 2320700
TIMELINE 63 191 241748605966700 2320700
LATENCY 2167900
TIMELINE 63 207 241748641139000 2167900
LATENCY 2096600
TIMELINE 63 223 241748675375100 2096600
LATENCY 2092600
TIMELINE 63 239 241748716368000 2092600
LATENCY 2100200
TIMELINE 63 255 241748750984500 2100200
LATENCY 2142900
TIMELINE 63 271 241748786192600 2142900
LATENCY 2166600
TIMELINE 63 287 241748820732600 2166600
LATENCY 2147500
TIMELINE 63 303 241748855200400 2147500
LATENCY 2087400
TIMELINE 63 319 241748888974900 2087400
LATENCY 2150000
TIMELINE 63 335 241748922832100 2150000
LATENCY 2093700
TIMELINE 63 351 241748956490600 2093700
LATENCY 2114600
TIMELINE 63 367 241748997559800 2114600
LATENCY 2225800
TIMELINE 63 383 241749033136700 2225800
LATENCY 2144800
TIMELINE 63 399 241749068149700 2144800
LATENCY 2118300
TIMELINE 63 415 241749103708400 2118300
LATENCY 2199100
TIMELINE 63 431 241749138037300 2199100
LATENCY 2153800
TIMELINE 63 447 241749172611600 2153800
LATENCY 2212100
TIMELINE 63 463 241749208495700 2212100
LATENCY 2163500
TIMELINE 63 479 241749242530700 2163500
LATENCY 2138000
TIMELINE 63 495 241749283478000 2138000
LATENCY 2204500
TIMELINE 63 511 241749317321300 2204500
LATENCY 2136300
TIMELINE 63 527 241749351147700 2136300
LATENCY 2075100
TIMELINE 63 543 241749385196800 2075100
LATENCY 2154200
TIMELINE 63 559 241749419651400 2154200
LATENCY 2184400
TIMELINE 63 575 241749455476900 2184400
LATENCY 2291400
TIMELINE 63 591 241749490357900 2291400
LATENCY 2152300
TIMELINE 63 607 241749525358700 2152300
LATENCY 2388700
TIMELINE 63 623 241749566826800 2388700
LATENCY 2319200
TIMELINE 63 639 241749603169500 2319200
LATENCY 2024100
TIMELINE 63 655 241749637156000 2024100
LATENCY 2101900
TIMELINE 63 671 241749670726100 2101900
LATENCY 2069500
TIMELINE 63 687 241749704376400 2069500
LATENCY 2105700
TIMELINE 63 703 241749738220600 2105700
LATENCY 2128500
TIMELINE 63 719 241749772398400 2128500
LATENCY 2129100
TIMELINE 63 735 241749806534900 2129100
LATENCY 2165300
TIMELINE 63 751 241749849361200 2165300
LATENCY 2133100
TIMELINE 63 767 241749883414000 2133100
LATENCY 2256000
TIMELINE 63 783 241749919069900 2256000
LATENCY 2245800
TIMELINE 63 799 241749954302700 2245800
LATENCY 2134200
TIMELINE 63 815 241749989265000 2134200
LATENCY 2111700
TIMELINE 63 831 241750023219700 2111700
LATENCY 2128400
TIMELINE 63 847 241750056980700 2128400
LATENCY 2136500
TIMELINE 63 863 241750117058500 2136500
LATENCY 2205700
TIMELINE 63 879 241750151643500 2205700
LATENCY 2369800
TIMELINE 63 895 241750186852300 2369800
LATENCY 2233200
TIMELINE 63 911 241750222027000 2233200
LATENCY 2358600
TIMELINE 63 927 241750257897700 2358600
LATENCY 2235600
TIMELINE 63 943 241750293693000 2235600
LATENCY 2144300
TIMELINE 63 959 241750328111500 2144300
LATENCY 2144900
TIMELINE 63 975 241750361781400 2144900
LATENCY 2137600
TIMELINE 63 991 241750404024600 2137600
LATENCY 2148100
TIMELINE 63 1007 241750437860300 2148100
LATENCY 2100800
TIMELINE 63 1023 241750471660200 2100800
LATENCY 2096600
TIMELINE 63 1039 241750505460000 2096600
LATENCY 2166700
TIMELINE 63 1055 241750539246900 2166700
LATENCY 2180700
TIMELINE 63 1071 241750574094600 2180700
LATENCY 2128300
TIMELINE 63 1087 241750608400100 2128300
LATENCY 2301500
TIMELINE 63 1103 241750647215700 2301500
LATENCY 2121700
TIMELINE 63 1119 241750682398900 2121700
LATENCY 2108000
TIMELINE 63 1135 241750716290900 2108000
LATENCY 2111300
TIMELINE 63 1151 241750750802900 2111300
LATENCY 2099700
TIMELINE 63 1167 241750784487100 2099700
LATENCY 2214600
TIMELINE 63 1183 241750818279600 2214600
LATENCY 2154600
TIMELINE 63 1199 241750853436100 2154600
LATENCY 2296800
TIMELINE 63 1215 241750888896600 2296800
LATENCY 2189500
TIMELINE 63 1231 241750929536500 2189500
LATENCY 2240000
TIMELINE 63 1247 241750965665800 2240000
LATENCY 2176200
TIMELINE 63 1263 241751001321300 2176200
LATENCY 2114500
TIMELINE 63 1279 241751037794300 2114500
LATENCY 2307600
TIMELINE 63 1295 241751072013900 2307600
LATENCY 2728200
TIMELINE 63 1311 241751108342400 2728200
LATENCY 3006600
TIMELINE 63 1327 241751154489600 3006600
LATENCY 2981400
TIMELINE 63 1343 241751207663800 2981400
LATENCY 3029600
TIMELINE 63 1359 241751255681700 3029600
LATENCY 2848600
TIMELINE 63 1375 241751301515800 2848600
LATENCY 2591200
TIMELINE 63 1391 241751345695500 2591200
LATENCY 2961600
TIMELINE 63 1407 241751392130200 2961600
LATENCY 2957100
TIMELINE 63 1423 241751439328200 2957100
LATENCY 2642400
TIMELINE 63 1439 241751485249200 2642400
LATENCY 2954200
TIMELINE 63 1455 241751530610100 2954200
LATENCY 2963500
TIMELINE 63 1471 241751582369000 2963500
LATENCY 2726300
TIMELINE 63 1487 241751629100600 2726300
LATENCY 2750800
TIMELINE 63 1503 241751672737100 2750800
LATENCY 3039200
TIMELINE 63 1519 241751716513900 3039200
LATENCY 2989700
TIMELINE 63 1535 241751762827600 2989700
LATENCY 2727500
TIMELINE 63 1551 241751807636200 2727500
LATENCY 2906800
TIMELINE 63 1567 241751855824700 2906800
LATENCY 2925300
TIMELINE 63 1583 241751915913700 2925300
LATENCY 2908600
TIMELINE 63 1599 241751963127200 2908600
LATENCY 2769500
TIMELINE 63 1615 241752009856000 2769500
LATENCY 3025100
TIMELINE 63 1631 241752056975300 3025100
LATENCY 2954800
TIMELINE 63 1647 241752104359200 2954800
LATENCY 3335900
TIMELINE 63 1663 241752148520700 3335900
LATENCY 2696200
TIMELINE 63 1679 241752198496400 2696200
LATENCY 2962900
TIMELINE 63 1695 241752241991000 2962900
LATENCY 2929800
TIMELINE 63 1711 241752293324500 2929800
LATENCY 2948800
TIMELINE 63 1727 241752342611000 2948800
LATENCY 2933100
TIMELINE 63 1743 241752388728500 2933100
LATENCY 2999700
TIMELINE 63 1759 241752435818600 2999700
LATENCY 2812500
TIMELINE 63 1775 241752483621000 2812500
LATENCY 2793900
TIMELINE 63 1791 241752528865800 2793900
LATENCY 2662100
TIMELINE 63 1807 241752577387900 2662100
LATENCY 2715400
TIMELINE 63 1823 241752625295000 2715400
LATENCY 2726200
TIMELINE 63 1839 241752669019900 2726200
LATENCY 2947600
TIMELINE 63 1855 241752714497100 2947600
LATENCY 2972600
TIMELINE 63 1871 241752762766600 2972600
LATENCY 3132100
TIMELINE 63 1887 241752808231600 3132100
LATENCY 2963300
TIMELINE 63 1903 241752856122100 2963300
LATENCY 3280000
TIMELINE 63 1919 241752909320300 3280000
LATENCY 3453100
TIMELINE 63 1935 241752966880000 3453100
LATENCY 3233800
TIMELINE 63 1951 241753019703300 3233800
LATENCY 2880200
TIMELINE 63 1967 241753070516800 2880200
LATENCY 2742400
TIMELINE 63 1983 241753113961900 2742400
LATENCY 2817400
TIMELINE 63 1999 241753158479000 2817400
LATENCY 2937200
TIMELINE 63 2015 241753202197600 2937200
LATENCY 2781800
TIMELINE 63 2031 241753247301200 2781800
LATENCY 2627700
TIMELINE 63 2047 241753295707100 2627700
PASS curl benchmark
[engine] opt unque. engine=1  id=85    PhpRootGen@1227bcfe(resume_bci=1142)               |Tier 1|Count/Thres       8192/      400|Queue: Size    0 Change  0  Load  1,00 Time     0us                                   |UTC 2026-09-25T22:41:33.501|Src n/a|Reason Polyglot engine was closed.
[engine] opt unque. engine=1  id=86    PhpRootGen@1227bcfe(resume_bci=1760)               |Tier 1|Count/Thres      14834/      400|Queue: Size    0 Change  0  Load  1,00 Time     0us                                   |UTC 2026-09-25T22:41:33.501|Src n/a|Reason Polyglot engine was closed.
