[To redirect Truffle log output to a file use one of the following options:
* '--log.file=<path>' if the option is passed using a guest language launcher.
* '-Dpolyglot.log.file=<path>' if the option is passed using the host Java launcher.
* Configure logging using the polyglot embedding API.]
[engine] opt start  engine=1  id=21    PhpRootGen@515a3d28                                |Tier 1|Priority 112111186|Rate 746,4079|Queue: Size    0 Change +0  Load  1,00 Time     0us                                   |UTC 2026-09-25T22:41:00.863|Src n/a|Bonuses first tier
[engine] opt queued engine=1  id=21    PhpRootGen@515a3d28                                |Tier 1|Count/Thres        400/      400|Queue: Size    0 Change +1  Load  1,00 Time     0us                                   |UTC 2026-09-25T22:41:00.863|Src n/a
[engine] opt start  engine=1  id=83    PhpRootGen@59698b0a(resume_bci=1536)               |Tier 1|Priority 158127883|Rate 1053,185|Queue: Size    0 Change +0  Load  1,00 Time     0us                                   |UTC 2026-09-25T22:41:00.873|Src n/a|Bonuses first tier
[engine] opt queued engine=1  id=83    PhpRootGen@59698b0a(resume_bci=1536)               |Tier 1|Count/Thres        400/      400|Queue: Size    0 Change +1  Load  1,00 Time     0us                                   |UTC 2026-09-25T22:41:00.872|Src n/a
[engine] opt done   engine=1  id=21    PhpRootGen@515a3d28                                |Tier 1|Time    18(   8+9   )ms|AST    2|Inlined   0Y   0N|IR    396/  1439|CodeSize    5827|Addr 0x4c4688ec0000|CompId 5725   |UTC 2026-09-25T22:41:00.881|Src n/a
[engine] opt unque. engine=1  id=83    PhpRootGen@59698b0a(resume_bci=1536)               |Tier 1|Count/Thres       1000/      400|Queue: Size    0 Change  0  Load  1,00 Time     0us                                   |UTC 2026-09-25T22:41:00.916|Src n/a|Reason Non permanent bailout: jdk.graal.compiler.core.common.RetryableBailoutException: Assumption invalidated while compiling code: IsolatedObjectConstant[Object]
[engine] opt start  engine=1  id=74    CallSignatureNode.CallSignatureRootNode@51c7e46e   |Tier 1|Priority    627562|Rate 3,183753|Queue: Size    0 Change +0  Load  1,00 Time     0us                                   |UTC 2026-09-25T22:41:00.926|Src n/a|Bonuses first tier
[engine] opt queued engine=1  id=74    CallSignatureNode.CallSignatureRootNode@51c7e46e   |Tier 1|Count/Thres        400/      400|Queue: Size    0 Change +1  Load  1,00 Time     0us                                   |UTC 2026-09-25T22:41:00.926|Src n/a
[engine] opt queued engine=1  id=73    FunctionExecuteNode.SignatureExecuteNode@5fc91fb   |Tier 1|Count/Thres        400/      400|Queue: Size    0 Change +1  Load  1,00 Time     0us                                   |UTC 2026-09-25T22:41:00.926|Src n/a
[engine] opt start  engine=1  id=73    FunctionExecuteNode.SignatureExecuteNode@5fc91fb   |Tier 1|Priority    625663|Rate 3,171090|Queue: Size    0 Change +0  Load  1,00 Time     0us                                   |UTC 2026-09-25T22:41:00.926|Src n/a|Bonuses first tier
[engine] opt queued engine=1  id=71    LibFFIClosure.VoidRetClosureRootNode@2f4203ff      |Tier 1|Count/Thres        400/      400|Queue: Size    0 Change +1  Load  1,00 Time     0us                                   |UTC 2026-09-25T22:41:00.930|Src n/a
[engine] opt start  engine=1  id=71    LibFFIClosure.VoidRetClosureRootNode@2f4203ff      |Tier 1|Priority    989452|Rate 5,596347|Queue: Size    0 Change +0  Load  1,00 Time     0us                                   |UTC 2026-09-25T22:41:00.930|Src n/a|Bonuses first tier
[engine] opt queued engine=1  id=86    PhpRootGen@b13cd4b(resume_bci=1760)                |Tier 1|Count/Thres        400/      400|Queue: Size    0 Change +1  Load  1,00 Time     0us                                   |UTC 2026-09-25T22:41:00.935|Src n/a
[engine] opt start  engine=1  id=86    PhpRootGen@b13cd4b(resume_bci=1760)                |Tier 1|Priority   1687830|Rate 10,25220|Queue: Size    0 Change +0  Load  1,00 Time     0us                                   |UTC 2026-09-25T22:41:00.935|Src n/a|Bonuses first tier
[engine] opt done   engine=1  id=73    FunctionExecuteNode.SignatureExecuteNode@5fc91fb   |Tier 1|Time    12(   8+5   )ms|AST    4|Inlined   0Y   0N|IR    132/   310|CodeSize    1081|Addr 0x4add13850000|CompId 5728   |UTC 2026-09-25T22:41:00.939|Src n/a
[engine] opt done   engine=1  id=71    LibFFIClosure.VoidRetClosureRootNode@2f4203ff      |Tier 1|Time    12(   6+6   )ms|AST   23|Inlined   0Y   0N|IR    125/   395|CodeSize    1658|Addr 0x3c721b390000|CompId 5729   |UTC 2026-09-25T22:41:00.943|Src n/a
[engine] opt done   engine=1  id=74    CallSignatureNode.CallSignatureRootNode@51c7e46e   |Tier 1|Time    18(  10+8   )ms|AST   12|Inlined   0Y   1N|IR    146/   483|CodeSize    1949|Addr 0x1826fd000000|CompId 5727   |UTC 2026-09-25T22:41:00.943|Src n/a
[engine] opt done   engine=1  id=86    PhpRootGen@b13cd4b(resume_bci=1760)                |Tier 1|Time    66(  27+39  )ms|AST    1|Inlined   0Y   0N|IR   1755/  4845|CodeSize   20693|Addr 0x7be578780000|CompId 5730   |UTC 2026-09-25T22:41:01.002|Src n/a
[engine] opt queued engine=1  id=77    CallSignatureNode.CallSignatureRootNode@52439c49   |Tier 1|Count/Thres        400/      400|Queue: Size    1 Change +1  Load  1,00 Time     0us                                   |UTC 2026-09-25T22:41:01.209|Src n/a
[engine] opt start  engine=1  id=77    CallSignatureNode.CallSignatureRootNode@52439c49   |Tier 1|Priority    296994|Rate 0,979963|Queue: Size    0 Change +0  Load  1,00 Time     0us                                   |UTC 2026-09-25T22:41:01.209|Src n/a|Bonuses first tier
[engine] opt queued engine=1  id=76    FunctionExecuteNode.SignatureExecuteNode@a4f2049   |Tier 1|Count/Thres        400/      400|Queue: Size    1 Change +1  Load  1,00 Time     0us                                   |UTC 2026-09-25T22:41:01.209|Src n/a
[engine] opt start  engine=1  id=76    FunctionExecuteNode.SignatureExecuteNode@a4f2049   |Tier 1|Priority    296958|Rate 0,979725|Queue: Size    0 Change +0  Load  1,00 Time     0us                                   |UTC 2026-09-25T22:41:01.209|Src n/a|Bonuses first tier
[engine] opt done   engine=1  id=76    FunctionExecuteNode.SignatureExecuteNode@a4f2049   |Tier 1|Time     3(   1+2   )ms|AST    3|Inlined   0Y   0N|IR    124/   269|CodeSize     926|Addr 0x13ab63dc0000|CompId 5732   |UTC 2026-09-25T22:41:01.212|Src n/a
[engine] opt done   engine=1  id=77    CallSignatureNode.CallSignatureRootNode@52439c49   |Tier 1|Time     4(   2+2   )ms|AST   11|Inlined   0Y   1N|IR    140/   403|CodeSize    1464|Addr 0x6df824d50000|CompId 5731   |UTC 2026-09-25T22:41:01.213|Src n/a
[engine] opt start  engine=1  id=85    PhpRootGen@b13cd4b(resume_bci=1142)                |Tier 1|Priority    300542|Rate 1,003619|Queue: Size    0 Change +0  Load  1,00 Time     0us                                   |UTC 2026-09-25T22:41:01.294|Src n/a|Bonuses first tier
[engine] opt queued engine=1  id=85    PhpRootGen@b13cd4b(resume_bci=1142)                |Tier 1|Count/Thres        400/      400|Queue: Size    0 Change +1  Load  1,00 Time     0us                                   |UTC 2026-09-25T22:41:01.294|Src n/a
[0.535s] GC(0) Pause Incremental GC (Collect on allocation) 48.00M->3.50M 8.854ms
[engine] opt done   engine=1  id=85    PhpRootGen@b13cd4b(resume_bci=1142)                |Tier 1|Time   103(  35+69  )ms|AST    1|Inlined   0Y   0N|IR   2763/  7680|CodeSize   32708|Addr 0x2c0dbcde0000|CompId 5733   |UTC 2026-09-25T22:41:01.398|Src n/a
[engine] opt queued engine=1  id=74    CallSignatureNode.CallSignatureRootNode@51c7e46e   |Tier 2|Count/Thres      10000/    10000|Queue: Size    1 Change +1  Load  1,00 Time     0us                                   |UTC 2026-09-25T22:41:01.492|Src n/a
[engine] opt start  engine=1  id=74    CallSignatureNode.CallSignatureRootNode@51c7e46e   |Tier 2|Priority    154505|Rate 14,45053|Queue: Size    0 Change +0  Load  1,00 Time     0us                                   |UTC 2026-09-25T22:41:01.492|Src n/a|Bonuses
[engine] opt start  engine=1  id=73    FunctionExecuteNode.SignatureExecuteNode@5fc91fb   |Tier 2|Priority    154482|Rate 14,44823|Queue: Size    0 Change +0  Load  1,00 Time     0us                                   |UTC 2026-09-25T22:41:01.492|Src n/a|Bonuses
[engine] opt queued engine=1  id=73    FunctionExecuteNode.SignatureExecuteNode@5fc91fb   |Tier 2|Count/Thres      10000/    10000|Queue: Size    1 Change +1  Load  1,00 Time     0us                                   |UTC 2026-09-25T22:41:01.492|Src n/a
[engine] opt queued engine=1  id=71    LibFFIClosure.VoidRetClosureRootNode@2f4203ff      |Tier 2|Count/Thres      10000/    10000|Queue: Size    1 Change +1  Load  1,00 Time     0us                                   |UTC 2026-09-25T22:41:01.496|Src n/a
[engine] opt start  engine=1  id=71    LibFFIClosure.VoidRetClosureRootNode@2f4203ff      |Tier 2|Priority    166990|Rate 15,69906|Queue: Size    0 Change +0  Load  1,00 Time     0us                                   |UTC 2026-09-25T22:41:01.496|Src n/a|Bonuses
[engine] opt done   engine=1  id=74    CallSignatureNode.CallSignatureRootNode@51c7e46e   |Tier 2|Time     7(   3+4   )ms|AST   12|Inlined   1Y   0N|IR    108/   263|CodeSize     825|Addr 0x1026b6250000|CompId 5734   |UTC 2026-09-25T22:41:01.499|Src n/a
[engine] opt done   engine=1  id=73    FunctionExecuteNode.SignatureExecuteNode@5fc91fb   |Tier 2|Time     7(   2+5   )ms|AST    4|Inlined   0Y   0N|IR     74/   188|CodeSize     646|Addr 0x0a4965100000|CompId 5735   |UTC 2026-09-25T22:41:01.499|Src n/a
[engine] opt done   engine=1  id=71    LibFFIClosure.VoidRetClosureRootNode@2f4203ff      |Tier 2|Time     8(   2+6   )ms|AST   23|Inlined   0Y   0N|IR     64/   333|CodeSize    1532|Addr 0x3fa9b2770000|CompId 5736   |UTC 2026-09-25T22:41:01.504|Src n/a
[engine] opt queued engine=1  id=86    PhpRootGen@b13cd4b(resume_bci=1760)                |Tier 2|Count/Thres      10000/    10000|Queue: Size    1 Change +1  Load  1,00 Time     0us                                   |UTC 2026-09-25T22:41:01.530|Src n/a
[engine] opt start  engine=1  id=86    PhpRootGen@b13cd4b(resume_bci=1760)                |Tier 2|Priority    167728|Rate 15,77288|Queue: Size    0 Change +0  Load  1,00 Time     0us                                   |UTC 2026-09-25T22:41:01.530|Src n/a|Bonuses
[engine] opt done   engine=1  id=86    PhpRootGen@b13cd4b(resume_bci=1760)                |Tier 2|Time    59(  10+49  )ms|AST    1|Inlined   0Y   0N|IR   1672/  3783|CodeSize   15619|Addr 0x362bf4f70000|CompId 5737   |UTC 2026-09-25T22:41:01.589|Src n/a
[0.923s] GC(1) Pause Incremental GC (Collect on allocation) 51.50M->5.00M 6.499ms
[1.244s] GC(2) Pause Incremental GC (Collect on allocation) 52.00M->5.00M 6.202ms
[1.547s] GC(3) Pause Incremental GC (Collect on allocation) 51.00M->5.50M 6.586ms
[1.839s] GC(4) Pause Incremental GC (Collect on allocation) 50.50M->6.00M 6.974ms
[2.125s] GC(5) Pause Incremental GC (Collect on allocation) 50.00M->6.00M 6.914ms
[2.404s] GC(6) Pause Incremental GC (Collect on allocation) 49.00M->7.00M 7.198ms
[2.676s] GC(7) Pause Incremental GC (Collect on allocation) 49.00M->7.00M 7.622ms
[2.941s] GC(8) Pause Incremental GC (Collect on allocation) 49.00M->7.50M 4.764ms
[3.257s] GC(9) Pause Incremental GC (Collect on allocation) 49.50M->7.50M 4.724ms
[3.600s] GC(10) Pause Incremental GC (Collect on allocation) 49.50M->8.00M 4.610ms
[3.935s] GC(11) Pause Incremental GC (Collect on allocation) 50.00M->8.50M 4.844ms
[engine] opt inval. engine=1  id=86    PhpRootGen@b13cd4b(resume_bci=1760)                                                                                                                                               |UTC 2026-09-25T22:41:04.993|Src n/a|Reason null
[engine] opt deopt  engine=1  id=86    PhpRootGen@b13cd4b(resume_bci=1760)                |Invalidated  true|                                                                                                            |UTC 2026-09-25T22:41:04.993|Src n/a|Reason unknown
[engine] opt queued engine=1  id=86    PhpRootGen@b13cd4b(resume_bci=1760)                |Tier 1|Count/Thres      11104/      400|Queue: Size    1 Change +1  Load  1,00 Time     0us                                   |UTC 2026-09-25T22:41:04.993|Src n/a
[engine] opt start  engine=1  id=86    PhpRootGen@b13cd4b(resume_bci=1760)                |Tier 1|Priority  15448196|Rate 2,709942|Queue: Size    0 Change +0  Load  1,00 Time     0us                                   |UTC 2026-09-25T22:41:04.993|Src n/a|Bonuses first tier
[engine] opt done   engine=1  id=86    PhpRootGen@b13cd4b(resume_bci=1760)                |Tier 1|Time    55(  13+42  )ms|AST    1|Inlined   0Y   0N|IR   1816/  5189|CodeSize   22331|Addr 0x12927de70000|CompId 5738   |UTC 2026-09-25T22:41:05.049|Src n/a
[4.272s] GC(12) Pause Incremental GC (Collect on allocation) 50.50M->9.50M 4.770ms
[engine] opt start  engine=1  id=86    PhpRootGen@b13cd4b(resume_bci=1760)                |Tier 2|Priority     49103|Rate 2,972470|Queue: Size    0 Change +0  Load  1,00 Time     0us                                   |UTC 2026-09-25T22:41:05.054|Src n/a|Bonuses
[engine] opt queued engine=1  id=86    PhpRootGen@b13cd4b(resume_bci=1760)                |Tier 2|Count/Thres      12361/    10000|Queue: Size    1 Change +1  Load  1,00 Time     0us                                   |UTC 2026-09-25T22:41:05.054|Src n/a
[engine] opt done   engine=1  id=86    PhpRootGen@b13cd4b(resume_bci=1760)                |Tier 2|Time   102(  18+84  )ms|AST    1|Inlined   0Y   0N|IR   1688/  4080|CodeSize   17360|Addr 0x690d4a6a0000|CompId 5739   |UTC 2026-09-25T22:41:05.161|Src n/a
[4.624s] GC(13) Pause Incremental GC (Collect on allocation) 51.50M->9.50M 4.468ms
[4.962s] GC(14) Pause Incremental GC (Collect on allocation) 51.50M->10.50M 4.464ms
[5.296s] GC(15) Pause Incremental GC (Collect on allocation) 52.50M->10.00M 4.628ms
[5.617s] GC(16) Pause Incremental GC (Collect on allocation) 52.00M->10.50M 4.591ms
[engine] opt inval. engine=1  id=85    PhpRootGen@b13cd4b(resume_bci=1142)                                                                                                                                               |UTC 2026-09-25T22:41:06.455|Src n/a|Reason null
[engine] opt deopt  engine=1  id=85    PhpRootGen@b13cd4b(resume_bci=1142)                |Invalidated  true|                                                                                                            |UTC 2026-09-25T22:41:06.455|Src n/a|Reason unknown
[engine] opt queued engine=1  id=85    PhpRootGen@b13cd4b(resume_bci=1142)                |Tier 1|Count/Thres       8181/      400|Queue: Size    1 Change +1  Load  1,00 Time     0us                                   |UTC 2026-09-25T22:41:06.455|Src n/a
[engine] opt start  engine=1  id=85    PhpRootGen@b13cd4b(resume_bci=1142)                |Tier 1|Priority   7582711|Rate 1,471650|Queue: Size    0 Change +0  Load  1,00 Time     0us                                   |UTC 2026-09-25T22:41:06.455|Src n/a|Bonuses first tier
[engine] opt inval. engine=1  id=86    PhpRootGen@b13cd4b(resume_bci=1760)                                                                                                                                               |UTC 2026-09-25T22:41:06.456|Src n/a|Reason null
[engine] opt deopt  engine=1  id=86    PhpRootGen@b13cd4b(resume_bci=1760)                |Invalidated  true|                                                                                                            |UTC 2026-09-25T22:41:06.456|Src n/a|Reason unknown
[engine] opt queued engine=1  id=86    PhpRootGen@b13cd4b(resume_bci=1760)                |Tier 1|Count/Thres      14190/      400|Queue: Size    1 Change +1  Load  1,00 Time     0us                                   |UTC 2026-09-25T22:41:06.456|Src n/a
[engine] opt start  engine=1  id=86    PhpRootGen@b13cd4b(resume_bci=1760)                |Tier 1|Priority  18901358|Rate 2,552052|Queue: Size    0 Change +0  Load  1,00 Time     0us                                   |UTC 2026-09-25T22:41:06.457|Src n/a|Bonuses first tier
[engine] opt queued engine=1  id=89    PhpRootGen@515a3d28(resume_bci=168)                |Tier 1|Count/Thres        400/      400|Queue: Size    1 Change +1  Load  1,00 Time     0us                                   |UTC 2026-09-25T22:41:06.473|Src n/a
[engine] opt start  engine=1  id=89    PhpRootGen@515a3d28(resume_bci=168)                |Tier 1|Priority  43219413|Rate 287,1294|Queue: Size    0 Change +0  Load  1,00 Time     0us                                   |UTC 2026-09-25T22:41:06.473|Src n/a|Bonuses first tier
[engine] opt done   engine=1  id=89    PhpRootGen@515a3d28(resume_bci=168)                |Tier 1|Time    11(   6+5   )ms|AST    1|Inlined   0Y   0N|IR    351/   790|CodeSize    2933|Addr 0x68661d430000|CompId 5742   |UTC 2026-09-25T22:41:06.484|Src n/a
VERSION libcurl/8.22.0 BoringSSL zlib/1.3.2 brotli/1.2.0 zstd/1.5.7 WinIDN nghttp2/1.63.0
CLOCK 241720712670400 241720715435700
LATENCY 19762500
TIMELINE 0 0 241720715817600 19762500
LATENCY 2836100
TIMELINE 0 16 241720811626500 2836100
LATENCY 4500900
TIMELINE 0 32 241720884094000 4500900
LATENCY 2844000
TIMELINE 0 48 241720951025800 2844000
LATENCY 4348100
TIMELINE 0 64 241721008477600 4348100
LATENCY 3625300
TIMELINE 0 80 241721063135700 3625300
LATENCY 2498400
TIMELINE 0 96 241721120088000 2498400
LATENCY 2649000
TIMELINE 0 112 241721187648000 2649000
LATENCY 2905800
TIMELINE 0 128 241721235871800 2905800
LATENCY 3812300
TIMELINE 0 144 241721289591800 3812300
LATENCY 3080300
TIMELINE 0 160 241721346858300 3080300
LATENCY 2766500
TIMELINE 0 176 241721402568300 2766500
LATENCY 2378700
TIMELINE 0 192 241721442396000 2378700
LATENCY 2245300
TIMELINE 0 208 241721479567700 2245300
LATENCY 2250700
TIMELINE 0 224 241721516396500 2250700
LATENCY 3050600
TIMELINE 0 240 241721560584900 3050600
LATENCY 2294300
TIMELINE 0 256 241721597952300 2294300
LATENCY 2497600
TIMELINE 0 272 241721634967900 2497600
LATENCY 2447600
TIMELINE 0 288 241721679521700 2447600
LATENCY 2400900
TIMELINE 0 304 241721719512500 2400900
LATENCY 2708700
TIMELINE 0 320 241721756705200 2708700
LATENCY 2298300
TIMELINE 0 336 241721794556800 2298300
LATENCY 2418200
TIMELINE 0 352 241721832248000 2418200
LATENCY 2287000
TIMELINE 0 368 241721875819900 2287000
LATENCY 2371400
TIMELINE 0 384 241721913792100 2371400
LATENCY 2236000
TIMELINE 0 400 241721950375300 2236000
LATENCY 2349300
TIMELINE 0 416 241721987253700 2349300
LATENCY 2352200
TIMELINE 0 432 241722024576900 2352200
LATENCY 2206500
TIMELINE 0 448 241722061868800 2206500
LATENCY 2317100
TIMELINE 0 464 241722100194800 2317100
LATENCY 2245500
TIMELINE 0 480 241722136805400 2245500
LATENCY 2248600
TIMELINE 0 496 241722180025800 2248600
LATENCY 2176200
TIMELINE 0 512 241722216475300 2176200
LATENCY 2319600
TIMELINE 0 528 241722253521800 2319600
LATENCY 2284300
TIMELINE 0 544 241722289813800 2284300
LATENCY 2231800
TIMELINE 0 560 241722326238200 2231800
LATENCY 2289100
TIMELINE 0 576 241722362222700 2289100
LATENCY 2407700
TIMELINE 0 592 241722398578100 2407700
LATENCY 2233800
TIMELINE 0 608 241722434840100 2233800
LATENCY 2247500
TIMELINE 0 624 241722479517000 2247500
LATENCY 2157000
TIMELINE 0 640 241722516841900 2157000
LATENCY 2414500
TIMELINE 0 656 241722552521700 2414500
LATENCY 2369500
TIMELINE 0 672 241722589168900 2369500
LATENCY 2281300
TIMELINE 0 688 241722625631900 2281300
LATENCY 2326000
TIMELINE 0 704 241722661888000 2326000
LATENCY 2257800
TIMELINE 0 720 241722698867900 2257800
LATENCY 2322600
TIMELINE 0 736 241722734163600 2322600
LATENCY 2313700
TIMELINE 0 752 241722778483100 2313700
LATENCY 2214300
TIMELINE 0 768 241722814287000 2214300
LATENCY 2262800
TIMELINE 0 784 241722850793800 2262800
LATENCY 2269600
TIMELINE 0 800 241722887318900 2269600
LATENCY 2174100
TIMELINE 0 816 241722924178100 2174100
LATENCY 2328700
TIMELINE 0 832 241722960610700 2328700
LATENCY 2210200
TIMELINE 0 848 241722995666700 2210200
LATENCY 2149700
TIMELINE 0 864 241723039523400 2149700
LATENCY 2303300
TIMELINE 0 880 241723076310800 2303300
LATENCY 2423400
TIMELINE 0 896 241723112251100 2423400
LATENCY 2253400
TIMELINE 0 912 241723148386300 2253400
LATENCY 2192300
TIMELINE 0 928 241723184035400 2192300
LATENCY 2276100
TIMELINE 0 944 241723219884000 2276100
LATENCY 2334300
TIMELINE 0 960 241723256189400 2334300
LATENCY 2330900
TIMELINE 0 976 241723293127300 2330900
LATENCY 2121100
TIMELINE 0 992 241723336993200 2121100
LATENCY 2187300
TIMELINE 0 1008 241723372354300 2187300
LATENCY 2231700
TIMELINE 0 1024 241723407954500 2231700
LATENCY 2226400
TIMELINE 0 1040 241723444000700 2226400
LATENCY 2216700
TIMELINE 0 1056 241723479731400 2216700
LATENCY 2230500
TIMELINE 0 1072 241723515336700 2230500
LATENCY 2093900
TIMELINE 0 1088 241723550290000 2093900
LATENCY 2150900
TIMELINE 0 1104 241723590373400 2150900
LATENCY 2637600
TIMELINE 0 1120 241723627824500 2637600
LATENCY 2641500
TIMELINE 0 1136 241723669777600 2641500
LATENCY 2645100
TIMELINE 0 1152 241723712681000 2645100
LATENCY 4037900
TIMELINE 0 1168 241723759481400 4037900
LATENCY 2720200
TIMELINE 0 1184 241723803767300 2720200
LATENCY 2775300
TIMELINE 0 1200 241723850843000 2775300
LATENCY 2888000
TIMELINE 0 1216 241723899786300 2888000
LATENCY 2991500
TIMELINE 0 1232 241723946274600 2991500
LATENCY 2910800
TIMELINE 0 1248 241723994095900 2910800
LATENCY 2855100
TIMELINE 0 1264 241724040660700 2855100
LATENCY 3045800
TIMELINE 0 1280 241724086727700 3045800
LATENCY 2923400
TIMELINE 0 1296 241724131970300 2923400
LATENCY 2874000
TIMELINE 0 1312 241724178169200 2874000
LATENCY 3941100
TIMELINE 0 1328 241724228857300 3941100
LATENCY 2148500
TIMELINE 0 1344 241724274508900 2148500
LATENCY 2897800
TIMELINE 0 1360 241724319301800 2897800
LATENCY 2599800
TIMELINE 0 1376 241724365319400 2599800
LATENCY 2762500
TIMELINE 0 1392 241724408327800 2762500
LATENCY 2934100
TIMELINE 0 1408 241724456127600 2934100
LATENCY 2570500
TIMELINE 0 1424 241724499689200 2570500
LATENCY 2802700
TIMELINE 0 1440 241724544050800 2802700
LATENCY 2936000
TIMELINE 0 1456 241724595771700 2936000
LATENCY 2869000
TIMELINE 0 1472 241724642261400 2869000
LATENCY 2847700
TIMELINE 0 1488 241724689284900 2847700
LATENCY 2894200
TIMELINE 0 1504 241724733119400 2894200
LATENCY 2815200
TIMELINE 0 1520 241724779226300 2815200
LATENCY 2723600
TIMELINE 0 1536 241724826273000 2723600
LATENCY 2753600
TIMELINE 0 1552 241724873714400 2753600
LATENCY 3357300
TIMELINE 0 1568 241724928782300 3357300
LATENCY 3195000
TIMELINE 0 1584 241724981927900 3195000
LATENCY 3105000
TIMELINE 0 1600 241725031995200 3105000
LATENCY 2596000
TIMELINE 0 1616 241725076400000 2596000
LATENCY 2868600
TIMELINE 0 1632 241725123707600 2868600
LATENCY 2594200
TIMELINE 0 1648 241725169335300 2594200
LATENCY 2883500
TIMELINE 0 1664 241725213815400 2883500
LATENCY 2877000
TIMELINE 0 1680 241725264682500 2877000
LATENCY 2929800
TIMELINE 0 1696 241725310614800 2929800
LATENCY 2574900
TIMELINE 0 1712 241725355380300 2574900
LATENCY 2729800
TIMELINE 0 1728 241725399965400 2729800
LATENCY 2956700
TIMELINE 0 1744 241725444784700 2956700
LATENCY 2874100
TIMELINE 0 1760 241725492214600 2874100
LATENCY 2907100
TIMELINE 0 1776 241725538053700 2907100
LATENCY 7375600
TIMELINE 0 1792 241725584269700 7375600
LATENCY 2665100
TIMELINE 0 1808 241725631187600 2665100
LATENCY 2818800
TIMELINE 0 1824 241725676271400 2818800
LATENCY 2716200
TIMELINE 0 1840 241725720611900 2716200
LATENCY 2746500
TIMELINE 0 1856 241725769654200 2746500
LATENCY 2771000
TIMELINE 0 1872 241725814065500 2771000
LATENCY 2762100
TIMELINE 0 1888 241725859535700 2762100
LATENCY 2809600
TIMELINE 0 1904 241725905472200 2809600
LATENCY 2761100
TIMELINE 0 1920 241725953963200 2761100
LATENCY 2779700
TIMELINE 0 1936 241725997041200 2779700
LATENCY 2630100
TIMELINE 0 1952 241726042784300 2630100
LATENCY 2595600
TIMELINE 0 1968 241726084668800 2595600
LATENCY 2643300
TIMELINE 0 1984 241726126625000 2643300
LATENCY 2987200
TIMELINE 0 2000 241726169890700 2987200
LATENCY 2845500
TIMELINE 0 2016 241726212775700 2845500
LATENCY 2586100
TIMELINE 0 2032 241726261325900 2586100
LATENCY 4986000
TIMELINE 1 1 241720735679700 4986000
LATENCY 3781500
TIMELINE 1 17 241720814288800 3781500
LATENCY 3771000
TIMELINE 1 33 241720888322800 3771000
LATENCY 3223300
TIMELINE 1 49 241720953730300 3223300
LATENCY 4239000
TIMELINE 1 65 241721012764400 4239000
LATENCY 3434600
TIMELINE 1 81 241721066880700 3434600
LATENCY 2619600
TIMELINE 1 97 241721122623100 2619600
LATENCY 2540300
TIMELINE 1 113 241721189610000 2540300
LATENCY 2791600
TIMELINE 1 129 241721238066700 2791600
LATENCY 3490100
TIMELINE 1 145 241721292566100 3490100
LATENCY 2990900
TIMELINE 1 161 241721349207400 2990900
LATENCY 2758200
TIMELINE 1 177 241721404645200 2758200
LATENCY 2342700
TIMELINE 1 193 241721444197900 2342700
LATENCY 2306900
TIMELINE 1 209 241721481302400 2306900
LATENCY 2252600
TIMELINE 1 225 241721518093500 2252600
LATENCY 2411200
TIMELINE 1 241 241721562958000 2411200
LATENCY 2354500
TIMELINE 1 257 241721599615200 2354500
LATENCY 2558300
TIMELINE 1 273 241721636651000 2558300
LATENCY 2443600
TIMELINE 1 289 241721679488600 2443600
LATENCY 2393400
TIMELINE 1 305 241721719455300 2393400
LATENCY 2693800
TIMELINE 1 321 241721756625400 2693800
LATENCY 2301000
TIMELINE 1 337 241721794398600 2301000
LATENCY 2416700
TIMELINE 1 353 241721832071000 2416700
LATENCY 2259900
TIMELINE 1 369 241721875726000 2259900
LATENCY 2370400
TIMELINE 1 385 241721913663200 2370400
LATENCY 2277200
TIMELINE 1 401 241721950173700 2277200
LATENCY 2349600
TIMELINE 1 417 241721987126200 2349600
LATENCY 2348500
TIMELINE 1 433 241722024356100 2348500
LATENCY 2212100
TIMELINE 1 449 241722061623000 2212100
LATENCY 2364400
TIMELINE 1 465 241722099865100 2364400
LATENCY 2233700
TIMELINE 1 481 241722136569400 2233700
LATENCY 2214700
TIMELINE 1 497 241722179786600 2214700
LATENCY 2170300
TIMELINE 1 513 241722216333300 2170300
LATENCY 2340000
TIMELINE 1 529 241722253324500 2340000
LATENCY 2279000
TIMELINE 1 545 241722289693600 2279000
LATENCY 2226700
TIMELINE 1 561 241722326119500 2226700
LATENCY 2253000
TIMELINE 1 577 241722362045100 2253000
LATENCY 2426800
TIMELINE 1 593 241722398270900 2426800
LATENCY 2220300
TIMELINE 1 609 241722434570500 2220300
LATENCY 2252400
TIMELINE 1 625 241722479268300 2252400
LATENCY 2193500
TIMELINE 1 641 241722515791200 2193500
LATENCY 2354600
TIMELINE 1 657 241722551421800 2354600
LATENCY 2450100
TIMELINE 1 673 241722587999800 2450100
LATENCY 2295600
TIMELINE 1 689 241722624611500 2295600
LATENCY 2234900
TIMELINE 1 705 241722660873600 2234900
LATENCY 2315800
TIMELINE 1 721 241722697919700 2315800
LATENCY 2414900
TIMELINE 1 737 241722733166000 2414900
LATENCY 2280100
TIMELINE 1 753 241722777621900 2280100
LATENCY 2207900
TIMELINE 1 769 241722813479800 2207900
LATENCY 2224100
TIMELINE 1 785 241722849958600 2224100
LATENCY 2319400
TIMELINE 1 801 241722886492100 2319400
LATENCY 2176300
TIMELINE 1 817 241722923067900 2176300
LATENCY 2295000
TIMELINE 1 833 241722959492600 2295000
LATENCY 2163900
TIMELINE 1 849 241722994601700 2163900
LATENCY 2163600
TIMELINE 1 865 241723038478800 2163600
LATENCY 2295800
TIMELINE 1 881 241723075167200 2295800
LATENCY 2469000
TIMELINE 1 897 241723111098900 2469000
LATENCY 2314200
TIMELINE 1 913 241723147314900 2314200
LATENCY 2144100
TIMELINE 1 929 241723182969900 2144100
LATENCY 2271400
TIMELINE 1 945 241723218771500 2271400
LATENCY 2313200
TIMELINE 1 961 241723255080700 2313200
LATENCY 2294500
TIMELINE 1 977 241723292008000 2294500
LATENCY 2192500
TIMELINE 1 993 241723337902500 2192500
LATENCY 2264500
TIMELINE 1 1009 241723373302300 2264500
LATENCY 2226200
TIMELINE 1 1025 241723408867000 2226200
LATENCY 2336600
TIMELINE 1 1041 241723444815900 2336600
LATENCY 2232600
TIMELINE 1 1057 241723480608800 2232600
LATENCY 2231000
TIMELINE 1 1073 241723516230400 2231000
LATENCY 2210300
TIMELINE 1 1089 241723551090700 2210300
LATENCY 2139800
TIMELINE 1 1105 241723591521500 2139800
LATENCY 2641400
TIMELINE 1 1121 241723629327700 2641400
LATENCY 2667000
TIMELINE 1 1137 241723671297700 2667000
LATENCY 2640000
TIMELINE 1 1153 241723714211500 2640000
LATENCY 2755000
TIMELINE 1 1169 241723761547200 2755000
LATENCY 2605300
TIMELINE 1 1185 241723804599000 2605300
LATENCY 2928000
TIMELINE 1 1201 241723851394400 2928000
LATENCY 2871600
TIMELINE 1 1217 241723900562400 2871600
LATENCY 2952700
TIMELINE 1 1233 241723947151400 2952700
LATENCY 2912100
TIMELINE 1 1249 241723994902400 2912100
LATENCY 2857200
TIMELINE 1 1265 241724041516600 2857200
LATENCY 2860600
TIMELINE 1 1281 241724087673600 2860600
LATENCY 2924000
TIMELINE 1 1297 241724132740200 2924000
LATENCY 2866800
TIMELINE 1 1313 241724178932100 2866800
LATENCY 4024200
TIMELINE 1 1329 241724229750900 4024200
LATENCY 2897600
TIMELINE 1 1345 241724275679300 2897600
LATENCY 2922400
TIMELINE 1 1361 241724321200900 2922400
LATENCY 2628000
TIMELINE 1 1377 241724366984000 2628000
LATENCY 2785900
TIMELINE 1 1393 241724410114800 2785900
LATENCY 2977700
TIMELINE 1 1409 241724458069400 2977700
LATENCY 2563100
TIMELINE 1 1425 241724501368600 2563100
LATENCY 2992700
TIMELINE 1 1441 241724545822800 2992700
LATENCY 2937800
TIMELINE 1 1457 241724597655600 2937800
LATENCY 2925900
TIMELINE 1 1473 241724644098400 2925900
LATENCY 2780700
TIMELINE 1 1489 241724691109900 2780700
LATENCY 2917400
TIMELINE 1 1505 241724735026300 2917400
LATENCY 2933800
TIMELINE 1 1521 241724781062900 2933800
LATENCY 2711500
TIMELINE 1 1537 241724829337500 2711500
LATENCY 2768400
TIMELINE 1 1553 241724876717200 2768400
LATENCY 3351200
TIMELINE 1 1569 241724932554300 3351200
LATENCY 3316300
TIMELINE 1 1585 241724985556700 3316300
LATENCY 3085200
TIMELINE 1 1601 241725035561900 3085200
LATENCY 2644600
TIMELINE 1 1617 241725079354400 2644600
LATENCY 3060500
TIMELINE 1 1633 241725126975300 3060500
LATENCY 2737500
TIMELINE 1 1649 241725172309600 2737500
LATENCY 2887800
TIMELINE 1 1665 241725217106800 2887800
LATENCY 2869400
TIMELINE 1 1681 241725267811700 2869400
LATENCY 2843700
TIMELINE 1 1697 241725313786500 2843700
LATENCY 2663800
TIMELINE 1 1713 241725358894800 2663800
LATENCY 2777600
TIMELINE 1 1729 241725403687600 2777600
LATENCY 2978200
TIMELINE 1 1745 241725448798800 2978200
LATENCY 2858400
TIMELINE 1 1761 241725496073000 2858400
LATENCY 2886100
TIMELINE 1 1777 241725541953300 2886100
LATENCY 2691300
TIMELINE 1 1793 241725592588400 2691300
LATENCY 2728100
TIMELINE 1 1809 241725634799500 2728100
LATENCY 2715500
TIMELINE 1 1825 241725680114300 2715500
LATENCY 2782200
TIMELINE 1 1841 241725724232300 2782200
LATENCY 2887100
TIMELINE 1 1857 241725773393400 2887100
LATENCY 2806400
TIMELINE 1 1873 241725817825000 2806400
LATENCY 2771600
TIMELINE 1 1889 241725862791500 2771600
LATENCY 2637900
TIMELINE 1 1905 241725908607400 2637900
LATENCY 2873400
TIMELINE 1 1921 241725957035700 2873400
LATENCY 2707700
TIMELINE 1 1937 241726000123600 2707700
LATENCY 2642200
TIMELINE 1 1953 241726044328600 2642200
LATENCY 2596200
TIMELINE 1 1969 241726086177100 2596200
LATENCY 2626400
TIMELINE 1 1985 241726128193800 2626400
LATENCY 2739400
TIMELINE 1 2001 241726171764600 2739400
LATENCY 3044600
TIMELINE 1 2017 241726214388200 3044600
LATENCY 2591400
TIMELINE 1 2033 241726262875300 2591400
LATENCY 5629800
TIMELINE 2 2 241720741378400 5629800
LATENCY 4653100
TIMELINE 2 18 241720818398000 4653100
LATENCY 3489000
TIMELINE 2 34 241720892596200 3489000
LATENCY 4642300
TIMELINE 2 50 241720957418700 4642300
LATENCY 4055100
TIMELINE 2 66 241721017305300 4055100
LATENCY 4244500
TIMELINE 2 82 241721070463100 4244500
LATENCY 2963700
TIMELINE 2 98 241721125387600 2963700
LATENCY 2547100
TIMELINE 2 114 241721192379600 2547100
LATENCY 3565000
TIMELINE 2 130 241721241142400 3565000
LATENCY 3107800
TIMELINE 2 146 241721296417900 3107800
LATENCY 2700100
TIMELINE 2 162 241721352551100 2700100
LATENCY 2552200
TIMELINE 2 178 241721407767400 2552200
LATENCY 2327600
TIMELINE 2 194 241721446802600 2327600
LATENCY 2349300
TIMELINE 2 210 241721483820200 2349300
LATENCY 2246500
TIMELINE 2 226 241721520570200 2246500
LATENCY 2290500
TIMELINE 2 242 241721565560700 2290500
LATENCY 2293500
TIMELINE 2 258 241721602227300 2293500
LATENCY 2861600
TIMELINE 2 274 241721639499600 2861600
LATENCY 2501700
TIMELINE 2 290 241721682366700 2501700
LATENCY 2291100
TIMELINE 2 306 241721722366300 2291100
LATENCY 2564500
TIMELINE 2 322 241721759888100 2564500
LATENCY 2630500
TIMELINE 2 338 241721797279800 2630500
LATENCY 2255300
TIMELINE 2 354 241721835062300 2255300
LATENCY 2653500
TIMELINE 2 370 241721878601000 2653500
LATENCY 2305100
TIMELINE 2 386 241721916628900 2305100
LATENCY 2225500
TIMELINE 2 402 241721953068500 2225500
LATENCY 2388100
TIMELINE 2 418 241721990036100 2388100
LATENCY 2323100
TIMELINE 2 434 241722027383100 2323100
LATENCY 2206500
TIMELINE 2 450 241722064490100 2206500
LATENCY 2290500
TIMELINE 2 466 241722102201300 2290500
LATENCY 2413200
TIMELINE 2 482 241722138895900 2413200
LATENCY 2460400
TIMELINE 2 498 241722182104800 2460400
LATENCY 2150600
TIMELINE 2 514 241722218536800 2150600
LATENCY 2169400
TIMELINE 2 530 241722255698400 2169400
LATENCY 2335100
TIMELINE 2 546 241722291881800 2335100
LATENCY 2254200
TIMELINE 2 562 241722328225500 2254200
LATENCY 2555400
TIMELINE 2 578 241722364240400 2555400
LATENCY 2130900
TIMELINE 2 594 241722400670600 2130900
LATENCY 2202800
TIMELINE 2 610 241722436733400 2202800
LATENCY 2231700
TIMELINE 2 626 241722481462600 2231700
LATENCY 2195100
TIMELINE 2 642 241722517865300 2195100
LATENCY 2463000
TIMELINE 2 658 241722553643400 2463000
LATENCY 2285000
TIMELINE 2 674 241722590328700 2285000
LATENCY 2249600
TIMELINE 2 690 241722626784200 2249600
LATENCY 2294300
TIMELINE 2 706 241722662983900 2294300
LATENCY 2222800
TIMELINE 2 722 241722700048400 2222800
LATENCY 2228400
TIMELINE 2 738 241722735403200 2228400
LATENCY 2303400
TIMELINE 2 754 241722779582400 2303400
LATENCY 2216300
TIMELINE 2 770 241722815423200 2216300
LATENCY 2242600
TIMELINE 2 786 241722851943500 2242600
LATENCY 2219600
TIMELINE 2 802 241722888636000 2219600
LATENCY 2176000
TIMELINE 2 818 241722924462500 2176000
LATENCY 2306500
TIMELINE 2 834 241722960958400 2306500
LATENCY 2256600
TIMELINE 2 850 241722995976000 2256600
LATENCY 2121900
TIMELINE 2 866 241723039846900 2121900
LATENCY 2301100
TIMELINE 2 882 241723076594300 2301100
LATENCY 2446700
TIMELINE 2 898 241723112428000 2446700
LATENCY 2248600
TIMELINE 2 914 241723148549300 2248600
LATENCY 2202500
TIMELINE 2 930 241723184299700 2202500
LATENCY 2255200
TIMELINE 2 946 241723220246100 2255200
LATENCY 2300200
TIMELINE 2 962 241723256533200 2300200
LATENCY 10045500
TIMELINE 2 978 241723293555100 10045500
LATENCY 2134700
TIMELINE 2 994 241723337160300 2134700
LATENCY 2222000
TIMELINE 2 1010 241723372547100 2222000
LATENCY 2242700
TIMELINE 2 1026 241723408156600 2242700
LATENCY 2289900
TIMELINE 2 1042 241723444142600 2289900
LATENCY 2221800
TIMELINE 2 1058 241723479900600 2221800
LATENCY 2225700
TIMELINE 2 1074 241723515523800 2225700
LATENCY 2106000
TIMELINE 2 1090 241723550463700 2106000
LATENCY 2166600
TIMELINE 2 1106 241723590521400 2166600
LATENCY 2644200
TIMELINE 2 1122 241723628069200 2644200
LATENCY 2669300
TIMELINE 2 1138 241723670021500 2669300
LATENCY 2656600
TIMELINE 2 1154 241723712941900 2656600
LATENCY 4494200
TIMELINE 2 1170 241723758219900 4494200
LATENCY 2712800
TIMELINE 2 1186 241723802812300 2712800
LATENCY 2628300
TIMELINE 2 1202 241723849856400 2628300
LATENCY 2951300
TIMELINE 2 1218 241723898639100 2951300
LATENCY 2997900
TIMELINE 2 1234 241723945190900 2997900
LATENCY 2941300
TIMELINE 2 1250 241723992975400 2941300
LATENCY 2928000
TIMELINE 2 1266 241724039602000 2928000
LATENCY 3025700
TIMELINE 2 1282 241724085622100 3025700
LATENCY 2916800
TIMELINE 2 1298 241724130873100 2916800
LATENCY 2877700
TIMELINE 2 1314 241724177081700 2877700
LATENCY 3452300
TIMELINE 2 1330 241724227617000 3452300
LATENCY 3229800
TIMELINE 2 1346 241724273503600 3229800
LATENCY 2894000
TIMELINE 2 1362 241724319386300 2894000
LATENCY 2589400
TIMELINE 2 1378 241724365397200 2589400
LATENCY 2784000
TIMELINE 2 1394 241724408400900 2784000
LATENCY 2935000
TIMELINE 2 1410 241724456208900 2935000
LATENCY 2575300
TIMELINE 2 1426 241724499720800 2575300
LATENCY 2802000
TIMELINE 2 1442 241724544100600 2802000
LATENCY 2938700
TIMELINE 2 1458 241724595812700 2938700
LATENCY 2876400
TIMELINE 2 1474 241724642300500 2876400
LATENCY 2856600
TIMELINE 2 1490 241724689317400 2856600
LATENCY 2771800
TIMELINE 2 1506 241724733158700 2771800
LATENCY 2805800
TIMELINE 2 1522 241724779144300 2805800
LATENCY 2735200
TIMELINE 2 1538 241724826342000 2735200
LATENCY 2753900
TIMELINE 2 1554 241724873889800 2753900
LATENCY 3360400
TIMELINE 2 1570 241724929013800 3360400
LATENCY 3200900
TIMELINE 2 1586 241724982143200 3200900
LATENCY 3126500
TIMELINE 2 1602 241725032301000 3126500
LATENCY 2600900
TIMELINE 2 1618 241725076648300 2600900
LATENCY 2863400
TIMELINE 2 1634 241725123951100 2863400
LATENCY 2621400
TIMELINE 2 1650 241725169550100 2621400
LATENCY 2885400
TIMELINE 2 1666 241725214016900 2885400
LATENCY 2881100
TIMELINE 2 1682 241725264765000 2881100
LATENCY 2964300
TIMELINE 2 1698 241725310694800 2964300
LATENCY 2574200
TIMELINE 2 1714 241725356604700 2574200
LATENCY 2711200
TIMELINE 2 1730 241725401283800 2711200
LATENCY 2947500
TIMELINE 2 1746 241725446177100 2947500
LATENCY 2867000
TIMELINE 2 1762 241725493649400 2867000
LATENCY 2874300
TIMELINE 2 1778 241725539524400 2874300
LATENCY 2707700
TIMELINE 2 1794 241725590274600 2707700
LATENCY 2666700
TIMELINE 2 1810 241725632555200 2666700
LATENCY 2889700
TIMELINE 2 1826 241725677632400 2889700
LATENCY 2754000
TIMELINE 2 1842 241725721900100 2754000
LATENCY 2883000
TIMELINE 2 1858 241725770856300 2883000
LATENCY 2794600
TIMELINE 2 1874 241725815315600 2794600
LATENCY 2768100
TIMELINE 2 1890 241725860059800 2768100
LATENCY 2768600
TIMELINE 2 1906 241725905949600 2768600
LATENCY 2748900
TIMELINE 2 1922 241725954431900 2748900
LATENCY 2778600
TIMELINE 2 1938 241725997497800 2778600
LATENCY 2641100
TIMELINE 2 1954 241726041505000 2641100
LATENCY 2549700
TIMELINE 2 1970 241726083446200 2549700
LATENCY 2628100
TIMELINE 2 1986 241726125369800 2628100
LATENCY 2955500
TIMELINE 2 2002 241726168552200 2955500
LATENCY 2592000
TIMELINE 2 2018 241726211500400 2592000
LATENCY 2578400
TIMELINE 2 2034 241726260049400 2578400
LATENCY 5886600
TIMELINE 3 3 241720746193700 5886600
LATENCY 4232300
TIMELINE 3 19 241720823003200 4232300
LATENCY 3488200
TIMELINE 3 35 241720896045300 3488200
LATENCY 4604600
TIMELINE 3 51 241720962203900 4604600
LATENCY 3412200
TIMELINE 3 67 241721021531600 3412200
LATENCY 4437600
TIMELINE 3 83 241721075000700 4437600
LATENCY 2814900
TIMELINE 3 99 241721128505700 2814900
LATENCY 2403100
TIMELINE 3 115 241721196149300 2403100
LATENCY 2861400
TIMELINE 3 131 241721246908800 2861400
LATENCY 3212300
TIMELINE 3 147 241721300789400 3212300
LATENCY 4110300
TIMELINE 3 163 241721356389700 4110300
LATENCY 2915300
TIMELINE 3 179 241721411302000 2915300
LATENCY 2432000
TIMELINE 3 195 241721450081900 2432000
LATENCY 2245800
TIMELINE 3 211 241721487168300 2245800
LATENCY 2240500
TIMELINE 3 227 241721523813300 2240500
LATENCY 2273500
TIMELINE 3 243 241721568892700 2273500
LATENCY 2247600
TIMELINE 3 259 241721605516300 2247600
LATENCY 2430000
TIMELINE 3 275 241721643578100 2430000
LATENCY 2625000
TIMELINE 3 291 241721687723600 2625000
LATENCY 2249500
TIMELINE 3 307 241721726588100 2249500
LATENCY 2316500
TIMELINE 3 323 241721764472300 2316500
LATENCY 2345200
TIMELINE 3 339 241721801851500 2345200
LATENCY 2216100
TIMELINE 3 355 241721839182500 2216100
LATENCY 2304200
TIMELINE 3 371 241721883173000 2304200
LATENCY 2290400
TIMELINE 3 387 241721920872700 2290400
LATENCY 2441600
TIMELINE 3 403 241721957311500 2441600
LATENCY 2263400
TIMELINE 3 419 241721994446100 2263400
LATENCY 2377500
TIMELINE 3 435 241722031775800 2377500
LATENCY 2271900
TIMELINE 3 451 241722068657900 2271900
LATENCY 2217700
TIMELINE 3 467 241722106699700 2217700
LATENCY 2233700
TIMELINE 3 483 241722143379600 2233700
LATENCY 2181100
TIMELINE 3 499 241722186655500 2181100
LATENCY 2424500
TIMELINE 3 515 241722222803500 2424500
LATENCY 2281800
TIMELINE 3 531 241722260035800 2281800
LATENCY 2244200
TIMELINE 3 547 241722296379400 2244200
LATENCY 2229000
TIMELINE 3 563 241722332553600 2229000
LATENCY 2224100
TIMELINE 3 579 241722368889700 2224100
LATENCY 2112500
TIMELINE 3 595 241722404763000 2112500
LATENCY 2356800
TIMELINE 3 611 241722440954300 2356800
LATENCY 2241000
TIMELINE 3 627 241722485870400 2241000
LATENCY 2176200
TIMELINE 3 643 241722522374700 2176200
LATENCY 2226000
TIMELINE 3 659 241722558670800 2226000
LATENCY 2323100
TIMELINE 3 675 241722594999100 2323100
LATENCY 2284600
TIMELINE 3 691 241722631361700 2284600
LATENCY 2463100
TIMELINE 3 707 241722667662400 2463100
LATENCY 2204300
TIMELINE 3 723 241722704596600 2204300
LATENCY 2196300
TIMELINE 3 739 241722739927100 2196300
LATENCY 2243300
TIMELINE 3 755 241722784238800 2243300
LATENCY 2225300
TIMELINE 3 771 241722819909100 2225300
LATENCY 2420500
TIMELINE 3 787 241722856417300 2420500
LATENCY 2235500
TIMELINE 3 803 241722893139400 2235500
LATENCY 2234300
TIMELINE 3 819 241722929496300 2234300
LATENCY 2235100
TIMELINE 3 835 241722966097900 2235100
LATENCY 2335700
TIMELINE 3 851 241723001394600 2335700
LATENCY 2376100
TIMELINE 3 867 241723045148100 2376100
LATENCY 2157400
TIMELINE 3 883 241723081819300 2157400
LATENCY 2242100
TIMELINE 3 899 241723117921200 2242100
LATENCY 2178200
TIMELINE 3 915 241723153740300 2178200
LATENCY 2346800
TIMELINE 3 931 241723189247100 2346800
LATENCY 2227000
TIMELINE 3 947 241723225210100 2227000
LATENCY 2287300
TIMELINE 3 963 241723261665600 2287300
LATENCY 2132100
TIMELINE 3 979 241723306253000 2132100
LATENCY 2224900
TIMELINE 3 995 241723344154800 2224900
LATENCY 2187700
TIMELINE 3 1011 241723379496700 2187700
LATENCY 2170600
TIMELINE 3 1027 241723415030900 2170600
LATENCY 2238200
TIMELINE 3 1043 241723451349900 2238200
LATENCY 2213000
TIMELINE 3 1059 241723487090300 2213000
LATENCY 2167500
TIMELINE 3 1075 241723522798600 2167500
LATENCY 2157500
TIMELINE 3 1091 241723557508300 2157500
LATENCY 2131700
TIMELINE 3 1107 241723597570800 2131700
LATENCY 2611300
TIMELINE 3 1123 241723636522500 2611300
LATENCY 2632200
TIMELINE 3 1139 241723678729800 2632200
LATENCY 2678900
TIMELINE 3 1155 241723721695700 2678900
LATENCY 2848900
TIMELINE 3 1171 241723768363900 2848900
LATENCY 2826100
TIMELINE 3 1187 241723811563100 2826100
LATENCY 2623800
TIMELINE 3 1203 241723858636300 2623800
LATENCY 2906800
TIMELINE 3 1219 241723908264800 2906800
LATENCY 3039300
TIMELINE 3 1235 241723954787900 3039300
LATENCY 2837400
TIMELINE 3 1251 241724002514200 2837400
LATENCY 2663600
TIMELINE 3 1267 241724048781700 2663600
LATENCY 2884700
TIMELINE 3 1283 241724095190900 2884700
LATENCY 2922300
TIMELINE 3 1299 241724140274400 2922300
LATENCY 2945700
TIMELINE 3 1315 241724186509200 2945700
LATENCY 2770700
TIMELINE 3 1331 241724238308700 2770700
LATENCY 2791200
TIMELINE 3 1347 241724283637600 2791200
LATENCY 2924900
TIMELINE 3 1363 241724329424500 2924900
LATENCY 2668100
TIMELINE 3 1379 241724374311100 2668100
LATENCY 2771000
TIMELINE 3 1395 241724417786200 2771000
LATENCY 2957900
TIMELINE 3 1411 241724466051200 2957900
LATENCY 2675700
TIMELINE 3 1427 241724508636200 2675700
LATENCY 2729700
TIMELINE 3 1443 241724554088500 2729700
LATENCY 2957900
TIMELINE 3 1459 241724605924600 2957900
LATENCY 3016700
TIMELINE 3 1475 241724652765100 3016700
LATENCY 2878900
TIMELINE 3 1491 241724698916800 2878900
LATENCY 2674600
TIMELINE 3 1507 241724742874900 2674600
LATENCY 3046300
TIMELINE 3 1523 241724789260500 3046300
LATENCY 3095300
TIMELINE 3 1539 241724836934700 3095300
LATENCY 2651600
TIMELINE 3 1555 241724883829500 2651600
LATENCY 3240100
TIMELINE 3 1571 241724940587600 3240100
LATENCY 3237700
TIMELINE 3 1587 241724993510600 3237700
LATENCY 3122200
TIMELINE 3 1603 241725043019000 3122200
LATENCY 2602500
TIMELINE 3 1619 241725085748400 2602500
LATENCY 2902200
TIMELINE 3 1635 241725134193300 2902200
LATENCY 2734000
TIMELINE 3 1651 241725178784300 2734000
LATENCY 2866000
TIMELINE 3 1667 241725224218600 2866000
LATENCY 2950400
TIMELINE 3 1683 241725274840900 2950400
LATENCY 2886200
TIMELINE 3 1699 241725320904100 2886200
LATENCY 2654800
TIMELINE 3 1715 241725365165900 2654800
LATENCY 2780400
TIMELINE 3 1731 241725410183000 2780400
LATENCY 2957500
TIMELINE 3 1747 241725455799300 2957500
LATENCY 2900600
TIMELINE 3 1763 241725502865200 2900600
LATENCY 2904000
TIMELINE 3 1779 241725548784000 2904000
LATENCY 2645700
TIMELINE 3 1795 241725599033100 2645700
LATENCY 2634900
TIMELINE 3 1811 241725641150400 2634900
LATENCY 2716300
TIMELINE 3 1827 241725686586400 2716300
LATENCY 2790400
TIMELINE 3 1843 241725734967800 2790400
LATENCY 2704000
TIMELINE 3 1859 241725780113300 2704000
LATENCY 2781300
TIMELINE 3 1875 241725824450900 2781300
LATENCY 2842300
TIMELINE 3 1891 241725870823700 2842300
LATENCY 7527500
TIMELINE 3 1907 241725916683000 7527500
LATENCY 2623100
TIMELINE 3 1923 241725965582600 2623100
LATENCY 2860300
TIMELINE 3 1939 241726008263600 2860300
LATENCY 2612200
TIMELINE 3 1955 241726051570600 2612200
LATENCY 2567200
TIMELINE 3 1971 241726093408200 2567200
LATENCY 2894300
TIMELINE 3 1987 241726135569900 2894300
LATENCY 2700900
TIMELINE 3 2003 241726179138500 2700900
LATENCY 2790300
TIMELINE 3 2019 241726222641600 2790300
LATENCY 2564500
TIMELINE 3 2035 241726270014400 2564500
LATENCY 6392600
TIMELINE 4 4 241720752469600 6392600
LATENCY 4219000
TIMELINE 4 20 241720826972500 4219000
LATENCY 4096500
TIMELINE 4 36 241720899158800 4096500
LATENCY 3371900
TIMELINE 4 52 241720966408900 3371900
LATENCY 3262600
TIMELINE 4 68 241721024687000 3262600
LATENCY 4284700
TIMELINE 4 84 241721078943200 4284700
LATENCY 4406700
TIMELINE 4 100 241721130906400 4406700
LATENCY 2425800
TIMELINE 4 116 241721197844700 2425800
LATENCY 2528000
TIMELINE 4 132 241721248982100 2528000
LATENCY 3000200
TIMELINE 4 148 241721303250400 3000200
LATENCY 3210500
TIMELINE 4 164 241721359481000 3210500
LATENCY 2538800
TIMELINE 4 180 241721413573900 2538800
LATENCY 2321200
TIMELINE 4 196 241721451966800 2321200
LATENCY 2246300
TIMELINE 4 212 241721488915300 2246300
LATENCY 2172400
TIMELINE 4 228 241721525536000 2172400
LATENCY 2267200
TIMELINE 4 244 241721570624500 2267200
LATENCY 2268900
TIMELINE 4 260 241721607198400 2268900
LATENCY 2451200
TIMELINE 4 276 241721645247700 2451200
LATENCY 2501100
TIMELINE 4 292 241721688784800 2501100
LATENCY 2308300
TIMELINE 4 308 241721727410200 2308300
LATENCY 2294900
TIMELINE 4 324 241721765312100 2294900
LATENCY 2405800
TIMELINE 4 340 241721802681500 2405800
LATENCY 2203200
TIMELINE 4 356 241721840063500 2203200
LATENCY 2362200
TIMELINE 4 372 241721884115800 2362200
LATENCY 2285200
TIMELINE 4 388 241721921803300 2285200
LATENCY 2556600
TIMELINE 4 404 241721958163100 2556600
LATENCY 2245100
TIMELINE 4 420 241721995329700 2245100
LATENCY 2414200
TIMELINE 4 436 241722032656900 2414200
LATENCY 2213200
TIMELINE 4 452 241722069547500 2213200
LATENCY 2209100
TIMELINE 4 468 241722106112600 2209100
LATENCY 2238500
TIMELINE 4 484 241722142857100 2238500
LATENCY 2191500
TIMELINE 4 500 241722186056500 2191500
LATENCY 2433500
TIMELINE 4 516 241722222191500 2433500
LATENCY 2190800
TIMELINE 4 532 241722259538400 2190800
LATENCY 2268400
TIMELINE 4 548 241722295886300 2268400
LATENCY 2222300
TIMELINE 4 564 241722332173400 2222300
LATENCY 2213300
TIMELINE 4 580 241722368415300 2213300
LATENCY 2111500
TIMELINE 4 596 241722404339400 2111500
LATENCY 2357600
TIMELINE 4 612 241722440642400 2357600
LATENCY 2227900
TIMELINE 4 628 241722485400800 2227900
LATENCY 2184400
TIMELINE 4 644 241722521927700 2184400
LATENCY 2225900
TIMELINE 4 660 241722558282400 2225900
LATENCY 2300000
TIMELINE 4 676 241722594607800 2300000
LATENCY 2262200
TIMELINE 4 692 241722631000300 2262200
LATENCY 2435500
TIMELINE 4 708 241722667289600 2435500
LATENCY 2201900
TIMELINE 4 724 241722704273600 2201900
LATENCY 2202000
TIMELINE 4 740 241722739657800 2202000
LATENCY 2238000
TIMELINE 4 756 241722784210100 2238000
LATENCY 2220700
TIMELINE 4 772 241722819820100 2220700
LATENCY 2420300
TIMELINE 4 788 241722856328900 2420300
LATENCY 2233600
TIMELINE 4 804 241722893080100 2233600
LATENCY 2217900
TIMELINE 4 820 241722928902200 2217900
LATENCY 2219300
TIMELINE 4 836 241722965502200 2219300
LATENCY 2360400
TIMELINE 4 852 241723000738300 2360400
LATENCY 2492600
TIMELINE 4 868 241723044542200 2492600
LATENCY 2161300
TIMELINE 4 884 241723081351000 2161300
LATENCY 2242800
TIMELINE 4 900 241723117435200 2242800
LATENCY 2177200
TIMELINE 4 916 241723153223600 2177200
LATENCY 2318300
TIMELINE 4 932 241723188604800 2318300
LATENCY 2225600
TIMELINE 4 948 241723224639500 2225600
LATENCY 2281500
TIMELINE 4 964 241723261084100 2281500
LATENCY 2155600
TIMELINE 4 980 241723305668700 2155600
LATENCY 2371600
TIMELINE 4 996 241723341264000 2371600
LATENCY 2202700
TIMELINE 4 1012 241723376762400 2202700
LATENCY 2165100
TIMELINE 4 1028 241723412310000 2165100
LATENCY 2193200
TIMELINE 4 1044 241723448416600 2193200
LATENCY 2211700
TIMELINE 4 1060 241723484048300 2211700
LATENCY 2283700
TIMELINE 4 1076 241723519694600 2283700
LATENCY 2239200
TIMELINE 4 1092 241723554448700 2239200
LATENCY 2207200
TIMELINE 4 1108 241723594630600 2207200
LATENCY 2597700
TIMELINE 4 1124 241723633021300 2597700
LATENCY 2694800
TIMELINE 4 1140 241723675039300 2694800
LATENCY 2638800
TIMELINE 4 1156 241723717902100 2638800
LATENCY 2596500
TIMELINE 4 1172 241723766453200 2596500
LATENCY 2926800
TIMELINE 4 1188 241723809445400 2926800
LATENCY 2662000
TIMELINE 4 1204 241723856576100 2662000
LATENCY 2900000
TIMELINE 4 1220 241723906055300 2900000
LATENCY 2959200
TIMELINE 4 1236 241723952514800 2959200
LATENCY 2874600
TIMELINE 4 1252 241724000276300 2874600
LATENCY 2632500
TIMELINE 4 1268 241724046702200 2632500
LATENCY 2847100
TIMELINE 4 1284 241724092980300 2847100
LATENCY 2930000
TIMELINE 4 1300 241724138027000 2930000
LATENCY 2865500
TIMELINE 4 1316 241724184282600 2865500
LATENCY 2773900
TIMELINE 4 1332 241724236157300 2773900
LATENCY 2824700
TIMELINE 4 1348 241724280580800 2824700
LATENCY 2892800
TIMELINE 4 1364 241724326244200 2892800
LATENCY 2581100
TIMELINE 4 1380 241724371476700 2581100
LATENCY 2701500
TIMELINE 4 1396 241724414820200 2701500
LATENCY 2783700
TIMELINE 4 1412 241724462986400 2783700
LATENCY 2625000
TIMELINE 4 1428 241724505795400 2625000
LATENCY 2808300
TIMELINE 4 1444 241724551052400 2808300
LATENCY 2913100
TIMELINE 4 1460 241724602788100 2913100
LATENCY 3055300
TIMELINE 4 1476 241724649504300 3055300
LATENCY 2730600
TIMELINE 4 1492 241724696141100 2730600
LATENCY 2707600
TIMELINE 4 1508 241724740129600 2707600
LATENCY 2825400
TIMELINE 4 1524 241724786394200 2825400
LATENCY 3057400
TIMELINE 4 1540 241724834409700 3057400
LATENCY 2973700
TIMELINE 4 1556 241724881291400 2973700
LATENCY 3272400
TIMELINE 4 1572 241724937861000 3272400
LATENCY 3235500
TIMELINE 4 1588 241724990826500 3235500
LATENCY 3074900
TIMELINE 4 1604 241725040422000 3074900
LATENCY 2584600
TIMELINE 4 1620 241725083548000 2584600
LATENCY 2894700
TIMELINE 4 1636 241725131862800 2894700
LATENCY 2639800
TIMELINE 4 1652 241725176692100 2639800
LATENCY 3013300
TIMELINE 4 1668 241725221805800 3013300
LATENCY 2898900
TIMELINE 4 1684 241725272542700 2898900
LATENCY 2897100
TIMELINE 4 1700 241725318728100 2897100
LATENCY 2702800
TIMELINE 4 1716 241725361595500 2702800
LATENCY 2704300
TIMELINE 4 1732 241725406540100 2704300
LATENCY 2935800
TIMELINE 4 1748 241725451860000 2935800
LATENCY 2841500
TIMELINE 4 1764 241725499012500 2841500
LATENCY 2868200
TIMELINE 4 1780 241725544918800 2868200
LATENCY 2788200
TIMELINE 4 1796 241725595378000 2788200
LATENCY 2634800
TIMELINE 4 1812 241725637596200 2634800
LATENCY 2753400
TIMELINE 4 1828 241725682902100 2753400
LATENCY 6847200
TIMELINE 4 1844 241725727098200 6847200
LATENCY 2740400
TIMELINE 4 1860 241725776330500 2740400
LATENCY 2783800
TIMELINE 4 1876 241725820669300 2783800
LATENCY 2701600
TIMELINE 4 1892 241725865307900 2701600
LATENCY 2748500
TIMELINE 4 1908 241725911094600 2748500
LATENCY 2936600
TIMELINE 4 1924 241725959783600 2936600
LATENCY 2781100
TIMELINE 4 1940 241726002706700 2781100
LATENCY 2628100
TIMELINE 4 1956 241726048068600 2628100
LATENCY 2593700
TIMELINE 4 1972 241726089922200 2593700
LATENCY 2719400
TIMELINE 4 1988 241726131983900 2719400
LATENCY 2670200
TIMELINE 4 2004 241726175598100 2670200
LATENCY 3013600
TIMELINE 4 2020 241726218743200 3013600
LATENCY 2582900
TIMELINE 4 2036 241726266573500 2582900
LATENCY 5434200
TIMELINE 5 5 241720759251200 5434200
LATENCY 4900400
TIMELINE 5 21 241720831638100 4900400
LATENCY 3780800
TIMELINE 5 37 241720903688200 3780800
LATENCY 2817100
TIMELINE 5 53 241720970142900 2817100
LATENCY 3339600
TIMELINE 5 69 241721028263600 3339600
LATENCY 4290500
TIMELINE 5 85 241721083740500 4290500
LATENCY 4316400
TIMELINE 5 101 241721136215000 4316400
LATENCY 2653900
TIMELINE 5 117 241721199540900 2653900
LATENCY 2659900
TIMELINE 5 133 241721250726600 2659900
LATENCY 2618000
TIMELINE 5 149 241721305360600 2618000
LATENCY 2516500
TIMELINE 5 165 241721361883500 2516500
LATENCY 2520700
TIMELINE 5 181 241721415262000 2520700
LATENCY 2295400
TIMELINE 5 197 241721453544400 2295400
LATENCY 2315600
TIMELINE 5 213 241721490342400 2315600
LATENCY 2176000
TIMELINE 5 229 241721526913100 2176000
LATENCY 2229600
TIMELINE 5 245 241721572071500 2229600
LATENCY 2293200
TIMELINE 5 261 241721608636700 2293200
LATENCY 2405800
TIMELINE 5 277 241721646941000 2405800
LATENCY 2424800
TIMELINE 5 293 241721689250900 2424800
LATENCY 2329700
TIMELINE 5 309 241721727814000 2329700
LATENCY 2298700
TIMELINE 5 325 241721765544900 2298700
LATENCY 2316400
TIMELINE 5 341 241721802961800 2316400
LATENCY 2202300
TIMELINE 5 357 241721840213600 2202300
LATENCY 2369600
TIMELINE 5 373 241721884208500 2369600
LATENCY 2293400
TIMELINE 5 389 241721922014500 2293400
LATENCY 2556000
TIMELINE 5 405 241721958389300 2556000
LATENCY 2251300
TIMELINE 5 421 241721995538400 2251300
LATENCY 2436600
TIMELINE 5 437 241722032865400 2436600
LATENCY 2221100
TIMELINE 5 453 241722069709000 2221100
LATENCY 2216000
TIMELINE 5 469 241722106200900 2216000
LATENCY 2236200
TIMELINE 5 485 241722142920500 2236200
LATENCY 2188800
TIMELINE 5 501 241722186120000 2188800
LATENCY 2423600
TIMELINE 5 517 241722222260200 2423600
LATENCY 2252600
TIMELINE 5 533 241722259510700 2252600
LATENCY 2267500
TIMELINE 5 549 241722295856000 2267500
LATENCY 2217800
TIMELINE 5 565 241722332145300 2217800
LATENCY 2215800
TIMELINE 5 581 241722368506400 2215800
LATENCY 2115100
TIMELINE 5 597 241722404423400 2115100
LATENCY 2358900
TIMELINE 5 613 241722440605800 2358900
LATENCY 2231000
TIMELINE 5 629 241722485462100 2231000
LATENCY 2212600
TIMELINE 5 645 241722523539300 2212600
LATENCY 2213400
TIMELINE 5 661 241722559869300 2213400
LATENCY 2337900
TIMELINE 5 677 241722596208300 2337900
LATENCY 2435900
TIMELINE 5 693 241722632620200 2435900
LATENCY 2427300
TIMELINE 5 709 241722668990400 2427300
LATENCY 2206700
TIMELINE 5 725 241722705808500 2206700
LATENCY 2164300
TIMELINE 5 741 241722741175900 2164300
LATENCY 2235100
TIMELINE 5 757 241722785557400 2235100
LATENCY 2246500
TIMELINE 5 773 241722821228800 2246500
LATENCY 2255900
TIMELINE 5 789 241722857936800 2255900
LATENCY 2227800
TIMELINE 5 805 241722894464800 2227800
LATENCY 2170200
TIMELINE 5 821 241722931792700 2170200
LATENCY 2203300
TIMELINE 5 837 241722968394700 2203300
LATENCY 2231500
TIMELINE 5 853 241723003796000 2231500
LATENCY 2278900
TIMELINE 5 869 241723047586700 2278900
LATENCY 2163900
TIMELINE 5 885 241723084010600 2163900
LATENCY 2209700
TIMELINE 5 901 241723120225800 2209700
LATENCY 2296800
TIMELINE 5 917 241723156008600 2296800
LATENCY 2247100
TIMELINE 5 933 241723191715600 2247100
LATENCY 2250800
TIMELINE 5 949 241723227587000 2250800
LATENCY 2289600
TIMELINE 5 965 241723264052100 2289600
LATENCY 2205300
TIMELINE 5 981 241723308480300 2205300
LATENCY 2270900
TIMELINE 5 997 241723345268000 2270900
LATENCY 2154600
TIMELINE 5 1013 241723380496100 2154600
LATENCY 2120800
TIMELINE 5 1029 241723416019700 2120800
LATENCY 2331200
TIMELINE 5 1045 241723452401900 2331200
LATENCY 2192100
TIMELINE 5 1061 241723488057600 2192100
LATENCY 2421600
TIMELINE 5 1077 241723523741500 2421600
LATENCY 2229700
TIMELINE 5 1093 241723558479200 2229700
LATENCY 2054000
TIMELINE 5 1109 241723598629300 2054000
LATENCY 2595100
TIMELINE 5 1125 241723637781800 2595100
LATENCY 2644800
TIMELINE 5 1141 241723679966600 2644800
LATENCY 2763800
TIMELINE 5 1157 241723722782600 2763800
LATENCY 2761700
TIMELINE 5 1173 241723771516400 2761700
LATENCY 2677200
TIMELINE 5 1189 241723814673000 2677200
LATENCY 2622900
TIMELINE 5 1205 241723861518700 2622900
LATENCY 2874200
TIMELINE 5 1221 241723911493400 2874200
LATENCY 3002800
TIMELINE 5 1237 241723958247600 3002800
LATENCY 2976300
TIMELINE 5 1253 241724005747700 2976300
LATENCY 2757000
TIMELINE 5 1269 241724051906800 2757000
LATENCY 2850100
TIMELINE 5 1285 241724098558700 2850100
LATENCY 2874800
TIMELINE 5 1301 241724143679000 2874800
LATENCY 2747400
TIMELINE 5 1317 241724189992900 2747400
LATENCY 2753700
TIMELINE 5 1333 241724241589400 2753700
LATENCY 2748400
TIMELINE 5 1349 241724285997600 2748400
LATENCY 2957700
TIMELINE 5 1365 241724331949900 2957700
LATENCY 2805400
TIMELINE 5 1381 241724376627600 2805400
LATENCY 2776000
TIMELINE 5 1397 241724420171800 2776000
LATENCY 2736600
TIMELINE 5 1413 241724468588800 2736600
LATENCY 2736400
TIMELINE 5 1429 241724510919200 2736400
LATENCY 7810400
TIMELINE 5 1445 241724556432200 7810400
LATENCY 2964800
TIMELINE 5 1461 241724608472800 2964800
LATENCY 2933600
TIMELINE 5 1477 241724655377400 2933600
LATENCY 2758400
TIMELINE 5 1493 241724701412000 2758400
LATENCY 2771500
TIMELINE 5 1509 241724745183400 2771500
LATENCY 3003900
TIMELINE 5 1525 241724792477000 3003900
LATENCY 2806200
TIMELINE 5 1541 241724840184500 2806200
LATENCY 2757900
TIMELINE 5 1557 241724886584700 2757900
LATENCY 3320900
TIMELINE 5 1573 241724944015800 3320900
LATENCY 3266200
TIMELINE 5 1589 241724996877400 3266200
LATENCY 3054600
TIMELINE 5 1605 241725046189500 3054600
LATENCY 2597900
TIMELINE 5 1621 241725088396900 2597900
LATENCY 2887600
TIMELINE 5 1637 241725137144100 2887600
LATENCY 2718100
TIMELINE 5 1653 241725181557900 2718100
LATENCY 2858500
TIMELINE 5 1669 241725227128100 2858500
LATENCY 2834800
TIMELINE 5 1685 241725277837400 2834800
LATENCY 2894600
TIMELINE 5 1701 241725323835200 2894600
LATENCY 2679000
TIMELINE 5 1717 241725367787100 2679000
LATENCY 2692200
TIMELINE 5 1733 241725412808400 2692200
LATENCY 2913400
TIMELINE 5 1749 241725458598000 2913400
LATENCY 2885800
TIMELINE 5 1765 241725505649500 2885800
LATENCY 2889900
TIMELINE 5 1781 241725551564600 2889900
LATENCY 2586000
TIMELINE 5 1797 241725601576100 2586000
LATENCY 2603000
TIMELINE 5 1813 241725643679700 2603000
LATENCY 2744300
TIMELINE 5 1829 241725689193400 2744300
LATENCY 2819300
TIMELINE 5 1845 241725737640500 2819300
LATENCY 2743000
TIMELINE 5 1861 241725782620700 2743000
LATENCY 2761900
TIMELINE 5 1877 241725827081400 2761900
LATENCY 2938100
TIMELINE 5 1893 241725872843400 2938100
LATENCY 2789100
TIMELINE 5 1909 241725923438400 2789100
LATENCY 2600400
TIMELINE 5 1925 241725967482900 2600400
LATENCY 3763000
TIMELINE 5 1941 241726010416600 3763000
LATENCY 2610200
TIMELINE 5 1957 241726054221500 2610200
LATENCY 2610100
TIMELINE 5 1973 241726096016800 2610100
LATENCY 2672900
TIMELINE 5 1989 241726138503400 2672900
LATENCY 2918900
TIMELINE 5 2005 241726181886800 2918900
LATENCY 2770000
TIMELINE 5 2021 241726225472600 2770000
LATENCY 2614900
TIMELINE 5 2037 241726272626300 2614900
LATENCY 6032300
TIMELINE 6 6 241720766319800 6032300
LATENCY 4297200
TIMELINE 6 22 241720837133600 4297200
LATENCY 4557600
TIMELINE 6 38 241720907827100 4557600
LATENCY 2821000
TIMELINE 6 54 241720973179200 2821000
LATENCY 3166300
TIMELINE 6 70 241721031991300 3166300
LATENCY 4303900
TIMELINE 6 86 241721088394800 4303900
LATENCY 3897700
TIMELINE 6 102 241721140983400 3897700
LATENCY 3443100
TIMELINE 6 118 241721202625700 3443100
LATENCY 2594700
TIMELINE 6 134 241721253832800 2594700
LATENCY 2954000
TIMELINE 6 150 241721308394100 2954000
LATENCY 2477300
TIMELINE 6 166 241721364769600 2477300
LATENCY 2497100
TIMELINE 6 182 241721418094800 2497100
LATENCY 2288500
TIMELINE 6 198 241721456118500 2288500
LATENCY 2328000
TIMELINE 6 214 241721493106100 2328000
LATENCY 2285200
TIMELINE 6 230 241721529473800 2285200
LATENCY 2359900
TIMELINE 6 246 241721574715400 2359900
LATENCY 2279500
TIMELINE 6 262 241721611304500 2279500
LATENCY 2499000
TIMELINE 6 278 241721649733500 2499000
LATENCY 2417000
TIMELINE 6 294 241721692997600 2417000
LATENCY 2363300
TIMELINE 6 310 241721731541900 2363300
LATENCY 2375200
TIMELINE 6 326 241721769433600 2375200
LATENCY 2279200
TIMELINE 6 342 241721806812600 2279200
LATENCY 2259900
TIMELINE 6 358 241721843927800 2259900
LATENCY 2277000
TIMELINE 6 374 241721888183900 2277000
LATENCY 2314500
TIMELINE 6 390 241721925872800 2314500
LATENCY 2218000
TIMELINE 6 406 241721962410700 2218000
LATENCY 2248400
TIMELINE 6 422 241721999282700 2248400
LATENCY 2418000
TIMELINE 6 438 241722036942100 2418000
LATENCY 2353600
TIMELINE 6 454 241722073720100 2353600
LATENCY 2413600
TIMELINE 6 470 241722111908500 2413600
LATENCY 2386900
TIMELINE 6 486 241722148742500 2386900
LATENCY 2558600
TIMELINE 6 502 241722191922500 2558600
LATENCY 2494000
TIMELINE 6 518 241722228871500 2494000
LATENCY 2224500
TIMELINE 6 534 241722265389000 2224500
LATENCY 2241500
TIMELINE 6 550 241722301695500 2241500
LATENCY 2245400
TIMELINE 6 566 241722338157900 2245400
LATENCY 2330800
TIMELINE 6 582 241722374304100 2330800
LATENCY 2209900
TIMELINE 6 598 241722410093200 2209900
LATENCY 2439600
TIMELINE 6 614 241722446612600 2439600
LATENCY 2116400
TIMELINE 6 630 241722491350500 2116400
LATENCY 2261400
TIMELINE 6 646 241722527303700 2261400
LATENCY 2230900
TIMELINE 6 662 241722563522500 2230900
LATENCY 2227900
TIMELINE 6 678 241722599986400 2227900
LATENCY 2278900
TIMELINE 6 694 241722636793200 2278900
LATENCY 2314100
TIMELINE 6 710 241722672865800 2314100
LATENCY 2164200
TIMELINE 6 726 241722709538000 2164200
LATENCY 9580700
TIMELINE 6 742 241722744806400 9580700
LATENCY 2188700
TIMELINE 6 758 241722789300400 2188700
LATENCY 2251400
TIMELINE 6 774 241722824914800 2251400
LATENCY 2313600
TIMELINE 6 790 241722861756800 2313600
LATENCY 2275000
TIMELINE 6 806 241722898159200 2275000
LATENCY 2467900
TIMELINE 6 822 241722934536100 2467900
LATENCY 2149200
TIMELINE 6 838 241722971097100 2149200
LATENCY 2250700
TIMELINE 6 854 241723006508000 2250700
LATENCY 2204500
TIMELINE 6 870 241723050293700 2204500
LATENCY 2161300
TIMELINE 6 886 241723086627400 2161300
LATENCY 2150300
TIMELINE 6 902 241723122850800 2150300
LATENCY 2209600
TIMELINE 6 918 241723158689700 2209600
LATENCY 2242100
TIMELINE 6 934 241723194330300 2242100
LATENCY 2210000
TIMELINE 6 950 241723230196200 2210000
LATENCY 2349900
TIMELINE 6 966 241723266784300 2349900
LATENCY 2401600
TIMELINE 6 982 241723311173000 2401600
LATENCY 2163700
TIMELINE 6 998 241723349002900 2163700
LATENCY 2114700
TIMELINE 6 1014 241723384125300 2114700
LATENCY 2310500
TIMELINE 6 1030 241723419593000 2310500
LATENCY 2305800
TIMELINE 6 1046 241723455975700 2305800
LATENCY 2192800
TIMELINE 6 1062 241723491458700 2192800
LATENCY 2164400
TIMELINE 6 1078 241723527308300 2164400
LATENCY 7039800
TIMELINE 6 1094 241723561794400 7039800
LATENCY 2080200
TIMELINE 6 1110 241723601686000 2080200
LATENCY 2569500
TIMELINE 6 1126 241723641562100 2569500
LATENCY 2748600
TIMELINE 6 1142 241723683824300 2748600
LATENCY 2724300
TIMELINE 6 1158 241723726830500 2724300
LATENCY 2648800
TIMELINE 6 1174 241723773164500 2648800
LATENCY 2796800
TIMELINE 6 1190 241723816235200 2796800
LATENCY 2655600
TIMELINE 6 1206 241723863068100 2655600
LATENCY 2875300
TIMELINE 6 1222 241723913227100 2875300
LATENCY 3051600
TIMELINE 6 1238 241723960011800 3051600
LATENCY 3004300
TIMELINE 6 1254 241724007425100 3004300
LATENCY 2868600
TIMELINE 6 1270 241724053337900 2868600
LATENCY 2824100
TIMELINE 6 1286 241724100068100 2824100
LATENCY 2883600
TIMELINE 6 1302 241724145189200 2883600
LATENCY 2755400
TIMELINE 6 1318 241724191460600 2755400
LATENCY 2784100
TIMELINE 6 1334 241724243005000 2784100
LATENCY 2769500
TIMELINE 6 1350 241724288557500 2769500
LATENCY 2896100
TIMELINE 6 1366 241724334588000 2896100
LATENCY 2664400
TIMELINE 6 1382 241724379095900 2664400
LATENCY 2741200
TIMELINE 6 1398 241724422606700 2741200
LATENCY 2671800
TIMELINE 6 1414 241724470987600 2671800
LATENCY 2654800
TIMELINE 6 1430 241724513372000 2654800
LATENCY 2908100
TIMELINE 6 1446 241724563914600 2908100
LATENCY 2961700
TIMELINE 6 1462 241724611106800 2961700
LATENCY 2931200
TIMELINE 6 1478 241724657986500 2931200
LATENCY 2751500
TIMELINE 6 1494 241724703870800 2751500
LATENCY 2845100
TIMELINE 6 1510 241724747663300 2845100
LATENCY 2818600
TIMELINE 6 1526 241724795199900 2818600
LATENCY 2918600
TIMELINE 6 1542 241724842754100 2918600
LATENCY 2956300
TIMELINE 6 1558 241724889133100 2956300
LATENCY 3178600
TIMELINE 6 1574 241724947125000 3178600
LATENCY 3241500
TIMELINE 6 1590 241724999946700 3241500
LATENCY 2548900
TIMELINE 6 1606 241725049025900 2548900
LATENCY 2778700
TIMELINE 6 1622 241725090817000 2778700
LATENCY 2924300
TIMELINE 6 1638 241725139871100 2924300
LATENCY 2723900
TIMELINE 6 1654 241725184015400 2723900
LATENCY 2827800
TIMELINE 6 1670 241725229750100 2827800
LATENCY 2663700
TIMELINE 6 1686 241725280425500 2663700
LATENCY 2841900
TIMELINE 6 1702 241725326491700 2841900
LATENCY 2601700
TIMELINE 6 1718 241725369227100 2601700
LATENCY 2715900
TIMELINE 6 1734 241725414207300 2715900
LATENCY 2925700
TIMELINE 6 1750 241725460100400 2925700
LATENCY 2889700
TIMELINE 6 1766 241725507179300 2889700
LATENCY 2865800
TIMELINE 6 1782 241725553094700 2865800
LATENCY 2540800
TIMELINE 6 1798 241725602951000 2540800
LATENCY 2710200
TIMELINE 6 1814 241725645086900 2710200
LATENCY 2677200
TIMELINE 6 1830 241725690735300 2677200
LATENCY 2834800
TIMELINE 6 1846 241725739147600 2834800
LATENCY 2709000
TIMELINE 6 1862 241725784094800 2709000
LATENCY 2725700
TIMELINE 6 1878 241725828595100 2725700
LATENCY 2935300
TIMELINE 6 1894 241725872105700 2935300
LATENCY 7577300
TIMELINE 6 1910 241725917935000 7577300
LATENCY 2586100
TIMELINE 6 1926 241725966788300 2586100
LATENCY 5469500
TIMELINE 6 1942 241726009724100 5469500
LATENCY 2604700
TIMELINE 6 1958 241726055205800 2604700
LATENCY 2606300
TIMELINE 6 1974 241726096985000 2606300
LATENCY 2673800
TIMELINE 6 1990 241726139488600 2673800
LATENCY 2834700
TIMELINE 6 2006 241726183182800 2834700
LATENCY 2765500
TIMELINE 6 2022 241726226648000 2765500
LATENCY 2582500
TIMELINE 6 2038 241726273743900 2582500
LATENCY 6104000
TIMELINE 7 7 241720771859000 6104000
LATENCY 5343400
TIMELINE 7 23 241720840533000 5343400
LATENCY 4193400
TIMELINE 7 39 241720911823900 4193400
LATENCY 2725200
TIMELINE 7 55 241720975541500 2725200
LATENCY 2778500
TIMELINE 7 71 241721034607000 2778500
LATENCY 4369600
TIMELINE 7 87 241721092067000 4369600
LATENCY 4056900
TIMELINE 7 103 241721144309700 4056900
LATENCY 2874500
TIMELINE 7 119 241721207236000 2874500
LATENCY 2579900
TIMELINE 7 135 241721257670800 2579900
LATENCY 2436700
TIMELINE 7 151 241721312232700 2436700
LATENCY 2662800
TIMELINE 7 167 241721368242100 2662800
LATENCY 2300900
TIMELINE 7 183 241721421551700 2300900
LATENCY 2328200
TIMELINE 7 199 241721459349300 2328200
LATENCY 2244400
TIMELINE 7 215 241721496254600 2244400
LATENCY 2417700
TIMELINE 7 231 241721532593000 2417700
LATENCY 2290800
TIMELINE 7 247 241721577976800 2290800
LATENCY 2256900
TIMELINE 7 263 241721614547800 2256900
LATENCY 2773000
TIMELINE 7 279 241721653257200 2773000
LATENCY 2389500
TIMELINE 7 295 241721696981400 2389500
LATENCY 2449800
TIMELINE 7 311 241721735500400 2449800
LATENCY 2298700
TIMELINE 7 327 241721773229100 2298700
LATENCY 2429600
TIMELINE 7 343 241721810532100 2429600
LATENCY 2522000
TIMELINE 7 359 241721847672700 2522000
LATENCY 2323700
TIMELINE 7 375 241721891855300 2323700
LATENCY 2204100
TIMELINE 7 391 241721929568000 2204100
LATENCY 2207400
TIMELINE 7 407 241721965926300 2207400
LATENCY 2246600
TIMELINE 7 423 241722002885900 2246600
LATENCY 2304400
TIMELINE 7 439 241722040777500 2304400
LATENCY 2226300
TIMELINE 7 455 241722077412300 2226300
LATENCY 2450700
TIMELINE 7 471 241722114892100 2450700
LATENCY 2239400
TIMELINE 7 487 241722151679400 2239400
LATENCY 2402200
TIMELINE 7 503 241722195093300 2402200
LATENCY 2269500
TIMELINE 7 519 241722231904900 2269500
LATENCY 2254700
TIMELINE 7 535 241722268240400 2254700
LATENCY 2298000
TIMELINE 7 551 241722304538300 2298000
LATENCY 2238200
TIMELINE 7 567 241722340984400 2238200
LATENCY 2217500
TIMELINE 7 583 241722377244000 2217500
LATENCY 2184800
TIMELINE 7 599 241722412867600 2184800
LATENCY 2318200
TIMELINE 7 615 241722449700500 2318200
LATENCY 3140900
TIMELINE 7 631 241722493718000 3140900
LATENCY 2263500
TIMELINE 7 647 241722530572000 2263500
LATENCY 2282200
TIMELINE 7 663 241722567009700 2282200
LATENCY 2441300
TIMELINE 7 679 241722603433300 2441300
LATENCY 2216900
TIMELINE 7 695 241722640192000 2216900
LATENCY 2252500
TIMELINE 7 711 241722676255700 2252500
LATENCY 2170900
TIMELINE 7 727 241722712775300 2170900
LATENCY 2586500
TIMELINE 7 743 241722755533800 2586500
LATENCY 2201500
TIMELINE 7 759 241722792576700 2201500
LATENCY 2336200
TIMELINE 7 775 241722828506500 2336200
LATENCY 2308100
TIMELINE 7 791 241722865353100 2308100
LATENCY 2275300
TIMELINE 7 807 241722901665200 2275300
LATENCY 2239100
TIMELINE 7 823 241722938157500 2239100
LATENCY 2139400
TIMELINE 7 839 241722974381700 2139400
LATENCY 2367500
TIMELINE 7 855 241723010025600 2367500
LATENCY 2218000
TIMELINE 7 871 241723053709300 2218000
LATENCY 2133500
TIMELINE 7 887 241723089975800 2133500
LATENCY 2240700
TIMELINE 7 903 241723126320500 2240700
LATENCY 2199700
TIMELINE 7 919 241723162179900 2199700
LATENCY 2238400
TIMELINE 7 935 241723197951400 2238400
LATENCY 2211700
TIMELINE 7 951 241723233748900 2211700
LATENCY 2347200
TIMELINE 7 967 241723270550800 2347200
LATENCY 2306500
TIMELINE 7 983 241723314867600 2306500
LATENCY 2199400
TIMELINE 7 999 241723350855900 2199400
LATENCY 2124800
TIMELINE 7 1015 241723386047200 2124800
LATENCY 2273500
TIMELINE 7 1031 241723421815000 2273500
LATENCY 2232600
TIMELINE 7 1047 241723458091600 2232600
LATENCY 2225900
TIMELINE 7 1063 241723493481600 2225900
LATENCY 2137800
TIMELINE 7 1079 241723529332600 2137800
LATENCY 2400100
TIMELINE 7 1095 241723568672000 2400100
LATENCY 2122200
TIMELINE 7 1111 241723603679200 2122200
LATENCY 2704400
TIMELINE 7 1127 241723644032300 2704400
LATENCY 3012500
TIMELINE 7 1143 241723686448000 3012500
LATENCY 2739200
TIMELINE 7 1159 241723729449600 2739200
LATENCY 2602000
TIMELINE 7 1175 241723775713600 2602000
LATENCY 2697900
TIMELINE 7 1191 241723818912000 2697900
LATENCY 2606600
TIMELINE 7 1207 241723865613000 2606600
LATENCY 2878900
TIMELINE 7 1223 241723916023200 2878900
LATENCY 3292300
TIMELINE 7 1239 241723962972200 3292300
LATENCY 2862300
TIMELINE 7 1255 241724010282900 2862300
LATENCY 2889200
TIMELINE 7 1271 241724056068300 2889200
LATENCY 2940300
TIMELINE 7 1287 241724102825500 2940300
LATENCY 2929800
TIMELINE 7 1303 241724147993600 2929800
LATENCY 2707900
TIMELINE 7 1319 241724194093600 2707900
LATENCY 2767300
TIMELINE 7 1335 241724245667800 2767300
LATENCY 2701600
TIMELINE 7 1351 241724290630600 2701600
LATENCY 2909000
TIMELINE 7 1367 241724336800300 2909000
LATENCY 2665200
TIMELINE 7 1383 241724381145600 2665200
LATENCY 2787900
TIMELINE 7 1399 241724424695700 2787900
LATENCY 2714500
TIMELINE 7 1415 241724473036900 2714500
LATENCY 2873700
TIMELINE 7 1431 241724515378000 2873700
LATENCY 2835000
TIMELINE 7 1447 241724566120900 2835000
LATENCY 2945400
TIMELINE 7 1463 241724613324300 2945400
LATENCY 2948800
TIMELINE 7 1479 241724660185700 2948800
LATENCY 2694700
TIMELINE 7 1495 241724705936900 2694700
LATENCY 2800900
TIMELINE 7 1511 241724749956500 2800900
LATENCY 2796800
TIMELINE 7 1527 241724797156800 2796800
LATENCY 2676500
TIMELINE 7 1543 241724844769900 2676500
LATENCY 3003900
TIMELINE 7 1559 241724891114200 3003900
LATENCY 3335400
TIMELINE 7 1575 241724949246200 3335400
LATENCY 2991700
TIMELINE 7 1591 241725002201300 2991700
LATENCY 2746000
TIMELINE 7 1607 241725050708300 2746000
LATENCY 5409000
TIMELINE 7 1623 241725092605400 5409000
LATENCY 2904600
TIMELINE 7 1639 241725141875600 2904600
LATENCY 2575700
TIMELINE 7 1655 241725186020500 2575700
LATENCY 2832400
TIMELINE 7 1671 241725231849700 2832400
LATENCY 2791400
TIMELINE 7 1687 241725282405200 2791400
LATENCY 2481500
TIMELINE 7 1703 241725328670100 2481500
LATENCY 2570600
TIMELINE 7 1719 241725371020500 2570600
LATENCY 2770100
TIMELINE 7 1735 241725416105800 2770100
LATENCY 2926100
TIMELINE 7 1751 241725462158100 2926100
LATENCY 2867400
TIMELINE 7 1767 241725509172200 2867400
LATENCY 2859700
TIMELINE 7 1783 241725555089500 2859700
LATENCY 2539800
TIMELINE 7 1799 241725604679900 2539800
LATENCY 2727600
TIMELINE 7 1815 241725646831500 2727600
LATENCY 2710300
TIMELINE 7 1831 241725692508900 2710300
LATENCY 2961600
TIMELINE 7 1847 241725741029700 2961600
LATENCY 2707600
TIMELINE 7 1863 241725785953600 2707600
LATENCY 2722300
TIMELINE 7 1879 241725830415700 2722300
LATENCY 2914200
TIMELINE 7 1895 241725876225600 2914200
LATENCY 2701700
TIMELINE 7 1911 241725926601300 2701700
LATENCY 2694200
TIMELINE 7 1927 241725970433800 2694200
LATENCY 2733600
TIMELINE 7 1943 241726015651800 2733600
LATENCY 2565700
TIMELINE 7 1959 241726058306000 2565700
LATENCY 2557500
TIMELINE 7 1975 241726100050900 2557500
LATENCY 2679700
TIMELINE 7 1991 241726142634300 2679700
LATENCY 2700900
TIMELINE 7 2007 241726186329100 2700900
LATENCY 2762000
TIMELINE 7 2023 241726229764900 2762000
LATENCY 2738100
TIMELINE 7 2039 241726276636300 2738100
LATENCY 6346800
TIMELINE 8 8 241720777608500 6346800
LATENCY 4878800
TIMELINE 8 24 241720845807700 4878800
LATENCY 4624700
TIMELINE 8 40 241720916136000 4624700
LATENCY 3835200
TIMELINE 8 56 241720978382700 3835200
LATENCY 2824600
TIMELINE 8 72 241721037513800 2824600
LATENCY 3587000
TIMELINE 8 88 241721096742000 3587000
LATENCY 4016700
TIMELINE 8 104 241721148643100 4016700
LATENCY 3001500
TIMELINE 8 120 241721210012300 3001500
LATENCY 3650900
TIMELINE 8 136 241721260191200 3650900
LATENCY 3845200
TIMELINE 8 152 241721314622000 3845200
LATENCY 4322500
TIMELINE 8 168 241721370806700 4322500
LATENCY 2335100
TIMELINE 8 184 241721423785400 2335100
LATENCY 2307200
TIMELINE 8 200 241721461569000 2307200
LATENCY 2357300
TIMELINE 8 216 241721498425400 2357300
LATENCY 2299300
TIMELINE 8 232 241721534950300 2299300
LATENCY 2258300
TIMELINE 8 248 241721580161600 2258300
LATENCY 2324800
TIMELINE 8 264 241721616680100 2324800
LATENCY 4290400
TIMELINE 8 280 241721655986600 4290400
LATENCY 2332800
TIMELINE 8 296 241721699592600 2332800
LATENCY 2306900
TIMELINE 8 312 241721738139600 2306900
LATENCY 2288500
TIMELINE 8 328 241721775775800 2288500
LATENCY 2316300
TIMELINE 8 344 241721813187900 2316300
LATENCY 2289000
TIMELINE 8 360 241721850425800 2289000
LATENCY 2307700
TIMELINE 8 376 241721894361800 2307700
LATENCY 2245600
TIMELINE 8 392 241721932021000 2245600
LATENCY 2424700
TIMELINE 8 408 241721968378500 2424700
LATENCY 2492200
TIMELINE 8 424 241722005456600 2492200
LATENCY 2299000
TIMELINE 8 440 241722043359700 2299000
LATENCY 3081600
TIMELINE 8 456 241722079918300 3081600
LATENCY 2291300
TIMELINE 8 472 241722117790400 2291300
LATENCY 2236400
TIMELINE 8 488 241722154289900 2236400
LATENCY 2255500
TIMELINE 8 504 241722197858600 2255500
LATENCY 2248100
TIMELINE 8 520 241722234569800 2248100
LATENCY 2284100
TIMELINE 8 536 241722270874700 2284100
LATENCY 2341000
TIMELINE 8 552 241722307145000 2341000
LATENCY 2242500
TIMELINE 8 568 241722343562700 2242500
LATENCY 2207600
TIMELINE 8 584 241722379769500 2207600
LATENCY 2498300
TIMELINE 8 600 241722415478800 2498300
LATENCY 2299100
TIMELINE 8 616 241722452395100 2299100
LATENCY 2366300
TIMELINE 8 632 241722497887200 2366300
LATENCY 2237200
TIMELINE 8 648 241722533855700 2237200
LATENCY 2183000
TIMELINE 8 664 241722570195500 2183000
LATENCY 2284600
TIMELINE 8 680 241722606910800 2284600
LATENCY 2220700
TIMELINE 8 696 241722643391100 2220700
LATENCY 2368300
TIMELINE 8 712 241722679588400 2368300
LATENCY 2188200
TIMELINE 8 728 241722715920900 2188200
LATENCY 2455700
TIMELINE 8 744 241722759223800 2455700
LATENCY 2165600
TIMELINE 8 760 241722795686600 2165600
LATENCY 2238000
TIMELINE 8 776 241722831778600 2238000
LATENCY 2312500
TIMELINE 8 792 241722868593900 2312500
LATENCY 2868300
TIMELINE 8 808 241722904875900 2868300
LATENCY 2254400
TIMELINE 8 824 241722941443400 2254400
LATENCY 2156600
TIMELINE 8 840 241722977541100 2156600
LATENCY 2300800
TIMELINE 8 856 241723013478000 2300800
LATENCY 2233200
TIMELINE 8 872 241723057004500 2233200
LATENCY 2454900
TIMELINE 8 888 241723093248600 2454900
LATENCY 2213800
TIMELINE 8 904 241723129554700 2213800
LATENCY 2258500
TIMELINE 8 920 241723165347600 2258500
LATENCY 2224100
TIMELINE 8 936 241723201152100 2224100
LATENCY 2392200
TIMELINE 8 952 241723237026000 2392200
LATENCY 2273000
TIMELINE 8 968 241723273937800 2273000
LATENCY 2183500
TIMELINE 8 984 241723318176000 2183500
LATENCY 2147300
TIMELINE 8 1000 241723355154800 2147300
LATENCY 2146100
TIMELINE 8 1016 241723390061400 2146100
LATENCY 2308300
TIMELINE 8 1032 241723426066900 2308300
LATENCY 2185300
TIMELINE 8 1048 241723462430700 2185300
LATENCY 2237300
TIMELINE 8 1064 241723497828300 2237300
LATENCY 2150500
TIMELINE 8 1080 241723533402400 2150500
LATENCY 2111200
TIMELINE 8 1096 241723573183600 2111200
LATENCY 2103400
TIMELINE 8 1112 241723607828200 2103400
LATENCY 2603200
TIMELINE 8 1128 241723649286900 2603200
LATENCY 2664900
TIMELINE 8 1144 241723692085400 2664900
LATENCY 2800800
TIMELINE 8 1160 241723734915200 2800800
LATENCY 2557700
TIMELINE 8 1176 241723781914900 2557700
LATENCY 2688400
TIMELINE 8 1192 241723825084400 2688400
LATENCY 2617200
TIMELINE 8 1208 241723871604000 2617200
LATENCY 2880500
TIMELINE 8 1224 241723922599800 2880500
LATENCY 2873300
TIMELINE 8 1240 241723970031000 2873300
LATENCY 2898500
TIMELINE 8 1256 241724016891400 2898500
LATENCY 3058500
TIMELINE 8 1272 241724062622200 3058500
LATENCY 2694200
TIMELINE 8 1288 241724109165800 2694200
LATENCY 2837800
TIMELINE 8 1304 241724154611500 2837800
LATENCY 2893000
TIMELINE 8 1320 241724200495400 2893000
LATENCY 2726300
TIMELINE 8 1336 241724251878200 2726300
LATENCY 2826700
TIMELINE 8 1352 241724296039800 2826700
LATENCY 2902100
TIMELINE 8 1368 241724342553900 2902100
LATENCY 2805200
TIMELINE 8 1384 241724386525400 2805200
LATENCY 2708200
TIMELINE 8 1400 241724430163900 2708200
LATENCY 2818600
TIMELINE 8 1416 241724478434300 2818600
LATENCY 2752600
TIMELINE 8 1432 241724520869100 2752600
LATENCY 2946400
TIMELINE 8 1448 241724571745000 2946400
LATENCY 2880000
TIMELINE 8 1464 241724619112600 2880000
LATENCY 2944100
TIMELINE 8 1480 241724666005000 2944100
LATENCY 2727600
TIMELINE 8 1496 241724711286600 2727600
LATENCY 3202800
TIMELINE 8 1512 241724755418400 3202800
LATENCY 2764400
TIMELINE 8 1528 241724802477800 2764400
LATENCY 3006200
TIMELINE 8 1544 241724850061100 3006200
LATENCY 3458600
TIMELINE 8 1560 241724902324500 3458600
LATENCY 3209600
TIMELINE 8 1576 241724955766600 3209600
LATENCY 3139200
TIMELINE 8 1592 241725008000000 3139200
LATENCY 2630700
TIMELINE 8 1608 241725055944600 2630700
LATENCY 2936200
TIMELINE 8 1624 241725100816400 2936200
LATENCY 3090500
TIMELINE 8 1640 241725147641000 3090500
LATENCY 2732700
TIMELINE 8 1656 241725191209200 2732700
LATENCY 2854500
TIMELINE 8 1672 241725237510600 2854500
LATENCY 2913500
TIMELINE 8 1688 241725287928300 2913500
LATENCY 2996500
TIMELINE 8 1704 241725335968300 2996500
LATENCY 3131200
TIMELINE 8 1720 241725379034700 3131200
LATENCY 2827400
TIMELINE 8 1736 241725424610100 2827400
LATENCY 2886900
TIMELINE 8 1752 241725471123400 2886900
LATENCY 2835200
TIMELINE 8 1768 241725517950200 2835200
LATENCY 2859500
TIMELINE 8 1784 241725563900500 2859500
LATENCY 2639600
TIMELINE 8 1800 241725612750100 2639600
LATENCY 2607100
TIMELINE 8 1816 241725654947400 2607100
LATENCY 2785500
TIMELINE 8 1832 241725701034300 2785500
LATENCY 2744800
TIMELINE 8 1848 241725749711300 2744800
LATENCY 2715600
TIMELINE 8 1864 241725794391900 2715600
LATENCY 2722600
TIMELINE 8 1880 241725838847300 2722600
LATENCY 2809500
TIMELINE 8 1896 241725884327000 2809500
LATENCY 2709700
TIMELINE 8 1912 241725934237400 2709700
LATENCY 2600000
TIMELINE 8 1928 241725977813600 2600000
LATENCY 2830400
TIMELINE 8 1944 241726022766200 2830400
LATENCY 2649100
TIMELINE 8 1960 241726065106100 2649100
LATENCY 2628600
TIMELINE 8 1976 241726106947500 2628600
LATENCY 2700100
TIMELINE 8 1992 241726149759800 2700100
LATENCY 2596700
TIMELINE 8 2008 241726193302700 2596700
LATENCY 7453700
TIMELINE 8 2024 241726236965400 7453700
LATENCY 2590700
TIMELINE 8 2040 241726283615100 2590700
LATENCY 4616400
TIMELINE 9 9 241720785293400 4616400
LATENCY 4726500
TIMELINE 9 25 241720852437800 4726500
LATENCY 4507400
TIMELINE 9 41 241720922237700 4507400
LATENCY 2742000
TIMELINE 9 57 241720983380600 2742000
LATENCY 2758200
TIMELINE 9 73 241721041177300 2758200
LATENCY 2966500
TIMELINE 9 89 241721101108700 2966500
LATENCY 4148900
TIMELINE 9 105 241721163161300 4148900
LATENCY 2951700
TIMELINE 9 121 241721211565500 2951700
LATENCY 3669500
TIMELINE 9 137 241721262148100 3669500
LATENCY 3989400
TIMELINE 9 153 241721316676700 3989400
LATENCY 4382400
TIMELINE 9 169 241721372921300 4382400
LATENCY 2477700
TIMELINE 9 185 241721424996100 2477700
LATENCY 2301300
TIMELINE 9 201 241721462825500 2301300
LATENCY 2411100
TIMELINE 9 217 241721499724600 2411100
LATENCY 2233000
TIMELINE 9 233 241721536165100 2233000
LATENCY 2217500
TIMELINE 9 249 241721581370100 2217500
LATENCY 2342600
TIMELINE 9 265 241721617927200 2342600
LATENCY 1588400
TIMELINE 9 281 241721657628400 1588400
LATENCY 2361500
TIMELINE 9 297 241721698586300 2361500
LATENCY 2273200
TIMELINE 9 313 241721737253800 2273200
LATENCY 2312700
TIMELINE 9 329 241721774788100 2312700
LATENCY 2397900
TIMELINE 9 345 241721812221500 2397900
LATENCY 2403100
TIMELINE 9 361 241721849429400 2403100
LATENCY 2324100
TIMELINE 9 377 241721893493200 2324100
LATENCY 2235700
TIMELINE 9 393 241721931210500 2235700
LATENCY 2328600
TIMELINE 9 409 241721967563200 2328600
LATENCY 2373100
TIMELINE 9 425 241722004419400 2373100
LATENCY 2295200
TIMELINE 9 441 241722042256300 2295200
LATENCY 2039400
TIMELINE 9 457 241722078809400 2039400
LATENCY 2272200
TIMELINE 9 473 241722116661400 2272200
LATENCY 2259600
TIMELINE 9 489 241722153181300 2259600
LATENCY 2270400
TIMELINE 9 505 241722196770000 2270400
LATENCY 2279700
TIMELINE 9 521 241722233513000 2279700
LATENCY 2261200
TIMELINE 9 537 241722269835900 2261200
LATENCY 2301400
TIMELINE 9 553 241722306134600 2301400
LATENCY 2245100
TIMELINE 9 569 241722342534200 2245100
LATENCY 2242300
TIMELINE 9 585 241722378781100 2242300
LATENCY 2395100
TIMELINE 9 601 241722414400800 2395100
LATENCY 2324500
TIMELINE 9 617 241722451263400 2324500
LATENCY 2348100
TIMELINE 9 633 241722496730100 2348100
LATENCY 2206700
TIMELINE 9 649 241722532897900 2206700
LATENCY 2271400
TIMELINE 9 665 241722569087200 2271400
LATENCY 2472300
TIMELINE 9 681 241722605658400 2472300
LATENCY 2231700
TIMELINE 9 697 241722642318200 2231700
LATENCY 2401100
TIMELINE 9 713 241722678412900 2401100
LATENCY 2276700
TIMELINE 9 729 241722714774400 2276700
LATENCY 2638600
TIMELINE 9 745 241722757842500 2638600
LATENCY 2183900
TIMELINE 9 761 241722794544400 2183900
LATENCY 2253500
TIMELINE 9 777 241722830604600 2253500
LATENCY 2325300
TIMELINE 9 793 241722867384600 2325300
LATENCY 2707500
TIMELINE 9 809 241722903628400 2707500
LATENCY 2253400
TIMELINE 9 825 241722941322100 2253400
LATENCY 2153000
TIMELINE 9 841 241722977454100 2153000
LATENCY 2298300
TIMELINE 9 857 241723013353700 2298300
LATENCY 2239200
TIMELINE 9 873 241723057063300 2239200
LATENCY 2488200
TIMELINE 9 889 241723093311300 2488200
LATENCY 2224400
TIMELINE 9 905 241723129671500 2224400
LATENCY 2278100
TIMELINE 9 921 241723165465600 2278100
LATENCY 2224600
TIMELINE 9 937 241723201305600 2224600
LATENCY 2396700
TIMELINE 9 953 241723237186600 2396700
LATENCY 2270600
TIMELINE 9 969 241723274069600 2270600
LATENCY 2184300
TIMELINE 9 985 241723318297000 2184300
LATENCY 2146600
TIMELINE 9 1001 241723355094700 2146600
LATENCY 2131700
TIMELINE 9 1017 241723390003000 2131700
LATENCY 2296600
TIMELINE 9 1033 241723425978700 2296600
LATENCY 2189600
TIMELINE 9 1049 241723462367800 2189600
LATENCY 2225900
TIMELINE 9 1065 241723497799100 2225900
LATENCY 2154600
TIMELINE 9 1081 241723533338500 2154600
LATENCY 2094700
TIMELINE 9 1097 241723573016200 2094700
LATENCY 2098300
TIMELINE 9 1113 241723607682100 2098300
LATENCY 2595700
TIMELINE 9 1129 241723649082300 2595700
LATENCY 2676600
TIMELINE 9 1145 241723691866400 2676600
LATENCY 2798400
TIMELINE 9 1161 241723734677900 2798400
LATENCY 2614700
TIMELINE 9 1177 241723781414600 2614700
LATENCY 2720900
TIMELINE 9 1193 241723824653700 2720900
LATENCY 2622100
TIMELINE 9 1209 241723871232300 2622100
LATENCY 2893900
TIMELINE 9 1225 241723922190200 2893900
LATENCY 2880900
TIMELINE 9 1241 241723969721000 2880900
LATENCY 2912300
TIMELINE 9 1257 241724016602600 2912300
LATENCY 3068900
TIMELINE 9 1273 241724062323400 3068900
LATENCY 2674800
TIMELINE 9 1289 241724108925400 2674800
LATENCY 2838100
TIMELINE 9 1305 241724154331800 2838100
LATENCY 2945500
TIMELINE 9 1321 241724200180100 2945500
LATENCY 2714600
TIMELINE 9 1337 241724251622800 2714600
LATENCY 2826500
TIMELINE 9 1353 241724295776700 2826500
LATENCY 2893900
TIMELINE 9 1369 241724342272000 2893900
LATENCY 2804200
TIMELINE 9 1385 241724386456600 2804200
LATENCY 2693400
TIMELINE 9 1401 241724430095900 2693400
LATENCY 2833700
TIMELINE 9 1417 241724478358000 2833700
LATENCY 2763900
TIMELINE 9 1433 241724520906700 2763900
LATENCY 2943900
TIMELINE 9 1449 241724571793800 2943900
LATENCY 2883000
TIMELINE 9 1465 241724619153000 2883000
LATENCY 2948400
TIMELINE 9 1481 241724666044100 2948400
LATENCY 2742200
TIMELINE 9 1497 241724711318800 2742200
LATENCY 3191200
TIMELINE 9 1513 241724755298800 3191200
LATENCY 2744300
TIMELINE 9 1529 241724802091300 2744300
LATENCY 2994000
TIMELINE 9 1545 241724849708200 2994000
LATENCY 3539400
TIMELINE 9 1561 241724901691000 3539400
LATENCY 3203800
TIMELINE 9 1577 241724955200600 3203800
LATENCY 3073500
TIMELINE 9 1593 241725007445500 3073500
LATENCY 2620900
TIMELINE 9 1609 241725055442100 2620900
LATENCY 2938900
TIMELINE 9 1625 241725100251600 2938900
LATENCY 3063800
TIMELINE 9 1641 241725147092700 3063800
LATENCY 2685300
TIMELINE 9 1657 241725190640300 2685300
LATENCY 2932300
TIMELINE 9 1673 241725236784300 2932300
LATENCY 2868800
TIMELINE 9 1689 241725287319500 2868800
LATENCY 2807800
TIMELINE 9 1705 241725333973100 2807800
LATENCY 2814400
TIMELINE 9 1721 241725377082800 2814400
LATENCY 2749200
TIMELINE 9 1737 241725422520500 2749200
LATENCY 2904700
TIMELINE 9 1753 241725468889700 2904700
LATENCY 2855000
TIMELINE 9 1769 241725515683900 2855000
LATENCY 2849900
TIMELINE 9 1785 241725561624500 2849900
LATENCY 2634600
TIMELINE 9 1801 241725610625200 2634600
LATENCY 2570800
TIMELINE 9 1817 241725652901000 2570800
LATENCY 2716200
TIMELINE 9 1833 241725698842300 2716200
LATENCY 2747900
TIMELINE 9 1849 241725747510100 2747900
LATENCY 2728500
TIMELINE 9 1865 241725792195900 2728500
LATENCY 2706500
TIMELINE 9 1881 241725836690500 2706500
LATENCY 2902700
TIMELINE 9 1897 241725880205600 2902700
LATENCY 2806300
TIMELINE 9 1913 241725930388500 2806300
LATENCY 2578400
TIMELINE 9 1929 241725974130600 2578400
LATENCY 2545400
TIMELINE 9 1945 241726021225100 2545400
LATENCY 2579500
TIMELINE 9 1961 241726063570000 2579500
LATENCY 2554900
TIMELINE 9 1977 241726105401900 2554900
LATENCY 2796400
TIMELINE 9 1993 241726148039000 2796400
LATENCY 2559200
TIMELINE 9 2009 241726191752300 2559200
LATENCY 2691600
TIMELINE 9 2025 241726235354700 2691600
LATENCY 2543400
TIMELINE 9 2041 241726282076100 2543400
LATENCY 5791000
TIMELINE 10 10 241720788485900 5791000
LATENCY 4991200
TIMELINE 10 26 241720855942600 4991200
LATENCY 4464600
TIMELINE 10 42 241720925419100 4464600
LATENCY 2714200
TIMELINE 10 58 241720985217800 2714200
LATENCY 2910500
TIMELINE 10 74 241721043019800 2910500
LATENCY 2943800
TIMELINE 10 90 241721103175200 2943800
LATENCY 3355100
TIMELINE 10 106 241721165878700 3355100
LATENCY 3136400
TIMELINE 10 122 241721216972300 3136400
LATENCY 4159600
TIMELINE 10 138 241721268014500 4159600
LATENCY 4180100
TIMELINE 10 154 241721323027700 4180100
LATENCY 4563600
TIMELINE 10 170 241721379970000 4563600
LATENCY 2408100
TIMELINE 10 186 241721428878700 2408100
LATENCY 2363700
TIMELINE 10 202 241721466433000 2363700
LATENCY 2297300
TIMELINE 10 218 241721503500600 2297300
LATENCY 2369200
TIMELINE 10 234 241721539626600 2369200
LATENCY 2232700
TIMELINE 10 250 241721584813100 2232700
LATENCY 2342800
TIMELINE 10 266 241721621448700 2342800
LATENCY 3044100
TIMELINE 10 282 241721661716000 3044100
LATENCY 2992800
TIMELINE 10 298 241721703291800 2992800
LATENCY 2253700
TIMELINE 10 314 241721741706300 2253700
LATENCY 2313100
TIMELINE 10 330 241721779417200 2313100
LATENCY 2320900
TIMELINE 10 346 241721816942400 2320900
LATENCY 2247400
TIMELINE 10 362 241721854077900 2247400
LATENCY 2293200
TIMELINE 10 378 241721897957200 2293200
LATENCY 2196700
TIMELINE 10 394 241721935548000 2196700
LATENCY 2346200
TIMELINE 10 410 241721972066500 2346200
LATENCY 2220000
TIMELINE 10 426 241722009036400 2220000
LATENCY 2279100
TIMELINE 10 442 241722046767300 2279100
LATENCY 2595000
TIMELINE 10 458 241722082967800 2595000
LATENCY 2264800
TIMELINE 10 474 241722120113600 2264800
LATENCY 2220700
TIMELINE 10 490 241722156709300 2220700
LATENCY 2218700
TIMELINE 10 506 241722200270000 2218700
LATENCY 2285300
TIMELINE 10 522 241722237034500 2285300
LATENCY 2305900
TIMELINE 10 538 241722273379700 2305900
LATENCY 2380500
TIMELINE 10 554 241722309757600 2380500
LATENCY 2234800
TIMELINE 10 570 241722346082000 2234800
LATENCY 2195900
TIMELINE 10 586 241722382314400 2195900
LATENCY 2335400
TIMELINE 10 602 241722418196300 2335400
LATENCY 2273500
TIMELINE 10 618 241722454886700 2273500
LATENCY 2361700
TIMELINE 10 634 241722499792800 2361700
LATENCY 2183600
TIMELINE 10 650 241722535675600 2183600
LATENCY 2295500
TIMELINE 10 666 241722571975700 2295500
LATENCY 2169900
TIMELINE 10 682 241722608761900 2169900
LATENCY 2218000
TIMELINE 10 698 241722645202900 2218000
LATENCY 2269900
TIMELINE 10 714 241722681443500 2269900
LATENCY 2227300
TIMELINE 10 730 241722717637400 2227300
LATENCY 2282200
TIMELINE 10 746 241722761206200 2282200
LATENCY 2193100
TIMELINE 10 762 241722797307200 2193100
LATENCY 2238400
TIMELINE 10 778 241722833455900 2238400
LATENCY 2293000
TIMELINE 10 794 241722870368600 2293000
LATENCY 2642900
TIMELINE 10 810 241722907209600 2642900
LATENCY 2387600
TIMELINE 10 826 241722943364600 2387600
LATENCY 2163800
TIMELINE 10 842 241722979402700 2163800
LATENCY 2372700
TIMELINE 10 858 241723015428800 2372700
LATENCY 2369700
TIMELINE 10 874 241723059005900 2369700
LATENCY 2303200
TIMELINE 10 890 241723095497800 2303200
LATENCY 2237600
TIMELINE 10 906 241723131648000 2237600
LATENCY 2308600
TIMELINE 10 922 241723167485200 2308600
LATENCY 2255200
TIMELINE 10 938 241723203314600 2255200
LATENCY 2285000
TIMELINE 10 954 241723239353100 2285000
LATENCY 2320900
TIMELINE 10 970 241723276181900 2320900
LATENCY 2223100
TIMELINE 10 986 241723320422500 2223100
LATENCY 2158800
TIMELINE 10 1002 241723355947500 2158800
LATENCY 2180900
TIMELINE 10 1018 241723390776100 2180900
LATENCY 2316100
TIMELINE 10 1034 241723426644900 2316100
LATENCY 2197100
TIMELINE 10 1050 241723462963300 2197100
LATENCY 2246200
TIMELINE 10 1066 241723498396100 2246200
LATENCY 2153000
TIMELINE 10 1082 241723534000200 2153000
LATENCY 2136300
TIMELINE 10 1098 241723573717100 2136300
LATENCY 2082300
TIMELINE 10 1114 241723608394100 2082300
LATENCY 2582100
TIMELINE 10 1130 241723649973600 2582100
LATENCY 2662900
TIMELINE 10 1146 241723692794900 2662900
LATENCY 2833300
TIMELINE 10 1162 241723735674600 2833300
LATENCY 2561900
TIMELINE 10 1178 241723782576200 2561900
LATENCY 2703300
TIMELINE 10 1194 241723825859100 2703300
LATENCY 2608500
TIMELINE 10 1210 241723872400600 2608500
LATENCY 2894700
TIMELINE 10 1226 241723923456600 2894700
LATENCY 2914200
TIMELINE 10 1242 241723970966000 2914200
LATENCY 2892600
TIMELINE 10 1258 241724017863300 2892600
LATENCY 3048500
TIMELINE 10 1274 241724063616700 3048500
LATENCY 2698800
TIMELINE 10 1290 241724110058700 2698800
LATENCY 2902800
TIMELINE 10 1306 241724155541500 2902800
LATENCY 2860100
TIMELINE 10 1322 241724201537700 2860100
LATENCY 2751100
TIMELINE 10 1338 241724252811100 2751100
LATENCY 2766200
TIMELINE 10 1354 241724297353800 2766200
LATENCY 2902300
TIMELINE 10 1370 241724343875900 2902300
LATENCY 2681700
TIMELINE 10 1386 241724387842500 2681700
LATENCY 2692900
TIMELINE 10 1402 241724431409400 2692900
LATENCY 2873500
TIMELINE 10 1418 241724479716100 2873500
LATENCY 2873300
TIMELINE 10 1434 241724522067800 2873300
LATENCY 2955300
TIMELINE 10 1450 241724573018100 2955300
LATENCY 2990500
TIMELINE 10 1466 241724620402100 2990500
LATENCY 3168100
TIMELINE 10 1482 241724667298900 3168100
LATENCY 2768600
TIMELINE 10 1498 241724712465400 2768600
LATENCY 3093300
TIMELINE 10 1514 241724756762300 3093300
LATENCY 2771200
TIMELINE 10 1530 241724803456300 2771200
LATENCY 2987200
TIMELINE 10 1546 241724851178800 2987200
LATENCY 3453900
TIMELINE 10 1562 241724903556900 3453900
LATENCY 3183300
TIMELINE 10 1578 241724956843700 3183300
LATENCY 3046300
TIMELINE 10 1594 241725008960600 3046300
LATENCY 2623700
TIMELINE 10 1610 241725056726700 2623700
LATENCY 2882500
TIMELINE 10 1626 241725101695200 2882500
LATENCY 3003400
TIMELINE 10 1642 241725148606000 3003400
LATENCY 2824400
TIMELINE 10 1658 241725191978500 2824400
LATENCY 2851100
TIMELINE 10 1674 241725238305500 2851100
LATENCY 2875700
TIMELINE 10 1690 241725288828000 2875700
LATENCY 3010000
TIMELINE 10 1706 241725335701500 3010000
LATENCY 3162100
TIMELINE 10 1722 241725378740300 3162100
LATENCY 2813500
TIMELINE 10 1738 241725424353000 2813500
LATENCY 2885900
TIMELINE 10 1754 241725470840400 2885900
LATENCY 2834000
TIMELINE 10 1770 241725517675700 2834000
LATENCY 2854800
TIMELINE 10 1786 241725563619800 2854800
LATENCY 2634800
TIMELINE 10 1802 241725612497700 2634800
LATENCY 2581600
TIMELINE 10 1818 241725654703600 2581600
LATENCY 2760000
TIMELINE 10 1834 241725700807700 2760000
LATENCY 2735200
TIMELINE 10 1850 241725749484200 2735200
LATENCY 2722700
TIMELINE 10 1866 241725794168800 2722700
LATENCY 2728900
TIMELINE 10 1882 241725838612700 2728900
LATENCY 2868200
TIMELINE 10 1898 241725883289900 2868200
LATENCY 2785900
TIMELINE 10 1914 241725933322600 2785900
LATENCY 2671200
TIMELINE 10 1930 241725976871900 2671200
LATENCY 2988800
TIMELINE 10 1946 241726023849900 2988800
LATENCY 2600800
TIMELINE 10 1962 241726066244600 2600800
LATENCY 2643500
TIMELINE 10 1978 241726108029300 2643500
LATENCY 2672600
TIMELINE 10 1994 241726150921000 2672600
LATENCY 2622700
TIMELINE 10 2010 241726194391600 2622700
LATENCY 7477000
TIMELINE 10 2026 241726238140600 7477000
LATENCY 2600700
TIMELINE 10 2042 241726284697600 2600700
LATENCY 4672800
TIMELINE 11 11 241720794192500 4672800
LATENCY 4735000
TIMELINE 11 27 241720861106700 4735000
LATENCY 4713900
TIMELINE 11 43 241720930522700 4713900
LATENCY 4896700
TIMELINE 11 59 241720988255000 4896700
LATENCY 3665800
TIMELINE 11 75 241721046413200 3665800
LATENCY 2708700
TIMELINE 11 91 241721106533100 2708700
LATENCY 2596000
TIMELINE 11 107 241721169597100 2596000
LATENCY 3099300
TIMELINE 11 123 241721218652000 3099300
LATENCY 3977100
TIMELINE 11 139 241721270253100 3977100
LATENCY 4359900
TIMELINE 11 155 241721325327500 4359900
LATENCY 4574400
TIMELINE 11 171 241721382590200 4574400
LATENCY 2351400
TIMELINE 11 187 241721430419800 2351400
LATENCY 2204200
TIMELINE 11 203 241721467992900 2204200
LATENCY 2242400
TIMELINE 11 219 241721504983900 2242400
LATENCY 2459400
TIMELINE 11 235 241721541243300 2459400
LATENCY 2248900
TIMELINE 11 251 241721586353400 2248900
LATENCY 2412900
TIMELINE 11 267 241721623131300 2412900
LATENCY 2800400
TIMELINE 11 283 241721666537800 2800400
LATENCY 2358600
TIMELINE 11 299 241721707742500 2358600
LATENCY 2228400
TIMELINE 11 315 241721745278000 2228400
LATENCY 2305900
TIMELINE 11 331 241721782997800 2305900
LATENCY 2299000
TIMELINE 11 347 241721820467800 2299000
LATENCY 2215100
TIMELINE 11 363 241721857609000 2215100
LATENCY 2487400
TIMELINE 11 379 241721901657500 2487400
LATENCY 2340600
TIMELINE 11 395 241721938979300 2340600
LATENCY 2246700
TIMELINE 11 411 241721975813000 2246700
LATENCY 2355500
TIMELINE 11 427 241722012585500 2355500
LATENCY 2306000
TIMELINE 11 443 241722050453500 2306000
LATENCY 2330400
TIMELINE 11 459 241722088222500 2330400
LATENCY 2180500
TIMELINE 11 475 241722124846200 2180500
LATENCY 2306000
TIMELINE 11 491 241722161380500 2306000
LATENCY 2242300
TIMELINE 11 507 241722204923400 2242300
LATENCY 2382600
TIMELINE 11 523 241722241713700 2382600
LATENCY 2205900
TIMELINE 11 539 241722278085300 2205900
LATENCY 2252700
TIMELINE 11 555 241722314659000 2252700
LATENCY 2263600
TIMELINE 11 571 241722350642800 2263600
LATENCY 2264700
TIMELINE 11 587 241722386922000 2264700
LATENCY 2252700
TIMELINE 11 603 241722422881100 2252700
LATENCY 2730000
TIMELINE 11 619 241722466691800 2730000
LATENCY 2250600
TIMELINE 11 635 241722504185400 2250600
LATENCY 2258400
TIMELINE 11 651 241722539832200 2258400
LATENCY 2293500
TIMELINE 11 667 241722576471000 2293500
LATENCY 2171600
TIMELINE 11 683 241722613018000 2171600
LATENCY 2220800
TIMELINE 11 699 241722649542000 2220800
LATENCY 2306600
TIMELINE 11 715 241722686095600 2306600
LATENCY 2126900
TIMELINE 11 731 241722721948400 2126900
LATENCY 2433500
TIMELINE 11 747 241722765637200 2433500
LATENCY 2383200
TIMELINE 11 763 241722801979100 2383200
LATENCY 2333800
TIMELINE 11 779 241722838108400 2333800
LATENCY 2285700
TIMELINE 11 795 241722875111800 2285700
LATENCY 2289000
TIMELINE 11 811 241722911949700 2289000
LATENCY 2260700
TIMELINE 11 827 241722947971200 2260700
LATENCY 2211000
TIMELINE 11 843 241722983605100 2211000
LATENCY 2207200
TIMELINE 11 859 241723019877000 2207200
LATENCY 2463900
TIMELINE 11 875 241723063397600 2463900
LATENCY 2207400
TIMELINE 11 891 241723099742800 2207400
LATENCY 2195200
TIMELINE 11 907 241723135810600 2195200
LATENCY 2287100
TIMELINE 11 923 241723171691200 2287100
LATENCY 2248400
TIMELINE 11 939 241723207501000 2248400
LATENCY 2221100
TIMELINE 11 955 241723243524600 2221100
LATENCY 2291400
TIMELINE 11 971 241723280408300 2291400
LATENCY 2993300
TIMELINE 11 987 241723324452900 2993300
LATENCY 2177700
TIMELINE 11 1003 241723360735000 2177700
LATENCY 2432300
TIMELINE 11 1019 241723395653900 2432300
LATENCY 2278300
TIMELINE 11 1035 241723431712500 2278300
LATENCY 2315800
TIMELINE 11 1051 241723467744100 2315800
LATENCY 2250800
TIMELINE 11 1067 241723503240400 2250800
LATENCY 2185000
TIMELINE 11 1083 241723538754200 2185000
LATENCY 2172300
TIMELINE 11 1099 241723578551300 2172300
LATENCY 2596600
TIMELINE 11 1115 241723613042600 2596600
LATENCY 2668400
TIMELINE 11 1131 241723655732800 2668400
LATENCY 2731300
TIMELINE 11 1147 241723698647400 2731300
LATENCY 2854400
TIMELINE 11 1163 241723741929700 2854400
LATENCY 2784100
TIMELINE 11 1179 241723788993100 2784100
LATENCY 2702900
TIMELINE 11 1195 241723832533400 2702900
LATENCY 7852900
TIMELINE 11 1211 241723878833600 7852900
LATENCY 2932800
TIMELINE 11 1227 241723930565900 2932800
LATENCY 2997700
TIMELINE 11 1243 241723978245100 2997700
LATENCY 3011600
TIMELINE 11 1259 241724024986500 3011600
LATENCY 2983200
TIMELINE 11 1275 241724070849800 2983200
LATENCY 2767300
TIMELINE 11 1291 241724116550800 2767300
LATENCY 2830700
TIMELINE 11 1307 241724162424300 2830700
LATENCY 2931700
TIMELINE 11 1323 241724208448700 2931700
LATENCY 2834900
TIMELINE 11 1339 241724259332200 2834900
LATENCY 2765600
TIMELINE 11 1355 241724305156000 2765600
LATENCY 2929400
TIMELINE 11 1371 241724352139800 2929400
LATENCY 2684400
TIMELINE 11 1387 241724395516700 2684400
LATENCY 2788800
TIMELINE 11 1403 241724442517900 2788800
LATENCY 2571600
TIMELINE 11 1419 241724487344400 2571600
LATENCY 2836900
TIMELINE 11 1435 241724530460100 2836900
LATENCY 3016600
TIMELINE 11 1451 241724581523400 3016600
LATENCY 2834000
TIMELINE 11 1467 241724628669000 2834000
LATENCY 2787600
TIMELINE 11 1483 241724675770600 2787600
LATENCY 2688500
TIMELINE 11 1499 241724720512500 2688500
LATENCY 2910400
TIMELINE 11 1515 241724765401800 2910400
LATENCY 5210900
TIMELINE 11 1531 241724812385000 5210900
LATENCY 3186100
TIMELINE 11 1547 241724861097700 3186100
LATENCY 3324700
TIMELINE 11 1563 241724914620400 3324700
LATENCY 3431600
TIMELINE 11 1579 241724967758300 3431600
LATENCY 2974400
TIMELINE 11 1595 241725019007600 2974400
LATENCY 2635100
TIMELINE 11 1611 241725065335800 2635100
LATENCY 3189200
TIMELINE 11 1627 241725111221200 3189200
LATENCY 2760200
TIMELINE 11 1643 241725157678200 2760200
LATENCY 2907200
TIMELINE 11 1659 241725201486100 2907200
LATENCY 2934000
TIMELINE 11 1675 241725252267800 2934000
LATENCY 2855200
TIMELINE 11 1691 241725298253100 2855200
LATENCY 2816500
TIMELINE 11 1707 241725342643400 2816500
LATENCY 3092100
TIMELINE 11 1723 241725386111100 3092100
LATENCY 2770600
TIMELINE 11 1739 241725430950000 2770600
LATENCY 2987700
TIMELINE 11 1755 241725477842600 2987700
LATENCY 2854600
TIMELINE 11 1771 241725524514300 2854600
LATENCY 2869900
TIMELINE 11 1787 241725570530600 2869900
LATENCY 2631200
TIMELINE 11 1803 241725618821200 2631200
LATENCY 2713600
TIMELINE 11 1819 241725660884400 2713600
LATENCY 2685600
TIMELINE 11 1835 241725707477100 2685600
LATENCY 2942100
TIMELINE 11 1851 241725756272400 2942100
LATENCY 2774300
TIMELINE 11 1867 241725800703700 2774300
LATENCY 2567900
TIMELINE 11 1883 241725845070700 2567900
LATENCY 2905400
TIMELINE 11 1899 241725890343300 2905400
LATENCY 2705400
TIMELINE 11 1915 241725939778500 2705400
LATENCY 2614300
TIMELINE 11 1931 241725983178100 2614300
LATENCY 2634200
TIMELINE 11 1947 241726028226100 2634200
LATENCY 2691100
TIMELINE 11 1963 241726070184300 2691100
LATENCY 2604800
TIMELINE 11 1979 241726112047600 2604800
LATENCY 2641300
TIMELINE 11 1995 241726154979000 2641300
LATENCY 2617600
TIMELINE 11 2011 241726198367200 2617600
LATENCY 2587600
TIMELINE 11 2027 241726247112000 2587600
LATENCY 2618700
TIMELINE 11 2043 241726288641000 2618700
LATENCY 3916100
TIMELINE 12 12 241720798992300 3916100
LATENCY 4917700
TIMELINE 12 28 241720865678300 4917700
LATENCY 4677800
TIMELINE 12 44 241720935172000 4677800
LATENCY 4496600
TIMELINE 12 60 241720993089400 4496600
LATENCY 4002100
TIMELINE 12 76 241721049794700 4002100
LATENCY 3057500
TIMELINE 12 92 241721109043100 3057500
LATENCY 3680300
TIMELINE 12 108 241721174755200 3680300
LATENCY 4244500
TIMELINE 12 124 241721223683000 4244500
LATENCY 3660800
TIMELINE 12 140 241721276855200 3660800
LATENCY 5162100
TIMELINE 12 156 241721332813600 5162100
LATENCY 4537000
TIMELINE 12 172 241721390167400 4537000
LATENCY 2350300
TIMELINE 12 188 241721434273000 2350300
LATENCY 2380400
TIMELINE 12 204 241721471682600 2380400
LATENCY 2262900
TIMELINE 12 220 241721508764300 2262900
LATENCY 2334100
TIMELINE 12 236 241721551924700 2334100
LATENCY 2310900
TIMELINE 12 252 241721589987400 2310900
LATENCY 2274800
TIMELINE 12 268 241721626898100 2274800
LATENCY 2493500
TIMELINE 12 284 241721667861900 2493500
LATENCY 2337700
TIMELINE 12 300 241721708702500 2337700
LATENCY 2228300
TIMELINE 12 316 241721746177300 2228300
LATENCY 2325600
TIMELINE 12 332 241721783950700 2325600
LATENCY 2319100
TIMELINE 12 348 241721821375500 2319100
LATENCY 2229200
TIMELINE 12 364 241721858496900 2229200
LATENCY 2436800
TIMELINE 12 380 241721902628800 2436800
LATENCY 2317100
TIMELINE 12 396 241721939877800 2317100
LATENCY 2339300
TIMELINE 12 412 241721976810200 2339300
LATENCY 2420100
TIMELINE 12 428 241722013619100 2420100
LATENCY 2310900
TIMELINE 12 444 241722051486100 2310900
LATENCY 2316500
TIMELINE 12 460 241722087624000 2316500
LATENCY 2188400
TIMELINE 12 476 241722124323300 2188400
LATENCY 2313300
TIMELINE 12 492 241722160810600 2313300
LATENCY 2237700
TIMELINE 12 508 241722204451800 2237700
LATENCY 2358400
TIMELINE 12 524 241722241264000 2358400
LATENCY 2209800
TIMELINE 12 540 241722277628500 2209800
LATENCY 2288300
TIMELINE 12 556 241722314122900 2288300
LATENCY 2232200
TIMELINE 12 572 241722350154100 2232200
LATENCY 2237200
TIMELINE 12 588 241722386476500 2237200
LATENCY 2234900
TIMELINE 12 604 241722422438800 2234900
LATENCY 9825000
TIMELINE 12 620 241722459049100 9825000
LATENCY 2257000
TIMELINE 12 636 241722504061200 2257000
LATENCY 2259800
TIMELINE 12 652 241722539713800 2259800
LATENCY 2314000
TIMELINE 12 668 241722576179300 2314000
LATENCY 2171400
TIMELINE 12 684 241722612816700 2171400
LATENCY 2215800
TIMELINE 12 700 241722649362200 2215800
LATENCY 2298600
TIMELINE 12 716 241722685910300 2298600
LATENCY 2125200
TIMELINE 12 732 241722721783400 2125200
LATENCY 2378600
TIMELINE 12 748 241722765440300 2378600
LATENCY 2355600
TIMELINE 12 764 241722801649500 2355600
LATENCY 2300200
TIMELINE 12 780 241722837785000 2300200
LATENCY 2278700
TIMELINE 12 796 241722874692100 2278700
LATENCY 2278800
TIMELINE 12 812 241722911656900 2278800
LATENCY 2252600
TIMELINE 12 828 241722947670400 2252600
LATENCY 2228600
TIMELINE 12 844 241722983293300 2228600
LATENCY 2206400
TIMELINE 12 860 241723019582000 2206400
LATENCY 2414200
TIMELINE 12 876 241723063085000 2414200
LATENCY 2211800
TIMELINE 12 892 241723099506600 2211800
LATENCY 2206200
TIMELINE 12 908 241723135508900 2206200
LATENCY 2248000
TIMELINE 12 924 241723171431600 2248000
LATENCY 2248600
TIMELINE 12 940 241723207226400 2248600
LATENCY 2224500
TIMELINE 12 956 241723243255200 2224500
LATENCY 2292300
TIMELINE 12 972 241723280127700 2292300
LATENCY 4279400
TIMELINE 12 988 241723324136900 4279400
LATENCY 2168500
TIMELINE 12 1004 241723361677300 2168500
LATENCY 2391500
TIMELINE 12 1020 241723396742200 2391500
LATENCY 2196600
TIMELINE 12 1036 241723433104000 2196600
LATENCY 2328500
TIMELINE 12 1052 241723469142700 2328500
LATENCY 2228200
TIMELINE 12 1068 241723504602600 2228200
LATENCY 2188200
TIMELINE 12 1084 241723539989000 2188200
LATENCY 2117100
TIMELINE 12 1100 241723579776900 2117100
LATENCY 3081500
TIMELINE 12 1116 241723614281000 3081500
LATENCY 2628800
TIMELINE 12 1132 241723657392500 2628800
LATENCY 2629200
TIMELINE 12 1148 241723700296100 2629200
LATENCY 2889500
TIMELINE 12 1164 241723743644800 2889500
LATENCY 2977300
TIMELINE 12 1180 241723790772700 2977300
LATENCY 3001000
TIMELINE 12 1196 241723834267100 3001000
LATENCY 2967600
TIMELINE 12 1212 241723885609300 2967600
LATENCY 2897400
TIMELINE 12 1228 241723932428100 2897400
LATENCY 2863100
TIMELINE 12 1244 241723980270200 2863100
LATENCY 2910500
TIMELINE 12 1260 241724027026500 2910500
LATENCY 2911300
TIMELINE 12 1276 241724072850000 2911300
LATENCY 2833100
TIMELINE 12 1292 241724118479000 2833100
LATENCY 2938600
TIMELINE 12 1308 241724164394800 2938600
LATENCY 2857100
TIMELINE 12 1324 241724210611900 2857100
LATENCY 2786400
TIMELINE 12 1340 241724261403500 2786400
LATENCY 2735300
TIMELINE 12 1356 241724306102300 2735300
LATENCY 2883400
TIMELINE 12 1372 241724353112300 2883400
LATENCY 2698400
TIMELINE 12 1388 241724396394200 2698400
LATENCY 2795800
TIMELINE 12 1404 241724443446000 2795800
LATENCY 2569200
TIMELINE 12 1420 241724488167100 2569200
LATENCY 2820000
TIMELINE 12 1436 241724531429400 2820000
LATENCY 2893900
TIMELINE 12 1452 241724582576100 2893900
LATENCY 2759300
TIMELINE 12 1468 241724629622000 2759300
LATENCY 2680900
TIMELINE 12 1484 241724676684200 2680900
LATENCY 2657300
TIMELINE 12 1500 241724721334300 2657300
LATENCY 2911100
TIMELINE 12 1516 241724766291500 2911100
LATENCY 5144400
TIMELINE 12 1532 241724812126900 5144400
LATENCY 3256800
TIMELINE 12 1548 241724860692300 3256800
LATENCY 3341000
TIMELINE 12 1564 241724914209200 3341000
LATENCY 3381000
TIMELINE 12 1580 241724967280600 3381000
LATENCY 2974600
TIMELINE 12 1596 241725018513100 2974600
LATENCY 2646800
TIMELINE 12 1612 241725064918700 2646800
LATENCY 3255200
TIMELINE 12 1628 241725110708300 3255200
LATENCY 2739600
TIMELINE 12 1644 241725157348000 2739600
LATENCY 2898400
TIMELINE 12 1660 241725201082400 2898400
LATENCY 2994700
TIMELINE 12 1676 241725251765800 2994700
LATENCY 2865700
TIMELINE 12 1692 241725297793300 2865700
LATENCY 2820600
TIMELINE 12 1708 241725342267600 2820600
LATENCY 3076200
TIMELINE 12 1724 241725385706900 3076200
LATENCY 2759800
TIMELINE 12 1740 241725430587200 2759800
LATENCY 2987700
TIMELINE 12 1756 241725477449800 2987700
LATENCY 2855800
TIMELINE 12 1772 241725524316200 2855800
LATENCY 2865000
TIMELINE 12 1788 241725570323100 2865000
LATENCY 2643600
TIMELINE 12 1804 241725618635600 2643600
LATENCY 2612700
TIMELINE 12 1820 241725660713800 2612700
LATENCY 2708400
TIMELINE 12 1836 241725707277200 2708400
LATENCY 2916200
TIMELINE 12 1852 241725756199000 2916200
LATENCY 2767600
TIMELINE 12 1868 241725800557900 2767600
LATENCY 2905700
TIMELINE 12 1884 241725844954100 2905700
LATENCY 2904000
TIMELINE 12 1900 241725890424400 2904000
LATENCY 2716400
TIMELINE 12 1916 241725939967500 2716400
LATENCY 2612600
TIMELINE 12 1932 241725983347300 2612600
LATENCY 2629000
TIMELINE 12 1948 241726027706200 2629000
LATENCY 2675500
TIMELINE 12 1964 241726069664700 2675500
LATENCY 2575200
TIMELINE 12 1980 241726111532300 2575200
LATENCY 2638000
TIMELINE 12 1996 241726154424000 2638000
LATENCY 2617200
TIMELINE 12 2012 241726197843300 2617200
LATENCY 2607200
TIMELINE 12 2028 241726246566200 2607200
LATENCY 2604200
TIMELINE 12 2044 241726288125100 2604200
LATENCY 3048400
TIMELINE 13 13 241720803205700 3048400
LATENCY 4741600
TIMELINE 13 29 241720871420800 4741600
LATENCY 3500600
TIMELINE 13 45 241720940314400 3500600
LATENCY 4211300
TIMELINE 13 61 241720998013500 4211300
LATENCY 2958100
TIMELINE 13 77 241721054069200 2958100
LATENCY 3046900
TIMELINE 13 93 241721112444100 3046900
LATENCY 4019900
TIMELINE 13 109 241721177744100 4019900
LATENCY 3967100
TIMELINE 13 125 241721227286000 3967100
LATENCY 3285000
TIMELINE 13 141 241721279861700 3285000
LATENCY 4780800
TIMELINE 13 157 241721336884000 4780800
LATENCY 4259300
TIMELINE 13 173 241721393709100 4259300
LATENCY 2410300
TIMELINE 13 189 241721436030100 2410300
LATENCY 2375800
TIMELINE 13 205 241721473493600 2375800
LATENCY 2267000
TIMELINE 13 221 241721510443800 2267000
LATENCY 2286300
TIMELINE 13 237 241721553687100 2286300
LATENCY 2361300
TIMELINE 13 253 241721591730400 2361300
LATENCY 2350700
TIMELINE 13 269 241721628617000 2350700
LATENCY 2720700
TIMELINE 13 285 241721671791000 2720700
LATENCY 2433200
TIMELINE 13 301 241721712362400 2433200
LATENCY 2352500
TIMELINE 13 317 241721749739300 2352500
LATENCY 2312000
TIMELINE 13 333 241721787582100 2312000
LATENCY 2302000
TIMELINE 13 349 241721825047400 2302000
LATENCY 2507900
TIMELINE 13 365 241721862163000 2507900
LATENCY 2251700
TIMELINE 13 381 241721906608100 2251700
LATENCY 2206000
TIMELINE 13 397 241721943696100 2206000
LATENCY 2264800
TIMELINE 13 413 241721980469500 2264800
LATENCY 2341600
TIMELINE 13 429 241722017340400 2341600
LATENCY 2239000
TIMELINE 13 445 241722055101200 2239000
LATENCY 2257700
TIMELINE 13 461 241722093045300 2257700
LATENCY 2230000
TIMELINE 13 477 241722129578400 2230000
LATENCY 9005600
TIMELINE 13 493 241722166144000 9005600
LATENCY 2265700
TIMELINE 13 509 241722209610200 2265700
LATENCY 2192100
TIMELINE 13 525 241722246629500 2192100
LATENCY 2246000
TIMELINE 13 541 241722282811700 2246000
LATENCY 2269000
TIMELINE 13 557 241722319328800 2269000
LATENCY 2356800
TIMELINE 13 573 241722355410000 2356800
LATENCY 2192600
TIMELINE 13 589 241722391794700 2192600
LATENCY 2369500
TIMELINE 13 605 241722427730500 2369500
LATENCY 2312500
TIMELINE 13 621 241722472510000 2312500
LATENCY 2346600
TIMELINE 13 637 241722510119000 2346600
LATENCY 2230000
TIMELINE 13 653 241722545779600 2230000
LATENCY 2224100
TIMELINE 13 669 241722582293600 2224100
LATENCY 2260400
TIMELINE 13 685 241722618638500 2260400
LATENCY 2193500
TIMELINE 13 701 241722655284600 2193500
LATENCY 2295400
TIMELINE 13 717 241722692022500 2295400
LATENCY 2153200
TIMELINE 13 733 241722727462600 2153200
LATENCY 2262700
TIMELINE 13 749 241722771787800 2262700
LATENCY 2253600
TIMELINE 13 765 241722807685200 2253600
LATENCY 2297700
TIMELINE 13 781 241722844047500 2297700
LATENCY 2178500
TIMELINE 13 797 241722880673800 2178500
LATENCY 2174600
TIMELINE 13 813 241722918299100 2174600
LATENCY 2260600
TIMELINE 13 829 241722954559000 2260600
LATENCY 2186400
TIMELINE 13 845 241722989899100 2186400
LATENCY 2258900
TIMELINE 13 861 241723033604400 2258900
LATENCY 2292000
TIMELINE 13 877 241723070136700 2292000
LATENCY 2210500
TIMELINE 13 893 241723105986700 2210500
LATENCY 2193500
TIMELINE 13 909 241723142273900 2193500
LATENCY 2203200
TIMELINE 13 925 241723178135300 2203200
LATENCY 2225700
TIMELINE 13 941 241723213908300 2225700
LATENCY 2228400
TIMELINE 13 957 241723249980900 2228400
LATENCY 2282900
TIMELINE 13 973 241723287000800 2282900
LATENCY 2157300
TIMELINE 13 989 241723333007200 2157300
LATENCY 2215400
TIMELINE 13 1005 241723368335100 2215400
LATENCY 2381000
TIMELINE 13 1021 241723403610500 2381000
LATENCY 2260400
TIMELINE 13 1037 241723439790400 2260400
LATENCY 2197100
TIMELINE 13 1053 241723475609600 2197100
LATENCY 2259900
TIMELINE 13 1069 241723511093600 2259900
LATENCY 2133200
TIMELINE 13 1085 241723546222800 2133200
LATENCY 2292200
TIMELINE 13 1101 241723585972700 2292200
LATENCY 2769200
TIMELINE 13 1117 241723622469800 2769200
LATENCY 2584700
TIMELINE 13 1133 241723664769000 2584700
LATENCY 2672900
TIMELINE 13 1149 241723707630900 2672900
LATENCY 3785000
TIMELINE 13 1165 241723751788300 3785000
LATENCY 2607800
TIMELINE 13 1181 241723798919000 2607800
LATENCY 2719800
TIMELINE 13 1197 241723845835300 2719800
LATENCY 2920700
TIMELINE 13 1213 241723894298300 2920700
LATENCY 2941500
TIMELINE 13 1229 241723940882400 2941500
LATENCY 2899900
TIMELINE 13 1245 241723988668900 2899900
LATENCY 2798900
TIMELINE 13 1261 241724035457400 2798900
LATENCY 2885300
TIMELINE 13 1277 241724081365800 2885300
LATENCY 2620700
TIMELINE 13 1293 241724126987000 2620700
LATENCY 2864100
TIMELINE 13 1309 241724172850300 2864100
LATENCY 2733600
TIMELINE 13 1325 241724218842600 2733600
LATENCY 2770600
TIMELINE 13 1341 241724269374700 2770600
LATENCY 2932200
TIMELINE 13 1357 241724314680100 2932200
LATENCY 2590600
TIMELINE 13 1373 241724361232000 2590600
LATENCY 2732300
TIMELINE 13 1389 241724403995700 2732300
LATENCY 2898500
TIMELINE 13 1405 241724451544500 2898500
LATENCY 2592600
TIMELINE 13 1421 241724495573200 2592600
LATENCY 2812300
TIMELINE 13 1437 241724539629700 2812300
LATENCY 3047400
TIMELINE 13 1453 241724590982700 3047400
LATENCY 2913400
TIMELINE 13 1469 241724637643600 2913400
LATENCY 2853500
TIMELINE 13 1485 241724684835400 2853500
LATENCY 2654800
TIMELINE 13 1501 241724729003500 2654800
LATENCY 2945300
TIMELINE 13 1517 241724774678900 2945300
LATENCY 2627100
TIMELINE 13 1533 241724822475700 2627100
LATENCY 2732000
TIMELINE 13 1549 241724869589600 2732000
LATENCY 3350800
TIMELINE 13 1565 241724923938900 3350800
LATENCY 3252400
TIMELINE 13 1581 241724977214600 3252400
LATENCY 3119800
TIMELINE 13 1597 241725027448600 3119800
LATENCY 2593000
TIMELINE 13 1613 241725072613100 2593000
LATENCY 2874500
TIMELINE 13 1629 241725119516800 2874500
LATENCY 2727100
TIMELINE 13 1645 241725165393900 2727100
LATENCY 2876700
TIMELINE 13 1661 241725209570600 2876700
LATENCY 2870300
TIMELINE 13 1677 241725260363000 2870300
LATENCY 2883800
TIMELINE 13 1693 241725306284100 2883800
LATENCY 2613500
TIMELINE 13 1709 241725352217400 2613500
LATENCY 2718900
TIMELINE 13 1725 241725396683800 2718900
LATENCY 2900300
TIMELINE 13 1741 241725440631500 2900300
LATENCY 3064000
TIMELINE 13 1757 241725488430300 3064000
LATENCY 2810900
TIMELINE 13 1773 241725534606900 2810900
LATENCY 2929900
TIMELINE 13 1789 241725580686000 2929900
LATENCY 2651100
TIMELINE 13 1805 241725627958700 2651100
LATENCY 3580000
TIMELINE 13 1821 241725672059800 3580000
LATENCY 2823100
TIMELINE 13 1837 241725717184000 2823100
LATENCY 2680400
TIMELINE 13 1853 241725766371600 2680400
LATENCY 2887400
TIMELINE 13 1869 241725810616800 2887400
LATENCY 2730500
TIMELINE 13 1885 241725855467400 2730500
LATENCY 3022500
TIMELINE 13 1901 241725900951800 3022500
LATENCY 2695300
TIMELINE 13 1917 241725949830100 2695300
LATENCY 2846400
TIMELINE 13 1933 241725992815300 2846400
LATENCY 2861400
TIMELINE 13 1949 241726039997100 2861400
LATENCY 2567500
TIMELINE 13 1965 241726082177900 2567500
LATENCY 2597200
TIMELINE 13 1981 241726124069300 2597200
LATENCY 2901800
TIMELINE 13 1997 241726167029300 2901800
LATENCY 2584000
TIMELINE 13 2013 241726210223800 2584000
LATENCY 2602300
TIMELINE 13 2029 241726258754100 2602300
LATENCY 2357300
TIMELINE 13 2045 241726303133200 2357300
LATENCY 3001800
TIMELINE 14 14 241720806012600 3001800
LATENCY 4458700
TIMELINE 14 30 241720875673000 4458700
LATENCY 3913000
TIMELINE 14 46 241720943628300 3913000
LATENCY 3706600
TIMELINE 14 62 241721002165400 3706600
LATENCY 3589400
TIMELINE 14 78 241721056993200 3589400
LATENCY 2660100
TIMELINE 14 94 241721115537100 2660100
LATENCY 4024100
TIMELINE 14 110 241721181239700 4024100
LATENCY 3221000
TIMELINE 14 126 241721230755500 3221000
LATENCY 3733800
TIMELINE 14 142 241721282873000 3733800
LATENCY 3093300
TIMELINE 14 158 241721341399900 3093300
LATENCY 2856100
TIMELINE 14 174 241721397705400 2856100
LATENCY 2397400
TIMELINE 14 190 241721438241400 2397400
LATENCY 2249000
TIMELINE 14 206 241721475673000 2249000
LATENCY 2241100
TIMELINE 14 222 241721512494900 2241100
LATENCY 2248000
TIMELINE 14 238 241721555770300 2248000
LATENCY 2247900
TIMELINE 14 254 241721593882700 2247900
LATENCY 2312600
TIMELINE 14 270 241721630723100 2312600
LATENCY 2489400
TIMELINE 14 286 241721673762000 2489400
LATENCY 2396000
TIMELINE 14 302 241721714052800 2396000
LATENCY 2298900
TIMELINE 14 318 241721751347300 2298900
LATENCY 2278400
TIMELINE 14 334 241721789251600 2278400
LATENCY 2280800
TIMELINE 14 350 241721826672100 2280800
LATENCY 8911300
TIMELINE 14 366 241721863858100 8911300
LATENCY 2655800
TIMELINE 14 382 241721907942300 2655800
LATENCY 2146800
TIMELINE 14 398 241721945098600 2146800
LATENCY 2269700
TIMELINE 14 414 241721981968800 2269700
LATENCY 2592400
TIMELINE 14 430 241722018885900 2592400
LATENCY 2301700
TIMELINE 14 446 241722056617800 2301700
LATENCY 2246300
TIMELINE 14 462 241722092746500 2246300
LATENCY 2226700
TIMELINE 14 478 241722129288500 2226700
LATENCY 8990000
TIMELINE 14 494 241722165925100 8990000
LATENCY 2264700
TIMELINE 14 510 241722209489600 2264700
LATENCY 2190000
TIMELINE 14 526 241722246426400 2190000
LATENCY 2236500
TIMELINE 14 542 241722282695300 2236500
LATENCY 2266400
TIMELINE 14 558 241722319300400 2266400
LATENCY 2234100
TIMELINE 14 574 241722355378400 2234100
LATENCY 2199100
TIMELINE 14 590 241722391671400 2199100
LATENCY 2354200
TIMELINE 14 606 241722427608500 2354200
LATENCY 2292400
TIMELINE 14 622 241722472440100 2292400
LATENCY 2321200
TIMELINE 14 638 241722510422300 2321200
LATENCY 2255600
TIMELINE 14 654 241722546023400 2255600
LATENCY 2225700
TIMELINE 14 670 241722582513500 2225700
LATENCY 2300500
TIMELINE 14 686 241722618850800 2300500
LATENCY 2201400
TIMELINE 14 702 241722655499400 2201400
LATENCY 2283900
TIMELINE 14 718 241722692252600 2283900
LATENCY 2153800
TIMELINE 14 734 241722727641300 2153800
LATENCY 2275400
TIMELINE 14 750 241722771974400 2275400
LATENCY 2258200
TIMELINE 14 766 241722807870400 2258200
LATENCY 2305700
TIMELINE 14 782 241722844267300 2305700
LATENCY 2180700
TIMELINE 14 798 241722880946200 2180700
LATENCY 2191800
TIMELINE 14 814 241722918866400 2191800
LATENCY 2280600
TIMELINE 14 830 241722955154400 2280600
LATENCY 2187800
TIMELINE 14 846 241722990490200 2187800
LATENCY 2228700
TIMELINE 14 862 241723034227300 2228700
LATENCY 2310000
TIMELINE 14 878 241723070800200 2310000
LATENCY 2194300
TIMELINE 14 894 241723106645500 2194300
LATENCY 2234700
TIMELINE 14 910 241723143013400 2234700
LATENCY 2175700
TIMELINE 14 926 241723178890000 2175700
LATENCY 2217600
TIMELINE 14 942 241723214665800 2217600
LATENCY 2234900
TIMELINE 14 958 241723250771000 2234900
LATENCY 2266600
TIMELINE 14 974 241723287809300 2266600
LATENCY 2159100
TIMELINE 14 990 241723332892600 2159100
LATENCY 2192600
TIMELINE 14 1006 241723368218000 2192600
LATENCY 2277500
TIMELINE 14 1022 241723403552300 2277500
LATENCY 2264700
TIMELINE 14 1038 241723439664500 2264700
LATENCY 2195700
TIMELINE 14 1054 241723475494200 2195700
LATENCY 2267600
TIMELINE 14 1070 241723510968700 2267600
LATENCY 2119600
TIMELINE 14 1086 241723546111600 2119600
LATENCY 2281400
TIMELINE 14 1102 241723585913800 2281400
LATENCY 2774100
TIMELINE 14 1118 241723622394800 2774100
LATENCY 2581700
TIMELINE 14 1134 241723664694500 2581700
LATENCY 2661000
TIMELINE 14 1150 241723707564900 2661000
LATENCY 3134900
TIMELINE 14 1166 241723751683500 3134900
LATENCY 2622400
TIMELINE 14 1182 241723798047600 2622400
LATENCY 2728600
TIMELINE 14 1198 241723844960600 2728600
LATENCY 2894400
TIMELINE 14 1214 241723893331600 2894400
LATENCY 2947800
TIMELINE 14 1230 241723939949300 2947800
LATENCY 2898200
TIMELINE 14 1246 241723987714400 2898200
LATENCY 2780800
TIMELINE 14 1262 241724034491000 2780800
LATENCY 2910300
TIMELINE 14 1278 241724080375800 2910300
LATENCY 2606100
TIMELINE 14 1294 241724126130000 2606100
LATENCY 2881700
TIMELINE 14 1310 241724171878200 2881700
LATENCY 2727500
TIMELINE 14 1326 241724217958200 2727500
LATENCY 2701700
TIMELINE 14 1342 241724268461600 2701700
LATENCY 2958700
TIMELINE 14 1358 241724313310600 2958700
LATENCY 2622500
TIMELINE 14 1374 241724360061900 2622500
LATENCY 2635200
TIMELINE 14 1390 241724402890100 2635200
LATENCY 2913400
TIMELINE 14 1406 241724450244600 2913400
LATENCY 2581600
TIMELINE 14 1422 241724494452000 2581600
LATENCY 2728500
TIMELINE 14 1438 241724538411900 2728500
LATENCY 3080800
TIMELINE 14 1454 241724589630900 3080800
LATENCY 2819000
TIMELINE 14 1470 241724636311800 2819000
LATENCY 2988700
TIMELINE 14 1486 241724683498200 2988700
LATENCY 2640100
TIMELINE 14 1502 241724727860300 2640100
LATENCY 2945600
TIMELINE 14 1518 241724773432900 2945600
LATENCY 2600500
TIMELINE 14 1534 241724821341200 2600500
LATENCY 2774100
TIMELINE 14 1550 241724868418700 2774100
LATENCY 3343000
TIMELINE 14 1566 241724922732600 3343000
LATENCY 3298800
TIMELINE 14 1582 241724975997000 3298800
LATENCY 3118500
TIMELINE 14 1598 241725026448200 3118500
LATENCY 2565800
TIMELINE 14 1614 241725071743600 2565800
LATENCY 2911600
TIMELINE 14 1630 241725118533100 2911600
LATENCY 2733700
TIMELINE 14 1646 241725164516300 2733700
LATENCY 2935300
TIMELINE 14 1662 241725208566000 2935300
LATENCY 2867500
TIMELINE 14 1678 241725259376300 2867500
LATENCY 2883400
TIMELINE 14 1694 241725305288600 2883400
LATENCY 2619600
TIMELINE 14 1710 241725352174500 2619600
LATENCY 2706200
TIMELINE 14 1726 241725396578200 2706200
LATENCY 2835100
TIMELINE 14 1742 241725440529000 2835100
LATENCY 3050700
TIMELINE 14 1758 241725488389400 3050700
LATENCY 2805800
TIMELINE 14 1774 241725534567500 2805800
LATENCY 2923900
TIMELINE 14 1790 241725580646000 2923900
LATENCY 2651300
TIMELINE 14 1806 241725627886500 2651300
LATENCY 3651400
TIMELINE 14 1822 241725671949600 3651400
LATENCY 2820400
TIMELINE 14 1838 241725717150200 2820400
LATENCY 2683100
TIMELINE 14 1854 241725766403300 2683100
LATENCY 2887100
TIMELINE 14 1870 241725810658000 2887100
LATENCY 2731600
TIMELINE 14 1886 241725856302100 2731600
LATENCY 2940300
TIMELINE 14 1902 241725901931400 2940300
LATENCY 2711800
TIMELINE 14 1918 241725950649500 2711800
LATENCY 2737500
TIMELINE 14 1934 241725993749500 2737500
LATENCY 2781600
TIMELINE 14 1950 241726038531600 2781600
LATENCY 2610000
TIMELINE 14 1966 241726080660000 2610000
LATENCY 2653900
TIMELINE 14 1982 241726122543700 2653900
LATENCY 2911700
TIMELINE 14 1998 241726165440000 2911700
LATENCY 2601200
TIMELINE 14 2014 241726208757100 2601200
LATENCY 2577700
TIMELINE 14 2030 241726257282000 2577700
LATENCY 2752800
TIMELINE 14 2046 241726301301700 2752800
LATENCY 3086800
TIMELINE 15 15 241720809057000 3086800
LATENCY 4670600
TIMELINE 15 31 241720880329900 4670600
LATENCY 3807200
TIMELINE 15 47 241720947683500 3807200
LATENCY 3399800
TIMELINE 15 63 241721005671800 3399800
LATENCY 3342500
TIMELINE 15 79 241721060472400 3342500
LATENCY 2533900
TIMELINE 15 95 241721118072600 2533900
LATENCY 2619100
TIMELINE 15 111 241721186727200 2619100
LATENCY 2823400
TIMELINE 15 127 241721234940100 2823400
LATENCY 3909000
TIMELINE 15 143 241721288069000 3909000
LATENCY 2999500
TIMELINE 15 159 241721345880000 2999500
LATENCY 2767600
TIMELINE 15 175 241721401579200 2767600
LATENCY 2370100
TIMELINE 15 191 241721441565300 2370100
LATENCY 2242100
TIMELINE 15 207 241721478782200 2242100
LATENCY 2234100
TIMELINE 15 223 241721515551700 2234100
LATENCY 3676900
TIMELINE 15 239 241721558888700 3676900
LATENCY 2272200
TIMELINE 15 255 241721597002200 2272200
LATENCY 2364300
TIMELINE 15 271 241721633912500 2364300
LATENCY 2474900
TIMELINE 15 287 241721676185800 2474900
LATENCY 2350600
TIMELINE 15 303 241721716320600 2350600
LATENCY 2241900
TIMELINE 15 319 241721753532000 2241900
LATENCY 2278600
TIMELINE 15 335 241721791402800 2278600
LATENCY 2544600
TIMELINE 15 351 241721828857700 2544600
LATENCY 2317100
TIMELINE 15 367 241721872645900 2317100
LATENCY 2375100
TIMELINE 15 383 241721910426500 2375100
LATENCY 2248200
TIMELINE 15 399 241721947103700 2248200
LATENCY 2337200
TIMELINE 15 415 241721984049600 2337200
LATENCY 2539700
TIMELINE 15 431 241722021102900 2539700
LATENCY 2320900
TIMELINE 15 447 241722058643900 2320900
LATENCY 2248700
TIMELINE 15 463 241722094550500 2248700
LATENCY 2392800
TIMELINE 15 479 241722131017200 2392800
LATENCY 2367600
TIMELINE 15 495 241722174346600 2367600
LATENCY 2270800
TIMELINE 15 511 241722211098700 2270800
LATENCY 2180000
TIMELINE 15 527 241722248064700 2180000
LATENCY 2243600
TIMELINE 15 543 241722284582100 2243600
LATENCY 2233100
TIMELINE 15 559 241722321186200 2233100
LATENCY 2228500
TIMELINE 15 575 241722357234400 2228500
LATENCY 2176600
TIMELINE 15 591 241722393466500 2176600
LATENCY 2310400
TIMELINE 15 607 241722429523400 2310400
LATENCY 2273600
TIMELINE 15 623 241722474223300 2273600
LATENCY 2207100
TIMELINE 15 639 241722512290600 2207100
LATENCY 2317500
TIMELINE 15 655 241722547822400 2317500
LATENCY 2260600
TIMELINE 15 671 241722584309600 2260600
LATENCY 2426900
TIMELINE 15 687 241722620646500 2426900
LATENCY 2213000
TIMELINE 15 703 241722657244500 2213000
LATENCY 2250000
TIMELINE 15 719 241722693977400 2250000
LATENCY 2180000
TIMELINE 15 735 241722729366200 2180000
LATENCY 2310000
TIMELINE 15 751 241722773784400 2310000
LATENCY 2288800
TIMELINE 15 767 241722809655200 2288800
LATENCY 2301400
TIMELINE 15 783 241722846102300 2301400
LATENCY 2217500
TIMELINE 15 799 241722882680200 2217500
LATENCY 2260800
TIMELINE 15 815 241722919695600 2260800
LATENCY 2256100
TIMELINE 15 831 241722956141300 2256100
LATENCY 2170500
TIMELINE 15 847 241722991467600 2170500
LATENCY 2245600
TIMELINE 15 863 241723035231600 2245600
LATENCY 2306000
TIMELINE 15 879 241723071796000 2306000
LATENCY 2293100
TIMELINE 15 895 241723107561700 2293100
LATENCY 2277400
TIMELINE 15 911 241723143827100 2277400
LATENCY 2174600
TIMELINE 15 927 241723179661600 2174600
LATENCY 2214000
TIMELINE 15 943 241723215478100 2214000
LATENCY 2234500
TIMELINE 15 959 241723251551200 2234500
LATENCY 2252200
TIMELINE 15 975 241723288556300 2252200
LATENCY 2166700
TIMELINE 15 991 241723332690900 2166700
LATENCY 2191400
TIMELINE 15 1007 241723368002500 2191400
LATENCY 2289000
TIMELINE 15 1023 241723403323200 2289000
LATENCY 2264800
TIMELINE 15 1039 241723439517400 2264800
LATENCY 2184200
TIMELINE 15 1055 241723475380900 2184200
LATENCY 2268300
TIMELINE 15 1071 241723510845500 2268300
LATENCY 2111100
TIMELINE 15 1087 241723546026900 2111100
LATENCY 2271800
TIMELINE 15 1103 241723585828100 2271800
LATENCY 2765800
TIMELINE 15 1119 241723622312300 2765800
LATENCY 2561000
TIMELINE 15 1135 241723664639100 2561000
LATENCY 2671500
TIMELINE 15 1151 241723707492100 2671500
LATENCY 2463600
TIMELINE 15 1167 241723751579400 2463600
LATENCY 2626300
TIMELINE 15 1183 241723797465800 2626300
LATENCY 2704200
TIMELINE 15 1199 241723844334700 2704200
LATENCY 2891700
TIMELINE 15 1215 241723892621500 2891700
LATENCY 2896900
TIMELINE 15 1231 241723939199300 2896900
LATENCY 2889500
TIMELINE 15 1247 241723986963200 2889500
LATENCY 2802800
TIMELINE 15 1263 241724033894500 2802800
LATENCY 2954700
TIMELINE 15 1279 241724079741000 2954700
LATENCY 2656500
TIMELINE 15 1295 241724125510900 2656500
LATENCY 2872500
TIMELINE 15 1311 241724171243600 2872500
LATENCY 2735400
TIMELINE 15 1327 241724217338700 2735400
LATENCY 2744600
TIMELINE 15 1343 241724267855400 2744600
LATENCY 2944700
TIMELINE 15 1359 241724313491900 2944700
LATENCY 2603600
TIMELINE 15 1375 241724360195800 2603600
LATENCY 2665700
TIMELINE 15 1391 241724402969300 2665700
LATENCY 2916800
TIMELINE 15 1407 241724450363800 2916800
LATENCY 2585500
TIMELINE 15 1423 241724494666600 2585500
LATENCY 2770600
TIMELINE 15 1439 241724538626400 2770600
LATENCY 3084100
TIMELINE 15 1455 241724589880000 3084100
LATENCY 2909300
TIMELINE 15 1471 241724636545000 2909300
LATENCY 2993100
TIMELINE 15 1487 241724683685900 2993100
LATENCY 2635100
TIMELINE 15 1503 241724728040900 2635100
LATENCY 2947000
TIMELINE 15 1519 241724773634300 2947000
LATENCY 2609800
TIMELINE 15 1535 241724821949300 2609800
LATENCY 2731400
TIMELINE 15 1551 241724866142000 2731400
LATENCY 3179900
TIMELINE 15 1567 241724920114700 3179900
LATENCY 3291300
TIMELINE 15 1583 241724973385100 3291300
LATENCY 3065300
TIMELINE 15 1599 241725023945100 3065300
LATENCY 2624100
TIMELINE 15 1615 241725069589500 2624100
LATENCY 2931100
TIMELINE 15 1631 241725116223100 2931100
LATENCY 2773600
TIMELINE 15 1647 241725162326500 2773600
LATENCY 3019200
TIMELINE 15 1663 241725206271200 3019200
LATENCY 2871400
TIMELINE 15 1679 241725257169500 2871400
LATENCY 2879900
TIMELINE 15 1695 241725303078700 2879900
LATENCY 2680300
TIMELINE 15 1711 241725348553900 2680300
LATENCY 2938500
TIMELINE 15 1727 241725392724000 2938500
LATENCY 2707900
TIMELINE 15 1743 241725436862500 2707900
LATENCY 2986800
TIMELINE 15 1759 241725484252500 2986800
LATENCY 2883300
TIMELINE 15 1775 241725530644700 2883300
LATENCY 2916600
TIMELINE 15 1791 241725576686000 2916600
LATENCY 2558700
TIMELINE 15 1807 241725624411300 2558700
LATENCY 2508600
TIMELINE 15 1823 241725666651800 2508600
LATENCY 2846400
TIMELINE 15 1839 241725713330200 2846400
LATENCY 2740300
TIMELINE 15 1855 241725762571300 2740300
LATENCY 2796000
TIMELINE 15 1871 241725806786300 2796000
LATENCY 2839800
TIMELINE 15 1887 241725851859100 2839800
LATENCY 2966800
TIMELINE 15 1903 241725897248300 2966800
LATENCY 2683200
TIMELINE 15 1919 241725946325600 2683200
LATENCY 2728200
TIMELINE 15 1935 241725989321800 2728200
LATENCY 2609200
TIMELINE 15 1951 241726035014300 2609200
LATENCY 2635300
TIMELINE 15 1967 241726077065000 2635300
LATENCY 2681100
TIMELINE 15 1983 241726118935500 2681100
LATENCY 2637900
TIMELINE 15 1999 241726161844900 2637900
LATENCY 2671500
TIMELINE 15 2015 241726205165000 2671500
LATENCY 2577100
TIMELINE 15 2031 241726253840600 2577100
LATENCY 3694100
TIMELINE 15 2047 241726296309200 3694100
LATENCY 16691500
TIMELINE 16 0 241720720093400 16691500
LATENCY 3015000
TIMELINE 16 16 241720812335500 3015000
LATENCY 4283300
TIMELINE 16 32 241720885069800 4283300
LATENCY 2941800
TIMELINE 16 48 241720951642800 2941800
LATENCY 4649700
TIMELINE 16 64 241721009359200 4649700
LATENCY 3511300
TIMELINE 16 80 241721064185300 3511300
LATENCY 2508300
TIMELINE 16 96 241721120831200 2508300
LATENCY 2592000
TIMELINE 16 112 241721188880400 2592000
LATENCY 2890900
TIMELINE 16 128 241721237202600 2890900
LATENCY 3783300
TIMELINE 16 144 241721291408200 3783300
LATENCY 3090200
TIMELINE 16 160 241721348357800 3090200
LATENCY 2754500
TIMELINE 16 176 241721403866800 2754500
LATENCY 2339900
TIMELINE 16 192 241721443551200 2339900
LATENCY 2276100
TIMELINE 16 208 241721480728300 2276100
LATENCY 2250400
TIMELINE 16 224 241721517574600 2250400
LATENCY 2467900
TIMELINE 16 240 241721562532000 2467900
LATENCY 2379200
TIMELINE 16 256 241721599245700 2379200
LATENCY 2610400
TIMELINE 16 272 241721636243200 2610400
LATENCY 2444300
TIMELINE 16 288 241721679356200 2444300
LATENCY 2387300
TIMELINE 16 304 241721719368500 2387300
LATENCY 2681700
TIMELINE 16 320 241721756508100 2681700
LATENCY 2297600
TIMELINE 16 336 241721794336600 2297600
LATENCY 2413600
TIMELINE 16 352 241721832039900 2413600
LATENCY 2257500
TIMELINE 16 368 241721875695300 2257500
LATENCY 2366700
TIMELINE 16 384 241721913628900 2366700
LATENCY 2277000
TIMELINE 16 400 241721950143300 2277000
LATENCY 2353700
TIMELINE 16 416 241721987157600 2353700
LATENCY 2348400
TIMELINE 16 432 241722024420500 2348400
LATENCY 2210200
TIMELINE 16 448 241722061714400 2210200
LATENCY 2361300
TIMELINE 16 464 241722099803700 2361300
LATENCY 2231900
TIMELINE 16 480 241722136601500 2231900
LATENCY 2222500
TIMELINE 16 496 241722179846000 2222500
LATENCY 2170000
TIMELINE 16 512 241722216302800 2170000
LATENCY 2361600
TIMELINE 16 528 241722253242000 2361600
LATENCY 2274200
TIMELINE 16 544 241722289664900 2274200
LATENCY 2223200
TIMELINE 16 560 241722326092300 2223200
LATENCY 2263600
TIMELINE 16 576 241722362075600 2263600
LATENCY 2451600
TIMELINE 16 592 241722398332800 2451600
LATENCY 2217900
TIMELINE 16 608 241722434661200 2217900
LATENCY 2245800
TIMELINE 16 624 241722479365600 2245800
LATENCY 2163700
TIMELINE 16 640 241722517329100 2163700
LATENCY 2382800
TIMELINE 16 656 241722553076600 2382800
LATENCY 2320100
TIMELINE 16 672 241722589683000 2320100
LATENCY 2263300
TIMELINE 16 688 241722626141600 2263300
LATENCY 2324900
TIMELINE 16 704 241722662378000 2324900
LATENCY 2222700
TIMELINE 16 720 241722699565100 2222700
LATENCY 2198500
TIMELINE 16 736 241722734794100 2198500
LATENCY 2320500
TIMELINE 16 752 241722779030500 2320500
LATENCY 2210000
TIMELINE 16 768 241722814804800 2210000
LATENCY 2245400
TIMELINE 16 784 241722851322900 2245400
LATENCY 2270600
TIMELINE 16 800 241722887930900 2270600
LATENCY 2176600
TIMELINE 16 816 241722924953700 2176600
LATENCY 2288000
TIMELINE 16 832 241722961527000 2288000
LATENCY 2277700
TIMELINE 16 848 241722996618200 2277700
LATENCY 2142000
TIMELINE 16 864 241723040414900 2142000
LATENCY 2308100
TIMELINE 16 880 241723077187000 2308100
LATENCY 2429500
TIMELINE 16 896 241723113133900 2429500
LATENCY 2235600
TIMELINE 16 912 241723149215000 2235600
LATENCY 2198900
TIMELINE 16 928 241723184792200 2198900
LATENCY 2248300
TIMELINE 16 944 241723220767600 2248300
LATENCY 2345400
TIMELINE 16 960 241723257052200 2345400
LATENCY 10080700
TIMELINE 16 976 241723293964600 10080700
LATENCY 2281700
TIMELINE 16 992 241723339762500 2281700
LATENCY 2221900
TIMELINE 16 1008 241723375189400 2221900
LATENCY 2187400
TIMELINE 16 1024 241723410690300 2187400
LATENCY 2182200
TIMELINE 16 1040 241723446782800 2182200
LATENCY 2180600
TIMELINE 16 1056 241723482456300 2180600
LATENCY 2234400
TIMELINE 16 1072 241723518073000 2234400
LATENCY 2083100
TIMELINE 16 1088 241723552879500 2083100
LATENCY 2182700
TIMELINE 16 1104 241723592992800 2182700
LATENCY 2578900
TIMELINE 16 1120 241723631075300 2578900
LATENCY 2642800
TIMELINE 16 1136 241723673049500 2642800
LATENCY 2585300
TIMELINE 16 1152 241723715965100 2585300
LATENCY 2564900
TIMELINE 16 1168 241723763126100 2564900
LATENCY 2643800
TIMELINE 16 1184 241723806058200 2643800
LATENCY 2702700
TIMELINE 16 1200 241723853204400 2702700
LATENCY 3097900
TIMELINE 16 1216 241723902230700 3097900
LATENCY 2933900
TIMELINE 16 1232 241723948861900 2933900
LATENCY 2910000
TIMELINE 16 1248 241723996603800 2910000
LATENCY 2882400
TIMELINE 16 1264 241724043159700 2882400
LATENCY 2886700
TIMELINE 16 1280 241724089365700 2886700
LATENCY 2809200
TIMELINE 16 1296 241724134474200 2809200
LATENCY 2913100
TIMELINE 16 1312 241724180639500 2913100
LATENCY 3123500
TIMELINE 16 1328 241724232345300 3123500
LATENCY 2870000
TIMELINE 16 1344 241724276360800 2870000
LATENCY 2961700
TIMELINE 16 1360 241724321880000 2961700
LATENCY 2605100
TIMELINE 16 1376 241724367599500 2605100
LATENCY 2796200
TIMELINE 16 1392 241724410790200 2796200
LATENCY 2948200
TIMELINE 16 1408 241724458743100 2948200
LATENCY 2570300
TIMELINE 16 1424 241724501984700 2570300
LATENCY 3024500
TIMELINE 16 1440 241724546549500 3024500
LATENCY 2942700
TIMELINE 16 1456 241724598422100 2942700
LATENCY 3098000
TIMELINE 16 1472 241724644854100 3098000
LATENCY 2770500
TIMELINE 16 1488 241724691868000 2770500
LATENCY 2878000
TIMELINE 16 1504 241724735886700 2878000
LATENCY 2945100
TIMELINE 16 1520 241724781906400 2945100
LATENCY 2724000
TIMELINE 16 1536 241724827728100 2724000
LATENCY 2749000
TIMELINE 16 1552 241724875188500 2749000
LATENCY 3371300
TIMELINE 16 1568 241724930484700 3371300
LATENCY 3278100
TIMELINE 16 1584 241724983503000 3278100
LATENCY 3122000
TIMELINE 16 1600 241725033489500 3122000
LATENCY 2588200
TIMELINE 16 1616 241725077680900 2588200
LATENCY 3001400
TIMELINE 16 1632 241725125101700 3001400
LATENCY 2635900
TIMELINE 16 1648 241725170668400 2635900
LATENCY 2892900
TIMELINE 16 1664 241725215295500 2892900
LATENCY 2935400
TIMELINE 16 1680 241725266034900 2935400
LATENCY 2903300
TIMELINE 16 1696 241725312047900 2903300
LATENCY 2585600
TIMELINE 16 1712 241725357026600 2585600
LATENCY 2741700
TIMELINE 16 1728 241725401683500 2741700
LATENCY 2959000
TIMELINE 16 1744 241725446635700 2959000
LATENCY 2866900
TIMELINE 16 1760 241725494007500 2866900
LATENCY 2873900
TIMELINE 16 1776 241725539885900 2873900
LATENCY 2733900
TIMELINE 16 1792 241725590594000 2733900
LATENCY 2697200
TIMELINE 16 1808 241725632863100 2697200
LATENCY 2877800
TIMELINE 16 1824 241725677977100 2877800
LATENCY 2748800
TIMELINE 16 1840 241725722235600 2748800
LATENCY 2916200
TIMELINE 16 1856 241725771307000 2916200
LATENCY 2798100
TIMELINE 16 1872 241725815762600 2798100
LATENCY 2759500
TIMELINE 16 1888 241725862172700 2759500
LATENCY 2649600
TIMELINE 16 1904 241725908053400 2649600
LATENCY 2764100
TIMELINE 16 1920 241725956496400 2764100
LATENCY 2673200
TIMELINE 16 1936 241725999585500 2673200
LATENCY 2612300
TIMELINE 16 1952 241726045310600 2612300
LATENCY 2590500
TIMELINE 16 1968 241726087158600 2590500
LATENCY 2636000
TIMELINE 16 1984 241726129159700 2636000
LATENCY 2649700
TIMELINE 16 2000 241726172769600 2649700
LATENCY 3029400
TIMELINE 16 2016 241726215494600 3029400
LATENCY 2593400
TIMELINE 16 2032 241726263803600 2593400
LATENCY 5278600
TIMELINE 17 1 241720736471300 5278600
LATENCY 3830600
TIMELINE 17 17 241720814653100 3830600
LATENCY 3746200
TIMELINE 17 33 241720888890800 3746200
LATENCY 3463900
TIMELINE 17 49 241720954131000 3463900
LATENCY 4147400
TIMELINE 17 65 241721013337200 4147400
LATENCY 3482800
TIMELINE 17 81 241721067198600 3482800
LATENCY 2657200
TIMELINE 17 97 241721122844400 2657200
LATENCY 2517500
TIMELINE 17 113 241721190165300 2517500
LATENCY 2760100
TIMELINE 17 129 241721238711000 2760100
LATENCY 3435000
TIMELINE 17 145 241721293329600 3435000
LATENCY 2972700
TIMELINE 17 161 241721349842100 2972700
LATENCY 2728100
TIMELINE 17 177 241721405261900 2728100
LATENCY 2357300
TIMELINE 17 193 241721444679100 2357300
LATENCY 2334600
TIMELINE 17 209 241721481721200 2334600
LATENCY 2261700
TIMELINE 17 225 241721518519200 2261700
LATENCY 2374900
TIMELINE 17 241 241721563434100 2374900
LATENCY 2405900
TIMELINE 17 257 241721600016200 2405900
LATENCY 2830000
TIMELINE 17 273 241721637112400 2830000
LATENCY 2454100
TIMELINE 17 289 241721680048400 2454100
LATENCY 2406900
TIMELINE 17 305 241721720023500 2406900
LATENCY 2644500
TIMELINE 17 321 241721757342900 2644500
LATENCY 2319000
TIMELINE 17 337 241721795081500 2319000
LATENCY 2350800
TIMELINE 17 353 241721832800900 2350800
LATENCY 2371300
TIMELINE 17 369 241721876415800 2371300
LATENCY 2368200
TIMELINE 17 385 241721914383900 2368200
LATENCY 2217300
TIMELINE 17 401 241721950968900 2217300
LATENCY 2366900
TIMELINE 17 417 241721987903700 2366900
LATENCY 2384000
TIMELINE 17 433 241722025225900 2384000
LATENCY 2195000
TIMELINE 17 449 241722062470900 2195000
LATENCY 2341300
TIMELINE 17 465 241722098506300 2341300
LATENCY 2220400
TIMELINE 17 481 241722135321000 2220400
LATENCY 2295200
TIMELINE 17 497 241722178436400 2295200
LATENCY 2180900
TIMELINE 17 513 241722215033600 2180900
LATENCY 2336100
TIMELINE 17 529 241722251953900 2336100
LATENCY 2366400
TIMELINE 17 545 241722288214900 2366400
LATENCY 2204400
TIMELINE 17 561 241722324747500 2204400
LATENCY 2164300
TIMELINE 17 577 241722360762800 2164300
LATENCY 2383600
TIMELINE 17 593 241722396946300 2383600
LATENCY 2258000
TIMELINE 17 609 241722433271900 2258000
LATENCY 2335200
TIMELINE 17 625 241722477896400 2335200
LATENCY 2183200
TIMELINE 17 641 241722514414300 2183200
LATENCY 2218500
TIMELINE 17 657 241722550050300 2218500
LATENCY 2395900
TIMELINE 17 673 241722586474100 2395900
LATENCY 2351700
TIMELINE 17 689 241722623143800 2351700
LATENCY 2241100
TIMELINE 17 705 241722659553100 2241100
LATENCY 2380700
TIMELINE 17 721 241722696295000 2380700
LATENCY 2408300
TIMELINE 17 737 241722731488200 2408300
LATENCY 2264800
TIMELINE 17 753 241722775996700 2264800
LATENCY 2212200
TIMELINE 17 769 241722811857500 2212200
LATENCY 2270900
TIMELINE 17 785 241722848373200 2270900
LATENCY 2477800
TIMELINE 17 801 241722884871000 2477800
LATENCY 2179300
TIMELINE 17 817 241722922192200 2179300
LATENCY 2304900
TIMELINE 17 833 241722958535900 2304900
LATENCY 2152700
TIMELINE 17 849 241722993730500 2152700
LATENCY 2150500
TIMELINE 17 865 241723037596000 2150500
LATENCY 2301400
TIMELINE 17 881 241723074226700 2301400
LATENCY 2475300
TIMELINE 17 897 241723109983400 2475300
LATENCY 2343700
TIMELINE 17 913 241723146271300 2343700
LATENCY 2164200
TIMELINE 17 929 241723181954700 2164200
LATENCY 2216800
TIMELINE 17 945 241723217783600 2216800
LATENCY 2419700
TIMELINE 17 961 241723253889100 2419700
LATENCY 2253600
TIMELINE 17 977 241723291139800 2253600
LATENCY 2141200
TIMELINE 17 993 241723335699100 2141200
LATENCY 2181800
TIMELINE 17 1009 241723371151100 2181800
LATENCY 2250500
TIMELINE 17 1025 241723406772700 2250500
LATENCY 2109900
TIMELINE 17 1041 241723442903400 2109900
LATENCY 2196400
TIMELINE 17 1057 241723478631200 2196400
LATENCY 2230800
TIMELINE 17 1073 241723514260400 2230800
LATENCY 2151300
TIMELINE 17 1089 241723549241600 2151300
LATENCY 2098600
TIMELINE 17 1105 241723589272200 2098600
LATENCY 2614000
TIMELINE 17 1121 241723626463200 2614000
LATENCY 2620700
TIMELINE 17 1137 241723668422100 2620700
LATENCY 2597900
TIMELINE 17 1153 241723711317900 2597900
LATENCY 4238300
TIMELINE 17 1169 241723755486100 4238300
LATENCY 2597200
TIMELINE 17 1185 241723801388100 2597200
LATENCY 2597800
TIMELINE 17 1201 241723848417700 2597800
LATENCY 2989700
TIMELINE 17 1217 241723896991900 2989700
LATENCY 2913100
TIMELINE 17 1233 241723943656500 2913100
LATENCY 2963700
TIMELINE 17 1249 241723991410800 2963700
LATENCY 2835100
TIMELINE 17 1265 241724038112000 2835100
LATENCY 2917200
TIMELINE 17 1281 241724084094200 2917200
LATENCY 2783100
TIMELINE 17 1297 241724129469900 2783100
LATENCY 2891900
TIMELINE 17 1313 241724175556300 2891900
LATENCY 7663100
TIMELINE 17 1329 241724221420000 7663100
LATENCY 2717000
TIMELINE 17 1345 241724271990100 2717000
LATENCY 2907100
TIMELINE 17 1361 241724315988900 2907100
LATENCY 2578800
TIMELINE 17 1377 241724362290600 2578800
LATENCY 2735900
TIMELINE 17 1393 241724405121500 2735900
LATENCY 2893300
TIMELINE 17 1409 241724452655900 2893300
LATENCY 2582800
TIMELINE 17 1425 241724496597600 2582800
LATENCY 2837400
TIMELINE 17 1441 241724540670900 2837400
LATENCY 2987200
TIMELINE 17 1457 241724592199300 2987200
LATENCY 3120000
TIMELINE 17 1473 241724638560000 3120000
LATENCY 2736800
TIMELINE 17 1489 241724686003100 2736800
LATENCY 2698400
TIMELINE 17 1505 241724730048000 2698400
LATENCY 2885700
TIMELINE 17 1521 241724775841400 2885700
LATENCY 2596900
TIMELINE 17 1537 241724823423900 2596900
LATENCY 2953500
TIMELINE 17 1553 241724870495900 2953500
LATENCY 3355900
TIMELINE 17 1569 241724925120100 3355900
LATENCY 3271300
TIMELINE 17 1585 241724978343000 3271300
LATENCY 3124000
TIMELINE 17 1601 241725028650800 3124000
LATENCY 2611600
TIMELINE 17 1617 241725073613900 2611600
LATENCY 2864700
TIMELINE 17 1633 241725120604000 2864700
LATENCY 2661600
TIMELINE 17 1649 241725166422200 2661600
LATENCY 2874400
TIMELINE 17 1665 241725210658200 2874400
LATENCY 2873300
TIMELINE 17 1681 241725261479100 2873300
LATENCY 2884200
TIMELINE 17 1697 241725307327400 2884200
LATENCY 2618100
TIMELINE 17 1713 241725352351800 2618100
LATENCY 2706800
TIMELINE 17 1729 241725396841200 2706800
LATENCY 3238200
TIMELINE 17 1745 241725440788300 3238200
LATENCY 3079600
TIMELINE 17 1761 241725488640300 3079600
LATENCY 2812300
TIMELINE 17 1777 241725534806200 2812300
LATENCY 2902600
TIMELINE 17 1793 241725580885100 2902600
LATENCY 2646800
TIMELINE 17 1809 241725628104600 2646800
LATENCY 3229900
TIMELINE 17 1825 241725672599800 3229900
LATENCY 2808300
TIMELINE 17 1841 241725717364800 2808300
LATENCY 2712400
TIMELINE 17 1857 241725766476200 2712400
LATENCY 2875500
TIMELINE 17 1873 241725810741600 2875500
LATENCY 2750200
TIMELINE 17 1889 241725856554800 2750200
LATENCY 2972000
TIMELINE 17 1905 241725902207100 2972000
LATENCY 2697200
TIMELINE 17 1921 241725950844700 2697200
LATENCY 2734200
TIMELINE 17 1937 241725993937200 2734200
LATENCY 2829800
TIMELINE 17 1953 241726039521600 2829800
LATENCY 2577600
TIMELINE 17 1969 241726081669200 2577600
LATENCY 2621900
TIMELINE 17 1985 241726123579400 2621900
LATENCY 2890900
TIMELINE 17 2001 241726166519000 2890900
LATENCY 2587000
TIMELINE 17 2017 241726209782300 2587000
LATENCY 2608300
TIMELINE 17 2033 241726258329300 2608300
LATENCY 5664700
TIMELINE 18 2 241720741887000 5664700
LATENCY 4682800
TIMELINE 18 18 241720818699600 4682800
LATENCY 3479000
TIMELINE 18 34 241720892843800 3479000
LATENCY 4619700
TIMELINE 18 50 241720957773800 4619700
LATENCY 4113500
TIMELINE 18 66 241721017587100 4113500
LATENCY 4293800
TIMELINE 18 82 241721070881900 4293800
LATENCY 2990700
TIMELINE 18 98 241721125659900 2990700
LATENCY 2617600
TIMELINE 18 114 241721193766200 2617600
LATENCY 4418300
TIMELINE 18 130 241721242817100 4418300
LATENCY 3081400
TIMELINE 18 146 241721298054600 3081400
LATENCY 2676100
TIMELINE 18 162 241721353992700 2676100
LATENCY 2442100
TIMELINE 18 178 241721409082000 2442100
LATENCY 2284100
TIMELINE 18 194 241721448001800 2284100
LATENCY 2318500
TIMELINE 18 210 241721485061200 2318500
LATENCY 2286500
TIMELINE 18 226 241721521714300 2286500
LATENCY 2309500
TIMELINE 18 242 241721566797600 2309500
LATENCY 2234000
TIMELINE 18 258 241721603510600 2234000
LATENCY 2600500
TIMELINE 18 274 241721641139400 2600500
LATENCY 2871200
TIMELINE 18 290 241721683692500 2871200
LATENCY 2281800
TIMELINE 18 306 241721723479900 2281800
LATENCY 2590300
TIMELINE 18 322 241721760990000 2590300
LATENCY 2361500
TIMELINE 18 338 241721798610100 2361500
LATENCY 2250300
TIMELINE 18 354 241721836151500 2250300
LATENCY 2427700
TIMELINE 18 370 241721879941600 2427700
LATENCY 2314900
TIMELINE 18 386 241721917718800 2314900
LATENCY 2224200
TIMELINE 18 402 241721954098200 2224200
LATENCY 2311400
TIMELINE 18 418 241721991256300 2311400
LATENCY 2328600
TIMELINE 18 434 241722028567000 2328600
LATENCY 2225500
TIMELINE 18 450 241722065595500 2225500
LATENCY 2298800
TIMELINE 18 466 241722102764800 2298800
LATENCY 2331700
TIMELINE 18 482 241722139447700 2331700
LATENCY 2384800
TIMELINE 18 498 241722182617900 2384800
LATENCY 2158000
TIMELINE 18 514 241722219007400 2158000
LATENCY 2185700
TIMELINE 18 530 241722256232900 2185700
LATENCY 2381200
TIMELINE 18 546 241722292606700 2381200
LATENCY 2277700
TIMELINE 18 562 241722328980600 2277700
LATENCY 2456300
TIMELINE 18 578 241722365136300 2456300
LATENCY 2127100
TIMELINE 18 594 241722401443900 2127100
LATENCY 2199300
TIMELINE 18 610 241722437559400 2199300
LATENCY 2232200
TIMELINE 18 626 241722482311600 2232200
LATENCY 2168800
TIMELINE 18 642 241722519554300 2168800
LATENCY 2479100
TIMELINE 18 658 241722555531500 2479100
LATENCY 2233000
TIMELINE 18 674 241722592072000 2233000
LATENCY 2233100
TIMELINE 18 690 241722628497100 2233100
LATENCY 2165300
TIMELINE 18 706 241722664786000 2165300
LATENCY 2213400
TIMELINE 18 722 241722701670100 2213400
LATENCY 2206800
TIMELINE 18 738 241722737055000 2206800
LATENCY 2217000
TIMELINE 18 754 241722781444700 2217000
LATENCY 2209700
TIMELINE 18 770 241722817136800 2209700
LATENCY 2166200
TIMELINE 18 786 241722853660800 2166200
LATENCY 2236000
TIMELINE 18 802 241722890326100 2236000
LATENCY 2190500
TIMELINE 18 818 241722927334800 2190500
LATENCY 2168300
TIMELINE 18 834 241722963960900 2168300
LATENCY 2463000
TIMELINE 18 850 241722998960200 2463000
LATENCY 2513400
TIMELINE 18 866 241723042672900 2513400
LATENCY 2201700
TIMELINE 18 882 241723079557200 2201700
LATENCY 2255700
TIMELINE 18 898 241723115630900 2255700
LATENCY 2193000
TIMELINE 18 914 241723151602700 2193000
LATENCY 2164200
TIMELINE 18 930 241723187108700 2164200
LATENCY 2220200
TIMELINE 18 946 241723223108500 2220200
LATENCY 2299000
TIMELINE 18 962 241723259491400 2299000
LATENCY 2219700
TIMELINE 18 978 241723304141900 2219700
LATENCY 2288600
TIMELINE 18 994 241723341764900 2288600
LATENCY 2250300
TIMELINE 18 1010 241723377213500 2250300
LATENCY 2164800
TIMELINE 18 1026 241723412710100 2164800
LATENCY 2209200
TIMELINE 18 1042 241723448844700 2209200
LATENCY 2220100
TIMELINE 18 1058 241723484516400 2220100
LATENCY 2255200
TIMELINE 18 1074 241723520184500 2255200
LATENCY 2280200
TIMELINE 18 1090 241723554883000 2280200
LATENCY 2215600
TIMELINE 18 1106 241723595009600 2215600
LATENCY 2609500
TIMELINE 18 1122 241723633480000 2609500
LATENCY 2764100
TIMELINE 18 1138 241723675512700 2764100
LATENCY 2673200
TIMELINE 18 1154 241723718364800 2673200
LATENCY 2594600
TIMELINE 18 1170 241723765913300 2594600
LATENCY 2817600
TIMELINE 18 1186 241723808910600 2817600
LATENCY 2657000
TIMELINE 18 1202 241723856092800 2657000
LATENCY 2915300
TIMELINE 18 1218 241723905541300 2915300
LATENCY 2922600
TIMELINE 18 1234 241723951991900 2922600
LATENCY 2890000
TIMELINE 18 1250 241723999701400 2890000
LATENCY 2660100
TIMELINE 18 1266 241724046188500 2660100
LATENCY 2853100
TIMELINE 18 1282 241724092415500 2853100
LATENCY 2902200
TIMELINE 18 1298 241724137452100 2902200
LATENCY 2871600
TIMELINE 18 1314 241724183716800 2871600
LATENCY 2750200
TIMELINE 18 1330 241724235640100 2750200
LATENCY 2843000
TIMELINE 18 1346 241724280826300 2843000
LATENCY 2898700
TIMELINE 18 1362 241724326563600 2898700
LATENCY 2580000
TIMELINE 18 1378 241724371772100 2580000
LATENCY 2694800
TIMELINE 18 1394 241724415123700 2694800
LATENCY 2836600
TIMELINE 18 1410 241724463258100 2836600
LATENCY 2630900
TIMELINE 18 1426 241724506045700 2630900
LATENCY 2786900
TIMELINE 18 1442 241724551341700 2786900
LATENCY 2933000
TIMELINE 18 1458 241724603033200 2933000
LATENCY 3038700
TIMELINE 18 1474 241724649768300 3038700
LATENCY 2746100
TIMELINE 18 1490 241724696214500 2746100
LATENCY 2703700
TIMELINE 18 1506 241724740205100 2703700
LATENCY 2818800
TIMELINE 18 1522 241724786476400 2818800
LATENCY 3061200
TIMELINE 18 1538 241724834457100 3061200
LATENCY 2980200
TIMELINE 18 1554 241724881247800 2980200
LATENCY 3271700
TIMELINE 18 1570 241724937815200 3271700
LATENCY 3234600
TIMELINE 18 1586 241724990779900 3234600
LATENCY 3073200
TIMELINE 18 1602 241725040379900 3073200
LATENCY 2595100
TIMELINE 18 1618 241725083504900 2595100
LATENCY 2891300
TIMELINE 18 1634 241725131703500 2891300
LATENCY 2614800
TIMELINE 18 1650 241725176591100 2614800
LATENCY 3015000
TIMELINE 18 1666 241725221645500 3015000
LATENCY 2892800
TIMELINE 18 1682 241725272389000 2892800
LATENCY 2901400
TIMELINE 18 1698 241725318443700 2901400
LATENCY 2710700
TIMELINE 18 1714 241725361264100 2710700
LATENCY 2708600
TIMELINE 18 1730 241725406157200 2708600
LATENCY 2930300
TIMELINE 18 1746 241725451449200 2930300
LATENCY 2839300
TIMELINE 18 1762 241725498657100 2839300
LATENCY 2873000
TIMELINE 18 1778 241725544556500 2873000
LATENCY 2828500
TIMELINE 18 1794 241725595000600 2828500
LATENCY 2610100
TIMELINE 18 1810 241725637278900 2610100
LATENCY 2732500
TIMELINE 18 1826 241725682564900 2732500
LATENCY 6957000
TIMELINE 18 1842 241725726776100 6957000
LATENCY 2739700
TIMELINE 18 1858 241725776136400 2739700
LATENCY 2797000
TIMELINE 18 1874 241725820463800 2797000
LATENCY 2695700
TIMELINE 18 1890 241725865089000 2695700
LATENCY 2752500
TIMELINE 18 1906 241725910846800 2752500
LATENCY 3051700
TIMELINE 18 1922 241725959407300 3051700
LATENCY 2799100
TIMELINE 18 1938 241726002414100 2799100
LATENCY 2602400
TIMELINE 18 1954 241726046274800 2602400
LATENCY 2627100
TIMELINE 18 1970 241726088108200 2627100
LATENCY 2626900
TIMELINE 18 1986 241726130138800 2626900
LATENCY 2618300
TIMELINE 18 2002 241726173763400 2618300
LATENCY 3016400
TIMELINE 18 2018 241726216587100 3016400
LATENCY 2583200
TIMELINE 18 2034 241726264760500 2583200
LATENCY 5745000
TIMELINE 19 3 241720748012200 5745000
LATENCY 4228100
TIMELINE 19 19 241720823528200 4228100
LATENCY 3696400
TIMELINE 19 35 241720896517400 3696400
LATENCY 4501800
TIMELINE 19 51 241720962850300 4501800
LATENCY 3272100
TIMELINE 19 67 241721021936100 3272100
LATENCY 4398800
TIMELINE 19 83 241721075332100 4398800
LATENCY 2987300
TIMELINE 19 99 241721128695400 2987300
LATENCY 2421900
TIMELINE 19 115 241721196213000 2421900
LATENCY 2819400
TIMELINE 19 131 241721247016600 2819400
LATENCY 3274700
TIMELINE 19 147 241721300904000 3274700
LATENCY 4165200
TIMELINE 19 163 241721356534900 4165200
LATENCY 2933000
TIMELINE 19 179 241721411431100 2933000
LATENCY 2411300
TIMELINE 19 195 241721450258400 2411300
LATENCY 2266200
TIMELINE 19 211 241721487319400 2266200
LATENCY 2198700
TIMELINE 19 227 241721524033500 2198700
LATENCY 2271700
TIMELINE 19 243 241721569077200 2271700
LATENCY 2259200
TIMELINE 19 259 241721605687800 2259200
LATENCY 2430000
TIMELINE 19 275 241721643808400 2430000
LATENCY 3036600
TIMELINE 19 291 241721686178700 3036600
LATENCY 2262200
TIMELINE 19 307 241721725519300 2262200
LATENCY 2348300
TIMELINE 19 323 241721763457000 2348300
LATENCY 2368500
TIMELINE 19 339 241721800844000 2368500
LATENCY 2228800
TIMELINE 19 355 241721838164600 2228800
LATENCY 2299300
TIMELINE 19 371 241721882094300 2299300
LATENCY 2335800
TIMELINE 19 387 241721919708000 2335800
LATENCY 2390700
TIMELINE 19 403 241721956034100 2390700
LATENCY 2263300
TIMELINE 19 419 241721993303100 2263300
LATENCY 2316200
TIMELINE 19 435 241722030580500 2316200
LATENCY 2255400
TIMELINE 19 451 241722067518800 2255400
LATENCY 2304900
TIMELINE 19 467 241722104130500 2304900
LATENCY 2290800
TIMELINE 19 483 241722140813300 2290800
LATENCY 2237200
TIMELINE 19 499 241722184035100 2237200
LATENCY 2201900
TIMELINE 19 515 241722220205000 2201900
LATENCY 2331100
TIMELINE 19 531 241722257430900 2331100
LATENCY 2284400
TIMELINE 19 547 241722293854400 2284400
LATENCY 2246700
TIMELINE 19 563 241722330157700 2246700
LATENCY 2264200
TIMELINE 19 579 241722366507300 2264200
LATENCY 2126900
TIMELINE 19 595 241722402549300 2126900
LATENCY 2235200
TIMELINE 19 611 241722438752200 2235200
LATENCY 2230400
TIMELINE 19 627 241722483462400 2230400
LATENCY 2168200
TIMELINE 19 643 241722521466900 2168200
LATENCY 2222900
TIMELINE 19 659 241722557743600 2222900
LATENCY 2243800
TIMELINE 19 675 241722594064700 2243800
LATENCY 2254800
TIMELINE 19 691 241722630584100 2254800
LATENCY 2408900
TIMELINE 19 707 241722666834200 2408900
LATENCY 2195100
TIMELINE 19 723 241722703856400 2195100
LATENCY 2209500
TIMELINE 19 739 241722739234800 2209500
LATENCY 2228700
TIMELINE 19 755 241722783601600 2228700
LATENCY 2214300
TIMELINE 19 771 241722819260000 2214300
LATENCY 2409800
TIMELINE 19 787 241722855769400 2409800
LATENCY 2238400
TIMELINE 19 803 241722892412300 2238400
LATENCY 2225700
TIMELINE 19 819 241722929048600 2225700
LATENCY 2206200
TIMELINE 19 835 241722965665700 2206200
LATENCY 2338700
TIMELINE 19 851 241723000985700 2338700
LATENCY 2436400
TIMELINE 19 867 241723044785400 2436400
LATENCY 2162000
TIMELINE 19 883 241723081525400 2162000
LATENCY 2238500
TIMELINE 19 899 241723117590500 2238500
LATENCY 2179400
TIMELINE 19 915 241723153366200 2179400
LATENCY 2363100
TIMELINE 19 931 241723188833500 2363100
LATENCY 2230200
TIMELINE 19 947 241723224878000 2230200
LATENCY 2288300
TIMELINE 19 963 241723261325200 2288300
LATENCY 2149000
TIMELINE 19 979 241723305982900 2149000
LATENCY 2364500
TIMELINE 19 995 241723341168900 2364500
LATENCY 2206700
TIMELINE 19 1011 241723376652000 2206700
LATENCY 2159200
TIMELINE 19 1027 241723412281000 2159200
LATENCY 2187500
TIMELINE 19 1043 241723448387100 2187500
LATENCY 2209100
TIMELINE 19 1059 241723484019200 2209100
LATENCY 2290700
TIMELINE 19 1075 241723519618600 2290700
LATENCY 2237300
TIMELINE 19 1091 241723554375500 2237300
LATENCY 2204700
TIMELINE 19 1107 241723594568400 2204700
LATENCY 2593700
TIMELINE 19 1123 241723632934500 2593700
LATENCY 2696600
TIMELINE 19 1139 241723674992800 2696600
LATENCY 2630200
TIMELINE 19 1155 241723717863400 2630200
LATENCY 2592300
TIMELINE 19 1171 241723766633500 2592300
LATENCY 2907100
TIMELINE 19 1187 241723809629200 2907100
LATENCY 2645000
TIMELINE 19 1203 241723856857600 2645000
LATENCY 2888200
TIMELINE 19 1219 241723906353000 2888200
LATENCY 2964900
TIMELINE 19 1235 241723952791100 2964900
LATENCY 2856900
TIMELINE 19 1251 241724000609300 2856900
LATENCY 2627200
TIMELINE 19 1267 241724047002300 2627200
LATENCY 2846000
TIMELINE 19 1283 241724093295100 2846000
LATENCY 2931300
TIMELINE 19 1299 241724138348200 2931300
LATENCY 2877400
TIMELINE 19 1315 241724184608000 2877400
LATENCY 2751400
TIMELINE 19 1331 241724236448000 2751400
LATENCY 2846900
TIMELINE 19 1347 241724281111200 2846900
LATENCY 2899800
TIMELINE 19 1363 241724326849400 2899800
LATENCY 2599300
TIMELINE 19 1379 241724372021200 2599300
LATENCY 2694300
TIMELINE 19 1395 241724415395300 2694300
LATENCY 2924500
TIMELINE 19 1411 241724463559900 2924500
LATENCY 2618500
TIMELINE 19 1427 241724506379000 2618500
LATENCY 2790400
TIMELINE 19 1443 241724551684700 2790400
LATENCY 2954800
TIMELINE 19 1459 241724603398700 2954800
LATENCY 3005000
TIMELINE 19 1475 241724650169700 3005000
LATENCY 2725100
TIMELINE 19 1491 241724696571600 2725100
LATENCY 2668900
TIMELINE 19 1507 241724740557800 2668900
LATENCY 2795800
TIMELINE 19 1523 241724786840300 2795800
LATENCY 3038600
TIMELINE 19 1539 241724834703600 3038600
LATENCY 2946900
TIMELINE 19 1555 241724881539700 2946900
LATENCY 3256600
TIMELINE 19 1571 241724938124200 3256600
LATENCY 3231800
TIMELINE 19 1587 241724991048000 3231800
LATENCY 3073200
TIMELINE 19 1603 241725040638900 3073200
LATENCY 2596100
TIMELINE 19 1619 241725083714200 2596100
LATENCY 2894500
TIMELINE 19 1635 241725131983800 2894500
LATENCY 2636900
TIMELINE 19 1651 241725176797400 2636900
LATENCY 2987500
TIMELINE 19 1667 241725221988400 2987500
LATENCY 2878300
TIMELINE 19 1683 241725272723800 2878300
LATENCY 2894200
TIMELINE 19 1699 241725318774200 2894200
LATENCY 2687500
TIMELINE 19 1715 241725361959300 2687500
LATENCY 2704400
TIMELINE 19 1731 241725406880500 2704400
LATENCY 2934600
TIMELINE 19 1747 241725452221000 2934600
LATENCY 2852700
TIMELINE 19 1763 241725499400300 2852700
LATENCY 2865100
TIMELINE 19 1779 241725545317100 2865100
LATENCY 2727300
TIMELINE 19 1795 241725595781000 2727300
LATENCY 2639100
TIMELINE 19 1811 241725637972600 2639100
LATENCY 2777700
TIMELINE 19 1827 241725683262200 2777700
LATENCY 6949300
TIMELINE 19 1843 241725727406100 6949300
LATENCY 2748000
TIMELINE 19 1859 241725776703200 2748000
LATENCY 2795400
TIMELINE 19 1875 241725821046800 2795400
LATENCY 2612100
TIMELINE 19 1891 241725866347500 2612100
LATENCY 2718800
TIMELINE 19 1907 241725911899100 2718800
LATENCY 2918600
TIMELINE 19 1923 241725960594700 2918600
LATENCY 2718500
TIMELINE 19 1939 241726003562200 2718500
LATENCY 2568800
TIMELINE 19 1955 241726050349700 2568800
LATENCY 2599800
TIMELINE 19 1971 241726092184400 2599800
LATENCY 2834600
TIMELINE 19 1987 241726134299400 2834600
LATENCY 2706300
TIMELINE 19 2003 241726177891500 2706300
LATENCY 2768800
TIMELINE 19 2019 241726221365800 2768800
LATENCY 2561700
TIMELINE 19 2035 241726268812500 2561700
LATENCY 6370100
TIMELINE 20 4 241720754145800 6370100
LATENCY 4294100
TIMELINE 20 20 241720828193000 4294100
LATENCY 3720400
TIMELINE 20 36 241720900606900 3720400
LATENCY 2965500
TIMELINE 20 52 241720967630500 2965500
LATENCY 3079100
TIMELINE 20 68 241721025647300 3079100
LATENCY 4265900
TIMELINE 20 84 241721080273200 4265900
LATENCY 4839900
TIMELINE 20 100 241721132319600 4839900
LATENCY 2479600
TIMELINE 20 116 241721197965600 2479600
LATENCY 2527800
TIMELINE 20 132 241721249079100 2527800
LATENCY 2997900
TIMELINE 20 148 241721303294900 2997900
LATENCY 3197600
TIMELINE 20 164 241721359535300 3197600
LATENCY 2571200
TIMELINE 20 180 241721413464600 2571200
LATENCY 2322900
TIMELINE 20 196 241721451900200 2322900
LATENCY 2244300
TIMELINE 20 212 241721488853100 2244300
LATENCY 2165800
TIMELINE 20 228 241721525476100 2165800
LATENCY 2267500
TIMELINE 20 244 241721570469100 2267500
LATENCY 2264200
TIMELINE 20 260 241721607069700 2264200
LATENCY 2453400
TIMELINE 20 276 241721645138800 2453400
LATENCY 2492100
TIMELINE 20 292 241721688341900 2492100
LATENCY 2292000
TIMELINE 20 308 241721727061600 2292000
LATENCY 2286100
TIMELINE 20 324 241721764913900 2286100
LATENCY 2348200
TIMELINE 20 340 241721802294100 2348200
LATENCY 2196700
TIMELINE 20 356 241721839579800 2196700
LATENCY 2349200
TIMELINE 20 372 241721883652700 2349200
LATENCY 2277300
TIMELINE 20 388 241721921346500 2277300
LATENCY 2481900
TIMELINE 20 404 241721957688000 2481900
LATENCY 2273500
TIMELINE 20 420 241721994810300 2273500
LATENCY 2359900
TIMELINE 20 436 241722032165200 2359900
LATENCY 2250000
TIMELINE 20 452 241722068996400 2250000
LATENCY 2227900
TIMELINE 20 468 241722107025700 2227900
LATENCY 2231200
TIMELINE 20 484 241722143682700 2231200
LATENCY 2189800
TIMELINE 20 500 241722186854600 2189800
LATENCY 2427900
TIMELINE 20 516 241722223012500 2427900
LATENCY 2294300
TIMELINE 20 532 241722260288100 2294300
LATENCY 2197800
TIMELINE 20 548 241722296688800 2197800
LATENCY 2245800
TIMELINE 20 564 241722332906000 2245800
LATENCY 2227600
TIMELINE 20 580 241722369155700 2227600
LATENCY 2110200
TIMELINE 20 596 241722405082900 2110200
LATENCY 2256000
TIMELINE 20 612 241722441418900 2256000
LATENCY 2235500
TIMELINE 20 628 241722486110800 2235500
LATENCY 2176200
TIMELINE 20 644 241722522146100 2176200
LATENCY 2227400
TIMELINE 20 660 241722558342400 2227400
LATENCY 2315600
TIMELINE 20 676 241722594668900 2315600
LATENCY 2264100
TIMELINE 20 692 241722631029500 2264100
LATENCY 2441600
TIMELINE 20 708 241722667318500 2441600
LATENCY 2200300
TIMELINE 20 724 241722704241700 2200300
LATENCY 2198500
TIMELINE 20 740 241722739598500 2198500
LATENCY 2226800
TIMELINE 20 756 241722783960000 2226800
LATENCY 2216100
TIMELINE 20 772 241722819615400 2216100
LATENCY 2402500
TIMELINE 20 788 241722856155200 2402500
LATENCY 2237200
TIMELINE 20 804 241722892864800 2237200
LATENCY 2220000
TIMELINE 20 820 241722928960900 2220000
LATENCY 2211500
TIMELINE 20 836 241722965570700 2211500
LATENCY 2365100
TIMELINE 20 852 241723000799800 2365100
LATENCY 2485500
TIMELINE 20 868 241723044428200 2485500
LATENCY 2158500
TIMELINE 20 884 241723081236200 2158500
LATENCY 2241300
TIMELINE 20 900 241723117280200 2241300
LATENCY 2177500
TIMELINE 20 916 241723153106900 2177500
LATENCY 2346200
TIMELINE 20 932 241723188689500 2346200
LATENCY 2232900
TIMELINE 20 948 241723224697200 2232900
LATENCY 2284600
TIMELINE 20 964 241723261143600 2284600
LATENCY 2159000
TIMELINE 20 980 241723305725600 2159000
LATENCY 2269900
TIMELINE 20 996 241723341973700 2269900
LATENCY 2222700
TIMELINE 20 1012 241723377383900 2222700
LATENCY 2180000
TIMELINE 20 1028 241723412910000 2180000
LATENCY 2212900
TIMELINE 20 1044 241723448935600 2212900
LATENCY 2222600
TIMELINE 20 1060 241723484547500 2222600
LATENCY 2254900
TIMELINE 20 1076 241723520215800 2254900
LATENCY 2292800
TIMELINE 20 1092 241723554936800 2292800
LATENCY 2220300
TIMELINE 20 1108 241723595095100 2220300
LATENCY 2623900
TIMELINE 20 1124 241723633545500 2623900
LATENCY 2763500
TIMELINE 20 1140 241723675586700 2763500
LATENCY 2671900
TIMELINE 20 1156 241723718451600 2671900
LATENCY 2597800
TIMELINE 20 1172 241723766158800 2597800
LATENCY 2854300
TIMELINE 20 1188 241723809162200 2854300
LATENCY 2666900
TIMELINE 20 1204 241723856342600 2666900
LATENCY 2873300
TIMELINE 20 1220 241723905831900 2873300
LATENCY 2954100
TIMELINE 20 1236 241723952270300 2954100
LATENCY 2881200
TIMELINE 20 1252 241723999989100 2881200
LATENCY 2654100
TIMELINE 20 1268 241724046438600 2654100
LATENCY 2840300
TIMELINE 20 1284 241724092701100 2840300
LATENCY 2922900
TIMELINE 20 1300 241724137740900 2922900
LATENCY 2874200
TIMELINE 20 1316 241724183994100 2874200
LATENCY 2757100
TIMELINE 20 1332 241724235854000 2757100
LATENCY 2811600
TIMELINE 20 1348 241724280007200 2811600
LATENCY 2902800
TIMELINE 20 1364 241724325672900 2902800
LATENCY 2614500
TIMELINE 20 1380 241724370948200 2614500
LATENCY 2678800
TIMELINE 20 1396 241724414317200 2678800
LATENCY 2699100
TIMELINE 20 1412 241724462448700 2699100
LATENCY 2617900
TIMELINE 20 1428 241724505222700 2617900
LATENCY 2875000
TIMELINE 20 1444 241724550368300 2875000
LATENCY 2914400
TIMELINE 20 1460 241724602099700 2914400
LATENCY 3110000
TIMELINE 20 1476 241724648745700 3110000
LATENCY 2776900
TIMELINE 20 1492 241724695385500 2776900
LATENCY 2675600
TIMELINE 20 1508 241724739447700 2675600
LATENCY 2883600
TIMELINE 20 1524 241724785633200 2883600
LATENCY 3149200
TIMELINE 20 1540 241724835707500 3149200
LATENCY 2700300
TIMELINE 20 1556 241724882621200 2700300
LATENCY 3222200
TIMELINE 20 1572 241724939123200 3222200
LATENCY 3249000
TIMELINE 20 1588 241724992047200 3249000
LATENCY 3114000
TIMELINE 20 1604 241725041642600 3114000
LATENCY 2587000
TIMELINE 20 1620 241725084561200 2587000
LATENCY 2884500
TIMELINE 20 1636 241725132847800 2884500
LATENCY 2721900
TIMELINE 20 1652 241725177524500 2721900
LATENCY 2903900
TIMELINE 20 1668 241725222867000 2903900
LATENCY 2886900
TIMELINE 20 1684 241725273525600 2886900
LATENCY 2887800
TIMELINE 20 1700 241725319708800 2887800
LATENCY 2637200
TIMELINE 20 1716 241725365466400 2637200
LATENCY 2788900
TIMELINE 20 1732 241725410291400 2788900
LATENCY 2954100
TIMELINE 20 1748 241725455922100 2954100
LATENCY 2906500
TIMELINE 20 1764 241725503061800 2906500
LATENCY 2914200
TIMELINE 20 1780 241725548984700 2914200
LATENCY 2641900
TIMELINE 20 1796 241725599181100 2641900
LATENCY 2621500
TIMELINE 20 1812 241725641339400 2621500
LATENCY 2743000
TIMELINE 20 1828 241725686773200 2743000
LATENCY 2800700
TIMELINE 20 1844 241725735163800 2800700
LATENCY 2703400
TIMELINE 20 1860 241725780190800 2703400
LATENCY 2784800
TIMELINE 20 1876 241725824580400 2784800
LATENCY 2797200
TIMELINE 20 1892 241725870124800 2797200
LATENCY 7502200
TIMELINE 20 1908 241725916006400 7502200
LATENCY 2638900
TIMELINE 20 1924 241725964915600 2638900
LATENCY 2870300
TIMELINE 20 1940 241726007613600 2870300
LATENCY 2622600
TIMELINE 20 1956 241726053392000 2622600
LATENCY 2576600
TIMELINE 20 1972 241726095224200 2576600
LATENCY 2704800
TIMELINE 20 1988 241726137584200 2704800
LATENCY 2880500
TIMELINE 20 2004 241726181010500 2880500
LATENCY 2764900
TIMELINE 20 2020 241726224572400 2764900
LATENCY 2623300
TIMELINE 20 2036 241726271767900 2623300
LATENCY 6310200
TIMELINE 21 5 241720760364300 6310200
LATENCY 5110900
TIMELINE 21 21 241720832179700 5110900
LATENCY 3987500
TIMELINE 21 37 241720904108000 3987500
LATENCY 2813000
TIMELINE 21 53 241720970474100 2813000
LATENCY 3503800
TIMELINE 21 69 241721028589800 3503800
LATENCY 4323500
TIMELINE 21 85 241721084300000 4323500
LATENCY 4364400
TIMELINE 21 101 241721136945500 4364400
LATENCY 2695300
TIMELINE 21 117 241721199859500 2695300
LATENCY 2679700
TIMELINE 21 133 241721251046500 2679700
LATENCY 2558900
TIMELINE 21 149 241721305726400 2558900
LATENCY 2523400
TIMELINE 21 165 241721362175200 2523400
LATENCY 2480700
TIMELINE 21 181 241721415547400 2480700
LATENCY 2292000
TIMELINE 21 197 241721453912800 2292000
LATENCY 2382200
TIMELINE 21 213 241721490765300 2382200
LATENCY 2181600
TIMELINE 21 229 241721527321400 2181600
LATENCY 2279500
TIMELINE 21 245 241721572466500 2279500
LATENCY 2311700
TIMELINE 21 261 241721609182500 2311700
LATENCY 2441600
TIMELINE 21 277 241721647524900 2441600
LATENCY 2393200
TIMELINE 21 293 241721690801600 2393200
LATENCY 2341500
TIMELINE 21 309 241721729324100 2341500
LATENCY 2354800
TIMELINE 21 325 241721767142700 2354800
LATENCY 2292900
TIMELINE 21 341 241721804610700 2292900
LATENCY 2246000
TIMELINE 21 357 241721841807900 2246000
LATENCY 2299400
TIMELINE 21 373 241721885972900 2299400
LATENCY 2371600
TIMELINE 21 389 241721923595300 2371600
LATENCY 2300200
TIMELINE 21 405 241721960139000 2300200
LATENCY 2262900
TIMELINE 21 421 241721997051600 2262900
LATENCY 2381600
TIMELINE 21 437 241722034495000 2381600
LATENCY 2439700
TIMELINE 21 453 241722071217000 2439700
LATENCY 2193900
TIMELINE 21 469 241722108263000 2193900
LATENCY 2219800
TIMELINE 21 485 241722145064600 2219800
LATENCY 2181700
TIMELINE 21 501 241722188190400 2181700
LATENCY 2499700
TIMELINE 21 517 241722224527600 2499700
LATENCY 2287400
TIMELINE 21 533 241722261667600 2287400
LATENCY 2198300
TIMELINE 21 549 241722298064500 2198300
LATENCY 2229100
TIMELINE 21 565 241722334305600 2229100
LATENCY 2224400
TIMELINE 21 581 241722370568100 2224400
LATENCY 2131200
TIMELINE 21 597 241722406424800 2131200
LATENCY 2257700
TIMELINE 21 613 241722442878600 2257700
LATENCY 2227800
TIMELINE 21 629 241722487540000 2227800
LATENCY 2202200
TIMELINE 21 645 241722523050500 2202200
LATENCY 2215300
TIMELINE 21 661 241722559363900 2215300
LATENCY 2352000
TIMELINE 21 677 241722595658300 2352000
LATENCY 2384200
TIMELINE 21 693 241722632198900 2384200
LATENCY 2465400
TIMELINE 21 709 241722668605200 2465400
LATENCY 2206200
TIMELINE 21 725 241722705454300 2206200
LATENCY 2160000
TIMELINE 21 741 241722740826400 2160000
LATENCY 2227500
TIMELINE 21 757 241722785166700 2227500
LATENCY 2239700
TIMELINE 21 773 241722820874800 2239700
LATENCY 2234900
TIMELINE 21 789 241722857518100 2234900
LATENCY 2231500
TIMELINE 21 805 241722893955800 2231500
LATENCY 2199300
TIMELINE 21 821 241722930686000 2199300
LATENCY 2220200
TIMELINE 21 837 241722967007300 2220200
LATENCY 2307000
TIMELINE 21 853 241723002309100 2307000
LATENCY 2280900
TIMELINE 21 869 241723046072500 2280900
LATENCY 2160500
TIMELINE 21 885 241723082551400 2160500
LATENCY 2232900
TIMELINE 21 901 241723118707500 2232900
LATENCY 2168800
TIMELINE 21 917 241723154540300 2168800
LATENCY 2382400
TIMELINE 21 933 241723190094700 2382400
LATENCY 2233100
TIMELINE 21 949 241723226108800 2233100
LATENCY 2294800
TIMELINE 21 965 241723262597800 2294800
LATENCY 2104900
TIMELINE 21 981 241723307137700 2104900
LATENCY 2234300
TIMELINE 21 997 241723342467100 2234300
LATENCY 2200300
TIMELINE 21 1013 241723377721300 2200300
LATENCY 2190400
TIMELINE 21 1029 241723413354900 2190400
LATENCY 2188500
TIMELINE 21 1045 241723449443500 2188500
LATENCY 2205600
TIMELINE 21 1061 241723485087500 2205600
LATENCY 2237000
TIMELINE 21 1077 241723520768700 2237000
LATENCY 2296000
TIMELINE 21 1093 241723555350000 2296000
LATENCY 2207800
TIMELINE 21 1109 241723595600500 2207800
LATENCY 2607700
TIMELINE 21 1125 241723634197700 2607700
LATENCY 2793100
TIMELINE 21 1141 241723676229000 2793100
LATENCY 2703600
TIMELINE 21 1157 241723719065600 2703600
LATENCY 2602900
TIMELINE 21 1173 241723766199500 2602900
LATENCY 2873300
TIMELINE 21 1189 241723809194400 2873300
LATENCY 2668100
TIMELINE 21 1205 241723856419000 2668100
LATENCY 2877000
TIMELINE 21 1221 241723905914200 2877000
LATENCY 2963000
TIMELINE 21 1237 241723952348700 2963000
LATENCY 2880700
TIMELINE 21 1253 241724000109400 2880700
LATENCY 2642500
TIMELINE 21 1269 241724046514400 2642500
LATENCY 2844900
TIMELINE 21 1285 241724092779300 2844900
LATENCY 2929900
TIMELINE 21 1301 241724137823500 2929900
LATENCY 2875500
TIMELINE 21 1317 241724184074600 2875500
LATENCY 2764700
TIMELINE 21 1333 241724235967300 2764700
LATENCY 2815800
TIMELINE 21 1349 241724280535600 2815800
LATENCY 2893700
TIMELINE 21 1365 241724326161000 2893700
LATENCY 2594600
TIMELINE 21 1381 241724371395600 2594600
LATENCY 2694000
TIMELINE 21 1397 241724414754600 2694000
LATENCY 2751900
TIMELINE 21 1413 241724462872300 2751900
LATENCY 2626600
TIMELINE 21 1429 241724505683200 2626600
LATENCY 2819100
TIMELINE 21 1445 241724550926300 2819100
LATENCY 2914700
TIMELINE 21 1461 241724602625400 2914700
LATENCY 3075300
TIMELINE 21 1477 241724649317600 3075300
LATENCY 2741500
TIMELINE 21 1493 241724695837600 2741500
LATENCY 2717300
TIMELINE 21 1509 241724739828200 2717300
LATENCY 2845000
TIMELINE 21 1525 241724786074800 2845000
LATENCY 3298800
TIMELINE 21 1541 241724834546800 3298800
LATENCY 2884700
TIMELINE 21 1557 241724881845000 2884700
LATENCY 3237000
TIMELINE 21 1573 241724938455400 3237000
LATENCY 3240200
TIMELINE 21 1589 241724991394200 3240200
LATENCY 3080800
TIMELINE 21 1605 241725041034200 3080800
LATENCY 2612800
TIMELINE 21 1621 241725084040700 2612800
LATENCY 2887100
TIMELINE 21 1637 241725132274400 2887100
LATENCY 2684900
TIMELINE 21 1653 241725177036200 2684900
LATENCY 2962800
TIMELINE 21 1669 241725222253700 2962800
LATENCY 2887400
TIMELINE 21 1685 241725272954600 2887400
LATENCY 2895000
TIMELINE 21 1701 241725318977700 2895000
LATENCY 2702800
TIMELINE 21 1717 241725362805200 2702800
LATENCY 2756000
TIMELINE 21 1733 241725407741400 2756000
LATENCY 2923900
TIMELINE 21 1749 241725453163600 2923900
LATENCY 2869000
TIMELINE 21 1765 241725500273400 2869000
LATENCY 2878500
TIMELINE 21 1781 241725546182600 2878500
LATENCY 2638600
TIMELINE 21 1797 241725596611900 2638600
LATENCY 2653800
TIMELINE 21 1813 241725638717900 2653800
LATENCY 2732800
TIMELINE 21 1829 241725684076500 2732800
LATENCY 5159200
TIMELINE 21 1845 241725730046100 5159200
LATENCY 2773100
TIMELINE 21 1861 241725777382500 2773100
LATENCY 2798100
TIMELINE 21 1877 241725821730300 2798100
LATENCY 2693100
TIMELINE 21 1893 241725868324100 2693100
LATENCY 2705100
TIMELINE 21 1909 241725914238800 2705100
LATENCY 2715300
TIMELINE 21 1925 241725963127600 2715300
LATENCY 2647000
TIMELINE 21 1941 241726005903500 2647000
LATENCY 2644500
TIMELINE 21 1957 241726052093900 2644500
LATENCY 2577700
TIMELINE 21 1973 241726093963800 2577700
LATENCY 2851600
TIMELINE 21 1989 241726136192700 2851600
LATENCY 2820900
TIMELINE 21 2005 241726179849700 2820900
LATENCY 2791200
TIMELINE 21 2021 241726223368200 2791200
LATENCY 2602500
TIMELINE 21 2037 241726270674300 2602500
LATENCY 6009900
TIMELINE 22 6 241720767590300 6009900
LATENCY 4580200
TIMELINE 22 22 241720837963400 4580200
LATENCY 4395800
TIMELINE 22 38 241720909151100 4395800
LATENCY 2781800
TIMELINE 22 54 241720973824900 2781800
LATENCY 2897900
TIMELINE 22 70 241721032828200 2897900
LATENCY 4378000
TIMELINE 22 86 241721089318800 4378000
LATENCY 3869400
TIMELINE 22 102 241721142134800 3869400
LATENCY 3132000
TIMELINE 22 118 241721205503300 3132000
LATENCY 3026100
TIMELINE 22 134 241721255944200 3026100
LATENCY 2476700
TIMELINE 22 150 241721310999900 2476700
LATENCY 2486700
TIMELINE 22 166 241721366893900 2486700
LATENCY 2408700
TIMELINE 22 182 241721420226000 2408700
LATENCY 2386100
TIMELINE 22 198 241721458090700 2386100
LATENCY 2255400
TIMELINE 22 214 241721495126100 2255400
LATENCY 2381900
TIMELINE 22 230 241721531431900 2381900
LATENCY 2270300
TIMELINE 22 246 241721576741700 2270300
LATENCY 2267400
TIMELINE 22 262 241721613289300 2267400
LATENCY 2719200
TIMELINE 22 278 241721651886500 2719200
LATENCY 2433300
TIMELINE 22 294 241721694264300 2433300
LATENCY 2408800
TIMELINE 22 310 241721732760600 2408800
LATENCY 2395500
TIMELINE 22 326 241721770646700 2395500
LATENCY 2329500
TIMELINE 22 342 241721807976200 2329500
LATENCY 2380200
TIMELINE 22 358 241721845104300 2380200
LATENCY 2285400
TIMELINE 22 374 241721889377500 2285400
LATENCY 2318700
TIMELINE 22 390 241721927112900 2318700
LATENCY 2226000
TIMELINE 22 406 241721963572000 2226000
LATENCY 2299000
TIMELINE 22 422 241722000449400 2299000
LATENCY 2420100
TIMELINE 22 438 241722038073400 2420100
LATENCY 2249000
TIMELINE 22 454 241722074866300 2249000
LATENCY 2203900
TIMELINE 22 470 241722109963900 2203900
LATENCY 2214400
TIMELINE 22 486 241722146726800 2214400
LATENCY 2295200
TIMELINE 22 502 241722189842200 2295200
LATENCY 2777600
TIMELINE 22 518 241722226379800 2777600
LATENCY 2261300
TIMELINE 22 534 241722263397900 2261300
LATENCY 2206300
TIMELINE 22 550 241722299728300 2206300
LATENCY 2450200
TIMELINE 22 566 241722335983200 2450200
LATENCY 2315600
TIMELINE 22 582 241722372265200 2315600
LATENCY 2340700
TIMELINE 22 598 241722408026500 2340700
LATENCY 2282000
TIMELINE 22 614 241722444575900 2282000
LATENCY 2214400
TIMELINE 22 630 241722489260600 2214400
LATENCY 2212800
TIMELINE 22 646 241722524264300 2212800
LATENCY 2202700
TIMELINE 22 662 241722560601200 2202700
LATENCY 2304600
TIMELINE 22 678 241722597017500 2304600
LATENCY 2472000
TIMELINE 22 694 241722633387900 2472000
LATENCY 2280600
TIMELINE 22 710 241722669861100 2280600
LATENCY 2220500
TIMELINE 22 726 241722706567600 2220500
LATENCY 2152400
TIMELINE 22 742 241722741920900 2152400
LATENCY 2224200
TIMELINE 22 758 241722786263100 2224200
LATENCY 2254700
TIMELINE 22 774 241722821894200 2254700
LATENCY 2368100
TIMELINE 22 790 241722858599200 2368100
LATENCY 2228400
TIMELINE 22 806 241722895136800 2228400
LATENCY 2185700
TIMELINE 22 822 241722931397000 2185700
LATENCY 2227900
TIMELINE 22 838 241722967989600 2227900
LATENCY 2247200
TIMELINE 22 854 241723003390400 2247200
LATENCY 2280300
TIMELINE 22 870 241723047130700 2280300
LATENCY 2156400
TIMELINE 22 886 241723083603000 2156400
LATENCY 2203800
TIMELINE 22 902 241723119800900 2203800
LATENCY 2281800
TIMELINE 22 918 241723155577000 2281800
LATENCY 2276100
TIMELINE 22 934 241723191232800 2276100
LATENCY 2249000
TIMELINE 22 950 241723227139500 2249000
LATENCY 2284400
TIMELINE 22 966 241723263649500 2284400
LATENCY 2157800
TIMELINE 22 982 241723308162500 2157800
LATENCY 2172400
TIMELINE 22 998 241723342821500 2172400
LATENCY 2202300
TIMELINE 22 1014 241723378224900 2202300
LATENCY 2193500
TIMELINE 22 1030 241723414001200 2193500
LATENCY 2202200
TIMELINE 22 1046 241723449953000 2202200
LATENCY 2202500
TIMELINE 22 1062 241723485609900 2202500
LATENCY 2135300
TIMELINE 22 1078 241723521351100 2135300
LATENCY 2184800
TIMELINE 22 1094 241723556139000 2184800
LATENCY 2215200
TIMELINE 22 1110 241723596351900 2215200
LATENCY 2611800
TIMELINE 22 1126 241723635100100 2611800
LATENCY 2799300
TIMELINE 22 1142 241723677130700 2799300
LATENCY 2753400
TIMELINE 22 1158 241723719990400 2753400
LATENCY 2804600
TIMELINE 22 1174 241723768050100 2804600
LATENCY 2847500
TIMELINE 22 1190 241723811174600 2847500
LATENCY 2618400
TIMELINE 22 1206 241723858260500 2618400
LATENCY 2906400
TIMELINE 22 1222 241723907909700 2906400
LATENCY 3016700
TIMELINE 22 1238 241723954390500 3016700
LATENCY 2829400
TIMELINE 22 1254 241724002165000 2829400
LATENCY 2615300
TIMELINE 22 1270 241724048471900 2615300
LATENCY 2876800
TIMELINE 22 1286 241724094837700 2876800
LATENCY 2919600
TIMELINE 22 1302 241724139875700 2919600
LATENCY 2865700
TIMELINE 22 1318 241724186112300 2865700
LATENCY 2793700
TIMELINE 22 1334 241724237921200 2793700
LATENCY 2844900
TIMELINE 22 1350 241724281825000 2844900
LATENCY 2900700
TIMELINE 22 1366 241724327514800 2900700
LATENCY 2623600
TIMELINE 22 1382 241724372628300 2623600
LATENCY 2728800
TIMELINE 22 1398 241724416028400 2728800
LATENCY 3018900
TIMELINE 22 1414 241724464214200 3018900
LATENCY 2607600
TIMELINE 22 1430 241724506986000 2607600
LATENCY 2799500
TIMELINE 22 1446 241724552313700 2799500
LATENCY 2975700
TIMELINE 22 1462 241724604074500 2975700
LATENCY 3012400
TIMELINE 22 1478 241724650907000 3012400
LATENCY 2764400
TIMELINE 22 1494 241724697218100 2764400
LATENCY 2697100
TIMELINE 22 1510 241724741195100 2697100
LATENCY 2545400
TIMELINE 22 1526 241724787534500 2545400
LATENCY 3131100
TIMELINE 22 1542 241724834820100 3131100
LATENCY 2909500
TIMELINE 22 1558 241724881717900 2909500
LATENCY 3242500
TIMELINE 22 1574 241724938316600 3242500
LATENCY 3240300
TIMELINE 22 1590 241724991262100 3240300
LATENCY 3076300
TIMELINE 22 1606 241725040860700 3076300
LATENCY 2607700
TIMELINE 22 1622 241725083889500 2607700
LATENCY 2885100
TIMELINE 22 1638 241725132153400 2885100
LATENCY 2664200
TIMELINE 22 1654 241725176931000 2664200
LATENCY 2975900
TIMELINE 22 1670 241725222080800 2975900
LATENCY 2886800
TIMELINE 22 1686 241725272796200 2886800
LATENCY 2891000
TIMELINE 22 1702 241725318900300 2891000
LATENCY 2692600
TIMELINE 22 1718 241725362061600 2692600
LATENCY 2706300
TIMELINE 22 1734 241725406980400 2706300
LATENCY 2936600
TIMELINE 22 1750 241725452341100 2936600
LATENCY 2868000
TIMELINE 22 1766 241725499562800 2868000
LATENCY 2871900
TIMELINE 22 1782 241725545476500 2871900
LATENCY 2725500
TIMELINE 22 1798 241725595927500 2725500
LATENCY 2625300
TIMELINE 22 1814 241725638127000 2625300
LATENCY 2763900
TIMELINE 22 1830 241725683420400 2763900
LATENCY 6662800
TIMELINE 22 1846 241725727857200 6662800
LATENCY 2740600
TIMELINE 22 1862 241725776869000 2740600
LATENCY 2794400
TIMELINE 22 1878 241725821204400 2794400
LATENCY 2643300
TIMELINE 22 1894 241725867332300 2643300
LATENCY 2710900
TIMELINE 22 1910 241725913117400 2710900
LATENCY 2713000
TIMELINE 22 1926 241725962007800 2713000
LATENCY 2686400
TIMELINE 22 1942 241726004745900 2686400
LATENCY 2568300
TIMELINE 22 1958 241726050628900 2568300
LATENCY 2590600
TIMELINE 22 1974 241726092444000 2590600
LATENCY 2819500
TIMELINE 22 1990 241726134599300 2819500
LATENCY 2702900
TIMELINE 22 2006 241726178161400 2702900
LATENCY 2760500
TIMELINE 22 2022 241726221651300 2760500
LATENCY 2576200
TIMELINE 22 2038 241726269047300 2576200
LATENCY 6380600
TIMELINE 23 7 241720772756900 6380600
LATENCY 5219000
TIMELINE 23 23 241720841735800 5219000
LATENCY 4395800
TIMELINE 23 39 241720912831800 4395800
LATENCY 2919200
TIMELINE 23 55 241720976224300 2919200
LATENCY 2698000
TIMELINE 23 71 241721035435600 2698000
LATENCY 4368200
TIMELINE 23 87 241721093262900 4368200
LATENCY 3947500
TIMELINE 23 103 241721145587200 3947500
LATENCY 3014800
TIMELINE 23 119 241721205811600 3014800
LATENCY 2950600
TIMELINE 23 135 241721256157900 2950600
LATENCY 2483500
TIMELINE 23 151 241721311131200 2483500
LATENCY 2485500
TIMELINE 23 167 241721367026800 2485500
LATENCY 2390000
TIMELINE 23 183 241721420419300 2390000
LATENCY 2389300
TIMELINE 23 199 241721458274900 2389300
LATENCY 2255100
TIMELINE 23 215 241721495280800 2255100
LATENCY 2395100
TIMELINE 23 231 241721531609600 2395100
LATENCY 2249800
TIMELINE 23 247 241721576954400 2249800
LATENCY 2268300
TIMELINE 23 263 241721613443700 2268300
LATENCY 2702200
TIMELINE 23 279 241721652088000 2702200
LATENCY 2423700
TIMELINE 23 295 241721694365200 2423700
LATENCY 2437500
TIMELINE 23 311 241721732853700 2437500
LATENCY 2395200
TIMELINE 23 327 241721770741100 2395200
LATENCY 2327000
TIMELINE 23 343 241721808069300 2327000
LATENCY 2387700
TIMELINE 23 359 241721845135400 2387700
LATENCY 2288100
TIMELINE 23 375 241721889437700 2288100
LATENCY 2320200
TIMELINE 23 391 241721927144400 2320200
LATENCY 2232800
TIMELINE 23 407 241721963600400 2232800
LATENCY 2311000
TIMELINE 23 423 241722000539400 2311000
LATENCY 2398200
TIMELINE 23 439 241722038220100 2398200
LATENCY 2248700
TIMELINE 23 455 241722074926100 2248700
LATENCY 2237500
TIMELINE 23 471 241722110549900 2237500
LATENCY 2270900
TIMELINE 23 487 241722147196900 2270900
LATENCY 2342300
TIMELINE 23 503 241722190315100 2342300
LATENCY 2837400
TIMELINE 23 519 241722226960000 2837400
LATENCY 2245500
TIMELINE 23 535 241722263924100 2245500
LATENCY 2237800
TIMELINE 23 551 241722300206500 2237800
LATENCY 2413500
TIMELINE 23 567 241722336472900 2413500
LATENCY 2357000
TIMELINE 23 583 241722372708200 2357000
LATENCY 2351900
TIMELINE 23 599 241722408457800 2351900
LATENCY 2288400
TIMELINE 23 615 241722445036600 2288400
LATENCY 2205800
TIMELINE 23 631 241722489653000 2205800
LATENCY 2311200
TIMELINE 23 647 241722525114500 2311200
LATENCY 2204900
TIMELINE 23 663 241722561464000 2204900
LATENCY 2248400
TIMELINE 23 679 241722597891600 2248400
LATENCY 2639600
TIMELINE 23 695 241722634251200 2639600
LATENCY 2260000
TIMELINE 23 711 241722670817700 2260000
LATENCY 2231100
TIMELINE 23 727 241722707454800 2231100
LATENCY 9248700
TIMELINE 23 743 241722742789000 9248700
LATENCY 2189600
TIMELINE 23 759 241722787194800 2189600
LATENCY 2242400
TIMELINE 23 775 241722822877700 2242400
LATENCY 2412600
TIMELINE 23 791 241722859565900 2412600
LATENCY 2241900
TIMELINE 23 807 241722896127800 2241900
LATENCY 2307900
TIMELINE 23 823 241722932829100 2307900
LATENCY 2186000
TIMELINE 23 839 241722969199700 2186000
LATENCY 2225700
TIMELINE 23 855 241723004584900 2225700
LATENCY 2257700
TIMELINE 23 871 241723048417100 2257700
LATENCY 2185300
TIMELINE 23 887 241723084833900 2185300
LATENCY 2206600
TIMELINE 23 903 241723121094400 2206600
LATENCY 2294800
TIMELINE 23 919 241723156829600 2294800
LATENCY 2227900
TIMELINE 23 935 241723192580300 2227900
LATENCY 2240300
TIMELINE 23 951 241723228434400 2240300
LATENCY 2291600
TIMELINE 23 967 241723264986400 2291600
LATENCY 2345200
TIMELINE 23 983 241723309332100 2345200
LATENCY 2335000
TIMELINE 23 999 241723346047000 2335000
LATENCY 2140900
TIMELINE 23 1015 241723381467900 2140900
LATENCY 2132700
TIMELINE 23 1031 241723416859800 2132700
LATENCY 2343000
TIMELINE 23 1047 241723453008400 2343000
LATENCY 2209100
TIMELINE 23 1063 241723488661200 2209100
LATENCY 2415100
TIMELINE 23 1079 241723524310200 2415100
LATENCY 2192000
TIMELINE 23 1095 241723559052300 2192000
LATENCY 2056300
TIMELINE 23 1111 241723599180200 2056300
LATENCY 2571500
TIMELINE 23 1127 241723638447400 2571500
LATENCY 2617900
TIMELINE 23 1143 241723680683400 2617900
LATENCY 2796900
TIMELINE 23 1159 241723723505000 2796900
LATENCY 2973600
TIMELINE 23 1175 241723770341100 2973600
LATENCY 2675900
TIMELINE 23 1191 241723813683000 2675900
LATENCY 2603600
TIMELINE 23 1207 241723860568000 2603600
LATENCY 2882300
TIMELINE 23 1223 241723910423700 2882300
LATENCY 3150500
TIMELINE 23 1239 241723956941400 3150500
LATENCY 2897200
TIMELINE 23 1255 241724004565300 2897200
LATENCY 2741800
TIMELINE 23 1271 241724050639400 2741800
LATENCY 2890500
TIMELINE 23 1287 241724097217000 2890500
LATENCY 2869900
TIMELINE 23 1303 241724142398800 2869900
LATENCY 3019300
TIMELINE 23 1319 241724188563000 3019300
LATENCY 2757300
TIMELINE 23 1335 241724240402400 2757300
LATENCY 2739200
TIMELINE 23 1351 241724285509800 2739200
LATENCY 2967500
TIMELINE 23 1367 241724331359700 2967500
LATENCY 2820300
TIMELINE 23 1383 241724376097300 2820300
LATENCY 2767100
TIMELINE 23 1399 241724419648100 2767100
LATENCY 2773500
TIMELINE 23 1415 241724468034300 2773500
LATENCY 2737300
TIMELINE 23 1431 241724510391300 2737300
LATENCY 7747100
TIMELINE 23 1447 241724555914900 7747100
LATENCY 2958800
TIMELINE 23 1463 241724607904600 2958800
LATENCY 2940500
TIMELINE 23 1479 241724654799700 2940500
LATENCY 2749900
TIMELINE 23 1495 241724700798300 2749900
LATENCY 2742000
TIMELINE 23 1511 241724744587300 2742000
LATENCY 2914800
TIMELINE 23 1527 241724793090700 2914800
LATENCY 2800400
TIMELINE 23 1543 241724840772700 2800400
LATENCY 2678100
TIMELINE 23 1559 241724887175000 2678100
LATENCY 3289800
TIMELINE 23 1575 241724944641500 3289800
LATENCY 3233100
TIMELINE 23 1591 241724997491300 3233100
LATENCY 2978600
TIMELINE 23 1607 241725046804500 2978600
LATENCY 2575600
TIMELINE 23 1623 241725088887100 2575600
LATENCY 2916400
TIMELINE 23 1639 241725137706800 2916400
LATENCY 2725400
TIMELINE 23 1655 241725182113200 2725400
LATENCY 2851900
TIMELINE 23 1671 241725227727100 2851900
LATENCY 2802800
TIMELINE 23 1687 241725278429100 2802800
LATENCY 2878300
TIMELINE 23 1703 241725324377400 2878300
LATENCY 2671300
TIMELINE 23 1719 241725367573700 2671300
LATENCY 2698400
TIMELINE 23 1735 241725412700200 2698400
LATENCY 2917100
TIMELINE 23 1751 241725458475100 2917100
LATENCY 2886700
TIMELINE 23 1767 241725505529400 2886700
LATENCY 2901100
TIMELINE 23 1783 241725551428300 2901100
LATENCY 2590500
TIMELINE 23 1799 241725601454700 2590500
LATENCY 2606300
TIMELINE 23 1815 241725643574100 2606300
LATENCY 2752400
TIMELINE 23 1831 241725689084300 2752400
LATENCY 2845500
TIMELINE 23 1847 241725737500600 2845500
LATENCY 2754100
TIMELINE 23 1863 241725782507600 2754100
LATENCY 2761000
TIMELINE 23 1879 241725826968700 2761000
LATENCY 2918300
TIMELINE 23 1895 241725873918200 2918300
LATENCY 2742900
TIMELINE 23 1911 241725924414300 2742900
LATENCY 2581900
TIMELINE 23 1927 241725968384300 2581900
LATENCY 4006000
TIMELINE 23 1943 241726011299100 4006000
LATENCY 2601900
TIMELINE 23 1959 241726055312300 2601900
LATENCY 2617400
TIMELINE 23 1975 241726097084700 2617400
LATENCY 2679300
TIMELINE 23 1991 241726139596300 2679300
LATENCY 2842300
TIMELINE 23 2007 241726183143100 2842300
LATENCY 2761000
TIMELINE 23 2023 241726226606900 2761000
LATENCY 2572500
TIMELINE 23 2039 241726273710300 2572500
LATENCY 5434800
TIMELINE 24 8 241720779620800 5434800
LATENCY 4827700
TIMELINE 24 24 241720847295700 4827700
LATENCY 4498500
TIMELINE 24 40 241720917550400 4498500
LATENCY 3882500
TIMELINE 24 56 241720979333800 3882500
LATENCY 2814600
TIMELINE 24 72 241721038242200 2814600
LATENCY 3280500
TIMELINE 24 88 241721097866600 3280500
LATENCY 13302600
TIMELINE 24 104 241721149731200 13302600
LATENCY 2936100
TIMELINE 24 120 241721209345000 2936100
LATENCY 3435100
TIMELINE 24 136 241721259576400 3435100
LATENCY 3471300
TIMELINE 24 152 241721314021600 3471300
LATENCY 3755300
TIMELINE 24 168 241721370125200 3755300
LATENCY 2299700
TIMELINE 24 184 241721423137900 2299700
LATENCY 2284500
TIMELINE 24 200 241721460978600 2284500
LATENCY 2326300
TIMELINE 24 216 241721497843800 2326300
LATENCY 2303600
TIMELINE 24 232 241721534368500 2303600
LATENCY 2264100
TIMELINE 24 248 241721579590400 2264100
LATENCY 2292100
TIMELINE 24 264 241721616086300 2292100
LATENCY 3273800
TIMELINE 24 280 241721655275800 3273800
LATENCY 2341400
TIMELINE 24 296 241721698053700 2341400
LATENCY 2250800
TIMELINE 24 312 241721736700300 2250800
LATENCY 2301300
TIMELINE 24 328 241721774274600 2301300
LATENCY 2431200
TIMELINE 24 344 241721811650500 2431200
LATENCY 2461600
TIMELINE 24 360 241721848843400 2461600
LATENCY 2317100
TIMELINE 24 376 241721892910800 2317100
LATENCY 2212500
TIMELINE 24 392 241721930621500 2212500
LATENCY 2291100
TIMELINE 24 408 241721966974100 2291100
LATENCY 2329100
TIMELINE 24 424 241722003940200 2329100
LATENCY 2299700
TIMELINE 24 440 241722041786900 2299700
LATENCY 2208000
TIMELINE 24 456 241722078362900 2208000
LATENCY 2364500
TIMELINE 24 472 241722116020800 2364500
LATENCY 2248400
TIMELINE 24 488 241722152667000 2248400
LATENCY 2270800
TIMELINE 24 504 241722196216500 2270800
LATENCY 2276200
TIMELINE 24 520 241722232957000 2276200
LATENCY 2247500
TIMELINE 24 536 241722269331800 2247500
LATENCY 2236300
TIMELINE 24 552 241722305691100 2236300
LATENCY 2233400
TIMELINE 24 568 241722342091400 2233400
LATENCY 2223100
TIMELINE 24 584 241722378373100 2223100
LATENCY 2309600
TIMELINE 24 600 241722413979800 2309600
LATENCY 2319900
TIMELINE 24 616 241722450863200 2319900
LATENCY 2335900
TIMELINE 24 632 241722496176500 2335900
LATENCY 2198600
TIMELINE 24 648 241722532270300 2198600
LATENCY 2290100
TIMELINE 24 664 241722568506400 2290100
LATENCY 2566900
TIMELINE 24 680 241722605038800 2566900
LATENCY 2228300
TIMELINE 24 696 241722641826600 2228300
LATENCY 2418200
TIMELINE 24 712 241722677833200 2418200
LATENCY 2264400
TIMELINE 24 728 241722714270600 2264400
LATENCY 2673000
TIMELINE 24 744 241722757262100 2673000
LATENCY 2219000
TIMELINE 24 760 241722794117900 2219000
LATENCY 2261400
TIMELINE 24 776 241722830161200 2261400
LATENCY 2314300
TIMELINE 24 792 241722866949300 2314300
LATENCY 2589200
TIMELINE 24 808 241722903303500 2589200
LATENCY 2249000
TIMELINE 24 824 241722940247600 2249000
LATENCY 2169800
TIMELINE 24 840 241722976379600 2169800
LATENCY 2285600
TIMELINE 24 856 241723012241500 2285600
LATENCY 2269600
TIMELINE 24 872 241723055900100 2269600
LATENCY 2436500
TIMELINE 24 888 241723092075500 2436500
LATENCY 2194000
TIMELINE 24 904 241723128501700 2194000
LATENCY 2201200
TIMELINE 24 920 241723164307600 2201200
LATENCY 2223900
TIMELINE 24 936 241723200131800 2223900
LATENCY 2391700
TIMELINE 24 952 241723235899800 2391700
LATENCY 2276600
TIMELINE 24 968 241723272837800 2276600
LATENCY 2173400
TIMELINE 24 984 241723317208600 2173400
LATENCY 2269900
TIMELINE 24 1000 241723352611800 2269900
LATENCY 2091900
TIMELINE 24 1016 241723387718300 2091900
LATENCY 2118500
TIMELINE 24 1032 241723423768400 2118500
LATENCY 2255600
TIMELINE 24 1048 241723460077500 2255600
LATENCY 2279100
TIMELINE 24 1064 241723495485000 2279100
LATENCY 2123200
TIMELINE 24 1080 241723531307000 2123200
LATENCY 2207000
TIMELINE 24 1096 241723570865100 2207000
LATENCY 2111200
TIMELINE 24 1112 241723605600100 2111200
LATENCY 2580600
TIMELINE 24 1128 241723646531900 2580600
LATENCY 2681600
TIMELINE 24 1144 241723689220100 2681600
LATENCY 2747100
TIMELINE 24 1160 241723731973500 2747100
LATENCY 2656300
TIMELINE 24 1176 241723778902400 2656300
LATENCY 2738600
TIMELINE 24 1192 241723822070000 2738600
LATENCY 2604200
TIMELINE 24 1208 241723868782400 2604200
LATENCY 2874000
TIMELINE 24 1224 241723919440200 2874000
LATENCY 2989300
TIMELINE 24 1240 241723966794600 2989300
LATENCY 2940600
TIMELINE 24 1256 241724013744100 2940600
LATENCY 2896800
TIMELINE 24 1272 241724059511800 2896800
LATENCY 2724200
TIMELINE 24 1288 241724106266300 2724200
LATENCY 2906600
TIMELINE 24 1304 241724151502800 2906600
LATENCY 2937000
TIMELINE 24 1320 241724197281700 2937000
LATENCY 2797900
TIMELINE 24 1336 241724248903700 2797900
LATENCY 2820300
TIMELINE 24 1352 241724293676400 2820300
LATENCY 2932400
TIMELINE 24 1368 241724340059600 2932400
LATENCY 2746900
TIMELINE 24 1384 241724384200600 2746900
LATENCY 2767700
TIMELINE 24 1400 241724427823300 2767700
LATENCY 2775100
TIMELINE 24 1416 241724476089800 2775100
LATENCY 2675500
TIMELINE 24 1432 241724518593900 2675500
LATENCY 2849000
TIMELINE 24 1448 241724569313900 2849000
LATENCY 2916200
TIMELINE 24 1464 241724616638600 2916200
LATENCY 2954000
TIMELINE 24 1480 241724663497700 2954000
LATENCY 2724800
TIMELINE 24 1496 241724709068900 2724800
LATENCY 2907400
TIMELINE 24 1512 241724753086800 2907400
LATENCY 2757300
TIMELINE 24 1528 241724800622700 2757300
LATENCY 2918600
TIMELINE 24 1544 241724848123800 2918600
LATENCY 3538400
TIMELINE 24 1560 241724899777200 3538400
LATENCY 3335300
TIMELINE 24 1576 241724953326700 3335300
LATENCY 2907100
TIMELINE 24 1592 241725005798400 2907100
LATENCY 2598900
TIMELINE 24 1608 241725053951600 2598900
LATENCY 2927300
TIMELINE 24 1624 241725098551200 2927300
LATENCY 2949900
TIMELINE 24 1640 241725145401100 2949900
LATENCY 2651200
TIMELINE 24 1656 241725189081500 2651200
LATENCY 2904100
TIMELINE 24 1672 241725235145000 2904100
LATENCY 2857000
TIMELINE 24 1688 241725285670400 2857000
LATENCY 3666000
TIMELINE 24 1704 241725331431000 3666000
LATENCY 2623000
TIMELINE 24 1720 241725375536900 2623000
LATENCY 2801900
TIMELINE 24 1736 241725420952500 2801900
LATENCY 2925200
TIMELINE 24 1752 241725467272100 2925200
LATENCY 2858400
TIMELINE 24 1768 241725514182800 2858400
LATENCY 2856000
TIMELINE 24 1784 241725560124400 2856000
LATENCY 2678700
TIMELINE 24 1800 241725609224400 2678700
LATENCY 2597300
TIMELINE 24 1816 241725651544600 2597300
LATENCY 2739800
TIMELINE 24 1832 241725697466600 2739800
LATENCY 2727900
TIMELINE 24 1848 241725746142200 2727900
LATENCY 2757000
TIMELINE 24 1864 241725790801600 2757000
LATENCY 2771900
TIMELINE 24 1880 241725835217700 2771900
LATENCY 3004600
TIMELINE 24 1896 241725881057400 3004600
LATENCY 2751500
TIMELINE 24 1912 241725931211500 2751500
LATENCY 2613400
TIMELINE 24 1928 241725974914600 2613400
LATENCY 2628900
TIMELINE 24 1944 241726019753400 2628900
LATENCY 2603900
TIMELINE 24 1960 241726062102700 2603900
LATENCY 2611600
TIMELINE 24 1976 241726103936600 2611600
LATENCY 2782100
TIMELINE 24 1992 241726146542700 2782100
LATENCY 2610900
TIMELINE 24 2008 241726190291400 2610900
LATENCY 2711700
TIMELINE 24 2024 241726233850200 2711700
LATENCY 2599900
TIMELINE 24 2040 241726280641000 2599900
LATENCY 4524400
TIMELINE 25 9 241720784946400 4524400
LATENCY 4635300
TIMELINE 25 25 241720852206100 4635300
LATENCY 4499900
TIMELINE 25 41 241720921932100 4499900
LATENCY 2764400
TIMELINE 25 57 241720983179200 2764400
LATENCY 2757100
TIMELINE 25 73 241721040988300 2757100
LATENCY 2966500
TIMELINE 25 89 241721100932400 2966500
LATENCY 4460600
TIMELINE 25 105 241721162531100 4460600
LATENCY 3332300
TIMELINE 25 121 241721212487200 3332300
LATENCY 3606400
TIMELINE 25 137 241721263253300 3606400
LATENCY 4043300
TIMELINE 25 153 241721317785300 4043300
LATENCY 4341500
TIMELINE 25 169 241721374208600 4341500
LATENCY 2508100
TIMELINE 25 185 241721425646500 2508100
LATENCY 2284800
TIMELINE 25 201 241721463466500 2284800
LATENCY 2428000
TIMELINE 25 217 241721500369500 2428000
LATENCY 2184500
TIMELINE 25 233 241721536814800 2184500
LATENCY 2219400
TIMELINE 25 249 241721581946800 2219400
LATENCY 2309600
TIMELINE 25 265 241721618451400 2309600
LATENCY 2559800
TIMELINE 25 281 241721659082600 2559800
LATENCY 2442000
TIMELINE 25 297 241721700882800 2442000
LATENCY 2261500
TIMELINE 25 313 241721739408900 2261500
LATENCY 2288100
TIMELINE 25 329 241721777068600 2288100
LATENCY 2287300
TIMELINE 25 345 241721814588200 2287300
LATENCY 2251300
TIMELINE 25 361 241721851771900 2251300
LATENCY 2257400
TIMELINE 25 377 241721895728200 2257400
LATENCY 2215700
TIMELINE 25 393 241721933295100 2215700
LATENCY 2436200
TIMELINE 25 409 241721969799200 2436200
LATENCY 2329200
TIMELINE 25 425 241722006828000 2329200
LATENCY 2299100
TIMELINE 25 441 241722044589100 2299100
LATENCY 2162000
TIMELINE 25 457 241722080882000 2162000
LATENCY 2293700
TIMELINE 25 473 241722117964700 2293700
LATENCY 2232600
TIMELINE 25 489 241722154441300 2232600
LATENCY 2255500
TIMELINE 25 505 241722198161600 2255500
LATENCY 2264500
TIMELINE 25 521 241722234868400 2264500
LATENCY 2289300
TIMELINE 25 537 241722271122500 2289300
LATENCY 2376300
TIMELINE 25 553 241722307407400 2376300
LATENCY 2233500
TIMELINE 25 569 241722343814100 2233500
LATENCY 2216100
TIMELINE 25 585 241722380006300 2216100
LATENCY 2498800
TIMELINE 25 601 241722415635400 2498800
LATENCY 2279300
TIMELINE 25 617 241722452543200 2279300
LATENCY 2354400
TIMELINE 25 633 241722499049800 2354400
LATENCY 2204700
TIMELINE 25 649 241722534988100 2204700
LATENCY 2218900
TIMELINE 25 665 241722571302900 2218900
LATENCY 2190900
TIMELINE 25 681 241722608066200 2190900
LATENCY 2210900
TIMELINE 25 697 241722644463300 2210900
LATENCY 2287400
TIMELINE 25 713 241722680717300 2287400
LATENCY 2218900
TIMELINE 25 729 241722716954300 2218900
LATENCY 2327400
TIMELINE 25 745 241722760419000 2327400
LATENCY 2149800
TIMELINE 25 761 241722796670800 2149800
LATENCY 2218400
TIMELINE 25 777 241722832796700 2218400
LATENCY 2290400
TIMELINE 25 793 241722869927900 2290400
LATENCY 3162800
TIMELINE 25 809 241722906655500 3162800
LATENCY 2379200
TIMELINE 25 825 241722943333000 2379200
LATENCY 2161500
TIMELINE 25 841 241722979344700 2161500
LATENCY 2389900
TIMELINE 25 857 241723015380300 2389900
LATENCY 2365900
TIMELINE 25 873 241723058917000 2365900
LATENCY 2239500
TIMELINE 25 889 241723095413200 2239500
LATENCY 2236900
TIMELINE 25 905 241723131436500 2236900
LATENCY 2301200
TIMELINE 25 921 241723167276800 2301200
LATENCY 2228900
TIMELINE 25 937 241723203077100 2228900
LATENCY 2283100
TIMELINE 25 953 241723239122200 2283100
LATENCY 2309900
TIMELINE 25 969 241723275908500 2309900
LATENCY 2226000
TIMELINE 25 985 241723320149600 2226000
LATENCY 2198300
TIMELINE 25 1001 241723357708500 2198300
LATENCY 2201400
TIMELINE 25 1017 241723392600900 2201400
LATENCY 2370100
TIMELINE 25 1033 241723428515300 2370100
LATENCY 2228900
TIMELINE 25 1049 241723464803800 2228900
LATENCY 2221200
TIMELINE 25 1065 241723500273800 2221200
LATENCY 2196800
TIMELINE 25 1081 241723535862900 2196800
LATENCY 2215400
TIMELINE 25 1097 241723575536000 2215400
LATENCY 2123500
TIMELINE 25 1113 241723610183100 2123500
LATENCY 2655000
TIMELINE 25 1129 241723652132800 2655000
LATENCY 2652600
TIMELINE 25 1145 241723694994900 2652600
LATENCY 2875200
TIMELINE 25 1161 241723738006000 2875200
LATENCY 2629100
TIMELINE 25 1177 241723785308100 2629100
LATENCY 2716800
TIMELINE 25 1193 241723828727000 2716800
LATENCY 2609300
TIMELINE 25 1209 241723875161000 2609300
LATENCY 2835300
TIMELINE 25 1225 241723926518300 2835300
LATENCY 2975300
TIMELINE 25 1241 241723974068900 2975300
LATENCY 2889700
TIMELINE 25 1257 241724020930100 2889700
LATENCY 2937500
TIMELINE 25 1273 241724066834500 2937500
LATENCY 2703000
TIMELINE 25 1289 241724112896700 2703000
LATENCY 2807100
TIMELINE 25 1305 241724158606200 2807100
LATENCY 2954900
TIMELINE 25 1321 241724204567100 2954900
LATENCY 2718700
TIMELINE 25 1337 241724255758000 2718700
LATENCY 2725200
TIMELINE 25 1353 241724300507700 2725200
LATENCY 2900900
TIMELINE 25 1369 241724347140000 2900900
LATENCY 2709500
TIMELINE 25 1385 241724390872400 2709500
LATENCY 4225300
TIMELINE 25 1401 241724434420000 4225300
LATENCY 2569200
TIMELINE 25 1417 241724482880300 2569200
LATENCY 2830900
TIMELINE 25 1433 241724525242700 2830900
LATENCY 2864800
TIMELINE 25 1449 241724576331900 2864800
LATENCY 2861000
TIMELINE 25 1465 241724623773000 2861000
LATENCY 2776600
TIMELINE 25 1481 241724670922700 2776600
LATENCY 2865600
TIMELINE 25 1497 241724715577400 2865600
LATENCY 2950900
TIMELINE 25 1513 241724760182000 2950900
LATENCY 2788700
TIMELINE 25 1529 241724806617300 2788700
LATENCY 2852900
TIMELINE 25 1545 241724854549000 2852900
LATENCY 3281900
TIMELINE 25 1561 241724907369500 3281900
LATENCY 3414000
TIMELINE 25 1577 241724960403200 3414000
LATENCY 3043600
TIMELINE 25 1593 241725012395100 3043600
LATENCY 2579900
TIMELINE 25 1609 241725059692200 2579900
LATENCY 2869900
TIMELINE 25 1625 241725104935500 2869900
LATENCY 2724900
TIMELINE 25 1641 241725151943400 2724900
LATENCY 2899300
TIMELINE 25 1657 241725195171900 2899300
LATENCY 2854300
TIMELINE 25 1673 241725241532100 2854300
LATENCY 2880400
TIMELINE 25 1689 241725292064500 2880400
LATENCY 2844100
TIMELINE 25 1705 241725338510500 2844100
LATENCY 2932500
TIMELINE 25 1721 241725381663800 2932500
LATENCY 2715600
TIMELINE 25 1737 241725426975200 2715600
LATENCY 2932500
TIMELINE 25 1753 241725473525400 2932500
LATENCY 2865000
TIMELINE 25 1769 241725520303400 2865000
LATENCY 2911300
TIMELINE 25 1785 241725566259000 2911300
LATENCY 2630700
TIMELINE 25 1801 241725615022200 2630700
LATENCY 2582000
TIMELINE 25 1817 241725657178700 2582000
LATENCY 2820900
TIMELINE 25 1833 241725703459400 2820900
LATENCY 2890200
TIMELINE 25 1849 241725752104000 2890200
LATENCY 2759000
TIMELINE 25 1865 241725796768400 2759000
LATENCY 2786300
TIMELINE 25 1881 241725841223900 2786300
LATENCY 2923300
TIMELINE 25 1897 241725886893800 2923300
LATENCY 2631100
TIMELINE 25 1913 241725936775100 2631100
LATENCY 2598200
TIMELINE 25 1929 241725980225800 2598200
LATENCY 2768300
TIMELINE 25 1945 241726025566400 2768300
LATENCY 2568800
TIMELINE 25 1961 241726067714000 2568800
LATENCY 2610700
TIMELINE 25 1977 241726109540500 2610700
LATENCY 2667300
TIMELINE 25 1993 241726152419100 2667300
LATENCY 2605300
TIMELINE 25 2009 241726195867300 2605300
LATENCY 2852200
TIMELINE 25 2025 241726244368800 2852200
LATENCY 2572900
TIMELINE 25 2041 241726286174000 2572900
LATENCY 5798000
TIMELINE 26 10 241720789561700 5798000
LATENCY 5166900
TIMELINE 26 26 241720856508300 5166900
LATENCY 4765500
TIMELINE 26 42 241720926154700 4765500
LATENCY 3136700
TIMELINE 26 58 241720985875700 3136700
LATENCY 3018700
TIMELINE 26 74 241721043599000 3018700
LATENCY 2919000
TIMELINE 26 90 241721103788300 2919000
LATENCY 2958200
TIMELINE 26 106 241721166813700 2958200
LATENCY 3028500
TIMELINE 26 122 241721217384800 3028500
LATENCY 4107200
TIMELINE 26 138 241721268430100 4107200
LATENCY 4318100
TIMELINE 26 154 241721323464200 4318100
LATENCY 4654500
TIMELINE 26 170 241721380623900 4654500
LATENCY 2417800
TIMELINE 26 186 241721429311800 2417800
LATENCY 2233400
TIMELINE 26 202 241721467112800 2233400
LATENCY 2274200
TIMELINE 26 218 241721503985300 2274200
LATENCY 2447500
TIMELINE 26 234 241721540047900 2447500
LATENCY 2235200
TIMELINE 26 250 241721585234400 2235200
LATENCY 2408800
TIMELINE 26 266 241721621914300 2408800
LATENCY 3383700
TIMELINE 26 282 241721662643800 3383700
LATENCY 2938700
TIMELINE 26 298 241721704361800 2938700
LATENCY 2304100
TIMELINE 26 314 241721742533800 2304100
LATENCY 2368700
TIMELINE 26 330 241721780288700 2368700
LATENCY 2358800
TIMELINE 26 346 241721817739300 2358800
LATENCY 2316800
TIMELINE 26 362 241721854919800 2316800
LATENCY 2360300
TIMELINE 26 378 241721898829700 2360300
LATENCY 2198200
TIMELINE 26 394 241721936414100 2198200
LATENCY 2349700
TIMELINE 26 410 241721973155800 2349700
LATENCY 2255100
TIMELINE 26 426 241722009963300 2255100
LATENCY 2329300
TIMELINE 26 442 241722047718600 2329300
LATENCY 2434400
TIMELINE 26 458 241722084496200 2434400
LATENCY 2364600
TIMELINE 26 474 241722121393300 2364600
LATENCY 2235300
TIMELINE 26 490 241722157949300 2235300
LATENCY 2231600
TIMELINE 26 506 241722201575500 2231600
LATENCY 2245900
TIMELINE 26 522 241722238344900 2245900
LATENCY 2289300
TIMELINE 26 538 241722274657600 2289300
LATENCY 2277300
TIMELINE 26 554 241722311117500 2277300
LATENCY 2215000
TIMELINE 26 570 241722347277400 2215000
LATENCY 2325300
TIMELINE 26 586 241722383488000 2325300
LATENCY 2279900
TIMELINE 26 602 241722419461400 2279900
LATENCY 2271800
TIMELINE 26 618 241722456150400 2271800
LATENCY 2272800
TIMELINE 26 634 241722501499400 2272800
LATENCY 2188900
TIMELINE 26 650 241722537227100 2188900
LATENCY 2296800
TIMELINE 26 666 241722573557300 2296800
LATENCY 2171000
TIMELINE 26 682 241722610289600 2171000
LATENCY 2232200
TIMELINE 26 698 241722646709400 2232200
LATENCY 2404400
TIMELINE 26 714 241722683064500 2404400
LATENCY 2141700
TIMELINE 26 730 241722719243200 2141700
LATENCY 2202800
TIMELINE 26 746 241722762779100 2202800
LATENCY 2312700
TIMELINE 26 762 241722798852200 2312700
LATENCY 2240400
TIMELINE 26 778 241722835064000 2240400
LATENCY 2332000
TIMELINE 26 794 241722871967300 2332000
LATENCY 2195600
TIMELINE 26 810 241722909960900 2195600
LATENCY 2361700
TIMELINE 26 826 241722945822800 2361700
LATENCY 2176000
TIMELINE 26 842 241722981629600 2176000
LATENCY 2216100
TIMELINE 26 858 241723017860000 2216100
LATENCY 2249100
TIMELINE 26 874 241723061345600 2249100
LATENCY 2203500
TIMELINE 26 890 241723097742400 2203500
LATENCY 2223700
TIMELINE 26 906 241723133825700 2223700
LATENCY 2177700
TIMELINE 26 922 241723169735800 2177700
LATENCY 2272300
TIMELINE 26 938 241723205436600 2272300
LATENCY 2213000
TIMELINE 26 954 241723241516100 2213000
LATENCY 2291800
TIMELINE 26 970 241723278339400 2291800
LATENCY 2170700
TIMELINE 26 986 241723322496900 2170700
LATENCY 2195400
TIMELINE 26 1002 241723358408100 2195400
LATENCY 2203600
TIMELINE 26 1018 241723393324400 2203600
LATENCY 2341300
TIMELINE 26 1034 241723429398200 2341300
LATENCY 2184300
TIMELINE 26 1050 241723465682200 2184300
LATENCY 2210400
TIMELINE 26 1066 241723501203900 2210400
LATENCY 2149000
TIMELINE 26 1082 241723536724300 2149000
LATENCY 2189900
TIMELINE 26 1098 241723576485700 2189900
LATENCY 2141900
TIMELINE 26 1114 241723611022400 2141900
LATENCY 2626400
TIMELINE 26 1130 241723653249900 2626400
LATENCY 2669600
TIMELINE 26 1146 241723696043800 2669600
LATENCY 2862100
TIMELINE 26 1162 241723739132700 2862100
LATENCY 2701900
TIMELINE 26 1178 241723787132400 2701900
LATENCY 2694600
TIMELINE 26 1194 241723830637100 2694600
LATENCY 7568200
TIMELINE 26 1210 241723876931700 7568200
LATENCY 2933400
TIMELINE 26 1226 241723928489700 2933400
LATENCY 3069300
TIMELINE 26 1242 241723976115600 3069300
LATENCY 3015600
TIMELINE 26 1258 241724022912400 3015600
LATENCY 2935300
TIMELINE 26 1274 241724068823100 2935300
LATENCY 2745000
TIMELINE 26 1290 241724114742800 2745000
LATENCY 2833100
TIMELINE 26 1306 241724160528700 2833100
LATENCY 2931000
TIMELINE 26 1322 241724206583200 2931000
LATENCY 2740600
TIMELINE 26 1338 241724257609100 2740600
LATENCY 2744800
TIMELINE 26 1354 241724302697500 2744800
LATENCY 2918100
TIMELINE 26 1370 241724349342700 2918100
LATENCY 2692000
TIMELINE 26 1386 241724392936100 2692000
LATENCY 5964100
TIMELINE 26 1402 241724436667600 5964100
LATENCY 2573600
TIMELINE 26 1418 241724484917900 2573600
LATENCY 3115100
TIMELINE 26 1434 241724527512100 3115100
LATENCY 3103000
TIMELINE 26 1450 241724578607800 3103000
LATENCY 2772100
TIMELINE 26 1466 241724626068400 2772100
LATENCY 2785600
TIMELINE 26 1482 241724673174500 2785600
LATENCY 2800500
TIMELINE 26 1498 241724717872800 2800500
LATENCY 3011900
TIMELINE 26 1514 241724762551600 3011900
LATENCY 2576600
TIMELINE 26 1530 241724809684300 2576600
LATENCY 3199500
TIMELINE 26 1546 241724857724700 3199500
LATENCY 3446800
TIMELINE 26 1562 241724910989800 3446800
LATENCY 3331300
TIMELINE 26 1578 241724964161100 3331300
LATENCY 3058500
TIMELINE 26 1594 241725015730700 3058500
LATENCY 2630700
TIMELINE 26 1610 241725062520800 2630700
LATENCY 2856200
TIMELINE 26 1626 241725108090200 2856200
LATENCY 2662700
TIMELINE 26 1642 241725154911500 2662700
LATENCY 2965700
TIMELINE 26 1658 241725198437900 2965700
LATENCY 7493700
TIMELINE 26 1674 241725244716900 7493700
LATENCY 2899600
TIMELINE 26 1690 241725295309100 2899600
LATENCY 2791400
TIMELINE 26 1706 241725340087000 2791400
LATENCY 3053100
TIMELINE 26 1722 241725383306700 3053100
LATENCY 2699800
TIMELINE 26 1738 241725428477500 2699800
LATENCY 2935500
TIMELINE 26 1754 241725475108500 2935500
LATENCY 2892400
TIMELINE 26 1770 241725521899500 2892400
LATENCY 2902400
TIMELINE 26 1786 241725567905200 2902400
LATENCY 2638100
TIMELINE 26 1802 241725616457500 2638100
LATENCY 2575600
TIMELINE 26 1818 241725658560700 2575600
LATENCY 2712900
TIMELINE 26 1834 241725705018000 2712900
LATENCY 2967500
TIMELINE 26 1850 241725753566700 2967500
LATENCY 2712000
TIMELINE 26 1866 241725798215800 2712000
LATENCY 2733200
TIMELINE 26 1882 241725842638600 2733200
LATENCY 2932100
TIMELINE 26 1898 241725886523400 2932100
LATENCY 2588100
TIMELINE 26 1914 241725936379700 2588100
LATENCY 2590300
TIMELINE 26 1930 241725979828000 2590300
LATENCY 2914200
TIMELINE 26 1946 241726024387900 2914200
LATENCY 2606200
TIMELINE 26 1962 241726066674200 2606200
LATENCY 2645500
TIMELINE 26 1978 241726108493600 2645500
LATENCY 2670600
TIMELINE 26 1994 241726151429400 2670600
LATENCY 2603500
TIMELINE 26 2010 241726194919100 2603500
LATENCY 7492400
TIMELINE 26 2026 241726238673800 7492400
LATENCY 2594600
TIMELINE 26 2042 241726285140000 2594600
LATENCY 4432600
TIMELINE 27 11 241720795779800 4432600
LATENCY 4714600
TIMELINE 27 27 241720862240200 4714600
LATENCY 4928600
TIMELINE 27 43 241720931535400 4928600
LATENCY 4755300
TIMELINE 27 59 241720989768000 4755300
LATENCY 3923500
TIMELINE 27 75 241721047238800 3923500
LATENCY 2798100
TIMELINE 27 91 241721107304100 2798100
LATENCY 3701100
TIMELINE 27 107 241721174867800 3701100
LATENCY 4289800
TIMELINE 27 123 241721224083600 4289800
LATENCY 3555800
TIMELINE 27 139 241721277302200 3555800
LATENCY 5169900
TIMELINE 27 155 241721333215400 5169900
LATENCY 4511200
TIMELINE 27 171 241721390646400 4511200
LATENCY 2355500
TIMELINE 27 187 241721434466000 2355500
LATENCY 2367400
TIMELINE 27 203 241721471853400 2367400
LATENCY 2264000
TIMELINE 27 219 241721508887700 2264000
LATENCY 2337700
TIMELINE 27 235 241721552086800 2337700
LATENCY 2324600
TIMELINE 27 251 241721590176900 2324600
LATENCY 2320900
TIMELINE 27 267 241721627088700 2320900
LATENCY 2438100
TIMELINE 27 283 241721668078700 2438100
LATENCY 2341300
TIMELINE 27 299 241721708890500 2341300
LATENCY 2229600
TIMELINE 27 315 241721746356400 2229600
LATENCY 2318200
TIMELINE 27 331 241721784175100 2318200
LATENCY 2336800
TIMELINE 27 347 241721821625800 2336800
LATENCY 2232400
TIMELINE 27 363 241721858804900 2232400
LATENCY 2422300
TIMELINE 27 379 241721903063400 2422300
LATENCY 2325200
TIMELINE 27 395 241721940286600 2325200
LATENCY 2329900
TIMELINE 27 411 241721977075000 2329900
LATENCY 2418500
TIMELINE 27 427 241722013874100 2418500
LATENCY 2331700
TIMELINE 27 443 241722051730700 2331700
LATENCY 2315700
TIMELINE 27 459 241722087032300 2315700
LATENCY 2186300
TIMELINE 27 475 241722123791900 2186300
LATENCY 2280700
TIMELINE 27 491 241722160220200 2280700
LATENCY 2240600
TIMELINE 27 507 241722203775800 2240600
LATENCY 2278800
TIMELINE 27 523 241722240560100 2278800
LATENCY 2238100
TIMELINE 27 539 241722277013300 2238100
LATENCY 2343100
TIMELINE 27 555 241722313462100 2343100
LATENCY 2175800
TIMELINE 27 571 241722349586800 2175800
LATENCY 2253700
TIMELINE 27 587 241722385913200 2253700
LATENCY 2250900
TIMELINE 27 603 241722421841200 2250900
LATENCY 9691800
TIMELINE 27 619 241722458515000 9691800
LATENCY 2236500
TIMELINE 27 635 241722502946600 2236500
LATENCY 2216400
TIMELINE 27 651 241722538620100 2216400
LATENCY 2359400
TIMELINE 27 667 241722575071800 2359400
LATENCY 2177900
TIMELINE 27 683 241722611716800 2177900
LATENCY 2236400
TIMELINE 27 699 241722648202600 2236400
LATENCY 2332400
TIMELINE 27 715 241722684696600 2332400
LATENCY 2124600
TIMELINE 27 731 241722720688100 2124600
LATENCY 2305400
TIMELINE 27 747 241722764379600 2305400
LATENCY 2410400
TIMELINE 27 763 241722800483400 2410400
LATENCY 2255500
TIMELINE 27 779 241722836670900 2255500
LATENCY 2289100
TIMELINE 27 795 241722873662800 2289100
LATENCY 2232800
TIMELINE 27 811 241722910942000 2232800
LATENCY 2255200
TIMELINE 27 827 241722946947200 2255200
LATENCY 2197300
TIMELINE 27 843 241722982596400 2197300
LATENCY 2190200
TIMELINE 27 859 241723018840100 2190200
LATENCY 2335500
TIMELINE 27 875 241723062302100 2335500
LATENCY 2172800
TIMELINE 27 891 241723098705500 2172800
LATENCY 2230500
TIMELINE 27 907 241723134715300 2230500
LATENCY 2120500
TIMELINE 27 923 241723170642400 2120500
LATENCY 2262200
TIMELINE 27 939 241723206431800 2262200
LATENCY 2228600
TIMELINE 27 955 241723242477400 2228600
LATENCY 2278600
TIMELINE 27 971 241723279426900 2278600
LATENCY 1946200
TIMELINE 27 987 241723323491500 1946200
LATENCY 2235600
TIMELINE 27 1003 241723359274900 2235600
LATENCY 2355500
TIMELINE 27 1019 241723394195200 2355500
LATENCY 2382500
TIMELINE 27 1035 241723430398300 2382500
LATENCY 2210600
TIMELINE 27 1051 241723466547800 2210600
LATENCY 2232200
TIMELINE 27 1067 241723502010400 2232200
LATENCY 2152100
TIMELINE 27 1083 241723537477500 2152100
LATENCY 2236400
TIMELINE 27 1099 241723577111400 2236400
LATENCY 2156900
TIMELINE 27 1115 241723611673700 2156900
LATENCY 2650300
TIMELINE 27 1131 241723654017600 2650300
LATENCY 2676500
TIMELINE 27 1147 241723696890000 2676500
LATENCY 2835200
TIMELINE 27 1163 241723740049600 2835200
LATENCY 2706600
TIMELINE 27 1179 241723787165700 2706600
LATENCY 2690500
TIMELINE 27 1195 241723830677300 2690500
LATENCY 7573000
TIMELINE 27 1211 241723877056600 7573000
LATENCY 2916000
TIMELINE 27 1227 241723928568000 2916000
LATENCY 3105600
TIMELINE 27 1243 241723976357100 3105600
LATENCY 3025900
TIMELINE 27 1259 241724023150600 3025900
LATENCY 2954500
TIMELINE 27 1275 241724069096500 2954500
LATENCY 2741300
TIMELINE 27 1291 241724115006800 2741300
LATENCY 2840800
TIMELINE 27 1307 241724160798600 2840800
LATENCY 2918000
TIMELINE 27 1323 241724206879400 2918000
LATENCY 2749000
TIMELINE 27 1339 241724257863900 2749000
LATENCY 2740300
TIMELINE 27 1355 241724303043700 2740300
LATENCY 2947700
TIMELINE 27 1371 241724349842900 2947700
LATENCY 2695300
TIMELINE 27 1387 241724393393200 2695300
LATENCY 5078700
TIMELINE 27 1403 241724438047200 5078700
LATENCY 2565300
TIMELINE 27 1419 241724485306200 2565300
LATENCY 3134100
TIMELINE 27 1435 241724527952300 3134100
LATENCY 3174400
TIMELINE 27 1451 241724579045300 3174400
LATENCY 2793000
TIMELINE 27 1467 241724626484100 2793000
LATENCY 2859500
TIMELINE 27 1483 241724673504500 2859500
LATENCY 2782800
TIMELINE 27 1499 241724718248400 2782800
LATENCY 2987600
TIMELINE 27 1515 241724762977700 2987600
LATENCY 2786700
TIMELINE 27 1531 241724808982100 2786700
LATENCY 3119100
TIMELINE 27 1547 241724856978900 3119100
LATENCY 3459300
TIMELINE 27 1563 241724910237800 3459300
LATENCY 3358800
TIMELINE 27 1579 241724963428300 3358800
LATENCY 2958100
TIMELINE 27 1595 241725015026400 2958100
LATENCY 2590700
TIMELINE 27 1611 241725061884300 2590700
LATENCY 2868400
TIMELINE 27 1627 241725107364400 2868400
LATENCY 2652800
TIMELINE 27 1643 241725154154900 2652800
LATENCY 2918900
TIMELINE 27 1659 241725197413100 2918900
LATENCY 7372600
TIMELINE 27 1675 241725243713900 7372600
LATENCY 2873900
TIMELINE 27 1691 241725294262500 2873900
LATENCY 2811400
TIMELINE 27 1707 241725340779400 2811400
LATENCY 3067600
TIMELINE 27 1723 241725384061200 3067600
LATENCY 2709900
TIMELINE 27 1739 241725429138500 2709900
LATENCY 2935100
TIMELINE 27 1755 241725475836100 2935100
LATENCY 2886900
TIMELINE 27 1771 241725522573700 2886900
LATENCY 2895700
TIMELINE 27 1787 241725568579700 2895700
LATENCY 2661900
TIMELINE 27 1803 241725617093400 2661900
LATENCY 2602500
TIMELINE 27 1819 241725659183100 2602500
LATENCY 2733000
TIMELINE 27 1835 241725705685700 2733000
LATENCY 2939300
TIMELINE 27 1851 241725754339200 2939300
LATENCY 2691400
TIMELINE 27 1867 241725798921200 2691400
LATENCY 5135300
TIMELINE 27 1883 241725843359600 5135300
LATENCY 2905400
TIMELINE 27 1899 241725890950100 2905400
LATENCY 2726300
TIMELINE 27 1915 241725940293200 2726300
LATENCY 2606400
TIMELINE 27 1931 241725983674200 2606400
LATENCY 2636000
TIMELINE 27 1947 241726027346100 2636000
LATENCY 2661200
TIMELINE 27 1963 241726069315500 2661200
LATENCY 2564500
TIMELINE 27 1979 241726111179800 2564500
LATENCY 2634900
TIMELINE 27 1995 241726154036000 2634900
LATENCY 2617000
TIMELINE 27 2011 241726197448400 2617000
LATENCY 2736300
TIMELINE 27 2027 241726246110000 2736300
LATENCY 2615400
TIMELINE 27 2043 241726287799600 2615400
LATENCY 3417800
TIMELINE 28 12 241720800117000 3417800
LATENCY 5065300
TIMELINE 28 28 241720866758100 5065300
LATENCY 4632900
TIMELINE 28 44 241720936281300 4632900
LATENCY 4514300
TIMELINE 28 60 241720994147800 4514300
LATENCY 3730500
TIMELINE 28 76 241721050789100 3730500
LATENCY 3259900
TIMELINE 28 92 241721109807400 3259900
LATENCY 3695200
TIMELINE 28 108 241721174829100 3695200
LATENCY 4270400
TIMELINE 28 124 241721223851000 4270400
LATENCY 3613700
TIMELINE 28 140 241721277020100 3613700
LATENCY 5155500
TIMELINE 28 156 241721332948400 5155500
LATENCY 4521900
TIMELINE 28 172 241721390302000 4521900
LATENCY 2330700
TIMELINE 28 188 241721434330800 2330700
LATENCY 2373700
TIMELINE 28 204 241721471653700 2373700
LATENCY 2258000
TIMELINE 28 220 241721508735300 2258000
LATENCY 2333800
TIMELINE 28 236 241721551988300 2333800
LATENCY 2318400
TIMELINE 28 252 241721590114100 2318400
LATENCY 2317700
TIMELINE 28 268 241721627026200 2317700
LATENCY 2478700
TIMELINE 28 284 241721668613000 2478700
LATENCY 2328200
TIMELINE 28 300 241721709436000 2328200
LATENCY 2254300
TIMELINE 28 316 241721746869500 2254300
LATENCY 2315900
TIMELINE 28 332 241721784677000 2315900
LATENCY 2307500
TIMELINE 28 348 241721822210100 2307500
LATENCY 2240700
TIMELINE 28 364 241721859287800 2240700
LATENCY 2404000
TIMELINE 28 380 241721903547900 2404000
LATENCY 2354100
TIMELINE 28 396 241721940731400 2354100
LATENCY 2367000
TIMELINE 28 412 241721977570000 2367000
LATENCY 2397700
TIMELINE 28 428 241722014484700 2397700
LATENCY 2304700
TIMELINE 28 444 241722052334200 2304700
LATENCY 2251200
TIMELINE 28 460 241722090343500 2251200
LATENCY 2216400
TIMELINE 28 476 241722126880100 2216400
LATENCY 2335900
TIMELINE 28 492 241722163527200 2335900
LATENCY 2253400
TIMELINE 28 508 241722207107900 2253400
LATENCY 2339600
TIMELINE 28 524 241722243995600 2339600
LATENCY 2286700
TIMELINE 28 540 241722280232200 2286700
LATENCY 2237100
TIMELINE 28 556 241722316795600 2237100
LATENCY 2321900
TIMELINE 28 572 241722352784600 2321900
LATENCY 2198200
TIMELINE 28 588 241722389155900 2198200
LATENCY 2255100
TIMELINE 28 604 241722425166200 2255100
LATENCY 2612900
TIMELINE 28 620 241722469511000 2612900
LATENCY 2254100
TIMELINE 28 636 241722506467200 2254100
LATENCY 2256000
TIMELINE 28 652 241722542123300 2256000
LATENCY 2228300
TIMELINE 28 668 241722578646500 2228300
LATENCY 2176700
TIMELINE 28 684 241722615106300 2176700
LATENCY 2221600
TIMELINE 28 700 241722651672600 2221600
LATENCY 2291300
TIMELINE 28 716 241722688307800 2291300
LATENCY 2120200
TIMELINE 28 732 241722723992600 2120200
LATENCY 2374600
TIMELINE 28 748 241722767883300 2374600
LATENCY 2242300
TIMELINE 28 764 241722804067200 2242300
LATENCY 2301200
TIMELINE 28 780 241722840150200 2301200
LATENCY 2233200
TIMELINE 28 796 241722877092800 2233200
LATENCY 2178000
TIMELINE 28 812 241722913849100 2178000
LATENCY 2239100
TIMELINE 28 828 241722949836300 2239100
LATENCY 2212800
TIMELINE 28 844 241722985436400 2212800
LATENCY 2222500
TIMELINE 28 860 241723021671300 2222500
LATENCY 2367200
TIMELINE 28 876 241723065374500 2367200
LATENCY 2184900
TIMELINE 28 892 241723101602400 2184900
LATENCY 2171600
TIMELINE 28 908 241723137628200 2171600
LATENCY 2338900
TIMELINE 28 924 241723173472400 2338900
LATENCY 2238400
TIMELINE 28 940 241723209299100 2238400
LATENCY 2209900
TIMELINE 28 956 241723245304200 2209900
LATENCY 2300500
TIMELINE 28 972 241723282135500 2300500
LATENCY 2280600
TIMELINE 28 988 241723325895200 2280600
LATENCY 2158200
TIMELINE 28 1004 241723361483500 2158200
LATENCY 2311300
TIMELINE 28 1020 241723396523500 2311300
LATENCY 2214300
TIMELINE 28 1036 241723432718600 2214300
LATENCY 2363600
TIMELINE 28 1052 241723468731700 2363600
LATENCY 2241700
TIMELINE 28 1068 241723504211300 2241700
LATENCY 2194400
TIMELINE 28 1084 241723539749800 2194400
LATENCY 2116800
TIMELINE 28 1100 241723579627900 2116800
LATENCY 2911200
TIMELINE 28 1116 241723614121900 2911200
LATENCY 2673700
TIMELINE 28 1132 241723657037500 2673700
LATENCY 2646800
TIMELINE 28 1148 241723699953600 2646800
LATENCY 2830300
TIMELINE 28 1164 241723743270700 2830300
LATENCY 2770600
TIMELINE 28 1180 241723788704200 2770600
LATENCY 2702700
TIMELINE 28 1196 241723832222500 2702700
LATENCY 7800400
TIMELINE 28 1212 241723878536400 7800400
LATENCY 2945500
TIMELINE 28 1228 241723930343300 2945500
LATENCY 3001800
TIMELINE 28 1244 241723978078200 3001800
LATENCY 3020900
TIMELINE 28 1260 241724024849900 3020900
LATENCY 2975000
TIMELINE 28 1276 241724070730000 2975000
LATENCY 2773200
TIMELINE 28 1292 241724116473700 2773200
LATENCY 2829100
TIMELINE 28 1308 241724162382500 2829100
LATENCY 2929100
TIMELINE 28 1324 241724208493800 2929100
LATENCY 2853600
TIMELINE 28 1340 241724259364600 2853600
LATENCY 2768100
TIMELINE 28 1356 241724304958100 2768100
LATENCY 2930800
TIMELINE 28 1372 241724351898600 2930800
LATENCY 2675900
TIMELINE 28 1388 241724395287200 2675900
LATENCY 2773900
TIMELINE 28 1404 241724442297800 2773900
LATENCY 2571500
TIMELINE 28 1420 241724487168800 2571500
LATENCY 2870800
TIMELINE 28 1436 241724530254700 2870800
LATENCY 3039700
TIMELINE 28 1452 241724581300100 3039700
LATENCY 2841700
TIMELINE 28 1468 241724628471500 2841700
LATENCY 2783600
TIMELINE 28 1484 241724675544200 2783600
LATENCY 2718200
TIMELINE 28 1500 241724720277300 2718200
LATENCY 2909300
TIMELINE 28 1516 241724765157400 2909300
LATENCY 5249600
TIMELINE 28 1532 241724812295100 5249600
LATENCY 3187600
TIMELINE 28 1548 241724861144800 3187600
LATENCY 3328900
TIMELINE 28 1564 241724914663800 3328900
LATENCY 3420500
TIMELINE 28 1580 241724967713400 3420500
LATENCY 2970300
TIMELINE 28 1596 241725018968500 2970300
LATENCY 2634600
TIMELINE 28 1612 241725065301300 2634600
LATENCY 3204300
TIMELINE 28 1628 241725111172100 3204300
LATENCY 2761000
TIMELINE 28 1644 241725157714300 2761000
LATENCY 2902000
TIMELINE 28 1660 241725201447700 2902000
LATENCY 2971500
TIMELINE 28 1676 241725252148800 2971500
LATENCY 2861600
TIMELINE 28 1692 241725298165500 2861600
LATENCY 2830600
TIMELINE 28 1708 241725343945200 2830600
LATENCY 3108200
TIMELINE 28 1724 241725387470800 3108200
LATENCY 2809400
TIMELINE 28 1740 241725432153600 2809400
LATENCY 3073300
TIMELINE 28 1756 241725479099600 3073300
LATENCY 2863900
TIMELINE 28 1772 241725525776400 2863900
LATENCY 2897600
TIMELINE 28 1788 241725571790700 2897600
LATENCY 2590800
TIMELINE 28 1804 241725620005700 2590800
LATENCY 2752700
TIMELINE 28 1820 241725662054400 2752700
LATENCY 2754400
TIMELINE 28 1836 241725708680400 2754400
LATENCY 2934300
TIMELINE 28 1852 241725757618900 2934300
LATENCY 2880200
TIMELINE 28 1868 241725801839600 2880200
LATENCY 3089400
TIMELINE 28 1884 241725847527400 3089400
LATENCY 2887300
TIMELINE 28 1900 241725893010000 2887300
LATENCY 2767700
TIMELINE 28 1916 241725942336900 2767700
LATENCY 2550300
TIMELINE 28 1932 241725985648900 2550300
LATENCY 2597200
TIMELINE 28 1948 241726031570600 2597200
LATENCY 2604000
TIMELINE 28 1964 241726073599700 2604000
LATENCY 2660500
TIMELINE 28 1980 241726115394100 2660500
LATENCY 2636800
TIMELINE 28 1996 241726158336700 2636800
LATENCY 2585600
TIMELINE 28 2012 241726201646400 2585600
LATENCY 2573200
TIMELINE 28 2028 241726250353200 2573200
LATENCY 3040200
TIMELINE 28 2044 241726291904000 3040200
LATENCY 3047700
TIMELINE 29 13 241720803431500 3047700
LATENCY 4745000
TIMELINE 29 29 241720871490600 4745000
LATENCY 3405400
TIMELINE 29 45 241720940606100 3405400
LATENCY 4195300
TIMELINE 29 61 241720998329200 4195300
LATENCY 2934000
TIMELINE 29 77 241721054311800 2934000
LATENCY 2995900
TIMELINE 29 93 241721112680500 2995900
LATENCY 3925800
TIMELINE 29 109 241721176222700 3925800
LATENCY 4290200
TIMELINE 29 125 241721225592200 4290200
LATENCY 3353800
TIMELINE 29 141 241721278700800 3353800
LATENCY 5417000
TIMELINE 29 157 241721335019500 5417000
LATENCY 4323900
TIMELINE 29 173 241721392282800 4323900
LATENCY 2378900
TIMELINE 29 189 241721435347600 2378900
LATENCY 2365200
TIMELINE 29 205 241721472754000 2365200
LATENCY 2265700
TIMELINE 29 221 241721509755800 2265700
LATENCY 2300200
TIMELINE 29 237 241721552986900 2300200
LATENCY 2413900
TIMELINE 29 253 241721591036000 2413900
LATENCY 2342300
TIMELINE 29 269 241721627974700 2342300
LATENCY 2847600
TIMELINE 29 285 241721670796100 2847600
LATENCY 2363500
TIMELINE 29 301 241721711519000 2363500
LATENCY 2326100
TIMELINE 29 317 241721748857800 2326100
LATENCY 2313100
TIMELINE 29 333 241721786744500 2313100
LATENCY 2304400
TIMELINE 29 349 241721824177400 2304400
LATENCY 2481600
TIMELINE 29 365 241721861187300 2481600
LATENCY 2298500
TIMELINE 29 381 241721905547900 2298500
LATENCY 2296400
TIMELINE 29 397 241721942676400 2296400
LATENCY 2270700
TIMELINE 29 413 241721979630400 2270700
LATENCY 2346700
TIMELINE 29 429 241722016502200 2346700
LATENCY 2246500
TIMELINE 29 445 241722054247000 2246500
LATENCY 2244900
TIMELINE 29 461 241722090227200 2244900
LATENCY 2170900
TIMELINE 29 477 241722126739100 2170900
LATENCY 2269900
TIMELINE 29 493 241722163279900 2269900
LATENCY 2211800
TIMELINE 29 509 241722206810100 2211800
LATENCY 2342800
TIMELINE 29 525 241722243810300 2342800
LATENCY 2278200
TIMELINE 29 541 241722280120200 2278200
LATENCY 2229300
TIMELINE 29 557 241722316648800 2229300
LATENCY 2328000
TIMELINE 29 573 241722352620100 2328000
LATENCY 2190500
TIMELINE 29 589 241722388953700 2190500
LATENCY 2231400
TIMELINE 29 605 241722424893800 2231400
LATENCY 2759400
TIMELINE 29 621 241722469042900 2759400
LATENCY 2259800
TIMELINE 29 637 241722506849000 2259800
LATENCY 2332900
TIMELINE 29 653 241722542408300 2332900
LATENCY 2229400
TIMELINE 29 669 241722579033600 2229400
LATENCY 2169300
TIMELINE 29 685 241722615463200 2169300
LATENCY 2223600
TIMELINE 29 701 241722652037200 2223600
LATENCY 2300200
TIMELINE 29 717 241722688647100 2300200
LATENCY 2140000
TIMELINE 29 733 241722724304200 2140000
LATENCY 2400300
TIMELINE 29 749 241722768277100 2400300
LATENCY 2213200
TIMELINE 29 765 241722804457300 2213200
LATENCY 2349700
TIMELINE 29 781 241722840538000 2349700
LATENCY 2216500
TIMELINE 29 797 241722877519800 2216500
LATENCY 2164000
TIMELINE 29 813 241722914329500 2164000
LATENCY 2265500
TIMELINE 29 829 241722950325100 2265500
LATENCY 2214200
TIMELINE 29 845 241722985936500 2214200
LATENCY 9599500
TIMELINE 29 861 241723022173700 9599500
LATENCY 2314400
TIMELINE 29 877 241723065967000 2314400
LATENCY 2184300
TIMELINE 29 893 241723102103300 2184300
LATENCY 2258600
TIMELINE 29 909 241723138124700 2258600
LATENCY 2266000
TIMELINE 29 925 241723174142900 2266000
LATENCY 2250900
TIMELINE 29 941 241723209899900 2250900
LATENCY 2247100
TIMELINE 29 957 241723245901500 2247100
LATENCY 2263400
TIMELINE 29 973 241723282829400 2263400
LATENCY 2467000
TIMELINE 29 989 241723326918700 2467000
LATENCY 2222100
TIMELINE 29 1005 241723362616500 2222100
LATENCY 2351600
TIMELINE 29 1021 241723397752100 2351600
LATENCY 2261700
TIMELINE 29 1037 241723433787800 2261700
LATENCY 2274100
TIMELINE 29 1053 241723469868600 2274100
LATENCY 2183900
TIMELINE 29 1069 241723505285800 2183900
LATENCY 2184100
TIMELINE 29 1085 241723540680500 2184100
LATENCY 2136900
TIMELINE 29 1101 241723580448800 2136900
LATENCY 2842700
TIMELINE 29 1117 241723615249100 2842700
LATENCY 2644600
TIMELINE 29 1133 241723658081700 2644600
LATENCY 2619000
TIMELINE 29 1149 241723701011000 2619000
LATENCY 2915100
TIMELINE 29 1165 241723744386100 2915100
LATENCY 2989200
TIMELINE 29 1181 241723790805100 2989200
LATENCY 3019400
TIMELINE 29 1197 241723834307800 3019400
LATENCY 2972800
TIMELINE 29 1213 241723885648100 2972800
LATENCY 2900900
TIMELINE 29 1229 241723932469500 2900900
LATENCY 2874500
TIMELINE 29 1245 241723980303600 2874500
LATENCY 2914300
TIMELINE 29 1261 241724027066600 2914300
LATENCY 2915000
TIMELINE 29 1277 241724072891000 2915000
LATENCY 2840400
TIMELINE 29 1293 241724118517600 2840400
LATENCY 2942800
TIMELINE 29 1309 241724164434400 2942800
LATENCY 2857900
TIMELINE 29 1325 241724210572400 2857900
LATENCY 2807300
TIMELINE 29 1341 241724261340500 2807300
LATENCY 2722000
TIMELINE 29 1357 241724306229600 2722000
LATENCY 2889300
TIMELINE 29 1373 241724353233500 2889300
LATENCY 2717400
TIMELINE 29 1389 241724396494200 2717400
LATENCY 2805800
TIMELINE 29 1405 241724443568200 2805800
LATENCY 2570200
TIMELINE 29 1421 241724488315000 2570200
LATENCY 2832000
TIMELINE 29 1437 241724531596500 2832000
LATENCY 2902100
TIMELINE 29 1453 241724582735900 2902100
LATENCY 2793300
TIMELINE 29 1469 241724629763500 2793300
LATENCY 2685700
TIMELINE 29 1485 241724676878900 2685700
LATENCY 2651100
TIMELINE 29 1501 241724721516400 2651100
LATENCY 2912100
TIMELINE 29 1517 241724766499100 2912100
LATENCY 5153100
TIMELINE 29 1533 241724812154200 5153100
LATENCY 3236800
TIMELINE 29 1549 241724860783600 3236800
LATENCY 3337900
TIMELINE 29 1565 241724914301600 3337900
LATENCY 3393500
TIMELINE 29 1581 241724967365400 3393500
LATENCY 2995500
TIMELINE 29 1597 241725018596000 2995500
LATENCY 2639700
TIMELINE 29 1613 241725064995800 2639700
LATENCY 3248200
TIMELINE 29 1629 241725110789700 3248200
LATENCY 2755400
TIMELINE 29 1645 241725157460300 2755400
LATENCY 2905300
TIMELINE 29 1661 241725201199800 2905300
LATENCY 2983000
TIMELINE 29 1677 241725251976800 2983000
LATENCY 2874200
TIMELINE 29 1693 241725297992000 2874200
LATENCY 2820100
TIMELINE 29 1709 241725342449800 2820100
LATENCY 3077300
TIMELINE 29 1725 241725385857500 3077300
LATENCY 2764200
TIMELINE 29 1741 241725430726100 2764200
LATENCY 2994700
TIMELINE 29 1757 241725477497800 2994700
LATENCY 2856900
TIMELINE 29 1773 241725524178700 2856900
LATENCY 2870000
TIMELINE 29 1789 241725570228900 2870000
LATENCY 2636500
TIMELINE 29 1805 241725618593100 2636500
LATENCY 2617900
TIMELINE 29 1821 241725660671500 2617900
LATENCY 2715600
TIMELINE 29 1837 241725707198400 2715600
LATENCY 2876300
TIMELINE 29 1853 241725756038200 2876300
LATENCY 2774000
TIMELINE 29 1869 241725800479900 2774000
LATENCY 2023700
TIMELINE 29 1885 241725844867800 2023700
LATENCY 2909900
TIMELINE 29 1901 241725889658800 2909900
LATENCY 2716800
TIMELINE 29 1917 241725939170600 2716800
LATENCY 2609000
TIMELINE 29 1933 241725982597100 2609000
LATENCY 2621100
TIMELINE 29 1949 241726028527500 2621100
LATENCY 2700800
TIMELINE 29 1965 241726070463600 2700800
LATENCY 2639600
TIMELINE 29 1981 241726112328600 2639600
LATENCY 2642500
TIMELINE 29 1997 241726155258200 2642500
LATENCY 2651300
TIMELINE 29 2013 241726198575800 2651300
LATENCY 2578600
TIMELINE 29 2029 241726247332700 2578600
LATENCY 2621100
TIMELINE 29 2045 241726288854500 2621100
LATENCY 2963500
TIMELINE 30 14 241720806778400 2963500
LATENCY 4365100
TIMELINE 30 30 241720876840300 4365100
LATENCY 4324600
TIMELINE 30 46 241720944352900 4324600
LATENCY 3532300
TIMELINE 30 62 241721003075000 3532300
LATENCY 3569700
TIMELINE 30 78 241721057788800 3569700
LATENCY 2605700
TIMELINE 30 94 241721116155500 2605700
LATENCY 4032700
TIMELINE 30 110 241721181351900 4032700
LATENCY 3195600
TIMELINE 30 126 241721230870100 3195600
LATENCY 3708600
TIMELINE 30 142 241721282833100 3708600
LATENCY 3095400
TIMELINE 30 158 241721341441400 3095400
LATENCY 2849600
TIMELINE 30 174 241721397760600 2849600
LATENCY 2408400
TIMELINE 30 190 241721438304300 2408400
LATENCY 2258900
TIMELINE 30 206 241721475730200 2258900
LATENCY 2243700
TIMELINE 30 222 241721512524200 2243700
LATENCY 2232700
TIMELINE 30 238 241721555819900 2232700
LATENCY 2258200
TIMELINE 30 254 241721593912200 2258200
LATENCY 2316700
TIMELINE 30 270 241721630754300 2316700
LATENCY 2518300
TIMELINE 30 286 241721673536500 2518300
LATENCY 2403400
TIMELINE 30 302 241721713787300 2403400
LATENCY 2327400
TIMELINE 30 318 241721751059400 2327400
LATENCY 2281100
TIMELINE 30 334 241721789280600 2281100
LATENCY 2290300
TIMELINE 30 350 241721826792500 2290300
LATENCY 8907000
TIMELINE 30 366 241721863992400 8907000
LATENCY 2659000
TIMELINE 30 382 241721908130100 2659000
LATENCY 2154300
TIMELINE 30 398 241721945272700 2154300
LATENCY 2273500
TIMELINE 30 414 241721982124500 2273500
LATENCY 2605300
TIMELINE 30 430 241722019069100 2605300
LATENCY 2353500
TIMELINE 30 446 241722056736300 2353500
LATENCY 2261700
TIMELINE 30 462 241722093199800 2261700
LATENCY 2234900
TIMELINE 30 478 241722129730500 2234900
LATENCY 9016200
TIMELINE 30 494 241722166325500 9016200
LATENCY 2267200
TIMELINE 30 510 241722209853500 2267200
LATENCY 2191700
TIMELINE 30 526 241722246804600 2191700
LATENCY 2249800
TIMELINE 30 542 241722283020700 2249800
LATENCY 2280700
TIMELINE 30 558 241722319538900 2280700
LATENCY 2193700
TIMELINE 30 574 241722355692400 2193700
LATENCY 2201900
TIMELINE 30 590 241722391881800 2201900
LATENCY 2359700
TIMELINE 30 606 241722427889700 2359700
LATENCY 2292800
TIMELINE 30 622 241722472686000 2292800
LATENCY 2285300
TIMELINE 30 638 241722508657500 2285300
LATENCY 2226300
TIMELINE 30 654 241722544348300 2226300
LATENCY 2230200
TIMELINE 30 670 241722580814100 2230200
LATENCY 2181500
TIMELINE 30 686 241722617194400 2181500
LATENCY 2224600
TIMELINE 30 702 241722653773800 2224600
LATENCY 2296500
TIMELINE 30 718 241722690417500 2296500
LATENCY 2146800
TIMELINE 30 734 241722725915300 2146800
LATENCY 2400800
TIMELINE 30 750 241722770019600 2400800
LATENCY 2226600
TIMELINE 30 766 241722806067800 2226600
LATENCY 2464400
TIMELINE 30 782 241722842236900 2464400
LATENCY 2218500
TIMELINE 30 798 241722879240900 2218500
LATENCY 2206900
TIMELINE 30 814 241722915767500 2206900
LATENCY 2415800
TIMELINE 30 830 241722951814500 2415800
LATENCY 2198700
TIMELINE 30 846 241722987376400 2198700
LATENCY 9646000
TIMELINE 30 862 241723023659700 9646000
LATENCY 2318500
TIMELINE 30 878 241723067500600 2318500
LATENCY 2174400
TIMELINE 30 894 241723103494500 2174400
LATENCY 2373700
TIMELINE 30 910 241723139488100 2373700
LATENCY 2192200
TIMELINE 30 926 241723175410800 2192200
LATENCY 2270100
TIMELINE 30 942 241723211108100 2270100
LATENCY 2344800
TIMELINE 30 958 241723247096400 2344800
LATENCY 2331500
TIMELINE 30 974 241723284103800 2331500
LATENCY 2378900
TIMELINE 30 990 241723326887200 2378900
LATENCY 2227100
TIMELINE 30 1006 241723362673700 2227100
LATENCY 2371300
TIMELINE 30 1022 241723397957800 2371300
LATENCY 2291600
TIMELINE 30 1038 241723434179400 2291600
LATENCY 2227700
TIMELINE 30 1054 241723470310900 2227700
LATENCY 2184600
TIMELINE 30 1070 241723505703100 2184600
LATENCY 2164600
TIMELINE 30 1086 241723541098600 2164600
LATENCY 2134600
TIMELINE 30 1102 241723580758100 2134600
LATENCY 2837600
TIMELINE 30 1118 241723615730300 2837600
LATENCY 2644100
TIMELINE 30 1134 241723658473200 2644100
LATENCY 2602900
TIMELINE 30 1150 241723701415600 2602900
LATENCY 2924900
TIMELINE 30 1166 241723744829900 2924900
LATENCY 2973700
TIMELINE 30 1182 241723792067100 2973700
LATENCY 5101000
TIMELINE 30 1198 241723835488500 5101000
LATENCY 2988200
TIMELINE 30 1214 241723886935300 2988200
LATENCY 2897000
TIMELINE 30 1230 241723933736900 2897000
LATENCY 2901100
TIMELINE 30 1246 241723981528000 2901100
LATENCY 2979500
TIMELINE 30 1262 241724028360200 2979500
LATENCY 2883200
TIMELINE 30 1278 241724074211300 2883200
LATENCY 2995100
TIMELINE 30 1294 241724119732200 2995100
LATENCY 2937100
TIMELINE 30 1310 241724165686700 2937100
LATENCY 2890600
TIMELINE 30 1326 241724211861900 2890600
LATENCY 2695100
TIMELINE 30 1342 241724262655500 2695100
LATENCY 2767100
TIMELINE 30 1358 241724307499100 2767100
LATENCY 2918000
TIMELINE 30 1374 241724354590800 2918000
LATENCY 2795400
TIMELINE 30 1390 241724397749600 2795400
LATENCY 2828700
TIMELINE 30 1406 241724444835400 2828700
LATENCY 2613000
TIMELINE 30 1422 241724489493100 2613000
LATENCY 2878500
TIMELINE 30 1438 241724532852100 2878500
LATENCY 2906800
TIMELINE 30 1454 241724584055700 2906800
LATENCY 2758600
TIMELINE 30 1470 241724631050100 2758600
LATENCY 2760600
TIMELINE 30 1486 241724678111400 2760600
LATENCY 2666800
TIMELINE 30 1502 241724722770500 2666800
LATENCY 2914700
TIMELINE 30 1518 241724767829100 2914700
LATENCY 2980600
TIMELINE 30 1534 241724816338700 2980600
LATENCY 2959100
TIMELINE 30 1550 241724863232800 2959100
LATENCY 3305600
TIMELINE 30 1566 241724916983600 3305600
LATENCY 3472900
TIMELINE 30 1582 241724970058000 3472900
LATENCY 3074100
TIMELINE 30 1598 241725021044500 3074100
LATENCY 2623600
TIMELINE 30 1614 241725067148100 2623600
LATENCY 2827200
TIMELINE 30 1630 241725113517300 2827200
LATENCY 2731700
TIMELINE 30 1646 241725159678600 2731700
LATENCY 2772100
TIMELINE 30 1662 241725203542100 2772100
LATENCY 2886400
TIMELINE 30 1678 241725254321300 2886400
LATENCY 2858900
TIMELINE 30 1694 241725300258900 2858900
LATENCY 2832500
TIMELINE 30 1710 241725344653100 2832500
LATENCY 3072600
TIMELINE 30 1726 241725388140200 3072600
LATENCY 2842300
TIMELINE 30 1742 241725432701200 2842300
LATENCY 3130300
TIMELINE 30 1758 241725479704000 3130300
LATENCY 2862600
TIMELINE 30 1774 241725526419000 2862600
LATENCY 2891400
TIMELINE 30 1790 241725572430700 2891400
LATENCY 2605200
TIMELINE 30 1806 241725620573000 2605200
LATENCY 2749500
TIMELINE 30 1822 241725662624500 2749500
LATENCY 2778500
TIMELINE 30 1838 241725709282900 2778500
LATENCY 2904900
TIMELINE 30 1854 241725758285000 2904900
LATENCY 2869800
TIMELINE 30 1870 241725802529700 2869800
LATENCY 3125200
TIMELINE 30 1886 241725847983000 3125200
LATENCY 2891300
TIMELINE 30 1902 241725893492300 2891300
LATENCY 2755100
TIMELINE 30 1918 241725942875700 2755100
LATENCY 2522200
TIMELINE 30 1934 241725986144800 2522200
LATENCY 2600200
TIMELINE 30 1950 241726031216800 2600200
LATENCY 2589300
TIMELINE 30 1966 241726073242700 2589300
LATENCY 2651900
TIMELINE 30 1982 241726115041100 2651900
LATENCY 2594500
TIMELINE 30 1998 241726157986300 2594500
LATENCY 2566800
TIMELINE 30 2014 241726201474600 2566800
LATENCY 2588300
TIMELINE 30 2030 241726250159800 2588300
LATENCY 2979900
TIMELINE 30 2046 241726291723900 2979900
LATENCY 3136100
TIMELINE 31 15 241720809659200 3136100
LATENCY 4765300
TIMELINE 31 31 241720881027900 4765300
LATENCY 3568800
TIMELINE 31 47 241720948364900 3568800
LATENCY 3324800
TIMELINE 31 63 241721006413000 3324800
LATENCY 3640100
TIMELINE 31 79 241721061027000 3640100
LATENCY 2559100
TIMELINE 31 95 241721118501500 2559100
LATENCY 2727400
TIMELINE 31 111 241721186330800 2727400
LATENCY 2759700
TIMELINE 31 127 241721234678900 2759700
LATENCY 3935800
TIMELINE 31 143 241721287626000 3935800
LATENCY 3033800
TIMELINE 31 159 241721345395100 3033800
LATENCY 2747100
TIMELINE 31 175 241721401223400 2747100
LATENCY 2386100
TIMELINE 31 191 241721441228500 2386100
LATENCY 2244500
TIMELINE 31 207 241721478388700 2244500
LATENCY 2227300
TIMELINE 31 223 241721515250500 2227300
LATENCY 3693000
TIMELINE 31 239 241721558581700 3693000
LATENCY 2292700
TIMELINE 31 255 241721596702700 2292700
LATENCY 2345600
TIMELINE 31 271 241721633731400 2345600
LATENCY 2500900
TIMELINE 31 287 241721676093000 2500900
LATENCY 2351400
TIMELINE 31 303 241721716256900 2351400
LATENCY 2235000
TIMELINE 31 319 241721753475000 2235000
LATENCY 2273100
TIMELINE 31 335 241721791373700 2273100
LATENCY 2541400
TIMELINE 31 351 241721828828800 2541400
LATENCY 2333500
TIMELINE 31 367 241721872705100 2333500
LATENCY 2332300
TIMELINE 31 383 241721910633900 2332300
LATENCY 2254000
TIMELINE 31 399 241721947217300 2254000
LATENCY 2301700
TIMELINE 31 415 241721984150700 2301700
LATENCY 2368900
TIMELINE 31 431 241722021389400 2368900
LATENCY 2323900
TIMELINE 31 447 241722058765500 2323900
LATENCY 2291100
TIMELINE 31 463 241722095127900 2291100
LATENCY 2555000
TIMELINE 31 479 241722131652400 2555000
LATENCY 2348900
TIMELINE 31 495 241722175017400 2348900
LATENCY 2223500
TIMELINE 31 511 241722211786800 2223500
LATENCY 2185800
TIMELINE 31 527 241722248735600 2185800
LATENCY 2241900
TIMELINE 31 543 241722284966300 2241900
LATENCY 2236500
TIMELINE 31 559 241722321451000 2236500
LATENCY 2233300
TIMELINE 31 575 241722357497100 2233300
LATENCY 2189600
TIMELINE 31 591 241722393636100 2189600
LATENCY 2413200
TIMELINE 31 607 241722429656700 2413200
LATENCY 2266800
TIMELINE 31 623 241722474467200 2266800
LATENCY 2266200
TIMELINE 31 639 241722511276500 2266200
LATENCY 2299400
TIMELINE 31 655 241722546853300 2299400
LATENCY 2239300
TIMELINE 31 671 241722583376200 2239300
LATENCY 2402600
TIMELINE 31 687 241722619725400 2402600
LATENCY 2205500
TIMELINE 31 703 241722656359800 2205500
LATENCY 2253900
TIMELINE 31 719 241722693119000 2253900
LATENCY 2138800
TIMELINE 31 735 241722728492100 2138800
LATENCY 2296400
TIMELINE 31 751 241722772968500 2296400
LATENCY 2287100
TIMELINE 31 767 241722808771800 2287100
LATENCY 2302400
TIMELINE 31 783 241722845192900 2302400
LATENCY 2173500
TIMELINE 31 799 241722881750300 2173500
LATENCY 2170600
TIMELINE 31 815 241722917888400 2170600
LATENCY 2258000
TIMELINE 31 831 241722954139000 2258000
LATENCY 2187500
TIMELINE 31 847 241722989488100 2187500
LATENCY 2266900
TIMELINE 31 863 241723033218000 2266900
LATENCY 2284100
TIMELINE 31 879 241723069729700 2284100
LATENCY 2188700
TIMELINE 31 895 241723105702900 2188700
LATENCY 2218000
TIMELINE 31 911 241723141832100 2218000
LATENCY 2200400
TIMELINE 31 927 241723177664200 2200400
LATENCY 2216900
TIMELINE 31 943 241723213441500 2216900
LATENCY 2224900
TIMELINE 31 959 241723249502800 2224900
LATENCY 2291200
TIMELINE 31 975 241723286473100 2291200
LATENCY 2163000
TIMELINE 31 991 241723331075700 2163000
LATENCY 2211200
TIMELINE 31 1007 241723366414700 2211200
LATENCY 2255600
TIMELINE 31 1023 241723401739700 2255600
LATENCY 2344600
TIMELINE 31 1039 241723437973600 2344600
LATENCY 2127500
TIMELINE 31 1055 241723473876400 2127500
LATENCY 2261000
TIMELINE 31 1071 241723509232400 2261000
LATENCY 2075400
TIMELINE 31 1087 241723544507900 2075400
LATENCY 2192300
TIMELINE 31 1103 241723584295300 2192300
LATENCY 2782900
TIMELINE 31 1119 241723620317500 2782900
LATENCY 2545500
TIMELINE 31 1135 241723662807700 2545500
LATENCY 2584100
TIMELINE 31 1151 241723705677000 2584100
LATENCY 2730100
TIMELINE 31 1167 241723749643200 2730100
LATENCY 2633800
TIMELINE 31 1183 241723795155300 2633800
LATENCY 3701300
TIMELINE 31 1199 241723840996200 3701300
LATENCY 2998900
TIMELINE 31 1215 241723890056300 2998900
LATENCY 2876300
TIMELINE 31 1231 241723936753300 2876300
LATENCY 2876200
TIMELINE 31 1247 241723984555100 2876200
LATENCY 2792400
TIMELINE 31 1263 241724031435600 2792400
LATENCY 2913200
TIMELINE 31 1279 241724077178300 2913200
LATENCY 3029000
TIMELINE 31 1295 241724122850400 3029000
LATENCY 2847600
TIMELINE 31 1311 241724168750600 2847600
LATENCY 2784000
TIMELINE 31 1327 241724214966700 2784000
LATENCY 2738500
TIMELINE 31 1343 241724265491100 2738500
LATENCY 3318200
TIMELINE 31 1359 241724309863800 3318200
LATENCY 2737600
TIMELINE 31 1375 241724357135400 2737600
LATENCY 2649200
TIMELINE 31 1391 241724400128900 2649200
LATENCY 2829300
TIMELINE 31 1407 241724447249700 2829300
LATENCY 2621400
TIMELINE 31 1423 241724491690900 2621400
LATENCY 2951900
TIMELINE 31 1439 241724535259200 2951900
LATENCY 2901400
TIMELINE 31 1455 241724586489400 2901400
LATENCY 2738400
TIMELINE 31 1471 241724633409300 2738400
LATENCY 2952900
TIMELINE 31 1487 241724680396400 2952900
LATENCY 2685200
TIMELINE 31 1503 241724725028600 2685200
LATENCY 2937900
TIMELINE 31 1519 241724770253000 2937900
LATENCY 2785700
TIMELINE 31 1535 241724817375900 2785700
LATENCY 2946200
TIMELINE 31 1551 241724864104900 2946200
LATENCY 3291800
TIMELINE 31 1567 241724917731800 3291800
LATENCY 3438200
TIMELINE 31 1583 241724970847300 3438200
LATENCY 3073800
TIMELINE 31 1599 241725021681900 3073800
LATENCY 2647000
TIMELINE 31 1615 241725067707000 2647000
LATENCY 2780700
TIMELINE 31 1631 241725114170200 2780700
LATENCY 2727400
TIMELINE 31 1647 241725160250600 2727400
LATENCY 2782800
TIMELINE 31 1663 241725204149100 2782800
LATENCY 2889600
TIMELINE 31 1679 241725254921600 2889600
LATENCY 2889500
TIMELINE 31 1695 241725300828900 2889500
LATENCY 2839500
TIMELINE 31 1711 241725344492800 2839500
LATENCY 3085300
TIMELINE 31 1727 241725388181900 3085300
LATENCY 2841000
TIMELINE 31 1743 241725432743600 2841000
LATENCY 3133100
TIMELINE 31 1759 241725479748600 3133100
LATENCY 2858300
TIMELINE 31 1775 241725526379100 2858300
LATENCY 2887900
TIMELINE 31 1791 241725572391500 2887900
LATENCY 2612100
TIMELINE 31 1807 241725620533200 2612100
LATENCY 2734500
TIMELINE 31 1823 241725662592800 2734500
LATENCY 2770800
TIMELINE 31 1839 241725709244800 2770800
LATENCY 2902500
TIMELINE 31 1855 241725758246000 2902500
LATENCY 2875300
TIMELINE 31 1871 241725802487500 2875300
LATENCY 3036300
TIMELINE 31 1887 241725848296400 3036300
LATENCY 2888000
TIMELINE 31 1903 241725893779100 2888000
LATENCY 2749600
TIMELINE 31 1919 241725943107100 2749600
LATENCY 2535600
TIMELINE 31 1935 241725986352600 2535600
LATENCY 2593500
TIMELINE 31 1951 241726031258800 2593500
LATENCY 2584900
TIMELINE 31 1967 241726073282400 2584900
LATENCY 2666800
TIMELINE 31 1983 241726115071800 2666800
LATENCY 2608700
TIMELINE 31 1999 241726158018700 2608700
LATENCY 2576600
TIMELINE 31 2015 241726201402400 2576600
LATENCY 2577300
TIMELINE 31 2031 241726250055500 2577300
LATENCY 2649900
TIMELINE 31 2047 241726291625700 2649900
LATENCY 14185100
TIMELINE 32 0 241720723349500 14185100
LATENCY 3197000
TIMELINE 32 16 241720812587400 3197000
LATENCY 4308200
TIMELINE 32 32 241720885612500 4308200
LATENCY 2953900
TIMELINE 32 48 241720951893900 2953900
LATENCY 4674100
TIMELINE 32 64 241721009812000 4674100
LATENCY 3388600
TIMELINE 32 80 241721064545100 3388600
LATENCY 2536200
TIMELINE 32 96 241721121027700 2536200
LATENCY 2567600
TIMELINE 32 112 241721189211700 2567600
LATENCY 2843900
TIMELINE 32 128 241721237729100 2843900
LATENCY 3626800
TIMELINE 32 144 241721292046500 3626800
LATENCY 3023600
TIMELINE 32 160 241721348800700 3023600
LATENCY 2765900
TIMELINE 32 176 241721404278400 2765900
LATENCY 2345000
TIMELINE 32 192 241721443871600 2345000
LATENCY 2280700
TIMELINE 32 208 241721480908000 2280700
LATENCY 2255100
TIMELINE 32 224 241721517636200 2255100
LATENCY 2480900
TIMELINE 32 240 241721562454500 2480900
LATENCY 2371900
TIMELINE 32 256 241721599183400 2371900
LATENCY 2597900
TIMELINE 32 272 241721636143700 2597900
LATENCY 2435400
TIMELINE 32 288 241721678435200 2435400
LATENCY 2372000
TIMELINE 32 304 241721718456300 2372000
LATENCY 2617800
TIMELINE 32 320 241721755538400 2617800
LATENCY 2299700
TIMELINE 32 336 241721793495400 2299700
LATENCY 2438100
TIMELINE 32 352 241721831269500 2438100
LATENCY 2266800
TIMELINE 32 368 241721874994800 2266800
LATENCY 2409200
TIMELINE 32 384 241721912901800 2409200
LATENCY 2364000
TIMELINE 32 400 241721949441600 2364000
LATENCY 2274500
TIMELINE 32 416 241721986423000 2274500
LATENCY 2343600
TIMELINE 32 432 241722023728000 2343600
LATENCY 2217400
TIMELINE 32 448 241722061062400 2217400
LATENCY 2304300
TIMELINE 32 464 241722096167800 2304300
LATENCY 2568900
TIMELINE 32 480 241722132656300 2568900
LATENCY 2277800
TIMELINE 32 496 241722176058000 2277800
LATENCY 2184900
TIMELINE 32 512 241722212723000 2184900
LATENCY 2193100
TIMELINE 32 528 241722249594000 2193100
LATENCY 2210700
TIMELINE 32 544 241722285861900 2210700
LATENCY 2221300
TIMELINE 32 560 241722322401900 2221300
LATENCY 2219100
TIMELINE 32 576 241722358394600 2219100
LATENCY 2192500
TIMELINE 32 592 241722394602600 2192500
LATENCY 2353900
TIMELINE 32 608 241722430760900 2353900
LATENCY 2251100
TIMELINE 32 624 241722475450900 2251100
LATENCY 2205100
TIMELINE 32 640 241722512651400 2205100
LATENCY 2291200
TIMELINE 32 656 241722548210200 2291200
LATENCY 2259000
TIMELINE 32 672 241722584708100 2259000
LATENCY 2433600
TIMELINE 32 688 241722621108000 2433600
LATENCY 2217600
TIMELINE 32 704 241722657669800 2217600
LATENCY 2270900
TIMELINE 32 720 241722694505600 2270900
LATENCY 2258900
TIMELINE 32 736 241722729830800 2258900
LATENCY 2304700
TIMELINE 32 752 241722774287700 2304700
LATENCY 2262900
TIMELINE 32 768 241722810171100 2262900
LATENCY 2291900
TIMELINE 32 784 241722846612700 2291900
LATENCY 2253200
TIMELINE 32 800 241722883188200 2253200
LATENCY 2241600
TIMELINE 32 816 241722920853200 2241600
LATENCY 2294400
TIMELINE 32 832 241722957230100 2294400
LATENCY 2151300
TIMELINE 32 848 241722992480100 2151300
LATENCY 2195500
TIMELINE 32 864 241723036253100 2195500
LATENCY 2299200
TIMELINE 32 880 241723072831900 2299200
LATENCY 2375400
TIMELINE 32 896 241723108554000 2375400
LATENCY 2308400
TIMELINE 32 912 241723144824200 2308400
LATENCY 2184600
TIMELINE 32 928 241723180637100 2184600
LATENCY 2208700
TIMELINE 32 944 241723216439700 2208700
LATENCY 2345500
TIMELINE 32 960 241723252486300 2345500
LATENCY 2240300
TIMELINE 32 976 241723289552400 2240300
LATENCY 2111300
TIMELINE 32 992 241723334303400 2111300
LATENCY 2198600
TIMELINE 32 1008 241723369661100 2198600
LATENCY 2286800
TIMELINE 32 1024 241723405094900 2286800
LATENCY 2180500
TIMELINE 32 1040 241723441185200 2180500
LATENCY 2173300
TIMELINE 32 1056 241723476959200 2173300
LATENCY 2229900
TIMELINE 32 1072 241723512530200 2229900
LATENCY 2200800
TIMELINE 32 1088 241723547578200 2200800
LATENCY 2266200
TIMELINE 32 1104 241723587486600 2266200
LATENCY 2829400
TIMELINE 32 1120 241723624343900 2829400
LATENCY 2605600
TIMELINE 32 1136 241723666516100 2605600
LATENCY 2625700
TIMELINE 32 1152 241723709431100 2625700
LATENCY 4274200
TIMELINE 32 1168 241723755036300 4274200
LATENCY 2602200
TIMELINE 32 1184 241723801030300 2602200
LATENCY 2653700
TIMELINE 32 1200 241723848059400 2653700
LATENCY 2979700
TIMELINE 32 1216 241723896673600 2979700
LATENCY 2892600
TIMELINE 32 1232 241723943296900 2892600
LATENCY 2956700
TIMELINE 32 1248 241723991050600 2956700
LATENCY 2806100
TIMELINE 32 1264 241724037752500 2806100
LATENCY 2906000
TIMELINE 32 1280 241724083691200 2906000
LATENCY 2757000
TIMELINE 32 1296 241724129094300 2757000
LATENCY 2880900
TIMELINE 32 1312 241724175156900 2880900
LATENCY 7611000
TIMELINE 32 1328 241724221054500 7611000
LATENCY 2786600
TIMELINE 32 1344 241724271614900 2786600
LATENCY 2898700
TIMELINE 32 1360 241724317169900 2898700
LATENCY 2553900
TIMELINE 32 1376 241724363425100 2553900
LATENCY 2727000
TIMELINE 32 1392 241724406309800 2727000
LATENCY 2910200
TIMELINE 32 1408 241724454004200 2910200
LATENCY 2595200
TIMELINE 32 1424 241724497777100 2595200
LATENCY 2808100
TIMELINE 32 1440 241724541963700 2808100
LATENCY 2967000
TIMELINE 32 1456 241724593580900 2967000
LATENCY 2916700
TIMELINE 32 1472 241724640102800 2916700
LATENCY 2689200
TIMELINE 32 1488 241724687286200 2689200
LATENCY 2623600
TIMELINE 32 1504 241724731277500 2623600
LATENCY 2895400
TIMELINE 32 1520 241724777184500 2895400
LATENCY 2733400
TIMELINE 32 1536 241724826459300 2733400
LATENCY 2757000
TIMELINE 32 1552 241724873819000 2757000
LATENCY 3365300
TIMELINE 32 1568 241724928873300 3365300
LATENCY 3198400
TIMELINE 32 1584 241724982015200 3198400
LATENCY 3123200
TIMELINE 32 1600 241725032080700 3123200
LATENCY 2601700
TIMELINE 32 1616 241725076467000 2601700
LATENCY 2866900
TIMELINE 32 1632 241725123829400 2866900
LATENCY 2605700
TIMELINE 32 1648 241725169443200 2605700
LATENCY 2883300
TIMELINE 32 1664 241725213936700 2883300
LATENCY 2877900
TIMELINE 32 1680 241725264724200 2877900
LATENCY 2955200
TIMELINE 32 1696 241725310654000 2955200
LATENCY 2578900
TIMELINE 32 1712 241725355774800 2578900
LATENCY 2708200
TIMELINE 32 1728 241725400404000 2708200
LATENCY 2968400
TIMELINE 32 1744 241725445300500 2968400
LATENCY 2867500
TIMELINE 32 1760 241725492684700 2867500
LATENCY 2924800
TIMELINE 32 1776 241725538473100 2924800
LATENCY 2747100
TIMELINE 32 1792 241725589272800 2747100
LATENCY 2574100
TIMELINE 32 1808 241725631635600 2574100
LATENCY 2947300
TIMELINE 32 1824 241725676655100 2947300
LATENCY 2740100
TIMELINE 32 1840 241725721038600 2740100
LATENCY 2758400
TIMELINE 32 1856 241725770065400 2758400
LATENCY 2784400
TIMELINE 32 1872 241725814499800 2784400
LATENCY 2768200
TIMELINE 32 1888 241725858309200 2768200
LATENCY 2912300
TIMELINE 32 1904 241725904185000 2912300
LATENCY 2799200
TIMELINE 32 1920 241725952717000 2799200
LATENCY 2747400
TIMELINE 32 1936 241725995846400 2747400
LATENCY 2633400
TIMELINE 32 1952 241726043108500 2633400
LATENCY 2610300
TIMELINE 32 1968 241726084984900 2610300
LATENCY 2639600
TIMELINE 32 1984 241726126961400 2639600
LATENCY 2949200
TIMELINE 32 2000 241726170259600 2949200
LATENCY 2898000
TIMELINE 32 2016 241726213115700 2898000
LATENCY 2594400
TIMELINE 32 2032 241726261712900 2594400
LATENCY 5383000
TIMELINE 33 1 241720738034000 5383000
LATENCY 4146400
TIMELINE 33 17 241720816298200 4146400
LATENCY 3630500
TIMELINE 33 33 241720890436100 3630500
LATENCY 4035100
TIMELINE 33 49 241720955188500 4035100
LATENCY 4096800
TIMELINE 33 65 241721014950700 4096800
LATENCY 3801800
TIMELINE 33 81 241721068276200 3801800
LATENCY 2508700
TIMELINE 33 97 241721124038900 2508700
LATENCY 2597400
TIMELINE 33 113 241721193705800 2597400
LATENCY 4428800
TIMELINE 33 129 241721242871200 4428800
LATENCY 3092700
TIMELINE 33 145 241721298094000 3092700
LATENCY 2948000
TIMELINE 33 161 241721354025900 2948000
LATENCY 2442500
TIMELINE 33 177 241721409116500 2442500
LATENCY 2281800
TIMELINE 33 193 241721448134400 2281800
LATENCY 2326100
TIMELINE 33 209 241721485182700 2326100
LATENCY 2282900
TIMELINE 33 225 241721521870400 2282900
LATENCY 2315500
TIMELINE 33 241 241721566885300 2315500
LATENCY 2232600
TIMELINE 33 257 241721603577300 2232600
LATENCY 2607700
TIMELINE 33 273 241721641268400 2607700
LATENCY 3197100
TIMELINE 33 289 241721684734600 3197100
LATENCY 2275700
TIMELINE 33 305 241721724436500 2275700
LATENCY 2460700
TIMELINE 33 321 241721762171200 2460700
LATENCY 2331600
TIMELINE 33 337 241721799649800 2331600
LATENCY 2227700
TIMELINE 33 353 241721837074600 2227700
LATENCY 2311800
TIMELINE 33 369 241721880897900 2311800
LATENCY 2351900
TIMELINE 33 385 241721918550500 2351900
LATENCY 2307900
TIMELINE 33 401 241721954882500 2307900
LATENCY 2279700
TIMELINE 33 417 241721992103600 2279700
LATENCY 2311100
TIMELINE 33 433 241722029399300 2311100
LATENCY 2200700
TIMELINE 33 449 241722066393700 2200700
LATENCY 2263200
TIMELINE 33 465 241722104849300 2263200
LATENCY 2273100
TIMELINE 33 481 241722141560400 2273100
LATENCY 2198300
TIMELINE 33 497 241722184773400 2198300
LATENCY 2263600
TIMELINE 33 513 241722220889800 2263600
LATENCY 2336100
TIMELINE 33 529 241722258167100 2336100
LATENCY 2255300
TIMELINE 33 545 241722294640000 2255300
LATENCY 2234100
TIMELINE 33 561 241722330892600 2234100
LATENCY 2216000
TIMELINE 33 577 241722367206600 2216000
LATENCY 2130800
TIMELINE 33 593 241722403208300 2130800
LATENCY 2326800
TIMELINE 33 609 241722439375200 2326800
LATENCY 2225600
TIMELINE 33 625 241722484151500 2225600
LATENCY 2181300
TIMELINE 33 641 241722521015200 2181300
LATENCY 2417800
TIMELINE 33 657 241722557034900 2417800
LATENCY 2229500
TIMELINE 33 673 241722593549300 2229500
LATENCY 2250600
TIMELINE 33 689 241722629883500 2250600
LATENCY 2351400
TIMELINE 33 705 241722666134700 2351400
LATENCY 2198500
TIMELINE 33 721 241722703105700 2198500
LATENCY 2220800
TIMELINE 33 737 241722738420300 2220800
LATENCY 2239700
TIMELINE 33 753 241722782785800 2239700
LATENCY 2224200
TIMELINE 33 769 241722818450500 2224200
LATENCY 2172200
TIMELINE 33 785 241722854970800 2172200
LATENCY 2242800
TIMELINE 33 801 241722891621200 2242800
LATENCY 2202900
TIMELINE 33 817 241722928385200 2202900
LATENCY 2181600
TIMELINE 33 833 241722964763100 2181600
LATENCY 2401700
TIMELINE 33 849 241722999936800 2401700
LATENCY 2548200
TIMELINE 33 865 241723043556100 2548200
LATENCY 2178000
TIMELINE 33 881 241723080463000 2178000
LATENCY 2246100
TIMELINE 33 897 241723116522600 2246100
LATENCY 2178500
TIMELINE 33 913 241723152448500 2178500
LATENCY 2243100
TIMELINE 33 929 241723187935300 2243100
LATENCY 2221700
TIMELINE 33 945 241723223946000 2221700
LATENCY 2294300
TIMELINE 33 961 241723260363500 2294300
LATENCY 2184000
TIMELINE 33 977 241723305013100 2184000
LATENCY 2383900
TIMELINE 33 993 241723340376200 2383900
LATENCY 2200400
TIMELINE 33 1009 241723375992600 2200400
LATENCY 2190300
TIMELINE 33 1025 241723411313000 2190300
LATENCY 2200300
TIMELINE 33 1041 241723447328700 2200300
LATENCY 2186500
TIMELINE 33 1057 241723483026900 2186500
LATENCY 2256000
TIMELINE 33 1073 241723518651400 2256000
LATENCY 2152100
TIMELINE 33 1089 241723553445900 2152100
LATENCY 2207400
TIMELINE 33 1105 241723593573800 2207400
LATENCY 2591200
TIMELINE 33 1121 241723631790200 2591200
LATENCY 2629000
TIMELINE 33 1137 241723673783000 2629000
LATENCY 2603700
TIMELINE 33 1153 241723716639600 2603700
LATENCY 2609000
TIMELINE 33 1169 241723763916600 2609000
LATENCY 2629400
TIMELINE 33 1185 241723806880500 2629400
LATENCY 2701700
TIMELINE 33 1201 241723854059400 2701700
LATENCY 3121200
TIMELINE 33 1217 241723903145600 3121200
LATENCY 2894000
TIMELINE 33 1233 241723949813500 2894000
LATENCY 2951700
TIMELINE 33 1249 241723997529500 2951700
LATENCY 2800000
TIMELINE 33 1265 241724044086300 2800000
LATENCY 2889300
TIMELINE 33 1281 241724090283200 2889300
LATENCY 2810900
TIMELINE 33 1297 241724135416800 2810900
LATENCY 2922600
TIMELINE 33 1313 241724181560400 2922600
LATENCY 3071000
TIMELINE 33 1329 241724233279800 3071000
LATENCY 2739000
TIMELINE 33 1345 241724278256800 2739000
LATENCY 2966300
TIMELINE 33 1361 241724323757200 2966300
LATENCY 2640500
TIMELINE 33 1377 241724369275900 2640500
LATENCY 2734000
TIMELINE 33 1393 241724412531800 2734000
LATENCY 2753700
TIMELINE 33 1409 241724460643400 2753700
LATENCY 2566900
TIMELINE 33 1425 241724503584100 2566900
LATENCY 2987500
TIMELINE 33 1441 241724548497300 2987500
LATENCY 2940100
TIMELINE 33 1457 241724600255400 2940100
LATENCY 3244800
TIMELINE 33 1473 241724646700000 3244800
LATENCY 2799700
TIMELINE 33 1489 241724693577000 2799700
LATENCY 2753800
TIMELINE 33 1505 241724737608900 2753800
LATENCY 2962500
TIMELINE 33 1521 241724783673500 2962500
LATENCY 3492500
TIMELINE 33 1537 241724831592300 3492500
LATENCY 2997700
TIMELINE 33 1553 241724879089400 2997700
LATENCY 3326100
TIMELINE 33 1569 241724935353600 3326100
LATENCY 3276000
TIMELINE 33 1585 241724988294200 3276000
LATENCY 3082100
TIMELINE 33 1601 241725038125100 3082100
LATENCY 2637800
TIMELINE 33 1617 241725081549800 2637800
LATENCY 2938800
TIMELINE 33 1633 241725129504500 2938800
LATENCY 2599200
TIMELINE 33 1649 241725174653000 2599200
LATENCY 3006100
TIMELINE 33 1665 241725219514300 3006100
LATENCY 2922600
TIMELINE 33 1681 241725270277400 2922600
LATENCY 3017400
TIMELINE 33 1697 241725316324100 3017400
LATENCY 2676400
TIMELINE 33 1713 241725362904200 2676400
LATENCY 2754500
TIMELINE 33 1729 241725407810900 2754500
LATENCY 2924100
TIMELINE 33 1745 241725453245800 2924100
LATENCY 2874700
TIMELINE 33 1761 241725500391800 2874700
LATENCY 2868400
TIMELINE 33 1777 241725546314100 2868400
LATENCY 2632900
TIMELINE 33 1793 241725596794100 2632900
LATENCY 2654600
TIMELINE 33 1809 241725638865400 2654600
LATENCY 2726400
TIMELINE 33 1825 241725684226800 2726400
LATENCY 4818100
TIMELINE 33 1841 241725730542400 4818100
LATENCY 2781000
TIMELINE 33 1857 241725777646700 2781000
LATENCY 2819100
TIMELINE 33 1873 241725822004000 2819100
LATENCY 2669800
TIMELINE 33 1889 241725867133200 2669800
LATENCY 2699300
TIMELINE 33 1905 241725912936900 2699300
LATENCY 2722500
TIMELINE 33 1921 241725961821000 2722500
LATENCY 2712500
TIMELINE 33 1937 241726004507700 2712500
LATENCY 2555700
TIMELINE 33 1953 241726049689300 2555700
LATENCY 2588200
TIMELINE 33 1969 241726091487100 2588200
LATENCY 2797800
TIMELINE 33 1985 241726133516200 2797800
LATENCY 2696200
TIMELINE 33 2001 241726177081600 2696200
LATENCY 2866000
TIMELINE 33 2017 241726220413200 2866000
LATENCY 2570300
TIMELINE 33 2033 241726268028500 2570300
LATENCY 5802000
TIMELINE 34 2 241720743353700 5802000
LATENCY 4242800
TIMELINE 34 18 241720820222800 4242800
LATENCY 3269000
TIMELINE 34 34 241720893892200 3269000
LATENCY 4786500
TIMELINE 34 50 241720958919600 4786500
LATENCY 3959300
TIMELINE 34 66 241721018818000 3959300
LATENCY 4436000
TIMELINE 34 82 241721071873800 4436000
LATENCY 3084600
TIMELINE 34 98 241721126242900 3084600
LATENCY 2578700
TIMELINE 34 114 241721194100000 2578700
LATENCY 4330600
TIMELINE 34 130 241721243275200 4330600
LATENCY 3081800
TIMELINE 34 146 241721298383100 3081800
LATENCY 3074800
TIMELINE 34 162 241721354268500 3074800
LATENCY 2427900
TIMELINE 34 178 241721409325000 2427900
LATENCY 2286800
TIMELINE 34 194 241721448226600 2286800
LATENCY 2328900
TIMELINE 34 210 241721485246000 2328900
LATENCY 2287600
TIMELINE 34 226 241721521931700 2287600
LATENCY 2306900
TIMELINE 34 242 241721566960100 2306900
LATENCY 2231700
TIMELINE 34 258 241721603639700 2231700
LATENCY 2607600
TIMELINE 34 274 241721641366100 2607600
LATENCY 3208300
TIMELINE 34 290 241721684768200 3208300
LATENCY 2275800
TIMELINE 34 306 241721724468300 2275800
LATENCY 2462200
TIMELINE 34 322 241721762136200 2462200
LATENCY 2328400
TIMELINE 34 338 241721799616500 2328400
LATENCY 2229800
TIMELINE 34 354 241721837041000 2229800
LATENCY 2307300
TIMELINE 34 370 241721881031100 2307300
LATENCY 2354100
TIMELINE 34 386 241721918805700 2354100
LATENCY 2330200
TIMELINE 34 402 241721955169200 2330200
LATENCY 2265600
TIMELINE 34 418 241721992392300 2265600
LATENCY 2320700
TIMELINE 34 434 241722029673400 2320700
LATENCY 2209600
TIMELINE 34 450 241722066664500 2209600
LATENCY 2324700
TIMELINE 34 466 241722103596600 2324700
LATENCY 2292100
TIMELINE 34 482 241722140323900 2292100
LATENCY 2248200
TIMELINE 34 498 241722183512600 2248200
LATENCY 2155300
TIMELINE 34 514 241722219719500 2155300
LATENCY 2285000
TIMELINE 34 530 241722256886200 2285000
LATENCY 2365900
TIMELINE 34 546 241722293213500 2365900
LATENCY 2243200
TIMELINE 34 562 241722329647200 2243200
LATENCY 2360500
TIMELINE 34 578 241722365840700 2360500
LATENCY 2117400
TIMELINE 34 594 241722402042600 2117400
LATENCY 2198500
TIMELINE 34 610 241722438114900 2198500
LATENCY 2236500
TIMELINE 34 626 241722482869100 2236500
LATENCY 2184000
TIMELINE 34 642 241722518628900 2184000
LATENCY 2342300
TIMELINE 34 658 241722554542000 2342300
LATENCY 2242000
TIMELINE 34 674 241722591155400 2242000
LATENCY 2233400
TIMELINE 34 690 241722627526800 2233400
LATENCY 2199600
TIMELINE 34 706 241722663779100 2199600
LATENCY 2210600
TIMELINE 34 722 241722700774800 2210600
LATENCY 2213800
TIMELINE 34 738 241722736061300 2213800
LATENCY 2244300
TIMELINE 34 754 241722780358900 2244300
LATENCY 2214700
TIMELINE 34 770 241722816080400 2214700
LATENCY 2213200
TIMELINE 34 786 241722852610500 2213200
LATENCY 2237100
TIMELINE 34 802 241722889262500 2237100
LATENCY 2183600
TIMELINE 34 818 241722925859200 2183600
LATENCY 2196400
TIMELINE 34 834 241722962435400 2196400
LATENCY 2389900
TIMELINE 34 850 241722997368400 2389900
LATENCY 2178400
TIMELINE 34 866 241723041134700 2178400
LATENCY 2288500
TIMELINE 34 882 241723077899900 2288500
LATENCY 2324700
TIMELINE 34 898 241723114010400 2324700
LATENCY 2240300
TIMELINE 34 914 241723149966800 2240300
LATENCY 2168600
TIMELINE 34 930 241723185521000 2168600
LATENCY 2223400
TIMELINE 34 946 241723221476400 2223400
LATENCY 2333800
TIMELINE 34 962 241723257805000 2333800
LATENCY 10059700
TIMELINE 34 978 241723294758100 10059700
LATENCY 2167900
TIMELINE 34 994 241723338312600 2167900
LATENCY 2271800
TIMELINE 34 1010 241723373625600 2271800
LATENCY 2215100
TIMELINE 34 1026 241723409335300 2215100
LATENCY 2373400
TIMELINE 34 1042 241723445232000 2373400
LATENCY 2225600
TIMELINE 34 1058 241723480980400 2225600
LATENCY 2247700
TIMELINE 34 1074 241723516588100 2247700
LATENCY 2106300
TIMELINE 34 1090 241723551512100 2106300
LATENCY 2139200
TIMELINE 34 1106 241723591584500 2139200
LATENCY 2629900
TIMELINE 34 1122 241723629449600 2629900
LATENCY 2661800
TIMELINE 34 1138 241723671405100 2661800
LATENCY 2632500
TIMELINE 34 1154 241723714363000 2632500
LATENCY 2425800
TIMELINE 34 1170 241723762289800 2425800
LATENCY 2653200
TIMELINE 34 1186 241723805036600 2653200
LATENCY 2995900
TIMELINE 34 1202 241723851838700 2995900
LATENCY 2987500
TIMELINE 34 1218 241723901092300 2987500
LATENCY 2936000
TIMELINE 34 1234 241723947698500 2936000
LATENCY 2920600
TIMELINE 34 1250 241723995541700 2920600
LATENCY 2880100
TIMELINE 34 1266 241724042164300 2880100
LATENCY 2947300
TIMELINE 34 1282 241724088267100 2947300
LATENCY 2922700
TIMELINE 34 1298 241724133413100 2922700
LATENCY 2878800
TIMELINE 34 1314 241724179596000 2878800
LATENCY 3825400
TIMELINE 34 1330 241724230645100 3825400
LATENCY 2877700
TIMELINE 34 1346 241724276397400 2877700
LATENCY 2966600
TIMELINE 34 1362 241724321918500 2966600
LATENCY 2609900
TIMELINE 34 1378 241724367636300 2609900
LATENCY 2805300
TIMELINE 34 1394 241724410745200 2805300
LATENCY 2945300
TIMELINE 34 1410 241724458708200 2945300
LATENCY 2568400
TIMELINE 34 1426 241724501953200 2568400
LATENCY 3007700
TIMELINE 34 1442 241724546502900 3007700
LATENCY 2948400
TIMELINE 34 1458 241724598333400 2948400
LATENCY 3076200
TIMELINE 34 1474 241724644772200 3076200
LATENCY 2778300
TIMELINE 34 1490 241724691694700 2778300
LATENCY 2901600
TIMELINE 34 1506 241724735641200 2901600
LATENCY 2946500
TIMELINE 34 1522 241724781647100 2946500
LATENCY 2735500
TIMELINE 34 1538 241724827278500 2735500
LATENCY 2726400
TIMELINE 34 1554 241724874802100 2726400
LATENCY 3386000
TIMELINE 34 1570 241724929969200 3386000
LATENCY 3327500
TIMELINE 34 1586 241724983098700 3327500
LATENCY 3127300
TIMELINE 34 1602 241725033127000 3127300
LATENCY 2583000
TIMELINE 34 1618 241725077381500 2583000
LATENCY 2978900
TIMELINE 34 1634 241725124763400 2978900
LATENCY 2613200
TIMELINE 34 1650 241725170299500 2613200
LATENCY 2878700
TIMELINE 34 1666 241725214932600 2878700
LATENCY 2923000
TIMELINE 34 1682 241725265873800 2923000
LATENCY 2943500
TIMELINE 34 1698 241725311877500 2943500
LATENCY 2580500
TIMELINE 34 1714 241725356563100 2580500
LATENCY 2709400
TIMELINE 34 1730 241725401246800 2709400
LATENCY 2942500
TIMELINE 34 1746 241725446140200 2942500
LATENCY 2865200
TIMELINE 34 1762 241725493531300 2865200
LATENCY 2885700
TIMELINE 34 1778 241725539389300 2885700
LATENCY 2705100
TIMELINE 34 1794 241725590168700 2705100
LATENCY 2662700
TIMELINE 34 1810 241725632450000 2662700
LATENCY 2871200
TIMELINE 34 1826 241725677522800 2871200
LATENCY 2746400
TIMELINE 34 1842 241725721822100 2746400
LATENCY 2865500
TIMELINE 34 1858 241725770823100 2865500
LATENCY 2788400
TIMELINE 34 1874 241725815272200 2788400
LATENCY 2759200
TIMELINE 34 1890 241725860103100 2759200
LATENCY 2768600
TIMELINE 34 1906 241725905985400 2768600
LATENCY 2760700
TIMELINE 34 1922 241725954477200 2760700
LATENCY 2772300
TIMELINE 34 1938 241725997540400 2772300
LATENCY 2624100
TIMELINE 34 1954 241726041394500 2624100
LATENCY 2554800
TIMELINE 34 1970 241726083339400 2554800
LATENCY 2611500
TIMELINE 34 1986 241726125266100 2611500
LATENCY 2940800
TIMELINE 34 2002 241726168438700 2940800
LATENCY 2578900
TIMELINE 34 2018 241726211425700 2578900
LATENCY 2585600
TIMELINE 34 2034 241726259970800 2585600
LATENCY 5912300
TIMELINE 35 3 241720749046000 5912300
LATENCY 4312900
TIMELINE 35 19 241720824592900 4312900
LATENCY 3748600
TIMELINE 35 35 241720897378400 3748600
LATENCY 4227300
TIMELINE 35 51 241720963974200 4227300
LATENCY 3285200
TIMELINE 35 67 241721022905500 3285200
LATENCY 4389300
TIMELINE 35 83 241721076512400 4389300
LATENCY 3484700
TIMELINE 35 99 241721129515000 3484700
LATENCY 2482200
TIMELINE 35 115 241721195324000 2482200
LATENCY 3647600
TIMELINE 35 131 241721245261100 3647600
LATENCY 3160600
TIMELINE 35 147 241721299954500 3160600
LATENCY 3726100
TIMELINE 35 163 241721355539900 3726100
LATENCY 2758400
TIMELINE 35 179 241721410553200 2758400
LATENCY 2370200
TIMELINE 35 195 241721449420400 2370200
LATENCY 2268800
TIMELINE 35 211 241721486491100 2268800
LATENCY 2257600
TIMELINE 35 227 241721523127100 2257600
LATENCY 2281800
TIMELINE 35 243 241721568248000 2281800
LATENCY 2243000
TIMELINE 35 259 241721604888700 2243000
LATENCY 2456300
TIMELINE 35 275 241721642895900 2456300
LATENCY 3014600
TIMELINE 35 291 241721686070700 3014600
LATENCY 2263200
TIMELINE 35 307 241721725427200 2263200
LATENCY 2337600
TIMELINE 35 323 241721763335100 2337600
LATENCY 2369100
TIMELINE 35 339 241721800718600 2369100
LATENCY 2226000
TIMELINE 35 355 241721838046800 2226000
LATENCY 2302800
TIMELINE 35 371 241721882126600 2302800
LATENCY 2337300
TIMELINE 35 387 241721919775800 2337300
LATENCY 2398100
TIMELINE 35 403 241721956094100 2398100
LATENCY 2237100
TIMELINE 35 419 241721993391500 2237100
LATENCY 2315000
TIMELINE 35 435 241722030674800 2315000
LATENCY 2279300
TIMELINE 35 451 241722067629200 2279300
LATENCY 2269000
TIMELINE 35 467 241722104878200 2269000
LATENCY 2271200
TIMELINE 35 483 241722141531400 2271200
LATENCY 2201700
TIMELINE 35 499 241722184803600 2201700
LATENCY 2267500
TIMELINE 35 515 241722220919000 2267500
LATENCY 2331000
TIMELINE 35 531 241722258050100 2331000
LATENCY 2275300
TIMELINE 35 547 241722294556700 2275300
LATENCY 2245500
TIMELINE 35 563 241722330816200 2245500
LATENCY 2216000
TIMELINE 35 579 241722367175500 2216000
LATENCY 2127800
TIMELINE 35 595 241722403178300 2127800
LATENCY 2320800
TIMELINE 35 611 241722439347300 2320800
LATENCY 2225500
TIMELINE 35 627 241722484121100 2225500
LATENCY 2176700
TIMELINE 35 643 241722520027000 2176700
LATENCY 2428400
TIMELINE 35 659 241722556062500 2428400
LATENCY 2237600
TIMELINE 35 675 241722592583200 2237600
LATENCY 2231600
TIMELINE 35 691 241722628975500 2231600
LATENCY 2246900
TIMELINE 35 707 241722665251900 2246900
LATENCY 2212600
TIMELINE 35 723 241722702204200 2212600
LATENCY 2197500
TIMELINE 35 739 241722737575200 2197500
LATENCY 2221400
TIMELINE 35 755 241722781858600 2221400
LATENCY 2209400
TIMELINE 35 771 241722817521900 2209400
LATENCY 2169700
TIMELINE 35 787 241722854070500 2169700
LATENCY 2245200
TIMELINE 35 803 241722890739000 2245200
LATENCY 2186100
TIMELINE 35 819 241722927190700 2186100
LATENCY 2170300
TIMELINE 35 835 241722963786000 2170300
LATENCY 2456700
TIMELINE 35 851 241722998776500 2456700
LATENCY 2468400
TIMELINE 35 867 241723042501100 2468400
LATENCY 2204100
TIMELINE 35 883 241723079464800 2204100
LATENCY 2261700
TIMELINE 35 899 241723115534000 2261700
LATENCY 2194900
TIMELINE 35 915 241723151485700 2194900
LATENCY 2159900
TIMELINE 35 931 241723186964200 2159900
LATENCY 2221300
TIMELINE 35 947 241723222956900 2221300
LATENCY 2293200
TIMELINE 35 963 241723259334500 2293200
LATENCY 2229200
TIMELINE 35 979 241723303990400 2229200
LATENCY 2387900
TIMELINE 35 995 241723340403200 2387900
LATENCY 2207800
TIMELINE 35 1011 241723375806100 2207800
LATENCY 2195900
TIMELINE 35 1027 241723411371200 2195900
LATENCY 2202500
TIMELINE 35 1043 241723447357000 2202500
LATENCY 2184800
TIMELINE 35 1059 241723482995200 2184800
LATENCY 2244300
TIMELINE 35 1075 241723518621800 2244300
LATENCY 2139700
TIMELINE 35 1091 241723553389000 2139700
LATENCY 2196100
TIMELINE 35 1107 241723593338500 2196100
LATENCY 2580700
TIMELINE 35 1123 241723631475100 2580700
LATENCY 2631400
TIMELINE 35 1139 241723673450700 2631400
LATENCY 2592700
TIMELINE 35 1155 241723716324600 2592700
LATENCY 2433900
TIMELINE 35 1171 241723762448600 2433900
LATENCY 2645300
TIMELINE 35 1187 241723805221300 2645300
LATENCY 2958600
TIMELINE 35 1203 241723851979800 2958600
LATENCY 3000000
TIMELINE 35 1219 241723901142500 3000000
LATENCY 2936400
TIMELINE 35 1235 241723947800500 2936400
LATENCY 2917300
TIMELINE 35 1251 241723995491000 2917300
LATENCY 2878400
TIMELINE 35 1267 241724042113800 2878400
LATENCY 2947700
TIMELINE 35 1283 241724088214400 2947700
LATENCY 2921000
TIMELINE 35 1299 241724133363000 2921000
LATENCY 2878100
TIMELINE 35 1315 241724179547400 2878100
LATENCY 3859600
TIMELINE 35 1331 241724230557900 3859600
LATENCY 2856300
TIMELINE 35 1347 241724277404300 2856300
LATENCY 2980400
TIMELINE 35 1363 241724323054700 2980400
LATENCY 2599300
TIMELINE 35 1379 241724368675700 2599300
LATENCY 2760000
TIMELINE 35 1395 241724411881600 2760000
LATENCY 2830000
TIMELINE 35 1411 241724459934900 2830000
LATENCY 2559700
TIMELINE 35 1427 241724503046200 2559700
LATENCY 3088900
TIMELINE 35 1443 241724547761600 3088900
LATENCY 2943300
TIMELINE 35 1459 241724599598700 2943300
LATENCY 3189200
TIMELINE 35 1475 241724646041600 3189200
LATENCY 2786100
TIMELINE 35 1491 241724692957300 2786100
LATENCY 2741100
TIMELINE 35 1507 241724737020600 2741100
LATENCY 2975400
TIMELINE 35 1523 241724783015400 2975400
LATENCY 3476700
TIMELINE 35 1539 241724831517300 3476700
LATENCY 2952400
TIMELINE 35 1555 241724878986900 2952400
LATENCY 3329400
TIMELINE 35 1571 241724935219700 3329400
LATENCY 3274600
TIMELINE 35 1587 241724988206200 3274600
LATENCY 3073000
TIMELINE 35 1603 241725037910700 3073000
LATENCY 2612900
TIMELINE 35 1619 241725081381900 2612900
LATENCY 2935400
TIMELINE 35 1635 241725129422500 2935400
LATENCY 2610700
TIMELINE 35 1651 241725174498200 2610700
LATENCY 2985500
TIMELINE 35 1667 241725219355000 2985500
LATENCY 2922500
TIMELINE 35 1683 241725270075900 2922500
LATENCY 3044800
TIMELINE 35 1699 241725316093600 3044800
LATENCY 2705200
TIMELINE 35 1715 241725361337400 2705200
LATENCY 2695400
TIMELINE 35 1731 241725406242800 2695400
LATENCY 2936700
TIMELINE 35 1747 241725451492700 2936700
LATENCY 2845500
TIMELINE 35 1763 241725498734600 2845500
LATENCY 2871200
TIMELINE 35 1779 241725544637900 2871200
LATENCY 2816400
TIMELINE 35 1795 241725595089800 2816400
LATENCY 2626800
TIMELINE 35 1811 241725637347500 2626800
LATENCY 2761700
TIMELINE 35 1827 241725682634400 2761700
LATENCY 6696700
TIMELINE 35 1843 241725726828800 6696700
LATENCY 2732200
TIMELINE 35 1859 241725775951800 2732200
LATENCY 2807900
TIMELINE 35 1875 241725820236600 2807900
LATENCY 2751100
TIMELINE 35 1891 241725864348600 2751100
LATENCY 2711300
TIMELINE 35 1907 241725910191000 2711300
LATENCY 3038500
TIMELINE 35 1923 241725958728700 3038500
LATENCY 2771200
TIMELINE 35 1939 241726001775200 2771200
LATENCY 2654100
TIMELINE 35 1955 241726046490200 2654100
LATENCY 2632700
TIMELINE 35 1971 241726088320300 2632700
LATENCY 2618600
TIMELINE 35 1987 241726130366300 2618600
LATENCY 2620800
TIMELINE 35 2003 241726173979000 2620800
LATENCY 3009300
TIMELINE 35 2019 241726216845100 3009300
LATENCY 2592600
TIMELINE 35 2035 241726264978600 2592600
LATENCY 6490200
TIMELINE 36 4 241720755141400 6490200
LATENCY 4422300
TIMELINE 36 20 241720829042700 4422300
LATENCY 3717600
TIMELINE 36 36 241720901365800 3717600
LATENCY 2926300
TIMELINE 36 52 241720968362000 2926300
LATENCY 2855500
TIMELINE 36 68 241721026485900 2855500
LATENCY 4181600
TIMELINE 36 84 241721081319000 4181600
LATENCY 4901400
TIMELINE 36 100 241721133273600 4901400
LATENCY 2632300
TIMELINE 36 116 241721201049700 2632300
LATENCY 2671600
TIMELINE 36 132 241721252102800 2671600
LATENCY 2503300
TIMELINE 36 148 241721306777900 2503300
LATENCY 2456400
TIMELINE 36 164 241721363266400 2456400
LATENCY 2452900
TIMELINE 36 180 241721416626000 2452900
LATENCY 2282300
TIMELINE 36 196 241721454762400 2282300
LATENCY 2317100
TIMELINE 36 212 241721491669100 2317100
LATENCY 2265400
TIMELINE 36 228 241721528087100 2265400
LATENCY 2298700
TIMELINE 36 244 241721573245800 2298700
LATENCY 2291200
TIMELINE 36 260 241721609823500 2291200
LATENCY 2432900
TIMELINE 36 276 241721648182300 2432900
LATENCY 2370600
TIMELINE 36 292 241721692225000 2370600
LATENCY 2376700
TIMELINE 36 308 241721730711000 2376700
LATENCY 2331600
TIMELINE 36 324 241721768576700 2331600
LATENCY 2273100
TIMELINE 36 340 241721805977100 2273100
LATENCY 2250000
TIMELINE 36 356 241721843124600 2250000
LATENCY 2272700
TIMELINE 36 372 241721887344800 2272700
LATENCY 2387400
TIMELINE 36 388 241721924975500 2387400
LATENCY 2191300
TIMELINE 36 404 241721961617000 2191300
LATENCY 2250200
TIMELINE 36 420 241721998433000 2250200
LATENCY 2381200
TIMELINE 36 436 241722035973400 2381200
LATENCY 2498000
TIMELINE 36 452 241722072590000 2498000
LATENCY 2172800
TIMELINE 36 468 241722109702800 2172800
LATENCY 2200600
TIMELINE 36 484 241722146399200 2200600
LATENCY 2251100
TIMELINE 36 500 241722189553600 2251100
LATENCY 2787000
TIMELINE 36 516 241722225976300 2787000
LATENCY 2242300
TIMELINE 36 532 241722263111300 2242300
LATENCY 2199500
TIMELINE 36 548 241722299429900 2199500
LATENCY 2410300
TIMELINE 36 564 241722335693500 2410300
LATENCY 2276800
TIMELINE 36 580 241722371984600 2276800
LATENCY 2293600
TIMELINE 36 596 241722407765700 2293600
LATENCY 2266300
TIMELINE 36 612 241722444310500 2266300
LATENCY 2211100
TIMELINE 36 628 241722488954800 2211100
LATENCY 2205900
TIMELINE 36 644 241722524357500 2205900
LATENCY 2203800
TIMELINE 36 660 241722560691100 2203800
LATENCY 2278100
TIMELINE 36 676 241722597105800 2278100
LATENCY 2478900
TIMELINE 36 692 241722633450900 2478900
LATENCY 2292700
TIMELINE 36 708 241722670064000 2292700
LATENCY 2217700
TIMELINE 36 724 241722706743800 2217700
LATENCY 2156400
TIMELINE 36 740 241722742157100 2156400
LATENCY 2204800
TIMELINE 36 756 241722786516500 2204800
LATENCY 2271600
TIMELINE 36 772 241722822102800 2271600
LATENCY 2315600
TIMELINE 36 788 241722858809300 2315600
LATENCY 2232100
TIMELINE 36 804 241722895254200 2232100
LATENCY 2183200
TIMELINE 36 820 241722931366100 2183200
LATENCY 2224200
TIMELINE 36 836 241722967962500 2224200
LATENCY 2245500
TIMELINE 36 852 241723003360700 2245500
LATENCY 2279200
TIMELINE 36 868 241723047163200 2279200
LATENCY 2158500
TIMELINE 36 884 241723083630800 2158500
LATENCY 2203300
TIMELINE 36 900 241723119769900 2203300
LATENCY 2285900
TIMELINE 36 916 241723155607200 2285900
LATENCY 2282100
TIMELINE 36 932 241723191261200 2282100
LATENCY 2250600
TIMELINE 36 948 241723227169400 2250600
LATENCY 2291100
TIMELINE 36 964 241723263678600 2291100
LATENCY 2155200
TIMELINE 36 980 241723308105500 2155200
LATENCY 2217400
TIMELINE 36 996 241723344369200 2217400
LATENCY 2174300
TIMELINE 36 1012 241723379864000 2174300
LATENCY 2145000
TIMELINE 36 1028 241723415331600 2145000
LATENCY 2276500
TIMELINE 36 1044 241723451459800 2276500
LATENCY 2214300
TIMELINE 36 1060 241723487120500 2214300
LATENCY 2170100
TIMELINE 36 1076 241723522828600 2170100
LATENCY 2204600
TIMELINE 36 1092 241723557560400 2204600
LATENCY 2123200
TIMELINE 36 1108 241723597718700 2123200
LATENCY 2607500
TIMELINE 36 1124 241723636630200 2607500
LATENCY 2624000
TIMELINE 36 1140 241723678850100 2624000
LATENCY 2682000
TIMELINE 36 1156 241723721585700 2682000
LATENCY 2861300
TIMELINE 36 1172 241723768838700 2861300
LATENCY 2728000
TIMELINE 36 1188 241723812122000 2728000
LATENCY 2602800
TIMELINE 36 1204 241723859054800 2602800
LATENCY 2899000
TIMELINE 36 1220 241723908751000 2899000
LATENCY 3068300
TIMELINE 36 1236 241723955270900 3068300
LATENCY 2832700
TIMELINE 36 1252 241724002952700 2832700
LATENCY 2706400
TIMELINE 36 1268 241724049126600 2706400
LATENCY 2883600
TIMELINE 36 1284 241724095586100 2883600
LATENCY 2882500
TIMELINE 36 1300 241724140713800 2882500
LATENCY 2989300
TIMELINE 36 1316 241724186912200 2989300
LATENCY 2765700
TIMELINE 36 1332 241724238701300 2765700
LATENCY 2838600
TIMELINE 36 1348 241724282579400 2838600
LATENCY 2895200
TIMELINE 36 1364 241724328381400 2895200
LATENCY 2648600
TIMELINE 36 1380 241724373375700 2648600
LATENCY 2742500
TIMELINE 36 1396 241724416814000 2742500
LATENCY 2992300
TIMELINE 36 1412 241724464959400 2992300
LATENCY 2608300
TIMELINE 36 1428 241724507704800 2608300
LATENCY 2751100
TIMELINE 36 1444 241724553093200 2751100
LATENCY 2968200
TIMELINE 36 1460 241724604853300 2968200
LATENCY 3023500
TIMELINE 36 1476 241724651693600 3023500
LATENCY 2846400
TIMELINE 36 1492 241724697905200 2846400
LATENCY 2679700
TIMELINE 36 1508 241724741870000 2679700
LATENCY 4349700
TIMELINE 36 1524 241724788247600 4349700
LATENCY 3109300
TIMELINE 36 1540 241724837198200 3109300
LATENCY 2650800
TIMELINE 36 1556 241724884081200 2650800
LATENCY 3273600
TIMELINE 36 1572 241724940929000 3273600
LATENCY 3257400
TIMELINE 36 1588 241724993842100 3257400
LATENCY 3126000
TIMELINE 36 1604 241725043284100 3126000
LATENCY 2618600
TIMELINE 36 1620 241725085954700 2618600
LATENCY 2909600
TIMELINE 36 1636 241725134515700 2909600
LATENCY 2716800
TIMELINE 36 1652 241725179103100 2716800
LATENCY 2871700
TIMELINE 36 1668 241725224614500 2871700
LATENCY 2949600
TIMELINE 36 1684 241725275201700 2949600
LATENCY 2889900
TIMELINE 36 1700 241725321307000 2889900
LATENCY 2674100
TIMELINE 36 1716 241725364789500 2674100
LATENCY 2780700
TIMELINE 36 1732 241725409656300 2780700
LATENCY 2954900
TIMELINE 36 1748 241725455238300 2954900
LATENCY 2897400
TIMELINE 36 1764 241725502298500 2897400
LATENCY 2865800
TIMELINE 36 1780 241725548231900 2865800
LATENCY 2606800
TIMELINE 36 1796 241725598554600 2606800
LATENCY 2633300
TIMELINE 36 1812 241725640650400 2633300
LATENCY 2711700
TIMELINE 36 1828 241725686075500 2711700
LATENCY 2767300
TIMELINE 36 1844 241725734401100 2767300
LATENCY 2718900
TIMELINE 36 1860 241725779501900 2718900
LATENCY 2773000
TIMELINE 36 1876 241725823882500 2773000
LATENCY 2720500
TIMELINE 36 1892 241725868798600 2720500
LATENCY 2704300
TIMELINE 36 1908 241725914567800 2704300
LATENCY 2721600
TIMELINE 36 1924 241725963464400 2721600
LATENCY 2855300
TIMELINE 36 1940 241726006233200 2855300
LATENCY 2636200
TIMELINE 36 1956 241726052955600 2636200
LATENCY 2582200
TIMELINE 36 1972 241726094753300 2582200
LATENCY 2747900
TIMELINE 36 1988 241726137094700 2747900
LATENCY 2836500
TIMELINE 36 2004 241726180562900 2836500
LATENCY 2776300
TIMELINE 36 2020 241726224102000 2776300
LATENCY 2616300
TIMELINE 36 2036 241726271343300 2616300
LATENCY 6261000
TIMELINE 37 5 241720761895100 6261000
LATENCY 4780100
TIMELINE 37 21 241720833855000 4780100
LATENCY 4438000
TIMELINE 37 37 241720905224700 4438000
LATENCY 2839200
TIMELINE 37 53 241720971336300 2839200
LATENCY 3866600
TIMELINE 37 69 241721029382100 3866600
LATENCY 4260700
TIMELINE 37 85 241721085586100 4260700
LATENCY 4192200
TIMELINE 37 101 241721138418400 4192200
LATENCY 3381000
TIMELINE 37 117 241721202518800 3381000
LATENCY 2600300
TIMELINE 37 133 241721253691200 2600300
LATENCY 2971500
TIMELINE 37 149 241721308251400 2971500
LATENCY 2469300
TIMELINE 37 165 241721364666700 2469300
LATENCY 2486800
TIMELINE 37 181 241721417997300 2486800
LATENCY 2281700
TIMELINE 37 197 241721456056900 2281700
LATENCY 2359200
TIMELINE 37 213 241721493011400 2359200
LATENCY 2281600
TIMELINE 37 229 241721529415400 2281600
LATENCY 2354100
TIMELINE 37 245 241721574782800 2354100
LATENCY 2275900
TIMELINE 37 261 241721611272500 2275900
LATENCY 2494300
TIMELINE 37 277 241721649698300 2494300
LATENCY 2402500
TIMELINE 37 293 241721692806200 2402500
LATENCY 2362500
TIMELINE 37 309 241721731259000 2362500
LATENCY 2369200
TIMELINE 37 325 241721769171300 2369200
LATENCY 2274300
TIMELINE 37 341 241721806566600 2274300
LATENCY 2254200
TIMELINE 37 357 241721843658300 2254200
LATENCY 2281000
TIMELINE 37 373 241721887962600 2281000
LATENCY 2304000
TIMELINE 37 389 241721925650200 2304000
LATENCY 2187200
TIMELINE 37 405 241721962166500 2187200
LATENCY 2273300
TIMELINE 37 421 241721998971700 2273300
LATENCY 2386800
TIMELINE 37 437 241722036598700 2386800
LATENCY 2264400
TIMELINE 37 453 241722073353700 2264400
LATENCY 2277800
TIMELINE 37 469 241722110812800 2277800
LATENCY 2288400
TIMELINE 37 485 241722147525200 2288400
LATENCY 2399900
TIMELINE 37 501 241722190665300 2399900
LATENCY 2840000
TIMELINE 37 517 241722227340800 2840000
LATENCY 2227700
TIMELINE 37 533 241722264206600 2227700
LATENCY 2256500
TIMELINE 37 549 241722300492700 2256500
LATENCY 2437000
TIMELINE 37 565 241722336754300 2437000
LATENCY 2334500
TIMELINE 37 581 241722373080500 2334500
LATENCY 2341800
TIMELINE 37 597 241722408790400 2341800
LATENCY 2297200
TIMELINE 37 613 241722445296700 2297200
LATENCY 2199900
TIMELINE 37 629 241722490040300 2199900
LATENCY 2341400
TIMELINE 37 645 241722526507800 2341400
LATENCY 2210900
TIMELINE 37 661 241722562865600 2210900
LATENCY 2224400
TIMELINE 37 677 241722599293000 2224400
LATENCY 2503900
TIMELINE 37 693 241722635831000 2503900
LATENCY 2256400
TIMELINE 37 709 241722672181400 2256400
LATENCY 2190800
TIMELINE 37 725 241722708757000 2190800
LATENCY 9455400
TIMELINE 37 741 241722744043900 9455400
LATENCY 2177300
TIMELINE 37 757 241722788518700 2177300
LATENCY 2215200
TIMELINE 37 773 241722824253500 2215200
LATENCY 2348200
TIMELINE 37 789 241722861001100 2348200
LATENCY 2271800
TIMELINE 37 805 241722897428900 2271800
LATENCY 2416500
TIMELINE 37 821 241722933406800 2416500
LATENCY 2170300
TIMELINE 37 837 241722970032000 2170300
LATENCY 2224400
TIMELINE 37 853 241723005457000 2224400
LATENCY 2258200
TIMELINE 37 869 241723049137200 2258200
LATENCY 2184600
TIMELINE 37 885 241723085529300 2184600
LATENCY 2204600
TIMELINE 37 901 241723121709100 2204600
LATENCY 2213600
TIMELINE 37 917 241723157713100 2213600
LATENCY 2224900
TIMELINE 37 933 241723193360900 2224900
LATENCY 2215700
TIMELINE 37 949 241723229237700 2215700
LATENCY 2334700
TIMELINE 37 965 241723265783300 2334700
LATENCY 2416700
TIMELINE 37 981 241723310103500 2416700
LATENCY 2219100
TIMELINE 37 997 241723344824100 2219100
LATENCY 2170800
TIMELINE 37 1013 241723380156400 2170800
LATENCY 2143900
TIMELINE 37 1029 241723415453200 2143900
LATENCY 2305300
TIMELINE 37 1045 241723451849500 2305300
LATENCY 2204800
TIMELINE 37 1061 241723487508000 2204800
LATENCY 2304700
TIMELINE 37 1077 241723523176200 2304700
LATENCY 2178900
TIMELINE 37 1093 241723557962700 2178900
LATENCY 2101000
TIMELINE 37 1109 241723597958700 2101000
LATENCY 2602000
TIMELINE 37 1125 241723636957400 2602000
LATENCY 2620400
TIMELINE 37 1141 241723679172400 2620400
LATENCY 2703000
TIMELINE 37 1157 241723721991500 2703000
LATENCY 2837700
TIMELINE 37 1173 241723769390100 2837700
LATENCY 2695100
TIMELINE 37 1189 241723812682200 2695100
LATENCY 2586100
TIMELINE 37 1205 241723859662500 2586100
LATENCY 2874200
TIMELINE 37 1221 241723909408800 2874200
LATENCY 3135500
TIMELINE 37 1237 241723955924300 3135500
LATENCY 2849000
TIMELINE 37 1253 241724003586500 2849000
LATENCY 2725900
TIMELINE 37 1269 241724049747600 2725900
LATENCY 2880000
TIMELINE 37 1285 241724096347100 2880000
LATENCY 2876900
TIMELINE 37 1301 241724141484800 2876900
LATENCY 2965700
TIMELINE 37 1317 241724187697000 2965700
LATENCY 2750900
TIMELINE 37 1333 241724239361900 2750900
LATENCY 2814500
TIMELINE 37 1349 241724284063600 2814500
LATENCY 2943000
TIMELINE 37 1365 241724329871500 2943000
LATENCY 2707500
TIMELINE 37 1381 241724374725600 2707500
LATENCY 2777400
TIMELINE 37 1397 241724418192900 2777400
LATENCY 2826800
TIMELINE 37 1413 241724466596600 2826800
LATENCY 2676900
TIMELINE 37 1429 241724508956600 2676900
LATENCY 2720200
TIMELINE 37 1445 241724554435000 2720200
LATENCY 2939300
TIMELINE 37 1461 241724606310400 2939300
LATENCY 3013000
TIMELINE 37 1477 241724653136100 3013000
LATENCY 2875000
TIMELINE 37 1493 241724699264500 2875000
LATENCY 2729300
TIMELINE 37 1509 241724743186500 2729300
LATENCY 2764500
TIMELINE 37 1525 241724789600300 2764500
LATENCY 3098800
TIMELINE 37 1541 241724837029400 3098800
LATENCY 2634500
TIMELINE 37 1557 241724884017900 2634500
LATENCY 3265300
TIMELINE 37 1573 241724940841200 3265300
LATENCY 3242800
TIMELINE 37 1589 241724993760900 3242800
LATENCY 3123800
TIMELINE 37 1605 241725043198900 3123800
LATENCY 2610200
TIMELINE 37 1621 241725085892900 2610200
LATENCY 2910800
TIMELINE 37 1637 241725134353300 2910800
LATENCY 2747400
TIMELINE 37 1653 241725178926900 2747400
LATENCY 2868900
TIMELINE 37 1669 241725224456400 2868900
LATENCY 2949600
TIMELINE 37 1685 241725275081200 2949600
LATENCY 2883800
TIMELINE 37 1701 241725321186400 2883800
LATENCY 2655500
TIMELINE 37 1717 241725364948300 2655500
LATENCY 2783100
TIMELINE 37 1733 241725409844100 2783100
LATENCY 2952600
TIMELINE 37 1749 241725455440700 2952600
LATENCY 2897700
TIMELINE 37 1765 241725502551000 2897700
LATENCY 2865800
TIMELINE 37 1781 241725548468200 2865800
LATENCY 2619000
TIMELINE 37 1797 241725598715800 2619000
LATENCY 2626500
TIMELINE 37 1813 241725640828800 2626500
LATENCY 2708000
TIMELINE 37 1829 241725686257300 2708000
LATENCY 2762000
TIMELINE 37 1845 241725734604700 2762000
LATENCY 2693400
TIMELINE 37 1861 241725779704200 2693400
LATENCY 2776800
TIMELINE 37 1877 241725824072900 2776800
LATENCY 2742400
TIMELINE 37 1893 241725869731200 2742400
LATENCY 2712800
TIMELINE 37 1909 241725915527700 2712800
LATENCY 2646600
TIMELINE 37 1925 241725964443500 2646600
LATENCY 2893100
TIMELINE 37 1941 241726007146900 2893100
LATENCY 2607300
TIMELINE 37 1957 241726051645400 2607300
LATENCY 2569400
TIMELINE 37 1973 241726093479600 2569400
LATENCY 2887100
TIMELINE 37 1989 241726135647200 2887100
LATENCY 2704600
TIMELINE 37 2005 241726179214300 2704600
LATENCY 2792100
TIMELINE 37 2021 241726222711100 2792100
LATENCY 2576000
TIMELINE 37 2037 241726270082000 2576000
LATENCY 6164200
TIMELINE 38 6 241720768012600 6164200
LATENCY 4575600
TIMELINE 38 22 241720838358700 4575600
LATENCY 4333000
TIMELINE 38 38 241720909440500 4333000
LATENCY 2766400
TIMELINE 38 54 241720974021600 2766400
LATENCY 2838100
TIMELINE 38 70 241721033101400 2838100
LATENCY 4388300
TIMELINE 38 86 241721089607700 4388300
LATENCY 3850400
TIMELINE 38 102 241721142333500 3850400
LATENCY 3160500
TIMELINE 38 118 241721205344900 3160500
LATENCY 2976800
TIMELINE 38 134 241721255882100 2976800
LATENCY 2489800
TIMELINE 38 150 241721310879300 2489800
LATENCY 2488100
TIMELINE 38 166 241721366791700 2488100
LATENCY 2407700
TIMELINE 38 182 241721420128900 2407700
LATENCY 2376800
TIMELINE 38 198 241721458057200 2376800
LATENCY 2253100
TIMELINE 38 214 241721495063300 2253100
LATENCY 2386000
TIMELINE 38 230 241721531460900 2386000
LATENCY 2267800
TIMELINE 38 246 241721576778900 2267800
LATENCY 2269200
TIMELINE 38 262 241721613321100 2269200
LATENCY 2730200
TIMELINE 38 278 241721651915700 2730200
LATENCY 2405700
TIMELINE 38 294 241721694924300 2405700
LATENCY 2482900
TIMELINE 38 310 241721733374700 2482900
LATENCY 2347400
TIMELINE 38 326 241721771213800 2347400
LATENCY 2335100
TIMELINE 38 342 241721808505300 2335100
LATENCY 2422600
TIMELINE 38 358 241721845529000 2422600
LATENCY 2298300
TIMELINE 38 374 241721889806500 2298300
LATENCY 2309100
TIMELINE 38 390 241721927522200 2309100
LATENCY 2233600
TIMELINE 38 406 241721963961800 2233600
LATENCY 2314400
TIMELINE 38 422 241722000814000 2314400
LATENCY 2372900
TIMELINE 38 438 241722038558200 2372900
LATENCY 2215500
TIMELINE 38 454 241722075314600 2215500
LATENCY 2396900
TIMELINE 38 470 241722113464100 2396900
LATENCY 2284400
TIMELINE 38 486 241722150232500 2284400
LATENCY 2550300
TIMELINE 38 502 241722193463200 2550300
LATENCY 2248900
TIMELINE 38 518 241722230549400 2248900
LATENCY 2315800
TIMELINE 38 534 241722266842600 2315800
LATENCY 2269600
TIMELINE 38 550 241722303173400 2269600
LATENCY 2230900
TIMELINE 38 566 241722339615900 2230900
LATENCY 2258500
TIMELINE 38 582 241722375876200 2258500
LATENCY 2176400
TIMELINE 38 598 241722411599200 2176400
LATENCY 2380300
TIMELINE 38 614 241722448170000 2380300
LATENCY 2368800
TIMELINE 38 630 241722492669700 2368800
LATENCY 2224200
TIMELINE 38 646 241722529151200 2224200
LATENCY 2274700
TIMELINE 38 662 241722565379900 2274700
LATENCY 2207800
TIMELINE 38 678 241722601875800 2207800
LATENCY 2226200
TIMELINE 38 694 241722638708800 2226200
LATENCY 2241300
TIMELINE 38 710 241722674792600 2241300
LATENCY 2133900
TIMELINE 38 726 241722711324100 2133900
LATENCY 2307400
TIMELINE 38 742 241722753962200 2307400
LATENCY 2163800
TIMELINE 38 758 241722791076000 2163800
LATENCY 2395700
TIMELINE 38 774 241722826816200 2395700
LATENCY 2323900
TIMELINE 38 790 241722863756600 2323900
LATENCY 2233000
TIMELINE 38 806 241722900101400 2233000
LATENCY 2223700
TIMELINE 38 822 241722936675700 2223700
LATENCY 2139200
TIMELINE 38 838 241722972958700 2139200
LATENCY 2395000
TIMELINE 38 854 241723008491900 2395000
LATENCY 2192700
TIMELINE 38 870 241723052293400 2192700
LATENCY 2147700
TIMELINE 38 886 241723088555400 2147700
LATENCY 2254700
TIMELINE 38 902 241723124715100 2254700
LATENCY 2157400
TIMELINE 38 918 241723160636300 2157400
LATENCY 2248100
TIMELINE 38 934 241723196297700 2248100
LATENCY 2210200
TIMELINE 38 950 241723232138400 2210200
LATENCY 2431400
TIMELINE 38 966 241723268853000 2431400
LATENCY 2376500
TIMELINE 38 982 241723313299600 2376500
LATENCY 2143100
TIMELINE 38 998 241723349668800 2143100
LATENCY 2124600
TIMELINE 38 1014 241723384955400 2124600
LATENCY 2231500
TIMELINE 38 1030 241723420485000 2231500
LATENCY 2249400
TIMELINE 38 1046 241723456819900 2249400
LATENCY 2238100
TIMELINE 38 1062 241723492242500 2238100
LATENCY 2156700
TIMELINE 38 1078 241723527973700 2156700
LATENCY 7173500
TIMELINE 38 1094 241723562490900 7173500
LATENCY 2127300
TIMELINE 38 1110 241723602433800 2127300
LATENCY 2577100
TIMELINE 38 1126 241723642542800 2577100
LATENCY 2984300
TIMELINE 38 1142 241723684812300 2984300
LATENCY 2726500
TIMELINE 38 1158 241723727893900 2726500
LATENCY 2598200
TIMELINE 38 1174 241723775676800 2598200
LATENCY 2696000
TIMELINE 38 1190 241723818870800 2696000
LATENCY 2604500
TIMELINE 38 1206 241723865579600 2604500
LATENCY 2883700
TIMELINE 38 1222 241723915849700 2883700
LATENCY 3271700
TIMELINE 38 1238 241723962736300 3271700
LATENCY 2862300
TIMELINE 38 1254 241724010063400 2862300
LATENCY 2898500
TIMELINE 38 1270 241724055832600 2898500
LATENCY 2947400
TIMELINE 38 1286 241724102569800 2947400
LATENCY 2868900
TIMELINE 38 1302 241724147734500 2868900
LATENCY 2711900
TIMELINE 38 1318 241724193878900 2711900
LATENCY 2730800
TIMELINE 38 1334 241724245477800 2730800
LATENCY 2713300
TIMELINE 38 1350 241724290162700 2713300
LATENCY 2896400
TIMELINE 38 1366 241724336339100 2896400
LATENCY 2654800
TIMELINE 38 1382 241724380822800 2654800
LATENCY 2754800
TIMELINE 38 1398 241724424406200 2754800
LATENCY 2712400
TIMELINE 38 1414 241724472745200 2712400
LATENCY 2912200
TIMELINE 38 1430 241724515031400 2912200
LATENCY 2836300
TIMELINE 38 1446 241724565813900 2836300
LATENCY 2964200
TIMELINE 38 1462 241724612979000 2964200
LATENCY 2945600
TIMELINE 38 1478 241724659862000 2945600
LATENCY 2708600
TIMELINE 38 1494 241724705686000 2708600
LATENCY 2802200
TIMELINE 38 1510 241724749526600 2802200
LATENCY 2834900
TIMELINE 38 1526 241724796497000 2834900
LATENCY 2821300
TIMELINE 38 1542 241724844082300 2821300
LATENCY 3064500
TIMELINE 38 1558 241724890278300 3064500
LATENCY 3258500
TIMELINE 38 1574 241724948399100 3258500
LATENCY 3159400
TIMELINE 38 1590 241725001218400 3159400
LATENCY 2582300
TIMELINE 38 1606 241725050123400 2582300
LATENCY 4959900
TIMELINE 38 1622 241725092008700 4959900
LATENCY 2921800
TIMELINE 38 1638 241725141109400 2921800
LATENCY 2611500
TIMELINE 38 1654 241725185288800 2611500
LATENCY 2825500
TIMELINE 38 1670 241725231062000 2825500
LATENCY 2723300
TIMELINE 38 1686 241725281666100 2723300
LATENCY 2704200
TIMELINE 38 1702 241725327834500 2704200
LATENCY 2586800
TIMELINE 38 1718 241725373158900 2586800
LATENCY 2754200
TIMELINE 38 1734 241725418384200 2754200
LATENCY 2907600
TIMELINE 38 1750 241725464562300 2907600
LATENCY 2851900
TIMELINE 38 1766 241725511570800 2851900
LATENCY 2884900
TIMELINE 38 1782 241725557481900 2884900
LATENCY 2626400
TIMELINE 38 1798 241725606836100 2626400
LATENCY 2634900
TIMELINE 38 1814 241725649141700 2634900
LATENCY 2864100
TIMELINE 38 1830 241725694809600 2864100
LATENCY 2809200
TIMELINE 38 1846 241725743543700 2809200
LATENCY 2762900
TIMELINE 38 1862 241725788248900 2762900
LATENCY 2721900
TIMELINE 38 1878 241725832763500 2721900
LATENCY 2882800
TIMELINE 38 1894 241725877651900 2882800
LATENCY 2767800
TIMELINE 38 1910 241725928020600 2767800
LATENCY 2748400
TIMELINE 38 1926 241725971775200 2748400
LATENCY 2750600
TIMELINE 38 1942 241726018428300 2750600
LATENCY 2620700
TIMELINE 38 1958 241726060910200 2620700
LATENCY 2711000
TIMELINE 38 1974 241726102645900 2711000
LATENCY 2652700
TIMELINE 38 1990 241726145348400 2652700
LATENCY 2644300
TIMELINE 38 2006 241726189068500 2644300
LATENCY 2736400
TIMELINE 38 2022 241726232565400 2736400
LATENCY 2619000
TIMELINE 38 2038 241726279422400 2619000
LATENCY 6322300
TIMELINE 39 7 241720774595900 6322300
LATENCY 5234200
TIMELINE 39 23 241720843028000 5234200
LATENCY 4468600
TIMELINE 39 39 241720914005800 4468600
LATENCY 3278300
TIMELINE 39 55 241720976973000 3278300
LATENCY 2750600
TIMELINE 39 71 241721036124000 2750600
LATENCY 4242900
TIMELINE 39 87 241721094335000 4242900
LATENCY 3934000
TIMELINE 39 103 241721146584700 3934000
LATENCY 2884200
TIMELINE 39 119 241721208871700 2884200
LATENCY 3262800
TIMELINE 39 135 241721259179600 3262800
LATENCY 3265200
TIMELINE 39 151 241721313686500 3265200
LATENCY 3478100
TIMELINE 39 167 241721369765200 3478100
LATENCY 2314400
TIMELINE 39 183 241721422842000 2314400
LATENCY 2282000
TIMELINE 39 199 241721460700600 2282000
LATENCY 2309500
TIMELINE 39 215 241721497599700 2309500
LATENCY 2281500
TIMELINE 39 231 241721534067800 2281500
LATENCY 2282900
TIMELINE 39 247 241721579267900 2282900
LATENCY 2278600
TIMELINE 39 263 241721615747200 2278600
LATENCY 2913800
TIMELINE 39 279 241721654829600 2913800
LATENCY 2368600
TIMELINE 39 295 241721697658500 2368600
LATENCY 2312400
TIMELINE 39 311 241721736341100 2312400
LATENCY 2305200
TIMELINE 39 327 241721773995000 2305200
LATENCY 2404600
TIMELINE 39 343 241721811308900 2404600
LATENCY 2467800
TIMELINE 39 359 241721848509800 2467800
LATENCY 2306300
TIMELINE 39 375 241721892602400 2306300
LATENCY 2206300
TIMELINE 39 391 241721930291400 2206300
LATENCY 2223400
TIMELINE 39 407 241721966677800 2223400
LATENCY 2250800
TIMELINE 39 423 241722003644500 2250800
LATENCY 2293100
TIMELINE 39 439 241722041441500 2293100
LATENCY 2245200
TIMELINE 39 455 241722078054300 2245200
LATENCY 2311000
TIMELINE 39 471 241722116137000 2311000
LATENCY 2257200
TIMELINE 39 487 241722152907200 2257200
LATENCY 2259400
TIMELINE 39 503 241722196554800 2259400
LATENCY 2275900
TIMELINE 39 519 241722233328700 2275900
LATENCY 2248300
TIMELINE 39 535 241722269677700 2248300
LATENCY 2284000
TIMELINE 39 551 241722306010500 2284000
LATENCY 2247000
TIMELINE 39 567 241722342442700 2247000
LATENCY 2234200
TIMELINE 39 583 241722378690800 2234200
LATENCY 2395200
TIMELINE 39 599 241722414305300 2395200
LATENCY 2314800
TIMELINE 39 615 241722451141900 2314800
LATENCY 2510400
TIMELINE 39 631 241722495116000 2510400
LATENCY 2215700
TIMELINE 39 647 241722531410600 2215700
LATENCY 2306000
TIMELINE 39 663 241722567529500 2306000
LATENCY 2542500
TIMELINE 39 679 241722603934500 2542500
LATENCY 2222000
TIMELINE 39 695 241722640818400 2222000
LATENCY 2340100
TIMELINE 39 711 241722676880200 2340100
LATENCY 2245600
TIMELINE 39 727 241722713313900 2245600
LATENCY 2666400
TIMELINE 39 743 241722756025600 2666400
LATENCY 2212700
TIMELINE 39 759 241722793093400 2212700
LATENCY 2311900
TIMELINE 39 775 241722829109000 2311900
LATENCY 2311800
TIMELINE 39 791 241722865951200 2311800
LATENCY 2299700
TIMELINE 39 807 241722902183600 2299700
LATENCY 2237200
TIMELINE 39 823 241722938455700 2237200
LATENCY 2148200
TIMELINE 39 839 241722974667300 2148200
LATENCY 2309200
TIMELINE 39 855 241723010399100 2309200
LATENCY 2222000
TIMELINE 39 871 241723054030800 2222000
LATENCY 2149300
TIMELINE 39 887 241723090269600 2149300
LATENCY 2207400
TIMELINE 39 903 241723126593400 2207400
LATENCY 2194300
TIMELINE 39 919 241723162388600 2194300
LATENCY 2248600
TIMELINE 39 935 241723198128700 2248600
LATENCY 2219000
TIMELINE 39 951 241723233926600 2219000
LATENCY 2323200
TIMELINE 39 967 241723270788300 2323200
LATENCY 2287800
TIMELINE 39 983 241723315150400 2287800
LATENCY 2156700
TIMELINE 39 999 241723349805900 2156700
LATENCY 2115100
TIMELINE 39 1015 241723384844000 2115100
LATENCY 2268000
TIMELINE 39 1031 241723420245400 2268000
LATENCY 2267300
TIMELINE 39 1047 241723456586800 2267300
LATENCY 2222300
TIMELINE 39 1063 241723492034600 2222300
LATENCY 2154400
TIMELINE 39 1079 241723527852600 2154400
LATENCY 7178400
TIMELINE 39 1095 241723562393300 7178400
LATENCY 2111700
TIMELINE 39 1111 241723602295600 2111700
LATENCY 2575900
TIMELINE 39 1127 241723642326300 2575900
LATENCY 2915500
TIMELINE 39 1143 241723684602500 2915500
LATENCY 2740200
TIMELINE 39 1159 241723727614400 2740200
LATENCY 2616800
TIMELINE 39 1175 241723775132100 2616800
LATENCY 2752700
TIMELINE 39 1191 241723818318600 2752700
LATENCY 2619900
TIMELINE 39 1207 241723865076600 2619900
LATENCY 2874600
TIMELINE 39 1223 241723915324400 2874600
LATENCY 3404700
TIMELINE 39 1239 241723962148200 3404700
LATENCY 2852200
TIMELINE 39 1255 241724009663100 2852200
LATENCY 2917500
TIMELINE 39 1271 241724055402200 2917500
LATENCY 2925400
TIMELINE 39 1287 241724102114000 2925400
LATENCY 2874500
TIMELINE 39 1303 241724147283300 2874500
LATENCY 2717900
TIMELINE 39 1319 241724193427400 2717900
LATENCY 2776900
TIMELINE 39 1335 241724244951900 2776900
LATENCY 2717500
TIMELINE 39 1351 241724289673500 2717500
LATENCY 2893700
TIMELINE 39 1367 241724335793400 2893700
LATENCY 2663600
TIMELINE 39 1383 241724380249100 2663600
LATENCY 2733800
TIMELINE 39 1399 241724423801400 2733800
LATENCY 2696400
TIMELINE 39 1415 241724472180000 2696400
LATENCY 2868400
TIMELINE 39 1431 241724514459900 2868400
LATENCY 2859100
TIMELINE 39 1447 241724565249500 2859100
LATENCY 2946200
TIMELINE 39 1463 241724612425800 2946200
LATENCY 2942700
TIMELINE 39 1479 241724659304500 2942700
LATENCY 2749400
TIMELINE 39 1495 241724705095400 2749400
LATENCY 2804700
TIMELINE 39 1511 241724748953400 2804700
LATENCY 2827300
TIMELINE 39 1527 241724795280700 2827300
LATENCY 2926300
TIMELINE 39 1543 241724842820600 2926300
LATENCY 2988400
TIMELINE 39 1559 241724889199400 2988400
LATENCY 3184700
TIMELINE 39 1575 241724947251500 3184700
LATENCY 3237800
TIMELINE 39 1591 241725000103100 3237800
LATENCY 2520900
TIMELINE 39 1607 241725049156800 2520900
LATENCY 2807600
TIMELINE 39 1623 241725090920500 2807600
LATENCY 2920400
TIMELINE 39 1639 241725139953300 2920400
LATENCY 2717500
TIMELINE 39 1655 241725184200200 2717500
LATENCY 2828300
TIMELINE 39 1671 241725230030900 2828300
LATENCY 2654900
TIMELINE 39 1687 241725280714100 2654900
LATENCY 2802800
TIMELINE 39 1703 241725326779200 2802800
LATENCY 2598800
TIMELINE 39 1719 241725369753500 2598800
LATENCY 2731200
TIMELINE 39 1735 241725414833900 2731200
LATENCY 2932800
TIMELINE 39 1751 241725460788400 2932800
LATENCY 2876600
TIMELINE 39 1767 241725507859400 2876600
LATENCY 2869800
TIMELINE 39 1783 241725553773100 2869800
LATENCY 2541000
TIMELINE 39 1799 241725603558200 2541000
LATENCY 2702800
TIMELINE 39 1815 241725645692100 2702800
LATENCY 2681500
TIMELINE 39 1831 241725691313300 2681500
LATENCY 2870200
TIMELINE 39 1847 241725739969800 2870200
LATENCY 2705600
TIMELINE 39 1863 241725784894200 2705600
LATENCY 2732200
TIMELINE 39 1879 241725829351800 2732200
LATENCY 2931900
TIMELINE 39 1895 241725874595600 2931900
LATENCY 2759100
TIMELINE 39 1911 241725925070900 2759100
LATENCY 2565100
TIMELINE 39 1927 241725969016700 2565100
LATENCY 2682500
TIMELINE 39 1943 241726015235400 2682500
LATENCY 2596100
TIMELINE 39 1959 241726057848300 2596100
LATENCY 2555300
TIMELINE 39 1975 241726099629900 2555300
LATENCY 2660600
TIMELINE 39 1991 241726142201700 2660600
LATENCY 2639700
TIMELINE 39 2007 241726185911400 2639700
LATENCY 2758800
TIMELINE 39 2023 241726229299200 2758800
LATENCY 2707800
TIMELINE 39 2039 241726276217300 2707800
LATENCY 5278900
TIMELINE 40 8 241720780686400 5278900
LATENCY 4794000
TIMELINE 40 24 241720848127100 4794000
LATENCY 4470500
TIMELINE 40 40 241720918172500 4470500
LATENCY 3643900
TIMELINE 40 56 241720980032900 3643900
LATENCY 2708400
TIMELINE 40 72 241721038721800 2708400
LATENCY 3208500
TIMELINE 40 88 241721098144700 3208500
LATENCY 13396900
TIMELINE 40 104 241721149934500 13396900
LATENCY 2933500
TIMELINE 40 120 241721209228900 2933500
LATENCY 3421900
TIMELINE 40 136 241721259496700 3421900
LATENCY 3506200
TIMELINE 40 152 241721314053100 3506200
LATENCY 3791100
TIMELINE 40 168 241721370161600 3791100
LATENCY 2312500
TIMELINE 40 184 241721423202700 2312500
LATENCY 2291200
TIMELINE 40 200 241721461074500 2291200
LATENCY 2330800
TIMELINE 40 216 241721497937300 2330800
LATENCY 2301800
TIMELINE 40 232 241721534305600 2301800
LATENCY 2275500
TIMELINE 40 248 241721579513500 2275500
LATENCY 2295000
TIMELINE 40 264 241721616115400 2295000
LATENCY 3774900
TIMELINE 40 280 241721655215800 3774900
LATENCY 2351700
TIMELINE 40 296 241721698382700 2351700
LATENCY 2265800
TIMELINE 40 312 241721737035700 2265800
LATENCY 2303100
TIMELINE 40 328 241721774667500 2303100
LATENCY 2361500
TIMELINE 40 344 241721812121800 2361500
LATENCY 2404900
TIMELINE 40 360 241721849298500 2404900
LATENCY 2327100
TIMELINE 40 376 241721893307300 2327100
LATENCY 2228000
TIMELINE 40 392 241721931001200 2228000
LATENCY 2313300
TIMELINE 40 408 241721967354200 2313300
LATENCY 2313800
TIMELINE 40 424 241722004332900 2313800
LATENCY 2286800
TIMELINE 40 440 241722042118800 2286800
LATENCY 2051900
TIMELINE 40 456 241722078706100 2051900
LATENCY 2447900
TIMELINE 40 472 241722115248900 2447900
LATENCY 2246300
TIMELINE 40 488 241722152074400 2246300
LATENCY 2343100
TIMELINE 40 504 241722195542800 2343100
LATENCY 2281800
TIMELINE 40 520 241722232316800 2281800
LATENCY 2245500
TIMELINE 40 536 241722268685500 2245500
LATENCY 2293000
TIMELINE 40 552 241722304879100 2293000
LATENCY 2223500
TIMELINE 40 568 241722341369200 2223500
LATENCY 2232900
TIMELINE 40 584 241722377622200 2232900
LATENCY 2193900
TIMELINE 40 600 241722413223900 2193900
LATENCY 2316200
TIMELINE 40 616 241722450109600 2316200
LATENCY 2586700
TIMELINE 40 632 241722494573300 2586700
LATENCY 2258000
TIMELINE 40 648 241722530905000 2258000
LATENCY 2303400
TIMELINE 40 664 241722567127900 2303400
LATENCY 2464300
TIMELINE 40 680 241722603551800 2464300
LATENCY 2218700
TIMELINE 40 696 241722640401300 2218700
LATENCY 2284200
TIMELINE 40 712 241722676465700 2284200
LATENCY 2177400
TIMELINE 40 728 241722712916200 2177400
LATENCY 2577300
TIMELINE 40 744 241722755648700 2577300
LATENCY 2205800
TIMELINE 40 760 241722792665700 2205800
LATENCY 2310400
TIMELINE 40 776 241722828567600 2310400
LATENCY 2308100
TIMELINE 40 792 241722865416300 2308100
LATENCY 2277000
TIMELINE 40 808 241722901696900 2277000
LATENCY 2239100
TIMELINE 40 824 241722938574100 2239100
LATENCY 2150900
TIMELINE 40 840 241722974781800 2150900
LATENCY 2284800
TIMELINE 40 856 241723010576800 2284800
LATENCY 2204800
TIMELINE 40 872 241723054189500 2204800
LATENCY 2185500
TIMELINE 40 888 241723090529700 2185500
LATENCY 2226000
TIMELINE 40 904 241723126936400 2226000
LATENCY 2203500
TIMELINE 40 920 241723162763900 2203500
LATENCY 2243700
TIMELINE 40 936 241723198581400 2243700
LATENCY 2282600
TIMELINE 40 952 241723234384800 2282600
LATENCY 2281100
TIMELINE 40 968 241723271318500 2281100
LATENCY 2230700
TIMELINE 40 984 241723315644300 2230700
LATENCY 2215000
TIMELINE 40 1000 241723351445200 2215000
LATENCY 2140700
TIMELINE 40 1016 241723386416900 2140700
LATENCY 2413300
TIMELINE 40 1032 241723422268300 2413300
LATENCY 2235200
TIMELINE 40 1048 241723458764100 2235200
LATENCY 2226700
TIMELINE 40 1064 241723494169400 2226700
LATENCY 2114700
TIMELINE 40 1080 241723529976700 2114700
LATENCY 2243200
TIMELINE 40 1096 241723569542200 2243200
LATENCY 2109200
TIMELINE 40 1112 241723604348000 2109200
LATENCY 2724800
TIMELINE 40 1128 241723644871300 2724800
LATENCY 2869600
TIMELINE 40 1144 241723687476600 2869600
LATENCY 2738700
TIMELINE 40 1160 241723730399300 2738700
LATENCY 2632200
TIMELINE 40 1176 241723777679000 2632200
LATENCY 2554600
TIMELINE 40 1192 241723821011400 2554600
LATENCY 2604600
TIMELINE 40 1208 241723867578100 2604600
LATENCY 2904900
TIMELINE 40 1224 241723918161600 2904900
LATENCY 3021800
TIMELINE 40 1240 241723965511600 3021800
LATENCY 2931800
TIMELINE 40 1256 241724012476800 2931800
LATENCY 2847700
TIMELINE 40 1272 241724058281000 2847700
LATENCY 2774800
TIMELINE 40 1288 241724105091600 2774800
LATENCY 3003100
TIMELINE 40 1304 241724150202800 3003100
LATENCY 2810500
TIMELINE 40 1320 241724196237800 2810500
LATENCY 2773100
TIMELINE 40 1336 241724247841700 2773100
LATENCY 2762300
TIMELINE 40 1352 241724292503000 2762300
LATENCY 2985800
TIMELINE 40 1368 241724338810100 2985800
LATENCY 2784400
TIMELINE 40 1384 241724383024000 2784400
LATENCY 2783700
TIMELINE 40 1400 241724426652900 2783700
LATENCY 2773900
TIMELINE 40 1416 241724474962700 2773900
LATENCY 2731500
TIMELINE 40 1432 241724517421500 2731500
LATENCY 2832900
TIMELINE 40 1448 241724568150500 2832900
LATENCY 2932600
TIMELINE 40 1464 241724615419800 2932600
LATENCY 2928300
TIMELINE 40 1480 241724662293700 2928300
LATENCY 2666800
TIMELINE 40 1496 241724707883900 2666800
LATENCY 2780400
TIMELINE 40 1512 241724751798300 2780400
LATENCY 2838400
TIMELINE 40 1528 241724797976700 2838400
LATENCY 2697500
TIMELINE 40 1544 241724845639900 2697500
LATENCY 8034600
TIMELINE 40 1560 241724892052600 8034600
LATENCY 3385300
TIMELINE 40 1576 241724950221600 3385300
LATENCY 2957900
TIMELINE 40 1592 241725003147400 2957900
LATENCY 2651200
TIMELINE 40 1608 241725051537600 2651200
LATENCY 5277700
TIMELINE 40 1624 241725093558800 5277700
LATENCY 2981400
TIMELINE 40 1640 241725142714500 2981400
LATENCY 2584500
TIMELINE 40 1656 241725186849600 2584500
LATENCY 2838900
TIMELINE 40 1672 241725232667500 2838900
LATENCY 2846400
TIMELINE 40 1688 241725283231800 2846400
LATENCY 2179800
TIMELINE 40 1704 241725329477700 2179800
LATENCY 2610900
TIMELINE 40 1720 241725373671500 2610900
LATENCY 2752900
TIMELINE 40 1736 241725419038400 2752900
LATENCY 2912300
TIMELINE 40 1752 241725465245900 2912300
LATENCY 2848200
TIMELINE 40 1768 241725512204700 2848200
LATENCY 2895200
TIMELINE 40 1784 241725558110200 2895200
LATENCY 2615900
TIMELINE 40 1800 241725607414900 2615900
LATENCY 2614500
TIMELINE 40 1816 241725649737800 2614500
LATENCY 2928300
TIMELINE 40 1832 241725695420500 2928300
LATENCY 2767400
TIMELINE 40 1848 241725744241000 2767400
LATENCY 2789900
TIMELINE 40 1864 241725788902800 2789900
LATENCY 2738400
TIMELINE 40 1880 241725833373000 2738400
LATENCY 2888000
TIMELINE 40 1896 241725878659700 2888000
LATENCY 2779700
TIMELINE 40 1912 241725928916900 2779700
LATENCY 2642200
TIMELINE 40 1928 241725972716300 2642200
LATENCY 2794100
TIMELINE 40 1944 241726017676600 2794100
LATENCY 2610700
TIMELINE 40 1960 241726060196400 2610700
LATENCY 2681400
TIMELINE 40 1976 241726101938900 2681400
LATENCY 2640400
TIMELINE 40 1992 241726144601800 2640400
LATENCY 2672300
TIMELINE 40 2008 241726188212500 2672300
LATENCY 2784700
TIMELINE 40 2024 241726231742700 2784700
LATENCY 2650800
TIMELINE 40 2040 241726278647400 2650800
LATENCY 5103200
TIMELINE 41 9 241720786427400 5103200
LATENCY 4751300
TIMELINE 41 25 241720853600700 4751300
LATENCY 4528100
TIMELINE 41 41 241720923254100 4528100
LATENCY 2711200
TIMELINE 41 57 241720983987200 2711200
LATENCY 2768800
TIMELINE 41 73 241721041786300 2768800
LATENCY 2959500
TIMELINE 41 89 241721101802500 2959500
LATENCY 4047800
TIMELINE 41 105 241721163981600 4047800
LATENCY 3022700
TIMELINE 41 121 241721217467600 3022700
LATENCY 4092500
TIMELINE 41 137 241721268538800 4092500
LATENCY 4324400
TIMELINE 41 153 241721323516400 4324400
LATENCY 4629000
TIMELINE 41 169 241721380449700 4629000
LATENCY 2378500
TIMELINE 41 185 241721429124700 2378500
LATENCY 2299600
TIMELINE 41 201 241721466710200 2299600
LATENCY 2285200
TIMELINE 41 217 241721503761700 2285200
LATENCY 2433400
TIMELINE 41 233 241721539893600 2433400
LATENCY 2231500
TIMELINE 41 249 241721585086400 2231500
LATENCY 2391900
TIMELINE 41 265 241721621700400 2391900
LATENCY 3346400
TIMELINE 41 281 241721662941000 3346400
LATENCY 2826600
TIMELINE 41 297 241721704720100 2826600
LATENCY 2313900
TIMELINE 41 313 241721742807500 2313900
LATENCY 2374900
TIMELINE 41 329 241721780503200 2374900
LATENCY 2353400
TIMELINE 41 345 241721818020300 2353400
LATENCY 2320300
TIMELINE 41 361 241721855197100 2320300
LATENCY 2392900
TIMELINE 41 377 241721899104100 2392900
LATENCY 2202000
TIMELINE 41 393 241721936653100 2202000
LATENCY 2302200
TIMELINE 41 409 241721973386600 2302200
LATENCY 2260500
TIMELINE 41 425 241722010234100 2260500
LATENCY 2351000
TIMELINE 41 441 241722047995500 2351000
LATENCY 2282000
TIMELINE 41 457 241722085968300 2282000
LATENCY 2214900
TIMELINE 41 473 241722122688400 2214900
LATENCY 2245200
TIMELINE 41 489 241722159062500 2245200
LATENCY 2255300
TIMELINE 41 505 241722202579200 2255300
LATENCY 2237700
TIMELINE 41 521 241722239355500 2237700
LATENCY 2275100
TIMELINE 41 537 241722275870000 2275100
LATENCY 2379100
TIMELINE 41 553 241722312344400 2379100
LATENCY 2161300
TIMELINE 41 569 241722348537800 2161300
LATENCY 2337000
TIMELINE 41 585 241722384706600 2337000
LATENCY 2258300
TIMELINE 41 601 241722420683100 2258300
LATENCY 9450900
TIMELINE 41 617 241722457376000 9450900
LATENCY 2211400
TIMELINE 41 633 241722503744100 2211400
LATENCY 2186300
TIMELINE 41 649 241722539358500 2186300
LATENCY 2334900
TIMELINE 41 665 241722575945300 2334900
LATENCY 2171400
TIMELINE 41 681 241722612551900 2171400
LATENCY 2216200
TIMELINE 41 697 241722649242400 2216200
LATENCY 2291100
TIMELINE 41 713 241722685756900 2291100
LATENCY 2124000
TIMELINE 41 729 241722721616800 2124000
LATENCY 2373300
TIMELINE 41 745 241722765232000 2373300
LATENCY 2361300
TIMELINE 41 761 241722801371800 2361300
LATENCY 2286100
TIMELINE 41 777 241722837487300 2286100
LATENCY 2233200
TIMELINE 41 793 241722874465500 2233200
LATENCY 2262500
TIMELINE 41 809 241722911134900 2262500
LATENCY 2260300
TIMELINE 41 825 241722947133100 2260300
LATENCY 2210800
TIMELINE 41 841 241722982767900 2210800
LATENCY 2206700
TIMELINE 41 857 241723019046800 2206700
LATENCY 2333400
TIMELINE 41 873 241723062520900 2333400
LATENCY 2191900
TIMELINE 41 889 241723098921800 2191900
LATENCY 2223300
TIMELINE 41 905 241723135000700 2223300
LATENCY 2132600
TIMELINE 41 921 241723171017800 2132600
LATENCY 2247100
TIMELINE 41 937 241723206754900 2247100
LATENCY 2222600
TIMELINE 41 953 241723242788200 2222600
LATENCY 2277200
TIMELINE 41 969 241723279613900 2277200
LATENCY 1942000
TIMELINE 41 985 241723323632200 1942000
LATENCY 2226700
TIMELINE 41 1001 241723359050400 2226700
LATENCY 2337000
TIMELINE 41 1017 241723393953000 2337000
LATENCY 2367400
TIMELINE 41 1033 241723430096100 2367400
LATENCY 2219400
TIMELINE 41 1049 241723466291700 2219400
LATENCY 2227900
TIMELINE 41 1065 241723501793900 2227900
LATENCY 2150200
TIMELINE 41 1081 241723537303800 2150200
LATENCY 2218200
TIMELINE 41 1097 241723576988800 2218200
LATENCY 2140600
TIMELINE 41 1113 241723611527300 2140600
LATENCY 2630700
TIMELINE 41 1129 241723653819700 2630700
LATENCY 2643900
TIMELINE 41 1145 241723696677900 2643900
LATENCY 2819300
TIMELINE 41 1161 241723739830800 2819300
LATENCY 2721700
TIMELINE 41 1177 241723787896900 2721700
LATENCY 2709600
TIMELINE 41 1193 241723831400500 2709600
LATENCY 7687600
TIMELINE 41 1209 241723877702200 7687600
LATENCY 2933700
TIMELINE 41 1225 241723929276500 2933700
LATENCY 3103000
TIMELINE 41 1241 241723976962200 3103000
LATENCY 3064600
TIMELINE 41 1257 241724023742000 3064600
LATENCY 2946100
TIMELINE 41 1273 241724069695300 2946100
LATENCY 2759600
TIMELINE 41 1289 241724115513700 2759600
LATENCY 2856200
TIMELINE 41 1305 241724161337300 2856200
LATENCY 2927600
TIMELINE 41 1321 241724207440600 2927600
LATENCY 2739400
TIMELINE 41 1337 241724258404800 2739400
LATENCY 2748500
TIMELINE 41 1353 241724303193800 2748500
LATENCY 2949200
TIMELINE 41 1369 241724350002800 2949200
LATENCY 2709300
TIMELINE 41 1385 241724393542400 2709300
LATENCY 4757100
TIMELINE 41 1401 241724438530400 4757100
LATENCY 2572500
TIMELINE 41 1417 241724485416200 2572500
LATENCY 3137700
TIMELINE 41 1433 241724528125500 3137700
LATENCY 3185900
TIMELINE 41 1449 241724579165500 3185900
LATENCY 2813800
TIMELINE 41 1465 241724626592600 2813800
LATENCY 2879900
TIMELINE 41 1481 241724673661400 2879900
LATENCY 2768500
TIMELINE 41 1497 241724718411900 2768500
LATENCY 2985700
TIMELINE 41 1513 241724763179600 2985700
LATENCY 3635100
TIMELINE 41 1529 241724810367500 3635100
LATENCY 3308400
TIMELINE 41 1545 241724858511800 3308400
LATENCY 3426000
TIMELINE 41 1561 241724911858700 3426000
LATENCY 3299600
TIMELINE 41 1577 241724965079600 3299600
LATENCY 3065200
TIMELINE 41 1593 241725016495500 3065200
LATENCY 2664900
TIMELINE 41 1609 241725063185600 2664900
LATENCY 3008700
TIMELINE 41 1625 241725108846000 3008700
LATENCY 2708600
TIMELINE 41 1641 241725155634800 2708600
LATENCY 2965900
TIMELINE 41 1657 241725199166900 2965900
LATENCY 7547600
TIMELINE 41 1673 241725245371200 7547600
LATENCY 2915700
TIMELINE 41 1689 241725295984600 2915700
LATENCY 2828600
TIMELINE 41 1705 241725343820800 2828600
LATENCY 3102700
TIMELINE 41 1721 241725387431500 3102700
LATENCY 2808000
TIMELINE 41 1737 241725432121100 2808000
LATENCY 3053600
TIMELINE 41 1753 241725479054700 3053600
LATENCY 2859400
TIMELINE 41 1769 241725525737500 2859400
LATENCY 2893000
TIMELINE 41 1785 241725571751900 2893000
LATENCY 2596600
TIMELINE 41 1801 241725619963900 2596600
LATENCY 2756800
TIMELINE 41 1817 241725662013700 2756800
LATENCY 2753200
TIMELINE 41 1833 241725708647600 2753200
LATENCY 2900000
TIMELINE 41 1849 241725757579500 2900000
LATENCY 2876100
TIMELINE 41 1865 241725801768500 2876100
LATENCY 3019500
TIMELINE 41 1881 241725848412400 3019500
LATENCY 2893600
TIMELINE 41 1897 241725893818400 2893600
LATENCY 2756000
TIMELINE 41 1913 241725943144800 2756000
LATENCY 2547400
TIMELINE 41 1929 241725986384800 2547400
LATENCY 2597500
TIMELINE 41 1945 241726031077100 2597500
LATENCY 2596000
TIMELINE 41 1961 241726073059500 2596000
LATENCY 2674500
TIMELINE 41 1977 241726114846800 2674500
LATENCY 2611600
TIMELINE 41 1993 241726157794700 2611600
LATENCY 2573600
TIMELINE 41 2009 241726201186300 2573600
LATENCY 2595500
TIMELINE 41 2025 241726249871500 2595500
LATENCY 2656300
TIMELINE 41 2041 241726291444300 2656300
LATENCY 5412400
TIMELINE 42 10 241720791394400 5412400
LATENCY 5097900
TIMELINE 42 26 241720858224200 5097900
LATENCY 4697900
TIMELINE 42 42 241720927725200 4697900
LATENCY 3806200
TIMELINE 42 58 241720986781500 3806200
LATENCY 3125000
TIMELINE 42 74 241721044669500 3125000
LATENCY 2812700
TIMELINE 42 90 241721104937000 2812700
LATENCY 5660100
TIMELINE 42 106 241721168218200 5660100
LATENCY 2948700
TIMELINE 42 122 241721220155300 2948700
LATENCY 3748900
TIMELINE 42 138 241721272225500 3748900
LATENCY 4077600
TIMELINE 42 154 241721327438500 4077600
LATENCY 4436300
TIMELINE 42 170 241721384766500 4436300
LATENCY 2323700
TIMELINE 42 186 241721431473800 2323700
LATENCY 2206100
TIMELINE 42 202 241721468981900 2206100
LATENCY 2246900
TIMELINE 42 218 241721505985300 2246900
LATENCY 9116000
TIMELINE 42 234 241721542267600 9116000
LATENCY 2233800
TIMELINE 42 250 241721587230800 2233800
LATENCY 2347800
TIMELINE 42 266 241721624023400 2347800
LATENCY 2835200
TIMELINE 42 282 241721665852200 2835200
LATENCY 2372800
TIMELINE 42 298 241721707124100 2372800
LATENCY 2244300
TIMELINE 42 314 241721744682600 2244300
LATENCY 2330400
TIMELINE 42 330 241721782431100 2330400
LATENCY 2302800
TIMELINE 42 346 241721819970700 2302800
LATENCY 2224300
TIMELINE 42 362 241721857151900 2224300
LATENCY 2500100
TIMELINE 42 378 241721901087100 2500100
LATENCY 2266600
TIMELINE 42 394 241721938495800 2266600
LATENCY 2245800
TIMELINE 42 410 241721975355700 2245800
LATENCY 2316600
TIMELINE 42 426 241722012099300 2316600
LATENCY 2360500
TIMELINE 42 442 241722049910100 2360500
LATENCY 2323100
TIMELINE 42 458 241722086899200 2323100
LATENCY 2191100
TIMELINE 42 474 241722123641600 2191100
LATENCY 2287600
TIMELINE 42 490 241722160028700 2287600
LATENCY 2239300
TIMELINE 42 506 241722203592900 2239300
LATENCY 2262500
TIMELINE 42 522 241722240378700 2262500
LATENCY 2240100
TIMELINE 42 538 241722276641300 2240100
LATENCY 2364000
TIMELINE 42 554 241722313074500 2364000
LATENCY 2171700
TIMELINE 42 570 241722349203900 2171700
LATENCY 2287400
TIMELINE 42 586 241722385483700 2287400
LATENCY 2252800
TIMELINE 42 602 241722421436000 2252800
LATENCY 9538800
TIMELINE 42 618 241722458116600 9538800
LATENCY 2213100
TIMELINE 42 634 241722503258300 2213100
LATENCY 2209600
TIMELINE 42 650 241722538912400 2209600
LATENCY 2359900
TIMELINE 42 666 241722575363100 2359900
LATENCY 2175900
TIMELINE 42 682 241722612014100 2175900
LATENCY 2219400
TIMELINE 42 698 241722648488400 2219400
LATENCY 2317700
TIMELINE 42 714 241722685011700 2317700
LATENCY 2120800
TIMELINE 42 730 241722720970700 2120800
LATENCY 2341300
TIMELINE 42 746 241722764582100 2341300
LATENCY 2343800
TIMELINE 42 762 241722800711500 2343800
LATENCY 2257900
TIMELINE 42 778 241722836817000 2257900
LATENCY 2270300
TIMELINE 42 794 241722873846800 2270300
LATENCY 2254000
TIMELINE 42 810 241722911079100 2254000
LATENCY 2256800
TIMELINE 42 826 241722947072600 2256800
LATENCY 2200800
TIMELINE 42 842 241722982709500 2200800
LATENCY 2203200
TIMELINE 42 858 241723018958600 2203200
LATENCY 2351700
TIMELINE 42 874 241723062462700 2351700
LATENCY 2192100
TIMELINE 42 890 241723098891000 2192100
LATENCY 2222800
TIMELINE 42 906 241723134941700 2222800
LATENCY 2144800
TIMELINE 42 922 241723170793000 2144800
LATENCY 2249000
TIMELINE 42 938 241723206573900 2249000
LATENCY 2227700
TIMELINE 42 954 241723242602700 2227700
LATENCY 2280000
TIMELINE 42 970 241723279460500 2280000
LATENCY 1974800
TIMELINE 42 986 241723323519200 1974800
LATENCY 2204800
TIMELINE 42 1002 241723358495500 2204800
LATENCY 2213500
TIMELINE 42 1018 241723393407500 2213500
LATENCY 2343300
TIMELINE 42 1034 241723429785600 2343300
LATENCY 2214500
TIMELINE 42 1050 241723465985000 2214500
LATENCY 2186600
TIMELINE 42 1066 241723501413800 2186600
LATENCY 2149000
TIMELINE 42 1082 241723536933000 2149000
LATENCY 2201000
TIMELINE 42 1098 241723576599500 2201000
LATENCY 2139300
TIMELINE 42 1114 241723611143500 2139300
LATENCY 2613100
TIMELINE 42 1130 241723653402700 2613100
LATENCY 2653700
TIMELINE 42 1146 241723696238900 2653700
LATENCY 2882000
TIMELINE 42 1162 241723739325200 2882000
LATENCY 2696600
TIMELINE 42 1178 241723787351400 2696600
LATENCY 2710500
TIMELINE 42 1194 241723830844100 2710500
LATENCY 7603600
TIMELINE 42 1210 241723877160700 7603600
LATENCY 2922300
TIMELINE 42 1226 241723928687500 2922300
LATENCY 3069200
TIMELINE 42 1242 241723976275400 3069200
LATENCY 3021100
TIMELINE 42 1258 241724023111800 3021100
LATENCY 2941600
TIMELINE 42 1274 241724069019600 2941600
LATENCY 2743700
TIMELINE 42 1290 241724114922100 2743700
LATENCY 2836000
TIMELINE 42 1306 241724160720700 2836000
LATENCY 2922800
TIMELINE 42 1322 241724206793700 2922800
LATENCY 2745600
TIMELINE 42 1338 241724257795900 2745600
LATENCY 2700000
TIMELINE 42 1354 241724302213500 2700000
LATENCY 2911900
TIMELINE 42 1370 241724348942500 2911900
LATENCY 2680400
TIMELINE 42 1386 241724392568600 2680400
LATENCY 5980900
TIMELINE 42 1402 241724436275200 5980900
LATENCY 2572500
TIMELINE 42 1418 241724484525800 2572500
LATENCY 3097800
TIMELINE 42 1434 241724527069700 3097800
LATENCY 3050000
TIMELINE 42 1450 241724578155900 3050000
LATENCY 2742800
TIMELINE 42 1466 241724625654300 2742800
LATENCY 2759500
TIMELINE 42 1482 241724672747800 2759500
LATENCY 2801800
TIMELINE 42 1498 241724717440800 2801800
LATENCY 3003600
TIMELINE 42 1514 241724762068500 3003600
LATENCY 2799300
TIMELINE 42 1530 241724808900300 2799300
LATENCY 3093000
TIMELINE 42 1546 241724856894700 3093000
LATENCY 3483700
TIMELINE 42 1562 241724910017800 3483700
LATENCY 3356100
TIMELINE 42 1578 241724963257100 3356100
LATENCY 2984700
TIMELINE 42 1594 241725014913100 2984700
LATENCY 2560800
TIMELINE 42 1610 241725061810700 2560800
LATENCY 2872500
TIMELINE 42 1626 241725107279900 2872500
LATENCY 2663600
TIMELINE 42 1642 241725154193200 2663600
LATENCY 2924200
TIMELINE 42 1658 241725197586900 2924200
LATENCY 7384300
TIMELINE 42 1674 241725243851800 7384300
LATENCY 2888400
TIMELINE 42 1690 241725294383700 2888400
LATENCY 2774400
TIMELINE 42 1706 241725339741700 2774400
LATENCY 3081800
TIMELINE 42 1722 241725382939700 3081800
LATENCY 2717000
TIMELINE 42 1738 241725428127500 2717000
LATENCY 2925600
TIMELINE 42 1754 241725474741300 2925600
LATENCY 2892800
TIMELINE 42 1770 241725521504500 2892800
LATENCY 2912100
TIMELINE 42 1786 241725567492900 2912100
LATENCY 2618200
TIMELINE 42 1802 241725616091300 2618200
LATENCY 2574300
TIMELINE 42 1818 241725658207800 2574300
LATENCY 2728700
TIMELINE 42 1834 241725704580700 2728700
LATENCY 3008200
TIMELINE 42 1850 241725753115700 3008200
LATENCY 2732500
TIMELINE 42 1866 241725797787800 2732500
LATENCY 2673000
TIMELINE 42 1882 241725842230000 2673000
LATENCY 2925800
TIMELINE 42 1898 241725886608900 2925800
LATENCY 2588700
TIMELINE 42 1914 241725936535300 2588700
LATENCY 2579600
TIMELINE 42 1930 241725979982200 2579600
LATENCY 2770000
TIMELINE 42 1946 241726025488000 2770000
LATENCY 2569100
TIMELINE 42 1962 241726067648300 2569100
LATENCY 2604800
TIMELINE 42 1978 241726109475300 2604800
LATENCY 2681800
TIMELINE 42 1994 241726152329600 2681800
LATENCY 2600400
TIMELINE 42 2010 241726195826300 2600400
LATENCY 2872100
TIMELINE 42 2026 241726244312600 2872100
LATENCY 2571000
TIMELINE 42 2042 241726286133000 2571000
LATENCY 4177300
TIMELINE 43 11 241720796693200 4177300
LATENCY 4690400
TIMELINE 43 27 241720863246000 4690400
LATENCY 4956300
TIMELINE 43 43 241720932190800 4956300
LATENCY 4844300
TIMELINE 43 59 241720990261400 4844300
LATENCY 4020000
TIMELINE 43 75 241721047635400 4020000
LATENCY 2886500
TIMELINE 43 91 241721107563200 2886500
LATENCY 3771300
TIMELINE 43 107 241721171268600 3771300
LATENCY 3044400
TIMELINE 43 123 241721220953900 3044400
LATENCY 4011700
TIMELINE 43 139 241721273174900 4011700
LATENCY 4535300
TIMELINE 43 155 241721328545000 4535300
LATENCY 4532300
TIMELINE 43 171 241721385906300 4532300
LATENCY 2318100
TIMELINE 43 187 241721432042700 2318100
LATENCY 2225900
TIMELINE 43 203 241721469524300 2225900
LATENCY 2285500
TIMELINE 43 219 241721506633000 2285500
LATENCY 9145600
TIMELINE 43 235 241721542970500 9145600
LATENCY 2278800
TIMELINE 43 251 241721587957800 2278800
LATENCY 2251100
TIMELINE 43 267 241721624866600 2251100
LATENCY 3133500
TIMELINE 43 283 241721664907500 3133500
LATENCY 2424500
TIMELINE 43 299 241721706427900 2424500
LATENCY 2260000
TIMELINE 43 315 241721744034500 2260000
LATENCY 2366300
TIMELINE 43 331 241721781872300 2366300
LATENCY 2264800
TIMELINE 43 347 241721819451600 2264800
LATENCY 2269400
TIMELINE 43 363 241721856566200 2269400
LATENCY 2504100
TIMELINE 43 379 241721900647500 2504100
LATENCY 2262700
TIMELINE 43 395 241721938111700 2262700
LATENCY 2242700
TIMELINE 43 411 241721975000400 2242700
LATENCY 2307700
TIMELINE 43 427 241722011762100 2307700
LATENCY 2391200
TIMELINE 43 443 241722049552000 2391200
LATENCY 2374400
TIMELINE 43 459 241722085214400 2374400
LATENCY 2225200
TIMELINE 43 475 241722122011500 2225200
LATENCY 2228200
TIMELINE 43 491 241722158427600 2228200
LATENCY 2256600
TIMELINE 43 507 241722202008100 2256600
LATENCY 2250200
TIMELINE 43 523 241722238795900 2250200
LATENCY 2261700
TIMELINE 43 539 241722275203600 2261700
LATENCY 2328900
TIMELINE 43 555 241722311592100 2328900
LATENCY 2207900
TIMELINE 43 571 241722347759600 2207900
LATENCY 2358200
TIMELINE 43 587 241722384208300 2358200
LATENCY 2263400
TIMELINE 43 603 241722420202500 2263400
LATENCY 2257100
TIMELINE 43 619 241722456820500 2257100
LATENCY 2289000
TIMELINE 43 635 241722501619700 2289000
LATENCY 2197800
TIMELINE 43 651 241722537366700 2197800
LATENCY 2331500
TIMELINE 43 667 241722573657300 2331500
LATENCY 2169800
TIMELINE 43 683 241722610437800 2169800
LATENCY 2237700
TIMELINE 43 699 241722646913800 2237700
LATENCY 2412000
TIMELINE 43 715 241722683248400 2412000
LATENCY 2139400
TIMELINE 43 731 241722719417900 2139400
LATENCY 2217500
TIMELINE 43 747 241722762982300 2217500
LATENCY 2320100
TIMELINE 43 763 241722799080400 2320100
LATENCY 2233900
TIMELINE 43 779 241722835311200 2233900
LATENCY 2321500
TIMELINE 43 795 241722872256400 2321500
LATENCY 2246900
TIMELINE 43 811 241722909524400 2246900
LATENCY 2411500
TIMELINE 43 827 241722945375000 2411500
LATENCY 2176400
TIMELINE 43 843 241722981217000 2176400
LATENCY 2214400
TIMELINE 43 859 241723017454000 2214400
LATENCY 2263600
TIMELINE 43 875 241723060938400 2263600
LATENCY 2202800
TIMELINE 43 891 241723097478200 2202800
LATENCY 2220400
TIMELINE 43 907 241723133496900 2220400
LATENCY 2209300
TIMELINE 43 923 241723169335400 2209300
LATENCY 2298900
TIMELINE 43 939 241723205078500 2298900
LATENCY 2234600
TIMELINE 43 955 241723241227300 2234600
LATENCY 2275500
TIMELINE 43 971 241723278098700 2275500
LATENCY 2191600
TIMELINE 43 987 241723322197100 2191600
LATENCY 2231800
TIMELINE 43 1003 241723359162800 2231800
LATENCY 2359000
TIMELINE 43 1019 241723394044400 2359000
LATENCY 2377200
TIMELINE 43 1035 241723430233000 2377200
LATENCY 2216700
TIMELINE 43 1051 241723466425700 2216700
LATENCY 2229700
TIMELINE 43 1067 241723501859800 2229700
LATENCY 2150300
TIMELINE 43 1083 241723537364400 2150300
LATENCY 2218100
TIMELINE 43 1099 241723577050900 2218100
LATENCY 2146000
TIMELINE 43 1115 241723611594400 2146000
LATENCY 2682200
TIMELINE 43 1131 241723653867400 2682200
LATENCY 2652000
TIMELINE 43 1147 241723696725300 2652000
LATENCY 2820700
TIMELINE 43 1163 241723739929500 2820700
LATENCY 2689600
TIMELINE 43 1179 241723786990500 2689600
LATENCY 2697800
TIMELINE 43 1195 241723830477000 2697800
LATENCY 7543500
TIMELINE 43 1211 241723876866600 7543500
LATENCY 2940200
TIMELINE 43 1227 241723928369800 2940200
LATENCY 3070300
TIMELINE 43 1243 241723976033400 3070300
LATENCY 2998900
TIMELINE 43 1259 241724022832200 2998900
LATENCY 2930800
TIMELINE 43 1275 241724068743300 2930800
LATENCY 2727100
TIMELINE 43 1291 241724114673900 2727100
LATENCY 2828200
TIMELINE 43 1307 241724160450300 2828200
LATENCY 2932900
TIMELINE 43 1323 241724206500200 2932900
LATENCY 2737600
TIMELINE 43 1339 241724257539000 2737600
LATENCY 2706200
TIMELINE 43 1355 241724301951000 2706200
LATENCY 2907100
TIMELINE 43 1371 241724348661200 2907100
LATENCY 2679700
TIMELINE 43 1387 241724392316500 2679700
LATENCY 5936100
TIMELINE 43 1403 241724436023000 5936100
LATENCY 2562100
TIMELINE 43 1419 241724484255100 2562100
LATENCY 3059300
TIMELINE 43 1435 241724526803100 3059300
LATENCY 3028600
TIMELINE 43 1451 241724577875300 3028600
LATENCY 2715700
TIMELINE 43 1467 241724625397400 2715700
LATENCY 2758300
TIMELINE 43 1483 241724672505600 2758300
LATENCY 2795800
TIMELINE 43 1499 241724717218300 2795800
LATENCY 2997700
TIMELINE 43 1515 241724761826900 2997700
LATENCY 2738400
TIMELINE 43 1531 241724808405500 2738400
LATENCY 3049100
TIMELINE 43 1547 241724856333500 3049100
LATENCY 3434400
TIMELINE 43 1563 241724909261400 3434400
LATENCY 3412700
TIMELINE 43 1579 241724962386400 3412700
LATENCY 2951800
TIMELINE 43 1595 241725014166700 2951800
LATENCY 2580100
TIMELINE 43 1611 241725061125800 2580100
LATENCY 2876300
TIMELINE 43 1627 241725106569500 2876300
LATENCY 2680900
TIMELINE 43 1643 241725153474000 2680900
LATENCY 2884600
TIMELINE 43 1659 241725196767200 2884600
LATENCY 2827400
TIMELINE 43 1675 241725243218400 2827400
LATENCY 2877900
TIMELINE 43 1691 241725293788900 2877900
LATENCY 2822000
TIMELINE 43 1707 241725341740200 2822000
LATENCY 3112000
TIMELINE 43 1723 241725385110700 3112000
LATENCY 2708000
TIMELINE 43 1739 241725430071500 2708000
LATENCY 2932700
TIMELINE 43 1755 241725476862500 2932700
LATENCY 2866300
TIMELINE 43 1771 241725523594700 2866300
LATENCY 2871300
TIMELINE 43 1787 241725569597100 2871300
LATENCY 2647700
TIMELINE 43 1803 241725617957200 2647700
LATENCY 2618800
TIMELINE 43 1819 241725660046200 2618800
LATENCY 2726900
TIMELINE 43 1835 241725706587400 2726900
LATENCY 2994000
TIMELINE 43 1851 241725755327700 2994000
LATENCY 2747500
TIMELINE 43 1867 241725799829000 2747500
LATENCY 2399900
TIMELINE 43 1883 241725844304600 2399900
LATENCY 2905700
TIMELINE 43 1899 241725889377600 2905700
LATENCY 2718100
TIMELINE 43 1915 241725938936800 2718100
LATENCY 2616500
TIMELINE 43 1931 241725982383900 2616500
LATENCY 2605300
TIMELINE 43 1947 241726029762300 2605300
LATENCY 2612900
TIMELINE 43 1963 241726071769100 2612900
LATENCY 2686300
TIMELINE 43 1979 241726113527400 2686300
LATENCY 2642600
TIMELINE 43 1995 241726156488500 2642600
LATENCY 2616400
TIMELINE 43 2011 241726199880500 2616400
LATENCY 2585900
TIMELINE 43 2027 241726248603800 2585900
LATENCY 2618000
TIMELINE 43 2043 241726290153500 2618000
LATENCY 3368900
TIMELINE 44 12 241720800664700 3368900
LATENCY 5037600
TIMELINE 44 28 241720867585300 5037600
LATENCY 4605300
TIMELINE 44 44 241720937026100 4605300
LATENCY 4449500
TIMELINE 44 60 241720994801900 4449500
LATENCY 3547500
TIMELINE 44 76 241721051365300 3547500
LATENCY 3224600
TIMELINE 44 92 241721110260100 3224600
LATENCY 3848200
TIMELINE 44 108 241721175806700 3848200
LATENCY 4324600
TIMELINE 44 124 241721225079600 4324600
LATENCY 3380200
TIMELINE 44 140 241721278256400 3380200
LATENCY 5438000
TIMELINE 44 156 241721334539000 5438000
LATENCY 4353600
TIMELINE 44 172 241721391865100 4353600
LATENCY 2370200
TIMELINE 44 188 241721435031300 2370200
LATENCY 2373100
TIMELINE 44 204 241721472418500 2373100
LATENCY 2262100
TIMELINE 44 220 241721509479700 2262100
LATENCY 2305800
TIMELINE 44 236 241721552701900 2305800
LATENCY 2297900
TIMELINE 44 252 241721590766300 2297900
LATENCY 2355300
TIMELINE 44 268 241721627592000 2355300
LATENCY 2710700
TIMELINE 44 284 241721669736600 2710700
LATENCY 2313900
TIMELINE 44 300 241721710449800 2313900
LATENCY 2285800
TIMELINE 44 316 241721747809300 2285800
LATENCY 2308600
TIMELINE 44 332 241721785679300 2308600
LATENCY 2301000
TIMELINE 44 348 241721823151800 2301000
LATENCY 2401700
TIMELINE 44 364 241721860164300 2401700
LATENCY 2359400
TIMELINE 44 380 241721904494900 2359400
LATENCY 2308400
TIMELINE 44 396 241721941664600 2308400
LATENCY 2349900
TIMELINE 44 412 241721978394000 2349900
LATENCY 2336700
TIMELINE 44 428 241722015271500 2336700
LATENCY 2279100
TIMELINE 44 444 241722053091900 2279100
LATENCY 2257600
TIMELINE 44 460 241722090970100 2257600
LATENCY 2257900
TIMELINE 44 476 241722127381000 2257900
LATENCY 2288000
TIMELINE 44 492 241722163973700 2288000
LATENCY 2261900
TIMELINE 44 508 241722207498400 2261900
LATENCY 2261700
TIMELINE 44 524 241722244482100 2261700
LATENCY 2256300
TIMELINE 44 540 241722280641400 2256300
LATENCY 2226200
TIMELINE 44 556 241722317190800 2226200
LATENCY 2271700
TIMELINE 44 572 241722353245500 2271700
LATENCY 2225600
TIMELINE 44 588 241722389537300 2225600
LATENCY 2268000
TIMELINE 44 604 241722425493800 2268000
LATENCY 2582200
TIMELINE 44 620 241722470002000 2582200
LATENCY 2263500
TIMELINE 44 636 241722506880300 2263500
LATENCY 2322100
TIMELINE 44 652 241722542518200 2322100
LATENCY 2232600
TIMELINE 44 668 241722579093300 2232600
LATENCY 2172700
TIMELINE 44 684 241722615521000 2172700
LATENCY 2227500
TIMELINE 44 700 241722652096000 2227500
LATENCY 2303500
TIMELINE 44 716 241722688707900 2303500
LATENCY 2141600
TIMELINE 44 732 241722724361500 2141600
LATENCY 2392300
TIMELINE 44 748 241722768249300 2392300
LATENCY 2213800
TIMELINE 44 764 241722804425700 2213800
LATENCY 2346800
TIMELINE 44 780 241722840506300 2346800
LATENCY 2215400
TIMELINE 44 796 241722877460700 2215400
LATENCY 2172200
TIMELINE 44 812 241722914646600 2172200
LATENCY 2332500
TIMELINE 44 828 241722950651700 2332500
LATENCY 2204400
TIMELINE 44 844 241722986241500 2204400
LATENCY 9609100
TIMELINE 44 860 241723022445800 9609100
LATENCY 2290700
TIMELINE 44 876 241723066237900 2290700
LATENCY 2167300
TIMELINE 44 892 241723102322300 2167300
LATENCY 2263200
TIMELINE 44 908 241723138187700 2263200
LATENCY 2270100
TIMELINE 44 924 241723174173200 2270100
LATENCY 2254700
TIMELINE 44 940 241723209928300 2254700
LATENCY 2250900
TIMELINE 44 956 241723245933200 2250900
LATENCY 2269100
TIMELINE 44 972 241723282889100 2269100
LATENCY 2564500
TIMELINE 44 988 241723327079600 2564500
LATENCY 2218100
TIMELINE 44 1004 241723362586800 2218100
LATENCY 2375000
TIMELINE 44 1020 241723397795500 2375000
LATENCY 2278200
TIMELINE 44 1036 241723433936000 2278200
LATENCY 2258200
TIMELINE 44 1052 241723469973900 2258200
LATENCY 2212600
TIMELINE 44 1068 241723505435400 2212600
LATENCY 2176800
TIMELINE 44 1084 241723540883000 2176800
LATENCY 2137100
TIMELINE 44 1100 241723580635200 2137100
LATENCY 2800100
TIMELINE 44 1116 241723615520900 2800100
LATENCY 2649900
TIMELINE 44 1132 241723658246900 2649900
LATENCY 2614500
TIMELINE 44 1148 241723701195000 2614500
LATENCY 2913700
TIMELINE 44 1164 241723744591400 2913700
LATENCY 3006100
TIMELINE 44 1180 241723790913500 3006100
LATENCY 3094800
TIMELINE 44 1196 241723834453300 3094800
LATENCY 2971000
TIMELINE 44 1212 241723885822300 2971000
LATENCY 2901600
TIMELINE 44 1228 241723932597900 2901600
LATENCY 2874000
TIMELINE 44 1244 241723980429900 2874000
LATENCY 2916000
TIMELINE 44 1260 241724027186600 2916000
LATENCY 2920600
TIMELINE 44 1276 241724073012100 2920600
LATENCY 2846800
TIMELINE 44 1292 241724118598500 2846800
LATENCY 2945600
TIMELINE 44 1308 241724164512100 2945600
LATENCY 2845100
TIMELINE 44 1324 241724210695200 2845100
LATENCY 2739900
TIMELINE 44 1340 241724261486000 2739900
LATENCY 2723800
TIMELINE 44 1356 241724306190800 2723800
LATENCY 2884300
TIMELINE 44 1372 241724353194100 2884300
LATENCY 2704800
TIMELINE 44 1388 241724396462100 2704800
LATENCY 2797400
TIMELINE 44 1404 241724443485500 2797400
LATENCY 2581700
TIMELINE 44 1420 241724488199300 2581700
LATENCY 2831200
TIMELINE 44 1436 241724531469000 2831200
LATENCY 2897800
TIMELINE 44 1452 241724582616700 2897800
LATENCY 2771200
TIMELINE 44 1468 241724629662000 2771200
LATENCY 2665100
TIMELINE 44 1484 241724676770500 2665100
LATENCY 2653500
TIMELINE 44 1500 241724721410700 2653500
LATENCY 2905400
TIMELINE 44 1516 241724766379800 2905400
LATENCY 4422300
TIMELINE 44 1532 241724813500100 4422300
LATENCY 3104200
TIMELINE 44 1548 241724861504700 3104200
LATENCY 3329700
TIMELINE 44 1564 241724914977600 3329700
LATENCY 3427900
TIMELINE 44 1580 241724968022200 3427900
LATENCY 2994100
TIMELINE 44 1596 241725019249400 2994100
LATENCY 2647300
TIMELINE 44 1612 241725065542200 2647300
LATENCY 3158100
TIMELINE 44 1628 241725111490700 3158100
LATENCY 2760500
TIMELINE 44 1644 241725157931000 2760500
LATENCY 2902600
TIMELINE 44 1660 241725201735300 2902600
LATENCY 2925600
TIMELINE 44 1676 241725252515900 2925600
LATENCY 2853100
TIMELINE 44 1692 241725298494900 2853100
LATENCY 2815400
TIMELINE 44 1708 241725343431400 2815400
LATENCY 3115400
TIMELINE 44 1724 241725386834400 3115400
LATENCY 2767200
TIMELINE 44 1740 241725431592800 2767200
LATENCY 3034000
TIMELINE 44 1756 241725478490000 3034000
LATENCY 2855800
TIMELINE 44 1772 241725525148100 2855800
LATENCY 2869800
TIMELINE 44 1788 241725571160400 2869800
LATENCY 2588600
TIMELINE 44 1804 241725619421600 2588600
LATENCY 2767900
TIMELINE 44 1820 241725661452000 2767900
LATENCY 2766600
TIMELINE 44 1836 241725708079500 2766600
LATENCY 3041800
TIMELINE 44 1852 241725756948700 3041800
LATENCY 2775400
TIMELINE 44 1868 241725801296800 2775400
LATENCY 2870400
TIMELINE 44 1884 241725845801600 2870400
LATENCY 2909700
TIMELINE 44 1900 241725891071800 2909700
LATENCY 2738900
TIMELINE 44 1916 241725940518700 2738900
LATENCY 2608200
TIMELINE 44 1932 241725983891600 2608200
LATENCY 2605000
TIMELINE 44 1948 241726029036500 2605000
LATENCY 2707300
TIMELINE 44 1964 241726070966600 2707300
LATENCY 2648900
TIMELINE 44 1980 241726112819400 2648900
LATENCY 2642100
TIMELINE 44 1996 241726155766400 2642100
LATENCY 2623000
TIMELINE 44 2012 241726199091400 2623000
LATENCY 2598300
TIMELINE 44 2028 241726247828400 2598300
LATENCY 2585000
TIMELINE 44 2044 241726289389800 2585000
LATENCY 3228400
TIMELINE 45 13 241720804387800 3228400
LATENCY 4514900
TIMELINE 45 29 241720873757400 4514900
LATENCY 3269000
TIMELINE 45 45 241720942360100 3269000
LATENCY 3933500
TIMELINE 45 61 241721000327600 3933500
LATENCY 3625300
TIMELINE 45 77 241721055605700 3625300
LATENCY 2787500
TIMELINE 45 93 241721114194700 2787500
LATENCY 4228200
TIMELINE 45 109 241721179568500 4228200
LATENCY 3636600
TIMELINE 45 125 241721229284400 3636600
LATENCY 3520900
TIMELINE 45 141 241721281554900 3520900
LATENCY 3598400
TIMELINE 45 157 241721339741300 3598400
LATENCY 3425100
TIMELINE 45 173 241721396063600 3425100
LATENCY 2377000
TIMELINE 45 189 241721437305100 2377000
LATENCY 2323900
TIMELINE 45 205 241721474726200 2323900
LATENCY 2236600
TIMELINE 45 221 241721511681300 2236600
LATENCY 2259900
TIMELINE 45 237 241721554946700 2259900
LATENCY 2289400
TIMELINE 45 253 241721593097900 2289400
LATENCY 2283100
TIMELINE 45 269 241721629915700 2283100
LATENCY 2635900
TIMELINE 45 285 241721672409100 2635900
LATENCY 2433200
TIMELINE 45 301 241721712832100 2433200
LATENCY 2315400
TIMELINE 45 317 241721750184500 2315400
LATENCY 2306700
TIMELINE 45 333 241721788057100 2306700
LATENCY 2297300
TIMELINE 45 349 241721825517600 2297300
LATENCY 8901200
TIMELINE 45 365 241721862669300 8901200
LATENCY 2291400
TIMELINE 45 381 241721906918600 2291400
LATENCY 2184800
TIMELINE 45 397 241721944042000 2184800
LATENCY 2264100
TIMELINE 45 413 241721980963400 2264100
LATENCY 2363000
TIMELINE 45 429 241722017845800 2363000
LATENCY 2240100
TIMELINE 45 445 241722055586800 2240100
LATENCY 2267300
TIMELINE 45 461 241722093470100 2267300
LATENCY 2263800
TIMELINE 45 477 241722129996800 2263800
LATENCY 9046900
TIMELINE 45 493 241722166715000 9046900
LATENCY 2262100
TIMELINE 45 509 241722210217700 2262100
LATENCY 2184200
TIMELINE 45 525 241722247140200 2184200
LATENCY 2258500
TIMELINE 45 541 241722283335500 2258500
LATENCY 2279600
TIMELINE 45 557 241722319815500 2279600
LATENCY 2194500
TIMELINE 45 573 241722355933500 2194500
LATENCY 2193200
TIMELINE 45 589 241722392148900 2193200
LATENCY 2352300
TIMELINE 45 605 241722428171300 2352300
LATENCY 2300100
TIMELINE 45 621 241722472960400 2300100
LATENCY 2311400
TIMELINE 45 637 241722510756400 2311400
LATENCY 2278200
TIMELINE 45 653 241722546361100 2278200
LATENCY 2237700
TIMELINE 45 669 241722582869100 2237700
LATENCY 2348200
TIMELINE 45 685 241722619173300 2348200
LATENCY 2209200
TIMELINE 45 701 241722655733300 2209200
LATENCY 2280400
TIMELINE 45 717 241722692470900 2280400
LATENCY 2158600
TIMELINE 45 733 241722727870500 2158600
LATENCY 2271500
TIMELINE 45 749 241722772170700 2271500
LATENCY 2292800
TIMELINE 45 765 241722808114200 2292800
LATENCY 2309000
TIMELINE 45 781 241722844519200 2309000
LATENCY 2170000
TIMELINE 45 797 241722881124200 2170000
LATENCY 2170600
TIMELINE 45 813 241722918156600 2170600
LATENCY 2256300
TIMELINE 45 829 241722954409200 2256300
LATENCY 2184700
TIMELINE 45 845 241722989752900 2184700
LATENCY 2257900
TIMELINE 45 861 241723033459000 2257900
LATENCY 2290200
TIMELINE 45 877 241723069948100 2290200
LATENCY 2192800
TIMELINE 45 893 241723105872400 2192800
LATENCY 2193000
TIMELINE 45 909 241723142244000 2193000
LATENCY 2197900
TIMELINE 45 925 241723178044900 2197900
LATENCY 2221700
TIMELINE 45 941 241723213820300 2221700
LATENCY 2228100
TIMELINE 45 957 241723249889500 2228100
LATENCY 2279100
TIMELINE 45 973 241723286938600 2279100
LATENCY 2179900
TIMELINE 45 989 241723331303400 2179900
LATENCY 2225700
TIMELINE 45 1005 241723366554000 2225700
LATENCY 2245500
TIMELINE 45 1021 241723401893700 2245500
LATENCY 2341300
TIMELINE 45 1037 241723437909000 2341300
LATENCY 2129300
TIMELINE 45 1053 241723473991700 2129300
LATENCY 2273800
TIMELINE 45 1069 241723509376200 2273800
LATENCY 2075000
TIMELINE 45 1085 241723544652000 2075000
LATENCY 2194200
TIMELINE 45 1101 241723584437200 2194200
LATENCY 2799800
TIMELINE 45 1117 241723620609200 2799800
LATENCY 2556200
TIMELINE 45 1133 241723663090100 2556200
LATENCY 2600600
TIMELINE 45 1149 241723705953600 2600600
LATENCY 2705800
TIMELINE 45 1165 241723749972500 2705800
LATENCY 2643500
TIMELINE 45 1181 241723796155000 2643500
LATENCY 2676900
TIMELINE 45 1197 241723843087400 2676900
LATENCY 2923900
TIMELINE 45 1213 241723891291300 2923900
LATENCY 2869100
TIMELINE 45 1229 241723937928200 2869100
LATENCY 2867500
TIMELINE 45 1245 241723985715900 2867500
LATENCY 2850400
TIMELINE 45 1261 241724032535600 2850400
LATENCY 2946900
TIMELINE 45 1277 241724078334100 2946900
LATENCY 2928300
TIMELINE 45 1293 241724123987500 2928300
LATENCY 2862800
TIMELINE 45 1309 241724169900600 2862800
LATENCY 2760400
TIMELINE 45 1325 241724216015800 2760400
LATENCY 2715700
TIMELINE 45 1341 241724266570200 2715700
LATENCY 3339900
TIMELINE 45 1357 241724311294600 3339900
LATENCY 2785600
TIMELINE 45 1373 241724358402000 2785600
LATENCY 2503500
TIMELINE 45 1389 241724401456800 2503500
LATENCY 2870000
TIMELINE 45 1405 241724448624700 2870000
LATENCY 2554500
TIMELINE 45 1421 241724492982300 2554500
LATENCY 2818900
TIMELINE 45 1437 241724536759200 2818900
LATENCY 2993900
TIMELINE 45 1453 241724587930200 2993900
LATENCY 2830200
TIMELINE 45 1469 241724634758200 2830200
LATENCY 3002600
TIMELINE 45 1485 241724681746900 3002600
LATENCY 2649300
TIMELINE 45 1501 241724726281300 2649300
LATENCY 2918200
TIMELINE 45 1517 241724771675700 2918200
LATENCY 2618200
TIMELINE 45 1533 241724820549200 2618200
LATENCY 2778300
TIMELINE 45 1549 241724867459700 2778300
LATENCY 3301000
TIMELINE 45 1565 241724921492900 3301000
LATENCY 3254200
TIMELINE 45 1581 241724974729500 3254200
LATENCY 3079300
TIMELINE 45 1597 241725025180600 3079300
LATENCY 2550500
TIMELINE 45 1613 241725070723900 2550500
LATENCY 2922600
TIMELINE 45 1629 241725117315700 2922600
LATENCY 2750000
TIMELINE 45 1645 241725163327900 2750000
LATENCY 2997600
TIMELINE 45 1661 241725207294700 2997600
LATENCY 2865200
TIMELINE 45 1677 241725258212600 2865200
LATENCY 2886300
TIMELINE 45 1693 241725304120500 2886300
LATENCY 2643100
TIMELINE 45 1709 241725348907900 2643100
LATENCY 2910800
TIMELINE 45 1725 241725393094700 2910800
LATENCY 2710800
TIMELINE 45 1741 241725437188300 2710800
LATENCY 3021300
TIMELINE 45 1757 241725484665400 3021300
LATENCY 2883800
TIMELINE 45 1773 241725531038900 2883800
LATENCY 2909300
TIMELINE 45 1789 241725577090100 2909300
LATENCY 2554900
TIMELINE 45 1805 241725624767900 2554900
LATENCY 3235500
TIMELINE 45 1821 241725666953100 3235500
LATENCY 2869500
TIMELINE 45 1837 241725713717700 2869500
LATENCY 2750800
TIMELINE 45 1853 241725762901500 2750800
LATENCY 2804600
TIMELINE 45 1869 241725807125500 2804600
LATENCY 2868700
TIMELINE 45 1885 241725852277700 2868700
LATENCY 3041000
TIMELINE 45 1901 241725897576300 3041000
LATENCY 2702300
TIMELINE 45 1917 241725946862200 2702300
LATENCY 2700300
TIMELINE 45 1933 241725989862500 2700300
LATENCY 2570500
TIMELINE 45 1949 241726035888600 2570500
LATENCY 2651600
TIMELINE 45 1965 241726077929800 2651600
LATENCY 2654300
TIMELINE 45 1981 241726119813800 2654300
LATENCY 2684700
TIMELINE 45 1997 241726162683300 2684700
LATENCY 2663000
TIMELINE 45 2013 241726206027600 2663000
LATENCY 2584400
TIMELINE 45 2029 241726254661800 2584400
LATENCY 3698200
TIMELINE 45 2045 241726297533700 3698200
LATENCY 3019100
TIMELINE 46 14 241720807243200 3019100
LATENCY 4398000
TIMELINE 46 30 241720877379200 4398000
LATENCY 4516500
TIMELINE 46 46 241720944872400 4516500
LATENCY 3575800
TIMELINE 46 62 241721003683900 3575800
LATENCY 3362600
TIMELINE 46 78 241721058533600 3362600
LATENCY 2569100
TIMELINE 46 94 241721116596800 2569100
LATENCY 2935200
TIMELINE 46 110 241721185455600 2935200
LATENCY 2590700
TIMELINE 46 126 241721234110900 2590700
LATENCY 4014800
TIMELINE 46 142 241721286781500 4014800
LATENCY 3246400
TIMELINE 46 158 241721344751000 3246400
LATENCY 2725000
TIMELINE 46 174 241721400761200 2725000
LATENCY 2385400
TIMELINE 46 190 241721440781100 2385400
LATENCY 2237200
TIMELINE 46 206 241721478054800 2237200
LATENCY 2220800
TIMELINE 46 222 241721514891200 2220800
LATENCY 3544300
TIMELINE 46 238 241721558140200 3544300
LATENCY 2279200
TIMELINE 46 254 241721596340000 2279200
LATENCY 2331300
TIMELINE 46 270 241721633256200 2331300
LATENCY 2482500
TIMELINE 46 286 241721675760500 2482500
LATENCY 2366700
TIMELINE 46 302 241721715902700 2366700
LATENCY 2214300
TIMELINE 46 318 241721753145600 2214300
LATENCY 2277500
TIMELINE 46 334 241721790942600 2277500
LATENCY 2525700
TIMELINE 46 350 241721828399500 2525700
LATENCY 2342000
TIMELINE 46 366 241721872291400 2342000
LATENCY 2664700
TIMELINE 46 382 241721909869200 2664700
LATENCY 2228300
TIMELINE 46 398 241721946862800 2228300
LATENCY 2304200
TIMELINE 46 414 241721983773500 2304200
LATENCY 2575600
TIMELINE 46 430 241722020817400 2575600
LATENCY 2313200
TIMELINE 46 446 241722058584200 2313200
LATENCY 2271400
TIMELINE 46 462 241722093834500 2271400
LATENCY 2292400
TIMELINE 46 478 241722130326300 2292400
LATENCY 9066600
TIMELINE 46 494 241722166952500 9066600
LATENCY 2266700
TIMELINE 46 510 241722210486700 2266700
LATENCY 2189100
TIMELINE 46 526 241722247463000 2189100
LATENCY 2241200
TIMELINE 46 542 241722283648800 2241200
LATENCY 2253100
TIMELINE 46 558 241722320180100 2253100
LATENCY 2190000
TIMELINE 46 574 241722356263000 2190000
LATENCY 2165800
TIMELINE 46 590 241722392493900 2165800
LATENCY 2336900
TIMELINE 46 606 241722428482100 2336900
LATENCY 2293800
TIMELINE 46 622 241722473246400 2293800
LATENCY 2323900
TIMELINE 46 638 241722509497400 2323900
LATENCY 2188000
TIMELINE 46 654 241722545176500 2188000
LATENCY 2219500
TIMELINE 46 670 241722581693900 2219500
LATENCY 2197300
TIMELINE 46 686 241722618020300 2197300
LATENCY 2198100
TIMELINE 46 702 241722654629800 2198100
LATENCY 2287000
TIMELINE 46 718 241722691381800 2287000
LATENCY 2164000
TIMELINE 46 734 241722726862000 2164000
LATENCY 2288900
TIMELINE 46 750 241722771131300 2288900
LATENCY 2235200
TIMELINE 46 766 241722807062600 2235200
LATENCY 2372500
TIMELINE 46 782 241722843359800 2372500
LATENCY 2205100
TIMELINE 46 798 241722880126600 2205100
LATENCY 2180000
TIMELINE 46 814 241722916997500 2180000
LATENCY 2307200
TIMELINE 46 830 241722953173700 2307200
LATENCY 2194100
TIMELINE 46 846 241722988620400 2194100
LATENCY 2291000
TIMELINE 46 862 241723032260100 2291000
LATENCY 2292100
TIMELINE 46 878 241723068753800 2292100
LATENCY 2179900
TIMELINE 46 894 241723104722100 2179900
LATENCY 2298300
TIMELINE 46 910 241723140889400 2298300
LATENCY 2209300
TIMELINE 46 926 241723176836100 2209300
LATENCY 2221300
TIMELINE 46 942 241723212592400 2221300
LATENCY 2238500
TIMELINE 46 958 241723248653800 2238500
LATENCY 2356900
TIMELINE 46 974 241723285545600 2356900
LATENCY 2288900
TIMELINE 46 990 241723329211100 2288900
LATENCY 2153500
TIMELINE 46 1006 241723364693200 2153500
LATENCY 2261400
TIMELINE 46 1022 241723399692800 2261400
LATENCY 2308000
TIMELINE 46 1038 241723435920700 2308000
LATENCY 2167300
TIMELINE 46 1054 241723472022400 2167300
LATENCY 2216200
TIMELINE 46 1070 241723507384800 2216200
LATENCY 2114200
TIMELINE 46 1086 241723542776000 2114200
LATENCY 2136700
TIMELINE 46 1102 241723582502600 2136700
LATENCY 2812500
TIMELINE 46 1118 241723617902700 2812500
LATENCY 2663500
TIMELINE 46 1134 241723660536000 2663500
LATENCY 2579800
TIMELINE 46 1150 241723703404400 2579800
LATENCY 2942000
TIMELINE 46 1166 241723747061500 2942000
LATENCY 2791600
TIMELINE 46 1182 241723793259300 2791600
LATENCY 6271000
TIMELINE 46 1198 241723836669900 6271000
LATENCY 3029100
TIMELINE 46 1214 241723888086700 3029100
LATENCY 2918100
TIMELINE 46 1230 241723934849200 2918100
LATENCY 2896700
TIMELINE 46 1246 241723982654100 2896700
LATENCY 2929200
TIMELINE 46 1262 241724029446200 2929200
LATENCY 2891700
TIMELINE 46 1278 241724075282500 2891700
LATENCY 2996700
TIMELINE 46 1294 241724120829800 2996700
LATENCY 2875700
TIMELINE 46 1310 241724166861900 2875700
LATENCY 2807100
TIMELINE 46 1326 241724212984700 2807100
LATENCY 2726900
TIMELINE 46 1342 241724263647200 2726900
LATENCY 2790600
TIMELINE 46 1358 241724307768600 2790600
LATENCY 2916600
TIMELINE 46 1374 241724354951700 2916600
LATENCY 2788300
TIMELINE 46 1390 241724398166800 2788300
LATENCY 2820700
TIMELINE 46 1406 241724445269800 2820700
LATENCY 2616600
TIMELINE 46 1422 241724489886000 2616600
LATENCY 2913800
TIMELINE 46 1438 241724533267400 2913800
LATENCY 2896600
TIMELINE 46 1454 241724584502000 2896600
LATENCY 2776500
TIMELINE 46 1470 241724631458600 2776500
LATENCY 2772200
TIMELINE 46 1486 241724678522600 2772200
LATENCY 2654900
TIMELINE 46 1502 241724723169900 2654900
LATENCY 2911300
TIMELINE 46 1518 241724768273500 2911300
LATENCY 2672200
TIMELINE 46 1534 241724818730600 2672200
LATENCY 2804300
TIMELINE 46 1550 241724865457100 2804300
LATENCY 3211200
TIMELINE 46 1566 241724919173100 3211200
LATENCY 3286900
TIMELINE 46 1582 241724972442400 3286900
LATENCY 3060800
TIMELINE 46 1598 241725023119200 3060800
LATENCY 2638100
TIMELINE 46 1614 241725068894400 2638100
LATENCY 2894200
TIMELINE 46 1630 241725115396100 2894200
LATENCY 2759400
TIMELINE 46 1646 241725161491100 2759400
LATENCY 2871400
TIMELINE 46 1662 241725205452700 2871400
LATENCY 2886100
TIMELINE 46 1678 241725256247500 2886100
LATENCY 2891300
TIMELINE 46 1694 241725302152700 2891300
LATENCY 2626500
TIMELINE 46 1710 241725349479700 2626500
LATENCY 2825700
TIMELINE 46 1726 241725393786900 2825700
LATENCY 2735900
TIMELINE 46 1742 241725437825500 2735900
LATENCY 3018800
TIMELINE 46 1758 241725485321200 3018800
LATENCY 2875800
TIMELINE 46 1774 241725531645000 2875800
LATENCY 2894000
TIMELINE 46 1790 241725577705200 2894000
LATENCY 2553600
TIMELINE 46 1806 241725625293300 2553600
LATENCY 4449100
TIMELINE 46 1822 241725667376100 4449100
LATENCY 2839100
TIMELINE 46 1838 241725714272300 2839100
LATENCY 2741400
TIMELINE 46 1854 241725763400400 2741400
LATENCY 2735800
TIMELINE 46 1870 241725807659300 2735800
LATENCY 2725500
TIMELINE 46 1886 241725854013500 2725500
LATENCY 2956300
TIMELINE 46 1902 241725899413400 2956300
LATENCY 2768000
TIMELINE 46 1918 241725948293100 2768000
LATENCY 2837500
TIMELINE 46 1934 241725991326800 2837500
LATENCY 2561900
TIMELINE 46 1950 241726036000600 2561900
LATENCY 2663900
TIMELINE 46 1966 241726078036400 2663900
LATENCY 2659700
TIMELINE 46 1982 241726119915500 2659700
LATENCY 2678800
TIMELINE 46 1998 241726162790700 2678800
LATENCY 2662700
TIMELINE 46 2014 241726206136900 2662700
LATENCY 2574700
TIMELINE 46 2030 241726254772600 2574700
LATENCY 3797900
TIMELINE 46 2046 241726297679200 3797900
LATENCY 2895700
TIMELINE 47 15 241720810416000 2895700
LATENCY 4702000
TIMELINE 47 31 241720881925300 4702000
LATENCY 3148500
TIMELINE 47 47 241720949523400 3148500
LATENCY 3768100
TIMELINE 47 63 241721007194700 3768100
LATENCY 3689800
TIMELINE 47 79 241721061690900 3689800
LATENCY 2612500
TIMELINE 47 95 241721119004100 2612500
LATENCY 2611800
TIMELINE 47 111 241721188133600 2611800
LATENCY 2982100
TIMELINE 47 127 241721236466300 2982100
LATENCY 3823700
TIMELINE 47 143 241721290433900 3823700
LATENCY 3159900
TIMELINE 47 159 241721347428200 3159900
LATENCY 2764200
TIMELINE 47 175 241721403127200 2764200
LATENCY 2366100
TIMELINE 47 191 241721442862100 2366100
LATENCY 2238000
TIMELINE 47 207 241721480050900 2238000
LATENCY 2248200
TIMELINE 47 223 241721516831100 2248200
LATENCY 2821900
TIMELINE 47 239 241721561283900 2821900
LATENCY 2361800
TIMELINE 47 255 241721598390600 2361800
LATENCY 2554400
TIMELINE 47 271 241721635459000 2554400
LATENCY 2432200
TIMELINE 47 287 241721678698300 2432200
LATENCY 2387400
TIMELINE 47 303 241721718707400 2387400
LATENCY 2463600
TIMELINE 47 319 241721755808800 2463600
LATENCY 2301400
TIMELINE 47 335 241721793556100 2301400
LATENCY 2296400
TIMELINE 47 351 241721831214100 2296400
LATENCY 2235700
TIMELINE 47 367 241721874755400 2235700
LATENCY 2419100
TIMELINE 47 383 241721912604900 2419100
LATENCY 2378900
TIMELINE 47 399 241721949130100 2378900
LATENCY 2269900
TIMELINE 47 415 241721986175500 2269900
LATENCY 2340700
TIMELINE 47 431 241722023426800 2340700
LATENCY 2236300
TIMELINE 47 447 241722060835800 2236300
LATENCY 2339300
TIMELINE 47 463 241722097967700 2339300
LATENCY 2234000
TIMELINE 47 479 241722134823300 2234000
LATENCY 2320700
TIMELINE 47 495 241722177972500 2320700
LATENCY 2173700
TIMELINE 47 511 241722214593900 2173700
LATENCY 2315000
TIMELINE 47 527 241722251459400 2315000
LATENCY 2348900
TIMELINE 47 543 241722287683200 2348900
LATENCY 2206600
TIMELINE 47 559 241722324267200 2206600
LATENCY 2162100
TIMELINE 47 575 241722360295300 2162100
LATENCY 2295300
TIMELINE 47 591 241722396445100 2295300
LATENCY 2302300
TIMELINE 47 607 241722432758300 2302300
LATENCY 2328800
TIMELINE 47 623 241722477432900 2328800
LATENCY 2206100
TIMELINE 47 639 241722514980900 2206100
LATENCY 2280300
TIMELINE 47 655 241722550655000 2280300
LATENCY 2448200
TIMELINE 47 671 241722587091100 2448200
LATENCY 2336200
TIMELINE 47 687 241722623644700 2336200
LATENCY 2245400
TIMELINE 47 703 241722659983500 2245400
LATENCY 2410800
TIMELINE 47 719 241722696910600 2410800
LATENCY 2520800
TIMELINE 47 735 241722732209600 2520800
LATENCY 2246600
TIMELINE 47 751 241722776841000 2246600
LATENCY 2213300
TIMELINE 47 767 241722812678500 2213300
LATENCY 2248400
TIMELINE 47 783 241722849219500 2248400
LATENCY 2412100
TIMELINE 47 799 241722885644600 2412100
LATENCY 2171600
TIMELINE 47 815 241722923335200 2171600
LATENCY 2293500
TIMELINE 47 831 241722959786400 2293500
LATENCY 2163600
TIMELINE 47 847 241722994865700 2163600
LATENCY 2148300
TIMELINE 47 863 241723038724600 2148300
LATENCY 2302000
TIMELINE 47 879 241723075378100 2302000
LATENCY 2474400
TIMELINE 47 895 241723111222100 2474400
LATENCY 2278200
TIMELINE 47 911 241723147444100 2278200
LATENCY 2161100
TIMELINE 47 927 241723183112300 2161100
LATENCY 2273600
TIMELINE 47 943 241723218952200 2273600
LATENCY 2300200
TIMELINE 47 959 241723255192200 2300200
LATENCY 2299800
TIMELINE 47 975 241723292096800 2299800
LATENCY 2184200
TIMELINE 47 991 241723337872500 2184200
LATENCY 2264000
TIMELINE 47 1007 241723373210500 2264000
LATENCY 2227000
TIMELINE 47 1023 241723408897300 2227000
LATENCY 2361300
TIMELINE 47 1039 241723444900600 2361300
LATENCY 2226900
TIMELINE 47 1055 241723480705300 2226900
LATENCY 2239300
TIMELINE 47 1071 241723516316200 2239300
LATENCY 2155100
TIMELINE 47 1087 241723551202700 2155100
LATENCY 2144700
TIMELINE 47 1103 241723591282700 2144700
LATENCY 2644700
TIMELINE 47 1119 241723629178700 2644700
LATENCY 2661200
TIMELINE 47 1135 241723671161200 2661200
LATENCY 2635300
TIMELINE 47 1151 241723714071800 2635300
LATENCY 3500600
TIMELINE 47 1167 241723760559400 3500600
LATENCY 2713800
TIMELINE 47 1183 241723804311800 2713800
LATENCY 2884000
TIMELINE 47 1199 241723851285500 2884000
LATENCY 2875600
TIMELINE 47 1215 241723900388200 2875600
LATENCY 2962100
TIMELINE 47 1231 241723946972700 2962100
LATENCY 2902700
TIMELINE 47 1247 241723994704600 2902700
LATENCY 2853400
TIMELINE 47 1263 241724041309400 2853400
LATENCY 3017900
TIMELINE 47 1279 241724087344900 3017900
LATENCY 2920600
TIMELINE 47 1295 241724132576000 2920600
LATENCY 2868600
TIMELINE 47 1311 241724178772000 2868600
LATENCY 3918900
TIMELINE 47 1327 241724229486200 3918900
LATENCY 2942400
TIMELINE 47 1343 241724275348300 2942400
LATENCY 2917400
TIMELINE 47 1359 241724320877900 2917400
LATENCY 2614100
TIMELINE 47 1375 241724366694800 2614100
LATENCY 2774700
TIMELINE 47 1391 241724409798300 2774700
LATENCY 2954300
TIMELINE 47 1407 241724457736500 2954300
LATENCY 2588600
TIMELINE 47 1423 241724501083200 2588600
LATENCY 2992900
TIMELINE 47 1439 241724545537100 2992900
LATENCY 2934700
TIMELINE 47 1455 241724597359300 2934700
LATENCY 2919300
TIMELINE 47 1471 241724643861300 2919300
LATENCY 2786200
TIMELINE 47 1487 241724690875200 2786200
LATENCY 2931900
TIMELINE 47 1503 241724734748300 2931900
LATENCY 2858500
TIMELINE 47 1519 241724780895100 2858500
LATENCY 2727200
TIMELINE 47 1535 241724828145700 2727200
LATENCY 2745600
TIMELINE 47 1551 241724875629900 2745600
LATENCY 3324100
TIMELINE 47 1567 241724931096600 3324100
LATENCY 3303600
TIMELINE 47 1583 241724984102400 3303600
LATENCY 3099000
TIMELINE 47 1599 241725034113900 3099000
LATENCY 2635500
TIMELINE 47 1615 241725078174000 2635500
LATENCY 3042200
TIMELINE 47 1631 241725125536900 3042200
LATENCY 2624700
TIMELINE 47 1647 241725170999000 2624700
LATENCY 2896800
TIMELINE 47 1663 241725215574900 2896800
LATENCY 2925600
TIMELINE 47 1679 241725266354300 2925600
LATENCY 2864800
TIMELINE 47 1695 241725312365600 2864800
LATENCY 2593600
TIMELINE 47 1711 241725355844000 2593600
LATENCY 2717900
TIMELINE 47 1727 241725400611200 2717900
LATENCY 2946600
TIMELINE 47 1743 241725445488800 2946600
LATENCY 2865400
TIMELINE 47 1759 241725492892100 2865400
LATENCY 2930000
TIMELINE 47 1775 241725538706900 2930000
LATENCY 2733800
TIMELINE 47 1791 241725589554200 2733800
LATENCY 2583600
TIMELINE 47 1807 241725631888000 2583600
LATENCY 2899300
TIMELINE 47 1823 241725676912400 2899300
LATENCY 2751600
TIMELINE 47 1839 241725721176500 2751600
LATENCY 2748100
TIMELINE 47 1855 241725770346100 2748100
LATENCY 2792700
TIMELINE 47 1871 241725814731000 2792700
LATENCY 2761300
TIMELINE 47 1887 241725858010500 2761300
LATENCY 2855700
TIMELINE 47 1903 241725903728300 2855700
LATENCY 2786200
TIMELINE 47 1919 241725952276900 2786200
LATENCY 2716600
TIMELINE 47 1935 241725995406000 2716600
LATENCY 2635200
TIMELINE 47 1951 241726042318000 2635200
LATENCY 2574500
TIMELINE 47 1967 241726084206400 2574500
LATENCY 2637800
TIMELINE 47 1983 241726126154400 2637800
LATENCY 3030200
TIMELINE 47 1999 241726169372400 3030200
LATENCY 2768700
TIMELINE 47 2015 241726212299400 2768700
LATENCY 2596800
TIMELINE 47 2031 241726260862100 2596800
LATENCY 1616900
TIMELINE 47 2047 241726305143200 1616900
LATENCY 12507800
TIMELINE 48 0 241720726502200 12507800
LATENCY 3314200
TIMELINE 48 16 241720813364100 3314200
LATENCY 4185600
TIMELINE 48 32 241720886831700 4185600
LATENCY 2866700
TIMELINE 48 48 241720952795800 2866700
LATENCY 4430700
TIMELINE 48 64 241721011184800 4430700
LATENCY 3268500
TIMELINE 48 80 241721065642200 3268500
LATENCY 2597300
TIMELINE 48 96 241721121688800 2597300
LATENCY 2483100
TIMELINE 48 112 241721191344100 2483100
LATENCY 2983700
TIMELINE 48 128 241721240055700 2983700
LATENCY 3134000
TIMELINE 48 144 241721295035700 3134000
LATENCY 2800900
TIMELINE 48 160 241721351260500 2800900
LATENCY 2675700
TIMELINE 48 176 241721406473900 2675700
LATENCY 2363400
TIMELINE 48 192 241721445732200 2363400
LATENCY 2359800
TIMELINE 48 208 241721482788600 2359800
LATENCY 2266200
TIMELINE 48 224 241721519540200 2266200
LATENCY 2313900
TIMELINE 48 240 241721564538100 2313900
LATENCY 2341000
TIMELINE 48 256 241721601200400 2341000
LATENCY 2856800
TIMELINE 48 272 241721638376000 2856800
LATENCY 2442200
TIMELINE 48 288 241721680841700 2442200
LATENCY 2372300
TIMELINE 48 304 241721720796200 2372300
LATENCY 2630200
TIMELINE 48 320 241721758034500 2630200
LATENCY 2301100
TIMELINE 48 336 241721795702300 2301100
LATENCY 2296800
TIMELINE 48 352 241721833449400 2296800
LATENCY 2538100
TIMELINE 48 368 241721876963100 2538100
LATENCY 2330200
TIMELINE 48 384 241721914932300 2330200
LATENCY 2204800
TIMELINE 48 400 241721951422300 2204800
LATENCY 2409700
TIMELINE 48 416 241721988482000 2409700
LATENCY 2353900
TIMELINE 48 432 241722025854000 2353900
LATENCY 2203900
TIMELINE 48 448 241722063011200 2203900
LATENCY 2373300
TIMELINE 48 464 241722099986300 2373300
LATENCY 2247600
TIMELINE 48 480 241722136837700 2247600
LATENCY 2251400
TIMELINE 48 496 241722180055100 2251400
LATENCY 2178300
TIMELINE 48 512 241722216532800 2178300
LATENCY 2315700
TIMELINE 48 528 241722253587300 2315700
LATENCY 2281800
TIMELINE 48 544 241722289876200 2281800
LATENCY 2235300
TIMELINE 48 560 241722326296800 2235300
LATENCY 2293300
TIMELINE 48 576 241722362251100 2293300
LATENCY 2418600
TIMELINE 48 592 241722398480500 2418600
LATENCY 2217900
TIMELINE 48 608 241722434755000 2217900
LATENCY 2242700
TIMELINE 48 624 241722479459600 2242700
LATENCY 2166100
TIMELINE 48 640 241722516630700 2166100
LATENCY 2424100
TIMELINE 48 656 241722552301700 2424100
LATENCY 2391600
TIMELINE 48 672 241722588938800 2391600
LATENCY 2302600
TIMELINE 48 688 241722625374800 2302600
LATENCY 2292900
TIMELINE 48 704 241722661644800 2292900
LATENCY 2269100
TIMELINE 48 720 241722698736100 2269100
LATENCY 2363200
TIMELINE 48 736 241722734008100 2363200
LATENCY 2313300
TIMELINE 48 752 241722778420400 2313300
LATENCY 2208800
TIMELINE 48 768 241722814201100 2208800
LATENCY 2244300
TIMELINE 48 784 241722850706600 2244300
LATENCY 2264700
TIMELINE 48 800 241722887385200 2264700
LATENCY 2175000
TIMELINE 48 816 241722924314700 2175000
LATENCY 2328800
TIMELINE 48 832 241722960779100 2328800
LATENCY 2229800
TIMELINE 48 848 241722995855900 2229800
LATENCY 2141400
TIMELINE 48 864 241723039717700 2141400
LATENCY 2304200
TIMELINE 48 880 241723076465800 2304200
LATENCY 2442200
TIMELINE 48 896 241723112368400 2442200
LATENCY 2247400
TIMELINE 48 912 241723148520300 2247400
LATENCY 2204400
TIMELINE 48 928 241723184062300 2204400
LATENCY 2284100
TIMELINE 48 944 241723219940700 2284100
LATENCY 2309500
TIMELINE 48 960 241723256246800 2309500
LATENCY 2328600
TIMELINE 48 976 241723293094200 2328600
LATENCY 2156800
TIMELINE 48 992 241723336514500 2156800
LATENCY 2194600
TIMELINE 48 1008 241723371895300 2194600
LATENCY 2231400
TIMELINE 48 1024 241723407451300 2231400
LATENCY 2190000
TIMELINE 48 1040 241723443424800 2190000
LATENCY 2217800
TIMELINE 48 1056 241723479198200 2217800
LATENCY 2232000
TIMELINE 48 1072 241723514795600 2232000
LATENCY 2088300
TIMELINE 48 1088 241723549812700 2088300
LATENCY 2187600
TIMELINE 48 1104 241723589725500 2187600
LATENCY 2640800
TIMELINE 48 1120 241723627133800 2640800
LATENCY 2632300
TIMELINE 48 1136 241723669090500 2632300
LATENCY 2627700
TIMELINE 48 1152 241723712023100 2627700
LATENCY 4056300
TIMELINE 48 1168 241723759202200 4056300
LATENCY 2709900
TIMELINE 48 1184 241723803527900 2709900
LATENCY 2771900
TIMELINE 48 1200 241723850550400 2771900
LATENCY 2958800
TIMELINE 48 1216 241723899390400 2958800
LATENCY 2987200
TIMELINE 48 1232 241723945994000 2987200
LATENCY 2938800
TIMELINE 48 1248 241723993784400 2938800
LATENCY 2899800
TIMELINE 48 1264 241724040363500 2899800
LATENCY 3053900
TIMELINE 48 1280 241724086431200 3053900
LATENCY 2929000
TIMELINE 48 1296 241724131682000 2929000
LATENCY 2879000
TIMELINE 48 1312 241724177877700 2879000
LATENCY 3957000
TIMELINE 48 1328 241724228511300 3957000
LATENCY 3003800
TIMELINE 48 1344 241724274236500 3003800
LATENCY 2900100
TIMELINE 48 1360 241724319988100 2900100
LATENCY 2620500
TIMELINE 48 1376 241724365876300 2620500
LATENCY 2775100
TIMELINE 48 1392 241724408886400 2775100
LATENCY 2928100
TIMELINE 48 1408 241724456758500 2928100
LATENCY 2560500
TIMELINE 48 1424 241724500194900 2560500
LATENCY 2839800
TIMELINE 48 1440 241724544583400 2839800
LATENCY 2934500
TIMELINE 48 1456 241724596345200 2934500
LATENCY 2890500
TIMELINE 48 1472 241724642822300 2890500
LATENCY 2862100
TIMELINE 48 1488 241724689791800 2862100
LATENCY 2989000
TIMELINE 48 1504 241724733711300 2989000
LATENCY 2803800
TIMELINE 48 1520 241724779880600 2803800
LATENCY 2734400
TIMELINE 48 1536 241724827504400 2734400
LATENCY 2757700
TIMELINE 48 1552 241724875000300 2757700
LATENCY 3379000
TIMELINE 48 1568 241724930260000 3379000
LATENCY 3268800
TIMELINE 48 1584 241724983378700 3268800
LATENCY 3134400
TIMELINE 48 1600 241725033301700 3134400
LATENCY 2593800
TIMELINE 48 1616 241725077541500 2593800
LATENCY 2986400
TIMELINE 48 1632 241725124977700 2986400
LATENCY 2632500
TIMELINE 48 1648 241725170490100 2632500
LATENCY 2882700
TIMELINE 48 1664 241725214975300 2882700
LATENCY 2919100
TIMELINE 48 1680 241725265713800 2919100
LATENCY 2920400
TIMELINE 48 1696 241725311670300 2920400
LATENCY 2569300
TIMELINE 48 1712 241725356531100 2569300
LATENCY 2703500
TIMELINE 48 1728 241725401215600 2703500
LATENCY 2937500
TIMELINE 48 1744 241725446101600 2937500
LATENCY 2865500
TIMELINE 48 1760 241725493450900 2865500
LATENCY 2932200
TIMELINE 48 1776 241725539257200 2932200
LATENCY 2698800
TIMELINE 48 1792 241725590098400 2698800
LATENCY 2656000
TIMELINE 48 1808 241725632377200 2656000
LATENCY 2878600
TIMELINE 48 1824 241725677453900 2878600
LATENCY 2749400
TIMELINE 48 1840 241725721709100 2749400
LATENCY 2865400
TIMELINE 48 1856 241725770780800 2865400
LATENCY 2793700
TIMELINE 48 1872 241725815220800 2793700
LATENCY 2759500
TIMELINE 48 1888 241725859957100 2759500
LATENCY 2761700
TIMELINE 48 1904 241725905910400 2761700
LATENCY 2750000
TIMELINE 48 1920 241725954385200 2750000
LATENCY 2774500
TIMELINE 48 1936 241725997465600 2774500
LATENCY 2648700
TIMELINE 48 1952 241726041888500 2648700
LATENCY 2568500
TIMELINE 48 1968 241726083826300 2568500
LATENCY 2636900
TIMELINE 48 1984 241726125761600 2636900
LATENCY 3011100
TIMELINE 48 2000 241726169002700 3011100
LATENCY 2684900
TIMELINE 48 2016 241726211953200 2684900
LATENCY 2587900
TIMELINE 48 2032 241726260518900 2587900
LATENCY 5421100
TIMELINE 49 1 241720739065400 5421100
LATENCY 4552000
TIMELINE 49 17 241720816724000 4552000
LATENCY 3563000
TIMELINE 49 33 241720891112900 3563000
LATENCY 4439000
TIMELINE 49 49 241720955753100 4439000
LATENCY 4064500
TIMELINE 49 65 241721015745400 4064500
LATENCY 3893200
TIMELINE 49 81 241721069053500 3893200
LATENCY 2703300
TIMELINE 49 97 241721124396100 2703300
LATENCY 2622800
TIMELINE 49 113 241721194018200 2622800
LATENCY 4314700
TIMELINE 49 129 241721243327800 4314700
LATENCY 3104900
TIMELINE 49 145 241721298421300 3104900
LATENCY 3109100
TIMELINE 49 161 241721354338900 3109100
LATENCY 2443100
TIMELINE 49 177 241721409421300 2443100
LATENCY 2277200
TIMELINE 49 193 241721448413100 2277200
LATENCY 2320800
TIMELINE 49 209 241721485435100 2320800
LATENCY 2290900
TIMELINE 49 225 241721522173000 2290900
LATENCY 2289900
TIMELINE 49 241 241721567183700 2289900
LATENCY 2232800
TIMELINE 49 257 241721603821700 2232800
LATENCY 2613400
TIMELINE 49 273 241721641525200 2613400
LATENCY 2917200
TIMELINE 49 289 241721684071500 2917200
LATENCY 2284200
TIMELINE 49 305 241721723877400 2284200
LATENCY 2565600
TIMELINE 49 321 241721761419900 2565600
LATENCY 2365400
TIMELINE 49 337 241721798994300 2365400
LATENCY 2248500
TIMELINE 49 353 241721836362000 2248500
LATENCY 2397000
TIMELINE 49 369 241721880189900 2397000
LATENCY 2267400
TIMELINE 49 385 241721917864100 2267400
LATENCY 2226800
TIMELINE 49 401 241721954154800 2226800
LATENCY 2309200
TIMELINE 49 417 241721991321800 2309200
LATENCY 2330700
TIMELINE 49 433 241722028597400 2330700
LATENCY 2223600
TIMELINE 49 449 241722065627700 2223600
LATENCY 2294100
TIMELINE 49 465 241722101266200 2294100
LATENCY 2385400
TIMELINE 49 481 241722137998400 2385400
LATENCY 2430900
TIMELINE 49 497 241722181186900 2430900
LATENCY 2168300
TIMELINE 49 513 241722217651900 2168300
LATENCY 2231200
TIMELINE 49 529 241722254754700 2231200
LATENCY 2261900
TIMELINE 49 545 241722291039600 2261900
LATENCY 2266300
TIMELINE 49 561 241722327441000 2266300
LATENCY 2504300
TIMELINE 49 577 241722363371000 2504300
LATENCY 2238600
TIMELINE 49 593 241722399833500 2238600
LATENCY 2202900
TIMELINE 49 609 241722435982700 2202900
LATENCY 2227700
TIMELINE 49 625 241722480770900 2227700
LATENCY 2167200
TIMELINE 49 641 241722516231700 2167200
LATENCY 2400500
TIMELINE 49 657 241722551862200 2400500
LATENCY 2597400
TIMELINE 49 673 241722588485200 2597400
LATENCY 2270100
TIMELINE 49 689 241722625193300 2270100
LATENCY 2278400
TIMELINE 49 705 241722661437100 2278400
LATENCY 2276000
TIMELINE 49 721 241722698435900 2276000
LATENCY 2384400
TIMELINE 49 737 241722733706400 2384400
LATENCY 2306500
TIMELINE 49 753 241722778115800 2306500
LATENCY 2215000
TIMELINE 49 769 241722813895300 2215000
LATENCY 2235700
TIMELINE 49 785 241722850405300 2235700
LATENCY 2307100
TIMELINE 49 801 241722886985500 2307100
LATENCY 2167400
TIMELINE 49 817 241722923660200 2167400
LATENCY 2319100
TIMELINE 49 833 241722960147700 2319100
LATENCY 2188200
TIMELINE 49 849 241722995213300 2188200
LATENCY 2144400
TIMELINE 49 865 241723039104500 2144400
LATENCY 2308000
TIMELINE 49 881 241723075813700 2308000
LATENCY 2450700
TIMELINE 49 897 241723111720100 2450700
LATENCY 2264600
TIMELINE 49 913 241723147895200 2264600
LATENCY 2170200
TIMELINE 49 929 241723183523000 2170200
LATENCY 2279200
TIMELINE 49 945 241723219345800 2279200
LATENCY 2290500
TIMELINE 49 961 241723255610200 2290500
LATENCY 2310900
TIMELINE 49 977 241723292511300 2310900
LATENCY 2113900
TIMELINE 49 993 241723336936600 2113900
LATENCY 2179400
TIMELINE 49 1009 241723372296000 2179400
LATENCY 2231600
TIMELINE 49 1025 241723407868600 2231600
LATENCY 2244300
TIMELINE 49 1041 241723443889900 2244300
LATENCY 2215000
TIMELINE 49 1057 241723479674100 2215000
LATENCY 2227500
TIMELINE 49 1073 241723515306300 2227500
LATENCY 2097100
TIMELINE 49 1089 241723550318300 2097100
LATENCY 2181200
TIMELINE 49 1105 241723590399700 2181200
LATENCY 2641200
TIMELINE 49 1121 241723627923200 2641200
LATENCY 2660900
TIMELINE 49 1137 241723669878400 2660900
LATENCY 2657500
TIMELINE 49 1153 241723712791100 2657500
LATENCY 4068600
TIMELINE 49 1169 241723759248000 4068600
LATENCY 2707000
TIMELINE 49 1185 241723803600500 2707000
LATENCY 2761100
TIMELINE 49 1201 241723850669400 2761100
LATENCY 2908200
TIMELINE 49 1217 241723899565000 2908200
LATENCY 2992800
TIMELINE 49 1233 241723946152300 2992800
LATENCY 2922000
TIMELINE 49 1249 241723993885200 2922000
LATENCY 2883500
TIMELINE 49 1265 241724040449700 2883500
LATENCY 3051400
TIMELINE 49 1281 241724086518600 3051400
LATENCY 2923100
TIMELINE 49 1297 241724131771500 2923100
LATENCY 2883700
TIMELINE 49 1313 241724177957400 2883700
LATENCY 3966500
TIMELINE 49 1329 241724228585600 3966500
LATENCY 3826300
TIMELINE 49 1345 241724274307400 3826300
LATENCY 2919000
TIMELINE 49 1361 241724320714600 2919000
LATENCY 2616200
TIMELINE 49 1377 241724366547000 2616200
LATENCY 2755400
TIMELINE 49 1393 241724409639900 2755400
LATENCY 2936600
TIMELINE 49 1409 241724457568600 2936600
LATENCY 2586900
TIMELINE 49 1425 241724501044100 2586900
LATENCY 2983100
TIMELINE 49 1441 241724545453700 2983100
LATENCY 2930500
TIMELINE 49 1457 241724597278500 2930500
LATENCY 2913200
TIMELINE 49 1473 241724643739100 2913200
LATENCY 2787700
TIMELINE 49 1489 241724690741300 2787700
LATENCY 2971400
TIMELINE 49 1505 241724734602800 2971400
LATENCY 2818700
TIMELINE 49 1521 241724780807000 2818700
LATENCY 2728800
TIMELINE 49 1537 241724828965900 2728800
LATENCY 2723000
TIMELINE 49 1553 241724876435500 2723000
LATENCY 3347600
TIMELINE 49 1569 241724932096300 3347600
LATENCY 3345000
TIMELINE 49 1585 241724985081600 3345000
LATENCY 3092400
TIMELINE 49 1601 241725035160900 3092400
LATENCY 2624000
TIMELINE 49 1617 241725079037500 2624000
LATENCY 3045000
TIMELINE 49 1633 241725126621700 3045000
LATENCY 2747800
TIMELINE 49 1649 241725171980000 2747800
LATENCY 2893700
TIMELINE 49 1665 241725216659200 2893700
LATENCY 2877700
TIMELINE 49 1681 241725267480300 2877700
LATENCY 2800200
TIMELINE 49 1697 241725313486400 2800200
LATENCY 2661700
TIMELINE 49 1713 241725359255800 2661700
LATENCY 2752500
TIMELINE 49 1729 241725404268900 2752500
LATENCY 2950600
TIMELINE 49 1745 241725449429200 2950600
LATENCY 2839900
TIMELINE 49 1761 241725496678100 2839900
LATENCY 2868700
TIMELINE 49 1777 241725542564100 2868700
LATENCY 2764800
TIMELINE 49 1793 241725593126300 2764800
LATENCY 2714600
TIMELINE 49 1809 241725635364400 2714600
LATENCY 2704400
TIMELINE 49 1825 241725680665000 2704400
LATENCY 2857700
TIMELINE 49 1841 241725724797400 2857700
LATENCY 2791500
TIMELINE 49 1857 241725774023900 2791500
LATENCY 2785400
TIMELINE 49 1873 241725818367800 2785400
LATENCY 2813200
TIMELINE 49 1889 241725863461500 2813200
LATENCY 2674500
TIMELINE 49 1905 241725909505100 2674500
LATENCY 2867400
TIMELINE 49 1921 241725958008900 2867400
LATENCY 2801500
TIMELINE 49 1937 241726001046100 2801500
LATENCY 2637300
TIMELINE 49 1953 241726046578600 2637300
LATENCY 2631900
TIMELINE 49 1969 241726088391600 2631900
LATENCY 2619900
TIMELINE 49 1985 241726130432100 2619900
LATENCY 2629900
TIMELINE 49 2001 241726174065500 2629900
LATENCY 3035400
TIMELINE 49 2017 241726216930700 3035400
LATENCY 2584700
TIMELINE 49 2033 241726265088700 2584700
LATENCY 5750800
TIMELINE 50 2 241720744652200 5750800
LATENCY 4070300
TIMELINE 50 18 241720821420200 4070300
LATENCY 3399200
TIMELINE 50 34 241720894634900 3399200
LATENCY 4701500
TIMELINE 50 50 241720960119200 4701500
LATENCY 3712700
TIMELINE 50 66 241721019895900 3712700
LATENCY 4457100
TIMELINE 50 82 241721073040000 4457100
LATENCY 2887600
TIMELINE 50 98 241721127216300 2887600
LATENCY 2573200
TIMELINE 50 114 241721194760500 2573200
LATENCY 3884000
TIMELINE 50 130 241721244498900 3884000
LATENCY 3090900
TIMELINE 50 146 241721299307000 3090900
LATENCY 3463100
TIMELINE 50 162 241721355042700 3463100
LATENCY 2492700
TIMELINE 50 178 241721410062400 2492700
LATENCY 2331400
TIMELINE 50 194 241721448939100 2331400
LATENCY 2285300
TIMELINE 50 210 241721486014300 2285300
LATENCY 2275100
TIMELINE 50 226 241721522637300 2275100
LATENCY 2269700
TIMELINE 50 242 241721567700800 2269700
LATENCY 2235700
TIMELINE 50 258 241721604554100 2235700
LATENCY 2561300
TIMELINE 50 274 241721642318000 2561300
LATENCY 3237200
TIMELINE 50 290 241721684803800 3237200
LATENCY 2280600
TIMELINE 50 306 241721724533300 2280600
LATENCY 2456200
TIMELINE 50 322 241721762240500 2456200
LATENCY 2326400
TIMELINE 50 338 241721799750100 2326400
LATENCY 2230800
TIMELINE 50 354 241721837165500 2230800
LATENCY 2303900
TIMELINE 50 370 241721881098500 2303900
LATENCY 2355800
TIMELINE 50 386 241721918707500 2355800
LATENCY 2343400
TIMELINE 50 402 241721955066000 2343400
LATENCY 2273200
TIMELINE 50 418 241721992231900 2273200
LATENCY 2316600
TIMELINE 50 434 241722029519800 2316600
LATENCY 2207000
TIMELINE 50 450 241722066513300 2207000
LATENCY 2311700
TIMELINE 50 466 241722103918700 2311700
LATENCY 2289700
TIMELINE 50 482 241722140598800 2289700
LATENCY 2245100
TIMELINE 50 498 241722183843000 2245100
LATENCY 2196000
TIMELINE 50 514 241722220033100 2196000
LATENCY 2296600
TIMELINE 50 530 241722257088600 2296600
LATENCY 2339800
TIMELINE 50 546 241722293422600 2339800
LATENCY 2251400
TIMELINE 50 562 241722329799500 2251400
LATENCY 2349600
TIMELINE 50 578 241722365943300 2349600
LATENCY 2120000
TIMELINE 50 594 241722402161300 2120000
LATENCY 2197300
TIMELINE 50 610 241722438285200 2197300
LATENCY 2246000
TIMELINE 50 626 241722482970900 2246000
LATENCY 2187500
TIMELINE 50 642 241722518713800 2187500
LATENCY 2341800
TIMELINE 50 658 241722554632800 2341800
LATENCY 2242500
TIMELINE 50 674 241722591243800 2242500
LATENCY 2235200
TIMELINE 50 690 241722627616900 2235200
LATENCY 2229900
TIMELINE 50 706 241722663869800 2229900
LATENCY 2216900
TIMELINE 50 722 241722700919200 2216900
LATENCY 2193300
TIMELINE 50 738 241722736284400 2193300
LATENCY 2233500
TIMELINE 50 754 241722780643200 2233500
LATENCY 2214000
TIMELINE 50 770 241722816323400 2214000
LATENCY 2192700
TIMELINE 50 786 241722852834100 2192700
LATENCY 2239700
TIMELINE 50 802 241722889501100 2239700
LATENCY 2178600
TIMELINE 50 818 241722926457400 2178600
LATENCY 2169400
TIMELINE 50 834 241722963077700 2169400
LATENCY 2415000
TIMELINE 50 850 241722997994500 2415000
LATENCY 2309300
TIMELINE 50 866 241723041803600 2309300
LATENCY 2261100
TIMELINE 50 882 241723078651600 2261100
LATENCY 2281700
TIMELINE 50 898 241723114712700 2281700
LATENCY 2204700
TIMELINE 50 914 241723150677700 2204700
LATENCY 2176000
TIMELINE 50 930 241723186125500 2176000
LATENCY 2239000
TIMELINE 50 946 241723222087000 2239000
LATENCY 2383600
TIMELINE 50 962 241723258418600 2383600
LATENCY 10046400
TIMELINE 50 978 241723295346900 10046400
LATENCY 2296300
TIMELINE 50 994 241723340129500 2296300
LATENCY 2215800
TIMELINE 50 1010 241723375626700 2215800
LATENCY 2191800
TIMELINE 50 1026 241723411190200 2191800
LATENCY 2234700
TIMELINE 50 1042 241723447119300 2234700
LATENCY 2186400
TIMELINE 50 1058 241723482809400 2186400
LATENCY 2245300
TIMELINE 50 1074 241723518431400 2245300
LATENCY 2096500
TIMELINE 50 1090 241723553220800 2096500
LATENCY 2198800
TIMELINE 50 1106 241723593369000 2198800
LATENCY 2591000
TIMELINE 50 1122 241723631535900 2591000
LATENCY 2611600
TIMELINE 50 1138 241723673538200 2611600
LATENCY 2597800
TIMELINE 50 1154 241723716429700 2597800
LATENCY 2599100
TIMELINE 50 1170 241723763697600 2599100
LATENCY 2630600
TIMELINE 50 1186 241723806669400 2630600
LATENCY 2680000
TIMELINE 50 1202 241723853802600 2680000
LATENCY 3109900
TIMELINE 50 1218 241723902909300 3109900
LATENCY 2896500
TIMELINE 50 1234 241723949532100 2896500
LATENCY 2939500
TIMELINE 50 1250 241723997249800 2939500
LATENCY 2857800
TIMELINE 50 1266 241724043771500 2857800
LATENCY 2886000
TIMELINE 50 1282 241724090008400 2886000
LATENCY 2808600
TIMELINE 50 1298 241724135137000 2808600
LATENCY 2914000
TIMELINE 50 1314 241724181283300 2914000
LATENCY 3081500
TIMELINE 50 1330 241724233004400 3081500
LATENCY 2871100
TIMELINE 50 1346 241724276290800 2871100
LATENCY 2960800
TIMELINE 50 1362 241724321758300 2960800
LATENCY 2603400
TIMELINE 50 1378 241724367523200 2603400
LATENCY 2801800
TIMELINE 50 1394 241724410702800 2801800
LATENCY 2946000
TIMELINE 50 1410 241724458672800 2946000
LATENCY 2565200
TIMELINE 50 1426 241724501919700 2565200
LATENCY 3009100
TIMELINE 50 1442 241724546455200 3009100
LATENCY 2938900
TIMELINE 50 1458 241724598295700 2938900
LATENCY 3056400
TIMELINE 50 1474 241724644734600 3056400
LATENCY 2776800
TIMELINE 50 1490 241724691780500 2776800
LATENCY 2894600
TIMELINE 50 1506 241724735763800 2894600
LATENCY 2937400
TIMELINE 50 1522 241724781777800 2937400
LATENCY 2693200
TIMELINE 50 1538 241724829565800 2693200
LATENCY 2720900
TIMELINE 50 1554 241724877098600 2720900
LATENCY 3353800
TIMELINE 50 1570 241724932879900 3353800
LATENCY 3294600
TIMELINE 50 1586 241724985891900 3294600
LATENCY 3088300
TIMELINE 50 1602 241725035864600 3088300
LATENCY 2646700
TIMELINE 50 1618 241725079602400 2646700
LATENCY 3014500
TIMELINE 50 1634 241725127320700 3014500
LATENCY 2745300
TIMELINE 50 1650 241725172551400 2745300
LATENCY 2895600
TIMELINE 50 1666 241725217348100 2895600
LATENCY 2870200
TIMELINE 50 1682 241725268140300 2870200
LATENCY 2899700
TIMELINE 50 1698 241725314129700 2899700
LATENCY 2651400
TIMELINE 50 1714 241725358715200 2651400
LATENCY 2766500
TIMELINE 50 1730 241725403509500 2766500
LATENCY 2975100
TIMELINE 50 1746 241725448640100 2975100
LATENCY 2856800
TIMELINE 50 1762 241725495955000 2856800
LATENCY 2879300
TIMELINE 50 1778 241725541835400 2879300
LATENCY 2670800
TIMELINE 50 1794 241725592484000 2670800
LATENCY 2739300
TIMELINE 50 1810 241725634679500 2739300
LATENCY 2710300
TIMELINE 50 1826 241725679996400 2710300
LATENCY 2763300
TIMELINE 50 1842 241725724120500 2763300
LATENCY 2902700
TIMELINE 50 1858 241725773183300 2902700
LATENCY 2776900
TIMELINE 50 1874 241725817636800 2776900
LATENCY 2744100
TIMELINE 50 1890 241725861534800 2744100
LATENCY 2631900
TIMELINE 50 1906 241725907520700 2631900
LATENCY 2774300
TIMELINE 50 1922 241725955916800 2774300
LATENCY 2709000
TIMELINE 50 1938 241725999018200 2709000
LATENCY 2615600
TIMELINE 50 1954 241726045026500 2615600
LATENCY 2594700
TIMELINE 50 1970 241726086855600 2594700
LATENCY 2640700
TIMELINE 50 1986 241726128871000 2640700
LATENCY 2662600
TIMELINE 50 2002 241726172439900 2662600
LATENCY 3017800
TIMELINE 50 2018 241726215120900 3017800
LATENCY 2575500
TIMELINE 50 2034 241726263492500 2575500
LATENCY 5887100
TIMELINE 51 3 241720750520700 5887100
LATENCY 4198300
TIMELINE 51 19 241720825807100 4198300
LATENCY 3966500
TIMELINE 51 35 241720898214700 3966500
LATENCY 3846000
TIMELINE 51 51 241720964973100 3846000
LATENCY 3367400
TIMELINE 51 67 241721023742200 3367400
LATENCY 4347300
TIMELINE 51 83 241721077632600 4347300
LATENCY 4086200
TIMELINE 51 99 241721130185700 4086200
LATENCY 2771000
TIMELINE 51 115 241721199099300 2771000
LATENCY 2631100
TIMELINE 51 131 241721250474100 2631100
LATENCY 2693900
TIMELINE 51 147 241721304974700 2693900
LATENCY 2526200
TIMELINE 51 163 241721361580400 2526200
LATENCY 2491200
TIMELINE 51 179 241721414972600 2491200
LATENCY 2281900
TIMELINE 51 195 241721453193100 2281900
LATENCY 2295000
TIMELINE 51 211 241721490131000 2295000
LATENCY 2176700
TIMELINE 51 227 241721526795100 2176700
LATENCY 2249300
TIMELINE 51 243 241721571986300 2249300
LATENCY 2286300
TIMELINE 51 259 241721608573000 2286300
LATENCY 2398100
TIMELINE 51 275 241721646845400 2398100
LATENCY 2383800
TIMELINE 51 291 241721690058200 2383800
LATENCY 2372100
TIMELINE 51 307 241721728567400 2372100
LATENCY 2295500
TIMELINE 51 323 241721766586200 2295500
LATENCY 2316900
TIMELINE 51 339 241721803970700 2316900
LATENCY 2198100
TIMELINE 51 355 241721841251000 2198100
LATENCY 2354700
TIMELINE 51 371 241721885356700 2354700
LATENCY 2352700
TIMELINE 51 387 241721923040400 2352700
LATENCY 2420900
TIMELINE 51 403 241721959530900 2420900
LATENCY 2225800
TIMELINE 51 419 241721996531500 2225800
LATENCY 2411300
TIMELINE 51 435 241722033992400 2411300
LATENCY 2350500
TIMELINE 51 451 241722070791900 2350500
LATENCY 2187200
TIMELINE 51 467 241722108564600 2187200
LATENCY 2212900
TIMELINE 51 483 241722145279300 2212900
LATENCY 2173400
TIMELINE 51 499 241722188430800 2173400
LATENCY 2395300
TIMELINE 51 515 241722224801600 2395300
LATENCY 2241500
TIMELINE 51 531 241722261996200 2241500
LATENCY 2185300
TIMELINE 51 547 241722298334100 2185300
LATENCY 2248600
TIMELINE 51 563 241722334548300 2248600
LATENCY 2284600
TIMELINE 51 579 241722370840400 2284600
LATENCY 2136300
TIMELINE 51 595 241722406709000 2136300
LATENCY 2257200
TIMELINE 51 611 241722443247900 2257200
LATENCY 2226600
TIMELINE 51 627 241722487842200 2226600
LATENCY 2302300
TIMELINE 51 643 241722525160600 2302300
LATENCY 2206900
TIMELINE 51 659 241722561492700 2206900
LATENCY 2253800
TIMELINE 51 675 241722597949600 2253800
LATENCY 2632100
TIMELINE 51 691 241722634389000 2632100
LATENCY 2256200
TIMELINE 51 707 241722670787400 2256200
LATENCY 2229200
TIMELINE 51 723 241722707426200 2229200
LATENCY 2157100
TIMELINE 51 739 241722742732500 2157100
LATENCY 2192500
TIMELINE 51 755 241722787224800 2192500
LATENCY 2244800
TIMELINE 51 771 241722822936700 2244800
LATENCY 2405800
TIMELINE 51 787 241722859639800 2405800
LATENCY 2245100
TIMELINE 51 803 241722896158500 2245100
LATENCY 2315500
TIMELINE 51 819 241722932857300 2315500
LATENCY 2171200
TIMELINE 51 835 241722969588000 2171200
LATENCY 2227100
TIMELINE 51 851 241723005036800 2227100
LATENCY 2249700
TIMELINE 51 867 241723048835900 2249700
LATENCY 2182600
TIMELINE 51 883 241723085268000 2182600
LATENCY 2205300
TIMELINE 51 899 241723121533500 2205300
LATENCY 2183800
TIMELINE 51 915 241723157419200 2183800
LATENCY 2226700
TIMELINE 51 931 241723193179300 2226700
LATENCY 2233100
TIMELINE 51 947 241723229037100 2233100
LATENCY 2321700
TIMELINE 51 963 241723265600300 2321700
LATENCY 2429800
TIMELINE 51 979 241723309841700 2429800
LATENCY 2297500
TIMELINE 51 995 241723346441100 2297500
LATENCY 2153400
TIMELINE 51 1011 241723381718200 2153400
LATENCY 2151800
TIMELINE 51 1027 241723417144500 2151800
LATENCY 2290000
TIMELINE 51 1043 241723453427100 2290000
LATENCY 2226900
TIMELINE 51 1059 241723489001300 2226900
LATENCY 2458700
TIMELINE 51 1075 241723524673800 2458700
LATENCY 2192000
TIMELINE 51 1091 241723559522400 2192000
LATENCY 2094400
TIMELINE 51 1107 241723599557600 2094400
LATENCY 2599200
TIMELINE 51 1123 241723638923700 2599200
LATENCY 2626600
TIMELINE 51 1139 241723681151800 2626600
LATENCY 2818300
TIMELINE 51 1155 241723723974400 2818300
LATENCY 2974600
TIMELINE 51 1171 241723770231600 2974600
LATENCY 2655800
TIMELINE 51 1187 241723813531400 2655800
LATENCY 2602800
TIMELINE 51 1203 241723860427300 2602800
LATENCY 2871700
TIMELINE 51 1219 241723910213400 2871700
LATENCY 3153200
TIMELINE 51 1235 241723956727900 3153200
LATENCY 2888700
TIMELINE 51 1251 241724004447500 2888700
LATENCY 2723900
TIMELINE 51 1267 241724050526100 2723900
LATENCY 2884400
TIMELINE 51 1283 241724097138600 2884400
LATENCY 2868000
TIMELINE 51 1299 241724142276700 2868000
LATENCY 2932400
TIMELINE 51 1315 241724188455100 2932400
LATENCY 2771900
TIMELINE 51 1331 241724240169300 2771900
LATENCY 2753800
TIMELINE 51 1347 241724284825500 2753800
LATENCY 2956800
TIMELINE 51 1363 241724330638100 2956800
LATENCY 2743800
TIMELINE 51 1379 241724375417400 2743800
LATENCY 2761800
TIMELINE 51 1395 241724418858800 2761800
LATENCY 2761200
TIMELINE 51 1411 241724467277700 2761200
LATENCY 2652200
TIMELINE 51 1427 241724509634600 2652200
LATENCY 7731500
TIMELINE 51 1443 241724555074200 7731500
LATENCY 2942600
TIMELINE 51 1459 241724607009100 2942600
LATENCY 2951400
TIMELINE 51 1475 241724653880000 2951400
LATENCY 2861100
TIMELINE 51 1491 241724699937500 2861100
LATENCY 2736600
TIMELINE 51 1507 241724743846300 2736600
LATENCY 2907300
TIMELINE 51 1523 241724790054500 2907300
LATENCY 3104800
TIMELINE 51 1539 241724837566200 3104800
LATENCY 2715800
TIMELINE 51 1555 241724884415400 2715800
LATENCY 3299100
TIMELINE 51 1571 241724941297900 3299100
LATENCY 3243000
TIMELINE 51 1587 241724994414600 3243000
LATENCY 3122000
TIMELINE 51 1603 241725043851400 3122000
LATENCY 2611200
TIMELINE 51 1619 241725086422900 2611200
LATENCY 2909800
TIMELINE 51 1635 241725135000300 2909800
LATENCY 2728400
TIMELINE 51 1651 241725179563800 2728400
LATENCY 2865800
TIMELINE 51 1667 241725225099000 2865800
LATENCY 2955300
TIMELINE 51 1683 241725275764500 2955300
LATENCY 2899700
TIMELINE 51 1699 241725321916600 2899700
LATENCY 2688300
TIMELINE 51 1715 241725365653300 2688300
LATENCY 2710300
TIMELINE 51 1731 241725410660000 2710300
LATENCY 2964500
TIMELINE 51 1747 241725456255000 2964500
LATENCY 2899300
TIMELINE 51 1763 241725503358000 2899300
LATENCY 2909000
TIMELINE 51 1779 241725549268300 2909000
LATENCY 2610400
TIMELINE 51 1795 241725599534400 2610400
LATENCY 2628700
TIMELINE 51 1811 241725641631100 2628700
LATENCY 2770400
TIMELINE 51 1827 241725687059800 2770400
LATENCY 2822700
TIMELINE 51 1843 241725735470100 2822700
LATENCY 2704300
TIMELINE 51 1859 241725780540100 2704300
LATENCY 2769200
TIMELINE 51 1875 241725824937500 2769200
LATENCY 2839400
TIMELINE 51 1891 241725870744200 2839400
LATENCY 7499000
TIMELINE 51 1907 241725916570800 7499000
LATENCY 2604200
TIMELINE 51 1923 241725965482700 2604200
LATENCY 2862500
TIMELINE 51 1939 241726008154100 2862500
LATENCY 2582200
TIMELINE 51 1955 241726051099700 2582200
LATENCY 2581800
TIMELINE 51 1971 241726092921300 2581800
LATENCY 2860800
TIMELINE 51 1987 241726135044200 2860800
LATENCY 2713700
TIMELINE 51 2003 241726178596300 2713700
LATENCY 2784900
TIMELINE 51 2019 241726222092300 2784900
LATENCY 2580000
TIMELINE 51 2035 241726269409500 2580000
LATENCY 6922900
TIMELINE 52 4 241720756857100 6922900
LATENCY 4653100
TIMELINE 52 20 241720831076200 4653100
LATENCY 3638800
TIMELINE 52 36 241720902996500 3638800
LATENCY 2830900
TIMELINE 52 52 241720969531100 2830900
LATENCY 3109400
TIMELINE 52 68 241721027778500 3109400
LATENCY 4262700
TIMELINE 52 84 241721082920700 4262700
LATENCY 4679100
TIMELINE 52 100 241721135189600 4679100
LATENCY 2589700
TIMELINE 52 116 241721200984000 2589700
LATENCY 2665200
TIMELINE 52 132 241721252072300 2665200
LATENCY 2516200
TIMELINE 52 148 241721306822500 2516200
LATENCY 2456300
TIMELINE 52 164 241721363199000 2456300
LATENCY 2449800
TIMELINE 52 180 241721416558500 2449800
LATENCY 2275700
TIMELINE 52 196 241721454701300 2275700
LATENCY 2512200
TIMELINE 52 212 241721491609400 2512200
LATENCY 2270400
TIMELINE 52 228 241721528207200 2270400
LATENCY 2312400
TIMELINE 52 244 241721573567000 2312400
LATENCY 2290000
TIMELINE 52 260 241721610179300 2290000
LATENCY 2446200
TIMELINE 52 276 241721648526600 2446200
LATENCY 2362600
TIMELINE 52 292 241721692069000 2362600
LATENCY 2363900
TIMELINE 52 308 241721730551700 2363900
LATENCY 2338400
TIMELINE 52 324 241721768640600 2338400
LATENCY 2273100
TIMELINE 52 340 241721806043700 2273100
LATENCY 2252600
TIMELINE 52 356 241721843183300 2252600
LATENCY 2279600
TIMELINE 52 372 241721887435100 2279600
LATENCY 2395400
TIMELINE 52 388 241721925004100 2395400
LATENCY 2193900
TIMELINE 52 404 241721961645500 2193900
LATENCY 2257400
TIMELINE 52 420 241721998460400 2257400
LATENCY 2380200
TIMELINE 52 436 241722036075000 2380200
LATENCY 2404400
TIMELINE 52 452 241722072750100 2404400
LATENCY 2301800
TIMELINE 52 468 241722110931200 2301800
LATENCY 2285700
TIMELINE 52 484 241722147713600 2285700
LATENCY 2431900
TIMELINE 52 500 241722190753200 2431900
LATENCY 2855000
TIMELINE 52 516 241722227561000 2855000
LATENCY 2209200
TIMELINE 52 532 241722264542800 2209200
LATENCY 2258000
TIMELINE 52 548 241722300768500 2258000
LATENCY 2403300
TIMELINE 52 564 241722337091300 2403300
LATENCY 2347200
TIMELINE 52 580 241722373460900 2347200
LATENCY 2328300
TIMELINE 52 596 241722409180200 2328300
LATENCY 2353700
TIMELINE 52 612 241722445879800 2353700
LATENCY 2183400
TIMELINE 52 628 241722490428200 2183400
LATENCY 2279300
TIMELINE 52 644 241722527196500 2279300
LATENCY 2225000
TIMELINE 52 660 241722563430900 2225000
LATENCY 2225400
TIMELINE 52 676 241722599924300 2225400
LATENCY 2287700
TIMELINE 52 692 241722636688500 2287700
LATENCY 2289000
TIMELINE 52 708 241722672774100 2289000
LATENCY 2165600
TIMELINE 52 724 241722709386600 2165600
LATENCY 9570700
TIMELINE 52 740 241722744693300 9570700
LATENCY 2181400
TIMELINE 52 756 241722789187200 2181400
LATENCY 2247800
TIMELINE 52 772 241722824886000 2247800
LATENCY 2273500
TIMELINE 52 788 241722861728800 2273500
LATENCY 2268700
TIMELINE 52 804 241722898029000 2268700
LATENCY 2424400
TIMELINE 52 820 241722933492800 2424400
LATENCY 2162200
TIMELINE 52 836 241722970129800 2162200
LATENCY 2225400
TIMELINE 52 852 241723005517100 2225400
LATENCY 2219500
TIMELINE 52 868 241723049379700 2219500
LATENCY 2185600
TIMELINE 52 884 241723085730400 2185600
LATENCY 2195700
TIMELINE 52 900 241723121915700 2195700
LATENCY 2205800
TIMELINE 52 916 241723157953100 2205800
LATENCY 2226700
TIMELINE 52 932 241723193665500 2226700
LATENCY 2206500
TIMELINE 52 948 241723229542100 2206500
LATENCY 2326600
TIMELINE 52 964 241723266092900 2326600
LATENCY 2457200
TIMELINE 52 980 241723310421500 2457200
LATENCY 2293700
TIMELINE 52 996 241723345377400 2293700
LATENCY 2153300
TIMELINE 52 1012 241723380709300 2153300
LATENCY 2116900
TIMELINE 52 1028 241723416266500 2116900
LATENCY 2319900
TIMELINE 52 1044 241723452347100 2319900
LATENCY 2192700
TIMELINE 52 1060 241723487996000 2192700
LATENCY 2410500
TIMELINE 52 1076 241723523602300 2410500
LATENCY 2235700
TIMELINE 52 1092 241723558298300 2235700
LATENCY 2053700
TIMELINE 52 1108 241723598599200 2053700
LATENCY 2583100
TIMELINE 52 1124 241723637749800 2583100
LATENCY 2644200
TIMELINE 52 1140 241723680003300 2644200
LATENCY 2769300
TIMELINE 52 1156 241723722816700 2769300
LATENCY 2765300
TIMELINE 52 1172 241723771558100 2765300
LATENCY 2680200
TIMELINE 52 1188 241723814714300 2680200
LATENCY 2628500
TIMELINE 52 1204 241723861550700 2628500
LATENCY 2880100
TIMELINE 52 1220 241723911533600 2880100
LATENCY 3009900
TIMELINE 52 1236 241723958157400 3009900
LATENCY 2960000
TIMELINE 52 1252 241724005631300 2960000
LATENCY 2745700
TIMELINE 52 1268 241724051722800 2745700
LATENCY 2860600
TIMELINE 52 1284 241724098352700 2860600
LATENCY 2873300
TIMELINE 52 1300 241724143479200 2873300
LATENCY 2779300
TIMELINE 52 1316 241724189767800 2779300
LATENCY 2754900
TIMELINE 52 1332 241724241342900 2754900
LATENCY 2749800
TIMELINE 52 1348 241724285309000 2749800
LATENCY 2967100
TIMELINE 52 1364 241724331158000 2967100
LATENCY 2767600
TIMELINE 52 1380 241724375925200 2767600
LATENCY 2779900
TIMELINE 52 1396 241724419443600 2779900
LATENCY 2767000
TIMELINE 52 1412 241724467845800 2767000
LATENCY 2722300
TIMELINE 52 1428 241724510176200 2722300
LATENCY 7727200
TIMELINE 52 1444 241724555652600 7727200
LATENCY 2962200
TIMELINE 52 1460 241724607616900 2962200
LATENCY 2937300
TIMELINE 52 1476 241724654514900 2937300
LATENCY 2778200
TIMELINE 52 1492 241724700598600 2778200
LATENCY 2761100
TIMELINE 52 1508 241724744398000 2761100
LATENCY 3254000
TIMELINE 52 1524 241724791113200 3254000
LATENCY 2894500
TIMELINE 52 1540 241724838899900 2894500
LATENCY 2741300
TIMELINE 52 1556 241724885427000 2741300
LATENCY 3332600
TIMELINE 52 1572 241724942480600 3332600
LATENCY 3211800
TIMELINE 52 1588 241724995436500 3211800
LATENCY 3076800
TIMELINE 52 1604 241725044895500 3076800
LATENCY 2594600
TIMELINE 52 1620 241725087266700 2594600
LATENCY 2894400
TIMELINE 52 1636 241725135896800 2894400
LATENCY 2710300
TIMELINE 52 1652 241725180402500 2710300
LATENCY 2879000
TIMELINE 52 1668 241725225968100 2879000
LATENCY 2938900
TIMELINE 52 1684 241725276592500 2938900
LATENCY 2900400
TIMELINE 52 1700 241725322679800 2900400
LATENCY 2676300
TIMELINE 52 1716 241725367251300 2676300
LATENCY 2711600
TIMELINE 52 1732 241725412277500 2711600
LATENCY 2912100
TIMELINE 52 1748 241725458034900 2912100
LATENCY 2897400
TIMELINE 52 1764 241725505038400 2897400
LATENCY 2907900
TIMELINE 52 1780 241725550942300 2907900
LATENCY 2608000
TIMELINE 52 1796 241725601021300 2608000
LATENCY 2612300
TIMELINE 52 1812 241725643139700 2612300
LATENCY 2755300
TIMELINE 52 1828 241725688636300 2755300
LATENCY 2872500
TIMELINE 52 1844 241725737006400 2872500
LATENCY 2747000
TIMELINE 52 1860 241725782055700 2747000
LATENCY 2753600
TIMELINE 52 1876 241725826549900 2753600
LATENCY 2826700
TIMELINE 52 1892 241725870882600 2826700
LATENCY 7535500
TIMELINE 52 1908 241725916715800 7535500
LATENCY 2616100
TIMELINE 52 1924 241725965625100 2616100
LATENCY 2865700
TIMELINE 52 1940 241726008295800 2865700
LATENCY 2622200
TIMELINE 52 1956 241726053352100 2622200
LATENCY 2563700
TIMELINE 52 1972 241726095191200 2563700
LATENCY 2709700
TIMELINE 52 1988 241726137625500 2709700
LATENCY 2897000
TIMELINE 52 2004 241726181042300 2897000
LATENCY 2777900
TIMELINE 52 2020 241726224610500 2777900
LATENCY 2633500
TIMELINE 52 2036 241726271800900 2633500
LATENCY 6366500
TIMELINE 53 5 241720762807500 6366500
LATENCY 4710600
TIMELINE 53 21 241720834382400 4710600
LATENCY 4614500
TIMELINE 53 37 241720905879100 4614500
LATENCY 2828700
TIMELINE 53 53 241720971812500 2828700
LATENCY 3682000
TIMELINE 53 69 241721030083700 3682000
LATENCY 4282200
TIMELINE 53 85 241721086398200 4282200
LATENCY 3987500
TIMELINE 53 101 241721139278800 3987500
LATENCY 3652900
TIMELINE 53 117 241721203815400 3652900
LATENCY 2892900
TIMELINE 53 133 241721255020900 2892900
LATENCY 2851100
TIMELINE 53 149 241721309613700 2851100
LATENCY 2531100
TIMELINE 53 165 241721365846300 2531100
LATENCY 2487900
TIMELINE 53 181 241721419237700 2487900
LATENCY 2378900
TIMELINE 53 197 241721457229600 2378900
LATENCY 2293700
TIMELINE 53 213 241721494215000 2293700
LATENCY 2220100
TIMELINE 53 229 241721530603000 2220100
LATENCY 2319100
TIMELINE 53 245 241721575780600 2319100
LATENCY 2266500
TIMELINE 53 261 241721612375200 2266500
LATENCY 2554100
TIMELINE 53 277 241721650872100 2554100
LATENCY 2403800
TIMELINE 53 293 241721694992900 2403800
LATENCY 2502600
TIMELINE 53 309 241721733466400 2502600
LATENCY 2344800
TIMELINE 53 325 241721771343900 2344800
LATENCY 2349800
TIMELINE 53 341 241721808715400 2349800
LATENCY 2484400
TIMELINE 53 357 241721845795600 2484400
LATENCY 2294200
TIMELINE 53 373 241721890056700 2294200
LATENCY 2309600
TIMELINE 53 389 241721927735900 2309600
LATENCY 2230400
TIMELINE 53 405 241721964117000 2230400
LATENCY 2316900
TIMELINE 53 421 241722000997600 2316900
LATENCY 2375200
TIMELINE 53 437 241722038656900 2375200
LATENCY 2209300
TIMELINE 53 453 241722075410200 2209300
LATENCY 2464200
TIMELINE 53 469 241722114259400 2464200
LATENCY 2237500
TIMELINE 53 485 241722151034700 2237500
LATENCY 2449800
TIMELINE 53 501 241722194447400 2449800
LATENCY 2272300
TIMELINE 53 517 241722231429600 2272300
LATENCY 2267600
TIMELINE 53 533 241722267761500 2267600
LATENCY 2296300
TIMELINE 53 549 241722304075700 2296300
LATENCY 2224400
TIMELINE 53 565 241722340550900 2224400
LATENCY 2225300
TIMELINE 53 581 241722376801800 2225300
LATENCY 2174500
TIMELINE 53 597 241722412454800 2174500
LATENCY 2297700
TIMELINE 53 613 241722449217000 2297700
LATENCY 3630500
TIMELINE 53 629 241722493437800 3630500
LATENCY 2258500
TIMELINE 53 645 241722530814800 2258500
LATENCY 2286100
TIMELINE 53 661 241722567099100 2286100
LATENCY 2451000
TIMELINE 53 677 241722603492200 2451000
LATENCY 2218100
TIMELINE 53 693 241722640310300 2218100
LATENCY 2280200
TIMELINE 53 709 241722676404700 2280200
LATENCY 2173900
TIMELINE 53 725 241722712888500 2173900
LATENCY 2572000
TIMELINE 53 741 241722755618700 2572000
LATENCY 2201000
TIMELINE 53 757 241722792637800 2201000
LATENCY 2344200
TIMELINE 53 773 241722828597100 2344200
LATENCY 2305400
TIMELINE 53 789 241722865481400 2305400
LATENCY 2286800
TIMELINE 53 805 241722901756100 2286800
LATENCY 2237900
TIMELINE 53 821 241722938962000 2237900
LATENCY 2177300
TIMELINE 53 837 241722975158400 2177300
LATENCY 2271900
TIMELINE 53 853 241723010957300 2271900
LATENCY 2245100
TIMELINE 53 869 241723054577500 2245100
LATENCY 2213600
TIMELINE 53 885 241723090795800 2213600
LATENCY 2219400
TIMELINE 53 901 241723127124800 2219400
LATENCY 2202900
TIMELINE 53 917 241723162939900 2202900
LATENCY 2245200
TIMELINE 53 933 241723198759000 2245200
LATENCY 2301800
TIMELINE 53 949 241723234562200 2301800
LATENCY 2276300
TIMELINE 53 965 241723271536700 2276300
LATENCY 2207200
TIMELINE 53 981 241723315905700 2207200
LATENCY 2269800
TIMELINE 53 997 241723352975400 2269800
LATENCY 2084100
TIMELINE 53 1013 241723388030000 2084100
LATENCY 2113300
TIMELINE 53 1029 241723423740700 2113300
LATENCY 2241600
TIMELINE 53 1045 241723460020100 2241600
LATENCY 2266300
TIMELINE 53 1061 241723495431300 2266300
LATENCY 2115600
TIMELINE 53 1077 241723531253000 2115600
LATENCY 2207600
TIMELINE 53 1093 241723570834600 2207600
LATENCY 2101300
TIMELINE 53 1109 241723605547200 2101300
LATENCY 2573300
TIMELINE 53 1125 241723646471400 2573300
LATENCY 2683100
TIMELINE 53 1141 241723689146500 2683100
LATENCY 2744300
TIMELINE 53 1157 241723731886800 2744300
LATENCY 2623400
TIMELINE 53 1173 241723778837600 2623400
LATENCY 2710900
TIMELINE 53 1189 241723821986100 2710900
LATENCY 2593700
TIMELINE 53 1205 241723868678900 2593700
LATENCY 2892700
TIMELINE 53 1221 241723919337000 2892700
LATENCY 2959100
TIMELINE 53 1237 241723966715300 2959100
LATENCY 2939700
TIMELINE 53 1253 241724013620000 2939700
LATENCY 2882000
TIMELINE 53 1269 241724059356900 2882000
LATENCY 2742700
TIMELINE 53 1285 241724106145200 2742700
LATENCY 2916900
TIMELINE 53 1301 241724151369800 2916900
LATENCY 2911800
TIMELINE 53 1317 241724197201700 2911800
LATENCY 2792000
TIMELINE 53 1333 241724248872500 2792000
LATENCY 2847800
TIMELINE 53 1349 241724294614500 2847800
LATENCY 2905100
TIMELINE 53 1365 241724341092900 2905100
LATENCY 2834800
TIMELINE 53 1381 241724385129400 2834800
LATENCY 2727500
TIMELINE 53 1397 241724428802300 2727500
LATENCY 2809600
TIMELINE 53 1413 241724477015700 2809600
LATENCY 2694000
TIMELINE 53 1429 241724519499000 2694000
LATENCY 2872300
TIMELINE 53 1445 241724570308000 2872300
LATENCY 2904800
TIMELINE 53 1461 241724617655400 2904800
LATENCY 2935600
TIMELINE 53 1477 241724664530100 2935600
LATENCY 2697300
TIMELINE 53 1493 241724709842800 2697300
LATENCY 3043700
TIMELINE 53 1509 241724753808400 3043700
LATENCY 2748100
TIMELINE 53 1525 241724801857000 2748100
LATENCY 3003300
TIMELINE 53 1541 241724849437800 3003300
LATENCY 3542800
TIMELINE 53 1557 241724901310200 3542800
LATENCY 3208500
TIMELINE 53 1573 241724954898900 3208500
LATENCY 3031000
TIMELINE 53 1589 241725007186100 3031000
LATENCY 2623300
TIMELINE 53 1605 241725055194000 2623300
LATENCY 2944200
TIMELINE 53 1621 241725099967800 2944200
LATENCY 3069700
TIMELINE 53 1637 241725146825200 3069700
LATENCY 2687500
TIMELINE 53 1653 241725190410200 2687500
LATENCY 2927300
TIMELINE 53 1669 241725236587600 2927300
LATENCY 2934600
TIMELINE 53 1685 241725287132200 2934600
LATENCY 2978400
TIMELINE 53 1701 241725335406000 2978400
LATENCY 3118400
TIMELINE 53 1717 241725378451500 3118400
LATENCY 2810200
TIMELINE 53 1733 241725424196100 2810200
LATENCY 2884300
TIMELINE 53 1749 241725470679700 2884300
LATENCY 2828000
TIMELINE 53 1765 241725517556000 2828000
LATENCY 2844500
TIMELINE 53 1781 241725563500900 2844500
LATENCY 2644300
TIMELINE 53 1797 241725612340900 2644300
LATENCY 2570200
TIMELINE 53 1813 241725654561500 2570200
LATENCY 2759200
TIMELINE 53 1829 241725700653900 2759200
LATENCY 2738100
TIMELINE 53 1845 241725749319800 2738100
LATENCY 2703600
TIMELINE 53 1861 241725793948100 2703600
LATENCY 2727700
TIMELINE 53 1877 241725838383600 2727700
LATENCY 2815800
TIMELINE 53 1893 241725884402100 2815800
LATENCY 2717900
TIMELINE 53 1909 241725934307700 2717900
LATENCY 2602500
TIMELINE 53 1925 241725977880200 2602500
LATENCY 2971000
TIMELINE 53 1941 241726023436100 2971000
LATENCY 2646900
TIMELINE 53 1957 241726065781500 2646900
LATENCY 2654600
TIMELINE 53 1973 241726107602500 2654600
LATENCY 2680600
TIMELINE 53 1989 241726150473200 2680600
LATENCY 2621900
TIMELINE 53 2005 241726193971000 2621900
LATENCY 7503600
TIMELINE 53 2021 241726237669100 7503600
LATENCY 2586000
TIMELINE 53 2037 241726284279500 2586000
LATENCY 6603300
TIMELINE 54 6 241720769260600 6603300
LATENCY 4792600
TIMELINE 54 22 241720839395800 4792600
LATENCY 4100700
TIMELINE 54 38 241720910786100 4100700
LATENCY 2727400
TIMELINE 54 54 241720974758600 2727400
LATENCY 2807800
TIMELINE 54 70 241721033809400 2807800
LATENCY 4307700
TIMELINE 54 86 241721090756900 4307700
LATENCY 4011900
TIMELINE 54 102 241721143229000 4011900
LATENCY 2865100
TIMELINE 54 118 241721207802300 2865100
LATENCY 2820000
TIMELINE 54 134 241721258160000 2820000
LATENCY 2548400
TIMELINE 54 150 241721312744600 2548400
LATENCY 2944900
TIMELINE 54 166 241721368671500 2944900
LATENCY 2300900
TIMELINE 54 182 241721422003000 2300900
LATENCY 2271700
TIMELINE 54 198 241721459853800 2271700
LATENCY 2306200
TIMELINE 54 214 241721496802800 2306200
LATENCY 2394100
TIMELINE 54 230 241721533147800 2394100
LATENCY 2280400
TIMELINE 54 246 241721578541500 2280400
LATENCY 2248700
TIMELINE 54 262 241721615072400 2248700
LATENCY 2867900
TIMELINE 54 278 241721653979300 2867900
LATENCY 2373500
TIMELINE 54 294 241721697553800 2373500
LATENCY 2331500
TIMELINE 54 310 241721736197200 2331500
LATENCY 2298700
TIMELINE 54 326 241721773844800 2298700
LATENCY 2429400
TIMELINE 54 342 241721811160900 2429400
LATENCY 2475700
TIMELINE 54 358 241721848381500 2475700
LATENCY 2307200
TIMELINE 54 374 241721892509500 2307200
LATENCY 2203900
TIMELINE 54 390 241721930231000 2203900
LATENCY 2222900
TIMELINE 54 406 241721966528400 2222900
LATENCY 2223500
TIMELINE 54 422 241722003498500 2223500
LATENCY 2289700
TIMELINE 54 438 241722041288200 2289700
LATENCY 2257600
TIMELINE 54 454 241722077904900 2257600
LATENCY 2272700
TIMELINE 54 470 241722116534800 2272700
LATENCY 2255300
TIMELINE 54 486 241722153122100 2255300
LATENCY 2259100
TIMELINE 54 502 241722196740500 2259100
LATENCY 2275700
TIMELINE 54 518 241722233452300 2275700
LATENCY 2265800
TIMELINE 54 534 241722269762700 2265800
LATENCY 2304000
TIMELINE 54 550 241722306166000 2304000
LATENCY 2247500
TIMELINE 54 566 241722342566000 2247500
LATENCY 2246400
TIMELINE 54 582 241722378810400 2246400
LATENCY 2404900
TIMELINE 54 598 241722414427800 2404900
LATENCY 2326800
TIMELINE 54 614 241722451296700 2326800
LATENCY 2320500
TIMELINE 54 630 241722496222400 2320500
LATENCY 2197700
TIMELINE 54 646 241722532301700 2197700
LATENCY 2289300
TIMELINE 54 662 241722568477100 2289300
LATENCY 2507500
TIMELINE 54 678 241722605009300 2507500
LATENCY 2222100
TIMELINE 54 694 241722641708700 2222100
LATENCY 2418000
TIMELINE 54 710 241722677801000 2418000
LATENCY 2281300
TIMELINE 54 726 241722714223300 2281300
LATENCY 2676200
TIMELINE 54 742 241722757228100 2676200
LATENCY 2221000
TIMELINE 54 758 241722793997500 2221000
LATENCY 2255600
TIMELINE 54 774 241722830198800 2255600
LATENCY 2317500
TIMELINE 54 790 241722866978500 2317500
LATENCY 2571900
TIMELINE 54 806 241722903212500 2571900
LATENCY 2248300
TIMELINE 54 822 241722940155600 2248300
LATENCY 2164900
TIMELINE 54 838 241722976293800 2164900
LATENCY 2296400
TIMELINE 54 854 241723012142100 2296400
LATENCY 2241700
TIMELINE 54 870 241723055729200 2241700
LATENCY 2400900
TIMELINE 54 886 241723091908300 2400900
LATENCY 2191000
TIMELINE 54 902 241723128471500 2191000
LATENCY 2199500
TIMELINE 54 918 241723164342800 2199500
LATENCY 2230400
TIMELINE 54 934 241723200159900 2230400
LATENCY 2392700
TIMELINE 54 950 241723235931300 2392700
LATENCY 2273700
TIMELINE 54 966 241723272933700 2273700
LATENCY 2174800
TIMELINE 54 982 241723317266700 2174800
LATENCY 2273700
TIMELINE 54 998 241723353346200 2273700
LATENCY 2073600
TIMELINE 54 1014 241723388412200 2073600
LATENCY 2143800
TIMELINE 54 1030 241723424122400 2143800
LATENCY 2255700
TIMELINE 54 1046 241723460447800 2255700
LATENCY 2305500
TIMELINE 54 1062 241723495823400 2305500
LATENCY 2114800
TIMELINE 54 1078 241723531648400 2114800
LATENCY 2174800
TIMELINE 54 1094 241723571343200 2174800
LATENCY 2098300
TIMELINE 54 1110 241723606058500 2098300
LATENCY 2621600
TIMELINE 54 1126 241723647100400 2621600
LATENCY 2649700
TIMELINE 54 1142 241723689787700 2649700
LATENCY 2743800
TIMELINE 54 1158 241723732547000 2743800
LATENCY 2663500
TIMELINE 54 1174 241723779041500 2663500
LATENCY 2767600
TIMELINE 54 1190 241723822158600 2767600
LATENCY 2610800
TIMELINE 54 1206 241723868889000 2610800
LATENCY 2869400
TIMELINE 54 1222 241723919530500 2869400
LATENCY 3004400
TIMELINE 54 1238 241723966832100 3004400
LATENCY 2941800
TIMELINE 54 1254 241724013786500 2941800
LATENCY 2905500
TIMELINE 54 1270 241724059549300 2905500
LATENCY 2720100
TIMELINE 54 1286 241724106334800 2720100
LATENCY 2895400
TIMELINE 54 1302 241724151594800 2895400
LATENCY 2980400
TIMELINE 54 1318 241724197379200 2980400
LATENCY 2779100
TIMELINE 54 1334 241724249024500 2779100
LATENCY 2843100
TIMELINE 54 1350 241724293236800 2843100
LATENCY 2959500
TIMELINE 54 1366 241724339631700 2959500
LATENCY 2802100
TIMELINE 54 1382 241724383774100 2802100
LATENCY 2754800
TIMELINE 54 1398 241724427451300 2754800
LATENCY 2742400
TIMELINE 54 1414 241724475722500 2742400
LATENCY 2679600
TIMELINE 54 1430 241724518139500 2679600
LATENCY 2860700
TIMELINE 54 1446 241724568843000 2860700
LATENCY 2922800
TIMELINE 54 1462 241724616069000 2922800
LATENCY 2947600
TIMELINE 54 1478 241724662934400 2947600
LATENCY 2686600
TIMELINE 54 1494 241724708470600 2686600
LATENCY 2795700
TIMELINE 54 1510 241724752382600 2795700
LATENCY 2790100
TIMELINE 54 1526 241724799769400 2790100
LATENCY 2881000
TIMELINE 54 1542 241724847084400 2881000
LATENCY 8369700
TIMELINE 54 1558 241724893620500 8369700
LATENCY 3394300
TIMELINE 54 1574 241724952017200 3394300
LATENCY 2922300
TIMELINE 54 1590 241725004714000 2922300
LATENCY 2599400
TIMELINE 54 1606 241725053007700 2599400
LATENCY 2929000
TIMELINE 54 1622 241725097520300 2929000
LATENCY 2932400
TIMELINE 54 1638 241725144350700 2932400
LATENCY 2658200
TIMELINE 54 1654 241725188193500 2658200
LATENCY 2861400
TIMELINE 54 1670 241725234162400 2861400
LATENCY 2867000
TIMELINE 54 1686 241725284635100 2867000
LATENCY 4154400
TIMELINE 54 1702 241725330724200 4154400
LATENCY 2631600
TIMELINE 54 1718 241725375355400 2631600
LATENCY 2812100
TIMELINE 54 1734 241725420759600 2812100
LATENCY 2915800
TIMELINE 54 1750 241725467070400 2915800
LATENCY 2859200
TIMELINE 54 1766 241725513978400 2859200
LATENCY 2849100
TIMELINE 54 1782 241725559926300 2849100
LATENCY 2701800
TIMELINE 54 1798 241725609021300 2701800
LATENCY 2575400
TIMELINE 54 1814 241725651374000 2575400
LATENCY 2727700
TIMELINE 54 1830 241725697279500 2727700
LATENCY 2740300
TIMELINE 54 1846 241725745937700 2740300
LATENCY 2767100
TIMELINE 54 1862 241725790610500 2767100
LATENCY 2782700
TIMELINE 54 1878 241725835029200 2782700
LATENCY 3006600
TIMELINE 54 1894 241725880975600 3006600
LATENCY 2737900
TIMELINE 54 1910 241725931106500 2737900
LATENCY 2573000
TIMELINE 54 1926 241725974809600 2573000
LATENCY 2623300
TIMELINE 54 1942 241726021583900 2623300
LATENCY 2603800
TIMELINE 54 1958 241726063923400 2603800
LATENCY 2594500
TIMELINE 54 1974 241726105757700 2594500
LATENCY 2755500
TIMELINE 54 1990 241726148448900 2755500
LATENCY 2590800
TIMELINE 54 2006 241726192098500 2590800
LATENCY 2718900
TIMELINE 54 2022 241726235727400 2718900
LATENCY 2559500
TIMELINE 54 2038 241726282433100 2559500
LATENCY 6001700
TIMELINE 55 7 241720776083100 6001700
LATENCY 5168400
TIMELINE 55 23 241720843952800 5168400
LATENCY 4500500
TIMELINE 55 39 241720914708100 4500500
LATENCY 3427300
TIMELINE 55 55 241720977413900 3427300
LATENCY 2782400
TIMELINE 55 71 241721036475800 2782400
LATENCY 4128500
TIMELINE 55 87 241721094947400 4128500
LATENCY 3923900
TIMELINE 55 103 241721147148200 3923900
LATENCY 2889500
TIMELINE 55 119 241721211131500 2889500
LATENCY 3770700
TIMELINE 55 135 241721261405700 3770700
LATENCY 4006100
TIMELINE 55 151 241721315899400 4006100
LATENCY 4377200
TIMELINE 55 167 241721372053400 4377200
LATENCY 2420500
TIMELINE 55 183 241721424489000 2420500
LATENCY 2305300
TIMELINE 55 199 241721462290200 2305300
LATENCY 2356900
TIMELINE 55 215 241721499174000 2356900
LATENCY 2260700
TIMELINE 55 231 241721535638800 2260700
LATENCY 2214300
TIMELINE 55 247 241721580856200 2214300
LATENCY 2355700
TIMELINE 55 263 241721617357000 2355700
LATENCY 3123600
TIMELINE 55 279 241721656938800 3123600
LATENCY 2326200
TIMELINE 55 295 241721699503600 2326200
LATENCY 2306100
TIMELINE 55 311 241721738078900 2306100
LATENCY 2279600
TIMELINE 55 327 241721775683300 2279600
LATENCY 2315000
TIMELINE 55 343 241721813127000 2315000
LATENCY 2278200
TIMELINE 55 359 241721850299600 2278200
LATENCY 2294200
TIMELINE 55 375 241721894274100 2294200
LATENCY 2246900
TIMELINE 55 391 241721931869100 2246900
LATENCY 2380300
TIMELINE 55 407 241721968228000 2380300
LATENCY 2334100
TIMELINE 55 423 241722005223800 2334100
LATENCY 2288200
TIMELINE 55 439 241722042955800 2288200
LATENCY 2107900
TIMELINE 55 455 241722079497900 2107900
LATENCY 2425700
TIMELINE 55 471 241722114430400 2425700
LATENCY 2236300
TIMELINE 55 487 241722151098500 2236300
LATENCY 2460100
TIMELINE 55 503 241722194404300 2460100
LATENCY 2269500
TIMELINE 55 519 241722231336700 2269500
LATENCY 2273700
TIMELINE 55 535 241722267688400 2273700
LATENCY 2311500
TIMELINE 55 551 241722303971300 2311500
LATENCY 2245100
TIMELINE 55 567 241722340467500 2245100
LATENCY 2220000
TIMELINE 55 583 241722376739400 2220000
LATENCY 2173900
TIMELINE 55 599 241722412396100 2173900
LATENCY 2295100
TIMELINE 55 615 241722449155400 2295100
LATENCY 2337900
TIMELINE 55 631 241722493376100 2337900
LATENCY 2252400
TIMELINE 55 647 241722529630200 2252400
LATENCY 2265300
TIMELINE 55 663 241722565847500 2265300
LATENCY 2231800
TIMELINE 55 679 241722602306200 2231800
LATENCY 2217300
TIMELINE 55 695 241722639105800 2217300
LATENCY 2204800
TIMELINE 55 711 241722675126400 2204800
LATENCY 2131300
TIMELINE 55 727 241722711617300 2131300
LATENCY 2376500
TIMELINE 55 743 241722754299400 2376500
LATENCY 2164400
TIMELINE 55 759 241722791340500 2164400
LATENCY 2410300
TIMELINE 55 775 241722827229100 2410300
LATENCY 2321100
TIMELINE 55 791 241722864134500 2321100
LATENCY 2238400
TIMELINE 55 807 241722900403300 2238400
LATENCY 2219900
TIMELINE 55 823 241722937097800 2219900
LATENCY 2134900
TIMELINE 55 839 241722973310900 2134900
LATENCY 2409800
TIMELINE 55 855 241723008821600 2409800
LATENCY 2207800
TIMELINE 55 871 241723052767900 2207800
LATENCY 2154900
TIMELINE 55 887 241723089108900 2154900
LATENCY 2266700
TIMELINE 55 903 241723125399400 2266700
LATENCY 2151700
TIMELINE 55 919 241723161285700 2151700
LATENCY 2256800
TIMELINE 55 935 241723197010000 2256800
LATENCY 2211900
TIMELINE 55 951 241723232824900 2211900
LATENCY 2395300
TIMELINE 55 967 241723269599300 2395300
LATENCY 2364300
TIMELINE 55 983 241723313988400 2364300
LATENCY 2205000
TIMELINE 55 999 241723350885000 2205000
LATENCY 2118200
TIMELINE 55 1015 241723386017600 2118200
LATENCY 2276600
TIMELINE 55 1031 241723421874400 2276600
LATENCY 2228500
TIMELINE 55 1047 241723458185000 2228500
LATENCY 2200800
TIMELINE 55 1063 241723493590800 2200800
LATENCY 2143100
TIMELINE 55 1079 241723529387900 2143100
LATENCY 2348100
TIMELINE 55 1095 241723568961400 2348100
LATENCY 2109600
TIMELINE 55 1111 241723603917900 2109600
LATENCY 2708400
TIMELINE 55 1127 241723644345700 2708400
LATENCY 2893800
TIMELINE 55 1143 241723686821300 2893800
LATENCY 2746600
TIMELINE 55 1159 241723729716000 2746600
LATENCY 2591600
TIMELINE 55 1175 241723776369000 2591600
LATENCY 2492600
TIMELINE 55 1191 241723819606100 2492600
LATENCY 2595000
TIMELINE 55 1207 241723866216900 2595000
LATENCY 2910800
TIMELINE 55 1223 241723916658700 2910800
LATENCY 3179400
TIMELINE 55 1239 241723963712700 3179400
LATENCY 2905900
TIMELINE 55 1255 241724010966300 2905900
LATENCY 2860500
TIMELINE 55 1271 241724056765600 2860500
LATENCY 2955000
TIMELINE 55 1287 241724103419000 2955000
LATENCY 3000900
TIMELINE 55 1303 241724148636200 3000900
LATENCY 2693100
TIMELINE 55 1319 241724194726500 2693100
LATENCY 2759700
TIMELINE 55 1335 241724246302100 2759700
LATENCY 2728200
TIMELINE 55 1351 241724290662900 2728200
LATENCY 2914200
TIMELINE 55 1367 241724336838800 2914200
LATENCY 2680500
TIMELINE 55 1383 241724381221300 2680500
LATENCY 2767300
TIMELINE 55 1399 241724424776600 2767300
LATENCY 2690500
TIMELINE 55 1415 241724473122600 2690500
LATENCY 2871200
TIMELINE 55 1431 241724515455400 2871200
LATENCY 2828200
TIMELINE 55 1447 241724566202100 2828200
LATENCY 2943400
TIMELINE 55 1463 241724613409700 2943400
LATENCY 2948100
TIMELINE 55 1479 241724660266900 2948100
LATENCY 2689400
TIMELINE 55 1495 241724706013200 2689400
LATENCY 2794100
TIMELINE 55 1511 241724749915100 2794100
LATENCY 2786900
TIMELINE 55 1527 241724797117900 2786900
LATENCY 2686800
TIMELINE 55 1543 241724844804700 2686800
LATENCY 2999800
TIMELINE 55 1559 241724891068600 2999800
LATENCY 3303900
TIMELINE 55 1575 241724949120600 3303900
LATENCY 2982600
TIMELINE 55 1591 241725002125200 2982600
LATENCY 2722500
TIMELINE 55 1607 241725050653700 2722500
LATENCY 5385900
TIMELINE 55 1623 241725092546900 5385900
LATENCY 2899400
TIMELINE 55 1639 241725141838000 2899400
LATENCY 2579300
TIMELINE 55 1655 241725185936400 2579300
LATENCY 2824300
TIMELINE 55 1671 241725231732500 2824300
LATENCY 2777800
TIMELINE 55 1687 241725282259300 2777800
LATENCY 2512200
TIMELINE 55 1703 241725328584300 2512200
LATENCY 2574200
TIMELINE 55 1719 241725372075500 2574200
LATENCY 2807100
TIMELINE 55 1735 241725417218200 2807100
LATENCY 2905700
TIMELINE 55 1751 241725463319900 2905700
LATENCY 2843000
TIMELINE 55 1767 241725510305700 2843000
LATENCY 2871600
TIMELINE 55 1783 241725556208300 2871600
LATENCY 2555000
TIMELINE 55 1799 241725605714800 2555000
LATENCY 2610300
TIMELINE 55 1815 241725648020500 2610300
LATENCY 2788300
TIMELINE 55 1831 241725693610900 2788300
LATENCY 2920400
TIMELINE 55 1847 241725742189800 2920400
LATENCY 2782700
TIMELINE 55 1863 241725786978300 2782700
LATENCY 2697500
TIMELINE 55 1879 241725831483100 2697500
LATENCY 2926200
TIMELINE 55 1895 241725875326900 2926200
LATENCY 2716800
TIMELINE 55 1911 241725925739300 2716800
LATENCY 2600800
TIMELINE 55 1927 241725969619800 2600800
LATENCY 2720900
TIMELINE 55 1943 241726015617600 2720900
LATENCY 2564500
TIMELINE 55 1959 241726058271800 2564500
LATENCY 2545800
TIMELINE 55 1975 241726100017100 2545800
LATENCY 2668200
TIMELINE 55 1991 241726142599900 2668200
LATENCY 2668200
TIMELINE 55 2007 241726186297600 2668200
LATENCY 2751900
TIMELINE 55 2023 241726229722600 2751900
LATENCY 2715700
TIMELINE 55 2039 241726276605500 2715700
LATENCY 4568700
TIMELINE 56 8 241720782252300 4568700
LATENCY 4795600
TIMELINE 56 24 241720849202300 4795600
LATENCY 4460400
TIMELINE 56 40 241720919280500 4460400
LATENCY 3352700
TIMELINE 56 56 241720980979400 3352700
LATENCY 2786600
TIMELINE 56 72 241721039336100 2786600
LATENCY 3108700
TIMELINE 56 88 241721099030900 3108700
LATENCY 13425400
TIMELINE 56 104 241721151130300 13425400
LATENCY 3015300
TIMELINE 56 120 241721211641400 3015300
LATENCY 3662900
TIMELINE 56 136 241721262248800 3662900
LATENCY 4008000
TIMELINE 56 152 241721316782300 4008000
LATENCY 4393500
TIMELINE 56 168 241721373042200 4393500
LATENCY 2482800
TIMELINE 56 184 241721425060200 2482800
LATENCY 2302900
TIMELINE 56 200 241721462858100 2302900
LATENCY 2424300
TIMELINE 56 216 241721499818100 2424300
LATENCY 2228400
TIMELINE 56 232 241721536257400 2228400
LATENCY 2219400
TIMELINE 56 248 241721581460200 2219400
LATENCY 2329800
TIMELINE 56 264 241721618063300 2329800
LATENCY 2958200
TIMELINE 56 280 241721657791300 2958200
LATENCY 2356400
TIMELINE 56 296 241721699993100 2356400
LATENCY 2304200
TIMELINE 56 312 241721738560500 2304200
LATENCY 2290900
TIMELINE 56 328 241721776240400 2290900
LATENCY 2326200
TIMELINE 56 344 241721813746000 2326200
LATENCY 2308800
TIMELINE 56 360 241721851108300 2308800
LATENCY 2302000
TIMELINE 56 376 241721895002600 2302000
LATENCY 2237900
TIMELINE 56 392 241721932593500 2237900
LATENCY 2480000
TIMELINE 56 408 241721969075400 2480000
LATENCY 2390400
TIMELINE 56 424 241722006105600 2390400
LATENCY 2306100
TIMELINE 56 440 241722043892900 2306100
LATENCY 3865000
TIMELINE 56 456 241722080409200 3865000
LATENCY 2288100
TIMELINE 56 472 241722118870400 2288100
LATENCY 2233500
TIMELINE 56 488 241722155287300 2233500
LATENCY 2260000
TIMELINE 56 504 241722198849400 2260000
LATENCY 2267700
TIMELINE 56 520 241722235574100 2267700
LATENCY 2320000
TIMELINE 56 536 241722271843500 2320000
LATENCY 2378500
TIMELINE 56 552 241722308163900 2378500
LATENCY 2222500
TIMELINE 56 568 241722344537900 2222500
LATENCY 2201700
TIMELINE 56 584 241722380780400 2201700
LATENCY 2361900
TIMELINE 56 600 241722416505400 2361900
LATENCY 2273400
TIMELINE 56 616 241722453338400 2273400
LATENCY 2350800
TIMELINE 56 632 241722499299800 2350800
LATENCY 2198900
TIMELINE 56 648 241722535197600 2198900
LATENCY 2243000
TIMELINE 56 664 241722571479200 2243000
LATENCY 2180600
TIMELINE 56 680 241722608344900 2180600
LATENCY 2213800
TIMELINE 56 696 241722644729800 2213800
LATENCY 2298700
TIMELINE 56 712 241722681007800 2298700
LATENCY 2244000
TIMELINE 56 728 241722717257800 2244000
LATENCY 2299600
TIMELINE 56 744 241722760889400 2299600
LATENCY 2181900
TIMELINE 56 760 241722797135200 2181900
LATENCY 2239900
TIMELINE 56 776 241722833218500 2239900
LATENCY 2291500
TIMELINE 56 792 241722870024800 2291500
LATENCY 3365800
TIMELINE 56 808 241722906729100 3365800
LATENCY 2416800
TIMELINE 56 824 241722943544700 2416800
LATENCY 2168100
TIMELINE 56 840 241722979576800 2168100
LATENCY 2373100
TIMELINE 56 856 241723015602500 2373100
LATENCY 2373900
TIMELINE 56 872 241723059152600 2373900
LATENCY 2249300
TIMELINE 56 888 241723095673800 2249300
LATENCY 2242400
TIMELINE 56 904 241723131708000 2242400
LATENCY 2307700
TIMELINE 56 920 241723167551500 2307700
LATENCY 2263800
TIMELINE 56 936 241723203345700 2263800
LATENCY 2287700
TIMELINE 56 952 241723239384700 2287700
LATENCY 2319800
TIMELINE 56 968 241723276151100 2319800
LATENCY 2224900
TIMELINE 56 984 241723320329700 2224900
LATENCY 2170600
TIMELINE 56 1000 241723355976200 2170600
LATENCY 2192600
TIMELINE 56 1016 241723390862800 2192600
LATENCY 2274600
TIMELINE 56 1032 241723426895700 2274600
LATENCY 2202000
TIMELINE 56 1048 241723463385100 2202000
LATENCY 2238100
TIMELINE 56 1064 241723498811800 2238100
LATENCY 2193700
TIMELINE 56 1080 241723534347400 2193700
LATENCY 2168800
TIMELINE 56 1096 241723573987100 2168800
LATENCY 2087000
TIMELINE 56 1112 241723608685400 2087000
LATENCY 2608600
TIMELINE 56 1128 241723650315900 2608600
LATENCY 2691400
TIMELINE 56 1144 241723693059800 2691400
LATENCY 2827000
TIMELINE 56 1160 241723735981200 2827000
LATENCY 2551000
TIMELINE 56 1176 241723783139800 2551000
LATENCY 2712700
TIMELINE 56 1192 241723826430400 2712700
LATENCY 2596700
TIMELINE 56 1208 241723872948400 2596700
LATENCY 2876800
TIMELINE 56 1224 241723924071100 2876800
LATENCY 3021400
TIMELINE 56 1240 241723971551800 3021400
LATENCY 2907200
TIMELINE 56 1256 241724018472200 2907200
LATENCY 2959000
TIMELINE 56 1272 241724064320900 2959000
LATENCY 2678700
TIMELINE 56 1288 241724110621000 2678700
LATENCY 2892500
TIMELINE 56 1304 241724156140000 2892500
LATENCY 2892000
TIMELINE 56 1320 241724202129500 2892000
LATENCY 2780100
TIMELINE 56 1336 241724253382800 2780100
LATENCY 2795000
TIMELINE 56 1352 241724298454000 2795000
LATENCY 2886900
TIMELINE 56 1368 241724345021200 2886900
LATENCY 2675100
TIMELINE 56 1384 241724388924400 2675100
LATENCY 2680400
TIMELINE 56 1400 241724432473000 2680400
LATENCY 2747100
TIMELINE 56 1416 241724480876100 2747100
LATENCY 2886600
TIMELINE 56 1432 241724523199800 2886600
LATENCY 2923400
TIMELINE 56 1448 241724574224400 2923400
LATENCY 3067700
TIMELINE 56 1464 241724621576600 3067700
LATENCY 3305400
TIMELINE 56 1480 241724668515200 3305400
LATENCY 2750000
TIMELINE 56 1496 241724713610100 2750000
LATENCY 2984900
TIMELINE 56 1512 241724758060900 2984900
LATENCY 2785200
TIMELINE 56 1528 241724805363700 2785200
LATENCY 2848300
TIMELINE 56 1544 241724853155900 2848300
LATENCY 3351900
TIMELINE 56 1560 241724905600600 3351900
LATENCY 3345800
TIMELINE 56 1576 241724958754700 3345800
LATENCY 3066600
TIMELINE 56 1592 241725010830200 3066600
LATENCY 2584600
TIMELINE 56 1608 241725058328200 2584600
LATENCY 2855500
TIMELINE 56 1624 241725103514900 2855500
LATENCY 2804500
TIMELINE 56 1640 241725150510000 2804500
LATENCY 2913100
TIMELINE 56 1656 241725193717700 2913100
LATENCY 2785900
TIMELINE 56 1672 241725240163100 2785900
LATENCY 2866500
TIMELINE 56 1688 241725290721200 2866500
LATENCY 3038300
TIMELINE 56 1704 241725337005500 3038300
LATENCY 3054800
TIMELINE 56 1720 241725380210700 3054800
LATENCY 2780800
TIMELINE 56 1736 241725425620700 2780800
LATENCY 2892600
TIMELINE 56 1752 241725472130300 2892600
LATENCY 2831600
TIMELINE 56 1768 241725518947300 2831600
LATENCY 2904800
TIMELINE 56 1784 241725564876000 2904800
LATENCY 2642600
TIMELINE 56 1800 241725613702400 2642600
LATENCY 2567300
TIMELINE 56 1816 241725655875100 2567300
LATENCY 2848100
TIMELINE 56 1832 241725702049800 2848100
LATENCY 2773000
TIMELINE 56 1848 241725750712800 2773000
LATENCY 2717000
TIMELINE 56 1864 241725795407200 2717000
LATENCY 2693000
TIMELINE 56 1880 241725839857600 2693000
LATENCY 2858800
TIMELINE 56 1896 241725884729200 2858800
LATENCY 2710000
TIMELINE 56 1912 241725934640300 2710000
LATENCY 2588000
TIMELINE 56 1928 241725978203700 2588000
LATENCY 2935100
TIMELINE 56 1944 241726023222000 2935100
LATENCY 2644500
TIMELINE 56 1960 241726065570900 2644500
LATENCY 2644100
TIMELINE 56 1976 241726107395700 2644100
LATENCY 2685400
TIMELINE 56 1992 241726150253500 2685400
LATENCY 2628000
TIMELINE 56 2008 241726193716900 2628000
LATENCY 7493800
TIMELINE 56 2024 241726237407300 7493800
LATENCY 2583600
TIMELINE 56 2040 241726284032300 2583600
LATENCY 5184300
TIMELINE 57 9 241720786719100 5184300
LATENCY 4784600
TIMELINE 57 25 241720853857900 4784600
LATENCY 4556300
TIMELINE 57 41 241720923496900 4556300
LATENCY 2705700
TIMELINE 57 57 241720984180600 2705700
LATENCY 2774300
TIMELINE 57 73 241721042013500 2774300
LATENCY 2958900
TIMELINE 57 89 241721102060200 2958900
LATENCY 3938800
TIMELINE 57 105 241721164386800 3938800
LATENCY 3354500
TIMELINE 57 121 241721215436200 3354500
LATENCY 3933300
TIMELINE 57 137 241721266537800 3933300
LATENCY 3970400
TIMELINE 57 153 241721321419200 3970400
LATENCY 4442300
TIMELINE 57 169 241721378063500 4442300
LATENCY 2426500
TIMELINE 57 185 241721427881900 2426500
LATENCY 2370500
TIMELINE 57 201 241721465536900 2370500
LATENCY 2346800
TIMELINE 57 217 241721502537300 2346800
LATENCY 2293000
TIMELINE 57 233 241721538764500 2293000
LATENCY 2242100
TIMELINE 57 249 241721583951900 2242100
LATENCY 2302100
TIMELINE 57 265 241721620581800 2302100
LATENCY 2582100
TIMELINE 57 281 241721661055500 2582100
LATENCY 2866300
TIMELINE 57 297 241721702542000 2866300
LATENCY 2236700
TIMELINE 57 313 241721741021600 2236700
LATENCY 2292200
TIMELINE 57 329 241721778655000 2292200
LATENCY 2313300
TIMELINE 57 345 241721816138600 2313300
LATENCY 2264700
TIMELINE 57 361 241721853324900 2264700
LATENCY 2237300
TIMELINE 57 377 241721897274100 2237300
LATENCY 2205400
TIMELINE 57 393 241721934803400 2205400
LATENCY 2330100
TIMELINE 57 409 241721971428500 2330100
LATENCY 2218200
TIMELINE 57 425 241722008377700 2218200
LATENCY 2289200
TIMELINE 57 441 241722046073700 2289200
LATENCY 2571700
TIMELINE 57 457 241722083933700 2571700
LATENCY 2330900
TIMELINE 57 473 241722120917600 2330900
LATENCY 2225600
TIMELINE 57 489 241722157462200 2225600
LATENCY 2210800
TIMELINE 57 505 241722200982100 2210800
LATENCY 2255000
TIMELINE 57 521 241722237753300 2255000
LATENCY 2293800
TIMELINE 57 537 241722274071600 2293800
LATENCY 2307700
TIMELINE 57 553 241722310467700 2307700
LATENCY 2233200
TIMELINE 57 569 241722346701900 2233200
LATENCY 2261200
TIMELINE 57 585 241722382899200 2261200
LATENCY 2350500
TIMELINE 57 601 241722418782200 2350500
LATENCY 2272800
TIMELINE 57 617 241722455523800 2272800
LATENCY 2289000
TIMELINE 57 633 241722500744000 2289000
LATENCY 2159900
TIMELINE 57 649 241722536547400 2159900
LATENCY 2332600
TIMELINE 57 665 241722572995700 2332600
LATENCY 2165900
TIMELINE 57 681 241722609787200 2165900
LATENCY 2216000
TIMELINE 57 697 241722646191700 2216000
LATENCY 2370800
TIMELINE 57 713 241722682672200 2370800
LATENCY 2170600
TIMELINE 57 729 241722718826600 2170600
LATENCY 2217700
TIMELINE 57 745 241722762394000 2217700
LATENCY 2272100
TIMELINE 57 761 241722798467200 2272100
LATENCY 2252500
TIMELINE 57 777 241722834621600 2252500
LATENCY 2310000
TIMELINE 57 793 241722871657100 2310000
LATENCY 2192500
TIMELINE 57 809 241722910156500 2192500
LATENCY 2338800
TIMELINE 57 825 241722946033100 2338800
LATENCY 2176600
TIMELINE 57 841 241722981806000 2176600
LATENCY 2217200
TIMELINE 57 857 241723018068300 2217200
LATENCY 2270500
TIMELINE 57 873 241723061588200 2270500
LATENCY 2200500
TIMELINE 57 889 241723098012600 2200500
LATENCY 2242500
TIMELINE 57 905 241723134072300 2242500
LATENCY 2154200
TIMELINE 57 921 241723169986800 2154200
LATENCY 2255500
TIMELINE 57 937 241723205732900 2255500
LATENCY 2207000
TIMELINE 57 953 241723241792700 2207000
LATENCY 2285900
TIMELINE 57 969 241723278632100 2285900
LATENCY 2143600
TIMELINE 57 985 241723322769400 2143600
LATENCY 2209400
TIMELINE 57 1001 241723358555100 2209400
LATENCY 2250300
TIMELINE 57 1017 241723393491900 2250300
LATENCY 2341700
TIMELINE 57 1033 241723429468000 2341700
LATENCY 2180400
TIMELINE 57 1049 241723465651000 2180400
LATENCY 2207800
TIMELINE 57 1065 241723501146000 2207800
LATENCY 2146200
TIMELINE 57 1081 241723536664100 2146200
LATENCY 2194200
TIMELINE 57 1097 241723576321100 2194200
LATENCY 2138600
TIMELINE 57 1113 241723610934100 2138600
LATENCY 2624500
TIMELINE 57 1129 241723653142500 2624500
LATENCY 2662100
TIMELINE 57 1145 241723695931900 2662100
LATENCY 2862600
TIMELINE 57 1161 241723739011600 2862600
LATENCY 2638800
TIMELINE 57 1177 241723786534600 2638800
LATENCY 2693800
TIMELINE 57 1193 241723829981400 2693800
LATENCY 2618500
TIMELINE 57 1209 241723876360100 2618500
LATENCY 2897300
TIMELINE 57 1225 241723927821300 2897300
LATENCY 3006100
TIMELINE 57 1241 241723975495300 3006100
LATENCY 2972400
TIMELINE 57 1257 241724022307500 2972400
LATENCY 2895300
TIMELINE 57 1273 241724068229400 2895300
LATENCY 2703500
TIMELINE 57 1289 241724114182500 2703500
LATENCY 2834600
TIMELINE 57 1305 241724159938200 2834600
LATENCY 2948100
TIMELINE 57 1321 241724205955100 2948100
LATENCY 2749200
TIMELINE 57 1337 241724257039900 2749200
LATENCY 2734100
TIMELINE 57 1353 241724302780300 2734100
LATENCY 2939700
TIMELINE 57 1369 241724349638800 2939700
LATENCY 2680600
TIMELINE 57 1385 241724393189500 2680600
LATENCY 5552200
TIMELINE 57 1401 241724437315600 5552200
LATENCY 2565300
TIMELINE 57 1417 241724485098300 2565300
LATENCY 3117900
TIMELINE 57 1433 241724527719900 3117900
LATENCY 3134900
TIMELINE 57 1449 241724578808800 3134900
LATENCY 2775100
TIMELINE 57 1465 241724626257300 2775100
LATENCY 2848800
TIMELINE 57 1481 241724673320500 2848800
LATENCY 2745200
TIMELINE 57 1497 241724718079700 2745200
LATENCY 3013600
TIMELINE 57 1513 241724762713800 3013600
LATENCY 2793300
TIMELINE 57 1529 241724808862000 2793300
LATENCY 3080500
TIMELINE 57 1545 241724856848700 3080500
LATENCY 3452800
TIMELINE 57 1561 241724910104500 3452800
LATENCY 3436500
TIMELINE 57 1577 241724963078000 3436500
LATENCY 2981400
TIMELINE 57 1593 241725014725700 2981400
LATENCY 2563500
TIMELINE 57 1609 241725061642500 2563500
LATENCY 2867000
TIMELINE 57 1625 241725107102100 2867000
LATENCY 2663200
TIMELINE 57 1641 241725154007800 2663200
LATENCY 2914600
TIMELINE 57 1657 241725197365200 2914600
LATENCY 7350800
TIMELINE 57 1673 241725243664000 7350800
LATENCY 2891600
TIMELINE 57 1689 241725294192600 2891600
LATENCY 2789500
TIMELINE 57 1705 241725339570700 2789500
LATENCY 3025000
TIMELINE 57 1721 241725382779800 3025000
LATENCY 2720000
TIMELINE 57 1737 241725427915200 2720000
LATENCY 2925300
TIMELINE 57 1753 241725474470500 2925300
LATENCY 2883700
TIMELINE 57 1769 241725521240900 2883700
LATENCY 2917600
TIMELINE 57 1785 241725567210500 2917600
LATENCY 2611000
TIMELINE 57 1801 241725615835900 2611000
LATENCY 2557600
TIMELINE 57 1817 241725657975300 2557600
LATENCY 2762700
TIMELINE 57 1833 241725704344800 2762700
LATENCY 2988800
TIMELINE 57 1849 241725752940900 2988800
LATENCY 2732600
TIMELINE 57 1865 241725797606500 2732600
LATENCY 2685600
TIMELINE 57 1881 241725842050200 2685600
LATENCY 2926600
TIMELINE 57 1897 241725886271200 2926600
LATENCY 2579500
TIMELINE 57 1913 241725936175600 2579500
LATENCY 2579900
TIMELINE 57 1929 241725979615700 2579900
LATENCY 2716300
TIMELINE 57 1945 241726026020300 2716300
LATENCY 2562500
TIMELINE 57 1961 241726068113300 2562500
LATENCY 2602200
TIMELINE 57 1977 241726109934300 2602200
LATENCY 2655200
TIMELINE 57 1993 241726152784800 2655200
LATENCY 2585100
TIMELINE 57 2009 241726196198000 2585100
LATENCY 2792600
TIMELINE 57 2025 241726244749400 2792600
LATENCY 2619500
TIMELINE 57 2041 241726286479100 2619500
LATENCY 5110800
TIMELINE 58 10 241720793106000 5110800
LATENCY 4913300
TIMELINE 58 26 241720859861800 4913300
LATENCY 4887900
TIMELINE 58 42 241720929287900 4887900
LATENCY 4403500
TIMELINE 58 58 241720987650100 4403500
LATENCY 3399700
TIMELINE 58 74 241721045533900 3399700
LATENCY 2780900
TIMELINE 58 90 241721105680800 2780900
LATENCY 5765800
TIMELINE 58 106 241721168855300 5765800
LATENCY 3006400
TIMELINE 58 122 241721220726100 3006400
LATENCY 3943100
TIMELINE 58 138 241721272962100 3943100
LATENCY 4498100
TIMELINE 58 154 241721328238300 4498100
LATENCY 4459300
TIMELINE 58 170 241721385629600 4459300
LATENCY 2322100
TIMELINE 58 186 241721431823500 2322100
LATENCY 2214000
TIMELINE 58 202 241721469283700 2214000
LATENCY 2280800
TIMELINE 58 218 241721506417700 2280800
LATENCY 9148200
TIMELINE 58 234 241721542673500 9148200
LATENCY 2265400
TIMELINE 58 250 241721587654800 2265400
LATENCY 2319700
TIMELINE 58 266 241721624542000 2319700
LATENCY 2852600
TIMELINE 58 282 241721665483200 2852600
LATENCY 2407700
TIMELINE 58 298 241721706703600 2407700
LATENCY 2255800
TIMELINE 58 314 241721744280000 2255800
LATENCY 2366800
TIMELINE 58 330 241721781963900 2366800
LATENCY 2265300
TIMELINE 58 346 241721819514500 2265300
LATENCY 2259500
TIMELINE 58 362 241721856668000 2259500
LATENCY 2432200
TIMELINE 58 378 241721900553500 2432200
LATENCY 2263200
TIMELINE 58 394 241721937959700 2263200
LATENCY 2263100
TIMELINE 58 410 241721974780300 2263100
LATENCY 2286000
TIMELINE 58 426 241722011614900 2286000
LATENCY 2368300
TIMELINE 58 442 241722049454600 2368300
LATENCY 2270300
TIMELINE 58 458 241722086717400 2270300
LATENCY 2192200
TIMELINE 58 474 241722123487100 2192200
LATENCY 2285800
TIMELINE 58 490 241722159934700 2285800
LATENCY 2215900
TIMELINE 58 506 241722203435400 2215900
LATENCY 2269900
TIMELINE 58 522 241722240198800 2269900
LATENCY 2236500
TIMELINE 58 538 241722276613200 2236500
LATENCY 2365300
TIMELINE 58 554 241722313038200 2365300
LATENCY 2165300
TIMELINE 58 570 241722349176500 2165300
LATENCY 2283900
TIMELINE 58 586 241722385453200 2283900
LATENCY 2249700
TIMELINE 58 602 241722421407500 2249700
LATENCY 9516100
TIMELINE 58 618 241722458087100 9516100
LATENCY 2237100
TIMELINE 58 634 241722502755800 2237100
LATENCY 2213700
TIMELINE 58 650 241722538444800 2213700
LATENCY 2356300
TIMELINE 58 666 241722574893400 2356300
LATENCY 2170000
TIMELINE 58 682 241722611457000 2170000
LATENCY 2228100
TIMELINE 58 698 241722647899700 2228100
LATENCY 2369900
TIMELINE 58 714 241722684348200 2369900
LATENCY 2119700
TIMELINE 58 730 241722720375800 2119700
LATENCY 2235900
TIMELINE 58 746 241722763963700 2235900
LATENCY 2383200
TIMELINE 58 762 241722800021100 2383200
LATENCY 2254900
TIMELINE 58 778 241722836224100 2254900
LATENCY 2279300
TIMELINE 58 794 241722873275100 2279300
LATENCY 2196200
TIMELINE 58 810 241722910280800 2196200
LATENCY 2309700
TIMELINE 58 826 241722946214900 2309700
LATENCY 2177400
TIMELINE 58 842 241722981924200 2177400
LATENCY 2198100
TIMELINE 58 858 241723018303100 2198100
LATENCY 2277400
TIMELINE 58 874 241723061738400 2277400
LATENCY 2185300
TIMELINE 58 890 241723098089100 2185300
LATENCY 2240300
TIMELINE 58 906 241723134040800 2240300
LATENCY 2155600
TIMELINE 58 922 241723169956000 2155600
LATENCY 2251800
TIMELINE 58 938 241723205702500 2251800
LATENCY 2205200
TIMELINE 58 954 241723241764000 2205200
LATENCY 2282200
TIMELINE 58 970 241723278569600 2282200
LATENCY 2148800
TIMELINE 58 986 241723322680200 2148800
LATENCY 2214900
TIMELINE 58 1002 241723358614000 2214900
LATENCY 2251500
TIMELINE 58 1018 241723393533000 2251500
LATENCY 2331100
TIMELINE 58 1034 241723429604700 2331100
LATENCY 2207900
TIMELINE 58 1050 241723465805400 2207900
LATENCY 2206800
TIMELINE 58 1066 241723501358900 2206800
LATENCY 2152000
TIMELINE 58 1082 241723536842500 2152000
LATENCY 2193100
TIMELINE 58 1098 241723576516200 2193100
LATENCY 2142600
TIMELINE 58 1114 241723611054100 2142600
LATENCY 2622500
TIMELINE 58 1130 241723653290900 2622500
LATENCY 2675600
TIMELINE 58 1146 241723696075700 2675600
LATENCY 2876900
TIMELINE 58 1162 241723739166200 2876900
LATENCY 2645000
TIMELINE 58 1178 241723786567100 2645000
LATENCY 2701700
TIMELINE 58 1194 241723830023300 2701700
LATENCY 2619600
TIMELINE 58 1210 241723876395800 2619600
LATENCY 2901600
TIMELINE 58 1226 241723927859500 2901600
LATENCY 2992400
TIMELINE 58 1242 241723975416300 2992400
LATENCY 2958000
TIMELINE 58 1258 241724022228000 2958000
LATENCY 2893700
TIMELINE 58 1274 241724068188700 2893700
LATENCY 2709600
TIMELINE 58 1290 241724114139500 2709600
LATENCY 2829600
TIMELINE 58 1306 241724159899900 2829600
LATENCY 2949600
TIMELINE 58 1322 241724205909900 2949600
LATENCY 2735300
TIMELINE 58 1338 241724257007300 2735300
LATENCY 2726800
TIMELINE 58 1354 241724302618800 2726800
LATENCY 2907100
TIMELINE 58 1370 241724349439000 2907100
LATENCY 2674000
TIMELINE 58 1386 241724393019500 2674000
LATENCY 5903000
TIMELINE 58 1402 241724436802200 5903000
LATENCY 2573100
TIMELINE 58 1418 241724484885200 2573100
LATENCY 3113500
TIMELINE 58 1434 241724527472000 3113500
LATENCY 3094700
TIMELINE 58 1450 241724578564200 3094700
LATENCY 2757600
TIMELINE 58 1466 241724626032400 2757600
LATENCY 2761800
TIMELINE 58 1482 241724673140200 2761800
LATENCY 2809300
TIMELINE 58 1498 241724717828200 2809300
LATENCY 3007200
TIMELINE 58 1514 241724762512600 3007200
LATENCY 3173400
TIMELINE 58 1530 241724809960900 3173400
LATENCY 3242300
TIMELINE 58 1546 241724857942500 3242300
LATENCY 3442400
TIMELINE 58 1562 241724911264200 3442400
LATENCY 3325400
TIMELINE 58 1578 241724964340400 3325400
LATENCY 3070700
TIMELINE 58 1594 241725015851800 3070700
LATENCY 2632100
TIMELINE 58 1610 241725062622600 2632100
LATENCY 2889700
TIMELINE 58 1626 241725108204600 2889700
LATENCY 2664800
TIMELINE 58 1642 241725154944500 2664800
LATENCY 2960500
TIMELINE 58 1658 241725198318700 2960500
LATENCY 7452900
TIMELINE 58 1674 241725244605300 7452900
LATENCY 2885000
TIMELINE 58 1690 241725295186800 2885000
LATENCY 2806600
TIMELINE 58 1706 241725339135800 2806600
LATENCY 3032600
TIMELINE 58 1722 241725382315000 3032600
LATENCY 2695200
TIMELINE 58 1738 241725427554500 2695200
LATENCY 2922400
TIMELINE 58 1754 241725474140700 2922400
LATENCY 2887400
TIMELINE 58 1770 241725520907400 2887400
LATENCY 2915500
TIMELINE 58 1786 241725566883000 2915500
LATENCY 2618000
TIMELINE 58 1802 241725615479600 2618000
LATENCY 2570300
TIMELINE 58 1818 241725657622000 2570300
LATENCY 2794600
TIMELINE 58 1834 241725703941700 2794600
LATENCY 2958600
TIMELINE 58 1850 241725752574800 2958600
LATENCY 2732100
TIMELINE 58 1866 241725797252800 2732100
LATENCY 2772200
TIMELINE 58 1882 241725841675600 2772200
LATENCY 2935400
TIMELINE 58 1898 241725886396700 2935400
LATENCY 2577900
TIMELINE 58 1914 241725936249200 2577900
LATENCY 2590700
TIMELINE 58 1930 241725979687700 2590700
LATENCY 2691700
TIMELINE 58 1946 241726026113800 2691700
LATENCY 2566200
TIMELINE 58 1962 241726068173300 2566200
LATENCY 2610800
TIMELINE 58 1978 241726109998900 2610800
LATENCY 2635700
TIMELINE 58 1994 241726152905500 2635700
LATENCY 2595900
TIMELINE 58 2010 241726196304600 2595900
LATENCY 2794600
TIMELINE 58 2026 241726244857500 2794600
LATENCY 2616800
TIMELINE 58 2042 241726286579800 2616800
LATENCY 3946200
TIMELINE 59 11 241720798299300 3946200
LATENCY 4821800
TIMELINE 59 27 241720865166600 4821800
LATENCY 4750500
TIMELINE 59 43 241720934462200 4750500
LATENCY 4508900
TIMELINE 59 59 241720992466300 4508900
LATENCY 4110100
TIMELINE 59 75 241721049264600 4110100
LATENCY 3016700
TIMELINE 59 91 241721108776100 3016700
LATENCY 3765800
TIMELINE 59 107 241721174057700 3765800
LATENCY 4168800
TIMELINE 59 123 241721223298700 4168800
LATENCY 3748400
TIMELINE 59 139 241721276324200 3748400
LATENCY 5199800
TIMELINE 59 155 241721332132200 5199800
LATENCY 4633800
TIMELINE 59 171 241721389590200 4633800
LATENCY 2335200
TIMELINE 59 187 241721433959400 2335200
LATENCY 2368800
TIMELINE 59 203 241721471347000 2368800
LATENCY 2284900
TIMELINE 59 219 241721508372700 2284900
LATENCY 2376100
TIMELINE 59 235 241721551549600 2376100
LATENCY 2317200
TIMELINE 59 251 241721589659800 2317200
LATENCY 2292400
TIMELINE 59 267 241721626604500 2292400
LATENCY 2520300
TIMELINE 59 283 241721668724000 2520300
LATENCY 2327200
TIMELINE 59 299 241721709534000 2327200
LATENCY 2270400
TIMELINE 59 315 241721746958200 2270400
LATENCY 2329100
TIMELINE 59 331 241721784829600 2329100
LATENCY 2312100
TIMELINE 59 347 241721822455000 2312100
LATENCY 2251800
TIMELINE 59 363 241721859558800 2251800
LATENCY 2379900
TIMELINE 59 379 241721903779400 2379900
LATENCY 2365400
TIMELINE 59 395 241721940917200 2365400
LATENCY 2392800
TIMELINE 59 411 241721977736200 2392800
LATENCY 2398300
TIMELINE 59 427 241722014610400 2398300
LATENCY 2303200
TIMELINE 59 443 241722052457000 2303200
LATENCY 2250600
TIMELINE 59 459 241722091185500 2250600
LATENCY 2258900
TIMELINE 59 475 241722127703000 2258900
LATENCY 2274200
TIMELINE 59 491 241722164288500 2274200
LATENCY 2256800
TIMELINE 59 507 241722207741400 2256800
LATENCY 2240500
TIMELINE 59 523 241722244709600 2240500
LATENCY 2236900
TIMELINE 59 539 241722281031500 2236900
LATENCY 2227000
TIMELINE 59 555 241722317552500 2227000
LATENCY 2278500
TIMELINE 59 571 241722353623600 2278500
LATENCY 2231700
TIMELINE 59 587 241722389885300 2231700
LATENCY 2280200
TIMELINE 59 603 241722425826200 2280200
LATENCY 2508100
TIMELINE 59 619 241722470388000 2508100
LATENCY 2274000
TIMELINE 59 635 241722507127700 2274000
LATENCY 2311400
TIMELINE 59 651 241722542769100 2311400
LATENCY 2235800
TIMELINE 59 667 241722579365500 2235800
LATENCY 2170200
TIMELINE 59 683 241722615789600 2170200
LATENCY 2228800
TIMELINE 59 699 241722652488400 2228800
LATENCY 2300300
TIMELINE 59 715 241722689113500 2300300
LATENCY 2162900
TIMELINE 59 731 241722724725600 2162900
LATENCY 2452900
TIMELINE 59 747 241722768711500 2452900
LATENCY 2222300
TIMELINE 59 763 241722804959500 2222300
LATENCY 2441900
TIMELINE 59 779 241722841060500 2441900
LATENCY 2192600
TIMELINE 59 795 241722878048800 2192600
LATENCY 2170900
TIMELINE 59 811 241722915182300 2170900
LATENCY 2348400
TIMELINE 59 827 241722950949900 2348400
LATENCY 2203800
TIMELINE 59 843 241722986535800 2203800
LATENCY 9635500
TIMELINE 59 859 241723022824200 9635500
LATENCY 2301300
TIMELINE 59 875 241723066733400 2301300
LATENCY 2161000
TIMELINE 59 891 241723102763100 2161000
LATENCY 2351400
TIMELINE 59 907 241723138797700 2351400
LATENCY 2228500
TIMELINE 59 923 241723174844900 2228500
LATENCY 2283300
TIMELINE 59 939 241723210566400 2283300
LATENCY 2336000
TIMELINE 59 955 241723246562600 2336000
LATENCY 2278800
TIMELINE 59 971 241723283542500 2278800
LATENCY 2392100
TIMELINE 59 987 241723326948200 2392100
LATENCY 2231800
TIMELINE 59 1003 241723362702300 2231800
LATENCY 2374400
TIMELINE 59 1019 241723397990400 2374400
LATENCY 2297300
TIMELINE 59 1035 241723434241900 2297300
LATENCY 2211300
TIMELINE 59 1051 241723470388200 2211300
LATENCY 2183400
TIMELINE 59 1067 241723505736300 2183400
LATENCY 2166400
TIMELINE 59 1083 241723541128500 2166400
LATENCY 2135100
TIMELINE 59 1099 241723580789300 2135100
LATENCY 2835000
TIMELINE 59 1115 241723615773100 2835000
LATENCY 2638200
TIMELINE 59 1131 241723658515700 2638200
LATENCY 2597900
TIMELINE 59 1147 241723701524400 2597900
LATENCY 2916300
TIMELINE 59 1163 241723744965800 2916300
LATENCY 2997100
TIMELINE 59 1179 241723791659100 2997100
LATENCY 4153500
TIMELINE 59 1195 241723835094200 4153500
LATENCY 2944600
TIMELINE 59 1211 241723886515200 2944600
LATENCY 2879000
TIMELINE 59 1227 241723933251300 2879000
LATENCY 2918100
TIMELINE 59 1243 241723981039600 2918100
LATENCY 2945600
TIMELINE 59 1259 241724027830300 2945600
LATENCY 2906900
TIMELINE 59 1275 241724073663300 2906900
LATENCY 2991400
TIMELINE 59 1291 241724119287000 2991400
LATENCY 2962200
TIMELINE 59 1307 241724165173100 2962200
LATENCY 2799900
TIMELINE 59 1323 241724211557600 2799900
LATENCY 2693300
TIMELINE 59 1339 241724262342800 2693300
LATENCY 2795400
TIMELINE 59 1355 241724308038100 2795400
LATENCY 2893800
TIMELINE 59 1371 241724355114700 2893800
LATENCY 2795300
TIMELINE 59 1387 241724398251800 2795300
LATENCY 2818600
TIMELINE 59 1403 241724445356400 2818600
LATENCY 2632600
TIMELINE 59 1419 241724489951300 2632600
LATENCY 2920800
TIMELINE 59 1435 241724533347300 2920800
LATENCY 2901700
TIMELINE 59 1451 241724584585100 2901700
LATENCY 2784500
TIMELINE 59 1467 241724631542400 2784500
LATENCY 2776000
TIMELINE 59 1483 241724678596100 2776000
LATENCY 2645400
TIMELINE 59 1499 241724723247200 2645400
LATENCY 2907900
TIMELINE 59 1515 241724768357700 2907900
LATENCY 2687400
TIMELINE 59 1531 241724818387700 2687400
LATENCY 2903100
TIMELINE 59 1547 241724865099900 2903100
LATENCY 3221500
TIMELINE 59 1563 241724918899600 3221500
LATENCY 3290000
TIMELINE 59 1579 241724972132100 3290000
LATENCY 3059700
TIMELINE 59 1595 241725022852400 3059700
LATENCY 2643200
TIMELINE 59 1611 241725068675900 2643200
LATENCY 2791000
TIMELINE 59 1627 241725115206700 2791000
LATENCY 2763900
TIMELINE 59 1643 241725161210400 2763900
LATENCY 2738600
TIMELINE 59 1659 241725205242400 2738600
LATENCY 2890000
TIMELINE 59 1675 241725255923500 2890000
LATENCY 2881600
TIMELINE 59 1691 241725301833300 2881600
LATENCY 2613400
TIMELINE 59 1707 241725348391400 2613400
LATENCY 2962300
TIMELINE 59 1723 241725392509700 2962300
LATENCY 2708200
TIMELINE 59 1739 241725436673200 2708200
LATENCY 2998400
TIMELINE 59 1755 241725484039200 2998400
LATENCY 2880900
TIMELINE 59 1771 241725530446100 2880900
LATENCY 2911400
TIMELINE 59 1787 241725576482800 2911400
LATENCY 2556600
TIMELINE 59 1803 241725624235700 2556600
LATENCY 2515900
TIMELINE 59 1819 241725666446500 2515900
LATENCY 2837800
TIMELINE 59 1835 241725713145000 2837800
LATENCY 2755500
TIMELINE 59 1851 241725762321500 2755500
LATENCY 2771000
TIMELINE 59 1867 241725806557300 2771000
LATENCY 2870300
TIMELINE 59 1883 241725851033800 2870300
LATENCY 2938100
TIMELINE 59 1899 241725896428400 2938100
LATENCY 2698000
TIMELINE 59 1915 241725945556900 2698000
LATENCY 2677000
TIMELINE 59 1931 241725988603200 2677000
LATENCY 2569200
TIMELINE 59 1947 241726032980500 2569200
LATENCY 2589500
TIMELINE 59 1963 241726075010300 2589500
LATENCY 2636000
TIMELINE 59 1979 241726116845700 2636000
LATENCY 2639000
TIMELINE 59 1995 241726159746200 2639000
LATENCY 2606300
TIMELINE 59 2011 241726203113200 2606300
LATENCY 2566200
TIMELINE 59 2027 241726251811400 2566200
LATENCY 3642300
TIMELINE 59 2043 241726293447400 3642300
LATENCY 3077100
TIMELINE 60 12 241720802699500 3077100
LATENCY 4827700
TIMELINE 60 28 241720870534200 4827700
LATENCY 3736900
TIMELINE 60 44 241720939735200 3736900
LATENCY 4240500
TIMELINE 60 60 241720997518700 4240500
LATENCY 2966300
TIMELINE 60 76 241721053840200 2966300
LATENCY 3047600
TIMELINE 60 92 241721112290000 3047600
LATENCY 3661800
TIMELINE 60 108 241721175686100 3661800
LATENCY 4331100
TIMELINE 60 124 241721224880100 4331100
LATENCY 3384100
TIMELINE 60 140 241721278041800 3384100
LATENCY 5294100
TIMELINE 60 156 241721334146400 5294100
LATENCY 4407800
TIMELINE 60 172 241721391478300 4407800
LATENCY 2368900
TIMELINE 60 188 241721434839400 2368900
LATENCY 2361700
TIMELINE 60 204 241721472261900 2361700
LATENCY 2259300
TIMELINE 60 220 241721509229800 2259300
LATENCY 2316900
TIMELINE 60 236 241721552442200 2316900
LATENCY 2352200
TIMELINE 60 252 241721590516400 2352200
LATENCY 2336100
TIMELINE 60 268 241721627326200 2336100
LATENCY 2529400
TIMELINE 60 284 241721668758800 2529400
LATENCY 2327100
TIMELINE 60 300 241721709565900 2327100
LATENCY 2270500
TIMELINE 60 316 241721746988200 2270500
LATENCY 2327900
TIMELINE 60 332 241721784733300 2327900
LATENCY 2312100
TIMELINE 60 348 241721822143300 2312100
LATENCY 2236600
TIMELINE 60 364 241721859259100 2236600
LATENCY 2400900
TIMELINE 60 380 241721903486800 2400900
LATENCY 2344500
TIMELINE 60 396 241721940669500 2344500
LATENCY 2341400
TIMELINE 60 412 241721977468600 2341400
LATENCY 2361400
TIMELINE 60 428 241722014291000 2361400
LATENCY 2306000
TIMELINE 60 444 241722052119700 2306000
LATENCY 2305300
TIMELINE 60 460 241722087559600 2305300
LATENCY 2183300
TIMELINE 60 476 241722124294800 2183300
LATENCY 2280700
TIMELINE 60 492 241722160721700 2280700
LATENCY 2237200
TIMELINE 60 508 241722204331200 2237200
LATENCY 2335800
TIMELINE 60 524 241722241114700 2335800
LATENCY 2227000
TIMELINE 60 540 241722277501400 2227000
LATENCY 2303500
TIMELINE 60 556 241722313987400 2303500
LATENCY 2228600
TIMELINE 60 572 241722350094900 2228600
LATENCY 2222400
TIMELINE 60 588 241722386386200 2222400
LATENCY 2239500
TIMELINE 60 604 241722422312200 2239500
LATENCY 9799200
TIMELINE 60 620 241722458956000 9799200
LATENCY 2234800
TIMELINE 60 636 241722502824900 2234800
LATENCY 2213800
TIMELINE 60 652 241722538504900 2213800
LATENCY 2361500
TIMELINE 60 668 241722574950000 2361500
LATENCY 2175200
TIMELINE 60 684 241722611602600 2175200
LATENCY 2238500
TIMELINE 60 700 241722648107000 2238500
LATENCY 2353300
TIMELINE 60 716 241722684553200 2353300
LATENCY 2142700
TIMELINE 60 732 241722720554500 2142700
LATENCY 2298600
TIMELINE 60 748 241722764233300 2298600
LATENCY 2361200
TIMELINE 60 764 241722800323300 2361200
LATENCY 2259800
TIMELINE 60 780 241722836518500 2259800
LATENCY 2234700
TIMELINE 60 796 241722873497500 2234700
LATENCY 2210700
TIMELINE 60 812 241722910460200 2210700
LATENCY 2280000
TIMELINE 60 828 241722946397700 2280000
LATENCY 2201300
TIMELINE 60 844 241722982095300 2201300
LATENCY 2201400
TIMELINE 60 860 241723018333500 2201400
LATENCY 2298500
TIMELINE 60 876 241723061770200 2298500
LATENCY 2171100
TIMELINE 60 892 241723098221100 2171100
LATENCY 2238600
TIMELINE 60 908 241723134197100 2238600
LATENCY 2155500
TIMELINE 60 924 241723170108600 2155500
LATENCY 2252500
TIMELINE 60 940 241723205855900 2252500
LATENCY 2210600
TIMELINE 60 956 241723241911600 2210600
LATENCY 2286600
TIMELINE 60 972 241723278816300 2286600
LATENCY 2141600
TIMELINE 60 988 241723322854800 2141600
LATENCY 2186600
TIMELINE 60 1004 241723359876700 2186600
LATENCY 2431900
TIMELINE 60 1020 241723394739100 2431900
LATENCY 2251200
TIMELINE 60 1036 241723431242800 2251200
LATENCY 2247600
TIMELINE 60 1052 241723467294100 2247600
LATENCY 2223300
TIMELINE 60 1068 241723502767700 2223300
LATENCY 2186400
TIMELINE 60 1084 241723538322900 2186400
LATENCY 2176200
TIMELINE 60 1100 241723577984000 2176200
LATENCY 2301800
TIMELINE 60 1116 241723612453900 2301800
LATENCY 2652900
TIMELINE 60 1132 241723655046900 2652900
LATENCY 2708200
TIMELINE 60 1148 241723697881900 2708200
LATENCY 2838100
TIMELINE 60 1164 241723741113000 2838100
LATENCY 2690400
TIMELINE 60 1180 241723786918700 2690400
LATENCY 2689600
TIMELINE 60 1196 241723830394700 2689600
LATENCY 7506500
TIMELINE 60 1212 241723876759900 7506500
LATENCY 2932500
TIMELINE 60 1228 241723928212600 2932500
LATENCY 3040700
TIMELINE 60 1244 241723975871700 3040700
LATENCY 2996100
TIMELINE 60 1260 241724022673000 2996100
LATENCY 2918400
TIMELINE 60 1276 241724068586100 2918400
LATENCY 2725600
TIMELINE 60 1292 241724114516100 2725600
LATENCY 2829200
TIMELINE 60 1308 241724160294900 2829200
LATENCY 2930600
TIMELINE 60 1324 241724206338500 2930600
LATENCY 2741900
TIMELINE 60 1340 241724257419800 2741900
LATENCY 2701000
TIMELINE 60 1356 241724302140500 2701000
LATENCY 2912300
TIMELINE 60 1372 241724348860400 2912300
LATENCY 2682000
TIMELINE 60 1388 241724392495800 2682000
LATENCY 5982400
TIMELINE 60 1404 241724436191400 5982400
LATENCY 2563400
TIMELINE 60 1420 241724484461800 2563400
LATENCY 3093800
TIMELINE 60 1436 241724526987200 3093800
LATENCY 3040700
TIMELINE 60 1452 241724578085500 3040700
LATENCY 2755800
TIMELINE 60 1468 241724625566500 2755800
LATENCY 2725200
TIMELINE 60 1484 241724672693100 2725200
LATENCY 2800600
TIMELINE 60 1500 241724717361000 2800600
LATENCY 3001900
TIMELINE 60 1516 241724762026700 3001900
LATENCY 4218300
TIMELINE 60 1532 241724810607000 4218300
LATENCY 3316500
TIMELINE 60 1548 241724858928000 3316500
LATENCY 3406900
TIMELINE 60 1564 241724912272000 3406900
LATENCY 3298400
TIMELINE 60 1580 241724965447900 3298400
LATENCY 3073600
TIMELINE 60 1596 241725016817400 3073600
LATENCY 2655300
TIMELINE 60 1612 241725063465200 2655300
LATENCY 3112300
TIMELINE 60 1628 241725109166900 3112300
LATENCY 2739300
TIMELINE 60 1644 241725155888400 2739300
LATENCY 2966100
TIMELINE 60 1660 241725199451100 2966100
LATENCY 7551400
TIMELINE 60 1676 241725245691100 7551400
LATENCY 2930500
TIMELINE 60 1692 241725296306100 2930500
LATENCY 2794600
TIMELINE 60 1708 241725343127300 2794600
LATENCY 3087900
TIMELINE 60 1724 241725386573500 3087900
LATENCY 2747100
TIMELINE 60 1740 241725431376000 2747100
LATENCY 3017000
TIMELINE 60 1756 241725478249200 3017000
LATENCY 2853400
TIMELINE 60 1772 241725524949300 2853400
LATENCY 2867300
TIMELINE 60 1788 241725570966200 2867300
LATENCY 2593800
TIMELINE 60 1804 241725619250900 2593800
LATENCY 2769700
TIMELINE 60 1820 241725661270900 2769700
LATENCY 2764900
TIMELINE 60 1836 241725707890800 2764900
LATENCY 3032400
TIMELINE 60 1852 241725756702900 3032400
LATENCY 2777500
TIMELINE 60 1868 241725801073200 2777500
LATENCY 2810700
TIMELINE 60 1884 241725845546200 2810700
LATENCY 2904900
TIMELINE 60 1900 241725890829000 2904900
LATENCY 2731700
TIMELINE 60 1916 241725940325600 2731700
LATENCY 2601800
TIMELINE 60 1932 241725983715000 2601800
LATENCY 2619100
TIMELINE 60 1948 241726028774500 2619100
LATENCY 2705700
TIMELINE 60 1964 241726070709600 2705700
LATENCY 2648800
TIMELINE 60 1980 241726112573500 2648800
LATENCY 2647400
TIMELINE 60 1996 241726155512000 2647400
LATENCY 2628200
TIMELINE 60 2012 241726198981600 2628200
LATENCY 2595600
TIMELINE 60 2028 241726247719600 2595600
LATENCY 2590500
TIMELINE 60 2044 241726289276300 2590500
LATENCY 3089600
TIMELINE 61 13 241720805344100 3089600
LATENCY 4484000
TIMELINE 61 29 241720874795800 4484000
LATENCY 3574500
TIMELINE 61 45 241720943035400 3574500
LATENCY 3874200
TIMELINE 61 61 241721000979100 3874200
LATENCY 3710400
TIMELINE 61 77 241721056053600 3710400
LATENCY 2748900
TIMELINE 61 93 241721114700800 2748900
LATENCY 3873200
TIMELINE 61 109 241721182788900 3873200
LATENCY 2782600
TIMELINE 61 125 241721232228700 2782600
LATENCY 4115400
TIMELINE 61 141 241721284142900 4115400
LATENCY 3293500
TIMELINE 61 157 241721342664600 3293500
LATENCY 2729900
TIMELINE 61 173 241721398885900 2729900
LATENCY 2439600
TIMELINE 61 189 241721439158300 2439600
LATENCY 2260700
TIMELINE 61 205 241721476488000 2260700
LATENCY 2236900
TIMELINE 61 221 241721513376300 2236900
LATENCY 2370400
TIMELINE 61 237 241721556685200 2370400
LATENCY 2283200
TIMELINE 61 253 241721594749800 2283200
LATENCY 2317600
TIMELINE 61 269 241721631622800 2317600
LATENCY 2486000
TIMELINE 61 285 241721673898100 2486000
LATENCY 2398600
TIMELINE 61 301 241721714085700 2398600
LATENCY 2300100
TIMELINE 61 317 241721751379100 2300100
LATENCY 2277000
TIMELINE 61 333 241721789190200 2277000
LATENCY 2277000
TIMELINE 61 349 241721826610300 2277000
LATENCY 8915900
TIMELINE 61 365 241721863819400 8915900
LATENCY 2660800
TIMELINE 61 381 241721908037600 2660800
LATENCY 2151900
TIMELINE 61 397 241721945156600 2151900
LATENCY 2273900
TIMELINE 61 413 241721982030600 2273900
LATENCY 2600600
TIMELINE 61 429 241722019038700 2600600
LATENCY 2348500
TIMELINE 61 445 241722056706700 2348500
LATENCY 2243000
TIMELINE 61 461 241722092687300 2243000
LATENCY 2198300
TIMELINE 61 477 241722129195700 2198300
LATENCY 8981200
TIMELINE 61 493 241722165773400 8981200
LATENCY 2271100
TIMELINE 61 509 241722209273200 2271100
LATENCY 2200700
TIMELINE 61 525 241722246186000 2200700
LATENCY 2235100
TIMELINE 61 541 241722282254600 2235100
LATENCY 2276400
TIMELINE 61 557 241722318790900 2276400
LATENCY 2249600
TIMELINE 61 573 241722354862200 2249600
LATENCY 2233900
TIMELINE 61 589 241722391085900 2233900
LATENCY 2337800
TIMELINE 61 605 241722427027100 2337800
LATENCY 2405200
TIMELINE 61 621 241722471936900 2405200
LATENCY 2316600
TIMELINE 61 637 241722510365900 2316600
LATENCY 2251500
TIMELINE 61 653 241722545992500 2251500
LATENCY 2227900
TIMELINE 61 669 241722582573000 2227900
LATENCY 2306700
TIMELINE 61 685 241722618909700 2306700
LATENCY 2204500
TIMELINE 61 701 241722655527100 2204500
LATENCY 2285500
TIMELINE 61 717 241722692285500 2285500
LATENCY 2155200
TIMELINE 61 733 241722727702200 2155200
LATENCY 2279700
TIMELINE 61 749 241722772039300 2279700
LATENCY 2270800
TIMELINE 61 765 241722807932300 2270800
LATENCY 2311900
TIMELINE 61 781 241722844332200 2311900
LATENCY 2178100
TIMELINE 61 797 241722880914300 2178100
LATENCY 2174100
TIMELINE 61 813 241722918269600 2174100
LATENCY 2257600
TIMELINE 61 829 241722954527800 2257600
LATENCY 2187900
TIMELINE 61 845 241722989867600 2187900
LATENCY 2257700
TIMELINE 61 861 241723033635700 2257700
LATENCY 2295400
TIMELINE 61 877 241723070166000 2295400
LATENCY 2217700
TIMELINE 61 893 241723106014200 2217700
LATENCY 2216900
TIMELINE 61 909 241723142358100 2216900
LATENCY 2206700
TIMELINE 61 925 241723178164500 2206700
LATENCY 2224700
TIMELINE 61 941 241723213940700 2224700
LATENCY 2230800
TIMELINE 61 957 241723250011800 2230800
LATENCY 2287600
TIMELINE 61 973 241723287030900 2287600
LATENCY 2184700
TIMELINE 61 989 241723331332400 2184700
LATENCY 2242100
TIMELINE 61 1005 241723366790200 2242100
LATENCY 2260700
TIMELINE 61 1021 241723402226900 2260700
LATENCY 2307500
TIMELINE 61 1037 241723438651000 2307500
LATENCY 2163300
TIMELINE 61 1053 241723474542900 2163300
LATENCY 2263800
TIMELINE 61 1069 241723510007900 2263800
LATENCY 2083900
TIMELINE 61 1085 241723545250700 2083900
LATENCY 2242700
TIMELINE 61 1101 241723585005700 2242700
LATENCY 2784200
TIMELINE 61 1117 241723621192500 2784200
LATENCY 2552400
TIMELINE 61 1133 241723663625400 2552400
LATENCY 2604600
TIMELINE 61 1149 241723706426300 2604600
LATENCY 2785600
TIMELINE 61 1165 241723750497900 2785600
LATENCY 2623300
TIMELINE 61 1181 241723796759400 2623300
LATENCY 2667000
TIMELINE 61 1197 241723843623400 2667000
LATENCY 2878300
TIMELINE 61 1213 241723891903800 2878300
LATENCY 2874900
TIMELINE 61 1229 241723938524700 2874900
LATENCY 2888100
TIMELINE 61 1245 241723986322600 2888100
LATENCY 2835800
TIMELINE 61 1261 241724033111100 2835800
LATENCY 2946100
TIMELINE 61 1277 241724078934400 2946100
LATENCY 2887000
TIMELINE 61 1293 241724124565400 2887000
LATENCY 2879300
TIMELINE 61 1309 241724170490900 2879300
LATENCY 2721400
TIMELINE 61 1325 241724216575200 2721400
LATENCY 2744300
TIMELINE 61 1341 241724267093000 2744300
LATENCY 3099600
TIMELINE 61 1357 241724312231000 3099600
LATENCY 2770300
TIMELINE 61 1373 241724359038500 2770300
LATENCY 2523100
TIMELINE 61 1389 241724402092200 2523100
LATENCY 2902200
TIMELINE 61 1405 241724449251400 2902200
LATENCY 2546000
TIMELINE 61 1421 241724493551500 2546000
LATENCY 2765700
TIMELINE 61 1437 241724537431100 2765700
LATENCY 3069200
TIMELINE 61 1453 241724588588500 3069200
LATENCY 2767700
TIMELINE 61 1469 241724635346200 2767700
LATENCY 2935700
TIMELINE 61 1485 241724682537600 2935700
LATENCY 2637500
TIMELINE 61 1501 241724726936500 2637500
LATENCY 2948600
TIMELINE 61 1517 241724772361100 2948600
LATENCY 2616000
TIMELINE 61 1533 241724819681400 2616000
LATENCY 2759600
TIMELINE 61 1549 241724866538000 2759600
LATENCY 3242700
TIMELINE 61 1565 241724920470900 3242700
LATENCY 3271100
TIMELINE 61 1581 241724973722400 3271100
LATENCY 3062900
TIMELINE 61 1597 241725024338400 3062900
LATENCY 2605100
TIMELINE 61 1613 241725069962400 2605100
LATENCY 2922000
TIMELINE 61 1629 241725116511900 2922000
LATENCY 2745100
TIMELINE 61 1645 241725162534400 2745100
LATENCY 3009100
TIMELINE 61 1661 241725206442600 3009100
LATENCY 2866900
TIMELINE 61 1677 241725257372400 2866900
LATENCY 2878100
TIMELINE 61 1693 241725303282100 2878100
LATENCY 2668800
TIMELINE 61 1709 241725348524500 2668800
LATENCY 2949700
TIMELINE 61 1725 241725392639900 2949700
LATENCY 2714100
TIMELINE 61 1741 241725436779500 2714100
LATENCY 2989000
TIMELINE 61 1757 241725484207100 2989000
LATENCY 2879700
TIMELINE 61 1773 241725530604300 2879700
LATENCY 2919200
TIMELINE 61 1789 241725576639900 2919200
LATENCY 2553700
TIMELINE 61 1805 241725624379500 2553700
LATENCY 2509400
TIMELINE 61 1821 241725666603500 2509400
LATENCY 2832400
TIMELINE 61 1837 241725713296500 2832400
LATENCY 2733300
TIMELINE 61 1853 241725762486300 2733300
LATENCY 2764900
TIMELINE 61 1869 241725806727300 2764900
LATENCY 2836400
TIMELINE 61 1885 241725850278300 2836400
LATENCY 2903700
TIMELINE 61 1901 241725895539600 2903700
LATENCY 2666300
TIMELINE 61 1917 241725944769900 2666300
LATENCY 2600100
TIMELINE 61 1933 241725987888200 2600100
LATENCY 2565000
TIMELINE 61 1949 241726033072400 2565000
LATENCY 2585700
TIMELINE 61 1965 241726075097800 2585700
LATENCY 2634500
TIMELINE 61 1981 241726116943100 2634500
LATENCY 2642000
TIMELINE 61 1997 241726159834700 2642000
LATENCY 2611300
TIMELINE 61 2013 241726203199500 2611300
LATENCY 2551100
TIMELINE 61 2029 241726251898900 2551100
LATENCY 3692400
TIMELINE 61 2045 241726293543000 3692400
LATENCY 2987800
TIMELINE 62 14 241720808473300 2987800
LATENCY 4543000
TIMELINE 62 30 241720879216000 4543000
LATENCY 4217000
TIMELINE 62 46 241720946688300 4217000
LATENCY 3468600
TIMELINE 62 62 241721005054300 3468600
LATENCY 3198200
TIMELINE 62 78 241721060001100 3198200
LATENCY 2596300
TIMELINE 62 94 241721117620600 2596300
LATENCY 2626000
TIMELINE 62 110 241721186877000 2626000
LATENCY 2832500
TIMELINE 62 126 241721235196300 2832500
LATENCY 3846700
TIMELINE 62 142 241721288469400 3846700
LATENCY 3003800
TIMELINE 62 158 241721346040500 3003800
LATENCY 2767100
TIMELINE 62 174 241721401731300 2767100
LATENCY 2372600
TIMELINE 62 190 241721441694200 2372600
LATENCY 2245300
TIMELINE 62 206 241721478872700 2245300
LATENCY 2228100
TIMELINE 62 222 241721515738300 2228100
LATENCY 3558700
TIMELINE 62 238 241721559258500 3558700
LATENCY 2263200
TIMELINE 62 254 241721597222400 2263200
LATENCY 2390300
TIMELINE 62 270 241721634132400 2390300
LATENCY 2466300
TIMELINE 62 286 241721676789400 2466300
LATENCY 2373900
TIMELINE 62 302 241721716864000 2373900
LATENCY 2342700
TIMELINE 62 318 241721754026100 2342700
LATENCY 2279800
TIMELINE 62 334 241721791928900 2279800
LATENCY 2516000
TIMELINE 62 350 241721829450300 2516000
LATENCY 2281600
TIMELINE 62 366 241721873346400 2281600
LATENCY 2371300
TIMELINE 62 382 241721911188700 2371300
LATENCY 2319000
TIMELINE 62 398 241721947777500 2319000
LATENCY 2314900
TIMELINE 62 414 241721984778200 2314900
LATENCY 2367000
TIMELINE 62 430 241722022116500 2367000
LATENCY 2209400
TIMELINE 62 446 241722059536100 2209400
LATENCY 2295700
TIMELINE 62 462 241722097829200 2295700
LATENCY 2230600
TIMELINE 62 478 241722134789600 2230600
LATENCY 2321900
TIMELINE 62 494 241722177852500 2321900
LATENCY 2169900
TIMELINE 62 510 241722214505800 2169900
LATENCY 2309700
TIMELINE 62 526 241722251431100 2309700
LATENCY 2360700
TIMELINE 62 542 241722287715000 2360700
LATENCY 2206700
TIMELINE 62 558 241722324235400 2206700
LATENCY 2160000
TIMELINE 62 574 241722360263400 2160000
LATENCY 2300100
TIMELINE 62 590 241722396476600 2300100
LATENCY 2298700
TIMELINE 62 606 241722432727200 2298700
LATENCY 2329800
TIMELINE 62 622 241722477400300 2329800
LATENCY 2194500
TIMELINE 62 638 241722514617000 2194500
LATENCY 2221100
TIMELINE 62 654 241722550259200 2221100
LATENCY 2399900
TIMELINE 62 670 241722586722000 2399900
LATENCY 2349600
TIMELINE 62 686 241722623310100 2349600
LATENCY 2245500
TIMELINE 62 702 241722659670500 2245500
LATENCY 2406900
TIMELINE 62 718 241722696551500 2406900
LATENCY 2457700
TIMELINE 62 734 241722731821400 2457700
LATENCY 2260300
TIMELINE 62 750 241722776340800 2260300
LATENCY 2216400
TIMELINE 62 766 241722812216400 2216400
LATENCY 2258500
TIMELINE 62 782 241722848683200 2258500
LATENCY 2408100
TIMELINE 62 798 241722885136400 2408100
LATENCY 2176900
TIMELINE 62 814 241722922920400 2176900
LATENCY 2274300
TIMELINE 62 830 241722959310600 2274300
LATENCY 2156100
TIMELINE 62 846 241722994402300 2156100
LATENCY 2161200
TIMELINE 62 862 241723038279700 2161200
LATENCY 2298400
TIMELINE 62 878 241723074920500 2298400
LATENCY 2439400
TIMELINE 62 894 241723110728700 2439400
LATENCY 2310300
TIMELINE 62 910 241723146963200 2310300
LATENCY 2148100
TIMELINE 62 926 241723182674300 2148100
LATENCY 2265400
TIMELINE 62 942 241723218531200 2265400
LATENCY 2364500
TIMELINE 62 958 241723254716400 2364500
LATENCY 2292200
TIMELINE 62 974 241723291704100 2292200
LATENCY 2139900
TIMELINE 62 990 241723337215300 2139900
LATENCY 2207900
TIMELINE 62 1006 241723372518000 2207900
LATENCY 2241500
TIMELINE 62 1022 241723407983100 2241500
LATENCY 2297200
TIMELINE 62 1038 241723444169500 2297200
LATENCY 2227000
TIMELINE 62 1054 241723479928900 2227000
LATENCY 2227100
TIMELINE 62 1070 241723515556200 2227100
LATENCY 2109100
TIMELINE 62 1086 241723550522100 2109100
LATENCY 2149400
TIMELINE 62 1102 241723590701600 2149400
LATENCY 2640100
TIMELINE 62 1118 241723628278800 2640100
LATENCY 2653300
TIMELINE 62 1134 241723670244400 2653300
LATENCY 2666000
TIMELINE 62 1150 241723713161200 2666000
LATENCY 4174100
TIMELINE 62 1166 241723758809500 4174100
LATENCY 2702800
TIMELINE 62 1182 241723803180600 2702800
LATENCY 2766600
TIMELINE 62 1198 241723850210100 2766600
LATENCY 2959400
TIMELINE 62 1214 241723899113800 2959400
LATENCY 2996100
TIMELINE 62 1230 241723945708600 2996100
LATENCY 2940700
TIMELINE 62 1246 241723993575000 2940700
LATENCY 2904000
TIMELINE 62 1262 241724040175000 2904000
LATENCY 3057200
TIMELINE 62 1278 241724086220600 3057200
LATENCY 2898800
TIMELINE 62 1294 241724131479100 2898800
LATENCY 2878900
TIMELINE 62 1310 241724177678100 2878900
LATENCY 3930400
TIMELINE 62 1326 241724228287500 3930400
LATENCY 3138800
TIMELINE 62 1342 241724274061600 3138800
LATENCY 2899800
TIMELINE 62 1358 241724319827800 2899800
LATENCY 2621000
TIMELINE 62 1374 241724365770000 2621000
LATENCY 2786200
TIMELINE 62 1390 241724408804100 2786200
LATENCY 2923400
TIMELINE 62 1406 241724456675900 2923400
LATENCY 2562100
TIMELINE 62 1422 241724500158100 2562100
LATENCY 2849200
TIMELINE 62 1438 241724544540600 2849200
LATENCY 2937100
TIMELINE 62 1454 241724596299500 2937100
LATENCY 2886400
TIMELINE 62 1470 241724642782500 2886400
LATENCY 2856800
TIMELINE 62 1486 241724689715100 2856800
LATENCY 2986900
TIMELINE 62 1502 241724733621200 2986900
LATENCY 2798600
TIMELINE 62 1518 241724779801400 2798600
LATENCY 2728400
TIMELINE 62 1534 241724828716400 2728400
LATENCY 2729000
TIMELINE 62 1550 241724876146200 2729000
LATENCY 3346700
TIMELINE 62 1566 241724931690400 3346700
LATENCY 3328400
TIMELINE 62 1582 241724984695000 3328400
LATENCY 3105300
TIMELINE 62 1598 241725034714500 3105300
LATENCY 2633900
TIMELINE 62 1614 241725078673000 2633900
LATENCY 3042000
TIMELINE 62 1630 241725126217900 3042000
LATENCY 2736200
TIMELINE 62 1646 241725171601300 2736200
LATENCY 2898500
TIMELINE 62 1662 241725216295000 2898500
LATENCY 2859800
TIMELINE 62 1678 241725267039700 2859800
LATENCY 2826600
TIMELINE 62 1694 241725313020200 2826600
LATENCY 2580600
TIMELINE 62 1710 241725357101300 2580600
LATENCY 2731100
TIMELINE 62 1726 241725401796300 2731100
LATENCY 2954200
TIMELINE 62 1742 241725446765000 2954200
LATENCY 2869300
TIMELINE 62 1758 241725494124700 2869300
LATENCY 2871500
TIMELINE 62 1774 241725540006400 2871500
LATENCY 2746600
TIMELINE 62 1790 241725590703200 2746600
LATENCY 2726900
TIMELINE 62 1806 241725632966900 2726900
LATENCY 2867700
TIMELINE 62 1822 241725678101600 2867700
LATENCY 2747500
TIMELINE 62 1838 241725722350900 2747500
LATENCY 2895400
TIMELINE 62 1854 241725771565700 2895400
LATENCY 2788000
TIMELINE 62 1870 241725815996400 2788000
LATENCY 2727000
TIMELINE 62 1886 241725861265400 2727000
LATENCY 2619200
TIMELINE 62 1902 241725907308700 2619200
LATENCY 2760300
TIMELINE 62 1918 241725955706100 2760300
LATENCY 2701300
TIMELINE 62 1934 241725998792300 2701300
LATENCY 2619900
TIMELINE 62 1950 241726045058600 2619900
LATENCY 2606900
TIMELINE 62 1966 241726086886800 2606900
LATENCY 2631600
TIMELINE 62 1982 241726128916400 2631600
LATENCY 2663300
TIMELINE 62 1998 241726172514500 2663300
LATENCY 3029200
TIMELINE 62 2014 241726215198000 3029200
LATENCY 2581400
TIMELINE 62 2030 241726263563100 2581400
LATENCY 695700
TIMELINE 62 2046 241726306807800 695700
LATENCY 2865000
TIMELINE 63 15 241720811291000 2865000
LATENCY 4624400
TIMELINE 63 31 241720883467000 4624400
LATENCY 2885500
TIMELINE 63 47 241720950759800 2885500
LATENCY 4166200
TIMELINE 63 63 241721008298500 4166200
LATENCY 3712200
TIMELINE 63 79 241721062966700 3712200
LATENCY 2506500
TIMELINE 63 95 241721120150200 2506500
LATENCY 2588700
TIMELINE 63 111 241721188956500 2588700
LATENCY 2829200
TIMELINE 63 127 241721237485000 2829200
LATENCY 3731300
TIMELINE 63 143 241721291625700 3731300
LATENCY 3094500
TIMELINE 63 159 241721348544600 3094500
LATENCY 2767700
TIMELINE 63 175 241721404048100 2767700
LATENCY 2339900
TIMELINE 63 191 241721443746100 2339900
LATENCY 2277300
TIMELINE 63 207 241721480790000 2277300
LATENCY 2253000
TIMELINE 63 223 241721517607500 2253000
LATENCY 2492600
TIMELINE 63 239 241721562347100 2492600
LATENCY 2364600
TIMELINE 63 255 241721599092300 2364600
LATENCY 2590400
TIMELINE 63 271 241721636012300 2590400
LATENCY 2435800
TIMELINE 63 287 241721679221400 2435800
LATENCY 2374600
TIMELINE 63 303 241721719275300 2374600
LATENCY 2729000
TIMELINE 63 319 241721756410300 2729000
LATENCY 2295100
TIMELINE 63 335 241721794273600 2295100
LATENCY 2418200
TIMELINE 63 351 241721832000900 2418200
LATENCY 2260400
TIMELINE 63 367 241721875661700 2260400
LATENCY 2367300
TIMELINE 63 383 241721913595200 2367300
LATENCY 2221800
TIMELINE 63 399 241721950344700 2221800
LATENCY 2344500
TIMELINE 63 415 241721987532700 2344500
LATENCY 2368900
TIMELINE 63 431 241722024852900 2368900
LATENCY 2197000
TIMELINE 63 447 241722062144100 2197000
LATENCY 2351700
TIMELINE 63 463 241722099649500 2351700
LATENCY 2224500
TIMELINE 63 479 241722136482500 2224500
LATENCY 2212000
TIMELINE 63 495 241722179671300 2212000
LATENCY 2172000
TIMELINE 63 511 241722216128900 2172000
LATENCY 2336900
TIMELINE 63 527 241722253010800 2336900
LATENCY 2293900
TIMELINE 63 543 241722289383200 2293900
LATENCY 2214000
TIMELINE 63 559 241722325793700 2214000
LATENCY 2211600
TIMELINE 63 575 241722361779800 2211600
LATENCY 2485800
TIMELINE 63 591 241722398121500 2485800
LATENCY 2216400
TIMELINE 63 607 241722434456100 2216400
LATENCY 2261100
TIMELINE 63 623 241722479108900 2261100
LATENCY 2167700
TIMELINE 63 639 241722517500000 2167700
LATENCY 2395800
TIMELINE 63 655 241722553259400 2395800
LATENCY 2315000
TIMELINE 63 671 241722589905100 2315000
LATENCY 2257400
TIMELINE 63 687 241722626388800 2257400
LATENCY 2320400
TIMELINE 63 703 241722662614100 2320400
LATENCY 2222000
TIMELINE 63 719 241722699746200 2222000
LATENCY 2239200
TIMELINE 63 735 241722735099400 2239200
LATENCY 2304100
TIMELINE 63 751 241722779345600 2304100
LATENCY 2213100
TIMELINE 63 767 241722815127800 2213100
LATENCY 2241700
TIMELINE 63 783 241722851674700 2241700
LATENCY 2225000
TIMELINE 63 799 241722888336700 2225000
LATENCY 2175700
TIMELINE 63 815 241722925655200 2175700
LATENCY 2193300
TIMELINE 63 831 241722962374400 2193300
LATENCY 2389300
TIMELINE 63 847 241722997305000 2389300
LATENCY 2178700
TIMELINE 63 863 241723041166000 2178700
LATENCY 2285200
TIMELINE 63 879 241723078055500 2285200
LATENCY 2327100
TIMELINE 63 895 241723114071200 2327100
LATENCY 2241200
TIMELINE 63 911 241723150086400 2241200
LATENCY 2174300
TIMELINE 63 927 241723185637000 2174300
LATENCY 2225600
TIMELINE 63 943 241723221597200 2225600
LATENCY 2336300
TIMELINE 63 959 241723257867700 2336300
LATENCY 10061600
TIMELINE 63 975 241723294791200 10061600
LATENCY 2285300
TIMELINE 63 991 241723339793300 2285300
LATENCY 2226100
TIMELINE 63 1007 241723375220800 2226100
LATENCY 2213000
TIMELINE 63 1023 241723410848200 2213000
LATENCY 2200100
TIMELINE 63 1039 241723446891800 2200100
LATENCY 2184100
TIMELINE 63 1055 241723482543100 2184100
LATENCY 2239900
TIMELINE 63 1071 241723518129500 2239900
LATENCY 2078200
TIMELINE 63 1087 241723552995200 2078200
LATENCY 2185600
TIMELINE 63 1103 241723593105800 2185600
LATENCY 2588100
TIMELINE 63 1119 241723631219500 2588100
LATENCY 2645900
TIMELINE 63 1135 241723673186000 2645900
LATENCY 2580100
TIMELINE 63 1151 241723716110200 2580100
LATENCY 2452300
TIMELINE 63 1167 241723762686200 2452300
LATENCY 2622800
TIMELINE 63 1183 241723805491100 2622800
LATENCY 2858500
TIMELINE 63 1199 241723852406200 2858500
LATENCY 3036400
TIMELINE 63 1215 241723901553200 3036400
LATENCY 2929100
TIMELINE 63 1231 241723948308100 2929100
LATENCY 2908300
TIMELINE 63 1247 241723995999400 2908300
LATENCY 2884800
TIMELINE 63 1263 241724042570900 2884800
LATENCY 2916300
TIMELINE 63 1279 241724088703900 2916300
LATENCY 2885800
TIMELINE 63 1295 241724133834200 2885800
LATENCY 2890800
TIMELINE 63 1311 241724180003900 2890800
LATENCY 3706700
TIMELINE 63 1327 241724231118900 3706700
LATENCY 2713700
TIMELINE 63 1343 241724277729300 2713700
LATENCY 2983700
TIMELINE 63 1359 241724323215900 2983700
LATENCY 2629500
TIMELINE 63 1375 241724368808500 2629500
LATENCY 2761600
TIMELINE 63 1391 241724412024000 2761600
LATENCY 2808300
TIMELINE 63 1407 241724460099300 2808300
LATENCY 2567300
TIMELINE 63 1423 241724503156500 2567300
LATENCY 3052200
TIMELINE 63 1439 241724547911600 3052200
LATENCY 2942000
TIMELINE 63 1455 241724599722800 2942000
LATENCY 3192600
TIMELINE 63 1471 241724646165600 3192600
LATENCY 2815200
TIMELINE 63 1487 241724693064900 2815200
LATENCY 2728400
TIMELINE 63 1503 241724737175100 2728400
LATENCY 2958600
TIMELINE 63 1519 241724783192200 2958600
LATENCY 3442500
TIMELINE 63 1535 241724831328300 3442500
LATENCY 2882200
TIMELINE 63 1551 241724878741200 2882200
LATENCY 3325300
TIMELINE 63 1567 241724934888900 3325300
LATENCY 3282200
TIMELINE 63 1583 241724987845700 3282200
LATENCY 3077100
TIMELINE 63 1599 241725037646900 3077100
LATENCY 2611900
TIMELINE 63 1615 241725081173400 2611900
LATENCY 2917500
TIMELINE 63 1631 241725129107000 2917500
LATENCY 2680700
TIMELINE 63 1647 241725174147900 2680700
LATENCY 2943700
TIMELINE 63 1663 241725218993300 2943700
LATENCY 2937900
TIMELINE 63 1679 241725269734100 2937900
LATENCY 3089400
TIMELINE 63 1695 241725315723400 3089400
LATENCY 2622700
TIMELINE 63 1711 241725357913300 2622700
LATENCY 2748200
TIMELINE 63 1727 241725402664100 2748200
LATENCY 2956100
TIMELINE 63 1743 241725447701200 2956100
LATENCY 2861600
TIMELINE 63 1759 241725495050300 2861600
LATENCY 2868200
TIMELINE 63 1775 241725540922900 2868200
LATENCY 2686800
TIMELINE 63 1791 241725591568700 2686800
LATENCY 2780100
TIMELINE 63 1807 241725633779600 2780100
LATENCY 2820100
TIMELINE 63 1823 241725679007600 2820100
LATENCY 2724500
TIMELINE 63 1839 241725723242300 2724500
LATENCY 2935000
TIMELINE 63 1855 241725772327100 2935000
LATENCY 2767800
TIMELINE 63 1871 241725816769300 2767800
LATENCY 2735000
TIMELINE 63 1887 241725861144900 2735000
LATENCY 2656700
TIMELINE 63 1903 241725907064500 2656700
LATENCY 2756100
TIMELINE 63 1919 241725955474800 2756100
LATENCY 2717400
TIMELINE 63 1935 241725998550400 2717400
LATENCY 2591800
TIMELINE 63 1951 241726045714600 2591800
LATENCY 2605900
TIMELINE 63 1967 241726087561400 2605900
LATENCY 2631400
TIMELINE 63 1983 241726129568800 2631400
LATENCY 2656500
TIMELINE 63 1999 241726173167000 2656500
LATENCY 3024800
TIMELINE 63 2015 241726215971400 3024800
LATENCY 2582600
TIMELINE 63 2031 241726264206000 2582600
LATENCY 590200
TIMELINE 63 2047 241726307046900 590200
PASS curl benchmark
[engine] opt unque. engine=1  id=86    PhpRootGen@b13cd4b(resume_bci=1760)                |Tier 1|Count/Thres      14377/      400|Queue: Size    0 Change  0  Load  1,00 Time     0us                                   |UTC 2026-09-25T22:41:06.498|Src n/a|Reason Polyglot engine was closed.
[engine] opt unque. engine=1  id=85    PhpRootGen@b13cd4b(resume_bci=1142)                |Tier 1|Count/Thres       8192/      400|Queue: Size    0 Change  0  Load  1,00 Time     0us                                   |UTC 2026-09-25T22:41:06.498|Src n/a|Reason Polyglot engine was closed.
