client,iteration,guest_start_ns,duration_ns,start_elapsed_lower_ns,start_elapsed_upper_ns
0,0,241720715817600,19762500,104278100,107043400
0,16,241720811626500,2836100,200087000,202852300
0,32,241720884094000,4500900,272554500,275319800
0,48,241720951025800,2844000,339486300,342251600
0,64,241721008477600,4348100,396938100,399703400
0,80,241721063135700,3625300,451596200,454361500
0,96,241721120088000,2498400,508548500,511313800
0,112,241721187648000,2649000,576108500,578873800
0,128,241721235871800,2905800,624332300,627097600
0,144,241721289591800,3812300,678052300,680817600
0,160,241721346858300,3080300,735318800,738084100
0,176,241721402568300,2766500,791028800,793794100
0,192,241721442396000,2378700,830856500,833621800
0,208,241721479567700,2245300,868028200,870793500
0,224,241721516396500,2250700,904857000,907622300
0,240,241721560584900,3050600,949045400,951810700
0,256,241721597952300,2294300,986412800,989178100
0,272,241721634967900,2497600,1023428400,1026193700
0,288,241721679521700,2447600,1067982200,1070747500
0,304,241721719512500,2400900,1107973000,1110738300
0,320,241721756705200,2708700,1145165700,1147931000
0,336,241721794556800,2298300,1183017300,1185782600
0,352,241721832248000,2418200,1220708500,1223473800
0,368,241721875819900,2287000,1264280400,1267045700
0,384,241721913792100,2371400,1302252600,1305017900
0,400,241721950375300,2236000,1338835800,1341601100
0,416,241721987253700,2349300,1375714200,1378479500
0,432,241722024576900,2352200,1413037400,1415802700
0,448,241722061868800,2206500,1450329300,1453094600
0,464,241722100194800,2317100,1488655300,1491420600
0,480,241722136805400,2245500,1525265900,1528031200
0,496,241722180025800,2248600,1568486300,1571251600
0,512,241722216475300,2176200,1604935800,1607701100
0,528,241722253521800,2319600,1641982300,1644747600
0,544,241722289813800,2284300,1678274300,1681039600
0,560,241722326238200,2231800,1714698700,1717464000
0,576,241722362222700,2289100,1750683200,1753448500
0,592,241722398578100,2407700,1787038600,1789803900
0,608,241722434840100,2233800,1823300600,1826065900
0,624,241722479517000,2247500,1867977500,1870742800
0,640,241722516841900,2157000,1905302400,1908067700
0,656,241722552521700,2414500,1940982200,1943747500
0,672,241722589168900,2369500,1977629400,1980394700
0,688,241722625631900,2281300,2014092400,2016857700
0,704,241722661888000,2326000,2050348500,2053113800
0,720,241722698867900,2257800,2087328400,2090093700
0,736,241722734163600,2322600,2122624100,2125389400
0,752,241722778483100,2313700,2166943600,2169708900
0,768,241722814287000,2214300,2202747500,2205512800
0,784,241722850793800,2262800,2239254300,2242019600
0,800,241722887318900,2269600,2275779400,2278544700
0,816,241722924178100,2174100,2312638600,2315403900
0,832,241722960610700,2328700,2349071200,2351836500
0,848,241722995666700,2210200,2384127200,2386892500
0,864,241723039523400,2149700,2427983900,2430749200
0,880,241723076310800,2303300,2464771300,2467536600
0,896,241723112251100,2423400,2500711600,2503476900
0,912,241723148386300,2253400,2536846800,2539612100
0,928,241723184035400,2192300,2572495900,2575261200
0,944,241723219884000,2276100,2608344500,2611109800
0,960,241723256189400,2334300,2644649900,2647415200
0,976,241723293127300,2330900,2681587800,2684353100
0,992,241723336993200,2121100,2725453700,2728219000
0,1008,241723372354300,2187300,2760814800,2763580100
0,1024,241723407954500,2231700,2796415000,2799180300
0,1040,241723444000700,2226400,2832461200,2835226500
0,1056,241723479731400,2216700,2868191900,2870957200
0,1072,241723515336700,2230500,2903797200,2906562500
0,1088,241723550290000,2093900,2938750500,2941515800
0,1104,241723590373400,2150900,2978833900,2981599200
0,1120,241723627824500,2637600,3016285000,3019050300
0,1136,241723669777600,2641500,3058238100,3061003400
0,1152,241723712681000,2645100,3101141500,3103906800
0,1168,241723759481400,4037900,3147941900,3150707200
0,1184,241723803767300,2720200,3192227800,3194993100
0,1200,241723850843000,2775300,3239303500,3242068800
0,1216,241723899786300,2888000,3288246800,3291012100
0,1232,241723946274600,2991500,3334735100,3337500400
0,1248,241723994095900,2910800,3382556400,3385321700
0,1264,241724040660700,2855100,3429121200,3431886500
0,1280,241724086727700,3045800,3475188200,3477953500
0,1296,241724131970300,2923400,3520430800,3523196100
0,1312,241724178169200,2874000,3566629700,3569395000
0,1328,241724228857300,3941100,3617317800,3620083100
0,1344,241724274508900,2148500,3662969400,3665734700
0,1360,241724319301800,2897800,3707762300,3710527600
0,1376,241724365319400,2599800,3753779900,3756545200
0,1392,241724408327800,2762500,3796788300,3799553600
0,1408,241724456127600,2934100,3844588100,3847353400
0,1424,241724499689200,2570500,3888149700,3890915000
0,1440,241724544050800,2802700,3932511300,3935276600
0,1456,241724595771700,2936000,3984232200,3986997500
0,1472,241724642261400,2869000,4030721900,4033487200
0,1488,241724689284900,2847700,4077745400,4080510700
0,1504,241724733119400,2894200,4121579900,4124345200
0,1520,241724779226300,2815200,4167686800,4170452100
0,1536,241724826273000,2723600,4214733500,4217498800
0,1552,241724873714400,2753600,4262174900,4264940200
0,1568,241724928782300,3357300,4317242800,4320008100
0,1584,241724981927900,3195000,4370388400,4373153700
0,1600,241725031995200,3105000,4420455700,4423221000
0,1616,241725076400000,2596000,4464860500,4467625800
0,1632,241725123707600,2868600,4512168100,4514933400
0,1648,241725169335300,2594200,4557795800,4560561100
0,1664,241725213815400,2883500,4602275900,4605041200
0,1680,241725264682500,2877000,4653143000,4655908300
0,1696,241725310614800,2929800,4699075300,4701840600
0,1712,241725355380300,2574900,4743840800,4746606100
0,1728,241725399965400,2729800,4788425900,4791191200
0,1744,241725444784700,2956700,4833245200,4836010500
0,1760,241725492214600,2874100,4880675100,4883440400
0,1776,241725538053700,2907100,4926514200,4929279500
0,1792,241725584269700,7375600,4972730200,4975495500
0,1808,241725631187600,2665100,5019648100,5022413400
0,1824,241725676271400,2818800,5064731900,5067497200
0,1840,241725720611900,2716200,5109072400,5111837700
0,1856,241725769654200,2746500,5158114700,5160880000
0,1872,241725814065500,2771000,5202526000,5205291300
0,1888,241725859535700,2762100,5247996200,5250761500
0,1904,241725905472200,2809600,5293932700,5296698000
0,1920,241725953963200,2761100,5342423700,5345189000
0,1936,241725997041200,2779700,5385501700,5388267000
0,1952,241726042784300,2630100,5431244800,5434010100
0,1968,241726084668800,2595600,5473129300,5475894600
0,1984,241726126625000,2643300,5515085500,5517850800
0,2000,241726169890700,2987200,5558351200,5561116500
0,2016,241726212775700,2845500,5601236200,5604001500
0,2032,241726261325900,2586100,5649786400,5652551700
1,1,241720735679700,4986000,124140200,126905500
1,17,241720814288800,3781500,202749300,205514600
1,33,241720888322800,3771000,276783300,279548600
1,49,241720953730300,3223300,342190800,344956100
1,65,241721012764400,4239000,401224900,403990200
1,81,241721066880700,3434600,455341200,458106500
1,97,241721122623100,2619600,511083600,513848900
1,113,241721189610000,2540300,578070500,580835800
1,129,241721238066700,2791600,626527200,629292500
1,145,241721292566100,3490100,681026600,683791900
1,161,241721349207400,2990900,737667900,740433200
1,177,241721404645200,2758200,793105700,795871000
1,193,241721444197900,2342700,832658400,835423700
1,209,241721481302400,2306900,869762900,872528200
1,225,241721518093500,2252600,906554000,909319300
1,241,241721562958000,2411200,951418500,954183800
1,257,241721599615200,2354500,988075700,990841000
1,273,241721636651000,2558300,1025111500,1027876800
1,289,241721679488600,2443600,1067949100,1070714400
1,305,241721719455300,2393400,1107915800,1110681100
1,321,241721756625400,2693800,1145085900,1147851200
1,337,241721794398600,2301000,1182859100,1185624400
1,353,241721832071000,2416700,1220531500,1223296800
1,369,241721875726000,2259900,1264186500,1266951800
1,385,241721913663200,2370400,1302123700,1304889000
1,401,241721950173700,2277200,1338634200,1341399500
1,417,241721987126200,2349600,1375586700,1378352000
1,433,241722024356100,2348500,1412816600,1415581900
1,449,241722061623000,2212100,1450083500,1452848800
1,465,241722099865100,2364400,1488325600,1491090900
1,481,241722136569400,2233700,1525029900,1527795200
1,497,241722179786600,2214700,1568247100,1571012400
1,513,241722216333300,2170300,1604793800,1607559100
1,529,241722253324500,2340000,1641785000,1644550300
1,545,241722289693600,2279000,1678154100,1680919400
1,561,241722326119500,2226700,1714580000,1717345300
1,577,241722362045100,2253000,1750505600,1753270900
1,593,241722398270900,2426800,1786731400,1789496700
1,609,241722434570500,2220300,1823031000,1825796300
1,625,241722479268300,2252400,1867728800,1870494100
1,641,241722515791200,2193500,1904251700,1907017000
1,657,241722551421800,2354600,1939882300,1942647600
1,673,241722587999800,2450100,1976460300,1979225600
1,689,241722624611500,2295600,2013072000,2015837300
1,705,241722660873600,2234900,2049334100,2052099400
1,721,241722697919700,2315800,2086380200,2089145500
1,737,241722733166000,2414900,2121626500,2124391800
1,753,241722777621900,2280100,2166082400,2168847700
1,769,241722813479800,2207900,2201940300,2204705600
1,785,241722849958600,2224100,2238419100,2241184400
1,801,241722886492100,2319400,2274952600,2277717900
1,817,241722923067900,2176300,2311528400,2314293700
1,833,241722959492600,2295000,2347953100,2350718400
1,849,241722994601700,2163900,2383062200,2385827500
1,865,241723038478800,2163600,2426939300,2429704600
1,881,241723075167200,2295800,2463627700,2466393000
1,897,241723111098900,2469000,2499559400,2502324700
1,913,241723147314900,2314200,2535775400,2538540700
1,929,241723182969900,2144100,2571430400,2574195700
1,945,241723218771500,2271400,2607232000,2609997300
1,961,241723255080700,2313200,2643541200,2646306500
1,977,241723292008000,2294500,2680468500,2683233800
1,993,241723337902500,2192500,2726363000,2729128300
1,1009,241723373302300,2264500,2761762800,2764528100
1,1025,241723408867000,2226200,2797327500,2800092800
1,1041,241723444815900,2336600,2833276400,2836041700
1,1057,241723480608800,2232600,2869069300,2871834600
1,1073,241723516230400,2231000,2904690900,2907456200
1,1089,241723551090700,2210300,2939551200,2942316500
1,1105,241723591521500,2139800,2979982000,2982747300
1,1121,241723629327700,2641400,3017788200,3020553500
1,1137,241723671297700,2667000,3059758200,3062523500
1,1153,241723714211500,2640000,3102672000,3105437300
1,1169,241723761547200,2755000,3150007700,3152773000
1,1185,241723804599000,2605300,3193059500,3195824800
1,1201,241723851394400,2928000,3239854900,3242620200
1,1217,241723900562400,2871600,3289022900,3291788200
1,1233,241723947151400,2952700,3335611900,3338377200
1,1249,241723994902400,2912100,3383362900,3386128200
1,1265,241724041516600,2857200,3429977100,3432742400
1,1281,241724087673600,2860600,3476134100,3478899400
1,1297,241724132740200,2924000,3521200700,3523966000
1,1313,241724178932100,2866800,3567392600,3570157900
1,1329,241724229750900,4024200,3618211400,3620976700
1,1345,241724275679300,2897600,3664139800,3666905100
1,1361,241724321200900,2922400,3709661400,3712426700
1,1377,241724366984000,2628000,3755444500,3758209800
1,1393,241724410114800,2785900,3798575300,3801340600
1,1409,241724458069400,2977700,3846529900,3849295200
1,1425,241724501368600,2563100,3889829100,3892594400
1,1441,241724545822800,2992700,3934283300,3937048600
1,1457,241724597655600,2937800,3986116100,3988881400
1,1473,241724644098400,2925900,4032558900,4035324200
1,1489,241724691109900,2780700,4079570400,4082335700
1,1505,241724735026300,2917400,4123486800,4126252100
1,1521,241724781062900,2933800,4169523400,4172288700
1,1537,241724829337500,2711500,4217798000,4220563300
1,1553,241724876717200,2768400,4265177700,4267943000
1,1569,241724932554300,3351200,4321014800,4323780100
1,1585,241724985556700,3316300,4374017200,4376782500
1,1601,241725035561900,3085200,4424022400,4426787700
1,1617,241725079354400,2644600,4467814900,4470580200
1,1633,241725126975300,3060500,4515435800,4518201100
1,1649,241725172309600,2737500,4560770100,4563535400
1,1665,241725217106800,2887800,4605567300,4608332600
1,1681,241725267811700,2869400,4656272200,4659037500
1,1697,241725313786500,2843700,4702247000,4705012300
1,1713,241725358894800,2663800,4747355300,4750120600
1,1729,241725403687600,2777600,4792148100,4794913400
1,1745,241725448798800,2978200,4837259300,4840024600
1,1761,241725496073000,2858400,4884533500,4887298800
1,1777,241725541953300,2886100,4930413800,4933179100
1,1793,241725592588400,2691300,4981048900,4983814200
1,1809,241725634799500,2728100,5023260000,5026025300
1,1825,241725680114300,2715500,5068574800,5071340100
1,1841,241725724232300,2782200,5112692800,5115458100
1,1857,241725773393400,2887100,5161853900,5164619200
1,1873,241725817825000,2806400,5206285500,5209050800
1,1889,241725862791500,2771600,5251252000,5254017300
1,1905,241725908607400,2637900,5297067900,5299833200
1,1921,241725957035700,2873400,5345496200,5348261500
1,1937,241726000123600,2707700,5388584100,5391349400
1,1953,241726044328600,2642200,5432789100,5435554400
1,1969,241726086177100,2596200,5474637600,5477402900
1,1985,241726128193800,2626400,5516654300,5519419600
1,2001,241726171764600,2739400,5560225100,5562990400
1,2017,241726214388200,3044600,5602848700,5605614000
1,2033,241726262875300,2591400,5651335800,5654101100
2,2,241720741378400,5629800,129838900,132604200
2,18,241720818398000,4653100,206858500,209623800
2,34,241720892596200,3489000,281056700,283822000
2,50,241720957418700,4642300,345879200,348644500
2,66,241721017305300,4055100,405765800,408531100
2,82,241721070463100,4244500,458923600,461688900
2,98,241721125387600,2963700,513848100,516613400
2,114,241721192379600,2547100,580840100,583605400
2,130,241721241142400,3565000,629602900,632368200
2,146,241721296417900,3107800,684878400,687643700
2,162,241721352551100,2700100,741011600,743776900
2,178,241721407767400,2552200,796227900,798993200
2,194,241721446802600,2327600,835263100,838028400
2,210,241721483820200,2349300,872280700,875046000
2,226,241721520570200,2246500,909030700,911796000
2,242,241721565560700,2290500,954021200,956786500
2,258,241721602227300,2293500,990687800,993453100
2,274,241721639499600,2861600,1027960100,1030725400
2,290,241721682366700,2501700,1070827200,1073592500
2,306,241721722366300,2291100,1110826800,1113592100
2,322,241721759888100,2564500,1148348600,1151113900
2,338,241721797279800,2630500,1185740300,1188505600
2,354,241721835062300,2255300,1223522800,1226288100
2,370,241721878601000,2653500,1267061500,1269826800
2,386,241721916628900,2305100,1305089400,1307854700
2,402,241721953068500,2225500,1341529000,1344294300
2,418,241721990036100,2388100,1378496600,1381261900
2,434,241722027383100,2323100,1415843600,1418608900
2,450,241722064490100,2206500,1452950600,1455715900
2,466,241722102201300,2290500,1490661800,1493427100
2,482,241722138895900,2413200,1527356400,1530121700
2,498,241722182104800,2460400,1570565300,1573330600
2,514,241722218536800,2150600,1606997300,1609762600
2,530,241722255698400,2169400,1644158900,1646924200
2,546,241722291881800,2335100,1680342300,1683107600
2,562,241722328225500,2254200,1716686000,1719451300
2,578,241722364240400,2555400,1752700900,1755466200
2,594,241722400670600,2130900,1789131100,1791896400
2,610,241722436733400,2202800,1825193900,1827959200
2,626,241722481462600,2231700,1869923100,1872688400
2,642,241722517865300,2195100,1906325800,1909091100
2,658,241722553643400,2463000,1942103900,1944869200
2,674,241722590328700,2285000,1978789200,1981554500
2,690,241722626784200,2249600,2015244700,2018010000
2,706,241722662983900,2294300,2051444400,2054209700
2,722,241722700048400,2222800,2088508900,2091274200
2,738,241722735403200,2228400,2123863700,2126629000
2,754,241722779582400,2303400,2168042900,2170808200
2,770,241722815423200,2216300,2203883700,2206649000
2,786,241722851943500,2242600,2240404000,2243169300
2,802,241722888636000,2219600,2277096500,2279861800
2,818,241722924462500,2176000,2312923000,2315688300
2,834,241722960958400,2306500,2349418900,2352184200
2,850,241722995976000,2256600,2384436500,2387201800
2,866,241723039846900,2121900,2428307400,2431072700
2,882,241723076594300,2301100,2465054800,2467820100
2,898,241723112428000,2446700,2500888500,2503653800
2,914,241723148549300,2248600,2537009800,2539775100
2,930,241723184299700,2202500,2572760200,2575525500
2,946,241723220246100,2255200,2608706600,2611471900
2,962,241723256533200,2300200,2644993700,2647759000
2,978,241723293555100,10045500,2682015600,2684780900
2,994,241723337160300,2134700,2725620800,2728386100
2,1010,241723372547100,2222000,2761007600,2763772900
2,1026,241723408156600,2242700,2796617100,2799382400
2,1042,241723444142600,2289900,2832603100,2835368400
2,1058,241723479900600,2221800,2868361100,2871126400
2,1074,241723515523800,2225700,2903984300,2906749600
2,1090,241723550463700,2106000,2938924200,2941689500
2,1106,241723590521400,2166600,2978981900,2981747200
2,1122,241723628069200,2644200,3016529700,3019295000
2,1138,241723670021500,2669300,3058482000,3061247300
2,1154,241723712941900,2656600,3101402400,3104167700
2,1170,241723758219900,4494200,3146680400,3149445700
2,1186,241723802812300,2712800,3191272800,3194038100
2,1202,241723849856400,2628300,3238316900,3241082200
2,1218,241723898639100,2951300,3287099600,3289864900
2,1234,241723945190900,2997900,3333651400,3336416700
2,1250,241723992975400,2941300,3381435900,3384201200
2,1266,241724039602000,2928000,3428062500,3430827800
2,1282,241724085622100,3025700,3474082600,3476847900
2,1298,241724130873100,2916800,3519333600,3522098900
2,1314,241724177081700,2877700,3565542200,3568307500
2,1330,241724227617000,3452300,3616077500,3618842800
2,1346,241724273503600,3229800,3661964100,3664729400
2,1362,241724319386300,2894000,3707846800,3710612100
2,1378,241724365397200,2589400,3753857700,3756623000
2,1394,241724408400900,2784000,3796861400,3799626700
2,1410,241724456208900,2935000,3844669400,3847434700
2,1426,241724499720800,2575300,3888181300,3890946600
2,1442,241724544100600,2802000,3932561100,3935326400
2,1458,241724595812700,2938700,3984273200,3987038500
2,1474,241724642300500,2876400,4030761000,4033526300
2,1490,241724689317400,2856600,4077777900,4080543200
2,1506,241724733158700,2771800,4121619200,4124384500
2,1522,241724779144300,2805800,4167604800,4170370100
2,1538,241724826342000,2735200,4214802500,4217567800
2,1554,241724873889800,2753900,4262350300,4265115600
2,1570,241724929013800,3360400,4317474300,4320239600
2,1586,241724982143200,3200900,4370603700,4373369000
2,1602,241725032301000,3126500,4420761500,4423526800
2,1618,241725076648300,2600900,4465108800,4467874100
2,1634,241725123951100,2863400,4512411600,4515176900
2,1650,241725169550100,2621400,4558010600,4560775900
2,1666,241725214016900,2885400,4602477400,4605242700
2,1682,241725264765000,2881100,4653225500,4655990800
2,1698,241725310694800,2964300,4699155300,4701920600
2,1714,241725356604700,2574200,4745065200,4747830500
2,1730,241725401283800,2711200,4789744300,4792509600
2,1746,241725446177100,2947500,4834637600,4837402900
2,1762,241725493649400,2867000,4882109900,4884875200
2,1778,241725539524400,2874300,4927984900,4930750200
2,1794,241725590274600,2707700,4978735100,4981500400
2,1810,241725632555200,2666700,5021015700,5023781000
2,1826,241725677632400,2889700,5066092900,5068858200
2,1842,241725721900100,2754000,5110360600,5113125900
2,1858,241725770856300,2883000,5159316800,5162082100
2,1874,241725815315600,2794600,5203776100,5206541400
2,1890,241725860059800,2768100,5248520300,5251285600
2,1906,241725905949600,2768600,5294410100,5297175400
2,1922,241725954431900,2748900,5342892400,5345657700
2,1938,241725997497800,2778600,5385958300,5388723600
2,1954,241726041505000,2641100,5429965500,5432730800
2,1970,241726083446200,2549700,5471906700,5474672000
2,1986,241726125369800,2628100,5513830300,5516595600
2,2002,241726168552200,2955500,5557012700,5559778000
2,2018,241726211500400,2592000,5599960900,5602726200
2,2034,241726260049400,2578400,5648509900,5651275200
3,3,241720746193700,5886600,134654200,137419500
3,19,241720823003200,4232300,211463700,214229000
3,35,241720896045300,3488200,284505800,287271100
3,51,241720962203900,4604600,350664400,353429700
3,67,241721021531600,3412200,409992100,412757400
3,83,241721075000700,4437600,463461200,466226500
3,99,241721128505700,2814900,516966200,519731500
3,115,241721196149300,2403100,584609800,587375100
3,131,241721246908800,2861400,635369300,638134600
3,147,241721300789400,3212300,689249900,692015200
3,163,241721356389700,4110300,744850200,747615500
3,179,241721411302000,2915300,799762500,802527800
3,195,241721450081900,2432000,838542400,841307700
3,211,241721487168300,2245800,875628800,878394100
3,227,241721523813300,2240500,912273800,915039100
3,243,241721568892700,2273500,957353200,960118500
3,259,241721605516300,2247600,993976800,996742100
3,275,241721643578100,2430000,1032038600,1034803900
3,291,241721687723600,2625000,1076184100,1078949400
3,307,241721726588100,2249500,1115048600,1117813900
3,323,241721764472300,2316500,1152932800,1155698100
3,339,241721801851500,2345200,1190312000,1193077300
3,355,241721839182500,2216100,1227643000,1230408300
3,371,241721883173000,2304200,1271633500,1274398800
3,387,241721920872700,2290400,1309333200,1312098500
3,403,241721957311500,2441600,1345772000,1348537300
3,419,241721994446100,2263400,1382906600,1385671900
3,435,241722031775800,2377500,1420236300,1423001600
3,451,241722068657900,2271900,1457118400,1459883700
3,467,241722106699700,2217700,1495160200,1497925500
3,483,241722143379600,2233700,1531840100,1534605400
3,499,241722186655500,2181100,1575116000,1577881300
3,515,241722222803500,2424500,1611264000,1614029300
3,531,241722260035800,2281800,1648496300,1651261600
3,547,241722296379400,2244200,1684839900,1687605200
3,563,241722332553600,2229000,1721014100,1723779400
3,579,241722368889700,2224100,1757350200,1760115500
3,595,241722404763000,2112500,1793223500,1795988800
3,611,241722440954300,2356800,1829414800,1832180100
3,627,241722485870400,2241000,1874330900,1877096200
3,643,241722522374700,2176200,1910835200,1913600500
3,659,241722558670800,2226000,1947131300,1949896600
3,675,241722594999100,2323100,1983459600,1986224900
3,691,241722631361700,2284600,2019822200,2022587500
3,707,241722667662400,2463100,2056122900,2058888200
3,723,241722704596600,2204300,2093057100,2095822400
3,739,241722739927100,2196300,2128387600,2131152900
3,755,241722784238800,2243300,2172699300,2175464600
3,771,241722819909100,2225300,2208369600,2211134900
3,787,241722856417300,2420500,2244877800,2247643100
3,803,241722893139400,2235500,2281599900,2284365200
3,819,241722929496300,2234300,2317956800,2320722100
3,835,241722966097900,2235100,2354558400,2357323700
3,851,241723001394600,2335700,2389855100,2392620400
3,867,241723045148100,2376100,2433608600,2436373900
3,883,241723081819300,2157400,2470279800,2473045100
3,899,241723117921200,2242100,2506381700,2509147000
3,915,241723153740300,2178200,2542200800,2544966100
3,931,241723189247100,2346800,2577707600,2580472900
3,947,241723225210100,2227000,2613670600,2616435900
3,963,241723261665600,2287300,2650126100,2652891400
3,979,241723306253000,2132100,2694713500,2697478800
3,995,241723344154800,2224900,2732615300,2735380600
3,1011,241723379496700,2187700,2767957200,2770722500
3,1027,241723415030900,2170600,2803491400,2806256700
3,1043,241723451349900,2238200,2839810400,2842575700
3,1059,241723487090300,2213000,2875550800,2878316100
3,1075,241723522798600,2167500,2911259100,2914024400
3,1091,241723557508300,2157500,2945968800,2948734100
3,1107,241723597570800,2131700,2986031300,2988796600
3,1123,241723636522500,2611300,3024983000,3027748300
3,1139,241723678729800,2632200,3067190300,3069955600
3,1155,241723721695700,2678900,3110156200,3112921500
3,1171,241723768363900,2848900,3156824400,3159589700
3,1187,241723811563100,2826100,3200023600,3202788900
3,1203,241723858636300,2623800,3247096800,3249862100
3,1219,241723908264800,2906800,3296725300,3299490600
3,1235,241723954787900,3039300,3343248400,3346013700
3,1251,241724002514200,2837400,3390974700,3393740000
3,1267,241724048781700,2663600,3437242200,3440007500
3,1283,241724095190900,2884700,3483651400,3486416700
3,1299,241724140274400,2922300,3528734900,3531500200
3,1315,241724186509200,2945700,3574969700,3577735000
3,1331,241724238308700,2770700,3626769200,3629534500
3,1347,241724283637600,2791200,3672098100,3674863400
3,1363,241724329424500,2924900,3717885000,3720650300
3,1379,241724374311100,2668100,3762771600,3765536900
3,1395,241724417786200,2771000,3806246700,3809012000
3,1411,241724466051200,2957900,3854511700,3857277000
3,1427,241724508636200,2675700,3897096700,3899862000
3,1443,241724554088500,2729700,3942549000,3945314300
3,1459,241724605924600,2957900,3994385100,3997150400
3,1475,241724652765100,3016700,4041225600,4043990900
3,1491,241724698916800,2878900,4087377300,4090142600
3,1507,241724742874900,2674600,4131335400,4134100700
3,1523,241724789260500,3046300,4177721000,4180486300
3,1539,241724836934700,3095300,4225395200,4228160500
3,1555,241724883829500,2651600,4272290000,4275055300
3,1571,241724940587600,3240100,4329048100,4331813400
3,1587,241724993510600,3237700,4381971100,4384736400
3,1603,241725043019000,3122200,4431479500,4434244800
3,1619,241725085748400,2602500,4474208900,4476974200
3,1635,241725134193300,2902200,4522653800,4525419100
3,1651,241725178784300,2734000,4567244800,4570010100
3,1667,241725224218600,2866000,4612679100,4615444400
3,1683,241725274840900,2950400,4663301400,4666066700
3,1699,241725320904100,2886200,4709364600,4712129900
3,1715,241725365165900,2654800,4753626400,4756391700
3,1731,241725410183000,2780400,4798643500,4801408800
3,1747,241725455799300,2957500,4844259800,4847025100
3,1763,241725502865200,2900600,4891325700,4894091000
3,1779,241725548784000,2904000,4937244500,4940009800
3,1795,241725599033100,2645700,4987493600,4990258900
3,1811,241725641150400,2634900,5029610900,5032376200
3,1827,241725686586400,2716300,5075046900,5077812200
3,1843,241725734967800,2790400,5123428300,5126193600
3,1859,241725780113300,2704000,5168573800,5171339100
3,1875,241725824450900,2781300,5212911400,5215676700
3,1891,241725870823700,2842300,5259284200,5262049500
3,1907,241725916683000,7527500,5305143500,5307908800
3,1923,241725965582600,2623100,5354043100,5356808400
3,1939,241726008263600,2860300,5396724100,5399489400
3,1955,241726051570600,2612200,5440031100,5442796400
3,1971,241726093408200,2567200,5481868700,5484634000
3,1987,241726135569900,2894300,5524030400,5526795700
3,2003,241726179138500,2700900,5567599000,5570364300
3,2019,241726222641600,2790300,5611102100,5613867400
3,2035,241726270014400,2564500,5658474900,5661240200
4,4,241720752469600,6392600,140930100,143695400
4,20,241720826972500,4219000,215433000,218198300
4,36,241720899158800,4096500,287619300,290384600
4,52,241720966408900,3371900,354869400,357634700
4,68,241721024687000,3262600,413147500,415912800
4,84,241721078943200,4284700,467403700,470169000
4,100,241721130906400,4406700,519366900,522132200
4,116,241721197844700,2425800,586305200,589070500
4,132,241721248982100,2528000,637442600,640207900
4,148,241721303250400,3000200,691710900,694476200
4,164,241721359481000,3210500,747941500,750706800
4,180,241721413573900,2538800,802034400,804799700
4,196,241721451966800,2321200,840427300,843192600
4,212,241721488915300,2246300,877375800,880141100
4,228,241721525536000,2172400,913996500,916761800
4,244,241721570624500,2267200,959085000,961850300
4,260,241721607198400,2268900,995658900,998424200
4,276,241721645247700,2451200,1033708200,1036473500
4,292,241721688784800,2501100,1077245300,1080010600
4,308,241721727410200,2308300,1115870700,1118636000
4,324,241721765312100,2294900,1153772600,1156537900
4,340,241721802681500,2405800,1191142000,1193907300
4,356,241721840063500,2203200,1228524000,1231289300
4,372,241721884115800,2362200,1272576300,1275341600
4,388,241721921803300,2285200,1310263800,1313029100
4,404,241721958163100,2556600,1346623600,1349388900
4,420,241721995329700,2245100,1383790200,1386555500
4,436,241722032656900,2414200,1421117400,1423882700
4,452,241722069547500,2213200,1458008000,1460773300
4,468,241722106112600,2209100,1494573100,1497338400
4,484,241722142857100,2238500,1531317600,1534082900
4,500,241722186056500,2191500,1574517000,1577282300
4,516,241722222191500,2433500,1610652000,1613417300
4,532,241722259538400,2190800,1647998900,1650764200
4,548,241722295886300,2268400,1684346800,1687112100
4,564,241722332173400,2222300,1720633900,1723399200
4,580,241722368415300,2213300,1756875800,1759641100
4,596,241722404339400,2111500,1792799900,1795565200
4,612,241722440642400,2357600,1829102900,1831868200
4,628,241722485400800,2227900,1873861300,1876626600
4,644,241722521927700,2184400,1910388200,1913153500
4,660,241722558282400,2225900,1946742900,1949508200
4,676,241722594607800,2300000,1983068300,1985833600
4,692,241722631000300,2262200,2019460800,2022226100
4,708,241722667289600,2435500,2055750100,2058515400
4,724,241722704273600,2201900,2092734100,2095499400
4,740,241722739657800,2202000,2128118300,2130883600
4,756,241722784210100,2238000,2172670600,2175435900
4,772,241722819820100,2220700,2208280600,2211045900
4,788,241722856328900,2420300,2244789400,2247554700
4,804,241722893080100,2233600,2281540600,2284305900
4,820,241722928902200,2217900,2317362700,2320128000
4,836,241722965502200,2219300,2353962700,2356728000
4,852,241723000738300,2360400,2389198800,2391964100
4,868,241723044542200,2492600,2433002700,2435768000
4,884,241723081351000,2161300,2469811500,2472576800
4,900,241723117435200,2242800,2505895700,2508661000
4,916,241723153223600,2177200,2541684100,2544449400
4,932,241723188604800,2318300,2577065300,2579830600
4,948,241723224639500,2225600,2613100000,2615865300
4,964,241723261084100,2281500,2649544600,2652309900
4,980,241723305668700,2155600,2694129200,2696894500
4,996,241723341264000,2371600,2729724500,2732489800
4,1012,241723376762400,2202700,2765222900,2767988200
4,1028,241723412310000,2165100,2800770500,2803535800
4,1044,241723448416600,2193200,2836877100,2839642400
4,1060,241723484048300,2211700,2872508800,2875274100
4,1076,241723519694600,2283700,2908155100,2910920400
4,1092,241723554448700,2239200,2942909200,2945674500
4,1108,241723594630600,2207200,2983091100,2985856400
4,1124,241723633021300,2597700,3021481800,3024247100
4,1140,241723675039300,2694800,3063499800,3066265100
4,1156,241723717902100,2638800,3106362600,3109127900
4,1172,241723766453200,2596500,3154913700,3157679000
4,1188,241723809445400,2926800,3197905900,3200671200
4,1204,241723856576100,2662000,3245036600,3247801900
4,1220,241723906055300,2900000,3294515800,3297281100
4,1236,241723952514800,2959200,3340975300,3343740600
4,1252,241724000276300,2874600,3388736800,3391502100
4,1268,241724046702200,2632500,3435162700,3437928000
4,1284,241724092980300,2847100,3481440800,3484206100
4,1300,241724138027000,2930000,3526487500,3529252800
4,1316,241724184282600,2865500,3572743100,3575508400
4,1332,241724236157300,2773900,3624617800,3627383100
4,1348,241724280580800,2824700,3669041300,3671806600
4,1364,241724326244200,2892800,3714704700,3717470000
4,1380,241724371476700,2581100,3759937200,3762702500
4,1396,241724414820200,2701500,3803280700,3806046000
4,1412,241724462986400,2783700,3851446900,3854212200
4,1428,241724505795400,2625000,3894255900,3897021200
4,1444,241724551052400,2808300,3939512900,3942278200
4,1460,241724602788100,2913100,3991248600,3994013900
4,1476,241724649504300,3055300,4037964800,4040730100
4,1492,241724696141100,2730600,4084601600,4087366900
4,1508,241724740129600,2707600,4128590100,4131355400
4,1524,241724786394200,2825400,4174854700,4177620000
4,1540,241724834409700,3057400,4222870200,4225635500
4,1556,241724881291400,2973700,4269751900,4272517200
4,1572,241724937861000,3272400,4326321500,4329086800
4,1588,241724990826500,3235500,4379287000,4382052300
4,1604,241725040422000,3074900,4428882500,4431647800
4,1620,241725083548000,2584600,4472008500,4474773800
4,1636,241725131862800,2894700,4520323300,4523088600
4,1652,241725176692100,2639800,4565152600,4567917900
4,1668,241725221805800,3013300,4610266300,4613031600
4,1684,241725272542700,2898900,4661003200,4663768500
4,1700,241725318728100,2897100,4707188600,4709953900
4,1716,241725361595500,2702800,4750056000,4752821300
4,1732,241725406540100,2704300,4795000600,4797765900
4,1748,241725451860000,2935800,4840320500,4843085800
4,1764,241725499012500,2841500,4887473000,4890238300
4,1780,241725544918800,2868200,4933379300,4936144600
4,1796,241725595378000,2788200,4983838500,4986603800
4,1812,241725637596200,2634800,5026056700,5028822000
4,1828,241725682902100,2753400,5071362600,5074127900
4,1844,241725727098200,6847200,5115558700,5118324000
4,1860,241725776330500,2740400,5164791000,5167556300
4,1876,241725820669300,2783800,5209129800,5211895100
4,1892,241725865307900,2701600,5253768400,5256533700
4,1908,241725911094600,2748500,5299555100,5302320400
4,1924,241725959783600,2936600,5348244100,5351009400
4,1940,241726002706700,2781100,5391167200,5393932500
4,1956,241726048068600,2628100,5436529100,5439294400
4,1972,241726089922200,2593700,5478382700,5481148000
4,1988,241726131983900,2719400,5520444400,5523209700
4,2004,241726175598100,2670200,5564058600,5566823900
4,2020,241726218743200,3013600,5607203700,5609969000
4,2036,241726266573500,2582900,5655034000,5657799300
5,5,241720759251200,5434200,147711700,150477000
5,21,241720831638100,4900400,220098600,222863900
5,37,241720903688200,3780800,292148700,294914000
5,53,241720970142900,2817100,358603400,361368700
5,69,241721028263600,3339600,416724100,419489400
5,85,241721083740500,4290500,472201000,474966300
5,101,241721136215000,4316400,524675500,527440800
5,117,241721199540900,2653900,588001400,590766700
5,133,241721250726600,2659900,639187100,641952400
5,149,241721305360600,2618000,693821100,696586400
5,165,241721361883500,2516500,750344000,753109300
5,181,241721415262000,2520700,803722500,806487800
5,197,241721453544400,2295400,842004900,844770200
5,213,241721490342400,2315600,878802900,881568200
5,229,241721526913100,2176000,915373600,918138900
5,245,241721572071500,2229600,960532000,963297300
5,261,241721608636700,2293200,997097200,999862500
5,277,241721646941000,2405800,1035401500,1038166800
5,293,241721689250900,2424800,1077711400,1080476700
5,309,241721727814000,2329700,1116274500,1119039800
5,325,241721765544900,2298700,1154005400,1156770700
5,341,241721802961800,2316400,1191422300,1194187600
5,357,241721840213600,2202300,1228674100,1231439400
5,373,241721884208500,2369600,1272669000,1275434300
5,389,241721922014500,2293400,1310475000,1313240300
5,405,241721958389300,2556000,1346849800,1349615100
5,421,241721995538400,2251300,1383998900,1386764200
5,437,241722032865400,2436600,1421325900,1424091200
5,453,241722069709000,2221100,1458169500,1460934800
5,469,241722106200900,2216000,1494661400,1497426700
5,485,241722142920500,2236200,1531381000,1534146300
5,501,241722186120000,2188800,1574580500,1577345800
5,517,241722222260200,2423600,1610720700,1613486000
5,533,241722259510700,2252600,1647971200,1650736500
5,549,241722295856000,2267500,1684316500,1687081800
5,565,241722332145300,2217800,1720605800,1723371100
5,581,241722368506400,2215800,1756966900,1759732200
5,597,241722404423400,2115100,1792883900,1795649200
5,613,241722440605800,2358900,1829066300,1831831600
5,629,241722485462100,2231000,1873922600,1876687900
5,645,241722523539300,2212600,1911999800,1914765100
5,661,241722559869300,2213400,1948329800,1951095100
5,677,241722596208300,2337900,1984668800,1987434100
5,693,241722632620200,2435900,2021080700,2023846000
5,709,241722668990400,2427300,2057450900,2060216200
5,725,241722705808500,2206700,2094269000,2097034300
5,741,241722741175900,2164300,2129636400,2132401700
5,757,241722785557400,2235100,2174017900,2176783200
5,773,241722821228800,2246500,2209689300,2212454600
5,789,241722857936800,2255900,2246397300,2249162600
5,805,241722894464800,2227800,2282925300,2285690600
5,821,241722931792700,2170200,2320253200,2323018500
5,837,241722968394700,2203300,2356855200,2359620500
5,853,241723003796000,2231500,2392256500,2395021800
5,869,241723047586700,2278900,2436047200,2438812500
5,885,241723084010600,2163900,2472471100,2475236400
5,901,241723120225800,2209700,2508686300,2511451600
5,917,241723156008600,2296800,2544469100,2547234400
5,933,241723191715600,2247100,2580176100,2582941400
5,949,241723227587000,2250800,2616047500,2618812800
5,965,241723264052100,2289600,2652512600,2655277900
5,981,241723308480300,2205300,2696940800,2699706100
5,997,241723345268000,2270900,2733728500,2736493800
5,1013,241723380496100,2154600,2768956600,2771721900
5,1029,241723416019700,2120800,2804480200,2807245500
5,1045,241723452401900,2331200,2840862400,2843627700
5,1061,241723488057600,2192100,2876518100,2879283400
5,1077,241723523741500,2421600,2912202000,2914967300
5,1093,241723558479200,2229700,2946939700,2949705000
5,1109,241723598629300,2054000,2987089800,2989855100
5,1125,241723637781800,2595100,3026242300,3029007600
5,1141,241723679966600,2644800,3068427100,3071192400
5,1157,241723722782600,2763800,3111243100,3114008400
5,1173,241723771516400,2761700,3159976900,3162742200
5,1189,241723814673000,2677200,3203133500,3205898800
5,1205,241723861518700,2622900,3249979200,3252744500
5,1221,241723911493400,2874200,3299953900,3302719200
5,1237,241723958247600,3002800,3346708100,3349473400
5,1253,241724005747700,2976300,3394208200,3396973500
5,1269,241724051906800,2757000,3440367300,3443132600
5,1285,241724098558700,2850100,3487019200,3489784500
5,1301,241724143679000,2874800,3532139500,3534904800
5,1317,241724189992900,2747400,3578453400,3581218700
5,1333,241724241589400,2753700,3630049900,3632815200
5,1349,241724285997600,2748400,3674458100,3677223400
5,1365,241724331949900,2957700,3720410400,3723175700
5,1381,241724376627600,2805400,3765088100,3767853400
5,1397,241724420171800,2776000,3808632300,3811397600
5,1413,241724468588800,2736600,3857049300,3859814600
5,1429,241724510919200,2736400,3899379700,3902145000
5,1445,241724556432200,7810400,3944892700,3947658000
5,1461,241724608472800,2964800,3996933300,3999698600
5,1477,241724655377400,2933600,4043837900,4046603200
5,1493,241724701412000,2758400,4089872500,4092637800
5,1509,241724745183400,2771500,4133643900,4136409200
5,1525,241724792477000,3003900,4180937500,4183702800
5,1541,241724840184500,2806200,4228645000,4231410300
5,1557,241724886584700,2757900,4275045200,4277810500
5,1573,241724944015800,3320900,4332476300,4335241600
5,1589,241724996877400,3266200,4385337900,4388103200
5,1605,241725046189500,3054600,4434650000,4437415300
5,1621,241725088396900,2597900,4476857400,4479622700
5,1637,241725137144100,2887600,4525604600,4528369900
5,1653,241725181557900,2718100,4570018400,4572783700
5,1669,241725227128100,2858500,4615588600,4618353900
5,1685,241725277837400,2834800,4666297900,4669063200
5,1701,241725323835200,2894600,4712295700,4715061000
5,1717,241725367787100,2679000,4756247600,4759012900
5,1733,241725412808400,2692200,4801268900,4804034200
5,1749,241725458598000,2913400,4847058500,4849823800
5,1765,241725505649500,2885800,4894110000,4896875300
5,1781,241725551564600,2889900,4940025100,4942790400
5,1797,241725601576100,2586000,4990036600,4992801900
5,1813,241725643679700,2603000,5032140200,5034905500
5,1829,241725689193400,2744300,5077653900,5080419200
5,1845,241725737640500,2819300,5126101000,5128866300
5,1861,241725782620700,2743000,5171081200,5173846500
5,1877,241725827081400,2761900,5215541900,5218307200
5,1893,241725872843400,2938100,5261303900,5264069200
5,1909,241725923438400,2789100,5311898900,5314664200
5,1925,241725967482900,2600400,5355943400,5358708700
5,1941,241726010416600,3763000,5398877100,5401642400
5,1957,241726054221500,2610200,5442682000,5445447300
5,1973,241726096016800,2610100,5484477300,5487242600
5,1989,241726138503400,2672900,5526963900,5529729200
5,2005,241726181886800,2918900,5570347300,5573112600
5,2021,241726225472600,2770000,5613933100,5616698400
5,2037,241726272626300,2614900,5661086800,5663852100
6,6,241720766319800,6032300,154780300,157545600
6,22,241720837133600,4297200,225594100,228359400
6,38,241720907827100,4557600,296287600,299052900
6,54,241720973179200,2821000,361639700,364405000
6,70,241721031991300,3166300,420451800,423217100
6,86,241721088394800,4303900,476855300,479620600
6,102,241721140983400,3897700,529443900,532209200
6,118,241721202625700,3443100,591086200,593851500
6,134,241721253832800,2594700,642293300,645058600
6,150,241721308394100,2954000,696854600,699619900
6,166,241721364769600,2477300,753230100,755995400
6,182,241721418094800,2497100,806555300,809320600
6,198,241721456118500,2288500,844579000,847344300
6,214,241721493106100,2328000,881566600,884331900
6,230,241721529473800,2285200,917934300,920699600
6,246,241721574715400,2359900,963175900,965941200
6,262,241721611304500,2279500,999765000,1002530300
6,278,241721649733500,2499000,1038194000,1040959300
6,294,241721692997600,2417000,1081458100,1084223400
6,310,241721731541900,2363300,1120002400,1122767700
6,326,241721769433600,2375200,1157894100,1160659400
6,342,241721806812600,2279200,1195273100,1198038400
6,358,241721843927800,2259900,1232388300,1235153600
6,374,241721888183900,2277000,1276644400,1279409700
6,390,241721925872800,2314500,1314333300,1317098600
6,406,241721962410700,2218000,1350871200,1353636500
6,422,241721999282700,2248400,1387743200,1390508500
6,438,241722036942100,2418000,1425402600,1428167900
6,454,241722073720100,2353600,1462180600,1464945900
6,470,241722111908500,2413600,1500369000,1503134300
6,486,241722148742500,2386900,1537203000,1539968300
6,502,241722191922500,2558600,1580383000,1583148300
6,518,241722228871500,2494000,1617332000,1620097300
6,534,241722265389000,2224500,1653849500,1656614800
6,550,241722301695500,2241500,1690156000,1692921300
6,566,241722338157900,2245400,1726618400,1729383700
6,582,241722374304100,2330800,1762764600,1765529900
6,598,241722410093200,2209900,1798553700,1801319000
6,614,241722446612600,2439600,1835073100,1837838400
6,630,241722491350500,2116400,1879811000,1882576300
6,646,241722527303700,2261400,1915764200,1918529500
6,662,241722563522500,2230900,1951983000,1954748300
6,678,241722599986400,2227900,1988446900,1991212200
6,694,241722636793200,2278900,2025253700,2028019000
6,710,241722672865800,2314100,2061326300,2064091600
6,726,241722709538000,2164200,2097998500,2100763800
6,742,241722744806400,9580700,2133266900,2136032200
6,758,241722789300400,2188700,2177760900,2180526200
6,774,241722824914800,2251400,2213375300,2216140600
6,790,241722861756800,2313600,2250217300,2252982600
6,806,241722898159200,2275000,2286619700,2289385000
6,822,241722934536100,2467900,2322996600,2325761900
6,838,241722971097100,2149200,2359557600,2362322900
6,854,241723006508000,2250700,2394968500,2397733800
6,870,241723050293700,2204500,2438754200,2441519500
6,886,241723086627400,2161300,2475087900,2477853200
6,902,241723122850800,2150300,2511311300,2514076600
6,918,241723158689700,2209600,2547150200,2549915500
6,934,241723194330300,2242100,2582790800,2585556100
6,950,241723230196200,2210000,2618656700,2621422000
6,966,241723266784300,2349900,2655244800,2658010100
6,982,241723311173000,2401600,2699633500,2702398800
6,998,241723349002900,2163700,2737463400,2740228700
6,1014,241723384125300,2114700,2772585800,2775351100
6,1030,241723419593000,2310500,2808053500,2810818800
6,1046,241723455975700,2305800,2844436200,2847201500
6,1062,241723491458700,2192800,2879919200,2882684500
6,1078,241723527308300,2164400,2915768800,2918534100
6,1094,241723561794400,7039800,2950254900,2953020200
6,1110,241723601686000,2080200,2990146500,2992911800
6,1126,241723641562100,2569500,3030022600,3032787900
6,1142,241723683824300,2748600,3072284800,3075050100
6,1158,241723726830500,2724300,3115291000,3118056300
6,1174,241723773164500,2648800,3161625000,3164390300
6,1190,241723816235200,2796800,3204695700,3207461000
6,1206,241723863068100,2655600,3251528600,3254293900
6,1222,241723913227100,2875300,3301687600,3304452900
6,1238,241723960011800,3051600,3348472300,3351237600
6,1254,241724007425100,3004300,3395885600,3398650900
6,1270,241724053337900,2868600,3441798400,3444563700
6,1286,241724100068100,2824100,3488528600,3491293900
6,1302,241724145189200,2883600,3533649700,3536415000
6,1318,241724191460600,2755400,3579921100,3582686400
6,1334,241724243005000,2784100,3631465500,3634230800
6,1350,241724288557500,2769500,3677018000,3679783300
6,1366,241724334588000,2896100,3723048500,3725813800
6,1382,241724379095900,2664400,3767556400,3770321700
6,1398,241724422606700,2741200,3811067200,3813832500
6,1414,241724470987600,2671800,3859448100,3862213400
6,1430,241724513372000,2654800,3901832500,3904597800
6,1446,241724563914600,2908100,3952375100,3955140400
6,1462,241724611106800,2961700,3999567300,4002332600
6,1478,241724657986500,2931200,4046447000,4049212300
6,1494,241724703870800,2751500,4092331300,4095096600
6,1510,241724747663300,2845100,4136123800,4138889100
6,1526,241724795199900,2818600,4183660400,4186425700
6,1542,241724842754100,2918600,4231214600,4233979900
6,1558,241724889133100,2956300,4277593600,4280358900
6,1574,241724947125000,3178600,4335585500,4338350800
6,1590,241724999946700,3241500,4388407200,4391172500
6,1606,241725049025900,2548900,4437486400,4440251700
6,1622,241725090817000,2778700,4479277500,4482042800
6,1638,241725139871100,2924300,4528331600,4531096900
6,1654,241725184015400,2723900,4572475900,4575241200
6,1670,241725229750100,2827800,4618210600,4620975900
6,1686,241725280425500,2663700,4668886000,4671651300
6,1702,241725326491700,2841900,4714952200,4717717500
6,1718,241725369227100,2601700,4757687600,4760452900
6,1734,241725414207300,2715900,4802667800,4805433100
6,1750,241725460100400,2925700,4848560900,4851326200
6,1766,241725507179300,2889700,4895639800,4898405100
6,1782,241725553094700,2865800,4941555200,4944320500
6,1798,241725602951000,2540800,4991411500,4994176800
6,1814,241725645086900,2710200,5033547400,5036312700
6,1830,241725690735300,2677200,5079195800,5081961100
6,1846,241725739147600,2834800,5127608100,5130373400
6,1862,241725784094800,2709000,5172555300,5175320600
6,1878,241725828595100,2725700,5217055600,5219820900
6,1894,241725872105700,2935300,5260566200,5263331500
6,1910,241725917935000,7577300,5306395500,5309160800
6,1926,241725966788300,2586100,5355248800,5358014100
6,1942,241726009724100,5469500,5398184600,5400949900
6,1958,241726055205800,2604700,5443666300,5446431600
6,1974,241726096985000,2606300,5485445500,5488210800
6,1990,241726139488600,2673800,5527949100,5530714400
6,2006,241726183182800,2834700,5571643300,5574408600
6,2022,241726226648000,2765500,5615108500,5617873800
6,2038,241726273743900,2582500,5662204400,5664969700
7,7,241720771859000,6104000,160319500,163084800
7,23,241720840533000,5343400,228993500,231758800
7,39,241720911823900,4193400,300284400,303049700
7,55,241720975541500,2725200,364002000,366767300
7,71,241721034607000,2778500,423067500,425832800
7,87,241721092067000,4369600,480527500,483292800
7,103,241721144309700,4056900,532770200,535535500
7,119,241721207236000,2874500,595696500,598461800
7,135,241721257670800,2579900,646131300,648896600
7,151,241721312232700,2436700,700693200,703458500
7,167,241721368242100,2662800,756702600,759467900
7,183,241721421551700,2300900,810012200,812777500
7,199,241721459349300,2328200,847809800,850575100
7,215,241721496254600,2244400,884715100,887480400
7,231,241721532593000,2417700,921053500,923818800
7,247,241721577976800,2290800,966437300,969202600
7,263,241721614547800,2256900,1003008300,1005773600
7,279,241721653257200,2773000,1041717700,1044483000
7,295,241721696981400,2389500,1085441900,1088207200
7,311,241721735500400,2449800,1123960900,1126726200
7,327,241721773229100,2298700,1161689600,1164454900
7,343,241721810532100,2429600,1198992600,1201757900
7,359,241721847672700,2522000,1236133200,1238898500
7,375,241721891855300,2323700,1280315800,1283081100
7,391,241721929568000,2204100,1318028500,1320793800
7,407,241721965926300,2207400,1354386800,1357152100
7,423,241722002885900,2246600,1391346400,1394111700
7,439,241722040777500,2304400,1429238000,1432003300
7,455,241722077412300,2226300,1465872800,1468638100
7,471,241722114892100,2450700,1503352600,1506117900
7,487,241722151679400,2239400,1540139900,1542905200
7,503,241722195093300,2402200,1583553800,1586319100
7,519,241722231904900,2269500,1620365400,1623130700
7,535,241722268240400,2254700,1656700900,1659466200
7,551,241722304538300,2298000,1692998800,1695764100
7,567,241722340984400,2238200,1729444900,1732210200
7,583,241722377244000,2217500,1765704500,1768469800
7,599,241722412867600,2184800,1801328100,1804093400
7,615,241722449700500,2318200,1838161000,1840926300
7,631,241722493718000,3140900,1882178500,1884943800
7,647,241722530572000,2263500,1919032500,1921797800
7,663,241722567009700,2282200,1955470200,1958235500
7,679,241722603433300,2441300,1991893800,1994659100
7,695,241722640192000,2216900,2028652500,2031417800
7,711,241722676255700,2252500,2064716200,2067481500
7,727,241722712775300,2170900,2101235800,2104001100
7,743,241722755533800,2586500,2143994300,2146759600
7,759,241722792576700,2201500,2181037200,2183802500
7,775,241722828506500,2336200,2216967000,2219732300
7,791,241722865353100,2308100,2253813600,2256578900
7,807,241722901665200,2275300,2290125700,2292891000
7,823,241722938157500,2239100,2326618000,2329383300
7,839,241722974381700,2139400,2362842200,2365607500
7,855,241723010025600,2367500,2398486100,2401251400
7,871,241723053709300,2218000,2442169800,2444935100
7,887,241723089975800,2133500,2478436300,2481201600
7,903,241723126320500,2240700,2514781000,2517546300
7,919,241723162179900,2199700,2550640400,2553405700
7,935,241723197951400,2238400,2586411900,2589177200
7,951,241723233748900,2211700,2622209400,2624974700
7,967,241723270550800,2347200,2659011300,2661776600
7,983,241723314867600,2306500,2703328100,2706093400
7,999,241723350855900,2199400,2739316400,2742081700
7,1015,241723386047200,2124800,2774507700,2777273000
7,1031,241723421815000,2273500,2810275500,2813040800
7,1047,241723458091600,2232600,2846552100,2849317400
7,1063,241723493481600,2225900,2881942100,2884707400
7,1079,241723529332600,2137800,2917793100,2920558400
7,1095,241723568672000,2400100,2957132500,2959897800
7,1111,241723603679200,2122200,2992139700,2994905000
7,1127,241723644032300,2704400,3032492800,3035258100
7,1143,241723686448000,3012500,3074908500,3077673800
7,1159,241723729449600,2739200,3117910100,3120675400
7,1175,241723775713600,2602000,3164174100,3166939400
7,1191,241723818912000,2697900,3207372500,3210137800
7,1207,241723865613000,2606600,3254073500,3256838800
7,1223,241723916023200,2878900,3304483700,3307249000
7,1239,241723962972200,3292300,3351432700,3354198000
7,1255,241724010282900,2862300,3398743400,3401508700
7,1271,241724056068300,2889200,3444528800,3447294100
7,1287,241724102825500,2940300,3491286000,3494051300
7,1303,241724147993600,2929800,3536454100,3539219400
7,1319,241724194093600,2707900,3582554100,3585319400
7,1335,241724245667800,2767300,3634128300,3636893600
7,1351,241724290630600,2701600,3679091100,3681856400
7,1367,241724336800300,2909000,3725260800,3728026100
7,1383,241724381145600,2665200,3769606100,3772371400
7,1399,241724424695700,2787900,3813156200,3815921500
7,1415,241724473036900,2714500,3861497400,3864262700
7,1431,241724515378000,2873700,3903838500,3906603800
7,1447,241724566120900,2835000,3954581400,3957346700
7,1463,241724613324300,2945400,4001784800,4004550100
7,1479,241724660185700,2948800,4048646200,4051411500
7,1495,241724705936900,2694700,4094397400,4097162700
7,1511,241724749956500,2800900,4138417000,4141182300
7,1527,241724797156800,2796800,4185617300,4188382600
7,1543,241724844769900,2676500,4233230400,4235995700
7,1559,241724891114200,3003900,4279574700,4282340000
7,1575,241724949246200,3335400,4337706700,4340472000
7,1591,241725002201300,2991700,4390661800,4393427100
7,1607,241725050708300,2746000,4439168800,4441934100
7,1623,241725092605400,5409000,4481065900,4483831200
7,1639,241725141875600,2904600,4530336100,4533101400
7,1655,241725186020500,2575700,4574481000,4577246300
7,1671,241725231849700,2832400,4620310200,4623075500
7,1687,241725282405200,2791400,4670865700,4673631000
7,1703,241725328670100,2481500,4717130600,4719895900
7,1719,241725371020500,2570600,4759481000,4762246300
7,1735,241725416105800,2770100,4804566300,4807331600
7,1751,241725462158100,2926100,4850618600,4853383900
7,1767,241725509172200,2867400,4897632700,4900398000
7,1783,241725555089500,2859700,4943550000,4946315300
7,1799,241725604679900,2539800,4993140400,4995905700
7,1815,241725646831500,2727600,5035292000,5038057300
7,1831,241725692508900,2710300,5080969400,5083734700
7,1847,241725741029700,2961600,5129490200,5132255500
7,1863,241725785953600,2707600,5174414100,5177179400
7,1879,241725830415700,2722300,5218876200,5221641500
7,1895,241725876225600,2914200,5264686100,5267451400
7,1911,241725926601300,2701700,5315061800,5317827100
7,1927,241725970433800,2694200,5358894300,5361659600
7,1943,241726015651800,2733600,5404112300,5406877600
7,1959,241726058306000,2565700,5446766500,5449531800
7,1975,241726100050900,2557500,5488511400,5491276700
7,1991,241726142634300,2679700,5531094800,5533860100
7,2007,241726186329100,2700900,5574789600,5577554900
7,2023,241726229764900,2762000,5618225400,5620990700
7,2039,241726276636300,2738100,5665096800,5667862100
8,8,241720777608500,6346800,166069000,168834300
8,24,241720845807700,4878800,234268200,237033500
8,40,241720916136000,4624700,304596500,307361800
8,56,241720978382700,3835200,366843200,369608500
8,72,241721037513800,2824600,425974300,428739600
8,88,241721096742000,3587000,485202500,487967800
8,104,241721148643100,4016700,537103600,539868900
8,120,241721210012300,3001500,598472800,601238100
8,136,241721260191200,3650900,648651700,651417000
8,152,241721314622000,3845200,703082500,705847800
8,168,241721370806700,4322500,759267200,762032500
8,184,241721423785400,2335100,812245900,815011200
8,200,241721461569000,2307200,850029500,852794800
8,216,241721498425400,2357300,886885900,889651200
8,232,241721534950300,2299300,923410800,926176100
8,248,241721580161600,2258300,968622100,971387400
8,264,241721616680100,2324800,1005140600,1007905900
8,280,241721655986600,4290400,1044447100,1047212400
8,296,241721699592600,2332800,1088053100,1090818400
8,312,241721738139600,2306900,1126600100,1129365400
8,328,241721775775800,2288500,1164236300,1167001600
8,344,241721813187900,2316300,1201648400,1204413700
8,360,241721850425800,2289000,1238886300,1241651600
8,376,241721894361800,2307700,1282822300,1285587600
8,392,241721932021000,2245600,1320481500,1323246800
8,408,241721968378500,2424700,1356839000,1359604300
8,424,241722005456600,2492200,1393917100,1396682400
8,440,241722043359700,2299000,1431820200,1434585500
8,456,241722079918300,3081600,1468378800,1471144100
8,472,241722117790400,2291300,1506250900,1509016200
8,488,241722154289900,2236400,1542750400,1545515700
8,504,241722197858600,2255500,1586319100,1589084400
8,520,241722234569800,2248100,1623030300,1625795600
8,536,241722270874700,2284100,1659335200,1662100500
8,552,241722307145000,2341000,1695605500,1698370800
8,568,241722343562700,2242500,1732023200,1734788500
8,584,241722379769500,2207600,1768230000,1770995300
8,600,241722415478800,2498300,1803939300,1806704600
8,616,241722452395100,2299100,1840855600,1843620900
8,632,241722497887200,2366300,1886347700,1889113000
8,648,241722533855700,2237200,1922316200,1925081500
8,664,241722570195500,2183000,1958656000,1961421300
8,680,241722606910800,2284600,1995371300,1998136600
8,696,241722643391100,2220700,2031851600,2034616900
8,712,241722679588400,2368300,2068048900,2070814200
8,728,241722715920900,2188200,2104381400,2107146700
8,744,241722759223800,2455700,2147684300,2150449600
8,760,241722795686600,2165600,2184147100,2186912400
8,776,241722831778600,2238000,2220239100,2223004400
8,792,241722868593900,2312500,2257054400,2259819700
8,808,241722904875900,2868300,2293336400,2296101700
8,824,241722941443400,2254400,2329903900,2332669200
8,840,241722977541100,2156600,2366001600,2368766900
8,856,241723013478000,2300800,2401938500,2404703800
8,872,241723057004500,2233200,2445465000,2448230300
8,888,241723093248600,2454900,2481709100,2484474400
8,904,241723129554700,2213800,2518015200,2520780500
8,920,241723165347600,2258500,2553808100,2556573400
8,936,241723201152100,2224100,2589612600,2592377900
8,952,241723237026000,2392200,2625486500,2628251800
8,968,241723273937800,2273000,2662398300,2665163600
8,984,241723318176000,2183500,2706636500,2709401800
8,1000,241723355154800,2147300,2743615300,2746380600
8,1016,241723390061400,2146100,2778521900,2781287200
8,1032,241723426066900,2308300,2814527400,2817292700
8,1048,241723462430700,2185300,2850891200,2853656500
8,1064,241723497828300,2237300,2886288800,2889054100
8,1080,241723533402400,2150500,2921862900,2924628200
8,1096,241723573183600,2111200,2961644100,2964409400
8,1112,241723607828200,2103400,2996288700,2999054000
8,1128,241723649286900,2603200,3037747400,3040512700
8,1144,241723692085400,2664900,3080545900,3083311200
8,1160,241723734915200,2800800,3123375700,3126141000
8,1176,241723781914900,2557700,3170375400,3173140700
8,1192,241723825084400,2688400,3213544900,3216310200
8,1208,241723871604000,2617200,3260064500,3262829800
8,1224,241723922599800,2880500,3311060300,3313825600
8,1240,241723970031000,2873300,3358491500,3361256800
8,1256,241724016891400,2898500,3405351900,3408117200
8,1272,241724062622200,3058500,3451082700,3453848000
8,1288,241724109165800,2694200,3497626300,3500391600
8,1304,241724154611500,2837800,3543072000,3545837300
8,1320,241724200495400,2893000,3588955900,3591721200
8,1336,241724251878200,2726300,3640338700,3643104000
8,1352,241724296039800,2826700,3684500300,3687265600
8,1368,241724342553900,2902100,3731014400,3733779700
8,1384,241724386525400,2805200,3774985900,3777751200
8,1400,241724430163900,2708200,3818624400,3821389700
8,1416,241724478434300,2818600,3866894800,3869660100
8,1432,241724520869100,2752600,3909329600,3912094900
8,1448,241724571745000,2946400,3960205500,3962970800
8,1464,241724619112600,2880000,4007573100,4010338400
8,1480,241724666005000,2944100,4054465500,4057230800
8,1496,241724711286600,2727600,4099747100,4102512400
8,1512,241724755418400,3202800,4143878900,4146644200
8,1528,241724802477800,2764400,4190938300,4193703600
8,1544,241724850061100,3006200,4238521600,4241286900
8,1560,241724902324500,3458600,4290785000,4293550300
8,1576,241724955766600,3209600,4344227100,4346992400
8,1592,241725008000000,3139200,4396460500,4399225800
8,1608,241725055944600,2630700,4444405100,4447170400
8,1624,241725100816400,2936200,4489276900,4492042200
8,1640,241725147641000,3090500,4536101500,4538866800
8,1656,241725191209200,2732700,4579669700,4582435000
8,1672,241725237510600,2854500,4625971100,4628736400
8,1688,241725287928300,2913500,4676388800,4679154100
8,1704,241725335968300,2996500,4724428800,4727194100
8,1720,241725379034700,3131200,4767495200,4770260500
8,1736,241725424610100,2827400,4813070600,4815835900
8,1752,241725471123400,2886900,4859583900,4862349200
8,1768,241725517950200,2835200,4906410700,4909176000
8,1784,241725563900500,2859500,4952361000,4955126300
8,1800,241725612750100,2639600,5001210600,5003975900
8,1816,241725654947400,2607100,5043407900,5046173200
8,1832,241725701034300,2785500,5089494800,5092260100
8,1848,241725749711300,2744800,5138171800,5140937100
8,1864,241725794391900,2715600,5182852400,5185617700
8,1880,241725838847300,2722600,5227307800,5230073100
8,1896,241725884327000,2809500,5272787500,5275552800
8,1912,241725934237400,2709700,5322697900,5325463200
8,1928,241725977813600,2600000,5366274100,5369039400
8,1944,241726022766200,2830400,5411226700,5413992000
8,1960,241726065106100,2649100,5453566600,5456331900
8,1976,241726106947500,2628600,5495408000,5498173300
8,1992,241726149759800,2700100,5538220300,5540985600
8,2008,241726193302700,2596700,5581763200,5584528500
8,2024,241726236965400,7453700,5625425900,5628191200
8,2040,241726283615100,2590700,5672075600,5674840900
9,9,241720785293400,4616400,173753900,176519200
9,25,241720852437800,4726500,240898300,243663600
9,41,241720922237700,4507400,310698200,313463500
9,57,241720983380600,2742000,371841100,374606400
9,73,241721041177300,2758200,429637800,432403100
9,89,241721101108700,2966500,489569200,492334500
9,105,241721163161300,4148900,551621800,554387100
9,121,241721211565500,2951700,600026000,602791300
9,137,241721262148100,3669500,650608600,653373900
9,153,241721316676700,3989400,705137200,707902500
9,169,241721372921300,4382400,761381800,764147100
9,185,241721424996100,2477700,813456600,816221900
9,201,241721462825500,2301300,851286000,854051300
9,217,241721499724600,2411100,888185100,890950400
9,233,241721536165100,2233000,924625600,927390900
9,249,241721581370100,2217500,969830600,972595900
9,265,241721617927200,2342600,1006387700,1009153000
9,281,241721657628400,1588400,1046088900,1048854200
9,297,241721698586300,2361500,1087046800,1089812100
9,313,241721737253800,2273200,1125714300,1128479600
9,329,241721774788100,2312700,1163248600,1166013900
9,345,241721812221500,2397900,1200682000,1203447300
9,361,241721849429400,2403100,1237889900,1240655200
9,377,241721893493200,2324100,1281953700,1284719000
9,393,241721931210500,2235700,1319671000,1322436300
9,409,241721967563200,2328600,1356023700,1358789000
9,425,241722004419400,2373100,1392879900,1395645200
9,441,241722042256300,2295200,1430716800,1433482100
9,457,241722078809400,2039400,1467269900,1470035200
9,473,241722116661400,2272200,1505121900,1507887200
9,489,241722153181300,2259600,1541641800,1544407100
9,505,241722196770000,2270400,1585230500,1587995800
9,521,241722233513000,2279700,1621973500,1624738800
9,537,241722269835900,2261200,1658296400,1661061700
9,553,241722306134600,2301400,1694595100,1697360400
9,569,241722342534200,2245100,1730994700,1733760000
9,585,241722378781100,2242300,1767241600,1770006900
9,601,241722414400800,2395100,1802861300,1805626600
9,617,241722451263400,2324500,1839723900,1842489200
9,633,241722496730100,2348100,1885190600,1887955900
9,649,241722532897900,2206700,1921358400,1924123700
9,665,241722569087200,2271400,1957547700,1960313000
9,681,241722605658400,2472300,1994118900,1996884200
9,697,241722642318200,2231700,2030778700,2033544000
9,713,241722678412900,2401100,2066873400,2069638700
9,729,241722714774400,2276700,2103234900,2106000200
9,745,241722757842500,2638600,2146303000,2149068300
9,761,241722794544400,2183900,2183004900,2185770200
9,777,241722830604600,2253500,2219065100,2221830400
9,793,241722867384600,2325300,2255845100,2258610400
9,809,241722903628400,2707500,2292088900,2294854200
9,825,241722941322100,2253400,2329782600,2332547900
9,841,241722977454100,2153000,2365914600,2368679900
9,857,241723013353700,2298300,2401814200,2404579500
9,873,241723057063300,2239200,2445523800,2448289100
9,889,241723093311300,2488200,2481771800,2484537100
9,905,241723129671500,2224400,2518132000,2520897300
9,921,241723165465600,2278100,2553926100,2556691400
9,937,241723201305600,2224600,2589766100,2592531400
9,953,241723237186600,2396700,2625647100,2628412400
9,969,241723274069600,2270600,2662530100,2665295400
9,985,241723318297000,2184300,2706757500,2709522800
9,1001,241723355094700,2146600,2743555200,2746320500
9,1017,241723390003000,2131700,2778463500,2781228800
9,1033,241723425978700,2296600,2814439200,2817204500
9,1049,241723462367800,2189600,2850828300,2853593600
9,1065,241723497799100,2225900,2886259600,2889024900
9,1081,241723533338500,2154600,2921799000,2924564300
9,1097,241723573016200,2094700,2961476700,2964242000
9,1113,241723607682100,2098300,2996142600,2998907900
9,1129,241723649082300,2595700,3037542800,3040308100
9,1145,241723691866400,2676600,3080326900,3083092200
9,1161,241723734677900,2798400,3123138400,3125903700
9,1177,241723781414600,2614700,3169875100,3172640400
9,1193,241723824653700,2720900,3213114200,3215879500
9,1209,241723871232300,2622100,3259692800,3262458100
9,1225,241723922190200,2893900,3310650700,3313416000
9,1241,241723969721000,2880900,3358181500,3360946800
9,1257,241724016602600,2912300,3405063100,3407828400
9,1273,241724062323400,3068900,3450783900,3453549200
9,1289,241724108925400,2674800,3497385900,3500151200
9,1305,241724154331800,2838100,3542792300,3545557600
9,1321,241724200180100,2945500,3588640600,3591405900
9,1337,241724251622800,2714600,3640083300,3642848600
9,1353,241724295776700,2826500,3684237200,3687002500
9,1369,241724342272000,2893900,3730732500,3733497800
9,1385,241724386456600,2804200,3774917100,3777682400
9,1401,241724430095900,2693400,3818556400,3821321700
9,1417,241724478358000,2833700,3866818500,3869583800
9,1433,241724520906700,2763900,3909367200,3912132500
9,1449,241724571793800,2943900,3960254300,3963019600
9,1465,241724619153000,2883000,4007613500,4010378800
9,1481,241724666044100,2948400,4054504600,4057269900
9,1497,241724711318800,2742200,4099779300,4102544600
9,1513,241724755298800,3191200,4143759300,4146524600
9,1529,241724802091300,2744300,4190551800,4193317100
9,1545,241724849708200,2994000,4238168700,4240934000
9,1561,241724901691000,3539400,4290151500,4292916800
9,1577,241724955200600,3203800,4343661100,4346426400
9,1593,241725007445500,3073500,4395906000,4398671300
9,1609,241725055442100,2620900,4443902600,4446667900
9,1625,241725100251600,2938900,4488712100,4491477400
9,1641,241725147092700,3063800,4535553200,4538318500
9,1657,241725190640300,2685300,4579100800,4581866100
9,1673,241725236784300,2932300,4625244800,4628010100
9,1689,241725287319500,2868800,4675780000,4678545300
9,1705,241725333973100,2807800,4722433600,4725198900
9,1721,241725377082800,2814400,4765543300,4768308600
9,1737,241725422520500,2749200,4810981000,4813746300
9,1753,241725468889700,2904700,4857350200,4860115500
9,1769,241725515683900,2855000,4904144400,4906909700
9,1785,241725561624500,2849900,4950085000,4952850300
9,1801,241725610625200,2634600,4999085700,5001851000
9,1817,241725652901000,2570800,5041361500,5044126800
9,1833,241725698842300,2716200,5087302800,5090068100
9,1849,241725747510100,2747900,5135970600,5138735900
9,1865,241725792195900,2728500,5180656400,5183421700
9,1881,241725836690500,2706500,5225151000,5227916300
9,1897,241725880205600,2902700,5268666100,5271431400
9,1913,241725930388500,2806300,5318849000,5321614300
9,1929,241725974130600,2578400,5362591100,5365356400
9,1945,241726021225100,2545400,5409685600,5412450900
9,1961,241726063570000,2579500,5452030500,5454795800
9,1977,241726105401900,2554900,5493862400,5496627700
9,1993,241726148039000,2796400,5536499500,5539264800
9,2009,241726191752300,2559200,5580212800,5582978100
9,2025,241726235354700,2691600,5623815200,5626580500
9,2041,241726282076100,2543400,5670536600,5673301900
10,10,241720788485900,5791000,176946400,179711700
10,26,241720855942600,4991200,244403100,247168400
10,42,241720925419100,4464600,313879600,316644900
10,58,241720985217800,2714200,373678300,376443600
10,74,241721043019800,2910500,431480300,434245600
10,90,241721103175200,2943800,491635700,494401000
10,106,241721165878700,3355100,554339200,557104500
10,122,241721216972300,3136400,605432800,608198100
10,138,241721268014500,4159600,656475000,659240300
10,154,241721323027700,4180100,711488200,714253500
10,170,241721379970000,4563600,768430500,771195800
10,186,241721428878700,2408100,817339200,820104500
10,202,241721466433000,2363700,854893500,857658800
10,218,241721503500600,2297300,891961100,894726400
10,234,241721539626600,2369200,928087100,930852400
10,250,241721584813100,2232700,973273600,976038900
10,266,241721621448700,2342800,1009909200,1012674500
10,282,241721661716000,3044100,1050176500,1052941800
10,298,241721703291800,2992800,1091752300,1094517600
10,314,241721741706300,2253700,1130166800,1132932100
10,330,241721779417200,2313100,1167877700,1170643000
10,346,241721816942400,2320900,1205402900,1208168200
10,362,241721854077900,2247400,1242538400,1245303700
10,378,241721897957200,2293200,1286417700,1289183000
10,394,241721935548000,2196700,1324008500,1326773800
10,410,241721972066500,2346200,1360527000,1363292300
10,426,241722009036400,2220000,1397496900,1400262200
10,442,241722046767300,2279100,1435227800,1437993100
10,458,241722082967800,2595000,1471428300,1474193600
10,474,241722120113600,2264800,1508574100,1511339400
10,490,241722156709300,2220700,1545169800,1547935100
10,506,241722200270000,2218700,1588730500,1591495800
10,522,241722237034500,2285300,1625495000,1628260300
10,538,241722273379700,2305900,1661840200,1664605500
10,554,241722309757600,2380500,1698218100,1700983400
10,570,241722346082000,2234800,1734542500,1737307800
10,586,241722382314400,2195900,1770774900,1773540200
10,602,241722418196300,2335400,1806656800,1809422100
10,618,241722454886700,2273500,1843347200,1846112500
10,634,241722499792800,2361700,1888253300,1891018600
10,650,241722535675600,2183600,1924136100,1926901400
10,666,241722571975700,2295500,1960436200,1963201500
10,682,241722608761900,2169900,1997222400,1999987700
10,698,241722645202900,2218000,2033663400,2036428700
10,714,241722681443500,2269900,2069904000,2072669300
10,730,241722717637400,2227300,2106097900,2108863200
10,746,241722761206200,2282200,2149666700,2152432000
10,762,241722797307200,2193100,2185767700,2188533000
10,778,241722833455900,2238400,2221916400,2224681700
10,794,241722870368600,2293000,2258829100,2261594400
10,810,241722907209600,2642900,2295670100,2298435400
10,826,241722943364600,2387600,2331825100,2334590400
10,842,241722979402700,2163800,2367863200,2370628500
10,858,241723015428800,2372700,2403889300,2406654600
10,874,241723059005900,2369700,2447466400,2450231700
10,890,241723095497800,2303200,2483958300,2486723600
10,906,241723131648000,2237600,2520108500,2522873800
10,922,241723167485200,2308600,2555945700,2558711000
10,938,241723203314600,2255200,2591775100,2594540400
10,954,241723239353100,2285000,2627813600,2630578900
10,970,241723276181900,2320900,2664642400,2667407700
10,986,241723320422500,2223100,2708883000,2711648300
10,1002,241723355947500,2158800,2744408000,2747173300
10,1018,241723390776100,2180900,2779236600,2782001900
10,1034,241723426644900,2316100,2815105400,2817870700
10,1050,241723462963300,2197100,2851423800,2854189100
10,1066,241723498396100,2246200,2886856600,2889621900
10,1082,241723534000200,2153000,2922460700,2925226000
10,1098,241723573717100,2136300,2962177600,2964942900
10,1114,241723608394100,2082300,2996854600,2999619900
10,1130,241723649973600,2582100,3038434100,3041199400
10,1146,241723692794900,2662900,3081255400,3084020700
10,1162,241723735674600,2833300,3124135100,3126900400
10,1178,241723782576200,2561900,3171036700,3173802000
10,1194,241723825859100,2703300,3214319600,3217084900
10,1210,241723872400600,2608500,3260861100,3263626400
10,1226,241723923456600,2894700,3311917100,3314682400
10,1242,241723970966000,2914200,3359426500,3362191800
10,1258,241724017863300,2892600,3406323800,3409089100
10,1274,241724063616700,3048500,3452077200,3454842500
10,1290,241724110058700,2698800,3498519200,3501284500
10,1306,241724155541500,2902800,3544002000,3546767300
10,1322,241724201537700,2860100,3589998200,3592763500
10,1338,241724252811100,2751100,3641271600,3644036900
10,1354,241724297353800,2766200,3685814300,3688579600
10,1370,241724343875900,2902300,3732336400,3735101700
10,1386,241724387842500,2681700,3776303000,3779068300
10,1402,241724431409400,2692900,3819869900,3822635200
10,1418,241724479716100,2873500,3868176600,3870941900
10,1434,241724522067800,2873300,3910528300,3913293600
10,1450,241724573018100,2955300,3961478600,3964243900
10,1466,241724620402100,2990500,4008862600,4011627900
10,1482,241724667298900,3168100,4055759400,4058524700
10,1498,241724712465400,2768600,4100925900,4103691200
10,1514,241724756762300,3093300,4145222800,4147988100
10,1530,241724803456300,2771200,4191916800,4194682100
10,1546,241724851178800,2987200,4239639300,4242404600
10,1562,241724903556900,3453900,4292017400,4294782700
10,1578,241724956843700,3183300,4345304200,4348069500
10,1594,241725008960600,3046300,4397421100,4400186400
10,1610,241725056726700,2623700,4445187200,4447952500
10,1626,241725101695200,2882500,4490155700,4492921000
10,1642,241725148606000,3003400,4537066500,4539831800
10,1658,241725191978500,2824400,4580439000,4583204300
10,1674,241725238305500,2851100,4626766000,4629531300
10,1690,241725288828000,2875700,4677288500,4680053800
10,1706,241725335701500,3010000,4724162000,4726927300
10,1722,241725378740300,3162100,4767200800,4769966100
10,1738,241725424353000,2813500,4812813500,4815578800
10,1754,241725470840400,2885900,4859300900,4862066200
10,1770,241725517675700,2834000,4906136200,4908901500
10,1786,241725563619800,2854800,4952080300,4954845600
10,1802,241725612497700,2634800,5000958200,5003723500
10,1818,241725654703600,2581600,5043164100,5045929400
10,1834,241725700807700,2760000,5089268200,5092033500
10,1850,241725749484200,2735200,5137944700,5140710000
10,1866,241725794168800,2722700,5182629300,5185394600
10,1882,241725838612700,2728900,5227073200,5229838500
10,1898,241725883289900,2868200,5271750400,5274515700
10,1914,241725933322600,2785900,5321783100,5324548400
10,1930,241725976871900,2671200,5365332400,5368097700
10,1946,241726023849900,2988800,5412310400,5415075700
10,1962,241726066244600,2600800,5454705100,5457470400
10,1978,241726108029300,2643500,5496489800,5499255100
10,1994,241726150921000,2672600,5539381500,5542146800
10,2010,241726194391600,2622700,5582852100,5585617400
10,2026,241726238140600,7477000,5626601100,5629366400
10,2042,241726284697600,2600700,5673158100,5675923400
11,11,241720794192500,4672800,182653000,185418300
11,27,241720861106700,4735000,249567200,252332500
11,43,241720930522700,4713900,318983200,321748500
11,59,241720988255000,4896700,376715500,379480800
11,75,241721046413200,3665800,434873700,437639000
11,91,241721106533100,2708700,494993600,497758900
11,107,241721169597100,2596000,558057600,560822900
11,123,241721218652000,3099300,607112500,609877800
11,139,241721270253100,3977100,658713600,661478900
11,155,241721325327500,4359900,713788000,716553300
11,171,241721382590200,4574400,771050700,773816000
11,187,241721430419800,2351400,818880300,821645600
11,203,241721467992900,2204200,856453400,859218700
11,219,241721504983900,2242400,893444400,896209700
11,235,241721541243300,2459400,929703800,932469100
11,251,241721586353400,2248900,974813900,977579200
11,267,241721623131300,2412900,1011591800,1014357100
11,283,241721666537800,2800400,1054998300,1057763600
11,299,241721707742500,2358600,1096203000,1098968300
11,315,241721745278000,2228400,1133738500,1136503800
11,331,241721782997800,2305900,1171458300,1174223600
11,347,241721820467800,2299000,1208928300,1211693600
11,363,241721857609000,2215100,1246069500,1248834800
11,379,241721901657500,2487400,1290118000,1292883300
11,395,241721938979300,2340600,1327439800,1330205100
11,411,241721975813000,2246700,1364273500,1367038800
11,427,241722012585500,2355500,1401046000,1403811300
11,443,241722050453500,2306000,1438914000,1441679300
11,459,241722088222500,2330400,1476683000,1479448300
11,475,241722124846200,2180500,1513306700,1516072000
11,491,241722161380500,2306000,1549841000,1552606300
11,507,241722204923400,2242300,1593383900,1596149200
11,523,241722241713700,2382600,1630174200,1632939500
11,539,241722278085300,2205900,1666545800,1669311100
11,555,241722314659000,2252700,1703119500,1705884800
11,571,241722350642800,2263600,1739103300,1741868600
11,587,241722386922000,2264700,1775382500,1778147800
11,603,241722422881100,2252700,1811341600,1814106900
11,619,241722466691800,2730000,1855152300,1857917600
11,635,241722504185400,2250600,1892645900,1895411200
11,651,241722539832200,2258400,1928292700,1931058000
11,667,241722576471000,2293500,1964931500,1967696800
11,683,241722613018000,2171600,2001478500,2004243800
11,699,241722649542000,2220800,2038002500,2040767800
11,715,241722686095600,2306600,2074556100,2077321400
11,731,241722721948400,2126900,2110408900,2113174200
11,747,241722765637200,2433500,2154097700,2156863000
11,763,241722801979100,2383200,2190439600,2193204900
11,779,241722838108400,2333800,2226568900,2229334200
11,795,241722875111800,2285700,2263572300,2266337600
11,811,241722911949700,2289000,2300410200,2303175500
11,827,241722947971200,2260700,2336431700,2339197000
11,843,241722983605100,2211000,2372065600,2374830900
11,859,241723019877000,2207200,2408337500,2411102800
11,875,241723063397600,2463900,2451858100,2454623400
11,891,241723099742800,2207400,2488203300,2490968600
11,907,241723135810600,2195200,2524271100,2527036400
11,923,241723171691200,2287100,2560151700,2562917000
11,939,241723207501000,2248400,2595961500,2598726800
11,955,241723243524600,2221100,2631985100,2634750400
11,971,241723280408300,2291400,2668868800,2671634100
11,987,241723324452900,2993300,2712913400,2715678700
11,1003,241723360735000,2177700,2749195500,2751960800
11,1019,241723395653900,2432300,2784114400,2786879700
11,1035,241723431712500,2278300,2820173000,2822938300
11,1051,241723467744100,2315800,2856204600,2858969900
11,1067,241723503240400,2250800,2891700900,2894466200
11,1083,241723538754200,2185000,2927214700,2929980000
11,1099,241723578551300,2172300,2967011800,2969777100
11,1115,241723613042600,2596600,3001503100,3004268400
11,1131,241723655732800,2668400,3044193300,3046958600
11,1147,241723698647400,2731300,3087107900,3089873200
11,1163,241723741929700,2854400,3130390200,3133155500
11,1179,241723788993100,2784100,3177453600,3180218900
11,1195,241723832533400,2702900,3220993900,3223759200
11,1211,241723878833600,7852900,3267294100,3270059400
11,1227,241723930565900,2932800,3319026400,3321791700
11,1243,241723978245100,2997700,3366705600,3369470900
11,1259,241724024986500,3011600,3413447000,3416212300
11,1275,241724070849800,2983200,3459310300,3462075600
11,1291,241724116550800,2767300,3505011300,3507776600
11,1307,241724162424300,2830700,3550884800,3553650100
11,1323,241724208448700,2931700,3596909200,3599674500
11,1339,241724259332200,2834900,3647792700,3650558000
11,1355,241724305156000,2765600,3693616500,3696381800
11,1371,241724352139800,2929400,3740600300,3743365600
11,1387,241724395516700,2684400,3783977200,3786742500
11,1403,241724442517900,2788800,3830978400,3833743700
11,1419,241724487344400,2571600,3875804900,3878570200
11,1435,241724530460100,2836900,3918920600,3921685900
11,1451,241724581523400,3016600,3969983900,3972749200
11,1467,241724628669000,2834000,4017129500,4019894800
11,1483,241724675770600,2787600,4064231100,4066996400
11,1499,241724720512500,2688500,4108973000,4111738300
11,1515,241724765401800,2910400,4153862300,4156627600
11,1531,241724812385000,5210900,4200845500,4203610800
11,1547,241724861097700,3186100,4249558200,4252323500
11,1563,241724914620400,3324700,4303080900,4305846200
11,1579,241724967758300,3431600,4356218800,4358984100
11,1595,241725019007600,2974400,4407468100,4410233400
11,1611,241725065335800,2635100,4453796300,4456561600
11,1627,241725111221200,3189200,4499681700,4502447000
11,1643,241725157678200,2760200,4546138700,4548904000
11,1659,241725201486100,2907200,4589946600,4592711900
11,1675,241725252267800,2934000,4640728300,4643493600
11,1691,241725298253100,2855200,4686713600,4689478900
11,1707,241725342643400,2816500,4731103900,4733869200
11,1723,241725386111100,3092100,4774571600,4777336900
11,1739,241725430950000,2770600,4819410500,4822175800
11,1755,241725477842600,2987700,4866303100,4869068400
11,1771,241725524514300,2854600,4912974800,4915740100
11,1787,241725570530600,2869900,4958991100,4961756400
11,1803,241725618821200,2631200,5007281700,5010047000
11,1819,241725660884400,2713600,5049344900,5052110200
11,1835,241725707477100,2685600,5095937600,5098702900
11,1851,241725756272400,2942100,5144732900,5147498200
11,1867,241725800703700,2774300,5189164200,5191929500
11,1883,241725845070700,2567900,5233531200,5236296500
11,1899,241725890343300,2905400,5278803800,5281569100
11,1915,241725939778500,2705400,5328239000,5331004300
11,1931,241725983178100,2614300,5371638600,5374403900
11,1947,241726028226100,2634200,5416686600,5419451900
11,1963,241726070184300,2691100,5458644800,5461410100
11,1979,241726112047600,2604800,5500508100,5503273400
11,1995,241726154979000,2641300,5543439500,5546204800
11,2011,241726198367200,2617600,5586827700,5589593000
11,2027,241726247112000,2587600,5635572500,5638337800
11,2043,241726288641000,2618700,5677101500,5679866800
12,12,241720798992300,3916100,187452800,190218100
12,28,241720865678300,4917700,254138800,256904100
12,44,241720935172000,4677800,323632500,326397800
12,60,241720993089400,4496600,381549900,384315200
12,76,241721049794700,4002100,438255200,441020500
12,92,241721109043100,3057500,497503600,500268900
12,108,241721174755200,3680300,563215700,565981000
12,124,241721223683000,4244500,612143500,614908800
12,140,241721276855200,3660800,665315700,668081000
12,156,241721332813600,5162100,721274100,724039400
12,172,241721390167400,4537000,778627900,781393200
12,188,241721434273000,2350300,822733500,825498800
12,204,241721471682600,2380400,860143100,862908400
12,220,241721508764300,2262900,897224800,899990100
12,236,241721551924700,2334100,940385200,943150500
12,252,241721589987400,2310900,978447900,981213200
12,268,241721626898100,2274800,1015358600,1018123900
12,284,241721667861900,2493500,1056322400,1059087700
12,300,241721708702500,2337700,1097163000,1099928300
12,316,241721746177300,2228300,1134637800,1137403100
12,332,241721783950700,2325600,1172411200,1175176500
12,348,241721821375500,2319100,1209836000,1212601300
12,364,241721858496900,2229200,1246957400,1249722700
12,380,241721902628800,2436800,1291089300,1293854600
12,396,241721939877800,2317100,1328338300,1331103600
12,412,241721976810200,2339300,1365270700,1368036000
12,428,241722013619100,2420100,1402079600,1404844900
12,444,241722051486100,2310900,1439946600,1442711900
12,460,241722087624000,2316500,1476084500,1478849800
12,476,241722124323300,2188400,1512783800,1515549100
12,492,241722160810600,2313300,1549271100,1552036400
12,508,241722204451800,2237700,1592912300,1595677600
12,524,241722241264000,2358400,1629724500,1632489800
12,540,241722277628500,2209800,1666089000,1668854300
12,556,241722314122900,2288300,1702583400,1705348700
12,572,241722350154100,2232200,1738614600,1741379900
12,588,241722386476500,2237200,1774937000,1777702300
12,604,241722422438800,2234900,1810899300,1813664600
12,620,241722459049100,9825000,1847509600,1850274900
12,636,241722504061200,2257000,1892521700,1895287000
12,652,241722539713800,2259800,1928174300,1930939600
12,668,241722576179300,2314000,1964639800,1967405100
12,684,241722612816700,2171400,2001277200,2004042500
12,700,241722649362200,2215800,2037822700,2040588000
12,716,241722685910300,2298600,2074370800,2077136100
12,732,241722721783400,2125200,2110243900,2113009200
12,748,241722765440300,2378600,2153900800,2156666100
12,764,241722801649500,2355600,2190110000,2192875300
12,780,241722837785000,2300200,2226245500,2229010800
12,796,241722874692100,2278700,2263152600,2265917900
12,812,241722911656900,2278800,2300117400,2302882700
12,828,241722947670400,2252600,2336130900,2338896200
12,844,241722983293300,2228600,2371753800,2374519100
12,860,241723019582000,2206400,2408042500,2410807800
12,876,241723063085000,2414200,2451545500,2454310800
12,892,241723099506600,2211800,2487967100,2490732400
12,908,241723135508900,2206200,2523969400,2526734700
12,924,241723171431600,2248000,2559892100,2562657400
12,940,241723207226400,2248600,2595686900,2598452200
12,956,241723243255200,2224500,2631715700,2634481000
12,972,241723280127700,2292300,2668588200,2671353500
12,988,241723324136900,4279400,2712597400,2715362700
12,1004,241723361677300,2168500,2750137800,2752903100
12,1020,241723396742200,2391500,2785202700,2787968000
12,1036,241723433104000,2196600,2821564500,2824329800
12,1052,241723469142700,2328500,2857603200,2860368500
12,1068,241723504602600,2228200,2893063100,2895828400
12,1084,241723539989000,2188200,2928449500,2931214800
12,1100,241723579776900,2117100,2968237400,2971002700
12,1116,241723614281000,3081500,3002741500,3005506800
12,1132,241723657392500,2628800,3045853000,3048618300
12,1148,241723700296100,2629200,3088756600,3091521900
12,1164,241723743644800,2889500,3132105300,3134870600
12,1180,241723790772700,2977300,3179233200,3181998500
12,1196,241723834267100,3001000,3222727600,3225492900
12,1212,241723885609300,2967600,3274069800,3276835100
12,1228,241723932428100,2897400,3320888600,3323653900
12,1244,241723980270200,2863100,3368730700,3371496000
12,1260,241724027026500,2910500,3415487000,3418252300
12,1276,241724072850000,2911300,3461310500,3464075800
12,1292,241724118479000,2833100,3506939500,3509704800
12,1308,241724164394800,2938600,3552855300,3555620600
12,1324,241724210611900,2857100,3599072400,3601837700
12,1340,241724261403500,2786400,3649864000,3652629300
12,1356,241724306102300,2735300,3694562800,3697328100
12,1372,241724353112300,2883400,3741572800,3744338100
12,1388,241724396394200,2698400,3784854700,3787620000
12,1404,241724443446000,2795800,3831906500,3834671800
12,1420,241724488167100,2569200,3876627600,3879392900
12,1436,241724531429400,2820000,3919889900,3922655200
12,1452,241724582576100,2893900,3971036600,3973801900
12,1468,241724629622000,2759300,4018082500,4020847800
12,1484,241724676684200,2680900,4065144700,4067910000
12,1500,241724721334300,2657300,4109794800,4112560100
12,1516,241724766291500,2911100,4154752000,4157517300
12,1532,241724812126900,5144400,4200587400,4203352700
12,1548,241724860692300,3256800,4249152800,4251918100
12,1564,241724914209200,3341000,4302669700,4305435000
12,1580,241724967280600,3381000,4355741100,4358506400
12,1596,241725018513100,2974600,4406973600,4409738900
12,1612,241725064918700,2646800,4453379200,4456144500
12,1628,241725110708300,3255200,4499168800,4501934100
12,1644,241725157348000,2739600,4545808500,4548573800
12,1660,241725201082400,2898400,4589542900,4592308200
12,1676,241725251765800,2994700,4640226300,4642991600
12,1692,241725297793300,2865700,4686253800,4689019100
12,1708,241725342267600,2820600,4730728100,4733493400
12,1724,241725385706900,3076200,4774167400,4776932700
12,1740,241725430587200,2759800,4819047700,4821813000
12,1756,241725477449800,2987700,4865910300,4868675600
12,1772,241725524316200,2855800,4912776700,4915542000
12,1788,241725570323100,2865000,4958783600,4961548900
12,1804,241725618635600,2643600,5007096100,5009861400
12,1820,241725660713800,2612700,5049174300,5051939600
12,1836,241725707277200,2708400,5095737700,5098503000
12,1852,241725756199000,2916200,5144659500,5147424800
12,1868,241725800557900,2767600,5189018400,5191783700
12,1884,241725844954100,2905700,5233414600,5236179900
12,1900,241725890424400,2904000,5278884900,5281650200
12,1916,241725939967500,2716400,5328428000,5331193300
12,1932,241725983347300,2612600,5371807800,5374573100
12,1948,241726027706200,2629000,5416166700,5418932000
12,1964,241726069664700,2675500,5458125200,5460890500
12,1980,241726111532300,2575200,5499992800,5502758100
12,1996,241726154424000,2638000,5542884500,5545649800
12,2012,241726197843300,2617200,5586303800,5589069100
12,2028,241726246566200,2607200,5635026700,5637792000
12,2044,241726288125100,2604200,5676585600,5679350900
13,13,241720803205700,3048400,191666200,194431500
13,29,241720871420800,4741600,259881300,262646600
13,45,241720940314400,3500600,328774900,331540200
13,61,241720998013500,4211300,386474000,389239300
13,77,241721054069200,2958100,442529700,445295000
13,93,241721112444100,3046900,500904600,503669900
13,109,241721177744100,4019900,566204600,568969900
13,125,241721227286000,3967100,615746500,618511800
13,141,241721279861700,3285000,668322200,671087500
13,157,241721336884000,4780800,725344500,728109800
13,173,241721393709100,4259300,782169600,784934900
13,189,241721436030100,2410300,824490600,827255900
13,205,241721473493600,2375800,861954100,864719400
13,221,241721510443800,2267000,898904300,901669600
13,237,241721553687100,2286300,942147600,944912900
13,253,241721591730400,2361300,980190900,982956200
13,269,241721628617000,2350700,1017077500,1019842800
13,285,241721671791000,2720700,1060251500,1063016800
13,301,241721712362400,2433200,1100822900,1103588200
13,317,241721749739300,2352500,1138199800,1140965100
13,333,241721787582100,2312000,1176042600,1178807900
13,349,241721825047400,2302000,1213507900,1216273200
13,365,241721862163000,2507900,1250623500,1253388800
13,381,241721906608100,2251700,1295068600,1297833900
13,397,241721943696100,2206000,1332156600,1334921900
13,413,241721980469500,2264800,1368930000,1371695300
13,429,241722017340400,2341600,1405800900,1408566200
13,445,241722055101200,2239000,1443561700,1446327000
13,461,241722093045300,2257700,1481505800,1484271100
13,477,241722129578400,2230000,1518038900,1520804200
13,493,241722166144000,9005600,1554604500,1557369800
13,509,241722209610200,2265700,1598070700,1600836000
13,525,241722246629500,2192100,1635090000,1637855300
13,541,241722282811700,2246000,1671272200,1674037500
13,557,241722319328800,2269000,1707789300,1710554600
13,573,241722355410000,2356800,1743870500,1746635800
13,589,241722391794700,2192600,1780255200,1783020500
13,605,241722427730500,2369500,1816191000,1818956300
13,621,241722472510000,2312500,1860970500,1863735800
13,637,241722510119000,2346600,1898579500,1901344800
13,653,241722545779600,2230000,1934240100,1937005400
13,669,241722582293600,2224100,1970754100,1973519400
13,685,241722618638500,2260400,2007099000,2009864300
13,701,241722655284600,2193500,2043745100,2046510400
13,717,241722692022500,2295400,2080483000,2083248300
13,733,241722727462600,2153200,2115923100,2118688400
13,749,241722771787800,2262700,2160248300,2163013600
13,765,241722807685200,2253600,2196145700,2198911000
13,781,241722844047500,2297700,2232508000,2235273300
13,797,241722880673800,2178500,2269134300,2271899600
13,813,241722918299100,2174600,2306759600,2309524900
13,829,241722954559000,2260600,2343019500,2345784800
13,845,241722989899100,2186400,2378359600,2381124900
13,861,241723033604400,2258900,2422064900,2424830200
13,877,241723070136700,2292000,2458597200,2461362500
13,893,241723105986700,2210500,2494447200,2497212500
13,909,241723142273900,2193500,2530734400,2533499700
13,925,241723178135300,2203200,2566595800,2569361100
13,941,241723213908300,2225700,2602368800,2605134100
13,957,241723249980900,2228400,2638441400,2641206700
13,973,241723287000800,2282900,2675461300,2678226600
13,989,241723333007200,2157300,2721467700,2724233000
13,1005,241723368335100,2215400,2756795600,2759560900
13,1021,241723403610500,2381000,2792071000,2794836300
13,1037,241723439790400,2260400,2828250900,2831016200
13,1053,241723475609600,2197100,2864070100,2866835400
13,1069,241723511093600,2259900,2899554100,2902319400
13,1085,241723546222800,2133200,2934683300,2937448600
13,1101,241723585972700,2292200,2974433200,2977198500
13,1117,241723622469800,2769200,3010930300,3013695600
13,1133,241723664769000,2584700,3053229500,3055994800
13,1149,241723707630900,2672900,3096091400,3098856700
13,1165,241723751788300,3785000,3140248800,3143014100
13,1181,241723798919000,2607800,3187379500,3190144800
13,1197,241723845835300,2719800,3234295800,3237061100
13,1213,241723894298300,2920700,3282758800,3285524100
13,1229,241723940882400,2941500,3329342900,3332108200
13,1245,241723988668900,2899900,3377129400,3379894700
13,1261,241724035457400,2798900,3423917900,3426683200
13,1277,241724081365800,2885300,3469826300,3472591600
13,1293,241724126987000,2620700,3515447500,3518212800
13,1309,241724172850300,2864100,3561310800,3564076100
13,1325,241724218842600,2733600,3607303100,3610068400
13,1341,241724269374700,2770600,3657835200,3660600500
13,1357,241724314680100,2932200,3703140600,3705905900
13,1373,241724361232000,2590600,3749692500,3752457800
13,1389,241724403995700,2732300,3792456200,3795221500
13,1405,241724451544500,2898500,3840005000,3842770300
13,1421,241724495573200,2592600,3884033700,3886799000
13,1437,241724539629700,2812300,3928090200,3930855500
13,1453,241724590982700,3047400,3979443200,3982208500
13,1469,241724637643600,2913400,4026104100,4028869400
13,1485,241724684835400,2853500,4073295900,4076061200
13,1501,241724729003500,2654800,4117464000,4120229300
13,1517,241724774678900,2945300,4163139400,4165904700
13,1533,241724822475700,2627100,4210936200,4213701500
13,1549,241724869589600,2732000,4258050100,4260815400
13,1565,241724923938900,3350800,4312399400,4315164700
13,1581,241724977214600,3252400,4365675100,4368440400
13,1597,241725027448600,3119800,4415909100,4418674400
13,1613,241725072613100,2593000,4461073600,4463838900
13,1629,241725119516800,2874500,4507977300,4510742600
13,1645,241725165393900,2727100,4553854400,4556619700
13,1661,241725209570600,2876700,4598031100,4600796400
13,1677,241725260363000,2870300,4648823500,4651588800
13,1693,241725306284100,2883800,4694744600,4697509900
13,1709,241725352217400,2613500,4740677900,4743443200
13,1725,241725396683800,2718900,4785144300,4787909600
13,1741,241725440631500,2900300,4829092000,4831857300
13,1757,241725488430300,3064000,4876890800,4879656100
13,1773,241725534606900,2810900,4923067400,4925832700
13,1789,241725580686000,2929900,4969146500,4971911800
13,1805,241725627958700,2651100,5016419200,5019184500
13,1821,241725672059800,3580000,5060520300,5063285600
13,1837,241725717184000,2823100,5105644500,5108409800
13,1853,241725766371600,2680400,5154832100,5157597400
13,1869,241725810616800,2887400,5199077300,5201842600
13,1885,241725855467400,2730500,5243927900,5246693200
13,1901,241725900951800,3022500,5289412300,5292177600
13,1917,241725949830100,2695300,5338290600,5341055900
13,1933,241725992815300,2846400,5381275800,5384041100
13,1949,241726039997100,2861400,5428457600,5431222900
13,1965,241726082177900,2567500,5470638400,5473403700
13,1981,241726124069300,2597200,5512529800,5515295100
13,1997,241726167029300,2901800,5555489800,5558255100
13,2013,241726210223800,2584000,5598684300,5601449600
13,2029,241726258754100,2602300,5647214600,5649979900
13,2045,241726303133200,2357300,5691593700,5694359000
14,14,241720806012600,3001800,194473100,197238400
14,30,241720875673000,4458700,264133500,266898800
14,46,241720943628300,3913000,332088800,334854100
14,62,241721002165400,3706600,390625900,393391200
14,78,241721056993200,3589400,445453700,448219000
14,94,241721115537100,2660100,503997600,506762900
14,110,241721181239700,4024100,569700200,572465500
14,126,241721230755500,3221000,619216000,621981300
14,142,241721282873000,3733800,671333500,674098800
14,158,241721341399900,3093300,729860400,732625700
14,174,241721397705400,2856100,786165900,788931200
14,190,241721438241400,2397400,826701900,829467200
14,206,241721475673000,2249000,864133500,866898800
14,222,241721512494900,2241100,900955400,903720700
14,238,241721555770300,2248000,944230800,946996100
14,254,241721593882700,2247900,982343200,985108500
14,270,241721630723100,2312600,1019183600,1021948900
14,286,241721673762000,2489400,1062222500,1064987800
14,302,241721714052800,2396000,1102513300,1105278600
14,318,241721751347300,2298900,1139807800,1142573100
14,334,241721789251600,2278400,1177712100,1180477400
14,350,241721826672100,2280800,1215132600,1217897900
14,366,241721863858100,8911300,1252318600,1255083900
14,382,241721907942300,2655800,1296402800,1299168100
14,398,241721945098600,2146800,1333559100,1336324400
14,414,241721981968800,2269700,1370429300,1373194600
14,430,241722018885900,2592400,1407346400,1410111700
14,446,241722056617800,2301700,1445078300,1447843600
14,462,241722092746500,2246300,1481207000,1483972300
14,478,241722129288500,2226700,1517749000,1520514300
14,494,241722165925100,8990000,1554385600,1557150900
14,510,241722209489600,2264700,1597950100,1600715400
14,526,241722246426400,2190000,1634886900,1637652200
14,542,241722282695300,2236500,1671155800,1673921100
14,558,241722319300400,2266400,1707760900,1710526200
14,574,241722355378400,2234100,1743838900,1746604200
14,590,241722391671400,2199100,1780131900,1782897200
14,606,241722427608500,2354200,1816069000,1818834300
14,622,241722472440100,2292400,1860900600,1863665900
14,638,241722510422300,2321200,1898882800,1901648100
14,654,241722546023400,2255600,1934483900,1937249200
14,670,241722582513500,2225700,1970974000,1973739300
14,686,241722618850800,2300500,2007311300,2010076600
14,702,241722655499400,2201400,2043959900,2046725200
14,718,241722692252600,2283900,2080713100,2083478400
14,734,241722727641300,2153800,2116101800,2118867100
14,750,241722771974400,2275400,2160434900,2163200200
14,766,241722807870400,2258200,2196330900,2199096200
14,782,241722844267300,2305700,2232727800,2235493100
14,798,241722880946200,2180700,2269406700,2272172000
14,814,241722918866400,2191800,2307326900,2310092200
14,830,241722955154400,2280600,2343614900,2346380200
14,846,241722990490200,2187800,2378950700,2381716000
14,862,241723034227300,2228700,2422687800,2425453100
14,878,241723070800200,2310000,2459260700,2462026000
14,894,241723106645500,2194300,2495106000,2497871300
14,910,241723143013400,2234700,2531473900,2534239200
14,926,241723178890000,2175700,2567350500,2570115800
14,942,241723214665800,2217600,2603126300,2605891600
14,958,241723250771000,2234900,2639231500,2641996800
14,974,241723287809300,2266600,2676269800,2679035100
14,990,241723332892600,2159100,2721353100,2724118400
14,1006,241723368218000,2192600,2756678500,2759443800
14,1022,241723403552300,2277500,2792012800,2794778100
14,1038,241723439664500,2264700,2828125000,2830890300
14,1054,241723475494200,2195700,2863954700,2866720000
14,1070,241723510968700,2267600,2899429200,2902194500
14,1086,241723546111600,2119600,2934572100,2937337400
14,1102,241723585913800,2281400,2974374300,2977139600
14,1118,241723622394800,2774100,3010855300,3013620600
14,1134,241723664694500,2581700,3053155000,3055920300
14,1150,241723707564900,2661000,3096025400,3098790700
14,1166,241723751683500,3134900,3140144000,3142909300
14,1182,241723798047600,2622400,3186508100,3189273400
14,1198,241723844960600,2728600,3233421100,3236186400
14,1214,241723893331600,2894400,3281792100,3284557400
14,1230,241723939949300,2947800,3328409800,3331175100
14,1246,241723987714400,2898200,3376174900,3378940200
14,1262,241724034491000,2780800,3422951500,3425716800
14,1278,241724080375800,2910300,3468836300,3471601600
14,1294,241724126130000,2606100,3514590500,3517355800
14,1310,241724171878200,2881700,3560338700,3563104000
14,1326,241724217958200,2727500,3606418700,3609184000
14,1342,241724268461600,2701700,3656922100,3659687400
14,1358,241724313310600,2958700,3701771100,3704536400
14,1374,241724360061900,2622500,3748522400,3751287700
14,1390,241724402890100,2635200,3791350600,3794115900
14,1406,241724450244600,2913400,3838705100,3841470400
14,1422,241724494452000,2581600,3882912500,3885677800
14,1438,241724538411900,2728500,3926872400,3929637700
14,1454,241724589630900,3080800,3978091400,3980856700
14,1470,241724636311800,2819000,4024772300,4027537600
14,1486,241724683498200,2988700,4071958700,4074724000
14,1502,241724727860300,2640100,4116320800,4119086100
14,1518,241724773432900,2945600,4161893400,4164658700
14,1534,241724821341200,2600500,4209801700,4212567000
14,1550,241724868418700,2774100,4256879200,4259644500
14,1566,241724922732600,3343000,4311193100,4313958400
14,1582,241724975997000,3298800,4364457500,4367222800
14,1598,241725026448200,3118500,4414908700,4417674000
14,1614,241725071743600,2565800,4460204100,4462969400
14,1630,241725118533100,2911600,4506993600,4509758900
14,1646,241725164516300,2733700,4552976800,4555742100
14,1662,241725208566000,2935300,4597026500,4599791800
14,1678,241725259376300,2867500,4647836800,4650602100
14,1694,241725305288600,2883400,4693749100,4696514400
14,1710,241725352174500,2619600,4740635000,4743400300
14,1726,241725396578200,2706200,4785038700,4787804000
14,1742,241725440529000,2835100,4828989500,4831754800
14,1758,241725488389400,3050700,4876849900,4879615200
14,1774,241725534567500,2805800,4923028000,4925793300
14,1790,241725580646000,2923900,4969106500,4971871800
14,1806,241725627886500,2651300,5016347000,5019112300
14,1822,241725671949600,3651400,5060410100,5063175400
14,1838,241725717150200,2820400,5105610700,5108376000
14,1854,241725766403300,2683100,5154863800,5157629100
14,1870,241725810658000,2887100,5199118500,5201883800
14,1886,241725856302100,2731600,5244762600,5247527900
14,1902,241725901931400,2940300,5290391900,5293157200
14,1918,241725950649500,2711800,5339110000,5341875300
14,1934,241725993749500,2737500,5382210000,5384975300
14,1950,241726038531600,2781600,5426992100,5429757400
14,1966,241726080660000,2610000,5469120500,5471885800
14,1982,241726122543700,2653900,5511004200,5513769500
14,1998,241726165440000,2911700,5553900500,5556665800
14,2014,241726208757100,2601200,5597217600,5599982900
14,2030,241726257282000,2577700,5645742500,5648507800
14,2046,241726301301700,2752800,5689762200,5692527500
15,15,241720809057000,3086800,197517500,200282800
15,31,241720880329900,4670600,268790400,271555700
15,47,241720947683500,3807200,336144000,338909300
15,63,241721005671800,3399800,394132300,396897600
15,79,241721060472400,3342500,448932900,451698200
15,95,241721118072600,2533900,506533100,509298400
15,111,241721186727200,2619100,575187700,577953000
15,127,241721234940100,2823400,623400600,626165900
15,143,241721288069000,3909000,676529500,679294800
15,159,241721345880000,2999500,734340500,737105800
15,175,241721401579200,2767600,790039700,792805000
15,191,241721441565300,2370100,830025800,832791100
15,207,241721478782200,2242100,867242700,870008000
15,223,241721515551700,2234100,904012200,906777500
15,239,241721558888700,3676900,947349200,950114500
15,255,241721597002200,2272200,985462700,988228000
15,271,241721633912500,2364300,1022373000,1025138300
15,287,241721676185800,2474900,1064646300,1067411600
15,303,241721716320600,2350600,1104781100,1107546400
15,319,241721753532000,2241900,1141992500,1144757800
15,335,241721791402800,2278600,1179863300,1182628600
15,351,241721828857700,2544600,1217318200,1220083500
15,367,241721872645900,2317100,1261106400,1263871700
15,383,241721910426500,2375100,1298887000,1301652300
15,399,241721947103700,2248200,1335564200,1338329500
15,415,241721984049600,2337200,1372510100,1375275400
15,431,241722021102900,2539700,1409563400,1412328700
15,447,241722058643900,2320900,1447104400,1449869700
15,463,241722094550500,2248700,1483011000,1485776300
15,479,241722131017200,2392800,1519477700,1522243000
15,495,241722174346600,2367600,1562807100,1565572400
15,511,241722211098700,2270800,1599559200,1602324500
15,527,241722248064700,2180000,1636525200,1639290500
15,543,241722284582100,2243600,1673042600,1675807900
15,559,241722321186200,2233100,1709646700,1712412000
15,575,241722357234400,2228500,1745694900,1748460200
15,591,241722393466500,2176600,1781927000,1784692300
15,607,241722429523400,2310400,1817983900,1820749200
15,623,241722474223300,2273600,1862683800,1865449100
15,639,241722512290600,2207100,1900751100,1903516400
15,655,241722547822400,2317500,1936282900,1939048200
15,671,241722584309600,2260600,1972770100,1975535400
15,687,241722620646500,2426900,2009107000,2011872300
15,703,241722657244500,2213000,2045705000,2048470300
15,719,241722693977400,2250000,2082437900,2085203200
15,735,241722729366200,2180000,2117826700,2120592000
15,751,241722773784400,2310000,2162244900,2165010200
15,767,241722809655200,2288800,2198115700,2200881000
15,783,241722846102300,2301400,2234562800,2237328100
15,799,241722882680200,2217500,2271140700,2273906000
15,815,241722919695600,2260800,2308156100,2310921400
15,831,241722956141300,2256100,2344601800,2347367100
15,847,241722991467600,2170500,2379928100,2382693400
15,863,241723035231600,2245600,2423692100,2426457400
15,879,241723071796000,2306000,2460256500,2463021800
15,895,241723107561700,2293100,2496022200,2498787500
15,911,241723143827100,2277400,2532287600,2535052900
15,927,241723179661600,2174600,2568122100,2570887400
15,943,241723215478100,2214000,2603938600,2606703900
15,959,241723251551200,2234500,2640011700,2642777000
15,975,241723288556300,2252200,2677016800,2679782100
15,991,241723332690900,2166700,2721151400,2723916700
15,1007,241723368002500,2191400,2756463000,2759228300
15,1023,241723403323200,2289000,2791783700,2794549000
15,1039,241723439517400,2264800,2827977900,2830743200
15,1055,241723475380900,2184200,2863841400,2866606700
15,1071,241723510845500,2268300,2899306000,2902071300
15,1087,241723546026900,2111100,2934487400,2937252700
15,1103,241723585828100,2271800,2974288600,2977053900
15,1119,241723622312300,2765800,3010772800,3013538100
15,1135,241723664639100,2561000,3053099600,3055864900
15,1151,241723707492100,2671500,3095952600,3098717900
15,1167,241723751579400,2463600,3140039900,3142805200
15,1183,241723797465800,2626300,3185926300,3188691600
15,1199,241723844334700,2704200,3232795200,3235560500
15,1215,241723892621500,2891700,3281082000,3283847300
15,1231,241723939199300,2896900,3327659800,3330425100
15,1247,241723986963200,2889500,3375423700,3378189000
15,1263,241724033894500,2802800,3422355000,3425120300
15,1279,241724079741000,2954700,3468201500,3470966800
15,1295,241724125510900,2656500,3513971400,3516736700
15,1311,241724171243600,2872500,3559704100,3562469400
15,1327,241724217338700,2735400,3605799200,3608564500
15,1343,241724267855400,2744600,3656315900,3659081200
15,1359,241724313491900,2944700,3701952400,3704717700
15,1375,241724360195800,2603600,3748656300,3751421600
15,1391,241724402969300,2665700,3791429800,3794195100
15,1407,241724450363800,2916800,3838824300,3841589600
15,1423,241724494666600,2585500,3883127100,3885892400
15,1439,241724538626400,2770600,3927086900,3929852200
15,1455,241724589880000,3084100,3978340500,3981105800
15,1471,241724636545000,2909300,4025005500,4027770800
15,1487,241724683685900,2993100,4072146400,4074911700
15,1503,241724728040900,2635100,4116501400,4119266700
15,1519,241724773634300,2947000,4162094800,4164860100
15,1535,241724821949300,2609800,4210409800,4213175100
15,1551,241724866142000,2731400,4254602500,4257367800
15,1567,241724920114700,3179900,4308575200,4311340500
15,1583,241724973385100,3291300,4361845600,4364610900
15,1599,241725023945100,3065300,4412405600,4415170900
15,1615,241725069589500,2624100,4458050000,4460815300
15,1631,241725116223100,2931100,4504683600,4507448900
15,1647,241725162326500,2773600,4550787000,4553552300
15,1663,241725206271200,3019200,4594731700,4597497000
15,1679,241725257169500,2871400,4645630000,4648395300
15,1695,241725303078700,2879900,4691539200,4694304500
15,1711,241725348553900,2680300,4737014400,4739779700
15,1727,241725392724000,2938500,4781184500,4783949800
15,1743,241725436862500,2707900,4825323000,4828088300
15,1759,241725484252500,2986800,4872713000,4875478300
15,1775,241725530644700,2883300,4919105200,4921870500
15,1791,241725576686000,2916600,4965146500,4967911800
15,1807,241725624411300,2558700,5012871800,5015637100
15,1823,241725666651800,2508600,5055112300,5057877600
15,1839,241725713330200,2846400,5101790700,5104556000
15,1855,241725762571300,2740300,5151031800,5153797100
15,1871,241725806786300,2796000,5195246800,5198012100
15,1887,241725851859100,2839800,5240319600,5243084900
15,1903,241725897248300,2966800,5285708800,5288474100
15,1919,241725946325600,2683200,5334786100,5337551400
15,1935,241725989321800,2728200,5377782300,5380547600
15,1951,241726035014300,2609200,5423474800,5426240100
15,1967,241726077065000,2635300,5465525500,5468290800
15,1983,241726118935500,2681100,5507396000,5510161300
15,1999,241726161844900,2637900,5550305400,5553070700
15,2015,241726205165000,2671500,5593625500,5596390800
15,2031,241726253840600,2577100,5642301100,5645066400
15,2047,241726296309200,3694100,5684769700,5687535000
16,0,241720720093400,16691500,108553900,111319200
16,16,241720812335500,3015000,200796000,203561300
16,32,241720885069800,4283300,273530300,276295600
16,48,241720951642800,2941800,340103300,342868600
16,64,241721009359200,4649700,397819700,400585000
16,80,241721064185300,3511300,452645800,455411100
16,96,241721120831200,2508300,509291700,512057000
16,112,241721188880400,2592000,577340900,580106200
16,128,241721237202600,2890900,625663100,628428400
16,144,241721291408200,3783300,679868700,682634000
16,160,241721348357800,3090200,736818300,739583600
16,176,241721403866800,2754500,792327300,795092600
16,192,241721443551200,2339900,832011700,834777000
16,208,241721480728300,2276100,869188800,871954100
16,224,241721517574600,2250400,906035100,908800400
16,240,241721562532000,2467900,950992500,953757800
16,256,241721599245700,2379200,987706200,990471500
16,272,241721636243200,2610400,1024703700,1027469000
16,288,241721679356200,2444300,1067816700,1070582000
16,304,241721719368500,2387300,1107829000,1110594300
16,320,241721756508100,2681700,1144968600,1147733900
16,336,241721794336600,2297600,1182797100,1185562400
16,352,241721832039900,2413600,1220500400,1223265700
16,368,241721875695300,2257500,1264155800,1266921100
16,384,241721913628900,2366700,1302089400,1304854700
16,400,241721950143300,2277000,1338603800,1341369100
16,416,241721987157600,2353700,1375618100,1378383400
16,432,241722024420500,2348400,1412881000,1415646300
16,448,241722061714400,2210200,1450174900,1452940200
16,464,241722099803700,2361300,1488264200,1491029500
16,480,241722136601500,2231900,1525062000,1527827300
16,496,241722179846000,2222500,1568306500,1571071800
16,512,241722216302800,2170000,1604763300,1607528600
16,528,241722253242000,2361600,1641702500,1644467800
16,544,241722289664900,2274200,1678125400,1680890700
16,560,241722326092300,2223200,1714552800,1717318100
16,576,241722362075600,2263600,1750536100,1753301400
16,592,241722398332800,2451600,1786793300,1789558600
16,608,241722434661200,2217900,1823121700,1825887000
16,624,241722479365600,2245800,1867826100,1870591400
16,640,241722517329100,2163700,1905789600,1908554900
16,656,241722553076600,2382800,1941537100,1944302400
16,672,241722589683000,2320100,1978143500,1980908800
16,688,241722626141600,2263300,2014602100,2017367400
16,704,241722662378000,2324900,2050838500,2053603800
16,720,241722699565100,2222700,2088025600,2090790900
16,736,241722734794100,2198500,2123254600,2126019900
16,752,241722779030500,2320500,2167491000,2170256300
16,768,241722814804800,2210000,2203265300,2206030600
16,784,241722851322900,2245400,2239783400,2242548700
16,800,241722887930900,2270600,2276391400,2279156700
16,816,241722924953700,2176600,2313414200,2316179500
16,832,241722961527000,2288000,2349987500,2352752800
16,848,241722996618200,2277700,2385078700,2387844000
16,864,241723040414900,2142000,2428875400,2431640700
16,880,241723077187000,2308100,2465647500,2468412800
16,896,241723113133900,2429500,2501594400,2504359700
16,912,241723149215000,2235600,2537675500,2540440800
16,928,241723184792200,2198900,2573252700,2576018000
16,944,241723220767600,2248300,2609228100,2611993400
16,960,241723257052200,2345400,2645512700,2648278000
16,976,241723293964600,10080700,2682425100,2685190400
16,992,241723339762500,2281700,2728223000,2730988300
16,1008,241723375189400,2221900,2763649900,2766415200
16,1024,241723410690300,2187400,2799150800,2801916100
16,1040,241723446782800,2182200,2835243300,2838008600
16,1056,241723482456300,2180600,2870916800,2873682100
16,1072,241723518073000,2234400,2906533500,2909298800
16,1088,241723552879500,2083100,2941340000,2944105300
16,1104,241723592992800,2182700,2981453300,2984218600
16,1120,241723631075300,2578900,3019535800,3022301100
16,1136,241723673049500,2642800,3061510000,3064275300
16,1152,241723715965100,2585300,3104425600,3107190900
16,1168,241723763126100,2564900,3151586600,3154351900
16,1184,241723806058200,2643800,3194518700,3197284000
16,1200,241723853204400,2702700,3241664900,3244430200
16,1216,241723902230700,3097900,3290691200,3293456500
16,1232,241723948861900,2933900,3337322400,3340087700
16,1248,241723996603800,2910000,3385064300,3387829600
16,1264,241724043159700,2882400,3431620200,3434385500
16,1280,241724089365700,2886700,3477826200,3480591500
16,1296,241724134474200,2809200,3522934700,3525700000
16,1312,241724180639500,2913100,3569100000,3571865300
16,1328,241724232345300,3123500,3620805800,3623571100
16,1344,241724276360800,2870000,3664821300,3667586600
16,1360,241724321880000,2961700,3710340500,3713105800
16,1376,241724367599500,2605100,3756060000,3758825300
16,1392,241724410790200,2796200,3799250700,3802016000
16,1408,241724458743100,2948200,3847203600,3849968900
16,1424,241724501984700,2570300,3890445200,3893210500
16,1440,241724546549500,3024500,3935010000,3937775300
16,1456,241724598422100,2942700,3986882600,3989647900
16,1472,241724644854100,3098000,4033314600,4036079900
16,1488,241724691868000,2770500,4080328500,4083093800
16,1504,241724735886700,2878000,4124347200,4127112500
16,1520,241724781906400,2945100,4170366900,4173132200
16,1536,241724827728100,2724000,4216188600,4218953900
16,1552,241724875188500,2749000,4263649000,4266414300
16,1568,241724930484700,3371300,4318945200,4321710500
16,1584,241724983503000,3278100,4371963500,4374728800
16,1600,241725033489500,3122000,4421950000,4424715300
16,1616,241725077680900,2588200,4466141400,4468906700
16,1632,241725125101700,3001400,4513562200,4516327500
16,1648,241725170668400,2635900,4559128900,4561894200
16,1664,241725215295500,2892900,4603756000,4606521300
16,1680,241725266034900,2935400,4654495400,4657260700
16,1696,241725312047900,2903300,4700508400,4703273700
16,1712,241725357026600,2585600,4745487100,4748252400
16,1728,241725401683500,2741700,4790144000,4792909300
16,1744,241725446635700,2959000,4835096200,4837861500
16,1760,241725494007500,2866900,4882468000,4885233300
16,1776,241725539885900,2873900,4928346400,4931111700
16,1792,241725590594000,2733900,4979054500,4981819800
16,1808,241725632863100,2697200,5021323600,5024088900
16,1824,241725677977100,2877800,5066437600,5069202900
16,1840,241725722235600,2748800,5110696100,5113461400
16,1856,241725771307000,2916200,5159767500,5162532800
16,1872,241725815762600,2798100,5204223100,5206988400
16,1888,241725862172700,2759500,5250633200,5253398500
16,1904,241725908053400,2649600,5296513900,5299279200
16,1920,241725956496400,2764100,5344956900,5347722200
16,1936,241725999585500,2673200,5388046000,5390811300
16,1952,241726045310600,2612300,5433771100,5436536400
16,1968,241726087158600,2590500,5475619100,5478384400
16,1984,241726129159700,2636000,5517620200,5520385500
16,2000,241726172769600,2649700,5561230100,5563995400
16,2016,241726215494600,3029400,5603955100,5606720400
16,2032,241726263803600,2593400,5652264100,5655029400
17,1,241720736471300,5278600,124931800,127697100
17,17,241720814653100,3830600,203113600,205878900
17,33,241720888890800,3746200,277351300,280116600
17,49,241720954131000,3463900,342591500,345356800
17,65,241721013337200,4147400,401797700,404563000
17,81,241721067198600,3482800,455659100,458424400
17,97,241721122844400,2657200,511304900,514070200
17,113,241721190165300,2517500,578625800,581391100
17,129,241721238711000,2760100,627171500,629936800
17,145,241721293329600,3435000,681790100,684555400
17,161,241721349842100,2972700,738302600,741067900
17,177,241721405261900,2728100,793722400,796487700
17,193,241721444679100,2357300,833139600,835904900
17,209,241721481721200,2334600,870181700,872947000
17,225,241721518519200,2261700,906979700,909745000
17,241,241721563434100,2374900,951894600,954659900
17,257,241721600016200,2405900,988476700,991242000
17,273,241721637112400,2830000,1025572900,1028338200
17,289,241721680048400,2454100,1068508900,1071274200
17,305,241721720023500,2406900,1108484000,1111249300
17,321,241721757342900,2644500,1145803400,1148568700
17,337,241721795081500,2319000,1183542000,1186307300
17,353,241721832800900,2350800,1221261400,1224026700
17,369,241721876415800,2371300,1264876300,1267641600
17,385,241721914383900,2368200,1302844400,1305609700
17,401,241721950968900,2217300,1339429400,1342194700
17,417,241721987903700,2366900,1376364200,1379129500
17,433,241722025225900,2384000,1413686400,1416451700
17,449,241722062470900,2195000,1450931400,1453696700
17,465,241722098506300,2341300,1486966800,1489732100
17,481,241722135321000,2220400,1523781500,1526546800
17,497,241722178436400,2295200,1566896900,1569662200
17,513,241722215033600,2180900,1603494100,1606259400
17,529,241722251953900,2336100,1640414400,1643179700
17,545,241722288214900,2366400,1676675400,1679440700
17,561,241722324747500,2204400,1713208000,1715973300
17,577,241722360762800,2164300,1749223300,1751988600
17,593,241722396946300,2383600,1785406800,1788172100
17,609,241722433271900,2258000,1821732400,1824497700
17,625,241722477896400,2335200,1866356900,1869122200
17,641,241722514414300,2183200,1902874800,1905640100
17,657,241722550050300,2218500,1938510800,1941276100
17,673,241722586474100,2395900,1974934600,1977699900
17,689,241722623143800,2351700,2011604300,2014369600
17,705,241722659553100,2241100,2048013600,2050778900
17,721,241722696295000,2380700,2084755500,2087520800
17,737,241722731488200,2408300,2119948700,2122714000
17,753,241722775996700,2264800,2164457200,2167222500
17,769,241722811857500,2212200,2200318000,2203083300
17,785,241722848373200,2270900,2236833700,2239599000
17,801,241722884871000,2477800,2273331500,2276096800
17,817,241722922192200,2179300,2310652700,2313418000
17,833,241722958535900,2304900,2346996400,2349761700
17,849,241722993730500,2152700,2382191000,2384956300
17,865,241723037596000,2150500,2426056500,2428821800
17,881,241723074226700,2301400,2462687200,2465452500
17,897,241723109983400,2475300,2498443900,2501209200
17,913,241723146271300,2343700,2534731800,2537497100
17,929,241723181954700,2164200,2570415200,2573180500
17,945,241723217783600,2216800,2606244100,2609009400
17,961,241723253889100,2419700,2642349600,2645114900
17,977,241723291139800,2253600,2679600300,2682365600
17,993,241723335699100,2141200,2724159600,2726924900
17,1009,241723371151100,2181800,2759611600,2762376900
17,1025,241723406772700,2250500,2795233200,2797998500
17,1041,241723442903400,2109900,2831363900,2834129200
17,1057,241723478631200,2196400,2867091700,2869857000
17,1073,241723514260400,2230800,2902720900,2905486200
17,1089,241723549241600,2151300,2937702100,2940467400
17,1105,241723589272200,2098600,2977732700,2980498000
17,1121,241723626463200,2614000,3014923700,3017689000
17,1137,241723668422100,2620700,3056882600,3059647900
17,1153,241723711317900,2597900,3099778400,3102543700
17,1169,241723755486100,4238300,3143946600,3146711900
17,1185,241723801388100,2597200,3189848600,3192613900
17,1201,241723848417700,2597800,3236878200,3239643500
17,1217,241723896991900,2989700,3285452400,3288217700
17,1233,241723943656500,2913100,3332117000,3334882300
17,1249,241723991410800,2963700,3379871300,3382636600
17,1265,241724038112000,2835100,3426572500,3429337800
17,1281,241724084094200,2917200,3472554700,3475320000
17,1297,241724129469900,2783100,3517930400,3520695700
17,1313,241724175556300,2891900,3564016800,3566782100
17,1329,241724221420000,7663100,3609880500,3612645800
17,1345,241724271990100,2717000,3660450600,3663215900
17,1361,241724315988900,2907100,3704449400,3707214700
17,1377,241724362290600,2578800,3750751100,3753516400
17,1393,241724405121500,2735900,3793582000,3796347300
17,1409,241724452655900,2893300,3841116400,3843881700
17,1425,241724496597600,2582800,3885058100,3887823400
17,1441,241724540670900,2837400,3929131400,3931896700
17,1457,241724592199300,2987200,3980659800,3983425100
17,1473,241724638560000,3120000,4027020500,4029785800
17,1489,241724686003100,2736800,4074463600,4077228900
17,1505,241724730048000,2698400,4118508500,4121273800
17,1521,241724775841400,2885700,4164301900,4167067200
17,1537,241724823423900,2596900,4211884400,4214649700
17,1553,241724870495900,2953500,4258956400,4261721700
17,1569,241724925120100,3355900,4313580600,4316345900
17,1585,241724978343000,3271300,4366803500,4369568800
17,1601,241725028650800,3124000,4417111300,4419876600
17,1617,241725073613900,2611600,4462074400,4464839700
17,1633,241725120604000,2864700,4509064500,4511829800
17,1649,241725166422200,2661600,4554882700,4557648000
17,1665,241725210658200,2874400,4599118700,4601884000
17,1681,241725261479100,2873300,4649939600,4652704900
17,1697,241725307327400,2884200,4695787900,4698553200
17,1713,241725352351800,2618100,4740812300,4743577600
17,1729,241725396841200,2706800,4785301700,4788067000
17,1745,241725440788300,3238200,4829248800,4832014100
17,1761,241725488640300,3079600,4877100800,4879866100
17,1777,241725534806200,2812300,4923266700,4926032000
17,1793,241725580885100,2902600,4969345600,4972110900
17,1809,241725628104600,2646800,5016565100,5019330400
17,1825,241725672599800,3229900,5061060300,5063825600
17,1841,241725717364800,2808300,5105825300,5108590600
17,1857,241725766476200,2712400,5154936700,5157702000
17,1873,241725810741600,2875500,5199202100,5201967400
17,1889,241725856554800,2750200,5245015300,5247780600
17,1905,241725902207100,2972000,5290667600,5293432900
17,1921,241725950844700,2697200,5339305200,5342070500
17,1937,241725993937200,2734200,5382397700,5385163000
17,1953,241726039521600,2829800,5427982100,5430747400
17,1969,241726081669200,2577600,5470129700,5472895000
17,1985,241726123579400,2621900,5512039900,5514805200
17,2001,241726166519000,2890900,5554979500,5557744800
17,2017,241726209782300,2587000,5598242800,5601008100
17,2033,241726258329300,2608300,5646789800,5649555100
18,2,241720741887000,5664700,130347500,133112800
18,18,241720818699600,4682800,207160100,209925400
18,34,241720892843800,3479000,281304300,284069600
18,50,241720957773800,4619700,346234300,348999600
18,66,241721017587100,4113500,406047600,408812900
18,82,241721070881900,4293800,459342400,462107700
18,98,241721125659900,2990700,514120400,516885700
18,114,241721193766200,2617600,582226700,584992000
18,130,241721242817100,4418300,631277600,634042900
18,146,241721298054600,3081400,686515100,689280400
18,162,241721353992700,2676100,742453200,745218500
18,178,241721409082000,2442100,797542500,800307800
18,194,241721448001800,2284100,836462300,839227600
18,210,241721485061200,2318500,873521700,876287000
18,226,241721521714300,2286500,910174800,912940100
18,242,241721566797600,2309500,955258100,958023400
18,258,241721603510600,2234000,991971100,994736400
18,274,241721641139400,2600500,1029599900,1032365200
18,290,241721683692500,2871200,1072153000,1074918300
18,306,241721723479900,2281800,1111940400,1114705700
18,322,241721760990000,2590300,1149450500,1152215800
18,338,241721798610100,2361500,1187070600,1189835900
18,354,241721836151500,2250300,1224612000,1227377300
18,370,241721879941600,2427700,1268402100,1271167400
18,386,241721917718800,2314900,1306179300,1308944600
18,402,241721954098200,2224200,1342558700,1345324000
18,418,241721991256300,2311400,1379716800,1382482100
18,434,241722028567000,2328600,1417027500,1419792800
18,450,241722065595500,2225500,1454056000,1456821300
18,466,241722102764800,2298800,1491225300,1493990600
18,482,241722139447700,2331700,1527908200,1530673500
18,498,241722182617900,2384800,1571078400,1573843700
18,514,241722219007400,2158000,1607467900,1610233200
18,530,241722256232900,2185700,1644693400,1647458700
18,546,241722292606700,2381200,1681067200,1683832500
18,562,241722328980600,2277700,1717441100,1720206400
18,578,241722365136300,2456300,1753596800,1756362100
18,594,241722401443900,2127100,1789904400,1792669700
18,610,241722437559400,2199300,1826019900,1828785200
18,626,241722482311600,2232200,1870772100,1873537400
18,642,241722519554300,2168800,1908014800,1910780100
18,658,241722555531500,2479100,1943992000,1946757300
18,674,241722592072000,2233000,1980532500,1983297800
18,690,241722628497100,2233100,2016957600,2019722900
18,706,241722664786000,2165300,2053246500,2056011800
18,722,241722701670100,2213400,2090130600,2092895900
18,738,241722737055000,2206800,2125515500,2128280800
18,754,241722781444700,2217000,2169905200,2172670500
18,770,241722817136800,2209700,2205597300,2208362600
18,786,241722853660800,2166200,2242121300,2244886600
18,802,241722890326100,2236000,2278786600,2281551900
18,818,241722927334800,2190500,2315795300,2318560600
18,834,241722963960900,2168300,2352421400,2355186700
18,850,241722998960200,2463000,2387420700,2390186000
18,866,241723042672900,2513400,2431133400,2433898700
18,882,241723079557200,2201700,2468017700,2470783000
18,898,241723115630900,2255700,2504091400,2506856700
18,914,241723151602700,2193000,2540063200,2542828500
18,930,241723187108700,2164200,2575569200,2578334500
18,946,241723223108500,2220200,2611569000,2614334300
18,962,241723259491400,2299000,2647951900,2650717200
18,978,241723304141900,2219700,2692602400,2695367700
18,994,241723341764900,2288600,2730225400,2732990700
18,1010,241723377213500,2250300,2765674000,2768439300
18,1026,241723412710100,2164800,2801170600,2803935900
18,1042,241723448844700,2209200,2837305200,2840070500
18,1058,241723484516400,2220100,2872976900,2875742200
18,1074,241723520184500,2255200,2908645000,2911410300
18,1090,241723554883000,2280200,2943343500,2946108800
18,1106,241723595009600,2215600,2983470100,2986235400
18,1122,241723633480000,2609500,3021940500,3024705800
18,1138,241723675512700,2764100,3063973200,3066738500
18,1154,241723718364800,2673200,3106825300,3109590600
18,1170,241723765913300,2594600,3154373800,3157139100
18,1186,241723808910600,2817600,3197371100,3200136400
18,1202,241723856092800,2657000,3244553300,3247318600
18,1218,241723905541300,2915300,3294001800,3296767100
18,1234,241723951991900,2922600,3340452400,3343217700
18,1250,241723999701400,2890000,3388161900,3390927200
18,1266,241724046188500,2660100,3434649000,3437414300
18,1282,241724092415500,2853100,3480876000,3483641300
18,1298,241724137452100,2902200,3525912600,3528677900
18,1314,241724183716800,2871600,3572177300,3574942600
18,1330,241724235640100,2750200,3624100600,3626865900
18,1346,241724280826300,2843000,3669286800,3672052100
18,1362,241724326563600,2898700,3715024100,3717789400
18,1378,241724371772100,2580000,3760232600,3762997900
18,1394,241724415123700,2694800,3803584200,3806349500
18,1410,241724463258100,2836600,3851718600,3854483900
18,1426,241724506045700,2630900,3894506200,3897271500
18,1442,241724551341700,2786900,3939802200,3942567500
18,1458,241724603033200,2933000,3991493700,3994259000
18,1474,241724649768300,3038700,4038228800,4040994100
18,1490,241724696214500,2746100,4084675000,4087440300
18,1506,241724740205100,2703700,4128665600,4131430900
18,1522,241724786476400,2818800,4174936900,4177702200
18,1538,241724834457100,3061200,4222917600,4225682900
18,1554,241724881247800,2980200,4269708300,4272473600
18,1570,241724937815200,3271700,4326275700,4329041000
18,1586,241724990779900,3234600,4379240400,4382005700
18,1602,241725040379900,3073200,4428840400,4431605700
18,1618,241725083504900,2595100,4471965400,4474730700
18,1634,241725131703500,2891300,4520164000,4522929300
18,1650,241725176591100,2614800,4565051600,4567816900
18,1666,241725221645500,3015000,4610106000,4612871300
18,1682,241725272389000,2892800,4660849500,4663614800
18,1698,241725318443700,2901400,4706904200,4709669500
18,1714,241725361264100,2710700,4749724600,4752489900
18,1730,241725406157200,2708600,4794617700,4797383000
18,1746,241725451449200,2930300,4839909700,4842675000
18,1762,241725498657100,2839300,4887117600,4889882900
18,1778,241725544556500,2873000,4933017000,4935782300
18,1794,241725595000600,2828500,4983461100,4986226400
18,1810,241725637278900,2610100,5025739400,5028504700
18,1826,241725682564900,2732500,5071025400,5073790700
18,1842,241725726776100,6957000,5115236600,5118001900
18,1858,241725776136400,2739700,5164596900,5167362200
18,1874,241725820463800,2797000,5208924300,5211689600
18,1890,241725865089000,2695700,5253549500,5256314800
18,1906,241725910846800,2752500,5299307300,5302072600
18,1922,241725959407300,3051700,5347867800,5350633100
18,1938,241726002414100,2799100,5390874600,5393639900
18,1954,241726046274800,2602400,5434735300,5437500600
18,1970,241726088108200,2627100,5476568700,5479334000
18,1986,241726130138800,2626900,5518599300,5521364600
18,2002,241726173763400,2618300,5562223900,5564989200
18,2018,241726216587100,3016400,5605047600,5607812900
18,2034,241726264760500,2583200,5653221000,5655986300
19,3,241720748012200,5745000,136472700,139238000
19,19,241720823528200,4228100,211988700,214754000
19,35,241720896517400,3696400,284977900,287743200
19,51,241720962850300,4501800,351310800,354076100
19,67,241721021936100,3272100,410396600,413161900
19,83,241721075332100,4398800,463792600,466557900
19,99,241721128695400,2987300,517155900,519921200
19,115,241721196213000,2421900,584673500,587438800
19,131,241721247016600,2819400,635477100,638242400
19,147,241721300904000,3274700,689364500,692129800
19,163,241721356534900,4165200,744995400,747760700
19,179,241721411431100,2933000,799891600,802656900
19,195,241721450258400,2411300,838718900,841484200
19,211,241721487319400,2266200,875779900,878545200
19,227,241721524033500,2198700,912494000,915259300
19,243,241721569077200,2271700,957537700,960303000
19,259,241721605687800,2259200,994148300,996913600
19,275,241721643808400,2430000,1032268900,1035034200
19,291,241721686178700,3036600,1074639200,1077404500
19,307,241721725519300,2262200,1113979800,1116745100
19,323,241721763457000,2348300,1151917500,1154682800
19,339,241721800844000,2368500,1189304500,1192069800
19,355,241721838164600,2228800,1226625100,1229390400
19,371,241721882094300,2299300,1270554800,1273320100
19,387,241721919708000,2335800,1308168500,1310933800
19,403,241721956034100,2390700,1344494600,1347259900
19,419,241721993303100,2263300,1381763600,1384528900
19,435,241722030580500,2316200,1419041000,1421806300
19,451,241722067518800,2255400,1455979300,1458744600
19,467,241722104130500,2304900,1492591000,1495356300
19,483,241722140813300,2290800,1529273800,1532039100
19,499,241722184035100,2237200,1572495600,1575260900
19,515,241722220205000,2201900,1608665500,1611430800
19,531,241722257430900,2331100,1645891400,1648656700
19,547,241722293854400,2284400,1682314900,1685080200
19,563,241722330157700,2246700,1718618200,1721383500
19,579,241722366507300,2264200,1754967800,1757733100
19,595,241722402549300,2126900,1791009800,1793775100
19,611,241722438752200,2235200,1827212700,1829978000
19,627,241722483462400,2230400,1871922900,1874688200
19,643,241722521466900,2168200,1909927400,1912692700
19,659,241722557743600,2222900,1946204100,1948969400
19,675,241722594064700,2243800,1982525200,1985290500
19,691,241722630584100,2254800,2019044600,2021809900
19,707,241722666834200,2408900,2055294700,2058060000
19,723,241722703856400,2195100,2092316900,2095082200
19,739,241722739234800,2209500,2127695300,2130460600
19,755,241722783601600,2228700,2172062100,2174827400
19,771,241722819260000,2214300,2207720500,2210485800
19,787,241722855769400,2409800,2244229900,2246995200
19,803,241722892412300,2238400,2280872800,2283638100
19,819,241722929048600,2225700,2317509100,2320274400
19,835,241722965665700,2206200,2354126200,2356891500
19,851,241723000985700,2338700,2389446200,2392211500
19,867,241723044785400,2436400,2433245900,2436011200
19,883,241723081525400,2162000,2469985900,2472751200
19,899,241723117590500,2238500,2506051000,2508816300
19,915,241723153366200,2179400,2541826700,2544592000
19,931,241723188833500,2363100,2577294000,2580059300
19,947,241723224878000,2230200,2613338500,2616103800
19,963,241723261325200,2288300,2649785700,2652551000
19,979,241723305982900,2149000,2694443400,2697208700
19,995,241723341168900,2364500,2729629400,2732394700
19,1011,241723376652000,2206700,2765112500,2767877800
19,1027,241723412281000,2159200,2800741500,2803506800
19,1043,241723448387100,2187500,2836847600,2839612900
19,1059,241723484019200,2209100,2872479700,2875245000
19,1075,241723519618600,2290700,2908079100,2910844400
19,1091,241723554375500,2237300,2942836000,2945601300
19,1107,241723594568400,2204700,2983028900,2985794200
19,1123,241723632934500,2593700,3021395000,3024160300
19,1139,241723674992800,2696600,3063453300,3066218600
19,1155,241723717863400,2630200,3106323900,3109089200
19,1171,241723766633500,2592300,3155094000,3157859300
19,1187,241723809629200,2907100,3198089700,3200855000
19,1203,241723856857600,2645000,3245318100,3248083400
19,1219,241723906353000,2888200,3294813500,3297578800
19,1235,241723952791100,2964900,3341251600,3344016900
19,1251,241724000609300,2856900,3389069800,3391835100
19,1267,241724047002300,2627200,3435462800,3438228100
19,1283,241724093295100,2846000,3481755600,3484520900
19,1299,241724138348200,2931300,3526808700,3529574000
19,1315,241724184608000,2877400,3573068500,3575833800
19,1331,241724236448000,2751400,3624908500,3627673800
19,1347,241724281111200,2846900,3669571700,3672337000
19,1363,241724326849400,2899800,3715309900,3718075200
19,1379,241724372021200,2599300,3760481700,3763247000
19,1395,241724415395300,2694300,3803855800,3806621100
19,1411,241724463559900,2924500,3852020400,3854785700
19,1427,241724506379000,2618500,3894839500,3897604800
19,1443,241724551684700,2790400,3940145200,3942910500
19,1459,241724603398700,2954800,3991859200,3994624500
19,1475,241724650169700,3005000,4038630200,4041395500
19,1491,241724696571600,2725100,4085032100,4087797400
19,1507,241724740557800,2668900,4129018300,4131783600
19,1523,241724786840300,2795800,4175300800,4178066100
19,1539,241724834703600,3038600,4223164100,4225929400
19,1555,241724881539700,2946900,4270000200,4272765500
19,1571,241724938124200,3256600,4326584700,4329350000
19,1587,241724991048000,3231800,4379508500,4382273800
19,1603,241725040638900,3073200,4429099400,4431864700
19,1619,241725083714200,2596100,4472174700,4474940000
19,1635,241725131983800,2894500,4520444300,4523209600
19,1651,241725176797400,2636900,4565257900,4568023200
19,1667,241725221988400,2987500,4610448900,4613214200
19,1683,241725272723800,2878300,4661184300,4663949600
19,1699,241725318774200,2894200,4707234700,4710000000
19,1715,241725361959300,2687500,4750419800,4753185100
19,1731,241725406880500,2704400,4795341000,4798106300
19,1747,241725452221000,2934600,4840681500,4843446800
19,1763,241725499400300,2852700,4887860800,4890626100
19,1779,241725545317100,2865100,4933777600,4936542900
19,1795,241725595781000,2727300,4984241500,4987006800
19,1811,241725637972600,2639100,5026433100,5029198400
19,1827,241725683262200,2777700,5071722700,5074488000
19,1843,241725727406100,6949300,5115866600,5118631900
19,1859,241725776703200,2748000,5165163700,5167929000
19,1875,241725821046800,2795400,5209507300,5212272600
19,1891,241725866347500,2612100,5254808000,5257573300
19,1907,241725911899100,2718800,5300359600,5303124900
19,1923,241725960594700,2918600,5349055200,5351820500
19,1939,241726003562200,2718500,5392022700,5394788000
19,1955,241726050349700,2568800,5438810200,5441575500
19,1971,241726092184400,2599800,5480644900,5483410200
19,1987,241726134299400,2834600,5522759900,5525525200
19,2003,241726177891500,2706300,5566352000,5569117300
19,2019,241726221365800,2768800,5609826300,5612591600
19,2035,241726268812500,2561700,5657273000,5660038300
20,4,241720754145800,6370100,142606300,145371600
20,20,241720828193000,4294100,216653500,219418800
20,36,241720900606900,3720400,289067400,291832700
20,52,241720967630500,2965500,356091000,358856300
20,68,241721025647300,3079100,414107800,416873100
20,84,241721080273200,4265900,468733700,471499000
20,100,241721132319600,4839900,520780100,523545400
20,116,241721197965600,2479600,586426100,589191400
20,132,241721249079100,2527800,637539600,640304900
20,148,241721303294900,2997900,691755400,694520700
20,164,241721359535300,3197600,747995800,750761100
20,180,241721413464600,2571200,801925100,804690400
20,196,241721451900200,2322900,840360700,843126000
20,212,241721488853100,2244300,877313600,880078900
20,228,241721525476100,2165800,913936600,916701900
20,244,241721570469100,2267500,958929600,961694900
20,260,241721607069700,2264200,995530200,998295500
20,276,241721645138800,2453400,1033599300,1036364600
20,292,241721688341900,2492100,1076802400,1079567700
20,308,241721727061600,2292000,1115522100,1118287400
20,324,241721764913900,2286100,1153374400,1156139700
20,340,241721802294100,2348200,1190754600,1193519900
20,356,241721839579800,2196700,1228040300,1230805600
20,372,241721883652700,2349200,1272113200,1274878500
20,388,241721921346500,2277300,1309807000,1312572300
20,404,241721957688000,2481900,1346148500,1348913800
20,420,241721994810300,2273500,1383270800,1386036100
20,436,241722032165200,2359900,1420625700,1423391000
20,452,241722068996400,2250000,1457456900,1460222200
20,468,241722107025700,2227900,1495486200,1498251500
20,484,241722143682700,2231200,1532143200,1534908500
20,500,241722186854600,2189800,1575315100,1578080400
20,516,241722223012500,2427900,1611473000,1614238300
20,532,241722260288100,2294300,1648748600,1651513900
20,548,241722296688800,2197800,1685149300,1687914600
20,564,241722332906000,2245800,1721366500,1724131800
20,580,241722369155700,2227600,1757616200,1760381500
20,596,241722405082900,2110200,1793543400,1796308700
20,612,241722441418900,2256000,1829879400,1832644700
20,628,241722486110800,2235500,1874571300,1877336600
20,644,241722522146100,2176200,1910606600,1913371900
20,660,241722558342400,2227400,1946802900,1949568200
20,676,241722594668900,2315600,1983129400,1985894700
20,692,241722631029500,2264100,2019490000,2022255300
20,708,241722667318500,2441600,2055779000,2058544300
20,724,241722704241700,2200300,2092702200,2095467500
20,740,241722739598500,2198500,2128059000,2130824300
20,756,241722783960000,2226800,2172420500,2175185800
20,772,241722819615400,2216100,2208075900,2210841200
20,788,241722856155200,2402500,2244615700,2247381000
20,804,241722892864800,2237200,2281325300,2284090600
20,820,241722928960900,2220000,2317421400,2320186700
20,836,241722965570700,2211500,2354031200,2356796500
20,852,241723000799800,2365100,2389260300,2392025600
20,868,241723044428200,2485500,2432888700,2435654000
20,884,241723081236200,2158500,2469696700,2472462000
20,900,241723117280200,2241300,2505740700,2508506000
20,916,241723153106900,2177500,2541567400,2544332700
20,932,241723188689500,2346200,2577150000,2579915300
20,948,241723224697200,2232900,2613157700,2615923000
20,964,241723261143600,2284600,2649604100,2652369400
20,980,241723305725600,2159000,2694186100,2696951400
20,996,241723341973700,2269900,2730434200,2733199500
20,1012,241723377383900,2222700,2765844400,2768609700
20,1028,241723412910000,2180000,2801370500,2804135800
20,1044,241723448935600,2212900,2837396100,2840161400
20,1060,241723484547500,2222600,2873008000,2875773300
20,1076,241723520215800,2254900,2908676300,2911441600
20,1092,241723554936800,2292800,2943397300,2946162600
20,1108,241723595095100,2220300,2983555600,2986320900
20,1124,241723633545500,2623900,3022006000,3024771300
20,1140,241723675586700,2763500,3064047200,3066812500
20,1156,241723718451600,2671900,3106912100,3109677400
20,1172,241723766158800,2597800,3154619300,3157384600
20,1188,241723809162200,2854300,3197622700,3200388000
20,1204,241723856342600,2666900,3244803100,3247568400
20,1220,241723905831900,2873300,3294292400,3297057700
20,1236,241723952270300,2954100,3340730800,3343496100
20,1252,241723999989100,2881200,3388449600,3391214900
20,1268,241724046438600,2654100,3434899100,3437664400
20,1284,241724092701100,2840300,3481161600,3483926900
20,1300,241724137740900,2922900,3526201400,3528966700
20,1316,241724183994100,2874200,3572454600,3575219900
20,1332,241724235854000,2757100,3624314500,3627079800
20,1348,241724280007200,2811600,3668467700,3671233000
20,1364,241724325672900,2902800,3714133400,3716898700
20,1380,241724370948200,2614500,3759408700,3762174000
20,1396,241724414317200,2678800,3802777700,3805543000
20,1412,241724462448700,2699100,3850909200,3853674500
20,1428,241724505222700,2617900,3893683200,3896448500
20,1444,241724550368300,2875000,3938828800,3941594100
20,1460,241724602099700,2914400,3990560200,3993325500
20,1476,241724648745700,3110000,4037206200,4039971500
20,1492,241724695385500,2776900,4083846000,4086611300
20,1508,241724739447700,2675600,4127908200,4130673500
20,1524,241724785633200,2883600,4174093700,4176859000
20,1540,241724835707500,3149200,4224168000,4226933300
20,1556,241724882621200,2700300,4271081700,4273847000
20,1572,241724939123200,3222200,4327583700,4330349000
20,1588,241724992047200,3249000,4380507700,4383273000
20,1604,241725041642600,3114000,4430103100,4432868400
20,1620,241725084561200,2587000,4473021700,4475787000
20,1636,241725132847800,2884500,4521308300,4524073600
20,1652,241725177524500,2721900,4565985000,4568750300
20,1668,241725222867000,2903900,4611327500,4614092800
20,1684,241725273525600,2886900,4661986100,4664751400
20,1700,241725319708800,2887800,4708169300,4710934600
20,1716,241725365466400,2637200,4753926900,4756692200
20,1732,241725410291400,2788900,4798751900,4801517200
20,1748,241725455922100,2954100,4844382600,4847147900
20,1764,241725503061800,2906500,4891522300,4894287600
20,1780,241725548984700,2914200,4937445200,4940210500
20,1796,241725599181100,2641900,4987641600,4990406900
20,1812,241725641339400,2621500,5029799900,5032565200
20,1828,241725686773200,2743000,5075233700,5077999000
20,1844,241725735163800,2800700,5123624300,5126389600
20,1860,241725780190800,2703400,5168651300,5171416600
20,1876,241725824580400,2784800,5213040900,5215806200
20,1892,241725870124800,2797200,5258585300,5261350600
20,1908,241725916006400,7502200,5304466900,5307232200
20,1924,241725964915600,2638900,5353376100,5356141400
20,1940,241726007613600,2870300,5396074100,5398839400
20,1956,241726053392000,2622600,5441852500,5444617800
20,1972,241726095224200,2576600,5483684700,5486450000
20,1988,241726137584200,2704800,5526044700,5528810000
20,2004,241726181010500,2880500,5569471000,5572236300
20,2020,241726224572400,2764900,5613032900,5615798200
20,2036,241726271767900,2623300,5660228400,5662993700
21,5,241720760364300,6310200,148824800,151590100
21,21,241720832179700,5110900,220640200,223405500
21,37,241720904108000,3987500,292568500,295333800
21,53,241720970474100,2813000,358934600,361699900
21,69,241721028589800,3503800,417050300,419815600
21,85,241721084300000,4323500,472760500,475525800
21,101,241721136945500,4364400,525406000,528171300
21,117,241721199859500,2695300,588320000,591085300
21,133,241721251046500,2679700,639507000,642272300
21,149,241721305726400,2558900,694186900,696952200
21,165,241721362175200,2523400,750635700,753401000
21,181,241721415547400,2480700,804007900,806773200
21,197,241721453912800,2292000,842373300,845138600
21,213,241721490765300,2382200,879225800,881991100
21,229,241721527321400,2181600,915781900,918547200
21,245,241721572466500,2279500,960927000,963692300
21,261,241721609182500,2311700,997643000,1000408300
21,277,241721647524900,2441600,1035985400,1038750700
21,293,241721690801600,2393200,1079262100,1082027400
21,309,241721729324100,2341500,1117784600,1120549900
21,325,241721767142700,2354800,1155603200,1158368500
21,341,241721804610700,2292900,1193071200,1195836500
21,357,241721841807900,2246000,1230268400,1233033700
21,373,241721885972900,2299400,1274433400,1277198700
21,389,241721923595300,2371600,1312055800,1314821100
21,405,241721960139000,2300200,1348599500,1351364800
21,421,241721997051600,2262900,1385512100,1388277400
21,437,241722034495000,2381600,1422955500,1425720800
21,453,241722071217000,2439700,1459677500,1462442800
21,469,241722108263000,2193900,1496723500,1499488800
21,485,241722145064600,2219800,1533525100,1536290400
21,501,241722188190400,2181700,1576650900,1579416200
21,517,241722224527600,2499700,1612988100,1615753400
21,533,241722261667600,2287400,1650128100,1652893400
21,549,241722298064500,2198300,1686525000,1689290300
21,565,241722334305600,2229100,1722766100,1725531400
21,581,241722370568100,2224400,1759028600,1761793900
21,597,241722406424800,2131200,1794885300,1797650600
21,613,241722442878600,2257700,1831339100,1834104400
21,629,241722487540000,2227800,1876000500,1878765800
21,645,241722523050500,2202200,1911511000,1914276300
21,661,241722559363900,2215300,1947824400,1950589700
21,677,241722595658300,2352000,1984118800,1986884100
21,693,241722632198900,2384200,2020659400,2023424700
21,709,241722668605200,2465400,2057065700,2059831000
21,725,241722705454300,2206200,2093914800,2096680100
21,741,241722740826400,2160000,2129286900,2132052200
21,757,241722785166700,2227500,2173627200,2176392500
21,773,241722820874800,2239700,2209335300,2212100600
21,789,241722857518100,2234900,2245978600,2248743900
21,805,241722893955800,2231500,2282416300,2285181600
21,821,241722930686000,2199300,2319146500,2321911800
21,837,241722967007300,2220200,2355467800,2358233100
21,853,241723002309100,2307000,2390769600,2393534900
21,869,241723046072500,2280900,2434533000,2437298300
21,885,241723082551400,2160500,2471011900,2473777200
21,901,241723118707500,2232900,2507168000,2509933300
21,917,241723154540300,2168800,2543000800,2545766100
21,933,241723190094700,2382400,2578555200,2581320500
21,949,241723226108800,2233100,2614569300,2617334600
21,965,241723262597800,2294800,2651058300,2653823600
21,981,241723307137700,2104900,2695598200,2698363500
21,997,241723342467100,2234300,2730927600,2733692900
21,1013,241723377721300,2200300,2766181800,2768947100
21,1029,241723413354900,2190400,2801815400,2804580700
21,1045,241723449443500,2188500,2837904000,2840669300
21,1061,241723485087500,2205600,2873548000,2876313300
21,1077,241723520768700,2237000,2909229200,2911994500
21,1093,241723555350000,2296000,2943810500,2946575800
21,1109,241723595600500,2207800,2984061000,2986826300
21,1125,241723634197700,2607700,3022658200,3025423500
21,1141,241723676229000,2793100,3064689500,3067454800
21,1157,241723719065600,2703600,3107526100,3110291400
21,1173,241723766199500,2602900,3154660000,3157425300
21,1189,241723809194400,2873300,3197654900,3200420200
21,1205,241723856419000,2668100,3244879500,3247644800
21,1221,241723905914200,2877000,3294374700,3297140000
21,1237,241723952348700,2963000,3340809200,3343574500
21,1253,241724000109400,2880700,3388569900,3391335200
21,1269,241724046514400,2642500,3434974900,3437740200
21,1285,241724092779300,2844900,3481239800,3484005100
21,1301,241724137823500,2929900,3526284000,3529049300
21,1317,241724184074600,2875500,3572535100,3575300400
21,1333,241724235967300,2764700,3624427800,3627193100
21,1349,241724280535600,2815800,3668996100,3671761400
21,1365,241724326161000,2893700,3714621500,3717386800
21,1381,241724371395600,2594600,3759856100,3762621400
21,1397,241724414754600,2694000,3803215100,3805980400
21,1413,241724462872300,2751900,3851332800,3854098100
21,1429,241724505683200,2626600,3894143700,3896909000
21,1445,241724550926300,2819100,3939386800,3942152100
21,1461,241724602625400,2914700,3991085900,3993851200
21,1477,241724649317600,3075300,4037778100,4040543400
21,1493,241724695837600,2741500,4084298100,4087063400
21,1509,241724739828200,2717300,4128288700,4131054000
21,1525,241724786074800,2845000,4174535300,4177300600
21,1541,241724834546800,3298800,4223007300,4225772600
21,1557,241724881845000,2884700,4270305500,4273070800
21,1573,241724938455400,3237000,4326915900,4329681200
21,1589,241724991394200,3240200,4379854700,4382620000
21,1605,241725041034200,3080800,4429494700,4432260000
21,1621,241725084040700,2612800,4472501200,4475266500
21,1637,241725132274400,2887100,4520734900,4523500200
21,1653,241725177036200,2684900,4565496700,4568262000
21,1669,241725222253700,2962800,4610714200,4613479500
21,1685,241725272954600,2887400,4661415100,4664180400
21,1701,241725318977700,2895000,4707438200,4710203500
21,1717,241725362805200,2702800,4751265700,4754031000
21,1733,241725407741400,2756000,4796201900,4798967200
21,1749,241725453163600,2923900,4841624100,4844389400
21,1765,241725500273400,2869000,4888733900,4891499200
21,1781,241725546182600,2878500,4934643100,4937408400
21,1797,241725596611900,2638600,4985072400,4987837700
21,1813,241725638717900,2653800,5027178400,5029943700
21,1829,241725684076500,2732800,5072537000,5075302300
21,1845,241725730046100,5159200,5118506600,5121271900
21,1861,241725777382500,2773100,5165843000,5168608300
21,1877,241725821730300,2798100,5210190800,5212956100
21,1893,241725868324100,2693100,5256784600,5259549900
21,1909,241725914238800,2705100,5302699300,5305464600
21,1925,241725963127600,2715300,5351588100,5354353400
21,1941,241726005903500,2647000,5394364000,5397129300
21,1957,241726052093900,2644500,5440554400,5443319700
21,1973,241726093963800,2577700,5482424300,5485189600
21,1989,241726136192700,2851600,5524653200,5527418500
21,2005,241726179849700,2820900,5568310200,5571075500
21,2021,241726223368200,2791200,5611828700,5614594000
21,2037,241726270674300,2602500,5659134800,5661900100
22,6,241720767590300,6009900,156050800,158816100
22,22,241720837963400,4580200,226423900,229189200
22,38,241720909151100,4395800,297611600,300376900
22,54,241720973824900,2781800,362285400,365050700
22,70,241721032828200,2897900,421288700,424054000
22,86,241721089318800,4378000,477779300,480544600
22,102,241721142134800,3869400,530595300,533360600
22,118,241721205503300,3132000,593963800,596729100
22,134,241721255944200,3026100,644404700,647170000
22,150,241721310999900,2476700,699460400,702225700
22,166,241721366893900,2486700,755354400,758119700
22,182,241721420226000,2408700,808686500,811451800
22,198,241721458090700,2386100,846551200,849316500
22,214,241721495126100,2255400,883586600,886351900
22,230,241721531431900,2381900,919892400,922657700
22,246,241721576741700,2270300,965202200,967967500
22,262,241721613289300,2267400,1001749800,1004515100
22,278,241721651886500,2719200,1040347000,1043112300
22,294,241721694264300,2433300,1082724800,1085490100
22,310,241721732760600,2408800,1121221100,1123986400
22,326,241721770646700,2395500,1159107200,1161872500
22,342,241721807976200,2329500,1196436700,1199202000
22,358,241721845104300,2380200,1233564800,1236330100
22,374,241721889377500,2285400,1277838000,1280603300
22,390,241721927112900,2318700,1315573400,1318338700
22,406,241721963572000,2226000,1352032500,1354797800
22,422,241722000449400,2299000,1388909900,1391675200
22,438,241722038073400,2420100,1426533900,1429299200
22,454,241722074866300,2249000,1463326800,1466092100
22,470,241722109963900,2203900,1498424400,1501189700
22,486,241722146726800,2214400,1535187300,1537952600
22,502,241722189842200,2295200,1578302700,1581068000
22,518,241722226379800,2777600,1614840300,1617605600
22,534,241722263397900,2261300,1651858400,1654623700
22,550,241722299728300,2206300,1688188800,1690954100
22,566,241722335983200,2450200,1724443700,1727209000
22,582,241722372265200,2315600,1760725700,1763491000
22,598,241722408026500,2340700,1796487000,1799252300
22,614,241722444575900,2282000,1833036400,1835801700
22,630,241722489260600,2214400,1877721100,1880486400
22,646,241722524264300,2212800,1912724800,1915490100
22,662,241722560601200,2202700,1949061700,1951827000
22,678,241722597017500,2304600,1985478000,1988243300
22,694,241722633387900,2472000,2021848400,2024613700
22,710,241722669861100,2280600,2058321600,2061086900
22,726,241722706567600,2220500,2095028100,2097793400
22,742,241722741920900,2152400,2130381400,2133146700
22,758,241722786263100,2224200,2174723600,2177488900
22,774,241722821894200,2254700,2210354700,2213120000
22,790,241722858599200,2368100,2247059700,2249825000
22,806,241722895136800,2228400,2283597300,2286362600
22,822,241722931397000,2185700,2319857500,2322622800
22,838,241722967989600,2227900,2356450100,2359215400
22,854,241723003390400,2247200,2391850900,2394616200
22,870,241723047130700,2280300,2435591200,2438356500
22,886,241723083603000,2156400,2472063500,2474828800
22,902,241723119800900,2203800,2508261400,2511026700
22,918,241723155577000,2281800,2544037500,2546802800
22,934,241723191232800,2276100,2579693300,2582458600
22,950,241723227139500,2249000,2615600000,2618365300
22,966,241723263649500,2284400,2652110000,2654875300
22,982,241723308162500,2157800,2696623000,2699388300
22,998,241723342821500,2172400,2731282000,2734047300
22,1014,241723378224900,2202300,2766685400,2769450700
22,1030,241723414001200,2193500,2802461700,2805227000
22,1046,241723449953000,2202200,2838413500,2841178800
22,1062,241723485609900,2202500,2874070400,2876835700
22,1078,241723521351100,2135300,2909811600,2912576900
22,1094,241723556139000,2184800,2944599500,2947364800
22,1110,241723596351900,2215200,2984812400,2987577700
22,1126,241723635100100,2611800,3023560600,3026325900
22,1142,241723677130700,2799300,3065591200,3068356500
22,1158,241723719990400,2753400,3108450900,3111216200
22,1174,241723768050100,2804600,3156510600,3159275900
22,1190,241723811174600,2847500,3199635100,3202400400
22,1206,241723858260500,2618400,3246721000,3249486300
22,1222,241723907909700,2906400,3296370200,3299135500
22,1238,241723954390500,3016700,3342851000,3345616300
22,1254,241724002165000,2829400,3390625500,3393390800
22,1270,241724048471900,2615300,3436932400,3439697700
22,1286,241724094837700,2876800,3483298200,3486063500
22,1302,241724139875700,2919600,3528336200,3531101500
22,1318,241724186112300,2865700,3574572800,3577338100
22,1334,241724237921200,2793700,3626381700,3629147000
22,1350,241724281825000,2844900,3670285500,3673050800
22,1366,241724327514800,2900700,3715975300,3718740600
22,1382,241724372628300,2623600,3761088800,3763854100
22,1398,241724416028400,2728800,3804488900,3807254200
22,1414,241724464214200,3018900,3852674700,3855440000
22,1430,241724506986000,2607600,3895446500,3898211800
22,1446,241724552313700,2799500,3940774200,3943539500
22,1462,241724604074500,2975700,3992535000,3995300300
22,1478,241724650907000,3012400,4039367500,4042132800
22,1494,241724697218100,2764400,4085678600,4088443900
22,1510,241724741195100,2697100,4129655600,4132420900
22,1526,241724787534500,2545400,4175995000,4178760300
22,1542,241724834820100,3131100,4223280600,4226045900
22,1558,241724881717900,2909500,4270178400,4272943700
22,1574,241724938316600,3242500,4326777100,4329542400
22,1590,241724991262100,3240300,4379722600,4382487900
22,1606,241725040860700,3076300,4429321200,4432086500
22,1622,241725083889500,2607700,4472350000,4475115300
22,1638,241725132153400,2885100,4520613900,4523379200
22,1654,241725176931000,2664200,4565391500,4568156800
22,1670,241725222080800,2975900,4610541300,4613306600
22,1686,241725272796200,2886800,4661256700,4664022000
22,1702,241725318900300,2891000,4707360800,4710126100
22,1718,241725362061600,2692600,4750522100,4753287400
22,1734,241725406980400,2706300,4795440900,4798206200
22,1750,241725452341100,2936600,4840801600,4843566900
22,1766,241725499562800,2868000,4888023300,4890788600
22,1782,241725545476500,2871900,4933937000,4936702300
22,1798,241725595927500,2725500,4984388000,4987153300
22,1814,241725638127000,2625300,5026587500,5029352800
22,1830,241725683420400,2763900,5071880900,5074646200
22,1846,241725727857200,6662800,5116317700,5119083000
22,1862,241725776869000,2740600,5165329500,5168094800
22,1878,241725821204400,2794400,5209664900,5212430200
22,1894,241725867332300,2643300,5255792800,5258558100
22,1910,241725913117400,2710900,5301577900,5304343200
22,1926,241725962007800,2713000,5350468300,5353233600
22,1942,241726004745900,2686400,5393206400,5395971700
22,1958,241726050628900,2568300,5439089400,5441854700
22,1974,241726092444000,2590600,5480904500,5483669800
22,1990,241726134599300,2819500,5523059800,5525825100
22,2006,241726178161400,2702900,5566621900,5569387200
22,2022,241726221651300,2760500,5610111800,5612877100
22,2038,241726269047300,2576200,5657507800,5660273100
23,7,241720772756900,6380600,161217400,163982700
23,23,241720841735800,5219000,230196300,232961600
23,39,241720912831800,4395800,301292300,304057600
23,55,241720976224300,2919200,364684800,367450100
23,71,241721035435600,2698000,423896100,426661400
23,87,241721093262900,4368200,481723400,484488700
23,103,241721145587200,3947500,534047700,536813000
23,119,241721205811600,3014800,594272100,597037400
23,135,241721256157900,2950600,644618400,647383700
23,151,241721311131200,2483500,699591700,702357000
23,167,241721367026800,2485500,755487300,758252600
23,183,241721420419300,2390000,808879800,811645100
23,199,241721458274900,2389300,846735400,849500700
23,215,241721495280800,2255100,883741300,886506600
23,231,241721531609600,2395100,920070100,922835400
23,247,241721576954400,2249800,965414900,968180200
23,263,241721613443700,2268300,1001904200,1004669500
23,279,241721652088000,2702200,1040548500,1043313800
23,295,241721694365200,2423700,1082825700,1085591000
23,311,241721732853700,2437500,1121314200,1124079500
23,327,241721770741100,2395200,1159201600,1161966900
23,343,241721808069300,2327000,1196529800,1199295100
23,359,241721845135400,2387700,1233595900,1236361200
23,375,241721889437700,2288100,1277898200,1280663500
23,391,241721927144400,2320200,1315604900,1318370200
23,407,241721963600400,2232800,1352060900,1354826200
23,423,241722000539400,2311000,1388999900,1391765200
23,439,241722038220100,2398200,1426680600,1429445900
23,455,241722074926100,2248700,1463386600,1466151900
23,471,241722110549900,2237500,1499010400,1501775700
23,487,241722147196900,2270900,1535657400,1538422700
23,503,241722190315100,2342300,1578775600,1581540900
23,519,241722226960000,2837400,1615420500,1618185800
23,535,241722263924100,2245500,1652384600,1655149900
23,551,241722300206500,2237800,1688667000,1691432300
23,567,241722336472900,2413500,1724933400,1727698700
23,583,241722372708200,2357000,1761168700,1763934000
23,599,241722408457800,2351900,1796918300,1799683600
23,615,241722445036600,2288400,1833497100,1836262400
23,631,241722489653000,2205800,1878113500,1880878800
23,647,241722525114500,2311200,1913575000,1916340300
23,663,241722561464000,2204900,1949924500,1952689800
23,679,241722597891600,2248400,1986352100,1989117400
23,695,241722634251200,2639600,2022711700,2025477000
23,711,241722670817700,2260000,2059278200,2062043500
23,727,241722707454800,2231100,2095915300,2098680600
23,743,241722742789000,9248700,2131249500,2134014800
23,759,241722787194800,2189600,2175655300,2178420600
23,775,241722822877700,2242400,2211338200,2214103500
23,791,241722859565900,2412600,2248026400,2250791700
23,807,241722896127800,2241900,2284588300,2287353600
23,823,241722932829100,2307900,2321289600,2324054900
23,839,241722969199700,2186000,2357660200,2360425500
23,855,241723004584900,2225700,2393045400,2395810700
23,871,241723048417100,2257700,2436877600,2439642900
23,887,241723084833900,2185300,2473294400,2476059700
23,903,241723121094400,2206600,2509554900,2512320200
23,919,241723156829600,2294800,2545290100,2548055400
23,935,241723192580300,2227900,2581040800,2583806100
23,951,241723228434400,2240300,2616894900,2619660200
23,967,241723264986400,2291600,2653446900,2656212200
23,983,241723309332100,2345200,2697792600,2700557900
23,999,241723346047000,2335000,2734507500,2737272800
23,1015,241723381467900,2140900,2769928400,2772693700
23,1031,241723416859800,2132700,2805320300,2808085600
23,1047,241723453008400,2343000,2841468900,2844234200
23,1063,241723488661200,2209100,2877121700,2879887000
23,1079,241723524310200,2415100,2912770700,2915536000
23,1095,241723559052300,2192000,2947512800,2950278100
23,1111,241723599180200,2056300,2987640700,2990406000
23,1127,241723638447400,2571500,3026907900,3029673200
23,1143,241723680683400,2617900,3069143900,3071909200
23,1159,241723723505000,2796900,3111965500,3114730800
23,1175,241723770341100,2973600,3158801600,3161566900
23,1191,241723813683000,2675900,3202143500,3204908800
23,1207,241723860568000,2603600,3249028500,3251793800
23,1223,241723910423700,2882300,3298884200,3301649500
23,1239,241723956941400,3150500,3345401900,3348167200
23,1255,241724004565300,2897200,3393025800,3395791100
23,1271,241724050639400,2741800,3439099900,3441865200
23,1287,241724097217000,2890500,3485677500,3488442800
23,1303,241724142398800,2869900,3530859300,3533624600
23,1319,241724188563000,3019300,3577023500,3579788800
23,1335,241724240402400,2757300,3628862900,3631628200
23,1351,241724285509800,2739200,3673970300,3676735600
23,1367,241724331359700,2967500,3719820200,3722585500
23,1383,241724376097300,2820300,3764557800,3767323100
23,1399,241724419648100,2767100,3808108600,3810873900
23,1415,241724468034300,2773500,3856494800,3859260100
23,1431,241724510391300,2737300,3898851800,3901617100
23,1447,241724555914900,7747100,3944375400,3947140700
23,1463,241724607904600,2958800,3996365100,3999130400
23,1479,241724654799700,2940500,4043260200,4046025500
23,1495,241724700798300,2749900,4089258800,4092024100
23,1511,241724744587300,2742000,4133047800,4135813100
23,1527,241724793090700,2914800,4181551200,4184316500
23,1543,241724840772700,2800400,4229233200,4231998500
23,1559,241724887175000,2678100,4275635500,4278400800
23,1575,241724944641500,3289800,4333102000,4335867300
23,1591,241724997491300,3233100,4385951800,4388717100
23,1607,241725046804500,2978600,4435265000,4438030300
23,1623,241725088887100,2575600,4477347600,4480112900
23,1639,241725137706800,2916400,4526167300,4528932600
23,1655,241725182113200,2725400,4570573700,4573339000
23,1671,241725227727100,2851900,4616187600,4618952900
23,1687,241725278429100,2802800,4666889600,4669654900
23,1703,241725324377400,2878300,4712837900,4715603200
23,1719,241725367573700,2671300,4756034200,4758799500
23,1735,241725412700200,2698400,4801160700,4803926000
23,1751,241725458475100,2917100,4846935600,4849700900
23,1767,241725505529400,2886700,4893989900,4896755200
23,1783,241725551428300,2901100,4939888800,4942654100
23,1799,241725601454700,2590500,4989915200,4992680500
23,1815,241725643574100,2606300,5032034600,5034799900
23,1831,241725689084300,2752400,5077544800,5080310100
23,1847,241725737500600,2845500,5125961100,5128726400
23,1863,241725782507600,2754100,5170968100,5173733400
23,1879,241725826968700,2761000,5215429200,5218194500
23,1895,241725873918200,2918300,5262378700,5265144000
23,1911,241725924414300,2742900,5312874800,5315640100
23,1927,241725968384300,2581900,5356844800,5359610100
23,1943,241726011299100,4006000,5399759600,5402524900
23,1959,241726055312300,2601900,5443772800,5446538100
23,1975,241726097084700,2617400,5485545200,5488310500
23,1991,241726139596300,2679300,5528056800,5530822100
23,2007,241726183143100,2842300,5571603600,5574368900
23,2023,241726226606900,2761000,5615067400,5617832700
23,2039,241726273710300,2572500,5662170800,5664936100
24,8,241720779620800,5434800,168081300,170846600
24,24,241720847295700,4827700,235756200,238521500
24,40,241720917550400,4498500,306010900,308776200
24,56,241720979333800,3882500,367794300,370559600
24,72,241721038242200,2814600,426702700,429468000
24,88,241721097866600,3280500,486327100,489092400
24,104,241721149731200,13302600,538191700,540957000
24,120,241721209345000,2936100,597805500,600570800
24,136,241721259576400,3435100,648036900,650802200
24,152,241721314021600,3471300,702482100,705247400
24,168,241721370125200,3755300,758585700,761351000
24,184,241721423137900,2299700,811598400,814363700
24,200,241721460978600,2284500,849439100,852204400
24,216,241721497843800,2326300,886304300,889069600
24,232,241721534368500,2303600,922829000,925594300
24,248,241721579590400,2264100,968050900,970816200
24,264,241721616086300,2292100,1004546800,1007312100
24,280,241721655275800,3273800,1043736300,1046501600
24,296,241721698053700,2341400,1086514200,1089279500
24,312,241721736700300,2250800,1125160800,1127926100
24,328,241721774274600,2301300,1162735100,1165500400
24,344,241721811650500,2431200,1200111000,1202876300
24,360,241721848843400,2461600,1237303900,1240069200
24,376,241721892910800,2317100,1281371300,1284136600
24,392,241721930621500,2212500,1319082000,1321847300
24,408,241721966974100,2291100,1355434600,1358199900
24,424,241722003940200,2329100,1392400700,1395166000
24,440,241722041786900,2299700,1430247400,1433012700
24,456,241722078362900,2208000,1466823400,1469588700
24,472,241722116020800,2364500,1504481300,1507246600
24,488,241722152667000,2248400,1541127500,1543892800
24,504,241722196216500,2270800,1584677000,1587442300
24,520,241722232957000,2276200,1621417500,1624182800
24,536,241722269331800,2247500,1657792300,1660557600
24,552,241722305691100,2236300,1694151600,1696916900
24,568,241722342091400,2233400,1730551900,1733317200
24,584,241722378373100,2223100,1766833600,1769598900
24,600,241722413979800,2309600,1802440300,1805205600
24,616,241722450863200,2319900,1839323700,1842089000
24,632,241722496176500,2335900,1884637000,1887402300
24,648,241722532270300,2198600,1920730800,1923496100
24,664,241722568506400,2290100,1956966900,1959732200
24,680,241722605038800,2566900,1993499300,1996264600
24,696,241722641826600,2228300,2030287100,2033052400
24,712,241722677833200,2418200,2066293700,2069059000
24,728,241722714270600,2264400,2102731100,2105496400
24,744,241722757262100,2673000,2145722600,2148487900
24,760,241722794117900,2219000,2182578400,2185343700
24,776,241722830161200,2261400,2218621700,2221387000
24,792,241722866949300,2314300,2255409800,2258175100
24,808,241722903303500,2589200,2291764000,2294529300
24,824,241722940247600,2249000,2328708100,2331473400
24,840,241722976379600,2169800,2364840100,2367605400
24,856,241723012241500,2285600,2400702000,2403467300
24,872,241723055900100,2269600,2444360600,2447125900
24,888,241723092075500,2436500,2480536000,2483301300
24,904,241723128501700,2194000,2516962200,2519727500
24,920,241723164307600,2201200,2552768100,2555533400
24,936,241723200131800,2223900,2588592300,2591357600
24,952,241723235899800,2391700,2624360300,2627125600
24,968,241723272837800,2276600,2661298300,2664063600
24,984,241723317208600,2173400,2705669100,2708434400
24,1000,241723352611800,2269900,2741072300,2743837600
24,1016,241723387718300,2091900,2776178800,2778944100
24,1032,241723423768400,2118500,2812228900,2814994200
24,1048,241723460077500,2255600,2848538000,2851303300
24,1064,241723495485000,2279100,2883945500,2886710800
24,1080,241723531307000,2123200,2919767500,2922532800
24,1096,241723570865100,2207000,2959325600,2962090900
24,1112,241723605600100,2111200,2994060600,2996825900
24,1128,241723646531900,2580600,3034992400,3037757700
24,1144,241723689220100,2681600,3077680600,3080445900
24,1160,241723731973500,2747100,3120434000,3123199300
24,1176,241723778902400,2656300,3167362900,3170128200
24,1192,241723822070000,2738600,3210530500,3213295800
24,1208,241723868782400,2604200,3257242900,3260008200
24,1224,241723919440200,2874000,3307900700,3310666000
24,1240,241723966794600,2989300,3355255100,3358020400
24,1256,241724013744100,2940600,3402204600,3404969900
24,1272,241724059511800,2896800,3447972300,3450737600
24,1288,241724106266300,2724200,3494726800,3497492100
24,1304,241724151502800,2906600,3539963300,3542728600
24,1320,241724197281700,2937000,3585742200,3588507500
24,1336,241724248903700,2797900,3637364200,3640129500
24,1352,241724293676400,2820300,3682136900,3684902200
24,1368,241724340059600,2932400,3728520100,3731285400
24,1384,241724384200600,2746900,3772661100,3775426400
24,1400,241724427823300,2767700,3816283800,3819049100
24,1416,241724476089800,2775100,3864550300,3867315600
24,1432,241724518593900,2675500,3907054400,3909819700
24,1448,241724569313900,2849000,3957774400,3960539700
24,1464,241724616638600,2916200,4005099100,4007864400
24,1480,241724663497700,2954000,4051958200,4054723500
24,1496,241724709068900,2724800,4097529400,4100294700
24,1512,241724753086800,2907400,4141547300,4144312600
24,1528,241724800622700,2757300,4189083200,4191848500
24,1544,241724848123800,2918600,4236584300,4239349600
24,1560,241724899777200,3538400,4288237700,4291003000
24,1576,241724953326700,3335300,4341787200,4344552500
24,1592,241725005798400,2907100,4394258900,4397024200
24,1608,241725053951600,2598900,4442412100,4445177400
24,1624,241725098551200,2927300,4487011700,4489777000
24,1640,241725145401100,2949900,4533861600,4536626900
24,1656,241725189081500,2651200,4577542000,4580307300
24,1672,241725235145000,2904100,4623605500,4626370800
24,1688,241725285670400,2857000,4674130900,4676896200
24,1704,241725331431000,3666000,4719891500,4722656800
24,1720,241725375536900,2623000,4763997400,4766762700
24,1736,241725420952500,2801900,4809413000,4812178300
24,1752,241725467272100,2925200,4855732600,4858497900
24,1768,241725514182800,2858400,4902643300,4905408600
24,1784,241725560124400,2856000,4948584900,4951350200
24,1800,241725609224400,2678700,4997684900,5000450200
24,1816,241725651544600,2597300,5040005100,5042770400
24,1832,241725697466600,2739800,5085927100,5088692400
24,1848,241725746142200,2727900,5134602700,5137368000
24,1864,241725790801600,2757000,5179262100,5182027400
24,1880,241725835217700,2771900,5223678200,5226443500
24,1896,241725881057400,3004600,5269517900,5272283200
24,1912,241725931211500,2751500,5319672000,5322437300
24,1928,241725974914600,2613400,5363375100,5366140400
24,1944,241726019753400,2628900,5408213900,5410979200
24,1960,241726062102700,2603900,5450563200,5453328500
24,1976,241726103936600,2611600,5492397100,5495162400
24,1992,241726146542700,2782100,5535003200,5537768500
24,2008,241726190291400,2610900,5578751900,5581517200
24,2024,241726233850200,2711700,5622310700,5625076000
24,2040,241726280641000,2599900,5669101500,5671866800
25,9,241720784946400,4524400,173406900,176172200
25,25,241720852206100,4635300,240666600,243431900
25,41,241720921932100,4499900,310392600,313157900
25,57,241720983179200,2764400,371639700,374405000
25,73,241721040988300,2757100,429448800,432214100
25,89,241721100932400,2966500,489392900,492158200
25,105,241721162531100,4460600,550991600,553756900
25,121,241721212487200,3332300,600947700,603713000
25,137,241721263253300,3606400,651713800,654479100
25,153,241721317785300,4043300,706245800,709011100
25,169,241721374208600,4341500,762669100,765434400
25,185,241721425646500,2508100,814107000,816872300
25,201,241721463466500,2284800,851927000,854692300
25,217,241721500369500,2428000,888830000,891595300
25,233,241721536814800,2184500,925275300,928040600
25,249,241721581946800,2219400,970407300,973172600
25,265,241721618451400,2309600,1006911900,1009677200
25,281,241721659082600,2559800,1047543100,1050308400
25,297,241721700882800,2442000,1089343300,1092108600
25,313,241721739408900,2261500,1127869400,1130634700
25,329,241721777068600,2288100,1165529100,1168294400
25,345,241721814588200,2287300,1203048700,1205814000
25,361,241721851771900,2251300,1240232400,1242997700
25,377,241721895728200,2257400,1284188700,1286954000
25,393,241721933295100,2215700,1321755600,1324520900
25,409,241721969799200,2436200,1358259700,1361025000
25,425,241722006828000,2329200,1395288500,1398053800
25,441,241722044589100,2299100,1433049600,1435814900
25,457,241722080882000,2162000,1469342500,1472107800
25,473,241722117964700,2293700,1506425200,1509190500
25,489,241722154441300,2232600,1542901800,1545667100
25,505,241722198161600,2255500,1586622100,1589387400
25,521,241722234868400,2264500,1623328900,1626094200
25,537,241722271122500,2289300,1659583000,1662348300
25,553,241722307407400,2376300,1695867900,1698633200
25,569,241722343814100,2233500,1732274600,1735039900
25,585,241722380006300,2216100,1768466800,1771232100
25,601,241722415635400,2498800,1804095900,1806861200
25,617,241722452543200,2279300,1841003700,1843769000
25,633,241722499049800,2354400,1887510300,1890275600
25,649,241722534988100,2204700,1923448600,1926213900
25,665,241722571302900,2218900,1959763400,1962528700
25,681,241722608066200,2190900,1996526700,1999292000
25,697,241722644463300,2210900,2032923800,2035689100
25,713,241722680717300,2287400,2069177800,2071943100
25,729,241722716954300,2218900,2105414800,2108180100
25,745,241722760419000,2327400,2148879500,2151644800
25,761,241722796670800,2149800,2185131300,2187896600
25,777,241722832796700,2218400,2221257200,2224022500
25,793,241722869927900,2290400,2258388400,2261153700
25,809,241722906655500,3162800,2295116000,2297881300
25,825,241722943333000,2379200,2331793500,2334558800
25,841,241722979344700,2161500,2367805200,2370570500
25,857,241723015380300,2389900,2403840800,2406606100
25,873,241723058917000,2365900,2447377500,2450142800
25,889,241723095413200,2239500,2483873700,2486639000
25,905,241723131436500,2236900,2519897000,2522662300
25,921,241723167276800,2301200,2555737300,2558502600
25,937,241723203077100,2228900,2591537600,2594302900
25,953,241723239122200,2283100,2627582700,2630348000
25,969,241723275908500,2309900,2664369000,2667134300
25,985,241723320149600,2226000,2708610100,2711375400
25,1001,241723357708500,2198300,2746169000,2748934300
25,1017,241723392600900,2201400,2781061400,2783826700
25,1033,241723428515300,2370100,2816975800,2819741100
25,1049,241723464803800,2228900,2853264300,2856029600
25,1065,241723500273800,2221200,2888734300,2891499600
25,1081,241723535862900,2196800,2924323400,2927088700
25,1097,241723575536000,2215400,2963996500,2966761800
25,1113,241723610183100,2123500,2998643600,3001408900
25,1129,241723652132800,2655000,3040593300,3043358600
25,1145,241723694994900,2652600,3083455400,3086220700
25,1161,241723738006000,2875200,3126466500,3129231800
25,1177,241723785308100,2629100,3173768600,3176533900
25,1193,241723828727000,2716800,3217187500,3219952800
25,1209,241723875161000,2609300,3263621500,3266386800
25,1225,241723926518300,2835300,3314978800,3317744100
25,1241,241723974068900,2975300,3362529400,3365294700
25,1257,241724020930100,2889700,3409390600,3412155900
25,1273,241724066834500,2937500,3455295000,3458060300
25,1289,241724112896700,2703000,3501357200,3504122500
25,1305,241724158606200,2807100,3547066700,3549832000
25,1321,241724204567100,2954900,3593027600,3595792900
25,1337,241724255758000,2718700,3644218500,3646983800
25,1353,241724300507700,2725200,3688968200,3691733500
25,1369,241724347140000,2900900,3735600500,3738365800
25,1385,241724390872400,2709500,3779332900,3782098200
25,1401,241724434420000,4225300,3822880500,3825645800
25,1417,241724482880300,2569200,3871340800,3874106100
25,1433,241724525242700,2830900,3913703200,3916468500
25,1449,241724576331900,2864800,3964792400,3967557700
25,1465,241724623773000,2861000,4012233500,4014998800
25,1481,241724670922700,2776600,4059383200,4062148500
25,1497,241724715577400,2865600,4104037900,4106803200
25,1513,241724760182000,2950900,4148642500,4151407800
25,1529,241724806617300,2788700,4195077800,4197843100
25,1545,241724854549000,2852900,4243009500,4245774800
25,1561,241724907369500,3281900,4295830000,4298595300
25,1577,241724960403200,3414000,4348863700,4351629000
25,1593,241725012395100,3043600,4400855600,4403620900
25,1609,241725059692200,2579900,4448152700,4450918000
25,1625,241725104935500,2869900,4493396000,4496161300
25,1641,241725151943400,2724900,4540403900,4543169200
25,1657,241725195171900,2899300,4583632400,4586397700
25,1673,241725241532100,2854300,4629992600,4632757900
25,1689,241725292064500,2880400,4680525000,4683290300
25,1705,241725338510500,2844100,4726971000,4729736300
25,1721,241725381663800,2932500,4770124300,4772889600
25,1737,241725426975200,2715600,4815435700,4818201000
25,1753,241725473525400,2932500,4861985900,4864751200
25,1769,241725520303400,2865000,4908763900,4911529200
25,1785,241725566259000,2911300,4954719500,4957484800
25,1801,241725615022200,2630700,5003482700,5006248000
25,1817,241725657178700,2582000,5045639200,5048404500
25,1833,241725703459400,2820900,5091919900,5094685200
25,1849,241725752104000,2890200,5140564500,5143329800
25,1865,241725796768400,2759000,5185228900,5187994200
25,1881,241725841223900,2786300,5229684400,5232449700
25,1897,241725886893800,2923300,5275354300,5278119600
25,1913,241725936775100,2631100,5325235600,5328000900
25,1929,241725980225800,2598200,5368686300,5371451600
25,1945,241726025566400,2768300,5414026900,5416792200
25,1961,241726067714000,2568800,5456174500,5458939800
25,1977,241726109540500,2610700,5498001000,5500766300
25,1993,241726152419100,2667300,5540879600,5543644900
25,2009,241726195867300,2605300,5584327800,5587093100
25,2025,241726244368800,2852200,5632829300,5635594600
25,2041,241726286174000,2572900,5674634500,5677399800
26,10,241720789561700,5798000,178022200,180787500
26,26,241720856508300,5166900,244968800,247734100
26,42,241720926154700,4765500,314615200,317380500
26,58,241720985875700,3136700,374336200,377101500
26,74,241721043599000,3018700,432059500,434824800
26,90,241721103788300,2919000,492248800,495014100
26,106,241721166813700,2958200,555274200,558039500
26,122,241721217384800,3028500,605845300,608610600
26,138,241721268430100,4107200,656890600,659655900
26,154,241721323464200,4318100,711924700,714690000
26,170,241721380623900,4654500,769084400,771849700
26,186,241721429311800,2417800,817772300,820537600
26,202,241721467112800,2233400,855573300,858338600
26,218,241721503985300,2274200,892445800,895211100
26,234,241721540047900,2447500,928508400,931273700
26,250,241721585234400,2235200,973694900,976460200
26,266,241721621914300,2408800,1010374800,1013140100
26,282,241721662643800,3383700,1051104300,1053869600
26,298,241721704361800,2938700,1092822300,1095587600
26,314,241721742533800,2304100,1130994300,1133759600
26,330,241721780288700,2368700,1168749200,1171514500
26,346,241721817739300,2358800,1206199800,1208965100
26,362,241721854919800,2316800,1243380300,1246145600
26,378,241721898829700,2360300,1287290200,1290055500
26,394,241721936414100,2198200,1324874600,1327639900
26,410,241721973155800,2349700,1361616300,1364381600
26,426,241722009963300,2255100,1398423800,1401189100
26,442,241722047718600,2329300,1436179100,1438944400
26,458,241722084496200,2434400,1472956700,1475722000
26,474,241722121393300,2364600,1509853800,1512619100
26,490,241722157949300,2235300,1546409800,1549175100
26,506,241722201575500,2231600,1590036000,1592801300
26,522,241722238344900,2245900,1626805400,1629570700
26,538,241722274657600,2289300,1663118100,1665883400
26,554,241722311117500,2277300,1699578000,1702343300
26,570,241722347277400,2215000,1735737900,1738503200
26,586,241722383488000,2325300,1771948500,1774713800
26,602,241722419461400,2279900,1807921900,1810687200
26,618,241722456150400,2271800,1844610900,1847376200
26,634,241722501499400,2272800,1889959900,1892725200
26,650,241722537227100,2188900,1925687600,1928452900
26,666,241722573557300,2296800,1962017800,1964783100
26,682,241722610289600,2171000,1998750100,2001515400
26,698,241722646709400,2232200,2035169900,2037935200
26,714,241722683064500,2404400,2071525000,2074290300
26,730,241722719243200,2141700,2107703700,2110469000
26,746,241722762779100,2202800,2151239600,2154004900
26,762,241722798852200,2312700,2187312700,2190078000
26,778,241722835064000,2240400,2223524500,2226289800
26,794,241722871967300,2332000,2260427800,2263193100
26,810,241722909960900,2195600,2298421400,2301186700
26,826,241722945822800,2361700,2334283300,2337048600
26,842,241722981629600,2176000,2370090100,2372855400
26,858,241723017860000,2216100,2406320500,2409085800
26,874,241723061345600,2249100,2449806100,2452571400
26,890,241723097742400,2203500,2486202900,2488968200
26,906,241723133825700,2223700,2522286200,2525051500
26,922,241723169735800,2177700,2558196300,2560961600
26,938,241723205436600,2272300,2593897100,2596662400
26,954,241723241516100,2213000,2629976600,2632741900
26,970,241723278339400,2291800,2666799900,2669565200
26,986,241723322496900,2170700,2710957400,2713722700
26,1002,241723358408100,2195400,2746868600,2749633900
26,1018,241723393324400,2203600,2781784900,2784550200
26,1034,241723429398200,2341300,2817858700,2820624000
26,1050,241723465682200,2184300,2854142700,2856908000
26,1066,241723501203900,2210400,2889664400,2892429700
26,1082,241723536724300,2149000,2925184800,2927950100
26,1098,241723576485700,2189900,2964946200,2967711500
26,1114,241723611022400,2141900,2999482900,3002248200
26,1130,241723653249900,2626400,3041710400,3044475700
26,1146,241723696043800,2669600,3084504300,3087269600
26,1162,241723739132700,2862100,3127593200,3130358500
26,1178,241723787132400,2701900,3175592900,3178358200
26,1194,241723830637100,2694600,3219097600,3221862900
26,1210,241723876931700,7568200,3265392200,3268157500
26,1226,241723928489700,2933400,3316950200,3319715500
26,1242,241723976115600,3069300,3364576100,3367341400
26,1258,241724022912400,3015600,3411372900,3414138200
26,1274,241724068823100,2935300,3457283600,3460048900
26,1290,241724114742800,2745000,3503203300,3505968600
26,1306,241724160528700,2833100,3548989200,3551754500
26,1322,241724206583200,2931000,3595043700,3597809000
26,1338,241724257609100,2740600,3646069600,3648834900
26,1354,241724302697500,2744800,3691158000,3693923300
26,1370,241724349342700,2918100,3737803200,3740568500
26,1386,241724392936100,2692000,3781396600,3784161900
26,1402,241724436667600,5964100,3825128100,3827893400
26,1418,241724484917900,2573600,3873378400,3876143700
26,1434,241724527512100,3115100,3915972600,3918737900
26,1450,241724578607800,3103000,3967068300,3969833600
26,1466,241724626068400,2772100,4014528900,4017294200
26,1482,241724673174500,2785600,4061635000,4064400300
26,1498,241724717872800,2800500,4106333300,4109098600
26,1514,241724762551600,3011900,4151012100,4153777400
26,1530,241724809684300,2576600,4198144800,4200910100
26,1546,241724857724700,3199500,4246185200,4248950500
26,1562,241724910989800,3446800,4299450300,4302215600
26,1578,241724964161100,3331300,4352621600,4355386900
26,1594,241725015730700,3058500,4404191200,4406956500
26,1610,241725062520800,2630700,4450981300,4453746600
26,1626,241725108090200,2856200,4496550700,4499316000
26,1642,241725154911500,2662700,4543372000,4546137300
26,1658,241725198437900,2965700,4586898400,4589663700
26,1674,241725244716900,7493700,4633177400,4635942700
26,1690,241725295309100,2899600,4683769600,4686534900
26,1706,241725340087000,2791400,4728547500,4731312800
26,1722,241725383306700,3053100,4771767200,4774532500
26,1738,241725428477500,2699800,4816938000,4819703300
26,1754,241725475108500,2935500,4863569000,4866334300
26,1770,241725521899500,2892400,4910360000,4913125300
26,1786,241725567905200,2902400,4956365700,4959131000
26,1802,241725616457500,2638100,5004918000,5007683300
26,1818,241725658560700,2575600,5047021200,5049786500
26,1834,241725705018000,2712900,5093478500,5096243800
26,1850,241725753566700,2967500,5142027200,5144792500
26,1866,241725798215800,2712000,5186676300,5189441600
26,1882,241725842638600,2733200,5231099100,5233864400
26,1898,241725886523400,2932100,5274983900,5277749200
26,1914,241725936379700,2588100,5324840200,5327605500
26,1930,241725979828000,2590300,5368288500,5371053800
26,1946,241726024387900,2914200,5412848400,5415613700
26,1962,241726066674200,2606200,5455134700,5457900000
26,1978,241726108493600,2645500,5496954100,5499719400
26,1994,241726151429400,2670600,5539889900,5542655200
26,2010,241726194919100,2603500,5583379600,5586144900
26,2026,241726238673800,7492400,5627134300,5629899600
26,2042,241726285140000,2594600,5673600500,5676365800
27,11,241720795779800,4432600,184240300,187005600
27,27,241720862240200,4714600,250700700,253466000
27,43,241720931535400,4928600,319995900,322761200
27,59,241720989768000,4755300,378228500,380993800
27,75,241721047238800,3923500,435699300,438464600
27,91,241721107304100,2798100,495764600,498529900
27,107,241721174867800,3701100,563328300,566093600
27,123,241721224083600,4289800,612544100,615309400
27,139,241721277302200,3555800,665762700,668528000
27,155,241721333215400,5169900,721675900,724441200
27,171,241721390646400,4511200,779106900,781872200
27,187,241721434466000,2355500,822926500,825691800
27,203,241721471853400,2367400,860313900,863079200
27,219,241721508887700,2264000,897348200,900113500
27,235,241721552086800,2337700,940547300,943312600
27,251,241721590176900,2324600,978637400,981402700
27,267,241721627088700,2320900,1015549200,1018314500
27,283,241721668078700,2438100,1056539200,1059304500
27,299,241721708890500,2341300,1097351000,1100116300
27,315,241721746356400,2229600,1134816900,1137582200
27,331,241721784175100,2318200,1172635600,1175400900
27,347,241721821625800,2336800,1210086300,1212851600
27,363,241721858804900,2232400,1247265400,1250030700
27,379,241721903063400,2422300,1291523900,1294289200
27,395,241721940286600,2325200,1328747100,1331512400
27,411,241721977075000,2329900,1365535500,1368300800
27,427,241722013874100,2418500,1402334600,1405099900
27,443,241722051730700,2331700,1440191200,1442956500
27,459,241722087032300,2315700,1475492800,1478258100
27,475,241722123791900,2186300,1512252400,1515017700
27,491,241722160220200,2280700,1548680700,1551446000
27,507,241722203775800,2240600,1592236300,1595001600
27,523,241722240560100,2278800,1629020600,1631785900
27,539,241722277013300,2238100,1665473800,1668239100
27,555,241722313462100,2343100,1701922600,1704687900
27,571,241722349586800,2175800,1738047300,1740812600
27,587,241722385913200,2253700,1774373700,1777139000
27,603,241722421841200,2250900,1810301700,1813067000
27,619,241722458515000,9691800,1846975500,1849740800
27,635,241722502946600,2236500,1891407100,1894172400
27,651,241722538620100,2216400,1927080600,1929845900
27,667,241722575071800,2359400,1963532300,1966297600
27,683,241722611716800,2177900,2000177300,2002942600
27,699,241722648202600,2236400,2036663100,2039428400
27,715,241722684696600,2332400,2073157100,2075922400
27,731,241722720688100,2124600,2109148600,2111913900
27,747,241722764379600,2305400,2152840100,2155605400
27,763,241722800483400,2410400,2188943900,2191709200
27,779,241722836670900,2255500,2225131400,2227896700
27,795,241722873662800,2289100,2262123300,2264888600
27,811,241722910942000,2232800,2299402500,2302167800
27,827,241722946947200,2255200,2335407700,2338173000
27,843,241722982596400,2197300,2371056900,2373822200
27,859,241723018840100,2190200,2407300600,2410065900
27,875,241723062302100,2335500,2450762600,2453527900
27,891,241723098705500,2172800,2487166000,2489931300
27,907,241723134715300,2230500,2523175800,2525941100
27,923,241723170642400,2120500,2559102900,2561868200
27,939,241723206431800,2262200,2594892300,2597657600
27,955,241723242477400,2228600,2630937900,2633703200
27,971,241723279426900,2278600,2667887400,2670652700
27,987,241723323491500,1946200,2711952000,2714717300
27,1003,241723359274900,2235600,2747735400,2750500700
27,1019,241723394195200,2355500,2782655700,2785421000
27,1035,241723430398300,2382500,2818858800,2821624100
27,1051,241723466547800,2210600,2855008300,2857773600
27,1067,241723502010400,2232200,2890470900,2893236200
27,1083,241723537477500,2152100,2925938000,2928703300
27,1099,241723577111400,2236400,2965571900,2968337200
27,1115,241723611673700,2156900,3000134200,3002899500
27,1131,241723654017600,2650300,3042478100,3045243400
27,1147,241723696890000,2676500,3085350500,3088115800
27,1163,241723740049600,2835200,3128510100,3131275400
27,1179,241723787165700,2706600,3175626200,3178391500
27,1195,241723830677300,2690500,3219137800,3221903100
27,1211,241723877056600,7573000,3265517100,3268282400
27,1227,241723928568000,2916000,3317028500,3319793800
27,1243,241723976357100,3105600,3364817600,3367582900
27,1259,241724023150600,3025900,3411611100,3414376400
27,1275,241724069096500,2954500,3457557000,3460322300
27,1291,241724115006800,2741300,3503467300,3506232600
27,1307,241724160798600,2840800,3549259100,3552024400
27,1323,241724206879400,2918000,3595339900,3598105200
27,1339,241724257863900,2749000,3646324400,3649089700
27,1355,241724303043700,2740300,3691504200,3694269500
27,1371,241724349842900,2947700,3738303400,3741068700
27,1387,241724393393200,2695300,3781853700,3784619000
27,1403,241724438047200,5078700,3826507700,3829273000
27,1419,241724485306200,2565300,3873766700,3876532000
27,1435,241724527952300,3134100,3916412800,3919178100
27,1451,241724579045300,3174400,3967505800,3970271100
27,1467,241724626484100,2793000,4014944600,4017709900
27,1483,241724673504500,2859500,4061965000,4064730300
27,1499,241724718248400,2782800,4106708900,4109474200
27,1515,241724762977700,2987600,4151438200,4154203500
27,1531,241724808982100,2786700,4197442600,4200207900
27,1547,241724856978900,3119100,4245439400,4248204700
27,1563,241724910237800,3459300,4298698300,4301463600
27,1579,241724963428300,3358800,4351888800,4354654100
27,1595,241725015026400,2958100,4403486900,4406252200
27,1611,241725061884300,2590700,4450344800,4453110100
27,1627,241725107364400,2868400,4495824900,4498590200
27,1643,241725154154900,2652800,4542615400,4545380700
27,1659,241725197413100,2918900,4585873600,4588638900
27,1675,241725243713900,7372600,4632174400,4634939700
27,1691,241725294262500,2873900,4682723000,4685488300
27,1707,241725340779400,2811400,4729239900,4732005200
27,1723,241725384061200,3067600,4772521700,4775287000
27,1739,241725429138500,2709900,4817599000,4820364300
27,1755,241725475836100,2935100,4864296600,4867061900
27,1771,241725522573700,2886900,4911034200,4913799500
27,1787,241725568579700,2895700,4957040200,4959805500
27,1803,241725617093400,2661900,5005553900,5008319200
27,1819,241725659183100,2602500,5047643600,5050408900
27,1835,241725705685700,2733000,5094146200,5096911500
27,1851,241725754339200,2939300,5142799700,5145565000
27,1867,241725798921200,2691400,5187381700,5190147000
27,1883,241725843359600,5135300,5231820100,5234585400
27,1899,241725890950100,2905400,5279410600,5282175900
27,1915,241725940293200,2726300,5328753700,5331519000
27,1931,241725983674200,2606400,5372134700,5374900000
27,1947,241726027346100,2636000,5415806600,5418571900
27,1963,241726069315500,2661200,5457776000,5460541300
27,1979,241726111179800,2564500,5499640300,5502405600
27,1995,241726154036000,2634900,5542496500,5545261800
27,2011,241726197448400,2617000,5585908900,5588674200
27,2027,241726246110000,2736300,5634570500,5637335800
27,2043,241726287799600,2615400,5676260100,5679025400
28,12,241720800117000,3417800,188577500,191342800
28,28,241720866758100,5065300,255218600,257983900
28,44,241720936281300,4632900,324741800,327507100
28,60,241720994147800,4514300,382608300,385373600
28,76,241721050789100,3730500,439249600,442014900
28,92,241721109807400,3259900,498267900,501033200
28,108,241721174829100,3695200,563289600,566054900
28,124,241721223851000,4270400,612311500,615076800
28,140,241721277020100,3613700,665480600,668245900
28,156,241721332948400,5155500,721408900,724174200
28,172,241721390302000,4521900,778762500,781527800
28,188,241721434330800,2330700,822791300,825556600
28,204,241721471653700,2373700,860114200,862879500
28,220,241721508735300,2258000,897195800,899961100
28,236,241721551988300,2333800,940448800,943214100
28,252,241721590114100,2318400,978574600,981339900
28,268,241721627026200,2317700,1015486700,1018252000
28,284,241721668613000,2478700,1057073500,1059838800
28,300,241721709436000,2328200,1097896500,1100661800
28,316,241721746869500,2254300,1135330000,1138095300
28,332,241721784677000,2315900,1173137500,1175902800
28,348,241721822210100,2307500,1210670600,1213435900
28,364,241721859287800,2240700,1247748300,1250513600
28,380,241721903547900,2404000,1292008400,1294773700
28,396,241721940731400,2354100,1329191900,1331957200
28,412,241721977570000,2367000,1366030500,1368795800
28,428,241722014484700,2397700,1402945200,1405710500
28,444,241722052334200,2304700,1440794700,1443560000
28,460,241722090343500,2251200,1478804000,1481569300
28,476,241722126880100,2216400,1515340600,1518105900
28,492,241722163527200,2335900,1551987700,1554753000
28,508,241722207107900,2253400,1595568400,1598333700
28,524,241722243995600,2339600,1632456100,1635221400
28,540,241722280232200,2286700,1668692700,1671458000
28,556,241722316795600,2237100,1705256100,1708021400
28,572,241722352784600,2321900,1741245100,1744010400
28,588,241722389155900,2198200,1777616400,1780381700
28,604,241722425166200,2255100,1813626700,1816392000
28,620,241722469511000,2612900,1857971500,1860736800
28,636,241722506467200,2254100,1894927700,1897693000
28,652,241722542123300,2256000,1930583800,1933349100
28,668,241722578646500,2228300,1967107000,1969872300
28,684,241722615106300,2176700,2003566800,2006332100
28,700,241722651672600,2221600,2040133100,2042898400
28,716,241722688307800,2291300,2076768300,2079533600
28,732,241722723992600,2120200,2112453100,2115218400
28,748,241722767883300,2374600,2156343800,2159109100
28,764,241722804067200,2242300,2192527700,2195293000
28,780,241722840150200,2301200,2228610700,2231376000
28,796,241722877092800,2233200,2265553300,2268318600
28,812,241722913849100,2178000,2302309600,2305074900
28,828,241722949836300,2239100,2338296800,2341062100
28,844,241722985436400,2212800,2373896900,2376662200
28,860,241723021671300,2222500,2410131800,2412897100
28,876,241723065374500,2367200,2453835000,2456600300
28,892,241723101602400,2184900,2490062900,2492828200
28,908,241723137628200,2171600,2526088700,2528854000
28,924,241723173472400,2338900,2561932900,2564698200
28,940,241723209299100,2238400,2597759600,2600524900
28,956,241723245304200,2209900,2633764700,2636530000
28,972,241723282135500,2300500,2670596000,2673361300
28,988,241723325895200,2280600,2714355700,2717121000
28,1004,241723361483500,2158200,2749944000,2752709300
28,1020,241723396523500,2311300,2784984000,2787749300
28,1036,241723432718600,2214300,2821179100,2823944400
28,1052,241723468731700,2363600,2857192200,2859957500
28,1068,241723504211300,2241700,2892671800,2895437100
28,1084,241723539749800,2194400,2928210300,2930975600
28,1100,241723579627900,2116800,2968088400,2970853700
28,1116,241723614121900,2911200,3002582400,3005347700
28,1132,241723657037500,2673700,3045498000,3048263300
28,1148,241723699953600,2646800,3088414100,3091179400
28,1164,241723743270700,2830300,3131731200,3134496500
28,1180,241723788704200,2770600,3177164700,3179930000
28,1196,241723832222500,2702700,3220683000,3223448300
28,1212,241723878536400,7800400,3266996900,3269762200
28,1228,241723930343300,2945500,3318803800,3321569100
28,1244,241723978078200,3001800,3366538700,3369304000
28,1260,241724024849900,3020900,3413310400,3416075700
28,1276,241724070730000,2975000,3459190500,3461955800
28,1292,241724116473700,2773200,3504934200,3507699500
28,1308,241724162382500,2829100,3550843000,3553608300
28,1324,241724208493800,2929100,3596954300,3599719600
28,1340,241724259364600,2853600,3647825100,3650590400
28,1356,241724304958100,2768100,3693418600,3696183900
28,1372,241724351898600,2930800,3740359100,3743124400
28,1388,241724395287200,2675900,3783747700,3786513000
28,1404,241724442297800,2773900,3830758300,3833523600
28,1420,241724487168800,2571500,3875629300,3878394600
28,1436,241724530254700,2870800,3918715200,3921480500
28,1452,241724581300100,3039700,3969760600,3972525900
28,1468,241724628471500,2841700,4016932000,4019697300
28,1484,241724675544200,2783600,4064004700,4066770000
28,1500,241724720277300,2718200,4108737800,4111503100
28,1516,241724765157400,2909300,4153617900,4156383200
28,1532,241724812295100,5249600,4200755600,4203520900
28,1548,241724861144800,3187600,4249605300,4252370600
28,1564,241724914663800,3328900,4303124300,4305889600
28,1580,241724967713400,3420500,4356173900,4358939200
28,1596,241725018968500,2970300,4407429000,4410194300
28,1612,241725065301300,2634600,4453761800,4456527100
28,1628,241725111172100,3204300,4499632600,4502397900
28,1644,241725157714300,2761000,4546174800,4548940100
28,1660,241725201447700,2902000,4589908200,4592673500
28,1676,241725252148800,2971500,4640609300,4643374600
28,1692,241725298165500,2861600,4686626000,4689391300
28,1708,241725343945200,2830600,4732405700,4735171000
28,1724,241725387470800,3108200,4775931300,4778696600
28,1740,241725432153600,2809400,4820614100,4823379400
28,1756,241725479099600,3073300,4867560100,4870325400
28,1772,241725525776400,2863900,4914236900,4917002200
28,1788,241725571790700,2897600,4960251200,4963016500
28,1804,241725620005700,2590800,5008466200,5011231500
28,1820,241725662054400,2752700,5050514900,5053280200
28,1836,241725708680400,2754400,5097140900,5099906200
28,1852,241725757618900,2934300,5146079400,5148844700
28,1868,241725801839600,2880200,5190300100,5193065400
28,1884,241725847527400,3089400,5235987900,5238753200
28,1900,241725893010000,2887300,5281470500,5284235800
28,1916,241725942336900,2767700,5330797400,5333562700
28,1932,241725985648900,2550300,5374109400,5376874700
28,1948,241726031570600,2597200,5420031100,5422796400
28,1964,241726073599700,2604000,5462060200,5464825500
28,1980,241726115394100,2660500,5503854600,5506619900
28,1996,241726158336700,2636800,5546797200,5549562500
28,2012,241726201646400,2585600,5590106900,5592872200
28,2028,241726250353200,2573200,5638813700,5641579000
28,2044,241726291904000,3040200,5680364500,5683129800
29,13,241720803431500,3047700,191892000,194657300
29,29,241720871490600,4745000,259951100,262716400
29,45,241720940606100,3405400,329066600,331831900
29,61,241720998329200,4195300,386789700,389555000
29,77,241721054311800,2934000,442772300,445537600
29,93,241721112680500,2995900,501141000,503906300
29,109,241721176222700,3925800,564683200,567448500
29,125,241721225592200,4290200,614052700,616818000
29,141,241721278700800,3353800,667161300,669926600
29,157,241721335019500,5417000,723480000,726245300
29,173,241721392282800,4323900,780743300,783508600
29,189,241721435347600,2378900,823808100,826573400
29,205,241721472754000,2365200,861214500,863979800
29,221,241721509755800,2265700,898216300,900981600
29,237,241721552986900,2300200,941447400,944212700
29,253,241721591036000,2413900,979496500,982261800
29,269,241721627974700,2342300,1016435200,1019200500
29,285,241721670796100,2847600,1059256600,1062021900
29,301,241721711519000,2363500,1099979500,1102744800
29,317,241721748857800,2326100,1137318300,1140083600
29,333,241721786744500,2313100,1175205000,1177970300
29,349,241721824177400,2304400,1212637900,1215403200
29,365,241721861187300,2481600,1249647800,1252413100
29,381,241721905547900,2298500,1294008400,1296773700
29,397,241721942676400,2296400,1331136900,1333902200
29,413,241721979630400,2270700,1368090900,1370856200
29,429,241722016502200,2346700,1404962700,1407728000
29,445,241722054247000,2246500,1442707500,1445472800
29,461,241722090227200,2244900,1478687700,1481453000
29,477,241722126739100,2170900,1515199600,1517964900
29,493,241722163279900,2269900,1551740400,1554505700
29,509,241722206810100,2211800,1595270600,1598035900
29,525,241722243810300,2342800,1632270800,1635036100
29,541,241722280120200,2278200,1668580700,1671346000
29,557,241722316648800,2229300,1705109300,1707874600
29,573,241722352620100,2328000,1741080600,1743845900
29,589,241722388953700,2190500,1777414200,1780179500
29,605,241722424893800,2231400,1813354300,1816119600
29,621,241722469042900,2759400,1857503400,1860268700
29,637,241722506849000,2259800,1895309500,1898074800
29,653,241722542408300,2332900,1930868800,1933634100
29,669,241722579033600,2229400,1967494100,1970259400
29,685,241722615463200,2169300,2003923700,2006689000
29,701,241722652037200,2223600,2040497700,2043263000
29,717,241722688647100,2300200,2077107600,2079872900
29,733,241722724304200,2140000,2112764700,2115530000
29,749,241722768277100,2400300,2156737600,2159502900
29,765,241722804457300,2213200,2192917800,2195683100
29,781,241722840538000,2349700,2228998500,2231763800
29,797,241722877519800,2216500,2265980300,2268745600
29,813,241722914329500,2164000,2302790000,2305555300
29,829,241722950325100,2265500,2338785600,2341550900
29,845,241722985936500,2214200,2374397000,2377162300
29,861,241723022173700,9599500,2410634200,2413399500
29,877,241723065967000,2314400,2454427500,2457192800
29,893,241723102103300,2184300,2490563800,2493329100
29,909,241723138124700,2258600,2526585200,2529350500
29,925,241723174142900,2266000,2562603400,2565368700
29,941,241723209899900,2250900,2598360400,2601125700
29,957,241723245901500,2247100,2634362000,2637127300
29,973,241723282829400,2263400,2671289900,2674055200
29,989,241723326918700,2467000,2715379200,2718144500
29,1005,241723362616500,2222100,2751077000,2753842300
29,1021,241723397752100,2351600,2786212600,2788977900
29,1037,241723433787800,2261700,2822248300,2825013600
29,1053,241723469868600,2274100,2858329100,2861094400
29,1069,241723505285800,2183900,2893746300,2896511600
29,1085,241723540680500,2184100,2929141000,2931906300
29,1101,241723580448800,2136900,2968909300,2971674600
29,1117,241723615249100,2842700,3003709600,3006474900
29,1133,241723658081700,2644600,3046542200,3049307500
29,1149,241723701011000,2619000,3089471500,3092236800
29,1165,241723744386100,2915100,3132846600,3135611900
29,1181,241723790805100,2989200,3179265600,3182030900
29,1197,241723834307800,3019400,3222768300,3225533600
29,1213,241723885648100,2972800,3274108600,3276873900
29,1229,241723932469500,2900900,3320930000,3323695300
29,1245,241723980303600,2874500,3368764100,3371529400
29,1261,241724027066600,2914300,3415527100,3418292400
29,1277,241724072891000,2915000,3461351500,3464116800
29,1293,241724118517600,2840400,3506978100,3509743400
29,1309,241724164434400,2942800,3552894900,3555660200
29,1325,241724210572400,2857900,3599032900,3601798200
29,1341,241724261340500,2807300,3649801000,3652566300
29,1357,241724306229600,2722000,3694690100,3697455400
29,1373,241724353233500,2889300,3741694000,3744459300
29,1389,241724396494200,2717400,3784954700,3787720000
29,1405,241724443568200,2805800,3832028700,3834794000
29,1421,241724488315000,2570200,3876775500,3879540800
29,1437,241724531596500,2832000,3920057000,3922822300
29,1453,241724582735900,2902100,3971196400,3973961700
29,1469,241724629763500,2793300,4018224000,4020989300
29,1485,241724676878900,2685700,4065339400,4068104700
29,1501,241724721516400,2651100,4109976900,4112742200
29,1517,241724766499100,2912100,4154959600,4157724900
29,1533,241724812154200,5153100,4200614700,4203380000
29,1549,241724860783600,3236800,4249244100,4252009400
29,1565,241724914301600,3337900,4302762100,4305527400
29,1581,241724967365400,3393500,4355825900,4358591200
29,1597,241725018596000,2995500,4407056500,4409821800
29,1613,241725064995800,2639700,4453456300,4456221600
29,1629,241725110789700,3248200,4499250200,4502015500
29,1645,241725157460300,2755400,4545920800,4548686100
29,1661,241725201199800,2905300,4589660300,4592425600
29,1677,241725251976800,2983000,4640437300,4643202600
29,1693,241725297992000,2874200,4686452500,4689217800
29,1709,241725342449800,2820100,4730910300,4733675600
29,1725,241725385857500,3077300,4774318000,4777083300
29,1741,241725430726100,2764200,4819186600,4821951900
29,1757,241725477497800,2994700,4865958300,4868723600
29,1773,241725524178700,2856900,4912639200,4915404500
29,1789,241725570228900,2870000,4958689400,4961454700
29,1805,241725618593100,2636500,5007053600,5009818900
29,1821,241725660671500,2617900,5049132000,5051897300
29,1837,241725707198400,2715600,5095658900,5098424200
29,1853,241725756038200,2876300,5144498700,5147264000
29,1869,241725800479900,2774000,5188940400,5191705700
29,1885,241725844867800,2023700,5233328300,5236093600
29,1901,241725889658800,2909900,5278119300,5280884600
29,1917,241725939170600,2716800,5327631100,5330396400
29,1933,241725982597100,2609000,5371057600,5373822900
29,1949,241726028527500,2621100,5416988000,5419753300
29,1965,241726070463600,2700800,5458924100,5461689400
29,1981,241726112328600,2639600,5500789100,5503554400
29,1997,241726155258200,2642500,5543718700,5546484000
29,2013,241726198575800,2651300,5587036300,5589801600
29,2029,241726247332700,2578600,5635793200,5638558500
29,2045,241726288854500,2621100,5677315000,5680080300
30,14,241720806778400,2963500,195238900,198004200
30,30,241720876840300,4365100,265300800,268066100
30,46,241720944352900,4324600,332813400,335578700
30,62,241721003075000,3532300,391535500,394300800
30,78,241721057788800,3569700,446249300,449014600
30,94,241721116155500,2605700,504616000,507381300
30,110,241721181351900,4032700,569812400,572577700
30,126,241721230870100,3195600,619330600,622095900
30,142,241721282833100,3708600,671293600,674058900
30,158,241721341441400,3095400,729901900,732667200
30,174,241721397760600,2849600,786221100,788986400
30,190,241721438304300,2408400,826764800,829530100
30,206,241721475730200,2258900,864190700,866956000
30,222,241721512524200,2243700,900984700,903750000
30,238,241721555819900,2232700,944280400,947045700
30,254,241721593912200,2258200,982372700,985138000
30,270,241721630754300,2316700,1019214800,1021980100
30,286,241721673536500,2518300,1061997000,1064762300
30,302,241721713787300,2403400,1102247800,1105013100
30,318,241721751059400,2327400,1139519900,1142285200
30,334,241721789280600,2281100,1177741100,1180506400
30,350,241721826792500,2290300,1215253000,1218018300
30,366,241721863992400,8907000,1252452900,1255218200
30,382,241721908130100,2659000,1296590600,1299355900
30,398,241721945272700,2154300,1333733200,1336498500
30,414,241721982124500,2273500,1370585000,1373350300
30,430,241722019069100,2605300,1407529600,1410294900
30,446,241722056736300,2353500,1445196800,1447962100
30,462,241722093199800,2261700,1481660300,1484425600
30,478,241722129730500,2234900,1518191000,1520956300
30,494,241722166325500,9016200,1554786000,1557551300
30,510,241722209853500,2267200,1598314000,1601079300
30,526,241722246804600,2191700,1635265100,1638030400
30,542,241722283020700,2249800,1671481200,1674246500
30,558,241722319538900,2280700,1707999400,1710764700
30,574,241722355692400,2193700,1744152900,1746918200
30,590,241722391881800,2201900,1780342300,1783107600
30,606,241722427889700,2359700,1816350200,1819115500
30,622,241722472686000,2292800,1861146500,1863911800
30,638,241722508657500,2285300,1897118000,1899883300
30,654,241722544348300,2226300,1932808800,1935574100
30,670,241722580814100,2230200,1969274600,1972039900
30,686,241722617194400,2181500,2005654900,2008420200
30,702,241722653773800,2224600,2042234300,2044999600
30,718,241722690417500,2296500,2078878000,2081643300
30,734,241722725915300,2146800,2114375800,2117141100
30,750,241722770019600,2400800,2158480100,2161245400
30,766,241722806067800,2226600,2194528300,2197293600
30,782,241722842236900,2464400,2230697400,2233462700
30,798,241722879240900,2218500,2267701400,2270466700
30,814,241722915767500,2206900,2304228000,2306993300
30,830,241722951814500,2415800,2340275000,2343040300
30,846,241722987376400,2198700,2375836900,2378602200
30,862,241723023659700,9646000,2412120200,2414885500
30,878,241723067500600,2318500,2455961100,2458726400
30,894,241723103494500,2174400,2491955000,2494720300
30,910,241723139488100,2373700,2527948600,2530713900
30,926,241723175410800,2192200,2563871300,2566636600
30,942,241723211108100,2270100,2599568600,2602333900
30,958,241723247096400,2344800,2635556900,2638322200
30,974,241723284103800,2331500,2672564300,2675329600
30,990,241723326887200,2378900,2715347700,2718113000
30,1006,241723362673700,2227100,2751134200,2753899500
30,1022,241723397957800,2371300,2786418300,2789183600
30,1038,241723434179400,2291600,2822639900,2825405200
30,1054,241723470310900,2227700,2858771400,2861536700
30,1070,241723505703100,2184600,2894163600,2896928900
30,1086,241723541098600,2164600,2929559100,2932324400
30,1102,241723580758100,2134600,2969218600,2971983900
30,1118,241723615730300,2837600,3004190800,3006956100
30,1134,241723658473200,2644100,3046933700,3049699000
30,1150,241723701415600,2602900,3089876100,3092641400
30,1166,241723744829900,2924900,3133290400,3136055700
30,1182,241723792067100,2973700,3180527600,3183292900
30,1198,241723835488500,5101000,3223949000,3226714300
30,1214,241723886935300,2988200,3275395800,3278161100
30,1230,241723933736900,2897000,3322197400,3324962700
30,1246,241723981528000,2901100,3369988500,3372753800
30,1262,241724028360200,2979500,3416820700,3419586000
30,1278,241724074211300,2883200,3462671800,3465437100
30,1294,241724119732200,2995100,3508192700,3510958000
30,1310,241724165686700,2937100,3554147200,3556912500
30,1326,241724211861900,2890600,3600322400,3603087700
30,1342,241724262655500,2695100,3651116000,3653881300
30,1358,241724307499100,2767100,3695959600,3698724900
30,1374,241724354590800,2918000,3743051300,3745816600
30,1390,241724397749600,2795400,3786210100,3788975400
30,1406,241724444835400,2828700,3833295900,3836061200
30,1422,241724489493100,2613000,3877953600,3880718900
30,1438,241724532852100,2878500,3921312600,3924077900
30,1454,241724584055700,2906800,3972516200,3975281500
30,1470,241724631050100,2758600,4019510600,4022275900
30,1486,241724678111400,2760600,4066571900,4069337200
30,1502,241724722770500,2666800,4111231000,4113996300
30,1518,241724767829100,2914700,4156289600,4159054900
30,1534,241724816338700,2980600,4204799200,4207564500
30,1550,241724863232800,2959100,4251693300,4254458600
30,1566,241724916983600,3305600,4305444100,4308209400
30,1582,241724970058000,3472900,4358518500,4361283800
30,1598,241725021044500,3074100,4409505000,4412270300
30,1614,241725067148100,2623600,4455608600,4458373900
30,1630,241725113517300,2827200,4501977800,4504743100
30,1646,241725159678600,2731700,4548139100,4550904400
30,1662,241725203542100,2772100,4592002600,4594767900
30,1678,241725254321300,2886400,4642781800,4645547100
30,1694,241725300258900,2858900,4688719400,4691484700
30,1710,241725344653100,2832500,4733113600,4735878900
30,1726,241725388140200,3072600,4776600700,4779366000
30,1742,241725432701200,2842300,4821161700,4823927000
30,1758,241725479704000,3130300,4868164500,4870929800
30,1774,241725526419000,2862600,4914879500,4917644800
30,1790,241725572430700,2891400,4960891200,4963656500
30,1806,241725620573000,2605200,5009033500,5011798800
30,1822,241725662624500,2749500,5051085000,5053850300
30,1838,241725709282900,2778500,5097743400,5100508700
30,1854,241725758285000,2904900,5146745500,5149510800
30,1870,241725802529700,2869800,5190990200,5193755500
30,1886,241725847983000,3125200,5236443500,5239208800
30,1902,241725893492300,2891300,5281952800,5284718100
30,1918,241725942875700,2755100,5331336200,5334101500
30,1934,241725986144800,2522200,5374605300,5377370600
30,1950,241726031216800,2600200,5419677300,5422442600
30,1966,241726073242700,2589300,5461703200,5464468500
30,1982,241726115041100,2651900,5503501600,5506266900
30,1998,241726157986300,2594500,5546446800,5549212100
30,2014,241726201474600,2566800,5589935100,5592700400
30,2030,241726250159800,2588300,5638620300,5641385600
30,2046,241726291723900,2979900,5680184400,5682949700
31,15,241720809659200,3136100,198119700,200885000
31,31,241720881027900,4765300,269488400,272253700
31,47,241720948364900,3568800,336825400,339590700
31,63,241721006413000,3324800,394873500,397638800
31,79,241721061027000,3640100,449487500,452252800
31,95,241721118501500,2559100,506962000,509727300
31,111,241721186330800,2727400,574791300,577556600
31,127,241721234678900,2759700,623139400,625904700
31,143,241721287626000,3935800,676086500,678851800
31,159,241721345395100,3033800,733855600,736620900
31,175,241721401223400,2747100,789683900,792449200
31,191,241721441228500,2386100,829689000,832454300
31,207,241721478388700,2244500,866849200,869614500
31,223,241721515250500,2227300,903711000,906476300
31,239,241721558581700,3693000,947042200,949807500
31,255,241721596702700,2292700,985163200,987928500
31,271,241721633731400,2345600,1022191900,1024957200
31,287,241721676093000,2500900,1064553500,1067318800
31,303,241721716256900,2351400,1104717400,1107482700
31,319,241721753475000,2235000,1141935500,1144700800
31,335,241721791373700,2273100,1179834200,1182599500
31,351,241721828828800,2541400,1217289300,1220054600
31,367,241721872705100,2333500,1261165600,1263930900
31,383,241721910633900,2332300,1299094400,1301859700
31,399,241721947217300,2254000,1335677800,1338443100
31,415,241721984150700,2301700,1372611200,1375376500
31,431,241722021389400,2368900,1409849900,1412615200
31,447,241722058765500,2323900,1447226000,1449991300
31,463,241722095127900,2291100,1483588400,1486353700
31,479,241722131652400,2555000,1520112900,1522878200
31,495,241722175017400,2348900,1563477900,1566243200
31,511,241722211786800,2223500,1600247300,1603012600
31,527,241722248735600,2185800,1637196100,1639961400
31,543,241722284966300,2241900,1673426800,1676192100
31,559,241722321451000,2236500,1709911500,1712676800
31,575,241722357497100,2233300,1745957600,1748722900
31,591,241722393636100,2189600,1782096600,1784861900
31,607,241722429656700,2413200,1818117200,1820882500
31,623,241722474467200,2266800,1862927700,1865693000
31,639,241722511276500,2266200,1899737000,1902502300
31,655,241722546853300,2299400,1935313800,1938079100
31,671,241722583376200,2239300,1971836700,1974602000
31,687,241722619725400,2402600,2008185900,2010951200
31,703,241722656359800,2205500,2044820300,2047585600
31,719,241722693119000,2253900,2081579500,2084344800
31,735,241722728492100,2138800,2116952600,2119717900
31,751,241722772968500,2296400,2161429000,2164194300
31,767,241722808771800,2287100,2197232300,2199997600
31,783,241722845192900,2302400,2233653400,2236418700
31,799,241722881750300,2173500,2270210800,2272976100
31,815,241722917888400,2170600,2306348900,2309114200
31,831,241722954139000,2258000,2342599500,2345364800
31,847,241722989488100,2187500,2377948600,2380713900
31,863,241723033218000,2266900,2421678500,2424443800
31,879,241723069729700,2284100,2458190200,2460955500
31,895,241723105702900,2188700,2494163400,2496928700
31,911,241723141832100,2218000,2530292600,2533057900
31,927,241723177664200,2200400,2566124700,2568890000
31,943,241723213441500,2216900,2601902000,2604667300
31,959,241723249502800,2224900,2637963300,2640728600
31,975,241723286473100,2291200,2674933600,2677698900
31,991,241723331075700,2163000,2719536200,2722301500
31,1007,241723366414700,2211200,2754875200,2757640500
31,1023,241723401739700,2255600,2790200200,2792965500
31,1039,241723437973600,2344600,2826434100,2829199400
31,1055,241723473876400,2127500,2862336900,2865102200
31,1071,241723509232400,2261000,2897692900,2900458200
31,1087,241723544507900,2075400,2932968400,2935733700
31,1103,241723584295300,2192300,2972755800,2975521100
31,1119,241723620317500,2782900,3008778000,3011543300
31,1135,241723662807700,2545500,3051268200,3054033500
31,1151,241723705677000,2584100,3094137500,3096902800
31,1167,241723749643200,2730100,3138103700,3140869000
31,1183,241723795155300,2633800,3183615800,3186381100
31,1199,241723840996200,3701300,3229456700,3232222000
31,1215,241723890056300,2998900,3278516800,3281282100
31,1231,241723936753300,2876300,3325213800,3327979100
31,1247,241723984555100,2876200,3373015600,3375780900
31,1263,241724031435600,2792400,3419896100,3422661400
31,1279,241724077178300,2913200,3465638800,3468404100
31,1295,241724122850400,3029000,3511310900,3514076200
31,1311,241724168750600,2847600,3557211100,3559976400
31,1327,241724214966700,2784000,3603427200,3606192500
31,1343,241724265491100,2738500,3653951600,3656716900
31,1359,241724309863800,3318200,3698324300,3701089600
31,1375,241724357135400,2737600,3745595900,3748361200
31,1391,241724400128900,2649200,3788589400,3791354700
31,1407,241724447249700,2829300,3835710200,3838475500
31,1423,241724491690900,2621400,3880151400,3882916700
31,1439,241724535259200,2951900,3923719700,3926485000
31,1455,241724586489400,2901400,3974949900,3977715200
31,1471,241724633409300,2738400,4021869800,4024635100
31,1487,241724680396400,2952900,4068856900,4071622200
31,1503,241724725028600,2685200,4113489100,4116254400
31,1519,241724770253000,2937900,4158713500,4161478800
31,1535,241724817375900,2785700,4205836400,4208601700
31,1551,241724864104900,2946200,4252565400,4255330700
31,1567,241724917731800,3291800,4306192300,4308957600
31,1583,241724970847300,3438200,4359307800,4362073100
31,1599,241725021681900,3073800,4410142400,4412907700
31,1615,241725067707000,2647000,4456167500,4458932800
31,1631,241725114170200,2780700,4502630700,4505396000
31,1647,241725160250600,2727400,4548711100,4551476400
31,1663,241725204149100,2782800,4592609600,4595374900
31,1679,241725254921600,2889600,4643382100,4646147400
31,1695,241725300828900,2889500,4689289400,4692054700
31,1711,241725344492800,2839500,4732953300,4735718600
31,1727,241725388181900,3085300,4776642400,4779407700
31,1743,241725432743600,2841000,4821204100,4823969400
31,1759,241725479748600,3133100,4868209100,4870974400
31,1775,241725526379100,2858300,4914839600,4917604900
31,1791,241725572391500,2887900,4960852000,4963617300
31,1807,241725620533200,2612100,5008993700,5011759000
31,1823,241725662592800,2734500,5051053300,5053818600
31,1839,241725709244800,2770800,5097705300,5100470600
31,1855,241725758246000,2902500,5146706500,5149471800
31,1871,241725802487500,2875300,5190948000,5193713300
31,1887,241725848296400,3036300,5236756900,5239522200
31,1903,241725893779100,2888000,5282239600,5285004900
31,1919,241725943107100,2749600,5331567600,5334332900
31,1935,241725986352600,2535600,5374813100,5377578400
31,1951,241726031258800,2593500,5419719300,5422484600
31,1967,241726073282400,2584900,5461742900,5464508200
31,1983,241726115071800,2666800,5503532300,5506297600
31,1999,241726158018700,2608700,5546479200,5549244500
31,2015,241726201402400,2576600,5589862900,5592628200
31,2031,241726250055500,2577300,5638516000,5641281300
31,2047,241726291625700,2649900,5680086200,5682851500
32,0,241720723349500,14185100,111810000,114575300
32,16,241720812587400,3197000,201047900,203813200
32,32,241720885612500,4308200,274073000,276838300
32,48,241720951893900,2953900,340354400,343119700
32,64,241721009812000,4674100,398272500,401037800
32,80,241721064545100,3388600,453005600,455770900
32,96,241721121027700,2536200,509488200,512253500
32,112,241721189211700,2567600,577672200,580437500
32,128,241721237729100,2843900,626189600,628954900
32,144,241721292046500,3626800,680507000,683272300
32,160,241721348800700,3023600,737261200,740026500
32,176,241721404278400,2765900,792738900,795504200
32,192,241721443871600,2345000,832332100,835097400
32,208,241721480908000,2280700,869368500,872133800
32,224,241721517636200,2255100,906096700,908862000
32,240,241721562454500,2480900,950915000,953680300
32,256,241721599183400,2371900,987643900,990409200
32,272,241721636143700,2597900,1024604200,1027369500
32,288,241721678435200,2435400,1066895700,1069661000
32,304,241721718456300,2372000,1106916800,1109682100
32,320,241721755538400,2617800,1143998900,1146764200
32,336,241721793495400,2299700,1181955900,1184721200
32,352,241721831269500,2438100,1219730000,1222495300
32,368,241721874994800,2266800,1263455300,1266220600
32,384,241721912901800,2409200,1301362300,1304127600
32,400,241721949441600,2364000,1337902100,1340667400
32,416,241721986423000,2274500,1374883500,1377648800
32,432,241722023728000,2343600,1412188500,1414953800
32,448,241722061062400,2217400,1449522900,1452288200
32,464,241722096167800,2304300,1484628300,1487393600
32,480,241722132656300,2568900,1521116800,1523882100
32,496,241722176058000,2277800,1564518500,1567283800
32,512,241722212723000,2184900,1601183500,1603948800
32,528,241722249594000,2193100,1638054500,1640819800
32,544,241722285861900,2210700,1674322400,1677087700
32,560,241722322401900,2221300,1710862400,1713627700
32,576,241722358394600,2219100,1746855100,1749620400
32,592,241722394602600,2192500,1783063100,1785828400
32,608,241722430760900,2353900,1819221400,1821986700
32,624,241722475450900,2251100,1863911400,1866676700
32,640,241722512651400,2205100,1901111900,1903877200
32,656,241722548210200,2291200,1936670700,1939436000
32,672,241722584708100,2259000,1973168600,1975933900
32,688,241722621108000,2433600,2009568500,2012333800
32,704,241722657669800,2217600,2046130300,2048895600
32,720,241722694505600,2270900,2082966100,2085731400
32,736,241722729830800,2258900,2118291300,2121056600
32,752,241722774287700,2304700,2162748200,2165513500
32,768,241722810171100,2262900,2198631600,2201396900
32,784,241722846612700,2291900,2235073200,2237838500
32,800,241722883188200,2253200,2271648700,2274414000
32,816,241722920853200,2241600,2309313700,2312079000
32,832,241722957230100,2294400,2345690600,2348455900
32,848,241722992480100,2151300,2380940600,2383705900
32,864,241723036253100,2195500,2424713600,2427478900
32,880,241723072831900,2299200,2461292400,2464057700
32,896,241723108554000,2375400,2497014500,2499779800
32,912,241723144824200,2308400,2533284700,2536050000
32,928,241723180637100,2184600,2569097600,2571862900
32,944,241723216439700,2208700,2604900200,2607665500
32,960,241723252486300,2345500,2640946800,2643712100
32,976,241723289552400,2240300,2678012900,2680778200
32,992,241723334303400,2111300,2722763900,2725529200
32,1008,241723369661100,2198600,2758121600,2760886900
32,1024,241723405094900,2286800,2793555400,2796320700
32,1040,241723441185200,2180500,2829645700,2832411000
32,1056,241723476959200,2173300,2865419700,2868185000
32,1072,241723512530200,2229900,2900990700,2903756000
32,1088,241723547578200,2200800,2936038700,2938804000
32,1104,241723587486600,2266200,2975947100,2978712400
32,1120,241723624343900,2829400,3012804400,3015569700
32,1136,241723666516100,2605600,3054976600,3057741900
32,1152,241723709431100,2625700,3097891600,3100656900
32,1168,241723755036300,4274200,3143496800,3146262100
32,1184,241723801030300,2602200,3189490800,3192256100
32,1200,241723848059400,2653700,3236519900,3239285200
32,1216,241723896673600,2979700,3285134100,3287899400
32,1232,241723943296900,2892600,3331757400,3334522700
32,1248,241723991050600,2956700,3379511100,3382276400
32,1264,241724037752500,2806100,3426213000,3428978300
32,1280,241724083691200,2906000,3472151700,3474917000
32,1296,241724129094300,2757000,3517554800,3520320100
32,1312,241724175156900,2880900,3563617400,3566382700
32,1328,241724221054500,7611000,3609515000,3612280300
32,1344,241724271614900,2786600,3660075400,3662840700
32,1360,241724317169900,2898700,3705630400,3708395700
32,1376,241724363425100,2553900,3751885600,3754650900
32,1392,241724406309800,2727000,3794770300,3797535600
32,1408,241724454004200,2910200,3842464700,3845230000
32,1424,241724497777100,2595200,3886237600,3889002900
32,1440,241724541963700,2808100,3930424200,3933189500
32,1456,241724593580900,2967000,3982041400,3984806700
32,1472,241724640102800,2916700,4028563300,4031328600
32,1488,241724687286200,2689200,4075746700,4078512000
32,1504,241724731277500,2623600,4119738000,4122503300
32,1520,241724777184500,2895400,4165645000,4168410300
32,1536,241724826459300,2733400,4214919800,4217685100
32,1552,241724873819000,2757000,4262279500,4265044800
32,1568,241724928873300,3365300,4317333800,4320099100
32,1584,241724982015200,3198400,4370475700,4373241000
32,1600,241725032080700,3123200,4420541200,4423306500
32,1616,241725076467000,2601700,4464927500,4467692800
32,1632,241725123829400,2866900,4512289900,4515055200
32,1648,241725169443200,2605700,4557903700,4560669000
32,1664,241725213936700,2883300,4602397200,4605162500
32,1680,241725264724200,2877900,4653184700,4655950000
32,1696,241725310654000,2955200,4699114500,4701879800
32,1712,241725355774800,2578900,4744235300,4747000600
32,1728,241725400404000,2708200,4788864500,4791629800
32,1744,241725445300500,2968400,4833761000,4836526300
32,1760,241725492684700,2867500,4881145200,4883910500
32,1776,241725538473100,2924800,4926933600,4929698900
32,1792,241725589272800,2747100,4977733300,4980498600
32,1808,241725631635600,2574100,5020096100,5022861400
32,1824,241725676655100,2947300,5065115600,5067880900
32,1840,241725721038600,2740100,5109499100,5112264400
32,1856,241725770065400,2758400,5158525900,5161291200
32,1872,241725814499800,2784400,5202960300,5205725600
32,1888,241725858309200,2768200,5246769700,5249535000
32,1904,241725904185000,2912300,5292645500,5295410800
32,1920,241725952717000,2799200,5341177500,5343942800
32,1936,241725995846400,2747400,5384306900,5387072200
32,1952,241726043108500,2633400,5431569000,5434334300
32,1968,241726084984900,2610300,5473445400,5476210700
32,1984,241726126961400,2639600,5515421900,5518187200
32,2000,241726170259600,2949200,5558720100,5561485400
32,2016,241726213115700,2898000,5601576200,5604341500
32,2032,241726261712900,2594400,5650173400,5652938700
33,1,241720738034000,5383000,126494500,129259800
33,17,241720816298200,4146400,204758700,207524000
33,33,241720890436100,3630500,278896600,281661900
33,49,241720955188500,4035100,343649000,346414300
33,65,241721014950700,4096800,403411200,406176500
33,81,241721068276200,3801800,456736700,459502000
33,97,241721124038900,2508700,512499400,515264700
33,113,241721193705800,2597400,582166300,584931600
33,129,241721242871200,4428800,631331700,634097000
33,145,241721298094000,3092700,686554500,689319800
33,161,241721354025900,2948000,742486400,745251700
33,177,241721409116500,2442500,797577000,800342300
33,193,241721448134400,2281800,836594900,839360200
33,209,241721485182700,2326100,873643200,876408500
33,225,241721521870400,2282900,910330900,913096200
33,241,241721566885300,2315500,955345800,958111100
33,257,241721603577300,2232600,992037800,994803100
33,273,241721641268400,2607700,1029728900,1032494200
33,289,241721684734600,3197100,1073195100,1075960400
33,305,241721724436500,2275700,1112897000,1115662300
33,321,241721762171200,2460700,1150631700,1153397000
33,337,241721799649800,2331600,1188110300,1190875600
33,353,241721837074600,2227700,1225535100,1228300400
33,369,241721880897900,2311800,1269358400,1272123700
33,385,241721918550500,2351900,1307011000,1309776300
33,401,241721954882500,2307900,1343343000,1346108300
33,417,241721992103600,2279700,1380564100,1383329400
33,433,241722029399300,2311100,1417859800,1420625100
33,449,241722066393700,2200700,1454854200,1457619500
33,465,241722104849300,2263200,1493309800,1496075100
33,481,241722141560400,2273100,1530020900,1532786200
33,497,241722184773400,2198300,1573233900,1575999200
33,513,241722220889800,2263600,1609350300,1612115600
33,529,241722258167100,2336100,1646627600,1649392900
33,545,241722294640000,2255300,1683100500,1685865800
33,561,241722330892600,2234100,1719353100,1722118400
33,577,241722367206600,2216000,1755667100,1758432400
33,593,241722403208300,2130800,1791668800,1794434100
33,609,241722439375200,2326800,1827835700,1830601000
33,625,241722484151500,2225600,1872612000,1875377300
33,641,241722521015200,2181300,1909475700,1912241000
33,657,241722557034900,2417800,1945495400,1948260700
33,673,241722593549300,2229500,1982009800,1984775100
33,689,241722629883500,2250600,2018344000,2021109300
33,705,241722666134700,2351400,2054595200,2057360500
33,721,241722703105700,2198500,2091566200,2094331500
33,737,241722738420300,2220800,2126880800,2129646100
33,753,241722782785800,2239700,2171246300,2174011600
33,769,241722818450500,2224200,2206911000,2209676300
33,785,241722854970800,2172200,2243431300,2246196600
33,801,241722891621200,2242800,2280081700,2282847000
33,817,241722928385200,2202900,2316845700,2319611000
33,833,241722964763100,2181600,2353223600,2355988900
33,849,241722999936800,2401700,2388397300,2391162600
33,865,241723043556100,2548200,2432016600,2434781900
33,881,241723080463000,2178000,2468923500,2471688800
33,897,241723116522600,2246100,2504983100,2507748400
33,913,241723152448500,2178500,2540909000,2543674300
33,929,241723187935300,2243100,2576395800,2579161100
33,945,241723223946000,2221700,2612406500,2615171800
33,961,241723260363500,2294300,2648824000,2651589300
33,977,241723305013100,2184000,2693473600,2696238900
33,993,241723340376200,2383900,2728836700,2731602000
33,1009,241723375992600,2200400,2764453100,2767218400
33,1025,241723411313000,2190300,2799773500,2802538800
33,1041,241723447328700,2200300,2835789200,2838554500
33,1057,241723483026900,2186500,2871487400,2874252700
33,1073,241723518651400,2256000,2907111900,2909877200
33,1089,241723553445900,2152100,2941906400,2944671700
33,1105,241723593573800,2207400,2982034300,2984799600
33,1121,241723631790200,2591200,3020250700,3023016000
33,1137,241723673783000,2629000,3062243500,3065008800
33,1153,241723716639600,2603700,3105100100,3107865400
33,1169,241723763916600,2609000,3152377100,3155142400
33,1185,241723806880500,2629400,3195341000,3198106300
33,1201,241723854059400,2701700,3242519900,3245285200
33,1217,241723903145600,3121200,3291606100,3294371400
33,1233,241723949813500,2894000,3338274000,3341039300
33,1249,241723997529500,2951700,3385990000,3388755300
33,1265,241724044086300,2800000,3432546800,3435312100
33,1281,241724090283200,2889300,3478743700,3481509000
33,1297,241724135416800,2810900,3523877300,3526642600
33,1313,241724181560400,2922600,3570020900,3572786200
33,1329,241724233279800,3071000,3621740300,3624505600
33,1345,241724278256800,2739000,3666717300,3669482600
33,1361,241724323757200,2966300,3712217700,3714983000
33,1377,241724369275900,2640500,3757736400,3760501700
33,1393,241724412531800,2734000,3800992300,3803757600
33,1409,241724460643400,2753700,3849103900,3851869200
33,1425,241724503584100,2566900,3892044600,3894809900
33,1441,241724548497300,2987500,3936957800,3939723100
33,1457,241724600255400,2940100,3988715900,3991481200
33,1473,241724646700000,3244800,4035160500,4037925800
33,1489,241724693577000,2799700,4082037500,4084802800
33,1505,241724737608900,2753800,4126069400,4128834700
33,1521,241724783673500,2962500,4172134000,4174899300
33,1537,241724831592300,3492500,4220052800,4222818100
33,1553,241724879089400,2997700,4267549900,4270315200
33,1569,241724935353600,3326100,4323814100,4326579400
33,1585,241724988294200,3276000,4376754700,4379520000
33,1601,241725038125100,3082100,4426585600,4429350900
33,1617,241725081549800,2637800,4470010300,4472775600
33,1633,241725129504500,2938800,4517965000,4520730300
33,1649,241725174653000,2599200,4563113500,4565878800
33,1665,241725219514300,3006100,4607974800,4610740100
33,1681,241725270277400,2922600,4658737900,4661503200
33,1697,241725316324100,3017400,4704784600,4707549900
33,1713,241725362904200,2676400,4751364700,4754130000
33,1729,241725407810900,2754500,4796271400,4799036700
33,1745,241725453245800,2924100,4841706300,4844471600
33,1761,241725500391800,2874700,4888852300,4891617600
33,1777,241725546314100,2868400,4934774600,4937539900
33,1793,241725596794100,2632900,4985254600,4988019900
33,1809,241725638865400,2654600,5027325900,5030091200
33,1825,241725684226800,2726400,5072687300,5075452600
33,1841,241725730542400,4818100,5119002900,5121768200
33,1857,241725777646700,2781000,5166107200,5168872500
33,1873,241725822004000,2819100,5210464500,5213229800
33,1889,241725867133200,2669800,5255593700,5258359000
33,1905,241725912936900,2699300,5301397400,5304162700
33,1921,241725961821000,2722500,5350281500,5353046800
33,1937,241726004507700,2712500,5392968200,5395733500
33,1953,241726049689300,2555700,5438149800,5440915100
33,1969,241726091487100,2588200,5479947600,5482712900
33,1985,241726133516200,2797800,5521976700,5524742000
33,2001,241726177081600,2696200,5565542100,5568307400
33,2017,241726220413200,2866000,5608873700,5611639000
33,2033,241726268028500,2570300,5656489000,5659254300
34,2,241720743353700,5802000,131814200,134579500
34,18,241720820222800,4242800,208683300,211448600
34,34,241720893892200,3269000,282352700,285118000
34,50,241720958919600,4786500,347380100,350145400
34,66,241721018818000,3959300,407278500,410043800
34,82,241721071873800,4436000,460334300,463099600
34,98,241721126242900,3084600,514703400,517468700
34,114,241721194100000,2578700,582560500,585325800
34,130,241721243275200,4330600,631735700,634501000
34,146,241721298383100,3081800,686843600,689608900
34,162,241721354268500,3074800,742729000,745494300
34,178,241721409325000,2427900,797785500,800550800
34,194,241721448226600,2286800,836687100,839452400
34,210,241721485246000,2328900,873706500,876471800
34,226,241721521931700,2287600,910392200,913157500
34,242,241721566960100,2306900,955420600,958185900
34,258,241721603639700,2231700,992100200,994865500
34,274,241721641366100,2607600,1029826600,1032591900
34,290,241721684768200,3208300,1073228700,1075994000
34,306,241721724468300,2275800,1112928800,1115694100
34,322,241721762136200,2462200,1150596700,1153362000
34,338,241721799616500,2328400,1188077000,1190842300
34,354,241721837041000,2229800,1225501500,1228266800
34,370,241721881031100,2307300,1269491600,1272256900
34,386,241721918805700,2354100,1307266200,1310031500
34,402,241721955169200,2330200,1343629700,1346395000
34,418,241721992392300,2265600,1380852800,1383618100
34,434,241722029673400,2320700,1418133900,1420899200
34,450,241722066664500,2209600,1455125000,1457890300
34,466,241722103596600,2324700,1492057100,1494822400
34,482,241722140323900,2292100,1528784400,1531549700
34,498,241722183512600,2248200,1571973100,1574738400
34,514,241722219719500,2155300,1608180000,1610945300
34,530,241722256886200,2285000,1645346700,1648112000
34,546,241722293213500,2365900,1681674000,1684439300
34,562,241722329647200,2243200,1718107700,1720873000
34,578,241722365840700,2360500,1754301200,1757066500
34,594,241722402042600,2117400,1790503100,1793268400
34,610,241722438114900,2198500,1826575400,1829340700
34,626,241722482869100,2236500,1871329600,1874094900
34,642,241722518628900,2184000,1907089400,1909854700
34,658,241722554542000,2342300,1943002500,1945767800
34,674,241722591155400,2242000,1979615900,1982381200
34,690,241722627526800,2233400,2015987300,2018752600
34,706,241722663779100,2199600,2052239600,2055004900
34,722,241722700774800,2210600,2089235300,2092000600
34,738,241722736061300,2213800,2124521800,2127287100
34,754,241722780358900,2244300,2168819400,2171584700
34,770,241722816080400,2214700,2204540900,2207306200
34,786,241722852610500,2213200,2241071000,2243836300
34,802,241722889262500,2237100,2277723000,2280488300
34,818,241722925859200,2183600,2314319700,2317085000
34,834,241722962435400,2196400,2350895900,2353661200
34,850,241722997368400,2389900,2385828900,2388594200
34,866,241723041134700,2178400,2429595200,2432360500
34,882,241723077899900,2288500,2466360400,2469125700
34,898,241723114010400,2324700,2502470900,2505236200
34,914,241723149966800,2240300,2538427300,2541192600
34,930,241723185521000,2168600,2573981500,2576746800
34,946,241723221476400,2223400,2609936900,2612702200
34,962,241723257805000,2333800,2646265500,2649030800
34,978,241723294758100,10059700,2683218600,2685983900
34,994,241723338312600,2167900,2726773100,2729538400
34,1010,241723373625600,2271800,2762086100,2764851400
34,1026,241723409335300,2215100,2797795800,2800561100
34,1042,241723445232000,2373400,2833692500,2836457800
34,1058,241723480980400,2225600,2869440900,2872206200
34,1074,241723516588100,2247700,2905048600,2907813900
34,1090,241723551512100,2106300,2939972600,2942737900
34,1106,241723591584500,2139200,2980045000,2982810300
34,1122,241723629449600,2629900,3017910100,3020675400
34,1138,241723671405100,2661800,3059865600,3062630900
34,1154,241723714363000,2632500,3102823500,3105588800
34,1170,241723762289800,2425800,3150750300,3153515600
34,1186,241723805036600,2653200,3193497100,3196262400
34,1202,241723851838700,2995900,3240299200,3243064500
34,1218,241723901092300,2987500,3289552800,3292318100
34,1234,241723947698500,2936000,3336159000,3338924300
34,1250,241723995541700,2920600,3384002200,3386767500
34,1266,241724042164300,2880100,3430624800,3433390100
34,1282,241724088267100,2947300,3476727600,3479492900
34,1298,241724133413100,2922700,3521873600,3524638900
34,1314,241724179596000,2878800,3568056500,3570821800
34,1330,241724230645100,3825400,3619105600,3621870900
34,1346,241724276397400,2877700,3664857900,3667623200
34,1362,241724321918500,2966600,3710379000,3713144300
34,1378,241724367636300,2609900,3756096800,3758862100
34,1394,241724410745200,2805300,3799205700,3801971000
34,1410,241724458708200,2945300,3847168700,3849934000
34,1426,241724501953200,2568400,3890413700,3893179000
34,1442,241724546502900,3007700,3934963400,3937728700
34,1458,241724598333400,2948400,3986793900,3989559200
34,1474,241724644772200,3076200,4033232700,4035998000
34,1490,241724691694700,2778300,4080155200,4082920500
34,1506,241724735641200,2901600,4124101700,4126867000
34,1522,241724781647100,2946500,4170107600,4172872900
34,1538,241724827278500,2735500,4215739000,4218504300
34,1554,241724874802100,2726400,4263262600,4266027900
34,1570,241724929969200,3386000,4318429700,4321195000
34,1586,241724983098700,3327500,4371559200,4374324500
34,1602,241725033127000,3127300,4421587500,4424352800
34,1618,241725077381500,2583000,4465842000,4468607300
34,1634,241725124763400,2978900,4513223900,4515989200
34,1650,241725170299500,2613200,4558760000,4561525300
34,1666,241725214932600,2878700,4603393100,4606158400
34,1682,241725265873800,2923000,4654334300,4657099600
34,1698,241725311877500,2943500,4700338000,4703103300
34,1714,241725356563100,2580500,4745023600,4747788900
34,1730,241725401246800,2709400,4789707300,4792472600
34,1746,241725446140200,2942500,4834600700,4837366000
34,1762,241725493531300,2865200,4881991800,4884757100
34,1778,241725539389300,2885700,4927849800,4930615100
34,1794,241725590168700,2705100,4978629200,4981394500
34,1810,241725632450000,2662700,5020910500,5023675800
34,1826,241725677522800,2871200,5065983300,5068748600
34,1842,241725721822100,2746400,5110282600,5113047900
34,1858,241725770823100,2865500,5159283600,5162048900
34,1874,241725815272200,2788400,5203732700,5206498000
34,1890,241725860103100,2759200,5248563600,5251328900
34,1906,241725905985400,2768600,5294445900,5297211200
34,1922,241725954477200,2760700,5342937700,5345703000
34,1938,241725997540400,2772300,5386000900,5388766200
34,1954,241726041394500,2624100,5429855000,5432620300
34,1970,241726083339400,2554800,5471799900,5474565200
34,1986,241726125266100,2611500,5513726600,5516491900
34,2002,241726168438700,2940800,5556899200,5559664500
34,2018,241726211425700,2578900,5599886200,5602651500
34,2034,241726259970800,2585600,5648431300,5651196600
35,3,241720749046000,5912300,137506500,140271800
35,19,241720824592900,4312900,213053400,215818700
35,35,241720897378400,3748600,285838900,288604200
35,51,241720963974200,4227300,352434700,355200000
35,67,241721022905500,3285200,411366000,414131300
35,83,241721076512400,4389300,464972900,467738200
35,99,241721129515000,3484700,517975500,520740800
35,115,241721195324000,2482200,583784500,586549800
35,131,241721245261100,3647600,633721600,636486900
35,147,241721299954500,3160600,688415000,691180300
35,163,241721355539900,3726100,744000400,746765700
35,179,241721410553200,2758400,799013700,801779000
35,195,241721449420400,2370200,837880900,840646200
35,211,241721486491100,2268800,874951600,877716900
35,227,241721523127100,2257600,911587600,914352900
35,243,241721568248000,2281800,956708500,959473800
35,259,241721604888700,2243000,993349200,996114500
35,275,241721642895900,2456300,1031356400,1034121700
35,291,241721686070700,3014600,1074531200,1077296500
35,307,241721725427200,2263200,1113887700,1116653000
35,323,241721763335100,2337600,1151795600,1154560900
35,339,241721800718600,2369100,1189179100,1191944400
35,355,241721838046800,2226000,1226507300,1229272600
35,371,241721882126600,2302800,1270587100,1273352400
35,387,241721919775800,2337300,1308236300,1311001600
35,403,241721956094100,2398100,1344554600,1347319900
35,419,241721993391500,2237100,1381852000,1384617300
35,435,241722030674800,2315000,1419135300,1421900600
35,451,241722067629200,2279300,1456089700,1458855000
35,467,241722104878200,2269000,1493338700,1496104000
35,483,241722141531400,2271200,1529991900,1532757200
35,499,241722184803600,2201700,1573264100,1576029400
35,515,241722220919000,2267500,1609379500,1612144800
35,531,241722258050100,2331000,1646510600,1649275900
35,547,241722294556700,2275300,1683017200,1685782500
35,563,241722330816200,2245500,1719276700,1722042000
35,579,241722367175500,2216000,1755636000,1758401300
35,595,241722403178300,2127800,1791638800,1794404100
35,611,241722439347300,2320800,1827807800,1830573100
35,627,241722484121100,2225500,1872581600,1875346900
35,643,241722520027000,2176700,1908487500,1911252800
35,659,241722556062500,2428400,1944523000,1947288300
35,675,241722592583200,2237600,1981043700,1983809000
35,691,241722628975500,2231600,2017436000,2020201300
35,707,241722665251900,2246900,2053712400,2056477700
35,723,241722702204200,2212600,2090664700,2093430000
35,739,241722737575200,2197500,2126035700,2128801000
35,755,241722781858600,2221400,2170319100,2173084400
35,771,241722817521900,2209400,2205982400,2208747700
35,787,241722854070500,2169700,2242531000,2245296300
35,803,241722890739000,2245200,2279199500,2281964800
35,819,241722927190700,2186100,2315651200,2318416500
35,835,241722963786000,2170300,2352246500,2355011800
35,851,241722998776500,2456700,2387237000,2390002300
35,867,241723042501100,2468400,2430961600,2433726900
35,883,241723079464800,2204100,2467925300,2470690600
35,899,241723115534000,2261700,2503994500,2506759800
35,915,241723151485700,2194900,2539946200,2542711500
35,931,241723186964200,2159900,2575424700,2578190000
35,947,241723222956900,2221300,2611417400,2614182700
35,963,241723259334500,2293200,2647795000,2650560300
35,979,241723303990400,2229200,2692450900,2695216200
35,995,241723340403200,2387900,2728863700,2731629000
35,1011,241723375806100,2207800,2764266600,2767031900
35,1027,241723411371200,2195900,2799831700,2802597000
35,1043,241723447357000,2202500,2835817500,2838582800
35,1059,241723482995200,2184800,2871455700,2874221000
35,1075,241723518621800,2244300,2907082300,2909847600
35,1091,241723553389000,2139700,2941849500,2944614800
35,1107,241723593338500,2196100,2981799000,2984564300
35,1123,241723631475100,2580700,3019935600,3022700900
35,1139,241723673450700,2631400,3061911200,3064676500
35,1155,241723716324600,2592700,3104785100,3107550400
35,1171,241723762448600,2433900,3150909100,3153674400
35,1187,241723805221300,2645300,3193681800,3196447100
35,1203,241723851979800,2958600,3240440300,3243205600
35,1219,241723901142500,3000000,3289603000,3292368300
35,1235,241723947800500,2936400,3336261000,3339026300
35,1251,241723995491000,2917300,3383951500,3386716800
35,1267,241724042113800,2878400,3430574300,3433339600
35,1283,241724088214400,2947700,3476674900,3479440200
35,1299,241724133363000,2921000,3521823500,3524588800
35,1315,241724179547400,2878100,3568007900,3570773200
35,1331,241724230557900,3859600,3619018400,3621783700
35,1347,241724277404300,2856300,3665864800,3668630100
35,1363,241724323054700,2980400,3711515200,3714280500
35,1379,241724368675700,2599300,3757136200,3759901500
35,1395,241724411881600,2760000,3800342100,3803107400
35,1411,241724459934900,2830000,3848395400,3851160700
35,1427,241724503046200,2559700,3891506700,3894272000
35,1443,241724547761600,3088900,3936222100,3938987400
35,1459,241724599598700,2943300,3988059200,3990824500
35,1475,241724646041600,3189200,4034502100,4037267400
35,1491,241724692957300,2786100,4081417800,4084183100
35,1507,241724737020600,2741100,4125481100,4128246400
35,1523,241724783015400,2975400,4171475900,4174241200
35,1539,241724831517300,3476700,4219977800,4222743100
35,1555,241724878986900,2952400,4267447400,4270212700
35,1571,241724935219700,3329400,4323680200,4326445500
35,1587,241724988206200,3274600,4376666700,4379432000
35,1603,241725037910700,3073000,4426371200,4429136500
35,1619,241725081381900,2612900,4469842400,4472607700
35,1635,241725129422500,2935400,4517883000,4520648300
35,1651,241725174498200,2610700,4562958700,4565724000
35,1667,241725219355000,2985500,4607815500,4610580800
35,1683,241725270075900,2922500,4658536400,4661301700
35,1699,241725316093600,3044800,4704554100,4707319400
35,1715,241725361337400,2705200,4749797900,4752563200
35,1731,241725406242800,2695400,4794703300,4797468600
35,1747,241725451492700,2936700,4839953200,4842718500
35,1763,241725498734600,2845500,4887195100,4889960400
35,1779,241725544637900,2871200,4933098400,4935863700
35,1795,241725595089800,2816400,4983550300,4986315600
35,1811,241725637347500,2626800,5025808000,5028573300
35,1827,241725682634400,2761700,5071094900,5073860200
35,1843,241725726828800,6696700,5115289300,5118054600
35,1859,241725775951800,2732200,5164412300,5167177600
35,1875,241725820236600,2807900,5208697100,5211462400
35,1891,241725864348600,2751100,5252809100,5255574400
35,1907,241725910191000,2711300,5298651500,5301416800
35,1923,241725958728700,3038500,5347189200,5349954500
35,1939,241726001775200,2771200,5390235700,5393001000
35,1955,241726046490200,2654100,5434950700,5437716000
35,1971,241726088320300,2632700,5476780800,5479546100
35,1987,241726130366300,2618600,5518826800,5521592100
35,2003,241726173979000,2620800,5562439500,5565204800
35,2019,241726216845100,3009300,5605305600,5608070900
35,2035,241726264978600,2592600,5653439100,5656204400
36,4,241720755141400,6490200,143601900,146367200
36,20,241720829042700,4422300,217503200,220268500
36,36,241720901365800,3717600,289826300,292591600
36,52,241720968362000,2926300,356822500,359587800
36,68,241721026485900,2855500,414946400,417711700
36,84,241721081319000,4181600,469779500,472544800
36,100,241721133273600,4901400,521734100,524499400
36,116,241721201049700,2632300,589510200,592275500
36,132,241721252102800,2671600,640563300,643328600
36,148,241721306777900,2503300,695238400,698003700
36,164,241721363266400,2456400,751726900,754492200
36,180,241721416626000,2452900,805086500,807851800
36,196,241721454762400,2282300,843222900,845988200
36,212,241721491669100,2317100,880129600,882894900
36,228,241721528087100,2265400,916547600,919312900
36,244,241721573245800,2298700,961706300,964471600
36,260,241721609823500,2291200,998284000,1001049300
36,276,241721648182300,2432900,1036642800,1039408100
36,292,241721692225000,2370600,1080685500,1083450800
36,308,241721730711000,2376700,1119171500,1121936800
36,324,241721768576700,2331600,1157037200,1159802500
36,340,241721805977100,2273100,1194437600,1197202900
36,356,241721843124600,2250000,1231585100,1234350400
36,372,241721887344800,2272700,1275805300,1278570600
36,388,241721924975500,2387400,1313436000,1316201300
36,404,241721961617000,2191300,1350077500,1352842800
36,420,241721998433000,2250200,1386893500,1389658800
36,436,241722035973400,2381200,1424433900,1427199200
36,452,241722072590000,2498000,1461050500,1463815800
36,468,241722109702800,2172800,1498163300,1500928600
36,484,241722146399200,2200600,1534859700,1537625000
36,500,241722189553600,2251100,1578014100,1580779400
36,516,241722225976300,2787000,1614436800,1617202100
36,532,241722263111300,2242300,1651571800,1654337100
36,548,241722299429900,2199500,1687890400,1690655700
36,564,241722335693500,2410300,1724154000,1726919300
36,580,241722371984600,2276800,1760445100,1763210400
36,596,241722407765700,2293600,1796226200,1798991500
36,612,241722444310500,2266300,1832771000,1835536300
36,628,241722488954800,2211100,1877415300,1880180600
36,644,241722524357500,2205900,1912818000,1915583300
36,660,241722560691100,2203800,1949151600,1951916900
36,676,241722597105800,2278100,1985566300,1988331600
36,692,241722633450900,2478900,2021911400,2024676700
36,708,241722670064000,2292700,2058524500,2061289800
36,724,241722706743800,2217700,2095204300,2097969600
36,740,241722742157100,2156400,2130617600,2133382900
36,756,241722786516500,2204800,2174977000,2177742300
36,772,241722822102800,2271600,2210563300,2213328600
36,788,241722858809300,2315600,2247269800,2250035100
36,804,241722895254200,2232100,2283714700,2286480000
36,820,241722931366100,2183200,2319826600,2322591900
36,836,241722967962500,2224200,2356423000,2359188300
36,852,241723003360700,2245500,2391821200,2394586500
36,868,241723047163200,2279200,2435623700,2438389000
36,884,241723083630800,2158500,2472091300,2474856600
36,900,241723119769900,2203300,2508230400,2510995700
36,916,241723155607200,2285900,2544067700,2546833000
36,932,241723191261200,2282100,2579721700,2582487000
36,948,241723227169400,2250600,2615629900,2618395200
36,964,241723263678600,2291100,2652139100,2654904400
36,980,241723308105500,2155200,2696566000,2699331300
36,996,241723344369200,2217400,2732829700,2735595000
36,1012,241723379864000,2174300,2768324500,2771089800
36,1028,241723415331600,2145000,2803792100,2806557400
36,1044,241723451459800,2276500,2839920300,2842685600
36,1060,241723487120500,2214300,2875581000,2878346300
36,1076,241723522828600,2170100,2911289100,2914054400
36,1092,241723557560400,2204600,2946020900,2948786200
36,1108,241723597718700,2123200,2986179200,2988944500
36,1124,241723636630200,2607500,3025090700,3027856000
36,1140,241723678850100,2624000,3067310600,3070075900
36,1156,241723721585700,2682000,3110046200,3112811500
36,1172,241723768838700,2861300,3157299200,3160064500
36,1188,241723812122000,2728000,3200582500,3203347800
36,1204,241723859054800,2602800,3247515300,3250280600
36,1220,241723908751000,2899000,3297211500,3299976800
36,1236,241723955270900,3068300,3343731400,3346496700
36,1252,241724002952700,2832700,3391413200,3394178500
36,1268,241724049126600,2706400,3437587100,3440352400
36,1284,241724095586100,2883600,3484046600,3486811900
36,1300,241724140713800,2882500,3529174300,3531939600
36,1316,241724186912200,2989300,3575372700,3578138000
36,1332,241724238701300,2765700,3627161800,3629927100
36,1348,241724282579400,2838600,3671039900,3673805200
36,1364,241724328381400,2895200,3716841900,3719607200
36,1380,241724373375700,2648600,3761836200,3764601500
36,1396,241724416814000,2742500,3805274500,3808039800
36,1412,241724464959400,2992300,3853419900,3856185200
36,1428,241724507704800,2608300,3896165300,3898930600
36,1444,241724553093200,2751100,3941553700,3944319000
36,1460,241724604853300,2968200,3993313800,3996079100
36,1476,241724651693600,3023500,4040154100,4042919400
36,1492,241724697905200,2846400,4086365700,4089131000
36,1508,241724741870000,2679700,4130330500,4133095800
36,1524,241724788247600,4349700,4176708100,4179473400
36,1540,241724837198200,3109300,4225658700,4228424000
36,1556,241724884081200,2650800,4272541700,4275307000
36,1572,241724940929000,3273600,4329389500,4332154800
36,1588,241724993842100,3257400,4382302600,4385067900
36,1604,241725043284100,3126000,4431744600,4434509900
36,1620,241725085954700,2618600,4474415200,4477180500
36,1636,241725134515700,2909600,4522976200,4525741500
36,1652,241725179103100,2716800,4567563600,4570328900
36,1668,241725224614500,2871700,4613075000,4615840300
36,1684,241725275201700,2949600,4663662200,4666427500
36,1700,241725321307000,2889900,4709767500,4712532800
36,1716,241725364789500,2674100,4753250000,4756015300
36,1732,241725409656300,2780700,4798116800,4800882100
36,1748,241725455238300,2954900,4843698800,4846464100
36,1764,241725502298500,2897400,4890759000,4893524300
36,1780,241725548231900,2865800,4936692400,4939457700
36,1796,241725598554600,2606800,4987015100,4989780400
36,1812,241725640650400,2633300,5029110900,5031876200
36,1828,241725686075500,2711700,5074536000,5077301300
36,1844,241725734401100,2767300,5122861600,5125626900
36,1860,241725779501900,2718900,5167962400,5170727700
36,1876,241725823882500,2773000,5212343000,5215108300
36,1892,241725868798600,2720500,5257259100,5260024400
36,1908,241725914567800,2704300,5303028300,5305793600
36,1924,241725963464400,2721600,5351924900,5354690200
36,1940,241726006233200,2855300,5394693700,5397459000
36,1956,241726052955600,2636200,5441416100,5444181400
36,1972,241726094753300,2582200,5483213800,5485979100
36,1988,241726137094700,2747900,5525555200,5528320500
36,2004,241726180562900,2836500,5569023400,5571788700
36,2020,241726224102000,2776300,5612562500,5615327800
36,2036,241726271343300,2616300,5659803800,5662569100
37,5,241720761895100,6261000,150355600,153120900
37,21,241720833855000,4780100,222315500,225080800
37,37,241720905224700,4438000,293685200,296450500
37,53,241720971336300,2839200,359796800,362562100
37,69,241721029382100,3866600,417842600,420607900
37,85,241721085586100,4260700,474046600,476811900
37,101,241721138418400,4192200,526878900,529644200
37,117,241721202518800,3381000,590979300,593744600
37,133,241721253691200,2600300,642151700,644917000
37,149,241721308251400,2971500,696711900,699477200
37,165,241721364666700,2469300,753127200,755892500
37,181,241721417997300,2486800,806457800,809223100
37,197,241721456056900,2281700,844517400,847282700
37,213,241721493011400,2359200,881471900,884237200
37,229,241721529415400,2281600,917875900,920641200
37,245,241721574782800,2354100,963243300,966008600
37,261,241721611272500,2275900,999733000,1002498300
37,277,241721649698300,2494300,1038158800,1040924100
37,293,241721692806200,2402500,1081266700,1084032000
37,309,241721731259000,2362500,1119719500,1122484800
37,325,241721769171300,2369200,1157631800,1160397100
37,341,241721806566600,2274300,1195027100,1197792400
37,357,241721843658300,2254200,1232118800,1234884100
37,373,241721887962600,2281000,1276423100,1279188400
37,389,241721925650200,2304000,1314110700,1316876000
37,405,241721962166500,2187200,1350627000,1353392300
37,421,241721998971700,2273300,1387432200,1390197500
37,437,241722036598700,2386800,1425059200,1427824500
37,453,241722073353700,2264400,1461814200,1464579500
37,469,241722110812800,2277800,1499273300,1502038600
37,485,241722147525200,2288400,1535985700,1538751000
37,501,241722190665300,2399900,1579125800,1581891100
37,517,241722227340800,2840000,1615801300,1618566600
37,533,241722264206600,2227700,1652667100,1655432400
37,549,241722300492700,2256500,1688953200,1691718500
37,565,241722336754300,2437000,1725214800,1727980100
37,581,241722373080500,2334500,1761541000,1764306300
37,597,241722408790400,2341800,1797250900,1800016200
37,613,241722445296700,2297200,1833757200,1836522500
37,629,241722490040300,2199900,1878500800,1881266100
37,645,241722526507800,2341400,1914968300,1917733600
37,661,241722562865600,2210900,1951326100,1954091400
37,677,241722599293000,2224400,1987753500,1990518800
37,693,241722635831000,2503900,2024291500,2027056800
37,709,241722672181400,2256400,2060641900,2063407200
37,725,241722708757000,2190800,2097217500,2099982800
37,741,241722744043900,9455400,2132504400,2135269700
37,757,241722788518700,2177300,2176979200,2179744500
37,773,241722824253500,2215200,2212714000,2215479300
37,789,241722861001100,2348200,2249461600,2252226900
37,805,241722897428900,2271800,2285889400,2288654700
37,821,241722933406800,2416500,2321867300,2324632600
37,837,241722970032000,2170300,2358492500,2361257800
37,853,241723005457000,2224400,2393917500,2396682800
37,869,241723049137200,2258200,2437597700,2440363000
37,885,241723085529300,2184600,2473989800,2476755100
37,901,241723121709100,2204600,2510169600,2512934900
37,917,241723157713100,2213600,2546173600,2548938900
37,933,241723193360900,2224900,2581821400,2584586700
37,949,241723229237700,2215700,2617698200,2620463500
37,965,241723265783300,2334700,2654243800,2657009100
37,981,241723310103500,2416700,2698564000,2701329300
37,997,241723344824100,2219100,2733284600,2736049900
37,1013,241723380156400,2170800,2768616900,2771382200
37,1029,241723415453200,2143900,2803913700,2806679000
37,1045,241723451849500,2305300,2840310000,2843075300
37,1061,241723487508000,2204800,2875968500,2878733800
37,1077,241723523176200,2304700,2911636700,2914402000
37,1093,241723557962700,2178900,2946423200,2949188500
37,1109,241723597958700,2101000,2986419200,2989184500
37,1125,241723636957400,2602000,3025417900,3028183200
37,1141,241723679172400,2620400,3067632900,3070398200
37,1157,241723721991500,2703000,3110452000,3113217300
37,1173,241723769390100,2837700,3157850600,3160615900
37,1189,241723812682200,2695100,3201142700,3203908000
37,1205,241723859662500,2586100,3248123000,3250888300
37,1221,241723909408800,2874200,3297869300,3300634600
37,1237,241723955924300,3135500,3344384800,3347150100
37,1253,241724003586500,2849000,3392047000,3394812300
37,1269,241724049747600,2725900,3438208100,3440973400
37,1285,241724096347100,2880000,3484807600,3487572900
37,1301,241724141484800,2876900,3529945300,3532710600
37,1317,241724187697000,2965700,3576157500,3578922800
37,1333,241724239361900,2750900,3627822400,3630587700
37,1349,241724284063600,2814500,3672524100,3675289400
37,1365,241724329871500,2943000,3718332000,3721097300
37,1381,241724374725600,2707500,3763186100,3765951400
37,1397,241724418192900,2777400,3806653400,3809418700
37,1413,241724466596600,2826800,3855057100,3857822400
37,1429,241724508956600,2676900,3897417100,3900182400
37,1445,241724554435000,2720200,3942895500,3945660800
37,1461,241724606310400,2939300,3994770900,3997536200
37,1477,241724653136100,3013000,4041596600,4044361900
37,1493,241724699264500,2875000,4087725000,4090490300
37,1509,241724743186500,2729300,4131647000,4134412300
37,1525,241724789600300,2764500,4178060800,4180826100
37,1541,241724837029400,3098800,4225489900,4228255200
37,1557,241724884017900,2634500,4272478400,4275243700
37,1573,241724940841200,3265300,4329301700,4332067000
37,1589,241724993760900,3242800,4382221400,4384986700
37,1605,241725043198900,3123800,4431659400,4434424700
37,1621,241725085892900,2610200,4474353400,4477118700
37,1637,241725134353300,2910800,4522813800,4525579100
37,1653,241725178926900,2747400,4567387400,4570152700
37,1669,241725224456400,2868900,4612916900,4615682200
37,1685,241725275081200,2949600,4663541700,4666307000
37,1701,241725321186400,2883800,4709646900,4712412200
37,1717,241725364948300,2655500,4753408800,4756174100
37,1733,241725409844100,2783100,4798304600,4801069900
37,1749,241725455440700,2952600,4843901200,4846666500
37,1765,241725502551000,2897700,4891011500,4893776800
37,1781,241725548468200,2865800,4936928700,4939694000
37,1797,241725598715800,2619000,4987176300,4989941600
37,1813,241725640828800,2626500,5029289300,5032054600
37,1829,241725686257300,2708000,5074717800,5077483100
37,1845,241725734604700,2762000,5123065200,5125830500
37,1861,241725779704200,2693400,5168164700,5170930000
37,1877,241725824072900,2776800,5212533400,5215298700
37,1893,241725869731200,2742400,5258191700,5260957000
37,1909,241725915527700,2712800,5303988200,5306753500
37,1925,241725964443500,2646600,5352904000,5355669300
37,1941,241726007146900,2893100,5395607400,5398372700
37,1957,241726051645400,2607300,5440105900,5442871200
37,1973,241726093479600,2569400,5481940100,5484705400
37,1989,241726135647200,2887100,5524107700,5526873000
37,2005,241726179214300,2704600,5567674800,5570440100
37,2021,241726222711100,2792100,5611171600,5613936900
37,2037,241726270082000,2576000,5658542500,5661307800
38,6,241720768012600,6164200,156473100,159238400
38,22,241720838358700,4575600,226819200,229584500
38,38,241720909440500,4333000,297901000,300666300
38,54,241720974021600,2766400,362482100,365247400
38,70,241721033101400,2838100,421561900,424327200
38,86,241721089607700,4388300,478068200,480833500
38,102,241721142333500,3850400,530794000,533559300
38,118,241721205344900,3160500,593805400,596570700
38,134,241721255882100,2976800,644342600,647107900
38,150,241721310879300,2489800,699339800,702105100
38,166,241721366791700,2488100,755252200,758017500
38,182,241721420128900,2407700,808589400,811354700
38,198,241721458057200,2376800,846517700,849283000
38,214,241721495063300,2253100,883523800,886289100
38,230,241721531460900,2386000,919921400,922686700
38,246,241721576778900,2267800,965239400,968004700
38,262,241721613321100,2269200,1001781600,1004546900
38,278,241721651915700,2730200,1040376200,1043141500
38,294,241721694924300,2405700,1083384800,1086150100
38,310,241721733374700,2482900,1121835200,1124600500
38,326,241721771213800,2347400,1159674300,1162439600
38,342,241721808505300,2335100,1196965800,1199731100
38,358,241721845529000,2422600,1233989500,1236754800
38,374,241721889806500,2298300,1278267000,1281032300
38,390,241721927522200,2309100,1315982700,1318748000
38,406,241721963961800,2233600,1352422300,1355187600
38,422,241722000814000,2314400,1389274500,1392039800
38,438,241722038558200,2372900,1427018700,1429784000
38,454,241722075314600,2215500,1463775100,1466540400
38,470,241722113464100,2396900,1501924600,1504689900
38,486,241722150232500,2284400,1538693000,1541458300
38,502,241722193463200,2550300,1581923700,1584689000
38,518,241722230549400,2248900,1619009900,1621775200
38,534,241722266842600,2315800,1655303100,1658068400
38,550,241722303173400,2269600,1691633900,1694399200
38,566,241722339615900,2230900,1728076400,1730841700
38,582,241722375876200,2258500,1764336700,1767102000
38,598,241722411599200,2176400,1800059700,1802825000
38,614,241722448170000,2380300,1836630500,1839395800
38,630,241722492669700,2368800,1881130200,1883895500
38,646,241722529151200,2224200,1917611700,1920377000
38,662,241722565379900,2274700,1953840400,1956605700
38,678,241722601875800,2207800,1990336300,1993101600
38,694,241722638708800,2226200,2027169300,2029934600
38,710,241722674792600,2241300,2063253100,2066018400
38,726,241722711324100,2133900,2099784600,2102549900
38,742,241722753962200,2307400,2142422700,2145188000
38,758,241722791076000,2163800,2179536500,2182301800
38,774,241722826816200,2395700,2215276700,2218042000
38,790,241722863756600,2323900,2252217100,2254982400
38,806,241722900101400,2233000,2288561900,2291327200
38,822,241722936675700,2223700,2325136200,2327901500
38,838,241722972958700,2139200,2361419200,2364184500
38,854,241723008491900,2395000,2396952400,2399717700
38,870,241723052293400,2192700,2440753900,2443519200
38,886,241723088555400,2147700,2477015900,2479781200
38,902,241723124715100,2254700,2513175600,2515940900
38,918,241723160636300,2157400,2549096800,2551862100
38,934,241723196297700,2248100,2584758200,2587523500
38,950,241723232138400,2210200,2620598900,2623364200
38,966,241723268853000,2431400,2657313500,2660078800
38,982,241723313299600,2376500,2701760100,2704525400
38,998,241723349668800,2143100,2738129300,2740894600
38,1014,241723384955400,2124600,2773415900,2776181200
38,1030,241723420485000,2231500,2808945500,2811710800
38,1046,241723456819900,2249400,2845280400,2848045700
38,1062,241723492242500,2238100,2880703000,2883468300
38,1078,241723527973700,2156700,2916434200,2919199500
38,1094,241723562490900,7173500,2950951400,2953716700
38,1110,241723602433800,2127300,2990894300,2993659600
38,1126,241723642542800,2577100,3031003300,3033768600
38,1142,241723684812300,2984300,3073272800,3076038100
38,1158,241723727893900,2726500,3116354400,3119119700
38,1174,241723775676800,2598200,3164137300,3166902600
38,1190,241723818870800,2696000,3207331300,3210096600
38,1206,241723865579600,2604500,3254040100,3256805400
38,1222,241723915849700,2883700,3304310200,3307075500
38,1238,241723962736300,3271700,3351196800,3353962100
38,1254,241724010063400,2862300,3398523900,3401289200
38,1270,241724055832600,2898500,3444293100,3447058400
38,1286,241724102569800,2947400,3491030300,3493795600
38,1302,241724147734500,2868900,3536195000,3538960300
38,1318,241724193878900,2711900,3582339400,3585104700
38,1334,241724245477800,2730800,3633938300,3636703600
38,1350,241724290162700,2713300,3678623200,3681388500
38,1366,241724336339100,2896400,3724799600,3727564900
38,1382,241724380822800,2654800,3769283300,3772048600
38,1398,241724424406200,2754800,3812866700,3815632000
38,1414,241724472745200,2712400,3861205700,3863971000
38,1430,241724515031400,2912200,3903491900,3906257200
38,1446,241724565813900,2836300,3954274400,3957039700
38,1462,241724612979000,2964200,4001439500,4004204800
38,1478,241724659862000,2945600,4048322500,4051087800
38,1494,241724705686000,2708600,4094146500,4096911800
38,1510,241724749526600,2802200,4137987100,4140752400
38,1526,241724796497000,2834900,4184957500,4187722800
38,1542,241724844082300,2821300,4232542800,4235308100
38,1558,241724890278300,3064500,4278738800,4281504100
38,1574,241724948399100,3258500,4336859600,4339624900
38,1590,241725001218400,3159400,4389678900,4392444200
38,1606,241725050123400,2582300,4438583900,4441349200
38,1622,241725092008700,4959900,4480469200,4483234500
38,1638,241725141109400,2921800,4529569900,4532335200
38,1654,241725185288800,2611500,4573749300,4576514600
38,1670,241725231062000,2825500,4619522500,4622287800
38,1686,241725281666100,2723300,4670126600,4672891900
38,1702,241725327834500,2704200,4716295000,4719060300
38,1718,241725373158900,2586800,4761619400,4764384700
38,1734,241725418384200,2754200,4806844700,4809610000
38,1750,241725464562300,2907600,4853022800,4855788100
38,1766,241725511570800,2851900,4900031300,4902796600
38,1782,241725557481900,2884900,4945942400,4948707700
38,1798,241725606836100,2626400,4995296600,4998061900
38,1814,241725649141700,2634900,5037602200,5040367500
38,1830,241725694809600,2864100,5083270100,5086035400
38,1846,241725743543700,2809200,5132004200,5134769500
38,1862,241725788248900,2762900,5176709400,5179474700
38,1878,241725832763500,2721900,5221224000,5223989300
38,1894,241725877651900,2882800,5266112400,5268877700
38,1910,241725928020600,2767800,5316481100,5319246400
38,1926,241725971775200,2748400,5360235700,5363001000
38,1942,241726018428300,2750600,5406888800,5409654100
38,1958,241726060910200,2620700,5449370700,5452136000
38,1974,241726102645900,2711000,5491106400,5493871700
38,1990,241726145348400,2652700,5533808900,5536574200
38,2006,241726189068500,2644300,5577529000,5580294300
38,2022,241726232565400,2736400,5621025900,5623791200
38,2038,241726279422400,2619000,5667882900,5670648200
39,7,241720774595900,6322300,163056400,165821700
39,23,241720843028000,5234200,231488500,234253800
39,39,241720914005800,4468600,302466300,305231600
39,55,241720976973000,3278300,365433500,368198800
39,71,241721036124000,2750600,424584500,427349800
39,87,241721094335000,4242900,482795500,485560800
39,103,241721146584700,3934000,535045200,537810500
39,119,241721208871700,2884200,597332200,600097500
39,135,241721259179600,3262800,647640100,650405400
39,151,241721313686500,3265200,702147000,704912300
39,167,241721369765200,3478100,758225700,760991000
39,183,241721422842000,2314400,811302500,814067800
39,199,241721460700600,2282000,849161100,851926400
39,215,241721497599700,2309500,886060200,888825500
39,231,241721534067800,2281500,922528300,925293600
39,247,241721579267900,2282900,967728400,970493700
39,263,241721615747200,2278600,1004207700,1006973000
39,279,241721654829600,2913800,1043290100,1046055400
39,295,241721697658500,2368600,1086119000,1088884300
39,311,241721736341100,2312400,1124801600,1127566900
39,327,241721773995000,2305200,1162455500,1165220800
39,343,241721811308900,2404600,1199769400,1202534700
39,359,241721848509800,2467800,1236970300,1239735600
39,375,241721892602400,2306300,1281062900,1283828200
39,391,241721930291400,2206300,1318751900,1321517200
39,407,241721966677800,2223400,1355138300,1357903600
39,423,241722003644500,2250800,1392105000,1394870300
39,439,241722041441500,2293100,1429902000,1432667300
39,455,241722078054300,2245200,1466514800,1469280100
39,471,241722116137000,2311000,1504597500,1507362800
39,487,241722152907200,2257200,1541367700,1544133000
39,503,241722196554800,2259400,1585015300,1587780600
39,519,241722233328700,2275900,1621789200,1624554500
39,535,241722269677700,2248300,1658138200,1660903500
39,551,241722306010500,2284000,1694471000,1697236300
39,567,241722342442700,2247000,1730903200,1733668500
39,583,241722378690800,2234200,1767151300,1769916600
39,599,241722414305300,2395200,1802765800,1805531100
39,615,241722451141900,2314800,1839602400,1842367700
39,631,241722495116000,2510400,1883576500,1886341800
39,647,241722531410600,2215700,1919871100,1922636400
39,663,241722567529500,2306000,1955990000,1958755300
39,679,241722603934500,2542500,1992395000,1995160300
39,695,241722640818400,2222000,2029278900,2032044200
39,711,241722676880200,2340100,2065340700,2068106000
39,727,241722713313900,2245600,2101774400,2104539700
39,743,241722756025600,2666400,2144486100,2147251400
39,759,241722793093400,2212700,2181553900,2184319200
39,775,241722829109000,2311900,2217569500,2220334800
39,791,241722865951200,2311800,2254411700,2257177000
39,807,241722902183600,2299700,2290644100,2293409400
39,823,241722938455700,2237200,2326916200,2329681500
39,839,241722974667300,2148200,2363127800,2365893100
39,855,241723010399100,2309200,2398859600,2401624900
39,871,241723054030800,2222000,2442491300,2445256600
39,887,241723090269600,2149300,2478730100,2481495400
39,903,241723126593400,2207400,2515053900,2517819200
39,919,241723162388600,2194300,2550849100,2553614400
39,935,241723198128700,2248600,2586589200,2589354500
39,951,241723233926600,2219000,2622387100,2625152400
39,967,241723270788300,2323200,2659248800,2662014100
39,983,241723315150400,2287800,2703610900,2706376200
39,999,241723349805900,2156700,2738266400,2741031700
39,1015,241723384844000,2115100,2773304500,2776069800
39,1031,241723420245400,2268000,2808705900,2811471200
39,1047,241723456586800,2267300,2845047300,2847812600
39,1063,241723492034600,2222300,2880495100,2883260400
39,1079,241723527852600,2154400,2916313100,2919078400
39,1095,241723562393300,7178400,2950853800,2953619100
39,1111,241723602295600,2111700,2990756100,2993521400
39,1127,241723642326300,2575900,3030786800,3033552100
39,1143,241723684602500,2915500,3073063000,3075828300
39,1159,241723727614400,2740200,3116074900,3118840200
39,1175,241723775132100,2616800,3163592600,3166357900
39,1191,241723818318600,2752700,3206779100,3209544400
39,1207,241723865076600,2619900,3253537100,3256302400
39,1223,241723915324400,2874600,3303784900,3306550200
39,1239,241723962148200,3404700,3350608700,3353374000
39,1255,241724009663100,2852200,3398123600,3400888900
39,1271,241724055402200,2917500,3443862700,3446628000
39,1287,241724102114000,2925400,3490574500,3493339800
39,1303,241724147283300,2874500,3535743800,3538509100
39,1319,241724193427400,2717900,3581887900,3584653200
39,1335,241724244951900,2776900,3633412400,3636177700
39,1351,241724289673500,2717500,3678134000,3680899300
39,1367,241724335793400,2893700,3724253900,3727019200
39,1383,241724380249100,2663600,3768709600,3771474900
39,1399,241724423801400,2733800,3812261900,3815027200
39,1415,241724472180000,2696400,3860640500,3863405800
39,1431,241724514459900,2868400,3902920400,3905685700
39,1447,241724565249500,2859100,3953710000,3956475300
39,1463,241724612425800,2946200,4000886300,4003651600
39,1479,241724659304500,2942700,4047765000,4050530300
39,1495,241724705095400,2749400,4093555900,4096321200
39,1511,241724748953400,2804700,4137413900,4140179200
39,1527,241724795280700,2827300,4183741200,4186506500
39,1543,241724842820600,2926300,4231281100,4234046400
39,1559,241724889199400,2988400,4277659900,4280425200
39,1575,241724947251500,3184700,4335712000,4338477300
39,1591,241725000103100,3237800,4388563600,4391328900
39,1607,241725049156800,2520900,4437617300,4440382600
39,1623,241725090920500,2807600,4479381000,4482146300
39,1639,241725139953300,2920400,4528413800,4531179100
39,1655,241725184200200,2717500,4572660700,4575426000
39,1671,241725230030900,2828300,4618491400,4621256700
39,1687,241725280714100,2654900,4669174600,4671939900
39,1703,241725326779200,2802800,4715239700,4718005000
39,1719,241725369753500,2598800,4758214000,4760979300
39,1735,241725414833900,2731200,4803294400,4806059700
39,1751,241725460788400,2932800,4849248900,4852014200
39,1767,241725507859400,2876600,4896319900,4899085200
39,1783,241725553773100,2869800,4942233600,4944998900
39,1799,241725603558200,2541000,4992018700,4994784000
39,1815,241725645692100,2702800,5034152600,5036917900
39,1831,241725691313300,2681500,5079773800,5082539100
39,1847,241725739969800,2870200,5128430300,5131195600
39,1863,241725784894200,2705600,5173354700,5176120000
39,1879,241725829351800,2732200,5217812300,5220577600
39,1895,241725874595600,2931900,5263056100,5265821400
39,1911,241725925070900,2759100,5313531400,5316296700
39,1927,241725969016700,2565100,5357477200,5360242500
39,1943,241726015235400,2682500,5403695900,5406461200
39,1959,241726057848300,2596100,5446308800,5449074100
39,1975,241726099629900,2555300,5488090400,5490855700
39,1991,241726142201700,2660600,5530662200,5533427500
39,2007,241726185911400,2639700,5574371900,5577137200
39,2023,241726229299200,2758800,5617759700,5620525000
39,2039,241726276217300,2707800,5664677800,5667443100
40,8,241720780686400,5278900,169146900,171912200
40,24,241720848127100,4794000,236587600,239352900
40,40,241720918172500,4470500,306633000,309398300
40,56,241720980032900,3643900,368493400,371258700
40,72,241721038721800,2708400,427182300,429947600
40,88,241721098144700,3208500,486605200,489370500
40,104,241721149934500,13396900,538395000,541160300
40,120,241721209228900,2933500,597689400,600454700
40,136,241721259496700,3421900,647957200,650722500
40,152,241721314053100,3506200,702513600,705278900
40,168,241721370161600,3791100,758622100,761387400
40,184,241721423202700,2312500,811663200,814428500
40,200,241721461074500,2291200,849535000,852300300
40,216,241721497937300,2330800,886397800,889163100
40,232,241721534305600,2301800,922766100,925531400
40,248,241721579513500,2275500,967974000,970739300
40,264,241721616115400,2295000,1004575900,1007341200
40,280,241721655215800,3774900,1043676300,1046441600
40,296,241721698382700,2351700,1086843200,1089608500
40,312,241721737035700,2265800,1125496200,1128261500
40,328,241721774667500,2303100,1163128000,1165893300
40,344,241721812121800,2361500,1200582300,1203347600
40,360,241721849298500,2404900,1237759000,1240524300
40,376,241721893307300,2327100,1281767800,1284533100
40,392,241721931001200,2228000,1319461700,1322227000
40,408,241721967354200,2313300,1355814700,1358580000
40,424,241722004332900,2313800,1392793400,1395558700
40,440,241722042118800,2286800,1430579300,1433344600
40,456,241722078706100,2051900,1467166600,1469931900
40,472,241722115248900,2447900,1503709400,1506474700
40,488,241722152074400,2246300,1540534900,1543300200
40,504,241722195542800,2343100,1584003300,1586768600
40,520,241722232316800,2281800,1620777300,1623542600
40,536,241722268685500,2245500,1657146000,1659911300
40,552,241722304879100,2293000,1693339600,1696104900
40,568,241722341369200,2223500,1729829700,1732595000
40,584,241722377622200,2232900,1766082700,1768848000
40,600,241722413223900,2193900,1801684400,1804449700
40,616,241722450109600,2316200,1838570100,1841335400
40,632,241722494573300,2586700,1883033800,1885799100
40,648,241722530905000,2258000,1919365500,1922130800
40,664,241722567127900,2303400,1955588400,1958353700
40,680,241722603551800,2464300,1992012300,1994777600
40,696,241722640401300,2218700,2028861800,2031627100
40,712,241722676465700,2284200,2064926200,2067691500
40,728,241722712916200,2177400,2101376700,2104142000
40,744,241722755648700,2577300,2144109200,2146874500
40,760,241722792665700,2205800,2181126200,2183891500
40,776,241722828567600,2310400,2217028100,2219793400
40,792,241722865416300,2308100,2253876800,2256642100
40,808,241722901696900,2277000,2290157400,2292922700
40,824,241722938574100,2239100,2327034600,2329799900
40,840,241722974781800,2150900,2363242300,2366007600
40,856,241723010576800,2284800,2399037300,2401802600
40,872,241723054189500,2204800,2442650000,2445415300
40,888,241723090529700,2185500,2478990200,2481755500
40,904,241723126936400,2226000,2515396900,2518162200
40,920,241723162763900,2203500,2551224400,2553989700
40,936,241723198581400,2243700,2587041900,2589807200
40,952,241723234384800,2282600,2622845300,2625610600
40,968,241723271318500,2281100,2659779000,2662544300
40,984,241723315644300,2230700,2704104800,2706870100
40,1000,241723351445200,2215000,2739905700,2742671000
40,1016,241723386416900,2140700,2774877400,2777642700
40,1032,241723422268300,2413300,2810728800,2813494100
40,1048,241723458764100,2235200,2847224600,2849989900
40,1064,241723494169400,2226700,2882629900,2885395200
40,1080,241723529976700,2114700,2918437200,2921202500
40,1096,241723569542200,2243200,2958002700,2960768000
40,1112,241723604348000,2109200,2992808500,2995573800
40,1128,241723644871300,2724800,3033331800,3036097100
40,1144,241723687476600,2869600,3075937100,3078702400
40,1160,241723730399300,2738700,3118859800,3121625100
40,1176,241723777679000,2632200,3166139500,3168904800
40,1192,241723821011400,2554600,3209471900,3212237200
40,1208,241723867578100,2604600,3256038600,3258803900
40,1224,241723918161600,2904900,3306622100,3309387400
40,1240,241723965511600,3021800,3353972100,3356737400
40,1256,241724012476800,2931800,3400937300,3403702600
40,1272,241724058281000,2847700,3446741500,3449506800
40,1288,241724105091600,2774800,3493552100,3496317400
40,1304,241724150202800,3003100,3538663300,3541428600
40,1320,241724196237800,2810500,3584698300,3587463600
40,1336,241724247841700,2773100,3636302200,3639067500
40,1352,241724292503000,2762300,3680963500,3683728800
40,1368,241724338810100,2985800,3727270600,3730035900
40,1384,241724383024000,2784400,3771484500,3774249800
40,1400,241724426652900,2783700,3815113400,3817878700
40,1416,241724474962700,2773900,3863423200,3866188500
40,1432,241724517421500,2731500,3905882000,3908647300
40,1448,241724568150500,2832900,3956611000,3959376300
40,1464,241724615419800,2932600,4003880300,4006645600
40,1480,241724662293700,2928300,4050754200,4053519500
40,1496,241724707883900,2666800,4096344400,4099109700
40,1512,241724751798300,2780400,4140258800,4143024100
40,1528,241724797976700,2838400,4186437200,4189202500
40,1544,241724845639900,2697500,4234100400,4236865700
40,1560,241724892052600,8034600,4280513100,4283278400
40,1576,241724950221600,3385300,4338682100,4341447400
40,1592,241725003147400,2957900,4391607900,4394373200
40,1608,241725051537600,2651200,4439998100,4442763400
40,1624,241725093558800,5277700,4482019300,4484784600
40,1640,241725142714500,2981400,4531175000,4533940300
40,1656,241725186849600,2584500,4575310100,4578075400
40,1672,241725232667500,2838900,4621128000,4623893300
40,1688,241725283231800,2846400,4671692300,4674457600
40,1704,241725329477700,2179800,4717938200,4720703500
40,1720,241725373671500,2610900,4762132000,4764897300
40,1736,241725419038400,2752900,4807498900,4810264200
40,1752,241725465245900,2912300,4853706400,4856471700
40,1768,241725512204700,2848200,4900665200,4903430500
40,1784,241725558110200,2895200,4946570700,4949336000
40,1800,241725607414900,2615900,4995875400,4998640700
40,1816,241725649737800,2614500,5038198300,5040963600
40,1832,241725695420500,2928300,5083881000,5086646300
40,1848,241725744241000,2767400,5132701500,5135466800
40,1864,241725788902800,2789900,5177363300,5180128600
40,1880,241725833373000,2738400,5221833500,5224598800
40,1896,241725878659700,2888000,5267120200,5269885500
40,1912,241725928916900,2779700,5317377400,5320142700
40,1928,241725972716300,2642200,5361176800,5363942100
40,1944,241726017676600,2794100,5406137100,5408902400
40,1960,241726060196400,2610700,5448656900,5451422200
40,1976,241726101938900,2681400,5490399400,5493164700
40,1992,241726144601800,2640400,5533062300,5535827600
40,2008,241726188212500,2672300,5576673000,5579438300
40,2024,241726231742700,2784700,5620203200,5622968500
40,2040,241726278647400,2650800,5667107900,5669873200
41,9,241720786427400,5103200,174887900,177653200
41,25,241720853600700,4751300,242061200,244826500
41,41,241720923254100,4528100,311714600,314479900
41,57,241720983987200,2711200,372447700,375213000
41,73,241721041786300,2768800,430246800,433012100
41,89,241721101802500,2959500,490263000,493028300
41,105,241721163981600,4047800,552442100,555207400
41,121,241721217467600,3022700,605928100,608693400
41,137,241721268538800,4092500,656999300,659764600
41,153,241721323516400,4324400,711976900,714742200
41,169,241721380449700,4629000,768910200,771675500
41,185,241721429124700,2378500,817585200,820350500
41,201,241721466710200,2299600,855170700,857936000
41,217,241721503761700,2285200,892222200,894987500
41,233,241721539893600,2433400,928354100,931119400
41,249,241721585086400,2231500,973546900,976312200
41,265,241721621700400,2391900,1010160900,1012926200
41,281,241721662941000,3346400,1051401500,1054166800
41,297,241721704720100,2826600,1093180600,1095945900
41,313,241721742807500,2313900,1131268000,1134033300
41,329,241721780503200,2374900,1168963700,1171729000
41,345,241721818020300,2353400,1206480800,1209246100
41,361,241721855197100,2320300,1243657600,1246422900
41,377,241721899104100,2392900,1287564600,1290329900
41,393,241721936653100,2202000,1325113600,1327878900
41,409,241721973386600,2302200,1361847100,1364612400
41,425,241722010234100,2260500,1398694600,1401459900
41,441,241722047995500,2351000,1436456000,1439221300
41,457,241722085968300,2282000,1474428800,1477194100
41,473,241722122688400,2214900,1511148900,1513914200
41,489,241722159062500,2245200,1547523000,1550288300
41,505,241722202579200,2255300,1591039700,1593805000
41,521,241722239355500,2237700,1627816000,1630581300
41,537,241722275870000,2275100,1664330500,1667095800
41,553,241722312344400,2379100,1700804900,1703570200
41,569,241722348537800,2161300,1736998300,1739763600
41,585,241722384706600,2337000,1773167100,1775932400
41,601,241722420683100,2258300,1809143600,1811908900
41,617,241722457376000,9450900,1845836500,1848601800
41,633,241722503744100,2211400,1892204600,1894969900
41,649,241722539358500,2186300,1927819000,1930584300
41,665,241722575945300,2334900,1964405800,1967171100
41,681,241722612551900,2171400,2001012400,2003777700
41,697,241722649242400,2216200,2037702900,2040468200
41,713,241722685756900,2291100,2074217400,2076982700
41,729,241722721616800,2124000,2110077300,2112842600
41,745,241722765232000,2373300,2153692500,2156457800
41,761,241722801371800,2361300,2189832300,2192597600
41,777,241722837487300,2286100,2225947800,2228713100
41,793,241722874465500,2233200,2262926000,2265691300
41,809,241722911134900,2262500,2299595400,2302360700
41,825,241722947133100,2260300,2335593600,2338358900
41,841,241722982767900,2210800,2371228400,2373993700
41,857,241723019046800,2206700,2407507300,2410272600
41,873,241723062520900,2333400,2450981400,2453746700
41,889,241723098921800,2191900,2487382300,2490147600
41,905,241723135000700,2223300,2523461200,2526226500
41,921,241723171017800,2132600,2559478300,2562243600
41,937,241723206754900,2247100,2595215400,2597980700
41,953,241723242788200,2222600,2631248700,2634014000
41,969,241723279613900,2277200,2668074400,2670839700
41,985,241723323632200,1942000,2712092700,2714858000
41,1001,241723359050400,2226700,2747510900,2750276200
41,1017,241723393953000,2337000,2782413500,2785178800
41,1033,241723430096100,2367400,2818556600,2821321900
41,1049,241723466291700,2219400,2854752200,2857517500
41,1065,241723501793900,2227900,2890254400,2893019700
41,1081,241723537303800,2150200,2925764300,2928529600
41,1097,241723576988800,2218200,2965449300,2968214600
41,1113,241723611527300,2140600,2999987800,3002753100
41,1129,241723653819700,2630700,3042280200,3045045500
41,1145,241723696677900,2643900,3085138400,3087903700
41,1161,241723739830800,2819300,3128291300,3131056600
41,1177,241723787896900,2721700,3176357400,3179122700
41,1193,241723831400500,2709600,3219861000,3222626300
41,1209,241723877702200,7687600,3266162700,3268928000
41,1225,241723929276500,2933700,3317737000,3320502300
41,1241,241723976962200,3103000,3365422700,3368188000
41,1257,241724023742000,3064600,3412202500,3414967800
41,1273,241724069695300,2946100,3458155800,3460921100
41,1289,241724115513700,2759600,3503974200,3506739500
41,1305,241724161337300,2856200,3549797800,3552563100
41,1321,241724207440600,2927600,3595901100,3598666400
41,1337,241724258404800,2739400,3646865300,3649630600
41,1353,241724303193800,2748500,3691654300,3694419600
41,1369,241724350002800,2949200,3738463300,3741228600
41,1385,241724393542400,2709300,3782002900,3784768200
41,1401,241724438530400,4757100,3826990900,3829756200
41,1417,241724485416200,2572500,3873876700,3876642000
41,1433,241724528125500,3137700,3916586000,3919351300
41,1449,241724579165500,3185900,3967626000,3970391300
41,1465,241724626592600,2813800,4015053100,4017818400
41,1481,241724673661400,2879900,4062121900,4064887200
41,1497,241724718411900,2768500,4106872400,4109637700
41,1513,241724763179600,2985700,4151640100,4154405400
41,1529,241724810367500,3635100,4198828000,4201593300
41,1545,241724858511800,3308400,4246972300,4249737600
41,1561,241724911858700,3426000,4300319200,4303084500
41,1577,241724965079600,3299600,4353540100,4356305400
41,1593,241725016495500,3065200,4404956000,4407721300
41,1609,241725063185600,2664900,4451646100,4454411400
41,1625,241725108846000,3008700,4497306500,4500071800
41,1641,241725155634800,2708600,4544095300,4546860600
41,1657,241725199166900,2965900,4587627400,4590392700
41,1673,241725245371200,7547600,4633831700,4636597000
41,1689,241725295984600,2915700,4684445100,4687210400
41,1705,241725343820800,2828600,4732281300,4735046600
41,1721,241725387431500,3102700,4775892000,4778657300
41,1737,241725432121100,2808000,4820581600,4823346900
41,1753,241725479054700,3053600,4867515200,4870280500
41,1769,241725525737500,2859400,4914198000,4916963300
41,1785,241725571751900,2893000,4960212400,4962977700
41,1801,241725619963900,2596600,5008424400,5011189700
41,1817,241725662013700,2756800,5050474200,5053239500
41,1833,241725708647600,2753200,5097108100,5099873400
41,1849,241725757579500,2900000,5146040000,5148805300
41,1865,241725801768500,2876100,5190229000,5192994300
41,1881,241725848412400,3019500,5236872900,5239638200
41,1897,241725893818400,2893600,5282278900,5285044200
41,1913,241725943144800,2756000,5331605300,5334370600
41,1929,241725986384800,2547400,5374845300,5377610600
41,1945,241726031077100,2597500,5419537600,5422302900
41,1961,241726073059500,2596000,5461520000,5464285300
41,1977,241726114846800,2674500,5503307300,5506072600
41,1993,241726157794700,2611600,5546255200,5549020500
41,2009,241726201186300,2573600,5589646800,5592412100
41,2025,241726249871500,2595500,5638332000,5641097300
41,2041,241726291444300,2656300,5679904800,5682670100
42,10,241720791394400,5412400,179854900,182620200
42,26,241720858224200,5097900,246684700,249450000
42,42,241720927725200,4697900,316185700,318951000
42,58,241720986781500,3806200,375242000,378007300
42,74,241721044669500,3125000,433130000,435895300
42,90,241721104937000,2812700,493397500,496162800
42,106,241721168218200,5660100,556678700,559444000
42,122,241721220155300,2948700,608615800,611381100
42,138,241721272225500,3748900,660686000,663451300
42,154,241721327438500,4077600,715899000,718664300
42,170,241721384766500,4436300,773227000,775992300
42,186,241721431473800,2323700,819934300,822699600
42,202,241721468981900,2206100,857442400,860207700
42,218,241721505985300,2246900,894445800,897211100
42,234,241721542267600,9116000,930728100,933493400
42,250,241721587230800,2233800,975691300,978456600
42,266,241721624023400,2347800,1012483900,1015249200
42,282,241721665852200,2835200,1054312700,1057078000
42,298,241721707124100,2372800,1095584600,1098349900
42,314,241721744682600,2244300,1133143100,1135908400
42,330,241721782431100,2330400,1170891600,1173656900
42,346,241721819970700,2302800,1208431200,1211196500
42,362,241721857151900,2224300,1245612400,1248377700
42,378,241721901087100,2500100,1289547600,1292312900
42,394,241721938495800,2266600,1326956300,1329721600
42,410,241721975355700,2245800,1363816200,1366581500
42,426,241722012099300,2316600,1400559800,1403325100
42,442,241722049910100,2360500,1438370600,1441135900
42,458,241722086899200,2323100,1475359700,1478125000
42,474,241722123641600,2191100,1512102100,1514867400
42,490,241722160028700,2287600,1548489200,1551254500
42,506,241722203592900,2239300,1592053400,1594818700
42,522,241722240378700,2262500,1628839200,1631604500
42,538,241722276641300,2240100,1665101800,1667867100
42,554,241722313074500,2364000,1701535000,1704300300
42,570,241722349203900,2171700,1737664400,1740429700
42,586,241722385483700,2287400,1773944200,1776709500
42,602,241722421436000,2252800,1809896500,1812661800
42,618,241722458116600,9538800,1846577100,1849342400
42,634,241722503258300,2213100,1891718800,1894484100
42,650,241722538912400,2209600,1927372900,1930138200
42,666,241722575363100,2359900,1963823600,1966588900
42,682,241722612014100,2175900,2000474600,2003239900
42,698,241722648488400,2219400,2036948900,2039714200
42,714,241722685011700,2317700,2073472200,2076237500
42,730,241722720970700,2120800,2109431200,2112196500
42,746,241722764582100,2341300,2153042600,2155807900
42,762,241722800711500,2343800,2189172000,2191937300
42,778,241722836817000,2257900,2225277500,2228042800
42,794,241722873846800,2270300,2262307300,2265072600
42,810,241722911079100,2254000,2299539600,2302304900
42,826,241722947072600,2256800,2335533100,2338298400
42,842,241722982709500,2200800,2371170000,2373935300
42,858,241723018958600,2203200,2407419100,2410184400
42,874,241723062462700,2351700,2450923200,2453688500
42,890,241723098891000,2192100,2487351500,2490116800
42,906,241723134941700,2222800,2523402200,2526167500
42,922,241723170793000,2144800,2559253500,2562018800
42,938,241723206573900,2249000,2595034400,2597799700
42,954,241723242602700,2227700,2631063200,2633828500
42,970,241723279460500,2280000,2667921000,2670686300
42,986,241723323519200,1974800,2711979700,2714745000
42,1002,241723358495500,2204800,2746956000,2749721300
42,1018,241723393407500,2213500,2781868000,2784633300
42,1034,241723429785600,2343300,2818246100,2821011400
42,1050,241723465985000,2214500,2854445500,2857210800
42,1066,241723501413800,2186600,2889874300,2892639600
42,1082,241723536933000,2149000,2925393500,2928158800
42,1098,241723576599500,2201000,2965060000,2967825300
42,1114,241723611143500,2139300,2999604000,3002369300
42,1130,241723653402700,2613100,3041863200,3044628500
42,1146,241723696238900,2653700,3084699400,3087464700
42,1162,241723739325200,2882000,3127785700,3130551000
42,1178,241723787351400,2696600,3175811900,3178577200
42,1194,241723830844100,2710500,3219304600,3222069900
42,1210,241723877160700,7603600,3265621200,3268386500
42,1226,241723928687500,2922300,3317148000,3319913300
42,1242,241723976275400,3069200,3364735900,3367501200
42,1258,241724023111800,3021100,3411572300,3414337600
42,1274,241724069019600,2941600,3457480100,3460245400
42,1290,241724114922100,2743700,3503382600,3506147900
42,1306,241724160720700,2836000,3549181200,3551946500
42,1322,241724206793700,2922800,3595254200,3598019500
42,1338,241724257795900,2745600,3646256400,3649021700
42,1354,241724302213500,2700000,3690674000,3693439300
42,1370,241724348942500,2911900,3737403000,3740168300
42,1386,241724392568600,2680400,3781029100,3783794400
42,1402,241724436275200,5980900,3824735700,3827501000
42,1418,241724484525800,2572500,3872986300,3875751600
42,1434,241724527069700,3097800,3915530200,3918295500
42,1450,241724578155900,3050000,3966616400,3969381700
42,1466,241724625654300,2742800,4014114800,4016880100
42,1482,241724672747800,2759500,4061208300,4063973600
42,1498,241724717440800,2801800,4105901300,4108666600
42,1514,241724762068500,3003600,4150529000,4153294300
42,1530,241724808900300,2799300,4197360800,4200126100
42,1546,241724856894700,3093000,4245355200,4248120500
42,1562,241724910017800,3483700,4298478300,4301243600
42,1578,241724963257100,3356100,4351717600,4354482900
42,1594,241725014913100,2984700,4403373600,4406138900
42,1610,241725061810700,2560800,4450271200,4453036500
42,1626,241725107279900,2872500,4495740400,4498505700
42,1642,241725154193200,2663600,4542653700,4545419000
42,1658,241725197586900,2924200,4586047400,4588812700
42,1674,241725243851800,7384300,4632312300,4635077600
42,1690,241725294383700,2888400,4682844200,4685609500
42,1706,241725339741700,2774400,4728202200,4730967500
42,1722,241725382939700,3081800,4771400200,4774165500
42,1738,241725428127500,2717000,4816588000,4819353300
42,1754,241725474741300,2925600,4863201800,4865967100
42,1770,241725521504500,2892800,4909965000,4912730300
42,1786,241725567492900,2912100,4955953400,4958718700
42,1802,241725616091300,2618200,5004551800,5007317100
42,1818,241725658207800,2574300,5046668300,5049433600
42,1834,241725704580700,2728700,5093041200,5095806500
42,1850,241725753115700,3008200,5141576200,5144341500
42,1866,241725797787800,2732500,5186248300,5189013600
42,1882,241725842230000,2673000,5230690500,5233455800
42,1898,241725886608900,2925800,5275069400,5277834700
42,1914,241725936535300,2588700,5324995800,5327761100
42,1930,241725979982200,2579600,5368442700,5371208000
42,1946,241726025488000,2770000,5413948500,5416713800
42,1962,241726067648300,2569100,5456108800,5458874100
42,1978,241726109475300,2604800,5497935800,5500701100
42,1994,241726152329600,2681800,5540790100,5543555400
42,2010,241726195826300,2600400,5584286800,5587052100
42,2026,241726244312600,2872100,5632773100,5635538400
42,2042,241726286133000,2571000,5674593500,5677358800
43,11,241720796693200,4177300,185153700,187919000
43,27,241720863246000,4690400,251706500,254471800
43,43,241720932190800,4956300,320651300,323416600
43,59,241720990261400,4844300,378721900,381487200
43,75,241721047635400,4020000,436095900,438861200
43,91,241721107563200,2886500,496023700,498789000
43,107,241721171268600,3771300,559729100,562494400
43,123,241721220953900,3044400,609414400,612179700
43,139,241721273174900,4011700,661635400,664400700
43,155,241721328545000,4535300,717005500,719770800
43,171,241721385906300,4532300,774366800,777132100
43,187,241721432042700,2318100,820503200,823268500
43,203,241721469524300,2225900,857984800,860750100
43,219,241721506633000,2285500,895093500,897858800
43,235,241721542970500,9145600,931431000,934196300
43,251,241721587957800,2278800,976418300,979183600
43,267,241721624866600,2251100,1013327100,1016092400
43,283,241721664907500,3133500,1053368000,1056133300
43,299,241721706427900,2424500,1094888400,1097653700
43,315,241721744034500,2260000,1132495000,1135260300
43,331,241721781872300,2366300,1170332800,1173098100
43,347,241721819451600,2264800,1207912100,1210677400
43,363,241721856566200,2269400,1245026700,1247792000
43,379,241721900647500,2504100,1289108000,1291873300
43,395,241721938111700,2262700,1326572200,1329337500
43,411,241721975000400,2242700,1363460900,1366226200
43,427,241722011762100,2307700,1400222600,1402987900
43,443,241722049552000,2391200,1438012500,1440777800
43,459,241722085214400,2374400,1473674900,1476440200
43,475,241722122011500,2225200,1510472000,1513237300
43,491,241722158427600,2228200,1546888100,1549653400
43,507,241722202008100,2256600,1590468600,1593233900
43,523,241722238795900,2250200,1627256400,1630021700
43,539,241722275203600,2261700,1663664100,1666429400
43,555,241722311592100,2328900,1700052600,1702817900
43,571,241722347759600,2207900,1736220100,1738985400
43,587,241722384208300,2358200,1772668800,1775434100
43,603,241722420202500,2263400,1808663000,1811428300
43,619,241722456820500,2257100,1845281000,1848046300
43,635,241722501619700,2289000,1890080200,1892845500
43,651,241722537366700,2197800,1925827200,1928592500
43,667,241722573657300,2331500,1962117800,1964883100
43,683,241722610437800,2169800,1998898300,2001663600
43,699,241722646913800,2237700,2035374300,2038139600
43,715,241722683248400,2412000,2071708900,2074474200
43,731,241722719417900,2139400,2107878400,2110643700
43,747,241722762982300,2217500,2151442800,2154208100
43,763,241722799080400,2320100,2187540900,2190306200
43,779,241722835311200,2233900,2223771700,2226537000
43,795,241722872256400,2321500,2260716900,2263482200
43,811,241722909524400,2246900,2297984900,2300750200
43,827,241722945375000,2411500,2333835500,2336600800
43,843,241722981217000,2176400,2369677500,2372442800
43,859,241723017454000,2214400,2405914500,2408679800
43,875,241723060938400,2263600,2449398900,2452164200
43,891,241723097478200,2202800,2485938700,2488704000
43,907,241723133496900,2220400,2521957400,2524722700
43,923,241723169335400,2209300,2557795900,2560561200
43,939,241723205078500,2298900,2593539000,2596304300
43,955,241723241227300,2234600,2629687800,2632453100
43,971,241723278098700,2275500,2666559200,2669324500
43,987,241723322197100,2191600,2710657600,2713422900
43,1003,241723359162800,2231800,2747623300,2750388600
43,1019,241723394044400,2359000,2782504900,2785270200
43,1035,241723430233000,2377200,2818693500,2821458800
43,1051,241723466425700,2216700,2854886200,2857651500
43,1067,241723501859800,2229700,2890320300,2893085600
43,1083,241723537364400,2150300,2925824900,2928590200
43,1099,241723577050900,2218100,2965511400,2968276700
43,1115,241723611594400,2146000,3000054900,3002820200
43,1131,241723653867400,2682200,3042327900,3045093200
43,1147,241723696725300,2652000,3085185800,3087951100
43,1163,241723739929500,2820700,3128390000,3131155300
43,1179,241723786990500,2689600,3175451000,3178216300
43,1195,241723830477000,2697800,3218937500,3221702800
43,1211,241723876866600,7543500,3265327100,3268092400
43,1227,241723928369800,2940200,3316830300,3319595600
43,1243,241723976033400,3070300,3364493900,3367259200
43,1259,241724022832200,2998900,3411292700,3414058000
43,1275,241724068743300,2930800,3457203800,3459969100
43,1291,241724114673900,2727100,3503134400,3505899700
43,1307,241724160450300,2828200,3548910800,3551676100
43,1323,241724206500200,2932900,3594960700,3597726000
43,1339,241724257539000,2737600,3645999500,3648764800
43,1355,241724301951000,2706200,3690411500,3693176800
43,1371,241724348661200,2907100,3737121700,3739887000
43,1387,241724392316500,2679700,3780777000,3783542300
43,1403,241724436023000,5936100,3824483500,3827248800
43,1419,241724484255100,2562100,3872715600,3875480900
43,1435,241724526803100,3059300,3915263600,3918028900
43,1451,241724577875300,3028600,3966335800,3969101100
43,1467,241724625397400,2715700,4013857900,4016623200
43,1483,241724672505600,2758300,4060966100,4063731400
43,1499,241724717218300,2795800,4105678800,4108444100
43,1515,241724761826900,2997700,4150287400,4153052700
43,1531,241724808405500,2738400,4196866000,4199631300
43,1547,241724856333500,3049100,4244794000,4247559300
43,1563,241724909261400,3434400,4297721900,4300487200
43,1579,241724962386400,3412700,4350846900,4353612200
43,1595,241725014166700,2951800,4402627200,4405392500
43,1611,241725061125800,2580100,4449586300,4452351600
43,1627,241725106569500,2876300,4495030000,4497795300
43,1643,241725153474000,2680900,4541934500,4544699800
43,1659,241725196767200,2884600,4585227700,4587993000
43,1675,241725243218400,2827400,4631678900,4634444200
43,1691,241725293788900,2877900,4682249400,4685014700
43,1707,241725341740200,2822000,4730200700,4732966000
43,1723,241725385110700,3112000,4773571200,4776336500
43,1739,241725430071500,2708000,4818532000,4821297300
43,1755,241725476862500,2932700,4865323000,4868088300
43,1771,241725523594700,2866300,4912055200,4914820500
43,1787,241725569597100,2871300,4958057600,4960822900
43,1803,241725617957200,2647700,5006417700,5009183000
43,1819,241725660046200,2618800,5048506700,5051272000
43,1835,241725706587400,2726900,5095047900,5097813200
43,1851,241725755327700,2994000,5143788200,5146553500
43,1867,241725799829000,2747500,5188289500,5191054800
43,1883,241725844304600,2399900,5232765100,5235530400
43,1899,241725889377600,2905700,5277838100,5280603400
43,1915,241725938936800,2718100,5327397300,5330162600
43,1931,241725982383900,2616500,5370844400,5373609700
43,1947,241726029762300,2605300,5418222800,5420988100
43,1963,241726071769100,2612900,5460229600,5462994900
43,1979,241726113527400,2686300,5501987900,5504753200
43,1995,241726156488500,2642600,5544949000,5547714300
43,2011,241726199880500,2616400,5588341000,5591106300
43,2027,241726248603800,2585900,5637064300,5639829600
43,2043,241726290153500,2618000,5678614000,5681379300
44,12,241720800664700,3368900,189125200,191890500
44,28,241720867585300,5037600,256045800,258811100
44,44,241720937026100,4605300,325486600,328251900
44,60,241720994801900,4449500,383262400,386027700
44,76,241721051365300,3547500,439825800,442591100
44,92,241721110260100,3224600,498720600,501485900
44,108,241721175806700,3848200,564267200,567032500
44,124,241721225079600,4324600,613540100,616305400
44,140,241721278256400,3380200,666716900,669482200
44,156,241721334539000,5438000,722999500,725764800
44,172,241721391865100,4353600,780325600,783090900
44,188,241721435031300,2370200,823491800,826257100
44,204,241721472418500,2373100,860879000,863644300
44,220,241721509479700,2262100,897940200,900705500
44,236,241721552701900,2305800,941162400,943927700
44,252,241721590766300,2297900,979226800,981992100
44,268,241721627592000,2355300,1016052500,1018817800
44,284,241721669736600,2710700,1058197100,1060962400
44,300,241721710449800,2313900,1098910300,1101675600
44,316,241721747809300,2285800,1136269800,1139035100
44,332,241721785679300,2308600,1174139800,1176905100
44,348,241721823151800,2301000,1211612300,1214377600
44,364,241721860164300,2401700,1248624800,1251390100
44,380,241721904494900,2359400,1292955400,1295720700
44,396,241721941664600,2308400,1330125100,1332890400
44,412,241721978394000,2349900,1366854500,1369619800
44,428,241722015271500,2336700,1403732000,1406497300
44,444,241722053091900,2279100,1441552400,1444317700
44,460,241722090970100,2257600,1479430600,1482195900
44,476,241722127381000,2257900,1515841500,1518606800
44,492,241722163973700,2288000,1552434200,1555199500
44,508,241722207498400,2261900,1595958900,1598724200
44,524,241722244482100,2261700,1632942600,1635707900
44,540,241722280641400,2256300,1669101900,1671867200
44,556,241722317190800,2226200,1705651300,1708416600
44,572,241722353245500,2271700,1741706000,1744471300
44,588,241722389537300,2225600,1777997800,1780763100
44,604,241722425493800,2268000,1813954300,1816719600
44,620,241722470002000,2582200,1858462500,1861227800
44,636,241722506880300,2263500,1895340800,1898106100
44,652,241722542518200,2322100,1930978700,1933744000
44,668,241722579093300,2232600,1967553800,1970319100
44,684,241722615521000,2172700,2003981500,2006746800
44,700,241722652096000,2227500,2040556500,2043321800
44,716,241722688707900,2303500,2077168400,2079933700
44,732,241722724361500,2141600,2112822000,2115587300
44,748,241722768249300,2392300,2156709800,2159475100
44,764,241722804425700,2213800,2192886200,2195651500
44,780,241722840506300,2346800,2228966800,2231732100
44,796,241722877460700,2215400,2265921200,2268686500
44,812,241722914646600,2172200,2303107100,2305872400
44,828,241722950651700,2332500,2339112200,2341877500
44,844,241722986241500,2204400,2374702000,2377467300
44,860,241723022445800,9609100,2410906300,2413671600
44,876,241723066237900,2290700,2454698400,2457463700
44,892,241723102322300,2167300,2490782800,2493548100
44,908,241723138187700,2263200,2526648200,2529413500
44,924,241723174173200,2270100,2562633700,2565399000
44,940,241723209928300,2254700,2598388800,2601154100
44,956,241723245933200,2250900,2634393700,2637159000
44,972,241723282889100,2269100,2671349600,2674114900
44,988,241723327079600,2564500,2715540100,2718305400
44,1004,241723362586800,2218100,2751047300,2753812600
44,1020,241723397795500,2375000,2786256000,2789021300
44,1036,241723433936000,2278200,2822396500,2825161800
44,1052,241723469973900,2258200,2858434400,2861199700
44,1068,241723505435400,2212600,2893895900,2896661200
44,1084,241723540883000,2176800,2929343500,2932108800
44,1100,241723580635200,2137100,2969095700,2971861000
44,1116,241723615520900,2800100,3003981400,3006746700
44,1132,241723658246900,2649900,3046707400,3049472700
44,1148,241723701195000,2614500,3089655500,3092420800
44,1164,241723744591400,2913700,3133051900,3135817200
44,1180,241723790913500,3006100,3179374000,3182139300
44,1196,241723834453300,3094800,3222913800,3225679100
44,1212,241723885822300,2971000,3274282800,3277048100
44,1228,241723932597900,2901600,3321058400,3323823700
44,1244,241723980429900,2874000,3368890400,3371655700
44,1260,241724027186600,2916000,3415647100,3418412400
44,1276,241724073012100,2920600,3461472600,3464237900
44,1292,241724118598500,2846800,3507059000,3509824300
44,1308,241724164512100,2945600,3552972600,3555737900
44,1324,241724210695200,2845100,3599155700,3601921000
44,1340,241724261486000,2739900,3649946500,3652711800
44,1356,241724306190800,2723800,3694651300,3697416600
44,1372,241724353194100,2884300,3741654600,3744419900
44,1388,241724396462100,2704800,3784922600,3787687900
44,1404,241724443485500,2797400,3831946000,3834711300
44,1420,241724488199300,2581700,3876659800,3879425100
44,1436,241724531469000,2831200,3919929500,3922694800
44,1452,241724582616700,2897800,3971077200,3973842500
44,1468,241724629662000,2771200,4018122500,4020887800
44,1484,241724676770500,2665100,4065231000,4067996300
44,1500,241724721410700,2653500,4109871200,4112636500
44,1516,241724766379800,2905400,4154840300,4157605600
44,1532,241724813500100,4422300,4201960600,4204725900
44,1548,241724861504700,3104200,4249965200,4252730500
44,1564,241724914977600,3329700,4303438100,4306203400
44,1580,241724968022200,3427900,4356482700,4359248000
44,1596,241725019249400,2994100,4407709900,4410475200
44,1612,241725065542200,2647300,4454002700,4456768000
44,1628,241725111490700,3158100,4499951200,4502716500
44,1644,241725157931000,2760500,4546391500,4549156800
44,1660,241725201735300,2902600,4590195800,4592961100
44,1676,241725252515900,2925600,4640976400,4643741700
44,1692,241725298494900,2853100,4686955400,4689720700
44,1708,241725343431400,2815400,4731891900,4734657200
44,1724,241725386834400,3115400,4775294900,4778060200
44,1740,241725431592800,2767200,4820053300,4822818600
44,1756,241725478490000,3034000,4866950500,4869715800
44,1772,241725525148100,2855800,4913608600,4916373900
44,1788,241725571160400,2869800,4959620900,4962386200
44,1804,241725619421600,2588600,5007882100,5010647400
44,1820,241725661452000,2767900,5049912500,5052677800
44,1836,241725708079500,2766600,5096540000,5099305300
44,1852,241725756948700,3041800,5145409200,5148174500
44,1868,241725801296800,2775400,5189757300,5192522600
44,1884,241725845801600,2870400,5234262100,5237027400
44,1900,241725891071800,2909700,5279532300,5282297600
44,1916,241725940518700,2738900,5328979200,5331744500
44,1932,241725983891600,2608200,5372352100,5375117400
44,1948,241726029036500,2605000,5417497000,5420262300
44,1964,241726070966600,2707300,5459427100,5462192400
44,1980,241726112819400,2648900,5501279900,5504045200
44,1996,241726155766400,2642100,5544226900,5546992200
44,2012,241726199091400,2623000,5587551900,5590317200
44,2028,241726247828400,2598300,5636288900,5639054200
44,2044,241726289389800,2585000,5677850300,5680615600
45,13,241720804387800,3228400,192848300,195613600
45,29,241720873757400,4514900,262217900,264983200
45,45,241720942360100,3269000,330820600,333585900
45,61,241721000327600,3933500,388788100,391553400
45,77,241721055605700,3625300,444066200,446831500
45,93,241721114194700,2787500,502655200,505420500
45,109,241721179568500,4228200,568029000,570794300
45,125,241721229284400,3636600,617744900,620510200
45,141,241721281554900,3520900,670015400,672780700
45,157,241721339741300,3598400,728201800,730967100
45,173,241721396063600,3425100,784524100,787289400
45,189,241721437305100,2377000,825765600,828530900
45,205,241721474726200,2323900,863186700,865952000
45,221,241721511681300,2236600,900141800,902907100
45,237,241721554946700,2259900,943407200,946172500
45,253,241721593097900,2289400,981558400,984323700
45,269,241721629915700,2283100,1018376200,1021141500
45,285,241721672409100,2635900,1060869600,1063634900
45,301,241721712832100,2433200,1101292600,1104057900
45,317,241721750184500,2315400,1138645000,1141410300
45,333,241721788057100,2306700,1176517600,1179282900
45,349,241721825517600,2297300,1213978100,1216743400
45,365,241721862669300,8901200,1251129800,1253895100
45,381,241721906918600,2291400,1295379100,1298144400
45,397,241721944042000,2184800,1332502500,1335267800
45,413,241721980963400,2264100,1369423900,1372189200
45,429,241722017845800,2363000,1406306300,1409071600
45,445,241722055586800,2240100,1444047300,1446812600
45,461,241722093470100,2267300,1481930600,1484695900
45,477,241722129996800,2263800,1518457300,1521222600
45,493,241722166715000,9046900,1555175500,1557940800
45,509,241722210217700,2262100,1598678200,1601443500
45,525,241722247140200,2184200,1635600700,1638366000
45,541,241722283335500,2258500,1671796000,1674561300
45,557,241722319815500,2279600,1708276000,1711041300
45,573,241722355933500,2194500,1744394000,1747159300
45,589,241722392148900,2193200,1780609400,1783374700
45,605,241722428171300,2352300,1816631800,1819397100
45,621,241722472960400,2300100,1861420900,1864186200
45,637,241722510756400,2311400,1899216900,1901982200
45,653,241722546361100,2278200,1934821600,1937586900
45,669,241722582869100,2237700,1971329600,1974094900
45,685,241722619173300,2348200,2007633800,2010399100
45,701,241722655733300,2209200,2044193800,2046959100
45,717,241722692470900,2280400,2080931400,2083696700
45,733,241722727870500,2158600,2116331000,2119096300
45,749,241722772170700,2271500,2160631200,2163396500
45,765,241722808114200,2292800,2196574700,2199340000
45,781,241722844519200,2309000,2232979700,2235745000
45,797,241722881124200,2170000,2269584700,2272350000
45,813,241722918156600,2170600,2306617100,2309382400
45,829,241722954409200,2256300,2342869700,2345635000
45,845,241722989752900,2184700,2378213400,2380978700
45,861,241723033459000,2257900,2421919500,2424684800
45,877,241723069948100,2290200,2458408600,2461173900
45,893,241723105872400,2192800,2494332900,2497098200
45,909,241723142244000,2193000,2530704500,2533469800
45,925,241723178044900,2197900,2566505400,2569270700
45,941,241723213820300,2221700,2602280800,2605046100
45,957,241723249889500,2228100,2638350000,2641115300
45,973,241723286938600,2279100,2675399100,2678164400
45,989,241723331303400,2179900,2719763900,2722529200
45,1005,241723366554000,2225700,2755014500,2757779800
45,1021,241723401893700,2245500,2790354200,2793119500
45,1037,241723437909000,2341300,2826369500,2829134800
45,1053,241723473991700,2129300,2862452200,2865217500
45,1069,241723509376200,2273800,2897836700,2900602000
45,1085,241723544652000,2075000,2933112500,2935877800
45,1101,241723584437200,2194200,2972897700,2975663000
45,1117,241723620609200,2799800,3009069700,3011835000
45,1133,241723663090100,2556200,3051550600,3054315900
45,1149,241723705953600,2600600,3094414100,3097179400
45,1165,241723749972500,2705800,3138433000,3141198300
45,1181,241723796155000,2643500,3184615500,3187380800
45,1197,241723843087400,2676900,3231547900,3234313200
45,1213,241723891291300,2923900,3279751800,3282517100
45,1229,241723937928200,2869100,3326388700,3329154000
45,1245,241723985715900,2867500,3374176400,3376941700
45,1261,241724032535600,2850400,3420996100,3423761400
45,1277,241724078334100,2946900,3466794600,3469559900
45,1293,241724123987500,2928300,3512448000,3515213300
45,1309,241724169900600,2862800,3558361100,3561126400
45,1325,241724216015800,2760400,3604476300,3607241600
45,1341,241724266570200,2715700,3655030700,3657796000
45,1357,241724311294600,3339900,3699755100,3702520400
45,1373,241724358402000,2785600,3746862500,3749627800
45,1389,241724401456800,2503500,3789917300,3792682600
45,1405,241724448624700,2870000,3837085200,3839850500
45,1421,241724492982300,2554500,3881442800,3884208100
45,1437,241724536759200,2818900,3925219700,3927985000
45,1453,241724587930200,2993900,3976390700,3979156000
45,1469,241724634758200,2830200,4023218700,4025984000
45,1485,241724681746900,3002600,4070207400,4072972700
45,1501,241724726281300,2649300,4114741800,4117507100
45,1517,241724771675700,2918200,4160136200,4162901500
45,1533,241724820549200,2618200,4209009700,4211775000
45,1549,241724867459700,2778300,4255920200,4258685500
45,1565,241724921492900,3301000,4309953400,4312718700
45,1581,241724974729500,3254200,4363190000,4365955300
45,1597,241725025180600,3079300,4413641100,4416406400
45,1613,241725070723900,2550500,4459184400,4461949700
45,1629,241725117315700,2922600,4505776200,4508541500
45,1645,241725163327900,2750000,4551788400,4554553700
45,1661,241725207294700,2997600,4595755200,4598520500
45,1677,241725258212600,2865200,4646673100,4649438400
45,1693,241725304120500,2886300,4692581000,4695346300
45,1709,241725348907900,2643100,4737368400,4740133700
45,1725,241725393094700,2910800,4781555200,4784320500
45,1741,241725437188300,2710800,4825648800,4828414100
45,1757,241725484665400,3021300,4873125900,4875891200
45,1773,241725531038900,2883800,4919499400,4922264700
45,1789,241725577090100,2909300,4965550600,4968315900
45,1805,241725624767900,2554900,5013228400,5015993700
45,1821,241725666953100,3235500,5055413600,5058178900
45,1837,241725713717700,2869500,5102178200,5104943500
45,1853,241725762901500,2750800,5151362000,5154127300
45,1869,241725807125500,2804600,5195586000,5198351300
45,1885,241725852277700,2868700,5240738200,5243503500
45,1901,241725897576300,3041000,5286036800,5288802100
45,1917,241725946862200,2702300,5335322700,5338088000
45,1933,241725989862500,2700300,5378323000,5381088300
45,1949,241726035888600,2570500,5424349100,5427114400
45,1965,241726077929800,2651600,5466390300,5469155600
45,1981,241726119813800,2654300,5508274300,5511039600
45,1997,241726162683300,2684700,5551143800,5553909100
45,2013,241726206027600,2663000,5594488100,5597253400
45,2029,241726254661800,2584400,5643122300,5645887600
45,2045,241726297533700,3698200,5685994200,5688759500
46,14,241720807243200,3019100,195703700,198469000
46,30,241720877379200,4398000,265839700,268605000
46,46,241720944872400,4516500,333332900,336098200
46,62,241721003683900,3575800,392144400,394909700
46,78,241721058533600,3362600,446994100,449759400
46,94,241721116596800,2569100,505057300,507822600
46,110,241721185455600,2935200,573916100,576681400
46,126,241721234110900,2590700,622571400,625336700
46,142,241721286781500,4014800,675242000,678007300
46,158,241721344751000,3246400,733211500,735976800
46,174,241721400761200,2725000,789221700,791987000
46,190,241721440781100,2385400,829241600,832006900
46,206,241721478054800,2237200,866515300,869280600
46,222,241721514891200,2220800,903351700,906117000
46,238,241721558140200,3544300,946600700,949366000
46,254,241721596340000,2279200,984800500,987565800
46,270,241721633256200,2331300,1021716700,1024482000
46,286,241721675760500,2482500,1064221000,1066986300
46,302,241721715902700,2366700,1104363200,1107128500
46,318,241721753145600,2214300,1141606100,1144371400
46,334,241721790942600,2277500,1179403100,1182168400
46,350,241721828399500,2525700,1216860000,1219625300
46,366,241721872291400,2342000,1260751900,1263517200
46,382,241721909869200,2664700,1298329700,1301095000
46,398,241721946862800,2228300,1335323300,1338088600
46,414,241721983773500,2304200,1372234000,1374999300
46,430,241722020817400,2575600,1409277900,1412043200
46,446,241722058584200,2313200,1447044700,1449810000
46,462,241722093834500,2271400,1482295000,1485060300
46,478,241722130326300,2292400,1518786800,1521552100
46,494,241722166952500,9066600,1555413000,1558178300
46,510,241722210486700,2266700,1598947200,1601712500
46,526,241722247463000,2189100,1635923500,1638688800
46,542,241722283648800,2241200,1672109300,1674874600
46,558,241722320180100,2253100,1708640600,1711405900
46,574,241722356263000,2190000,1744723500,1747488800
46,590,241722392493900,2165800,1780954400,1783719700
46,606,241722428482100,2336900,1816942600,1819707900
46,622,241722473246400,2293800,1861706900,1864472200
46,638,241722509497400,2323900,1897957900,1900723200
46,654,241722545176500,2188000,1933637000,1936402300
46,670,241722581693900,2219500,1970154400,1972919700
46,686,241722618020300,2197300,2006480800,2009246100
46,702,241722654629800,2198100,2043090300,2045855600
46,718,241722691381800,2287000,2079842300,2082607600
46,734,241722726862000,2164000,2115322500,2118087800
46,750,241722771131300,2288900,2159591800,2162357100
46,766,241722807062600,2235200,2195523100,2198288400
46,782,241722843359800,2372500,2231820300,2234585600
46,798,241722880126600,2205100,2268587100,2271352400
46,814,241722916997500,2180000,2305458000,2308223300
46,830,241722953173700,2307200,2341634200,2344399500
46,846,241722988620400,2194100,2377080900,2379846200
46,862,241723032260100,2291000,2420720600,2423485900
46,878,241723068753800,2292100,2457214300,2459979600
46,894,241723104722100,2179900,2493182600,2495947900
46,910,241723140889400,2298300,2529349900,2532115200
46,926,241723176836100,2209300,2565296600,2568061900
46,942,241723212592400,2221300,2601052900,2603818200
46,958,241723248653800,2238500,2637114300,2639879600
46,974,241723285545600,2356900,2674006100,2676771400
46,990,241723329211100,2288900,2717671600,2720436900
46,1006,241723364693200,2153500,2753153700,2755919000
46,1022,241723399692800,2261400,2788153300,2790918600
46,1038,241723435920700,2308000,2824381200,2827146500
46,1054,241723472022400,2167300,2860482900,2863248200
46,1070,241723507384800,2216200,2895845300,2898610600
46,1086,241723542776000,2114200,2931236500,2934001800
46,1102,241723582502600,2136700,2970963100,2973728400
46,1118,241723617902700,2812500,3006363200,3009128500
46,1134,241723660536000,2663500,3048996500,3051761800
46,1150,241723703404400,2579800,3091864900,3094630200
46,1166,241723747061500,2942000,3135522000,3138287300
46,1182,241723793259300,2791600,3181719800,3184485100
46,1198,241723836669900,6271000,3225130400,3227895700
46,1214,241723888086700,3029100,3276547200,3279312500
46,1230,241723934849200,2918100,3323309700,3326075000
46,1246,241723982654100,2896700,3371114600,3373879900
46,1262,241724029446200,2929200,3417906700,3420672000
46,1278,241724075282500,2891700,3463743000,3466508300
46,1294,241724120829800,2996700,3509290300,3512055600
46,1310,241724166861900,2875700,3555322400,3558087700
46,1326,241724212984700,2807100,3601445200,3604210500
46,1342,241724263647200,2726900,3652107700,3654873000
46,1358,241724307768600,2790600,3696229100,3698994400
46,1374,241724354951700,2916600,3743412200,3746177500
46,1390,241724398166800,2788300,3786627300,3789392600
46,1406,241724445269800,2820700,3833730300,3836495600
46,1422,241724489886000,2616600,3878346500,3881111800
46,1438,241724533267400,2913800,3921727900,3924493200
46,1454,241724584502000,2896600,3972962500,3975727800
46,1470,241724631458600,2776500,4019919100,4022684400
46,1486,241724678522600,2772200,4066983100,4069748400
46,1502,241724723169900,2654900,4111630400,4114395700
46,1518,241724768273500,2911300,4156734000,4159499300
46,1534,241724818730600,2672200,4207191100,4209956400
46,1550,241724865457100,2804300,4253917600,4256682900
46,1566,241724919173100,3211200,4307633600,4310398900
46,1582,241724972442400,3286900,4360902900,4363668200
46,1598,241725023119200,3060800,4411579700,4414345000
46,1614,241725068894400,2638100,4457354900,4460120200
46,1630,241725115396100,2894200,4503856600,4506621900
46,1646,241725161491100,2759400,4549951600,4552716900
46,1662,241725205452700,2871400,4593913200,4596678500
46,1678,241725256247500,2886100,4644708000,4647473300
46,1694,241725302152700,2891300,4690613200,4693378500
46,1710,241725349479700,2626500,4737940200,4740705500
46,1726,241725393786900,2825700,4782247400,4785012700
46,1742,241725437825500,2735900,4826286000,4829051300
46,1758,241725485321200,3018800,4873781700,4876547000
46,1774,241725531645000,2875800,4920105500,4922870800
46,1790,241725577705200,2894000,4966165700,4968931000
46,1806,241725625293300,2553600,5013753800,5016519100
46,1822,241725667376100,4449100,5055836600,5058601900
46,1838,241725714272300,2839100,5102732800,5105498100
46,1854,241725763400400,2741400,5151860900,5154626200
46,1870,241725807659300,2735800,5196119800,5198885100
46,1886,241725854013500,2725500,5242474000,5245239300
46,1902,241725899413400,2956300,5287873900,5290639200
46,1918,241725948293100,2768000,5336753600,5339518900
46,1934,241725991326800,2837500,5379787300,5382552600
46,1950,241726036000600,2561900,5424461100,5427226400
46,1966,241726078036400,2663900,5466496900,5469262200
46,1982,241726119915500,2659700,5508376000,5511141300
46,1998,241726162790700,2678800,5551251200,5554016500
46,2014,241726206136900,2662700,5594597400,5597362700
46,2030,241726254772600,2574700,5643233100,5645998400
46,2046,241726297679200,3797900,5686139700,5688905000
47,15,241720810416000,2895700,198876500,201641800
47,31,241720881925300,4702000,270385800,273151100
47,47,241720949523400,3148500,337983900,340749200
47,63,241721007194700,3768100,395655200,398420500
47,79,241721061690900,3689800,450151400,452916700
47,95,241721119004100,2612500,507464600,510229900
47,111,241721188133600,2611800,576594100,579359400
47,127,241721236466300,2982100,624926800,627692100
47,143,241721290433900,3823700,678894400,681659700
47,159,241721347428200,3159900,735888700,738654000
47,175,241721403127200,2764200,791587700,794353000
47,191,241721442862100,2366100,831322600,834087900
47,207,241721480050900,2238000,868511400,871276700
47,223,241721516831100,2248200,905291600,908056900
47,239,241721561283900,2821900,949744400,952509700
47,255,241721598390600,2361800,986851100,989616400
47,271,241721635459000,2554400,1023919500,1026684800
47,287,241721678698300,2432200,1067158800,1069924100
47,303,241721718707400,2387400,1107167900,1109933200
47,319,241721755808800,2463600,1144269300,1147034600
47,335,241721793556100,2301400,1182016600,1184781900
47,351,241721831214100,2296400,1219674600,1222439900
47,367,241721874755400,2235700,1263215900,1265981200
47,383,241721912604900,2419100,1301065400,1303830700
47,399,241721949130100,2378900,1337590600,1340355900
47,415,241721986175500,2269900,1374636000,1377401300
47,431,241722023426800,2340700,1411887300,1414652600
47,447,241722060835800,2236300,1449296300,1452061600
47,463,241722097967700,2339300,1486428200,1489193500
47,479,241722134823300,2234000,1523283800,1526049100
47,495,241722177972500,2320700,1566433000,1569198300
47,511,241722214593900,2173700,1603054400,1605819700
47,527,241722251459400,2315000,1639919900,1642685200
47,543,241722287683200,2348900,1676143700,1678909000
47,559,241722324267200,2206600,1712727700,1715493000
47,575,241722360295300,2162100,1748755800,1751521100
47,591,241722396445100,2295300,1784905600,1787670900
47,607,241722432758300,2302300,1821218800,1823984100
47,623,241722477432900,2328800,1865893400,1868658700
47,639,241722514980900,2206100,1903441400,1906206700
47,655,241722550655000,2280300,1939115500,1941880800
47,671,241722587091100,2448200,1975551600,1978316900
47,687,241722623644700,2336200,2012105200,2014870500
47,703,241722659983500,2245400,2048444000,2051209300
47,719,241722696910600,2410800,2085371100,2088136400
47,735,241722732209600,2520800,2120670100,2123435400
47,751,241722776841000,2246600,2165301500,2168066800
47,767,241722812678500,2213300,2201139000,2203904300
47,783,241722849219500,2248400,2237680000,2240445300
47,799,241722885644600,2412100,2274105100,2276870400
47,815,241722923335200,2171600,2311795700,2314561000
47,831,241722959786400,2293500,2348246900,2351012200
47,847,241722994865700,2163600,2383326200,2386091500
47,863,241723038724600,2148300,2427185100,2429950400
47,879,241723075378100,2302000,2463838600,2466603900
47,895,241723111222100,2474400,2499682600,2502447900
47,911,241723147444100,2278200,2535904600,2538669900
47,927,241723183112300,2161100,2571572800,2574338100
47,943,241723218952200,2273600,2607412700,2610178000
47,959,241723255192200,2300200,2643652700,2646418000
47,975,241723292096800,2299800,2680557300,2683322600
47,991,241723337872500,2184200,2726333000,2729098300
47,1007,241723373210500,2264000,2761671000,2764436300
47,1023,241723408897300,2227000,2797357800,2800123100
47,1039,241723444900600,2361300,2833361100,2836126400
47,1055,241723480705300,2226900,2869165800,2871931100
47,1071,241723516316200,2239300,2904776700,2907542000
47,1087,241723551202700,2155100,2939663200,2942428500
47,1103,241723591282700,2144700,2979743200,2982508500
47,1119,241723629178700,2644700,3017639200,3020404500
47,1135,241723671161200,2661200,3059621700,3062387000
47,1151,241723714071800,2635300,3102532300,3105297600
47,1167,241723760559400,3500600,3149019900,3151785200
47,1183,241723804311800,2713800,3192772300,3195537600
47,1199,241723851285500,2884000,3239746000,3242511300
47,1215,241723900388200,2875600,3288848700,3291614000
47,1231,241723946972700,2962100,3335433200,3338198500
47,1247,241723994704600,2902700,3383165100,3385930400
47,1263,241724041309400,2853400,3429769900,3432535200
47,1279,241724087344900,3017900,3475805400,3478570700
47,1295,241724132576000,2920600,3521036500,3523801800
47,1311,241724178772000,2868600,3567232500,3569997800
47,1327,241724229486200,3918900,3617946700,3620712000
47,1343,241724275348300,2942400,3663808800,3666574100
47,1359,241724320877900,2917400,3709338400,3712103700
47,1375,241724366694800,2614100,3755155300,3757920600
47,1391,241724409798300,2774700,3798258800,3801024100
47,1407,241724457736500,2954300,3846197000,3848962300
47,1423,241724501083200,2588600,3889543700,3892309000
47,1439,241724545537100,2992900,3933997600,3936762900
47,1455,241724597359300,2934700,3985819800,3988585100
47,1471,241724643861300,2919300,4032321800,4035087100
47,1487,241724690875200,2786200,4079335700,4082101000
47,1503,241724734748300,2931900,4123208800,4125974100
47,1519,241724780895100,2858500,4169355600,4172120900
47,1535,241724828145700,2727200,4216606200,4219371500
47,1551,241724875629900,2745600,4264090400,4266855700
47,1567,241724931096600,3324100,4319557100,4322322400
47,1583,241724984102400,3303600,4372562900,4375328200
47,1599,241725034113900,3099000,4422574400,4425339700
47,1615,241725078174000,2635500,4466634500,4469399800
47,1631,241725125536900,3042200,4513997400,4516762700
47,1647,241725170999000,2624700,4559459500,4562224800
47,1663,241725215574900,2896800,4604035400,4606800700
47,1679,241725266354300,2925600,4654814800,4657580100
47,1695,241725312365600,2864800,4700826100,4703591400
47,1711,241725355844000,2593600,4744304500,4747069800
47,1727,241725400611200,2717900,4789071700,4791837000
47,1743,241725445488800,2946600,4833949300,4836714600
47,1759,241725492892100,2865400,4881352600,4884117900
47,1775,241725538706900,2930000,4927167400,4929932700
47,1791,241725589554200,2733800,4978014700,4980780000
47,1807,241725631888000,2583600,5020348500,5023113800
47,1823,241725676912400,2899300,5065372900,5068138200
47,1839,241725721176500,2751600,5109637000,5112402300
47,1855,241725770346100,2748100,5158806600,5161571900
47,1871,241725814731000,2792700,5203191500,5205956800
47,1887,241725858010500,2761300,5246471000,5249236300
47,1903,241725903728300,2855700,5292188800,5294954100
47,1919,241725952276900,2786200,5340737400,5343502700
47,1935,241725995406000,2716600,5383866500,5386631800
47,1951,241726042318000,2635200,5430778500,5433543800
47,1967,241726084206400,2574500,5472666900,5475432200
47,1983,241726126154400,2637800,5514614900,5517380200
47,1999,241726169372400,3030200,5557832900,5560598200
47,2015,241726212299400,2768700,5600759900,5603525200
47,2031,241726260862100,2596800,5649322600,5652087900
47,2047,241726305143200,1616900,5693603700,5696369000
48,0,241720726502200,12507800,114962700,117728000
48,16,241720813364100,3314200,201824600,204589900
48,32,241720886831700,4185600,275292200,278057500
48,48,241720952795800,2866700,341256300,344021600
48,64,241721011184800,4430700,399645300,402410600
48,80,241721065642200,3268500,454102700,456868000
48,96,241721121688800,2597300,510149300,512914600
48,112,241721191344100,2483100,579804600,582569900
48,128,241721240055700,2983700,628516200,631281500
48,144,241721295035700,3134000,683496200,686261500
48,160,241721351260500,2800900,739721000,742486300
48,176,241721406473900,2675700,794934400,797699700
48,192,241721445732200,2363400,834192700,836958000
48,208,241721482788600,2359800,871249100,874014400
48,224,241721519540200,2266200,908000700,910766000
48,240,241721564538100,2313900,952998600,955763900
48,256,241721601200400,2341000,989660900,992426200
48,272,241721638376000,2856800,1026836500,1029601800
48,288,241721680841700,2442200,1069302200,1072067500
48,304,241721720796200,2372300,1109256700,1112022000
48,320,241721758034500,2630200,1146495000,1149260300
48,336,241721795702300,2301100,1184162800,1186928100
48,352,241721833449400,2296800,1221909900,1224675200
48,368,241721876963100,2538100,1265423600,1268188900
48,384,241721914932300,2330200,1303392800,1306158100
48,400,241721951422300,2204800,1339882800,1342648100
48,416,241721988482000,2409700,1376942500,1379707800
48,432,241722025854000,2353900,1414314500,1417079800
48,448,241722063011200,2203900,1451471700,1454237000
48,464,241722099986300,2373300,1488446800,1491212100
48,480,241722136837700,2247600,1525298200,1528063500
48,496,241722180055100,2251400,1568515600,1571280900
48,512,241722216532800,2178300,1604993300,1607758600
48,528,241722253587300,2315700,1642047800,1644813100
48,544,241722289876200,2281800,1678336700,1681102000
48,560,241722326296800,2235300,1714757300,1717522600
48,576,241722362251100,2293300,1750711600,1753476900
48,592,241722398480500,2418600,1786941000,1789706300
48,608,241722434755000,2217900,1823215500,1825980800
48,624,241722479459600,2242700,1867920100,1870685400
48,640,241722516630700,2166100,1905091200,1907856500
48,656,241722552301700,2424100,1940762200,1943527500
48,672,241722588938800,2391600,1977399300,1980164600
48,688,241722625374800,2302600,2013835300,2016600600
48,704,241722661644800,2292900,2050105300,2052870600
48,720,241722698736100,2269100,2087196600,2089961900
48,736,241722734008100,2363200,2122468600,2125233900
48,752,241722778420400,2313300,2166880900,2169646200
48,768,241722814201100,2208800,2202661600,2205426900
48,784,241722850706600,2244300,2239167100,2241932400
48,800,241722887385200,2264700,2275845700,2278611000
48,816,241722924314700,2175000,2312775200,2315540500
48,832,241722960779100,2328800,2349239600,2352004900
48,848,241722995855900,2229800,2384316400,2387081700
48,864,241723039717700,2141400,2428178200,2430943500
48,880,241723076465800,2304200,2464926300,2467691600
48,896,241723112368400,2442200,2500828900,2503594200
48,912,241723148520300,2247400,2536980800,2539746100
48,928,241723184062300,2204400,2572522800,2575288100
48,944,241723219940700,2284100,2608401200,2611166500
48,960,241723256246800,2309500,2644707300,2647472600
48,976,241723293094200,2328600,2681554700,2684320000
48,992,241723336514500,2156800,2724975000,2727740300
48,1008,241723371895300,2194600,2760355800,2763121100
48,1024,241723407451300,2231400,2795911800,2798677100
48,1040,241723443424800,2190000,2831885300,2834650600
48,1056,241723479198200,2217800,2867658700,2870424000
48,1072,241723514795600,2232000,2903256100,2906021400
48,1088,241723549812700,2088300,2938273200,2941038500
48,1104,241723589725500,2187600,2978186000,2980951300
48,1120,241723627133800,2640800,3015594300,3018359600
48,1136,241723669090500,2632300,3057551000,3060316300
48,1152,241723712023100,2627700,3100483600,3103248900
48,1168,241723759202200,4056300,3147662700,3150428000
48,1184,241723803527900,2709900,3191988400,3194753700
48,1200,241723850550400,2771900,3239010900,3241776200
48,1216,241723899390400,2958800,3287850900,3290616200
48,1232,241723945994000,2987200,3334454500,3337219800
48,1248,241723993784400,2938800,3382244900,3385010200
48,1264,241724040363500,2899800,3428824000,3431589300
48,1280,241724086431200,3053900,3474891700,3477657000
48,1296,241724131682000,2929000,3520142500,3522907800
48,1312,241724177877700,2879000,3566338200,3569103500
48,1328,241724228511300,3957000,3616971800,3619737100
48,1344,241724274236500,3003800,3662697000,3665462300
48,1360,241724319988100,2900100,3708448600,3711213900
48,1376,241724365876300,2620500,3754336800,3757102100
48,1392,241724408886400,2775100,3797346900,3800112200
48,1408,241724456758500,2928100,3845219000,3847984300
48,1424,241724500194900,2560500,3888655400,3891420700
48,1440,241724544583400,2839800,3933043900,3935809200
48,1456,241724596345200,2934500,3984805700,3987571000
48,1472,241724642822300,2890500,4031282800,4034048100
48,1488,241724689791800,2862100,4078252300,4081017600
48,1504,241724733711300,2989000,4122171800,4124937100
48,1520,241724779880600,2803800,4168341100,4171106400
48,1536,241724827504400,2734400,4215964900,4218730200
48,1552,241724875000300,2757700,4263460800,4266226100
48,1568,241724930260000,3379000,4318720500,4321485800
48,1584,241724983378700,3268800,4371839200,4374604500
48,1600,241725033301700,3134400,4421762200,4424527500
48,1616,241725077541500,2593800,4466002000,4468767300
48,1632,241725124977700,2986400,4513438200,4516203500
48,1648,241725170490100,2632500,4558950600,4561715900
48,1664,241725214975300,2882700,4603435800,4606201100
48,1680,241725265713800,2919100,4654174300,4656939600
48,1696,241725311670300,2920400,4700130800,4702896100
48,1712,241725356531100,2569300,4744991600,4747756900
48,1728,241725401215600,2703500,4789676100,4792441400
48,1744,241725446101600,2937500,4834562100,4837327400
48,1760,241725493450900,2865500,4881911400,4884676700
48,1776,241725539257200,2932200,4927717700,4930483000
48,1792,241725590098400,2698800,4978558900,4981324200
48,1808,241725632377200,2656000,5020837700,5023603000
48,1824,241725677453900,2878600,5065914400,5068679700
48,1840,241725721709100,2749400,5110169600,5112934900
48,1856,241725770780800,2865400,5159241300,5162006600
48,1872,241725815220800,2793700,5203681300,5206446600
48,1888,241725859957100,2759500,5248417600,5251182900
48,1904,241725905910400,2761700,5294370900,5297136200
48,1920,241725954385200,2750000,5342845700,5345611000
48,1936,241725997465600,2774500,5385926100,5388691400
48,1952,241726041888500,2648700,5430349000,5433114300
48,1968,241726083826300,2568500,5472286800,5475052100
48,1984,241726125761600,2636900,5514222100,5516987400
48,2000,241726169002700,3011100,5557463200,5560228500
48,2016,241726211953200,2684900,5600413700,5603179000
48,2032,241726260518900,2587900,5648979400,5651744700
49,1,241720739065400,5421100,127525900,130291200
49,17,241720816724000,4552000,205184500,207949800
49,33,241720891112900,3563000,279573400,282338700
49,49,241720955753100,4439000,344213600,346978900
49,65,241721015745400,4064500,404205900,406971200
49,81,241721069053500,3893200,457514000,460279300
49,97,241721124396100,2703300,512856600,515621900
49,113,241721194018200,2622800,582478700,585244000
49,129,241721243327800,4314700,631788300,634553600
49,145,241721298421300,3104900,686881800,689647100
49,161,241721354338900,3109100,742799400,745564700
49,177,241721409421300,2443100,797881800,800647100
49,193,241721448413100,2277200,836873600,839638900
49,209,241721485435100,2320800,873895600,876660900
49,225,241721522173000,2290900,910633500,913398800
49,241,241721567183700,2289900,955644200,958409500
49,257,241721603821700,2232800,992282200,995047500
49,273,241721641525200,2613400,1029985700,1032751000
49,289,241721684071500,2917200,1072532000,1075297300
49,305,241721723877400,2284200,1112337900,1115103200
49,321,241721761419900,2565600,1149880400,1152645700
49,337,241721798994300,2365400,1187454800,1190220100
49,353,241721836362000,2248500,1224822500,1227587800
49,369,241721880189900,2397000,1268650400,1271415700
49,385,241721917864100,2267400,1306324600,1309089900
49,401,241721954154800,2226800,1342615300,1345380600
49,417,241721991321800,2309200,1379782300,1382547600
49,433,241722028597400,2330700,1417057900,1419823200
49,449,241722065627700,2223600,1454088200,1456853500
49,465,241722101266200,2294100,1489726700,1492492000
49,481,241722137998400,2385400,1526458900,1529224200
49,497,241722181186900,2430900,1569647400,1572412700
49,513,241722217651900,2168300,1606112400,1608877700
49,529,241722254754700,2231200,1643215200,1645980500
49,545,241722291039600,2261900,1679500100,1682265400
49,561,241722327441000,2266300,1715901500,1718666800
49,577,241722363371000,2504300,1751831500,1754596800
49,593,241722399833500,2238600,1788294000,1791059300
49,609,241722435982700,2202900,1824443200,1827208500
49,625,241722480770900,2227700,1869231400,1871996700
49,641,241722516231700,2167200,1904692200,1907457500
49,657,241722551862200,2400500,1940322700,1943088000
49,673,241722588485200,2597400,1976945700,1979711000
49,689,241722625193300,2270100,2013653800,2016419100
49,705,241722661437100,2278400,2049897600,2052662900
49,721,241722698435900,2276000,2086896400,2089661700
49,737,241722733706400,2384400,2122166900,2124932200
49,753,241722778115800,2306500,2166576300,2169341600
49,769,241722813895300,2215000,2202355800,2205121100
49,785,241722850405300,2235700,2238865800,2241631100
49,801,241722886985500,2307100,2275446000,2278211300
49,817,241722923660200,2167400,2312120700,2314886000
49,833,241722960147700,2319100,2348608200,2351373500
49,849,241722995213300,2188200,2383673800,2386439100
49,865,241723039104500,2144400,2427565000,2430330300
49,881,241723075813700,2308000,2464274200,2467039500
49,897,241723111720100,2450700,2500180600,2502945900
49,913,241723147895200,2264600,2536355700,2539121000
49,929,241723183523000,2170200,2571983500,2574748800
49,945,241723219345800,2279200,2607806300,2610571600
49,961,241723255610200,2290500,2644070700,2646836000
49,977,241723292511300,2310900,2680971800,2683737100
49,993,241723336936600,2113900,2725397100,2728162400
49,1009,241723372296000,2179400,2760756500,2763521800
49,1025,241723407868600,2231600,2796329100,2799094400
49,1041,241723443889900,2244300,2832350400,2835115700
49,1057,241723479674100,2215000,2868134600,2870899900
49,1073,241723515306300,2227500,2903766800,2906532100
49,1089,241723550318300,2097100,2938778800,2941544100
49,1105,241723590399700,2181200,2978860200,2981625500
49,1121,241723627923200,2641200,3016383700,3019149000
49,1137,241723669878400,2660900,3058338900,3061104200
49,1153,241723712791100,2657500,3101251600,3104016900
49,1169,241723759248000,4068600,3147708500,3150473800
49,1185,241723803600500,2707000,3192061000,3194826300
49,1201,241723850669400,2761100,3239129900,3241895200
49,1217,241723899565000,2908200,3288025500,3290790800
49,1233,241723946152300,2992800,3334612800,3337378100
49,1249,241723993885200,2922000,3382345700,3385111000
49,1265,241724040449700,2883500,3428910200,3431675500
49,1281,241724086518600,3051400,3474979100,3477744400
49,1297,241724131771500,2923100,3520232000,3522997300
49,1313,241724177957400,2883700,3566417900,3569183200
49,1329,241724228585600,3966500,3617046100,3619811400
49,1345,241724274307400,3826300,3662767900,3665533200
49,1361,241724320714600,2919000,3709175100,3711940400
49,1377,241724366547000,2616200,3755007500,3757772800
49,1393,241724409639900,2755400,3798100400,3800865700
49,1409,241724457568600,2936600,3846029100,3848794400
49,1425,241724501044100,2586900,3889504600,3892269900
49,1441,241724545453700,2983100,3933914200,3936679500
49,1457,241724597278500,2930500,3985739000,3988504300
49,1473,241724643739100,2913200,4032199600,4034964900
49,1489,241724690741300,2787700,4079201800,4081967100
49,1505,241724734602800,2971400,4123063300,4125828600
49,1521,241724780807000,2818700,4169267500,4172032800
49,1537,241724828965900,2728800,4217426400,4220191700
49,1553,241724876435500,2723000,4264896000,4267661300
49,1569,241724932096300,3347600,4320556800,4323322100
49,1585,241724985081600,3345000,4373542100,4376307400
49,1601,241725035160900,3092400,4423621400,4426386700
49,1617,241725079037500,2624000,4467498000,4470263300
49,1633,241725126621700,3045000,4515082200,4517847500
49,1649,241725171980000,2747800,4560440500,4563205800
49,1665,241725216659200,2893700,4605119700,4607885000
49,1681,241725267480300,2877700,4655940800,4658706100
49,1697,241725313486400,2800200,4701946900,4704712200
49,1713,241725359255800,2661700,4747716300,4750481600
49,1729,241725404268900,2752500,4792729400,4795494700
49,1745,241725449429200,2950600,4837889700,4840655000
49,1761,241725496678100,2839900,4885138600,4887903900
49,1777,241725542564100,2868700,4931024600,4933789900
49,1793,241725593126300,2764800,4981586800,4984352100
49,1809,241725635364400,2714600,5023824900,5026590200
49,1825,241725680665000,2704400,5069125500,5071890800
49,1841,241725724797400,2857700,5113257900,5116023200
49,1857,241725774023900,2791500,5162484400,5165249700
49,1873,241725818367800,2785400,5206828300,5209593600
49,1889,241725863461500,2813200,5251922000,5254687300
49,1905,241725909505100,2674500,5297965600,5300730900
49,1921,241725958008900,2867400,5346469400,5349234700
49,1937,241726001046100,2801500,5389506600,5392271900
49,1953,241726046578600,2637300,5435039100,5437804400
49,1969,241726088391600,2631900,5476852100,5479617400
49,1985,241726130432100,2619900,5518892600,5521657900
49,2001,241726174065500,2629900,5562526000,5565291300
49,2017,241726216930700,3035400,5605391200,5608156500
49,2033,241726265088700,2584700,5653549200,5656314500
50,2,241720744652200,5750800,133112700,135878000
50,18,241720821420200,4070300,209880700,212646000
50,34,241720894634900,3399200,283095400,285860700
50,50,241720960119200,4701500,348579700,351345000
50,66,241721019895900,3712700,408356400,411121700
50,82,241721073040000,4457100,461500500,464265800
50,98,241721127216300,2887600,515676800,518442100
50,114,241721194760500,2573200,583221000,585986300
50,130,241721244498900,3884000,632959400,635724700
50,146,241721299307000,3090900,687767500,690532800
50,162,241721355042700,3463100,743503200,746268500
50,178,241721410062400,2492700,798522900,801288200
50,194,241721448939100,2331400,837399600,840164900
50,210,241721486014300,2285300,874474800,877240100
50,226,241721522637300,2275100,911097800,913863100
50,242,241721567700800,2269700,956161300,958926600
50,258,241721604554100,2235700,993014600,995779900
50,274,241721642318000,2561300,1030778500,1033543800
50,290,241721684803800,3237200,1073264300,1076029600
50,306,241721724533300,2280600,1112993800,1115759100
50,322,241721762240500,2456200,1150701000,1153466300
50,338,241721799750100,2326400,1188210600,1190975900
50,354,241721837165500,2230800,1225626000,1228391300
50,370,241721881098500,2303900,1269559000,1272324300
50,386,241721918707500,2355800,1307168000,1309933300
50,402,241721955066000,2343400,1343526500,1346291800
50,418,241721992231900,2273200,1380692400,1383457700
50,434,241722029519800,2316600,1417980300,1420745600
50,450,241722066513300,2207000,1454973800,1457739100
50,466,241722103918700,2311700,1492379200,1495144500
50,482,241722140598800,2289700,1529059300,1531824600
50,498,241722183843000,2245100,1572303500,1575068800
50,514,241722220033100,2196000,1608493600,1611258900
50,530,241722257088600,2296600,1645549100,1648314400
50,546,241722293422600,2339800,1681883100,1684648400
50,562,241722329799500,2251400,1718260000,1721025300
50,578,241722365943300,2349600,1754403800,1757169100
50,594,241722402161300,2120000,1790621800,1793387100
50,610,241722438285200,2197300,1826745700,1829511000
50,626,241722482970900,2246000,1871431400,1874196700
50,642,241722518713800,2187500,1907174300,1909939600
50,658,241722554632800,2341800,1943093300,1945858600
50,674,241722591243800,2242500,1979704300,1982469600
50,690,241722627616900,2235200,2016077400,2018842700
50,706,241722663869800,2229900,2052330300,2055095600
50,722,241722700919200,2216900,2089379700,2092145000
50,738,241722736284400,2193300,2124744900,2127510200
50,754,241722780643200,2233500,2169103700,2171869000
50,770,241722816323400,2214000,2204783900,2207549200
50,786,241722852834100,2192700,2241294600,2244059900
50,802,241722889501100,2239700,2277961600,2280726900
50,818,241722926457400,2178600,2314917900,2317683200
50,834,241722963077700,2169400,2351538200,2354303500
50,850,241722997994500,2415000,2386455000,2389220300
50,866,241723041803600,2309300,2430264100,2433029400
50,882,241723078651600,2261100,2467112100,2469877400
50,898,241723114712700,2281700,2503173200,2505938500
50,914,241723150677700,2204700,2539138200,2541903500
50,930,241723186125500,2176000,2574586000,2577351300
50,946,241723222087000,2239000,2610547500,2613312800
50,962,241723258418600,2383600,2646879100,2649644400
50,978,241723295346900,10046400,2683807400,2686572700
50,994,241723340129500,2296300,2728590000,2731355300
50,1010,241723375626700,2215800,2764087200,2766852500
50,1026,241723411190200,2191800,2799650700,2802416000
50,1042,241723447119300,2234700,2835579800,2838345100
50,1058,241723482809400,2186400,2871269900,2874035200
50,1074,241723518431400,2245300,2906891900,2909657200
50,1090,241723553220800,2096500,2941681300,2944446600
50,1106,241723593369000,2198800,2981829500,2984594800
50,1122,241723631535900,2591000,3019996400,3022761700
50,1138,241723673538200,2611600,3061998700,3064764000
50,1154,241723716429700,2597800,3104890200,3107655500
50,1170,241723763697600,2599100,3152158100,3154923400
50,1186,241723806669400,2630600,3195129900,3197895200
50,1202,241723853802600,2680000,3242263100,3245028400
50,1218,241723902909300,3109900,3291369800,3294135100
50,1234,241723949532100,2896500,3337992600,3340757900
50,1250,241723997249800,2939500,3385710300,3388475600
50,1266,241724043771500,2857800,3432232000,3434997300
50,1282,241724090008400,2886000,3478468900,3481234200
50,1298,241724135137000,2808600,3523597500,3526362800
50,1314,241724181283300,2914000,3569743800,3572509100
50,1330,241724233004400,3081500,3621464900,3624230200
50,1346,241724276290800,2871100,3664751300,3667516600
50,1362,241724321758300,2960800,3710218800,3712984100
50,1378,241724367523200,2603400,3755983700,3758749000
50,1394,241724410702800,2801800,3799163300,3801928600
50,1410,241724458672800,2946000,3847133300,3849898600
50,1426,241724501919700,2565200,3890380200,3893145500
50,1442,241724546455200,3009100,3934915700,3937681000
50,1458,241724598295700,2938900,3986756200,3989521500
50,1474,241724644734600,3056400,4033195100,4035960400
50,1490,241724691780500,2776800,4080241000,4083006300
50,1506,241724735763800,2894600,4124224300,4126989600
50,1522,241724781777800,2937400,4170238300,4173003600
50,1538,241724829565800,2693200,4218026300,4220791600
50,1554,241724877098600,2720900,4265559100,4268324400
50,1570,241724932879900,3353800,4321340400,4324105700
50,1586,241724985891900,3294600,4374352400,4377117700
50,1602,241725035864600,3088300,4424325100,4427090400
50,1618,241725079602400,2646700,4468062900,4470828200
50,1634,241725127320700,3014500,4515781200,4518546500
50,1650,241725172551400,2745300,4561011900,4563777200
50,1666,241725217348100,2895600,4605808600,4608573900
50,1682,241725268140300,2870200,4656600800,4659366100
50,1698,241725314129700,2899700,4702590200,4705355500
50,1714,241725358715200,2651400,4747175700,4749941000
50,1730,241725403509500,2766500,4791970000,4794735300
50,1746,241725448640100,2975100,4837100600,4839865900
50,1762,241725495955000,2856800,4884415500,4887180800
50,1778,241725541835400,2879300,4930295900,4933061200
50,1794,241725592484000,2670800,4980944500,4983709800
50,1810,241725634679500,2739300,5023140000,5025905300
50,1826,241725679996400,2710300,5068456900,5071222200
50,1842,241725724120500,2763300,5112581000,5115346300
50,1858,241725773183300,2902700,5161643800,5164409100
50,1874,241725817636800,2776900,5206097300,5208862600
50,1890,241725861534800,2744100,5249995300,5252760600
50,1906,241725907520700,2631900,5295981200,5298746500
50,1922,241725955916800,2774300,5344377300,5347142600
50,1938,241725999018200,2709000,5387478700,5390244000
50,1954,241726045026500,2615600,5433487000,5436252300
50,1970,241726086855600,2594700,5475316100,5478081400
50,1986,241726128871000,2640700,5517331500,5520096800
50,2002,241726172439900,2662600,5560900400,5563665700
50,2018,241726215120900,3017800,5603581400,5606346700
50,2034,241726263492500,2575500,5651953000,5654718300
51,3,241720750520700,5887100,138981200,141746500
51,19,241720825807100,4198300,214267600,217032900
51,35,241720898214700,3966500,286675200,289440500
51,51,241720964973100,3846000,353433600,356198900
51,67,241721023742200,3367400,412202700,414968000
51,83,241721077632600,4347300,466093100,468858400
51,99,241721130185700,4086200,518646200,521411500
51,115,241721199099300,2771000,587559800,590325100
51,131,241721250474100,2631100,638934600,641699900
51,147,241721304974700,2693900,693435200,696200500
51,163,241721361580400,2526200,750040900,752806200
51,179,241721414972600,2491200,803433100,806198400
51,195,241721453193100,2281900,841653600,844418900
51,211,241721490131000,2295000,878591500,881356800
51,227,241721526795100,2176700,915255600,918020900
51,243,241721571986300,2249300,960446800,963212100
51,259,241721608573000,2286300,997033500,999798800
51,275,241721646845400,2398100,1035305900,1038071200
51,291,241721690058200,2383800,1078518700,1081284000
51,307,241721728567400,2372100,1117027900,1119793200
51,323,241721766586200,2295500,1155046700,1157812000
51,339,241721803970700,2316900,1192431200,1195196500
51,355,241721841251000,2198100,1229711500,1232476800
51,371,241721885356700,2354700,1273817200,1276582500
51,387,241721923040400,2352700,1311500900,1314266200
51,403,241721959530900,2420900,1347991400,1350756700
51,419,241721996531500,2225800,1384992000,1387757300
51,435,241722033992400,2411300,1422452900,1425218200
51,451,241722070791900,2350500,1459252400,1462017700
51,467,241722108564600,2187200,1497025100,1499790400
51,483,241722145279300,2212900,1533739800,1536505100
51,499,241722188430800,2173400,1576891300,1579656600
51,515,241722224801600,2395300,1613262100,1616027400
51,531,241722261996200,2241500,1650456700,1653222000
51,547,241722298334100,2185300,1686794600,1689559900
51,563,241722334548300,2248600,1723008800,1725774100
51,579,241722370840400,2284600,1759300900,1762066200
51,595,241722406709000,2136300,1795169500,1797934800
51,611,241722443247900,2257200,1831708400,1834473700
51,627,241722487842200,2226600,1876302700,1879068000
51,643,241722525160600,2302300,1913621100,1916386400
51,659,241722561492700,2206900,1949953200,1952718500
51,675,241722597949600,2253800,1986410100,1989175400
51,691,241722634389000,2632100,2022849500,2025614800
51,707,241722670787400,2256200,2059247900,2062013200
51,723,241722707426200,2229200,2095886700,2098652000
51,739,241722742732500,2157100,2131193000,2133958300
51,755,241722787224800,2192500,2175685300,2178450600
51,771,241722822936700,2244800,2211397200,2214162500
51,787,241722859639800,2405800,2248100300,2250865600
51,803,241722896158500,2245100,2284619000,2287384300
51,819,241722932857300,2315500,2321317800,2324083100
51,835,241722969588000,2171200,2358048500,2360813800
51,851,241723005036800,2227100,2393497300,2396262600
51,867,241723048835900,2249700,2437296400,2440061700
51,883,241723085268000,2182600,2473728500,2476493800
51,899,241723121533500,2205300,2509994000,2512759300
51,915,241723157419200,2183800,2545879700,2548645000
51,931,241723193179300,2226700,2581639800,2584405100
51,947,241723229037100,2233100,2617497600,2620262900
51,963,241723265600300,2321700,2654060800,2656826100
51,979,241723309841700,2429800,2698302200,2701067500
51,995,241723346441100,2297500,2734901600,2737666900
51,1011,241723381718200,2153400,2770178700,2772944000
51,1027,241723417144500,2151800,2805605000,2808370300
51,1043,241723453427100,2290000,2841887600,2844652900
51,1059,241723489001300,2226900,2877461800,2880227100
51,1075,241723524673800,2458700,2913134300,2915899600
51,1091,241723559522400,2192000,2947982900,2950748200
51,1107,241723599557600,2094400,2988018100,2990783400
51,1123,241723638923700,2599200,3027384200,3030149500
51,1139,241723681151800,2626600,3069612300,3072377600
51,1155,241723723974400,2818300,3112434900,3115200200
51,1171,241723770231600,2974600,3158692100,3161457400
51,1187,241723813531400,2655800,3201991900,3204757200
51,1203,241723860427300,2602800,3248887800,3251653100
51,1219,241723910213400,2871700,3298673900,3301439200
51,1235,241723956727900,3153200,3345188400,3347953700
51,1251,241724004447500,2888700,3392908000,3395673300
51,1267,241724050526100,2723900,3438986600,3441751900
51,1283,241724097138600,2884400,3485599100,3488364400
51,1299,241724142276700,2868000,3530737200,3533502500
51,1315,241724188455100,2932400,3576915600,3579680900
51,1331,241724240169300,2771900,3628629800,3631395100
51,1347,241724284825500,2753800,3673286000,3676051300
51,1363,241724330638100,2956800,3719098600,3721863900
51,1379,241724375417400,2743800,3763877900,3766643200
51,1395,241724418858800,2761800,3807319300,3810084600
51,1411,241724467277700,2761200,3855738200,3858503500
51,1427,241724509634600,2652200,3898095100,3900860400
51,1443,241724555074200,7731500,3943534700,3946300000
51,1459,241724607009100,2942600,3995469600,3998234900
51,1475,241724653880000,2951400,4042340500,4045105800
51,1491,241724699937500,2861100,4088398000,4091163300
51,1507,241724743846300,2736600,4132306800,4135072100
51,1523,241724790054500,2907300,4178515000,4181280300
51,1539,241724837566200,3104800,4226026700,4228792000
51,1555,241724884415400,2715800,4272875900,4275641200
51,1571,241724941297900,3299100,4329758400,4332523700
51,1587,241724994414600,3243000,4382875100,4385640400
51,1603,241725043851400,3122000,4432311900,4435077200
51,1619,241725086422900,2611200,4474883400,4477648700
51,1635,241725135000300,2909800,4523460800,4526226100
51,1651,241725179563800,2728400,4568024300,4570789600
51,1667,241725225099000,2865800,4613559500,4616324800
51,1683,241725275764500,2955300,4664225000,4666990300
51,1699,241725321916600,2899700,4710377100,4713142400
51,1715,241725365653300,2688300,4754113800,4756879100
51,1731,241725410660000,2710300,4799120500,4801885800
51,1747,241725456255000,2964500,4844715500,4847480800
51,1763,241725503358000,2899300,4891818500,4894583800
51,1779,241725549268300,2909000,4937728800,4940494100
51,1795,241725599534400,2610400,4987994900,4990760200
51,1811,241725641631100,2628700,5030091600,5032856900
51,1827,241725687059800,2770400,5075520300,5078285600
51,1843,241725735470100,2822700,5123930600,5126695900
51,1859,241725780540100,2704300,5169000600,5171765900
51,1875,241725824937500,2769200,5213398000,5216163300
51,1891,241725870744200,2839400,5259204700,5261970000
51,1907,241725916570800,7499000,5305031300,5307796600
51,1923,241725965482700,2604200,5353943200,5356708500
51,1939,241726008154100,2862500,5396614600,5399379900
51,1955,241726051099700,2582200,5439560200,5442325500
51,1971,241726092921300,2581800,5481381800,5484147100
51,1987,241726135044200,2860800,5523504700,5526270000
51,2003,241726178596300,2713700,5567056800,5569822100
51,2019,241726222092300,2784900,5610552800,5613318100
51,2035,241726269409500,2580000,5657870000,5660635300
52,4,241720756857100,6922900,145317600,148082900
52,20,241720831076200,4653100,219536700,222302000
52,36,241720902996500,3638800,291457000,294222300
52,52,241720969531100,2830900,357991600,360756900
52,68,241721027778500,3109400,416239000,419004300
52,84,241721082920700,4262700,471381200,474146500
52,100,241721135189600,4679100,523650100,526415400
52,116,241721200984000,2589700,589444500,592209800
52,132,241721252072300,2665200,640532800,643298100
52,148,241721306822500,2516200,695283000,698048300
52,164,241721363199000,2456300,751659500,754424800
52,180,241721416558500,2449800,805019000,807784300
52,196,241721454701300,2275700,843161800,845927100
52,212,241721491609400,2512200,880069900,882835200
52,228,241721528207200,2270400,916667700,919433000
52,244,241721573567000,2312400,962027500,964792800
52,260,241721610179300,2290000,998639800,1001405100
52,276,241721648526600,2446200,1036987100,1039752400
52,292,241721692069000,2362600,1080529500,1083294800
52,308,241721730551700,2363900,1119012200,1121777500
52,324,241721768640600,2338400,1157101100,1159866400
52,340,241721806043700,2273100,1194504200,1197269500
52,356,241721843183300,2252600,1231643800,1234409100
52,372,241721887435100,2279600,1275895600,1278660900
52,388,241721925004100,2395400,1313464600,1316229900
52,404,241721961645500,2193900,1350106000,1352871300
52,420,241721998460400,2257400,1386920900,1389686200
52,436,241722036075000,2380200,1424535500,1427300800
52,452,241722072750100,2404400,1461210600,1463975900
52,468,241722110931200,2301800,1499391700,1502157000
52,484,241722147713600,2285700,1536174100,1538939400
52,500,241722190753200,2431900,1579213700,1581979000
52,516,241722227561000,2855000,1616021500,1618786800
52,532,241722264542800,2209200,1653003300,1655768600
52,548,241722300768500,2258000,1689229000,1691994300
52,564,241722337091300,2403300,1725551800,1728317100
52,580,241722373460900,2347200,1761921400,1764686700
52,596,241722409180200,2328300,1797640700,1800406000
52,612,241722445879800,2353700,1834340300,1837105600
52,628,241722490428200,2183400,1878888700,1881654000
52,644,241722527196500,2279300,1915657000,1918422300
52,660,241722563430900,2225000,1951891400,1954656700
52,676,241722599924300,2225400,1988384800,1991150100
52,692,241722636688500,2287700,2025149000,2027914300
52,708,241722672774100,2289000,2061234600,2063999900
52,724,241722709386600,2165600,2097847100,2100612400
52,740,241722744693300,9570700,2133153800,2135919100
52,756,241722789187200,2181400,2177647700,2180413000
52,772,241722824886000,2247800,2213346500,2216111800
52,788,241722861728800,2273500,2250189300,2252954600
52,804,241722898029000,2268700,2286489500,2289254800
52,820,241722933492800,2424400,2321953300,2324718600
52,836,241722970129800,2162200,2358590300,2361355600
52,852,241723005517100,2225400,2393977600,2396742900
52,868,241723049379700,2219500,2437840200,2440605500
52,884,241723085730400,2185600,2474190900,2476956200
52,900,241723121915700,2195700,2510376200,2513141500
52,916,241723157953100,2205800,2546413600,2549178900
52,932,241723193665500,2226700,2582126000,2584891300
52,948,241723229542100,2206500,2618002600,2620767900
52,964,241723266092900,2326600,2654553400,2657318700
52,980,241723310421500,2457200,2698882000,2701647300
52,996,241723345377400,2293700,2733837900,2736603200
52,1012,241723380709300,2153300,2769169800,2771935100
52,1028,241723416266500,2116900,2804727000,2807492300
52,1044,241723452347100,2319900,2840807600,2843572900
52,1060,241723487996000,2192700,2876456500,2879221800
52,1076,241723523602300,2410500,2912062800,2914828100
52,1092,241723558298300,2235700,2946758800,2949524100
52,1108,241723598599200,2053700,2987059700,2989825000
52,1124,241723637749800,2583100,3026210300,3028975600
52,1140,241723680003300,2644200,3068463800,3071229100
52,1156,241723722816700,2769300,3111277200,3114042500
52,1172,241723771558100,2765300,3160018600,3162783900
52,1188,241723814714300,2680200,3203174800,3205940100
52,1204,241723861550700,2628500,3250011200,3252776500
52,1220,241723911533600,2880100,3299994100,3302759400
52,1236,241723958157400,3009900,3346617900,3349383200
52,1252,241724005631300,2960000,3394091800,3396857100
52,1268,241724051722800,2745700,3440183300,3442948600
52,1284,241724098352700,2860600,3486813200,3489578500
52,1300,241724143479200,2873300,3531939700,3534705000
52,1316,241724189767800,2779300,3578228300,3580993600
52,1332,241724241342900,2754900,3629803400,3632568700
52,1348,241724285309000,2749800,3673769500,3676534800
52,1364,241724331158000,2967100,3719618500,3722383800
52,1380,241724375925200,2767600,3764385700,3767151000
52,1396,241724419443600,2779900,3807904100,3810669400
52,1412,241724467845800,2767000,3856306300,3859071600
52,1428,241724510176200,2722300,3898636700,3901402000
52,1444,241724555652600,7727200,3944113100,3946878400
52,1460,241724607616900,2962200,3996077400,3998842700
52,1476,241724654514900,2937300,4042975400,4045740700
52,1492,241724700598600,2778200,4089059100,4091824400
52,1508,241724744398000,2761100,4132858500,4135623800
52,1524,241724791113200,3254000,4179573700,4182339000
52,1540,241724838899900,2894500,4227360400,4230125700
52,1556,241724885427000,2741300,4273887500,4276652800
52,1572,241724942480600,3332600,4330941100,4333706400
52,1588,241724995436500,3211800,4383897000,4386662300
52,1604,241725044895500,3076800,4433356000,4436121300
52,1620,241725087266700,2594600,4475727200,4478492500
52,1636,241725135896800,2894400,4524357300,4527122600
52,1652,241725180402500,2710300,4568863000,4571628300
52,1668,241725225968100,2879000,4614428600,4617193900
52,1684,241725276592500,2938900,4665053000,4667818300
52,1700,241725322679800,2900400,4711140300,4713905600
52,1716,241725367251300,2676300,4755711800,4758477100
52,1732,241725412277500,2711600,4800738000,4803503300
52,1748,241725458034900,2912100,4846495400,4849260700
52,1764,241725505038400,2897400,4893498900,4896264200
52,1780,241725550942300,2907900,4939402800,4942168100
52,1796,241725601021300,2608000,4989481800,4992247100
52,1812,241725643139700,2612300,5031600200,5034365500
52,1828,241725688636300,2755300,5077096800,5079862100
52,1844,241725737006400,2872500,5125466900,5128232200
52,1860,241725782055700,2747000,5170516200,5173281500
52,1876,241725826549900,2753600,5215010400,5217775700
52,1892,241725870882600,2826700,5259343100,5262108400
52,1908,241725916715800,7535500,5305176300,5307941600
52,1924,241725965625100,2616100,5354085600,5356850900
52,1940,241726008295800,2865700,5396756300,5399521600
52,1956,241726053352100,2622200,5441812600,5444577900
52,1972,241726095191200,2563700,5483651700,5486417000
52,1988,241726137625500,2709700,5526086000,5528851300
52,2004,241726181042300,2897000,5569502800,5572268100
52,2020,241726224610500,2777900,5613071000,5615836300
52,2036,241726271800900,2633500,5660261400,5663026700
53,5,241720762807500,6366500,151268000,154033300
53,21,241720834382400,4710600,222842900,225608200
53,37,241720905879100,4614500,294339600,297104900
53,53,241720971812500,2828700,360273000,363038300
53,69,241721030083700,3682000,418544200,421309500
53,85,241721086398200,4282200,474858700,477624000
53,101,241721139278800,3987500,527739300,530504600
53,117,241721203815400,3652900,592275900,595041200
53,133,241721255020900,2892900,643481400,646246700
53,149,241721309613700,2851100,698074200,700839500
53,165,241721365846300,2531100,754306800,757072100
53,181,241721419237700,2487900,807698200,810463500
53,197,241721457229600,2378900,845690100,848455400
53,213,241721494215000,2293700,882675500,885440800
53,229,241721530603000,2220100,919063500,921828800
53,245,241721575780600,2319100,964241100,967006400
53,261,241721612375200,2266500,1000835700,1003601000
53,277,241721650872100,2554100,1039332600,1042097900
53,293,241721694992900,2403800,1083453400,1086218700
53,309,241721733466400,2502600,1121926900,1124692200
53,325,241721771343900,2344800,1159804400,1162569700
53,341,241721808715400,2349800,1197175900,1199941200
53,357,241721845795600,2484400,1234256100,1237021400
53,373,241721890056700,2294200,1278517200,1281282500
53,389,241721927735900,2309600,1316196400,1318961700
53,405,241721964117000,2230400,1352577500,1355342800
53,421,241722000997600,2316900,1389458100,1392223400
53,437,241722038656900,2375200,1427117400,1429882700
53,453,241722075410200,2209300,1463870700,1466636000
53,469,241722114259400,2464200,1502719900,1505485200
53,485,241722151034700,2237500,1539495200,1542260500
53,501,241722194447400,2449800,1582907900,1585673200
53,517,241722231429600,2272300,1619890100,1622655400
53,533,241722267761500,2267600,1656222000,1658987300
53,549,241722304075700,2296300,1692536200,1695301500
53,565,241722340550900,2224400,1729011400,1731776700
53,581,241722376801800,2225300,1765262300,1768027600
53,597,241722412454800,2174500,1800915300,1803680600
53,613,241722449217000,2297700,1837677500,1840442800
53,629,241722493437800,3630500,1881898300,1884663600
53,645,241722530814800,2258500,1919275300,1922040600
53,661,241722567099100,2286100,1955559600,1958324900
53,677,241722603492200,2451000,1991952700,1994718000
53,693,241722640310300,2218100,2028770800,2031536100
53,709,241722676404700,2280200,2064865200,2067630500
53,725,241722712888500,2173900,2101349000,2104114300
53,741,241722755618700,2572000,2144079200,2146844500
53,757,241722792637800,2201000,2181098300,2183863600
53,773,241722828597100,2344200,2217057600,2219822900
53,789,241722865481400,2305400,2253941900,2256707200
53,805,241722901756100,2286800,2290216600,2292981900
53,821,241722938962000,2237900,2327422500,2330187800
53,837,241722975158400,2177300,2363618900,2366384200
53,853,241723010957300,2271900,2399417800,2402183100
53,869,241723054577500,2245100,2443038000,2445803300
53,885,241723090795800,2213600,2479256300,2482021600
53,901,241723127124800,2219400,2515585300,2518350600
53,917,241723162939900,2202900,2551400400,2554165700
53,933,241723198759000,2245200,2587219500,2589984800
53,949,241723234562200,2301800,2623022700,2625788000
53,965,241723271536700,2276300,2659997200,2662762500
53,981,241723315905700,2207200,2704366200,2707131500
53,997,241723352975400,2269800,2741435900,2744201200
53,1013,241723388030000,2084100,2776490500,2779255800
53,1029,241723423740700,2113300,2812201200,2814966500
53,1045,241723460020100,2241600,2848480600,2851245900
53,1061,241723495431300,2266300,2883891800,2886657100
53,1077,241723531253000,2115600,2919713500,2922478800
53,1093,241723570834600,2207600,2959295100,2962060400
53,1109,241723605547200,2101300,2994007700,2996773000
53,1125,241723646471400,2573300,3034931900,3037697200
53,1141,241723689146500,2683100,3077607000,3080372300
53,1157,241723731886800,2744300,3120347300,3123112600
53,1173,241723778837600,2623400,3167298100,3170063400
53,1189,241723821986100,2710900,3210446600,3213211900
53,1205,241723868678900,2593700,3257139400,3259904700
53,1221,241723919337000,2892700,3307797500,3310562800
53,1237,241723966715300,2959100,3355175800,3357941100
53,1253,241724013620000,2939700,3402080500,3404845800
53,1269,241724059356900,2882000,3447817400,3450582700
53,1285,241724106145200,2742700,3494605700,3497371000
53,1301,241724151369800,2916900,3539830300,3542595600
53,1317,241724197201700,2911800,3585662200,3588427500
53,1333,241724248872500,2792000,3637333000,3640098300
53,1349,241724294614500,2847800,3683075000,3685840300
53,1365,241724341092900,2905100,3729553400,3732318700
53,1381,241724385129400,2834800,3773589900,3776355200
53,1397,241724428802300,2727500,3817262800,3820028100
53,1413,241724477015700,2809600,3865476200,3868241500
53,1429,241724519499000,2694000,3907959500,3910724800
53,1445,241724570308000,2872300,3958768500,3961533800
53,1461,241724617655400,2904800,4006115900,4008881200
53,1477,241724664530100,2935600,4052990600,4055755900
53,1493,241724709842800,2697300,4098303300,4101068600
53,1509,241724753808400,3043700,4142268900,4145034200
53,1525,241724801857000,2748100,4190317500,4193082800
53,1541,241724849437800,3003300,4237898300,4240663600
53,1557,241724901310200,3542800,4289770700,4292536000
53,1573,241724954898900,3208500,4343359400,4346124700
53,1589,241725007186100,3031000,4395646600,4398411900
53,1605,241725055194000,2623300,4443654500,4446419800
53,1621,241725099967800,2944200,4488428300,4491193600
53,1637,241725146825200,3069700,4535285700,4538051000
53,1653,241725190410200,2687500,4578870700,4581636000
53,1669,241725236587600,2927300,4625048100,4627813400
53,1685,241725287132200,2934600,4675592700,4678358000
53,1701,241725335406000,2978400,4723866500,4726631800
53,1717,241725378451500,3118400,4766912000,4769677300
53,1733,241725424196100,2810200,4812656600,4815421900
53,1749,241725470679700,2884300,4859140200,4861905500
53,1765,241725517556000,2828000,4906016500,4908781800
53,1781,241725563500900,2844500,4951961400,4954726700
53,1797,241725612340900,2644300,5000801400,5003566700
53,1813,241725654561500,2570200,5043022000,5045787300
53,1829,241725700653900,2759200,5089114400,5091879700
53,1845,241725749319800,2738100,5137780300,5140545600
53,1861,241725793948100,2703600,5182408600,5185173900
53,1877,241725838383600,2727700,5226844100,5229609400
53,1893,241725884402100,2815800,5272862600,5275627900
53,1909,241725934307700,2717900,5322768200,5325533500
53,1925,241725977880200,2602500,5366340700,5369106000
53,1941,241726023436100,2971000,5411896600,5414661900
53,1957,241726065781500,2646900,5454242000,5457007300
53,1973,241726107602500,2654600,5496063000,5498828300
53,1989,241726150473200,2680600,5538933700,5541699000
53,2005,241726193971000,2621900,5582431500,5585196800
53,2021,241726237669100,7503600,5626129600,5628894900
53,2037,241726284279500,2586000,5672740000,5675505300
54,6,241720769260600,6603300,157721100,160486400
54,22,241720839395800,4792600,227856300,230621600
54,38,241720910786100,4100700,299246600,302011900
54,54,241720974758600,2727400,363219100,365984400
54,70,241721033809400,2807800,422269900,425035200
54,86,241721090756900,4307700,479217400,481982700
54,102,241721143229000,4011900,531689500,534454800
54,118,241721207802300,2865100,596262800,599028100
54,134,241721258160000,2820000,646620500,649385800
54,150,241721312744600,2548400,701205100,703970400
54,166,241721368671500,2944900,757132000,759897300
54,182,241721422003000,2300900,810463500,813228800
54,198,241721459853800,2271700,848314300,851079600
54,214,241721496802800,2306200,885263300,888028600
54,230,241721533147800,2394100,921608300,924373600
54,246,241721578541500,2280400,967002000,969767300
54,262,241721615072400,2248700,1003532900,1006298200
54,278,241721653979300,2867900,1042439800,1045205100
54,294,241721697553800,2373500,1086014300,1088779600
54,310,241721736197200,2331500,1124657700,1127423000
54,326,241721773844800,2298700,1162305300,1165070600
54,342,241721811160900,2429400,1199621400,1202386700
54,358,241721848381500,2475700,1236842000,1239607300
54,374,241721892509500,2307200,1280970000,1283735300
54,390,241721930231000,2203900,1318691500,1321456800
54,406,241721966528400,2222900,1354988900,1357754200
54,422,241722003498500,2223500,1391959000,1394724300
54,438,241722041288200,2289700,1429748700,1432514000
54,454,241722077904900,2257600,1466365400,1469130700
54,470,241722116534800,2272700,1504995300,1507760600
54,486,241722153122100,2255300,1541582600,1544347900
54,502,241722196740500,2259100,1585201000,1587966300
54,518,241722233452300,2275700,1621912800,1624678100
54,534,241722269762700,2265800,1658223200,1660988500
54,550,241722306166000,2304000,1694626500,1697391800
54,566,241722342566000,2247500,1731026500,1733791800
54,582,241722378810400,2246400,1767270900,1770036200
54,598,241722414427800,2404900,1802888300,1805653600
54,614,241722451296700,2326800,1839757200,1842522500
54,630,241722496222400,2320500,1884682900,1887448200
54,646,241722532301700,2197700,1920762200,1923527500
54,662,241722568477100,2289300,1956937600,1959702900
54,678,241722605009300,2507500,1993469800,1996235100
54,694,241722641708700,2222100,2030169200,2032934500
54,710,241722677801000,2418000,2066261500,2069026800
54,726,241722714223300,2281300,2102683800,2105449100
54,742,241722757228100,2676200,2145688600,2148453900
54,758,241722793997500,2221000,2182458000,2185223300
54,774,241722830198800,2255600,2218659300,2221424600
54,790,241722866978500,2317500,2255439000,2258204300
54,806,241722903212500,2571900,2291673000,2294438300
54,822,241722940155600,2248300,2328616100,2331381400
54,838,241722976293800,2164900,2364754300,2367519600
54,854,241723012142100,2296400,2400602600,2403367900
54,870,241723055729200,2241700,2444189700,2446955000
54,886,241723091908300,2400900,2480368800,2483134100
54,902,241723128471500,2191000,2516932000,2519697300
54,918,241723164342800,2199500,2552803300,2555568600
54,934,241723200159900,2230400,2588620400,2591385700
54,950,241723235931300,2392700,2624391800,2627157100
54,966,241723272933700,2273700,2661394200,2664159500
54,982,241723317266700,2174800,2705727200,2708492500
54,998,241723353346200,2273700,2741806700,2744572000
54,1014,241723388412200,2073600,2776872700,2779638000
54,1030,241723424122400,2143800,2812582900,2815348200
54,1046,241723460447800,2255700,2848908300,2851673600
54,1062,241723495823400,2305500,2884283900,2887049200
54,1078,241723531648400,2114800,2920108900,2922874200
54,1094,241723571343200,2174800,2959803700,2962569000
54,1110,241723606058500,2098300,2994519000,2997284300
54,1126,241723647100400,2621600,3035560900,3038326200
54,1142,241723689787700,2649700,3078248200,3081013500
54,1158,241723732547000,2743800,3121007500,3123772800
54,1174,241723779041500,2663500,3167502000,3170267300
54,1190,241723822158600,2767600,3210619100,3213384400
54,1206,241723868889000,2610800,3257349500,3260114800
54,1222,241723919530500,2869400,3307991000,3310756300
54,1238,241723966832100,3004400,3355292600,3358057900
54,1254,241724013786500,2941800,3402247000,3405012300
54,1270,241724059549300,2905500,3448009800,3450775100
54,1286,241724106334800,2720100,3494795300,3497560600
54,1302,241724151594800,2895400,3540055300,3542820600
54,1318,241724197379200,2980400,3585839700,3588605000
54,1334,241724249024500,2779100,3637485000,3640250300
54,1350,241724293236800,2843100,3681697300,3684462600
54,1366,241724339631700,2959500,3728092200,3730857500
54,1382,241724383774100,2802100,3772234600,3774999900
54,1398,241724427451300,2754800,3815911800,3818677100
54,1414,241724475722500,2742400,3864183000,3866948300
54,1430,241724518139500,2679600,3906600000,3909365300
54,1446,241724568843000,2860700,3957303500,3960068800
54,1462,241724616069000,2922800,4004529500,4007294800
54,1478,241724662934400,2947600,4051394900,4054160200
54,1494,241724708470600,2686600,4096931100,4099696400
54,1510,241724752382600,2795700,4140843100,4143608400
54,1526,241724799769400,2790100,4188229900,4190995200
54,1542,241724847084400,2881000,4235544900,4238310200
54,1558,241724893620500,8369700,4282081000,4284846300
54,1574,241724952017200,3394300,4340477700,4343243000
54,1590,241725004714000,2922300,4393174500,4395939800
54,1606,241725053007700,2599400,4441468200,4444233500
54,1622,241725097520300,2929000,4485980800,4488746100
54,1638,241725144350700,2932400,4532811200,4535576500
54,1654,241725188193500,2658200,4576654000,4579419300
54,1670,241725234162400,2861400,4622622900,4625388200
54,1686,241725284635100,2867000,4673095600,4675860900
54,1702,241725330724200,4154400,4719184700,4721950000
54,1718,241725375355400,2631600,4763815900,4766581200
54,1734,241725420759600,2812100,4809220100,4811985400
54,1750,241725467070400,2915800,4855530900,4858296200
54,1766,241725513978400,2859200,4902438900,4905204200
54,1782,241725559926300,2849100,4948386800,4951152100
54,1798,241725609021300,2701800,4997481800,5000247100
54,1814,241725651374000,2575400,5039834500,5042599800
54,1830,241725697279500,2727700,5085740000,5088505300
54,1846,241725745937700,2740300,5134398200,5137163500
54,1862,241725790610500,2767100,5179071000,5181836300
54,1878,241725835029200,2782700,5223489700,5226255000
54,1894,241725880975600,3006600,5269436100,5272201400
54,1910,241725931106500,2737900,5319567000,5322332300
54,1926,241725974809600,2573000,5363270100,5366035400
54,1942,241726021583900,2623300,5410044400,5412809700
54,1958,241726063923400,2603800,5452383900,5455149200
54,1974,241726105757700,2594500,5494218200,5496983500
54,1990,241726148448900,2755500,5536909400,5539674700
54,2006,241726192098500,2590800,5580559000,5583324300
54,2022,241726235727400,2718900,5624187900,5626953200
54,2038,241726282433100,2559500,5670893600,5673658900
55,7,241720776083100,6001700,164543600,167308900
55,23,241720843952800,5168400,232413300,235178600
55,39,241720914708100,4500500,303168600,305933900
55,55,241720977413900,3427300,365874400,368639700
55,71,241721036475800,2782400,424936300,427701600
55,87,241721094947400,4128500,483407900,486173200
55,103,241721147148200,3923900,535608700,538374000
55,119,241721211131500,2889500,599592000,602357300
55,135,241721261405700,3770700,649866200,652631500
55,151,241721315899400,4006100,704359900,707125200
55,167,241721372053400,4377200,760513900,763279200
55,183,241721424489000,2420500,812949500,815714800
55,199,241721462290200,2305300,850750700,853516000
55,215,241721499174000,2356900,887634500,890399800
55,231,241721535638800,2260700,924099300,926864600
55,247,241721580856200,2214300,969316700,972082000
55,263,241721617357000,2355700,1005817500,1008582800
55,279,241721656938800,3123600,1045399300,1048164600
55,295,241721699503600,2326200,1087964100,1090729400
55,311,241721738078900,2306100,1126539400,1129304700
55,327,241721775683300,2279600,1164143800,1166909100
55,343,241721813127000,2315000,1201587500,1204352800
55,359,241721850299600,2278200,1238760100,1241525400
55,375,241721894274100,2294200,1282734600,1285499900
55,391,241721931869100,2246900,1320329600,1323094900
55,407,241721968228000,2380300,1356688500,1359453800
55,423,241722005223800,2334100,1393684300,1396449600
55,439,241722042955800,2288200,1431416300,1434181600
55,455,241722079497900,2107900,1467958400,1470723700
55,471,241722114430400,2425700,1502890900,1505656200
55,487,241722151098500,2236300,1539559000,1542324300
55,503,241722194404300,2460100,1582864800,1585630100
55,519,241722231336700,2269500,1619797200,1622562500
55,535,241722267688400,2273700,1656148900,1658914200
55,551,241722303971300,2311500,1692431800,1695197100
55,567,241722340467500,2245100,1728928000,1731693300
55,583,241722376739400,2220000,1765199900,1767965200
55,599,241722412396100,2173900,1800856600,1803621900
55,615,241722449155400,2295100,1837615900,1840381200
55,631,241722493376100,2337900,1881836600,1884601900
55,647,241722529630200,2252400,1918090700,1920856000
55,663,241722565847500,2265300,1954308000,1957073300
55,679,241722602306200,2231800,1990766700,1993532000
55,695,241722639105800,2217300,2027566300,2030331600
55,711,241722675126400,2204800,2063586900,2066352200
55,727,241722711617300,2131300,2100077800,2102843100
55,743,241722754299400,2376500,2142759900,2145525200
55,759,241722791340500,2164400,2179801000,2182566300
55,775,241722827229100,2410300,2215689600,2218454900
55,791,241722864134500,2321100,2252595000,2255360300
55,807,241722900403300,2238400,2288863800,2291629100
55,823,241722937097800,2219900,2325558300,2328323600
55,839,241722973310900,2134900,2361771400,2364536700
55,855,241723008821600,2409800,2397282100,2400047400
55,871,241723052767900,2207800,2441228400,2443993700
55,887,241723089108900,2154900,2477569400,2480334700
55,903,241723125399400,2266700,2513859900,2516625200
55,919,241723161285700,2151700,2549746200,2552511500
55,935,241723197010000,2256800,2585470500,2588235800
55,951,241723232824900,2211900,2621285400,2624050700
55,967,241723269599300,2395300,2658059800,2660825100
55,983,241723313988400,2364300,2702448900,2705214200
55,999,241723350885000,2205000,2739345500,2742110800
55,1015,241723386017600,2118200,2774478100,2777243400
55,1031,241723421874400,2276600,2810334900,2813100200
55,1047,241723458185000,2228500,2846645500,2849410800
55,1063,241723493590800,2200800,2882051300,2884816600
55,1079,241723529387900,2143100,2917848400,2920613700
55,1095,241723568961400,2348100,2957421900,2960187200
55,1111,241723603917900,2109600,2992378400,2995143700
55,1127,241723644345700,2708400,3032806200,3035571500
55,1143,241723686821300,2893800,3075281800,3078047100
55,1159,241723729716000,2746600,3118176500,3120941800
55,1175,241723776369000,2591600,3164829500,3167594800
55,1191,241723819606100,2492600,3208066600,3210831900
55,1207,241723866216900,2595000,3254677400,3257442700
55,1223,241723916658700,2910800,3305119200,3307884500
55,1239,241723963712700,3179400,3352173200,3354938500
55,1255,241724010966300,2905900,3399426800,3402192100
55,1271,241724056765600,2860500,3445226100,3447991400
55,1287,241724103419000,2955000,3491879500,3494644800
55,1303,241724148636200,3000900,3537096700,3539862000
55,1319,241724194726500,2693100,3583187000,3585952300
55,1335,241724246302100,2759700,3634762600,3637527900
55,1351,241724290662900,2728200,3679123400,3681888700
55,1367,241724336838800,2914200,3725299300,3728064600
55,1383,241724381221300,2680500,3769681800,3772447100
55,1399,241724424776600,2767300,3813237100,3816002400
55,1415,241724473122600,2690500,3861583100,3864348400
55,1431,241724515455400,2871200,3903915900,3906681200
55,1447,241724566202100,2828200,3954662600,3957427900
55,1463,241724613409700,2943400,4001870200,4004635500
55,1479,241724660266900,2948100,4048727400,4051492700
55,1495,241724706013200,2689400,4094473700,4097239000
55,1511,241724749915100,2794100,4138375600,4141140900
55,1527,241724797117900,2786900,4185578400,4188343700
55,1543,241724844804700,2686800,4233265200,4236030500
55,1559,241724891068600,2999800,4279529100,4282294400
55,1575,241724949120600,3303900,4337581100,4340346400
55,1591,241725002125200,2982600,4390585700,4393351000
55,1607,241725050653700,2722500,4439114200,4441879500
55,1623,241725092546900,5385900,4481007400,4483772700
55,1639,241725141838000,2899400,4530298500,4533063800
55,1655,241725185936400,2579300,4574396900,4577162200
55,1671,241725231732500,2824300,4620193000,4622958300
55,1687,241725282259300,2777800,4670719800,4673485100
55,1703,241725328584300,2512200,4717044800,4719810100
55,1719,241725372075500,2574200,4760536000,4763301300
55,1735,241725417218200,2807100,4805678700,4808444000
55,1751,241725463319900,2905700,4851780400,4854545700
55,1767,241725510305700,2843000,4898766200,4901531500
55,1783,241725556208300,2871600,4944668800,4947434100
55,1799,241725605714800,2555000,4994175300,4996940600
55,1815,241725648020500,2610300,5036481000,5039246300
55,1831,241725693610900,2788300,5082071400,5084836700
55,1847,241725742189800,2920400,5130650300,5133415600
55,1863,241725786978300,2782700,5175438800,5178204100
55,1879,241725831483100,2697500,5219943600,5222708900
55,1895,241725875326900,2926200,5263787400,5266552700
55,1911,241725925739300,2716800,5314199800,5316965100
55,1927,241725969619800,2600800,5358080300,5360845600
55,1943,241726015617600,2720900,5404078100,5406843400
55,1959,241726058271800,2564500,5446732300,5449497600
55,1975,241726100017100,2545800,5488477600,5491242900
55,1991,241726142599900,2668200,5531060400,5533825700
55,2007,241726186297600,2668200,5574758100,5577523400
55,2023,241726229722600,2751900,5618183100,5620948400
55,2039,241726276605500,2715700,5665066000,5667831300
56,8,241720782252300,4568700,170712800,173478100
56,24,241720849202300,4795600,237662800,240428100
56,40,241720919280500,4460400,307741000,310506300
56,56,241720980979400,3352700,369439900,372205200
56,72,241721039336100,2786600,427796600,430561900
56,88,241721099030900,3108700,487491400,490256700
56,104,241721151130300,13425400,539590800,542356100
56,120,241721211641400,3015300,600101900,602867200
56,136,241721262248800,3662900,650709300,653474600
56,152,241721316782300,4008000,705242800,708008100
56,168,241721373042200,4393500,761502700,764268000
56,184,241721425060200,2482800,813520700,816286000
56,200,241721462858100,2302900,851318600,854083900
56,216,241721499818100,2424300,888278600,891043900
56,232,241721536257400,2228400,924717900,927483200
56,248,241721581460200,2219400,969920700,972686000
56,264,241721618063300,2329800,1006523800,1009289100
56,280,241721657791300,2958200,1046251800,1049017100
56,296,241721699993100,2356400,1088453600,1091218900
56,312,241721738560500,2304200,1127021000,1129786300
56,328,241721776240400,2290900,1164700900,1167466200
56,344,241721813746000,2326200,1202206500,1204971800
56,360,241721851108300,2308800,1239568800,1242334100
56,376,241721895002600,2302000,1283463100,1286228400
56,392,241721932593500,2237900,1321054000,1323819300
56,408,241721969075400,2480000,1357535900,1360301200
56,424,241722006105600,2390400,1394566100,1397331400
56,440,241722043892900,2306100,1432353400,1435118700
56,456,241722080409200,3865000,1468869700,1471635000
56,472,241722118870400,2288100,1507330900,1510096200
56,488,241722155287300,2233500,1543747800,1546513100
56,504,241722198849400,2260000,1587309900,1590075200
56,520,241722235574100,2267700,1624034600,1626799900
56,536,241722271843500,2320000,1660304000,1663069300
56,552,241722308163900,2378500,1696624400,1699389700
56,568,241722344537900,2222500,1732998400,1735763700
56,584,241722380780400,2201700,1769240900,1772006200
56,600,241722416505400,2361900,1804965900,1807731200
56,616,241722453338400,2273400,1841798900,1844564200
56,632,241722499299800,2350800,1887760300,1890525600
56,648,241722535197600,2198900,1923658100,1926423400
56,664,241722571479200,2243000,1959939700,1962705000
56,680,241722608344900,2180600,1996805400,1999570700
56,696,241722644729800,2213800,2033190300,2035955600
56,712,241722681007800,2298700,2069468300,2072233600
56,728,241722717257800,2244000,2105718300,2108483600
56,744,241722760889400,2299600,2149349900,2152115200
56,760,241722797135200,2181900,2185595700,2188361000
56,776,241722833218500,2239900,2221679000,2224444300
56,792,241722870024800,2291500,2258485300,2261250600
56,808,241722906729100,3365800,2295189600,2297954900
56,824,241722943544700,2416800,2332005200,2334770500
56,840,241722979576800,2168100,2368037300,2370802600
56,856,241723015602500,2373100,2404063000,2406828300
56,872,241723059152600,2373900,2447613100,2450378400
56,888,241723095673800,2249300,2484134300,2486899600
56,904,241723131708000,2242400,2520168500,2522933800
56,920,241723167551500,2307700,2556012000,2558777300
56,936,241723203345700,2263800,2591806200,2594571500
56,952,241723239384700,2287700,2627845200,2630610500
56,968,241723276151100,2319800,2664611600,2667376900
56,984,241723320329700,2224900,2708790200,2711555500
56,1000,241723355976200,2170600,2744436700,2747202000
56,1016,241723390862800,2192600,2779323300,2782088600
56,1032,241723426895700,2274600,2815356200,2818121500
56,1048,241723463385100,2202000,2851845600,2854610900
56,1064,241723498811800,2238100,2887272300,2890037600
56,1080,241723534347400,2193700,2922807900,2925573200
56,1096,241723573987100,2168800,2962447600,2965212900
56,1112,241723608685400,2087000,2997145900,2999911200
56,1128,241723650315900,2608600,3038776400,3041541700
56,1144,241723693059800,2691400,3081520300,3084285600
56,1160,241723735981200,2827000,3124441700,3127207000
56,1176,241723783139800,2551000,3171600300,3174365600
56,1192,241723826430400,2712700,3214890900,3217656200
56,1208,241723872948400,2596700,3261408900,3264174200
56,1224,241723924071100,2876800,3312531600,3315296900
56,1240,241723971551800,3021400,3360012300,3362777600
56,1256,241724018472200,2907200,3406932700,3409698000
56,1272,241724064320900,2959000,3452781400,3455546700
56,1288,241724110621000,2678700,3499081500,3501846800
56,1304,241724156140000,2892500,3544600500,3547365800
56,1320,241724202129500,2892000,3590590000,3593355300
56,1336,241724253382800,2780100,3641843300,3644608600
56,1352,241724298454000,2795000,3686914500,3689679800
56,1368,241724345021200,2886900,3733481700,3736247000
56,1384,241724388924400,2675100,3777384900,3780150200
56,1400,241724432473000,2680400,3820933500,3823698800
56,1416,241724480876100,2747100,3869336600,3872101900
56,1432,241724523199800,2886600,3911660300,3914425600
56,1448,241724574224400,2923400,3962684900,3965450200
56,1464,241724621576600,3067700,4010037100,4012802400
56,1480,241724668515200,3305400,4056975700,4059741000
56,1496,241724713610100,2750000,4102070600,4104835900
56,1512,241724758060900,2984900,4146521400,4149286700
56,1528,241724805363700,2785200,4193824200,4196589500
56,1544,241724853155900,2848300,4241616400,4244381700
56,1560,241724905600600,3351900,4294061100,4296826400
56,1576,241724958754700,3345800,4347215200,4349980500
56,1592,241725010830200,3066600,4399290700,4402056000
56,1608,241725058328200,2584600,4446788700,4449554000
56,1624,241725103514900,2855500,4491975400,4494740700
56,1640,241725150510000,2804500,4538970500,4541735800
56,1656,241725193717700,2913100,4582178200,4584943500
56,1672,241725240163100,2785900,4628623600,4631388900
56,1688,241725290721200,2866500,4679181700,4681947000
56,1704,241725337005500,3038300,4725466000,4728231300
56,1720,241725380210700,3054800,4768671200,4771436500
56,1736,241725425620700,2780800,4814081200,4816846500
56,1752,241725472130300,2892600,4860590800,4863356100
56,1768,241725518947300,2831600,4907407800,4910173100
56,1784,241725564876000,2904800,4953336500,4956101800
56,1800,241725613702400,2642600,5002162900,5004928200
56,1816,241725655875100,2567300,5044335600,5047100900
56,1832,241725702049800,2848100,5090510300,5093275600
56,1848,241725750712800,2773000,5139173300,5141938600
56,1864,241725795407200,2717000,5183867700,5186633000
56,1880,241725839857600,2693000,5228318100,5231083400
56,1896,241725884729200,2858800,5273189700,5275955000
56,1912,241725934640300,2710000,5323100800,5325866100
56,1928,241725978203700,2588000,5366664200,5369429500
56,1944,241726023222000,2935100,5411682500,5414447800
56,1960,241726065570900,2644500,5454031400,5456796700
56,1976,241726107395700,2644100,5495856200,5498621500
56,1992,241726150253500,2685400,5538714000,5541479300
56,2008,241726193716900,2628000,5582177400,5584942700
56,2024,241726237407300,7493800,5625867800,5628633100
56,2040,241726284032300,2583600,5672492800,5675258100
57,9,241720786719100,5184300,175179600,177944900
57,25,241720853857900,4784600,242318400,245083700
57,41,241720923496900,4556300,311957400,314722700
57,57,241720984180600,2705700,372641100,375406400
57,73,241721042013500,2774300,430474000,433239300
57,89,241721102060200,2958900,490520700,493286000
57,105,241721164386800,3938800,552847300,555612600
57,121,241721215436200,3354500,603896700,606662000
57,137,241721266537800,3933300,654998300,657763600
57,153,241721321419200,3970400,709879700,712645000
57,169,241721378063500,4442300,766524000,769289300
57,185,241721427881900,2426500,816342400,819107700
57,201,241721465536900,2370500,853997400,856762700
57,217,241721502537300,2346800,890997800,893763100
57,233,241721538764500,2293000,927225000,929990300
57,249,241721583951900,2242100,972412400,975177700
57,265,241721620581800,2302100,1009042300,1011807600
57,281,241721661055500,2582100,1049516000,1052281300
57,297,241721702542000,2866300,1091002500,1093767800
57,313,241721741021600,2236700,1129482100,1132247400
57,329,241721778655000,2292200,1167115500,1169880800
57,345,241721816138600,2313300,1204599100,1207364400
57,361,241721853324900,2264700,1241785400,1244550700
57,377,241721897274100,2237300,1285734600,1288499900
57,393,241721934803400,2205400,1323263900,1326029200
57,409,241721971428500,2330100,1359889000,1362654300
57,425,241722008377700,2218200,1396838200,1399603500
57,441,241722046073700,2289200,1434534200,1437299500
57,457,241722083933700,2571700,1472394200,1475159500
57,473,241722120917600,2330900,1509378100,1512143400
57,489,241722157462200,2225600,1545922700,1548688000
57,505,241722200982100,2210800,1589442600,1592207900
57,521,241722237753300,2255000,1626213800,1628979100
57,537,241722274071600,2293800,1662532100,1665297400
57,553,241722310467700,2307700,1698928200,1701693500
57,569,241722346701900,2233200,1735162400,1737927700
57,585,241722382899200,2261200,1771359700,1774125000
57,601,241722418782200,2350500,1807242700,1810008000
57,617,241722455523800,2272800,1843984300,1846749600
57,633,241722500744000,2289000,1889204500,1891969800
57,649,241722536547400,2159900,1925007900,1927773200
57,665,241722572995700,2332600,1961456200,1964221500
57,681,241722609787200,2165900,1998247700,2001013000
57,697,241722646191700,2216000,2034652200,2037417500
57,713,241722682672200,2370800,2071132700,2073898000
57,729,241722718826600,2170600,2107287100,2110052400
57,745,241722762394000,2217700,2150854500,2153619800
57,761,241722798467200,2272100,2186927700,2189693000
57,777,241722834621600,2252500,2223082100,2225847400
57,793,241722871657100,2310000,2260117600,2262882900
57,809,241722910156500,2192500,2298617000,2301382300
57,825,241722946033100,2338800,2334493600,2337258900
57,841,241722981806000,2176600,2370266500,2373031800
57,857,241723018068300,2217200,2406528800,2409294100
57,873,241723061588200,2270500,2450048700,2452814000
57,889,241723098012600,2200500,2486473100,2489238400
57,905,241723134072300,2242500,2522532800,2525298100
57,921,241723169986800,2154200,2558447300,2561212600
57,937,241723205732900,2255500,2594193400,2596958700
57,953,241723241792700,2207000,2630253200,2633018500
57,969,241723278632100,2285900,2667092600,2669857900
57,985,241723322769400,2143600,2711229900,2713995200
57,1001,241723358555100,2209400,2747015600,2749780900
57,1017,241723393491900,2250300,2781952400,2784717700
57,1033,241723429468000,2341700,2817928500,2820693800
57,1049,241723465651000,2180400,2854111500,2856876800
57,1065,241723501146000,2207800,2889606500,2892371800
57,1081,241723536664100,2146200,2925124600,2927889900
57,1097,241723576321100,2194200,2964781600,2967546900
57,1113,241723610934100,2138600,2999394600,3002159900
57,1129,241723653142500,2624500,3041603000,3044368300
57,1145,241723695931900,2662100,3084392400,3087157700
57,1161,241723739011600,2862600,3127472100,3130237400
57,1177,241723786534600,2638800,3174995100,3177760400
57,1193,241723829981400,2693800,3218441900,3221207200
57,1209,241723876360100,2618500,3264820600,3267585900
57,1225,241723927821300,2897300,3316281800,3319047100
57,1241,241723975495300,3006100,3363955800,3366721100
57,1257,241724022307500,2972400,3410768000,3413533300
57,1273,241724068229400,2895300,3456689900,3459455200
57,1289,241724114182500,2703500,3502643000,3505408300
57,1305,241724159938200,2834600,3548398700,3551164000
57,1321,241724205955100,2948100,3594415600,3597180900
57,1337,241724257039900,2749200,3645500400,3648265700
57,1353,241724302780300,2734100,3691240800,3694006100
57,1369,241724349638800,2939700,3738099300,3740864600
57,1385,241724393189500,2680600,3781650000,3784415300
57,1401,241724437315600,5552200,3825776100,3828541400
57,1417,241724485098300,2565300,3873558800,3876324100
57,1433,241724527719900,3117900,3916180400,3918945700
57,1449,241724578808800,3134900,3967269300,3970034600
57,1465,241724626257300,2775100,4014717800,4017483100
57,1481,241724673320500,2848800,4061781000,4064546300
57,1497,241724718079700,2745200,4106540200,4109305500
57,1513,241724762713800,3013600,4151174300,4153939600
57,1529,241724808862000,2793300,4197322500,4200087800
57,1545,241724856848700,3080500,4245309200,4248074500
57,1561,241724910104500,3452800,4298565000,4301330300
57,1577,241724963078000,3436500,4351538500,4354303800
57,1593,241725014725700,2981400,4403186200,4405951500
57,1609,241725061642500,2563500,4450103000,4452868300
57,1625,241725107102100,2867000,4495562600,4498327900
57,1641,241725154007800,2663200,4542468300,4545233600
57,1657,241725197365200,2914600,4585825700,4588591000
57,1673,241725243664000,7350800,4632124500,4634889800
57,1689,241725294192600,2891600,4682653100,4685418400
57,1705,241725339570700,2789500,4728031200,4730796500
57,1721,241725382779800,3025000,4771240300,4774005600
57,1737,241725427915200,2720000,4816375700,4819141000
57,1753,241725474470500,2925300,4862931000,4865696300
57,1769,241725521240900,2883700,4909701400,4912466700
57,1785,241725567210500,2917600,4955671000,4958436300
57,1801,241725615835900,2611000,5004296400,5007061700
57,1817,241725657975300,2557600,5046435800,5049201100
57,1833,241725704344800,2762700,5092805300,5095570600
57,1849,241725752940900,2988800,5141401400,5144166700
57,1865,241725797606500,2732600,5186067000,5188832300
57,1881,241725842050200,2685600,5230510700,5233276000
57,1897,241725886271200,2926600,5274731700,5277497000
57,1913,241725936175600,2579500,5324636100,5327401400
57,1929,241725979615700,2579900,5368076200,5370841500
57,1945,241726026020300,2716300,5414480800,5417246100
57,1961,241726068113300,2562500,5456573800,5459339100
57,1977,241726109934300,2602200,5498394800,5501160100
57,1993,241726152784800,2655200,5541245300,5544010600
57,2009,241726196198000,2585100,5584658500,5587423800
57,2025,241726244749400,2792600,5633209900,5635975200
57,2041,241726286479100,2619500,5674939600,5677704900
58,10,241720793106000,5110800,181566500,184331800
58,26,241720859861800,4913300,248322300,251087600
58,42,241720929287900,4887900,317748400,320513700
58,58,241720987650100,4403500,376110600,378875900
58,74,241721045533900,3399700,433994400,436759700
58,90,241721105680800,2780900,494141300,496906600
58,106,241721168855300,5765800,557315800,560081100
58,122,241721220726100,3006400,609186600,611951900
58,138,241721272962100,3943100,661422600,664187900
58,154,241721328238300,4498100,716698800,719464100
58,170,241721385629600,4459300,774090100,776855400
58,186,241721431823500,2322100,820284000,823049300
58,202,241721469283700,2214000,857744200,860509500
58,218,241721506417700,2280800,894878200,897643500
58,234,241721542673500,9148200,931134000,933899300
58,250,241721587654800,2265400,976115300,978880600
58,266,241721624542000,2319700,1013002500,1015767800
58,282,241721665483200,2852600,1053943700,1056709000
58,298,241721706703600,2407700,1095164100,1097929400
58,314,241721744280000,2255800,1132740500,1135505800
58,330,241721781963900,2366800,1170424400,1173189700
58,346,241721819514500,2265300,1207975000,1210740300
58,362,241721856668000,2259500,1245128500,1247893800
58,378,241721900553500,2432200,1289014000,1291779300
58,394,241721937959700,2263200,1326420200,1329185500
58,410,241721974780300,2263100,1363240800,1366006100
58,426,241722011614900,2286000,1400075400,1402840700
58,442,241722049454600,2368300,1437915100,1440680400
58,458,241722086717400,2270300,1475177900,1477943200
58,474,241722123487100,2192200,1511947600,1514712900
58,490,241722159934700,2285800,1548395200,1551160500
58,506,241722203435400,2215900,1591895900,1594661200
58,522,241722240198800,2269900,1628659300,1631424600
58,538,241722276613200,2236500,1665073700,1667839000
58,554,241722313038200,2365300,1701498700,1704264000
58,570,241722349176500,2165300,1737637000,1740402300
58,586,241722385453200,2283900,1773913700,1776679000
58,602,241722421407500,2249700,1809868000,1812633300
58,618,241722458087100,9516100,1846547600,1849312900
58,634,241722502755800,2237100,1891216300,1893981600
58,650,241722538444800,2213700,1926905300,1929670600
58,666,241722574893400,2356300,1963353900,1966119200
58,682,241722611457000,2170000,1999917500,2002682800
58,698,241722647899700,2228100,2036360200,2039125500
58,714,241722684348200,2369900,2072808700,2075574000
58,730,241722720375800,2119700,2108836300,2111601600
58,746,241722763963700,2235900,2152424200,2155189500
58,762,241722800021100,2383200,2188481600,2191246900
58,778,241722836224100,2254900,2224684600,2227449900
58,794,241722873275100,2279300,2261735600,2264500900
58,810,241722910280800,2196200,2298741300,2301506600
58,826,241722946214900,2309700,2334675400,2337440700
58,842,241722981924200,2177400,2370384700,2373150000
58,858,241723018303100,2198100,2406763600,2409528900
58,874,241723061738400,2277400,2450198900,2452964200
58,890,241723098089100,2185300,2486549600,2489314900
58,906,241723134040800,2240300,2522501300,2525266600
58,922,241723169956000,2155600,2558416500,2561181800
58,938,241723205702500,2251800,2594163000,2596928300
58,954,241723241764000,2205200,2630224500,2632989800
58,970,241723278569600,2282200,2667030100,2669795400
58,986,241723322680200,2148800,2711140700,2713906000
58,1002,241723358614000,2214900,2747074500,2749839800
58,1018,241723393533000,2251500,2781993500,2784758800
58,1034,241723429604700,2331100,2818065200,2820830500
58,1050,241723465805400,2207900,2854265900,2857031200
58,1066,241723501358900,2206800,2889819400,2892584700
58,1082,241723536842500,2152000,2925303000,2928068300
58,1098,241723576516200,2193100,2964976700,2967742000
58,1114,241723611054100,2142600,2999514600,3002279900
58,1130,241723653290900,2622500,3041751400,3044516700
58,1146,241723696075700,2675600,3084536200,3087301500
58,1162,241723739166200,2876900,3127626700,3130392000
58,1178,241723786567100,2645000,3175027600,3177792900
58,1194,241723830023300,2701700,3218483800,3221249100
58,1210,241723876395800,2619600,3264856300,3267621600
58,1226,241723927859500,2901600,3316320000,3319085300
58,1242,241723975416300,2992400,3363876800,3366642100
58,1258,241724022228000,2958000,3410688500,3413453800
58,1274,241724068188700,2893700,3456649200,3459414500
58,1290,241724114139500,2709600,3502600000,3505365300
58,1306,241724159899900,2829600,3548360400,3551125700
58,1322,241724205909900,2949600,3594370400,3597135700
58,1338,241724257007300,2735300,3645467800,3648233100
58,1354,241724302618800,2726800,3691079300,3693844600
58,1370,241724349439000,2907100,3737899500,3740664800
58,1386,241724393019500,2674000,3781480000,3784245300
58,1402,241724436802200,5903000,3825262700,3828028000
58,1418,241724484885200,2573100,3873345700,3876111000
58,1434,241724527472000,3113500,3915932500,3918697800
58,1450,241724578564200,3094700,3967024700,3969790000
58,1466,241724626032400,2757600,4014492900,4017258200
58,1482,241724673140200,2761800,4061600700,4064366000
58,1498,241724717828200,2809300,4106288700,4109054000
58,1514,241724762512600,3007200,4150973100,4153738400
58,1530,241724809960900,3173400,4198421400,4201186700
58,1546,241724857942500,3242300,4246403000,4249168300
58,1562,241724911264200,3442400,4299724700,4302490000
58,1578,241724964340400,3325400,4352800900,4355566200
58,1594,241725015851800,3070700,4404312300,4407077600
58,1610,241725062622600,2632100,4451083100,4453848400
58,1626,241725108204600,2889700,4496665100,4499430400
58,1642,241725154944500,2664800,4543405000,4546170300
58,1658,241725198318700,2960500,4586779200,4589544500
58,1674,241725244605300,7452900,4633065800,4635831100
58,1690,241725295186800,2885000,4683647300,4686412600
58,1706,241725339135800,2806600,4727596300,4730361600
58,1722,241725382315000,3032600,4770775500,4773540800
58,1738,241725427554500,2695200,4816015000,4818780300
58,1754,241725474140700,2922400,4862601200,4865366500
58,1770,241725520907400,2887400,4909367900,4912133200
58,1786,241725566883000,2915500,4955343500,4958108800
58,1802,241725615479600,2618000,5003940100,5006705400
58,1818,241725657622000,2570300,5046082500,5048847800
58,1834,241725703941700,2794600,5092402200,5095167500
58,1850,241725752574800,2958600,5141035300,5143800600
58,1866,241725797252800,2732100,5185713300,5188478600
58,1882,241725841675600,2772200,5230136100,5232901400
58,1898,241725886396700,2935400,5274857200,5277622500
58,1914,241725936249200,2577900,5324709700,5327475000
58,1930,241725979687700,2590700,5368148200,5370913500
58,1946,241726026113800,2691700,5414574300,5417339600
58,1962,241726068173300,2566200,5456633800,5459399100
58,1978,241726109998900,2610800,5498459400,5501224700
58,1994,241726152905500,2635700,5541366000,5544131300
58,2010,241726196304600,2595900,5584765100,5587530400
58,2026,241726244857500,2794600,5633318000,5636083300
58,2042,241726286579800,2616800,5675040300,5677805600
59,11,241720798299300,3946200,186759800,189525100
59,27,241720865166600,4821800,253627100,256392400
59,43,241720934462200,4750500,322922700,325688000
59,59,241720992466300,4508900,380926800,383692100
59,75,241721049264600,4110100,437725100,440490400
59,91,241721108776100,3016700,497236600,500001900
59,107,241721174057700,3765800,562518200,565283500
59,123,241721223298700,4168800,611759200,614524500
59,139,241721276324200,3748400,664784700,667550000
59,155,241721332132200,5199800,720592700,723358000
59,171,241721389590200,4633800,778050700,780816000
59,187,241721433959400,2335200,822419900,825185200
59,203,241721471347000,2368800,859807500,862572800
59,219,241721508372700,2284900,896833200,899598500
59,235,241721551549600,2376100,940010100,942775400
59,251,241721589659800,2317200,978120300,980885600
59,267,241721626604500,2292400,1015065000,1017830300
59,283,241721668724000,2520300,1057184500,1059949800
59,299,241721709534000,2327200,1097994500,1100759800
59,315,241721746958200,2270400,1135418700,1138184000
59,331,241721784829600,2329100,1173290100,1176055400
59,347,241721822455000,2312100,1210915500,1213680800
59,363,241721859558800,2251800,1248019300,1250784600
59,379,241721903779400,2379900,1292239900,1295005200
59,395,241721940917200,2365400,1329377700,1332143000
59,411,241721977736200,2392800,1366196700,1368962000
59,427,241722014610400,2398300,1403070900,1405836200
59,443,241722052457000,2303200,1440917500,1443682800
59,459,241722091185500,2250600,1479646000,1482411300
59,475,241722127703000,2258900,1516163500,1518928800
59,491,241722164288500,2274200,1552749000,1555514300
59,507,241722207741400,2256800,1596201900,1598967200
59,523,241722244709600,2240500,1633170100,1635935400
59,539,241722281031500,2236900,1669492000,1672257300
59,555,241722317552500,2227000,1706013000,1708778300
59,571,241722353623600,2278500,1742084100,1744849400
59,587,241722389885300,2231700,1778345800,1781111100
59,603,241722425826200,2280200,1814286700,1817052000
59,619,241722470388000,2508100,1858848500,1861613800
59,635,241722507127700,2274000,1895588200,1898353500
59,651,241722542769100,2311400,1931229600,1933994900
59,667,241722579365500,2235800,1967826000,1970591300
59,683,241722615789600,2170200,2004250100,2007015400
59,699,241722652488400,2228800,2040948900,2043714200
59,715,241722689113500,2300300,2077574000,2080339300
59,731,241722724725600,2162900,2113186100,2115951400
59,747,241722768711500,2452900,2157172000,2159937300
59,763,241722804959500,2222300,2193420000,2196185300
59,779,241722841060500,2441900,2229521000,2232286300
59,795,241722878048800,2192600,2266509300,2269274600
59,811,241722915182300,2170900,2303642800,2306408100
59,827,241722950949900,2348400,2339410400,2342175700
59,843,241722986535800,2203800,2374996300,2377761600
59,859,241723022824200,9635500,2411284700,2414050000
59,875,241723066733400,2301300,2455193900,2457959200
59,891,241723102763100,2161000,2491223600,2493988900
59,907,241723138797700,2351400,2527258200,2530023500
59,923,241723174844900,2228500,2563305400,2566070700
59,939,241723210566400,2283300,2599026900,2601792200
59,955,241723246562600,2336000,2635023100,2637788400
59,971,241723283542500,2278800,2672003000,2674768300
59,987,241723326948200,2392100,2715408700,2718174000
59,1003,241723362702300,2231800,2751162800,2753928100
59,1019,241723397990400,2374400,2786450900,2789216200
59,1035,241723434241900,2297300,2822702400,2825467700
59,1051,241723470388200,2211300,2858848700,2861614000
59,1067,241723505736300,2183400,2894196800,2896962100
59,1083,241723541128500,2166400,2929589000,2932354300
59,1099,241723580789300,2135100,2969249800,2972015100
59,1115,241723615773100,2835000,3004233600,3006998900
59,1131,241723658515700,2638200,3046976200,3049741500
59,1147,241723701524400,2597900,3089984900,3092750200
59,1163,241723744965800,2916300,3133426300,3136191600
59,1179,241723791659100,2997100,3180119600,3182884900
59,1195,241723835094200,4153500,3223554700,3226320000
59,1211,241723886515200,2944600,3274975700,3277741000
59,1227,241723933251300,2879000,3321711800,3324477100
59,1243,241723981039600,2918100,3369500100,3372265400
59,1259,241724027830300,2945600,3416290800,3419056100
59,1275,241724073663300,2906900,3462123800,3464889100
59,1291,241724119287000,2991400,3507747500,3510512800
59,1307,241724165173100,2962200,3553633600,3556398900
59,1323,241724211557600,2799900,3600018100,3602783400
59,1339,241724262342800,2693300,3650803300,3653568600
59,1355,241724308038100,2795400,3696498600,3699263900
59,1371,241724355114700,2893800,3743575200,3746340500
59,1387,241724398251800,2795300,3786712300,3789477600
59,1403,241724445356400,2818600,3833816900,3836582200
59,1419,241724489951300,2632600,3878411800,3881177100
59,1435,241724533347300,2920800,3921807800,3924573100
59,1451,241724584585100,2901700,3973045600,3975810900
59,1467,241724631542400,2784500,4020002900,4022768200
59,1483,241724678596100,2776000,4067056600,4069821900
59,1499,241724723247200,2645400,4111707700,4114473000
59,1515,241724768357700,2907900,4156818200,4159583500
59,1531,241724818387700,2687400,4206848200,4209613500
59,1547,241724865099900,2903100,4253560400,4256325700
59,1563,241724918899600,3221500,4307360100,4310125400
59,1579,241724972132100,3290000,4360592600,4363357900
59,1595,241725022852400,3059700,4411312900,4414078200
59,1611,241725068675900,2643200,4457136400,4459901700
59,1627,241725115206700,2791000,4503667200,4506432500
59,1643,241725161210400,2763900,4549670900,4552436200
59,1659,241725205242400,2738600,4593702900,4596468200
59,1675,241725255923500,2890000,4644384000,4647149300
59,1691,241725301833300,2881600,4690293800,4693059100
59,1707,241725348391400,2613400,4736851900,4739617200
59,1723,241725392509700,2962300,4780970200,4783735500
59,1739,241725436673200,2708200,4825133700,4827899000
59,1755,241725484039200,2998400,4872499700,4875265000
59,1771,241725530446100,2880900,4918906600,4921671900
59,1787,241725576482800,2911400,4964943300,4967708600
59,1803,241725624235700,2556600,5012696200,5015461500
59,1819,241725666446500,2515900,5054907000,5057672300
59,1835,241725713145000,2837800,5101605500,5104370800
59,1851,241725762321500,2755500,5150782000,5153547300
59,1867,241725806557300,2771000,5195017800,5197783100
59,1883,241725851033800,2870300,5239494300,5242259600
59,1899,241725896428400,2938100,5284888900,5287654200
59,1915,241725945556900,2698000,5334017400,5336782700
59,1931,241725988603200,2677000,5377063700,5379829000
59,1947,241726032980500,2569200,5421441000,5424206300
59,1963,241726075010300,2589500,5463470800,5466236100
59,1979,241726116845700,2636000,5505306200,5508071500
59,1995,241726159746200,2639000,5548206700,5550972000
59,2011,241726203113200,2606300,5591573700,5594339000
59,2027,241726251811400,2566200,5640271900,5643037200
59,2043,241726293447400,3642300,5681907900,5684673200
60,12,241720802699500,3077100,191160000,193925300
60,28,241720870534200,4827700,258994700,261760000
60,44,241720939735200,3736900,328195700,330961000
60,60,241720997518700,4240500,385979200,388744500
60,76,241721053840200,2966300,442300700,445066000
60,92,241721112290000,3047600,500750500,503515800
60,108,241721175686100,3661800,564146600,566911900
60,124,241721224880100,4331100,613340600,616105900
60,140,241721278041800,3384100,666502300,669267600
60,156,241721334146400,5294100,722606900,725372200
60,172,241721391478300,4407800,779938800,782704100
60,188,241721434839400,2368900,823299900,826065200
60,204,241721472261900,2361700,860722400,863487700
60,220,241721509229800,2259300,897690300,900455600
60,236,241721552442200,2316900,940902700,943668000
60,252,241721590516400,2352200,978976900,981742200
60,268,241721627326200,2336100,1015786700,1018552000
60,284,241721668758800,2529400,1057219300,1059984600
60,300,241721709565900,2327100,1098026400,1100791700
60,316,241721746988200,2270500,1135448700,1138214000
60,332,241721784733300,2327900,1173193800,1175959100
60,348,241721822143300,2312100,1210603800,1213369100
60,364,241721859259100,2236600,1247719600,1250484900
60,380,241721903486800,2400900,1291947300,1294712600
60,396,241721940669500,2344500,1329130000,1331895300
60,412,241721977468600,2341400,1365929100,1368694400
60,428,241722014291000,2361400,1402751500,1405516800
60,444,241722052119700,2306000,1440580200,1443345500
60,460,241722087559600,2305300,1476020100,1478785400
60,476,241722124294800,2183300,1512755300,1515520600
60,492,241722160721700,2280700,1549182200,1551947500
60,508,241722204331200,2237200,1592791700,1595557000
60,524,241722241114700,2335800,1629575200,1632340500
60,540,241722277501400,2227000,1665961900,1668727200
60,556,241722313987400,2303500,1702447900,1705213200
60,572,241722350094900,2228600,1738555400,1741320700
60,588,241722386386200,2222400,1774846700,1777612000
60,604,241722422312200,2239500,1810772700,1813538000
60,620,241722458956000,9799200,1847416500,1850181800
60,636,241722502824900,2234800,1891285400,1894050700
60,652,241722538504900,2213800,1926965400,1929730700
60,668,241722574950000,2361500,1963410500,1966175800
60,684,241722611602600,2175200,2000063100,2002828400
60,700,241722648107000,2238500,2036567500,2039332800
60,716,241722684553200,2353300,2073013700,2075779000
60,732,241722720554500,2142700,2109015000,2111780300
60,748,241722764233300,2298600,2152693800,2155459100
60,764,241722800323300,2361200,2188783800,2191549100
60,780,241722836518500,2259800,2224979000,2227744300
60,796,241722873497500,2234700,2261958000,2264723300
60,812,241722910460200,2210700,2298920700,2301686000
60,828,241722946397700,2280000,2334858200,2337623500
60,844,241722982095300,2201300,2370555800,2373321100
60,860,241723018333500,2201400,2406794000,2409559300
60,876,241723061770200,2298500,2450230700,2452996000
60,892,241723098221100,2171100,2486681600,2489446900
60,908,241723134197100,2238600,2522657600,2525422900
60,924,241723170108600,2155500,2558569100,2561334400
60,940,241723205855900,2252500,2594316400,2597081700
60,956,241723241911600,2210600,2630372100,2633137400
60,972,241723278816300,2286600,2667276800,2670042100
60,988,241723322854800,2141600,2711315300,2714080600
60,1004,241723359876700,2186600,2748337200,2751102500
60,1020,241723394739100,2431900,2783199600,2785964900
60,1036,241723431242800,2251200,2819703300,2822468600
60,1052,241723467294100,2247600,2855754600,2858519900
60,1068,241723502767700,2223300,2891228200,2893993500
60,1084,241723538322900,2186400,2926783400,2929548700
60,1100,241723577984000,2176200,2966444500,2969209800
60,1116,241723612453900,2301800,3000914400,3003679700
60,1132,241723655046900,2652900,3043507400,3046272700
60,1148,241723697881900,2708200,3086342400,3089107700
60,1164,241723741113000,2838100,3129573500,3132338800
60,1180,241723786918700,2690400,3175379200,3178144500
60,1196,241723830394700,2689600,3218855200,3221620500
60,1212,241723876759900,7506500,3265220400,3267985700
60,1228,241723928212600,2932500,3316673100,3319438400
60,1244,241723975871700,3040700,3364332200,3367097500
60,1260,241724022673000,2996100,3411133500,3413898800
60,1276,241724068586100,2918400,3457046600,3459811900
60,1292,241724114516100,2725600,3502976600,3505741900
60,1308,241724160294900,2829200,3548755400,3551520700
60,1324,241724206338500,2930600,3594799000,3597564300
60,1340,241724257419800,2741900,3645880300,3648645600
60,1356,241724302140500,2701000,3690601000,3693366300
60,1372,241724348860400,2912300,3737320900,3740086200
60,1388,241724392495800,2682000,3780956300,3783721600
60,1404,241724436191400,5982400,3824651900,3827417200
60,1420,241724484461800,2563400,3872922300,3875687600
60,1436,241724526987200,3093800,3915447700,3918213000
60,1452,241724578085500,3040700,3966546000,3969311300
60,1468,241724625566500,2755800,4014027000,4016792300
60,1484,241724672693100,2725200,4061153600,4063918900
60,1500,241724717361000,2800600,4105821500,4108586800
60,1516,241724762026700,3001900,4150487200,4153252500
60,1532,241724810607000,4218300,4199067500,4201832800
60,1548,241724858928000,3316500,4247388500,4250153800
60,1564,241724912272000,3406900,4300732500,4303497800
60,1580,241724965447900,3298400,4353908400,4356673700
60,1596,241725016817400,3073600,4405277900,4408043200
60,1612,241725063465200,2655300,4451925700,4454691000
60,1628,241725109166900,3112300,4497627400,4500392700
60,1644,241725155888400,2739300,4544348900,4547114200
60,1660,241725199451100,2966100,4587911600,4590676900
60,1676,241725245691100,7551400,4634151600,4636916900
60,1692,241725296306100,2930500,4684766600,4687531900
60,1708,241725343127300,2794600,4731587800,4734353100
60,1724,241725386573500,3087900,4775034000,4777799300
60,1740,241725431376000,2747100,4819836500,4822601800
60,1756,241725478249200,3017000,4866709700,4869475000
60,1772,241725524949300,2853400,4913409800,4916175100
60,1788,241725570966200,2867300,4959426700,4962192000
60,1804,241725619250900,2593800,5007711400,5010476700
60,1820,241725661270900,2769700,5049731400,5052496700
60,1836,241725707890800,2764900,5096351300,5099116600
60,1852,241725756702900,3032400,5145163400,5147928700
60,1868,241725801073200,2777500,5189533700,5192299000
60,1884,241725845546200,2810700,5234006700,5236772000
60,1900,241725890829000,2904900,5279289500,5282054800
60,1916,241725940325600,2731700,5328786100,5331551400
60,1932,241725983715000,2601800,5372175500,5374940800
60,1948,241726028774500,2619100,5417235000,5420000300
60,1964,241726070709600,2705700,5459170100,5461935400
60,1980,241726112573500,2648800,5501034000,5503799300
60,1996,241726155512000,2647400,5543972500,5546737800
60,2012,241726198981600,2628200,5587442100,5590207400
60,2028,241726247719600,2595600,5636180100,5638945400
60,2044,241726289276300,2590500,5677736800,5680502100
61,13,241720805344100,3089600,193804600,196569900
61,29,241720874795800,4484000,263256300,266021600
61,45,241720943035400,3574500,331495900,334261200
61,61,241721000979100,3874200,389439600,392204900
61,77,241721056053600,3710400,444514100,447279400
61,93,241721114700800,2748900,503161300,505926600
61,109,241721182788900,3873200,571249400,574014700
61,125,241721232228700,2782600,620689200,623454500
61,141,241721284142900,4115400,672603400,675368700
61,157,241721342664600,3293500,731125100,733890400
61,173,241721398885900,2729900,787346400,790111700
61,189,241721439158300,2439600,827618800,830384100
61,205,241721476488000,2260700,864948500,867713800
61,221,241721513376300,2236900,901836800,904602100
61,237,241721556685200,2370400,945145700,947911000
61,253,241721594749800,2283200,983210300,985975600
61,269,241721631622800,2317600,1020083300,1022848600
61,285,241721673898100,2486000,1062358600,1065123900
61,301,241721714085700,2398600,1102546200,1105311500
61,317,241721751379100,2300100,1139839600,1142604900
61,333,241721789190200,2277000,1177650700,1180416000
61,349,241721826610300,2277000,1215070800,1217836100
61,365,241721863819400,8915900,1252279900,1255045200
61,381,241721908037600,2660800,1296498100,1299263400
61,397,241721945156600,2151900,1333617100,1336382400
61,413,241721982030600,2273900,1370491100,1373256400
61,429,241722019038700,2600600,1407499200,1410264500
61,445,241722056706700,2348500,1445167200,1447932500
61,461,241722092687300,2243000,1481147800,1483913100
61,477,241722129195700,2198300,1517656200,1520421500
61,493,241722165773400,8981200,1554233900,1556999200
61,509,241722209273200,2271100,1597733700,1600499000
61,525,241722246186000,2200700,1634646500,1637411800
61,541,241722282254600,2235100,1670715100,1673480400
61,557,241722318790900,2276400,1707251400,1710016700
61,573,241722354862200,2249600,1743322700,1746088000
61,589,241722391085900,2233900,1779546400,1782311700
61,605,241722427027100,2337800,1815487600,1818252900
61,621,241722471936900,2405200,1860397400,1863162700
61,637,241722510365900,2316600,1898826400,1901591700
61,653,241722545992500,2251500,1934453000,1937218300
61,669,241722582573000,2227900,1971033500,1973798800
61,685,241722618909700,2306700,2007370200,2010135500
61,701,241722655527100,2204500,2043987600,2046752900
61,717,241722692285500,2285500,2080746000,2083511300
61,733,241722727702200,2155200,2116162700,2118928000
61,749,241722772039300,2279700,2160499800,2163265100
61,765,241722807932300,2270800,2196392800,2199158100
61,781,241722844332200,2311900,2232792700,2235558000
61,797,241722880914300,2178100,2269374800,2272140100
61,813,241722918269600,2174100,2306730100,2309495400
61,829,241722954527800,2257600,2342988300,2345753600
61,845,241722989867600,2187900,2378328100,2381093400
61,861,241723033635700,2257700,2422096200,2424861500
61,877,241723070166000,2295400,2458626500,2461391800
61,893,241723106014200,2217700,2494474700,2497240000
61,909,241723142358100,2216900,2530818600,2533583900
61,925,241723178164500,2206700,2566625000,2569390300
61,941,241723213940700,2224700,2602401200,2605166500
61,957,241723250011800,2230800,2638472300,2641237600
61,973,241723287030900,2287600,2675491400,2678256700
61,989,241723331332400,2184700,2719792900,2722558200
61,1005,241723366790200,2242100,2755250700,2758016000
61,1021,241723402226900,2260700,2790687400,2793452700
61,1037,241723438651000,2307500,2827111500,2829876800
61,1053,241723474542900,2163300,2863003400,2865768700
61,1069,241723510007900,2263800,2898468400,2901233700
61,1085,241723545250700,2083900,2933711200,2936476500
61,1101,241723585005700,2242700,2973466200,2976231500
61,1117,241723621192500,2784200,3009653000,3012418300
61,1133,241723663625400,2552400,3052085900,3054851200
61,1149,241723706426300,2604600,3094886800,3097652100
61,1165,241723750497900,2785600,3138958400,3141723700
61,1181,241723796759400,2623300,3185219900,3187985200
61,1197,241723843623400,2667000,3232083900,3234849200
61,1213,241723891903800,2878300,3280364300,3283129600
61,1229,241723938524700,2874900,3326985200,3329750500
61,1245,241723986322600,2888100,3374783100,3377548400
61,1261,241724033111100,2835800,3421571600,3424336900
61,1277,241724078934400,2946100,3467394900,3470160200
61,1293,241724124565400,2887000,3513025900,3515791200
61,1309,241724170490900,2879300,3558951400,3561716700
61,1325,241724216575200,2721400,3605035700,3607801000
61,1341,241724267093000,2744300,3655553500,3658318800
61,1357,241724312231000,3099600,3700691500,3703456800
61,1373,241724359038500,2770300,3747499000,3750264300
61,1389,241724402092200,2523100,3790552700,3793318000
61,1405,241724449251400,2902200,3837711900,3840477200
61,1421,241724493551500,2546000,3882012000,3884777300
61,1437,241724537431100,2765700,3925891600,3928656900
61,1453,241724588588500,3069200,3977049000,3979814300
61,1469,241724635346200,2767700,4023806700,4026572000
61,1485,241724682537600,2935700,4070998100,4073763400
61,1501,241724726936500,2637500,4115397000,4118162300
61,1517,241724772361100,2948600,4160821600,4163586900
61,1533,241724819681400,2616000,4208141900,4210907200
61,1549,241724866538000,2759600,4254998500,4257763800
61,1565,241724920470900,3242700,4308931400,4311696700
61,1581,241724973722400,3271100,4362182900,4364948200
61,1597,241725024338400,3062900,4412798900,4415564200
61,1613,241725069962400,2605100,4458422900,4461188200
61,1629,241725116511900,2922000,4504972400,4507737700
61,1645,241725162534400,2745100,4550994900,4553760200
61,1661,241725206442600,3009100,4594903100,4597668400
61,1677,241725257372400,2866900,4645832900,4648598200
61,1693,241725303282100,2878100,4691742600,4694507900
61,1709,241725348524500,2668800,4736985000,4739750300
61,1725,241725392639900,2949700,4781100400,4783865700
61,1741,241725436779500,2714100,4825240000,4828005300
61,1757,241725484207100,2989000,4872667600,4875432900
61,1773,241725530604300,2879700,4919064800,4921830100
61,1789,241725576639900,2919200,4965100400,4967865700
61,1805,241725624379500,2553700,5012840000,5015605300
61,1821,241725666603500,2509400,5055064000,5057829300
61,1837,241725713296500,2832400,5101757000,5104522300
61,1853,241725762486300,2733300,5150946800,5153712100
61,1869,241725806727300,2764900,5195187800,5197953100
61,1885,241725850278300,2836400,5238738800,5241504100
61,1901,241725895539600,2903700,5284000100,5286765400
61,1917,241725944769900,2666300,5333230400,5335995700
61,1933,241725987888200,2600100,5376348700,5379114000
61,1949,241726033072400,2565000,5421532900,5424298200
61,1965,241726075097800,2585700,5463558300,5466323600
61,1981,241726116943100,2634500,5505403600,5508168900
61,1997,241726159834700,2642000,5548295200,5551060500
61,2013,241726203199500,2611300,5591660000,5594425300
61,2029,241726251898900,2551100,5640359400,5643124700
61,2045,241726293543000,3692400,5682003500,5684768800
62,14,241720808473300,2987800,196933800,199699100
62,30,241720879216000,4543000,267676500,270441800
62,46,241720946688300,4217000,335148800,337914100
62,62,241721005054300,3468600,393514800,396280100
62,78,241721060001100,3198200,448461600,451226900
62,94,241721117620600,2596300,506081100,508846400
62,110,241721186877000,2626000,575337500,578102800
62,126,241721235196300,2832500,623656800,626422100
62,142,241721288469400,3846700,676929900,679695200
62,158,241721346040500,3003800,734501000,737266300
62,174,241721401731300,2767100,790191800,792957100
62,190,241721441694200,2372600,830154700,832920000
62,206,241721478872700,2245300,867333200,870098500
62,222,241721515738300,2228100,904198800,906964100
62,238,241721559258500,3558700,947719000,950484300
62,254,241721597222400,2263200,985682900,988448200
62,270,241721634132400,2390300,1022592900,1025358200
62,286,241721676789400,2466300,1065249900,1068015200
62,302,241721716864000,2373900,1105324500,1108089800
62,318,241721754026100,2342700,1142486600,1145251900
62,334,241721791928900,2279800,1180389400,1183154700
62,350,241721829450300,2516000,1217910800,1220676100
62,366,241721873346400,2281600,1261806900,1264572200
62,382,241721911188700,2371300,1299649200,1302414500
62,398,241721947777500,2319000,1336238000,1339003300
62,414,241721984778200,2314900,1373238700,1376004000
62,430,241722022116500,2367000,1410577000,1413342300
62,446,241722059536100,2209400,1447996600,1450761900
62,462,241722097829200,2295700,1486289700,1489055000
62,478,241722134789600,2230600,1523250100,1526015400
62,494,241722177852500,2321900,1566313000,1569078300
62,510,241722214505800,2169900,1602966300,1605731600
62,526,241722251431100,2309700,1639891600,1642656900
62,542,241722287715000,2360700,1676175500,1678940800
62,558,241722324235400,2206700,1712695900,1715461200
62,574,241722360263400,2160000,1748723900,1751489200
62,590,241722396476600,2300100,1784937100,1787702400
62,606,241722432727200,2298700,1821187700,1823953000
62,622,241722477400300,2329800,1865860800,1868626100
62,638,241722514617000,2194500,1903077500,1905842800
62,654,241722550259200,2221100,1938719700,1941485000
62,670,241722586722000,2399900,1975182500,1977947800
62,686,241722623310100,2349600,2011770600,2014535900
62,702,241722659670500,2245500,2048131000,2050896300
62,718,241722696551500,2406900,2085012000,2087777300
62,734,241722731821400,2457700,2120281900,2123047200
62,750,241722776340800,2260300,2164801300,2167566600
62,766,241722812216400,2216400,2200676900,2203442200
62,782,241722848683200,2258500,2237143700,2239909000
62,798,241722885136400,2408100,2273596900,2276362200
62,814,241722922920400,2176900,2311380900,2314146200
62,830,241722959310600,2274300,2347771100,2350536400
62,846,241722994402300,2156100,2382862800,2385628100
62,862,241723038279700,2161200,2426740200,2429505500
62,878,241723074920500,2298400,2463381000,2466146300
62,894,241723110728700,2439400,2499189200,2501954500
62,910,241723146963200,2310300,2535423700,2538189000
62,926,241723182674300,2148100,2571134800,2573900100
62,942,241723218531200,2265400,2606991700,2609757000
62,958,241723254716400,2364500,2643176900,2645942200
62,974,241723291704100,2292200,2680164600,2682929900
62,990,241723337215300,2139900,2725675800,2728441100
62,1006,241723372518000,2207900,2760978500,2763743800
62,1022,241723407983100,2241500,2796443600,2799208900
62,1038,241723444169500,2297200,2832630000,2835395300
62,1054,241723479928900,2227000,2868389400,2871154700
62,1070,241723515556200,2227100,2904016700,2906782000
62,1086,241723550522100,2109100,2938982600,2941747900
62,1102,241723590701600,2149400,2979162100,2981927400
62,1118,241723628278800,2640100,3016739300,3019504600
62,1134,241723670244400,2653300,3058704900,3061470200
62,1150,241723713161200,2666000,3101621700,3104387000
62,1166,241723758809500,4174100,3147270000,3150035300
62,1182,241723803180600,2702800,3191641100,3194406400
62,1198,241723850210100,2766600,3238670600,3241435900
62,1214,241723899113800,2959400,3287574300,3290339600
62,1230,241723945708600,2996100,3334169100,3336934400
62,1246,241723993575000,2940700,3382035500,3384800800
62,1262,241724040175000,2904000,3428635500,3431400800
62,1278,241724086220600,3057200,3474681100,3477446400
62,1294,241724131479100,2898800,3519939600,3522704900
62,1310,241724177678100,2878900,3566138600,3568903900
62,1326,241724228287500,3930400,3616748000,3619513300
62,1342,241724274061600,3138800,3662522100,3665287400
62,1358,241724319827800,2899800,3708288300,3711053600
62,1374,241724365770000,2621000,3754230500,3756995800
62,1390,241724408804100,2786200,3797264600,3800029900
62,1406,241724456675900,2923400,3845136400,3847901700
62,1422,241724500158100,2562100,3888618600,3891383900
62,1438,241724544540600,2849200,3933001100,3935766400
62,1454,241724596299500,2937100,3984760000,3987525300
62,1470,241724642782500,2886400,4031243000,4034008300
62,1486,241724689715100,2856800,4078175600,4080940900
62,1502,241724733621200,2986900,4122081700,4124847000
62,1518,241724779801400,2798600,4168261900,4171027200
62,1534,241724828716400,2728400,4217176900,4219942200
62,1550,241724876146200,2729000,4264606700,4267372000
62,1566,241724931690400,3346700,4320150900,4322916200
62,1582,241724984695000,3328400,4373155500,4375920800
62,1598,241725034714500,3105300,4423175000,4425940300
62,1614,241725078673000,2633900,4467133500,4469898800
62,1630,241725126217900,3042000,4514678400,4517443700
62,1646,241725171601300,2736200,4560061800,4562827100
62,1662,241725216295000,2898500,4604755500,4607520800
62,1678,241725267039700,2859800,4655500200,4658265500
62,1694,241725313020200,2826600,4701480700,4704246000
62,1710,241725357101300,2580600,4745561800,4748327100
62,1726,241725401796300,2731100,4790256800,4793022100
62,1742,241725446765000,2954200,4835225500,4837990800
62,1758,241725494124700,2869300,4882585200,4885350500
62,1774,241725540006400,2871500,4928466900,4931232200
62,1790,241725590703200,2746600,4979163700,4981929000
62,1806,241725632966900,2726900,5021427400,5024192700
62,1822,241725678101600,2867700,5066562100,5069327400
62,1838,241725722350900,2747500,5110811400,5113576700
62,1854,241725771565700,2895400,5160026200,5162791500
62,1870,241725815996400,2788000,5204456900,5207222200
62,1886,241725861265400,2727000,5249725900,5252491200
62,1902,241725907308700,2619200,5295769200,5298534500
62,1918,241725955706100,2760300,5344166600,5346931900
62,1934,241725998792300,2701300,5387252800,5390018100
62,1950,241726045058600,2619900,5433519100,5436284400
62,1966,241726086886800,2606900,5475347300,5478112600
62,1982,241726128916400,2631600,5517376900,5520142200
62,1998,241726172514500,2663300,5560975000,5563740300
62,2014,241726215198000,3029200,5603658500,5606423800
62,2030,241726263563100,2581400,5652023600,5654788900
62,2046,241726306807800,695700,5695268300,5698033600
63,15,241720811291000,2865000,199751500,202516800
63,31,241720883467000,4624400,271927500,274692800
63,47,241720950759800,2885500,339220300,341985600
63,63,241721008298500,4166200,396759000,399524300
63,79,241721062966700,3712200,451427200,454192500
63,95,241721120150200,2506500,508610700,511376000
63,111,241721188956500,2588700,577417000,580182300
63,127,241721237485000,2829200,625945500,628710800
63,143,241721291625700,3731300,680086200,682851500
63,159,241721348544600,3094500,737005100,739770400
63,175,241721404048100,2767700,792508600,795273900
63,191,241721443746100,2339900,832206600,834971900
63,207,241721480790000,2277300,869250500,872015800
63,223,241721517607500,2253000,906068000,908833300
63,239,241721562347100,2492600,950807600,953572900
63,255,241721599092300,2364600,987552800,990318100
63,271,241721636012300,2590400,1024472800,1027238100
63,287,241721679221400,2435800,1067681900,1070447200
63,303,241721719275300,2374600,1107735800,1110501100
63,319,241721756410300,2729000,1144870800,1147636100
63,335,241721794273600,2295100,1182734100,1185499400
63,351,241721832000900,2418200,1220461400,1223226700
63,367,241721875661700,2260400,1264122200,1266887500
63,383,241721913595200,2367300,1302055700,1304821000
63,399,241721950344700,2221800,1338805200,1341570500
63,415,241721987532700,2344500,1375993200,1378758500
63,431,241722024852900,2368900,1413313400,1416078700
63,447,241722062144100,2197000,1450604600,1453369900
63,463,241722099649500,2351700,1488110000,1490875300
63,479,241722136482500,2224500,1524943000,1527708300
63,495,241722179671300,2212000,1568131800,1570897100
63,511,241722216128900,2172000,1604589400,1607354700
63,527,241722253010800,2336900,1641471300,1644236600
63,543,241722289383200,2293900,1677843700,1680609000
63,559,241722325793700,2214000,1714254200,1717019500
63,575,241722361779800,2211600,1750240300,1753005600
63,591,241722398121500,2485800,1786582000,1789347300
63,607,241722434456100,2216400,1822916600,1825681900
63,623,241722479108900,2261100,1867569400,1870334700
63,639,241722517500000,2167700,1905960500,1908725800
63,655,241722553259400,2395800,1941719900,1944485200
63,671,241722589905100,2315000,1978365600,1981130900
63,687,241722626388800,2257400,2014849300,2017614600
63,703,241722662614100,2320400,2051074600,2053839900
63,719,241722699746200,2222000,2088206700,2090972000
63,735,241722735099400,2239200,2123559900,2126325200
63,751,241722779345600,2304100,2167806100,2170571400
63,767,241722815127800,2213100,2203588300,2206353600
63,783,241722851674700,2241700,2240135200,2242900500
63,799,241722888336700,2225000,2276797200,2279562500
63,815,241722925655200,2175700,2314115700,2316881000
63,831,241722962374400,2193300,2350834900,2353600200
63,847,241722997305000,2389300,2385765500,2388530800
63,863,241723041166000,2178700,2429626500,2432391800
63,879,241723078055500,2285200,2466516000,2469281300
63,895,241723114071200,2327100,2502531700,2505297000
63,911,241723150086400,2241200,2538546900,2541312200
63,927,241723185637000,2174300,2574097500,2576862800
63,943,241723221597200,2225600,2610057700,2612823000
63,959,241723257867700,2336300,2646328200,2649093500
63,975,241723294791200,10061600,2683251700,2686017000
63,991,241723339793300,2285300,2728253800,2731019100
63,1007,241723375220800,2226100,2763681300,2766446600
63,1023,241723410848200,2213000,2799308700,2802074000
63,1039,241723446891800,2200100,2835352300,2838117600
63,1055,241723482543100,2184100,2871003600,2873768900
63,1071,241723518129500,2239900,2906590000,2909355300
63,1087,241723552995200,2078200,2941455700,2944221000
63,1103,241723593105800,2185600,2981566300,2984331600
63,1119,241723631219500,2588100,3019680000,3022445300
63,1135,241723673186000,2645900,3061646500,3064411800
63,1151,241723716110200,2580100,3104570700,3107336000
63,1167,241723762686200,2452300,3151146700,3153912000
63,1183,241723805491100,2622800,3193951600,3196716900
63,1199,241723852406200,2858500,3240866700,3243632000
63,1215,241723901553200,3036400,3290013700,3292779000
63,1231,241723948308100,2929100,3336768600,3339533900
63,1247,241723995999400,2908300,3384459900,3387225200
63,1263,241724042570900,2884800,3431031400,3433796700
63,1279,241724088703900,2916300,3477164400,3479929700
63,1295,241724133834200,2885800,3522294700,3525060000
63,1311,241724180003900,2890800,3568464400,3571229700
63,1327,241724231118900,3706700,3619579400,3622344700
63,1343,241724277729300,2713700,3666189800,3668955100
63,1359,241724323215900,2983700,3711676400,3714441700
63,1375,241724368808500,2629500,3757269000,3760034300
63,1391,241724412024000,2761600,3800484500,3803249800
63,1407,241724460099300,2808300,3848559800,3851325100
63,1423,241724503156500,2567300,3891617000,3894382300
63,1439,241724547911600,3052200,3936372100,3939137400
63,1455,241724599722800,2942000,3988183300,3990948600
63,1471,241724646165600,3192600,4034626100,4037391400
63,1487,241724693064900,2815200,4081525400,4084290700
63,1503,241724737175100,2728400,4125635600,4128400900
63,1519,241724783192200,2958600,4171652700,4174418000
63,1535,241724831328300,3442500,4219788800,4222554100
63,1551,241724878741200,2882200,4267201700,4269967000
63,1567,241724934888900,3325300,4323349400,4326114700
63,1583,241724987845700,3282200,4376306200,4379071500
63,1599,241725037646900,3077100,4426107400,4428872700
63,1615,241725081173400,2611900,4469633900,4472399200
63,1631,241725129107000,2917500,4517567500,4520332800
63,1647,241725174147900,2680700,4562608400,4565373700
63,1663,241725218993300,2943700,4607453800,4610219100
63,1679,241725269734100,2937900,4658194600,4660959900
63,1695,241725315723400,3089400,4704183900,4706949200
63,1711,241725357913300,2622700,4746373800,4749139100
63,1727,241725402664100,2748200,4791124600,4793889900
63,1743,241725447701200,2956100,4836161700,4838927000
63,1759,241725495050300,2861600,4883510800,4886276100
63,1775,241725540922900,2868200,4929383400,4932148700
63,1791,241725591568700,2686800,4980029200,4982794500
63,1807,241725633779600,2780100,5022240100,5025005400
63,1823,241725679007600,2820100,5067468100,5070233400
63,1839,241725723242300,2724500,5111702800,5114468100
63,1855,241725772327100,2935000,5160787600,5163552900
63,1871,241725816769300,2767800,5205229800,5207995100
63,1887,241725861144900,2735000,5249605400,5252370700
63,1903,241725907064500,2656700,5295525000,5298290300
63,1919,241725955474800,2756100,5343935300,5346700600
63,1935,241725998550400,2717400,5387010900,5389776200
63,1951,241726045714600,2591800,5434175100,5436940400
63,1967,241726087561400,2605900,5476021900,5478787200
63,1983,241726129568800,2631400,5518029300,5520794600
63,1999,241726173167000,2656500,5561627500,5564392800
63,2015,241726215971400,3024800,5604431900,5607197200
63,2031,241726264206000,2582600,5652666500,5655431800
63,2047,241726307046900,590200,5695507400,5698272700
