client,iteration,guest_start_ns,duration_ns,start_elapsed_lower_ns,start_elapsed_upper_ns
0,0,241726499069000,16677000,46815300,49091500
0,16,241726565977300,2574700,113723600,115999800
0,32,241726604207900,2368200,151954200,154230400
0,48,241726646330400,2439400,194076700,196352900
0,64,241726683524300,2354800,231270600,233546800
0,80,241726722027700,2190600,269774000,272050200
0,96,241726761890500,2733400,309636800,311913000
0,112,241726813999500,2446000,361745800,364022000
0,128,241726852889400,2315200,400635700,402911900
0,144,241726888783100,2213900,436529400,438805600
0,160,241726926477800,2263600,474224100,476500300
0,176,241726963082000,2250600,510828300,513104500
0,192,241726999634500,2203100,547380800,549657000
0,208,241727035075300,2161700,582821600,585097800
0,224,241727071130500,2168500,618876800,621153000
0,240,241727112097300,2155600,659843600,662119800
0,256,241727146170800,2213900,693917100,696193300
0,272,241727181153300,2249900,728899600,731175800
0,288,241727216447100,2244400,764193400,766469600
0,304,241727251760000,2072200,799506300,801782500
0,320,241727285257000,2085000,833003300,835279500
0,336,241727319413500,2218800,867159800,869436000
0,352,241727356519600,2245900,904265900,906542100
0,368,241727399932700,2800300,947679000,949955200
0,384,241727437526200,2255600,985272500,987548700
0,400,241727473125200,2133500,1020871500,1023147700
0,416,241727508068500,2252700,1055814800,1058091000
0,432,241727543696000,2200500,1091442300,1093718500
0,448,241727579300900,2318900,1127047200,1129323400
0,464,241727614786500,2101200,1162532800,1164809000
0,480,241727649068600,2169800,1196814900,1199091100
0,496,241727691800400,2197700,1239546700,1241822900
0,512,241727727280800,2238500,1275027100,1277303300
0,528,241727762516800,2092200,1310263100,1312539300
0,544,241727802607500,2152800,1350353800,1352630000
0,560,241727837206800,2077300,1384953100,1387229300
0,576,241727871414800,2122800,1419161100,1421437300
0,592,241727906764800,2126500,1454511100,1456787300
0,608,241727941573300,2126000,1489319600,1491595800
0,624,241727984673200,2206200,1532419500,1534695700
0,640,241728018826400,2029300,1566572700,1568848900
0,656,241728053090700,2127400,1600837000,1603113200
0,672,241728087982500,2104000,1635728800,1638005000
0,688,241728122004400,2113100,1669750700,1672026900
0,704,241728156560700,2072500,1704307000,1706583200
0,720,241728191331000,2362600,1739077300,1741353500
0,736,241728227100900,2163600,1774847200,1777123400
0,752,241728269951100,2318400,1817697400,1819973600
0,768,241728306101000,2215000,1853847300,1856123500
0,784,241728342047900,2181900,1889794200,1892070400
0,800,241728377310900,2265900,1925057200,1927333400
0,816,241728412332400,2202500,1960078700,1962354900
0,832,241728447594000,2170500,1995340300,1997616500
0,848,241728482935900,2330000,2030682200,2032958400
0,864,241728525740000,2145100,2073486300,2075762500
0,880,241728560464100,2171600,2108210400,2110486600
0,896,241728595445400,2191600,2143191700,2145467900
0,912,241728630310800,2242900,2178057100,2180333300
0,928,241728665521400,2256500,2213267700,2215543900
0,944,241728701089900,2156300,2248836200,2251112400
0,960,241728737043700,2521300,2284790000,2287066200
0,976,241728772869900,2113600,2320616200,2322892400
0,992,241728815209700,2283100,2362956000,2365232200
0,1008,241728849725400,2150500,2397471700,2399747900
0,1024,241728884094500,2160000,2431840800,2434117000
0,1040,241728919015400,2159900,2466761700,2469037900
0,1056,241728953713500,2122000,2501459800,2503736000
0,1072,241728988171300,2240600,2535917600,2538193800
0,1088,241729024399000,2487300,2572145300,2574421500
0,1104,241729065355000,2160200,2613101300,2615377500
0,1120,241729100274700,2244200,2648021000,2650297200
0,1136,241729136207900,2286900,2683954200,2686230400
0,1152,241729171141500,2135000,2718887800,2721164000
0,1168,241729206735300,2421400,2754481600,2756757800
0,1184,241729242372800,2208600,2790119100,2792395300
0,1200,241729277228100,2186100,2824974400,2827250600
0,1216,241729313504400,2237200,2861250700,2863526900
0,1232,241729356771900,2201000,2904518200,2906794400
0,1248,241729391538200,2180800,2939284500,2941560700
0,1264,241729426366800,2305400,2974113100,2976389300
0,1280,241729467006100,2713100,3014752400,3017028600
0,1296,241729509821400,2750800,3057567700,3059843900
0,1312,241729555369400,3006700,3103115700,3105391900
0,1328,241729601424400,2675000,3149170700,3151446900
0,1344,241729650755900,2738000,3198502200,3200778400
0,1360,241729694404300,2581500,3242150600,3244426800
0,1376,241729738115600,2863300,3285861900,3288138100
0,1392,241729784856900,2810900,3332603200,3334879400
0,1408,241729832884800,2688900,3380631100,3382907300
0,1424,241729875062200,2622400,3422808500,3425084700
0,1440,241729919275300,2792500,3467021600,3469297800
0,1456,241729969181900,2918900,3516928200,3519204400
0,1472,241730017864100,2658500,3565610400,3567886600
0,1488,241730061797500,2599000,3609543800,3611820000
0,1504,241730106594100,2648300,3654340400,3656616600
0,1520,241730149713000,2588900,3697459300,3699735500
0,1536,241730192553500,2520900,3740299800,3742576000
0,1552,241730240087400,2571100,3787833700,3790109900
0,1568,241730286784100,2729700,3834530400,3836806600
0,1584,241730335244200,2623900,3882990500,3885266700
0,1600,241730378611400,2589000,3926357700,3928633900
0,1616,241730420751300,2730300,3968497600,3970773800
0,1632,241730465227800,2757500,4012974100,4015250300
0,1648,241730509837300,2610700,4057583600,4059859800
0,1664,241730552743700,2672700,4100490000,4102766200
0,1680,241730596426500,2616600,4144172800,4146449000
0,1696,241730638725200,2815900,4186471500,4188747700
0,1712,241730690817900,2988400,4238564200,4240840400
0,1728,241730738255300,2810400,4286001600,4288277800
0,1744,241730784326500,2830300,4332072800,4334349000
0,1760,241730832784400,2762600,4380530700,4382806900
0,1776,241730876528800,2705700,4424275100,4426551300
0,1792,241730920004700,2984300,4467751000,4470027200
0,1808,241730966985200,3258900,4514731500,4517007700
0,1824,241731018352300,4755000,4566098600,4568374800
0,1840,241731064536900,2756800,4612283200,4614559400
0,1856,241731109263200,2871800,4657009500,4659285700
0,1872,241731154452200,2578300,4702198500,4704474700
0,1888,241731196826700,2582500,4744573000,4746849200
0,1904,241731238507300,2649800,4786253600,4788529800
0,1920,241731282465700,2758300,4830212000,4832488200
0,1936,241731327529600,2998200,4875275900,4877552100
0,1952,241731377001400,2649600,4924747700,4927023900
0,1968,241731420248100,2562700,4967994400,4970270600
0,1984,241731464140300,3215800,5011886600,5014162800
0,2000,241731514628300,3136600,5062374600,5064650800
0,2016,241731559414300,2701600,5107160600,5109436800
0,2032,241731603661500,2645600,5151407800,5153684000
1,1,241726516058200,3994600,63804500,66080700
1,17,241726568727900,2364200,116474200,118750400
1,33,241726606809200,2277600,154555500,156831700
1,49,241726648998700,2291900,196745000,199021200
1,65,241726686168500,2467600,233914800,236191000
1,81,241726724393700,2204700,272140000,274416200
1,97,241726764951300,2912300,312697600,314973800
1,113,241726816616100,2628000,364362400,366638600
1,129,241726855577700,2236900,403324000,405600200
1,145,241726891375400,2393600,439121700,441397900
1,161,241726929035800,2207600,476782100,479058300
1,177,241726966845800,2224000,514592100,516868300
1,193,241727003192400,2210300,550938700,553214900
1,209,241727038953500,2664700,586699800,588976000
1,225,241727074429700,2575600,622176000,624452200
1,241,241727115455800,2091000,663202100,665478300
1,257,241727149494900,2138800,697241200,699517400
1,273,241727184606900,2176700,732353200,734629400
1,289,241727219931400,2209800,767677700,769953900
1,305,241727255072000,2129700,802818300,805094500
1,321,241727288460100,2067200,836206400,838482600
1,337,241727322942900,2234500,870689200,872965400
1,353,241727359886900,4516300,907633200,909909400
1,369,241727406325500,2226400,954071800,956348000
1,385,241727443344500,2274100,991090800,993367000
1,401,241727478665400,2204800,1026411700,1028687900
1,417,241727514139600,2268800,1061885900,1064162100
1,433,241727549369700,2250300,1097116000,1099392200
1,449,241727585024800,2232200,1132771100,1135047300
1,465,241727620187100,2130600,1167933400,1170209600
1,481,241727654661400,2634800,1202407700,1204683900
1,497,241727697470000,2238300,1245216300,1247492500
1,513,241727732838800,2235500,1280585100,1282861300
1,529,241727768196000,2154700,1315942300,1318218500
1,545,241727806865700,2098200,1354612000,1356888200
1,561,241727841489800,2139800,1389236100,1391512300
1,577,241727875799600,2098900,1423545900,1425822100
1,593,241727911116800,2137800,1458863100,1461139300
1,609,241727945845800,2125700,1493592100,1495868300
1,625,241727989160500,2219400,1536906800,1539183000
1,641,241728023016000,2027700,1570762300,1573038500
1,657,241728057456900,2133200,1605203200,1607479400
1,673,241728092344700,2110000,1640091000,1642367200
1,689,241728126380300,2294000,1674126600,1676402800
1,705,241728161007400,2111300,1708753700,1711029900
1,721,241728195730200,2326700,1743476500,1745752700
1,737,241728231189100,2200000,1778935400,1781211600
1,753,241728274322000,2357100,1822068300,1824344500
1,769,241728310122400,2282700,1857868700,1860144900
1,785,241728346081300,2153200,1893827600,1896103800
1,801,241728381611000,2230800,1929357300,1931633500
1,817,241728416462100,2157300,1964208400,1966484600
1,833,241728451664900,2167100,1999411200,2001687400
1,849,241728487256000,2261000,2035002300,2037278500
1,865,241728529782300,2138400,2077528600,2079804800
1,881,241728564617600,2176100,2112363900,2114640100
1,897,241728599946700,2267800,2147693000,2149969200
1,913,241728634816100,2184600,2182562400,2184838600
1,929,241728670034500,2292900,2217780800,2220057000
1,945,241728705398800,2130600,2253145100,2255421300
1,961,241728741710800,2225100,2289457100,2291733300
1,977,241728776941300,2178600,2324687600,2326963800
1,993,241728819320300,2139200,2367066600,2369342800
1,1009,241728853711400,2109500,2401457700,2403733900
1,1025,241728888094800,2167900,2435841100,2438117300
1,1041,241728922953300,2145700,2470699600,2472975800
1,1057,241728957555200,2171800,2505301500,2507577700
1,1073,241728992153900,2141200,2539900200,2542176400
1,1089,241729029151500,2198300,2576897800,2579174000
1,1105,241729069773000,2205700,2617519300,2619795500
1,1121,241729104719100,2298400,2652465400,2654741600
1,1137,241729140846100,2123800,2688592400,2690868600
1,1153,241729175513800,2101000,2723260100,2725536300
1,1169,241729211768900,2156400,2759515200,2761791400
1,1185,241729246792200,2149600,2794538500,2796814700
1,1201,241729281656900,2143500,2829403200,2831679400
1,1217,241729317955200,3407900,2865701500,2867977700
1,1233,241729361231900,2154900,2908978200,2911254400
1,1249,241729395908600,2113200,2943654900,2945931100
1,1265,241729430938700,2669000,2978685000,2980961200
1,1281,241729471877600,2611600,3019623900,3021900100
1,1297,241729514753700,2698900,3062500000,3064776200
1,1313,241729560743700,2994600,3108490000,3110766200
1,1329,241729606259600,2698800,3154005900,3156282100
1,1345,241729655639900,2690900,3203386200,3205662400
1,1361,241729699025800,2758700,3246772100,3249048300
1,1377,241729743121000,2902600,3290867300,3293143500
1,1393,241729789806400,2820800,3337552700,3339828900
1,1409,241729837658000,2613000,3385404300,3387680500
1,1425,241729879844100,2724300,3427590400,3429866600
1,1441,241729924273900,2796700,3472020200,3474296400
1,1457,241729974497900,2870700,3522244200,3524520400
1,1473,241730022714100,2715900,3570460400,3572736600
1,1489,241730066441800,2557900,3614188100,3616464300
1,1505,241730111494800,2796600,3659241100,3661517300
1,1521,241730154364500,2589300,3702110800,3704387000
1,1537,241730200285600,2968500,3748031900,3750308100
1,1553,241730247423900,2682900,3795170200,3797446400
1,1569,241730291563200,2608300,3839309500,3841585700
1,1585,241730339969800,2792400,3887716100,3889992300
1,1601,241730383223900,2602900,3930970200,3933246400
1,1617,241730425576000,2709500,3973322300,3975598500
1,1633,241730470138200,2736300,4017884500,4020160700
1,1649,241730515139000,2661300,4062885300,4065161500
1,1665,241730559154400,2615600,4106900700,4109176900
1,1681,241730601743400,2666400,4149489700,4151765900
1,1697,241730644586800,2858100,4192333100,4194609300
1,1713,241730696899500,3008400,4244645800,4246922000
1,1729,241730744058400,2996500,4291804700,4294080900
1,1745,241730790168300,2804200,4337914600,4340190800
1,1761,241730838194700,2752700,4385941000,4388217200
1,1777,241730881712100,2723500,4429458400,4431734600
1,1793,241730925556800,2802600,4473303100,4475579300
1,1809,241730972828900,2832000,4520575200,4522851400
1,1825,241731025394900,2627600,4573141200,4575417400
1,1841,241731069746300,2709900,4617492600,4619768800
1,1857,241731114820900,2985900,4662567200,4664843400
1,1873,241731159421000,2595400,4707167300,4709443500
1,1889,241731201696700,2593900,4749443000,4751719200
1,1905,241731243548600,2627300,4791294900,4793571100
1,1921,241731287620600,2738400,4835366900,4837643100
1,1937,241731333215500,7745000,4880961800,4883238000
1,1953,241731381994300,2596800,4929740600,4932016800
1,1969,241731425050100,2729700,4972796400,4975072600
1,1985,241731470221800,3476800,5017968100,5020244300
1,2001,241731520732100,3017400,5068478400,5070754600
1,2017,241731564711800,2694400,5112458100,5114734300
1,2033,241731608863800,2662700,5156610100,5158886300
2,2,241726520015000,2693200,67761300,70037500
2,18,241726571002700,2343900,118749000,121025200
2,34,241726608967900,2337700,156714200,158990400
2,50,241726651131200,2316700,198877500,201153700
2,66,241726688600900,2610500,236347200,238623400
2,82,241726726489400,2231900,274235700,276511900
2,98,241726767700300,2960000,315446600,317722800
2,114,241726819205800,2459400,366952100,369228300
2,130,241726857722800,2207900,405469100,407745300
2,146,241726893573300,2345000,441319600,443595800
2,162,241726931132300,2166100,478878600,481154800
2,178,241726968130600,2267400,515876900,518153100
2,194,241727004509300,2240600,552255600,554531800
2,210,241727040724800,2517900,588471100,590747300
2,226,241727076596300,2212800,624342600,626618800
2,242,241727117127100,2138100,664873400,667149600
2,258,241727151198200,2134700,698944500,701220700
2,274,241727186417400,2148400,734163700,736439900
2,290,241727221744000,2256000,769490300,771766500
2,306,241727256827500,2087300,804573800,806850000
2,322,241727290152500,2056100,837898800,840175000
2,338,241727324878200,2148100,872624500,874900700
2,354,241727361402900,1500000,909149200,911425400
2,370,241727405125400,2247400,952871700,955147900
2,386,241727442209500,2179400,989955800,992232000
2,402,241727477573200,2150300,1025319500,1027595700
2,418,241727512796100,2446400,1060542400,1062818600
2,434,241727548186300,2207500,1095932600,1098208800
2,450,241727583919200,2261100,1131665500,1133941700
2,466,241727619144500,2125200,1166890800,1169167000
2,482,241727653604200,2555800,1201350500,1203626700
2,498,241727696360300,2175800,1244106600,1246382800
2,514,241727731826300,2243900,1279572600,1281848800
2,530,241727767250400,2131700,1314996700,1317272900
2,546,241727807624400,2085400,1355370700,1357646900
2,562,241727842210400,2125700,1389956700,1392232900
2,578,241727876439200,2115900,1424185500,1426461700
2,594,241727911951200,2126300,1459697500,1461973700
2,610,241727946663400,2155000,1494409700,1496685900
2,626,241727990100500,2216100,1537846800,1540123000
2,642,241728023853100,2033100,1571599400,1573875600
2,658,241728058398500,2138400,1606144800,1608421000
2,674,241728093282900,2102100,1641029200,1643305400
2,690,241728127371700,2302300,1675118000,1677394200
2,706,241728161940900,2154600,1709687200,1711963400
2,722,241728198843800,2307400,1746590100,1748866300
2,738,241728234204900,2186500,1781951200,1784227400
2,754,241728277300800,2234200,1825047100,1827323300
2,770,241728313058100,2235600,1860804400,1863080600
2,786,241728349019800,2160800,1896766100,1899042300
2,802,241728384552000,2175300,1932298300,1934574500
2,818,241728419303400,2169600,1967049700,1969325900
2,834,241728454435200,2148400,2002181500,2004457700
2,850,241728490112900,2239800,2037859200,2040135400
2,866,241728532467600,2155700,2080213900,2082490100
2,882,241728567310800,2215900,2115057100,2117333300
2,898,241728602514100,2194400,2150260400,2152536600
2,914,241728637360700,2183900,2185107000,2187383200
2,930,241728672720300,2183900,2220466600,2222742800
2,946,241728707914200,2138600,2255660500,2257936700
2,962,241728744090300,2305500,2291836600,2294112800
2,978,241728779347800,2165200,2327094100,2329370300
2,994,241728821706100,2141400,2369452400,2371728600
2,1010,241728856041400,2152900,2403787700,2406063900
2,1026,241728890505900,2162500,2438252200,2440528400
2,1042,241728925649700,2149900,2473396000,2475672200
2,1058,241728960228900,2157100,2507975200,2510251400
2,1074,241728994818500,2271700,2542564800,2544841000
2,1090,241729031261100,2200800,2579007400,2581283600
2,1106,241729072044500,2208200,2619790800,2622067000
2,1122,241729107094100,2334500,2654840400,2657116600
2,1138,241729142807800,2141900,2690554100,2692830300
2,1154,241729177462900,2111300,2725209200,2727485400
2,1170,241729213570300,2219600,2761316600,2763592800
2,1186,241729248640900,2121100,2796387200,2798663400
2,1202,241729283618100,2175200,2831364400,2833640600
2,1218,241729320973600,3338800,2868719900,2870996100
2,1234,241729363276100,2153800,2911022400,2913298600
2,1250,241729397908900,2173600,2945655200,2947931400
2,1266,241729433344500,2657500,2981090800,2983367000
2,1282,241729474272400,2682300,3022018700,3024294900
2,1298,241729517416100,2744700,3065162400,3067438600
2,1314,241729563696300,2713000,3111442600,3113718800
2,1330,241729608922900,2719400,3156669200,3158945400
2,1346,241729658299800,2869900,3206046100,3208322300
2,1362,241729701825700,2775200,3249572000,3251848200
2,1378,241729746061700,3042900,3293808000,3296084200
2,1394,241729792669600,2932100,3340415900,3342692100
2,1410,241729840165800,2561500,3387912100,3390188300
2,1426,241729882454700,2621500,3430201000,3432477200
2,1442,241729926956700,2926300,3474703000,3476979200
2,1458,241729977337500,2763500,3525083800,3527360000
2,1474,241730025391400,2706100,3573137700,3575413900
2,1490,241730068961100,3625700,3616707400,3618983600
2,1506,241730114255000,2777900,3662001300,3664277500
2,1522,241730156924100,2639800,3704670400,3706946600
2,1538,241730203306700,2775800,3751053000,3753329200
2,1554,241730250034700,3191500,3797781000,3800057200
2,1570,241730294130600,2610900,3841876900,3844153100
2,1586,241730342833800,2717600,3890580100,3892856300
2,1602,241730385905800,2585400,3933652100,3935928300
2,1618,241730428370500,2890400,3976116800,3978393000
2,1634,241730472942200,3666900,4020688500,4022964700
2,1650,241730518060700,2732000,4065807000,4068083200
2,1666,241730562022400,2580800,4109768700,4112044900
2,1682,241730604670400,2613200,4152416700,4154692900
2,1698,241730647719400,7686600,4195465700,4197741900
2,1714,241730700225900,2889000,4247972200,4250248400
2,1730,241730747290300,2920800,4295036600,4297312800
2,1746,241730793216100,2853200,4340962400,4343238600
2,1762,241730841330600,2717400,4389076900,4391353100
2,1778,241730884862700,2689800,4432609000,4434885200
2,1794,241730928795500,2728300,4476541800,4478818000
2,1810,241730976054700,2785500,4523801000,4526077200
2,1826,241731028799300,2680900,4576545600,4578821800
2,1842,241731073289500,2808500,4621035800,4623312000
2,1858,241731118721700,3005000,4666468000,4668744200
2,1874,241731162809200,2610600,4710555500,4712831700
2,1890,241731205080900,2690400,4752827200,4755103400
2,1906,241731246995700,2753300,4794742000,4797018200
2,1922,241731291161200,2695700,4838907500,4841183700
2,1938,241731341898300,2938100,4889644600,4891920800
2,1954,241731385371800,2616800,4933118100,4935394300
2,1970,241731428717000,2858800,4976463300,4978739500
2,1986,241731474605900,3114800,5022352200,5024628400
2,2002,241731524476200,2670100,5072222500,5074498700
2,2018,241731568380000,2765000,5116126300,5118402500
2,2034,241731612473800,2720500,5160220100,5162496300
3,3,241726522779300,3430300,70525600,72801800
3,19,241726573314600,2347800,121060900,123337100
3,35,241726611245700,2245000,158992000,161268200
3,51,241726653355800,2243900,201102100,203378300
3,67,241726691099400,2438000,238845700,241121900
3,83,241726728626500,2284900,276372800,278649000
3,99,241726770266700,2733400,318013000,320289200
3,115,241726821337900,2410300,369084200,371360400
3,131,241726859537800,2232000,407284100,409560300
3,147,241726895583000,2262100,443329300,445605500
3,163,241726932960800,2310700,480707100,482983300
3,179,241726969684100,2182800,517430400,519706600
3,195,241727005919700,2293900,553666000,555942200
3,211,241727042334500,2138500,590080800,592357000
3,227,241727077810700,2191600,625557000,627833200
3,243,241727118271100,2127900,666017400,668293600
3,259,241727152314300,2142700,700060600,702336800
3,275,241727187435300,2171600,735181600,737457800
3,291,241727222799200,2248800,770545500,772821700
3,307,241727257819200,2079400,805565500,807841700
3,323,241727291147800,2052200,838894100,841170300
3,339,241727325998200,2255300,873744500,876020700
3,355,241727364830600,2350200,912576900,914853100
3,371,241727409074900,2193400,956821200,959097400
3,387,241727446220100,2623600,993966400,996242600
3,403,241727481434500,2142100,1029180800,1031457000
3,419,241727516983800,2239500,1064730100,1067006300
3,435,241727552322800,2194600,1100069100,1102345300
3,451,241727588049600,2221000,1135795900,1138072100
3,467,241727623112100,2182300,1170858400,1173134600
3,483,241727658165000,2353100,1205911300,1208187500
3,499,241727700302100,2282700,1248048400,1250324600
3,515,241727735701000,2202100,1283447300,1285723500
3,531,241727771017800,2173000,1318764100,1321040300
3,547,241727811528600,2261900,1359274900,1361551100
3,563,241727846109600,2115500,1393855900,1396132100
3,579,241727880186800,2083600,1427933100,1430209300
3,595,241727915660200,2123700,1463406500,1465682700
3,611,241727950359600,2142000,1498105900,1500382100
3,627,241727993649700,2161100,1541396000,1543672200
3,643,241728027178400,2055700,1574924700,1577200900
3,659,241728061823000,2194200,1609569300,1611845500
3,675,241728096671600,2139800,1644417900,1646694100
3,691,241728130922500,2071300,1678668800,1680945000
3,707,241728165245300,2131900,1712991600,1715267800
3,723,241728200864700,2249500,1748611000,1750887200
3,739,241728236138600,2205100,1783884900,1786161100
3,755,241728279361700,2276200,1827108000,1829384200
3,771,241728315099000,2215900,1862845300,1865121500
3,787,241728350889100,2139900,1898635400,1900911600
3,803,241728386698200,2177400,1934444500,1936720700
3,819,241728421415500,2149400,1969161800,1971438000
3,835,241728456557300,2097500,2004303600,2006579800
3,851,241728492384300,2202800,2040130600,2042406800
3,867,241728534721500,2098700,2082467800,2084744000
3,883,241728569614200,2269100,2117360500,2119636700
3,899,241728605364000,2184500,2153110300,2155386500
3,915,241728640162400,2146700,2187908700,2190184900
3,931,241728675695800,2305200,2223442100,2225718300
3,947,241728710840100,2153800,2258586400,2260862600
3,963,241728747382400,2254400,2295128700,2297404900
3,979,241728782397600,2119000,2330143900,2332420100
3,995,241728824775700,2167200,2372522000,2374798200
3,1011,241728859131500,2142200,2406877800,2409154000
3,1027,241728893606900,2135200,2441353200,2443629400
3,1043,241728928497700,2157700,2476244000,2478520200
3,1059,241728963192000,2115900,2510938300,2513214500
3,1075,241728997874500,2138000,2545620800,2547897000
3,1091,241729034566000,2168900,2582312300,2584588500
3,1107,241729075203100,2145700,2622949400,2625225600
3,1123,241729110563300,2228700,2658309600,2660585800
3,1139,241729146034900,2166600,2693781200,2696057400
3,1155,241729180682500,2152400,2728428800,2730705000
3,1171,241729216922100,2217000,2764668400,2766944600
3,1187,241729251838400,2080900,2799584700,2801860900
3,1203,241729286814000,2111100,2834560300,2836836500
3,1219,241729325478400,7601900,2873224700,2875500900
3,1235,241729366448400,2129700,2914194700,2916470900
3,1251,241729401098000,2138300,2948844300,2951120500
3,1267,241729437231500,2305200,2984977800,2987254000
3,1283,241729478392100,2710300,3026138400,3028414600
3,1299,241729521362200,2693200,3069108500,3071384700
3,1315,241729567567900,2658500,3115314200,3117590400
3,1331,241729612878100,2766700,3160624400,3162900600
3,1347,241729662398000,2723200,3210144300,3212420500
3,1363,241729705795600,2666300,3253541900,3255818100
3,1379,241729750338900,2845200,3298085200,3300361400
3,1395,241729796853400,2865700,3344599700,3346875900
3,1411,241729843935500,2569700,3391681800,3393958000
3,1427,241729886304000,2725100,3434050300,3436326500
3,1443,241729931254300,2611100,3479000600,3481276800
3,1459,241729986493500,2989600,3534239800,3536516000
3,1475,241730029459300,2482700,3577205600,3579481800
3,1491,241730074393900,2737600,3622140200,3624416400
3,1507,241730118399500,3083800,3666145800,3668422000
3,1523,241730160882600,2767500,3708628900,3710905100
3,1539,241730207474400,2707300,3755220700,3757496900
3,1555,241730254853100,2770000,3802599400,3804875600
3,1571,241730298097900,2629900,3845844200,3848120400
3,1587,241730346870800,2714900,3894617100,3896893300
3,1603,241730389737400,2570800,3937483700,3939759900
3,1619,241730432687400,2743700,3980433700,3982709900
3,1635,241730477368600,2973400,4025114900,4027391100
3,1651,241730521428200,2605400,4069174500,4071450700
3,1667,241730565242200,2596900,4112988500,4115264700
3,1683,241730607926800,2712300,4155673100,4157949300
3,1699,241730656247200,2812800,4203993500,4206269700
3,1715,241730703908900,3063900,4251655200,4253931400
3,1731,241730751038600,2882600,4298784900,4301061100
3,1747,241730796890200,2778100,4344636500,4346912700
3,1763,241730844828400,2708800,4392574700,4394850900
3,1779,241730888357500,2542100,4436103800,4438380000
3,1795,241730932326000,2729300,4480072300,4482348500
3,1811,241730979599400,2883300,4527345700,4529621900
3,1827,241731034040600,2773800,4581786900,4584063100
3,1843,241731078564800,2951400,4626311100,4628587300
3,1859,241731124369700,2824400,4672116000,4674392200
3,1875,241731167746000,2565600,4715492300,4717768500
3,1891,241731210089800,2579300,4757836100,4760112300
3,1907,241731252171300,2746200,4799917600,4802193800
3,1923,241731296288200,2741500,4844034500,4846310700
3,1939,241731347409900,2781200,4895156200,4897432400
3,1955,241731390436900,2699700,4938183200,4940459400
3,1971,241731434045800,2670500,4981792100,4984068300
3,1987,241731480506800,3055900,5028253100,5030529300
3,2003,241731529953000,2661300,5077699300,5079975500
3,2019,241731573538200,2680800,5121284500,5123560700
3,2035,241731617659100,2700400,5165405400,5167681600
4,4,241726526288400,2766800,74034700,76310900
4,20,241726575945400,2302200,123691700,125967900
4,36,241726613816500,2283100,161562800,163839000
4,52,241726655987100,2291000,203733400,206009600
4,68,241726693851100,2297600,241597400,243873600
4,84,241726731257300,2262400,279003600,281279800
4,100,241726773248300,2722300,320994600,323270800
4,116,241726823782500,2337800,371528800,373805000
4,132,241726861833500,2252500,409579800,411856000
4,148,241726897913200,2318200,445659500,447935700
4,164,241726935330400,2230400,483076700,485352900
4,180,241726973495000,2326300,521241300,523517500
4,196,241727009869100,2158500,557615400,559891600
4,212,241727046096800,2219800,593843100,596119300
4,228,241727081524200,2242000,629270500,631546700
4,244,241727121893600,2109200,669639900,671916100
4,260,241727156035500,2092000,703781800,706058000
4,276,241727191339500,2165200,739085800,741362000
4,292,241727226930900,2299500,774677200,776953400
4,308,241727261459400,2095000,809205700,811481900
4,324,241727294776800,2049300,842523100,844799300
4,340,241727329863200,2340000,877609500,879885700
4,356,241727370132600,2265700,917878900,920155100
4,372,241727413644100,2283800,961390400,963666600
4,388,241727451211800,2151400,998958100,1001234300
4,404,241727485836500,2116600,1033582800,1035859000
4,420,241727521555300,2163700,1069301600,1071577800
4,436,241727556542700,2148000,1104289000,1106565200
4,452,241727592415400,2300100,1140161700,1142437900
4,468,241727627314100,2126200,1175060400,1177336600
4,484,241727662900000,2285700,1210646300,1212922500
4,500,241727704992600,2229800,1252738900,1255015100
4,516,241727740221200,2213100,1287967500,1290243700
4,532,241727778998700,4314100,1326745000,1329021200
4,548,241727816573200,2133800,1364319500,1366595700
4,564,241727850998900,2116800,1398745200,1401021400
4,580,241727885144100,2102900,1432890400,1435166600
4,596,241727920683000,2145100,1468429300,1470705500
4,612,241727955411500,2101800,1503157800,1505434000
4,628,241727998948600,2157500,1546694900,1548971100
4,644,241728032996100,2098900,1580742400,1583018600
4,660,241728067553900,2265100,1615300200,1617576400
4,676,241728102089000,2091500,1649835300,1652111500
4,692,241728136553500,2153600,1684299800,1686576000
4,708,241728170631000,2098300,1718377300,1720653500
4,724,241728208113600,2168000,1755859900,1758136100
4,740,241728250212700,2355700,1797959000,1800235200
4,756,241728286818900,2238200,1834565200,1836841400
4,772,241728322768900,2296500,1870515200,1872791400
4,788,241728358051700,2203100,1905798000,1908074200
4,804,241728393592600,2304000,1941338900,1943615100
4,820,241728428341100,2273500,1976087400,1978363600
4,836,241728463521500,2172700,2011267800,2013544000
4,852,241728499385300,2161800,2047131600,2049407800
4,868,241728541579000,2137200,2089325300,2091601500
4,884,241728576974700,2138500,2124721000,2126997200
4,900,241728612337300,2197800,2160083600,2162359800
4,916,241728647080200,2220600,2194826500,2197102700
4,932,241728682926800,2196600,2230673100,2232949300
4,948,241728717689300,2169700,2265435600,2267711800
4,964,241728754516300,2180500,2302262600,2304538800
4,980,241728797086400,2161800,2344832700,2347108900
4,996,241728831590800,2130300,2379337100,2381613300
4,1012,241728865844500,2172600,2413590800,2415867000
4,1028,241728900425900,2310700,2448172200,2450448400
4,1044,241728935587700,2190400,2483334000,2485610200
4,1060,241728969893000,2184200,2517639300,2519915500
4,1076,241729004755400,2273500,2552501700,2554777900
4,1092,241729041420400,2331300,2589166700,2591442900
4,1108,241729082044400,2172800,2629790700,2632066900
4,1124,241729117749400,2356100,2665495700,2667771900
4,1140,241729152855100,2142500,2700601400,2702877600
4,1156,241729187872800,2341500,2735619100,2737895300
4,1172,241729223996400,2327000,2771742700,2774018900
4,1188,241729258720500,2233000,2806466800,2808743000
4,1204,241729293775800,2260900,2841522100,2843798300
4,1220,241729338112600,2170500,2885858900,2888135100
4,1236,241729373350900,2249700,2921097200,2923373400
4,1252,241729407988400,2166900,2955734700,2958010900
4,1268,241729444953400,2489400,2992699700,2994975900
4,1284,241729487053200,2624700,3034799500,3037075700
4,1300,241729530110200,2783200,3077856500,3080132700
4,1316,241729576110700,2604200,3123857000,3126133200
4,1332,241729621766600,2759300,3169512900,3171789100
4,1348,241729671128800,2792800,3218875100,3221151300
4,1364,241729714378000,2704900,3262124300,3264400500
4,1380,241729759780900,3065600,3307527200,3309803400
4,1396,241729806357900,2814400,3354104200,3356380400
4,1412,241729852362400,2582900,3400108700,3402384900
4,1428,241729895099000,2805900,3442845300,3445121500
4,1444,241729939811500,2575400,3487557800,3489834000
4,1460,241729995266900,2677000,3543013200,3545289400
4,1476,241730037698900,2590700,3585445200,3587721400
4,1492,241730082891800,2912200,3630638100,3632914300
4,1508,241730127433100,2639900,3675179400,3677455600
4,1524,241730169688500,2659700,3717434800,3719711000
4,1540,241730216402600,2844000,3764148900,3766425100
4,1556,241730263395400,2634600,3811141700,3813417900
4,1572,241730306450600,2597800,3854196900,3856473100
4,1588,241730355566000,2742200,3903312300,3905588500
4,1604,241730398035200,2639600,3945781500,3948057700
4,1620,241730441447200,2750200,3989193500,3991469700
4,1636,241730486606000,2798900,4034352300,4036628500
4,1652,241730530187500,2665300,4077933800,4080210000
4,1668,241730573942900,2610600,4121689200,4123965400
4,1684,241730616531200,2747600,4164277500,4166553700
4,1700,241730665398900,2922500,4213145200,4215421400
4,1716,241730713813300,3093100,4261559600,4263835800
4,1732,241730760616500,2831300,4308362800,4310639000
4,1748,241730805696800,2796500,4353443100,4355719300
4,1764,241730853357300,2699300,4401103600,4403379800
4,1780,241730896791500,2724000,4444537800,4446814000
4,1796,241730942457000,2593500,4490203300,4492479500
4,1812,241730988631000,3056600,4536377300,4538653500
4,1828,241731040424600,2888600,4588170900,4590447100
4,1844,241731085266100,2793800,4633012400,4635288600
4,1860,241731130891700,2772400,4678638000,4680914200
4,1876,241731173780900,2625800,4721527200,4723803400
4,1892,241731216083600,2614100,4763829900,4766106100
4,1908,241731258558700,2726600,4806305000,4808581200
4,1924,241731302856800,2738000,4850603100,4852879300
4,1940,241731353706200,2678500,4901452500,4903728700
4,1956,241731396628200,2700100,4944374500,4946650700
4,1972,241731440187400,2687100,4987933700,4990209900
4,1988,241731487678600,3024000,5035424900,5037701100
4,2004,241731535933000,2711400,5083679300,5085955500
4,2020,241731579471700,2727900,5127218000,5129494200
4,2036,241731623587400,2701600,5171333700,5173609900
5,5,241726528993000,4298900,76739300,79015500
5,21,241726578155900,2328100,125902200,128178400
5,37,241726615971000,2282200,163717300,165993500
5,53,241726658100800,2202800,205847100,208123300
5,69,241726696467800,2402400,244214100,246490300
5,85,241726733852700,2580700,281599000,283875200
5,101,241726776270700,2867200,324017000,326293200
5,117,241726826441600,2421300,374187900,376464100
5,133,241726864367200,2202200,412113500,414389700
5,149,241726900489300,2263800,448235600,450511800
5,165,241726937797900,2243200,485544200,487820400
5,181,241726975935500,2221200,523681800,525958000
5,197,241727012209300,2305500,559955600,562231800
5,213,241727048285100,2136900,596031400,598307600
5,229,241727083730400,2110300,631476700,633752900
5,245,241727123941600,2080400,671687900,673964100
5,261,241727158073300,2108100,705819600,708095800
5,277,241727193443100,2201800,741189400,743465600
5,293,241727229174100,2116200,776920400,779196600
5,309,241727263500800,2081000,811247100,813523300
5,325,241727296766200,2062200,844512500,846788700
5,341,241727332241100,2404600,879987400,882263600
5,357,241727371905100,2239800,919651400,921927600
5,373,241727415506400,2259000,963252700,965528900
5,389,241727452975100,2203600,1000721400,1002997600
5,405,241727487563000,2139400,1035309300,1037585500
5,421,241727523376500,2181200,1071122800,1073399000
5,437,241727558461300,2307600,1106207600,1108483800
5,453,241727594334200,2238700,1142080500,1144356700
5,469,241727629130100,2113600,1176876400,1179152600
5,485,241727664858900,2221800,1212605200,1214881400
5,501,241727706955900,2158200,1254702200,1256978400
5,517,241727742173700,2183700,1289920000,1292196200
5,533,241727782020800,2461500,1329767100,1332043300
5,549,241727817620300,2159300,1365366600,1367642800
5,565,241727852064100,2111200,1399810400,1402086600
5,581,241727886172200,2056800,1433918500,1436194700
5,597,241727921688200,2293500,1469434500,1471710700
5,613,241727956442400,2116700,1504188700,1506464900
5,629,241728000019100,2158100,1547765400,1550041600
5,645,241728033930100,2132300,1581676400,1583952600
5,661,241728068569700,2298100,1616316000,1618592200
5,677,241728103104900,2075600,1650851200,1653127400
5,693,241728137718800,2171500,1685465100,1687741300
5,709,241728171790300,2081900,1719536600,1721812800
5,725,241728207710500,2147900,1755456800,1757733000
5,741,241728249889300,2296600,1797635600,1799911800
5,757,241728286298400,2219800,1834044700,1836320900
5,773,241728322265500,2305400,1870011800,1872288000
5,789,241728357582200,2227500,1905328500,1907604700
5,805,241728392998600,2135900,1940744900,1943021100
5,821,241728427762300,2295200,1975508600,1977784800
5,837,241728462972800,2150800,2010719100,2012995300
5,853,241728498782800,2152300,2046529100,2048805300
5,869,241728540999800,2122500,2088746100,2091022300
5,885,241728576364100,2114600,2124110400,2126386600
5,901,241728611423800,2227700,2159170100,2161446300
5,917,241728646193100,2180300,2193939400,2196215600
5,933,241728682403400,2194600,2230149700,2232425900
5,949,241728717160400,2145700,2264906700,2267182900
5,965,241728753816300,2162900,2301562600,2303838800
5,981,241728796451400,2175700,2344197700,2346473900
5,997,241728831038900,2113900,2378785200,2381061400
5,1013,241728865328700,2120500,2413075000,2415351200
5,1029,241728899872900,2329300,2447619200,2449895400
5,1045,241728935068900,2160500,2482815200,2485091400
5,1061,241728969392800,2179400,2517139100,2519415300
5,1077,241729004194200,2288800,2551940500,2554216700
5,1093,241729040999500,2299300,2588745800,2591022000
5,1109,241729081609200,2177700,2629355500,2631631700
5,1125,241729117155900,2358600,2664902200,2667178400
5,1141,241729152280200,2139900,2700026500,2702302700
5,1157,241729187179000,2255100,2734925300,2737201500
5,1173,241729223349400,2331300,2771095700,2773371900
5,1189,241729258148300,2239900,2805894600,2808170800
5,1205,241729293159100,2138700,2840905400,2843181600
5,1221,241729337587500,2170400,2885333800,2887610000
5,1237,241729372805200,2229000,2920551500,2922827700
5,1253,241729407390600,2158800,2955136900,2957413100
5,1269,241729443813000,2546400,2991559300,2993835500
5,1285,241729485850200,2660700,3033596500,3035872700
5,1301,241729528853200,2821900,3076599500,3078875700
5,1317,241729574909000,2624100,3122655300,3124931500
5,1333,241729620526100,2755900,3168272400,3170548600
5,1349,241729669888100,2777500,3217634400,3219910600
5,1365,241729713165600,2702400,3260911900,3263188100
5,1381,241729758452600,3036700,3306198900,3308475100
5,1397,241729805094400,2794100,3352840700,3355116900
5,1413,241729851187600,2599700,3398933900,3401210100
5,1429,241729893848700,2732900,3441595000,3443871200
5,1445,241729938597000,2579200,3486343300,3488619500
5,1461,241729994532800,2580600,3542279100,3544555300
5,1477,241730036921300,2533400,3584667600,3586943800
5,1493,241730082162600,2891400,3629908900,3632185100
5,1509,241730126690400,2610600,3674436700,3676712900
5,1525,241730168998400,2688100,3716744700,3719020900
5,1541,241730215660800,2863400,3763407100,3765683300
5,1557,241730262704200,2622100,3810450500,3812726700
5,1573,241730305752800,2605600,3853499100,3855775300
5,1589,241730354854600,2705300,3902600900,3904877100
5,1605,241730397311600,2621600,3945057900,3947334100
5,1621,241730440664300,2774400,3988410600,3990686800
5,1637,241730485900300,2742000,4033646600,4035922800
5,1653,241730529522600,2652500,4077268900,4079545100
5,1669,241730573330700,2587800,4121077000,4123353200
5,1685,241730615881500,2761600,4163627800,4165904000
5,1701,241730664717300,2928900,4212463600,4214739800
5,1717,241730713075200,3164600,4260821500,4263097700
5,1733,241730759916500,2840300,4307662800,4309939000
5,1749,241730805017100,2807200,4352763400,4355039600
5,1765,241730852669100,2686500,4400415400,4402691600
5,1781,241730896044300,2781900,4443790600,4446066800
5,1797,241730941678000,2698700,4489424300,4491700500
5,1813,241730987956300,3006700,4535702600,4537978800
5,1829,241731042652400,2696000,4590398700,4592674900
5,1845,241731087389600,2794100,4635135900,4637412100
5,1861,241731132962900,2797900,4680709200,4682985400
5,1877,241731175743700,2631800,4723490000,4725766200
5,1893,241731218094000,2606000,4765840300,4768116500
5,1909,241731260640900,2756900,4808387200,4810663400
5,1925,241731305065600,2729500,4852811900,4855088100
5,1941,241731355852000,2744500,4903598300,4905874500
5,1957,241731398776300,2713200,4946522600,4948798800
5,1973,241731442293700,2815000,4990040000,4992316200
5,1989,241731489913200,3118900,5037659500,5039935700
5,2005,241731538528800,2753800,5086275100,5088551300
5,2021,241731582070100,2918900,5129816400,5132092600
5,2037,241731626186400,2707700,5173932700,5176208900
6,6,241726533375900,6406700,81122200,83398400
6,22,241726580381500,2316200,128127800,130404000
6,38,241726618168600,2280000,165914900,168191100
6,54,241726660274300,2219500,208020600,210296800
6,70,241726698639700,2349000,246386000,248662200
6,86,241726736130800,2697500,283877100,286153300
6,102,241726778875000,2781500,326621300,328897500
6,118,241726828685200,2281200,376431500,378707700
6,134,241726866416400,2203300,414162700,416438900
6,150,241726902631300,2280300,450377600,452653800
6,166,241726939954700,2190300,487701000,489977200
6,182,241726977940000,2227100,525686300,527962500
6,198,241727014388200,2272800,562134500,564410700
6,214,241727050395700,2089300,598142000,600418200
6,230,241727085813800,2258600,633560100,635836300
6,246,241727126055400,2093500,673801700,676077900
6,262,241727160212000,2249700,707958300,710234500
6,278,241727195682100,2208500,743428400,745704600
6,294,241727231325000,2110900,779071300,781347500
6,310,241727265616200,2033600,813362500,815638700
6,326,241727298858800,2082700,846605100,848881300
6,342,241727334692600,2481000,882438900,884715100
6,358,241727373262500,2184800,921008800,923285000
6,374,241727416788600,2247100,964534900,966811100
6,390,241727454257000,2205400,1002003300,1004279500
6,406,241727488795300,2135400,1036541600,1038817800
6,422,241727524649800,2329100,1072396100,1074672300
6,438,241727559761600,2362200,1107507900,1109784100
6,454,241727595829800,2293900,1143576100,1145852300
6,470,241727630454400,2112100,1178200700,1180476900
6,486,241727666162300,2243000,1213908600,1216184800
6,502,241727708014800,2176500,1255761100,1258037300
6,518,241727743265600,2186700,1291011900,1293288100
6,534,241727783199300,2253100,1330945600,1333221800
6,550,241727818569800,2198500,1366316100,1368592300
6,566,241727852970200,2102300,1400716500,1402992700
6,582,241727887112200,2076200,1434858500,1437134700
6,598,241727922725100,2380900,1470471400,1472747600
6,614,241727957458500,2241900,1505204800,1507481000
6,630,241728000906600,2166100,1548652900,1550929100
6,646,241728034742200,2186200,1582488500,1584764700
6,662,241728069521500,2191700,1617267800,1619544000
6,678,241728103912000,2099800,1651658300,1653934500
6,694,241728138480700,2171600,1686227000,1688503200
6,710,241728172505000,2111400,1720251300,1722527500
6,726,241728209614300,2187500,1757360600,1759636800
6,742,241728251991000,2366300,1799737300,1802013500
6,758,241728288352200,2217400,1836098500,1838374700
6,774,241728324302000,2299900,1872048300,1874324500
6,790,241728359507400,2240000,1907253700,1909529900
6,806,241728395045200,2294100,1942791500,1945067700
6,822,241728429833000,2178700,1977579300,1979855500
6,838,241728464923300,2156400,2012669600,2014945800
6,854,241728500798800,2183200,2048545100,2050821300
6,870,241728542950500,2147300,2090696800,2092973000
6,886,241728578537500,2213600,2126283800,2128560000
6,902,241728614055100,2188800,2161801400,2164077600
6,918,241728648751100,2243300,2196497400,2198773600
6,934,241728684542600,2190900,2232288900,2234565100
6,950,241728719246000,2237800,2266992300,2269268500
6,966,241728756014200,2219500,2303760500,2306036700
6,982,241728798541700,2163400,2346288000,2348564200
6,998,241728833071000,2154800,2380817300,2383093500
6,1014,241728867367000,2185400,2415113300,2417389500
6,1030,241728902114300,2228600,2449860600,2452136800
6,1046,241728936904500,2193300,2484650800,2486927000
6,1062,241728971281300,2197500,2519027600,2521303800
6,1078,241729006143000,2217600,2553889300,2556165500
6,1094,241729042826300,2548300,2590572600,2592848800
6,1110,241729083415900,2200000,2631162200,2633438400
6,1126,241729119292100,2337800,2667038400,2669314600
6,1142,241729154243200,2166200,2701989500,2704265700
6,1158,241729189237500,2371600,2736983800,2739260000
6,1174,241729225295500,2271600,2773041800,2775318000
6,1190,241729260019800,2180500,2807766100,2810042300
6,1206,241729295018900,2710100,2842765200,2845041400
6,1222,241729339017500,2190600,2886763800,2889040000
6,1238,241729374246800,2267600,2921993100,2924269300
6,1254,241729408928300,2129000,2956674600,2958950800
6,1270,241729446292800,2330000,2994039100,2996315300
6,1286,241729488432800,2604500,3036179100,3038455300
6,1302,241729531591000,2942700,3079337300,3081613500
6,1318,241729577460100,2695300,3125206400,3127482600
6,1334,241729623211100,2758700,3170957400,3173233600
6,1350,241729672576400,2780100,3220322700,3222598900
6,1366,241729715776000,2734200,3263522300,3265798500
6,1382,241729761402800,3120800,3309149100,3311425300
6,1398,241729807739600,2980700,3355485900,3357762100
6,1414,241729853642000,2567000,3401388300,3403664500
6,1430,241729896526200,2758800,3444272500,3446548700
6,1446,241729941109200,2852500,3488855500,3491131700
6,1462,241729996569000,2750500,3544315300,3546591500
6,1478,241730038773200,3104200,3586519500,3588795700
6,1494,241730084266400,3088800,3632012700,3634288900
6,1510,241730128721100,2708900,3676467400,3678743600
6,1526,241730171088300,2659000,3718834600,3721110800
6,1542,241730217866400,2806600,3765612700,3767888900
6,1558,241730264710400,2600100,3812456700,3814732900
6,1574,241730307740800,2644400,3855487100,3857763300
6,1590,241730356879100,2747100,3904625400,3906901600
6,1606,241730399287200,2686900,3947033500,3949309700
6,1622,241730442782800,2758400,3990529100,3992805300
6,1638,241730487962200,2803800,4035708500,4037984700
6,1654,241730531556200,2666300,4079302500,4081578700
6,1670,241730575317400,2705200,4123063700,4125339900
6,1686,241730617978600,2735500,4165724900,4168001100
6,1702,241730666958700,2932500,4214705000,4216981200
6,1718,241730715533800,2870200,4263280100,4265556300
6,1734,241730762118300,2859000,4309864600,4312140800
6,1750,241730807194900,2863500,4354941200,4357217400
6,1766,241730854795500,2787300,4402541800,4404818000
6,1782,241730898243900,2749100,4445990200,4448266400
6,1798,241730943844800,2592300,4491591100,4493867300
6,1814,241730990257700,3110200,4538004000,4540280200
6,1830,241731042876600,2718100,4590622900,4592899100
6,1846,241731087579600,2805400,4635325900,4637602100
6,1862,241731133149200,2790300,4680895500,4683171700
6,1878,241731175926900,2617600,4723673200,4725949400
6,1894,241731218271800,2612300,4766018100,4768294300
6,1910,241731260829600,2770000,4808575900,4810852100
6,1926,241731305195300,2733500,4852941600,4855217800
6,1942,241731355997700,2738200,4903744000,4906020200
6,1958,241731398929800,2704400,4946676100,4948952300
6,1974,241731442440900,2814900,4990187200,4992463400
6,1990,241731490039200,3117700,5037785500,5040061700
6,2006,241731538225400,2776900,5085971700,5088247900
6,2022,241731581509900,2853000,5129256200,5131532400
6,2038,241731625566800,2681800,5173313100,5175589300
7,7,241726539920900,4351700,87667200,89943400
7,23,241726582771000,2398600,130517300,132793500
7,39,241726620495600,2300400,168241900,170518100
7,55,241726662466200,2213100,210212500,212488700
7,71,241726701024100,2276500,248770400,251046600
7,87,241726738952000,2476500,286698300,288974500
7,103,241726781813000,2829800,329559300,331835500
7,119,241726831058400,2353100,378804700,381080900
7,135,241726868757900,2187200,416504200,418780400
7,151,241726905132100,2257100,452878400,455154600
7,167,241726942337700,2300900,490084000,492360200
7,183,241726979920200,2225200,527666500,529942700
7,199,241727016261100,2155900,564007400,566283600
7,215,241727052113600,2207100,599859900,602136100
7,231,241727087620700,2256500,635367000,637643200
7,247,241727127647500,2114800,675393800,677670000
7,263,241727161881000,2203300,709627300,711903500
7,279,241727197259600,2174300,745005900,747282100
7,295,241727232810500,2136900,780556800,782833000
7,311,241727266985200,2048400,814731500,817007700
7,327,241727300237700,2069900,847984000,850260200
7,343,241727336256200,2372900,884002500,886278700
7,359,241727373321900,2182500,921068200,923344400
7,375,241727416912900,2233000,964659200,966935400
7,391,241727454283700,2215200,1002030000,1004306200
7,407,241727488825700,2149400,1036572000,1038848200
7,423,241727524613700,2331700,1072360000,1074636200
7,439,241727559730500,2360100,1107476800,1109753000
7,455,241727595857700,2295800,1143604000,1145880200
7,471,241727630508500,2115600,1178254800,1180531000
7,487,241727666260300,2265000,1214006600,1216282800
7,503,241727708291800,2157700,1256038100,1258314300
7,519,241727743529400,2189100,1291275700,1293551900
7,535,241727782906500,2285400,1330652800,1332929000
7,551,241727818280900,2169200,1366027200,1368303400
7,567,241727852682800,2098300,1400429100,1402705300
7,583,241727886821100,2062500,1434567400,1436843600
7,599,241727922392500,2385300,1470138800,1472415000
7,615,241727957149800,2218700,1504896100,1507172300
7,631,241728000581000,2177700,1548327300,1550603500
7,647,241728034416800,2184200,1582163100,1584439300
7,663,241728069187200,2240200,1616933500,1619209700
7,679,241728103633800,2087300,1651380100,1653656300
7,695,241728138187400,2175100,1685933700,1688209900
7,711,241728172253700,2094200,1720000000,1722276200
7,727,241728208541300,2172300,1756287600,1758563800
7,743,241728250855100,2287900,1798601400,1800877600
7,759,241728287339500,2233500,1835085800,1837362000
7,775,241728323332900,2294600,1871079200,1873355400
7,791,241728358568900,2249800,1906315200,1908591400
7,807,241728394120700,2296100,1941867000,1944143200
7,823,241728428859100,2224200,1976605400,1978881600
7,839,241728463979500,2175800,2011725800,2014002000
7,855,241728499921900,2186300,2047668200,2049944400
7,871,241728542105600,2127800,2089851900,2092128100
7,887,241728577355600,2139100,2125101900,2127378100
7,903,241728612382300,2195400,2160128600,2162404800
7,919,241728647040500,2217600,2194786800,2197063000
7,935,241728682857500,2195700,2230603800,2232880000
7,951,241728717608400,2174900,2265354700,2267630900
7,967,241728754454300,2175100,2302200600,2304476800
7,983,241728797116600,2164100,2344862900,2347139100
7,999,241728831683800,2128200,2379430100,2381706300
7,1015,241728866007800,2177600,2413754100,2416030300
7,1031,241728900619600,2273900,2448365900,2450642100
7,1047,241728935686000,2177700,2483432300,2485708500
7,1063,241728970102100,2161200,2517848400,2520124600
7,1079,241729004980400,2264100,2552726700,2555002900
7,1095,241729042176200,2365600,2589922500,2592198700
7,1111,241729082719500,2187600,2630465800,2632742000
7,1127,241729118616600,2375200,2666362900,2668639100
7,1143,241729153575700,2176200,2701322000,2703598200
7,1159,241729188636200,2382500,2736382500,2738658700
7,1175,241729224739500,2283200,2772485800,2774762000
7,1191,241729259505900,2254400,2807252200,2809528400
7,1207,241729294528500,2563100,2842274800,2844551000
7,1223,241729338880200,2185900,2886626500,2888902700
7,1239,241729374105000,2269700,2921851300,2924127500
7,1255,241729408711000,2177900,2956457300,2958733500
7,1271,241729446528700,2320100,2994275000,2996551200
7,1287,241729488686600,2609200,3036432900,3038709100
7,1303,241729531858500,2994100,3079604800,3081881000
7,1319,241729577715400,2689600,3125461700,3127737900
7,1335,241729623501200,2760200,3171247500,3173523700
7,1351,241729672910300,2748500,3220656600,3222932800
7,1367,241729716096200,2742600,3263842500,3266118700
7,1383,241729761674300,3106300,3309420600,3311696800
7,1399,241729808089600,3001000,3355835900,3358112100
7,1415,241729853965700,2581800,3401712000,3403988200
7,1431,241729896670700,2803000,3444417000,3446693200
7,1447,241729941291600,2869500,3489037900,3491314100
7,1463,241729996853000,2708900,3544599300,3546875500
7,1479,241730039096200,3083000,3586842500,3589118700
7,1495,241730084628600,3005300,3632374900,3634651100
7,1511,241730128975200,2669200,3676721500,3678997700
7,1527,241730171355000,2641000,3719101300,3721377500
7,1543,241730218251300,2796500,3765997600,3768273800
7,1559,241730265069000,2610900,3812815300,3815091500
7,1575,241730308093500,2653600,3855839800,3858116000
7,1591,241730357265100,2735800,3905011400,3907287600
7,1607,241730399639700,2703600,3947386000,3949662200
7,1623,241730443129000,2839900,3990875300,3993151500
7,1639,241730488327800,2747600,4036074100,4038350300
7,1655,241730531883400,2690400,4079629700,4081905900
7,1671,241730575635200,2726800,4123381500,4125657700
7,1687,241730618327400,2706800,4166073700,4168349900
7,1703,241730667314900,2938100,4215061200,4217337400
7,1719,241730715917100,2841500,4263663400,4265939600
7,1735,241730762480300,2858000,4310226600,4312502800
7,1751,241730807542700,2868700,4355289000,4357565200
7,1767,241730855127200,2807300,4402873500,4405149700
7,1783,241730898565400,2764700,4446311700,4448587900
7,1799,241730944165000,2606700,4491911300,4494187500
7,1815,241730990738000,3098300,4538484300,4540760500
7,1831,241731044601000,2824900,4592347300,4594623500
7,1847,241731089359300,2803000,4637105600,4639381800
7,1863,241731134975400,2744200,4682721700,4684997900
7,1879,241731177624200,2631100,4725370500,4727646700
7,1895,241731219949200,2585700,4767695500,4769971700
7,1911,241731262618400,2779300,4810364700,4812640900
7,1927,241731306927300,2799500,4854673600,4856949800
7,1943,241731357710500,2777400,4905456800,4907733000
7,1959,241731400670800,2742400,4948417100,4950693300
7,1975,241731444328100,2752900,4992074400,4994350600
7,1991,241731492290900,3088100,5040037200,5042313400
7,2007,241731540316700,2774700,5088063000,5090339200
7,2023,241731583644000,3085100,5131390300,5133666500
7,2039,241731627732500,2713200,5175478800,5177755000
8,8,241726544328900,3482600,92075200,94351400
8,24,241726585325200,2396800,133071500,135347700
8,40,241726623002800,2284700,170749100,173025300
8,56,241726664967500,2207900,212713800,214990000
8,72,241726703156800,2558200,250903100,253179300
8,88,241726741396400,2363600,289142700,291418900
8,104,241726784602300,2867800,332348600,334624800
8,120,241726833477600,2428100,381223900,383500100
8,136,241726870915800,2215300,418662100,420938300
8,152,241726907276600,2293100,455022900,457299100
8,168,241726944521300,2243000,492267600,494543800
8,184,241726981062500,2214900,528808800,531085000
8,200,241727017376300,2225400,565122600,567398800
8,216,241727053220900,2239400,600967200,603243400
8,232,241727088835200,2217500,636581500,638857700
8,248,241727128846000,2095100,676592300,678868500
8,264,241727163308800,2205200,711055100,713331300
8,280,241727198916900,2157200,746663200,748939400
8,296,241727234507700,2107100,782254000,784530200
8,312,241727268678200,2040400,816424500,818700700
8,328,241727301979900,2085100,849726200,852002400
8,344,241727338311900,2654500,886058200,888334400
8,360,241727374740500,2387800,922486800,924763000
8,376,241727418352500,2213100,966098800,968375000
8,392,241727455752300,2264500,1003498600,1005774800
8,408,241727490272000,2138400,1038018300,1040294500
8,424,241727526302100,2306800,1074048400,1076324600
8,440,241727561478100,2193500,1109224400,1111500600
8,456,241727597423400,2124000,1145169700,1147445900
8,472,241727631957100,2149200,1179703400,1181979600
8,488,241727667738100,2288500,1215484400,1217760600
8,504,241727709669300,2168800,1257415600,1259691800
8,520,241727744922400,2199200,1292668700,1294944900
8,536,241727783719600,2263400,1331465900,1333742100
8,552,241727819010500,2236800,1366756800,1369033000
8,568,241727853412900,2072000,1401159200,1403435400
8,584,241727887642600,2066800,1435388900,1437665100
8,600,241727923377000,2337800,1471123300,1473399500
8,616,241727958018500,2296300,1505764800,1508041000
8,632,241728001562200,2136200,1549308500,1551584700
8,648,241728035448800,2183100,1583195100,1585471300
8,664,241728070152200,2180300,1617898500,1620174700
8,680,241728104459400,2112300,1652205700,1654481900
8,696,241728139044500,2189800,1686790800,1689067000
8,712,241728173049700,2202400,1720796000,1723072200
8,728,241728209181500,2185000,1756927800,1759204000
8,744,241728251666500,2298800,1799412800,1801689000
8,760,241728288030700,2211400,1835777000,1838053200
8,776,241728324177200,2294100,1871923500,1874199700
8,792,241728359394000,2230600,1907140300,1909416500
8,808,241728394990100,2288000,1942736400,1945012600
8,824,241728429802900,2177600,1977549200,1979825400
8,840,241728464836000,2158000,2012582300,2014858500
8,856,241728500697100,2166600,2048443400,2050719600
8,872,241728542840200,2143000,2090586500,2092862700
8,888,241728578115600,2195800,2125861900,2128138100
8,904,241728613201900,2175800,2160948200,2163224400
8,920,241728647941500,2340200,2195687800,2197964000
8,936,241728683797900,2185700,2231544200,2233820400
8,952,241728718496600,2217200,2266242900,2268519100
8,968,241728755226300,2181700,2302972600,2305248800
8,984,241728797840500,2161700,2345586800,2347863000
8,1000,241728832370600,2147700,2380116900,2382393100
8,1016,241728866671800,2186300,2414418100,2416694300
8,1032,241728901370000,2134900,2449116300,2451392500
8,1048,241728936210100,2169500,2483956400,2486232600
8,1064,241728970582300,2180400,2518328600,2520604800
8,1080,241729005470300,2245700,2553216600,2555492800
8,1096,241729041739400,2377100,2589485700,2591761900
8,1112,241729082348300,2177700,2630094600,2632370800
8,1128,241729118185100,2336300,2665931400,2668207600
8,1144,241729153288500,2150100,2701034800,2703311000
8,1160,241729188297000,2445500,2736043300,2738319500
8,1176,241729224475200,2332600,2772221500,2774497700
8,1192,241729259218600,2243500,2806964900,2809241100
8,1208,241729294276000,2495800,2842022300,2844298500
8,1224,241729338619100,2176500,2886365400,2888641600
8,1240,241729373880900,2266200,2921627200,2923903400
8,1256,241729408518300,2158700,2956264600,2958540800
8,1272,241729445670400,2360900,2993416700,2995692900
8,1288,241729487758700,2594600,3035505000,3037781200
8,1304,241729530857600,2858400,3078603900,3080880100
8,1320,241729576786500,2637500,3124532800,3126809000
8,1336,241729622496600,2748200,3170242900,3172519100
8,1352,241729671857300,2785500,3219603600,3221879800
8,1368,241729715071400,2722700,3262817700,3265093900
8,1384,241729760548600,3157000,3308294900,3310571100
8,1400,241729807081700,2902400,3354828000,3357104200
8,1416,241729853075000,2563700,3400821300,3403097500
8,1432,241729895973400,2688300,3443719700,3445995900
8,1448,241729940547100,2643500,3488293400,3490569600
8,1464,241729996061300,2719900,3543807600,3546083800
8,1480,241730038329700,2911300,3586076000,3588352200
8,1496,241730083701400,3038700,3631447700,3633723900
8,1512,241730128173300,2639000,3675919600,3678195800
8,1528,241730170551400,2646500,3718297700,3720573900
8,1544,241730217307600,2864200,3765053900,3767330100
8,1560,241730264235100,2608800,3811981400,3814257600
8,1576,241730307245200,2642500,3854991500,3857267700
8,1592,241730356285100,2744500,3904031400,3906307600
8,1608,241730398690100,2701100,3946436400,3948712600
8,1624,241730442133800,2760500,3989880100,3992156300
8,1640,241730487236900,2818100,4034983200,4037259400
8,1656,241730530837400,2706800,4078583700,4080859900
8,1672,241730574652400,2655000,4122398700,4124674900
8,1688,241730617264700,2767400,4165011000,4167287200
8,1704,241730666195700,2918200,4213942000,4216218200
8,1720,241730714700200,3007100,4262446500,4264722700
8,1736,241730761413700,2848800,4309160000,4311436200
8,1752,241730806499800,2791400,4354246100,4356522300
8,1768,241730854129200,2773200,4401875500,4404151700
8,1784,241730897537800,2752100,4445284100,4447560300
8,1800,241730943204400,2591200,4490950700,4493226900
8,1816,241730989527000,3091300,4537273300,4539549500
8,1832,241731041730800,2725700,4589477100,4591753300
8,1848,241731086367900,2790400,4634114200,4636390400
8,1864,241731131943300,2780800,4679689600,4681965800
8,1880,241731174763900,2645300,4722510200,4724786400
8,1896,241731217122200,2612600,4764868500,4767144700
8,1912,241731259630700,2754300,4807377000,4809653200
8,1928,241731303867500,2711500,4851613800,4853890000
8,1944,241731354760800,2649200,4902507100,4904783300
8,1960,241731397727800,2702600,4945474100,4947750300
8,1976,241731441262600,2804800,4989008900,4991285100
8,1992,241731488884600,3069500,5036630900,5038907100
8,2008,241731537210000,2736500,5084956300,5087232500
8,2024,241731580607300,2773400,5128353600,5130629800
8,2040,241731624751900,2686300,5172498200,5174774400
9,9,241726547855500,2839800,95601800,97878000
9,25,241726587662000,2230000,135408300,137684500
9,41,241726625168700,2481600,172915000,175191200
9,57,241726667000900,2202600,214747200,217023400
9,73,241726705579600,2325300,253325900,255602100
9,89,241726743509200,2546100,291255500,293531700
9,105,241726787260900,11976300,335007200,337283400
9,121,241726835778900,2520300,383525200,385801400
9,137,241726873101600,2192500,420847900,423124100
9,153,241726909538400,2433900,457284700,459560900
9,169,241726946733900,2211600,494480200,496756400
9,185,241726983419600,2155400,531165900,533442100
9,201,241727019691700,2293100,567438000,569714200
9,217,241727055409100,2116000,603155400,605431600
9,233,241727090907700,2054400,638654000,640930200
9,249,241727130798300,2047100,678544600,680820800
9,265,241727165150200,2255200,712896500,715172700
9,281,241727200732400,2169200,748478700,750754900
9,297,241727236201200,2078700,783947500,786223700
9,313,241727270281100,2040800,818027400,820303600
9,329,241727303615100,2127600,851361400,853637600
9,345,241727340073400,2280800,887819700,890095900
9,361,241727378272800,2472000,926019100,928295300
9,377,241727421497300,2351900,969243600,971519800
9,393,241727458888800,2124800,1006635100,1008911300
9,409,241727493281300,2103200,1041027600,1043303800
9,425,241727529345400,2160000,1077091700,1079367900
9,441,241727564475300,2167000,1112221600,1114497800
9,457,241727600369000,2115100,1148115300,1150391500
9,473,241727634859500,2157400,1182605800,1184882000
9,489,241727670891700,2105100,1218638000,1220914200
9,505,241727712484900,2194400,1260231200,1262507400
9,521,241727747788100,2171100,1295534400,1297810600
9,537,241727787176000,2262400,1334922300,1337198500
9,553,241727822493400,2151200,1370239700,1372515900
9,569,241727856668100,2122300,1404414400,1406690600
9,585,241727890699800,3025200,1438446100,1440722300
9,601,241727926829100,2150400,1474575400,1476851600
9,617,241727961644800,2309000,1509391100,1511667300
9,633,241728004769700,2105400,1552516000,1554792200
9,649,241728038739300,2136900,1586485600,1588761800
9,665,241728073448500,2138000,1621194800,1623471000
9,681,241728107648500,2130800,1655394800,1657671000
9,697,241728142395100,2125800,1690141400,1692417600
9,713,241728176354900,2105700,1724101200,1726377400
9,729,241728212295600,2154800,1760041900,1762318100
9,745,241728254996800,2295700,1802743100,1805019300
9,761,241728291179000,2135600,1838925300,1841201500
9,777,241728327277600,2249900,1875023900,1877300100
9,793,241728362358400,2197900,1910104700,1912380900
9,809,241728397885000,2160000,1945631300,1947907500
9,825,241728432582800,2161600,1980329100,1982605300
9,841,241728467660600,2130000,2015406900,2017683100
9,857,241728503618600,2300200,2051364900,2053641100
9,873,241728545699700,2112100,2093446000,2095722200
9,889,241728581019000,2117500,2128765300,2131041500
9,905,241728615563400,2182900,2163309700,2165585900
9,921,241728650402300,2207400,2198148600,2200424800
9,937,241728686168800,2168800,2233915100,2236191300
9,953,241728720872100,2309200,2268618400,2270894600
9,969,241728757690800,2174300,2305437100,2307713300
9,985,241728800259100,2172000,2348005400,2350281600
9,1001,241728834785400,2147000,2382531700,2384807900
9,1017,241728869113500,2147800,2416859800,2419136000
9,1033,241728903873100,2197200,2451619400,2453895600
9,1049,241728938823300,2147200,2486569600,2488845800
9,1065,241728973212400,2123800,2520958700,2523234900
9,1081,241729008173900,2206200,2555920200,2558196400
9,1097,241729044843300,2348600,2592589600,2594865800
9,1113,241729085152400,2147000,2632898700,2635174900
9,1129,241729121113200,2191000,2668859500,2671135700
9,1145,241729155964300,2127900,2703710600,2705986800
9,1161,241729191211900,2174700,2738958200,2741234400
9,1177,241729227174100,2261800,2774920400,2777196600
9,1193,241729261702100,2152100,2809448400,2811724600
9,1209,241729297060400,2639900,2844806700,2847082900
9,1225,241729341128400,2140000,2888874700,2891150900
9,1241,241729376432700,2136300,2924179000,2926455200
9,1257,241729410976700,2146300,2958723000,2960999200
9,1273,241729448566000,2342800,2996312300,2998588500
9,1289,241729490968900,2601600,3038715200,3040991400
9,1305,241729534451100,3017500,3082197400,3084473600
9,1321,241729580052900,2782200,3127799200,3130075400
9,1337,241729625852800,2724800,3173599100,3175875300
9,1353,241729675237000,2736900,3222983300,3225259500
9,1369,241729718397600,2788300,3266143900,3268420100
9,1385,241729764441200,2952800,3312187500,3314463700
9,1401,241729810628700,3422700,3358375000,3360651200
9,1417,241729856142400,2656200,3403888700,3406164900
9,1433,241729899179500,2740700,3446925800,3449202000
9,1449,241729943848900,4763200,3491595200,3493871400
9,1465,241729999210200,2623800,3546956500,3549232700
9,1481,241730041751600,3043400,3589497900,3591774100
9,1497,241730087219300,2854400,3634965600,3637241800
9,1513,241730131227000,2586800,3678973300,3681249500
9,1529,241730173589100,2648900,3721335400,3723611600
9,1545,241730220606500,2758900,3768352800,3770629000
9,1561,241730267236900,2607200,3814983200,3817259400
9,1577,241730310310800,2790600,3858057100,3860333300
9,1593,241730359514500,2724800,3907260800,3909537000
9,1609,241730401871800,2661500,3949618100,3951894300
9,1625,241730445388700,2869300,3993135000,3995411200
9,1641,241730490478400,2676300,4038224700,4040500900
9,1657,241730533942700,2684500,4081689000,4083965200
9,1673,241730577726900,2769000,4125473200,4127749400
9,1689,241730620424700,2595000,4168171000,4170447200
9,1705,241730669546200,2993600,4217292500,4219568700
9,1721,241730718179600,2843500,4265925900,4268202100
9,1737,241730764744400,2815700,4312490700,4314766900
9,1753,241730809819500,3069600,4357565800,4359842000
9,1769,241730857480900,2918500,4405227200,4407503400
9,1785,241730900920800,2784000,4448667100,4450943300
9,1801,241730946372500,2607400,4494118800,4496395000
9,1817,241730993328200,3045000,4541074500,4543350700
9,1833,241731043242200,2760500,4590988500,4593264700
9,1849,241731087948500,2832600,4635694800,4637971000
9,1865,241731133544300,2788100,4681290600,4683566800
9,1881,241731176292300,2613000,4724038600,4726314800
9,1897,241731218623400,2623100,4766369700,4768645900
9,1913,241731261129900,2767500,4808876200,4811152400
9,1929,241731305439400,2754500,4853185700,4855461900
9,1945,241731356248000,2772700,4903994300,4906270500
9,1961,241731399177600,2734400,4946923900,4949200100
9,1977,241731442697100,2819100,4990443400,4992719600
9,1993,241731490453200,3120600,5038199500,5040475700
9,2009,241731538564800,2753700,5086311100,5088587300
9,2025,241731581985300,2932500,5129731600,5132007800
9,2041,241731626110700,2711100,5173857000,5176133200
10,10,241726550731000,3182700,98477300,100753500
10,26,241726589860400,2285300,137606700,139882900
10,42,241726627746000,3179400,175492300,177768500
10,58,241726669301200,2247200,217047500,219323700
10,74,241726707868300,2483200,255614600,257890800
10,90,241726746008700,2618700,293755000,296031200
10,106,241726799128100,2573300,346874400,349150600
10,122,241726838000600,2430900,385746900,388023100
10,138,241726875004200,2174300,422750500,425026700
10,154,241726911639400,2305500,459385700,461661900
10,170,241726948668400,2199900,496414700,498690900
10,186,241726986448500,2409700,534194800,536471000
10,202,241727022881300,2212100,570627600,572903800
10,218,241727058419000,2242100,606165300,608441500
10,234,241727094124200,2073000,641870500,644146700
10,250,241727133999700,2048900,681746000,684022200
10,266,241727168659300,2247000,716405600,718681800
10,282,241727204007500,2128300,751753800,754030000
10,298,241727239455900,2093300,787202200,789478400
10,314,241727273480900,2125700,821227200,823503400
10,330,241727306859300,2211700,854605600,856881800
10,346,241727343641100,2222800,891387400,893663600
10,362,241727379923100,2457900,927669400,929945600
10,378,241727423192400,2299300,970938700,973214900
10,394,241727460426300,2141600,1008172600,1010448800
10,410,241727494790100,2208900,1042536400,1044812600
10,426,241727530847600,2180700,1078593900,1080870100
10,442,241727565970200,2192100,1113716500,1115992700
10,458,241727601762400,2292500,1149508700,1151784900
10,474,241727636323100,2113100,1184069400,1186345600
10,490,241727672163500,2125500,1219909800,1222186000
10,506,241727714035700,2277600,1261782000,1264058200
10,522,241727749321000,2147100,1297067300,1299343500
10,538,241727789231700,2286300,1336978000,1339254200
10,554,241727824445700,2167300,1372192000,1374468200
10,570,241727858567000,2234500,1406313300,1408589500
10,586,241727893191500,2843900,1440937800,1443214000
10,602,241727928747700,2205400,1476494000,1478770200
10,618,241727963661500,2189900,1511407800,1513684000
10,634,241728006483900,2196300,1554230200,1556506400
10,650,241728040463000,2128400,1588209300,1590485500
10,666,241728075199900,2190000,1622946200,1625222400
10,682,241728109472000,2130000,1657218300,1659494500
10,698,241728144169200,2111700,1691915500,1694191700
10,714,241728178100400,1908900,1725846700,1728122900
10,730,241728213275400,2168300,1761021700,1763297900
10,746,241728255951100,2337500,1803697400,1805973600
10,762,241728292200900,2306100,1839947200,1842223400
10,778,241728328410500,2257500,1876156800,1878433000
10,794,241728363405000,2258400,1911151300,1913427500
10,810,241728399107100,2160400,1946853400,1949129600
10,826,241728433841600,2274800,1981587900,1983864100
10,842,241728468884000,2114200,2016630300,2018906500
10,858,241728504829800,2341300,2052576100,2054852300
10,874,241728546931100,2118600,2094677400,2096953600
10,890,241728582197300,2264100,2129943600,2132219800
10,906,241728617315900,2172200,2165062200,2167338400
10,922,241728652217500,2207000,2199963800,2202240000
10,938,241728687874000,2201900,2235620300,2237896500
10,954,241728722778200,2166000,2270524500,2272800700
10,970,241728759523800,2225400,2307270100,2309546300
10,986,241728802092000,2148000,2349838300,2352114500
10,1002,241728836583300,2139200,2384329600,2386605800
10,1018,241728870933100,2155300,2418679400,2420955600
10,1034,241728905730100,2185400,2453476400,2455752600
10,1050,241728940635400,2147500,2488381700,2490657900
10,1066,241728975036100,2125900,2522782400,2525058600
10,1082,241729010063600,2105200,2557809900,2560086100
10,1098,241729046826100,2349800,2594572400,2596848600
10,1114,241729086991600,2131000,2634737900,2637014100
10,1130,241729122857700,2157000,2670604000,2672880200
10,1146,241729157575200,2171100,2705321500,2707597700
10,1162,241729192951000,2211100,2740697300,2742973500
10,1178,241729228888000,2215200,2776634300,2778910500
10,1194,241729263423100,2210300,2811169400,2813445600
10,1210,241729299185300,2350900,2846931600,2849207800
10,1226,241729342756200,2279900,2890502500,2892778700
10,1242,241729378076800,2187200,2925823100,2928099300
10,1258,241729412595200,2155200,2960341500,2962617700
10,1274,241729449903300,2335400,2997649600,2999925800
10,1290,241729492427200,2642800,3040173500,3042449700
10,1306,241729536159000,2953700,3083905300,3086181500
10,1322,241729581521500,3680100,3129267800,3131544000
10,1338,241729627416300,2711500,3175162600,3177438800
10,1354,241729676807700,2757700,3224554000,3226830200
10,1370,241729720009300,2793700,3267755600,3270031800
10,1386,241729766127500,2847900,3313873800,3316150000
10,1402,241729812382300,5731700,3360128600,3362404800
10,1418,241729857705400,2647700,3405451700,3407727900
10,1434,241729900791700,2729600,3448538000,3450814200
10,1450,241729945899800,6461800,3493646100,3495922300
10,1466,241730000836000,2554400,3548582300,3550858500
10,1482,241730043571400,3051400,3591317700,3593593900
10,1498,241730088950500,2699500,3636696800,3638973000
10,1514,241730132819300,2599500,3680565600,3682841800
10,1530,241730175216600,2683700,3722962900,3725239100
10,1546,241730222295700,2837800,3770042000,3772318200
10,1562,241730268889600,2593600,3816635900,3818912100
10,1578,241730311956000,3074400,3859702300,3861978500
10,1594,241730361306800,2748000,3909053100,3911329300
10,1610,241730403629700,2636500,3951376000,3953652200
10,1626,241730447329600,2756600,3995075900,3997352100
10,1642,241730492276500,2818200,4040022800,4042299000
10,1658,241730535926100,2632000,4083672400,4085948600
10,1674,241730579787500,2659500,4127533800,4129810000
10,1690,241730622338000,2588500,4170084300,4172360500
10,1706,241730671720200,3090200,4219466500,4221742700
10,1722,241730720218500,2840000,4267964800,4270241000
10,1738,241730766717900,2823600,4314464200,4316740400
10,1754,241730811802400,5165200,4359548700,4361824900
10,1770,241730859316800,2903100,4407063100,4409339300
10,1786,241730902712100,2835100,4450458400,4452734600
10,1802,241730948050200,2641400,4495796500,4498072700
10,1818,241730995274900,3047600,4543021200,4545297400
10,1834,241731046334300,2882800,4594080600,4596356800
10,1850,241731091104500,2788700,4638850800,4641127000
10,1866,241731136631000,2756200,4684377300,4686653500
10,1882,241731179202500,2632700,4726948800,4729225000
10,1898,241731221536900,2552700,4769283200,4771559400
10,1914,241731264299300,2753600,4812045600,4814321800
10,1930,241731308563500,2796700,4856309800,4858586000
10,1946,241731359387600,2684700,4907133900,4909410100
10,1962,241731402323800,2689600,4950070100,4952346300
10,1978,241731445893100,2756100,4993639400,4995915600
10,1994,241731493952400,3074600,5041698700,5043974900
10,2010,241731541780300,2792800,5089526600,5091802800
10,2026,241731585451300,3065100,5133197600,5135473800
10,2042,241731629313900,2879000,5177060200,5179336400
11,11,241726554094800,2484800,101841100,104117300
11,27,241726592301700,2465700,140048000,142324200
11,43,241726631085800,3664800,178832100,181108300
11,59,241726671599400,2428900,219345700,221621900
11,75,241726710482600,2459000,258228900,260505100
11,91,241726748816500,2444600,296562800,298839000
11,107,241726801823000,2387800,349569300,351845500
11,123,241726840898500,2552100,388644800,390921000
11,139,241726877589100,2400600,425335400,427611600
11,155,241726914374900,2307400,462121200,464397400
11,171,241726951233900,2244700,498980200,501256400
11,187,241726988734900,2359400,536481200,538757400
11,203,241727024894400,2133600,572640700,574916900
11,219,241727060489200,2220600,608235500,610511700
11,235,241727095863500,2083500,643609800,645886000
11,251,241727135689400,2072400,683435700,685711900
11,267,241727170612100,2239400,718358400,720634600
11,283,241727205840500,2235300,753586800,755863000
11,299,241727241279100,2231400,789025400,791301600
11,315,241727275331300,2127000,823077600,825353800
11,331,241727308814400,2183200,856560700,858836900
11,347,241727345536600,2223200,893282900,895559100
11,363,241727384124000,2310700,931870300,934146500
11,379,241727427255500,2324000,975001800,977278000
11,395,241727464206800,2151500,1011953100,1014229300
11,411,241727498810500,2296600,1046556800,1048833000
11,427,241727534713100,2147300,1082459400,1084735600
11,443,241727569936100,2175100,1117682400,1119958600
11,459,241727605863300,2192600,1153609600,1155885800
11,475,241727640193200,2131500,1187939500,1190215700
11,491,241727675944500,2149500,1223690800,1225967000
11,507,241727718195800,2193700,1265942100,1268218300
11,523,241727753309200,2190100,1301055500,1303331700
11,539,241727794499200,2224000,1342245500,1344521700
11,555,241727829514600,2171000,1377260900,1379537100
11,571,241727863685400,2145100,1411431700,1413707900
11,587,241727898962600,2223400,1446708900,1448985100
11,603,241727933777200,2168800,1481523500,1483799700
11,619,241727975801000,2647500,1523547300,1525823500
11,635,241728011338600,2069600,1559084900,1561361100
11,651,241728045226400,2109000,1592972700,1595248900
11,667,241728080233300,2140300,1627979600,1630255800
11,683,241728114277000,2118300,1662023300,1664299500
11,699,241728148810800,2105100,1696557100,1698833300
11,715,241728182644000,2358200,1730390300,1732666500
11,731,241728218906100,2195600,1766652400,1768928600
11,747,241728261799700,2204000,1809546000,1811822200
11,763,241728298241500,2152300,1845987800,1848264000
11,779,241728334195600,2142900,1881941900,1884218100
11,795,241728369367400,2253500,1917113700,1919389900
11,811,241728404594800,2167400,1952341100,1954617300
11,827,241728439583200,2240500,1987329500,1989605700
11,843,241728474510900,2417200,2022257200,2024533400
11,859,241728510500200,2157100,2058246500,2060522700
11,875,241728552535800,2211300,2100282100,2102558300
11,891,241728587771600,2125900,2135517900,2137794100
11,907,241728622612500,2158900,2170358800,2172635000
11,923,241728657555500,2176000,2205301800,2207578000
11,939,241728693077500,2221500,2240823800,2243100000
11,955,241728728160300,2443900,2275906600,2278182800
11,971,241728764703200,2177000,2312449500,2314725700
11,987,241728807313400,2147800,2355059700,2357335900
11,1003,241728841726300,2123900,2389472600,2391748800
11,1019,241728876069300,2148300,2423815600,2426091800
11,1035,241728910965600,2139800,2458711900,2460988100
11,1051,241728945694400,2183200,2493440700,2495716900
11,1067,241728980067100,2189800,2527813400,2530089600
11,1083,241729015838500,2518900,2563584800,2565861000
11,1099,241729052306200,2150200,2600052500,2602328700
11,1115,241729092207400,2170900,2639953700,2642229900
11,1131,241729128207100,2180300,2675953400,2678229600
11,1147,241729162963000,2154100,2710709300,2712985500
11,1163,241729198497500,2141800,2746243800,2748520000
11,1179,241729234444000,2120500,2782190300,2784466500
11,1195,241729269108500,2247100,2816854800,2819131000
11,1211,241729305113300,2292600,2852859600,2855135800
11,1227,241729348520800,2263700,2896267100,2898543300
11,1243,241729383538200,2142500,2931284500,2933560700
11,1259,241729418005700,2149800,2965752000,2968028200
11,1275,241729455721800,2872700,3003468100,3005744300
11,1291,241729498552600,2640700,3046298900,3048575100
11,1307,241729543024500,2975800,3090770800,3093047000
11,1323,241729589004700,2731300,3136751000,3139027200
11,1339,241729633718700,7456900,3181465000,3183741200
11,1355,241729683131300,2808200,3230877600,3233153800
11,1371,241729726400700,2751600,3274147000,3276423200
11,1387,241729772789800,2919300,3320536100,3322812300
11,1403,241729821490900,2639500,3369237200,3371513400
11,1419,241729863727100,2764200,3411473400,3413749600
11,1435,241729907163600,2646000,3454909900,3457186100
11,1451,241729956921800,2886300,3504668100,3506944300
11,1467,241730006621800,2815500,3554368100,3556644300
11,1483,241730050335200,3062600,3598081500,3600357700
11,1499,241730094979600,2678200,3642725900,3645002100
11,1515,241730138562800,2588700,3686309100,3688585300
11,1531,241730181155700,2638100,3728902000,3731178200
11,1547,241730228637100,2758500,3776383400,3778659600
11,1563,241730274999500,3006700,3822745800,3825022000
11,1579,241730323546500,3007000,3871292800,3873569000
11,1595,241730367562000,2704600,3915308300,3917584500
11,1611,241730409578800,2612300,3957325100,3959601300
11,1627,241730453597000,2785200,4001343300,4003619500
11,1643,241730498613000,2762700,4046359300,4048635500
11,1659,241730541882300,2582400,4089628600,4091904800
11,1675,241730585573200,2652200,4133319500,4135595700
11,1691,241730628072600,2589600,4175818900,4178095100
11,1707,241730678515900,2996900,4226262200,4228538400
11,1723,241730726398700,2836500,4274145000,4276421200
11,1739,241730772943400,2778200,4320689700,4322965900
11,1755,241730821526300,2692700,4369272600,4371548800
11,1771,241730865422400,2701600,4413168700,4415444900
11,1787,241730908823900,2700300,4456570200,4458846400
11,1803,241730954142500,3136600,4501888800,4504165000
11,1819,241731006407000,2932900,4554153300,4556429500
11,1835,241731051771400,2704800,4599517700,4601793900
11,1851,241731096287400,2756400,4644033700,4646309900
11,1867,241731141724300,2758500,4689470600,4691746800
11,1883,241731184169300,2752900,4731915600,4734191800
11,1899,241731226288700,2614800,4774035000,4776311200
11,1915,241731269502200,2764000,4817248500,4819524700
11,1931,241731314279500,3101100,4862025800,4864302000
11,1947,241731364391500,2664100,4912137800,4914414000
11,1963,241731407322200,2740200,4955068500,4957344700
11,1979,241731450964700,2812800,4998711000,5000987200
11,1995,241731499718800,3074600,5047465100,5049741300
11,2011,241731547065100,2741500,5094811400,5097087600
11,2027,241731591005800,2747200,5138752100,5141028300
11,2043,241731634743300,2896200,5182489600,5184765800
12,12,241726556486900,2569900,104233200,106509400
12,28,241726594836500,2540300,142582800,144859000
12,44,241726634864400,3884500,182610700,184886900
12,60,241726674147700,2543400,221894000,224170200
12,76,241726713241000,2357800,260987300,263263500
12,92,241726751953200,2500400,299699500,301975700
12,108,241726804910200,2328500,352656500,354932700
12,124,241726843919000,2389400,391665300,393941500
12,140,241726880459400,2242000,428205700,430481900
12,156,241726917303200,2527700,465049500,467325700
12,172,241726954027000,2315000,501773300,504049500
12,188,241726993785300,2263900,541531600,543807800
12,204,241727029724900,2140300,577471200,579747400
12,220,241727065419800,2190100,613166100,615442300
12,236,241727106630700,2078900,654377000,656653200
12,252,241727140209700,2163300,687956000,690232200
12,268,241727175336500,2145300,723082800,725359000
12,284,241727210569900,2285500,758316200,760592400
12,300,241727246126700,2125200,793873000,796149200
12,316,241727279858600,2101800,827604900,829881100
12,332,241727313863500,2116900,861609800,863886000
12,348,241727350349300,2206200,898095600,900371800
12,364,241727388455500,2328600,936201800,938478000
12,380,241727431282900,3030500,979029200,981305400
12,396,241727468099100,2172500,1015845400,1018121600
12,412,241727502743200,2161500,1050489500,1052765700
12,428,241727538371900,2153000,1086118200,1088394400
12,444,241727573801300,2373600,1121547600,1123823800
12,460,241727609680500,2181000,1157426800,1159703000
12,476,241727643968800,2162500,1191715100,1193991300
12,492,241727679701300,2405100,1227447600,1229723800
12,508,241727722003700,2242700,1269750000,1272026200
12,524,241727757208800,2304100,1304955100,1307231300
12,540,241727796060800,2240700,1343807100,1346083300
12,556,241727831068800,2091600,1378815100,1381091300
12,572,241727865270000,2112000,1413016300,1415292500
12,588,241727900432500,2227700,1448178800,1450455000
12,604,241727935214500,2201400,1482960800,1485237000
12,620,241727977621400,2509400,1525367700,1527643900
12,636,241728012938800,2057800,1560685100,1562961300
12,652,241728046880000,2151200,1594626300,1596902500
12,668,241728081976300,2133800,1629722600,1631998800
12,684,241728115990800,2149400,1663737100,1666013300
12,700,241728150594300,2143400,1698340600,1700616800
12,716,241728184596500,2336900,1732342800,1734619000
12,732,241728221011800,2272000,1768758100,1771034300
12,748,241728264096500,2250800,1811842800,1814119000
12,764,241728300275600,2165200,1848021900,1850298100
12,780,241728336281300,2175400,1884027600,1886303800
12,796,241728371530700,2190400,1919277000,1921553200
12,812,241728406696100,2149200,1954442400,1956718600
12,828,241728441766100,2236600,1989512400,1991788600
12,844,241728476862000,2370300,2024608300,2026884500
12,860,241728512699700,9379100,2060446000,2062722200
12,876,241728554782800,2211800,2102529100,2104805300
12,892,241728589932300,2182300,2137678600,2139954800
12,908,241728624593900,2135000,2172340200,2174616400
12,924,241728659475300,2206900,2207221600,2209497800
12,940,241728695169900,2277900,2242916200,2245192400
12,956,241728730575200,2328900,2278321500,2280597700
12,972,241728766815000,2183300,2314561300,2316837500
12,988,241728809268400,2189500,2357014700,2359290900
12,1004,241728843606600,2171100,2391352900,2393629100
12,1020,241728877982800,2193500,2425729100,2428005300
12,1036,241728912866400,2177800,2460612700,2462888900
12,1052,241728947657800,2144100,2495404100,2497680300
12,1068,241728982052500,2165800,2529798800,2532075000
12,1084,241729018119000,2280400,2565865300,2568141500
12,1100,241729054225700,7217500,2601972000,2604248200
12,1116,241729094186500,2205100,2641932800,2644209000
12,1132,241729130206400,2184800,2677952700,2680228900
12,1148,241729164930300,2187000,2712676600,2714952800
12,1164,241729200418400,2351300,2748164700,2750440900
12,1180,241729236446800,2190300,2784193100,2786469300
12,1196,241729271144700,2222600,2818891000,2821167200
12,1212,241729307249900,2266800,2854996200,2857272400
12,1228,241729350627800,2201100,2898374100,2900650300
12,1244,241729385523000,2175100,2933269300,2935545500
12,1260,241729420016300,2181300,2967762600,2970038800
12,1276,241729458786400,2747000,3006532700,3008808900
12,1292,241729501347700,2728300,3049094000,3051370200
12,1308,241729546204600,2977200,3093950900,3096227100
12,1324,241729591928800,2784600,3139675100,3141951300
12,1340,241729641370100,3143300,3189116400,3191392600
12,1356,241729686136800,2720800,3233883100,3236159300
12,1372,241729729356700,2787200,3277103000,3279379200
12,1388,241729775912300,2866100,3323658600,3325934800
12,1404,241729824418200,2728200,3372164500,3374440700
12,1420,241729866836700,2737300,3414583000,3416859200
12,1436,241729910125200,3289600,3457871500,3460147700
12,1452,241729960239000,2763900,3507985300,3510261500
12,1468,241730009864600,2579100,3557610900,3559887100
12,1484,241730053858200,2573400,3601604500,3603880700
12,1500,241730098109400,2731100,3645855700,3648131900
12,1516,241730141650100,2584200,3689396400,3691672600
12,1532,241730184323100,2682300,3732069400,3734345600
12,1548,241730231676400,2877200,3779422700,3781698900
12,1564,241730278287500,2983400,3826033800,3828310000
12,1580,241730326849000,2859500,3874595300,3876871500
12,1596,241730370486300,2601100,3918232600,3920508800
12,1612,241730412400000,2665800,3960146300,3962422500
12,1628,241730456643100,2807500,4004389400,4006665600
12,1644,241730501279400,2640200,4049025700,4051301900
12,1660,241730544390900,2653200,4092137200,4094413400
12,1676,241730588145700,2652700,4135892000,4138168200
12,1692,241730630593000,2592400,4178339300,4180615500
12,1708,241730681433500,2993200,4229179800,4231456000
12,1724,241730729120700,2880600,4276867000,4279143200
12,1740,241730775608400,2810300,4323354700,4325630900
12,1756,241730824119200,2794300,4371865500,4374141700
12,1772,241730868259400,2665300,4416005700,4418281900
12,1788,241730911684300,2670500,4459430600,4461706800
12,1804,241730957325300,3091200,4505071600,4507347800
12,1820,241731009458800,2797400,4557205100,4559481300
12,1836,241731056136400,2722300,4603882700,4606158900
12,1852,241731100744800,2718700,4648491100,4650767300
12,1868,241731146169100,2729700,4693915400,4696191600
12,1884,241731188594500,2844800,4736340800,4738617000
12,1900,241731230471100,2596500,4778217400,4780493600
12,1916,241731274037600,2752000,4821783900,4824060100
12,1932,241731319142600,2689300,4866888900,4869165100
12,1948,241731368826900,2710600,4916573200,4918849400
12,1964,241731411950800,2706600,4959697100,4961973300
12,1980,241731455522000,2732100,5003268300,5005544500
12,1996,241731505030400,3200500,5052776700,5055052900
12,2012,241731551464600,2664800,5099210900,5101487100
12,2028,241731595454800,2738200,5143201100,5145477300
12,2044,241731639316200,2737200,5187062500,5189338700
13,13,241726559025200,2497000,106771500,109047700
13,29,241726597280300,2505500,145026600,147302800
13,45,241726638385900,3430200,186132200,188408400
13,61,241726676575700,2509200,224322000,226598200
13,77,241726715260700,2366300,263007000,265283200
13,93,241726753789400,2671600,301535700,303811900
13,109,241726806675600,2357000,354421900,356698100
13,125,241726845672400,2619800,393418700,395694900
13,141,241726882160600,2147300,429906900,432183100
13,157,241726919176400,2440300,466922700,469198900
13,173,241726955640800,2001700,503387100,505663300
13,189,241726992317500,2380600,540063800,542340000
13,205,241727028391200,2180800,576137500,578413700
13,221,241727064112200,2203700,611858500,614134700
13,237,241727105436300,2126300,653182600,655458800
13,253,241727139005400,2215000,686751700,689027900
13,269,241727174065000,2136400,721811300,724087500
13,285,241727209287800,2254400,757034100,759310300
13,301,241727244813100,2200600,792559400,794835600
13,317,241727278547600,2153600,826293900,828570100
13,333,241727312393500,2323600,860139800,862416000
13,349,241727349074700,2198400,896821000,899097200
13,365,241727387686600,2358200,935432900,937709100
13,381,241727430577800,2853400,978324100,980600300
13,397,241727467382400,2213200,1015128700,1017404900
13,413,241727502081000,2182500,1049827300,1052103500
13,429,241727537815100,2173600,1085561400,1087837600
13,445,241727573049400,2289500,1120795700,1123071900
13,461,241727608956900,2156100,1156703200,1158979400
13,477,241727643264000,2170300,1191010300,1193286500
13,493,241727678967700,2372800,1226714000,1228990200
13,509,241727721311900,2197500,1269058200,1271334400
13,525,241727756584100,2247600,1304330400,1306606600
13,541,241727796443400,2265200,1344189700,1346465900
13,557,241727831439300,2106700,1379185600,1381461800
13,573,241727865667500,2129900,1413413800,1415690000
13,589,241727901099600,2186100,1448845900,1451122100
13,605,241727935854500,2218900,1483600800,1485877000
13,621,241727978407700,2381100,1526154000,1528430200
13,637,241728013469100,2047700,1561215400,1563491600
13,653,241728047393300,2156900,1595139600,1597415800
13,669,241728082518900,2143900,1630265200,1632541400
13,685,241728116566000,2159200,1664312300,1666588500
13,701,241728151237600,2146400,1698983900,1701260100
13,717,241728186485500,2370600,1734231800,1736508000
13,733,241728222538400,2212700,1770284700,1772560900
13,749,241728265324100,2280600,1813070400,1815346600
13,765,241728301567400,2161900,1849313700,1851589900
13,781,241728337540200,2188800,1885286500,1887562700
13,797,241728372800800,2244400,1920547100,1922823300
13,813,241728407919800,2139300,1955666100,1957942300
13,829,241728442982100,2285200,1990728400,1993004600
13,845,241728478203400,2319500,2025949700,2028225900
13,861,241728513855300,9490000,2061601600,2063877800
13,877,241728555981200,2200000,2103727500,2106003700
13,893,241728591059800,2216700,2138806100,2141082300
13,909,241728626075600,2140400,2173821900,2176098100
13,925,241728661017500,2296800,2208763800,2211040000
13,941,241728696848800,2177000,2244595100,2246871300
13,957,241728732064400,2398500,2279810700,2282086900
13,973,241728768240600,2183200,2315986900,2318263100
13,989,241728810733000,2173800,2358479300,2360755500
13,1005,241728845089300,2180300,2392835600,2395111800
13,1021,241728879484200,2170700,2427230500,2429506700
13,1037,241728914240800,2243000,2461987100,2464263300
13,1053,241728949048100,2148500,2496794400,2499070600
13,1069,241728983452600,2191200,2531198900,2533475100
13,1085,241729019632000,2331600,2567378300,2569654500
13,1101,241729060850400,2224000,2608596700,2610872900
13,1117,241729095720000,2225100,2643466300,2645742500
13,1133,241729131573400,2162800,2679319700,2681595900
13,1149,241729166215200,2157100,2713961500,2716237700
13,1165,241729201767900,2335900,2749514200,2751790400
13,1181,241729237702500,2164100,2785448800,2787725000
13,1197,241729272428700,2280200,2820175000,2822451200
13,1213,241729308585000,2251200,2856331300,2858607500
13,1229,241729352049900,2174900,2899796200,2902072400
13,1245,241729386930200,2145600,2934676500,2936952700
13,1261,241729421349600,2374400,2969095900,2971372100
13,1277,241729460755000,2632100,3008501300,3010777500
13,1293,241729503305400,2704000,3051051700,3053327900
13,1309,241729548321900,2841800,3096068200,3098344400
13,1325,241729593880400,3091100,3141626700,3143902900
13,1341,241729643602300,3096400,3191348600,3193624800
13,1357,241729688102500,2610500,3235848800,3238125000
13,1373,241729731291400,2912800,3279037700,3281313900
13,1389,241729777906800,2862000,3325653100,3327929300
13,1405,241729826280200,2675200,3374026500,3376302700
13,1421,241729868732800,2698900,3416479100,3418755300
13,1437,241729912451200,2910500,3460197500,3462473700
13,1453,241729962113700,2967800,3509860000,3512136200
13,1469,241730011680300,2544600,3559426600,3561702800
13,1485,241730055665500,2580400,3603411800,3605688000
13,1501,241730099959000,2947300,3647705300,3649981500
13,1517,241730143414300,2605200,3691160600,3693436800
13,1533,241730186146700,2663700,3733893000,3736169200
13,1549,241730233696800,2763500,3781443100,3783719300
13,1565,241730280529000,2651200,3828275300,3830551500
13,1581,241730328831900,2739200,3876578200,3878854400
13,1597,241730372320600,2638800,3920066900,3922343100
13,1613,241730414210300,2768600,3961956600,3964232800
13,1629,241730458624700,2761200,4006371000,4008647200
13,1645,241730503527400,2655100,4051273700,4053549900
13,1661,241730546652800,2607400,4094399100,4096675300
13,1677,241730590380200,2635700,4138126500,4140402700
13,1693,241730632792300,2599700,4180538600,4182814800
13,1709,241730683981900,2915200,4231728200,4234004400
13,1725,241730731609900,2827700,4279356200,4281632400
13,1741,241730777999600,2808200,4325745900,4328022100
13,1757,241730826501800,2759300,4374248100,4376524300
13,1773,241730870300500,2682200,4418046800,4420323000
13,1789,241730913756700,2737400,4461503000,4463779200
13,1805,241730959887200,3057200,4507633500,4509909700
13,1821,241731012025600,2931900,4559771900,4562048100
13,1837,241731057779200,2756700,4605525500,4607801700
13,1853,241731102356800,2771300,4650103100,4652379300
13,1869,241731147790600,2771700,4695536900,4697813100
13,1885,241731190298900,2678500,4738045200,4740321400
13,1901,241731231992400,2597200,4779738700,4782014900
13,1917,241731275670400,2737800,4823416700,4825692900
13,1933,241731320676200,2658400,4868422500,4870698700
13,1949,241731370375700,2694500,4918122000,4920398200
13,1965,241731413464200,2716000,4961210500,4963486700
13,1981,241731457073100,2669600,5004819400,5007095600
13,1997,241731506721000,3211500,5054467300,5056743500
13,2013,241731552985300,2608800,5100731600,5103007800
13,2029,241731596960600,2706100,5144706900,5146983100
13,2045,241731640822800,2744700,5188569100,5190845300
14,14,241726561624600,2500300,109370900,111647100
14,30,241726599855500,2466800,147601800,149878000
14,46,241726641988500,2473400,189734800,192011000
14,62,241726679275500,2391600,227021800,229298000
14,78,241726717996700,2320100,265743000,268019200
14,94,241726757000200,2727000,304746500,307022700
14,110,241726809431600,2470300,357177900,359454100
14,126,241726848598500,2359900,396344800,398621000
14,142,241726884506800,2275600,432253100,434529300
14,158,241726921904300,2488800,469650600,471926800
14,174,241726958000800,2536900,505747100,508023300
14,190,241726994951500,2208200,542697800,544974000
14,206,241727030688200,2087100,578434500,580710700
14,222,241727066403800,2181800,614150100,616426300
14,238,241727107596900,2093000,655343200,657619400
14,254,241727141194500,2115700,688940800,691217000
14,270,241727176148100,2179600,723894400,726170600
14,286,241727211451500,2257700,759197800,761474000
14,302,241727246912100,2150700,794658400,796934600
14,318,241727280672300,2105100,828418600,830694800
14,334,241727314685800,2111700,862432100,864708300
14,350,241727351120500,2281700,898866800,901143000
14,366,241727388786500,2315100,936532800,938809000
14,382,241727431650600,3127800,979396900,981673100
14,398,241727468464700,2172300,1016211000,1018487200
14,414,241727503092000,2180300,1050838300,1053114500
14,430,241727538810700,2152000,1086557000,1088833200
14,446,241727574122900,2405300,1121869200,1124145400
14,462,241727610074700,2204200,1157821000,1160097200
14,478,241727644387400,2158500,1192133700,1194409900
14,494,241727680317400,2311500,1228063700,1230339900
14,510,241727722416900,2237600,1270163200,1272439400
14,526,241727757632000,2270800,1305378300,1307654500
14,542,241727798676700,2221700,1346423000,1348699200
14,558,241727833457100,2119400,1381203400,1383479600
14,574,241727867555800,2156200,1415302100,1417578300
14,590,241727902867600,2153500,1450613900,1452890100
14,606,241727937626300,2187100,1485372600,1487648800
14,622,241727980323500,2432000,1528069800,1530346000
14,638,241728015083800,2062200,1562830100,1565106300
14,654,241728049117200,2201300,1596863500,1599139700
14,670,241728084206800,2148000,1631953100,1634229300
14,686,241728118263700,2147700,1666010000,1668286200
14,702,241728152922500,2141500,1700668800,1702945000
14,718,241728187404300,2442400,1735150600,1737426800
14,734,241728223549500,2209100,1771295800,1773572000
14,750,241728266305100,2203300,1814051400,1816327600
14,766,241728302499300,2157600,1850245600,1852521800
14,782,241728338369700,2200000,1886116000,1888392200
14,798,241728373542400,2254800,1921288700,1923564900
14,814,241728408631200,2169700,1956377500,1958653700
14,830,241728443785700,2276300,1991532000,1993808200
14,846,241728478849300,2327200,2026595600,2028871800
14,862,241728514431200,9591700,2062177500,2064453700
14,878,241728556602900,2227800,2104349200,2106625400
14,894,241728591754100,2238600,2139500400,2141776600
14,910,241728626664000,2168500,2174410300,2176686500
14,926,241728661557900,2319300,2209304200,2211580400
14,942,241728697338300,2166200,2245084600,2247360800
14,958,241728732653000,2516700,2280399300,2282675500
14,974,241728768884400,2185000,2316630700,2318906900
14,990,241728811492800,2144500,2359239100,2361515300
14,1006,241728845838500,2164100,2393584800,2395861000
14,1022,241728880240300,2143800,2427986600,2430262800
14,1038,241728915162500,2251400,2462908800,2465185000
14,1054,241728949899400,2139100,2497645700,2499921900
14,1070,241728984314300,2184600,2532060600,2534336800
14,1086,241729020790600,2330400,2568536900,2570813100
14,1102,241729061763400,2194100,2609509700,2611785900
14,1118,241729096606100,2231700,2644352400,2646628600
14,1134,241729132632400,2181400,2680378700,2682654900
14,1150,241729167331300,2342600,2715077600,2717353800
14,1166,241729202925600,2278800,2750671900,2752948100
14,1182,241729238739100,2136300,2786485400,2788761600
14,1198,241729273430200,2245700,2821176500,2823452700
14,1214,241729309624300,2261100,2857370600,2859646800
14,1230,241729353225700,2233200,2900972000,2903248200
14,1246,241729388062900,2189800,2935809200,2938085400
14,1262,241729422586000,2339500,2970332300,2972608500
14,1278,241729462082000,2578900,3009828300,3012104500
14,1294,241729504641400,2709200,3052387700,3054663900
14,1310,241729549807000,2777800,3097553300,3099829500
14,1326,241729595351200,3483800,3143097500,3145373700
14,1342,241729645165800,2912100,3192912100,3195188300
14,1358,241729689399200,2627800,3237145500,3239421700
14,1374,241729732725900,2874900,3280472200,3282748400
14,1390,241729779378200,2871800,3327124500,3329400700
14,1406,241729827670600,2629700,3375416900,3377693100
14,1422,241729870130800,2636400,3417877100,3420153300
14,1438,241729914053400,2800600,3461799700,3464075900
14,1454,241729963695800,2997700,3511442100,3513718300
14,1470,241730013047500,2578100,3560793800,3563070000
14,1486,241730057056900,2588000,3604803200,3607079400
14,1502,241730101533900,2770700,3649280200,3651556400
14,1518,241730144819200,2684200,3692565500,3694841700
14,1534,241730187681000,2703700,3735427300,3737703500
14,1550,241730235333000,2684500,3783079300,3785355500
14,1566,241730282115200,2608300,3829861500,3832137700
14,1582,241730330591200,2701900,3878337500,3880613700
14,1598,241730373944300,2666700,3921690600,3923966800
14,1614,241730415967800,2734600,3963714100,3965990300
14,1630,241730460297800,2804400,4008044100,4010320300
14,1646,241730505115400,2752800,4052861700,4055137900
14,1662,241730548233600,2622500,4095979900,4098256100
14,1678,241730591982400,2722100,4139728700,4142004900
14,1694,241730634353700,2554900,4182100000,4184376200
14,1710,241730685750400,3064800,4233496700,4235772900
14,1726,241730733339400,3058900,4281085700,4283361900
14,1742,241730779732400,2820800,4327478700,4329754900
14,1758,241730828251800,2754500,4375998100,4378274300
14,1774,241730871986400,2734000,4419732700,4422008900
14,1790,241730915460100,2711400,4463206400,4465482600
14,1806,241730961751700,3081700,4509498000,4511774200
14,1822,241731013513200,3067900,4561259500,4563535700
14,1838,241731059787200,2720700,4607533500,4609809700
14,1854,241731104367600,2834500,4652113900,4654390100
14,1870,241731149829300,2677500,4697575600,4699851800
14,1886,241731192301700,2589600,4740048000,4742324200
14,1902,241731233906800,2603300,4781653100,4783929300
14,1918,241731277662800,2750700,4825409100,4827685300
14,1934,241731322600000,2770300,4870346300,4872622500
14,1950,241731372321200,2691000,4920067500,4922343700
14,1966,241731415394200,2811700,4963140500,4965416700
14,1982,241731459102200,2858800,5006848500,5009124700
14,1998,241731509041100,3179200,5056787400,5059063600
14,2014,241731554807700,2593800,5102554000,5104830200
14,2030,241731598935700,2721700,5146682000,5148958200
14,2046,241731642814200,2811900,5190560500,5192836700
15,15,241726564158700,2326000,111905000,114181200
15,31,241726602424200,2341700,150170500,152446700
15,47,241726644704800,2359700,192451100,194727300
15,63,241726681900600,2398600,229646900,231923100
15,79,241726720586900,2196100,268333200,270609400
15,95,241726760007800,2705600,307754100,310030300
15,111,241726812149100,2428700,359895400,362171600
15,127,241726851136200,2245900,398882500,401158700
15,143,241726886929100,2273600,434675400,436951600
15,159,241726924554000,2340900,472300300,474576500
15,175,241726964125000,2342200,511871300,514147500
15,191,241727000885600,2150800,548631900,550908100
15,207,241727036097400,2494200,583843700,586119900
15,223,241727072078500,2226600,619824800,622101000
15,239,241727113104200,2234900,660850500,663126700
15,255,241727147181300,2192300,694927600,697203800
15,271,241727182276000,2262900,730022300,732298500
15,287,241727217577600,2292900,765323900,767600100
15,303,241727252800300,2202800,800546600,802822800
15,319,241727286323500,2075200,834069800,836346000
15,335,241727320549500,2499100,868295800,870572000
15,351,241727357634300,2220400,905380600,907656800
15,367,241727403642700,2233000,951389000,953665200
15,383,241727440701800,2255500,988448100,990724300
15,399,241727476186000,2102600,1023932300,1026208500
15,415,241727511211400,2492000,1058957700,1061233900
15,431,241727546770800,2167500,1094517100,1096793300
15,447,241727582462800,2215100,1130209100,1132485300
15,463,241727617705600,2124200,1165451900,1167728100
15,479,241727652127200,2209300,1199873500,1202149700
15,495,241727694853700,2209300,1242600000,1244876200
15,511,241727730317500,2189700,1278063800,1280340000
15,527,241727765638800,2213200,1313385100,1315661300
15,543,241727804517000,2165300,1352263300,1354539500
15,559,241727839106800,2134700,1386853100,1389129300
15,575,241727873354500,2130700,1421100800,1423377000
15,591,241727908831500,2170600,1456577800,1458854000
15,607,241727943616500,2112600,1491362800,1493639000
15,623,241727986978400,2148300,1534724700,1537000900
15,639,241728020917000,2032500,1568663300,1570939500
15,655,241728055253300,2111900,1602999600,1605275800
15,671,241728090151400,2100600,1637897700,1640173900
15,687,241728124150200,2102800,1671896500,1674172700
15,703,241728158734200,2185900,1706480500,1708756700
15,719,241728193270500,2332600,1741016800,1743293000
15,735,241728228877500,2248600,1776623800,1778900000
15,751,241728271902300,2315500,1819648600,1821924800
15,767,241728308087100,2157500,1855833400,1858109600
15,783,241728344088000,2149100,1891834300,1894110500
15,799,241728379445000,2336600,1927191300,1929467500
15,815,241728414415600,2184900,1962161900,1964438100
15,831,241728449737500,2108100,1997483800,1999760000
15,847,241728485303200,2228500,2033049500,2035325700
15,863,241728527918600,2119200,2075664900,2077941100
15,879,241728562708000,2188700,2110454300,2112730500
15,895,241728597792400,2218200,2145538700,2147814900
15,911,241728632706200,2171300,2180452500,2182728700
15,927,241728667942300,2317700,2215688600,2217964800
15,943,241728703533000,2108300,2251279300,2253555500
15,959,241728739662600,2316200,2287408900,2289685100
15,975,241728775105300,2138000,2322851600,2325127800
15,991,241728817463200,2157600,2365209500,2367485700
15,1007,241728851847600,2157700,2399593900,2401870100
15,1023,241728886226900,2171700,2433973200,2436249400
15,1039,241728921119700,2190100,2468866000,2471142200
15,1055,241728955680300,2183000,2503426600,2505702800
15,1071,241728990269300,2182500,2538015600,2540291800
15,1087,241729026828100,2143400,2574574400,2576850600
15,1103,241729067341200,2206900,2615087500,2617363700
15,1119,241729102351500,2148400,2650097800,2652374000
15,1135,241729138284400,2231300,2686030700,2688306900
15,1151,241729173084900,2138100,2720831200,2723107400
15,1167,241729209099400,2368400,2756845700,2759121900
15,1183,241729244401700,2144700,2792148000,2794424200
15,1199,241729279556000,2228700,2827302300,2829578500
15,1215,241729315965700,2171700,2863712000,2865988200
15,1231,241729359449400,2187300,2907195700,2909471900
15,1247,241729394169500,2130300,2941915800,2944192000
15,1263,241729429228500,2360000,2976974800,2979251000
15,1279,241729468733200,2816100,3016479500,3018755700
15,1295,241729511652500,2767000,3059398800,3061675000
15,1311,241729557385500,3009700,3105131800,3107408000
15,1327,241729603250000,2699900,3150996300,3153272500
15,1343,241729652618800,2765600,3200365100,3202641300
15,1359,241729696180000,2611700,3243926300,3246202500
15,1375,241729740107300,2781600,3287853600,3290129800
15,1391,241729786780400,2791500,3334526700,3336802900
15,1407,241729834681700,2663400,3382428000,3384704200
15,1423,241729876864500,2665900,3424610800,3426887000
15,1439,241729921189400,2782400,3468935700,3471211900
15,1455,241729971300200,2948300,3519046500,3521322700
15,1471,241730019835200,2731000,3567581500,3569857700
15,1487,241730063754400,2584200,3611500700,3613776900
15,1503,241730108589500,2786000,3656335800,3658612000
15,1519,241730151663600,2582500,3699409900,3701686100
15,1535,241730194601100,5447700,3742347400,3744623600
15,1551,241730241944200,5356900,3789690500,3791966700
15,1567,241730288776000,2683700,3836522300,3838798500
15,1583,241730337232700,2693800,3884979000,3887255200
15,1599,241730380560000,2626800,3928306300,3930582500
15,1615,241730422801400,2738900,3970547700,3972823900
15,1631,241730467320100,2737900,4015066400,4017342600
15,1647,241730512067200,2599600,4059813500,4062089700
15,1663,241730555074900,3612700,4102821200,4105097400
15,1679,241730598690500,2564100,4146436800,4148713000
15,1695,241730641173400,2903400,4188919700,4191195900
15,1711,241730693390800,2987800,4241137100,4243413300
15,1727,241730740798800,2824700,4288545100,4290821300
15,1743,241730786886600,2845200,4334632900,4336909100
15,1759,241730835208400,2722300,4382954700,4385230900
15,1775,241730879090000,2670000,4426836300,4429112500
15,1791,241730922841700,2758700,4470588000,4472864200
15,1807,241730970093100,2770600,4517839400,4520115600
15,1823,241731022551900,2584100,4570298200,4572574400
15,1839,241731066703800,2760100,4614450100,4616726300
15,1855,241731111493400,2955400,4659239700,4661515900
15,1871,241731156401800,2694600,4704148100,4706424300
15,1887,241731198750200,2615200,4746496500,4748772700
15,1903,241731240467300,2750700,4788213600,4790489800
15,1919,241731284487300,2737200,4832233600,4834509800
15,1935,241731329787300,3043700,4877533600,4879809800
15,1951,241731378968400,2620800,4926714700,4928990900
15,1967,241731422128200,2557400,4969874500,4972150700
15,1983,241731466630000,3137000,5014376300,5016652500
15,1999,241731517123000,3198300,5064869300,5067145500
15,2015,241731561597600,2685400,5109343900,5111620100
15,2031,241731605871200,2670500,5153617500,5155893700
15,2047,241731651850300,2640300,5199596600,5201872800
16,0,241726502928600,13962100,50674900,52951100
16,16,241726566655900,2596000,114402200,116678400
16,32,241726604971200,2370100,152717500,154993700
16,48,241726646996300,2466100,194742600,197018800
16,64,241726684236100,2441400,231982400,234258600
16,80,241726722668600,2241300,270414900,272691100
16,96,241726762539400,2739200,310285700,312561900
16,112,241726814455000,2467800,362201300,364477500
16,128,241726853415400,2337400,401161700,403437900
16,144,241726889370600,2256800,437116900,439393100
16,160,241726927084700,2208300,474831000,477107200
16,176,241726965779900,2286500,513526200,515802400
16,192,241727002093100,2202500,549839400,552115600
16,208,241727037779600,2620600,585525900,587802100
16,224,241727073451600,2516700,621197900,623474100
16,240,241727114464600,2206800,662210900,664487100
16,256,241727148598300,2143300,696344600,698620800
16,272,241727183586500,2242700,731332800,733609000
16,288,241727218875300,2260400,766621600,768897800
16,304,241727254092500,2163200,801838800,804115000
16,320,241727287537600,2058100,835283900,837560100
16,336,241727321869000,2436700,869615300,871891500
16,352,241727358927800,2062900,906674100,908950300
16,368,241727404370000,2226200,952116300,954392500
16,384,241727441390600,2235800,989136900,991413100
16,400,241727476717800,2104300,1024464100,1026740300
16,416,241727511726200,2541200,1059472500,1061748700
16,432,241727547290900,2160800,1095037200,1097313400
16,448,241727582907300,2237300,1130653600,1132929800
16,464,241727618126000,2145300,1165872300,1168148500
16,480,241727652604100,2214500,1200350400,1202626600
16,496,241727695390100,2187500,1243136400,1245412600
16,512,241727730823200,2191400,1278569500,1280845700
16,528,241727766201900,2164100,1313948200,1316224400
16,544,241727804004900,2159500,1351751200,1354027400
16,560,241727838581800,2113300,1386328100,1388604300
16,576,241727872871200,2133600,1420617500,1422893700
16,592,241727908274100,2167700,1456020400,1458296600
16,608,241727943048900,2106700,1490795200,1493071400
16,624,241727986219900,2139700,1533966200,1536242400
16,640,241728020239800,2030800,1567986100,1570262300
16,656,241728054570000,2119600,1602316300,1604592500
16,672,241728089482500,2103300,1637228800,1639505000
16,688,241728123509300,2092900,1671255600,1673531800
16,704,241728158051600,2165300,1705797900,1708074100
16,720,241728193445200,2346900,1741191500,1743467700
16,736,241728228997300,2248200,1776743600,1779019800
16,752,241728271961200,2322900,1819707500,1821983700
16,768,241728307933400,2153200,1855679700,1857955900
16,784,241728343991400,2149000,1891737700,1894013900
16,800,241728379347700,2333000,1927094000,1929370200
16,816,241728414317400,2197200,1962063700,1964339900
16,832,241728449575600,2152000,1997321900,1999598100
16,848,241728485045400,2243500,2032791700,2035067900
16,864,241728527713500,2122300,2075459800,2077736000
16,880,241728562495400,2181200,2110241700,2112517900
16,896,241728597675200,2200000,2145421500,2147697700
16,912,241728632586700,2167500,2180333000,2182609200
16,928,241728667749600,2314900,2215495900,2217772100
16,944,241728703281200,2084900,2251027500,2253303700
16,960,241728739260900,2305800,2287007200,2289283400
16,976,241728774788300,2119100,2322534600,2324810800
16,992,241728817229900,2149400,2364976200,2367252400
16,1008,241728851608600,2163100,2399354900,2401631100
16,1024,241728885999500,2154000,2433745800,2436022000
16,1040,241728920955700,2171800,2468702000,2470978200
16,1056,241728955561400,2177100,2503307700,2505583900
16,1072,241728990139600,2190600,2537885900,2540162100
16,1088,241729027478100,2148400,2575224400,2577500600
16,1104,241729068090400,2204200,2615836700,2618112900
16,1120,241729103033900,2149400,2650780200,2653056400
16,1136,241729138944800,2182300,2686691100,2688967300
16,1152,241729173698000,2133800,2721444300,2723720500
16,1168,241729209706200,2320100,2757452500,2759728700
16,1184,241729244932900,2153000,2792679200,2794955400
16,1200,241729279861000,2192900,2827607300,2829883500
16,1216,241729316411200,2157000,2864157500,2866433700
16,1232,241729359822800,2184200,2907569100,2909845300
16,1248,241729394576800,2128800,2942323100,2944599300
16,1264,241729429509900,2316000,2977256200,2979532400
16,1280,241729469929000,2656600,3017675300,3019951500
16,1296,241729512771700,2732300,3060518000,3062794200
16,1312,241729558596800,2981700,3106343100,3108619300
16,1328,241729604258400,2696200,3152004700,3154280900
16,1344,241729653652600,2723400,3201398900,3203675100
16,1360,241729697128500,2714600,3244874800,3247151000
16,1376,241729741149400,2832300,3288895700,3291171900
16,1392,241729787838100,2786700,3335584400,3337860600
16,1408,241729835695400,2642400,3383441700,3385717900
16,1424,241729877793100,2702500,3425539400,3427815600
16,1440,241729922188400,2789500,3469934700,3472210900
16,1456,241729972687900,3054600,3520434200,3522710400
16,1472,241730021055200,2764900,3568801500,3571077700
16,1488,241730064908600,2557500,3612654900,3614931100
16,1504,241730109754500,2828700,3657500800,3659777000
16,1520,241730152774300,2585300,3700520600,3702796800
16,1536,241730195465600,6155000,3743211900,3745488100
16,1552,241730243099200,5334900,3790845500,3793121700
16,1568,241730289958100,2610200,3837704400,3839980600
16,1584,241730338307600,2782300,3886053900,3888330100
16,1600,241730381638300,2620500,3929384600,3931660800
16,1616,241730423942200,2721600,3971688500,3973964700
16,1632,241730468494600,2735500,4016240900,4018517100
16,1648,241730513205600,2608500,4060951900,4063228100
16,1664,241730557173100,2657400,4104919400,4107195600
16,1680,241730599824100,2586300,4147570400,4149846600
16,1696,241730642459600,2889900,4190205900,4192482100
16,1712,241730694783100,2857300,4242529400,4244805600
16,1728,241730741960500,2828600,4289706800,4291983000
16,1744,241730788057800,2845100,4335804100,4338080300
16,1760,241730836377200,2737800,4384123500,4386399700
16,1776,241730879987100,2671700,4427733400,4430009600
16,1792,241730923792900,2747800,4471539200,4473815400
16,1808,241730970966600,2763900,4518712900,4520989100
16,1824,241731024608400,2586800,4572354700,4574630900
16,1840,241731068880500,2757800,4616626800,4618903000
16,1856,241731113882000,3018900,4661628300,4663904500
16,1872,241731158587600,2627800,4706333900,4708610100
16,1888,241731200868600,2627200,4748614900,4750891100
16,1904,241731242710800,2670900,4790457100,4792733300
16,1920,241731286776000,2742500,4834522300,4836798500
16,1936,241731332399900,7718000,4880146200,4882422400
16,1952,241731381194700,2599800,4928941000,4931217200
16,1968,241731424291100,2604300,4972037400,4974313600
16,1984,241731469249500,3381800,5016995800,5019272000
16,2000,241731519749300,3095100,5067495600,5069771800
16,2016,241731563776800,2709300,5111523100,5113799300
16,2032,241731607949100,2694500,5155695400,5157971600
17,1,241726516824400,3719700,64570700,66846900
17,17,241726569348600,2347600,117094900,119371100
17,33,241726607380200,2300700,155126500,157402700
17,49,241726649523900,2290300,197270200,199546400
17,65,241726686852000,2569700,234598300,236874500
17,81,241726725090300,2129900,272836600,275112800
17,97,241726765598500,2917500,313344800,315621000
17,113,241726817167800,2639500,364914100,367190300
17,129,241726855944400,2244400,403690700,405966900
17,145,241726891692000,2441100,439438300,441714500
17,161,241726929327500,2214600,477073800,479350000
17,177,241726968787500,2164000,516533800,518810000
17,193,241727005090100,2233300,552836400,555112600
17,209,241727041216800,2338200,588963100,591239300
17,225,241727076734500,2226500,624480800,626757000
17,241,241727117268200,2139000,665014500,667290700
17,257,241727151345700,2138400,699092000,701368200
17,273,241727186356300,2152300,734102600,736378800
17,289,241727221655200,2246300,769401500,771677700
17,305,241727256737400,2083400,804483700,806759900
17,321,241727290066700,2058300,837813000,840089200
17,337,241727324799600,2130900,872545900,874822100
17,353,241727361321700,2107900,909068000,911344200
17,369,241727405628500,2266700,953374800,955651000
17,385,241727442711200,2178200,990457500,992733700
17,401,241727478008300,2204500,1025754600,1028030800
17,417,241727513291700,2391300,1061038000,1063314200
17,433,241727548606000,2269800,1096352300,1098628500
17,449,241727584363900,2251700,1132110200,1134386400
17,465,241727619566200,2119800,1167312500,1169588700
17,481,241727654070500,2573100,1201816800,1204093000
17,497,241727696977400,2215400,1244723700,1246999900
17,513,241727732449900,2238900,1280196200,1282472400
17,529,241727767886300,2144000,1315632600,1317908800
17,545,241727806755100,2068400,1354501400,1356777600
17,561,241727841316800,2134000,1389063100,1391339300
17,577,241727875528600,2169600,1423274900,1425551100
17,593,241727910962200,2176700,1458708500,1460984700
17,609,241727945690000,2127200,1493436300,1495712500
17,625,241727988963500,2226300,1536709800,1538986000
17,641,241728022824600,2036800,1570570900,1572847100
17,657,241728057271100,2136700,1605017400,1607293600
17,673,241728092153700,2121000,1639900000,1642176200
17,689,241728126182000,2294500,1673928300,1676204500
17,705,241728160864200,2107300,1708610500,1710886700
17,721,241728196587400,2284600,1744333700,1746609900
17,737,241728231946800,2193900,1779693100,1781969300
17,753,241728275116400,2245000,1822862700,1825138900
17,769,241728310874600,2244700,1858620900,1860897100
17,785,241728346772400,2128600,1894518700,1896794900
17,801,241728382469700,2236100,1930216000,1932492200
17,817,241728417287500,2165600,1965033800,1967310000
17,833,241728452451500,2167400,2000197800,2002474000
17,849,241728488266900,2227600,2036013200,2038289400
17,865,241728530734300,2151200,2078480600,2080756800
17,881,241728565607700,2151100,2113354000,2115630200
17,897,241728601058300,2199100,2148804600,2151080800
17,913,241728635886300,2200700,2183632600,2185908800
17,929,241728671091800,2149800,2218838100,2221114300
17,945,241728706254300,2109500,2254000600,2256276800
17,961,241728742625100,2254600,2290371400,2292647600
17,977,241728777790100,2201800,2325536400,2327812600
17,993,241728820224300,2126100,2367970600,2370246800
17,1009,241728854591300,2126400,2402337600,2404613800
17,1025,241728889021500,2165000,2436767800,2439044000
17,1041,241728923961100,2130700,2471707400,2473983600
17,1057,241728958493100,2165200,2506239400,2508515600
17,1073,241728993089000,2201900,2540835300,2543111500
17,1089,241729029812800,2192900,2577559100,2579835300
17,1105,241729070595700,2204800,2618342000,2620618200
17,1121,241729105547300,2428800,2653293600,2655569800
17,1137,241729141563900,2128100,2689310200,2691586400
17,1153,241729176250700,2056500,2723997000,2726273200
17,1169,241729212202800,2165900,2759949100,2762225300
17,1185,241729247243800,2127100,2794990100,2797266300
17,1201,241729282177200,2114100,2829923500,2832199700
17,1217,241729318452600,3848700,2866198900,2868475100
17,1233,241729361918900,2158100,2909665200,2911941400
17,1249,241729396562600,2130100,2944308900,2946585100
17,1265,241729431672600,2095900,2979418900,2981695100
17,1281,241729471983800,2616800,3019730100,3022006300
17,1297,241729514863800,2719900,3062610100,3064886300
17,1313,241729560868600,2979100,3108614900,3110891100
17,1329,241729606365600,2711500,3154111900,3156388100
17,1345,241729655786100,2702500,3203532400,3205808600
17,1361,241729699228300,2738400,3246974600,3249250800
17,1377,241729743321800,2896100,3291068100,3293344300
17,1393,241729790005200,2822600,3337751500,3340027700
17,1409,241729837740000,2601200,3385486300,3387762500
17,1425,241729879925100,2709700,3427671400,3429947600
17,1441,241729924349900,2794900,3472096200,3474372400
17,1457,241729974672900,2844900,3522419200,3524695400
17,1473,241730022856600,2714500,3570602900,3572879100
17,1489,241730066585100,2553600,3614331400,3616607600
17,1505,241730111648400,2808900,3659394700,3661670900
17,1521,241730154511600,2596300,3702257900,3704534100
17,1537,241730200697600,2769500,3748443900,3750720100
17,1553,241730247563400,2681000,3795309700,3797585900
17,1569,241730291747800,2601100,3839494100,3841770300
17,1585,241730340208600,2770900,3887954900,3890231100
17,1601,241730383436200,2610000,3931182500,3933458700
17,1617,241730425761000,2719900,3973507300,3975783500
17,1633,241730470335000,2711900,4018081300,4020357500
17,1649,241730515216400,2654500,4062962700,4065238900
17,1665,241730559220500,2619900,4106966800,4109243000
17,1681,241730601811400,2675800,4149557700,4151833900
17,1697,241730644672400,2857100,4192418700,4194694900
17,1713,241730696979500,3023400,4244725800,4247002000
17,1729,241730744134300,3000600,4291880600,4294156800
17,1745,241730790250300,2801000,4337996600,4340272800
17,1761,241730838390500,2748000,4386136800,4388413000
17,1777,241730881954500,2709900,4429700800,4431977000
17,1793,241730925823200,2771000,4473569500,4475845700
17,1809,241730972977800,2838200,4520724100,4523000300
17,1825,241731025806900,2638800,4573553200,4575829400
17,1841,241731070203800,2720000,4617950100,4620226300
17,1857,241731115321900,2976600,4663068200,4665344400
17,1873,241731159853300,2603700,4707599600,4709875800
17,1889,241731202132600,2584800,4749878900,4752155100
17,1905,241731243984700,2627500,4791731000,4794007200
17,1921,241731288074800,2735100,4835821100,4838097300
17,1937,241731333768800,7756100,4881515100,4883791300
17,1953,241731382449900,2607700,4930196200,4932472400
17,1969,241731425506500,2850900,4973252800,4975529000
17,1985,241731470839200,3403900,5018585500,5020861700
17,2001,241731521081100,3030600,5068827400,5071103600
17,2017,241731565087600,2704000,5112833900,5115110100
17,2033,241731609197000,2682100,5156943300,5159219500
18,2,241726520617900,2679100,68364200,70640400
18,18,241726571474700,2333200,119221000,121497200
18,34,241726609428900,2280400,157175200,159451400
18,50,241726651603700,2293300,199350000,201626200
18,66,241726689063800,2573300,236810100,239086300
18,82,241726726867600,2232200,274613900,276890100
18,98,241726768070900,2878300,315817200,318093400
18,114,241726819443400,2477600,367189700,369465900
18,130,241726857915300,2203500,405661600,407937800
18,146,241726893909700,2267600,441656000,443932200
18,162,241726931367700,2168800,479114000,481390200
18,178,241726969582800,2186500,517329100,519605300
18,194,241727005888500,2288400,553634800,555911000
18,210,241727042200600,2213700,589946900,592223100
18,226,241727077750800,2156800,625497100,627773300
18,242,241727118240700,2126100,665987000,668263200
18,258,241727152344800,2141200,700091100,702367300
18,274,241727187520300,2185700,735266600,737542800
18,290,241727222889600,2249200,770635900,772912100
18,306,241727257903800,2084900,805650100,807926300
18,322,241727291227700,2061900,838974000,841250200
18,338,241727325971700,2246600,873718000,875994200
18,354,241727363974600,2401200,911720900,913997100
18,370,241727408416900,2174800,956163200,958439400
18,386,241727445301200,2481800,993047500,995323700
18,402,241727480564300,2130200,1028310600,1030586800
18,418,241727516072200,2219800,1063818500,1066094700
18,434,241727551244700,2226900,1098991000,1101267200
18,450,241727586988600,2222200,1134734900,1137011100
18,466,241727622083700,2191600,1169830000,1172106200
18,482,241727657145000,2333100,1204891300,1207167500
18,498,241727699648500,2246600,1247394800,1249671000
18,514,241727735220000,2157400,1282966300,1285242500
18,530,241727770562900,2162900,1318309200,1320585400
18,546,241727809886700,2256400,1357633000,1359909200
18,562,241727844519000,2125600,1392265300,1394541500
18,578,241727878798500,2080000,1426544800,1428821000
18,594,241727914318700,2133300,1462065000,1464341200
18,610,241727949029900,2107700,1496776200,1499052400
18,626,241727992290300,2165100,1540036600,1542312800
18,642,241728025860300,2082700,1573606600,1575882800
18,658,241728060338200,2212800,1608084500,1610360700
18,674,241728095190400,2217600,1642936700,1645212900
18,690,241728129462300,2190100,1677208600,1679484800
18,706,241728163905400,2119400,1711651700,1713927900
18,722,241728199669300,2314200,1747415600,1749691800
18,738,241728235079300,2194200,1782825600,1785101800
18,754,241728278366400,2216900,1826112700,1828388900
18,770,241728314078100,2232700,1861824400,1864100600
18,786,241728349908300,2143100,1897654600,1899930800
18,802,241728385580200,2160600,1933326500,1935602700
18,818,241728420310400,2157900,1968056700,1970332900
18,834,241728455469600,2125300,2003215900,2005492100
18,850,241728491242400,2230700,2038988700,2041264900
18,866,241728533594600,2127500,2081340900,2083617100
18,882,241728568464000,2263400,2116210300,2118486500
18,898,241728603809100,2202700,2151555400,2153831600
18,914,241728638611900,2153200,2186358200,2188634400
18,930,241728674034100,2173300,2221780400,2224056600
18,946,241728709093700,2272600,2256840000,2259116200
18,962,241728745664900,2299000,2293411200,2295687400
18,978,241728780859000,2148700,2328605300,2330881500
18,994,241728823216900,2163400,2370963200,2373239400
18,1010,241728857584600,2170900,2405330900,2407607100
18,1026,241728892059800,2167100,2439806100,2442082300
18,1042,241728926982300,2149800,2474728600,2477004800
18,1058,241728961623400,2195900,2509369700,2511645900
18,1074,241728996268100,2210400,2544014400,2546290600
18,1090,241729033612700,2178800,2581359000,2583635200
18,1106,241729074313900,2121800,2622060200,2624336400
18,1122,241729109568900,2289300,2657315200,2659591400
18,1138,241729145146600,2152700,2692892900,2695169100
18,1154,241729179839400,2143200,2727585700,2729861900
18,1170,241729216087300,2223400,2763833600,2766109800
18,1186,241729251109400,2087600,2798855700,2801131900
18,1202,241729285989900,2108300,2833736200,2836012400
18,1218,241729324611100,2335900,2872357400,2874633600
18,1234,241729365793500,2123000,2913539800,2915816000
18,1250,241729400421600,2151800,2948167900,2950444100
18,1266,241729436229300,2372300,2983975600,2986251800
18,1282,241729477231600,2711000,3024977900,3027254100
18,1298,241729520251800,2677000,3067998100,3070274300
18,1314,241729566483200,2664000,3114229500,3116505700
18,1330,241729611724100,2757700,3159470400,3161746600
18,1346,241729661238700,2717900,3208985000,3211261200
18,1362,241729704647700,2723800,3252394000,3254670200
18,1378,241729749151000,2760300,3296897300,3299173500
18,1394,241729795644500,2815900,3343390800,3345667000
18,1410,241729842806800,2575200,3390553100,3392829300
18,1426,241729885155500,2648000,3432901800,3435178000
18,1442,241729929969500,2780800,3477715800,3479992000
18,1458,241729980276200,7895000,3528022500,3530298700
18,1474,241730028238600,2654700,3575984900,3578261100
18,1490,241730072779400,3124800,3620525700,3622801900
18,1506,241730117189400,2913700,3664935700,3667211900
18,1522,241730159707300,2578800,3707453600,3709729800
18,1538,241730206275500,2681200,3754021800,3756298000
18,1554,241730253566800,2970400,3801313100,3803589300
18,1570,241730297003900,2636100,3844750200,3847026400
18,1586,241730345786600,2703500,3893532900,3895809100
18,1602,241730388706200,2570000,3936452500,3938728700
18,1618,241730431528700,2837100,3979275000,3981551200
18,1634,241730475911600,2962200,4023657900,4025934100
18,1650,241730520191700,2579800,4067938000,4070214200
18,1666,241730563994600,2567900,4111740900,4114017100
18,1682,241730606688200,2635000,4154434500,4156710700
18,1698,241730654735700,2827300,4202482000,4204758200
18,1714,241730702459300,2897600,4250205600,4252481800
18,1730,241730749583900,2828100,4297330200,4299606400
18,1746,241730795461400,2756300,4343207700,4345483900
18,1762,241730843471500,2671000,4391217800,4393494000
18,1778,241730886939700,2515600,4434686000,4436962200
18,1794,241730930885900,2723200,4478632200,4480908400
18,1810,241730978149400,2806900,4525895700,4528171900
18,1826,241731030960200,2831800,4578706500,4580982700
18,1842,241731075546800,2800600,4623293100,4625569300
18,1858,241731121163400,2952500,4668909700,4671185900
18,1874,241731164921300,2604700,4712667600,4714943800
18,1890,241731207246000,2625900,4754992300,4757268500
18,1906,241731249223200,2720000,4796969500,4799245700
18,1922,241731293369700,2693100,4841116000,4843392200
18,1938,241731344157000,2903500,4891903300,4894179500
18,1954,241731387420800,2643200,4935167100,4937443300
18,1970,241731430972600,2664100,4978718900,4980995100
18,1986,241731477020300,3082700,5024766600,5027042800
18,2002,241731526535500,3010300,5074281800,5076558000
18,2018,241731570206900,2705000,5117953200,5120229400
18,2034,241731614272900,2749300,5162019200,5164295400
19,3,241726523335200,3482800,71081500,73357700
19,19,241726573874700,2350300,121621000,123897200
19,35,241726611771000,2248100,159517300,161793500
19,51,241726653865900,2234200,201612200,203888400
19,67,241726691396000,2516300,239142300,241418500
19,83,241726728922500,2296300,276668800,278945000
19,99,241726770626900,2700600,318373200,320649400
19,115,241726821476800,2399700,369223100,371499300
19,131,241726859645000,2218300,407391300,409667500
19,147,241726895696000,2281300,443442300,445718500
19,163,241726933073800,2314200,480820100,483096300
19,179,241726969420900,2199500,517167200,519443400
19,195,241727005752500,2282700,553498800,555775000
19,211,241727042035500,2184400,589781800,592058000
19,227,241727077532000,2180600,625278300,627554500
19,243,241727117991700,2132100,665738000,668014200
19,259,241727152077600,2136100,699823900,702100100
19,275,241727187223900,2153800,734970200,737246400
19,291,241727222575400,2240700,770321700,772597900
19,307,241727257790100,2075000,805536400,807812600
19,323,241727291121600,2044800,838867900,841144100
19,339,241727325787800,2273700,873534100,875810300
19,355,241727363871600,2410200,911617900,913894100
19,371,241727408302500,2164100,956048800,958325000
19,387,241727445359900,2690200,993106200,995382400
19,403,241727480650500,2131200,1028396800,1030673000
19,419,241727516125400,2228200,1063871700,1066147900
19,435,241727551444600,2222400,1099190900,1101467100
19,451,241727587197600,2222800,1134943900,1137220100
19,467,241727622260300,2179400,1170006600,1172282800
19,483,241727657233900,2447300,1204980200,1207256400
19,499,241727699403100,2182000,1247149400,1249425600
19,515,241727734851800,2170600,1282598100,1284874300
19,531,241727770169300,2205700,1317915600,1320191800
19,547,241727808153900,2136100,1355900200,1358176400
19,563,241727842781300,2161800,1390527600,1392803800
19,579,241727877011700,2150900,1424758000,1427034200
19,595,241727912509500,2107800,1460255800,1462532000
19,611,241727947141700,2149300,1494888000,1497164200
19,627,241727990389100,2229100,1538135400,1540411600
19,643,241728024126400,2055200,1571872700,1574148900
19,659,241728058511000,2143800,1606257300,1608533500
19,675,241728093394100,2112200,1641140400,1643416600
19,691,241728127404500,2306700,1675150800,1677427000
19,707,241728161971100,2154800,1709717400,1711993600
19,723,241728197827000,2263700,1745573300,1747849500
19,739,241728233185300,2212800,1780931600,1783207800
19,755,241728276388900,2229900,1824135200,1826411400
19,771,241728312133800,2234200,1859880100,1862156300
19,787,241728348006600,2151900,1895752900,1898029100
19,803,241728383607200,2238900,1931353500,1933629700
19,819,241728418389100,2174500,1966135400,1968411600
19,835,241728453656100,2172000,2001402400,2003678600
19,851,241728489341900,2241000,2037088200,2039364400
19,867,241728531758400,2151100,2079504700,2081780900
19,883,241728566536300,2172700,2114282600,2116558800
19,899,241728601854300,2164900,2149600600,2151876800
19,915,241728636617100,2200000,2184363400,2186639600
19,931,241728672079300,2213000,2219825600,2222101800
19,947,241728707389400,2131700,2255135700,2257411900
19,963,241728743701000,2283100,2291447300,2293723500
19,979,241728778921000,2165100,2326667300,2328943500
19,995,241728821431700,2137000,2369178000,2371454200
19,1011,241728855794200,2141200,2403540500,2405816700
19,1027,241728890236400,2165800,2437982700,2440258900
19,1043,241728925189900,2140300,2472936200,2475212400
19,1059,241728959857300,2161300,2507603600,2509879800
19,1075,241728994413900,2244500,2542160200,2544436400
19,1091,241729030887800,2192400,2578634100,2580910300
19,1107,241729071544000,2166800,2619290300,2621566500
19,1123,241729106520200,2350500,2654266500,2656542700
19,1139,241729142403300,2130100,2690149600,2692425800
19,1155,241729177052300,2103700,2724798600,2727074800
19,1171,241729213220300,2205200,2760966600,2763242800
19,1187,241729248283400,2104000,2796029700,2798305900
19,1203,241729283204900,2143400,2830951200,2833227400
19,1219,241729319719900,4221600,2867466200,2869742400
19,1235,241729362935600,2146600,2910681900,2912958100
19,1251,241729397572700,2145800,2945319000,2947595200
19,1267,241729433028800,2465400,2980775100,2983051300
19,1283,241729473814700,2631400,3021561000,3023837200
19,1299,241729516738300,2738700,3064484600,3066760800
19,1315,241729563040500,2722600,3110786800,3113063000
19,1331,241729608313900,2703800,3156060200,3158336400
19,1347,241729657726600,2862800,3205472900,3207749100
19,1363,241729701219800,2773200,3248966100,3251242300
19,1379,241729745446000,3013900,3293192300,3295468500
19,1395,241729792037400,2855000,3339783700,3342059900
19,1411,241729839665700,2585600,3387412000,3389688200
19,1427,241729881950500,2619100,3429696800,3431973000
19,1443,241729926455700,2948500,3474202000,3476478200
19,1459,241729976875700,2681900,3524622000,3526898200
19,1475,241730024891400,2685800,3572637700,3574913900
19,1491,241730068466200,3466300,3616212500,3618488700
19,1507,241730113721500,2809500,3661467800,3663744000
19,1523,241730156427500,2623700,3704173800,3706450000
19,1539,241730202777900,2780700,3750524200,3752800400
19,1555,241730249557700,3144300,3797304000,3799580200
19,1571,241730293675500,2606000,3841421800,3843698000
19,1587,241730342377100,2716400,3890123400,3892399600
19,1603,241730385475000,2576300,3933221300,3935497500
19,1619,241730427916400,2835800,3975662700,3977938900
19,1635,241730472503200,2998500,4020249500,4022525700
19,1651,241730517039200,2733500,4064785500,4067061700
19,1667,241730561039100,2607900,4108785400,4111061600
19,1683,241730603635500,2667100,4151381800,4153658000
19,1699,241730646643800,7673200,4194390100,4196666300
19,1715,241730698987800,3075300,4246734100,4249010300
19,1731,241730746212800,3007800,4293959100,4296235300
19,1747,241730792235900,2864500,4339982200,4342258400
19,1763,241730840363500,2774700,4388109800,4390386000
19,1779,241730883951900,2709400,4431698200,4433974400
19,1795,241730927866600,2750000,4475612900,4477889100
19,1811,241730975046000,2761900,4522792300,4525068500
19,1827,241731026803900,2630700,4574550200,4576826400
19,1843,241731071294300,2723000,4619040600,4621316800
19,1859,241731116520400,2984600,4664266700,4666542900
19,1875,241731160881500,2619700,4708627800,4710904000
19,1891,241731203143100,2572900,4750889400,4753165600
19,1907,241731245014300,2652500,4792760600,4795036800
19,1923,241731289150100,2721600,4836896400,4839172600
19,1939,241731334873200,7857200,4882619500,4884895700
19,1955,241731383402300,2617900,4931148600,4933424800
19,1971,241731426463900,3006300,4974210200,4976486400
19,1987,241731472122000,3236900,5019868300,5022144500
19,2003,241731522349500,2746200,5070095800,5072372000
19,2019,241731566036600,2722300,5113782900,5116059100
19,2035,241731610173100,2705600,5157919400,5160195600
20,4,241726526859000,2848200,74605300,76881500
20,20,241726576197700,2325200,123944000,126220200
20,36,241726614053900,2288200,161800200,164076400
20,52,241726656171000,2294900,203917300,206193500
20,68,241726694111300,2288100,241857600,244133800
20,84,241726731526100,2273700,279272400,281548600
20,100,241726773627000,2723500,321373300,323649500
20,116,241726824170100,2367100,371916400,374192600
20,132,241726862213200,2275100,409959500,412235700
20,148,241726898343900,2294600,446090200,448366400
20,164,241726935708400,2232500,483454700,485730900
20,180,241726972318600,2311700,520064900,522341100
20,196,241727008710200,2289400,556456500,558732700
20,212,241727044722000,2191500,592468300,594744500
20,228,241727080200800,2083300,627947100,630223300
20,244,241727120623600,2052200,668369900,670646100
20,260,241727154710200,2102000,702456500,704732700
20,276,241727189920000,2227200,737666300,739942500
20,292,241727225324600,2494200,773070900,775347100
20,308,241727260237500,2065700,807983800,810260000
20,324,241727293507700,2075600,841254000,843530200
20,340,241727328498700,2251800,876245000,878521200
20,356,241727366839700,2906600,914586000,916862200
20,372,241727411237400,2224700,958983700,961259900
20,388,241727448816100,2208500,996562400,998838600
20,404,241727483640600,2093600,1031386900,1033663100
20,420,241727519132500,2172200,1066878800,1069155000
20,436,241727554704000,2127000,1102450300,1104726500
20,452,241727590474800,2228800,1138221100,1140497300
20,468,241727625466000,2111200,1173212300,1175488500
20,484,241727660812200,2324500,1208558500,1210834700
20,500,241727702932700,2255300,1250679000,1252955200
20,516,241727738275600,2150300,1286021900,1288298100
20,532,241727773474700,2609200,1321221000,1323497200
20,548,241727812385100,2187600,1360131400,1362407600
20,564,241727846874900,2133900,1394621200,1396897400
20,580,241727881064500,2115300,1428810800,1431087000
20,596,241727916571900,2114000,1464318200,1466594400
20,612,241727951258100,2134100,1499004400,1501280600
20,628,241727994875000,2075100,1542621300,1544897500
20,644,241728028310500,2157900,1576056800,1578333000
20,660,241728063017900,2215200,1610764200,1613040400
20,676,241728097823100,2102200,1645569400,1647845600
20,692,241728132089200,2259500,1679835500,1682111700
20,708,241728166498000,2115600,1714244300,1716520500
20,724,241728203085200,2237000,1750831500,1753107700
20,740,241728238286700,2194500,1786033000,1788309200
20,756,241728281674500,2321200,1829420800,1831697000
20,772,241728317376000,2340400,1865122300,1867398500
20,788,241728353070100,2169600,1900816400,1903092600
20,804,241728389017300,2166500,1936763600,1939039800
20,820,241728423719600,2120200,1971465900,1973742100
20,836,241728458809200,2217700,2006555500,2008831700
20,852,241728494686000,2190000,2042432300,2044708500
20,868,241728536879400,2140100,2084625700,2086901900
20,884,241728571917100,2215000,2119663400,2121939600
20,900,241728607461100,2142000,2155207400,2157483600
20,916,241728642218900,2169400,2189965200,2192241400
20,932,241728678056400,2274500,2225802700,2228078900
20,948,241728713026200,2164300,2260772500,2263048700
20,964,241728749544000,2256000,2297290300,2299566500
20,980,241728784433000,9934200,2332179300,2334455500
20,996,241728826856900,2152000,2374603200,2376879400
20,1012,241728861188500,2120900,2408934800,2411211000
20,1028,241728895641400,2164200,2443387700,2445663900
20,1044,241728930727600,2346800,2478473900,2480750100
20,1060,241728965372300,2104100,2513118600,2515394800
20,1076,241729000047600,2134300,2547793900,2550070100
20,1092,241729036769700,2177700,2584516000,2586792200
20,1108,241729077319400,2150500,2625065700,2627341900
20,1124,241729112762500,2243100,2660508800,2662785000
20,1140,241729148171100,2169900,2695917400,2698193600
20,1156,241729182679800,2241300,2730426100,2732702300
20,1172,241729219197300,2140300,2766943600,2769219800
20,1188,241729253984900,2149600,2801731200,2804007400
20,1204,241729288896900,2178900,2836643200,2838919400
20,1220,241729332791900,2639100,2880538200,2882814400
20,1236,241729368696200,2161000,2916442500,2918718700
20,1252,241729403360500,2118600,2951106800,2953383000
20,1268,241729439603500,2403400,2987349800,2989626000
20,1284,241729481182900,2583000,3028929200,3031205400
20,1300,241729524145200,2686000,3071891500,3074167700
20,1316,241729570304300,2663600,3118050600,3120326800
20,1332,241729615724000,2738600,3163470300,3165746500
20,1348,241729665216900,2663900,3212963200,3215239400
20,1364,241729708534200,2612900,3256280500,3258556700
20,1380,241729753277500,2963200,3301023800,3303300000
20,1396,241729799804600,3217100,3347550900,3349827100
20,1412,241729846577600,2661400,3394323900,3396600100
20,1428,241729889110100,2758900,3436856400,3439132600
20,1444,241729933905100,2751500,3481651400,3483927600
20,1460,241729989526500,2646600,3537272800,3539549000
20,1476,241730031914500,2606900,3579660800,3581937000
20,1492,241730077042100,2646900,3624788400,3627064600
20,1508,241730121303400,2854600,3669049700,3671325900
20,1524,241730163473400,2774200,3711219700,3713495900
20,1540,241730210117700,2971500,3757864000,3760140200
20,1556,241730257816000,2626900,3805562300,3807838500
20,1572,241730300803800,2594100,3848550100,3850826300
20,1588,241730349682300,2758900,3897428600,3899704800
20,1604,241730392386300,2630800,3940132600,3942408800
20,1620,241730435513000,2688400,3983259300,3985535500
20,1636,241730480418100,3071200,4028164400,4030440600
20,1652,241730524152800,2745800,4071899100,4074175300
20,1668,241730567954900,2621400,4115701200,4117977400
20,1684,241730610763200,2668100,4158509500,4160785700
20,1700,241730658943200,2879400,4206689500,4208965700
20,1716,241730706883500,3124000,4254629800,4256906000
20,1732,241730753843400,3371600,4301589700,4303865900
20,1748,241730799573500,2850800,4347319800,4349596000
20,1764,241730847456300,2735800,4395202600,4397478800
20,1780,241730890826800,2742100,4438573100,4440849300
20,1796,241730934977800,2599600,4482724100,4485000300
20,1812,241730982441100,2898500,4530187400,4532463600
20,1828,241731035205200,2744400,4582951500,4585227700
20,1844,241731079835900,2882600,4627582200,4629858400
20,1860,241731125618000,2735000,4673364300,4675640500
20,1876,241731168801600,2593300,4716547900,4718824100
20,1892,241731211183700,2599600,4758930000,4761206200
20,1908,241731253340000,2757300,4801086300,4803362500
20,1924,241731297465500,2784400,4845211800,4847488000
20,1940,241731348590300,2696000,4896336600,4898612800
20,1956,241731391603000,2685800,4939349300,4941625500
20,1972,241731435175100,2693700,4982921400,4985197600
20,1988,241731481713400,3082500,5029459700,5031735900
20,2004,241731531008100,2672200,5078754400,5081030600
20,2020,241731574381900,2705300,5122128200,5124404400
20,2036,241731618624500,2736400,5166370800,5168647000
21,5,241726529764000,6252500,77510300,79786500
21,21,241726578589200,2306100,126335500,128611700
21,37,241726616376400,2269300,164122700,166398900
21,53,241726658526500,2195800,206272800,208549000
21,69,241726696369900,2396800,244116200,246392400
21,85,241726733664200,2590000,281410500,283686700
21,101,241726776199900,2848300,323946200,326222400
21,117,241726826375900,2412800,374122200,376398400
21,133,241726864128300,2198700,411874600,414150800
21,149,241726900265600,2265000,448011900,450288100
21,165,241726937624100,2231600,485370400,487646600
21,181,241726975736400,2230900,523482700,525758900
21,197,241727012000000,2283500,559746300,562022500
21,213,241727047977600,2141700,595723900,598000100
21,229,241727083427100,2128700,631173400,633449600
21,245,241727123679300,2081300,671425600,673701800
21,261,241727157818800,2109500,705565100,707841300
21,277,241727193144300,2179500,740890600,743166800
21,293,241727228884700,2099800,776631000,778907200
21,309,241727263196800,2074400,810943100,813219300
21,325,241727296458700,2068300,844205000,846481200
21,341,241727331883800,2381000,879630100,881906300
21,357,241727368252700,2673200,915999000,918275200
21,373,241727412188900,2267800,959935200,962211400
21,389,241727450069500,2169500,997815800,1000092000
21,405,241727484706100,2082200,1032452400,1034728600
21,421,241727520443100,2185100,1068189400,1070465600
21,437,241727555586500,2117700,1103332800,1105609000
21,453,241727591301800,2328000,1139048100,1141324300
21,469,241727626375200,2121800,1174121500,1176397700
21,485,241727661813100,2261500,1209559400,1211835600
21,501,241727703941100,2245600,1251687400,1253963600
21,517,241727739265000,2155300,1287011300,1289287500
21,533,241727774220400,2181800,1321966700,1324242900
21,549,241727812620700,2222900,1360367000,1362643200
21,565,241727847140100,2130100,1394886400,1397162600
21,581,241727881267800,2111000,1429014100,1431290300
21,597,241727916806500,2128400,1464552800,1466829000
21,613,241727951497100,2134500,1499243400,1501519600
21,629,241727994986100,2079700,1542732400,1545008600
21,645,241728028427500,2205600,1576173800,1578450000
21,661,241728063202600,2222700,1610948900,1613225100
21,677,241728098070800,2124500,1645817100,1648093300
21,693,241728132333100,2244700,1680079400,1682355600
21,709,241728166710100,2119300,1714456400,1716732600
21,725,241728202456200,2242900,1750202500,1752478700
21,741,241728237730800,2198200,1785477100,1787753300
21,757,241728280850200,2390400,1828596500,1830872700
21,773,241728316599100,2330700,1864345400,1866621600
21,789,241728352337400,2182600,1900083700,1902359900
21,805,241728388057900,2208800,1935804200,1938080400
21,821,241728422791300,2131700,1970537600,1972813800
21,837,241728457831200,2138400,2005577500,2007853700
21,853,241728493597800,2203000,2041344100,2043620300
21,869,241728535915600,2164900,2083661900,2085938100
21,885,241728571122800,2199000,2118869100,2121145300
21,901,241728606359700,2159500,2154106000,2156382200
21,917,241728641110500,2158300,2188856800,2191133000
21,933,241728676504400,2465000,2224250700,2226526900
21,949,241728711721500,2151000,2259467800,2261744000
21,965,241728748148300,2273100,2295894600,2298170800
21,981,241728783122200,2123200,2330868500,2333144700
21,997,241728825471500,2177800,2373217800,2375494000
21,1013,241728859845600,2135300,2407591900,2409868100
21,1029,241728894311800,2131100,2442058100,2444334300
21,1045,241728929351700,2188500,2477098000,2479374200
21,1061,241728964042200,2136200,2511788500,2514064700
21,1077,241728998748200,2104300,2546494500,2548770700
21,1093,241729035580600,2181100,2583326900,2585603100
21,1109,241729076104600,2149700,2623850900,2626127100
21,1125,241729111353200,2253500,2659099500,2661375700
21,1141,241729146866700,2187800,2694613000,2696889200
21,1157,241729181484500,2160300,2729230800,2731507000
21,1173,241729217846500,2185100,2765592800,2767869000
21,1189,241729252701200,2124700,2800447500,2802723700
21,1205,241729287637000,2160700,2835383300,2837659500
21,1221,241729326267200,7671900,2874013500,2876289700
21,1237,241729367310000,2133200,2915056300,2917332500
21,1253,241729401978300,2128100,2949724600,2952000800
21,1269,241729438247000,2312500,2985993300,2988269500
21,1285,241729479515200,2685100,3027261500,3029537700
21,1301,241729522494700,2711800,3070241000,3072517200
21,1317,241729568739600,2622400,3116485900,3118762100
21,1333,241729614067900,2778800,3161814200,3164090400
21,1349,241729663589400,2660300,3211335700,3213611900
21,1365,241729707008200,2619200,3254754500,3257030700
21,1381,241729751530600,2873800,3299276900,3301553100
21,1397,241729798077300,3096100,3345823600,3348099800
21,1413,241729845144700,2555600,3392891000,3395167200
21,1429,241729887537000,2769700,3435283300,3437559500
21,1445,241729932470600,2653900,3480216900,3482493100
21,1461,241729987797700,2941700,3535544000,3537820200
21,1477,241730030576300,2537300,3578322600,3580598800
21,1493,241730075565800,2671000,3623312100,3625588300
21,1509,241730119736900,3056200,3667483200,3669759400
21,1525,241730161975100,2833900,3709721400,3711997600
21,1541,241730208588500,2747500,3756334800,3758611000
21,1557,241730256152600,2741500,3803898900,3806175100
21,1573,241730299259300,2601400,3847005600,3849281800
21,1589,241730348231500,2745500,3895977800,3898254000
21,1605,241730391030000,2612900,3938776300,3941052500
21,1621,241730434063300,2698100,3981809600,3984085800
21,1637,241730479400400,2830700,4027146700,4029422900
21,1653,241730523164700,2742300,4070911000,4073187200
21,1669,241730566978500,2614500,4114724800,4117001000
21,1685,241730609745400,2705000,4157491700,4159767900
21,1701,241730657990700,2895100,4205737000,4208013200
21,1717,241730705844200,3157600,4253590500,4255866700
21,1733,241730752905100,3101700,4300651400,4302927600
21,1749,241730798644100,2834500,4346390400,4348666600
21,1765,241730846529700,2694000,4394276000,4396552200
21,1781,241730889734800,2821300,4437481100,4439757300
21,1797,241730933997900,2748600,4481744200,4484020400
21,1813,241730981349400,2901300,4529095700,4531371900
21,1829,241731034269600,2759200,4582015900,4584292100
21,1845,241731078823100,2902700,4626569400,4628845600
21,1861,241731124573900,2814600,4672320200,4674596400
21,1877,241731167922200,2583200,4715668500,4717944700
21,1893,241731210265300,2587700,4758011600,4760287800
21,1909,241731252357000,2757300,4800103300,4802379500
21,1925,241731296476100,2758200,4844222400,4846498600
21,1941,241731347599000,2769700,4895345300,4897621500
21,1957,241731390613700,2699800,4938360000,4940636200
21,1973,241731434232600,2660900,4981978900,4984255100
21,1989,241731480833500,3073100,5028579800,5030856000
21,2005,241731530262800,2686700,5078009100,5080285300
21,2021,241731573622200,2666000,5121368500,5123644700
21,2037,241731617728300,2715200,5165474600,5167750800
22,6,241726536104000,4460100,83850300,86126500
22,22,241726580961000,2332500,128707300,130983500
22,38,241726618679800,2303300,166426100,168702300
22,54,241726660695400,2217900,208441700,210717900
22,70,241726698947200,2317600,246693500,248969700
22,86,241726736511000,2684200,284257300,286533500
22,102,241726779293400,2767900,327039700,329315900
22,118,241726828981600,2338600,376727900,379004100
22,134,241726866748100,2212400,414494400,416770600
22,150,241726902937500,2281200,450683800,452960000
22,166,241726940276800,2207100,488023100,490299300
22,182,241726978122900,2244200,525869200,528145400
22,198,241727014452100,2243100,562198400,564474600
22,214,241727050335900,2083100,598082200,600358400
22,230,241727085725500,2261600,633471800,635748000
22,246,241727125907200,2096800,673653500,675929700
22,262,241727160074300,2199200,707820600,710096800
22,278,241727195549800,2213600,743296100,745572300
22,294,241727231210000,2107000,778956300,781232500
22,310,241727265498400,2038100,813244700,815520900
22,326,241727298749200,2069900,846495500,848771700
22,342,241727334347100,2491400,882093400,884369600
22,358,241727372157500,2229500,919903800,922180000
22,374,241727415961300,2262300,963707600,965983800
22,390,241727453427800,2171300,1001174100,1003450300
22,406,241727488043800,2130800,1035790100,1038066300
22,422,241727523818100,2251600,1071564400,1073840600
22,438,241727558727000,2339000,1106473300,1108749500
22,454,241727594628500,2270600,1142374800,1144651000
22,470,241727629328500,2110300,1177074800,1179351000
22,486,241727665064500,2230600,1212810800,1215087000
22,502,241727707097200,2162100,1254843500,1257119700
22,518,241727742343400,2192600,1290089700,1292365900
22,534,241727782662200,2356300,1330408500,1332684700
22,550,241727818225300,2146600,1365971600,1368247800
22,566,241727852628000,2095300,1400374300,1402650500
22,582,241727886903100,2069200,1434649400,1436925600
22,598,241727922507600,2388800,1470253900,1472530100
22,614,241727957258200,2233000,1505004500,1507280700
22,630,241728000757700,2171500,1548504000,1550780200
22,646,241728034713000,2184400,1582459300,1584735500
22,662,241728069439700,2187900,1617186000,1619462200
22,678,241728103800700,2096600,1651547000,1653823200
22,694,241728138451200,2168800,1686197500,1688473700
22,710,241728172475400,2107700,1720221700,1722497900
22,726,241728209032600,2184100,1756778900,1759055100
22,742,241728251382900,2312800,1799129200,1801405400
22,758,241728287946300,2203100,1835692600,1837968800
22,774,241728323913800,2295300,1871660100,1873936300
22,790,241728359133100,2228500,1906879400,1909155600
22,806,241728394685700,2270800,1942432000,1944708200
22,822,241728429546800,2175300,1977293100,1979569300
22,838,241728464566700,2171900,2012313000,2014589200
22,854,241728500416700,2207100,2048163000,2050439200
22,870,241728542609200,2138200,2090355500,2092631700
22,886,241728577844800,2175200,2125591100,2127867300
22,902,241728612918100,2163700,2160664400,2162940600
22,918,241728647607700,2313200,2195354000,2197630200
22,934,241728683356300,2204000,2231102600,2233378800
22,950,241728718137000,2191500,2265883300,2268159500
22,966,241728754898100,2152400,2302644400,2304920600
22,982,241728797450700,2172100,2345197000,2347473200
22,998,241728831981900,2134400,2379728200,2382004400
22,1014,241728866282500,2173600,2414028800,2416305000
22,1030,241728900891800,2190600,2448638100,2450914300
22,1046,241728935959800,2157200,2483706100,2485982300
22,1062,241728970334700,2158300,2518081000,2520357200
22,1078,241729005177800,2271600,2552924100,2555200300
22,1094,241729042272800,2424100,2590019100,2592295300
22,1110,241729082832800,2195700,2630579100,2632855300
22,1126,241729118522800,2371200,2666269100,2668545300
22,1142,241729153426900,2167000,2701173200,2703449400
22,1158,241729188463800,2466800,2736210100,2738486300
22,1174,241729224654700,2305300,2772401000,2774677200
22,1190,241729259362000,2242000,2807108300,2809384500
22,1206,241729294385100,2534900,2842131400,2844407600
22,1222,241729338703900,2186200,2886450200,2888726400
22,1238,241729373936100,2271500,2921682400,2923958600
22,1254,241729408573500,2163000,2956319800,2958596000
22,1270,241729446067400,2339800,2993813700,2996089900
22,1286,241729488190300,2591900,3035936600,3038212800
22,1302,241729531308800,2919900,3079055100,3081331300
22,1318,241729577209600,2639200,3124955900,3127232100
22,1334,241729622952800,2740900,3170699100,3172975300
22,1350,241729672317500,2764800,3220063800,3222340000
22,1366,241729715524000,2728100,3263270300,3265546500
22,1382,241729761124200,3127800,3308870500,3311146700
22,1398,241729807586000,2950500,3355332300,3357608500
22,1414,241729853499500,2575100,3401245800,3403522000
22,1430,241729896383500,2722000,3444129800,3446406000
22,1446,241729940971400,2828600,3488717700,3490993900
22,1462,241729996508300,2731200,3544254600,3546530800
22,1478,241730038701600,3085800,3586447900,3588724100
22,1494,241730084220500,3081900,3631966800,3634243000
22,1510,241730128683400,2704400,3676429700,3678705900
22,1526,241730171044700,2666700,3718791000,3721067200
22,1542,241730217913200,2848400,3765659500,3767935700
22,1558,241730264774800,2615900,3812521100,3814797300
22,1574,241730307847800,2642100,3855594100,3857870300
22,1590,241730357066700,2741800,3904813000,3907089200
22,1606,241730399463900,2695100,3947210200,3949486400
22,1622,241730442897500,2766000,3990643800,3992920000
22,1638,241730487407300,2826400,4035153600,4037429800
22,1654,241730531092400,2709000,4078838700,4081114900
22,1670,241730574890000,2682200,4122636300,4124912500
22,1686,241730617531400,2752000,4165277700,4167553900
22,1702,241730666458300,2926300,4214204600,4216480800
22,1718,241730715089600,2895200,4262835900,4265112100
22,1734,241730761689400,2864400,4309435700,4311711900
22,1750,241730806779400,2779300,4354525700,4356801900
22,1766,241730854382100,2735900,4402128400,4404404600
22,1782,241730897658200,2751300,4445404500,4447680700
22,1798,241730943280000,2577100,4491026300,4493302500
22,1814,241730989566300,3101100,4537312600,4539588800
22,1830,241731042571900,2692800,4590318200,4592594400
22,1846,241731087276100,2785300,4635022400,4637298600
22,1862,241731132849800,2803000,4680596100,4682872300
22,1878,241731175632300,2624200,4723378600,4725654800
22,1894,241731217987000,2595600,4765733300,4768009500
22,1910,241731260531600,2763800,4808277900,4810554100
22,1926,241731304874100,2691300,4852620400,4854896600
22,1942,241731355578900,2721700,4903325200,4905601400
22,1958,241731398468000,2717500,4946214300,4948490500
22,1974,241731441974100,2830600,4989720400,4991996600
22,1990,241731489712900,3113600,5037459200,5039735400
22,2006,241731537923700,2769200,5085670000,5087946200
22,2022,241731581288600,2817200,5129034900,5131311100
22,2038,241731625416500,2677000,5173162800,5175439000
23,7,241726540772600,4382700,88518900,90795100
23,23,241726583499500,2359300,131245800,133522000
23,39,241726621169200,2277000,168915500,171191700
23,55,241726663242900,2183800,210989200,213265400
23,71,241726701479100,2300800,249225400,251501600
23,87,241726739345500,2455800,287091800,289368000
23,103,241726782153900,2833400,329900200,332176400
23,119,241726831375000,2384000,379121300,381397500
23,135,241726869189300,2208800,416935600,419211800
23,151,241726905447800,2239200,453194100,455470300
23,167,241726942606800,2293800,490353100,492629300
23,183,241726981823200,2176700,529569500,531845700
23,199,241727018129800,2279300,565876100,568152300
23,215,241727053872900,2168300,601619200,603895400
23,231,241727089310000,2192500,637056300,639332500
23,247,241727129250300,2093600,676996600,679272800
23,263,241727163564100,2141500,711310400,713586600
23,279,241727198947700,2159200,746694000,748970200
23,295,241727234478000,2105400,782224300,784500500
23,311,241727268651200,2035000,816397500,818673700
23,327,241727301951100,2080900,849697400,851973600
23,343,241727338130300,2518200,885876600,888152800
23,359,241727374797800,2396300,922544100,924820300
23,375,241727418620200,2219600,966366500,968642700
23,391,241727455948500,2274400,1003694800,1005971000
23,407,241727490448200,2143200,1038194500,1040470700
23,423,241727526369900,2301100,1074116200,1076392400
23,439,241727561538700,2194100,1109285000,1111561200
23,455,241727597546100,2120000,1145292400,1147568600
23,471,241727632049500,2152000,1179795800,1182072000
23,487,241727667867400,2285300,1215613700,1217889900
23,503,241727709789600,2161900,1257535900,1259812100
23,519,241727745074600,2190600,1292820900,1295097100
23,535,241727785105400,2208500,1332851700,1335127900
23,551,241727820239200,2365200,1367985500,1370261700
23,567,241727854619700,2136000,1402366000,1404642200
23,583,241727888662000,2125900,1436408300,1438684500
23,599,241727924620100,2236800,1472366400,1474642600
23,615,241727959230500,2272700,1506976800,1509253000
23,631,241728002541800,2137700,1550288100,1552564300
23,647,241728036455700,2159100,1584202000,1586478200
23,663,241728071163000,2166700,1618909300,1621185500
23,679,241728105420000,2117300,1653166300,1655442500
23,695,241728140010900,2202900,1687757200,1690033400
23,711,241728173986200,2201500,1721732500,1724008700
23,727,241728209929300,2165000,1757675600,1759951800
23,743,241728252418600,2360000,1800164900,1802441100
23,759,241728288719200,2213700,1836465500,1838741700
23,775,241728324607200,2319100,1872353500,1874629700
23,791,241728359847300,2191600,1907593600,1909869800
23,807,241728395284000,2296900,1943030300,1945306500
23,823,241728430231700,2135800,1977978000,1980254200
23,839,241728465272400,2168600,2013018700,2015294900
23,855,241728501131600,2184300,2048877900,2051154100
23,871,241728543263200,2162600,2091009500,2093285700
23,887,241728578609400,2204100,2126355700,2128631900
23,903,241728613879900,2172200,2161626200,2163902400
23,919,241728648581600,2294400,2196327900,2198604100
23,935,241728684433800,2182200,2232180100,2234456300
23,951,241728719127500,2227600,2266873800,2269150000
23,967,241728755767100,2206100,2303513400,2305789600
23,983,241728798342100,2141000,2346088400,2348364600
23,999,241728832843300,2147000,2380589600,2382865800
23,1015,241728867135100,2178800,2414881400,2417157600
23,1031,241728901867400,2227600,2449613700,2451889900
23,1047,241728936935000,2193300,2484681300,2486957500
23,1063,241728971311600,2198000,2519057900,2521334100
23,1079,241729006170800,2223700,2553917100,2556193300
23,1095,241729042788700,2550200,2590535000,2592811200
23,1111,241729083446900,2200200,2631193200,2633469400
23,1127,241729119444500,2353200,2667190800,2669467000
23,1143,241729154390600,2159000,2702136900,2704413100
23,1159,241729189496700,2388600,2737243000,2739519200
23,1175,241729225477200,2313400,2773223500,2775499700
23,1191,241729260155700,2168100,2807902000,2810178200
23,1207,241729295103200,2747700,2842849500,2845125700
23,1223,241729339580400,2165000,2887326700,2889602900
23,1239,241729374869600,2232500,2922615900,2924892100
23,1255,241729409467300,2129700,2957213600,2959489800
23,1271,241729446594400,2321600,2994340700,2996616900
23,1287,241729488761900,2608300,3036508200,3038784400
23,1303,241729531942000,3007100,3079688300,3081964500
23,1319,241729577781300,2703000,3125527600,3127803800
23,1335,241729623572300,2727900,3171318600,3173594800
23,1351,241729672947300,2751900,3220693600,3222969800
23,1367,241729716137000,2743600,3263883300,3266159500
23,1383,241729761799600,3125300,3309545900,3311822100
23,1399,241729808126600,3016600,3355872900,3358149100
23,1415,241729853997500,2589400,3401743800,3404020000
23,1431,241729896840700,2833400,3444587000,3446863200
23,1447,241729941463500,2899400,3489209800,3491486000
23,1463,241729996880100,2756800,3544626400,3546902600
23,1479,241730039180200,3073400,3586926500,3589202700
23,1495,241730084727200,3059700,3632473500,3634749700
23,1511,241730129116500,2654300,3676862800,3679139000
23,1527,241730171499500,2638800,3719245800,3721522000
23,1543,241730218371400,2785300,3766117700,3768393900
23,1559,241730265183100,2606800,3812929400,3815205600
23,1575,241730308209700,2655500,3855956000,3858232200
23,1591,241730357375300,2755400,3905121600,3907397800
23,1607,241730399754000,2696100,3947500300,3949776500
23,1623,241730443211500,2832100,3990957800,3993234000
23,1639,241730488409500,2751000,4036155800,4038432000
23,1655,241730531954900,2699000,4079701200,4081977400
23,1671,241730575706500,2742700,4123452800,4125729000
23,1687,241730618409200,2699200,4166155500,4168431700
23,1703,241730667396400,2940400,4215142700,4217418900
23,1719,241730715969300,2835000,4263715600,4265991800
23,1735,241730762519600,2858900,4310265900,4312542100
23,1751,241730807580800,2872100,4355327100,4357603300
23,1767,241730855215300,2796100,4402961600,4405237800
23,1783,241730898671400,2752200,4446417700,4448693900
23,1799,241730944242800,2609600,4491989100,4494265300
23,1815,241730990690500,3107300,4538436800,4540713000
23,1831,241731041617900,2732300,4589364200,4591640400
23,1847,241731086286400,2792400,4634032700,4636308900
23,1863,241731131981500,2785400,4679727800,4682004000
23,1879,241731174799900,2646800,4722546200,4724822400
23,1895,241731217155500,2616200,4764901800,4767178000
23,1911,241731259662900,2763800,4807409200,4809685400
23,1927,241731303997100,2729600,4851743400,4854019600
23,1943,241731354791500,2661600,4902537800,4904814000
23,1959,241731397684200,2702700,4945430500,4947706700
23,1975,241731441233900,2796700,4988980200,4991256400
23,1991,241731488843300,3065200,5036589600,5038865800
23,2007,241731537171500,2732100,5084917800,5087194000
23,2023,241731580579800,2766600,5128326100,5130602300
23,2039,241731624717500,2683600,5172463800,5174740000
24,8,241726545102000,3357000,92848300,95124500
24,24,241726585762000,2390400,133508300,135784500
24,40,241726623388800,2381400,171135100,173411300
24,56,241726665174400,2214400,212920700,215196900
24,72,241726703511200,2569100,251257500,253533700
24,88,241726741715700,2367100,289462000,291738200
24,104,241726785035100,2833800,332781400,335057600
24,120,241726833796900,2441100,381543200,383819400
24,136,241726871281000,2209600,419027300,421303500
24,152,241726907598200,2341900,455344500,457620700
24,168,241726944873300,2244100,492619600,494895800
24,184,241726984455700,2260300,532202000,534478200
24,200,241727020860100,2262400,568606400,570882600
24,216,241727056659000,2186300,604405300,606681500
24,232,241727092181800,2046700,639928100,642204300
24,248,241727132053500,2064500,679799800,682076000
24,264,241727166602200,2276300,714348500,716624700
24,280,241727201968900,2151900,749715200,751991400
24,296,241727237398900,2175800,785145200,787421400
24,312,241727271487400,2109100,819233700,821509900
24,328,241727304886600,2130300,852632900,854909100
24,344,241727341599600,2278200,889345900,891622100
24,360,241727379374000,2461400,927120300,929396500
24,376,241727422471200,2316500,970217500,972493700
24,392,241727459787200,2147400,1007533500,1009809700
24,408,241727494151100,2176900,1041897400,1044173600
24,424,241727530527900,2176200,1078274200,1080550400
24,440,241727565727400,2196100,1113473700,1115749900
24,456,241727601530000,2267700,1149276300,1151552500
24,472,241727636062700,2131700,1183809000,1186085200
24,488,241727671901300,2115600,1219647600,1221923800
24,504,241727713748000,2298900,1261494300,1263770500
24,520,241727749072400,2134600,1296818700,1299094900
24,536,241727788947800,2251600,1336694100,1338970300
24,552,241727824185800,2170800,1371932100,1374208300
24,568,241727858340100,2215700,1406086400,1408362600
24,584,241727892880200,2867700,1440626500,1442902700
24,600,241727928453500,2185800,1476199800,1478476000
24,616,241727963379800,2180400,1511126100,1513402300
24,632,241728006228700,2177500,1553975000,1556251200
24,648,241728040234800,2129700,1587981100,1590257300
24,664,241728074966900,2194700,1622713200,1624989400
24,680,241728109234000,2143200,1656980300,1659256500
24,696,241728143975100,2107200,1691721400,1693997600
24,712,241728177900300,1929200,1725646600,1727922800
24,728,241728213334000,2172900,1761080300,1763356500
24,744,241728255857500,2325500,1803603800,1805880000
24,760,241728292025500,2272200,1839771800,1842048000
24,776,241728328219900,2252500,1875966200,1878242400
24,792,241728363283200,2248500,1911029500,1913305700
24,808,241728398914600,2150700,1946660900,1948937100
24,824,241728433634900,2256200,1981381200,1983657400
24,840,241728468749600,2092600,2016495900,2018772100
24,856,241728504599300,2336800,2052345600,2054621800
24,872,241728546701800,2129800,2094448100,2096724300
24,888,241728581972500,2238800,2129718800,2131995000
24,904,241728617094900,2164300,2164841200,2167117400
24,920,241728651953900,2194800,2199700200,2201976400
24,936,241728687644900,2195900,2235391200,2237667400
24,952,241728722377800,2199500,2270124100,2272400300
24,968,241728759161000,2180200,2306907300,2309183500
24,984,241728801685100,2155000,2349431400,2351707600
24,1000,241728836199200,2117600,2383945500,2386221700
24,1016,241728870530000,2159100,2418276300,2420552500
24,1032,241728905348800,2169300,2453095100,2455371300
24,1048,241728940266400,2137000,2488012700,2490288900
24,1064,241728974646800,2125000,2522393100,2524669300
24,1080,241729009629200,2378200,2557375500,2559651700
24,1096,241729046439100,2367000,2594185400,2596461600
24,1112,241729086648800,2132300,2634395100,2636671300
24,1128,241729122773500,2149300,2670519800,2672796000
24,1144,241729157509500,2172000,2705255800,2707532000
24,1160,241729192819000,2198400,2740565300,2742841500
24,1176,241729228800900,2214500,2776547200,2778823400
24,1192,241729263337100,2199800,2811083400,2813359600
24,1208,241729299241800,2232300,2846988100,2849264300
24,1224,241729342665300,2271400,2890411600,2892687800
24,1240,241729377990700,2181000,2925737000,2928013200
24,1256,241729412511000,2151900,2960257300,2962533500
24,1272,241729449803500,2338700,2997549800,2999826000
24,1288,241729492325000,2629500,3040071300,3042347500
24,1304,241729536031500,2940400,3083777800,3086054000
24,1320,241729581328000,3758000,3129074300,3131350500
24,1336,241729627296000,2716400,3175042300,3177318500
24,1352,241729676701700,2759900,3224448000,3226724200
24,1368,241729719904000,2764900,3267650300,3269926500
24,1384,241729766010200,2832300,3313756500,3316032700
24,1400,241729812217900,5788900,3359964200,3362240400
24,1416,241729857583200,2664900,3405329500,3407605700
24,1432,241729900669200,2725700,3448415500,3450691700
24,1448,241729945750500,6306300,3493496800,3495773000
24,1464,241730000754400,2564500,3548500700,3550776900
24,1480,241730043487000,3042300,3591233300,3593509500
24,1496,241730088993100,2700200,3636739400,3639015600
24,1512,241730132747700,2595900,3680494000,3682770200
24,1528,241730175143700,2684000,3722890000,3725166200
24,1544,241730222111600,2811700,3769857900,3772134100
24,1560,241730268713200,2599000,3816459500,3818735700
24,1576,241730311779200,3058400,3859525500,3861801700
24,1592,241730361120500,2718300,3908866800,3911143000
24,1608,241730403452500,2638700,3951198800,3953475000
24,1624,241730447031700,2761500,3994778000,3997054200
24,1640,241730492033800,2813300,4039780100,4042056300
24,1656,241730535589300,2603800,4083335600,4085611800
24,1672,241730579434200,2665500,4127180500,4129456700
24,1688,241730622016100,2606700,4169762400,4172038600
24,1704,241730671338300,3076400,4219084600,4221360800
24,1720,241730719851200,2848200,4267597500,4269873700
24,1736,241730766403500,2818200,4314149800,4316426000
24,1752,241730811484100,4567000,4359230400,4361506600
24,1768,241730858958600,2949900,4406704900,4408981100
24,1784,241730902375800,2864800,4450122100,4452398300
24,1800,241730947774300,2620400,4495520600,4497796800
24,1816,241730994890100,3041400,4542636400,4544912600
24,1832,241731048416500,3052000,4596162800,4598439000
24,1848,241731093147700,2826300,4640894000,4643170200
24,1864,241731138652200,2755000,4686398500,4688674700
24,1880,241731181150300,2710400,4728896600,4731172800
24,1896,241731223377400,2620800,4771123700,4773399900
24,1912,241731266329700,2840900,4814076000,4816352200
24,1928,241731310656000,3277100,4858402300,4860678500
24,1944,241731361399300,2710700,4909145600,4911421800
24,1960,241731404353100,2707000,4952099400,4954375600
24,1976,241731447970700,2746400,4995717000,4997993200
24,1992,241731496324800,3093900,5044071100,5046347300
24,2008,241731544370500,2891300,5092116800,5094393000
24,2024,241731588252100,2905400,5135998400,5138274600
24,2040,241731631939200,2970000,5179685500,5181961700
25,9,241726548426100,2954800,96172400,98448600
25,25,241726588094800,2212400,135841100,138117300
25,41,241726625643800,2516500,173390100,175666300
25,57,241726667490000,2262700,215236300,217512500
25,73,241726706178500,2323800,253924800,256201000
25,89,241726744154200,2590600,291900500,294176700
25,105,241726796636000,3378100,344382300,346658500
25,121,241726836352700,2428500,384099000,386375200
25,137,241726873401000,2190300,421147300,423423500
25,153,241726909870000,2426300,457616300,459892500
25,169,241726946997100,2219600,494743400,497019600
25,185,241726983528300,2171400,531274600,533550800
25,201,241727019806100,2304200,567552400,569828600
25,217,241727055767000,2122800,603513300,605789500
25,233,241727091232400,2055700,638978700,641254900
25,249,241727131104500,2040500,678850800,681127000
25,265,241727165459800,2315900,713206100,715482300
25,281,241727200874400,2189100,748620700,750896900
25,297,241727236448100,2101000,784194400,786470600
25,313,241727270605500,2075600,818351800,820628000
25,329,241727303974400,2157100,851720700,853996900
25,345,241727340620400,2246900,888366700,890642900
25,361,241727378937400,2376400,926683700,928959900
25,377,241727422138100,2370000,969884400,972160600
25,393,241727459513500,2141900,1007259800,1009536000
25,409,241727493885700,2174500,1041632000,1043908200
25,425,241727529912600,2192600,1077658900,1079935100
25,441,241727565057000,2203600,1112803300,1115079500
25,457,241727601146400,2280800,1148892700,1151168900
25,473,241727635688800,2124100,1183435100,1185711300
25,489,241727671596600,2109000,1219342900,1221619100
25,505,241727713421500,2301800,1261167800,1263444000
25,521,241727748757500,2172200,1296503800,1298780000
25,537,241727788503900,2283300,1336250200,1338526400
25,553,241727823835500,2167200,1371581800,1373858000
25,569,241727857964100,2209500,1405710400,1407986600
25,585,241727892317300,2901300,1440063600,1442339800
25,601,241727927947600,2178100,1475693900,1477970100
25,617,241727962870600,2184400,1510616900,1512893100
25,633,241728005768400,2155400,1553514700,1555790900
25,649,241728039721800,2161900,1587468100,1589744300
25,665,241728074435200,2177700,1622181500,1624457700
25,681,241728108614500,2124500,1656360800,1658637000
25,697,241728143338000,2103000,1691084300,1693360500
25,713,241728177268200,2011900,1725014500,1727290700
25,729,241728214633700,2209800,1762380000,1764656200
25,745,241728257448700,2276100,1805195000,1807471200
25,761,241728293586900,2502000,1841333200,1843609400
25,777,241728329840100,2238600,1877586400,1879862600
25,793,241728364842800,2344800,1912589100,1914865300
25,809,241728400400600,2118900,1948146900,1950423100
25,825,241728435137800,2296300,1982884100,1985160300
25,841,241728470130200,2118400,2017876500,2020152700
25,857,241728506219400,2179000,2053965700,2056241900
25,873,241728548143700,2106400,2095890000,2098166200
25,889,241728583514600,2267300,2131260900,2133537100
25,905,241728618590800,2166700,2166337100,2168613300
25,921,241728653435600,2151000,2201181900,2203458100
25,937,241728689022600,2176900,2236768900,2239045100
25,953,241728723899800,2152700,2271646100,2273922300
25,969,241728760540200,2232300,2308286500,2310562700
25,985,241728803029300,2181700,2350775600,2353051800
25,1001,241728837489500,2158900,2385235800,2387512000
25,1017,241728871867600,2156000,2419613900,2421890100
25,1033,241728906603700,2230800,2454350000,2456626200
25,1049,241728941473900,2143000,2489220200,2491496400
25,1065,241728975850000,2103900,2523596300,2525872500
25,1081,241729011032700,2571300,2558779000,2561055200
25,1097,241729047924900,2275700,2595671200,2597947400
25,1113,241729087921900,2206000,2635668200,2637944400
25,1129,241729123908200,2171800,2671654500,2673930700
25,1145,241729158679200,2193000,2706425500,2708701700
25,1161,241729194302000,2153000,2742048300,2744324500
25,1177,241729230300000,2175200,2778046300,2780322500
25,1193,241729264843600,2209400,2812589900,2814866100
25,1209,241729300786700,2280100,2848533000,2850809200
25,1225,241729344265600,2340300,2892011900,2894288100
25,1241,241729379633500,2165100,2927379800,2929656000
25,1257,241729414155300,2110700,2961901600,2964177800
25,1273,241729451608200,2230800,2999354500,3001630700
25,1289,241729494386200,2625600,3042132500,3044408700
25,1305,241729538373700,2941500,3086120000,3088396200
25,1321,241729584422100,2882500,3132168400,3134444600
25,1337,241729629437900,2708900,3177184200,3179460400
25,1353,241729678859400,2676200,3226605700,3228881900
25,1369,241729722088800,2725800,3269835100,3272111300
25,1385,241729768253300,2871500,3315999600,3318275800
25,1401,241729817034300,3013600,3364780600,3367056800
25,1417,241729859701400,2614700,3407447700,3409723900
25,1433,241729902816500,2891300,3450562800,3452839000
25,1449,241729950819100,4838600,3498565400,3500841600
25,1465,241730002757600,2664400,3550503900,3552780100
25,1481,241730045876300,3045700,3593622600,3595898800
25,1497,241730091027600,2704900,3638773900,3641050100
25,1513,241730134740000,2612600,3682486300,3684762500
25,1529,241730177205700,2745300,3724952000,3727228200
25,1545,241730224356000,2764800,3772102300,3774378500
25,1561,241730270730800,2601800,3818477100,3820753300
25,1577,241730314172300,2839600,3861918600,3864194800
25,1593,241730363198600,2767500,3910944900,3913221100
25,1609,241730405473600,2640200,3953219900,3955496100
25,1625,241730449258300,2788200,3997004600,3999280800
25,1641,241730494326600,2833700,4042072900,4044349100
25,1657,241730537719300,2771900,4085465600,4087741800
25,1673,241730581575300,2657300,4129321600,4131597800
25,1689,241730624093700,2607400,4171840000,4174116200
25,1705,241730673896300,3098900,4221642600,4223918800
25,1721,241730722263300,2813800,4270009600,4272285800
25,1737,241730768798200,2791000,4316544500,4318820700
25,1753,241730814820300,5349100,4362566600,4364842800
25,1769,241730861468000,2736800,4409214300,4411490500
25,1785,241730904809800,2733300,4452556100,4454832300
25,1801,241730949974500,2937200,4497720800,4499997000
25,1817,241730997480000,7589500,4545226300,4547502500
25,1833,241731050017200,2864300,4597763500,4600039700
25,1849,241731094587400,2803100,4642333700,4644609900
25,1865,241731140080900,2767000,4687827200,4690103400
25,1881,241731182499800,2781500,4730246100,4732522300
25,1897,241731224741000,2598000,4772487300,4774763500
25,1913,241731267740800,2898400,4815487100,4817763300
25,1929,241731312185900,3384500,4859932200,4862208400
25,1945,241731362847200,2705200,4910593500,4912869700
25,1961,241731405759900,2698600,4953506200,4955782400
25,1977,241731449340400,2746100,4997086700,4999362900
25,1993,241731497956200,3073500,5045702500,5047978700
25,2009,241731545372700,2842600,5093119000,5095395200
25,2025,241731589377100,2735500,5137123400,5139399600
25,2041,241731632930500,2952900,5180676800,5182953000
26,10,241726551593200,2985000,99339500,101615700
26,26,241726590399400,2315000,138145700,140421900
26,42,241726628401300,3536300,176147600,178423800
26,58,241726669904700,2230000,217651000,219927200
26,74,241726708833900,2447300,256580200,258856400
26,90,241726747114200,2573800,294860500,297136700
26,106,241726800240200,2412600,347986500,350262700
26,122,241726839094300,2538000,386840600,389116800
26,138,241726876007900,2274100,423754200,426030400
26,154,241726912766900,2284600,460513200,462789400
26,170,241726949689600,2218300,497435900,499712100
26,186,241726988826000,2357900,536572300,538848500
26,202,241727025234000,2197400,572980300,575256500
26,218,241727061099400,2343000,608845700,611121900
26,234,241727096404800,8306800,644151100,646427300
26,250,241727136248900,2060500,683995200,686271400
26,266,241727171149500,2176400,718895800,721172000
26,282,241727206320200,2248000,754066500,756342700
26,298,241727241730300,2322400,789476600,791752800
26,314,241727275778800,2131000,823525100,825801300
26,330,241727309324000,2194200,857070300,859346500
26,346,241727346197700,2216300,893944000,896220200
26,362,241727385480800,2347200,933227100,935503300
26,378,241727428435200,2314600,976181500,978457700
26,394,241727465472500,2165100,1013218800,1015495000
26,410,241727500058300,2350700,1047804600,1050080800
26,426,241727535988000,2175300,1083734300,1086010500
26,442,241727571124600,2328500,1118870900,1121147100
26,458,241727607241700,2189100,1154988000,1157264200
26,474,241727641485800,2184900,1189232100,1191508300
26,490,241727677326600,2123400,1225072900,1227349100
26,506,241727719510800,2157300,1267257100,1269533300
26,522,241727754617300,2246300,1302363600,1304639800
26,538,241727794527800,2230600,1342274100,1344550300
26,554,241727829543400,2174100,1377289700,1379565900
26,570,241727863712200,2147800,1411458500,1413734700
26,586,241727898993200,2226800,1446739500,1449015700
26,602,241727933831800,2177600,1481578100,1483854300
26,618,241727975866500,2683700,1523612800,1525889000
26,634,241728011365700,2073000,1559112000,1561388200
26,650,241728045108800,2114100,1592855100,1595131300
26,666,241728080086700,2133500,1627833000,1630109200
26,682,241728114145000,2102000,1661891300,1664167500
26,698,241728148693600,2093100,1696439900,1698716100
26,714,241728182607300,2361300,1730353600,1732629800
26,730,241728218874900,2194000,1766621200,1768897400
26,746,241728261568100,2190000,1809314400,1811590600
26,762,241728297868200,2147900,1845614500,1847890700
26,778,241728333753100,2135600,1881499400,1883775600
26,794,241728369015800,2230400,1916762100,1919038300
26,810,241728404231100,2135700,1951977400,1954253600
26,826,241728439200000,2225500,1986946300,1989222500
26,842,241728474118300,2407900,2021864600,2024140800
26,858,241728510230600,2160100,2057976900,2060253100
26,874,241728552263100,2241900,2100009400,2102285600
26,890,241728587514000,2112900,2135260300,2137536500
26,906,241728622180000,2141600,2169926300,2172202500
26,922,241728657051000,2153700,2204797300,2207073500
26,938,241728692734100,2141000,2240480400,2242756600
26,954,241728727841400,2350500,2275587700,2277863900
26,970,241728764332200,2151500,2312078500,2314354700
26,986,241728806793000,2157900,2354539300,2356815500
26,1002,241728841175100,2103000,2388921400,2391197600
26,1018,241728875512500,2135500,2423258800,2425535000
26,1034,241728910363900,2149100,2458110200,2460386400
26,1050,241728945206800,2162500,2492953100,2495229300
26,1066,241728979579400,2152300,2527325700,2529601900
26,1082,241729015488200,2507900,2563234500,2565510700
26,1098,241729052011000,2154500,2599757300,2602033500
26,1114,241729091906100,2165700,2639652400,2641928600
26,1130,241729127824200,2173300,2675570500,2677846700
26,1146,241729162580600,2141400,2710326900,2712603100
26,1162,241729198026200,2158500,2745772500,2748048700
26,1178,241729234069100,2121100,2781815400,2784091600
26,1194,241729268743700,2185900,2816490000,2818766200
26,1210,241729304754200,2271300,2852500500,2854776700
26,1226,241729348309300,2252600,2896055600,2898331800
26,1242,241729383328900,2132700,2931075200,2933351400
26,1258,241729417797700,2157300,2965544000,2967820200
26,1274,241729456266200,2853800,3004012500,3006288700
26,1290,241729499109000,2498400,3046855300,3049131500
26,1306,241729543610900,2968100,3091357200,3093633400
26,1322,241729589538300,2722300,3137284600,3139560800
26,1338,241729634236000,7473400,3181982300,3184258500
26,1354,241729683684300,2794900,3231430600,3233706800
26,1370,241729726950600,2754300,3274696900,3276973100
26,1386,241729773346200,2924900,3321092500,3323368700
26,1402,241729822087600,2648200,3369833900,3372110100
26,1418,241729864414500,2892200,3412160800,3414437000
26,1434,241729907925300,2612400,3455671600,3457947800
26,1450,241729957757500,2840000,3505503800,3507780000
26,1466,241730007488100,2729500,3555234400,3557510600
26,1482,241730051278500,2933100,3599024800,3601301000
26,1498,241730095793700,2640700,3643540000,3645816200
26,1514,241730139335500,2598100,3687081800,3689358000
26,1530,241730181962900,2659800,3729709200,3731985400
26,1546,241730229288700,2792800,3777035000,3779311200
26,1562,241730275668800,2999800,3823415100,3825691300
26,1578,241730324247100,3017600,3871993400,3874269600
26,1594,241730368170400,2678300,3915916700,3918192900
26,1610,241730410129400,2616100,3957875700,3960151900
26,1626,241730454200000,2791300,4001946300,4004222500
26,1642,241730499260400,2736500,4047006700,4049282900
26,1658,241730542514200,2594500,4090260500,4092536700
26,1674,241730586206100,2668500,4133952400,4136228600
26,1690,241730628710900,2574900,4176457200,4178733400
26,1706,241730679280800,2925500,4227027100,4229303300
26,1722,241730727147900,2830100,4274894200,4277170400
26,1738,241730773688800,2763600,4321435100,4323711300
26,1754,241730822308200,2731400,4370054500,4372330700
26,1770,241730866223100,2689900,4413969400,4416245600
26,1786,241730909645900,2708100,4457392200,4459668400
26,1802,241730955089800,3120600,4502836100,4505112300
26,1818,241731007576700,2798800,4555323000,4557599200
26,1834,241731055841400,2713600,4603587700,4605863900
26,1850,241731100435800,2730800,4648182100,4650458300
26,1866,241731145947200,2728700,4693693500,4695969700
26,1882,241731188373700,2852500,4736120000,4738396200
26,1898,241731230266000,2576100,4778012300,4780288500
26,1914,241731273810300,2743600,4821556600,4823832800
26,1930,241731318858500,2685700,4866604800,4868881000
26,1946,241731368485000,2725000,4916231300,4918507500
26,1962,241731411603300,2763000,4959349600,4961625800
26,1978,241731455227000,2734200,5002973300,5005249500
26,1994,241731504524300,3324600,5052270600,5054546800
26,2010,241731551219500,2661000,5098965800,5101242000
26,2026,241731595170600,2763600,5142916900,5145193100
26,2042,241731639046800,2746700,5186793100,5189069300
27,11,241726554514400,2412100,102260700,104536900
27,27,241726592754300,2482000,140500600,142776800
27,43,241726631740500,3646200,179486800,181763000
27,59,241726672034900,2566600,219781200,222057400
27,75,241726711105900,2485600,258852200,261128400
27,91,241726749500400,2553700,297246700,299522900
27,107,241726802511700,2458300,350258000,352534200
27,123,241726841440300,2509000,389186600,391462800
27,139,241726878219400,2455500,425965700,428241900
27,155,241726915020200,2483600,462766500,465042700
27,171,241726951809100,2281100,499555400,501831600
27,187,241726991128700,2591000,538875000,541151200
27,203,241727027794300,2204200,575540600,577816800
27,219,241727063348800,2271100,611095100,613371300
27,235,241727104535400,2181900,652281700,654557900
27,251,241727138149900,2173300,685896200,688172400
27,267,241727173096900,2174900,720843200,723119400
27,283,241727208323300,2212300,756069600,758345800
27,299,241727243768500,2325200,791514800,793791000
27,315,241727277681300,2141600,825427600,827703800
27,331,241727311253300,2529000,858999600,861275800
27,347,241727347874800,2202800,895621100,897897300
27,363,241727384616500,2328700,932362800,934639000
27,379,241727427598400,2334500,975344700,977620900
27,395,241727464612000,2153600,1012358300,1014634500
27,411,241727499071200,2257500,1046817500,1049093700
27,427,241727534951100,2152100,1082697400,1084973600
27,443,241727569774400,2186800,1117520700,1119796900
27,459,241727605829700,2193300,1153576000,1155852200
27,475,241727640105700,2127700,1187852000,1190128200
27,491,241727676071200,2176000,1223817500,1226093700
27,507,241727718341100,2195100,1266087400,1268363600
27,523,241727753454400,2183900,1301200700,1303476900
27,539,241727793078600,2202500,1340824900,1343101100
27,555,241727828123600,2188800,1375869900,1378146100
27,571,241727862320800,2129700,1410067100,1412343300
27,587,241727897469700,2179700,1445216000,1447492200
27,603,241727932276000,2165400,1480022300,1482298500
27,619,241727967231500,9493200,1514977800,1517254000
27,635,241728010009900,2062100,1557756200,1560032400
27,651,241728043938200,2119700,1591684500,1593960700
27,667,241728078863000,2277400,1626609300,1628885500
27,683,241728113081300,2079600,1660827600,1663103800
27,699,241728147699800,2099900,1695446100,1697722300
27,715,241728181641300,2393800,1729387600,1731663800
27,731,241728218032200,2183100,1765778500,1768054700
27,747,241728260812500,2157900,1808558800,1810835000
27,763,241728297036300,2148700,1844782600,1847058800
27,779,241728333002300,2132900,1880748600,1883024800
27,795,241728367984900,2320900,1915731200,1918007400
27,811,241728403317900,2134800,1951064200,1953340400
27,827,241728438254300,2163300,1986000600,1988276800
27,843,241728473068000,2363700,2020814300,2023090500
27,859,241728509181100,2212700,2056927400,2059203600
27,875,241728551103300,2289800,2098849600,2101125800
27,891,241728586490000,2109100,2134236300,2136512500
27,907,241728621508200,2119000,2169254500,2171530700
27,923,241728656372200,2153000,2204118500,2206394700
27,939,241728691961600,2127500,2239707900,2241984100
27,955,241728726922800,2395400,2274669100,2276945300
27,971,241728763566300,2132400,2311312600,2313588800
27,987,241728806044300,2157700,2353790600,2356066800
27,1003,241728840461500,2122500,2388207800,2390484000
27,1019,241728874814700,2138300,2422561000,2424837200
27,1035,241728909538100,2187500,2457284400,2459560600
27,1051,241728944376400,2150200,2492122700,2494398900
27,1067,241728978745100,2153100,2526491400,2528767600
27,1083,241729014442200,2556400,2562188500,2564464700
27,1099,241729051008000,2178500,2598754300,2601030500
27,1115,241729090926100,2159900,2638672400,2640948600
27,1131,241729126825600,2153600,2674571900,2676848100
27,1147,241729161584100,2139000,2709330400,2711606600
27,1163,241729196903400,2175700,2744649700,2746925900
27,1179,241729232917500,2138100,2780663800,2782940000
27,1195,241729267466500,2241700,2815212800,2817489000
27,1211,241729303682000,2190000,2851428300,2853704500
27,1227,241729347094900,2369700,2894841200,2897117400
27,1243,241729382296100,2141900,2930042400,2932318600
27,1259,241729416753800,2164300,2964500100,2966776300
27,1275,241729454429600,2999000,3002175900,3004452100
27,1291,241729497495500,2699400,3045241800,3047518000
27,1307,241729541843600,2953700,3089589900,3091866100
27,1323,241729587817300,2819300,3135563600,3137839800
27,1339,241729632628200,2682600,3180374500,3182650700
27,1355,241729681985700,2795400,3229732000,3232008200
27,1371,241729725280000,2729100,3273026300,3275302500
27,1387,241729771616400,2835500,3319362700,3321638900
27,1403,241729820506000,2609600,3368252300,3370528500
27,1419,241729862812900,2741100,3410559200,3412835400
27,1435,241729906172500,2714500,3453918800,3456195000
27,1451,241729956073300,2874300,3503819600,3506095800
27,1467,241730005826400,2803600,3553572700,3555848900
27,1483,241730049352300,3027900,3597098600,3599374800
27,1499,241730094182000,2693300,3641928300,3644204500
27,1515,241730137810600,2573400,3685556900,3687833100
27,1531,241730180457600,2654800,3728203900,3730480100
27,1547,241730227707200,2748000,3775453500,3777729700
27,1563,241730274007600,3009800,3821753900,3824030100
27,1579,241730317622200,7882400,3865368500,3867644700
27,1595,241730366567100,2684600,3914313400,3916589600
27,1611,241730408627900,2575300,3956374200,3958650400
27,1627,241730452675700,2793200,4000422000,4002698200
27,1643,241730497743000,2766700,4045489300,4047765500
27,1659,241730541144100,2571500,4088890400,4091166600
27,1675,241730584845200,2555000,4132591500,4134867700
27,1691,241730627291200,2564400,4175037500,4177313700
27,1707,241730677569200,3077900,4225315500,4227591700
27,1723,241730725543700,2815300,4273290000,4275566200
27,1739,241730772065800,2812200,4319812100,4322088300
27,1755,241730820632700,2761000,4368379000,4370655200
27,1771,241730864659500,2673000,4412405800,4414682000
27,1787,241730908087100,2746900,4455833400,4458109600
27,1803,241730953436000,2965100,4501182300,4503458500
27,1819,241731005596300,3050300,4553342600,4555618800
27,1835,241731053785700,2671100,4601532000,4603808200
27,1851,241731098323800,2760300,4646070100,4648346300
27,1867,241731143770000,2725900,4691516300,4693792500
27,1883,241731186205600,2700700,4733951900,4736228100
27,1899,241731228216100,2568000,4775962400,4778238600
27,1915,241731271566800,2805800,4819313100,4821589300
27,1931,241731316587000,2816300,4864333300,4866609500
27,1947,241731366375900,2722000,4914122200,4916398400
27,1963,241731409328400,2889300,4957074700,4959350900
27,1979,241731453061700,2721500,5000808000,5003084200
27,1995,241731502004600,3300700,5049750900,5052027100
27,2011,241731549030900,2643600,5096777200,5099053400
27,2027,241731593020600,2725400,5140766900,5143043100
27,2043,241731636882000,2723900,5184628300,5186904500
28,12,241726557036600,2577900,104782900,107059100
28,28,241726595314800,2471200,143061100,145337300
28,44,241726635494200,3902600,183240500,185516700
28,60,241726674636700,2457700,222383000,224659200
28,76,241726713500000,2361800,261246300,263522500
28,92,241726751985900,2504500,299732200,302008400
28,108,241726804847700,2325400,352594000,354870200
28,124,241726843889500,2383000,391635800,393912000
28,140,241726880321000,2263600,428067300,430343500
28,156,241726917173600,2508400,464919900,467196100
28,172,241726953866500,2310000,501612800,503889000
28,188,241726993245300,2332200,540991600,543267800
28,204,241727029070900,2159800,576817200,579093400
28,220,241727064620200,2192300,612366500,614642700
28,236,241727105931300,2091500,653677600,655953800
28,252,241727139422900,2203400,687169200,689445400
28,268,241727174560600,2138800,722306900,724583100
28,284,241727209791600,2263100,757537900,759814100
28,300,241727245375300,2147000,793121600,795397800
28,316,241727279075200,2152700,826821500,829097700
28,332,241727312995000,2271100,860741300,863017500
28,348,241727349477400,2206000,897223700,899499900
28,364,241727387021300,2362900,934767600,937043800
28,380,241727430097400,2765800,977843700,980119900
28,396,241727466948200,2197600,1014694500,1016970700
28,412,241727501634300,2168800,1049380600,1051656800
28,428,241727537376400,2170400,1085122700,1087398900
28,444,241727572559600,2264100,1120305900,1122582100
28,460,241727608503200,2160700,1156249500,1158525700
28,476,241727642771600,2171500,1190517900,1192794100
28,492,241727678564100,2386500,1226310400,1228586600
28,508,241727720842500,2177500,1268588800,1270865000
28,524,241727755988000,2292200,1303734300,1306010500
28,540,241727796949900,2256600,1344696200,1346972400
28,556,241727831835200,2119300,1379581500,1381857700
28,572,241727865969200,2146500,1413715500,1415991700
28,588,241727901335800,2192500,1449082100,1451358300
28,604,241727936191200,2197300,1483937500,1486213700
28,620,241727978763500,2275200,1526509800,1528786000
28,636,241728013659500,2047200,1561405800,1563682000
28,652,241728047729200,2157500,1595475500,1597751700
28,668,241728082842900,2138200,1630589200,1632865400
28,684,241728116866500,2162700,1664612800,1666889000
28,700,241728151501900,2145200,1699248200,1701524400
28,716,241728186236700,2325000,1733983000,1736259200
28,732,241728222313800,2258400,1770060100,1772336300
28,748,241728265005000,2279600,1812751300,1815027500
28,764,241728301317000,2164600,1849063300,1851339500
28,780,241728337290000,2166600,1885036300,1887312500
28,796,241728372534100,2228000,1920280400,1922556600
28,812,241728407666900,2132700,1955413200,1957689400
28,828,241728442723800,2353800,1990470100,1992746300
28,844,241728477955300,2319100,2025701600,2027977800
28,860,241728513620200,9459200,2061366500,2063642700
28,876,241728555704700,2212000,2103451000,2105727200
28,892,241728590827200,2198600,2138573500,2140849700
28,908,241728625847000,2141000,2173593300,2175869500
28,924,241728660770300,2234100,2208516600,2210792800
28,940,241728696547800,2190900,2244294100,2246570300
28,956,241728731974700,2310300,2279721000,2281997200
28,972,241728768147800,2186100,2315894100,2318170300
28,988,241728810634700,2183700,2358381000,2360657200
28,1004,241728844945200,2184200,2392691500,2394967700
28,1020,241728879332200,2172000,2427078500,2429354700
28,1036,241728914210200,2242100,2461956500,2464232700
28,1052,241728949020200,2144300,2496766500,2499042700
28,1068,241728983419800,2191500,2531166100,2533442300
28,1084,241729019662000,2338500,2567408300,2569684500
28,1100,241729060821400,2283700,2608567700,2610843900
28,1116,241729095750800,2227400,2643497100,2645773300
28,1132,241729131756900,2143800,2679503200,2681779400
28,1148,241729166616400,2335900,2714362700,2716638900
28,1164,241729202137400,2356300,2749883700,2752159900
28,1180,241729237966200,2159000,2785712500,2787988700
28,1196,241729272657900,2289100,2820404200,2822680400
28,1212,241729308859600,2337800,2856605900,2858882100
28,1228,241729352424100,2195000,2900170400,2902446600
28,1244,241729387298400,2164800,2935044700,2937320900
28,1260,241729421731400,2387100,2969477700,2971753900
28,1276,241729461214400,2586300,3008960700,3011236900
28,1292,241729503671200,2700700,3051417500,3053693700
28,1308,241729548725800,2725500,3096472100,3098748300
28,1324,241729594301800,3341400,3142048100,3144324300
28,1340,241729644034900,3101300,3191781200,3194057400
28,1356,241729688457800,2641100,3236204100,3238480300
28,1372,241729731703200,2916100,3279449500,3281725700
28,1388,241729778345300,2866000,3326091600,3328367800
28,1404,241729826919800,2610500,3374666100,3376942300
28,1420,241729869351900,2673100,3417098200,3419374400
28,1436,241729913129700,2906500,3460876000,3463152200
28,1452,241729962855300,2951900,3510601600,3512877800
28,1468,241730012301300,2561500,3560047600,3562323800
28,1484,241730056289300,2604300,3604035600,3606311800
28,1500,241730100721000,2881200,3648467300,3650743500
28,1516,241730144092600,2680400,3691838900,3694115100
28,1532,241730186857700,2690000,3734604000,3736880200
28,1548,241730234467600,2667400,3782213900,3784490100
28,1564,241730281207000,2634400,3828953300,3831229500
28,1580,241730329618800,2718600,3877365100,3879641300
28,1596,241730373014400,2657500,3920760700,3923036900
28,1612,241730414982700,2738700,3962729000,3965005200
28,1628,241730459336300,2798200,4007082600,4009358800
28,1644,241730504501800,2715200,4052248100,4054524300
28,1660,241730547602700,2697200,4095349000,4097625200
28,1676,241730591380100,2671200,4139126400,4141402600
28,1692,241730633748800,2444500,4181495100,4183771300
28,1708,241730685076900,2987300,4232823200,4235099400
28,1724,241730732757000,2907600,4280503300,4282779500
28,1740,241730779153300,2813900,4326899600,4329175800
28,1756,241730827719500,2778500,4375465800,4377742000
28,1772,241730871468500,2707400,4419214800,4421491000
28,1788,241730914921400,2737900,4462667700,4464943900
28,1804,241730961140900,3084200,4508887200,4511163400
28,1820,241731013066400,2891200,4560812700,4563088900
28,1836,241731057393100,2768800,4605139400,4607415600
28,1852,241731101979300,2751200,4649725600,4652001800
28,1868,241731147404600,2777100,4695150900,4697427100
28,1884,241731189797800,2959600,4737544100,4739820300
28,1900,241731231776200,2591500,4779522500,4781798700
28,1916,241731275445400,2747000,4823191700,4825467900
28,1932,241731320457500,2670700,4868203800,4870480000
28,1948,241731370130000,2717100,4917876300,4920152500
28,1964,241731413209100,2752500,4960955400,4963231600
28,1980,241731456831400,2661400,5004577700,5006853900
28,1996,241731506593900,3208200,5054340200,5056616400
28,2012,241731552877300,2605900,5100623600,5102899800
28,2028,241731596813800,2714500,5144560100,5146836300
28,2044,241731640673300,2733500,5188419600,5190695800
29,13,241726559651600,2455900,107397900,109674100
29,29,241726597821500,2533500,145567800,147844000
29,45,241726639343900,3093700,187090200,189366400
29,61,241726677183700,2660800,224930000,227206200
29,77,241726716122300,2329400,263868600,266144800
29,93,241726754684200,2716400,302430500,304706700
29,109,241726807482900,2411200,355229200,357505400
29,125,241726846635700,2564600,394382000,396658200
29,141,241726882979700,2138700,430726000,433002200
29,157,241726920098000,2529500,467844300,470120500
29,173,241726956514500,3628900,504260800,506537000
29,189,241726994763800,2215800,542510100,544786300
29,205,241727030533500,2088100,578279800,580556000
29,221,241727066256100,2184600,614002400,616278600
29,237,241727107478700,2098300,655225000,657501200
29,253,241727141110100,2106600,688856400,691132600
29,269,241727176174600,2247000,723920900,726197100
29,285,241727211513000,2256200,759259300,761535500
29,301,241727246954500,2146100,794700800,796977000
29,317,241727280641800,2101700,828388100,830664300
29,333,241727314655400,2076900,862401700,864677900
29,349,241727351050100,2266500,898796400,901072600
29,365,241727390497800,8429000,938244100,940520300
29,381,241727433937300,2403700,981683600,983959800
29,397,241727469957600,2097800,1017703900,1019980100
29,413,241727504626800,2206700,1052373100,1054649300
29,429,241727540300600,2143600,1088046900,1090323100
29,445,241727575782300,2359600,1123528600,1125804800
29,461,241727611459100,2142900,1159205400,1161481600
29,477,241727645714100,2145800,1193460400,1195736600
29,493,241727681673300,8780200,1229419600,1231695800
29,509,241727723748000,2200100,1271494300,1273770500
29,525,241727759007800,2221900,1306754100,1309030300
29,541,241727797152600,2232700,1344898900,1347175100
29,557,241727832070800,2117100,1379817100,1382093300
29,573,241727866150500,2141900,1413896800,1416173000
29,589,241727901581100,2181000,1449327400,1451603600
29,605,241727936335600,2204200,1484081900,1486358100
29,621,241727979136500,2238000,1526882800,1529159000
29,637,241728013959300,2053900,1561705600,1563981800
29,653,241728047935700,2167200,1595682000,1597958200
29,669,241728082983100,2149600,1630729400,1633005600
29,685,241728117042300,2161400,1664788600,1667064800
29,701,241728151673300,2157700,1699419600,1701695800
29,717,241728186598600,2383400,1734344900,1736621100
29,733,241728222620200,2346600,1770366500,1772642700
29,749,241728265491000,2292200,1813237300,1815513500
29,765,241728301806900,2140400,1849553200,1851829400
29,781,241728337804700,2197400,1885551000,1887827200
29,797,241728373058900,2272400,1920805200,1923081400
29,813,241728408222400,2141700,1955968700,1958244900
29,829,241728443322200,2278400,1991068500,1993344700
29,845,241728478529100,2324100,2026275400,2028551600
29,861,241728514105900,9527300,2061852200,2064128400
29,877,241728556264900,2203200,2104011200,2106287400
29,893,241728591333100,2245000,2139079400,2141355600
29,909,241728626515900,2164000,2174262200,2176538400
29,925,241728661456600,2334100,2209202900,2211479100
29,941,241728697309400,2162200,2245055700,2247331900
29,957,241728732555800,2420800,2280302100,2282578300
29,973,241728768700400,2188600,2316446700,2318722900
29,989,241728811338300,2151700,2359084600,2361360800
29,1005,241728845688500,2165100,2393434800,2395711000
29,1021,241728880052100,2150200,2427798400,2430074600
29,1037,241728914898200,2243300,2462644500,2464920700
29,1053,241728949771600,2142700,2497517900,2499794100
29,1069,241728984190000,2186700,2531936300,2534212500
29,1085,241729020532100,2351200,2568278400,2570554600
29,1101,241729061478800,2247500,2609225100,2611501300
29,1117,241729096361400,2225000,2644107700,2646383900
29,1133,241729132250700,2155000,2679997000,2682273200
29,1149,241729166972300,2341700,2714718600,2716994800
29,1165,241729202476300,2348300,2750222600,2752498800
29,1181,241729238285700,2149100,2786032000,2788308200
29,1197,241729273153700,2231200,2820900000,2823176200
29,1213,241729309255900,2239500,2857002200,2859278400
29,1229,241729352590900,2211600,2900337200,2902613400
29,1245,241729387462400,2187800,2935208700,2937484900
29,1261,241729421939800,2327600,2969686100,2971962300
29,1277,241729461604800,2591900,3009351100,3011627300
29,1293,241729504143300,2713600,3051889600,3054165800
29,1309,241729549307900,2755900,3097054200,3099330400
29,1325,241729594830600,3499700,3142576900,3144853100
29,1341,241729644657400,2986500,3192403700,3194679900
29,1357,241729688964100,2623900,3236710400,3238986600
29,1373,241729732269000,2877300,3280015300,3282291500
29,1389,241729778859100,2871200,3326605400,3328881600
29,1405,241729827286200,2604600,3375032500,3377308700
29,1421,241729869717100,2658400,3417463400,3419739600
29,1437,241729913545000,2797900,3461291300,3463567500
29,1453,241729963352000,2999700,3511098300,3513374500
29,1469,241730012762100,2573400,3560508400,3562784600
29,1485,241730056760200,2600800,3604506500,3606782700
29,1501,241730101180700,2829400,3648927000,3651203200
29,1517,241730144496400,2678000,3692242700,3694518900
29,1533,241730187234900,2698300,3734981200,3737257400
29,1549,241730234770600,2652400,3782516900,3784793100
29,1565,241730281463800,2644300,3829210100,3831486300
29,1581,241730329880200,2662400,3877626500,3879902700
29,1597,241730373230900,2656600,3920977200,3923253400
29,1613,241730415209300,2741000,3962955600,3965231800
29,1629,241730459598900,2809900,4007345200,4009621400
29,1645,241730504141000,2692300,4051887300,4054163500
29,1661,241730547257300,2657600,4095003600,4097279800
29,1677,241730591019500,2648700,4138765800,4141042000
29,1693,241730633394300,2517900,4181140600,4183416800
29,1709,241730684687900,2950600,4232434200,4234710400
29,1725,241730732281000,2879600,4280027300,4282303500
29,1741,241730778688200,2808500,4326434500,4328710700
29,1757,241730827174100,2792800,4374920400,4377196600
29,1773,241730870840800,2703700,4418587100,4420863300
29,1789,241730914284700,2734700,4462031000,4464307200
29,1805,241730960502600,3084100,4508248900,4510525100
29,1821,241731012309700,2917200,4560056000,4562332200
29,1837,241731059368500,2760500,4607114800,4609391000
29,1853,241731103992500,2819500,4651738800,4654015000
29,1869,241731149429200,2718500,4697175500,4699451700
29,1885,241731191942600,2593600,4739688900,4741965100
29,1901,241731233553500,2589300,4781299800,4783576000
29,1917,241731277398400,2750700,4825144700,4827420900
29,1933,241731322311800,2720800,4870058100,4872334300
29,1949,241731372033100,2677800,4919779400,4922055600
29,1965,241731415111500,2800000,4962857800,4965134000
29,1981,241731458768100,2906800,5006514400,5008790600
29,1997,241731508701100,3163600,5056447400,5058723600
29,2013,241731554531900,2585700,5102278200,5104554400
29,2029,241731598605900,2711800,5146352200,5148628400
29,2045,241731642471700,2734600,5190218000,5192494200
30,14,241726562145100,2491100,109891400,112167600
30,30,241726600436500,2440900,148182800,150459000
30,46,241726642703400,2400500,190449700,192725900
30,62,241726679764900,2395700,227511200,229787400
30,78,241726718735700,2302200,266482000,268758200
30,94,241726757791700,2720600,305538000,307814200
30,110,241726810136900,2465000,357883200,360159400
30,126,241726849234200,2358500,396980500,399256700
30,142,241726885154000,2256900,432900300,435176500
30,158,241726922696300,2410300,470442600,472718800
30,174,241726961195100,2397000,508941400,511217600
30,190,241726997989400,2272400,545735700,548011900
30,206,241727033620000,2043200,581366300,583642500
30,222,241727069268500,2192700,617014800,619291000
30,238,241727110359300,2038800,658105600,660381800
30,254,241727144073200,2397900,691819500,694095700
30,270,241727179307600,2218800,727053900,729330100
30,286,241727214625000,2219900,762371300,764647500
30,302,241727249974700,2147500,797721000,799997200
30,318,241727283599800,2055000,831346100,833622300
30,334,241727317677800,2118000,865424100,867700300
30,350,241727354509300,2371000,902255600,904531800
30,366,241727391766800,8471200,939513100,941789300
30,382,241727435373000,2226300,983119300,985395500
30,398,241727471177100,2093000,1018923400,1021199600
30,414,241727505787500,2246100,1053533800,1055810000
30,430,241727541482400,2179100,1089228700,1091504900
30,446,241727576827600,2229100,1124573900,1126850100
30,462,241727612603400,2117800,1160349700,1162625900
30,478,241727646874000,2131100,1194620300,1196896500
30,494,241727683016700,8718900,1230763000,1233039200
30,510,241727725015300,2173800,1272761600,1275037800
30,526,241727760307600,2174400,1308053900,1310330100
30,542,241727800257400,2193400,1348003700,1350279900
30,558,241727835050200,2096100,1382796500,1385072700
30,574,241727869225800,2129600,1416972100,1419248300
30,590,241727904778700,2129000,1452525000,1454801200
30,606,241727939531400,2152600,1487277700,1489553900
30,622,241727982601800,2344600,1530348100,1532624300
30,638,241728017009400,2054600,1564755700,1567031900
30,654,241728051165100,2246300,1598911400,1601187600
30,670,241728086216800,2095500,1633963100,1636239300
30,686,241728120238800,2107500,1667985100,1670261300
30,702,241728154871000,2070300,1702617300,1704893500
30,718,241728188259100,2435300,1736005400,1738281600
30,734,241728224423900,2192200,1772170200,1774446400
30,750,241728267317900,2180600,1815064200,1817340400
30,766,241728303641600,2176100,1851387900,1853664100
30,782,241728339634600,2210300,1887380900,1889657100
30,798,241728374954400,2164000,1922700700,1924976900
30,814,241728409978700,2172800,1957725000,1960001200
30,830,241728445237000,2212600,1992983300,1995259500
30,846,241728480461900,2289200,2028208200,2030484400
30,862,241728523243400,2284300,2070989700,2073265900
30,878,241728558123900,2165100,2105870200,2108146400
30,894,241728593520500,2233600,2141266800,2143543000
30,910,241728628451500,2144600,2176197800,2178474000
30,926,241728663516500,2225900,2211262800,2213539000
30,942,241728699335100,2151900,2247081400,2249357600
30,958,241728735013800,2409100,2282760100,2285036300
30,974,241728770980400,2181500,2318726700,2321002900
30,990,241728813381400,2122800,2361127700,2363403900
30,1006,241728847736700,2162400,2395483000,2397759200
30,1022,241728882121400,2150800,2429867700,2432143900
30,1038,241728917084100,2160500,2464830400,2467106600
30,1054,241728951770800,2150300,2499517100,2501793300
30,1070,241728986239400,2125200,2533985700,2536261900
30,1086,241729022598900,2348400,2570345200,2572621400
30,1102,241729063476900,2163800,2611223200,2613499400
30,1118,241729098321800,2234300,2646068100,2648344300
30,1134,241729134200400,2204400,2681946700,2684222900
30,1150,241729169117700,2188900,2716864000,2719140200
30,1166,241729204613900,2271800,2752360200,2754636400
30,1182,241729240268900,2130900,2788015200,2790291400
30,1198,241729275133400,2184000,2822879700,2825155900
30,1214,241729311230200,2383800,2858976500,2861252700
30,1230,241729354589600,2306700,2902335900,2904612100
30,1246,241729389433800,2198900,2937180100,2939456300
30,1262,241729424091900,2375700,2971838200,2974114400
30,1278,241729464906400,2585800,3012652700,3014928900
30,1294,241729507645000,2706100,3055391300,3057667500
30,1310,241729552887700,3085000,3100634000,3102910200
30,1326,241729599115400,2824600,3146861700,3149137900
30,1342,241729648341400,2945300,3196087700,3198363900
30,1358,241729692289800,2603400,3240036100,3242312300
30,1374,241729735879600,2790600,3283625900,3285902100
30,1390,241729782530500,2908800,3330276800,3332553000
30,1406,241729830493400,2882700,3378239700,3380515900
30,1422,241729872952700,2592700,3420699000,3422975200
30,1438,241729917049600,2789900,3464795900,3467072100
30,1454,241729966906000,2932900,3514652300,3516928500
30,1470,241730015768100,2633100,3563514400,3565790600
30,1486,241730059790000,2543100,3607536300,3609812500
30,1502,241730104550900,2645000,3652297200,3654573400
30,1518,241730147684300,2602300,3695430600,3697706800
30,1534,241730190520000,2644100,3738266300,3740542500
30,1550,241730237976700,2630500,3785723000,3787999200
30,1566,241730284692300,2591600,3832438600,3834714800
30,1582,241730333189500,2610800,3880935800,3883212000
30,1598,241730376506600,2642300,3924252900,3926529100
30,1614,241730418583800,2738000,3966330100,3968606300
30,1630,241730463063900,2779000,4010810200,4013086400
30,1646,241730507788700,2853800,4055535000,4057811200
30,1662,241730550798500,2810600,4098544800,4100821000
30,1678,241730594632200,2613700,4142378500,4144654700
30,1694,241730636828600,2813100,4184574900,4186851100
30,1710,241730688730900,3102500,4236477200,4238753400
30,1726,241730736321000,2914400,4284067300,4286343500
30,1742,241730782518000,2799600,4330264300,4332540500
30,1758,241730830935200,2723600,4378681500,4380957700
30,1774,241730874649600,2640900,4422395900,4424672100
30,1790,241730918103500,2772900,4465849800,4468126000
30,1806,241730964744400,3160300,4512490700,4514766900
30,1822,241731016513300,7019300,4564259600,4566535800
30,1838,241731064988800,2768200,4612735100,4615011300
30,1854,241731109727100,2929100,4657473400,4659749600
30,1870,241731154878800,2587500,4702625100,4704901300
30,1886,241731197260600,2576600,4745006900,4747283100
30,1902,241731238933300,2684300,4786679600,4788955800
30,1918,241731282800100,2772500,4830546400,4832822600
30,1934,241731327946300,2990200,4875692600,4877968800
30,1950,241731377381300,2644400,4925127600,4927403800
30,1966,241731420595000,2568300,4968341300,4970617500
30,1982,241731464636600,3183800,5012382900,5014659100
30,1998,241731515128900,3185000,5062875200,5065151400
30,2014,241731559818200,2707500,5107564500,5109840700
30,2030,241731604104900,2631500,5151851200,5154127400
30,2046,241731649541100,3664400,5197287400,5199563600
31,15,241726564703400,2410900,112449700,114725900
31,31,241726603008000,2355400,150754300,153030500
31,47,241726645018500,2423100,192764800,195041000
31,63,241726682306200,2387100,230052500,232328700
31,79,241726720861900,2200900,268608200,270884400
31,95,241726760371500,2679800,308117800,310394000
31,111,241726812476000,2425100,360222300,362498500
31,127,241726851719100,2209900,399465400,401741600
31,143,241726887614800,2234600,435361100,437637300
31,159,241726925205300,2349900,472951600,475227800
31,175,241726963203200,2222300,510949500,513225700
31,191,241726999693800,2204000,547440100,549716300
31,207,241727035128400,2191800,582874700,585150900
31,223,241727071290800,2217300,619037100,621313300
31,239,241727112203700,2173200,659950000,662226200
31,255,241727146230400,2217800,693976700,696252900
31,271,241727181094600,2241000,728840900,731117100
31,287,241727216383100,2241300,764129400,766405600
31,303,241727251604700,2138500,799351000,801627200
31,319,241727285147900,2077300,832894200,835170400
31,335,241727319295000,2183400,867041300,869317500
31,351,241727356400600,2242800,904146900,906423100
31,367,241727401307800,2429000,949054100,951330300
31,383,241727438524100,2396500,986270400,988546600
31,399,241727474258500,2131600,1022004800,1024281000
31,415,241727509115600,2306600,1056861900,1059138100
31,431,241727544751700,2210700,1092498000,1094774200
31,447,241727580300600,2310200,1128046900,1130323100
31,463,241727615605500,2126300,1163351800,1165628000
31,479,241727649904000,2250400,1197650300,1199926500
31,495,241727692950000,2194200,1240696300,1242972500
31,511,241727728504800,2218200,1276251100,1278527300
31,527,241727763665100,2432500,1311411400,1313687600
31,543,241727802773900,2168800,1350520200,1352796400
31,559,241727837436300,2079500,1385182600,1387458800
31,575,241727871615000,2128300,1419361300,1421637500
31,591,241727907140500,2109700,1454886800,1457163000
31,607,241727941924900,2106600,1489671200,1491947400
31,623,241727984887000,2204000,1532633300,1534909500
31,639,241728019012300,2040800,1566758600,1569034800
31,655,241728053291500,2127300,1601037800,1603314000
31,671,241728088171600,2115500,1635917900,1638194100
31,687,241728122205500,2104700,1669951800,1672228000
31,703,241728156767400,2111300,1704513700,1706789900
31,719,241728191177400,2366700,1738923700,1741199900
31,735,241728226957800,2156100,1774704100,1776980300
31,751,241728269769900,2299900,1817516200,1819792400
31,767,241728305788700,2203700,1853535000,1855811200
31,783,241728341788100,2159700,1889534400,1891810600
31,799,241728377055400,2252200,1924801700,1927077900
31,815,241728412098600,2182900,1959844900,1962121100
31,831,241728447395000,2146700,1995141300,1997417500
31,847,241728482614800,2335800,2030361100,2032637300
31,863,241728525413700,2144600,2073160000,2075436200
31,879,241728560203000,2174800,2107949300,2110225500
31,895,241728595412500,2191500,2143158800,2145435000
31,911,241728630280600,2239500,2178026900,2180303100
31,927,241728665399100,2229000,2213145400,2215421600
31,943,241728700973000,2154100,2248719300,2250995500
31,959,241728736714300,2475300,2284460600,2286736800
31,975,241728772476400,2160000,2320222700,2322498900
31,991,241728814888000,2133900,2362634300,2364910500
31,1007,241728849225700,2136900,2396972000,2399248200
31,1023,241728883598600,2171500,2431344900,2433621100
31,1039,241728918561300,2154200,2466307600,2468583800
31,1055,241728953224300,2109600,2500970600,2503246800
31,1071,241728987660500,2217300,2535406800,2537683000
31,1087,241729024750400,2369700,2572496700,2574772900
31,1103,241729065465000,2171600,2613211300,2615487500
31,1119,241729100406600,2239600,2648152900,2650429100
31,1135,241729136293800,2294000,2684040100,2686316300
31,1151,241729171253000,2139700,2718999300,2721275500
31,1167,241729206821800,2434400,2754568100,2756844300
31,1183,241729242344900,2203700,2790091200,2792367400
31,1199,241729277440600,2172300,2825186900,2827463100
31,1215,241729313648900,2252300,2861395200,2863671400
31,1231,241729357360100,2211000,2905106400,2907382600
31,1247,241729392107500,2180300,2939853800,2942130000
31,1263,241729427087100,2256800,2974833400,2977109600
31,1279,241729467109300,2739700,3014855600,3017131800
31,1295,241729509952600,2731400,3057698900,3059975100
31,1311,241729555506200,2995500,3103252500,3105528700
31,1327,241729601534700,2681100,3149281000,3151557200
31,1343,241729650870600,2740300,3198616900,3200893100
31,1359,241729694510300,2582400,3242256600,3244532800
31,1375,241729738244800,2862500,3285991100,3288267300
31,1391,241729784948100,2805100,3332694400,3334970600
31,1407,241729832971800,2679400,3380718100,3382994300
31,1423,241729875210300,2622600,3422956600,3425232800
31,1439,241729919447200,2783900,3467193500,3469469700
31,1455,241729969559200,2905800,3517305500,3519581700
31,1471,241730018189000,2688000,3565935300,3568211500
31,1487,241730062113200,2612400,3609859500,3612135700
31,1503,241730106897900,2703600,3654644200,3656920400
31,1519,241730149999400,2584100,3697745700,3700021900
31,1535,241730192872500,2471400,3740618800,3742895000
31,1551,241730240349700,2562900,3788096000,3790372200
31,1567,241730287035800,2741700,3834782100,3837058300
31,1583,241730335600700,2627700,3883347000,3885623200
31,1599,241730378966600,2592200,3926712900,3928989100
31,1615,241730421133700,2720000,3968880000,3971156200
31,1631,241730465687400,2764300,4013433700,4015709900
31,1647,241730510566700,2599500,4058313000,4060589200
31,1663,241730553539300,3595100,4101285600,4103561800
31,1679,241730597173300,2612700,4144919600,4147195800
31,1695,241730639536600,2871300,4187282900,4189559100
31,1711,241730691743600,2995700,4239489900,4241766100
31,1727,241730739116200,2797500,4286862500,4289138700
31,1743,241730785201400,2812600,4332947700,4335223900
31,1759,241730833521700,2751300,4381268000,4383544200
31,1775,241730877150200,2715500,4424896500,4427172700
31,1791,241730920656000,3043000,4468402300,4470678500
31,1807,241730967732900,3159600,4515479200,4517755400
31,1823,241731022860400,2593300,4570606700,4572882900
31,1839,241731067034600,2781500,4614780900,4617057100
31,1855,241731111836800,3067400,4659583100,4661859300
31,1871,241731156783400,2712800,4704529700,4706805900
31,1887,241731199159000,2614500,4746905300,4749181500
31,1903,241731240897600,2721500,4788643900,4790920100
31,1919,241731284964200,2736900,4832710500,4834986700
31,1935,241731330283800,3058600,4878030100,4880306300
31,1951,241731379514200,2659300,4927260500,4929536700
31,1967,241731422659400,2567600,4970405700,4972681900
31,1983,241731467193400,3219300,5014939700,5017215900
31,1999,241731517579700,3209900,5065326000,5067602200
31,2015,241731561929300,2694000,5109675600,5111951800
31,2031,241731606170300,2655800,5153916600,5156192800
31,2047,241731652313600,2917100,5200059900,5202336100
32,0,241726505855400,11946000,53601700,55877900
32,16,241726567152200,2511800,114898500,117174700
32,32,241726605299600,2357000,153045900,155322100
32,48,241726647410600,2351600,195156900,197433100
32,64,241726684460100,2454600,232206400,234482600
32,80,241726722945900,2232300,270692200,272968400
32,96,241726762912900,2752700,310659200,312935400
32,112,241726814684300,2519400,362430600,364706800
32,128,241726853641400,2332600,401387700,403663900
32,144,241726889452500,2283200,437198800,439475000
32,160,241726927146900,2210700,474893200,477169400
32,176,241726966276000,2235900,514022300,516298500
32,192,241727002488600,2235900,550234900,552511100
32,208,241727038175700,2484300,585922000,588198200
32,224,241727073835400,2615400,621581700,623857900
32,240,241727114896200,2132800,662642500,664918700
32,256,241727148959900,2144200,696706200,698982400
32,272,241727184075400,2216600,731821700,734097900
32,288,241727219366500,2254000,767112800,769389000
32,304,241727254568300,2135400,802314600,804590800
32,320,241727287966400,2069400,835712700,837988900
32,336,241727322405300,2363200,870151600,872427800
32,352,241727359142400,2039400,906888700,909164900
32,368,241727403802000,2220000,951548300,953824500
32,384,241727440728800,2288300,988475100,990751300
32,400,241727476271300,2110500,1024017600,1026293800
32,416,241727511277500,2491500,1059023800,1061300000
32,432,241727546842000,2160500,1094588300,1096864500
32,448,241727582551100,2233200,1130297400,1132573600
32,464,241727618004600,2148700,1165750900,1168027100
32,480,241727652465700,2222800,1200212000,1202488200
32,496,241727695082700,2203600,1242829000,1245105200
32,512,241727730545500,2196500,1278291800,1280568000
32,528,241727765984400,2172100,1313730700,1316006900
32,544,241727804976900,2154800,1352723200,1354999400
32,560,241727839548700,2150000,1387295000,1389571200
32,576,241727873715000,2136700,1421461300,1423737500
32,592,241727909061400,2171800,1456807700,1459083900
32,608,241727943837900,2127600,1491584200,1493860400
32,624,241727987254900,2184600,1535001200,1537277400
32,640,241728021218200,2049600,1568964500,1571240700
32,656,241728055559700,2129600,1603306000,1605582200
32,672,241728090466400,2111400,1638212700,1640488900
32,688,241728124426400,2117800,1672172700,1674448900
32,704,241728159025100,2125700,1706771400,1709047600
32,720,241728193513100,2347800,1741259400,1743535600
32,736,241728229175600,2250900,1776921900,1779198100
32,752,241728272156100,2388600,1819902400,1822178600
32,768,241728308056400,2153900,1855802700,1858078900
32,784,241728344058200,2145800,1891804500,1894080700
32,800,241728379402200,2348900,1927148500,1929424700
32,816,241728414384300,2186300,1962130600,1964406800
32,832,241728449400200,2141900,1997146500,1999422700
32,848,241728485169700,2244800,2032916000,2035192200
32,864,241728527854900,2124200,2075601200,2077877400
32,880,241728562671900,2193000,2110418200,2112694400
32,896,241728597876700,2232500,2145623000,2147899200
32,912,241728632795100,2174300,2180541400,2182817600
32,928,241728667907100,2320400,2215653400,2217929600
32,944,241728703419900,2093600,2251166200,2253442400
32,960,241728739418800,2322800,2287165100,2289441300
32,976,241728774871200,2130100,2322617500,2324893700
32,992,241728817286100,2153800,2365032400,2367308600
32,1008,241728851672800,2161300,2399419100,2401695300
32,1024,241728886060800,2154600,2433807100,2436083300
32,1040,241728921091900,2186600,2468838200,2471114400
32,1056,241728955777500,2175000,2503523800,2505800000
32,1072,241728990352300,2187100,2538098600,2540374800
32,1088,241729026978300,2139700,2574724600,2577000800
32,1104,241729067488100,2219700,2615234400,2617510600
32,1120,241729102492200,2155700,2650238500,2652514700
32,1136,241729138381500,2222600,2686127800,2688404000
32,1152,241729173168500,2147500,2720914800,2723191000
32,1168,241729208986200,2355000,2756732500,2759008700
32,1184,241729244286400,2142900,2792032700,2794308900
32,1200,241729279222600,2192200,2826968900,2829245100
32,1216,241729315563700,2192700,2863310000,2865586200
32,1232,241729358870500,2215700,2906616800,2908893000
32,1248,241729393605300,2146100,2941351600,2943627800
32,1264,241729428533000,2284800,2976279300,2978555500
32,1280,241729468905500,2791800,3016651800,3018928000
32,1296,241729511923200,2742400,3059669500,3061945700
32,1312,241729557663100,2986400,3105409400,3107685600
32,1328,241729603467500,2703100,3151213800,3153490000
32,1344,241729652959300,2751700,3200705600,3202981800
32,1360,241729696489200,2652100,3244235500,3246511700
32,1376,241729740447200,2790000,3288193500,3290469700
32,1392,241729787130000,2790700,3334876300,3337152500
32,1408,241729835162600,2609000,3382908900,3385185100
32,1424,241729877297700,2657600,3425044000,3427320200
32,1440,241729921639800,2782700,3469386100,3471662300
32,1456,241729971738500,3015500,3519484800,3521761000
32,1472,241730020204000,2726500,3567950300,3570226500
32,1488,241730064077500,2579100,3611823800,3614100000
32,1504,241730108875700,2810400,3656622000,3658898200
32,1520,241730151950800,2595300,3699697100,3701973300
32,1536,241730194824200,5956500,3742570500,3744846700
32,1552,241730242243600,5350600,3789989900,3792266100
32,1568,241730289087000,2623100,3836833300,3839109500
32,1584,241730337409100,2718300,3885155400,3887431600
32,1600,241730380731100,2628400,3928477400,3930753600
32,1616,241730423068100,2731100,3970814400,3973090600
32,1632,241730467648900,2759900,4015395200,4017671400
32,1648,241730512309700,2615400,4060056000,4062332200
32,1664,241730555318000,3612800,4103064300,4105340500
32,1680,241730598937300,2578900,4146683600,4148959800
32,1696,241730641425100,2917600,4189171400,4191447600
32,1712,241730693672700,2990600,4241419000,4243695200
32,1728,241730740992100,2822400,4288738400,4291014600
32,1744,241730787074600,2856500,4334820900,4337097100
32,1760,241730835400000,2721400,4383146300,4385422500
32,1776,241730878900700,2666800,4426647000,4428923200
32,1792,241730922654300,2756800,4470400600,4472676800
32,1808,241730969800700,2793400,4517547000,4519823200
32,1824,241731022687800,2593300,4570434100,4572710300
32,1840,241731066853600,2769300,4614599900,4616876100
32,1856,241731111639000,2949800,4659385300,4661661500
32,1872,241731156541200,2707500,4704287500,4706563700
32,1888,241731198899500,2605600,4746645800,4748922000
32,1904,241731240631900,2728600,4788378200,4790654400
32,1920,241731284655000,2764800,4832401300,4834677500
32,1936,241731329999100,3039900,4877745400,4880021600
32,1952,241731379234400,2636700,4926980700,4929256900
32,1968,241731422382600,2566400,4970128900,4972405100
32,1984,241731466910800,3128000,5014657100,5016933300
32,2000,241731517307000,3196200,5065053300,5067329500
32,2016,241731561715100,2670800,5109461400,5111737600
32,2032,241731605902900,2673300,5153649200,5155925400
33,1,241726517869800,3262500,65616100,67892300
33,17,241726569600200,2364900,117346500,119622700
33,33,241726607626300,2266300,155372600,157648800
33,49,241726649730200,2295400,197476500,199752700
33,65,241726686949500,2570500,234695800,236972000
33,81,241726725146100,2172700,272892400,275168600
33,97,241726765774300,2958000,313520600,315796800
33,113,241726817339800,2669800,365086100,367362300
33,129,241726856171100,2220100,403917400,406193600
33,145,241726892043700,2405600,439790000,442066200
33,161,241726929622600,2207100,477368900,479645100
33,177,241726967467900,2255800,515214200,517490400
33,193,241727003948900,2215400,551695200,553971400
33,209,241727039828100,2776600,587574400,589850600
33,225,241727075774700,2327800,623521000,625797200
33,241,241727116442600,2099400,664188900,666465100
33,257,241727150484400,2134800,698230700,700506900
33,273,241727185686300,2140000,733432600,735708800
33,289,241727220990900,2233100,768737200,771013400
33,305,241727256089100,2088100,803835400,806111600
33,321,241727289435200,2056300,837181500,839457700
33,337,241727324142400,2126500,871888700,874164900
33,353,241727360805000,3495200,908551300,910827500
33,369,241727406386000,2226500,954132300,956408500
33,385,241727443428900,2304900,991175200,993451400
33,401,241727478749400,2209600,1026495700,1028771900
33,417,241727514237400,2261400,1061983700,1064259900
33,433,241727549540000,2197300,1097286300,1099562500
33,449,241727585207400,2235000,1132953700,1135229900
33,465,241727620331700,2129800,1168078000,1170354200
33,481,241727654860200,2653100,1202606500,1204882700
33,497,241727697412700,2264200,1245159000,1247435200
33,513,241727732958300,2230700,1280704600,1282980800
33,529,241727768305500,2166800,1316051800,1318328000
33,545,241727806958400,2096700,1354704700,1356980900
33,561,241727841520500,2141600,1389266800,1391543000
33,577,241727875734200,2107500,1423480500,1425756700
33,593,241727911289800,2144700,1459036100,1461312300
33,609,241727946028500,2113600,1493774800,1496051000
33,625,241727989351000,2215500,1537097300,1539373500
33,641,241728023189400,2027200,1570935700,1573211900
33,657,241728057605500,2138100,1605351800,1607628000
33,673,241728092493700,2107400,1640240000,1642516200
33,689,241728126657400,2334700,1674403700,1676679900
33,705,241728161271900,2094900,1709018200,1711294400
33,721,241728196213900,2290200,1743960200,1746236400
33,737,241728231488900,2200000,1779235200,1781511400
33,753,241728274625200,2288200,1822371500,1824647700
33,769,241728310392400,2266200,1858138700,1860414900
33,785,241728346480100,2113600,1894226400,1896502600
33,801,241728382147400,2212200,1929893700,1932169900
33,817,241728416926000,2143500,1964672300,1966948500
33,833,241728452053900,2151500,1999800200,2002076400
33,849,241728487778300,2243900,2035524600,2037800800
33,865,241728530298300,2135800,2078044600,2080320800
33,881,241728565131200,2148500,2112877500,2115153700
33,897,241728600647900,2263700,2148394200,2150670400
33,913,241728635532200,2183000,2183278500,2185554700
33,929,241728670842700,2249000,2218589000,2220865200
33,945,241728706105700,2119300,2253852000,2256128200
33,961,241728742450700,2244700,2290197000,2292473200
33,977,241728777703400,2200800,2325449700,2327725900
33,993,241728820138500,2123300,2367884800,2370161000
33,1009,241728854508200,2114700,2402254500,2404530700
33,1025,241728888935400,2162000,2436681700,2438957900
33,1041,241728923872200,2130600,2471618500,2473894700
33,1057,241728958661800,2183400,2506408100,2508684300
33,1073,241728993264200,2225500,2541010500,2543286700
33,1089,241729029909000,2188600,2577655300,2579931500
33,1105,241729070450600,2188000,2618196900,2620473100
33,1121,241729105364800,2409000,2653111100,2655387300
33,1137,241729141332600,2115400,2689078900,2691355100
33,1153,241729176031000,2134800,2723777300,2726053500
33,1169,241729212172100,2163400,2759918400,2762194600
33,1185,241729247212300,2127900,2794958600,2797234800
33,1201,241729282262900,2120300,2830009200,2832285400
33,1217,241729318537500,3869600,2866283800,2868560000
33,1233,241729361857400,2158800,2909603700,2911879900
33,1249,241729396502500,2127800,2944248800,2946525000
33,1265,241729431484100,1981700,2979230400,2981506600
33,1281,241729471735100,2611300,3019481400,3021757600
33,1297,241729514524300,2702400,3062270600,3064546800
33,1313,241729560483800,3023800,3108230100,3110506300
33,1329,241729606023400,2709200,3153769700,3156045900
33,1345,241729655455500,2683500,3203201800,3205478000
33,1361,241729698869600,2756500,3246615900,3248892100
33,1377,241729742968400,2894200,3290714700,3292990900
33,1393,241729789655700,2808300,3337402000,3339678200
33,1409,241729837415500,2607600,3385161800,3387438000
33,1425,241729879603200,2701800,3427349500,3429625700
33,1441,241729924045500,2796200,3471791800,3474068000
33,1457,241729974315600,2906900,3522061900,3524338100
33,1473,241730022537200,2703700,3570283500,3572559700
33,1489,241730066265100,2553100,3614011400,3616287600
33,1505,241730111301200,2800300,3659047500,3661323700
33,1521,241730154177800,2605400,3701924100,3704200300
33,1537,241730199944200,3202200,3747690500,3749966700
33,1553,241730247269600,2684400,3795015900,3797292100
33,1569,241730291423800,2604200,3839170100,3841446300
33,1585,241730339775400,2791600,3887521700,3889797900
33,1601,241730383042700,2608400,3930789000,3933065200
33,1617,241730425386300,2713000,3973132600,3975408800
33,1633,241730469984200,2743600,4017730500,4020006700
33,1649,241730514563600,2612100,4062309900,4064586100
33,1665,241730558568300,2616000,4106314600,4108590800
33,1681,241730601150200,2655300,4148896500,4151172700
33,1697,241730643957300,2840900,4191703600,4193979800
33,1713,241730696257600,2901600,4244003900,4246280100
33,1729,241730743431000,2925400,4291177300,4293453500
33,1745,241730789523000,2824400,4337269300,4339545500
33,1761,241730837753800,2708300,4385500100,4387776300
33,1777,241730881313300,2720900,4429059600,4431335800
33,1793,241730925146800,2794200,4472893100,4475169300
33,1809,241730972442600,2827700,4520188900,4522465100
33,1825,241731024538400,2584800,4572284700,4574560900
33,1841,241731068842100,2757700,4616588400,4618864600
33,1857,241731113833500,3025000,4661579800,4663856000
33,1873,241731158549500,2613900,4706295800,4708572000
33,1889,241731200833300,2627100,4748579600,4750855800
33,1905,241731242663000,2672100,4790409300,4792685500
33,1921,241731286741100,2740300,4834487400,4836763600
33,1937,241731332307700,7688900,4880054000,4882330200
33,1953,241731381161400,2598700,4928907700,4931183900
33,1969,241731424252300,2594300,4971998600,4974274800
33,1985,241731469212300,3312400,5016958600,5019234800
33,2001,241731519614100,3101700,5067360400,5069636600
33,2017,241731563633600,2705500,5111379900,5113656100
33,2033,241731607773100,2671200,5155519400,5157795600
34,2,241726521175700,2638700,68922000,71198200
34,18,241726572098200,2306300,119844500,122120700
34,34,241726610066000,2252900,157812300,160088500
34,50,241726652330100,2265700,200076400,202352600
34,66,241726689851900,2528600,237598200,239874400
34,82,241726727547600,2233400,275293900,277570100
34,98,241726768846700,2826500,316593000,318869200
34,114,241726820084300,2397500,367830600,370106800
34,130,241726858364900,2190800,406111200,408387400
34,146,241726894269600,2217100,442015900,444292100
34,162,241726931686800,2161800,479433100,481709300
34,178,241726970893700,2254000,518640000,520916200
34,194,241727007135200,2311400,554881500,557157700
34,210,241727043417000,2139600,591163300,593439500
34,226,241727078780200,2159200,626526500,628802700
34,242,241727119206700,2086400,666953000,669229200
34,258,241727153303600,2116700,701049900,703326100
34,274,241727188481400,2234400,736227700,738503900
34,290,241727223968600,2309300,771714900,773991100
34,306,241727258884800,2063500,806631100,808907300
34,322,241727292182600,2090300,839928900,842205100
34,338,241727326995800,2403400,874742100,877018300
34,354,241727362982000,2470000,910728300,913004500
34,370,241727407406200,2175800,955152500,957428700
34,386,241727444425900,2431200,992172200,994448400
34,402,241727479697000,2157800,1027443300,1029719500
34,418,241727515098500,2224100,1062844800,1065121000
34,434,241727550204500,2214300,1097950800,1100227000
34,450,241727585930900,2241300,1133677200,1135953400
34,466,241727620982400,2159200,1168728700,1171004900
34,482,241727655942100,2411500,1203688400,1205964600
34,498,241727698327900,2237000,1246074200,1248350400
34,514,241727733829500,2172400,1281575800,1283852000
34,530,241727769160200,2175200,1316906500,1319182700
34,546,241727808209400,2139100,1355955700,1358231900
34,562,241727842811100,2171100,1390557400,1392833600
34,578,241727876941600,2158000,1424687900,1426964100
34,594,241727912418000,2136200,1460164300,1462440500
34,610,241727947111200,2146400,1494857500,1497133700
34,626,241727990525900,2240700,1538272200,1540548400
34,642,241728024262700,2061200,1572009000,1574285200
34,658,241728058777400,2151400,1606523700,1608799900
34,674,241728093654800,2132800,1641401100,1643677300
34,690,241728127798600,2282800,1675544900,1677821100
34,706,241728162315800,2148000,1710062100,1712338300
34,722,241728198092600,2275400,1745838900,1748115100
34,738,241728233424400,2195200,1781170700,1783446900
34,754,241728276882700,2245300,1824629000,1826905200
34,770,241728312631500,2257500,1860377800,1862654000
34,786,241728348537800,2168000,1896284100,1898560300
34,802,241728384076700,2213000,1931823000,1934099200
34,818,241728418862400,2167700,1966608700,1968884900
34,834,241728453980400,2152700,2001726700,2004002900
34,850,241728489705200,2240700,2037451500,2039727700
34,866,241728532066900,2158600,2079813200,2082089400
34,882,241728566942000,2168800,2114688300,2116964500
34,898,241728602394200,2184000,2150140500,2152416700
34,914,241728637244500,2178400,2184990800,2187267000
34,930,241728672779700,2186600,2220526000,2222802200
34,946,241728707802800,2132600,2255549100,2257825300
34,962,241728744059400,2302400,2291805700,2294081900
34,978,241728779264400,2151700,2327010700,2329286900
34,994,241728821676900,2138000,2369423200,2371699400
34,1010,241728856013900,2148800,2403760200,2406036400
34,1026,241728890475600,2161400,2438221900,2440498100
34,1042,241728925478000,2126000,2473224300,2475500500
34,1058,241728960081200,2163200,2507827500,2510103700
34,1074,241728994629900,2298100,2542376200,2544652400
34,1090,241729031792000,2230200,2579538300,2581814500
34,1106,241729072322100,2220100,2620068400,2622344600
34,1122,241729107403100,2646600,2655149400,2657425600
34,1138,241729143329300,2147800,2691075600,2693351800
34,1154,241729177995800,2097400,2725742100,2728018300
34,1170,241729214139200,2206700,2761885500,2764161700
34,1186,241729249119600,2128500,2796865900,2799142100
34,1202,241729284092300,2149200,2831838600,2834114800
34,1218,241729322116000,2607000,2869862300,2872138500
34,1234,241729363713400,2169600,2911459700,2913735900
34,1250,241729398339400,2166700,2946085700,2948361900
34,1266,241729433403000,2448700,2981149300,2983425500
34,1282,241729474132600,2662100,3021878900,3024155100
34,1298,241729517077600,2745800,3064823900,3067100100
34,1314,241729563343000,2710800,3111089300,3113365500
34,1330,241729608543600,2719200,3156289900,3158566100
34,1346,241729657954500,2865100,3205700800,3207977000
34,1362,241729701444100,2766700,3249190400,3251466600
34,1378,241729745670000,3042800,3293416300,3295692500
34,1394,241729792273000,2906700,3340019300,3342295500
34,1410,241729839880900,2582300,3387627200,3389903400
34,1426,241729882169300,2611300,3429915600,3432191800
34,1442,241729926694100,2912000,3474440400,3476716600
34,1458,241729977083500,2730000,3524829800,3527106000
34,1474,241730025137700,2702100,3572884000,3575160200
34,1490,241730068709200,3543200,3616455500,3618731700
34,1506,241730114026200,2792700,3661772500,3664048700
34,1522,241730156709300,2620600,3704455600,3706731800
34,1538,241730203074600,2789300,3750820900,3753097100
34,1554,241730249868700,3183000,3797615000,3799891200
34,1570,241730293947000,2618300,3841693300,3843969500
34,1586,241730342693300,2701700,3890439600,3892715800
34,1602,241730385765600,2575900,3933511900,3935788100
34,1618,241730428218500,2870600,3975964800,3978241000
34,1634,241730472838700,3029000,4020585000,4022861200
34,1650,241730517344400,2768500,4065090700,4067366900
34,1666,241730561328700,2595200,4109075000,4111351200
34,1682,241730603957300,2649700,4151703600,4153979800
34,1698,241730646969300,7682100,4194715600,4196991800
34,1714,241730699337400,3042600,4247083700,4249359900
34,1730,241730746500100,2955500,4294246400,4296522600
34,1746,241730792467500,2873400,4340213800,4342490000
34,1762,241730840591300,2752200,4388337600,4390613800
34,1778,241730884105100,2709100,4431851400,4434127600
34,1794,241730928027400,2729200,4475773700,4478049900
34,1810,241730975232800,2767500,4522979100,4525255300
34,1826,241731027650900,2662500,4575397200,4577673400
34,1842,241731072131800,2752000,4619878100,4622154300
34,1858,241731117439700,2999200,4665186000,4667462200
34,1874,241731161663500,2613700,4709409800,4711686000
34,1890,241731203932000,2658800,4751678300,4753954500
34,1906,241731245834800,2687900,4793581100,4795857300
34,1922,241731289931300,2712500,4837677600,4839953800
34,1938,241731340525000,3019800,4888271300,4890547500
34,1954,241731384255900,2621000,4932002200,4934278400
34,1970,241731427462500,2957100,4975208800,4977485000
34,1986,241731473295900,3147900,5021042200,5023318400
34,2002,241731523296300,2683900,5071042600,5073318800
34,2018,241731566931800,2700000,5114678100,5116954300
34,2034,241731611069100,2690600,5158815400,5161091600
35,3,241726523996900,3554300,71743200,74019400
35,19,241726574574800,2334300,122321100,124597300
35,35,241726612440500,2354800,160186800,162463000
35,51,241726654687900,2300600,202434200,204710400
35,67,241726692485700,2381200,240232000,242508200
35,83,241726729940200,2291600,277686500,279962700
35,99,241726771860900,2636100,319607200,321883400
35,115,241726822626700,2279000,370373000,372649200
35,131,241726860758100,2234700,408504400,410780600
35,147,241726896771500,2317400,444517800,446794000
35,163,241726934150700,2325700,481897000,484173200
35,179,241726973322100,2315400,521068400,523344600
35,195,241727009925400,2161200,557671700,559947900
35,211,241727045981400,2204200,593727700,596003900
35,227,241727081439800,2229200,629186100,631462300
35,243,241727121805900,2104300,669552200,671828400
35,259,241727155944300,2093400,703690600,705966800
35,275,241727191246300,2160700,738992600,741268800
35,291,241727226818600,2322200,774564900,776841100
35,307,241727261377500,2092100,809123800,811400000
35,323,241727294696000,2039000,842442300,844718500
35,339,241727329766400,2336500,877512700,879788900
35,355,241727369594500,2373100,917340800,919617000
35,371,241727413377900,2252700,961124200,963400400
35,387,241727450930800,2168300,998677100,1000953300
35,403,241727485571300,2109800,1033317600,1035593800
35,419,241727521586100,2166800,1069332400,1071608600
35,435,241727556600400,2158500,1104346700,1106622900
35,451,241727592550400,2388700,1140296700,1142572900
35,467,241727627376500,2128300,1175122800,1177399000
35,483,241727662867600,2284300,1210613900,1212890100
35,499,241727704927900,2199100,1252674200,1254950400
35,515,241727740163500,2207900,1287909800,1290186000
35,531,241727778480000,4621200,1326226300,1328502500
35,547,241727816354700,2120800,1364101000,1366377200
35,563,241727850760700,2111100,1398507000,1400783200
35,579,241727884879000,2107300,1432625300,1434901500
35,595,241727920446200,2120700,1468192500,1470468700
35,611,241727955215100,2097300,1502961400,1505237600
35,627,241727998664300,2149100,1546410600,1548686800
35,643,241728032361800,2195600,1580108100,1582384300
35,659,241728067006100,2261800,1614752400,1617028600
35,675,241728101589000,2098900,1649335300,1651611500
35,691,241728136062300,2185000,1683808600,1686084800
35,707,241728170181600,2099400,1717927900,1720204100
35,723,241728206427300,2154400,1754173600,1756449800
35,739,241728241540300,9266600,1789286600,1791562800
35,755,241728285153200,2214800,1832899500,1835175700
35,771,241728320948900,2415500,1868695200,1870971400
35,787,241728356350300,2246500,1904096600,1906372800
35,803,241728392037300,2110400,1939783600,1942059800
35,819,241728426693800,2240300,1974440100,1976716300
35,835,241728461918700,2128500,2009665000,2011941200
35,851,241728497704900,2142200,2045451200,2047727400
35,867,241728539907000,2126600,2087653300,2089929500
35,883,241728575167300,2215700,2122913600,2125189800
35,899,241728610239900,2209200,2157986200,2160262400
35,915,241728645008400,2134100,2192754700,2195030900
35,931,241728680725100,2230200,2228471400,2230747600
35,947,241728715624400,2096700,2263370700,2265646900
35,963,241728752310000,2174100,2300056300,2302332500
35,979,241728794867900,2182900,2342614200,2344890400
35,995,241728829496800,2150400,2377243100,2379519300
35,1011,241728863816300,2130900,2411562600,2413838800
35,1027,241728898302900,2250100,2446049200,2448325400
35,1043,241728933486000,2131700,2481232300,2483508500
35,1059,241728967894300,2117200,2515640600,2517916800
35,1075,241729002629400,2229600,2550375700,2552651900
35,1091,241729039399000,2118400,2587145300,2589421500
35,1107,241729080008500,2138500,2627754800,2630031000
35,1123,241729115576200,2343900,2663322500,2665598700
35,1139,241729150891300,2117300,2698637600,2700913800
35,1155,241729185700200,2330700,2733446500,2735722700
35,1171,241729221932800,2173400,2769679100,2771955300
35,1187,241729256717100,2152700,2804463400,2806739600
35,1203,241729291777400,2170800,2839523700,2841799900
35,1219,241729336039200,2144400,2883785500,2886061700
35,1235,241729371272600,2146100,2919018900,2921295100
35,1251,241729405903000,2158400,2953649300,2955925500
35,1267,241729442665800,2507300,2990412100,2992688300
35,1283,241729484465000,2760800,3032211300,3034487500
35,1299,241729527508300,2811900,3075254600,3077530800
35,1315,241729573652600,2632800,3121398900,3123675100
35,1331,241729619195800,2759700,3166942100,3169218300
35,1347,241729668578500,2756100,3216324800,3218601000
35,1363,241729711826900,2729500,3259573200,3261849400
35,1379,241729756976500,3006100,3304722800,3306999000
35,1395,241729803751400,2797600,3351497700,3353773900
35,1411,241729849917400,2626100,3397663700,3399939900
35,1427,241729892550300,2769000,3440296600,3442572800
35,1443,241729937401300,2587800,3485147600,3487423800
35,1459,241729992902400,2592900,3540648700,3542924900
35,1475,241730035290400,2573700,3583036700,3585312900
35,1491,241730080452900,2662300,3628199200,3630475400
35,1507,241730125019000,2634400,3672765300,3675041500
35,1523,241730167193000,2833700,3714939300,3717215500
35,1539,241730213951200,2814300,3761697500,3763973700
35,1555,241730261143400,2598100,3808889700,3811165900
35,1571,241730304103400,2686700,3851849700,3854125900
35,1587,241730353202400,2716000,3900948700,3903224900
35,1603,241730395756600,2562600,3943502900,3945779100
35,1619,241730438966900,2789900,3986713200,3988989400
35,1635,241730484142400,2686500,4031888700,4034164900
35,1651,241730527564100,2845300,4075310400,4077586600
35,1667,241730571189900,3033200,4118936200,4121212400
35,1683,241730614076600,2727400,4161822900,4164099100
35,1699,241730662593700,3076300,4210340000,4212616200
35,1715,241730710866000,3262400,4258612300,4260888500
35,1731,241730758039200,2839400,4305785500,4308061700
35,1747,241730803177900,2785600,4350924200,4353200400
35,1763,241730850909600,2691300,4398655900,4400932100
35,1779,241730894299300,2755100,4442045600,4444321800
35,1795,241730938738000,3955500,4486484300,4488760500
35,1811,241730986195200,2861000,4533941500,4536217700
35,1827,241731039258300,2893600,4587004600,4589280800
35,1843,241731084028500,2828800,4631774800,4634051000
35,1859,241731129675800,2753200,4677422100,4679698300
35,1875,241731172637500,2588000,4720383800,4722660000
35,1891,241731214987100,2620800,4762733400,4765009600
35,1907,241731257391000,2718100,4805137300,4807413500
35,1923,241731301639500,2867600,4849385800,4851662000
35,1939,241731352582200,2734800,4900328500,4902604700
35,1955,241731395509800,2712400,4943256100,4945532300
35,1971,241731439147900,2560600,4986894200,4989170400
35,1987,241731486423800,2996600,5034170100,5036446300
35,2003,241731535027000,2705200,5082773300,5085049500
35,2019,241731578501000,2660900,5126247300,5128523500
35,2035,241731622662700,2712200,5170409000,5172685200
36,4,241726527404600,2992300,75150900,77427100
36,20,241726576723300,2317900,124469600,126745800
36,36,241726614517600,2255200,162263900,164540100
36,52,241726656751100,2212800,204497400,206773600
36,68,241726694596900,2352700,242343200,244619400
36,84,241726732170800,2376300,279917100,282193300
36,100,241726774538200,2839900,322284500,324560700
36,116,241726825078100,2407000,372824400,375100600
36,132,241726863213700,2256900,410960000,413236200
36,148,241726899361400,2267800,447107700,449383900
36,164,241726936714900,2235300,484461200,486737400
36,180,241726974393200,2366000,522139500,524415700
36,196,241727010796600,2169700,558542900,560819100
36,212,241727046874900,2258900,594621200,596897400
36,228,241727082324000,2185400,630070300,632346500
36,244,241727122593500,2125400,670339800,672616000
36,260,241727156728500,2076800,704474800,706751000
36,276,241727192093300,2175100,739839600,742115800
36,292,241727227790600,2180200,775536900,777813100
36,308,241727262215000,2099600,809961300,812237500
36,324,241727295530600,2062800,843276900,845553100
36,340,241727330583400,2589300,878329700,880605900
36,356,241727367600600,2693300,915346900,917623100
36,372,241727411478400,2244800,959224700,961500900
36,388,241727449084800,2214700,996831100,999107300
36,404,241727483696500,2106400,1031442800,1033719000
36,420,241727519347200,2173800,1067093500,1069369700
36,436,241727554231400,2139400,1101977700,1104253900
36,452,241727589995400,2178500,1137741700,1140017900
36,468,241727624944100,2105600,1172690400,1174966600
36,484,241727660291200,2339300,1208037500,1210313700
36,500,241727702376700,2261100,1250123000,1252399200
36,516,241727737724400,2174900,1285470700,1287746900
36,532,241727773062000,5229900,1320808300,1323084500
36,548,241727814023700,2162200,1361770000,1364046200
36,564,241727848457300,2123300,1396203600,1398479800
36,580,241727882748300,2069700,1430494600,1432770800
36,596,241727918208200,2122400,1465954500,1468230700
36,612,241727952946000,2148700,1500692300,1502968500
36,628,241727996248600,2097400,1543994900,1546271100
36,644,241728029696900,2346800,1577443200,1579719400
36,660,241728064508700,2307200,1612255000,1614531200
36,676,241728099305800,2142300,1647052100,1649328300
36,692,241728133649200,2280500,1681395500,1683671700
36,708,241728167972000,2087800,1715718300,1717994500
36,724,241728203673500,2230600,1751419800,1753696000
36,740,241728238670600,2191500,1786416900,1788693100
36,756,241728282153800,2292100,1829900100,1832176300
36,772,241728318108600,2340800,1865854900,1868131100
36,788,241728353753500,2189800,1901499800,1903776000
36,804,241728389449900,2170000,1937196200,1939472400
36,820,241728424110000,2143200,1971856300,1974132500
36,836,241728459235300,2205000,2006981600,2009257800
36,852,241728495108900,2182100,2042855200,2045131400
36,868,241728537250000,2190300,2084996300,2087272500
36,884,241728572329500,2279200,2120075800,2122352000
36,900,241728607369200,2139300,2155115500,2157391700
36,916,241728642132900,2161600,2189879200,2192155400
36,932,241728677728700,2334700,2225475000,2227751200
36,948,241728712756300,2177100,2260502600,2262778800
36,964,241728749417700,2257600,2297164000,2299440200
36,980,241728784402500,9929500,2332148800,2334425000
36,996,241728826827500,2147700,2374573800,2376850000
36,1012,241728861160900,2117200,2408907200,2411183400
36,1028,241728895614600,2156800,2443360900,2445637100
36,1044,241728930514600,2317200,2478260900,2480537100
36,1060,241728965102600,2122300,2512848900,2515125100
36,1076,241728999811400,2129900,2547557700,2549833900
36,1092,241729036415600,2166300,2584161900,2586438100
36,1108,241729077173000,2153900,2624919300,2627195500
36,1124,241729112631100,2254500,2660377400,2662653600
36,1140,241729148051000,2167300,2695797300,2698073500
36,1156,241729182744400,2244000,2730490700,2732766900
36,1172,241729219225600,2144500,2766971900,2769248100
36,1188,241729254043100,2149800,2801789400,2804065600
36,1204,241729289045000,2199800,2836791300,2839067500
36,1220,241729332911500,2443300,2880657800,2882934000
36,1236,241729368524600,2143000,2916270900,2918547100
36,1252,241729403206800,2123900,2950953100,2953229300
36,1268,241729439413600,2398900,2987159900,2989436100
36,1284,241729480873800,2627800,3028620100,3030896300
36,1300,241729523879000,2710600,3071625300,3073901500
36,1316,241729570050400,2665900,3117796700,3120072900
36,1332,241729615453000,2745200,3163199300,3165475500
36,1348,241729664931600,2667100,3212677900,3214954100
36,1364,241729708280700,2614700,3256027000,3258303200
36,1380,241729752982400,2950600,3300728700,3303004900
36,1396,241729799499000,3253300,3347245300,3349521500
36,1412,241729846331000,2647600,3394077300,3396353500
36,1428,241729888796700,2796700,3436543000,3438819200
36,1444,241729933606600,2735200,3481352900,3483629100
36,1460,241729988901300,2743100,3536647600,3538923800
36,1476,241730031537800,2543700,3579284100,3581560300
36,1492,241730076556400,2650000,3624302700,3626578900
36,1508,241730120856400,2893400,3668602700,3670878900
36,1524,241730163039600,2731500,3710785900,3713062100
36,1540,241730209556100,2972500,3757302400,3759578600
36,1556,241730257086900,2728300,3804833200,3807109400
36,1572,241730300190900,2598900,3847937200,3850213400
36,1588,241730349102500,2741300,3896848800,3899125000
36,1604,241730391847500,2637500,3939593800,3941870000
36,1620,241730434936300,2694100,3982682600,3984958800
36,1636,241730479823600,2954500,4027569900,4029846100
36,1652,241730523559500,2751500,4071305800,4073582000
36,1668,241730567334500,2628100,4115080800,4117357000
36,1684,241730610115100,2702000,4157861400,4160137600
36,1700,241730658378700,2905100,4206125000,4208401200
36,1716,241730706277800,3123600,4254024100,4256300300
36,1732,241730753289500,3242400,4301035800,4303312000
36,1748,241730799024600,2850100,4346770900,4349047100
36,1764,241730846948100,2706900,4394694400,4396970600
36,1780,241730890289000,2730600,4438035300,4440311500
36,1796,241730934440200,2685900,4482186500,4484462700
36,1812,241730981803200,2909800,4529549500,4531825700
36,1828,241731033505800,2820200,4581252100,4583528300
36,1844,241731078094600,2928100,4625840900,4628117100
36,1860,241731123829100,2770000,4671575400,4673851600
36,1876,241731167268900,2592100,4715015200,4717291400
36,1892,241731209607600,2595200,4757353900,4759630100
36,1908,241731251675900,2739800,4799422200,4801698400
36,1924,241731295804500,2719700,4843550800,4845827000
36,1940,241731346920500,2788200,4894666800,4896943000
36,1956,241731389947000,2710500,4937693300,4939969500
36,1972,241731433521300,2688300,4981267600,4983543800
36,1988,241731479904200,3036200,5027650500,5029926700
36,2004,241731529364600,2665500,5077110900,5079387100
36,2020,241731572726000,2694600,5120472300,5122748500
36,2036,241731616871000,2696300,5164617300,5166893500
37,5,241726530792300,6399400,78538600,80814800
37,21,241726579265700,2311200,127012000,129288200
37,37,241726617015700,2276100,164762000,167038200
37,53,241726659173800,2239900,206920100,209196300
37,69,241726697174300,2350900,244920600,247196800
37,85,241726734432100,2694600,282178400,284454600
37,101,241726776952700,2848000,324699000,326975200
37,117,241726827079700,2406000,374826000,377102200
37,133,241726865022200,2209700,412768500,415044700
37,149,241726901056500,2273600,448802800,451079000
37,165,241726938377000,2220800,486123300,488399500
37,181,241726977028200,2154700,524774500,527050700
37,197,241727013438300,2367900,561184600,563460800
37,213,241727049495200,2097600,597241500,599517700
37,229,241727084949800,2200500,632696100,634972300
37,245,241727125188200,2065800,672934500,675210700
37,261,241727159354400,2122700,707100700,709376900
37,277,241727194885600,2218700,742631900,744908100
37,293,241727230575400,2081000,778321700,780597900
37,309,241727264841400,2060800,812587700,814863900
37,325,241727298145700,2058500,845892000,848168200
37,341,241727333806000,2480200,881552300,883828500
37,357,241727372125600,2230400,919871900,922148100
37,373,241727415567700,2257200,963314000,965590200
37,389,241727453032200,2202600,1000778500,1003054700
37,405,241727487507700,2133700,1035254000,1037530200
37,421,241727523174300,2169700,1070920600,1073196800
37,437,241727558208200,2255600,1105954500,1108230700
37,453,241727594273500,2243100,1142019800,1144296000
37,469,241727628987600,2110300,1176733900,1179010100
37,485,241727664656800,2208700,1212403100,1214679300
37,501,241727706627300,2164300,1254373600,1256649800
37,517,241727741873700,2187400,1289620000,1291896200
37,533,241727776475500,3845400,1324221800,1326498000
37,549,241727814877900,2134300,1362624200,1364900400
37,565,241727849301500,2139000,1397047800,1399324000
37,581,241727883411900,2073000,1431158200,1433434400
37,597,241727918967900,2107900,1466714200,1468990400
37,613,241727953664400,2138300,1501410700,1503686900
37,629,241727997150100,2104500,1544896400,1547172600
37,645,241728030741500,2474700,1578487800,1580764000
37,661,241728065522100,2254700,1613268400,1615544600
37,677,241728100081400,2120600,1647827700,1650103900
37,693,241728134540200,2289500,1682286500,1684562700
37,709,241728168795500,2093600,1716541800,1718818000
37,725,241728205235200,2214200,1752981500,1755257700
37,741,241728240395700,9225800,1788142000,1790418200
37,757,241728283846800,2225900,1831593100,1833869300
37,773,241728319419000,2471700,1867165300,1869441500
37,789,241728354979400,2213200,1902725700,1905001900
37,805,241728390756900,2119700,1938503200,1940779400
37,821,241728425405000,2171800,1973151300,1975427500
37,837,241728460659600,2169500,2008405900,2010682100
37,853,241728496544800,2174300,2044291100,2046567300
37,869,241728538695100,2184600,2086441400,2088717600
37,885,241728573821100,2394800,2121567400,2123843600
37,901,241728609078800,2163200,2156825100,2159101300
37,917,241728643828200,2162000,2191574500,2193850700
37,933,241728679549700,2216100,2227296000,2229572200
37,949,241728714398700,2111100,2262145000,2264421200
37,965,241728751090900,2175800,2298837200,2301113400
37,981,241728793599900,2263500,2341346200,2343622400
37,997,241728828327400,2135800,2376073700,2378349900
37,1013,241728862651500,2133000,2410397800,2412674000
37,1029,241728897112500,2138700,2444858800,2447135000
37,1045,241728932151700,2212700,2479898000,2482174200
37,1061,241728966650700,2104300,2514397000,2516673200
37,1077,241729001300600,2143700,2549046900,2551323100
37,1093,241729037580700,2178100,2585327000,2587603200
37,1109,241729078199700,2169700,2625946000,2628222200
37,1125,241729113815300,2237300,2661561600,2663837800
37,1141,241729149205800,2127800,2696952100,2699228300
37,1157,241729183797300,2419100,2731543600,2733819800
37,1173,241729220089400,2155300,2767835700,2770111900
37,1189,241729254858300,2131000,2802604600,2804880800
37,1205,241729289833300,2169300,2837579600,2839855800
37,1221,241729333898400,2436900,2881644700,2883920900
37,1237,241729369414100,2167700,2917160400,2919436600
37,1253,241729404081700,2139400,2951828000,2954104200
37,1269,241729440364100,2421300,2988110400,2990386600
37,1285,241729481987500,2631300,3029733800,3032010000
37,1301,241729525031400,2658200,3072777700,3075053900
37,1317,241729571148100,2691700,3118894400,3121170600
37,1333,241729616620300,2761600,3164366600,3166642800
37,1349,241729666026100,2736400,3213772400,3216048600
37,1365,241729709426100,2601500,3257172400,3259448600
37,1381,241729754182900,3018900,3301929200,3304205400
37,1397,241729800737200,3199800,3348483500,3350759700
37,1413,241729847428300,2672700,3395174600,3397450800
37,1429,241729890051600,2711600,3437797900,3440074100
37,1445,241729934861000,2751200,3482607300,3484883500
37,1461,241729990524700,2589600,3538271000,3540547200
37,1477,241730032852500,2652300,3580598800,3582875000
37,1493,241730078016900,2653100,3625763200,3628039400
37,1509,241730122571100,2625600,3670317400,3672593600
37,1525,241730164593900,2762100,3712340200,3714616400
37,1541,241730211123000,2990700,3758869300,3761145500
37,1557,241730258680800,2606900,3806427100,3808703300
37,1573,241730301645700,2603700,3849392000,3851668200
37,1589,241730350607600,2747200,3898353900,3900630100
37,1605,241730393299800,2594100,3941046100,3943322300
37,1621,241730436419700,2699900,3984166000,3986442200
37,1637,241730481393400,2940800,4029139700,4031415900
37,1653,241730525107000,2733100,4072853300,4075129500
37,1669,241730568815100,2618200,4116561400,4118837600
37,1685,241730611660900,2636700,4159407200,4161683400
37,1701,241730660028800,2847800,4207775100,4210051300
37,1717,241730708035600,3153400,4255781900,4258058100
37,1733,241730754879800,3427600,4302626100,4304902300
37,1749,241730800632900,2807600,4348379200,4350655400
37,1765,241730848441600,2731600,4396187900,4398464100
37,1781,241730891839600,2719400,4439585900,4441862100
37,1797,241730936037100,3456100,4483783400,4486059600
37,1813,241730983379200,2895300,4531125500,4533401700
37,1829,241731035274900,2749800,4583021200,4585297400
37,1845,241731079920000,2877000,4627666300,4629942500
37,1861,241731125702800,2722700,4673449100,4675725300
37,1877,241731168877600,2595600,4716623900,4718900100
37,1893,241731211226300,2589900,4758972600,4761248800
37,1909,241731253382500,2755400,4801128800,4803405000
37,1925,241731297497600,2792100,4845243900,4847520100
37,1941,241731348557300,2693600,4896303600,4898579800
37,1957,241731391563400,2689100,4939309700,4941585900
37,1973,241731435143100,2680400,4982889400,4985165600
37,1989,241731481756300,3082900,5029502600,5031778800
37,2005,241731531044300,2679200,5078790600,5081066800
37,2021,241731574419200,2709900,5122165500,5124441700
37,2037,241731618514500,2715300,5166260800,5168537000
38,6,241726537137500,4305900,84883800,87160000
38,22,241726581516900,2370100,129263200,131539400
38,38,241726619227000,2358700,166973300,169249500
38,54,241726661262300,2195200,209008600,211284800
38,70,241726699466400,2325700,247212700,249488900
38,86,241726737096000,2585200,284842300,287118500
38,102,241726780028200,2800100,327774500,330050700
38,118,241726829724300,2238200,377470600,379746800
38,134,241726867404700,2200600,415151000,417427200
38,150,241726903634900,2297900,451381200,453657400
38,166,241726940837300,2205700,488583600,490859800
38,182,241726980077700,2213500,527824000,530100200
38,198,241727016459200,2189600,564205500,566481700
38,214,241727052141100,2214300,599887400,602163600
38,230,241727087776300,2246100,635522600,637798800
38,246,241727127827800,2106900,675574100,677850300
38,262,241727162086500,2211600,709832800,712109000
38,278,241727197584400,2182300,745330700,747606900
38,294,241727233141400,2140700,780887700,783163900
38,310,241727267373200,2044400,815119500,817395700
38,326,241727300628600,2037000,848374900,850651100
38,342,241727336873300,2317800,884619600,886895800
38,358,241727374593800,2347600,922340100,924616300
38,374,241727418101600,2216500,965847900,968124100
38,390,241727455485500,2158900,1003231800,1005508000
38,406,241727489910600,2158300,1037656900,1039933100
38,422,241727525826900,2349800,1073573200,1075849400
38,438,241727560802700,2259000,1108549000,1110825200
38,454,241727596603800,2157300,1144350100,1146626300
38,470,241727631131700,2120000,1178878000,1181154200
38,486,241727667049600,2300700,1214795900,1217072100
38,502,241727708921100,2164200,1256667400,1258943600
38,518,241727744158000,2211100,1291904300,1294180500
38,534,241727783418300,2242600,1331164600,1333440800
38,550,241727818767300,2244900,1366513600,1368789800
38,566,241727853178900,2091100,1400925200,1403201400
38,582,241727887277000,2077400,1435023300,1437299500
38,598,241727922940800,2463400,1470687100,1472963300
38,614,241727957725600,2243200,1505471900,1507748100
38,630,241728000996900,2162400,1548743200,1551019400
38,646,241728034859400,2181000,1582605700,1584881900
38,662,241728069614100,2186700,1617360400,1619636600
38,678,241728103991900,2105100,1651738200,1654014400
38,694,241728138650400,2191300,1686396700,1688672900
38,710,241728172644800,2179700,1720391100,1722667300
38,726,241728209430800,2195600,1757177100,1759453300
38,742,241728251809100,2343200,1799555400,1801831600
38,758,241728288408100,2225900,1836154400,1838430600
38,774,241728324365400,2299900,1872111700,1874387900
38,790,241728359563500,2246200,1907309800,1909586000
38,806,241728395100500,2300900,1942846800,1945123000
38,822,241728429893800,2178600,1977640100,1979916300
38,838,241728464951400,2159100,2012697700,2014973900
38,854,241728500828100,2270500,2048574400,2050850600
38,870,241728543060800,2153300,2090807100,2093083300
38,886,241728578254100,2201000,2126000400,2128276600
38,902,241728613347300,2182100,2161093600,2163369800
38,918,241728648051200,2289700,2195797500,2198073700
38,934,241728683828700,2187800,2231575000,2233851200
38,950,241728718469200,2211500,2266215500,2268491700
38,966,241728755196900,2166600,2302943200,2305219400
38,982,241728797812100,2156600,2345558400,2347834600
38,998,241728832342800,2145400,2380089100,2382365300
38,1014,241728866640400,2184300,2414386700,2416662900
38,1030,241728901325500,2207700,2449071800,2451348000
38,1046,241728936346400,2183000,2484092700,2486368900
38,1062,241728970664900,2192000,2518411200,2520687400
38,1078,241729005549300,2262700,2553295600,2555571800
38,1094,241729041799700,2399400,2589546000,2591822200
38,1110,241729082427800,2183100,2630174100,2632450300
38,1126,241729118053700,2338800,2665800000,2668076200
38,1142,241729153126900,2143600,2700873200,2703149400
38,1158,241729188236100,2377500,2735982400,2738258600
38,1174,241729224316000,2330700,2772062300,2774338500
38,1190,241729259077000,2235900,2806823300,2809099500
38,1206,241729294127600,2366400,2841873900,2844150100
38,1222,241729338389800,2175500,2886136100,2888412300
38,1238,241729373620900,2268200,2921367200,2923643400
38,1254,241729408270100,2150300,2956016400,2958292600
38,1270,241729445100600,2436400,2992846900,2995123100
38,1286,241729487159500,2634700,3034905800,3037182000
38,1302,241729530241300,2784200,3077987600,3080263800
38,1318,241729576217500,2600400,3123963800,3126240000
38,1334,241729621887000,2767200,3169633300,3171909500
38,1350,241729671262900,2778700,3219009200,3221285400
38,1366,241729714451900,2712800,3262198200,3264474400
38,1382,241729759861800,3080200,3307608100,3309884300
38,1398,241729806434100,2829300,3354180400,3356456600
38,1414,241729852430300,2579300,3400176600,3402452800
38,1430,241729895187000,2798000,3442933300,3445209500
38,1446,241729939879900,2589900,3487626200,3489902400
38,1462,241729995353000,2678700,3543099300,3545375500
38,1478,241730037782700,2589700,3585529000,3587805200
38,1494,241730082973200,2918200,3630719500,3632995700
38,1510,241730127465900,2643300,3675212200,3677488400
38,1526,241730169735600,2665000,3717481900,3719758100
38,1542,241730216448900,2957800,3764195200,3766471400
38,1558,241730263549600,2640100,3811295900,3813572100
38,1574,241730306609300,2597600,3854355600,3856631800
38,1590,241730355700100,2739800,3903446400,3905722600
38,1606,241730398107300,2664300,3945853600,3948129800
38,1622,241730441611000,2755300,3989357300,3991633500
38,1638,241730486755200,2806900,4034501500,4036777700
38,1654,241730530376800,2681200,4078123100,4080399300
38,1670,241730574185600,2634600,4121931900,4124208100
38,1686,241730616729000,2771200,4164475300,4166751500
38,1702,241730665722800,2920600,4213469100,4215745300
38,1718,241730714084600,3054800,4261830900,4264107100
38,1734,241730760802000,2841100,4308548300,4310824500
38,1750,241730805889000,2802100,4353635300,4355911500
38,1766,241730853533300,2716100,4401279600,4403555800
38,1782,241730896945000,2725600,4444691300,4446967500
38,1798,241730942588200,2597400,4490334500,4492610700
38,1814,241730988816100,3069300,4536562400,4538838600
38,1830,241731042037100,2710700,4589783400,4592059600
38,1846,241731086736800,2777700,4634483100,4636759300
38,1862,241731132323100,2798900,4680069400,4682345600
38,1878,241731175119000,2644900,4722865300,4725141500
38,1894,241731217479700,2604100,4765226000,4767502200
38,1910,241731260003900,2761600,4807750200,4810026400
38,1926,241731304388100,2693200,4852134400,4854410600
38,1942,241731355060700,2691500,4902807000,4905083200
38,1958,241731397999700,2702100,4945746000,4948022200
38,1974,241731441501600,2856900,4989247900,4991524100
38,1990,241731489114000,3092700,5036860300,5039136500
38,2006,241731537423700,2769200,5085170000,5087446200
38,2022,241731580837800,2739800,5128584100,5130860300
38,2038,241731624898800,2691000,5172645100,5174921300
39,7,241726541217700,4434100,88964000,91240200
39,23,241726583785700,2359500,131532000,133808200
39,39,241726621503300,2271800,169249600,171525800
39,55,241726663494200,2170500,211240500,213516700
39,71,241726701893600,2339500,249639900,251916100
39,87,241726739861100,2435500,287607400,289883600
39,103,241726782874800,2843100,330621100,332897300
39,119,241726831931700,2420400,379678000,381954200
39,135,241726869700500,2208200,417446800,419723000
39,151,241726906051700,2245500,453798000,456074200
39,167,241726943288000,2254200,491034300,493310500
39,183,241726982001100,2187400,529747400,532023600
39,199,241727018246800,2286200,565993100,568269300
39,215,241727053982100,2177100,601728400,604004600
39,231,241727089487000,2181700,637233300,639509500
39,247,241727129442100,2093500,677188400,679464600
39,263,241727163806800,2137800,711553100,713829300
39,279,241727199148700,2167700,746895000,749171200
39,295,241727234677700,2111300,782424000,784700200
39,311,241727268834200,2055300,816580500,818856700
39,327,241727302148700,2083300,849895000,852171200
39,343,241727338492000,2192100,886238300,888514500
39,359,241727376127100,2671100,923873400,926149600
39,375,241727419784400,2265400,967530700,969806900
39,391,241727457471500,2184000,1005217800,1007494000
39,407,241727491900400,2133000,1039646700,1041922900
39,423,241727528002100,2173400,1075748400,1078024600
39,439,241727563207800,2186100,1110954100,1113230300
39,455,241727599106700,2126300,1146853000,1149129200
39,471,241727633523500,2195000,1181269800,1183546000
39,487,241727669532000,2116600,1217278300,1219554500
39,503,241727711414700,2140500,1259161000,1261437200
39,519,241727746718700,2161500,1294465000,1296741200
39,535,241727787030500,2257800,1334776800,1337053000
39,551,241727822331300,2169200,1370077600,1372353800
39,567,241727856457700,2167600,1404204000,1406480200
39,583,241727890504300,2855500,1438250600,1440526800
39,599,241727926651400,2154400,1474397700,1476673900
39,615,241727961414800,2332700,1509161100,1511437300
39,631,241728004652800,2093500,1552399100,1554675300
39,647,241728038588600,2135600,1586334900,1588611100
39,663,241728073362700,2131300,1621109000,1623385200
39,679,241728107676600,2132300,1655422900,1657699100
39,695,241728142423800,2129200,1690170100,1692446300
39,711,241728176382700,2111700,1724129000,1726405200
39,727,241728212238800,2145400,1759985100,1762261300
39,743,241728254845600,2298300,1802591900,1804868100
39,759,241728291086000,2145000,1838832300,1841108500
39,775,241728327183800,2255100,1874930100,1877206300
39,791,241728362244900,2189400,1909991200,1912267400
39,807,241728397943000,2165500,1945689300,1947965500
39,823,241728432640100,2168200,1980386400,1982662600
39,839,241728467727800,2122700,2015474100,2017750300
39,855,241728503499600,2150300,2051245900,2053522100
39,871,241728545603700,2118200,2093350000,2095626200
39,887,241728580990900,2113700,2128737200,2131013400
39,903,241728616371400,2154100,2164117700,2166393900
39,919,241728651176300,2224600,2198922600,2201198800
39,935,241728686707800,2159100,2234454100,2236730300
39,951,241728721454500,2293000,2269200800,2271477000
39,967,241728758174900,2165500,2305921200,2308197400
39,983,241728800672400,2186400,2348418700,2350694900
39,999,241728835195100,2128800,2382941400,2385217600
39,1015,241728869526000,2161500,2417272300,2419548500
39,1031,241728904313700,2228400,2452060000,2454336200
39,1047,241728939254200,2124300,2487000500,2489276700
39,1063,241728973627900,2125300,2521374200,2523650400
39,1079,241729008605600,2298200,2556351900,2558628100
39,1095,241729045819900,2349900,2593566200,2595842400
39,1111,241729086079100,2112300,2633825400,2636101600
39,1127,241729122100300,2155300,2669846600,2672122800
39,1143,241729156852100,2156700,2704598400,2706874600
39,1159,241729192148600,2184300,2739894900,2742171100
39,1175,241729228213100,2213100,2775959400,2778235600
39,1191,241729262742600,2133500,2810488900,2812765100
39,1207,241729298364300,2388400,2846110600,2848386800
39,1223,241729342012500,2190700,2889758800,2892035000
39,1239,241729377402100,2168100,2925148400,2927424600
39,1255,241729411931700,2160400,2959678000,2961954200
39,1271,241729449333900,2341500,2997080200,2999356400
39,1287,241729491849900,2611400,3039596200,3041872400
39,1303,241729535512300,2938700,3083258600,3085534800
39,1319,241729580886000,3694700,3128632300,3130908500
39,1335,241729626771800,2747700,3174518100,3176794300
39,1351,241729676203800,2729600,3223950100,3226226300
39,1367,241729719391000,2766300,3267137300,3269413500
39,1383,241729765493600,2834800,3313239900,3315516100
39,1399,241729811697500,5545000,3359443800,3361720000
39,1415,241729857102200,2671100,3404848500,3407124700
39,1431,241729900162500,2721400,3447908800,3450185000
39,1447,241729945134600,5785100,3492880900,3495157100
39,1463,241730000204800,2584200,3547951100,3550227300
39,1479,241730042924500,3021400,3590670800,3592947000
39,1495,241730088394600,2718300,3636140900,3638417100
39,1511,241730132149600,2661400,3679895900,3682172100
39,1527,241730174606500,2681300,3722352800,3724629000
39,1543,241730221601200,2830800,3769347500,3771623700
39,1559,241730268227800,2612000,3815974100,3818250300
39,1575,241730311291000,3005500,3859037300,3861313500
39,1591,241730360645000,2707100,3908391300,3910667500
39,1607,241730402980100,2652200,3950726400,3953002600
39,1623,241730446568600,2769900,3994314900,3996591100
39,1639,241730491600200,2762200,4039346500,4041622700
39,1655,241730535088600,2669400,4082834900,4085111100
39,1671,241730578931200,2675800,4126677500,4128953700
39,1687,241730621538000,2592700,4169284300,4171560500
39,1703,241730670785100,3068000,4218531400,4220807600
39,1719,241730719280600,2857500,4267026900,4269303100
39,1735,241730765854100,2822200,4313600400,4315876600
39,1751,241730810926000,3450700,4358672300,4360948500
39,1767,241730858430200,2914500,4406176500,4408452700
39,1783,241730901840800,2847700,4449587100,4451863300
39,1799,241730947202800,2616200,4494949100,4497225300
39,1815,241730994312400,3046800,4542058700,4544334900
39,1831,241731046045600,2841500,4593791900,4596068100
39,1847,241731090827900,2791100,4638574200,4640850400
39,1863,241731136374500,2738700,4684120800,4686397000
39,1879,241731178950300,2628400,4726696600,4728972800
39,1895,241731221283300,2547800,4769029600,4771305800
39,1911,241731264018800,2766400,4811765100,4814041300
39,1927,241731308294500,2808200,4856040800,4858317000
39,1943,241731359095100,2667400,4906841400,4909117600
39,1959,241731402009900,2719500,4949756200,4952032400
39,1975,241731445588600,2763800,4993334900,4995611100
39,1991,241731493742400,3074300,5041488700,5043764900
39,2007,241731541073800,2749700,5088820100,5091096300
39,2023,241731584558100,3063700,5132304400,5134580600
39,2039,241731628517400,2813200,5176263700,5178539900
40,8,241726545749000,3210600,93495300,95771500
40,24,241726586181900,2359800,133928200,136204400
40,40,241726623717000,2437100,171463300,173739500
40,56,241726665555600,2226700,213301900,215578100
40,72,241726703886500,2473100,251632800,253909000
40,88,241726741964500,2393300,289710800,291987000
40,104,241726785294400,11821400,333040700,335316900
40,120,241726834094100,2463500,381840400,384116600
40,136,241726871460000,2209900,419206300,421482500
40,152,241726908051300,2409800,455797600,458073800
40,168,241726945293500,2233300,493039800,495316000
40,184,241726983361800,2155400,531108100,533384300
40,200,241727019846600,2295100,567592900,569869100
40,216,241727055524100,2114100,603270400,605546600
40,232,241727091083900,2062900,638830200,641106400
40,248,241727130971700,2034400,678718000,680994200
40,264,241727165330900,2275800,713077200,715353400
40,280,241727200763000,2179300,748509300,750785500
40,296,241727236286900,2082600,784033200,786309400
40,312,241727270363600,2051300,818109900,820386100
40,328,241727303695100,2150400,851441400,853717600
40,344,241727340308700,2254800,888055000,890331200
40,360,241727378475100,2425900,926221400,928497600
40,376,241727421810000,2352000,969556300,971832500
40,392,241727459162900,2151500,1006909200,1009185400
40,408,241727493549100,2121100,1041295400,1043571600
40,424,241727529682800,2179200,1077429100,1079705300
40,440,241727564810600,2185900,1112556900,1114833100
40,456,241727600564000,2143100,1148310300,1150586500
40,472,241727635019900,2166500,1182766200,1185042400
40,488,241727670976400,2107900,1218722700,1220998900
40,504,241727712700500,2233500,1260446800,1262723000
40,520,241727748063900,2161300,1295810200,1298086400
40,536,241727787521300,2267500,1335267600,1337543800
40,552,241727822877600,2163700,1370623900,1372900100
40,568,241727857054000,2117300,1404800300,1407076500
40,584,241727891222700,2818300,1438969000,1441245200
40,600,241727927090000,2171300,1474836300,1477112500
40,616,241727961838800,2293000,1509585100,1511861300
40,632,241728004712100,2097700,1552458400,1554734600
40,648,241728038825000,2142000,1586571300,1588847500
40,664,241728073529200,2151700,1621275500,1623551700
40,680,241728107792400,2129500,1655538700,1657814900
40,696,241728142540200,2127700,1690286500,1692562700
40,712,241728176524800,2115700,1724271100,1726547300
40,728,241728213033800,2174100,1760780100,1763056300
40,744,241728255829200,2319700,1803575500,1805851700
40,760,241728292051400,2279700,1839797700,1842073900
40,776,241728328249900,2264500,1875996200,1878272400
40,792,241728363251800,2249000,1910998100,1913274300
40,808,241728398885600,2149500,1946631900,1948908100
40,824,241728433551300,2240000,1981297600,1983573800
40,840,241728468640300,2117800,2016386600,2018662800
40,856,241728504514700,2332900,2052261000,2054537200
40,872,241728546613000,2130300,2094359300,2096635500
40,888,241728581914800,2233900,2129661100,2131937300
40,904,241728617035300,2166400,2164781600,2167057800
40,920,241728651890800,2168700,2199637100,2201913300
40,936,241728687461000,2181500,2235207300,2237483500
40,952,241728722316800,2197600,2270063100,2272339300
40,968,241728758935100,2249800,2306681400,2308957600
40,984,241728801533000,2168700,2349279300,2351555500
40,1000,241728836056700,2110200,2383803000,2386079200
40,1016,241728870364100,2150600,2418110400,2420386600
40,1032,241728905200300,2167400,2452946600,2455222800
40,1048,241728940122500,2139300,2487868800,2490145000
40,1064,241728974509200,2116200,2522255500,2524531700
40,1080,241729009515300,2941200,2557261600,2559537800
40,1096,241729047230400,2293700,2594976700,2597252900
40,1112,241729087331800,2133300,2635078100,2637354300
40,1128,241729123606900,2166700,2671353200,2673629400
40,1144,241729158358500,2165300,2706104800,2708381000
40,1160,241729193778000,2203800,2741524300,2743800500
40,1176,241729229864500,2183600,2777610800,2779887000
40,1192,241729264330800,2179200,2812077100,2814353300
40,1208,241729300217300,2286900,2847963600,2850239800
40,1224,241729343667700,2344700,2891414000,2893690200
40,1240,241729379033500,2172800,2926779800,2929056000
40,1256,241729413553700,2128900,2961300000,2963576200
40,1272,241729451476100,2240400,2999222400,3001498600
40,1288,241729494237400,2633600,3041983700,3044259900
40,1304,241729538200300,2944500,3085946600,3088222800
40,1320,241729583960700,3177000,3131707000,3133983200
40,1336,241729629289900,2698900,3177036200,3179312400
40,1352,241729678692300,2699000,3226438600,3228714800
40,1368,241729721927200,2732000,3269673500,3271949700
40,1384,241729768085800,2880100,3315832100,3318108300
40,1400,241729816569600,3329400,3364315900,3366592100
40,1416,241729859539700,2608800,3407286000,3409562200
40,1432,241729902705800,2858600,3450452100,3452728300
40,1448,241729950199400,5139100,3497945700,3500221900
40,1464,241730002437700,2568100,3550184000,3552460200
40,1480,241730045522600,3046300,3593268900,3595545100
40,1496,241730090720300,2716600,3638466600,3640742800
40,1512,241730134453200,2607000,3682199500,3684475700
40,1528,241730176860900,2753800,3724607200,3726883400
40,1544,241730224049400,2807000,3771795700,3774071900
40,1560,241730270467600,2606800,3818213900,3820490100
40,1576,241730313844100,2892200,3861590400,3863866600
40,1592,241730362980900,2750600,3910727200,3913003400
40,1608,241730405258100,2641300,3953004400,3955280600
40,1624,241730449024400,2796400,3996770700,3999046900
40,1640,241730493973900,2828600,4041720200,4043996400
40,1656,241730537399200,2738500,4085145500,4087421700
40,1672,241730581257200,2624500,4129003500,4131279700
40,1688,241730623761500,2590000,4171507800,4173784000
40,1704,241730673460800,3084900,4221207100,4223483300
40,1720,241730721767300,2839900,4269513600,4271789800
40,1736,241730768313100,2803700,4316059400,4318335600
40,1752,241730813543500,6152100,4361289800,4363566000
40,1768,241730860972000,2722700,4408718300,4410994500
40,1784,241730904259100,2786800,4452005400,4454281600
40,1800,241730949510900,2929200,4497257200,4499533400
40,1816,241730996927300,7627900,4544673600,4546949800
40,1832,241731049170200,2973500,4596916500,4599192700
40,1848,241731093815600,2813000,4641561900,4643838100
40,1864,241731139349100,2759800,4687095400,4689371600
40,1880,241731181805100,2744600,4729551400,4731827600
40,1896,241731224055500,2587300,4771801800,4774078000
40,1912,241731267009000,2898200,4814755300,4817031500
40,1928,241731311327800,3377400,4859074100,4861350300
40,1944,241731362033500,2717200,4909779800,4912056000
40,1960,241731404983200,2716800,4952729500,4955005700
40,1976,241731448618800,2716100,4996365100,4998641300
40,1992,241731496985600,3107800,5044731900,5047008100
40,2008,241731544531600,2928100,5092277900,5094554100
40,2024,241731588465600,2891300,5136211900,5138488100
40,2040,241731632152400,2972300,5179898700,5182174900
41,9,241726549000000,3114900,96746300,99022500
41,25,241726588578500,2220000,136324800,138601000
41,41,241726626301700,2425200,174048000,176324200
41,57,241726667990200,2268300,215736500,218012700
41,73,241726706835000,2381200,254581300,256857500
41,89,241726744921300,2533800,292667600,294943800
41,105,241726797687600,2873000,345433900,347710100
41,121,241726837082500,2417900,384828800,387105000
41,137,241726874152100,2186300,421898400,424174600
41,153,241726910733600,2379100,458479900,460756100
41,169,241726947791200,2217500,495537500,497813700
41,185,241726986936300,2420800,534682600,536958800
41,201,241727023397800,2164600,571144100,573420300
41,217,241727058981700,2183500,606728000,609004200
41,233,241727094395000,2092800,642141300,644417500
41,249,241727134293900,2037400,682040200,684316400
41,265,241727168983300,2227500,716729600,719005800
41,281,241727204205300,2145500,751951600,754227800
41,297,241727239665500,2095600,787411800,789688000
41,313,241727273693100,2116500,821439400,823715600
41,329,241727307085600,2204900,854831900,857108100
41,345,241727343670300,2226000,891416600,893692800
41,361,241727380486200,2434900,928232500,930508700
41,377,241727423580500,2322400,971326800,973603000
41,393,241727460763900,2165600,1008510200,1010786400
41,409,241727495095100,2254500,1042841400,1045117600
41,425,241727531299600,2181600,1079045900,1081322100
41,441,241727566400600,2206700,1114146900,1116423100
41,457,241727602249500,2315000,1149995800,1152272000
41,473,241727636773100,2154400,1184519400,1186795600
41,489,241727672624900,2129300,1220371200,1222647400
41,505,241727714624400,2296000,1262370700,1264646900
41,521,241727749932900,2169100,1297679200,1299955400
41,537,241727789887300,2293100,1337633600,1339909800
41,553,241727825105900,2153900,1372852200,1375128400
41,569,241727859033500,2241600,1406779800,1409056000
41,585,241727893846100,2537800,1441592400,1443868600
41,601,241727929072500,2210800,1476818800,1479095000
41,617,241727963864500,2202000,1511610800,1513887000
41,633,241728006686500,2193300,1554432800,1556709000
41,649,241728040665500,2130300,1588411800,1590688000
41,665,241728075379300,2179900,1623125600,1625401800
41,681,241728109502600,2133200,1657248900,1659525100
41,697,241728144195500,2115000,1691941800,1694218000
41,713,241728178128100,1910300,1725874400,1728150600
41,729,241728213305300,2168600,1761051600,1763327800
41,745,241728255886500,2339500,1803632800,1805909000
41,761,241728291971000,2259300,1839717300,1841993500
41,777,241728328164800,2239400,1875911100,1878187300
41,793,241728363162700,2239700,1910909000,1913185200
41,809,241728398766800,2153400,1946513100,1948789300
41,825,241728433438800,2200900,1981185100,1983461300
41,841,241728468493500,2120100,2016239800,2018516000
41,857,241728504344600,2307000,2052090900,2054367100
41,873,241728546448000,2119400,2094194300,2096470500
41,889,241728581743800,2208300,2129490100,2131766300
41,905,241728616863100,2165400,2164609400,2166885600
41,921,241728651715500,2195200,2199461800,2201738000
41,937,241728687292200,2166700,2235038500,2237314700
41,953,241728722163600,2196200,2269909900,2272186100
41,969,241728758807500,2176200,2306553800,2308830000
41,985,241728801314800,2161700,2349061100,2351337300
41,1001,241728835912500,2114000,2383658800,2385935000
41,1017,241728870254800,2144500,2418001100,2420277300
41,1033,241728904950700,2218300,2452697000,2454973200
41,1049,241728939928000,2134800,2487674300,2489950500
41,1065,241728974342500,2113500,2522088800,2524365000
41,1081,241729009320900,2447000,2557067200,2559343400
41,1097,241729046339100,2374200,2594085400,2596361600
41,1113,241729086565100,2124900,2634311400,2636587600
41,1129,241729122513300,2156900,2670259600,2672535800
41,1145,241729157255200,2156400,2705001500,2707277700
41,1161,241729192617100,2202200,2740363400,2742639600
41,1177,241729228622900,2221400,2776369200,2778645400
41,1193,241729263126800,2200800,2810873100,2813149300
41,1209,241729298816800,2391000,2846563100,2848839300
41,1225,241729342636500,2268300,2890382800,2892659000
41,1241,241729377933400,2175200,2925679700,2927955900
41,1257,241729412457000,2148900,2960203300,2962479500
41,1273,241729449836800,2340700,2997583100,2999859300
41,1289,241729492365500,2633000,3040111800,3042388000
41,1305,241729536076300,2944700,3083822600,3086098800
41,1321,241729581354000,3774200,3129100300,3131376500
41,1337,241729627334000,2719100,3175080300,3177356500
41,1353,241729676734200,2765100,3224480500,3226756700
41,1369,241729719977900,2781600,3267724200,3270000400
41,1385,241729766086300,2845600,3313832600,3316108800
41,1401,241729812330700,5748200,3360077000,3362353200
41,1417,241729857670000,2637800,3405416300,3407692500
41,1433,241729900755400,2723100,3448501700,3450777900
41,1449,241729945849200,6406100,3493595500,3495871700
41,1465,241730000792900,2561900,3548539200,3550815400
41,1481,241730043527100,3054600,3591273400,3593549600
41,1497,241730089023500,2720100,3636769800,3639046000
41,1513,241730132781600,2600400,3680527900,3682804100
41,1529,241730175175800,2688600,3722922100,3725198300
41,1545,241730222148500,2827600,3769894800,3772171000
41,1561,241730268745400,2604400,3816491700,3818767900
41,1577,241730311811200,3178200,3859557500,3861833700
41,1593,241730361263700,2749200,3909010000,3911286200
41,1609,241730403589300,2643000,3951335600,3953611800
41,1625,241730447291400,2754900,3995037700,3997313900
41,1641,241730492355000,2820400,4040101300,4042377500
41,1657,241730535860600,2622000,4083606900,4085883100
41,1673,241730579677200,2656200,4127423500,4129699700
41,1689,241730622228500,2596600,4169974800,4172251000
41,1705,241730671585700,3093100,4219332000,4221608200
41,1721,241730720104900,2831500,4267851200,4270127400
41,1737,241730766641000,2823400,4314387300,4316663500
41,1753,241730811721100,5018900,4359467400,4361743600
41,1769,241730859226000,2908200,4406972300,4409248500
41,1785,241730902632600,2838700,4450378900,4452655100
41,1801,241730947985600,2620700,4495731900,4498008100
41,1817,241730995105200,3051100,4542851500,4545127700
41,1833,241731045960600,2843300,4593706900,4595983100
41,1849,241731090743900,2792800,4638490200,4640766400
41,1865,241731136288200,2741800,4684034500,4686310700
41,1881,241731178872500,2626800,4726618800,4728895000
41,1897,241731221206700,2547000,4768953000,4771229200
41,1913,241731263950100,2753000,4811696400,4813972600
41,1929,241731308230600,2797700,4855976900,4858253100
41,1945,241731359062100,2663600,4906808400,4909084600
41,1961,241731401965000,2726700,4949711300,4951987500
41,1977,241731445554600,2747900,4993300900,4995577100
41,1993,241731493618900,3072400,5041365200,5043641400
41,2009,241731540966200,2728000,5088712500,5090988700
41,2025,241731584417900,3075400,5132164200,5134440400
41,2041,241731628401500,2798500,5176147800,5178424000
42,10,241726552428600,2686800,100174900,102451100
42,26,241726590982900,2391900,138729200,141005400
42,42,241726628805800,3743400,176552100,178828300
42,58,241726670199900,2381500,217946200,220222400
42,74,241726708876800,2442600,256623100,258899300
42,90,241726747220300,2565000,294966600,297242800
42,106,241726800401600,2425600,348147900,350424100
42,122,241726839160800,2508800,386907100,389183300
42,138,241726875976700,2271500,423723000,425999200
42,154,241726912671500,2287800,460417800,462694000
42,170,241726949659900,2212400,497406200,499682400
42,186,241726988644400,2338100,536390700,538666900
42,202,241727024867800,2129800,572614100,574890300
42,218,241727060843500,2248500,608589800,610866000
42,234,241727096139600,8295700,643885900,646162100
42,250,241727135993100,2072000,683739400,686015600
42,266,241727171031000,2181700,718777300,721053500
42,282,241727206170700,2242100,753917000,756193200
42,298,241727241606500,2322700,789352800,791629000
42,314,241727275666800,2127900,823413100,825689300
42,330,241727309201100,2204500,856947400,859223600
42,346,241727346083200,2211400,893829500,896105700
42,362,241727385998300,2367000,933744600,936020800
42,378,241727429174600,2290700,976920900,979197100
42,394,241727466043100,2192800,1013789400,1016065600
42,410,241727500679500,2265000,1048425800,1050702000
42,426,241727536429800,2169200,1084176100,1086452300
42,442,241727571690100,2337000,1119436400,1121712600
42,458,241727607719900,2148200,1155466200,1157742400
42,474,241727642048800,2187000,1189795100,1192071300
42,490,241727677777900,2341800,1225524200,1227800400
42,506,241727720033500,2176000,1267779800,1270056000
42,522,241727755150500,2254500,1302896800,1305173000
42,538,241727796210800,2260600,1343957100,1346233300
42,554,241727831151400,2096400,1378897700,1381173900
42,570,241727865529300,2116100,1413275600,1415551800
42,586,241727900824900,2205100,1448571200,1450847400
42,602,241727935583300,2221300,1483329600,1485605800
42,618,241727978059800,2419300,1525806100,1528082300
42,634,241728013077000,2058400,1560823300,1563099500
42,650,241728047027200,2147700,1594773500,1597049700
42,666,241728082031700,2140700,1629778000,1632054200
42,682,241728116135600,2156100,1663881900,1666158100
42,698,241728150732000,2157300,1698478300,1700754500
42,714,241728184765700,2324000,1732512000,1734788200
42,730,241728220855200,2266900,1768601500,1770877700
42,746,241728263696600,2227600,1811442900,1813719100
42,762,241728300050500,2160300,1847796800,1850073000
42,778,241728336014500,2168300,1883760800,1886037000
42,794,241728371309200,2169700,1919055500,1921331700
42,810,241728406426200,2140800,1954172500,1956448700
42,826,241728441492800,2227700,1989239100,1991515300
42,842,241728476560700,2318800,2024307000,2026583200
42,858,241728512308000,2151800,2060054300,2062330500
42,874,241728554423300,2206400,2102169600,2104445800
42,890,241728589540100,2175700,2137286400,2139562600
42,906,241728624883600,2129500,2172629900,2174906100
42,922,241728659794400,2183300,2207540700,2209816900
42,938,241728695495100,2264700,2243241400,2245517600
42,954,241728730878800,2331500,2278625100,2280901300
42,970,241728767063100,2173600,2314809400,2317085600
42,986,241728809519800,2237200,2357266100,2359542300
42,1002,241728843915300,2169900,2391661600,2393937800
42,1018,241728878278000,2188600,2426024300,2428300500
42,1034,241728913222900,2167500,2460969200,2463245400
42,1050,241728948047000,2143700,2495793300,2498069500
42,1066,241728982434900,2176000,2530181200,2532457400
42,1082,241729018576300,2309600,2566322600,2568598800
42,1098,241729054671100,7280900,2602417400,2604693600
42,1114,241729094590600,2201300,2642336900,2644613100
42,1130,241729130621500,2189200,2678367800,2680644000
42,1146,241729165358200,2175400,2713104500,2715380700
42,1162,241729200674700,2409900,2748421000,2750697200
42,1178,241729236599100,2200600,2784345400,2786621600
42,1194,241729271418200,2241100,2819164500,2821440700
42,1210,241729307565100,2250900,2855311400,2857587600
42,1226,241729350941600,2192600,2898687900,2900964100
42,1242,241729385841700,2156400,2933588000,2935864200
42,1258,241729420294900,2225700,2968041200,2970317400
42,1274,241729459457000,2662200,3007203300,3009479500
42,1290,241729501928500,2751000,3049674800,3051951000
42,1306,241729546860800,2989900,3094607100,3096883300
42,1322,241729592527200,2897800,3140273500,3142549700
42,1338,241729641983700,3224700,3189730000,3192006200
42,1354,241729686750100,2680500,3234496400,3236772600
42,1370,241729729978200,2785700,3277724500,3280000700
42,1386,241729776552300,2865500,3324298600,3326574800
42,1402,241729824988700,2717600,3372735000,3375011200
42,1418,241729867451200,2723600,3415197500,3417473700
42,1434,241729910654100,3350900,3458400400,3460676600
42,1450,241729960810400,2845400,3508556700,3510832900
42,1466,241730010443500,2567200,3558189800,3560466000
42,1482,241730054425100,2589700,3602171400,3604447600
42,1498,241730098712900,2875800,3646459200,3648735400
42,1514,241730142178500,2602200,3689924800,3692201000
42,1530,241730184898800,2673300,3732645100,3734921300
42,1546,241730232355000,2836400,3780101300,3782377500
42,1562,241730278952000,2975200,3826698300,3828974500
42,1578,241730327533900,2806200,3875280200,3877556400
42,1594,241730371105400,2575300,3918851700,3921127900
42,1610,241730412999600,2695700,3960745900,3963022100
42,1626,241730457271000,2793400,4005017300,4007293500
42,1642,241730502259600,2641700,4050005900,4052282100
42,1658,241730545368400,2638100,4093114700,4095390900
42,1674,241730589131700,2637300,4136878000,4139154200
42,1690,241730631543200,2589600,4179289500,4181565700
42,1706,241730682484400,3027400,4230230700,4232506900
42,1722,241730730211000,2893000,4277957300,4280233500
42,1738,241730776688400,2802800,4324434700,4326710900
42,1754,241730825266800,2786400,4373013100,4375289300
42,1770,241730869133800,2663700,4416880100,4419156300
42,1786,241730912569400,2690000,4460315700,4462591900
42,1802,241730958393200,3049100,4506139500,4508415700
42,1818,241731010238200,3044200,4557984500,4560260700
42,1834,241731057732600,2757400,4605478900,4607755100
42,1850,241731102399800,2774000,4650146100,4652422300
42,1866,241731147823900,2782300,4695570200,4697846400
42,1882,241731190342800,2675300,4738089100,4740365300
42,1898,241731232026200,2601300,4779772500,4782048700
42,1914,241731275712500,2741700,4823458800,4825735000
42,1930,241731320713700,2657800,4868460000,4870736200
42,1946,241731370409300,2701300,4918155600,4920431800
42,1962,241731413505800,2722000,4961252100,4963528300
42,1978,241731457105100,2695300,5004851400,5007127600
42,1994,241731506763700,3216800,5054510000,5056786200
42,2010,241731553052900,2612800,5100799200,5103075400
42,2026,241731597079700,2731600,5144826000,5147102200
42,2042,241731640939300,2738000,5188685600,5190961800
43,11,241726555053300,2473700,102799600,105075800
43,27,241726593334500,2547800,141080800,143357000
43,43,241726632658100,3616300,180404400,182680600
43,59,241726672797800,2414300,220544100,222820300
43,75,241726711596500,2518400,259342800,261619000
43,91,241726750113300,2586500,297859600,300135800
43,107,241726803226500,2395600,350972800,353249000
43,123,241726842179700,2385700,389926000,392202200
43,139,241726878684300,2414600,426430600,428706800
43,155,241726915447400,2500100,463193700,465469900
43,171,241726952283900,2295700,500030200,502306400
43,187,241726989850200,2426300,537596500,539872700
43,203,241727026047400,2310200,573793700,576069900
43,219,241727061715300,2358600,609461600,611737800
43,235,241727097002200,8371900,644748500,647024700
43,251,241727136841400,2076800,684587700,686863900
43,267,241727171914600,2179500,719660900,721937100
43,283,241727207078700,2237500,754825000,757101200
43,299,241727242490900,2352300,790237200,792513400
43,315,241727276498300,2076500,824244600,826520800
43,331,241727310030700,2394700,857777000,860053200
43,347,241727346755500,2204100,894501800,896778000
43,363,241727385905200,2364300,933651500,935927700
43,379,241727428894100,2290900,976640400,978916600
43,395,241727465730100,2202000,1013476400,1015752600
43,411,241727500319600,2298000,1048065900,1050342100
43,427,241727536257200,2171400,1084003500,1086279700
43,443,241727571381400,2304400,1119127700,1121403900
43,459,241727607390100,2178700,1155136400,1157412600
43,475,241727641738600,2196100,1189484900,1191761100
43,491,241727677577000,2297500,1225323300,1227599500
43,507,241727719679500,2173600,1267425800,1269702000
43,523,241727754783900,2336300,1302530200,1304806400
43,539,241727792621500,2193000,1340367800,1342644000
43,555,241727827681200,2162700,1375427500,1377703700
43,571,241727861851900,2120500,1409598200,1411874400
43,587,241727897076300,2179400,1444822600,1447098800
43,603,241727931855400,2173900,1479601700,1481877900
43,619,241727966865100,9382800,1514611400,1516887600
43,635,241728009695400,2068100,1557441700,1559717900
43,651,241728043593000,2116100,1591339300,1593615500
43,667,241728078374400,2292200,1626120700,1628396900
43,683,241728112596900,2107600,1660343200,1662619400
43,699,241728147361700,2087400,1695108000,1697384200
43,715,241728182506300,2368800,1730252600,1732528800
43,731,241728218752000,2193100,1766498300,1768774500
43,747,241728261771800,2197500,1809518100,1811794300
43,763,241728298268900,2159000,1846015200,1848291400
43,779,241728334224300,2146500,1881970600,1884246800
43,795,241728369404500,2184300,1917150800,1919427000
43,811,241728404563500,2164700,1952309800,1954586000
43,827,241728439612200,2245200,1987358500,1989634700
43,843,241728474542000,2440000,2022288300,2024564500
43,859,241728510559200,2171100,2058305500,2060581700
43,875,241728552590100,2224400,2100336400,2102612600
43,891,241728587835500,2127900,2135581800,2137858000
43,907,241728622352900,2149700,2170099200,2172375400
43,923,241728657250900,2164000,2204997200,2207273400
43,939,241728692986600,2214000,2240732900,2243009100
43,955,241728728075700,2463200,2275822000,2278098200
43,971,241728764667200,2178800,2312413500,2314689700
43,987,241728807166600,2155000,2354912900,2357189100
43,1003,241728841563500,2136200,2389309800,2391586000
43,1019,241728875931400,2139400,2423677700,2425953900
43,1035,241728910905900,2139000,2458652200,2460928400
43,1051,241728945626800,2188500,2493373100,2495649300
43,1067,241728980012400,2183000,2527758700,2530034900
43,1083,241729015942600,2480700,2563688900,2565965100
43,1099,241729052362900,2157500,2600109200,2602385400
43,1115,241729092261000,2178600,2640007300,2642283500
43,1131,241729128178800,2174800,2675925100,2678201300
43,1147,241729162932200,2154000,2710678500,2712954700
43,1163,241729198202400,2156400,2745948700,2748224900
43,1179,241729234383400,2120400,2782129700,2784405900
43,1195,241729269025900,2206000,2816772200,2819048400
43,1211,241729305022800,2293900,2852769100,2855045300
43,1227,241729348431000,2259100,2896177300,2898453500
43,1243,241729383447700,2139400,2931194000,2933470200
43,1259,241729417919500,2151800,2965665800,2967942000
43,1275,241729456730000,2865000,3004476300,3006752500
43,1291,241729499511800,2570700,3047258100,3049534300
43,1307,241729544070900,2957700,3091817200,3094093400
43,1323,241729589948900,2732100,3137695200,3139971400
43,1339,241729634636600,7501500,3182382900,3184659100
43,1355,241729684116900,2786700,3231863200,3234139400
43,1371,241729727358600,2769400,3275104900,3277381100
43,1387,241729773785300,2920500,3321531600,3323807800
43,1403,241729822548900,2644800,3370295200,3372571400
43,1419,241729864942500,2726600,3412688800,3414965000
43,1435,241729908263600,2561000,3456009900,3458286100
43,1451,241729958182700,2812200,3505929000,3508205200
43,1467,241730007974100,2683600,3555720400,3557996600
43,1483,241730051787300,2853000,3599533600,3601809800
43,1499,241730096385400,2609300,3644131700,3646407900
43,1515,241730139907400,2597700,3687653700,3689929900
43,1531,241730182519900,2671100,3730266200,3732542400
43,1547,241730229906800,2774500,3777653100,3779929300
43,1563,241730276323900,3013200,3824070200,3826346400
43,1579,241730324990400,2931900,3872736700,3875012900
43,1595,241730368807300,2656400,3916553600,3918829800
43,1611,241730410743200,2612800,3958489500,3960765700
43,1627,241730454999900,2776400,4002746200,4005022400
43,1643,241730500038600,2695900,4047784900,4050061100
43,1659,241730543230400,2606900,4090976700,4093252900
43,1675,241730586916000,2673300,4134662300,4136938500
43,1691,241730629412600,2593100,4177158900,4179435100
43,1707,241730680153900,2922100,4227900200,4230176400
43,1723,241730727855100,2849200,4275601400,4277877600
43,1739,241730774383700,2763300,4322130000,4324406200
43,1755,241730822898300,2794200,4370644600,4372920800
43,1771,241730866820300,2692900,4414566600,4416842800
43,1787,241730910267400,2683500,4458013700,4460289900
43,1803,241730955680700,3167100,4503427000,4505703200
43,1819,241731007831100,2748200,4555577400,4557853600
43,1835,241731056555300,2694500,4604301600,4606577800
43,1851,241731101162500,2712700,4648908800,4651185000
43,1867,241731146568100,2751000,4694314400,4696590600
43,1883,241731188982900,2839700,4736729200,4739005400
43,1899,241731230863400,2584500,4778609700,4780885900
43,1915,241731274533800,2735900,4822280100,4824556300
43,1931,241731319554600,2683200,4867300900,4869577100
43,1947,241731369229100,2730900,4916975400,4919251600
43,1963,241731412359200,2674800,4960105500,4962381700
43,1979,241731455936700,2721400,5003683000,5005959200
43,1995,241731505449600,3164100,5053195900,5055472100
43,2011,241731551859200,2633900,5099605500,5101881700
43,2027,241731595816200,2753800,5143562500,5145838700
43,2043,241731639756300,2752300,5187502600,5189778800
44,12,241726557639100,2526800,105385400,107661600
44,28,241726595919000,2500400,143665300,145941500
44,44,241726636383500,3999500,184129800,186406000
44,60,241726675395100,2479600,223141400,225417600
44,76,241726714244900,2348300,261991200,264267400
44,92,241726752742400,2579300,300488700,302764900
44,108,241726805546400,2368100,353292700,355568900
44,124,241726844501700,2470400,392248000,394524200
44,140,241726881004500,2179200,428750800,431027000
44,156,241726917845500,2514700,465591800,467868000
44,172,241726954516100,2241900,502262400,504538600
44,188,241726993286500,2324500,541032800,543309000
44,204,241727029311000,2145800,577057300,579333500
44,220,241727065112300,2182100,612858600,615134800
44,236,241727106322000,2079100,654068300,656344500
44,252,241727139884000,2187200,687630300,689906500
44,268,241727174844500,2164500,722590800,724867000
44,284,241727210090500,2273300,757836800,760113000
44,300,241727245817000,2129000,793563300,795839500
44,316,241727279508300,2145200,827254600,829530800
44,332,241727313478000,2196200,861224300,863500500
44,348,241727350231100,2192900,897977400,900253600
44,364,241727388183300,2340100,935929600,938205800
44,380,241727431124400,3001800,978870700,981146900
44,396,241727468005600,2175100,1015751900,1018028100
44,412,241727502652300,2161600,1050398600,1052674800
44,428,241727538400700,2155400,1086147000,1088423200
44,444,241727573606300,2398900,1121352600,1123628800
44,460,241727609543100,2140500,1157289400,1159565600
44,476,241727643790700,2144000,1191537000,1193813200
44,492,241727679567000,2378000,1227313300,1229589500
44,508,241727721732600,2232200,1269478900,1271755100
44,524,241727756898100,2278800,1304644400,1306920600
44,540,241727796386600,2260300,1344132900,1346409100
44,556,241727831380000,2104200,1379126300,1381402500
44,572,241727865468200,2116400,1413214500,1415490700
44,588,241727900736300,2210400,1448482600,1450758800
44,604,241727935496500,2218000,1483242800,1485519000
44,620,241727978135000,2449100,1525881300,1528157500
44,636,241728013290900,2063600,1561037200,1563313400
44,652,241728047308800,2152300,1595055100,1597331300
44,668,241728082314300,2145700,1630060600,1632336800
44,684,241728116336300,2166400,1664082600,1666358800
44,700,241728151032500,2145100,1698778800,1701055000
44,716,241728185587200,2422100,1733333500,1735609700
44,732,241728221865300,2354300,1769611600,1771887800
44,748,241728264737300,2270000,1812483600,1814759800
44,764,241728301154800,2146900,1848901100,1851177300
44,780,241728337095500,2136000,1884841800,1887118000
44,796,241728372308600,2163800,1920054900,1922331100
44,812,241728407433300,2135200,1955179600,1957455800
44,828,241728442487700,2258000,1990234000,1992510200
44,844,241728477830200,2322900,2025576500,2027852700
44,860,241728513509900,9442100,2061256200,2063532400
44,876,241728555580600,2209700,2103326900,2105603100
44,892,241728590640300,2200800,2138386600,2140662800
44,908,241728625665100,2153800,2173411400,2175687600
44,924,241728660587000,2201700,2208333300,2210609500
44,940,241728696378300,2201900,2244124600,2246400800
44,956,241728731629100,2368000,2279375400,2281651600
44,972,241728767818700,2199700,2315565000,2317841200
44,988,241728810321200,2187000,2358067500,2360343700
44,1004,241728844650400,2198300,2392396700,2394672900
44,1020,241728879041100,2174800,2426787400,2429063600
44,1036,241728913960900,2237700,2461707200,2463983400
44,1052,241728948768500,2141200,2496514800,2498791000
44,1068,241728983167600,2183100,2530913900,2533190100
44,1084,241729020115900,2360400,2567862200,2570138400
44,1100,241729061268600,2237100,2609014900,2611291100
44,1116,241729096157500,2220400,2643903800,2646180000
44,1132,241729132044500,2123400,2679790800,2682067000
44,1148,241729166646000,2337900,2714392300,2716668500
44,1164,241729202172500,2351400,2749918800,2752195000
44,1180,241729238022500,2160600,2785768800,2788045000
44,1196,241729272626000,2289100,2820372300,2822648500
44,1212,241729308800900,2217500,2856547200,2858823400
44,1228,241729352165500,2182600,2899911800,2902188000
44,1244,241729387040800,2158700,2934787100,2937063300
44,1260,241729421462100,2397000,2969208400,2971484600
44,1276,241729460997900,2595800,3008744200,3011020400
44,1292,241729503523400,2713000,3051269700,3053545900
44,1308,241729548549000,2784800,3096295300,3098571500
44,1324,241729594070300,3241400,3141816600,3144092800
44,1340,241729643814000,3103300,3191560300,3193836500
44,1356,241729688278500,2640700,3236024800,3238301000
44,1372,241729731522300,2907500,3279268600,3281544800
44,1388,241729778151300,2856200,3325897600,3328173800
44,1404,241729826465100,2662500,3374211400,3376487600
44,1420,241729868943300,2664800,3416689600,3418965800
44,1436,241729912734200,2845800,3460480500,3462756700
44,1452,241729962340400,2977100,3510086700,3512362900
44,1468,241730011884600,2553600,3559630900,3561907100
44,1484,241730055878400,2574600,3603624700,3605900900
44,1500,241730100147300,2945600,3647893600,3650169800
44,1516,241730143595900,2609900,3691342200,3693618400
44,1532,241730186340000,2657300,3734086300,3736362500
44,1548,241730233878300,2751300,3781624600,3783900800
44,1564,241730280711600,2650400,3828457900,3830734100
44,1580,241730329102200,2724300,3876848500,3879124700
44,1596,241730372566200,2646600,3920312500,3922588700
44,1612,241730414465100,2769000,3962211400,3964487600
44,1628,241730458848900,2769600,4006595200,4008871400
44,1644,241730503813000,2675500,4051559300,4053835500
44,1660,241730546938600,2601900,4094684900,4096961100
44,1676,241730590699500,2620800,4138445800,4140722000
44,1692,241730633081100,2583900,4180827400,4183103600
44,1708,241730684313800,2921800,4232060100,4234336300
44,1724,241730731879500,2848800,4279625800,4281902000
44,1740,241730778303600,2806500,4326049900,4328326100
44,1756,241730826800200,2765000,4374546500,4376822700
44,1772,241730870654300,2702900,4418400600,4420676800
44,1788,241730914098600,2732400,4461844900,4464121100
44,1804,241730960074400,3078800,4507820700,4510096900
44,1820,241731011563000,3009900,4559309300,4561585500
44,1836,241731059585600,2727100,4607331900,4609608100
44,1852,241731104182800,2829400,4651929100,4654205300
44,1868,241731149628900,2696200,4697375200,4699651400
44,1884,241731192122900,2592200,4739869200,4742145400
44,1900,241731233731000,2581900,4781477300,4783753500
44,1916,241731277508600,2745200,4825254900,4827531100
44,1932,241731322463700,2740400,4870210000,4872486200
44,1948,241731372175900,2677600,4919922200,4922198400
44,1964,241731415246800,2817400,4962993100,4965269300
44,1980,241731458967500,2849700,5006713800,5008990000
44,1996,241731508954800,3175100,5056701100,5058977300
44,2012,241731555060100,2581500,5102806400,5105082600
44,2028,241731599158100,2717900,5146904400,5149180600
44,2044,241731643036700,3263900,5190783000,5193059200
45,13,241726560103900,2487700,107850200,110126400
45,29,241726598270100,2617700,146016400,148292600
45,45,241726640217000,2803300,187963300,190239500
45,61,241726677847700,2384600,225594000,227870200
45,77,241726716529000,2337900,264275300,266551500
45,93,241726755213900,2719900,302960200,305236400
45,109,241726807883900,2463000,355630200,357906400
45,125,241726847012300,2507700,394758600,397034800
45,141,241726883301800,2165800,431048100,433324300
45,157,241726920496600,2540800,468242900,470519100
45,173,241726956843700,4212600,504590000,506866200
45,189,241726995484400,2272700,543230700,545506900
45,205,241727031287900,2081900,579034200,581310400
45,221,241727067068000,2141600,614814300,617090500
45,237,241727108208100,2094900,655954400,658230600
45,253,241727141907400,2102900,689653700,691929900
45,269,241727176895500,2222200,724641800,726918000
45,285,241727212211300,2229600,759957600,762233800
45,301,241727247667900,2135400,795414200,797690400
45,317,241727281373800,2063800,829120100,831396300
45,333,241727315383500,2123600,863129800,865406000
45,349,241727351861600,2351100,899607900,901884100
45,365,241727390910000,8411000,938656300,940932500
45,381,241727434461700,2285800,982208000,984484200
45,397,241727470472700,2091700,1018219000,1020495200
45,413,241727505061200,2250500,1052807500,1055083700
45,429,241727540843300,2157800,1088589600,1090865800
45,445,241727576373900,2259800,1124120200,1126396400
45,461,241727612043500,2144100,1159789800,1162066000
45,477,241727646352800,2118500,1194099100,1196375300
45,493,241727682420600,8742200,1230166900,1232443100
45,509,241727724421000,2154900,1272167300,1274443500
45,525,241727759623500,2228900,1307369800,1309646000
45,541,241727800726400,2194400,1348472700,1350748900
45,557,241727835463200,2108200,1383209500,1385485700
45,573,241727869653200,2136900,1417399500,1419675700
45,589,241727905088500,2134300,1452834800,1455111000
45,605,241727939876200,2131300,1487622500,1489898700
45,621,241727982905400,2337400,1530651700,1532927900
45,637,241728017313400,2050100,1565059700,1567335900
45,653,241728051480700,2159100,1599227000,1601503200
45,669,241728086445900,2090300,1634192200,1636468400
45,685,241728120386300,2105000,1668132600,1670408800
45,701,241728155010700,2071700,1702757000,1705033200
45,717,241728188199300,2433500,1735945600,1738221800
45,733,241728224156100,2199700,1771902400,1774178600
45,749,241728266884100,2217400,1814630400,1816906600
45,765,241728303103700,2153400,1850850000,1853126200
45,781,241728339091800,2197000,1886838100,1889114300
45,797,241728374323100,2260200,1922069400,1924345600
45,813,241728409378500,2162900,1957124800,1959401000
45,829,241728444559600,2256100,1992305900,1994582100
45,845,241728479832000,2279400,2027578300,2029854500
45,861,241728522598800,2350800,2070345100,2072621300
45,877,241728557520000,2205600,2105266300,2107542500
45,893,241728592653500,2236600,2140399800,2142676000
45,909,241728627634300,2171800,2175380600,2177656800
45,925,241728662586300,2331800,2210332600,2212608800
45,941,241728698377700,2154100,2246124000,2248400200
45,957,241728733653600,2444200,2281399900,2283676100
45,973,241728769934200,2160600,2317680500,2319956700
45,989,241728812426600,2061000,2360172900,2362449100
45,1005,241728846735800,2136000,2394482100,2396758300
45,1021,241728881082100,2148900,2428828400,2431104600
45,1037,241728916029100,2196400,2463775400,2466051600
45,1053,241728950751500,2141500,2498497800,2500774000
45,1069,241728985177500,2180900,2532923800,2535200000
45,1085,241729021458300,2288500,2569204600,2571480800
45,1101,241729062539600,2159600,2610285900,2612562100
45,1117,241729097350500,2230500,2645096800,2647373000
45,1133,241729133482900,2186600,2681229200,2683505400
45,1149,241729168205900,2357100,2715952200,2718228400
45,1165,241729203806300,2253300,2751552600,2753828800
45,1181,241729239495500,2137800,2787241800,2789518000
45,1197,241729274263000,2190700,2822009300,2824285500
45,1213,241729310374700,2413300,2858121000,2860397200
45,1229,241729353847000,2294300,2901593300,2903869500
45,1245,241729388676200,2210200,2936422500,2938698700
45,1261,241729423290900,2461700,2971037200,2973313400
45,1277,241729463179200,2595700,3010925500,3013201700
45,1293,241729505794100,2722800,3053540400,3055816600
45,1309,241729550987400,2938500,3098733700,3101009900
45,1325,241729596684300,3396500,3144430600,3146706800
45,1341,241729646433900,2913700,3194180200,3196456400
45,1357,241729690502600,2640400,3238248900,3240525100
45,1373,241729734008200,2744500,3281754500,3284030700
45,1389,241729780578800,2896000,3328325100,3330601300
45,1405,241729828776300,2661400,3376522600,3378798800
45,1421,241729871259000,2602700,3419005300,3421281500
45,1437,241729915214400,2776900,3462960700,3465236900
45,1453,241729964930600,2938000,3512676900,3514953100
45,1469,241730014082000,2603800,3561828300,3564104500
45,1485,241730058104900,2576100,3605851200,3608127400
45,1501,241730102730200,2697000,3650476500,3652752700
45,1517,241730145854800,2677400,3693601100,3695877300
45,1533,241730188666500,2746300,3736412800,3738689000
45,1549,241730236317900,2632500,3784064200,3786340400
45,1565,241730283040300,2611100,3830786600,3833062800
45,1581,241730331458700,2699200,3879205000,3881481200
45,1597,241730374845500,2639900,3922591800,3924868000
45,1613,241730416877800,2702200,3964624100,3966900300
45,1629,241730461276200,2792400,4009022500,4011298700
45,1645,241730506110600,2843400,4053856900,4056133100
45,1661,241730549155700,2606300,4096902000,4099178200
45,1677,241730592900400,2754300,4140646700,4142922900
45,1693,241730635296100,2595500,4183042400,4185318600
45,1709,241730686770300,3097400,4234516600,4236792800
45,1725,241730734325800,3128700,4282072100,4284348300
45,1741,241730780734100,2794200,4328480400,4330756600
45,1757,241730829187700,2742000,4376934000,4379210200
45,1773,241730872911000,2712900,4420657300,4422933500
45,1789,241730916385300,2681800,4464131600,4466407800
45,1805,241730962778400,3075400,4510524700,4512800900
45,1821,241731014735900,2907600,4562482200,4564758400
45,1837,241731059888700,2737800,4607635000,4609911200
45,1853,241731104486100,2839700,4652232400,4654508600
45,1869,241731149950400,2673200,4697696700,4699972900
45,1885,241731192405900,2605800,4740152200,4742428400
45,1901,241731234011800,2600700,4781758100,4784034300
45,1917,241731277823100,2732700,4825569400,4827845600
45,1933,241731322757000,2768100,4870503300,4872779500
45,1949,241731372435800,2689200,4920182100,4922458300
45,1965,241731415537400,2777900,4963283700,4965559900
45,1981,241731459215700,2909100,5006962000,5009238200
45,1997,241731509212700,3176900,5056959000,5059235200
45,2013,241731554849300,2588300,5102595600,5104871800
45,2029,241731598981300,2715500,5146727600,5149003800
45,2045,241731642846000,2837500,5190592300,5192868500
46,14,241726562772400,2387400,110518700,112794900
46,30,241726601030400,2372900,148776700,151052900
46,46,241726643133700,2326000,190880000,193156200
46,62,241726680364900,2341800,228111200,230387400
46,78,241726718973300,2275800,266719600,268995800
46,94,241726758092400,2704900,305838700,308114900
46,110,241726810482100,2429800,358228400,360504600
46,126,241726849614500,2346500,397360800,399637000
46,142,241726885512000,2276600,433258300,435534500
46,158,241726923075400,2319100,470821700,473097900
46,174,241726960962900,2421300,508709200,510985400
46,190,241726997642000,2200300,545388300,547664500
46,206,241727033178400,2032800,580924700,583200900
46,222,241727069124700,2191800,616871000,619147200
46,238,241727110198000,2033600,657944300,660220500
46,254,241727143867600,2391000,691613900,693890100
46,270,241727179058200,2236300,726804500,729080700
46,286,241727214381300,2219800,762127600,764403800
46,302,241727249690900,2151200,797437200,799713400
46,318,241727283328800,2032400,831075100,833351300
46,334,241727317333000,2134600,865079300,867355500
46,350,241727353846200,2436600,901592500,903868700
46,366,241727398775100,2560400,946521400,948797600
46,382,241727436281900,2275100,984028200,986304400
46,398,241727472117200,2105300,1019863500,1022139700
46,414,241727506870600,2212500,1054616900,1056893100
46,430,241727542505100,2211600,1090251400,1092527600
46,446,241727578062100,2198900,1125808400,1128084600
46,462,241727613664700,2104300,1161411000,1163687200
46,478,241727647923400,2162700,1195669700,1197945900
46,494,241727690671900,2245500,1238418200,1240694400
46,510,241727726186100,2195300,1273932400,1276208600
46,526,241727761519500,2084100,1309265800,1311542000
46,542,241727800314300,2202000,1348060600,1350336800
46,558,241727835023600,2089400,1382769900,1385046100
46,574,241727869195700,2126300,1416942000,1419218200
46,590,241727904888900,2134100,1452635200,1454911400
46,606,241727939650900,2155500,1487397200,1489673400
46,622,241727982693500,2344300,1530439800,1532716000
46,638,241728017092500,2053200,1564838800,1567115000
46,654,241728051265900,2113400,1599012200,1601288400
46,670,241728086188300,2091600,1633934600,1636210800
46,686,241728120269800,2109500,1668016100,1670292300
46,702,241728154982700,2069500,1702729000,1705005200
46,718,241728189390400,2243900,1737136700,1739412900
46,734,241728225292700,2111700,1773039000,1775315200
46,750,241728268107700,2228100,1815854000,1818130200
46,766,241728304181400,2181700,1851927700,1854203900
46,782,241728340333100,2174500,1888079400,1890355600
46,798,241728375504500,2166200,1923250800,1925527000
46,814,241728410456200,2201000,1958202500,1960478700
46,830,241728445734900,2185600,1993481200,1995757400
46,846,241728480943500,2294000,2028689800,2030966000
46,862,241728523771400,2227500,2071517700,2073793900
46,878,241728558642800,2176300,2106389100,2108665300
46,894,241728593741500,2217600,2141487800,2143764000
46,910,241728628563400,2158400,2176309700,2178585900
46,926,241728663642800,2234400,2211389100,2213665300
46,942,241728699199700,2139000,2246946000,2249222200
46,958,241728734824100,2366600,2282570400,2284846600
46,974,241728770716500,2183000,2318462800,2320739000
46,990,241728813183000,2102200,2360929300,2363205500
46,1006,241728847490000,2168300,2395236300,2397512500
46,1022,241728881895100,2135400,2429641400,2431917600
46,1038,241728916905300,2165200,2464651600,2466927800
46,1054,241728951670500,2160700,2499416800,2501693000
46,1070,241728986148300,2131100,2533894600,2536170800
46,1086,241729022358100,2296600,2570104400,2572380600
46,1102,241729063415900,2158000,2611162200,2613438400
46,1118,241729098292900,2229700,2646039200,2648315400
46,1134,241729134500000,2174900,2682246300,2684522500
46,1150,241729169427700,2208900,2717174000,2719450200
46,1166,241729204918700,2258100,2752665000,2754941200
46,1182,241729240495800,2151200,2788242100,2790518300
46,1198,241729275273500,2195700,2823019800,2825296000
46,1214,241729311381800,2431100,2859128100,2861404300
46,1230,241729355164000,2250900,2902910300,2905186500
46,1246,241729389989100,2188500,2937735400,2940011600
46,1262,241729424665200,2385700,2972411500,2974687700
46,1278,241729464482800,2588200,3012229100,3014505300
46,1294,241729507160200,2741600,3054906500,3057182700
46,1310,241729552371600,3081700,3100117900,3102394100
46,1326,241729598635600,2859500,3146381900,3148658100
46,1342,241729647906100,2921800,3195652400,3197928600
46,1358,241729691848900,2627000,3239595200,3241871400
46,1374,241729735412900,2782100,3283159200,3285435400
46,1390,241729782173800,2888300,3329920100,3332196300
46,1406,241729830257600,2888700,3378003900,3380280100
46,1422,241729872694200,2588200,3420440500,3422716700
46,1438,241729916778000,2784200,3464524300,3466800500
46,1454,241729966269600,2957200,3514015900,3516292100
46,1470,241730015267100,2629700,3563013400,3565289600
46,1486,241730059287200,2544000,3607033500,3609309700
46,1502,241730103972900,2656900,3651719200,3653995400
46,1518,241730147133500,2610600,3694879800,3697156000
46,1534,241730189970600,2683500,3737716900,3739993100
46,1550,241730237500200,2628800,3785246500,3787522700
46,1566,241730284211400,2608700,3831957700,3834233900
46,1582,241730332730700,2583500,3880477000,3882753200
46,1598,241730376028100,2653200,3923774400,3926050600
46,1614,241730418102200,2726000,3965848500,3968124700
46,1630,241730462568200,2770200,4010314500,4012590700
46,1646,241730507266100,2878400,4055012400,4057288600
46,1662,241730550337300,2718400,4098083600,4100359800
46,1678,241730594091000,2651900,4141837300,4144113500
46,1694,241730636227300,2850300,4183973600,4186249800
46,1710,241730688118800,3089400,4235865100,4238141300
46,1726,241730735580100,3022900,4283326400,4285602600
46,1742,241730781886700,2785500,4329633000,4331909200
46,1758,241730830342700,2708600,4378089000,4380365200
46,1774,241730874038800,2677100,4421785100,4424061300
46,1790,241730917518500,2674000,4465264800,4467541000
46,1806,241730964055000,3098900,4511801300,4514077500
46,1822,241731015675300,2809200,4563421600,4565697800
46,1838,241731060985100,2748000,4608731400,4611007600
46,1854,241731105622300,2812700,4653368600,4655644800
46,1870,241731151059100,2626100,4698805400,4701081600
46,1886,241731193445600,2596600,4741191900,4743468100
46,1902,241731235064400,2621600,4782810700,4785086900
46,1918,241731278915500,2743000,4826661800,4828938000
46,1934,241731323814200,2873400,4871560500,4873836700
46,1950,241731373538800,2712600,4921285100,4923561300
46,1966,241731416660300,2855500,4964406600,4966682800
46,1982,241731460291600,2992400,5008037900,5010314100
46,1998,241731510754300,3199900,5058500600,5060776800
46,2014,241731556237800,2621300,5103984100,5106260300
46,2030,241731600404200,2694400,5148150500,5150426700
46,2046,241731644261300,3924100,5192007600,5194283800
47,15,241726565128500,2465800,112874800,115151000
47,31,241726603373900,2356800,151120200,153396400
47,47,241726645400700,2422700,193147000,195423200
47,63,241726682607200,2378100,230353500,232629700
47,79,241726721191300,2202000,268937600,271213800
47,95,241726760686400,2723300,308432700,310708900
47,111,241726812778800,2409800,360525100,362801300
47,127,241726851659800,2211200,399406100,401682300
47,143,241726887527800,2228000,435274100,437550300
47,159,241726925143100,2351200,472889400,475165600
47,175,241726963357000,2265100,511103300,513379500
47,191,241726999964500,2182700,547710800,549987000
47,207,241727035390400,2323500,583136700,585412900
47,223,241727071210300,2200200,618956600,621232800
47,239,241727112125500,2159300,659871800,662148000
47,255,241727146200600,2215500,693946900,696223100
47,271,241727181122400,2247700,728868700,731144900
47,287,241727216415400,2243500,764161700,766437900
47,303,241727251663600,2135700,799409900,801686100
47,319,241727285202700,2082600,832949000,835225200
47,335,241727319347800,2209600,867094100,869370300
47,351,241727356147400,2263700,903893700,906169900
47,367,241727401688000,2385000,949434300,951710500
47,383,241727438856900,2268500,986603200,988879400
47,399,241727474463300,2137600,1022209600,1024485800
47,415,241727509339800,2295700,1057086100,1059362300
47,431,241727545015300,2212300,1092761600,1095037800
47,447,241727580646700,2290700,1128393000,1130669200
47,463,241727616035800,2118400,1163782100,1166058300
47,479,241727650325900,2246500,1198072200,1200348400
47,495,241727693201200,2219600,1240947500,1243223700
47,511,241727728713700,2231100,1276460000,1278736200
47,527,241727763919300,2454300,1311665600,1313941800
47,543,241727804733400,2158600,1352479700,1354755900
47,559,241727839316200,2141800,1387062500,1389338700
47,575,241727873569400,2117100,1421315700,1423591900
47,591,241727908979100,2163800,1456725400,1459001600
47,607,241727943755300,2118500,1491501600,1493777800
47,623,241727986946900,2148300,1534693200,1536969400
47,639,241728020946200,2036400,1568692500,1570968700
47,655,241728055308500,2113700,1603054800,1605331000
47,671,241728090178700,2106600,1637925000,1640201200
47,687,241728124207400,2109400,1671953700,1674229900
47,703,241728158919100,2142800,1706665400,1708941600
47,719,241728193637700,2347200,1741384000,1743660200
47,735,241728229147900,2245100,1776894200,1779170400
47,751,241728272128000,2367100,1819874300,1822150500
47,767,241728308148500,2156600,1855894800,1858171000
47,783,241728344148900,2152400,1891895200,1894171400
47,799,241728379509200,2336900,1927255500,1929531700
47,815,241728414476900,2182100,1962223200,1964499400
47,831,241728449705700,2172000,1997452000,1999728200
47,847,241728485106300,2243500,2032852600,2035128800
47,863,241728527743000,2122600,2075489300,2077765500
47,879,241728562549400,2194200,2110295700,2112571900
47,895,241728597763500,2213600,2145509800,2147786000
47,911,241728632675700,2168800,2180422000,2182698200
47,927,241728667848900,2315400,2215595200,2217871400
47,943,241728703363300,2090600,2251109600,2253385800
47,959,241728739354500,2311500,2287100800,2289377000
47,975,241728774731600,2116000,2322477900,2324754100
47,991,241728817085600,2140700,2364831900,2367108100
47,1007,241728851455600,2156300,2399201900,2401478100
47,1023,241728885855600,2142800,2433601900,2435878100
47,1039,241728920899700,2165800,2468646000,2470922200
47,1055,241728955481500,2155100,2503227800,2505504000
47,1071,241728990053300,2186300,2537799600,2540075800
47,1087,241729026594100,2132700,2574340400,2576616600
47,1103,241729067168000,2197600,2614914300,2617190500
47,1119,241729102101200,2202200,2649847500,2652123700
47,1135,241729138033200,2244800,2685779500,2688055700
47,1151,241729172871300,2115100,2720617600,2722893800
47,1167,241729208666800,2375800,2756413100,2758689300
47,1183,241729244026700,2151600,2791773000,2794049200
47,1199,241729278952600,2168000,2826698900,2828975100
47,1215,241729315419300,2189100,2863165600,2865441800
47,1231,241729358575900,2217800,2906322200,2908598400
47,1247,241729393316100,2147800,2941062400,2943338600
47,1263,241729428246200,2301200,2975992500,2978268700
47,1279,241729468493100,2809800,3016239400,3018515600
47,1295,241729511364300,2749500,3059110600,3061386800
47,1311,241729557056500,2983200,3104802800,3107079000
47,1327,241729602884200,2683700,3150630500,3152906700
47,1343,241729652248500,2756600,3199994800,3202271000
47,1359,241729695824900,2588000,3243571200,3245847400
47,1375,241729739735900,2778700,3287482200,3289758400
47,1391,241729786395700,2790100,3334142000,3336418200
47,1407,241729834365800,2658600,3382112100,3384388300
47,1423,241729876542500,2617400,3424288800,3426565000
47,1439,241729920860100,2772300,3468606400,3470882600
47,1455,241729970847900,2938300,3518594200,3520870400
47,1471,241730019390700,2752300,3567137000,3569413200
47,1487,241730063286400,2589800,3611032700,3613308900
47,1503,241730108132900,2717400,3655879200,3658155400
47,1519,241730151205400,2593900,3698951700,3701227900
47,1535,241730194028100,4505300,3741774400,3744050600
47,1551,241730241470900,4379800,3789217200,3791493400
47,1567,241730288183600,2748400,3835929900,3838206100
47,1583,241730336673000,2639700,3884419300,3886695500
47,1599,241730379994200,2599400,3927740500,3930016700
47,1615,241730422211400,2720500,3969957700,3972233900
47,1631,241730466680000,2739600,4014426300,4016702500
47,1647,241730511461200,2594200,4059207500,4061483700
47,1663,241730554416200,3587200,4102162500,4104438700
47,1679,241730598030000,2598700,4145776300,4148052500
47,1695,241730640519300,2912300,4188265600,4190541800
47,1711,241730692747900,2958000,4240494200,4242770400
47,1727,241730740065100,2832100,4287811400,4290087600
47,1743,241730786197400,2835200,4333943700,4336219900
47,1759,241730834543200,2714300,4382289500,4384565700
47,1775,241730878111300,2701800,4425857600,4428133800
47,1791,241730921793900,2832800,4469540200,4471816400
47,1807,241730968865700,2936600,4516612000,4518888200
47,1823,241731023710200,2588400,4571456500,4573732700
47,1839,241731067954100,2766900,4615700400,4617976600
47,1855,241731112891500,3044400,4660637800,4662914000
47,1871,241731157686400,2692700,4705432700,4707708900
47,1887,241731200055400,2602400,4747801700,4750077900
47,1903,241731241851700,2683200,4789598000,4791874200
47,1919,241731285844600,2716200,4833590900,4835867100
47,1935,241731331188800,3096900,4878935100,4881211300
47,1951,241731380240200,2632100,4927986500,4930262700
47,1967,241731423372900,2552700,4971119200,4973395400
47,1983,241731468151100,3310800,5015897400,5018173600
47,1999,241731518726000,3001500,5066472300,5068748500
47,2015,241731563163300,2694100,5110909600,5113185800
47,2031,241731607327600,2667800,5155073900,5157350100
47,2047,241731653784100,2137600,5201530400,5203806600
48,0,241726508934800,9702800,56681100,58957300
48,16,241726567716800,2448800,115463100,117739300
48,32,241726605934300,2345800,153680600,155956800
48,48,241726648148700,2339700,195895000,198171200
48,64,241726685303400,2545800,233049700,235325900
48,80,241726723663000,2218500,271409300,273685500
48,96,241726763932800,2839100,311679100,313955300
48,112,241726815640400,2641800,363386700,365662900
48,128,241726854507100,2292200,402253400,404529600
48,144,241726890359200,2324300,438105500,440381700
48,160,241726927995200,2209400,475741500,478017700
48,176,241726966435600,2248600,514181900,516458100
48,192,241727002804400,2224500,550550700,552826900
48,208,241727038397100,2597300,586143400,588419600
48,224,241727074044500,2464800,621790800,624067000
48,240,241727114837800,2254900,662584100,664860300
48,256,241727148990300,2147100,696736600,699012800
48,272,241727183951300,2216200,731697600,733973800
48,288,241727219244400,2249300,766990700,769266900
48,304,241727254539700,2133400,802286000,804562200
48,320,241727287913100,2062700,835659400,837935600
48,336,241727322343300,2370000,870089600,872365800
48,352,241727359408800,2020200,907155100,909431300
48,368,241727404225100,2216700,951971400,954247600
48,384,241727441214600,2244200,988960900,991237100
48,400,241727476689700,2101300,1024436000,1026712200
48,416,241727511851600,2576000,1059597900,1061874100
48,432,241727547401300,2165600,1095147600,1097423800
48,448,241727583209900,2239200,1130956200,1133232400
48,464,241727618442600,2141300,1166188900,1168465100
48,480,241727652811100,2547300,1200557400,1202833600
48,496,241727695513200,2184100,1243259500,1245535700
48,512,241727731008400,2178900,1278754700,1281030900
48,528,241727766435900,2161500,1314182200,1316458400
48,544,241727806022700,2097200,1353769000,1356045200
48,560,241727840575300,2141700,1388321600,1390597800
48,576,241727874808700,2163700,1422555000,1424831200
48,592,241727910329800,2146500,1458076100,1460352300
48,608,241727945189900,2121200,1492936200,1495212400
48,624,241727988395500,2221700,1536141800,1538418000
48,640,241728022305000,2037300,1570051300,1572327500
48,656,241728056724400,2141400,1604470700,1606746900
48,672,241728091618100,2120600,1639364400,1641640600
48,688,241728125697800,2242300,1673444100,1675720300
48,704,241728160486300,2111100,1708232600,1710508800
48,720,241728196306000,2291700,1744052300,1746328500
48,736,241728231693200,2211800,1779439500,1781715700
48,752,241728274914900,2265200,1822661200,1824937400
48,768,241728310597700,2276700,1858344000,1860620200
48,784,241728346564700,2124000,1894311000,1896587200
48,800,241728382033900,2197900,1929780200,1932056400
48,816,241728416845000,2161700,1964591300,1966867500
48,832,241728452085600,2152600,1999831900,2002108100
48,848,241728487619800,2258600,2035366100,2037642300
48,864,241728530100800,2128100,2077847100,2080123300
48,880,241728564928000,2154600,2112674300,2114950500
48,896,241728600079700,2250000,2147826000,2150102200
48,912,241728634941900,2179700,2182688200,2184964400
48,928,241728670197800,2273400,2217944100,2220220300
48,944,241728705484900,2136100,2253231200,2255507400
48,960,241728741948200,2228700,2289694500,2291970700
48,976,241728777213800,2160200,2324960100,2327236300
48,992,241728819691000,2124100,2367437300,2369713500
48,1008,241728854062600,2090900,2401808900,2404085100
48,1024,241728888462300,2153900,2436208600,2438484800
48,1040,241728923394300,2137300,2471140600,2473416800
48,1056,241728957986200,2148700,2505732500,2508008700
48,1072,241728992570800,2123600,2540317100,2542593300
48,1088,241729029388700,2189300,2577135000,2579411200
48,1104,241729070090200,2200300,2617836500,2620112700
48,1120,241729105039700,2332000,2652786000,2655062200
48,1136,241729140986600,2120000,2688732900,2691009100
48,1152,241729175691200,2105100,2723437500,2725713700
48,1168,241729211799900,2155000,2759546200,2761822400
48,1184,241729246852000,2154400,2794598300,2796874500
48,1200,241729281910400,2118300,2829656700,2831932900
48,1216,241729318261200,3779800,2866007500,2868283700
48,1232,241729361579000,2164600,2909325300,2911601500
48,1248,241729396243100,2125500,2943989400,2946265600
48,1264,241729431347700,2503300,2979094000,2981370200
48,1280,241729472091300,2615500,3019837600,3022113800
48,1296,241729514976600,2722700,3062722900,3064999100
48,1312,241729560995000,2981200,3108741300,3111017500
48,1328,241729606478800,2707400,3154225100,3156501300
48,1344,241729655895700,2695000,3203642000,3205918200
48,1360,241729699348800,2748300,3247095100,3249371300
48,1376,241729743433500,2903100,3291179800,3293456000
48,1392,241729790082000,2824900,3337828300,3340104500
48,1408,241729837822700,2588900,3385569000,3387845200
48,1424,241729880001900,2719400,3427748200,3430024400
48,1440,241729924470300,2790000,3472216600,3474492800
48,1456,241729974800400,2833600,3522546700,3524822900
48,1472,241730022984700,2694800,3570731000,3573007200
48,1488,241730066695500,2544300,3614441800,3616718000
48,1504,241730111771100,2807200,3659517400,3661793600
48,1520,241730154619700,2589700,3702366000,3704642200
48,1536,241730200850600,2788300,3748596900,3750873100
48,1552,241730247716400,2672000,3795462700,3797738900
48,1568,241730291855300,2599600,3839601600,3841877800
48,1584,241730340445600,2759800,3888191900,3890468100
48,1600,241730383649400,2622200,3931395700,3933671900
48,1616,241730426010000,2764600,3973756300,3976032500
48,1632,241730470595300,2725100,4018341600,4020617800
48,1648,241730514889200,2661300,4062635500,4064911700
48,1664,241730558899400,2595300,4106645700,4108921900
48,1680,241730601484200,2650600,4149230500,4151506700
48,1696,241730644306100,2869600,4192052400,4194328600
48,1712,241730696577700,2927400,4244324000,4246600200
48,1728,241730743741300,2996800,4291487600,4293763800
48,1744,241730789852000,2808100,4337598300,4339874500
48,1760,241730838048400,2727400,4385794700,4388070900
48,1776,241730881637600,2725800,4429383900,4431660100
48,1792,241730925484800,2802900,4473231100,4475507300
48,1808,241730972714600,2828300,4520460900,4522737100
48,1824,241731026341400,2630400,4574087700,4576363900
48,1840,241731070773400,2703500,4618519700,4620795900
48,1856,241731115891700,2989600,4663638000,4665914200
48,1872,241731160340800,2597400,4708087100,4710363300
48,1888,241731202624200,2595100,4750370500,4752646700
48,1904,241731244492400,2658000,4792238700,4794514900
48,1920,241731288685300,2737400,4836431600,4838707800
48,1936,241731334434900,7748100,4882181200,4884457400
48,1952,241731383011600,2609600,4930757900,4933034100
48,1968,241731426074000,2947600,4973820300,4976096500
48,1984,241731471554600,3349400,5019300900,5021577100
48,2000,241731521951300,2864300,5069697600,5071973800
48,2016,241731565930600,2716100,5113676900,5115953100
48,2032,241731610067400,2700200,5157813700,5160089900
49,1,241726518707800,3042400,66454100,68730300
49,17,241726570132500,2375200,117878800,120155000
49,33,241726608190000,2335700,155936300,158212500
49,49,241726650334200,2302300,198080500,200356700
49,65,241726687719700,2560300,235466000,237742200
49,81,241726725700500,2212000,273446800,275723000
49,97,241726766444300,2933800,314190600,316466800
49,113,241726817924600,2643200,365670900,367947100
49,129,241726856621800,2208400,404368100,406644300
49,145,241726892467000,2399800,440213300,442489500
49,161,241726930030000,2234500,477776300,480052500
49,177,241726967906800,2264500,515653100,517929300
49,193,241727004389500,2245300,552135800,554412000
49,209,241727040252700,2525900,587999000,590275200
49,225,241727076103000,2241300,623849300,626125500
49,241,241727116641900,2111300,664388200,666664400
49,257,241727150712200,2147700,698458500,700734700
49,273,241727185917300,2144700,733663600,735939800
49,289,241727221227800,2240700,768974100,771250300
49,305,241727256371400,2082400,804117700,806393900
49,321,241727289706400,2061700,837452700,839728900
49,337,241727324428300,2130800,872174600,874450800
49,353,241727361022700,3772400,908769000,911045200
49,369,241727406901500,2203800,954647800,956924000
49,385,241727443948200,2348900,991694500,993970700
49,401,241727479285900,2178100,1027032200,1029308400
49,417,241727514690500,2230600,1062436800,1064713000
49,433,241727549790800,2564200,1097537100,1099813300
49,449,241727585899400,2238300,1133645700,1135921900
49,465,241727621010300,2164400,1168756600,1171032800
49,481,241727655841200,2408100,1203587500,1205863700
49,497,241727698297300,2234500,1246043600,1248319800
49,513,241727733759700,2177500,1281506000,1283782200
49,529,241727769071700,2175900,1316818000,1319094200
49,545,241727808373100,2159400,1356119400,1358395600
49,561,241727842991900,2169700,1390738200,1393014400
49,577,241727877218000,2150800,1424964300,1427240500
49,593,241727912709600,2145900,1460455900,1462732100
49,609,241727947511100,2156300,1495257400,1497533600
49,625,241727990807200,2220000,1538553500,1540829700
49,641,241728024510300,2058200,1572256600,1574532800
49,657,241728059045700,2164300,1606792000,1609068200
49,673,241728093917700,2133900,1641664000,1643940200
49,689,241728128004300,2258100,1675750600,1678026800
49,705,241728162483400,2146200,1710229700,1712505900
49,721,241728197966400,2274900,1745712700,1747988900
49,737,241728233270300,2210600,1781016600,1783292800
49,753,241728276444800,2240400,1824191100,1826467300
49,769,241728312195900,2246500,1859942200,1862218400
49,785,241728348064000,2152400,1895810300,1898086500
49,801,241728383633800,2243700,1931380100,1933656300
49,817,241728418418900,2175600,1966165200,1968441400
49,833,241728453599700,2168600,2001346000,2003622200
49,849,241728489372100,2241800,2037118400,2039394600
49,865,241728531786800,2155800,2079533100,2081809300
49,881,241728566711400,2181800,2114457700,2116733900
49,897,241728602078400,2180800,2149824700,2152100900
49,913,241728636828100,2190300,2184574400,2186850600
49,929,241728672237500,2199200,2219983800,2222260000
49,945,241728707253000,2123400,2254999300,2257275500
49,961,241728743604900,2285400,2291351200,2293627400
49,977,241728778842000,2152700,2326588300,2328864500
49,993,241728821194200,2139000,2368940500,2371216700
49,1009,241728855554500,2156800,2403300800,2405577000
49,1025,241728890015800,2154800,2437762100,2440038300
49,1041,241728925018500,2132000,2472764800,2475041000
49,1057,241728959624200,2186000,2507370500,2509646700
49,1073,241728994242200,2243100,2541988500,2544264700
49,1089,241729031054800,2201400,2578801100,2581077300
49,1105,241729071728900,2215600,2619475200,2621751400
49,1121,241729106671100,2547900,2654417400,2656693600
49,1137,241729142599200,2143500,2690345500,2692621700
49,1153,241729177265900,2105700,2725012200,2727288400
49,1169,241729213394900,2212900,2761141200,2763417400
49,1185,241729248448100,2110300,2796194400,2798470600
49,1201,241729283426300,2157100,2831172600,2833448800
49,1217,241729320144700,4071700,2867891000,2870167200
49,1233,241729363164300,2150500,2910910600,2913186800
49,1249,241729397795900,2165600,2945542200,2947818400
49,1265,241729433226900,2529000,2980973200,2983249400
49,1281,241729474021700,2652500,3021768000,3024044200
49,1297,241729516967200,2725800,3064713500,3066989700
49,1313,241729563263400,2717700,3111009700,3113285900
49,1329,241729608465800,2714000,3156212100,3158488300
49,1345,241729657881300,2864900,3205627600,3207903800
49,1361,241729701365900,2776000,3249112200,3251388400
49,1377,241729745594500,3032600,3293340800,3295617000
49,1393,241729792194200,2875700,3339940500,3342216700
49,1409,241729839809800,2583200,3387556100,3389832300
49,1425,241729882087800,2622500,3429834100,3432110300
49,1441,241729926611400,2917300,3474357700,3476633900
49,1457,241729977044500,2721900,3524790800,3527067000
49,1473,241730025100500,2701200,3572846800,3575123000
49,1489,241730068677200,3529800,3616423500,3618699700
49,1505,241730113908900,2806600,3661655200,3663931400
49,1521,241730156603500,2609900,3704349800,3706626000
49,1537,241730202961800,2797400,3750708100,3752984300
49,1553,241730249762600,3154700,3797508900,3799785100
49,1569,241730293844000,2616500,3841590300,3843866500
49,1585,241730342495700,2706100,3890242000,3892518200
49,1601,241730385583200,2587700,3933329500,3935605700
49,1617,241730428021400,2859900,3975767700,3978043900
49,1633,241730472622100,3003400,4020368400,4022644600
49,1649,241730517111000,2766900,4064857300,4067133500
49,1665,241730561071800,2610800,4108818100,4111094300
49,1681,241730603692500,2656200,4151438800,4153715000
49,1697,241730646683700,7677100,4194430000,4196706200
49,1713,241730699031200,3071400,4246777500,4249053700
49,1729,241730746260900,2999400,4294007200,4296283400
49,1745,241730792273100,2868000,4340019400,4342295600
49,1761,241730840395700,2778200,4388142000,4390418200
49,1777,241730883911800,2712500,4431658100,4433934300
49,1793,241730927835000,2732300,4475581300,4477857500
49,1809,241730975116800,2772800,4522863100,4525139300
49,1825,241731028266500,2650700,4576012800,4578289000
49,1841,241731072736100,2769600,4620482400,4622758600
49,1857,241731118097400,3016000,4665843700,4668119900
49,1873,241731162273100,2609700,4710019400,4712295600
49,1889,241731204550300,2655300,4752296600,4754572800
49,1905,241731246424400,2747900,4794170700,4796446900
49,1921,241731290625200,2709100,4838371500,4840647700
49,1937,241731341437300,2843900,4889183600,4891459800
49,1953,241731384985700,2610600,4932732000,4935008200
49,1969,241731428266000,2901800,4976012300,4978288500
49,1985,241731474160600,3100400,5021906900,5024183100
49,2001,241731524078600,2671500,5071824900,5074101100
49,2017,241731567604300,2746800,5115350600,5117626800
49,2033,241731611722400,2697500,5159468700,5161744900
50,2,241726521714800,2631300,69461100,71737300
50,18,241726572572100,2329400,120318400,122594600
50,34,241726610465600,2226900,158211900,160488100
50,50,241726652674800,2254300,200421100,202697300
50,66,241726690213400,2668300,237959700,240235900
50,82,241726728073800,2262800,275820100,278096300
50,98,241726769577600,2802300,317323900,319600100
50,114,241726820698000,2401100,368444300,370720500
50,130,241726859124500,2192100,406870800,409147000
50,146,241726895158600,2260700,442904900,445181100
50,162,241726932553600,2248100,480299900,482576100
50,178,241726970370700,2247500,518117000,520393200
50,194,241727006669000,2280500,554415300,556691500
50,210,241727042958000,2174400,590704300,592980500
50,226,241727078515600,2176700,626261900,628538100
50,242,241727118938500,2107300,666684800,668961000
50,258,241727152951000,2121700,700697300,702973500
50,274,241727188096300,2227600,735842600,738118800
50,290,241727223504200,2291200,771250500,773526700
50,306,241727258425600,2071900,806171900,808448100
50,322,241727291739200,2081200,839485500,841761700
50,338,241727326499800,2330200,874246100,876522300
50,354,241727364704100,2343900,912450400,914726600
50,370,241727408871300,2177400,956617600,958893800
50,386,241727446015800,2622200,993762100,996038300
50,402,241727481182300,2138400,1028928600,1031204800
50,418,241727516742300,2242400,1064488600,1066764800
50,434,241727551863600,2223200,1099609900,1101886100
50,450,241727587626800,2207600,1135373100,1137649300
50,466,241727622613400,2170700,1170359700,1172635900
50,482,241727657657500,2375600,1205403800,1207680000
50,498,241727699929500,2255700,1247675800,1249952000
50,514,241727735334200,2173100,1283080500,1285356700
50,530,241727770646300,2199500,1318392600,1320668800
50,546,241727810048600,2240600,1357794900,1360071100
50,562,241727844669400,2115900,1392415700,1394691900
50,578,241727878836500,2075700,1426582800,1428859000
50,594,241727914348400,2136200,1462094700,1464370900
50,610,241727949057200,2112300,1496803500,1499079700
50,626,241727992465800,2198200,1540212100,1542488300
50,642,241728026045600,2067800,1573791900,1576068100
50,658,241728060757700,2225700,1608504000,1610780200
50,674,241728095596700,2195900,1643343000,1645619200
50,690,241728129823900,2170000,1677570200,1679846400
50,706,241728164210100,2109500,1711956400,1714232600
50,722,241728200931600,2244100,1748677900,1750954100
50,738,241728236196100,2209400,1783942400,1786218600
50,754,241728279505600,2292700,1827251900,1829528100
50,770,241728315236600,2250700,1862982900,1865259100
50,786,241728350978100,2151700,1898724400,1901000600
50,802,241728386794400,2171500,1934540700,1936816900
50,818,241728421534500,2149900,1969280800,1971557000
50,834,241728456708300,2132700,2004454600,2006730800
50,850,241728492719200,2201800,2040465500,2042741700
50,866,241728535002100,2098000,2082748400,2085024600
50,882,241728569961100,2248200,2117707400,2119983600
50,898,241728604830300,2165700,2152576600,2154852800
50,914,241728639608300,2153800,2187354600,2189630800
50,930,241728675029600,2238900,2222775900,2225052100
50,946,241728710084400,2256200,2257830700,2260106900
50,962,241728746749500,2239500,2294495800,2296772000
50,978,241728781788900,2121400,2329535200,2331811400
50,994,241728824142400,2141500,2371888700,2374164900
50,1010,241728858489400,2127100,2406235700,2408511900
50,1026,241728892990200,2134800,2440736500,2443012700
50,1042,241728928005100,2161000,2475751400,2478027600
50,1058,241728962591800,2151100,2510338100,2512614300
50,1074,241728997157100,2115300,2544903400,2547179600
50,1090,241729033857000,2181100,2581603300,2583879500
50,1106,241729074430400,2123500,2622176700,2624452900
50,1122,241729109674500,2279400,2657420800,2659697000
50,1138,241729145229600,2160600,2692975900,2695252100
50,1154,241729179870300,2144400,2727616600,2729892800
50,1170,241729216200700,2233000,2763947000,2766223200
50,1186,241729251343300,2091600,2799089600,2801365800
50,1202,241729286212900,2107600,2833959200,2836235400
50,1218,241729324580600,2304100,2872326900,2874603100
50,1234,241729365759300,2126600,2913505600,2915781800
50,1250,241729400392000,2148100,2948138300,2950414500
50,1266,241729436328000,2341900,2984074300,2986350500
50,1282,241729477346800,2712100,3025093100,3027369300
50,1298,241729520360900,2695800,3068107200,3070383400
50,1314,241729566591300,2659700,3114337600,3116613800
50,1330,241729611845500,2755600,3159591800,3161868000
50,1346,241729661394400,2705000,3209140700,3211416900
50,1362,241729704792300,2724700,3252538600,3254814800
50,1378,241729749308700,2763600,3297055000,3299331200
50,1394,241729795801800,2812300,3343548100,3345824300
50,1410,241729843017400,2584500,3390763700,3393039900
50,1426,241729885379800,2641200,3433126100,3435402300
50,1442,241729930282800,2655400,3478029100,3480305300
50,1458,241729980485200,7901500,3528231500,3530507700
50,1474,241730028423300,2645700,3576169600,3578445800
50,1490,241730073203100,2885700,3620949400,3623225600
50,1506,241730117370400,2940400,3665116700,3667392900
50,1522,241730159882700,2582900,3707629000,3709905200
50,1538,241730206498000,2682300,3754244300,3756520500
50,1554,241730253780300,2952200,3801526600,3803802800
50,1570,241730297179500,2646100,3844925800,3847202000
50,1586,241730346006100,2706200,3893752400,3896028600
50,1602,241730388905400,2579100,3936651700,3938927900
50,1618,241730431767500,2749800,3979513800,3981790000
50,1634,241730476311500,3017100,4024057800,4026334000
50,1650,241730520509600,2581000,4068255900,4070532100
50,1666,241730564321900,2577300,4112068200,4114344400
50,1682,241730607007500,2652300,4154753800,4157030000
50,1698,241730655093200,2813600,4202839500,4205115700
50,1714,241730702804700,2953400,4250551000,4252827200
50,1730,241730749944800,2860500,4297691100,4299967300
50,1746,241730795806400,2754600,4343552700,4345828900
50,1762,241730843784600,2692500,4391530900,4393807100
50,1778,241730887265900,2434900,4435012200,4437288400
50,1794,241730931220200,2724800,4478966500,4481242700
50,1810,241730978483500,2824100,4526229800,4528506000
50,1826,241731029815200,2706900,4577561500,4579837700
50,1842,241731074387900,2853000,4622134200,4624410400
50,1858,241731119953200,2985700,4667699500,4669975700
50,1874,241731163858000,2600900,4711604300,4713880500
50,1890,241731206175600,2619100,4753921900,4756198100
50,1906,241731248095600,2741000,4795841900,4798118100
50,1922,241731292283800,2693100,4840030100,4842306300
50,1938,241731343099500,2951700,4890845800,4893122000
50,1954,241731386457800,2614900,4934204100,4936480300
50,1970,241731429953700,2747000,4977700000,4979976200
50,1986,241731475872800,3082600,5023619100,5025895300
50,2002,241731525558300,2972400,5073304600,5075580800
50,2018,241731569181500,2724800,5116927800,5119204000
50,2034,241731613302700,2717200,5161049000,5163325200
51,3,241726524429500,3564400,72175800,74452000
51,19,241726574942000,2313800,122688300,124964500
51,35,241726612731200,2281200,160477500,162753700
51,51,241726654863400,2310000,202609700,204885900
51,67,241726692720900,2373900,240467200,242743400
51,83,241726730210300,2258400,277956600,280232800
51,99,241726772076200,2739800,319822500,322098700
51,115,241726822866300,2269400,370612600,372888800
51,131,241726860935700,2244800,408682000,410958200
51,147,241726897068600,2336500,444814900,447091100
51,163,241726934423400,2320700,482169700,484445900
51,179,241726973090000,2322700,520836300,523112500
51,195,241727009417100,2222600,557163400,559439600
51,211,241727045442600,2201500,593188900,595465100
51,227,241727081002800,2194500,628749100,631025300
51,243,241727121374300,2073500,669120600,671396800
51,259,241727155479200,2114400,703225500,705501700
51,275,241727190782200,2173000,738528500,740804700
51,291,241727226246800,2425500,773993100,776269300
51,307,241727260918600,2100200,808664900,810941100
51,323,241727294244000,2041000,841990300,844266500
51,339,241727329332200,2307100,877078500,879354700
51,355,241727365965600,2333600,913711900,915988100
51,371,241727410128000,2191300,957874300,960150500
51,387,241727447420800,2417100,995167100,997443300
51,403,241727482377900,2121000,1030124200,1032400400
51,419,241727517974300,2214200,1065720600,1067996800
51,435,241727553135800,2177500,1100882100,1103158300
51,451,241727588881400,2193100,1136627700,1138903900
51,467,241727623901700,2169600,1171648000,1173924200
51,483,241727659193300,2401500,1206939600,1209215800
51,499,241727701281600,2334000,1249027900,1251304100
51,515,241727736707100,2226900,1284453400,1286729600
51,531,241727772023400,1909500,1319769700,1322045900
51,547,241727811464800,2265700,1359211100,1361487300
51,563,241727846056500,2109700,1393802800,1396079000
51,579,241727880240700,2108200,1427987000,1430263200
51,595,241727915776200,2120600,1463522500,1465798700
51,611,241727950465400,2151800,1498211700,1500487900
51,627,241727994391000,2130000,1542137300,1544413500
51,643,241728027885200,2126500,1575631500,1577907700
51,659,241728062585700,2206300,1610332000,1612608200
51,675,241728097439600,2084900,1645185900,1647462100
51,691,241728131684400,2152700,1679430700,1681706900
51,707,241728165997400,2138600,1713743700,1716019900
51,723,241728202131600,2235800,1749877900,1752154100
51,739,241728237203500,2216400,1784949800,1787226000
51,755,241728280516600,2380600,1828262900,1830539100
51,771,241728316280800,2334800,1864027100,1866303300
51,787,241728352024100,2155700,1899770400,1902046600
51,803,241728387774700,2203500,1935521000,1937797200
51,819,241728422500400,2129400,1970246700,1972522900
51,835,241728457626000,2155900,2005372300,2007648500
51,851,241728493510100,2202400,2041256400,2043532600
51,867,241728535753800,2157900,2083500100,2085776300
51,883,241728570813800,2196800,2118560100,2120836300
51,899,241728606046700,2144600,2153793000,2156069200
51,915,241728640799400,2150500,2188545700,2190821900
51,931,241728676240700,2398700,2223987000,2226263200
51,947,241728711398300,2150400,2259144600,2261420800
51,963,241728747934200,2272800,2295680500,2297956700
51,979,241728782870400,2109300,2330616700,2332892900
51,995,241728825266000,2174700,2373012300,2375288500
51,1011,241728859631600,2153800,2407377900,2409654100
51,1027,241728894145500,2125700,2441891800,2444168000
51,1043,241728929050600,2171400,2476796900,2479073100
51,1059,241728963727800,2144300,2511474100,2513750300
51,1075,241728998398900,2122300,2546145200,2548421400
51,1091,241729035146900,2162900,2582893200,2585169400
51,1107,241729075801400,2145900,2623547700,2625823900
51,1123,241729111113700,2243800,2658860000,2661136200
51,1139,241729146573800,2191700,2694320100,2696596300
51,1155,241729181203600,2152600,2728949900,2731226100
51,1171,241729217635900,2201600,2765382200,2767658400
51,1187,241729252476900,2106600,2800223200,2802499400
51,1203,241729287416700,2121500,2835163000,2837439200
51,1219,241729326032100,7627000,2873778400,2876054600
51,1235,241729367142900,2132300,2914889200,2917165400
51,1251,241729401808600,2135600,2949554900,2951831100
51,1267,241729438020100,2308000,2985766400,2988042600
51,1283,241729479267900,2674200,3027014200,3029290400
51,1299,241729522227300,2712800,3069973600,3072249800
51,1315,241729568452100,2614300,3116198400,3118474600
51,1331,241729613727200,2769300,3161473500,3163749700
51,1347,241729663247200,2665200,3210993500,3213269700
51,1363,241729706657500,2665900,3254403800,3256680000
51,1379,241729751187500,2867500,3298933800,3301210000
51,1395,241729797737800,2878100,3345484100,3347760300
51,1411,241729844738700,2572400,3392485000,3394761200
51,1427,241729887142800,2751300,3434889100,3437165300
51,1443,241729932072100,2629300,3479818400,3482094600
51,1459,241729987436500,2984900,3535182800,3537459000
51,1475,241730030298900,2466500,3578045200,3580321400
51,1491,241730075270100,2673600,3623016400,3625292600
51,1507,241730119415300,3083500,3667161600,3669437800
51,1523,241730161684000,2830300,3709430300,3711706500
51,1539,241730208293500,2750000,3756039800,3758316000
51,1555,241730255860200,2747700,3803606500,3805882700
51,1571,241730298963000,2611300,3846709300,3848985500
51,1587,241730347744300,2734400,3895490600,3897766800
51,1603,241730390579600,2610700,3938325900,3940602100
51,1619,241730433562000,2750100,3981308300,3983584500
51,1635,241730478360800,2930800,4026107100,4028383300
51,1651,241730522319300,2679000,4070065600,4072341800
51,1667,241730566081300,2616500,4113827600,4116103800
51,1683,241730608801000,2730800,4156547300,4158823500
51,1699,241730657033900,2869600,4204780200,4207056400
51,1715,241730704764700,3087700,4252511000,4254787200
51,1731,241730751873500,2908500,4299619800,4301896000
51,1747,241730797770800,2819400,4345517100,4347793300
51,1763,241730845680700,2718400,4393427000,4395703200
51,1779,241730889161800,2606200,4436908100,4439184300
51,1795,241730933181400,2784400,4480927700,4483203900
51,1811,241730980399400,2814000,4528145700,4530421900
51,1827,241731031906400,2879600,4579652700,4581928900
51,1843,241731076533700,2865700,4624280000,4626556200
51,1859,241731122178000,2976100,4669924300,4672200500
51,1875,241731165805800,2603900,4713552100,4715828300
51,1891,241731208159600,2596900,4755905900,4758182100
51,1907,241731250228500,2735200,4797974800,4800251000
51,1923,241731294368000,2708300,4842114300,4844390500
51,1939,241731345428100,2786500,4893174400,4895450600
51,1955,241731388533500,2681200,4936279800,4938556000
51,1971,241731432146600,2670100,4979892900,4982169100
51,1987,241731478293200,3050100,5026039500,5028315700
51,2003,241731527713100,2681300,5075459400,5077735600
51,2019,241731571076700,2681800,5118823000,5121099200
51,2035,241731615161900,2704700,5162908200,5165184400
52,4,241726528037800,3476400,75784100,78060300
52,20,241726577326900,2310900,125073200,127349400
52,36,241726615143600,2290700,162889900,165166100
52,52,241726657299000,2196700,205045300,207321500
52,68,241726695162400,2368900,242908700,245184900
52,84,241726732537600,2423300,280283900,282560100
52,100,241726774873900,2738600,322620200,324896400
52,116,241726825214300,2373200,372960600,375236800
52,132,241726863298700,2202800,411045000,413321200
52,148,241726899475000,2246100,447221300,449497500
52,164,241726936809700,2239600,484556000,486832200
52,180,241726974246400,2328300,521992700,524268900
52,196,241727010710500,2167300,558456800,560733000
52,212,241727046709800,2244700,594456100,596732300
52,228,241727082173500,2246700,629919800,632196000
52,244,241727122513200,2115200,670259500,672535700
52,260,241727156651500,2093200,704397800,706674000
52,276,241727191923600,2166000,739669900,741946100
52,292,241727227597400,2206000,775343700,777619900
52,308,241727262069900,2105000,809816200,812092400
52,324,241727295396000,2050900,843142300,845418500
52,340,241727330554800,2393600,878301100,880577300
52,356,241727368560400,2636500,916306700,918582900
52,372,241727412390900,2257100,960137200,962413400
52,388,241727450034200,2169800,997780500,1000056700
52,404,241727484675500,2079800,1032421800,1034698000
52,420,241727520387400,2176000,1068133700,1070409900
52,436,241727555524300,2119900,1103270600,1105546800
52,452,241727591165700,2293400,1138912000,1141188200
52,468,241727626134900,2106000,1173881200,1176157400
52,484,241727661564500,2292200,1209310800,1211587000
52,500,241727703698700,2246300,1251445000,1253721200
52,516,241727739037000,2104000,1286783300,1289059500
52,532,241727773989900,2203500,1321736200,1324012400
52,548,241727812445100,2220500,1360191400,1362467600
52,564,241727846954600,2140700,1394700900,1396977100
52,580,241727881155200,2110100,1428901500,1431177700
52,596,241727916654100,2127400,1464400400,1466676600
52,612,241727951438000,2129900,1499184300,1501460500
52,628,241727994844200,2074200,1542590500,1544866700
52,644,241728028281500,2155300,1576027800,1578304000
52,660,241728062857600,2231100,1610603900,1612880100
52,676,241728097680300,2126800,1645426600,1647702800
52,692,241728131909300,2195400,1679655600,1681931800
52,708,241728166263300,2124700,1714009600,1716285800
52,724,241728203799300,2241800,1751545600,1753821800
52,740,241728238839400,2205200,1786585700,1788861900
52,756,241728282239400,2310500,1829985700,1832261900
52,772,241728317973900,2328600,1865720200,1867996400
52,788,241728353566500,2203300,1901312800,1903589000
52,804,241728389281400,2169400,1937027700,1939303900
52,820,241728423967100,2131300,1971713400,1973989600
52,836,241728459142600,2202900,2006888900,2009165100
52,852,241728495018000,2177700,2042764300,2045040500
52,868,241728537189800,2188200,2084936100,2087212300
52,884,241728572301400,2275900,2120047700,2122323900
52,900,241728607340600,2133300,2155086900,2157363100
52,916,241728642103800,2157100,2189850100,2192126300
52,932,241728677622300,2348700,2225368600,2227644800
52,948,241728712664200,2175500,2260410500,2262686700
52,964,241728749110900,2254600,2296857200,2299133400
52,980,241728784062600,9891000,2331808900,2334085100
52,996,241728826431300,2158500,2374177600,2376453800
52,1012,241728860778100,2129800,2408524400,2410800600
52,1028,241728895242200,2129100,2442988500,2445264700
52,1044,241728930231800,2272000,2477978100,2480254300
52,1060,241728964807700,2126900,2512554000,2514830200
52,1076,241728999653300,2129700,2547399600,2549675800
52,1092,241729036305900,2155900,2584052200,2586328400
52,1108,241729076914800,2151800,2624661100,2626937300
52,1124,241729112333100,2248400,2660079400,2662355600
52,1140,241729147754900,2171200,2695501200,2697777400
52,1156,241729182361100,2211700,2730107400,2732383600
52,1172,241729218776800,2125400,2766523100,2768799300
52,1188,241729253546300,2153200,2801292600,2803568800
52,1204,241729288528800,2156700,2836275100,2838551300
52,1220,241729326980800,7595500,2874727100,2877003300
52,1236,241729367856900,2142900,2915603200,2917879400
52,1252,241729402480100,2124500,2950226400,2952502600
52,1268,241729438541300,2354500,2986287600,2988563800
52,1284,241729479870700,2679400,3027617000,3029893200
52,1300,241729522709800,2725800,3070456100,3072732300
52,1316,241729568918200,2617400,3116664500,3118940700
52,1332,241729614254000,2764000,3162000300,3164276500
52,1348,241729663773100,2666500,3211519400,3213795600
52,1364,241729707199800,2610800,3254946100,3257222300
52,1380,241729751717100,2877700,3299463400,3301739600
52,1396,241729798273900,3100500,3346020200,3348296400
52,1412,241729845249800,2553000,3392996100,3395272300
52,1428,241729887649800,2770500,3435396100,3437672300
52,1444,241729932720500,2673500,3480466800,3482743000
52,1460,241729988133000,2890200,3535879300,3538155500
52,1476,241730030859400,2550400,3578605700,3580881900
52,1492,241730075864400,2661000,3623610700,3625886900
52,1508,241730120063200,3014700,3667809500,3670085700
52,1524,241730162256500,2832400,3710002800,3712279000
52,1540,241730208887400,2774100,3756633700,3758909900
52,1556,241730256358700,2741300,3804105000,3806381200
52,1572,241730299472600,2611300,3847218900,3849495100
52,1588,241730348309200,2740000,3896055500,3898331700
52,1604,241730391096900,2624200,3938843200,3941119400
52,1620,241730434137700,2701600,3981884000,3984160200
52,1636,241730479247300,2791000,4026993600,4029269800
52,1652,241730523022000,2729900,4070768300,4073044500
52,1668,241730566869200,2609300,4114615500,4116891700
52,1684,241730609624300,2695100,4157370600,4159646800
52,1700,241730657870900,2885800,4205617200,4207893400
52,1716,241730705713600,3131100,4253459900,4255736100
52,1732,241730752714000,3066000,4300460300,4302736500
52,1748,241730798487000,2834300,4346233300,4348509500
52,1764,241730846402000,2719000,4394148300,4396424500
52,1780,241730889671100,2809700,4437417400,4439693600
52,1796,241730933904300,2781400,4481650600,4483926800
52,1812,241730981189000,2905600,4528935300,4531211500
52,1828,241731034116500,2774400,4581862800,4584139000
52,1844,241731078647200,2955000,4626393500,4628669700
52,1860,241731124452400,2831400,4672198700,4674474900
52,1876,241731167820800,2569700,4715567100,4717843300
52,1892,241731210163700,2575100,4757910000,4760186200
52,1908,241731252243700,2756600,4799990000,4802266200
52,1924,241731296333000,2742800,4844079300,4846355500
52,1940,241731347450500,2775500,4895196800,4897473000
52,1956,241731390474100,2699400,4938220400,4940496600
52,1972,241731434078900,2673500,4981825200,4984101400
52,1988,241731480713000,3055300,5028459300,5030735500
52,2004,241731530091300,2667500,5077837600,5080113800
52,2020,241731573502900,2678000,5121249200,5123525400
52,2036,241731617622200,2687500,5165368500,5167644700
53,5,241726531585900,6269700,79332200,81608400
53,21,241726579606000,2315800,127352300,129628500
53,37,241726617363700,2273100,165110000,167386200
53,53,241726659465600,2244300,207211900,209488100
53,69,241726697568000,2333900,245314300,247590500
53,85,241726734932200,2749500,282678500,284954700
53,101,241726777815700,2811200,325562000,327838200
53,117,241726827788700,2419100,375535000,377811200
53,133,241726865592400,2213500,413338700,415614900
53,149,241726901817700,2284900,449564000,451840200
53,165,241726939151700,2179800,486898000,489174200
53,181,241726977342200,2156400,525088500,527364700
53,197,241727013853400,2314000,561599700,563875900
53,213,241727049798100,2092500,597544400,599820600
53,229,241727085256900,2211900,633003200,635279400
53,245,241727125401700,2068600,673148000,675424200
53,261,241727159548900,2151500,707295200,709571400
53,277,241727195012000,2213800,742758300,745034500
53,293,241727230691300,2085600,778437600,780713800
53,309,241727264985800,2089300,812732100,815008300
53,325,241727298283200,2064400,846029500,848305700
53,341,241727333939400,2539800,881685700,883961900
53,357,241727372460600,2218100,920206900,922483100
53,373,241727416047800,2270300,963794100,966070300
53,389,241727453517800,2167600,1001264100,1003540300
53,405,241727488102200,2136400,1035848500,1038124700
53,421,241727524005500,2262200,1071751800,1074028000
53,437,241727559088300,2357100,1106834600,1109110800
53,453,241727595126200,2256800,1142872500,1145148700
53,469,241727629797800,2093300,1177544100,1179820300
53,485,241727665498500,2205300,1213244800,1215521000
53,501,241727707493400,2141500,1255239700,1257515900
53,517,241727742793900,2186300,1290540200,1292816400
53,533,241727782391100,2379500,1330137400,1332413600
53,549,241727817829600,2126300,1365575900,1367852100
53,565,241727852243600,2102300,1399989900,1402266100
53,581,241727886424100,2074900,1434170400,1436446600
53,597,241727921826200,2322200,1469572500,1471848700
53,613,241727956578000,2128700,1504324300,1506600500
53,629,241727999904500,2152000,1547650800,1549927000
53,645,241728033823600,2152500,1581569900,1583846100
53,661,241728068444900,2299900,1616191200,1618467400
53,677,241728102985700,2072600,1650732000,1653008200
53,693,241728137515900,2178600,1685262200,1687538400
53,709,241728171563200,2082400,1719309500,1721585700
53,725,241728207739600,2153800,1755485900,1757762100
53,741,241728249977600,2298600,1797723900,1800000100
53,757,241728286418000,2235400,1834164300,1836440500
53,773,241728322408500,2298200,1870154800,1872431000
53,789,241728357714800,2193100,1905461100,1907737300
53,805,241728393113800,2135800,1940860100,1943136300
53,821,241728427821500,2161700,1975567800,1977844000
53,837,241728462942000,2150000,2010688300,2012964500
53,853,241728498810800,2156200,2046557100,2048833300
53,869,241728540970000,2119200,2088716300,2090992500
53,885,241728576189100,2121200,2123935400,2126211600
53,901,241728611518600,2234500,2159264900,2161541100
53,917,241728646278100,2187000,2194024400,2196300600
53,933,241728682024200,2204500,2229770500,2232046700
53,949,241728716803100,2103500,2264549400,2266825600
53,965,241728753476900,2142200,2301223200,2303499400
53,981,241728795954000,2182700,2343700300,2345976500
53,997,241728830524000,2132900,2378270300,2380546500
53,1013,241728864844800,2116700,2412591100,2414867300
53,1029,241728899313700,2354600,2447060000,2449336200
53,1045,241728934510600,2150000,2482256900,2484533100
53,1061,241728968898800,2147300,2516645100,2518921300
53,1077,241729003740700,2312600,2551487000,2553763200
53,1093,241729040418000,2218600,2588164300,2590440500
53,1109,241729081026200,2153600,2628772500,2631048700
53,1125,241729116547600,2358600,2664293900,2666570100
53,1141,241729151766400,2126000,2699512700,2701788900
53,1157,241729186722100,2259800,2734468400,2736744600
53,1173,241729222814200,2255400,2770560500,2772836700
53,1189,241729257547000,2220400,2805293300,2807569500
53,1205,241729292548000,2186800,2840294300,2842570500
53,1221,241729336902400,2140800,2884648700,2886924900
53,1237,241729372140000,2136700,2919886300,2922162500
53,1253,241729406791900,2193200,2954538200,2956814400
53,1269,241729443843800,2481400,2991590100,2993866300
53,1285,241729485815700,2658200,3033562000,3035838200
53,1301,241729528796900,2829100,3076543200,3078819400
53,1317,241729574871900,2619200,3122618200,3124894400
53,1333,241729620486500,2755500,3168232800,3170509000
53,1349,241729669852600,2763400,3217598900,3219875100
53,1365,241729713120000,2696900,3260866300,3263142500
53,1381,241729758409300,3035700,3306155600,3308431800
53,1397,241729805056000,2792000,3352802300,3355078500
53,1413,241729851147500,2594300,3398893800,3401170000
53,1429,241729893922000,2717400,3441668300,3443944500
53,1445,241729938669200,2582900,3486415500,3488691700
53,1461,241729994149400,2565300,3541895700,3544171900
53,1477,241730036537000,2427200,3584283300,3586559500
53,1493,241730081803100,2749600,3629549400,3631825600
53,1509,241730126327700,2602500,3674074000,3676350200
53,1525,241730168618300,2693500,3716364600,3718640800
53,1541,241730215301300,2853700,3763047600,3765323800
53,1557,241730262381900,2611400,3810128200,3812404400
53,1573,241730305412400,2604500,3853158700,3855434900
53,1589,241730354508700,2705000,3902255000,3904531200
53,1605,241730396988600,2613700,3944734900,3947011100
53,1621,241730440269400,2780600,3988015700,3990291900
53,1637,241730485530200,2707100,4033276500,4035552700
53,1653,241730529157800,2649100,4076904100,4079180300
53,1669,241730573005100,2595500,4120751400,4123027600
53,1685,241730615541700,2743600,4163288000,4165564200
53,1701,241730664311500,2960200,4212057800,4214334000
53,1717,241730712677100,3170400,4260423400,4262699600
53,1733,241730759611700,2820300,4307358000,4309634200
53,1749,241730804707700,2787800,4352454000,4354730200
53,1765,241730852328000,2692600,4400074300,4402350500
53,1781,241730895702000,2758100,4443448300,4445724500
53,1797,241730940813200,3247900,4488559500,4490835700
53,1813,241730987566400,2948800,4535312700,4537588900
53,1829,241731037381000,2743500,4585127300,4587403500
53,1845,241731082121100,2803600,4629867400,4632143600
53,1861,241731127774100,2767800,4675520400,4677796600
53,1877,241731170853000,2595100,4718599300,4720875500
53,1893,241731213222700,2573600,4760969000,4763245200
53,1909,241731255494500,2759100,4803240800,4805517000
53,1925,241731299618500,2905000,4847364800,4849641000
53,1941,241731350725800,2734500,4898472100,4900748300
53,1957,241731393721600,2679100,4941467900,4943744100
53,1973,241731437277100,2662000,4985023400,4987299600
53,1989,241731484269300,3073100,5032015600,5034291800
53,2005,241731533093000,2658700,5080839300,5083115500
53,2021,241731576390400,2741100,5124136700,5126412900
53,2037,241731620493600,2689300,5168239900,5170516100
54,6,241726538027900,4836800,85774200,88050400
54,22,241726582048200,2404500,129794500,132070700
54,38,241726619897300,2325900,167643600,169919800
54,54,241726661939500,2204500,209685800,211962000
54,70,241726700164600,2327400,247910900,250187100
54,86,241726737918300,2592400,285664600,287940800
54,102,241726780751300,2802300,328497600,330773800
54,118,241726830298500,2236100,378044800,380321000
54,134,241726867963700,2223800,415710000,417986200
54,150,241726904240300,2289200,451986600,454262800
54,166,241726941395100,2297300,489141400,491417600
54,182,241726978846100,2245000,526592400,528868600
54,198,241727015201700,2202200,562948000,565224200
54,214,241727051136200,2111200,598882500,601158700
54,230,241727086509700,2264500,634256000,636532200
54,246,241727126673800,2104600,674420100,676696300
54,262,241727160833400,2275200,708579700,710855900
54,278,241727196276400,2196800,744022700,746298900
54,294,241727231885800,2137100,779632100,781908300
54,310,241727266176100,2036400,813922400,816198600
54,326,241727299419500,2092300,847165800,849442000
54,342,241727335374000,2476700,883120300,885396500
54,358,241727373389300,2172000,921135600,923411800
54,374,241727416945200,2232600,964691500,966967700
54,390,241727454311200,2237200,1002057500,1004333700
54,406,241727488864800,2142700,1036611100,1038887300
54,422,241727524681300,2328800,1072427600,1074703800
54,438,241727559793500,2386300,1107539800,1109816000
54,454,241727595764900,2300400,1143511200,1145787400
54,470,241727630426600,2109800,1178172900,1180449100
54,486,241727666194200,2248400,1213940500,1216216700
54,502,241727707972800,2173200,1255719100,1257995300
54,518,241727743224900,2184000,1290971200,1293247400
54,534,241727783230100,2283200,1330976400,1333252600
54,550,241727818600600,2199000,1366346900,1368623100
54,566,241727853001700,2101800,1400748000,1403024200
54,582,241727887084400,2071000,1434830700,1437106900
54,598,241727922660900,2383600,1470407200,1472683400
54,614,241727957400500,2235400,1505146800,1507423000
54,630,241728001078500,2169300,1548824800,1551101000
54,646,241728035129300,2175600,1582875600,1585151800
54,662,241728069854700,2189500,1617601000,1619877200
54,678,241728104214000,2106500,1651960300,1654236500
54,694,241728138742900,2191300,1686489200,1688765400
54,710,241728172760900,2190100,1720507200,1722783400
54,726,241728208888700,2189300,1756635000,1758911200
54,742,241728251278900,2277300,1799025200,1801301400
54,758,241728287858900,2198900,1835605200,1837881400
54,774,241728323818600,2299300,1871564900,1873841100
54,790,241728359041300,2232500,1906787600,1909063800
54,806,241728394595900,2272500,1942342200,1944618400
54,822,241728429381000,2160000,1977127300,1979403500
54,838,241728464363500,2164600,2012109800,2014386000
54,854,241728500221000,2156700,2047967300,2050243500
54,870,241728542365500,2117100,2090111800,2092388000
54,886,241728577565700,2141100,2125312000,2127588200
54,902,241728612632600,2181300,2160378900,2162655100
54,918,241728647286900,2254600,2195033200,2197309400
54,934,241728683184700,2196100,2230931000,2233207200
54,950,241728717859500,2176200,2265605800,2267882000
54,966,241728754544000,2184700,2302290300,2304566500
54,982,241728797020100,2162600,2344766400,2347042600
54,998,241728831544700,2129400,2379291000,2381567200
54,1014,241728865887500,2173500,2413633800,2415910000
54,1030,241728900481900,2329900,2448228200,2450504400
54,1046,241728935517000,2179200,2483263300,2485539500
54,1062,241728969936500,2184600,2517682800,2519959000
54,1078,241729004797200,2275500,2552543500,2554819700
54,1094,241729041460800,2338400,2589207100,2591483300
54,1110,241729082085400,2175000,2629831700,2632107900
54,1126,241729117794000,2359800,2665540300,2667816500
54,1142,241729152898400,2142000,2700644700,2702920900
54,1158,241729187914900,2376400,2735661200,2737937400
54,1174,241729223926400,2362000,2771672700,2773948900
54,1190,241729258779800,2268400,2806526100,2808802300
54,1206,241729293834700,2234300,2841581000,2843857200
54,1222,241729338215900,2173300,2885962200,2888238400
54,1238,241729373476800,2255800,2921223100,2923499300
54,1254,241729408125300,2155900,2955871600,2958147800
54,1270,241729444866600,2464100,2992612900,2994889100
54,1286,241729486916000,2635500,3034662300,3036938500
54,1302,241729529971800,2780800,3077718100,3079994300
54,1318,241729575971800,2603800,3123718100,3125994300
54,1334,241729621636600,2752500,3169382900,3171659100
54,1350,241729670992900,2783600,3218739200,3221015400
54,1366,241729714243300,2697600,3261989600,3264265800
54,1382,241729759647800,3057700,3307394100,3309670300
54,1398,241729806211700,2811200,3353958000,3356234200
54,1414,241729852227400,2588600,3399973700,3402249900
54,1430,241729894963700,2799200,3442710000,3444986200
54,1446,241729939669400,2573000,3487415700,3489691900
54,1462,241729995172000,2673700,3542918300,3545194500
54,1478,241730037666900,2569600,3585413200,3587689400
54,1494,241730082796100,2912000,3630542400,3632818600
54,1510,241730127299300,2633500,3675045600,3677321800
54,1526,241730169639200,2656200,3717385500,3719661700
54,1542,241730216354700,2838400,3764101000,3766377200
54,1558,241730263347700,2630700,3811094000,3813370200
54,1574,241730306402500,2595100,3854148800,3856425000
54,1590,241730355515900,2739700,3903262200,3905538400
54,1606,241730397941900,2638900,3945688200,3947964400
54,1622,241730441349100,2750700,3989095400,3991371600
54,1638,241730486511000,2787200,4034257300,4036533500
54,1654,241730530137800,2662500,4077884100,4080160300
54,1670,241730573991200,2614900,4121737500,4124013700
54,1686,241730616581400,2747600,4164327700,4166603900
54,1702,241730665449100,2925400,4213195400,4215471600
54,1718,241730713864500,3097400,4261610800,4263887000
54,1734,241730760668400,2833000,4308414700,4310690900
54,1750,241730805748100,2799900,4353494400,4355770600
54,1766,241730853406200,2699000,4401152500,4403428700
54,1782,241730896846300,2728200,4444592600,4446868800
54,1798,241730942552600,2595800,4490298900,4492575100
54,1814,241730988681000,3066000,4536427300,4538703500
54,1830,241731042114000,2718900,4589860300,4592136500
54,1846,241731086817700,2770800,4634564000,4636840200
54,1862,241731132393700,2816400,4680140000,4682416200
54,1878,241731175193000,2642800,4722939300,4725215500
54,1894,241731217566700,2593600,4765313000,4767589200
54,1910,241731260075000,2766800,4807821300,4810097500
54,1926,241731304464600,2703600,4852210900,4854487100
54,1942,241731355153300,2694500,4902899600,4905175800
54,1958,241731398073600,2695100,4945819900,4948096100
54,1974,241731441599500,2879800,4989345800,4991622000
54,1990,241731489301900,3110400,5037048200,5039324400
54,2006,241731537614600,2781500,5085360900,5087637100
54,2022,241731581092600,2786300,5128838900,5131115100
54,2038,241731625268500,2684500,5173014800,5175291000
55,7,241726542733500,3857500,90479800,92756000
55,23,241726584387500,2401200,132133800,134410000
55,39,241726622012700,2233800,169759000,172035200
55,55,241726663969400,2167000,211715700,213991900
55,71,241726702265800,2422900,250012100,252288300
55,87,241726740303200,2414400,288049500,290325700
55,103,241726783399600,2870600,331145900,333422100
55,119,241726832508100,2421700,380254400,382530600
55,135,241726870065100,2214900,417811400,420087600
55,151,241726906366200,2257300,454112500,456388700
55,167,241726943602900,2249500,491349200,493625400
55,183,241726981005100,2213500,528751400,531027600
55,199,241727017233100,2218700,564979400,567255600
55,215,241727052928600,2252200,600674900,602951100
55,231,241727088583300,2138200,636329600,638605800
55,247,241727128516600,2102000,676262900,678539100
55,263,241727162855600,2133900,710601900,712878100
55,279,241727198334000,2165700,746080300,748356500
55,295,241727233874000,2138700,781620300,783896500
55,311,241727268010600,2049100,815756900,818033100
55,327,241727301312300,2071700,849058600,851334800
55,343,241727337768600,2370400,885514900,887791100
55,359,241727375036000,2427200,922782300,925058500
55,375,241727418467800,2218800,966214100,968490300
55,391,241727455824600,2260000,1003570900,1005847100
55,407,241727490329300,2143700,1038075600,1040351800
55,423,241727526484100,2275200,1074230400,1076506600
55,439,241727561625900,2209700,1109372200,1111648400
55,455,241727597578000,2120400,1145324300,1147600500
55,471,241727632081000,2152700,1179827300,1182103500
55,487,241727667898200,2288100,1215644500,1217920700
55,503,241727709826500,2153800,1257572800,1259849000
55,519,241727745104400,2191500,1292850700,1295126900
55,535,241727783894100,2257200,1331640400,1333916600
55,551,241727819180700,2261000,1366927000,1369203200
55,567,241727853583500,2070100,1401329800,1403606000
55,583,241727887673300,2094200,1435419600,1437695800
55,599,241727923452200,2420400,1471198500,1473474700
55,615,241727958157900,2322800,1505904200,1508180400
55,631,241728001649600,2140000,1549395900,1551672100
55,647,241728035539800,2182200,1583286100,1585562300
55,663,241728070275300,2179500,1618021600,1620297800
55,679,241728104601300,2122400,1652347600,1654623800
55,695,241728139228000,2193000,1686974300,1689250500
55,711,241728173218500,2204800,1720964800,1723241000
55,727,241728209552700,2186800,1757299000,1759575200
55,743,241728252116100,2379500,1799862400,1802138600
55,759,241728288844000,2207500,1836590300,1838866500
55,775,241728324840300,2301800,1872586600,1874862800
55,791,241728360031000,2179800,1907777300,1910053500
55,807,241728395405900,2294600,1943152200,1945428400
55,823,241728430261200,2137800,1978007500,1980283700
55,839,241728465303300,2170800,2013049600,2015325800
55,855,241728501159100,2217600,2048905400,2051181600
55,871,241728543319500,2167300,2091065800,2093342000
55,887,241728578640700,2205800,2126387000,2128663200
55,903,241728613589900,2194000,2161336200,2163612400
55,919,241728648320300,2315000,2196066600,2198342800
55,935,241728684197300,2176200,2231943600,2234219800
55,951,241728718875700,2233700,2266622000,2268898200
55,967,241728755654400,2259000,2303400700,2305676900
55,983,241728798201700,2139300,2345948000,2348224200
55,999,241728832760400,2138600,2380506700,2382782900
55,1015,241728867052200,2147700,2414798500,2417074700
55,1031,241728901746500,2229500,2449492800,2451769000
55,1047,241728936729300,2176300,2484475600,2486751800
55,1063,241728971108900,2188500,2518855200,2521131400
55,1079,241729006114500,2212400,2553860800,2556137000
55,1095,241729042703500,2463700,2590449800,2592726000
55,1111,241729083240000,2203100,2630986300,2633262500
55,1127,241729118972200,2337800,2666718500,2668994700
55,1143,241729153951800,2181500,2701698100,2703974300
55,1159,241729189020700,2365900,2736767000,2739043200
55,1175,241729225120500,2264800,2772866800,2775143000
55,1191,241729259736700,2216700,2807483000,2809759200
55,1207,241729294669600,2633500,2842415900,2844692100
55,1223,241729339287600,2173200,2887033900,2889310100
55,1239,241729374513400,2259300,2922259700,2924535900
55,1255,241729409193100,2114400,2956939400,2959215600
55,1271,241729446687800,2328000,2994434100,2996710300
55,1287,241729488865500,2609200,3036611800,3038888000
55,1303,241729532047000,3041100,3079793300,3082069500
55,1319,241729577889800,2691500,3125636100,3127912300
55,1335,241729623693800,2708900,3171440100,3173716300
55,1351,241729673067700,2751200,3220814000,3223090200
55,1367,241729716252600,2745400,3263998900,3266275100
55,1383,241729761930600,3137300,3309676900,3311953100
55,1399,241729808277200,3023700,3356023500,3358299700
55,1415,241729854143900,2585200,3401890200,3404166400
55,1431,241729897019800,2765200,3444766100,3447042300
55,1447,241729941606200,3030900,3489352500,3491628700
55,1463,241729996917400,2762400,3544663700,3546939900
55,1479,241730039229500,3066300,3586975800,3589252000
55,1495,241730084775100,2958900,3632521400,3634797600
55,1511,241730129046500,2662100,3676792800,3679069000
55,1527,241730171425100,2640300,3719171400,3721447600
55,1543,241730218330200,2789300,3766076500,3768352700
55,1559,241730265143500,2610500,3812889800,3815166000
55,1575,241730308170100,2654100,3855916400,3858192600
55,1591,241730357334900,2754100,3905081200,3907357400
55,1607,241730399721200,2693600,3947467500,3949743700
55,1623,241730443248300,2839400,3990994600,3993270800
55,1639,241730488366600,2755500,4036112900,4038389100
55,1655,241730531915600,2702600,4079661900,4081938100
55,1671,241730575667000,2740700,4123413300,4125689500
55,1687,241730618365200,2703200,4166111500,4168387700
55,1703,241730667357800,2938900,4215104100,4217380300
55,1719,241730716008500,2835200,4263754800,4266031000
55,1735,241730762557600,2865200,4310303900,4312580100
55,1751,241730807624400,2864500,4355370700,4357646900
55,1767,241730855169300,2800900,4402915600,4405191800
55,1783,241730898633600,2740500,4446379900,4448656100
55,1799,241730944210100,2606000,4491956400,4494232600
55,1815,241730990648500,3110100,4538394800,4540671000
55,1831,241731044564100,2804800,4592310400,4594586600
55,1847,241731089321800,2799000,4637068100,4639344300
55,1863,241731134896800,2737300,4682643100,4684919300
55,1879,241731177550200,2629200,4725296500,4727572700
55,1895,241731219881500,2591200,4767627800,4769904000
55,1911,241731262537400,2783900,4810283700,4812559900
55,1927,241731306862200,2788200,4854608500,4856884700
55,1943,241731357623300,2796900,4905369600,4907645800
55,1959,241731400549500,2743300,4948295800,4950572000
55,1975,241731444179700,2722900,4991926000,4994202200
55,1991,241731492083500,3090500,5039829800,5042106000
55,2007,241731540067200,2779600,5087813500,5090089700
55,2023,241731583477800,3028700,5131224100,5133500300
55,2039,241731627557800,2709300,5175304100,5177580300
56,8,241726546636700,3037500,94383000,96659200
56,24,241726586837200,2247400,134583500,136859700
56,40,241726624392700,2473100,172139000,174415200
56,56,241726666287900,2203700,214034200,216310400
56,72,241726704786100,2417500,252532400,254808600
56,88,241726742789000,2505300,290535300,292811500
56,104,241726786232100,11918800,333978400,336254600
56,120,241726834773500,2590300,382519800,384796000
56,136,241726872220200,2197900,419966500,422242700
56,152,241726908591300,2417400,456337600,458613800
56,168,241726945820700,2207600,493567000,495843200
56,184,241726984035300,2198600,531781600,534057800
56,200,241727020471400,2285100,568217700,570493900
56,216,241727056350100,2125600,604096400,606372600
56,232,241727091780200,2052600,639526500,641802700
56,248,241727131648700,2047300,679395000,681671200
56,264,241727166061300,2233100,713807600,716083800
56,280,241727201430800,2180400,749177100,751453300
56,296,241727236906000,2132300,784652300,786928500
56,312,241727270920300,2082900,818666600,820942800
56,328,241727304264100,2149300,852010400,854286600
56,344,241727340719400,2245200,888465700,890741900
56,360,241727378682000,2442200,926428300,928704500
56,376,241727421868600,2360800,969614900,971891100
56,392,241727459223300,2153200,1006969600,1009245800
56,408,241727493600300,2133700,1041346600,1043622800
56,424,241727529654500,2169500,1077400800,1079677000
56,440,241727564755700,2180600,1112502000,1114778200
56,456,241727600674400,2161500,1148420700,1150696900
56,472,241727635204300,2158700,1182950600,1185226800
56,488,241727671225200,2117300,1218971500,1221247700
56,504,241727712907100,2256000,1260653400,1262929600
56,520,241727748242100,2161700,1295988400,1298264600
56,536,241727786316000,2215700,1334062300,1336338500
56,552,241727821573700,2226900,1369320000,1371596200
56,568,241727855769000,2223800,1403515300,1405791500
56,584,241727889902800,2442600,1437649100,1439925300
56,600,241727925841800,2135300,1473588100,1475864300
56,616,241727960451300,2450200,1508197600,1510473800
56,632,241728003761700,2093400,1551508000,1553784200
56,648,241728037694500,2119600,1585440800,1587717000
56,664,241728072427100,2124100,1620173400,1622449600
56,680,241728106695500,2122400,1654441800,1656718000
56,696,241728141299500,2181600,1689045800,1691322000
56,712,241728175314400,2092800,1723060700,1725336900
56,728,241728212562300,2163100,1760308600,1762584800
56,744,241728255119900,2295300,1802866200,1805142400
56,760,241728291330600,2167800,1839076900,1841353100
56,776,241728327425100,2261800,1875171400,1877447600
56,792,241728362495300,2221500,1910241600,1912517800
56,808,241728398087600,2173500,1945833900,1948110100
56,824,241728432763700,2181000,1980510000,1982786200
56,840,241728467812200,2124000,2015558500,2017834700
56,856,241728503712600,2292700,2051458900,2053735100
56,872,241728545813500,2120300,2093559800,2095836000
56,888,241728581101800,2129400,2128848100,2131124300
56,904,241728616175700,2166100,2163922000,2166198200
56,920,241728650968000,2222200,2198714300,2200990500
56,936,241728686827100,2163500,2234573400,2236849600
56,952,241728721587200,2280900,2269333500,2271609700
56,968,241728758425200,2170800,2306171500,2308447700
56,984,241728800949400,2167700,2348695700,2350971900
56,1000,241728835462300,2119900,2383208600,2385484800
56,1016,241728869813600,2143400,2417559900,2419836100
56,1032,241728904613900,2114200,2452360200,2454636400
56,1048,241728939486100,2132900,2487232400,2489508600
56,1064,241728973875400,2115100,2521621700,2523897900
56,1080,241729008845300,2370300,2556591600,2558867800
56,1096,241729045722100,2353500,2593468400,2595744600
56,1112,241729085957800,2107900,2633704100,2635980300
56,1128,241729121977300,2161000,2669723600,2671999800
56,1144,241729156733900,2148900,2704480200,2706756400
56,1160,241729192086700,2178800,2739833000,2742109200
56,1176,241729228183100,2209100,2775929400,2778205600
56,1192,241729262687500,2221500,2810433800,2812710000
56,1208,241729298403300,2445500,2846149600,2848425800
56,1224,241729342102700,2190200,2889849000,2892125200
56,1240,241729377370600,2162700,2925116900,2927393100
56,1256,241729411900400,2157800,2959646700,2961922900
56,1272,241729449203500,2334100,2996949800,2999226000
56,1288,241729491707200,2599300,3039453500,3041729700
56,1304,241729535345000,2937600,3083091300,3085367500
56,1320,241729580749700,3435700,3128496000,3130772200
56,1336,241729626631600,2731700,3174377900,3176654100
56,1352,241729676052500,2723700,3223798800,3226075000
56,1368,241729719235500,2761100,3266981800,3269258000
56,1384,241729765316400,2846800,3313062700,3315338900
56,1400,241729811540600,5244700,3359286900,3361563100
56,1416,241729856956000,2670700,3404702300,3406978500
56,1432,241729900020700,2723000,3447767000,3450043200
56,1448,241729944904600,5679900,3492650900,3494927100
56,1464,241730000037200,2605200,3547783500,3550059700
56,1480,241730042746000,3031400,3590492300,3592768500
56,1496,241730088212500,2745900,3635958800,3638235000
56,1512,241730132029100,2638000,3679775400,3682051600
56,1528,241730174435200,2638300,3722181500,3724457700
56,1544,241730221449900,2836700,3769196200,3771472400
56,1560,241730268081500,2603600,3815827800,3818104000
56,1576,241730311149900,2975200,3858896200,3861172400
56,1592,241730360427800,2695400,3908174100,3910450300
56,1608,241730402738000,2667500,3950484300,3952760500
56,1624,241730446448500,2768700,3994194800,3996471000
56,1640,241730491483900,2760200,4039230200,4041506400
56,1656,241730534982900,2669600,4082729200,4085005400
56,1672,241730578821600,2680800,4126567900,4128844100
56,1688,241730621437100,2577600,4169183400,4171459600
56,1704,241730670703600,3067500,4218449900,4220726100
56,1720,241730719162600,2850000,4266908900,4269185100
56,1736,241730765741400,2811200,4313487700,4315763900
56,1752,241730810805600,2933700,4358551900,4360828100
56,1768,241730858263400,2941100,4406009700,4408285900
56,1784,241730901683700,2801400,4449430000,4451706200
56,1800,241730947098000,2596000,4494844300,4497120500
56,1816,241730994108400,3035400,4541854700,4544130900
56,1832,241731047933400,3008400,4595679700,4597955900
56,1848,241731092624900,2842200,4640371200,4642647400
56,1864,241731138161600,2754200,4685907900,4688184100
56,1880,241731180677900,2687100,4728424200,4730700400
56,1896,241731222915900,2613300,4770662200,4772938400
56,1912,241731265845800,2747500,4813592100,4815868300
56,1928,241731310125700,3202700,4857872000,4860148200
56,1944,241731360814000,2696500,4908560300,4910836500
56,1960,241731403757300,2702500,4951503600,4953779800
56,1976,241731447383100,2756500,4995129400,4997405600
56,1992,241731495673000,3091500,5043419300,5045695500
56,2008,241731543282200,2948900,5091028500,5093304700
56,2024,241731587119700,2973600,5134866000,5137142200
56,2040,241731630773100,2986600,5178519400,5180795600
57,9,241726549843200,3225700,97589500,99865700
57,25,241726589204200,2281300,136950500,139226700
57,41,241726626937600,2623000,174683900,176960100
57,57,241726668528600,2275300,216274900,218551100
57,73,241726707303000,2442900,255049300,257325500
57,89,241726745509800,2577200,293256100,295532300
57,105,241726798473300,2716700,346219600,348495800
57,121,241726838116600,2420700,385862900,388139100
57,137,241726875093300,2179200,422839600,425115800
57,153,241726911747900,2308300,459494200,461770400
57,169,241726948697700,2206700,496444000,498720200
57,185,241726986338200,2453400,534084500,536360700
57,201,241727022849700,2209400,570596000,572872200
57,217,241727058336900,2232100,606083200,608359400
57,233,241727093752100,2044400,641498400,643774600
57,249,241727133667700,2047400,681414000,683690200
57,265,241727168358200,2217900,716104500,718380700
57,281,241727203673700,2103900,751420000,753696200
57,297,241727239102000,2118100,786848300,789124500
57,313,241727273130200,2112200,820876500,823152700
57,329,241727306498500,2197000,854244800,856521000
57,345,241727343123100,2229700,890869400,893145600
57,361,241727380809600,2448600,928555900,930832100
57,377,241727423914800,2331000,971661100,973937300
57,393,241727460930400,2186600,1008676700,1010952900
57,409,241727495302100,2311100,1043048400,1045324600
57,425,241727531444800,2181500,1079191100,1081467300
57,441,241727566585200,2205600,1114331500,1116607700
57,457,241727602333300,2320300,1150079600,1152355800
57,473,241727636910500,2174000,1184656800,1186933000
57,489,241727672801800,2122000,1220548100,1222824300
57,505,241727714744600,2296500,1262490900,1264767100
57,521,241727750026100,2168700,1297772400,1300048600
57,537,241727789859500,2287800,1337605800,1339882000
57,553,241727825013300,2153500,1372759600,1375035800
57,569,241727859064200,2241700,1406810500,1409086700
57,585,241727893883600,2534300,1441629900,1443906100
57,601,241727929119300,2197600,1476865600,1479141800
57,617,241727964166000,2201900,1511912300,1514188500
57,633,241728007052000,2161900,1554798300,1557074500
57,649,241728041110500,2089000,1588856800,1591133000
57,665,241728075826800,2159100,1623573100,1625849300
57,681,241728110068100,2138700,1657814400,1660090600
57,697,241728144782000,2113300,1692528300,1694804500
57,713,241728178728700,2263000,1726475000,1728751200
57,729,241728215148000,2211500,1762894300,1765170500
57,745,241728258048400,2214700,1805794700,1808070900
57,761,241728294198800,2475100,1841945100,1844221300
57,777,241728330374100,2248800,1878120400,1880396600
57,793,241728365374000,2355000,1913120300,1915396500
57,809,241728400954300,2117800,1948700600,1950976800
57,825,241728435723000,2315600,1983469300,1985745500
57,841,241728470675300,2144700,2018421600,2020697800
57,857,241728506748700,2205800,2054495000,2056771200
57,873,241728548656700,2169700,2096403000,2098679200
57,889,241728584056100,2211900,2131802400,2134078600
57,905,241728619148400,2160300,2166894700,2169170900
57,921,241728654032200,2142100,2201778500,2204054700
57,937,241728689724800,2150100,2237471100,2239747300
57,953,241728724610700,2185500,2272357000,2274633200
57,969,241728761382400,2267100,2309128700,2311404900
57,985,241728803873000,2226600,2351619300,2353895500
57,1001,241728838434100,2167400,2386180400,2388456600
57,1017,241728872812800,2139800,2420559100,2422835300
57,1033,241728907488900,2207500,2455235200,2457511400
57,1049,241728942377700,2141200,2490124000,2492400200
57,1065,241728976745700,2156100,2524492000,2526768200
57,1081,241729012343300,2481100,2560089600,2562365800
57,1097,241729048998000,2238600,2596744300,2599020500
57,1113,241729088956700,2194400,2636703000,2638979200
57,1129,241729125187900,2163400,2672934200,2675210400
57,1145,241729160011600,2165600,2707757900,2710034100
57,1161,241729195314500,2144800,2743060800,2745337000
57,1177,241729231394100,2147700,2779140400,2781416600
57,1193,241729265926400,2152500,2813672700,2815948900
57,1209,241729301771700,2331000,2849518000,2851794200
57,1225,241729345458200,2302500,2893204500,2895480700
57,1241,241729380658200,2146100,2928404500,2930680700
57,1257,241729415159900,2104200,2962906200,2965182400
57,1273,241729453250500,2858600,3000996800,3003273000
57,1289,241729496248100,2661400,3043994400,3046270600
57,1305,241729540448100,2940300,3088194400,3090470600
57,1321,241729586479900,2860700,3134226200,3136502400
57,1337,241729631349900,2705100,3179096200,3181372400
57,1353,241729680794400,2690700,3228540700,3230816900
57,1369,241729724030300,2708900,3271776600,3274052800
57,1385,241729770301700,2853800,3318048000,3320324200
57,1401,241729819223000,2605900,3366969300,3369245500
57,1417,241729861483400,2622800,3409229700,3411505900
57,1433,241729904746900,2806200,3452493200,3454769400
57,1449,241729954797100,2708200,3502543400,3504819600
57,1465,241730004457400,2728800,3552203700,3554479900
57,1481,241730047912900,3064900,3595659200,3597935400
57,1497,241730092850700,2680100,3640597000,3642873200
57,1513,241730136475900,2602200,3684222200,3686498400
57,1529,241730179054200,2648400,3726800500,3729076700
57,1545,241730226271700,2796200,3774018000,3776294200
57,1561,241730272579700,2848900,3820326000,3822602200
57,1577,241730316227600,7815800,3863973900,3866250100
57,1593,241730365214400,2756600,3912960700,3915236900
57,1609,241730407395400,2558700,3955141700,3957417900
57,1625,241730451361300,2759900,3999107600,4001383800
57,1641,241730496266200,2761800,4044012500,4046288700
57,1657,241730539593600,2708900,4087339900,4089616100
57,1673,241730583365400,2625700,4131111700,4133387900
57,1689,241730625860300,2624800,4173606600,4175882800
57,1705,241730675944200,3083600,4223690500,4225966700
57,1721,241730724066400,2808000,4271812700,4274088900
57,1737,241730770567000,2851200,4318313300,4320589500
57,1753,241730819173400,2796500,4366919700,4369195900
57,1769,241730863200100,2703500,4410946400,4413222600
57,1785,241730906546200,2748300,4454292500,4456568700
57,1801,241730951687200,2997300,4499433500,4501709700
57,1817,241731004019800,2841600,4551766100,4554042300
57,1833,241731048653000,3031000,4596399300,4598675500
57,1849,241731093381200,2828300,4641127500,4643403700
57,1865,241731138876500,2765200,4686622800,4688899000
57,1881,241731181365000,2728600,4729111300,4731387500
57,1897,241731223598000,2617800,4771344300,4773620500
57,1913,241731266552100,2875400,4814298400,4816574600
57,1929,241731310887100,3301600,4858633400,4860909600
57,1945,241731361554700,2720400,4909301000,4911577200
57,1961,241731404507800,2709700,4952254100,4954530300
57,1977,241731448114900,2740900,4995861200,4998137400
57,1993,241731496486000,3103000,5044232300,5046508500
57,2009,241731543895900,3002000,5091642200,5093918400
57,2025,241731587915700,2943800,5135662000,5137938200
57,2041,241731631612900,2971600,5179359200,5181635400
58,10,241726552996300,2556600,100742600,103018800
58,26,241726591377400,2426900,139123700,141399900
58,42,241726629401700,3841200,177148000,179424200
58,58,241726670749500,2516600,218495800,220772000
58,74,241726709838000,2318300,257584300,259860500
58,90,241726748131100,2470400,295877400,298153600
58,106,241726801227500,2434200,348973800,351250000
58,122,241726839897500,2580200,387643800,389920000
58,138,241726876697400,2318700,424443700,426719900
58,154,241726913431700,2349400,461178000,463454200
58,170,241726950453100,2250600,498199400,500475600
58,186,241726987570200,2427500,535316500,537592700
58,202,241727024023900,2131800,571770200,574046400
58,218,241727059627300,2177100,607373600,609649800
58,234,241727094933700,2106600,642680000,644956200
58,250,241727134830800,2036800,682577100,684853300
58,266,241727169491600,2247100,717237900,719514100
58,282,241727204757800,2167400,752504100,754780300
58,298,241727240184500,2150300,787930800,790207000
58,314,241727274198800,2141100,821945100,824221300
58,330,241727307674700,2189100,855421000,857697200
58,346,241727344484100,2202600,892230400,894506600
58,362,241727383999100,2307400,931745400,934021600
58,378,241727426882500,2324400,974628800,976905000
58,394,241727463780200,2224200,1011526500,1013802700
58,410,241727498451400,2256000,1046197700,1048473900
58,426,241727534391800,2147700,1082138100,1084414300
58,442,241727569524600,2132400,1117270900,1119547100
58,458,241727605407100,2192400,1153153400,1155429600
58,474,241727639816100,2104600,1187562400,1189838600
58,490,241727675593600,2092600,1223339900,1225616100
58,506,241727717827400,2235100,1265573700,1267849900
58,522,241727752984300,2195000,1300730600,1303006800
58,538,241727794155700,2196300,1341902000,1344178200
58,554,241727829124900,2192900,1376871200,1379147400
58,570,241727863353100,2141800,1411099400,1413375600
58,586,241727898753000,2225200,1446499300,1448775500
58,602,241727933575800,2155600,1481322100,1483598300
58,618,241727968451900,9762500,1516198200,1518474400
58,634,241728011280000,2069600,1559026300,1561302500
58,650,241728045449600,2105800,1593195900,1595472100
58,666,241728080441300,2130900,1628187600,1630463800
58,682,241728114483100,2112600,1662229400,1664505600
58,698,241728149094900,2110700,1696841200,1699117400
58,714,241728183504100,2318500,1731250400,1733526600
58,730,241728219554200,2252500,1767300500,1769576700
58,746,241728262424700,2217700,1810171000,1812447200
58,762,241728298806100,2168900,1846552400,1848828600
58,778,241728334765000,2176400,1882511300,1884787500
58,794,241728370019700,2167200,1917766000,1920042200
58,810,241728405165800,2145900,1952912100,1955188300
58,826,241728440181200,2243700,1987927500,1990203700
58,842,241728475204300,2425700,2022950600,2025226800
58,858,241728511218700,2140400,2058965000,2061241200
58,874,241728553456200,2279800,2101202500,2103478700
58,890,241728588632000,2163000,2136378300,2138654500
58,906,241728623658800,2154000,2171405100,2173681300
58,922,241728658560200,2176600,2206306500,2208582700
58,938,241728694249100,2455300,2241995400,2244271600
58,954,241728729549500,2365400,2277295800,2279572000
58,970,241728765995700,2182000,2313742000,2316018200
58,986,241728808484900,2178000,2356231200,2358507400
58,1002,241728842866100,2133700,2390612400,2392888600
58,1018,241728877232600,2158800,2424978900,2427255100
58,1034,241728912292800,2155800,2460039100,2462315300
58,1050,241728947120900,2134000,2494867200,2497143400
58,1066,241728981531900,2185600,2529278200,2531554400
58,1082,241729017202600,2267000,2564948900,2567225100
58,1098,241729053448900,7188800,2601195200,2603471400
58,1114,241729093342600,2191900,2641088900,2643365100
58,1130,241729129442400,2187900,2677188700,2679464900
58,1146,241729164178500,2177400,2711924800,2714201000
58,1162,241729199496800,2297700,2747243100,2749519300
58,1178,241729235600400,2162000,2783346700,2785622900
58,1194,241729270261300,2219200,2818007600,2820283800
58,1210,241729306209600,2258300,2853955900,2856232100
58,1226,241729349777200,2205700,2897523500,2899799700
58,1242,241729384694900,2175300,2932441200,2934717400
58,1258,241729419178900,2112400,2966925200,2969201400
58,1274,241729457913800,2800300,3005660100,3007936300
58,1290,241729500620400,2640700,3048366700,3050642900
58,1306,241729545295400,2977700,3093041700,3095317900
58,1322,241729591090500,2747800,3138836800,3141113000
58,1338,241729635758800,7788800,3183505100,3185781300
58,1354,241729685298900,2767300,3233045200,3235321400
58,1370,241729728549900,2785400,3276296200,3278572400
58,1386,241729775052100,2891400,3322798400,3325074600
58,1402,241729823642600,2673600,3371388900,3373665100
58,1418,241729866046600,2719200,3413792900,3416069100
58,1434,241729909390700,3168300,3457137000,3459413200
58,1450,241729959538200,2649700,3507284500,3509560700
58,1466,241730009143800,2604000,3556890100,3559166300
58,1482,241730053048900,2677600,3600795200,3603071400
58,1498,241730097406700,2626400,3645153000,3647429200
58,1514,241730140892100,2586300,3688638400,3690914600
58,1530,241730183554100,2660300,3731300400,3733576600
58,1546,241730230953500,2823100,3778699800,3780976000
58,1562,241730277533000,3066700,3825279300,3827555500
58,1578,241730326030100,2913900,3873776400,3876052600
58,1594,241730369792100,2633300,3917538400,3919814600
58,1610,241730411733700,2585900,3959480000,3961756200
58,1626,241730455914100,2822500,4003660400,4005936600
58,1642,241730500987100,2650000,4048733400,4051009600
58,1658,241730544113900,2647000,4091860200,4094136400
58,1674,241730587896400,2629200,4135642700,4137918900
58,1690,241730630343300,2595300,4178089600,4180365800
58,1706,241730681168100,2987100,4228914400,4231190600
58,1722,241730728808500,2877600,4276554800,4278831000
58,1738,241730775306400,2802800,4323052700,4325328900
58,1754,241730823812500,2798800,4371558800,4373835000
58,1770,241730867757300,2639800,4415503600,4417779800
58,1786,241730911157700,2680100,4458904000,4461180200
58,1802,241730956853300,3089800,4504599600,4506875800
58,1818,241731008600800,2741600,4556347100,4558623300
58,1834,241731054781700,2693400,4602528000,4604804200
58,1850,241731099349200,2744500,4647095500,4649371700
58,1866,241731144801600,2722200,4692547900,4694824100
58,1882,241731187238400,2821400,4734984700,4737260900
58,1898,241731229117300,2554900,4776863600,4779139800
58,1914,241731272517400,2815400,4820263700,4822539900
58,1930,241731317645700,2702500,4865392000,4867668200
58,1946,241731367365200,2718400,4915111500,4917387700
58,1962,241731410366800,2804400,4958113100,4960389300
58,1978,241731454087900,2696300,5001834200,5004110400
58,1994,241731503141000,3321500,5050887300,5053163500
58,2010,241731549998100,2700100,5097744400,5100020600
58,2026,241731593964900,2701500,5141711200,5143987400
58,2042,241731637839100,2695300,5185585400,5187861600
59,11,241726555981300,2529400,103727600,106003800
59,27,241726594241500,2557100,141987800,144264000
59,43,241726634008400,3771000,181754700,184030900
59,59,241726673713400,2618600,221459700,223735900
59,75,241726712751600,2387300,260497900,262774100
59,91,241726751013700,2671600,298760000,301036200
59,107,241726804144600,2331800,351890900,354167100
59,123,241726843086800,2368400,390833100,393109300
59,139,241726879596800,2290200,427343100,429619300
59,155,241726916337200,2576700,464083500,466359700
59,171,241726953098000,2302100,500844300,503120500
59,187,241726990420600,2507300,538166900,540443100
59,203,241727026704200,2278000,574450500,576726700
59,219,241727062280300,2437800,610026600,612302800
59,235,241727097574800,8385200,645321100,647597300
59,251,241727137397900,2124000,685144200,687420400
59,267,241727172480100,2190300,720226400,722502600
59,283,241727207743200,2223500,755489500,757765700
59,299,241727243199200,2344400,790945500,793221700
59,315,241727277155500,2097200,824901800,827178000
59,331,241727310716300,2459000,858462600,860738800
59,347,241727347638100,2192100,895384400,897660600
59,363,241727386844300,2232800,934590600,936866800
59,379,241727429810800,2688000,977557100,979833300
59,395,241727466510000,2186200,1014256300,1016532500
59,411,241727500988500,2221300,1048734800,1051011000
59,427,241727536775600,2177700,1084521900,1086798100
59,443,241727572351600,2274100,1120097900,1122374100
59,459,241727608356300,2142800,1156102600,1158378800
59,475,241727642620700,2182500,1190367000,1192643200
59,491,241727678424800,2372300,1226171100,1228447300
59,507,241727720657200,2172900,1268403500,1270679700
59,523,241727755758900,2313600,1303505200,1305781400
59,539,241727796566700,2271900,1344313000,1346589200
59,555,241727831576100,2115400,1379322400,1381598600
59,571,241727865612700,2123200,1413359000,1415635200
59,587,241727900915600,2199600,1448661900,1450938100
59,603,241727935671800,2223100,1483418100,1485694300
59,619,241727978267200,2409100,1526013500,1528289700
59,635,241728013264700,2059600,1561011000,1563287200
59,651,241728047168600,2153000,1594914900,1597191100
59,667,241728082166500,2149400,1629912800,1632189000
59,683,241728116218700,2162500,1663965000,1666241200
59,699,241728150886600,2148300,1698632900,1700909100
59,715,241728185035800,2301200,1732782100,1735058300
59,731,241728221137800,2271700,1768884100,1771160300
59,747,241728263879800,2241500,1811626100,1813902300
59,763,241728300189400,2166300,1847935700,1850211900
59,779,241728336137800,2169300,1883884100,1886160300
59,795,241728371448100,2179300,1919194400,1921470600
59,811,241728406573700,2155100,1954320000,1956596200
59,827,241728441637700,2237700,1989384000,1991660200
59,843,241728476732000,2275100,2024478300,2026754500
59,859,241728512452600,2147500,2060198900,2062475100
59,875,241728554567300,2221700,2102313600,2104589800
59,891,241728589728500,2173500,2137474800,2139751000
59,907,241728624441500,2128500,2172187800,2174464000
59,923,241728659295600,2191400,2207041900,2209318100
59,939,241728694941700,2308700,2242688000,2244964200
59,955,241728730255400,2331500,2278001700,2280277900
59,971,241728766574600,2186200,2314320900,2316597100
59,987,241728809124800,2179600,2356871100,2359147300
59,1003,241728843480600,2167500,2391226900,2393503100
59,1019,241728877894400,2186900,2425640700,2427916900
59,1035,241728912752100,2173300,2460498400,2462774600
59,1051,241728947565600,2136200,2495311900,2497588100
59,1067,241728981962800,2151900,2529709100,2531985300
59,1083,241729018270000,2288400,2566016300,2568292500
59,1099,241729054312600,7229200,2602058900,2604335100
59,1115,241729094217700,2208700,2641964000,2644240200
59,1131,241729130235400,2187200,2677981700,2680257900
59,1147,241729164958800,2190500,2712705100,2714981300
59,1163,241729200446600,2372000,2748192900,2750469100
59,1179,241729236474000,2199800,2784220300,2786496500
59,1195,241729271294800,2233400,2819041100,2821317300
59,1211,241729307690000,2270700,2855436300,2857712500
59,1227,241729351122800,2189900,2898869100,2901145300
59,1243,241729385984700,2165800,2933731000,2936007200
59,1259,241729420438800,2236500,2968185100,2970461300
59,1275,241729459519100,2670300,3007265400,3009541600
59,1291,241729502013500,2737700,3049759800,3052036000
59,1307,241729546944900,2985600,3094691200,3096967400
59,1323,241729592603900,2931000,3140350200,3142626400
59,1339,241729642068600,3230600,3189814900,3192091100
59,1355,241729686827600,2672700,3234573900,3236850100
59,1371,241729730054200,2793900,3277800500,3280076700
59,1387,241729776631200,2866400,3324377500,3326653700
59,1403,241729825055500,2722600,3372801800,3375078000
59,1419,241729867530500,2723600,3415276800,3417553000
59,1435,241729910894900,3382300,3458641200,3460917400
59,1451,241729961065400,2899600,3508811700,3511087900
59,1467,241730010696400,2562400,3558442700,3560718900
59,1483,241730054685700,2576400,3602432000,3604708200
59,1499,241730098855300,2900700,3646601600,3648877800
59,1515,241730142357000,2593300,3690103300,3692379500
59,1531,241730185083800,2668100,3732830100,3735106300
59,1547,241730232581800,2823400,3780328100,3782604300
59,1563,241730279206200,2942400,3826952500,3829228700
59,1579,241730327729400,2790300,3875475700,3877751900
59,1595,241730371291200,2574800,3919037500,3921313700
59,1611,241730413181000,2712700,3960927300,3963203500
59,1627,241730457538600,2791900,4005284900,4007561100
59,1643,241730502509800,2637600,4050256100,4052532300
59,1659,241730545625700,2638500,4093372000,4095648200
59,1675,241730589382500,2634400,4137128800,4139405000
59,1691,241730631790200,2594500,4179536500,4181812700
59,1707,241730682820500,2972300,4230566800,4232843000
59,1723,241730730526700,2892000,4278273000,4280549200
59,1739,241730776990600,2823600,4324736900,4327013100
59,1755,241730825504900,2791000,4373251200,4375527400
59,1771,241730869357600,2661300,4417103900,4419380100
59,1787,241730912799300,2691900,4460545600,4462821800
59,1803,241730958754100,3043400,4506500400,4508776600
59,1819,241731010613800,2976300,4558360100,4560636300
59,1835,241731057657500,2749700,4605403800,4607680000
59,1851,241731102284200,2762100,4650030500,4652306700
59,1867,241731147719800,2769600,4695466100,4697742300
59,1883,241731190234300,2624600,4737980600,4740256800
59,1899,241731231889000,2582700,4779635300,4781911500
59,1915,241731275553800,2749700,4823300100,4825576300
59,1931,241731320570800,2657900,4868317100,4870593300
59,1947,241731370246600,2702600,4917992900,4920269100
59,1963,241731413320700,2751400,4961067000,4963343200
59,1979,241731456946700,2639800,5004693000,5006969200
59,1995,241731506851500,3221100,5054597800,5056874000
59,2011,241731553086100,2615700,5100832400,5103108600
59,2027,241731597113300,2751400,5144859600,5147135800
59,2043,241731640981600,2734800,5188727900,5191004100
60,12,241726558075700,2548100,105822000,108098200
60,28,241726596303300,2552200,144049600,146325800
60,44,241726637069300,3910100,184815600,187091800
60,60,241726675596000,2476500,223342300,225618500
60,76,241726714561800,2360800,262308100,264584300
60,92,241726753023800,2608800,300770100,303046300
60,108,241726805850800,2358200,353597100,355873300
60,124,241726844984200,2533100,392730500,395006700
60,140,241726881510500,2160400,429256800,431533000
60,156,241726918394800,2509300,466141100,468417300
60,172,241726954951600,2190100,502697900,504974100
60,188,241726992995500,2328700,540741800,543018000
60,204,241727028955100,2159400,576701400,578977600
60,220,241727064506900,2182800,612253200,614529400
60,236,241727105756200,2107200,653502500,655778700
60,252,241727139303500,2203100,687049800,689326000
60,268,241727174322500,2137500,722068800,724345000
60,284,241727209541400,2272600,757287700,759563900
60,300,241727245128700,2170200,792875000,795151200
60,316,241727278842000,2144200,826588300,828864500
60,332,241727312733000,2285800,860479300,862755500
60,348,241727349356200,2211900,897102500,899378700
60,364,241727386703600,2278200,934449900,936726100
60,380,241727429648400,2617500,977394700,979670900
60,396,241727466630000,2192400,1014376300,1016652500
60,412,241727501045900,2227800,1048792200,1051068400
60,428,241727536895600,2172900,1084641900,1086918100
60,444,241727571834700,2222600,1119581000,1121857200
60,460,241727607809600,2144600,1155555900,1157832100
60,476,241727642084000,2184900,1189830300,1192106500
60,492,241727677867100,2357400,1225613400,1227889600
60,508,241727720132300,2166100,1267878600,1270154800
60,524,241727755243300,2236200,1302989600,1305265800
60,540,241727794786500,2274700,1342532800,1344809000
60,556,241727829813000,2166800,1377559300,1379835500
60,572,241727864065500,2140900,1411811800,1414088000
60,588,241727899446900,2221900,1447193200,1449469400
60,604,241727934274500,2178400,1482020800,1484297000
60,620,241727976403800,2700000,1524150100,1526426300
60,636,241728011907100,2080400,1559653400,1561929600
60,652,241728045855100,2108200,1593601400,1595877600
60,668,241728080881300,2129700,1628627600,1630903800
60,684,241728114882400,2127100,1662628700,1664904900
60,700,241728149508700,2131700,1697255000,1699531200
60,716,241728183474900,2298300,1731221200,1733497400
60,732,241728219672300,2249500,1767418600,1769694800
60,748,241728262273000,2206100,1810019300,1812295500
60,764,241728298606900,2169400,1846353200,1848629400
60,780,241728334581900,2161300,1882328200,1884604400
60,796,241728369834400,2167100,1917580700,1919856900
60,812,241728405008000,2159500,1952754300,1955030500
60,828,241728439999400,2252300,1987745700,1990021900
60,844,241728474946600,2403700,2022692900,2024969100
60,860,241728510987900,2086400,2058734200,2061010400
60,876,241728552957200,2251400,2100703500,2102979700
60,892,241728588241100,2132500,2135987400,2138263600
60,908,241728623246300,2140800,2170992600,2173268800
60,924,241728658149400,2169400,2205895700,2208171900
60,940,241728693986600,2486400,2241732900,2244009100
60,956,241728729411900,2406500,2277158200,2279434400
60,972,241728765884400,2169000,2313630700,2315906900
60,988,241728808372400,2172300,2356118700,2358394900
60,1004,241728842784800,2126200,2390531100,2392807300
60,1020,241728877151700,2146600,2424898000,2427174200
60,1036,241728912234500,2148000,2459980800,2462257000
60,1052,241728947061800,2130100,2494808100,2497084300
60,1068,241728981424400,2166900,2529170700,2531446900
60,1084,241729016972000,2225900,2564718300,2566994500
60,1100,241729053127000,2155600,2600873300,2603149500
60,1116,241729093028300,2184900,2640774600,2643050800
60,1132,241729129041800,2169600,2676788100,2679064300
60,1148,241729163787200,2168000,2711533500,2713809700
60,1164,241729199169700,2270300,2746916000,2749192200
60,1180,241729235214700,2129000,2782961000,2785237200
60,1196,241729269862900,2197000,2817609200,2819885400
60,1212,241729305949200,2282800,2853695500,2855971700
60,1228,241729349347400,2229100,2897093700,2899369900
60,1244,241729384299200,2148900,2932045500,2934321700
60,1260,241729418760500,2147400,2966506800,2968783000
60,1276,241729457380200,2845500,3005126500,3007402700
60,1292,241729500147200,2602800,3047893500,3050169700
60,1308,241729544750300,2968600,3092496600,3094772800
60,1324,241729590590500,2735700,3138336800,3140613000
60,1340,241729635263500,7532700,3183009800,3185286000
60,1356,241729684835800,2786700,3232582100,3234858300
60,1372,241729728056000,2776400,3275802300,3278078500
60,1388,241729774507600,2924000,3322253900,3324530100
60,1404,241729823168500,2629100,3370914800,3373191000
60,1420,241729865507000,2723600,3413253300,3415529500
60,1436,241729908940500,2697500,3456686800,3458963000
60,1452,241729959045900,2663200,3506792200,3509068400
60,1468,241730008727700,2605600,3556474000,3558750200
60,1484,241730052523000,2792800,3600269300,3602545500
60,1500,241730096929200,2628200,3644675500,3646951700
60,1516,241730140436900,2591400,3688183200,3690459400
60,1532,241730183150400,2662800,3730896700,3733172900
60,1548,241730230619300,2775300,3778365600,3780641800
60,1564,241730277181200,3083900,3824927500,3827203700
60,1580,241730325636100,2928900,3873382400,3875658600
60,1596,241730369415500,2653700,3917161800,3919438000
60,1612,241730411368600,2583800,3959114900,3961391100
60,1628,241730455554800,2798400,4003301100,4005577300
60,1644,241730500605500,2673400,4048351800,4050628000
60,1660,241730543753200,2630200,4091499500,4093775700
60,1676,241730587474600,2693100,4135220900,4137497100
60,1692,241730629982200,2601300,4177728500,4180004700
60,1708,241730680745200,2930900,4228491500,4230767700
60,1724,241730728536700,2874900,4276283000,4278559200
60,1740,241730775037700,2800400,4322784000,4325060200
60,1756,241730823553400,2795500,4371299700,4373575900
60,1772,241730867485800,2663100,4415232100,4417508300
60,1788,241730910906300,2673000,4458652600,4460928800
60,1804,241730956450200,3133400,4504196500,4506472700
60,1820,241731009068800,2694900,4556815100,4559091300
60,1836,241731055619000,2696600,4603365300,4605641500
60,1852,241731100192400,2742700,4647938700,4650214900
60,1868,241731145725900,2709900,4693472200,4695748400
60,1884,241731188163600,2834400,4735909900,4738186100
60,1900,241731230050800,2563500,4777797100,4780073300
60,1916,241731273570000,2794600,4821316300,4823592500
60,1932,241731318673400,2696400,4866419700,4868695900
60,1948,241731368296400,2726900,4916042700,4918318900
60,1964,241731411366900,2758300,4959113200,4961389400
60,1980,241731455007300,2729300,5002753600,5005029800
60,1996,241731504106400,3305000,5051852700,5054128900
60,2012,241731550836300,2644700,5098582600,5100858800
60,2028,241731594791400,2711900,5142537700,5144813900
60,2044,241731638649900,2731900,5186396200,5188672400
61,13,241726561121600,2540500,108867900,111144100
61,29,241726599537000,2458800,147283300,149559500
61,45,241726641619800,2474100,189366100,191642300
61,61,241726678783400,2347600,226529700,228805900
61,77,241726717400200,2357900,265146500,267422700
61,93,241726756255400,2757800,304001700,306277900
61,109,241726808734500,2489800,356480800,358757000
61,125,241726847924600,2403400,395670900,397947100
61,141,241726884013200,2232500,431759500,434035700
61,157,241726921336800,2506900,469083100,471359300
61,173,241726957356900,4743600,505103200,507379400
61,189,241726996413000,2253200,544159300,546435500
61,205,241727032038000,2041900,579784300,582060500
61,221,241727067796600,2176000,615542900,617819100
61,237,241727108945600,2069800,656691900,658968100
61,253,241727142624200,2195000,690370500,692646700
61,269,241727177579400,2373400,725325700,727601900
61,285,241727213051300,2203400,760797600,763073800
61,301,241727248423900,2138300,796170200,798446400
61,317,241727282124500,2038500,829870800,832147000
61,333,241727316067600,2169200,863813900,866090100
61,349,241727352642400,2472800,900388700,902664900
61,365,241727391554700,8463900,939301000,941577200
61,381,241727435142900,2191300,982889200,985165400
61,397,241727470955300,2083500,1018701600,1020977800
61,413,241727505697500,2244200,1053443800,1055720000
61,429,241727541396100,2168700,1089142400,1091418600
61,445,241727576953300,2219600,1124699600,1126975800
61,461,241727612542100,2118000,1160288400,1162564600
61,477,241727646816000,2125700,1194562300,1196838500
61,493,241727682879700,8700400,1230626000,1232902200
61,509,241727724872200,2157400,1272618500,1274894700
61,525,241727760096900,2215600,1307843200,1310119400
61,541,241727799449100,2189200,1347195400,1349471600
61,557,241727834217500,2079900,1381963800,1384240000
61,573,241727868384300,2113100,1416130600,1418406800
61,589,241727903733400,2165900,1451479700,1453755900
61,605,241727938482400,2159200,1486228700,1488504900
61,621,241727981129000,2491700,1528875300,1531151500
61,637,241728015819500,2067100,1563565800,1565842000
61,653,241728049834200,2228600,1597580500,1599856700
61,669,241728084841700,2138600,1632588000,1634864200
61,685,241728118939300,2115900,1666685600,1668961800
61,701,241728153561500,2102900,1701307800,1703584000
61,717,241728189417100,2251400,1737163400,1739439600
61,733,241728225325900,2110000,1773072200,1775348400
61,749,241728268078900,2224900,1815825200,1818101400
61,765,241728304420000,2179600,1852166300,1854442500
61,781,241728340478800,2173700,1888225100,1890501300
61,797,241728375862200,2157000,1923608500,1925884700
61,813,241728410870000,2177900,1958616300,1960892500
61,829,241728446126100,2170700,1993872400,1996148600
61,845,241728481283600,2295300,2029029900,2031306100
61,861,241728524119800,2203900,2071866100,2074142300
61,877,241728558893400,2181200,2106639700,2108915900
61,893,241728594023800,2223400,2141770100,2144046300
61,909,241728628923300,2147100,2176669600,2178945800
61,925,241728664023300,2243800,2211769600,2214045800
61,941,241728699604900,2159700,2247351200,2249627400
61,957,241728735266100,2440200,2283012400,2285288600
61,973,241728771160300,2168200,2318906600,2321182800
61,989,241728813522400,2132200,2361268700,2363544900
61,1005,241728847973000,2156300,2395719300,2397995500
61,1021,241728882354700,2160000,2430101000,2432377200
61,1037,241728917328400,2151300,2465074700,2467350900
61,1053,241728952301400,2109700,2500047700,2502323900
61,1069,241728986771400,2143000,2534517700,2536793900
61,1085,241729023184000,2350100,2570930300,2573206500
61,1101,241729064112400,2150000,2611858700,2614134900
61,1117,241729098992800,2215500,2646739100,2649015300
61,1133,241729134966200,2176500,2682712500,2684988700
61,1149,241729169880800,2185600,2717627100,2719903300
61,1165,241729205265000,2419600,2753011300,2755287500
61,1181,241729240995000,2164200,2788741300,2791017500
61,1197,241729275749800,2204700,2823496100,2825772300
61,1213,241729311954900,2300500,2859701200,2861977400
61,1229,241729354886300,2241800,2902632600,2904908800
61,1245,241729389683300,2189800,2937429600,2939705800
61,1261,241729424298100,2391600,2972044400,2974320600
61,1277,241729463768300,2606400,3011514600,3013790800
61,1293,241729506413300,2726400,3054159600,3056435800
61,1309,241729551482200,3127900,3099228500,3101504700
61,1325,241729597700300,3012200,3145446600,3147722800
61,1341,241729647174300,2853900,3194920600,3197196800
61,1357,241729691134500,2616100,3238880800,3241157000
61,1373,241729734661800,2657200,3282408100,3284684300
61,1389,241729781254600,2885700,3329000900,3331277100
61,1405,241729829358600,2759900,3377104900,3379381100
61,1421,241729871829000,2597800,3419575300,3421851500
61,1437,241729915847200,2786400,3463593500,3465869700
61,1453,241729965643900,2958100,3513390200,3515666400
61,1469,241730014712400,2618700,3562458700,3564734900
61,1485,241730058751900,2555400,3606498200,3608774400
61,1501,241730103431500,2664100,3651177800,3653454000
61,1517,241730146568600,2624600,3694314900,3696591100
61,1533,241730189330400,2756100,3737076700,3739352900
61,1549,241730237003300,2609400,3784749600,3787025800
61,1565,241730283708900,2618700,3831455200,3833731400
61,1581,241730332260100,2616100,3880006400,3882282600
61,1597,241730375598600,2666300,3923344900,3925621100
61,1613,241730417657100,2708300,3965403400,3967679600
61,1629,241730462055700,2781000,4009802000,4012078200
61,1645,241730507341800,2875700,4055088100,4057364300
61,1661,241730550416700,2717800,4098163000,4100439200
61,1677,241730594163800,2648800,4141910100,4144186300
61,1693,241730636298100,2858200,4184044400,4186320600
61,1709,241730688206100,3089900,4235952400,4238228600
61,1725,241730735717400,3010100,4283463700,4285739900
61,1741,241730782016900,2779400,4329763200,4332039400
61,1757,241730830413000,2713600,4378159300,4380435500
61,1773,241730874108700,2674600,4421855000,4424131200
61,1789,241730917593100,2669500,4465339400,4467615600
61,1805,241730964146800,3095000,4511893100,4514169300
61,1821,241731015842100,2713900,4563588400,4565864600
61,1837,241731061830700,2742600,4609577000,4611853200
61,1853,241731106508400,2791100,4654254700,4656530900
61,1869,241731151866800,2621300,4699613100,4701889300
61,1885,241731194255600,2602200,4742001900,4744278100
61,1901,241731235862500,2687300,4783608800,4785885000
61,1917,241731279772400,2733500,4827518700,4829794900
61,1933,241731324710200,2942100,4872456500,4874732700
61,1949,241731374411300,2702200,4922157600,4924433800
61,1965,241731417583100,2767500,4965329400,4967605600
61,1981,241731461307400,3010400,5009053700,5011329900
61,1997,241731511575600,3280500,5059321900,5061598100
61,2013,241731557049100,2644400,5104795400,5107071600
61,2029,241731601249600,2717900,5148995900,5151272100
61,2045,241731645123300,4227800,5192869600,5195145800
62,14,241726563189100,2391200,110935400,113211600
62,30,241726601444200,2375100,149190500,151466700
62,46,241726643583400,2314600,191329700,193605900
62,62,241726680643400,2439200,228389700,230665900
62,78,241726719281700,2296600,267028000,269304200
62,94,241726758500100,2659500,306246400,308522600
62,110,241726810764200,2449100,358510500,360786700
62,126,241726849895600,2355500,397641900,399918100
62,142,241726885807500,2256100,433553800,435830000
62,158,241726923349000,2305200,471095300,473371500
62,174,241726960994700,2420900,508741000,511017200
62,190,241726997816300,2115200,545562600,547838800
62,206,241727033257900,2045500,581004200,583280400
62,222,241727069297800,2196800,617044100,619320300
62,238,241727110385800,2043600,658132100,660408300
62,254,241727144131600,2400400,691877900,694154100
62,270,241727179340600,2217000,727086900,729363100
62,286,241727214654100,2224700,762400400,764676600
62,302,241727250003000,2150200,797749300,800025500
62,318,241727283625800,2060200,831372100,833648300
62,334,241727317705400,2120700,865451700,867727900
62,350,241727354407600,2380900,902153900,904430100
62,366,241727398899100,2526400,946645400,948921600
62,382,241727436430900,2275000,984177200,986453400
62,398,241727472176300,2110600,1019922600,1022198800
62,414,241727506939900,2205100,1054686200,1056962400
62,430,241727542567300,2214800,1090313600,1092589800
62,446,241727578176200,2223100,1125922500,1128198700
62,462,241727613634400,2103300,1161380700,1163656900
62,478,241727647892900,2154800,1195639200,1197915400
62,494,241727690612000,2241600,1238358300,1240634500
62,510,241727726065900,2196500,1273812200,1276088400
62,526,241727761381500,2081900,1309127800,1311404000
62,542,241727799699300,2215200,1347445600,1349721800
62,558,241727834506300,2084600,1382252600,1384528800
62,574,241727868640100,2122000,1416386400,1418662600
62,590,241727904149900,2143500,1451896200,1454172400
62,606,241727938877300,2149800,1486623600,1488899800
62,622,241727981646900,2436700,1529393200,1531669400
62,638,241728016236400,2062800,1563982700,1566258900
62,654,241728050319800,2205000,1598066100,1600342300
62,670,241728085338300,2122600,1633084600,1635360800
62,686,241728119485600,2119700,1667231900,1669508100
62,702,241728154112000,2090400,1701858300,1704134500
62,718,241728189080100,2314000,1736826400,1739102600
62,734,241728225034200,2152100,1772780500,1775056700
62,750,241728267938300,2173000,1815684600,1817960800
62,766,241728304096600,2174600,1851842900,1854119100
62,782,241728340123800,2175000,1887870100,1890146300
62,798,241728375420000,2158200,1923166300,1925442500
62,814,241728410399100,2196100,1958145400,1960421600
62,830,241728445703600,2184600,1993449900,1995726100
62,846,241728480977400,2300200,2028723700,2030999900
62,862,241728523863300,2224600,2071609600,2073885800
62,878,241728558680700,2171700,2106427000,2108703200
62,894,241728593676900,2220900,2141423200,2143699400
62,910,241728629244600,2140200,2176990900,2179267100
62,926,241728664391000,2322700,2212137300,2214413500
62,942,241728700100500,2169200,2247846800,2250123000
62,958,241728735700200,2422500,2283446500,2285722700
62,974,241728771570200,2193000,2319316500,2321592700
62,990,241728814005900,2139900,2361752200,2364028400
62,1006,241728848371300,2156600,2396117600,2398393800
62,1022,241728882778300,2159800,2430524600,2432800800
62,1038,241728917763500,2142900,2465509800,2467786000
62,1054,241728952424100,2105500,2500170400,2502446600
62,1070,241728986912700,2158900,2534659000,2536935200
62,1086,241729023360700,2388600,2571107000,2573383200
62,1102,241729064313500,2152900,2612059800,2614336000
62,1118,241729099201400,2212200,2646947700,2649223900
62,1134,241729135107500,2196500,2682853800,2685130000
62,1150,241729170021700,2199400,2717768000,2720044200
62,1166,241729205382000,2362500,2753128300,2755404500
62,1182,241729241025400,2168600,2788771700,2791047900
62,1198,241729275869300,2211800,2823615600,2825891800
62,1214,241729312105800,2266800,2859852100,2862128300
62,1230,241729355317100,2251600,2903063400,2905339600
62,1246,241729390132800,2193400,2937879100,2940155300
62,1262,241729424820700,2383000,2972567000,2974843200
62,1278,241729464161500,2589700,3011907800,3014184000
62,1294,241729506819500,2733600,3054565800,3056842000
62,1310,241729551977900,3096800,3099724200,3102000400
62,1326,241729598244200,2901500,3145990500,3148266700
62,1342,241729647573600,2897900,3195319900,3197596100
62,1358,241729691524100,2634000,3239270400,3241546600
62,1374,241729735071900,2762500,3282818200,3285094400
62,1390,241729781693100,2883800,3329439400,3331715600
62,1406,241729829929600,2845800,3377675900,3379952100
62,1422,241729872412200,2586000,3420158500,3422434700
62,1438,241729916424700,2774100,3464171000,3466447200
62,1454,241729966186600,2941700,3513932900,3516209100
62,1470,241730015185600,2640600,3562931900,3565208100
62,1486,241730059217300,2537500,3606963600,3609239800
62,1502,241730103906300,2648900,3651652600,3653928800
62,1518,241730147065200,2603300,3694811500,3697087700
62,1534,241730189896400,2688400,3737642700,3739918900
62,1550,241730237541100,2630700,3785287400,3787563600
62,1566,241730284253900,2601800,3832000200,3834276400
62,1582,241730332761800,2595600,3880508100,3882784300
62,1598,241730376061300,2656900,3923807600,3926083800
62,1614,241730418144300,2724300,3965890600,3968166800
62,1630,241730462676700,2779300,4010423000,4012699200
62,1646,241730507416900,2868700,4055163200,4057439400
62,1662,241730550496600,2723100,4098242900,4100519100
62,1678,241730594241400,2641200,4141987700,4144263900
62,1694,241730636416800,2818700,4184163100,4186439300
62,1710,241730688294300,3098000,4236040600,4238316800
62,1726,241730735783100,2986200,4283529400,4285805600
62,1742,241730782050600,2785900,4329796900,4332073100
62,1758,241730830453900,2718600,4378200200,4380476400
62,1774,241730874145200,2678600,4421891500,4424167700
62,1790,241730917626400,2670400,4465372700,4467648900
62,1806,241730964189700,3101600,4511936000,4514212200
62,1822,241731015909300,2683800,4563655600,4565931800
62,1838,241731060205400,2753900,4607951700,4610227900
62,1854,241731104809000,2824000,4652555300,4654831500
62,1870,241731150257800,2653300,4698004100,4700280300
62,1886,241731192689600,2606600,4740435900,4742712100
62,1902,241731234299100,2635800,4782045400,4784321600
62,1918,241731278118400,2738800,4825864700,4828140900
62,1934,241731323059600,2801500,4870805900,4873082100
62,1950,241731372732700,2685500,4920479000,4922755200
62,1966,241731415853200,2794800,4963599500,4965875700
62,1982,241731459409200,2961800,5007155500,5009431700
62,1998,241731509469500,3223600,5057215800,5059492000
62,2014,241731555378700,2597500,5103125000,5105401200
62,2030,241731599484400,2728700,5147230700,5149506900
62,2046,241731643374700,3640200,5191121000,5193397200
63,15,241726565944100,2569600,113690400,115966600
63,31,241726604272200,2378600,152018500,154294700
63,47,241726646361800,2445500,194108100,196384300
63,63,241726683831800,2368400,231578100,233854300
63,79,241726722350200,2190500,270096500,272372700
63,95,241726762230800,2753000,309977100,312253300
63,111,241726814264000,2454500,362010300,364286500
63,127,241726853443000,2345200,401189300,403465500
63,143,241726889316000,2246100,437062300,439338500
63,159,241726927054000,2206900,474800300,477076500
63,175,241726965034500,2373900,512780800,515057000
63,191,241727001552900,2183900,549299200,551575400
63,207,241727037059800,2956700,584806100,587082300
63,223,241727073157400,2484500,620903700,623179900
63,239,241727114113800,2210400,661860100,664136300
63,255,241727148209200,2154400,695955500,698231700
63,271,241727183183600,2258600,730929900,733206100
63,287,241727218475400,2272600,766221700,768497900
63,303,241727253691400,2194800,801437700,803713900
63,319,241727287172700,2072900,834919000,837195200
63,335,241727321411200,2561100,869157500,871433700
63,351,241727358497500,2118600,906243800,908520000
63,367,241727404579700,2230300,952326000,954602200
63,383,241727441599500,2237500,989345800,991622000
63,399,241727476962100,2122500,1024708400,1026984600
63,415,241727512107700,2451800,1059854000,1062130200
63,431,241727547653900,2164200,1095400200,1097676400
63,447,241727583448900,2243400,1131195200,1133471400
63,463,241727618710500,2130400,1166456800,1168733000
63,479,241727653196600,2457100,1200942900,1203219100
63,495,241727695844700,2168900,1243591000,1245867200
63,511,241727731240000,2215600,1278986300,1281262500
63,527,241727766643400,2156600,1314389700,1316665900
63,543,241727807842200,2112500,1355588500,1357864700
63,559,241727842433000,2145000,1390179300,1392455500
63,575,241727876605100,2130800,1424351400,1426627600
63,591,241727912091600,2133100,1459837900,1462114100
63,607,241727946813800,2153400,1494560100,1496836300
63,623,241727990184000,2221600,1537930300,1540206500
63,639,241728023964000,2047700,1571710300,1573986500
63,655,241728058370700,2133600,1606117000,1608393200
63,671,241728093223300,2102800,1640969600,1643245800
63,687,241728127299400,2318500,1675045700,1677321900
63,703,241728161803400,2144200,1709549700,1711825900
63,719,241728197634600,2240200,1745380900,1747657100
63,735,241728232983800,2206000,1780730100,1783006300
63,751,241728276275300,2214700,1824021600,1826297800
63,767,241728312011900,2224600,1859758200,1862034400
63,783,241728347900600,2143800,1895646900,1897923100
63,799,241728383497100,2234400,1931243400,1933519600
63,815,241728418276100,2170900,1966022400,1968298600
63,831,241728453511400,2165500,2001257700,2003533900
63,847,241728489168000,2248900,2036914300,2039190500
63,863,241728531514400,2172900,2079260700,2081536900
63,879,241728566397800,2152900,2114144100,2116420300
63,895,241728601882600,2169300,2149628900,2151905100
63,911,241728636679400,2198600,2184425700,2186701900
63,927,241728672111500,2211500,2219857800,2222134000
63,943,241728707195500,2121000,2254941800,2257218000
63,959,241728743428500,2279600,2291174800,2293451000
63,975,241728778639500,2160800,2326385800,2328662000
63,991,241728821027600,2129300,2368773900,2371050100
63,1007,241728855386600,2136400,2403132900,2405409100
63,1023,241728889847000,2154500,2437593300,2439869500
63,1039,241728924908200,2129500,2472654500,2474930700
63,1055,241728959509800,2172800,2507256100,2509532300
63,1071,241728994108700,2239200,2541855000,2544131200
63,1087,241729030830500,2188400,2578576800,2580853000
63,1103,241729071487500,2147600,2619233800,2621510000
63,1119,241729106451500,2479200,2654197800,2656474000
63,1135,241729142347200,2125400,2690093500,2692369700
63,1151,241729177023900,2100600,2724770200,2727046400
63,1167,241729213280200,2206800,2761026500,2763302700
63,1183,241729248337800,2111400,2796084100,2798360300
63,1199,241729283231800,2149300,2830978100,2833254300
63,1215,241729319834900,4224100,2867581200,2869857400
63,1231,241729363076100,2146600,2910822400,2913098600
63,1247,241729397712000,2163000,2945458300,2947734500
63,1263,241729433161300,2522500,2980907600,2983183800
63,1279,241729474053900,2660200,3021800200,3024076400
63,1295,241729517009500,2732500,3064755800,3067032000
63,1311,241729563308500,2708400,3111054800,3113331000
63,1327,241729608506600,2713200,3156252900,3158529100
63,1343,241729657921300,2864700,3205667600,3207943800
63,1359,241729701407000,2771000,3249153300,3251429500
63,1375,241729745633000,3035100,3293379300,3295655500
63,1391,241729792235500,2891800,3339981800,3342258000
63,1407,241729839841500,2587000,3387587800,3389864000
63,1423,241729882131700,2614800,3429878000,3432154200
63,1439,241729926654700,2904900,3474401000,3476677200
63,1455,241729977011400,2712700,3524757700,3527033900
63,1471,241730025063600,2688700,3572809900,3575086100
63,1487,241730068646600,3513700,3616392900,3618669100
63,1503,241730113948600,2802100,3661694900,3663971100
63,1519,241730156636300,2618500,3704382600,3706658800
63,1535,241730202995000,2803100,3750741300,3753017500
63,1551,241730249792800,3169400,3797539100,3799815300
63,1567,241730293885200,2611800,3841631500,3843907700
63,1583,241730342534500,2715100,3890280800,3892557000
63,1599,241730385615000,2593200,3933361300,3935637500
63,1615,241730428056600,2872700,3975802900,3978079100
63,1631,241730472658000,3007700,4020404300,4022680500
63,1647,241730517145300,2783900,4064891600,4067167800
63,1663,241730561144500,2605300,4108890800,4111167000
63,1679,241730603775700,2644000,4151522000,4153798200
63,1695,241730646761600,7683400,4194507900,4196784100
63,1711,241730699120800,3063300,4246867100,4249143300
63,1727,241730746309900,2990000,4294056200,4296332400
63,1743,241730792311700,2874500,4340058000,4342334200
63,1759,241730840431900,2778400,4388178200,4390454400
63,1775,241730883996700,2702300,4431743000,4434019200
63,1791,241730927907200,2748600,4475653500,4477929700
63,1807,241730975154100,2775100,4522900400,4525176600
63,1823,241731027775400,2643100,4575521700,4577797900
63,1839,241731072281600,2762600,4620027900,4622304100
63,1855,241731117644100,3017400,4665390400,4667666600
63,1871,241731161881300,2608000,4709627600,4711903800
63,1887,241731204153300,2652700,4751899600,4754175800
63,1903,241731246050600,2700600,4793796900,4796073100
63,1919,241731290203800,2717300,4837950100,4840226300
63,1935,241731340840300,2948500,4888586600,4890862800
63,1951,241731384449800,2605000,4932196100,4934472300
63,1967,241731427630500,2949600,4975376800,4977653000
63,1983,241731473489700,3163400,5021236000,5023512200
63,1999,241731523531900,2677000,5071278200,5073554400
63,2015,241731567158900,2739800,5114905200,5117181400
63,2031,241731611388400,2707300,5159134700,5161410900
63,2047,241731656309800,305300,5204056100,5206332300
