client,iteration,guest_start_ns,duration_ns,start_elapsed_lower_ns,start_elapsed_upper_ns
0,0,241748134860200,16530900,37041500,39161100
0,16,241748194072100,2635600,96253400,98373000
0,32,241748231468900,2430000,133650200,135769800
0,48,241748268340500,2265900,170521800,172641400
0,64,241748305069800,2330500,207251100,209370700
0,80,241748343299800,2304400,245481100,247600700
0,96,241748380831500,2328900,283012800,285132400
0,112,241748425068600,2214400,327249900,329369500
0,128,241748460572300,2206200,362753600,364873200
0,144,241748496110900,2239500,398292200,400411800
0,160,241748533058500,2362200,435239800,437359400
0,176,241748568557200,2159900,470738500,472858100
0,192,241748604718000,2297100,506899300,509018900
0,208,241748639960800,2175200,542142100,544261700
0,224,241748674285100,2087200,576466400,578586000
0,240,241748715261400,2106400,617442700,619562300
0,256,241748749879500,2111600,652060800,654180400
0,272,241748784928100,2121800,687109400,689229000
0,288,241748819282900,2356600,721464200,723583800
0,304,241748853996100,2144000,756177400,758297000
0,320,241748887758400,2094500,789939700,792059300
0,336,241748921503200,2121100,823684500,825804100
0,352,241748955182600,2109800,857363900,859483500
0,368,241748996342700,2136300,898524000,900643600
0,384,241749031519200,2261100,933700500,935820100
0,400,241749066638000,2121400,968819300,970938900
0,416,241749101982700,2163100,1004164000,1006283600
0,432,241749136344600,2112100,1038525900,1040645500
0,448,241749170863100,2156300,1073044400,1075164000
0,464,241749206473000,2130100,1108654300,1110773900
0,480,241749240480900,2145500,1142662200,1144781800
0,496,241749281409400,2153500,1183590700,1185710300
0,512,241749315275000,2149200,1217456300,1219575900
0,528,241749349131000,2107300,1251312300,1253431900
0,544,241749383145700,2141400,1285327000,1287446600
0,560,241749417791000,2230100,1319972300,1322091900
0,576,241749453600800,2199700,1355782100,1357901700
0,592,241749488422000,2123900,1390603300,1392722900
0,608,241749523267200,2207300,1425448500,1427568100
0,624,241749564756100,2187900,1466937400,1469057000
0,640,241749601122000,2234500,1503303300,1505422900
0,656,241749635192100,2119600,1537373400,1539493000
0,672,241749668853300,2092700,1571034600,1573154200
0,688,241749702553700,2055100,1604735000,1606854600
0,704,241749736334400,2107100,1638515700,1640635300
0,720,241749770580300,2144900,1672761600,1674881200
0,736,241749804695200,2165600,1706876500,1708996100
0,752,241749847564500,2194800,1749745800,1751865400
0,768,241749881678000,2123200,1783859300,1785978900
0,784,241749917240300,2230700,1819421600,1821541200
0,800,241749952292900,2419500,1854474200,1856593800
0,816,241749987677400,2146700,1889858700,1891978300
0,832,241750021684600,2098800,1923865900,1925985500
0,848,241750055437800,2108300,1957619100,1959738700
0,864,241750115181400,2137000,2017362700,2019482300
0,880,241750149758000,2152200,2051939300,2054058900
0,896,241750184731900,2150000,2086913200,2089032800
0,912,241750219993900,2217400,2122175200,2124294800
0,928,241750255939400,2197100,2158120700,2160240300
0,944,241750291691400,2390900,2193872700,2195992300
0,960,241750326408200,2109400,2228589500,2230709100
0,976,241750360070400,2119900,2262251700,2264371300
0,992,241750402568500,2108300,2304749800,2306869400
0,1008,241750436399200,2116400,2338580500,2340700100
0,1024,241750470220000,2101600,2372401300,2374520900
0,1040,241750504032600,2075000,2406213900,2408333500
0,1056,241750537627400,2297700,2439808700,2441928300
0,1072,241750572660200,2158200,2474841500,2476961100
0,1088,241750606896100,2103200,2509077400,2511197000
0,1104,241750645673500,2182900,2547854800,2549974400
0,1120,241750680829100,2107800,2583010400,2585130000
0,1136,241750714714100,2117600,2616895400,2619015000
0,1152,241750749218600,2153400,2651399900,2653519500
0,1168,241750782943000,2080500,2685124300,2687243900
0,1184,241750816620600,2204100,2718801900,2720921500
0,1200,241750851539100,2319900,2753720400,2755840000
0,1216,241750887186500,2156700,2789367800,2791487400
0,1232,241750927730900,2179000,2829912200,2832031800
0,1248,241750963739100,2370700,2865920400,2868040000
0,1264,241750999536700,2205100,2901718000,2903837600
0,1280,241751035988700,2104400,2938170000,2940289600
0,1296,241751071120600,2413100,2973301900,2975421500
0,1312,241751107332200,2732200,3009513500,3011633100
0,1328,241751153315200,3046100,3055496500,3057616100
0,1344,241751206539000,3006200,3108720300,3110839900
0,1360,241751254480100,3046900,3156661400,3158781000
0,1376,241751300679000,2874500,3202860300,3204979900
0,1392,241751344768200,2607600,3246949500,3249069100
0,1408,241751391067800,2960000,3293249100,3295368700
0,1424,241751438260200,2962200,3340441500,3342561100
0,1440,241751484300000,2618700,3386481300,3388600900
0,1456,241751529606500,2956100,3431787800,3433907400
0,1472,241751581295500,2927300,3483476800,3485596400
0,1488,241751627788100,2735400,3529969400,3532089000
0,1504,241751671428500,2711200,3573609800,3575729400
0,1520,241751715229700,2912900,3617411000,3619530600
0,1536,241751761381500,2986800,3663562800,3665682400
0,1552,241751806344600,2686000,3708525900,3710645500
0,1568,241751854393200,2914200,3756574500,3758694100
0,1584,241751914660300,2963900,3816841600,3818961200
0,1600,241751961899500,2902900,3864080800,3866200400
0,1616,241752008785400,2706600,3910966700,3913086300
0,1632,241752057438900,3041500,3959620200,3961739800
0,1648,241752104815200,2957600,4006996500,4009116100
0,1664,241752148999700,2498500,4051181000,4053300600
0,1680,241752198095700,2672200,4100277000,4102396600
0,1696,241752241531000,2965400,4143712300,4145831900
0,1712,241752292928000,2909100,4195109300,4197228900
0,1728,241752342212600,2930300,4244393900,4246513500
0,1744,241752388362800,2926500,4290544100,4292663700
0,1760,241752435443600,2995400,4337624900,4339744500
0,1776,241752483277900,2794600,4385459200,4387578800
0,1792,241752528531900,2768300,4430713200,4432832800
0,1808,241752577044800,2672100,4479226100,4481345700
0,1824,241752624944500,2707900,4527125800,4529245400
0,1840,241752668679700,2730100,4570861000,4572980600
0,1856,241752714330800,2947400,4616512100,4618631700
0,1872,241752762600400,2970000,4664781700,4666901300
0,1888,241752808058800,3085800,4710240100,4712359700
0,1904,241752855957900,2958700,4758139200,4760258800
0,1920,241752909044900,3285500,4811226200,4813345800
0,1936,241752966606900,3467500,4868788200,4870907800
0,1952,241753019437200,3229800,4921618500,4923738100
0,1968,241753070243000,2876500,4972424300,4974543900
0,1984,241753113698400,2731800,5015879700,5017999300
0,2000,241753158242800,2829900,5060424100,5062543700
0,2016,241753201963100,2878800,5104144400,5106264000
0,2032,241753247070500,2766700,5149251800,5151371400
1,1,241748151691900,3579000,53873200,55992800
1,17,241748196983800,2630300,99165100,101284700
1,33,241748234089700,2364000,136271000,138390600
1,49,241748270809900,2253300,172991200,175110800
1,65,241748307450900,2317800,209632200,211751800
1,81,241748345644400,2324600,247825700,249945300
1,97,241748383232100,2321600,285413400,287533000
1,113,241748427252500,2262800,329433800,331553400
1,129,241748462748700,2185400,364930000,367049600
1,145,241748498318500,2263700,400499800,402619400
1,161,241748535299400,2457300,437480700,439600300
1,177,241748570531400,2146100,472712700,474832300
1,193,241748606955500,2268000,509136800,511256400
1,209,241748642053600,2155000,544234900,546354500
1,225,241748676291300,2179900,578472600,580592200
1,241,241748717308500,2104400,619489800,621609400
1,257,241748751869100,2136400,654050400,656170000
1,273,241748786966200,2153500,689147500,691267100
1,289,241748821609200,2132600,723790500,725910100
1,305,241748856110100,2154700,758291400,760411000
1,321,241748889826100,2098600,792007400,794127000
1,337,241748923674000,2158200,825855300,827974900
1,353,241748957335100,2126000,859516400,861636000
1,369,241748998378800,2145100,900560100,902679700
1,385,241749033571500,2238500,935752800,937872400
1,401,241749068592600,2160700,970773900,972893500
1,417,241749103917700,2127700,1006099000,1008218600
1,433,241749138231900,2217800,1040413200,1042532800
1,449,241749172874300,2149100,1075055600,1077175200
1,465,241749208781200,2186300,1110962500,1113082100
1,481,241749242822300,2132500,1145003600,1147123200
1,497,241749283735900,2140200,1185917200,1188036800
1,513,241749317617300,2219200,1219798600,1221918200
1,529,241749351504200,2080300,1253685500,1255805100
1,545,241749385513300,2078000,1287694600,1289814200
1,561,241749420054700,2166400,1322236000,1324355600
1,577,241749455740300,2194600,1357921600,1360041200
1,593,241749490491200,2190200,1392672500,1394792100
1,609,241749525387500,2154700,1427568800,1429688400
1,625,241749566885900,2397500,1469067200,1471186800
1,641,241749603325800,2298700,1505507100,1507626700
1,657,241749637286700,2084300,1539468000,1541587600
1,673,241749670919400,2104500,1573100700,1575220300
1,689,241749704579200,2079700,1606760500,1608880100
1,705,241749738414200,2101100,1640595500,1642715100
1,721,241749772573000,2132400,1674754300,1676873900
1,737,241749806714500,2123300,1708895800,1711015400
1,753,241749849592400,2160200,1751773700,1753893300
1,769,241749883611200,2136500,1785792500,1787912100
1,785,241749919194500,2253200,1821375800,1823495400
1,801,241749954420500,2242100,1856601800,1858721400
1,817,241749989437400,2131900,1891618700,1893738300
1,833,241750023392800,2112400,1925574100,1927693700
1,849,241750057149300,2125900,1959330600,1961450200
1,865,241750116319300,2139500,2018500600,2020620200
1,881,241750150937800,2199100,2053119100,2055238700
1,897,241750186048900,2133200,2088230200,2090349800
1,913,241750221257900,2265100,2123439200,2125558800
1,929,241750257029600,2337800,2159210900,2161330500
1,945,241750292777800,2328000,2194959100,2197078700
1,961,241750327365900,2139400,2229547200,2231666800
1,977,241750361015500,2152700,2263196800,2265316400
1,993,241750403418500,2132800,2305599800,2307719400
1,1009,241750437328500,2141200,2339509800,2341629400
1,1025,241750471157900,2076500,2373339200,2375458800
1,1041,241750504982200,2089600,2407163500,2409283100
1,1057,241750538913700,2198200,2441095000,2443214600
1,1073,241750573768900,2193600,2475950200,2478069800
1,1089,241750608061000,2119500,2510242300,2512361900
1,1105,241750646836300,2264000,2549017600,2551137200
1,1121,241750682427700,2127000,2584609000,2586728600
1,1137,241750716318500,2111500,2618499800,2620619400
1,1153,241750750772800,2110800,2652954100,2655073700
1,1169,241750784456400,2099800,2686637700,2688757300
1,1185,241750818251800,2193500,2720433100,2722552700
1,1201,241750853371500,2154300,2755552800,2757672400
1,1217,241750888776900,2296300,2790958200,2793077800
1,1233,241750929408400,2195500,2831589700,2833709300
1,1249,241750965560900,2252000,2867742200,2869861800
1,1265,241751001193200,2176000,2903374500,2905494100
1,1281,241751037562100,2118900,2939743400,2941863000
1,1297,241751072535900,2341100,2974717200,2976836800
1,1313,241751108984500,2744400,3011165800,3013285400
1,1329,241751155210000,3002100,3057391300,3059510900
1,1345,241751208378000,3033900,3110559300,3112678900
1,1361,241751256363000,3045100,3158544300,3160663900
1,1377,241751302431900,2829600,3204613200,3206732800
1,1393,241751346334600,2576600,3248515900,3250635500
1,1409,241751392871100,2978600,3295052400,3297172000
1,1425,241751440075500,2963900,3342256800,3344376400
1,1441,241751485890500,2642500,3388071800,3390191400
1,1457,241751531443500,2802900,3433624800,3435744400
1,1473,241751582989500,2974900,3485170800,3487290400
1,1489,241751629288800,2727600,3531470100,3533589700
1,1505,241751672927500,2776300,3575108800,3577228400
1,1521,241751716702500,3043400,3618883800,3621003400
1,1537,241751763030900,3002200,3665212200,3667331800
1,1553,241751807828800,2724600,3710010100,3712129700
1,1569,241751856046800,2881700,3758228100,3760347700
1,1585,241751916408700,2918400,3818590000,3820709600
1,1601,241751963620700,2912000,3865802000,3867921600
1,1617,241752010271200,2771400,3912452500,3914572100
1,1633,241752060692900,2989000,3962874200,3964993800
1,1649,241752107978500,2944300,4010159800,4012279400
1,1665,241752151897400,2594700,4054078700,4056198300
1,1681,241752201161100,2689400,4103342400,4105462000
1,1697,241752244911600,3005700,4147092900,4149212500
1,1713,241752296348800,2947700,4198530100,4200649700
1,1729,241752345653400,2906100,4247834700,4249954300
1,1745,241752391792600,2883800,4293973900,4296093500
1,1761,241752438911300,2994700,4341092600,4343212200
1,1777,241752486512000,2797900,4388693300,4390812900
1,1793,241752531742500,2799300,4433923800,4436043400
1,1809,241752580142900,2712500,4482324200,4484443800
1,1825,241752628083900,2683400,4530265200,4532384800
1,1841,241752671828900,2684600,4574010200,4576129800
1,1857,241752717154300,2944500,4619335600,4621455200
1,1873,241752765486200,2953400,4667667500,4669787100
1,1889,241752811062700,2987400,4713244000,4715363600
1,1905,241752858832000,3019100,4761013300,4763132900
1,1921,241752912242000,3322600,4814423300,4816542900
1,1937,241752969984600,3167000,4872165900,4874285500
1,1953,241753022582200,3467100,4924763500,4926883100
1,1969,241753073045200,2806300,4975226500,4977346100
1,1985,241753116360400,2760600,5018541700,5020661300
1,2001,241753161001300,2744600,5063182600,5065302200
1,2017,241753204764400,2924000,5106945700,5109065300
1,2033,241753249758200,3021600,5151939500,5154059100
2,2,241748155168200,2580400,57349500,59469100
2,18,241748199549000,2339400,101730300,103849900
2,34,241748236331400,2372800,138512700,140632300
2,50,241748273127700,2321600,175309000,177428600
2,66,241748309923700,2455900,212105000,214224600
2,82,241748348097500,2349900,250278800,252398400
2,98,241748385659100,2362500,287840400,289960000
2,114,241748429670300,2225100,331851600,333971200
2,130,241748465112500,2131300,367293800,369413400
2,146,241748500704000,2379600,402885300,405004900
2,162,241748537819600,2135500,440000900,442120500
2,178,241748572783000,2126400,474964300,477083900
2,194,241748609259100,2418900,511440400,513560000
2,210,241748644241200,2092200,546422500,548542100
2,226,241748678644800,2287700,580826100,582945700
2,242,241748719501600,2129600,621682900,623802500
2,258,241748754167600,2188100,656348900,658468500
2,274,241748789180700,2157300,691362000,693481600
2,290,241748823829300,2169700,726010600,728130200
2,306,241748858351700,2132400,760533000,762652600
2,322,241748892010200,2056200,794191500,796311100
2,338,241748925981100,2137500,828162400,830282000
2,354,241748959613000,2153900,861794300,863913900
2,370,241749000567700,2005100,902749000,904868600
2,386,241749036436200,2320400,938617500,940737100
2,402,241749071381000,2149600,973562300,975681900
2,418,241749106731100,2106400,1008912400,1011032000
2,434,241749141138000,2138900,1043319300,1045438900
2,450,241749175629000,2154800,1077810300,1079929900
2,466,241749211551100,2103200,1113732400,1115852000
2,482,241749245527500,2138700,1147708800,1149828400
2,498,241749286428700,2185100,1188610000,1190729600
2,514,241749320374000,2098500,1222555300,1224674900
2,530,241749354110700,2125300,1256292000,1258411600
2,546,241749388103400,2122600,1290284700,1292404300
2,562,241749422835600,2210800,1325016900,1327136500
2,578,241749458658400,2233000,1360839700,1362959300
2,594,241749493433100,2124900,1395614400,1397734000
2,610,241749528270100,2129800,1430451400,1432571000
2,626,241749569913500,2227800,1472094800,1474214400
2,642,241749606163900,2103100,1508345200,1510464800
2,658,241749639853100,2047200,1542034400,1544154000
2,674,241749673569300,2082300,1575750600,1577870200
2,690,241749707196200,2114400,1609377500,1611497100
2,706,241749741072200,2109700,1643253500,1645373100
2,722,241749775300500,2151200,1677481800,1679601400
2,738,241749809379000,2038300,1711560300,1713679900
2,754,241749852159900,2149300,1754341200,1756460800
2,770,241749886182800,2198800,1788364100,1790483700
2,786,241749922079000,2148000,1824260300,1826379900
2,802,241749957293800,2187700,1859475100,1861594700
2,818,241749992180800,2123700,1894362100,1896481700
2,834,241750026116700,2067000,1928298000,1930417600
2,850,241750059879800,1970100,1962061100,1964180700
2,866,241750119339500,2177400,2021520800,2023640400
2,882,241750154047600,2142600,2056228900,2058348500
2,898,241750189394300,2170100,2091575600,2093695200
2,914,241750224506900,2140000,2126688200,2128807800
2,930,241750260667600,2206200,2162848900,2164968500
2,946,241750296216400,2126300,2198397700,2200517300
2,962,241750330596800,2112400,2232778100,2234897700
2,978,241750364282500,2107200,2266463800,2268583400
2,994,241750406772500,2112100,2308953800,2311073400
2,1010,241750440603000,2134800,2342784300,2344903900
2,1026,241750474360000,2114200,2376541300,2378660900
2,1042,241750508145300,2056700,2410326600,2412446200
2,1058,241750542229800,2366400,2444411100,2446530700
2,1074,241750577010200,2160900,2479191500,2481311100
2,1090,241750611188300,2128500,2513369600,2515489200
2,1106,241750650139400,2101200,2552320700,2554440300
2,1122,241750684978700,2136000,2587160000,2589279600
2,1138,241750718853800,2107400,2621035100,2623154700
2,1154,241750753456800,2142600,2655638100,2657757700
2,1170,241750787156900,2079200,2689338200,2691457800
2,1186,241750821035500,2105200,2723216800,2725336400
2,1202,241750856065800,2272300,2758247100,2760366700
2,1218,241750891589100,2333200,2793770400,2795890000
2,1234,241750932079000,2163800,2834260300,2836379900
2,1250,241750968327500,2241600,2870508800,2872628400
2,1266,241751003879300,2221500,2906060600,2908180200
2,1282,241751040284000,2363800,2942465300,2944584900
2,1298,241751075822700,2276600,2978004000,2980123600
2,1314,241751112753600,2755500,3014934900,3017054500
2,1330,241751159330400,2964900,3061511700,3063631300
2,1346,241751212516000,3038700,3114697300,3116816900
2,1362,241751260544200,3158900,3162725500,3164845100
2,1378,241751306335600,2853600,3208516900,3210636500
2,1394,241751349880300,2623100,3252061600,3254181200
2,1410,241751396947100,2999200,3299128400,3301248000
2,1426,241751444149800,2907100,3346331100,3348450700
2,1442,241751489548000,2564600,3391729300,3393848900
2,1458,241751535247100,2737200,3437428400,3439548000
2,1474,241751587136400,2942300,3489317700,3491437300
2,1490,241751633168300,2776400,3535349600,3537469200
2,1506,241751676856400,2888300,3579037700,3581157300
2,1522,241751720945200,2732800,3623126500,3625246100
2,1538,241751767246100,2907800,3669427400,3671547000
2,1554,241751811686100,3013800,3713867400,3715987000
2,1570,241751860106100,2893200,3762287400,3764407000
2,1586,241751920298200,3058700,3822479500,3824599100
2,1602,241751967514800,3022300,3869696100,3871815700
2,1618,241752013893700,2965800,3916075000,3918194600
2,1634,241752063594900,3066100,3965776200,3967895800
2,1650,241752110840100,3147400,4013021400,4015141000
2,1666,241752154068500,2750600,4056249800,4058369400
2,1682,241752203445900,2718100,4105627200,4107746800
2,1698,241752247387100,7555400,4149568400,4151688000
2,1714,241752298742700,2938300,4200924000,4203043600
2,1730,241752348039100,2949200,4250220400,4252340000
2,1746,241752394136800,3091800,4296318100,4298437700
2,1762,241752441402100,3051500,4343583400,4345703000
2,1778,241752488852100,2941000,4391033400,4393153000
2,1794,241752534082500,2988400,4436263800,4438383400
2,1810,241752582407600,2778400,4484588900,4486708500
2,1826,241752630316200,2741800,4532497500,4534617100
2,1842,241752674074900,2724400,4576256200,4578375800
2,1858,241752720269100,2961200,4622450400,4624570000
2,1874,241752768561200,2926500,4670742500,4672862100
2,1890,241752814167500,2711500,4716348800,4718468400
2,1906,241752861976700,3015900,4764158000,4766277600
2,1922,241752915749800,3323600,4817931100,4820050700
2,1938,241752973343000,3362000,4875524300,4877643900
2,1954,241753026242000,3268400,4928423300,4930542900
2,1970,241753076013300,2770900,4978194600,4980314200
2,1986,241753119263800,3157200,5021445100,5023564700
2,2002,241753163862600,2694100,5066043900,5068163500
2,2018,241753207807400,2862800,5109988700,5112108300
2,2034,241753252908200,2739900,5155089500,5157209100
3,3,241748157821700,2459500,60003000,62122600
3,19,241748201855600,2350300,104036900,106156500
3,35,241748238673000,2263900,140854300,142973900
3,51,241748275203000,2278300,177384300,179503900
3,67,241748312124300,2333300,214305600,216425200
3,83,241748350252500,2308300,252433800,254553400
3,99,241748387832000,2295700,290013300,292132900
3,115,241748431932900,2148500,334114200,336233800
3,131,241748467278300,2166100,369459600,371579200
3,147,241748503050700,2201200,405232000,407351600
3,163,241748540045200,2603400,442226500,444346100
3,179,241748575021400,2143500,477202700,479322300
3,195,241748611774000,2202500,513955300,516074900
3,211,241748646445500,2106800,548626800,550746400
3,227,241748680968300,2203700,583149600,585269200
3,243,241748721703800,2167300,623885100,626004700
3,259,241748756419500,2507900,658600800,660720400
3,275,241748791405900,2154200,693587200,695706800
3,291,241748825971800,2140200,728153100,730272700
3,307,241748860457800,2152100,762639100,764758700
3,323,241748894037800,2118200,796219100,798338700
3,339,241748928034400,2139300,830215700,832335300
3,355,241748961737300,2105400,863918600,866038200
3,371,241749002620700,2483200,904802000,906921600
3,387,241749038466800,2315800,940648100,942767700
3,403,241749073282400,2140500,975463700,977583300
3,419,241749108644900,2097300,1010826200,1012945800
3,435,241749143015500,2150800,1045196800,1047316400
3,451,241749177492700,2307400,1079674000,1081793600
3,467,241749213285100,2104500,1115466400,1117586000
3,483,241749247319700,2101500,1149501000,1151620600
3,499,241749288230300,2139200,1190411600,1192531200
3,515,241749322143100,2116100,1224324400,1226444000
3,531,241749355906600,2060300,1258087900,1260207500
3,547,241749389864300,2121300,1292045600,1294165200
3,563,241749424615200,2160400,1326796500,1328916100
3,579,241749460405900,2240900,1362587200,1364706800
3,595,241749495148900,2173900,1397330200,1399449800
3,611,241749529875700,2103400,1432057000,1434176600
3,627,241749571719600,2332900,1473900900,1476020500
3,643,241749607897500,2115100,1510078800,1512198400
3,659,241749641568800,2150200,1543750100,1545869700
3,675,241749675362700,2113100,1577544000,1579663600
3,691,241749709039000,2079200,1611220300,1613339900
3,707,241749742889700,2271600,1645071000,1647190600
3,723,241749777159200,2120200,1679340500,1681460100
3,739,241749811147900,2008900,1713329200,1715448800
3,755,241749854253000,2164400,1756434300,1758553900
3,771,241749888248200,2114000,1790429500,1792549100
3,787,241749923954900,2174700,1826136200,1828255800
3,803,241749959142300,2166700,1861323600,1863443200
3,819,241749993990200,2120700,1896171500,1898291100
3,835,241750027882500,2262100,1930063800,1932183400
3,851,241750061576600,14266200,1963757900,1965877500
3,867,241750120488600,2193100,2022669900,2024789500
3,883,241750155164100,2153600,2057345400,2059465000
3,899,241750190385100,2142600,2092566400,2094686000
3,915,241750225780500,2144000,2127961800,2130081400
3,931,241750261977500,2178300,2164158800,2166278400
3,947,241750297628700,2192000,2199810000,2201929600
3,963,241750332061000,2109900,2234242300,2236361900
3,979,241750365734000,2110600,2267915300,2270034900
3,995,241750408207100,2109400,2310388400,2312508000
3,1011,241750442029400,2141900,2344210700,2346330300
3,1027,241750475843600,2146500,2378024900,2380144500
3,1043,241750509562200,2094100,2411743500,2413863100
3,1059,241750543529600,2315100,2445710900,2447830500
3,1075,241750578253600,2123000,2480434900,2482554500
3,1091,241750612392400,2146500,2514573700,2516693300
3,1107,241750651290500,2128900,2553471800,2555591400
3,1123,241750686103200,2109800,2588284500,2590404100
3,1139,241750719969100,2121400,2622150400,2624270000
3,1155,241750754492900,2197300,2656674200,2658793800
3,1171,241750788162300,2082200,2690343600,2692463200
3,1187,241750822062900,2108800,2724244200,2726363800
3,1203,241750857220100,2222700,2759401400,2761521000
3,1219,241750893030500,2246100,2795211800,2797331400
3,1235,241750933603600,2189700,2835784900,2837904500
3,1251,241750969836900,2172800,2872018200,2874137800
3,1267,241751005338000,2278600,2907519300,2909638900
3,1283,241751041846400,2187600,2944027700,2946147300
3,1299,241751077440200,2231200,2979621500,2981741100
3,1315,241751114789300,2756400,3016970600,3019090200
3,1331,241751161523300,3009600,3063704600,3065824200
3,1347,241751214759600,3034300,3116940900,3119060500
3,1363,241751262935300,3002500,3165116600,3167236200
3,1379,241751308371300,2891200,3210552600,3212672200
3,1395,241751351780300,2565000,3253961600,3256081200
3,1411,241751399130300,3003200,3301311600,3303431200
3,1427,241751446317900,2911100,3348499200,3350618800
3,1443,241751491413000,2621700,3393594300,3395713900
3,1459,241751537208800,7734900,3439390100,3441509700
3,1475,241751589288100,3024600,3491469400,3493589000
3,1491,241751635186800,2705500,3537368100,3539487700
3,1507,241751678965400,2692700,3581146700,3583266300
3,1523,241751722887600,2749400,3625068900,3627188500
3,1539,241751769372000,2916600,3671553300,3673672900
3,1555,241751813904000,2739000,3716085300,3718204900
3,1571,241751862224000,2907800,3764405300,3766524900
3,1587,241751922552800,2945100,3824734100,3826853700
3,1603,241751969663400,3018400,3871844700,3873964300
3,1619,241752016249600,5119800,3918430900,3920550500
3,1635,241752065470000,2976500,3967651300,3969770900
3,1651,241752112933500,2761600,4015114800,4017234400
3,1667,241752156289200,3013500,4058470500,4060590100
3,1683,241752205666400,2662600,4107847700,4109967300
3,1699,241752254405800,2975100,4156587100,4158706700
3,1715,241752301142300,2916500,4203323600,4205443200
3,1731,241752350461100,2939100,4252642400,4254762000
3,1747,241752396637800,2946100,4298819100,4300938700
3,1763,241752443866700,3007400,4346048000,4348167600
3,1779,241752491218700,2880000,4393400000,4395519600
3,1795,241752536574300,6286200,4438755600,4440875200
3,1811,241752584643200,2776300,4486824500,4488944100
3,1827,241752632520800,2710200,4534702100,4536821700
3,1843,241752676257600,2728700,4578438900,4580558500
3,1859,241752722379200,2924900,4624560500,4626680100
3,1875,241752770632000,2946400,4672813300,4674932900
3,1891,241752816102800,2663800,4718284100,4720403700
3,1907,241752864102200,3022000,4766283500,4768403100
3,1923,241752918081800,3323000,4820263100,4822382700
3,1939,241752975685800,3350500,4877867100,4879986700
3,1955,241753028584600,3181000,4930765900,4932885500
3,1971,241753077948400,2788100,4980129700,4982249300
3,1987,241753121506600,2959700,5023687900,5025807500
3,2003,241753165779200,2770700,5067960500,5070080100
3,2019,241753209844800,2842100,5112026100,5114145700
3,2035,241753254856100,2784300,5157037400,5159157000
4,4,241748160185600,2451300,62366900,64486500
4,20,241748204138100,2303700,106319400,108439000
4,36,241748240793500,2245200,142974800,145094400
4,52,241748277383700,2308200,179565000,181684600
4,68,241748314381600,2182900,216562900,218682500
4,84,241748352530100,2269500,254711400,256831000
4,100,241748390095100,2357600,292276400,294396000
4,116,241748433846700,2227700,336028000,338147600
4,132,241748469223000,2150900,371404300,373523900
4,148,241748505141900,2172500,407323200,409442800
4,164,241748542483500,2132100,444664800,446784400
4,180,241748577025100,2219000,479206400,481326000
4,196,241748613733000,2184100,515914300,518033900
4,212,241748648346700,2110400,550528000,552647600
4,228,241748682979100,2097800,585160400,587280000
4,244,241748723656400,2112300,625837700,627957300
4,260,241748758761800,2303200,660943100,663062700
4,276,241748793441300,2264400,695622600,697742200
4,292,241748828027300,2153200,730208600,732328200
4,308,241748862512400,2155600,764693700,766813300
4,324,241748896070500,2113500,798251800,800371400
4,340,241748930205100,2091600,832386400,834506000
4,356,241748963926700,2086900,866108000,868227600
4,372,241749004603900,2371900,906785200,908904800
4,388,241749040559100,2305800,942740400,944860000
4,404,241749075196200,2075200,977377500,979497100
4,420,241749110459900,2136500,1012641200,1014760800
4,436,241749144942700,2112900,1047124000,1049243600
4,452,241749179626300,2342600,1081807600,1083927200
4,468,241749215275300,2118300,1117456600,1119576200
4,484,241749249280100,2120300,1151461400,1153581000
4,500,241749290233400,2115400,1192414700,1194534300
4,516,241749324058800,2139300,1226240100,1228359700
4,532,241749357774400,2089300,1259955700,1262075300
4,548,241749391822100,2128600,1294003400,1296123000
4,564,241749426508400,2179300,1328689700,1330809300
4,580,241749462321700,2223300,1364503000,1366622600
4,596,241749496906400,2119900,1399087700,1401207300
4,612,241749531702500,2089500,1433883800,1436003400
4,628,241749573835000,2185500,1476016300,1478135900
4,644,241749609789600,2080500,1511970900,1514090500
4,660,241749643447400,2099400,1545628700,1547748300
4,676,241749677198600,2071000,1579379900,1581499500
4,692,241749710843000,2081200,1613024300,1615143900
4,708,241749744825500,2252600,1647006800,1649126400
4,724,241749779073500,2140900,1681254800,1683374400
4,740,241749812965000,2477300,1715146300,1717265900
4,756,241749856020400,2109200,1758201700,1760321300
4,772,241749890012400,2201600,1792193700,1794313300
4,788,241749925875700,2167300,1828057000,1830176600
4,804,241749961075200,2154200,1863256500,1865376100
4,820,241749995944800,2183800,1898126100,1900245700
4,836,241750029949500,2116900,1932130800,1934250400
4,852,241750080491900,2940700,1982673200,1984792800
4,868,241750124769100,2299300,2026950400,2029070000
4,884,241750159104600,2094600,2061285900,2063405500
4,900,241750194363200,2133200,2096544500,2098664100
4,916,241750229318600,2183700,2131499900,2133619500
4,932,241750265376200,2422300,2167557500,2169677100
4,948,241750301178700,2163900,2203360000,2205479600
4,964,241750335379500,2065000,2237560800,2239680400
4,980,241750369086100,9796700,2271267400,2273387000
4,996,241750411623800,2132000,2313805100,2315924700
4,1012,241750445482500,2094300,2347663800,2349783400
4,1028,241750479248200,2089000,2381429500,2383549100
4,1044,241750512955900,2113600,2415137200,2417256800
4,1060,241750547284200,2211800,2449465500,2451585100
4,1076,241750581883600,2246500,2484064900,2486184500
4,1092,241750615900100,2071500,2518081400,2520201000
4,1108,241750654791500,2086400,2556972800,2559092400
4,1124,241750689719100,2132300,2591900400,2594020000
4,1140,241750723626900,2180200,2625808200,2627927800
4,1156,241750758443000,2089400,2660624300,2662743900
4,1172,241750791980000,2111800,2694161300,2696280900
4,1188,241750825880000,2098800,2728061300,2730180900
4,1204,241750861339100,2228100,2763520400,2765640000
4,1220,241750901986400,2384200,2804167700,2806287300
4,1236,241750937163600,2379900,2839344900,2841464500
4,1252,241750973591200,2165500,2875772500,2877892100
4,1268,241751009267300,3608600,2911448600,2913568200
4,1284,241751045659800,2149300,2947841100,2949960700
4,1300,241751080936500,2206000,2983117800,2985237400
4,1316,241751119035700,2884700,3021217000,3023336600
4,1332,241751166249700,3056700,3068431000,3070550600
4,1348,241751219521600,2983000,3121702900,3123822500
4,1364,241751267787400,2778400,3169968700,3172088300
4,1380,241751313164100,2863800,3215345400,3217465000
4,1396,241751356127000,2689100,3258308300,3260427900
4,1412,241751404048900,2929700,3306230200,3308349800
4,1428,241751451131800,2938600,3353313100,3355432700
4,1444,241751495727000,2790300,3397908300,3400027900
4,1460,241751546925300,3061000,3449106600,3451226200
4,1476,241751594354200,2920700,3496535500,3498655100
4,1492,241751640185900,2686600,3542367200,3544486800
4,1508,241751683842300,2697500,3586023600,3588143200
4,1524,241751727922700,2810400,3630104000,3632223600
4,1540,241751774673500,2826400,3676854800,3678974400
4,1556,241751819500000,4944100,3721681300,3723800900
4,1572,241751867505700,2894700,3769687000,3771806600
4,1588,241751927892400,2948600,3830073700,3832193300
4,1604,241751975047200,2950000,3877228500,3879348100
4,1620,241752022010800,2784400,3924192100,3926311700
4,1636,241752069099100,2977400,3971280400,3973400000
4,1652,241752116243600,2699500,4018424900,4020544500
4,1668,241752160041900,2906300,4062223200,4064342800
4,1684,241752209038000,2705800,4111219300,4113338900
4,1700,241752258124300,2881800,4160305600,4162425200
4,1716,241752304795400,2923500,4206976700,4209096300
4,1732,241752354126100,2867800,4256307400,4258427000
4,1748,241752400334500,3017000,4302515800,4304635400
4,1764,241752447626800,3007200,4349808100,4351927700
4,1780,241752494785700,2822800,4396967000,4399086600
4,1796,241752544312400,2738700,4446493700,4448613300
4,1812,241752588102300,2699100,4490283600,4492403200
4,1828,241752635909100,2702900,4538090400,4540210000
4,1844,241752679724800,2668400,4581906100,4584025700
4,1860,241752726682000,3050100,4628863300,4630982900
4,1876,241752774905600,2962800,4677086900,4679206500
4,1892,241752819994800,3109100,4722176100,4724295700
4,1908,241752868440400,3623800,4770621700,4772741300
4,1924,241752922805100,3353000,4824986400,4827106000
4,1940,241752980429900,3296500,4882611200,4884730800
4,1956,241753033222700,3226400,4935404000,4937523600
4,1972,241753081966800,2666400,4984148100,4986267700
4,1988,241753125766900,2638000,5027948200,5030067800
4,2004,241753169859100,2723600,5072040400,5074160000
4,2020,241753214014700,2782600,5116196000,5118315600
4,2036,241753259163400,3039600,5161344700,5163464300
5,5,241748162706700,2445500,64888000,67007600
5,21,241748206609300,2258400,108790600,110910200
5,37,241748243360500,2244200,145541800,147661400
5,53,241748280052500,2388400,182233800,184353400
5,69,241748316914200,2515800,219095500,221215100
5,85,241748355146100,2300700,257327400,259447000
5,101,241748392827600,2335600,295008900,297128500
5,117,241748436463500,2156400,338644800,340764400
5,133,241748471746800,2164800,373928100,376047700
5,149,241748507839000,2184500,410020300,412139900
5,165,241748545137000,2134500,447318300,449437900
5,181,241748579730100,2290200,481911400,484031000
5,197,241748616276800,2136800,518458100,520577700
5,213,241748650784400,2089600,552965700,555085300
5,229,241748685452100,2371400,587633400,589753000
5,245,241748726175800,2100200,628357100,630476700
5,261,241748761404300,2212200,663585600,665705200
5,277,241748796068200,2126700,698249500,700369100
5,293,241748830615200,2156400,732796500,734916100
5,309,241748865067900,2112800,767249200,769368800
5,325,241748898621400,2032900,800802700,802922300
5,341,241748932640100,2139100,834821400,836941000
5,357,241748966356900,2113300,868538200,870657800
5,373,241749007732300,2210500,909913600,912033200
5,389,241749043606800,2197300,945788100,947907700
5,405,241749077980300,2193300,980161600,982281200
5,421,241749113350300,2075400,1015531600,1017651200
5,437,241749147925000,2205100,1050106300,1052225900
5,453,241749182741100,2124000,1084922400,1087042000
5,469,241749218236200,2131600,1120417500,1122537100
5,485,241749252227000,2118800,1154408300,1156527900
5,501,241749293173500,2104800,1195354800,1197474400
5,517,241749327096300,2119500,1229277600,1231397200
5,533,241749360781200,2133200,1262962500,1265082100
5,549,241749394850700,2125600,1297032000,1299151600
5,565,241749429716400,2288900,1331897700,1334017300
5,581,241749465602700,2162600,1367784000,1369903600
5,597,241749500107500,2098000,1402288800,1404408400
5,613,241749534888800,2122900,1437070100,1439189700
5,629,241749576985900,2217300,1479167200,1481286800
5,645,241749612836700,2082700,1515018000,1517137600
5,661,241749646601300,2104600,1548782600,1550902200
5,677,241749680314500,2128400,1582495800,1584615400
5,693,241749714154500,2100800,1616335800,1618455400
5,709,241749748032800,2113200,1650214100,1652333700
5,725,241749782151600,2136300,1684332900,1686452500
5,741,241749816810500,9400600,1718991800,1721111400
5,757,241749859126200,2095900,1761307500,1763427100
5,773,241749893272500,2123400,1795453800,1797573400
5,789,241749929085400,2212900,1831266700,1833386300
5,805,241749964218300,2305000,1866399600,1868519200
5,821,241749998861000,2151200,1901042300,1903161900
5,837,241750032790700,2071300,1934972000,1937091600
5,853,241750081305000,2978200,1983486300,1985605900
5,869,241750125591700,2206000,2027773000,2029892600
5,885,241750159827500,2108400,2062008800,2064128400
5,901,241750195001300,2117600,2097182600,2099302200
5,917,241750230203800,2141000,2132385100,2134504700
5,933,241750266191900,2478300,2168373200,2170492800
5,949,241750301795900,2134300,2203977200,2206096800
5,965,241750335980300,2064300,2238161600,2240281200
5,981,241750369682500,9997200,2271863800,2273983400
5,997,241750412236800,2112000,2314418100,2316537700
5,1013,241750446050900,2114300,2348232200,2350351800
5,1029,241750479857000,2105100,2382038300,2384157900
5,1045,241750513665900,2125300,2415847200,2417966800
5,1061,241750548104600,2193400,2450285900,2452405500
5,1077,241750582772100,2127100,2484953400,2487073000
5,1093,241750616730100,2058500,2518911400,2521031000
5,1109,241750655611600,2074500,2557792900,2559912500
5,1125,241750690397600,2111000,2592578900,2594698500
5,1141,241750724291900,2258700,2626473200,2628592800
5,1157,241750758861200,2095800,2661042500,2663162100
5,1173,241750792424900,2102900,2694606200,2696725800
5,1189,241750826313200,2092200,2728494500,2730614100
5,1205,241750861804200,2183700,2763985500,2766105100
5,1221,241750902403500,2398700,2804584800,2806704400
5,1237,241750937672400,2327500,2839853700,2841973300
5,1253,241750973885500,2169100,2876066800,2878186400
5,1269,241751009439800,3667200,2911621100,2913740700
5,1285,241751045860800,2158400,2948042100,2950161700
5,1301,241751081057100,2216900,2983238400,2985358000
5,1317,241751119242600,2867400,3021423900,3023543500
5,1333,241751166384300,3042300,3068565600,3070685200
5,1349,241751219654900,2995900,3121836200,3123955800
5,1365,241751267635400,2779000,3169816700,3171936300
5,1381,241751313013800,2853000,3215195100,3217314700
5,1397,241751355917400,2704700,3258098700,3260218300
5,1413,241751403850700,2926600,3306032000,3308151600
5,1429,241751450932800,2945000,3353114100,3355233700
5,1445,241751495543000,2781300,3397724300,3399843900
5,1461,241751546722000,3067600,3448903300,3451022900
5,1477,241751594146600,2915900,3496327900,3498447500
5,1493,241751640040500,2671000,3542221800,3544341400
5,1509,241751683695400,2705500,3585876700,3587996300
5,1525,241751727754300,2831700,3629935600,3632055200
5,1541,241751774499100,2842800,3676680400,3678800000
5,1557,241751819303600,4989100,3721484900,3723604500
5,1573,241751867339400,2906400,3769520700,3771640300
5,1589,241751927717800,2949600,3829899100,3832018700
5,1605,241751974877200,2959000,3877058500,3879178100
5,1621,241752020960700,2834700,3923142000,3925261600
5,1637,241752068017800,2979100,3970199100,3972318700
5,1653,241752115284600,2627800,4017465900,4019585500
5,1669,241752158730900,2967400,4060912200,4063031800
5,1685,241752207874700,2719500,4110056000,4112175600
5,1701,241752256841100,2912800,4159022400,4161142000
5,1717,241752303534600,2928500,4205715900,4207835500
5,1733,241752352905800,2890900,4255087100,4257206700
5,1749,241752399065700,3004000,4301247000,4303366600
5,1765,241752446366900,3009000,4348548200,4350667800
5,1781,241752493631700,2802400,4395813000,4397932600
5,1797,241752541452000,4481600,4443633300,4445752900
5,1813,241752586960000,2722600,4489141300,4491260900
5,1829,241752634803600,2695300,4536984900,4539104500
5,1845,241752678535500,2681200,4580716800,4582836400
5,1861,241752724814400,3067100,4626995700,4629115300
5,1877,241752773077300,2969500,4675258600,4677378200
5,1893,241752818425100,2821000,4720606400,4722726000
5,1909,241752866657200,3525800,4768838500,4770958100
5,1925,241752920917100,3343400,4823098400,4825218000
5,1941,241752978567000,3292100,4880748300,4882867900
5,1957,241753031303600,3196900,4933484900,4935604500
5,1973,241753080354100,2672000,4982535400,4984655000
5,1989,241753124075900,2687000,5026257200,5028376800
5,2005,241753168142900,2721200,5070324200,5072443800
5,2021,241753212245400,2825000,5114426700,5116546300
5,2037,241753257094400,2881000,5159275700,5161395300
6,6,241748165257800,4922400,67439100,69558700
6,22,241748209115100,2343100,111296400,113416000
6,38,241748245800700,2270200,147982000,150101600
6,54,241748282652200,2271000,184833500,186953100
6,70,241748319685100,2445500,221866400,223986000
6,86,241748357638100,2401000,259819400,261939000
6,102,241748395360600,2336000,297541900,299661500
6,118,241748438742800,2197600,340924100,343043700
6,134,241748474028700,2124100,376210000,378329600
6,150,241748509783600,2204300,411964900,414084500
6,166,241748547081700,2164000,449263000,451382600
6,182,241748581807200,2186800,483988500,486108100
6,198,241748618356400,2141500,520537700,522657300
6,214,241748652816100,2102400,554997400,557117000
6,230,241748687696600,2230400,589877900,591997500
6,246,241748728165800,2099000,630347100,632466700
6,262,241748763536600,2247500,665717900,667837500
6,278,241748798078100,2163900,700259400,702379000
6,294,241748832501700,2120500,734683000,736802600
6,310,241748866897900,2216300,769079200,771198800
6,326,241748900379500,2083700,802560800,804680400
6,342,241748934471200,2131200,836652500,838772100
6,358,241748968240900,2135400,870422200,872541800
6,374,241749009550300,2276400,911731600,913851200
6,390,241749045429000,2183300,947610300,949729900
6,406,241749079786500,2125300,981967800,984087400
6,422,241749114987700,2201800,1017169000,1019288600
6,438,241749149652800,2140000,1051834100,1053953700
6,454,241749184497100,2177200,1086678400,1088798000
6,470,241749220000900,2088500,1122182200,1124301800
6,486,241749253969900,2126000,1156151200,1158270800
6,502,241749294917600,2103100,1197098900,1199218500
6,518,241749328802000,2135900,1230983300,1233102900
6,534,241749362504000,2136000,1264685300,1266804900
6,550,241749396580500,2150300,1298761800,1300881400
6,566,241749431655700,2189900,1333837000,1335956600
6,582,241749467377500,2161100,1369558800,1371678400
6,598,241749501753100,2159000,1403934400,1406054000
6,614,241749536551500,2109000,1438732800,1440852400
6,630,241749578825600,2189600,1481006900,1483126500
6,646,241749614555300,2101800,1516736600,1518856200
6,662,241749648208000,2103200,1550389300,1552508900
6,678,241749681965000,2093500,1584146300,1586265900
6,694,241749715779200,2068400,1617960500,1620080100
6,710,241749749630500,2127800,1651811800,1653931400
6,726,241749783758200,2111000,1685939500,1688059100
6,742,241749825464100,2425600,1727645400,1729765000
6,758,241749860870400,2125500,1763051700,1765171300
6,774,241749894999900,2170100,1797181200,1799300800
6,790,241749930794300,2164900,1832975600,1835095200
6,806,241749966016900,2178500,1868198200,1870317800
6,822,241750000673700,2202300,1902855000,1904974600
6,838,241750034552400,2095800,1936733700,1938853300
6,854,241750085653400,2272700,1987834700,1989954300
6,870,241750129124500,2086500,2031305800,2033425400
6,886,241750163272200,2126200,2065453500,2067573100
6,902,241750198605000,2138900,2100786300,2102905900
6,918,241750233912500,2260200,2136093800,2138213400
6,934,241750269859000,2254900,2172040300,2174159900
6,950,241750305029500,2157900,2207210800,2209330400
6,966,241750339116700,2108500,2241298000,2243417600
6,982,241750380924500,2257600,2283105800,2285225400
6,998,241750415416000,2141000,2317597300,2319716900
6,1014,241750449206500,2055300,2351387800,2353507400
6,1030,241750482988100,2096500,2385169400,2387289000
6,1046,241750516733800,2113000,2418915100,2421034700
6,1062,241750551263800,2313500,2453445100,2455564700
6,1078,241750585871500,2117600,2488052800,2490172400
6,1094,241750619776600,2163100,2521957900,2524077500
6,1110,241750658854400,2330700,2561035700,2563155300
6,1126,241750693646000,2117100,2595827300,2597946900
6,1142,241750727761300,2164700,2629942600,2632062200
6,1158,241750762136500,2117800,2664317800,2666437400
6,1174,241750795683100,2110600,2697864400,2699984000
6,1190,241750829573700,2078700,2731755000,2733874600
6,1206,241750865387400,2169600,2767568700,2769688300
6,1222,241750906223800,2186500,2808405100,2810524700
6,1238,241750941456600,2118700,2843637900,2845757500
6,1254,241750977668300,2315200,2879849600,2881969200
6,1270,241751014859000,2246800,2917040300,2919159900
6,1286,241751049605400,2187200,2951786700,2953906300
6,1302,241751085013400,2252200,2987194700,2989314300
6,1318,241751124236200,2775000,3026417500,3028537100
6,1334,241751171727900,3041900,3073909200,3076028800
6,1350,241751224928500,3030100,3127109800,3129229400
6,1366,241751272551300,2865400,3174732600,3176852200
6,1382,241751318052100,3355000,3220233400,3222353000
6,1398,241751361388800,2971600,3263570100,3265689700
6,1414,241751409152900,2909900,3311334200,3313453800
6,1430,241751456326400,2964500,3358507700,3360627300
6,1446,241751500756300,2695300,3402937600,3405057200
6,1462,241751552029700,2797700,3454211000,3456330600
6,1478,241751599420700,2959900,3501602000,3503721600
6,1494,241751644633300,2669200,3546814600,3548934200
6,1510,241751688287400,2723800,3590468700,3592588300
6,1526,241751732505700,2807900,3634687000,3636806600
6,1542,241751779248700,2745800,3681430000,3683549600
6,1558,241751826177100,2680300,3728358400,3730478000
6,1574,241751872249100,2896500,3774430400,3776550000
6,1590,241751932621800,2920400,3834803100,3836922700
6,1606,241751979778500,2924500,3881959800,3884079400
6,1622,241752026165900,2630700,3928347200,3930466800
6,1638,241752073664100,2903200,3975845400,3977965000
6,1654,241752120311900,2764900,4022493200,4024612800
6,1670,241752164348800,2938000,4066530100,4068649700
6,1686,241752213044300,2673500,4115225600,4117345200
6,1702,241752262423800,2927100,4164605100,4166724700
6,1718,241752309137600,2933500,4211318900,4213438500
6,1734,241752358397800,2914100,4260579100,4262698700
6,1750,241752404780100,2744400,4306961400,4309081000
6,1766,241752452073000,2995300,4354254300,4356373900
6,1782,241752498945800,2790200,4401127100,4403246700
6,1798,241752548418600,2710000,4450599900,4452719500
6,1814,241752592202400,2708200,4494383700,4496503300
6,1830,241752640031900,2731400,4542213200,4544332800
6,1846,241752683766700,2769200,4585948000,4588067600
6,1862,241752730714700,2926800,4632896000,4635015600
6,1878,241752778842500,2941700,4681023800,4683143400
6,1894,241752824131600,3031500,4726312900,4728432500
6,1910,241752873293100,3461000,4775474400,4777594000
6,1926,241752927389700,3614700,4829571000,4831690600
6,1942,241752984850200,3250400,4887031500,4889151100
6,1958,241753037360200,3161100,4939541500,4941661100
6,1974,241753085375100,2640000,4987556400,4989676000
6,1990,241753129098500,2635000,5031279800,5033399400
6,2006,241753173299700,2726300,5075481000,5077600600
6,2022,241753217534100,2737900,5119715400,5121835000
6,2038,241753262561200,4149200,5164742500,5166862100
7,7,241748170250700,3364800,72432000,74551600
7,23,241748211166500,2347400,113347800,115467400
7,39,241748247762300,2342400,149943600,152063200
7,55,241748284513600,2352300,186694900,188814500
7,71,241748321652900,2326400,223834200,225953800
7,87,241748359700000,2270800,261881300,264000900
7,103,241748397295200,2334500,299476500,301596100
7,119,241748440629900,2197800,342811200,344930800
7,135,241748475814500,2160600,377995800,380115400
7,151,241748511958400,2167800,414139700,416259300
7,167,241748549191500,2211900,451372800,453492400
7,183,241748584028400,2180000,486209700,488329300
7,199,241748620468200,2199700,522649500,524769100
7,215,241748654891600,2082400,557072900,559192500
7,231,241748689898600,2069700,592079900,594199500
7,247,241748730239100,2117100,632420400,634540000
7,263,241748765757700,2113100,667939000,670058600
7,279,241748800211400,2081700,702392700,704512300
7,295,241748834885300,2119200,737066600,739186200
7,311,241748869367800,2138000,771549100,773668700
7,327,241748902719800,2068600,804901100,807020700
7,343,241748936884600,2135800,839065900,841185500
7,359,241748970522500,2045800,872703800,874823400
7,375,241749012117300,2246800,914298600,916418200
7,391,241749047975800,2153300,950157100,952276700
7,407,241749082256400,2306800,984437700,986557300
7,423,241749117640300,2249600,1019821600,1021941200
7,439,241749152252300,2139700,1054433600,1056553200
7,455,241749187091900,2544600,1089273200,1091392800
7,471,241749222517100,2111500,1124698400,1126818000
7,487,241749256516100,2066500,1158697400,1160817000
7,503,241749297457700,2163800,1199639000,1201758600
7,519,241749331374500,2066800,1233555800,1235675400
7,535,241749365070100,2112100,1267251400,1269371000
7,551,241749399161500,2122200,1301342800,1303462400
7,567,241749434299700,2254300,1336481000,1338600600
7,583,241749470005700,2109100,1372187000,1374306600
7,599,241749504500400,2253900,1406681700,1408801300
7,615,241749539216100,2269800,1441397400,1443517000
7,631,241749581560100,2291200,1483741400,1485861000
7,647,241749617192900,2102300,1519374200,1521493800
7,663,241749650869300,2101600,1553050600,1555170200
7,679,241749684604100,2083100,1586785400,1588905000
7,695,241749718400700,2068700,1620582000,1622701600
7,711,241749752326700,2084600,1654508000,1656627600
7,727,241749786457300,2140700,1688638600,1690758200
7,743,241749828578800,2180900,1730760100,1732879700
7,759,241749863513900,2056400,1765695200,1767814800
7,775,241749897775400,2211100,1799956700,1802076300
7,791,241749933646200,2188000,1835827500,1837947100
7,807,241749968949400,2233500,1871130700,1873250300
7,823,241750003541300,2147200,1905722600,1907842200
7,839,241750037304000,2087800,1939485300,1941604900
7,855,241750087034000,2166200,1989215300,1991334900
7,871,241750130323000,2099600,2032504300,2034623900
7,887,241750164454600,2096700,2066635900,2068755500
7,903,241750199818900,2175400,2102000200,2104119800
7,919,241750235108500,2299800,2137289800,2139409400
7,935,241750271632100,2183800,2173813400,2175933000
7,951,241750306858400,2240500,2209039700,2211159300
7,967,241750340837000,2098400,2243018300,2245137900
7,983,241750382896300,2186600,2285077600,2287197200
7,999,241750417248700,2136500,2319430000,2321549600
7,1015,241750451018100,2146800,2353199400,2355319000
7,1031,241750484864500,2145800,2387045800,2389165400
7,1047,241750518734700,2091000,2420916000,2423035600
7,1063,241750553219400,2354700,2455400700,2457520300
7,1079,241750587787600,2139800,2489968900,2492088500
7,1095,241750621759200,2129400,2523940500,2526060100
7,1111,241750660972300,2377400,2563153600,2565273200
7,1127,241750695705600,2143400,2597886900,2600006500
7,1143,241750729859500,2143500,2632040800,2634160400
7,1159,241750764195100,2129700,2666376400,2668496000
7,1175,241750797765900,2155800,2699947200,2702066800
7,1191,241750831624400,2087000,2733805700,2735925300
7,1207,241750867827400,2165500,2770008700,2772128300
7,1223,241750908618700,2182100,2810800000,2812919600
7,1239,241750943722700,2200400,2845904000,2848023600
7,1255,241750979864300,2275900,2882045600,2884165200
7,1271,241751016994900,2198900,2919176200,2921295800
7,1287,241751051615500,2222200,2953796800,2955916400
7,1303,241751086962500,2241600,2989143800,2991263400
7,1319,241751126625700,2782000,3028807000,3030926600
7,1335,241751174344200,3036600,3076525500,3078645100
7,1351,241751227529900,3027700,3129711200,3131830800
7,1367,241751274991000,3042300,3177172300,3179291900
7,1383,241751320893800,2673400,3223075100,3225194700
7,1399,241751363739600,3002900,3265920900,3268040500
7,1415,241751411485400,2958700,3313666700,3315786300
7,1431,241751458676400,2955400,3360857700,3362977300
7,1447,241751502919700,2889600,3405101000,3407220600
7,1463,241751554276600,3036300,3456457900,3458577500
7,1479,241751601889600,2883300,3504070900,3506190500
7,1495,241751646872000,2667300,3549053300,3551172900
7,1511,241751690565400,2723900,3592746700,3594866300
7,1527,241751734846900,2882200,3637028200,3639147800
7,1543,241751781529400,2778400,3683710700,3685830300
7,1559,241751828427700,2816600,3730609000,3732728600
7,1575,241751874672400,2913300,3776853700,3778973300
7,1591,241751935136300,3015700,3837317600,3839437200
7,1607,241751982296500,2902800,3884477800,3886597400
7,1623,241752030531000,2830400,3932712300,3934831900
7,1639,241752078492000,2931000,3980673300,3982792900
7,1655,241752124842000,2663500,4027023300,4029142900
7,1671,241752168887300,2905900,4071068600,4073188200
7,1687,241752217127100,2696500,4119308400,4121428000
7,1703,241752266879300,3005200,4169060600,4171180200
7,1719,241752313617500,2927900,4215798800,4217918400
7,1735,241752362855100,2913800,4265036400,4267156000
7,1751,241752409175200,2837400,4311356500,4313476100
7,1767,241752456756100,3006500,4358937400,4361057000
7,1783,241752503283300,2790900,4405464600,4407584200
7,1799,241752552524400,2715100,4454705700,4456825300
7,1815,241752596323800,2753700,4498505100,4500624700
7,1831,241752644147500,2712600,4546328800,4548448400
7,1847,241752687954400,2718800,4590135700,4592255300
7,1863,241752735467400,2938700,4637648700,4639768300
7,1879,241752783602200,2871800,4685783500,4687903100
7,1895,241752829068200,3000000,4731249500,4733369100
7,1911,241752878918400,3192100,4781099700,4783219300
7,1927,241752933122100,3393300,4835303400,4837423000
7,1943,241752990312200,3381500,4892493500,4894613100
7,1959,241753042737700,3207700,4944919000,4947038600
7,1975,241753089739800,2592000,4991921100,4994040700
7,1991,241753133558300,2610200,5035739600,5037859200
7,2007,241753177936700,2766400,5080118000,5082237600
7,2023,241753222175100,2785200,5124356400,5126476000
7,2039,241753268809700,2754800,5170991000,5173110600
8,8,241748173665500,3245800,75846800,77966400
8,24,241748213621000,2385800,115802300,117921900
8,40,241748250283400,2269500,152464700,154584300
8,56,241748286973800,2316400,189155100,191274700
8,72,241748324020900,2318200,226202200,228321800
8,88,241748361936000,2429800,264117300,266236900
8,104,241748399671500,2350400,301852800,303972400
8,120,241748442799200,2241000,344980500,347100100
8,136,241748478087400,2135600,380268700,382388300
8,152,241748513962500,2146400,416143800,418263400
8,168,241748551183600,2230800,453364900,455484500
8,184,241748585972700,2159300,488154000,490273600
8,200,241748622525800,2215400,524707100,526826700
8,216,241748656868400,2145400,559049700,561169300
8,232,241748691856100,2135200,594037400,596157000
8,248,241748732268000,2103800,634449300,636568900
8,264,241748767819000,2290400,670000300,672119900
8,280,241748802235900,2097000,704417200,706536800
8,296,241748836780700,2134800,738962000,741081600
8,312,241748871283000,2072700,773464300,775583900
8,328,241748904565500,2071600,806746800,808866400
8,344,241748938806600,2105400,840987900,843107500
8,360,241748972405500,2088100,874586800,876706400
8,376,241749014182800,2245400,916364100,918483700
8,392,241749049925400,2220700,952106700,954226300
8,408,241749084112600,2561000,986293900,988413500
8,424,241749119668300,2156500,1021849600,1023969200
8,440,241749154187600,2063400,1056368900,1058488500
8,456,241749189424600,2352600,1091605900,1093725500
8,472,241749224377400,2147000,1126558700,1128678300
8,488,241749258327800,2122300,1160509100,1162628700
8,504,241749299355800,2091100,1201537100,1203656700
8,520,241749333191500,2104500,1235372800,1237492400
8,536,241749366925100,2303900,1269106400,1271226000
8,552,241749401016800,2111200,1303198100,1305317700
8,568,241749436188400,2191900,1338369700,1340489300
8,584,241749471819200,2109800,1374000500,1376120100
8,600,241749506370000,2422200,1408551300,1410670900
8,616,241749541061500,2281900,1443242800,1445362400
8,632,241749583380800,2213600,1485562100,1487681700
8,648,241749618844800,2103500,1521026100,1523145700
8,664,241749652498800,2124900,1554680100,1556799700
8,680,241749686204500,2084200,1588385800,1590505400
8,696,241749720002200,2094000,1622183500,1624303100
8,712,241749753929300,2147200,1656110600,1658230200
8,728,241749788099300,2159200,1690280600,1692400200
8,744,241749830157100,2190700,1732338400,1734458000
8,760,241749865041400,2109100,1767222700,1769342300
8,776,241749899414700,2289400,1801596000,1803715600
8,792,241749935314900,2236100,1837496200,1839615800
8,808,241749970566400,2199500,1872747700,1874867300
8,824,241750005112800,2099100,1907294100,1909413700
8,840,241750038802200,2077900,1940983500,1943103100
8,856,241750089914700,2135600,1992096000,1994215600
8,872,241750133200000,2073000,2035381300,2037500900
8,888,241750167378900,2127400,2069560200,2071679800
8,904,241750202843500,2129700,2105024800,2107144400
8,920,241750238152100,2161200,2140333400,2142453000
8,936,241750274703200,2199400,2176884500,2179004100
8,952,241750310081200,2159700,2212262500,2214382100
8,968,241750343896700,2103100,2246078000,2248197600
8,984,241750385942800,2354000,2288124100,2290243700
8,1000,241750420234300,2117500,2322415600,2324535200
8,1016,241750453951500,2119400,2356132800,2358252400
8,1032,241750487807700,2128300,2389989000,2392108600
8,1048,241750521483700,2078200,2423665000,2425784600
8,1064,241750556239600,2097500,2458420900,2460540500
8,1080,241750590625200,2095300,2492806500,2494926100
8,1096,241750624760800,2099300,2526942100,2529061700
8,1112,241750664226300,2322800,2566407600,2568527200
8,1128,241750698720400,2105600,2600901700,2603021300
8,1144,241750732894700,2266700,2635076000,2637195600
8,1160,241750767187000,2099700,2669368300,2671487900
8,1176,241750800773900,2104300,2702955200,2705074800
8,1192,241750834548200,2095200,2736729500,2738849100
8,1208,241750870521700,2061200,2772703000,2774822600
8,1224,241750911126400,2170200,2813307700,2815427300
8,1240,241750946280200,2356500,2848461500,2850581100
8,1256,241750982616000,2156500,2884797300,2886916900
8,1272,241751019688900,2247100,2921870200,2923989800
8,1288,241751054454800,2187500,2956636100,2958755700
8,1304,241751090034800,2183900,2992216100,2994335700
8,1320,241751130479300,2743700,3032660600,3034780200
8,1336,241751178481800,3018900,3080663100,3082782700
8,1352,241751231675400,3018700,3133856700,3135976300
8,1368,241751278993800,2890900,3181175100,3183294700
8,1384,241751324477100,2722200,3226658400,3228778000
8,1400,241751367719200,3030500,3269900500,3272020100
8,1416,241751415367500,2948500,3317548800,3319668400
8,1432,241751462573900,2919800,3364755200,3366874800
8,1448,241751506752200,2916700,3408933500,3411053100
8,1464,241751558288500,3074200,3460469800,3462589400
8,1480,241751605672500,2714800,3507853800,3509973400
8,1496,241751650467400,2723000,3552648700,3554768300
8,1512,241751694131900,2734200,3596313200,3598432800
8,1528,241751738650000,2974700,3640831300,3642950900
8,1544,241751785198100,2731900,3687379400,3689499000
8,1560,241751832225600,2819500,3734406900,3736526500
8,1576,241751878607300,2926400,3780788600,3782908200
8,1592,241751939191000,2942300,3841372300,3843491900
8,1608,241751986069300,2940000,3888250600,3890370200
8,1624,241752033236600,3022600,3935417900,3937537500
8,1640,241752081298700,2970700,3983480000,3985599600
8,1656,241752127370500,2566100,4029551800,4031671400
8,1672,241752171962900,2950300,4074144200,4076263800
8,1688,241752219989500,2779200,4122170800,4124290400
8,1704,241752270036600,2870100,4172217900,4174337500
8,1720,241752316714900,2932300,4218896200,4221015800
8,1736,241752365926800,2905700,4268108100,4270227700
8,1752,241752412141400,2824500,4314322700,4316442300
8,1768,241752459895300,3042500,4362076600,4364196200
8,1784,241752506189600,2849300,4408370900,4410490500
8,1800,241752555356200,2943700,4457537500,4459657100
8,1816,241752599184000,2752200,4501365300,4503484900
8,1832,241752646969500,2723700,4549150800,4551270400
8,1848,241752690793800,2750500,4592975100,4595094700
8,1864,241752737877300,3023100,4640058600,4642178200
8,1880,241752785945800,2914800,4688127100,4690246700
8,1896,241752831476100,3013000,4733657400,4735777000
8,1912,241752881500700,3415500,4783682000,4785801600
8,1928,241752935748400,3269100,4837929700,4840049300
8,1944,241752992832800,3484400,4895014100,4897133700
8,1960,241753045225100,3179900,4947406400,4949526000
8,1976,241753091742300,2592900,4993923600,4996043200
8,1992,241753135531200,2648200,5037712500,5039832100
8,2008,241753180031900,2711900,5082213200,5084332800
8,2024,241753224274700,2803900,5126456000,5128575600
8,2040,241753270884000,2819700,5173065300,5175184900
9,9,241748176954000,2832700,79135300,81254900
9,25,241748216044300,2267500,118225600,120345200
9,41,241748252466500,2238500,154647800,156767400
9,57,241748289497100,2259700,191678400,193798000
9,73,241748326570800,2376800,228752100,230871700
9,89,241748364598000,2364000,266779300,268898900
9,105,241748402179300,9892100,304360600,306480200
9,121,241748445224000,2200100,347405300,349524900
9,137,241748480285600,2156400,382466900,384586500
9,153,241748516426900,2292600,418608200,420727800
9,169,241748553720500,2150400,455901800,458021400
9,185,241748588408000,2171300,490589300,492708900
9,201,241748625161900,2130000,527343200,529462800
9,217,241748659449200,2225500,561630500,563750100
9,233,241748694352900,2088800,596534200,598653800
9,249,241748734730900,2220500,636912200,639031800
9,265,241748770412800,2105900,672594100,674713700
9,281,241748804647100,2133300,706828400,708948000
9,297,241748839226200,2151400,741407500,743527100
9,313,241748873664800,2067700,775846100,777965700
9,329,241748906978500,2118200,809159800,811279400
9,345,241748941212000,2061500,843393300,845512900
9,361,241748974748700,2400700,876930000,879049600
9,377,241749016652700,2192800,918834000,920953600
9,393,241749052420500,2198700,954601800,956721400
9,409,241749086973600,2548900,989154900,991274500
9,425,241749122010800,2128200,1024192100,1026311700
9,441,241749156427100,2158600,1058608400,1060728000
9,457,241749191993000,2310100,1094174300,1096293900
9,473,241749226707500,2100900,1128888800,1131008400
9,489,241749260592500,2113000,1162773800,1164893400
9,505,241749301587100,2073000,1203768400,1205888000
9,521,241749335413300,2088100,1237594600,1239714200
9,537,241749369345400,2161000,1271526700,1273646300
9,553,241749403246000,2130200,1305427300,1307546900
9,569,241749438558400,2239700,1340739700,1342859300
9,585,241749474102500,2192500,1376283800,1378403400
9,601,241749508973400,2240600,1411154700,1413274300
9,617,241749543618500,2145400,1445799800,1447919400
9,633,241749585798900,2363000,1487980200,1490099800
9,649,241749621119500,2098700,1523300800,1525420400
9,665,241749654911000,2126200,1557092300,1559211900
9,681,241749688588300,2159300,1590769600,1592889200
9,697,241749722378200,2086200,1624559500,1626679100
9,713,241749756339600,2241400,1658520900,1660640500
9,729,241749790522000,2116000,1692703300,1694822900
9,745,241749832679800,2187600,1734861100,1736980700
9,761,241749867488600,2178700,1769669900,1771789500
9,777,241749902026700,2153100,1804208000,1806327600
9,793,241749937814100,2131300,1839995400,1842115000
9,809,241749972983500,2152900,1875164800,1877284400
9,825,241750007410400,2090100,1909591700,1911711300
9,841,241750041079000,2082100,1943260300,1945379900
9,857,241750091106700,2222000,1993288000,1995407600
9,873,241750134345300,2065300,2036526600,2038646200
9,889,241750168562800,2187700,2070744100,2072863700
9,905,241750204197900,2303900,2106379200,2108498800
9,921,241750239613500,2188800,2141794800,2143914400
9,937,241750276082600,2236000,2178263900,2180383500
9,953,241750311336900,2093200,2213518200,2215637800
9,969,241750345091200,2089600,2247272500,2249392100
9,985,241750387311400,2345900,2289492700,2291612300
9,1001,241750421521500,2090900,2323702800,2325822400
9,1017,241750455207800,2078100,2357389100,2359508700
9,1033,241750489050100,2139200,2391231400,2393351000
9,1049,241750522752200,2108700,2424933500,2427053100
9,1065,241750557529300,2136800,2459710600,2461830200
9,1081,241750591878200,2104200,2494059500,2496179100
9,1097,241750625798000,2109200,2527979300,2530098900
9,1113,241750665392100,2250900,2567573400,2569693000
9,1129,241750699785000,2102500,2601966300,2604085900
9,1145,241750734031700,2249700,2636213000,2638332600
9,1161,241750768258500,2139300,2670439800,2672559400
9,1177,241750801873500,2087100,2704054800,2706174400
9,1193,241750835602200,2182900,2737783500,2739903100
9,1209,241750871498700,2082100,2773680000,2775799600
9,1225,241750912435900,2217000,2814617200,2816736800
9,1241,241750947937000,2364500,2850118300,2852237900
9,1257,241750984103700,2213100,2886285000,2888404600
9,1273,241751021324500,2185900,2923505800,2925625400
9,1289,241751055950600,2139300,2958131900,2960251500
9,1305,241751091664100,2192500,2993845400,2995965000
9,1321,241751132496700,2704900,3034678000,3036797600
9,1337,241751180783900,3218600,3082965200,3085084800
9,1353,241751233965800,3021900,3136147100,3138266700
9,1369,241751281352900,2776000,3183534200,3185653800
9,1385,241751326924700,2572900,3229106000,3231225600
9,1401,241751370415700,3205800,3272597000,3274716600
9,1417,241751418000000,3006400,3320181300,3322300900
9,1433,241751465176300,3079800,3367357600,3369477200
9,1449,241751509342000,2941600,3411523300,3413642900
9,1465,241751560982300,3016200,3463163600,3465283200
9,1481,241751608056500,3269200,3510237800,3512357400
9,1497,241751653003300,2819900,3555184600,3557304200
9,1513,241751696672500,2746700,3598853800,3600973400
9,1529,241751741425000,2980700,3643606300,3645725900
9,1545,241751787742000,2755600,3689923300,3692042900
9,1561,241751834810800,2848500,3736992100,3739111700
9,1577,241751881289900,2920900,3783471200,3785590800
9,1593,241751942052200,2950600,3844233500,3846353100
9,1609,241751988926500,2948300,3891107800,3893227400
9,1625,241752035924400,3033300,3938105700,3940225300
9,1641,241752083927500,2976200,3986108800,3988228400
9,1657,241752129660300,2587700,4031841600,4033961200
9,1673,241752174584700,2938000,4076766000,4078885600
9,1689,241752222472000,2682400,4124653300,4126772900
9,1705,241752272594600,2923200,4174775900,4176895500
9,1721,241752319318800,2920900,4221500100,4223619700
9,1737,241752368506400,2942700,4270687700,4272807300
9,1753,241752414688900,2996500,4316870200,4318989800
9,1769,241752462616100,3038300,4364797400,4366917000
9,1785,241752508743400,2803200,4410924700,4413044300
9,1801,241752558044600,2744400,4460225900,4462345500
9,1817,241752601672100,7311200,4503853400,4505973000
9,1833,241752649400400,2949500,4551581700,4553701300
9,1849,241752693235400,3187300,4595416700,4597536300
9,1865,241752741239200,3114900,4643420500,4645540100
9,1881,241752789195700,2753700,4691377000,4693496600
9,1897,241752834794200,3134000,4736975500,4739095100
9,1913,241752885242200,3476300,4787423500,4789543100
9,1929,241752939493000,3248500,4841674300,4843793900
9,1945,241752996804800,3277000,4898986100,4901105700
9,1961,241753048923700,3166500,4951105000,4953224600
9,1977,241753094766000,2615800,4996947300,4999066900
9,1993,241753138637400,2620800,5040818700,5042938300
9,2009,241753183206600,2428300,5085387900,5087507500
9,2025,241753227545000,2793000,5129726300,5131845900
9,2041,241753274226600,2746000,5176407900,5178527500
10,10,241748179863600,2420900,82044900,84164500
10,26,241748218347300,2218300,120528600,122648200
10,42,241748254742600,2281700,156923900,159043500
10,58,241748291659800,2274800,193841100,195960700
10,74,241748328764900,2487900,230946200,233065800
10,90,241748366679100,2332200,268860400,270980000
10,106,241748411811700,2280800,313993000,316112600
10,122,241748447190200,2254100,349371500,351491100
10,138,241748482211600,2145900,384392900,386512500
10,154,241748518534800,2343100,420716100,422835700
10,170,241748555728000,2172900,457909300,460028900
10,186,241748590440900,2709500,492622200,494741800
10,202,241748627095600,2205600,529276900,531396500
10,218,241748661494000,2287500,563675300,565794900
10,234,241748696274000,2165800,598455300,600574900
10,250,241748736748600,2356900,638929900,641049500
10,266,241748772328600,2129600,674509900,676629500
10,282,241748806582200,2133200,708763500,710883100
10,298,241748841149500,2107400,743330800,745450400
10,314,241748875503600,2083800,777684900,779804500
10,330,241748908833700,2133200,811015000,813134600
10,346,241748943026200,2067500,845207500,847327100
10,362,241748977008100,2307400,879189400,881309000
10,378,241749018459600,2229100,920640900,922760500
10,394,241749054192600,2170700,956373900,958493500
10,410,241749089127900,2316000,991309200,993428800
10,426,241749123845900,2150800,1026027200,1028146800
10,442,241749158269700,2145400,1060451000,1062570600
10,458,241749194027200,2294400,1096208500,1098328100
10,474,241749228542300,2131400,1130723600,1132843200
10,490,241749262484800,2127400,1164666100,1166785700
10,506,241749303443600,2087400,1205624900,1207744500
10,522,241749337310200,2108900,1239491500,1241611100
10,538,241749371297200,2106300,1273478500,1275598100
10,554,241749405172100,2136700,1307353400,1309473000
10,570,241749440523400,2251600,1342704700,1344824300
10,586,241749476017200,2252000,1378198500,1380318100
10,602,241749510904300,2113700,1413085600,1415205200
10,618,241749545586500,2068700,1447767800,1449887400
10,634,241749588132700,2616200,1490314000,1492433600
10,650,241749623188000,2155300,1525369300,1527488900
10,666,241749656921800,2138700,1559103100,1561222700
10,682,241749690631100,2122300,1592812400,1594932000
10,698,241749724376100,2125600,1626557400,1628677000
10,714,241749758491600,2149700,1660672900,1662792500
10,730,241749792549400,2199900,1694730700,1696850300
10,746,241749835108600,2126200,1737289900,1739409500
10,762,241749869960800,2137600,1772142100,1774261700
10,778,241749904489300,2347700,1806670600,1808790200
10,794,241749940300100,2180600,1842481400,1844601000
10,810,241749975631400,2194500,1877812700,1879932300
10,826,241750009979500,2088600,1912160800,1914280400
10,842,241750043645500,2091900,1945826800,1947946400
10,858,241750094537800,2259500,1996719100,1998838700
10,874,241750137580300,2159900,2039761600,2041881200
10,890,241750171878300,2225200,2074059600,2076179200
10,906,241750207484300,2188400,2109665600,2111785200
10,922,241750242682300,2163200,2144863600,2146983200
10,938,241750278996700,2159200,2181178000,2183297600
10,954,241750314089000,2090200,2216270300,2218389900
10,970,241750347913000,2116700,2250094300,2252213900
10,986,241750390305700,2113500,2292487000,2294606600
10,1002,241750424306200,2094800,2326487500,2328607100
10,1018,241750458023500,2204700,2360204800,2362324400
10,1034,241750491930300,2072500,2394111600,2396231200
10,1050,241750525562800,2089400,2427744100,2429863700
10,1066,241750560379800,2115900,2462561100,2464680700
10,1082,241750594664900,2098600,2496846200,2498965800
10,1098,241750628607700,2129800,2530789000,2532908600
10,1114,241750668330800,2173900,2570512100,2572631700
10,1130,241750702559500,2120600,2604740800,2606860400
10,1146,241750736857200,2101800,2639038500,2641158100
10,1162,241750770942100,2082300,2673123400,2675243000
10,1178,241750804551100,2067400,2706732400,2708852000
10,1194,241750838341200,2128700,2740522500,2742642100
10,1210,241750874114400,2266100,2776295700,2778415300
10,1226,241750915125500,2122700,2817306800,2819426400
10,1242,241750950697700,2232100,2852879000,2854998600
10,1258,241750986748700,2240300,2888930000,2891049600
10,1274,241751023986900,2151000,2926168200,2928287800
10,1290,241751058546200,2071700,2960727500,2962847100
10,1306,241751093952900,2157200,2996134200,2998253800
10,1322,241751135322200,3292600,3037503500,3039623100
10,1338,241751184132900,2962500,3086314200,3088433800
10,1354,241751237116500,3001500,3139297800,3141417400
10,1370,241751284245500,2848200,3186426800,3188546400
10,1386,241751329292000,2566100,3231473300,3233592900
10,1402,241751373339400,3136200,3275520700,3277640300
10,1418,241751420755500,2953700,3322936800,3325056400
10,1434,241751468029300,2856100,3370210600,3372330200
10,1450,241751512039700,3065500,3414221000,3416340600
10,1466,241751563786800,3018300,3465968100,3468087700
10,1482,241751610849500,2965000,3513030800,3515150400
10,1498,241751655359800,2737400,3557541100,3559660700
10,1514,241751698966100,2731300,3601147400,3603267000
10,1530,241751743897500,2978700,3646078800,3648198400
10,1546,241751790059700,2711600,3692241000,3694360600
10,1562,241751837197700,2811500,3739379000,3741498600
10,1578,241751883723000,15745800,3785904300,3788023900
10,1594,241751944304600,2949600,3846485900,3848605500
10,1610,241751991174500,2937900,3893355800,3895475400
10,1626,241752038180900,3060800,3940362200,3942481800
10,1642,241752086102000,2954400,3988283300,3990402900
10,1658,241752131602900,2603900,4033784200,4035903800
10,1674,241752176852600,2963200,4079033900,4081153500
10,1690,241752224545600,2738600,4126726900,4128846500
10,1706,241752274873400,2905200,4177054700,4179174300
10,1722,241752321579500,2936200,4223760800,4225880400
10,1738,241752370743300,2942100,4272924600,4275044200
10,1754,241752416948300,2971700,4319129600,4321249200
10,1770,241752464932900,3020300,4367114200,4369233800
10,1786,241752510845200,2796700,4413026500,4415146100
10,1802,241752560109100,2686700,4462290400,4464410000
10,1818,241752603679500,7346100,4505860800,4507980400
10,1834,241752651667500,2718700,4553848800,4555968400
10,1850,241752695489400,2966000,4597670700,4599790300
10,1866,241752743258900,2967300,4645440200,4647559800
10,1882,241752790984500,2669400,4693165800,4695285400
10,1898,241752836765500,3045300,4738946800,4741066400
10,1914,241752887420100,3539700,4789601400,4791721000
10,1930,241752941473300,3095700,4843654600,4845774200
10,1946,241752998797900,3288900,4900979200,4903098800
10,1962,241753050862900,3189300,4953044200,4955163800
10,1978,241753096338300,2607000,4998519600,5000639200
10,1994,241753140185600,2649400,5042366900,5044486500
10,2010,241753184569100,2701200,5086750400,5088870000
10,2026,241753229201400,2980800,5131382700,5133502300
10,2042,241753275758300,2953300,5177939600,5180059200
11,11,241748182322200,2664400,84503500,86623100
11,27,241748220656700,2188900,122838000,124957600
11,43,241748257172900,2208500,159354200,161473800
11,59,241748293999700,2286800,196181000,198300600
11,75,241748331348900,2405400,233530200,235649800
11,91,241748369147600,2400100,271328900,273448500
11,107,241748414245300,2141300,316426600,318546200
11,123,241748449616500,2198800,351797800,353917400
11,139,241748484568600,2499400,386749900,388869500
11,155,241748521022400,2251900,423203700,425323300
11,171,241748557963500,2171600,460144800,462264400
11,187,241748593184000,2318400,495365300,497484900
11,203,241748629152600,2169000,531333900,533453500
11,219,241748663711000,2149200,565892300,568011900
11,235,241748698410700,8345700,600592000,602711600
11,251,241748739137500,2319200,641318800,643438400
11,267,241748774568800,2127300,676750100,678869700
11,283,241748808871000,2101000,711052300,713171900
11,299,241748843349200,2109000,745530500,747650100
11,315,241748877680000,2101600,779861300,781980900
11,331,241748911054800,2184100,813236100,815355700
11,347,241748945182700,2083400,847364000,849483600
11,363,241748979284500,2315200,881465800,883585400
11,379,241749021030400,2203100,923211700,925331300
11,395,241749056574000,2112700,958755300,960874900
11,411,241749091588300,2132500,993769600,995889200
11,427,241749126146800,2125100,1028328100,1030447700
11,443,241749160533500,2163100,1062714800,1064834400
11,459,241749196535900,2210500,1098717200,1100836800
11,475,241749230875700,2093400,1133057000,1135176600
11,491,241749264816900,2117600,1166998200,1169117800
11,507,241749305729800,2088400,1207911100,1210030700
11,523,241749339649300,2125100,1241830600,1243950200
11,539,241749373641000,2100200,1275822300,1277941900
11,555,241749407549500,2251200,1309730800,1311850400
11,571,241749443144900,2189400,1345326200,1347445800
11,587,241749478618800,2165900,1380800100,1382919700
11,603,241749513431800,2162100,1415613100,1417732700
11,619,241749547912400,8785900,1450093700,1452213300
11,635,241749590975600,2307300,1493156900,1495276500
11,651,241749625549600,2106300,1527730900,1529850500
11,667,241749659266000,2050200,1561447300,1563566900
11,683,241749692952600,2127600,1595133900,1597253500
11,699,241749726686100,2081400,1628867400,1630987000
11,715,241749760837400,2101400,1663018700,1665138300
11,731,241749794954200,2097200,1697135500,1699255100
11,747,241749837712500,2398600,1739893800,1742013400
11,763,241749872458500,2037300,1774639800,1776759400
11,779,241749907170800,2419400,1809352100,1811471700
11,795,241749942852400,2151000,1845033700,1847153300
11,811,241749978396600,2168600,1880577900,1882697500
11,827,241750012628200,2128000,1914809500,1916929100
11,843,241750046340000,2104400,1948521300,1950640900
11,859,241750097986100,2303000,2000167400,2002287000
11,875,241750140705400,2107400,2042886700,2045006300
11,891,241750175219500,2254500,2077400800,2079520400
11,907,241750210666500,2225100,2112847800,2114967400
11,923,241750245862900,2167800,2148044200,2150163800
11,939,241750282124400,2134800,2184305700,2186425300
11,955,241750316987100,2215000,2219168400,2221288000
11,971,241750350805200,2097200,2252986500,2255106100
11,987,241750393106200,2164900,2295287500,2297407100
11,1003,241750427091000,2113500,2329272300,2331391900
11,1019,241750460881000,2064500,2363062300,2365181900
11,1035,241750494618100,2137100,2396799400,2398919000
11,1051,241750528117300,2096300,2430298600,2432418200
11,1067,241750562854600,2085300,2465035900,2467155500
11,1083,241750597152400,2098600,2499333700,2501453300
11,1099,241750631084900,2111200,2533266200,2535385800
11,1115,241750670852000,2188800,2573033300,2575152900
11,1131,241750705018000,2112100,2607199300,2609318900
11,1147,241750739393600,2260900,2641574900,2643694500
11,1163,241750773439400,2112300,2675620700,2677740300
11,1179,241750807054500,2079200,2709235800,2711355400
11,1195,241750840878100,2140100,2743059400,2745179000
11,1211,241750876863400,2130800,2779044700,2781164300
11,1227,241750917862700,2152500,2820044000,2822163600
11,1243,241750953591400,2160400,2855772700,2857892300
11,1259,241750989633800,2216900,2891815100,2893934700
11,1275,241751026709800,2106600,2928891100,2931010700
11,1291,241751061191900,2145000,2963373200,2965492800
11,1307,241751096739000,2192400,2998920300,3001039900
11,1323,241751139474300,3026300,3041655600,3043775200
11,1339,241751187954300,7752100,3090135600,3092255200
11,1355,241751240968400,3029600,3143149700,3145269300
11,1371,241751287872600,2767000,3190053900,3192173500
11,1387,241751332743100,2610900,3234924400,3237044000
11,1403,241751377497600,2985900,3279678900,3281798500
11,1419,241751424742500,2950600,3326923800,3329043400
11,1435,241751471827300,2722700,3374008600,3376128200
11,1451,241751516107000,2977400,3418288300,3420407900
11,1467,241751567832500,3005800,3470013800,3472133400
11,1483,241751615337300,2969600,3517518600,3519638200
11,1499,241751659495100,2751700,3561676400,3563796000
11,1515,241751703169300,2838100,3605350600,3607470200
11,1531,241751748424100,2987400,3650605400,3652725000
11,1547,241751794158900,2744700,3696340200,3698459800
11,1563,241751841484600,2918400,3743665900,3745785500
11,1579,241751901166400,3015900,3803347700,3805467300
11,1595,241751948775300,2906500,3850956600,3853076200
11,1611,241751995627500,2898300,3897808800,3899928400
11,1627,241752041539300,3016100,3943720600,3945840200
11,1643,241752089387800,2949800,3991569100,3993688700
11,1659,241752134450900,2616900,4036632200,4038751800
11,1675,241752180098200,2924100,4082279500,4084399100
11,1691,241752227546900,2717900,4129728200,4131847800
11,1707,241752278055400,2914500,4180236700,4182356300
11,1723,241752324804900,2889800,4226986200,4229105800
11,1739,241752374049900,2812000,4276231200,4278350800
11,1755,241752420223200,2784400,4322404500,4324524100
11,1771,241752468251000,2983600,4370432300,4372551900
11,1787,241752513990400,2864500,4416171700,4418291300
11,1803,241752563143700,2680600,4465325000,4467444600
11,1819,241752611372300,2600600,4513553600,4515673200
11,1835,241752654728000,2690800,4556909300,4559028900
11,1851,241752698863800,3024500,4601045100,4603164700
11,1867,241752746656300,2967400,4648837600,4650957200
11,1883,241752794013800,2674500,4696195100,4698314700
11,1899,241752840294800,3034900,4742476100,4744595700
11,1915,241752891395100,3464400,4793576400,4795696000
11,1931,241752945030000,3093500,4847211300,4849330900
11,1947,241753002488400,3236800,4904669700,4906789300
11,1963,241753054432300,3111900,4956613600,4958733200
11,1979,241753099268400,2698100,5001449700,5003569300
11,1995,241753143153700,2585700,5045335000,5047454600
11,2011,241753187608000,2711700,5089789300,5091908900
11,2027,241753232575400,2861700,5134756700,5136876300
11,2043,241753279131400,2842900,5181312700,5183432300
12,12,241748185074500,2436400,87255800,89375400
12,28,241748222912100,2184900,125093400,127213000
12,44,241748259421500,2251500,161602800,163722400
12,60,241748296405200,2244500,198586500,200706100
12,76,241748333961000,2399600,236142300,238261900
12,92,241748371767000,2292700,273948300,276067900
12,108,241748416566400,2145400,318747700,320867300
12,124,241748451999800,2420500,354181100,356300700
12,140,241748487287300,2384900,389468600,391588200
12,156,241748523696200,2677800,425877500,427997100
12,172,241748560319000,2157600,462500300,464619900
12,188,241748595933600,2342200,498114900,500234500
12,204,241748631783300,2120000,533964600,536084200
12,220,241748666170500,2123500,568351800,570471400
12,236,241748707109400,2259600,609290700,611410300
12,252,241748741682500,2168000,643863800,645983400
12,268,241748776864900,2091700,679046200,681165800
12,284,241748811102000,2095400,713283300,715402900
12,300,241748845662800,2127200,747844100,749963700
12,316,241748880009800,2044500,782191100,784310700
12,332,241748913512700,2133200,815694000,817813600
12,348,241748947517800,2076000,849699100,851818700
12,364,241748982003900,2157100,884185200,886304800
12,380,241749023404600,2509600,925585900,927705500
12,396,241749059113900,2086900,961295200,963414800
12,412,241749094087600,2152000,996268900,998388500
12,428,241749128592100,2137900,1030773400,1032893000
12,444,241749163040100,2252300,1065221400,1067341000
12,460,241749198956100,2213300,1101137400,1103257000
12,476,241749233178900,2095100,1135360200,1137479800
12,492,241749267138800,2118300,1169320100,1171439700
12,508,241749308007200,2089100,1210188500,1212308100
12,524,241749341946200,2129800,1244127500,1246247100
12,540,241749375922300,2113900,1278103600,1280223200
12,556,241749410402000,2299200,1312583300,1314702900
12,572,241749445803100,2532200,1347984400,1350104000
12,588,241749481319300,2114000,1383500600,1385620200
12,604,241749516030100,2168200,1418211400,1420331000
12,620,241749557233200,2230200,1459414500,1461534100
12,636,241749593820900,2194400,1496002200,1498121800
12,652,241749628073100,2097300,1530254400,1532374000
12,668,241749661857100,2092300,1564038400,1566158000
12,684,241749695624200,2124700,1597805500,1599925100
12,700,241749729305100,2147200,1631486400,1633606000
12,716,241749763492200,2132600,1665673500,1667793100
12,732,241749797597600,2125700,1699778900,1701898500
12,748,241749839770800,2271200,1741952100,1744071700
12,764,241749874260400,2132600,1776441700,1778561300
12,780,241749909344400,2296100,1811525700,1813645300
12,796,241749944749000,2125500,1846930300,1849049900
12,812,241749980167000,2132100,1882348300,1884467900
12,828,241750014369900,2059900,1916551200,1918670800
12,844,241750048067100,2127400,1950248400,1952368000
12,860,241750101195900,10054300,2003377200,2005496800
12,876,241750143842500,2191600,2046023800,2048143400
12,892,241750178562600,2472300,2080743900,2082863500
12,908,241750214079300,2227000,2116260600,2118380200
12,924,241750249127100,2309500,2151308400,2153428000
12,940,241750285442700,2230200,2187624000,2189743600
12,956,241750320609300,2127900,2222790600,2224910200
12,972,241750354283100,2125100,2256464400,2258584000
12,988,241750396638000,2114800,2298819300,2300938900
12,1004,241750430554000,2086200,2332735300,2334854900
12,1020,241750464311700,2118000,2366493000,2368612600
12,1036,241750498141200,2124500,2400322500,2402442100
12,1052,241750531781600,2094100,2433962900,2436082500
12,1068,241750566645300,2138400,2468826600,2470946200
12,1084,241750601001700,2135000,2503183000,2505302600
12,1100,241750639822800,2115000,2542004100,2544123700
12,1116,241750674838500,2188300,2577019800,2579139400
12,1132,241750708835700,2116900,2611017000,2613136600
12,1148,241750743326400,2114500,2645507700,2647627300
12,1164,241750777199500,2076500,2679380800,2681500400
12,1180,241750810781600,2091000,2712962900,2715082500
12,1196,241750844713900,2199900,2746895200,2749014800
12,1212,241750880786200,2108100,2782967500,2785087100
12,1228,241750922014600,2244900,2824195900,2826315500
12,1244,241750957687000,2279100,2859868300,2861987900
12,1260,241750993810500,2231400,2895991800,2898111400
12,1276,241751030785500,2114200,2932966800,2935086400
12,1292,241751065292600,2108800,2967473900,2969593500
12,1308,241751101504700,2124900,3003686000,3005805600
12,1324,241751146110100,3010600,3048291400,3050411000
12,1340,241751199339900,3032300,3101521200,3103640800
12,1356,241751247247700,3022300,3149429000,3151548600
12,1372,241751293984200,2753600,3196165500,3198285100
12,1388,241751338482600,2646900,3240663900,3242783500
12,1404,241751383936000,3050300,3286117300,3288236900
12,1420,241751431150900,2976400,3333332200,3335451800
12,1436,241751477718000,2732700,3379899300,3382018900
12,1452,241751522553200,2930400,3424734500,3426854100
12,1468,241751574402600,2987300,3476583900,3478703500
12,1484,241751621250500,2824000,3523431800,3525551400
12,1500,241751665047500,2678000,3567228800,3569348400
12,1516,241751708810000,2747300,3610991300,3613110900
12,1532,241751754466400,2918900,3656647700,3658767300
12,1548,241751799723800,2934800,3701905100,3704024700
12,1564,241751847452100,2981100,3749633400,3751753000
12,1580,241751907454400,2949800,3809635700,3811755300
12,1596,241751954794800,2928800,3856976100,3859095700
12,1612,241752001726200,2946100,3903907500,3906027100
12,1628,241752051741500,2991300,3953922800,3956042400
12,1644,241752099245900,2954600,4001427200,4003546800
12,1660,241752143468300,2935600,4045649600,4047769200
12,1676,241752189796300,5174300,4091977600,4094097200
12,1692,241752236426300,2758400,4138607600,4140727200
12,1708,241752287680100,2915300,4189861400,4191981000
12,1724,241752335647000,4198300,4237828300,4239947900
12,1740,241752383054600,2948000,4285235900,4287355500
12,1756,241752429952300,2998500,4332133600,4334253200
12,1772,241752478138700,2839200,4380320000,4382439600
12,1788,241752523437200,2807800,4425618500,4427738100
12,1804,241752572116300,2658500,4474297600,4476417200
12,1820,241752620031300,2677300,4522212600,4524332200
12,1836,241752663650500,2766700,4565831800,4567951400
12,1852,241752708482500,3000100,4610663800,4612783400
12,1868,241752756442200,3292800,4658623500,4660743100
12,1884,241752802488800,2625100,4704670100,4706789700
12,1900,241752849991400,3021300,4752172700,4754292300
12,1916,241752902416500,3301200,4804597800,4806717400
12,1932,241752955131900,7974300,4857313200,4859432800
12,1948,241753013030000,3221400,4915211300,4917330900
12,1964,241753064516500,2835400,4966697800,4968817400
12,1980,241753108177900,2801900,5010359200,5012478800
12,1996,241753152251100,3358100,5054432400,5056552000
12,2012,241753196470400,2725400,5098651700,5100771300
12,2028,241753241642700,2746100,5143824000,5145943600
12,2044,241753288559700,3570700,5190741000,5192860600
13,13,241748187480400,2498900,89661700,91781300
13,29,241748225004100,2201000,127185400,129305000
13,45,241748261610600,2324600,163791900,165911500
13,61,241748298619600,2297900,200800900,202920500
13,77,241748336327200,2496200,238508500,240628100
13,93,241748374096000,2413900,276277300,278396900
13,109,241748418772600,2095200,320953900,323073500
13,125,241748454455900,2157800,356637200,358756800
13,141,241748489600800,2268200,391782100,393901700
13,157,241748526048300,2460400,428229600,430349200
13,173,241748562220900,2150100,464402200,466521800
13,189,241748597923400,2340100,500104700,502224300
13,205,241748633678800,2186100,535860100,537979700
13,221,241748668080300,2223000,570261600,572381200
13,237,241748709169600,2113300,611350900,613470500
13,253,241748743640300,2178100,645821600,647941200
13,269,241748778756100,2131800,680937400,683057000
13,285,241748812977500,2122900,715158800,717278400
13,301,241748847450900,2199900,749632200,751751800
13,317,241748881707700,2057700,783889000,786008600
13,333,241748915231600,2189100,817412900,819532500
13,349,241748949166000,2097700,851347300,853466900
13,365,241748983693400,2229400,885874700,887994300
13,381,241749024974400,2235600,927155700,929275300
13,397,241749060352100,2111500,962533400,964653000
13,413,241749095464200,2146800,997645500,999765100
13,429,241749129949300,2116600,1032130600,1034250200
13,445,241749164362700,2221700,1066544000,1068663600
13,461,241749200127800,2183100,1102309100,1104428700
13,477,241749234294100,2115900,1136475400,1138595000
13,493,241749268262800,2131800,1170444100,1172563700
13,509,241749309091400,2151800,1211272700,1213392300
13,525,241749342988600,2120600,1245169900,1247289500
13,541,241749376959000,2116600,1279140300,1281259900
13,557,241749411272700,2315600,1313454000,1315573600
13,573,241749446855800,2405000,1349037100,1351156700
13,589,241749482111400,2168600,1384292700,1386412300
13,605,241749516952800,2189900,1419134100,1421253700
13,621,241749558277600,2206200,1460458900,1462578500
13,637,241749594769700,2211400,1496951000,1499070600
13,653,241749629088300,2103500,1531269600,1533389200
13,669,241749662609100,2132800,1564790400,1566910000
13,685,241749696387900,2138000,1598569200,1600688800
13,701,241749730122500,2096300,1632303800,1634423400
13,717,241749764213800,2102600,1666395100,1668514700
13,733,241749798314200,2136200,1700495500,1702615100
13,749,241749841003000,2210900,1743184300,1745303900
13,765,241749875376800,2094200,1777558100,1779677700
13,781,241749910608400,2354800,1812789700,1814909300
13,797,241749946047800,2182400,1848229100,1850348700
13,813,241749981502100,2170000,1883683400,1885803000
13,829,241750015663700,2076100,1917845000,1919964600
13,845,241750049354100,2125600,1951535400,1953655000
13,861,241750101167100,10043800,2003348400,2005468000
13,877,241750143782300,2182100,2045963600,2048083200
13,893,241750178417100,2448900,2080598400,2082718000
13,909,241750213833000,2279700,2116014300,2118133900
13,925,241750248940600,2277900,2151121900,2153241500
13,941,241750285209400,2271400,2187390700,2189510300
13,957,241750320214800,2147100,2222396100,2224515700
13,973,241750353910000,2123400,2256091300,2258210900
13,989,241750396354600,2112500,2298535900,2300655500
13,1005,241750430276200,2082000,2332457500,2334577100
13,1021,241750464053800,2115100,2366235100,2368354700
13,1037,241750497884100,2125200,2400065400,2402185000
13,1053,241750531491600,2083500,2433672900,2435792500
13,1069,241750566357400,2115200,2468538700,2470658300
13,1085,241750600710100,2200800,2502891400,2505011000
13,1101,241750639580400,2126000,2541761700,2543881300
13,1117,241750674807500,2189200,2576988800,2579108400
13,1133,241750708805700,2116300,2610987000,2613106600
13,1149,241750743268400,2113100,2645449700,2647569300
13,1165,241750777143200,2072600,2679324500,2681444100
13,1181,241750810696700,2090600,2712878000,2714997600
13,1197,241750844627500,2205000,2746808800,2748928400
13,1213,241750880397400,2108500,2782578700,2784698300
13,1229,241750920998400,2230200,2823179700,2825299300
13,1245,241750956682600,2229700,2858863900,2860983500
13,1261,241750992746200,2229400,2894927500,2897047100
13,1277,241751029679400,2107100,2931860700,2933980300
13,1293,241751064153000,2093000,2966334300,2968453900
13,1309,241751099960100,2100700,3002141400,3004261000
13,1325,241751143862100,3006200,3046043400,3048163000
13,1341,241751197073900,3018800,3099255200,3101374800
13,1357,241751245363900,2637200,3147545200,3149664800
13,1373,241751291869800,2831600,3194051100,3196170700
13,1389,241751336565400,2595500,3238746700,3240866300
13,1405,241751381730800,3046700,3283912100,3286031700
13,1421,241751429020900,2942600,3331202200,3333321800
13,1437,241751475680100,2736100,3377861400,3379981000
13,1453,241751520360200,2931800,3422541500,3424661100
13,1469,241751572153600,3001600,3474334900,3476454500
13,1485,241751619134900,2757100,3521316200,3523435800
13,1501,241751662988000,2677000,3565169300,3567288900
13,1517,241751706769300,2674500,3608950600,3611070200
13,1533,241751752216500,2904400,3654397800,3656517400
13,1549,241751797692200,2739700,3699873500,3701993100
13,1565,241751845242100,2934400,3747423400,3749543000
13,1581,241751905054000,3136800,3807235300,3809354900
13,1597,241751952641800,3001200,3854823100,3856942700
13,1613,241751999512700,3099100,3901694000,3903813600
13,1629,241752047394200,3117300,3949575500,3951695100
13,1645,241752095146800,2897300,3997328100,3999447700
13,1661,241752139614200,2668700,4041795500,4043915100
13,1677,241752185804200,2907700,4087985500,4090105100
13,1693,241752232798500,2655800,4134979800,4137099400
13,1709,241752283718800,2912300,4185900100,4188019700
13,1725,241752330476700,3689100,4232658000,4234777600
13,1741,241752379454400,2665000,4281635700,4283755300
13,1757,241752425804500,3132100,4327985800,4330105400
13,1773,241752474107300,3016500,4376288600,4378408200
13,1789,241752519723000,2815000,4421904300,4424023900
13,1805,241752568458600,2784100,4470639900,4472759500
13,1821,241752616550700,2617200,4518732000,4520851600
13,1837,241752660075100,2704400,4562256400,4564376000
13,1853,241752704741400,2991600,4606922700,4609042300
13,1869,241752752484600,2931800,4654665900,4656785500
13,1885,241752799164100,2641700,4701345400,4703465000
13,1901,241752846139700,2987800,4748321000,4750440600
13,1917,241752898169500,3459400,4800350800,4802470400
13,1933,241752951262900,3123200,4853444200,4855563800
13,1949,241753009045500,3279900,4911226800,4913346400
13,1965,241753060802000,3078200,4962983300,4965102900
13,1981,241753104874800,2726300,5007056100,5009175700
13,1997,241753148425500,3080500,5050606800,5052726400
13,2013,241753193159700,2722400,5095341000,5097460600
13,2029,241753238382000,2762800,5140563300,5142682900
13,2045,241753285009100,2967900,5187190400,5189310000
14,14,241748190241600,2268200,92422900,94542500
14,30,241748227468500,2202400,129649800,131769400
14,46,241748264318900,2342600,166500200,168619800
14,62,241748301219700,2248000,203401000,205520600
14,78,241748339229000,2411800,241410300,243529900
14,94,241748376787500,2420400,278968800,281088400
14,110,241748421137800,2399600,323319100,325438700
14,126,241748456842500,2171700,359023800,361143400
14,142,241748492273900,2233600,394455200,396574800
14,158,241748529066700,2343100,431248000,433367600
14,174,241748564903400,2136500,467084700,469204300
14,190,241748600968800,2304400,503150100,505269700
14,206,241748636381000,2142100,538562300,540681900
14,222,241748670876800,2118000,573058100,575177700
14,238,241748711898300,2119100,614079600,616199200
14,254,241748746434300,2149200,648615600,650735200
14,270,241748781493500,2159400,683674800,685794400
14,286,241748815746600,2323400,717927900,720047500
14,302,241748850518600,2269600,752699900,754819500
14,318,241748884529300,2069300,786710600,788830200
14,334,241748918274900,2127000,820456200,822575800
14,350,241748952075500,2058600,854256800,856376400
14,366,241748986847000,8311100,889028300,891147900
14,382,241749028472600,2175800,930653900,932773500
14,398,241749063727900,2095200,965909200,968028800
14,414,241749099026900,2216200,1001208200,1003327800
14,430,241749133479900,2117400,1035661200,1037780800
14,446,241749167930200,2116800,1070111500,1072231100
14,462,241749203907000,2140400,1106088300,1108207900
14,478,241749237959800,2119300,1140141100,1142260700
14,494,241749271885400,9082000,1174066700,1176186300
14,510,241749312728100,2119200,1214909400,1217029000
14,526,241749346644500,2093100,1248825800,1250945400
14,542,241749380677700,2085300,1282859000,1284978600
14,558,241749415158200,2161600,1317339500,1319459100
14,574,241749450847100,2271900,1353028400,1355148000
14,590,241749485771400,2142400,1387952700,1390072300
14,606,241749520577700,2141000,1422759000,1424878600
14,622,241749561897200,2249800,1464078500,1466198100
14,638,241749598407200,2186900,1500588500,1502708100
14,654,241749632617800,2071100,1534799100,1536918700
14,670,241749666245600,2128000,1568426900,1570546500
14,686,241749700072400,2076900,1602253700,1604373300
14,702,241749733782700,2114100,1635964000,1638083600
14,718,241749767944000,2136200,1670125300,1672244900
14,734,241749802065000,2116000,1704246300,1706365900
14,750,241749844574400,2218300,1746755700,1748875300
14,766,241749878765500,2157300,1780946800,1783066400
14,782,241749914161400,2271200,1816342700,1818462300
14,798,241749949204600,2233200,1851385900,1853505500
14,814,241749984768700,2112600,1886950000,1889069600
14,830,241750018824100,2104300,1921005400,1923125000
14,846,241750052564900,2086200,1954746200,1956865800
14,862,241750113426000,2236500,2015607300,2017726900
14,878,241750148104900,2122700,2050286200,2052405800
14,894,241750183068900,2204500,2085250200,2087369800
14,910,241750218298300,2197600,2120479600,2122599200
14,926,241750254158300,2270700,2156339600,2158459200
14,942,241750289990600,2197000,2192171900,2194291500
14,958,241750324684000,2056800,2226865300,2228984900
14,974,241750358351400,2049000,2260532700,2262652300
14,990,241750400634500,2096300,2302815800,2304935400
14,1006,241750434466900,2099400,2336648200,2338767800
14,1022,241750468262400,2093600,2370443700,2372563300
14,1038,241750502090900,2079300,2404272200,2406391800
14,1054,241750535686400,2142200,2437867700,2439987300
14,1070,241750570683300,2090200,2472864600,2474984200
14,1086,241750604890200,2093100,2507071500,2509191100
14,1102,241750643746600,2128100,2545927900,2548047500
14,1118,241750678924500,2134100,2581105800,2583225400
14,1134,241750712839900,2099200,2615021200,2617140800
14,1150,241750747326100,2102000,2649507400,2651627000
14,1166,241750781089500,2066200,2683270800,2685390400
14,1182,241750814753000,2094400,2716934300,2719053900
14,1198,241750849405000,2389200,2751586300,2753705900
14,1214,241750884893600,2431500,2787074900,2789194500
14,1230,241750925715300,2244200,2827896600,2830016200
14,1246,241750961787800,2308600,2863969100,2866088700
14,1262,241750997615400,2208900,2899796700,2901916300
14,1278,241751034343400,2115000,2936524700,2938644300
14,1294,241751068939900,2281900,2971121200,2973240800
14,1310,241751104688000,2721600,3006869300,3008988900
14,1326,241751150363000,3034000,3052544300,3054663900
14,1342,241751203668000,2960800,3105849300,3107968900
14,1358,241751251549800,3022700,3153731100,3155850700
14,1374,241751297952200,2809300,3200133500,3202253100
14,1390,241751342346300,2568200,3244527600,3246647200
14,1406,241751388316800,2908000,3290498100,3292617700
14,1422,241751435463600,2963000,3337644900,3339764500
14,1438,241751481655200,2792600,3383836500,3385956100
14,1454,241751526764500,2968200,3428945800,3431065400
14,1470,241751578704300,2763100,3480885600,3483005200
14,1486,241751625384700,2698600,3527566000,3529685600
14,1502,241751668983100,2754800,3571164400,3573284000
14,1518,241751712841300,2686400,3615022600,3617142200
14,1534,241751758763400,2952800,3660944700,3663064300
14,1550,241751803960200,2679800,3706141500,3708261100
14,1566,241751851798700,2915000,3753980000,3756099600
14,1582,241751911968700,2980700,3814150000,3816269600
14,1598,241751959266600,2909400,3861447900,3863567500
14,1614,241752006236900,2914900,3908418200,3910537800
14,1630,241752055087500,2991900,3957268800,3959388400
14,1646,241752102459200,2940400,4004640500,4006760100
14,1662,241752146619200,3067800,4048800500,4050920100
14,1678,241752196191000,2844100,4098372300,4100491900
14,1694,241752239643500,2925400,4141824800,4143944400
14,1710,241752291058700,2881800,4193240000,4195359600
14,1726,241752340306900,2931800,4242488200,4244607800
14,1742,241752386506400,2915700,4288687700,4290807300
14,1758,241752433507900,2972300,4335689200,4337808800
14,1774,241752481476200,2765400,4383657500,4385777100
14,1790,241752526752200,2726000,4428933500,4431053100
14,1806,241752575277300,2712400,4477458600,4479578200
14,1822,241752623206100,2701800,4525387400,4527507000
14,1838,241752666927700,2701200,4569109000,4571228600
14,1854,241752712241600,2917800,4614422900,4616542500
14,1870,241752760499500,2930700,4662680800,4664800400
14,1886,241752805954700,2964900,4708136000,4710255600
14,1902,241752853779800,3014500,4755961100,4758080700
14,1918,241752906598600,3359900,4808779900,4810899500
14,1934,241752964028300,3481200,4866209600,4868329200
14,1950,241753017090400,3220700,4919271700,4921391300
14,1966,241753068035600,2956800,4970216900,4972336500
14,1982,241753111677300,2705300,5013858600,5015978200
14,1998,241753156225100,2718400,5058406400,5060526000
14,2014,241753199952000,2703100,5102133300,5104252900
14,2030,241753244998200,2777500,5147179500,5149299100
14,2046,241753293497100,3238600,5195678400,5197798000
15,15,241748192326100,2278800,94507400,96627000
15,31,241748229547500,2489600,131728800,133848400
15,47,241748266423100,2345400,168604400,170724000
15,63,241748303209800,2296400,205391100,207510700
15,79,241748341330800,2413200,243512100,245631700
15,95,241748378896100,2350000,281077400,283197000
15,111,241748423189200,2288500,325370500,327490100
15,127,241748458869500,2210200,361050800,363170400
15,143,241748494413200,2259900,396594500,398714100
15,159,241748531248500,2322100,433429800,435549400
15,175,241748566898700,2131100,469080000,471199600
15,191,241748602805000,2317400,504986300,507105900
15,207,241748638141300,2218200,540322600,542442200
15,223,241748672718400,2109200,574899700,577019300
15,239,241748713705200,2101200,615886500,618006100
15,255,241748748261700,2149400,650443000,652562600
15,271,241748783423100,2119300,685604400,687724000
15,287,241748817753800,2172500,719935100,722054700
15,303,241748852361000,2190300,754542300,756661900
15,319,241748886236000,2089600,788417300,790536900
15,335,241748920087700,2130600,822269000,824388600
15,351,241748953834300,2059200,856015600,858135200
15,367,241748994837100,2131400,897018400,899138000
15,383,241749030365900,2223100,932547200,934666800
15,399,241749065514100,2140000,967695400,969815000
15,415,241749100925700,2139300,1003107000,1005226600
15,431,241749135340200,2127300,1037521500,1039641100
15,447,241749169682900,2127400,1071864200,1073983800
15,463,241749205595000,2158400,1107776300,1109895900
15,479,241749239670000,2103600,1141851300,1143970900
15,495,241749280503400,2229300,1182684700,1184804300
15,511,241749314458900,2121600,1216640200,1218759800
15,527,241749348364800,2072200,1250546100,1252665700
15,543,241749382354200,2123600,1284535500,1286655100
15,559,241749417589700,2238800,1319771000,1321890600
15,575,241749453343500,2192600,1355524800,1357644400
15,591,241749488136100,2112100,1390317400,1392437000
15,607,241749522926100,2229600,1425107400,1427227000
15,623,241749564381400,2264200,1466562700,1468682300
15,639,241749600848100,2185000,1503029400,1505149000
15,655,241749634913500,2089100,1537094800,1539214400
15,671,241749668772800,2087000,1570954100,1573073700
15,687,241749702465500,2046500,1604646800,1606766400
15,703,241749736245300,2111500,1638426600,1640546200
15,719,241749770357700,2126000,1672539000,1674658600
15,735,241749804457200,2160800,1706638500,1708758100
15,751,241749847242600,2204900,1749423900,1751543500
15,767,241749881505800,2134400,1783687100,1785806700
15,783,241749917090700,2219100,1819272000,1821391600
15,799,241749952172500,2397800,1854353800,1856473400
15,815,241749987473200,2139000,1889654500,1891774100
15,831,241750021492400,2097500,1923673700,1925793300
15,847,241750055238400,2108400,1957419700,1959539300
15,863,241750113940900,2180900,2016122200,2018241800
15,879,241750148612500,2144100,2050793800,2052913400
15,895,241750183615000,2195500,2085796300,2087915900
15,911,241750219010500,2185400,2121191800,2123311400
15,927,241750254978400,2228400,2157159700,2159279300
15,943,241750290781000,2290300,2192962300,2195081900
15,959,241750325525700,2072700,2227707000,2229826600
15,975,241750359167800,2071400,2261349100,2263468700
15,991,241750401727200,2096700,2303908500,2306028100
15,1007,241750435546900,2102500,2337728200,2339847800
15,1023,241750469330400,2105700,2371511700,2373631300
15,1039,241750503163100,2067100,2405344400,2407464000
15,1055,241750536756700,2284400,2438938000,2441057600
15,1071,241750571963600,2098800,2474144900,2476264500
15,1087,241750606315900,2113900,2508497200,2510616800
15,1103,241750645040300,2110700,2547221600,2549341200
15,1119,241750680344100,2110900,2582525400,2584645000
15,1135,241750714238300,2106700,2616419600,2618539200
15,1151,241750748605000,2134300,2650786300,2652905900
15,1167,241750782364700,2058600,2684546000,2686665600
15,1183,241750816021100,2193900,2718202400,2720322000
15,1199,241750851067900,2331300,2753249200,2755368800
15,1215,241750886645600,2279700,2788826900,2790946500
15,1231,241750927316900,2183500,2829498200,2831617800
15,1247,241750963276600,2347400,2865457900,2867577500
15,1263,241750999059600,2192300,2901240900,2903360500
15,1279,241751035631000,2098900,2937812300,2939931900
15,1295,241751070317200,2307000,2972498500,2974618100
15,1311,241751106397100,2740500,3008578400,3010698000
15,1327,241751152328400,3050500,3054509700,3056629300
15,1343,241751205557900,2987400,3107739200,3109858800
15,1359,241751253502500,3034300,3155683800,3157803400
15,1375,241751299721500,2860300,3201902800,3204022400
15,1391,241751343909100,2599100,3246090400,3248210000
15,1407,241751390097000,2939300,3292278300,3294397900
15,1423,241751437288700,2951800,3339470000,3341589600
15,1439,241751483442400,2590900,3385623700,3387743300
15,1455,241751528637600,2974300,3430818900,3432938500
15,1471,241751580373300,2905600,3482554600,3484674200
15,1487,241751626926800,2692800,3529108100,3531227700
15,1503,241751670513600,2741100,3572694900,3574814500
15,1519,241751714372600,2658600,3616553900,3618673500
15,1535,241751760437100,2963900,3662618400,3664738000
15,1551,241751805478300,2675400,3707659600,3709779200
15,1567,241751853484300,2920300,3755665600,3757785200
15,1583,241751913589500,2941000,3815770800,3817890400
15,1599,241751960825600,2914600,3863006900,3865126500
15,1615,241752007644800,2775900,3909826100,3911945700
15,1631,241752056429000,3024500,3958610300,3960729900
15,1647,241752103867400,2956700,4006048700,4008168300
15,1663,241752147958700,2961800,4050140000,4052259600
15,1679,241752197508900,2673900,4099690200,4101809800
15,1695,241752240876100,2959400,4143057400,4145177000
15,1711,241752292228400,2905900,4194409700,4196529300
15,1727,241752341603800,2915200,4243785100,4245904700
15,1743,241752387810500,2899500,4289991800,4292111400
15,1759,241752434853600,2988400,4337034900,4339154500
15,1775,241752482742800,2791200,4384924100,4387043700
15,1791,241752528038000,2764700,4430219300,4432338900
15,1807,241752576558300,2687400,4478739600,4480859200
15,1823,241752624465400,2704800,4526646700,4528766300
15,1839,241752668204400,2723700,4570385700,4572505300
15,1855,241752713632000,2954600,4615813300,4617932900
15,1871,241752761947300,2947400,4664128600,4666248200
15,1887,241752807419600,3009900,4709600900,4711720500
15,1903,241752855263300,2966600,4757444600,4759564200
15,1919,241752908591400,3299700,4810772700,4812892300
15,1935,241752966131600,3470900,4868312900,4870432500
15,1951,241753018997300,3235500,4921178600,4923298200
15,1967,241753069810400,2887300,4971991700,4974111300
15,1983,241753113279100,2749800,5015460400,5017580000
15,1999,241753157871400,2801700,5060052700,5062172300
15,2015,241753201590100,2871100,5103771400,5105891000
15,2031,241753246689300,2761200,5148870600,5150990200
15,2047,241753294922800,3031400,5197104100,5199223700
16,0,241748138847300,13329000,41028600,43148200
16,16,241748194757100,2681000,96938400,99058000
16,32,241748232135200,2390400,134316500,136436100
16,48,241748268866300,2282600,171047600,173167200
16,64,241748305540800,2344200,207722100,209841700
16,80,241748343821200,2276300,246002500,248122100
16,96,241748381284800,2312600,283466100,285585700
16,112,241748425538800,2247600,327720100,329839700
16,128,241748461050300,2199600,363231600,365351200
16,144,241748496612100,2260600,398793400,400913000
16,160,241748533603500,2453000,435784800,437904400
16,176,241748569088900,2127000,471270200,473389800
16,192,241748605567700,2309600,507749000,509868600
16,208,241748640822500,2164300,543003800,545123400
16,224,241748675164700,2070000,577346000,579465600
16,240,241748716202600,2082000,618383900,620503500
16,256,241748750812500,2097400,652993800,655113400
16,272,241748785869300,2156200,688050600,690170200
16,288,241748820330600,2226000,722511900,724631500
16,304,241748854912400,2134900,757093700,759213300
16,320,241748888664600,2073500,790845900,792965500
16,336,241748922524500,2128700,824705800,826825400
16,352,241748956178800,2099200,858360100,860479700
16,368,241748997226900,2129500,899408200,901527800
16,384,241749033106500,2222200,935287800,937407400
16,400,241749068179400,2144600,970360700,972480300
16,416,241749103738200,2121900,1005919500,1008039100
16,432,241749138067000,2203400,1040248300,1042367900
16,448,241749172639600,2155000,1074820900,1076940500
16,464,241749208436300,2215000,1110617600,1112737200
16,480,241749242422300,2212800,1144603600,1146723200
16,496,241749283449200,2133200,1185630500,1187750100
16,512,241749317291100,2202000,1219472400,1221592000
16,528,241749351120100,2133700,1253301400,1255421000
16,544,241749385167900,2067100,1287349200,1289468800
16,560,241749419799100,2159900,1321980400,1324100000
16,576,241749455505400,2188100,1357686700,1359806300
16,592,241749490219400,2199200,1392400700,1394520300
16,608,241749525128000,2144200,1427309300,1429428900
16,624,241749566550600,2384000,1468731900,1470851500
16,640,241749602912300,2349600,1505093600,1507213200
16,656,241749636900800,2039800,1539082100,1541201700
16,672,241749670557800,2098100,1572739100,1574858700
16,688,241749704214700,2062500,1606396000,1608515600
16,704,241749738061800,2089900,1640243100,1642362700
16,720,241749772228100,2127700,1674409400,1676529000
16,736,241749806364500,2120400,1708545800,1710665400
16,752,241749849038300,2169500,1751219600,1753339200
16,768,241749883081900,2114100,1785263200,1787382800
16,784,241749918727500,2247700,1820908800,1823028400
16,800,241749953962800,2243200,1856144100,1858263700
16,816,241749989057500,2140100,1891238800,1893358400
16,832,241750023041400,2110400,1925222700,1927342300
16,848,241750056808600,2120600,1958989900,1961109500
16,864,241750118115200,2142400,2020296500,2022416100
16,880,241750152740700,2159600,2054922000,2057041600
16,896,241750187749300,2373800,2089930600,2092050200
16,912,241750223013500,2141000,2125194800,2127314400
16,928,241750258332000,2367400,2160513300,2162632900
16,944,241750294209200,2185300,2196390500,2198510100
16,960,241750328581900,2136400,2230763200,2232882800
16,976,241750362252600,2151300,2264433900,2266553500
16,992,241750404710600,2148900,2306891900,2309011500
16,1008,241750438549700,2138500,2340731000,2342850600
16,1024,241750472352900,2091200,2374534200,2376653800
16,1040,241750506138200,2086800,2408319500,2410439100
16,1056,241750540200200,2260200,2442381500,2444501100
16,1072,241750575052600,2126400,2477233900,2479353500
16,1088,241750609195700,2138800,2511377000,2513496600
16,1104,241750648040000,2208600,2550221300,2552340900
16,1120,241750683139600,2131700,2585320900,2587440500
16,1136,241750717035000,2097200,2619216300,2621335900
16,1152,241750751742400,2091600,2653923700,2656043300
16,1168,241750785414400,2097200,2687595700,2689715300
16,1184,241750819274300,2152400,2721455600,2723575200
16,1200,241750854175700,2188200,2756357000,2758476600
16,1216,241750889767500,2258400,2791948800,2794068400
16,1232,241750930173200,2193100,2832354500,2834474100
16,1248,241750966387000,2248300,2868568300,2870687900
16,1264,241751001970500,2167600,2904151800,2906271400
16,1280,241751038422000,2148200,2940603300,2942722900
16,1296,241751073313700,2360800,2975495000,2977614600
16,1312,241751109881400,2717000,3012062700,3014182300
16,1328,241751156143900,3024200,3058325200,3060444800
16,1344,241751209339200,3015400,3111520500,3113640100
16,1360,241751257269600,3059900,3159450900,3161570500
16,1376,241751303302400,2834700,3205483700,3207603300
16,1392,241751347167000,2532900,3249348300,3251467900
16,1408,241751393793200,2939700,3295974500,3298094100
16,1424,241751440979200,2956100,3343160500,3345280100
16,1440,241751486665300,2663200,3388846600,3390966200
16,1456,241751532305100,2734100,3434486400,3436606000
16,1472,241751584059900,2955700,3486241200,3488360800
16,1488,241751630411800,2712600,3532593100,3534712700
16,1504,241751674032600,2771600,3576213900,3578333500
16,1520,241751717934500,2960500,3620115800,3622235400
16,1536,241751764246900,2954800,3666428200,3668547800
16,1552,241751808916100,2723300,3711097400,3713217000
16,1568,241751857181600,2880500,3759362900,3761482500
16,1584,241751917346300,2908100,3819527600,3821647200
16,1600,241751964544400,2921100,3866725700,3868845300
16,1616,241752011243800,2779200,3913425100,3915544700
16,1632,241752060225500,2985800,3962406800,3964526400
16,1648,241752107565500,2943900,4009746800,4011866400
16,1664,241752151601700,2608900,4053783000,4055902600
16,1680,241752200896400,2696600,4103077700,4105197300
16,1696,241752244619600,2930600,4146800900,4148920500
16,1712,241752295967300,2938200,4198148600,4200268200
16,1728,241752345272100,2928300,4247453400,4249573000
16,1744,241752391456300,2882400,4293637600,4295757200
16,1760,241752438605400,3011000,4340786700,4342906300
16,1776,241752486235500,2807400,4388416800,4390536400
16,1792,241752531454100,2815400,4433635400,4435755000
16,1808,241752579865800,2725700,4482047100,4484166700
16,1824,241752627807200,2696100,4529988500,4532108100
16,1840,241752671531100,2694400,4573712400,4575832000
16,1856,241752717037700,2937500,4619219000,4621338600
16,1872,241752765317400,2940900,4667498700,4669618300
16,1888,241752810890700,3016400,4713072000,4715191600
16,1904,241752858660800,3016000,4760842100,4762961700
16,1920,241752912152200,3316300,4814333500,4816453100
16,1936,241752969890900,3167700,4872072200,4874191800
16,1952,241753022497800,3454000,4924679100,4926798700
16,1968,241753072963600,2807500,4975144900,4977264500
16,1984,241753116279000,2753700,5018460300,5020579900
16,2000,241753160921900,2751900,5063103200,5065222800
16,2016,241753204688800,2920700,5106870100,5108989700
16,2032,241753249682900,3019100,5151864200,5153983800
17,1,241748152224800,3454600,54406100,56525700
17,17,241748197335400,2587400,99516700,101636300
17,33,241748234383800,2348100,136565100,138684700
17,49,241748271021000,2256000,173202300,175321900
17,65,241748307769700,2302600,209951000,212070600
17,81,241748345952300,2324800,248133600,250253200
17,97,241748383508200,2338800,285689500,287809100
17,113,241748427624600,2274000,329805900,331925500
17,129,241748463164000,2175600,365345300,367464900
17,145,241748498811700,2251800,400993000,403112600
17,161,241748535907300,2286300,438088600,440208200
17,177,241748571071900,2142500,473253200,475372800
17,193,241748607307700,2279900,509489000,511608600
17,209,241748642494800,2103800,544676100,546795700
17,225,241748676795600,2240100,578976900,581096500
17,241,241748717797300,2097400,619978600,622098200
17,257,241748752411300,2145700,654592600,656712200
17,273,241748787482400,2161800,689663700,691783300
17,289,241748822120600,2116600,724301900,726421500
17,305,241748856584400,2165200,758765700,760885300
17,321,241748890296600,2086600,792477900,794597500
17,337,241748924154400,2160300,826335700,828455300
17,353,241748957818700,2152700,860000000,862119600
17,369,241748999042500,2120600,901223800,903343400
17,385,241749034739500,2246900,936920800,939040400
17,401,241749069751500,1946900,971932800,974052400
17,417,241749104946700,2135100,1007128000,1009247600
17,433,241749139266700,2242400,1041448000,1043567600
17,449,241749173863100,2157400,1076044400,1078164000
17,465,241749209838100,2156800,1112019400,1114139000
17,481,241749243828100,2136000,1146009400,1148129000
17,497,241749284758400,2110300,1186939700,1189059300
17,513,241749318664100,2138300,1220845400,1222965000
17,529,241749352430600,2113000,1254611900,1256731500
17,545,241749386423000,2090200,1288604300,1290723900
17,561,241749421052700,2159400,1323234000,1325353600
17,577,241749456825000,2184900,1359006300,1361125900
17,593,241749491569000,2199600,1393750300,1395869900
17,609,241749526424800,2139500,1428606100,1430725700
17,625,241749568058200,2319700,1470239500,1472359100
17,641,241749604442800,2187900,1506624100,1508743700
17,657,241749638233800,2050200,1540415100,1542534700
17,673,241749671832500,2103600,1574013800,1576133400
17,689,241749705468600,2090600,1607649900,1609769500
17,705,241749739337100,2098300,1641518400,1643638000
17,721,241749773530400,2153500,1675711700,1677831300
17,737,241749807674100,2061400,1709855400,1711975000
17,753,241749850998100,2197800,1753179400,1755299000
17,769,241749885027700,2142500,1787209000,1789328600
17,785,241749920837100,2217900,1823018400,1825138000
17,801,241749956087700,2137300,1858269000,1860388600
17,817,241749991009700,2154500,1893191000,1895310600
17,833,241750024971800,2085700,1927153100,1929272700
17,849,241750058753700,2097500,1960935000,1963054600
17,865,241750119140900,2171700,2021322200,2023441800
17,881,241750153770900,2130400,2055952200,2058071800
17,897,241750189042400,2169700,2091223700,2093343300
17,913,241750224205000,2138100,2126386300,2128505900
17,929,241750259868000,2293800,2162049300,2164168900
17,945,241750296078500,2122000,2198259800,2200379400
17,961,241750330493200,2106100,2232674500,2234794100
17,977,241750364147900,2100000,2266329200,2268448800
17,993,241750406803200,2110700,2308984500,2311104100
17,1009,241750440631100,2137100,2342812400,2344932000
17,1025,241750474386900,2120700,2376568200,2378687800
17,1041,241750508171700,2084700,2410353000,2412472600
17,1057,241750542177300,2455200,2444358600,2446478200
17,1073,241750577040100,2188100,2479221400,2481341000
17,1089,241750611247600,2131400,2513428900,2515548500
17,1105,241750650166600,2106700,2552347900,2554467500
17,1121,241750685102800,2127100,2587284100,2589403700
17,1137,241750718965000,2113200,2621146300,2623265900
17,1153,241750753541700,2149800,2655723000,2657842600
17,1169,241750787210200,2086700,2689391500,2691511100
17,1185,241750821091500,2109700,2723272800,2725392400
17,1201,241750856181400,2273600,2758362700,2760482300
17,1217,241750891744000,2295200,2793925300,2796044900
17,1233,241750932221700,2171600,2834403000,2836522600
17,1249,241750968295600,2242500,2870476900,2872596500
17,1265,241751003850000,2212200,2906031300,2908150900
17,1281,241751040313900,2365300,2942495200,2944614800
17,1297,241751075482900,2305800,2977664200,2979783800
17,1313,241751112349700,2760500,3014531000,3016650600
17,1329,241751158889500,2970000,3061070800,3063190400
17,1345,241751212080400,3017900,3114261700,3116381300
17,1361,241751260105700,3168300,3162287000,3164406600
17,1377,241751305921500,2850000,3208102800,3210222400
17,1393,241751349512700,2614300,3251694000,3253813600
17,1409,241751396522000,2989800,3298703300,3300822900
17,1425,241751443708500,2942700,3345889800,3348009400
17,1441,241751489168300,2559400,3391349600,3393469200
17,1457,241751534859700,2713900,3437041000,3439160600
17,1473,241751586754500,2949200,3488935800,3491055400
17,1489,241751632832700,2777800,3535014000,3537133600
17,1505,241751676518200,2893100,3578699500,3580819100
17,1521,241751720578900,2766400,3622760200,3624879800
17,1537,241751766906300,2903300,3669087600,3671207200
17,1553,241751811353600,3013100,3713534900,3715654500
17,1569,241751859762500,2902400,3761943800,3764063400
17,1585,241751919946400,3073400,3822127700,3824247300
17,1601,241751967165600,3039200,3869346900,3871466500
17,1617,241752013707700,2996600,3915889000,3918008600
17,1633,241752063957800,3045900,3966139100,3968258700
17,1649,241752111171400,3126700,4013352700,4015472300
17,1665,241752154913700,2888500,4057095000,4059214600
17,1681,241752204312300,2705000,4106493600,4108613200
17,1697,241752252925700,2986000,4155107000,4157226600
17,1713,241752299683100,2942700,4201864400,4203984000
17,1729,241752348999000,2942300,4251180300,4253299900
17,1745,241752395006800,3074700,4297188100,4299307700
17,1761,241752442289900,3057200,4344471200,4346590800
17,1777,241752489657400,2977400,4391838700,4393958300
17,1793,241752534894200,3418500,4437075500,4439195100
17,1809,241752583206600,2791800,4485387900,4487507500
17,1825,241752631104500,2751400,4533285800,4535405400
17,1841,241752674841700,2725300,4577023000,4579142600
17,1857,241752720860700,2961600,4623042000,4625161600
17,1873,241752769133200,2929800,4671314500,4673434100
17,1889,241752814735500,2704300,4716916800,4719036400
17,1905,241752862567300,3011500,4764748600,4766868200
17,1921,241752916334300,3321400,4818515600,4820635200
17,1937,241752973910300,3351600,4876091600,4878211200
17,1953,241753026696900,3250100,4928878200,4930997800
17,1969,241753076406200,2768400,4978587500,4980707100
17,1985,241753119763200,3052700,5021944500,5024064100
17,2001,241753164241500,2700100,5066422800,5068542400
17,2017,241753208189700,2873100,5110371000,5112490600
17,2033,241753253295500,2744600,5155476800,5157596400
18,2,241748155749300,2558200,57930600,60050200
18,18,241748200001800,2365400,102183100,104302700
18,34,241748236845200,2358900,139026500,141146100
18,50,241748273522100,2300700,175703400,177823000
18,66,241748310306000,2486000,212487300,214606900
18,82,241748348500300,2355700,250681600,252801200
18,98,241748386068000,2359000,288249300,290368900
18,114,241748430192200,2181400,332373500,334493100
18,130,241748465570500,2134100,367751800,369871400
18,146,241748501032900,2400000,403214200,405333800
18,162,241748538138300,2287000,440319600,442439200
18,178,241748573107000,2139900,475288300,477407900
18,194,241748610039800,2263000,512221100,514340700
18,210,241748644827500,2099300,547008800,549128400
18,226,241748679191700,2275600,581373000,583492600
18,242,241748720179400,2150300,622360700,624480300
18,258,241748754827400,2308000,657008700,659128300
18,274,241748789912800,2149100,692094100,694213700
18,290,241748824436400,2165100,726617700,728737300
18,306,241748858928600,2111400,761109900,763229500
18,322,241748892548900,2087600,794730200,796849800
18,338,241748926697200,2127200,828878500,830998100
18,354,241748960382400,2247700,862563700,864683300
18,370,241749001314100,2379000,903495400,905615000
18,386,241749037126500,2352300,939307800,941427400
18,402,241749072052000,2140600,974233300,976352900
18,418,241749107407900,2090400,1009589200,1011708800
18,434,241749141813300,2146500,1043994600,1046114200
18,450,241749176080600,2153300,1078261900,1080381500
18,466,241749212056800,2084200,1114238100,1116357700
18,482,241749246028200,2115500,1148209500,1150329100
18,498,241749286932300,2154700,1189113600,1191233200
18,514,241749320866700,2097400,1223048000,1225167600
18,530,241749354607100,2095200,1256788400,1258908000
18,546,241749388576800,2147900,1290758100,1292877700
18,562,241749423624900,2168200,1325806200,1327925800
18,578,241749459471400,2242900,1361652700,1363772300
18,594,241749494208000,2166400,1396389300,1398508900
18,610,241749529044700,2115200,1431226000,1433345600
18,626,241749570757100,2327600,1472938400,1475058000
18,642,241749607004000,2110400,1509185300,1511304900
18,658,241749640880200,2083200,1543061500,1545181100
18,674,241749674611500,2096600,1576792800,1578912400
18,690,241749708323100,2118600,1610504400,1612624000
18,706,241749742207300,2146400,1644388600,1646508200
18,722,241749776466100,2119700,1678647400,1680767000
18,738,241749810499000,1999900,1712680300,1714799900
18,754,241749852992400,2162500,1755173700,1757293300
18,770,241749887003600,2244900,1789184900,1791304500
18,786,241749922851800,2143900,1825033100,1827152700
18,802,241749958076200,2205400,1860257500,1862377100
18,818,241749992961000,2130400,1895142300,1897261900
18,834,241750026869700,2087400,1929051000,1931170600
18,850,241750060677700,18346600,1962859000,1964978600
18,866,241750121601200,2260400,2023782500,2025902100
18,882,241750156222800,2136400,2058404100,2060523700
18,898,241750191535100,2133900,2093716400,2095836000
18,914,241750226680600,2176400,2128861900,2130981500
18,930,241750263654300,2206500,2165835600,2167955200
18,946,241750299019500,2242400,2201200800,2203320400
18,962,241750333330600,2075200,2235511900,2237631500
18,978,241750367016800,2098400,2269198100,2271317700
18,994,241750409531500,2147100,2311712800,2313832400
18,1010,241750443415800,2121800,2345597100,2347716700
18,1026,241750477170700,2134100,2379352000,2381471600
18,1042,241750510842200,2227100,2413023500,2415143100
18,1058,241750545265000,2101800,2447446300,2449565900
18,1074,241750579756800,2254300,2481938100,2484057700
18,1090,241750613857900,2159800,2516039200,2518158800
18,1106,241750652813300,2145000,2554994600,2557114200
18,1122,241750687957400,2124500,2590138700,2592258300
18,1138,241750721819800,2157200,2624001100,2626120700
18,1154,241750756418100,2106400,2658599400,2660719000
18,1170,241750789962600,2114600,2692143900,2694263500
18,1186,241750823874700,2090100,2726056000,2728175600
18,1202,241750859063500,2304200,2761244800,2763364400
18,1218,241750894923000,7284600,2797104300,2799223900
18,1234,241750935365500,2237400,2837546800,2839666400
18,1250,241750971679200,2171300,2873860500,2875980100
18,1266,241751007255800,2242900,2909437100,2911556700
18,1282,241751043721200,2169600,2945902500,2948022100
18,1298,241751079367600,2221400,2981548900,2983668500
18,1314,241751117080200,2791200,3019261500,3021381100
18,1330,241751164031400,3075400,3066212700,3068332300
18,1346,241751217291800,3037000,3119473100,3121592700
18,1362,241751265562400,2769200,3167743700,3169863300
18,1378,241751310864800,2852500,3213046100,3215165700
18,1394,241751354024900,2632300,3256206200,3258325800
18,1410,241751401723400,2938200,3303904700,3306024300
18,1426,241751448813800,2931400,3350995100,3353114700
18,1442,241751493673500,2603500,3395854800,3397974400
18,1458,241751544486500,3100300,3446667800,3448787400
18,1474,241751591913600,3022600,3494094900,3496214500
18,1490,241751637602600,2771500,3539783900,3541903500
18,1506,241751681353400,2671800,3583534700,3585654300
18,1522,241751725342500,2769700,3627523800,3629643400
18,1538,241751771967900,2896100,3674149200,3676268800
18,1554,241751816337100,3387300,3718518400,3720638000
18,1570,241751864813400,2899400,3766994700,3769114300
18,1586,241751925047800,2920600,3827229100,3829348700
18,1602,241751972230500,2893900,3874411800,3876531400
18,1618,241752018423800,2618300,3920605100,3922724700
18,1634,241752065117200,2942800,3967298500,3969418100
18,1650,241752112464300,2862400,4014645600,4016765200
18,1666,241752155846000,2969400,4058027300,4060146900
18,1682,241752205246700,2707500,4107428000,4109547600
18,1698,241752253970800,2952100,4156152100,4158271700
18,1714,241752300734300,2923000,4202915600,4205035200
18,1730,241752350052500,2937000,4252233800,4254353400
18,1746,241752396251700,2939600,4298433000,4300552600
18,1762,241752443486300,3004000,4345667600,4347787200
18,1778,241752490761000,2992700,4392942300,4395061900
18,1794,241752536171500,5401800,4438352800,4440472400
18,1810,241752584209100,2795300,4486390400,4488510000
18,1826,241752632099900,2735700,4534281200,4536400800
18,1842,241752675851900,2719700,4578033200,4580152800
18,1858,241752721922900,2934600,4624104200,4626223800
18,1874,241752770190500,2926400,4672371800,4674491400
18,1890,241752815647200,2719700,4717828500,4719948100
18,1906,241752863598200,3018900,4765779500,4767899100
18,1922,241752917537900,3329100,4819719200,4821838800
18,1938,241752975154800,3359000,4877336100,4879455700
18,1954,241753028070500,3183300,4930251800,4932371400
18,1970,241753077487600,2827700,4979668900,4981788500
18,1986,241753120965600,3073400,5023146900,5025266500
18,2002,241753165326100,2778600,5067507400,5069627000
18,2018,241753209331700,2872100,5111513000,5113632600
18,2034,241753254357700,2772500,5156539000,5158658600
19,3,241748158274100,2454700,60455400,62575000
19,19,241748202335800,2351100,104517100,106636700
19,35,241748239145400,2240600,141326700,143446300
19,51,241748275791900,2248100,177973200,180092800
19,67,241748312761700,2247600,214943000,217062600
19,83,241748350821300,2304900,253002600,255122200
19,99,241748388517700,2281900,290699000,292818600
19,115,241748432436400,2155700,334617700,336737300
19,131,241748467774700,2177600,369956000,372075600
19,147,241748503796800,2159500,405978100,408097700
19,163,241748541046100,2268400,443227400,445347000
19,179,241748575671400,2170700,477852700,479972300
19,195,241748612490500,2127700,514671800,516791400
19,211,241748647108000,2106000,549289300,551408900
19,227,241748681623100,2180200,583804400,585924000
19,243,241748722363500,2148400,624544800,626664400
19,259,241748757167900,2530100,659349200,661468800
19,275,241748792219400,2246100,694400700,696520300
19,291,241748826778100,2126400,728959400,731079000
19,307,241748861283200,2180500,763464500,765584100
19,323,241748894866600,2093000,797047900,799167500
19,339,241748928921000,2103800,831102300,833221900
19,355,241748962663700,2056800,864845000,866964600
19,371,241749003910100,2222700,906091400,908211000
19,387,241749039864900,2280000,942046200,944165800
19,403,241749074601500,2106100,976782800,978902400
19,419,241749109860200,2130900,1012041500,1014161100
19,435,241749144375300,2116300,1046556600,1048676200
19,451,241749179027900,2386300,1081209200,1083328800
19,467,241749214906800,2116900,1117088100,1119207700
19,483,241749248909900,2108800,1151091200,1153210800
19,499,241749289842100,2124800,1192023400,1194143000
19,515,241749323719900,2130200,1225901200,1228020800
19,531,241749357445500,2073800,1259626800,1261746400
19,547,241749391478600,2127800,1293659900,1295779500
19,563,241749426214600,2196800,1328395900,1330515500
19,579,241749461991000,2207600,1364172300,1366291900
19,595,241749496603200,2120100,1398784500,1400904100
19,611,241749531308200,2080900,1433489500,1435609100
19,627,241749573284800,2270400,1475466100,1477585700
19,643,241749609308600,2089500,1511489900,1513609500
19,659,241749642729800,2108200,1544911100,1547030700
19,675,241749676458300,2110800,1578639600,1580759200
19,691,241749710116700,2100000,1612298000,1614417600
19,707,241749744025600,2249700,1646206900,1648326500
19,723,241749778264800,2136200,1680446100,1682565700
19,739,241749812225700,2056100,1714407000,1716526600
19,755,241749854986000,2134700,1757167300,1759286900
19,771,241749889075500,2187000,1791256800,1793376400
19,787,241749924858600,2200700,1827039900,1829159500
19,803,241749960203500,2169900,1862384800,1864504400
19,819,241749995036200,2100400,1897217500,1899337100
19,835,241750028899400,2266900,1931080700,1933200300
19,851,241750062433700,13690200,1964615000,1966734600
19,867,241750120669400,2199200,2022850700,2024970300
19,883,241750155327900,2164700,2057509200,2059628800
19,899,241750190496900,2145600,2092678200,2094797800
19,915,241750225459200,2156800,2127640500,2129760100
19,931,241750261295700,2170100,2163477000,2165596600
19,947,241750297051700,2144000,2199233000,2201352600
19,963,241750331525700,2094600,2233707000,2235826600
19,979,241750365180400,2113500,2267361700,2269481300
19,995,241750407785800,2089000,2309967100,2312086700
19,1011,241750441568700,2132500,2343750000,2345869600
19,1027,241750475331600,2127100,2377512900,2379632500
19,1043,241750509088600,2079800,2411269900,2413389500
19,1059,241750543340600,2242500,2445521900,2447641500
19,1075,241750578054000,2112100,2480235300,2482354900
19,1091,241750612191600,2143900,2514372900,2516492500
19,1107,241750651124500,2112400,2553305800,2555425400
19,1123,241750686601800,2108600,2588783100,2590902700
19,1139,241750720453600,2141500,2622634900,2624754500
19,1155,241750755109200,2169300,2657290500,2659410100
19,1171,241750788732100,2097000,2690913400,2693033000
19,1187,241750822638600,2096300,2724819900,2726939500
19,1203,241750857742400,2236400,2759923700,2762043300
19,1219,241750893453000,2252500,2795634300,2797753900
19,1235,241750933842700,2192500,2836024000,2838143600
19,1251,241750970097100,2171300,2872278400,2874398000
19,1267,241751005601800,2294600,2907783100,2909902700
19,1283,241751042092100,2176000,2944273400,2946393000
19,1299,241751076847500,2228800,2979028800,2981148400
19,1315,241751113980400,2740400,3016161700,3018281300
19,1331,241751160629500,3005000,3062810800,3064930400
19,1347,241751213828600,3035200,3116009900,3118129500
19,1363,241751261900000,3025700,3164081300,3166200900
19,1379,241751307595000,2865400,3209776300,3211895900
19,1395,241751351265800,2580000,3253447100,3255566700
19,1411,241751398502700,2998300,3300684000,3302803600
19,1427,241751445693900,2905100,3347875200,3349994800
19,1443,241751490886400,2605400,3393067700,3395187300
19,1459,241751536592300,7612000,3438773600,3440893200
19,1475,241751588577600,2942600,3490758900,3492878500
19,1491,241751634371800,2683100,3536553100,3538672700
19,1507,241751678046400,2788300,3580227700,3582347300
19,1523,241751722059900,2744300,3624241200,3626360800
19,1539,241751768462300,2896800,3670643600,3672763200
19,1555,241751812969800,2852300,3715151100,3717270700
19,1571,241751861244500,2893400,3763425800,3765545400
19,1587,241751921478800,3017800,3823660100,3825779700
19,1603,241751968654000,3026000,3870835300,3872954900
19,1619,241752015202600,2741800,3917383900,3919503500
19,1635,241752064295500,2994600,3966476800,3968596400
19,1651,241752111459000,3131200,4013640300,4015759900
19,1667,241752155033000,2923300,4057214300,4059333900
19,1683,241752204534700,2704000,4106716000,4108835600
19,1699,241752253243700,2924000,4155425000,4157544600
19,1715,241752299933300,2937000,4202114600,4204234200
19,1731,241752349261900,2928600,4251443200,4253562800
19,1747,241752395413600,2970000,4297594900,4299714500
19,1763,241752442623100,3071400,4344804400,4346924000
19,1779,241752489966800,2987700,4392148100,4394267700
19,1795,241752535390800,3916100,4437572100,4439691700
19,1811,241752583506200,2806100,4485687500,4487807100
19,1827,241752631404500,2764900,4533585800,4535705400
19,1843,241752675141800,2753700,4577323100,4579442700
19,1859,241752721198800,2959900,4623380100,4625499700
19,1875,241752769469700,2930100,4671651000,4673770600
19,1891,241752814994700,2717900,4717176000,4719295600
19,1907,241752862911600,3025200,4765092900,4767212500
19,1923,241752916651700,3327100,4818833000,4820952600
19,1939,241752974279500,3343500,4876460800,4878580400
19,1955,241753027157300,3232900,4929338600,4931458200
19,1971,241753076752400,2854300,4978933700,4981053300
19,1987,241753120135900,3165800,5022317200,5024436800
19,2003,241753164651100,2720200,5066832400,5068952000
19,2019,241753208611300,2883200,5110792600,5112912200
19,2035,241753253832300,2755200,5156013600,5158133200
20,4,241748160805900,2463700,62987200,65106800
20,20,241748204809200,2268900,106990500,109110100
20,36,241748241541300,2250500,143722600,145842200
20,52,241748278009000,2331900,180190300,182309900
20,68,241748314978400,2231100,217159700,219279300
20,84,241748353189900,2271200,255371200,257490800
20,100,241748390682000,2354000,292863300,294982900
20,116,241748434440700,2226400,336622000,338741600
20,132,241748469804300,2148400,371985600,374105200
20,148,241748505772900,2183000,407954200,410073800
20,164,241748543054000,2140700,445235300,447354900
20,180,241748577573500,2246700,479754800,481874400
20,196,241748614560500,2180900,516741800,518861400
20,212,241748649155600,2099100,551336900,553456500
20,228,241748683719400,2153400,585900700,588020300
20,244,241748724397400,2121200,626578700,628698300
20,260,241748759575600,2166100,661756900,663876500
20,276,241748794131700,2162500,696313000,698432600
20,292,241748828623900,2159600,730805200,732924800
20,308,241748863152300,2085400,765333600,767453200
20,324,241748896659700,2120500,798841000,800960600
20,340,241748930700700,2107400,832882000,835001600
20,356,241748964279800,2103600,866461100,868580700
20,372,241749005453000,2218900,907634300,909753900
20,388,241749041218200,2265000,943399500,945519100
20,404,241749075829500,2035100,978010800,980130400
20,420,241749111090800,2119300,1013272100,1015391700
20,436,241749145589300,2192700,1047770600,1049890200
20,452,241749180305300,2313900,1082486600,1084606200
20,468,241749215982200,2107700,1118163500,1120283100
20,484,241749249975800,2100100,1152157100,1154276700
20,500,241749290930100,2087600,1193111400,1195231000
20,516,241749324816600,2104600,1226997900,1229117500
20,532,241749358501300,2106600,1260682600,1262802200
20,548,241749392582500,2095200,1294763800,1296883400
20,564,241749427508000,2113600,1329689300,1331808900
20,580,241749463253500,2175100,1365434800,1367554400
20,596,241749497824700,2114900,1400006000,1402125600
20,612,241749532531200,2149400,1434712500,1436832100
20,628,241749574736400,2125200,1476917700,1479037300
20,644,241749610515900,2112900,1512697200,1514816800
20,660,241749644183600,2114900,1546364900,1548484500
20,676,241749677924500,2092500,1580105800,1582225400
20,692,241749711580200,2099300,1613761500,1615881100
20,708,241749745543800,2115900,1647725100,1649844700
20,724,241749779655400,2119700,1681836700,1683956300
20,740,241749813505200,2946100,1715686500,1717806100
20,756,241749856921200,2083800,1759102500,1761222100
20,772,241749891060900,2109400,1793242200,1795361800
20,788,241749926849100,2171600,1829030400,1831150000
20,804,241749962097200,2150200,1864278500,1866398100
20,820,241749996872600,2197300,1899053900,1901173500
20,836,241750030904400,2095800,1933085700,1935205300
20,852,241750075539600,5126200,1977720900,1979840500
20,868,241750122515200,2360600,2024696500,2026816100
20,884,241750157170600,2094300,2059351900,2061471500
20,900,241750192446200,2144400,2094627500,2096747100
20,916,241750227672800,2086900,2129854100,2131973700
20,932,241750263617600,2208900,2165798900,2167918500
20,948,241750299048300,2247100,2201229600,2203349200
20,964,241750333389900,2081400,2235571200,2237690800
20,980,241750367072000,2105000,2269253300,2271372900
20,996,241750409616100,2155300,2311797400,2313917000
20,1012,241750443495400,2132000,2345676700,2347796300
20,1028,241750477254600,2141700,2379435900,2381555500
20,1044,241750510982500,2148100,2413163800,2415283400
20,1060,241750545329300,2130500,2447510600,2449630200
20,1076,241750579877300,2292100,2482058600,2484178200
20,1092,241750614039500,2149600,2516220800,2518340400
20,1108,241750652957900,2144300,2555139200,2557258800
20,1124,241750687895000,2125200,2590076300,2592195900
20,1140,241750721762200,2146700,2623943500,2626063100
20,1156,241750756388300,2106200,2658569600,2660689200
20,1172,241750789933000,2105700,2692114300,2694233900
20,1188,241750823845900,2088500,2726027200,2728146800
20,1204,241750859158300,2306800,2761339600,2763459200
20,1220,241750894742200,7272500,2796923500,2799043100
20,1236,241750935002500,2201100,2837183800,2839303400
20,1252,241750971161600,2162600,2873342900,2875462500
20,1268,241751006713500,2261500,2908894800,2911014400
20,1284,241751043210600,2120900,2945391900,2947511500
20,1300,241751078464000,2198600,2980645300,2982764900
20,1316,241751115964900,2765400,3018146200,3020265800
20,1332,241751162805900,3027500,3064987200,3067106800
20,1348,241751216065500,2999600,3118246800,3120366400
20,1364,241751264230500,2906600,3166411800,3168531400
20,1380,241751309666400,2846000,3211847700,3213967300
20,1396,241751352894600,2603500,3255075900,3257195500
20,1412,241751400393500,2956300,3302574800,3304694400
20,1428,241751447500400,2918100,3349681700,3351801300
20,1444,241751492520900,2598100,3394702200,3396821800
20,1460,241751538460400,7842000,3440641700,3442761300
20,1476,241751590613700,3025200,3492795000,3494914600
20,1492,241751636505000,2779000,3538686300,3540805900
20,1508,241751680274400,2664700,3582455700,3584575300
20,1524,241751724203400,2764900,3626384700,3628504300
20,1540,241751770730500,2924200,3672911800,3675031400
20,1556,241751815224000,3030400,3717405300,3719524900
20,1572,241751863568900,2915200,3765750200,3767869800
20,1588,241751923840400,2934000,3826021700,3828141300
20,1604,241751971032200,2902300,3873213500,3875333100
20,1620,241752017404000,4983900,3919585300,3921704900
20,1636,241752066505900,2973300,3968687200,3970806800
20,1652,241752113789500,2840400,4015970800,4018090400
20,1668,241752157181300,3026600,4059362600,4061482200
20,1684,241752206503900,2670000,4108685200,4110804800
20,1700,241752255318900,2968100,4157500200,4159619800
20,1716,241752302050100,2907700,4204231400,4206351000
20,1732,241752351366800,2917400,4253548100,4255667700
20,1748,241752397737500,2939400,4299918800,4302038400
20,1764,241752445056600,2989300,4347237900,4349357500
20,1780,241752492368700,2806800,4394550000,4396669600
20,1796,241752537563600,7122200,4439744900,4441864500
20,1812,241752585733100,2739900,4487914400,4490034000
20,1828,241752633593800,2686300,4535775100,4537894700
20,1844,241752677311600,2733100,4579492900,4581612500
20,1860,241752722901500,2941000,4625082800,4627202400
20,1876,241752771162700,2954400,4673344000,4675463600
20,1892,241752816586400,2576900,4718767700,4720887300
20,1908,241752864652900,3014200,4766834200,4768953800
20,1924,241752918712500,3324000,4820893800,4823013400
20,1940,241752976336700,3329000,4878518000,4880637600
20,1956,241753029169200,3199400,4931350500,4933470100
20,1972,241753078483900,2763800,4980665200,4982784800
20,1988,241753122066900,2897900,5024248200,5026367800
20,2004,241753166328700,2782300,5068510000,5070629600
20,2020,241753210440500,2829900,5112621800,5114741400
20,2036,241753255426400,2801700,5157607700,5159727300
21,5,241748163305500,3871900,65486800,67606400
21,21,241748207148300,2270000,109329600,111449200
21,37,241748243727100,2252100,145908400,148028000
21,53,241748280570700,2356800,182752000,184871600
21,69,241748317444200,2445800,219625500,221745100
21,85,241748355705300,2349600,257886600,260006200
21,101,241748393511600,2346500,295692900,297812500
21,117,241748436990200,2162300,339171500,341291100
21,133,241748472249200,2154000,374430500,376550100
21,149,241748508199200,2183900,410380500,412500100
21,165,241748545520100,2172300,447701400,449821000
21,181,241748580132300,2309600,482313600,484433200
21,197,241748616546600,2156100,518727900,520847500
21,213,241748651061700,2106500,553243000,555362600
21,229,241748685730100,2328500,587911400,590031000
21,245,241748726377300,2096900,628558600,630678200
21,261,241748761653100,2206600,663834400,665954000
21,277,241748796386600,2139100,698567900,700687500
21,293,241748830845500,2152800,733026800,735146400
21,309,241748865300600,2137400,767481900,769601500
21,325,241748898837000,2037000,801018300,803137900
21,341,241748932842600,2136100,835023900,837143500
21,357,241748966473500,2112700,868654800,870774400
21,373,241749008074500,2176200,910255800,912375400
21,389,241749043917300,2213300,946098600,948218200
21,405,241749078060100,2143900,980241400,982361000
21,421,241749113377500,2078300,1015558800,1017678400
21,437,241749147959600,2203900,1050140900,1052260500
21,453,241749182802100,2117000,1084983400,1087103000
21,469,241749218265900,2131000,1120447200,1122566800
21,485,241749252254900,2124600,1154436200,1156555800
21,501,241749293204000,2104900,1195385300,1197504900
21,517,241749327068100,2115100,1229249400,1231369000
21,533,241749360750800,2131400,1262932100,1265051700
21,549,241749394819900,2124100,1297001200,1299120800
21,565,241749429687100,2284800,1331868400,1333988000
21,581,241749465573500,2157700,1367754800,1369874400
21,597,241749500080400,2087100,1402261700,1404381300
21,613,241749534798400,2122300,1436979700,1439099300
21,629,241749576955200,2217000,1479136500,1481256100
21,645,241749612808700,2080100,1514990000,1517109600
21,661,241749646416300,2114400,1548597600,1550717200
21,677,241749680137700,2136800,1582319000,1584438600
21,693,241749713969400,2114100,1616150700,1618270300
21,709,241749747895600,2111900,1650076900,1652196500
21,725,241749782039600,2125100,1684220900,1686340500
21,741,241749817109100,9372400,1719290400,1721410000
21,757,241749859545000,2094500,1761726300,1763845900
21,773,241749893676600,2149100,1795857900,1797977500
21,789,241749929528400,2213400,1831709700,1833829300
21,805,241749964702400,2304100,1866883700,1869003300
21,821,241749999432000,2194200,1901613300,1903732900
21,837,241750033356700,2067400,1935538000,1937657600
21,853,241750084906100,2251700,1987087400,1989207000
21,869,241750128454100,2214100,2030635400,2032755000
21,885,241750162750700,2112300,2064932000,2067051600
21,901,241750198198000,2135600,2100379300,2102498900
21,917,241750233448400,2188500,2135629700,2137749300
21,933,241750269891100,2255100,2172072400,2174192000
21,949,241750305161900,2185800,2207343200,2209462800
21,965,241750339175500,2109300,2241356800,2243476400
21,981,241750380986300,2279300,2283167600,2285287200
21,997,241750415646200,2143900,2317827500,2319947100
21,1013,241750449419200,2058800,2351600500,2353720100
21,1029,241750483216200,2091400,2385397500,2387517100
21,1045,241750516958000,2110900,2419139300,2421258900
21,1061,241750551432200,2314500,2453613500,2455733100
21,1077,241750586036700,2123800,2488218000,2490337600
21,1093,241750619869200,2164800,2522050500,2524170100
21,1109,241750658973600,2369000,2561154900,2563274500
21,1125,241750693784000,2121500,2595965300,2598084900
21,1141,241750727877900,2190800,2630059200,2632178800
21,1157,241750762248300,2122700,2664429600,2666549200
21,1173,241750795791300,2123100,2697972600,2700092200
21,1189,241750829690800,2071600,2731872100,2733991700
21,1205,241750865100300,2116400,2767281600,2769401200
21,1221,241750906134200,2184000,2808315500,2810435100
21,1237,241750941284800,2123200,2843466100,2845585700
21,1253,241750977245900,2339100,2879427200,2881546800
21,1269,241751014463200,2265300,2916644500,2918764100
21,1285,241751049288700,2175400,2951470000,2953589600
21,1301,241751084955000,2248500,2987136300,2989255900
21,1317,241751124158900,2766700,3026340200,3028459800
21,1333,241751171640300,3043100,3073821600,3075941200
21,1349,241751224842900,3023500,3127024200,3129143800
21,1365,241751272476000,2856400,3174657300,3176776900
21,1381,241751317990100,3195400,3220171400,3222291000
21,1397,241751361110600,3016700,3263291900,3265411500
21,1413,241751408905600,2909900,3311086900,3313206500
21,1429,241751456084800,2948100,3358266100,3360385700
21,1445,241751500547000,2683200,3402728300,3404847900
21,1461,241751551820200,2756100,3454001500,3456121100
21,1477,241751599177500,2956900,3501358800,3503478400
21,1493,241751644369100,2671500,3546550400,3548670000
21,1509,241751688032400,2717900,3590213700,3592333300
21,1525,241751732239900,2813900,3634421200,3636540800
21,1541,241751778986000,2728000,3681167300,3683286900
21,1557,241751825915200,2697000,3728096500,3730216100
21,1573,241751871958100,2905700,3774139400,3776259000
21,1589,241751932338000,2921000,3834519300,3836638900
21,1605,241751979496100,2924200,3881677400,3883797000
21,1621,241752027867600,2591900,3930048900,3932168500
21,1637,241752075495600,2902700,3977676900,3979796500
21,1653,241752122097800,2638600,4024279100,4026398700
21,1669,241752166436500,2986700,4068617800,4070737400
21,1685,241752214886100,2666200,4117067400,4119187000
21,1701,241752264457000,2916000,4166638300,4168757900
21,1717,241752311188700,2919100,4213370000,4215489600
21,1733,241752360432400,2911300,4262613700,4264733300
21,1749,241752406679500,2953800,4308860800,4310980400
21,1765,241752454259700,3040800,4356441000,4358560600
21,1781,241752500961400,2822600,4403142700,4405262300
21,1797,241752550298700,2710000,4452480000,4454599600
21,1813,241752594074000,2743800,4496255300,4498374900
21,1829,241752641935300,2697200,4544116600,4546236200
21,1845,241752685687500,2763500,4587868800,4589988400
21,1861,241752732760600,2956600,4634941900,4637061500
21,1877,241752780911700,2916700,4683093000,4685212600
21,1893,241752826248300,2989500,4728429600,4730549200
21,1909,241752875653900,3428900,4777835200,4779954800
21,1925,241752929860700,3403200,4832042000,4834161600
21,1941,241752987095600,3353700,4889276900,4891396500
21,1957,241753039486000,3291000,4941667300,4943786900
21,1973,241753087120100,2649300,4989301400,4991421000
21,1989,241753130959300,2672100,5033140600,5035260200
21,2005,241753175253900,2752800,5077435200,5079554800
21,2021,241753219475200,2774300,5121656500,5123776100
21,2037,241753266162200,2716400,5168343500,5170463100
22,6,241748167222800,3613400,69404100,71523700
22,22,241748209452500,2346600,111633800,113753400
22,38,241748246110100,2260900,148291400,150411000
22,54,241748282809400,2291300,184990700,187110300
22,70,241748319827600,2485300,222008900,224128500
22,86,241748357785600,2410500,259966900,262086500
22,102,241748395459600,2333100,297640900,299760500
22,118,241748438856500,2199900,341037800,343157400
22,134,241748474145800,2128500,376327100,378446700
22,150,241748510086200,2206900,412267500,414387100
22,166,241748547303200,2183400,449484500,451604100
22,182,241748582085900,2168800,484267200,486386800
22,198,241748618478900,2138900,520660200,522779800
22,214,241748652934900,2096500,555116200,557235800
22,230,241748687911500,2210100,590092800,592212400
22,246,241748728361200,2107600,630542500,632662100
22,262,241748763649800,2262000,665831100,667950700
22,278,241748798230200,2159900,700411500,702531100
22,294,241748832803000,2141400,734984300,737103900
22,310,241748867214600,2210000,769395900,771515500
22,326,241748900687400,2085300,802868700,804988300
22,342,241748934810800,2130300,836992100,839111700
22,358,241748968699900,2120200,870881200,873000800
22,374,241749009983500,2271000,912164800,914284400
22,390,241749045746100,2194400,947927400,950047000
22,406,241749080088000,2107400,982269300,984388900
22,422,241749115318700,2229100,1017500000,1019619600
22,438,241749150013900,2143400,1052195200,1054314800
22,454,241749184779600,2186500,1086960900,1089080500
22,470,241749220256700,2083500,1122438000,1124557600
22,486,241749254236000,2114200,1156417300,1158536900
22,502,241749295171000,2117600,1197352300,1199471900
22,518,241749329064200,2134400,1231245500,1233365100
22,534,241749362766200,2129300,1264947500,1267067100
22,550,241749396833200,2151100,1299014500,1301134100
22,566,241749431852800,2206600,1334034100,1336153700
22,582,241749467673600,2151400,1369854900,1371974500
22,598,241749502112600,2199400,1404293900,1406413500
22,614,241749536954900,2121500,1439136200,1441255800
22,630,241749579265300,2203200,1481446600,1483566200
22,646,241749615007600,2121200,1517188900,1519308500
22,662,241749648739000,2098200,1550920300,1553039900
22,678,241749682475000,2095500,1584656300,1586775900
22,694,241749716288800,2078200,1618470100,1620589700
22,710,241749750179600,2115100,1652360900,1654480500
22,726,241749784321200,2102500,1686502500,1688622100
22,742,241749826454100,2345400,1728635400,1730755000
22,758,241749861581800,2126100,1763763100,1765882700
22,774,241749895770100,2175200,1797951400,1800071000
22,790,241749931654500,2162900,1833835800,1835955400
22,806,241749966849900,2290000,1869031200,1871150800
22,822,241750001563700,2163100,1903745000,1905864600
22,838,241750035370800,2101700,1937552100,1939671700
22,854,241750085387600,2269100,1987568900,1989688500
22,870,241750128942800,2061600,2031124100,2033243700
22,886,241750163081200,2121400,2065262500,2067382100
22,902,241750198374000,2140100,2100555300,2102674900
22,918,241750233537100,2206100,2135718400,2137838000
22,934,241750270034000,2227000,2172215300,2174334900
22,950,241750305454400,2164600,2207635700,2209755300
22,966,241750339491500,2113700,2241672800,2243792400
22,982,241750381267400,2343700,2283448700,2285568300
22,998,241750415911100,2131200,2318092400,2320212000
22,1014,241750449648600,2069800,2351829900,2353949500
22,1030,241750483442300,2089400,2385623600,2387743200
22,1046,241750517226100,2121000,2419407400,2421527000
22,1062,241750551777200,2338500,2453958500,2456078100
22,1078,241750586300000,2112400,2488481300,2490600900
22,1094,241750620265000,2155400,2522446300,2524565900
22,1110,241750659384100,2351700,2561565400,2563685000
22,1126,241750694102000,2124800,2596283300,2598402900
22,1142,241750728238900,2196800,2630420200,2632539800
22,1158,241750762528800,2137400,2664710100,2666829700
22,1174,241750796064800,2149100,2698246100,2700365700
22,1190,241750829962500,2077200,2732143800,2734263400
22,1206,241750865656200,2344500,2767837500,2769957100
22,1222,241750906543200,2191200,2808724500,2810844100
22,1238,241750941621500,2154300,2843802800,2845922400
22,1254,241750977962000,2307900,2880143300,2882262900
22,1270,241751015062500,2270500,2917243800,2919363400
22,1286,241751049864000,2191600,2952045300,2954164900
22,1302,241751085255600,2275700,2987436900,2989556500
22,1318,241751124535000,2789000,3026716300,3028835900
22,1334,241751172100500,3049600,3074281800,3076401400
22,1350,241751225309700,3028400,3127491000,3129610600
22,1366,241751272895700,2884500,3175077000,3177196600
22,1382,241751318353900,3155800,3220535200,3222654800
22,1398,241751361499200,2985400,3263680500,3265800100
22,1414,241751409266000,2925200,3311447300,3313566900
22,1430,241751456446700,2970900,3358628000,3360747600
22,1446,241751500971500,2698000,3403152800,3405272400
22,1462,241751552211500,2836700,3454392800,3456512400
22,1478,241751599659200,2970100,3501840500,3503960100
22,1494,241751644740300,2680800,3546921600,3549041200
22,1510,241751688397700,2718500,3590579000,3592698600
22,1526,241751732614700,2831200,3634796000,3636915600
22,1542,241751779355800,2757500,3681537100,3683656700
22,1558,241751826269000,2694900,3728450300,3730569900
22,1574,241751872364500,2903700,3774545800,3776665400
22,1590,241751932862000,2933000,3835043300,3837162900
22,1606,241751980019700,2945500,3882201000,3884320600
22,1622,241752026551100,2595200,3928732400,3930852000
22,1638,241752074030900,2905500,3976212200,3978331800
22,1654,241752120737800,2701900,4022919100,4025038700
22,1670,241752164716100,2941400,4066897400,4069017000
22,1686,241752213377800,2682400,4115559100,4117678700
22,1702,241752262793700,2920100,4164975000,4167094600
22,1718,241752309476900,2911600,4211658200,4213777800
22,1734,241752358725300,2918800,4260906600,4263026200
22,1750,241752405099500,2770000,4307280800,4309400400
22,1766,241752452425400,2999300,4354606700,4356726300
22,1782,241752499281900,2805300,4401463200,4403582800
22,1798,241752548821300,2738100,4451002600,4453122200
22,1814,241752592621000,2707300,4494802300,4496921900
22,1830,241752640456100,2701700,4542637400,4544757000
22,1846,241752684187300,2746300,4586368600,4588488200
22,1862,241752731077400,2941200,4633258700,4635378300
22,1878,241752779201900,2962200,4681383200,4683502800
22,1894,241752824473900,3029200,4726655200,4728774800
22,1910,241752873721100,3453200,4775902400,4778022000
22,1926,241752927821800,3589300,4830003100,4832122700
22,1942,241752985278700,3309600,4887460000,4889579600
22,1958,241753037843500,3223200,4940024800,4942144400
22,1974,241753085733400,2651600,4987914700,4990034300
22,1990,241753129514700,2672500,5031696000,5033815600
22,2006,241753173733600,2723400,5075914900,5078034500
22,2022,241753217951700,2764300,5120133000,5122252600
22,2038,241753263874700,3448100,5166056000,5168175600
23,7,241748170953400,3478800,73134700,75254300
23,23,241748211835400,2305700,114016700,116136300
23,39,241748248406500,2355700,150587800,152707400
23,55,241748285220200,2354000,187401500,189521100
23,71,241748322284400,2313100,224465700,226585300
23,87,241748360260200,2281500,262441500,264561100
23,103,241748397898100,2361700,300079400,302199000
23,119,241748441240200,2217700,343421500,345541100
23,135,241748476449500,2137200,378630800,380750400
23,151,241748512412400,2145700,414593700,416713300
23,167,241748549681100,2270100,451862400,453982000
23,183,241748584436400,2181100,486617700,488737300
23,199,241748620790600,2207600,522971900,525091500
23,215,241748655198600,2079500,557379900,559499500
23,231,241748690238300,2082600,592419600,594539200
23,247,241748730666700,2105500,632848000,634967600
23,263,241748766210700,2125600,668392000,670511600
23,279,241748800605500,2077000,702786800,704906400
23,295,241748835171400,2129300,737352700,739472300
23,311,241748869694500,2132100,771875800,773995400
23,327,241748903021300,2059000,805202600,807322200
23,343,241748937231500,2131800,839412800,841532400
23,359,241748970878100,2046300,873059400,875179000
23,375,241749012831300,2218000,915012600,917132200
23,391,241749048544700,2181900,950726000,952845600
23,407,241749082812500,2353200,984993800,987113400
23,423,241749118249200,2226300,1020430500,1022550100
23,439,241749152813400,2138000,1054994700,1057114300
23,455,241749187867000,2108700,1090048300,1092167900
23,471,241749222753300,2114300,1124934600,1127054200
23,487,241749256742000,2076300,1158923300,1161042900
23,503,241749297716000,2176100,1199897300,1202016900
23,519,241749331628800,2072600,1233810100,1235929700
23,535,241749365339100,2290000,1267520400,1269640000
23,551,241749399429800,2114400,1301611100,1303730700
23,567,241749434703300,2290200,1336884600,1339004200
23,583,241749470346200,2115900,1372527500,1374647100
23,599,241749504833600,2280600,1407014900,1409134500
23,615,241749539552200,2337000,1441733500,1443853100
23,631,241749582060600,2315400,1484241900,1486361500
23,647,241749617683600,2099500,1519864900,1521984500
23,663,241749651210300,2101300,1553391600,1555511200
23,679,241749684943900,2085600,1587125200,1589244800
23,695,241749718741700,2071700,1620923000,1623042600
23,711,241749752675000,2083300,1654856300,1656975900
23,727,241749786801700,2139800,1688983000,1691102600
23,743,241749828651200,2173100,1730832500,1732952100
23,759,241749863624600,2059200,1765805900,1767925500
23,775,241749897888300,2221400,1800069600,1802189200
23,791,241749933787600,2206200,1835968900,1838088500
23,807,241749969261200,2223600,1871442500,1873562100
23,823,241750003891800,2129100,1906073100,1908192700
23,839,241750037639400,2080800,1939820700,1941940300
23,855,241750088097000,2087000,1990278300,1992397900
23,871,241750131488400,2090300,2033669700,2035789300
23,887,241750165650100,2073100,2067831400,2069951000
23,903,241750200971000,2211400,2103152300,2105271900
23,919,241750236384900,2162500,2138566200,2140685800
23,935,241750273071800,2152400,2175253100,2177372700
23,951,241750308161000,2173000,2210342300,2212461900
23,967,241750342060400,2091500,2244241700,2246361300
23,983,241750384078500,2217100,2286259800,2288379400
23,999,241750418547700,2097300,2320729000,2322848600
23,1015,241750452258100,2108400,2354439400,2356559000
23,1031,241750486076000,2120200,2388257300,2390376900
23,1047,241750519876000,2086900,2422057300,2424176900
23,1063,241750554510700,2146800,2456692000,2458811600
23,1079,241750588891200,2121900,2491072500,2493192100
23,1095,241750622901600,2061700,2525082900,2527202500
23,1111,241750662675400,2188900,2564856700,2566976300
23,1127,241750697157000,2117200,2599338300,2601457900
23,1143,241750731476700,2163200,2633658000,2635777600
23,1159,241750765702800,2096900,2667884100,2670003700
23,1175,241750799261400,2132900,2701442700,2703562300
23,1191,241750833009700,2061700,2735191000,2737310600
23,1207,241750868943500,2093000,2771124800,2773244400
23,1223,241750909683000,2149600,2811864300,2813983900
23,1239,241750944775800,2309200,2846957100,2849076700
23,1255,241750981334100,2192100,2883515400,2885635000
23,1271,241751018347400,2293600,2920528700,2922648300
23,1287,241751053054300,2209700,2955235600,2957355200
23,1303,241751088614100,2201700,2990795400,2992915000
23,1319,241751128725700,2749500,3030907000,3033026600
23,1335,241751176652700,3028700,3078834000,3080953600
23,1351,241751229839800,3023000,3132021100,3134140700
23,1367,241751277315500,2943100,3179496800,3181616400
23,1383,241751322834300,2882600,3225015600,3227135200
23,1399,241751366053900,2985900,3268235200,3270354800
23,1415,241751413742600,2910000,3315923900,3318043500
23,1431,241751460932100,2917500,3363113400,3365233000
23,1447,241751505133900,2945200,3407315200,3409434800
23,1463,241751556629200,3022300,3458810500,3460930100
23,1479,241751604099000,2687000,3506280300,3508399900
23,1495,241751648839300,2717800,3551020600,3553140200
23,1511,241751692534600,2691100,3594715900,3596835500
23,1527,241751736924600,2922400,3639105900,3641225500
23,1543,241751783510000,2745400,3685691300,3687810900
23,1559,241751830471900,2818400,3732653200,3734772800
23,1575,241751876802200,2931100,3778983500,3781103100
23,1591,241751937281700,3028700,3839463000,3841582600
23,1607,241751984438800,2736400,3886620100,3888739700
23,1623,241752032675300,3026500,3934856600,3936976200
23,1639,241752080762700,2949600,3982944000,3985063600
23,1655,241752126906300,2577200,4029087600,4031207200
23,1671,241752171465900,2952600,4073647200,4075766800
23,1687,241752219520700,2801000,4121702000,4123821600
23,1703,241752269552000,2881400,4171733300,4173852900
23,1719,241752316219700,2922100,4218401000,4220520600
23,1735,241752365446300,2889900,4267627600,4269747200
23,1751,241752411694600,2833400,4313875900,4315995500
23,1767,241752459426900,3011300,4361608200,4363727800
23,1783,241752505768300,2818600,4407949600,4410069200
23,1799,241752554953800,2930100,4457135100,4459254700
23,1815,241752598769000,2757400,4500950300,4503069900
23,1831,241752646553200,2664400,4548734500,4550854100
23,1847,241752690349400,2697500,4592530700,4594650300
23,1863,241752737584200,3037400,4639765500,4641885100
23,1879,241752785665000,2894100,4687846300,4689965900
23,1895,241752831133300,3011800,4733314600,4735434200
23,1911,241752881197800,3386100,4783379100,4785498700
23,1927,241752935561400,3278100,4837742700,4839862300
23,1943,241752992668400,3469300,4894849700,4896969300
23,1959,241753045139900,3178700,4947321200,4949440800
23,1975,241753091668800,2596200,4993850100,4995969700
23,1991,241753135425800,2644500,5037607100,5039726700
23,2007,241753179927300,2706400,5082108600,5084228200
23,2023,241753224156200,2798500,5126337500,5128457100
23,2039,241753270728500,2827400,5172909800,5175029400
24,8,241748174350000,3248900,76531300,78650900
24,24,241748214047900,2438100,116229200,118348800
24,40,241748250703400,2236900,152884700,155004300
24,56,241748287510200,2323600,189691500,191811100
24,72,241748324505700,2363600,226687000,228806600
24,88,241748362410900,2445800,264592200,266711800
24,104,241748400194700,2304700,302376000,304495600
24,120,241748443493400,2237700,345674700,347794300
24,136,241748478621400,2148300,380802700,382922300
24,152,241748514622500,2221100,416803800,418923400
24,168,241748551888700,2140600,454070000,456189600
24,184,241748586587400,2139900,488768700,490888300
24,200,241748623124100,2209600,525305400,527425000
24,216,241748657392200,2231500,559573500,561693100
24,232,241748692526600,2096100,594707900,596827500
24,248,241748732888400,2133400,635069700,637189300
24,264,241748768496500,2263100,670677800,672797400
24,280,241748802853200,2109000,705034500,707154100
24,296,241748837447700,2129600,739629000,741748600
24,312,241748871942400,2039200,774123700,776243300
24,328,241748905196200,2084900,807377500,809497100
24,344,241748939335800,2068500,841517100,843636700
24,360,241748972844500,2166400,875025800,877145400
24,376,241749015021100,2246200,917202400,919322000
24,392,241749050828600,2197500,953009900,955129500
24,408,241749085230800,2538100,987412100,989531700
24,424,241749120541100,2141600,1022722400,1024842000
24,440,241749155086600,2054100,1057267900,1059387500
24,456,241749190500800,2409200,1092682100,1094801700
24,472,241749225363000,2125200,1127544300,1129663900
24,488,241749259301700,2118100,1161483000,1163602600
24,504,241749300348400,2055900,1202529700,1204649300
24,520,241749334137000,2101400,1236318300,1238437900
24,536,241749368063600,2118300,1270244900,1272364500
24,552,241749401974300,2103500,1304155600,1306275200
24,568,241749437383900,2158500,1339565200,1341684800
24,584,241749472903400,2144700,1375084700,1377204300
24,600,241749507622900,2326300,1409804200,1411923800
24,616,241749542352200,2199900,1444533500,1446653100
24,632,241749584697100,2225800,1486878400,1488998000
24,648,241749620080100,2099600,1522261400,1524381000
24,664,241749653735400,2142900,1555916700,1558036300
24,680,241749687456800,2100600,1589638100,1591757700
24,696,241749721247600,2086200,1623428900,1625548500
24,712,241749755245100,2221200,1657426400,1659546000
24,728,241749789415900,2127800,1691597200,1693716800
24,744,241749831507600,2142500,1733688900,1735808500
24,760,241749866305200,2161400,1768486500,1770606100
24,776,241749900764400,2197800,1802945700,1805065300
24,792,241749936589100,2145900,1838770400,1840890000
24,808,241749971969000,2170900,1874150300,1876269900
24,824,241750006518000,2108500,1908699300,1910818900
24,840,241750040215900,2059600,1942397200,1944516800
24,856,241750092283000,2345700,1994464300,1996583900
24,872,241750135417700,2100500,2037599000,2039718600
24,888,241750169659100,2160000,2071840400,2073960000
24,904,241750205272900,2422000,2107454200,2109573800
24,920,241750240606000,2190600,2142787300,2144906900
24,936,241750276940700,2174500,2179122000,2181241600
24,952,241750312215000,2104000,2214396300,2216515900
24,968,241750345971300,2136600,2248152600,2250272200
24,984,241750388225900,2106500,2290407200,2292526800
24,1000,241750422183800,2089600,2324365100,2326484700
24,1016,241750455907400,2081700,2358088700,2360208300
24,1032,241750489768400,2129600,2391949700,2394069300
24,1048,241750523391800,2110800,2425573100,2427692700
24,1064,241750558173500,2145600,2460354800,2462474400
24,1080,241750592495500,2136900,2494676800,2496796400
24,1096,241750626511000,2126200,2528692300,2530811900
24,1112,241750666184300,2206500,2568365600,2570485200
24,1128,241750700489400,2123100,2602670700,2604790300
24,1144,241750734776400,2171400,2636957700,2639077300
24,1160,241750768892900,2137900,2671074200,2673193800
24,1176,241750802524400,2124800,2704705700,2706825300
24,1192,241750836240700,2212700,2738422000,2740541600
24,1208,241750872116600,2151000,2774297900,2776417500
24,1224,241750912986500,2191700,2815167800,2817287400
24,1240,241750948427400,2364000,2850608700,2852728300
24,1256,241750984454200,2231500,2886635500,2888755100
24,1272,241751021680100,2181700,2923861400,2925981000
24,1288,241751056323900,2133600,2958505200,2960624800
24,1304,241751091867100,2204800,2994048400,2996168000
24,1320,241751132761300,2746100,3034942600,3037062200
24,1336,241751181085300,3216300,3083266600,3085386200
24,1352,241751234268400,3012100,3136449700,3138569300
24,1368,241751281620300,2779500,3183801600,3185921200
24,1384,241751326961100,2574200,3229142400,3231262000
24,1400,241751370463700,3203100,3272645000,3274764600
24,1416,241751418039200,3017200,3320220500,3322340100
24,1432,241751465216800,3086100,3367398100,3369517700
24,1448,241751509385900,2947200,3411567200,3413686800
24,1464,241751561074100,3010300,3463255400,3465375000
24,1480,241751608014800,3049000,3510196100,3512315700
24,1496,241751652768400,2814000,3554949700,3557069300
24,1512,241751696448100,2736300,3598629400,3600749000
24,1528,241751741220900,2975900,3643402200,3645521800
24,1544,241751787564400,2730600,3689745700,3691865300
24,1560,241751834605800,2862500,3736787100,3738906700
24,1576,241751881082400,2912600,3783263700,3785383300
24,1592,241751941686300,2941900,3843867600,3845987200
24,1608,241751988555700,2943400,3890737000,3892856600
24,1624,241752035328500,3019700,3937509800,3939629400
24,1640,241752083303200,2965900,3985484500,3987604100
24,1656,241752129168500,2574200,4031349800,4033469400
24,1672,241752174089800,2926000,4076271100,4078390700
24,1688,241752221927700,2774600,4124109000,4126228600
24,1704,241752272141300,2893900,4174322600,4176442200
24,1720,241752318813500,2921900,4220994800,4223114400
24,1736,241752368052900,2940200,4270234200,4272353800
24,1752,241752414243900,2960200,4316425200,4318544800
24,1768,241752462142100,3043500,4364323400,4366443000
24,1784,241752508319500,2794500,4410500800,4412620400
24,1800,241752557613600,2752500,4459794900,4461914500
24,1816,241752601264700,7285000,4503446000,4505565600
24,1832,241752648911800,3012700,4551093100,4553212700
24,1848,241752692816800,2938400,4594998100,4597117700
24,1864,241752740538000,3088700,4642719300,4644838900
24,1880,241752788476200,2855600,4690657500,4692777100
24,1896,241752834060800,3122300,4736242100,4738361700
24,1912,241752884492500,3405700,4786673800,4788793400
24,1928,241752938713400,3178900,4840894700,4843014300
24,1944,241752996012000,3281600,4898193300,4900312900
24,1960,241753048190900,3184300,4950372200,4952491800
24,1976,241753094154900,2613000,4996336200,4998455800
24,1992,241753137992600,2647500,5040173900,5042293500
24,2008,241753182556000,2365400,5084737300,5086856900
24,2024,241753226880500,2804400,5129061800,5131181400
24,2040,241753273481200,2782800,5175662500,5177782100
25,9,241748177651200,2659900,79832500,81952100
25,25,241748216607200,2229700,118788500,120908100
25,41,241748253068800,2237900,155250100,157369700
25,57,241748290023800,2246700,192205100,194324700
25,73,241748327191000,2333900,229372300,231491900
25,89,241748365177300,2309400,267358600,269478200
25,105,241748410031400,2545200,312212700,314332300
25,121,241748445661400,2204500,347842700,349962300
25,137,241748480712300,2167100,382893600,385013200
25,153,241748516735800,2311500,418917100,421036700
25,169,241748554146800,2165700,456328100,458447700
25,185,241748588851400,2201000,491032700,493152300
25,201,241748625249800,2157600,527431100,529550700
25,217,241748659537300,2303500,561718600,563838200
25,233,241748694491900,2092100,596673200,598792800
25,249,241748734848500,2215500,637029800,639149400
25,265,241748770559300,2099600,672740600,674860200
25,281,241748804879700,2126200,707061000,709180600
25,297,241748839516300,2145200,741697600,743817200
25,313,241748873929900,2094500,776111200,778230800
25,329,241748907223800,2143600,809405100,811524700
25,345,241748941463300,2080100,843644600,845764200
25,361,241748975154200,2379000,877335500,879455100
25,377,241749017152600,2214800,919333900,921453500
25,393,241749052849800,2201600,955031100,957150700
25,409,241749087595500,2497600,989776800,991896400
25,425,241749122572400,2127000,1024753700,1026873300
25,441,241749156950200,2176300,1059131500,1061251100
25,457,241749192297900,2316100,1094479200,1096598800
25,473,241749226980900,2120900,1129162200,1131281800
25,489,241749260912300,2112500,1163093600,1165213200
25,505,241749301905200,2063200,1204086500,1206206100
25,521,241749335759900,2087700,1237941200,1240060800
25,537,241749369697700,2159000,1271879000,1273998600
25,553,241749403599400,2125900,1305780700,1307900300
25,569,241749439402200,2222500,1341583500,1343703100
25,585,241749474916100,2203500,1377097400,1379217000
25,601,241749509807100,2187600,1411988400,1414108000
25,617,241749544441100,2119900,1446622400,1448742000
25,633,241749586721800,2499500,1488903100,1491022700
25,649,241749621966700,2125900,1524148000,1526267600
25,665,241749655622200,2133600,1557803500,1559923100
25,681,241749689298500,2157700,1591479800,1593599400
25,697,241749723083700,2089200,1625265000,1627384600
25,713,241749757164000,2168500,1659345300,1661464900
25,729,241749791269000,2175900,1693450300,1695569900
25,745,241749832796800,2188100,1734978100,1737097700
25,761,241749867744800,2184000,1769926100,1772045700
25,777,241749902244700,2176300,1804426000,1806545600
25,793,241749938131000,2135200,1840312300,1842431900
25,809,241749973504200,2155600,1875685500,1877805100
25,825,241750007910300,2098100,1910091600,1912211200
25,841,241750041572500,2101800,1943753800,1945873400
25,857,241750090930700,2198300,1993112000,1995231600
25,873,241750134104300,2047500,2036285600,2038405200
25,889,241750168256600,2158900,2070437900,2072557500
25,905,241750203584100,2206800,2105765400,2107885000
25,921,241750239006500,2189900,2141187800,2143307400
25,937,241750275284500,2253200,2177465800,2179585400
25,953,241750310458300,2149200,2212639600,2214759200
25,969,241750344241000,2100500,2246422300,2248541900
25,985,241750386392100,2362200,2288573400,2290693000
25,1001,241750420767200,2091400,2322948500,2325068100
25,1017,241750454492500,2083200,2356673800,2358793400
25,1033,241750488261400,2123400,2390442700,2392562300
25,1049,241750521904800,2094800,2424086100,2426205700
25,1065,241750556814100,2077200,2458995400,2461115000
25,1081,241750591139600,2110900,2493320900,2495440500
25,1097,241750625075900,2107700,2527257200,2529376800
25,1113,241750664420000,2249800,2566601300,2568720900
25,1129,241750698839700,2110200,2601021000,2603140600
25,1145,241750733025800,2256300,2635207100,2637326700
25,1161,241750767274300,2104400,2669455600,2671575200
25,1177,241750800860300,2104500,2703041600,2705161200
25,1193,241750834633500,2094700,2736814800,2738934400
25,1209,241750870549300,2065000,2772730600,2774850200
25,1225,241750911322900,2186700,2813504200,2815623800
25,1241,241750946572600,2421900,2848753900,2850873500
25,1257,241750982926500,2176900,2885107800,2887227400
25,1273,241751020133200,2187200,2922314500,2924434100
25,1289,241751054725800,2177500,2956907100,2959026700
25,1305,241751090756600,2179800,2992937900,2995057500
25,1321,241751131397600,2725000,3033578900,3035698500
25,1337,241751179599400,3185900,3081780700,3083900300
25,1353,241751232779000,3017100,3134960300,3137079900
25,1369,241751280185900,2813900,3182367200,3184486800
25,1385,241751325637200,2598700,3227818500,3229938100
25,1401,241751368911600,3087800,3271092900,3273212500
25,1417,241751416569700,2955900,3318751000,3320870600
25,1433,241751463766000,2914100,3365947300,3368066900
25,1449,241751507995700,2904400,3410177000,3412296600
25,1465,241751559568400,3070400,3461749700,3463869300
25,1481,241751606745300,2987600,3508926600,3511046200
25,1497,241751651602200,2736700,3553783500,3555903100
25,1513,241751695276700,2724000,3597458000,3599577600
25,1529,241751739940600,2944100,3642121900,3644241500
25,1545,241751786334800,2739000,3688516100,3690635700
25,1561,241751833377400,2823800,3735558700,3737678300
25,1577,241751879823500,2914500,3782004800,3784124400
25,1593,241751940398100,2934200,3842579400,3844699000
25,1609,241751987270400,2946900,3889451700,3891571300
25,1625,241752036492800,3056300,3938674100,3940793700
25,1641,241752084515900,2961000,3986697200,3988816800
25,1657,241752130148200,2595600,4032329500,4034449100
25,1673,241752175163000,2941200,4077344300,4079463900
25,1689,241752223018800,2687800,4125200100,4127319700
25,1705,241752273159000,2938200,4175340300,4177459900
25,1721,241752319897500,2917000,4222078800,4224198400
25,1737,241752369092200,2923100,4271273500,4273393100
25,1753,241752415195400,3037100,4317376700,4319496300
25,1769,241752463202500,3004900,4365383800,4367503400
25,1785,241752509278400,2777800,4411459700,4413579300
25,1801,241752558534900,2745300,4460716200,4462835800
25,1817,241752602175900,7290900,4504357200,4506476800
25,1833,241752649927100,2915200,4552108400,4554228000
25,1849,241752693759300,3004500,4595940600,4598060200
25,1865,241752741572100,3128100,4643753400,4645873000
25,1881,241752789549900,2720800,4691731200,4693850800
25,1897,241752835174500,3120100,4737355800,4739475400
25,1913,241752885665000,3533600,4787846300,4789965900
25,1929,241752939927800,3194900,4842109100,4844228700
25,1945,241752997283200,3276700,4899464500,4901584100
25,1961,241753049414300,3142000,4951595600,4953715200
25,1977,241753095165900,2612800,4997347200,4999466800
25,1993,241753139015200,2630800,5041196500,5043316100
25,2009,241753183637200,2469400,5085818500,5087938100
25,2025,241753228003700,2857700,5130185000,5132304600
25,2041,241753274807400,2788500,5176988700,5179108300
26,10,241748180414500,2393100,82595800,84715400
26,26,241748218936100,2207100,121117400,123237000
26,42,241748255365200,2249400,157546500,159666100
26,58,241748292240900,2291500,194422200,196541800
26,74,241748329566000,2415000,231747300,233866900
26,90,241748367400600,2361800,269581900,271701500
26,106,241748412641500,2199600,314822800,316942400
26,122,241748448097400,2234400,350278700,352398300
26,138,241748483115800,2308700,385297100,387416700
26,154,241748519497300,2339400,421678600,423798200
26,170,241748556463300,2161500,458644600,460764200
26,186,241748591193700,2662500,493375000,495494600
26,202,241748627606100,2163000,529787400,531907000
26,218,241748661979500,2225200,564160800,566280400
26,234,241748696672200,2172100,598853500,600973100
26,250,241748737152600,2421100,639333900,641453500
26,266,241748772692600,2132300,674873900,676993500
26,282,241748806870500,2143300,709051800,711171400
26,298,241748841464500,2120500,743645800,745765400
26,314,241748875795400,2075500,777976700,780096300
26,330,241748909130700,2126700,811312000,813431600
26,346,241748943308000,2068000,845489300,847608900
26,362,241748977327300,2305200,879508600,881628200
26,378,241749018727800,2239400,920909100,923028700
26,394,241749054441300,2193300,956622600,958742200
26,410,241749089368100,2274200,991549400,993669000
26,426,241749124170700,2143700,1026352000,1028471600
26,442,241749158557300,2141500,1060738600,1062858200
26,458,241749194272500,2294800,1096453800,1098573400
26,474,241749228779900,2126100,1130961200,1133080800
26,490,241749262736000,2139700,1164917300,1167036900
26,506,241749303692300,2093400,1205873600,1207993200
26,522,241749337560100,2117100,1239741400,1241861000
26,538,241749371568900,2101600,1273750200,1275869800
26,554,241749405437800,2139300,1307619100,1309738700
26,570,241749440983600,2245700,1343164900,1345284500
26,586,241749476479000,2232100,1378660300,1380779900
26,602,241749511369800,2123600,1413551100,1415670700
26,618,241749545936700,2060600,1448118000,1450237600
26,634,241749588466300,2574300,1490647600,1492767200
26,650,241749623426100,2152800,1525607400,1527727000
26,666,241749657158900,2136000,1559340200,1561459800
26,682,241749690865800,2116000,1593047100,1595166700
26,698,241749724585100,2127700,1626766400,1628886000
26,714,241749758729500,2134200,1660910800,1663030400
26,730,241749792856000,2127900,1695037300,1697156900
26,746,241749835306400,2149400,1737487700,1739607300
26,762,241749870134900,2130400,1772316200,1774435800
26,778,241749904629500,2364500,1806810800,1808930400
26,794,241749940442700,2177700,1842624000,1844743600
26,810,241749975865000,2197300,1878046300,1880165900
26,826,241750010178000,2094700,1912359300,1914478900
26,842,241750043843100,2143900,1946024400,1948144000
26,858,241750096711700,2374100,1998893000,2001012600
26,874,241750139596600,2169100,2041777900,2043897500
26,890,241750173936700,2345600,2076118000,2078237600
26,906,241750209532400,2131600,2111713700,2113833300
26,922,241750244746100,2207400,2146927400,2149047000
26,938,241750280935200,2104000,2183116500,2185236100
26,954,241750315961900,2196400,2218143200,2220262800
26,970,241750349779200,2081400,2251960500,2254080100
26,986,241750392166600,2085100,2294347900,2296467500
26,1002,241750426120000,2117400,2328301300,2330420900
26,1018,241750459889200,2144500,2362070500,2364190100
26,1034,241750493700800,2099900,2395882100,2398001700
26,1050,241750527424800,2107600,2429606100,2431725700
26,1066,241750562359000,2069400,2464540300,2466659900
26,1082,241750596606500,2100700,2498787800,2500907400
26,1098,241750630540500,2120200,2532721800,2534841400
26,1114,241750670273700,2169800,2572455000,2574574600
26,1130,241750704456700,2100500,2606638000,2608757600
26,1146,241750738795000,2204400,2640976300,2643095900
26,1162,241750772862100,2099500,2675043400,2677163000
26,1178,241750806429500,2083600,2708610800,2710730400
26,1194,241750840275100,2132500,2742456400,2744576000
26,1210,241750876579300,2128900,2778760600,2780880200
26,1226,241750917379000,2132700,2819560300,2821679900
26,1242,241750953078100,2169200,2855259400,2857379000
26,1258,241750989083800,2226900,2891265100,2893384700
26,1274,241751026172300,2111300,2928353600,2930473200
26,1290,241751060651500,2138100,2962832800,2964952400
26,1306,241751096319200,2200800,2998500500,3000620100
26,1322,241751138873900,3033100,3041055200,3043174800
26,1338,241751187355700,7758300,3089537000,3091656600
26,1354,241751240374800,3004700,3142556100,3144675700
26,1370,241751287337000,2773400,3189518300,3191637900
26,1386,241751332170100,2588500,3234351400,3236471000
26,1402,241751376872500,2978300,3279053800,3281173400
26,1418,241751424082400,2944800,3326263700,3328383300
26,1434,241751471227200,2667900,3373408500,3375528100
26,1450,241751515443500,2952800,3417624800,3419744400
26,1466,241751567159200,2997600,3469340500,3471460100
26,1482,241751614391300,2949000,3516572600,3518692200
26,1498,241751658626800,2724700,3560808100,3562927700
26,1514,241751702290300,2822700,3604471600,3606591200
26,1530,241751747454000,2942200,3649635300,3651754900
26,1546,241751793286400,2754000,3695467700,3697587300
26,1562,241751840569400,2884300,3742750700,3744870300
26,1578,241751900091900,3133900,3802273200,3804392800
26,1594,241751947824700,2919400,3850006000,3852125600
26,1610,241751994685300,2896300,3896866600,3898986200
26,1626,241752042986300,3011200,3945167600,3947287200
26,1642,241752090767300,2930300,3992948600,3995068200
26,1658,241752135614000,2672000,4037795300,4039914900
26,1674,241752181423700,2922400,4083605000,4085724600
26,1690,241752228753800,2704800,4130935100,4133054700
26,1706,241752279362100,2922100,4181543400,4183663000
26,1722,241752326101200,2908900,4228282500,4230402100
26,1738,241752375371200,2715700,4277552500,4279672100
26,1754,241752421454800,2876900,4323636100,4325755700
26,1770,241752469643900,2980600,4371825200,4373944800
26,1786,241752515225700,2980800,4417407000,4419526600
26,1802,241752564349400,2703700,4466530700,4468650300
26,1818,241752612540500,2603100,4514721800,4516841400
26,1834,241752655909400,2750100,4558090700,4560210300
26,1850,241752700300100,2989400,4602481400,4604601000
26,1866,241752748097000,2960800,4650278300,4652397900
26,1882,241752795308700,2604000,4697490000,4699609600
26,1898,241752841799600,3020300,4743980900,4746100500
26,1914,241752893136300,3381500,4795317600,4797437200
26,1930,241752946659200,3152300,4848840500,4850960100
26,1946,241753004180200,3238100,4906361500,4908481100
26,1962,241753056006500,3161400,4958187800,4960307400
26,1978,241753100670100,2748700,5002851400,5004971000
26,1994,241753144557600,2589000,5046738900,5048858500
26,2010,241753189074700,2720300,5091256000,5093375600
26,2026,241753234108800,2787500,5136290100,5138409700
26,2042,241753280773500,2832600,5182954800,5185074400
27,11,241748182874700,2724200,85056000,87175600
27,27,241748221181200,2195700,123362500,125482100
27,43,241748257716400,2225200,159897700,162017300
27,59,241748294665000,2256400,196846300,198965900
27,75,241748332045300,2477100,234226600,236346200
27,91,241748369942700,2344400,272124000,274243600
27,107,241748414935800,2146000,317117100,319236700
27,123,241748450368800,2433700,352550100,354669700
27,139,241748485471700,2444000,387653000,389772600
27,155,241748521800700,2580600,423982000,426101600
27,171,241748558658700,2192200,460840000,462959600
27,187,241748593812200,2411500,495993500,498113100
27,203,241748629856300,2123500,532037600,534157200
27,219,241748664374100,2121200,566555400,568675000
27,235,241748699045200,8470000,601226500,603346100
27,251,241748739809700,2254800,641991000,644110600
27,267,241748775063200,2130500,677244500,679364100
27,283,241748809291500,2120000,711472800,713592400
27,299,241748843868500,2108000,746049800,748169400
27,315,241748878169400,2109300,780350700,782470300
27,331,241748911560600,2033400,813741900,815861500
27,347,241748945487500,2084000,847668800,849788400
27,363,241748979844600,2216100,882025900,884145500
27,379,241749021612000,2194000,923793300,925912900
27,395,241749057216600,2066300,959397900,961517500
27,411,241749092180300,2193900,994361600,996481200
27,427,241749126733400,2126100,1028914700,1031034300
27,443,241749161178100,2196400,1063359400,1065479000
27,459,241749196814400,2199100,1098995700,1101115300
27,475,241749231133400,2101800,1133314700,1135434300
27,491,241749265077300,2120300,1167258600,1169378200
27,507,241749305979200,2080500,1208160500,1210280100
27,523,241749339885400,2119000,1242066700,1244186300
27,539,241749373867700,2107200,1276049000,1278168600
27,555,241749407774700,2548600,1309956000,1312075600
27,571,241749443583500,2245200,1345764800,1347884400
27,587,241749479061100,2167200,1381242400,1383362000
27,603,241749513835100,2160400,1416016400,1418136000
27,619,241749548302900,8884000,1450484200,1452603800
27,635,241749591537400,2247000,1493718700,1495838300
27,651,241749626035800,2104800,1528217100,1530336700
27,667,241749659745700,2054100,1561927000,1564046600
27,683,241749693443100,2117100,1595624400,1597744000
27,699,241749727166400,2077800,1629347700,1631467300
27,715,241749761311600,2116800,1663492900,1665612500
27,731,241749795441900,2092800,1697623200,1699742800
27,747,241749837404900,2393700,1739586200,1741705800
27,763,241749872212800,2194200,1774394100,1776513700
27,779,241749907081600,2351800,1809262900,1811382500
27,795,241749942682300,2151600,1844863600,1846983200
27,811,241749978097900,2159000,1880279200,1882398800
27,827,241750012305400,2119700,1914486700,1916606300
27,843,241750046020000,2102200,1948201300,1950320900
27,859,241750098333000,2289000,2000514300,2002633900
27,875,241750141334900,2133000,2043516200,2045635800
27,891,241750175949300,2253400,2078130600,2080250200
27,907,241750211467200,2146900,2113648500,2115768100
27,923,241750246701600,2113900,2148882900,2151002500
27,939,241750283308200,2334800,2185489500,2187609100
27,955,241750318271300,2124400,2220452600,2222572200
27,971,241750351976400,2110400,2254157700,2256277300
27,987,241750394286300,2180000,2296467600,2298587200
27,1003,241750428271100,2114700,2330452400,2332572000
27,1019,241750462119200,2043300,2364300500,2366420100
27,1035,241750495893000,2106000,2398074300,2400193900
27,1051,241750529647100,2099600,2431828400,2433948000
27,1067,241750564488400,2089700,2466669700,2468789300
27,1083,241750598741000,2124100,2500922300,2503041900
27,1099,241750632693800,6980400,2534875100,2536994700
27,1115,241750672415800,2211300,2574597100,2576716700
27,1131,241750706531300,2100100,2608712600,2610832200
27,1147,241750741033500,2174600,2643214800,2645334400
27,1163,241750774993400,2087000,2677174700,2679294300
27,1179,241750808545800,2087200,2710727100,2712846700
27,1195,241750842441700,2121500,2744623000,2746742600
27,1211,241750878586500,2138400,2780767800,2782887400
27,1227,241750919229800,2236500,2821411100,2823530700
27,1243,241750954906100,2254100,2857087400,2859207000
27,1259,241750990978600,2220500,2893159900,2895279500
27,1275,241751027957900,2114900,2930139200,2932258800
27,1291,241751062413200,2130100,2964594500,2966714100
27,1307,241751097988500,2195100,3000169800,3002289400
27,1323,241751141180500,3032400,3043361800,3045481400
27,1339,241751194381000,3037800,3096562300,3098681900
27,1355,241751242662500,2984300,3144843800,3146963400
27,1371,241751289458500,2728100,3191639800,3193759400
27,1387,241751334159100,2736900,3236340400,3238460000
27,1403,241751379215500,2818300,3281396800,3283516400
27,1419,241751426324000,2981200,3328505300,3330624900
27,1435,241751473309300,2687900,3375490600,3377610200
27,1451,241751517736100,2951100,3419917400,3422037000
27,1467,241751569473800,3018000,3471655100,3473774700
27,1483,241751616550200,2989000,3518731500,3520851100
27,1499,241751660660500,2712400,3562841800,3564961400
27,1515,241751704323800,2823300,3606505100,3608624700
27,1531,241751749645200,2992000,3651826500,3653946100
27,1547,241751795300100,2739100,3697481400,3699601000
27,1563,241751842666100,2940800,3744847400,3746967000
27,1579,241751902429600,2987600,3804610900,3806730500
27,1595,241751949975700,2914000,3852157000,3854276600
27,1611,241751996802300,2939200,3898983600,3901103200
27,1627,241752044773300,2997000,3946954600,3949074200
27,1643,241752092541600,2927900,3994722900,3996842500
27,1659,241752137243300,2740400,4039424600,4041544200
27,1675,241752183285200,2916900,4085466500,4087586100
27,1691,241752230497000,2676900,4132678300,4134797900
27,1707,241752281221100,2903500,4183402400,4185522000
27,1723,241752327941300,2915300,4230122600,4232242200
27,1739,241752377111000,2718500,4279292300,4281411900
27,1755,241752423243800,2984200,4325425100,4327544700
27,1771,241752471530300,2999000,4373711600,4375831200
27,1787,241752517121500,2965600,4419302800,4421422400
27,1803,241752566061900,2741200,4468243200,4470362800
27,1819,241752614214300,2663000,4516395600,4518515200
27,1835,241752657666500,2745900,4559847800,4561967400
27,1851,241752702263100,2972000,4604444400,4606564000
27,1867,241752749994700,2976500,4652176000,4654295600
27,1883,241752797020000,2614800,4699201300,4701320900
27,1899,241752843675300,3019400,4745856600,4747976200
27,1915,241752895299100,3394100,4797480400,4799600000
27,1931,241752948580300,3152100,4850761600,4852881200
27,1947,241753006209800,3286100,4908391100,4910510700
27,1963,241753058013700,3224200,4960195000,4962314600
27,1979,241753102378600,2831000,5004559900,5006679500
27,1995,241753146135300,2645200,5048316600,5050436200
27,2011,241753190687800,2766700,5092869100,5094988700
27,2027,241753235824300,2743100,5138005600,5140125200
27,2043,241753282360500,2856800,5184541800,5186661400
28,12,241748185499800,2474200,87681100,89800700
28,28,241748223283800,2194900,125465100,127584700
28,44,241748259909900,2261300,162091200,164210800
28,60,241748296860300,2244900,199041600,201161200
28,76,241748334386100,2471500,236567400,238687000
28,92,241748372112200,2303500,274293500,276413100
28,108,241748416848100,2153400,319029400,321149000
28,124,241748452200500,2423100,354381800,356501400
28,140,241748487595900,2395800,389777200,391896800
28,156,241748524046100,2668500,426227400,428347000
28,172,241748560644300,2151600,462825600,464945200
28,188,241748596599600,2337000,498780900,500900500
28,204,241748632499900,2120400,534681200,536800800
28,220,241748667065200,2180300,569246500,571366100
28,236,241748708193800,2089900,610375100,612494700
28,252,241748742617300,2165800,644798600,646918200
28,268,241748777799200,2154700,679980500,682100100
28,284,241748812138200,2131700,714319500,716439100
28,300,241748846697500,2124000,748878800,750998400
28,316,241748880930300,2075700,783111600,785231200
28,332,241748914521000,2213700,816702300,818821900
28,348,241748948484000,2113700,850665300,852784900
28,364,241748983018600,2215300,885199900,887319500
28,380,241749024829500,2229100,927010800,929130400
28,396,241749060211200,2102300,962392500,964512100
28,412,241749095294900,2175400,997476200,999595800
28,428,241749129803000,2120100,1031984300,1034103900
28,444,241749164270300,2223600,1066451600,1068571200
28,460,241749200257600,2172600,1102438900,1104558500
28,476,241749234411200,2113400,1136592500,1138712100
28,492,241749268381700,2127300,1170563000,1172682600
28,508,241749309187300,2147400,1211368600,1213488200
28,524,241749343158000,2125200,1245339300,1247458900
28,540,241749377133000,2125500,1279314300,1281433900
28,556,241749411491300,2286400,1313672600,1315792200
28,572,241749447000900,2406700,1349182200,1351301800
28,588,241749482230400,2170600,1384411700,1386531300
28,604,241749517038500,2191800,1419219800,1421339400
28,620,241749558367900,2221100,1460549200,1462668800
28,636,241749594798900,2216400,1496980200,1499099800
28,652,241749629114700,2110100,1531296000,1533415600
28,668,241749662749100,2142100,1564930400,1567050000
28,684,241749696546400,2127200,1598727700,1600847300
28,700,241749730269500,2092500,1632450800,1634570400
28,716,241749764420100,2104600,1666601400,1668721000
28,732,241749798509300,2158300,1700690600,1702810200
28,748,241749840817200,2221900,1742998500,1745118100
28,764,241749875199300,2105100,1777380600,1779500200
28,780,241749910548000,2294900,1812729300,1814848900
28,796,241749945858800,2103700,1848040100,1850159700
28,812,241749981239900,2181000,1883421200,1885540800
28,828,241750015393700,2064800,1917575000,1919694600
28,844,241750049100800,2133600,1951282100,1953401700
28,860,241750100774600,9957300,2002955900,2005075500
28,876,241750143294500,2225800,2045475800,2047595400
28,892,241750178237400,2420500,2080418700,2082538300
28,908,241750213648700,2261600,2115830000,2117949600
28,924,241750248788200,2295800,2150969500,2153089100
28,940,241750285083200,2231300,2187264500,2189384100
28,956,241750320189600,2111700,2222370900,2224490500
28,972,241750353851500,2122100,2256032800,2258152400
28,988,241750396326300,2110800,2298507600,2300627200
28,1004,241750430248600,2079300,2332429900,2334549500
28,1020,241750464001600,2105800,2366182900,2368302500
28,1036,241750497825600,2124800,2400006900,2402126500
28,1052,241750531319700,2094400,2433501000,2435620600
28,1068,241750566100300,2108400,2468281600,2470401200
28,1084,241750600384400,2201300,2502565700,2504685300
28,1100,241750639208200,2133500,2541389500,2543509100
28,1116,241750674203400,2163900,2576384700,2578504300
28,1132,241750708203200,2124600,2610384500,2612504100
28,1148,241750742718100,2120400,2644899400,2647019000
28,1164,241750776625300,2085200,2678806600,2680926200
28,1180,241750810179100,2092700,2712360400,2714480000
28,1196,241750844092800,2206200,2746274100,2748393700
28,1212,241750880273900,2116100,2782455200,2784574800
28,1228,241750921402600,2247900,2823583900,2825703500
28,1244,241750957075200,2233800,2859256500,2861376100
28,1260,241750993110500,2235600,2895291800,2897411400
28,1276,241751029994000,2118400,2932175300,2934294900
28,1292,241751064604800,2088300,2966786100,2968905700
28,1308,241751100333800,2097500,3002515100,3004634700
28,1324,241751144421200,3005300,3046602500,3048722100
28,1340,241751197638700,3024900,3099820000,3101939600
28,1356,241751245817500,2786600,3147998800,3150118400
28,1372,241751292410700,2833200,3194592000,3196711600
28,1388,241751337040900,2587500,3239222200,3241341800
28,1404,241751382203800,3044100,3284385100,3286504700
28,1420,241751429476400,2940400,3331657700,3333777300
28,1436,241751476155000,2727900,3378336300,3380455900
28,1452,241751520864100,2927000,3423045400,3425165000
28,1468,241751572667800,3003200,3474849100,3476968700
28,1484,241751619614800,2784700,3521796100,3523915700
28,1500,241751663443300,2692500,3565624600,3567744200
28,1516,241751707221000,2705400,3609402300,3611521900
28,1532,241751752720600,2887200,3654901900,3657021500
28,1548,241751798123800,2745300,3700305100,3702424700
28,1564,241751845688200,2947400,3747869500,3749989100
28,1580,241751905502400,3177100,3807683700,3809803300
28,1596,241751953018100,2968600,3855199400,3857319000
28,1612,241751999869000,3115300,3902050300,3904169900
28,1628,241752047064000,3096100,3949245300,3951364900
28,1644,241752094737800,2889600,3996919100,3999038700
28,1660,241752139274000,2688700,4041455300,4043574900
28,1676,241752185435600,2904100,4087616900,4089736500
28,1692,241752232469500,2651900,4134650800,4136770400
28,1708,241752283353600,2905100,4185534900,4187654500
28,1724,241752330092000,3350000,4232273300,4234392900
28,1740,241752379114700,2692900,4281296000,4283415600
28,1756,241752425423500,3133600,4327604800,4329724400
28,1772,241752473732300,3006900,4375913600,4378033200
28,1788,241752519296000,2853200,4421477300,4423596900
28,1804,241752568007600,2781300,4470188900,4472308500
28,1820,241752616066400,2674200,4518247700,4520367300
28,1836,241752659631200,2692400,4561812500,4563932100
28,1852,241752704248100,2980200,4606429400,4608549000
28,1868,241752752005600,2911100,4654186900,4656306500
28,1884,241752798747300,2628400,4700928600,4703048200
28,1900,241752845678600,3009800,4747859900,4749979500
28,1916,241752897575900,3464700,4799757200,4801876800
28,1932,241752950656100,3170200,4852837400,4854957000
28,1948,241753008427800,3290200,4910609100,4912728700
28,1964,241753060193000,3148500,4962374300,4964493900
28,1980,241753104275600,2753000,5006456900,5008576500
28,1996,241753147882000,2858100,5050063300,5052182900
28,2012,241753192554900,2736400,5094736200,5096855800
28,2028,241753237644400,2779300,5139825700,5141945300
28,2044,241753284049500,2923800,5186230800,5188350400
29,13,241748188050800,2440000,90232100,92351700
29,29,241748225703700,2187300,127885000,130004600
29,45,241748262267200,2350400,164448500,166568100
29,61,241748299238900,2284600,201420200,203539800
29,77,241748337078900,2373300,239260200,241379800
29,93,241748374681900,2260600,276863200,278982800
29,109,241748419172200,2109000,321353500,323473100
29,125,241748454827300,2161600,357008600,359128200
29,141,241748490148700,2315600,392330000,394449600
29,157,241748526614600,2417400,428795900,430915500
29,173,241748562656300,2130000,464837600,466957200
29,189,241748599061700,2318800,501243000,503362600
29,205,241748634480800,2184700,536662100,538781700
29,221,241748669051600,2202300,571232900,573352500
29,237,241748710203100,2119400,612384400,614504000
29,253,241748744697800,2169600,646879100,648998700
29,269,241748779701000,2101800,681882300,684001900
29,285,241748813920300,2147000,716101600,718221200
29,301,241748848481500,2461900,750662800,752782400
29,317,241748882867600,2065100,785048900,787168500
29,333,241748916499800,2156200,818681100,820800700
29,349,241748950366600,2082200,852547900,854667500
29,365,241748984929600,8327800,887110900,889230500
29,381,241749026822600,2161000,929003900,931123500
29,397,241749062052300,2124700,964233600,966353200
29,413,241749097374600,2206100,999555900,1001675500
29,429,241749131802200,2207300,1033983500,1036103100
29,445,241749166389300,2122200,1068570600,1070690200
29,461,241749202046700,2176500,1104228000,1106347600
29,477,241749236161400,2150400,1138342700,1140462300
29,493,241749270145900,8773400,1172327200,1174446800
29,509,241749310967400,2123800,1213148700,1215268300
29,525,241749344918700,2081900,1247100000,1249219600
29,541,241749378888700,2102500,1281070000,1283189600
29,557,241749413256400,2174100,1315437700,1317557300
29,573,241749448928600,2268000,1351109900,1353229500
29,589,241749483944800,2170200,1386126100,1388245700
29,605,241749518734100,2132300,1420915400,1423035000
29,621,241749559976400,2205100,1462157700,1464277300
29,637,241749596376300,2207400,1498557600,1500677200
29,653,241749630620800,2143300,1532802100,1534921700
29,669,241749664416100,2128900,1566597400,1568717000
29,685,241749698215400,2083000,1600396700,1602516300
29,701,241749731913300,2088200,1634094600,1636214200
29,717,241749766152900,2106300,1668334200,1670453800
29,733,241749800275300,2097300,1702456600,1704576200
29,749,241749842841600,2197600,1745022900,1747142500
29,765,241749877045200,2151000,1779226500,1781346100
29,781,241749912312300,2299600,1814493600,1816613200
29,797,241749947483200,2147600,1849664500,1851784100
29,813,241749982900300,2160300,1885081600,1887201200
29,829,241750017042700,2100600,1919224000,1921343600
29,845,241750050793700,2106100,1952975000,1955094600
29,861,241750109819400,2465100,2012000700,2014120300
29,877,241750144838900,2207200,2047020200,2049139800
29,893,241750179397300,2449000,2081578600,2083698200
29,909,241750214768100,2364100,2116949400,2119069000
29,925,241750250091500,2614700,2152272800,2154392400
29,941,241750286448600,2245800,2188629900,2190749500
29,957,241750321375300,2134900,2223556600,2225676200
29,973,241750355044700,2122400,2257226000,2259345600
29,989,241750397556700,2119300,2299738000,2301857600
29,1005,241750431448000,2081000,2333629300,2335748900
29,1021,241750465221500,2134400,2367402800,2369522400
29,1037,241750499042700,2142500,2401224000,2403343600
29,1053,241750532767700,2121000,2434949000,2437068600
29,1069,241750567635700,2258600,2469817000,2471936600
29,1085,241750601936600,2140400,2504117900,2506237500
29,1101,241750640761900,2101200,2542943200,2545062800
29,1117,241750675487000,2192700,2577668300,2579787900
29,1133,241750709486300,2108200,2611667600,2613787200
29,1149,241750744014800,2127100,2646196100,2648315700
29,1165,241750777880400,2052900,2680061700,2682181300
29,1181,241750811470900,2112100,2713652200,2715771800
29,1197,241750845436400,2753900,2747617700,2749737300
29,1213,241750881420200,2196500,2783601500,2785721100
29,1229,241750922270500,2228300,2824451800,2826571400
29,1245,241750957942100,2309600,2860123400,2862243000
29,1261,241750994035100,2214600,2896216400,2898336000
29,1277,241751031129500,2122200,2933310800,2935430400
29,1293,241751065651400,2066900,2967832700,2969952300
29,1309,241751101447400,2110300,3003628700,3005748300
29,1325,241751146023600,3012900,3048204900,3050324500
29,1341,241751199255300,3031000,3101436600,3103556200
29,1357,241751247168200,2973300,3149349500,3151469100
29,1373,241751293872800,2747200,3196054100,3198173700
29,1389,241751338376600,2637000,3240557900,3242677500
29,1405,241751383765800,3050800,3285947100,3288066700
29,1421,241751430985900,2978600,3333167200,3335286800
29,1437,241751477568000,2724300,3379749300,3381868900
29,1453,241751522344000,2930300,3424525300,3426644900
29,1469,241751574192300,2982400,3476373600,3478493200
29,1485,241751620986500,2788100,3523167800,3525287400
29,1501,241751664766600,2704200,3566947900,3569067500
29,1517,241751708543100,2756600,3610724400,3612844000
29,1533,241751754175000,2923100,3656356300,3658475900
29,1549,241751799457800,2933700,3701639100,3703758700
29,1565,241751847173500,2964800,3749354800,3751474400
29,1581,241751907145600,3026700,3809326900,3811446500
29,1597,241751954627600,2930500,3856808900,3858928500
29,1613,241752001545300,2791300,3903726600,3905846200
29,1629,241752048045300,3061900,3950226600,3952346200
29,1645,241752095675900,2904400,3997857200,3999976800
29,1661,241752140164200,2607400,4042345500,4044465100
29,1677,241752186778700,2919300,4088960000,4091079600
29,1693,241752233683900,2651200,4135865200,4137984800
29,1709,241752284657700,2890200,4186839000,4188958600
29,1725,241752331293000,4223200,4233474300,4235593900
29,1741,241752380315700,2615200,4282497000,4284616600
29,1757,241752426736200,3124800,4328917500,4331037100
29,1773,241752475028000,3016100,4377209300,4379328900
29,1789,241752520556900,2795200,4422738200,4424857800
29,1805,241752569244800,2798700,4471426100,4473545700
29,1821,241752617332200,2626800,4519513500,4521633100
29,1837,241752660867400,2702400,4563048700,4565168300
29,1853,241752705366700,2996200,4607548000,4609667600
29,1869,241752753094300,3183700,4655275600,4657395200
29,1885,241752799738400,2632100,4701919700,4704039300
29,1901,241752846861700,2994500,4749043000,4751162600
29,1917,241752898794600,3430800,4800975900,4803095500
29,1933,241752951809900,3151200,4853991200,4856110800
29,1949,241753009591000,3265500,4911772300,4913891900
29,1965,241753061327800,3020300,4963509100,4965628700
29,1981,241753105293700,2737700,5007475000,5009594600
29,1997,241753148848200,3280100,5051029500,5053149100
29,2013,241753193563400,2715600,5095744700,5097864300
29,2029,241753238689600,2764700,5140870900,5142990500
29,2045,241753285340300,2969600,5187521600,5189641200
30,14,241748190588700,2256600,92770000,94889600
30,30,241748227800500,2239900,129981800,132101400
30,46,241748264681300,2391700,166862600,168982200
30,62,241748301591300,2249700,203772600,205892200
30,78,241748339490200,2472100,241671500,243791100
30,94,241748376977500,2426800,279158800,281278400
30,110,241748421319600,2382000,323500900,325620500
30,126,241748457103500,2186300,359284800,361404400
30,142,241748492585900,2235500,394767200,396886800
30,158,241748529422800,2323000,431604100,433723700
30,174,241748565158700,2152800,467340000,469459600
30,190,241748600905600,2301900,503086900,505206500
30,206,241748636471500,2163200,538652800,540772400
30,222,241748670956800,2126300,573138100,575257700
30,238,241748712013900,2120400,614195200,616314800
30,254,241748746551400,2149400,648732700,650852300
30,270,241748781605500,2221500,683786800,685906400
30,286,241748815920900,2315300,718102200,720221800
30,302,241748850638100,2261700,752819400,754939000
30,318,241748884638100,2079800,786819400,788939000
30,334,241748918389400,2134700,820570700,822690300
30,350,241748952188700,2060000,854370000,856489600
30,366,241748986938100,8315200,889119400,891239000
30,382,241749028591100,2180200,930772400,932892000
30,398,241749063810100,2107900,965991400,968111000
30,414,241749099057600,2216600,1001238900,1003358500
30,430,241749133510100,2120300,1035691400,1037811000
30,446,241749168181200,2113000,1070362500,1072482100
30,462,241749204078400,2143400,1106259700,1108379300
30,478,241749238171100,2114300,1140352400,1142472000
30,494,241749278756600,2421500,1180937900,1183057500
30,510,241749312918000,2114000,1215099300,1217218900
30,526,241749346823700,2096400,1249005000,1251124600
30,542,241749380821000,2096600,1283002300,1285121900
30,558,241749415090600,2107200,1317271900,1319391500
30,574,241749450760600,2271000,1352941900,1355061500
30,590,241749485716800,2136600,1387898100,1390017700
30,606,241749520489700,2143100,1422671000,1424790600
30,622,241749561813400,2299600,1463994700,1466114300
30,638,241749598341200,2192000,1500522500,1502642100
30,654,241749632531700,2072600,1534713000,1536832600
30,670,241749666107900,2111900,1568289200,1570408800
30,686,241749699874500,2085500,1602055800,1604175400
30,702,241749733591000,2099000,1635772300,1637891900
30,718,241749767779400,2123500,1669960700,1672080300
30,734,241749801898700,2105700,1704080000,1706199600
30,750,241749843761300,2198500,1745942600,1748062200
30,766,241749877873800,2153100,1780055100,1782174700
30,782,241749913248900,2255700,1815430200,1817549800
30,798,241749948347300,2173400,1850528600,1852648200
30,814,241749983798500,2114300,1885979800,1888099400
30,830,241750017857100,2119100,1920038400,1922158000
30,846,241750051625900,2068900,1953807200,1955926800
30,862,241750109384800,2522800,2011566100,2013685700
30,878,241750144453800,2218300,2046635100,2048754700
30,894,241750179195200,2462000,2081376500,2083496100
30,910,241750214499200,2319200,2116680500,2118800100
30,926,241750249828100,2625700,2152009400,2154129000
30,942,241750286243200,2222100,2188424500,2190544100
30,958,241750321005300,2134800,2223186600,2225306200
30,974,241750354682200,2113200,2256863500,2258983100
30,990,241750397014500,2132100,2299195800,2301315400
30,1006,241750430941100,2090100,2333122400,2335242000
30,1022,241750464706100,2118900,2366887400,2369007000
30,1038,241750498537900,2127600,2400719200,2402838800
30,1054,241750532177300,2095800,2434358600,2436478200
30,1070,241750566894200,2177300,2469075500,2471195100
30,1086,241750601199600,2162200,2503380900,2505500500
30,1102,241750640021800,2118400,2542203100,2544322700
30,1118,241750675044600,2187500,2577225900,2579345500
30,1134,241750709038900,2116100,2611220200,2613339800
30,1150,241750743548900,2121000,2645730200,2647849800
30,1166,241750777426200,2068500,2679607500,2681727100
30,1182,241750811007900,2098300,2713189200,2715308800
30,1198,241750844915100,2297900,2747096400,2749216000
30,1214,241750880896900,2114100,2783078200,2785197800
30,1230,241750921561600,2248500,2823742900,2825862500
30,1246,241750957334200,2248600,2859515500,2861635100
30,1262,241750993653300,2240000,2895834600,2897954200
30,1278,241751030642600,2109700,2932823900,2934943500
30,1294,241751065124600,2099400,2967305900,2969425500
30,1310,241751101012200,2092200,3003193500,3005313100
30,1326,241751145645200,3003900,3047826500,3049946100
30,1342,241751198857400,3044400,3101038700,3103158300
30,1358,241751246779700,3107700,3148961000,3151080600
30,1374,241751293607000,2740500,3195788300,3197907900
30,1390,241751338129500,2635000,3240310800,3242430400
30,1406,241751383548600,3049500,3285729900,3287849500
30,1422,241751430774100,2964100,3332955400,3335075000
30,1438,241751477384200,2712900,3379565500,3381685100
30,1454,241751522178700,2926500,3424360000,3426479600
30,1470,241751574021900,3008800,3476203200,3478322800
30,1486,241751620520000,2790800,3522701300,3524820900
30,1502,241751664319400,2702700,3566500700,3568620300
30,1518,241751708112400,2727000,3610293700,3612413300
30,1534,241751753689100,2911200,3655870400,3657990000
30,1550,241751799012400,2740300,3701193700,3703313300
30,1566,241751846802600,2950000,3748983900,3751103500
30,1582,241751906610400,3178900,3808791700,3810911300
30,1598,241751954166700,2939000,3856348000,3858467600
30,1614,241752001039300,2959400,3903220600,3905340200
30,1630,241752047107100,3104100,3949288400,3951408000
30,1646,241752094826100,2886700,3997007400,3999127000
30,1662,241752139355700,2673600,4041537000,4043656600
30,1678,241752185520200,2904300,4087701500,4089821100
30,1694,241752232541300,2660500,4134722600,4136842200
30,1710,241752283441000,2902000,4185622300,4187741900
30,1726,241752330179000,3431600,4232360300,4234479900
30,1742,241752379199100,2681400,4281380400,4283500000
30,1758,241752425516300,3124100,4327697600,4329817200
30,1774,241752473813900,3011100,4375995200,4378114800
30,1790,241752519389000,2841600,4421570300,4423689900
30,1806,241752568157600,2783000,4470338900,4472458500
30,1822,241752616222000,2668700,4518403300,4520522900
30,1838,241752659731900,2709600,4561913200,4564032800
30,1854,241752704329100,3002400,4606510400,4608630000
30,1870,241752752087300,2911000,4654268600,4656388200
30,1886,241752798816200,2652400,4700997500,4703117100
30,1902,241752845805400,3011900,4747986700,4750106300
30,1918,241752897704600,3473300,4799885900,4802005500
30,1934,241752950805400,3154400,4852986700,4855106300
30,1950,241753008561600,3296300,4910742900,4912862500
30,1966,241753060319600,3141700,4962500900,4964620500
30,1982,241753104404500,2745300,5006585800,5008705400
30,1998,241753147972400,2855600,5050153700,5052273300
30,2014,241753192630400,2756500,5094811700,5096931300
30,2030,241753237755400,2786000,5139936700,5142056300
30,2046,241753284416500,2941300,5186597800,5188717400
31,15,241748192817000,2290600,94998300,97117900
31,31,241748229950100,2497200,132131400,134251000
31,47,241748266810900,2331200,168992200,171111800
31,63,241748303568500,2280600,205749800,207869400
31,79,241748341609400,2419500,243790700,245910300
31,95,241748379312200,2327800,281493500,283613100
31,111,241748423599100,2302300,325780400,327900000
31,127,241748459228700,2207300,361410000,363529600
31,143,241748494787200,2220600,396968500,399088100
31,159,241748531569200,2284500,433750500,435870100
31,175,241748567165000,2129100,469346300,471465900
31,191,241748603086700,2318300,505268000,507387600
31,207,241748638381600,2235900,540562900,542682500
31,223,241748672911100,2113900,575092400,577212000
31,239,241748713939400,2095400,616120700,618240300
31,255,241748748500400,2140000,650681700,652801300
31,271,241748783548400,2109600,685729700,687849300
31,287,241748817944000,2151700,720125300,722244900
31,303,241748852492900,2181600,754674200,756793800
31,319,241748886346200,2091500,788527500,790647100
31,335,241748920236800,2131600,822418100,824537700
31,351,241748953970500,2067600,856151800,858271400
31,367,241748994982600,2127800,897163900,899283500
31,383,241749030507700,2229900,932689000,934808600
31,399,241749065656500,2143800,967837800,969957400
31,415,241749101215600,2146300,1003396900,1005516500
31,431,241749135568800,2126400,1037750100,1039869700
31,447,241749170079900,2125100,1072261200,1074380800
31,463,241749206008200,2157900,1108189500,1110309100
31,479,241749240123300,2102800,1142304600,1144424200
31,495,241749281019700,2169800,1183201000,1185320600
31,511,241749314891900,2118300,1217073200,1219192800
31,527,241749348781600,2080100,1250962900,1253082500
31,543,241749382829100,2131800,1285010400,1287130000
31,559,241749417261000,2233900,1319442300,1321561900
31,575,241749453063400,2182600,1355244700,1357364300
31,591,241749487886300,2097700,1390067600,1392187200
31,607,241749522692700,2238800,1424874000,1426993600
31,623,241749564069000,2176500,1466250300,1468369900
31,639,241749600476800,2151900,1502658100,1504777700
31,655,241749634575700,2066000,1536757000,1538876600
31,671,241749668343300,2090400,1570524600,1572644200
31,687,241749702069900,2034500,1604251200,1606370800
31,703,241749735813100,2131700,1637994400,1640114000
31,719,241749770021800,2120100,1672203100,1674322700
31,735,241749804125700,2147900,1706307000,1708426600
31,751,241749846675900,2212200,1748857200,1750976800
31,767,241749881135300,2127500,1783316600,1785436200
31,783,241749916693100,2222900,1818874400,1820994000
31,799,241749951693100,2453300,1853874400,1855994000
31,815,241749986948500,2138100,1889129800,1891249400
31,831,241750020995300,2075300,1923176600,1925296200
31,847,241750054720500,2117300,1956901800,1959021400
31,863,241750114965800,2148900,2017147100,2019266700
31,879,241750149581900,2144900,2051763200,2053882800
31,895,241750184764100,2150500,2086945400,2089065000
31,911,241750219967400,2208400,2122148700,2124268300
31,927,241750255875300,2185800,2158056600,2160176200
31,943,241750291539600,2352600,2193720900,2195840500
31,959,241750326219400,2100000,2228400700,2230520300
31,975,241750359906600,2112800,2262087900,2264207500
31,991,241750402459300,2105800,2304640600,2306760200
31,1007,241750436288400,2102900,2338469700,2340589300
31,1023,241750470111900,2094900,2372293200,2374412800
31,1039,241750503918000,2078400,2406099300,2408218900
31,1055,241750537466200,2327700,2439647500,2441767100
31,1071,241750572520100,2156500,2474701400,2476821000
31,1087,241750606752900,2103400,2508934200,2511053800
31,1103,241750645519200,2172500,2547700500,2549820100
31,1119,241750680917900,2103600,2583099200,2585218800
31,1135,241750714800300,2118700,2616981600,2619101200
31,1151,241750749251800,2152500,2651433100,2653552700
31,1167,241750782996700,2088500,2685178000,2687297600
31,1183,241750816679800,2203400,2718861100,2720980700
31,1199,241750851637600,2312300,2753818900,2755938500
31,1215,241750887358900,2242300,2789540200,2791659800
31,1231,241750927875300,2179500,2830056600,2832176200
31,1247,241750963853500,2347100,2866034800,2868154400
31,1263,241750999623400,2203700,2901804700,2903924300
31,1279,241751036176700,2100000,2938358000,2940477600
31,1295,241751070918600,2298700,2973099900,2975219500
31,1311,241751107023500,2739300,3009204800,3011324400
31,1327,241751152966400,3059600,3055147700,3057267300
31,1343,241751206245500,2997800,3108426800,3110546400
31,1359,241751254185100,3032000,3156366400,3158486000
31,1375,241751300375800,2878500,3202557100,3204676700
31,1391,241751344528800,2602300,3246710100,3248829700
31,1407,241751390780100,2958300,3292961400,3295081000
31,1423,241751437975000,2960400,3340156300,3342275900
31,1439,241751484092000,2603200,3386273300,3388392900
31,1455,241751529365400,2977300,3431546700,3433666300
31,1471,241751581038200,2979300,3483219500,3485339100
31,1487,241751627570700,2711500,3529752000,3531871600
31,1503,241751671202500,2712500,3573383800,3575503400
31,1519,241751715014600,2662300,3617195900,3619315500
31,1535,241751761134100,2982300,3663315400,3665435000
31,1551,241751806128400,2686300,3708309700,3710429300
31,1567,241751854180900,2877600,3756362200,3758481800
31,1583,241751914163700,2977400,3816345000,3818464600
31,1599,241751961413200,2917400,3863594500,3865714100
31,1615,241752008351800,2748300,3910533100,3912652700
31,1631,241752055666900,3004600,3957848200,3959967800
31,1647,241752103094200,2939000,4005275500,4007395100
31,1663,241752147196500,3087800,4049377800,4051497400
31,1679,241752196824700,2678900,4099006000,4101125600
31,1695,241752240139400,2949500,4142320700,4144440300
31,1711,241752291547600,2892500,4193728900,4195848500
31,1727,241752340817900,2927400,4242999200,4245118800
31,1743,241752387004000,2911900,4289185300,4291304900
31,1759,241752434214900,2994700,4336396200,4338515800
31,1775,241752482173500,2773100,4384354800,4386474400
31,1791,241752527427300,2751800,4429608600,4431728200
31,1807,241752575962400,2679500,4478143700,4480263300
31,1823,241752623873800,2698600,4526055100,4528174700
31,1839,241752667614200,2695400,4569795500,4571915100
31,1855,241752712963100,2927200,4615144400,4617264000
31,1871,241752761210500,2948700,4663391800,4665511400
31,1887,241752806685600,2993400,4708866900,4710986500
31,1903,241752854464200,2970400,4756645500,4758765100
31,1919,241752907280000,3290100,4809461300,4811580900
31,1935,241752964754900,3408100,4866936200,4869055800
31,1951,241753017756700,3156800,4919938000,4922057600
31,1967,241753068623600,2902500,4970804900,4972924500
31,1983,241753112175500,2704800,5014356800,5016476400
31,1999,241753156747500,2728600,5058928800,5061048400
31,2015,241753200459000,2700000,5102640300,5104759900
31,2031,241753245509500,2777400,5147690800,5149810400
31,2047,241753293437800,3035900,5195619100,5197738700
32,0,241748142199400,10580400,44380700,46500300
32,16,241748195206100,2939400,97387400,99507000
32,32,241748232722800,2381100,134904100,137023700
32,48,241748269437100,2297200,171618400,173738000
32,64,241748306168800,2333700,208350100,210469700
32,80,241748344401600,2312600,246582900,248702500
32,96,241748382028300,2342400,284209600,286329200
32,112,241748426290500,2288200,328471800,330591400
32,128,241748461830800,2206000,364012100,366131700
32,144,241748497346100,2254300,399527400,401647000
32,160,241748534201700,2506300,436383000,438502600
32,176,241748569599100,2121500,471780400,473900000
32,192,241748605746600,2314400,507927900,510047500
32,208,241748640996100,2165400,543177400,545297000
32,224,241748675322300,2071800,577503600,579623200
32,240,241748716258000,2088900,618439300,620558900
32,256,241748750869700,2098300,653051000,655170600
32,272,241748785899700,2157500,688081000,690200600
32,288,241748820474400,2193500,722655700,724775300
32,304,241748854998600,2136100,757179900,759299500
32,320,241748888747000,2076600,790928300,793047900
32,336,241748922584200,2130000,824765500,826885100
32,352,241748956235200,2104200,858416500,860536100
32,368,241748997422200,2101400,899603500,901723100
32,384,241749032978200,2226800,935159500,937279100
32,400,241749068032800,2128900,970214100,972333700
32,416,241749103455800,2120500,1005637100,1007756700
32,432,241749137782900,2171500,1039964200,1042083800
32,448,241749172467400,2153000,1074648700,1076768300
32,464,241749208406100,2215600,1110587400,1112707000
32,480,241749242456800,2145200,1144638100,1146757700
32,496,241749283394000,2128100,1185575300,1187694900
32,512,241749317233000,2195500,1219414300,1221533900
32,528,241749351063600,2126100,1253244900,1255364500
32,544,241749385112600,2062700,1287293900,1289413500
32,560,241749419529600,2157400,1321710900,1323830500
32,576,241749455278800,2181200,1357460100,1359579700
32,592,241749490131500,2196800,1392312800,1394432400
32,608,241749525072800,2140400,1427254100,1429373700
32,624,241749566521300,2360200,1468702600,1470822200
32,640,241749602976100,2345100,1505157400,1507277000
32,656,241749636950900,2061500,1539132200,1541251800
32,672,241749670587300,2101700,1572768600,1574888200
32,688,241749704240900,2066900,1606422200,1608541800
32,704,241749738090200,2092500,1640271500,1642391100
32,720,241749772256000,2133100,1674437300,1676556900
32,736,241749806393800,2124000,1708575100,1710694700
32,752,241749848950900,2165800,1751132200,1753251800
32,768,241749883296700,2130200,1785478000,1787597600
32,784,241749918981800,2247000,1821163100,1823282700
32,800,241749954243200,2237700,1856424500,1858544100
32,816,241749989206800,2130600,1891388100,1893507700
32,832,241750023190200,2109600,1925371500,1927491100
32,848,241750056953900,2123600,1959135200,1961254800
32,864,241750116154700,2132800,2018336000,2020455600
32,880,241750150695300,2200000,2052876600,2054996200
32,896,241750185728100,2138600,2087909400,2090029000
32,912,241750220927100,2271400,2123108400,2125228000
32,928,241750256600400,2305400,2158781700,2160901300
32,944,241750292431200,2226600,2194612500,2196732100
32,960,241750326893100,2116100,2229074400,2231194000
32,976,241750360493400,2127700,2262674700,2264794300
32,992,241750402931500,2123600,2305112800,2307232400
32,1008,241750436758500,2138000,2338939800,2341059400
32,1024,241750470579600,2116500,2372760900,2374880500
32,1040,241750504395600,2077200,2406576900,2408696500
32,1056,241750537950100,2278100,2440131400,2442251000
32,1072,241750572916200,2164900,2475097500,2477217100
32,1088,241750607299000,2099800,2509480300,2511599900
32,1104,241750646110000,2200500,2548291300,2550410900
32,1120,241750681237500,2103800,2583418800,2585538400
32,1136,241750715121500,2101700,2617302800,2619422400
32,1152,241750749664300,2135900,2651845600,2653965200
32,1168,241750783375400,2093700,2685556700,2687676300
32,1184,241750817079900,2220800,2719261200,2721380800
32,1200,241750851826400,2290500,2754007700,2756127300
32,1216,241750887413800,2260300,2789595100,2791714700
32,1232,241750928050700,2180400,2830232000,2832351600
32,1248,241750964229500,2306000,2866410800,2868530400
32,1264,241750999945500,2203000,2902126800,2904246400
32,1280,241751036489200,2093700,2938670500,2940790100
32,1296,241751071252000,2343000,2973433300,2975552900
32,1312,241751107491100,2722100,3009672400,3011792000
32,1328,241751153490300,3037800,3055671600,3057791200
32,1344,241751206723700,2994900,3108905000,3111024600
32,1360,241751254612100,3044400,3156793400,3158913000
32,1376,241751300800000,2876900,3202981300,3205100900
32,1392,241751344876500,2597900,3247057800,3249177400
32,1408,241751391185200,2966100,3293366500,3295486100
32,1424,241751438384700,2964200,3340566000,3342685600
32,1440,241751484408600,2625800,3386589900,3388709500
32,1456,241751529832700,2919100,3432014000,3434133600
32,1472,241751581425800,3008200,3483607100,3485726700
32,1488,241751627982900,2735500,3530164200,3532283800
32,1504,241751671620500,2710300,3573801800,3575921400
32,1520,241751715423000,2929300,3617604300,3619723900
32,1536,241751761593000,2986300,3663774300,3665893900
32,1552,241751806542500,2666400,3708723800,3710843400
32,1568,241751854589300,2920400,3756770600,3758890200
32,1584,241751915000200,2936800,3817181500,3819301100
32,1600,241751962225600,2908200,3864406900,3866526500
32,1616,241752009051600,2699800,3911232900,3913352500
32,1632,241752056468400,3032700,3958649700,3960769300
32,1648,241752103823400,2951200,4006004700,4008124300
32,1664,241752148032100,2995200,4050213400,4052333000
32,1680,241752197627000,2657300,4099808300,4101927900
32,1696,241752240995600,2971600,4143176900,4145296500
32,1712,241752292391400,2915700,4194572700,4196692300
32,1728,241752341686000,2919600,4243867300,4245986900
32,1744,241752387849500,2901500,4290030800,4292150400
32,1760,241752434896800,2996700,4337078100,4339197700
32,1776,241752482779600,2794700,4384960900,4387080500
32,1792,241752527998800,2761600,4430180100,4432299700
32,1808,241752576515200,2690100,4478696500,4480816100
32,1824,241752624422400,2699800,4526603700,4528723300
32,1840,241752668161400,2726100,4570342700,4572462300
32,1856,241752713550000,2953400,4615731300,4617850900
32,1872,241752761826000,2946100,4664007300,4666126900
32,1888,241752807304300,2998700,4709485600,4711605200
32,1904,241752855132700,2973400,4757314000,4759433600
32,1920,241752908184700,3315600,4810366000,4812485600
32,1936,241752965695800,3472600,4867877100,4869996700
32,1952,241753018604800,3242300,4920786100,4922905700
32,1968,241753069523700,2798100,4971705000,4973824600
32,1984,241753112993500,2720800,5015174800,5017294400
32,2000,241753157534200,2775600,5059715500,5061835100
32,2016,241753201250700,2866100,5103432000,5105551600
32,2032,241753246344600,2758500,5148525900,5150645500
33,1,241748152828800,3385400,55010100,57129700
33,17,241748197978400,2479100,100159700,102279300
33,33,241748234979800,2318000,137161100,139280700
33,49,241748271580300,2270400,173761600,175881200
33,65,241748308310600,2331600,210491900,212611500
33,81,241748346517300,2321900,248698600,250818200
33,97,241748384145200,2327800,286326500,288446100
33,113,241748428224400,2232100,330405700,332525300
33,129,241748463675900,2154500,365857200,367976800
33,145,241748499239100,2247900,401420400,403540000
33,161,241748536402400,2191100,438583700,440703300
33,177,241748571487000,2141800,473668300,475787900
33,193,241748608227200,2340500,510408500,512528100
33,209,241748643248900,2116200,545430200,547549800
33,225,241748677441000,2332700,579622300,581741900
33,241,241748718494000,2124900,620675300,622794900
33,257,241748753149300,2108500,655330600,657450200
33,273,241748788370400,2141400,690551700,692671300
33,289,241748822929800,2154700,725111100,727230700
33,305,241748857411800,2136700,759593100,761712700
33,321,241748891113000,2048800,793294300,795413900
33,337,241748925127100,2162000,827308400,829428000
33,353,241748958724400,2251200,860905700,863025300
33,369,241748999859400,2097500,902040700,904160300
33,385,241749035723800,2265800,937905100,940024700
33,401,241749070662600,2200600,972843900,974963500
33,417,241749105928300,2126500,1008109600,1010229200
33,433,241749140333700,2168100,1042515000,1044634600
33,449,241749174878700,2159300,1077060000,1079179600
33,465,241749210940700,2120800,1113122000,1115241600
33,481,241749244925300,2118700,1147106600,1149226200
33,497,241749285847600,2119600,1188028900,1190148500
33,513,241749319725700,2140500,1221907000,1224026600
33,529,241749353475300,2138900,1255656600,1257776200
33,545,241749387473700,2127100,1289655000,1291774600
33,561,241749422309400,2219200,1324490700,1326610300
33,577,241749458206600,2225500,1360387900,1362507500
33,593,241749492913300,2170300,1395094600,1397214200
33,609,241749527774800,2130100,1429956100,1432075700
33,625,241749569509900,2236600,1471691200,1473810800
33,641,241749605767000,2099200,1507948300,1510067900
33,657,241749639587100,2037300,1541768400,1543888000
33,673,241749673251600,2077300,1575432900,1577552500
33,689,241749706888700,2116500,1609070000,1611189600
33,705,241749740755500,2104200,1642936800,1645056400
33,721,241749774971700,2153000,1677153000,1679272600
33,737,241749809077200,2040700,1711258500,1713378100
33,753,241749851725400,2184200,1753906700,1756026300
33,769,241749885919300,2159800,1788100600,1790220200
33,785,241749921667500,2178100,1823848800,1825968400
33,801,241749956886200,2158700,1859067500,1861187100
33,817,241749991629300,2123100,1893810600,1895930200
33,833,241750025594500,2057500,1927775800,1929895400
33,849,241750059365500,2002900,1961546800,1963666400
33,865,241750118977900,2159800,2021159200,2023278800
33,881,241750153716100,2125700,2055897400,2058017000
33,897,241750188978400,2172000,2091159700,2093279300
33,913,241750224142100,2139600,2126323400,2128443000
33,929,241750259835400,2292800,2162016700,2164136300
33,945,241750295605300,2116800,2197786600,2199906200
33,961,241750330002700,2113300,2232184000,2234303600
33,977,241750363676200,2116000,2265857500,2267977100
33,993,241750406196900,2121900,2308378200,2310497800
33,1009,241750440042300,2106200,2342223600,2344343200
33,1025,241750473792300,2107000,2375973600,2378093200
33,1041,241750507589900,2062200,2409771200,2411890800
33,1057,241750541493500,2287900,2443674800,2445794400
33,1073,241750576193800,2150300,2478375100,2480494700
33,1089,241750610359900,2116300,2512541200,2514660800
33,1105,241750649295000,2107400,2551476300,2553595900
33,1121,241750684203500,2129800,2586384800,2588504400
33,1137,241750718052700,2117800,2620234000,2622353600
33,1153,241750752632300,2118200,2654813600,2656933200
33,1169,241750786303500,2088200,2688484800,2690604400
33,1185,241750820237900,2136000,2722419200,2724538800
33,1201,241750855262000,2269400,2757443300,2759562900
33,1217,241750890802700,2286600,2792984000,2795103600
33,1233,241750931176900,2185100,2833358200,2835477800
33,1249,241750967379800,2274000,2869561100,2871680700
33,1265,241751002961500,2205900,2905142800,2907262400
33,1281,241751039454000,2302800,2941635300,2943754900
33,1297,241751074945400,2331000,2977126700,2979246300
33,1313,241751111770900,2750800,3013952200,3016071800
33,1329,241751158262100,2961100,3060443400,3062563000
33,1345,241751211460600,2997800,3113641900,3115761500
33,1361,241751259503300,3134100,3161684600,3163804200
33,1377,241751305346100,2791300,3207527400,3209647000
33,1393,241751348988200,2613800,3251169500,3253289100
33,1409,241751395939100,2937700,3298120400,3300240000
33,1425,241751443124200,2944100,3345305500,3347425100
33,1441,241751488608000,2594200,3390789300,3392908900
33,1457,241751534354900,2696300,3436536200,3438655800
33,1473,241751586176700,2941400,3488358000,3490477600
33,1489,241751632275100,2781500,3534456400,3536576000
33,1505,241751675991000,2842900,3578172300,3580291900
33,1521,241751720012600,2752900,3622193900,3624313500
33,1537,241751766330000,2911400,3668511300,3670630900
33,1553,241751810816800,2956400,3712998100,3715117700
33,1569,241751859181200,2919400,3761362500,3763482100
33,1585,241751919369000,3058700,3821550300,3823669900
33,1601,241751966584500,2953700,3868765800,3870885400
33,1617,241752013165000,2979000,3915346300,3917465900
33,1633,241752062833900,3115700,3965015200,3967134800
33,1649,241752110133400,3200500,4012314700,4014434300
33,1665,241752153961500,2727600,4056142800,4058262400
33,1681,241752203329300,2716100,4105510600,4107630200
33,1697,241752247261900,7550900,4149443200,4151562800
33,1713,241752298617500,2933700,4200798800,4202918400
33,1729,241752347915400,2949700,4250096700,4252216300
33,1745,241752394011600,3074700,4296192900,4298312500
33,1761,241752441277100,3052100,4343458400,4345578000
33,1777,241752488741500,2909400,4390922800,4393042400
33,1793,241752533967700,2993200,4436149000,4438268600
33,1809,241752582296800,2774400,4484478100,4486597700
33,1825,241752630206600,2744000,4532387900,4534507500
33,1841,241752673963300,2706600,4576144600,4578264200
33,1857,241752720451000,2948800,4622632300,4624751900
33,1873,241752768722400,2937300,4670903700,4673023300
33,1889,241752814327600,2710300,4716508900,4718628500
33,1905,241752862147400,3021300,4764328700,4766448300
33,1921,241752915842400,3320600,4818023700,4820143300
33,1937,241752973393000,3362400,4875574300,4877693900
33,1953,241753026288700,3268900,4928470000,4930589600
33,1969,241753076055300,2769400,4978236600,4980356200
33,1985,241753119301000,3173900,5021482300,5023601900
33,2001,241753163940100,2703100,5066121400,5068241000
33,2017,241753207886400,2866600,5110067700,5112187300
33,2033,241753252983400,2743500,5155164700,5157284300
34,2,241748156253000,2543900,58434300,60553900
34,18,241748200556800,2347100,102738100,104857700
34,34,241748237541700,2263500,139723000,141842600
34,50,241748274134000,2291200,176315300,178434900
34,66,241748310977500,2433900,213158800,215278400
34,82,241748349161800,2335600,251343100,253462700
34,98,241748386760300,2344500,288941600,291061200
34,114,241748430750600,2172800,332931900,335051500
34,130,241748466123000,2130700,368304300,370423900
34,146,241748501814000,2338000,403995300,406114900
34,162,241748538811800,2593300,440993100,443112700
34,178,241748573771800,2143400,475953100,478072700
34,194,241748609969700,2368300,512151000,514270600
34,210,241748644857300,2101400,547038600,549158200
34,226,241748679290600,2274100,581471900,583591500
34,242,241748720123100,2145600,622304400,624424000
34,258,241748754774300,2280400,656955600,659075200
34,274,241748789881900,2149900,692063200,694182800
34,290,241748824647500,2157800,726828800,728948400
34,306,241748859128300,2120600,761309600,763429200
34,322,241748892735700,2096900,794917000,797036600
34,338,241748926756700,2129900,828938000,831057600
34,354,241748960438800,2159900,862620100,864739700
34,370,241749001452900,2395000,903634200,905753800
34,386,241749037452600,2315400,939633900,941753500
34,402,241749072355000,2131300,974536300,976655900
34,418,241749107735700,2090600,1009917000,1012036600
34,434,241749142189600,2152800,1044370900,1046490500
34,450,241749176617000,2151500,1078798300,1080917900
34,466,241749212596400,2080800,1114777700,1116897300
34,482,241749246616200,2119800,1148797500,1150917100
34,498,241749287533700,2166200,1189715000,1191834600
34,514,241749321496400,2105100,1223677700,1225797300
34,530,241749355236100,2099100,1257417400,1259537000
34,546,241749389205900,2157200,1291387200,1293506800
34,562,241749424079100,2165900,1326260400,1328380000
34,578,241749459820100,2261800,1362001400,1364121000
34,594,241749494555700,2161900,1396737000,1398856600
34,610,241749529305600,2140700,1431486900,1433606500
34,626,241749571115700,2324200,1473297000,1475416600
34,642,241749607336000,2111900,1509517300,1511636900
34,658,241749640968800,2079300,1543150100,1545269700
34,674,241749674695100,2103800,1576876400,1578996000
34,690,241749708294800,2113900,1610476100,1612595700
34,706,241749742179300,2141100,1644360600,1646480200
34,722,241749776408600,2117200,1678589900,1680709500
34,738,241749810441600,1999300,1712622900,1714742500
34,754,241749852842700,2170700,1755024000,1757143600
34,770,241749886861700,2242200,1789043000,1791162600
34,786,241749922684800,2143700,1824866100,1826985700
34,802,241749957783600,2220400,1859964900,1862084500
34,818,241749992700900,2131500,1894882200,1897001800
34,834,241750026626900,2069900,1928808200,1930927800
34,850,241750060410400,1808900,1962591700,1964711300
34,866,241750118169700,2148400,2020351000,2022470600
34,882,241750152803100,2154700,2054984400,2057104000
34,898,241750187808200,2376600,2089989500,2092109100
34,914,241750223260200,2134000,2125441500,2127561100
34,930,241750259188800,2319700,2161370100,2163489700
34,946,241750294983000,2125800,2197164300,2199283900
34,962,241750329360500,2131200,2231541800,2233661400
34,978,241750363023200,2124300,2265204500,2267324100
34,994,241750405493300,2147200,2307674600,2309794200
34,1010,241750439318300,2136000,2341499600,2343619200
34,1026,241750473099600,2113700,2375280900,2377400500
34,1042,241750506903100,2102100,2409084400,2411204000
34,1058,241750540855100,2288900,2443036400,2445156000
34,1074,241750575718200,2169100,2477899500,2480019100
34,1090,241750609820400,2129900,2512001700,2514121300
34,1106,241750648706800,2159500,2550888100,2553007700
34,1122,241750683796800,2121700,2585978100,2588097700
34,1138,241750717671800,2119100,2619853100,2621972700
34,1154,241750752263100,2087600,2654444400,2656564000
34,1170,241750785922700,2085500,2688104000,2690223600
34,1186,241750819771300,2148300,2721952600,2724072200
34,1202,241750854854100,2244500,2757035400,2759155000
34,1218,241750890423600,2268500,2792604900,2794724500
34,1234,241750930820800,2176700,2833002100,2835121700
34,1250,241750967039700,2269200,2869221000,2871340600
34,1266,241751002640900,2209700,2904822200,2906941800
34,1282,241751039032600,2200700,2941213900,2943333500
34,1298,241751074133400,2385500,2976314700,2978434300
34,1314,241751110844700,2747400,3013026000,3015145600
34,1330,241751157300800,2938400,3059482100,3061601700
34,1346,241751210478300,3010200,3112659600,3114779200
34,1362,241751258289800,3059300,3160471100,3162590700
34,1378,241751304250400,2792800,3206431700,3208551300
34,1394,241751347998100,2576000,3250179400,3252299000
34,1410,241751394761700,2947300,3296943000,3299062600
34,1426,241751441958500,2955300,3344139800,3346259400
34,1442,241751487567800,2640900,3389749100,3391868700
34,1458,241751533267300,2689800,3435448600,3437568200
34,1474,241751585057000,2944000,3487238300,3489357900
34,1490,241751631239600,2729600,3533420900,3535540500
34,1506,241751674885300,2780800,3577066600,3579186200
34,1522,241751718923500,2800900,3621104800,3623224400
34,1538,241751765157200,2934400,3667338500,3669458100
34,1554,241751809735700,2843200,3711917000,3714036600
34,1570,241751858079800,2870400,3760261100,3762380700
34,1586,241751918183700,2983100,3820365000,3822484600
34,1602,241751965384000,2942400,3867565300,3869684900
34,1618,241752012095200,2821200,3914276500,3916396100
34,1634,241752058761500,3023600,3960942800,3963062400
34,1650,241752106083000,2948700,4008264300,4010383900
34,1666,241752150359200,2589500,4052540500,4054660100
34,1682,241752199593300,2710500,4101774600,4103894200
34,1698,241752243181600,2945400,4145362900,4147482500
34,1714,241752294532600,2947600,4196713900,4198833500
34,1730,241752343838400,2935000,4246019700,4248139300
34,1746,241752390071900,2902600,4292253200,4294372800
34,1762,241752437129400,3007700,4339310700,4341430300
34,1778,241752484864900,2814500,4387046200,4389165800
34,1794,241752530096900,2821400,4432278200,4434397800
34,1810,241752578501900,2701300,4480683200,4482802800
34,1826,241752626426200,2684500,4528607500,4530727100
34,1842,241752670158100,2693300,4572339400,4574459000
34,1858,241752715718000,2887600,4617899300,4620018900
34,1874,241752763993000,2954300,4666174300,4668293900
34,1890,241752809482700,3161900,4711664000,4713783600
34,1906,241752857289000,2980000,4759470300,4761589900
34,1922,241752910813700,3237500,4812995000,4815114600
34,1938,241752968439100,3310700,4870620400,4872740000
34,1954,241753021160800,3335100,4923342100,4925461700
34,1970,241753071748700,2821200,4973930000,4976049600
34,1986,241753115060000,2770000,5017241300,5019360900
34,2002,241753159620200,2780100,5061801500,5063921100
34,2018,241753203299000,2991200,5105480300,5107599900
34,2034,241753248423000,2803500,5150604300,5152723900
35,3,241748158834500,2459100,61015800,63135400
35,19,241748202973000,2317200,105154300,107273900
35,35,241748239650700,2254300,141832000,143951600
35,51,241748276187700,2276300,178369000,180488600
35,67,241748313171900,2217700,215353200,217472800
35,83,241748351280600,2291200,253461900,255581500
35,99,241748388949900,2286100,291131200,293250800
35,115,241748432835400,2176500,335016700,337136300
35,131,241748468168900,2192500,370350200,372469800
35,147,241748504001600,2165900,406182900,408302500
35,163,241748541468100,2170300,443649400,445769000
35,179,241748576031800,2184400,478213100,480332700
35,195,241748611926400,2191900,514107700,516227300
35,211,241748646588600,2110400,548769900,550889500
35,227,241748681197300,2200600,583378600,585498200
35,243,241748721967000,2156300,624148300,626267900
35,259,241748756695700,2523400,658877000,660996600
35,275,241748791743000,2202700,693924300,696043900
35,291,241748826190400,2147400,728371700,730491300
35,307,241748860684900,2154700,762866200,764985800
35,323,241748894265900,2113700,796447200,798566800
35,339,241748928291500,2132400,830472800,832592400
35,355,241748962029100,2080600,864210400,866330000
35,371,241749002986500,2314300,905167800,907287400
35,387,241749038848100,2302600,941029400,943149000
35,403,241749073623400,2144800,975804700,977924300
35,419,241749108925400,2101900,1011106700,1013226300
35,435,241749143399500,2129900,1045580800,1047700400
35,451,241749177848200,2331500,1080029500,1082149100
35,467,241749213770000,2118700,1115951300,1118070900
35,483,241749247786300,2100300,1149967600,1152087200
35,499,241749288730800,2104200,1190912100,1193031700
35,515,241749322594400,2131900,1224775700,1226895300
35,531,241749356349400,2065800,1258530700,1260650300
35,547,241749390345400,2141800,1292526700,1294646300
35,563,241749425166600,2178500,1327347900,1329467500
35,579,241749461078100,2236200,1363259400,1365379000
35,595,241749495749500,2129900,1397930800,1400050400
35,611,241749530540400,2076400,1432721700,1434841300
35,627,241749572545000,2244200,1474726300,1476845900
35,643,241749608573100,2090100,1510754400,1512874000
35,659,241749642127500,2112700,1544308800,1546428400
35,675,241749675874700,2109500,1578056000,1580175600
35,691,241749709542900,2091200,1611724200,1613843800
35,707,241749743378200,2313500,1645559500,1647679100
35,723,241749777687800,2123600,1679869100,1681988700
35,739,241749811633300,2017000,1713814600,1715934200
35,755,241749854439300,2147200,1756620600,1758740200
35,771,241749888552900,2146200,1790734200,1792853800
35,787,241749924170900,2216700,1826352200,1828471800
35,803,241749959422300,2199900,1861603600,1863723200
35,819,241749994248400,2120000,1896429700,1898549300
35,835,241750028127100,2275900,1930308400,1932428000
35,851,241750061821900,15003900,1964003200,1966122800
35,867,241750120729800,2196700,2022911100,2025030700
35,883,241750155354800,2167400,2057536100,2059655700
35,899,241750190524000,2151200,2092705300,2094824900
35,915,241750225546400,2152500,2127727700,2129847300
35,931,241750261946500,2176600,2164127800,2166247400
35,947,241750298019500,2229700,2200200800,2202320400
35,963,241750332413300,2098600,2234594600,2236714200
35,979,241750366079500,2106500,2268260800,2270380400
35,995,241750408350600,2112800,2310531900,2312651500
35,1011,241750442181800,2139400,2344363100,2346482700
35,1027,241750475961500,2141600,2378142800,2380262400
35,1043,241750509720900,2095700,2411902200,2414021800
35,1059,241750543903100,2207500,2446084400,2448204000
35,1075,241750578524600,2115000,2480705900,2482825500
35,1091,241750612569000,2141300,2514750300,2516869900
35,1107,241750651464900,2136500,2553646200,2555765800
35,1123,241750686305300,2110200,2588486600,2590606200
35,1139,241750720203600,2119000,2622384900,2624504500
35,1155,241750754720500,2176900,2656901800,2659021400
35,1171,241750788364500,2081000,2690545800,2692665400
35,1187,241750822262500,2107500,2724443800,2726563400
35,1203,241750857404000,2243800,2759585300,2761704900
35,1219,241750893183000,2251100,2795364300,2797483900
35,1235,241750933427200,2184600,2835608500,2837728100
35,1251,241750969686000,2164700,2871867300,2873986900
35,1267,241751005228500,2146700,2907409800,2909529400
35,1283,241751041576600,2226100,2943757900,2945877500
35,1299,241751077027700,2242100,2979209000,2981328600
35,1315,241751114287600,2750000,3016468900,3018588500
35,1331,241751160969400,3012100,3063150700,3065270300
35,1347,241751214207200,3034800,3116388500,3118508100
35,1363,241751262317300,3125200,3164498600,3166618200
35,1379,241751307863700,2878200,3210045000,3212164600
35,1395,241751351340600,2580800,3253521900,3255641500
35,1411,241751398629600,3002100,3300810900,3302930500
35,1427,241751445823800,2898500,3348005100,3350124700
35,1443,241751490988800,2621800,3393170100,3395289700
35,1459,241751536832200,7617200,3439013500,3441133100
35,1475,241751588992500,3039300,3491173800,3493293400
35,1491,241751634845800,2720500,3537027100,3539146700
35,1507,241751678582700,2735000,3580764000,3582883600
35,1523,241751722546000,2754500,3624727300,3626846900
35,1539,241751768992000,2916600,3671173300,3673292900
35,1555,241751813532300,2760100,3715713600,3717833200
35,1571,241751861859700,2904700,3764041000,3766160600
35,1587,241751922151600,2939300,3824332900,3826452500
35,1603,241751969246900,3020300,3871428200,3873547800
35,1619,241752015740400,2643500,3917921700,3920041300
35,1635,241752061864700,3077400,3964046000,3966165600
35,1651,241752109153900,3160000,4011335200,4013454800
35,1667,241752153074600,2603600,4055255900,4057375500
35,1683,241752202410500,2678400,4104591800,4106711400
35,1699,241752246256700,7555100,4148438000,4150557600
35,1715,241752297610300,2914700,4199791600,4201911200
35,1731,241752346903200,2937400,4249084500,4251204100
35,1747,241752393013700,3021000,4295195000,4297314600
35,1763,241752440177000,3043500,4342358300,4344477900
35,1779,241752487728900,2780000,4389910200,4392029800
35,1795,241752532968400,2959700,4435149700,4437269300
35,1811,241752581274200,2736500,4483455500,4485575100
35,1827,241752629193900,2713100,4531375200,4533494800
35,1843,241752672932800,2723300,4575114100,4577233700
35,1859,241752718707400,2975300,4620888700,4623008300
35,1875,241752767001600,2934800,4669182900,4671302500
35,1891,241752812737100,2720300,4714918400,4717038000
35,1907,241752860323600,3013300,4762504900,4764624500
35,1923,241752913812600,3355800,4815993900,4818113500
35,1939,241752971658000,3290700,4873839300,4875958900
35,1955,241753024449800,3436200,4926631100,4928750700
35,1971,241753074533700,2803300,4976715000,4978834600
35,1987,241753117881800,2927600,5020063100,5022182700
35,2003,241753162497700,2717600,5064679000,5066798600
35,2019,241753206379700,2820700,5108561000,5110680600
35,2035,241753251385200,2823300,5153566500,5155686100
36,4,241748161333700,2458800,63515000,65634600
36,20,241748205165800,2284400,107347100,109466700
36,36,241748241873700,2252700,144055000,146174600
36,52,241748278536500,2351500,180717800,182837400
36,68,241748315460000,2338200,217641300,219760900
36,84,241748353633100,2318500,255814400,257934000
36,100,241748391203600,2372800,293384900,295504500
36,116,241748434922700,2214900,337104000,339223600
36,132,241748470271100,2155100,372452400,374572000
36,148,241748506137400,2177800,408318700,410438300
36,164,241748543523000,2143300,445704300,447823900
36,180,241748578064100,2217800,480245400,482365000
36,196,241748614804400,2174700,516985700,519105300
36,212,241748649392600,2096400,551573900,553693500
36,228,241748684246300,2203400,586427600,588547200
36,244,241748724958800,2083200,627140100,629259700
36,260,241748760102700,2230000,662284000,664403600
36,276,241748794782400,2108200,696963700,699083300
36,292,241748829196800,2175400,731378100,733497700
36,308,241748863751900,2084000,765933200,768052800
36,324,241748897256200,2097000,799437500,801557100
36,340,241748931282900,2138600,833464200,835583800
36,356,241748964979500,2107300,867160800,869280400
36,372,241749006619500,2199200,908800800,910920400
36,388,241749042512400,2253600,944693700,946813300
36,404,241749077017300,2121900,979198600,981318200
36,420,241749112362500,2098700,1014543800,1016663400
36,436,241749146855800,2221700,1049037100,1051156700
36,452,241749181652200,2221000,1083833500,1085953100
36,468,241749217219600,2140300,1119400900,1121520500
36,484,241749251222700,2105200,1153404000,1155523600
36,500,241749292166600,2100700,1194347900,1196467500
36,516,241749326088000,2079200,1228269300,1230388900
36,532,241749359747000,2113200,1261928300,1264047900
36,548,241749393832600,2116500,1296013900,1298133500
36,564,241749428825700,2348300,1331007000,1333126600
36,580,241749464801500,2127600,1366982800,1369102400
36,596,241749499314300,2094400,1401495600,1403615200
36,612,241749534056100,2139100,1436237400,1438357000
36,628,241749576187300,2195900,1478368600,1480488200
36,644,241749612053600,2102200,1514234900,1516354500
36,660,241749645781700,2110100,1547963000,1550082600
36,676,241749679507200,2108700,1581688500,1583808100
36,692,241749713155000,2298800,1615336300,1617455900
36,708,241749747230300,2108600,1649411600,1651531200
36,724,241749781355600,2109200,1683536900,1685656500
36,740,241749815681500,2628700,1717862800,1719982400
36,756,241749858406200,2100300,1760587500,1762707100
36,772,241749892674600,2126200,1794855900,1796975500
36,788,241749928393700,2219100,1830575000,1832694600
36,804,241749963663000,2290300,1865844300,1867963900
36,820,241749998500000,2128300,1900681300,1902800900
36,836,241750032442300,2079200,1934623600,1936743200
36,852,241750080949500,2976300,1983130800,1985250400
36,868,241750125284400,2176200,2027465700,2029585300
36,884,241750159494400,2097300,2061675700,2063795300
36,900,241750194775900,2119800,2096957200,2099076800
36,916,241750230145500,2142900,2132326800,2134446400
36,932,241750266131600,2476900,2168312900,2170432500
36,948,241750301765900,2129000,2203947200,2206066800
36,964,241750335950700,2060900,2238132000,2240251600
36,980,241750369654400,9992400,2271835700,2273955300
36,996,241750412058300,2117700,2314239600,2316359200
36,1012,241750445910300,2110400,2348091600,2350211200
36,1028,241750479691800,2087700,2381873100,2383992700
36,1044,241750513330000,2139200,2415511300,2417630900
36,1060,241750547723100,2189600,2449904400,2452024000
36,1076,241750582465400,2144900,2484646700,2486766300
36,1092,241750616530500,2043400,2518711800,2520831400
36,1108,241750655438500,2083800,2557619800,2559739400
36,1124,241750690718100,2104600,2592899400,2595019000
36,1140,241750724609900,2257700,2626791200,2628910800
36,1156,241750759435200,2100000,2661616500,2663736100
36,1172,241750793011400,2085400,2695192700,2697312300
36,1188,241750826888400,2086600,2729069700,2731189300
36,1204,241750862321300,2162900,2764502600,2766622200
36,1220,241750903052700,2322700,2805234000,2807353600
36,1236,241750938293200,2296800,2840474500,2842594100
36,1252,241750974309400,2164400,2876490700,2878610300
36,1268,241751010906600,2709300,2913087900,2915207500
36,1284,241751046303100,2160800,2948484400,2950604000
36,1300,241751081561400,2201300,2983742700,2985862300
36,1316,241751120106300,2856900,3022287600,3024407200
36,1332,241751167374500,2982600,3069555800,3071675400
36,1348,241751220583700,2996500,3122765000,3124884600
36,1364,241751268532300,2762600,3170713600,3172833200
36,1380,241751313950100,2787600,3216131400,3218251000
36,1396,241751356877100,2889400,3259058400,3261178000
36,1412,241751404873100,2904800,3307054400,3309174000
36,1428,241751451958000,2938500,3354139300,3356258900
36,1444,241751496450200,2909500,3398631500,3400751100
36,1460,241751547754900,2950000,3449936200,3452055800
36,1476,241751595130500,2923100,3497311800,3499431400
36,1492,241751640595700,2693200,3542777000,3544896600
36,1508,241751684254100,2730700,3586435400,3588555000
36,1524,241751728384200,2766800,3630565500,3632685100
36,1540,241751775131000,2772800,3677312300,3679431900
36,1556,241751819996200,4856700,3722177500,3724297100
36,1572,241751867963700,2896700,3770145000,3772264600
36,1588,241751928342000,2950400,3830523300,3832642900
36,1604,241751975500100,2950900,3877681400,3879801000
36,1620,241752024100100,2682200,3926281400,3928401000
36,1636,241752071338400,2931100,3973519700,3975639300
36,1652,241752118249900,2730900,4020431200,4022550800
36,1668,241752162069700,2890900,4064251000,4066370600
36,1684,241752210923100,2691800,4113104400,4115224000
36,1700,241752260113900,2922300,4162295200,4164414800
36,1716,241752306827500,2933200,4209008800,4211128400
36,1732,241752356107500,2916900,4258288800,4260408400
36,1748,241752402455200,2939900,4304636500,4306756100
36,1764,241752449758600,3004000,4351939900,4354059500
36,1780,241752496797200,2790300,4398978500,4401098100
36,1796,241752546266600,2659900,4448447900,4450567500
36,1812,241752590017600,2707800,4492198900,4494318500
36,1828,241752637838000,2732800,4540019300,4542138900
36,1844,241752681564900,2779700,4583746200,4585865800
36,1860,241752728309300,2965800,4630490600,4632610200
36,1876,241752776452500,2984700,4678633800,4680753400
36,1892,241752821632700,3051400,4723814000,4725933600
36,1908,241752870549200,3407300,4772730500,4774850100
36,1924,241752924595100,3416200,4826776400,4828896000
36,1940,241752982170100,3291000,4884351400,4886471000
36,1956,241753034818300,3191800,4936999600,4939119200
36,1972,241753083274100,2599000,4985455400,4987575000
36,1988,241753127020800,2633800,5029202100,5031321700
36,2004,241753171150900,2731000,5073332200,5075451800
36,2020,241753215340500,2763800,5117521800,5119641400
36,2036,241753260374800,4029100,5162556100,5164675700
37,5,241748163831200,4001400,66012500,68132100
37,21,241748207545400,2295200,109726700,111846300
37,37,241748244253900,2252800,146435200,148554800
37,53,241748280986400,2308100,183167700,185287300
37,69,241748317905200,2357300,220086500,222206100
37,85,241748356017900,2384700,258199200,260318800
37,101,241748393690200,2336000,295871500,297991100
37,117,241748437280500,2170500,339461800,341581400
37,133,241748472579900,2129600,374761200,376880800
37,149,241748508525100,2190600,410706400,412826000
37,165,241748545970800,2167500,448152100,450271700
37,181,241748580632600,2249700,482813900,484933500
37,197,241748617324100,2165800,519505400,521625000
37,213,241748651825600,2103200,554006900,556126500
37,229,241748686742500,2253100,588923800,591043400
37,245,241748727349600,2118300,629530900,631650500
37,261,241748762700900,2201300,664882200,667001800
37,277,241748797348600,2172200,699529900,701649500
37,293,241748831884900,2125300,734066200,736185800
37,309,241748866284900,2161100,768466200,770585800
37,325,241748899805900,2057700,801987200,804106800
37,341,241748933900400,2130400,836081700,838201300
37,357,241748967559100,2115900,869740400,871860000
37,373,241749009128500,2248500,911309800,913429400
37,389,241749044982000,2177600,947163300,949282900
37,405,241749079321300,2127400,981502600,983622200
37,421,241749114635800,2120100,1016817100,1018936700
37,437,241749149266100,2118900,1051447400,1053567000
37,453,241749184079400,2152000,1086260700,1088380300
37,469,241749219617500,2110800,1121798800,1123918400
37,485,241749253609300,2106900,1155790600,1157910200
37,501,241749294546600,2090200,1196727900,1198847500
37,517,241749328434400,2131800,1230615700,1232735300
37,533,241749362120000,2150900,1264301300,1266420900
37,549,241749396204700,2096200,1298386000,1300505600
37,565,241749431397100,2198600,1333578400,1335698000
37,581,241749467145100,2152600,1369326400,1371446000
37,597,241749501578700,2152800,1403760000,1405879600
37,613,241749536352200,2105800,1438533500,1440653100
37,629,241749578346800,2219000,1480528100,1482647700
37,645,241749614126500,2074600,1516307800,1518427400
37,661,241749647786100,2095600,1549967400,1552087000
37,677,241749681506400,2110000,1583687700,1585807300
37,693,241749715366400,2084700,1617547700,1619667300
37,709,241749749279700,2126500,1651461000,1653580600
37,725,241749783406100,2120000,1685587400,1687707000
37,741,241749818096800,9313500,1720278100,1722397700
37,757,241749860337900,2107100,1762519200,1764638800
37,773,241749894437200,2138600,1796618500,1798738100
37,789,241749930295600,2150300,1832476900,1834596500
37,805,241749965521200,2197200,1867702500,1869822100
37,821,241750000240400,2188300,1902421700,1904541300
37,837,241750034138700,2062600,1936320000,1938439600
37,853,241750084313100,2277200,1986494400,1988614000
37,869,241750127936800,2059200,2030118100,2032237700
37,885,241750162110700,2075800,2064292000,2066411600
37,901,241750197537700,2138200,2099719000,2101838600
37,917,241750232782200,2147300,2134963500,2137083100
37,933,241750268947200,2260200,2171128500,2173248100
37,949,241750304069200,2187300,2206250500,2208370100
37,965,241750338132900,2081800,2240314200,2242433800
37,981,241750379820300,2341700,2282001600,2284121200
37,997,241750414443100,2127400,2316624400,2318744000
37,1013,241750448253400,2068500,2350434700,2352554300
37,1029,241750482111100,2099400,2384292400,2386412000
37,1045,241750516053700,2123000,2418235000,2420354600
37,1061,241750550423900,2151300,2452605200,2454724800
37,1077,241750585048900,2106100,2487230200,2489349800
37,1093,241750618946900,2183900,2521128200,2523247800
37,1109,241750657772400,2407100,2559953700,2562073300
37,1125,241750692711800,2114300,2594893100,2597012700
37,1141,241750726762300,2218300,2628943600,2631063200
37,1157,241750761158200,2116400,2663339500,2665459100
37,1173,241750794727300,2085600,2696908600,2699028200
37,1189,241750828576700,2096700,2730758000,2732877600
37,1205,241750864166300,2151400,2766347600,2768467200
37,1221,241750905013700,2175000,2807195000,2809314600
37,1237,241750940297600,2142400,2842478900,2844598500
37,1253,241750976300200,2277600,2878481500,2880601100
37,1269,241751013459700,2239100,2915641000,2917760600
37,1285,241751048322100,2162500,2950503400,2952623000
37,1301,241751084031700,2258700,2986213000,2988332600
37,1317,241751123001200,2777100,3025182500,3027302100
37,1333,241751170406700,3030900,3072588000,3074707600
37,1349,241751223633700,2996900,3125815000,3127934600
37,1365,241751271212200,2806600,3173393500,3175513100
37,1381,241751316668600,3124600,3218849900,3220969500
37,1397,241751359671300,3072900,3261852600,3263972200
37,1413,241751407687400,2831400,3309868700,3311988300
37,1429,241751454815100,2881500,3356996400,3359116000
37,1445,241751499270800,2724000,3401452100,3403571700
37,1461,241751550674100,2589800,3452855400,3454975000
37,1477,241751597929300,2939000,3500110600,3502230200
37,1493,241751643183700,2729500,3545365000,3547484600
37,1509,241751686854600,2714800,3589035900,3591155500
37,1525,241751731035900,2738200,3633217200,3635336800
37,1541,241751777791700,2727500,3679973000,3682092600
37,1557,241751824754000,2665600,3726935300,3729054900
37,1573,241751870739600,2883500,3772920900,3775040500
37,1589,241751931127900,2921600,3833309200,3835428800
37,1605,241751978286300,2922500,3880467600,3882587200
37,1621,241752025757300,2640400,3927938600,3930058200
37,1637,241752073188500,2902500,3975369800,3977489400
37,1653,241752119912700,2703900,4022094000,4024213600
37,1669,241752163893700,2885200,4066075000,4068194600
37,1685,241752212548400,2666200,4114729700,4116849300
37,1701,241752261911800,2916500,4164093100,4166212700
37,1717,241752308626300,2932300,4210807600,4212927200
37,1733,241752357893800,2904800,4260075100,4262194700
37,1749,241752404316900,2746300,4306498200,4308617800
37,1765,241752451649100,2985900,4353830400,4355950000
37,1781,241752498538900,2778800,4400720200,4402839800
37,1797,241752547946300,2696700,4450127600,4452247200
37,1813,241752591699900,2720100,4493881200,4496000800
37,1829,241752639549800,2725200,4541731100,4543850700
37,1845,241752683256300,2773300,4585437600,4587557200
37,1861,241752730150300,2935200,4632331600,4634451200
37,1877,241752778288600,2951800,4680469900,4682589500
37,1893,241752823534500,3015400,4725715800,4727835400
37,1909,241752872537500,3453700,4774718800,4776838400
37,1925,241752926628200,3604900,4828809500,4830929100
37,1941,241752984171000,3285700,4886352300,4888471900
37,1957,241753036752500,3200100,4938933800,4941053400
37,1973,241753084954800,2642700,4987136100,4989255700
37,1989,241753128659100,2617700,5030840400,5032960000
37,2005,241753172850700,2742000,5075032000,5077151600
37,2021,241753217070700,2742700,5119252000,5121371600
37,2037,241753262396200,4172700,5164577500,5166697100
38,6,241748167887100,3568400,70068400,72188000
38,22,241748209940700,2319700,112122000,114241600
38,38,241748246663400,2247400,148844700,150964300
38,54,241748283461000,2341700,185642300,187761900
38,70,241748320385400,2473500,222566700,224686300
38,86,241748358577600,2250200,260758900,262878500
38,102,241748396154800,2314800,298336100,300455700
38,118,241748439517800,2203700,341699100,343818700
38,134,241748474769000,2138600,376950300,379069900
38,150,241748510749700,2182700,412931000,415050600
38,166,241748548107400,2172700,450288700,452408300
38,182,241748582853500,2167800,485034800,487154400
38,198,241748619187100,2143200,521368400,523488000
38,214,241748653655000,2078300,555836300,557955900
38,230,241748688438900,2172700,590620200,592739800
38,246,241748728872400,2093800,631053700,633173300
38,262,241748764284800,2200600,666466100,668585700
38,278,241748798807400,2130200,700988700,703108300
38,294,241748833283500,2130300,735464800,737584400
38,310,241748867746300,2180600,769927600,772047200
38,326,241748901149300,2092200,803330600,805450200
38,342,241748935233700,2142600,837415000,839534600
38,358,241748968831600,2126800,871012900,873132500
38,374,241749010470700,2268300,912652000,914771600
38,390,241749046331800,2180600,948513100,950632700
38,406,241749080645400,2105600,982826700,984946300
38,422,241749115935200,2277700,1018116500,1020236100
38,438,241749150634100,2145400,1052815400,1054935000
38,454,241749185387200,2372200,1087568500,1089688100
38,470,241749220593400,2095200,1122774700,1124894300
38,486,241749254588200,2092900,1156769500,1158889100
38,502,241749295478500,2119800,1197659800,1199779400
38,518,241749329413900,2097800,1231595200,1233714800
38,534,241749363094100,2128300,1265275400,1267395000
38,550,241749397151400,2158500,1299332700,1301452300
38,566,241749432583900,2172500,1334765200,1336884800
38,582,241749468348400,2152200,1370529700,1372649300
38,598,241749502795200,2204900,1404976500,1407096100
38,614,241749537577200,2137100,1439758500,1441878100
38,630,241749579995300,2225900,1482176600,1484296200
38,646,241749615675200,2148100,1517856500,1519976100
38,662,241749649413100,2116700,1551594400,1553714000
38,678,241749683143500,2105200,1585324800,1587444400
38,694,241749716851900,2081100,1619033200,1621152800
38,710,241749750755000,2115900,1652936300,1655055900
38,726,241749784897300,2100600,1687078600,1689198200
38,742,241749826061000,2312000,1728242300,1730361900
38,758,241749861194400,2129400,1763375700,1765495300
38,774,241749895430600,2173900,1797611900,1799731500
38,790,241749931267900,2165500,1833449200,1835568800
38,806,241749966486500,2048600,1868667800,1870787400
38,822,241750000984500,2179000,1903165800,1905285400
38,838,241750034833500,2104200,1937014800,1939134400
38,854,241750084655500,2252000,1986836800,1988956400
38,870,241750128292500,2059100,2030473800,2032593400
38,886,241750162440400,2101700,2064621700,2066741300
38,902,241750198075700,2135500,2100257000,2102376600
38,918,241750233321900,2185500,2135503200,2137622800
38,934,241750270389700,2220700,2172571000,2174690600
38,950,241750305733100,2182700,2207914400,2210034000
38,966,241750339730600,2126100,2241911900,2244031500
38,982,241750381609500,2224300,2283790800,2285910400
38,998,241750416111800,2141600,2318293100,2320412700
38,1014,241750449837900,2093300,2352019200,2354138800
38,1030,241750483637600,2108100,2385818900,2387938500
38,1046,241750517333700,2101900,2419515000,2421634600
38,1062,241750551808500,2340700,2453989800,2456109400
38,1078,241750586445600,2104800,2488626900,2490746500
38,1094,241750620407500,2154300,2522588800,2524708400
38,1110,241750659563200,2405300,2561744500,2563864100
38,1126,241750694365600,2121200,2596546900,2598666500
38,1142,241750728507000,2163800,2630688300,2632807900
38,1158,241750762794200,2125700,2664975500,2667095100
38,1174,241750796324600,2146800,2698505900,2700625500
38,1190,241750830226500,2077600,2732407800,2734527400
38,1206,241750865970400,2354400,2768151700,2770271300
38,1222,241750906775300,2207600,2808956600,2811076200
38,1238,241750941865800,2112200,2844047100,2846166700
38,1254,241750977836400,2294400,2880017700,2882137300
38,1270,241751014946500,2256000,2917127800,2919247400
38,1286,241751049751900,2184500,2951933200,2954052800
38,1302,241751085225100,2270700,2987406400,2989526000
38,1318,241751124498500,2785100,3026679800,3028799400
38,1334,241751172018900,3056600,3074200200,3076319800
38,1350,241751225224100,3029000,3127405400,3129525000
38,1366,241751272817400,2889000,3174998700,3177118300
38,1382,241751318268700,3322200,3220450000,3222569600
38,1398,241751361570600,2986900,3263751900,3265871500
38,1414,241751409348900,2929700,3311530200,3313649800
38,1430,241751456529000,2963200,3358710300,3360829900
38,1446,241751500941000,2690200,3403122300,3405241900
38,1462,241751552247800,2839800,3454429100,3456548700
38,1478,241751599700200,2971700,3501881500,3504001100
38,1494,241751644777900,2683100,3546959200,3549078800
38,1510,241751688432300,2732100,3590613600,3592733200
38,1526,241751732658400,2830000,3634839700,3636959300
38,1542,241751779398900,2751300,3681580200,3683699800
38,1558,241751826308500,2703000,3728489800,3730609400
38,1574,241751872408500,2907500,3774589800,3776709400
38,1590,241751932823200,2932100,3835004500,3837124100
38,1606,241751979975600,2940800,3882156900,3884276500
38,1622,241752026117900,2630100,3928299200,3930418800
38,1638,241752073567000,2902000,3975748300,3977867900
38,1654,241752120264900,2715300,4022446200,4024565800
38,1670,241752164253600,2931100,4066434900,4068554500
38,1686,241752212944800,2673800,4115126100,4117245700
38,1702,241752262326400,2925000,4164507700,4166627300
38,1718,241752309039500,2933500,4211220800,4213340400
38,1734,241752358301000,2912600,4260482300,4262601900
38,1750,241752404729600,2742800,4306910900,4309030500
38,1766,241752452022000,2995000,4354203300,4356322900
38,1782,241752498897400,2788200,4401078700,4403198300
38,1798,241752548291900,2700500,4450473200,4452592800
38,1814,241752592061600,2710900,4494242900,4496362500
38,1830,241752639901200,2725200,4542082500,4544202100
38,1846,241752683619600,2772300,4585800900,4587920500
38,1862,241752730524000,2932600,4632705300,4634824900
38,1878,241752778655300,2941800,4680836600,4682956200
38,1894,241752823948800,3029000,4726130100,4728249700
38,1910,241752869667600,3451500,4771848900,4773968500
38,1926,241752923937300,3391200,4826118600,4828238200
38,1942,241752981436900,3295600,4883618200,4885737800
38,1958,241753034237100,3214700,4936418400,4938538000
38,1974,241753082804300,2608600,4984985600,4987105200
38,1990,241753126588400,2624100,5028769700,5030889300
38,2006,241753170677200,2750600,5072858500,5074978100
38,2022,241753214884200,2765400,5117065500,5119185100
38,2038,241753259707300,3085100,5161888600,5164008200
39,7,241748171535300,3540900,73716600,75836200
39,23,241748212295500,2331800,114476800,116596400
39,39,241748248850800,2392400,151032100,153151700
39,55,241748285665800,2345500,187847100,189966700
39,71,241748322766300,2328100,224947600,227067200
39,87,241748360954600,2331100,263135900,265255500
39,103,241748398600100,2396100,300781400,302901000
39,119,241748441790100,2244400,343971400,346091000
39,135,241748477088400,2155500,379269700,381389300
39,151,241748513084800,2148600,415266100,417385700
39,167,241748550243900,2228000,452425200,454544800
39,183,241748584991400,2180600,487172700,489292300
39,199,241748621365800,2242400,523547100,525666700
39,215,241748655763500,2084100,557944800,560064400
39,231,241748690750200,2129700,592931500,595051100
39,247,241748731119400,2108900,633300700,635420300
39,263,241748766636600,2181500,668817900,670937500
39,279,241748801055200,2080700,703236500,705356100
39,295,241748835504600,2154000,737685900,739805500
39,311,241748870024800,2113700,772206100,774325700
39,327,241748903331500,2052400,805512800,807632400
39,343,241748937548900,2132000,839730200,841849800
39,359,241748971175300,2054800,873356600,875476200
39,375,241749012887100,2223600,915068400,917188000
39,391,241749048572500,2188600,950753800,952873400
39,407,241749082838700,2359700,985020000,987139600
39,423,241749118279600,2228600,1020460900,1022580500
39,439,241749152983600,2132400,1055164900,1057284500
39,455,241749187987600,2449700,1090168900,1092288500
39,471,241749223178200,2123400,1125359500,1127479100
39,487,241749257164100,2073600,1159345400,1161465000
39,503,241749298078300,2180500,1200259600,1202379200
39,519,241749331993500,2080500,1234174800,1236294400
39,535,241749365699900,2301000,1267881200,1270000800
39,551,241749399793500,2117300,1301974800,1304094400
39,567,241749434847900,2265200,1337029200,1339148800
39,583,241749470534800,2118600,1372716100,1374835700
39,599,241749505033000,2284500,1407214300,1409333900
39,615,241749539747700,2326400,1441929000,1444048600
39,631,241749582004500,2300400,1484185800,1486305400
39,647,241749617623200,2100900,1519804500,1521924100
39,663,241749651271100,2100900,1553452400,1555572000
39,679,241749685003300,2089400,1587184600,1589304200
39,695,241749718797500,2080500,1620978800,1623098400
39,711,241749752732700,2103800,1654914000,1657033600
39,727,241749786860300,2147000,1689041600,1691161200
39,743,241749829019800,2220100,1731201100,1733320700
39,759,241749863878700,2067200,1766060000,1768179600
39,775,241749898127100,2234300,1800308400,1802428000
39,791,241749934014900,2250800,1836196200,1838315800
39,807,241749969409500,2226400,1871590800,1873710400
39,823,241750003976300,2132300,1906157600,1908277200
39,839,241750037723400,2085500,1939904700,1942024300
39,855,241750088177600,2107400,1990358900,1992478500
39,871,241750131410700,2077800,2033592000,2035711600
39,887,241750165569400,2052400,2067750700,2069870300
39,903,241750200858700,2207700,2103040000,2105159600
39,919,241750236464200,2143800,2138645500,2140765100
39,935,241750272920400,2160500,2175101700,2177221300
39,951,241750308248900,2177500,2210430200,2212549800
39,967,241750342176200,2091600,2244357500,2246477100
39,983,241750384109700,2219000,2286291000,2288410600
39,999,241750418519100,2094300,2320700400,2322820000
39,1015,241750452227600,2105000,2354408900,2356528500
39,1031,241750486106600,2122600,2388287900,2390407500
39,1047,241750519933100,2092800,2422114400,2424234000
39,1063,241750555105900,2122300,2457287200,2459406800
39,1079,241750589460400,2110700,2491641700,2493761300
39,1095,241750623409800,2057400,2525591100,2527710700
39,1111,241750662732300,2200200,2564913600,2567033200
39,1127,241750697215400,2117000,2599396700,2601516300
39,1143,241750731336900,2144100,2633518200,2635637800
39,1159,241750765560000,2088200,2667741300,2669860900
39,1175,241750799116300,2127000,2701297600,2703417200
39,1191,241750832925800,2061400,2735107100,2737226700
39,1207,241750868857500,2095800,2771038800,2773158400
39,1223,241750909567600,2146800,2811748900,2813868500
39,1239,241750944715900,2302200,2846897200,2849016800
39,1255,241750981035700,2179000,2883217000,2885336600
39,1271,241751018411600,2296000,2920592900,2922712500
39,1287,241751053117900,2211900,2955299200,2957418800
39,1303,241751088229500,2192700,2990410800,2992530400
39,1319,241751128227500,2753700,3030408800,3032528400
39,1335,241751176099700,3034100,3078281000,3080400600
39,1351,241751229288500,3019800,3131469800,3133589400
39,1367,241751276729400,2960800,3178910700,3181030300
39,1383,241751322338500,2764100,3224519800,3226639400
39,1399,241751365385500,2972800,3267566800,3269686400
39,1415,241751413105300,2918600,3315286600,3317406200
39,1431,241751460317400,2912700,3362498700,3364618300
39,1447,241751504449300,2964100,3406630600,3408750200
39,1463,241751555947200,3017800,3458128500,3460248100
39,1479,241751603546400,2300800,3505727700,3507847300
39,1495,241751647825800,2728600,3550007100,3552126700
39,1511,241751691531600,2666200,3593712900,3595832500
39,1527,241751735878000,2855300,3638059300,3640178900
39,1543,241751782520900,2753000,3684702200,3686821800
39,1559,241751829552000,2832700,3731733300,3733852900
39,1575,241751875846200,2924400,3778027500,3780147100
39,1591,241751936336300,3017300,3838517600,3840637200
39,1607,241751983503200,2712500,3885684500,3887804100
39,1623,241752029708500,2665000,3931889800,3934009400
39,1639,241752077502100,2931600,3979683400,3981803000
39,1655,241752124091800,2668800,4026273100,4028392700
39,1671,241752168400600,2943400,4070581900,4072701500
39,1687,241752216724200,2687700,4118905500,4121025100
39,1703,241752266437100,3000000,4168618400,4170738000
39,1719,241752313167700,2926700,4215349000,4217468600
39,1735,241752362415800,2906000,4264597100,4266716700
39,1751,241752408718300,2858300,4310899600,4313019200
39,1767,241752456290800,2998300,4358472100,4360591700
39,1783,241752502821600,2790300,4405002900,4407122500
39,1799,241752552080400,2726700,4454261700,4456381300
39,1815,241752595870200,2725600,4498051500,4500171100
39,1831,241752643686900,2725000,4545868200,4547987800
39,1847,241752687507700,2737800,4589689000,4591808600
39,1863,241752734679600,2948400,4636860900,4638980500
39,1879,241752782810300,2892800,4684991600,4687111200
39,1895,241752828175600,2996200,4730356900,4732476500
39,1911,241752877912800,3236600,4780094100,4782213700
39,1927,241752932139600,3369700,4834320900,4836440500
39,1943,241752989302600,3315200,4891483900,4893603500
39,1959,241753041779900,3270300,4943961200,4946080800
39,1975,241753088954500,2640900,4991135800,4993255400
39,1991,241753132761700,2626900,5034943000,5037062600
39,2007,241753177089300,2800300,5079270600,5081390200
39,2023,241753221329700,2785300,5123511000,5125630600
39,2039,241753267955800,2726900,5170137100,5172256700
40,8,241748175034600,3204200,77215900,79335500
40,24,241748214778900,2379200,116960200,119079800
40,40,241748251368900,2239800,153550200,155669800
40,56,241748288206100,2307300,190387400,192507000
40,72,241748325249600,2388700,227430900,229550500
40,88,241748363206100,2449600,265387400,267507000
40,104,241748400935200,9740400,303116500,305236100
40,120,241748444100400,2202800,346281700,348401300
40,136,241748479154300,2154500,381335600,383455200
40,152,241748515412500,2248500,417593800,419713400
40,168,241748552762400,2138000,454943700,457063300
40,184,241748587476300,2159600,489657600,491777200
40,200,241748624047600,2182900,526228900,528348500
40,216,241748658268100,2327300,560449400,562569000
40,232,241748693359400,2055200,595540700,597660300
40,248,241748733720300,2168400,635901600,638021200
40,264,241748769260400,2185100,671441700,673561300
40,280,241748803488400,2120700,705669700,707789300
40,296,241748838052000,2127100,740233300,742352900
40,312,241748872530600,2045700,774711900,776831500
40,328,241748905736100,2110400,807917400,810037000
40,344,241748940013000,2065100,842194300,844313900
40,360,241748973566400,2324600,875747700,877867300
40,376,241749015737100,2242900,917918400,920038000
40,392,241749051438200,2191400,953619500,955739100
40,408,241749085769600,2621200,987950900,990070500
40,424,241749121053400,2138700,1023234700,1025354300
40,440,241749155502700,2152800,1057684000,1059803600
40,456,241749191065000,2379700,1093246300,1095365900
40,472,241749225886000,2152100,1128067300,1130186900
40,488,241749259855600,2122100,1162036900,1164156500
40,504,241749300858100,2062000,1203039400,1205159000
40,520,241749334695900,2103700,1236877200,1238996800
40,536,241749368624900,2130300,1270806200,1272925800
40,552,241749402536700,2115900,1304718000,1306837600
40,568,241749437913300,2206900,1340094600,1342214200
40,584,241749473473000,2158600,1375654300,1377773900
40,600,241749508250600,2305700,1410431900,1412551500
40,616,241749542995600,2307000,1445176900,1447296500
40,632,241749585383800,2299100,1487565100,1489684700
40,648,241749620747900,2095800,1522929200,1525048800
40,664,241749654446500,2126100,1556627800,1558747400
40,680,241749688118700,2151900,1590300000,1592419600
40,696,241749721921400,2083100,1624102700,1626222300
40,712,241749755940400,2227600,1658121700,1660241300
40,728,241749790116600,2105600,1692297900,1694417500
40,744,241749832196700,2187000,1734378000,1736497600
40,760,241749866953100,2134400,1769134400,1771254000
40,776,241749901466800,2141500,1803648100,1805767700
40,792,241749937204100,2140100,1839385400,1841505000
40,808,241749972524300,2170500,1874705600,1876825200
40,824,241750006961300,2089000,1909142600,1911262200
40,840,241750040636000,2061500,1942817300,1944936900
40,856,241750091388500,2249600,1993569800,1995689400
40,872,241750134586100,2092500,2036767400,2038887000
40,888,241750168792600,2187500,2070973900,2073093500
40,904,241750204387100,2338300,2106568400,2108688000
40,920,241750239762600,2186200,2141943900,2144063500
40,936,241750276274400,2232700,2178455700,2180575300
40,952,241750311543300,2085700,2213724600,2215844200
40,968,241750345287600,2084400,2247468900,2249588500
40,984,241750387506600,2244200,2289687900,2291807500
40,1000,241750421617800,2085200,2323799100,2325918700
40,1016,241750455333500,2080000,2357514800,2359634400
40,1032,241750489185500,2133900,2391366800,2393486400
40,1048,241750522818300,2084600,2424999600,2427119200
40,1064,241750557600500,2140700,2459781800,2461901400
40,1080,241750591944900,2111900,2494126200,2496245800
40,1096,241750625902200,2105700,2528083500,2530203100
40,1112,241750665497900,2234500,2567679200,2569798800
40,1128,241750699875400,2112500,2602056700,2604176300
40,1144,241750734065900,2180800,2636247200,2638366800
40,1160,241750768230300,2062800,2670411600,2672531200
40,1176,241750801776400,2082800,2703957700,2706077300
40,1192,241750835541700,2175500,2737723000,2739842600
40,1208,241750871534800,2078900,2773716100,2775835700
40,1224,241750912464000,2155200,2814645300,2816764900
40,1240,241750947764100,2373700,2849945400,2852065000
40,1256,241750983992100,2203200,2886173400,2888293000
40,1272,241751021208000,2179300,2923389300,2925508900
40,1288,241751055832200,2136100,2958013500,2960133100
40,1304,241751091275300,2193400,2993456600,2995576200
40,1320,241751132002500,2708300,3034183800,3036303400
40,1336,241751180229700,3207200,3082411000,3084530600
40,1352,241751233379600,3010100,3135560900,3137680500
40,1368,241751280775600,2803000,3182956900,3185076500
40,1384,241751326224100,2569400,3228405400,3230525000
40,1400,241751369556900,3100700,3271738200,3273857800
40,1416,241751417160600,3027800,3319341900,3321461500
40,1432,241751464369000,3060700,3366550300,3368669900
40,1448,241751508534900,2934100,3410716200,3412835800
40,1464,241751560140300,3048500,3462321600,3464441200
40,1480,241751607199000,3018900,3509380300,3511499900
40,1496,241751652027500,2716500,3554208800,3556328400
40,1512,241751695688300,2717200,3597869600,3599989200
40,1528,241751740362900,2942500,3642544200,3644663800
40,1544,241751786699900,2749200,3688881200,3691000800
40,1560,241751833752700,2830500,3735934000,3738053600
40,1576,241751880193300,2920500,3782374600,3784494200
40,1592,241751940779000,2938300,3842960300,3845079900
40,1608,241751987656700,2921900,3889838000,3891957600
40,1624,241752035535700,3030900,3937717000,3939836600
40,1640,241752083549700,2967600,3985731000,3987850600
40,1656,241752129236800,2579100,4031418100,4033537700
40,1672,241752174172600,2936200,4076353900,4078473500
40,1688,241752222003000,2765000,4124184300,4126303900
40,1704,241752272211700,2912100,4174393000,4176512600
40,1720,241752318896500,2920500,4221077800,4223197400
40,1736,241752368091900,2944900,4270273200,4272392800
40,1752,241752414280600,2974500,4316461900,4318581500
40,1768,241752462274700,3040300,4364456000,4366575600
40,1784,241752508510700,2801900,4410692000,4412811600
40,1800,241752557812100,2749000,4459993400,4462113000
40,1816,241752601452600,7290900,4503633900,4505753500
40,1832,241752649126500,3001900,4551307800,4553427400
40,1848,241752693013400,2944200,4595194700,4597314300
40,1864,241752740695900,3106300,4642877200,4644996800
40,1880,241752788648000,2823600,4690829300,4692948900
40,1896,241752834277800,3127700,4736459100,4738578700
40,1912,241752884633700,3426600,4786815000,4788934600
40,1928,241752938755800,3176000,4840937100,4843056700
40,1944,241752996056300,3283800,4898237600,4900357200
40,1960,241753048147300,3181600,4950328600,4952448200
40,1976,241753094084900,2613200,4996266200,4998385800
40,1992,241753137906300,2654400,5040087600,5042207200
40,2008,241753182484200,2358300,5084665500,5086785100
40,2024,241753226802700,2804700,5128984000,5131103600
40,2040,241753273445000,2772700,5175626300,5177745900
41,9,241748178374300,2450500,80555600,82675200
41,25,241748217072500,2216400,119253800,121373400
41,41,241748253521600,2274600,155702900,157822500
41,57,241748290418000,2248400,192599300,194718900
41,73,241748327551600,2413500,229732900,231852500
41,89,241748365460600,2319100,267641900,269761500
41,105,241748410437400,2465700,312618700,314738300
41,121,241748446042600,2189400,348223900,350343500
41,137,241748481074000,2150900,383255300,385374900
41,153,241748517215400,2337600,419396700,421516300
41,169,241748554434500,2175400,456615800,458735400
41,185,241748589156300,2170100,491337600,493457200
41,201,241748625667500,2163500,527848800,529968400
41,217,241748659956500,2252700,562137800,564257400
41,233,241748695010500,2132700,597191800,599311400
41,249,241748735425200,2425800,637606500,639726100
41,265,241748771076300,2111900,673257600,675377200
41,281,241748805401900,2144700,707583200,709702800
41,297,241748840008300,2150700,742189600,744309200
41,313,241748874376400,2099700,776557700,778677300
41,329,241748907700800,2125800,809882100,812001700
41,345,241748941858700,2085000,844040000,846159600
41,361,241748975608300,2379700,877789600,879909200
41,377,241749017565800,2218300,919747100,921866700
41,393,241749053194000,2205900,955375300,957494900
41,409,241749088125400,2369200,990306700,992426300
41,425,241749122950300,2143500,1025131600,1027251200
41,441,241749157366200,2187000,1059547500,1061667100
41,457,241749193206900,2284700,1095388200,1097507800
41,473,241749227776200,2119700,1129957500,1132077100
41,489,241749261714500,2107700,1163895800,1166015400
41,505,241749302683800,2062700,1204865100,1206984700
41,521,241749336558000,2087700,1238739300,1240858900
41,537,241749370497700,2135900,1272679000,1274798600
41,553,241749404418100,2115500,1306599400,1308719000
41,569,241749439668600,2237700,1341849900,1343969500
41,585,241749475193300,2204500,1377374600,1379494200
41,601,241749510055000,2140600,1412236300,1414355900
41,617,241749544711300,2097600,1446892600,1449012200
41,633,241749587016800,2582000,1489198100,1491317700
41,649,241749622266500,2152300,1524447800,1526567400
41,665,241749656074900,2131300,1558256200,1560375800
41,681,241749689758800,2147900,1591940100,1594059700
41,697,241749723526200,2094800,1625707500,1627827100
41,713,241749757665700,2150400,1659847000,1661966600
41,729,241749791743600,2185400,1693924900,1696044500
41,745,241749833772200,2149500,1735953500,1738073100
41,761,241749868548400,2153600,1770729700,1772849300
41,777,241749902994300,2173200,1805175600,1807295200
41,793,241749938798300,2147500,1840979600,1843099200
41,809,241749974111200,2173700,1876292500,1878412100
41,825,241750008477700,2107300,1910659000,1912778600
41,841,241750042131100,2109400,1944312400,1946432000
41,857,241750092504200,2353700,1994685500,1996805100
41,873,241750135712200,2119800,2037893500,2040013100
41,889,241750169984400,2141400,2072165700,2074285300
41,905,241750205487500,2495800,2107668800,2109788400
41,921,241750240813200,2182900,2142994500,2145114100
41,937,241750277159700,2163300,2179341000,2181460600
41,953,241750312438900,2114700,2214620200,2216739800
41,969,241750346207800,2135000,2248389100,2250508700
41,985,241750388552700,2158600,2290734000,2292853600
41,1001,241750422575500,2101100,2324756800,2326876400
41,1017,241750456275100,2084500,2358456400,2360576000
41,1033,241750490134900,2136600,2392316200,2394435800
41,1049,241750523828800,2111700,2426010100,2428129700
41,1065,241750558644900,2174400,2460826200,2462945800
41,1081,241750592988100,2128800,2495169400,2497289000
41,1097,241750626953200,2120500,2529134500,2531254100
41,1113,241750666613500,2183200,2568794800,2570914400
41,1129,241750700889500,2134100,2603070800,2605190400
41,1145,241750735196200,2150500,2637377500,2639497100
41,1161,241750769259400,2146100,2671440700,2673560300
41,1177,241750802851000,2137000,2705032300,2707151900
41,1193,241750836616200,2159000,2738797500,2740917100
41,1209,241750872503600,2175000,2774684900,2776804500
41,1225,241750913453400,2162500,2815634700,2817754300
41,1241,241750948818200,2384700,2850999500,2853119100
41,1257,241750984960200,2247400,2887141500,2889261100
41,1273,241751022141800,2194900,2924323100,2926442700
41,1289,241751056727900,2131700,2958909200,2961028800
41,1305,241751092345000,2196100,2994526300,2996645900
41,1321,241751133337900,2831300,3035519200,3037638800
41,1337,241751181717400,3184200,3083898700,3086018300
41,1353,241751234903900,3010200,3137085200,3139204800
41,1369,241751281963600,2783600,3184144900,3186264500
41,1385,241751327241400,2565000,3229422700,3231542300
41,1401,241751370796600,3212800,3272977900,3275097500
41,1417,241751418358100,3020100,3320539400,3322659000
41,1433,241751465544600,3085100,3367725900,3369845500
41,1449,241751509719300,2937600,3411900600,3414020200
41,1465,241751561415200,3009300,3463596500,3465716100
41,1481,241751608329600,3114800,3510510900,3512630500
41,1497,241751653153400,2821700,3555334700,3557454300
41,1513,241751696833100,2738100,3599014400,3601134000
41,1529,241751741586300,2986600,3643767600,3645887200
41,1545,241751787899100,2755100,3690080400,3692200000
41,1561,241751835006100,2854400,3737187400,3739307000
41,1577,241751881490400,2929900,3783671700,3785791300
41,1593,241751942095300,2947500,3844276600,3846396200
41,1609,241751988971300,2954100,3891152600,3893272200
41,1625,241752035620500,3029000,3937801800,3939921400
41,1641,241752083587700,2968700,3985769000,3987888600
41,1657,241752129376200,2579100,4031557500,4033677100
41,1673,241752174339000,2937600,4076520300,4078639900
41,1689,241752222254300,2673300,4124435600,4126555200
41,1705,241752272363700,2914200,4174545000,4176664600
41,1721,241752319060800,2921400,4221242100,4223361700
41,1737,241752368254200,2954100,4270435500,4272555100
41,1753,241752414443400,2988000,4316624700,4318744300
41,1769,241752462358800,3038700,4364540100,4366659700
41,1785,241752508473700,2796800,4410655000,4412774600
41,1801,241752557768300,2751500,4459949600,4462069200
41,1817,241752601414800,7281300,4503596100,4505715700
41,1833,241752649079300,3007400,4551260600,4553380200
41,1849,241752692972100,2948200,4595153400,4597273000
41,1865,241752740733500,3122000,4642914800,4645034400
41,1881,241752788733000,2810500,4690914300,4693033900
41,1897,241752834239000,3116500,4736420300,4738539900
41,1913,241752884730200,3438700,4786911500,4789031100
41,1929,241752938974000,3169600,4841155300,4843274900
41,1945,241752996275400,3279900,4898456700,4900576300
41,1961,241753048365900,3177900,4950547200,4952666800
41,1977,241753094304300,2607700,4996485600,4998605200
41,1993,241753138146000,2637100,5040327300,5042446900
41,2009,241753182706600,2417500,5084887900,5087007500
41,2025,241753227037700,2795100,5129219000,5131338600
41,2041,241753273663900,2783800,5175845200,5177964800
42,10,241748180961500,2427300,83142800,85262400
42,26,241748219501800,2203500,121683100,123802700
42,42,241748256014200,2238400,158195500,160315100
42,58,241748292863500,2292700,195044800,197164400
42,74,241748330159200,2337300,232340500,234460100
42,90,241748368080500,2386000,270261800,272381400
42,106,241748413298800,2179800,315480100,317599700
42,122,241748448671700,2205700,350853000,352972600
42,138,241748483605300,2457400,385786600,387906200
42,154,241748520072800,2285500,422254100,424373700
42,170,241748557109600,2174100,459290900,461410500
42,186,241748592263500,2484100,494444800,496564400
42,202,241748628495600,2162400,530676900,532796500
42,218,241748662970300,2200800,565151600,567271200
42,234,241748697660800,2199800,599842100,601961700
42,250,241748738356400,2265000,640537700,642657300
42,266,241748773769500,2117200,675950800,678070400
42,282,241748808025100,2101900,710206400,712326000
42,298,241748842663200,2123300,744844500,746964100
42,314,241748876956000,2052400,779137300,781256900
42,330,241748910311500,2145300,812492800,814612400
42,346,241748944465700,2075100,846647000,848766600
42,362,241748978624000,2345400,880805300,882924900
42,378,241749020285500,2207500,922466800,924586400
42,394,241749055933500,2133300,958114800,960234400
42,410,241749091118700,2171000,993300000,995419600
42,426,241749125734400,2127700,1027915700,1030035300
42,442,241749160125100,2170600,1062306400,1064426000
42,458,241749196031600,2231000,1098212900,1100332500
42,474,241749230407700,2090400,1132589000,1134708600
42,490,241749264347800,2130100,1166529100,1168648700
42,506,241749305238400,2113600,1207419700,1209539300
42,522,241749339125900,2136000,1241307200,1243426800
42,538,241749373102500,2110500,1275283800,1277403400
42,554,241749407009300,2233100,1309190600,1311310200
42,570,241749442549700,2230400,1344731000,1346850600
42,586,241749478053000,2183400,1380234300,1382353900
42,602,241749512847600,2164800,1415028900,1417148500
42,618,241749547328100,8728300,1449509400,1451629000
42,634,241749590242100,2382900,1492423400,1494543000
42,650,241749624907100,2117800,1527088400,1529208000
42,666,241749658671300,2097500,1560852600,1562972200
42,682,241749692366700,2151000,1594548000,1596667600
42,698,241749726096900,2097600,1628278200,1630397800
42,714,241749760251800,2114000,1662433100,1664552700
42,730,241749794371500,2104500,1696552800,1698672400
42,746,241749836405900,2290900,1738587200,1740706800
42,762,241749871265300,2062500,1773446600,1775566200
42,778,241749905790100,2400600,1807971400,1810091000
42,794,241749941586100,2173000,1843767400,1845887000
42,810,241749976996200,2151200,1879177500,1881297100
42,826,241750011259500,2070800,1913440800,1915560400
42,842,241750044913400,2169500,1947094700,1949214300
42,858,241750095382500,2284300,1997563800,1999683400
42,874,241750138413100,2221700,2040594400,2042714000
42,890,241750172745400,2533000,2074926700,2077046300
42,906,241750208661000,2126500,2110842300,2112961900
42,922,241750243790400,2178300,2145971700,2148091300
42,938,241750280403000,2110200,2182584300,2184703900
42,954,241750315470400,2118900,2217651700,2219771300
42,970,241750349238800,2117900,2251420100,2253539700
42,986,241750391408600,2092300,2293589900,2295709500
42,1002,241750425387900,2102500,2327569200,2329688800
42,1018,241750459115200,2206300,2361296500,2363416100
42,1034,241750492997900,2072100,2395179200,2397298800
42,1050,241750526616600,2097100,2428797900,2430917500
42,1066,241750561421100,2073500,2463602400,2465722000
42,1082,241750595668400,2062800,2497849700,2499969300
42,1098,241750629601700,2122200,2531783000,2533902600
42,1114,241750669476500,2167100,2571657800,2573777400
42,1130,241750703672700,2120500,2605854000,2607973600
42,1146,241750737937500,2139700,2640118800,2642238400
42,1162,241750771913200,2064300,2674094500,2676214100
42,1178,241750805514100,2087400,2707695400,2709815000
42,1194,241750839335100,2109900,2741516400,2743636000
42,1210,241750875337800,2132800,2777519100,2779638700
42,1226,241750916105500,2120900,2818286800,2820406400
42,1242,241750951787500,2178000,2853968800,2856088400
42,1258,241750987787000,2238000,2889968300,2892087900
42,1274,241751024963100,2153400,2927144400,2929264000
42,1290,241751059515000,2081600,2961696300,2963815900
42,1306,241751094771200,2179400,2996952500,2999072100
42,1322,241751136676300,3137800,3038857600,3040977200
42,1338,241751185241500,3002700,3087422800,3089542400
42,1354,241751238257700,3008100,3140439000,3142558600
42,1370,241751285221100,2839300,3187402400,3189522000
42,1386,241751330332500,2583100,3232513800,3234633400
42,1402,241751374501300,3095700,3276682600,3278802200
42,1418,241751421872500,2956200,3324053800,3326173400
42,1434,241751469167200,2703400,3371348500,3373468100
42,1450,241751513247800,2979900,3415429100,3417548700
42,1466,241751564947800,3011000,3467129100,3469248700
42,1482,241751611715000,3043000,3513896300,3516015900
42,1498,241751656234500,2726100,3558415800,3560535400
42,1514,241751699841900,2824600,3602023200,3604142800
42,1530,241751744867200,2956700,3647048500,3649168100
42,1546,241751790925100,2706000,3693106400,3695226000
42,1562,241751838016300,2835000,3740197600,3742317200
42,1578,241751884588700,15803300,3786770000,3788889600
42,1594,241751945210100,2948500,3847391400,3849511000
42,1610,241751992087000,2925600,3894268300,3896387900
42,1626,241752037844700,3064000,3940026000,3942145600
42,1642,241752085818000,2947300,3987999300,3990118900
42,1658,241752131341900,2613500,4033523200,4035642800
42,1674,241752176575000,2952000,4078756300,4080875900
42,1690,241752224308500,2710800,4126489800,4128609400
42,1706,241752274586600,2912900,4176767900,4178887500
42,1722,241752321302600,2931400,4223483900,4225603500
42,1738,241752370501400,2935600,4272682700,4274802300
42,1754,241752416642600,3043900,4318823900,4320943500
42,1770,241752464681100,3017900,4366862400,4368982000
42,1786,241752510656100,2792800,4412837400,4414957000
42,1802,241752559917800,2700600,4462099100,4464218700
42,1818,241752603491000,7344200,4505672300,4507791900
42,1834,241752651483800,2748500,4553665100,4555784700
42,1850,241752695280100,3082900,4597461400,4599581000
42,1866,241752743218100,2967400,4645399400,4647519000
42,1882,241752790950000,2668200,4693131300,4695250900
42,1898,241752836719500,3050100,4738900800,4741020400
42,1914,241752887378600,3533100,4789559900,4791679500
42,1930,241752941558600,3101800,4843739900,4845859500
42,1946,241752998891600,3289600,4901072900,4903192500
42,1962,241753050947900,3189600,4953129200,4955248800
42,1978,241753096412200,2606200,4998593500,5000713100
42,1994,241753140274400,2630700,5042455700,5044575300
42,2010,241753184625700,2732000,5086807000,5088926600
42,2026,241753229277400,2994800,5131458700,5133578300
42,2042,241753275916300,2954900,5178097600,5180217200
43,11,241748183251100,2734200,85432400,87552000
43,27,241748221422600,2197700,123603900,125723500
43,43,241748257958100,2240800,160139400,162259000
43,59,241748294909200,2260900,197090500,199210100
43,75,241748332407100,2504200,234588400,236708000
43,91,241748370234400,2382900,272415700,274535300
43,107,241748415188000,2163800,317369300,319488900
43,123,241748450512000,2439400,352693300,354812900
43,139,241748485647300,2428800,387828600,389948200
43,155,241748522083500,2624300,424264800,426384400
43,171,241748559074300,2190800,461255600,463375200
43,187,241748594478800,2355100,496660100,498779700
43,203,241748630342400,2124800,532523700,534643300
43,219,241748664800300,2092500,566981600,569101200
43,235,241748699597000,8507300,601778300,603897900
43,251,241748740335500,2250200,642516800,644636400
43,267,241748775635600,2309200,677816900,679936500
43,283,241748810041400,2123500,712222700,714342300
43,299,241748844699000,2116600,746880300,748999900
43,315,241748878950400,2095600,781131700,783251300
43,331,241748912426400,2199500,814607700,816727300
43,347,241748946513500,2052500,848694800,850814400
43,363,241748980938100,2166100,883119400,885239000
43,379,241749022277300,2269700,924458600,926578200
43,395,241749057840000,2095200,960021300,962140900
43,411,241749092920400,2168400,995101700,997221300
43,427,241749127441700,2149600,1029623000,1031742600
43,443,241749161856800,2197000,1064038100,1066157700
43,459,241749197944000,2214800,1100125300,1102244900
43,475,241749232189100,2134100,1134370400,1136490000
43,491,241749266165300,2127200,1168346600,1170466200
43,507,241749307075600,2042000,1209256900,1211376500
43,523,241749340998400,2098600,1243179700,1245299300
43,539,241749374938800,2132400,1277120100,1279239700
43,555,241749408965300,2243300,1311146600,1313266200
43,571,241749444321400,2318600,1346502700,1348622300
43,587,241749479794400,2148700,1381975700,1384095300
43,603,241749514690200,2143600,1416871500,1418991100
43,619,241749555688600,2346900,1457869900,1459989500
43,635,241749592265500,2230600,1494446800,1496566400
43,651,241749626715800,2113900,1528897100,1531016700
43,667,241749660445900,2074400,1562627200,1564746800
43,683,241749694186300,2106500,1596367600,1598487200
43,699,241749727875600,2161300,1630056900,1632176500
43,715,241749761988100,2133600,1664169400,1666289000
43,731,241749796097800,2129300,1698279100,1700398700
43,747,241749838238000,2323300,1740419300,1742538900
43,763,241749872861400,2103200,1775042700,1777162300
43,779,241749907701600,2346100,1809882900,1812002500
43,795,241749943296700,2138500,1845478000,1847597600
43,811,241749978709600,2172600,1880890900,1883010500
43,827,241750012768300,2132000,1914949600,1917069200
43,843,241750046473900,2110200,1948655200,1950774800
43,859,241750098231500,2288000,2000412800,2002532400
43,875,241750140963600,2133900,2043144900,2045264500
43,891,241750175441500,2252900,2077622800,2079742400
43,907,241750210997500,2189500,2113178800,2115298400
43,923,241750246179300,2145700,2148360600,2150480200
43,939,241750282640200,2196800,2184821500,2186941100
43,955,241750317652100,2181200,2219833400,2221953000
43,971,241750351417200,2086600,2253598500,2255718100
43,987,241750393471400,2179700,2295652700,2297772300
43,1003,241750427464300,2120100,2329645600,2331765200
43,1019,241750461292000,2071500,2363473300,2365592900
43,1035,241750495041100,2130200,2397222400,2399342000
43,1051,241750528748300,2095000,2430929600,2433049200
43,1067,241750563528500,2080700,2465709800,2467829400
43,1083,241750597858000,2099300,2500039300,2502158900
43,1099,241750631807900,6986900,2533989200,2536108800
43,1115,241750671411300,2201900,2573592600,2575712200
43,1131,241750705566300,2111900,2607747600,2609867200
43,1147,241750740162500,2227800,2642343800,2644463400
43,1163,241750774162800,2100100,2676344100,2678463700
43,1179,241750807776500,2038900,2709957800,2712077400
43,1195,241750841479600,2141700,2743660900,2745780500
43,1211,241750877504800,2125000,2779686100,2781805700
43,1227,241750918316400,2156200,2820497700,2822617300
43,1243,241750953879700,2215200,2856061000,2858180600
43,1259,241750989881300,2218800,2892062600,2894182200
43,1275,241751026827600,2106300,2929008900,2931128500
43,1291,241751061311500,2147800,2963492800,2965612400
43,1307,241751096620600,2194900,2998801900,3000921500
43,1323,241751139348000,3021800,3041529300,3043648900
43,1339,241751187863900,7751700,3090045200,3092164800
43,1355,241751240884400,3025600,3143065700,3145185300
43,1371,241751287644400,2771900,3189825700,3191945300
43,1387,241751332459200,2594400,3234640500,3236760100
43,1403,241751377221600,3035900,3279402900,3281522500
43,1419,241751424496700,2945600,3326678000,3328797600
43,1435,241751471597900,2710500,3373779200,3375898800
43,1451,241751515897800,2971900,3418079100,3420198700
43,1467,241751567622100,2994200,3469803400,3471923000
43,1483,241751614430000,2960800,3516611300,3518730900
43,1499,241751658671700,2733800,3560853000,3562972600
43,1515,241751702337200,2832700,3604518500,3606638100
43,1531,241751747494200,2952200,3649675500,3651795100
43,1547,241751793327300,2755300,3695508600,3697628200
43,1563,241751840612600,2883200,3742793900,3744913500
43,1579,241751900135500,3139900,3802316800,3804436400
43,1595,241751947917300,2910400,3850098600,3852218200
43,1611,241751994766600,2898300,3896947900,3899067500
43,1627,241752040571400,3022200,3942752700,3944872300
43,1643,241752088520300,2959600,3990701600,3992821200
43,1659,241752133654700,2599100,4035836000,4037955600
43,1675,241752179201800,2918300,4081383100,4083502700
43,1691,241752226721300,2727000,4128902600,4131022200
43,1707,241752277186400,2881900,4179367700,4181487300
43,1723,241752323909800,2888200,4226091100,4228210700
43,1739,241752373112600,2953300,4275293900,4277413500
43,1755,241752419253400,2782400,4321434700,4323554300
43,1771,241752467279900,2994200,4369461200,4371580800
43,1787,241752513070800,2765900,4415252100,4417371700
43,1803,241752562311100,2709600,4464492400,4466612000
43,1819,241752610536400,2660300,4512717700,4514837300
43,1835,241752653899800,2698700,4556081100,4558200700
43,1851,241752698015800,3025000,4600197100,4602316700
43,1867,241752745818500,2993200,4647999800,4650119400
43,1883,241752793261800,2706300,4695443100,4697562700
43,1899,241752839429100,3053600,4741610400,4743730000
43,1915,241752890540000,3504100,4792721300,4794840900
43,1931,241752944256600,3044400,4846437900,4848557500
43,1947,241753001740200,3254700,4903921500,4906041100
43,1963,241753053701400,3108300,4955882700,4958002300
43,1979,241753098657500,2678300,5000838800,5002958400
43,1995,241753142553500,2577300,5044734800,5046854400
43,2011,241753186980100,2713700,5089161400,5091281000
43,2027,241753231834700,2950600,5134016000,5136135600
43,2043,241753278311500,2899000,5180492800,5182612400
44,12,241748186020600,2496200,88201900,90321500
44,28,241748223781200,2195500,125962500,128082100
44,44,241748260349400,2282100,162530700,164650300
44,60,241748297302900,2229900,199484200,201603800
44,76,241748334880900,2433900,237062200,239181800
44,92,241748372490700,2314000,274672000,276791600
44,108,241748417174700,2143400,319356000,321475600
44,124,241748452862800,2186600,355044100,357163700
44,140,241748487947800,2503300,390129100,392248700
44,156,241748524471600,2644800,426652900,428772500
44,172,241748561002800,2140800,463184100,465303700
44,188,241748596628200,2274400,498809500,500929100
44,204,241748632323200,2125900,534504500,536624100
44,220,241748666729200,2165900,568910500,571030100
44,236,241748707805300,2196300,609986600,612106200
44,252,241748742331700,2158300,644513000,646632600
44,268,241748777454100,2147500,679635400,681755000
44,284,241748811719200,2107800,713900500,716020100
44,300,241748846323300,2127300,748504600,750624200
44,316,241748880549900,2066200,782731200,784850800
44,332,241748914014300,2168900,816195600,818315200
44,348,241748947989000,2085000,850170300,852289900
44,364,241748982439700,2164800,884621000,886740600
44,380,241749024029400,2252400,926210700,928330300
44,396,241749059463300,2087900,961644600,963764200
44,412,241749094471700,2153900,996653000,998772600
44,428,241749128955100,2132400,1031136400,1033256000
44,444,241749163471900,2386700,1065653200,1067772800
44,460,241749199638300,2176900,1101819600,1103939200
44,476,241749233810100,2107000,1135991400,1138111000
44,492,241749267714400,2145200,1169895700,1172015300
44,508,241749308588800,2128800,1210770100,1212889700
44,524,241749342541900,2129300,1244723200,1246842800
44,540,241749376411900,2116800,1278593200,1280712800
44,556,241749410829200,2291900,1313010500,1315130100
44,572,241749446287300,2564600,1348468600,1350588200
44,588,241749481753700,2127000,1383935000,1386054600
44,604,241749516529600,2170300,1418710900,1420830500
44,620,241749557739400,2202500,1459920700,1462040300
44,636,241749594284000,2211000,1496465300,1498584900
44,652,241749628634400,2101600,1530815700,1532935300
44,668,241749662319300,2124000,1564500600,1566620200
44,684,241749696101000,2143900,1598282300,1600401900
44,700,241749729769100,2173300,1631950400,1634070000
44,716,241749763949800,2117800,1666131100,1668250700
44,732,241749798057000,2131600,1700238300,1702357900
44,748,241749840420700,2214100,1742602000,1744721600
44,764,241749874907200,2106900,1777088500,1779208100
44,780,241749910015400,2328200,1812196700,1814316300
44,796,241749945380700,2128200,1847562000,1849681600
44,812,241749980820700,2153300,1883002000,1885121600
44,828,241750015011200,2057800,1917192500,1919312100
44,844,241750048704700,2115800,1950886000,1953005600
44,860,241750100175900,9859900,2002357200,2004476800
44,876,241750142713000,2182800,2044894300,2047013900
44,892,241750177098400,2378800,2079279700,2081399300
44,908,241750212565400,2169500,2114746700,2116866300
44,924,241750247657700,2318400,2149839000,2151958600
44,940,241750284149900,2176400,2186331200,2188450800
44,956,241750319286400,2152500,2221467700,2223587300
44,972,241750352990000,2106700,2255171300,2257290900
44,988,241750395364700,2123400,2297546000,2299665600
44,1004,241750429298800,2084600,2331480100,2333599700
44,1020,241750463084000,2073500,2365265300,2367384900
44,1036,241750496898500,2081700,2399079800,2401199400
44,1052,241750530395500,2085400,2432576800,2434696400
44,1068,241750565279000,2092100,2467460300,2469579900
44,1084,241750599583000,2159800,2501764300,2503883900
44,1100,241750633595100,6990600,2535776400,2537896000
44,1116,241750673320000,2195200,2575501300,2577620900
44,1132,241750707401100,2115800,2609582400,2611702000
44,1148,241750741876100,2099900,2644057400,2646177000
44,1164,241750775746900,2101800,2677928200,2680047800
44,1180,241750809334600,2104600,2711515900,2713635500
44,1196,241750843251800,2120800,2745433100,2747552700
44,1212,241750879252800,2108000,2781434100,2783553700
44,1228,241750919929000,2176000,2822110300,2824229900
44,1244,241750955454200,2259600,2857635500,2859755100
44,1260,241750991533200,2211100,2893714500,2895834100
44,1276,241751028428100,2099000,2930609400,2932729000
44,1292,241751062875900,2102100,2965057200,2967176800
44,1308,241751098553700,2168400,3000735000,3002854600
44,1324,241751141991700,3015500,3044173000,3046292600
44,1340,241751195188500,3042000,3097369800,3099489400
44,1356,241751243478000,2742400,3145659300,3147778900
44,1372,241751290187800,2789800,3192369100,3194488700
44,1388,241751334834900,2729400,3237016200,3239135800
44,1404,241751379947100,2879800,3282128400,3284248000
44,1420,241751427115200,2971100,3329296500,3331416100
44,1436,241751474013000,2691000,3376194300,3378313900
44,1452,241751518521100,2950700,3420702400,3422822000
44,1468,241751570288600,3004200,3472469900,3474589500
44,1484,241751617178600,2918500,3519359900,3521479500
44,1500,241751661214400,2711600,3563395700,3565515300
44,1516,241751704937800,2763300,3607119100,3609238700
44,1532,241751750274000,2966500,3652455300,3654574900
44,1548,241751795895200,2692800,3698076500,3700196100
44,1564,241751843286800,2933300,3745468100,3747587700
44,1580,241751903060100,2979400,3805241400,3807361000
44,1596,241751950620400,2926300,3852801700,3854921300
44,1612,241751997458400,2938400,3899639700,3901759300
44,1628,241752044015200,2995900,3946196500,3948316100
44,1644,241752091845900,2929800,3994027200,3996146800
44,1660,241752136627700,2688000,4038809000,4040928600
44,1676,241752182537200,2940400,4084718500,4086838100
44,1692,241752229825800,2674800,4132007100,4134126700
44,1708,241752280476900,2914500,4182658200,4184777800
44,1724,241752327215800,2913900,4229397100,4231516700
44,1740,241752376422600,2725500,4278603900,4280723500
44,1756,241752422552900,2914500,4324734200,4326853800
44,1772,241752470773500,3000800,4372954800,4375074400
44,1788,241752516351700,2988000,4418533000,4420652600
44,1804,241752565381200,2736600,4467562500,4469682100
44,1820,241752613552400,2633300,4515733700,4517853300
44,1836,241752656989900,2776400,4559171200,4561290800
44,1852,241752701403600,2964800,4603584900,4605704500
44,1868,241752749138300,2987300,4651319600,4653439200
44,1884,241752796253300,2597700,4698434600,4700554200
44,1900,241752842956600,3016200,4745137900,4747257500
44,1916,241752894548800,3334700,4796730100,4798849700
44,1932,241752947810100,3185500,4849991400,4852111000
44,1948,241753005469800,3255000,4907651100,4909770700
44,1964,241753057291500,3201000,4959472800,4961592400
44,1980,241753101755100,2813400,5003936400,5006056000
44,1996,241753145515500,2622100,5047696800,5049816400
44,2012,241753190097800,2717500,5092279100,5094398700
44,2028,241753235209600,2735600,5137390900,5139510500
44,2044,241753281755800,2812100,5183937100,5186056700
45,13,241748188714900,2394500,90896200,93015800
45,29,241748226153300,2191400,128334600,130454200
45,45,241748262876200,2328100,165057500,167177100
45,61,241748299779700,2302800,201961000,204080600
45,77,241748337691400,2355100,239872700,241992300
45,93,241748375284300,2414700,277465600,279585200
45,109,241748419815200,2176900,321996500,324116100
45,125,241748455587300,2152000,357768600,359888200
45,141,241748491082100,2213700,393263400,395383000
45,157,241748527584000,2396100,429765300,431884900
45,173,241748563567500,2120000,465748800,467868400
45,189,241748599282300,2331500,501463600,503583200
45,205,241748634782700,2181600,536964000,539083600
45,221,241748669274400,2128400,571455700,573575300
45,237,241748710256700,2123200,612438000,614557600
45,253,241748744725800,2174700,646907100,649026700
45,269,241748779756900,2107400,681938200,684057800
45,285,241748813950800,2149900,716132100,718251700
45,301,241748848547000,2273800,750728300,752847900
45,317,241748882731100,2051600,784912400,787032000
45,333,241748916388000,2144200,818569300,820688900
45,349,241748950254200,2074600,852435500,854555100
45,365,241748984897600,8326300,887078900,889198500
45,381,241749026669500,2159600,928850800,930970400
45,397,241749061969200,2114100,964150500,966270100
45,413,241749097066800,2209300,999248100,1001367700
45,429,241749131534500,2193000,1033715800,1035835400
45,445,241749166086800,2153700,1068268100,1070387700
45,461,241749201877800,2168300,1104059100,1106178700
45,477,241749235981700,2157600,1138163000,1140282600
45,493,241749269980100,8730900,1172161400,1174281000
45,509,241749310831500,2116400,1213012800,1215132400
45,525,241749344787500,2063200,1246968800,1249088400
45,541,241749378751000,2099300,1280932300,1283051900
45,557,241749412973300,2217600,1315154600,1317274200
45,573,241749448657600,2295100,1350838900,1352958500
45,589,241749483675100,2181000,1385856400,1387976000
45,605,241749518496500,2145600,1420677800,1422797400
45,621,241749559800500,2208200,1461981800,1464101400
45,637,241749596285800,2205100,1498467100,1500586700
45,653,241749630535500,2138700,1532716800,1534836400
45,669,241749664274600,2117900,1566455900,1568575500
45,685,241749698071700,2087300,1600253000,1602372600
45,701,241749731763500,2097800,1633944800,1636064400
45,717,241749765932800,2095700,1668114100,1670233700
45,733,241749800042800,2108000,1702224100,1704343700
45,749,241749842569300,2202900,1744750600,1746870200
45,765,241749876844800,2098100,1779026100,1781145700
45,781,241749912084700,2292700,1814266000,1816385600
45,797,241749947315500,2130400,1849496800,1851616400
45,813,241749982707600,2175500,1884888900,1887008500
45,829,241750016844900,2099000,1919026200,1921145800
45,845,241750050590800,2099300,1952772100,1954891700
45,861,241750110811600,2317400,2012992900,2015112500
45,877,241750145578600,2184900,2047759900,2049879500
45,893,241750180495200,2336500,2082676500,2084796100
45,909,241750215757900,2309500,2117939200,2120058800
45,925,241750251468000,2596500,2153649300,2155768900
45,941,241750287703000,2146900,2189884300,2192003900
45,957,241750322512600,2109700,2224693900,2226813500
45,973,241750356182900,2107400,2258364200,2260483800
45,989,241750398528400,2136600,2300709700,2302829300
45,1005,241750432416400,2078900,2334597700,2336717300
45,1021,241750466231800,2112200,2368413100,2370532700
45,1037,241750500071600,2099500,2402252900,2404372500
45,1053,241750533695400,2137100,2435876700,2437996300
45,1069,241750568594500,2252500,2470775800,2472895400
45,1085,241750602972700,2112300,2505154000,2507273600
45,1101,241750641739900,2089400,2543921200,2546040800
45,1117,241750677057300,2137100,2579238600,2581358200
45,1133,241750710983200,2149400,2613164500,2615284100
45,1149,241750745503100,2124800,2647684400,2649804000
45,1165,241750779335200,2058500,2681516500,2683636100
45,1181,241750812935900,2134500,2715117200,2717236800
45,1197,241750846968600,2654500,2749149900,2751269500
45,1213,241750882647900,2341600,2784829200,2786948800
45,1229,241750923775800,2194100,2825957100,2828076700
45,1245,241750959495600,2401100,2861676900,2863796500
45,1261,241750995530400,2230500,2897711700,2899831300
45,1277,241751032280700,2117200,2934462000,2936581600
45,1293,241751066833700,2241800,2969015000,2971134600
45,1309,241751102632200,2311200,3004813500,3006933100
45,1325,241751147728700,2964800,3049910000,3052029600
45,1341,241751200964700,3023400,3103146000,3105265600
45,1357,241751248862800,3019300,3151044100,3153163700
45,1373,241751295471700,2783300,3197653000,3199772600
45,1389,241751339872200,2644800,3242053500,3244173100
45,1405,241751385548600,2953600,3287729900,3289849500
45,1421,241751432707100,2959600,3334888400,3337008000
45,1437,241751479160000,2688100,3381341300,3383460900
45,1453,241751524079800,2933800,3426261100,3428380700
45,1469,241751575975400,2967700,3478156700,3480276300
45,1485,241751622624400,2797100,3524805700,3526925300
45,1501,241751666367600,2656200,3568548900,3570668500
45,1517,241751710157500,2717000,3612338800,3614458400
45,1533,241751755847100,2954000,3658028400,3660148000
45,1549,241751801096600,2905500,3703277900,3705397500
45,1565,241751848895800,2941600,3751077100,3753196700
45,1581,241751908947800,2810400,3811129100,3813248700
45,1597,241751956111600,2946500,3858292900,3860412500
45,1613,241752003092200,2816200,3905273500,3907393100
45,1629,241752051366100,2984800,3953547400,3955667000
45,1645,241752098877800,2922300,4001059100,4003178700
45,1661,241752143047100,2942500,4045228400,4047348000
45,1677,241752189452300,4645200,4091633600,4093753200
45,1693,241752236116000,2744000,4138297300,4140416900
45,1709,241752287349500,2909700,4189530800,4191650400
45,1725,241752335307100,4206600,4237488400,4239608000
45,1741,241752382766600,2950000,4284947900,4287067500
45,1757,241752429730800,2999400,4331912100,4334031700
45,1773,241752477915700,2861900,4380097000,4382216600
45,1789,241752523231800,2808300,4425413100,4427532700
45,1805,241752571932400,2639300,4474113700,4476233300
45,1821,241752619846600,2671900,4522027900,4524147500
45,1837,241752663456500,2767700,4565637800,4567757400
45,1853,241752708065800,3015100,4610247100,4612366700
45,1869,241752755801500,3478100,4657982800,4660102400
45,1885,241752802084700,2635000,4704266000,4706385600
45,1901,241752849553900,3023200,4751735200,4753854800
45,1917,241752901950700,3320900,4804132000,4806251600
45,1933,241752954705800,7924700,4856887100,4859006700
45,1949,241753012594100,3199900,4914775400,4916895000
45,1965,241753064193700,2853600,4966375000,4968494600
45,1981,241753107880100,2785500,5010061400,5012181000
45,1997,241753151992600,3274100,5054173900,5056293500
45,2013,241753196139000,2713200,5098320300,5100439900
45,2029,241753241299700,2745700,5143481000,5145600600
45,2045,241753288147300,3480600,5190328600,5192448200
46,14,241748191049600,2248700,93230900,95350500
46,30,241748228253200,2252900,130434500,132554100
46,46,241748265057100,2406300,167238400,169358000
46,62,241748301931300,2249200,204112600,206232200
46,78,241748339914300,2505400,242095600,244215200
46,94,241748377444600,2368100,279625900,281745500
46,110,241748421745900,2482700,323927200,326046800
46,126,241748457500900,2213100,359682200,361801800
46,142,241748493127500,2131000,395308800,397428400
46,158,241748529782300,2313500,431963600,434083200
46,174,241748565508900,2152400,467690200,469809800
46,190,241748601423600,2300600,503604900,505724500
46,206,241748636729700,2166400,538911000,541030600
46,222,241748671462500,2085900,573643800,575763400
46,238,241748712295700,2118500,614477000,616596600
46,254,241748746839400,2148600,649020700,651140300
46,270,241748781836800,2170100,684018100,686137700
46,286,241748816133700,2305400,718315000,720434600
46,302,241748850914400,2260900,753095700,755215300
46,318,241748884903300,2075400,787084600,789204200
46,334,241748918595700,2130300,820777000,822896600
46,350,241748952391100,2063700,854572400,856692000
46,366,241748993322800,2208900,895504100,897623700
46,382,241749029551000,2166600,931732300,933851900
46,398,241749064764500,2118300,966945800,969065400
46,414,241749099896200,2198100,1002077500,1004197100
46,430,241749134314100,2146800,1036495400,1038615000
46,446,241749169035300,2103700,1071216600,1073336200
46,462,241749204914200,2155200,1107095500,1109215100
46,478,241749238985900,2131200,1141167200,1143286800
46,494,241749279758400,2293300,1181939700,1184059300
46,510,241749313751500,2114200,1215932800,1218052400
46,526,241749347656700,2056700,1249838000,1251957600
46,542,241749381636300,2121800,1283817600,1285937200
46,558,241749416199800,2169900,1318381100,1320500700
46,574,241749452001900,2203500,1354183200,1356302800
46,590,241749486883800,2151300,1389065100,1391184700
46,606,241749521699300,2162500,1423880600,1426000200
46,622,241749563167600,2225500,1465348900,1467468500
46,638,241749599627000,2145900,1501808300,1503927900
46,654,241749633707100,2069000,1535888400,1538008000
46,670,241749667345800,2095400,1569527100,1571646700
46,686,241749701088800,2031600,1603270100,1605389700
46,702,241749734811700,2131200,1636993000,1639112600
46,718,241749769079400,2114500,1671260700,1673380300
46,734,241749803179800,2130500,1705361100,1707480700
46,750,241749846134900,2271400,1748316200,1750435800
46,766,241749880380400,2110200,1782561700,1784681300
46,782,241749915858200,2250400,1818039500,1820159100
46,798,241749950856800,2447600,1853038100,1855157700
46,814,241749986245400,2118500,1888426700,1890546300
46,830,241750020307200,2078200,1922488500,1924608100
46,846,241750054031600,2110300,1956212900,1958332500
46,862,241750112663500,2268900,2014844800,2016964400
46,878,241750147379300,2169700,2049560600,2051680200
46,894,241750182477100,2153900,2084658400,2086778000
46,910,241750217682900,2194200,2119864200,2121983800
46,926,241750253439600,2300400,2155620900,2157740500
46,942,241750289246200,2069000,2191427500,2193547100
46,958,241750324011900,2064500,2226193200,2228312800
46,974,241750357658200,2075600,2259839500,2261959100
46,990,241750399885700,2120600,2302067000,2304186600
46,1006,241750433737200,2101900,2335918500,2338038100
46,1022,241750467531700,2092100,2369713000,2371832600
46,1038,241750501357500,2077900,2403538800,2405658400
46,1054,241750534946600,2093000,2437127900,2439247500
46,1070,241750569734100,2194700,2471915400,2474035000
46,1086,241750604049900,2091600,2506231200,2508350800
46,1102,241750642894600,2112700,2545075900,2547195500
46,1118,241750677742600,2126100,2579923900,2582043500
46,1134,241750711654900,2134000,2613836200,2615955800
46,1150,241750746206300,2110800,2648387600,2650507200
46,1166,241750779963700,2079900,2682145000,2684264600
46,1182,241750813615500,2087000,2715796800,2717916400
46,1198,241750848162000,2408600,2750343300,2752462900
46,1214,241750883587100,2651000,2785768400,2787888000
46,1230,241750924766700,2191100,2826948000,2829067600
46,1246,241750960654200,2422200,2862835500,2864955100
46,1262,241750996683000,2216500,2898864300,2900983900
46,1278,241751033315300,2113100,2935496600,2937616200
46,1294,241751067776200,2064000,2969957500,2972077100
46,1310,241751103286200,2495700,3005467500,3007587100
46,1326,241751148698300,2996400,3050879600,3052999200
46,1342,241751201951700,2967600,3104133000,3106252600
46,1358,241751249798300,3025900,3151979600,3154099200
46,1374,241751296273000,2784000,3198454300,3200573900
46,1390,241751340621800,2609200,3242803100,3244922700
46,1406,241751386513500,2918300,3288694800,3290814400
46,1422,241751433657300,2972500,3335838600,3337958200
46,1438,241751480065800,2688300,3382247100,3384366700
46,1454,241751524983400,2949900,3427164700,3429284300
46,1470,241751576948800,2760900,3479130100,3481249700
46,1486,241751623201400,2776500,3525382700,3527502300
46,1502,241751666905000,2676700,3569086300,3571205900
46,1518,241751710720500,2712900,3612901800,3615021400
46,1534,241751756475000,2943800,3658656300,3660775900
46,1550,241751801650800,2908000,3703832100,3705951700
46,1566,241751849423800,2953400,3751605100,3753724700
46,1582,241751909457100,2913500,3811638400,3813758000
46,1598,241751956681600,2952700,3858862900,3860982500
46,1614,241752003645200,2856600,3905826500,3907946100
46,1630,241752051953300,2998600,3954134600,3956254200
46,1646,241752099415400,2950300,4001596700,4003716300
46,1662,241752143599400,2934000,4045780700,4047900300
46,1678,241752190116000,5846700,4092297300,4094416900
46,1694,241752236756100,2799700,4138937400,4141057000
46,1710,241752288045700,2918600,4190227000,4192346600
46,1726,241752336023000,4195300,4238204300,4240323900
46,1742,241752383477700,2944200,4285659000,4287778600
46,1758,241752430422600,2999900,4332603900,4334723500
46,1774,241752478591800,2801200,4380773100,4382892700
46,1790,241752523939200,2725800,4426120500,4428240100
46,1806,241752572521000,2666300,4474702300,4476821900
46,1822,241752620432100,2698800,4522613400,4524733000
46,1838,241752664085800,2752500,4566267100,4568386700
46,1854,241752709112300,2998800,4611293600,4613413200
46,1870,241752757232500,3135100,4659413800,4661533400
46,1886,241752802978000,2732200,4705159300,4707278900
46,1902,241752850626400,3021600,4752807700,4754927300
46,1918,241752903145000,3314000,4805326300,4807445900
46,1934,241752955805800,8077700,4857987100,4860106700
46,1950,241753013708600,3245200,4915889900,4918009500
46,1966,241753065138300,2814100,4967319600,4969439200
46,1982,241753108796800,2788200,5010978100,5013097700
46,1998,241753153455300,2722600,5055636600,5057756200
46,2014,241753197047800,2863000,5099229100,5101348700
46,2030,241753242229000,2729400,5144410300,5146529900
46,2046,241753289286800,3452200,5191468100,5193587700
47,15,241748193269400,2419800,95450700,97570300
47,31,241748230476500,2552700,132657800,134777400
47,47,241748267419000,2295700,169600300,171719900
47,63,241748304150900,2305700,206332200,208451800
47,79,241748342303700,2343300,244485000,246604600
47,95,241748379983400,2329900,282164700,284284300
47,111,241748424263100,2179800,326444400,328564000
47,127,241748459751700,2195800,361933000,364052600
47,143,241748495445100,2240700,397626400,399746000
47,159,241748532452600,2373200,434633900,436753500
47,175,241748567953800,2161800,470135100,472254700
47,191,241748604055400,2304800,506236700,508356300
47,207,241748639335400,2194900,541516700,543636300
47,223,241748673779100,2087100,575960400,578080000
47,239,241748714690400,2101600,616871700,618991300
47,255,241748749289300,2131800,651470600,653590200
47,271,241748784274600,2120900,686455900,688575500
47,287,241748818658400,2253000,720839700,722959300
47,303,241748853294100,2134300,755475400,757595000
47,319,241748887094600,2081100,789275900,791395500
47,335,241748920773200,2114600,822954500,825074100
47,351,241748954487000,2061000,856668300,858787900
47,367,241748995563600,2135200,897744900,899864500
47,383,241749031605300,2276700,933786600,935906200
47,399,241749066743300,2146600,968924600,971044200
47,415,241749102320100,2158500,1004501400,1006621000
47,431,241749136660900,2113900,1038842200,1040961800
47,447,241749171226600,2168200,1073407900,1075527500
47,463,241749207132800,2160900,1109314100,1111433700
47,479,241749241179800,2147100,1143361100,1145480700
47,495,241749282116400,2156900,1184297700,1186417300
47,511,241749315959100,2222200,1218140400,1220260000
47,527,241749349800600,2141500,1251981900,1254101500
47,543,241749383852300,2096200,1286033600,1288153200
47,559,241749418344000,2205500,1320525300,1322644900
47,575,241749454108900,2203500,1356290200,1358409800
47,591,241749488978700,2107400,1391160000,1393279600
47,607,241749523749300,2220400,1425930600,1428050200
47,623,241749565190600,2226000,1467371900,1469491500
47,639,241749601591000,2294500,1503772300,1505891900
47,655,241749635640200,2111500,1537821500,1539941100
47,671,241749669506900,2086300,1571688200,1573807800
47,687,241749703184500,2060300,1605365800,1607485400
47,703,241749737004300,2096100,1639185600,1641305200
47,719,241749771131400,2130800,1673312700,1675432300
47,735,241749805248700,2162100,1707430000,1709549600
47,751,241749847811300,2178000,1749992600,1752112200
47,767,241749881930700,2127800,1784112000,1786231600
47,783,241749917671000,2237900,1819852300,1821971900
47,799,241749952825300,2375500,1855006600,1857126200
47,815,241749987958900,2142700,1890140200,1892259800
47,831,241750021975800,2096300,1924157100,1926276700
47,847,241750055728600,2107500,1957909900,1960029500
47,863,241750115267900,2135700,2017449200,2019568800
47,879,241750149816500,2154900,2051997800,2054117400
47,895,241750185098300,2134600,2087279600,2089399200
47,911,241750220307900,2240000,2122489200,2124608800
47,927,241750256718100,2325400,2158899400,2161019000
47,943,241750292744000,2331500,2194925300,2197044900
47,959,241750327487300,2132700,2229668600,2231788200
47,975,241750361126500,2157100,2263307800,2265427400
47,991,241750403570200,2131100,2305751500,2307871100
47,1007,241750437358300,2143800,2339539600,2341659200
47,1023,241750471185700,2081500,2373367000,2375486600
47,1039,241750504954600,2087300,2407135900,2409255500
47,1055,241750538828600,2317900,2441009900,2443129500
47,1071,241750573835200,2189300,2476016500,2478136100
47,1087,241750608031000,2116400,2510212300,2512331900
47,1103,241750646805900,2258700,2548987200,2551106800
47,1119,241750682025500,2116400,2584206800,2586326400
47,1135,241750715910600,2107000,2618091900,2620211500
47,1151,241750750419900,2123200,2652601200,2654720800
47,1167,241750784137400,2106200,2686318700,2688438300
47,1183,241750817905500,2173100,2720086800,2722206400
47,1199,241750852978400,2133700,2755159700,2757279300
47,1215,241750888357900,2297700,2790539200,2792658800
47,1231,241750928841000,2182600,2831022300,2833141900
47,1247,241750964911900,2280000,2867093200,2869212800
47,1263,241751000591500,2189600,2902772800,2904892400
47,1279,241751037150900,2104700,2939332200,2941451800
47,1295,241751072566300,2345600,2974747600,2976867200
47,1311,241751108910000,2736800,3011091300,3013210900
47,1327,241751155126400,3001100,3057307700,3059427300
47,1343,241751208281500,3045600,3110462800,3112582400
47,1359,241751256235900,3038200,3158417200,3160536800
47,1375,241751302309800,2826700,3204491100,3206610700
47,1391,241751346227600,2582700,3248408900,3250528500
47,1407,241751392747700,2972400,3294929000,3297048600
47,1423,241751439948900,2958300,3342130200,3344249800
47,1439,241751485788200,2634200,3387969500,3390089100
47,1455,241751531260300,2827600,3433441600,3435561200
47,1471,241751582824000,2961500,3485005300,3487124900
47,1487,241751628756400,2740400,3530937700,3533057300
47,1503,241751672406500,2745800,3574587800,3576707400
47,1519,241751716188300,3027400,3618369600,3620489200
47,1535,241751762455200,2991500,3664636500,3666756100
47,1551,241751807304000,2696500,3709485300,3711604900
47,1567,241751855415600,2913600,3757596900,3759716500
47,1583,241751915525900,2938900,3817707200,3819826800
47,1599,241751962751900,2925300,3864933200,3867052800
47,1615,241752009531200,2745100,3911712500,3913832100
47,1631,241752057312200,3038400,3959493500,3961613100
47,1647,241752104649500,2959200,4006830800,4008950400
47,1663,241752148797900,2948400,4050979200,4053098800
47,1679,241752198354500,2684900,4100535800,4102655400
47,1695,241752241814100,2967400,4143995400,4146115000
47,1711,241752293198800,2932500,4195380100,4197499700
47,1727,241752342488200,2947500,4244669500,4246789100
47,1743,241752388645500,2930200,4290826800,4292946400
47,1759,241752435693600,2998700,4337874900,4339994500
47,1775,241752483500000,2813900,4385681300,4387800900
47,1791,241752528754200,2782500,4430935500,4433055100
47,1807,241752577264800,2683700,4479446100,4481565700
47,1823,241752625164200,2716300,4527345500,4529465100
47,1839,241752668909200,2734000,4571090500,4573210100
47,1855,241752714581700,2947600,4616763000,4618882600
47,1871,241752762850700,2977600,4665032000,4667151600
47,1887,241752808319400,3138000,4710500700,4712620300
47,1903,241752856210000,2969200,4758391300,4760510900
47,1919,241752909272600,3279000,4811453900,4813573500
47,1935,241752966834600,3455800,4869015900,4871135500
47,1951,241753019658300,3228700,4921839600,4923959200
47,1967,241753070437400,2876000,4972618700,4974738300
47,1983,241753113889000,2740900,5016070300,5018189900
47,1999,241753158435800,2822800,5060617100,5062736700
47,2015,241753202160500,2922100,5104341800,5106461400
47,2031,241753247218100,2782000,5149399400,5151519000
47,2047,241753295607900,2675700,5197789200,5199908800
48,0,241748145351200,8053200,47532500,49652100
48,16,241748195765200,2788600,97946500,100066100
48,32,241748233093300,2338000,135274600,137394200
48,48,241748269844000,2287900,172025300,174144900
48,64,241748306590400,2309100,208771700,210891300
48,80,241748344838200,2317700,247019500,249139100
48,96,241748382350300,2334000,284531600,286651200
48,112,241748426515500,2280200,328696800,330816400
48,128,241748462039100,2206700,364220400,366340000
48,144,241748497531500,2259200,399712800,401832400
48,160,241748534489900,2486800,436671200,438790800
48,176,241748569861700,2126800,472043000,474162600
48,192,241748606085300,2318200,508266600,510386200
48,208,241748641285300,2173600,543466600,545586200
48,224,241748675483900,2130200,577665200,579784800
48,240,241748716456000,2095900,618637300,620756900
48,256,241748751071500,2107300,653252800,655372400
48,272,241748786249900,2148600,688431200,690550800
48,288,241748820817400,2169700,722998700,725118300
48,304,241748855286100,2154500,757467400,759587000
48,320,241748889032600,2106800,791213900,793333500
48,336,241748923035200,2152700,825216500,827336100
48,352,241748956695900,2083900,858877200,860996800
48,368,241748997767200,2121300,899948500,902068100
48,384,241749033852800,2228400,936034100,938153700
48,400,241749068863100,2158800,971044400,973164000
48,416,241749104451700,2136800,1006633000,1008752600
48,432,241749138807500,2242500,1040988800,1043108400
48,448,241749173517200,2139700,1075698500,1077818100
48,464,241749209481300,2161100,1111662600,1113782200
48,480,241749243477600,2134200,1145658900,1147778500
48,496,241749284419500,2098100,1186600800,1188720400
48,512,241749318334200,2130900,1220515500,1222635100
48,528,241749352085500,2111400,1254266800,1256386400
48,544,241749386085800,2100000,1288267100,1290386700
48,560,241749420904500,2160100,1323085800,1325205400
48,576,241749456620800,2181900,1358802100,1360921700
48,592,241749491344400,2230700,1393525700,1395645300
48,608,241749526245000,2136800,1428426300,1430545900
48,624,241749567752100,2358800,1469933400,1472053000
48,640,241749604219500,2205200,1506400800,1508520400
48,656,241749638048700,2123000,1540230000,1542349600
48,672,241749671800900,2103500,1573982200,1576101800
48,688,241749705440700,2088600,1607622000,1609741600
48,704,241749739306500,2096300,1641487800,1643607400
48,720,241749773471500,2150600,1675652800,1677772400
48,736,241749807614800,2061800,1709796100,1711915700
48,752,241749850600000,2177600,1752781300,1754900900
48,768,241749884656200,2141600,1786837500,1788957100
48,784,241749920446600,2206900,1822627900,1824747500
48,800,241749955718200,2126100,1857899500,1860019100
48,816,241749990633500,2154300,1892814800,1894934400
48,832,241750024618800,2088400,1926800100,1928919700
48,848,241750058409500,2112700,1960590800,1962710400
48,864,241750117971100,2131100,2020152400,2022272000
48,880,241750152581200,2172200,2054762500,2056882100
48,896,241750187609300,2368000,2089790600,2091910200
48,912,241750222923600,2141800,2125104900,2127224500
48,928,241750258253500,2374600,2160434800,2162554400
48,944,241750294146500,2189000,2196327800,2198447400
48,960,241750328552300,2133700,2230733600,2232853200
48,976,241750362223500,2148400,2264404800,2266524400
48,992,241750404741500,2149400,2306922800,2309042400
48,1008,241750438579300,2141200,2340760600,2342880200
48,1024,241750472382700,2100200,2374564000,2376683600
48,1040,241750506164400,2107700,2408345700,2410465300
48,1056,241750540066600,2234900,2442247900,2444367500
48,1072,241750574851800,2128300,2477033100,2479152700
48,1088,241750609030500,2124100,2511211800,2513331400
48,1104,241750647889700,2217400,2550071000,2552190600
48,1120,241750682879200,2130300,2585060500,2587180100
48,1136,241750716771700,2109700,2618953000,2621072600
48,1152,241750751315400,2110300,2653496700,2655616300
48,1168,241750784964300,2103400,2687145600,2689265200
48,1184,241750818765800,2178300,2720947100,2723066700
48,1200,241750853758700,2145400,2755940000,2758059600
48,1216,241750889495100,2293800,2791676400,2793796000
48,1232,241750930118100,2190100,2832299400,2834419000
48,1248,241750966264800,2244600,2868446100,2870565700
48,1264,241751001883600,2164000,2904064900,2906184500
48,1280,241751038337900,2121400,2940519200,2942638800
48,1296,241751073278300,2362900,2975459600,2977579200
48,1312,241751109844500,2715100,3012025800,3014145400
48,1328,241751156107600,3012000,3058288900,3060408500
48,1344,241751209296100,3010100,3111477400,3113597000
48,1360,241751257309500,3059900,3159490800,3161610400
48,1376,241751303342300,2835800,3205523600,3207643200
48,1392,241751347203300,2530400,3249384600,3251504200
48,1408,241751393832300,2949800,3296013600,3298133200
48,1424,241751441023400,2960300,3343204700,3345324300
48,1440,241751486740900,2653700,3388922200,3391041800
48,1456,241751532390100,2715400,3434571400,3436691000
48,1472,241751583974300,2953100,3486155600,3488275200
48,1488,241751630239000,2734200,3532420300,3534539900
48,1504,241751673883500,2766100,3576064800,3578184400
48,1520,241751717646800,3080200,3619828100,3621947700
48,1536,241751764074800,2968400,3666256100,3668375700
48,1552,241751808777900,2718600,3710959200,3713078800
48,1568,241751857023400,2872900,3759204700,3761324300
48,1584,241751917183300,2899700,3819364600,3821484200
48,1600,241751964378200,2920000,3866559500,3868679100
48,1616,241752011004500,2750000,3913185800,3915305400
48,1632,241752058906700,3002900,3961088000,3963207600
48,1648,241752106248400,2948100,4008429700,4010549300
48,1664,241752150504300,2609300,4052685600,4054805200
48,1680,241752199740600,2705600,4101921900,4104041500
48,1696,241752243353200,2942000,4145534500,4147654100
48,1712,241752294696300,2955800,4196877600,4198997200
48,1728,241752344002200,2939800,4246183500,4248303100
48,1744,241752390149500,2907700,4292330800,4294450400
48,1760,241752437386900,3002000,4339568200,4341687800
48,1776,241752485116800,2821200,4387298100,4389417700
48,1792,241752530350500,2820500,4432531800,4434651400
48,1808,241752578832300,2702400,4481013600,4483133200
48,1824,241752626763700,2705400,4528945000,4531064600
48,1840,241752670508800,2695400,4572690100,4574809700
48,1856,241752716096100,2916000,4618277400,4620397000
48,1872,241752764371300,2957900,4666552600,4668672200
48,1888,241752809880700,3233400,4712062000,4714181600
48,1904,241752857763000,3028500,4759944300,4762063900
48,1920,241752911161200,3252500,4813342500,4815462100
48,1936,241752968811300,3270500,4870992600,4873112200
48,1952,241753021503700,3385900,4923685000,4925804600
48,1968,241753072034700,2849800,4974216000,4976335600
48,1984,241753115421400,2746200,5017602700,5019722300
48,2000,241753160054400,2780900,5062235700,5064355300
48,2016,241753203807600,2906800,5105988900,5108108500
48,2032,241753248838100,3027800,5151019400,5153139000
49,1,241748153445900,3345600,55627200,57746800
49,17,241748198635100,2411300,100816400,102936000
49,33,241748235499600,2346200,137680900,139800500
49,49,241748272096700,2298800,174278000,176397600
49,65,241748308869700,2383900,211051000,213170600
49,81,241748347092900,2335500,249274200,251393800
49,97,241748384562200,2324200,286743500,288863100
49,113,241748428644400,2226500,330825700,332945300
49,129,241748464071200,2138800,366252500,368372100
49,145,241748499635400,2306200,401816700,403936300
49,161,241748536743200,2193300,438924500,441044100
49,177,241748571782200,2141000,473963500,476083100
49,193,241748608127000,2334400,510308300,512427900
49,209,241748643077300,2119200,545258600,547378200
49,225,241748677343000,2231800,579524300,581643900
49,241,241748718255400,2128200,620436700,622556300
49,257,241748752880900,2130500,655062200,657181800
49,273,241748787987100,2155000,690168400,692288000
49,289,241748822589300,2229400,724770600,726890200
49,305,241748857168200,2154500,759349500,761469100
49,321,241748890856800,2076000,793038100,795157700
49,337,241748924837000,2156600,827018300,829137900
49,353,241748958450500,2224700,860631800,862751400
49,369,241748999614500,2117600,901795800,903915400
49,385,241749035530200,2276400,937711500,939831100
49,401,241749070449600,2205000,972630900,974750500
49,417,241749105796200,2139300,1007977500,1010097100
49,433,241749140173100,2177900,1042354400,1044474000
49,449,241749174683800,2150800,1076865100,1078984700
49,465,241749210768900,2127900,1112950200,1115069800
49,481,241749244757800,2112600,1146939100,1149058700
49,497,241749285677600,2117800,1187858900,1189978500
49,513,241749319584700,2135400,1221766000,1223885600
49,529,241749353343700,2125400,1255525000,1257644600
49,545,241749387331100,2125700,1289512400,1291632000
49,561,241749422050600,2210800,1324231900,1326351500
49,577,241749458023100,2220600,1360204400,1362324000
49,593,241749492745000,2157100,1394926300,1397045900
49,609,241749527573600,2118300,1429754900,1431874500
49,625,241749569254400,2220500,1471435700,1473555300
49,641,241749605545200,2087900,1507726500,1509846100
49,657,241749639291100,2004600,1541472400,1543592000
49,673,241749672914000,2072900,1575095300,1577214900
49,689,241749706540500,2110000,1608721800,1610841400
49,705,241749740409400,2097500,1642590700,1644710300
49,721,241749774584500,2171600,1676765800,1678885400
49,737,241749808730400,2044500,1710911700,1713031300
49,753,241749851697500,2181200,1753878800,1755998400
49,769,241749885807300,2143900,1787988600,1790108200
49,785,241749921631900,2183000,1823813200,1825932800
49,801,241749956857200,2120100,1859038500,1861158100
49,817,241749991718100,2126200,1893899400,1896019000
49,833,241750025675500,2063400,1927856800,1929976400
49,849,241750059451100,1996500,1961632400,1963752000
49,865,241750118741900,2153100,2020923200,2023042800
49,881,241750153519100,2112200,2055700400,2057820000
49,897,241750188414700,2370500,2090596000,2092715600
49,913,241750223816500,2135400,2125997800,2128117400
49,929,241750259772400,2294200,2161953700,2164073300
49,945,241750295547700,2111400,2197729000,2199848600
49,961,241750329914500,2115700,2232095800,2234215400
49,977,241750363590900,2109000,2265772200,2267891800
49,993,241750406018800,2130100,2308200100,2310319700
49,1009,241750439861000,2107800,2342042300,2344161900
49,1025,241750473707000,2102500,2375888300,2378007900
49,1041,241750507500800,2088400,2409682100,2411801700
49,1057,241750541180400,2285000,2443361700,2445481300
49,1073,241750575863200,2160800,2478044500,2480164100
49,1089,241750609945400,2126100,2512126700,2514246300
49,1105,241750648853600,2156300,2551034900,2553154500
49,1121,241750683852700,2129000,2586034000,2588153600
49,1137,241750717729800,2119700,2619911100,2622030700
49,1153,241750752234300,2083400,2654415600,2656535200
49,1169,241750785893500,2084500,2688074800,2690194400
49,1185,241750819741000,2145600,2721922300,2724041900
49,1201,241750854740600,2231400,2756921900,2759041500
49,1217,241750890454900,2271100,2792636200,2794755800
49,1233,241750930965500,2180500,2833146800,2835266400
49,1249,241750967100600,2274200,2869281900,2871401500
49,1265,241751002697500,2213900,2904878800,2906998400
49,1281,241751039118900,2243800,2941300200,2943419800
49,1297,241751074162700,2397700,2976344000,2978463600
49,1313,241751110924900,2743500,3013106200,3015225800
49,1329,241751157408500,2948100,3059589800,3061709400
49,1345,241751210606700,3011800,3112788000,3114907600
49,1361,241751258672700,3097900,3160854000,3162973600
49,1377,241751304603100,2793400,3206784400,3208904000
49,1393,241751348249300,2587500,3250430600,3252550200
49,1409,241751395009900,2953200,3297191200,3299310800
49,1425,241751442204000,2955700,3344385300,3346504900
49,1441,241751487775200,2643500,3389956500,3392076100
49,1457,241751533491500,2701700,3435672800,3437792400
49,1473,241751585289300,2959200,3487470600,3489590200
49,1489,241751632159000,2793000,3534340300,3536459900
49,1505,241751675881800,2820600,3578063100,3580182700
49,1521,241751719901000,2759600,3622082300,3624201900
49,1537,241751766207900,2909700,3668389200,3670508800
49,1553,241751810701900,2949800,3712883200,3715002800
49,1569,241751859077400,2912900,3761258700,3763378300
49,1585,241751919202700,3070800,3821384000,3823503600
49,1601,241751966412500,2955900,3868593800,3870713400
49,1617,241752013083100,2985500,3915264400,3917384000
49,1633,241752064050700,3075400,3966232000,3968351600
49,1649,241752111374700,3119300,4013556000,4015675600
49,1665,241752155115300,2921600,4057296600,4059416200
49,1681,241752204496200,2700800,4106677500,4108797100
49,1697,241752253192800,2932900,4155374100,4157493700
49,1713,241752299888500,2932900,4202069800,4204189400
49,1729,241752349221600,2930500,4251402900,4253522500
49,1745,241752395369300,2975400,4297550600,4299670200
49,1761,241752442539000,3064500,4344720300,4346839900
49,1777,241752489886200,2981400,4392067500,4394187100
49,1793,241752535292500,3806900,4437473800,4439593400
49,1809,241752583434500,2793500,4485615800,4487735400
49,1825,241752631331400,2754400,4533512700,4535632300
49,1841,241752675067800,2739600,4577249100,4579368700
49,1857,241752720985800,2959100,4623167100,4625286700
49,1873,241752769258700,2933100,4671440000,4673559600
49,1889,241752814808100,2693500,4716989400,4719109000
49,1905,241752862695200,3014500,4764876500,4766996100
49,1921,241752916469700,3324000,4818651000,4820770600
49,1937,241752974096000,3355200,4876277300,4878396900
49,1953,241753026975700,3239800,4929157000,4931276600
49,1969,241753076633900,2833800,4978815200,4980934800
49,1985,241753120043100,3117300,5022224400,5024344000
49,2001,241753164533900,2705300,5066715200,5068834800
49,2017,241753208497600,2880100,5110678900,5112798500
49,2033,241753253795800,2751100,5155977100,5158096700
50,2,241748156836500,2485400,59017800,61137400
50,18,241748201016900,2364600,103198200,105317800
50,34,241748237935500,2261000,140116800,142236400
50,50,241748274589500,2265000,176770800,178890400
50,66,241748311463500,2383400,213644800,215764400
50,82,241748349659900,2313000,251841200,253960800
50,98,241748387197200,2302500,289378500,291498100
50,114,241748431102500,2159000,333283800,335403400
50,130,241748466446700,2160700,368628000,370747600
50,146,241748502139400,2308300,404320700,406440300
50,162,241748539169800,2598600,441351100,443470700
50,178,241748574155100,2147700,476336400,478456000
50,194,241748610794700,2249300,512976000,515095600
50,210,241748645537600,2100600,547718900,549838500
50,226,241748679892200,2240500,582073500,584193100
50,242,241748720707200,2174400,622888500,625008100
50,258,241748755313900,2394000,657495200,659614800
50,274,241748790285600,2155100,692466900,694586500
50,290,241748824882600,2161300,727063900,729183500
50,306,241748859382800,2142000,761564100,763683700
50,322,241748893024600,2098500,795205900,797325500
50,338,241748927084400,2133200,829265700,831385300
50,354,241748960775900,2164600,862957200,865076800
50,370,241749001705300,2424100,903886600,906006200
50,386,241749037848100,2314100,940029400,942149000
50,402,241749072718700,2135000,974900000,977019600
50,418,241749108027500,2093400,1010208800,1012328400
50,434,241749142472700,2153000,1044654000,1046773600
50,450,241749176981300,2160700,1079162600,1081282200
50,466,241749212980700,2092200,1115162000,1117281600
50,482,241749246964000,2109300,1149145300,1151264900
50,498,241749287883100,2156900,1190064400,1192184000
50,514,241749321810600,2098600,1223991900,1226111500
50,530,241749355560800,2077500,1257742100,1259861700
50,546,241749389543600,2133700,1291724900,1293844500
50,562,241749424293100,2156600,1326474400,1328594000
50,578,241749460086300,2265800,1362267600,1364387200
50,594,241749494767800,2164800,1396949100,1399068700
50,610,241749529534600,2135000,1431715900,1433835500
50,626,241749571341100,2359400,1473522400,1475642000
50,642,241749607549700,2124400,1509731000,1511850600
50,658,241749641158500,2093300,1543339800,1545459400
50,674,241749674881700,2116600,1577063000,1579182600
50,690,241749708533500,2110400,1610714800,1612834400
50,706,241749742399300,2180800,1644580600,1646700200
50,722,241749776672800,2119300,1678854100,1680973700
50,738,241749810696600,1999900,1712877900,1714997500
50,754,241749853683800,2165500,1755865100,1757984700
50,770,241749887835900,2205500,1790017200,1792136800
50,786,241749923677200,2163400,1825858500,1827978100
50,802,241749958867000,2172000,1861048300,1863167900
50,818,241749993617700,2127400,1895799000,1897918600
50,834,241750027592500,2086100,1929773800,1931893400
50,850,241750061317300,16609900,1963498600,1965618200
50,866,241750121226100,2226900,2023407400,2025527000
50,882,241750155813300,2158300,2057994600,2060114200
50,898,241750191049600,2149800,2093230900,2095350500
50,914,241750226184000,2151400,2128365300,2130484900
50,930,241750262009000,2178200,2164190300,2166309900
50,946,241750297599400,2188100,2199780700,2201900300
50,962,241750331974300,2106900,2234155600,2236275200
50,978,241750365644100,2110000,2267825400,2269945000
50,994,241750408233500,2115900,2310414800,2312534400
50,1010,241750442059900,2143300,2344241200,2346360800
50,1026,241750475662500,2154500,2377843800,2379963400
50,1042,241750509413900,2098500,2411595200,2413714800
50,1058,241750543622200,2254500,2445803500,2447923100
50,1074,241750578284900,2122500,2480466200,2482585800
50,1090,241750612419800,2149800,2514601100,2516720700
50,1106,241750651373400,2134700,2553554700,2555674300
50,1122,241750686392200,2116400,2588573500,2590693100
50,1138,241750720261100,2123800,2622442400,2624562000
50,1154,241750754821400,2163900,2657002700,2659122300
50,1170,241750788454000,2082700,2690635300,2692754900
50,1186,241750822317100,2109500,2724498400,2726618000
50,1202,241750857465600,2246500,2759646900,2761766500
50,1218,241750893121300,2248600,2795302600,2797422200
50,1234,241750933483600,2190600,2835664900,2837784500
50,1250,241750969809200,2166700,2871990500,2874110100
50,1266,241751005310900,2339300,2907492200,2909611800
50,1282,241751041873300,2194400,2944054600,2946174200
50,1298,241751076912600,2234400,2979093900,2981213500
50,1314,241751114099100,2741900,3016280400,3018400000
50,1330,241751160757200,3013400,3062938500,3065058100
50,1346,241751213997700,3041100,3116179000,3118298600
50,1362,241751262042600,3074700,3164223900,3166343500
50,1378,241751307713700,2868000,3209895000,3212014600
50,1394,241751351162400,2581000,3253343700,3255463300
50,1410,241751398419300,2995700,3300600600,3302720200
50,1426,241751445610400,2904600,3347791700,3349911300
50,1442,241751490811900,2612300,3392993200,3395112800
50,1458,241751536673300,7620000,3438854600,3440974200
50,1474,241751588781300,2948900,3490962600,3493082200
50,1490,241751634728400,2718400,3536909700,3539029300
50,1506,241751678456400,2754400,3580637700,3582757300
50,1522,241751722434800,2756900,3624616100,3626735700
50,1538,241751768869300,2914800,3671050600,3673170200
50,1554,241751813399000,2790600,3715580300,3717699900
50,1570,241751861738600,2896700,3763919900,3766039500
50,1586,241751922060200,2936300,3824241500,3826361100
50,1602,241751969164400,3016400,3871345700,3873465300
50,1618,241752015824600,2633100,3918005900,3920125500
50,1634,241752062332800,3083900,3964514100,3966633700
50,1650,241752109607500,3230800,4011788800,4013908400
50,1666,241752153509900,2649900,4055691200,4057810800
50,1682,241752202860200,2687400,4105041500,4107161100
50,1698,241752246733900,7543200,4148915200,4151034800
50,1714,241752298141300,2913300,4200322600,4202442200
50,1730,241752347398300,2933700,4249579600,4251699200
50,1746,241752393496700,3055000,4295678000,4297797600
50,1762,241752440727000,3053100,4342908300,4345027900
50,1778,241752488253500,2867800,4390434800,4392554400
50,1794,241752533510700,3021200,4435692000,4437811600
50,1810,241752581839100,2767900,4484020400,4486140000
50,1826,241752629774800,2709500,4531956100,4534075700
50,1842,241752673493800,2716700,4575675100,4577794700
50,1858,241752719357600,2970800,4621538900,4623658500
50,1874,241752767652600,2927600,4669833900,4671953500
50,1890,241752813349400,2709400,4715530700,4717650300
50,1906,241752861044100,3014300,4763225400,4765345000
50,1922,241752914685600,3346300,4816866900,4818986500
50,1938,241752972332700,3301800,4874514000,4876633600
50,1954,241753025170300,3368000,4927351600,4929471200
50,1970,241753075112900,2785900,4977294200,4979413800
50,1986,241753118396600,3036000,5020577900,5022697500
50,2002,241753163030500,2710400,5065211800,5067331400
50,2018,241753206905700,2886100,5109087000,5111206600
50,2034,241753252056400,2759100,5154237700,5156357300
51,3,241748159382100,2449200,61563400,63683000
51,19,241748203480100,2310900,105661400,107781000
51,35,241748240359500,2245000,142540800,144660400
51,51,241748276945700,2287600,179127000,181246600
51,67,241748313947800,2193800,216129100,218248700
51,83,241748352041300,2248500,254222600,256342200
51,99,241748389631500,2353100,291812800,293932400
51,115,241748433492000,2225900,335673300,337792900
51,131,241748468878300,2159300,371059600,373179200
51,147,241748504798900,2174100,406980200,409099800
51,163,241748542104100,2144300,444285400,446405000
51,179,241748576596800,2203600,478778100,480897700
51,195,241748613364800,2181500,515546100,517665700
51,211,241748647950000,2112600,550131300,552250900
51,227,241748682369600,2146800,584550900,586670500
51,243,241748723126900,2106000,625308200,627427800
51,259,241748758007600,2531700,660188900,662308500
51,275,241748792827900,2275100,695009200,697128800
51,291,241748827414900,2144400,729596200,731715800
51,307,241748861910500,2160000,764091800,766211400
51,323,241748895490900,2070100,797672200,799791800
51,339,241748929540300,2090600,831721600,833841200
51,355,241748963256800,2049700,865438100,867557700
51,371,241749004837800,2259600,907019100,909138700
51,387,241749040590400,2308300,942771700,944891300
51,403,241749075254800,2079900,977436100,979555700
51,419,241749110713400,2137900,1012894700,1015014300
51,435,241749145254000,2149300,1047435300,1049554900
51,451,241749179899000,2293300,1082080300,1084199900
51,467,241749215597400,2105600,1117778700,1119898300
51,483,241749249593200,2120700,1151774500,1153894100
51,499,241749290540900,2165800,1192722200,1194841800
51,515,241749324495000,2117300,1226676300,1228795900
51,531,241749358198600,2095500,1260379900,1262499500
51,547,241749392252300,2109900,1294433600,1296553200
51,563,241749427051900,2159100,1329233200,1331352800
51,579,241749462953600,2188500,1365134900,1367254500
51,595,241749497551100,2076500,1399732400,1401852000
51,611,241749532261700,2126600,1434443000,1436562600
51,627,241749574393200,2142200,1476574500,1478694100
51,643,241749610291500,2098300,1512472800,1514592400
51,659,241749643927300,2110200,1546108600,1548228200
51,675,241749677702100,2084600,1579883400,1582003000
51,691,241749711353100,2090500,1613534400,1615654000
51,707,241749745400400,2136400,1647581700,1649701300
51,723,241749779542600,2121100,1681723900,1683843500
51,739,241749813402700,2565100,1715584000,1717703600
51,755,241749856532200,2092800,1758713500,1760833100
51,771,241749890573700,2155000,1792755000,1794874600
51,787,241749926359800,2158000,1828541100,1830660700
51,803,241749961551300,2139700,1863732600,1865852200
51,819,241749996281900,2184700,1898463200,1900582800
51,835,241750030322400,2088500,1932503700,1934623300
51,851,241750077847200,3597300,1980028500,1982148100
51,867,241750123582300,2392000,2025763600,2027883200
51,883,241750158112500,2075600,2060293800,2062413400
51,899,241750193397700,2129300,2095579000,2097698600
51,915,241750228533100,2220700,2130714400,2132834000
51,931,241750264367200,2222100,2166548500,2168668100
51,947,241750299882200,2189600,2202063500,2204183100
51,963,241750334203900,2048100,2236385200,2238504800
51,979,241750367877700,2079200,2270059000,2272178600
51,995,241750410382600,2136300,2312563900,2314683500
51,1011,241750444237100,2093600,2346418400,2348538000
51,1027,241750477932900,2114400,2380114200,2382233800
51,1043,241750511627300,2129700,2413808600,2415928200
51,1059,241750546200800,2160900,2448382100,2450501700
51,1075,241750580733000,2304700,2482914300,2485033900
51,1091,241750614852200,2137700,2517033500,2519153100
51,1107,241750653817300,2114200,2555998600,2558118200
51,1123,241750688543000,2115100,2590724300,2592843900
51,1139,241750722418200,2127200,2624599500,2626719100
51,1155,241750757044100,2104000,2659225400,2661345000
51,1171,241750790627600,2114400,2692808900,2694928500
51,1187,241750824540200,2090600,2726721500,2728841100
51,1203,241750859832200,2303200,2762013500,2764133100
51,1219,241750895564700,7312800,2797746000,2799865600
51,1235,241750935889400,2267000,2838070700,2840190300
51,1251,241750972100100,2175100,2874281400,2876401000
51,1267,241751007834800,3245200,2910016100,2912135700
51,1283,241751044238500,2176500,2946419800,2948539400
51,1299,241751079182500,2225900,2981363800,2983483400
51,1315,241751116883400,2795300,3019064700,3021184300
51,1331,241751163811200,3068200,3065992500,3068112100
51,1347,241751217088200,3032000,3119269500,3121389100
51,1363,241751265287900,2806700,3167469200,3169588800
51,1379,241751310623600,2850700,3212804900,3214924500
51,1395,241751353668900,2597300,3255850200,3257969800
51,1411,241751401167500,2962400,3303348800,3305468400
51,1427,241751448271900,2942700,3350453200,3352572800
51,1443,241751493188900,2617400,3395370200,3397489800
51,1459,241751539123300,7886400,3441304600,3443424200
51,1475,241751591355500,3037700,3493536800,3495656400
51,1491,241751637375700,2766000,3539557000,3541676600
51,1507,241751681126800,2679800,3583308100,3585427700
51,1523,241751725117800,2754900,3627299100,3629418700
51,1539,241751771701400,2919100,3673882700,3676002300
51,1555,241751816116700,3328900,3718298000,3720417600
51,1571,241751864553300,2911000,3766734600,3768854200
51,1587,241751924914000,2927200,3827095300,3829214900
51,1603,241751972099900,2896700,3874281200,3876400800
51,1619,241752018249800,4674600,3920431100,3922550700
51,1635,241752067083000,2952900,3969264300,3971383900
51,1651,241752114370500,2722800,4016551800,4018671400
51,1667,241752157719000,3033400,4059900300,4062019900
51,1683,241752206899100,2692600,4109080400,4111200000
51,1699,241752255790300,2946500,4157971600,4160091200
51,1715,241752302504100,2910100,4204685400,4206805000
51,1731,241752351821100,2913900,4254002400,4256122000
51,1747,241752398045700,2958000,4300227000,4302346600
51,1763,241752445308600,2994100,4347489900,4349609500
51,1779,241752492599300,2812500,4394780600,4396900200
51,1795,241752538186800,6720300,4440368100,4442487700
51,1811,241752585957600,2753100,4488138900,4490258500
51,1827,241752633825000,2675200,4536006300,4538125900
51,1843,241752677536200,2731800,4579717500,4581837100
51,1859,241752723494200,2963000,4625675500,4627795100
51,1875,241752771747700,2950000,4673929000,4676048600
51,1891,241752817111800,2698200,4719293100,4721412700
51,1907,241752865253800,3015700,4767435100,4769554700
51,1923,241752919305500,3356200,4821486800,4823606400
51,1939,241752976988500,3303100,4879169800,4881289400
51,1955,241753029728700,3196600,4931910000,4934029600
51,1971,241753079020300,2733300,4981201600,4983321200
51,1987,241753122636400,2859000,5024817700,5026937300
51,2003,241753166780000,2800700,5068961300,5071080900
51,2019,241753210911800,2828200,5113093100,5115212700
51,2035,241753255889000,2799800,5158070300,5160189900
52,4,241748161871800,2457900,64053100,66172700
52,20,241748205860800,2271400,108042100,110161700
52,36,241748242478300,2255800,144659600,146779200
52,52,241748279084400,2408000,181265700,183385300
52,68,241748316017200,2454800,218198500,220318100
52,84,241748354114100,2362400,256295400,258415000
52,100,241748391858800,2425800,294040100,296159700
52,116,241748435620200,2188300,337801500,339921100
52,132,241748470893000,2144600,373074300,375193900
52,148,241748506647700,2176100,408829000,410948600
52,164,241748543990500,2151900,446171800,448291400
52,180,241748578558700,2296600,480740000,482859600
52,196,241748615332800,2146500,517514100,519633700
52,212,241748649868800,2096900,552050100,554169700
52,228,241748684409300,2239200,586590600,588710200
52,244,241748725175400,2082500,627356700,629476300
52,260,241748760426800,2213500,662608100,664727700
52,276,241748795043700,2094600,697225000,699344600
52,292,241748829492200,2184000,731673500,733793100
52,308,241748864015800,2089900,766197100,768316700
52,324,241748897510300,2128100,799691600,801811200
52,340,241748931546300,2150600,833727600,835847200
52,356,241748965226100,2122800,867407400,869527000
52,372,241749006806100,2179500,908987400,911107000
52,388,241749042597900,2202300,944779200,946898800
52,404,241749077043300,2130500,979224600,981344200
52,420,241749112451400,2097600,1014632700,1016752300
52,436,241749146939300,2230500,1049120600,1051240200
52,452,241749181728600,2206600,1083909900,1086029500
52,468,241749217247000,2146300,1119428300,1121547900
52,484,241749251250500,2111200,1153431800,1155551400
52,500,241749292220100,2103900,1194401400,1196521000
52,516,241749326146700,2080600,1228328000,1230447600
52,532,241749359835400,2112300,1262016700,1264136300
52,548,241749393921700,2115700,1296103000,1298222600
52,564,241749428717100,2169000,1330898400,1333018000
52,580,241749464603800,2119100,1366785100,1368904700
52,596,241749499086900,2091900,1401268200,1403387800
52,612,241749533826900,2135500,1436008200,1438127800
52,628,241749575965900,2141300,1478147200,1480266800
52,644,241749611816300,2108900,1513997600,1516117200
52,660,241749645312600,2141100,1547493900,1549613500
52,676,241749679046500,2114400,1581227800,1583347400
52,692,241749712710400,2283500,1614891700,1617011300
52,708,241749746785500,2067100,1648966800,1651086400
52,724,241749780873400,2090600,1683054700,1685174300
52,740,241749814854700,2726800,1717036000,1719155600
52,756,241749857876100,2085900,1760057400,1762177000
52,772,241749892007100,2095100,1794188400,1796308000
52,788,241749927868200,2211200,1830049500,1832169100
52,804,241749963067500,2201300,1865248800,1867368400
52,820,241749997852800,2152600,1900034100,1902153700
52,836,241750031825000,2086800,1934006300,1936125900
52,852,241750082838000,2209100,1985019300,1987138900
52,868,241750126703800,2138800,2028885100,2031004700
52,884,241750160878900,2103100,2063060200,2065179800
52,900,241750196259100,2144900,2098440400,2100560000
52,916,241750231685500,2132000,2133866800,2135986400
52,932,241750267662500,2338300,2169843800,2171963400
52,948,241750303043800,2214700,2205225100,2207344700
52,964,241750337173100,2090100,2239354400,2241474000
52,980,241750378467700,2607200,2280649000,2282768600
52,996,241750413551000,2122400,2315732300,2317851900
52,1012,241750447353100,2096100,2349534400,2351654000
52,1028,241750481120500,2122800,2383301800,2385421400
52,1044,241750514867200,2117800,2417048500,2419168100
52,1060,241750549330200,2155800,2451511500,2453631100
52,1076,241750584010500,2113600,2486191800,2488311400
52,1092,241750618135200,2184400,2520316500,2522436100
52,1108,241750657079000,2399900,2559260300,2561379900
52,1124,241750692157000,2118800,2594338300,2596457900
52,1140,241750726198600,2207900,2628379900,2630499500
52,1156,241750760645800,2114200,2662827100,2664946700
52,1172,241750794209800,2083900,2696391100,2698510700
52,1188,241750828094400,2098600,2730275700,2732395300
52,1204,241750863662600,2158800,2765843900,2767963500
52,1220,241750904485400,2196200,2806666700,2808786300
52,1236,241750939821300,2155100,2842002600,2844122200
52,1252,241750975941800,2267800,2878123100,2880242700
52,1268,241751012972200,2307700,2915153500,2917273100
52,1284,241751047933600,2158800,2950114900,2952234500
52,1300,241751083179300,2262800,2985360600,2987480200
52,1316,241751122036600,2769700,3024217900,3026337500
52,1332,241751169262500,3007700,3071443800,3073563400
52,1348,241751222466300,3021000,3124647600,3126767200
52,1364,241751270491100,2789900,3172672400,3174792000
52,1380,241751315943500,2922500,3218124800,3220244400
52,1396,241751358689100,3235200,3260870400,3262990000
52,1412,241751406829100,2801800,3309010400,3311130000
52,1428,241751453919600,2890200,3356100900,3358220500
52,1444,241751498368000,2847500,3400549300,3402668900
52,1460,241751549839300,2648200,3452020600,3454140200
52,1476,241751597023500,2929900,3499204800,3501324400
52,1492,241751642598800,2735100,3544780100,3546899700
52,1508,241751686285100,2720200,3588466400,3590586000
52,1524,241751730468200,2741400,3632649500,3634769100
52,1540,241751777228000,2716700,3679409300,3681528900
52,1556,241751824094700,2730000,3726276000,3728395600
52,1572,241751870082700,2883000,3772264000,3774383600
52,1588,241751930504200,2930000,3832685500,3834805100
52,1604,241751977673000,2917200,3879854300,3881973900
52,1620,241752023661500,2727600,3925842800,3927962400
52,1636,241752070816400,2967000,3972997700,3975117300
52,1652,241752117774400,2669000,4019955700,4022075300
52,1668,241752161550500,2881200,4063731800,4065851400
52,1684,241752210444500,2680200,4112625800,4114745400
52,1700,241752259612700,2897000,4161794000,4163913600
52,1716,241752306301400,2926400,4208482700,4210602300
52,1732,241752355591800,2887700,4257773100,4259892700
52,1748,241752401904700,3002900,4304086000,4306205600
52,1764,241752449122800,2997800,4351304100,4353423700
52,1780,241752496180300,2818100,4398361600,4400481200
52,1796,241752545639700,2697000,4447821000,4449940600
52,1812,241752589408800,2701200,4491590100,4493709700
52,1828,241752637213600,2734600,4539394900,4541514500
52,1844,241752680972800,2694400,4583154100,4585273700
52,1860,241752727605200,3016300,4629786500,4631906100
52,1876,241752775741900,2962400,4677923200,4680042800
52,1892,241752820946700,3096400,4723128000,4725247600
52,1908,241752870011800,3378400,4772193100,4774312700
52,1924,241752924125800,3399200,4826307100,4828426700
52,1940,241752981726200,3290400,4883907500,4886027100
52,1956,241753034373800,3210400,4936555100,4938674700
52,1972,241753082920700,2592600,4985102000,4987221600
52,1988,241753126658700,2623800,5028840000,5030959600
52,2004,241753170758800,2738500,5072940100,5075059700
52,2020,241753214960500,2772100,5117141800,5119261400
52,2036,241753259804500,3083000,5161985800,5164105400
53,5,241748164367100,4156300,66548400,68668000
53,21,241748208296200,2296200,110477500,112597100
53,37,241748244921900,2263400,147103200,149222800
53,53,241748281773700,2269600,183955000,186074600
53,69,241748318726000,2396400,220907300,223026900
53,85,241748356606600,2391600,258787900,260907500
53,101,241748394252500,2309400,296433800,298553400
53,117,241748437747500,2197700,339928800,342048400
53,133,241748473102400,2129300,375283700,377403300
53,149,241748509064700,2191600,411246000,413365600
53,165,241748546353800,2160300,448535100,450654700
53,181,241748581015700,2185900,483197000,485316600
53,197,241748617569900,2160700,519751200,521870800
53,213,241748652059900,2109500,554241200,556360800
53,229,241748687043300,2217500,589224600,591344200
53,245,241748727558900,2116800,629740200,631859800
53,261,241748762812200,2213700,664993500,667113100
53,277,241748797259300,2164400,699440600,701560200
53,293,241748831824700,2125400,734006000,736125600
53,309,241748866250400,2165400,768431700,770551300
53,325,241748899723700,2051000,801905000,804024600
53,341,241748933815600,2121100,835996900,838116500
53,357,241748967470500,2117700,869651800,871771400
53,373,241749009438500,2262800,911619800,913739400
53,389,241749045313500,2176000,947494800,949614400
53,405,241749079613200,2114200,981794500,983914100
53,421,241749114852700,2180300,1017034000,1019153600
53,437,241749149568500,2139000,1051749800,1053869400
53,453,241749184385300,2165000,1086566600,1088686200
53,469,241749219880700,2098100,1122062000,1124181600
53,485,241749253861600,2110600,1156042900,1158162500
53,501,241749294780700,2088600,1196962000,1199081600
53,517,241749328659900,2134400,1230841200,1232960800
53,533,241749362357000,2134900,1264538300,1266657900
53,549,241749396402000,2156200,1298583300,1300702900
53,565,241749431525200,2195000,1333706500,1335826100
53,581,241749467262200,2153800,1369443500,1371563100
53,597,241749501783800,2158700,1403965100,1406084700
53,613,241749536579100,2111500,1438760400,1440880000
53,629,241749578665900,2223400,1480847200,1482966800
53,645,241749614445700,2090600,1516627000,1518746600
53,661,241749648120400,2103900,1550301700,1552421300
53,677,241749681865200,2106100,1584046500,1586166100
53,693,241749715690900,2069200,1617872200,1619991800
53,709,241749749543100,2126000,1651724400,1653844000
53,725,241749783670200,2111500,1685851500,1687971100
53,741,241749818438600,9258800,1720619900,1722739500
53,757,241749860757600,2127800,1762938900,1765058500
53,773,241749894887900,2161800,1797069200,1799188800
53,789,241749930703800,2164900,1832885100,1835004700
53,805,241749965897400,2182800,1868078700,1870198300
53,821,241750000538800,2216700,1902720100,1904839700
53,837,241750034440300,2085900,1936621600,1938741200
53,853,241750084079800,2303600,1986261100,1988380700
53,869,241750127767200,2051000,2029948500,2032068100
53,885,241750161906900,2067900,2064088200,2066207800
53,901,241750197066800,2134500,2099248100,2101367700
53,917,241750232174800,2139400,2134356100,2136475700
53,933,241750268522400,2223800,2170703700,2172823300
53,949,241750303780200,2242200,2205961500,2208081100
53,965,241750337894800,2082300,2240076100,2242195700
53,981,241750379521700,2411000,2281703000,2283822600
53,997,241750414292200,2133400,2316473500,2318593100
53,1013,241750448108300,2071600,2350289600,2352409200
53,1029,241750481813100,2112600,2383994400,2386114000
53,1045,241750515440000,2124800,2417621300,2419740900
53,1061,241750549973900,2164500,2452155200,2454274800
53,1077,241750584551700,2119700,2486733000,2488852600
53,1093,241750618461500,2195000,2520642800,2522762400
53,1109,241750657407800,2925100,2559589100,2561708700
53,1125,241750692886100,2111200,2595067400,2597187000
53,1141,241750726926300,2147800,2629107600,2631227200
53,1157,241750761275500,2116700,2663456800,2665576400
53,1173,241750794810400,2095600,2696991700,2699111300
53,1189,241750828688900,2101000,2730870200,2732989800
53,1205,241750864283700,2149400,2766465000,2768584600
53,1221,241750905176400,2133800,2807357700,2809477300
53,1237,241750940359500,2139900,2842540800,2844660400
53,1253,241750976566400,2291500,2878747700,2880867300
53,1269,241751013709800,2243400,2915891100,2918010700
53,1285,241751048561900,2163400,2950743200,2952862800
53,1301,241751084002900,2352500,2986184200,2988303800
53,1317,241751123116600,2782200,3025297900,3027417500
53,1333,241751170531400,3035400,3072712700,3074832300
53,1349,241751223761500,3000300,3125942800,3128062400
53,1365,241751271415400,2799500,3173596700,3175716300
53,1381,241751316873400,3141500,3219054700,3221174300
53,1397,241751359919700,3056200,3262101000,3264220600
53,1413,241751407907000,2814300,3310088300,3312207900
53,1429,241751455026500,2882400,3357207800,3359327400
53,1445,241751499488500,2646200,3401669800,3403789400
53,1461,241751550825900,2623800,3453007200,3455126800
53,1477,241751598142400,2938400,3500323700,3502443300
53,1493,241751643408400,2717000,3545589700,3547709300
53,1509,241751687095700,2707300,3589277000,3591396600
53,1525,241751731274500,2733500,3633455800,3635575400
53,1541,241751778067700,2705300,3680249000,3682368600
53,1557,241751825015800,2665100,3727197100,3729316700
53,1573,241751871028900,2906100,3773210200,3775329800
53,1589,241751931459200,2919900,3833640500,3835760100
53,1605,241751978622200,2924700,3880803500,3882923100
53,1621,241752026653600,2606000,3928834900,3930954500
53,1637,241752074118100,2904900,3976299400,3978419000
53,1653,241752120782800,2701100,4022964100,4025083700
53,1669,241752164760200,2946400,4066941500,4069061100
53,1685,241752213420200,2682700,4115601500,4117721100
53,1701,241752262837600,2916300,4165018900,4167138500
53,1717,241752309558800,2914800,4211740100,4213859700
53,1733,241752358808400,2917700,4260989700,4263109300
53,1749,241752405209500,2799300,4307390800,4309510400
53,1765,241752452550900,3010600,4354732200,4356851800
53,1781,241752499399300,2809600,4401580600,4403700200
53,1797,241752548673900,2733000,4450855200,4452974800
53,1813,241752592469800,2717600,4494651100,4496770700
53,1829,241752640305800,2720500,4542487100,4544606700
53,1845,241752684053500,2758700,4586234800,4588354400
53,1861,241752730960500,2932900,4633141800,4635261400
53,1877,241752779078900,2961900,4681260200,4683379800
53,1893,241752824388300,3030800,4726569600,4728689200
53,1909,241752873627300,3450500,4775808600,4777928200
53,1925,241752927722700,3592600,4829904000,4832023600
53,1941,241752985190600,3303900,4887371900,4889491500
53,1957,241753037758000,3216400,4939939300,4942058900
53,1973,241753085660700,2650300,4987842000,4989961600
53,1989,241753129424900,2694700,5031606200,5033725800
53,2005,241753173656900,2727300,5075838200,5077957800
53,2021,241753217882200,2752900,5120063500,5122183100
53,2037,241753264534400,2981200,5166715700,5168835300
54,6,241748168566700,3805200,70748000,72867600
54,22,241748210560100,2377700,112741400,114861000
54,38,241748247069200,2238100,149250500,151370100
54,54,241748283861400,2353100,186042700,188162300
54,70,241748321022800,2350600,223204100,225323700
54,86,241748359094500,2246300,261275800,263395400
54,102,241748396700400,2321600,298881700,301001300
54,118,241748439981600,2199800,342162900,344282500
54,134,241748475203100,2144400,377384400,379504000
54,150,241748511320500,2185100,413501800,415621400
54,166,241748548600400,2176700,450781700,452901300
54,182,241748583326700,2181500,485508000,487627600
54,198,241748619901500,2169500,522082800,524202400
54,214,241748654342300,2076900,556523600,558643200
54,230,241748689172000,2134800,591353300,593472900
54,246,241748729586300,2096300,631767600,633887200
54,262,241748764994000,2225600,667175300,669294900
54,278,241748799614500,2082100,701795800,703915400
54,294,241748834072800,2129400,736254100,738373700
54,310,241748868611900,2154100,770793200,772912800
54,326,241748901983200,2059400,804164500,806284100
54,342,241748936149900,2112100,838331200,840450800
54,358,241748969795000,2073500,871976300,874095900
54,374,241749011646800,2225000,913828100,915947700
54,390,241749047430800,2157500,949612100,951731700
54,406,241749081700700,2098500,983882000,986001600
54,422,241749117095000,2189900,1019276300,1021395900
54,438,241749151649800,2156200,1053831100,1055950700
54,454,241749186436900,2495300,1088618200,1090737800
54,470,241749221870100,2101700,1124051400,1126171000
54,486,241749255860000,2076500,1158041300,1160160900
54,502,241749296842100,2124200,1199023400,1201143000
54,518,241749330764400,2082900,1232945700,1235065300
54,534,241749364464500,2108200,1266645800,1268765400
54,550,241749398591600,2100500,1300772900,1302892500
54,566,241749433629400,2219700,1335810700,1337930300
54,582,241749469332000,2145600,1371513300,1373632900
54,598,241749503796800,2218200,1405978100,1408097700
54,614,241749538547300,2159200,1440728600,1442848200
54,630,241749580828300,2248500,1483009600,1485129200
54,646,241749616478900,2121200,1518660200,1520779800
54,662,241749650114700,2112900,1552296000,1554415600
54,678,241749683844500,2099200,1586025800,1588145400
54,694,241749717645000,2094400,1619826300,1621945900
54,710,241749751582800,2086100,1653764100,1655883700
54,726,241749785700900,2132100,1687882200,1690001800
54,742,241749827442700,2276300,1729624000,1731743600
54,758,241749862536300,2104000,1764717600,1766837200
54,774,241749896727600,2175000,1798908900,1801028500
54,790,241749932718800,2183300,1834900100,1837019700
54,806,241749967985300,2182100,1870166600,1872286200
54,822,241750002547300,2190500,1904728600,1906848200
54,838,241750036321500,2111400,1938502800,1940622400
54,854,241750086513300,2246600,1988694600,1990814200
54,870,241750129785000,2106200,2031966300,2034085900
54,886,241750163939900,2136500,2066121200,2068240800
54,902,241750199173700,2139400,2101355000,2103474600
54,918,241750234229500,2260000,2136410800,2138530400
54,934,241750270655300,2230600,2172836600,2174956200
54,950,241750305812400,2203200,2207993700,2210113300
54,966,241750339783100,2133700,2241964400,2244084000
54,982,241750381691400,2199500,2283872700,2285992300
54,998,241750416056600,2134200,2318237900,2320357500
54,1014,241750449784100,2086200,2351965400,2354085000
54,1030,241750483579300,2103500,2385760600,2387880200
54,1046,241750517420400,2101000,2419601700,2421721300
54,1062,241750551900600,2337500,2454081900,2456201500
54,1078,241750586504800,2104700,2488686100,2490805700
54,1094,241750620572600,2155400,2522753900,2524873500
54,1110,241750659725300,2419100,2561906600,2564026200
54,1126,241750694506000,2127000,2596687300,2598806900
54,1142,241750728627900,2157500,2630809200,2632928800
54,1158,241750762996100,2130200,2665177400,2667297000
54,1174,241750796524800,2155400,2698706100,2700825700
54,1190,241750830423100,2082600,2732604400,2734724000
54,1206,241750866088000,2356000,2768269300,2770388900
54,1222,241750907102500,2214000,2809283800,2811403400
54,1238,241750942381900,2124900,2844563200,2846682800
54,1254,241750978547300,2313700,2880728600,2882848200
54,1270,241751015583800,2274800,2917765100,2919884700
54,1286,241751050337900,2208700,2952519200,2954638800
54,1302,241751085757900,2252700,2987939200,2990058800
54,1318,241751125128400,2778300,3027309700,3029429300
54,1334,241751172741800,3052100,3074923100,3077042700
54,1350,241751225960900,3017800,3128142200,3130261800
54,1366,241751273442700,2869900,3175624000,3177743600
54,1382,241751319088400,3000700,3221269700,3223389300
54,1398,241751362178400,2947900,3264359700,3266479300
54,1414,241751409932800,2921000,3312114100,3314233700
54,1430,241751457094300,2974000,3359275600,3361395200
54,1446,241751501535100,2751600,3403716400,3405836000
54,1462,241751552769800,2953500,3454951100,3457070700
54,1478,241751600488300,2918100,3502669600,3504789200
54,1494,241751645483200,2671900,3547664500,3549784100
54,1510,241751689159100,2700800,3591340400,3593460000
54,1526,241751733356600,2874600,3635537900,3637657500
54,1542,241751780112500,2738200,3682293800,3684413400
54,1558,241751827013500,2778100,3729194800,3731314400
54,1574,241751873179600,2916100,3775360900,3777480500
54,1590,241751933680900,2938100,3835862200,3837981800
54,1606,241751980839300,2953900,3883020600,3885140200
54,1622,241752027081200,2593800,3929262500,3931382100
54,1638,241752074635300,2907500,3976816600,3978936200
54,1654,241752121303000,2647100,4023484300,4025603900
54,1670,241752165293800,2938200,4067475100,4069594700
54,1686,241752213896800,2687500,4116078100,4118197700
54,1702,241752263362000,2907900,4165543300,4167662900
54,1718,241752310090100,2913000,4212271400,4214391000
54,1734,241752359296100,2914700,4261477400,4263597000
54,1750,241752405661500,2844200,4307842800,4309962400
54,1766,241752453043000,3032800,4355224300,4357343900
54,1782,241752499820300,2803600,4402001600,4404121200
54,1798,241752549158200,2743700,4451339500,4453459100
54,1814,241752592958600,2707400,4495139900,4497259500
54,1830,241752640801200,2693800,4542982500,4545102100
54,1846,241752684578100,2738100,4586759400,4588879000
54,1862,241752731446700,2937900,4633628000,4635747600
54,1878,241752779604800,2922200,4681786100,4683905700
54,1894,241752824937200,3012300,4727118500,4729238100
54,1910,241752874241000,3438100,4776422300,4778541900
54,1926,241752928311100,3554700,4830492400,4832612000
54,1942,241752985778500,3305500,4887959800,4890079400
54,1958,241753038318100,3236600,4940499400,4942619000
54,1974,241753086119100,2652700,4988300400,4990420000
54,1990,241753129916500,2664700,5032097800,5034217400
54,2006,241753174146100,2724900,5076327400,5078447000
54,2022,241753218373200,2760400,5120554500,5122674100
54,2038,241753265105100,2695200,5167286400,5169406000
55,7,241748172465000,3293600,74646300,76765900
55,23,241748212719800,2318800,114901100,117020700
55,39,241748249160200,2395000,151341500,153461100
55,55,241748286041300,2353300,188222600,190342200
55,71,241748323137900,2325900,225319200,227438800
55,87,241748361073000,2375100,263254300,265373900
55,103,241748398629300,2404200,300810600,302930200
55,119,241748441939900,2249500,344121200,346240800
55,135,241748477057300,2152900,379238600,381358200
55,151,241748513055700,2146600,415237000,417356600
55,167,241748550158400,2281000,452339700,454459300
55,183,241748584960700,2177200,487142000,489261600
55,199,241748621129500,2234100,523310800,525430400
55,215,241748655535600,2083100,557716900,559836500
55,231,241748690534500,2106100,592715800,594835400
55,247,241748730881000,2119900,633062300,635181900
55,263,241748766402300,2162900,668583600,670703200
55,279,241748800852900,2078700,703034200,705153800
55,295,241748835279200,2137900,737460500,739580100
55,311,241748869781700,2130000,771963000,774082600
55,327,241748903107900,2056000,805289200,807408800
55,343,241748937291900,2130600,839473200,841592800
55,359,241748970933200,2048400,873114500,875234100
55,375,241749012617900,2229100,914799200,916918800
55,391,241749048370300,2166000,950551600,952671200
55,407,241749082692500,2348800,984873800,986993400
55,423,241749118118200,2235300,1020299500,1022419100
55,439,241749152696600,2136000,1054877900,1056997500
55,455,241749187698200,2227300,1089879500,1091999100
55,471,241749222784900,2116200,1124966200,1127085800
55,487,241749256770500,2078100,1158951800,1161071400
55,503,241749297686900,2171700,1199868200,1201987800
55,519,241749331600400,2067600,1233781700,1235901300
55,535,241749365311100,2284900,1267492400,1269612000
55,551,241749399399000,2112400,1301580300,1303699900
55,567,241749434788200,2262600,1336969500,1339089100
55,583,241749470474000,2094700,1372655300,1374774900
55,599,241749504961600,2294200,1407142900,1409262500
55,615,241749539684200,2332400,1441865500,1443985100
55,631,241749581911900,2303000,1484093200,1486212800
55,647,241749617592500,2098200,1519773800,1521893400
55,663,241749651356700,2103700,1553538000,1555657600
55,679,241749685087300,2090000,1587268600,1589388200
55,695,241749718879400,2086800,1621060700,1623180300
55,711,241749752787100,2113600,1654968400,1657088000
55,727,241749786914500,2152400,1689095800,1691215400
55,743,241749828860800,2189300,1731042100,1733161700
55,759,241749863821500,2065800,1766002800,1768122400
55,775,241749898096500,2215100,1800277800,1802397400
55,791,241749933984900,2244500,1836166200,1838285800
55,807,241749969349900,2222900,1871531200,1873650800
55,823,241750003919200,2132700,1906100500,1908220100
55,839,241750037667600,2082700,1939848900,1941968500
55,855,241750088878400,2108200,1991059700,1993179300
55,871,241750132064300,2093400,2034245600,2036365200
55,887,241750166249300,2090400,2068430600,2070550200
55,903,241750201435500,2205500,2103616800,2105736400
55,919,241750236621400,2153500,2138802700,2140922300
55,935,241750273215200,2158900,2175396500,2177516100
55,951,241750308387100,2188700,2210568400,2212688000
55,967,241750342285500,2094900,2244466800,2246586400
55,983,241750384286800,2218800,2286468100,2288587700
55,999,241750418606000,2097400,2320787300,2322906900
55,1015,241750452319100,2108700,2354500400,2356620000
55,1031,241750486221200,2125200,2388402500,2390522100
55,1047,241750520072500,2098300,2422253800,2424373400
55,1063,241750554623600,2156700,2456804900,2458924500
55,1079,241750588947300,2098700,2491128600,2493248200
55,1095,241750622844500,2057900,2525025800,2527145400
55,1111,241750662596900,2176800,2564778200,2566897800
55,1127,241750697043100,2111800,2599224400,2601344000
55,1143,241750731255100,2112000,2633436400,2635556000
55,1159,241750765470200,2087000,2667651500,2669771100
55,1175,241750799030500,2117000,2701211800,2703331400
55,1191,241750832811000,2066400,2734992300,2737111900
55,1207,241750868741500,2103600,2770922800,2773042400
55,1223,241750909357400,2148900,2811538700,2813658300
55,1239,241750944451000,2259600,2846632300,2848751900
55,1255,241750980831500,2179900,2883012800,2885132400
55,1271,241751017924600,2296700,2920105900,2922225500
55,1287,241751052644200,2203900,2954825500,2956945100
55,1303,241751088167900,2189600,2990349200,2992468800
55,1319,241751128148600,2746200,3030329900,3032449500
55,1335,241751176053900,3028200,3078235200,3080354800
55,1351,241751229243200,3025600,3131424500,3133544100
55,1367,241751276771400,2970100,3178952700,3181072300
55,1383,241751322369200,2771700,3224550500,3226670100
55,1399,241751365469200,2976400,3267650500,3269770100
55,1415,241751413187700,2923300,3315369000,3317488600
55,1431,241751460399300,2913300,3362580600,3364700200
55,1447,241751504584700,2951800,3406766000,3408885600
55,1463,241751556073300,3023400,3458254600,3460374200
55,1479,241751603439700,2583900,3505621000,3507740600
55,1495,241751648043100,2732000,3550224400,3552344000
55,1511,241751691746500,2694300,3593927800,3596047400
55,1527,241751736122700,2860400,3638304000,3640423600
55,1543,241751782738000,2743300,3684919300,3687038900
55,1559,241751829668500,2835600,3731849800,3733969400
55,1575,241751875970500,2954100,3778151800,3780271400
55,1591,241751936498100,3026000,3838679400,3840799000
55,1607,241751983667600,2719300,3885848900,3887968500
55,1623,241752030215000,2760500,3932396300,3934515900
55,1639,241752078068900,2938800,3980250200,3982369800
55,1655,241752124438300,2682000,4026619600,4028739200
55,1671,241752169384800,2904500,4071566100,4073685700
55,1687,241752217603700,2711000,4119785000,4121904600
55,1703,241752267423900,3005000,4169605200,4171724800
55,1719,241752314153400,2948400,4216334700,4218454300
55,1735,241752363384900,2906700,4265566200,4267685800
55,1751,241752409683200,2804900,4311864500,4313984100
55,1767,241752457255800,3017800,4359437100,4361556700
55,1783,241752503745800,2790400,4405927100,4408046700
55,1799,241752552967200,2729600,4455148500,4457268100
55,1815,241752596780800,2753400,4498962100,4501081700
55,1831,241752644596500,2710200,4546777800,4548897400
55,1847,241752688407900,2732500,4590589200,4592708800
55,1863,241752735675600,2938900,4637856900,4639976500
55,1879,241752783784900,2900700,4685966200,4688085800
55,1895,241752829194600,3003500,4731375900,4733495500
55,1911,241752879043700,3216500,4781225000,4783344600
55,1927,241752933220900,3384300,4835402200,4837521800
55,1943,241752990404500,3406500,4892585800,4894705400
55,1959,241753042913400,3204800,4945094700,4947214300
55,1975,241753089888000,2590900,4992069300,4994188900
55,1991,241753133668700,2602400,5035850000,5037969600
55,2007,241753178052700,2771200,5080234000,5082353600
55,2023,241753222292900,2783000,5124474200,5126593800
55,2039,241753269134500,2770300,5171315800,5173435400
56,8,241748175808600,3102900,77989900,80109500
56,24,241748215246300,2330500,117427600,119547200
56,40,241748251842600,2239100,154023900,156143500
56,56,241748288565500,2291100,190746800,192866400
56,72,241748325616900,2402200,227798200,229917800
56,88,241748363735300,2330100,265916600,268036200
56,104,241748401354200,9758700,303535500,305655100
56,120,241748444494900,2200600,346676200,348795800
56,136,241748479585500,2168300,381766800,383886400
56,152,241748515622700,2276000,417804000,419923600
56,168,241748552955900,2187200,455137200,457256800
56,184,241748587713400,2162300,489894700,492014300
56,200,241748624193600,2187000,526374900,528494500
56,216,241748658417100,2303100,560598400,562718000
56,232,241748693475700,2079800,595657000,597776600
56,248,241748733838000,2172200,636019300,638138900
56,264,241748769522800,2159600,671704100,673823700
56,280,241748803834100,2129300,706015400,708135000
56,296,241748838374500,2128800,740555800,742675400
56,312,241748872779600,2051300,774960900,777080500
56,328,241748905985600,2117300,808166900,810286500
56,344,241748940245900,2059500,842427200,844546800
56,360,241748973791000,2392800,875972300,878091900
56,376,241749016284100,2203800,918465400,920585000
56,392,241749051905000,2222100,954086300,956205900
56,408,241749086294900,2637900,988476200,990595800
56,424,241749121561100,2139200,1023742400,1025862000
56,440,241749155988600,2070200,1058169900,1060289500
56,456,241749191348900,2371700,1093530200,1095649800
56,472,241749226112800,2149300,1128294100,1130413700
56,488,241749260090400,2121500,1162271700,1164391300
56,504,241749301046300,2084200,1203227600,1205347200
56,520,241749334892300,2105800,1237073600,1239193200
56,536,241749368828000,2130800,1271009300,1273128900
56,552,241749402737500,2119400,1304918800,1307038400
56,568,241749438001400,2245400,1340182700,1342302300
56,584,241749473618100,2157100,1375799400,1377919000
56,600,241749508435600,2266700,1410616900,1412736500
56,616,241749542967700,2215700,1445149000,1447268600
56,632,241749585293700,2275000,1487475000,1489594600
56,648,241749620688700,2095700,1522870000,1524989600
56,664,241749654387400,2123000,1556568700,1558688300
56,680,241749688066200,2143900,1590247500,1592367100
56,696,241749721865400,2078800,1624046700,1626166300
56,712,241749755828100,2234600,1658009400,1660129000
56,728,241749790020500,2117200,1692201800,1694321400
56,744,241749832053500,2176800,1734234800,1736354400
56,760,241749866833500,2126200,1769014800,1771134400
56,776,241749901409700,2141500,1803591000,1805710600
56,792,241749937146000,2134500,1839327300,1841446900
56,808,241749972396900,2180100,1874578200,1876697800
56,824,241750006875000,2084200,1909056300,1911175900
56,840,241750040547500,2059600,1942728800,1944848400
56,856,241750092020800,2343500,1994202100,1996321700
56,872,241750135248300,2064400,2037429600,2039549200
56,888,241750169422100,2201000,2071603400,2073723000
56,904,241750204910900,2387900,2107092200,2109211800
56,920,241750240195000,2197000,2142376300,2144495900
56,936,241750276843100,2181600,2179024400,2181144000
56,952,241750311937800,2093200,2214119100,2216238700
56,968,241750345693500,2134300,2247874800,2249994400
56,984,241750387991500,2283000,2290172800,2292292400
56,1000,241750422155500,2085000,2324336800,2326456400
56,1016,241750455880400,2076800,2358061700,2360181300
56,1032,241750489739900,2124600,2391921200,2394040800
56,1048,241750523419400,2112300,2425600700,2427720300
56,1064,241750558256900,2150100,2460438200,2462557800
56,1080,241750592663900,2143200,2494845200,2496964800
56,1096,241750626540900,2128500,2528722200,2530841800
56,1112,241750666216200,2208200,2568397500,2570517100
56,1128,241750700519500,2125300,2602700800,2604820400
56,1144,241750734804600,2175100,2636985900,2639105500
56,1160,241750768922300,2139100,2671103600,2673223200
56,1176,241750802555000,2127800,2704736300,2706855900
56,1192,241750836268000,2217300,2738449300,2740568900
56,1208,241750872256300,2196100,2774437600,2776557200
56,1224,241750913121900,2182000,2815303200,2817422800
56,1240,241750948509000,2381800,2850690300,2852809900
56,1256,241750984659000,2245700,2886840300,2888959900
56,1272,241751021878000,2203000,2924059300,2926178900
56,1288,241751056502700,2126300,2958684000,2960803600
56,1304,241751092041700,2246500,2994223000,2996342600
56,1320,241751133028700,2781600,3035210000,3037329600
56,1336,241751181292700,3218300,3083474000,3085593600
56,1352,241751234477300,3022700,3136658600,3138778200
56,1368,241751282078700,2789100,3184260000,3186379600
56,1384,241751327459400,2558700,3229640700,3231760300
56,1400,241751371076000,3214000,3273257300,3275376900
56,1416,241751418648400,3011200,3320829700,3322949300
56,1432,241751465830300,3127300,3368011600,3370131200
56,1448,241751509997900,2975800,3412179200,3414298800
56,1464,241751561711900,3014200,3463893200,3466012800
56,1480,241751608860800,2984800,3511042100,3513161700
56,1496,241751653540500,2796300,3555721800,3557841400
56,1512,241751697197400,2749200,3599378700,3601498300
56,1528,241751742006100,2971100,3644187400,3646307000
56,1544,241751788286000,2746000,3690467300,3692586900
56,1560,241751835366900,2853200,3737548200,3739667800
56,1576,241751881868400,2921800,3784049700,3786169300
56,1592,241751942426700,2947100,3844608000,3846727600
56,1608,241751989304100,2947200,3891485400,3893605000
56,1624,241752035834400,3037800,3938015700,3940135300
56,1640,241752083836600,2970600,3986017900,3988137500
56,1656,241752129587200,2590300,4031768500,4033888100
56,1672,241752174624700,2938900,4076806000,4078925600
56,1688,241752222508300,2691800,4124689600,4126809200
56,1704,241752272626900,2939800,4174808200,4176927800
56,1720,241752319359400,2928900,4221540700,4223660300
56,1736,241752368550500,2949000,4270731800,4272851400
56,1752,241752414728500,2996400,4316909800,4319029400
56,1768,241752462662700,3041000,4364844000,4366963600
56,1784,241752508780300,2811700,4410961600,4413081200
56,1800,241752558084500,2744300,4460265800,4462385400
56,1816,241752601706800,7316400,4503888100,4506007700
56,1832,241752649440800,2957400,4551622100,4553741700
56,1848,241752693274400,3530800,4595455700,4597575300
56,1864,241752741532100,3116700,4643713400,4645833000
56,1880,241752789506800,2623100,4691688100,4693807700
56,1896,241752835005000,3142300,4737186300,4739305900
56,1912,241752885482300,3529700,4787663600,4789783200
56,1928,241752939620900,3247400,4841802200,4843921800
56,1944,241752996935900,3280100,4899117200,4901236800
56,1960,241753049010500,3164800,4951191800,4953311400
56,1976,241753094842200,2614800,4997023500,4999143100
56,1992,241753138805200,2634800,5040986500,5043106100
56,2008,241753183428900,2401000,5085610200,5087729800
56,2024,241753227738400,2818900,5129919700,5132039300
56,2040,241753274364400,2748400,5176545700,5178665300
57,9,241748178952800,2422300,81134100,83253700
57,25,241748217515400,2261300,119696700,121816300
57,41,241748254149400,2251800,156330700,158450300
57,57,241748291035100,2249700,193216400,195336000
57,73,241748328152200,2477800,230333500,232453100
57,89,241748366201900,2331900,268383200,270502800
57,105,241748411249700,2399900,313431000,315550600
57,121,241748447065700,2226600,349247000,351366600
57,137,241748482078500,2150500,384259800,386379400
57,153,241748518288500,2365900,420469800,422589400
57,169,241748555501600,2159300,457682900,459802500
57,185,241748590215800,2684400,492397100,494516700
57,201,241748626808000,2154800,528989300,531108900
57,217,241748661234900,2248400,563416200,565535800
57,233,241748696024500,2157800,598205800,600325400
57,249,241748736521800,2360000,638703100,640822700
57,265,241748772168200,2110100,674349500,676469100
57,281,241748806436300,2126100,708617600,710737200
57,297,241748841266300,2112100,743447600,745567200
57,313,241748875623200,2085200,777804500,779924100
57,329,241748908951700,2129800,811133000,813252600
57,345,241748943135600,2072900,845316900,847436500
57,361,241748977201700,2320400,879383000,881502600
57,377,241749018669200,2233100,920850500,922970100
57,393,241749054303500,2176300,956484800,958604400
57,409,241749089195000,2306900,991376300,993495900
57,425,241749123873500,2151600,1026054800,1028174400
57,441,241749158180000,2147500,1060361300,1062480900
57,457,241749193875500,2290200,1096056800,1098176400
57,473,241749228406500,2119500,1130587800,1132707400
57,489,241749262351800,2107700,1164533100,1166652700
57,505,241749303309500,2071200,1205490800,1207610400
57,521,241749337170300,2107200,1239351600,1241471200
57,537,241749371142500,2106700,1273323800,1275443400
57,553,241749405027300,2130900,1307208600,1309328200
57,569,241749440426700,2251500,1342608000,1344727600
57,585,241749475925500,2254300,1378106800,1380226400
57,601,241749510874200,2113400,1413055500,1415175100
57,617,241749545616600,2070500,1447797900,1449917500
57,633,241749587977400,2637500,1490158700,1492278300
57,649,241749623072100,2151300,1525253400,1527373000
57,665,241749656776000,2137700,1558957300,1561076900
57,681,241749690480500,2123000,1592661800,1594781400
57,697,241749724207400,2117000,1626388700,1628508300
57,713,241749758344700,2141500,1660526000,1662645600
57,729,241749792403400,2199000,1694584700,1696704300
57,745,241749834778100,2142700,1736959400,1739079000
57,761,241749869364200,2174700,1771545500,1773665100
57,777,241749903878200,2297200,1806059500,1808179100
57,793,241749939665200,2148500,1841846500,1843966100
57,809,241749975079600,2190800,1877260900,1879380500
57,825,241750009448300,2083500,1911629600,1913749200
57,841,241750043101400,2094400,1945282700,1947402300
57,857,241750093902500,2263300,1996083800,1998203400
57,873,241750136957500,2094900,2039138800,2041258400
57,889,241750171271200,2156500,2073452500,2075572100
57,905,241750207152300,2228100,2109333600,2111453200
57,921,241750242361500,2157300,2144542800,2146662400
57,937,241750278740500,2159500,2180921800,2183041400
57,953,241750313894900,2096600,2216076200,2218195800
57,969,241750347691600,2115300,2249872900,2251992500
57,985,241750390109200,2115800,2292290500,2294410100
57,1001,241750424080100,2099200,2326261400,2328381000
57,1017,241750457786500,2191100,2359967800,2362087400
57,1033,241750491657400,2098200,2393838700,2395958300
57,1049,241750525236000,2071700,2427417300,2429536900
57,1065,241750560014600,2107800,2462195900,2464315500
57,1081,241750594318300,2121100,2496499600,2498619200
57,1097,241750628214300,2121900,2530395600,2532515200
57,1113,241750667930000,2158000,2570111300,2572230900
57,1129,241750702160700,2116500,2604342000,2606461600
57,1145,241750736480900,2108700,2638662200,2640781800
57,1161,241750770574100,2091000,2672755400,2674875000
57,1177,241750804109400,2122300,2706290700,2708410300
57,1193,241750837932600,2134300,2740113900,2742233500
57,1209,241750873952100,2281400,2776133400,2778253000
57,1225,241750914753800,2107400,2816935100,2819054700
57,1241,241750950172000,2260500,2852353300,2854472900
57,1257,241750986165200,2246800,2888346500,2890466100
57,1273,241751023358600,2166400,2925539900,2927659500
57,1289,241751057937900,2097900,2960119200,2962238800
57,1305,241751093404700,2187200,2995586000,2997705600
57,1321,241751134634800,3196100,3036816100,3038935700
57,1337,241751183349200,2999700,3085530500,3087650100
57,1353,241751236343800,3007700,3138525100,3140644700
57,1369,241751283537600,2787500,3185718900,3187838500
57,1385,241751328754300,2556900,3230935600,3233055200
57,1401,241751372554000,3221500,3274735300,3276854900
57,1417,241751420087500,2961200,3322268800,3324388400
57,1433,241751467382100,2940000,3369563400,3371683000
57,1449,241751511426300,3062400,3413607600,3415727200
57,1465,241751563149100,3020500,3465330400,3467450000
57,1481,241751610271500,3096900,3512452800,3514572400
57,1497,241751654900200,2792600,3557081500,3559201100
57,1513,241751698527100,2756400,3600708400,3602828000
57,1529,241751743435600,2989100,3645616900,3647736500
57,1545,241751789639800,2727800,3691821100,3693940700
57,1561,241751836763800,2816000,3738945100,3741064700
57,1577,241751883286300,15635000,3785467600,3787587200
57,1593,241751943900300,2937300,3846081600,3848201200
57,1609,241751990757700,2932800,3892939000,3895058600
57,1625,241752038522400,3054900,3940703700,3942823300
57,1641,241752086474000,2957200,3988655300,3990774900
57,1657,241752131888000,2601700,4034069300,4036188900
57,1673,241752177194700,2946800,4079376000,4081495600
57,1689,241752224860100,2724800,4127041400,4129161000
57,1705,241752275200600,2893100,4177381900,4179501500
57,1721,241752321902500,2940500,4224083800,4226203400
57,1737,241752371124500,2968600,4273305800,4275425400
57,1753,241752417344600,2915400,4319525900,4321645500
57,1769,241752465270000,3019700,4367451300,4369570900
57,1785,241752511156900,2786900,4413338200,4415457800
57,1801,241752560404900,2696400,4462586200,4464705800
57,1817,241752608594100,2737300,4510775400,4512895000
57,1833,241752651972300,2713000,4554153600,4556273200
57,1849,241752695786700,2986700,4597968000,4600087600
57,1865,241752743588300,2972500,4645769600,4647889200
57,1881,241752791285500,2648100,4693466800,4695586400
57,1897,241752837139300,3069700,4739320600,4741440200
57,1913,241752887820400,3469100,4790001700,4792121300
57,1929,241752941792900,3147500,4843974200,4846093800
57,1945,241752999117200,3280200,4901298500,4903418100
57,1961,241753051159500,3185500,4953340800,4955460400
57,1977,241753096592300,2607700,4998773600,5000893200
57,1993,241753140445600,2637100,5042626900,5044746500
57,2009,241753184762400,2773200,5086943700,5089063300
57,2025,241753229495700,2991700,5131677000,5133796600
57,2041,241753276101700,2957200,5178283000,5180402600
58,10,241748181412600,2601600,83593900,85713500
58,26,241748219814100,2181500,121995400,124115000
58,42,241748256244900,2252500,158426200,160545800
58,58,241748293137800,2290300,195319100,197438700
58,74,241748330502900,2285900,232684200,234803800
58,90,241748368234300,2400000,270415600,272535200
58,106,241748413371400,2170100,315552700,317672300
58,122,241748448789900,2155400,350971200,353090800
58,138,241748483690900,2485400,385872200,387991800
58,154,241748520162700,2288700,422344000,424463600
58,170,241748557140900,2176700,459322200,461441800
58,186,241748592294700,2383300,494476000,496595600
58,202,241748628438700,2157100,530620000,532739600
58,218,241748662876400,2207600,565057700,567177300
58,234,241748697751800,8290200,599933100,602052700
58,250,241748738438200,2319300,640619500,642739100
58,266,241748773830000,2116500,676011300,678130900
58,282,241748807995100,2100900,710176400,712296000
58,298,241748842520800,2115100,744702100,746821700
58,314,241748876986500,2054000,779167800,781287400
58,330,241748910341800,2150000,812523100,814642700
58,346,241748944492900,2080500,846674200,848793800
58,362,241748978659000,2345000,880840300,882959900
58,378,241749020372300,2214300,922553600,924673200
58,394,241749056022800,2133900,958204100,960323700
58,410,241749091008300,2165100,993189600,995309200
58,426,241749125593200,2129700,1027774500,1029894100
58,442,241749160094900,2166700,1062276200,1064395800
58,458,241749195889900,2253700,1098071200,1100190800
58,474,241749230299000,2083000,1132480300,1134599900
58,490,241749264229700,2129500,1166411000,1168530600
58,506,241749305154200,2104800,1207335500,1209455100
58,522,241749339043700,2122600,1241225000,1243344600
58,538,241749373022500,2101500,1275203800,1277323400
58,554,241749406907600,2228900,1309088900,1311208500
58,570,241749442208000,2235600,1344389300,1346508900
58,586,241749477712300,2164200,1379893600,1382013200
58,602,241749512458000,2140200,1414639300,1416758900
58,618,241749547190500,8702500,1449371800,1451491400
58,634,241749590106700,2396200,1492288000,1494407600
58,650,241749624821100,2112300,1527002400,1529122000
58,666,241749658403300,2106600,1560584600,1562704200
58,682,241749692106900,2132400,1594288200,1596407800
58,698,241749725797100,2107400,1627978400,1630098000
58,714,241749759901100,2117100,1662082400,1664202000
58,730,241749794021600,2105900,1696202900,1698322500
58,746,241749836242500,2307300,1738423800,1740543400
58,762,241749871132500,2049600,1773313800,1775433400
58,778,241749905673300,2379600,1807854600,1809974200
58,794,241749941384300,2173300,1843565600,1845685200
58,810,241749976836900,2162600,1879018200,1881137800
58,826,241750011085800,2076500,1913267100,1915386700
58,842,241750044754800,2152300,1946936100,1949055700
58,858,241750096078200,2353800,1998259500,2000379100
58,874,241750138968200,2244700,2041149500,2043269100
58,890,241750173325400,2565400,2075506700,2077626300
58,906,241750209199200,2147400,2111380500,2113500100
58,922,241750244342700,2177400,2146524000,2148643600
58,938,241750281396100,2109800,2183577400,2185697000
58,954,241750316369400,2185300,2218550700,2220670300
58,970,241750350169700,2078500,2252351000,2254470600
58,986,241750392587100,2111400,2294768400,2296888000
58,1002,241750426527100,2075700,2328708400,2330828000
58,1018,241750460336100,2086900,2362517400,2364637000
58,1034,241750494089100,2110600,2396270400,2398390000
58,1050,241750527713500,2100900,2429894800,2432014400
58,1066,241750562580200,2072900,2464761500,2466881100
58,1082,241750596845800,2088400,2499027100,2501146700
58,1098,241750630624900,2121500,2532806200,2534925800
58,1114,241750670335500,2172800,2572516800,2574636400
58,1130,241750704516400,2098800,2606697700,2608817300
58,1146,241750738768100,2197000,2640949400,2643069000
58,1162,241750772832800,2096000,2675014100,2677133700
58,1178,241750806481400,2093800,2708662700,2710782300
58,1194,241750840332200,2138700,2742513500,2744633100
58,1210,241750876324600,2120100,2778505900,2780625500
58,1226,241750917219500,2125800,2819400800,2821520400
58,1242,241750952872700,2174800,2855054000,2857173600
58,1258,241750988873300,2216500,2891054600,2893174200
58,1274,241751025953600,2116600,2928134900,2930254500
58,1290,241751060443600,2141200,2962624900,2964744500
58,1306,241751096080400,2201500,2998261700,3000381300
58,1322,241751138577300,3025000,3040758600,3042878200
58,1338,241751187060500,7745200,3089241800,3091361400
58,1354,241751240080800,3001700,3142262100,3144381700
58,1370,241751287048800,2784700,3189230100,3191349700
58,1386,241751331899500,2577400,3234080800,3236200400
58,1402,241751376528600,3030000,3278709900,3280829500
58,1418,241751423759600,2933500,3325940900,3328060500
58,1434,241751470927500,2713900,3373108800,3375228400
58,1450,241751515157900,2947000,3417339200,3419458800
58,1466,241751566856600,3001600,3469037900,3471157500
58,1482,241751613855800,2937800,3516037100,3518156700
58,1498,241751658151900,2722800,3560333200,3562452800
58,1514,241751701748600,2831400,3603929900,3606049500
58,1530,241751746918700,2959000,3649100000,3651219600
58,1546,241751792824700,2701900,3695006000,3697125600
58,1562,241751840049800,2861500,3742231100,3744350700
58,1578,241751899520500,3155700,3801701800,3803821400
58,1594,241751947337500,2917800,3849518800,3851638400
58,1610,241751994199700,2889400,3896381000,3898500600
58,1626,241752040483500,3015500,3942664800,3944784400
58,1642,241752088308700,2954900,3990490000,3992609600
58,1658,241752133819900,2602200,4036001200,4038120800
58,1674,241752179364700,2923300,4081546000,4083665600
58,1690,241752226867900,2732500,4129049200,4131168800
58,1706,241752277350500,2877700,4179531800,4181651400
58,1722,241752324027700,2898600,4226209000,4228328600
58,1738,241752373236500,2944400,4275417800,4277537400
58,1754,241752419462900,2784900,4321644200,4323763800
58,1770,241752467450300,2990200,4369631600,4371751200
58,1786,241752513224500,2785700,4415405800,4417525400
58,1802,241752562388400,2702700,4464569700,4466689300
58,1818,241752610601100,2662000,4512782400,4514902000
58,1834,241752653977700,2693800,4556159000,4558278600
58,1850,241752697971700,3004400,4600153000,4602272600
58,1866,241752745736000,2989600,4647917300,4650036900
58,1882,241752793195800,2696700,4695377100,4697496700
58,1898,241752839388100,3051800,4741569400,4743689000
58,1914,241752890461500,3417400,4792642800,4794762400
58,1930,241752944105500,3065900,4846286800,4848406400
58,1946,241753001561200,3247300,4903742500,4905862100
58,1962,241753053487200,3108100,4955668500,4957788100
58,1978,241753098432600,2648200,5000613900,5002733500
58,1994,241753142356000,2607800,5044537300,5046656900
58,2010,241753186797600,2708100,5088978900,5091098500
58,2026,241753231604600,2925000,5133785900,5135905500
58,2042,241753278098300,2896100,5180279600,5182399200
59,11,241748184114000,2512700,86295300,88414900
59,27,241748222120400,2169900,124301700,126421300
59,43,241748258629600,2245300,160810900,162930500
59,59,241748295521200,2274400,197702500,199822100
59,75,241748332944700,2484300,235126000,237245600
59,91,241748370932200,2318100,273113500,275233100
59,107,241748415787600,2147200,317968900,320088500
59,123,241748451137000,2418600,353318300,355437900
59,139,241748486378800,2372600,388560100,390679700
59,155,241748522486200,2679700,424667500,426787100
59,171,241748559417800,2179700,461599100,463718700
59,187,241748594875700,2400000,497057000,499176600
59,203,241748630780400,2119700,532961700,535081300
59,219,241748665576000,2076200,567757300,569876900
59,235,241748706390700,2391200,608572000,610691600
59,251,241748741177800,2138600,643359100,645478700
59,267,241748776308800,2090300,678490100,680609700
59,283,241748810504200,2110800,712685500,714805100
59,299,241748845091500,2119700,747272800,749392400
59,315,241748879392300,2064300,781573600,783693200
59,331,241748912921100,2169600,815102400,817222000
59,347,241748946968500,2051000,849149800,851269400
59,363,241748981479600,2149400,883660900,885780500
59,379,241749022988900,2295400,925170200,927289800
59,395,241749058581200,2080700,960762500,962882100
59,411,241749093634500,2186600,995815800,997935400
59,427,241749128213600,2150500,1030394900,1032514500
59,443,241749162617900,2219200,1064799200,1066918800
59,459,241749198497800,2233400,1100679100,1102798700
59,475,241749232732900,2128400,1134914200,1137033800
59,491,241749266711400,2129600,1168892700,1171012300
59,507,241749307604100,2057700,1209785400,1211905000
59,523,241749341520600,2117700,1243701900,1245821500
59,539,241749375487200,2113400,1277668500,1279788100
59,555,241749409542100,2308200,1311723400,1313843000
59,571,241749445053300,2412900,1347234600,1349354200
59,587,241749480504700,2114700,1382686000,1384805600
59,603,241749515220200,2171600,1417401500,1419521100
59,619,241749556337300,2337100,1458518600,1460638200
59,635,241749593131200,2199100,1495312500,1497432100
59,651,241749627515900,2097700,1529697200,1531816800
59,667,241749661177800,2082700,1563359100,1565478700
59,683,241749694940000,2121600,1597121300,1599240900
59,699,241749728624300,2161400,1630805600,1632925200
59,715,241749762803200,2149000,1664984500,1667104100
59,731,241749796910500,2124600,1699091800,1701211400
59,747,241749839508600,2358300,1741689900,1743809500
59,763,241749874087600,2129400,1776268900,1778388500
59,779,241749909145600,2306000,1811326900,1813446500
59,795,241749944576300,2122200,1846757600,1848877200
59,811,241749979962400,2129900,1882143700,1884263300
59,827,241750014179300,2063900,1916360600,1918480200
59,843,241750047872500,2124300,1950053800,1952173400
59,859,241750097208700,2329800,1999390000,2001509600
59,875,241750140034600,2125900,2042215900,2044335500
59,891,241750174421000,2300800,2076602300,2078721900
59,907,241750210093300,2201300,2112274600,2114394200
59,923,241750245228800,2177900,2147410100,2149529700
59,939,241750281648800,2113000,2183830100,2185949700
59,955,241750316528400,2203700,2218709700,2220829300
59,971,241750350336000,2076600,2252517300,2254636900
59,987,241750392670000,2126300,2294851300,2296970900
59,1003,241750426657900,2122600,2328839200,2330958800
59,1019,241750460503400,2091800,2362684700,2364804300
59,1035,241750494254800,2123000,2396436100,2398555700
59,1051,241750527953400,2088900,2430134700,2432254300
59,1067,241750562798700,2077500,2464980000,2467099600
59,1083,241750597095600,2098300,2499276900,2501396500
59,1099,241750630941500,2106400,2533122800,2535242400
59,1115,241750670623300,2182300,2572804600,2574924200
59,1131,241750704792300,2099100,2606973600,2609093200
59,1147,241750739106300,2219600,2641287600,2643407200
59,1163,241750773161800,2113500,2675343100,2677462700
59,1179,241750806710400,2085200,2708891700,2711011300
59,1195,241750840561600,2136700,2742742900,2744862500
59,1211,241750876549100,2125100,2778730400,2780850000
59,1227,241750917351000,2125300,2819532300,2821651900
59,1243,241750952991200,2169900,2855172500,2857292100
59,1259,241750989025100,2222200,2891206400,2893326000
59,1275,241751026108100,2112700,2928289400,2930409000
59,1291,241751060589000,2140500,2962770300,2964889900
59,1307,241751096202400,2196500,2998383700,3000503300
59,1323,241751138747200,3030300,3040928500,3043048100
59,1339,241751187227500,7749900,3089408800,3091528400
59,1355,241751240248000,3000800,3142429300,3144548900
59,1371,241751287220300,2769000,3189401600,3191521200
59,1387,241751331929900,2584200,3234111200,3236230800
59,1403,241751376568700,3022500,3278750000,3280869600
59,1419,241751423812000,2921500,3325993300,3328112900
59,1435,241751470961500,2715400,3373142800,3375262400
59,1451,241751515201200,2953100,3417382500,3419502100
59,1467,241751566903600,3005400,3469084900,3471204500
59,1483,241751613982100,2952300,3516163400,3518283000
59,1499,241751658256000,2740900,3560437300,3562556900
59,1515,241751701880500,2807100,3604061800,3606181400
59,1531,241751747043100,2981800,3649224400,3651344000
59,1547,241751792937000,2721100,3695118300,3697237900
59,1563,241751840172200,2859200,3742353500,3744473100
59,1579,241751899648200,3158200,3801829500,3803949100
59,1595,241751947378100,2914100,3849559400,3851679000
59,1611,241751994237400,2891900,3896418700,3898538300
59,1627,241752042733100,3006900,3944914400,3947034000
59,1643,241752090555000,2929600,3992736300,3994855900
59,1659,241752135440000,2657900,4037621300,4039740900
59,1675,241752181257300,2922900,4083438600,4085558200
59,1691,241752228613300,2704800,4130794600,4132914200
59,1707,241752279200800,2917500,4181382100,4183501700
59,1723,241752325933700,2896500,4228115000,4230234600
59,1739,241752375206000,2724700,4277387300,4279506900
59,1755,241752421377500,2870200,4323558800,4325678400
59,1771,241752469555400,2985400,4371736700,4373856300
59,1787,241752515149000,2978200,4417330300,4419449900
59,1803,241752564266800,2699400,4466448100,4468567700
59,1819,241752612474600,2602900,4514655900,4516775500
59,1835,241752655824200,2745300,4558005500,4560125100
59,1851,241752700224000,2977500,4602405300,4604524900
59,1867,241752748014000,2928300,4650195300,4652314900
59,1883,241752795229300,2616000,4697410600,4699530200
59,1899,241752841667700,3021200,4743849000,4745968600
59,1915,241752892980300,3399700,4795161600,4797281200
59,1931,241752946505400,3133200,4848686700,4850806300
59,1947,241753004008700,3229200,4906190000,4908309600
59,1963,241753055920600,3156200,4958101900,4960221500
59,1979,241753100599100,2732900,5002780400,5004900000
59,1995,241753144444800,2580300,5046626100,5048745700
59,2011,241753188958900,2727400,5091140200,5093259800
59,2027,241753234032500,2784700,5136213800,5138333400
59,2043,241753280596700,2830200,5182778000,5184897600
60,12,241748186424400,2448100,88605700,90725300
60,28,241748224118300,2213000,126299600,128419200
60,44,241748260691900,2282100,162873200,164992800
60,60,241748297575200,2235900,199756500,201876100
60,76,241748335149600,2609300,237330900,239450500
60,92,241748373027700,2329800,275209000,277328600
60,108,241748417733600,2141300,319914900,322034500
60,124,241748453437800,2179500,355619100,357738700
60,140,241748488625000,2315000,390806300,392925900
60,156,241748524956900,2589500,427138200,429257800
60,172,241748561356900,2147100,463538200,465657800
60,188,241748596951500,2262800,499132800,501252400
60,204,241748632608600,2138900,534789900,536909500
60,220,241748667010500,2179300,569191800,571311400
60,236,241748708221000,2124400,610402300,612521900
60,252,241748742672100,2175200,644853400,646973000
60,268,241748777768800,2154200,679950100,682069700
60,284,241748812021200,2130000,714202500,716322100
60,300,241748846666800,2120300,748848100,750967700
60,316,241748880959500,2080700,783140800,785260400
60,332,241748914432700,2209000,816614000,818733600
60,348,241748948398400,2107700,850579700,852699300
60,364,241748982896000,2204900,885077300,887196900
60,380,241749024705500,2233500,926886800,929006400
60,396,241749060107600,2090700,962288900,964408500
60,412,241749095265000,2172700,997446300,999565900
60,428,241749129772400,2114600,1031953700,1034073300
60,444,241749164301800,2222600,1066483100,1068602700
60,460,241749200347300,2176600,1102528600,1104648200
60,476,241749234463700,2123400,1136645000,1138764600
60,492,241749268438900,2126000,1170620200,1172739800
60,508,241749309248100,2164400,1211429400,1213549000
60,524,241749343223300,2119400,1245404600,1247524200
60,540,241749377223500,2127300,1279404800,1281524400
60,556,241749411309200,2314600,1313490500,1315610100
60,572,241749446784700,2405400,1348966000,1351085600
60,588,241749482057000,2158800,1384238300,1386357900
60,604,241749516804400,2190900,1418985700,1421105300
60,620,241749558130000,2174700,1460311300,1462430900
60,636,241749594592900,2202200,1496774200,1498893800
60,652,241749628917500,2093900,1531098800,1533218400
60,668,241749662636800,2138500,1564818100,1566937700
60,684,241749696419100,2140500,1598600400,1600720000
60,700,241749730150400,2098600,1632331700,1634451300
60,716,241749764301300,2102900,1666482600,1668602200
60,732,241749798395000,2145900,1700576300,1702695900
60,748,241749840757300,2250400,1742938600,1745058200
60,764,241749875169200,2102500,1777350500,1779470100
60,780,241749910249500,2316700,1812430800,1814550400
60,796,241749945576800,2125900,1847758100,1849877700
60,812,241749980913300,2165000,1883094600,1885214200
60,828,241750015093700,2064900,1917275000,1919394600
60,844,241750048789600,2121500,1950970900,1953090500
60,860,241750100803000,9973800,2002984300,2005103900
60,876,241750143268200,2193900,2045449500,2047569100
60,892,241750177847500,2385600,2080028800,2082148400
60,908,241750213276400,2217300,2115457700,2117577300
60,924,241750248410700,2557100,2150592000,2152711600
60,940,241750284918000,2255500,2187099300,2189218900
60,956,241750319946900,2126000,2222128200,2224247800
60,972,241750353624600,2123400,2255805900,2257925500
60,988,241750396059000,2122500,2298240300,2300359900
60,1004,241750429988500,2082300,2332169800,2334289400
60,1020,241750463731200,2094500,2365912500,2368032100
60,1036,241750497534300,2125000,2399715600,2401835200
60,1052,241750531213100,2086100,2433394400,2435514000
60,1068,241750566071000,2104500,2468252300,2470371900
60,1084,241750600414400,2206200,2502595700,2504715300
60,1100,241750639269000,2134900,2541450300,2543569900
60,1116,241750674521800,2180300,2576703100,2578822700
60,1132,241750708520500,2118700,2610701800,2612821400
60,1148,241750743043000,2110600,2645224300,2647343900
60,1164,241750776914400,2072400,2679095700,2681215300
60,1180,241750810494400,2093800,2712675700,2714795300
60,1196,241750844417500,2224700,2746598800,2748718400
60,1212,241750880331000,2119600,2782512300,2784631900
60,1228,241750921062300,2268700,2823243600,2825363200
60,1244,241750957018000,2209600,2859199300,2861318900
60,1260,241750993047800,2235000,2895229100,2897348700
60,1276,241751029937900,2112100,2932119200,2934238800
60,1292,241751064454600,2096000,2966635900,2968755500
60,1308,241751100128500,2101400,3002309800,3004429400
60,1324,241751144125600,3008100,3046306900,3048426500
60,1340,241751197331400,3034900,3099512700,3101632300
60,1356,241751245589500,2672900,3147770800,3149890400
60,1372,241751292112500,2823400,3194293800,3196413400
60,1388,241751336816900,2578200,3238998200,3241117800
60,1404,241751381949100,3043100,3284130400,3286250000
60,1420,241751429223600,2944000,3331404900,3333524500
60,1436,241751475916500,2730100,3378097800,3380217400
60,1452,241751520605500,2935500,3422786800,3424906400
60,1468,241751572410700,3004600,3474592000,3476711600
60,1484,241751619355900,2763500,3521537200,3523656800
60,1500,241751663176300,2713900,3565357600,3567477200
60,1516,241751706956300,2698100,3609137600,3611257200
60,1532,241751752440500,2874000,3654621800,3656741400
60,1548,241751797858600,2746700,3700039900,3702159500
60,1564,241751845404800,2938100,3747586100,3749705700
60,1580,241751905219800,3154600,3807401100,3809520700
60,1596,241751952725000,2991000,3854906300,3857025900
60,1612,241751999581200,3118400,3901762500,3903882100
60,1628,241752048238600,3033800,3950419900,3952539500
60,1644,241752095881700,2907600,3998063000,4000182600
60,1660,241752140343000,2655300,4042524300,4044643900
60,1676,241752186823500,2923300,4089004800,4091124400
60,1692,241752233716200,2668600,4135897500,4138017100
60,1708,241752284740000,2901500,4186921300,4189040900
60,1724,241752331385900,4217000,4233567200,4235686800
60,1740,241752380397500,2707400,4282578800,4284698400
60,1756,241752426962300,3114900,4329143600,4331263200
60,1772,241752475245000,3015800,4377426300,4379545900
60,1788,241752520750200,2849000,4422931500,4425051100
60,1804,241752569539300,2682500,4471720600,4473840200
60,1820,241752617520700,2620200,4519702000,4521821600
60,1836,241752661044900,2719300,4563226200,4565345800
60,1852,241752705322100,2990800,4607503400,4609623000
60,1868,241752753053000,3176700,4655234300,4657353900
60,1884,241752799670900,2622700,4701852200,4703971800
60,1900,241752846780000,2983700,4748961300,4751080900
60,1916,241752898887900,3432400,4801069200,4803188800
60,1932,241752951904500,3143000,4854085800,4856205400
60,1948,241753009679600,3261700,4911860900,4913980500
60,1964,241753061411000,3018600,4963592300,4965711900
60,1980,241753105363600,2741300,5007544900,5009664500
60,1996,241753148922300,3269800,5051103600,5053223200
60,2012,241753193652600,2698200,5095833900,5097953500
60,2028,241753238767700,2760900,5140949000,5143068600
60,2044,241753285422800,2970900,5187604100,5189723700
61,13,241748189453200,2341400,91634500,93754100
61,29,241748226817400,2201700,128998700,131118300
61,45,241748263522900,2323500,165704200,167823800
61,61,241748300472500,2263200,202653800,204773400
61,77,241748338414400,2373900,240595700,242715300
61,93,241748375951200,2421900,278132500,280252100
61,109,241748420400700,2289300,322582000,324701600
61,125,241748456274600,2154100,358455900,360575500
61,141,241748491677800,2308300,393859100,395978700
61,157,241748528441300,2354800,430622600,432742200
61,173,241748564317600,2120700,466498900,468618500
61,189,241748599984100,2308300,502165400,504285000
61,205,241748635469000,2184500,537650300,539769900
61,221,241748670086400,2143600,572267700,574387300
61,237,241748711089100,2179200,613270400,615390000
61,253,241748745687500,2142500,647868800,649988400
61,269,241748780747300,2132300,682928600,685048200
61,285,241748814986700,2244300,717168000,719287600
61,301,241748849703800,2234000,751885100,754004700
61,317,241748883797700,2059800,785979000,788098600
61,333,241748917480400,2146500,819661700,821781300
61,349,241748951322200,2072000,853503500,855623100
61,365,241748985956900,8329200,888138200,890257800
61,381,241749027536400,2156500,929717700,931837300
61,397,241749062744400,2098000,964925700,967045300
61,413,241749097668400,2191000,999849700,1001969300
61,429,241749132100600,2183300,1034281900,1036401500
61,445,241749166674900,2125600,1068856200,1070975800
61,461,241749202582900,2157000,1104764200,1106883800
61,477,241749236679600,2141300,1138860900,1140980500
61,493,241749270652200,8906400,1172833500,1174953100
61,509,241749311504400,2098400,1213685700,1215805300
61,525,241749345430900,2087200,1247612200,1249731800
61,541,241749379411400,2083600,1281592700,1283712300
61,557,241749413811600,2176800,1315992900,1318112500
61,573,241749449440000,2248000,1351621300,1353740900
61,589,241749484435400,2158500,1386616700,1388736300
61,605,241749519262600,2119100,1421443900,1423563500
61,621,241749560771700,2185300,1462953000,1465072600
61,637,241749597199200,2197000,1499380500,1501500100
61,653,241749631415900,2082700,1533597200,1535716800
61,669,241749665073900,2104700,1567255200,1569374800
61,685,241749698839400,2078500,1601020700,1603140300
61,701,241749732536900,2093300,1634718200,1636837800
61,717,241749766708600,2113400,1668889900,1671009500
61,733,241749800836100,2080000,1703017400,1705137000
61,749,241749843488100,2195200,1745669400,1747789000
61,765,241749877734300,2141000,1779915600,1782035200
61,781,241749913183900,2253900,1815365200,1817484800
61,797,241749948289500,2150100,1850470800,1852590400
61,813,241749983739900,2112900,1885921200,1888040800
61,829,241750017800900,2113900,1919982200,1922101800
61,845,241750051571000,2064600,1953752300,1955871900
61,861,241750101711900,10096500,2003893200,2006012800
61,877,241750144265300,2190200,2046446600,2048566200
61,893,241750178935300,2478400,2081116600,2083236200
61,909,241750214240000,2186900,2116421300,2118540900
61,925,241750249286100,2658500,2151467400,2153587000
61,941,241750285903100,2206700,2188084400,2190204000
61,957,241750320813000,2119200,2222994300,2225113900
61,973,241750354488400,2111000,2256669700,2258789300
61,989,241750397097500,2136700,2299278800,2301398400
61,1005,241750430996600,2091600,2333177900,2335297500
61,1021,241750464760300,2127300,2366941600,2369061200
61,1037,241750498594900,2132900,2400776200,2402895800
61,1053,241750532206200,2097600,2434387500,2436507100
61,1069,241750567007600,2177900,2469188900,2471308500
61,1085,241750601344000,2189300,2503525300,2505644900
61,1101,241750640163100,2122500,2542344400,2544464000
61,1117,241750675160900,2194800,2577342200,2579461800
61,1133,241750709154600,2119000,2611335900,2613455500
61,1149,241750743687600,2128000,2645868900,2647988500
61,1165,241750777568700,2062900,2679750000,2681869600
61,1181,241750811153800,2100400,2713335100,2715454700
61,1197,241750845088200,2691500,2747269500,2749389100
61,1213,241750881001700,2130900,2783183000,2785302600
61,1229,241750921888800,2247500,2824070100,2826189700
61,1245,241750957601500,2272100,2859782800,2861902400
61,1261,241750993557900,2246600,2895739200,2897858800
61,1277,241751030468900,2115300,2932650200,2934769800
61,1293,241751065009000,2101200,2967190300,2969309900
61,1309,241751100756500,2099500,3002937800,3005057400
61,1325,241751145059200,3000700,3047240500,3049360100
61,1341,241751198316100,3035000,3100497400,3102617000
61,1357,241751246284900,2963200,3148466200,3150585800
61,1373,241751293061200,2751600,3195242500,3197362100
61,1389,241751337639800,2581300,3239821100,3241940700
61,1405,241751382914800,3051100,3285096100,3287215700
61,1421,241751430160800,2956900,3332342100,3334461700
61,1437,241751476802200,2742900,3378983500,3381103100
61,1453,241751521566500,2920200,3423747800,3425867400
61,1469,241751573386400,3005500,3475567700,3477687300
61,1485,241751620142700,2783700,3522324000,3524443600
61,1501,241751663962700,2670900,3566144000,3568263600
61,1517,241751707752800,2689500,3609934100,3612053700
61,1533,241751753284500,2906300,3655465800,3657585400
61,1549,241751798642100,2754000,3700823400,3702943000
61,1565,241751846272300,2947300,3748453600,3750573200
61,1581,241751906080700,3181500,3808262000,3810381600
61,1597,241751953590100,2968900,3855771400,3857891000
61,1613,241752000438200,3085800,3902619500,3904739100
61,1629,241752048792100,3031300,3950973400,3953093000
61,1645,241752096366000,2923800,3998547300,4000666900
61,1661,241752140763800,2746000,4042945100,4045064700
61,1677,241752187070100,2943500,4089251400,4091371000
61,1693,241752234017300,2664500,4136198600,4138318200
61,1709,241752285067100,2890800,4187248400,4189368000
61,1725,241752331717000,4220000,4233898300,4236017900
61,1741,241752380717000,2675700,4282898300,4285017900
61,1757,241752427329200,3009000,4329510500,4331630100
61,1773,241752475503400,3003000,4377684700,4379804300
61,1789,241752520982200,2881000,4423163500,4425283100
61,1805,241752569768400,2681300,4471949700,4474069300
61,1821,241752617730800,2622400,4519912100,4522031700
61,1837,241752661276100,2721300,4563457400,4565577000
61,1853,241752706065200,2995300,4608246500,4610366100
61,1869,241752753805600,3366300,4655986900,4658106500
61,1885,241752800378800,2673800,4702560100,4704679700
61,1901,241752847584100,2989900,4749765400,4751885000
61,1917,241752899743800,3352500,4801925100,4804044700
61,1933,241752952709800,3042600,4854891100,4857010700
61,1949,241753010452300,3208300,4912633600,4914753200
61,1965,241753062135300,2960900,4964316600,4966436200
61,1981,241753106000700,2749900,5008182000,5010301600
61,1997,241753149580500,3725000,5051761800,5053881400
61,2013,241753194243600,2716300,5096424900,5098544500
61,2029,241753239374300,2777400,5141555600,5143675200
61,2045,241753286692400,2976600,5188873700,5190993300
62,14,241748191903700,2230900,94085000,96204600
62,30,241748229126200,2388100,131307500,133427100
62,46,241748265993600,2414000,168174900,170294500
62,62,241748302862600,2290300,205043900,207163500
62,78,241748341142400,2414300,243323700,245443300
62,94,241748378704700,2349000,280886000,283005600
62,110,241748423003700,2297700,325185000,327304600
62,126,241748458599700,2207600,360781000,362900600
62,142,241748494184800,2213000,396366100,398485700
62,158,241748531005800,2317300,433187100,435306700
62,174,241748566633500,2142800,468814800,470934400
62,190,241748602745100,2313900,504926400,507046000
62,206,241748638057400,2211800,540238700,542358300
62,222,241748672481900,2092900,574663200,576782800
62,238,241748713492900,2078200,615674200,617793800
62,254,241748748031600,2156200,650212900,652332500
62,270,241748783015200,2130200,685196500,687316100
62,286,241748817395000,2170200,719576300,721695900
62,302,241748852000300,2210200,754181600,756301200
62,318,241748885914800,2074900,788096100,790215700
62,334,241748919697400,2129500,821878700,823998300
62,350,241748953451000,2045500,855632300,857751900
62,366,241748994592800,2140000,896774100,898893700
62,382,241749029932100,2210200,932113400,934233000
62,398,241749065102900,2135800,967284200,969403800
62,414,241749100339900,2209200,1002521200,1004640800
62,430,241749134788100,2130200,1036969400,1039089000
62,446,241749169345000,2114500,1071526300,1073645900
62,462,241749205213800,2152600,1107395100,1109514700
62,478,241749239264700,2142400,1141446000,1143565600
62,494,241749280085300,2269500,1182266600,1184386200
62,510,241749314050800,2126900,1216232100,1218351700
62,526,241749347963100,2069400,1250144400,1252264000
62,542,241749381952500,2126200,1284133800,1286253400
62,558,241749416419300,2212800,1318600600,1320720200
62,574,241749452165300,2202800,1354346600,1356466200
62,590,241749487018600,2133400,1389199900,1391319500
62,606,241749521817100,2167000,1423998400,1426118000
62,622,241749563041100,2230900,1465222400,1467342000
62,638,241749599598900,2140400,1501780200,1503899800
62,654,241749633736800,2070700,1535918100,1538037700
62,670,241749667373000,2101400,1569554300,1571673900
62,686,241749701117700,2034200,1603299000,1605418600
62,702,241749734841600,2130700,1637022900,1639142500
62,718,241749769049300,2111200,1671230600,1673350200
62,734,241749803151700,2125300,1705333000,1707452600
62,750,241749846041200,2233300,1748222500,1750342100
62,766,241749880256900,2118900,1782438200,1784557800
62,782,241749915889100,2254800,1818070400,1820190000
62,798,241749950894200,2470900,1853075500,1855195100
62,814,241749986305900,2121500,1888487200,1890606800
62,830,241750020366000,2082400,1922547300,1924666900
62,846,241750054091800,2113700,1956273100,1958392700
62,862,241750113396800,2230000,2015578100,2017697700
62,878,241750148073100,2119600,2050254400,2052374000
62,894,241750183015200,2195800,2085196500,2087316100
62,910,241750218352100,2202700,2120533400,2122653000
62,926,241750254129000,2264900,2156310300,2158429900
62,942,241750289939200,2148700,2192120500,2194240100
62,958,241750324743200,2058500,2226924500,2229044100
62,974,241750358404200,2057100,2260585500,2262705100
62,990,241750400877100,2081000,2303058400,2305178000
62,1006,241750434693300,2091400,2336874600,2338994200
62,1022,241750468517100,2088800,2370698400,2372818000
62,1038,241750502350700,2071500,2404532000,2406651600
62,1054,241750535919000,2166700,2438100300,2440219900
62,1070,241750570962400,2093000,2473143700,2475263300
62,1086,241750605146900,2089900,2507328200,2509447800
62,1102,241750643915400,2132400,2546096700,2548216300
62,1118,241750679029900,2146700,2581211200,2583330800
62,1134,241750712959700,2100600,2615141000,2617260600
62,1150,241750747355200,2105600,2649536500,2651656100
62,1166,241750781119300,2066100,2683300600,2685420200
62,1182,241750814782700,2096800,2716964000,2719083600
62,1198,241750849720400,2327700,2751901700,2754021300
62,1214,241750885177700,2419200,2787359000,2789478600
62,1230,241750925942500,2222800,2828123800,2830243400
62,1246,241750961758800,2399700,2863940100,2866059700
62,1262,241750997644100,2212900,2899825400,2901945000
62,1278,241751034256800,2115900,2936438100,2938557700
62,1294,241751068840800,2304300,2971022100,2973141700
62,1310,241751104656800,2711800,3006838100,3008957700
62,1326,241751150316300,3038500,3052497600,3054617200
62,1342,241751203629400,2951900,3105810700,3107930300
62,1358,241751251503700,3020800,3153685000,3155804600
62,1374,241751297915800,2805200,3200097100,3202216700
62,1390,241751342241000,2568600,3244422300,3246541900
62,1406,241751388192800,2914800,3290374100,3292493700
62,1422,241751435347700,2950300,3337529000,3339648600
62,1438,241751481547900,2794100,3383729200,3385848800
62,1454,241751526682700,2966000,3428864000,3430983600
62,1470,241751578624900,2702300,3480806200,3482925800
62,1486,241751625169000,2689000,3527350300,3529469900
62,1502,241751668754200,2747400,3570935500,3573055100
62,1518,241751712618000,2680500,3614799300,3616918900
62,1534,241751758520400,2943000,3660701700,3662821300
62,1550,241751803735400,2678000,3705916700,3708036300
62,1566,241751851554000,2912800,3753735300,3755854900
62,1582,241751911575700,2953700,3813757000,3815876600
62,1598,241751958856400,2918500,3861037700,3863157300
62,1614,241752005672000,2884200,3907853300,3909972900
62,1630,241752054775600,2997300,3956956900,3959076500
62,1646,241752102111800,2955300,4004293100,4006412700
62,1662,241752146322000,2941500,4048503300,4050622900
62,1678,241752195216400,3471800,4097397700,4099517300
62,1694,241752239269300,2930700,4141450600,4143570200
62,1710,241752290679500,2882200,4192860800,4194980400
62,1726,241752339930700,2925600,4242112000,4244231600
62,1742,241752386216800,2900500,4288398100,4290517700
62,1758,241752433128200,2986100,4335309500,4337429100
62,1774,241752481132000,2756100,4383313300,4385432900
62,1790,241752526398200,2731000,4428579500,4430699100
62,1806,241752574928500,2719400,4477109800,4479229400
62,1822,241752622871400,2687900,4525052700,4527172300
62,1838,241752666561800,2718500,4568743100,4570862700
62,1854,241752711779500,2926800,4613960800,4616080400
62,1870,241752760033200,2943800,4662214500,4664334100
62,1886,241752805399600,3025800,4707580900,4709700500
62,1902,241752853314500,3022500,4755495800,4757615400
62,1918,241752906092100,3362800,4808273400,4810393000
62,1934,241752963491500,3524100,4865672800,4867792400
62,1950,241753016620100,3217800,4918801400,4920921000
62,1966,241753067721800,2956300,4969903100,4972022700
62,1982,241753111369000,2750300,5013550300,5015669900
62,1998,241753155840800,2719700,5058022100,5060141700
62,2014,241753199560700,2723300,5101742000,5103861600
62,2030,241753244621900,2758000,5146803200,5148922800
62,2046,241753292369800,3441100,5194551100,5196670700
63,15,241748194404000,2739900,96585300,98704900
63,31,241748231838900,2391100,134020200,136139800
63,47,241748268583800,2254700,170765100,172884700
63,63,241748305236300,2329500,207417600,209537200
63,79,241748343495600,2308500,245676900,247796500
63,95,241748381090400,2326100,283271700,285391300
63,111,241748425334500,2223300,327515800,329635400
63,127,241748460872100,2203200,363053400,365173000
63,143,241748496491100,2255800,398672400,400792000
63,159,241748533395100,2393300,435576400,437696000
63,175,241748568864600,2122200,471045900,473165500
63,191,241748605966700,2320700,508148000,510267600
63,207,241748641139000,2167900,543320300,545439900
63,223,241748675375100,2096600,577556400,579676000
63,239,241748716368000,2092600,618549300,620668900
63,255,241748750984500,2100200,653165800,655285400
63,271,241748786192600,2142900,688373900,690493500
63,287,241748820732600,2166600,722913900,725033500
63,303,241748855200400,2147500,757381700,759501300
63,319,241748888974900,2087400,791156200,793275800
63,335,241748922832100,2150000,825013400,827133000
63,351,241748956490600,2093700,858671900,860791500
63,367,241748997559800,2114600,899741100,901860700
63,383,241749033136700,2225800,935318000,937437600
63,399,241749068149700,2144800,970331000,972450600
63,415,241749103708400,2118300,1005889700,1008009300
63,431,241749138037300,2199100,1040218600,1042338200
63,447,241749172611600,2153800,1074792900,1076912500
63,463,241749208495700,2212100,1110677000,1112796600
63,479,241749242530700,2163500,1144712000,1146831600
63,495,241749283478000,2138000,1185659300,1187778900
63,511,241749317321300,2204500,1219502600,1221622200
63,527,241749351147700,2136300,1253329000,1255448600
63,543,241749385196800,2075100,1287378100,1289497700
63,559,241749419651400,2154200,1321832700,1323952300
63,575,241749455476900,2184400,1357658200,1359777800
63,591,241749490357900,2291400,1392539200,1394658800
63,607,241749525358700,2152300,1427540000,1429659600
63,623,241749566826800,2388700,1469008100,1471127700
63,639,241749603169500,2319200,1505350800,1507470400
63,655,241749637156000,2024100,1539337300,1541456900
63,671,241749670726100,2101900,1572907400,1575027000
63,687,241749704376400,2069500,1606557700,1608677300
63,703,241749738220600,2105700,1640401900,1642521500
63,719,241749772398400,2128500,1674579700,1676699300
63,735,241749806534900,2129100,1708716200,1710835800
63,751,241749849361200,2165300,1751542500,1753662100
63,767,241749883414000,2133100,1785595300,1787714900
63,783,241749919069900,2256000,1821251200,1823370800
63,799,241749954302700,2245800,1856484000,1858603600
63,815,241749989265000,2134200,1891446300,1893565900
63,831,241750023219700,2111700,1925401000,1927520600
63,847,241750056980700,2128400,1959162000,1961281600
63,863,241750117058500,2136500,2019239800,2021359400
63,879,241750151643500,2205700,2053824800,2055944400
63,895,241750186852300,2369800,2089033600,2091153200
63,911,241750222027000,2233200,2124208300,2126327900
63,927,241750257897700,2358600,2160079000,2162198600
63,943,241750293693000,2235600,2195874300,2197993900
63,959,241750328111500,2144300,2230292800,2232412400
63,975,241750361781400,2144900,2263962700,2266082300
63,991,241750404024600,2137600,2306205900,2308325500
63,1007,241750437860300,2148100,2340041600,2342161200
63,1023,241750471660200,2100800,2373841500,2375961100
63,1039,241750505460000,2096600,2407641300,2409760900
63,1055,241750539246900,2166700,2441428200,2443547800
63,1071,241750574094600,2180700,2476275900,2478395500
63,1087,241750608400100,2128300,2510581400,2512701000
63,1103,241750647215700,2301500,2549397000,2551516600
63,1119,241750682398900,2121700,2584580200,2586699800
63,1135,241750716290900,2108000,2618472200,2620591800
63,1151,241750750802900,2111300,2652984200,2655103800
63,1167,241750784487100,2099700,2686668400,2688788000
63,1183,241750818279600,2214600,2720460900,2722580500
63,1199,241750853436100,2154600,2755617400,2757737000
63,1215,241750888896600,2296800,2791077900,2793197500
63,1231,241750929536500,2189500,2831717800,2833837400
63,1247,241750965665800,2240000,2867847100,2869966700
63,1263,241751001321300,2176200,2903502600,2905622200
63,1279,241751037794300,2114500,2939975600,2942095200
63,1295,241751072013900,2307600,2974195200,2976314800
63,1311,241751108342400,2728200,3010523700,3012643300
63,1327,241751154489600,3006600,3056670900,3058790500
63,1343,241751207663800,2981400,3109845100,3111964700
63,1359,241751255681700,3029600,3157863000,3159982600
63,1375,241751301515800,2848600,3203697100,3205816700
63,1391,241751345695500,2591200,3247876800,3249996400
63,1407,241751392130200,2961600,3294311500,3296431100
63,1423,241751439328200,2957100,3341509500,3343629100
63,1439,241751485249200,2642400,3387430500,3389550100
63,1455,241751530610100,2954200,3432791400,3434911000
63,1471,241751582369000,2963500,3484550300,3486669900
63,1487,241751629100600,2726300,3531281900,3533401500
63,1503,241751672737100,2750800,3574918400,3577038000
63,1519,241751716513900,3039200,3618695200,3620814800
63,1535,241751762827600,2989700,3665008900,3667128500
63,1551,241751807636200,2727500,3709817500,3711937100
63,1567,241751855824700,2906800,3758006000,3760125600
63,1583,241751915913700,2925300,3818095000,3820214600
63,1599,241751963127200,2908600,3865308500,3867428100
63,1615,241752009856000,2769500,3912037300,3914156900
63,1631,241752056975300,3025100,3959156600,3961276200
63,1647,241752104359200,2954800,4006540500,4008660100
63,1663,241752148520700,3335900,4050702000,4052821600
63,1679,241752198496400,2696200,4100677700,4102797300
63,1695,241752241991000,2962900,4144172300,4146291900
63,1711,241752293324500,2929800,4195505800,4197625400
63,1727,241752342611000,2948800,4244792300,4246911900
63,1743,241752388728500,2933100,4290909800,4293029400
63,1759,241752435818600,2999700,4337999900,4340119500
63,1775,241752483621000,2812500,4385802300,4387921900
63,1791,241752528865800,2793900,4431047100,4433166700
63,1807,241752577387900,2662100,4479569200,4481688800
63,1823,241752625295000,2715400,4527476300,4529595900
63,1839,241752669019900,2726200,4571201200,4573320800
63,1855,241752714497100,2947600,4616678400,4618798000
63,1871,241752762766600,2972600,4664947900,4667067500
63,1887,241752808231600,3132100,4710412900,4712532500
63,1903,241752856122100,2963300,4758303400,4760423000
63,1919,241752909320300,3280000,4811501600,4813621200
63,1935,241752966880000,3453100,4869061300,4871180900
63,1951,241753019703300,3233800,4921884600,4924004200
63,1967,241753070516800,2880200,4972698100,4974817700
63,1983,241753113961900,2742400,5016143200,5018262800
63,1999,241753158479000,2817400,5060660300,5062779900
63,2015,241753202197600,2937200,5104378900,5106498500
63,2031,241753247301200,2781800,5149482500,5151602100
63,2047,241753295707100,2627700,5197888400,5200008000
