client,iteration,guest_start_ns,duration_ns,start_elapsed_lower_ns,start_elapsed_upper_ns
0,0,241737443639300,15771500,129029200,136663300
0,16,241737496953800,2178900,182343700,189977800
0,32,241737532964500,2184600,218354400,225988500
0,48,241737568005900,2212800,253395800,261029900
0,64,241737602894700,2148200,288284600,295918700
0,80,241737638140200,2349400,323530100,331164200
0,96,241737673543000,2159700,358932900,366567000
0,112,241737709931200,2374900,395321100,402955200
0,128,241737765137900,2841300,450527800,458161900
0,144,241737802753100,2283800,488143000,495777100
0,160,241737838917300,2156600,524307200,531941300
0,176,241737873418900,2319500,558808800,566442900
0,192,241737909102100,2345800,594492000,602126100
0,208,241737946230900,2197500,631620800,639254900
0,224,241737981232300,2140800,666622200,674256300
0,240,241738017254900,2345400,702644800,710278900
0,256,241738053621400,2143600,739011300,746645400
0,272,241738107959000,2222300,793348900,800983000
0,288,241738143211100,2165900,828601000,836235100
0,304,241738177982400,2238200,863372300,871006400
0,320,241738212371800,2093900,897761700,905395800
0,336,241738246562200,2152900,931952100,939586200
0,352,241738282548300,2189900,967938200,975572300
0,368,241738318207600,2280800,1003597500,1011231600
0,384,241738354265200,2223300,1039655100,1047289200
0,400,241738407252700,2212700,1092642600,1100276700
0,416,241738442487000,2373300,1127876900,1135511000
0,432,241738477311100,2121400,1162701000,1170335100
0,448,241738512255900,2595500,1197645800,1205279900
0,464,241738548514900,2253800,1233904800,1241538900
0,480,241738584154900,2379500,1269544800,1277178900
0,496,241738619985300,2175800,1305375200,1313009300
0,512,241738655797700,2207900,1341187600,1348821700
0,528,241738710195100,2207800,1395585000,1403219100
0,544,241738744760300,2178200,1430150200,1437784300
0,560,241738779134300,2127200,1464524200,1472158300
0,576,241738813617400,2219000,1499007300,1506641400
0,592,241738849145700,2112800,1534535600,1542169700
0,608,241738883571700,2155800,1568961600,1576595700
0,624,241738917950600,2294000,1603340500,1610974600
0,640,241738953880600,2230600,1639270500,1646904600
0,656,241738989060200,2290600,1674450100,1682084200
0,672,241739045171600,2142400,1730561500,1738195600
0,688,241739079346900,2118500,1764736800,1772370900
0,704,241739113643100,2147400,1799033000,1806667100
0,720,241739150077600,2374800,1835467500,1843101600
0,736,241739185493400,2182800,1870883300,1878517400
0,752,241739221107200,2261900,1906497100,1914131200
0,768,241739256763700,2143000,1942153600,1949787700
0,784,241739292998100,2129000,1978388000,1986022100
0,800,241739348609000,2349300,2033998900,2041633000
0,816,241739384073300,2181700,2069463200,2077097300
0,832,241739420173000,2417600,2105562900,2113197000
0,848,241739455956800,2228600,2141346700,2148980800
0,864,241739491159100,2100300,2176549000,2184183100
0,880,241739525235300,2110000,2210625200,2218259300
0,896,241739559991500,2259100,2245381400,2253015500
0,912,241739595702800,2259900,2281092700,2288726800
0,928,241739650395600,2165000,2335785500,2343419600
0,944,241739684934200,2133200,2370324100,2377958200
0,960,241739719449900,2113700,2404839800,2412473900
0,976,241739753773700,2296900,2439163600,2446797700
0,992,241739788529500,2152500,2473919400,2481553500
0,1008,241739825106100,2173200,2510496000,2518130100
0,1024,241739860306000,2284200,2545695900,2553330000
0,1040,241739895273700,2299100,2580663600,2588297700
0,1056,241739931404500,2198600,2616794400,2624428500
0,1072,241739972817100,2123700,2658207000,2665841100
0,1088,241740007444700,2249100,2692834600,2700468700
0,1104,241740043347900,2190900,2728737800,2736371900
0,1120,241740078088800,2215100,2763478700,2771112800
0,1136,241740114330500,2232800,2799720400,2807354500
0,1152,241740149842900,2197100,2835232800,2842866900
0,1168,241740185571000,2183000,2870960900,2878595000
0,1184,241740220078900,2144600,2905468800,2913102900
0,1200,241740260849400,2135800,2946239300,2953873400
0,1216,241740295199300,2149200,2980589200,2988223300
0,1232,241740329854500,2697400,3015244400,3022878500
0,1248,241740376156400,3189700,3061546300,3069180400
0,1264,241740424120300,3076500,3109510200,3117144300
0,1280,241740469743000,2847000,3155132900,3162767000
0,1296,241740517217700,2908900,3202607600,3210241700
0,1312,241740566129400,2711000,3251519300,3259153400
0,1328,241740619065400,2986400,3304455300,3312089400
0,1344,241740669997600,2711200,3355387500,3363021600
0,1360,241740713555900,2729900,3398945800,3406579900
0,1376,241740758262500,2966800,3443652400,3451286500
0,1392,241740802764000,2786600,3488153900,3495788000
0,1408,241740845684500,2665300,3531074400,3538708500
0,1424,241740891118000,3017200,3576507900,3584142000
0,1440,241740939938700,3061400,3625328600,3632962700
0,1456,241740985836600,2700000,3671226500,3678860600
0,1472,241741041028300,2673500,3726418200,3734052300
0,1488,241741086943100,2843400,3772333000,3779967100
0,1504,241741134227600,2915100,3819617500,3827251600
0,1520,241741179063900,2574300,3864453800,3872087900
0,1536,241741222771500,2744300,3908161400,3915795500
0,1552,241741267418200,2696200,3952808100,3960442200
0,1568,241741315625200,3148700,4001015100,4008649200
0,1584,241741363370600,3026200,4048760500,4056394600
0,1600,241741417842500,3097900,4103232400,4110866500
0,1616,241741466326300,2774000,4151716200,4159350300
0,1632,241741512086500,3121600,4197476400,4205110500
0,1648,241741558825000,3066300,4244214900,4251849000
0,1664,241741606519300,2928600,4291909200,4299543300
0,1680,241741653274200,3138400,4338664100,4346298200
0,1696,241741704914700,2754600,4390304600,4397938700
0,1712,241741748861300,2743700,4434251200,4441885300
0,1728,241741800941600,2806200,4486331500,4493965600
0,1744,241741850445600,2851800,4535835500,4543469600
0,1760,241741895616400,2816400,4581006300,4588640400
0,1776,241741938735900,2664700,4624125800,4631759900
0,1792,241741983946600,2707600,4669336500,4676970600
0,1808,241742030469900,2933700,4715859800,4723493900
0,1824,241742074329300,2607300,4759719200,4767353300
0,1840,241742118165900,2758200,4803555800,4811189900
0,1856,241742164949000,2993000,4850338900,4857973000
0,1872,241742216269600,2745000,4901659500,4909293600
0,1888,241742261602000,2788500,4946991900,4954626000
0,1904,241742306077900,2703500,4991467800,4999101900
0,1920,241742350188100,2727900,5035578000,5043212100
0,1936,241742395541900,2805400,5080931800,5088565900
0,1952,241742438808000,2682700,5124197900,5131832000
0,1968,241742482894600,2709600,5168284500,5175918600
0,1984,241742532778200,3004800,5218168100,5225802200
0,2000,241742586338900,3035600,5271728800,5279362900
0,2016,241742633274200,2572900,5318664100,5326298200
0,2032,241742677032900,2969500,5362422800,5370056900
1,1,241737459529100,2492800,144919000,152553100
1,17,241737499073300,2184000,184463200,192097300
1,33,241737535211000,2173300,220600900,228235000
1,49,241737570253800,2158300,255643700,263277800
1,65,241737605077300,2262600,290467200,298101300
1,81,241737640205700,2289300,325595600,333229700
1,97,241737675417500,2124800,360807400,368441500
1,113,241737711979300,2261000,397369200,405003300
1,129,241737767581800,2301100,452971700,460605800
1,145,241737804602000,2263300,489991900,497626000
1,161,241737840664200,2115500,526054100,533688200
1,177,241737875297600,2257800,560687500,568321600
1,193,241737911063800,2234600,596453700,604087800
1,209,241737948398300,2194300,633788200,641422300
1,225,241737983343000,2299200,668732900,676367000
1,241,241738019699400,2376400,705089300,712723400
1,257,241738055971300,2149000,741361200,748995300
1,273,241738110788700,2159300,796178600,803812700
1,289,241738145888100,2183200,831278000,838912100
1,305,241738180671800,2159800,866061700,873695800
1,321,241738214887600,2093700,900277500,907911600
1,337,241738249152400,2141900,934542300,942176400
1,353,241738285201500,2166700,970591400,978225500
1,369,241738320955100,2200600,1006345000,1013979100
1,385,241738357009400,2366600,1042399300,1050033400
1,401,241738410042700,2330600,1095432600,1103066700
1,417,241738445417500,2222300,1130807400,1138441500
1,433,241738480140300,2108400,1165530200,1173164300
1,449,241738515325000,2119800,1200714900,1208349000
1,465,241738551146100,2211800,1236536000,1244170100
1,481,241738586978600,2173200,1272368500,1280002600
1,497,241738622672000,2236900,1308061900,1315696000
1,513,241738658491100,2139700,1343881000,1351515100
1,529,241738712764500,2143000,1398154400,1405788500
1,545,241738747366700,2149200,1432756600,1440390700
1,561,241738781771600,2167300,1467161500,1474795600
1,577,241738816348500,2180800,1501738400,1509372500
1,593,241738851684600,2145100,1537074500,1544708600
1,609,241738886273200,2076300,1571663100,1579297200
1,625,241738920874600,2247100,1606264500,1613898600
1,641,241738956907600,2195800,1642297500,1649931600
1,657,241738992172900,2304600,1677562800,1685196900
1,673,241739047767100,2137500,1733157000,1740791100
1,689,241739081936800,2145300,1767326700,1774960800
1,705,241739116257400,2182900,1801647300,1809281400
1,721,241739153076800,2264800,1838466700,1846100800
1,737,241739188357800,2195200,1873747700,1881381800
1,753,241739224108800,2252600,1909498700,1917132800
1,769,241739259639300,2296000,1945029200,1952663300
1,785,241739295802900,2144700,1981192800,1988826900
1,801,241739351699900,2285500,2037089800,2044723900
1,817,241739387123800,1861900,2072513700,2080147800
1,833,241739422659000,2185100,2108048900,2115683000
1,849,241739458243500,2284700,2143633400,2151267500
1,865,241739493317100,2158000,2178707000,2186341100
1,881,241739527408800,2314000,2212798700,2220432800
1,897,241739562318800,2252500,2247708700,2255342800
1,913,241739598035800,2239400,2283425700,2291059800
1,929,241739652651000,2157400,2338040900,2345675000
1,945,241739687158400,2236000,2372548300,2380182400
1,961,241739721686200,2113700,2407076100,2414710200
1,977,241739756198900,2450100,2441588800,2449222900
1,993,241739790768600,2149800,2476158500,2483792600
1,1009,241739827424500,2210300,2512814400,2520448500
1,1025,241739862887800,2305900,2548277700,2555911800
1,1041,241739897885300,2226300,2583275200,2590909300
1,1057,241739933840000,2228300,2619229900,2626864000
1,1073,241739975060500,2142500,2660450400,2668084500
1,1089,241740009897100,2254500,2695287000,2702921100
1,1105,241740045713600,2257100,2731103500,2738737600
1,1121,241740080640600,2157500,2766030500,2773664600
1,1137,241740116957200,2162000,2802347100,2809981200
1,1153,241740152359800,2156300,2837749700,2845383800
1,1169,241740187978100,2134600,2873368000,2881002100
1,1185,241740222431100,2163700,2907821000,2915455100
1,1201,241740263134900,2100800,2948524800,2956158900
1,1217,241740297530700,2220400,2982920600,2990554700
1,1233,241740332807900,2642100,3018197800,3025831900
1,1249,241740379645500,3088000,3065035400,3072669500
1,1265,241740427509100,3343800,3112899000,3120533100
1,1281,241740472971100,2709800,3158361000,3165995100
1,1297,241740520612100,2834900,3206002000,3213636100
1,1313,241740569214900,2775800,3254604800,3262238900
1,1329,241740622474200,2961000,3307864100,3315498200
1,1345,241740672981900,2780400,3358371800,3366005900
1,1361,241740716565400,2720600,3401955300,3409589400
1,1377,241740761591300,2927700,3446981200,3454615300
1,1393,241740805854700,2939700,3491244600,3498878700
1,1409,241740848648100,2383600,3534038000,3541672100
1,1425,241740894464500,3155100,3579854400,3587488500
1,1441,241740943346100,3030300,3628736000,3636370100
1,1457,241740988819900,2666500,3674209800,3681843900
1,1473,241741042989700,2722700,3728379600,3736013700
1,1489,241741089061900,2823900,3774451800,3782085900
1,1505,241741136360700,2941400,3821750600,3829384700
1,1521,241741180993600,2595900,3866383500,3874017600
1,1537,241741224800900,2841100,3910190800,3917824900
1,1553,241741269398000,2701500,3954787900,3962422000
1,1569,241741318500200,2717600,4003890100,4011524200
1,1585,241741366084800,3101300,4051474700,4059108800
1,1601,241741420637300,3080700,4106027200,4113661300
1,1617,241741468820800,2966500,4154210700,4161844800
1,1633,241741514894400,3001400,4200284300,4207918400
1,1649,241741561564900,2751000,4246954800,4254588900
1,1665,241741609047900,2920500,4294437800,4302071900
1,1681,241741656003200,2960100,4341393100,4349027200
1,1697,241741707302700,2812700,4392692600,4400326700
1,1713,241741751231700,2724300,4436621600,4444255700
1,1729,241741803326600,2688900,4488716500,4496350600
1,1745,241741852535600,2775100,4537925500,4545559600
1,1761,241741897704700,2843100,4583094600,4590728700
1,1777,241741940674700,2697100,4626064600,4633698700
1,1793,241741986111500,2857000,4671501400,4679135500
1,1809,241742032779300,2957900,4718169200,4725803300
1,1825,241742076397000,2613100,4761786900,4769421000
1,1841,241742120352200,2730600,4805742100,4813376200
1,1857,241742167312800,2953200,4852702700,4860336800
1,1873,241742218259200,2855900,4903649100,4911283200
1,1889,241742263629800,2904900,4949019700,4956653800
1,1905,241742308031500,2672700,4993421400,5001055500
1,1921,241742352128400,2729900,5037518300,5045152400
1,1937,241742397456400,2998800,5082846300,5090480400
1,1953,241742440661100,2802200,5126051000,5133685100
1,1969,241742484814500,2735900,5170204400,5177838500
1,1985,241742534907900,3000700,5220297800,5227931900
1,2001,241742588480900,3063700,5273870800,5281504900
1,2017,241742635095800,2598300,5320485700,5328119800
1,2033,241742679189200,2728900,5364579100,5372213200
2,2,241737461961200,2371900,147351100,154985200
2,18,241737501378800,2161700,186768700,194402800
2,34,241737537449000,2224000,222838900,230473000
2,50,241737572474600,2180600,257864500,265498600
2,66,241737607402500,2120100,292792400,300426500
2,82,241737642775500,2265000,328165400,335799500
2,98,241737677818600,2283500,363208500,370842600
2,114,241737714536300,2240300,399926200,407560300
2,130,241737770391100,2310500,455781000,463415100
2,146,241737807246500,2264500,492636400,500270500
2,162,241737843114000,2127500,528503900,536138000
2,178,241737877865400,2148900,563255300,570889400
2,194,241737913644900,2272300,599034800,606668900
2,210,241737950499200,2206900,635889100,643523200
2,226,241737985543400,2301200,670933300,678567400
2,242,241738022138300,2261100,707528200,715162300
2,258,241738058008500,19745000,743398400,751032500
2,274,241738112337900,2241600,797727800,805361900
2,290,241738147620600,2168000,833010500,840644600
2,306,241738182414000,2194100,867803900,875438000
2,322,241738216578000,2126700,901967900,909602000
2,338,241738250874200,2203600,936264100,943898200
2,354,241738287003500,2126400,972393400,980027500
2,370,241738322883500,2150800,1008273400,1015907500
2,386,241738359195800,2181900,1044585700,1052219800
2,402,241738412189300,2260200,1097579200,1105213300
2,418,241738447529100,2114100,1132919000,1140553100
2,434,241738482222800,2113200,1167612700,1175246800
2,450,241738517116300,2175700,1202506200,1210140300
2,466,241738553056000,2250000,1238445900,1246080000
2,482,241738588828200,2250800,1274218100,1281852200
2,498,241738624505600,2188300,1309895500,1317529600
2,514,241738660177000,2157500,1345566900,1353201000
2,530,241738714332200,2144800,1399722100,1407356200
2,546,241738748950800,2164700,1434340700,1441974800
2,562,241738783291600,2136500,1468681500,1476315600
2,578,241738817866100,2261100,1503256000,1510890100
2,594,241738853222300,2149300,1538612200,1546246300
2,610,241738887755400,2171300,1573145300,1580779400
2,626,241738922531600,2147800,1607921500,1615555600
2,642,241738958186300,2198100,1643576200,1651210300
2,658,241738993348900,2484300,1678738800,1686372900
2,674,241739049245900,2128800,1734635800,1742269900
2,690,241739083407100,2150900,1768797000,1776431100
2,706,241739117727600,2383100,1803117500,1810751600
2,722,241739154586000,2192300,1839975900,1847610000
2,738,241739189990700,2169500,1875380600,1883014700
2,754,241739225811300,2266800,1911201200,1918835300
2,770,241739261423800,2367800,1946813700,1954447800
2,786,241739297648900,2160200,1983038800,1990672900
2,802,241739353772500,2225400,2039162400,2046796500
2,818,241739389017800,2202900,2074407700,2082041800
2,834,241739424906600,2199500,2110296500,2117930600
2,850,241739460661500,2232200,2146051400,2153685500
2,866,241739495589400,2137000,2180979300,2188613400
2,882,241739529834800,2154600,2215224700,2222858800
2,898,241739564670300,2248900,2250060200,2257694300
2,914,241739600436400,2212200,2285826300,2293460400
2,930,241739654986700,2215400,2340376600,2348010700
2,946,241739689595600,2209400,2374985500,2382619600
2,962,241739723979700,2143500,2409369600,2417003700
2,978,241739758941500,2166000,2444331400,2451965500
2,994,241739793189900,2149900,2478579800,2486213900
2,1010,241739830309700,2308900,2515699600,2523333700
2,1026,241739865759600,2247100,2551149500,2558783600
2,1042,241739900626500,2171400,2586016400,2593650500
2,1058,241739936576300,2196000,2621966200,2629600300
2,1074,241739977764700,2119500,2663154600,2670788700
2,1090,241740012922400,2281300,2698312300,2705946400
2,1106,241740048764700,2174600,2734154600,2741788700
2,1122,241740083762000,2179200,2769151900,2776786000
2,1138,241740119843800,2192200,2805233700,2812867800
2,1154,241740155343600,2404700,2840733500,2848367600
2,1170,241740190983600,2130100,2876373500,2884007600
2,1186,241740225450500,2208800,2910840400,2918474500
2,1202,241740265975600,2244700,2951365500,2958999600
2,1218,241740300446700,2098400,2985836600,2993470700
2,1234,241740336311300,2594300,3021701200,3029335300
2,1250,241740383793500,3058700,3069183400,3076817500
2,1266,241740431906700,3151000,3117296600,3124930700
2,1282,241740476627400,2693100,3162017300,3169651400
2,1298,241740524379100,2756000,3209769000,3217403100
2,1314,241740572945800,3082300,3258335700,3265969800
2,1330,241740626443300,3083300,3311833200,3319467300
2,1346,241740676700600,2644700,3362090500,3369724600
2,1362,241740720215800,2747200,3405605700,3413239800
2,1378,241740765512100,2825200,3450902000,3458536100
2,1394,241740809795000,2730300,3495184900,3502819000
2,1410,241740851970300,2646400,3537360200,3544994300
2,1426,241740898707100,3041000,3584097000,3591731100
2,1442,241740947435000,3037500,3632824900,3640459000
2,1458,241740992416100,2638100,3677806000,3685440100
2,1474,241741046669700,2783900,3732059600,3739693700
2,1490,241741092929400,2963000,3778319300,3785953400
2,1506,241741140419800,2938800,3825809700,3833443800
2,1522,241741184620800,2744000,3870010700,3877644800
2,1538,241741228766000,2887100,3914155900,3921790000
2,1554,241741273132000,3001900,3958521900,3966156000
2,1570,241741322354000,2618400,4007743900,4015378000
2,1586,241741370601100,2489700,4055991000,4063625100
2,1602,241741425140000,3081800,4110529900,4118164000
2,1618,241741473080100,2753500,4158470000,4166104100
2,1634,241741519342200,3134900,4204732100,4212366200
2,1650,241741565654400,2774900,4251044300,4258678400
2,1666,241741613389900,2897000,4298779800,4306413900
2,1682,241741660389400,2969000,4345779300,4353413400
2,1698,241741711433500,2737800,4396823400,4404457500
2,1714,241741755273500,2865700,4440663400,4448297500
2,1730,241741807417200,2944300,4492807100,4500441200
2,1746,241741856615700,2783700,4542005600,4549639700
2,1762,241741901891200,2798200,4587281100,4594915200
2,1778,241741944588300,2635500,4629978200,4637612300
2,1794,241741990360300,3018600,4675750200,4683384300
2,1810,241742037012700,2944600,4722402600,4730036700
2,1826,241742080116900,2594800,4765506800,4773140900
2,1842,241742124354300,2762600,4809744200,4817378300
2,1858,241742171658300,3046400,4857048200,4864682300
2,1874,241742222575200,2798000,4907965100,4915599200
2,1890,241742267994100,2747400,4953384000,4961018100
2,1906,241742312053500,2698900,4997443400,5005077500
2,1922,241742356311700,2668200,5041701600,5049335700
2,1938,241742402063300,2772400,5087453200,5095087300
2,1954,241742444941900,2738900,5130331800,5137965900
2,1970,241742489092100,2763800,5174482000,5182116100
2,1986,241742539551000,2889400,5224940900,5232575000
2,2002,241742593211100,3043000,5278601000,5286235100
2,2018,241742639078700,2626300,5324468600,5332102700
2,2034,241742683410200,2734300,5368800100,5376434200
3,3,241737464367700,2535100,149757600,157391700
3,19,241737503397100,2176400,188787000,196421100
3,35,241737539509300,2193200,224899200,232533300
3,51,241737574478400,2193600,259868300,267502400
3,67,241737609362600,2184200,294752500,302386600
3,83,241737644627700,2218200,330017600,337651700
3,99,241737679682800,2257400,365072700,372706800
3,115,241737716357100,2299600,401747000,409381100
3,131,241737772288100,2311500,457678000,465312100
3,147,241737809077700,2241400,494467600,502101700
3,163,241737844883300,2107500,530273200,537907300
3,179,241737879647300,2111600,565037200,572671300
3,195,241737915507500,2436200,600897400,608531500
3,211,241737952524600,2254000,637914500,645548600
3,227,241737987670400,2237000,673060300,680694400
3,243,241738024065100,2270700,709455000,717089100
3,259,241738077398400,3002100,762788300,770422400
3,275,241738114201600,2231300,799591500,807225600
3,291,241738149508600,2170700,834898500,842532600
3,307,241738184345800,2196200,869735700,877369800
3,323,241738218451900,2140100,903841800,911475900
3,339,241738252822300,2347000,938212200,945846300
3,355,241738288906000,2088800,974295900,981930000
3,371,241738324789100,2155300,1010179000,1017813100
3,387,241738361056500,2196200,1046446400,1054080500
3,403,241738414125000,2199100,1099514900,1107149000
3,419,241738449007300,2139900,1134397200,1142031300
3,435,241738483707100,2140400,1169097000,1176731100
3,451,241738519386500,2144900,1204776400,1212410500
3,467,241738555341700,2274900,1240731600,1248365700
3,483,241738591114200,2225800,1276504100,1284138200
3,499,241738626789600,2201500,1312179500,1319813600
3,515,241738662494500,2306800,1347884400,1355518500
3,531,241738716981600,2117000,1402371500,1410005600
3,547,241738751621100,2297700,1437011000,1444645100
3,563,241738786005500,2114800,1471395400,1479029500
3,579,241738820769900,2334500,1506159800,1513793900
3,595,241738855958300,2119800,1541348200,1548982300
3,611,241738890507600,2071600,1575897500,1583531600
3,627,241738925243000,2209000,1610632900,1618267000
3,643,241738960956500,2270400,1646346400,1653980500
3,659,241738996459800,21757100,1681849700,1689483800
3,675,241739051695700,2138000,1737085600,1744719700
3,691,241739085872000,2196800,1771261900,1778896000
3,707,241739120468600,2335600,1805858500,1813492600
3,723,241739157039400,2215600,1842429300,1850063400
3,739,241739192194900,2199600,1877584800,1885218900
3,755,241739228049600,2281400,1913439500,1921073600
3,771,241739263730000,2268400,1949119900,1956754000
3,787,241739299617500,2208900,1985007400,1992641500
3,803,241739355641100,2220000,2041031000,2048665100
3,819,241739391890400,2164000,2077280300,2084914400
3,835,241739427700800,2235400,2113090700,2120724800
3,851,241739463454500,2208500,2148844400,2156478500
3,867,241739498278300,2151300,2183668200,2191302300
3,883,241739532535900,2072700,2217925800,2225559900
3,899,241739567527500,2219200,2252917400,2260551500
3,915,241739603219900,2191600,2288609800,2296243900
3,931,241739657775100,2195200,2343165000,2350799100
3,947,241739692439300,2148400,2377829200,2385463300
3,963,241739726769000,2122400,2412158900,2419793000
3,979,241739761782100,2119300,2447172000,2454806100
3,995,241739796048700,2157900,2481438600,2489072700
3,1011,241739833083500,2286500,2518473400,2526107500
3,1027,241739868387900,2169700,2553777800,2561411900
3,1043,241739903289000,2249600,2588678900,2596313000
3,1059,241739939264000,8123900,2624653900,2632288000
3,1075,241739980198300,2085400,2665588200,2673222300
3,1091,241740015079800,2343500,2700469700,2708103800
3,1107,241740050847900,2171400,2736237800,2743871900
3,1123,241740085825400,2210400,2771215300,2778849400
3,1139,241740121885400,2203500,2807275300,2814909400
3,1155,241740157568500,2196200,2842958400,2850592500
3,1171,241740192800300,2122300,2878190200,2885824300
3,1187,241740227378500,2307300,2912768400,2920402500
3,1203,241740268073300,2155500,2953463200,2961097300
3,1219,241740302376200,2146900,2987766100,2995400200
3,1235,241740338658500,2651900,3024048400,3031682500
3,1251,241740386504200,3073600,3071894100,3079528200
3,1267,241740434813700,2778900,3120203600,3127837700
3,1283,241740479113600,3202900,3164503500,3172137600
3,1299,241740526940200,2841300,3212330100,3219964200
3,1315,241740575864400,3035300,3261254300,3268888400
3,1331,241740629353000,3206800,3314742900,3322377000
3,1347,241740679202400,2626400,3364592300,3372226400
3,1363,241740722801500,2743200,3408191400,3415825500
3,1379,241740768527800,2720300,3453917700,3461551800
3,1395,241740812702600,2724500,3498092500,3505726600
3,1411,241740854800000,2618100,3540189900,3547824000
3,1427,241740901962300,3022000,3587352200,3594986300
3,1443,241740950683500,3021100,3636073400,3643707500
3,1459,241740995400200,2623600,3680790100,3688424200
3,1475,241741048010300,2788900,3733400200,3741034300
3,1491,241741094352700,2983400,3779742600,3787376700
3,1507,241741141802600,2943800,3827192500,3834826600
3,1523,241741185910500,2733000,3871300400,3878934500
3,1539,241741230220500,2747000,3915610400,3923244500
3,1555,241741274484800,3137100,3959874700,3967508800
3,1571,241741323523300,2733500,4008913200,4016547300
3,1587,241741371582100,2838500,4056972000,4064606100
3,1603,241741426443700,3052800,4111833600,4119467700
3,1619,241741474264100,2747000,4159654000,4167288100
3,1635,241741520699100,3086100,4206089000,4213723100
3,1651,241741566700400,2694500,4252090300,4259724400
3,1667,241741614418700,2892300,4299808600,4307442700
3,1683,241741661438100,2980800,4346828000,4354462100
3,1699,241741712465000,2734500,4397854900,4405489000
3,1715,241741756285300,2951800,4441675200,4449309300
3,1731,241741808512300,2962200,4493902200,4501536300
3,1747,241741857635800,2779800,4543025700,4550659800
3,1763,241741902920900,2766300,4588310800,4595944900
3,1779,241741945558900,2636000,4630948800,4638582900
3,1795,241741991433400,3012200,4676823300,4684457400
3,1811,241742038043600,2966200,4723433500,4731067600
3,1827,241742081073900,2585500,4766463800,4774097900
3,1843,241742125270200,2770100,4810660100,4818294200
3,1859,241742172740800,2954600,4858130700,4865764800
3,1875,241742223539900,2793100,4908929800,4916563900
3,1891,241742268942500,2775000,4954332400,4961966500
3,1907,241742312990600,2736400,4998380500,5006014600
3,1923,241742357413100,2647500,5042803000,5050437100
3,1939,241742403221900,2707100,5088611800,5096245900
3,1955,241742446016400,2738300,5131406300,5139040400
3,1971,241742490193900,2716600,5175583800,5183217900
3,1987,241742540646100,2945900,5226036000,5233670100
3,2003,241742594332500,3027800,5279722400,5287356500
3,2019,241742640109700,2575300,5325499600,5333133700
3,2035,241742684455400,2712400,5369845300,5377479400
4,4,241737467155700,2382000,152545600,160179700
4,20,241737505784600,2207800,191174500,198808600
4,36,241737541911400,2178500,227301300,234935400
4,52,241737576913600,2140800,262303500,269937600
4,68,241737611837900,2183900,297227800,304861900
4,84,241737646925600,2178700,332315500,339949600
4,100,241737681976900,2300100,367366800,375000900
4,116,241737718840200,2289400,404230100,411864200
4,132,241737774730600,2299700,460120500,467754600
4,148,241737811518700,2271000,496908600,504542700
4,164,241737847146200,2135200,532536100,540170200
4,180,241737881883500,2148100,567273400,574907500
4,196,241737918085100,2307900,603475000,611109100
4,212,241737954849200,2409200,640239100,647873200
4,228,241737989974000,2232400,675363900,682998000
4,244,241738026369000,2268900,711758900,719393000
4,260,241738080435300,2622000,765825200,773459300
4,276,241738116580700,2190900,801970600,809604700
4,292,241738151556400,2183800,836946300,844580400
4,308,241738186379300,2183400,871769200,879403300
4,324,241738220385400,2228600,905775300,913409400
4,340,241738254992800,2196600,940382700,948016800
4,356,241738290906000,2190900,976295900,983930000
4,372,241738326912200,2232400,1012302100,1019936200
4,388,241738362921400,2158500,1048311300,1055945400
4,404,241738415936100,2208300,1101326000,1108960100
4,420,241738450992000,2161600,1136381900,1144016000
4,436,241738485637900,2173900,1171027800,1178661900
4,452,241738520812500,2308200,1206202400,1213836500
4,468,241738556857600,2388100,1242247500,1249881600
4,484,241738592607000,2284700,1277996900,1285631000
4,500,241738628249700,2270900,1313639600,1321273700
4,516,241738664040700,2392300,1349430600,1357064700
4,532,241738718135900,2135800,1403525800,1411159900
4,548,241738752777800,2474800,1438167700,1445801800
4,564,241738787200000,2123700,1472589900,1480224000
4,580,241738821984000,2437300,1507373900,1515008000
4,596,241738857082100,2139800,1542472000,1550106100
4,612,241738891592800,2104000,1576982700,1584616800
4,628,241738926515900,2190600,1611905800,1619539900
4,644,241738962750900,2338800,1648140800,1655774900
4,660,241739017589900,2565400,1702979800,1710613900
4,676,241739053455600,2128600,1738845500,1746479600
4,692,241739087651900,2267900,1773041800,1780675900
4,708,241739122415000,2298200,1807804900,1815439000
4,724,241739158822000,2207900,1844211900,1851846000
4,740,241739193881900,2281800,1879271800,1886905900
4,756,241739229892900,2204700,1915282800,1922916900
4,772,241739265514000,2319900,1950903900,1958538000
4,788,241739301364000,2259000,1986753900,1994388000
4,804,241739357531600,2264400,2042921500,2050555600
4,820,241739393209300,2279800,2078599200,2086233300
4,836,241739429071500,2170000,2114461400,2122095500
4,852,241739464699900,2213600,2150089800,2157723900
4,868,241739499522000,2211300,2184911900,2192546000
4,884,241739533796300,2106200,2219186200,2226820300
4,900,241739568803000,2275600,2254192900,2261827000
4,916,241739604532200,2206700,2289922100,2297556200
4,932,241739659055200,2177600,2344445100,2352079200
4,948,241739693684700,2153900,2379074600,2386708700
4,964,241739727990200,2141000,2413380100,2421014200
4,980,241739762962000,2128200,2448351900,2455986000
4,996,241739797189300,2173300,2482579200,2490213300
4,1012,241739834242900,2315300,2519632800,2527266900
4,1028,241739869521700,2195100,2554911600,2562545700
4,1044,241739904407200,2404400,2589797100,2597431200
4,1060,241739940465300,8162300,2625855200,2633489300
4,1076,241739981402300,2132100,2666792200,2674426300
4,1092,241740016827700,2200800,2702217600,2709851700
4,1108,241740052401900,2169200,2737791800,2745425900
4,1124,241740087522400,2213200,2772912300,2780546400
4,1140,241740123578600,2261700,2808968500,2816602600
4,1156,241740159219200,2245000,2844609100,2852243200
4,1172,241740194632500,2134900,2880022400,2887656500
4,1188,241740229210300,2160300,2914600200,2922234300
4,1204,241740269734100,2134800,2955124000,2962758100
4,1220,241740304019600,2161600,2989409500,2997043600
4,1236,241740340713400,2603300,3026103300,3033737400
4,1252,241740388879900,2910700,3074269800,3081903900
4,1268,241740436902400,2777500,3122292300,3129926400
4,1284,241740481503000,3145500,3166892900,3174527000
4,1300,241740529076100,2838600,3214466000,3222100100
4,1316,241740578092700,2973800,3263482600,3271116700
4,1332,241740631678300,3242500,3317068200,3324702300
4,1348,241740681075500,2640900,3366465400,3374099500
4,1364,241740724733300,2808000,3410123200,3417757300
4,1380,241740769990200,2750900,3455380100,3463014200
4,1396,241740814183800,2705900,3499573700,3507207800
4,1412,241740856201400,2619900,3541591300,3549225400
4,1428,241740903572400,2992700,3588962300,3596596400
4,1444,241740952299100,3042300,3637689000,3645323100
4,1460,241740996612400,10605200,3682002300,3689636400
4,1476,241741050597700,2947800,3735987600,3743621700
4,1492,241741097090500,2942500,3782480400,3790114500
4,1508,241741144543800,2915100,3829933700,3837567800
4,1524,241741188468900,2769500,3873858800,3881492900
4,1540,241741232771700,2731800,3918161600,3925795700
4,1556,241741277406000,4874300,3962795900,3970430000
4,1572,241741326209600,3081300,4011599500,4019233600
4,1588,241741374380600,3105900,4059770500,4067404600
4,1604,241741429453300,3066300,4114843200,4122477300
4,1620,241741476977000,2853400,4162366900,4170001000
4,1636,241741523746400,3093300,4209136300,4216770400
4,1652,241741569488700,2679500,4254878600,4262512700
4,1668,241741617441000,2992800,4302830900,4310465000
4,1684,241741664543100,2953300,4349933000,4357567100
4,1700,241741715241100,2713400,4400631000,4408265100
4,1716,241741759279500,3053300,4444669400,4452303500
4,1732,241741811530500,3062300,4496920400,4504554500
4,1748,241741860480600,2725700,4545870500,4553504600
4,1764,241741905751200,2800100,4591141100,4598775200
4,1780,241741948270500,2652800,4633660400,4641294500
4,1796,241741994528300,2944500,4679918200,4687552300
4,1812,241742041093300,2845300,4726483200,4734117300
4,1828,241742083731000,2623700,4769120900,4776755000
4,1844,241742128112200,2871900,4813502100,4821136200
4,1860,241742175733800,8650400,4861123700,4868757800
4,1876,241742226386100,2753600,4911776000,4919410100
4,1892,241742271766400,2802300,4957156300,4964790400
4,1908,241742315788000,3040600,5001177900,5008812000
4,1924,241742360030300,2885600,5045420200,5053054300
4,1940,241742405881600,2711400,5091271500,5098905600
4,1956,241742448723000,2736600,5134112900,5141747000
4,1972,241742492868700,2788000,5178258600,5185892700
4,1988,241742543553300,2825900,5228943200,5236577300
4,2004,241742597314700,3054100,5282704600,5290338700
4,2020,241742642653500,2571000,5328043400,5335677500
4,2036,241742687136800,2670300,5372526700,5380160800
5,5,241737467037900,2390600,152427800,160061900
5,21,241737505499700,2208000,190889600,198523700
5,37,241737541671300,2189100,227061200,234695300
5,53,241737576604000,2149500,261993900,269628000
5,69,241737611475500,2183100,296865400,304499500
5,85,241737647042000,2190500,332431900,340066000
5,101,241737682091000,2309100,367480900,375115000
5,117,241737718724800,2273800,404114700,411748800
5,133,241737774675600,2282300,460065500,467699600
5,149,241737811488000,2266300,496877900,504512000
5,165,241737847117200,2130700,532507100,540141200
5,181,241737881914100,2151100,567304000,574938100
5,197,241737918117400,2307400,603507300,611141400
5,213,241737954813400,2412800,640203300,647837400
5,229,241737989943300,2230500,675333200,682967300
5,245,241738026428600,2273900,711818500,719452600
5,261,241738080504200,2612000,765894100,773528200
5,277,241738117056100,2180400,802446000,810080100
5,293,241738152312100,2173600,837702000,845336100
5,309,241738187144900,2194100,872534800,880168900
5,325,241738221262700,2064800,906652600,914286700
5,341,241738255783100,2177700,941173000,948807100
5,357,241738291535500,2195900,976925400,984559500
5,373,241738327594300,2321800,1012984200,1020618300
5,389,241738363913900,2086200,1049303800,1056937900
5,405,241738416913600,2228300,1102303500,1109937600
5,421,241738452061400,2112900,1137451300,1145085400
5,437,241738486707600,2151400,1172097500,1179731600
5,453,241738521927700,2457500,1207317600,1214951700
5,469,241738558098000,2315200,1243487900,1251122000
5,485,241738593810600,2187600,1279200500,1286834600
5,501,241738629468500,2296200,1314858400,1322492500
5,517,241738665080800,2422200,1350470700,1358104800
5,533,241738719132600,2131500,1404522500,1412156600
5,549,241738753954600,2296400,1439344500,1446978600
5,565,241738788092900,2136900,1473482800,1481116900
5,581,241738823034500,2521800,1508424400,1516058500
5,597,241738858022400,2164000,1543412300,1551046400
5,613,241738892515400,2121900,1577905300,1585539400
5,629,241738927601300,2258000,1612991200,1620625300
5,645,241738963916500,2320700,1649306400,1656940500
5,661,241739019157000,2556600,1704546900,1712181000
5,677,241739054790500,2128500,1740180400,1747814500
5,693,241739089104100,2157900,1774494000,1782128100
5,709,241739123904400,2362200,1809294300,1816928400
5,725,241739160302600,2212300,1845692500,1853326600
5,741,241739195544800,2245300,1880934700,1888568800
5,757,241739231473700,2170600,1916863600,1924497700
5,773,241739267350100,2249900,1952740000,1960374100
5,789,241739303208700,2274100,1988598600,1996232700
5,805,241739359101200,2257600,2044491100,2052125200
5,821,241739394743000,2320900,2080132900,2087767000
5,837,241739430521900,2176400,2115911800,2123545900
5,853,241739466282100,2270500,2151672000,2159306100
5,869,241739500976800,2192200,2186366700,2194000800
5,885,241739535138200,2152500,2220528100,2228162200
5,901,241739570346500,2213300,2255736400,2263370500
5,917,241739605985400,2215400,2291375300,2299009400
5,933,241739660517300,2134300,2345907200,2353541300
5,949,241739695055100,2124700,2380445000,2388079100
5,965,241739729408900,2122700,2414798800,2422432900
5,981,241739764344100,2154000,2449734000,2457368100
5,997,241739798624100,2088600,2484014000,2491648100
5,1013,241739835789000,2187600,2521178900,2528813000
5,1029,241739871002400,2206800,2556392300,2564026400
5,1045,241739905941600,2407800,2591331500,2598965600
5,1061,241739947776900,2342100,2633166800,2640800900
5,1077,241739982774200,2212600,2668164100,2675798200
5,1093,241740018213900,2201900,2703603800,2711237900
5,1109,241740053755000,2158900,2739144900,2746779000
5,1125,241740088707700,2181400,2774097600,2781731700
5,1141,241740124772800,2249300,2810162700,2817796800
5,1157,241740160434900,2265100,2845824800,2853458900
5,1173,241740195692500,2111300,2881082400,2888716500
5,1189,241740230333800,2159900,2915723700,2923357800
5,1205,241740270826700,2136900,2956216600,2963850700
5,1221,241740305170400,2155600,2990560300,2998194400
5,1237,241740342064000,2650300,3027453900,3035088000
5,1253,241740390449100,2664500,3075839000,3083473100
5,1269,241740438372400,2563500,3123762300,3131396400
5,1285,241740483188000,3049300,3168577900,3176212000
5,1301,241740530573300,2867000,3215963200,3223597300
5,1317,241740579630300,2985300,3265020200,3272654300
5,1333,241740633342100,3182800,3318732000,3326366100
5,1349,241740682685800,2673100,3368075700,3375709800
5,1365,241740726484400,2736700,3411874300,3419508400
5,1381,241740771547000,2759500,3456936900,3464571000
5,1397,241740815637700,2686600,3501027600,3508661700
5,1413,241740857635100,2610800,3543025000,3550659100
5,1429,241740905225100,3011700,3590615000,3598249100
5,1445,241740953966100,3045200,3639356000,3646990100
5,1461,241741005824600,2834300,3691214500,3698848600
5,1477,241741050638400,2949400,3736028300,3743662400
5,1493,241741097051800,2941100,3782441700,3790075800
5,1509,241741144504700,2903600,3829894600,3837528700
5,1525,241741188430700,2771900,3873820600,3881454700
5,1541,241741232696100,2722000,3918086000,3925720100
5,1557,241741277315500,4887600,3962705400,3970339500
5,1573,241741326013900,3108100,4011403800,4019037900
5,1589,241741374207300,3115600,4059597200,4067231300
5,1605,241741429281100,3062300,4114671000,4122305100
5,1621,241741476836400,2829500,4162226300,4169860400
5,1637,241741523569300,3098000,4208959200,4216593300
5,1653,241741569329400,2697700,4254719300,4262353400
5,1669,241741617229900,2994000,4302619800,4310253900
5,1685,241741664338800,2946500,4349728700,4357362800
5,1701,241741715122700,2722500,4400512600,4408146700
5,1717,241741759149500,3066500,4444539400,4452173500
5,1733,241741811368700,3094200,4496758600,4504392700
5,1749,241741860383100,2714300,4545773000,4553407100
5,1765,241741905638600,2800700,4591028500,4598662600
5,1781,241741948163900,2660300,4633553800,4641187900
5,1797,241741994404200,2946800,4679794100,4687428200
5,1813,241742040966000,2858800,4726355900,4733990000
5,1829,241742083627000,2609500,4769016900,4776651000
5,1845,241742128001100,2853400,4813391000,4821025100
5,1861,241742175629100,8646600,4861019000,4868653100
5,1877,241742226257100,2772100,4911647000,4919281100
5,1893,241742271640500,2799200,4957030400,4964664500
5,1909,241742315632900,2926400,5001022800,5008656900
5,1925,241742359777200,2836700,5045167100,5052801200
5,1941,241742405683200,2717900,5091073100,5098707200
5,1957,241742448527100,2742600,5133917000,5141551100
5,1973,241742492681300,2784600,5178071200,5185705300
5,1989,241742543346600,2842700,5228736500,5236370600
5,2005,241742597159500,3035400,5282549400,5290183500
5,2021,241742642506300,2570600,5327896200,5335530300
5,2037,241742687014100,2685200,5372404000,5380038100
6,6,241737471859300,3022200,157249200,164883300
6,22,241737510187600,2333500,195577500,203211600
6,38,241737546388100,2187800,231778000,239412100
6,54,241737581336000,2136700,266725900,274360000
6,70,241737616226100,2158400,301616000,309250100
6,86,241737651648400,2192800,337038300,344672400
6,102,241737686819400,2422700,372209300,379843400
6,118,241737723578800,2275300,408968700,416602800
6,134,241737779484400,2253300,464874300,472508400
6,150,241737816272800,2204600,501662700,509296800
6,166,241737851588300,2154400,536978200,544612300
6,182,241737886409700,2136000,571799600,579433700
6,198,241737922930300,2423700,608320200,615954300
6,214,241737959580000,2215000,644969900,652604000
6,230,241737994510800,2286600,679900700,687534800
6,246,241738030966500,2340400,716356400,723990500
6,262,241738085470500,2252600,770860400,778494500
6,278,241738121347800,2237800,806737700,814371800
6,294,241738156579900,2112800,841969800,849603900
6,310,241738191440200,2125900,876830100,884464200
6,326,241738225385400,2085000,910775300,918409400
6,342,241738260129000,2240900,945518900,953153000
6,358,241738295880200,2268300,981270100,988904200
6,374,241738332215400,2274700,1017605300,1025239400
6,390,241738368072500,2174800,1053462400,1061096500
6,406,241738421318900,2201800,1106708800,1114342900
6,422,241738456268900,2296100,1141658800,1149292900
6,438,241738491017400,2274500,1176407300,1184041400
6,454,241738526521400,2260100,1211911300,1219545400
6,470,241738562487700,2225200,1247877600,1255511700
6,486,241738597974400,2347800,1283364300,1290998400
6,502,241738633704200,2245500,1319094100,1326728200
6,518,241738669574600,2123500,1354964500,1362598600
6,534,241738723337900,2235000,1408727800,1416361900
6,550,241738758305600,2118300,1443695500,1451329600
6,566,241738792310200,2226400,1477700100,1485334200
6,582,241738827738200,2212600,1513128100,1520762200
6,598,241738862237500,2162300,1547627400,1555261500
6,614,241738896704100,2253400,1582094000,1589728100
6,630,241738931825200,2161700,1617215100,1624849200
6,646,241738967602700,2165600,1652992600,1660626700
6,662,241739022877600,2594400,1708267500,1715901600
6,678,241739058274100,2125800,1743664000,1751298100
6,694,241739092660800,2122900,1778050700,1785684800
6,710,241739127807500,2401500,1813197400,1820831500
6,726,241739163938700,2160900,1849328600,1856962700
6,742,241739199135300,2275400,1884525200,1892159300
6,758,241739234998700,2172500,1920388600,1928022700
6,774,241739270845000,2278600,1956234900,1963869000
6,790,241739306896200,2190200,1992286100,1999920200
6,806,241739362878300,2131700,2048268200,2055902300
6,822,241739398120900,2235800,2083510800,2091144900
6,838,241739433851900,2283500,2119241800,2126875900
6,854,241739469764100,2174800,2155154000,2162788100
6,870,241739504644500,2123200,2190034400,2197668500
6,886,241739538757600,2111500,2224147500,2231781600
6,902,241739574031700,2187000,2259421600,2267055700
6,918,241739609623100,2124000,2295013000,2302647100
6,934,241739664012500,2128000,2349402400,2357036500
6,950,241739698510900,2144000,2383900800,2391534900
6,966,241739732811000,2177800,2418200900,2425835000
6,982,241739767835400,2133600,2453225300,2460859400
6,998,241739802339900,2142000,2487729800,2495363900
6,1014,241739839174200,2133800,2524564100,2532198200
6,1030,241739874410600,2110500,2559800500,2567434600
6,1046,241739909740400,2271100,2595130300,2602764400
6,1062,241739951463900,2285600,2636853800,2644487900
6,1078,241739986256200,2131000,2671646100,2679280200
6,1094,241740021805800,2245900,2707195700,2714829800
6,1110,241740057264300,2184900,2742654200,2750288300
6,1126,241740092267700,2254000,2777657600,2785291700
6,1142,241740128518600,2204400,2813908500,2821542600
6,1158,241740164246000,2210900,2849635900,2857270000
6,1174,241740199226300,2158300,2884616200,2892250300
6,1190,241740234014400,2291700,2919404300,2927038400
6,1206,241740274579800,2111000,2959969700,2967603800
6,1222,241740308874200,2117400,2994264100,3001898200
6,1238,241740346688900,2785600,3032078800,3039712900
6,1254,241740395299700,2926000,3080689600,3088323700
6,1270,241740443182200,2837600,3128572100,3136206200
6,1286,241740488558600,3102800,3173948500,3181582600
6,1302,241740535548900,2825500,3220938800,3228572900
6,1318,241740584722600,2953300,3270112500,3277746600
6,1334,241740638774300,3067700,3324164200,3331798300
6,1350,241740687131500,2786000,3372521400,3380155500
6,1366,241740730973700,2773300,3416363600,3423997700
6,1382,241740776678600,2757000,3462068500,3469702600
6,1398,241740820630500,2613000,3506020400,3513654500
6,1414,241740862583800,2612700,3547973700,3555607800
6,1430,241740910880700,3098100,3596270600,3603904700
6,1446,241740959631300,2645100,3645021200,3652655300
6,1462,241741012084100,3002100,3697474000,3705108100
6,1478,241741056182900,2930800,3741572800,3749206900
6,1494,241741102633800,2961400,3788023700,3795657800
6,1510,241741149947400,2924200,3835337300,3842971400
6,1526,241741193567900,2713100,3878957800,3886591900
6,1542,241741237829500,2704300,3923219400,3930853500
6,1558,241741284769200,2772800,3970159100,3977793200
6,1574,241741331877100,2984700,4017267000,4024901100
6,1590,241741380194400,3081000,4065584300,4073218400
6,1606,241741435270200,3065100,4120660100,4128294200
6,1622,241741482351000,2749700,4167740900,4175375000
6,1638,241741529486100,2850700,4214876000,4222510100
6,1654,241741574433600,2788300,4259823500,4267457600
6,1670,241741622848500,2905700,4308238400,4315872500
6,1686,241741670003100,2955600,4355393000,4363027100
6,1702,241741720290400,2731400,4405680300,4413314400
6,1718,241741765034600,3066800,4450424500,4458058600
6,1734,241741817510000,3438400,4502899900,4510534000
6,1750,241741865623200,2748200,4551013100,4558647200
6,1766,241741910959300,2650500,4596349200,4603983300
6,1782,241741953297200,2661500,4638687100,4646321200
6,1798,241742000059100,2974600,4685449000,4693083100
6,1814,241742046243500,2833600,4731633400,4739267500
6,1830,241742088580200,2870700,4773970100,4781604200
6,1846,241742133587100,2985000,4818977000,4826611100
6,1862,241742186794800,2748400,4872184700,4879818800
6,1878,241742231617200,2755800,4917007100,4924641200
6,1894,241742277276900,2741900,4962666800,4970300900
6,1910,241742321053800,2728100,5006443700,5014077800
6,1926,241742365311800,2934700,5050701700,5058335800
6,1942,241742410817600,2637000,5096207500,5103841600
6,1958,241742453776600,2715200,5139166500,5146800600
6,1974,241742497965000,3689000,5183354900,5190989000
6,1990,241742548717100,2872800,5234107000,5241741100
6,2006,241742603028300,5172200,5288418200,5296052300
6,2022,241742647536700,2675800,5332926600,5340560700
6,2038,241742692012500,2662000,5377402400,5385036500
7,7,241737474846800,2597200,160236700,167870800
7,23,241737512450700,2506600,197840600,205474700
7,39,241737548311300,2149000,233701200,241335300
7,55,241737583202600,2265400,268592500,276226600
7,71,241737618084400,2147900,303474300,311108400
7,87,241737653750300,2192300,339140200,346774300
7,103,241737689147100,2345200,374537000,382171100
7,119,241737725790900,2271000,411180800,418814900
7,135,241737781644800,2393900,467034700,474668800
7,151,241737818349600,2256800,503739500,511373600
7,167,241737853628400,2241200,539018300,546652400
7,183,241737888438700,2392700,573828600,581462700
7,199,241737925226400,2219100,610616300,618250400
7,215,241737961624300,2179300,647014200,654648300
7,231,241737996577900,2251700,681967800,689601900
7,247,241738033091800,2289300,718481700,726115800
7,263,241738087469700,2219400,772859600,780493700
7,279,241738123394500,2207600,808784400,816418500
7,295,241738158317300,2121800,843707200,851341300
7,311,241738193171000,2115300,878560900,886195000
7,327,241738227065700,2075900,912455600,920089700
7,343,241738261952000,2198300,947341900,954976000
7,359,241738297891100,2221900,983281000,990915100
7,375,241738334258700,2172800,1019648600,1027282700
7,391,241738370046000,2100400,1055435900,1063070000
7,407,241738423276000,2131400,1108665900,1116300000
7,423,241738458271200,2344000,1143661100,1151295200
7,439,241738492965500,2339400,1178355400,1185989500
7,455,241738528571600,2251800,1213961500,1221595600
7,471,241738564507800,2222600,1249897700,1257531800
7,487,241738600136000,2263700,1285525900,1293160000
7,503,241738635781200,2231000,1321171100,1328805200
7,519,241738671487800,2140700,1356877700,1364511800
7,535,241738725334500,2294400,1410724400,1418358500
7,551,241738760193700,2054000,1445583600,1453217700
7,567,241738794311600,2143500,1479701500,1487335600
7,583,241738829663100,2173300,1515053000,1522687100
7,599,241738864085300,2154100,1549475200,1557109300
7,615,241738898651100,2125300,1584041000,1591675100
7,631,241738933610900,2191500,1619000800,1626634900
7,647,241738969171300,2196700,1654561200,1662195300
7,663,241739024748400,2539600,1710138300,1717772400
7,679,241739059680200,2108900,1745070100,1752704200
7,695,241739094072900,2127600,1779462800,1787096900
7,711,241739129392500,2300200,1814782400,1822416500
7,727,241739165374900,2301700,1850764800,1858398900
7,743,241739200794800,2217500,1886184700,1893818800
7,759,241739236549200,2070000,1921939100,1929573200
7,775,241739272309600,2282500,1957699500,1965333600
7,791,241739308124700,2383400,1993514600,2001148700
7,807,241739364164800,2234500,2049554700,2057188800
7,823,241739399688100,2385700,2085078000,2092712100
7,839,241739435526700,2356000,2120916600,2128550700
7,855,241739471398300,2281800,2156788200,2164422300
7,871,241739505969100,2116000,2191359000,2198993100
7,887,241739540105700,2127900,2225495600,2233129700
7,903,241739575419000,2200200,2260808900,2268443000
7,919,241739610953700,2112600,2296343600,2303977700
7,935,241739665454200,2143800,2350844100,2358478200
7,951,241739700069700,2111300,2385459600,2393093700
7,967,241739734302400,2158200,2419692300,2427326400
7,983,241739769708500,2112400,2455098400,2462732500
7,999,241739803935300,2112400,2489325200,2496959300
7,1015,241739841104500,2326300,2526494400,2534128500
7,1031,241739876330200,2144000,2561720100,2569354200
7,1047,241739911861400,2213500,2597251300,2604885400
7,1063,241739953475200,2317600,2638865100,2646499200
7,1079,241739988153900,2108000,2673543800,2681177900
7,1095,241740023600500,2237100,2708990400,2716624500
7,1111,241740059018700,2163800,2744408600,2752042700
7,1127,241740094121500,2371000,2779511400,2787145500
7,1143,241740130242700,2208800,2815632600,2823266700
7,1159,241740165959000,2205700,2851348900,2858983000
7,1175,241740201002600,2129900,2886392500,2894026600
7,1191,241740235087200,2447400,2920477100,2928111200
7,1207,241740275568900,2116600,2960958800,2968592900
7,1223,241740309867800,2142600,2995257700,3002891800
7,1239,241740347894400,3064200,3033284300,3040918400
7,1255,241740396642500,2924300,3082032400,3089666500
7,1271,241740444372100,2935800,3129762000,3137396100
7,1287,241740489915600,3032100,3175305500,3182939600
7,1303,241740536818300,2827000,3222208200,3229842300
7,1319,241740586076300,2917100,3271466200,3279100300
7,1335,241740640138100,3093100,3325528000,3333162100
7,1351,241740688423400,2809700,3373813300,3381447400
7,1367,241740732251400,2793500,3417641300,3425275400
7,1383,241740777603000,2774200,3462992900,3470627000
7,1399,241740821489000,2602100,3506878900,3514513000
7,1415,241740863427100,2798300,3548817000,3556451100
7,1431,241740911874500,3086300,3597264400,3604898500
7,1447,241740960434100,2763000,3645824000,3653458100
7,1463,241741017217300,2661400,3702607200,3710241300
7,1479,241741061360200,2936200,3746750100,3754384200
7,1495,241741107828000,2981800,3793217900,3800852000
7,1511,241741155008400,2743900,3840398300,3848032400
7,1527,241741198476800,2743000,3883866700,3891500800
7,1543,241741242696000,2765900,3928085900,3935720000
7,1559,241741289593300,2990100,3974983200,3982617300
7,1575,241741337081900,3100700,4022471800,4030105900
7,1591,241741385562700,3110800,4070952600,4078586700
7,1607,241741440552600,3049300,4125942500,4133576600
7,1623,241741487050200,2941400,4172440100,4180074200
7,1639,241741534288900,2797100,4219678800,4227312900
7,1655,241741579388400,4019200,4264778300,4272412400
7,1671,241741627883400,2921600,4313273300,4320907400
7,1687,241741675096600,2945100,4360486500,4368120600
7,1703,241741724937100,2743800,4410327000,4417961100
7,1719,241741770155700,2992400,4455545600,4463179700
7,1735,241741822724100,2702100,4508114000,4515748100
7,1751,241741870152400,2724900,4555542300,4563176400
7,1767,241741915297200,2611900,4600687100,4608321200
7,1783,241741957679200,2673100,4643069100,4650703200
7,1799,241742004939100,2885400,4690329000,4697963100
7,1815,241742051106600,2683200,4736496500,4744130600
7,1831,241742093329600,2671200,4778719500,4786353600
7,1847,241742138465500,2958200,4823855400,4831489500
7,1863,241742191337500,2975500,4876727400,4884361500
7,1879,241742236196500,2758200,4921586400,4929220500
7,1895,241742281712400,2712500,4967102300,4974736400
7,1911,241742325608700,2856700,5010998600,5018632700
7,1927,241742370289000,3013100,5055678900,5063313000
7,1943,241742415186500,2728600,5100576400,5108210500
7,1959,241742458439200,2755500,5143829100,5151463200
7,1975,241742506012800,2869700,5191402700,5199036800
7,1991,241742553597000,3089900,5238986900,5246621000
7,2007,241742609974200,2694800,5295364100,5302998200
7,2023,241742651913500,2871600,5337303400,5344937500
7,2039,241742696398400,2591500,5381788300,5389422400
8,8,241737477610900,2418800,163000800,170634900
8,24,241737515104600,2278400,200494500,208128600
8,40,241737550607900,2193400,235997800,243631900
8,56,241737585643200,2222200,271033100,278667200
8,72,241737620387900,2139400,305777800,313411900
8,88,241737656065600,2178300,341455500,349089600
8,104,241737691620900,2256400,377010800,384644900
8,120,241737728153100,2241000,413543000,421177100
8,136,241737784106900,2303500,469496800,477130900
8,152,241737820698300,2167300,506088200,513722300
8,168,241737855958100,2142000,541348000,548982100
8,184,241737890897800,2342800,576287700,583921800
8,200,241737927476000,2449600,612865900,620500000
8,216,241737963927200,2168900,649317100,656951200
8,232,241737998935500,2313600,684325400,691959500
8,248,241738035416900,2221200,720806800,728440900
8,264,241738089776900,2213200,775166800,782800900
8,280,241738125691200,2191100,811081100,818715200
8,296,241738160586600,2126400,845976500,853610600
8,312,241738195424300,2131000,880814200,888448300
8,328,241738229328600,2102900,914718500,922352600
8,344,241738264335900,2168800,949725800,957359900
8,360,241738300151200,2449000,985541100,993175200
8,376,241738336469800,2179800,1021859700,1029493800
8,392,241738372085600,20144300,1057475500,1065109600
8,408,241738425375600,2213600,1110765500,1118399600
8,424,241738460589400,2102800,1145979300,1153613400
8,440,241738495277600,2201500,1180667500,1188301600
8,456,241738530573400,2212400,1215963300,1223597400
8,472,241738566422400,2197300,1251812300,1259446400
8,488,241738602188100,2241700,1287578000,1295212100
8,504,241738637819400,2169900,1323209300,1330843400
8,520,241738673484800,2114600,1358874700,1366508800
8,536,241738727455200,2155300,1412845100,1420479200
8,552,241738762219600,2061700,1447609500,1455243600
8,568,241738796427500,2153400,1481817400,1489451500
8,584,241738831806800,2129200,1517196700,1524830800
8,600,241738866208900,2361500,1551598800,1559232900
8,616,241738900748900,2111300,1586138800,1593772900
8,632,241738935923400,2065600,1621313300,1628947400
8,648,241738971515200,2206900,1656905100,1664539200
8,664,241739027820000,2167300,1713209900,1720844000
8,680,241739062269200,2131800,1747659100,1755293200
8,696,241739096687500,2109100,1782077400,1789711500
8,712,241739132337100,2302400,1817727000,1825361100
8,728,241739168329600,2167500,1853719500,1861353600
8,744,241739203679800,2234000,1889069700,1896703800
8,760,241739239414100,2165000,1924804000,1932438100
8,776,241739275290100,2386200,1960680000,1968314100
8,792,241739310973100,21497700,1996363000,2003997100
8,808,241739366903200,2157300,2052293100,2059927200
8,824,241739402762000,2220100,2088151900,2095786000
8,840,241739438592700,2261600,2123982600,2131616700
8,856,241739474356400,2209200,2159746300,2167380400
8,872,241739508654900,2114900,2194044800,2201678900
8,888,241739542797800,2099100,2228187700,2235821800
8,904,241739578162800,2177900,2263552700,2271186800
8,920,241739613596200,2133200,2298986100,2306620200
8,936,241739668067200,2112200,2353457100,2361091200
8,952,241739702652900,2219300,2388042800,2395676900
8,968,241739736919600,2137800,2422309500,2429943600
8,984,241739771978400,2166000,2457368300,2465002400
8,1000,241739806198600,2101700,2491588500,2499222600
8,1016,241739843729100,2323000,2529119000,2536753100
8,1032,241739878747300,2171200,2564137200,2571771300
8,1048,241739914390900,2207100,2599780800,2607414900
8,1064,241739956148900,2224200,2641538800,2649172900
8,1080,241739990630500,2137100,2676020400,2683654500
8,1096,241740026162400,2165700,2711552300,2719186400
8,1112,241740061520500,2134300,2746910400,2754544500
8,1128,241740096727800,2261800,2782117700,2789751800
8,1144,241740132608300,2187000,2817998200,2825632300
8,1160,241740168441000,2200600,2853830900,2861465000
8,1176,241740203355200,2455700,2888745100,2896379200
8,1192,241740238550100,2214900,2923940000,2931574100
8,1208,241740278646500,2160800,2964036400,2971670500
8,1224,241740312933400,2230200,2998323300,3005957400
8,1240,241740352717200,3032000,3038107100,3045741200
8,1256,241740400857000,2792900,3086246900,3093881000
8,1272,241740448686400,2954900,3134076300,3141710400
8,1288,241740494201400,3081200,3179591300,3187225400
8,1304,241740540892300,2784400,3226282200,3233916300
8,1320,241740590294700,2990700,3275684600,3283318700
8,1336,241740644767200,2752600,3330157100,3337791200
8,1352,241740692498400,2713800,3377888300,3385522400
8,1368,241740736290500,2726900,3421680400,3429314500
8,1384,241740782105600,2758300,3467495500,3475129600
8,1400,241740825754600,2694600,3511144500,3518778600
8,1416,241740868166100,3078400,3553556000,3561190100
8,1432,241740916886100,2998100,3602276000,3609910100
8,1448,241740965130000,2817400,3650519900,3658154000
8,1464,241741019209500,2676100,3704599400,3712233500
8,1480,241741063585300,2938400,3748975200,3756609300
8,1496,241741110106400,2962700,3795496300,3803130400
8,1512,241741157081000,2677100,3842470900,3850105000
8,1528,241741200526500,2794600,3885916400,3893550500
8,1544,241741244779700,2750600,3930169600,3937803700
8,1560,241741291751100,3052900,3977141000,3984775100
8,1576,241741339343300,3069600,4024733200,4032367300
8,1592,241741387865600,3153700,4073255500,4080889600
8,1608,241741442825600,3072700,4128215500,4135849600
8,1624,241741489244900,2824700,4174634800,4182268900
8,1640,241741536363500,2765400,4221753400,4229387500
8,1656,241741581594700,4268600,4266984600,4274618700
8,1672,241741630049700,2933300,4315439600,4323073700
8,1688,241741677293900,2975300,4362683800,4370317900
8,1704,241741727033400,2752100,4412423300,4420057400
8,1720,241741772466100,3046600,4457856000,4465490100
8,1736,241741824854700,2873500,4510244600,4517878700
8,1752,241741872015300,2791200,4557405200,4565039300
8,1768,241741917064100,2646200,4602454000,4610088100
8,1784,241741959529000,2582800,4644918900,4652553000
8,1800,241742006930600,2689100,4692320500,4699954600
8,1816,241742052923800,2682000,4738313700,4745947800
8,1832,241742095096700,2801400,4780486600,4788120700
8,1848,241742140507300,2975200,4825897200,4833531300
8,1864,241742193470800,2824800,4878860700,4886494800
8,1880,241742238190900,2926800,4923580800,4931214900
8,1896,241742283659300,2749700,4969049200,4976683300
8,1912,241742327582700,2883000,5012972600,5020606700
8,1928,241742372474300,2898700,5057864200,5065498300
8,1944,241742417140900,2655300,5102530800,5110164900
8,1960,241742460325000,2746600,5145714900,5153349000
8,1976,241742508005600,2811900,5193395500,5201029600
8,1992,241742555744600,3028400,5241134500,5248768600
8,2008,241742611856800,2741200,5297246700,5304880800
8,2024,241742653838100,2866400,5339228000,5346862100
8,2040,241742698137300,2609900,5383527200,5391161300
9,9,241737480146200,3516600,165536100,173170200
9,25,241737517598300,2228900,202988200,210622300
9,41,241737552977900,2137500,238367800,246001900
9,57,241737588039400,2165400,273429300,281063400
9,73,241737622720100,2122800,308110000,315744100
9,89,241737658366500,2195400,343756400,351390500
9,105,241737694032900,2397400,379422800,387056900
9,121,241737730640500,2201300,416030400,423664500
9,137,241737786601600,2265900,471991500,479625600
9,153,241737823080100,2138900,508470000,516104100
9,169,241737858303600,2132300,543693500,551327600
9,185,241737893490100,2276500,578880000,586514100
9,201,241737930226000,2335000,615615900,623250000
9,217,241737966376900,2108100,651766800,659400900
9,233,241738001551400,2236300,686941300,694575400
9,249,241738037873700,2231200,723263600,730897700
9,265,241738092323400,2202700,777713300,785347400
9,281,241738128024000,2069800,813413900,821048000
9,297,241738163068000,2118200,848457900,856092000
9,313,241738197955800,2150900,883345700,890979800
9,329,241738231785900,2087100,917175800,924809900
9,345,241738266856100,2610500,952246000,959880100
9,361,241738302961400,2331000,988351300,995985400
9,377,241738338947200,2211800,1024337100,1031971200
9,393,241738392587100,2309700,1077977000,1085611100
9,409,241738428013600,2176600,1113403500,1121037600
9,425,241738463154300,2102800,1148544200,1156178300
9,441,241738497979200,2221400,1183369100,1191003200
9,457,241738533508400,2203300,1218898300,1226532400
9,473,241738569289200,2149100,1254679100,1262313200
9,489,241738605093200,2205000,1290483100,1298117200
9,505,241738640659800,2179800,1326049700,1333683800
9,521,241738676283600,2182400,1361673500,1369307600
9,537,241738730399400,2112500,1415789300,1423423400
9,553,241738765188700,2161900,1450578600,1458212700
9,569,241738799488800,2161500,1484878700,1492512800
9,585,241738834854600,2170600,1520244500,1527878600
9,601,241738869511100,2116500,1554901000,1562535100
9,617,241738903740500,2121300,1589130400,1596764500
9,633,241738939240400,2211800,1624630300,1632264400
9,649,241738975368900,2177300,1660758800,1668392900
9,665,241739031242800,2184400,1716632700,1724266800
9,681,241739065621800,2160000,1751011700,1758645800
9,697,241739100012300,2149700,1785402200,1793036300
9,713,241739135687600,2255800,1821077500,1828711600
9,729,241739171462700,2154000,1856852600,1864486700
9,745,241739206836800,2235200,1892226700,1899860800
9,761,241739242586400,2293400,1927976300,1935610400
9,777,241739278802600,2346900,1964192500,1971826600
9,793,241739334038700,2432600,2019428600,2027062700
9,809,241739370504200,2238400,2055894100,2063528200
9,825,241739406243500,2231600,2091633400,2099267500
9,841,241739442202900,2305200,2127592800,2135226900
9,857,241739477888500,2186400,2163278400,2170912500
9,873,241739512061600,2107700,2197451500,2205085600
9,889,241739546213600,2087900,2231603500,2239237600
9,905,241739581709500,2262100,2267099400,2274733500
9,921,241739617062800,2118400,2302452700,2310086800
9,937,241739671544100,2103200,2356934000,2364568100
9,953,241739706102500,2105900,2391492400,2399126500
9,969,241739740301600,2211700,2425691500,2433325600
9,985,241739775362700,2104900,2460752600,2468386700
9,1001,241739809507300,2488100,2494897200,2502531300
9,1017,241739847156100,2151900,2532546000,2540180100
9,1033,241739881999700,2108600,2567389600,2575023700
9,1049,241739917422300,2189500,2602812200,2610446300
9,1065,241739959171800,2132500,2644561700,2652195800
9,1081,241739993525400,2116200,2678915300,2686549400
9,1097,241740029252200,2368200,2714642100,2722276200
9,1113,241740064590900,2175500,2749980800,2757614900
9,1129,241740100135100,2296200,2785525000,2793159100
9,1145,241740136067800,2237600,2821457700,2829091800
9,1161,241740171753100,2345000,2857143000,2864777100
9,1177,241740206799000,2195400,2892188900,2899823000
9,1193,241740247275100,2215200,2932665000,2940299100
9,1209,241740281589600,2151100,2966979500,2974613600
9,1225,241740316035400,2125900,3001425300,3009059400
9,1241,241740356873600,3046100,3042263500,3049897600
9,1257,241740404716500,2968200,3090106400,3097740500
9,1273,241740452815900,2605400,3138205800,3145839900
9,1289,241740498625800,2977400,3184015700,3191649800
9,1305,241740545003800,2770300,3230393700,3238027800
9,1321,241740594675600,2962000,3280065500,3287699600
9,1337,241740648826000,2832000,3334215900,3341850000
9,1353,241740696479100,2774100,3381869000,3389503100
9,1369,241740740328600,2773400,3425718500,3433352600
9,1385,241740785750100,2681800,3471140000,3478774100
9,1401,241740829105900,2618000,3514495800,3522129900
9,1417,241740872015900,3024500,3557405800,3565039900
9,1433,241740920643600,3054200,3606033500,3613667600
9,1449,241740968506600,2740900,3653896500,3661530600
9,1465,241741022318600,2734500,3707708500,3715342600
9,1481,241741067035400,2945800,3752425300,3760059400
9,1497,241741113561100,2945500,3798951000,3806585100
9,1513,241741160290900,2720900,3845680800,3853314900
9,1529,241741203856900,2742200,3889246800,3896880900
9,1545,241741248075200,2771700,3933465100,3941099200
9,1561,241741295500200,3085800,3980890100,3988524200
9,1577,241741343085700,3012600,4028475600,4036109700
9,1593,241741391582600,8700300,4076972500,4084606600
9,1609,241741446461300,3136500,4131851200,4139485300
9,1625,241741492554800,2750600,4177944700,4185578800
9,1641,241741539615100,2739500,4225005000,4232639100
9,1657,241741586483200,2964800,4271873100,4279507200
9,1673,241741633590500,2890600,4318980400,4326614500
9,1689,241741680878600,4702500,4366268500,4373902600
9,1705,241741730360600,2786800,4415750500,4423384600
9,1721,241741776091400,2860500,4461481300,4469115400
9,1737,241741828343700,5349100,4513733600,4521367700
9,1753,241741875620400,2747000,4561010300,4568644400
9,1769,241741920529800,2698500,4605919700,4613553800
9,1785,241741962920700,2671400,4648310600,4655944700
9,1801,241742010519100,2903900,4695909000,4703543100
9,1817,241742056523500,2641200,4741913400,4749547500
9,1833,241742098862000,2838400,4784251900,4791886000
9,1849,241742144531300,3000800,4829921200,4837555300
9,1865,241742197217600,2712900,4882607500,4890241600
9,1881,241742242185600,2970100,4927575500,4935209600
9,1897,241742287329600,2741000,4972719500,4980353600
9,1913,241742331357200,2698600,5016747100,5024381200
9,1929,241742376244600,2660000,5061634500,5069268600
9,1945,241742420647800,2660600,5106037700,5113671800
9,1961,241742463981900,2823100,5149371800,5157005900
9,1977,241742511876600,3068300,5197266500,5204900600
9,1993,241742559808300,8723100,5245198200,5252832300
9,2009,241742615463100,2601700,5300853000,5308487100
9,2025,241742657631100,2737300,5343021000,5350655100
9,2041,241742701650300,2607800,5387040200,5394674300
10,10,241737483545400,2410000,168935300,176569400
10,26,241737519739200,2221900,205129100,212763200
10,42,241737555032000,2190900,240421900,248056000
10,58,241737590115100,2187600,275505000,283139100
10,74,241737624699200,2119600,310089100,317723200
10,90,241737660110800,2177400,345500700,353134800
10,106,241737695777800,2270400,381167700,388801800
10,122,241737732226000,2200600,417615900,425250000
10,138,241737788419000,2369700,473808900,481443000
10,154,241737824727900,2142900,510117800,517751900
10,170,241737859918100,2178800,545308000,552942100
10,186,241737895195300,2397600,580585200,588219300
10,202,241737932059500,2287100,617449400,625083500
10,218,241737968006000,2138700,653395900,661030000
10,234,241738003310000,2217100,688699900,696334000
10,250,241738039719100,2223600,725109000,732743100
10,266,241738094287500,2305600,779677400,787311500
10,282,241738130036500,2185000,815426400,823060500
10,298,241738164803600,2125600,850193500,857827600
10,314,241738199673900,2141200,885063800,892697900
10,330,241738233475800,2112900,918865700,926499800
10,346,241738268980100,2283200,954370000,962004100
10,362,241738304765200,2213900,990155100,997789200
10,378,241738340660700,2198200,1026050600,1033684700
10,394,241738394304600,2254800,1079694500,1087328600
10,410,241738429615000,2147600,1115004900,1122639000
10,426,241738464629600,2137900,1150019500,1157653600
10,442,241738499556700,2208800,1184946600,1192580700
10,458,241738535176700,2244000,1220566600,1228200700
10,474,241738570930100,2136100,1256320000,1263954100
10,490,241738606798400,2162800,1292188300,1299822400
10,506,241738642364000,2175700,1327753900,1335388000
10,522,241738677880700,2151100,1363270600,1370904700
10,538,241738731973600,2118400,1417363500,1424997600
10,554,241738766576900,2163500,1451966800,1459600900
10,570,241738800824300,2199700,1486214200,1493848300
10,586,241738836321500,2132800,1521711400,1529345500
10,602,241738870944300,2156500,1556334200,1563968300
10,618,241738905167900,2150800,1590557800,1598191900
10,634,241738940574400,2166900,1625964300,1633598400
10,650,241738976301400,2139300,1661691300,1669325400
10,666,241739032136900,2180400,1717526800,1725160900
10,682,241739066471500,2174200,1751861400,1759495500
10,698,241739100901200,2135400,1786291100,1793925200
10,714,241739136735500,2263600,1822125400,1829759500
10,730,241739172479600,2144500,1857869500,1865503600
10,746,241739207908600,2236900,1893298500,1900932600
10,762,241739243632400,2295800,1929022300,1936656400
10,778,241739280025000,2220300,1965414900,1973049000
10,794,241739335284800,2304400,2020674700,2028308800
10,810,241739371424500,2330400,2056814400,2064448500
10,826,241739407271700,2262700,2092661600,2100295700
10,842,241739443006300,2261100,2128396200,2136030300
10,858,241739478676000,2191100,2164065900,2171700000
10,874,241739512709400,2117700,2198099300,2205733400
10,890,241739546872000,2129800,2232261900,2239896000
10,906,241739582477400,2215900,2267867300,2275501400
10,922,241739617663100,2108800,2303053000,2310687100
10,938,241739672288500,2273200,2357678400,2365312500
10,954,241739706963800,2098700,2392353700,2399987800
10,970,241739741278700,2151000,2426668600,2434302700
10,986,241739776244700,2078500,2461634600,2469268700
10,1002,241739810381400,2771200,2495771300,2503405400
10,1018,241739848531500,2192700,2533921400,2541555500
10,1034,241739883392700,2090400,2568782600,2576416700
10,1050,241739919036400,2184600,2604426300,2612060400
10,1066,241739960681300,2149500,2646071200,2653705300
10,1082,241739995053300,2202800,2680443200,2688077300
10,1098,241740031048200,2318300,2716438100,2724072200
10,1114,241740066256200,2184000,2751646100,2759280200
10,1130,241740101668500,2282400,2787058400,2794692500
10,1146,241740137588800,2213900,2822978700,2830612800
10,1162,241740173437500,2288100,2858827400,2866461500
10,1178,241740208188700,2152800,2893578600,2901212700
10,1194,241740248919500,2175400,2934309400,2941943500
10,1210,241740283317600,2112400,2968707500,2976341600
10,1226,241740317694900,2135200,3003084800,3010718900
10,1242,241740359335700,3043900,3044725600,3052359700
10,1258,241740407115700,3149200,3092505600,3100139700
10,1274,241740454892300,2792300,3140282200,3147916300
10,1290,241740500914700,2906300,3186304600,3193938700
10,1306,241740547131000,2635800,3232520900,3240155000
10,1322,241740596961800,2949900,3282351700,3289985800
10,1338,241740650946700,2744700,3336336600,3343970700
10,1354,241740698492200,2730100,3383882100,3391516200
10,1370,241740742344900,2669700,3427734800,3435368900
10,1386,241740787563400,2692600,3472953300,3480587400
10,1402,241740830898600,2643600,3516288500,3523922600
10,1418,241740874059000,3063000,3559448900,3567083000
10,1434,241740922722500,3032500,3608112400,3615746500
10,1450,241740970367900,2757300,3655757800,3663391900
10,1466,241741024519200,2606000,3709909100,3717543200
10,1482,241741069375300,2969800,3754765200,3762399300
10,1498,241741115887400,2942300,3801277300,3808911400
10,1514,241741162369800,2734300,3847759700,3855393800
10,1530,241741205966800,2728100,3891356700,3898990800
10,1546,241741250170300,2785100,3935560200,3943194300
10,1562,241741298029700,3055300,3983419600,3991053700
10,1578,241741345542100,3031900,4030932000,4038566100
10,1594,241741399848700,3117600,4085238600,4092872700
10,1610,241741449164600,3077900,4134554500,4142188600
10,1626,241741494952900,2924300,4180342800,4187976900
10,1642,241741542028800,2797500,4227418700,4235052800
10,1658,241741588859700,2985500,4274249600,4281883700
10,1674,241741635907700,2938300,4321297600,4328931700
10,1690,241741684163900,7687700,4369553800,4377187900
10,1706,241741732688800,2745000,4418078700,4425712800
10,1722,241741778471300,3258800,4463861200,4471495300
10,1738,241741833234600,2744300,4518624500,4526258600
10,1754,241741877806100,2742800,4563196000,4570830100
10,1770,241741922655900,2663200,4608045800,4615679900
10,1786,241741965035000,2665200,4650424900,4658059000
10,1802,241742012718200,2889600,4698108100,4705742200
10,1818,241742058477500,2708400,4743867400,4751501500
10,1834,241742100958400,2768500,4786348300,4793982400
10,1850,241742146734100,2955800,4832124000,4839758100
10,1866,241742199214700,2725500,4884604600,4892238700
10,1882,241742244425700,2745600,4929815600,4937449700
10,1898,241742289331500,2700900,4974721400,4982355500
10,1914,241742333425900,2715600,5018815800,5026449900
10,1930,241742378265900,2432000,5063655800,5071289900
10,1946,241742422689600,2626000,5108079500,5115713600
10,1962,241742466143500,2740800,5151533400,5159167500
10,1978,241742514291700,3081600,5199681600,5207315700
10,1994,241742567818400,3058500,5253208300,5260842400
10,2010,241742617497500,2596800,5302887400,5310521500
10,2026,241742659739100,2798800,5345129000,5352763100
10,2042,241742703676500,2742600,5389066400,5396700500
11,11,241737485924200,2257200,171314100,178948200
11,27,241737521903600,2227500,207293500,214927600
11,43,241737557193600,2255800,242583500,250217600
11,59,241737592425200,2138800,277815100,285449200
11,75,241737626996100,2119100,312386000,320020100
11,91,241737662830400,2184300,348220300,355854400
11,107,241737698727000,2271600,384116900,391751000
11,123,241737735025600,2129700,420415500,428049600
11,139,241737791352200,2323200,476742100,484376200
11,155,241737827447900,2266900,512837800,520471900
11,171,241737862655800,2139400,548045700,555679800
11,187,241737898093500,2240500,583483400,591117500
11,203,241737934855300,2250600,620245200,627879300
11,219,241737970597700,2146300,655987600,663621700
11,235,241738006118100,2214900,691508000,699142100
11,251,241738042519600,2230800,727909500,735543600
11,267,241738097333700,2247700,782723600,790357700
11,283,241738132669500,2157000,818059400,825693500
11,299,241738167610000,2131600,852999900,860634000
11,315,241738202521400,2116200,887911300,895545400
11,331,241738236318700,2392400,921708600,929342700
11,347,241738272001900,2127400,957391800,965025900
11,363,241738307803700,2179500,993193600,1000827700
11,379,241738343685900,2183400,1029075800,1036709900
11,395,241738397395200,2164100,1082785100,1090419200
11,411,241738432583700,2141200,1117973600,1125607700
11,427,241738467608500,2154800,1152998400,1160632500
11,443,241738502622800,2202400,1188012700,1195646800
11,459,241738538171900,2278100,1223561800,1231195900
11,475,241738573864000,2188300,1259253900,1266888000
11,491,241738609982200,2185800,1295372100,1303006200
11,507,241738645485100,2302300,1330875000,1338509100
11,523,241738681008400,2360200,1366398300,1374032400
11,539,241738734909000,2153800,1420298900,1427933000
11,555,241738769505400,2091000,1454895300,1462529400
11,571,241738803868200,2116400,1489258100,1496892200
11,587,241738839119100,2148100,1524509000,1532143100
11,603,241738873721700,2104900,1559111600,1566745700
11,619,241738907951000,2140900,1593340900,1600975000
11,635,241738943512000,2230900,1628901900,1636536000
11,651,241738979232900,2185900,1664622800,1672256900
11,667,241739035313600,2164800,1720703500,1728337600
11,683,241739069673000,2171700,1755062900,1762697000
11,699,241739104038400,2118900,1789428300,1797062400
11,715,241739140102000,2224700,1825491900,1833126000
11,731,241739175688900,2169500,1861078800,1868712900
11,747,241739211211500,2223000,1896601400,1904235500
11,763,241739247037000,2171800,1932426900,1940061000
11,779,241739283272900,2196100,1968662800,1976296900
11,795,241739338746400,2312300,2024136300,2031770400
11,811,241739374901400,2286400,2060291300,2067925400
11,827,241739410670800,2176200,2096060700,2103694800
11,843,241739446541200,2224100,2131931100,2139565200
11,859,241739482169700,2122200,2167559600,2175193700
11,875,241739516239700,2130700,2201629600,2209263700
11,891,241739550492200,2239600,2235882100,2243516200
11,907,241739586290300,2301600,2271680200,2279314300
11,923,241739621301500,2158900,2306691400,2314325500
11,939,241739676143400,2174700,2361533300,2369167400
11,955,241739710645100,2166300,2396035000,2403669100
11,971,241739744949300,2201500,2430339200,2437973300
11,987,241739779943700,2083300,2465333600,2472967700
11,1003,241739815337200,2955700,2500727100,2508361200
11,1019,241739851765100,2127700,2537155000,2544789100
11,1035,241739886526700,2152100,2571916600,2579550700
11,1051,241739922250500,2257200,2607640400,2615274500
11,1067,241739963787200,2109800,2649177100,2656811200
11,1083,241739998220000,2283100,2683609900,2691244000
11,1099,241740034155700,2202800,2719545600,2727179700
11,1115,241740069166300,2101700,2754556200,2762190300
11,1131,241740104823700,2496000,2790213600,2797847700
11,1147,241740140633500,2313600,2826023400,2833657500
11,1163,241740176592600,2164000,2861982500,2869616600
11,1179,241740211279400,2094500,2896669300,2904303400
11,1195,241740251953400,2118700,2937343300,2944977400
11,1211,241740286254100,2119600,2971644000,2979278100
11,1227,241740320611300,2167100,3006001200,3013635300
11,1243,241740363374400,3027200,3048764300,3056398400
11,1259,241740411276600,3042000,3096666500,3104300600
11,1275,241740458592800,2698700,3143982700,3151616800
11,1291,241740504727000,3048200,3190116900,3197751000
11,1307,241740550806200,6029600,3236196100,3243830200
11,1323,241740600771200,2979000,3286161100,3293795200
11,1339,241740654566400,6837000,3339956300,3347590400
11,1355,241740702116700,2730600,3387506600,3395140700
11,1371,241740746030200,2934300,3431420100,3439054200
11,1387,241740791242600,2675800,3476632500,3484266600
11,1403,241740834514000,2609500,3519903900,3527538000
11,1419,241740878313000,3005700,3563702900,3571337000
11,1435,241740926912100,3147100,3612302000,3619936100
11,1451,241740974229800,2784100,3659619700,3667253800
11,1467,241741026066300,2649700,3711456200,3719090300
11,1483,241741071093100,2954600,3756483000,3764117100
11,1499,241741117671800,3508700,3803061700,3810695800
11,1515,241741163938100,2872200,3849328000,3856962100
11,1531,241741207402400,2720700,3892792300,3900426400
11,1547,241741251668400,2704900,3937058300,3944692400
11,1563,241741299460800,3021500,3984850700,3992484800
11,1579,241741346954000,3026600,4032343900,4039978000
11,1595,241741401215400,3090400,4086605300,4094239400
11,1611,241741450514800,3080900,4135904700,4143538800
11,1627,241741496175100,2905200,4181565000,4189199100
11,1643,241741543201900,2825800,4228591800,4236225900
11,1659,241741590334000,3013200,4275723900,4283358000
11,1675,241741637358100,2933000,4322748000,4330382100
11,1691,241741688318500,4974300,4373708400,4381342500
11,1707,241741733989300,2742600,4419379200,4427013300
11,1723,241741780032800,3084600,4465422700,4473056800
11,1739,241741834540700,2721900,4519930600,4527564700
11,1755,241741879237200,2740100,4564627100,4572261200
11,1771,241741924028800,2624400,4609418700,4617052800
11,1787,241741966396400,2655800,4651786300,4659420400
11,1803,241742014261500,2790500,4699651400,4707285500
11,1819,241742059885300,2641400,4745275200,4752909300
11,1835,241742102415200,2752700,4787805100,4795439200
11,1851,241742148286200,2938500,4833676100,4841310200
11,1867,241742200626600,2735400,4886016500,4893650600
11,1883,241742245880200,2728400,4931270100,4938904200
11,1899,241742290763900,2694700,4976153800,4983787900
11,1915,241742334823000,2766600,5020212900,5027847000
11,1931,241742379648400,3444000,5065038300,5072672400
11,1947,241742424248000,2543400,5109637900,5117272000
11,1963,241742467745200,2760600,5153135100,5160769200
11,1979,241742515995000,3065700,5201384900,5209019000
11,1995,241742569558500,3033900,5254948400,5262582500
11,2011,241742618980700,2585400,5304370600,5312004700
11,2027,241742661321000,2734800,5346710900,5354345000
11,2043,241742705217100,2639300,5390607000,5398241100
12,12,241737488119900,2277300,173509800,181143900
12,28,241737524015900,2293000,209405800,217039900
12,44,241737559339000,2237800,244728900,252363000
12,60,241737594310400,2158500,279700300,287334400
12,76,241737628819400,2167700,314209300,321843400
12,92,241737664698400,2187800,350088300,357722400
12,108,241737700817000,2268200,386206900,393841000
12,124,241737736990200,2200100,422380100,430014200
12,140,241737793503200,2259900,478893100,486527200
12,156,241737829407100,2487700,514797000,522431100
12,172,241737864633700,2159100,550023600,557657700
12,188,241737900246800,2203400,585636700,593270800
12,204,241737937010900,2367900,622400800,630034900
12,220,241737972656900,2098400,658046800,665680900
12,236,241738008216200,2245900,693606100,701240200
12,252,241738044662800,2233100,730052700,737686800
12,268,241738099487300,2294600,784877200,792511300
12,284,241738134796900,2077000,820186800,827820900
12,300,241738169597700,2143200,854987600,862621700
12,316,241738204470200,2102200,889860100,897494200
12,332,241738238522800,2181600,923912700,931546800
12,348,241738273960800,2371700,959350700,966984800
12,364,241738309745900,2171800,995135800,1002769900
12,380,241738345638200,2321900,1031028100,1038662200
12,396,241738399342400,2205200,1084732300,1092366400
12,412,241738434525800,2170800,1119915700,1127549800
12,428,241738469469400,2156100,1154859300,1162493400
12,444,241738504535300,2157800,1189925200,1197559300
12,460,241738540226900,2282000,1225616800,1233250900
12,476,241738575787700,2289800,1261177600,1268811700
12,492,241738611800600,2227600,1297190500,1304824600
12,508,241738647360500,2397300,1332750400,1340384500
12,524,241738682857500,2326400,1368247400,1375881500
12,540,241738736681900,2146400,1422071800,1429705900
12,556,241738771100900,2114100,1456490800,1464124900
12,572,241738805530500,2127900,1490920400,1498554500
12,588,241738840892400,2163900,1526282300,1533916400
12,604,241738875460400,2108500,1560850300,1568484400
12,620,241738909696000,2140900,1595085900,1602720000
12,636,241738945486400,2149100,1630876300,1638510400
12,652,241738980935300,2179700,1666325200,1673959300
12,668,241739036993600,2159300,1722383500,1730017600
12,684,241739071338000,2185900,1756727900,1764362000
12,700,241739105679800,2119900,1791069700,1798703800
12,716,241739141828500,2247900,1827218400,1834852500
12,732,241739177368900,2186300,1862758800,1870392900
12,748,241739212964200,2250100,1898354100,1905988200
12,764,241739248806500,2306900,1934196400,1941830500
12,780,241739285007400,2211900,1970397300,1978031400
12,796,241739340516400,2261700,2025906300,2033540400
12,812,241739376501100,2152500,2061891000,2069525100
12,828,241739412135500,2349600,2097525400,2105159500
12,844,241739447952800,2233000,2133342700,2140976800
12,860,241739483407300,2128500,2168797200,2176431300
12,876,241739517475700,2143600,2202865600,2210499700
12,892,241739551733500,2224800,2237123400,2244757500
12,908,241739587666300,2187900,2273056200,2280690300
12,924,241739622545600,2339400,2307935500,2315569600
12,940,241739677328500,2174400,2362718400,2370352500
12,956,241739711926600,2139100,2397316500,2404950600
12,972,241739746269800,2134900,2431659700,2439293800
12,988,241739781077000,2115800,2466466900,2474101000
12,1004,241739817392100,2243700,2502782000,2510416100
12,1020,241739853031300,2135000,2538421200,2546055300
12,1036,241739887828700,2109300,2573218600,2580852700
12,1052,241739923600800,2206700,2608990700,2616624800
12,1068,241739964993400,2147700,2650383300,2658017400
12,1084,241739999627200,2232600,2685017100,2692651200
12,1100,241740035588800,2207600,2720978700,2728612800
12,1116,241740070491200,2141700,2755881100,2763515200
12,1132,241740106298200,2336400,2791688100,2799322200
12,1148,241740142004000,2249700,2827393900,2835028000
12,1164,241740177823600,2196200,2863213500,2870847600
12,1180,241740212499300,2111400,2897889200,2905523300
12,1196,241740253174100,2135800,2938564000,2946198100
12,1212,241740287519000,2150700,2972908900,2980543000
12,1228,241740321907900,2140000,3007297800,3014931900
12,1244,241740365293400,3022000,3050683300,3058317400
12,1260,241740413212000,3040700,3098601900,3106236000
12,1276,241740460251700,2715200,3145641600,3153275700
12,1292,241740506707400,3101800,3192097300,3199731400
12,1308,241740553882700,5431500,3239272600,3246906700
12,1324,241740602774100,2898400,3288164000,3295798100
12,1340,241740659636000,3519700,3345025900,3352660000
12,1356,241740703861400,2735600,3389251300,3396885400
12,1372,241740747481400,2791000,3432871300,3440505400
12,1388,241740792515800,2725700,3477905700,3485539800
12,1404,241740835719300,2638600,3521109200,3528743300
12,1420,241740879696700,3042900,3565086600,3572720700
12,1436,241740928332900,3163200,3613722800,3621356900
12,1452,241740975543400,2797600,3660933300,3668567400
12,1468,241741029248500,2597200,3714638400,3722272500
12,1484,241741074669000,2920300,3760058900,3767693000
12,1500,241741121912000,2822900,3807301900,3814936000
12,1516,241741167500200,2744000,3852890100,3860524200
12,1532,241741210847000,2745300,3896236900,3903871000
12,1548,241741255089100,2777800,3940479000,3948113100
12,1564,241741303317400,3052700,3988707300,3996341400
12,1580,241741350801700,3008500,4036191600,4043825700
12,1596,241741405046300,3045000,4090436200,4098070300
12,1612,241741454361400,2923100,4139751300,4147385400
12,1628,241741499820200,2839600,4185210100,4192844200
12,1644,241741546701100,2732300,4232091000,4239725100
12,1660,241741594063300,2959600,4279453200,4287087300
12,1676,241741640985100,2922200,4326375000,4334009100
12,1692,241741693960600,2588900,4379350500,4386984600
12,1708,241741737398100,2763300,4422788000,4430422100
12,1724,241741783861600,2675100,4469251500,4476885600
12,1740,241741837888300,3002300,4523278200,4530912300
12,1756,241741882591800,2750600,4567981700,4575615800
12,1772,241741927251400,2616100,4612641300,4620275400
12,1788,241741969677300,5450000,4655067200,4662701300
12,1804,241742017631000,2915000,4703020900,4710655000
12,1820,241742063126200,2599800,4748516100,4756150200
12,1836,241742105727300,2645500,4791117200,4798751300
12,1852,241742151858400,2966600,4837248300,4844882400
12,1868,241742204039900,2808100,4889429800,4897063900
12,1884,241742249366700,3036600,4934756600,4942390700
12,1900,241742294125200,2805800,4979515100,4987149200
12,1916,241742338356900,2780300,5023746800,5031380900
12,1932,241742383652300,2793900,5069042200,5076676300
12,1948,241742427212200,2679200,5112602100,5120236200
12,1964,241742471037900,2832000,5156427800,5164061900
12,1980,241742519700800,2971100,5205090700,5212724800
12,1996,241742573146500,3027400,5258536400,5266170500
12,2012,241742622033800,2614800,5307423700,5315057800
12,2028,241742664551200,2724900,5349941100,5357575200
12,2044,241742708451000,2784400,5393840900,5401475000
13,13,241737490662800,2234400,176052700,183686800
13,29,241737526681800,2287300,212071700,219705800
13,45,241737561888700,2155700,247278600,254912700
13,61,241737596881800,2162600,282271700,289905800
13,77,241737631435100,2156200,316825000,324459100
13,93,241737667425100,2151900,352815000,360449100
13,109,241737703477800,2267900,388867700,396501800
13,125,241737739565200,2147700,424955100,432589200
13,141,241737796209300,2340500,481599200,489233300
13,157,241737832421000,2381200,517810900,525445000
13,173,241737867257300,2170300,552647200,560281300
13,189,241737902898000,2199800,588287900,595922000
13,205,241737939811300,2311000,625201200,632835300
13,221,241737975167200,2148300,660557100,668191200
13,237,241738010853800,2226600,696243700,703877800
13,253,241738047196000,2396300,732585900,740220000
13,269,241738102142300,2235000,787532200,795166300
13,285,241738137162100,2201100,822552000,830186100
13,301,241738171918400,2275100,857308300,864942400
13,317,241738206712800,2133800,892102700,899736800
13,333,241738240845200,2193900,926235100,933869200
13,349,241738276491800,2463300,961881700,969515800
13,365,241738312008200,2182400,997398100,1005032200
13,381,241738348087700,2597700,1033477600,1041111700
13,397,241738401637100,2174600,1087027000,1094661100
13,413,241738436753700,2174000,1122143600,1129777700
13,429,241738471855600,2158500,1157245500,1164879600
13,445,241738506948900,2164100,1192338800,1199972900
13,461,241738542656800,2184200,1228046700,1235680800
13,477,241738578234400,2285900,1263624300,1271258400
13,493,241738614063100,2163300,1299453000,1307087100
13,509,241738649666800,2261900,1335056700,1342690800
13,525,241738685153700,20484400,1370543600,1378177700
13,541,241738738863300,2211200,1424253200,1431887300
13,557,241738773623000,2152300,1459012900,1466647000
13,573,241738808026100,2158900,1493416000,1501050100
13,589,241738843465000,2173100,1528854900,1536489000
13,605,241738878097500,2172500,1563487400,1571121500
13,621,241738912358200,2162700,1597748100,1605382200
13,637,241738948746000,2253200,1634135900,1641770000
13,653,241738984075400,2123800,1669465300,1677099400
13,669,241739040161000,2143300,1725550900,1733185000
13,685,241739074444500,2146800,1759834400,1767468500
13,701,241739108702900,2109400,1794092800,1801726900
13,717,241739145025500,2189600,1830415400,1838049500
13,733,241739180387400,2177600,1865777300,1873411400
13,749,241739216035300,2238000,1901425200,1909059300
13,765,241739251969500,2181800,1937359400,1944993500
13,781,241739288280800,2189500,1973670700,1981304800
13,797,241739343753600,2183200,2029143500,2036777600
13,813,241739379532800,2129900,2064922700,2072556800
13,829,241739415355700,2256600,2100745600,2108379700
13,845,241739451013900,2214700,2136403800,2144037900
13,861,241739486357900,2153600,2171747800,2179381900
13,877,241739520460300,2122300,2205850200,2213484300
13,893,241739554765600,2389300,2240155500,2247789600
13,909,241739590637800,2242800,2276027700,2283661800
13,925,241739625726300,21640100,2311116200,2318750300
13,941,241739680172300,2122800,2365562200,2373196300
13,957,241739714673400,2131000,2400063300,2407697400
13,973,241739749002800,2169300,2434392700,2442026800
13,989,241739783819600,2137100,2469209500,2476843600
13,1005,241739820343800,2203900,2505733700,2513367800
13,1021,241739855789200,2118500,2541179100,2548813200
13,1037,241739890558500,2224200,2575948400,2583582500
13,1053,241739926658800,2267800,2612048700,2619682800
13,1069,241739968168200,2304100,2653558100,2661192200
13,1085,241740002806400,2265700,2688196300,2695830400
13,1101,241740038627600,2187800,2724017500,2731651600
13,1117,241740073447600,2161100,2758837500,2766471600
13,1133,241740109670800,2245000,2795060700,2802694800
13,1149,241740145215100,2186900,2830605000,2838239100
13,1165,241740180915800,2167300,2866305700,2873939800
13,1181,241740215488800,2122900,2900878700,2908512800
13,1197,241740256080100,2121200,2941470000,2949104100
13,1213,241740290390900,2160100,2975780800,2983414900
13,1229,241740324822200,2115800,3010212100,3017846200
13,1245,241740369341700,3039600,3054731600,3062365700
13,1261,241740417287400,3056700,3102677300,3110311400
13,1277,241740463867700,2698000,3149257600,3156891700
13,1293,241740510800400,2958500,3196190300,3203824400
13,1309,241740560234000,2812400,3245623900,3253258000
13,1325,241740606588500,2966700,3291978400,3299612500
13,1341,241740664038300,2661900,3349428200,3357062300
13,1357,241740707508500,2720200,3392898400,3400532500
13,1373,241740751775700,2972700,3437165600,3444799700
13,1389,241740796644000,2626300,3482033900,3489668000
13,1405,241740839710300,2647100,3525100200,3532734300
13,1421,241740884246300,3035100,3569636200,3577270300
13,1437,241740932999900,3024500,3618389800,3626023900
13,1453,241740979686400,2644200,3665076300,3672710400
13,1469,241741031240300,2591700,3716630200,3724264300
13,1485,241741076931800,2776600,3762321700,3769955800
13,1501,241741124202900,2754100,3809592800,3817226900
13,1517,241741169675100,2641400,3855065000,3862699100
13,1533,241741213006200,2703700,3898396100,3906030200
13,1549,241741257279300,2780800,3942669200,3950303300
13,1565,241741305657000,3065000,3991046900,3998681000
13,1581,241741353100800,2769900,4038490700,4046124800
13,1597,241741407443100,3057600,4092833000,4100467100
13,1613,241741456623200,2774900,4142013100,4149647200
13,1629,241741502056600,2715200,4187446500,4195080600
13,1645,241741548828000,3063900,4234217900,4241852000
13,1661,241741596389000,2986100,4281778900,4289413000
13,1677,241741643294600,2927900,4328684500,4336318600
13,1693,241741696092600,2603100,4381482500,4389116600
13,1709,241741739666400,2767300,4425056300,4432690400
13,1725,241741786079400,2757400,4471469300,4479103400
13,1741,241741840413800,2736700,4525803700,4533437800
13,1757,241741884862400,3211200,4570252300,4577886400
13,1773,241741929406400,2597500,4614796300,4622430400
13,1789,241741974097200,3255600,4659487100,4667121200
13,1805,241742020096500,2944900,4705486400,4713120500
13,1821,241742065337400,2577100,4750727300,4758361400
13,1837,241742108022400,2727500,4793412300,4801046400
13,1853,241742154416900,2959100,4839806800,4847440900
13,1869,241742206385000,2795000,4891774900,4899409000
13,1885,241742251961800,2737400,4937351700,4944985800
13,1901,241742296480000,2720800,4981869900,4989504000
13,1917,241742340578100,2655100,5025968000,5033602100
13,1933,241742385825600,2777300,5071215500,5078849600
13,1949,241742429314900,2662800,5114704800,5122338900
13,1965,241742473240300,2786100,5158630200,5166264300
13,1981,241742522029800,3039600,5207419700,5215053800
13,1997,241742575586000,3039400,5260975900,5268610000
13,2013,241742624141300,2571500,5309531200,5317165300
13,2029,241742666757900,2764100,5352147800,5359781900
13,2045,241742710727700,2670900,5396117600,5403751700
14,14,241737492784400,2217100,178174300,185808400
14,30,241737528852800,2252600,214242700,221876800
14,46,241737563928700,2187900,249318600,256952700
14,62,241737598817000,2174700,284206900,291841000
14,78,241737633382700,2085800,318772600,326406700
14,94,241737669129000,2148600,354518900,362153000
14,110,241737705196600,2270100,390586500,398220600
14,126,241737741194500,2171400,426584400,434218500
14,142,241737797949100,2296400,483339000,490973100
14,158,241737834157200,2384600,519547100,527181200
14,174,241737868835700,2171900,554225600,561859700
14,190,241737904574700,2199500,589964600,597598700
14,206,241737941362200,2303600,626752100,634386200
14,222,241737976630300,2142500,662020200,669654300
14,238,241738012577700,2197600,697967600,705601700
14,254,241738049006600,2376700,734396500,742030600
14,270,241738103655200,2232800,789045100,796679200
14,286,241738138870600,2306400,824260500,831894600
14,302,241738173633500,2511800,859023400,866657500
14,318,241738208385600,2151500,893775500,901409600
14,334,241738242578100,2157800,927968000,935602100
14,350,241738278498400,2188700,963888300,971522400
14,366,241738313839000,2442000,999228900,1006863000
14,382,241738350266500,2299800,1035656400,1043290500
14,398,241738403447300,2151500,1088837200,1096471300
14,414,241738438580600,2172600,1123970500,1131604600
14,430,241738473494500,2285600,1158884400,1166518500
14,446,241738508564400,2165700,1193954300,1201588400
14,462,241738543950700,2206000,1229340600,1236974700
14,478,241738579602900,2307300,1264992800,1272626900
14,494,241738615419600,2221000,1300809500,1308443600
14,510,241738651180600,2234100,1336570500,1344204600
14,526,241738686622500,20942100,1372012400,1379646500
14,542,241738740449900,2156000,1425839800,1433473900
14,558,241738774909400,2156500,1460299300,1467933400
14,574,241738809344800,2145500,1494734700,1502368800
14,590,241738844808300,2148600,1530198200,1537832300
14,606,241738879283300,2152100,1564673200,1572307300
14,622,241738913523400,2172300,1598913300,1606547400
14,638,241738949395900,2246100,1634785800,1642419900
14,654,241738984707800,2145200,1670097700,1677731800
14,670,241739040725400,2174100,1726115300,1733749400
14,686,241739075048100,2131800,1760438000,1768072100
14,702,241739109278900,2158500,1794668800,1802302900
14,718,241739145701000,2202000,1831090900,1838725000
14,734,241739181127500,2181700,1866517400,1874151500
14,750,241739216737700,2211100,1902127600,1909761700
14,766,241739252580200,2152500,1937970100,1945604200
14,782,241739288720400,2202300,1974110300,1981744400
14,798,241739344491400,2233200,2029881300,2037515400
14,814,241739380296000,2142800,2065685900,2073320000
14,830,241739416662000,2177100,2102051900,2109686000
14,846,241739452248000,2191800,2137637900,2145272000
14,862,241739487508800,2162100,2172898700,2180532800
14,878,241739521656700,2125600,2207046600,2214680700
14,894,241739556036400,2405200,2241426300,2249060400
14,910,241739591865600,2267400,2277255500,2284889600
14,926,241739627061200,21759200,2312451100,2320085200
14,942,241739681469400,2135800,2366859300,2374493400
14,958,241739715973700,2140700,2401363600,2408997700
14,974,241739750326400,2145300,2435716300,2443350400
14,990,241739785109700,2117500,2470499600,2478133700
14,1006,241739821451600,2185300,2506841500,2514475600
14,1022,241739856902900,2121000,2542292800,2549926900
14,1038,241739891774500,2197900,2577164400,2584798500
14,1054,241739927814600,2281800,2613204500,2620838600
14,1070,241739969179500,2251700,2654569400,2662203500
14,1086,241740003729100,2210300,2689119000,2696753100
14,1102,241740039572300,2188900,2724962200,2732596300
14,1118,241740074366500,2133900,2759756400,2767390500
14,1134,241740110495500,2235400,2795885400,2803519500
14,1150,241740145958600,2181500,2831348500,2838982600
14,1166,241740181533800,2156100,2866923700,2874557800
14,1182,241740216093700,2119500,2901483600,2909117700
14,1198,241740256452100,2115000,2941842000,2949476100
14,1214,241740290778100,2145400,2976168000,2983802100
14,1230,241740325205000,2102700,3010594900,3018229000
14,1246,241740369894500,3046400,3055284400,3062918500
14,1262,241740417792700,3061700,3103182600,3110816700
14,1278,241740464231900,2717500,3149621800,3157255900
14,1294,241740511272200,2915500,3196662100,3204296200
14,1310,241740560639500,2817300,3246029400,3253663500
14,1326,241740607030100,2963700,3292420000,3300054100
14,1342,241740664369700,2665300,3349759600,3357393700
14,1358,241740707851400,2716100,3393241300,3400875400
14,1374,241740752277600,2961500,3437667500,3445301600
14,1390,241740797077300,2637700,3482467200,3490101300
14,1406,241740840137600,2622300,3525527500,3533161600
14,1422,241740884733800,3037700,3570123700,3577757800
14,1438,241740933538400,3017700,3618928300,3626562400
14,1454,241740980153700,2659600,3665543600,3673177700
14,1470,241741035305800,2722700,3720695700,3728329800
14,1486,241741081230700,2700800,3766620600,3774254700
14,1502,241741128340300,2870400,3813730200,3821364300
14,1518,241741173754100,2620300,3859144000,3866778100
14,1534,241741217187100,2822200,3902577000,3910211100
14,1550,241741261783700,2916300,3947173600,3954807700
14,1566,241741309948800,3051200,3995338700,4002972800
14,1582,241741357142200,3156500,4042532100,4050166200
14,1598,241741411792200,3075700,4097182100,4104816200
14,1614,241741460607200,2800300,4145997100,4153631200
14,1630,241741506071400,3069800,4191461300,4199095400
14,1646,241741552859000,2986300,4238248900,4245883000
14,1662,241741600541900,2976400,4285931800,4293565900
14,1678,241741647354900,2909700,4332744800,4340378900
14,1694,241741699598300,2615600,4384988200,4392622300
14,1710,241741743404900,2694100,4428794800,4436428900
14,1726,241741789797800,2796900,4475187700,4482821800
14,1742,241741844434800,2878500,4529824700,4537458800
14,1758,241741889299300,3100200,4574689200,4582323300
14,1774,241741933177300,2621000,4618567200,4626201300
14,1790,241741978542300,2614200,4663932200,4671566300
14,1806,241742024356000,2937800,4709745900,4717380000
14,1822,241742069069500,2610800,4754459400,4762093500
14,1838,241742112188300,2995200,4797578200,4805212300
14,1854,241742158649700,3126500,4844039600,4851673700
14,1870,241742210535600,2850700,4895925500,4903559600
14,1886,241742255953200,2768800,4941343100,4948977200
14,1902,241742300450800,2682800,4985840700,4993474800
14,1918,241742344573300,2734600,5029963200,5037597300
14,1934,241742389920000,2729500,5075309900,5082944000
14,1950,241742433352400,2723100,5118742300,5126376400
14,1966,241742477375400,2756500,5162765300,5170399400
14,1982,241742526598900,3046800,5211988800,5219622900
14,1998,241742580171700,3047100,5265561600,5273195700
14,2014,241742627984300,2609400,5313374200,5321008300
14,2030,241742670992900,2968000,5356382800,5364016900
14,2046,241742714732900,3578200,5400122800,5407756900
15,15,241737495095400,2252500,180485300,188119400
15,31,241737531170500,2172000,216560400,224194500
15,47,241737566207800,2147400,251597700,259231800
15,63,241737601194400,2156600,286584300,294218400
15,79,241737635967300,2471100,321357200,328991300
15,95,241737671593800,2144400,356983700,364617800
15,111,241737707759300,2260700,393149200,400783300
15,127,241737743669300,21577600,429059200,436693300
15,143,241737800669500,2295300,486059400,493693500
15,159,241737836891600,2178700,522281500,529915600
15,175,241737871367300,2160100,556757200,564391300
15,191,241737907077500,2203100,592467400,600101500
15,207,241737944337900,2219200,629727800,637361900
15,223,241737979432000,2117800,664821900,672456000
15,239,241738015248300,2338200,700638200,708272300
15,255,241738051809900,2147600,737199800,744833900
15,271,241738106559500,2179300,791949400,799583500
15,287,241738141867200,2270200,827257100,834891200
15,303,241738176755200,2179200,862145100,869779200
15,319,241738211165700,2105300,896555600,904189700
15,335,241738245349900,2152600,930739800,938373900
15,351,241738281322300,2192700,966712200,974346300
15,367,241738316871700,2324700,1002261600,1009895700
15,383,241738353149400,2140100,1038539300,1046173400
15,399,241738406152800,2148000,1091542700,1099176800
15,415,241738441304500,2327700,1126694400,1134328500
15,431,241738476420500,2147400,1161810400,1169444500
15,447,241738511432600,2236800,1196822500,1204456600
15,463,241738547272000,2229700,1232661900,1240296000
15,479,241738582929500,2357200,1268319400,1275953500
15,495,241738618976800,2227200,1304366700,1312000800
15,511,241738654787300,2188800,1340177200,1347811300
15,527,241738709090200,2196600,1394480100,1402114200
15,543,241738743711900,2152900,1429101800,1436735900
15,559,241738778067100,2104300,1463457000,1471091100
15,575,241738812470700,2181100,1497860600,1505494700
15,591,241738847886100,2137200,1533276000,1540910100
15,607,241738882461500,2139900,1567851400,1575485500
15,623,241738916763100,2332000,1602153000,1609787100
15,639,241738953125600,2208900,1638515500,1646149600
15,655,241738988273700,2230100,1673663600,1681297700
15,671,241739044266500,2160600,1729656400,1737290500
15,687,241739078479900,2106200,1763869800,1771503900
15,703,241739112756700,2148600,1798146600,1805780700
15,719,241739149108400,2255700,1834498300,1842132400
15,735,241739184563400,2220400,1869953300,1877587400
15,751,241739220318200,2216600,1905708100,1913342200
15,767,241739256105000,2146900,1941494900,1949129000
15,783,241739292233400,2198200,1977623300,1985257400
15,799,241739347899700,2217400,2033289600,2040923700
15,815,241739383647400,2180400,2069037300,2076671400
15,831,241739419647900,2231900,2105037800,2112671900
15,847,241739455335000,2168200,2140724900,2148359000
15,863,241739490489600,2106900,2175879500,2183513600
15,879,241739524566100,2094300,2209956000,2217590100
15,895,241739559313000,2189300,2244702900,2252337000
15,911,241739595039800,2227100,2280429700,2288063800
15,927,241739649773000,2167900,2335162900,2342797000
15,943,241739684335700,2134200,2369725600,2377359700
15,959,241739718809000,2119900,2404198900,2411833000
15,975,241739753151100,2123700,2438541000,2446175100
15,991,241739787929900,2152900,2473319800,2480953900
15,1007,241739824504400,2186100,2509894300,2517528400
15,1023,241739859818400,2254000,2545208300,2552842400
15,1039,241739894814900,2278900,2580204800,2587838900
15,1055,241739930920900,2151100,2616310800,2623944900
15,1071,241739972257500,2096100,2657647400,2665281500
15,1087,241740007047500,2218700,2692437400,2700071500
15,1103,241740042869700,2216700,2728259600,2735893700
15,1119,241740077645000,2369400,2763034900,2770669000
15,1135,241740113871100,2229500,2799261000,2806895100
15,1151,241740149331500,2244800,2834721400,2842355500
15,1167,241740184915400,2186100,2870305300,2877939400
15,1183,241740219437700,2156600,2904827600,2912461700
15,1199,241740260121000,2158300,2945510900,2953145000
15,1215,241740294477300,2147500,2979867200,2987501300
15,1231,241740328925000,2773000,3014314900,3021949000
15,1247,241740375157000,3092900,3060546900,3068181000
15,1263,241740423096500,3124200,3108486400,3116120500
15,1279,241740468952500,2814400,3154342400,3161976500
15,1295,241740516269700,2944200,3201659600,3209293700
15,1311,241740565518700,2454600,3250908600,3258542700
15,1327,241740618190700,2943300,3303580600,3311214700
15,1343,241740669070400,2709900,3354460300,3362094400
15,1359,241740712621400,2744100,3398011300,3405645400
15,1375,241740757243700,2864000,3442633600,3450267700
15,1391,241740801718500,2734100,3487108400,3494742500
15,1407,241740844634200,2641500,3530024100,3537658200
15,1423,241740889932600,2989700,3575322500,3582956600
15,1439,241740938738300,3049600,3624128200,3631762300
15,1455,241740984759400,2746300,3670149300,3677783400
15,1471,241741036584200,2863500,3721974100,3729608200
15,1487,241741082446300,2696800,3767836200,3775470300
15,1503,241741129529200,2963400,3814919100,3822553200
15,1519,241741174987600,2659800,3860377500,3868011600
15,1535,241741218514300,2812000,3903904200,3911538300
15,1551,241741263187400,2797100,3948577300,3956211400
15,1567,241741311907200,2970300,3997297100,4004931200
15,1583,241741359181300,3167900,4044571200,4052205300
15,1599,241741413754600,3091200,4099144500,4106778600
15,1615,241741462389900,3100400,4147779800,4155413900
15,1631,241741508068500,3075200,4193458400,4201092500
15,1647,241741554805800,3088400,4240195700,4247829800
15,1663,241741602400500,2986300,4287790400,4295424500
15,1679,241741649169900,2946300,4334559800,4342193900
15,1695,241741701223300,2600400,4386613200,4394247300
15,1711,241741745094000,2727600,4430483900,4438118000
15,1727,241741791440800,8397300,4476830700,4484464800
15,1743,241741845952900,2861000,4531342800,4538976900
15,1759,241741890890700,3167400,4576280600,4583914700
15,1775,241741934573400,2654800,4619963300,4627597400
15,1791,241741979936900,2610600,4665326800,4672960900
15,1807,241742025897300,3013700,4711287200,4718921300
15,1823,241742070446100,2552300,4755836000,4763470100
15,1839,241742113741300,2953900,4799131200,4806765300
15,1855,241742160322300,3029800,4845712200,4853346300
15,1871,241742212074200,2745700,4897464100,4905098200
15,1887,241742257383000,2771900,4942772900,4950407000
15,1903,241742301840800,2768600,4987230700,4994864800
15,1919,241742345854300,2772100,5031244200,5038878300
15,1935,241742391633100,2749700,5077023000,5084657100
15,1951,241742435003500,2749300,5120393400,5128027500
15,1967,241742479089400,2693800,5164479300,5172113400
15,1983,241742528449800,3052300,5213839700,5221473800
15,1999,241742582016100,3049900,5267406000,5275040100
15,2015,241742629575300,2636900,5314965200,5322599300
15,2031,241742672809100,2983700,5358199000,5365833100
15,2047,241742717006200,3859900,5402396100,5410030200
16,0,241737447721800,12211000,133111700,140745800
16,16,241737497193900,2173400,182583800,190217900
16,32,241737533198800,2191900,218588700,226222800
16,48,241737568291200,2221700,253681100,261315200
16,64,241737603070600,2152000,288460500,296094600
16,80,241737638182800,2341000,323572700,331206800
16,96,241737673571500,2162900,358961400,366595500
16,112,241737709778100,2371300,395168000,402802100
16,128,241737764956900,2854400,450346800,457980900
16,144,241737802720500,2284700,488110400,495744500
16,160,241737838889400,2145800,524279300,531913400
16,176,241737873358700,2311900,558748600,566382700
16,192,241737909216800,2318000,594606700,602240800
16,208,241737946374900,2206400,631764800,639398900
16,224,241737981405700,2145400,666795600,674429700
16,240,241738017419700,2559600,702809600,710443700
16,256,241738053930500,2158700,739320400,746954500
16,272,241738108477900,2251900,793867800,801501900
16,288,241738143649000,2173900,829038900,836673000
16,304,241738178410500,2226500,863800400,871434500
16,320,241738212768000,2087200,898157900,905792000
16,336,241738247058000,2152300,932447900,940082000
16,352,241738283108700,2176000,968498600,976132700
16,368,241738318774200,2266300,1004164100,1011798200
16,384,241738354853100,2263200,1040243000,1047877100
16,400,241738407901700,2232400,1093291600,1100925700
16,416,241738443188900,2352200,1128578800,1136212900
16,432,241738478054600,2112800,1163444500,1171078600
16,448,241738513023600,2328900,1198413500,1206047600
16,464,241738549018700,2250300,1234408600,1242042700
16,480,241738584810500,2223600,1270200400,1277834500
16,496,241738620442500,2195300,1305832400,1313466500
16,512,241738656154100,2223000,1341544000,1349178100
16,528,241738710683600,2168100,1396073500,1403707600
16,544,241738745281300,2172400,1430671200,1438305300
16,560,241738779732000,2128900,1465121900,1472756000
16,576,241738814184500,2222000,1499574400,1507208500
16,592,241738849668100,2101300,1535058000,1542692100
16,608,241738884234200,2155900,1569624100,1577258200
16,624,241738918686300,2418700,1604076200,1611710300
16,640,241738954861900,2184400,1640251800,1647885900
16,656,241738990021600,2272400,1675411500,1683045600
16,672,241739045790000,2122300,1731179900,1738814000
16,688,241739079943700,2147200,1765333600,1772967700
16,704,241739114269700,2138700,1799659600,1807293700
16,720,241739150888700,2370100,1836278600,1843912700
16,736,241739186375900,2198300,1871765800,1879399900
16,752,241739222043400,2302100,1907433300,1915067400
16,768,241739257712500,2134600,1943102400,1950736500
16,784,241739293843800,2168700,1979233700,1986867800
16,800,241739349511400,2401500,2034901300,2042535400
16,816,241739385204400,2405800,2070594300,2078228400
16,832,241739421245800,2188700,2106635700,2114269800
16,848,241739456720200,2243300,2142110100,2149744200
16,864,241739491916600,2096900,2177306500,2184940600
16,880,241739525983900,2126400,2211373800,2219007900
16,896,241739560680400,2269600,2246070300,2253704400
16,912,241739596410200,2281900,2281800100,2289434200
16,928,241739651326300,2139000,2336716200,2344350300
16,944,241739685900200,2182600,2371290100,2378924200
16,960,241739720530200,2123900,2405920100,2413554200
16,976,241739754873800,2473900,2440263700,2447897800
16,992,241739789688300,2160600,2475078200,2482712300
16,1008,241739826152400,2189900,2511542300,2519176400
16,1024,241739861552300,2307400,2546942200,2554576300
16,1040,241739896605300,2238000,2581995200,2589629300
16,1056,241739932539400,2200800,2617929300,2625563400
16,1072,241739973925700,2141200,2659315600,2666949700
16,1088,241740008530500,2284800,2693920400,2701554500
16,1104,241740044365500,2211300,2729755400,2737389500
16,1120,241740079295700,2247000,2764685600,2772319700
16,1136,241740115545800,2209700,2800935700,2808569800
16,1152,241740151029900,2178700,2836419800,2844053900
16,1168,241740186598000,2169700,2871987900,2879622000
16,1184,241740221098000,2158500,2906487900,2914122000
16,1200,241740261706100,2108700,2947096000,2954730100
16,1216,241740296046200,2207700,2981436100,2989070200
16,1232,241740330921100,2678700,3016311000,3023945100
16,1248,241740377377700,3244100,3062767600,3070401700
16,1264,241740425432800,3015100,3110822700,3118456800
16,1280,241740471056900,2750500,3156446800,3164080900
16,1296,241740518522000,2969100,3203911900,3211546000
16,1312,241740567256400,2872900,3252646300,3260280400
16,1328,241740620459400,3002700,3305849300,3313483400
16,1344,241740671135200,2708600,3356525100,3364159200
16,1360,241740714702600,2734000,3400092500,3407726600
16,1376,241740759004000,2981500,3444393900,3452028000
16,1392,241740803456200,2806200,3488846100,3496480200
16,1408,241740846332100,2683600,3531722000,3539356100
16,1424,241740891873900,3013500,3577263800,3584897900
16,1440,241740940719100,3059700,3626109000,3633743100
16,1456,241740986582300,2586600,3671972200,3679606300
16,1472,241741040111200,2681200,3725501100,3733135200
16,1488,241741085916700,2939400,3771306600,3778940700
16,1504,241741133228300,2938700,3818618200,3826252300
16,1520,241741178196800,2618800,3863586700,3871220800
16,1536,241741221873400,2733500,3907263300,3914897400
16,1552,241741266565400,2677400,3951955300,3959589400
16,1568,241741315328100,3300200,4000718000,4008352100
16,1584,241741363195000,3015800,4048584900,4056219000
16,1600,241741417666300,3097000,4103056200,4110690300
16,1616,241741466173600,2776700,4151563500,4159197600
16,1632,241741511914500,3111400,4197304400,4204938500
16,1648,241741558528200,3074900,4243918100,4251552200
16,1664,241741606164200,2921700,4291554100,4299188200
16,1680,241741652905700,3134400,4338295600,4345929700
16,1696,241741704574800,2768400,4389964700,4397598800
16,1712,241741748540500,2735500,4433930400,4441564500
16,1728,241741800593600,2763700,4485983500,4493617600
16,1744,241741849792300,2885100,4535182200,4542816300
16,1760,241741895002400,2804200,4580392300,4588026400
16,1776,241741938142900,2664900,4623532800,4631166900
16,1792,241741983313600,2725300,4668703500,4676337600
16,1808,241742029696700,2914100,4715086600,4722720700
16,1824,241742073666100,2584800,4759056000,4766690100
16,1840,241742117440700,2750500,4802830600,4810464700
16,1856,241742164148600,2994200,4849538500,4857172600
16,1872,241742215391200,2747100,4900781100,4908415200
16,1888,241742260722500,2793400,4946112400,4953746500
16,1904,241742305185100,2739300,4990575000,4998209100
16,1920,241742349254300,2765500,5034644200,5042278300
16,1936,241742394603400,2692800,5079993300,5087627400
16,1952,241742437964200,2591200,5123354100,5130988200
16,1968,241742482004800,2706300,5167394700,5175028800
16,1984,241742531764400,3034000,5217154300,5224788400
16,2000,241742585242400,3017900,5270632300,5278266400
16,2016,241742632352400,2572700,5317742300,5325376400
16,2032,241742675970300,3012700,5361360200,5368994300
17,1,241737460078200,2399100,145468100,153102200
17,17,241737499458300,2179600,184848200,192482300
17,33,241737535564700,2175100,220954600,228588700
17,49,241737570728300,2171400,256118200,263752300
17,65,241737605565000,2255400,290954900,298589000
17,81,241737640689500,2339900,326079400,333713500
17,97,241737675874200,2144500,361264100,368898200
17,113,241737712373300,2248100,397763200,405397300
17,129,241737768045400,2567800,453435300,461069400
17,145,241737805185700,2278500,490575600,498209700
17,161,241737841237200,2106500,526627100,534261200
17,177,241737875906000,2192900,561295900,568930000
17,193,241737911678500,2216800,597068400,604702500
17,209,241737948645400,2184800,634035300,641669400
17,225,241737983586200,2302300,668976100,676610200
17,241,241738020066100,2293000,705456000,713090100
17,257,241738056152900,2134600,741542800,749176900
17,273,241738110874600,2191000,796264500,803898600
17,289,241738146096000,2180100,831485900,839120000
17,305,241738180868000,2157300,866257900,873892000
17,321,241738215078500,2113800,900468400,908102500
17,337,241738249359700,2152700,934749600,942383700
17,353,241738285481800,2161700,970871700,978505800
17,369,241738321414700,2186600,1006804600,1014438700
17,385,241738357483100,2304000,1042873000,1050507100
17,401,241738410467000,2323100,1095856900,1103491000
17,417,241738445855900,2204000,1131245800,1138879900
17,433,241738480591700,2099100,1165981600,1173615700
17,449,241738515749200,2116400,1201139100,1208773200
17,465,241738551605200,2216500,1236995100,1244629200
17,481,241738587363400,2196400,1272753300,1280387400
17,497,241738622991100,2247100,1308381000,1316015100
17,513,241738658788900,2187700,1344178800,1351812900
17,529,241738713086700,2147300,1398476600,1406110700
17,545,241738747709900,2162100,1433099800,1440733900
17,561,241738782036900,2163700,1467426800,1475060900
17,577,241738816616800,2168100,1502006700,1509640800
17,593,241738851948800,2117300,1537338700,1544972800
17,609,241738886535800,2083900,1571925700,1579559800
17,625,241738921229300,2180000,1606619200,1614253300
17,641,241738957232100,2195000,1642622000,1650256100
17,657,241738992515000,2339600,1677904900,1685539000
17,673,241739048539300,2112300,1733929200,1741563300
17,689,241739082702800,2138400,1768092700,1775726800
17,705,241739117026300,2226800,1802416200,1810050300
17,721,241739153926800,2256600,1839316700,1846950800
17,737,241739189140500,2183400,1874530400,1882164500
17,753,241739224917900,2231000,1910307800,1917941900
17,769,241739260391100,2383300,1945781000,1953415100
17,785,241739296454300,2138700,1981844200,1989478300
17,801,241739352327600,2248700,2037717500,2045351600
17,817,241739387985000,2266100,2073374900,2081009000
17,833,241739423941000,2158100,2109330900,2116965000
17,849,241739459763700,2283200,2145153600,2152787700
17,865,241739494762000,2132300,2180151900,2187786000
17,881,241739528828800,2300800,2214218700,2221852800
17,897,241739563729700,2217400,2249119600,2256753700
17,913,241739599441800,2240200,2284831700,2292465800
17,929,241739654334300,2205500,2339724200,2347358300
17,945,241739688952400,2160200,2374342300,2381976400
17,961,241739723362000,2133900,2408751900,2416386000
17,977,241739758185600,2279700,2443575500,2451209600
17,993,241739792525000,2141500,2477914900,2485549000
17,1009,241739829058800,2303200,2514448700,2522082800
17,1025,241739864611600,2201100,2550001500,2557635600
17,1041,241739899554900,2136600,2584944800,2592578900
17,1057,241739935421300,2224400,2620811200,2628445300
17,1073,241739976716900,2157600,2662106800,2669740900
17,1089,241740011568000,2205900,2696957900,2704592000
17,1105,241740047394400,2167700,2732784300,2740418400
17,1121,241740082183500,2275900,2767573400,2775207500
17,1137,241740118369200,2182700,2803759100,2811393200
17,1153,241740153824800,2215300,2839214700,2846848800
17,1169,241740189455600,2133700,2874845500,2882479600
17,1185,241740223943800,2128200,2909333700,2916967800
17,1201,241740264534000,2216600,2949923900,2957558000
17,1217,241740298977900,2145200,2984367800,2992001900
17,1233,241740334496800,2611600,3019886700,3027520800
17,1249,241740381627800,3030800,3067017700,3074651800
17,1265,241740429458100,3346400,3114848000,3122482100
17,1281,241740474572600,2741300,3159962500,3167596600
17,1297,241740522333600,2791000,3207723500,3215357600
17,1313,241740570899300,2820100,3256289200,3263923300
17,1329,241740624239900,2956200,3309629800,3317263900
17,1345,241740674751800,2741900,3360141700,3367775800
17,1361,241740718265600,2731900,3403655500,3411289600
17,1377,241740763230200,2880000,3448620100,3456254200
17,1393,241740807558400,2817000,3492948300,3500582400
17,1409,241740850035500,2522800,3535425400,3543059500
17,1425,241740896195800,3192300,3581585700,3589219800
17,1441,241740945109000,3002100,3630498900,3638133000
17,1457,241740990312000,2661000,3675701900,3683336000
17,1473,241741042273000,2732400,3727662900,3735297000
17,1489,241741088264100,2877100,3773654000,3781288100
17,1505,241741135602400,2922900,3820992300,3828626400
17,1521,241741180312600,2527900,3865702500,3873336600
17,1537,241741224054000,2738800,3909443900,3917078000
17,1553,241741268693000,2712500,3954082900,3961717000
17,1569,241741317825000,2873500,4003214900,4010849000
17,1585,241741365431700,3093300,4050821600,4058455700
17,1601,241741419972900,3112500,4105362800,4112996900
17,1617,241741468173500,2945200,4153563400,4161197500
17,1633,241741514183300,3031800,4199573200,4207207300
17,1649,241741560974300,2776000,4246364200,4253998300
17,1665,241741608431200,2925000,4293821100,4301455200
17,1681,241741655341400,3008300,4340731300,4348365400
17,1697,241741706721600,2823400,4392111500,4399745600
17,1713,241741750663200,2708800,4436053100,4443687200
17,1729,241741802782200,2741500,4488172100,4495806200
17,1745,241741852023000,2773800,4537412900,4545047000
17,1761,241741897118500,2834500,4582508400,4590142500
17,1777,241741940135400,2690300,4625525300,4633159400
17,1793,241741985425900,2750600,4670815800,4678449900
17,1809,241742032039000,2956200,4717428900,4725063000
17,1825,241742075754100,2580400,4761144000,4768778100
17,1841,241742119658800,2739700,4805048700,4812682800
17,1857,241742166572000,2956400,4851961900,4859596000
17,1873,241742217757000,2873200,4903146900,4910781000
17,1889,241742263116400,2869000,4948506300,4956140400
17,1905,241742307547900,2693200,4992937800,5000571900
17,1921,241742351724100,2737800,5037114000,5044748100
17,1937,241742396937600,2919900,5082327500,5089961600
17,1953,241742440154500,2791200,5125544400,5133178500
17,1969,241742484291500,2720600,5169681400,5177315500
17,1985,241742534328600,3004500,5219718500,5227352600
17,2001,241742587876500,3066800,5273266400,5280900500
17,2017,241742634612100,2618700,5320002000,5327636100
17,2033,241742678619600,2793500,5364009500,5371643600
18,2,241737462698600,2555000,148088500,155722600
18,18,241737501898700,2155300,187288600,194922700
18,34,241737537943400,2233200,223333300,230967400
18,50,241737572964400,2194500,258354300,265988400
18,66,241737607881000,2184900,293270900,300905000
18,82,241737643128800,2216500,328518700,336152800
18,98,241737678115700,2290500,363505600,371139700
18,114,241737714779100,2218000,400169000,407803100
18,130,241737770509500,2317900,455899400,463533500
18,146,241737807403200,2260100,492793100,500427200
18,162,241737843385000,2108600,528774900,536409000
18,178,241737878131000,2135900,563520900,571155000
18,194,241737913866300,2318300,599256200,606890300
18,210,241737950747000,2185700,636136900,643771000
18,226,241737985804200,2274300,671194100,678828200
18,242,241738022248100,2284700,707638000,715272100
18,258,241738058208700,19833300,743598600,751232700
18,274,241738113036500,2224600,798426400,806060500
18,290,241738148105700,2156400,833495600,841129700
18,306,241738182863600,2201800,868253500,875887600
18,322,241738217014900,2119700,902404800,910038900
18,338,241738251264800,2215400,936654700,944288800
18,354,241738287399900,2129000,972789800,980423900
18,370,241738323196200,2150400,1008586100,1016220200
18,386,241738359408000,2185600,1044797900,1052432000
18,402,241738412404300,2230200,1097794200,1105428300
18,418,241738447700400,2124700,1133090300,1140724400
18,434,241738482332700,2118200,1167722600,1175356700
18,450,241738517504800,2166300,1202894700,1210528800
18,466,241738553424200,2250900,1238814100,1246448200
18,482,241738589096100,2271700,1274486000,1282120100
18,498,241738624822800,2207900,1310212700,1317846800
18,514,241738660577400,2190700,1345967300,1353601400
18,530,241738714710300,2199100,1400100200,1407734300
18,546,241738749314000,2172100,1434703900,1442338000
18,562,241738783688300,2114000,1469078200,1476712300
18,578,241738818273400,2276600,1503663300,1511297400
18,594,241738853607700,2169500,1538997600,1546631700
18,610,241738888147300,2183600,1573537200,1581171300
18,626,241738922875000,2215200,1608264900,1615899000
18,642,241738958566300,2206100,1643956200,1651590300
18,658,241738993913000,2663100,1679302900,1686937000
18,674,241739049724600,2140600,1735114500,1742748600
18,690,241739083903100,2145400,1769293000,1776927100
18,706,241739118260500,2405400,1803650400,1811284500
18,722,241739155095100,2167800,1840485000,1848119100
18,738,241739190318500,2180300,1875708400,1883342500
18,754,241739226115400,2276000,1911505300,1919139400
18,770,241739261782200,2305200,1947172100,1954806200
18,786,241739297982700,2144500,1983372600,1991006700
18,802,241739353658300,2218800,2039048200,2046682300
18,818,241739388924600,2262800,2074314500,2081948600
18,834,241739424754300,2189100,2110144200,2117778300
18,850,241739460315400,2251400,2145705300,2153339400
18,866,241739495303300,2134200,2180693200,2188327300
18,882,241739529307900,2292700,2214697800,2222331900
18,898,241739564303600,2245800,2249693500,2257327600
18,914,241739599997400,2247100,2285387300,2293021400
18,930,241739654778000,2209300,2340167900,2347802000
18,946,241739689426600,2185700,2374816500,2382450600
18,962,241739723890700,2144200,2409280600,2416914700
18,978,241739758709800,2222100,2444099700,2451733800
18,994,241739793017300,2141500,2478407200,2486041300
18,1010,241739829691700,2320200,2515081600,2522715700
18,1026,241739865347000,2238800,2550736900,2558371000
18,1042,241739900325400,2150800,2585715300,2593349400
18,1058,241739936192100,2208200,2621582000,2629216100
18,1074,241739977354100,2139000,2662744000,2670378100
18,1090,241740012217500,2221900,2697607400,2705241500
18,1106,241740048035100,2171000,2733425000,2741059100
18,1122,241740082872600,2269100,2768262500,2775896600
18,1138,241740118991900,2209300,2804381800,2812015900
18,1154,241740154401100,2338500,2839791000,2847425100
18,1170,241740189937100,2128700,2875327000,2882961100
18,1186,241740224455600,2108400,2909845500,2917479600
18,1202,241740264773800,2251100,2950163700,2957797800
18,1218,241740299229900,2122600,2984619800,2992253900
18,1234,241740334781400,2630400,3020171300,3027805400
18,1250,241740381970600,3037500,3067360500,3074994600
18,1266,241740429936600,3271300,3115326500,3122960600
18,1282,241740475071600,2733400,3160461500,3168095600
18,1298,241740522837500,2787600,3208227400,3215861500
18,1314,241740571379900,2957200,3256769800,3264403900
18,1330,241740624757700,3036100,3310147600,3317781700
18,1346,241740675288000,2707300,3360677900,3368312000
18,1362,241740718806200,2717500,3404196100,3411830200
18,1378,241740764013800,2872500,3449403700,3457037800
18,1394,241740808352700,2743600,3493742600,3501376700
18,1410,241740850601800,2647800,3535991700,3543625800
18,1426,241740897112700,3073600,3582502600,3590136700
18,1442,241740945897100,3003000,3631287000,3638921100
18,1458,241740991070000,2592700,3676459900,3684094000
18,1474,241741044721000,2739600,3730110900,3737745000
18,1490,241741090823500,2824100,3776213400,3783847500
18,1506,241741138281300,2927400,3823671200,3831305300
18,1522,241741182623200,2790800,3868013100,3875647200
18,1538,241741226601200,3043300,3911991100,3919625200
18,1554,241741271107800,2747700,3956497700,3964131800
18,1570,241741320410900,2615300,4005800800,4013434900
18,1586,241741368205000,2944500,4053594900,4061229000
18,1602,241741422770800,3058200,4108160700,4115794800
18,1618,241741470846000,2836500,4156235900,4163870000
18,1634,241741516955900,3087600,4202345800,4209979900
18,1650,241741563466300,2742200,4248856200,4256490300
18,1666,241741611062600,2895100,4296452500,4304086600
18,1682,241741658049200,2924200,4343439100,4351073200
18,1698,241741709253700,2725600,4394643600,4402277700
18,1714,241741753090800,2707600,4438480700,4446114800
18,1730,241741805186600,2811600,4490576500,4498210600
18,1746,241741854419800,2738800,4539809700,4547443800
18,1762,241741899612300,2854300,4585002200,4592636300
18,1778,241741942503500,2622200,4627893400,4635527500
18,1794,241741987801500,3150500,4673191400,4680825500
18,1810,241742034652900,2934500,4720042800,4727676900
18,1826,241742078082300,2620100,4763472200,4771106300
18,1842,241742122126700,2757700,4807516600,4815150700
18,1858,241742169238800,2969700,4854628700,4862262800
18,1874,241742220363700,2732700,4905753600,4913387700
18,1890,241742265706600,2815200,4951096500,4958730600
18,1906,241742309982900,2593500,4995372800,5003006900
18,1922,241742354268300,2710500,5039658200,5047292300
18,1938,241742399475300,2944000,5084865200,5092499300
18,1954,241742442697500,2713000,5128087400,5135721500
18,1970,241742486757800,2825300,5172147700,5179781800
18,1986,241742537017100,2994400,5222407000,5230041100
18,2002,241742590651400,3045800,5276041300,5283675400
18,2018,241742636948600,2620500,5322338500,5329972600
18,2034,241742681117500,2753200,5366507400,5374141500
19,3,241737465221400,2394800,150611300,158245400
19,19,241737503967600,2199100,189357500,196991600
19,35,241737540059700,2199100,225449600,233083700
19,51,241737574977400,2183200,260367300,268001400
19,67,241737609900600,2137200,295290500,302924600
19,83,241737645464800,2202100,330854700,338488800
19,99,241737680537400,2186100,365927300,373561400
19,115,241737717065200,2305400,402455100,410089200
19,131,241737772984700,2280400,458374600,466008700
19,147,241737809814200,2221800,495204100,502838200
19,163,241737845527400,2113400,530917300,538551400
19,179,241737880301700,2140800,565691600,573325700
19,195,241737916280700,2451400,601670600,609304700
19,211,241737953267700,2341500,638657600,646291700
19,227,241737988527100,2244300,673917000,681551100
19,243,241738024901600,2267800,710291500,717925600
19,259,241738078541700,3029300,763931600,771565700
19,275,241738115898500,2208300,801288400,808922500
19,291,241738150969000,2167100,836358900,843993000
19,307,241738185819300,2175700,871209200,878843300
19,323,241738219857500,2208000,905247400,912881500
19,339,241738254304200,2235100,939694100,947328200
19,355,241738290257600,2154600,975647500,983281600
19,371,241738326162000,2181900,1011551900,1019186000
19,387,241738362417500,2185900,1047807400,1055441500
19,403,241738415431800,2203700,1100821700,1108455800
19,419,241738450596200,2140500,1135986100,1143620200
19,435,241738485287000,2175400,1170676900,1178311000
19,451,241738520432600,2247800,1205822500,1213456600
19,467,241738556615200,2356200,1242005100,1249639200
19,483,241738592334500,2278300,1277724400,1285358500
19,499,241738628067000,2264700,1313456900,1321091000
19,515,241738663863000,2366000,1349252900,1356887000
19,531,241738718074200,2126500,1403464100,1411098200
19,547,241738752716900,2333200,1438106800,1445740900
19,563,241738786991400,2114100,1472381300,1480015400
19,579,241738821707900,2476300,1507097800,1514731900
19,595,241738856876100,2131400,1542266000,1549900100
19,611,241738891364000,2101200,1576753900,1584388000
19,627,241738926195300,2203400,1611585200,1619219300
19,643,241738962339100,2252300,1647729000,1655363100
19,659,241739017099900,2759100,1702489800,1710123900
19,675,241739053109600,2131600,1738499500,1746133600
19,691,241739087277300,2284300,1772667200,1780301300
19,707,241739122055500,2343800,1807445400,1815079500
19,723,241739158557300,2203200,1843947200,1851581300
19,739,241739193785800,2281800,1879175700,1886809800
19,755,241739229712300,2233100,1915102200,1922736300
19,771,241739265451500,2320800,1950841400,1958475500
19,787,241739301457100,2259500,1986847000,1994481100
19,803,241739357503700,2259400,2042893600,2050527700
19,819,241739393878300,2333700,2079268200,2086902300
19,835,241739429970000,2175300,2115359900,2122994000
19,851,241739465596900,2261600,2150986800,2158620900
19,867,241739500345500,2166200,2185735400,2193369500
19,883,241739534527000,2149500,2219916900,2227551000
19,899,241739569670000,2251700,2255059900,2262694000
19,915,241739605357300,2218600,2290747200,2298381300
19,931,241739660177200,2129900,2345567100,2353201200
19,947,241739694687000,2121700,2380076900,2387711000
19,963,241739728925400,2143000,2414315300,2421949400
19,979,241739763936300,2142800,2449326200,2456960300
19,995,241739798237200,2141400,2483627100,2491261200
19,1011,241739835228600,2165300,2520618500,2528252600
19,1027,241739870404800,2188300,2555794700,2563428800
19,1043,241739905324800,2434200,2590714700,2598348800
19,1059,241739947138000,2358000,2632527900,2640162000
19,1075,241739982141200,2184400,2667531100,2675165200
19,1091,241740017490600,2181600,2702880500,2710514600
19,1107,241740053052400,2167200,2738442300,2746076400
19,1123,241740088134400,2182100,2773524300,2781158400
19,1139,241740124209800,2246000,2809599700,2817233800
19,1155,241740159887500,2263900,2845277400,2852911500
19,1171,241740195076500,2131300,2880466400,2888100500
19,1187,241740229778700,2159100,2915168600,2922802700
19,1203,241740270323000,2125700,2955712900,2963347000
19,1219,241740304616600,2156700,2990006500,2997640600
19,1235,241740341451900,2578000,3026841800,3034475900
19,1251,241740389755900,2657300,3075145800,3082779900
19,1267,241740437665200,2680400,3123055100,3130689200
19,1283,241740482421200,3082800,3167811100,3175445200
19,1299,241740529858900,2893700,3215248800,3222882900
19,1315,241740578952400,2942500,3264342300,3271976400
19,1331,241740632611600,3200400,3318001500,3325635600
19,1347,241740681901700,2638300,3367291600,3374925700
19,1363,241740725642500,2770900,3411032400,3418666500
19,1379,241740770471000,2764000,3455860900,3463495000
19,1395,241740814663500,2698100,3500053400,3507687500
19,1411,241740856639500,2603200,3542029400,3549663500
19,1427,241740904088200,2996300,3589478100,3597112200
19,1443,241740952808200,3053900,3638198100,3645832200
19,1459,241740997087000,10582500,3682476900,3690111000
19,1475,241741051458500,2966700,3736848400,3744482500
19,1491,241741097874900,2937700,3783264800,3790898900
19,1507,241741145361300,2867600,3830751200,3838385300
19,1523,241741189226000,2767300,3874615900,3882250000
19,1539,241741233531100,2712800,3918921000,3926555100
19,1555,241741278583200,4729700,3963973100,3971607200
19,1571,241741327320400,3011800,4012710300,4020344400
19,1587,241741375367100,3112600,4060757000,4068391100
19,1603,241741430439500,3064000,4115829400,4123463500
19,1619,241741477906900,2836200,4163296800,4170930900
19,1635,241741524757400,3094700,4210147300,4217781400
19,1651,241741570380500,2660100,4255770400,4263404500
19,1667,241741618433300,2982600,4303823200,4311457300
19,1683,241741665491300,2960700,4350881200,4358515300
19,1699,241741716130000,2744600,4401519900,4409154000
19,1715,241741760275000,3096600,4445664900,4453299000
19,1731,241741812554700,3079700,4497944600,4505578700
19,1747,241741861459900,2706700,4546849800,4554483900
19,1763,241741906740000,2788300,4592129900,4599764000
19,1779,241741949235800,2641500,4634625700,4642259800
19,1795,241741995577000,2966000,4680966900,4688601000
19,1811,241742042166000,2686800,4727555900,4735190000
19,1827,241742084584400,2612200,4769974300,4777608400
19,1843,241742129012500,2963400,4814402400,4822036500
19,1859,241742176929900,8374000,4862319800,4869953900
19,1875,241742227306000,2804200,4912695900,4920330000
19,1891,241742272678100,2865900,4958068000,4965702100
19,1907,241742316808300,2816600,5002198200,5009832300
19,1923,241742360837300,3009500,5046227200,5053861300
19,1939,241742406713400,2678600,5092103300,5099737400
19,1955,241742449550400,2747800,5134940300,5142574400
19,1971,241742493723200,2781900,5179113100,5186747200
19,1987,241742544365300,2813600,5229755200,5237389300
19,2003,241742598298600,3069100,5283688500,5291322600
19,2019,241742643463400,2571900,5328853300,5336487400
19,2035,241742687980900,2649500,5373370800,5381004900
20,4,241737467553300,2371300,152943200,160577300
20,20,241737506106800,2217900,191496700,199130800
20,36,241737542230400,2188400,227620300,235254400
20,52,241737577134500,2176600,262524400,270158500
20,68,241737611979500,2188900,297369400,305003500
20,84,241737647502000,2209600,332891900,340526000
20,100,241737682579500,2305800,367969400,375603500
20,116,241737719407300,2267900,404797200,412431300
20,132,241737775355900,2314600,460745800,468379900
20,148,241737812099500,2310500,497489400,505123500
20,164,241737847671300,2137200,533061200,540695300
20,180,241737882476400,2123100,567866300,575500400
20,196,241737918607800,2252900,603997700,611631800
20,212,241737955197300,2387000,640587200,648221300
20,228,241737990297700,2232600,675687600,683321700
20,244,241738026763700,2253700,712153600,719787700
20,260,241738080836800,2610900,766226700,773860800
20,276,241738117271900,2208900,802661800,810295900
20,292,241738152222200,2171000,837612100,845246200
20,308,241738187063700,2200900,872453600,880087700
20,324,241738221204300,2067300,906594200,914228300
20,340,241738255627700,2176500,941017600,948651700
20,356,241738291392600,2187300,976782500,984416600
20,372,241738327393000,2299100,1012782900,1020417000
20,388,241738363712000,2084500,1049101900,1056736000
20,404,241738416711700,2216300,1102101600,1109735700
20,420,241738451854800,2126400,1137244700,1144878800
20,436,241738486476400,2137800,1171866300,1179500400
20,452,241738521338600,2398000,1206728500,1214362600
20,468,241738557366300,2405600,1242756200,1250390300
20,484,241738593048000,2285100,1278437900,1286072000
20,500,241738628660800,2297000,1314050700,1321684800
20,516,241738664456400,2419100,1349846300,1357480400
20,532,241738718699600,2129300,1404089500,1411723600
20,548,241738753395300,2397300,1438785200,1446419300
20,564,241738787651200,2129700,1473041100,1480675200
20,580,241738822534900,2443300,1507924800,1515558900
20,596,241738857550500,2142700,1542940400,1550574500
20,612,241738892051500,2105200,1577441400,1585075500
20,628,241738927147900,2188000,1612537800,1620171900
20,644,241738962843900,2335100,1648233800,1655867900
20,660,241739017718500,2575100,1703108400,1710742500
20,676,241739053661100,2137400,1739051000,1746685100
20,692,241739087837100,2268300,1773227000,1780861100
20,708,241739122628600,2338800,1808018500,1815652600
20,724,241739159017200,2192300,1844407100,1852041200
20,740,241739194153800,2291000,1879543700,1887177800
20,756,241739230100300,2209700,1915490200,1923124300
20,772,241739265679300,2433800,1951069200,1958703300
20,788,241739301637200,2238700,1987027100,1994661200
20,804,241739357677500,2266600,2043067400,2050701500
20,820,241739393440000,2235800,2078829900,2086464000
20,836,241739429188100,2179100,2114578000,2122212100
20,852,241739464730600,2215200,2150120500,2157754600
20,868,241739499494000,2126600,2184883900,2192518000
20,884,241739533685200,2091400,2219075100,2226709200
20,900,241739568612100,2258100,2254002000,2261636100
20,916,241739604303100,2195500,2289693000,2297327100
20,932,241739658791800,2185700,2344181700,2351815800
20,948,241739693430800,2153400,2378820700,2386454800
20,964,241739727682100,2137200,2413072000,2420706100
20,980,241739762640900,2128700,2448030800,2455664900
20,996,241739796869900,2179900,2482259800,2489893900
20,1012,241739833788200,2319100,2519178100,2526812200
20,1028,241739869145000,2194700,2554534900,2562169000
20,1044,241739903975500,2300400,2589365400,2596999500
20,1060,241739939951900,8091000,2625341800,2632975900
20,1076,241739980930500,2113300,2666320400,2673954500
20,1092,241740016230500,2221200,2701620400,2709254500
20,1108,241740051817900,2166400,2737207800,2744841900
20,1124,241740086804000,2217200,2772193900,2779828000
20,1140,241740122866000,2196200,2808255900,2815890000
20,1156,241740158587500,2199400,2843977400,2851611500
20,1172,241740193815700,2142700,2879205600,2886839700
20,1188,241740228404700,2176800,2913794600,2921428700
20,1204,241740268938300,2159500,2954328200,2961962300
20,1220,241740303216200,2162300,2988606100,2996240200
20,1236,241740339717900,2612900,3025107800,3032741900
20,1252,241740387687800,3064600,3073077700,3080711800
20,1268,241740435837600,2770000,3121227500,3128861600
20,1284,241740480113100,3290400,3165503000,3173137100
20,1300,241740527936500,2828700,3213326400,3220960500
20,1316,241740576881200,2978400,3262271100,3269905200
20,1332,241740630385000,3231100,3315774900,3323409000
20,1348,241740680084900,2632800,3365474800,3373108900
20,1364,241740723731900,2784000,3409121800,3416755900
20,1380,241740768853400,2725400,3454243300,3461877400
20,1396,241740813048100,2661700,3498438000,3506072100
20,1412,241740855132300,2609000,3540522200,3548156300
20,1428,241740902325600,3001900,3587715500,3595349600
20,1444,241740951045500,3044700,3636435400,3644069500
20,1460,241740995579900,10295300,3680969800,3688603900
20,1476,241741048126600,2792400,3733516500,3741150600
20,1492,241741094402000,2985300,3779791900,3787426000
20,1508,241741141925700,2943300,3827315600,3834949700
20,1524,241741185985600,2752000,3871375500,3879009600
20,1540,241741230300000,2740200,3915689900,3923324000
20,1556,241741274562900,3158100,3959952800,3967586900
20,1572,241741323633700,2756100,4009023600,4016657700
20,1588,241741371747700,2892600,4057137600,4064771700
20,1604,241741426660400,3046700,4112050300,4119684400
20,1620,241741474477700,2744900,4159867600,4167501700
20,1636,241741520914600,3092900,4206304500,4213938600
20,1652,241741567086800,2706400,4252476700,4260110800
20,1668,241741614807900,2917100,4300197800,4307831900
20,1684,241741661842700,2990600,4347232600,4354866700
20,1700,241741712796200,2740500,4398186100,4405820200
20,1716,241741756696100,2894400,4442086000,4449720100
20,1732,241741808881900,2967100,4494271800,4501905900
20,1748,241741858052800,2796700,4543442700,4551076800
20,1764,241741903345700,2740700,4588735600,4596369700
20,1780,241741945944200,2659600,4631334100,4638968200
20,1796,241741991925900,2998300,4677315800,4684949900
20,1812,241742038534400,2973600,4723924300,4731558400
20,1828,241742081489600,2589900,4766879500,4774513600
20,1844,241742125766100,2734400,4811156000,4818790100
20,1860,241742173181700,3088100,4858571600,4866205700
20,1876,241742224138000,2778500,4909527900,4917162000
20,1892,241742269515400,2777600,4954905300,4962539400
20,1908,241742313525700,2846600,4998915600,5006549700
20,1924,241742357832800,2624600,5043222700,5050856800
20,1940,241742403662300,2711900,5089052200,5096686300
20,1956,241742446489400,2765200,5131879300,5139513400
20,1972,241742490681500,2735500,5176071400,5183705500
20,1988,241742541180200,2907600,5226570100,5234204200
20,2004,241742594931900,3018300,5280321800,5287955900
20,2020,241742640609200,2570100,5325999100,5333633200
20,2036,241742684981900,2691900,5370371800,5378005900
21,5,241737469892000,2787400,155281900,162916000
21,21,241737508360200,2203000,193750100,201384200
21,37,241737544482200,2138000,229872100,237506200
21,53,241737579372000,2164200,264761900,272396000
21,69,241737614287000,2145300,299676900,307311000
21,85,241737649838200,2228700,335228100,342862200
21,101,241737684952000,2291900,370341900,377976000
21,117,241737721838700,2281000,407228600,414862700
21,133,241737777763900,2218000,463153800,470787900
21,149,241737814557600,2232200,499947500,507581600
21,165,241737849962000,2137200,535351900,542986000
21,181,241737884749800,2171800,570139700,577773800
21,197,241737921236000,2473100,606625900,614260000
21,213,241737957970800,2224000,643360700,650994800
21,229,241737992943600,2270100,678333500,685967600
21,245,241738029274000,2257100,714663900,722298000
21,261,241738083690300,2278300,769080200,776714300
21,277,241738119843500,2195100,805233400,812867500
21,293,241738154754500,2138300,840144400,847778500
21,309,241738189622200,2128100,875012100,882646200
21,325,241738223612500,2126300,909002400,916636500
21,341,241738258307700,2208100,943697600,951331700
21,357,241738294087700,2162700,979477600,987111700
21,373,241738330199200,2373500,1015589100,1023223200
21,389,241738366359700,2154300,1051749600,1059383700
21,405,241738419593900,2211400,1104983800,1112617900
21,421,241738454585300,2154900,1139975200,1147609300
21,437,241738489300100,2226600,1174690000,1182324100
21,453,241738525032100,2285500,1210422000,1218056100
21,469,241738561019500,2208100,1246409400,1254043500
21,485,241738596600700,2232800,1281990600,1289624700
21,501,241738632361000,2243000,1317750900,1325385000
21,517,241738668241000,2116400,1353630900,1361265000
21,533,241738722060900,2143600,1407450800,1415084900
21,549,241738756886800,2116900,1442276700,1449910800
21,565,241738790842400,2270000,1476232300,1483866400
21,581,241738826224700,2263700,1511614600,1519248700
21,597,241738860820000,2112200,1546209900,1553844000
21,613,241738895236500,2106500,1580626400,1588260500
21,629,241738930412500,2189500,1615802400,1623436500
21,645,241738966324400,2174800,1651714300,1659348400
21,661,241739021625300,2318500,1707015200,1714649300
21,677,241739056954200,2100500,1742344100,1749978200
21,693,241739091328100,2141100,1776718000,1784352100
21,709,241739126543600,2375900,1811933500,1819567600
21,725,241739162835100,2164100,1848225000,1855859100
21,741,241739197937600,2248600,1883327500,1890961600
21,757,241739233842600,2193900,1919232500,1926866600
21,773,241739269730000,2240100,1955119900,1962754000
21,789,241739305600700,2137200,1990990600,1998624700
21,805,241739361594800,2266200,2046984700,2054618800
21,821,241739397399400,2148500,2082789300,2090423400
21,837,241739433177000,2210000,2118566900,2126201000
21,853,241739468927700,2218500,2154317600,2161951700
21,869,241739503542500,2132000,2188932400,2196566500
21,885,241739537661400,2116800,2223051300,2230685400
21,901,241739572819500,2205500,2258209400,2265843500
21,917,241739608484300,2075600,2293874200,2301508300
21,933,241739662884800,2125200,2348274700,2355908800
21,949,241739697399400,2166600,2382789300,2390423400
21,965,241739731702000,2130900,2417091900,2424726000
21,981,241739766714800,2201700,2452104700,2459738800
21,997,241739800951500,2164000,2486341400,2493975500
21,1013,241739838116100,2119600,2523506000,2531140100
21,1029,241739873357300,2116900,2558747200,2566381300
21,1045,241739908500000,2325900,2593889900,2601524000
21,1061,241739950348600,2199200,2635738500,2643372600
21,1077,241739985204500,2043700,2670594400,2678228500
21,1093,241740020507400,2249300,2705897300,2713531400
21,1109,241740056027000,2197200,2741416900,2749051000
21,1125,241740090976700,2185500,2776366600,2784000700
21,1141,241740127093500,2217000,2812483400,2820117500
21,1157,241740162745700,2190200,2848135600,2855769700
21,1173,241740197737300,2123600,2883127200,2890761300
21,1189,241740232425100,2177500,2917815000,2925449100
21,1205,241740273132400,2128000,2958522300,2966156400
21,1221,241740307449000,2117400,2992838900,3000473000
21,1237,241740344881400,2630400,3030271300,3037905400
21,1253,241740393308400,2870500,3078698300,3086332400
21,1269,241740441239400,2837000,3126629300,3134263400
21,1285,241740486741600,3047300,3172131500,3179765600
21,1301,241740533818800,2876700,3219208700,3226842800
21,1317,241740583032000,2904400,3268421900,3276056000
21,1333,241740636992800,3028800,3322382700,3330016800
21,1349,241740685625300,2725700,3371015200,3378649300
21,1365,241740729471500,2684900,3414861400,3422495500
21,1381,241740774627200,2761800,3460017100,3467651200
21,1397,241740818649000,2618400,3504038900,3511673000
21,1413,241740860588500,2623900,3545978400,3553612500
21,1429,241740908621600,3024900,3594011500,3601645600
21,1445,241740957389000,2824100,3642778900,3650413000
21,1461,241741008933200,3348000,3694323100,3701957200
21,1477,241741053503800,2963500,3738893700,3746527800
21,1493,241741099950200,2976800,3785340100,3792974200
21,1509,241741147369900,2934600,3832759800,3840393900
21,1525,241741191160900,2709500,3876550800,3884184900
21,1541,241741235459700,2727200,3920849600,3928483700
21,1557,241741282243800,2804400,3967633700,3975267800
21,1573,241741329170400,2994200,4014560300,4022194400
21,1589,241741377280500,3083900,4062670400,4070304500
21,1605,241741432299500,3099500,4117689400,4125323500
21,1621,241741479631700,2831300,4165021600,4172655700
21,1637,241741526622000,2998500,4212011900,4219646000
21,1653,241741571996000,2673800,4257385900,4265020000
21,1669,241741620185000,2908000,4305574900,4313209000
21,1685,241741667247100,3000300,4352637000,4360271100
21,1701,241741717772900,2741700,4403162800,4410796900
21,1717,241741762047300,3069200,4447437200,4455071300
21,1733,241741814296800,3305400,4499686700,4507320800
21,1749,241741862955500,2704400,4548345400,4555979500
21,1765,241741908289200,2710500,4593679100,4601313200
21,1781,241741950685500,2652500,4636075400,4643709500
21,1797,241741997185900,2954800,4682575800,4690209900
21,1813,241742043692700,2622000,4729082600,4736716700
21,1829,241742086105700,2575700,4771495600,4779129700
21,1845,241742130691700,2977700,4816081600,4823715700
21,1861,241742184117400,2765100,4869507300,4877141400
21,1877,241742228882500,2812800,4914272400,4921906500
21,1893,241742274315800,3085900,4959705700,4967339800
21,1909,241742318527600,2763600,5003917500,5011551600
21,1925,241742362588100,2885700,5047978000,5055612100
21,1941,241742408247400,2676300,5093637300,5101271400
21,1957,241742451122600,2782300,5136512500,5144146600
21,1973,241742495312900,2767100,5180702800,5188336900
21,1989,241742546035500,2807400,5231425400,5239059500
21,2005,241742600025100,3198400,5285415000,5293049100
21,2021,241742644934100,2713100,5330324000,5337958100
21,2037,241742689559400,2599700,5374949300,5382583400
22,6,241737473000800,2583500,158390700,166024800
22,22,241737510799800,2490100,196189700,203823800
22,38,241737546799300,2187800,232189200,239823300
22,54,241737581823800,2140000,267213700,274847800
22,70,241737616701100,2150600,302091000,309725100
22,86,241737652333800,2173100,337723700,345357800
22,102,241737687565000,2440000,372954900,380589000
22,118,241737724225300,2300200,409615200,417249300
22,134,241737780080600,2287200,465470500,473104600
22,150,241737816914600,2214400,502304500,509938600
22,166,241737852224200,2151500,537614100,545248200
22,182,241737887039400,2169500,572429300,580063400
22,198,241737923956900,2237600,609346800,616980900
22,214,241737960490400,2180000,645880300,653514400
22,230,241737995484200,2413600,680874100,688508200
22,246,241738031826100,2346500,717216000,724850100
22,262,241738086246200,2281900,771636100,779270200
22,278,241738122312500,2203400,807702400,815336500
22,294,241738157204400,2122800,842594300,850228400
22,310,241738192067200,2130300,877457100,885091200
22,326,241738226024500,2071000,911414400,919048500
22,342,241738261055000,2236400,946444900,954079000
22,358,241738296800400,2229100,982190300,989824400
22,374,241738333144400,2218200,1018534300,1026168400
22,390,241738368939600,2128100,1054329500,1061963600
22,406,241738422201700,2183600,1107591600,1115225700
22,422,241738457473800,2364500,1142863700,1150497800
22,438,241738492067600,2349100,1177457500,1185091600
22,454,241738527597300,2280900,1212987200,1220621300
22,470,241738563517000,2213500,1248906900,1256541000
22,486,241738599110200,2453600,1284500100,1292134200
22,502,241738634934800,2243500,1320324700,1327958800
22,518,241738670861500,2135300,1356251400,1363885500
22,534,241738724708300,2304100,1410098200,1417732300
22,550,241738759643000,2065500,1445032900,1452667000
22,566,241738793765600,2128800,1479155500,1486789600
22,582,241738829145100,2184000,1514535000,1522169100
22,598,241738863594800,2143300,1548984700,1556618800
22,614,241738898005500,2275800,1583395400,1591029500
22,630,241738933257500,2193100,1618647400,1626281500
22,646,241738969059200,2193500,1654449100,1662083200
22,662,241739024719400,2532500,1710109300,1717743400
22,678,241739059649300,2110200,1745039200,1752673300
22,694,241739094037900,2129200,1779427800,1787061900
22,710,241739129358000,2298100,1814747900,1822382000
22,726,241739165319800,2294600,1850709700,1858343800
22,742,241739200752000,2225800,1886141900,1893776000
22,758,241739236493300,2191300,1921883200,1929517300
22,774,241739272223300,2273400,1957613200,1965247300
22,790,241739307978700,2381600,1993368600,2001002700
22,806,241739364225400,2235400,2049615300,2057249400
22,822,241739399748500,2290600,2085138400,2092772500
22,838,241739435556800,2359300,2120946700,2128580800
22,854,241739471344200,2271700,2156734100,2164368200
22,870,241739505887000,2106600,2191276900,2198911000
22,886,241739539991600,2122100,2225381500,2233015600
22,902,241739575249800,2193300,2260639700,2268273800
22,918,241739610780800,2110600,2296170700,2303804800
22,934,241739665278100,2147900,2350668000,2358302100
22,950,241739699890600,2113500,2385280500,2392914600
22,966,241739734155700,2162300,2419545600,2427179700
22,982,241739769289200,2107000,2454679100,2462313200
22,998,241739803497200,2113800,2488887100,2496521200
22,1014,241739840434900,2249700,2525824800,2533458900
22,1030,241739875669000,2135000,2561058900,2568693000
22,1046,241739911068700,2227600,2596458600,2604092700
22,1062,241739952841600,2352200,2638231500,2645865600
22,1078,241739987607900,2106200,2672997800,2680631900
22,1094,241740023174500,2201700,2708564400,2716198500
22,1110,241740058577800,2158600,2743967700,2751601800
22,1126,241740093495700,2338000,2778885600,2786519700
22,1142,241740129654600,2198400,2815044500,2822678600
22,1158,241740165387500,2213200,2850777400,2858411500
22,1174,241740200393900,2131400,2885783800,2893417900
22,1190,241740235705300,2423000,2921095200,2928729300
22,1206,241740276085500,2130900,2961475400,2969109500
22,1222,241740310336400,2175900,2995726300,3003360400
22,1238,241740348500400,3407600,3033890300,3041524400
22,1254,241740397311000,2956900,3082700900,3090335000
22,1270,241740445135800,2967300,3130525700,3138159800
22,1286,241740490670500,2980900,3176060400,3183694500
22,1302,241740537513700,2825500,3222903600,3230537700
22,1318,241740586812400,2917700,3272202300,3279836400
22,1334,241740640936400,3191500,3326326300,3333960400
22,1350,241740689213800,2843800,3374603700,3382237800
22,1366,241740733080700,2752300,3418470600,3426104700
22,1382,241740778430400,2799300,3463820300,3471454400
22,1398,241740822269300,2625500,3507659200,3515293300
22,1414,241740864220500,2950900,3549610400,3557244500
22,1430,241740912849700,3051700,3598239600,3605873700
22,1446,241740961288900,2754200,3646678800,3654312900
22,1462,241741016646800,2704300,3702036700,3709670800
22,1478,241741060813200,2938100,3746203100,3753837200
22,1494,241741107283300,2986800,3792673200,3800307300
22,1510,241741154494900,2738900,3839884800,3847518900
22,1526,241741197970200,2711800,3883360100,3890994200
22,1542,241741242140200,2784200,3927530100,3935164200
22,1558,241741289151200,2977200,3974541100,3982175200
22,1574,241741336619200,3082000,4022009100,4029643200
22,1590,241741384997200,3089300,4070387100,4078021200
22,1606,241741439983200,3053100,4125373100,4133007200
22,1622,241741486518200,2903300,4171908100,4179542200
22,1638,241741533716200,2759200,4219106100,4226740200
22,1654,241741578895300,3106600,4264285200,4271919300
22,1670,241741627387800,2920100,4312777700,4320411800
22,1686,241741674600300,2942500,4359990200,4367624300
22,1702,241741724515500,2747900,4409905400,4417539500
22,1718,241741769727300,2998200,4455117200,4462751300
22,1734,241741822359300,2714600,4507749200,4515383300
22,1750,241741869626700,2708100,4555016600,4562650700
22,1766,241741914791200,2597100,4600181100,4607815200
22,1782,241741957177400,2676600,4642567300,4650201400
22,1798,241742004399500,2951300,4689789400,4697423500
22,1814,241742050513000,2706000,4735902900,4743537000
22,1830,241742092771500,2650300,4778161400,4785795500
22,1846,241742137880600,2961400,4823270500,4830904600
22,1862,241742190791600,2960100,4876181500,4883815600
22,1878,241742235694600,2760000,4921084500,4928718600
22,1894,241742281229100,2703500,4966619000,4974253100
22,1910,241742325134100,2729400,5010524000,5018158100
22,1926,241742369680300,3076300,5055070200,5062704300
22,1942,241742414752300,2722600,5100142200,5107776300
22,1958,241742457984200,2764500,5143374100,5151008200
22,1974,241742505532200,2875800,5190922100,5198556200
22,1990,241742553068900,3144200,5238458800,5246092900
22,2006,241742609548700,2719800,5294938600,5302572700
22,2022,241742651478500,2790500,5336868400,5344502500
22,2038,241742695963700,2609400,5381353600,5388987700
23,7,241737475343000,2593500,160732900,168367000
23,23,241737513049600,2456300,198439500,206073600
23,39,241737548838000,2140100,234227900,241862000
23,55,241737583591000,2294000,268980900,276615000
23,71,241737618503000,2159000,303892900,311527000
23,87,241737654229500,2188300,339619400,347253500
23,103,241737689726300,2281700,375116200,382750300
23,119,241737726282800,2267600,411672700,419306800
23,135,241737782118000,2388600,467507900,475142000
23,151,241737818885300,2256100,504275200,511909300
23,167,241737854144000,2243100,539533900,547168000
23,183,241737888967400,2629900,574357300,581991400
23,199,241737925953000,2259900,611342900,618977000
23,215,241737962445800,2163300,647835700,655469800
23,231,241737997432400,2211200,682822300,690456400
23,247,241738033932200,2205700,719322100,726956200
23,263,241738088309600,2463500,773699500,781333600
23,279,241738124459800,2209300,809849700,817483800
23,295,241738159299900,2128500,844689800,852323900
23,311,241738194169100,2115000,879559000,887193100
23,327,241738228044200,2101200,913434100,921068200
23,343,241738262929300,2195300,948319200,955953300
23,359,241738298622400,2247400,984012300,991646400
23,375,241738334950800,2186000,1020340700,1027974800
23,391,241738370631700,2100500,1056021600,1063655700
23,407,241738423937000,2096900,1109326900,1116961000
23,423,241738459019600,2264100,1144409500,1152043600
23,439,241738493765700,2245000,1179155600,1186789700
23,455,241738529448800,2205000,1214838700,1222472800
23,471,241738565308000,2221600,1250697900,1258332000
23,487,241738601028200,2187100,1286418100,1294052200
23,503,241738636526800,2183800,1321916700,1329550800
23,519,241738672271700,2113200,1357661600,1365295700
23,535,241738726223700,2153700,1411613600,1419247700
23,551,241738760887900,2054900,1446277800,1453911900
23,567,241738795038400,2135300,1480428300,1488062400
23,583,241738830452100,2173600,1515842000,1523476100
23,599,241738864829700,2242400,1550219600,1557853700
23,615,241738899477600,2129400,1584867500,1592501600
23,631,241738934614700,2195400,1620004600,1627638700
23,647,241738971082200,2194700,1656472100,1664106200
23,663,241739027113500,2214400,1712503400,1720137500
23,679,241739061651600,2107300,1747041500,1754675600
23,695,241739096047100,2119700,1781437000,1789071100
23,711,241739131627600,2337400,1817017500,1824651600
23,727,241739167648400,2170300,1853038300,1860672400
23,743,241739203046300,2238900,1888436200,1896070300
23,759,241739238980900,2132900,1924370800,1932004900
23,775,241739275079000,2399500,1960468900,1968103000
23,791,241739310883100,2155300,1996273000,2003907100
23,807,241739367070800,2170000,2052460700,2060094800
23,823,241739402459900,2206700,2087849800,2095483900
23,839,241739438219400,2183900,2123609300,2131243400
23,855,241739473907200,2215300,2159297100,2166931200
23,871,241739508253400,2122800,2193643300,2201277400
23,887,241739542385000,2119800,2227774900,2235409000
23,903,241739577771600,2177200,2263161500,2270795600
23,919,241739613201800,2115700,2298591700,2306225800
23,935,241739667714100,2112500,2353104000,2360738100
23,951,241739702298200,2216400,2387688100,2395322200
23,967,241739736601500,2122100,2421991400,2429625500
23,983,241739771538400,2172300,2456928300,2464562400
23,999,241739805763700,2124000,2491153600,2498787700
23,1015,241739842986400,2353000,2528376300,2536010400
23,1031,241739878074400,2172700,2563464300,2571098400
23,1047,241739913635700,2213500,2599025600,2606659700
23,1063,241739955433500,2240900,2640823400,2648457500
23,1079,241739990000400,2126100,2675390300,2683024400
23,1095,241740025611100,2204800,2711001000,2718635100
23,1111,241740060968000,2170000,2746357900,2753992000
23,1127,241740096202700,2282400,2781592600,2789226700
23,1143,241740132159800,2189500,2817549700,2825183800
23,1159,241740167935100,2206200,2853325000,2860959100
23,1175,241740202787700,2276800,2888177600,2895811700
23,1191,241740238067000,2213500,2923456900,2931091000
23,1207,241740278158900,2178000,2963548800,2971182900
23,1223,241740312484000,2157700,2997873900,3005508000
23,1239,241740351860300,3207500,3037250200,3044884300
23,1255,241740400230500,2807700,3085620400,3093254500
23,1271,241740447980300,2981500,3133370200,3141004300
23,1287,241740493532100,3026900,3178922000,3186556100
23,1303,241740540224200,2807700,3225614100,3233248200
23,1319,241740589527600,2959400,3274917500,3282551600
23,1335,241740643898700,2948800,3329288600,3336922700
23,1351,241740691902800,2711400,3377292700,3384926800
23,1367,241740735679400,2739200,3421069300,3428703400
23,1383,241740781037400,2720400,3466427300,3474061400
23,1399,241740824716200,2684300,3510106100,3517740200
23,1415,241740866962100,3080200,3552352000,3559986100
23,1431,241740915689900,3000300,3601079800,3608713900
23,1447,241740963858300,2784300,3649248200,3656882300
23,1463,241741018644700,2671600,3704034600,3711668700
23,1479,241741062934200,2929500,3748324100,3755958200
23,1495,241741109441700,2958200,3794831600,3802465700
23,1511,241741156524300,2664400,3841914200,3849548300
23,1527,241741199981300,2762200,3885371200,3893005300
23,1543,241741244201700,2747500,3929591600,3937225700
23,1559,241741291200500,3038100,3976590400,3984224500
23,1575,241741338910900,3073200,4024300800,4031934900
23,1591,241741387351500,3131100,4072741400,4080375500
23,1607,241741442309700,3069100,4127699600,4135333700
23,1623,241741488823800,2750200,4174213700,4181847800
23,1639,241741535905900,2774700,4221295800,4228929900
23,1655,241741581090200,4286700,4266480100,4274114200
23,1671,241741629549300,2949100,4314939200,4322573300
23,1687,241741676792900,2976200,4362182800,4369816900
23,1703,241741726581700,2751500,4411971600,4419605700
23,1719,241741771958800,3059600,4457348700,4464982800
23,1735,241741824387000,2671500,4509776900,4517411000
23,1751,241741872047900,2800400,4557437800,4565071900
23,1767,241741917102600,2644100,4602492500,4610126600
23,1783,241741959561400,2585600,4644951300,4652585400
23,1799,241742007013200,2680700,4692403100,4700037200
23,1815,241742053006800,2688400,4738396700,4746030800
23,1831,241742095155100,2835000,4780545000,4788179100
23,1847,241742140590400,2978500,4825980300,4833614400
23,1863,241742193630400,2821800,4879020300,4886654400
23,1879,241742238341900,2976400,4923731800,4931365900
23,1895,241742283816900,2751400,4969206800,4976840900
23,1911,241742327750400,2851800,5013140300,5020774400
23,1927,241742372639600,2894500,5058029500,5065663600
23,1943,241742417326200,2649400,5102716100,5110350200
23,1959,241742460595800,2703500,5145985700,5153619800
23,1975,241742508246200,2849500,5193636100,5201270200
23,1991,241742556044800,3029400,5241434700,5249068800
23,2007,241742612111900,2740100,5297501800,5305135900
23,2023,241742654043300,2876100,5339433200,5347067300
23,2039,241742698314800,2621600,5383704700,5391338800
24,8,241737478077400,2505400,163467300,171101400
24,24,241737515596600,2273800,200986500,208620600
24,40,241737551069400,2197100,236459300,244093400
24,56,241737586105400,2201700,271495300,279129400
24,72,241737620810100,2128300,306200000,313834100
24,88,241737656218100,2176300,341608000,349242100
24,104,241737691738800,2262100,377128700,384762800
24,120,241737728277900,2238800,413667800,421301900
24,136,241737784259900,2305600,469649800,477283900
24,152,241737820870400,2176600,506260300,513894400
24,168,241737856095900,2147800,541485800,549119900
24,184,241737891083200,2340400,576473100,584107200
24,200,241737927643300,2413500,613033200,620667300
24,216,241737964045600,2174700,649435500,657069600
24,232,241737999068600,2366600,684458500,692092600
24,248,241738035671600,2231400,721061500,728695600
24,264,241738090133800,2313400,775523700,783157800
24,280,241738126155400,2174800,811545300,819179400
24,296,241738160849700,2125500,846239600,853873700
24,312,241738195858900,2123200,881248800,888882900
24,328,241738229725000,2117500,915114900,922749000
24,344,241738264752500,2161500,950142400,957776500
24,360,241738300501700,2590800,985891600,993525700
24,376,241738336908800,2189700,1022298700,1029932800
24,392,241738372573800,20179900,1057963700,1065597800
24,408,241738425893000,2239300,1111282900,1118917000
24,424,241738461167800,2100400,1146557700,1154191800
24,440,241738495892000,2200900,1181281900,1188916000
24,456,241738531356500,2235400,1216746400,1224380500
24,472,241738567222500,2184500,1252612400,1260246500
24,488,241738603039000,2235200,1288428900,1296063000
24,504,241738638624800,2185600,1324014700,1331648800
24,520,241738674329300,2094100,1359719200,1367353300
24,536,241738728350100,2159100,1413740000,1421374100
24,552,241738762890700,2065600,1448280600,1455914700
24,568,241738797114200,2134300,1482504100,1490138200
24,584,241738832536600,2110100,1517926500,1525560600
24,600,241738867011400,2307500,1552401300,1560035400
24,616,241738901425100,2107100,1586815000,1594449100
24,632,241738936587600,2391100,1621977500,1629611600
24,648,241738972558400,2200100,1657948300,1665582400
24,664,241739028376600,2179500,1713766500,1721400600
24,680,241739062813100,2152500,1748203000,1755837100
24,696,241739097317500,2110400,1782707400,1790341500
24,712,241739132931600,2282100,1818321500,1825955600
24,728,241739168823900,2156700,1854213800,1861847900
24,744,241739204116300,2231000,1889506200,1897140300
24,760,241739239757800,2253700,1925147700,1932781800
24,776,241739275717200,2409100,1961107100,1968741200
24,792,241739311617800,21641900,1997007700,2004641800
24,808,241739367467100,2207000,2052857000,2060491100
24,824,241739403034400,2227700,2088424300,2096058400
24,840,241739438678800,2205300,2124068700,2131702800
24,856,241739474423500,2207900,2159813400,2167447500
24,872,241739508682200,2117400,2194072100,2201706200
24,888,241739542825200,2102600,2228215100,2235849200
24,904,241739578220300,2182800,2263610200,2271244300
24,920,241739613656600,2134900,2299046500,2306680600
24,936,241739668211900,2105400,2353601800,2361235900
24,952,241739702735300,2225500,2388125200,2395759300
24,968,241739737033900,2139800,2422423800,2430057900
24,984,241739772155400,2167000,2457545300,2465179400
24,1000,241739806285200,2105300,2491675100,2499309200
24,1016,241739844158100,2281800,2529548000,2537182100
24,1032,241739879130000,2185800,2564519900,2572154000
24,1048,241739914661500,2205200,2600051400,2607685500
24,1064,241739956426700,2237400,2641816600,2649450700
24,1080,241739990980200,2134600,2676370100,2684004200
24,1096,241740026612100,2158200,2712002000,2719636100
24,1112,241740061926100,2136000,2747316000,2754950100
24,1128,241740097200600,2239800,2782590500,2790224600
24,1144,241740133168400,2209200,2818558300,2826192400
24,1160,241740168834600,2208900,2854224500,2861858600
24,1176,241740203676700,2313900,2889066600,2896700700
24,1192,241740238635400,2224000,2924025300,2931659400
24,1208,241740278737300,2160000,2964127200,2971761300
24,1224,241740313021100,2246900,2998411000,3006045100
24,1240,241740352799000,3034800,3038188900,3045823000
24,1256,241740400976100,2799300,3086366000,3094000100
24,1272,241740448899200,2964600,3134289100,3141923200
24,1288,241740494404200,3088700,3179794100,3187428200
24,1304,241740541089600,2789800,3226479500,3234113600
24,1320,241740590512600,3016400,3275902500,3283536600
24,1336,241740644976900,2742000,3330366800,3338000900
24,1352,241740692727400,2697800,3378117300,3385751400
24,1368,241740736519300,2760800,3421909200,3429543300
24,1384,241740781635100,2719600,3467025000,3474659100
24,1400,241740825263400,2684900,3510653300,3518287400
24,1416,241740867602700,3083200,3552992600,3560626700
24,1432,241740916329000,2993100,3601718900,3609353000
24,1448,241740964444500,2771000,3649834400,3657468500
24,1464,241741017367800,2649100,3702757700,3710391800
24,1480,241741061570300,2932700,3746960200,3754594300
24,1496,241741108032100,2984100,3793422000,3801056100
24,1512,241741155151700,2742400,3840541600,3848175700
24,1528,241741198633100,2772000,3884023000,3891657100
24,1544,241741242852300,2776900,3928242200,3935876300
24,1560,241741289789500,2985000,3975179400,3982813500
24,1576,241741337293200,3105100,4022683100,4030317200
24,1592,241741385649100,3115000,4071039000,4078673100
24,1608,241741440642600,3054700,4126032500,4133666600
24,1624,241741487122000,2971200,4172511900,4180146000
24,1640,241741534375700,2781300,4219765600,4227399700
24,1656,241741579471100,4169400,4264861000,4272495100
24,1672,241741627971700,2912300,4313361600,4320995700
24,1688,241741675185400,2945100,4360575300,4368209400
24,1704,241741725065900,2733200,4410455800,4418089900
24,1720,241741770302000,3012500,4455691900,4463326000
24,1736,241741822879300,2700200,4508269200,4515903300
24,1752,241741870316000,2717700,4555705900,4563340000
24,1768,241741915441600,2620700,4600831500,4608465600
24,1784,241741957832300,2675900,4643222200,4650856300
24,1800,241742005150200,2841100,4690540100,4698174200
24,1816,241742051261000,2667600,4736650900,4744285000
24,1832,241742093511300,2687300,4778901200,4786535300
24,1848,241742138725000,2952900,4824114900,4831749000
24,1864,241742191570600,2969700,4876960500,4884594600
24,1880,241742236470400,2757500,4921860300,4929494400
24,1896,241742281987500,2703500,4967377400,4975011500
24,1912,241742325872900,2864500,5011262800,5018896900
24,1928,241742370602000,3025700,5055991900,5063626000
24,1944,241742415437300,2742400,5100827200,5108461300
24,1960,241742458709400,2733300,5144099300,5151733400
24,1976,241742506291300,2877900,5191681200,5199315300
24,1992,241742553940700,3045300,5239330600,5246964700
24,2008,241742610226700,2721000,5295616600,5303250700
24,2024,241742652099900,2902300,5337489800,5345123900
24,2040,241742696578300,2596400,5381968200,5389602300
25,9,241737480660000,3367000,166049900,173684000
25,25,241737518056200,2223700,203446100,211080200
25,41,241737553452800,2118000,238842700,246476800
25,57,241737588602000,2178500,273991900,281626000
25,73,241737623270600,2150000,308660500,316294600
25,89,241737659135100,2202300,344525000,352159100
25,105,241737694764200,2349700,380154100,387788200
25,121,241737731303700,2208700,416693600,424327700
25,137,241737787259600,2297400,472649500,480283600
25,153,241737823716500,2136000,509106400,516740500
25,169,241737858917300,2173000,544307200,551941300
25,185,241737894149800,2398400,579539700,587173800
25,201,241737931011800,2312900,616401700,624035800
25,217,241737967100400,2145300,652490300,660124400
25,233,241738002340100,2222300,687730000,695364100
25,249,241738038820600,2206800,724210500,731844600
25,265,241738093649500,2271500,779039400,786673500
25,281,241738129230700,2110900,814620600,822254700
25,297,241738163900300,2132600,849290200,856924300
25,313,241738198792100,2147700,884182000,891816100
25,329,241738232648800,2103500,918038700,925672800
25,345,241738268275500,2205000,953665400,961299500
25,361,241738303961700,2277000,989351600,996985700
25,377,241738339926500,2199000,1025316400,1032950500
25,393,241738393745800,2223400,1079135700,1086769800
25,409,241738429050200,2167400,1114440100,1122074200
25,425,241738464324300,2135300,1149714200,1157348300
25,441,241738499176000,2243900,1184565900,1192200000
25,457,241738535034100,2234400,1220424000,1228058100
25,473,241738570810300,2136100,1256200200,1263834300
25,489,241738606707900,2150600,1292097800,1299731900
25,505,241738642224500,2173000,1327614400,1335248500
25,521,241738677681300,2177000,1363071200,1370705300
25,537,241738731780700,2119000,1417170600,1424804700
25,553,241738766292400,2166400,1451682300,1459316400
25,569,241738800605700,2180400,1485995600,1493629700
25,585,241738835974900,2164900,1521364800,1528998900
25,601,241738870581200,2147400,1555971100,1563605200
25,617,241738904867900,2135900,1590257800,1597891900
25,633,241738940006700,2242500,1625396600,1633030700
25,649,241738975811700,2158700,1661201600,1668835700
25,665,241739031920500,2185200,1717310400,1724944500
25,681,241739066276600,2166500,1751666500,1759300600
25,697,241739100695100,2131600,1786085000,1793719100
25,713,241739136648200,2252000,1822038100,1829672200
25,729,241739172390100,2144100,1857780000,1865414100
25,745,241739207792200,2227700,1893182100,1900816200
25,761,241739243509600,2304100,1928899500,1936533600
25,777,241739279766100,2227000,1965156000,1972790100
25,793,241739335097400,2373200,2020487300,2028121400
25,809,241739371167100,2284900,2056557000,2064191100
25,825,241739407155900,2258900,2092545800,2100179900
25,841,241739442815700,2278300,2128205600,2135839700
25,857,241739478586600,2191400,2163976500,2171610600
25,873,241739512791800,2123600,2198181700,2205815800
25,889,241739546965000,2124100,2232354900,2239989000
25,905,241739582596200,2218800,2267986100,2275620200
25,921,241739617799800,2115300,2303189700,2310823800
25,937,241739672352200,2265700,2357742100,2365376200
25,953,241739707023000,2099200,2392412900,2400047000
25,969,241739741335700,2156800,2426725600,2434359700
25,985,241739776410800,2082800,2461800700,2469434800
25,1001,241739810591400,2757000,2495981300,2503615400
25,1017,241739848364400,2171600,2533754300,2541388400
25,1033,241739883228300,2083200,2568618200,2576252300
25,1049,241739918853300,2186300,2604243200,2611877300
25,1065,241739960563800,2145700,2645953700,2653587800
25,1081,241739994934000,2207700,2680323900,2687958000
25,1097,241740030794100,2340800,2716184000,2723818100
25,1113,241740065989900,2179300,2751379800,2759013900
25,1129,241740101759400,2303100,2787149300,2794783400
25,1145,241740137679000,2217300,2823068900,2830703000
25,1161,241740173499700,2259700,2858889600,2866523700
25,1177,241740208368800,2150200,2893758700,2901392800
25,1193,241740249010400,2181100,2934400300,2942034400
25,1209,241740283379200,2114700,2968769100,2976403200
25,1225,241740317756400,2137300,3003146300,3010780400
25,1241,241740359441400,3026500,3044831300,3052465400
25,1257,241740407212900,3149300,3092602800,3100236900
25,1273,241740454860000,2784100,3140249900,3147884000
25,1289,241740500873000,2904900,3186262900,3193897000
25,1305,241740547091700,2645400,3232481600,3240115700
25,1321,241740596916000,2944900,3282305900,3289940000
25,1337,241740650994500,2732500,3336384400,3344018500
25,1353,241740698575800,2737500,3383965700,3391599800
25,1369,241740742415100,2683800,3427805000,3435439100
25,1385,241740787951100,2685100,3473341000,3480975100
25,1401,241740831267200,2649700,3516657100,3524291200
25,1417,241740874489100,3105000,3559879000,3567513100
25,1433,241740923149300,3035500,3608539200,3616173300
25,1449,241740970837000,2782600,3656226900,3663861000
25,1465,241741022888700,2632800,3708278600,3715912700
25,1481,241741067578600,2957700,3752968500,3760602600
25,1497,241741114086800,2965300,3799476700,3807110800
25,1513,241741160709500,2706400,3846099400,3853733500
25,1529,241741204285300,2726400,3889675200,3897309300
25,1545,241741248454000,2803400,3933843900,3941478000
25,1561,241741295897000,3080200,3981286900,3988921000
25,1577,241741343464500,3021900,4028854400,4036488500
25,1593,241741392043600,8687800,4077433500,4085067600
25,1609,241741446893400,3132600,4132283300,4139917400
25,1625,241741492914500,2778600,4178304400,4185938500
25,1641,241741540023800,2769800,4225413700,4233047800
25,1657,241741586941300,2958000,4272331200,4279965300
25,1673,241741634050700,2883000,4319440600,4327074700
25,1689,241741681289100,5857200,4366679000,4374313100
25,1705,241741730807200,2803600,4416197100,4423831200
25,1721,241741776505000,3074300,4461894900,4469529000
25,1737,241741828752300,5349400,4514142200,4521776300
25,1753,241741876039100,2774000,4561429000,4569063100
25,1769,241741920927300,2697800,4606317200,4613951300
25,1785,241741963317900,2669000,4648707800,4656341900
25,1801,241742010924200,2916200,4696314100,4703948200
25,1817,241742056705100,2677500,4742095000,4749729100
25,1833,241742099058100,2842500,4784448000,4792082100
25,1849,241742144701000,3000900,4830090900,4837725000
25,1865,241742197362900,2714900,4882752800,4890386900
25,1881,241742242365100,2945100,4927755000,4935389100
25,1897,241742287475900,2739600,4972865800,4980499900
25,1913,241742331577700,2675900,5016967600,5024601700
25,1929,241742376457200,2616900,5061847100,5069481200
25,1945,241742420942200,2619400,5106332100,5113966200
25,1961,241742464244300,2829800,5149634200,5157268300
25,1977,241742512176300,3086300,5197566200,5205200300
25,1993,241742560111800,8700700,5245501700,5253135800
25,2009,241742615705900,2610600,5301095800,5308729900
25,2025,241742657891300,2738700,5343281200,5350915300
25,2041,241742701903700,2625200,5387293600,5394927700
26,10,241737483996600,2382100,169386500,177020600
26,26,241737520126600,2243800,205516500,213150600
26,42,241737555438600,2199000,240828500,248462600
26,58,241737590697500,2167100,276087400,283721500
26,74,241737625305600,2129500,310695500,318329600
26,90,241737661018300,2183500,346408200,354042300
26,106,241737696994900,2296200,382384800,390018900
26,122,241737733394200,2164700,418784100,426418200
26,138,241737789712100,2384000,475102000,482736100
26,154,241737825944400,2196500,511334300,518968400
26,170,241737861187700,2182300,546577600,554211700
26,186,241737896579900,2298100,581969800,589603900
26,202,241737933126400,2317200,618516300,626150400
26,218,241737968993900,2109900,654383800,662017900
26,234,241738004328900,2240000,689718800,697352900
26,250,241738040637200,2244200,726027100,733661200
26,266,241738095083600,2348900,780473500,788107600
26,282,241738130719700,2148400,816109600,823743700
26,298,241738165365900,2120300,850755800,858389900
26,314,241738200305300,2127900,885695200,893329300
26,330,241738234080900,2113900,919470800,927104900
26,346,241738269687400,2192700,955077300,962711400
26,362,241738305559300,2187700,990949200,998583300
26,378,241738341409000,2187300,1026798900,1034433000
26,394,241738395137900,2192500,1080527800,1088161900
26,410,241738430366100,2148400,1115756000,1123390100
26,426,241738465320300,2142700,1150710200,1158344300
26,442,241738500265500,2215300,1185655400,1193289500
26,458,241738535831700,2245400,1221221600,1228855700
26,474,241738571583700,2130400,1256973600,1264607700
26,490,241738607395500,2188100,1292785400,1300419500
26,506,241738642978600,2180900,1328368500,1336002600
26,522,241738678434400,2175100,1363824300,1371458400
26,538,241738732482900,2142900,1417872800,1425506900
26,554,241738767011700,2150700,1452401600,1460035700
26,570,241738801319200,2220900,1486709100,1494343200
26,586,241738836687000,2147100,1522076900,1529711000
26,602,241738871285400,2147300,1556675300,1564309400
26,618,241738905509600,2138700,1590899500,1598533600
26,634,241738941073100,2154000,1626463000,1634097100
26,650,241738976565900,2170000,1661955800,1669589900
26,666,241739032348900,2178200,1717738800,1725372900
26,682,241739066672700,2184100,1752062600,1759696700
26,698,241739101095100,2151400,1786485000,1794119100
26,714,241739136931300,2290700,1822321200,1829955300
26,730,241739172651500,2164400,1858041400,1865675500
26,746,241739207938000,2242900,1893327900,1900962000
26,762,241739243663700,2297600,1929053600,1936687700
26,778,241739279934300,2217100,1965324200,1972958300
26,794,241739335160200,2341000,2020550100,2028184200
26,810,241739371197700,2297600,2056587600,2064221700
26,826,241739407330600,2269300,2092720500,2100354600
26,842,241739443206500,2248800,2128596400,2136230500
26,858,241739478855100,2189900,2164245000,2171879100
26,874,241739513002600,2110100,2198392500,2206026600
26,890,241739547203900,2113800,2232593800,2240227900
26,906,241739582852100,2208200,2268242000,2275876100
26,922,241739618041200,2109200,2303431100,2311065200
26,938,241739672569100,2288600,2357959000,2365593100
26,954,241739707254500,2117300,2392644400,2400278500
26,970,241739741536200,2159800,2426926100,2434560200
26,986,241739776547000,2098500,2461936900,2469571000
26,1002,241739810618900,2620300,2496008800,2503642900
26,1018,241739848137400,2144000,2533527300,2541161400
26,1034,241739882996100,2084300,2568386000,2576020100
26,1050,241739918584200,2182500,2603974100,2611608200
26,1066,241739960215200,2142800,2645605100,2653239200
26,1082,241739994579700,2172200,2679969600,2687603700
26,1098,241740030412300,2325500,2715802200,2723436300
26,1114,241740065700000,2166600,2751089900,2758724000
26,1130,241740101279900,2278700,2786669800,2794303900
26,1146,241740137284600,2212600,2822674500,2830308600
26,1162,241740173065500,2324800,2858455400,2866089500
26,1178,241740207922300,2154000,2893312200,2900946300
26,1194,241740248529400,2183300,2933919300,2941553400
26,1210,241740282921200,2109200,2968311100,2975945200
26,1226,241740317298500,2124000,3002688400,3010322500
26,1242,241740358737100,3055000,3044127000,3051761100
26,1258,241740406549000,3134600,3091938900,3099573000
26,1274,241740454437500,2735200,3139827400,3147461500
26,1290,241740500371900,2933900,3185761800,3193395900
26,1306,241740546625100,2744600,3232015000,3239649100
26,1322,241740596357000,2952900,3281746900,3289381000
26,1338,241740650457700,2714200,3335847600,3343481700
26,1354,241740698064800,2723800,3383454700,3391088800
26,1370,241740741928100,2669400,3427318000,3434952100
26,1386,241740787677300,2697200,3473067200,3480701300
26,1402,241740831010500,2650800,3516400400,3524034500
26,1418,241740874193800,3067000,3559583700,3567217800
26,1434,241740922859100,3031500,3608249000,3615883100
26,1450,241740970497500,2752400,3655887400,3663521500
26,1466,241741024302100,2610700,3709692000,3717326100
26,1482,241741069099900,2978500,3754489800,3762123900
26,1498,241741115716900,2943200,3801106800,3808740900
26,1514,241741162188700,2752700,3847578600,3855212700
26,1530,241741205813200,2730300,3891203100,3898837200
26,1546,241741250003800,2786500,3935393700,3943027800
26,1562,241741297983200,3061500,3983373100,3991007200
26,1578,241741345501600,3024600,4030891500,4038525600
26,1594,241741399760500,3109400,4085150400,4092784500
26,1610,241741449079800,3072000,4134469700,4142103800
26,1626,241741494862500,2936700,4180252400,4187886500
26,1642,241741541907400,2816800,4227297300,4234931400
26,1658,241741588979600,2998900,4274369500,4282003600
26,1674,241741636022400,2952500,4321412300,4329046400
26,1690,241741684261500,7637600,4369651400,4377285500
26,1706,241741732728100,2749600,4418118000,4425752100
26,1722,241741778535500,3283600,4463925400,4471559500
26,1738,241741833315000,2735800,4518704900,4526339000
26,1754,241741877649100,2753200,4563039000,4570673100
26,1770,241741922514600,2659300,4607904500,4615538600
26,1786,241741964876800,2670900,4650266700,4657900800
26,1802,241742012601700,2890100,4697991600,4705625700
26,1818,241742058408400,2696400,4743798300,4751432400
26,1834,241742100874600,2775300,4786264500,4793898600
26,1850,241742146649900,2954600,4832039800,4839673900
26,1866,241742199050400,2714300,4884440300,4892074400
26,1882,241742244250900,2770000,4929640800,4937274900
26,1898,241742289181000,2704500,4974570900,4982205000
26,1914,241742333275700,2675900,5018665600,5026299700
26,1930,241742378111600,2418200,5063501500,5071135600
26,1946,241742422546700,2630400,5107936600,5115570700
26,1962,241742465976300,2745300,5151366200,5159000300
26,1978,241742514029500,3079600,5199419400,5207053500
26,1994,241742561911000,8702900,5247300900,5254935000
26,2010,241742617267000,2616200,5302656900,5310291000
26,2026,241742659553600,2738400,5344943500,5352577600
26,2042,241742703493400,2734600,5388883300,5396517400
27,11,241737486568200,2243800,171958100,179592200
27,27,241737522490800,2184200,207880700,215514800
27,43,241737557750500,2246800,243140400,250774500
27,59,241737592809000,2149700,278198900,285833000
27,75,241737627350500,2135300,312740400,320374500
27,91,241737663145000,2182700,348534900,356169000
27,107,241737698961800,2271400,384351700,391985800
27,123,241737735276700,2139400,420666600,428300700
27,139,241737791660100,2266400,477050000,484684100
27,155,241737827688700,2268000,513078600,520712700
27,171,241737862889000,2129000,548278900,555913000
27,187,241737898388200,2245000,583778100,591412200
27,203,241737935067500,2256700,620457400,628091500
27,219,241737970797200,2144100,656187100,663821200
27,235,241738006264000,2224800,691653900,699288000
27,251,241738042788000,2237300,728177900,735812000
27,267,241738097466500,2299100,782856400,790490500
27,283,241738132838500,2168800,818228400,825862500
27,299,241738167579700,2128700,852969600,860603700
27,315,241738202465100,2113400,887855000,895489100
27,331,241738236229600,2389500,921619500,929253600
27,347,241738271915500,2128000,957305400,964939500
27,363,241738307689800,2169800,993079700,1000713800
27,379,241738343568800,2182500,1028958700,1036592800
27,395,241738397301700,2165800,1082691600,1090325700
27,411,241738432483600,2156200,1117873500,1125507600
27,427,241738467434200,2145900,1152824100,1160458200
27,443,241738502453300,2193400,1187843200,1195477300
27,459,241738537988300,2268500,1223378200,1231012300
27,475,241738573632000,2184700,1259021900,1266656000
27,491,241738609549200,2186400,1294939100,1302573200
27,507,241738644985700,2227900,1330375600,1338009700
27,523,241738680459500,2299600,1365849400,1373483500
27,539,241738734436100,2123400,1419826000,1427460100
27,555,241738768917000,2095400,1454306900,1461941000
27,571,241738803258300,2181900,1488648200,1496282300
27,587,241738838691100,2140000,1524081000,1531715100
27,603,241738873404400,2108500,1558794300,1566428400
27,619,241738907621200,2157600,1593011100,1600645200
27,635,241738943261300,2193400,1628651200,1636285300
27,651,241738978799400,2166100,1664189300,1671823400
27,667,241739034725700,2145900,1720115600,1727749700
27,683,241739069065300,2147900,1754455200,1762089300
27,699,241739103450200,2110500,1788840100,1796474200
27,715,241739139471400,2232200,1824861300,1832495400
27,731,241739175056700,2158800,1860446600,1868080700
27,747,241739210557400,2216300,1895947300,1903581400
27,763,241739246502200,2187000,1931892100,1939526200
27,779,241739282708200,2202800,1968098100,1975732200
27,795,241739338146500,2274000,2023536400,2031170500
27,811,241739374308100,2310800,2059698000,2067332100
27,827,241739410041100,2183200,2095431000,2103065100
27,843,241739445750700,2230800,2131140600,2138774700
27,859,241739481330100,2107600,2166720000,2174354100
27,875,241739515402900,2103400,2200792800,2208426900
27,891,241739549610900,2171700,2235000800,2242634900
27,907,241739585323800,2309400,2270713700,2278347800
27,923,241739620413100,2100300,2305803000,2313437100
27,939,241739675031500,2152200,2360421400,2368055500
27,955,241739709555500,2153100,2394945400,2402579500
27,971,241739743870200,2187100,2429260100,2436894200
27,987,241739778797300,2092000,2464187200,2471821300
27,1003,241739813554600,3611300,2498944500,2506578600
27,1019,241739850628300,2125900,2536018200,2543652300
27,1035,241739885374200,2147400,2570764100,2578398200
27,1051,241739921071800,2212600,2606461700,2614095800
27,1067,241739962590000,2132300,2647979900,2655614000
27,1083,241739997036200,2319900,2682426100,2690060200
27,1099,241740032975100,2282200,2718365000,2725999100
27,1115,241740068049100,2134600,2753439000,2761073100
27,1131,241740103647800,2409700,2789037700,2796671800
27,1147,241740139440000,2267000,2824829900,2832464000
27,1163,241740175305500,2188300,2860695400,2868329500
27,1179,241740209989600,2126100,2895379500,2903013600
27,1195,241740250600500,2119000,2935990400,2943624500
27,1211,241740284861100,2111900,2970251000,2977885100
27,1227,241740319252600,2143000,3004642500,3012276600
27,1243,241740361534800,3021600,3046924700,3054558800
27,1259,241740409426900,3027600,3094816800,3102450900
27,1275,241740456837200,2770100,3142227100,3149861200
27,1291,241740502993600,2975200,3188383500,3196017600
27,1307,241740549066100,2869400,3234456000,3242090100
27,1323,241740598981700,2981500,3284371600,3292005700
27,1339,241740652860600,4261100,3338250500,3345884600
27,1355,241740700491000,2720300,3385880900,3393515000
27,1371,241740744336700,3081900,3429726600,3437360700
27,1387,241740789766100,2677300,3475156000,3482790100
27,1403,241740833008500,2639800,3518398400,3526032500
27,1419,241740876561500,3047200,3561951400,3569585500
27,1435,241740925198900,3043600,3610588800,3618222900
27,1451,241740972617700,2845700,3658007600,3665641700
27,1467,241741027339700,2650900,3712729600,3720363700
27,1483,241741072581600,2947500,3757971500,3765605600
27,1499,241741119091600,3624300,3804481500,3812115600
27,1515,241741165349500,2983600,3850739400,3858373500
27,1531,241741208927700,2685200,3894317600,3901951700
27,1547,241741253172700,2731700,3938562600,3946196700
27,1563,241741300833200,3041500,3986223100,3993857200
27,1579,241741348354600,3029700,4033744500,4041378600
27,1595,241741402615100,3087200,4088005000,4095639100
27,1611,241741451891100,3056900,4137281000,4144915100
27,1627,241741497540700,2877900,4182930600,4190564700
27,1643,241741544459700,2776100,4229849600,4237483700
27,1659,241741591562800,2993800,4276952700,4284586800
27,1675,241741638564100,2910900,4323954000,4331588100
27,1691,241741691482600,2891500,4376872500,4384506600
27,1707,241741735094800,2747400,4420484700,4428118800
27,1723,241741781304800,2995300,4466694700,4474328800
27,1739,241741835800600,2800900,4521190500,4528824600
27,1755,241741880439100,2763800,4565829000,4573463100
27,1771,241741925210600,2613000,4610600500,4618234600
27,1787,241741967592000,2567200,4652981900,4660616000
27,1803,241742015539000,2710500,4700928900,4708563000
27,1819,241742061224200,2570300,4746614100,4754248200
27,1835,241742103773900,2681100,4789163800,4796797900
27,1851,241742149732300,2958700,4835122200,4842756300
27,1867,241742201978000,2760500,4887367900,4895002000
27,1883,241742247214700,2928300,4932604600,4940238700
27,1899,241742292083300,2735100,4977473200,4985107300
27,1915,241742336196300,2814400,5021586200,5029220300
27,1931,241742380750600,3492600,5066140500,5073774600
27,1947,241742425358400,2294300,5110748300,5118382400
27,1963,241742468930100,2746900,5154320000,5161954100
27,1979,241742517289900,3094500,5202679800,5210313900
27,1995,241742570789100,3038000,5256179000,5263813100
27,2011,241742620022300,2579700,5305412200,5313046300
27,2027,241742662491400,2697900,5347881300,5355515400
27,2043,241742706335700,2664500,5391725600,5399359700
28,12,241737488782400,2274900,174172300,181806400
28,28,241737524734800,2400500,210124700,217758800
28,44,241737560116400,2235500,245506300,253140400
28,60,241737595134900,2122600,280524800,288158900
28,76,241737629812500,2162800,315202400,322836500
28,92,241737665577100,2162600,350967000,358601100
28,108,241737701641300,2284900,387031200,394665300
28,124,241737737780800,2188500,423170700,430804800
28,140,241737794342500,2316800,479732400,487366500
28,156,241737830378300,2430500,515768200,523402300
28,172,241737865441500,2164000,550831400,558465500
28,188,241737901051900,2206200,586441800,594075900
28,204,241737937797800,2312000,623187700,630821800
28,220,241737973347100,2107800,658737000,666371100
28,236,241738009014000,2236100,694403900,702038000
28,252,241738045301900,2230200,730691800,738325900
28,268,241738100094600,2227000,785484500,793118600
28,284,241738135294600,2058300,820684500,828318600
28,300,241738169995800,2152900,855385700,863019800
28,316,241738204900600,2093800,890290500,897924600
28,332,241738239019700,2152000,924409600,932043700
28,348,241738274383800,2450400,959773700,967407800
28,364,241738310131400,2157300,995521300,1003155400
28,380,241738346050400,2406000,1031440300,1039074400
28,396,241738399790600,2152400,1085180500,1092814600
28,412,241738434893500,2192300,1120283400,1127917500
28,428,241738469939300,2142600,1155329200,1162963300
28,444,241738504948600,2171500,1190338500,1197972600
28,460,241738540522800,2283600,1225912700,1233546800
28,476,241738576137000,2324200,1261526900,1269161000
28,492,241738612077400,2232500,1297467300,1305101400
28,508,241738647663700,2298300,1333053600,1340687700
28,524,241738683218500,2290100,1368608400,1376242500
28,540,241738737157300,2144100,1422547200,1430181300
28,556,241738771684400,2168400,1457074300,1464708400
28,572,241738806194600,2111500,1491584500,1499218600
28,588,241738841561200,2167800,1526951100,1534585200
28,604,241738876217800,2138700,1561607700,1569241800
28,620,241738910463300,2152700,1595853200,1603487300
28,636,241738946105200,2347300,1631495100,1639129200
28,652,241738981811200,2170900,1667201100,1674835200
28,668,241739037633800,2229200,1723023700,1730657800
28,684,241739071978000,2166100,1757367900,1765002000
28,700,241739106289100,2108500,1791679000,1799313100
28,716,241739142523800,2261100,1827913700,1835547800
28,732,241739178075400,2165700,1863465300,1871099400
28,748,241739213839700,2250300,1899229600,1906863700
28,764,241739249662700,2343900,1935052600,1942686700
28,780,241739285873500,2201300,1971263400,1978897500
28,796,241739341526800,2283100,2026916700,2034550800
28,812,241739377633400,2126200,2063023300,2070657400
28,828,241739413255000,2324400,2098644900,2106279000
28,844,241739448920200,2207300,2134310100,2141944200
28,860,241739484354600,2119400,2169744500,2177378600
28,876,241739518435100,2137500,2203825000,2211459100
28,892,241739552703900,2148700,2238093800,2245727900
28,908,241739588560600,2193600,2273950500,2281584600
28,924,241739623401400,2401400,2308791300,2316425400
28,940,241739678175400,2172400,2363565300,2371199400
28,956,241739712752200,2146200,2398142100,2405776200
28,972,241739747094200,2149500,2432484100,2440118200
28,988,241739781917200,2138300,2467307100,2474941200
28,1004,241739818236500,2281200,2503626400,2511260500
28,1020,241739853835100,2118800,2539225000,2546859100
28,1036,241739888624000,2128100,2574013900,2581648000
28,1052,241739924383500,2217200,2609773400,2617407500
28,1068,241739965812800,2213300,2651202700,2658836800
28,1084,241740000600200,2234900,2685990100,2693624200
28,1100,241740036537200,2215300,2721927100,2729561200
28,1116,241740071443300,2149600,2756833200,2764467300
28,1132,241740107656700,2300200,2793046600,2800680700
28,1148,241740143318500,2190700,2828708400,2836342500
28,1164,241740179061400,2182100,2864451300,2872085400
28,1180,241740213659300,2145800,2899049200,2906683300
28,1196,241740254323800,2212700,2939713700,2947347800
28,1212,241740288721100,2150900,2974111000,2981745100
28,1228,241740323150600,2145100,3008540500,3016174600
28,1244,241740366996400,3025500,3052386300,3060020400
28,1260,241740414914300,3053400,3100304200,3107938300
28,1276,241740461731400,2696100,3147121300,3154755400
28,1292,241740508364700,3119800,3193754600,3201388700
28,1308,241740558093900,2790500,3243483800,3251117900
28,1324,241740604406500,2918300,3289796400,3297430500
28,1340,241740662037800,2664300,3347427700,3355061800
28,1356,241740705440600,2757400,3390830500,3398464600
28,1372,241740749737600,2961500,3435127500,3442761600
28,1388,241740794717900,2723100,3480107800,3487741900
28,1404,241740837846800,2645200,3523236700,3530870800
28,1420,241740882160800,3000500,3567550700,3575184800
28,1436,241740930898200,3063300,3616288100,3623922200
28,1452,241740977800000,2700700,3663189900,3670824000
28,1468,241741031193900,2586300,3716583800,3724217900
28,1484,241741076889400,2767800,3762279300,3769913400
28,1500,241741124012600,2789800,3809402500,3817036600
28,1516,241741169540700,2738000,3854930600,3862564700
28,1532,241741212968300,2696000,3898358200,3905992300
28,1548,241741257240100,2788600,3942630000,3950264100
28,1564,241741305698000,3069600,3991087900,3998722000
28,1580,241741353137200,2793100,4038527100,4046161200
28,1596,241741407526800,3064700,4092916700,4100550800
28,1612,241741456712100,2781300,4142102000,4149736100
28,1628,241741502134300,2731600,4187524200,4195158300
28,1644,241741548950400,3080300,4234340300,4241974400
28,1660,241741596484800,2982900,4281874700,4289508800
28,1676,241741643374300,2930100,4328764200,4336398300
28,1692,241741696011900,2606200,4381401800,4389035900
28,1708,241741739596600,2744300,4424986500,4432620600
28,1724,241741785997700,2747300,4471387600,4479021700
28,1740,241741840327600,2735200,4525717500,4533351600
28,1756,241741884823500,3206100,4570213400,4577847500
28,1772,241741929319500,2602800,4614709400,4622343500
28,1788,241741973890600,3378600,4659280500,4666914600
28,1804,241742019975800,2927700,4705365700,4712999800
28,1820,241742065233600,2570300,4750623500,4758257600
28,1836,241742107913700,2690600,4793303600,4800937700
28,1852,241742154286400,2955800,4839676300,4847310400
28,1868,241742206269900,2782200,4891659800,4899293900
28,1884,241742251842800,2734600,4937232700,4944866800
28,1900,241742296357900,2723400,4981747800,4989381900
28,1916,241742340664700,2644800,5026054600,5033688700
28,1932,241742385624900,2770100,5071014800,5078648900
28,1948,241742429228600,2667800,5114618500,5122252600
28,1964,241742473166200,2773700,5158556100,5166190200
28,1980,241742521942400,3032500,5207332300,5214966400
28,1996,241742575503300,3039500,5260893200,5268527300
28,2012,241742624073000,2563400,5309462900,5317097000
28,2028,241742666686900,2737500,5352076800,5359710900
28,2044,241742710621200,2689200,5396011100,5403645200
29,13,241737490815600,2224400,176205500,183839600
29,29,241737526833800,2288100,212223700,219857800
29,45,241737562057100,2168300,247447000,255081100
29,61,241737596995400,2169500,282385300,290019400
29,77,241737631605700,2153600,316995600,324629700
29,93,241737667229500,2145100,352619400,360253500
29,109,241737703327600,2262600,388717500,396351600
29,125,241737739455200,2141400,424845100,432479200
29,141,241737795975600,2331900,481365500,488999600
29,157,241737832128700,2379700,517518600,525152700
29,173,241737866995000,2158600,552384900,560019000
29,189,241737902779600,2199300,588169500,595803600
29,205,241737939627300,2277900,625017200,632651300
29,221,241737974964000,2147800,660353900,667988000
29,237,241738010640800,2229700,696030700,703664800
29,253,241738046957300,2317100,732347200,739981300
29,269,241738101934800,2230700,787324700,794958800
29,285,241738136999000,2117900,822388900,830023000
29,301,241738171684100,2243600,857074000,864708100
29,317,241738206516800,2126400,891906700,899540800
29,333,241738240652300,2164200,926042200,933676300
29,349,241738276262100,2463500,961652000,969286100
29,365,241738311889800,2172100,997279700,1004913800
29,381,241738347929600,2622700,1033319500,1040953600
29,397,241738401521000,2173000,1086910900,1094545000
29,413,241738436611600,2173200,1122001500,1129635600
29,429,241738471689700,2150400,1157079600,1164713700
29,445,241738506765300,2174900,1192155200,1199789300
29,461,241738542452000,2189600,1227841900,1235476000
29,477,241738578008500,2290000,1263398400,1271032500
29,493,241738613874200,2177100,1299264100,1306898200
29,509,241738649790500,2306000,1335180400,1342814500
29,525,241738685218500,20491700,1370608400,1378242500
29,541,241738738802900,2211900,1424192800,1431826900
29,557,241738773277400,2155100,1458667300,1466301400
29,573,241738807720100,2145300,1493110000,1500744100
29,589,241738843115200,2186900,1528505100,1536139200
29,605,241738877715800,2164500,1563105700,1570739800
29,621,241738911983000,2129000,1597372900,1605007000
29,637,241738947927900,2312300,1633317800,1640951900
29,653,241738983372500,2125800,1668762400,1676396500
29,669,241739039093400,2213400,1724483300,1732117400
29,685,241739073465200,2131200,1758855100,1766489200
29,701,241739107744500,2065800,1793134400,1800768500
29,717,241739143980700,2210400,1829370600,1837004700
29,733,241739179468800,2143600,1864858700,1872492800
29,749,241739214984900,2255300,1900374800,1908008900
29,765,241739250783400,2316300,1936173300,1943807400
29,781,241739286913700,2183600,1972303600,1979937700
29,797,241739342556000,2256300,2027945900,2035580000
29,813,241739378568800,2142900,2063958700,2071592800
29,829,241739414516500,2292700,2099906400,2107540500
29,845,241739450316900,2204800,2135706800,2143340900
29,861,241739485627300,2116500,2171017200,2178651300
29,877,241739519712600,2149500,2205102500,2212736600
29,893,241739554019100,2275100,2239409000,2247043100
29,909,241739589797200,2226000,2275187100,2282821200
29,925,241739624831300,2284900,2310221200,2317855300
29,941,241739679382200,2144100,2364772100,2372406200
29,957,241739713916200,2144300,2399306100,2406940200
29,973,241739748253700,2159500,2433643600,2441277700
29,989,241739783045500,2151400,2468435400,2476069500
29,1005,241739819037700,2267200,2504427600,2512061700
29,1021,241739854570600,2103600,2539960500,2547594600
29,1037,241739889332000,2183300,2574721900,2582356000
29,1053,241739925298400,2264800,2610688300,2618322400
29,1069,241739966709900,2271100,2652099800,2659733900
29,1085,241740001382600,2189500,2686772500,2694406600
29,1101,241740037203400,2222000,2722593300,2730227400
29,1117,241740072081300,2157600,2757471200,2765105300
29,1133,241740107909500,2282900,2793299400,2800933500
29,1149,241740143585400,2191100,2828975300,2836609400
29,1165,241740179351400,2148900,2864741300,2872375400
29,1181,241740213923100,2138300,2899313000,2906947100
29,1197,241740254213700,2117500,2939603600,2947237700
29,1213,241740288515100,2141200,2973905000,2981539100
29,1229,241740322949000,2125800,3008338900,3015973000
29,1245,241740366697500,3023100,3052087400,3059721500
29,1261,241740414620000,3040000,3100009900,3107644000
29,1277,241740461471300,2687100,3146861200,3154495300
29,1293,241740508115000,3104600,3193504900,3201139000
29,1309,241740557765000,2836600,3243154900,3250789000
29,1325,241740604045400,2895800,3289435300,3297069400
29,1341,241740661677600,2656200,3347067500,3354701600
29,1357,241740705065800,2739300,3390455700,3398089800
29,1373,241740749311000,2915100,3434700900,3442335000
29,1389,241740794259200,2772600,3479649100,3487283200
29,1405,241740837459600,2640700,3522849500,3530483600
29,1421,241740881697300,2991900,3567087200,3574721300
29,1437,241740930432400,3053900,3615822300,3623456400
29,1453,241740977376400,2739600,3662766300,3670400400
29,1469,241741030702100,2596200,3716092000,3723726100
29,1485,241741076373800,2755900,3761763700,3769397800
29,1501,241741123499300,2803500,3808889200,3816523300
29,1517,241741169028900,2714700,3854418800,3862052900
29,1533,241741212422200,2711500,3897812100,3905446200
29,1549,241741256682000,2789900,3942071900,3949706000
29,1565,241741305133200,3049100,3990523100,3998157200
29,1581,241741352583400,2723300,4037973300,4045607400
29,1597,241741407004700,3057700,4092394600,4100028700
29,1613,241741456138300,2804600,4141528200,4149162300
29,1629,241741501592900,2703300,4186982800,4194616900
29,1645,241741548336500,2984500,4233726400,4241360500
29,1661,241741595826100,2987700,4281216000,4288850100
29,1677,241741642748800,2909700,4328138700,4335772800
29,1693,241741695484400,2601600,4380874300,4388508400
29,1709,241741739034600,2769300,4424424500,4432058600
29,1725,241741785402700,2744600,4470792600,4478426700
29,1741,241741839729900,2757400,4525119800,4532753900
29,1757,241741884233400,3141100,4569623300,4577257400
29,1773,241741928792500,2623600,4614182400,4621816500
29,1789,241741972422100,4307100,4657812000,4665446100
29,1805,241742019421600,2930100,4704811500,4712445600
29,1821,241742064705100,2588300,4750095000,4757729100
29,1837,241742107386300,2621600,4792776200,4800410300
29,1853,241742153730600,2957900,4839120500,4846754600
29,1869,241742205713500,2823800,4891103400,4898737500
29,1885,241742251211500,2835000,4936601400,4944235500
29,1901,241742295831900,2715500,4981221800,4988855900
29,1917,241742339987800,2694900,5025377700,5033011800
29,1933,241742385667100,2780100,5071057000,5078691100
29,1949,241742429063000,2659700,5114452900,5122087000
29,1965,241742472999100,2784700,5158389000,5166023100
29,1981,241742521769200,3025200,5207159100,5214793200
29,1997,241742575374300,3037100,5260764200,5268398300
29,2013,241742623966600,2568700,5309356500,5316990600
29,2029,241742666514900,2705100,5351904800,5359538900
29,2045,241742710454300,2704500,5395844200,5403478300
30,14,241737493252600,2266400,178642500,186276600
30,30,241737529346100,2217500,214736000,222370100
30,46,241737564442800,2161400,249832700,257466800
30,62,241737599227400,2175800,284617300,292251400
30,78,241737633790900,2260900,319180800,326814900
30,94,241737669695700,2158100,355085600,362719700
30,110,241737705871000,2254500,391260900,398895000
30,126,241737741836100,2194200,427226000,434860100
30,142,241737798608700,2297000,483998600,491632700
30,158,241737834876800,2316200,520266700,527900800
30,174,241737869488900,2162900,554878800,562512900
30,190,241737905163500,2216400,590553400,598187500
30,206,241737942317300,2234100,627707200,635341300
30,222,241737977556800,2124200,662946700,670580800
30,238,241738013362800,2194600,698752700,706386800
30,254,241738050095400,2237500,735485300,743119400
30,270,241738104703700,2205800,790093600,797727700
30,286,241738139737300,2347600,825127200,832761300
30,302,241738174598700,2351000,859988600,867622700
30,318,241738209230300,2129200,894620200,902254300
30,334,241738243323200,2140800,928713100,936347200
30,350,241738279308400,2131700,964698300,972332400
30,366,241738314603400,2445100,999993300,1007627400
30,382,241738351063800,2234700,1036453700,1044087800
30,398,241738404205300,2152000,1089595200,1097229300
30,414,241738439384300,2204400,1124774200,1132408300
30,430,241738474355900,2263600,1159745800,1167379900
30,446,241738509479300,2156400,1194869200,1202503300
30,462,241738545158700,2229800,1230548600,1238182700
30,478,241738580872900,2171300,1266262800,1273896900
30,494,241738616526500,2191400,1301916400,1309550500
30,510,241738652319100,2187700,1337709000,1345343100
30,526,241738706073100,2669000,1391463000,1399097100
30,542,241738741401600,2125000,1426791500,1434425600
30,558,241738775840800,2112500,1461230700,1468864800
30,574,241738810386500,2143500,1495776400,1503410500
30,590,241738845876600,2145900,1531266500,1538900600
30,606,241738880439500,2179800,1565829400,1573463500
30,622,241738914708600,2235500,1600098500,1607732600
30,638,241738950776900,2215400,1636166800,1643800900
30,654,241738985967600,2131100,1671357500,1678991600
30,670,241739041960300,2186200,1727350200,1734984300
30,686,241739076227600,2107200,1761617500,1769251600
30,702,241739110464400,2146900,1795854300,1803488400
30,718,241739147016900,2209300,1832406800,1840040900
30,734,241739182474300,2325000,1867864200,1875498300
30,750,241739218239700,2223400,1903629600,1911263700
30,766,241739254096000,2117100,1939485900,1947120000
30,782,241739290206600,2187900,1975596500,1983230600
30,798,241739345827100,2213800,2031217000,2038851100
30,814,241739381361100,2149600,2066751000,2074385100
30,830,241739417365700,2197000,2102755600,2110389700
30,846,241739452871000,2172000,2138260900,2145895000
30,862,241739488120900,2162400,2173510800,2181144900
30,878,241739522230400,2121500,2207620300,2215254400
30,894,241739556804500,2264500,2242194400,2249828500
30,910,241739592511600,2258300,2277901500,2285535600
30,926,241739627765500,21829100,2313155400,2320789500
30,942,241739682034900,2141300,2367424800,2375058900
30,958,241739716608500,2165800,2401998400,2409632500
30,974,241739750964800,2152300,2436354700,2443988800
30,990,241739785733400,2134700,2471123300,2478757400
30,1006,241739822214800,2169400,2507604700,2515238800
30,1022,241739857591500,2121000,2542981400,2550615500
30,1038,241739892475100,2234200,2577865000,2585499100
30,1054,241739928447500,2336300,2613837400,2621471500
30,1070,241739970052900,2142600,2655442800,2663076900
30,1086,241740004588700,2280500,2689978600,2697612700
30,1102,241740040485000,2210200,2725874900,2733509000
30,1118,241740075260100,2181400,2760650000,2768284100
30,1134,241740111759500,2249200,2797149400,2804783500
30,1150,241740147256900,2263900,2832646800,2840280900
30,1166,241740183001600,2175400,2868391500,2876025600
30,1182,241740217469600,2179800,2902859500,2910493600
30,1198,241740257943600,2141500,2943333500,2950967600
30,1214,241740292294100,2150700,2977684000,2985318100
30,1230,241740326626500,2166900,3012016400,3019650500
30,1246,241740371902000,3057300,3057291900,3064926000
30,1262,241740419862300,3044900,3105252200,3112886300
30,1278,241740466103700,2705400,3151493600,3159127700
30,1294,241740513329500,2797400,3198719400,3206353500
30,1310,241740562688300,2799700,3248078200,3255712300
30,1326,241740609080500,8957400,3294470400,3302104500
30,1342,241740666275400,2693100,3351665300,3359299400
30,1358,241740709805800,2710500,3395195700,3402829800
30,1374,241740754259800,2793800,3439649700,3447283800
30,1390,241740798837800,2682900,3484227700,3491861800
30,1406,241740841909100,2623100,3527299000,3534933100
30,1422,241740886736000,3021700,3572125900,3579760000
30,1438,241740935517400,3047500,3620907300,3628541400
30,1454,241740981867500,2742900,3667257400,3674891500
30,1470,241741034741900,2692200,3720131800,3727765900
30,1486,241741080627300,2711000,3766017200,3773651300
30,1502,241741127755200,2800500,3813145100,3820779200
30,1518,241741173184200,2596700,3858574100,3866208200
30,1534,241741216597000,2768800,3901986900,3909621000
30,1550,241741261068300,2998800,3946458200,3954092300
30,1566,241741309738300,3059700,3995128200,4002762300
30,1582,241741356927400,3151100,4042317300,4049951400
30,1598,241741411576100,3078600,4096966000,4104600100
30,1614,241741460424100,2770800,4145814000,4153448100
30,1630,241741505854400,3070500,4191244300,4198878400
30,1646,241741552769600,2929000,4238159500,4245793600
30,1662,241741600415800,2979400,4285805700,4293439800
30,1678,241741647241000,2896200,4332630900,4340265000
30,1694,241741699494200,2609400,4384884100,4392518200
30,1710,241741743288900,2700900,4428678800,4436312900
30,1726,241741789644500,2790100,4475034400,4482668500
30,1742,241741843946900,2866500,4529336800,4536970900
30,1758,241741888810800,3001200,4574200700,4581834800
30,1774,241741932721400,2617000,4618111300,4625745400
30,1790,241741977967900,2602200,4663357800,4670991900
30,1806,241742023700600,2928400,4709090500,4716724600
30,1822,241742068476000,2590400,4753865900,4761500000
30,1838,241742111444400,3037000,4796834300,4804468400
30,1854,241742158024100,3036500,4843414000,4851048100
30,1870,241742209885900,2967100,4895275800,4902909900
30,1886,241742255414400,2763800,4940804300,4948438400
30,1902,241742299921700,2690000,4985311600,4992945700
30,1918,241742343983200,2768300,5029373100,5037007200
30,1934,241742389353000,2735500,5074742900,5082377000
30,1950,241742432699300,2726700,5118089200,5125723300
30,1966,241742476738900,2762900,5162128800,5169762900
30,1982,241742525961800,3036500,5211351700,5218985800
30,1998,241742579491900,3038100,5264881800,5272515900
30,2014,241742627417400,2584200,5312807300,5320441400
30,2030,241742670255000,2963700,5355644900,5363279000
30,2046,241742714046900,3444800,5399436800,5407070900
31,15,241737495618800,2204300,181008700,188642800
31,31,241737531625100,2189100,217015000,224649100
31,47,241737566667800,2152800,252057700,259691800
31,63,241737601525700,2141900,286915600,294549700
31,79,241737636229000,2566600,321618900,329253000
31,95,241737671946200,2146000,357336100,364970200
31,111,241737708226500,2361800,393616400,401250500
31,127,241737744101400,21717100,429491300,437125400
31,143,241737801038100,2333200,486428000,494062100
31,159,241737837310200,2178400,522700100,530334200
31,175,241737871772500,2154000,557162400,564796500
31,191,241737907635300,2239900,593025200,600659300
31,207,241737944650600,2200200,630040500,637674600
31,223,241737979712000,2116700,665101900,672736000
31,239,241738015527700,2349200,700917600,708551700
31,255,241738052129100,2133600,737519000,745153100
31,271,241738106676200,2180700,792066100,799700200
31,287,241738141748900,2263200,827138800,834772900
31,303,241738176670700,2171000,862060600,869694700
31,319,241738211078000,2105400,896467900,904102000
31,335,241738245235800,2144000,930625700,938259800
31,351,241738281293400,2186900,966683300,974317400
31,367,241738317087600,2334600,1002477500,1010111600
31,383,241738353332700,2131100,1038722600,1046356700
31,399,241738406328700,2147200,1091718600,1099352700
31,415,241738441529300,2306400,1126919200,1134553300
31,431,241738476651800,2142300,1162041700,1169675800
31,447,241738511577000,2242600,1196966900,1204601000
31,463,241738547455200,2227600,1232845100,1240479200
31,479,241738583078700,2368800,1268468600,1276102700
31,495,241738618769300,2228800,1304159200,1311793300
31,511,241738654573100,2193500,1339963000,1347597100
31,527,241738709029800,2314700,1394419700,1402053800
31,543,241738743795400,2163300,1429185300,1436819400
31,559,241738778096000,2107600,1463485900,1471120000
31,575,241738812656500,2210500,1498046400,1505680500
31,591,241738848115700,2136700,1533505600,1541139700
31,607,241738882679500,2132200,1568069400,1575703500
31,623,241738916874700,2398900,1602264600,1609898700
31,639,241738953246500,2188900,1638636400,1646270500
31,655,241738988361500,2236100,1673751400,1681385500
31,671,241739044354500,2160900,1729744400,1737378500
31,687,241739078561600,2113500,1763951500,1771585600
31,703,241739112842000,2151100,1798231900,1805866000
31,719,241739149261400,2303300,1834651300,1842285400
31,735,241739184652400,2218400,1870042300,1877676400
31,751,241739220287200,2215300,1905677100,1913311200
31,767,241739256021200,2147000,1941411100,1949045200
31,783,241739292175000,2188700,1977564900,1985199000
31,799,241739347751900,2209800,2033141800,2040775900
31,815,241739383417400,2189100,2068807300,2076441400
31,831,241739419426600,2186800,2104816500,2112450600
31,847,241739455149600,2151900,2140539500,2148173600
31,863,241739490381100,2104400,2175771000,2183405100
31,879,241739524481300,2091400,2209871200,2217505300
31,895,241739559203800,2171400,2244593700,2252227800
31,911,241739594915200,2228900,2280305100,2287939200
31,927,241739649743300,2166300,2335133200,2342767300
31,943,241739684305000,2134600,2369694900,2377329000
31,959,241739718839500,2123000,2404229400,2411863500
31,975,241739753181000,2127300,2438570900,2446205000
31,991,241739787957000,2159400,2473346900,2480981000
31,1007,241739824621600,2198200,2510011500,2517645600
31,1023,241739859908900,2259100,2545298800,2552932900
31,1039,241739894916500,2287400,2580306400,2587940500
31,1055,241739930949000,2158200,2616338900,2623973000
31,1071,241739972284200,2101000,2657674100,2665308200
31,1087,241740006842700,2191100,2692232600,2699866700
31,1103,241740042622800,2208500,2728012700,2735646800
31,1119,241740077399300,2285200,2762789200,2770423300
31,1135,241740113809800,2224800,2799199700,2806833800
31,1151,241740149272300,2243200,2834662200,2842296300
31,1167,241740184977800,2184400,2870367700,2878001800
31,1183,241740219508600,2147600,2904898500,2912532600
31,1199,241740260151700,2158300,2945541600,2953175700
31,1215,241740294506600,2151700,2979896500,2987530600
31,1231,241740328868000,2758600,3014257900,3021892000
31,1247,241740375061900,3096900,3060451800,3068085900
31,1263,241740423010300,3109000,3108400200,3116034300
31,1279,241740468867100,2773200,3154257000,3161891100
31,1295,241740516181600,2936900,3201571500,3209205600
31,1311,241740565460200,2413700,3250850100,3258484200
31,1327,241740618142900,2942600,3303532800,3311166900
31,1343,241740669023700,2705600,3354413600,3362047700
31,1359,241740712572400,2740900,3397962300,3405596400
31,1375,241740757121500,2859400,3442511400,3450145500
31,1391,241740801604900,2937600,3486994800,3494628900
31,1407,241740844707900,2638900,3530097800,3537731900
31,1423,241740890020900,2992400,3575410800,3583044900
31,1439,241740938828500,3052100,3624218400,3631852500
31,1455,241740984836700,2739700,3670226600,3677860700
31,1471,241741035962000,2871200,3721351900,3728986000
31,1487,241741081925300,2676600,3767315200,3774949300
31,1503,241741128987400,2978900,3814377300,3822011400
31,1519,241741174400900,2637500,3859790800,3867424900
31,1535,241741217917200,2807000,3903307100,3910941200
31,1551,241741262583500,2819100,3947973400,3955607500
31,1567,241741311275900,2988900,3996665800,4004299900
31,1583,241741358511800,3149300,4043901700,4051535800
31,1599,241741413100500,3063600,4098490400,4106124500
31,1615,241741461775200,3052400,4147165100,4154799200
31,1631,241741507424600,3068200,4192814500,4200448600
31,1647,241741554201600,2993600,4239591500,4247225600
31,1663,241741601875600,3007400,4287265500,4294899600
31,1679,241741648674800,2927300,4334064700,4341698800
31,1695,241741700690200,2616700,4386080100,4393714200
31,1711,241741744573200,2727100,4429963100,4437597200
31,1727,241741791013100,8383100,4476403000,4484037100
31,1743,241741845511100,2829200,4530901000,4538535100
31,1759,241741890315100,3265400,4575705000,4583339100
31,1775,241741934123100,2645400,4619513000,4627147100
31,1791,241741979488800,2593500,4664878700,4672512800
31,1807,241742025399800,2970800,4710789700,4718423800
31,1823,241742069919500,2570800,4755309400,4762943500
31,1839,241742113158000,2991500,4798547900,4806182000
31,1855,241742159569600,3200600,4844959500,4852593600
31,1871,241742211501700,2760000,4896891600,4904525700
31,1887,241742256834900,2775600,4942224800,4949858900
31,1903,241742301306900,2691600,4986696800,4994330900
31,1919,241742345425700,2757100,5030815600,5038449700
31,1935,241742391290700,2762100,5076680600,5084314700
31,1951,241742434514100,2760100,5119904000,5127538100
31,1967,241742478598800,2680300,5163988700,5171622800
31,1983,241742527897800,3040000,5213287700,5220921800
31,1999,241742581416200,3045100,5266806100,5274440200
31,2015,241742629068200,2616900,5314458100,5322092200
31,2031,241742672281100,2952400,5357671000,5365305100
31,2047,241742715929600,3896500,5401319500,5408953600
32,0,241737451005200,9585100,136395100,144029200
32,16,241737497913300,2162400,183303200,190937300
32,32,241737533967800,2168600,219357700,226991800
32,48,241737568975400,2171600,254365300,261999400
32,64,241737603848400,2153900,289238300,296872400
32,80,241737638951600,2295100,324341500,331975600
32,96,241737674252700,2134000,359642600,367276700
32,112,241737710654600,2238100,396044500,403678600
32,128,241737765913100,2710300,451303000,458937100
32,144,241737803277900,2240700,488667800,496301900
32,160,241737839405900,2111500,524795800,532429900
32,176,241737873836500,2389800,559226400,566860500
32,192,241737909631700,2278100,595021600,602655700
32,208,241737946916400,2195700,632306300,639940400
32,224,241737981918900,2158400,667308800,674942900
32,240,241738017962000,2820400,703351900,710986000
32,256,241738054591100,2180600,739981000,747615100
32,272,241738110451300,2162800,795841200,803475300
32,288,241738145641300,2182100,831031200,838665300
32,304,241738180458200,2160600,865848100,873482200
32,320,241738214685100,2084000,900075000,907709100
32,336,241738248973700,2130500,934363600,941997700
32,352,241738285114900,2166700,970504800,978138900
32,368,241738321134200,2205400,1006524100,1014158200
32,384,241738357220500,2333000,1042610400,1050244500
32,400,241738410223500,2319400,1095613400,1103247500
32,416,241738445628600,2206900,1131018500,1138652600
32,432,241738480363400,2110700,1165753300,1173387400
32,448,241738515526000,2118900,1200915900,1208550000
32,464,241738551240800,2214400,1236630700,1244264800
32,480,241738587007800,2177200,1272397700,1280031800
32,496,241738622701100,2239200,1308091000,1315725100
32,512,241738658563800,2157500,1343953700,1351587800
32,528,241738712821400,2150300,1398211300,1405845400
32,544,241738747425600,2152500,1432815500,1440449600
32,560,241738781830100,2168600,1467220000,1474854100
32,576,241738816534300,2188900,1501924200,1509558300
32,592,241738852032900,2126800,1537422800,1545056900
32,608,241738886591300,2088100,1571981200,1579615300
32,624,241738921311100,2192800,1606701000,1614335100
32,640,241738957166100,2202900,1642556000,1650190100
32,656,241738992413900,2337800,1677803800,1685437900
32,672,241739048687200,2110800,1734077100,1741711200
32,688,241739082842100,2145500,1768232000,1775866100
32,704,241739117158800,2257500,1802548700,1810182800
32,720,241739153851900,2267000,1839241800,1846875900
32,736,241739189171400,2183000,1874561300,1882195400
32,752,241739224947500,2235600,1910337400,1917971500
32,768,241739260447100,2410400,1945837000,1953471100
32,784,241739296701200,2152500,1982091100,1989725200
32,800,241739352579000,2239900,2037968900,2045603000
32,816,241739388146300,2267900,2073536200,2081170300
32,832,241739424036800,2166000,2109426700,2117060800
32,848,241739459626900,2297200,2145016800,2152650900
32,864,241739494623300,2129900,2180013200,2187647300
32,880,241739528683700,2289000,2214073600,2221707700
32,896,241739563668500,2208800,2249058400,2256692500
32,912,241739599381200,2231000,2284771100,2292405200
32,928,241739653993800,2187900,2339383700,2347017800
32,944,241739688578100,2126500,2373968000,2381602100
32,960,241739722959900,2117700,2408349800,2415983900
32,976,241739757732500,2390500,2443122400,2450756500
32,992,241739792223300,2130200,2477613200,2485247300
32,1008,241739828824100,2287100,2514214000,2521848100
32,1024,241739864328800,2243900,2549718700,2557352800
32,1040,241739899305100,2155600,2584695000,2592329100
32,1056,241739935192800,2210200,2620582700,2628216800
32,1072,241739976369400,2163100,2661759300,2669393400
32,1088,241740011347500,2178100,2696737400,2704371500
32,1104,241740047133400,2160500,2732523300,2740157400
32,1120,241740081953900,2271800,2767343800,2774977900
32,1136,241740118341100,2178400,2803731000,2811365100
32,1152,241740153796100,2212400,2839186000,2846820100
32,1168,241740189374700,2133200,2874764600,2882398700
32,1184,241740223891800,2117900,2909281700,2916915800
32,1200,241740264586900,2226100,2949976800,2957610900
32,1216,241740299028600,2124300,2984418500,2992052600
32,1232,241740334538300,2605600,3019928200,3027562300
32,1248,241740381668000,3034300,3067057900,3074692000
32,1264,241740429514000,3347300,3114903900,3122538000
32,1280,241740474838300,2734400,3160228200,3167862300
32,1296,241740522642900,2786100,3208032800,3215666900
32,1312,241740571198300,2897600,3256588200,3264222300
32,1328,241740624556100,3018900,3309946000,3317580100
32,1344,241740675096200,2716300,3360486100,3368120200
32,1360,241740718607600,2724300,3403997500,3411631600
32,1376,241740763759200,2838900,3449149100,3456783200
32,1392,241740808065200,2766500,3493455100,3501089200
32,1408,241740850396300,2586800,3535786200,3543420300
32,1424,241740896807500,3075600,3582197400,3589831500
32,1440,241740945597700,3000100,3630987600,3638621700
32,1456,241740990824700,2579900,3676214600,3683848700
32,1472,241741045753100,2746900,3731143000,3738777100
32,1488,241741091928000,2889800,3777317900,3784952000
32,1504,241741139343000,2945300,3824732900,3832367000
32,1520,241741183641400,2731700,3869031300,3876665400
32,1536,241741227700300,2981300,3913090200,3920724300
32,1552,241741272184600,2806700,3957574500,3965208600
32,1568,241741321863300,2614800,4007253200,4014887300
32,1584,241741369807800,2422900,4055197700,4062831800
32,1600,241741424371200,3067200,4109761100,4117395200
32,1616,241741472431200,2691900,4157821100,4165455200
32,1632,241741518557600,3131500,4203947500,4211581600
32,1648,241741564986000,2760900,4250375900,4258010000
32,1664,241741612662000,2863800,4298051900,4305686000
32,1680,241741659603400,2954000,4344993300,4352627400
32,1696,241741710705400,2724200,4396095300,4403729400
32,1712,241741754563800,2787700,4439953700,4447587800
32,1728,241741806626500,2908300,4492016400,4499650500
32,1744,241741855972500,2732100,4541362400,4548996500
32,1760,241741901209400,2823400,4586599300,4594233400
32,1776,241741943971200,2621100,4629361100,4636995200
32,1792,241741989742000,2993400,4675131900,4682766000
32,1808,241742036392300,2923100,4721782200,4729416300
32,1824,241742079724800,2571100,4765114700,4772748800
32,1840,241742123869100,2752600,4809259000,4816893100
32,1856,241742171157700,3019900,4856547600,4864181700
32,1872,241742222116500,2786700,4907506400,4915140500
32,1888,241742267525700,2751500,4952915600,4960549700
32,1904,241742311668700,2609200,4997058600,5004692700
32,1920,241742355913300,2673700,5041303200,5048937300
32,1936,241742401638500,2716800,5087028400,5094662500
32,1952,241742444472800,2708900,5129862700,5137496800
32,1968,241742488577400,2778600,5173967300,5181601400
32,1984,241742538981600,2953400,5224371500,5232005600
32,2000,241742592644100,3061600,5278034000,5285668100
32,2016,241742638614400,2629600,5324004300,5331638400
32,2032,241742682883400,2782200,5368273300,5375907400
33,1,241737460498300,2390200,145888200,153522300
33,17,241737499866700,2174100,185256600,192890700
33,33,241737535884700,2177100,221274600,228908700
33,49,241737570891600,2134800,256281500,263915600
33,65,241737605684600,2260800,291074500,298708600
33,81,241737640943700,2334700,326333600,333967700
33,97,241737676102300,2151500,361492200,369126300
33,113,241737712663900,2259100,398053800,405687900
33,129,241737768313300,2439000,453703200,461337300
33,145,241737805399500,2277700,490789400,498423500
33,161,241737841406300,2132700,526796200,534430300
33,177,241737876099200,2171700,561489100,569123200
33,193,241737911793700,2232300,597183600,604817700
33,209,241737948732900,2186200,634122800,641756900
33,225,241737983676000,2299100,669065900,676700000
33,241,241738020152900,2266600,705542800,713176900
33,257,241738056292200,2137200,741682100,749316200
33,273,241738111134200,2199000,796524100,804158200
33,289,241738146246400,2178900,831636300,839270400
33,305,241738181041600,2177500,866431500,874065600
33,321,241738215260800,2108100,900650700,908284800
33,337,241738249559700,2152200,934949600,942583700
33,353,241738285591800,2166000,970981700,978615800
33,369,241738321538800,2180700,1006928700,1014562800
33,385,241738357643700,2292900,1043033600,1050667700
33,401,241738410612000,2296900,1096001900,1103636000
33,417,241738445963400,2210500,1131353300,1138987400
33,433,241738480703900,2099100,1166093800,1173727900
33,449,241738515833400,2137100,1201223300,1208857400
33,465,241738551576800,2211200,1236966700,1244600800
33,481,241738587392100,2201400,1272782000,1280416100
33,497,241738623133600,2257600,1308523500,1316157600
33,513,241738659023600,2158500,1344413500,1352047600
33,529,241738713353300,2133700,1398743200,1406377300
33,545,241738747944900,2182600,1433334800,1440968900
33,561,241738782419600,2163300,1467809500,1475443600
33,577,241738816895600,2172700,1502285500,1509919600
33,593,241738852142500,2140100,1537532400,1545166500
33,609,241738886701500,2094200,1572091400,1579725500
33,625,241738921420500,2207800,1606810400,1614444500
33,641,241738957263200,2197500,1642653100,1650287200
33,657,241738992574900,2349400,1677964800,1685598900
33,673,241739048627800,2110900,1734017700,1741651800
33,689,241739082758300,2143500,1768148200,1775782300
33,705,241739117080800,2237800,1802470700,1810104800
33,721,241739153682000,2262700,1839071900,1846706000
33,737,241739188963300,2187600,1874353200,1881987300
33,753,241739224739300,2210400,1910129200,1917763300
33,769,241739260255100,2400500,1945645000,1953279100
33,785,241739296485000,2141200,1981874900,1989509000
33,801,241739352466600,2252000,2037856500,2045490600
33,817,241739388270200,2266800,2073660100,2081294200
33,833,241739424157100,2170400,2109547000,2117181100
33,849,241739459701300,2287200,2145091200,2152725300
33,865,241739494706800,2129200,2180096700,2187730800
33,881,241739528773900,2287100,2214163800,2221797900
33,897,241739563852400,2212100,2249242300,2256876400
33,913,241739599559800,2245600,2284949700,2292583800
33,929,241739654131200,2203400,2339521100,2347155200
33,945,241739688751000,2181400,2374140900,2381775000
33,961,241739723250700,2127800,2408640600,2416274700
33,977,241739758030200,2318500,2443420100,2451054200
33,993,241739792445800,2133400,2477835700,2485469800
33,1009,241739829030400,2300100,2514420300,2522054400
33,1025,241739864649400,2196500,2550039300,2557673400
33,1041,241739899583200,2138700,2584973100,2592607200
33,1057,241739935545400,2224300,2620935300,2628569400
33,1073,241739976772200,2161200,2662162100,2669796200
33,1089,241740011597000,2212600,2696986900,2704621000
33,1105,241740047424600,2170100,2732814500,2740448600
33,1121,241740082393000,2271400,2767782900,2775417000
33,1137,241740118545200,2185900,2803935100,2811569200
33,1153,241740153990800,2259400,2839380700,2847014800
33,1169,241740189570400,2136000,2874960300,2882594400
33,1185,241740224112300,2105700,2909502200,2917136300
33,1201,241740264640200,2235400,2950030100,2957664200
33,1217,241740299092800,2117800,2984482700,2992116800
33,1233,241740334672600,2619900,3020062500,3027696600
33,1249,241740381843600,3033700,3067233500,3074867600
33,1265,241740429660800,3335600,3115050700,3122684800
33,1281,241740474768500,2736100,3160158400,3167792500
33,1297,241740522489200,2785100,3207879100,3215513200
33,1313,241740571038200,2867400,3256428100,3264062200
33,1329,241740624404200,2975600,3309794100,3317428200
33,1345,241740674791900,2742400,3360181800,3367815900
33,1361,241740718308700,2726300,3403698600,3411332700
33,1377,241740763269800,2882100,3448659700,3456293800
33,1393,241740807513300,2824200,3492903200,3500537300
33,1409,241740850007000,2494900,3535396900,3543031000
33,1425,241740896156800,3181200,3581546700,3589180800
33,1441,241740945069300,2999400,3630459200,3638093300
33,1457,241740990274600,2646800,3675664500,3683298600
33,1473,241741042426000,2733700,3727815900,3735450000
33,1489,241741088492300,2902300,3773882200,3781516300
33,1505,241741135873500,2935400,3821263400,3828897500
33,1521,241741180567300,2548900,3865957200,3873591300
33,1537,241741224340900,2715700,3909730800,3917364900
33,1553,241741268968500,2685200,3954358400,3961992500
33,1569,241741318273700,2770100,4003663600,4011297700
33,1585,241741365831500,3084900,4051221400,4058855500
33,1601,241741420378300,3080800,4105768200,4113402300
33,1617,241741468589000,2960700,4153978900,4161613000
33,1633,241741514634700,3009100,4200024600,4207658700
33,1649,241741561166000,2771000,4246555900,4254190000
33,1665,241741608629500,2931300,4294019400,4301653500
33,1681,241741655571400,2984400,4340961300,4348595400
33,1697,241741706885700,2815600,4392275600,4399909700
33,1713,241741750812800,2732900,4436202700,4443836800
33,1729,241741802903500,2721700,4488293400,4495927500
33,1745,241741852164400,2782100,4537554300,4545188400
33,1761,241741897273800,2841400,4582663700,4590297800
33,1777,241741940280200,2697100,4625670100,4633304200
33,1793,241741985597500,2810300,4670987400,4678621500
33,1809,241742032202400,2965800,4717592300,4725226400
33,1825,241742075890800,2612100,4761280700,4768914800
33,1841,241742119804900,2739800,4805194800,4812828900
33,1857,241742166731400,2974000,4852121300,4859755400
33,1873,241742217873300,2868400,4903263200,4910897300
33,1889,241742263243400,2873200,4948633300,4956267400
33,1905,241742307660500,2685800,4993050400,5000684500
33,1921,241742351794200,2737600,5037184100,5044818200
33,1937,241742397081200,2951300,5082471100,5090105200
33,1953,241742440295800,2796000,5125685700,5133319800
33,1969,241742484441500,2726600,5169831400,5177465500
33,1985,241742534502800,2997500,5219892700,5227526800
33,2001,241742588042700,3082400,5273432600,5281066700
33,2017,241742634743900,2589600,5320133800,5327767900
33,2033,241742678696000,2759000,5364085900,5371720000
34,2,241737463200600,2544100,148590500,156224600
34,18,241737502309200,2172900,187699100,195333200
34,34,241737538367400,2236400,223757300,231391400
34,50,241737573377100,2188000,258767000,266401100
34,66,241737608301400,2155400,293691300,301325400
34,82,241737643605500,2210700,328995400,336629500
34,98,241737678590200,2248600,363980100,371614200
34,114,241737715050000,2264300,400439900,408074000
34,130,241737770954300,2262900,456344200,463978300
34,146,241737807831900,2252000,493221800,500855900
34,162,241737843673900,2114500,529063800,536697900
34,178,241737878422800,2142500,563812700,571446800
34,194,241737914098900,2313700,599488800,607122900
34,210,241737951011300,2189700,636401200,644035300
34,226,241737986066300,2282600,671456200,679090300
34,242,241738022637500,2295200,708027400,715661500
34,258,241738058518500,19933300,743908400,751542500
34,274,241738113245700,2259900,798635600,806269700
34,290,241738148459900,2151500,833849800,841483900
34,306,241738183283100,2178800,868673000,876307100
34,322,241738217429900,2091400,902819800,910453900
34,338,241738251862300,2263800,937252200,944886300
34,354,241738288046900,2097800,973436800,981070900
34,370,241738323943400,2152800,1009333300,1016967400
34,386,241738360166900,2188400,1045556800,1053190900
34,402,241738413142400,2227100,1098532300,1106166400
34,418,241738448406700,2130200,1133796600,1141430700
34,434,241738483091500,2131300,1168481400,1176115500
34,450,241738518228200,2146400,1203618100,1211252200
34,466,241738554182800,2277300,1239572700,1247206800
34,482,241738589953000,2232400,1275342900,1282977000
34,498,241738625597700,2186400,1310987600,1318621700
34,514,241738661302000,2280600,1346691900,1354326000
34,530,241738715350500,2188600,1400740400,1408374500
34,546,241738749979400,2126900,1435369300,1443003400
34,562,241738784352500,2118000,1469742400,1477376500
34,578,241738819037700,2369100,1504427600,1512061700
34,594,241738854406700,2145200,1539796600,1547430700
34,610,241738888948800,2139200,1574338700,1581972800
34,626,241738923808500,2205400,1609198400,1616832500
34,642,241738959579700,2255300,1644969600,1652603700
34,658,241738995024200,2439300,1680414100,1688048200
34,674,241739050885000,2136900,1736274900,1743909000
34,690,241739085078600,2108200,1770468500,1778102600
34,706,241739119528800,2432800,1804918700,1812552800
34,722,241739156345400,2178800,1841735300,1849369400
34,738,241739191643300,2173000,1877033200,1884667300
34,754,241739227484900,2254700,1912874800,1920508900
34,770,241739263164900,2251600,1948554800,1956188900
34,786,241739299102300,2226800,1984492200,1992126300
34,802,241739355119700,2213100,2040509600,2048143700
34,818,241739390722700,2176500,2076112600,2083746700
34,834,241739426475300,2267700,2111865200,2119499300
34,850,241739462162200,2169700,2147552100,2155186200
34,866,241739497012000,2133700,2182401900,2190036000
34,882,241739531252000,2117700,2216641900,2224276000
34,898,241739566311900,2209600,2251701800,2259335900
34,914,241739601986600,2199800,2287376500,2295010600
34,930,241739656423700,2156300,2341813600,2349447700
34,946,241739691082800,2199800,2376472700,2384106800
34,962,241739725529500,2117300,2410919400,2418553500
34,978,241739760436900,2142700,2445826800,2453460900
34,994,241739794697300,2141600,2480087200,2487721300
34,1010,241739831566700,2332600,2516956600,2524590700
34,1026,241739867021800,2184200,2552411700,2560045800
34,1042,241739901981500,2164200,2587371400,2595005500
34,1058,241739937979900,2250800,2623369800,2631003900
34,1074,241739979129500,2076200,2664519400,2672153500
34,1090,241740014137900,2363600,2699527800,2707161900
34,1106,241740049924300,2150100,2735314200,2742948300
34,1122,241740084727700,2192000,2770117600,2777751700
34,1138,241740120852700,2190600,2806242600,2813876700
34,1154,241740156491700,2259000,2841881600,2849515700
34,1170,241740191845500,2133500,2877235400,2884869500
34,1186,241740226333200,2211100,2911723100,2919357200
34,1202,241740266939500,2150000,2952329400,2959963500
34,1218,241740301243600,2121600,2986633500,2994267600
34,1234,241740337220400,2641900,3022610300,3030244400
34,1250,241740384795600,3063400,3070185500,3077819600
34,1266,241740432902800,3020600,3118292700,3125926800
34,1282,241740477473700,2794400,3162863600,3170497700
34,1298,241740525238300,2779500,3210628200,3218262300
34,1314,241740573862100,3112100,3259252000,3266886100
34,1330,241740627336000,3139200,3312725900,3320360000
34,1346,241740677604500,2621500,3362994400,3370628500
34,1362,241740721110500,2771200,3406500400,3414134500
34,1378,241740766221300,2782600,3451611200,3459245300
34,1394,241740810461300,2730000,3495851200,3503485300
34,1410,241740852626200,2636800,3538016100,3545650200
34,1426,241740899519400,3020500,3584909300,3592543400
34,1442,241740948241600,3015700,3633631500,3641265600
34,1458,241740993085600,2668200,3678475500,3686109600
34,1474,241741045351500,2739000,3730741400,3738375500
34,1490,241741091476900,2816000,3776866800,3784500900
34,1506,241741138940800,2943200,3824330700,3831964800
34,1522,241741183267900,2750800,3868657800,3876291900
34,1538,241741227200900,3148200,3912590800,3920224900
34,1554,241741271804700,2801600,3957194600,3964828700
34,1570,241741321081300,2618500,4006471200,4014105300
34,1586,241741369058200,2655500,4054448100,4062082200
34,1602,241741423674600,3067500,4109064500,4116698600
34,1618,241741471753700,2813100,4157143600,4164777700
34,1634,241741517854800,3143800,4203244700,4210878800
34,1650,241741564211300,2787200,4249601200,4257235300
34,1666,241741611855800,2871700,4297245700,4304879800
34,1682,241741658850900,2905500,4344240800,4351874900
34,1698,241741710001700,2718900,4395391600,4403025700
34,1714,241741753846000,2751700,4439235900,4446870000
34,1730,241741805911500,2887500,4491301400,4498935500
34,1746,241741855174400,2691300,4540564300,4548198400
34,1762,241741900356500,2813200,4585746400,4593380500
34,1778,241741943223400,2618500,4628613300,4636247400
34,1794,241741988617800,3098500,4674007700,4681641800
34,1810,241742035414100,2917200,4720804000,4728438100
34,1826,241742078724900,2591900,4764114800,4771748900
34,1842,241742122824100,2788600,4808214000,4815848100
34,1858,241742169984500,3077300,4855374400,4863008500
34,1874,241742221194000,2791600,4906583900,4914218000
34,1890,241742266617500,2735400,4952007400,4959641500
34,1906,241742310774600,2608900,4996164500,5003798600
34,1922,241742354930000,2718600,5040319900,5047954000
34,1938,241742400504500,2937600,5085894400,5093528500
34,1954,241742443513600,2730700,5128903500,5136537600
34,1970,241742487594600,2824700,5172984500,5180618600
34,1986,241742537951900,2933600,5223341800,5230975900
34,2002,241742591757800,3042700,5277147700,5284781800
34,2018,241742637863000,2632900,5323252900,5330887000
34,2034,241742682064600,2758800,5367454500,5375088600
35,3,241737465619800,2426400,151009700,158643800
35,19,241737504390100,2205500,189780000,197414100
35,35,241737540483300,2189600,225873200,233507300
35,51,241737575393700,2163000,260783600,268417700
35,67,241737610289000,2173700,295678900,303313000
35,83,241737645608400,2208700,330998300,338632400
35,99,241737680685900,2198700,366075800,373709900
35,115,241737717509400,2297700,402899300,410533400
35,131,241737773429100,2288900,458819000,466453100
35,147,241737810245800,2263600,495635700,503269800
35,163,241737845933600,2108700,531323500,538957600
35,179,241737880709200,2141500,566099100,573733200
35,195,241737916507200,2457400,601897100,609531200
35,211,241737953237200,2337200,638627100,646261200
35,227,241737988383000,2232300,673772900,681407000
35,243,241738024870000,2264600,710259900,717894000
35,259,241738078409800,2918700,763799700,771433800
35,275,241738115538500,2197500,800928400,808562500
35,291,241738150645400,2162900,836035300,843669400
35,307,241738185496500,2176000,870886400,878520500
35,323,241738219551600,2207900,904941500,912575600
35,339,241738254000000,2282900,939389900,947024000
35,355,241738289987400,2133500,975377300,983011400
35,371,241738325888400,2172600,1011278300,1018912400
35,387,241738362149800,2209000,1047539700,1055173800
35,403,241738415251900,2199000,1100641800,1108275900
35,419,241738450425100,2127500,1135815000,1143449100
35,435,241738485073500,2179100,1170463400,1178097500
35,451,241738520234200,2242600,1205624100,1213258200
35,467,241738556139300,2318800,1241529200,1249163300
35,483,241738591857000,2283600,1277246900,1284881000
35,499,241738627503000,2242900,1312892900,1320527000
35,515,241738663184800,2346400,1348574700,1356208800
35,531,241738717459100,2117800,1402849000,1410483100
35,547,241738751989900,2296700,1437379800,1445013900
35,563,241738786232400,2136500,1471622300,1479256400
35,579,241738820980300,2363300,1506370200,1514004300
35,595,241738856151400,2124100,1541541300,1549175400
35,611,241738890681900,2077600,1576071800,1583705900
35,627,241738925466600,2219000,1610856500,1618490600
35,643,241738961419700,2240600,1646809600,1654443700
35,659,241738997045700,21887000,1682435600,1690069700
35,675,241739052166700,2133600,1737556600,1745190700
35,691,241739086336500,2240500,1771726400,1779360500
35,707,241739120997400,2371100,1806387300,1814021400
35,723,241739157623300,2229300,1843013200,1850647300
35,739,241739192833600,2194600,1878223500,1885857600
35,755,241739228727400,2261400,1914117300,1921751400
35,771,241739264534000,2288100,1949923900,1957558000
35,787,241739300436400,2310000,1985826300,1993460400
35,803,241739356485400,2197500,2041875300,2049509400
35,819,241739392038700,2190400,2077428600,2085062700
35,835,241739427872900,2218300,2113262800,2120896900
35,851,241739463577500,2210000,2148967400,2156601500
35,867,241739498415800,2129200,2183805700,2191439800
35,883,241739532654700,2067100,2218044600,2225678700
35,899,241739567708600,2224900,2253098500,2260732600
35,915,241739603393200,2214000,2288783100,2296417200
35,931,241739657923400,2189300,2343313300,2350947400
35,947,241739692501400,2150400,2377891300,2385525400
35,963,241739726827100,2128800,2412217000,2419851100
35,979,241739761874200,2121500,2447264100,2454898200
35,995,241739795988200,2158300,2481378100,2489012200
35,1011,241739832960400,2294300,2518350300,2525984400
35,1027,241739868297600,2163600,2553687500,2561321600
35,1043,241739903137700,2244500,2588527600,2596161700
35,1059,241739939201900,8118600,2624591800,2632225900
35,1075,241739980280900,2097300,2665670800,2673304900
35,1091,241740015513000,2216800,2700902900,2708537000
35,1107,241740051130600,2162700,2736520500,2744154600
35,1123,241740086064300,2223500,2771454200,2779088300
35,1139,241740122191000,2194400,2807580900,2815215000
35,1155,241740157920400,2203400,2843310300,2850944400
35,1171,241740193178100,2138700,2878568000,2886202100
35,1187,241740227631100,2113800,2913021000,2920655100
35,1203,241740268041500,2156100,2953431400,2961065500
35,1219,241740302347600,2142000,2987737500,2995371600
35,1235,241740338691300,2655200,3024081200,3031715300
35,1251,241740386550700,3070600,3071940600,3079574700
35,1267,241740434768800,2784800,3120158700,3127792800
35,1283,241740479069100,3192700,3164459000,3172093100
35,1299,241740526902100,2837400,3212292000,3219926100
35,1315,241740575781800,3025100,3261171700,3268805800
35,1331,241740629245700,3214100,3314635600,3322269700
35,1347,241740679237400,2628100,3364627300,3372261400
35,1363,241740722835000,2755100,3408224900,3415859000
35,1379,241740767635900,2720300,3453025800,3460659900
35,1395,241740811807400,2737300,3497197300,3504831400
35,1411,241740853942400,2623700,3539332300,3546966400
35,1427,241740900993500,3007600,3586383400,3594017500
35,1443,241740949705000,3024300,3635094900,3642729000
35,1459,241740994357500,2644200,3679747400,3687381500
35,1475,241741048850300,2851200,3734240200,3741874300
35,1491,241741095191500,2969100,3780581400,3788215500
35,1507,241741142673900,2931100,3828063800,3835697900
35,1523,241741186725300,2733800,3872115200,3879749300
35,1539,241741231027100,2739800,3916417000,3924051100
35,1555,241741275289200,3759200,3960679100,3968313200
35,1571,241741324550700,2982000,4009940600,4017574700
35,1587,241741372493700,3133000,4057883600,4065517700
35,1603,241741427663400,3030000,4113053300,4120687400
35,1619,241741475345300,2781700,4160735200,4168369300
35,1635,241741521911600,3106500,4207301500,4214935600
35,1651,241741567911300,2693400,4253301200,4260935300
35,1667,241741615738200,2917000,4301128100,4308762200
35,1683,241741662852700,2967100,4348242600,4355876700
35,1699,241741713693700,2732700,4399083600,4406717700
35,1715,241741757656100,2936200,4443046000,4450680100
35,1731,241741809827200,2955300,4495217100,4502851200
35,1747,241741858891300,2778100,4544281200,4551915300
35,1763,241741904235300,2740200,4589625200,4597259300
35,1779,241741946785400,2669900,4632175300,4639809400
35,1795,241741992860500,2964800,4678250400,4685884500
35,1811,241742039452000,2960700,4724841900,4732476000
35,1827,241742082196000,2596900,4767585900,4775220000
35,1843,241742126520400,2709600,4811910300,4819544400
35,1859,241742174007300,3170700,4859397200,4867031300
35,1875,241742224748800,2791800,4910138700,4917772800
35,1891,241742270121600,2785300,4955511500,4963145600
35,1907,241742314090100,2961000,4999480000,5007114100
35,1923,241742358400200,2661900,5043790100,5051424200
35,1939,241742404246000,2714100,5089635900,5097270000
35,1955,241742447022600,2756100,5132412500,5140046600
35,1971,241742491209400,2738100,5176599300,5184233400
35,1987,241742541758800,2882200,5227148700,5234782800
35,2003,241742595528500,3023500,5280918400,5288552500
35,2019,241742641105100,2578300,5326495000,5334129100
35,2035,241742685519400,2698500,5370909300,5378543400
36,4,241737468145800,2349400,153535700,161169800
36,20,241737506746300,2198900,192136200,199770300
36,36,241737542880200,2159000,228270100,235904200
36,52,241737577884200,2175200,263274100,270908200
36,68,241737612750900,2172100,298140800,305774900
36,84,241737648049000,2246900,333438900,341073000
36,100,241737683115100,2321500,368505000,376139100
36,116,241737719904300,2291000,405294200,412928300
36,132,241737775815600,2303600,461205500,468839600
36,148,241737812545100,2295500,497935000,505569100
36,164,241737848075800,2140900,533465700,541099800
36,180,241737882884400,2151000,568274300,575908400
36,196,241737919271000,2246200,604660900,612295000
36,212,241737956176800,2276900,641566700,649200800
36,228,241737991167800,2220300,676557700,684191800
36,244,241738027432800,2228100,712822700,720456800
36,260,241738081650300,2453900,767040200,774674300
36,276,241738118047000,2194700,803436900,811071000
36,292,241738153077800,2173300,838467700,846101800
36,308,241738187937200,2172400,873327100,880961200
36,324,241738222007200,2067100,907397100,915031200
36,340,241738256603800,2178900,941993700,949627800
36,356,241738292354500,2154400,977744400,985378500
36,372,241738328313100,2293700,1013703000,1021337100
36,388,241738364576500,2102100,1049966400,1057600500
36,404,241738417669400,2223200,1103059300,1110693400
36,420,241738452770300,2103100,1138160200,1145794300
36,436,241738487495800,2162700,1172885700,1180519800
36,452,241738522738900,2654900,1208128800,1215762900
36,468,241738559170900,2199400,1244560800,1252194900
36,484,241738594770000,2151200,1280159900,1287794000
36,500,241738630141100,2288000,1315531000,1323165100
36,516,241738665956000,2340800,1351345900,1358980000
36,532,241738719997100,2145700,1405387000,1413021100
36,548,241738754823500,2288300,1440213400,1447847500
36,564,241738788935600,2133400,1474325500,1481959600
36,580,241738824054000,2432900,1509443900,1517078000
36,596,241738858894000,2149200,1544283900,1551918000
36,612,241738893377400,2113500,1578767300,1586401400
36,628,241738928338400,2291400,1613728300,1621362400
36,644,241738964462600,2311500,1649852500,1657486600
36,660,241739019723900,2347400,1705113800,1712747900
36,676,241739055273700,2107000,1740663600,1748297700
36,692,241739089595100,2160500,1774985000,1782619100
36,708,241739124465700,2322500,1809855600,1817489700
36,724,241739160795800,2235800,1846185700,1853819800
36,740,241739195971500,2213600,1881361400,1888995500
36,756,241739231857500,2192600,1917247400,1924881500
36,772,241739267441400,2253000,1952831300,1960465400
36,788,241739303294200,2272100,1988684100,1996318200
36,804,241739359319900,2244200,2044709800,2052343900
36,820,241739394911800,2263300,2080301700,2087935800
36,836,241739430680100,2182600,2116070000,2123704100
36,852,241739466367100,2281100,2151757000,2159391100
36,868,241739501105500,2181800,2186495400,2194129500
36,884,241739535252800,2151600,2220642700,2228276800
36,900,241739570463600,2211600,2255853500,2263487600
36,916,241739606120800,2198800,2291510700,2299144800
36,932,241739660950300,2140800,2346340200,2353974300
36,948,241739695526400,2140800,2380916300,2388550400
36,964,241739729734700,2132500,2415124600,2422758700
36,980,241739764803100,2162000,2450193000,2457827100
36,996,241739799080000,2146200,2484469900,2492104000
36,1012,241739836079200,2173000,2521469100,2529103200
36,1028,241739871293400,2199400,2556683300,2564317400
36,1044,241739906216400,2388900,2591606300,2599240400
36,1060,241739947919300,2335900,2633309200,2640943300
36,1076,241739982931500,2192500,2668321400,2675955500
36,1092,241740018093300,2195600,2703483200,2711117300
36,1108,241740053700500,2153600,2739090400,2746724500
36,1124,241740088823900,2182600,2774213800,2781847900
36,1140,241740125033300,2272200,2810423200,2818057300
36,1156,241740160711100,2261100,2846101000,2853735100
36,1172,241740195899500,2099700,2881289400,2888923500
36,1188,241740230530600,2120900,2915920500,2923554600
36,1204,241740271032900,2156000,2956422800,2964056900
36,1220,241740305349800,2157400,2990739700,2998373800
36,1236,241740342288200,2661100,3027678100,3035312200
36,1252,241740390712400,2684900,3076102300,3083736400
36,1268,241740438566400,2712900,3123956300,3131590400
36,1284,241740483320600,3069600,3168710500,3176344600
36,1300,241740530691000,2863600,3216080900,3223715000
36,1316,241740579786200,2962600,3265176100,3272810200
36,1332,241740633522600,3178500,3318912500,3326546600
36,1348,241740682644900,2663900,3368034800,3375668900
36,1364,241740726446800,2734600,3411836700,3419470800
36,1380,241740771473500,2763700,3456863400,3464497500
36,1396,241740815579900,2816200,3500969800,3508603900
36,1412,241740857710800,2602300,3543100700,3550734800
36,1428,241740905294200,3022600,3590684100,3598318200
36,1444,241740954050000,3046800,3639439900,3647074000
36,1460,241741005717000,2861900,3691106900,3698741000
36,1476,241741051862500,2976600,3737252400,3744886500
36,1492,241741098283700,2943400,3783673600,3791307700
36,1508,241741145729600,2830400,3831119500,3838753600
36,1524,241741189562300,2781200,3874952200,3882586300
36,1540,241741233879600,2696500,3919269500,3926903600
36,1556,241741278185000,4787500,3963574900,3971209000
36,1572,241741327068200,3009500,4012458100,4020092200
36,1588,241741375150000,3109800,4060539900,4068174000
36,1604,241741430227800,3057000,4115617700,4123251800
36,1620,241741477703400,2803600,4163093300,4170727400
36,1636,241741524541200,3113800,4209931100,4217565200
36,1652,241741570192800,2667000,4255582700,4263216800
36,1668,241741618224800,2977900,4303614700,4311248800
36,1684,241741665326100,2953900,4350716000,4358350100
36,1700,241741715968900,2745500,4401358800,4408992900
36,1716,241741760101300,3049200,4445491200,4453125300
36,1732,241741812298500,3020700,4497688400,4505322500
36,1748,241741861022800,2688900,4546412700,4554046800
36,1764,241741906286800,2795600,4591676700,4599310800
36,1780,241741948796100,2628500,4634186000,4641820100
36,1796,241741995087000,2957800,4680476900,4688111000
36,1812,241742041674100,2744100,4727064000,4734698100
36,1828,241742084228900,2618800,4769618800,4777252900
36,1844,241742128641300,2921000,4814031200,4821665300
36,1860,241742176219500,8649100,4861609400,4869243500
36,1876,241742226880800,2810100,4912270700,4919904800
36,1892,241742272257800,2833900,4957647700,4965281800
36,1908,241742316326400,2896100,5001716300,5009350400
36,1924,241742360417800,2981700,5045807700,5053441800
36,1940,241742406328700,2690500,5091718600,5099352700
36,1956,241742449172600,2735700,5134562500,5142196600
36,1972,241742493342900,2756000,5178732800,5186366900
36,1988,241742544009100,2822900,5229399000,5237033100
36,2004,241742597870600,3057600,5283260500,5290894600
36,2020,241742643105400,2571900,5328495300,5336129400
36,2036,241742687647000,2663500,5373036900,5380671000
37,5,241737470564600,2839500,155954500,163588600
37,21,241737508858200,2202100,194248100,201882200
37,37,241737544903200,2155500,230293100,237927200
37,53,241737579849900,2180700,265239800,272873900
37,69,241737614722200,2151600,300112100,307746200
37,85,241737650174500,2214700,335564400,343198500
37,101,241737685313500,2347500,370703400,378337500
37,117,241737722061600,2292900,407451500,415085600
37,133,241737777977700,2224100,463367600,471001700
37,149,241737814935100,2233100,500325000,507959100
37,165,241737850307500,2144300,535697400,543331500
37,181,241737885132800,2146000,570522700,578156800
37,197,241737921578700,2338400,606968600,614602700
37,213,241737958186200,2241400,643576100,651210200
37,229,241737993093500,2285900,678483400,686117500
37,245,241738029897100,2290800,715287000,722921100
37,261,241738084179100,2317300,769569000,777203100
37,277,241738120367300,2249100,805757200,813391300
37,293,241738155377600,2116200,840767500,848401600
37,309,241738190203600,2133200,875593500,883227600
37,325,241738224158500,2085800,909548400,917182500
37,341,241738258751300,2209100,944141200,951775300
37,357,241738294665900,2196300,980055800,987689900
37,373,241738330841900,2440600,1016231800,1023865900
37,389,241738366877300,2149900,1052267200,1059901300
37,405,241738420018800,2210800,1105408700,1113042800
37,421,241738455130800,2142900,1140520700,1148154800
37,437,241738489817200,2310400,1175207100,1182841200
37,453,241738525525900,2253600,1210915800,1218549900
37,469,241738561461800,2230400,1246851700,1254485800
37,485,241738597014100,2242900,1282404000,1290038100
37,501,241738632731700,2262300,1318121600,1325755700
37,517,241738668550200,2132300,1353940100,1361574200
37,533,241738722304000,2138500,1407693900,1415328000
37,549,241738757201700,2127400,1442591600,1450225700
37,565,241738791157000,2293800,1476546900,1484181000
37,581,241738826641100,2245200,1512031000,1519665100
37,597,241738861188500,2133900,1546578400,1554212500
37,613,241738895639300,2103100,1581029200,1588663300
37,629,241738930853400,2168200,1616243300,1623877400
37,645,241738966714800,2193500,1652104700,1659738800
37,661,241739021999200,2293200,1707389100,1715023200
37,677,241739057244900,2111200,1742634800,1750268900
37,693,241739091618000,2129400,1777007900,1784642000
37,709,241739126600800,2392800,1811990700,1819624800
37,725,241739162951500,2164700,1848341400,1855975500
37,741,241739198132500,2248800,1883522400,1891156500
37,757,241739233990500,2186000,1919380400,1927014500
37,773,241739269876500,2253600,1955266400,1962900500
37,789,241739305764900,2179200,1991154800,1998788900
37,805,241739361698600,2253200,2047088500,2054722600
37,821,241739397342100,2145200,2082732000,2090366100
37,837,241739433059600,2192400,2118449500,2126083600
37,853,241739468775900,2213800,2154165800,2161799900
37,869,241739503397400,2136000,2188787300,2196421400
37,885,241739537491400,2119600,2222881300,2230515400
37,901,241739572705700,2193300,2258095600,2265729700
37,917,241739608368500,2101400,2293758400,2301392500
37,933,241739663003000,2126400,2348392900,2356027000
37,949,241739697553100,2156100,2382943000,2390577100
37,965,241739731810900,2138900,2417200800,2424834900
37,981,241739766818800,2211300,2452208700,2459842800
37,997,241739801080100,2147700,2486470000,2494104100
37,1013,241739838419600,2126100,2523809500,2531443600
37,1029,241739873674100,2113200,2559064000,2566698100
37,1045,241739908790500,2404300,2594180400,2601814500
37,1061,241739950432300,2209800,2635822200,2643456300
37,1077,241739985413700,2098400,2670803600,2678437700
37,1093,241740020687000,2333500,2706076900,2713711000
37,1109,241740056219100,2205800,2741609000,2749243100
37,1125,241740091241300,2196100,2776631200,2784265300
37,1141,241740127540400,2201600,2812930300,2820564400
37,1157,241740163219700,2198200,2848609600,2856243700
37,1173,241740198204200,2129100,2883594100,2891228200
37,1189,241740233703900,2252600,2919093800,2926727900
37,1205,241740274141100,2122600,2959531000,2967165100
37,1221,241740308446600,2094800,2993836500,3001470600
37,1237,241740346144700,2626900,3031534600,3039168700
37,1253,241740394699400,2925400,3080089300,3087723400
37,1269,241740442597400,2817400,3127987300,3135621400
37,1285,241740487888300,3089600,3173278200,3180912300
37,1301,241740534970400,2813100,3220360300,3227994400
37,1317,241740584145100,2954300,3269535000,3277169100
37,1333,241740638154000,3104600,3323543900,3331178000
37,1349,241740686684900,2767900,3372074800,3379708900
37,1365,241740730512500,2770700,3415902400,3423536500
37,1381,241740775846100,2738500,3461236000,3468870100
37,1397,241740819801700,2621100,3505191600,3512825700
37,1413,241740861748000,2620000,3547137900,3554772000
37,1429,241740909946700,3083800,3595336600,3602970700
37,1445,241740958709900,2735700,3644099800,3651733900
37,1461,241741012634800,2898800,3698024700,3705658800
37,1477,241741056675800,2945800,3742065700,3749699800
37,1493,241741103083700,2973400,3788473600,3796107700
37,1509,241741150470200,2879000,3835860100,3843494200
37,1525,241741194020200,2780900,3879410100,3887044200
37,1541,241741238290600,2727000,3923680500,3931314600
37,1557,241741285162700,2768000,3970552600,3978186700
37,1573,241741332417800,2978400,4017807700,4025441800
37,1589,241741380682800,3100400,4066072700,4073706800
37,1605,241741435702300,3059200,4121092200,4128726300
37,1621,241741482707800,2745800,4168097700,4175731800
37,1637,241741529897800,2829800,4215287700,4222921800
37,1653,241741574962300,2854800,4260352200,4267986300
37,1669,241741623428000,2918300,4308817900,4316452000
37,1685,241741670576700,2960800,4355966600,4363600700
37,1701,241741720805100,2725800,4406195000,4413829100
37,1717,241741765463800,3064200,4450853700,4458487800
37,1733,241741817919800,3382300,4503309700,4510943800
37,1749,241741865948700,2768100,4551338600,4558972700
37,1765,241741911294900,2630000,4596684800,4604318900
37,1781,241741953698300,2578400,4639088200,4646722300
37,1797,241742000720100,2913000,4686110000,4693744100
37,1813,241742046857200,2913000,4732247100,4739881200
37,1829,241742089148300,2931300,4774538200,4782172300
37,1845,241742134151000,2981900,4819540900,4827175000
37,1861,241742187346400,2786000,4872736300,4880370400
37,1877,241742232191400,2779300,4917581300,4925215400
37,1893,241742277842800,2754400,4963232700,4970866800
37,1909,241742321756900,2734400,5007146800,5014780900
37,1925,241742366008000,2926600,5051397900,5059032000
37,1941,241742411388800,2686400,5096778700,5104412800
37,1957,241742454447900,2695400,5139837800,5147471900
37,1973,241742498590100,5011800,5183980000,5191614100
37,1989,241742549434300,2897900,5234824200,5242458300
37,2005,241742603805200,5027800,5289195100,5296829200
37,2021,241742648167200,2606300,5333557100,5341191200
37,2037,241742692543900,2655500,5377933800,5385567900
38,6,241737473263300,2591400,158653200,166287300
38,22,241737510973900,2518200,196363800,203997900
38,38,241737547029300,2182100,232419200,240053300
38,54,241737582001300,2142200,267391200,275025300
38,70,241737616817200,2157900,302207100,309841200
38,86,241737652361800,2178600,337751700,345385800
38,102,241737687596400,2370300,372986300,380620400
38,118,241737724289700,2304400,409679600,417313700
38,134,241737780170400,2305100,465560300,473194400
38,150,241737816977800,2216100,502367700,510001800
38,166,241737852283200,2150500,537673100,545307200
38,182,241737887095400,2176200,572485300,580119400
38,198,241737923573200,2290200,608963100,616597200
38,214,241737959991500,2220000,645381400,653015500
38,230,241737994946500,2303500,680336400,687970500
38,246,241738031291200,2386300,716681100,724315200
38,262,241738085761400,2217300,771151300,778785400
38,278,241738121869600,2215500,807259500,814893600
38,294,241738156809400,2115000,842199300,849833400
38,310,241738191667800,2138000,877057700,884691800
38,326,241738225603400,2085500,910993300,918627400
38,342,241738260368700,2231700,945758600,953392700
38,358,241738296096500,2265400,981486400,989120500
38,374,241738332418600,2270800,1017808500,1025442600
38,390,241738368265300,2175100,1053655200,1061289300
38,406,241738421517900,2210600,1106907800,1114541900
38,422,241738456448700,2335400,1141838600,1149472700
38,438,241738491291200,2299300,1176681100,1184315200
38,454,241738526816700,2270500,1212206600,1219840700
38,470,241738562748900,2225300,1248138800,1255772900
38,486,241738598318400,2430900,1283708300,1291342400
38,502,241738634155600,2307900,1319545500,1327179600
38,518,241738669965300,2131700,1355355200,1362989300
38,534,241738723808000,2292100,1409197900,1416832000
38,550,241738758838200,2103600,1444228100,1451862200
38,566,241738792939700,2185600,1478329600,1485963700
38,582,241738828457000,2199900,1513846900,1521481000
38,598,241738862901500,2154400,1548291400,1555925500
38,614,241738897376200,2275700,1582766100,1590400200
38,630,241738932566400,2193200,1617956300,1625590400
38,646,241738968471000,2203200,1653860900,1661495000
38,662,241739024165000,2661500,1709554900,1717189000
38,678,241739059330700,2127100,1744720600,1752354700
38,694,241739093719200,2127700,1779109100,1786743200
38,710,241739128956500,2362900,1814346400,1821980500
38,726,241739165057900,2293700,1850447800,1858081900
38,742,241739200440700,2229200,1885830600,1893464700
38,758,241739236296600,2229300,1921686500,1929320600
38,774,241739272066900,2271000,1957456800,1965090900
38,790,241739307852800,2375000,1993242700,2000876800
38,806,241739364073100,2231000,2049463000,2057097100
38,822,241739399657200,2343400,2085047100,2092681200
38,838,241739435316800,2374800,2120706700,2128340800
38,854,241739471054600,2272200,2156444500,2164078600
38,870,241739505590500,2124300,2190980400,2198614500
38,886,241739539697000,2121100,2225086900,2232721000
38,902,241739575086200,2179600,2260476100,2268110200
38,918,241739610643700,2105300,2296033600,2303667700
38,934,241739664979700,2152800,2350369600,2358003700
38,950,241739699681500,2119300,2385071400,2392705500
38,966,241739733983300,2164700,2419373200,2427007300
38,982,241739769060200,2112100,2454450100,2462084200
38,998,241739803258800,2126400,2488648700,2496282800
38,1014,241739840737800,2305500,2526127700,2533761800
38,1030,241739875989600,2140600,2561379500,2569013600
38,1046,241739911399300,2205100,2596789200,2604423300
38,1062,241739952940500,2341900,2638330400,2645964500
38,1078,241739987678800,2095500,2673068700,2680702800
38,1094,241740023117100,2195200,2708507000,2716141100
38,1110,241740058518500,2154000,2743908400,2751542500
38,1126,241740093671500,2310900,2779061400,2786695500
38,1142,241740129837400,2204600,2815227300,2822861400
38,1158,241740165576700,2202600,2850966600,2858600700
38,1174,241740200510300,2128900,2885900200,2893534300
38,1190,241740235266300,2474600,2920656200,2928290300
38,1206,241740275741700,2125000,2961131600,2968765700
38,1222,241740310030800,2164600,2995420700,3003054800
38,1238,241740348106100,3124800,3033496000,3041130100
38,1254,241740396884000,2938500,3082273900,3089908000
38,1270,241740444849200,2957500,3130239100,3137873200
38,1286,241740490356700,3018800,3175746600,3183380700
38,1302,241740537243000,2813800,3222632900,3230267000
38,1318,241740586529400,2908700,3271919300,3279553400
38,1334,241740640605800,3188100,3325995700,3333629800
38,1350,241740688766300,2834200,3374156200,3381790300
38,1366,241740732600400,2775500,3417990300,3425624400
38,1382,241740777915400,2781400,3463305300,3470939400
38,1398,241740821777600,2611200,3507167500,3514801600
38,1414,241740863731200,2846800,3549121100,3556755200
38,1430,241740912216600,3087800,3597606500,3605240600
38,1446,241740960752200,2755600,3646142100,3653776200
38,1462,241741016030100,2719800,3701420000,3709054100
38,1478,241741060114700,2942800,3745504600,3753138700
38,1494,241741106596200,2972700,3791986100,3799620200
38,1510,241741153874400,2717900,3839264300,3846898400
38,1526,241741197285700,2762700,3882675600,3890309700
38,1542,241741241497200,2781600,3926887100,3934521200
38,1558,241741288420900,2856500,3973810800,3981444900
38,1574,241741335780900,3043000,4021170800,4028804900
38,1590,241741384181000,3077500,4069570900,4077205000
38,1606,241741439150800,3062600,4124540700,4132174800
38,1622,241741485828500,2900100,4171218400,4178852500
38,1638,241741533072700,2741500,4218462600,4226096700
38,1654,241741578171900,2958300,4263561800,4271195900
38,1670,241741626703400,2889800,4312093300,4319727400
38,1686,241741673913400,2919300,4359303300,4366937400
38,1702,241741723872300,2742300,4409262200,4416896300
38,1718,241741768986100,3015500,4454376000,4462010100
38,1734,241741821706900,2720300,4507096800,4514730900
38,1750,241741869738200,2709400,4555128100,4562762200
38,1766,241741914893100,2605900,4600283000,4607917100
38,1782,241741957291100,2671000,4642681000,4650315100
38,1798,241742004483100,2941100,4689873000,4697507100
38,1814,241742050678500,2697200,4736068400,4743702500
38,1830,241742092933900,2634400,4778323800,4785957900
38,1846,241742138003700,2949200,4823393600,4831027700
38,1862,241742190912200,2964000,4876302100,4883936200
38,1878,241742235813200,2761800,4921203100,4928837200
38,1894,241742281346400,2694200,4966736300,4974370400
38,1910,241742325239200,2766800,5010629100,5018263200
38,1926,241742369812000,3074800,5055201900,5062836000
38,1942,241742414785000,2727600,5100174900,5107809000
38,1958,241742458018300,2767100,5143408200,5151042300
38,1974,241742505570500,2878300,5190960400,5198594500
38,1990,241742553100900,3071100,5238490800,5246124900
38,2006,241742609516000,2712100,5294905900,5302540000
38,2022,241742651444000,2775700,5336833900,5344468000
38,2038,241742695921700,2614100,5381311600,5388945700
39,7,241737476367000,2486600,161756900,169391000
39,23,241737514023700,2260300,199413600,207047700
39,39,241737549594600,2190900,234984500,242618600
39,55,241737584508600,2339800,269898500,277532600
39,71,241737619368600,2138600,304758500,312392600
39,87,241737654887300,2173600,340277200,347911300
39,103,241737690395500,2258400,375785400,383419500
39,119,241737727045600,2247200,412435500,420069600
39,135,241737782819200,2350200,468209100,475843200
39,151,241737819548900,2199500,504938800,512572900
39,167,241737854812100,2177300,540202000,547836100
39,183,241737889653900,2434600,575043800,582677900
39,199,241737926369200,2294500,611759100,619393200
39,215,241737962851100,2174800,648241000,655875100
39,231,241737997838500,2236700,683228400,690862500
39,247,241738034208000,2195600,719597900,727232000
39,263,241738088564100,2411600,773954000,781588100
39,279,241738124604600,2216500,809994500,817628600
39,295,241738159436200,2136200,844826100,852460200
39,311,241738194321000,2115500,879710900,887345000
39,327,241738228151200,2115300,913541100,921175200
39,343,241738263105100,2199700,948495000,956129100
39,359,241738298827000,2261000,984216900,991851000
39,375,241738335152200,2195600,1020542100,1028176200
39,391,241738370880000,19799500,1056269900,1063904000
39,407,241738424172500,2092300,1109562400,1117196500
39,423,241738459228700,2223400,1144618600,1152252700
39,439,241738493935000,2256200,1179324900,1186959000
39,455,241738529358400,2203300,1214748300,1222382400
39,471,241738565218300,2221000,1250608200,1258242300
39,487,241738600974400,2209400,1286364300,1293998400
39,503,241738636604100,2170400,1321994000,1329628100
39,519,241738672158000,2107500,1357547900,1365182000
39,535,241738726004500,2164500,1411394400,1419028500
39,551,241738760915300,2059100,1446305200,1453939300
39,567,241738795067100,2140000,1480457000,1488091100
39,583,241738830417800,2176100,1515807700,1523441800
39,599,241738864858700,2248300,1550248600,1557882700
39,615,241738899390200,2126000,1584780100,1592414200
39,631,241738934517000,2202600,1619906900,1627541000
39,647,241738970462600,2225000,1655852500,1663486600
39,663,241739026060100,2345600,1711450000,1719084100
39,679,241739060753600,2088100,1746143500,1753777600
39,695,241739095145100,2108900,1780535000,1788169100
39,711,241739130488300,2308400,1815878200,1823512300
39,727,241739166517900,2176800,1851907800,1859541900
39,743,241739201743400,2242800,1887133300,1894767400
39,759,241739237473400,2191800,1922863300,1930497400
39,775,241739273590700,2246400,1958980600,1966614700
39,791,241739309307900,2275500,1994697800,2002331900
39,807,241739365351400,2170700,2050741300,2058375400
39,823,241739400999700,2208200,2086389600,2094023700
39,839,241739436757200,2340400,2122147100,2129781200
39,855,241739472588400,2315800,2157978300,2165612400
39,871,241739507067500,2104600,2192457400,2200091500
39,887,241739541192200,2145800,2226582100,2234216200
39,903,241739576533600,2175300,2261923500,2269557600
39,919,241739612052300,2090500,2297442200,2305076300
39,935,241739666468700,2134900,2351858600,2359492700
39,951,241739701001600,2140200,2386391500,2394025600
39,967,241739735282100,2132400,2420672000,2428306100
39,983,241739770356800,2118400,2455746700,2463380800
39,999,241739804514100,2148600,2489904000,2497538100
39,1015,241739841169400,2322300,2526559300,2534193400
39,1031,241739876360000,2147500,2561749900,2569384000
39,1047,241739911769700,2212900,2597159600,2604793700
39,1063,241739953435500,2297900,2638825400,2646459500
39,1079,241739988183600,2111200,2673573500,2681207600
39,1095,241740023570800,2233400,2708960700,2716594800
39,1111,241740058987700,2163100,2744377600,2752011700
39,1127,241740094062300,2370700,2779452200,2787086300
39,1143,241740130329900,2214100,2815719800,2823353900
39,1159,241740166052200,2208300,2851442100,2859076200
39,1175,241740200881500,2137100,2886271400,2893905500
39,1191,241740235565700,2436000,2920955600,2928589700
39,1207,241740275940600,2124600,2961330500,2968964600
39,1223,241740310222300,2176700,2995612200,3003246300
39,1239,241740348356500,3297200,3033746400,3041380500
39,1255,241740397160900,2948400,3082550800,3090184900
39,1271,241740444937900,2955100,3130327800,3137961900
39,1287,241740490447800,3003400,3175837700,3183471800
39,1303,241740537322500,2817200,3222712400,3230346500
39,1319,241740586568200,2909900,3271958100,3279592200
39,1335,241740640653600,3196200,3326043500,3333677600
39,1351,241740688845800,2826600,3374235700,3381869800
39,1367,241740732675300,2771400,3418065200,3425699300
39,1383,241740778063700,2783500,3463453600,3471087700
39,1399,241740821920300,2615700,3507310200,3514944300
39,1415,241740863873600,2867300,3549263500,3556897600
39,1431,241740912412000,3064700,3597801900,3605436000
39,1447,241740960914900,2750200,3646304800,3653938900
39,1463,241741016894400,2697900,3702284300,3709918400
39,1479,241741061060300,2940600,3746450200,3754084300
39,1495,241741107532900,2990800,3792922800,3800556900
39,1511,241741154760900,2727400,3840150800,3847784900
39,1527,241741198228300,2725000,3883618200,3891252300
39,1543,241741242403700,2802400,3927793600,3935427700
39,1559,241741289346100,2995500,3974736000,3982370100
39,1575,241741336821700,3102100,4022211600,4029845700
39,1591,241741385299500,3101100,4070689400,4078323500
39,1607,241741440291000,3060500,4125680900,4133315000
39,1623,241741486806000,2924200,4172195900,4179830000
39,1639,241741534022000,2794100,4219411900,4227046000
39,1655,241741579146900,3594500,4264536800,4272170900
39,1671,241741627636500,2917800,4313026400,4320660500
39,1687,241741674848500,2947500,4360238400,4367872500
39,1703,241741724738000,2751300,4410127900,4417762000
39,1719,241741769937000,2997900,4455326900,4462961000
39,1735,241741822533200,2720600,4507923100,4515557200
39,1751,241741869961800,2713200,4555351700,4562985800
39,1767,241741915104600,2621000,4600494500,4608128600
39,1783,241741957498400,2680900,4642888300,4650522400
39,1799,241742004772700,2901300,4690162600,4697796700
39,1815,241742051037700,2663600,4736427600,4744061700
39,1831,241742093253200,2669500,4778643100,4786277200
39,1847,241742138416800,2961300,4823806700,4831440800
39,1863,241742191298100,2972200,4876688000,4884322100
39,1879,241742236233500,2766100,4921623400,4929257500
39,1895,241742281754900,2708500,4967144800,4974778900
39,1911,241742325762700,2860700,5011152600,5018786700
39,1927,241742370480500,2998100,5055870400,5063504500
39,1943,241742415331900,2735300,5100721800,5108355900
39,1959,241742458586000,2751700,5143975900,5151610000
39,1975,241742506213000,2872600,5191602900,5199237000
39,1991,241742553844600,3046400,5239234500,5246868600
39,2007,241742610155000,2711400,5295544900,5303179000
39,2023,241742652136000,2917800,5337525900,5345160000
39,2039,241742696621000,2599300,5382010900,5389645000
40,8,241737478456500,2631100,163846400,171480500
40,24,241737516010900,2291700,201400800,209034900
40,40,241737551494900,2194700,236884800,244518900
40,56,241737586671200,2157800,272061100,279695200
40,72,241737621364300,2113700,306754200,314388300
40,88,241737656968700,2198000,342358600,349992700
40,104,241737692564500,2231200,377954400,385588500
40,120,241737728983100,2225700,414373000,422007100
40,136,241737784899100,2295500,470289000,477923100
40,152,241737821460100,2162200,506850000,514484100
40,168,241737856710800,2118000,542100700,549734800
40,184,241737891665600,2300800,577055500,584689600
40,200,241737928291200,2492600,613681100,621315200
40,216,241737964642000,2163800,650031900,657666000
40,232,241737999680800,2349900,685070700,692704800
40,248,241738036313000,2251300,721702900,729337000
40,264,241738091052400,2258000,776442300,784076400
40,280,241738126760900,2149200,812150800,819784900
40,296,241738161513400,2104000,846903300,854537400
40,312,241738196347500,2121300,881737400,889371500
40,328,241738230178800,2099100,915568700,923202800
40,344,241738265188600,2181200,950578500,958212600
40,360,241738300995500,2494900,986385400,994019500
40,376,241738337235200,2208300,1022625100,1030259200
40,392,241738372884100,20236000,1058274000,1065908100
40,408,241738426152600,2254100,1111542500,1119176600
40,424,241738461397700,2101700,1146787600,1154421700
40,440,241738496132300,2199700,1181522200,1189156300
40,456,241738531688700,2229500,1217078600,1224712700
40,472,241738567563400,2162400,1252953300,1260587400
40,488,241738603459800,2266800,1288849700,1296483800
40,504,241738639007000,2187800,1324396900,1332031000
40,520,241738674650500,2095700,1360040400,1367674500
40,536,241738728613300,2162200,1414003200,1421637300
40,552,241738763286700,2067400,1448676600,1456310700
40,568,241738797550400,2136700,1482940300,1490574400
40,584,241738832925500,2101400,1518315400,1525949500
40,600,241738867438900,2234200,1552828800,1560462900
40,616,241738901830400,2103400,1587220300,1594854400
40,632,241738937164500,2539000,1622554400,1630188500
40,648,241738973427700,2167800,1658817600,1666451700
40,664,241739029508500,2199300,1714898400,1722532500
40,680,241739063928000,2144300,1749317900,1756952000
40,696,241739098345600,2131400,1783735500,1791369600
40,712,241739134120000,2283500,1819509900,1827144000
40,728,241739169937100,2200500,1855327000,1862961100
40,744,241739205410700,2223700,1890800600,1898434700
40,760,241739241204300,2332700,1926594200,1934228300
40,776,241739277451400,2637800,1962841300,1970475400
40,792,241739332794700,2767800,2018184600,2025818700
40,808,241739369446900,2124600,2054836800,2062470900
40,824,241739405231500,2211400,2090621400,2098255500
40,840,241739441016800,2251600,2126406700,2134040800
40,856,241739476755400,2153700,2162145300,2169779400
40,872,241739510883200,2085100,2196273100,2203907200
40,888,241739544988600,2123800,2230378500,2238012600
40,904,241739580476600,2271300,2265866500,2273500600
40,920,241739615855800,2088600,2301245700,2308879800
40,936,241739670457600,2226700,2355847500,2363481600
40,952,241739705224500,2115400,2390614400,2398248500
40,968,241739739434000,2191400,2424823900,2432458000
40,984,241739774470000,2105700,2459859900,2467494000
40,1000,241739808561900,2109600,2493951800,2501585900
40,1016,241739846122400,2183400,2531512300,2539146400
40,1032,241739881020900,2145300,2566410800,2574044900
40,1048,241739916538700,2220300,2601928600,2609562700
40,1064,241739958174900,2177100,2643564800,2651198900
40,1080,241739992591100,2131300,2677981000,2685615100
40,1096,241740028247100,2221400,2713637000,2721271100
40,1112,241740063748100,2150400,2749138000,2756772100
40,1128,241740099152400,2234400,2784542300,2792176400
40,1144,241740134951700,2239200,2820341600,2827975700
40,1160,241740170586000,2264600,2855975900,2863610000
40,1176,241740205699300,2158900,2891089200,2898723300
40,1192,241740240675400,7789000,2926065300,2933699400
40,1208,241740280746100,2140000,2966136000,2973770100
40,1224,241740315081100,2183300,3000471000,3008105100
40,1240,241740355667100,3017800,3041057000,3048691100
40,1256,241740403575800,2932100,3088965700,3096599800
40,1272,241740451598700,2692400,3136988600,3144622700
40,1288,241740497236100,2942800,3182626000,3190260100
40,1304,241740543639300,2823200,3229029200,3236663300
40,1320,241740593242400,2981100,3278632300,3286266400
40,1336,241740647481800,2786600,3332871700,3340505800
40,1352,241740695180100,2721400,3380570000,3388204100
40,1368,241740738975800,2773800,3424365700,3431999800
40,1384,241740784821300,2897700,3470211200,3477845300
40,1400,241740828417300,2635000,3513807200,3521441300
40,1416,241740871199400,3037000,3556589300,3564223400
40,1432,241740919844900,3056100,3605234800,3612868900
40,1448,241740967756000,2777900,3653145900,3660780000
40,1464,241741022069000,2735800,3707458900,3715093000
40,1480,241741066739600,2955400,3752129500,3759763600
40,1496,241741113265200,2951500,3798655100,3806289200
40,1512,241741159937000,2740900,3845326900,3852961000
40,1528,241741203523300,2746800,3888913200,3896547300
40,1544,241741247733600,2760900,3933123500,3940757600
40,1560,241741294544800,3084200,3979934700,3987568800
40,1576,241741342156300,3012200,4027546200,4035180300
40,1592,241741390667700,8715900,4076057600,4083691700
40,1608,241741445551000,3123400,4130940900,4138575000
40,1624,241741491736000,2734900,4177125900,4184760000
40,1640,241741538795200,2725400,4224185100,4231819200
40,1656,241741585494600,2926900,4270884500,4278518600
40,1672,241741632621700,2897700,4318011600,4325645700
40,1688,241741679899100,2759100,4365289000,4372923100
40,1704,241741729436000,2752500,4414825900,4422460000
40,1720,241741775249600,2867200,4460639500,4468273600
40,1736,241741827176900,4994600,4512566800,4520200900
40,1752,241741874994000,2729400,4560383900,4568018000
40,1768,241741919889700,2689500,4605279600,4612913700
40,1784,241741962292300,2673100,4647682200,4655316300
40,1800,241742009908800,2853400,4695298700,4702932800
40,1816,241742056018900,2644300,4741408800,4749042900
40,1832,241742098332400,2816200,4783722300,4791356400
40,1848,241742143991000,2992100,4829380900,4837015000
40,1864,241742196721400,2711200,4882111300,4889745400
40,1880,241742241628100,3021200,4927018000,4934652100
40,1896,241742286843700,2742400,4972233600,4979867700
40,1912,241742330915600,2700400,5016305500,5023939600
40,1928,241742375793100,2741000,5061183000,5068817100
40,1944,241742420230300,2667600,5105620200,5113254300
40,1960,241742463576700,2792300,5148966600,5156600700
40,1976,241742511403400,3071400,5196793300,5204427400
40,1992,241742559339800,8704000,5244729700,5252363800
40,2008,241742615072300,2603100,5300462200,5308096300
40,2024,241742657211700,2730000,5342601600,5350235700
40,2040,241742701248000,2606400,5386637900,5394272000
41,9,241737481154400,3323800,166544300,174178400
41,25,241737518367000,2225900,203756900,211391000
41,41,241737553724000,2129100,239113900,246748000
41,57,241737588771400,2181500,274161300,281795400
41,73,241737623419300,2148300,308809200,316443300
41,89,241737659319800,2196400,344709700,352343800
41,105,241737694915500,2276400,380305400,387939500
41,121,241737731367100,2224300,416757000,424391100
41,137,241737787449900,2337000,472839800,480473900
41,153,241737823861500,2137000,509251400,516885500
41,169,241737859060500,2189400,544450400,552084500
41,185,241737894240300,2404700,579630200,587264300
41,201,241737931275400,2296400,616665300,624299400
41,217,241737967278600,2143300,652668500,660302600
41,233,241738002554900,2228100,687944800,695578900
41,249,241738039032800,2220200,724422700,732056800
41,265,241738093956700,2289400,779346600,786980700
41,281,241738129689100,2110000,815079000,822713100
41,297,241738164430700,2128600,849820600,857454700
41,313,241738199315000,2156200,884704900,892339000
41,329,241738233165500,2110800,918555400,926189500
41,345,241738268638800,2226100,954028700,961662800
41,361,241738304181100,2273000,989571000,997205100
41,377,241738340136100,2201700,1025526000,1033160100
41,393,241738393775700,2223600,1079165600,1086799700
41,409,241738429084000,2167200,1114473900,1122108000
41,425,241738464030100,2123000,1149420000,1157054100
41,441,241738499086200,2240900,1184476100,1192110200
41,457,241738534902900,2220000,1220292800,1227926900
41,473,241738570680100,2124600,1256070000,1263704100
41,489,241738606574000,2157300,1291963900,1299598000
41,505,241738642139200,2162700,1327529100,1335163200
41,521,241738677650800,2175700,1363040700,1370674800
41,537,241738731672100,2107800,1417062000,1424696100
41,553,241738766231200,2165400,1451621100,1459255200
41,569,241738800505700,2175600,1485895600,1493529700
41,585,241738836070000,2131700,1521459900,1529094000
41,601,241738870916500,2153100,1556306400,1563940500
41,617,241738905139900,2147000,1590529800,1598163900
41,633,241738940698100,2158800,1626088000,1633722100
41,649,241738976415900,2153700,1661805800,1669439900
41,665,241739032289800,2176000,1717679700,1725313800
41,681,241739066615700,2178600,1752005600,1759639700
41,697,241739101010800,2144200,1786400700,1794034800
41,713,241739136847800,2277600,1822237700,1829871800
41,729,241739172597400,2154200,1857987300,1865621400
41,745,241739208027800,2256800,1893417700,1901051800
41,761,241739243751800,2301800,1929141700,1936775800
41,777,241739280226800,2206200,1965616700,1973250800
41,793,241739335312000,2395900,2020701900,2028336000
41,809,241739371368700,2325200,2056758600,2064392700
41,825,241739406821500,2257300,2092211400,2099845500
41,841,241739442479300,2290900,2127869200,2135503300
41,857,241739478188400,2186100,2163578300,2171212400
41,873,241739512338800,2118900,2197728700,2205362800
41,889,241739546495500,2136800,2231885400,2239519500
41,905,241739582089800,2249700,2267479700,2275113800
41,921,241739617322400,2117100,2302712300,2310346400
41,937,241739671904100,2223700,2357294000,2364928100
41,953,241739706566300,2101500,2391956200,2399590300
41,969,241739740812100,2159200,2426202000,2433836100
41,985,241739775757200,2099400,2461147100,2468781200
41,1001,241739809870100,2481900,2495260000,2502894100
41,1017,241739847581100,2166600,2532971000,2540605100
41,1033,241739882449700,2100000,2567839600,2575473700
41,1049,241739918022900,2196100,2603412800,2611046900
41,1065,241739959744700,2118200,2645134600,2652768700
41,1081,241739994097100,2117800,2679487000,2687121100
41,1097,241740029731600,2339300,2715121500,2722755600
41,1113,241740065064900,2166800,2750454800,2758088900
41,1129,241740100608500,2339900,2785998400,2793632500
41,1145,241740136609400,2235700,2821999300,2829633400
41,1161,241740172297000,2394200,2857686900,2865321000
41,1177,241740207309800,2182300,2892699700,2900333800
41,1193,241740247661900,2197000,2933051800,2940685900
41,1209,241740282068300,2145000,2967458200,2975092300
41,1225,241740316443000,2142100,3001832900,3009467000
41,1241,241740357507400,3042200,3042897300,3050531400
41,1257,241740405332300,2996300,3090722200,3098356300
41,1273,241740453266100,2613900,3138656000,3146290100
41,1289,241740499008300,3015600,3184398200,3192032300
41,1305,241740545383300,2767400,3230773200,3238407300
41,1321,241740595078100,2967900,3280468000,3288102100
41,1337,241740649249800,2765200,3334639700,3342273800
41,1353,241740696812800,2771700,3382202700,3389836800
41,1369,241740740664600,2767600,3426054500,3433688600
41,1385,241740786336000,2693800,3471725900,3479360000
41,1401,241740829694600,2595600,3515084500,3522718600
41,1417,241740872667900,3041000,3558057800,3565691900
41,1433,241740921311700,3035100,3606701600,3614335700
41,1449,241740969107300,2745400,3654497200,3662131300
41,1465,241741024090900,2608500,3709480800,3717114900
41,1481,241741068856600,2969100,3754246500,3761880600
41,1497,241741115392700,2851500,3800782600,3808416700
41,1513,241741161861700,2748000,3847251600,3854885700
41,1529,241741205478100,2719600,3890868000,3898502100
41,1545,241741249667400,2797400,3935057300,3942691400
41,1561,241741297296300,3072600,3982686200,3990320300
41,1577,241741344876300,3011200,4030266200,4037900300
41,1593,241741399071700,3102100,4084461600,4092095700
41,1609,241741448319500,3134900,4133709400,4141343500
41,1625,241741494183100,2929800,4179573000,4187207100
41,1641,241741541300100,2810900,4226690000,4234324100
41,1657,241741588377600,3005600,4273767500,4281401600
41,1673,241741635477100,2894100,4320867000,4328501100
41,1689,241741682553900,8731300,4367943800,4375577900
41,1705,241741732156900,2780600,4417546800,4425180900
41,1721,241741777964000,3203400,4463353900,4470988000
41,1737,241741832293400,3280400,4517683300,4525317400
41,1753,241741877371200,2768200,4562761100,4570395200
41,1769,241741922260700,2668100,4607650600,4615284700
41,1785,241741964627200,2651600,4650017100,4657651200
41,1801,241742012321600,2898600,4697711500,4705345600
41,1817,241742058155600,2701800,4743545500,4751179600
41,1833,241742100628600,2755500,4786018500,4793652600
41,1849,241742146359800,2956800,4831749700,4839383800
41,1865,241742198864300,2724500,4884254200,4891888300
41,1881,241742244037500,2792800,4929427400,4937061500
41,1897,241742288995400,2699100,4974385300,4982019400
41,1913,241742333068000,2709400,5018457900,5026092000
41,1929,241742377928100,2399300,5063318000,5070952100
41,1945,241742422285600,2638300,5107675500,5115309600
41,1961,241742465707700,2751100,5151097600,5158731700
41,1977,241742513733600,3060300,5199123500,5206757600
41,1993,241742561613100,8695400,5247003000,5254637100
41,2009,241742617024100,2609800,5302414000,5310048100
41,2025,241742659258100,2734600,5344648000,5352282100
41,2041,241742703209800,2722900,5388599700,5396233800
42,10,241737484514700,2350600,169904600,177538700
42,26,241737520628400,2226100,206018300,213652400
42,42,241737555916500,2277600,241306400,248940500
42,58,241737591045100,2158600,276435000,284069100
42,74,241737625684700,2127500,311074600,318708700
42,90,241737661306200,2208000,346696100,354330200
42,106,241737697257300,2273100,382647200,390281300
42,122,241737733627400,2133600,419017300,426651400
42,138,241737789888500,2357300,475278400,482912500
42,154,241737826087400,2198400,511477300,519111400
42,170,241737861345000,2169500,546734900,554369000
42,186,241737896699700,2242500,582089600,589723700
42,202,241737933509100,2300200,618899000,626533100
42,218,241737969392000,2124000,654781900,662416000
42,234,241738004818900,2233500,690208800,697842900
42,250,241738041156200,2244800,726546100,734180200
42,266,241738096413700,2324000,781803600,789437700
42,282,241738131891600,2155700,817281500,824915600
42,298,241738166648900,2131300,852038800,859672900
42,314,241738201561500,2097600,886951400,894585500
42,330,241738235339700,2290200,920729600,928363700
42,346,241738270986000,2133900,956375900,964010000
42,362,241738306488100,2169000,991878000,999512100
42,378,241738342372200,2169800,1027762100,1035396200
42,394,241738396032400,2186200,1081422300,1089056400
42,410,241738431285000,2132200,1116674900,1124309000
42,426,241738466279600,2136700,1151669500,1159303600
42,442,241738501237000,2190800,1186626900,1194261000
42,458,241738536808500,2279900,1222198400,1229832500
42,474,241738572509500,2146100,1257899400,1265533500
42,490,241738608394200,2192900,1293784100,1301418200
42,506,241738643952500,2176600,1329342400,1336976500
42,522,241738679355600,2221000,1364745500,1372379600
42,538,241738733317500,2140600,1418707400,1426341500
42,554,241738767934300,2118100,1453324200,1460958300
42,570,241738802236300,2203400,1487626200,1495260300
42,586,241738837647300,2146400,1523037200,1530671300
42,602,241738872274200,2118600,1557664100,1565298200
42,618,241738906510000,2140400,1591899900,1599534000
42,634,241738942505500,2187500,1627895400,1635529500
42,650,241738978165500,2173500,1663555400,1671189500
42,666,241739034047500,2137000,1719437400,1727071500
42,682,241739068384200,2160400,1753774100,1761408200
42,698,241739102774100,2110400,1788164000,1795798100
42,714,241739138706300,2257100,1824096200,1831730300
42,730,241739174357700,2178800,1859747600,1867381700
42,746,241739209783600,2228700,1895173500,1902807600
42,762,241739245634000,2313400,1931023900,1938658000
42,778,241739281879400,2203300,1967269300,1974903400
42,794,241739337351200,2191000,2022741100,2030375200
42,810,241739373321500,2355800,2058711400,2066345500
42,826,241739409257200,2186000,2094647100,2102281200
42,842,241739445183100,2268900,2130573000,2138207100
42,858,241739480840000,2099800,2166229900,2173864000
42,874,241739514888200,2091000,2200278100,2207912200
42,890,241739549061700,2145700,2234451600,2242085700
42,906,241739584785800,2264100,2270175700,2277809800
42,922,241739619886400,2091300,2305276300,2312910400
42,938,241739674829800,2136800,2360219700,2367853800
42,954,241739709331400,2158700,2394721300,2402355400
42,970,241739743668000,2158900,2429057900,2436692000
42,986,241739778558100,2099800,2463948000,2471582100
42,1002,241739812977900,3728500,2498367800,2506001900
42,1018,241739850225000,2155100,2535614900,2543249000
42,1034,241739885027300,2137000,2570417200,2578051300
42,1050,241739920649800,2201300,2606039700,2613673800
42,1066,241739962267900,2131000,2647657800,2655291900
42,1082,241739996664800,2292000,2682054700,2689688800
42,1098,241740032586100,2294100,2717976000,2725610100
42,1114,241740067747800,2146800,2753137700,2760771800
42,1130,241740103440700,2339900,2788830600,2796464700
42,1146,241740139324100,2254100,2824714000,2832348100
42,1162,241740175248300,2154800,2860638200,2868272300
42,1178,241740209903200,2122900,2895293100,2902927200
42,1194,241740250520300,2116600,2935910200,2943544300
42,1210,241740284918300,2119200,2970308200,2977942300
42,1226,241740319311600,2152400,3004701500,3012335600
42,1242,241740361624400,3024000,3047014300,3054648400
42,1258,241740409509700,3035100,3094899600,3102533700
42,1274,241740456785700,2776900,3142175600,3149809700
42,1290,241740502955600,2964100,3188345500,3195979600
42,1306,241740549025600,2843100,3234415500,3242049600
42,1322,241740599014000,2995000,3284403900,3292038000
42,1338,241740652828000,4096900,3338217900,3345852000
42,1354,241740700452100,2708900,3385842000,3393476100
42,1370,241740744300800,3065300,3429690700,3437324800
42,1386,241740789872700,2684900,3475262600,3482896700
42,1402,241740833257200,2637700,3518647100,3526281200
42,1418,241740876863600,3044600,3562253500,3569887600
42,1434,241740925498000,3079900,3610887900,3618522000
42,1450,241740972882200,2843600,3658272100,3665906200
42,1466,241741026556900,2654300,3711946800,3719580900
42,1482,241741071664600,2953500,3757054500,3764688600
42,1498,241741118120600,3751200,3803510500,3811144600
42,1514,241741164488800,2954400,3849878700,3857512800
42,1530,241741208091300,2718800,3893481200,3901115300
42,1546,241741252349600,2693700,3937739500,3945373600
42,1562,241741300241400,3033900,3985631300,3993265400
42,1578,241741347727100,3024800,4033117000,4040751100
42,1594,241741401914700,3078900,4087304600,4094938700
42,1610,241741451198000,3114000,4136587900,4144222000
42,1626,241741496897400,2873100,4182287300,4189921400
42,1642,241741543875100,2779900,4229265000,4236899100
42,1658,241741591013500,3007300,4276403400,4284037500
42,1674,241741638008400,2934300,4323398300,4331032400
42,1690,241741690149100,3764100,4375539000,4383173100
42,1706,241741734616700,2745400,4420006600,4427640700
42,1722,241741780826500,3073300,4466216400,4473850500
42,1738,241741835186900,2744200,4520576800,4528210900
42,1754,241741879907700,2762400,4565297600,4572931700
42,1770,241741924673300,2610700,4610063200,4617697300
42,1786,241741967024500,2678000,4652414400,4660048500
42,1802,241742014892000,2769000,4700281900,4707916000
42,1818,241742060563300,2598300,4745953200,4753587300
42,1834,241742103083900,2714900,4788473800,4796107900
42,1850,241742148989800,2950700,4834379700,4842013800
42,1866,241742201251200,2745600,4886641100,4894275200
42,1882,241742246494300,2809300,4931884200,4939518300
42,1898,241742291359400,2714800,4976749300,4984383400
42,1914,241742335324400,2810900,5020714300,5028348400
42,1930,241742379887900,3528800,5065277800,5072911900
42,1946,241742424567600,2470100,5109957500,5117591600
42,1962,241742468081100,2763400,5153471000,5161105100
42,1978,241742516383200,3099300,5201773100,5209407200
42,1994,241742570148200,3042800,5255538100,5263172200
42,2010,241742619490200,2580200,5304880100,5312514200
42,2026,241742661883900,2749400,5347273800,5354907900
42,2042,241742705828700,2665600,5391218600,5398852700
43,11,241737486932300,2254200,172322200,179956300
43,27,241737522948000,2214600,208337900,215972000
43,43,241737558244100,2232600,243634000,251268100
43,59,241737593292500,2176900,278682400,286316500
43,75,241737627873400,2147900,313263300,320897400
43,91,241737663606100,2181000,348996000,356630100
43,107,241737699564600,2262200,384954500,392588600
43,123,241737735796200,2151400,421186100,428820200
43,139,241737792425200,2255300,477815100,485449200
43,155,241737828428500,2339800,513818400,521452500
43,171,241737863668300,2127500,549058200,556692300
43,187,241737899279300,2230500,584669200,592303300
43,203,241737936093200,2312000,621483100,629117200
43,219,241737971756000,2116400,657145900,664780000
43,235,241738007269800,2240000,692659700,700293800
43,251,241738043744600,2234400,729134500,736768600
43,267,241738098818600,2299900,784208500,791842600
43,283,241738134164000,2113200,819553900,827188000
43,299,241738168841200,2137900,854231100,861865200
43,315,241738203720800,2110800,889110700,896744800
43,331,241738237689500,2262400,923079400,930713500
43,347,241738273153700,2170700,958543600,966177700
43,363,241738309041300,2191300,994431200,1002065300
43,379,241738344955300,2184500,1030345200,1037979300
43,395,241738398613000,2201300,1084002900,1091637000
43,411,241738433816100,2133100,1119206000,1126840100
43,427,241738468940800,2158400,1154330700,1161964800
43,443,241738503996600,2179900,1189386500,1197020600
43,459,241738539854100,2301600,1225244000,1232878100
43,475,241738575446000,2238300,1260835900,1268470000
43,491,241738611360700,2220700,1296750600,1304384700
43,507,241738646932500,2309100,1332322400,1339956500
43,523,241738682505400,2351000,1367895300,1375529400
43,539,241738736386300,2161600,1421776200,1429410300
43,555,241738770877200,2106100,1456267100,1463901200
43,571,241738805331100,2130800,1490721000,1498355100
43,587,241738840657800,2162800,1526047700,1533681800
43,603,241738875316500,2133700,1560706400,1568340500
43,619,241738909578600,2137100,1594968500,1602602600
43,635,241738945366900,2200000,1630756800,1638390900
43,651,241738980845000,2180700,1666234900,1673869000
43,667,241739036841400,2157200,1722231300,1729865400
43,683,241739071184600,2187500,1756574500,1764208600
43,699,241739105530500,2126500,1790920400,1798554500
43,715,241739141672100,2243900,1827062000,1834696100
43,731,241739177250900,2185800,1862640800,1870274900
43,747,241739212842400,2242400,1898232300,1905866400
43,763,241739248575000,2240600,1933964900,1941599000
43,779,241739284726700,2215600,1970116600,1977750700
43,795,241739340049300,2320500,2025439200,2033073300
43,811,241739376148700,2159200,2061538600,2069172700
43,827,241739411985300,2328200,2097375200,2105009300
43,843,241739447766600,2233700,2133156500,2140790600
43,859,241739483229300,2123400,2168619200,2176253300
43,875,241739517271100,2151300,2202661000,2210295100
43,891,241739551510600,2235700,2236900500,2244534600
43,907,241739587364000,2222300,2272753900,2280388000
43,923,241739622282700,2254300,2307672600,2315306700
43,939,241739677123200,2164400,2362513100,2370147200
43,955,241739711646800,2144500,2397036700,2404670800
43,971,241739745995500,2135900,2431385400,2439019500
43,987,241739780861700,2119600,2466251600,2473885700
43,1003,241739816537900,2214300,2501927800,2509561900
43,1019,241739852097100,2142900,2537487000,2545121100
43,1035,241739886874100,2143500,2572264000,2579898100
43,1051,241739922655900,2276900,2608045800,2615679900
43,1067,241739964254700,2124000,2649644600,2657278700
43,1083,241739998802500,2246000,2684192400,2691826500
43,1099,241740034618600,2215300,2720008500,2727642600
43,1115,241740069621000,2106600,2755010900,2762645000
43,1131,241740105438100,2436900,2790828000,2798462100
43,1147,241740141112600,2319200,2826502500,2834136600
43,1163,241740177017800,2196100,2862407700,2870041800
43,1179,241740211696500,2102900,2897086400,2904720500
43,1195,241740252338900,2123700,2937728800,2945362900
43,1211,241740286669100,2139200,2972059000,2979693100
43,1227,241740321063700,2176400,3006453600,3014087700
43,1243,241740364091400,3034700,3049481300,3057115400
43,1259,241740411993200,3048200,3097383100,3105017200
43,1275,241740459188400,2691100,3144578300,3152212400
43,1291,241740505489800,3044900,3190879700,3198513800
43,1307,241740551461400,6670400,3236851300,3244485400
43,1323,241740601499400,2950100,3286889300,3294523400
43,1339,241740655601000,6468900,3340990900,3348625000
43,1355,241740702760700,2721500,3388150600,3395784700
43,1371,241740746907900,2870300,3432297800,3439931900
43,1387,241740792041800,2714900,3477431700,3485065800
43,1403,241740835250800,2632600,3520640700,3528274800
43,1419,241740879174300,3025000,3564564200,3572198300
43,1435,241740927776700,3165400,3613166600,3620800700
43,1451,241740975053000,2791400,3660442900,3668077000
43,1467,241741030416800,2596300,3715806700,3723440800
43,1483,241741076025400,2800600,3761415300,3769049400
43,1499,241741123147700,2822900,3808537600,3816171700
43,1515,241741168670500,2707200,3854060400,3861694500
43,1531,241741211988800,2763200,3897378700,3905012800
43,1547,241741256286000,2751600,3941675900,3949310000
43,1563,241741304595700,3107200,3989985600,3997619700
43,1579,241741352068300,2863700,4037458200,4045092300
43,1595,241741406390700,3056400,4091780600,4099414700
43,1611,241741455642100,2789500,4141032000,4148666100
43,1627,241741501045100,2719300,4186435000,4194069100
43,1643,241741547802300,2861900,4233192200,4240826300
43,1659,241741595217700,2961000,4280607600,4288241700
43,1675,241741642129400,2912100,4327519300,4335153400
43,1691,241741694936400,2613400,4380326300,4387960400
43,1707,241741738462300,2750400,4423852200,4431486300
43,1723,241741784895100,2719900,4470285000,4477919100
43,1739,241741839161100,2803300,4524551000,4532185100
43,1755,241741883702300,3068700,4569092200,4576726300
43,1771,241741928293400,2612600,4613683300,4621317400
43,1787,241741970858700,5367200,4656248600,4663882700
43,1803,241742018796200,2971200,4704186100,4711820200
43,1819,241742064145800,2610700,4749535700,4757169800
43,1835,241742106831300,2637300,4792221200,4799855300
43,1851,241742153098100,2970300,4838488000,4846122100
43,1867,241742205121400,2776500,4890511300,4898145400
43,1883,241742250571100,2891700,4935961000,4943595100
43,1899,241742295201300,2733900,4980591200,4988225300
43,1915,241742339368800,2734100,5024758700,5032392800
43,1931,241742384593400,2789700,5069983300,5077617400
43,1947,241742427913900,2891100,5113303800,5120937900
43,1963,241742472033500,2805100,5157423400,5165057500
43,1979,241742520760600,3015800,5206150500,5213784600
43,1995,241742574293400,3037500,5259683300,5267317400
43,2011,241742622986100,2610300,5308376000,5316010100
43,2027,241742665571900,2704400,5350961800,5358595900
43,2043,241742709437400,2798600,5394827300,5402461400
44,12,241737489155200,2267000,174545100,182179200
44,28,241737525097500,2357000,210487400,218121500
44,44,241737560383100,2181800,245773000,253407100
44,60,241737595318300,2128500,280708200,288342300
44,76,241737629874500,2166100,315264400,322898500
44,92,241737665938800,2162700,351328700,358962800
44,108,241737701733400,2259900,387123300,394757400
44,124,241737737835600,2222200,423225500,430859600
44,140,241737794405700,2316500,479795600,487429700
44,156,241737830472400,2437300,515862300,523496400
44,172,241737865529800,2166300,550919700,558553800
44,188,241737901356700,2207800,586746600,594380700
44,204,241737938021400,2310400,623411300,631045400
44,220,241737973567900,2128000,658957800,666591900
44,236,241738009103900,2249400,694493800,702127900
44,252,241738045487200,2220000,730877100,738511200
44,268,241738100378900,2236500,785768800,793402900
44,284,241738135609600,2115800,820999500,828633600
44,300,241738170287900,2157500,855677800,863311900
44,316,241738205130600,2101200,890520500,898154600
44,332,241738239248300,2110500,924638200,932272300
44,348,241738274607800,2499800,959997700,967631800
44,364,241738310548100,2158600,995938000,1003572100
44,380,241738346374100,2470500,1031764000,1039398100
44,396,241738400111800,2150500,1085501700,1093135800
44,412,241738435268100,2192000,1120658000,1128292100
44,428,241738470288400,2148700,1155678300,1163312400
44,444,241738505307100,2177500,1190697000,1198331100
44,460,241738540942100,2220100,1226332000,1233966100
44,476,241738576410600,2344200,1261800500,1269434600
44,492,241738612390100,2202600,1297780000,1305414100
44,508,241738648031000,2296900,1333420900,1341055000
44,524,241738683623200,2260500,1369013100,1376647200
44,540,241738737387300,2175200,1422777200,1430411300
44,556,241738771933200,2136000,1457323100,1464957200
44,572,241738806370300,2118900,1491760200,1499394300
44,588,241738841769500,2174000,1527159400,1534793500
44,604,241738876364300,2150300,1561754200,1569388300
44,620,241738910641100,2154300,1596031000,1603665100
44,636,241738946435700,2402600,1631825600,1639459700
44,652,241738982022600,2164100,1667412500,1675046600
44,668,241739037959600,2228800,1723349500,1730983600
44,684,241739072318700,2152900,1757708600,1765342700
44,700,241739106634500,2095300,1792024400,1799658500
44,716,241739142785300,2267400,1828175200,1835809300
44,732,241739178274200,2171000,1863664100,1871298200
44,748,241739214040000,2266700,1899429900,1907064000
44,764,241739249942000,2368400,1935331900,1942966000
44,780,241739286204100,2191100,1971594000,1979228100
44,796,241739341691700,2352900,2027081600,2034715700
44,812,241739377818200,2141800,2063208100,2070842200
44,828,241739413424200,2301700,2098814100,2106448200
44,844,241739449236300,2227200,2134626200,2142260300
44,860,241739484693000,2127700,2170082900,2177717000
44,876,241739518773600,2154300,2204163500,2211797600
44,892,241739553113000,2143200,2238502900,2246137000
44,908,241739588945500,2206100,2274335400,2281969500
44,924,241739623838500,2518800,2309228400,2316862500
44,940,241739678690100,2181700,2364080000,2371714100
44,956,241739713304500,2147500,2398694400,2406328500
44,972,241739747603300,2174900,2432993200,2440627300
44,988,241739782392800,2155700,2467782700,2475416800
44,1004,241739818722400,2323100,2504112300,2511746400
44,1020,241739854327200,2111600,2539717100,2547351200
44,1036,241739889079600,2162800,2574469500,2582103600
44,1052,241739924784200,2252500,2610174100,2617808200
44,1068,241739966204700,2233000,2651594600,2659228700
44,1084,241740000880100,2138700,2686270000,2693904100
44,1100,241740036684600,2222500,2722074500,2729708600
44,1116,241740071583200,2163400,2756973100,2764607200
44,1132,241740107686900,2302600,2793076800,2800710900
44,1148,241740143291000,2186300,2828680900,2836315000
44,1164,241740178939600,2180000,2864329500,2871963600
44,1180,241740213544700,2142700,2898934600,2906568700
44,1196,241740254376400,2103400,2939766300,2947400400
44,1212,241740288663000,2144700,2974052900,2981687000
44,1228,241740323088900,2144000,3008478800,3016112900
44,1244,241740366907600,3030000,3052297500,3059931600
44,1260,241740414828300,3056700,3100218200,3107852300
44,1276,241740461592900,2672500,3146982800,3154616900
44,1292,241740508234600,3120700,3193624500,3201258600
44,1308,241740557907700,2798700,3243297600,3250931700
44,1324,241740604208600,2902000,3289598500,3297232600
44,1340,241740661928700,2664600,3347318600,3354952700
44,1356,241740705327900,2759200,3390717800,3398351900
44,1372,241740749585400,2939500,3434975300,3442609400
44,1388,241740794549400,2749100,3479939300,3487573400
44,1404,241740837709600,2645700,3523099500,3530733600
44,1420,241740881991500,2997800,3567381400,3575015500
44,1436,241740930735000,3058100,3616124900,3623759000
44,1452,241740977647300,2717600,3663037200,3670671300
44,1468,241741033159700,2609800,3718549600,3726183700
44,1484,241741078983500,2741300,3764373400,3772007500
44,1500,241741126166200,2651100,3811556100,3819190200
44,1516,241741171592400,2627300,3856982300,3864616400
44,1532,241741214978500,2695300,3900368400,3908002500
44,1548,241741259258700,3092100,3944648600,3952282700
44,1564,241741307985400,3028200,3993375300,4001009400
44,1580,241741355130900,3158000,4040520800,4048154900
44,1596,241741409806300,3073100,4095196200,4102830300
44,1612,241741458763900,2765300,4144153800,4151787900
44,1628,241741504100800,3052600,4189490700,4197124800
44,1644,241741551124300,2788900,4236514200,4244148300
44,1660,241741598685800,2967800,4284075700,4291709800
44,1676,241741645531500,2925200,4330921400,4338555500
44,1692,241741697973300,2576200,4383363200,4390997300
44,1708,241741741678900,2752100,4427068800,4434702900
44,1724,241741788074700,2741400,4473464600,4481098700
44,1740,241741842413600,2899000,4527803500,4535437600
44,1756,241741887282700,2850500,4572672600,4580306700
44,1772,241741931341100,2587000,4616731000,4624365100
44,1788,241741976655700,2634100,4662045600,4669679700
44,1804,241742022268900,2957900,4707658800,4715292900
44,1820,241742067254400,2593300,4752644300,4760278400
44,1836,241742109935300,3087700,4795325200,4802959300
44,1852,241742156605000,2836900,4841994900,4849629000
44,1868,241742208449400,2929300,4893839300,4901473400
44,1884,241742253971600,2743500,4939361500,4946995600
44,1900,241742298471800,2724400,4983861700,4991495800
44,1916,241742342612800,2684800,5028002700,5035636800
44,1932,241742387885900,2751400,5073275800,5080909900
44,1948,241742431283800,2740000,5116673700,5124307800
44,1964,241742475335400,2735800,5160725300,5168359400
44,1980,241742524337600,3033500,5209727500,5217361600
44,1996,241742577894300,3047600,5263284200,5270918300
44,2012,241742626062600,2579200,5311452500,5319086600
44,2028,241742668784400,2964200,5354174300,5361808400
44,2044,241742712720000,2712800,5398109900,5405744000
45,13,241737491543300,2221100,176933200,184567300
45,29,241737527583200,2271800,212973100,220607200
45,45,241737562745900,2168000,248135800,255769900
45,61,241737597620200,2179000,283010100,290644200
45,77,241737632241900,2149900,317631800,325265900
45,93,241737667980500,2162000,353370400,361004500
45,109,241737704255100,2266500,389645000,397279100
45,125,241737740302800,2144000,425692700,433326800
45,141,241737796957100,2288600,482347000,489981100
45,157,241737833138200,2409100,518528100,526162200
45,173,241737867906100,2161700,553296000,560930100
45,189,241737903628300,2190400,589018200,596652300
45,205,241737940552900,2307400,625942800,633576900
45,221,241737975874600,2147800,661264500,668898600
45,237,241738011594200,2201200,696984100,704618200
45,253,241738048082700,2406800,733472600,741106700
45,269,241738103056000,2243300,788445900,796080000
45,285,241738137985000,2214500,823374900,831009000
45,301,241738172618100,2387300,858008000,865642100
45,317,241738207439500,2142600,892829400,900463500
45,333,241738241554000,2205400,926943900,934578000
45,349,241738277372100,2322200,962762000,970396100
45,365,241738312831700,2279900,998221600,1005855700
45,381,241738349058700,2456500,1034448600,1042082700
45,397,241738402380900,2193100,1087770800,1095404900
45,413,241738437495200,2184000,1122885100,1130519200
45,429,241738472703300,2209900,1158093200,1165727300
45,445,241738507877600,2185200,1193267500,1200901600
45,461,241738543565000,2207400,1228954900,1236589000
45,477,241738579133600,2301600,1264523500,1272157600
45,493,241738614968100,2200000,1300358000,1307992100
45,509,241738650714600,2284400,1336104500,1343738600
45,525,241738686157700,20813400,1371547600,1379181700
45,541,241738739894800,2182100,1425284700,1432918800
45,557,241738774273800,2158600,1459663700,1467297800
45,573,241738808696100,2158200,1494086000,1501720100
45,589,241738844097000,2164100,1529486900,1537121000
45,605,241738878668000,2153500,1564057900,1571692000
45,621,241738912917800,2147400,1598307700,1605941800
45,637,241738949549900,2238200,1634939800,1642573900
45,653,241738984849800,2145300,1670239700,1677873800
45,669,241739040864500,2183900,1726254400,1733888500
45,685,241739075161400,2132200,1760551300,1768185400
45,701,241739109393000,2162200,1794782900,1802417000
45,717,241739145816500,2210800,1831206400,1838840500
45,733,241739181239100,2206500,1866629000,1874263100
45,749,241739217178200,2218700,1902568100,1910202200
45,765,241739253014900,2151000,1938404800,1946038900
45,781,241739289225500,2182400,1974615400,1982249500
45,797,241739344663100,2240300,2030053000,2037687100
45,813,241739380460300,2154100,2065850200,2073484300
45,829,241739416386600,2211300,2101776500,2109410600
45,845,241739451988900,2177700,2137378800,2145012900
45,861,241739487253300,2152600,2172643200,2180277300
45,877,241739521338800,2116300,2206728700,2214362800
45,893,241739555684700,2455400,2241074600,2248708700
45,909,241739591604500,2248500,2276994400,2284628500
45,925,241739626707200,21723900,2312097100,2319731200
45,941,241739681236700,2131900,2366626600,2374260700
45,957,241739715715300,2131200,2401105200,2408739300
45,973,241739750067800,2136100,2435457700,2443091800
45,989,241739784776800,2115600,2470166700,2477800800
45,1005,241739821799000,2188800,2507188900,2514823000
45,1021,241739857253600,2122200,2542643500,2550277600
45,1037,241739892137000,2223400,2577526900,2585161000
45,1053,241739928050600,2269400,2613440500,2621074600
45,1069,241739969497800,2205200,2654887700,2662521800
45,1085,241740003957200,2183600,2689347100,2696981200
45,1101,241740039800800,2209200,2725190700,2732824800
45,1117,241740074633000,2138900,2760022900,2767657000
45,1133,241740110796100,2242900,2796186000,2803820100
45,1149,241740146221600,2192700,2831611500,2839245600
45,1165,241740181976900,2169100,2867366800,2875000900
45,1181,241740216439500,2128900,2901829400,2909463500
45,1197,241740257035200,2119300,2942425100,2950059200
45,1213,241740291367600,2143700,2976757500,2984391600
45,1229,241740325801700,2118900,3011191600,3018825700
45,1245,241740370789900,3045600,3056179800,3063813900
45,1261,241740418735700,3063300,3104125600,3111759700
45,1277,241740465127800,2676500,3150517700,3158151800
45,1293,241740512237500,2846900,3197627400,3205261500
45,1309,241740561490800,2869900,3246880700,3254514800
45,1325,241740607980600,8840500,3293370500,3301004600
45,1341,241740665278900,2672000,3350668800,3358302900
45,1357,241740708799700,2708700,3394189600,3401823700
45,1373,241740754101300,2767100,3439491200,3447125300
45,1389,241740798689200,2657400,3484079100,3491713200
45,1405,241740841762300,2622500,3527152200,3534786300
45,1421,241740886610100,3018100,3572000000,3579634100
45,1437,241740935395700,3040600,3620785600,3628419700
45,1453,241740981711600,2739000,3667101500,3674735600
45,1469,241741035815200,2819100,3721205100,3728839200
45,1485,241741081766200,2690700,3767156100,3774790200
45,1501,241741128854100,2940500,3814244000,3821878100
45,1517,241741174257700,2638100,3859647600,3867281700
45,1533,241741217713500,2815200,3903103400,3910737500
45,1549,241741262396800,2825800,3947786700,3955420800
45,1565,241741311110500,2995100,3996500400,4004134500
45,1581,241741358422900,3144300,4043812800,4051446900
45,1597,241741413016400,3051100,4098406300,4106040400
45,1613,241741461666100,3019500,4147056000,4154690100
45,1629,241741507293000,3078100,4192682900,4200317000
45,1645,241741554080000,3081500,4239469900,4247104000
45,1661,241741601748600,2995300,4287138500,4294772600
45,1677,241741648553500,2915200,4333943400,4341577500
45,1693,241741700621400,2613900,4386011300,4393645400
45,1709,241741744503700,2707600,4429893600,4437527700
45,1725,241741790868200,8354200,4476258100,4483892200
45,1741,241741845355100,2821300,4530745000,4538379100
45,1757,241741890170800,3168300,4575560700,4583194800
45,1773,241741933972300,2634200,4619362200,4626996300
45,1789,241741979336400,2602900,4664726300,4672360400
45,1805,241742025358900,2959000,4710748800,4718382900
45,1821,241742069952200,2576000,4755342100,4762976200
45,1837,241742113200400,2990900,4798590300,4806224400
45,1853,241742159609000,3212800,4844998900,4852633000
45,1869,241742211541900,2759500,4896931800,4904565900
45,1885,241742256873600,2778300,4942263500,4949897600
45,1901,241742301344400,2733700,4986734300,4994368400
45,1917,241742345458100,2762200,5030848000,5038482100
45,1933,241742391516900,2765800,5076906800,5084540900
45,1949,241742434894000,2740900,5120283900,5127918000
45,1965,241742478966600,2695300,5164356500,5171990600
45,1981,241742528322900,3048300,5213712800,5221346900
45,1997,241742581885700,3050900,5267275600,5274909700
45,2013,241742629479400,2621400,5314869300,5322503400
45,2029,241742672684200,2984200,5358074100,5365708200
45,2045,241742716350700,4444500,5401740600,5409374700
46,14,241737493733300,2267600,179123200,186757300
46,30,241737529823700,2199700,215213600,222847700
46,46,241737565004900,2152300,250394800,258028900
46,62,241737599888100,2152900,285278000,292912100
46,78,241737634452000,2421100,319841900,327476000
46,94,241737670471200,2148300,355861100,363495200
46,110,241737706618400,2249300,392008300,399642400
46,126,241737742551600,2221900,427941500,435575600
46,142,241737799498100,2268900,484888000,492522100
46,158,241737835791700,2187600,521181600,528815700
46,174,241737870282500,2173100,555672400,563306500
46,190,241737905943400,2193900,591333300,598967400
46,206,241737942956600,2238500,628346500,635980600
46,222,241737978118500,2118600,663508400,671142500
46,238,241738013891100,2229500,699281000,706915100
46,254,241738050525200,2215200,735915100,743549200
46,270,241738105802000,2184800,791191900,798826000
46,286,241738140869800,2367900,826259700,833893800
46,302,241738175915900,2178700,861305800,868939900
46,318,241738210363500,2121400,895753400,903387500
46,334,241738244508100,2143000,929898000,937532100
46,350,241738280627700,2197000,966017600,973651700
46,366,241738316220500,2335400,1001610400,1009244500
46,382,241738352509300,2136500,1037899200,1045533300
46,398,241738405541500,2159900,1090931400,1098565500
46,414,241738440694500,2268900,1126084400,1133718500
46,430,241738476020200,2151400,1161410100,1169044200
46,446,241738511007600,2200300,1196397500,1204031600
46,462,241738546657400,2210700,1232047300,1239681400
46,478,241738582489800,2349400,1267879700,1275513800
46,494,241738618155500,2252700,1303545400,1311179500
46,510,241738653971100,2210700,1339361000,1346995100
46,526,241738708263300,2338500,1393653200,1401287300
46,542,241738742965500,2142000,1428355400,1435989500
46,558,241738777409300,2098600,1462799200,1470433300
46,574,241738811850000,2134700,1497239900,1504874000
46,590,241738847251500,2157100,1532641400,1540275500
46,606,241738881835300,2176200,1567225200,1574859300
46,622,241738916112400,2322800,1601502300,1609136400
46,638,241738952090400,2199300,1637480300,1645114400
46,654,241738987277000,2191300,1672666900,1680301000
46,670,241739043347600,2184700,1728737500,1736371600
46,686,241739077592000,2089800,1762981900,1770616000
46,702,241739111853100,2143100,1797243000,1804877100
46,718,241739148277100,2198700,1833667000,1841301100
46,734,241739183705600,2254200,1869095500,1876729600
46,750,241739219430700,2213800,1904820600,1912454700
46,766,241739255199100,2125300,1940589000,1948223100
46,782,241739291209000,2192800,1976598900,1984233000
46,798,241739346615200,2138800,2032005100,2039639200
46,814,241739382409000,2129800,2067798900,2075433000
46,830,241739418721400,2175800,2104111300,2111745400
46,846,241739454350000,2160000,2139739900,2147374000
46,862,241739489587300,2113900,2174977200,2182611300
46,878,241739523665600,2112700,2209055500,2216689600
46,894,241739558288600,2206100,2243678500,2251312600
46,910,241739593976500,2249800,2279366400,2287000500
46,926,241739648645500,2351600,2334035400,2341669500
46,942,241739683403500,2149500,2368793400,2376427500
46,958,241739717910900,2156700,2403300800,2410934900
46,974,241739752264600,2143500,2437654500,2445288600
46,990,241739787080100,2167100,2472470000,2480104100
46,1006,241739823552600,2186800,2508942500,2516576600
46,1022,241739858871400,2227000,2544261300,2551895400
46,1038,241739893786900,2311500,2579176800,2586810900
46,1054,241739929826700,2178800,2615216600,2622850700
46,1070,241739971254800,2130400,2656644700,2664278800
46,1086,241740005817200,2142700,2691207100,2698841200
46,1102,241740041637300,2213400,2727027200,2734661300
46,1118,241740076416500,2206300,2761806400,2769440500
46,1134,241740112641100,2229900,2798031000,2805665100
46,1150,241740148046300,2264100,2833436200,2841070300
46,1166,241740183750700,2193600,2869140600,2876774700
46,1182,241740218305300,2179500,2903695200,2911329300
46,1198,241740258884200,2183700,2944274100,2951908200
46,1214,241740293251000,2148300,2978640900,2986275000
46,1230,241740327597700,2469500,3012987600,3020621700
46,1246,241740373368300,3038800,3058758200,3066392300
46,1262,241740421326500,3045100,3106716400,3114350500
46,1278,241740467397300,2686000,3152787200,3160421300
46,1294,241740514646900,2959900,3200036800,3207670900
46,1310,241740563925100,2452600,3249315000,3256949100
46,1326,241740616277500,3181900,3301667400,3309301500
46,1342,241740667602200,2729900,3352992100,3360626200
46,1358,241740711173600,2723900,3396563500,3404197600
46,1374,241740755793100,2744200,3441183000,3448817100
46,1390,241740800257300,2771000,3485647200,3493281300
46,1406,241740843295800,2644000,3528685700,3536319800
46,1422,241740888395500,3012900,3573785400,3581419500
46,1438,241740937198300,3035300,3622588200,3630222300
46,1454,241740983367600,2738900,3668757500,3676391600
46,1470,241741035848200,2829400,3721238100,3728872200
46,1486,241741081798700,2694800,3767188600,3774822700
46,1502,241741128887700,2947700,3814277600,3821911700
46,1518,241741174291600,2641400,3859681500,3867315600
46,1534,241741217759500,2810500,3903149400,3910783500
46,1550,241741262435400,2829600,3947825300,3955459400
46,1566,241741311066800,2990300,3996456700,4004090800
46,1582,241741358328100,3182800,4043718000,4051352100
46,1598,241741412969800,3057400,4098359700,4105993800
46,1614,241741461622000,3017900,4147011900,4154646000
46,1630,241741507244600,3073400,4192634500,4200268600
46,1646,241741554030300,3047900,4239420200,4247054300
46,1662,241741601705100,2987700,4287095000,4294729100
46,1678,241741648508500,2916600,4333898400,4341532500
46,1694,241741700586700,2604300,4385976600,4393610700
46,1710,241741744469300,2694300,4429859200,4437493300
46,1726,241741790937800,8374700,4476327700,4483961800
46,1742,241741845434400,2821600,4530824300,4538458400
46,1758,241741890239900,3225400,4575629800,4583263900
46,1774,241741934049200,2628600,4619439100,4627073200
46,1790,241741979405800,2604400,4664795700,4672429800
46,1806,241742025440800,2981200,4710830700,4718464800
46,1822,241742069994800,2568800,4755384700,4763018800
46,1838,241742113248000,2992700,4798637900,4806272000
46,1854,241742159653700,3217800,4845043600,4852677700
46,1870,241742211579100,2763700,4896969000,4904603100
46,1886,241742256915700,2775600,4942305600,4949939700
46,1902,241742301378700,2746800,4986768600,4994402700
46,1918,241742345494100,2761000,5030884000,5038518100
46,1934,241742391211200,2753900,5076601100,5084235200
46,1950,241742434591100,2770500,5119981000,5127615100
46,1966,241742478687300,2683000,5164077200,5171711300
46,1982,241742527983500,3039900,5213373400,5221007500
46,1998,241742581550900,3042900,5266940800,5274574900
46,2014,241742629185200,2634900,5314575100,5322209200
46,2030,241742672365900,2951600,5357755800,5365389900
46,2046,241742716014300,4276400,5401404200,5409038300
47,15,241737495972100,2198700,181362000,188996100
47,31,241737531969100,2207000,217359000,224993100
47,47,241737567006700,2172100,252396600,260030700
47,63,241737601894000,2157800,287283900,294918000
47,79,241737636710100,2529800,322100000,329734100
47,95,241737672346800,2165300,357736700,365370800
47,111,241737708652900,2372700,394042800,401676900
47,127,241737744571300,21923300,429961200,437595300
47,143,241737801490300,2304600,486880200,494514300
47,159,241737837724900,2163400,523114800,530748900
47,175,241737872188100,2144900,557578000,565212100
47,191,241737907929900,2266800,593319800,600953900
47,207,241737944924900,2205800,630314800,637948900
47,223,241737979933700,2128800,665323600,672957700
47,239,241738015727900,2366600,701117800,708751900
47,255,241738052272300,2137300,737662200,745296300
47,271,241738106818000,2191300,792207900,799842000
47,287,241738142024100,2268000,827414000,835048100
47,303,241738176894700,2191800,862284600,869918700
47,319,241738211304000,2116700,896693900,904328000
47,335,241738245436700,2154900,930826600,938460700
47,351,241738281506300,2180800,966896200,974530300
47,367,241738317313700,2326300,1002703600,1010337700
47,383,241738353536100,2140300,1038926000,1046560100
47,399,241738406559100,2155500,1091949000,1099583100
47,415,241738441828700,2331800,1127218600,1134852700
47,431,241738476859500,2135200,1162249400,1169883500
47,447,241738511888600,2254500,1197278500,1204912600
47,463,241738547570800,2239300,1232960700,1240594800
47,479,241738583200600,2368000,1268590500,1276224600
47,495,241738618855000,2232500,1304244900,1311879000
47,511,241738654672800,2192100,1340062700,1347696800
47,527,241738708913200,2236300,1394303100,1401937200
47,543,241738743592100,2154700,1428982000,1436616100
47,559,241738778210300,2105100,1463600200,1471234300
47,575,241738812688000,2214100,1498077900,1505712000
47,591,241738848146300,2137600,1533536200,1541170300
47,607,241738882741000,2131500,1568130900,1575765000
47,623,241738917189800,2375200,1602579700,1610213800
47,639,241738953644000,2231000,1639033900,1646668000
47,655,241738988833400,2455900,1674223300,1681857400
47,671,241739045387200,2125100,1730777100,1738411200
47,687,241739079536800,2136700,1764926700,1772560800
47,703,241739113848000,2139100,1799237900,1806872000
47,719,241739150382200,2374900,1835772100,1843406200
47,735,241739185753900,2182900,1871143800,1878777900
47,751,241739221376400,2279900,1906766300,1914400400
47,767,241739257087600,2124900,1942477500,1950111600
47,783,241739293196900,2138800,1978586800,1986220900
47,799,241739348994100,2394200,2034384000,2042018100
47,815,241739384685700,2156800,2070075600,2077709700
47,831,241739420506000,2431700,2105895900,2113530000
47,847,241739456151400,2239100,2141541300,2149175400
47,863,241739491360400,2104600,2176750300,2184384400
47,879,241739525378600,2119700,2210768500,2218402600
47,895,241739560080100,2266800,2245470000,2253104100
47,911,241739595798000,2268100,2281187900,2288822000
47,927,241739650514400,2166200,2335904300,2343538400
47,943,241739685083600,2133600,2370473500,2378107600
47,959,241739719586200,2128000,2404976100,2412610200
47,975,241739753914200,2314300,2439304100,2446938200
47,991,241739788640500,2155000,2474030400,2481664500
47,1007,241739825282800,2172100,2510672700,2518306800
47,1023,241739860390200,2264800,2545780100,2553414200
47,1039,241739895365500,2291600,2580755400,2588389500
47,1055,241739931291600,2189600,2616681500,2624315600
47,1071,241739972650800,2111500,2658040700,2665674800
47,1087,241740007214900,2261100,2692604800,2700238900
47,1103,241740043076900,2212100,2728466800,2736100900
47,1119,241740077823500,2286000,2763213400,2770847500
47,1135,241740114219200,2231200,2799609100,2807243200
47,1151,241740149733200,2189900,2835123100,2842757200
47,1167,241740185336700,2181400,2870726600,2878360700
47,1183,241740219856700,2136500,2905246600,2912880700
47,1199,241740260407700,2149600,2945797600,2953431700
47,1215,241740294762200,2158000,2980152100,2987786200
47,1231,241740329365700,2714600,3014755600,3022389700
47,1247,241740375600000,3172200,3060989900,3068624000
47,1263,241740423567900,3093800,3108957800,3116591900
47,1279,241740469489300,2853600,3154879200,3162513300
47,1295,241740516827900,2897600,3202217800,3209851900
47,1311,241740565883500,2594500,3251273400,3258907500
47,1327,241740618721500,2954200,3304111400,3311745500
47,1343,241740669558700,2710600,3354948600,3362582700
47,1359,241740713115200,2738800,3398505100,3406139200
47,1375,241740757793900,2927100,3443183800,3450817900
47,1391,241740802299900,2769600,3487689800,3495323900
47,1407,241740845247000,2643700,3530636900,3538271000
47,1423,241740890635400,2986600,3576025300,3583659400
47,1439,241740939434200,3062300,3624824100,3632458200
47,1455,241740985391700,2710900,3670781600,3678415700
47,1471,241741039871400,2700200,3725261300,3732895400
47,1487,241741085660300,2912300,3771050200,3778684300
47,1503,241741132901100,2930400,3818291000,3825925100
47,1519,241741177894800,2628700,3863284700,3870918800
47,1535,241741221584700,2715500,3906974600,3914608700
47,1551,241741266234900,2690800,3951624800,3959258900
47,1567,241741315093800,3023200,4000483700,4008117800
47,1583,241741362628000,3027200,4048017900,4055652000
47,1599,241741417106400,3090600,4102496300,4110130400
47,1615,241741465703100,2734700,4151093000,4158727100
47,1631,241741511361000,3091400,4196750900,4204385000
47,1647,241741558078300,3171600,4243468200,4251102300
47,1663,241741605753700,2913900,4291143600,4298777700
47,1679,241741652496300,3119300,4337886200,4345520300
47,1695,241741704193600,2803900,4389583500,4397217600
47,1711,241741748209300,2717500,4433599200,4441233300
47,1727,241741800306400,2751600,4485696300,4493330400
47,1743,241741849333700,2942300,4534723600,4542357700
47,1759,241741894615500,2822800,4580005400,4587639500
47,1775,241741937789600,2634300,4623179500,4630813600
47,1791,241741982983600,2737700,4668373500,4676007600
47,1807,241742029402200,2930100,4714792100,4722426200
47,1823,241742073419600,2580100,4758809500,4766443600
47,1839,241742117212700,2743400,4802602600,4810236700
47,1855,241742163899400,2996500,4849289300,4856923400
47,1871,241742215276000,2750200,4900665900,4908300000
47,1887,241742260609400,2791000,4945999300,4953633400
47,1903,241742305064300,2749200,4990454200,4998088300
47,1919,241742349138800,2770000,5034528700,5042162800
47,1935,241742394529300,2699500,5079919200,5087553300
47,1951,241742437931900,2577400,5123321800,5130955900
47,1967,241742481962600,2706400,5167352500,5174986600
47,1983,241742531724600,3033700,5217114500,5224748600
47,1999,241742585287500,3024100,5270677400,5278311500
47,2015,241742632382900,2578400,5317772800,5325406900
47,2031,241742676011900,3013500,5361401800,5369035900
47,2047,241742721124200,3244800,5406514100,5414148200
48,0,241737453911700,7263800,139301600,146935700
48,16,241737498477000,2173700,183866900,191501000
48,32,241737534505100,2172300,219895000,227529100
48,48,241737569514700,2139700,254904600,262538700
48,64,241737604350000,2176400,289739900,297374000
48,80,241737639403700,2278200,324793600,332427700
48,96,241737674660600,2142000,360050500,367684600
48,112,241737711183300,2233600,396573200,404207300
48,128,241737766714500,2502800,452104400,459738500
48,144,241737803889000,2238600,489278900,496913000
48,160,241737839979900,2109400,525369800,533003900
48,176,241737874460500,2361300,559850400,567484500
48,192,241737910265600,2249800,595655500,603289600
48,208,241737947039500,2201900,632429400,640063500
48,224,241737982008800,2160300,667398700,675032800
48,240,241738018201800,2540800,703591700,711225800
48,256,241738054561100,2176200,739951000,747585100
48,272,241738109548900,2205800,794938800,802572900
48,288,241738144677600,2167200,830067500,837701600
48,304,241738179465300,2179600,864855200,872489300
48,320,241738213760200,2081600,899150100,906784200
48,336,241738247849000,2137600,933238900,940873000
48,352,241738283810200,2153900,969200100,976834200
48,368,241738319608700,2243800,1004998600,1012632700
48,384,241738355646800,2373400,1041036700,1048670800
48,400,241738408686700,2261100,1094076600,1101710700
48,416,241738444071800,2235500,1129461700,1137095800
48,432,241738478913000,2103400,1164302900,1171937000
48,448,241738513995200,2165200,1199385100,1207019200
48,464,241738549872700,2199000,1235262600,1242896700
48,480,241738585665500,2206600,1271055400,1278689500
48,496,241738621326000,2235500,1306715900,1314350000
48,512,241738657081500,2216600,1342471400,1350105500
48,528,241738711374700,2148900,1396764600,1404398700
48,544,241738745928700,2162000,1431318600,1438952700
48,560,241738780345600,2159000,1465735500,1473369600
48,576,241738814934600,2099500,1500324500,1507958600
48,592,241738850223900,2148100,1535613800,1543247900
48,608,241738884783100,2138700,1570173000,1577807100
48,624,241738919231000,2319600,1604620900,1612255000
48,640,241738954996500,2199600,1640386400,1648020500
48,656,241738990107100,2274400,1675497000,1683131100
48,672,241739045877100,2137900,1731267000,1738901100
48,688,241739079973100,2151800,1765363000,1772997100
48,704,241739114300400,2141300,1799690300,1807324400
48,720,241739150753700,2382000,1836143600,1843777700
48,736,241739186288200,2187700,1871678100,1879312200
48,752,241739221978800,2297800,1907368700,1915002800
48,768,241739257592400,2129300,1942982300,1950616400
48,784,241739293812200,2167500,1979202100,1986836200
48,800,241739349538900,2309600,2034928800,2042562900
48,816,241739385118500,2370300,2070508400,2078142500
48,832,241739421076400,2148500,2106466300,2114100400
48,848,241739456663500,2239200,2142053400,2149687500
48,864,241739491855100,2093600,2177245000,2184879100
48,880,241739525927100,2119700,2211317000,2218951100
48,896,241739560743100,2275500,2246133000,2253767100
48,912,241739596468200,2289900,2281858100,2289492200
48,928,241739651092700,2136400,2336482600,2344116700
48,944,241739685644600,2196900,2371034500,2378668600
48,960,241739720162000,2117600,2405551900,2413186000
48,976,241739754498900,2422400,2439888800,2447522900
48,992,241739789278700,2118400,2474668600,2482302700
48,1008,241739825586500,2190000,2510976400,2518610500
48,1024,241739860956800,2260500,2546346700,2553980800
48,1040,241739896067200,2220400,2581457100,2589091200
48,1056,241739932037800,2196300,2617427700,2625061800
48,1072,241739973327900,2120600,2658717800,2666351900
48,1088,241740008023500,2276600,2693413400,2701047500
48,1104,241740043915500,2184700,2729305400,2736939500
48,1120,241740078686600,2295900,2764076500,2771710600
48,1136,241740114934700,2232000,2800324600,2807958700
48,1152,241740150523300,2178600,2835913200,2843547300
48,1168,241740186145200,2180900,2871535100,2879169200
48,1184,241740220659200,2139900,2906049100,2913683200
48,1200,241740261279400,2115100,2946669300,2954303400
48,1216,241740295611400,2189300,2981001300,2988635400
48,1232,241740330385500,2671200,3015775400,3023409500
48,1248,241740376744900,3224700,3062134800,3069768900
48,1264,241740424717400,3099100,3110107300,3117741400
48,1280,241740470526000,2789200,3155915900,3163550000
48,1296,241740518003800,2965900,3203393700,3211027800
48,1312,241740566655600,2922800,3252045500,3259679600
48,1328,241740619892400,2947200,3305282300,3312916400
48,1344,241740670638900,2714900,3356028800,3363662900
48,1360,241740714210400,2735000,3399600300,3407234400
48,1376,241740759942800,2962300,3445332700,3452966800
48,1392,241740804341500,2863600,3489731400,3497365500
48,1408,241740847200800,2600800,3532590700,3540224800
48,1424,241740892833100,3020100,3578223000,3585857100
48,1440,241740941708200,3056900,3627098100,3634732200
48,1456,241740987293400,2598200,3672683300,3680317400
48,1472,241741039763400,2698500,3725153300,3732787400
48,1488,241741085504400,2940700,3770894300,3778528400
48,1504,241741132819000,2928300,3818208900,3825843000
48,1520,241741177821600,2624800,3863211500,3870845600
48,1536,241741221516400,2683900,3906906300,3914540400
48,1552,241741266166300,2676900,3951556200,3959190300
48,1568,241741315041700,2953700,4000431600,4008065700
48,1584,241741362582000,3022000,4047971900,4055606000
48,1600,241741417066400,3084800,4102456300,4110090400
48,1616,241741465657000,2730000,4151046900,4158681000
48,1632,241741511315300,3083600,4196705200,4204339300
48,1648,241741558046800,3241000,4243436700,4251070800
48,1664,241741605836300,2916700,4291226200,4298860300
48,1680,241741652578700,3133800,4337968600,4345602700
48,1696,241741704237300,2802500,4389627200,4397261300
48,1712,241741748242600,2719300,4433632500,4441266600
48,1728,241741800350000,2754200,4485739900,4493374000
48,1744,241741849365700,2950600,4534755600,4542389700
48,1760,241741894572500,2823800,4579962400,4587596500
48,1776,241741937746000,2640200,4623135900,4630770000
48,1792,241741982950200,2734900,4668340100,4675974200
48,1808,241742029358900,2924500,4714748800,4722382900
48,1824,241742073388000,2575500,4758777900,4766412000
48,1840,241742117135600,2745600,4802525500,4810159600
48,1856,241742163813600,2998000,4849203500,4856837600
48,1872,241742215237600,2747000,4900627500,4908261600
48,1888,241742260570600,2788100,4945960500,4953594600
48,1904,241742305032900,2731500,4990422800,4998056900
48,1920,241742349066800,2767000,5034456700,5042090800
48,1936,241742394440800,2713400,5079830700,5087464800
48,1952,241742437788400,2580100,5123178300,5130812400
48,1968,241742481826100,2685400,5167216000,5174850100
48,1984,241742531553400,3031700,5216943300,5224577400
48,2000,241742585111800,3016600,5270501700,5278135800
48,2016,241742632249100,2561800,5317639000,5325273100
48,2032,241742675849100,3002100,5361239000,5368873100
49,1,241737461139300,2417500,146529200,154163300
49,17,241737500443800,2153600,185833700,193467800
49,33,241737536645300,2190500,222035200,229669300
49,49,241737571783100,2179900,257173000,264807100
49,65,241737606687200,2208400,292077100,299711200
49,81,241737641989200,2310400,327379100,335013200
49,97,241737677083000,2233500,362472900,370107000
49,113,241737713708600,2240100,399098500,406732600
49,129,241737769505800,2368100,454895700,462529800
49,145,241737806345800,2285100,491735700,499369800
49,161,241737842295400,2133700,527685300,535319400
49,177,241737877160600,2148300,562550500,570184600
49,193,241737912874400,2249400,598264300,605898400
49,209,241737949834300,2189300,635224200,642858300
49,225,241737984819500,2317700,670209400,677843500
49,241,241738021310400,2244800,706700300,714334400
49,257,241738057261100,2135700,742651000,750285100
49,273,241738111852800,2215800,797242700,804876800
49,289,241738146877800,2182600,832267700,839901800
49,305,241738181741700,2185100,867131600,874765700
49,321,241738215927000,2116300,901316900,908951000
49,337,241738250224400,2176600,935614300,943248400
49,353,241738286296500,2152500,971686400,979320500
49,369,241738322180100,2168500,1007570000,1015204100
49,385,241738358319800,2192600,1043709700,1051343800
49,401,241738411191600,2305500,1096581500,1104215600
49,417,241738446593700,2172200,1131983600,1139617700
49,433,241738481318000,2096600,1166707900,1174342000
49,449,241738516286600,2150100,1201676500,1209310600
49,465,241738552136400,2223300,1237526300,1245160400
49,481,241738587933400,2207600,1273323300,1280957400
49,497,241738623623300,2211100,1309013200,1316647300
49,513,241738659391200,2154300,1344781100,1352415200
49,529,241738713646300,2117800,1399036200,1406670300
49,545,241738748241900,2183100,1433631800,1441265900
49,561,241738782683500,2153300,1468073400,1475707500
49,577,241738817206100,2117200,1502596000,1510230100
49,593,241738852524200,2152700,1537914100,1545548200
49,609,241738887087600,2115300,1572477500,1580111600
49,625,241738921867600,2194600,1607257500,1614891600
49,641,241738957929700,2187500,1643319600,1650953700
49,657,241738993193400,2444800,1678583300,1686217400
49,673,241739048964300,2120400,1734354200,1741988300
49,689,241739083099100,2155500,1768489000,1776123100
49,705,241739117408400,2338600,1802798300,1810432400
49,721,241739154222300,2208100,1839612200,1847246300
49,737,241739189379000,2177900,1874768900,1882403000
49,753,241739225126900,2265500,1910516800,1918150900
49,769,241739260668600,2374000,1946058500,1953692600
49,785,241739296838100,2171200,1982228000,1989862100
49,801,241739352776600,2220400,2038166500,2045800600
49,817,241739388524400,2228800,2073914300,2081548400
49,833,241739424352200,2183500,2109742100,2117376200
49,849,241739460190500,2258700,2145580400,2153214500
49,865,241739495164200,2121800,2180554100,2188188200
49,881,241739529220900,2318400,2214610800,2222244900
49,897,241739564243800,2239200,2249633700,2257267800
49,913,241739599962500,2250900,2285352400,2292986500
49,929,241739654480200,2204700,2339870100,2347504200
49,945,241739689100500,2178900,2374490400,2382124500
49,961,241739723561600,2145300,2408951500,2416585600
49,977,241739758351100,2253100,2443741000,2451375100
49,993,241739792692500,2139700,2478082400,2485716500
49,1009,241739829325600,2399900,2514715500,2522349600
49,1025,241739864965300,2234300,2550355200,2557989300
49,1041,241739899916300,2154600,2585306200,2592940300
49,1057,241739935837200,2230600,2621227100,2628861200
49,1073,241739977037600,2148200,2662427500,2670061600
49,1089,241740012033200,2227800,2697423100,2705057200
49,1105,241740047883300,2179100,2733273200,2740907300
49,1121,241740082713900,2270800,2768103800,2775737900
49,1137,241740118963400,2206800,2804353300,2811987400
49,1153,241740154455500,2377200,2839845400,2847479500
49,1169,241740190027000,2127200,2875416900,2883051000
49,1185,241740224539900,2079800,2909929800,2917563900
49,1201,241740264882400,2269100,2950272300,2957906400
49,1217,241740299360500,2110300,2984750400,2992384500
49,1233,241740334924600,2628600,3020314500,3027948600
49,1249,241740382140900,3047500,3067530800,3075164900
49,1265,241740430287700,3113700,3115677600,3123311700
49,1281,241740475258900,2739500,3160648800,3168282900
49,1297,241740522989500,2784200,3208379400,3216013500
49,1313,241740571526500,2986400,3256916400,3264550500
49,1329,241740624920400,3054300,3310310300,3317944400
49,1345,241740675325800,2704600,3360715700,3368349800
49,1361,241740718848700,2711900,3404238600,3411872700
49,1377,241740763945200,2861500,3449335100,3456969200
49,1393,241740808227600,2757000,3493617500,3501251600
49,1409,241740850518500,2615300,3535908400,3543542500
49,1425,241740896983500,3074400,3582373400,3590007500
49,1441,241740945768800,3003700,3631158700,3638792800
49,1457,241740990967000,2578100,3676356900,3683991000
49,1473,241741046023200,2755200,3731413100,3739047200
49,1489,241741092190000,2914100,3777579900,3785214000
49,1505,241741139634500,2944700,3825024400,3832658500
49,1521,241741183909700,2731500,3869299600,3876933700
49,1537,241741227994000,2942300,3913383900,3921018000
49,1553,241741272411600,2777300,3957801500,3965435600
49,1569,241741322042000,2613600,4007431900,4015066000
49,1585,241741370284900,2478500,4055674800,4063308900
49,1601,241741424840500,3081600,4110230400,4117864500
49,1617,241741472836000,2745000,4158225900,4165860000
49,1633,241741519034900,3140300,4204424800,4212058900
49,1649,241741565365700,2764800,4250755600,4258389700
49,1665,241741613063600,2882300,4298453500,4306087600
49,1681,241741660056800,2960500,4345446700,4353080800
49,1697,241741711123400,2714200,4396513300,4404147400
49,1713,241741754979400,2842800,4440369300,4448003400
49,1729,241741807085600,2950400,4492475500,4500109600
49,1745,241741856313500,2718000,4541703400,4549337500
49,1761,241741901577900,2799100,4586967800,4594601900
49,1777,241741944289200,2634200,4629679100,4637313200
49,1793,241741990029100,2996400,4675419000,4683053100
49,1809,241742036680800,2937300,4722070700,4729704800
49,1825,241742079799500,2580000,4765189400,4772823500
49,1841,241742123937700,2761400,4809327600,4816961700
49,1857,241742171202200,3031200,4856592100,4864226200
49,1873,241742222153600,2789500,4907543500,4915177600
49,1889,241742267569700,2747700,4952959600,4960593700
49,1905,241742311625800,2607800,4997015700,5004649800
49,1921,241742355869000,2667300,5041258900,5048893000
49,1937,241742401597700,2720600,5086987600,5094621700
49,1953,241742444440600,2699800,5129830500,5137464600
49,1969,241742488529300,2784300,5173919200,5181553300
49,1985,241742538941600,2944100,5224331500,5231965600
49,2001,241742592597400,3059300,5277987300,5285621400
49,2017,241742638581600,2626200,5323971500,5331605600
49,2033,241742682848000,2781400,5368237900,5375872000
50,2,241737463494000,2545600,148883900,156518000
50,18,241737502661100,2178700,188051000,195685100
50,34,241737538720600,2238800,224110500,231744600
50,50,241737573672400,2195000,259062300,266696400
50,66,241737608752400,2177300,294142300,301776400
50,82,241737644057300,2220200,329447200,337081300
50,98,241737679048400,2300200,364438300,372072400
50,114,241737715884700,2310900,401274600,408908700
50,130,241737771841200,2288600,457231100,464865200
50,146,241737808697000,2239800,494086900,501721000
50,162,241737844517000,2102000,529906900,537541000
50,178,241737879247400,2118100,564637300,572271400
50,194,241737915064900,2439600,600454800,608088900
50,210,241737951994600,2219500,637384500,645018600
50,226,241737987110800,2259500,672500700,680134800
50,242,241738023524900,2262700,708914800,716548900
50,258,241738059361700,20269200,744751600,752385700
50,274,241738114263700,2241400,799653600,807287700
50,290,241738149418800,2169500,834808700,842442800
50,306,241738184225500,2190500,869615400,877249500
50,322,241738218332800,2117400,903722700,911356800
50,338,241738252732400,2296600,938122300,945756400
50,354,241738288540900,2084700,973930800,981564900
50,370,241738324411900,2146500,1009801800,1017435900
50,386,241738360639700,2185100,1046029600,1053663700
50,402,241738413615200,2200600,1099005100,1106639200
50,418,241738448800000,2128800,1134189900,1141824000
50,434,241738483446100,2128400,1168836000,1176470100
50,450,241738518647200,2130500,1204037100,1211671200
50,466,241738554486900,2275900,1239876800,1247510900
50,482,241738590320000,2221300,1275709900,1283344000
50,498,241738626108300,2205500,1311498200,1319132300
50,514,241738661724700,2282800,1347114600,1354748700
50,530,241738716101000,2117800,1401490900,1409125000
50,546,241738750680000,2188200,1436069900,1443704000
50,562,241738785035600,2128700,1470425500,1478059600
50,578,241738819671200,2377500,1505061100,1512695200
50,594,241738855004300,2137400,1540394200,1548028300
50,610,241738889553300,2099800,1574943200,1582577300
50,626,241738924332600,2241200,1609722500,1617356600
50,642,241738960237100,2268200,1645627000,1653261100
50,658,241738995742700,21558300,1681132600,1688766700
50,674,241739051257200,2138400,1736647100,1744281200
50,690,241739085445800,2138500,1770835700,1778469800
50,706,241739119992700,2363400,1805382600,1813016700
50,722,241739156748300,2191800,1842138200,1849772300
50,738,241739191903800,2186100,1877293700,1884927800
50,754,241739227775300,2294700,1913165200,1920799300
50,770,241739263464400,2271000,1948854300,1956488400
50,786,241739299349800,2246600,1984739700,1992373800
50,802,241739355500800,2203800,2040890700,2048524800
50,818,241739391073600,2166100,2076463500,2084097600
50,834,241739426849700,2279400,2112239600,2119873700
50,850,241739462625200,2192600,2148015100,2155649200
50,866,241739497470800,2128600,2182860700,2190494800
50,882,241739531723800,2099300,2217113700,2224747800
50,898,241739566676600,2154900,2252066500,2259700600
50,914,241739602369800,2190700,2287759700,2295393800
50,930,241739657081800,2147900,2342471700,2350105800
50,946,241739691671800,2157200,2377061700,2384695800
50,962,241739726005600,2094000,2411395500,2419029600
50,978,241739760897200,2149000,2446287100,2453921200
50,994,241739795129800,2142700,2480519700,2488153800
50,1010,241739831983400,2316100,2517373300,2525007400
50,1026,241739867466400,2166600,2552856300,2560490400
50,1042,241739902302600,2189700,2587692500,2595326600
50,1058,241739938307300,2248300,2623697200,2631331300
50,1074,241739979524700,2083200,2664914600,2672548700
50,1090,241740014624600,2356200,2700014500,2707648600
50,1106,241740050386000,2160100,2735775900,2743410000
50,1122,241740085379700,2203000,2770769600,2778403700
50,1138,241740121641100,2198500,2807031000,2814665100
50,1154,241740157155000,2282200,2842544900,2850179000
50,1170,241740192422900,2116200,2877812800,2885446900
50,1186,241740226867800,2307900,2912257700,2919891800
50,1202,241740267612400,2151600,2953002300,2960636400
50,1218,241740301919400,2131100,2987309300,2994943400
50,1234,241740338127900,2626000,3023517800,3031151900
50,1250,241740385865000,3053300,3071254900,3078889000
50,1266,241740433987800,2947400,3119377700,3127011800
50,1282,241740478474500,3078800,3163864400,3171498500
50,1298,241740526293300,2821000,3211683200,3219317300
50,1314,241740575124500,3005400,3260514400,3268148500
50,1330,241740628563900,3162900,3313953800,3321587900
50,1346,241740678644100,2652000,3364034000,3371668100
50,1362,241740722227700,2761000,3407617600,3415251700
50,1378,241740767443100,2716300,3452833000,3460467100
50,1394,241740811619400,2749000,3497009300,3504643400
50,1410,241740853758500,2625400,3539148400,3546782500
50,1426,241740900782500,2998700,3586172400,3593806500
50,1442,241740949492300,3023900,3634882200,3642516300
50,1458,241740994178000,2645700,3679567900,3687202000
50,1474,241741049577200,2862600,3734967100,3742601200
50,1490,241741095936600,2971700,3781326500,3788960600
50,1506,241741143399500,2952300,3828789400,3836423500
50,1522,241741187401700,2727300,3872791600,3880425700
50,1538,241741231695600,2747800,3917085500,3924719600
50,1554,241741276177700,4103100,3961567600,3969201700
50,1570,241741325053900,3076300,4010443800,4018077900
50,1586,241741373043000,3125600,4058432900,4066067000
50,1602,241741428175900,3041700,4113565800,4121199900
50,1618,241741475798100,2782300,4161188000,4168822100
50,1634,241741522438500,3090500,4207828400,4215462500
50,1650,241741568270000,2692000,4253659900,4261294000
50,1666,241741616113800,2912400,4301503700,4309137800
50,1682,241741663189000,2963000,4348578900,4356213000
50,1698,241741714102000,2721700,4399491900,4407126000
50,1714,241741758050700,3040000,4443440600,4451074700
50,1730,241741810279200,2980200,4495669100,4503303200
50,1746,241741859271000,2786600,4544660900,4552295000
50,1762,241741904610800,2755000,4590000700,4597634800
50,1778,241741947149000,2667300,4632538900,4640173000
50,1794,241741993302100,2939200,4678692000,4686326100
50,1810,241742039875400,2937300,4725265300,4732899400
50,1826,241742082679600,2584300,4768069500,4775703600
50,1842,241742126980000,2745900,4812369900,4820004000
50,1858,241742174526800,3103000,4859916700,4867550800
50,1874,241742225220200,2780000,4910610100,4918244200
50,1890,241742270589000,2776700,4955978900,4963613000
50,1906,241742314595300,2930400,4999985200,5007619300
50,1922,241742358833900,2655500,5044223800,5051857900
50,1938,241742404689100,2702300,5090079000,5097713100
50,1954,241742447530700,2755400,5132920600,5140554700
50,1970,241742491696900,2755300,5177086800,5184720900
50,1986,241742542290200,2864900,5227680100,5235314200
50,2002,241742596083800,3019600,5281473700,5289107800
50,2018,241742641558600,2576200,5326948500,5334582600
50,2034,241742685964600,2727900,5371354500,5378988600
51,3,241737466202100,2419200,151592000,159226100
51,19,241737504961600,2196200,190351500,197985600
51,35,241737540992900,2180800,226382800,234016900
51,51,241737575958400,2156300,261348300,268982400
51,67,241737610764100,2164800,296154000,303788100
51,83,241737646181300,2195800,331571200,339205300
51,99,241737681262800,2263700,366652700,374286800
51,115,241737717847600,2297900,403237500,410871600
51,131,241737773727800,2309400,459117700,466751800
51,147,241737810599400,2280900,495989300,503623400
51,163,241737846271000,2125000,531660900,539295000
51,179,241737881045600,2165600,566435500,574069600
51,195,241737917193300,2344300,602583200,610217300
51,211,241737953898900,2386000,639288800,646922900
51,227,241737989008600,2249000,674398500,682032600
51,243,241738025334600,2292400,710724500,718358600
51,259,241738078961400,2930000,764351300,771985400
51,275,241738115990600,2206300,801380500,809014600
51,291,241738151004100,2166800,836394000,844028100
51,307,241738185906300,2177300,871296200,878930300
51,323,241738219942900,2215400,905332800,912966900
51,339,241738254577200,2205200,939967100,947601200
51,355,241738290368300,2170500,975758200,983392300
51,371,241738326471800,2208000,1011861700,1019495800
51,387,241738362673700,2179200,1048063600,1055697700
51,403,241738415757700,2200300,1101147600,1108781700
51,419,241738450845000,2151900,1136234900,1143869000
51,435,241738485430400,2177300,1170820300,1178454400
51,451,241738520630900,2273100,1206020800,1213654900
51,467,241738556676000,2364000,1242065900,1249700000
51,483,241738592390800,2284400,1277780700,1285414800
51,499,241738628005600,2253600,1313395500,1321029600
51,515,241738663802400,2361600,1349192300,1356826400
51,531,241738718105700,2128900,1403495600,1411129700
51,547,241738752750100,2230000,1438140000,1445774100
51,563,241738787020300,2117900,1472410200,1480044300
51,579,241738821817400,2472700,1507207300,1514841400
51,595,241738856965000,2137700,1542354900,1549989000
51,611,241738891476700,2106300,1576866600,1584500700
51,627,241738926316700,2206800,1611706600,1619340700
51,643,241738962597300,2337800,1647987200,1655621300
51,659,241739017538500,2692500,1702928400,1710562500
51,675,241739053602900,2132800,1738992800,1746626900
51,691,241739087803600,2268100,1773193500,1780827600
51,707,241739122592900,2338100,1807982800,1815616900
51,723,241739159045900,2197100,1844435800,1852069900
51,739,241739194221600,2281100,1879611500,1887245600
51,755,241739230213400,2217700,1915603300,1923237400
51,771,241739265708500,2310300,1951098400,1958732500
51,787,241739301794400,2251300,1987184300,1994818400
51,803,241739357592000,2262100,2042981900,2050616000
51,819,241739393095800,2264300,2078485700,2086119800
51,835,241739429101200,2174500,2114491100,2122125200
51,851,241739464911300,2216200,2150301200,2157935300
51,867,241739499735200,2154200,2185125100,2192759200
51,883,241739533951900,2094900,2219341800,2226975900
51,899,241739568948300,2286000,2254338200,2261972300
51,915,241739604687000,2204800,2290076900,2297711000
51,931,241739659296000,2179500,2344685900,2352320000
51,947,241739693919500,2154900,2379309400,2386943500
51,963,241739728192400,2150700,2413582300,2421216400
51,979,241739763170300,2127800,2448560200,2456194300
51,995,241739797426200,2162000,2482816100,2490450200
51,1011,241739834419100,2256800,2519809000,2527443100
51,1027,241739869695700,2198800,2555085600,2562719700
51,1043,241739904593300,2311400,2589983200,2597617300
51,1059,241739940495300,8187800,2625885200,2633519300
51,1075,241739981488900,2134500,2666878800,2674512900
51,1091,241740016772900,2192800,2702162800,2709796900
51,1107,241740052341100,2170800,2737731000,2745365100
51,1123,241740087316000,2217500,2772705900,2780340000
51,1139,241740123639300,2258800,2809029200,2816663300
51,1155,241740159351600,2252800,2844741500,2852375600
51,1171,241740194572700,2133400,2879962600,2887596700
51,1187,241740229240700,2160500,2914630600,2922264700
51,1203,241740269829200,2133500,2955219100,2962853200
51,1219,241740304084100,2156800,2989474000,2997108100
51,1235,241740340792100,2598100,3026182000,3033816100
51,1251,241740388971100,2877600,3074361000,3081995100
51,1267,241740436978600,2773400,3122368500,3130002600
51,1283,241740481610100,3127800,3167000000,3174634100
51,1299,241740529155700,2847000,3214545600,3222179700
51,1315,241740578222800,2967800,3263612700,3271246800
51,1331,241740631823800,3233500,3317213700,3324847800
51,1347,241740681213500,2649100,3366603400,3374237500
51,1363,241740724907400,2777500,3410297300,3417931400
51,1379,241740770197300,2785300,3455587200,3463221300
51,1395,241740814404400,2702100,3499794300,3507428400
51,1411,241740856421400,2614400,3541811300,3549445400
51,1427,241740903829200,2995800,3589219100,3596853200
51,1443,241740952565600,3036900,3637955500,3645589600
51,1459,241740996870200,10595200,3682260100,3689894200
51,1475,241741052151900,2970500,3737541800,3745175900
51,1491,241741098614100,2948000,3784004000,3791638100
51,1507,241741146059200,2788300,3831449100,3839083200
51,1523,241741189824000,2768000,3875213900,3882848000
51,1539,241741234135000,2694900,3919524900,3927159000
51,1555,241741279394600,4275800,3964784500,3972418600
51,1571,241741327717100,2995000,4013107000,4020741100
51,1587,241741375808700,3088500,4061198600,4068832700
51,1603,241741430865200,3073300,4116255100,4123889200
51,1619,241741478292000,2893500,4163681900,4171316000
51,1635,241741525188300,3048000,4210578200,4218212300
51,1651,241741570675900,2676200,4256065800,4263699900
51,1667,241741618695200,2997300,4304085100,4311719200
51,1683,241741665776800,2967200,4351166700,4358800800
51,1699,241741716386700,2764500,4401776600,4409410700
51,1715,241741760642000,3070000,4446031900,4453666000
51,1731,241741812823500,3358400,4498213400,4505847500
51,1747,241741861633100,2733300,4547023000,4554657100
51,1763,241741906931600,2779300,4592321500,4599955600
51,1779,241741949418600,2646500,4634808500,4642442600
51,1795,241741995786900,2961100,4681176800,4688810900
51,1811,241742042369300,2656200,4727759200,4735393300
51,1827,241742084835600,2623000,4770225500,4777859600
51,1843,241742129282600,2984600,4814672500,4822306600
51,1859,241742177225600,8357700,4862615500,4870249600
51,1875,241742227582100,2803000,4912972000,4920606100
51,1891,241742272948800,2961800,4958338700,4965972800
51,1907,241742317129000,2809000,5002518900,5010153000
51,1923,241742361134800,3040300,5046524700,5054158800
51,1939,241742407101600,2690200,5092491500,5100125600
51,1955,241742449973900,2757400,5135363800,5142997900
51,1971,241742494149200,2781100,5179539100,5187173200
51,1987,241742544840400,2808800,5230230300,5237864400
51,2003,241742598765900,3062900,5284155800,5291789900
51,2019,241742643858000,2576700,5329247900,5336882000
51,2035,241742688420200,2641100,5373810100,5381444200
52,4,241737468657900,2345600,154047800,161681900
52,20,241737507067300,2211200,192457200,200091300
52,36,241737543114600,2162700,228504500,236138600
52,52,241737578087100,2185300,263477000,271111100
52,68,241737612994600,2170500,298384500,306018600
52,84,241737648622600,2251000,334012500,341646600
52,100,241737683790000,2259900,369179900,376814000
52,116,241737720427400,2301900,405817300,413451400
52,132,241737776333800,2265300,461723700,469357800
52,148,241737813072100,2292300,498462000,506096100
52,164,241737848574000,2144900,533963900,541598000
52,180,241737883360900,2157900,568750800,576384900
52,196,241737919717900,2250300,605107800,612741900
52,212,241737956457200,2241700,641847100,649481200
52,228,241737991421800,2213200,676811700,684445800
52,244,241738027880300,2201700,713270200,720904300
52,260,241738082142800,2379400,767532700,775166800
52,276,241738118916700,2187800,804306600,811940700
52,292,241738153918900,2149600,839308800,846942900
52,308,241738188768000,2155200,874157900,881792000
52,324,241738222815900,2043000,908205800,915839900
52,340,241738257407800,2186200,942797700,950431800
52,356,241738293282200,2108900,978672100,986306200
52,372,241738329427100,2386800,1014817000,1022451100
52,388,241738365594800,2120800,1050984700,1058618800
52,404,241738418720900,2241300,1104110800,1111744900
52,420,241738453850200,2095500,1139240100,1146874200
52,436,241738488587400,2217000,1173977300,1181611400
52,452,241738523979200,2291500,1209369100,1217003200
52,468,241738560069900,2173000,1245459800,1253093900
52,484,241738595638200,2124200,1281028100,1288662200
52,500,241738631227200,2250500,1316617100,1324251200
52,516,241738667266900,2181200,1352656800,1360290900
52,532,241738721124000,2121100,1406513900,1414148000
52,548,241738756167700,2170000,1441557600,1449191700
52,564,241738790147200,2193400,1475537100,1483171200
52,580,241738825528200,2268000,1510918100,1518552200
52,596,241738860157000,2109300,1545546900,1553181000
52,612,241738894493500,2118200,1579883400,1587517500
52,628,241738929493100,2268400,1614883000,1622517100
52,644,241738965357700,2210100,1650747600,1658381700
52,660,241739020563400,2341700,1705953300,1713587400
52,676,241739056004800,2093300,1741394700,1749028800
52,692,241739090368800,2146100,1775758700,1783392800
52,708,241739125260100,2302700,1810650000,1818284100
52,724,241739161531700,2230300,1846921600,1854555700
52,740,241739196905300,2193700,1882295200,1889929300
52,756,241739232781600,2182200,1918171500,1925805600
52,772,241739268591700,2215900,1953981600,1961615700
52,788,241739304382900,2173400,1989772800,1997406900
52,804,241739360509600,2298300,2045899500,2053533600
52,820,241739396053700,2175900,2081443600,2089077700
52,836,241739431642200,2177500,2117032100,2124666200
52,852,241739467247400,2336100,2152637300,2160271400
52,868,241739501981200,2169900,2187371100,2195005200
52,884,241739536135200,2131800,2221525100,2229159200
52,900,241739571447200,2188800,2256837100,2264471200
52,916,241739607101700,2130600,2292491600,2300125700
52,932,241739661737700,2126600,2347127600,2354761700
52,948,241739696333000,2143900,2381722900,2389357000
52,964,241739730624800,2122100,2416014700,2423648800
52,980,241739765526800,2213700,2450916700,2458550800
52,996,241739799784100,2174700,2485174000,2492808100
52,1012,241739837363700,2115100,2522753600,2530387700
52,1028,241739872562600,2161900,2557952500,2565586600
52,1044,241739907721000,2325400,2593110900,2600745000
52,1060,241739949560900,2225900,2634950800,2642584900
52,1076,241739984617600,2021800,2670007500,2677641600
52,1092,241740019705400,2252700,2705095300,2712729400
52,1108,241740055253800,2148800,2740643700,2748277800
52,1124,241740090137100,2188500,2775527000,2783161100
52,1140,241740126392300,2216500,2811782200,2819416300
52,1156,241740162123100,2183100,2847513000,2855147100
52,1172,241740197143100,2112400,2882533000,2890167100
52,1188,241740231721900,2201300,2917111800,2924745900
52,1204,241740272274600,2150300,2957664500,2965298600
52,1220,241740306569300,2131000,2991959200,2999593300
52,1236,241740343776600,2683500,3029166500,3036800600
52,1252,241740392161700,2892400,3077551600,3085185700
52,1268,241740440123800,2834000,3125513700,3133147800
52,1284,241740485210200,3073800,3170600100,3178234200
52,1300,241740532476100,2839300,3217866000,3225500100
52,1316,241740581653000,2901300,3267042900,3274677000
52,1332,241740635533900,3068600,3320923800,3328557900
52,1348,241740684290400,2722200,3369680300,3377314400
52,1364,241740728134300,2718900,3413524200,3421158300
52,1380,241740773364900,2779500,3458754800,3466388900
52,1396,241740817466700,2573000,3502856600,3510490700
52,1412,241740859351400,2643500,3544741300,3552375400
52,1428,241740907216000,3029600,3592605900,3600240000
52,1444,241740955993300,3009200,3641383200,3649017300
52,1460,241741007776100,6367900,3693166000,3700800100
52,1476,241741055210600,2902000,3740600500,3748234600
52,1492,241741101650800,2957000,3787040700,3794674800
52,1508,241741148935800,3020900,3834325700,3841959800
52,1524,241741192661500,2725700,3878051400,3885685500
52,1540,241741236907300,2751200,3922297200,3929931300
52,1556,241741283755800,2770500,3969145700,3976779800
52,1572,241741330803100,2980000,4016193000,4023827100
52,1588,241741378939300,3110900,4064329200,4071963300
52,1604,241741433988400,3096500,4119378300,4127012400
52,1620,241741481231800,2678200,4166621700,4174255800
52,1636,241741528284500,3054200,4213674400,4221308500
52,1652,241741573530500,2722700,4258920400,4266554500
52,1668,241741621899000,2906700,4307288900,4314923000
52,1684,241741668995800,2978200,4354385700,4362019800
52,1700,241741719373800,2694000,4404763700,4412397800
52,1716,241741763936100,3063200,4449326000,4456960100
52,1732,241741816420300,3522700,4501810200,4509444300
52,1748,241741864585300,2739200,4549975200,4557609300
52,1764,241741909934000,2685600,4595323900,4602958000
52,1780,241741952277000,2687600,4637666900,4645301000
52,1796,241741999002300,2973100,4684392200,4692026300
52,1812,241742045255000,2775600,4730644900,4738279000
52,1828,241742087664500,2573900,4773054400,4780688500
52,1844,241742132567800,2945500,4817957700,4825591800
52,1860,241742185844500,2713800,4871234400,4878868500
52,1876,241742230659300,2744000,4916049200,4923683300
52,1892,241742276268800,2793400,4961658700,4969292800
52,1908,241742320179600,2733900,5005569500,5013203600
52,1924,241742364391800,2911100,5049781700,5057415800
52,1940,241742409904900,2630000,5095294800,5102928900
52,1956,241742452860100,2733600,5138250000,5145884100
52,1972,241742497034200,2742400,5182424100,5190058200
52,1988,241742547769300,2857000,5233159200,5240793300
52,2004,241742601949300,4100400,5287339200,5294973300
52,2020,241742646602700,2652500,5331992600,5339626700
52,2036,241742691108200,2640800,5376498100,5384132200
53,5,241737471040300,2865500,156430200,164064300
53,21,241737509380200,2230900,194770100,202404200
53,37,241737545375000,2152000,230764900,238399000
53,53,241737580341000,2142700,265730900,273365000
53,69,241737615199000,2155400,300588900,308223000
53,85,241737650602500,2205000,335992400,343626500
53,101,241737685783600,2335700,371173500,378807600
53,117,241737722516200,2265700,407906100,415540200
53,133,241737778336900,2223400,463726800,471360900
53,149,241737815064000,2226600,500453900,508088000
53,165,241737850426900,2141800,535816800,543450900
53,181,241737885253500,2146800,570643400,578277500
53,197,241737921607300,2449100,606997200,614631300
53,213,241737958276600,2244500,643666500,651300600
53,229,241737993208000,2303400,678597900,686232000
53,245,241738029928000,2299800,715317900,722952000
53,261,241738084265200,2294800,769655100,777289200
53,277,241738120276300,2237400,805666200,813300300
53,293,241738155285100,2107100,840675000,848309100
53,309,241738190143400,2129900,875533300,883167400
53,325,241738224105100,2053600,909495000,917129100
53,341,241738258817800,2204700,944207700,951841800
53,357,241738294481500,2194200,979871400,987505500
53,373,241738330546900,2397300,1015936800,1023570900
53,389,241738366621000,2145700,1052010900,1059645000
53,405,241738419832000,2212800,1105221900,1112856000
53,421,241738454802400,2202400,1140192300,1147826400
53,437,241738489554900,2386300,1174944800,1182578900
53,453,241738525097200,2284100,1210487100,1218121200
53,469,241738561079000,2218700,1246468900,1254103000
53,485,241738596715500,2253300,1282105400,1289739500
53,501,241738632523700,2247100,1317913600,1325547700
53,517,241738668411600,2126800,1353801500,1361435600
53,533,241738722177500,2146900,1407567400,1415201500
53,549,241738757146400,2120300,1442536300,1450170400
53,565,241738791100000,2278200,1476489900,1484124000
53,581,241738826519800,2247300,1511909700,1519543800
53,597,241738861076300,2127300,1546466200,1554100300
53,613,241738895525100,2099500,1580915000,1588549100
53,629,241738930675300,2172500,1616065200,1623699300
53,645,241738966925300,2187700,1652315200,1659949300
53,661,241739022182900,2492700,1707572800,1715206900
53,677,241739057504500,2110300,1742894400,1750528500
53,693,241739091878900,2128100,1777268800,1784902900
53,709,241739126865100,2416000,1812255000,1819889100
53,725,241739163121300,2166900,1848511200,1856145300
53,741,241739198414900,2225600,1883804800,1891438900
53,757,241739234253800,2179300,1919643700,1927277800
53,773,241739270143800,2263000,1955533700,1963167800
53,789,241739305984400,2204800,1991374300,1999008400
53,805,241739361929000,2264000,2047318900,2054953000
53,821,241739397567500,2209500,2082957400,2090591500
53,837,241739433267200,2212500,2118657100,2126291200
53,853,241739469111600,2201900,2154501500,2162135600
53,869,241739503710200,2141400,2189100100,2196734200
53,885,241739537829200,2129600,2223219100,2230853200
53,901,241739573111000,2193100,2258500900,2266135000
53,917,241739608723300,2109900,2294113200,2301747300
53,933,241739663291400,2129400,2348681300,2356315400
53,949,241739697817000,2159000,2383206900,2390841000
53,965,241739732068900,2141600,2417458800,2425092900
53,981,241739767025500,2204100,2452415400,2460049500
53,997,241739801290700,2143400,2486680600,2494314700
53,1013,241739838339600,2121100,2523729500,2531363600
53,1029,241739873614300,2110800,2559004200,2566638300
53,1045,241739908762200,2399300,2594152100,2601786200
53,1061,241739950515900,2211800,2635905800,2643539900
53,1077,241739985338900,2089300,2670728800,2678362900
53,1093,241740020776500,2277900,2706166400,2713800500
53,1109,241740056246000,2209600,2741635900,2749270000
53,1125,241740091357500,2194400,2776747400,2784381500
53,1141,241740127653100,2214400,2813043000,2820677100
53,1157,241740163339100,2204000,2848729000,2856363100
53,1173,241740198348300,2129100,2883738200,2891372300
53,1189,241740233517600,2251000,2918907500,2926541600
53,1205,241740274081500,2122900,2959471400,2967105500
53,1221,241740308417200,2091000,2993807100,3001441200
53,1237,241740346111300,2613700,3031501200,3039135300
53,1253,241740394657000,2927500,3080046900,3087681000
53,1269,241740442556200,2821100,3127946100,3135580200
53,1285,241740487842700,3081200,3173232600,3180866700
53,1301,241740534931000,2810500,3220320900,3227955000
53,1317,241740584063100,2954800,3269453000,3277087100
53,1333,241740638073400,3084700,3323463300,3331097400
53,1349,241740686603100,2761500,3371993000,3379627100
53,1365,241740730437600,2756700,3415827500,3423461600
53,1381,241740775813100,2735600,3461203000,3468837100
53,1397,241740819764000,2609600,3505153900,3512788000
53,1413,241740861713700,2613000,3547103600,3554737700
53,1429,241740909905800,3072800,3595295700,3602929800
53,1445,241740958665600,2737500,3644055500,3651689600
53,1461,241741014342200,2735500,3699732100,3707366200
53,1477,241741058246500,2978800,3743636400,3751270500
53,1493,241741104693600,2966200,3790083500,3797717600
53,1509,241741152010200,2786500,3837400100,3845034200
53,1525,241741195459600,2800900,3880849500,3888483600
53,1541,241741239732100,2712100,3925122000,3932756100
53,1557,241741286645500,2795700,3972035400,3979669500
53,1573,241741333924300,2981500,4019314200,4026948300
53,1589,241741382271300,3111800,4067661200,4075295300
53,1605,241741437301500,3072100,4122691400,4130325500
53,1621,241741484110500,2786300,4169500400,4177134500
53,1637,241741531438200,2734800,4216828100,4224462200
53,1653,241741576471800,2957200,4261861700,4269495800
53,1669,241741625013300,2918400,4310403200,4318037300
53,1685,241741672189600,2955900,4357579500,4365213600
53,1701,241741722248100,2727700,4407638000,4415272100
53,1717,241741767147400,3043700,4452537300,4460171400
53,1733,241741820046000,2724100,4505435900,4513070000
53,1749,241741867455700,2729600,4552845600,4560479700
53,1765,241741912731600,2598500,4598121500,4605755600
53,1781,241741955070700,2638100,4640460600,4648094700
53,1797,241742002096100,2924900,4687486000,4695120100
53,1813,241742048153600,2994100,4733543500,4741177600
53,1829,241742090331400,3031800,4775721300,4783355400
53,1845,241742135565200,2991800,4820955100,4828589200
53,1861,241742188604400,2807100,4873994300,4881628400
53,1877,241742233449300,2864600,4918839200,4926473300
53,1893,241742279110200,2727100,4964500100,4972134200
53,1909,241742322953800,2738400,5008343700,5015977800
53,1925,241742367355800,3022800,5052745700,5060379800
53,1941,241742412617100,2677100,5098007000,5105641100
53,1957,241742455670300,2871600,5141060200,5148694300
53,1973,241742499856000,6277500,5185245900,5192880000
53,1989,241742550706600,3036200,5236096500,5243730600
53,2005,241742606272000,3810200,5291661900,5299296000
53,2021,241742649373200,2607500,5334763100,5342397200
53,2037,241742693863700,2609500,5379253600,5386887700
54,6,241737473809900,2654800,159199800,166833900
54,22,241737511581500,2538600,196971400,204605500
54,38,241737547562700,2172400,232952600,240586700
54,54,241737582520200,2186600,267910100,275544200
54,70,241737617390300,2147600,302780200,310414300
54,86,241737653053500,2185400,338443400,346077500
54,102,241737688376300,2295800,373766200,381400300
54,118,241737724975300,2281000,410365200,417999300
54,134,241737780789200,2267400,466179100,473813200
54,150,241737817530200,2232900,502920100,510554200
54,166,241737852809300,2211700,538199200,545833300
54,182,241737887640900,2201500,573030800,580664900
54,198,241737924354500,2187800,609744400,617378500
54,214,241737960863900,2158500,646253800,653887900
54,230,241737995811700,2268500,681201600,688835700
54,246,241738032289700,2323600,717679600,725313700
54,262,241738086744400,2272400,772134300,779768400
54,278,241738123701200,2215200,809091100,816725200
54,294,241738158574900,2120600,843964800,851598900
54,310,241738193480300,2117100,878870200,886504300
54,326,241738227355500,2085300,912745400,920379500
54,342,241738262308500,2207900,947698400,955332500
54,358,241738298034300,2223700,983424200,991058300
54,374,241738334378500,2180300,1019768400,1027402500
54,390,241738370160300,2106900,1055550200,1063184300
54,406,241738423459700,2124600,1108849600,1116483700
54,422,241738458469600,2200900,1143859500,1151493600
54,438,241738493022300,2345800,1178412200,1186046300
54,454,241738528630600,2254400,1214020500,1221654600
54,470,241738564594500,2222900,1249984400,1257618500
54,486,241738600460400,2154100,1285850300,1293484400
54,502,241738635980500,2206100,1321370400,1329004500
54,518,241738671554500,2136500,1356944400,1364578500
54,534,241738725275100,2292800,1410665000,1418299100
54,550,241738760274900,2061800,1445664800,1453298900
54,566,241738794429000,2140400,1479818900,1487453000
54,582,241738829780900,2174300,1515170800,1522804900
54,598,241738864202400,2159600,1549592300,1557226400
54,614,241738898679700,2129800,1584069600,1591703700
54,630,241738933753100,2201000,1619143000,1626777100
54,646,241738969529500,2220800,1654919400,1662553500
54,662,241739025200200,2485600,1710590100,1718224200
54,678,241739060050000,2105700,1745439900,1753074000
54,694,241739094441300,2131600,1779831200,1787465300
54,710,241739129860600,2303500,1815250500,1822884600
54,726,241739165805400,2309600,1851195300,1858829400
54,742,241739201238900,2285300,1886628800,1894262900
54,758,241739237049700,2273400,1922439600,1930073700
54,774,241739273001800,2251200,1958391700,1966025800
54,790,241739308625200,2314300,1994015100,2001649200
54,806,241739364548900,2234700,2049938800,2057572900
54,822,241739400329600,2312300,2085719500,2093353600
54,838,241739436193500,2276500,2121583400,2129217500
54,854,241739471911600,2297000,2157301500,2164935600
54,870,241739506396700,2111300,2191786600,2199420700
54,886,241739540521900,2154500,2225911800,2233545900
54,902,241739575848600,2221500,2261238500,2268872600
54,918,241739611382900,2101700,2296772800,2304406900
54,934,241739665832700,2145400,2351222600,2358856700
54,950,241739700432100,2126800,2385822000,2393456100
54,966,241739734711200,2140200,2420101100,2427735200
54,982,241739769766400,2119400,2455156300,2462790400
54,998,241739803991700,2117100,2489381600,2497015700
54,1014,241739841384200,2311400,2526774100,2534408200
54,1030,241739876579000,2134000,2561968900,2569603000
54,1046,241739912044200,2212900,2597434100,2605068200
54,1062,241739953880000,2207100,2639269900,2646904000
54,1078,241739988476700,2097200,2673866600,2681500700
54,1094,241740024021200,2231700,2709411100,2717045200
54,1110,241740059421900,2216000,2744811800,2752445900
54,1126,241740094562000,2704100,2779951900,2787586000
54,1142,241740131086900,2199600,2816476800,2824110900
54,1158,241740166762700,2226000,2852152600,2859786700
54,1174,241740201683800,2127900,2887073700,2894707800
54,1190,241740236625300,2329000,2922015200,2929649300
54,1206,241740276871800,2161900,2962261700,2969895800
54,1222,241740311144400,2150700,2996534300,3004168400
54,1238,241740349712500,3472500,3035102400,3042736500
54,1254,241740398385300,2904700,3083775200,3091409300
54,1270,241740446148700,2993000,3131538600,3139172700
54,1286,241740491809300,2869400,3177199200,3184833300
54,1302,241740538504200,2824600,3223894100,3231528200
54,1318,241740587816700,2900300,3273206600,3280840700
54,1334,241740641974600,3192700,3327364500,3334998600
54,1350,241740690208900,2790900,3375598800,3383232900
54,1366,241740734047200,2747500,3419437100,3427071200
54,1382,241740779485000,2736800,3464874900,3472509000
54,1398,241740823212000,2616100,3508601900,3516236000
54,1414,241740865159700,3089200,3550549600,3558183700
54,1430,241740913938500,3031000,3599328400,3606962500
54,1446,241740962198800,2772900,3647588700,3655222800
54,1462,241741016209500,2753100,3701599400,3709233500
54,1478,241741060364000,2939900,3745753900,3753388000
54,1494,241741106802300,2972600,3792192200,3799826300
54,1510,241741154011000,2719400,3839400900,3847035000
54,1526,241741197469000,2723900,3882858900,3890493000
54,1542,241741241655100,2774200,3927045000,3934679100
54,1558,241741289112800,2960900,3974502700,3982136800
54,1574,241741336574700,3068200,4021964600,4029598700
54,1590,241741385041200,3097600,4070431100,4078065200
54,1606,241741440024700,3057100,4125414600,4133048700
54,1622,241741486555600,2906900,4171945500,4179579600
54,1638,241741533826900,2783800,4219216800,4226850900
54,1654,241741578849600,3024200,4264239500,4271873600
54,1670,241741627347700,2910600,4312737600,4320371700
54,1686,241741674559800,2941700,4359949700,4367583800
54,1702,241741724483600,2738800,4409873500,4417507600
54,1718,241741769636400,2995100,4455026300,4462660400
54,1734,241741822275500,2716600,4507665400,4515299500
54,1750,241741869359200,2724800,4554749100,4562383200
54,1766,241741914533100,2605700,4599923000,4607557100
54,1782,241741956932200,2668000,4642322100,4649956200
54,1798,241742004112700,2934500,4689502600,4697136700
54,1814,241742050293400,2750100,4735683300,4743317400
54,1830,241742092565600,2617100,4777955500,4785589600
54,1846,241742137667000,2966600,4823056900,4830691000
54,1862,241742190479400,2947000,4875869300,4883503400
54,1878,241742235362100,2779900,4920752000,4928386100
54,1894,241742280929500,2683000,4966319400,4973953500
54,1910,241742324825200,2705200,5010215100,5017849200
54,1926,241742369356600,3073900,5054746500,5062380600
54,1942,241742414469600,2702800,5099859500,5107493600
54,1958,241742457682400,2734200,5143072300,5150706400
54,1974,241742504741700,3344700,5190131600,5197765700
54,1990,241742552728100,3143500,5238118000,5245752100
54,2006,241742609245400,2724300,5294635300,5302269400
54,2022,241742651157100,2757300,5336547000,5344181100
54,2038,241742695635300,2606200,5381025200,5388659300
55,7,241737476693900,2436600,162083800,169717900
55,23,241737514221900,2315000,199611800,207245900
55,39,241737549825900,2186100,235215800,242849900
55,55,241737584798300,2321600,270188200,277822300
55,71,241737619635700,2135700,305025600,312659700
55,87,241737655149600,2175800,340539500,348173600
55,103,241737690614100,2267000,376004000,383638100
55,119,241737727163700,2251400,412553600,420187700
55,135,241737783157900,2339000,468547800,476181900
55,151,241737819858500,2191800,505248400,512882500
55,167,241737855122600,2162100,540512500,548146600
55,183,241737889943400,2424700,575333300,582967400
55,199,241737926696600,2364700,612086500,619720600
55,215,241737963179500,2187000,648569400,656203500
55,231,241737998242000,2273000,683631900,691266000
55,247,241738034783100,2176400,720173000,727807100
55,263,241738089190600,2639800,774580500,782214600
55,279,241738125441600,2202300,810831500,818465600
55,295,241738160380900,2131800,845770800,853404900
55,311,241738195259500,2121700,880649400,888283500
55,327,241738229112500,2112100,914502400,922136500
55,343,241738264121800,2177700,949511700,957145800
55,359,241738299933700,2432100,985323600,992957700
55,375,241738336220200,2183500,1021610100,1029244200
55,391,241738371921300,20115300,1057311200,1064945300
55,407,241738425186800,2193200,1110576700,1118210800
55,423,241738460506700,2099300,1145896600,1153530700
55,439,241738495188300,2199400,1180578200,1188212300
55,455,241738530858200,2217900,1216248100,1223882200
55,471,241738566674500,2173600,1252064400,1259698500
55,487,241738602471600,2322500,1287861500,1295495600
55,503,241738638101400,2180000,1323491300,1331125400
55,519,241738673857900,2097600,1359247800,1366881900
55,535,241738727857700,2145900,1413247600,1420881700
55,551,241738762780500,2054100,1448170400,1455804500
55,567,241738796999500,2134100,1482389400,1490023500
55,583,241738832445300,2106900,1517835200,1525469300
55,599,241738866906100,2328300,1552296000,1559930100
55,615,241738901395000,2106600,1586784900,1594419000
55,631,241738936624800,2387900,1622014700,1629648800
55,647,241738972809800,2187200,1658199700,1665833800
55,663,241739028909100,2188200,1714299000,1721933100
55,679,241739063360900,2145800,1748750800,1756384900
55,695,241739097758100,2136000,1783148000,1790782100
55,711,241739133429200,2287400,1818819100,1826453200
55,727,241739169321400,2172100,1854711300,1862345400
55,743,241739204694500,2229700,1890084400,1897718500
55,759,241739240342300,2305800,1925732200,1933366300
55,775,241739276552100,2376800,1961942000,1969576100
55,791,241739312263900,21809700,1997653800,2005287900
55,807,241739368048200,2221200,2053438100,2061072200
55,823,241739403873200,2217900,2089263100,2096897200
55,839,241739439564400,2182800,2124954300,2132588400
55,855,241739475322400,2160000,2160712300,2168346400
55,871,241739509572500,2085900,2194962400,2202596500
55,887,241739543715500,2120200,2229105400,2236739500
55,903,241739579092000,2203700,2264481900,2272116000
55,919,241739614517700,2139000,2299907600,2307541700
55,935,241739669131000,2136700,2354520900,2362155000
55,951,241739703763400,2137900,2389153300,2396787400
55,967,241739738113500,2127500,2423503400,2431137500
55,983,241739773157500,2142400,2458547400,2466181500
55,999,241739807352200,2094900,2492742100,2500376200
55,1015,241739844765200,2281700,2530155100,2537789200
55,1031,241739879734000,2177300,2565123900,2572758000
55,1047,241739915353100,2226400,2600743000,2608377100
55,1063,241739957137000,2175000,2642526900,2650161000
55,1079,241739991473600,2134300,2676863500,2684497600
55,1095,241740027187600,2167700,2712577500,2720211600
55,1111,241740062491000,2157700,2747880900,2755515000
55,1127,241740097768500,2194000,2783158400,2790792500
55,1143,241740133601600,2208200,2818991500,2826625600
55,1159,241740169485800,2178200,2854875700,2862509800
55,1175,241740204302700,2383500,2889692600,2897326700
55,1191,241740239549300,7780100,2924939200,2932573300
55,1207,241740279597700,2132900,2964987600,2972621700
55,1223,241740313905500,2212200,2999295400,3006929500
55,1239,241740353975700,3025300,3039365600,3046999700
55,1255,241740402049800,2793200,3087439700,3095073800
55,1271,241740449942200,2910000,3135332100,3142966200
55,1287,241740495437600,3032500,3180827500,3188461600
55,1303,241740542045200,2786900,3227435100,3235069200
55,1319,241740591518500,2992100,3276908400,3284542500
55,1335,241740645953900,2696500,3331343800,3338977900
55,1351,241740693577400,2678900,3378967300,3386601400
55,1367,241740737355700,2755500,3422745600,3430379700
55,1383,241740782513900,2767200,3467903800,3475537900
55,1399,241740826111800,2703600,3511501700,3519135800
55,1415,241740868600700,3067800,3553990600,3561624700
55,1431,241740917307700,2999300,3602697600,3610331700
55,1447,241740965320400,2830600,3650710300,3658344400
55,1463,241741019247000,2676400,3704636900,3712271000
55,1479,241741063629600,2944000,3749019500,3756653600
55,1495,241741110189900,2951300,3795579800,3803213900
55,1511,241741157149200,2678000,3842539100,3850173200
55,1527,241741200612600,2781100,3886002500,3893636600
55,1543,241741244854200,2767500,3930244100,3937878200
55,1559,241741291703000,3051700,3977092900,3984727000
55,1575,241741339302300,3062300,4024692200,4032326300
55,1591,241741387736700,3148200,4073126600,4080760700
55,1607,241741442696800,3072200,4128086700,4135720800
55,1623,241741489139600,2817600,4174529500,4182163600
55,1639,241741536256000,2750700,4221645900,4229280000
55,1655,241741581510500,4276200,4266900400,4274534500
55,1671,241741629965900,2932600,4315355800,4322989900
55,1687,241741677210100,2969100,4362600000,4370234100
55,1703,241741726962700,2735600,4412352600,4419986700
55,1719,241741772420000,3038900,4457809900,4465444000
55,1735,241741824816000,2835000,4510205900,4517840000
55,1751,241741872221200,2810000,4557611100,4565245200
55,1767,241741917280200,2652700,4602670100,4610304200
55,1783,241741959749200,2574000,4645139100,4652773200
55,1799,241742007196800,2642600,4692586700,4700220800
55,1815,241742053109800,2690700,4738499700,4746133800
55,1831,241742095288100,2809100,4780678000,4788312100
55,1847,241742140719300,2972700,4826109200,4833743300
55,1863,241742193543700,2822900,4878933600,4886567700
55,1879,241742238264400,2955400,4923654300,4931288400
55,1895,241742283742900,2754700,4969132800,4976766900
55,1911,241742327673000,2861400,5013062900,5020697000
55,1927,241742372556700,2885500,5057946600,5065580700
55,1943,241742417251400,2650900,5102641300,5110275400
55,1959,241742460503300,2714800,5145893200,5153527300
55,1975,241742508166100,2826600,5193556000,5201190100
55,1991,241742555921400,3026700,5241311300,5248945400
55,2007,241742612011100,2727200,5297401000,5305035100
55,2023,241742653999500,2883600,5339389400,5347023500
55,2039,241742698421500,2617700,5383811400,5391445500
56,8,241737479510600,2317500,164900500,172534600
56,24,241737516732500,2236100,202122400,209756500
56,40,241737552161400,2144200,237551300,245185400
56,56,241737587266200,2151500,272656100,280290200
56,72,241737621918200,2120400,307308100,314942200
56,88,241737657517500,2196600,342907400,350541500
56,104,241737693157800,2278500,378547700,386181800
56,120,241737729627200,2212800,415017100,422651200
56,136,241737785663800,2293800,471053700,478687800
56,152,241737822200200,2159600,507590100,515224200
56,168,241737857403200,2140900,542793100,550427200
56,184,241737892464300,2242900,577854200,585488300
56,200,241737929099600,2457100,614489500,622123600
56,216,241737965399400,2147100,650789300,658423400
56,232,241738000552100,2313200,685942000,693576100
56,248,241738037056400,2243400,722446300,730080400
56,264,241738091485100,2195600,776875000,784509100
56,280,241738127060200,2140200,812450100,820084200
56,296,241738161833900,2094100,847223800,854857900
56,312,241738196687500,2134900,882077400,889711500
56,328,241738230518700,2096300,915908600,923542700
56,344,241738265573500,2451300,950963400,958597500
56,360,241738301418600,2418100,986808500,994442600
56,376,241738337643300,2221900,1023033200,1030667300
56,392,241738391119200,2444300,1076509100,1084143200
56,408,241738426593600,2174700,1111983500,1119617600
56,424,241738461808700,2084200,1147198600,1154832700
56,440,241738496614000,2202400,1182003900,1189638000
56,456,241738532118900,2223200,1217508800,1225142900
56,472,241738567971600,2164100,1253361500,1260995600
56,488,241738603729400,2264400,1289119300,1296753400
56,504,241738639329200,2205200,1324719100,1332353200
56,520,241738674878500,2098200,1360268400,1367902500
56,536,241738728877500,2160900,1414267400,1421901500
56,552,241738763505500,2077300,1448895400,1456529500
56,568,241738797758400,2140900,1483148300,1490782400
56,584,241738833366600,2181600,1518756500,1526390600
56,600,241738867960300,2180400,1553350200,1560984300
56,616,241738902289400,2107200,1587679300,1595313400
56,632,241738937485100,2461900,1622875000,1630509100
56,648,241738973601700,2175600,1658991600,1666625700
56,664,241739029598900,2200300,1714988800,1722622900
56,680,241739064017800,2145500,1749407700,1757041800
56,696,241739098434900,2132100,1783824800,1791458900
56,712,241739134152400,2286600,1819542300,1827176400
56,728,241739169967200,2210600,1855357100,1862991200
56,744,241739205442300,2225700,1890832200,1898466300
56,760,241739241087600,2328700,1926477500,1934111600
56,776,241739277237400,2427700,1962627300,1970261400
56,792,241739312919800,21965700,1998309700,2005943800
56,808,241739368801600,2166200,2054191500,2061825600
56,824,241739404439500,2228400,2089829400,2097463500
56,840,241739440027400,2205200,2125417300,2133051400
56,856,241739475772600,2176600,2161162500,2168796600
56,872,241739510043700,2074000,2195433600,2203067700
56,888,241739544166200,2073000,2229556100,2237190200
56,904,241739579598000,2240400,2264987900,2272622000
56,920,241739615114700,2119500,2300504600,2308138700
56,936,241739669659200,2162000,2355049100,2362683200
56,952,241739704375000,2126900,2389764900,2397399000
56,968,241739738663300,2212000,2424053200,2431687300
56,984,241739773651500,2133700,2459041400,2466675500
56,1000,241739807827900,2098000,2493217800,2500851900
56,1016,241739845493800,2201400,2530883700,2538517800
56,1032,241739880388600,2170500,2565778500,2573412600
56,1048,241739916132000,2213800,2601521900,2609156000
56,1064,241739957894700,2182800,2643284600,2650918700
56,1080,241739992304100,2130200,2677694000,2685328100
56,1096,241740027964400,2179200,2713354300,2720988400
56,1112,241740063283300,2178200,2748673200,2756307300
56,1128,241740098786800,2173200,2784176700,2791810800
56,1144,241740134890100,2234600,2820280000,2827914100
56,1160,241740170705100,2290400,2856095000,2863729100
56,1176,241740205847000,2136400,2891236900,2898871000
56,1192,241740240798200,7791100,2926188100,2933822200
56,1208,241740280841100,2141600,2966231000,2973865100
56,1224,241740315239300,2143400,3000629200,3008263300
56,1240,241740355884800,3022800,3041274700,3048908800
56,1256,241740403733600,2933800,3089123500,3096757600
56,1272,241740451683300,2678600,3137073200,3144707300
56,1288,241740497332200,2935400,3182722100,3190356200
56,1304,241740543718500,2824100,3229108400,3236742500
56,1320,241740593340300,2965400,3278730200,3286364300
56,1336,241740647565300,2788600,3332955200,3340589300
56,1352,241740695248900,2743100,3380638800,3388272900
56,1368,241740739068900,2750400,3424458800,3432092900
56,1384,241740784695700,2911400,3470085600,3477719700
56,1400,241740828305800,2635700,3513695700,3521329800
56,1416,241740871074200,3030300,3556464100,3564098200
56,1432,241740919715000,3053400,3605104900,3612739000
56,1448,241740967619200,2793000,3653009100,3660643200
56,1464,241741021699800,2749300,3707089700,3714723800
56,1480,241741066323500,2939100,3751713400,3759347500
56,1496,241741112820700,2934800,3798210600,3805844700
56,1512,241741159528300,2715700,3844918200,3852552300
56,1528,241741203089400,2768900,3888479300,3896113400
56,1544,241741247301600,2733700,3932691500,3940325600
56,1560,241741294500300,3085700,3979890200,3987524300
56,1576,241741342112900,3015700,4027502800,4035136900
56,1592,241741390582700,8703600,4075972600,4083606700
56,1608,241741445468300,3106900,4130858200,4138492300
56,1624,241741491648200,2736700,4177038100,4184672200
56,1640,241741538757700,2724100,4224147600,4231781700
56,1656,241741585578100,2938400,4270968000,4278602100
56,1672,241741632699100,2902500,4318089000,4325723100
56,1688,241741679981300,2959700,4365371200,4373005300
56,1704,241741729511300,2745800,4414901200,4422535300
56,1720,241741775170300,2872500,4460560200,4468194300
56,1736,241741827247800,5152800,4512637700,4520271800
56,1752,241741874761900,2726400,4560151800,4567785900
56,1768,241741919669100,2698200,4605059000,4612693100
56,1784,241741962079600,2654200,4647469500,4655103600
56,1800,241742009657100,2827900,4695047000,4702681100
56,1816,241742055651500,2638600,4741041400,4748675500
56,1832,241742097945700,2816500,4783335600,4790969700
56,1848,241742143525100,2998800,4828915000,4836549100
56,1864,241742196408600,2717600,4881798500,4889432600
56,1880,241742241274900,3058100,4926664800,4934298900
56,1896,241742286537400,2718300,4971927300,4979561400
56,1912,241742330571700,2789300,5015961600,5023595700
56,1928,241742375488500,2691400,5060878400,5068512500
56,1944,241742419944400,2663100,5105334300,5112968400
56,1960,241742463264500,2786200,5148654400,5156288500
56,1976,241742511047300,3067700,5196437200,5204071300
56,1992,241742558989000,8658200,5244378900,5252013000
56,2008,241742614778700,2604600,5300168600,5307802700
56,2024,241742656957000,2706300,5342346900,5349981000
56,2040,241742700973300,2581900,5386363200,5393997300
57,9,241737481725800,3307600,167115700,174749800
57,25,241737518879500,2234400,204269400,211903500
57,41,241737554239900,2181800,239629800,247263900
57,57,241737589238900,2187300,274628800,282262900
57,73,241737623949900,2142700,309339800,316973900
57,89,241737659598600,2177500,344988500,352622600
57,105,241737695222000,2333900,380611900,388246000
57,121,241737731691100,2224200,417081000,424715100
57,137,241737787741800,2374500,473131700,480765800
57,153,241737824159300,2124600,509549200,517183300
57,169,241737859358300,2197400,544748200,552382300
57,185,241737894629000,2423600,580018900,587653000
57,201,241737931401100,2300500,616791000,624425100
57,217,241737967398500,2157700,652788400,660422500
57,233,241738002713200,2220900,688103100,695737200
57,249,241738039118700,2237900,724508600,732142700
57,265,241738093776300,2287600,779166200,786800300
57,281,241738129473000,2177900,814862900,822497000
57,297,241738164109000,2132300,849498900,857133000
57,313,241738198993200,2155300,884383100,892017200
57,329,241738232819100,2104600,918209000,925843100
57,345,241738268146600,2296200,953536500,961170600
57,361,241738303932700,2271600,989322600,996956700
57,377,241738339836900,2191800,1025226800,1032860900
57,393,241738393533600,2240100,1078923500,1086557600
57,409,241738428738900,2142500,1114128800,1121762900
57,425,241738463754900,2097800,1149144800,1156778900
57,441,241738498545600,2227900,1183935500,1191569600
57,457,241738533981100,2220300,1219371000,1227005100
57,473,241738569788000,2140000,1255177900,1262812000
57,489,241738605651300,2184600,1291041200,1298675300
57,505,241738641138300,2184200,1326528200,1334162300
57,521,241738676627700,2206300,1362017600,1369651700
57,537,241738730604900,2110800,1415994800,1423628900
57,553,241738764928500,2141200,1450318400,1457952500
57,569,241738799221000,2160100,1484610900,1492245000
57,585,241738834617400,2178400,1520007300,1527641400
57,601,241738869293500,2157500,1554683400,1562317500
57,617,241738903562700,2120000,1588952600,1596586700
57,633,241738939047900,2255100,1624437800,1632071900
57,649,241738974822200,2157500,1660212100,1667846200
57,665,241739030652700,2187900,1716042600,1723676700
57,681,241739065055500,2126200,1750445400,1758079500
57,697,241739099400000,2162500,1784789900,1792424000
57,713,241739135151000,2268800,1820540900,1828175000
57,729,241739170949600,2178100,1856339500,1863973600
57,745,241739206383100,2234500,1891773000,1899407100
57,761,241739242145600,2218400,1927535500,1935169600
57,777,241739278301200,2399400,1963691100,1971325200
57,793,241739333369900,2609700,2018759800,2026393900
57,809,241739369869400,2143600,2055259300,2062893400
57,825,241739405631100,2256300,2091021000,2098655100
57,841,241739441358400,2297000,2126748300,2134382400
57,857,241739477107300,2172500,2162497200,2170131300
57,873,241739511297400,2114900,2196687300,2204321400
57,889,241739545414500,2087900,2230804400,2238438500
57,905,241739580884600,2292200,2266274500,2273908600
57,921,241739616270700,2091700,2301660600,2309294700
57,937,241739670788100,2207500,2356178000,2363812100
57,953,241739705429800,2110700,2390819700,2398453800
57,969,241739739698800,2195200,2425088700,2432722800
57,985,241739774664800,2111900,2460054700,2467688800
57,1001,241739808781600,2157900,2494171500,2501805600
57,1017,241739845728500,2208400,2531118400,2538752500
57,1033,241739880587900,2173400,2565977800,2573611900
57,1049,241739916045200,2207100,2601435100,2609069200
57,1065,241739957814400,2152000,2643204300,2650838400
57,1081,241739992190700,2130000,2677580600,2685214700
57,1097,241740027726600,2182000,2713116500,2720750600
57,1113,241740063050800,2178200,2748440700,2756074800
57,1129,241740098442400,2194600,2783832300,2791466400
57,1145,241740134501600,2225700,2819891500,2827525600
57,1161,241740170230400,2220100,2855620300,2863254400
57,1177,241740205225300,2225300,2890615200,2898249300
57,1193,241740240127500,7803600,2925517400,2933151500
57,1209,241740280171200,2123800,2965561100,2973195200
57,1225,241740314461100,2199500,2999851000,3007485100
57,1241,241740354812500,3026400,3040202400,3047836500
57,1257,241740402814200,2855800,3088204100,3095838200
57,1273,241740450922700,2766200,3136312600,3143946700
57,1289,241740496520500,2929600,3181910400,3189544500
57,1305,241740542996600,2796100,3228386500,3236020600
57,1321,241740592626400,2983400,3278016300,3285650400
57,1337,241740646957500,2726300,3332347400,3339981500
57,1353,241740694504100,2706100,3379894000,3387528100
57,1369,241740738283200,2788800,3423673100,3431307200
57,1385,241740783651600,2945800,3469041500,3476675600
57,1401,241740827290100,2648900,3512680000,3520314100
57,1417,241740869918600,3040900,3555308500,3562942600
57,1433,241740918564200,3039400,3603954100,3611588200
57,1449,241740966523400,2850700,3651913300,3659547400
57,1465,241741020737000,2729400,3706126900,3713761000
57,1481,241741065213600,2972700,3750603500,3758237600
57,1497,241741111744700,2945100,3797134600,3804768700
57,1513,241741158599300,2672500,3843989200,3851623300
57,1529,241741202072700,2750100,3887462600,3895096700
57,1545,241741246297500,2722000,3931687400,3939321500
57,1561,241741293451900,3117900,3978841800,3986475900
57,1577,241741341093700,3009500,4026483600,4034117700
57,1593,241741389468100,8689600,4074858000,4082492100
57,1609,241741444401700,3059700,4129791600,4137425700
57,1625,241741490787000,2659800,4176176900,4183811000
57,1641,241741537806300,2736200,4223196200,4230830300
57,1657,241741584657200,2903600,4270047100,4277681200
57,1673,241741631757200,2913100,4317147100,4324781200
57,1689,241741679033200,2790200,4364423100,4372057200
57,1705,241741728662400,2744400,4414052300,4421686400
57,1721,241741774267200,2919200,4459657100,4467291200
57,1737,241741826462500,3486500,4511852400,4519486500
57,1753,241741873924300,2776900,4559314200,4566948300
57,1769,241741918909700,2692600,4604299600,4611933700
57,1785,241741961339000,2627700,4646728900,4654363000
57,1801,241742008855200,2735900,4694245100,4701879200
57,1817,241742054849300,2637400,4740239200,4747873300
57,1833,241742097098500,2831600,4782488400,4790122500
57,1849,241742142620300,2947800,4828010200,4835644300
57,1865,241742195454800,2756100,4880844700,4888478800
57,1881,241742240090900,3125200,4925480800,4933114900
57,1897,241742285557800,2717500,4970947700,4978581800
57,1913,241742329589000,2814200,5014978900,5022613000
57,1929,241742374147600,2717200,5059537500,5067171600
57,1945,241742418685500,2701300,5104075400,5111709500
57,1961,241742461894600,2705000,5147284500,5154918600
57,1977,241742509617800,2944300,5195007700,5202641800
57,1993,241742557449900,3038700,5242839800,5250473900
57,2009,241742613400400,2666700,5298790300,5306424400
57,2025,241742655541600,2729600,5340931500,5348565600
57,2041,241742699659100,2599200,5385049000,5392683100
58,10,241737484999900,2287500,170389800,178023900
58,26,241737521149900,2226800,206539800,214173900
58,42,241737556521200,2245200,241911100,249545200
58,58,241737591633600,2160000,277023500,284657600
58,74,241737626208900,2120400,311598800,319232900
58,90,241737662357100,2198200,347747000,355381100
58,106,241737698190900,2329500,383580800,391214900
58,122,241737734592500,2136900,419982400,427616500
58,138,241737790925000,2356500,476314900,483949000
58,154,241737827056500,2175800,512446400,520080500
58,170,241737862314200,2149100,547704100,555338200
58,186,241737897819600,2250800,583209500,590843600
58,202,241737934634600,2243700,620024500,627658600
58,218,241737970403000,2130400,655792900,663427000
58,234,241738005783700,2216200,691173600,698807700
58,250,241738042191500,2229400,727581400,735215500
58,266,241738096033200,2343300,781423100,789057200
58,282,241738131526200,2172900,816916100,824550200
58,298,241738166156300,2131600,851546200,859180300
58,314,241738201058800,2107200,886448700,894082800
58,330,241738234838300,2241600,920228200,927862300
58,346,241738270515400,2141200,955905300,963539400
58,362,241738306272500,2174300,991662400,999296500
58,378,241738342159900,2172500,1027549800,1035183900
58,394,241738396060500,2192200,1081450400,1089084500
58,410,241738431340100,2140600,1116730000,1124364100
58,426,241738466310700,2139900,1151700600,1159334700
58,442,241738501362400,2185700,1186752300,1194386400
58,458,241738537335700,2271200,1222725600,1230359700
58,474,241738573004700,2152100,1258394600,1266028700
58,490,241738609111200,2176700,1294501100,1302135200
58,506,241738644626100,2200100,1330016000,1337650100
58,522,241738680004300,2246100,1365394200,1373028300
58,538,241738734062200,2141900,1419452100,1427086200
58,554,241738768713500,2108400,1454103400,1461737500
58,570,241738803080400,2187800,1488470300,1496104400
58,586,241738838489400,2134000,1523879300,1531513400
58,602,241738873132000,2093700,1558521900,1566156000
58,618,241738907351700,2136000,1592741600,1600375700
58,634,241738942656000,2186100,1628045900,1635680000
58,650,241738978360700,2185200,1663750600,1671384700
58,666,241739034140300,2138000,1719530200,1727164300
58,682,241739068476600,2158400,1753866500,1761500600
58,698,241739102859600,2114700,1788249500,1795883600
58,714,241739138868100,2245500,1824258000,1831892100
58,730,241739174506900,2176800,1859896800,1867530900
58,746,241739210055700,2237400,1895445600,1903079700
58,762,241739245785300,2279300,1931175200,1938809300
58,778,241739282058800,2206700,1967448700,1975082800
58,794,241739337624400,2232600,2023014300,2030648400
58,810,241739373554300,2276000,2058944200,2066578300
58,826,241739409633900,2171700,2095023800,2102657900
58,842,241739445363600,2217300,2130753500,2138387600
58,858,241739480955300,2099900,2166345200,2173979300
58,874,241739515059500,2089800,2200449400,2208083500
58,890,241739549288000,2158200,2234677900,2242312000
58,906,241739585032500,2253000,2270422400,2278056500
58,922,241739620122700,2096100,2305512600,2313146700
58,938,241739674921200,2135900,2360311100,2367945200
58,954,241739709403700,2179700,2394793600,2402427700
58,970,241739743757400,2162600,2429147300,2436781400
58,986,241739778707500,2091500,2464097400,2471731500
58,1002,241739813269700,3861800,2498659600,2506293700
58,1018,241739850598200,2122300,2535988100,2543622200
58,1034,241739885402800,2152700,2570792700,2578426800
58,1050,241739921131800,2213200,2606521700,2614155800
58,1066,241739962774500,2131900,2648164400,2655798500
58,1082,241739997200200,2246300,2682590100,2690224200
58,1098,241740032879400,2280300,2718269300,2725903400
58,1114,241740067962000,2132300,2753351900,2760986000
58,1130,241740103590900,2390600,2788980800,2796614900
58,1146,241740139561600,2298200,2824951500,2832585600
58,1162,241740175488200,2182400,2860878100,2868512200
58,1178,241740210257900,2122900,2895647800,2903281900
58,1194,241740250860400,2106000,2936250300,2943884400
58,1210,241740285249900,2121000,2970639800,2978273900
58,1226,241740319618400,2170800,3005008300,3012642400
58,1242,241740362083400,3031200,3047473300,3055107400
58,1258,241740409928400,3049400,3095318300,3102952400
58,1274,241740457225900,2725700,3142615800,3150249900
58,1290,241740503349300,3008200,3188739200,3196373300
58,1306,241740549419700,3495600,3234809600,3242443700
58,1322,241740599415700,2993200,3284805600,3292439700
58,1338,241740653222700,5125300,3338612600,3346246700
58,1354,241740700846900,2697000,3386236800,3393870900
58,1370,241740744642000,2983600,3430031900,3437666000
58,1386,241740790047200,2695200,3475437100,3483071200
58,1402,241740833289600,2641100,3518679500,3526313600
58,1418,241740876903800,3049200,3562293700,3569927800
58,1434,241740925537700,3092900,3610927600,3618561700
58,1450,241740972919400,2848600,3658309300,3665943400
58,1466,241741027892100,2624800,3713282000,3720916100
58,1482,241741073199500,2946800,3758589400,3766223500
58,1498,241741119730100,3536500,3805120000,3812754100
58,1514,241741165957200,2859200,3851347100,3858981200
58,1530,241741209442000,2692900,3894831900,3902466000
58,1546,241741253699800,2746600,3939089700,3946723800
58,1562,241741301663600,3059700,3987053500,3994687600
58,1578,241741349154700,3039000,4034544600,4042178700
58,1594,241741403480600,3083300,4088870500,4096504600
58,1610,241741452781300,3027700,4138171200,4145805300
58,1626,241741498361800,2823700,4183751700,4191385800
58,1642,241741545224400,2767000,4230614300,4238248400
58,1658,241741592490700,2963500,4277880600,4285514700
58,1674,241741639463400,2903800,4324853300,4332487400
58,1690,241741692469400,2678300,4377859300,4385493400
58,1706,241741735935200,2745500,4421325100,4428959200
58,1722,241741782367200,2824500,4467757100,4475391200
58,1738,241741836546200,2939400,4521936100,4529570200
58,1754,241741881235600,2773900,4566625500,4574259600
58,1770,241741925956100,2615100,4611346000,4618980100
58,1786,241741968362000,3421400,4653751900,4661386000
58,1802,241742016282400,2849100,4701672300,4709306400
58,1818,241742061889100,2591900,4747279000,4754913100
58,1834,241742104494000,2662500,4789883900,4797518000
58,1850,241742150520200,2957400,4835910100,4843544200
58,1866,241742202703100,2772100,4888093000,4895727100
58,1882,241742247944200,3007800,4933334100,4940968200
58,1898,241742292800500,2783700,4978190400,4985824500
58,1914,241742336924600,2823600,5022314500,5029948600
58,1930,241742382248500,2726300,5067638400,5075272500
58,1946,241742426043900,2419100,5111433800,5119067900
58,1962,241742469657500,2755900,5155047400,5162681500
58,1978,241742518104100,3007300,5203494000,5211128100
58,1994,241742571638900,3038800,5257028800,5264662900
58,2010,241742620730800,2575400,5306120700,5313754800
58,2026,241742663186300,2721600,5348576200,5356210300
58,2042,241742707055600,2773800,5392445500,5400079600
59,11,241737487393800,2265400,172783700,180417800
59,27,241737523317000,2246600,208706900,216341000
59,43,241737558644900,2207500,244034800,251668900
59,59,241737593647300,2165500,279037200,286671300
59,75,241737628183600,2164600,313573500,321207600
59,91,241737663880500,2175900,349270400,356904500
59,107,241737699927900,2283000,385317800,392951900
59,123,241737736149400,2179600,421539300,429173400
59,139,241737792734400,2270400,478124300,485758400
59,155,241737828711600,2381600,514101500,521735600
59,171,241737863922600,2146700,549312500,556946600
59,187,241737899505300,2218300,584895200,592529300
59,203,241737936214200,2331000,621604100,629238200
59,219,241737971876800,2112100,657266700,664900800
59,235,241738007392400,2245600,692782300,700416400
59,251,241738043808600,2238000,729198500,736832600
59,267,241738098711900,2371700,784101800,791735900
59,283,241738134107100,2112400,819497000,827131100
59,299,241738168870300,2139800,854260200,861894300
59,315,241738203748700,2116700,889138600,896772700
59,331,241738237718400,2264000,923108300,930742400
59,347,241738273240100,2224700,958630000,966264100
59,363,241738309010700,2188000,994400600,1002034700
59,379,241738344868500,2178700,1030258400,1037892500
59,395,241738398672200,2204200,1084062100,1091696200
59,411,241738433872900,2138000,1119262800,1126896900
59,427,241738469000200,2166900,1154390100,1162024200
59,443,241738504056400,2183100,1189446300,1197080400
59,459,241738539664200,2250500,1225054100,1232688200
59,475,241738575192200,2208100,1260582100,1268216200
59,491,241738611119800,2214600,1296509700,1304143800
59,507,241738646621900,2341400,1332011800,1339645900
59,523,241738682127600,2380500,1367517500,1375151600
59,539,241738735886100,2152500,1421276000,1428910100
59,555,241738770545900,2103800,1455935800,1463569900
59,571,241738804909800,2151900,1490299700,1497933800
59,587,241738840372900,2162900,1525762800,1533396900
59,603,241738875144300,2134200,1560534200,1568168300
59,619,241738909405300,2133700,1594795200,1602429300
59,635,241738945087300,2353100,1630477200,1638111300
59,651,241738980786900,2174500,1666176800,1673810900
59,667,241739036809900,2155600,1722199800,1729833900
59,683,241739071156300,2181800,1756546200,1764180300
59,699,241739105499600,2124700,1790889500,1798523600
59,715,241739141639100,2241500,1827029000,1834663100
59,731,241739177184900,2189200,1862574800,1870208900
59,747,241739212809600,2239000,1898199500,1905833600
59,763,241739248606200,2251800,1933996100,1941630200
59,779,241739284787000,2222500,1970176900,1977811000
59,795,241739340274000,2313500,2025663900,2033298000
59,811,241739376353100,2158400,2061743000,2069377100
59,827,241739411623100,2277400,2097013000,2104647100
59,843,241739447284300,2216000,2132674200,2140308300
59,859,241739482766100,2120800,2168156000,2175790100
59,875,241739516889400,2147300,2202279300,2209913400
59,891,241739551121200,2252300,2236511100,2244145200
59,907,241739586936400,2214400,2272326300,2279960400
59,923,241739621830800,2177600,2307220700,2314854800
59,939,241739676683900,2156800,2362073800,2369707900
59,955,241739711205800,2156700,2396595700,2404229800
59,971,241739745522100,2168900,2430912000,2438546100
59,987,241739780409800,2096000,2465799700,2473433800
59,1003,241739816595700,2219900,2501985600,2509619700
59,1019,241739852290500,2153400,2537680400,2545314500
59,1035,241739887133800,2139700,2572523700,2580157800
59,1051,241739922969300,2236100,2608359200,2615993300
59,1067,241739964521000,2112000,2649910900,2657545000
59,1083,241739999078700,2247600,2684468600,2692102700
59,1099,241740034952000,2216100,2720341900,2727976000
59,1115,241740069929200,2117200,2755319100,2762953200
59,1131,241740105411200,2527600,2790801100,2798435200
59,1147,241740141275200,2275600,2826665100,2834299200
59,1163,241740177102700,2206200,2862492600,2870126700
59,1179,241740211782000,2106600,2897171900,2904806000
59,1195,241740252445200,2080200,2937835100,2945469200
59,1211,241740286698200,2152300,2972088100,2979722200
59,1227,241740321094700,2176900,3006484600,3014118700
59,1243,241740364132900,3045100,3049522800,3057156900
59,1259,241740412036600,3044900,3097426500,3105060600
59,1275,241740459220700,2710500,3144610600,3152244700
59,1291,241740505537000,3049300,3190926900,3198561000
59,1307,241740551505000,6709700,3236894900,3244529000
59,1323,241740601580200,2951400,3286970100,3294604200
59,1339,241740655889500,6252900,3341279400,3348913500
59,1355,241740702835300,2719400,3388225200,3395859300
59,1371,241740746971700,2915500,3432361600,3439995700
59,1387,241740792143400,2735100,3477533300,3485167400
59,1403,241740835359900,2625200,3520749800,3528383900
59,1419,241740879284200,3046200,3564674100,3572308200
59,1435,241740927907500,3164200,3613297400,3620931500
59,1451,241740975165100,2809100,3660555000,3668189100
59,1467,241741029171500,2597700,3714561400,3722195500
59,1483,241741074584500,2915800,3759974400,3767608500
59,1499,241741121760900,2822800,3807150800,3814784900
59,1515,241741167323600,2773500,3852713500,3860347600
59,1531,241741210694600,2746800,3896084500,3903718600
59,1547,241741254928600,2791700,3940318500,3947952600
59,1563,241741303147700,3049400,3988537600,3996171700
59,1579,241741350369400,3014900,4035759300,4043393400
59,1595,241741404701400,3039500,4090091300,4097725400
59,1611,241741453997200,2936500,4139387100,4147021200
59,1627,241741499474300,2861600,4184864200,4192498300
59,1643,241741546386900,2747300,4231776800,4239410900
59,1659,241741593734200,2956300,4279124100,4286758200
59,1675,241741640658900,2920400,4326048800,4333682900
59,1691,241741693636600,2589700,4379026500,4386660600
59,1707,241741737078700,2743500,4422468600,4430102700
59,1723,241741783554800,2669300,4468944700,4476578800
59,1739,241741837605300,2964300,4522995200,4530629300
59,1755,241741882292600,2754700,4567682500,4575316600
59,1771,241741926967700,2614400,4612357600,4619991700
59,1787,241741969391000,5255700,4654780900,4662415000
59,1803,241742017383800,2876300,4702773700,4710407800
59,1819,241742062881800,2598300,4748271700,4755905800
59,1835,241742105516700,2644800,4790906600,4798540700
59,1851,241742151611400,2965500,4837001300,4844635400
59,1867,241742203730900,2803400,4889120800,4896754900
59,1883,241742249011100,3097100,4934401000,4942035100
59,1899,241742293812100,2812700,4979202000,4986836100
59,1915,241742338022300,2829400,5023412200,5031046300
59,1931,241742383197700,2774700,5068587600,5076221700
59,1947,241742426876100,2625500,5112266000,5119900100
59,1963,241742470608400,2830500,5155998300,5163632400
59,1979,241742519199500,2998500,5204589400,5212223500
59,1995,241742572723600,3030100,5258113500,5265747600
59,2011,241742621672800,2609200,5307062700,5314696800
59,2027,241742664097900,2731600,5349487800,5357121900
59,2043,241742707959700,2810000,5393349600,5400983700
60,12,241737489726600,2246800,175116500,182750600
60,28,241737525665800,2325100,211055700,218689800
60,44,241737560917000,2204800,246306900,253941000
60,60,241737595877000,2121200,281266900,288901000
60,76,241737630414100,2159400,315804000,323438100
60,92,241737666274900,2150000,351664800,359298900
60,108,241737702276700,2256700,387666600,395300700
60,124,241737738452800,2171100,423842700,431476800
60,140,241737794905100,2338200,480295000,487929100
60,156,241737830990200,2436900,516380100,524014200
60,172,241737865976500,2168700,551366400,559000500
60,188,241737901663300,2210000,587053200,594687300
60,204,241737938515000,2287000,623904900,631539000
60,220,241737973960700,2154200,659350600,666984700
60,236,241738009606500,2229900,694996400,702630500
60,252,241738045947300,2227300,731337200,738971300
60,268,241738101248200,2227400,786638100,794272200
60,284,241738136366000,2161200,821755900,829390000
60,300,241738171079500,2137700,856469400,864103500
60,316,241738205955000,2108000,891344900,898979000
60,332,241738240068900,2140000,925458800,933092900
60,348,241738275586200,2603200,960976100,968610200
60,364,241738311380900,2162200,996770800,1004404900
60,380,241738347267400,2646300,1032657300,1040291400
60,396,241738400994400,2159800,1086384300,1094018400
60,412,241738436118600,2194600,1121508500,1129142600
60,428,241738471424000,2159500,1156813900,1164448000
60,444,241738506549600,2202300,1191939500,1199573600
60,460,241738542216800,2192800,1227606700,1235240800
60,476,241738577749900,2309300,1263139800,1270773900
60,492,241738613550300,2178500,1298940200,1306574300
60,508,241738649431500,2248200,1334821400,1342455500
60,524,241738684826800,20341400,1370216700,1377850800
60,540,241738738439100,2209000,1423829000,1431463100
60,556,241738772874000,2150300,1458263900,1465898000
60,572,241738807319600,2136000,1492709500,1500343600
60,588,241738842738400,2182900,1528128300,1535762400
60,604,241738877250700,2176900,1562640600,1570274700
60,620,241738911509600,2159100,1596899500,1604533600
60,636,241738947197700,2445100,1632587600,1640221700
60,652,241738982817700,2145500,1668207600,1675841700
60,668,241739039124500,2217400,1724514400,1732148500
60,684,241739073494100,2135500,1758884000,1766518100
60,700,241739107772100,2071700,1793162000,1800796100
60,716,241739144013700,2212400,1829403600,1837037700
60,732,241739179500100,2145600,1864890000,1872524100
60,748,241739215119100,2245700,1900509000,1908143100
60,764,241739250891900,2296400,1936281800,1943915900
60,780,241739286979700,2180100,1972369600,1980003700
60,796,241739342623200,2251600,2028013100,2035647200
60,812,241739378455900,2135800,2063845800,2071479900
60,828,241739413722500,2349300,2099112400,2106746500
60,844,241739449442100,2222900,2134832000,2142466100
60,860,241739484832400,2133900,2170222300,2177856400
60,876,241739518921700,2155700,2204311600,2211945700
60,892,241739553313400,2141500,2238703300,2246337400
60,908,241739589119400,2212300,2274509300,2282143400
60,924,241739623981800,2526500,2309371700,2317005800
60,940,241739678747700,2181800,2364137600,2371771700
60,956,241739713214500,2143500,2398604400,2406238500
60,972,241739747543900,2170900,2432933800,2440567900
60,988,241739782332200,2156100,2467722100,2475356200
60,1004,241739818638300,2312300,2504028200,2511662300
60,1020,241739854132500,2103400,2539522400,2547156500
60,1036,241739888901400,2151000,2574291300,2581925400
60,1052,241739924726700,2226100,2610116600,2617750700
60,1068,241739966178000,2225700,2651567900,2659202000
60,1084,241740000854100,2228400,2686244000,2693878100
60,1100,241740036776100,2233600,2722166000,2729800100
60,1116,241740071642700,2166100,2757032600,2764666700
60,1132,241740107565700,2304000,2792955600,2800589700
60,1148,241740143177200,2185900,2828567100,2836201200
60,1164,241740178910900,2174500,2864300800,2871934900
60,1180,241740213517700,2138400,2898907600,2906541700
60,1196,241740254297300,2122000,2939687200,2947321300
60,1212,241740288605500,2139400,2973995400,2981629500
60,1228,241740323033100,2138500,3008423000,3016057100
60,1244,241740366824300,3025700,3052214200,3059848300
60,1260,241740414785000,3051700,3100174900,3107809000
60,1276,241740461508800,2687200,3146898700,3154532800
60,1292,241740508074500,3103700,3193464400,3201098500
60,1308,241740557647500,2906000,3243037400,3250671500
60,1324,241740604089400,2901000,3289479300,3297113400
60,1340,241740661822000,2657700,3347211900,3354846000
60,1356,241740705252000,2753300,3390641900,3398276000
60,1372,241740749542500,2930700,3434932400,3442566500
60,1388,241740794506600,2741400,3479896500,3487530600
60,1404,241740837670800,2647900,3523060700,3530694800
60,1420,241740881950900,2990900,3567340800,3574974900
60,1436,241740930688900,3054500,3616078800,3623712900
60,1452,241740977607400,2720800,3662997300,3670631400
60,1468,241741032765400,2610200,3718155300,3725789400
60,1484,241741078557300,2752000,3763947200,3771581300
60,1500,241741125746500,2677800,3811136400,3818770500
60,1516,241741171239900,2618800,3856629800,3864263900
60,1532,241741214598000,2694700,3899987900,3907622000
60,1548,241741258876700,3058000,3944266600,3951900700
60,1564,241741307585500,2997300,3992975400,4000609500
60,1580,241741354843800,2879000,4040233700,4047867800
60,1596,241741409264200,3088900,4094654100,4102288200
60,1612,241741458292200,2766300,4143682100,4151316200
60,1628,241741503623000,3013300,4189012900,4196647000
60,1644,241741550568200,2858300,4235958100,4243592200
60,1660,241741598220500,2977700,4283610400,4291244500
60,1676,241741645093300,2910300,4330483200,4338117300
60,1692,241741697587800,2564900,4382977700,4390611800
60,1708,241741741255000,2749200,4426644900,4434279000
60,1724,241741787688400,2735200,4473078300,4480712400
60,1740,241741842040900,2850500,4527430800,4535064900
60,1756,241741886861900,2896500,4572251800,4579885900
60,1772,241741930982700,2578500,4616372600,4624006700
60,1788,241741976296400,2626700,4661686300,4669320400
60,1804,241742021854800,2954500,4707244700,4714878800
60,1820,241742066827800,2591200,4752217700,4759851800
60,1836,241742109535700,3037300,4794925600,4802559700
60,1852,241742156110000,2830400,4841499900,4849134000
60,1868,241742207944500,2970600,4893334400,4900968500
60,1884,241742253511000,2747100,4938900900,4946535000
60,1900,241742298025800,2717800,4983415700,4991049800
60,1916,241742342176000,2678500,5027565900,5035200000
60,1932,241742387456300,2770000,5072846200,5080480300
60,1948,241742430945900,2744900,5116335800,5123969900
60,1964,241742474987500,2734000,5160377400,5168011500
60,1980,241742523953400,3029000,5209343300,5216977400
60,1996,241742577507100,3046300,5262897000,5270531100
60,2012,241742625744600,2560500,5311134500,5318768600
60,2028,241742668437000,2931100,5353826900,5361461000
60,2044,241742712341400,2687100,5397731300,5405365400
61,13,241737492010500,2217300,177400400,185034500
61,29,241737528062800,2270100,213452700,221086800
61,45,241737563157200,2176600,248547100,256181200
61,61,241737598064800,2175900,283454700,291088800
61,77,241737632689300,2122400,318079200,325713300
61,93,241737669098000,2146300,354487900,362122000
61,109,241737705163300,2268200,390553200,398187300
61,125,241737741166300,2163400,426556200,434190300
61,141,241737797919700,2362100,483309600,490943700
61,157,241737834189600,2385900,519579500,527213600
61,173,241737868865300,2176100,554255200,561889300
61,189,241737904515700,2193500,589905600,597539700
61,205,241737941332300,2301800,626722200,634356300
61,221,241737976603000,2139700,661992900,669627000
61,237,241738012352200,2187000,697742100,705376200
61,253,241738048784100,2375500,734174000,741808100
61,269,241738103028700,2235900,788418600,796052700
61,285,241738137892200,2207900,823282100,830916200
61,301,241738172534600,2354600,857924500,865558600
61,317,241738207353700,2139500,892743600,900377700
61,333,241738241474400,2198200,926864300,934498400
61,349,241738277452400,2304800,962842300,970476400
61,365,241738312920700,2295300,998310600,1005944700
61,381,241738349144200,2468600,1034534100,1042168200
61,397,241738402470900,2197400,1087860800,1095494900
61,413,241738437640000,2186100,1123029900,1130664000
61,429,241738472554500,2175100,1157944400,1165578500
61,445,241738507695600,2157600,1193085500,1200719600
61,461,241738543441400,2204100,1228831300,1236465400
61,477,241738579015900,2291400,1264405800,1272039900
61,493,241738614852100,2194000,1300242000,1307876100
61,509,241738650577500,2296900,1335967400,1343601500
61,525,241738686095100,20800300,1371485000,1379119100
61,541,241738739681300,2179600,1425071200,1432705300
61,557,241738774245000,2154700,1459634900,1467269000
61,573,241738808666700,2153600,1494056600,1501690700
61,589,241738844034800,2161000,1529424700,1537058800
61,605,241738878608600,2148400,1563998500,1571632600
61,621,241738912858000,2145100,1598247900,1605882000
61,637,241738949293200,2253800,1634683100,1642317200
61,653,241738984611300,2149000,1670001200,1677635300
61,669,241739040481400,2148400,1725871300,1733505400
61,685,241739074759600,2135100,1760149500,1767783600
61,701,241739109009600,2127900,1794399500,1802033600
61,717,241739145352200,2189600,1830742100,1838376200
61,733,241739180774500,2163000,1866164400,1873798500
61,749,241739216431900,2217000,1901821800,1909455900
61,765,241739252345800,2155700,1937735700,1945369800
61,781,241739288431100,2187800,1973821000,1981455100
61,797,241739343961500,2183000,2029351400,2036985500
61,813,241739379876300,2115700,2065266200,2072900300
61,829,241739415802100,2255700,2101192000,2108826100
61,845,241739451223400,2215400,2136613300,2144247400
61,861,241739486535200,2146900,2171925100,2179559200
61,877,241739520636800,2121600,2206026700,2213660800
61,893,241739555081900,2425000,2240471800,2248105900
61,909,241739590945300,2241400,2276335200,2283969300
61,925,241739626060200,21678500,2311450100,2319084200
61,941,241739680521600,2116900,2365911500,2373545600
61,957,241739715047800,2129400,2400437700,2408071800
61,973,241739749396100,2157200,2434786000,2442420100
61,989,241739784459100,2113000,2469849000,2477483100
61,1005,241739820986200,2193600,2506376100,2514010200
61,1021,241739856408800,2107300,2541798700,2549432800
61,1037,241739891278100,2218800,2576668000,2584302100
61,1053,241739927323500,2280800,2612713400,2620347500
61,1069,241739968753900,2266000,2654143800,2661777900
61,1085,241740003696200,2210200,2689086100,2696720200
61,1101,241740039656300,2201500,2725046200,2732680300
61,1117,241740074459100,2130400,2759849000,2767483100
61,1133,241740110639900,2242000,2796029800,2803663900
61,1149,241740146192400,2189900,2831582300,2839216400
61,1165,241740181832600,2165000,2867222500,2874856600
61,1181,241740216327700,2123900,2901717600,2909351700
61,1197,241740257064900,2119900,2942454800,2950088900
61,1213,241740291398100,2147000,2976788000,2984422100
61,1229,241740325771500,2116300,3011161400,3018795500
61,1245,241740370750100,3041600,3056140000,3063774100
61,1261,241740418687800,3059800,3104077700,3111711800
61,1277,241740465045000,2687800,3150434900,3158069000
61,1293,241740512152000,2852100,3197541900,3205176000
61,1309,241740561409300,2867700,3246799200,3254433300
61,1325,241740607899000,8823100,3293288900,3300923000
61,1341,241740665209400,2655600,3350599300,3358233400
61,1357,241740708721900,2709700,3394111800,3401745900
61,1373,241740754217400,2798500,3439607300,3447241400
61,1389,241740798806400,2674300,3484196300,3491830400
61,1405,241740841867300,2618200,3527257200,3534891300
61,1421,241740886779300,3020500,3572169200,3579803300
61,1437,241740935562600,3045700,3620952500,3628586600
61,1453,241740981828800,2740300,3667218700,3674852800
61,1469,241741034600500,2688900,3719990400,3727624500
61,1485,241741080482200,2690800,3765872100,3773506200
61,1501,241741127603300,2785500,3812993200,3820627300
61,1517,241741173043700,2587400,3858433600,3866067700
61,1533,241741216449500,2733000,3901839400,3909473500
61,1549,241741260932900,3067200,3946322800,3953956900
61,1565,241741309610100,3059800,3995000000,4002634100
61,1581,241741356687600,3103100,4042077500,4049711600
61,1597,241741411276200,3077500,4096666100,4104300200
61,1613,241741460119600,2768000,4145509500,4153143600
61,1629,241741505554900,3069800,4190944800,4198578900
61,1645,241741552532000,2848900,4237921900,4245556000
61,1661,241741600085800,2975000,4285475700,4293109800
61,1677,241741646915200,2902800,4332305100,4339939200
61,1693,241741699216400,2587200,4384606300,4392240400
61,1709,241741743004000,2686000,4428393900,4436028000
61,1725,241741789385600,2787300,4474775500,4482409600
61,1741,241741843793100,2856900,4529183000,4536817100
61,1757,241741888669700,2910900,4574059600,4581693700
61,1773,241741932572000,2623200,4617961900,4625596000
61,1789,241741977999900,2606600,4663389800,4671023900
61,1805,241742023826200,2925300,4709216100,4716850200
61,1821,241742068586100,2594700,4753976000,4761610100
61,1837,241742111592000,3011800,4796981900,4804616000
61,1853,241742158134300,3056100,4843524200,4851158300
61,1869,241742209733600,2970800,4895123500,4902757600
61,1885,241742255265600,2762400,4940655500,4948289600
61,1901,241742299777900,2689000,4985167800,4992801900
61,1917,241742344015100,2774100,5029405000,5037039100
61,1933,241742389388200,2735800,5074778100,5082412200
61,1949,241742432812000,2732500,5118201900,5125836000
61,1965,241742476848800,2765900,5162238700,5169872800
61,1981,241742526002400,3052700,5211392300,5219026400
61,1997,241742579532600,3040700,5264922500,5272556600
61,2013,241742627449800,2591300,5312839700,5320473800
61,2029,241742670419600,2957200,5355809500,5363443600
61,2045,241742714130600,3455200,5399520500,5407154600
62,14,241737494560600,2234500,179950500,187584600
62,30,241737530702400,2120000,216092300,223726400
62,46,241737565712500,2137700,251102400,258736500
62,62,241737600618900,2153100,286008800,293642900
62,78,241737635148000,2700400,320537900,328172000
62,94,241737671161600,2155200,356551500,364185600
62,110,241737707367800,2257400,392757700,400391800
62,126,241737743275100,21396000,428665000,436299100
62,142,241737800100400,2283100,485490300,493124400
62,158,241737836400400,2162400,521790300,529424400
62,174,241737870865500,2169700,556255400,563889500
62,190,241737906598700,2175500,591988600,599622700
62,206,241737943535100,2205400,628925000,636559100
62,222,241737978649400,2121200,664039300,671673400
62,238,241738014480200,2251000,699870100,707504200
62,254,241738051094000,2194400,736483900,744118000
62,270,241738105333700,2181000,790723600,798357700
62,286,241738140445600,2321900,825835500,833469600
62,302,241738175358600,2305300,860748500,868382600
62,318,241738209927200,2124900,895317100,902951200
62,334,241738244144400,2129500,929534300,937168400
62,350,241738280265100,2194600,965655000,973289100
62,366,241738315822300,2413900,1001212200,1008846300
62,382,241738352288600,2123900,1037678500,1045312600
62,398,241738405318100,2152000,1090708000,1098342100
62,414,241738440462300,2248000,1125852200,1133486300
62,430,241738475638900,2158300,1161028800,1168662900
62,446,241738510647700,2095400,1196037600,1203671700
62,462,241738546540600,2203600,1231930500,1239564600
62,478,241738582234900,2337000,1267624800,1275258900
62,494,241738618039800,2250600,1303429700,1311063800
62,510,241738653733200,2213400,1339123100,1346757200
62,526,241738708097300,2311200,1393487200,1401121300
62,542,241738742663100,2126800,1428053000,1435687100
62,558,241738777155900,2094100,1462545800,1470179900
62,574,241738811583700,2139400,1496973600,1504607700
62,590,241738847018400,2157300,1532408300,1540042400
62,606,241738881553200,2168000,1566943100,1574577200
62,622,241738915828500,2292500,1601218400,1608852500
62,638,241738951849300,2177300,1637239200,1644873300
62,654,241738987055900,2176900,1672445800,1680079900
62,670,241739043261400,2183100,1728651300,1736285400
62,686,241739077509200,2083200,1762899100,1770533200
62,702,241739111764900,2143900,1797154800,1804788900
62,718,241739148217400,2194600,1833607300,1841241400
62,734,241739183599000,2211800,1868988900,1876623000
62,750,241739219237700,2225400,1904627600,1912261700
62,766,241739255109500,2121100,1940499400,1948133500
62,782,241739291529800,2188500,1976919700,1984553800
62,798,241739347171500,2147400,2032561400,2040195500
62,814,241739382878000,2124700,2068267900,2075902000
62,830,241739418692000,2153500,2104081900,2111716000
62,846,241739454291100,2154200,2139681000,2147315100
62,862,241739489531300,2108000,2174921200,2182555300
62,878,241739523545700,2117300,2208935600,2216569700
62,894,241739558231400,2203000,2243621300,2251255400
62,910,241739593918900,2242900,2279308800,2286942900
62,926,241739648609200,2352200,2333999100,2341633200
62,942,241739683258700,2142600,2368648600,2376282700
62,958,241739717727300,2164200,2403117200,2410751300
62,974,241739752092500,2136400,2437482400,2445116500
62,990,241739786924000,2170300,2472313900,2479948000
62,1006,241739823726100,2185800,2509116000,2516750100
62,1022,241739859089300,2216800,2544479200,2552113300
62,1038,241739894040900,2303500,2579430800,2587064900
62,1054,241739930131600,2177200,2615521500,2623155600
62,1070,241739971585700,2113600,2656975600,2664609700
62,1086,241740006295400,2199900,2691685300,2699319400
62,1102,241740042188100,2206100,2727578000,2735212100
62,1118,241740076925800,2227300,2762315700,2769949800
62,1134,241740113111400,2220300,2798501300,2806135400
62,1150,241740148572500,2237600,2833962400,2841596500
62,1166,241740184292900,2179200,2869682800,2877316900
62,1182,241740219007000,2176200,2904396900,2912031000
62,1198,241740259711600,2162200,2945101500,2952735600
62,1214,241740294076300,2144400,2979466200,2987100300
62,1230,241740328434100,2667300,3013824000,3021458100
62,1246,241740374579700,3011800,3059969600,3067603700
62,1262,241740422531200,3123300,3107921100,3115555200
62,1278,241740468418100,2779500,3153808000,3161442100
62,1294,241740515712800,2924300,3201102700,3208736800
62,1310,241740565002100,2399700,3250392000,3258026100
62,1326,241740617597200,2989100,3302987100,3310621200
62,1342,241740668587900,2738200,3353977800,3361611900
62,1358,241740712137400,2758000,3397527300,3405161400
62,1374,241740756578300,2844300,3441968200,3449602300
62,1390,241740801094500,2800100,3486484400,3494118500
62,1406,241740844132600,2621600,3529522500,3537156600
62,1422,241740889329500,3016300,3574719400,3582353500
62,1438,241740938126800,3067800,3623516700,3631150800
62,1454,241740984228300,2787200,3669618200,3677252300
62,1470,241741037587100,2950800,3722977000,3730611100
62,1486,241741083485200,2911600,3768875100,3776509200
62,1502,241741130762100,2961500,3816152000,3823786100
62,1518,241741175966800,2651600,3861356700,3868990800
62,1534,241741219579400,2729000,3904969300,3912603400
62,1550,241741264287800,2679500,3949677700,3957311800
62,1566,241741313095400,2727100,3998485300,4006119400
62,1582,241741360393600,3189900,4045783500,4053417600
62,1598,241741414957100,3097900,4100347000,4107981100
62,1614,241741463490200,3053400,4148880100,4156514200
62,1630,241741509227300,3076600,4194617200,4202251300
62,1646,241741556017400,2917500,4241407300,4249041400
62,1662,241741603688600,2954800,4289078500,4296712600
62,1678,241741650443900,2950100,4335833800,4343467900
62,1694,241741702351300,2684800,4387741200,4395375300
62,1710,241741746276800,2690500,4431666700,4439300800
62,1726,241741792709600,8274600,4478099500,4485733600
62,1742,241741846694100,2877200,4532084000,4539718100
62,1758,241741891666900,3139600,4577056800,4584690900
62,1774,241741935232200,2727100,4620622100,4628256200
62,1790,241741980528600,2637100,4665918500,4673552600
62,1806,241742026586700,3016600,4711976600,4719610700
62,1822,241742071034800,2562700,4756424700,4764058800
62,1838,241742114437700,2928000,4799827600,4807461700
62,1854,241742161021900,3036900,4846411800,4854045900
62,1870,241742212778400,2763600,4898168300,4905802400
62,1886,241742258105200,2770100,4943495100,4951129200
62,1902,241742302540100,2792000,4987930000,4995564100
62,1918,241742346679900,2751300,5032069800,5039703900
62,1934,241742392005000,2787300,5077394900,5085029000
62,1950,241742435509000,2698000,5120898900,5128533000
62,1966,241742479575500,2666300,5164965400,5172599500
62,1982,241742528915500,3064700,5214305400,5221939500
62,1998,241742582442200,3061500,5267832100,5275466200
62,2014,241742629929500,2636500,5315319400,5322953500
62,2030,241742673333600,2994800,5358723500,5366357600
62,2046,241742717674100,3928700,5403064000,5410698100
63,15,241737496926600,2174300,182316500,189950600
63,31,241737532933600,2183500,218323500,225957600
63,47,241737567952200,2200800,253342100,260976200
63,63,241737602840100,2139600,288230000,295864100
63,79,241737637749000,2422900,323138900,330773000
63,95,241737673232300,2150700,358622200,366256300
63,111,241737709512200,2370000,394902100,402536200
63,127,241737764302300,3244700,449692200,457326300
63,143,241737802254400,2379400,487644300,495278400
63,159,241737838533200,2160700,523923100,531557200
63,175,241737873008600,2250800,558398500,566032600
63,191,241737908717100,2314500,594107000,601741100
63,207,241737945815300,2214700,631205200,638839300
63,223,241737980844000,2116500,666233900,673868000
63,239,241738016770200,2418700,702160100,709794200
63,255,241738053323500,2145700,738713400,746347500
63,271,241738107635900,2230500,793025800,800659900
63,287,241738142921900,2204700,828311800,835945900
63,303,241738177725000,2228500,863114900,870749000
63,319,241738212114500,2096700,897504400,905138500
63,335,241738246213500,2156400,931603400,939237500
63,351,241738282341700,2199900,967731600,975365700
63,367,241738318034500,2289100,1003424400,1011058500
63,383,241738354237300,2210000,1039627200,1047261300
63,399,241738407292500,2218100,1092682400,1100316500
63,415,241738442530200,2382800,1127920100,1135554200
63,431,241738477191200,2124100,1162581100,1170215200
63,447,241738512139900,2282000,1197529800,1205163900
63,463,241738547967100,2239300,1233357000,1240991100
63,479,241738583652600,2376600,1269042500,1276676600
63,495,241738619364200,2202300,1304754100,1312388200
63,511,241738655266200,2234400,1340656100,1348290200
63,527,241738709690300,2052100,1395080200,1402714300
63,543,241738744145000,2171200,1429534900,1437169000
63,559,241738778591500,2115100,1463981400,1471615500
63,575,241738813067200,2206000,1498457100,1506091200
63,591,241738848538100,2126300,1533928000,1541562100
63,607,241738883105500,2142300,1568495400,1576129500
63,623,241738917481100,2371200,1602871000,1610505100
63,639,241738953361700,2219200,1638751600,1646385700
63,655,241738988497300,2255000,1673887200,1681521300
63,671,241739044640800,2170400,1730030700,1737664800
63,687,241739078864500,2126900,1764254400,1771888500
63,703,241739113148500,2167200,1798538400,1806172500
63,719,241739149609800,2342200,1834999700,1842633800
63,735,241739184996600,2189800,1870386500,1878020600
63,751,241739220728600,2223000,1906118500,1913752600
63,767,241739256364500,2144500,1941754400,1949388500
63,783,241739292595300,2139400,1977985200,1985619300
63,799,241739348128300,2277900,2033518200,2041152300
63,815,241739383730400,2184600,2069120300,2076754400
63,831,241739419767200,2206900,2105157100,2112791200
63,847,241739455304700,2164400,2140694600,2148328700
63,863,241739490570500,2105000,2175960400,2183594500
63,879,241739524648800,2098100,2210038700,2217672800
63,895,241739559366100,2204000,2244756000,2252390100
63,911,241739595094600,2231600,2280484500,2288118600
63,927,241739649803700,2170300,2335193600,2342827700
63,943,241739684366500,2136100,2369756400,2377390500
63,959,241739718875400,2118100,2404265300,2411899400
63,975,241739753209200,2131100,2438599100,2446233200
63,991,241739787983700,2164500,2473373600,2481007700
63,1007,241739824595500,2190400,2509985400,2517619500
63,1023,241739859849000,2256900,2545238900,2552873000
63,1039,241739894845900,2278400,2580235800,2587869900
63,1055,241739930976000,2163800,2616365900,2624000000
63,1071,241739972368100,2104400,2657758000,2665392100
63,1087,241740006990900,2243400,2692380800,2700014900
63,1103,241740042841300,2213800,2728231200,2735865300
63,1119,241740077618500,2428000,2763008400,2770642500
63,1135,241740113899900,2233100,2799289800,2806923900
63,1151,241740149401400,2205900,2834791300,2842425400
63,1167,241740185060200,2199800,2870450100,2878084200
63,1183,241740219593500,2145700,2904983400,2912617500
63,1199,241740260586200,2138200,2945976100,2953610200
63,1215,241740294941800,2155800,2980331700,2987965800
63,1231,241740329531600,2699400,3014921500,3022555600
63,1247,241740375765700,3190800,3061155600,3068789700
63,1263,241740423739500,3076900,3109129400,3116763500
63,1279,241740469421200,2834200,3154811100,3162445200
63,1295,241740516872400,2889500,3202262300,3209896400
63,1311,241740565913700,2600000,3251303600,3258937700
63,1327,241740618756000,2969300,3304145900,3311780000
63,1343,241740669631900,2711700,3355021800,3362655900
63,1359,241740713180600,2743400,3398570500,3406204600
63,1375,241740757884900,2929500,3443274800,3450908900
63,1391,241740802384700,2779500,3487774600,3495408700
63,1407,241740845317000,2667800,3530706900,3538341000
63,1423,241740890711500,2997500,3576101400,3583735500
63,1439,241740939520600,3052900,3624910500,3632544600
63,1455,241740985468200,2699800,3670858100,3678492200
63,1471,241741040733900,2660500,3726123800,3733757900
63,1487,241741086610900,2870500,3772000800,3779634900
63,1503,241741133893000,2919100,3819282900,3826917000
63,1519,241741178773600,2625500,3864163500,3871797600
63,1535,241741222467300,2744700,3907857200,3915491300
63,1551,241741267126300,2694800,3952516200,3960150300
63,1567,241741316177500,3094200,4001567400,4009201500
63,1583,241741363842700,3025700,4049232600,4056866700
63,1599,241741418325300,3090100,4103715200,4111349300
63,1615,241741466787500,2775900,4152177400,4159811500
63,1631,241741512569300,3075400,4197959200,4205593300
63,1647,241741559315800,3074900,4244705700,4252339800
63,1663,241741606980200,2930100,4292370100,4300004200
63,1679,241741653805000,3066500,4339194900,4346829000
63,1695,241741705334900,2763800,4390724800,4398358900
63,1711,241741749294400,2721200,4434684300,4442318400
63,1727,241741801354600,2769500,4486744500,4494378600
63,1743,241741850490800,2856800,4535880700,4543514800
63,1759,241741895657300,2821700,4581047200,4588681300
63,1775,241741938773600,2675300,4624163500,4631797600
63,1791,241741984017800,2700100,4669407700,4677041800
63,1807,241742030553000,2933400,4715942900,4723577000
63,1823,241742074366600,2614200,4759756500,4767390600
63,1839,241742118198600,2761200,4803588500,4811222600
63,1855,241742164994800,2984800,4850384700,4858018800
63,1871,241742216306400,2754700,4901696300,4909330400
63,1887,241742261639200,2795100,4947029100,4954663200
63,1903,241742306110900,2716700,4991500800,4999134900
63,1919,241742350222600,2730000,5035612500,5043246600
63,1935,241742395575500,2826300,5080965400,5088599500
63,1951,241742438878800,2704400,5124268700,5131902800
63,1967,241742482966600,2725900,5168356500,5175990600
63,1983,241742532867300,3004500,5218257200,5225891300
63,1999,241742586423000,3035900,5271812900,5279447000
63,2015,241742633343000,2574500,5318732900,5326367000
63,2031,241742677116700,2949200,5362506600,5370140700
63,2047,241742722469800,2451700,5407859700,5415493800
