client,iteration,guest_start_ns,duration_ns,start_elapsed_lower_ns,start_elapsed_upper_ns
0,0,241731886362800,16378200,134632600,142354800
0,16,241731940514800,2231400,188784600,196506800
0,32,241731977359400,2364200,225629200,233351400
0,48,241732012871300,2149000,261141100,268863300
0,64,241732047965800,2211000,296235600,303957800
0,80,241732082954400,2147000,331224200,338946400
0,96,241732117500900,2258900,365770700,373492900
0,112,241732152602300,2172700,400872100,408594300
0,128,241732208185100,2513100,456454900,464177100
0,144,241732244118500,2086000,492388300,500110500
0,160,241732281215200,2138100,529485000,537207200
0,176,241732317216900,2412300,565486700,573208900
0,192,241732354467100,2170500,602736900,610459100
0,208,241732389431800,2124800,637701600,645423800
0,224,241732423830400,2154700,672100200,679822400
0,240,241732458740300,2201400,707010100,714732300
0,256,241732493966500,2281400,742236300,749958500
0,272,241732547753000,2149900,796022800,803745000
0,288,241732582279700,2118300,830549500,838271700
0,304,241732622206300,3331600,870476100,878198300
0,320,241732658222900,2100500,906492700,914214900
0,336,241732693457200,2160700,941727000,949449200
0,352,241732728974200,2135500,977244000,984966200
0,368,241732764999200,2188100,1013269000,1020991200
0,384,241732800501600,2181300,1048771400,1056493600
0,400,241732856973600,2255400,1105243400,1112965600
0,416,241732892780200,2150700,1141050000,1148772200
0,432,241732926695100,2094500,1174964900,1182687100
0,448,241732961199500,2314800,1209469300,1217191500
0,464,241732996262600,2185000,1244532400,1252254600
0,480,241733031033400,2159300,1279303200,1287025400
0,496,241733067325800,2183300,1315595600,1323317800
0,512,241733101028800,2081300,1349298600,1357020800
0,528,241733153343400,2166200,1401613200,1409335400
0,544,241733188091100,2230800,1436360900,1444083100
0,560,241733222316700,2079300,1470586500,1478308700
0,576,241733255887200,2506400,1504157000,1511879200
0,592,241733290552400,2100000,1538822200,1546544400
0,608,241733324725700,2095500,1572995500,1580717700
0,624,241733358922800,2099500,1607192600,1614914800
0,640,241733392730500,2071800,1641000300,1648722500
0,656,241733426380300,2079400,1674650100,1682372300
0,672,241733479661500,2152900,1727931300,1735653500
0,688,241733514312100,2150100,1762581900,1770304100
0,704,241733549033100,2247800,1797302900,1805025100
0,720,241733583333200,2089800,1831603000,1839325200
0,736,241733617555000,2130200,1865824800,1873547000
0,752,241733651247300,2115000,1899517100,1907239300
0,768,241733684973800,2131100,1933243600,1940965800
0,784,241733724330400,2246600,1972600200,1980322400
0,800,241733779548800,2204600,2027818600,2035540800
0,816,241733814577400,2112400,2062847200,2070569400
0,832,241733848701300,2113500,2096971100,2104693300
0,848,241733882748600,2123800,2131018400,2138740600
0,864,241733919348500,2193300,2167618300,2175340500
0,880,241733954317500,2255200,2202587300,2210309500
0,896,241733990168600,2325900,2238438400,2246160600
0,912,241734025036000,2089800,2273305800,2281028000
0,928,241734078366600,2115500,2326636400,2334358600
0,944,241734113775800,2305900,2362045600,2369767800
0,960,241734147858500,2117000,2396128300,2403850500
0,976,241734181879300,2115600,2430149100,2437871300
0,992,241734216853400,2181700,2465123200,2472845400
0,1008,241734251316200,2097500,2499586000,2507308200
0,1024,241734285184200,2126200,2533454000,2541176200
0,1040,241734319879500,2245400,2568149300,2575871500
0,1056,241734355107600,2162400,2603377400,2611099600
0,1072,241734396971800,2252100,2645241600,2652963800
0,1088,241734432492600,2420300,2680762400,2688484600
0,1104,241734469243100,2182700,2717512900,2725235100
0,1120,241734504199500,2140300,2752469300,2760191500
0,1136,241734538822300,2143400,2787092100,2794814300
0,1152,241734574696300,2269900,2822966100,2830688300
0,1168,241734610030700,2333800,2858300500,2866022700
0,1184,241734646163700,2168900,2894433500,2902155700
0,1200,241734686103500,2106700,2934373300,2942095500
0,1216,241734720963400,2218200,2969233200,2976955400
0,1232,241734758368500,2898200,3006638300,3014360500
0,1248,241734805045200,2941600,3053315000,3061037200
0,1264,241734854985600,2719900,3103255400,3110977600
0,1280,241734903140900,2827100,3151410700,3159132900
0,1296,241734947683400,2755900,3195953200,3203675400
0,1312,241734992044400,2680500,3240314200,3248036400
0,1328,241735041412300,2707200,3289682100,3297404300
0,1344,241735085495400,2752900,3333765200,3341487400
0,1360,241735131604100,2852200,3379873900,3387596100
0,1376,241735178280900,2693400,3426550700,3434272900
0,1392,241735222114400,2719000,3470384200,3478106400
0,1408,241735269350000,3321400,3517619800,3525342000
0,1424,241735322436900,2877100,3570706700,3578428900
0,1440,241735367551500,2925300,3615821300,3623543500
0,1456,241735413935100,3053300,3662204900,3669927100
0,1472,241735467241400,2964900,3715511200,3723233400
0,1488,241735514123000,2929900,3762392800,3770115000
0,1504,241735564639500,3491600,3812909300,3820631500
0,1520,241735619215000,3362200,3867484800,3875207000
0,1536,241735670178300,3157000,3918448100,3926170300
0,1552,241735720046000,3214100,3968315800,3976038000
0,1568,241735768719200,2715500,4016989000,4024711200
0,1584,241735815295100,3013500,4063564900,4071287100
0,1600,241735868263800,2604200,4116533600,4124255800
0,1616,241735910624300,2626800,4158894100,4166616300
0,1632,241735958302200,2954000,4206572000,4214294200
0,1648,241736004158100,2771400,4252427900,4260150100
0,1664,241736050603500,2831200,4298873300,4306595500
0,1680,241736096229000,2929600,4344498800,4352221000
0,1696,241736140990500,2584800,4389260300,4396982500
0,1712,241736185243600,2859600,4433513400,4441235600
0,1728,241736236970300,3174300,4485240100,4492962300
0,1744,241736284948400,2650000,4533218200,4540940400
0,1760,241736334499900,3366900,4582769700,4590491900
0,1776,241736381103400,2783000,4629373200,4637095400
0,1792,241736428441100,3296100,4676710900,4684433100
0,1808,241736477907300,2941400,4726177100,4733899300
0,1824,241736529853800,3336800,4778123600,4785845800
0,1840,241736584119800,3455800,4832389600,4840111800
0,1856,241736638717300,3398600,4886987100,4894709300
0,1872,241736697938400,2706900,4946208200,4953930400
0,1888,241736741621400,2583900,4989891200,4997613400
0,1904,241736787374300,3009600,5035644100,5043366300
0,1920,241736835833900,3019200,5084103700,5091825900
0,1936,241736882199000,2725200,5130468800,5138191000
0,1952,241736927708800,3030600,5175978600,5183700800
0,1968,241736971481300,2712300,5219751100,5227473300
0,1984,241737016877200,2951400,5265147000,5272869200
0,2000,241737068388700,2780600,5316658500,5324380700
0,2016,241737114171500,2864400,5362441300,5370163500
0,2032,241737161072900,2981200,5409342700,5417064900
1,1,241731902800100,2633500,151069900,158792100
1,17,241731942784300,2272200,191054100,198776300
1,33,241731979763200,2258200,228033000,235755200
1,49,241732015058500,2172300,263328300,271050500
1,65,241732050243600,2143300,298513400,306235600
1,81,241732085221900,2153900,333491700,341213900
1,97,241732119973100,2185300,368242900,375965100
1,113,241732154954100,2161600,403223900,410946100
1,129,241732210809500,2398900,459079300,466801500
1,145,241732246321100,2250100,494590900,502313100
1,161,241732283149800,2162800,531419600,539141800
1,177,241732319453000,2229200,567722800,575445000
1,193,241732356254400,2185600,604524200,612246400
1,209,241732391475900,2093800,639745700,647467900
1,225,241732425898300,2187500,674168100,681890300
1,241,241732460854100,2190400,709123900,716846100
1,257,241732496218300,2170300,744488100,752210300
1,273,241732549794100,2156500,798063900,805786100
1,289,241732584229100,2081900,832498900,840221100
1,305,241732624986100,2478800,873255900,880978100
1,321,241732659914600,2068700,908184400,915906600
1,337,241732695184300,2186200,943454100,951176300
1,353,241732730625200,2186900,978895000,986617200
1,369,241732766717200,2194900,1014987000,1022709200
1,385,241732802199800,2132100,1050469600,1058191800
1,401,241732858515200,2322400,1106785000,1114507200
1,417,241732894340700,2143800,1142610500,1150332700
1,433,241732928216000,2070400,1176485800,1184208000
1,449,241732962862800,2120500,1211132600,1218854800
1,465,241732997848400,2213800,1246118200,1253840400
1,481,241733032484100,2134000,1280753900,1288476100
1,497,241733067754600,2200200,1316024400,1323746600
1,513,241733101451300,2078900,1349721100,1357443300
1,529,241733153796300,2154900,1402066100,1409788300
1,545,241733188746200,2235800,1437016000,1444738200
1,561,241733222827100,2109700,1471096900,1478819100
1,577,241733256485100,2576100,1504754900,1512477100
1,593,241733291131200,2128000,1539401000,1547123200
1,609,241733325385000,2094100,1573654800,1581377000
1,625,241733359614000,2133000,1607883800,1615606000
1,641,241733393391200,2112100,1641661000,1649383200
1,657,241733427047700,2093900,1675317500,1683039700
1,673,241733479973900,2135700,1728243700,1735965900
1,689,241733514659700,2197900,1762929500,1770651700
1,705,241733549309500,2289900,1797579300,1805301500
1,721,241733583639000,2115500,1831908800,1839631000
1,737,241733617817700,2137300,1866087500,1873809700
1,753,241733651494900,2118400,1899764700,1907486900
1,769,241733685219400,2160100,1933489200,1941211400
1,785,241733724576900,2256400,1972846700,1980568900
1,801,241733779887000,2157100,2028156800,2035879000
1,817,241733814860000,2126600,2063129800,2070852000
1,833,241733848978300,2131000,2097248100,2104970300
1,849,241733883033700,2125800,2131303500,2139025700
1,865,241733919410000,2193000,2167679800,2175402000
1,881,241733954432200,2236200,2202702000,2210424200
1,897,241733990265700,2324000,2238535500,2246257700
1,913,241734025092500,2100000,2273362300,2281084500
1,929,241734078392600,2150100,2326662400,2334384600
1,945,241734114060800,2273800,2362330600,2370052800
1,961,241734148087000,2118600,2396356800,2404079000
1,977,241734182172200,2110700,2430442000,2438164200
1,993,241734217185000,2179600,2465454800,2473177000
1,1009,241734251604400,2103500,2499874200,2507596400
1,1025,241734285468800,2132100,2533738600,2541460800
1,1041,241734320099200,2245800,2568369000,2576091200
1,1057,241734354996700,2152700,2603266500,2610988700
1,1073,241734396842800,2256700,2645112600,2652834800
1,1089,241734432347700,2402900,2680617500,2688339700
1,1105,241734469095800,2180500,2717365600,2725087800
1,1121,241734504141900,2137600,2752411700,2760133900
1,1137,241734538791300,2141200,2787061100,2794783300
1,1153,241734574814500,2281100,2823084300,2830806500
1,1169,241734610190900,2304800,2858460700,2866182900
1,1185,241734646252000,2171500,2894521800,2902244000
1,1201,241734686189700,2107700,2934459500,2942181700
1,1217,241734721121200,2173500,2969391000,2977113200
1,1233,241734758611600,3019200,3006881400,3014603600
1,1249,241734805291300,2949900,3053561100,3061283300
1,1265,241734855211000,2737900,3103480800,3111203000
1,1281,241734903352400,2866100,3151622200,3159344400
1,1297,241734947963200,2687000,3196233000,3203955200
1,1313,241734992278200,2666100,3240548000,3248270200
1,1329,241735041643800,2690000,3289913600,3297635800
1,1345,241735085735400,2725700,3334005200,3341727400
1,1361,241735131835100,3003500,3380104900,3387827100
1,1377,241735178586100,2700000,3426855900,3434578100
1,1393,241735222426800,2707000,3470696600,3478418800
1,1409,241735269651200,2969100,3517921000,3525643200
1,1425,241735322396300,2875000,3570666100,3578388300
1,1441,241735367519500,2907900,3615789300,3623511500
1,1457,241735413894200,3053100,3662164000,3669886200
1,1473,241735466988300,2965100,3715258100,3722980300
1,1489,241735513879900,2911700,3762149700,3769871900
1,1505,241735564352300,3479700,3812622100,3820344300
1,1521,241735618949300,3343900,3867219100,3874941300
1,1537,241735669938600,3151900,3918208400,3925930600
1,1553,241735719814600,3188200,3968084400,3975806600
1,1569,241735768540200,2718500,4016810000,4024532200
1,1585,241735815081700,3022000,4063351500,4071073700
1,1601,241735867812400,2597200,4116082200,4123804400
1,1617,241735910173600,2625400,4158443400,4166165600
1,1633,241735957836400,2954600,4206106200,4213828400
1,1649,241736003728500,2762400,4251998300,4259720500
1,1665,241736042628800,2596200,4290898600,4298620800
1,1681,241736087675900,2981400,4335945700,4343667900
1,1697,241736133653700,2626400,4381923500,4389645700
1,1713,241736176244100,3678100,4424513900,4432236100
1,1729,241736228288600,3112900,4476558400,4484280600
1,1745,241736276993800,2933600,4525263600,4532985800
1,1761,241736325347600,3245200,4573617400,4581339600
1,1777,241736373181500,2649800,4621451300,4629173500
1,1793,241736418958200,3363300,4667228000,4674950200
1,1809,241736469319900,3101600,4717589700,4725311900
1,1825,241736520301500,3420300,4768571300,4776293500
1,1841,241736574448000,3374300,4822717800,4830440000
1,1857,241736629110200,3355100,4877380000,4885102200
1,1873,241736690511300,2731900,4938781100,4946503300
1,1889,241736734196600,2593400,4982466400,4990188600
1,1905,241736778906500,3000700,5027176300,5034898500
1,1921,241736827131100,3033000,5075400900,5083123100
1,1937,241736874253700,2720800,5122523500,5130245700
1,1953,241736919497500,2868500,5167767300,5175489500
1,1969,241736963599600,2797200,5211869400,5219591600
1,1985,241737008314200,3043300,5256584000,5264306200
1,2001,241737060527600,2768000,5308797400,5316519600
1,2017,241737106429400,2742400,5354699200,5362421400
1,2033,241737152915900,2860800,5401185700,5408907900
2,2,241731905510700,2377900,153780500,161502700
2,18,241731945093500,2339400,193363300,201085500
2,34,241731982057000,2279300,230326800,238049000
2,50,241732017267700,2106700,265537500,273259700
2,66,241732052354900,2183100,300624700,308346900
2,82,241732087224200,2181700,335494000,343216200
2,98,241732121922600,2179200,370192400,377914600
2,114,241732156905600,2377500,405175400,412897600
2,130,241732212749600,2467200,461019400,468741600
2,146,241732248134000,2176000,496403800,504126000
2,162,241732284975300,2147200,533245100,540967300
2,178,241732321272800,2166500,569542600,577264800
2,194,241732358092300,2165400,606362100,614084300
2,210,241732393035100,2141500,641304900,649027100
2,226,241732427530800,2173300,675800600,683522800
2,242,241732462538400,2198400,710808200,718530400
2,258,241732497838300,2183200,746108100,753830300
2,274,241732551334100,2120200,799603900,807326100
2,290,241732585712000,2077400,833981800,841704000
2,306,241732626856800,2303700,875126600,882848800
2,322,241732661409200,2108100,909679000,917401200
2,338,241732696772000,2270400,945041800,952764000
2,354,241732732172800,2258200,980442600,988164800
2,370,241732768346100,2217700,1016615900,1024338100
2,386,241732803779200,2182300,1052049000,1059771200
2,402,241732860370300,2307600,1108640100,1116362300
2,418,241732896151800,2145500,1144421600,1152143800
2,434,241732929954200,2104300,1178224000,1185946200
2,450,241732964658700,2073600,1212928500,1220650700
2,466,241732999623000,2249700,1247892800,1255615000
2,482,241733034227400,2092500,1282497200,1290219400
2,498,241733070131800,2104300,1318401600,1326123800
2,514,241733103702700,2101000,1351972500,1359694700
2,530,241733156156700,2123700,1404426500,1412148700
2,546,241733190953100,2208200,1439222900,1446945100
2,562,241733225003400,2124900,1473273200,1480995400
2,578,241733258998700,2248100,1507268500,1514990700
2,594,241733293197300,2086600,1541467100,1549189300
2,610,241733327426500,2142100,1575696300,1583418500
2,626,241733361658900,2132000,1609928700,1617650900
2,642,241733395419500,2139300,1643689300,1651411500
2,658,241733429060800,2075500,1677330600,1685052800
2,674,241733482083700,2176200,1730353500,1738075700
2,690,241733516902600,2137200,1765172400,1772894600
2,706,241733551662100,2193600,1799931900,1807654100
2,722,241733585789200,2239200,1834059000,1841781200
2,738,241733620020100,2103900,1868289900,1876012100
2,754,241733653673100,2098700,1901942900,1909665100
2,770,241733687441000,2075500,1935710800,1943433000
2,786,241733727154700,2425400,1975424500,1983146700
2,802,241733782311200,2141100,2030581000,2038303200
2,818,241733817249700,2148000,2065519500,2073241700
2,834,241733851405200,2128900,2099675000,2107397200
2,850,241733885454100,2121100,2133723900,2141446100
2,866,241733921387200,2210400,2169657000,2177379200
2,882,241733956489100,2129500,2204758900,2212481100
2,898,241733992461600,2321200,2240731400,2248453600
2,914,241734027164200,2100700,2275434000,2283156200
2,930,241734080455600,2124500,2328725400,2336447600
2,946,241734116187900,2184300,2364457700,2372179900
2,962,241734150061900,2063800,2398331700,2406053900
2,978,241734184136200,2263800,2432406000,2440128200
2,994,241734219184800,2195300,2467454600,2475176800
2,1010,241734253531500,2111100,2501801300,2509523500
2,1026,241734287427200,2102300,2535697000,2543419200
2,1042,241734322282300,2238100,2570552100,2578274300
2,1058,241734357581300,2495100,2605851100,2613573300
2,1074,241734399531000,2231100,2647800800,2655523000
2,1090,241734435233000,2264600,2683502800,2691225000
2,1106,241734471853800,2234700,2720123600,2727845800
2,1122,241734506742000,2096000,2755011800,2762734000
2,1138,241734541412000,2110200,2789681800,2797404000
2,1154,241734577625000,2216900,2825894800,2833617000
2,1170,241734613071800,2301400,2861341600,2869063800
2,1186,241734648920000,2169500,2897189800,2904912000
2,1202,241734688809700,2388300,2937079500,2944801700
2,1218,241734723789400,2108500,2972059200,2979781400
2,1234,241734762105700,3033900,3010375500,3018097700
2,1250,241734808660400,2960800,3056930200,3064652400
2,1266,241734858356800,2760200,3106626600,3114348800
2,1282,241734906629600,2905500,3154899400,3162621600
2,1298,241734951011400,2602500,3199281200,3207003400
2,1314,241734995343700,2691000,3243613500,3251335700
2,1330,241735044726200,3009100,3292996000,3300718200
2,1346,241735088891300,2731600,3337161100,3344883300
2,1362,241735135288900,2899700,3383558700,3391280900
2,1378,241735181695600,2700300,3429965400,3437687600
2,1394,241735225544400,2807400,3473814200,3481536400
2,1410,241735273808600,6890200,3522078400,3529800600
2,1426,241735325873700,2887800,3574143500,3581865700
2,1442,241735371047300,2952500,3619317100,3627039300
2,1458,241735417608300,2931100,3665878100,3673600300
2,1474,241735470614500,2942100,3718884300,3726606500
2,1490,241735517474300,2968000,3765744100,3773466300
2,1506,241735568617700,3428200,3816887500,3824609700
2,1522,241735623035000,3494200,3871304800,3879027000
2,1538,241735673751900,2956300,3922021700,3929743900
2,1554,241735723738100,3054700,3972007900,3979730100
2,1570,241735771800200,2626500,4020070000,4027792200
2,1586,241735818713000,2871600,4066982800,4074705000
2,1602,241735870626400,2618000,4118896200,4126618400
2,1618,241735913002500,2620100,4161272300,4168994500
2,1634,241735961136100,2940800,4209405900,4217128100
2,1650,241736006808300,2776200,4255078100,4262800300
2,1666,241736055090100,2782000,4303359900,4311082100
2,1682,241736100877100,2825700,4349146900,4356869100
2,1698,241736145159700,2624000,4393429500,4401151700
2,1714,241736189791300,2201000,4438061100,4445783300
2,1730,241736241935900,2980000,4490205700,4497927900
2,1746,241736289362700,2838200,4537632500,4545354700
2,1762,241736339925400,3251200,4588195200,4595917400
2,1778,241736385380500,2314400,4633650300,4641372500
2,1794,241736433874500,2715200,4682144300,4689866500
2,1810,241736482762100,3203700,4731031900,4738754100
2,1826,241736535378500,3514800,4783648300,4791370500
2,1842,241736589658000,3367300,4837927800,4845650000
2,1858,241736644213900,12260800,4892483700,4900205900
2,1874,241736702172400,2595500,4950442200,4958164400
2,1890,241736745743600,2626400,4994013400,5001735600
2,1906,241736792168200,2993500,5040438000,5048160200
2,1922,241736840649900,3012900,5088919700,5096641900
2,1938,241736886539500,2718600,5134809300,5142531500
2,1954,241736932441600,2936100,5180711400,5188433600
2,1970,241736976037200,2967600,5224307000,5232029200
2,1986,241737021636300,2936600,5269906100,5277628300
2,2002,241737072911500,2754300,5321181300,5328903500
2,2018,241737119116700,3138700,5367386500,5375108700
2,2034,241737165943400,2947300,5414213200,5421935400
3,3,241731908028400,2383000,156298200,164020400
3,19,241731947575700,2289200,195845500,203567700
3,35,241731984493400,2234700,232763200,240485400
3,51,241732019507900,2144700,267777700,275499900
3,67,241732054657600,2370900,302927400,310649600
3,83,241732089736200,2190600,338006000,345728200
3,99,241732124374200,2143700,372644000,380366200
3,115,241732159541800,2371100,407811600,415533800
3,131,241732215430100,2181000,463699900,471422100
3,147,241732250510200,2117700,498780000,506502200
3,163,241732287236300,2101900,535506100,543228300
3,179,241732323691700,2197500,571961500,579683700
3,195,241732360475900,2299300,608745700,616467900
3,211,241732395438700,2077700,643708500,651430700
3,227,241732429976900,2134600,678246700,685968900
3,243,241732465013400,2482700,713283200,721005400
3,259,241732517791600,2928200,766061400,773783600
3,275,241732553677400,2232800,801947200,809669400
3,291,241732588083100,2144300,836352900,844075100
3,307,241732629457700,2243000,877727500,885449700
3,323,241732663794500,2104300,912064300,919786500
3,339,241732699219500,2213900,947489300,955211500
3,355,241732734664300,2197200,982934100,990656300
3,371,241732770663300,2196500,1018933100,1026655300
3,387,241732806057700,2187100,1054327500,1062049700
3,403,241732862552100,2250600,1110821900,1118544100
3,419,241732898177100,2102200,1146446900,1154169100
3,435,241732931945900,2118800,1180215700,1187937900
3,451,241732966705100,2144500,1214974900,1222697100
3,467,241733001840600,2160400,1250110400,1257832600
3,483,241733036381700,2075600,1284651500,1292373700
3,499,241733072208200,2128700,1320478000,1328200200
3,515,241733105775600,2077600,1354045400,1361767600
3,531,241733158224100,2186100,1406493900,1414216100
3,547,241733193053700,2218100,1441323500,1449045700
3,563,241733227042200,2064700,1475312000,1483034200
3,579,241733261217700,2189000,1509487500,1517209700
3,595,241733295256100,2089000,1543525900,1551248100
3,611,241733329540000,2298000,1577809800,1585532000
3,627,241733363761100,2131400,1612030900,1619753100
3,643,241733397528900,2120800,1645798700,1653520900
3,659,241733431110200,20627100,1679380000,1687102200
3,675,241733483898000,2201900,1732167800,1739890000
3,691,241733518522000,2152600,1766791800,1774514000
3,707,241733553458700,2131900,1801728500,1809450700
3,723,241733587648700,2229100,1835918500,1843640700
3,739,241733621646600,2113100,1869916400,1877638600
3,755,241733655297900,2098600,1903567700,1911289900
3,771,241733689038400,2092600,1937308200,1945030400
3,787,241733728754900,2377200,1977024700,1984746900
3,803,241733783739700,2141200,2032009500,2039731700
3,819,241733818652300,2151700,2066922100,2074644300
3,835,241733852825900,2157900,2101095700,2108817900
3,851,241733886855500,2133500,2135125300,2142847500
3,867,241733923283000,2142300,2171552800,2179275000
3,883,241733958241900,2151400,2206511700,2214233900
3,899,241733994432900,2348800,2242702700,2250424900
3,915,241734028875700,2135800,2277145500,2284867700
3,931,241734082227700,2122600,2330497500,2338219700
3,947,241734118193200,2180000,2366463000,2374185200
3,963,241734151960700,2200500,2400230500,2407952700
3,979,241734186180200,2224100,2434450000,2442172200
3,995,241734221211600,2159200,2469481400,2477203600
3,1011,241734255472100,2116900,2503741900,2511464100
3,1027,241734289386300,2139200,2537656100,2545378300
3,1043,241734324455600,2219100,2572725400,2580447600
3,1059,241734359536200,2180500,2607806000,2615528200
3,1075,241734401224400,2205100,2649494200,2657216400
3,1091,241734436929500,2353400,2685199300,2692921500
3,1107,241734473318500,2264900,2721588300,2729310500
3,1123,241734508092800,2124900,2756362600,2764084800
3,1139,241734542775000,2124800,2791044800,2798767000
3,1155,241734579022900,2221400,2827292700,2835014900
3,1171,241734614511700,2333200,2862781500,2870503700
3,1187,241734650281200,2194300,2898551000,2906273200
3,1203,241734690284300,2331100,2938554100,2946276300
3,1219,241734725132800,2239800,2973402600,2981124800
3,1235,241734764275700,2806900,3012545500,3020267700
3,1251,241734810721300,2806400,3058991100,3066713300
3,1267,241734860343100,2730300,3108612900,3116335100
3,1283,241734908784100,2880000,3157053900,3164776100
3,1299,241734952969000,2621200,3201238800,3208961000
3,1315,241734997418100,2632300,3245687900,3253410100
3,1331,241735046955800,2783300,3295225600,3302947800
3,1347,241735090923000,2752200,3339192800,3346915000
3,1363,241735137367800,3028300,3385637600,3393359800
3,1379,241735183634800,2704400,3431904600,3439626800
3,1395,241735227517900,2762600,3475787700,3483509900
3,1411,241735279999700,2962600,3528269500,3535991700
3,1427,241735328004000,2927100,3576273800,3583996000
3,1443,241735373213400,2933500,3621483200,3629205400
3,1459,241735419713400,2942000,3667983200,3675705400
3,1475,241735472729500,2954700,3720999300,3728721500
3,1491,241735519594900,2894100,3767864700,3775586900
3,1507,241735571240800,3186900,3819510600,3827232800
3,1523,241735625644400,3398400,3873914200,3881636400
3,1539,241735675904000,3161600,3924173800,3931896000
3,1555,241735725981600,3115700,3974251400,3981973600
3,1571,241735773705400,2610100,4021975200,4029697400
3,1587,241735820798000,2848200,4069067800,4076790000
3,1603,241735872793700,2667000,4121063500,4128785700
3,1619,241735915188200,2646900,4163458000,4171180200
3,1635,241735963463400,2964900,4211733200,4219455400
3,1651,241736009017500,2763000,4257287300,4265009500
3,1667,241736053992600,2826700,4302262400,4309984600
3,1683,241736099726900,2953900,4347996700,4355718900
3,1699,241736144043000,2624500,4392312800,4400035000
3,1715,241736188529000,2520100,4436798800,4444521000
3,1731,241736240573600,3014900,4488843400,4496565600
3,1747,241736287994100,2930400,4536263900,4543986100
3,1763,241736338638000,3269000,4586907800,4594630000
3,1779,241736384520300,2297300,4632790100,4640512300
3,1795,241736432658500,3068300,4680928300,4688650500
3,1811,241736481551700,3174000,4729821500,4737543700
3,1827,241736534265000,3547500,4782534800,4790257000
3,1843,241736588711100,3357200,4836980900,4844703100
3,1859,241736643230000,3516600,4891499800,4899222000
3,1875,241736701458200,2590600,4949728000,4957450200
3,1891,241736745005600,2616700,4993275400,5000997600
3,1907,241736791274900,3014800,5039544700,5047266900
3,1923,241736839760900,3027900,5088030700,5095752900
3,1939,241736885869400,2745300,5134139200,5141861400
3,1955,241736931668000,2936500,5179937800,5187660000
3,1971,241736975213200,3102100,5223483000,5231205200
3,1987,241737020906800,2921200,5269176600,5276898800
3,2003,241737072205900,2729200,5320475700,5328197900
3,2019,241737118270100,3242900,5366539900,5374262100
3,2035,241737165350100,2923200,5413619900,5421342100
4,4,241731910314200,2377600,158584000,166306200
4,20,241731949795800,2205500,198065600,205787800
4,36,241731986644600,2274700,234914400,242636600
4,52,241732021719600,2100700,269989400,277711600
4,68,241732057095700,2178400,305365500,313087700
4,84,241732091845800,2180900,340115600,347837800
4,100,241732126405400,2280200,374675200,382397400
4,116,241732161822600,2220500,410092400,417814600
4,132,241732217703400,2198300,465973200,473695400
4,148,241732252719900,2276700,500989700,508711900
4,164,241732289871800,2138500,538141600,545863800
4,180,241732326376100,2241600,574645900,582368100
4,196,241732363274700,2528700,611544500,619266700
4,212,241732397859000,2080000,646128800,653851000
4,228,241732432469100,2172000,680738900,688461100
4,244,241732467798000,2125100,716067800,723790000
4,260,241732521105900,2572200,769375700,777097900
4,276,241732556527600,2109300,804797400,812519600
4,292,241732590801400,2272700,839071200,846793400
4,308,241732632162700,2180500,880432500,888154700
4,324,241732666447200,2197900,914717000,922439200
4,340,241732701959100,2211800,950228900,957951100
4,356,241732737428900,2287100,985698700,993420900
4,372,241732773414500,2212400,1021684300,1029406500
4,388,241732808793500,2104600,1057063300,1064785500
4,404,241732865442000,2262400,1113711800,1121434000
4,420,241732900949000,2158100,1149218800,1156941000
4,436,241732934713700,2086600,1182983500,1190705700
4,452,241732969582000,2228000,1217851800,1225574000
4,468,241733004663400,2176500,1252933200,1260655400
4,484,241733039185600,2118600,1287455400,1295177600
4,500,241733074216600,2045200,1322486400,1330208600
4,516,241733107742400,2068400,1356012200,1363734400
4,532,241733160289200,2156600,1408559000,1416281200
4,548,241733195217000,2122100,1443486800,1451209000
4,564,241733229049400,2086800,1477319200,1485041400
4,580,241733263377100,2122000,1511646900,1519369100
4,596,241733297316300,2096200,1545586100,1553308300
4,612,241733331809000,2139500,1580078800,1587801000
4,628,241733365864100,2121300,1614133900,1621856100
4,644,241733399620100,2079200,1647889900,1655612100
4,660,241733451701000,2423900,1699970800,1707693000
4,676,241733485661000,2178800,1733930800,1741653000
4,692,241733520358000,2272800,1768627800,1776350000
4,708,241733555193800,2200500,1803463600,1811185800
4,724,241733589457300,2161000,1837727100,1845449300
4,740,241733623345000,2107800,1871614800,1879337000
4,756,241733656972200,2111700,1905242000,1912964200
4,772,241733690707800,2090600,1938977600,1946699800
4,788,241733730642800,2223900,1978912600,1986634800
4,804,241733785418300,2139700,2033688100,2041410300
4,820,241733820432300,2150200,2068702100,2076424300
4,836,241733854587600,2135400,2102857400,2110579600
4,852,241733888577700,2150600,2136847500,2144569700
4,868,241733925001800,2222400,2173271600,2180993800
4,884,241733959985100,2307200,2208254900,2215977100
4,900,241733996218800,2398100,2244488600,2252210800
4,916,241734030579200,2115100,2278849000,2286571200
4,932,241734083798400,2155600,2332068200,2339790400
4,948,241734119979400,2204200,2368249200,2375971400
4,964,241734153692100,2322900,2401961900,2409684100
4,980,241734188021900,2174000,2436291700,2444013900
4,996,241734222947600,2194400,2471217400,2478939600
4,1012,241734257189700,2078300,2505459500,2513181700
4,1028,241734291090100,2101200,2539359900,2547082100
4,1044,241734326066000,2240000,2574335800,2582058000
4,1060,241734361241200,8193900,2609511000,2617233200
4,1076,241734402959900,2187900,2651229700,2658951900
4,1092,241734438727200,2396000,2686997000,2694719200
4,1108,241734475194500,2222100,2723464300,2731186500
4,1124,241734509921500,2134500,2758191300,2765913500
4,1140,241734544605200,2133000,2792875000,2800597200
4,1156,241734580988100,2126000,2829257900,2836980100
4,1172,241734616440200,2298500,2864710000,2872432200
4,1188,241734652100200,2143500,2900370000,2908092200
4,1204,241734692220300,2190300,2940490100,2948212300
4,1220,241734726973300,2171200,2975243100,2982965300
4,1236,241734766372200,2935000,3014642000,3022364200
4,1252,241734812903000,5561500,3061172800,3068895000
4,1268,241734862320800,2705100,3110590600,3118312800
4,1284,241734910850900,2939600,3159120700,3166842900
4,1300,241734954850200,2619000,3203120000,3210842200
4,1316,241734999267700,2647200,3247537500,3255259700
4,1332,241735048930700,2670100,3297200500,3304922700
4,1348,241735092860200,2747600,3341130000,3348852200
4,1364,241735139522900,2989600,3387792700,3395514900
4,1380,241735185554300,2784800,3433824100,3441546300
4,1396,241735229681500,4441100,3477951300,3485673500
4,1412,241735281928700,3093800,3530198500,3537920700
4,1428,241735330033000,2737000,3578302800,3586025000
4,1444,241735375248800,2918500,3623518600,3631240800
4,1460,241735421761200,8588200,3670031000,3677753200
4,1476,241735474779900,2923800,3723049700,3730771900
4,1492,241735521578100,2901300,3769847900,3777570100
4,1508,241735573424400,3282300,3821694200,3829416400
4,1524,241735627992600,3390700,3876262400,3883984600
4,1540,241735678035800,3258600,3926305600,3934027800
4,1556,241735728039600,3331600,3976309400,3984031600
4,1572,241735775535600,2641900,4023805400,4031527600
4,1588,241735822787400,2867500,4071057200,4078779400
4,1604,241735874680500,2633100,4122950300,4130672500
4,1620,241735917019500,2671500,4165289300,4173011500
4,1636,241735965526200,3196200,4213796000,4221518200
4,1652,241736010948200,2776000,4259218000,4266940200
4,1668,241736058300300,2739200,4306570100,4314292300
4,1684,241736104103800,2845700,4352373600,4360095800
4,1700,241736148196900,2590200,4396466700,4404188900
4,1716,241736192342200,2141900,4440612000,4448334200
4,1732,241736245449300,3115000,4493719100,4501441300
4,1748,241736292778900,2913800,4541048700,4548770900
4,1764,241736343666400,3124100,4591936200,4599658400
4,1780,241736388032800,2196800,4636302600,4644024800
4,1796,241736436966400,2777700,4685236200,4692958400
4,1812,241736486462500,3062500,4734732300,4742454500
4,1828,241736539385600,3313600,4787655400,4795377600
4,1844,241736593679400,3468700,4841949200,4849671400
4,1860,241736657093200,3362100,4905363000,4913085200
4,1876,241736705262500,2907900,4953532300,4961254500
4,1892,241736748827300,2560200,4997097100,5004819300
4,1908,241736795725900,2999700,5043995700,5051717900
4,1924,241736844196400,2995500,5092466200,5100188400
4,1940,241736889872500,2784900,5138142300,5145864500
4,1956,241736936008700,2864000,5184278500,5192000700
4,1972,241736979397400,2746500,5227667200,5235389400
4,1988,241737024999600,3015100,5273269400,5280991600
4,2004,241737076043300,2808100,5324313100,5332035300
4,2020,241737122677000,2998500,5370946800,5378669000
4,2036,241737169308500,2981600,5417578300,5425300500
5,5,241731912759900,2285800,161029700,168751900
5,21,241731952135200,2427300,200405000,208127200
5,37,241731989109600,2243300,237379400,245101600
5,53,241732023885600,2147600,272155400,279877600
5,69,241732059338400,2133900,307608200,315330400
5,85,241732094127000,2197400,342396800,350119000
5,101,241732128752800,2207200,377022600,384744800
5,117,241732164111100,2206000,412380900,420103100
5,133,241732220103700,2139400,468373500,476095700
5,149,241732255193800,2208200,503463600,511185800
5,165,241732291636900,2212000,539906700,547628900
5,181,241732328096600,2160100,576366400,584088600
5,197,241732365219000,2227700,613488800,621211000
5,213,241732399456600,2132400,647726400,655448600
5,229,241732434114000,2345500,682383800,690106000
5,245,241732469393000,2134100,717662800,725385000
5,261,241732522888300,2201300,771158100,778880300
5,277,241732557904300,2118500,806174100,813896300
5,293,241732592126300,2414400,840396100,848118300
5,309,241732633643500,2226500,881913300,889635500
5,325,241732667872100,2260600,916141900,923864100
5,341,241732703362500,2300400,951632300,959354500
5,357,241732738990600,2221200,987260400,994982600
5,373,241732774893100,2175700,1023162900,1030885100
5,389,241732810214800,2155900,1058484600,1066206800
5,405,241732867140700,2162400,1115410500,1123132700
5,421,241732902454600,2172800,1150724400,1158446600
5,437,241732936182400,2098000,1184452200,1192174400
5,453,241732970963300,2297800,1219233100,1226955300
5,469,241733006065400,2178900,1254335200,1262057400
5,485,241733040397200,2156900,1288667000,1296389200
5,501,241733076177800,2073000,1324447600,1332169800
5,517,241733109719700,2065000,1357989500,1365711700
5,533,241733162354700,2133300,1410624500,1418346700
5,549,241733197280000,2160200,1445549800,1453272000
5,565,241733231077600,2074600,1479347400,1487069600
5,581,241733265413400,2164900,1513683200,1521405400
5,597,241733299322000,2084300,1547591800,1555314000
5,613,241733333857500,2083100,1582127300,1589849500
5,629,241733367894600,2107900,1616164400,1623886600
5,645,241733401611100,2102800,1649880900,1657603100
5,661,241733454040400,2142200,1702310200,1710032400
5,677,241733487813100,2287600,1736082900,1743805100
5,693,241733522590200,2228100,1770860000,1778582200
5,709,241733557366500,2184600,1805636300,1813358500
5,725,241733591650000,2193700,1839919800,1847642000
5,741,241733625685700,2081300,1873955500,1881677700
5,757,241733659322900,2087900,1907592700,1915314900
5,773,241733693027700,2147900,1941297500,1949019700
5,789,241733733039800,2163000,1981309600,1989031800
5,805,241733787732700,2185400,2036002500,2043724700
5,821,241733822668800,2106800,2070938600,2078660800
5,837,241733856840800,2117100,2105110600,2112832800
5,853,241733890843100,2098500,2139112900,2146835100
5,869,241733927463500,2190000,2175733300,2183455500
5,885,241733962500100,2193600,2210769900,2218492100
5,901,241733998702200,2276000,2246972000,2254694200
5,917,241734032781400,2112800,2281051200,2288773400
5,933,241734086213700,2114000,2334483500,2342205700
5,949,241734122125300,2065400,2370395100,2378117300
5,965,241734155962900,2092600,2404232700,2411954900
5,981,241734190073500,2185500,2438343300,2446065500
5,997,241734225022100,2150000,2473291900,2481014100
5,1013,241734259156400,2115800,2507426200,2515148400
5,1029,241734293111200,2104700,2541381000,2549103200
5,1045,241734328341300,2296700,2576611100,2584333300
5,1061,241734369588100,2206800,2617857900,2625580100
5,1077,241734405325700,2276400,2653595500,2661317700
5,1093,241734441365100,2306900,2689634900,2697357100
5,1109,241734477716700,2184900,2725986500,2733708700
5,1125,241734512288600,2351300,2760558400,2768280600
5,1141,241734546963100,2103100,2795232900,2802955100
5,1157,241734583323700,2105900,2831593500,2839315700
5,1173,241734619242700,2313500,2867512500,2875234700
5,1189,241734654749500,2162200,2903019300,2910741500
5,1205,241734694929800,2185000,2943199600,2950921800
5,1221,241734729616600,2132900,2977886400,2985608600
5,1237,241734769810500,2873000,3018080300,3025802500
5,1253,241734820247700,3431000,3068517500,3076239700
5,1269,241734865492600,2580900,3113762400,3121484600
5,1285,241734914309900,2897300,3162579700,3170301900
5,1301,241734957898700,3119400,3206168500,3213890700
5,1317,241735002411400,2633100,3250681200,3258403400
5,1333,241735052084100,2739800,3300353900,3308076100
5,1349,241735096102100,2744900,3344371900,3352094100
5,1365,241735143060100,2955800,3391329900,3399052100
5,1381,241735188820900,2766300,3437090700,3444812900
5,1397,241735234633300,2594300,3482903100,3490625300
5,1413,241735285430400,2890100,3533700200,3541422400
5,1429,241735333144000,3592200,3581413800,3589136000
5,1445,241735378578000,2967000,3626847800,3634570000
5,1461,241735430842100,3261700,3679111900,3686834100
5,1477,241735478195500,2960300,3726465300,3734187500
5,1493,241735524982300,2964800,3773252100,3780974300
5,1509,241735577228400,3341900,3825498200,3833220400
5,1525,241735631917800,3255300,3880187600,3887909800
5,1541,241735681807200,2908900,3930077000,3937799200
5,1557,241735731941500,3385400,3980211300,3987933500
5,1573,241735778636500,2628600,4026906300,4034628500
5,1589,241735826132800,3022000,4074402600,4082124800
5,1605,241735877701700,2653900,4125971500,4133693700
5,1621,241735920093700,2774400,4168363500,4176085700
5,1637,241735969273400,2992900,4217543200,4225265400
5,1653,241736014172200,2994000,4262442000,4270164200
5,1669,241736059770000,2720100,4308039800,4315762000
5,1685,241736105557500,2911500,4353827300,4361549500
5,1701,241736149556900,2767100,4397826700,4405548900
5,1717,241736193506000,2142100,4441775800,4449498000
5,1733,241736247008800,3098400,4495278600,4503000800
5,1749,241736294221400,2966200,4542491200,4550213400
5,1765,241736345323700,3101900,4593593500,4601315700
5,1781,241736389250400,2206800,4637520200,4645242400
5,1797,241736438352900,2893300,4686622700,4694344900
5,1813,241736488135300,3227700,4736405100,4744127300
5,1829,241736541253400,3260000,4789523200,4797245400
5,1845,241736595619800,3446900,4843889600,4851611800
5,1861,241736659093200,3289600,4907363000,4915085200
5,1877,241736706732900,2906400,4955002700,4962724900
5,1893,241736750258000,2573000,4998527800,5006250000
5,1909,241736797379200,3002400,5045649000,5053371200
5,1925,241736845842500,2977100,5094112300,5101834500
5,1941,241736891441200,2798200,5139711000,5147433200
5,1957,241736937670100,2822500,5185939900,5193662100
5,1973,241736980977500,2755600,5229247300,5236969500
5,1989,241737026746500,2948800,5275016300,5282738500
5,2005,241737077548900,2934800,5325818700,5333540900
5,2021,241737124357400,2984300,5372627200,5380349400
5,2037,241737171012000,2965400,5419281800,5427004000
6,6,241731915009500,3252900,163279300,171001500
6,22,241731954476300,2256900,202746100,210468300
6,38,241731991229600,2197800,239499400,247221600
6,54,241732026071300,2246500,274341100,282063300
6,70,241732061514800,2179000,309784600,317506800
6,86,241732096296200,2148900,344566000,352288200
6,102,241732131049100,2121900,379318900,387041100
6,118,241732166406800,2292600,414676600,422398800
6,134,241732222278600,2236400,470548400,478270600
6,150,241732257437600,2176700,505707400,513429600
6,166,241732293881700,2186200,542151500,549873700
6,182,241732330305100,2502200,578574900,586297100
6,198,241732367293100,2210300,615562900,623285100
6,214,241732401469700,2183700,649739500,657461700
6,230,241732436331400,2198800,684601200,692323400
6,246,241732471406000,2141500,719675800,727398000
6,262,241732525032700,2403100,773302500,781024700
6,278,241732559991600,2297400,808261400,815983600
6,294,241732594576700,2221500,842846500,850568700
6,310,241732635901500,2185000,884171300,891893500
6,326,241732670225800,2345800,918495600,926217800
6,342,241732705774000,2305300,954043800,961766000
6,358,241732741291300,2136400,989561100,997283300
6,374,241732777120100,2164600,1025389900,1033112100
6,390,241732812414800,2435900,1060684600,1068406800
6,406,241732869275300,2194200,1117545100,1125267300
6,422,241732904657600,2110500,1152927400,1160649600
6,438,241732938314200,2301200,1186584000,1194306200
6,454,241732973468600,2112300,1221738400,1229460600
6,470,241733008417400,2126300,1256687200,1264409400
6,486,241733042778700,2228300,1291048500,1298770700
6,502,241733078865500,2083300,1327135300,1334857500
6,518,241733112378700,2147400,1360648500,1368370700
6,534,241733165108100,2188300,1413377900,1421100100
6,550,241733200125300,2091300,1448395100,1456117300
6,566,241733233849400,2103000,1482119200,1489841400
6,582,241733268259700,2133600,1516529500,1524251700
6,598,241733302101800,2089000,1550371600,1558093800
6,614,241733336618900,2062800,1584888700,1592610900
6,630,241733370674300,2124400,1618944100,1626666300
6,646,241733404403700,2085300,1652673500,1660395700
6,662,241733456823800,2224900,1705093600,1712815800
6,678,241733491680600,2137900,1739950400,1747672600
6,694,241733526307200,2155800,1774577000,1782299200
6,710,241733560928700,2171400,1809198500,1816920700
6,726,241733595098500,2151000,1843368300,1851090500
6,742,241733628944100,2088700,1877213900,1884936100
6,758,241733662609900,2116100,1910879700,1918601900
6,774,241733696612000,2367700,1944881800,1952604000
6,790,241733736448300,2183600,1984718100,1992440300
6,806,241733791174400,2198600,2039444200,2047166400
6,822,241733825946700,2138500,2074216500,2081938700
6,838,241733860162300,2138600,2108432100,2116154300
6,854,241733894127600,2131800,2142397400,2150119600
6,870,241733930619300,2163500,2178889100,2186611300
6,886,241733965674300,2264700,2213944100,2221666300
6,902,241734001864900,2160500,2250134700,2257856900
6,918,241734035693600,2097300,2283963400,2291685600
6,934,241734089035100,2203000,2337304900,2345027100
6,950,241734124854500,2096200,2373124300,2380846500
6,966,241734158756800,2092500,2407026600,2414748800
6,982,241734192931900,2149500,2441201700,2448923900
6,998,241734227777700,2114500,2476047500,2483769700
6,1014,241734261872300,2112400,2510142100,2517864300
6,1030,241734295790700,2159300,2544060500,2551782700
6,1046,241734331172200,2198800,2579442000,2587164200
6,1062,241734372154400,2221200,2620424200,2628146400
6,1078,241734407926300,2208300,2656196100,2663918300
6,1094,241734443996300,2259500,2692266100,2699988300
6,1110,241734480138900,2219600,2728408700,2736130900
6,1126,241734514873200,2200800,2763143000,2770865200
6,1142,241734549266000,2169700,2797535800,2805258000
6,1158,241734585666200,2093300,2833936000,2841658200
6,1174,241734621591800,2277400,2869861600,2877583800
6,1190,241734656946100,2131700,2905215900,2912938100
6,1206,241734697149800,2192300,2945419600,2953141800
6,1222,241734731809100,2181900,2980078900,2987801100
6,1238,241734772765200,2854100,3021035000,3028757200
6,1254,241734823757100,2841000,3072026900,3079749100
6,1270,241734868162100,2664000,3116431900,3124154100
6,1286,241734917293600,2913600,3165563400,3173285600
6,1302,241734961252800,2959300,3209522600,3217244800
6,1318,241735005195100,2864500,3253464900,3261187100
6,1334,241735054941600,2752500,3303211400,3310933600
6,1350,241735098965200,2849100,3347235000,3354957200
6,1366,241735146221300,2906200,3394491100,3402213300
6,1382,241735191787300,2722800,3440057100,3447779300
6,1398,241735237441100,2748100,3485710900,3493433100
6,1414,241735288238700,2923800,3536508500,3544230700
6,1430,241735336770200,2913200,3585040000,3592762200
6,1446,241735381587900,2959600,3629857700,3637579900
6,1462,241735434059600,2781600,3682329400,3690051600
6,1478,241735481112100,2926300,3729381900,3737104100
6,1494,241735527909200,3027500,3776179000,3783901200
6,1510,241735580530700,3267900,3828800500,3836522700
6,1526,241735635131700,3368200,3883401500,3891123700
6,1542,241735684578300,3044800,3932848100,3940570300
6,1558,241735735183100,3180300,3983452900,3991175100
6,1574,241735781205900,2596700,4029475700,4037197900
6,1590,241735829075100,2846900,4077344900,4085067100
6,1606,241735880285100,2609800,4128554900,4136277100
6,1622,241735922796000,2596500,4171065800,4178788000
6,1638,241735972190900,2737300,4220460700,4228182900
6,1654,241736017082700,3971000,4265352500,4273074700
6,1670,241736062933700,2842700,4311203500,4318925700
6,1686,241736108937000,3072800,4357206800,4364929000
6,1702,241736152646200,2629000,4400916000,4408638200
6,1718,241736195855300,2197400,4444125100,4451847300
6,1734,241736250397900,3066500,4498667700,4506389900
6,1750,241736297397600,2943100,4545667400,4553389600
6,1766,241736348678900,2930200,4596948700,4604670900
6,1782,241736391641800,2539300,4639911600,4647633800
6,1798,241736441541400,3245700,4689811200,4697533400
6,1814,241736491575500,3136500,4739845300,4747567500
6,1830,241736544688900,3224400,4792958700,4800680900
6,1846,241736599215500,3444700,4847485300,4855207500
6,1862,241736662518000,3362500,4910787800,4918510000
6,1878,241736709769600,2907800,4958039400,4965761600
6,1894,241736752934600,2665700,5001204400,5008926600
6,1910,241736800515500,3002300,5048785300,5056507500
6,1926,241736848925600,3001700,5097195400,5104917600
6,1942,241736894205800,2794500,5142475600,5150197800
6,1958,241736940530900,2921500,5188800700,5196522900
6,1974,241736983881200,2729500,5232151000,5239873200
6,1990,241737029909400,2902400,5278179200,5285901400
6,2006,241737080731300,2955100,5329001100,5336723300
6,2022,241737127603200,2974400,5375873000,5383595200
6,2038,241737173894900,3066900,5422164700,5429886900
7,7,241731918384100,2854900,166653900,174376100
7,23,241731956850900,2144800,205120700,212842900
7,39,241731993492300,2196000,241762100,249484300
7,55,241732028206400,2212600,276476200,284198400
7,71,241732063522800,2160400,311792600,319514800
7,87,241732098305400,2171800,346575200,354297400
7,103,241732132922400,2148800,381192200,388914400
7,119,241732168400200,2698800,416670000,424392200
7,135,241732224102300,2223900,472372100,480094300
7,151,241732259177800,2869100,507447600,515169800
7,167,241732295841100,2302100,544110900,551833100
7,183,241732332667300,2452400,580937100,588659300
7,199,241732369473600,2222200,617743400,625465600
7,215,241732403622700,2097700,651892500,659614700
7,231,241732438499300,2161400,686769100,694491300
7,247,241732473518800,2091300,721788600,729510800
7,263,241732527512700,2388600,775782500,783504700
7,279,241732562383000,2279800,810652800,818375000
7,295,241732596833400,2132200,845103200,852825400
7,311,241732638120100,2233600,886389900,894112100
7,327,241732672605600,2533600,920875400,928597600
7,343,241732708140800,2335800,956410600,964132800
7,359,241732743528100,2178300,991797900,999520100
7,375,241732779383700,2203200,1027653500,1035375700
7,391,241732814984100,2514300,1063253900,1070976100
7,407,241732871382800,2212900,1119652600,1127374800
7,423,241732906655400,2124100,1154925200,1162647400
7,439,241732940473700,2329700,1188743500,1196465700
7,455,241732975500000,2191800,1223769800,1231492000
7,471,241733010462700,2168000,1258732500,1266454700
7,487,241733044933200,3043500,1293203000,1300925200
7,503,241733080981500,2137800,1329251300,1336973500
7,519,241733114557800,2082000,1362827600,1370549800
7,535,241733167387100,2091100,1415656900,1423379100
7,551,241733202132900,2139500,1450402700,1458124900
7,567,241733235868200,2084800,1484138000,1491860200
7,583,241733270334200,2120500,1518604000,1526326200
7,599,241733304137600,2136800,1552407400,1560129600
7,615,241733338597200,2116600,1586867000,1594589200
7,631,241733372707500,2065000,1620977300,1628699500
7,647,241733406400500,2097600,1654670300,1662392500
7,663,241733458985300,2266000,1707255100,1714977300
7,679,241733493791300,2123700,1742061100,1749783300
7,695,241733528497900,2164600,1776767700,1784489900
7,711,241733563139900,2111700,1811409700,1819131900
7,727,241733597280800,2115400,1845550600,1853272800
7,743,241733631063600,2075600,1879333400,1887055600
7,759,241733664759400,2086500,1913029200,1920751400
7,775,241733699039100,2650200,1947308900,1955031100
7,791,241733738666000,2162400,1986935800,1994658000
7,807,241733793405100,2192700,2041674900,2049397100
7,823,241733828118400,2126900,2076388200,2084110400
7,839,241733862334000,2137800,2110603800,2118326000
7,855,241733896291900,2149800,2144561700,2152283900
7,871,241733932755100,2201400,2181024900,2188747100
7,887,241733967999300,2226300,2216269100,2223991300
7,903,241734004152100,2170400,2252421900,2260144100
7,919,241734037916600,2086800,2286186400,2293908600
7,935,241734091394900,2317100,2339664700,2347386900
7,951,241734126984000,2072500,2375253800,2382976000
7,967,241734160881400,2095600,2409151200,2416873400
7,983,241734195176000,2164200,2443445800,2451168000
7,999,241734230281000,2202300,2478550800,2486273000
7,1015,241734264388200,2096300,2512658000,2520380200
7,1031,241734298356700,2082900,2546626500,2554348700
7,1047,241734333857200,2121100,2582127000,2589849200
7,1063,241734374967000,2062400,2623236800,2630959000
7,1079,241734410639400,2166900,2658909200,2666631400
7,1095,241734446635700,2265600,2694905500,2702627700
7,1111,241734482753700,2172600,2731023500,2738745700
7,1127,241734517501800,2196000,2765771600,2773493800
7,1143,241734551894300,2489600,2800164100,2807886300
7,1159,241734588236900,2126700,2836506700,2844228900
7,1175,241734624508900,2278000,2872778700,2880500900
7,1191,241734659666800,2170900,2907936600,2915658800
7,1207,241734699935100,2142100,2948204900,2955927100
7,1223,241734734582300,2207100,2982852100,2990574300
7,1239,241734776508300,2837500,3024778100,3032500300
7,1255,241734827515000,2932800,3075784800,3083507000
7,1271,241734871899700,3109500,3120169500,3127891700
7,1287,241734921121600,3047200,3169391400,3177113600
7,1303,241734965052900,2951800,3213322700,3221044900
7,1319,241735008787400,2586800,3257057200,3264779400
7,1335,241735058523200,2733100,3306793000,3314515200
7,1351,241735102702800,2982500,3350972600,3358694800
7,1367,241735149942900,2916400,3398212700,3405934900
7,1383,241735195275200,2844000,3443545000,3451267200
7,1399,241735240964100,2579900,3489233900,3496956100
7,1415,241735292286200,2944200,3540556000,3548278200
7,1431,241735340782100,2694300,3589051900,3596774100
7,1447,241735385785000,3023600,3634054800,3641777000
7,1463,241735438003800,3030500,3686273600,3693995800
7,1479,241735485232300,2849200,3733502100,3741224300
7,1495,241735532135400,2992000,3780405200,3788127400
7,1511,241735585074000,3414800,3833343800,3841066000
7,1527,241735639891400,3340900,3888161200,3895883400
7,1543,241735688916400,3243900,3937186200,3944908400
7,1559,241735739735200,3108600,3988005000,3995727200
7,1575,241735784864700,2784000,4033134500,4040856700
7,1591,241735833066800,2882600,4081336600,4089058800
7,1607,241735884124600,2656400,4132394400,4140116600
7,1623,241735926590600,2705900,4174860400,4182582600
7,1639,241735976182300,2766200,4224452100,4232174300
7,1655,241736023822900,2873400,4272092700,4279814900
7,1671,241736068355600,2711300,4316625400,4324347600
7,1687,241736114710400,2932900,4362980200,4370702400
7,1703,241736157713800,2780800,4405983600,4413705800
7,1719,241736200967400,3289200,4449237200,4456959400
7,1735,241736256363600,2933500,4504633400,4512355600
7,1751,241736303323100,3107300,4551592900,4559315100
7,1767,241736354747400,3204800,4603017200,4610739400
7,1783,241736397078600,3269000,4645348400,4653070600
7,1799,241736447958200,3167900,4696228000,4703950200
7,1815,241736497839900,3170500,4746109700,4753831900
7,1831,241736551152100,3371900,4799421900,4807144100
7,1847,241736605823800,3470500,4854093600,4861815800
7,1863,241736669340700,3352600,4917610500,4925332700
7,1879,241736715503900,2772600,4963773700,4971495900
7,1895,241736758727700,2842700,5006997500,5014719700
7,1911,241736806466600,2984300,5054736400,5062458600
7,1927,241736855094700,2807700,5103364500,5111086700
7,1943,241736899962700,2886500,5148232500,5155954700
7,1959,241736945989800,2312300,5194259600,5201981800
7,1975,241736989526000,2743400,5237795800,5245518000
7,1991,241737035882700,3059800,5284152500,5291874700
7,2007,241737086698300,2962500,5334968100,5342690300
7,2023,241737133694300,2538800,5381964100,5389686300
7,2039,241737180469900,2860800,5428739700,5436461900
8,8,241731921197400,2447200,169467200,177189400
8,24,241731958935100,2189100,207204900,214927100
8,40,241731995601000,2164400,243870800,251593000
8,56,241732030360500,2199500,278630300,286352500
8,72,241732065655000,2188400,313924800,321647000
8,88,241732100513900,2091400,348783700,356505900
8,104,241732135173100,2208600,383442900,391165100
8,120,241732171303500,2373300,419573300,427295500
8,136,241732226603000,2167900,474872800,482595000
8,152,241732262279400,2310500,510549200,518271400
8,168,241732298429900,2270100,546699700,554421900
8,184,241732335457300,2313900,583727100,591449300
8,200,241732371938500,2170100,620208300,627930500
8,216,241732405954200,2121000,654224000,661946200
8,232,241732440895600,2176200,689165400,696887600
8,248,241732475852000,2090300,724121800,731844000
8,264,241732530016900,2222400,778286700,786008900
8,280,241732564768100,2186100,813037900,820760100
8,296,241732599079600,2152000,847349400,855071600
8,312,241732640603200,2102800,888873000,896595200
8,328,241732675258900,2168500,923528700,931250900
8,344,241732710773900,2172900,959043700,966765900
8,360,241732746173600,2300700,994443400,1002165600
8,376,241732782220800,2245300,1030490600,1038212800
8,392,241732817937900,21918100,1066207700,1073929900
8,408,241732874220600,2287600,1122490400,1130212600
8,424,241732909347500,2075200,1157617300,1165339500
8,440,241732943386400,2141300,1191656200,1199378400
8,456,241732978145000,2174900,1226414800,1234137000
8,472,241733013115700,2179300,1261385500,1269107700
8,488,241733047683500,2297000,1295953300,1303675500
8,504,241733083218500,2063300,1331488300,1339210500
8,520,241733116730900,2078600,1365000700,1372722900
8,536,241733169448800,2120500,1417718600,1425440800
8,552,241733204394000,2136100,1452663800,1460386000
8,568,241733238076400,2096500,1486346200,1494068400
8,584,241733272549900,2089800,1520819700,1528541900
8,600,241733306373000,2173200,1554642800,1562365000
8,616,241733340838500,2179600,1589108300,1596830500
8,632,241733374889900,2126800,1623159700,1630881900
8,648,241733408615500,2074600,1656885300,1664607500
8,664,241733461313800,2101500,1709583600,1717305800
8,680,241733495888000,2178300,1744157800,1751880000
8,696,241733530600000,2160700,1778869800,1786592000
8,712,241733565194400,2124000,1813464200,1821186400
8,728,241733599337200,2145900,1847607000,1855329200
8,744,241733633082700,2097700,1881352500,1889074700
8,760,241733666791400,2112300,1915061200,1922783400
8,776,241733701762300,5470700,1950032100,1957754300
8,792,241733740892900,21687000,1989162700,1996884900
8,808,241733795639200,2223900,2043909000,2051631200
8,824,241733830277200,2178600,2078547000,2086269200
8,840,241733864535400,2126300,2112805200,2120527400
8,856,241733898681800,3107800,2146951600,2154673800
8,872,241733935865700,2100900,2184135500,2191857700
8,888,241733971103800,2171300,2219373600,2227095800
8,904,241734007284200,2156100,2255554000,2263276200
8,920,241734040939400,2103500,2289209200,2296931400
8,936,241734094762100,2309100,2343031900,2350754100
8,952,241734130111800,2111300,2378381600,2386103800
8,968,241734164022800,2104500,2412292600,2420014800
8,984,241734198449600,2194200,2446719400,2454441600
8,1000,241734233335300,2110000,2481605100,2489327300
8,1016,241734267339800,2125200,2515609600,2523331800
8,1032,241734301243100,2038200,2549512900,2557235100
8,1048,241734336665200,2159000,2584935000,2592657200
8,1064,241734377678700,2211300,2625948500,2633670700
8,1080,241734413607700,2167400,2661877500,2669599700
8,1096,241734449768000,2280300,2698037800,2705760000
8,1112,241734485571400,2203000,2733841200,2741563400
8,1128,241734520348300,2145100,2768618100,2776340300
8,1144,241734555045900,2411400,2803315700,2811037900
8,1160,241734590910000,2127600,2839179800,2846902000
8,1176,241734627352800,2265300,2875622600,2883344800
8,1192,241734662350500,2118000,2910620300,2918342500
8,1208,241734702586400,2153300,2950856200,2958578400
8,1224,241734737352700,2707400,2985622500,2993344700
8,1240,241734780247100,2817200,3028516900,3036239100
8,1256,241734831277700,2874000,3079547500,3087269700
8,1272,241734875896400,3018300,3124166200,3131888400
8,1288,241734925001200,2734700,3173271000,3180993200
8,1304,241734968694700,2940000,3216964500,3224686700
8,1320,241735012010700,2696800,3260280500,3268002700
8,1336,241735061961000,2772400,3310230800,3317953000
8,1352,241735106501100,2977400,3354770900,3362493100
8,1368,241735153894600,3037200,3402164400,3409886600
8,1384,241735199041600,2826700,3447311400,3455033600
8,1400,241735244576600,3053900,3492846400,3500568600
8,1416,241735296266600,2990300,3544536400,3552258600
8,1432,241735344370300,2734600,3592640100,3600362300
8,1448,241735389839700,2748300,3638109500,3645831700
8,1464,241735442027800,2975600,3690297600,3698019800
8,1480,241735489049900,2930400,3737319700,3745041900
8,1496,241735536101700,3053800,3784371500,3792093700
8,1512,241735589799500,3381700,3838069300,3845791500
8,1528,241735644433600,3117500,3892703400,3900425600
8,1544,241735693239500,3040100,3941509300,3949231500
8,1560,241735743992500,3211600,3992262300,3999984500
8,1576,241735788850600,3114800,4037120400,4044842600
8,1592,241735837014800,8881400,4085284600,4093006800
8,1608,241735887466100,2698400,4135735900,4143458100
8,1624,241735929960600,2629700,4178230400,4185952600
8,1640,241735979659200,2823300,4227929000,4235651200
8,1656,241736027414200,2916400,4275684000,4283406200
8,1672,241736071783900,2750000,4320053700,4327775900
8,1688,241736118390600,2762900,4366660400,4374382600
8,1704,241736161216200,2728300,4409486000,4417208200
8,1720,241736205097000,3374700,4453366800,4461089000
8,1736,241736260109500,3025800,4508379300,4516101500
8,1752,241736307101900,3271900,4555371700,4563093900
8,1768,241736358498200,2860700,4606768000,4614490200
8,1784,241736401073200,3061600,4649343000,4657065200
8,1800,241736451924400,3209800,4700194200,4707916400
8,1816,241736501803300,3256200,4750073100,4757795300
8,1832,241736555373400,3412400,4803643200,4811365400
8,1848,241736610215300,3379300,4858485100,4866207300
8,1864,241736673591100,3469900,4921860900,4929583100
8,1880,241736719117300,3007500,4967387100,4975109300
8,1896,241736762347000,2966700,5010616800,5018339000
8,1912,241736810297300,3014800,5058567100,5066289300
8,1928,241736858586900,2857500,5106856700,5114578900
8,1944,241736903515200,2757300,5151785000,5159507200
8,1960,241736948813700,2170300,5197083500,5204805700
8,1976,241736993297200,2787200,5241567000,5249289200
8,1992,241737040083100,8386000,5288352900,5296075100
8,2008,241737090848700,2940100,5339118500,5346840700
8,2024,241737137371000,2834600,5385640800,5393363000
8,2040,241737184376800,2772800,5432646600,5440368800
9,9,241731923818500,2340400,172088300,179810500
9,25,241731961269800,2598000,209539600,217261800
9,41,241731997942700,2179100,246212500,253934700
9,57,241732032792500,2223700,281062300,288784500
9,73,241732068194900,2162200,316464700,324186900
9,89,241732103018900,2117600,351288700,359010900
9,105,241732137849400,2169900,386119200,393841400
9,121,241732174088400,2315600,422358200,430080400
9,137,241732229067500,2233700,477337300,485059500
9,153,241732264889500,2258600,513159300,520881500
9,169,241732300888500,2234100,549158300,556880500
9,185,241732337875000,2259800,586144800,593867000
9,201,241732374308100,2158700,622577900,630300100
9,217,241732408306700,2199000,656576500,664298700
9,233,241732443308000,2190900,691577800,699300000
9,249,241732478138800,2073600,726408600,734130800
9,265,241732532742700,2133200,781012500,788734700
9,281,241732567493700,2148100,815763500,823485700
9,297,241732601774100,2169300,850043900,857766100
9,313,241732643247100,2056200,891516900,899239100
9,329,241732677994400,2119300,926264200,933986400
9,345,241732713493600,2224400,961763400,969485600
9,361,241732748824400,2231300,997094200,1004816400
9,377,241732784872600,2177200,1033142400,1040864600
9,393,241732840453200,2575200,1088723000,1096445200
9,409,241732876789500,2286300,1125059300,1132781500
9,425,241732911671500,2074800,1159941300,1167663500
9,441,241732945790200,2262200,1194060000,1201782200
9,457,241732980593100,2137800,1228862900,1236585100
9,473,241733015566100,2151200,1263835900,1271558100
9,489,241733049465300,2344800,1297735100,1305457300
9,505,241733084683900,2051300,1332953700,1340675900
9,521,241733118218500,2064400,1366488300,1374210500
9,537,241733170987500,2114400,1419257300,1426979500
9,553,241733205883400,2142500,1454153200,1461875400
9,569,241733239546700,2111000,1487816500,1495538700
9,585,241733273993300,2114000,1522263100,1529985300
9,601,241733307885200,2158100,1556155000,1563877200
9,617,241733342330200,2175100,1590600000,1598322200
9,633,241733376348200,2082900,1624618000,1632340200
9,649,241733410054800,2043100,1658324600,1666046800
9,665,241733462769100,2118400,1711038900,1718761100
9,681,241733497188700,2208200,1745458500,1753180700
9,697,241733531844300,2166200,1780114100,1787836300
9,713,241733566415400,2081200,1814685200,1822407400
9,729,241733600599000,2078700,1848868800,1856591000
9,745,241733634258100,2110400,1882527900,1890250100
9,761,241733667984500,2122600,1916254300,1923976500
9,777,241733704271100,4517800,1952540900,1960263100
9,793,241733741933200,21947200,1990203000,1997925200
9,809,241733796745200,2238200,2045015000,2052737200
9,825,241733831317800,2157000,2079587600,2087309800
9,841,241733865515600,2151700,2113785400,2121507600
9,857,241733899884600,2938400,2148154400,2155876600
9,873,241733936361500,2113000,2184631300,2192353500
9,889,241733971747400,2175100,2220017200,2227739400
9,905,241734007919000,2147600,2256188800,2263911000
9,921,241734041539500,2223700,2289809300,2297531500
9,937,241734095411500,2249100,2343681300,2351403500
9,953,241734130551900,2123500,2378821700,2386543900
9,969,241734164477700,2104800,2412747500,2420469700
9,985,241734198923800,2192900,2447193600,2454915800
9,1001,241734233781100,2106200,2482050900,2489773100
9,1017,241734267758400,2124400,2516028200,2523750400
9,1033,241734301626300,2011400,2549896100,2557618300
9,1049,241734337061000,2171800,2585330800,2593053000
9,1065,241734378102100,2212900,2626371900,2634094100
9,1081,241734414055500,2158700,2662325300,2670047500
9,1097,241734450134100,2291000,2698403900,2706126100
9,1113,241734486188900,2215200,2734458700,2742180900
9,1129,241734520968200,2163900,2769238000,2776960200
9,1145,241734555764900,2375100,2804034700,2811756900
9,1161,241734591504300,2125800,2839774100,2847496300
9,1177,241734627820900,2296200,2876090700,2883812900
9,1193,241734662753700,7625100,2911023500,2918745700
9,1209,241734703063200,2211400,2951333000,2959055200
9,1225,241734737923800,2586400,2986193600,2993915800
9,1241,241734780671400,2820300,3028941200,3036663400
9,1257,241734831715000,2856500,3079984800,3087707000
9,1273,241734876356400,3027400,3124626200,3132348400
9,1289,241734925483900,2721000,3173753700,3181475900
9,1305,241734969345300,2940800,3217615100,3225337300
9,1321,241735012581800,2709700,3260851600,3268573800
9,1337,241735062638800,2766800,3310908600,3318630800
9,1353,241735107147700,2991600,3355417500,3363139700
9,1369,241735154337900,3057200,3402607700,3410329900
9,1385,241735199451100,2818200,3447720900,3455443100
9,1401,241735245068600,3013200,3493338400,3501060600
9,1417,241735296692700,3068000,3544962500,3552684700
9,1433,241735344803300,2720800,3593073100,3600795300
9,1449,241735390253000,2678000,3638522800,3646245000
9,1465,241735442431500,2976100,3690701300,3698423500
9,1481,241735489450500,2929700,3737720300,3745442500
9,1497,241735536513300,3056500,3784783100,3792505300
9,1513,241735590193400,3400300,3838463200,3846185400
9,1529,241735644871300,3041900,3893141100,3900863300
9,1545,241735693587200,3040600,3941857000,3949579200
9,1561,241735744282100,3312900,3992551900,4000274100
9,1577,241735789190800,3118800,4037460600,4045182800
9,1593,241735837336800,9034000,4085606600,4093328800
9,1609,241735888002200,2694000,4136272000,4143994200
9,1625,241735930499500,2619300,4178769300,4186491500
9,1641,241735980197100,2838600,4228466900,4236189100
9,1657,241736026165500,3019500,4274435300,4282157500
9,1673,241736070665400,2735000,4318935200,4326657400
9,1689,241736117251300,2846500,4365521100,4373243300
9,1705,241736160122200,2729800,4408392000,4416114200
9,1721,241736203723400,3328600,4451993200,4459715400
9,1737,241736258814900,2941000,4507084700,4514806900
9,1753,241736305768500,3210000,4554038300,4561760500
9,1769,241736357325200,2859300,4605595000,4613317200
9,1785,241736399846600,3086700,4648116400,4655838600
9,1801,241736450608400,3171400,4698878200,4706600400
9,1817,241736500491300,3238700,4748761100,4756483300
9,1833,241736553889300,3479000,4802159100,4809881300
9,1849,241736608708000,3435600,4856977800,4864700000
9,1865,241736672105900,3343600,4920375700,4928097900
9,1881,241736717717100,3008800,4965986900,4973709100
9,1897,241736761082600,2799400,5009352400,5017074600
9,1913,241736808911200,3012300,5057181000,5064903200
9,1929,241736857337900,2836800,5105607700,5113329900
9,1945,241736902186300,2795100,5150456100,5158178300
9,1961,241736947760100,2180800,5196029900,5203752100
9,1977,241736991574700,2754900,5239844500,5247566700
9,1993,241737038196900,8474600,5286466700,5294188900
9,2009,241737088928500,2972900,5337198300,5344920500
9,2025,241737135626800,2648100,5383896600,5391618800
9,2041,241737182553100,2822000,5430822900,5438545100
10,10,241731926099100,2263200,174368900,182091100
10,26,241731963812000,2190100,212081800,219804000
10,42,241732000060200,2200000,248330000,256052200
10,58,241732034928400,2208200,283198200,290920400
10,74,241732070154000,2197000,318423800,326146000
10,90,241732104809300,2123100,353079100,360801300
10,106,241732139637700,2131700,387907500,395629700
10,122,241732175844500,2281200,424114300,431836500
10,138,241732230844400,2232300,479114200,486836400
10,154,241732266718900,2273200,514988700,522710900
10,170,241732302840800,2202700,551110600,558832800
10,186,241732339981600,2358600,588251400,595973600
10,202,241732376559000,2094400,624828800,632551000
10,218,241732410599200,2153500,658869000,666591200
10,234,241732445591800,2151600,693861600,701583800
10,250,241732480326900,2184200,728596700,736318900
10,266,241732534647400,2110000,782917200,790639400
10,282,241732569349800,2111500,817619600,825341800
10,298,241732603634400,2180700,851904200,859626400
10,314,241732645591300,2052400,893861100,901583300
10,330,241732680465300,2139500,928735100,936457300
10,346,241732715807400,2132300,964077200,971799400
10,362,241732751185500,2206400,999455300,1007177500
10,378,241732787156900,2251300,1035426700,1043148900
10,394,241732842996800,2472900,1091266600,1098988800
10,410,241732879205200,2208100,1127475000,1135197200
10,426,241732913861800,2141900,1162131600,1169853800
10,442,241732948177900,2181100,1196447700,1204169900
10,458,241732982961700,2183600,1231231500,1238953700
10,474,241733017953700,2322700,1266223500,1273945700
10,490,241733053218900,2365800,1301488700,1309210900
10,506,241733088003700,2073800,1336273500,1343995700
10,522,241733121509700,2070900,1369779500,1377501700
10,538,241733174350600,2100300,1422620400,1430342600
10,554,241733209385300,2110700,1457655100,1465377300
10,570,241733242926200,2095500,1491196000,1498918200
10,586,241733277618600,2126500,1525888400,1533610600
10,602,241733311625000,2184500,1559894800,1567617000
10,618,241733346052300,2136000,1594322100,1602044300
10,634,241733379803400,2133400,1628073200,1635795400
10,650,241733413554200,2104700,1661824000,1669546200
10,666,241733466192700,2116000,1714462500,1722184700
10,682,241733500968900,2170000,1749238700,1756960900
10,698,241733535622100,2151700,1783891900,1791614100
10,714,241733570054900,2062800,1818324700,1826046900
10,730,241733604293000,2088900,1852562800,1860285000
10,746,241733637933100,2118200,1886202900,1893925100
10,762,241733671696500,2091200,1919966300,1927688500
10,778,241733710590300,2224200,1958860100,1966582300
10,794,241733765706500,2250700,2013976300,2021698500
10,810,241733800834700,2169600,2049104500,2056826700
10,826,241733835252400,2107400,2083522200,2091244400
10,842,241733869419900,2097100,2117689700,2125411900
10,858,241733904902100,2381400,2153171900,2160894100
10,874,241733940312600,2103700,2188582400,2196304600
10,890,241733975681200,2115100,2223951000,2231673200
10,906,241734011760100,2094700,2260029900,2267752100
10,922,241734045426900,2069600,2293696700,2301418900
10,938,241734099473700,2100600,2347743500,2355465700
10,954,241734134614300,2137400,2382884100,2390606300
10,970,241734168494400,2276500,2416764200,2424486400
10,986,241734202997300,2088200,2451267100,2458989300
10,1002,241734237790500,2114900,2486060300,2493782500
10,1018,241734271732500,2156100,2520002300,2527724500
10,1034,241734305546300,2081300,2553816100,2561538300
10,1050,241734341204000,2147000,2589473800,2597196000
10,1066,241734382291200,2262400,2630561000,2638283200
10,1082,241734418204800,2295100,2666474600,2674196800
10,1098,241734454525500,2553400,2702795300,2710517500
10,1114,241734490464100,2184900,2738733900,2746456100
10,1130,241734525195700,2167700,2773465500,2781187700
10,1146,241734560297100,2316800,2808566900,2816289100
10,1162,241734595661600,2295700,2843931400,2851653600
10,1178,241734632268200,2244500,2880538000,2888260200
10,1194,241734672611700,2253800,2920881500,2928603700
10,1210,241734707440700,2138100,2955710500,2963432700
10,1226,241734742865300,2167500,2991135100,2998857300
10,1242,241734786483900,2811200,3034753700,3042475900
10,1258,241734837363200,2764500,3085633000,3093355200
10,1274,241734882502000,2997500,3130771800,3138494000
10,1290,241734930857000,2606100,3179126800,3186849000
10,1306,241734975413300,2676200,3223683100,3231405300
10,1322,241735017962200,2606700,3266232000,3273954200
10,1338,241735068046000,2779200,3316315800,3324038000
10,1354,241735113043600,3069400,3361313400,3369035600
10,1370,241735160284700,3007100,3408554500,3416276700
10,1386,241735204938200,2716100,3453208000,3460930200
10,1402,241735250956900,2932100,3499226700,3506948900
10,1418,241735302611800,3057900,3550881600,3558603800
10,1434,241735350286400,2683600,3598556200,3606278400
10,1450,241735395550100,2703300,3643819900,3651542100
10,1466,241735448379400,2945800,3696649200,3704371400
10,1482,241735495339700,2936200,3743609500,3751331700
10,1498,241735543709300,3815000,3791979100,3799701300
10,1514,241735597027100,3423600,3845296900,3853019100
10,1530,241735650932500,3120300,3899202300,3906924500
10,1546,241735699902100,3176000,3948171900,3955894100
10,1562,241735750434700,2845800,3998704500,4006426700
10,1578,241735795382800,3041500,4043652600,4051374800
10,1594,241735849471600,2907900,4097741400,4105463600
10,1610,241735893209700,2643800,4141479500,4149201700
10,1626,241735935597400,2879200,4183867200,4191589400
10,1642,241735985614300,2684900,4233884100,4241606300
10,1658,241736031321000,2645500,4279590800,4287313000
10,1674,241736075561800,2707300,4323831600,4331553800
10,1690,241736122217900,2763400,4370487700,4378209900
10,1706,241736164947100,2771300,4413216900,4420939100
10,1722,241736209601800,3060400,4457871600,4465593800
10,1738,241736264259200,3003400,4512529000,4520251200
10,1754,241736311465600,3291200,4559735400,4567457600
10,1770,241736362451500,2677500,4610721300,4618443500
10,1786,241736405241800,3190700,4653511600,4661233800
10,1802,241736456302700,3099000,4704572500,4712294700
10,1818,241736506166700,3268300,4754436500,4762158700
10,1834,241736559902800,3544200,4808172600,4815894800
10,1850,241736614724400,3435300,4862994200,4870716400
10,1866,241736678205600,3268400,4926475400,4934197600
10,1882,241736723155700,2859800,4971425500,4979147700
10,1898,241736766363500,3004500,5014633300,5022355500
10,1914,241736814937800,2741400,5063207600,5070929800
10,1930,241736862424000,2993600,5110693800,5118416000
10,1946,241736907282100,3032600,5155551900,5163274100
10,1962,241736951751600,3275500,5200021400,5207743600
10,1978,241736996718800,2782600,5244988600,5252710800
10,1994,241737049138800,2644800,5297408600,5305130800
10,2010,241737094448100,3012900,5342717900,5350440100
10,2026,241737140804600,2877300,5389074400,5396796600
10,2042,241737187719700,2882300,5435989500,5443711700
11,11,241731928331200,3229000,176601000,184323200
11,27,241731966051200,2492700,214321000,222043200
11,43,241732002460300,2163900,250730100,258452300
11,59,241732037366300,2226400,285636100,293358300
11,75,241732072527700,2089400,320797500,328519700
11,91,241732107185000,2146100,355454800,363177000
11,107,241732142027700,2204400,390297500,398019700
11,123,241732178559000,2231400,426828800,434551000
11,139,241732233541000,2215600,481810800,489533000
11,155,241732269490000,2300600,517759800,525482000
11,171,241732305478000,2250900,553747800,561470000
11,187,241732342659100,2204700,590928900,598651100
11,203,241732378624500,2106000,626894300,634616500
11,219,241732412723700,2147500,660993500,668715700
11,235,241732447712500,2175000,695982300,703704500
11,251,241732482452400,2492700,730722200,738444400
11,267,241732536620800,2088700,784890600,792612800
11,283,241732571315600,2166600,819585400,827307600
11,299,241732605734800,2166500,854004600,861726800
11,315,241732647028800,2086900,895298600,903020800
11,331,241732681911900,2160200,930181700,937903900
11,347,241732717379900,2245600,965649700,973371900
11,363,241732752693100,2268000,1000962900,1008685100
11,379,241732788759800,2236700,1037029600,1044751800
11,395,241732844842100,2476400,1093111900,1100834100
11,411,241732880902000,2330700,1129171800,1136894000
11,427,241732915488700,2109600,1163758500,1171480700
11,443,241732949782400,2161000,1198052200,1205774400
11,459,241732984623000,2129100,1232892800,1240615000
11,475,241733019690000,2222400,1267959800,1275682000
11,491,241733054322000,2522900,1302591800,1310314000
11,507,241733089062400,2061600,1337332200,1345054400
11,523,241733122570400,2047500,1370840200,1378562400
11,539,241733175471900,2161400,1423741700,1431463900
11,555,241733210305700,2082600,1458575500,1466297700
11,571,241733243848500,2100500,1492118300,1499840500
11,587,241733278469200,2123900,1526739000,1534461200
11,603,241733312473300,2152200,1560743100,1568465300
11,619,241733346884600,2122300,1595154400,1602876600
11,635,241733380787100,2115300,1629056900,1636779100
11,651,241733414507800,2122000,1662777600,1670499800
11,667,241733467196200,2132000,1715466000,1723188200
11,683,241733502328000,2123000,1750597800,1758320000
11,699,241733536948600,2185400,1785218400,1792940600
11,715,241733571324100,2136800,1819593900,1827316100
11,731,241733605582200,2093400,1853852000,1861574200
11,747,241733639254200,2111000,1887524000,1895246200
11,763,241733673002200,2117900,1921272000,1928994200
11,779,241733711842900,2224200,1960112700,1967834900
11,795,241733767072900,2179500,2015342700,2023064900
11,811,241733802117100,2171600,2050386900,2058109100
11,827,241733836498500,2186700,2084768300,2092490500
11,843,241733870674600,2106200,2118944400,2126666600
11,859,241733905707100,2225100,2153976900,2161699100
11,875,241733940936100,2116700,2189205900,2196928100
11,891,241733976325500,2116200,2224595300,2232317500
11,907,241734012388600,2084800,2260658400,2268380600
11,923,241734046010300,2107400,2294280100,2302002300
11,939,241734100047500,2132700,2348317300,2356039500
11,955,241734135266300,2142800,2383536100,2391258300
11,971,241734169155100,2291400,2417424900,2425147100
11,987,241734203761200,2223900,2452031000,2459753200
11,1003,241734238665200,2144100,2486935000,2494657200
11,1019,241734272630600,2156500,2520900400,2528622600
11,1035,241734306327000,2152600,2554596800,2562319000
11,1051,241734342013300,2154300,2590283100,2598005300
11,1067,241734383090100,2285400,2631359900,2639082100
11,1083,241734419214900,2240400,2667484700,2675206900
11,1099,241734455458500,2446700,2703728300,2711450500
11,1115,241734491258500,2199700,2739528300,2747250500
11,1131,241734526024600,2144000,2774294400,2782016600
11,1147,241734561261900,2339500,2809531700,2817253900
11,1163,241734596702700,2339900,2844972500,2852694700
11,1179,241734633166600,2203400,2881436400,2889158600
11,1195,241734673579900,2110300,2921849700,2929571900
11,1211,241734708268800,2158300,2956538600,2964260800
11,1227,241734743648300,2169900,2991918100,2999640300
11,1243,241734787527700,2830100,3035797500,3043519700
11,1259,241734838448800,2734400,3086718600,3094440800
11,1275,241734883684500,2986200,3131954300,3139676500
11,1291,241734931842100,2647400,3180111900,3187834100
11,1307,241734976390900,2763300,3224660700,3232382900
11,1323,241735018924100,2707800,3267193900,3274916100
11,1339,241735069064000,2780400,3317333800,3325056000
11,1355,241735114120800,2994700,3362390600,3370112800
11,1371,241735161384900,2994900,3409654700,3417376900
11,1387,241735205904400,2707800,3454174200,3461896400
11,1403,241735251993300,2896800,3500263100,3507985300
11,1419,241735303439500,3052600,3551709300,3559431500
11,1435,241735350994400,2707600,3599264200,3606986400
11,1451,241735396339500,2683700,3644609300,3652331500
11,1467,241735449224700,2911700,3697494500,3705216700
11,1483,241735496150100,2945700,3744419900,3752142100
11,1499,241735544477300,3853100,3792747100,3800469300
11,1515,241735597952000,3374600,3846221800,3853944000
11,1531,241735651809600,3061600,3900079400,3907801600
11,1547,241735700649700,3336800,3948919500,3956641700
11,1563,241735751124600,2831900,3999394400,4007116600
11,1579,241735796164100,3027800,4044433900,4052156100
11,1595,241735850159500,2912800,4098429300,4106151500
11,1611,241735893825900,2638800,4142095700,4149817900
11,1627,241735936197500,2944400,4184467300,4192189500
11,1643,241735986236600,2696300,4234506400,4242228600
11,1659,241736031179100,2632000,4279448900,4287171100
11,1675,241736075405600,2697200,4323675400,4331397600
11,1691,241736122079200,2755700,4370349000,4378071200
11,1707,241736164802300,2772300,4413072100,4420794300
11,1723,241736209507400,3060400,4457777200,4465499400
11,1739,241736264180700,2993700,4512450500,4520172700
11,1755,241736311416100,3292200,4559685900,4567408100
11,1771,241736362402100,2673100,4610671900,4618394100
11,1787,241736405199500,3185600,4653469300,4661191500
11,1803,241736456261700,3098700,4704531500,4712253700
11,1819,241736506120900,3268600,4754390700,4762112900
11,1835,241736559814200,3533500,4808084000,4815806200
11,1851,241736614596900,3421200,4862866700,4870588900
11,1867,241736678064800,3278800,4926334600,4934056800
11,1883,241736723070000,2831200,4971339800,4979062000
11,1899,241736766236600,3003600,5014506400,5022228600
11,1915,241736814738200,2806600,5063008000,5070730200
11,1931,241736862291700,2995400,5110561500,5118283700
11,1947,241736907156400,3023800,5155426200,5163148400
11,1963,241736951664600,2648900,5199934400,5207656600
11,1979,241736996297300,2775500,5244567100,5252289300
11,1995,241737048682500,2708000,5296952300,5304674500
11,2011,241737093993300,2973400,5342263100,5349985300
11,2027,241737140426400,2931800,5388696200,5396418400
11,2043,241737187384800,2837300,5435654600,5443376800
12,12,241731931839600,2414500,180109400,187831600
12,28,241731968515300,2393000,216785100,224507300
12,44,241732004593500,2127400,252863300,260585500
12,60,241732039625600,2180300,287895400,295617600
12,76,241732074708800,2214800,322978600,330700800
12,92,241732109363900,2157900,357633700,365355900
12,108,241732144297900,2104500,392567700,400289900
12,124,241732180860800,2312900,429130600,436852800
12,140,241732235670800,2191200,483940600,491662800
12,156,241732271472800,2506500,519742600,527464800
12,172,241732307604400,2289000,555874200,563596400
12,188,241732344743900,2337000,593013700,600735900
12,204,241732380700900,2076000,628970700,636692900
12,220,241732414843600,2177000,663113400,670835600
12,236,241732449857900,2181600,698127700,705849900
12,252,241732485011800,2406200,733281600,741003800
12,268,241732538964900,2095800,787234700,794956900
12,284,241732573674700,2066200,821944500,829666700
12,300,241732608060900,2113300,856330700,864052900
12,316,241732649548600,2078800,897818400,905540600
12,332,241732684546900,2146200,932816700,940538900
12,348,241732720158200,2256000,968428000,976150200
12,364,241732755568400,2276300,1003838200,1011560400
12,380,241732791398300,2186500,1039668100,1047390300
12,396,241732847690000,2254700,1095959800,1103682000
12,412,241732883659300,2225000,1131929100,1139651300
12,428,241732917991600,2114800,1166261400,1173983600
12,444,241732952357200,2187200,1200627000,1208349200
12,460,241732987121200,2281700,1235391000,1243113200
12,476,241733022280200,2108200,1270550000,1278272200
12,492,241733057814500,2241500,1306084300,1313806500
12,508,241733091977900,2060700,1340247700,1347969900
12,524,241733125486300,2074900,1373756100,1381478300
12,540,241733178583600,2297200,1426853400,1434575600
12,556,241733213419500,2099400,1461689300,1469411500
12,572,241733246973100,2090600,1495242900,1502965100
12,588,241733281417300,2096800,1529687100,1537409300
12,604,241733315451800,2147500,1563721600,1571443800
12,620,241733349857500,2130400,1598127300,1605849500
12,636,241733383745900,2115500,1632015700,1639737900
12,652,241733417461700,2086600,1665731500,1673453700
12,668,241733470243900,2096900,1718513700,1726235900
12,684,241733505131700,2131400,1753401500,1761123700
12,700,241733539836900,2107600,1788106700,1795828900
12,716,241733574121400,2092000,1822391200,1830113400
12,732,241733608326100,2093600,1856595900,1864318100
12,748,241733642017500,2122300,1890287300,1898009500
12,764,241733675783000,2110000,1924052800,1931775000
12,780,241733714884100,2099300,1963153900,1970876100
12,796,241733770127900,2120100,2018397700,2026119900
12,812,241733805164700,2175800,2053434500,2061156700
12,828,241733839481900,2068000,2087751700,2095473900
12,844,241733873531800,2114100,2121801600,2129523800
12,860,241733909278000,2274000,2157547800,2165270000
12,876,241733944292600,2111300,2192562400,2200284600
12,892,241733979710500,2351200,2227980300,2235702500
12,908,241734015589300,2079700,2263859100,2271581300
12,924,241734049236900,2078800,2297506700,2305228900
12,940,241734103201200,2372300,2351471000,2359193200
12,956,241734138393200,2119800,2386663000,2394385200
12,972,241734172450500,2064800,2420720300,2428442500
12,988,241734206963000,2258400,2455232800,2462955000
12,1004,241734241650400,2116800,2489920200,2497642400
12,1020,241734275635800,2112000,2523905600,2531627800
12,1036,241734309579700,2359200,2557849500,2565571700
12,1052,241734345056000,2196800,2593325800,2601048000
12,1068,241734386349700,2098300,2634619500,2642341700
12,1084,241734422346900,2178900,2670616700,2678338900
12,1100,241734458920100,2226900,2707189900,2714912100
12,1116,241734494374200,2136700,2742644000,2750366200
12,1132,241734529037800,2148400,2777307600,2785029800
12,1148,241734564531900,2255200,2812801700,2820523900
12,1164,241734599964700,2222100,2848234500,2855956700
12,1180,241734636225500,2206500,2884495300,2892217500
12,1196,241734676544900,2144700,2924814700,2932536900
12,1212,241734711335200,2108900,2959605000,2967327200
12,1228,241734746922200,2161700,2995192000,3002914200
12,1244,241734791899500,2895200,3040169300,3047891500
12,1260,241734842534600,2741400,3090804400,3098526600
12,1276,241734888103300,3040600,3136373100,3144095300
12,1292,241734935761000,2539300,3184030800,3191753000
12,1308,241734980571500,2580500,3228841300,3236563500
12,1324,241735022970900,2869500,3271240700,3278962900
12,1340,241735073232200,2671100,3321502000,3329224200
12,1356,241735118425100,2954100,3366694900,3374417100
12,1372,241735165816000,2990400,3414085800,3421808000
12,1388,241735210047600,2861300,3458317400,3466039600
12,1404,241735256428300,2921100,3504698100,3512420300
12,1420,241735308318500,2971500,3556588300,3564310500
12,1436,241735355316800,2733700,3603586600,3611308800
12,1452,241735400793000,2861800,3649062800,3656785000
12,1468,241735454009300,2891400,3702279100,3710001300
12,1484,241735500963200,2938600,3749233000,3756955200
12,1500,241735550306900,2834900,3798576700,3806298900
12,1516,241735603564800,3572000,3851834600,3859556800
12,1532,241735656748500,2926400,3905018300,3912740500
12,1548,241735705966600,2957000,3954236400,3961958600
12,1564,241735755879900,2881400,4004149700,4011871900
12,1580,241735801161400,3092700,4049431200,4057153400
12,1596,241735854851800,3022500,4103121600,4110843800
12,1612,241735898037200,2634300,4146307000,4154029200
12,1628,241735940785800,2764400,4189055600,4196777800
12,1644,241735990595600,2713900,4238865400,4246587600
12,1660,241736038631700,2707700,4286901500,4294623700
12,1676,241736083200300,3002200,4331470100,4339192300
12,1692,241736129722500,2609200,4377992300,4385714500
12,1708,241736172347200,2724900,4420617000,4428339200
12,1724,241736217956500,3073800,4466226300,4473948500
12,1740,241736272713900,2913300,4520983700,4528705900
12,1756,241736320465800,3270100,4568735600,4576457800
12,1772,241736369339400,2679000,4617609200,4625331400
12,1788,241736414298900,3231200,4662568700,4670290900
12,1804,241736464930800,3174700,4713200600,4720922800
12,1820,241736515193400,3336300,4763463200,4771185400
12,1836,241736569749700,3325600,4818019500,4825741700
12,1852,241736624369500,3421600,4872639300,4880361500
12,1868,241736686988300,2653900,4935258100,4942980300
12,1884,241736730771200,2530100,4979041000,4986763200
12,1900,241736774775200,3051400,5023045000,5030767200
12,1916,241736823061400,3034800,5071331200,5079053400
12,1932,241736870490200,2809800,5118760000,5126482200
12,1948,241736915640800,2928900,5163910600,5171632800
12,1964,241736960386100,2754700,5208655900,5216378100
12,1980,241737004811800,3062600,5253081600,5260803800
12,1996,241737057232900,2755600,5305502700,5313224900
12,2012,241737103080100,2734200,5351349900,5359072100
12,2028,241737149443900,2950100,5397713700,5405435900
12,2044,241737196426800,3734600,5444696600,5452418800
13,13,241731934076100,2271100,182345900,190068100
13,29,241731970795600,2408900,219065400,226787600
13,45,241732006640600,2167100,254910400,262632600
13,61,241732041753000,2161400,290022800,297745000
13,77,241732076772100,2168000,325041900,332764100
13,93,241732111417600,2156000,359687400,367409600
13,109,241732146316000,2170800,394585800,402308000
13,125,241732183058300,2279100,431328100,439050300
13,141,241732237802000,2246000,486071800,493794000
13,157,241732273822400,2428500,522092200,529814400
13,173,241732309501100,2272800,557770900,565493100
13,189,241732346844300,2441200,595114100,602836300
13,205,241732382499900,2101600,630769700,638491900
13,221,241732416742700,2176000,665012500,672734700
13,237,241732451747300,2139800,700017100,707739300
13,253,241732487035600,2154000,735305400,743027600
13,269,241732540845200,2086400,789115000,796837200
13,285,241732575609200,2089800,823879000,831601200
13,301,241732610121300,2132900,858391100,866113300
13,317,241732651686300,2114000,899956100,907678300
13,333,241732686781100,2203400,935050900,942773100
13,349,241732722582800,2177900,970852600,978574800
13,365,241732758253200,2352800,1006523000,1014245200
13,381,241732793999100,2201200,1042268900,1049991100
13,397,241732850404600,2231400,1098674400,1106396600
13,413,241732886102000,2168800,1134371800,1142094000
13,429,241732920315200,2097300,1168585000,1176307200
13,445,241732954806300,2192300,1203076100,1210798300
13,461,241732989541800,2197900,1237811600,1245533800
13,477,241733024455300,2184900,1272725100,1280447300
13,493,241733060122100,2235400,1308391900,1316114100
13,509,241733094099200,2073700,1342369000,1350091200
13,525,241733127593600,20660900,1375863400,1383585600
13,541,241733180912200,2313100,1429182000,1436904200
13,557,241733215549300,2089100,1463819100,1471541300
13,573,241733249096000,2122600,1497365800,1505088000
13,589,241733283572800,2103500,1531842600,1539564800
13,605,241733317799500,2358700,1566069300,1573791500
13,621,241733352173300,2116700,1600443100,1608165300
13,637,241733386041100,2122500,1634310900,1642033100
13,653,241733419744700,2078800,1668014500,1675736700
13,669,241733472433200,2099000,1720703000,1728425200
13,685,241733507350000,2106700,1755619800,1763342000
13,701,241733542028500,2111500,1790298300,1798020500
13,717,241733576336500,2136700,1824606300,1832328500
13,733,241733610507600,2112400,1858777400,1866499600
13,749,241733644226800,2089500,1892496600,1900218800
13,765,241733677981800,2090800,1926251600,1933973800
13,781,241733717183300,2209200,1965453100,1973175300
13,797,241733772415300,2097400,2020685100,2028407300
13,813,241733807523400,2120600,2055793200,2063515400
13,829,241733841669300,2145400,2089939100,2097661300
13,845,241733875850000,2105400,2124119800,2131842000
13,861,241733911728400,2250400,2159998200,2167720400
13,877,241733946588300,2135300,2194858100,2202580300
13,893,241733982153700,2254300,2230423500,2238145700
13,909,241734017760200,2067700,2266030000,2273752200
13,925,241734051404100,2077900,2299673900,2307396100
13,941,241734105915500,2514700,2354185300,2361907500
13,957,241734140770000,2093000,2389039800,2396762000
13,973,241734174731200,2145000,2423001000,2430723200
13,989,241734209526900,2155000,2457796700,2465518900
13,1005,241734244048800,2191600,2492318600,2500040800
13,1021,241734278030900,2149200,2526300700,2534022900
13,1037,241734312084900,2388500,2560354700,2568076900
13,1053,241734347835100,2092200,2596104900,2603827100
13,1069,241734389046700,2451900,2637316500,2645038700
13,1085,241734425104400,2202400,2673374200,2681096400
13,1101,241734461631900,2188100,2709901700,2717623900
13,1117,241734496893700,2123700,2745163500,2752885700
13,1133,241734531568900,2138200,2779838700,2787560900
13,1149,241734567249700,2301600,2815519500,2823241700
13,1165,241734602616300,2265900,2850886100,2858608300
13,1181,241734638876200,2226700,2887146000,2894868200
13,1197,241734679086600,2119100,2927356400,2935078600
13,1213,241734713787200,2143800,2962057000,2969779200
13,1229,241734749308100,2116400,2997577900,3005300100
13,1245,241734795138300,2953900,3043408100,3051130300
13,1261,241734845583500,2759900,3093853300,3101575500
13,1277,241734891463600,3018700,3139733400,3147455600
13,1293,241734938543500,2620100,3186813300,3194535500
13,1309,241734983397800,2593800,3231667600,3239389800
13,1325,241735026144300,2822200,3274414100,3282136300
13,1341,241735076127800,2727400,3324397600,3332119800
13,1357,241735121646200,2873500,3369916000,3377638200
13,1373,241735169092400,2764900,3417362200,3425084400
13,1389,241735213083100,2717400,3461352900,3469075100
13,1405,241735259553700,2934100,3507823500,3515545700
13,1421,241735311470100,3087400,3559739900,3567462100
13,1437,241735358195800,2678700,3606465600,3614187800
13,1453,241735404065100,2932800,3652334900,3660057100
13,1469,241735457219900,2922400,3705489700,3713211900
13,1485,241735504235600,2884100,3752505400,3760227600
13,1501,241735553462400,2855900,3801732200,3809454400
13,1517,241735607490800,3364100,3855760600,3863482800
13,1533,241735660101600,2948900,3908371400,3916093600
13,1549,241735709335700,2879400,3957605500,3965327700
13,1565,241735759241500,2649900,4007511300,4015233500
13,1581,241735804791400,3071400,4053061200,4060783400
13,1597,241735858677300,2850400,4106947100,4114669300
13,1613,241735901422600,2614000,4149692400,4157414600
13,1629,241735944272400,4756400,4192542200,4200264400
13,1645,241735994068500,2836600,4242338300,4250060500
13,1661,241736040083600,2649400,4288353400,4296075600
13,1677,241736084831000,3007700,4333100800,4340823000
13,1693,241736131160700,2604800,4379430500,4387152700
13,1709,241736173921100,2483100,4422190900,4429913100
13,1725,241736219488700,8937800,4467758500,4475480700
13,1741,241736274185700,2924500,4522455500,4530177700
13,1757,241736322239100,3219800,4570508900,4578231100
13,1773,241736370717800,2892400,4618987600,4626709800
13,1789,241736416081700,3232800,4664351500,4672073700
13,1805,241736466564100,3121300,4714833900,4722556100
13,1821,241736516924300,3818300,4765194100,4772916300
13,1837,241736571463100,3347200,4819732900,4827455100
13,1853,241736626016100,3417000,4874285900,4882008100
13,1869,241736688203100,2655400,4936472900,4944195100
13,1885,241736731941800,2591500,4980211600,4987933800
13,1901,241736776180600,3015800,5024450400,5032172600
13,1917,241736824431200,3044500,5072701000,5080423200
13,1933,241736871864100,2789500,5120133900,5127856100
13,1949,241736917040000,2852800,5165309800,5173032000
13,1965,241736961235600,2765000,5209505400,5217227600
13,1981,241737005579800,3027600,5253849600,5261571800
13,1997,241737057992300,2778500,5306262100,5313984300
13,2013,241737103980100,2714700,5352249900,5359972100
13,2029,241737150564600,2907600,5398834400,5406556600
13,2045,241737197955700,3594400,5446225500,5453947700
14,14,241731936408600,2285000,184678400,192400600
14,30,241731973240400,2242600,221510200,229232400
14,46,241732008844400,2180900,257114200,264836400
14,62,241732043853200,2222400,292123000,299845200
14,78,241732078908800,2195800,327178600,334900800
14,94,241732113509800,2164300,361779600,369501800
14,110,241732148429600,2118500,396699400,404421600
14,126,241732185194800,2194300,433464600,441186800
14,142,241732239812500,2239700,488082300,495804500
14,158,241732276349800,2468100,524619600,532341800
14,174,241732312008900,2596500,560278700,568000900
14,190,241732349322700,2365600,597592500,605314700
14,206,241732384693600,2181700,632963400,640685600
14,222,241732419011800,2272400,667281600,675003800
14,238,241732453982600,2200900,702252400,709974600
14,254,241732489278700,2200100,737548500,745270700
14,270,241732542966800,2183300,791236600,798958800
14,286,241732577673200,2081000,825943000,833665200
14,302,241732612179700,3965700,860449500,868171700
14,318,241732653501000,2179200,901770800,909493000
14,334,241732688631400,2276200,936901200,944623400
14,350,241732724367600,2167600,972637400,980359600
14,366,241732760175700,2282000,1008445500,1016167700
14,382,241732795764700,2233700,1044034500,1051756700
14,398,241732852199800,2077000,1100469600,1108191800
14,414,241732887902600,2222000,1136172400,1143894600
14,430,241732922038100,2160000,1170307900,1178030100
14,446,241732956618900,2102600,1204888700,1212610900
14,462,241732991455900,2172500,1239725700,1247447900
14,478,241733026271300,2140000,1274541100,1282263300
14,494,241733062268800,2208300,1310538600,1318260800
14,510,241733096066600,2261000,1344336400,1352058600
14,526,241733148192800,2367100,1396462600,1404184800
14,542,241733183138500,2195200,1431408300,1439130500
14,558,241733217558200,2099400,1465828000,1473550200
14,574,241733251128700,2116000,1499398500,1507120700
14,590,241733285708300,2157200,1533978100,1541700300
14,606,241733320029300,2146200,1568299100,1576021300
14,622,241733354134800,2165800,1602404600,1610126800
14,638,241733388023100,2122100,1636292900,1644015100
14,654,241733421662100,2073700,1669931900,1677654100
14,670,241733474366200,2105600,1722636000,1730358200
14,686,241733509427600,2086900,1757697400,1765419600
14,702,241733544223600,2101900,1792493400,1800215600
14,718,241733578558400,2104100,1826828200,1834550400
14,734,241733612877400,2058700,1861147200,1868869400
14,750,241733646548300,2103600,1894818100,1902540300
14,766,241733680308200,2085500,1928578000,1936300200
14,782,241733719456100,2183000,1967725900,1975448100
14,798,241733774572700,2285900,2022842500,2030564700
14,814,241733809676600,2127900,2057946400,2065668600
14,830,241733843962500,2116400,2092232300,2099954500
14,846,241733878046600,2122000,2126316400,2134038600
14,862,241733914130100,2235800,2162399900,2170122100
14,878,241733948870600,2358400,2197140400,2204862600
14,894,241733984900200,2354100,2233170000,2240892200
14,910,241734020486300,2099000,2268756100,2276478300
14,926,241734073300900,2452600,2321570700,2329292900
14,942,241734109100100,2235300,2357369900,2365092100
14,958,241734143469600,2119400,2391739400,2399461600
14,974,241734177520200,2119700,2425790000,2433512200
14,990,241734212324100,2113900,2460593900,2468316100
14,1006,241734246932300,2148300,2495202100,2502924300
14,1022,241734280860100,2124700,2529129900,2536852100
14,1038,241734314978200,2275100,2563248000,2570970200
14,1054,241734350308000,2189600,2598577800,2606300000
14,1070,241734391934100,2272300,2640203900,2647926100
14,1086,241734427596200,2138600,2675866000,2683588200
14,1102,241734464357000,2250500,2712626800,2720349000
14,1118,241734499689900,2163700,2747959700,2755681900
14,1134,241734534332100,2129000,2782601900,2790324100
14,1150,241734570134100,2250100,2818403900,2826126100
14,1166,241734605630800,2208100,2853900600,2861622800
14,1182,241734641847600,2208000,2890117400,2897839600
14,1198,241734681896800,2141800,2930166600,2937888800
14,1214,241734716647800,2178700,2964917600,2972639800
14,1230,241734752155900,3075500,3000425700,3008147900
14,1246,241734799038300,2933300,3047308100,3055030300
14,1262,241734849309000,2831100,3097578800,3105301000
14,1278,241734895452700,3445700,3143722500,3151444700
14,1294,241734942078900,2901400,3190348700,3198070900
14,1310,241734986833900,2576400,3235103700,3242825900
14,1326,241735030019800,8514400,3278289600,3286011800
14,1342,241735079868700,2704700,3328138500,3335860700
14,1358,241735125638500,3049600,3373908300,3381630500
14,1374,241735172828700,2770600,3421098500,3428820700
14,1390,241735216782400,2700700,3465052200,3472774400
14,1406,241735263650200,2938400,3511920000,3519642200
14,1422,241735315404100,3261000,3563673900,3571396100
14,1438,241735361543400,2809000,3609813200,3617535400
14,1454,241735407496000,2938500,3655765800,3663488000
14,1470,241735460634600,2895400,3708904400,3716626600
14,1486,241735507609700,2932500,3755879500,3763601700
14,1502,241735556829800,3339800,3805099600,3812821800
14,1518,241735611422100,3520700,3859691900,3867414100
14,1534,241735663712100,2966100,3911981900,3919704100
14,1550,241735712861100,3154800,3961130900,3968853100
14,1566,241735762385200,2786500,4010655000,4018377200
14,1582,241735808460000,3094200,4056729800,4064452000
14,1598,241735862027400,2768300,4110297200,4118019400
14,1614,241735904427700,2674800,4152697500,4160419700
14,1630,241735950392300,3995500,4198662100,4206384300
14,1646,241735997364500,3113800,4245634300,4253356500
14,1662,241736041496300,2572300,4289766100,4297488300
14,1678,241736086421300,2986300,4334691100,4342413300
14,1694,241736132481800,2624500,4380751600,4388473800
14,1710,241736175196400,3365000,4423466200,4431188400
14,1726,241736221118000,8923600,4469387800,4477110000
14,1742,241736275712200,2938100,4523982000,4531704200
14,1758,241736323931500,3263400,4572201300,4579923500
14,1774,241736372214900,2660700,4620484700,4628206900
14,1790,241736417704000,3306500,4665973800,4673696000
14,1806,241736468270600,2970400,4716540400,4724262600
14,1822,241736518705700,3782600,4766975500,4774697700
14,1838,241736573262000,3345900,4821531800,4829254000
14,1854,241736627841500,3349800,4876111300,4883833500
14,1870,241736689683600,2713300,4937953400,4945675600
14,1886,241736733346400,2578000,4981616200,4989338400
14,1902,241736777878700,2999700,5026148500,5033870700
14,1918,241736826199700,3020500,5074469500,5082191700
14,1934,241736873383300,2757000,5121653100,5129375300
14,1950,241736918655900,2835700,5166925700,5174647900
14,1966,241736962301800,2822300,5210571600,5218293800
14,1982,241737006734100,3134700,5255003900,5262726100
14,1998,241737059126500,2800900,5307396300,5315118500
14,2014,241737105027200,2700800,5353297000,5361019200
14,2030,241737151471700,2874700,5399741500,5407463700
14,2046,241737199019000,3533000,5447288800,5455011000
15,15,241731938731200,2247400,187001000,194723200
15,31,241731975633300,2319800,223903100,231625300
15,47,241732011208300,2166500,259478100,267200300
15,63,241732046307900,2225800,294577700,302299900
15,79,241732081338200,2166500,329608000,337330200
15,95,241732116012500,2107700,364282300,372004500
15,111,241732150899700,2373700,399169500,406891700
15,127,241732187900800,21117900,436170600,443892800
15,143,241732242567500,2060800,490837300,498559500
15,159,241732279293000,2221400,527562800,535285000
15,175,241732315124800,2382500,563394600,571116800
15,191,241732352291100,2204400,600560900,608283100
15,207,241732387362500,2159100,635632300,643354500
15,223,241732421791700,2123100,670061500,677783700
15,239,241732456684800,2149100,704954600,712676800
15,255,241732492040300,2166900,740310100,748032300
15,271,241732545566000,2216500,793835800,801558000
15,287,241732580090300,2126400,828360100,836082300
15,303,241732615423200,5557900,863693000,871415200
15,319,241732655369600,2268500,903639400,911361600
15,335,241732690608800,2237600,938878600,946600800
15,351,241732726116300,2116300,974386100,982108300
15,367,241732761927100,2279800,1010196900,1017919100
15,383,241732797523200,2205200,1045793000,1053515200
15,399,241732854040900,1977800,1102310700,1110032900
15,415,241732889645500,2278300,1137915300,1145637500
15,431,241732923756800,2073100,1172026600,1179748800
15,447,241732958200100,2109700,1206469900,1214192100
15,463,241732993172900,2188700,1241442700,1249164900
15,479,241733027940300,2155900,1276210100,1283932300
15,495,241733063941300,2242500,1312211100,1319933300
15,511,241733097704000,2265600,1345973800,1353696000
15,527,241733150037800,2125300,1398307600,1406029800
15,543,241733184670400,2176200,1432940200,1440662400
15,559,241733219000700,2092200,1467270500,1474992700
15,575,241733252589700,2061800,1500859500,1508581700
15,591,241733287130700,2207800,1535400500,1543122700
15,607,241733321492400,2105300,1569762200,1577484400
15,623,241733355642900,2126800,1603912700,1611634900
15,639,241733389497000,2091000,1637766800,1645489000
15,655,241733423081200,2119600,1671351000,1679073200
15,671,241733475795000,2210800,1724064800,1731787000
15,687,241733510601400,2121400,1758871200,1766593400
15,703,241733545324300,2095700,1793594100,1801316300
15,719,241733579658300,2109300,1827928100,1835650300
15,735,241733613801700,2143500,1862071500,1869793700
15,751,241733647514200,2122900,1895784000,1903506200
15,767,241733681262400,2108600,1929532200,1937254400
15,783,241733720422200,2181500,1968692000,1976414200
15,799,241733775566800,2214700,2023836600,2031558800
15,815,241733810723500,2124200,2058993300,2066715500
15,831,241733844990900,2134000,2093260700,2100982900
15,847,241733879097900,2085600,2127367700,2135089900
15,863,241733914610900,2228500,2162880700,2170602900
15,879,241733949381200,2284900,2197651000,2205373200
15,895,241733985017500,2269300,2233287300,2241009500
15,911,241734020403300,2098300,2268673100,2276395300
15,927,241734073228400,2435700,2321498200,2329220400
15,943,241734109039800,2234000,2357309600,2365031800
15,959,241734143412400,2109600,2391682200,2399404400
15,975,241734177466600,2113100,2425736400,2433458600
15,991,241734212144300,2122600,2460414100,2468136300
15,1007,241734246680600,2128200,2494950400,2502672600
15,1023,241734280607500,2122900,2528877300,2536599500
15,1039,241734314809000,2267600,2563078800,2570801000
15,1055,241734350162300,2169400,2598432100,2606154300
15,1071,241734391840200,2273700,2640110000,2647832200
15,1087,241734427538300,2133300,2675808100,2683530300
15,1103,241734464024900,2248000,2712294700,2720016900
15,1119,241734499199800,2167900,2747469600,2755191800
15,1135,241734533880300,2111400,2782150100,2789872300
15,1151,241734569588000,2261100,2817857800,2825580000
15,1167,241734605098200,2230700,2853368000,2861090200
15,1183,241734641484600,2243100,2889754400,2897476600
15,1199,241734681581600,2133600,2929851400,2937573600
15,1215,241734716323800,2196600,2964593600,2972315800
15,1231,241734751796500,2974100,3000066300,3007788500
15,1247,241734798617700,2937900,3046887500,3054609700
15,1263,241734848700200,2904500,3096970000,3104692200
15,1279,241734894862800,3060200,3143132600,3150854800
15,1295,241734941564200,2821900,3189834000,3197556200
15,1311,241734986337000,2568200,3234606800,3242329000
15,1327,241735029431300,8571300,3277701100,3285423300
15,1343,241735079320700,2694800,3327590500,3335312700
15,1359,241735124978900,3014900,3373248700,3380970900
15,1375,241735172190900,2747900,3420460700,3428182900
15,1391,241735216153700,2681800,3464423500,3472145700
15,1407,241735262910000,2953600,3511179800,3518902000
15,1423,241735315042400,3306700,3563312200,3571034400
15,1439,241735361234600,2833900,3609504400,3617226600
15,1455,241735407121000,2941000,3655390800,3663113000
15,1471,241735460264800,2922900,3708534600,3716256800
15,1487,241735507249000,2926600,3755518800,3763241000
15,1503,241735556440400,3349300,3804710200,3812432400
15,1519,241735611000000,3519000,3859269800,3866992000
15,1535,241735663164900,3114400,3911434700,3919156900
15,1551,241735712272500,3158600,3960542300,3968264500
15,1567,241735761821900,2670300,4010091700,4017813900
15,1583,241735807781600,3059100,4056051400,4063773600
15,1599,241735861392500,2819400,4109662300,4117384500
15,1615,241735903852300,2681600,4152122100,4159844300
15,1631,241735948398300,5322600,4196668100,4204390300
15,1647,241735996669100,3058100,4244938900,4252661100
15,1663,241736042551600,2588000,4290821400,4298543600
15,1679,241736087627100,2977300,4335896900,4343619100
15,1695,241736133621200,2617700,4381891000,4389613200
15,1711,241736176217600,3661200,4424487400,4432209600
15,1727,241736228196600,3109000,4476466400,4484188600
15,1743,241736276945300,2929200,4525215100,4532937300
15,1759,241736325225800,3195800,4573495600,4581217800
15,1775,241736373225400,2662300,4621495200,4629217400
15,1791,241736419137500,3375000,4667407300,4675129500
15,1807,241736469504500,3089700,4717774300,4725496500
15,1823,241736520614200,3347000,4768884000,4776606200
15,1839,241736574671100,3398500,4822940900,4830663100
15,1855,241736629344300,3351200,4877614100,4885336300
15,1871,241736690794600,2722400,4939064400,4946786600
15,1887,241736734429800,2553700,4982699600,4990421800
15,1903,241736779072500,3008900,5027342300,5035064500
15,1919,241736827309500,3049000,5075579300,5083301500
15,1935,241736874480200,2730400,5122750000,5130472200
15,1951,241736919712900,2873100,5167982700,5175704900
15,1967,241736963892500,2815200,5212162300,5219884500
15,1983,241737008579200,2996300,5256849000,5264571200
15,1999,241737060732500,2760200,5309002300,5316724500
15,2015,241737106578600,2761300,5354848400,5362570600
15,2031,241737153122100,2872900,5401391900,5409114100
15,2047,241737201094800,3674300,5449364600,5457086800
16,0,241731891207200,12201000,139477000,147199200
16,16,241731941014200,2217300,189284000,197006200
16,32,241731978110400,2300700,226380200,234102400
16,48,241732013504600,2158500,261774400,269496600
16,64,241732048625300,2204200,296895100,304617300
16,80,241732083573600,2137100,331843400,339565600
16,96,241732118038500,2320000,366308300,374030500
16,112,241732153190800,2147000,401460600,409182800
16,128,241732208799400,2423300,457069200,464791400
16,144,241732244577000,2149100,492846800,500569000
16,160,241732281547900,2117900,529817700,537539900
16,176,241732317479900,2401200,565749700,573471900
16,192,241732354530000,2168700,602799800,610522000
16,208,241732389555300,2109300,637825100,645547300
16,224,241732423947000,2154800,672216800,679939000
16,240,241732458864900,2201800,707134700,714856900
16,256,241732494011200,2270300,742281000,750003200
16,272,241732547512000,2160600,795781800,803504000
16,288,241732582009500,2130300,830279300,838001500
16,304,241732621431000,3713700,869700800,877423000
16,320,241732657874800,2120700,906144600,913866800
16,336,241732693140800,2168900,941410600,949132800
16,352,241732728558500,2122800,976828300,984550500
16,368,241732764555700,2190300,1012825500,1020547700
16,384,241732800069700,2161000,1048339500,1056061700
16,400,241732856232100,2178000,1104501900,1112224100
16,416,241732892042700,2116700,1140312500,1148034700
16,432,241732925944700,2094900,1174214500,1181936700
16,448,241732960395100,2252400,1208664900,1216387100
16,464,241732995423500,2208400,1243693300,1251415500
16,480,241733030183400,2127400,1278453200,1286175400
16,496,241733065812000,2210600,1314081800,1321804000
16,512,241733099638600,2062900,1347908400,1355630600
16,528,241733151833200,2229400,1400103000,1407825200
16,544,241733186609500,2195900,1434879300,1442601500
16,560,241733220891900,2075200,1469161700,1476883900
16,576,241733254460500,2190400,1502730300,1510452500
16,592,241733289085700,2099600,1537355500,1545077700
16,608,241733323368100,2076100,1571637900,1579360100
16,624,241733357552600,2088300,1605822400,1613544600
16,640,241733391363300,2053800,1639633100,1647355300
16,656,241733424969300,2107200,1673239100,1680961300
16,672,241733477750400,2305000,1726020200,1733742400
16,688,241733512494500,2131100,1760764300,1768486500
16,704,241733547276800,2119800,1795546600,1803268800
16,720,241733581594600,2101700,1829864400,1837586600
16,736,241733615736900,2108400,1864006700,1871728900
16,752,241733649432500,2088500,1897702300,1905424500
16,768,241733683165600,2082700,1931435400,1939157600
16,784,241733722518800,2182100,1970788600,1978510800
16,800,241733777695500,2249800,2025965300,2033687500
16,816,241733812676100,2241700,2060945900,2068668100
16,832,241733846962100,2110900,2095231900,2102954100
16,848,241733881017200,2106900,2129287000,2137009200
16,864,241733917531900,2206800,2165801700,2173523900
16,880,241733952441500,2332600,2200711300,2208433500
16,896,241733988010700,2345900,2236280500,2244002700
16,912,241734023134200,2069200,2271404000,2279126200
16,928,241734076366300,2135800,2324636100,2332358300
16,944,241734111948600,2309500,2360218400,2367940600
16,960,241734146172200,2088100,2394442000,2402164200
16,976,241734180192700,2100700,2428462500,2436184700
16,992,241734215289700,2195000,2463559500,2471281700
16,1008,241734249778100,2116200,2498047900,2505770100
16,1024,241734283699700,2078300,2531969500,2539691700
16,1040,241734318205600,2707500,2566475400,2574197600
16,1056,241734353818300,2087100,2602088100,2609810300
16,1072,241734395547800,2222100,2643817600,2651539800
16,1088,241734431131600,2319900,2679401400,2687123600
16,1104,241734468012200,2180100,2716282000,2724004200
16,1120,241734503080500,2119400,2751350300,2759072500
16,1136,241734537728100,2128800,2785997900,2793720100
16,1152,241734573647100,2222200,2821916900,2829639100
16,1168,241734608981700,2266100,2857251500,2864973700
16,1184,241734645149400,2158000,2893419200,2901141400
16,1200,241734685117500,2097900,2933387300,2941109500
16,1216,241734719976700,2191800,2968246500,2975968700
16,1232,241734756759800,2929500,3005029600,3012751800
16,1248,241734803438400,2947700,3051708200,3059430400
16,1264,241734853543000,2726700,3101812800,3109535000
16,1280,241734900279700,4067900,3148549500,3156271700
16,1296,241734946230700,2744600,3194500500,3202222700
16,1312,241734990577900,2667700,3238847700,3246569900
16,1328,241735039941800,2791500,3288211600,3295933800
16,1344,241735083863500,2933000,3332133300,3339855500
16,1360,241735130051800,2843400,3378321600,3386043800
16,1376,241735176839400,2733700,3425109200,3432831400
16,1392,241735220726100,2690500,3468995900,3476718100
16,1408,241735267846300,2897900,3516116100,3523838300
16,1424,241735320371400,3164900,3568641200,3576363400
16,1440,241735365789300,2790900,3614059100,3621781300
16,1456,241735411991000,2997700,3660260800,3667983000
16,1472,241735465085800,2959000,3713355600,3721077800
16,1488,241735512076100,2880300,3760345900,3768068100
16,1504,241735562237300,3446600,3810507100,3818229300
16,1520,241735616872000,3457600,3865141800,3872864000
16,1536,241735668058500,3066100,3916328300,3924050500
16,1552,241735717691600,3328600,3965961400,3973683600
16,1568,241735766635300,2913600,4014905100,4022627300
16,1584,241735812979600,3191700,4061249400,4068971600
16,1600,241735865763500,2636200,4114033300,4121755500
16,1616,241735908076200,2683300,4156346000,4164068200
16,1632,241735955489400,2975300,4203759200,4211481400
16,1648,241736001520300,2783300,4249790100,4257512300
16,1664,241736047260700,2945600,4295530500,4303252700
16,1680,241736092776400,3038900,4341046200,4348768400
16,1696,241736138084700,2600300,4386354500,4394076700
16,1712,241736181921800,2910700,4430191600,4437913800
16,1728,241736233485400,3054300,4481755200,4489477400
16,1744,241736281645400,2847400,4529915200,4537637400
16,1760,241736330763600,3285700,4579033400,4586755600
16,1776,241736377947400,2831000,4626217200,4633939400
16,1792,241736424644500,3383800,4672914300,4680636500
16,1808,241736474655500,2852800,4722925300,4730647500
16,1824,241736525985600,3415800,4774255400,4781977600
16,1840,241736580251900,3384200,4828521700,4836243900
16,1856,241736634842100,3412100,4883111900,4890834100
16,1872,241736695102900,2494300,4943372700,4951094900
16,1888,241736738636400,2634200,4986906200,4994628400
16,1904,241736784081800,2903600,5032351600,5040073800
16,1920,241736832395300,3010100,5080665100,5088387300
16,1936,241736878989700,2780100,5127259500,5134981700
16,1952,241736924519500,2827700,5172789300,5180511500
16,1968,241736968273800,2717500,5216543600,5224265800
16,1984,241737013311700,2994700,5261581500,5269303700
16,2000,241737065100900,2792000,5313370700,5321092900
16,2016,241737110910800,2725600,5359180600,5366902800
16,2032,241737157689800,2907500,5405959600,5413681800
17,1,241731903456000,2532700,151725800,159448000
17,17,241731943265900,2327300,191535700,199257900
17,33,241731980143700,2264100,228413500,236135700
17,49,241732015399100,2173300,263668900,271391100
17,65,241732050534900,2143900,298804700,306526900
17,81,241732085420600,2186400,333690400,341412600
17,97,241732120132400,2179400,368402200,376124400
17,113,241732155103700,2177000,403373500,411095700
17,129,241732211122000,2401100,459391800,467114000
17,145,241732246631700,2233400,494901500,502623700
17,161,241732283476600,2156000,531746400,539468600
17,177,241732319748000,2217400,568017800,575740000
17,193,241732356448400,2176100,604718200,612440400
17,209,241732391277800,2086200,639547600,647269800
17,225,241732425667800,2177200,673937600,681659800
17,241,241732460620900,2195000,708890700,716612900
17,257,241732495919400,2167300,744189200,751911400
17,273,241732549561500,2154800,797831300,805553500
17,289,241732583952000,2081800,832221800,839944000
17,305,241732624754100,2483400,873023900,880746100
17,321,241732659640700,2041400,907910500,915632700
17,337,241732694832400,2192100,943102200,950824400
17,353,241732730307600,2166900,978577400,986299600
17,369,241732766309600,2181800,1014579400,1022301600
17,385,241732801767400,2163000,1050037200,1057759400
17,401,241732858038000,2301300,1106307800,1114030000
17,417,241732893826300,2182900,1142096100,1149818300
17,433,241732927736300,2079200,1176006100,1183728300
17,449,241732962520900,2165100,1210790700,1218512900
17,465,241732997489300,2190000,1245759100,1253481300
17,481,241733032169200,2138500,1280439000,1288161200
17,497,241733067991900,2204900,1316261700,1323983900
17,513,241733101671700,2090000,1349941500,1357663700
17,529,241733153973700,2149200,1402243500,1409965700
17,545,241733188689700,2228800,1436959500,1444681700
17,561,241733223113600,2130800,1471383400,1479105600
17,577,241733256818400,2515100,1505088200,1512810400
17,593,241733291392500,2127300,1539662300,1547384500
17,609,241733325740800,2106100,1574010600,1581732800
17,625,241733359936100,2132500,1608205900,1615928100
17,641,241733393709900,2099300,1641979700,1649701900
17,657,241733427364000,2088900,1675633800,1683356000
17,673,241733480304300,2125400,1728574100,1736296300
17,689,241733514977700,2213700,1763247500,1770969700
17,705,241733549686900,2319800,1797956700,1805678900
17,721,241733583999100,2134500,1832268900,1839991100
17,737,241733618213600,2110700,1866483400,1874205600
17,753,241733651871700,2121400,1900141500,1907863700
17,769,241733685608200,2136300,1933878000,1941600200
17,785,241733724882200,2240600,1973152000,1980874200
17,801,241733780103600,2084600,2028373400,2036095600
17,817,241733815005400,2126200,2063275200,2070997400
17,833,241733849158700,2124000,2097428500,2105150700
17,849,241733883215500,2119800,2131485300,2139207500
17,865,241733919030900,2176900,2167300700,2175022900
17,881,241733954008100,2261200,2202277900,2210000100
17,897,241733989655600,2327400,2237925400,2245647600
17,913,241734024615600,2082100,2272885400,2280607600
17,929,241734078061600,2103700,2326331400,2334053600
17,945,241734113613800,2314200,2361883600,2369605800
17,961,241734147719700,2117500,2395989500,2403711700
17,977,241734181763900,2110900,2430033700,2437755900
17,993,241734216764700,2182800,2465034500,2472756700
17,1009,241734251138300,2103500,2499408100,2507130300
17,1025,241734285048000,2118800,2533317800,2541040000
17,1041,241734319674300,2226600,2567944100,2575666300
17,1057,241734354770300,2130600,2603040100,2610762300
17,1073,241734396593400,2228100,2644863200,2652585400
17,1089,241734432121300,2445600,2680391100,2688113300
17,1105,241734468904800,2307100,2717174600,2724896800
17,1121,241734503998400,2127700,2752268200,2759990400
17,1137,241734538701300,2142700,2786971100,2794693300
17,1153,241734574845600,2284900,2823115400,2830837600
17,1169,241734610244100,2348100,2858513900,2866236100
17,1185,241734646369100,2175500,2894638900,2902361100
17,1201,241734686301600,2112200,2934571400,2942293600
17,1217,241734721189200,2163800,2969459000,2977181200
17,1233,241734758438700,2922200,3006708500,3014430700
17,1249,241734805090600,2945200,3053360400,3061082600
17,1265,241734855023400,2726200,3103293200,3111015400
17,1281,241734903174700,2845100,3151444500,3159166700
17,1297,241734947767300,2706700,3196037100,3203759300
17,1313,241734992091200,2670100,3240361000,3248083200
17,1329,241735041452800,2703700,3289722600,3297444800
17,1345,241735085541400,2747800,3333811200,3341533400
17,1361,241735131630800,2917700,3379900600,3387622800
17,1377,241735178362300,2694200,3426632100,3434354300
17,1393,241735222196900,2706400,3470466700,3478188900
17,1409,241735269454700,3313500,3517724500,3525446700
17,1425,241735322519300,2869300,3570789100,3578511300
17,1441,241735367624700,2934500,3615894500,3623616700
17,1457,241735414018500,3063500,3662288300,3670010500
17,1473,241735467072700,2963200,3715342500,3723064700
17,1489,241735513965100,2915700,3762234900,3769957100
17,1505,241735564496600,3491500,3812766400,3820488600
17,1521,241735619085700,3352700,3867355500,3875077700
17,1537,241735670033100,3156300,3918302900,3926025100
17,1553,241735719909900,3197300,3968179700,3975901900
17,1569,241735768603400,2727700,4016873200,4024595400
17,1585,241735815171700,3010500,4063441500,4071163700
17,1601,241735868130600,2599600,4116400400,4124122600
17,1617,241735910470200,2632900,4158740000,4166462200
17,1633,241735958137900,2946800,4206407700,4214129900
17,1649,241736004001400,2765800,4252271200,4259993400
17,1665,241736051532500,2795700,4299802300,4307524500
17,1681,241736097122200,2968100,4345392000,4353114200
17,1697,241736141869000,2588500,4390138800,4397861000
17,1713,241736186197200,2861900,4434467000,4442189200
17,1729,241736238100700,2995300,4486370500,4494092700
17,1745,241736285914500,2606000,4534184300,4541906500
17,1761,241736335674400,3416500,4583944200,4591666400
17,1777,241736382261200,2581500,4630531000,4638253200
17,1793,241736429863000,3256400,4678132800,4685855000
17,1809,241736479060000,2913500,4727329800,4735052000
17,1825,241736531288600,3346900,4779558400,4787280600
17,1841,241736585601800,3425400,4833871600,4841593800
17,1857,241736640171700,3367300,4888441500,4896163700
17,1873,241736699116100,2556600,4947385900,4955108100
17,1889,241736742692700,2563300,4990962500,4998684700
17,1905,241736788567600,3001400,5036837400,5044559600
17,1921,241736836953800,3011800,5085223600,5092945800
17,1937,241736883225200,2744800,5131495000,5139217200
17,1953,241736928840900,2947800,5177110700,5184832900
17,1969,241736972529900,2789900,5220799700,5228521900
17,1985,241737017966700,2983300,5266236500,5273958700
17,2001,241737069427300,2810500,5317697100,5325419300
17,2017,241737115218000,3099900,5363487800,5371210000
17,2033,241737162181200,2999900,5410451000,5418173200
18,2,241731906174200,2388100,154444000,162166200
18,18,241731945816000,2279800,194085800,201808000
18,34,241731982652900,2289800,230922700,238644900
18,50,241732017802100,2163300,266071900,273794100
18,66,241732052913200,2208800,301183000,308905200
18,82,241732087869100,2163300,336138900,343861100
18,98,241732122514200,2180100,370784000,378506200
18,114,241732157506800,2385500,405776600,413498800
18,130,241732213561500,2409500,461831300,469553500
18,146,241732248895700,2145900,497165500,504887700
18,162,241732285735800,2097100,534005600,541727800
18,178,241732322024500,2201100,570294300,578016500
18,194,241732358741400,2151200,607011200,614733400
18,210,241732393686000,2124000,641955800,649678000
18,226,241732428204700,2174300,676474500,684196700
18,242,241732463161700,2266100,711431500,719153700
18,258,241732498237000,19913700,746506800,754229000
18,274,241732551804700,2148900,800074500,807796700
18,290,241732586150100,2103100,834419900,842142100
18,306,241732627829000,2226300,876098800,883821000
18,322,241732662195700,2087100,910465500,918187700
18,338,241732697579200,2183700,945849000,953571200
18,354,241732733074300,2231600,981344100,989066300
18,370,241732769168100,2189100,1017437900,1025160100
18,386,241732804585700,2157100,1052855500,1060577700
18,402,241732861493500,2183800,1109763300,1117485500
18,418,241732897136100,2127700,1145405900,1153128100
18,434,241732930913600,2104300,1179183400,1186905600
18,450,241732965780800,2123800,1214050600,1221772800
18,466,241733000882700,2201300,1249152500,1256874700
18,482,241733035413300,2064600,1283683100,1291405300
18,498,241733071800700,2085000,1320070500,1327792700
18,514,241733105347500,2076400,1353617300,1361339500
18,530,241733157801800,2153000,1406071600,1413793800
18,546,241733192714800,2229800,1440984600,1448706800
18,562,241733226742100,2046300,1475011900,1482734100
18,578,241733260909100,2189300,1509178900,1516901100
18,594,241733294980900,2055400,1543250700,1550972900
18,610,241733329242500,2244400,1577512300,1585234500
18,626,241733363475300,2093700,1611745100,1619467300
18,642,241733397238200,2105000,1645508000,1653230200
18,658,241733430804800,20515700,1679074600,1686796800
18,674,241733484096700,2205100,1732366500,1740088700
18,690,241733518783900,2168100,1767053700,1774775900
18,706,241733553669700,2216200,1801939500,1809661700
18,722,241733587929200,2230500,1836199000,1843921200
18,738,241733622016800,2098600,1870286600,1878008800
18,754,241733655663300,2115600,1903933100,1911655300
18,770,241733689405100,2100100,1937674900,1945397100
18,786,241733729051700,2357700,1977321500,1985043700
18,802,241733783992600,2153300,2032262400,2039984600
18,818,241733818915500,2150900,2067185300,2074907500
18,834,241733853078100,2173800,2101347900,2109070100
18,850,241733887118300,2132100,2135388100,2143110300
18,866,241733923368100,2152800,2171637900,2179360100
18,882,241733958530300,2178400,2206800100,2214522300
18,898,241733994653900,2359700,2242923700,2250645900
18,914,241734029088600,2126400,2277358400,2285080600
18,930,241734082378800,2108700,2330648600,2338370800
18,946,241734118439100,2167300,2366708900,2374431100
18,962,241734152194300,2262400,2400464100,2408186300
18,978,241734186452400,2169500,2434722200,2442444400
18,994,241734221583000,2179400,2469852800,2477575000
18,1010,241734255852400,2099300,2504122200,2511844400
18,1026,241734289770900,2123900,2538040700,2545762900
18,1042,241734324644800,2205900,2572914600,2580636800
18,1058,241734359682500,2187500,2607952300,2615674500
18,1074,241734401374500,2202400,2649644300,2657366500
18,1090,241734437147700,2310100,2685417500,2693139700
18,1106,241734473814200,2275000,2722084000,2729806200
18,1122,241734508579900,2139000,2756849700,2764571900
18,1138,241734543264400,2119700,2791534200,2799256400
18,1154,241734579600900,2173900,2827870700,2835592900
18,1170,241734615283600,2308200,2863553400,2871275600
18,1186,241734650998100,2182600,2899267900,2906990100
18,1202,241734691101400,2230600,2939371200,2947093400
18,1218,241734725818600,2198700,2974088400,2981810600
18,1234,241734764944400,2839500,3013214200,3020936400
18,1250,241734811413400,2820700,3059683200,3067405400
18,1266,241734860807000,2714200,3109076800,3116799000
18,1282,241734909266800,2894400,3157536600,3165258800
18,1298,241734953362800,2616500,3201632600,3209354800
18,1314,241734997791800,2632200,3246061600,3253783800
18,1330,241735047386700,2748400,3295656500,3303378700
18,1346,241735091334800,2737500,3339604600,3347326800
18,1362,241735137859500,3058800,3386129300,3393851500
18,1378,241735184071700,2770900,3432341500,3440063700
18,1394,241735228012100,2612300,3476281900,3484004100
18,1410,241735280384700,3009200,3528654500,3536376700
18,1426,241735328446200,2920800,3576716000,3584438200
18,1442,241735373629500,2931200,3621899300,3629621500
18,1458,241735420165400,2940200,3668435200,3676157400
18,1474,241735473061000,2944400,3721330800,3729053000
18,1490,241735519927300,2901700,3768197100,3775919300
18,1506,241735571562100,3237900,3819831900,3827554100
18,1522,241735626013900,3394100,3874283700,3882005900
18,1538,241735676315300,3266600,3924585100,3932307300
18,1554,241735726417700,3229900,3974687500,3982409700
18,1570,241735774100600,2619400,4022370400,4030092600
18,1586,241735821308400,2857000,4069578200,4077300400
18,1602,241735873684500,2639700,4121954300,4129676500
18,1618,241735916043400,2668400,4164313200,4172035400
18,1634,241735964457800,2958900,4212727600,4220449800
18,1650,241736009931600,2788200,4258201400,4265923600
18,1666,241736055657400,2789000,4303927200,4311649400
18,1682,241736101505200,2744000,4349775000,4357497200
18,1698,241736145703400,2609500,4393973200,4401695400
18,1714,241736190271700,2163700,4438541500,4446263700
18,1730,241736242548500,2979500,4490818300,4498540500
18,1746,241736290007800,2856800,4538277600,4545999800
18,1762,241736340575400,3232800,4588845200,4596567400
18,1778,241736385791000,2323700,4634060800,4641783000
18,1794,241736434587600,2474000,4682857400,4690579600
18,1810,241736483400800,3193400,4731670600,4739392800
18,1826,241736536015400,3456000,4784285200,4792007400
18,1842,241736590246300,3384800,4838516100,4846238300
18,1858,241736644790100,12250900,4893059900,4900782100
18,1874,241736702596100,2622500,4950865900,4958588100
18,1890,241736746216500,2574900,4994486300,5002208500
18,1906,241736792660800,3020300,5040930600,5048652800
18,1922,241736841164500,2986400,5089434300,5097156500
18,1938,241736887104800,2715600,5135374600,5143096800
18,1954,241736932979200,2989100,5181249000,5188971200
18,1970,241736976938300,2921400,5225208100,5232930300
18,1986,241737022517400,2957600,5270787200,5278509400
18,2002,241737073678700,2801400,5321948500,5329670700
18,2018,241737120073500,3101900,5368343300,5376065500
18,2034,241737166833900,2975100,5415103700,5422825900
19,3,241731908402500,2380700,156672300,164394500
19,19,241731947924200,2284600,196194000,203916200
19,35,241731984795600,2233200,233065400,240787600
19,51,241732019850800,2149200,268120600,275842800
19,67,241732054978900,2377000,303248700,310970900
19,83,241732089871000,2200700,338140800,345863000
19,99,241732124608300,2145800,372878100,380600300
19,115,241732159828300,2384700,408098100,415820300
19,131,241732216006400,2206300,464276200,471998400
19,147,241732251074800,2169500,499344600,507066800
19,163,241732287698400,2139200,535968200,543690400
19,179,241732324074800,2235400,572344600,580066800
19,195,241732360927300,2415400,609197100,616919300
19,211,241732395841000,2098900,644110800,651833000
19,227,241732430419300,2141800,678689100,686411300
19,243,241732465461400,2419500,713731200,721453400
19,259,241732518307100,2625800,766576900,774299100
19,275,241732553893400,2227000,802163200,809885400
19,291,241732588311800,2143700,836581600,844303800
19,307,241732629787100,2237900,878056900,885779100
19,323,241732664065800,2169600,912335600,920057800
19,339,241732699511300,2219600,947781100,955503300
19,355,241732734945100,2327200,983214900,990937100
19,371,241732771064100,2202000,1019333900,1027056100
19,387,241732806400300,2198100,1054670100,1062392300
19,403,241732863152200,2199700,1111422000,1119144200
19,419,241732898660000,2108200,1146929800,1154652000
19,435,241732932425300,2116200,1180695100,1188417300
19,451,241732967044700,2142800,1215314500,1223036700
19,467,241733002268000,2134000,1250537800,1258260000
19,483,241733036730100,2060200,1284999900,1292722100
19,499,241733071937200,2092900,1320207000,1327929200
19,515,241733105523100,2079000,1353792900,1361515100
19,531,241733157979400,2158000,1406249200,1413971400
19,547,241733192870700,2227100,1441140500,1448862700
19,563,241733226881200,2053200,1475151000,1482873200
19,579,241733261033100,2193600,1509302900,1517025100
19,595,241733295089700,2070900,1543359500,1551081700
19,611,241733329307200,2245500,1577577000,1585299200
19,627,241733363536400,2100400,1611806200,1619528400
19,643,241733397296600,2112700,1645566400,1653288600
19,659,241733430890100,20559000,1679159900,1686882100
19,675,241733483629200,2172300,1731899000,1739621200
19,691,241733518333600,2157200,1766603400,1774325600
19,707,241733553184100,2143000,1801453900,1809176100
19,723,241733587335200,2181900,1835605000,1843327200
19,739,241733621204100,2107800,1869473900,1877196100
19,755,241733654840500,2100200,1903110300,1910832500
19,771,241733688594400,2080200,1936864200,1944586400
19,787,241733728231800,2377300,1976501600,1984223800
19,803,241733783259100,2124900,2031528900,2039251100
19,819,241733818336000,2154500,2066605800,2074328000
19,835,241733852508600,2163000,2100778400,2108500600
19,851,241733886550100,2113700,2134819900,2142542100
19,867,241733923134900,2134000,2171404700,2179126900
19,883,241733958092500,2155600,2206362300,2214084500
19,899,241733994088400,2329500,2242358200,2250080400
19,915,241734028599200,2119700,2276869000,2284591200
19,931,241734081992000,2140000,2330261800,2337984000
19,947,241734117845100,2162500,2366114900,2373837100
19,963,241734151629700,2090400,2399899500,2407621700
19,979,241734185827400,2225300,2434097200,2441819400
19,995,241734220908900,2159000,2469178700,2476900900
19,1011,241734255183800,2120900,2503453600,2511175800
19,1027,241734289107700,2126500,2537377500,2545099700
19,1043,241734324066500,2199900,2572336300,2580058500
19,1059,241734359243300,2168600,2607513100,2615235300
19,1075,241734400891400,2208900,2649161200,2656883400
19,1091,241734436656400,2303900,2684926200,2692648400
19,1107,241734473060700,2253000,2721330500,2729052700
19,1123,241734507894500,2115500,2756164300,2763886500
19,1139,241734542599300,2120400,2790869100,2798591300
19,1155,241734578836600,2223800,2827106400,2834828600
19,1171,241734614356600,2328400,2862626400,2870348600
19,1187,241734650158700,2199000,2898428500,2906150700
19,1203,241734690116600,2367400,2938386400,2946108600
19,1219,241734724986700,2233900,2973256500,2980978700
19,1235,241734763809800,2819600,3012079600,3019801800
19,1251,241734810230000,2918800,3058499800,3066222000
19,1267,241734859813400,2729000,3108083200,3115805400
19,1283,241734908236500,2862700,3156506300,3164228500
19,1299,241734952440800,2575200,3200710600,3208432800
19,1315,241734996810000,2669700,3245079800,3252802000
19,1331,241735046273900,2880000,3294543700,3302265900
19,1347,241735090451400,2736600,3338721200,3346443400
19,1363,241735137002600,3014300,3385272400,3392994600
19,1379,241735183295000,2712700,3431564800,3439287000
19,1395,241735227135800,2878700,3475405600,3483127800
19,1411,241735279309100,3268900,3527578900,3535301100
19,1427,241735327722800,2935000,3575992600,3583714800
19,1443,241735372916100,2935300,3621185900,3628908100
19,1459,241735419466600,2944500,3667736400,3675458600
19,1475,241735472481300,2933300,3720751100,3728473300
19,1491,241735519350300,2895400,3767620100,3775342300
19,1507,241735570880300,3234300,3819150100,3826872300
19,1523,241735625333600,3382600,3873603400,3881325600
19,1539,241735675635700,3106000,3923905500,3931627700
19,1555,241735725732400,3112600,3974002200,3981724400
19,1571,241735773558600,2614300,4021828400,4029550600
19,1587,241735820646900,2839100,4068916700,4076638900
19,1603,241735872683600,2667800,4120953400,4128675600
19,1619,241735915079400,2629300,4163349200,4171071400
19,1635,241735963341300,2962100,4211611100,4219333300
19,1651,241736008906400,2757000,4257176200,4264898400
19,1667,241736055441300,2785400,4303711100,4311433300
19,1683,241736101250900,2774200,4349520700,4357242900
19,1699,241736145481800,2612400,4393751600,4401473800
19,1715,241736190091700,2165100,4438361500,4446083700
19,1731,241736242221800,2986700,4490491600,4498213800
19,1747,241736289663800,2856200,4537933600,4545655800
19,1763,241736340221700,3234700,4588491500,4596213700
19,1779,241736385528500,2313500,4633798300,4641520500
19,1795,241736434157800,2584900,4682427600,4690149800
19,1811,241736482987200,3187400,4731257000,4738979200
19,1827,241736535607100,3511500,4783876900,4791599100
19,1843,241736589926900,3375700,4838196700,4845918900
19,1859,241736644538600,12258600,4892808400,4900530600
19,1875,241736702424800,2600400,4950694600,4958416800
19,1891,241736746110200,2576300,4994380000,5002102200
19,1907,241736792535900,3006600,5040805700,5048527900
19,1923,241736841035300,2981700,5089305100,5097027300
19,1939,241736887000700,2680700,5135270500,5142992700
19,1955,241736932812100,2947400,5181081900,5188804100
19,1971,241736976393800,2955800,5224663600,5232385800
19,1987,241737021985100,2973400,5270254900,5277977100
19,2003,241737073230100,2762700,5321499900,5329222100
19,2019,241737119528300,3103200,5367798100,5375520300
19,2035,241737166302600,2955700,5414572400,5422294600
20,4,241731910885500,2372500,159155300,166877500
20,20,241731950272300,2230400,198542100,206264300
20,36,241731987096000,2286300,235365800,243088000
20,52,241732022061200,2105900,270331000,278053200
20,68,241732057421200,2183300,305691000,313413200
20,84,241732092156900,2291300,340426700,348148900
20,100,241732126789600,2280000,375059400,382781600
20,116,241732162154000,2232200,410423800,418146000
20,132,241732217998500,2187600,466268300,473990500
20,148,241732253027600,2272500,501297400,509019600
20,164,241732290033000,2165300,538302800,546025000
20,180,241732326518500,2220900,574788300,582510500
20,196,241732363490600,2480800,611760400,619482600
20,212,241732398029100,2079100,646298900,654021100
20,228,241732432653300,2162900,680923100,688645300
20,244,241732467966500,2124800,716236300,723958500
20,260,241732521356700,2415400,769626500,777348700
20,276,241732556585200,2116200,804855000,812577200
20,292,241732590861200,2276200,839131000,846853200
20,308,241732632219100,2188100,880488900,888211100
20,324,241732666504100,2202900,914773900,922496100
20,340,241732702046700,2218600,950316500,958038700
20,356,241732737457900,2293300,985727700,993449900
20,372,241732773386500,2208700,1021656300,1029378500
20,388,241732808767000,2097300,1057036800,1064759000
20,404,241732865068100,2280100,1113337900,1121060100
20,420,241732900623500,2152100,1148893300,1156615500
20,436,241732934403000,2091200,1182672800,1190395000
20,452,241732969271900,2239500,1217541700,1225263900
20,468,241733004376500,2142300,1252646300,1260368500
20,484,241733038735400,2105800,1287005200,1294727400
20,500,241733074393000,2045100,1322662800,1330385000
20,516,241733107913800,2075000,1356183600,1363905800
20,532,241733160500800,2145000,1408770600,1416492800
20,548,241733195500100,2129500,1443769900,1451492100
20,564,241733229349000,2079900,1477618800,1485341000
20,580,241733263635000,2136000,1511904800,1519627000
20,596,241733297572400,2102900,1545842200,1553564400
20,612,241733332085900,2118000,1580355700,1588077900
20,628,241733366125500,2123100,1614395300,1622117500
20,644,241733399902900,2084500,1648172700,1655894900
20,660,241733452052000,2416600,1700321800,1708044000
20,676,241733486929200,2295500,1735199000,1742921200
20,692,241733521717200,2230400,1769987000,1777709200
20,708,241733556454500,2216600,1804724300,1812446500
20,724,241733590716800,2129300,1838986600,1846708800
20,740,241733624671300,2107800,1872941100,1880663300
20,756,241733658332700,2083400,1906602500,1914324700
20,772,241733692044900,2110100,1940314700,1948036900
20,788,241733732077400,2176200,1980347200,1988069400
20,804,241733786785600,2133400,2035055400,2042777600
20,820,241733821617700,2115800,2069887500,2077609700
20,836,241733855798900,2131100,2104068700,2111790900
20,852,241733889808300,2116200,2138078100,2145800300
20,868,241733925819400,2196800,2174089200,2181811400
20,884,241733960675800,2271400,2208945600,2216667800
20,900,241733996843500,2307900,2245113300,2252835500
20,916,241734031072400,2111800,2279342200,2287064400
20,932,241734084325700,2143000,2332595500,2340317700
20,948,241734120343200,2179200,2368613000,2376335200
20,964,241734154121500,2250100,2402391300,2410113500
20,980,241734188350200,2191400,2436620000,2444342200
20,996,241734223284100,2188400,2471553900,2479276100
20,1012,241734257507600,2080300,2505777400,2513499600
20,1028,241734291436600,2094600,2539706400,2547428600
20,1044,241734326496700,2236500,2574766500,2582488700
20,1060,241734361687500,8206200,2609957300,2617679500
20,1076,241734403401200,2206900,2651671000,2659393200
20,1092,241734439314100,2337000,2687583900,2695306100
20,1108,241734475616000,2191500,2723885800,2731608000
20,1124,241734510248000,2124000,2758517800,2766240000
20,1140,241734544933100,2109300,2793202900,2800925100
20,1156,241734581385500,2113400,2829655300,2837377500
20,1172,241734617132600,2260000,2865402400,2873124600
20,1188,241734652725300,2139400,2900995100,2908717300
20,1204,241734692853800,2189300,2941123600,2948845800
20,1220,241734727586300,2151600,2975856100,2983578300
20,1236,241734767259000,2904900,3015528800,3023251000
20,1252,241734813648300,7734100,3061918100,3069640300
20,1268,241734863297500,2656400,3111567300,3119289500
20,1284,241734911922100,2920200,3160191900,3167914100
20,1300,241734955737100,2636700,3204006900,3211729100
20,1316,241735000180600,2650700,3248450400,3256172600
20,1332,241735049883600,2698100,3298153400,3305875600
20,1348,241735093818400,2710800,3342088200,3349810400
20,1364,241735140619200,2966900,3388889000,3396611200
20,1380,241735186576400,2724200,3434846200,3442568400
20,1396,241735230456600,4687800,3478726400,3486448600
20,1412,241735282790700,2950400,3531060500,3538782700
20,1428,241735330817700,2632500,3579087500,3586809700
20,1444,241735376022200,2939600,3624292000,3632014200
20,1460,241735422573100,8689200,3670842900,3678565100
20,1476,241735475548100,2934800,3723817900,3731540100
20,1492,241735522360700,2909900,3770630500,3778352700
20,1508,241735574208500,3282600,3822478300,3830200500
20,1524,241735628814000,3365100,3877083800,3884806000
20,1540,241735678930100,3138300,3927199900,3934922100
20,1556,241735728900300,3322000,3977170100,3984892300
20,1572,241735776131700,2680600,4024401500,4032123700
20,1588,241735823449700,2867000,4071719500,4079441700
20,1604,241735875281000,2642000,4123550800,4131273000
20,1620,241735917632100,2682300,4165901900,4173624100
20,1636,241735966221100,3297300,4214490900,4222213100
20,1652,241736011587900,2818100,4259857700,4267579900
20,1668,241736055586000,2782500,4303855800,4311578000
20,1684,241736101421600,2756500,4349691400,4357413600
20,1700,241736145628200,2609600,4393898000,4401620200
20,1716,241736190213700,2158200,4438483500,4446205700
20,1732,241736242424700,2977500,4490694500,4498416700
20,1748,241736289897200,2843900,4538167000,4545889200
20,1764,241736340398500,3215600,4588668300,4596390500
20,1780,241736385666300,2332400,4633936100,4641658300
20,1796,241736434412000,2504500,4682681800,4690404000
20,1812,241736483218100,3194400,4731487900,4739210100
20,1828,241736535869400,3468800,4784139200,4791861400
20,1844,241736590109700,3384500,4838379500,4846101700
20,1860,241736644681300,12262100,4892951100,4900673300
20,1876,241736702530900,2608900,4950800700,4958522900
20,1892,241736746147400,2575600,4994417200,5002139400
20,1908,241736792579100,3013200,5040848900,5048571100
20,1924,241736841076600,2980500,5089346400,5097068600
20,1940,241736887035900,2689100,5135305700,5143027900
20,1956,241736932895200,2969100,5181165000,5188887200
20,1972,241736976157300,2977000,5224427100,5232149300
20,1988,241737021755100,2938500,5270024900,5277747100
20,2004,241737072993300,2743000,5321263100,5328985300
20,2020,241737119212100,3128600,5367481900,5375204100
20,2036,241737166058600,2962500,5414328400,5422050600
21,5,241731913196500,2672600,161466300,169188500
21,21,241731952474000,2433600,200743800,208466000
21,37,241731989419700,2228500,237689500,245411700
21,53,241732024198200,2186200,272468000,280190200
21,69,241732059750200,2161800,308020000,315742200
21,85,241732094686300,2177000,342956100,350678300
21,101,241732129342000,2172200,377611800,385334000
21,117,241732164767000,2221900,413036800,420759000
21,133,241732220641800,2151700,468911600,476633800
21,149,241732255780300,2177600,504050100,511772300
21,165,241732292438200,2227000,540708000,548430200
21,181,241732328998800,2279800,577268600,584990800
21,197,241732366164800,2208800,614434600,622156800
21,213,241732400314000,2147500,648583800,656306000
21,229,241732435058700,2341300,683328500,691050700
21,245,241732470326100,2111500,718595900,726318100
21,261,241732523878400,2288200,772148200,779870400
21,277,241732558831300,2255200,807101100,814823300
21,293,241732593333600,2280300,841603400,849325600
21,309,241732634589900,2125000,882859700,890581900
21,325,241732668886800,2261600,917156600,924878800
21,341,241732704455200,2284300,952725000,960447200
21,357,241732740164500,2188000,988434300,996156500
21,373,241732776063500,2159500,1024333300,1032055500
21,389,241732811362700,2188600,1059632500,1067354700
21,405,241732868105700,2121300,1116375500,1124097700
21,421,241732903406000,2107100,1151675800,1159398000
21,437,241732937097600,2113500,1185367400,1193089600
21,453,241732971985200,2150500,1220255000,1227977200
21,469,241733006980100,2107800,1255249900,1262972100
21,485,241733041339300,2195600,1289609100,1297331300
21,501,241733076724500,2078900,1324994300,1332716500
21,517,241733110237700,2047400,1358507500,1366229700
21,533,241733162878800,2166600,1411148600,1418870800
21,549,241733197747400,2142100,1446017200,1453739400
21,565,241733231541300,2069900,1479811100,1487533300
21,581,241733265980300,2134500,1514250100,1521972300
21,597,241733299879100,2072400,1548148900,1555871100
21,613,241733334380000,2065700,1582649800,1590372000
21,629,241733368424600,2077800,1616694400,1624416600
21,645,241733402133300,2094200,1650403100,1658125300
21,661,241733454553200,2100700,1702823000,1710545200
21,677,241733488949700,2361500,1737219500,1744941700
21,693,241733523795100,2172500,1772064900,1779787100
21,709,241733558530700,2153400,1806800500,1814522700
21,725,241733592705500,2158300,1840975300,1848697500
21,741,241733626635400,2087000,1874905200,1882627400
21,757,241733660285600,2096500,1908555400,1916277600
21,773,241733694008600,2325100,1942278400,1950000600
21,789,241733734142500,2147100,1982412300,1990134500
21,805,241733788861700,2218300,2037131500,2044853700
21,821,241733823772600,2109100,2072042400,2079764600
21,837,241733857963700,2136600,2106233500,2113955700
21,853,241733891958500,2105300,2140228300,2147950500
21,869,241733928354000,2199700,2176623800,2184346000
21,885,241733963398000,2334900,2211667800,2219390000
21,901,241733999696400,2277600,2247966200,2255688400
21,917,241734033758100,2108200,2282027900,2289750100
21,933,241734087162400,2124400,2335432200,2343154400
21,949,241734123235200,2071700,2371505000,2379227200
21,965,241734157109000,2100600,2405378800,2413101000
21,981,241734191237500,2154900,2439507300,2447229500
21,997,241734226051900,2129800,2474321700,2482043900
21,1013,241734260165800,2111800,2508435600,2516157800
21,1029,241734294077000,2114200,2542346800,2550069000
21,1045,241734329355800,2213500,2577625600,2585347800
21,1061,241734370362500,2185100,2618632300,2626354500
21,1077,241734406057600,2303400,2654327400,2662049600
21,1093,241734442096700,2310200,2690366500,2698088700
21,1109,241734478376300,2167000,2726646100,2734368300
21,1125,241734512947500,2361500,2761217300,2768939500
21,1141,241734547590100,2096400,2795859900,2803582100
21,1157,241734583963400,2100600,2832233200,2839955400
21,1173,241734619780900,2278900,2868050700,2875772900
21,1189,241734655189300,2173000,2903459100,2911181300
21,1205,241734695366400,2200500,2943636200,2951358400
21,1221,241734730089700,2115900,2978359500,2986081700
21,1237,241734770549500,2884700,3018819300,3026541500
21,1253,241734821667700,2750400,3069937500,3077659700
21,1269,241734866205100,2591300,3114474900,3122197100
21,1285,241734915120600,2898300,3163390400,3171112600
21,1301,241734958675200,3260700,3206945000,3214667200
21,1317,241735003129900,2636500,3251399700,3259121900
21,1333,241735052873900,2710400,3301143700,3308865900
21,1349,241735096846300,2776500,3345116100,3352838300
21,1365,241735143931300,2949800,3392201100,3399923300
21,1381,241735189594200,2823600,3437864000,3445586200
21,1397,241735235403900,2648300,3483673700,3491395900
21,1413,241735286402700,2967500,3534672500,3542394700
21,1429,241735334624700,3229700,3582894500,3590616700
21,1445,241735379678300,2938800,3627948100,3635670300
21,1461,241735431986500,2868200,3680256300,3687978500
21,1477,241735479103200,2933200,3727373000,3735095200
21,1493,241735525910800,2974600,3774180600,3781902800
21,1509,241735578250700,3275400,3826520500,3834242700
21,1525,241735632891100,3246400,3881160900,3888883100
21,1541,241735682653700,3041000,3930923500,3938645700
21,1557,241735733014000,3262400,3981283800,3989006000
21,1573,241735779456800,2602000,4027726600,4035448800
21,1589,241735827105600,2874800,4075375400,4083097600
21,1605,241735878876900,2624000,4127146700,4134868900
21,1621,241735921402800,2607700,4169672600,4177394800
21,1637,241735970763100,2784300,4219032900,4226755100
21,1653,241736015865800,4943200,4264135600,4271857800
21,1669,241736062559700,2866600,4310829500,4318551700
21,1685,241736108554600,3063000,4356824400,4364546600
21,1701,241736152432100,2630400,4400701900,4408424100
21,1717,241736195714000,2101900,4443983800,4451706000
21,1733,241736250197200,3037200,4498467000,4506189200
21,1749,241736297224700,2909200,4545494500,4553216700
21,1765,241736348472400,2932000,4596742200,4604464400
21,1781,241736391379800,2382000,4639649600,4647371800
21,1797,241736441105500,3276800,4689375300,4697097500
21,1813,241736491189900,3140800,4739459700,4747181900
21,1829,241736544331200,3227900,4792601000,4800323200
21,1845,241736598845700,3459100,4847115500,4854837700
21,1861,241736662163400,3333900,4910433200,4918155400
21,1877,241736709452800,2884300,4957722600,4965444800
21,1893,241736752639600,2654900,5000909400,5008631600
21,1909,241736800172100,3000000,5048441900,5056164100
21,1925,241736848528300,3065500,5096798100,5104520300
21,1941,241736893846200,2842000,5142116000,5149838200
21,1957,241736940130900,2910100,5188400700,5196122900
21,1973,241736983436400,2745700,5231706200,5239428400
21,1989,241737029362300,2906000,5277632100,5285354300
21,2005,241737080199200,2973100,5328469000,5336191200
21,2021,241737127060800,2987800,5375330600,5383052800
21,2037,241737173673700,3027300,5421943500,5429665700
22,6,241731915930500,2959000,164200300,171922500
22,22,241731955096300,2204400,203366100,211088300
22,38,241731991801700,2202400,240071500,247793700
22,54,241732026580400,2217400,274850200,282572400
22,70,241732062034200,2147800,310304000,318026200
22,86,241732096834300,2154600,345104100,352826300
22,102,241732131487100,2154400,379756900,387479100
22,118,241732166930700,2448700,415200500,422922700
22,134,241732222764100,2259000,471033900,478756100
22,150,241732257902700,2384900,506172500,513894700
22,166,241732294637200,2158900,542907000,550629200
22,182,241732331233900,2593200,579503700,587225900
22,198,241732368439500,2174900,616709300,624431500
22,214,241732402583200,2171400,650853000,658575200
22,230,241732437497800,2182100,685767600,693489800
22,246,241732472526500,2125600,720796300,728518500
22,262,241732526363400,2281300,774633200,782355400
22,278,241732561278800,2275400,809548600,817270800
22,294,241732595729900,2148500,843999700,851721900
22,310,241732636910800,2277800,885180600,892902800
22,326,241732671337600,2458800,919607400,927329600
22,342,241732706906400,2293300,955176200,962898400
22,358,241732742238900,2147500,990508700,998230900
22,374,241732778079000,2174900,1026348800,1034071000
22,390,241732813398100,2587600,1061667900,1069390100
22,406,241732870196200,2206100,1118466000,1126188200
22,422,241732905485800,2129000,1153755600,1161477800
22,438,241732939182000,2314500,1187451800,1195174000
22,454,241732974197300,2169000,1222467100,1230189300
22,470,241733009122500,2163000,1257392300,1265114500
22,486,241733043448700,2158000,1291718500,1299440700
22,502,241733078773500,2084900,1327043300,1334765500
22,518,241733112318400,2147200,1360588200,1368310400
22,534,241733164980000,2125600,1413249800,1420972000
22,550,241733199953700,2090400,1448223500,1455945700
22,566,241733233673800,2103700,1481943600,1489665800
22,582,241733268002300,2136400,1516272100,1523994300
22,598,241733301840600,2105000,1550110400,1557832600
22,614,241733336364200,2065800,1584634000,1592356200
22,630,241733370419000,2112300,1618688800,1626411000
22,646,241733404144300,2077700,1652414100,1660136300
22,662,241733456513300,2161200,1704783100,1712505300
22,678,241733491508100,2120300,1739777900,1747500100
22,694,241733526159600,2157200,1774429400,1782151600
22,710,241733560777200,2175800,1809047000,1816769200
22,726,241733594954400,2148900,1843224200,1850946400
22,742,241733628808600,2082600,1877078400,1884800600
22,758,241733662471900,2112300,1910741700,1918463900
22,774,241733696434100,2436100,1944703900,1952426100
22,790,241733736355500,2182100,1984625300,1992347500
22,806,241733791113800,2196400,2039383600,2047105800
22,822,241733825915900,2138500,2074185700,2081907900
22,838,241733860133400,2135100,2108403200,2116125400
22,854,241733894097800,2128800,2142367600,2150089800
22,870,241733930429800,2179600,2178699600,2186421800
22,886,241733965467400,2296200,2213737200,2221459400
22,902,241734001919800,2197200,2250189600,2257911800
22,918,241734035777200,2106400,2284047000,2291769200
22,934,241734089202700,2219900,2337472500,2345194700
22,950,241734124944400,2095100,2373214200,2380936400
22,966,241734158843300,2092200,2407113100,2414835300
22,982,241734193188300,2155800,2441458100,2449180300
22,998,241734227921500,2120900,2476191300,2483913500
22,1014,241734262014400,2139800,2510284200,2518006400
22,1030,241734295907400,2161300,2544177200,2551899400
22,1046,241734331341500,2215000,2579611300,2587333500
22,1062,241734372488900,2232900,2620758700,2628480900
22,1078,241734408286000,2186200,2656555800,2664278000
22,1094,241734444283600,2253000,2692553400,2700275600
22,1110,241734480605200,2228600,2728875000,2736597200
22,1126,241734515374500,2211700,2763644300,2771366500
22,1142,241734549748300,2248700,2798018100,2805740300
22,1158,241734586037300,2091100,2834307100,2842029300
22,1174,241734622000600,2277200,2870270400,2877992600
22,1190,241734657336400,2120700,2905606200,2913328400
22,1206,241734697505900,2187900,2945775700,2953497900
22,1222,241734732104100,2241100,2980373900,2988096100
22,1238,241734773515900,2869300,3021785700,3029507900
22,1254,241734824345100,2921500,3072614900,3080337100
22,1270,241734868723000,2860500,3116992800,3124715000
22,1286,241734917935900,2939400,3166205700,3173927900
22,1302,241734961879400,2916400,3210149200,3217871400
22,1318,241735005693400,2876500,3253963200,3261685400
22,1334,241735055512000,2742400,3303781800,3311504000
22,1350,241735099541400,2904000,3347811200,3355533400
22,1366,241735146794500,2898100,3395064300,3402786500
22,1382,241735192328800,2725300,3440598600,3448320800
22,1398,241735237967200,2784300,3486237000,3493959200
22,1414,241735289207200,2844600,3537477000,3545199200
22,1430,241735337681700,2810900,3585951500,3593673700
22,1446,241735382491500,3004200,3630761300,3638483500
22,1462,241735434810200,3013500,3683080000,3690802200
22,1478,241735482089000,2937200,3730358800,3738081000
22,1494,241735528929000,2995100,3777198800,3784921000
22,1510,241735581485700,3290500,3829755500,3837477700
22,1526,241735636096000,3469700,3884365800,3892088000
22,1542,241735685583500,2949500,3933853300,3941575500
22,1558,241735736143100,3209600,3984412900,3992135100
22,1574,241735781956100,2613900,4030225900,4037948100
22,1590,241735829904000,2839900,4078173800,4085896000
22,1606,241735881117000,2639400,4129386800,4137109000
22,1622,241735923627900,2612000,4171897700,4179619900
22,1638,241735973063100,2733600,4221332900,4229055100
22,1654,241736017873800,3570300,4266143600,4273865800
22,1670,241736063309200,2814300,4311579000,4319301200
22,1686,241736109315600,3053800,4357585400,4365307600
22,1702,241736153046100,2627100,4401315900,4409038100
22,1718,241736196218300,2359400,4444488100,4452210300
22,1734,241736250908900,3104300,4499178700,4506900900
22,1750,241736297988500,2943700,4546258300,4553980500
22,1766,241736349217800,2922100,4597487600,4605209800
22,1782,241736391976600,2602100,4640246400,4647968600
22,1798,241736442048000,3251200,4690317800,4698040000
22,1814,241736492052100,3136600,4740321900,4748044100
22,1830,241736545200700,3280200,4793470500,4801192700
22,1846,241736599834200,3353500,4848104000,4855826200
22,1862,241736663050500,3409600,4911320300,4919042500
22,1878,241736710244900,2891400,4958514700,4966236900
22,1894,241736753369800,2693400,5001639600,5009361800
22,1910,241736801025400,2994400,5049295200,5057017400
22,1926,241736849512600,3014000,5097782400,5105504600
22,1942,241736894793600,2764000,5143063400,5150785600
22,1958,241736941137600,2991500,5189407400,5197129600
22,1974,241736984466700,2722800,5232736500,5240458700
22,1990,241737030519600,2930800,5278789400,5286511600
22,2006,241737081375100,2923000,5329644900,5337367100
22,2022,241737128222800,2968000,5376492600,5384214800
22,2038,241737174823000,3044100,5423092800,5430815000
23,7,241731919053300,2832300,167323100,175045300
23,23,241731957471400,2190600,205741200,213463400
23,39,241731994156300,2153100,242426100,250148300
23,55,241732028914600,2232100,277184400,284906600
23,71,241732064274100,2172800,312543900,320266100
23,87,241732099134600,2148600,347404400,355126600
23,103,241732133799800,2205400,382069600,389791800
23,119,241732169583300,2619700,417853100,425575300
23,135,241732225148900,2211800,473418700,481140900
23,151,241732260491900,2770500,508761700,516483900
23,167,241732296971500,2340300,545241300,552963500
23,183,241732333913800,2481500,582183600,589905800
23,199,241732370678800,2207700,618948600,626670800
23,215,241732404786400,2125800,653056200,660778400
23,231,241732439710200,2124300,687980000,695702200
23,247,241732474681500,2093700,722951300,730673500
23,263,241732528716900,2360500,776986700,784708900
23,279,241732563617600,2184600,811887400,819609600
23,295,241732598078300,2121300,846348100,854070300
23,311,241732639422300,2240900,887692100,895414300
23,327,241732674017700,2277000,922287500,930009700
23,343,241732709462700,2194800,957732500,965454700
23,359,241732744544500,2252000,992814300,1000536500
23,375,241732780425400,2448500,1028695200,1036417400
23,391,241732816297600,2399700,1064567400,1072289600
23,407,241732872684000,2228000,1120953800,1128676000
23,423,241732907900300,2121500,1156170100,1163892300
23,439,241732941875100,2122600,1190144900,1197867100
23,455,241732976609100,2143600,1224878900,1232601100
23,471,241733011588000,2145800,1259857800,1267580000
23,487,241733045973600,2521300,1294243400,1301965600
23,503,241733081671000,2125400,1329940800,1337663000
23,519,241733115241800,2086300,1363511600,1371233800
23,535,241733167991900,2075600,1416261700,1423983900
23,551,241733202853700,2141100,1451123500,1458845700
23,567,241733236590900,2104900,1484860700,1492582900
23,583,241733271056700,2125700,1519326500,1527048700
23,599,241733304865500,2132000,1553135300,1560857500
23,615,241733339360500,2099500,1587630300,1595352500
23,631,241733373428700,2054300,1621698500,1629420700
23,647,241733407098000,2072100,1655367800,1663090000
23,663,241733459762000,2177400,1708031800,1715754000
23,679,241733494315400,2092000,1742585200,1750307400
23,695,241733528961600,2169400,1777231400,1784953600
23,711,241733563548000,2113400,1811817800,1819540000
23,727,241733597655200,2133400,1845925000,1853647200
23,743,241733631462700,2079500,1879732500,1887454700
23,759,241733665145900,2102400,1913415700,1921137900
23,775,241733699484100,2799200,1947753900,1955476100
23,791,241733739080400,2154200,1987350200,1995072400
23,807,241733793808100,2231300,2042077900,2049800100
23,823,241733828544000,2136700,2076813800,2084536000
23,839,241733862732700,2137300,2111002500,2118724700
23,855,241733896681600,2384400,2144951400,2152673600
23,871,241733933490500,2170000,2181760300,2189482500
23,887,241733968696700,2208700,2216966500,2224688700
23,903,241734005008300,2154900,2253278100,2261000300
23,919,241734038748800,2071800,2287018600,2294740800
23,935,241734092576900,2261300,2340846700,2348568900
23,951,241734128133300,2064700,2376403100,2384125300
23,967,241734162005900,2098100,2410275700,2417997900
23,983,241734196406000,2158600,2444675800,2452398000
23,999,241734231254300,2193800,2479524100,2487246300
23,1015,241734265360800,2088100,2513630600,2521352800
23,1031,241734299280900,2075700,2547550700,2555272900
23,1047,241734334639000,2141700,2582908800,2590631000
23,1063,241734375702900,2085800,2623972700,2631694900
23,1079,241734411565400,2185300,2659835200,2667557400
23,1095,241734447807400,2259500,2696077200,2703799400
23,1111,241734483847300,2161300,2732117100,2739839300
23,1127,241734518603500,2162200,2766873300,2774595500
23,1143,241734553103400,2554900,2801373200,2809095400
23,1159,241734589327400,2142800,2837597200,2845319400
23,1175,241734625790100,2279400,2874059900,2881782100
23,1191,241734660861800,2150100,2909131600,2916853800
23,1207,241734701138000,2170400,2949407800,2957130000
23,1223,241734735759400,2499200,2984029200,2991751400
23,1239,241734778157100,2950500,3026426900,3034149100
23,1255,241734829339000,2917200,3077608800,3085331000
23,1271,241734873759900,3106200,3122029700,3129751900
23,1287,241734922935300,2957500,3171205100,3178927300
23,1303,241734966859800,2939000,3215129600,3222851800
23,1319,241735010368400,2642000,3258638200,3266360400
23,1335,241735060160200,2737600,3308430000,3316152200
23,1351,241735104472300,2958800,3352742100,3360464300
23,1367,241735151677400,2948600,3399947200,3407669400
23,1383,241735196952500,2765000,3445222300,3452944500
23,1399,241735242389300,2963500,3490659100,3498381300
23,1415,241735294609600,2878400,3542879400,3550601600
23,1431,241735342863200,2736600,3591133000,3598855200
23,1447,241735388075000,2981500,3636344800,3644067000
23,1463,241735440352100,2992000,3688621900,3696344100
23,1479,241735487436600,2904400,3735706400,3743428600
23,1495,241735534466300,3021800,3782736100,3790458300
23,1511,241735587648500,3460900,3835918300,3843640500
23,1527,241735642476100,3181900,3890745900,3898468100
23,1543,241735691436200,2997600,3939706000,3947428200
23,1559,241735742117900,3104100,3990387700,3998109900
23,1575,241735786922700,3182300,4035192500,4042914700
23,1591,241735835297400,8718900,4083567200,4091289400
23,1607,241735886002000,2637300,4134271800,4141994000
23,1623,241735928503700,2622300,4176773500,4184495700
23,1639,241735978104000,2769600,4226373800,4234096000
23,1655,241736023592600,2875700,4271862400,4279584600
23,1671,241736068192000,2729900,4316461800,4324184000
23,1687,241736114551500,2931300,4362821300,4370543500
23,1703,241736157556100,2795300,4405825900,4413548100
23,1719,241736200769200,3261900,4449039000,4456761200
23,1735,241736256156300,2939900,4504426100,4512148300
23,1751,241736303008900,3088800,4551278700,4559000900
23,1767,241736354355500,3254900,4602625300,4610347500
23,1783,241736396697800,3277000,4644967600,4652689800
23,1799,241736447546200,3193300,4695816000,4703538200
23,1815,241736497453900,3163200,4745723700,4753445900
23,1831,241736550779300,3360800,4799049100,4806771300
23,1847,241736605393000,3445700,4853662800,4861385000
23,1863,241736668797500,3400000,4917067300,4924789500
23,1879,241736715080200,2732700,4963350000,4971072200
23,1895,241736758289900,2904100,5006559700,5014281900
23,1911,241736806042600,2992200,5054312400,5062034600
23,1927,241736854514000,2896900,5102783800,5110506000
23,1943,241736899499800,2927000,5147769600,5155491800
23,1959,241736945664700,2304400,5193934500,5201656700
23,1975,241736989164500,2728600,5237434300,5245156500
23,1991,241737035482900,3019500,5283752700,5291474900
23,2007,241737086249600,2963600,5334519400,5342241600
23,2023,241737133264800,2657900,5381534600,5389256800
23,2039,241737180034800,2878800,5428304600,5436026800
24,8,241731921720600,2381900,169990400,177712600
24,24,241731959373600,2390500,207643400,215365600
24,40,241731996054300,2163600,244324100,252046300
24,56,241732030979300,2195200,279249100,286971300
24,72,241732066279000,2160800,314548800,322271000
24,88,241732101229400,2080800,349499200,357221400
24,104,241732135945500,2189000,384215300,391937500
24,120,241732172003800,2333700,420273600,427995800
24,136,241732227217300,2161300,475487100,483209300
24,152,241732263117400,2237100,511387200,519109400
24,168,241732299127900,2283000,547397700,555119900
24,184,241732336206600,2267100,584476400,592198600
24,200,241732372640600,2140300,620910400,628632600
24,216,241732406631000,2090900,654900800,662623000
24,232,241732441560000,2195900,689829800,697552000
24,248,241732476454000,2078200,724723800,732446000
24,264,241732530471700,2240200,778741500,786463700
24,280,241732565220800,2237100,813490600,821212800
24,296,241732599532900,2176300,847802700,855524900
24,312,241732640947000,2090800,889216800,896939000
24,328,241732675551500,2179400,923821300,931543500
24,344,241732710984500,2170500,959254300,966976500
24,360,241732746082300,2292600,994352100,1002074300
24,376,241732782151500,2253300,1030421300,1038143500
24,392,241732817864900,21901500,1066134700,1073856900
24,408,241732873892100,2281300,1122161900,1129884100
24,424,241732909090500,2071600,1157360300,1165082500
24,440,241732943051300,2192700,1191321100,1199043300
24,456,241732977919200,2169300,1226189000,1233911200
24,472,241733012849300,2187100,1261119100,1268841300
24,488,241733048087200,2347700,1296357000,1304079200
24,504,241733083188400,2060300,1331458200,1339180400
24,520,241733116703000,2073900,1364972800,1372695000
24,536,241733169420500,2115400,1417690300,1425412500
24,552,241733204336600,2133500,1452606400,1460328600
24,568,241733238015400,2098800,1486285200,1494007400
24,584,241733272489400,2087900,1520759200,1528481400
24,600,241733306310900,2176500,1554580700,1562302900
24,616,241733340749100,2174700,1589018900,1596741100
24,632,241733374804100,2122100,1623073900,1630796100
24,648,241733408532100,2069700,1656801900,1664524100
24,664,241733461195100,2098700,1709464900,1717187100
24,680,241733495746300,2181900,1744016100,1751738300
24,696,241733530569000,2158000,1778838800,1786561000
24,712,241733565162600,2122400,1813432400,1821154600
24,728,241733599306700,2143100,1847576500,1855298700
24,744,241733633055500,2092300,1881325300,1889047500
24,760,241733666761200,2109500,1915031000,1922753200
24,776,241733701728000,5418200,1949997800,1957720000
24,792,241733740862600,21679200,1989132400,1996854600
24,808,241733795670500,2224900,2043940300,2051662500
24,824,241733830305600,2183500,2078575400,2086297600
24,840,241733864505600,2123300,2112775400,2120497600
24,856,241733898618600,3359200,2146888400,2154610600
24,872,241733935620100,2113300,2183889900,2191612100
24,888,241733970874900,2177900,2219144700,2226866900
24,904,241734007133500,2156500,2255403300,2263125500
24,920,241734040794500,2092200,2289064300,2296786500
24,936,241734094675500,2307200,2342945300,2350667500
24,952,241734129961500,2107900,2378231300,2385953500
24,968,241734163883500,2100800,2412153300,2419875500
24,984,241734198310100,2179300,2446579900,2454302100
24,1000,241734233305000,2107300,2481574800,2489297000
24,1016,241734267309900,2124500,2515579700,2523301900
24,1032,241734301198100,2052100,2549467900,2557190100
24,1048,241734336695900,2160300,2584965700,2592687900
24,1064,241734377707100,2213600,2625976900,2633699100
24,1080,241734413694000,2170800,2661963800,2669686000
24,1096,241734449857100,2288600,2698126900,2705849100
24,1112,241734485858500,2214800,2734128300,2741850500
24,1128,241734520626100,2149600,2768895900,2776618100
24,1144,241734555365000,2393400,2803634800,2811357000
24,1160,241734591245800,2130200,2839515600,2847237800
24,1176,241734627703600,2292900,2875973400,2883695600
24,1192,241734662697100,7613500,2910966900,2918689100
24,1208,241734702974100,2209200,2951243900,2958966100
24,1224,241734737661200,2556600,2985931000,2993653200
24,1240,241734780322400,2820700,3028592200,3036314400
24,1256,241734831360800,2862300,3079630600,3087352800
24,1272,241734875979000,3029500,3124248800,3131971000
24,1288,241734925116300,2724900,3173386100,3181108300
24,1304,241734968898300,2938500,3217168100,3224890300
24,1320,241735012186100,2694700,3260455900,3268178100
24,1336,241735062074200,2788600,3310344000,3318066200
24,1352,241735106459400,2968600,3354729200,3362451400
24,1368,241735153652300,2993700,3401922100,3409644300
24,1384,241735198867100,2785300,3447136900,3454859100
24,1400,241735244370500,3087200,3492640300,3500362500
24,1416,241735296118200,2935000,3544388000,3552110200
24,1432,241735344216200,2745100,3592486000,3600208200
24,1448,241735389585800,2850400,3637855600,3645577800
24,1464,241735441864400,2970100,3690134200,3697856400
24,1480,241735488884200,2934400,3737154000,3744876200
24,1496,241735535935100,3042900,3784204900,3791927100
24,1512,241735589512700,3395900,3837782500,3845504700
24,1528,241735644221100,2953000,3892490900,3900213100
24,1544,241735692919500,2931200,3941189300,3948911500
24,1560,241735743605300,3187100,3991875100,3999597300
24,1576,241735788446600,3134700,4036716400,4044438600
24,1592,241735836662600,8782000,4084932400,4092654600
24,1608,241735887151500,2644000,4135421300,4143143500
24,1624,241735929643900,2615900,4177913700,4185635900
24,1640,241735979328600,2815400,4227598400,4235320600
24,1656,241736025332900,3001300,4273602700,4281324900
24,1672,241736069833700,2738200,4318103500,4325825700
24,1688,241736116423400,2826900,4364693200,4372415400
24,1704,241736159302300,2730900,4407572100,4415294300
24,1720,241736202653600,3343400,4450923400,4458645600
24,1736,241736257969600,2945200,4506239400,4513961600
24,1752,241736304796500,3184500,4553066300,4560788500
24,1768,241736356490800,2929500,4604760600,4612482800
24,1784,241736398888000,3121800,4647157800,4654880000
24,1800,241736449821900,3143200,4698091700,4705813900
24,1816,241736499553800,3245400,4747823600,4755545800
24,1832,241736553081900,3357400,4801351700,4809073900
24,1848,241736607708500,3435600,4855978300,4863700500
24,1864,241736671183400,3347300,4919453200,4927175400
24,1880,241736717044000,2947400,4965313800,4973036000
24,1896,241736760372100,2786000,5008641900,5016364100
24,1912,241736808188500,3000300,5056458300,5064180500
24,1928,241736856643500,2804500,5104913300,5112635500
24,1944,241736901494500,2809700,5149764300,5157486500
24,1960,241736947093000,2192800,5195362800,5203085000
24,1976,241736990604400,2764000,5238874200,5246596400
24,1992,241737037128300,8532200,5285398100,5293120300
24,2008,241737087922300,3006900,5336192100,5343914300
24,2024,241737134779500,2661800,5383049300,5390771500
24,2040,241737181593900,2893400,5429863700,5437585900
25,9,241731924325800,2315400,172595600,180317800
25,25,241731961992400,2337000,210262200,217984400
25,41,241731998448300,2207300,246718100,254440300
25,57,241732033461800,2202700,281731600,289453800
25,73,241732068660000,2152700,316929800,324652000
25,89,241732103465000,2128700,351734800,359457000
25,105,241732138279800,2163500,386549600,394271800
25,121,241732174577600,2289800,422847400,430569600
25,137,241732229616900,2229500,477886700,485608900
25,153,241732265699800,2235900,513969600,521691800
25,169,241732301772700,2216800,550042500,557764700
25,185,241732338927700,2318200,587197500,594919700
25,201,241732375283200,2089000,623553000,631275200
25,217,241732409129600,2219100,657399400,665121600
25,233,241732444187900,2145800,692457700,700179900
25,249,241732478982900,2067400,727252700,734974900
25,265,241732533323700,2109700,781593500,789315700
25,281,241732567996600,2092700,816266400,823988600
25,297,241732602219000,2194000,850488800,858211000
25,313,241732643567100,2080100,891836900,899559100
25,329,241732678267900,2135100,926537700,934259900
25,345,241732713666400,2221500,961936200,969658400
25,361,241732749095600,2234100,997365400,1005087600
25,377,241732785136900,2203000,1033406700,1041128900
25,393,241732840693100,2526100,1088962900,1096685100
25,409,241732876858900,2315600,1125128700,1132850900
25,425,241732911754000,2077700,1160023800,1167746000
25,441,241732945842100,2152500,1194111900,1201834100
25,457,241732980527600,2139700,1228797400,1236519600
25,473,241733015535000,2150800,1263804800,1271527000
25,489,241733050490600,2268200,1298760400,1306482600
25,505,241733085620200,2055700,1333890000,1341612200
25,521,241733119148100,2050200,1367417900,1375140100
25,537,241733171972700,2067300,1420242500,1427964700
25,553,241733206979700,2205600,1455249500,1462971700
25,569,241733240627500,2095000,1488897300,1496619500
25,585,241733275077000,2135500,1523346800,1531069000
25,601,241733308973100,2181500,1557242900,1564965100
25,617,241733343474400,2174500,1591744200,1599466400
25,633,241733377473400,2071700,1625743200,1633465400
25,649,241733411138000,2172200,1659407800,1667130000
25,665,241733463791300,2098100,1712061100,1719783300
25,681,241733498616300,2152100,1746886100,1754608300
25,697,241733533343400,2180800,1781613200,1789335400
25,713,241733567855900,2083600,1816125700,1823847900
25,729,241733602029700,2148500,1850299500,1858021700
25,745,241733635723600,2096800,1883993400,1891715600
25,761,241733669475100,2104000,1917744900,1925467100
25,777,241733708016800,2356200,1956286600,1964008800
25,793,241733763168700,2348300,2011438500,2019160700
25,809,241733798338800,2310600,2046608600,2054330800
25,825,241733833081800,2135400,2081351600,2089073800
25,841,241733867272300,2114100,2115542100,2123264300
25,857,241733902174600,2506200,2150444400,2158166600
25,873,241733937851500,2160000,2186121300,2193843500
25,889,241733973136200,2169800,2221406000,2229128200
25,905,241734009204100,2141800,2257473900,2265196100
25,921,241734042804300,2213700,2291074100,2298796300
25,937,241734096808900,2095900,2345078700,2352800900
25,953,241734131951100,2114100,2380220900,2387943100
25,969,241734165826100,2112200,2414095900,2421818100
25,985,241734200325200,2191400,2448595000,2456317200
25,1001,241734235150600,2161100,2483420400,2491142600
25,1017,241734269132500,2097400,2517402300,2525124500
25,1033,241734303010000,2052200,2551279800,2559002000
25,1049,241734338512600,2166900,2586782400,2594504600
25,1065,241734379567600,2177800,2627837400,2635559600
25,1081,241734415530600,2195000,2663800400,2671522600
25,1097,241734451687800,2272300,2699957600,2707679800
25,1113,241734488017400,2171200,2736287200,2744009400
25,1129,241734522721400,2200600,2770991200,2778713400
25,1145,241734557703800,2341700,2805973600,2813695800
25,1161,241734593213100,2239300,2841482900,2849205100
25,1177,241734629845600,2222300,2878115400,2885837600
25,1193,241734664673600,7650800,2912943400,2920665600
25,1209,241734704956800,2197300,2953226600,2960948800
25,1225,241734739984100,2389500,2988253900,2995976100
25,1241,241734782916300,2947600,3031186100,3038908300
25,1257,241734834000600,2717500,3082270400,3089992600
25,1273,241734878745200,3040500,3127015000,3134737200
25,1289,241734927586000,2624300,3175855800,3183578000
25,1305,241734971599300,3111800,3219869100,3227591300
25,1321,241735014658700,2665500,3262928500,3270650700
25,1337,241735064702600,2715000,3312972400,3320694600
25,1353,241735109339800,2978100,3357609600,3365331800
25,1369,241735156504600,3009500,3404774400,3412496600
25,1385,241735201619500,2737500,3449889300,3457611500
25,1401,241735247374600,2919100,3495644400,3503366600
25,1417,241735298916700,2994600,3547186500,3554908700
25,1433,241735346776100,2786300,3595045900,3602768100
25,1449,241735392260600,2621500,3640530400,3648252600
25,1465,241735444637500,3006300,3692907300,3700629500
25,1481,241735491565000,2994300,3739834800,3747557000
25,1497,241735538719200,3620200,3786989000,3794711200
25,1513,241735592774600,3363200,3841044400,3848766600
25,1529,241735647080600,3049400,3895350400,3903072600
25,1545,241735695754400,3306300,3944024200,3951746400
25,1561,241735746660200,3042400,3994930000,4002652200
25,1577,241735791454200,3129700,4039724000,4047446200
25,1593,241735845288300,3233300,4093558100,4101280300
25,1609,241735889679900,2718100,4137949700,4145671900
25,1625,241735932160300,2634800,4180430100,4188152300
25,1641,241735982025600,2752200,4230295400,4238017600
25,1657,241736030421400,2638200,4278691200,4286413400
25,1673,241736074608400,2728800,4322878200,4330600400
25,1689,241736121255900,2797500,4369525700,4377247900
25,1705,241736164017500,2715400,4412287300,4420009500
25,1721,241736208570700,3065300,4456840500,4464562700
25,1737,241736263236000,2986700,4511505800,4519228000
25,1753,241736310466000,3212500,4558735800,4566458000
25,1769,241736361545800,2868100,4609815600,4617537800
25,1785,241736404420600,3120500,4652690400,4660412600
25,1801,241736455467800,3083800,4703737600,4711459800
25,1817,241736505346100,3268500,4753615900,4761338100
25,1833,241736559110300,3439800,4807380100,4815102300
25,1849,241736613828800,3415600,4862098600,4869820800
25,1865,241736677286900,3317400,4925556700,4933278900
25,1881,241736722284400,2950600,4970554200,4978276400
25,1897,241736765484000,2997500,5013753800,5021476000
25,1913,241736813487700,3293400,5061757500,5069479700
25,1929,241736861614400,2817100,5109884200,5117606400
25,1945,241736906396700,3019800,5154666500,5162388700
25,1961,241736951039400,2611300,5199309200,5207031400
25,1977,241736995618600,2783300,5243888400,5251610600
25,1993,241737047958200,2822500,5296228000,5303950200
25,2009,241737093339700,2952900,5341609500,5349331700
25,2025,241737139719100,2963600,5387988900,5395711100
25,2041,241737186732400,2804700,5435002200,5442724400
26,10,241731926553800,2264600,174823600,182545800
26,26,241731964302900,2271500,212572700,220294900
26,42,241732000595500,2183100,248865300,256587500
26,58,241732035548000,2259700,283817800,291540000
26,74,241732070721900,2177700,318991700,326713900
26,90,241732105283800,2119700,353553600,361275800
26,106,241732140139200,2124900,388409000,396131200
26,122,241732176500600,2268800,424770400,432492600
26,138,241732231497000,2191400,479766800,487489000
26,154,241732267438900,2170100,515708700,523430900
26,170,241732303382100,2213700,551651900,559374100
26,186,241732340417300,2327100,588687100,596409300
26,202,241732376641600,2094700,624911400,632633600
26,218,241732410692100,2147600,658961900,666684100
26,234,241732445681000,2153300,693950800,701673000
26,250,241732480421700,2198000,728691500,736413700
26,266,241732534992400,2097500,783262200,790984400
26,282,241732569703400,2126600,817973200,825695400
26,298,241732604011500,2179200,852281300,860003500
26,314,241732645424500,2041400,893694300,901416500
26,330,241732680176200,2133100,928446000,936168200
26,346,241732715607600,2124200,963877400,971599600
26,362,241732751096400,2206100,999366200,1007088400
26,378,241732787085300,2262500,1035355100,1043077300
26,394,241732842851800,2679100,1091121600,1098843800
26,410,241732879145900,2197800,1127415700,1135137900
26,426,241732913804600,2138600,1162074400,1169796600
26,442,241732948316500,2161800,1196586300,1204308500
26,458,241732983027400,2177200,1231297200,1239019400
26,474,241733018012500,2323800,1266282300,1274004500
26,490,241733052890000,2365100,1301159800,1308882000
26,506,241733087741600,2081500,1336011400,1343733600
26,522,241733121237100,2071800,1369506900,1377229100
26,538,241733174106200,2080100,1422376000,1430098200
26,554,241733209127100,2121600,1457396900,1465119100
26,570,241733242666300,2107100,1490936100,1498658300
26,586,241733277148900,2151900,1525418700,1533140900
26,602,241733311186700,2212200,1559456500,1567178700
26,618,241733345563900,2137200,1593833700,1601555900
26,634,241733379457700,2147500,1627727500,1635449700
26,650,241733413223800,2045900,1661493600,1669215800
26,666,241733465819400,2115200,1714089200,1721811400
26,682,241733500579600,2191300,1748849400,1756571600
26,698,241733535298500,2172300,1783568300,1791290500
26,714,241733569763800,2050800,1818033600,1825755800
26,730,241733603981700,2200800,1852251500,1859973700
26,746,241733637635300,2109400,1885905100,1893627300
26,762,241733671438500,2101600,1919708300,1927430500
26,778,241733710290700,2199200,1958560500,1966282700
26,794,241733765462600,2250300,2013732400,2021454600
26,810,241733800593100,2174100,2048862900,2056585100
26,826,241733835012700,2113600,2083282500,2091004700
26,842,241733869152700,2115300,2117422500,2125144700
26,858,241733904409500,2413800,2152679300,2160401500
26,874,241733939835600,2128900,2188105400,2195827600
26,890,241733975170800,2091800,2223440600,2231162800
26,906,241734011260900,2097000,2259530700,2267252900
26,922,241734044933000,2046600,2293202800,2300925000
26,938,241734099056900,2096400,2347326700,2355048900
26,954,241734134230400,2143900,2382500200,2390222400
26,970,241734168129200,2260200,2416399000,2424121200
26,986,241734202695800,2078900,2450965600,2458687800
26,1002,241734237525600,2133300,2485795400,2493517600
26,1018,241734271481500,2152300,2519751300,2527473500
26,1034,241734305237500,2082700,2553507300,2561229500
26,1050,241734341145000,2149700,2589414800,2597137000
26,1066,241734382233100,2259200,2630502900,2638225100
26,1082,241734418419400,2257500,2666689200,2674411400
26,1098,241734454802300,2405500,2703072100,2710794300
26,1114,241734490525200,2183300,2738795000,2746517200
26,1130,241734525253700,2180100,2773523500,2781245700
26,1146,241734560323400,2327700,2808593200,2816315400
26,1162,241734595718100,2273000,2843987900,2851710100
26,1178,241734632432500,2234200,2880702300,2888424500
26,1194,241734672756800,2249000,2921026600,2928748800
26,1210,241734707587700,2136200,2955857500,2963579700
26,1226,241734742990200,2178100,2991260000,2998982200
26,1242,241734786642600,2812100,3034912400,3042634600
26,1258,241734837514500,2772000,3085784300,3093506500
26,1274,241734882665700,3003500,3130935500,3138657700
26,1290,241734930999200,2623900,3179269000,3186991200
26,1306,241734975552800,2677700,3223822600,3231544800
26,1322,241735018093700,2638300,3266363500,3274085700
26,1338,241735068190800,2784400,3316460600,3324182800
26,1354,241735113168900,3087300,3361438700,3369160900
26,1370,241735160366500,3021800,3408636300,3416358500
26,1386,241735205031400,2700400,3453301200,3461023400
26,1402,241735251040600,2936000,3499310400,3507032600
26,1418,241735302694300,3076600,3550964100,3558686300
26,1434,241735350364700,2692000,3598634500,3606356700
26,1450,241735395701200,2652400,3643971000,3651693200
26,1466,241735448500300,2943900,3696770100,3704492300
26,1482,241735495461400,2927900,3743731200,3751453400
26,1498,241735543866700,3780100,3792136500,3799858700
26,1514,241735597169800,3416700,3845439600,3853161800
26,1530,241735651049600,3112800,3899319400,3907041600
26,1546,241735699999000,3183400,3948268800,3955991000
26,1562,241735750512100,2841200,3998781900,4006504100
26,1578,241735795478600,3020100,4043748400,4051470600
26,1594,241735849549900,2912000,4097819700,4105541900
26,1610,241735893295000,2636700,4141564800,4149287000
26,1626,241735935674800,2882800,4183944600,4191666800
26,1642,241735985701200,2681000,4233971000,4241693200
26,1658,241736032701300,2623800,4280971100,4288693300
26,1674,241736077000000,2733600,4325269800,4332992000
26,1690,241736123732600,2748100,4372002400,4379724600
26,1706,241736166400900,2749200,4414670700,4422392900
26,1722,241736211333900,3020800,4459603700,4467325900
26,1738,241736265906400,3081200,4514176200,4521898400
26,1754,241736313374200,3335000,4561644000,4569366200
26,1770,241736364155200,2440300,4612425000,4620147200
26,1786,241736407071600,3391300,4655341400,4663063600
26,1802,241736458125400,3083200,4706395200,4714117400
26,1818,241736508174100,3254700,4756443900,4764166100
26,1834,241736561961300,3627900,4810231100,4817953300
26,1850,241736616739500,3432300,4865009300,4872731500
26,1866,241736680129600,3227100,4928399400,4936121600
26,1882,241736724797600,2723600,4973067400,4980789600
26,1898,241736768065900,3037100,5016335700,5024057900
26,1914,241736816357100,2980300,5064626900,5072349100
26,1930,241736864032300,3045900,5112302100,5120024300
26,1946,241736908993700,3041900,5157263500,5164985700
26,1962,241736953471800,2790600,5201741600,5209463800
26,1978,241736998214100,2734200,5246483900,5254206100
26,1994,241737050556200,2716400,5298826000,5306548200
26,2010,241737096039100,3013500,5344308900,5352031100
26,2026,241737142461900,2875700,5390731700,5398453900
26,2042,241737189330500,2958900,5437600300,5445322500
27,11,241731928788700,3289400,177058500,184780700
27,27,241731966481400,2365100,214751200,222473400
27,43,241732002812000,2150700,251081800,258804000
27,59,241732037692000,2195400,285961800,293684000
27,75,241732072820400,2115700,321090200,328812400
27,91,241732107559700,2183100,355829500,363551700
27,107,241732142407000,2201600,390676800,398399000
27,123,241732178892600,2240000,427162400,434884600
27,139,241732233817100,2201500,482086900,489809100
27,155,241732269753900,2332700,518023700,525745900
27,171,241732305797600,2239600,554067400,561789600
27,187,241732343055400,2240600,591325200,599047400
27,203,241732379070000,2104400,627339800,635062000
27,219,241732413178500,2157300,661448300,669170500
27,235,241732448175900,2150100,696445700,704167900
27,251,241732483029300,2482300,731299100,739021300
27,267,241732537205000,2087700,785474800,793197000
27,283,241732571943700,2078200,820213500,827935700
27,299,241732606359400,2132700,854629200,862351400
27,315,241732647056700,2091100,895326500,903048700
27,331,241732681945800,2160300,930215600,937937800
27,347,241732717438900,2258400,965708700,973430900
27,363,241732752950300,2309900,1001220100,1008942300
27,379,241732788964500,2192200,1037234300,1044956500
27,395,241732844878200,2650800,1093148000,1100870200
27,411,241732881043000,2352600,1129312800,1137035000
27,427,241732915648200,2088700,1163918000,1171640200
27,443,241732949955000,2167200,1198224800,1205947000
27,459,241732984734000,2137000,1233003800,1240726000
27,475,241733019800000,2230100,1268069800,1275792000
27,491,241733054474100,2552900,1302743900,1310466100
27,507,241733089218900,2049600,1337488700,1345210900
27,523,241733122715300,2042500,1370985100,1378707300
27,539,241733175610100,2235700,1423879900,1431602100
27,555,241733210669500,2085300,1458939300,1466661500
27,571,241733244211200,2116500,1492481000,1500203200
27,587,241733278750600,2120300,1527020400,1534742600
27,603,241733312776500,2142700,1561046300,1568768500
27,619,241733347178800,2110700,1595448600,1603170800
27,635,241733381079400,2118900,1629349200,1637071400
27,651,241733414801200,2111200,1663071000,1670793200
27,667,241733467461400,2126900,1715731200,1723453400
27,683,241733502201200,2137300,1750471000,1758193200
27,699,241733536860000,2109800,1785129800,1792852000
27,715,241733571214300,2121700,1819484100,1827206300
27,731,241733605446400,2085100,1853716200,1861438400
27,747,241733639109900,2105300,1887379700,1895101900
27,763,241733672859200,2103600,1921129000,1928851200
27,779,241733711722800,2217300,1959992600,1967714800
27,795,241733766954000,2173700,2015223800,2022946000
27,811,241733801902700,2175500,2050172500,2057894700
27,827,241733836294600,2191100,2084564400,2092286600
27,843,241733870466800,2111900,2118736600,2126458800
27,859,241733905922100,2232500,2154191900,2161914100
27,875,241733941137400,2118200,2189407200,2197129400
27,891,241733976354100,2149000,2224623900,2232346100
27,907,241734012418100,2088200,2260687900,2268410100
27,923,241734046037900,2113200,2294307700,2302029900
27,939,241734099966800,2128100,2348236600,2355958800
27,955,241734135179400,2139800,2383449200,2391171400
27,971,241734169095300,2286300,2417365100,2425087300
27,987,241734203616100,2228000,2451885900,2459608100
27,1003,241734238521900,2143600,2486791700,2494513900
27,1019,241734272479800,2161400,2520749600,2528471800
27,1035,241734306244200,2139100,2554514000,2562236200
27,1051,241734341750600,2146900,2590020400,2597742600
27,1067,241734382825100,2300700,2631094900,2638817100
27,1083,241734418875300,2243800,2667145100,2674867300
27,1099,241734455168300,2347500,2703438100,2711160300
27,1115,241734490843600,2191000,2739113400,2746835600
27,1131,241734525580700,2163900,2773850500,2781572700
27,1147,241734560714800,2337600,2808984600,2816706800
27,1163,241734596134300,2300800,2844404100,2852126300
27,1179,241734632689600,2173500,2880959400,2888681600
27,1195,241734672928800,2240500,2921198600,2928920800
27,1211,241734707758500,2138000,2956028300,2963750500
27,1227,241734743109800,2171600,2991379600,2999101800
27,1243,241734786789800,2824200,3035059600,3042781800
27,1259,241734837706800,2756000,3085976600,3093698800
27,1275,241734882885000,2992800,3131154800,3138877000
27,1291,241734931171300,2627100,3179441100,3187163300
27,1307,241734975725700,2717000,3223995500,3231717700
27,1323,241735018281000,2650900,3266550800,3274273000
27,1339,241735068417000,2673900,3316686800,3324409000
27,1355,241735113251500,3086700,3361521300,3369243500
27,1371,241735160531500,3039000,3408801300,3416523500
27,1387,241735205200600,2684900,3453470400,3461192600
27,1403,241735251217000,2911600,3499486800,3507209000
27,1419,241735302868200,3068700,3551138000,3558860200
27,1435,241735350509900,2691000,3598779700,3606501900
27,1451,241735395847600,2611800,3644117400,3651839600
27,1467,241735448634900,2939800,3696904700,3704626900
27,1483,241735495594500,2925300,3743864300,3751586500
27,1499,241735544054800,3792200,3792324600,3800046800
27,1515,241735597403600,3407000,3845673400,3853395600
27,1531,241735651190200,3077100,3899460000,3907182200
27,1547,241735700165100,3210300,3948434900,3956157100
27,1563,241735750667500,2832900,3998937300,4006659500
27,1579,241735795645200,3029900,4043915000,4051637200
27,1595,241735849753500,2906500,4098023300,4105745500
27,1611,241735893467400,2641600,4141737200,4149459400
27,1627,241735935850900,2914800,4184120700,4191842900
27,1643,241735985882100,2682900,4234151900,4241874100
27,1659,241736031288100,2632600,4279557900,4287280100
27,1675,241736075524000,2704300,4323793800,4331516000
27,1691,241736122148200,2757700,4370418000,4378140200
27,1707,241736164885500,2761400,4413155300,4420877500
27,1723,241736209649000,3050400,4457918800,4465641000
27,1739,241736264302300,3012800,4512572100,4520294300
27,1755,241736311509400,3293000,4559779200,4567501400
27,1771,241736362633300,2679900,4610903100,4618625300
27,1787,241736405851800,3243100,4654121600,4661843800
27,1803,241736456775300,3077200,4705045100,4712767300
27,1819,241736506727800,3274100,4754997600,4762719800
27,1835,241736560702000,3574300,4808971800,4816694000
27,1851,241736615537700,3385100,4863807500,4871529700
27,1867,241736678895300,3255200,4927165100,4934887300
27,1883,241736723592100,2947700,4971861900,4979584100
27,1899,241736766881000,3006700,5015150800,5022873000
27,1915,241736815378400,2765800,5063648200,5071370400
27,1931,241736862879200,2989800,5111149000,5118871200
27,1947,241736907754100,3045600,5156023900,5163746100
27,1963,241736952343800,2856600,5200613600,5208335800
27,1979,241736997098100,2776900,5245367900,5253090100
27,1995,241737049461500,2646100,5297731300,5305453500
27,2011,241737094796600,2999700,5343066400,5350788600
27,2027,241737141320200,2857300,5389590000,5397312200
27,2043,241737188190400,2906000,5436460200,5444182400
28,12,241731932185500,2388800,180455300,188177500
28,28,241731968817800,2495200,217087600,224809800
28,44,241732004850400,2126700,253120200,260842400
28,60,241732039827200,2177800,288097000,295819200
28,76,241732074824700,2192800,323094500,330816700
28,92,241732109537000,2146600,357806800,365529000
28,108,241732144438500,2114900,392708300,400430500
28,124,241732181044300,2313400,429314100,437036300
28,140,241732235991000,2196500,484260800,491983000
28,156,241732272052500,2428300,520322300,528044500
28,172,241732308010700,2336500,556280500,564002700
28,188,241732345177500,2338300,593447300,601169500
28,204,241732381120700,2075800,629390500,637112700
28,220,241732415278100,2166700,663547900,671270100
28,236,241732450266200,2219400,698536000,706258200
28,252,241732485338400,2301200,733608200,741330400
28,268,241732539099200,2101200,787369000,795091200
28,284,241732573809400,2066100,822079200,829801400
28,300,241732608220900,2113500,856490700,864212900
28,316,241732649397500,2087100,897667300,905389500
28,332,241732684516400,2143000,932786200,940508400
28,348,241732720012200,2277100,968282000,976004200
28,364,241732755600800,2329100,1003870600,1011592800
28,380,241732791480800,2192700,1039750600,1047472800
28,396,241732847730400,2275600,1096000200,1103722400
28,412,241732883599800,2224100,1131869600,1139591800
28,428,241732917938300,2110400,1166208100,1173930300
28,444,241732952467600,2209900,1200737400,1208459600
28,460,241732987186800,2321500,1235456600,1243178800
28,476,241733022308500,2112800,1270578300,1278300500
28,492,241733057953200,2260300,1306223000,1313945200
28,508,241733092112500,2072700,1340382300,1348104500
28,524,241733125625500,2080400,1373895300,1381617500
28,540,241733178724300,2318800,1426994100,1434716300
28,556,241733213562700,2097200,1461832500,1469554700
28,572,241733247085700,2106800,1495355500,1503077700
28,588,241733281556800,2099700,1529826600,1537548800
28,604,241733315576900,2139100,1563846700,1571568900
28,620,241733349945400,2133400,1598215200,1605937400
28,636,241733383859600,2123000,1632129400,1639851600
28,652,241733417569600,2086500,1665839400,1673561600
28,668,241733470379600,2108500,1718649400,1726371600
28,684,241733505300600,2131900,1753570400,1761292600
28,700,241733540070700,2096100,1788340500,1796062700
28,716,241733574367100,2116100,1822636900,1830359100
28,732,241733608629500,2098600,1856899300,1864621500
28,748,241733642356400,2130000,1890626200,1898348400
28,764,241733676119100,2096500,1924388900,1932111100
28,780,241733715232800,2118300,1963502600,1971224800
28,796,241733770462200,2122600,2018732000,2026454200
28,812,241733805509900,2182000,2053779700,2061501900
28,828,241733839852100,2104800,2088121900,2095844100
28,844,241733873974900,2127400,2122244700,2129966900
28,860,241733909517500,2267800,2157787300,2165509500
28,876,241733944515500,2140100,2192785300,2200507500
28,892,241733979921000,2351100,2228190800,2235913000
28,908,241734015842100,2086500,2264111900,2271834100
28,924,241734049483600,2088700,2297753400,2305475600
28,940,241734103721800,2513600,2351991600,2359713800
28,956,241734138862400,2135800,2387132200,2394854400
28,972,241734172937300,2048900,2421207100,2428929300
28,988,241734207424900,2266600,2455694700,2463416900
28,1004,241734242114400,2123600,2490384200,2498106400
28,1020,241734276089900,2105000,2524359700,2532081900
28,1036,241734309963300,2264900,2558233100,2565955300
28,1052,241734345707500,2182000,2593977300,2601699500
28,1068,241734386977500,2208300,2635247300,2642969500
28,1084,241734422956400,2241900,2671226200,2678948400
28,1100,241734459470300,2251700,2707740100,2715462300
28,1116,241734494859600,2150000,2743129400,2750851600
28,1132,241734529526400,2154500,2777796200,2785518400
28,1148,241734564999700,2309500,2813269500,2820991700
28,1164,241734600496500,2206000,2848766300,2856488500
28,1180,241734636767800,2195700,2885037600,2892759800
28,1196,241734677041800,2130400,2925311600,2933033800
28,1212,241734711787900,2117800,2960057700,2967779900
28,1228,241734747336600,2142700,2995606400,3003328600
28,1244,241734792470600,2903100,3040740400,3048462600
28,1260,241734843056500,2756900,3091326300,3099048500
28,1276,241734888700200,3014200,3136970000,3144692200
28,1292,241734936254700,2530000,3184524500,3192246700
28,1308,241734981071000,2565900,3229340800,3237063000
28,1324,241735023483000,2962000,3271752800,3279475000
28,1340,241735073778100,2687600,3322047900,3329770100
28,1356,241735119006400,2946300,3367276200,3374998400
28,1372,241735166427500,2980200,3414697300,3422419500
28,1388,241735210631500,2761900,3458901300,3466623500
28,1404,241735256960300,2956400,3505230100,3512952300
28,1420,241735308828600,2981300,3557098400,3564820600
28,1436,241735355782100,2706600,3604051900,3611774100
28,1452,241735401324900,2820600,3649594700,3657316900
28,1468,241735454424800,2876600,3702694600,3710416800
28,1484,241735501363000,2953700,3749632800,3757355000
28,1500,241735550688000,2852500,3798957800,3806680000
28,1516,241735604025600,3549300,3852295400,3860017600
28,1532,241735657197500,3090300,3905467300,3913189500
28,1548,241735706471600,2938800,3954741400,3962463600
28,1564,241735756332800,2869000,4004602600,4012324800
28,1580,241735801668200,3070700,4049938000,4057660200
28,1596,241735855510000,3038300,4103779800,4111502000
28,1612,241735898640600,2646200,4146910400,4154632600
28,1628,241735941412200,2757700,4189682000,4197404200
28,1644,241735991221500,2721600,4239491300,4247213500
28,1660,241736036121700,2740600,4284391500,4292113700
28,1676,241736080502000,2996900,4328771800,4336494000
28,1692,241736127332300,2638600,4375602100,4383324300
28,1708,241736169901700,2720300,4418171500,4425893700
28,1724,241736215150600,3008700,4463420400,4471142600
28,1740,241736269839300,3078000,4518109100,4525831300
28,1756,241736317480000,3211300,4565749800,4573472000
28,1772,241736367223400,2406100,4615493200,4623215400
28,1788,241736411428100,3245800,4659697900,4667420100
28,1804,241736462160000,3179600,4710429800,4718152000
28,1820,241736512249400,3252900,4760519200,4768241400
28,1836,241736566595900,3467000,4814865700,4822587900
28,1852,241736621129200,3423200,4869399000,4877121200
28,1868,241736684292400,2827000,4932562200,4940284400
28,1884,241736728284000,2626700,4976553800,4984276000
28,1900,241736771936200,3017300,5020206000,5027928200
28,1916,241736820223200,3006300,5068493000,5076215200
28,1932,241736867868700,2774000,5116138500,5123860700
28,1948,241736912877900,2888300,5161147700,5168869900
28,1964,241736957139100,2946900,5205408900,5213131100
28,1980,241737001804800,2736700,5250074600,5257796800
28,1996,241737054165400,2841600,5302435200,5310157400
28,2012,241737099982000,2893700,5348251800,5355974000
28,2028,241737146314100,2843400,5394583900,5402306100
28,2044,241737193267000,2900500,5441536800,5449259000
29,13,241731934671100,2255300,182940900,190663100
29,29,241731971384200,2241200,219654000,227376200
29,45,241732007041100,2155500,255310900,263033100
29,61,241732042119000,2153700,290388800,298111000
29,77,241732077193100,2180900,325462900,333185100
29,93,241732111801300,2093700,360071100,367793300
29,109,241732146639500,2161900,394909300,402631500
29,125,241732183393900,2211900,431663700,439385900
29,141,241732238157900,2231200,486427700,494149900
29,157,241732274450200,2409000,522720000,530442200
29,173,241732310319700,2211700,558589500,566311700
29,189,241732347703100,2437700,595972900,603695100
29,205,241732383286300,2092700,631556100,639278300
29,221,241732417541300,2239800,665811100,673533300
29,237,241732452575400,2141800,700845200,708567400
29,253,241732487810700,2185600,736080500,743802700
29,269,241732541338600,2125700,789608400,797330600
29,285,241732576013200,2096700,824283000,832005200
29,301,241732610504900,2117100,858774700,866496900
29,317,241732651601600,2109100,899871400,907593600
29,333,241732686600400,2202200,934870200,942592400
29,349,241732722323200,2158800,970593000,978315200
29,365,241732758078000,2352900,1006347800,1014070000
29,381,241732793818600,2200800,1042088400,1049810600
29,397,241732850236800,2242100,1098506600,1106228800
29,413,241732886072500,2166000,1134342300,1142064500
29,429,241732920286200,2093700,1168556000,1176278200
29,445,241732954708800,2187600,1202978600,1210700800
29,461,241732989571900,2202200,1237841700,1245563900
29,477,241733024483300,2124000,1272753100,1280475300
29,493,241733059934600,2239500,1308204400,1315926600
29,509,241733093921900,2084500,1342191700,1349913900
29,525,241733127479100,20638600,1375748900,1383471100
29,541,241733180776400,2260200,1429046200,1436768400
29,557,241733215341600,2084500,1463611400,1471333600
29,573,241733248873800,2121800,1497143600,1504865800
29,589,241733283457200,2106100,1531727000,1539449200
29,605,241733317568700,2332000,1565838500,1573560700
29,621,241733351935300,2113700,1600205100,1607927300
29,637,241733385802200,2129400,1634072000,1641794200
29,653,241733419522100,2080300,1667791900,1675514100
29,669,241733472281800,2111800,1720551600,1728273800
29,685,241733507116400,2112700,1755386200,1763108400
29,701,241733541887900,2111000,1790157700,1797879900
29,717,241733576277300,2138300,1824547100,1832269300
29,733,241733610476500,2109900,1858746300,1866468500
29,749,241733644199100,2084600,1892468900,1900191100
29,765,241733677954200,2087900,1926224000,1933946200
29,781,241733717015800,2203700,1965285600,1973007800
29,797,241733772184300,2098500,2020454100,2028176300
29,813,241733807281000,2134500,2055550800,2063273000
29,829,241733841524600,2133700,2089794400,2097516600
29,845,241733875677200,2097800,2123947000,2131669200
29,861,241733911613500,2227900,2159883300,2167605500
29,877,241733946464100,2146500,2194733900,2202456100
29,893,241733981991500,2291800,2230261300,2237983500
29,909,241734017586200,2071800,2265856000,2273578200
29,925,241734051231400,2077800,2299501200,2307223400
29,941,241734105477500,2541600,2353747300,2361469500
29,957,241734140415300,2109200,2388685100,2396407300
29,973,241734174455500,2137800,2422725300,2430447500
29,989,241734209162400,2187800,2457432200,2465154400
29,1005,241734243801700,2180700,2492071500,2499793700
29,1021,241734277782300,2092000,2526052100,2533774300
29,1037,241734311596100,2388100,2559865900,2567588100
29,1053,241734347284700,2114200,2595554500,2603276700
29,1069,241734388503900,2470200,2636773700,2644495900
29,1085,241734424496100,2269200,2672765900,2680488100
29,1101,241734460976100,2263100,2709245900,2716968100
29,1117,241734496350800,2131900,2744620600,2752342800
29,1133,241734531025900,2154600,2779295700,2787017900
29,1149,241734566579400,2311700,2814849200,2822571400
29,1165,241734601992800,2299700,2850262600,2857984800
29,1181,241734638270700,2182400,2886540500,2894262700
29,1197,241734678547400,2116400,2926817200,2934539400
29,1213,241734713234900,2135500,2961504700,2969226900
29,1229,241734748712000,2144600,2996981800,3004704000
29,1245,241734794292600,2965500,3042562400,3050284600
29,1261,241734844867200,2707300,3093137000,3100859200
29,1277,241734890676400,2994200,3138946200,3146668400
29,1293,241734937871200,2585400,3186141000,3193863200
29,1309,241734982671700,2588300,3230941500,3238663700
29,1325,241735025284300,2908200,3273554100,3281276300
29,1341,241735075439600,2707700,3323709400,3331431600
29,1357,241735120892500,2847500,3369162300,3376884500
29,1373,241735168334500,2765300,3416604300,3424326500
29,1389,241735212369600,2702000,3460639400,3468361600
29,1405,241735258756200,2972200,3507026000,3514748200
29,1421,241735310680900,3071000,3558950700,3566672900
29,1437,241735357630300,2674200,3605900100,3613622300
29,1453,241735403227700,2928100,3651497500,3659219700
29,1469,241735456385100,2897700,3704654900,3712377100
29,1485,241735503406200,2903700,3751676000,3759398200
29,1501,241735552612900,2894400,3800882700,3808604900
29,1517,241735606597100,3303900,3854866900,3862589100
29,1533,241735659020600,3048700,3907290400,3915012600
29,1549,241735708298600,2807600,3956568400,3964290600
29,1565,241735758198400,2678800,4006468200,4014190400
29,1581,241735803644000,3035700,4051913800,4059636000
29,1597,241735856746100,2984800,4105015900,4112738100
29,1613,241735899696300,2665600,4147966100,4155688300
29,1629,241735942522300,2728200,4190792100,4198514300
29,1645,241735992298200,2738800,4240568000,4248290200
29,1661,241736039341200,2649300,4287611000,4295333200
29,1677,241736084003200,3003000,4332273000,4339995200
29,1693,241736130384400,2594900,4378654200,4386376400
29,1709,241736173055400,2527200,4421325200,4429047400
29,1725,241736218582800,8848400,4466852600,4474574800
29,1741,241736273329400,2902500,4521599200,4529321400
29,1757,241736321145300,3256500,4569415100,4577137300
29,1773,241736369838000,2793100,4618107800,4625830000
29,1789,241736414923900,3265200,4663193700,4670915900
29,1805,241736465629600,3082400,4713899400,4721621600
29,1821,241736515864200,3357100,4764134000,4771856200
29,1837,241736570419200,3324300,4818689000,4826411200
29,1853,241736624927400,3410300,4873197200,4880919400
29,1869,241736687423800,2662200,4935693600,4943415800
29,1885,241736731183300,2545800,4979453100,4987175300
29,1901,241736775314200,3039000,5023584000,5031306200
29,1917,241736823567900,3056400,5071837700,5079559900
29,1933,241736870986200,2811600,5119256000,5126978200
29,1949,241736916148500,2902300,5164418300,5172140500
29,1965,241736960468100,2761400,5208737900,5216460100
29,1981,241737004895500,3043300,5253165300,5260887500
29,1997,241737057341100,2756700,5305610900,5313333100
29,2013,241737103253700,2726400,5351523500,5359245700
29,2029,241737149526400,2954200,5397796200,5405518400
29,2045,241737196515300,3753000,5444785100,5452507300
30,14,241731936962300,2270600,185232100,192954300
30,30,241731973960400,2225700,222230200,229952400
30,46,241732009511800,2275100,257781600,265503800
30,62,241732044659700,2202900,292929500,300651700
30,78,241732079755100,2186600,328024900,335747100
30,94,241732114322100,2114400,362591900,370314100
30,110,241732149198700,2105200,397468500,405190700
30,126,241732186123000,2180700,434392800,442115000
30,142,241732240829400,2182400,489099200,496821400
30,158,241732277316400,2496000,525586200,533308400
30,174,241732313034000,2547000,561303800,569026000
30,190,241732350432000,2361300,598701800,606424000
30,206,241732385713700,2182900,633983500,641705700
30,222,241732420056600,2210700,668326400,676048600
30,238,241732454988000,2169200,703257800,710980000
30,254,241732490183700,2140000,738453500,746175700
30,270,241732543795700,2227400,792065500,799787700
30,286,241732578569600,2088400,826839400,834561600
30,302,241732613813800,4149500,862083600,869805800
30,318,241732654161600,2260500,902431400,910153600
30,334,241732689298600,2227600,937568400,945290600
30,350,241732725039300,2122500,973309100,981031300
30,366,241732760852400,2314900,1009122200,1016844400
30,382,241732796426500,2195800,1044696300,1052418500
30,398,241732853032300,2152500,1101302100,1109024300
30,414,241732888756500,2296300,1137026300,1144748500
30,430,241732922850900,2130300,1171120700,1178842900
30,446,241732957428300,2086400,1205698100,1213420300
30,462,241732992264900,2175100,1240534700,1248256900
30,478,241733027170700,2152100,1275440500,1283162700
30,494,241733062738800,2220700,1311008600,1318730800
30,510,241733096509700,2293600,1344779500,1352501700
30,526,241733148714500,2277300,1396984300,1404706500
30,542,241733183636800,2188900,1431906600,1439628800
30,558,241733218012400,2094800,1466282200,1474004400
30,574,241733251589900,2085800,1499859700,1507581900
30,590,241733286084800,2193900,1534354600,1542076800
30,606,241733320444800,2102800,1568714600,1576436800
30,622,241733354554000,2135300,1602823800,1610546000
30,638,241733388390100,2118700,1636659900,1644382100
30,654,241733422015100,2098200,1670284900,1678007100
30,670,241733474835700,2114000,1723105500,1730827700
30,686,241733510316900,2116500,1758586700,1766308900
30,702,241733545051900,2113800,1793321700,1801043900
30,718,241733579402600,2098900,1827672400,1835394600
30,734,241733613557000,2115300,1861826800,1869549000
30,750,241733647250400,2121000,1895520200,1903242400
30,766,241733681012700,2093100,1929282500,1937004700
30,782,241733720092100,2177100,1968361900,1976084100
30,798,241733775247500,2233700,2023517300,2031239500
30,814,241733810346500,2121400,2058616300,2066338500
30,830,241733844611300,2132900,2092881100,2100603300
30,846,241733878714100,2098100,2126983900,2134706100
30,862,241733915422300,2228800,2163692100,2171414300
30,878,241733950266500,2299300,2198536300,2206258500
30,894,241733985837200,2330700,2234107000,2241829200
30,910,241734021260500,2101800,2269530300,2277252500
30,926,241734074337000,2285300,2322606800,2330329000
30,942,241734109818700,2218900,2358088500,2365810700
30,958,241734144123300,2133000,2392393100,2400115300
30,974,241734178116900,2136400,2426386700,2434108900
30,990,241734212874600,2196900,2461144400,2468866600
30,1006,241734247442200,2133600,2495712000,2503434200
30,1022,241734281350900,2139900,2529620700,2537342900
30,1038,241734315849000,2304800,2564118800,2571841000
30,1054,241734351366200,2291700,2599636000,2607358200
30,1070,241734393183200,2195700,2641453000,2649175200
30,1086,241734428811000,2157400,2677080800,2684803000
30,1102,241734465519300,2206400,2713789100,2721511300
30,1118,241734500753800,2106800,2749023600,2756745800
30,1134,241734535380300,2118900,2783650100,2791372300
30,1150,241734571288300,2222500,2819558100,2827280300
30,1166,241734606671300,2194200,2854941100,2862663300
30,1182,241734642872000,2158700,2891141800,2898864000
30,1198,241734682866500,2135800,2931136300,2938858500
30,1214,241734717661900,2224900,2965931700,2973653900
30,1230,241734753834100,3083600,3002103900,3009826100
30,1246,241734800658600,2945200,3048928400,3056650600
30,1262,241734850912300,2773900,3099182100,3106904300
30,1278,241734896863600,3838500,3145133400,3152855600
30,1294,241734943655500,2779900,3191925300,3199647500
30,1310,241734988271200,2489000,3236541000,3244263200
30,1326,241735037309800,2794100,3285579600,3293301800
30,1342,241735081421000,2696700,3329690800,3337413000
30,1358,241735127224300,2991900,3375494100,3383216300
30,1374,241735174215900,2777300,3422485700,3430207900
30,1390,241735218148400,2690300,3466418200,3474140400
30,1406,241735265041200,2924400,3513311000,3521033200
30,1422,241735317404500,3203300,3565674300,3573396500
30,1438,241735363306500,2812200,3611576300,3619298500
30,1454,241735409414500,2951100,3657684300,3665406500
30,1470,241735462513200,2987700,3710783000,3718505200
30,1486,241735509512100,2929000,3757781900,3765504100
30,1502,241735559045700,3655600,3807315500,3815037700
30,1518,241735613759400,3478000,3862029200,3869751400
30,1534,241735665707500,2587300,3913977300,3921699500
30,1550,241735714788700,3188300,3963058500,3970780700
30,1566,241735763925500,3041800,4012195300,4019917500
30,1582,241735810163100,3122500,4058432900,4066155100
30,1598,241735863565400,2611600,4111835200,4119557400
30,1614,241735905902000,2610100,4154171800,4161894000
30,1630,241735952976900,3047400,4201246700,4208968900
30,1646,241735999039400,2970700,4247309200,4255031400
30,1662,241736046243300,2957400,4294513100,4302235300
30,1678,241736091808600,2953100,4340078400,4347800600
30,1694,241736137250700,2624100,4385520500,4393242700
30,1710,241736181062300,2915800,4429332100,4437054300
30,1726,241736232595500,3044700,4480865300,4488587500
30,1742,241736280892600,2688200,4529162400,4536884600
30,1758,241736329849800,3256000,4578119600,4585841800
30,1774,241736377146400,2901700,4625416200,4633138400
30,1790,241736423698800,3374500,4671968600,4679690800
30,1806,241736473810500,2853300,4722080300,4729802500
30,1822,241736525113000,3408600,4773382800,4781105000
30,1838,241736579417400,3412700,4827687200,4835409400
30,1854,241736634003000,3423700,4882272800,4889995000
30,1870,241736694485300,2471400,4942755100,4950477300
30,1886,241736738013800,2590900,4986283600,4994005800
30,1902,241736783289300,3010200,5031559100,5039281300
30,1918,241736831624000,3026600,5079893800,5087616000
30,1934,241736878237900,2834500,5126507700,5134229900
30,1950,241736923698700,2864400,5171968500,5179690700
30,1966,241736967609200,2717700,5215879000,5223601200
30,1982,241737012599700,3008800,5260869500,5268591700
30,1998,241737064449200,2793400,5312719000,5320441200
30,2014,241737110262900,2718300,5358532700,5366254900
30,2030,241737157009800,2895200,5405279600,5413001800
30,2046,241737206125200,2445200,5454395000,5462117200
31,15,241731939301700,2248000,187571500,195293700
31,31,241731976039100,2336500,224308900,232031100
31,47,241732011676800,2177500,259946600,267668800
31,63,241732046738000,2247900,295007800,302730000
31,79,241732081802300,2133300,330072100,337794300
31,95,241732116319600,2120300,364589400,372311600
31,111,241732151193900,2388000,399463700,407185900
31,127,241732188099700,21163400,436369500,444091700
31,143,241732242792300,2075100,491062100,498784300
31,159,241732279605700,2162100,527875500,535597700
31,175,241732315391500,2388000,563661300,571383500
31,191,241732352585000,2198000,600854800,608577000
31,207,241732387663600,2138700,635933400,643655600
31,223,241732422043900,2126700,670313700,678035900
31,239,241732456935700,2155900,705205500,712927700
31,255,241732492242900,2179200,740512700,748234900
31,271,241732545837900,2211000,794107700,801829900
31,287,241732580391500,2158100,828661300,836383500
31,303,241732617228700,5171100,865498500,873220700
31,319,241732656118300,2161300,904388100,912110300
31,335,241732691294800,2217100,939564600,947286800
31,351,241732726931700,2139200,975201500,982923700
31,367,241732762945800,2235400,1011215600,1018937800
31,383,241732798460300,2222400,1046730100,1054452300
31,399,241732855040200,2190900,1103310000,1111032200
31,415,241732890871000,2141300,1139140800,1146863000
31,431,241732924836700,2091300,1173106500,1180828700
31,447,241732959483800,2136400,1207753600,1215475800
31,463,241732994381400,2242900,1242651200,1250373400
31,479,241733029204200,2121400,1277474000,1285196200
31,495,241733064995800,2239700,1313265600,1320987800
31,511,241733098864800,2081400,1347134600,1354856800
31,527,241733151085800,2191800,1399355600,1407077800
31,543,241733185883600,2161700,1434153400,1441875600
31,559,241733220196400,2087800,1468466200,1476188400
31,575,241733253735000,2089700,1502004800,1509727000
31,591,241733288344800,2143900,1536614600,1544336800
31,607,241733322634800,2059700,1570904600,1578626800
31,623,241733356773400,2118700,1605043200,1612765400
31,639,241733390631400,2068900,1638901200,1646623400
31,655,241733424226600,2122500,1672496400,1680218600
31,671,241733477048300,2030200,1725318100,1733040300
31,687,241733511691800,2122400,1759961600,1767683800
31,703,241733546358700,2117500,1794628500,1802350700
31,719,241733580697200,2107800,1828967000,1836689200
31,735,241733614878900,2128500,1863148700,1870870900
31,751,241733648596000,2110200,1896865800,1904588000
31,767,241733682307400,2101100,1930577200,1938299400
31,783,241733721497300,2185800,1969767100,1977489300
31,799,241733776777200,2157600,2025047000,2032769200
31,815,241733811747100,2182900,2060016900,2067739100
31,831,241733845967200,2153500,2094237000,2101959200
31,847,241733880037600,2083200,2128307400,2136029600
31,863,241733916187000,2218200,2164456800,2172179000
31,879,241733951042400,2266700,2199312200,2207034400
31,895,241733986727000,2398200,2234996800,2242719000
31,911,241734021988900,2090500,2270258700,2277980900
31,927,241734075154200,2178800,2323424000,2331146200
31,943,241734110558000,2224100,2358827800,2366550000
31,959,241734144848600,2120100,2393118400,2400840600
31,975,241734178890700,2125800,2427160500,2434882700
31,991,241734213706200,2191200,2461976000,2469698200
31,1007,241734248223200,2120700,2496493000,2504215200
31,1023,241734282147300,2114400,2530417100,2538139300
31,1039,241734316346500,2320400,2564616300,2572338500
31,1055,241734351625400,2299300,2599895200,2607617400
31,1071,241734393466600,2201900,2641736400,2649458600
31,1087,241734429077600,2165400,2677347400,2685069600
31,1103,241734465702600,2199900,2713972400,2721694600
31,1119,241734500891200,2108400,2749161000,2756883200
31,1135,241734535518000,2123200,2783787800,2791510000
31,1151,241734571436400,2241800,2819706200,2827428400
31,1167,241734606806200,2201700,2855076000,2862798200
31,1183,241734643061600,2171000,2891331400,2899053600
31,1199,241734683069700,2131100,2931339500,2939061700
31,1215,241734717810600,2223400,2966080400,2973802600
31,1231,241734753744600,3092800,3002014400,3009736600
31,1247,241734800577600,2943300,3048847400,3056569600
31,1263,241734850842900,2776200,3099112700,3106834900
31,1279,241734896805500,3602500,3145075300,3152797500
31,1295,241734943518400,2814100,3191788200,3199510400
31,1311,241734988130600,2504900,3236400400,3244122600
31,1327,241735037058900,2845900,3285328700,3293050900
31,1343,241735081115900,2702700,3329385700,3337107900
31,1359,241735127465300,2992900,3375735100,3383457300
31,1375,241735174482600,2739200,3422752400,3430474600
31,1391,241735218408100,2673600,3466677900,3474400100
31,1407,241735265371500,2912300,3513641300,3521363500
31,1423,241735317888900,3159300,3566158700,3573880900
31,1439,241735363583900,2768200,3611853700,3619575900
31,1455,241735409577900,2950800,3657847700,3665569900
31,1471,241735462700700,2982600,3710970500,3718692700
31,1487,241735509695100,2920000,3757964900,3765687100
31,1503,241735559230800,3653400,3807500600,3815222800
31,1519,241735613949300,3469200,3862219100,3869941300
31,1535,241735665970000,2584900,3914239800,3921962000
31,1551,241735715090200,3269100,3963360000,3971082200
31,1567,241735764203800,3154800,4012473600,4020195800
31,1583,241735810504300,3120100,4058774100,4066496300
31,1599,241735863944600,2612000,4112214400,4119936600
31,1615,241735906264000,2617500,4154533800,4162256000
31,1631,241735953412600,3032600,4201682400,4209404600
31,1647,241735999500500,2926600,4247770300,4255492500
31,1663,241736044176700,2810900,4292446500,4300168700
31,1679,241736089580600,2970900,4337850400,4345572600
31,1695,241736135321400,2607800,4383591200,4391313400
31,1711,241736178830300,3007000,4427100100,4434822300
31,1727,241736230315200,3082200,4478585000,4486307200
31,1743,241736278924400,2649800,4527194200,4534916400
31,1759,241736327409600,3304000,4575679400,4583401600
31,1775,241736375028100,2840600,4623297900,4631020100
31,1791,241736421195000,3356900,4669464800,4677187000
31,1807,241736471428700,3144600,4719698500,4727420700
31,1823,241736522668700,3268600,4770938500,4778660700
31,1839,241736576702900,3433300,4824972700,4832694900
31,1855,241736631285100,3453200,4879554900,4887277100
31,1871,241736692487500,2533400,4940757300,4948479500
31,1887,241736735994400,2562200,4984264200,4991986400
31,1903,241736780964000,3029100,5029233800,5036956000
31,1919,241736829270500,3026800,5077540300,5085262500
31,1935,241736876181800,2727300,5124451600,5132173800
31,1951,241736921581700,2853700,5169851500,5177573700
31,1967,241736965092500,2749700,5213362300,5221084500
31,1983,241737009830300,3015500,5258100100,5265822300
31,1999,241737061980500,2735100,5310250300,5317972500
31,2015,241737107817800,2742200,5356087600,5363809800
31,2031,241737154457900,2905100,5402727700,5410449900
31,2047,241737202857600,3692900,5451127400,5458849600
32,0,241731894225500,9813500,142495300,150217500
32,16,241731941519000,2245900,189788800,197511000
32,32,241731978569600,2298100,226839400,234561600
32,48,241732013947000,2164000,262216800,269939000
32,64,241732049370200,2188000,297640000,305362200
32,80,241732084329700,2146000,332599500,340321700
32,96,241732119003600,2281100,367273400,374995600
32,112,241732154081700,2160100,402351500,410073700
32,128,241732210029900,2342600,458299700,466021900
32,144,241732245550000,2219500,493819800,501542000
32,160,241732282465600,2143200,530735400,538457600
32,176,241732318558500,2348100,566828300,574550500
32,192,241732355515600,2173600,603785400,611507600
32,208,241732390453200,2085900,638723000,646445200
32,224,241732424845000,2180000,673114800,680837000
32,240,241732459778300,2214900,708048100,715770300
32,256,241732495048500,2191700,743318300,751040500
32,272,241732548708700,2130700,796978500,804700700
32,288,241732583236700,2097600,831506500,839228700
32,304,241732623819000,2532300,872088800,879811000
32,320,241732658903400,2083700,907173200,914895400
32,336,241732694103300,2194800,942373100,950095300
32,352,241732729686900,2136000,977956700,985678900
32,368,241732765740700,2176500,1014010500,1021732700
32,384,241732801232000,2164300,1049501800,1057224000
32,400,241732857615200,2308800,1105885000,1113607200
32,416,241732893458200,2144200,1141728000,1149450200
32,432,241732927369500,2079300,1175639300,1183361500
32,448,241732961974300,2220100,1210244100,1217966300
32,464,241732996951200,2191400,1245221000,1252943200
32,480,241733031686100,2148300,1279955900,1287678100
32,496,241733066955500,2209400,1315225300,1322947500
32,512,241733100700400,2079200,1348970200,1356692400
32,528,241733152981800,2183400,1401251600,1408973800
32,544,241733187761300,2239300,1436031100,1443753300
32,560,241733222005600,2078000,1470275400,1477997600
32,576,241733255565700,2424600,1503835500,1511557700
32,592,241733290223600,2114100,1538493400,1546215600
32,608,241733324472900,2103300,1572742700,1580464900
32,624,241733358635600,2134900,1606905400,1614627600
32,640,241733392454600,2064400,1640724400,1648446600
32,656,241733426128000,2082400,1674397800,1682120000
32,672,241733479506500,2159300,1727776300,1735498500
32,688,241733514223000,2138900,1762492800,1770215000
32,704,241733549003600,2243900,1797273400,1804995600
32,720,241733583445500,2103500,1831715300,1839437500
32,736,241733617527000,2124800,1865796800,1873519000
32,752,241733651211500,2119400,1899481300,1907203500
32,768,241733684943100,2129400,1933212900,1940935100
32,784,241733724175400,2225800,1972445200,1980167400
32,800,241733779408700,2179900,2027678500,2035400700
32,816,241733814413600,2120200,2062683400,2070405600
32,832,241733848588800,2112000,2096858600,2104580800
32,848,241733882629800,2118500,2130899600,2138621800
32,864,241733919001800,2171700,2167271600,2174993800
32,880,241733953944800,2256900,2202214600,2209936800
32,896,241733989748800,2328100,2238018600,2245740800
32,912,241734024643300,2087100,2272913100,2280635300
32,928,241734077944000,2115900,2326213800,2333936000
32,944,241734113494500,2306600,2361764300,2369486500
32,960,241734147581600,2112400,2395851400,2403573600
32,976,241734181624400,2104100,2429894200,2437616400
32,992,241734216616400,2186300,2464886200,2472608400
32,1008,241734251051900,2105900,2499321700,2507043900
32,1024,241734284992500,2106700,2533262300,2540984500
32,1040,241734319613900,2223400,2567883700,2575605900
32,1056,241734354657600,2121700,2602927400,2610649600
32,1072,241734396492800,2240600,2644762600,2652484800
32,1088,241734432020100,2453900,2680289900,2688012100
32,1104,241734468594700,2417900,2716864500,2724586700
32,1120,241734503830400,2115900,2752100200,2759822400
32,1136,241734538469500,2138000,2786739300,2794461500
32,1152,241734574583700,2255000,2822853500,2830575700
32,1168,241734609867800,2351500,2858137600,2865859800
32,1184,241734645923600,2176300,2894193400,2901915600
32,1200,241734685883000,2093700,2934152800,2941875000
32,1216,241734720732800,2210900,2969002600,2976724800
32,1232,241734758154800,2798600,3006424600,3014146800
32,1248,241734804754900,2940700,3053024700,3060746900
32,1264,241734854755400,2726800,3103025200,3110747400
32,1280,241734902918900,2785000,3151188700,3158910900
32,1296,241734947485600,2703200,3195755400,3203477600
32,1312,241734991778700,2691700,3240048500,3247770700
32,1328,241735041174100,2730800,3289443900,3297166100
32,1344,241735085232900,2796000,3333502700,3341224900
32,1360,241735131414600,2791700,3379684400,3387406600
32,1376,241735178057100,2702100,3426326900,3434049100
32,1392,241735221892500,2696100,3470162300,3477884500
32,1408,241735269163900,3658000,3517433700,3525155900
32,1424,241735322559300,2873300,3570829100,3578551300
32,1440,241735367686900,2906200,3615956700,3623678900
32,1456,241735414064000,3066700,3662333800,3670056000
32,1472,241735467118200,2957700,3715388000,3723110200
32,1488,241735514010500,2919400,3762280300,3770002500
32,1504,241735564403800,3486400,3812673600,3820395800
32,1520,241735618996300,3344800,3867266100,3874988300
32,1536,241735669847900,3166500,3918117700,3925839900
32,1552,241735719728400,3172000,3967998200,3975720400
32,1568,241735768470600,2706000,4016740400,4024462600
32,1584,241735814994500,3024800,4063264300,4070986500
32,1600,241735867621700,2615400,4115891500,4123613700
32,1616,241735910001000,2615400,4158270800,4165993000
32,1632,241735957642200,2931200,4205912000,4213634200
32,1648,241736003541100,2758000,4251810900,4259533100
32,1664,241736048266500,3047900,4296536300,4304258500
32,1680,241736093838400,3041500,4342108200,4349830400
32,1696,241736139030900,2626700,4387300700,4395022900
32,1712,241736183068800,2906700,4431338600,4439060800
32,1728,241736234670400,3036900,4482940200,4490662400
32,1744,241736282674700,2984800,4530944500,4538666700
32,1760,241736332089200,3196600,4580359000,4588081200
32,1776,241736378865300,2932900,4627135100,4634857300
32,1792,241736426278700,3403100,4674548500,4682270700
32,1808,241736475983000,2888300,4724252800,4731975000
32,1824,241736527712800,3343600,4775982600,4783704800
32,1840,241736581897400,3385600,4830167200,4837889400
32,1856,241736636487600,3406000,4884757400,4892479600
32,1872,241736696265800,2653800,4944535600,4952257800
32,1888,241736739864900,2604600,4988134700,4995856900
32,1904,241736785433000,2875300,5033702800,5041425000
32,1920,241736833759100,3022700,5082028900,5089751100
32,1936,241736880328900,2719500,5128598700,5136320900
32,1952,241736925741800,2930500,5174011600,5181733800
32,1968,241736969684000,2700900,5217953800,5225676000
32,1984,241737014795900,2962900,5263065700,5270787900
32,2000,241737066461700,2777200,5314731500,5322453700
32,2016,241737112314900,2792200,5360584700,5368306900
32,2032,241737159340700,2966600,5407610500,5415332700
33,1,241731904006900,2419200,152276700,159998900
33,17,241731943659200,2350600,191929000,199651200
33,33,241731980654800,2257800,228924600,236646800
33,49,241732015925000,2144100,264194800,271917000
33,65,241732051273100,2090600,299542900,307265100
33,81,241732086185600,2179500,334455400,342177600
33,97,241732120868600,2156700,369138400,376860600
33,113,241732155838800,2244200,404108600,411830800
33,129,241732211865900,2333400,460135700,467857900
33,145,241732247233400,2137900,495503200,503225400
33,161,241732284027200,2157400,532297000,540019200
33,177,241732320376800,2226000,568646600,576368800
33,193,241732357214000,2174900,605483800,613206000
33,209,241732392218400,2145900,640488200,648210400
33,225,241732426699900,2172000,674969700,682691900
33,241,241732461644800,2153000,709914600,717636800
33,257,241732496882300,2164300,745152100,752874300
33,273,241732550500900,2177100,798770700,806492900
33,289,241732584970300,2056500,833240100,840962300
33,305,241732625896200,2370100,874166000,881888200
33,321,241732660571800,2090100,908841600,916563800
33,337,241732695818200,2222300,944088000,951810200
33,353,241732731232400,2265700,979502200,987224400
33,369,241732767401100,2206700,1015670900,1023393100
33,385,241732802884400,2134600,1051154200,1058876400
33,401,241732859271100,2279400,1107540900,1115263100
33,417,241732894994200,2181400,1143264000,1150986200
33,433,241732928850100,2093600,1177119900,1184842100
33,449,241732963579800,2079700,1211849600,1219571800
33,465,241732998512600,2242900,1246782400,1254504600
33,481,241733033167000,2104000,1281436800,1289159000
33,497,241733069625400,2145200,1317895200,1325617400
33,513,241733103228900,2088100,1351498700,1359220900
33,529,241733155632800,2134600,1403902600,1411624800
33,545,241733190470900,2181500,1438740700,1446462900
33,561,241733224532600,2149100,1472802400,1480524600
33,577,241733258571800,2212400,1506841600,1514563800
33,593,241733292773900,2094700,1541043700,1548765900
33,609,241733326995100,2130700,1575264900,1582987100
33,625,241733361223300,2133900,1609493100,1617215300
33,641,241733395008900,2127700,1643278700,1651000900
33,657,241733428628500,2088500,1676898300,1684620500
33,673,241733481358300,2155200,1729628100,1737350300
33,689,241733516002700,2151600,1764272500,1771994700
33,705,241733550801200,2281000,1799071000,1806793200
33,721,241733585041400,2208200,1833311200,1841033400
33,737,241733619345000,2133800,1867614800,1875337000
33,753,241733653008600,2111100,1901278400,1909000600
33,769,241733686751700,2113100,1935021500,1942743700
33,785,241733726133900,2378500,1974403700,1982125900
33,801,241733781335400,2170300,2029605200,2037327400
33,817,241733816293800,2127500,2064563600,2072285800
33,833,241733850432200,2133400,2098702000,2106424200
33,849,241733884473300,2135600,2132743100,2140465300
33,865,241733920836400,2207900,2169106200,2176828400
33,881,241733955850700,2155400,2204120500,2211842700
33,897,241733991542600,2328700,2239812400,2247534600
33,913,241734026225100,2099000,2274494900,2282217100
33,929,241734079563800,2070400,2327833600,2335555800
33,945,241734115347600,2197000,2363617400,2371339600
33,961,241734149273400,2063600,2397543200,2405265400
33,977,241734183304500,2206300,2431574300,2439296500
33,993,241734218356700,2160000,2466626500,2474348700
33,1009,241734252706400,2108400,2500976200,2508698400
33,1025,241734286613000,2123100,2534882800,2542605000
33,1041,241734321419500,2261300,2569689300,2577411500
33,1057,241734356383600,2333900,2604653400,2612375600
33,1073,241734398295500,2289600,2646565300,2654287500
33,1089,241734434007100,2282700,2682276900,2689999100
33,1105,241734470301700,2266000,2718571500,2726293700
33,1121,241734505292600,2117400,2753562400,2761284600
33,1137,241734539948600,2137300,2788218400,2795940600
33,1153,241734576071200,2245000,2824341000,2832063200
33,1169,241734611436800,2438000,2859706600,2867428800
33,1185,241734647455000,2161500,2895724800,2903447000
33,1201,241734687359200,2173400,2935629000,2943351200
33,1217,241734722308700,2154400,2970578500,2978300700
33,1233,241734759984500,3273200,3008254300,3015976500
33,1249,241734806671000,2982500,3054940800,3062663000
33,1265,241734856535900,2764800,3104805700,3112527900
33,1281,241734904670500,2987300,3152940300,3160662500
33,1297,241734949328600,2626500,3197598400,3205320600
33,1313,241734993585200,2685500,3241855000,3249577200
33,1329,241735043104100,2725200,3291373900,3299096100
33,1345,241735087135700,2727600,3335405500,3343127700
33,1361,241735133226800,2959100,3381496600,3389218800
33,1377,241735179863400,2684200,3428133200,3435855400
33,1393,241735223588300,2723200,3471858100,3479580300
33,1409,241735271004500,5264000,3519274300,3526996500
33,1425,241735323825700,2858100,3572095500,3579817700
33,1441,241735368882000,2942700,3617151800,3624874000
33,1457,241735415391100,2977300,3663660900,3671383100
33,1473,241735468426900,2948000,3716696700,3724418900
33,1489,241735515288500,2942700,3763558300,3771280500
33,1505,241735566070500,3505900,3814340300,3822062500
33,1521,241735620615800,3374900,3868885600,3876607800
33,1537,241735671386400,3038500,3919656200,3927378400
33,1553,241735721261100,3183500,3969530900,3977253100
33,1569,241735769743400,2675300,4018013200,4025735400
33,1585,241735816388600,2978800,4064658400,4072380600
33,1601,241735868687100,2599200,4116956900,4124679100
33,1617,241735911044400,2622200,4159314200,4167036400
33,1633,241735958846100,2958900,4207115900,4214838100
33,1649,241736004661000,2772700,4252930800,4260653000
33,1665,241736050975400,2788200,4299245200,4306967400
33,1681,241736096546900,2954300,4344816700,4352538900
33,1697,241736141345400,2593000,4389615200,4397337400
33,1713,241736185631100,2843300,4433900900,4441623100
33,1729,241736237353000,3169700,4485622800,4493345000
33,1745,241736285324000,2621400,4533593800,4541316000
33,1761,241736335181600,3404300,4583451400,4591173600
33,1777,241736381769300,2900500,4630039100,4637761300
33,1793,241736429593400,3252000,4677863200,4685585400
33,1809,241736478780900,2936900,4727050700,4734772900
33,1825,241736530970200,3341800,4779240000,4786962200
33,1841,241736585195000,3465500,4833464800,4841187000
33,1857,241736639804300,3375400,4888074100,4895796300
33,1873,241736698846000,2572800,4947115800,4954838000
33,1889,241736742356400,2580300,4990626200,4998348400
33,1905,241736788182900,3004700,5036452700,5044174900
33,1921,241736836698900,3010800,5084968700,5092690900
33,1937,241736883013700,2768700,5131283500,5139005700
33,1953,241736928629100,2952300,5176898900,5184621100
33,1969,241736972321500,2742400,5220591300,5228313500
33,1985,241737017634000,2987500,5265903800,5273626000
33,2001,241737069121900,2818300,5317391700,5325113900
33,2017,241737114896200,3001500,5363166000,5370888200
33,2033,241737161894300,2995800,5410164100,5417886300
34,2,241731906590800,2388200,154860600,162582800
34,18,241731946337900,2251600,194607700,202329900
34,34,241731983182400,2284400,231452200,239174400
34,50,241732018322800,2194100,266592600,274314800
34,66,241732053428900,2313200,301698700,309420900
34,82,241732088460000,2198700,336729800,344452000
34,98,241732123121100,2169300,371390900,379113100
34,114,241732158227100,2696400,406496900,414219100
34,130,241732214729100,2145100,462998900,470721100
34,146,241732249557800,2104800,497827600,505549800
34,162,241732286363800,2102600,534633600,542355800
34,178,241732322833600,2212200,571103400,578825600
34,194,241732359575900,2132900,607845700,615567900
34,210,241732394557300,2072700,642827100,650549300
34,226,241732429063600,2150800,677333400,685055600
34,242,241732463978700,2267800,712248500,719970700
34,258,241732499242500,20274400,747512300,755234500
34,274,241732552827000,2151600,801096800,808819000
34,290,241732587236900,2106000,835506700,843228900
34,306,241732628505800,2261900,876775600,884497800
34,322,241732662834800,2105500,911104600,918826800
34,338,241732698331900,2155300,946601700,954323900
34,354,241732733936900,2241100,982206700,989928900
34,370,241732770020600,2210500,1018290400,1026012600
34,386,241732805438200,2180800,1053708000,1061430200
34,402,241732861912700,2172800,1110182500,1117904700
34,418,241732897490700,2112200,1145760500,1153482700
34,434,241732931289500,2115500,1179559300,1187281500
34,450,241732966069700,2120200,1214339500,1222061700
34,466,241733001191400,2182300,1249461200,1257183400
34,482,241733035666100,2064100,1283935900,1291658100
34,498,241733071516400,2091900,1319786200,1327508400
34,514,241733105081600,2084500,1353351400,1361073600
34,530,241733157541600,2141000,1405811400,1413533600
34,546,241733192448000,2237100,1440717800,1448440000
34,562,241733226508800,2059500,1474778600,1482500800
34,578,241733260615600,2164900,1508885400,1516607600
34,594,241733294673600,2047600,1542943400,1550665600
34,610,241733328974200,2173000,1577244000,1584966200
34,626,241733363207200,2107400,1611477000,1619199200
34,642,241733396958800,2184600,1645228600,1652950800
34,658,241733430597500,20482600,1678867300,1686589500
34,674,241733483779900,2190100,1732049700,1739771900
34,690,241733518549900,2162700,1766819700,1774541900
34,706,241733553401300,2126600,1801671100,1809393300
34,722,241733587581700,2236200,1835851500,1843573700
34,738,241733621707900,2110600,1869977700,1877699900
34,754,241733655388800,2096300,1903658600,1911380800
34,770,241733689127600,2090400,1937397400,1945119600
34,786,241733728812700,2388400,1977082500,1984804700
34,802,241733783797000,2144600,2032066800,2039789000
34,818,241733818709700,2157400,2066979500,2074701700
34,834,241733852882000,2161200,2101151800,2108874000
34,850,241733886911200,2140000,2135181000,2142903200
34,866,241733923311000,2146700,2171580800,2179303000
34,882,241733958271500,2151800,2206541300,2214263500
34,898,241733994254500,2347100,2242524300,2250246500
34,914,241734028736900,2130400,2277006700,2284728900
34,930,241734082057300,2129600,2330327100,2338049300
34,946,241734117782700,2164100,2366052500,2373774700
34,962,241734151573400,2085400,2399843200,2407565400
34,978,241734185766300,2154700,2434036100,2441758300
34,994,241734220703800,2150500,2468973600,2476695800
34,1010,241734255019700,2108700,2503289500,2511011700
34,1026,241734288988000,2129800,2537257800,2544980000
34,1042,241734324126500,2204800,2572396300,2580118500
34,1058,241734359359100,2176000,2607628900,2615351100
34,1074,241734401042300,2206900,2649312100,2657034300
34,1090,241734436808600,2345600,2685078400,2692800600
34,1106,241734473196200,2239400,2721466000,2729188200
34,1122,241734507979800,2124600,2756249600,2763971800
34,1138,241734542661500,2119400,2790931300,2798653500
34,1154,241734578960100,2224700,2827229900,2834952100
34,1170,241734614413200,2334400,2862683000,2870405200
34,1186,241734650127400,2199500,2898397200,2906119400
34,1202,241734690086900,2363200,2938356700,2946078900
34,1218,241734725015400,2239200,2973285200,2981007400
34,1234,241734763940300,2827300,3012210100,3019932300
34,1250,241734810356100,2911800,3058625900,3066348100
34,1266,241734860040500,2733800,3108310300,3116032500
34,1282,241734908466200,2860400,3156736000,3164458200
34,1298,241734952646400,2597800,3200916200,3208638400
34,1314,241734997057000,2637600,3245326800,3253049000
34,1330,241735046444800,2875400,3294714600,3302436800
34,1346,241735090492800,2744700,3338762600,3346484800
34,1362,241735136957800,3019100,3385227600,3392949800
34,1378,241735183261400,2707000,3431531200,3439253400
34,1394,241735227100100,2882600,3475369900,3483092100
34,1410,241735278958200,3488300,3527228000,3534950200
34,1426,241735327608800,2925300,3575878600,3583600800
34,1442,241735372833900,2928700,3621103700,3628825900
34,1458,241735419385800,2944300,3667655600,3675377800
34,1474,241735472356200,2944500,3720626000,3728348200
34,1490,241735519224200,2887100,3767494000,3775216200
34,1506,241735570740200,3237700,3819010000,3826732200
34,1522,241735625198700,3377400,3873468500,3881190700
34,1538,241735675553800,3089800,3923823600,3931545800
34,1554,241735725548900,3102900,3973818700,3981540900
34,1570,241735773387300,2606200,4021657100,4029379300
34,1586,241735820446200,2846000,4068716000,4076438200
34,1602,241735872480000,2660400,4120749800,4128472000
34,1618,241735914853700,2640000,4163123500,4170845700
34,1634,241735963106100,2958400,4211375900,4219098100
34,1650,241736008666400,2772200,4256936200,4264658400
34,1666,241736053247200,2786100,4301517000,4309239200
34,1682,241736098945500,2964400,4347215300,4354937500
34,1698,241736143505100,2634600,4391774900,4399497100
34,1714,241736187979200,2595200,4436249000,4443971200
34,1730,241736240019400,3019200,4488289200,4496011400
34,1746,241736287499600,2894200,4535769400,4543491600
34,1762,241736337823900,3310900,4586093700,4593815900
34,1778,241736383857400,2295300,4632127200,4639849400
34,1794,241736431697400,3296800,4679967200,4687689400
34,1810,241736480815500,3136000,4729085300,4736807500
34,1826,241736533144700,3507100,4781414500,4789136700
34,1842,241736587481500,3396300,4835751300,4843473500
34,1858,241736642021200,3468300,4890291000,4898013200
34,1874,241736700579400,2571600,4948849200,4956571400
34,1890,241736744131700,2608000,4992401500,5000123700
34,1906,241736790302700,3004500,5038572500,5046294700
34,1922,241736838775100,3015100,5087044900,5094767100
34,1938,241736884839100,2787400,5133108900,5140831100
34,1954,241736930659600,2928000,5178929400,5186651600
34,1970,241736974073900,3000700,5222343700,5230065900
34,1986,241737019715300,2936800,5267985100,5275707300
34,2002,241737071049000,2774900,5319318800,5327041000
34,2018,241737116967100,3234800,5365236900,5372959100
34,2034,241737164009700,2952300,5412279500,5420001700
35,3,241731908917000,2384500,157186800,164909000
35,19,241731948430600,2276600,196700400,204422600
35,35,241731985343600,2234300,233613400,241335600
35,51,241732020207100,2129500,268476900,276199100
35,67,241732055416400,2326900,303686200,311408400
35,83,241732090338200,2149700,338608000,346330200
35,99,241732124980800,2158500,373250600,380972800
35,115,241732160236600,2350400,408506400,416228600
35,131,241732216380900,2212400,464650700,472372900
35,147,241732251436000,2221500,499705800,507428000
35,163,241732288183600,2147400,536453400,544175600
35,179,241732324659300,2277700,572929100,580651300
35,195,241732361406600,2529000,609676400,617398600
35,211,241732396292200,2105500,644562000,652284200
35,227,241732430871200,2161300,679141000,686863200
35,243,241732465930000,2393800,714199800,721922000
35,259,241732519014500,2629300,767284300,775006500
35,275,241732554516300,2265100,802786100,810508300
35,291,241732588870800,2111200,837140600,844862800
35,307,241732629603300,2249600,877873100,885595300
35,323,241732663983500,2152700,912253300,919975500
35,339,241732699451200,2221400,947721000,955443200
35,355,241732734917100,2475000,983186900,990909100
35,371,241732771242600,2201200,1019512400,1027234600
35,387,241732806624500,2195700,1054894300,1062616500
35,403,241732863327500,2144100,1111597300,1119319500
35,419,241732898773800,2115800,1147043600,1154765800
35,435,241732932540400,2114200,1180810200,1188532400
35,451,241732967240100,2152200,1215509900,1223232100
35,467,241733002417200,2125500,1250687000,1258409200
35,483,241733036838200,2070200,1285108000,1292830200
35,499,241733073239300,2090100,1321509100,1329231300
35,515,241733106787800,2062600,1355057600,1362779800
35,531,241733159327900,2175700,1407597700,1415319900
35,547,241733194306100,2141100,1442575900,1450298100
35,563,241733228178700,2094700,1476448500,1484170700
35,579,241733262428500,2152000,1510698300,1518420500
35,595,241733296394500,2110400,1544664300,1552386500
35,611,241733330689100,2316100,1578958900,1586681100
35,627,241733364894100,2151400,1613163900,1620886100
35,643,241733398646200,2124400,1646916000,1654638200
35,659,241733432246800,20852200,1680516600,1688238800
35,675,241733485378600,2114300,1733648400,1741370600
35,691,241733519964100,2217100,1768233900,1775956100
35,707,241733554838000,2176500,1803107800,1810830000
35,723,241733589072300,2195200,1837342100,1845064300
35,739,241733623038900,2114600,1871308700,1879030900
35,755,241733656693600,2114400,1904963400,1912685600
35,771,241733690426100,2096900,1938695900,1946418100
35,787,241733730322300,2261700,1978592100,1986314300
35,803,241733785052300,2150600,2033322100,2041044300
35,819,241733820012000,2148100,2068281800,2076004000
35,835,241733854254300,2120500,2102524100,2110246300
35,851,241733888243200,2137700,2136513000,2144235200
35,867,241733924635600,2205400,2172905400,2180627600
35,883,241733959623600,2288200,2207893400,2215615600
35,899,241733995824800,2393300,2244094600,2251816800
35,915,241734030022300,2116600,2278292100,2286014300
35,931,241734083454200,2121200,2331724000,2339446200
35,947,241734119363100,2157800,2367632900,2375355100
35,963,241734153071000,2308000,2401340800,2409063000
35,979,241734187371000,2130700,2435640800,2443363000
35,995,241734222288100,2188200,2470557900,2478280100
35,1011,241734256537100,2097400,2504806900,2512529100
35,1027,241734290465100,2122700,2538734900,2546457100
35,1043,241734325462300,2210300,2573732100,2581454300
35,1059,241734360688500,8195700,2608958300,2616680500
35,1075,241734402390200,2206500,2650660000,2658382200
35,1091,241734438177900,2376300,2686447700,2694169900
35,1107,241734474694800,2274700,2722964600,2730686800
35,1123,241734509421500,2124600,2757691300,2765413500
35,1139,241734544086600,2130700,2792356400,2800078600
35,1155,241734580438500,2133100,2828708300,2836430500
35,1171,241734616119500,2295500,2864389300,2872111500
35,1187,241734651863500,2146500,2900133300,2907855500
35,1203,241734691976900,2200300,2940246700,2947968900
35,1219,241734726727900,2190500,2974997700,2982719900
35,1235,241734766102400,2929000,3014372200,3022094400
35,1251,241734812619600,5004400,3060889400,3068611600
35,1267,241734862059100,2717800,3110328900,3118051100
35,1283,241734910567200,2930700,3158837000,3166559200
35,1299,241734954595100,2633400,3202864900,3210587100
35,1315,241734999055300,2630600,3247325100,3255047300
35,1331,241735048619700,2698300,3296889500,3304611700
35,1347,241735092548800,2766200,3340818600,3348540800
35,1363,241735139205500,3018700,3387475300,3395197500
35,1379,241735185297700,2765400,3433567500,3441289700
35,1395,241735229330100,4143600,3477599900,3485322100
35,1411,241735281633300,3108100,3529903100,3537625300
35,1427,241735329735600,2837100,3578005400,3585727600
35,1443,241735374999400,2920500,3623269200,3630991400
35,1459,241735421601800,8572200,3669871600,3677593800
35,1475,241735474614100,2895500,3722883900,3730606100
35,1491,241735521450000,2920300,3769719800,3777442000
35,1507,241735573297200,3277400,3821567000,3829289200
35,1523,241735627853500,3390200,3876123300,3883845500
35,1539,241735677898200,3259500,3926168000,3933890200
35,1555,241735727900400,3332800,3976170200,3983892400
35,1571,241735775425000,2633700,4023694800,4031417000
35,1587,241735822671500,2859300,4070941300,4078663500
35,1603,241735874520300,2628600,4122790100,4130512300
35,1619,241735916866700,2663600,4165136500,4172858700
35,1635,241735965365800,3161000,4213635600,4221357800
35,1651,241736010798600,2763200,4259068400,4266790600
35,1667,241736055854700,2792100,4304124500,4311846700
35,1683,241736101708200,2724200,4349978000,4357700200
35,1699,241736145836600,2618500,4394106400,4401828600
35,1715,241736190352900,2173500,4438622700,4446344900
35,1731,241736242677200,3000900,4490947000,4498669200
35,1747,241736290113300,2872200,4538383100,4546105300
35,1763,241736340660100,3254900,4588929900,4596652100
35,1779,241736385819600,2326400,4634089400,4641811600
35,1795,241736434636500,2457800,4682906300,4690628500
35,1811,241736483446600,3196700,4731716400,4739438600
35,1827,241736536261200,3427200,4784531000,4792253200
35,1843,241736590559900,3403800,4838829700,4846551900
35,1859,241736645204000,12287900,4893473800,4901196000
35,1875,241736702967600,2607900,4951237400,4958959600
35,1891,241736746567000,2571600,4994836800,5002559000
35,1907,241736793088600,3014200,5041358400,5049080600
35,1923,241736841583000,2995100,5089852800,5097575000
35,1939,241736887486700,2744100,5135756500,5143478700
35,1955,241736933422700,3000600,5181692500,5189414700
35,1971,241736977127700,2874400,5225397500,5233119700
35,1987,241737022737000,2970700,5271006800,5278729000
35,2003,241737073861500,2811800,5322131300,5329853500
35,2019,241737120429000,3083400,5368698800,5376421000
35,2035,241737167170800,2976200,5415440600,5423162800
36,4,241731911339400,2327000,159609200,167331400
36,20,241731950773200,2331700,199043000,206765200
36,36,241731987516300,2302000,235786100,243508300
36,52,241732022452800,2112900,270722600,278444800
36,68,241732057841400,2159800,306111200,313833400
36,84,241732092546500,2286600,340816300,348538500
36,100,241732127232500,2290700,375502300,383224500
36,116,241732162733100,2206700,411002900,418725100
36,132,241732218655800,2158700,466925600,474647800
36,148,241732253770000,2244300,502039800,509762000
36,164,241732290512500,2151000,538782300,546504500
36,180,241732326968800,2171000,575238600,582960800
36,196,241732363972100,2394700,612241900,619964100
36,212,241732398288500,2079800,646558300,654280500
36,228,241732432918900,2170200,681188700,688910900
36,244,241732468215700,2139000,716485500,724207700
36,260,241732521513200,2426300,769783000,777505200
36,276,241732556681300,2115400,804951100,812673300
36,292,241732590891500,2278000,839161300,846883500
36,308,241732631793600,2168500,880063400,887785600
36,324,241732666079200,2256100,914349000,922071200
36,340,241732701619900,2179000,949889700,957611900
36,356,241732737124300,2278600,985394100,993116300
36,372,241732773062600,2208800,1021332400,1029054600
36,388,241732808455000,2106800,1056724800,1064447000
36,404,241732865150900,2260100,1113420700,1121142900
36,420,241732900510500,2147400,1148780300,1156502500
36,436,241732934293600,2079500,1182563400,1190285600
36,452,241732969108300,2229400,1217378100,1225100300
36,468,241733004203400,2125900,1252473200,1260195400
36,484,241733038570200,2107800,1286840000,1294562200
36,500,241733074158300,2047100,1322428100,1330150300
36,516,241733107687800,2061000,1355957600,1363679800
36,532,241733160227900,2156800,1408497700,1416219900
36,548,241733195132300,2113200,1443402100,1451124300
36,564,241733228965700,2078600,1477235500,1484957700
36,580,241733263260800,2120300,1511530600,1519252800
36,596,241733297194100,2095900,1545463900,1553186100
36,612,241733331666700,2155600,1579936500,1587658700
36,628,241733365727500,2135900,1613997300,1621719500
36,644,241733399505400,2072800,1647775200,1655497400
36,660,241733451556400,2450400,1699826200,1707548400
36,676,241733485942500,2162400,1734212300,1741934500
36,692,241733520619500,2292300,1768889300,1776611500
36,708,241733555444700,2242600,1803714500,1811436700
36,724,241733589644600,2142700,1837914400,1845636600
36,740,241733623617200,2126800,1871887000,1879609200
36,756,241733657257000,2122900,1905526800,1913249000
36,772,241733690996100,2086200,1939265900,1946988100
36,788,241733731078900,2191800,1979348700,1987070900
36,804,241733785823400,2132000,2034093200,2041815400
36,820,241733820718800,2135700,2068988600,2076710800
36,836,241733854902100,2134400,2103171900,2110894100
36,852,241733888908200,2128500,2137178000,2144900200
36,868,241733925491200,2206500,2173761000,2181483200
36,884,241733960482800,2269200,2208752600,2216474800
36,900,241733996634300,2262200,2244904100,2252626300
36,916,241734030782500,2108900,2279052300,2286774500
36,932,241734084218100,2135600,2332487900,2340210100
36,948,241734120134900,2191800,2368404700,2376126900
36,964,241734153843300,2323600,2402113100,2409835300
36,980,241734188154200,2287100,2436424000,2444146200
36,996,241734223186500,2191100,2471456300,2479178500
36,1012,241734257422900,2073000,2505692700,2513414900
36,1028,241734291349800,2093400,2539619600,2547341800
36,1044,241734326529200,2236000,2574799000,2582521200
36,1060,241734361656900,8202800,2609926700,2617648900
36,1076,241734403372400,2196600,2651642200,2659364400
36,1092,241734439253700,2281200,2687523500,2695245700
36,1108,241734475644500,2197100,2723914300,2731636500
36,1124,241734510284600,2120800,2758554400,2766276600
36,1140,241734544963300,2109400,2793233100,2800955300
36,1156,241734581275200,2103100,2829545000,2837267200
36,1172,241734616904900,2271000,2865174700,2872896900
36,1188,241734652515600,2145600,2900785400,2908507600
36,1204,241734692677700,2188500,2940947500,2948669700
36,1220,241734727498100,2149100,2975767900,2983490100
36,1236,241734766878800,2890000,3015148600,3022870800
36,1252,241734813355700,6737100,3061625500,3069347700
36,1268,241734862732800,2681900,3111002600,3118724800
36,1284,241734911289600,2931600,3159559400,3167281600
36,1300,241734955213600,2615500,3203483400,3211205600
36,1316,241734999653200,2663800,3247923000,3255645200
36,1332,241735049477100,2639600,3297746900,3305469100
36,1348,241735093408100,2731500,3341677900,3349400100
36,1364,241735140230700,2985500,3388500500,3396222700
36,1380,241735186181600,2788500,3434451400,3442173600
36,1396,241735230158800,4615800,3478428600,3486150800
36,1412,241735282631000,2991700,3530900800,3538623000
36,1428,241735330700100,2640400,3578969900,3586692100
36,1444,241735375939000,2930900,3624208800,3631931000
36,1460,241735422488900,8672800,3670758700,3678480900
36,1476,241735475503400,2928900,3723773200,3731495400
36,1492,241735522324100,2905200,3770593900,3778316100
36,1508,241735574251200,3290300,3822521000,3830243200
36,1524,241735628863800,3362900,3877133600,3884855800
36,1540,241735678978300,3140600,3927248100,3934970300
36,1556,241735729047700,3324900,3977317500,3985039700
36,1572,241735776278100,2718200,4024547900,4032270100
36,1588,241735823608900,2869000,4071878700,4079600900
36,1604,241735875389800,2640600,4123659600,4131381800
36,1620,241735917744800,2682100,4166014600,4173736800
36,1636,241735966345700,3308700,4214615500,4222337700
36,1652,241736011704200,2826700,4259974000,4267696200
36,1668,241736057587200,2741000,4305857000,4313579200
36,1684,241736103423900,2751000,4351693700,4359415900
36,1700,241736147501700,2575100,4395771500,4403493700
36,1716,241736191736400,2177000,4440006200,4447728400
36,1732,241736244583400,3042100,4492853200,4500575400
36,1748,241736291838300,2990200,4540108100,4547830300
36,1764,241736342847000,3068800,4591116800,4598839000
36,1780,241736387384100,2254600,4635653900,4643376100
36,1796,241736436295400,2640800,4684565200,4692287400
36,1812,241736485571600,3073800,4733841400,4741563600
36,1828,241736538457000,3321200,4786726800,4794449000
36,1844,241736592668400,3456800,4840938200,4848660400
36,1860,241736656127700,3424600,4904397500,4912119700
36,1876,241736704483800,2778200,4952753600,4960475800
36,1892,241736748082300,2553200,4996352100,5004074300
36,1908,241736794835700,2999200,5043105500,5050827700
36,1924,241736843340100,2965900,5091609900,5099332100
36,1940,241736889022100,2730800,5137291900,5145014100
36,1956,241736935050700,2961100,5183320500,5191042700
36,1972,241736978672400,2789800,5226942200,5234664400
36,1988,241737024251900,3023900,5272521700,5280243900
36,2004,241737075346300,2768800,5323616100,5331338300
36,2020,241737121924400,2998100,5370194200,5377916400
36,2036,241737168561600,2977800,5416831400,5424553600
37,5,241731913731600,2888600,162001400,169723600
37,21,241731952995400,2353600,201265200,208987400
37,37,241731989855400,2205600,238125200,245847400
37,53,241732024726700,2273100,272996500,280718700
37,69,241732060377100,2179500,308646900,316369100
37,85,241732095263400,2156100,343533200,351255400
37,101,241732129909700,2171400,378179500,385901700
37,117,241732165208500,2298700,413478300,421200500
37,133,241732221081500,2182800,469351300,477073500
37,149,241732256197600,2177800,504467400,512189600
37,165,241732292836500,2237900,541106300,548828500
37,181,241732329396000,2401000,577665800,585388000
37,197,241732366579000,2198000,614848800,622571000
37,213,241732400716100,2159800,648985900,656708100
37,229,241732435441600,2338100,683711400,691433600
37,245,241732470709800,2109400,718979600,726701800
37,261,241732524514400,2272800,772784200,780506400
37,277,241732559370900,2303600,807640700,815362900
37,293,241732593859300,2267400,842129100,849851300
37,309,241732635262300,2103500,883532100,891254300
37,325,241732669458500,2212100,917728300,925450500
37,341,241732704958400,2300200,953228200,960950400
37,357,241732740516800,2186600,988786600,996508800
37,373,241732776416600,2159700,1024686400,1032408600
37,389,241732811699200,2239600,1059969000,1067691200
37,405,241732868341300,2154500,1116611100,1124333300
37,421,241732903725400,2116500,1151995200,1159717400
37,437,241732937406000,2159500,1185675800,1193398000
37,453,241732972521800,2128600,1220791600,1228513800
37,469,241733007615300,2122000,1255885100,1263607300
37,485,241733041872600,2171700,1290142400,1297864600
37,501,241733078111300,2091600,1326381100,1334103300
37,517,241733111641200,2152000,1359911000,1367633200
37,533,241733164328600,2156300,1412598400,1420320600
37,549,241733199300400,2089700,1447570200,1455292400
37,565,241733233005300,2110300,1481275100,1488997300
37,581,241733267426800,2129200,1515696600,1523418800
37,597,241733301262600,2142400,1549532400,1557254600
37,613,241733335805500,2069400,1584075300,1591797500
37,629,241733369857500,2088800,1618127300,1625849500
37,645,241733403574800,2087400,1651844600,1659566800
37,661,241733455984000,2095600,1704253800,1711976000
37,677,241733490284800,2273500,1738554600,1746276800
37,693,241733524967000,2278000,1773236800,1780959000
37,709,241733559705500,2145200,1807975300,1815697500
37,725,241733593815400,2155900,1842085200,1849807400
37,741,241733627740100,2077700,1876009900,1883732100
37,757,241733661383300,2103200,1909653100,1917375300
37,773,241733695128700,2476700,1943398500,1951120700
37,789,241733735063300,2193800,1983333100,1991055300
37,805,241733789772100,2208800,2038041900,2045764100
37,821,241733824635900,2108700,2072905700,2080627900
37,837,241733858794700,2138000,2107064500,2114786700
37,853,241733892769300,2131100,2141039100,2148761300
37,869,241733929348900,2183000,2177618700,2185340900
37,885,241733964458800,2290700,2212728600,2220450800
37,901,241734000781900,2255800,2249051700,2256773900
37,917,241734034692000,2098900,2282961800,2290684000
37,933,241734087957000,2177300,2336226800,2343949000
37,949,241734123882100,2074900,2372151900,2379874100
37,965,241734157748400,2101400,2406018200,2413740400
37,981,241734192053500,2159200,2440323300,2448045500
37,997,241734226972700,2126200,2475242500,2482964700
37,1013,241734261077200,2109800,2509347000,2517069200
37,1029,241734295018900,2110700,2543288700,2551010900
37,1045,241734330398600,2172900,2578668400,2586390600
37,1061,241734371439500,2203700,2619709300,2627431500
37,1077,241734407126000,2218000,2655395800,2663118000
37,1093,241734443174000,2282200,2691443800,2699166000
37,1109,241734479377800,2109800,2727647600,2735369800
37,1125,241734514003800,2295500,2762273600,2769995800
37,1141,241734548520200,2105800,2796790000,2804512200
37,1157,241734584965900,2093200,2833235700,2840957900
37,1173,241734620890500,2275000,2869160300,2876882500
37,1189,241734656215500,2130600,2904485300,2912207500
37,1205,241734696394500,2207800,2944664300,2952386500
37,1221,241734731109400,2201800,2979379200,2987101400
37,1237,241734771949600,2794700,3020219400,3027941600
37,1253,241734823012500,2720300,3071282300,3079004500
37,1269,241734867403100,2660300,3115672900,3123395100
37,1285,241734916443400,2919200,3164713200,3172435400
37,1301,241734959961000,3263800,3208230800,3215953000
37,1317,241735004335700,2711000,3252605500,3260327700
37,1333,241735054246400,2709200,3302516200,3310238400
37,1349,241735098248100,2822000,3346517900,3354240100
37,1365,241735145451900,2904600,3393721700,3401443900
37,1381,241735191044100,2749000,3439313900,3447036100
37,1397,241735236741500,2730800,3485011300,3492733500
37,1413,241735287774100,2966400,3536043900,3543766100
37,1429,241735336123100,3037100,3584392900,3592115100
37,1445,241735381010400,2987900,3629280200,3637002400
37,1461,241735433414100,2845300,3681683900,3689406100
37,1477,241735480537600,2920600,3728807400,3736529600
37,1493,241735527291400,3019100,3775561200,3783283400
37,1509,241735579886700,3258300,3828156500,3835878700
37,1525,241735634481400,3324100,3882751200,3890473400
37,1541,241735684042700,2957100,3932312500,3940034700
37,1557,241735734509200,3230900,3982779000,3990501200
37,1573,241735780661400,2600600,4028931200,4036653400
37,1589,241735828470800,2857200,4076740600,4084462800
37,1605,241735879556200,2643500,4127826000,4135548200
37,1621,241735922061500,2620200,4170331300,4178053500
37,1637,241735971415800,2771400,4219685600,4227407800
37,1653,241736016471300,4417800,4264741100,4272463300
37,1669,241736062789700,2867300,4311059500,4318781700
37,1685,241736108802900,3071100,4357072700,4364794900
37,1701,241736152679000,2640400,4400948800,4408671000
37,1717,241736195931700,2202900,4444201500,4451923700
37,1733,241736250482000,3056700,4498751800,4506474000
37,1749,241736297528200,2942000,4545798000,4553520200
37,1765,241736348804600,2928200,4597074400,4604796600
37,1781,241736391696500,2558100,4639966300,4647688500
37,1797,241736441635900,3239300,4689905700,4697627900
37,1813,241736491660100,3143500,4739929900,4747652100
37,1829,241736544817700,3230700,4793087500,4800809700
37,1845,241736599352800,3456000,4847622600,4855344800
37,1861,241736662647300,3370100,4910917100,4918639300
37,1877,241736709897100,2905400,4958166900,4965889100
37,1893,241736753038200,2680400,5001308000,5009030200
37,1909,241736800638900,3004000,5048908700,5056630900
37,1925,241736849228300,3018600,5097498100,5105220300
37,1941,241736894482300,2792400,5142752100,5150474300
37,1957,241736940767600,2928600,5189037400,5196759600
37,1973,241736984095200,2732300,5232365000,5240087200
37,1989,241737030109400,2893600,5278379200,5286101400
37,2005,241737080862300,2945600,5329132100,5336854300
37,2021,241737127727800,2974900,5375997600,5383719800
37,2037,241737174308100,3051400,5422577900,5430300100
38,6,241731916673300,2911300,164943100,172665300
38,22,241731955604600,2148700,203874400,211596600
38,38,241731992239800,2204000,240509600,248231800
38,54,241732026739900,2205000,275009700,282731900
38,70,241732062205000,2152100,310474800,318197000
38,86,241732097049800,2142400,345319600,353041800
38,102,241732131670900,2160400,379940700,387662900
38,118,241732167057000,2486000,415326800,423049000
38,134,241732222828500,2260200,471098300,478820500
38,150,241732258004400,2409700,506274200,513996400
38,166,241732294697100,2185800,542966900,550689100
38,182,241732331315200,2478100,579585000,587307200
38,198,241732368291600,2173900,616561400,624283600
38,214,241732402372400,2181000,650642200,658364400
38,230,241732437277700,2201600,685547500,693269700
38,246,241732472310000,2147600,720579800,728302000
38,262,241732526235200,2254600,774505000,782227200
38,278,241732561188700,2266700,809458500,817180700
38,294,241732595702100,2142800,843971900,851694100
38,310,241732636968000,2288300,885237800,892960000
38,326,241732671427500,2463100,919697300,927419500
38,342,241732707037700,2282300,955307500,963029700
38,358,241732742617800,2152500,990887600,998609800
38,374,241732778489600,2179900,1026759400,1034481600
38,390,241732813858600,2647200,1062128400,1069850600
38,406,241732870263200,2204000,1118533000,1126255200
38,422,241732905606600,2123000,1153876400,1161598600
38,438,241732939304200,2421100,1187574000,1195296200
38,454,241732974254000,2172900,1222523800,1230246000
38,470,241733009265400,2171500,1257535200,1265257400
38,486,241733043595600,2167400,1291865400,1299587600
38,502,241733079431300,2093300,1327701100,1335423300
38,518,241733112933100,2161900,1361202900,1368925100
38,534,241733165671300,2152200,1413941100,1421663300
38,550,241733200495900,2093100,1448765700,1456487900
38,566,241733234240600,2106500,1482510400,1490232600
38,582,241733268800100,2140800,1517069900,1524792100
38,598,241733302635200,2105800,1550905000,1558627200
38,614,241733337152800,2113800,1585422600,1593144800
38,630,241733371184800,2125600,1619454600,1627176800
38,646,241733404901800,2103200,1653171600,1660893800
38,662,241733457232600,2348000,1705502400,1713224600
38,678,241733492256500,2146100,1740526300,1748248500
38,694,241733526893400,2147200,1775163200,1782885400
38,710,241733561504700,2189100,1809774500,1817496700
38,726,241733595671300,2152000,1843941100,1851663300
38,742,241733629543100,2077300,1877812900,1885535100
38,758,241733663200600,2118500,1911470400,1919192600
38,774,241733697254700,2342500,1945524500,1953246700
38,790,241733737017500,2172900,1985287300,1993009500
38,806,241733791777400,2189600,2040047200,2047769400
38,822,241733826523500,2135400,2074793300,2082515500
38,838,241733860729900,2154600,2108999700,2116721900
38,854,241733894702700,2129900,2142972500,2150694700
38,870,241733931445300,2175600,2179715100,2187437300
38,886,241733966631100,2233300,2214900900,2222623100
38,902,241734003069200,2155700,2251339000,2259061200
38,918,241734036852500,2121600,2285122300,2292844500
38,934,241734090077400,2399600,2338347200,2346069400
38,950,241734125898200,2111800,2374168000,2381890200
38,966,241734159797000,2095700,2408066800,2415789000
38,982,241734194095500,2160500,2442365300,2450087500
38,998,241734228962700,2120700,2477232500,2484954700
38,1014,241734263043300,2149400,2511313100,2519035300
38,1030,241734296992900,2118900,2545262700,2552984900
38,1046,241734332221000,2187700,2580490800,2588213000
38,1062,241734373231600,2206100,2621501400,2629223600
38,1078,241734409014400,2232300,2657284200,2665006400
38,1094,241734445083700,2252900,2693353500,2701075700
38,1110,241734481133000,2237700,2729402800,2737125000
38,1126,241734515904000,2213700,2764173800,2771896000
38,1142,241734550252200,2318100,2798522000,2806244200
38,1158,241734586617800,2112900,2834887600,2842609800
38,1174,241734622712700,2293900,2870982500,2878704700
38,1190,241734657953900,2143400,2906223700,2913945900
38,1206,241734698148700,2178800,2946418500,2954140700
38,1222,241734732812000,2173400,2981081800,2988804000
38,1238,241734774204300,2872300,3022474100,3030196300
38,1254,241734825168000,2971500,3073437800,3081160000
38,1270,241734869581900,2933700,3117851700,3125573900
38,1286,241734918725100,2963500,3166994900,3174717100
38,1302,241734962645100,2991100,3210914900,3218637100
38,1318,241735006526200,2777300,3254796000,3262518200
38,1334,241735056283900,2790500,3304553700,3312275900
38,1350,241735100308200,2981900,3348578000,3356300200
38,1366,241735147551600,2890800,3395821400,3403543600
38,1382,241735193045800,2775900,3441315600,3449037800
38,1398,241735238772500,2757100,3487042300,3494764500
38,1414,241735290092600,2781400,3538362400,3546084600
38,1430,241735338678000,2724300,3586947800,3594670000
38,1446,241735383419800,2950300,3631689600,3639411800
38,1462,241735435717500,2988600,3683987300,3691709500
38,1478,241735482983300,2914900,3731253100,3738975300
38,1494,241735529850100,2969500,3778119900,3785842100
38,1510,241735582668100,3245500,3830937900,3838660100
38,1526,241735637249100,3486500,3885518900,3893241100
38,1542,241735686720000,3009500,3934989800,3942712000
38,1558,241735737462500,3148200,3985732300,3993454500
38,1574,241735783055800,2632300,4031325600,4039047800
38,1590,241735831059600,2871700,4079329400,4087051600
38,1606,241735881939600,2653500,4130209400,4137931600
38,1622,241735924432400,2625400,4172702200,4180424400
38,1638,241735973965500,2737000,4222235300,4229957500
38,1654,241736021369300,2846700,4269639100,4277361300
38,1670,241736066052100,2765800,4314321900,4322044100
38,1686,241736112295400,2950800,4360565200,4368287400
38,1702,241736155602900,2639200,4403872700,4411594900
38,1718,241736198451200,3014900,4446721000,4454443200
38,1734,241736253828100,2978500,4502097900,4509820100
38,1750,241736300754200,2877900,4549024000,4556746200
38,1766,241736351982100,3120900,4600251900,4607974100
38,1782,241736394400700,3053100,4642670500,4650392700
38,1798,241736445066900,3330500,4693336700,4701058900
38,1814,241736495062400,3183000,4743332200,4751054400
38,1830,241736548312500,3278600,4796582300,4804304500
38,1846,241736603065600,3187700,4851335400,4859057600
38,1862,241736666312200,3466400,4914582000,4922304200
38,1878,241736713031700,2825000,4961301500,4969023700
38,1894,241736755951800,3194700,5004221600,5011943800
38,1910,241736803935100,2989300,5052204900,5059927100
38,1926,241736852445900,2986600,5100715700,5108437900
38,1942,241736897486000,2798100,5145755800,5153478000
38,1958,241736943973600,2278700,5192243400,5199965600
38,1974,241736987014300,2764500,5235284100,5243006300
38,1990,241737033232500,2974900,5281502300,5289224500
38,2006,241737084136600,2932200,5332406400,5340128600
38,2022,241737130996100,2975100,5379265900,5386988100
38,2038,241737177659200,3110300,5425929000,5433651200
39,7,241731919635200,2693900,167905000,175627200
39,23,241731957815900,2203800,206085700,213807900
39,39,241731994477300,2161000,242747100,250469300
39,55,241732029322400,2230400,277592200,285314400
39,71,241732064532600,2185400,312802400,320524600
39,87,241732099607200,2139300,347877000,355599200
39,103,241732134289600,2209800,382559400,390281600
39,119,241732169950400,2576100,418220200,425942400
39,135,241732225474200,2215300,473744000,481466200
39,151,241732261032500,2588800,509302300,517024500
39,167,241732297392300,2294300,545662100,553384300
39,183,241732334388500,2519500,582658300,590380500
39,199,241732371242100,2252300,619511900,627234100
39,215,241732405318000,2129300,653587800,661310000
39,231,241732440302800,2185600,688572600,696294800
39,247,241732475266500,2097100,723536300,731258500
39,263,241732529150100,2335800,777419900,785142100
39,279,241732564052100,2182200,812321900,820044100
39,295,241732598318100,2117000,846587900,854310100
39,311,241732639689700,2225600,887959500,895681700
39,327,241732674324200,2235800,922594000,930316200
39,343,241732709819700,2332000,958089500,965811700
39,359,241732745141500,2303700,993411300,1001133500
39,375,241732781040600,2460300,1029310400,1037032600
39,391,241732816936000,21565900,1065205800,1072928000
39,407,241732873145800,2221400,1121415600,1129137800
39,423,241732908356600,2077500,1156626400,1164348600
39,439,241732942369900,2154000,1190639700,1198361900
39,455,241732977109200,2170100,1225379000,1233101200
39,471,241733012088300,2153800,1260358100,1268080300
39,487,241733046651900,1932100,1294921700,1302643900
39,503,241733081902700,2116300,1330172500,1337894700
39,519,241733115460100,2110200,1363729900,1371452100
39,535,241733168219400,2072400,1416489200,1424211400
39,551,241733203078100,2155700,1451347900,1459070100
39,567,241733236792400,2110500,1485062200,1492784400
39,583,241733271203400,2128500,1519473200,1527195400
39,599,241733305031700,2159500,1553301500,1561023700
39,615,241733339556400,2103200,1587826200,1595548400
39,631,241733373571500,2050400,1621841300,1629563500
39,647,241733407264900,2073500,1655534700,1663256900
39,663,241733459878400,2175100,1708148200,1715870400
39,679,241733494869800,2102200,1743139600,1750861800
39,695,241733529572800,2153800,1777842600,1785564800
39,711,241733564205600,2123000,1812475400,1820197600
39,727,241733598350200,2125000,1846620000,1854342200
39,743,241733632059100,2087300,1880328900,1888051100
39,759,241733665776700,2097200,1914046500,1921768700
39,775,241733700304900,3693000,1948574700,1956296900
39,791,241733739710600,2125800,1987980400,1995702600
39,807,241733794437000,2215600,2042706800,2050429000
39,823,241733829300900,2130600,2077570700,2085292900
39,839,241733863528100,2097600,2111797900,2119520100
39,855,241733897457700,2574300,2145727500,2153449700
39,871,241733934138500,2189700,2182408300,2190130500
39,887,241733969409200,2187100,2217679000,2225401200
39,903,241734005559400,2151200,2253829200,2261551400
39,919,241734039284700,2052200,2287554500,2295276700
39,935,241734093072900,2265200,2341342700,2349064900
39,951,241734128546900,2062800,2376816700,2384538900
39,967,241734162436500,2096900,2410706300,2418428500
39,983,241734196846100,2163200,2445115900,2452838100
39,999,241734231681800,2221000,2479951600,2487673800
39,1015,241734265765800,2103700,2514035600,2521757800
39,1031,241734299701100,2056900,2547970900,2555693100
39,1047,241734335121800,2164000,2583391600,2591113800
39,1063,241734376203100,2131200,2624472900,2632195100
39,1079,241734412135300,2193300,2660405100,2668127300
39,1095,241734448203500,2273400,2696473300,2704195500
39,1111,241734484461800,2173700,2732731600,2740453800
39,1127,241734519253200,2151500,2767523000,2775245200
39,1143,241734553823100,2374100,2802092900,2809815100
39,1159,241734589776900,2133600,2838046700,2845768900
39,1175,241734626087100,2288800,2874356900,2882079100
39,1191,241734661171800,2126000,2909441600,2917163800
39,1207,241734701375700,2173500,2949645500,2957367700
39,1223,241734736122500,2488700,2984392300,2992114500
39,1239,241734778471300,2950200,3026741100,3034463300
39,1255,241734829585400,2904600,3077855200,3085577400
39,1271,241734874050400,3117000,3122320200,3130042400
39,1287,241734923281600,2876000,3171551400,3179273600
39,1303,241734967114000,2925300,3215383800,3223106000
39,1319,241735010577400,2654700,3258847200,3266569400
39,1335,241735060416400,2787200,3308686200,3316408400
39,1351,241735104761300,2963700,3353031100,3360753300
39,1367,241735151928400,2946000,3400198200,3407920400
39,1383,241735197189300,2750400,3445459100,3453181300
39,1399,241735242530600,3026600,3490800400,3498522600
39,1415,241735294570900,2875300,3542840700,3550562900
39,1431,241735342791400,2718900,3591061200,3598783400
39,1447,241735387998000,2986400,3636267800,3643990000
39,1463,241735440314200,2983800,3688584000,3696306200
39,1479,241735487400500,2899100,3735670300,3743392500
39,1495,241735534421600,3013300,3782691400,3790413600
39,1511,241735587745100,3458600,3836014900,3843737100
39,1527,241735642565000,3216900,3890834800,3898557000
39,1543,241735691577700,2981900,3939847500,3947569700
39,1559,241735742235200,3136200,3990505000,3998227200
39,1575,241735787048100,3197300,4035317900,4043040100
39,1591,241735835420000,8737000,4083689800,4091412000
39,1607,241735886340700,2635900,4134610500,4142332700
39,1623,241735928845900,2604400,4177115700,4184837900
39,1639,241735978446000,2783600,4226715800,4234438000
39,1655,241736022320300,2843300,4270590100,4278312300
39,1671,241736066937600,2748900,4315207400,4322929600
39,1687,241736113234600,2976400,4361504400,4369226600
39,1703,241736156345600,2711700,4404615400,4412337600
39,1719,241736199385000,3037000,4447654800,4455377000
39,1735,241736254797200,2949300,4503067000,4510789200
39,1751,241736301706000,2868900,4549975800,4557698000
39,1767,241736352912500,3398200,4601182300,4608904500
39,1783,241736395225600,3233900,4643495400,4651217600
39,1799,241736446098600,3327100,4694368400,4702090600
39,1815,241736495999400,3163300,4744269200,4751991400
39,1831,241736549359900,3364900,4797629700,4805351900
39,1847,241736604044300,3274300,4852314100,4860036300
39,1863,241736667414900,3406900,4915684700,4923406900
39,1879,241736714034300,2674100,4962304100,4970026300
39,1895,241736756989300,3019900,5005259100,5012981300
39,1911,241736804809000,2993200,5053078800,5060801000
39,1927,241736853334900,2926400,5101604700,5109326900
39,1943,241736898293000,2828600,5146562800,5154285000
39,1959,241736944649600,2289700,5192919400,5200641600
39,1975,241736988153800,2710900,5236423600,5244145800
39,1991,241737034457000,2957200,5282726800,5290449000
39,2007,241737085315500,2933200,5333585300,5341307500
39,2023,241737132249000,2813600,5380518800,5388241000
39,2039,241737178942400,3017700,5427212200,5434934400
40,8,241731922298500,2398600,170568300,178290500
40,24,241731959874900,2449500,208144700,215866900
40,40,241731996488800,2172000,244758600,252480800
40,56,241732031270900,2222600,279540700,287262900
40,72,241732066596600,2181100,314866400,322588600
40,88,241732101434500,2090700,349704300,357426500
40,104,241732136163700,2177200,384433500,392155700
40,120,241732172313100,2329700,420582900,428305100
40,136,241732227476100,2196600,475745900,483468100
40,152,241732263353200,2252600,511623000,519345200
40,168,241732299375500,2275200,547645300,555367500
40,184,241732336470600,2242400,584740400,592462600
40,200,241732372918100,2142700,621187900,628910100
40,216,241732406973300,2093000,655243100,662965300
40,232,241732441901400,2222800,690171200,697893400
40,248,241732476836000,2087700,725105800,732828000
40,264,241732530962700,2213400,779232500,786954700
40,280,241732565688900,2190900,813958700,821680900
40,296,241732599959500,2172900,848229300,855951500
40,312,241732640999100,2105200,889268900,896991100
40,328,241732675672100,2178400,923941900,931664100
40,344,241732711140100,2158000,959409900,967132100
40,360,241732746359500,2294300,994629300,1002351500
40,376,241732782460800,2237100,1030730600,1038452800
40,392,241732818184700,21952700,1066454500,1074176700
40,408,241732874340400,2290600,1122610200,1130332400
40,424,241732909547500,2064700,1157817300,1165539500
40,440,241732943603200,2100100,1191873000,1199595200
40,456,241732978380600,2177800,1226650400,1234372600
40,472,241733013328000,2173200,1261597800,1269320000
40,488,241733047540300,2225000,1295810100,1303532300
40,504,241733082869000,2058500,1331138800,1338861000
40,520,241733116381900,2083300,1364651700,1372373900
40,536,241733169102500,2119800,1417372300,1425094500
40,552,241733204042400,2133200,1452312200,1460034400
40,568,241733237722400,2101600,1485992200,1493714400
40,584,241733272223900,2103600,1520493700,1528215900
40,600,241733306040400,2183800,1554310200,1562032400
40,616,241733340513300,2176600,1588783100,1596505300
40,632,241733374580400,2113300,1622850200,1630572400
40,648,241733408297800,2082100,1656567600,1664289800
40,664,241733460998700,2092600,1709268500,1716990700
40,680,241733495575100,2176100,1743844900,1751567100
40,696,241733530271400,2153100,1778541200,1786263400
40,712,241733564908200,2106600,1813178000,1820900200
40,728,241733599078200,2145100,1847348000,1855070200
40,744,241733632828300,2092800,1881098100,1888820300
40,760,241733666538000,2096000,1914807800,1922530000
40,776,241733701527900,5145800,1949797700,1957519900
40,792,241733740688900,21637400,1988958700,1996680900
40,808,241733795417000,2229600,2043686800,2051409000
40,824,241733830100200,2175600,2078370000,2086092200
40,840,241733864322700,2129500,2112592500,2120314700
40,856,241733898254500,2202200,2146524300,2154246500
40,872,241733934399400,2180400,2182669200,2190391400
40,888,241733969624100,2181300,2217893900,2225616100
40,904,241734005812400,2162000,2254082200,2261804400
40,920,241734039529400,2064000,2287799200,2295521400
40,936,241734093468700,2247000,2341738500,2349460700
40,952,241734128900900,2069900,2377170700,2384892900
40,968,241734162802600,2101700,2411072400,2418794600
40,984,241734197165800,2183500,2445435600,2453157800
40,1000,241734231961800,2211400,2480231600,2487953800
40,1016,241734266047700,2110100,2514317500,2522039700
40,1032,241734300035100,2027100,2548304900,2556027100
40,1048,241734335447100,2191700,2583716900,2591439100
40,1064,241734376665800,2128700,2624935600,2632657800
40,1080,241734412718600,2200300,2660988400,2668710600
40,1096,241734448838600,2283800,2697108400,2704830600
40,1112,241734484760200,2185700,2733030000,2740752200
40,1128,241734519519900,2160800,2767789700,2775511900
40,1144,241734554068100,2464300,2802337900,2810060100
40,1160,241734590069300,2136500,2838339100,2846061300
40,1176,241734626338700,2297400,2874608500,2882330700
40,1192,241734661432700,2125500,2909702500,2917424700
40,1208,241734701671400,2172900,2949941200,2957663400
40,1224,241734736420000,2544800,2984689800,2992412000
40,1240,241734778944200,2946800,3027214000,3034936200
40,1256,241734830403800,2869100,3078673600,3086395800
40,1272,241734874968400,3052400,3123238200,3130960400
40,1288,241734924126900,2786400,3172396700,3180118900
40,1304,241734967966300,2936300,3216236100,3223958300
40,1320,241735011333000,2704800,3259602800,3267325000
40,1336,241735061185700,2782900,3309455500,3317177700
40,1352,241735105603200,2960900,3353873000,3361595200
40,1368,241735152776100,2952500,3401045900,3408768100
40,1384,241735198036900,2753500,3446306700,3454028900
40,1400,241735243477400,3057600,3491747200,3499469400
40,1416,241735295193100,2886500,3543462900,3551185100
40,1432,241735343377900,2742600,3591647700,3599369900
40,1448,241735388671400,2923500,3636941200,3644663400
40,1464,241735440950500,3001300,3689220300,3696942500
40,1480,241735488007900,2925000,3736277700,3743999900
40,1496,241735535051900,3043600,3783321700,3791043900
40,1512,241735588399000,3454300,3836668800,3844391000
40,1528,241735643188700,3069700,3891458500,3899180700
40,1544,241735692126100,2935200,3940395900,3948118100
40,1560,241735742799000,3142800,3991068800,3998791000
40,1576,241735787608600,3170600,4035878400,4043600600
40,1592,241735835905000,8714100,4084174800,4091897000
40,1608,241735886678400,2629900,4134948200,4142670400
40,1624,241735929172400,2606800,4177442200,4185164400
40,1640,241735978789100,2759100,4227058900,4234781100
40,1656,241736025371300,3007000,4273641100,4281363300
40,1672,241736069875100,2737600,4318144900,4325867100
40,1688,241736116387200,2820700,4364657000,4372379200
40,1704,241736159234100,2723200,4407503900,4415226100
40,1720,241736202747100,3346400,4451016900,4458739100
40,1736,241736258017500,2948100,4506287300,4514009500
40,1752,241736304841900,3190500,4553111700,4560833900
40,1768,241736356550100,2838400,4604819900,4612542100
40,1784,241736398763200,3138500,4647033000,4654755200
40,1800,241736449717000,3142800,4697986800,4705709000
40,1816,241736499510400,3234100,4747780200,4755502400
40,1832,241736553039500,3346900,4801309300,4809031500
40,1848,241736607660300,3432100,4855930100,4863652300
40,1864,241736671138400,3344700,4919408200,4927130400
40,1880,241736717007800,2931900,4965277600,4972999800
40,1896,241736760324200,2785700,5008594000,5016316200
40,1912,241736808141300,2997000,5056411100,5064133300
40,1928,241736856605300,2802900,5104875100,5112597300
40,1944,241736901409300,2803900,5149679100,5157401300
40,1960,241736947214300,2194200,5195484100,5203206300
40,1976,241736990230600,2756300,5238500400,5246222600
40,1992,241737036717400,3079000,5284987200,5292709400
40,2008,241737087476600,2970500,5335746400,5343468600
40,2024,241737134371800,2679700,5382641600,5390363800
40,2040,241737181164200,2872700,5429434000,5437156200
41,9,241731924795800,2306800,173065600,180787800
41,25,241731962620200,2208900,210890000,218612200
41,41,241731998963100,2206600,247232900,254955100
41,57,241732033736800,2202800,282006600,289728800
41,73,241732068987600,2142100,317257400,324979600
41,89,241732103767000,2107100,352036800,359759000
41,105,241732138575800,2151500,386845600,394567800
41,121,241732174825100,2280300,423094900,430817100
41,137,241732229864400,2247700,478134200,485856400
41,153,241732265964500,2252100,514234300,521956500
41,169,241732302051000,2211700,550320800,558043000
41,185,241732339083000,2307400,587352800,595075000
41,201,241732375427300,2104000,623697100,631419300
41,217,241732409314600,2219300,657584400,665306600
41,233,241732444360200,2159900,692630000,700352200
41,249,241732479147000,2105200,727416800,735139000
41,265,241732533549200,2112000,781819000,789541200
41,281,241732568189800,2124900,816459600,824181800
41,297,241732602506600,2198200,850776400,858498600
41,313,241732643946700,2083900,892216500,899938700
41,329,241732678724000,2135600,926993800,934716000
41,345,241732714181500,2180600,962451300,970173500
41,361,241732749564200,2235800,997834000,1005556200
41,377,241732785627800,2185600,1033897600,1041619800
41,393,241732841146500,2360500,1089416300,1097138500
41,409,241732877476800,2347100,1125746600,1133468800
41,425,241732912378100,2069200,1160647900,1168370100
41,441,241732946507500,2226900,1194777300,1202499500
41,457,241732981285000,2161400,1229554800,1237277000
41,473,241733016265200,2154100,1264535000,1272257200
41,489,241733050988700,2282900,1299258500,1306980700
41,505,241733086054800,2093300,1334324600,1342046800
41,521,241733119597800,2053100,1367867600,1375589800
41,537,241733172385600,2101900,1420655400,1428377600
41,553,241733207325500,2204300,1455595300,1463317500
41,569,241733240957400,2115200,1489227200,1496949400
41,585,241733275454900,2128900,1523724700,1531446900
41,601,241733309483000,2171500,1557752800,1565475000
41,617,241733343928500,2153800,1592198300,1599920500
41,633,241733377767200,2095000,1626037000,1633759200
41,649,241733411453400,2152600,1659723200,1667445400
41,665,241733464264300,2103000,1712534100,1720256300
41,681,241733499619600,2161900,1747889400,1755611600
41,697,241733534312300,2179400,1782582100,1790304300
41,713,241733568775100,2071000,1817044900,1824767100
41,729,241733602974700,2121500,1851244500,1858966700
41,745,241733636663900,2084900,1884933700,1892655900
41,761,241733670408000,2105600,1918677800,1926400000
41,777,241733709085700,2192000,1957355500,1965077700
41,793,241733764222600,2286500,2012492400,2020214600
41,809,241733799320500,2249400,2047590300,2055312500
41,825,241733833854800,2132500,2082124600,2089846800
41,841,241733868046100,2099200,2116315900,2124038100
41,857,241733903322500,2474600,2151592300,2159314500
41,873,241733938839700,2149200,2187109500,2194831700
41,889,241733974046300,2133500,2222316100,2230038300
41,905,241734010163100,2108000,2258432900,2266155100
41,921,241734043854300,2046800,2292124100,2299846300
41,937,241734097692300,2053300,2345962100,2353684300
41,953,241734132876700,2131300,2381146500,2388868700
41,969,241734166795100,2079300,2415064900,2422787100
41,985,241734201333800,2109200,2449603600,2457325800
41,1001,241734236131300,2125600,2484401100,2492123300
41,1017,241734270112900,2096100,2518382700,2526104900
41,1033,241734303832300,2082800,2552102100,2559824300
41,1049,241734339735300,2157200,2588005100,2595727300
41,1065,241734380868800,2180500,2629138600,2636860800
41,1081,241734416780700,2338300,2665050500,2672772700
41,1097,241734453121200,2369900,2701391000,2709113200
41,1113,241734489361600,2192500,2737631400,2745353600
41,1129,241734524085300,2219200,2772355100,2780077300
41,1145,241734559139800,2359500,2807409600,2815131800
41,1161,241734594669100,2268800,2842938900,2850661100
41,1177,241734631286200,2111100,2879556000,2887278200
41,1193,241734671564500,2247700,2919834300,2927556500
41,1209,241734706379400,2126600,2954649200,2962371400
41,1225,241734741579800,2186000,2989849600,2997571800
41,1241,241734784872400,2770700,3033142200,3040864400
41,1257,241734835740400,2742200,3084010200,3091732400
41,1273,241734880726500,2997800,3128996300,3136718500
41,1289,241734929309500,2573300,3177579300,3185301500
41,1305,241734973523000,2938400,3221792800,3229515000
41,1321,241735016390600,2621500,3264660400,3272382600
41,1337,241735066445600,2694700,3314715400,3322437600
41,1353,241735111283300,2925000,3359553100,3367275300
41,1369,241735158505200,2968700,3406775000,3414497200
41,1385,241735203308500,2720800,3451578300,3459300500
41,1401,241735249178600,2937900,3497448400,3505170600
41,1417,241735300658700,2992100,3548928500,3556650700
41,1433,241735348444900,2743200,3596714700,3604436900
41,1449,241735393785000,2730800,3642054800,3649777000
41,1465,241735446358300,3031900,3694628100,3702350300
41,1481,241735493306000,2998300,3741575800,3749298000
41,1497,241735540531700,4159000,3788801500,3796523700
41,1513,241735594690400,3450200,3842960200,3850682400
41,1529,241735648755800,3194300,3897025600,3904747800
41,1545,241735697691400,3142600,3945961200,3953683400
41,1561,241735748521800,2789900,3996791600,4004513800
41,1577,241735793288100,3092100,4041557900,4049280100
41,1593,241735847401700,3047300,4095671500,4103393700
41,1609,241735891439200,2633900,4139709000,4147431200
41,1625,241735933824400,2625100,4182094200,4189816400
41,1641,241735983792900,2704800,4232062700,4239784900
41,1657,241736030261900,2655000,4278531700,4286253900
41,1673,241736074459500,2734400,4322729300,4330451500
41,1689,241736121081300,2824000,4369351100,4377073300
41,1705,241736163868300,2719600,4412138100,4419860300
41,1721,241736208377300,3080700,4456647100,4464369300
41,1737,241736263056000,2985900,4511325800,4519048000
41,1753,241736310288400,3210700,4558558200,4566280400
41,1769,241736361326400,2886100,4609596200,4617318400
41,1785,241736404095000,3054900,4652364800,4660087000
41,1801,241736455089100,3129400,4703358900,4711081100
41,1817,241736505018700,3239200,4753288500,4761010700
41,1833,241736558652800,3404100,4806922600,4814644800
41,1849,241736613408900,3425300,4861678700,4869400900
41,1865,241736676879800,3338300,4925149600,4932871800
41,1881,241736721964000,2908800,4970233800,4977956000
41,1897,241736765145900,2995400,5013415700,5021137900
41,1913,241736813145300,3292200,5061415100,5069137300
41,1929,241736861305900,2802000,5109575700,5117297900
41,1945,241736906060600,3021200,5154330400,5162052600
41,1961,241736950848600,2691600,5199118400,5206840600
41,1977,241736995581400,2782000,5243851200,5251573400
41,1993,241737047912700,2785100,5296182500,5303904700
41,2009,241737093258000,2942200,5341527800,5349250000
41,2025,241737139673900,2952200,5387943700,5395665900
41,2041,241737186693000,2798700,5434962800,5442685000
42,10,241731926985800,2259900,175255600,182977800
42,26,241731964919400,2339900,213189200,220911400
42,42,241732001233600,2152700,249503400,257225600
42,58,241732035818900,2247300,284088700,291810900
42,74,241732071073400,2165900,319343200,327065400
42,90,241732105763500,2134600,354033300,361755500
42,106,241732140614400,2138200,388884200,396606400
42,122,241732177171500,2254200,425441300,433163500
42,138,241732232239400,2187900,480509200,488231400
42,154,241732268185900,2187100,516455700,524177900
42,170,241732304232700,2166200,552502500,560224700
42,186,241732341307000,2239900,589576800,597299000
42,202,241732377440700,2124300,625710500,633432700
42,218,241732411565500,2130600,659835300,667557500
42,234,241732446552400,2157700,694822200,702544400
42,250,241732481223700,2406700,729493500,737215700
42,266,241732535498000,2104400,783767800,791490000
42,282,241732570206100,2120200,818475900,826198100
42,298,241732604624000,2168700,852893800,860616000
42,314,241732645870800,2057100,894140600,901862800
42,330,241732680721900,2144800,928991700,936713900
42,346,241732716113700,2124300,964383500,972105700
42,362,241732751508700,2210900,999778500,1007500700
42,378,241732787485800,2243600,1035755600,1043477800
42,394,241732843836700,2434100,1092106500,1099828700
42,410,241732879858900,2259400,1128128700,1135850900
42,426,241732914481000,2138200,1162750800,1170473000
42,442,241732948793700,2158500,1197063500,1204785700
42,458,241732983511000,2139400,1231780800,1239503000
42,474,241733018480000,2299400,1266749800,1274472000
42,490,241733053133100,2519900,1301402900,1309125100
42,506,241733088091600,2071300,1336361400,1344083600
42,522,241733121596700,2069900,1369866500,1377588700
42,538,241733174431000,2106200,1422700800,1430423000
42,554,241733209473800,2107400,1457743600,1465465800
42,570,241733243014500,2098100,1491284300,1499006500
42,586,241733277528600,2125000,1525798400,1533520600
42,602,241733311508100,2185300,1559777900,1567500100
42,618,241733345964900,2130600,1594234700,1601956900
42,634,241733379950400,2127400,1628220200,1635942400
42,650,241733413690900,2119700,1661960700,1669682900
42,666,241733466282200,2131000,1714552000,1722274200
42,682,241733501162700,2158400,1749432500,1757154700
42,698,241733535828000,2147100,1784097800,1791820000
42,714,241733570246300,2079400,1818516100,1826238300
42,730,241733604375600,2091700,1852645400,1860367600
42,746,241733638018700,2120100,1886288500,1894010700
42,762,241733671812000,2096900,1920081800,1927804000
42,778,241733710497800,2220700,1958767600,1966489800
42,794,241733765582600,2252700,2013852400,2021574600
42,810,241733800684500,2172000,2048954300,2056676500
42,826,241733835073900,2113500,2083343700,2091065900
42,842,241733869243800,2116000,2117513600,2125235800
42,858,241733904377600,2409700,2152647400,2160369600
42,874,241733939766500,2128700,2188036300,2195758500
42,890,241733975141600,2088900,2223411400,2231133600
42,906,241734011288800,2102800,2259558600,2267280800
42,922,241734044964200,2048300,2293234000,2300956200
42,938,241734099000000,2091600,2347269800,2354992000
42,954,241734134169500,2143600,2382439300,2390161500
42,970,241734168069900,2258800,2416339700,2424061900
42,986,241734202640000,2073800,2450909800,2458632000
42,1002,241734237437200,2129800,2485707000,2493429200
42,1018,241734271394200,2146300,2519664000,2527386200
42,1034,241734305182500,2075300,2553452300,2561174500
42,1050,241734340935300,2156800,2589205100,2596927300
42,1066,241734382015700,2244900,2630285500,2638007700
42,1082,241734418058600,2317900,2666328400,2674050600
42,1098,241734454372100,2311100,2702641900,2710364100
42,1114,241734490158600,2197300,2738428400,2746150600
42,1130,241734524893800,2184200,2773163600,2780885800
42,1146,241734560017500,2329700,2808287300,2816009500
42,1162,241734595487400,2259300,2843757200,2851479400
42,1178,241734632037500,2105000,2880307300,2888029500
42,1194,241734672269700,2260100,2920539500,2928261700
42,1210,241734707011600,2133200,2955281400,2963003600
42,1226,241734742291400,2164700,2990561200,2998283400
42,1242,241734785732000,2794900,3034001800,3041724000
42,1258,241734836617000,2704800,3084886800,3092609000
42,1274,241734881610700,3000200,3129880500,3137602700
42,1290,241734930048600,2596700,3178318400,3186040600
42,1306,241734974580600,2714000,3222850400,3230572600
42,1322,241735017205900,2615200,3265475700,3273197900
42,1338,241735067260600,2745600,3315530400,3323252600
42,1354,241735112150100,2925800,3360419900,3368142100
42,1370,241735159432600,2952800,3407702400,3415424600
42,1386,241735204122800,2710000,3452392600,3460114800
42,1402,241735250051000,2939400,3498320800,3506043000
42,1418,241735301691900,3076400,3549961700,3557683900
42,1434,241735349384000,2707300,3597653800,3605376000
42,1450,241735394676300,2749400,3642946100,3650668300
42,1466,241735447453800,2966100,3695723600,3703445800
42,1482,241735494419300,2928500,3742689100,3750411300
42,1498,241735541850600,3966000,3790120400,3797842600
42,1514,241735592540600,3440200,3840810400,3848532600
42,1530,241735646907200,3089800,3895177000,3902899200
42,1546,241735695610300,3301900,3943880100,3951602300
42,1562,241735746549500,3055300,3994819300,4002541500
42,1578,241735791360200,3127500,4039630000,4047352200
42,1594,241735845209500,3263000,4093479300,4101201500
42,1610,241735889633200,2728100,4137903000,4145625200
42,1626,241735932117700,2626400,4180387500,4188109700
42,1642,241735981988900,2746600,4230258700,4237980900
42,1658,241736029512900,2671300,4277782700,4285504900
42,1674,241736073756700,2715700,4322026500,4329748700
42,1690,241736120375600,2783800,4368645400,4376367600
42,1706,241736163130500,2691400,4411400300,4419122500
42,1722,241736207470800,3138900,4455740600,4463462800
42,1738,241736262219400,2981100,4510489200,4518211400
42,1754,241736309537000,3204900,4557806800,4565529000
42,1770,241736360563300,3030600,4608833100,4616555300
42,1786,241736403245700,3044200,4651515500,4659237700
42,1802,241736454065000,3217300,4702334800,4710057000
42,1818,241736504016400,3235800,4752286200,4760008400
42,1834,241736557711600,3317400,4805981400,4813703600
42,1850,241736612414300,3445500,4860684100,4868406300
42,1866,241736675812400,3428800,4924082200,4931804400
42,1882,241736721080700,2862800,4969350500,4977072700
42,1898,241736764263000,3000700,5012532800,5020255000
42,1914,241736812263000,3354800,5060532800,5068255000
42,1930,241736860440800,2752400,5108710600,5116432800
42,1946,241736905264800,2863900,5153534600,5161256800
42,1962,241736950243700,2537300,5198513500,5206235700
42,1978,241736994829100,2777500,5243098900,5250821100
42,1994,241737047172600,2794700,5295442400,5303164600
42,2010,241737092367000,2951100,5340636800,5348359000
42,2026,241737138747300,2921300,5387017100,5394739300
42,2042,241737185821400,2770400,5434091200,5441813400
43,11,241731929317500,3333400,177587300,185309500
43,27,241731967097900,2259700,215367700,223089900
43,43,241732003236700,2174600,251506500,259228700
43,59,241732038337700,2196700,286607500,294329700
43,75,241732073405300,2202100,321675100,329397300
43,91,241732108170500,2194200,356440300,364162500
43,107,241732143022600,2169600,391292400,399014600
43,123,241732179495000,2256300,427764800,435487000
43,139,241732234545300,2215700,482815100,490537300
43,155,241732270560600,2378200,518830400,526552600
43,171,241732306648800,2231600,554918600,562640800
43,187,241732343818300,2296400,592088100,599810300
43,203,241732379813400,2082900,628083200,635805400
43,219,241732413824400,2185700,662094200,669816400
43,235,241732448862400,2152900,697132200,704854400
43,251,241732483831100,2498600,732100900,739823100
43,267,241732538020300,2102100,786290100,794012300
43,283,241732572704600,2084300,820974400,828696600
43,299,241732607062000,2118900,855331800,863054000
43,315,241732648131100,2107900,896400900,904123100
43,331,241732683074400,2184600,931344200,939066400
43,347,241732718489400,2295200,966759200,974481400
43,363,241732753977800,2402100,1002247600,1009969800
43,379,241732790008500,2183400,1038278300,1046000500
43,395,241732846214200,2323600,1094484000,1102206200
43,411,241732881989300,2296700,1130259100,1137981300
43,427,241732916500300,2092500,1164770100,1172492300
43,443,241732950746100,2150000,1199015900,1206738100
43,459,241732985427000,2226200,1233696800,1241419000
43,475,241733020555700,2144000,1268825500,1276547700
43,491,241733055941000,2380800,1304210800,1311933000
43,507,241733090384900,2054600,1338654700,1346376900
43,523,241733123858300,2061600,1372128100,1379850300
43,539,241733176735200,2333300,1425005000,1432727200
43,555,241733211698200,2079000,1459968000,1467690200
43,571,241733245239200,2111800,1493509000,1501231200
43,587,241733279779100,2077200,1528048900,1535771100
43,603,241733313750600,2169500,1562020400,1569742600
43,619,241733348068500,2148800,1596338300,1604060500
43,635,241733382050500,2115400,1630320300,1638042500
43,651,241733415782000,2098500,1664051800,1671774000
43,667,241733468488800,2079500,1716758600,1724480800
43,683,241733503882900,2113900,1752152700,1759874900
43,699,241733538460800,2162600,1786730600,1794452800
43,715,241733572787700,2117500,1821057500,1828779700
43,731,241733607025200,2098400,1855295000,1863017200
43,747,241733640754300,2119200,1889024100,1896746300
43,763,241733674503500,2124200,1922773300,1930495500
43,779,241733713546900,2086100,1961816700,1969538900
43,795,241733768713100,2165700,2016982900,2024705100
43,811,241733803738000,2181500,2052007800,2059730000
43,827,241733838138500,2107300,2086408300,2094130500
43,843,241733872246300,2105500,2120516100,2128238300
43,859,241733908595300,2294800,2156865100,2164587300
43,875,241733943663700,2100800,2191933500,2199655700
43,891,241733979050900,2300100,2227320700,2235042900
43,907,241734015053800,2082500,2263323600,2271045800
43,923,241734048701500,2073300,2296971300,2304693500
43,939,241734102633400,2378200,2350903200,2358625400
43,955,241734137909300,2110400,2386179100,2393901300
43,971,241734171993000,2053100,2420262800,2427985000
43,987,241734206526200,2246700,2454796000,2462518200
43,1003,241734241239000,2130500,2489508800,2497231000
43,1019,241734275238100,2085100,2523507900,2531230100
43,1035,241734308948200,2197300,2557218000,2564940200
43,1051,241734344347500,2187900,2592617300,2600339500
43,1067,241734385562000,2171600,2633831800,2641554000
43,1083,241734421515400,2176600,2669785200,2677507400
43,1099,241734458055500,2184900,2706325300,2714047500
43,1115,241734493550800,2139200,2741820600,2749542800
43,1131,241734528227900,2141100,2776497700,2784219900
43,1147,241734563571500,2258900,2811841300,2819563500
43,1163,241734599134900,2265900,2847404700,2855126900
43,1179,241734635581300,2199600,2883851100,2891573300
43,1195,241734675881600,2136000,2924151400,2931873600
43,1211,241734710640300,2079000,2958910100,2966632300
43,1227,241734746024700,2137100,2994294500,3002016700
43,1243,241734790683100,2911700,3038952900,3046675100
43,1259,241734841485700,2738800,3089755500,3097477700
43,1275,241734886991500,3033400,3135261300,3142983500
43,1291,241734934782300,2549300,3183052100,3190774300
43,1307,241734979566000,2600900,3227835800,3235558000
43,1323,241735021982600,2606100,3270252400,3277974600
43,1339,241735072136600,2754000,3320406400,3328128600
43,1355,241735117421700,2882300,3365691500,3373413700
43,1371,241735164710300,3003900,3412980100,3420702300
43,1387,241735208950400,2831300,3457220200,3464942400
43,1403,241735255263600,2900000,3503533400,3511255600
43,1419,241735307130300,2975900,3555400100,3563122300
43,1435,241735354264400,2673300,3602534200,3610256400
43,1451,241735399628100,2862500,3647897900,3655620100
43,1467,241735452803100,2916900,3701072900,3708795100
43,1483,241735499747100,2934200,3748016900,3755739100
43,1499,241735549031700,2904300,3797301500,3805023700
43,1515,241735602044100,3612400,3850313900,3858036100
43,1531,241735655574200,2821500,3903844000,3911566200
43,1547,241735704813400,2898800,3953083200,3960805400
43,1563,241735754649100,2966900,4002918900,4010641100
43,1579,241735800007300,3053500,4048277100,4055999300
43,1595,241735854326600,2984300,4102596400,4110318600
43,1611,241735897582800,2614700,4145852600,4153574800
43,1627,241735940293000,2757700,4188562800,4196285000
43,1643,241735990112400,2707800,4238382200,4246104400
43,1659,241736037769600,2741000,4286039400,4293761600
43,1675,241736082202300,2993200,4330472100,4338194300
43,1691,241736128956000,2594400,4377225800,4384948000
43,1707,241736171523400,2865600,4419793200,4427515400
43,1723,241736216975100,3015600,4465244900,4472967100
43,1739,241736271778800,2898800,4520048600,4527770800
43,1755,241736319447300,3302100,4567717100,4575439300
43,1771,241736368573300,2490300,4616843100,4624565300
43,1787,241736413328500,3236900,4661598300,4669320500
43,1803,241736463895600,3185300,4712165400,4719887600
43,1819,241736514221100,3287600,4762490900,4770213100
43,1835,241736568777800,3310200,4817047600,4824769800
43,1851,241736623209900,3439400,4871479700,4879201900
43,1867,241736686160400,2541900,4934430200,4942152400
43,1883,241736729891300,2548300,4978161100,4985883300
43,1899,241736773722500,3049300,5021992300,5029714500
43,1915,241736821904200,3036500,5070174000,5077896200
43,1931,241736869477700,2854700,5117747500,5125469700
43,1947,241736914635900,2918800,5162905700,5170627900
43,1963,241736958748500,2977400,5207018300,5214740500
43,1979,241737003418900,2723000,5251688700,5259410900
43,1995,241737055815000,2774300,5304084800,5311807000
43,2011,241737101581200,2833500,5349851000,5357573200
43,2027,241737147843500,2970900,5396113300,5403835500
43,2043,241737194802600,3435200,5443072400,5450794600
44,12,241731932689900,2359900,180959700,188681900
44,28,241731969393600,2507900,217663400,225385600
44,44,241732005447800,2115100,253717600,261439800
44,60,241732040475500,2155200,288745300,296467500
44,76,241732075489800,2166600,323759600,331481800
44,92,241732110160900,2102600,358430700,366152900
44,108,241732144996900,2152800,393266700,400988900
44,124,241732181881000,2329100,430150800,437873000
44,140,241732236732600,2181400,485002400,492724600
44,156,241732272806200,2451100,521076000,528798200
44,172,241732308729500,2344500,556999300,564721500
44,188,241732345993800,2366400,594263600,601985800
44,204,241732381762600,2089200,630032400,637754600
44,220,241732415917300,2156800,664187100,671909300
44,236,241732450907800,2192600,699177600,706899800
44,252,241732486236000,2133000,734505800,742228000
44,268,241732539774600,2071100,788044400,795766600
44,284,241732574464200,2086700,822734000,830456200
44,300,241732608947100,2120000,857216900,864939100
44,316,241732650098600,2046900,898368400,906090600
44,332,241732685111300,2125400,933381100,941103300
44,348,241732720823700,2181300,969093500,976815700
44,364,241732756419200,2306000,1004689000,1012411200
44,380,241732792224500,2195200,1040494300,1048216500
44,396,241732848499600,2197600,1096769400,1104491600
44,412,241732884503500,2202800,1132773300,1140495500
44,428,241732918793100,2116200,1167062900,1174785100
44,444,241732953217300,2264600,1201487100,1209209300
44,460,241732987959200,2275600,1236229000,1243951200
44,476,241733022950800,2160200,1271220600,1278942800
44,492,241733057898100,2253000,1306167900,1313890100
44,508,241733092057800,2068300,1340327600,1348049800
44,524,241733125573500,2073800,1373843300,1381565500
44,540,241733178640400,2314700,1426910200,1434632400
44,556,241733213478800,2095700,1461748600,1469470800
44,572,241733247030100,2095300,1495299900,1503022100
44,588,241733281616300,2132600,1529886100,1537608300
44,604,241733315723800,2133900,1563993600,1571715800
44,620,241733350101100,2129800,1598370900,1606093100
44,636,241733383969800,2126800,1632239600,1639961800
44,652,241733417678300,2091600,1665948100,1673670300
44,668,241733470296200,2105300,1718566000,1726288200
44,684,241733505039700,2135000,1753309500,1761031700
44,700,241733539749200,2107700,1788019000,1795741200
44,716,241733574033800,2089800,1822303600,1830025800
44,732,241733608300000,2089600,1856569800,1864292000
44,748,241733641990900,2115700,1890260700,1897982900
44,764,241733675753600,2106000,1924023400,1931745600
44,780,241733714825500,2095200,1963095300,1970817500
44,796,241733770099900,2113700,2018369700,2026091900
44,812,241733805133400,2174700,2053403200,2061125400
44,828,241733839454600,2126500,2087724400,2095446600
44,844,241733873584700,2119100,2121854500,2129576700
44,860,241733909216400,2274300,2157486200,2165208400
44,876,241733944238100,2105700,2192507900,2200230100
44,892,241733979682000,2346400,2227951800,2235674000
44,908,241734015702300,2087100,2263972100,2271694300
44,924,241734049347300,2083800,2297617100,2305339300
44,940,241734103566300,2375400,2351836100,2359558300
44,956,241734138700000,2128100,2386969800,2394692000
44,972,241734172773300,2043000,2421043100,2428765300
44,988,241734207215900,2269300,2455485700,2463207900
44,1004,241734241908800,2108500,2490178600,2497900800
44,1020,241734275894000,2105200,2524163800,2531886000
44,1036,241734309700400,2270700,2557970200,2565692400
44,1052,241734345498200,2189200,2593768000,2601490200
44,1068,241734386842800,2159600,2635112600,2642834800
44,1084,241734422805100,2230300,2671074900,2678797100
44,1100,241734459273400,2298000,2707543200,2715265400
44,1116,241734494803400,2143800,2743073200,2750795400
44,1132,241734529470400,2153000,2777740200,2785462400
44,1148,241734564883600,2329200,2813153400,2820875600
44,1164,241734600413300,2169900,2848683100,2856405300
44,1180,241734636652900,2191100,2884922700,2892644900
44,1196,241734676900400,2127900,2925170200,2932892400
44,1212,241734711621900,2104000,2959891700,2967613900
44,1228,241734747108000,2142100,2995377800,3003100000
44,1244,241734792158000,2895100,3040427800,3048150000
44,1260,241734842768600,2737100,3091038400,3098760600
44,1276,241734888362900,3008200,3136632700,3144354900
44,1292,241734935973600,2535100,3184243400,3191965600
44,1308,241734980779300,2582500,3229049100,3236771300
44,1324,241735023192400,2898600,3271462200,3279184400
44,1340,241735073472300,2695700,3321742100,3329464300
44,1356,241735118712000,2888700,3366981800,3374704000
44,1372,241735166060200,2992800,3414330000,3422052200
44,1388,241735210154100,2863500,3458423900,3466146100
44,1404,241735256554100,2913600,3504823900,3512546100
44,1420,241735308444300,2976000,3556714100,3564436300
44,1436,241735355351200,2738300,3603621000,3611343200
44,1452,241735400878700,2859700,3649148500,3656870700
44,1468,241735453927800,2889600,3702197600,3709919800
44,1484,241735500880500,2945700,3749150300,3756872500
44,1500,241735550172400,2872600,3798442200,3806164400
44,1516,241735603431500,3567500,3851701300,3859423500
44,1532,241735656701200,2920900,3904971000,3912693200
44,1548,241735705933700,2950900,3954203500,3961925700
44,1564,241735755800000,2888000,4004069800,4011792000
44,1580,241735801073300,3083500,4049343100,4057065300
44,1596,241735854776700,2982800,4103046500,4110768700
44,1612,241735897963900,2635800,4146233700,4153955900
44,1628,241735940703300,2760300,4188973100,4196695300
44,1644,241735990554500,2716900,4238824300,4246546500
44,1660,241736038401700,2723300,4286671500,4294393700
44,1676,241736082975700,3012700,4331245500,4338967700
44,1692,241736129547300,2603200,4377817100,4385539300
44,1708,241736172151100,2744900,4420420900,4428143100
44,1724,241736217630000,3090000,4465899800,4473622000
44,1740,241736272421800,2907300,4520691600,4528413800
44,1756,241736320147900,3279900,4568417700,4576139900
44,1772,241736369108800,2591700,4617378600,4625100800
44,1788,241736413993000,3243700,4662262800,4669985000
44,1804,241736464612100,3209600,4712881900,4720604100
44,1820,241736514883700,3333100,4763153500,4770875700
44,1836,241736569386900,3323100,4817656700,4825378900
44,1852,241736623812600,3435200,4872082400,4879804600
44,1868,241736686588600,2616700,4934858400,4942580600
44,1884,241736730346900,2537700,4978616700,4986338900
44,1900,241736774270700,3049200,5022540500,5030262700
44,1916,241736822554900,3029400,5070824700,5078546900
44,1932,241736869995300,2880100,5118265100,5125987300
44,1948,241736915116900,2923600,5163386700,5171108900
44,1964,241736959536400,2840100,5207806200,5215528400
44,1980,241737004049700,2772800,5252319500,5260041700
44,1996,241737056502100,2750200,5304771900,5312494100
44,2012,241737102338000,2798800,5350607800,5358330000
44,2028,241737148611600,3022000,5396881400,5404603600
44,2044,241737195565500,3589500,5443835300,5451557500
45,13,241731935174900,2256400,183444700,191166900
45,29,241731971839100,2271100,220108900,227831100
45,45,241732007504900,2143200,255774700,263496900
45,61,241732042410400,2173200,290680200,298402400
45,77,241732077440700,2199500,325710500,333432700
45,93,241732112130700,2128200,360400500,368122700
45,109,241732147007800,2128500,395277600,402999800
45,125,241732183801500,2255000,432071300,439793500
45,141,241732238543100,2220000,486812900,494535100
45,157,241732274779300,2408600,523049100,530771300
45,173,241732310634400,2194400,558904200,566626400
45,189,241732347791700,2478600,596061500,603783700
45,205,241732383401700,2101100,631671500,639393700
45,221,241732417661800,2240100,665931600,673653800
45,237,241732452686000,2149700,700955800,708678000
45,253,241732487946300,2169200,736216100,743938300
45,269,241732541623400,2110900,789893200,797615400
45,285,241732576316600,2102100,824586400,832308600
45,301,241732610868900,2144800,859138700,866860900
45,317,241732651929400,2116000,900199200,907921400
45,333,241732686944700,2269000,935214500,942936700
45,349,241732722725300,2184700,970995100,978717300
45,365,241732758418600,2339900,1006688400,1014410600
45,381,241732794144500,2216000,1042414300,1050136500
45,397,241732850503500,2222200,1098773300,1106495500
45,413,241732886247900,2176700,1134517700,1142239900
45,429,241732920451500,2107000,1168721300,1176443500
45,445,241732955045400,2157000,1203315200,1211037400
45,461,241732989766300,2210000,1238036100,1245758300
45,477,241733024678200,2139700,1272948000,1280670200
45,493,241733060718600,2227900,1308988400,1316710600
45,509,241733094658200,2087700,1342928000,1350650200
45,525,241733128178500,20799100,1376448300,1384170500
45,541,241733181535600,2304300,1429805400,1437527600
45,557,241733216141000,2099200,1464410800,1472133000
45,573,241733249705400,2110900,1497975200,1505697400
45,589,241733284254600,2076600,1532524400,1540246600
45,605,241733318516500,2302600,1566786300,1574508500
45,621,241733352808300,2116000,1601078100,1608800300
45,637,241733386580000,2135900,1634849800,1642572000
45,653,241733420271200,2077400,1668541000,1676263200
45,669,241733472921300,2099500,1721191100,1728913300
45,685,241733508148500,2111000,1756418300,1764140500
45,701,241733542822300,2111500,1791092100,1798814300
45,717,241733577121100,2136000,1825390900,1833113100
45,733,241733611335400,2106100,1859605200,1867327400
45,749,241733645042700,2083200,1893312500,1901034700
45,765,241733678790400,2106800,1927060200,1934782400
45,781,241733717717200,2201900,1965987000,1973709200
45,797,241733772885000,2099400,2021154800,2028877000
45,813,241733808020300,2122300,2056290100,2064012300
45,829,241733842274900,2131100,2090544700,2098266900
45,845,241733876385100,2117600,2124654900,2132377100
45,861,241733912416800,2252900,2160686600,2168408800
45,877,241733947255900,2178400,2195525700,2203247900
45,893,241733982959300,2233800,2231229100,2238951300
45,909,241734018562600,2090000,2266832400,2274554600
45,925,241734052260300,21384400,2300530100,2308252300
45,941,241734107310900,2375700,2355580700,2363302900
45,957,241734141924800,2073300,2390194600,2397916800
45,973,241734175975900,2108000,2424245700,2431967900
45,989,241734210554000,2171900,2458823800,2466546000
45,1005,241734245106100,2191100,2493375900,2501098100
45,1021,241734279058500,2144500,2527328300,2535050500
45,1037,241734313148200,2634000,2561418000,2569140200
45,1053,241734349343200,2088900,2597613000,2605335200
45,1069,241734390877000,2378100,2639146800,2646869000
45,1085,241734426709200,2140600,2674979000,2682701200
45,1101,241734463345800,2204300,2711615600,2719337800
45,1117,241734498526900,2194100,2746796700,2754518900
45,1133,241734533224700,2120900,2781494500,2789216700
45,1149,241734568940500,2280600,2817210300,2824932500
45,1165,241734604335900,2269300,2852605700,2860327900
45,1181,241734640537100,2299500,2888806900,2896529100
45,1197,241734680696000,2134800,2928965800,2936688000
45,1213,241734715404900,2193100,2963674700,2971396900
45,1229,241734751236000,2676600,2999505800,3007228000
45,1245,241734797817300,2922300,3046087100,3053809300
45,1261,241734848026300,2950600,3096296100,3104018300
45,1277,241734894192000,2892200,3142461800,3150184000
45,1293,241734940951900,2785700,3189221700,3196943900
45,1309,241734985771200,2570300,3234041000,3241763200
45,1325,241735028780500,8594100,3277050300,3284772500
45,1341,241735078657000,2718100,3326926800,3334649000
45,1357,241735124074900,3046300,3372344700,3380066900
45,1373,241735171422900,2721400,3419692700,3427414900
45,1389,241735215292300,2698200,3463562100,3471284300
45,1405,241735261915900,2971200,3510185700,3517907900
45,1421,241735313964200,3241600,3562234000,3569956200
45,1437,241735360390200,2679600,3608660000,3616382200
45,1453,241735406233900,2926300,3654503700,3662225900
45,1469,241735459361500,2933600,3707631300,3715353500
45,1485,241735506350700,2919200,3754620500,3762342700
45,1501,241735555554700,3157400,3803824500,3811546700
45,1517,241735609999300,3518800,3858269100,3865991300
45,1533,241735662400800,3156900,3910670600,3918392800
45,1549,241735711413900,3294400,3959683700,3967405900
45,1565,241735761201000,2687300,4009470800,4017193000
45,1581,241735807053700,3055000,4055323500,4063045700
45,1597,241735860574700,2858400,4108844500,4116566700
45,1613,241735903106600,2686100,4151376400,4159098600
45,1629,241735946085300,6766700,4194355100,4202077300
45,1645,241735995853600,3000100,4244123400,4251845600
45,1661,241736043823000,2681600,4292092800,4299815000
45,1677,241736089120400,2976400,4337390200,4345112400
45,1693,241736134839800,2680500,4383109600,4390831800
45,1709,241736178289500,3057300,4426559300,4434281500
45,1725,241736229803200,3084800,4478073000,4485795200
45,1741,241736278394900,2765800,4526664700,4534386900
45,1757,241736326782300,3322900,4575052100,4582774300
45,1773,241736374512900,2794400,4622782700,4630504900
45,1789,241736420549500,3370400,4668819300,4676541500
45,1805,241736470855800,3163400,4719125600,4726847800
45,1821,241736522006000,3307700,4770275800,4777998000
45,1837,241736576160300,3430900,4824430100,4832152300
45,1853,241736630923000,3442400,4879192800,4886915000
45,1869,241736692164300,2590600,4940434100,4948156300
45,1885,241736735679300,2568400,4983949100,4991671300
45,1901,241736780577100,3007800,5028846900,5036569100
45,1917,241736828875000,3038300,5077144800,5084867000
45,1933,241736875832500,2691900,5124102300,5131824500
45,1949,241736921123000,2857600,5169392800,5177115000
45,1965,241736965390900,2758700,5213660700,5221382900
45,1981,241737010130900,3007300,5258400700,5266122900
45,1997,241737062206200,2732200,5310476000,5318198200
45,2013,241737108028600,2719900,5356298400,5364020600
45,2029,241737154621400,2907300,5402891200,5410613400
45,2045,241737203009900,3681500,5451279700,5459001900
46,14,241731937533100,2256400,185802900,193525100
46,30,241731974479800,2242000,222749600,230471800
46,46,241732010013200,2242800,258283000,266005200
46,62,241732045068200,2185600,293338000,301060200
46,78,241732080153100,2224500,328422900,336145100
46,94,241732114790700,2099200,363060500,370782700
46,110,241732149665100,2309200,397934900,405657100
46,126,241732187333100,21004600,435602900,443325100
46,142,241732242114200,2083800,490384000,498106200
46,158,241732279095500,2149500,527365300,535087500
46,174,241732314787800,2394900,563057600,570779800
46,190,241732351958600,2289000,600228400,607950600
46,206,241732387018200,2146800,635288000,643010200
46,222,241732421440900,2131200,669710700,677432900
46,238,241732456327300,2144000,704597100,712319300
46,254,241732491589700,2083700,739859500,747581700
46,270,241732545057800,2213200,793327600,801049800
46,286,241732579674400,2093200,827944200,835666400
46,302,241732615099400,5612400,863369200,871091400
46,318,241732655281900,2266300,903551700,911273900
46,334,241732690553700,2233200,938823500,946545700
46,350,241732726003700,2112500,974273500,981995700
46,366,241732761865200,2283900,1010135000,1017857200
46,382,241732797403600,2192300,1045673400,1053395600
46,398,241732853649700,2095700,1101919500,1109641700
46,414,241732889362700,2277100,1137632500,1145354700
46,430,241732923482200,2073900,1171752000,1179474200
46,446,241732958006700,2137200,1206276500,1213998700
46,462,241732992937300,2196800,1241207100,1248929300
46,478,241733027766000,2159100,1276035800,1283758000
46,494,241733063099100,2227500,1311368900,1319091100
46,510,241733096860800,2291800,1345130600,1352852800
46,526,241733149086600,2219200,1397356400,1405078600
46,542,241733183902600,2178400,1432172400,1439894600
46,558,241733218302200,2087700,1466572000,1474294200
46,574,241733251878000,2074000,1500147800,1507870000
46,590,241733286361800,2216200,1534631600,1542353800
46,606,241733320792900,2090900,1569062700,1576784900
46,622,241733354897400,2161600,1603167200,1610889400
46,638,241733388801900,2106400,1637071700,1644793900
46,654,241733422437200,2096400,1670707000,1678429200
46,670,241733475225200,2097200,1723495000,1731217200
46,686,241733510208000,2110200,1758477800,1766200000
46,702,241733544879100,2104900,1793148900,1800871100
46,718,241733579202300,2098500,1827472100,1835194300
46,734,241733613358500,2101700,1861628300,1869350500
46,750,241733647043100,2115600,1895312900,1903035100
46,766,241733680811300,2095100,1929081100,1936803300
46,782,241733720122800,2180400,1968392600,1976114800
46,798,241733775316800,2195200,2023586600,2031308800
46,814,241733810374500,2126900,2058644300,2066366500
46,830,241733844640500,2136900,2092910300,2100632500
46,846,241733878743800,2098000,2127013600,2134735800
46,862,241733914883100,2231800,2163152900,2170875100
46,878,241733949661100,2233000,2197930900,2205653100
46,894,241733985325700,2388600,2233595500,2241317700
46,910,241734020798900,2104100,2269068700,2276790900
46,926,241734073750500,2351300,2322020300,2329742500
46,942,241734109413900,2225700,2357683700,2365405900
46,958,241734143740800,2135600,2392010600,2399732800
46,974,241734177770800,2127300,2426040600,2433762800
46,990,241734212588500,2160200,2460858300,2468580500
46,1006,241734247143200,2137800,2495413000,2503135200
46,1022,241734281089600,2131800,2529359400,2537081600
46,1038,241734315724600,2305700,2563994400,2571716600
46,1054,241734350961800,2245900,2599231600,2606953800
46,1070,241734392630200,2238200,2640900000,2648622200
46,1086,241734428293800,2145900,2676563600,2684285800
46,1102,241734464948000,2228700,2713217800,2720940000
46,1118,241734500064100,2130300,2748333900,2756056100
46,1134,241734534701400,2131200,2782971200,2790693400
46,1150,241734570477200,2238600,2818747000,2826469200
46,1166,241734605875200,2207000,2854145000,2861867200
46,1182,241734642118900,2173800,2890388700,2898110900
46,1198,241734682131500,2145200,2930401300,2938123500
46,1214,241734716909300,2171600,2965179100,2972901300
46,1230,241734752626300,3064200,3000896100,3008618300
46,1246,241734799447900,2943700,3047717700,3055439900
46,1262,241734849696100,2791900,3097965900,3105688100
46,1278,241734895835200,3411700,3144105000,3151827200
46,1294,241734942417500,2892600,3190687300,3198409500
46,1310,241734987148000,2578500,3235417800,3243140000
46,1326,241735035944700,2879500,3284214500,3291936700
46,1342,241735080169300,2713900,3328439100,3336161300
46,1358,241735125968600,3060800,3374238400,3381960600
46,1374,241735173136700,2752000,3421406500,3429128700
46,1390,241735217070400,2719300,3465340200,3473062400
46,1406,241735263949800,2923800,3512219600,3519941800
46,1422,241735315941300,3272200,3564211100,3571933300
46,1438,241735362055000,2825600,3610324800,3618047000
46,1454,241735408066400,2945100,3656336200,3664058400
46,1470,241735461300100,2909500,3709569900,3717292100
46,1486,241735508269000,2928000,3756538800,3764261000
46,1502,241735557528600,3182700,3805798400,3813520600
46,1518,241735612039300,3508400,3860309100,3868031300
46,1534,241735664226100,2847600,3912495900,3920218100
46,1550,241735713371100,3120000,3961640900,3969363100
46,1566,241735762672300,2869500,4010942100,4018664300
46,1582,241735808802300,3095300,4057072100,4064794300
46,1598,241735862557700,2717800,4110827500,4118549700
46,1614,241735904932200,2649000,4153202000,4160924200
46,1630,241735951832500,3117400,4200102300,4207824500
46,1646,241735997904700,3116600,4246174500,4253896700
46,1662,241736041449000,2584100,4289718800,4297441000
46,1678,241736086337500,2983100,4334607300,4342329500
46,1694,241736132450200,2619800,4380720000,4388442200
46,1710,241736175165700,3350900,4423435500,4431157700
46,1726,241736221078400,8916000,4469348200,4477070400
46,1742,241736275666500,2932300,4523936300,4531658500
46,1758,241736323793700,3266400,4572063500,4579785700
46,1774,241736372074200,2702800,4620344000,4628066200
46,1790,241736417577000,3290900,4665846800,4673569000
46,1806,241736468147400,2964500,4716417200,4724139400
46,1822,241736518577700,3765300,4766847500,4774569700
46,1838,241736573128100,3341300,4821397900,4829120100
46,1854,241736627658600,3352300,4875928400,4883650600
46,1870,241736689505400,2721000,4937775200,4945497400
46,1886,241736733198700,2583400,4981468500,4989190700
46,1902,241736777701200,2999900,5025971000,5033693200
46,1918,241736825969900,3028000,5074239700,5081961900
46,1934,241736873196500,2765500,5121466300,5129188500
46,1950,241736918447000,2837500,5166716800,5174439000
46,1966,241736962414900,2830000,5210684700,5218406900
46,1982,241737006891300,3107600,5255161100,5262883300
46,1998,241737059289700,2794100,5307559500,5315281700
46,2014,241737105175100,2727900,5353444900,5361167100
46,2030,241737151553200,2866400,5399823000,5407545200
46,2046,241737199109400,3629300,5447379200,5455101400
47,15,241731939729400,2241900,187999200,195721400
47,31,241731976631100,2348900,224900900,232623100
47,47,241732012110400,2170200,260380200,268102400
47,63,241732047351500,2231600,295621300,303343500
47,79,241732082316400,2154000,330586200,338308400
47,95,241732116860400,2171300,365130200,372852400
47,111,241732151911700,2199000,400181500,407903700
47,127,241732188704800,21255900,436974600,444696800
47,143,241732243381200,2074200,491651000,499373200
47,159,241732280164800,2143100,528434600,536156800
47,175,241732315993300,2375000,564263100,571985300
47,191,241732353263700,2186300,601533500,609255700
47,207,241732388373700,2137400,636643500,644365700
47,223,241732422741800,2131200,671011600,678733800
47,239,241732457627400,2181700,705897200,713619400
47,255,241732492852900,2256700,741122700,748844900
47,271,241732546452600,2182800,794722400,802444600
47,287,241732580971300,2145800,829241100,836963300
47,303,241732618782500,4895800,867052300,874774500
47,319,241732656742500,2125200,905012300,912734500
47,335,241732691965700,2164100,940235500,947957700
47,351,241732727481300,2139300,975751100,983473300
47,367,241732763512500,2196100,1011782300,1019504500
47,383,241732798993700,2204700,1047263500,1054985700
47,399,241732855280900,2178300,1103550700,1111272900
47,415,241732891178800,2126000,1139448600,1147170800
47,431,241732925119200,2102200,1173389000,1181111200
47,447,241732959632600,2160700,1207902400,1215624600
47,463,241732994565500,2235700,1242835300,1250557500
47,479,241733029412000,2117700,1277681800,1285404000
47,495,241733064813200,2234000,1313083000,1320805200
47,511,241733098690900,2089200,1346960700,1354682900
47,527,241733150874600,2197800,1399144400,1406866600
47,543,241733185673800,2178400,1433943600,1441665800
47,559,241733219999600,2089200,1468269400,1475991600
47,575,241733253570000,2082200,1501839800,1509562000
47,591,241733288103300,2147100,1536373100,1544095300
47,607,241733322430400,2071100,1570700200,1578422400
47,623,241733356581100,2111000,1604850900,1612573100
47,639,241733390601600,2067800,1638871400,1646593600
47,655,241733424198700,2120900,1672468500,1680190700
47,671,241733476859000,2397000,1725128800,1732851000
47,687,241733511917200,2126600,1760187000,1767909200
47,703,241733546668900,2124400,1794938700,1802660900
47,719,241733581002800,2116100,1829272600,1836994800
47,735,241733614998000,2124700,1863267800,1870990000
47,751,241733648713400,2111900,1896983200,1904705400
47,767,241733682454700,2098000,1930724500,1938446700
47,783,241733721701600,2179000,1969971400,1977693600
47,799,241733776917500,2185200,2025187300,2032909500
47,815,241733811899300,2166700,2060169100,2067891300
47,831,241733846195800,2145700,2094465600,2102187800
47,847,241733880289900,2083300,2128559700,2136281900
47,863,241733916335900,2223300,2164605700,2172327900
47,879,241733951196200,2522300,2199466000,2207188200
47,895,241733987081000,2417700,2235350800,2243073000
47,911,241734022302500,2093000,2270572300,2278294500
47,927,241734075493600,2171300,2323763400,2331485600
47,943,241734110799200,2236900,2359069000,2366791200
47,959,241734145083400,2104100,2393353200,2401075400
47,975,241734179121800,2114500,2427391600,2435113800
47,991,241734214094200,2214100,2462364000,2470086200
47,1007,241734248667500,2133700,2496937300,2504659500
47,1023,241734282564200,2116800,2530834000,2538556200
47,1039,241734317046400,2385100,2565316200,2573038400
47,1055,241734352305500,2199900,2600575300,2608297500
47,1071,241734394023100,2234300,2642292900,2650015100
47,1087,241734429613400,2157000,2677883200,2685605400
47,1103,241734466338700,2194300,2714608500,2722330700
47,1119,241734501516400,2106500,2749786200,2757508400
47,1135,241734536139000,2123500,2784408800,2792131000
47,1151,241734571969000,2248600,2820238800,2827961000
47,1167,241734607392700,2199600,2855662500,2863384700
47,1183,241734643496900,2164600,2891766700,2899488900
47,1199,241734683487000,2135300,2931756800,2939479000
47,1215,241734718299600,2193500,2966569400,2974291600
47,1231,241734754380400,3135100,3002650200,3010372400
47,1247,241734801193400,2941200,3049463200,3057185400
47,1263,241734851415400,2769000,3099685200,3107407400
47,1279,241734897526100,4422000,3145795900,3153518100
47,1295,241734944179500,2730900,3192449300,3200171500
47,1311,241734988727600,2528200,3236997400,3244719600
47,1327,241735037823600,2770700,3286093400,3293815600
47,1343,241735081830800,2764900,3330100600,3337822800
47,1359,241735127875100,2997200,3376144900,3383867100
47,1375,241735174861300,2740200,3423131100,3430853300
47,1391,241735218765400,2702800,3467035200,3474757400
47,1407,241735265780900,2905100,3514050700,3521772900
47,1423,241735318313000,3258000,3566582800,3574305000
47,1439,241735364025000,2709800,3612294800,3620017000
47,1455,241735410190300,2952800,3658460100,3666182300
47,1471,241735463299400,3001600,3711569200,3719291400
47,1487,241735510304300,2906300,3758574100,3766296300
47,1503,241735559886600,3618700,3808156400,3815878600
47,1519,241735614618600,3438300,3862888400,3870610600
47,1535,241735666379200,2760000,3914649000,3922371200
47,1551,241735715566900,3364800,3963836700,3971558900
47,1567,241735764654600,3176700,4012924400,4020646600
47,1583,241735811041300,3178200,4059311100,4067033300
47,1599,241735864333600,2612100,4112603400,4120325600
47,1615,241735906651900,2616100,4154921700,4162643900
47,1631,241735953859200,3015200,4202129000,4209851200
47,1647,241735999937500,2882000,4248207300,4255929500
47,1663,241736044252600,2845700,4292522400,4300244600
47,1679,241736089621100,2980200,4337890900,4345613100
47,1695,241736135353300,2619600,4383623100,4391345300
47,1711,241736178969100,2991500,4427238900,4434961100
47,1727,241736230439400,3087000,4478709200,4486431400
47,1743,241736279051200,2625400,4527321000,4535043200
47,1759,241736327494600,3308600,4575764400,4583486600
47,1775,241736375126000,2867900,4623395800,4631118000
47,1791,241736421336700,3350200,4669606500,4677328700
47,1807,241736471571800,3129300,4719841600,4727563800
47,1823,241736522815200,3262500,4771085000,4778807200
47,1839,241736576894500,3451700,4825164300,4832886500
47,1855,241736631419500,3468300,4879689300,4887411500
47,1871,241736692621200,2516400,4940891000,4948613200
47,1887,241736736102100,2569400,4984371900,4992094100
47,1903,241736781090000,3039400,5029359800,5037082000
47,1919,241736829438300,3044500,5077708100,5085430300
47,1935,241736876349500,2726800,5124619300,5132341500
47,1951,241736921703800,2849300,5169973600,5177695800
47,1967,241736965730700,2774800,5214000500,5221722700
47,1983,241737010581600,3010700,5258851400,5266573600
47,1999,241737062585100,2737700,5310854900,5318577100
47,2015,241737108409900,2721600,5356679700,5364401900
47,2031,241737155025100,2906500,5403294900,5411017100
47,2047,241737203532500,3600600,5451802300,5459524500
48,0,241731897220200,7451200,145490000,153212200
48,16,241731942006500,2257300,190276300,197998500
48,32,241731978859600,2288700,227129400,234851600
48,48,241732014198000,2198000,262467800,270190000
48,64,241732049312600,2184200,297582400,305304600
48,80,241732084180300,2145200,332450100,340172300
48,96,241732118733900,2275000,367003700,374725900
48,112,241732153818000,2161100,402087800,409810000
48,128,241732209576700,2354700,457846500,465568700
48,144,241732245123000,2163500,493392800,501115000
48,160,241732282020300,2149200,530290100,538012300
48,176,241732318043300,2368000,566313100,574035300
48,192,241732355066500,2176300,603336300,611058500
48,208,241732390069400,2115200,638339200,646061400
48,224,241732424497600,2168100,672767400,680489600
48,240,241732459438900,2236700,707708700,715430900
48,256,241732494728200,2208400,742998000,750720200
48,272,241732548458800,2123500,796728600,804450800
48,288,241732582985200,2095100,831255000,838977200
48,304,241732623278800,2814100,871548600,879270800
48,320,241732658759900,2082800,907029700,914751900
48,336,241732693993900,2183100,942263700,949985900
48,352,241732729655000,2134400,977924800,985647000
48,368,241732765771900,2176700,1014041700,1021763900
48,384,241732801263900,2165400,1049533700,1057255900
48,400,241732857584700,2304500,1105854500,1113576700
48,416,241732893427600,2141500,1141697400,1149419600
48,432,241732927341500,2073400,1175611300,1183333500
48,448,241732961944000,2216300,1210213800,1217936000
48,464,241732996920000,2188100,1245189800,1252912000
48,480,241733031625900,2145400,1279895700,1287617900
48,496,241733067145600,2196900,1315415400,1323137600
48,512,241733100866600,2078200,1349136400,1356858600
48,528,241733153162900,2176900,1401432700,1409154900
48,544,241733187942500,2289500,1436212300,1443934500
48,560,241733222231900,2081000,1470501700,1478223900
48,576,241733255798300,2461700,1504068100,1511790300
48,592,241733290521600,2100900,1538791400,1546513600
48,608,241733324777700,2102400,1573047500,1580769700
48,624,241733358992600,2116600,1607262400,1614984600
48,640,241733392839400,2078100,1641109200,1648831400
48,656,241733426489600,2077300,1674759400,1682481600
48,672,241733479567100,2185400,1727836900,1735559100
48,688,241733514341600,2171100,1762611400,1770333600
48,704,241733549061400,2253200,1797331200,1805053400
48,720,241733583362700,2094700,1831632500,1839354700
48,736,241733617500000,2118400,1865769800,1873492000
48,752,241733651181700,2117900,1899451500,1907173700
48,768,241733684913400,2126900,1933183200,1940905400
48,784,241733724266000,2232100,1972535800,1980258000
48,800,241733779519900,2196800,2027789700,2035511900
48,816,241733814546800,2110200,2062816600,2070538800
48,832,241733848729000,2115600,2096998800,2104721000
48,848,241733882778400,2126000,2131048200,2138770400
48,864,241733919146900,2179200,2167416700,2175138900
48,880,241733954403800,2231500,2202673600,2210395800
48,896,241733990491500,2325600,2238761300,2246483500
48,912,241734025289700,2101500,2273559500,2281281700
48,928,241734078590800,2144100,2326860600,2334582800
48,944,241734114158000,2274600,2362427800,2370150000
48,960,241734148173600,2118000,2396443400,2404165600
48,976,241734182208700,2106800,2430478500,2438200700
48,992,241734217256900,2171400,2465526700,2473248900
48,1008,241734251661100,2107000,2499930900,2507653100
48,1024,241734285551500,2140800,2533821300,2541543500
48,1040,241734320432200,2255200,2568702000,2576424200
48,1056,241734355427000,2192000,2603696800,2611419000
48,1072,241734397319400,2287600,2645589200,2653311400
48,1088,241734432932700,2385500,2681202500,2688924700
48,1104,241734469523800,2293600,2717793600,2725515800
48,1120,241734504586700,2122800,2752856500,2760578700
48,1136,241734539233900,2144100,2787503700,2795225900
48,1152,241734575282900,2275000,2823552700,2831274900
48,1168,241734610640300,2464600,2858910100,2866632300
48,1184,241734646790800,2157100,2895060600,2902782800
48,1200,241734686703500,2134300,2934973300,2942695500
48,1216,241734721647000,2170100,2969916800,2977639000
48,1232,241734759363300,3184700,3007633100,3015355300
48,1248,241734806041800,2977700,3054311600,3062033800
48,1264,241734855946300,2728200,3104216100,3111938300
48,1280,241734904282600,2963000,3152552400,3160274600
48,1296,241734948930100,2645100,3197199900,3204922100
48,1312,241734993296800,2688100,3241566600,3249288800
48,1328,241735042583200,2653700,3290853000,3298575200
48,1344,241735086638000,2743800,3334907800,3342630000
48,1360,241735132770900,2970400,3381040700,3388762900
48,1376,241735179459400,2678400,3427729200,3435451400
48,1392,241735223262800,2694600,3471532600,3479254800
48,1408,241735270612700,4375800,3518882500,3526604700
48,1424,241735323391000,2864900,3571660800,3579383000
48,1440,241735368531300,2898600,3616801100,3624523300
48,1456,241735414921400,3069000,3663191200,3670913400
48,1472,241735468102300,2942400,3716372100,3724094300
48,1488,241735514909300,2953300,3763179100,3770901300
48,1504,241735565744900,3497000,3814014700,3821736900
48,1520,241735620158300,3356000,3868428100,3876150300
48,1536,241735671078800,3101400,3919348600,3927070800
48,1552,241735720976100,3200200,3969245900,3976968100
48,1568,241735769643200,2656600,4017913000,4025635200
48,1584,241735816256100,2985400,4064525900,4072248100
48,1600,241735868588400,2596100,4116858200,4124580400
48,1616,241735910938500,2621600,4159208300,4166930500
48,1632,241735958712200,2957900,4206982000,4214704200
48,1648,241736004546200,2770100,4252816000,4260538200
48,1664,241736052029800,2869700,4300299600,4308021800
48,1680,241736097756100,2952900,4346025900,4353748100
48,1696,241736142412000,2604100,4390681800,4398404000
48,1712,241736186782000,2856600,4435051800,4442774000
48,1728,241736238678400,3003700,4486948200,4494670400
48,1744,241736286386500,2708800,4534656300,4542378500
48,1760,241736336228500,3422700,4584498300,4592220500
48,1776,241736382734100,2417900,4631003900,4638726100
48,1792,241736430299000,3262000,4678568800,4686291000
48,1808,241736479509700,2921900,4727779500,4735501700
48,1824,241736531684200,3335900,4779954000,4787676200
48,1840,241736586013900,3416300,4834283700,4842005900
48,1856,241736640573900,3394300,4888843700,4896565900
48,1872,241736699415400,2585200,4947685200,4955407400
48,1888,241736743013000,2553500,4991282800,4999005000
48,1904,241736788956300,2990000,5037226100,5044948300
48,1920,241736837421900,3010100,5085691700,5093413900
48,1936,241736883685700,2736400,5131955500,5139677700
48,1952,241736929288300,2945300,5177558100,5185280300
48,1968,241736972948500,2889200,5221218300,5228940500
48,1984,241737018497700,2973100,5266767500,5274489700
48,2000,241737069930600,2803000,5318200400,5325922600
48,2016,241737115672900,3255000,5363942700,5371664900
48,2032,241737162809700,2985000,5411079500,5418801700
49,1,241731904637000,2404300,152906800,160629000
49,17,241731944431700,2337000,192701500,200423700
49,33,241731981443900,2268100,229713700,237435900
49,49,241732016690800,2080900,264960600,272682800
49,65,241732051617800,2090500,299887600,307609800
49,81,241732086388200,2176400,334658000,342380200
49,97,241732121072700,2167800,369342500,377064700
49,113,241732156043100,2277700,404312900,412035100
49,129,241732211962100,2353900,460231900,467954100
49,145,241732247317200,2329400,495587000,503309200
49,161,241732284287000,2174700,532556800,540279000
49,177,241732320513300,2206300,568783100,576505300
49,193,241732357277900,2180000,605547700,613269900
49,209,241732392245000,2153400,640514800,648237000
49,225,241732426731200,2174800,675001000,682723200
49,241,241732461710600,2148300,709980400,717702600
49,257,241732496971000,2160400,745240800,752963000
49,273,241732550440400,2181000,798710200,806432400
49,289,241732584878900,2063300,833148700,840870900
49,305,241732625929100,2370000,874198900,881921100
49,321,241732660599700,2093400,908869500,916591700
49,337,241732696010600,2231400,944280400,952002600
49,353,241732731415000,2262800,979684800,987407000
49,369,241732767545700,2205900,1015815500,1023537700
49,385,241732803051500,2156800,1051321300,1059043500
49,401,241732859484100,2277600,1107753900,1115476100
49,417,241732895257700,2172300,1143527500,1151249700
49,433,241732929109400,2091800,1177379200,1185101400
49,449,241732963784300,2085600,1212054100,1219776300
49,465,241732998775200,2258500,1247045000,1254767200
49,481,241733033423100,2099700,1281692900,1289415100
49,497,241733069569200,2140600,1317839000,1325561200
49,513,241733103167800,2089500,1351437600,1359159800
49,529,241733155573000,2135500,1403842800,1411565000
49,545,241733190413000,2177300,1438682800,1446405000
49,561,241733224481200,2138200,1472751000,1480473200
49,577,241733258506800,2245900,1506776600,1514498800
49,593,241733292743900,2091900,1541013700,1548735900
49,609,241733326964600,2127900,1575234400,1582956600
49,625,241733361193300,2129600,1609463100,1617185300
49,641,241733394951400,2116500,1643221200,1650943400
49,657,241733428599700,2084900,1676869500,1684591700
49,673,241733481635600,2173300,1729905400,1737627600
49,689,241733516200800,2195400,1764470600,1772192800
49,705,241733550979300,2234900,1799249100,1806971300
49,721,241733585159700,2209700,1833429500,1841151700
49,737,241733619536800,2137900,1867806600,1875528800
49,753,241733653212200,2114700,1901482000,1909204200
49,769,241733686952700,2112500,1935222500,1942944700
49,785,241733726466000,2381300,1974735800,1982458000
49,801,241733781651100,2173400,2029920900,2037643100
49,817,241733816598300,2138500,2064868100,2072590300
49,833,241733850759400,2148400,2099029200,2106751400
49,849,241733884842700,2127200,2133112500,2140834700
49,865,241733921481000,2208500,2169750800,2177473000
49,881,241733956461200,2124100,2204731000,2212453200
49,897,241733992304800,2313400,2240574600,2248296800
49,913,241734026959400,2094600,2275229200,2282951400
49,929,241734080227900,2087400,2328497700,2336219900
49,945,241734116468200,2171900,2364738000,2372460200
49,961,241734150323200,2067600,2398593000,2406315200
49,977,241734184348700,2299600,2432618500,2440340700
49,993,241734219337700,2185400,2467607500,2475329700
49,1009,241734253677200,2113400,2501947000,2509669200
49,1025,241734287634900,2102800,2535904700,2543626900
49,1041,241734322441900,2232100,2570711700,2578433900
49,1057,241734357359600,2498900,2605629400,2613351600
49,1073,241734399317800,2227700,2647587600,2655309800
49,1089,241734435015300,2249500,2683285100,2691007300
49,1105,241734471309500,2234500,2719579300,2727301500
49,1121,241734506190600,2098500,2754460400,2762182600
49,1137,241734540813400,2139100,2789083200,2796805400
49,1153,241734577165900,2214100,2825435700,2833157900
49,1169,241734612624400,2324900,2860894200,2868616400
49,1185,241734648516600,2159000,2896786400,2904508600
49,1201,241734688386400,2347100,2936656200,2944378400
49,1217,241734723383000,2124900,2971652800,2979375000
49,1233,241734761314200,3170300,3009584000,3017306200
49,1249,241734807950600,2978100,3056220400,3063942600
49,1265,241734857674400,2744500,3105944200,3113666400
49,1281,241734905921900,2944800,3154191700,3161913900
49,1297,241734950337500,2589600,3198607300,3206329500
49,1313,241734994617400,2728500,3242887200,3250609400
49,1329,241735044008500,2904100,3292278300,3300000500
49,1345,241735088129400,2753600,3336399200,3344121400
49,1361,241735134601200,2928500,3382871000,3390593200
49,1377,241735181096300,2675900,3429366100,3437088300
49,1393,241735224940200,2736800,3473210000,3480932200
49,1409,241735272877900,7427500,3521147700,3528869900
49,1425,241735325474600,2881500,3573744400,3581466600
49,1441,241735370641700,2936300,3618911500,3626633700
49,1457,241735417174200,2949900,3665444000,3673166200
49,1473,241735470249400,2936200,3718519200,3726241400
49,1489,241735517104100,2953100,3765373900,3773096100
49,1505,241735568280300,3460500,3816550100,3824272300
49,1521,241735622714900,3479400,3870984700,3878706900
49,1537,241735673453500,2930800,3921723300,3929445500
49,1553,241735723412900,3077300,3971682700,3979404900
49,1569,241735771544600,2632600,4019814400,4027536600
49,1585,241735818390400,2874600,4066660200,4074382400
49,1601,241735870979200,2634500,4119249000,4126971200
49,1617,241735913356400,2616100,4161626200,4169348400
49,1633,241735961385400,2942600,4209655200,4217377400
49,1649,241736007049900,2766200,4255319700,4263041900
49,1665,241736054711400,2831800,4302981200,4310703400
49,1681,241736100501600,2880900,4348771400,4356493600
49,1697,241736144770800,2655500,4393040600,4400762800
49,1713,241736189369700,2272200,4437639500,4445361700
49,1729,241736241460700,2997200,4489730500,4497452700
49,1745,241736288844300,2782000,4537114100,4544836300
49,1761,241736339388400,3288200,4587658200,4595380400
49,1777,241736384955900,2310600,4633225700,4640947900
49,1793,241736433297700,2878100,4681567500,4689289700
49,1809,241736482162100,3216900,4730431900,4738154100
49,1825,241736534772900,3545500,4783042700,4790764900
49,1841,241736589120800,3357200,4837390600,4845112800
49,1857,241736643642700,12300200,4891912500,4899634700
49,1873,241736701744500,2586600,4950014300,4957736500
49,1889,241736745319700,2613900,4993589500,5001311700
49,1905,241736791657800,3006300,5039927600,5047649800
49,1921,241736840016400,3035400,5088286200,5096008400
49,1937,241736886010800,2769200,5134280600,5142002800
49,1953,241736931840100,2928900,5180109900,5187832100
49,1969,241736975375000,3039800,5223644800,5231367000
49,1985,241737021033700,2917700,5269303500,5277025700
49,2001,241737072326200,2748100,5320596000,5328318200
49,2017,241737118413600,3225700,5366683400,5374405600
49,2033,241737165266000,2922800,5413535800,5421258000
50,2,241731906972400,2398800,155242200,162964400
50,18,241731946546400,2268400,194816200,202538400
50,34,241731983373700,2277600,231643500,239365700
50,50,241732018606200,2212600,266876000,274598200
50,66,241732053893400,2331800,302163200,309885400
50,82,241732088895800,2213200,337165600,344887800
50,98,241732123576800,2159400,371846600,379568800
50,114,241732158699400,2369900,406969200,414691400
50,130,241732214848900,2156000,463118700,470840900
50,146,241732249888200,2102800,498158000,505880200
50,162,241732286690300,2089800,534960100,542682300
50,178,241732323018100,2206400,571287900,579010100
50,194,241732359820700,2163900,608090500,615812700
50,210,241732394783700,2079500,643053500,650775700
50,226,241732429267700,2154300,677537500,685259700
50,242,241732464207600,2548600,712477400,720199600
50,258,241732499505000,20283600,747774800,755497000
50,274,241732553086900,2170400,801356700,809078900
50,290,241732587439400,2158600,835709200,843431400
50,306,241732628746700,2276500,877016500,884738700
50,322,241732663149300,2122100,911419100,919141300
50,338,241732698584600,2218000,946854400,954576600
50,354,241732733823600,2230700,982093400,989815600
50,370,241732769899000,2211100,1018168800,1025891000
50,386,241732805325300,2173800,1053595100,1061317300
50,402,241732861701600,2182600,1109971400,1117693600
50,418,241732897293900,2114000,1145563700,1153285900
50,434,241732931058800,2105500,1179328600,1187050800
50,450,241732965750000,2121000,1214019800,1221742000
50,466,241733000851200,2202300,1249121000,1256843200
50,482,241733035470200,2067000,1283740000,1291462200
50,498,241733071910600,2086000,1320180400,1327902600
50,514,241733105463900,2080100,1353733700,1361455900
50,530,241733157921500,2151300,1406191300,1413913500
50,546,241733192813000,2218400,1441082800,1448805000
50,562,241733226826400,2051300,1475096200,1482818400
50,578,241733260970900,2187000,1509240700,1516962900
50,594,241733295033200,2065500,1543303000,1551025200
50,610,241733329367500,2260300,1577637300,1585359500
50,626,241733363595400,2097100,1611865200,1619587400
50,642,241733397354700,2116700,1645624500,1653346700
50,658,241733430946200,20573400,1679216000,1686938200
50,674,241733484429000,2178100,1732698800,1740421000
50,690,241733519193000,2194600,1767462800,1775185000
50,706,241733553971300,2143000,1802241100,1809963300
50,722,241733588169400,2211200,1836439200,1844161400
50,738,241733622267800,2100300,1870537600,1878259800
50,754,241733655920100,2120600,1904189900,1911912100
50,770,241733689637000,2094100,1937906800,1945629000
50,786,241733729269800,2351800,1977539600,1985261800
50,802,241733784362900,2154400,2032632700,2040354900
50,818,241733819305900,2136500,2067575700,2075297900
50,834,241733853444200,2184900,2101714000,2109436200
50,850,241733887489800,2137400,2135759600,2143481800
50,866,241733924070200,2171200,2172340000,2180062200
50,882,241733959039000,2245100,2207308800,2215031000
50,898,241733995227800,2367100,2243497600,2251219800
50,914,241734029584400,2117300,2277854200,2285576400
50,930,241734082932300,2108500,2331202100,2338924300
50,946,241734118880000,2174700,2367149800,2374872000
50,962,241734152570300,2265100,2400840100,2408562300
50,978,241734186870100,2110300,2435139900,2442862100
50,994,241734221816100,2188200,2470085900,2477808100
50,1010,241734256075300,2103800,2504345100,2512067300
50,1026,241734290002300,2125200,2538272100,2545994300
50,1042,241734324740600,2200800,2573010400,2580732600
50,1058,241734360010300,8134900,2608280100,2616002300
50,1074,241734401670100,2210100,2649939900,2657662100
50,1090,241734437536600,2347100,2685806400,2693528600
50,1106,241734473995000,2280600,2722264800,2729987000
50,1122,241734508752300,2149500,2757022100,2764744300
50,1138,241734543437000,2133800,2791706800,2799429000
50,1154,241734579750600,2170100,2828020400,2835742600
50,1170,241734615194900,2304300,2863464700,2871186900
50,1186,241734650910700,2184700,2899180500,2906902700
50,1202,241734691011200,2227800,2939281000,2947003200
50,1218,241734725734600,2249200,2974004400,2981726600
50,1234,241734764979400,2849300,3013249200,3020971400
50,1250,241734811458000,2824000,3059727800,3067450000
50,1266,241734860882800,2710700,3109152600,3116874800
50,1282,241734909342000,2902700,3157611800,3165334000
50,1298,241734953436200,2618100,3201706000,3209428200
50,1314,241734997865400,2628100,3246135200,3253857400
50,1330,241735047558600,2722000,3295828400,3303550600
50,1346,241735091476100,2755500,3339745900,3347468100
50,1362,241735138025800,3061000,3386295600,3394017800
50,1378,241735184228400,2775200,3432498200,3440220400
50,1394,241735228177700,2569400,3476447500,3484169700
50,1410,241735280428200,3014600,3528698000,3536420200
50,1426,241735328492000,2920600,3576761800,3584484000
50,1442,241735373708300,2936400,3621978100,3629700300
50,1458,241735420249200,2950300,3668519000,3676241200
50,1474,241735473308000,2937000,3721577800,3729300000
50,1490,241735520184500,2888100,3768454300,3776176500
50,1506,241735571791200,3233100,3820061000,3827783200
50,1522,241735626245400,3394100,3874515200,3882237400
50,1538,241735676435800,3287300,3924705600,3932427800
50,1554,241735726533900,3266400,3974803700,3982525900
50,1570,241735774215000,2609500,4022484800,4030207000
50,1586,241735821351500,2855200,4069621300,4077343500
50,1602,241735873459300,2654000,4121729100,4129451300
50,1618,241735915831000,2670300,4164100800,4171823000
50,1634,241735964246400,2959200,4212516200,4220238400
50,1650,241736009743300,2786500,4258013100,4265735300
50,1666,241736058035800,2742100,4306305600,4314027800
50,1682,241736103856900,2807500,4352126700,4359848900
50,1698,241736147918000,2585300,4396187800,4403910000
50,1714,241736192116600,2140700,4440386400,4448108600
50,1730,241736245091800,3080700,4493361600,4501083800
50,1746,241736292431600,2889900,4540701400,4548423600
50,1762,241736343369100,3091100,4591638900,4599361100
50,1778,241736387785000,2221900,4636054800,4643777000
50,1794,241736436684200,2790800,4684954000,4692676200
50,1810,241736486085700,3080200,4734355500,4742077700
50,1826,241736539028600,3324500,4787298400,4795020600
50,1842,241736593207700,3476000,4841477500,4849199700
50,1858,241736656659400,3406200,4904929200,4912651400
50,1874,241736704922200,2865500,4953192000,4960914200
50,1890,241736748514800,2561100,4996784600,5004506800
50,1906,241736795337600,3007300,5043607400,5051329600
50,1922,241736843806000,3006300,5092075800,5099798000
50,1938,241736889467900,2808200,5137737700,5145459900
50,1954,241736935549400,2925600,5183819200,5191541400
50,1970,241736979932400,2754800,5228202200,5235924400
50,1986,241737025568100,3021100,5273837900,5281560100
50,2002,241737076522900,2859100,5324792700,5332514900
50,2018,241737123217100,3011700,5371486900,5379209100
50,2034,241737169859000,2989000,5418128800,5425851000
51,3,241731909410000,2375700,157679800,165402000
51,19,241731948974100,2209300,197243900,204966100
51,35,241731985775400,2233700,234045200,241767400
51,51,241732020669800,2132000,268939600,276661800
51,67,241732056075800,2223300,304345600,312067800
51,83,241732090897400,2140300,339167200,346889400
51,99,241732125500900,2246700,373770700,381492900
51,115,241732160771900,2318400,409041700,416763900
51,131,241732216754600,2221200,465024400,472746600
51,147,241732251694300,2226000,499964100,507686300
51,163,241732288497600,2153300,536767400,544489600
51,179,241732324861800,2279300,573131600,580853800
51,195,241732361499600,2506700,609769400,617491600
51,211,241732396401500,2118000,644671300,652393500
51,227,241732430983500,2166500,679253300,686975500
51,243,241732466047700,2402600,714317500,722039700
51,259,241732519298700,2583200,767568500,775290700
51,275,241732554883700,2257400,803153500,810875700
51,291,241732589227900,2149600,837497700,845219900
51,307,241732630495700,2190800,878765500,886487700
51,323,241732664821800,2205900,913091600,920813800
51,339,241732700264500,2244000,948534300,956256500
51,355,241732735760500,2333600,984030300,991752500
51,371,241732771844700,2200600,1020114500,1027836700
51,387,241732807224200,2168700,1055494000,1063216200
51,403,241732863799300,2257500,1112069100,1119791300
51,419,241732899349800,2113800,1147619600,1155341800
51,435,241732933107700,2109300,1181377500,1189099700
51,451,241732967965900,2153900,1216235700,1223957900
51,467,241733003149900,2101000,1251419700,1259141900
51,483,241733037509900,2104700,1285779700,1293501900
51,499,241733074085800,2058400,1322355600,1330077800
51,515,241733107633300,2053100,1355903100,1363625300
51,531,241733160171600,2148700,1408441400,1416163600
51,547,241733195389600,2121400,1443659400,1451381600
51,563,241733229231000,2082400,1477500800,1485223000
51,579,241733263469000,2123000,1511738800,1519461000
51,595,241733297407600,2096100,1545677400,1553399600
51,611,241733331901300,2134200,1580171100,1587893300
51,627,241733365956300,2117900,1614226100,1621948300
51,643,241733399713400,2074500,1647983200,1655705400
51,659,241733451814800,2395600,1700084600,1707806800
51,675,241733486441900,2172100,1734711700,1742433900
51,691,241733521194200,2290100,1769464000,1777186200
51,707,241733556033900,2241000,1804303700,1812025900
51,723,241733590299400,2147800,1838569200,1846291400
51,739,241733624256900,2129000,1872526700,1880248900
51,755,241733657928000,2105800,1906197800,1913920000
51,771,241733691647800,2104100,1939917600,1947639800
51,787,241733731713100,2185000,1979982900,1987705100
51,803,241733786321100,2129500,2034590900,2042313100
51,819,241733821265300,2122300,2069535100,2077257300
51,835,241733855453500,2124500,2103723300,2111445500
51,851,241733889456100,2125400,2137725900,2145448100
51,867,241733926397900,2203000,2174667700,2182389900
51,883,241733961473600,2151300,2209743400,2217465600
51,899,241733997630700,2221500,2245900500,2253622700
51,915,241734031734500,2108600,2280004300,2287726500
51,931,241734085105800,2146200,2333375600,2341097800
51,947,241734120937400,2129900,2369207200,2376929400
51,963,241734154778200,2157400,2403048000,2410770200
51,979,241734188922400,2254900,2437192200,2444914400
51,995,241734223912300,2167100,2472182100,2479904300
51,1011,241734258093500,2099100,2506363300,2514085500
51,1027,241734292067600,2093600,2540337400,2548059600
51,1043,241734327705200,2272800,2575975000,2583697200
51,1059,241734368821400,2230300,2617091200,2624813400
51,1075,241734404565500,2247300,2652835300,2660557500
51,1091,241734440522900,2271600,2688792700,2696514900
51,1107,241734476941500,2189400,2725211300,2732933500
51,1123,241734511520000,2202700,2759789800,2767512000
51,1139,241734546190100,2103800,2794459900,2802182100
51,1155,241734582661200,2132700,2830931000,2838653200
51,1171,241734618322600,2307200,2866592400,2874314600
51,1187,241734653839800,2166700,2902109600,2909831800
51,1203,241734694057200,2184200,2942327000,2950049200
51,1219,241734728770900,2150600,2977040700,2984762900
51,1235,241734768684400,2843700,3016954200,3024676400
51,1251,241734816387400,6266700,3064657200,3072379400
51,1267,241734864459900,2588000,3112729700,3120451900
51,1283,241734913254700,2890600,3161524500,3169246700
51,1299,241734956956900,2694700,3205226700,3212948900
51,1315,241735001474300,2686400,3249744100,3257466300
51,1331,241735051133600,2709800,3299403400,3307125600
51,1347,241735095128600,2732900,3343398400,3351120600
51,1363,241735142062200,2967900,3390332000,3398054200
51,1379,241735187910900,2730400,3436180700,3443902900
51,1395,241735232915300,3467200,3481185100,3488907300
51,1411,241735284535500,2818900,3532805300,3540527500
51,1427,241735332421700,3211000,3580691500,3588413700
51,1443,241735377600400,2958300,3625870200,3633592400
51,1459,241735424202100,8749900,3672471900,3680194100
51,1475,241735477155800,2967900,3725425600,3733147800
51,1491,241735524003700,2910900,3772273500,3779995700
51,1507,241735576225800,3342800,3824495600,3832217800
51,1523,241735630880500,3279600,3879150300,3886872500
51,1539,241735680869900,2872000,3929139700,3936861900
51,1555,241735730916600,3361000,3979186400,3986908600
51,1571,241735777808400,2679000,4026078200,4033800400
51,1587,241735825250900,3026500,4073520700,4081242900
51,1603,241735876684100,2650800,4124953900,4132676100
51,1619,241735919082900,2762700,4167352700,4175074900
51,1635,241735967877400,3280100,4216147200,4223869400
51,1651,241736013062400,3160100,4261332200,4269054400
51,1667,241736060256100,2763200,4308525900,4316248100
51,1683,241736106094800,2927200,4354364600,4362086800
51,1699,241736149972600,2777900,4398242400,4405964600
51,1715,241736193840100,2176200,4442109900,4449832100
51,1731,241736247537500,3065700,4495807300,4503529500
51,1747,241736294739600,2919900,4543009400,4550731600
51,1763,241736345834200,3097900,4594104000,4601826200
51,1779,241736389557500,2190500,4637827300,4645549500
51,1795,241736438790000,2929400,4687059800,4694782000
51,1811,241736488510700,3282600,4736780500,4744502700
51,1827,241736541687200,3253400,4789957000,4797679200
51,1843,241736596078300,3455400,4844348100,4852070300
51,1859,241736659509500,3317300,4907779300,4915501500
51,1875,241736707215200,2853500,4955485000,4963207200
51,1891,241736750604900,2582100,4998874700,5006596900
51,1907,241736797793700,3014300,5046063500,5053785700
51,1923,241736846263000,3038500,5094532800,5102255000
51,1939,241736891792900,2834400,5140062700,5147784900
51,1955,241736938165400,2883900,5186435200,5194157400
51,1971,241736981622000,2719400,5229891800,5237614000
51,1987,241737027402400,2941900,5275672200,5283394400
51,2003,241737078198400,2960800,5326468200,5334190400
51,2019,241737125054900,3001100,5373324700,5381046900
51,2035,241737171680500,2951800,5419950300,5427672500
52,4,241731911886700,2298000,160156500,167878700
52,20,241731951219100,2359100,199488900,207211100
52,36,241731988264100,2279900,236533900,244256100
52,52,241732023137500,2086100,271407300,279129500
52,68,241732058664100,2141000,306933900,314656100
52,84,241732093535100,2230500,341804900,349527100
52,100,241732128209100,2217500,376478900,384201100
52,116,241732163510600,2216400,411780400,419502600
52,132,241732220243400,2154500,468513200,476235400
52,148,241732255365800,2185400,503635600,511357800
52,164,241732292111200,2185300,540381000,548103200
52,180,241732328829200,2221300,577099000,584821200
52,196,241732366002100,2182700,614271900,621994100
52,212,241732400141600,2132600,648411400,656133600
52,228,241732434847600,2333800,683117400,690839600
52,244,241732470124500,2105100,718394300,726116500
52,260,241732523850500,2223400,772120300,779842500
52,276,241732558766400,2261200,807036200,814758400
52,292,241732593257300,2290200,841527100,849249300
52,308,241732634740700,2131600,883010500,890732700
52,324,241732669004500,2268700,917274300,924996500
52,340,241732704654900,2283200,952924700,960646900
52,356,241732740135800,2185400,988405600,996127800
52,372,241732776031000,2160300,1024300800,1032023000
52,388,241732811333100,2186700,1059602900,1067325100
52,404,241732868406600,2151100,1116676400,1124398600
52,420,241732903783600,2119600,1152053400,1159775600
52,436,241732937466300,2164600,1185736100,1193458300
52,452,241732972549100,2133300,1220818900,1228541100
52,468,241733007530000,2110900,1255799800,1263522000
52,484,241733041822000,2402500,1290091800,1297814000
52,500,241733077922900,2088000,1326192700,1333914900
52,516,241733111448800,2150300,1359718600,1367440800
52,532,241733164137400,2148300,1412407200,1420129400
52,548,241733199091600,2107000,1447361400,1455083600
52,564,241733232811500,2102500,1481081300,1488803500
52,580,241733267234700,2110300,1515504500,1523226700
52,596,241733301065300,2127000,1549335100,1557057300
52,612,241733335613600,2065200,1583883400,1591605600
52,628,241733369579000,2078700,1617848800,1625571000
52,644,241733403293400,2084100,1651563200,1659285400
52,660,241733455671600,2100100,1703941400,1711663600
52,676,241733490728200,2271800,1738998000,1746720200
52,692,241733525517200,2286100,1773787000,1781509200
52,708,241733560193300,2164300,1808463100,1816185300
52,724,241733594407500,2172300,1842677300,1850399500
52,740,241733628287800,2073600,1876557600,1884279800
52,756,241733661929800,2108800,1910199600,1917921800
52,772,241733695766100,2399100,1944035900,1951758100
52,788,241733735845100,2180600,1984114900,1991837100
52,804,241733790507000,2211300,2038776800,2046499000
52,820,241733825319100,2143700,2073588900,2081311100
52,836,241733859531600,2145600,2107801400,2115523600
52,852,241733893503400,2144500,2141773200,2149495400
52,868,241733930462200,2179900,2178732000,2186454200
52,884,241733965429400,2301100,2213699200,2221421400
52,900,241734001755800,2113900,2250025600,2257747800
52,916,241734035552900,2089300,2283822700,2291544900
52,932,241734088980100,2167800,2337249900,2344972100
52,948,241734124631100,2084800,2372900900,2380623100
52,964,241734158528300,2094700,2406798100,2414520300
52,980,241734192785700,2140700,2441055500,2448777700
52,996,241734227656200,2115200,2475926000,2483648200
52,1012,241734261757700,2110600,2510027500,2517749700
52,1028,241734295679000,2146800,2543948800,2551671000
52,1044,241734330993100,2164900,2579262900,2586985100
52,1060,241734372033600,2221800,2620303400,2628025600
52,1076,241734407803200,2178300,2656073000,2663795200
52,1092,241734443871400,2253000,2692141200,2699863400
52,1108,241734480261200,2216200,2728531000,2736253200
52,1124,241734514987000,2214000,2763256800,2770979000
52,1140,241734549376500,2194700,2797646300,2805368500
52,1156,241734585693300,2096500,2833963100,2841685300
52,1172,241734621624400,2278300,2869894200,2877616400
52,1188,241734656977100,2134000,2905246900,2912969100
52,1204,241734697180900,2191700,2945450700,2953172900
52,1220,241734731837100,2215100,2980106900,2987829100
52,1236,241734772954100,2879400,3021223900,3028946100
52,1252,241734823912800,2849400,3072182600,3079904800
52,1268,241734868301600,2672800,3116571400,3124293600
52,1284,241734917448700,2925800,3165718500,3173440700
52,1300,241734961356200,2942800,3209626000,3217348200
52,1316,241735005268800,2861500,3253538600,3261260800
52,1332,241735055065600,2744300,3303335400,3311057600
52,1348,241735099088800,2839200,3347358600,3355080800
52,1364,241735146304700,2905600,3394574500,3402296700
52,1380,241735191863200,2736200,3440133000,3447855200
52,1396,241735237515000,2750000,3485784800,3493507000
52,1412,241735288616900,2898400,3536886700,3544608900
52,1428,241735337079300,2886000,3585349100,3593071300
52,1444,241735381878300,2949800,3630148100,3637870300
52,1460,241735434377100,2888300,3682646900,3690369100
52,1476,241735481479200,2935800,3729749000,3737471200
52,1492,241735528281500,3030800,3776551300,3784273500
52,1508,241735580914700,3293200,3829184500,3836906700
52,1524,241735635527100,3392600,3883796900,3891519100
52,1540,241735685020900,2979000,3933290700,3941012900
52,1556,241735735507100,3133800,3983776900,3991499100
52,1572,241735781423600,2615400,4029693400,4037415600
52,1588,241735829318600,2845800,4077588400,4085310600
52,1604,241735880503800,2615700,4128773600,4136495800
52,1620,241735923012700,2606700,4171282500,4179004700
52,1636,241735972413200,2761100,4220683000,4228405200
52,1652,241736017296400,4536000,4265566200,4273288400
52,1668,241736063667800,2793600,4311937600,4319659800
52,1684,241736109697400,3049100,4357967200,4365689400
52,1700,241736153360200,2621600,4401630000,4409352200
52,1716,241736196460300,2519300,4444730100,4452452300
52,1732,241736251294100,3083700,4499563900,4507286100
52,1748,241736298314600,2994000,4546584400,4554306600
52,1764,241736349576800,2930600,4597846600,4605568800
52,1780,241736392252300,2640800,4640522100,4648244300
52,1796,241736442475100,3191100,4690744900,4698467100
52,1812,241736492459400,3143800,4740729200,4748451400
52,1828,241736545596800,3316600,4793866600,4801588800
52,1844,241736600392600,3183700,4848662400,4856384600
52,1860,241736663443700,3467000,4911713500,4919435700
52,1876,241736710564900,2969000,4958834700,4966556900
52,1892,241736753680700,2789300,5001950500,5009672700
52,1908,241736801405100,2981000,5049674900,5057397100
52,1924,241736849897400,3010700,5098167200,5105889400
52,1940,241736895126900,2747700,5143396700,5151118900
52,1956,241736941466700,2902100,5189736500,5197458700
52,1972,241736985195700,2778100,5233465500,5241187700
52,1988,241737031270400,2969900,5279540200,5287262400
52,2004,241737082150300,2925700,5330420100,5338142300
52,2020,241737129011000,2968500,5377280800,5385003000
52,2036,241737175680000,2983700,5423949800,5431672000
53,5,241731914249100,3035500,162518900,170241100
53,21,241731953694100,2476000,201963900,209686100
53,37,241731990609300,2178300,238879100,246601300
53,53,241732025281800,2203500,273551600,281273800
53,69,241732060688900,2189500,308958700,316680900
53,85,241732095620000,2154500,343889800,351612000
53,101,241732130239800,2172800,378509600,386231800
53,117,241732165567300,2311200,413837100,421559300
53,133,241732221727000,2243500,469996800,477719000
53,149,241732256866900,2180800,505136700,512858900
53,165,241732293630900,2176600,541900700,549622900
53,181,241732330196500,2576100,578466300,586188500
53,197,241732367390200,2217000,615660000,623382200
53,213,241732401561500,2180400,649831300,657553500
53,229,241732436427000,2197900,684696800,692419000
53,245,241732471497500,2142700,719767300,727489500
53,261,241732524992300,2293300,773262100,780984300
53,277,241732559890400,2299100,808160200,815882400
53,293,241732594430000,2216000,842699800,850422000
53,309,241732635775000,2184600,884044800,891767000
53,325,241732670094400,2339300,918364200,926086400
53,341,241732705740900,2294900,954010700,961732900
53,357,241732741323700,2138500,989593500,997315700
53,373,241732777185200,2164100,1025455000,1033177200
53,389,241732812478400,2454700,1060748200,1068470400
53,405,241732869388600,2195300,1117658400,1125380600
53,421,241732904735400,2120900,1153005200,1160727400
53,437,241732938400400,2331000,1186670200,1194392400
53,453,241732973220600,2124500,1221490400,1229212600
53,469,241733008205200,2130900,1256475000,1264197200
53,485,241733042597400,2242100,1290867200,1298589400
53,501,241733078167200,2094600,1326437000,1334159200
53,517,241733111695900,2159400,1359965700,1367687900
53,533,241733164397200,2151300,1412667000,1420389200
53,549,241733199359000,2093900,1447628800,1455351000
53,565,241733233060700,2123900,1481330500,1489052700
53,581,241733267489900,2128800,1515759700,1523481900
53,597,241733301322700,2137700,1549592500,1557314700
53,613,241733335859900,2073300,1584129700,1591851900
53,629,241733369919800,2087100,1618189600,1625911800
53,645,241733403631000,2087800,1651900800,1659623000
53,661,241733456073500,2107700,1704343300,1712065500
53,677,241733490554500,2264800,1738824300,1746546500
53,693,241733525228200,2280600,1773498000,1781220200
53,709,241733559905100,2155500,1808174900,1815897100
53,725,241733594089600,2161700,1842359400,1850081600
53,741,241733627946900,2071900,1876216700,1883938900
53,757,241733661583500,2109700,1909853300,1917575500
53,773,241733695380100,2501100,1943649900,1951372100
53,789,241733735466000,2181200,1983735800,1991458000
53,805,241733790181900,2220700,2038451700,2046173900
53,821,241733824994500,2125000,2073264300,2080986500
53,837,241733859181600,2145300,2107451400,2115173600
53,853,241733893163400,2121100,2141433200,2149155400
53,869,241733929626400,2193600,2177896200,2185618400
53,885,241733964664200,2255000,2212934000,2220656200
53,901,241734000838500,2260900,2249108300,2256830500
53,917,241734034779800,2101300,2283049600,2290771800
53,933,241734088098200,2198800,2336368000,2344090200
53,949,241734124044400,2083600,2372314200,2380036400
53,965,241734157917400,2099300,2406187200,2413909400
53,981,241734192135300,2169300,2440405100,2448127300
53,997,241734227088500,2128300,2475358300,2483080500
53,1013,241734261189000,2112900,2509458800,2517181000
53,1029,241734295127700,2117000,2543397500,2551119700
53,1045,241734330521800,2168900,2578791600,2586513800
53,1061,241734371558500,2208500,2619828300,2627550500
53,1077,241734407306900,2207200,2655576700,2663298900
53,1093,241734443356500,2288000,2691626300,2699348500
53,1109,241734479790100,2165600,2728059900,2735782100
53,1125,241734514529600,2184700,2762799400,2770521600
53,1141,241734548919300,2144600,2797189100,2804911300
53,1157,241734585318500,2103500,2833588300,2841310500
53,1173,241734621430600,2289200,2869700400,2877422600
53,1189,241734656883700,2125300,2905153500,2912875700
53,1205,241734697084900,2194100,2945354700,2953076900
53,1221,241734731724100,2144700,2979993900,2987716100
53,1237,241734772726900,2853000,3020996700,3028718900
53,1253,241734823716700,2831200,3071986500,3079708700
53,1269,241734868120500,2672800,3116390300,3124112500
53,1285,241734917248900,2918500,3165518700,3173240900
53,1301,241734961080400,2997300,3209350200,3217072400
53,1317,241735005090100,2862000,3253359900,3261082100
53,1333,241735054791000,2719900,3303060800,3310783000
53,1349,241735098810300,2833300,3347080100,3354802300
53,1365,241735146057500,2902900,3394327300,3402049500
53,1381,241735191633500,2729100,3439903300,3447625500
53,1397,241735237336200,2749300,3485606000,3493328200
53,1413,241735288405600,2916300,3536675400,3544397600
53,1429,241735336810800,2917300,3585080600,3592802800
53,1445,241735381632300,2957200,3629902100,3637624300
53,1461,241735434153500,2790900,3682423300,3690145500
53,1477,241735481233000,2930500,3729502800,3737225000
53,1493,241735528038000,3024600,3776307800,3784030000
53,1509,241735580660300,3275900,3828930100,3836652300
53,1525,241735635268300,3372800,3883538100,3891260300
53,1541,241735684828900,2989200,3933098700,3940820900
53,1557,241735735456400,3125100,3983726200,3991448400
53,1573,241735781385300,2608600,4029655100,4037377300
53,1589,241735829276400,2847500,4077546200,4085268400
53,1605,241735880470800,2609600,4128740600,4136462800
53,1621,241735922970800,2603600,4171240600,4178962800
53,1637,241735972369800,2769200,4220639600,4228361800
53,1653,241736017337500,3793200,4265607300,4273329500
53,1669,241736062867100,2862100,4311136900,4318859100
53,1685,241736108847900,3079100,4357117700,4364839900
53,1701,241736152573200,2633500,4400843000,4408565200
53,1717,241736195828900,2180400,4444098700,4451820900
53,1733,241736250357300,3060300,4498627100,4506349300
53,1749,241736297322900,2937100,4545592700,4553314900
53,1765,241736348596600,2930600,4596866400,4604588600
53,1781,241736391520100,2503900,4639789900,4647512100
53,1797,241736441349200,3243000,4689619000,4697341200
53,1813,241736491453000,3130800,4739722800,4747445000
53,1829,241736544603300,3221000,4792873100,4800595300
53,1845,241736599122700,3443100,4847392500,4855114700
53,1861,241736662431700,3355100,4910701500,4918423700
53,1877,241736709675900,2920000,4957945700,4965667900
53,1893,241736752866200,2656500,5001136000,5008858200
53,1909,241736800425700,2998300,5048695500,5056417700
53,1925,241736848866300,3159000,5097136100,5104858300
53,1941,241736894355900,2801400,5142625700,5150347900
53,1957,241736940645800,2928700,5188915600,5196637800
53,1973,241736983989700,2729200,5232259500,5239981700
53,1989,241737030072500,2887100,5278342300,5286064500
53,2005,241737080985200,2950700,5329255000,5336977200
53,2021,241737127857100,2975500,5376126900,5383849100
53,2037,241737174431900,3058500,5422701700,5430423900
54,6,241731917236500,2904900,165506300,173228500
54,22,241731956029100,2138700,204298900,212021100
54,38,241731992615400,2211800,240885200,248607400
54,54,241732027333700,2240300,275603500,283325700
54,70,241732062709600,2154600,310979400,318701600
54,86,241732097540700,2159800,345810500,353532700
54,102,241732132204700,2173100,380474500,388196700
54,118,241732167628600,2498200,415898400,423620600
54,134,241732223387000,2284300,471656800,479379000
54,150,241732258587900,2676300,506857700,514579900
54,166,241732295276100,2281500,543545900,551268100
54,182,241732332073900,2439800,580343700,588065900
54,198,241732368979200,2201200,617249000,624971200
54,214,241732403089500,2139300,651359300,659081500
54,230,241732438021100,2163200,686290900,694013100
54,246,241732473058400,2094100,721328200,729050400
54,262,241732526823000,2292200,775092800,782815000
54,278,241732561771500,2248800,810041300,817763500
54,294,241732596340400,2157700,844610200,852332400
54,310,241732637607500,2179200,885877300,893599500
54,326,241732671966600,2535000,920236400,927958600
54,342,241732707575900,2276400,955845700,963567900
54,358,241732742735200,2159100,991005000,998727200
54,374,241732778608900,2180900,1026878700,1034600900
54,390,241732813986800,2599900,1062256600,1069978800
54,406,241732870654800,2213300,1118924600,1126646800
54,422,241732905936600,2130300,1154206400,1161928600
54,438,241732939668300,2391900,1187938100,1195660300
54,454,241732974536100,2185900,1222805900,1230528100
54,470,241733009524900,2177600,1257794700,1265516900
54,486,241733044156500,2193900,1292426300,1300148500
54,502,241733079710200,2106500,1327980000,1335702200
54,518,241733113239800,2108800,1361509600,1369231800
54,534,241733165948700,2157900,1414218500,1421940700
54,550,241733200865500,2097400,1449135300,1456857500
54,566,241733234578700,2096900,1482848500,1490570700
54,582,241733268941900,2140500,1517211700,1524933900
54,598,241733302771200,2150300,1551041000,1558763200
54,614,241733337323900,2118900,1585593700,1593315900
54,630,241733371392500,2116200,1619662300,1627384500
54,646,241733405071300,2108800,1653341100,1661063300
54,662,241733457505200,2283800,1705775000,1713497200
54,678,241733492284500,2148600,1740554300,1748276500
54,694,241733526982400,2157600,1775252200,1782974400
54,710,241733561595300,2182800,1809865100,1817587300
54,726,241733595854600,2149400,1844124400,1851846600
54,742,241733629711700,2076500,1877981500,1885703700
54,758,241733663371100,2119100,1911640900,1919363100
54,774,241733697495500,2353900,1945765300,1953487500
54,790,241733737342200,2203500,1985612000,1993334200
54,806,241733792074200,2186500,2040344000,2048066200
54,822,241733826775200,2142400,2075045000,2082767200
54,838,241733861023100,2149200,2109292900,2117015100
54,854,241733894989600,2122400,2143259400,2150981600
54,870,241733931763700,2164700,2180033500,2187755700
54,886,241733966835700,2248600,2215105500,2222827700
54,902,241734003186700,2158600,2251456500,2259178700
54,918,241734036967800,2115200,2285237600,2292959800
54,934,241734090460700,2418200,2338730500,2346452700
54,950,241734126243700,2109400,2374513500,2382235700
54,966,241734160132900,2102600,2408402700,2416124900
54,982,241734194393200,2161300,2442663000,2450385200
54,998,241734229279400,2107800,2477549200,2485271400
54,1014,241734263364500,2133900,2511634300,2519356500
54,1030,241734297307900,2116400,2545577700,2553299900
54,1046,241734332604000,2185900,2580873800,2588596000
54,1062,241734373678100,2158600,2621947900,2629670100
54,1078,241734409375400,2281900,2657645200,2665367400
54,1094,241734445552800,2284300,2693822600,2701544800
54,1110,241734481839400,2252000,2730109200,2737831400
54,1126,241734516594800,2210800,2764864600,2772586800
54,1142,241734550889400,2417000,2799159200,2806881400
54,1158,241734587313300,2110100,2835583100,2843305300
54,1174,241734623599400,2276400,2871869200,2879591400
54,1190,241734658737400,2185700,2907007200,2914729400
54,1206,241734699019900,2146300,2947289700,2955011900
54,1222,241734733672000,2113800,2981941800,2989664000
54,1238,241734775419700,2813900,3023689500,3031411700
54,1254,241734826426600,2946100,3074696400,3082418600
54,1270,241734870643600,3159500,3118913400,3126635600
54,1286,241734920003200,2977400,3168273000,3175995200
54,1302,241734963895500,3009600,3212165300,3219887500
54,1318,241735007773900,2626000,3256043700,3263765900
54,1334,241735057470300,2805500,3305740100,3313462300
54,1350,241735101612200,2903800,3349882000,3357604200
54,1366,241735148796900,2918300,3397066700,3404788900
54,1382,241735194210100,2787000,3442479900,3450202100
54,1398,241735240006500,2489300,3488276300,3495998500
54,1414,241735291204200,2942000,3539474000,3547196200
54,1430,241735339584400,2718500,3587854200,3595576400
54,1446,241735384394400,3015700,3632664200,3640386400
54,1462,241735436704500,2985600,3684974300,3692696500
54,1478,241735483913300,2881000,3732183100,3739905300
54,1494,241735530808100,2987000,3779077900,3786800100
54,1510,241735583622400,3321200,3831892200,3839614400
54,1526,241735638313400,3459700,3886583200,3894305400
54,1542,241735687668700,3142100,3935938500,3943660700
54,1558,241735738400900,3198200,3986670700,3994392900
54,1574,241735783759300,2647500,4032029100,4039751300
54,1590,241735831883800,2869700,4080153600,4087875800
54,1606,241735882864600,2647700,4131134400,4138856600
54,1622,241735925361200,2660200,4173631000,4181353200
54,1638,241735974885300,2730800,4223155100,4230877300
54,1654,241736020393300,2842700,4268663100,4276385300
54,1670,241736065004300,2760500,4313274100,4320996300
54,1686,241736111178500,2956300,4359448300,4367170500
54,1702,241736154601800,2593000,4402871600,4410593800
54,1718,241736197590400,2963500,4445860200,4453582400
54,1734,241736252911300,3011500,4501181100,4508903300
54,1750,241736299855800,2924500,4548125600,4555847800
54,1766,241736351206700,3047800,4599476500,4607198700
54,1782,241736393405100,3079000,4641674900,4649397100
54,1798,241736444054700,3257600,4692324500,4700046700
54,1814,241736494032500,3186300,4742302300,4750024500
54,1830,241736547100700,3313000,4795370500,4803092700
54,1846,241736601873800,3186800,4850143600,4857865800
54,1862,241736665141000,3706700,4913410800,4921133000
54,1878,241736712145900,2891500,4960415700,4968137900
54,1894,241736755103800,3084200,5003373600,5011095800
54,1910,241736802965400,2985900,5051235200,5058957400
54,1926,241736851549900,3008200,5099819700,5107541900
54,1942,241736896764100,2696000,5145033900,5152756100
54,1958,241736943125800,2490700,5191395600,5199117800
54,1974,241736986507100,2770800,5234776900,5242499100
54,1990,241737032649500,2993500,5280919300,5288641500
54,2006,241737083563100,2928300,5331832900,5339555100
54,2022,241737130500000,3049300,5378769800,5386492000
54,2038,241737177082100,3162100,5425351900,5433074100
55,7,241731920220000,2453400,168489800,176212000
55,23,241731958109900,2209200,206379700,214101900
55,39,241731994739900,2170100,243009700,250731900
55,55,241732029674100,2208300,277943900,285666100
55,71,241732064984700,2176300,313254500,320976700
55,87,241732099736700,2134000,348006500,355728700
55,103,241732134414200,2208200,382684000,390406200
55,119,241732170167300,2558900,418437100,426159300
55,135,241732225640300,2199800,473910100,481632300
55,151,241732261101100,2554100,509370900,517093100
55,167,241732297432100,2288800,545701900,553424100
55,183,241732334296100,2522200,582565900,590288100
55,199,241732371063300,2189600,619333100,627055300
55,215,241732405171300,2124700,653441100,661163300
55,231,241732440076500,2153600,688346300,696068500
55,247,241732475067800,2090600,723337600,731059800
55,263,241732528962600,2343200,777232400,784954600
55,279,241732563906800,2180200,812176600,819898800
55,295,241732598258700,2116000,846528500,854250700
55,311,241732639573400,2230500,887843200,895565400
55,327,241732674227100,2244100,922496900,930219100
55,343,241732709732100,2355100,958001900,965724100
55,359,241732745109300,2285600,993379100,1001101300
55,375,241732781011000,2457600,1029280800,1037003000
55,391,241732817012300,21604400,1065282100,1073004300
55,407,241732873178600,2223200,1121448400,1129170600
55,423,241732908385400,2082100,1156655200,1164377400
55,439,241732942399100,2155400,1190668900,1198391100
55,455,241732977139400,2174300,1225409200,1233131400
55,471,241733012118000,2158600,1260387800,1268110000
55,487,241733046491500,2556700,1294761300,1302483500
55,503,241733082313800,2064400,1330583600,1338305800
55,519,241733115852900,2089600,1364122700,1371844900
55,535,241733168599500,2097900,1416869300,1424591500
55,551,241733203486000,2143500,1451755800,1459478000
55,567,241733237197000,2099500,1485466800,1493189000
55,583,241733271633100,2113400,1519902900,1527625100
55,599,241733305464100,2106400,1553733900,1561456100
55,615,241733339880600,2136200,1588150400,1595872600
55,631,241733373977300,2080300,1622247100,1629969300
55,647,241733407680400,2086700,1655950200,1663672400
55,663,241733460397400,2096200,1708667200,1716389400
55,679,241733494786700,2100300,1743056500,1750778700
55,695,241733529452700,2157800,1777722500,1785444700
55,711,241733564116500,2116700,1812386300,1820108500
55,727,241733598232600,2120800,1846502400,1854224600
55,743,241733632030600,2085900,1880300400,1888022600
55,759,241733665746500,2095100,1914016300,1921738500
55,775,241733700350600,3749700,1948620400,1956342600
55,791,241733739738600,2131100,1988008400,1995730600
55,807,241733794463900,2218900,2042733700,2050455900
55,823,241733829154600,2129500,2077424400,2085146600
55,839,241733863352200,2102100,2111622000,2119344200
55,855,241733897288600,2536600,2145558400,2153280600
55,871,241733934108900,2188000,2182378700,2190100900
55,887,241733969325200,2176700,2217595000,2225317200
55,903,241734005529100,2150300,2253798900,2261521100
55,919,241734039254700,2049700,2287524500,2295246700
55,935,241734093105500,2266700,2341375300,2349097500
55,951,241734128630300,2064000,2376900100,2384622300
55,967,241734162524800,2100600,2410794600,2418516800
55,983,241734196876600,2171500,2445146400,2452868600
55,999,241734231710800,2221100,2479980600,2487702800
55,1015,241734265795700,2107300,2514065500,2521787700
55,1031,241734299726500,2060700,2547996300,2555718500
55,1047,241734335598700,2161100,2583868500,2591590700
55,1063,241734376636400,2124800,2624906200,2632628400
55,1079,241734412542400,2196400,2660812200,2668534400
55,1095,241734448656800,2282200,2696926600,2704648800
55,1111,241734484613200,2176400,2732883000,2740605200
55,1127,241734519371900,2155400,2767641700,2775363900
55,1143,241734553885000,2400200,2802154800,2809877000
55,1159,241734589955600,2134400,2838225400,2845947600
55,1175,241734626369500,2301800,2874639300,2882361500
55,1191,241734661460900,2130700,2909730700,2917452900
55,1207,241734701702000,2175500,2949971800,2957694000
55,1223,241734736336200,2522500,2984606000,2992328200
55,1239,241734778589600,2951700,3026859400,3034581600
55,1255,241734829669600,2897500,3077939400,3085661600
55,1271,241734874132300,3127200,3122402100,3130124300
55,1287,241734923372900,2855200,3171642700,3179364900
55,1303,241734967235600,2925200,3215505400,3223227600
55,1319,241735010703500,2636700,3258973300,3266695500
55,1335,241735060531500,2790700,3308801300,3316523500
55,1351,241735104893100,2952800,3353162900,3360885100
55,1367,241735152092000,2940700,3400361800,3408084000
55,1383,241735197358700,2723700,3445628500,3453350700
55,1399,241735242764200,3015400,3491034000,3498756200
55,1415,241735294416100,2870200,3542685900,3550408100
55,1431,241735342605700,2728800,3590875500,3598597700
55,1447,241735387813400,2993800,3636083200,3643805400
55,1463,241735440064100,2995500,3688333900,3696056100
55,1479,241735487165700,2894400,3735435500,3743157700
55,1495,241735534177900,2973500,3782447700,3790169900
55,1511,241735587413800,3464400,3835683600,3843405800
55,1527,241735642237700,3135500,3890507500,3898229700
55,1543,241735691113300,3025600,3939383100,3947105300
55,1559,241735741765200,3058600,3990035000,3997757200
55,1575,241735786606500,3091200,4034876300,4042598500
55,1591,241735834949700,8650100,4083219500,4090941700
55,1607,241735885663500,2651700,4133933300,4141655500
55,1623,241735928181800,2634500,4176451600,4184173800
55,1639,241735977776400,2755700,4226046200,4233768400
55,1655,241736023949900,2858500,4272219700,4279941900
55,1671,241736068492600,2728200,4316762400,4324484600
55,1687,241736114911800,2964500,4363181600,4370903800
55,1703,241736157978900,2750600,4406248700,4413970900
55,1719,241736201210500,3310900,4449480300,4457202500
55,1735,241736256608500,2952000,4504878300,4512600500
55,1751,241736303488000,3112800,4551757800,4559480000
55,1767,241736354933300,3206500,4603203100,4610925300
55,1783,241736397412900,3264200,4645682700,4653404900
55,1799,241736448346800,3161600,4696616600,4704338800
55,1815,241736498165200,3195700,4746435000,4754157200
55,1831,241736551508100,3365500,4799777900,4807500100
55,1847,241736606126100,3496900,4854395900,4862118100
55,1863,241736669640100,3374700,4917909900,4925632100
55,1879,241736715757600,2806000,4964027400,4971749600
55,1895,241736759036300,2800600,5007306100,5015028300
55,1911,241736806755700,2998500,5055025500,5062747700
55,1927,241736855264800,2806900,5103534600,5111256800
55,1943,241736900137900,2884600,5148407700,5156129900
55,1959,241736946133200,2285600,5194403000,5202125200
55,1975,241736989681600,2743600,5237951400,5245673600
55,1991,241737036088700,3065700,5284358500,5292080700
55,2007,241737086907200,2968100,5335177000,5342899200
55,2023,241737133873400,2654200,5382143200,5389865400
55,2039,241737180655200,2852300,5428925000,5436647200
56,8,241731922824500,2379700,171094300,178816500
56,24,241731960354600,2517100,208624400,216346600
56,40,241731996976400,2161400,245246200,252968400
56,56,241732031978000,2209400,280247800,287970000
56,72,241732067198000,2174400,315467800,323190000
56,88,241732101933800,2081900,350203600,357925800
56,104,241732136716800,2151700,384986600,392708800
56,120,241732172886600,2309200,421156400,428878600
56,136,241732228010100,2210300,476279900,484002100
56,152,241732263893600,2251400,512163400,519885600
56,168,241732299941000,2268300,548210800,555933000
56,184,241732336972600,2224500,585242400,592964600
56,200,241732373341800,2146100,621611600,629333800
56,216,241732407384800,2161300,655654600,663376800
56,232,241732442296900,2213000,690566700,698288900
56,248,241732477190500,2091700,725460300,733182500
56,264,241732531393200,2212800,779663000,787385200
56,280,241732566147300,2209700,814417100,822139300
56,296,241732600564400,2176500,848834200,856556400
56,312,241732642058100,2083400,890327900,898050100
56,328,241732676745200,2179200,925015000,932737200
56,344,241732711918500,2144200,960188300,967910500
56,360,241732747206400,2240900,995476200,1003198400
56,376,241732783290700,2213100,1031560500,1039282700
56,392,241732838335600,2908000,1086605400,1094327600
56,408,241732875279000,2345500,1123548800,1131271000
56,424,241732910349900,2087900,1158619700,1166341900
56,440,241732944468500,2165300,1192738300,1200460500
56,456,241732979408800,2140000,1227678600,1235400800
56,472,241733014369100,2168600,1262638900,1270361100
56,488,241733048904300,2448700,1297174100,1304896300
56,504,241733084185400,2056400,1332455200,1340177400
56,520,241733117731200,2050200,1366001000,1373723200
56,536,241733170462000,2110700,1418731800,1426454000
56,552,241733205428200,2126000,1453698000,1461420200
56,568,241733239100600,2084400,1487370400,1495092600
56,584,241733273586900,2087300,1521856700,1529578900
56,600,241733307459700,2167100,1555729500,1563451700
56,616,241733341897500,2172300,1590167300,1597889500
56,632,241733375912900,2100200,1624182700,1631904900
56,648,241733409633700,2060500,1657903500,1665625700
56,664,241733462439000,2102800,1710708800,1718431000
56,680,241733496796200,2222600,1745066000,1752788200
56,696,241733531527500,2167100,1779797300,1787519500
56,712,241733566120700,2103700,1814390500,1822112700
56,728,241733600388000,2091700,1848657800,1856380000
56,744,241733634090500,2109500,1882360300,1890082500
56,760,241733667812400,2121800,1916082200,1923804400
56,776,241733704186400,4569400,1952456200,1960178400
56,792,241733741903100,21939800,1990172900,1997895100
56,808,241733796716300,2236600,2044986100,2052708300
56,824,241733831347100,2160300,2079616900,2087339100
56,840,241733865542900,2157400,2113812700,2121534900
56,856,241733899928400,2812700,2148198200,2155920400
56,872,241733936268800,2116200,2184538600,2192260800
56,888,241733971473900,2179600,2219743700,2227465900
56,904,241734007621300,2144900,2255891100,2263613300
56,920,241734041253300,2239300,2289523100,2297245300
56,936,241734095249100,2271800,2343518900,2351241100
56,952,241734130581800,2124200,2378851600,2386573800
56,968,241734164505900,2109400,2412775700,2420497900
56,984,241734198952100,2202200,2447221900,2454944100
56,1000,241734233810700,2109200,2482080500,2489802700
56,1016,241734267786300,2128400,2516056100,2523778300
56,1032,241734301678900,2015400,2549948700,2557670900
56,1048,241734337116200,2176900,2585386000,2593108200
56,1064,241734378157100,2217600,2626426900,2634149100
56,1080,241734414149900,2154100,2662419700,2670141900
56,1096,241734450328500,2283200,2698598300,2706320500
56,1112,241734486399000,2209700,2734668800,2742391000
56,1128,241734521142700,2176300,2769412500,2777134700
56,1144,241734555988800,2329000,2804258600,2811980800
56,1160,241734591703900,2131800,2839973700,2847695900
56,1176,241734628198100,2304400,2876467900,2884190100
56,1192,241734663046600,7632900,2911316400,2919038600
56,1208,241734703282100,2225200,2951551900,2959274100
56,1224,241734738229400,2534900,2986499200,2994221400
56,1240,241734780990900,2818800,3029260700,3036982900
56,1256,241734832034500,2821600,3080304300,3088026500
56,1272,241734876693000,3028400,3124962800,3132685000
56,1288,241734925756300,2704500,3174026100,3181748300
56,1304,241734969634200,2942400,3217904000,3225626200
56,1320,241735012855200,2678200,3261125000,3268847200
56,1336,241735062791900,2770500,3311061700,3318783900
56,1352,241735107393300,3002000,3355663100,3363385300
56,1368,241735154582800,3072300,3402852600,3410574800
56,1384,241735199686300,2835900,3447956100,3455678300
56,1400,241735245310300,3017800,3493580100,3501302300
56,1416,241735296927400,3076000,3545197200,3552919400
56,1432,241735345066600,2786100,3593336400,3601058600
56,1448,241735390537300,2687400,3638807100,3646529300
56,1464,241735442771300,2971900,3691041100,3698763300
56,1480,241735489780600,2925200,3738050400,3745772600
56,1496,241735536864400,3046900,3785134200,3792856400
56,1512,241735590553300,3419100,3838823100,3846545300
56,1528,241735645179800,3053700,3893449600,3901171800
56,1544,241735693969900,3081400,3942239700,3949961900
56,1560,241735744691200,3317300,3992961000,4000683200
56,1576,241735789570000,3145700,4037839800,4045562000
56,1592,241735843475100,3321300,4091744900,4099467100
56,1608,241735888239500,2720700,4136509300,4144231500
56,1624,241735930741700,2623400,4179011500,4186733700
56,1640,241735980469200,2820600,4228739000,4236461200
56,1656,241736026254100,3029700,4274523900,4282246100
56,1672,241736070737100,2754100,4319006900,4326729100
56,1688,241736117294100,2855000,4365563900,4373286100
56,1704,241736160154000,2731600,4408423800,4416146000
56,1720,241736203857500,3338400,4452127300,4459849500
56,1736,241736258933300,3009600,4507203100,4514925300
56,1752,241736305929700,3263800,4554199500,4561921700
56,1768,241736357500100,2835400,4605769900,4613492100
56,1784,241736399936800,3079000,4648206600,4655928800
56,1800,241736450693600,3165700,4698963400,4706685600
56,1816,241736500573300,3268900,4748843100,4756565300
56,1832,241736554096400,3430100,4802366200,4810088400
56,1848,241736608895200,3383100,4857165000,4864887200
56,1864,241736672292000,3340100,4920561800,4928284000
56,1880,241736717896700,3004700,4966166500,4973888700
56,1896,241736761236900,2839900,5009506700,5017228900
56,1912,241736809078400,3013500,5057348200,5065070400
56,1928,241736857553200,2849000,5105823000,5113545200
56,1944,241736902357900,2764600,5150627700,5158349900
56,1960,241736947873900,2210300,5196143700,5203865900
56,1976,241736991742900,2760500,5240012700,5247734900
56,1992,241737038557800,8466000,5286827600,5294549800
56,2008,241737089296600,2973300,5337566400,5345288600
56,2024,241737135983200,2680800,5384253000,5391975200
56,2040,241737182960100,2783600,5431229900,5438952100
57,9,241731925678200,1995200,173948000,181670200
57,25,241731963026600,2175400,211296400,219018600
57,41,241731999316900,2211600,247586700,255308900
57,57,241732034222700,2196200,282492500,290214700
57,73,241732069465400,2176400,317735200,325457400
57,89,241732104129600,2133600,352399400,360121600
57,105,241732138993200,2140400,387263000,394985200
57,121,241732175689000,2281700,423958800,431681000
57,137,241732230771000,2239000,479040800,486763000
57,153,241732266764900,2196100,515034700,522756900
57,169,241732302875300,2199600,551145100,558867300
57,185,241732340066900,2340900,588336700,596058900
57,201,241732376345600,2101300,624615400,632337600
57,217,241732410382100,2164700,658651900,666374100
57,233,241732445370200,2151900,693640000,701362200
57,249,241732480102000,2138600,728371800,736094000
57,265,241732534387300,2113900,782657100,790379300
57,281,241732569160100,2097800,817429900,825152100
57,297,241732603425800,2192100,851695600,859417800
57,313,241732644685300,2066400,892955100,900677300
57,329,241732679427300,2138600,927697100,935419300
57,345,241732714946200,2163700,963216000,970938200
57,361,241732750329200,2272800,998599000,1006321200
57,377,241732786379400,2196200,1034649200,1042371400
57,393,241732842106000,2489000,1090375800,1098098000
57,409,241732878693700,2234600,1126963500,1134685700
57,425,241732913414400,2104200,1161684200,1169406400
57,441,241732947647900,2163900,1195917700,1203639900
57,457,241732982257500,2186500,1230527300,1238249500
57,473,241733017259800,2209100,1265529600,1273251800
57,489,241733052134200,2231400,1300404000,1308126200
57,505,241733087024700,2095800,1335294500,1343016700
57,521,241733120564000,2063300,1368833800,1376556000
57,537,241733173363400,2077800,1421633200,1429355400
57,553,241733208263500,2175400,1456533300,1464255500
57,569,241733241887400,2098500,1490157200,1497879400
57,585,241733276373500,2125500,1524643300,1532365500
57,601,241733310335700,2230800,1558605500,1566327700
57,617,241733344828500,2145200,1593098300,1600820500
57,633,241733378740600,2130000,1627010400,1634732600
57,649,241733412350900,2185200,1660620700,1668342900
57,665,241733465125600,2098500,1713395400,1721117600
57,681,241733499795000,2171400,1748064800,1755787000
57,697,241733534483600,2181400,1782753400,1790475600
57,713,241733568971700,2073600,1817241500,1824963700
57,729,241733603183200,2122500,1851453000,1859175200
57,745,241733636858600,2092500,1885128400,1892850600
57,761,241733670605700,2104600,1918875500,1926597700
57,777,241733709372800,2196800,1957642600,1965364800
57,793,241733764476500,2272300,2012746300,2020468500
57,809,241733799771200,2162400,2048041000,2055763200
57,825,241733834198600,2125300,2082468400,2090190600
57,841,241733868383400,2113400,2116653200,2124375400
57,857,241733903957500,2365700,2152227300,2159949500
57,873,241733939385700,2122200,2187655500,2195377700
57,889,241733974799000,2077400,2223068800,2230791000
57,905,241734010872700,2113100,2259142500,2266864700
57,921,241734044564100,2037700,2292833900,2300556100
57,937,241734098544900,2077600,2346814700,2354536900
57,953,241734133678000,2139700,2381947800,2389670000
57,969,241734167587100,2195800,2415856900,2423579100
57,985,241734202118600,2076400,2450388400,2458110600
57,1001,241734236830700,2120600,2485100500,2492822700
57,1017,241734270794500,2133500,2519064300,2526786500
57,1033,241734304588900,2075100,2552858700,2560580900
57,1049,241734340175500,2159400,2588445300,2596167500
57,1065,241734381118500,2189000,2629388300,2637110500
57,1081,241734416991700,2343600,2665261500,2672983700
57,1097,241734453304400,2331900,2701574200,2709296400
57,1113,241734489190900,2181500,2737460700,2745182900
57,1129,241734523912000,2202600,2772181800,2779904000
57,1145,241734559018000,2340600,2807287800,2815010000
57,1161,241734594508500,2248900,2842778300,2850500500
57,1177,241734631073000,2124000,2879342800,2887065000
57,1193,241734671356200,2253800,2919626000,2927348200
57,1209,241734706177300,2120800,2954447100,2962169300
57,1225,241734741476700,2198300,2989746500,2997468700
57,1241,241734784792000,2775200,3033061800,3040784000
57,1257,241734835654100,2741900,3083923900,3091646100
57,1273,241734880598400,3006900,3128868200,3136590400
57,1289,241734929208700,2557500,3177478500,3185200700
57,1305,241734973485800,2939100,3221755600,3229477800
57,1321,241735016356200,2603400,3264626000,3272348200
57,1337,241735066405500,2688800,3314675300,3322397500
57,1353,241735111242100,2916700,3359511900,3367234100
57,1369,241735158458900,2965200,3406728700,3414450900
57,1385,241735203259900,2729800,3451529700,3459251900
57,1401,241735249133600,2941200,3497403400,3505125600
57,1417,241735300616600,2994600,3548886400,3556608600
57,1433,241735348413100,2738800,3596682900,3604405100
57,1449,241735393748400,2732300,3642018200,3649740400
57,1465,241735446440800,3033400,3694710600,3702432800
57,1481,241735493390300,3000500,3741660100,3749382300
57,1497,241735540640600,4169300,3788910400,3796632600
57,1513,241735594925400,3454100,3843195200,3850917400
57,1529,241735649000000,3235600,3897269800,3904992000
57,1545,241735697944500,3187300,3946214300,3953936500
57,1561,241735748758700,2786700,3997028500,4004750700
57,1577,241735793542600,3092500,4041812400,4049534600
57,1593,241735848059900,2975000,4096329700,4104051900
57,1609,241735892006700,2622200,4140276500,4147998700
57,1625,241735934384600,2680600,4182654400,4190376600
57,1641,241735984401000,2696000,4232670800,4240393000
57,1657,241736032633600,2614900,4280903400,4288625600
57,1673,241736076962500,2733700,4325232300,4332954500
57,1689,241736123700500,2736300,4371970300,4379692500
57,1705,241736166355100,2749300,4414624900,4422347100
57,1721,241736211121300,3013000,4459391100,4467113300
57,1737,241736265681600,3026400,4513951400,4521673600
57,1753,241736313162800,3333700,4561432600,4569154800
57,1769,241736364015300,2461300,4612285100,4620007300
57,1785,241736406918300,3351400,4655188100,4662910300
57,1801,241736457947200,3101800,4706217000,4713939200
57,1817,241736507991200,3269900,4756261000,4763983200
57,1833,241736561817300,3629700,4810087100,4817809300
57,1849,241736616604200,3426200,4864874000,4872596200
57,1865,241736679993300,3232300,4928263100,4935985300
57,1881,241736724655100,2757800,4972924900,4980647100
57,1897,241736767938400,3037200,5016208200,5023930400
57,1913,241736816185600,2982700,5064455400,5072177600
57,1929,241736863862700,3042500,5112132500,5119854700
57,1945,241736908825100,3079900,5157094900,5164817100
57,1961,241736953320600,2777000,5201590400,5209312600
57,1977,241736998058300,2750800,5246328100,5254050300
57,1993,241737050412000,2702000,5298681800,5306404000
57,2009,241737095876500,2997100,5344146300,5351868500
57,2025,241737142295600,2876000,5390565400,5398287600
57,2041,241737189185800,2937100,5437455600,5445177800
58,10,241731927478300,2282800,175748100,183470300
58,26,241731965113300,2366600,213383100,221105300
58,42,241732001440400,2152900,249710200,257432400
58,58,241732036331800,2234900,284601600,292323800
58,74,241732071604600,2123200,319874400,327596600
58,90,241732106327900,2138600,354597700,362319900
58,106,241732141168900,2161100,389438700,397160900
58,122,241732177904800,2245600,426174600,433896800
58,138,241732232854600,2183800,481124400,488846600
58,154,241732268788200,2188500,517058000,524780200
58,170,241732304805100,2175300,553074900,560797100
58,186,241732341969000,2229800,590238800,597961000
58,202,241732378049500,2113600,626319300,634041500
58,218,241732412150400,2162400,660420200,668142400
58,234,241732447127400,2192600,695397200,703119400
58,250,241732481864300,2470400,730134100,737856300
58,266,241732536378200,2102800,784648000,792370200
58,282,241732571129500,2153400,819399300,827121500
58,298,241732605537800,2161100,853807600,861529800
58,314,241732646782900,2070800,895052700,902774900
58,330,241732681650900,2154000,929920700,937642900
58,346,241732717024500,2199700,965294300,973016500
58,362,241732752810000,2287200,1001079800,1008802000
58,378,241732788836200,2229700,1037106000,1044828200
58,394,241732844950900,2433100,1093220700,1100942900
58,410,241732881200500,2338400,1129470300,1137192500
58,426,241732915795500,2081200,1164065300,1171787500
58,442,241732950070700,2164200,1198340500,1206062700
58,458,241732984789200,2150500,1233059000,1240781200
58,474,241733019880700,2231600,1268150500,1275872700
58,490,241733055193800,2471900,1303463600,1311185800
58,506,241733089731200,2057600,1338001000,1345723200
58,522,241733123239600,2059800,1371509400,1379231600
58,538,241733176092100,2294700,1424361900,1432084100
58,554,241733211218900,2078800,1459488700,1467210900
58,570,241733244712200,2113800,1492982000,1500704200
58,586,241733279231900,2083700,1527501700,1535223900
58,602,241733313268400,2112100,1561538200,1569260400
58,618,241733347628600,2122600,1595898400,1603620600
58,634,241733381538400,2103900,1629808200,1637530400
58,650,241733415231300,2122600,1663501100,1671223300
58,666,241733467977500,2127000,1716247300,1723969500
58,682,241733502814000,2115500,1751083800,1758806000
58,698,241733537515700,2168400,1785785500,1793507700
58,714,241733571859300,2138400,1820129100,1827851300
58,730,241733606091400,2120200,1854361200,1862083400
58,746,241733639787500,2111600,1888057300,1895779500
58,762,241733673501100,2127400,1921770900,1929493100
58,778,241733712555700,2183100,1960825500,1968547700
58,794,241733767747700,2197600,2016017500,2023739700
58,810,241733802801900,2178900,2051071700,2058793900
58,826,241733837159700,2181300,2085429500,2093151700
58,842,241733871333300,2108400,2119603100,2127325300
58,858,241733906945200,2212200,2155215000,2162937200
58,874,241733942076200,2127700,2190346000,2198068200
58,890,241733977390300,2173100,2225660100,2233382300
58,906,241734013328200,2079900,2261598000,2269320200
58,922,241734046949500,2110400,2295219300,2302941500
58,938,241734101124700,2145700,2349394500,2357116700
58,954,241734136408800,2094900,2384678600,2392400800
58,970,241734170421000,2144000,2418690800,2426413000
58,986,241734204805400,2279700,2453075200,2460797400
58,1002,241734239601600,2135400,2487871400,2495593600
58,1018,241734273574200,2149700,2521844000,2529566200
58,1034,241734307292400,2216800,2555562200,2563284400
58,1050,241734343241600,2167200,2591511400,2599233600
58,1066,241734384436200,2290400,2632706000,2640428200
58,1082,241734420440800,2209600,2668710600,2676432800
58,1098,241734456886400,2327800,2705156200,2712878400
58,1114,241734492473500,2184300,2740743300,2748465500
58,1130,241734527196500,2120500,2775466300,2783188500
58,1146,241734562537600,2256500,2810807400,2818529600
58,1162,241734597864100,2372700,2846133900,2853856100
58,1178,241734634391300,2197700,2882661100,2890383300
58,1194,241734674757500,2108900,2923027300,2930749500
58,1210,241734709461800,2127700,2957731600,2965453800
58,1226,241734744914700,2159700,2993184500,3000906700
58,1242,241734789135900,2978400,3037405700,3045127900
58,1258,241734839978400,2750000,3088248200,3095970400
58,1274,241734885330600,2980600,3133600400,3141322600
58,1290,241734933325600,2602300,3181595400,3189317600
58,1306,241734977953200,2790300,3226223000,3233945200
58,1322,241735020433800,2713200,3268703600,3276425800
58,1338,241735070583100,2766100,3318852900,3326575100
58,1354,241735115863700,2733600,3364133500,3371855700
58,1370,241735163021000,2998100,3411290800,3419013000
58,1386,241735207468500,2729800,3455738300,3463460500
58,1402,241735253724000,2904700,3501993800,3509716000
58,1418,241735305498300,3029400,3553768100,3561490300
58,1434,241735352862900,2679600,3601132700,3608854900
58,1450,241735398180100,2866700,3646449900,3654172100
58,1466,241735451206200,2924000,3699476000,3707198200
58,1482,241735498151200,2928300,3746421000,3754143200
58,1498,241735547408600,2987100,3795678400,3803400600
58,1514,241735600312900,3384000,3848582700,3856304900
58,1530,241735653984400,2957900,3902254200,3909976400
58,1546,241735702987000,3198600,3951256800,3958979000
58,1562,241735753197500,2905600,4001467300,4009189500
58,1578,241735798328600,3085700,4046598400,4054320600
58,1594,241735852306900,2926100,4100576700,4108298900
58,1610,241735895786700,2601700,4144056500,4151778700
58,1626,241735938409100,2744400,4186678900,4194401100
58,1642,241735988232500,2732000,4236502300,4244224500
58,1658,241736035848800,2728700,4284118600,4291840800
58,1674,241736080266300,2972900,4328536100,4336258300
58,1690,241736127095000,2668700,4375364800,4383087000
58,1706,241736169672900,2717200,4417942700,4425664900
58,1722,241736214888500,3018300,4463158300,4470880500
58,1738,241736269572200,3093800,4517842000,4525564200
58,1754,241736317224100,3185700,4565493900,4573216100
58,1770,241736366903700,2401500,4615173500,4622895700
58,1786,241736410977200,3274000,4659247000,4666969200
58,1802,241736461694700,3189700,4709964500,4717686700
58,1818,241736511902300,3242100,4760172100,4767894300
58,1834,241736566117900,3485900,4814387700,4822109900
58,1850,241736620583600,3415300,4868853400,4876575600
58,1866,241736683758400,2959400,4932028200,4939750400
58,1882,241736727838100,2648100,4976107900,4983830100
58,1898,241736771450600,2988800,5019720400,5027442600
58,1914,241736819705300,3018300,5067975100,5075697300
58,1930,241736867435800,2698600,5115705600,5123427800
58,1946,241736912409800,3018800,5160679600,5168401800
58,1962,241736957021800,2940000,5205291600,5213013800
58,1978,241737001688700,2749500,5249958500,5257680700
58,1994,241737054058800,2841600,5302328600,5310050800
58,2010,241737099856100,2887800,5348125900,5355848100
58,2026,241737146190300,2846900,5394460100,5402182300
58,2042,241737193140000,2880600,5441409800,5449132000
59,11,241731929918500,3381500,178188300,185910500
59,27,241731967660900,2336600,215930700,223652900
59,43,241732003781400,2152800,252051200,259773400
59,59,241732038792800,2183800,287062600,294784800
59,75,241732073844200,2184900,322114000,329836200
59,91,241732108532500,2170600,356802300,364524500
59,107,241732143396000,2140900,391665800,399388000
59,123,241732180420200,2327700,428690000,436412200
59,139,241732235293500,2209700,483563300,491285500
59,155,241732271499900,2515100,519769700,527491900
59,171,241732307541900,2281800,555811700,563533900
59,187,241732344637200,2323900,592907000,600629200
59,203,241732380479800,2076400,628749600,636471800
59,219,241732414619300,2174900,662889100,670611300
59,235,241732449636200,2166300,697906000,705628200
59,251,241732484706000,2386400,732975800,740698000
59,267,241732538537300,2104400,786807100,794529300
59,283,241732573313900,2064400,821583700,829305900
59,299,241732607737400,2102000,856007200,863729400
59,315,241732648795700,2119300,897065500,904787700
59,331,241732683746500,2177000,932016300,939738500
59,347,241732719258000,2350800,967527800,975250000
59,363,241732754905100,2457400,1003174900,1010897100
59,379,241732790852000,2197700,1039121800,1046844000
59,395,241732847128900,2268700,1095398700,1103120900
59,411,241732883147600,2240000,1131417400,1139139600
59,427,241732917521700,2115700,1165791500,1173513700
59,443,241732952066200,2162700,1200336000,1208058200
59,459,241732986722200,2313800,1234992000,1242714200
59,475,241733021883200,2082900,1270153000,1277875200
59,491,241733057132700,2244700,1305402500,1313124700
59,507,241733091355700,2055900,1339625500,1347347700
59,523,241733124845200,2094700,1373115000,1380837200
59,539,241733177905000,2251600,1426174800,1433897000
59,555,241733212788500,2092500,1461058300,1468780500
59,571,241733246359500,2072800,1494629300,1502351500
59,587,241733280786800,2087500,1529056600,1536778800
59,603,241733314804100,2160100,1563073900,1570796100
59,619,241733349176100,2169100,1597445900,1605168100
59,635,241733383082900,2108500,1631352700,1639074900
59,651,241733416802300,2096400,1665072100,1672794300
59,667,241733469535400,2113800,1717805200,1725527400
59,683,241733504309200,2120800,1752579000,1760301200
59,699,241733539009000,2163600,1787278800,1795001000
59,715,241733573371500,2095000,1821641300,1829363500
59,731,241733607593900,2084000,1855863700,1863585900
59,747,241733641281100,2109300,1889550900,1897273100
59,763,241733675030600,2103900,1923300400,1931022600
59,779,241733713976700,2092200,1962246500,1969968700
59,795,241733769163300,2145300,2017433100,2025155300
59,811,241733804200300,2181600,2052470100,2060192300
59,827,241733838600200,2100100,2086870000,2094592200
59,843,241733872697200,2124100,2120967000,2128689200
59,859,241733908502000,2289800,2156771800,2164494000
59,875,241733943573400,2101100,2191843200,2199565400
59,891,241733978991100,2285500,2227260900,2234983100
59,907,241734015024000,2080300,2263293800,2271016000
59,923,241734048673100,2067700,2296942900,2304665100
59,939,241734102774400,2388700,2351044200,2358766400
59,955,241734137994200,2114300,2386264000,2393986200
59,971,241734172048900,2059500,2420318700,2428040900
59,987,241734206467800,2271300,2454737600,2462459800
59,1003,241734241211200,2125500,2489481000,2497203200
59,1019,241734275208600,2084700,2523478400,2531200600
59,1035,241734309006500,2273100,2557276300,2564998500
59,1051,241734345293600,2190600,2593563400,2601285600
59,1067,241734386550600,2099600,2634820400,2642542600
59,1083,241734422508200,2216600,2670778000,2678500200
59,1099,241734458976700,2230000,2707246500,2714968700
59,1115,241734494401500,2142000,2742671300,2750393500
59,1131,241734529065700,2153200,2777335500,2785057700
59,1147,241734564467600,2283100,2812737400,2820459600
59,1163,241734599936100,2202900,2848205900,2855928100
59,1179,241734636255600,2215100,2884525400,2892247600
59,1195,241734676509300,2149300,2924779100,2932501300
59,1211,241734711251600,2104200,2959521400,2967243600
59,1227,241734746726400,2134400,2994996200,3002718400
59,1243,241734791612300,2895800,3039882100,3047604300
59,1259,241734842267400,2756300,3090537200,3098259400
59,1275,241734887809500,3032300,3136079300,3143801500
59,1291,241734935512200,2539400,3183782000,3191504200
59,1307,241734980431600,2578700,3228701400,3236423600
59,1323,241735022830100,2838000,3271099900,3278822100
59,1339,241735073150300,2717500,3321420100,3329142300
59,1355,241735118450600,2817600,3366720400,3374442600
59,1371,241735165697000,3002600,3413966800,3421689000
59,1387,241735209965100,2856600,3458234900,3465957100
59,1403,241735256345700,2915200,3504615500,3512337700
59,1419,241735308230000,2976300,3556499800,3564222000
59,1435,241735355245900,2717900,3603515700,3611237900
59,1451,241735400706600,2863800,3648976400,3656698600
59,1467,241735453845500,2888000,3702115300,3709837500
59,1483,241735500798400,2941300,3749068200,3756790400
59,1499,241735550091600,2892400,3798361400,3806083600
59,1515,241735603386900,3564000,3851656700,3859378900
59,1531,241735656658900,2909900,3904928700,3912650900
59,1547,241735705892400,2949000,3954162200,3961884400
59,1563,241735755836900,2890000,4004106700,4011828900
59,1579,241735801115900,3091600,4049385700,4057107900
59,1595,241735854813600,2994100,4103083400,4110805600
59,1611,241735898004200,2631300,4146274000,4153996200
59,1627,241735940746900,2754500,4189016700,4196738900
59,1643,241735990522700,2714100,4238792500,4246514700
59,1659,241736037695700,2728400,4285965500,4293687700
59,1675,241736082240300,3004400,4330510100,4338232300
59,1691,241736128874000,2613000,4377143800,4384866000
59,1707,241736171439900,2851100,4419709700,4427431900
59,1723,241736216834800,3016400,4465104600,4472826800
59,1739,241736271649800,2903800,4519919600,4527641800
59,1755,241736319321600,3297500,4567591400,4575313600
59,1771,241736368492200,2471200,4616762000,4624484200
59,1787,241736413189900,3245200,4661459700,4669181900
59,1803,241736463767300,3169300,4712037100,4719759300
59,1819,241736514093800,3275400,4762363600,4770085800
59,1835,241736568607300,3301900,4816877100,4824599300
59,1851,241736623030400,3429500,4871300200,4879022400
59,1867,241736685976500,2548700,4934246300,4941968500
59,1883,241736729742200,2553300,4978012000,4985734200
59,1899,241736773553100,3044900,5021822900,5029545100
59,1915,241736821950000,3041100,5070219800,5077942000
59,1931,241736869513100,2859400,5117782900,5125505100
59,1947,241736914552600,2916300,5162822400,5170544600
59,1963,241736958664600,2988100,5206934400,5214656600
59,1979,241737003336800,2733400,5251606600,5259328800
59,1995,241737055684000,2799400,5303953800,5311676000
59,2011,241737101624600,2838200,5349894400,5357616600
59,2027,241737147885400,2978200,5396155200,5403877400
59,2043,241737194834400,3452400,5443104200,5450826400
60,12,241731933253200,2320400,181523000,189245200
60,28,241731970036700,2440300,218306500,226028700
60,44,241732005967800,2111300,254237600,261959800
60,60,241732040945500,2140700,289215300,296937500
60,76,241732075999800,2113500,324269600,331991800
60,92,241732110673400,2086800,358943200,366665400
60,108,241732145508800,2182100,393778600,401500800
60,124,241732182604400,2305500,430874200,438596400
60,140,241732237292200,2190200,485562000,493284200
60,156,241732273480000,2409000,521749800,529472000
60,172,241732309451300,2287800,557721100,565443300
60,188,241732346732400,2489400,595002200,602724400
60,204,241732382473400,2096800,630743200,638465400
60,220,241732416715700,2171700,664985500,672707700
60,236,241732451719500,2130800,699989300,707711500
60,252,241732487006600,2152500,735276400,742998600
60,268,241732540473100,2093600,788742900,796465100
60,284,241732575219900,2074200,823489700,831211900
60,300,241732609645500,2112800,857915300,865637500
60,316,241732650802900,2033900,899072700,906794900
60,332,241732685844700,2164300,934114500,941836700
60,348,241732721517500,2141900,969787300,977509500
60,364,241732757165300,2323800,1005435100,1013157300
60,380,241732792996600,2226600,1041266400,1048988600
60,396,241732849254000,2245000,1097523800,1105246000
60,412,241732885146000,2206400,1133415800,1141138000
60,428,241732919407800,2099300,1167677600,1175399800
60,444,241732953884300,2269500,1202154100,1209876300
60,460,241732988647100,2284400,1236916900,1244639100
60,476,241733023681100,2173600,1271950900,1279673100
60,492,241733059230400,2230400,1307500200,1315222400
60,508,241733093277500,2085600,1341547300,1349269500
60,524,241733126802900,20369100,1375072700,1382794900
60,540,241733179988100,2367300,1428257900,1435980100
60,556,241733214705900,2102700,1462975700,1470697900
60,572,241733248267000,2111900,1496536800,1504259000
60,588,241733282756600,2124400,1531026400,1538748600
60,604,241733316827500,2250300,1565097300,1572819500
60,620,241733351196400,2111800,1599466200,1607188400
60,636,241733385054800,2128800,1633324600,1641046800
60,652,241733418792000,2072200,1667061800,1674784000
60,668,241733471475000,2123500,1719744800,1727467000
60,684,241733506256200,2117600,1754526000,1762248200
60,700,241733540995700,2112900,1789265500,1796987700
60,716,241733575293000,2147000,1823562800,1831285000
60,732,241733609504500,2119500,1857774300,1865496500
60,748,241733643210600,2115500,1891480400,1899202600
60,764,241733676967500,2109400,1925237300,1932959500
60,780,241733715897800,2175500,1964167600,1971889800
60,796,241733771104800,2122600,2019374600,2027096800
60,812,241733806211800,2170000,2054481600,2062203800
60,828,241733840534300,2119200,2088804100,2096526300
60,844,241733874650400,2101600,2122920200,2130642400
60,860,241733910635000,2224500,2158904800,2166627000
60,876,241733945531600,2163500,2193801400,2201523600
60,892,241733981247900,2314400,2229517700,2237239900
60,908,241734016993100,2075800,2265262900,2272985100
60,924,241734050625600,2098400,2298895400,2306617600
60,940,241734105077100,2456200,2353346900,2361069100
60,956,241734139991700,2100400,2388261500,2395983700
60,972,241734174079900,2146500,2422349700,2430071900
60,988,241734209081500,2195200,2457351300,2465073500
60,1004,241734243667200,2182700,2491937000,2499659200
60,1020,241734277687400,2096800,2525957200,2533679400
60,1036,241734311825500,2350300,2560095300,2567817500
60,1052,241734347574000,2098100,2595843800,2603566000
60,1068,241734388738200,2495900,2637008000,2644730200
60,1084,241734424803400,2207600,2673073200,2680795400
60,1100,241734461405100,2223500,2709674900,2717397100
60,1116,241734496865400,2119300,2745135200,2752857400
60,1132,241734531539200,2137900,2779809000,2787531200
60,1148,241734567036000,2296700,2815305800,2823028000
60,1164,241734602427900,2289200,2850697700,2858419900
60,1180,241734638676500,2190200,2886946300,2894668500
60,1196,241734678889500,2113700,2927159300,2934881500
60,1212,241734713587800,2135300,2961857600,2969579800
60,1228,241734748804700,2138800,2997074500,3004796700
60,1244,241734794426200,2971500,3042696000,3050418200
60,1260,241734844952800,2709400,3093222600,3100944800
60,1276,241734890763000,2997600,3139032800,3146755000
60,1292,241734937949200,2598800,3186219000,3193941200
60,1308,241734982805700,2592900,3231075500,3238797700
60,1324,241735025429200,2910600,3273699000,3281421200
60,1340,241735075599600,2727800,3323869400,3331591600
60,1356,241735121073100,2849300,3369342900,3377065100
60,1372,241735168553100,2755400,3416822900,3424545100
60,1388,241735212523600,2727900,3460793400,3468515600
60,1404,241735259013500,2982900,3507283300,3515005500
60,1420,241735310948200,3103000,3559218000,3566940200
60,1436,241735357776300,2684500,3606046100,3613768300
60,1452,241735403398100,2916200,3651667900,3659390100
60,1468,241735456526100,2917900,3704795900,3712518100
60,1484,241735503533200,2894600,3751803000,3759525200
60,1500,241735552793300,2876000,3801063100,3808785300
60,1516,241735606730300,3315100,3855000100,3862722300
60,1532,241735659253000,3049900,3907522800,3915245000
60,1548,241735708527700,2800700,3956797500,3964519700
60,1564,241735758422300,2666600,4006692100,4014414300
60,1580,241735803860300,3058000,4052130100,4059852300
60,1596,241735857481500,2980100,4105751300,4113473500
60,1612,241735900337000,2665200,4148606800,4156329000
60,1628,241735943208700,2733800,4191478500,4199200700
60,1644,241735992978000,2753500,4241247800,4248970000
60,1660,241736040655100,2605300,4288924900,4296647100
60,1676,241736085451300,3012200,4333721100,4341443300
60,1692,241736131771100,2594100,4380040900,4387763100
60,1708,241736174560900,3191900,4422830700,4430552900
60,1724,241736220425400,8922800,4468695200,4476417400
60,1740,241736275048700,2939700,4523318500,4531040700
60,1756,241736323125600,3263400,4571395400,4579117600
60,1772,241736371392300,2856800,4619662100,4627384300
60,1788,241736416940000,3247900,4665209800,4672932000
60,1804,241736467499500,3049800,4715769300,4723491500
60,1820,241736517938300,3746500,4766208100,4773930300
60,1836,241736572490200,3347600,4820760000,4828482200
60,1852,241736627070700,3357000,4875340500,4883062700
60,1868,241736689068300,2664200,4937338100,4945060300
60,1884,241736732746400,2590200,4981016200,4988738400
60,1900,241736777153000,3018000,5025422800,5033145000
60,1916,241736825415600,3037700,5073685400,5081407600
60,1932,241736872829800,2704600,5121099600,5128821800
60,1948,241736918093000,2826700,5166362800,5174085000
60,1964,241736962525600,2831000,5210795400,5218517600
60,1980,241737007112200,3101600,5255382000,5263104200
60,1996,241737059476400,2802700,5307746200,5315468400
60,2012,241737105357500,2743900,5353627300,5361349500
60,2028,241737151826900,2874100,5400096700,5407818900
60,2044,241737199543600,3617300,5447813400,5455535600
61,13,241731935543500,2271400,183813300,191535500
61,29,241731972412400,2243200,220682200,228404400
61,45,241732008022500,2181100,256292300,264014500
61,61,241732043054200,2284300,291324000,299046200
61,77,241732078147500,2204500,326417300,334139500
61,93,241732112822700,2162900,361092500,368814700
61,109,241732147757000,2110400,396026800,403749000
61,125,241732184825800,2191700,433095600,440817800
61,141,241732239513700,2265600,487783500,495505700
61,157,241732275928100,2458500,524197900,531920100
61,173,241732311683900,2623900,559953700,567675900
61,189,241732349121100,2370200,597390900,605113100
61,205,241732384492900,2180900,632762700,640484900
61,221,241732418799700,2280300,667069500,674791700
61,237,241732453764200,2203300,702034000,709756200
61,253,241732489072600,2201500,737342400,745064600
61,269,241732542770200,2126600,791040000,798762200
61,285,241732577415300,2084400,825685100,833407300
61,301,241732611924100,2863400,860193900,867916100
61,317,241732652929900,2155400,901199700,908921900
61,333,241732688042900,2409200,936312700,944034900
61,349,241732723894000,2190400,972163800,979886000
61,365,241732759791500,2226300,1008061300,1015783500
61,381,241732795372900,2204300,1043642700,1051364900
61,397,241732851771800,2110200,1100041600,1107763800
61,413,241732887640400,2206500,1135910200,1143632400
61,429,241732921787500,2156500,1170057300,1177779500
61,445,241732956301500,2112900,1204571300,1212293500
61,461,241732991171000,2176300,1239440800,1247163000
61,477,241733026017600,2126200,1274287400,1282009600
61,493,241733061201900,2224400,1309471700,1317193900
61,509,241733095101900,2112700,1343371700,1351093900
61,525,241733128604500,20915700,1376874300,1384596500
61,541,241733182029900,2259400,1430299700,1438021900
61,557,241733216670700,2099500,1464940500,1472662700
61,573,241733250232300,2123200,1498502100,1506224300
61,589,241733284739600,2066900,1533009400,1540731600
61,605,241733318980100,2256500,1567249900,1574972100
61,621,241733353197400,2152400,1601467200,1609189400
61,637,241733387074300,2117900,1635344100,1643066300
61,653,241733420727200,2071700,1668997000,1676719200
61,669,241733473458600,2085400,1721728400,1729450600
61,685,241733508436700,2103500,1756706500,1764428700
61,701,241733543142000,2119600,1791411800,1799134000
61,717,241733577502600,2122800,1825772400,1833494600
61,733,241733611656300,2087300,1859926100,1867648300
61,749,241733645359800,2091900,1893629600,1901351800
61,765,241733679138200,2092800,1927408000,1935130200
61,781,241733718170700,2218300,1966440500,1974162700
61,797,241733773339500,2197100,2021609300,2029331500
61,813,241733808299500,2135700,2056569300,2064291500
61,829,241733842567900,2129700,2090837700,2098559900
61,845,241733876668000,2132100,2124937800,2132660000
61,861,241733912831000,2259000,2161100800,2168823000
61,877,241733947667300,2206000,2195937100,2203659300
61,893,241733983386500,2182400,2231656300,2239378500
61,909,241734018899200,2100800,2267169000,2274891200
61,925,241734052548700,21434100,2300818500,2308540700
61,941,241734107391300,2362100,2355661100,2363383300
61,957,241734141985100,2075100,2390254900,2397977100
61,973,241734176073600,2107800,2424343400,2432065600
61,989,241734210848600,2170600,2459118400,2466840600
61,1005,241734245439900,2146400,2493709700,2501431900
61,1021,241734279344300,2155800,2527614100,2535336300
61,1037,241734313255900,2275400,2561525700,2569247900
61,1053,241734348719100,2098200,2596988900,2604711100
61,1069,241734390278900,2427500,2638548700,2646270900
61,1085,241734426170300,2153900,2674440100,2682162300
61,1101,241734462811900,2228900,2711081700,2718803900
61,1117,241734497950500,2180200,2746220300,2753942500
61,1133,241734532650200,2107300,2780920000,2788642200
61,1149,241734568269800,2299000,2816539600,2824261800
61,1165,241734603648100,2325300,2851917900,2859640100
61,1181,241734639884700,2301400,2888154500,2895876700
61,1197,241734680089600,2131600,2928359400,2936081600
61,1213,241734714814300,2154100,2963084100,2970806300
61,1229,241734750463000,2444500,2998732800,3006455000
61,1245,241734796756800,2970300,3045026600,3052748800
61,1261,241734847070500,2955400,3095340300,3103062500
61,1277,241734893156200,3002700,3141426000,3149148200
61,1293,241734940017400,2708900,3188287200,3196009400
61,1309,241734984877400,2557600,3233147200,3240869400
61,1325,241735027763400,8520800,3276033200,3283755400
61,1341,241735077743200,2703200,3326013000,3333735200
61,1357,241735123356600,2987600,3371626400,3379348600
61,1373,241735170733900,2750700,3419003700,3426725900
61,1389,241735214718500,2692200,3462988300,3470710500
61,1405,241735261338800,2982700,3509608600,3517330800
61,1421,241735313330500,3248600,3561600300,3569322500
61,1437,241735359772600,2692800,3608042400,3615764600
61,1453,241735405546700,2933600,3653816500,3661538700
61,1469,241735458680600,2958000,3706950400,3714672600
61,1485,241735505687100,2906700,3753956900,3761679100
61,1501,241735555004300,3015200,3803274100,3810996300
61,1517,241735609168700,3493600,3857438500,3865160700
61,1533,241735661679400,3154000,3909949200,3917671400
61,1549,241735710729800,3285000,3958999600,3966721800
61,1565,241735760514700,2704900,4008784500,4016506700
61,1581,241735806300700,3058600,4054570500,4062292700
61,1597,241735859859100,2893200,4108128900,4115851100
61,1613,241735902477900,2639300,4150747700,4158469900
61,1629,241735945321800,6789600,4193591600,4201313800
61,1645,241735995126400,2932000,4243396200,4251118400
61,1661,241736042843500,2605800,4291113300,4298835500
61,1677,241736087933100,2991200,4336202900,4343925100
61,1693,241736133834600,2633600,4382104400,4389826600
61,1709,241736176692400,3483100,4424962200,4432684400
61,1725,241736228519600,3122700,4476789400,4484511600
61,1741,241736277189700,2915500,4525459500,4533181700
61,1757,241736325555100,3314800,4573824900,4581547100
61,1773,241736373564300,2695800,4621834100,4629556300
61,1789,241736419045100,3375100,4667314900,4675037100
61,1805,241736469408900,3101700,4717678700,4725400900
61,1821,241736520569300,3346200,4768839100,4776561300
61,1837,241736574584100,3343200,4822853900,4830576100
61,1853,241736628991200,3345100,4877261000,4884983200
61,1869,241736690558400,2730400,4938828200,4946550400
61,1885,241736734243900,2601200,4982513700,4990235900
61,1901,241736778857700,2997100,5027127500,5034849700
61,1917,241736827080900,3029600,5075350700,5083072900
61,1933,241736874303500,2722100,5122573300,5130295500
61,1949,241736919547200,2873100,5167817000,5175539200
61,1965,241736963739700,2800300,5212009500,5219731700
61,1981,241737008413200,3038300,5256683000,5264405200
61,1997,241737060630700,2759700,5308900500,5316622700
61,2013,241737106465900,2747200,5354735700,5362457900
61,2029,241737153008600,2864700,5401278400,5409000600
61,2045,241737200939600,3635100,5449209400,5456931600
62,14,241731938227600,2240000,186497400,194219600
62,30,241731975057500,2246500,223327300,231049500
62,46,241732010603100,2221600,258872900,266595100
62,62,241732045715000,2202900,293984800,301707000
62,78,241732080830400,2215200,329100200,336822400
62,94,241732115441000,2124000,363710800,371433000
62,110,241732150326900,2338400,398596700,406318900
62,126,241732187077500,20857600,435347300,443069500
62,142,241732241873000,2103000,490142800,497865000
62,158,241732278593300,2414100,526863100,534585300
62,174,241732314549400,2295600,562819200,570541400
62,190,241732351929100,2252200,600198900,607921100
62,206,241732387163900,2143600,635433700,643155900
62,222,241732421588300,2127500,669858100,677580300
62,238,241732456487700,2134400,704757500,712479700
62,254,241732491775200,2104800,740045000,747767200
62,270,241732545366300,2234000,793636100,801358300
62,286,241732579950200,2115600,828220000,835942200
62,302,241732615742400,5493900,864012200,871734400
62,318,241732655530500,2312700,903800300,911522500
62,334,241732690838000,2270800,939107800,946830000
62,350,241732726398800,2125300,974668600,982390800
62,366,241732762554000,2232100,1010823800,1018546000
62,382,241732798099500,2197200,1046369300,1054091500
62,398,241732854398900,2032700,1102668700,1110390900
62,414,241732890066200,2244500,1138336000,1146058200
62,430,241732924142900,2074800,1172412700,1180134900
62,446,241732958693000,2090300,1206962800,1214685000
62,462,241732993572500,2193700,1241842300,1249564500
62,478,241733028444400,2140300,1276714200,1284436400
62,494,241733063395300,2233400,1311665100,1319387300
62,510,241733097186000,2286900,1345455800,1353178000
62,526,241733149487700,2176700,1397757500,1405479700
62,542,241733184169400,2166900,1432439200,1440161400
62,558,241733218543900,2091700,1466813700,1474535900
62,574,241733252126100,2084600,1500395900,1508118100
62,590,241733286609900,2238000,1534879700,1542601900
62,606,241733321044600,2083800,1569314400,1577036600
62,622,241733355167200,2165500,1603437000,1611159200
62,638,241733389021000,2110300,1637290800,1645013000
62,654,241733422629000,2109400,1670898800,1678621000
62,670,241733475364900,2098700,1723634700,1731356900
62,686,241733510128200,2102800,1758398000,1766120200
62,702,241733544967400,2104600,1793237200,1800959400
62,718,241733579291100,2095900,1827560900,1835283100
62,734,241733613413000,2108100,1861682800,1869405000
62,750,241733647099100,2120300,1895368900,1903091100
62,766,241733680868500,2096500,1929138300,1936860500
62,782,241733720184200,2185800,1968454000,1976176200
62,798,241733775343900,2197900,2023613700,2031335900
62,814,241733810405200,2129200,2058675000,2066397200
62,830,241733844668900,2140900,2092938700,2100660900
62,846,241733878773100,2098300,2127042900,2134765100
62,862,241733915006000,2231000,2163275800,2170998000
62,878,241733949783800,2360500,2198053600,2205775800
62,894,241733985486000,2388400,2233755800,2241478000
62,910,241734020941900,2102600,2269211700,2276933900
62,926,241734073914800,2362900,2322184600,2329906800
62,942,241734109598200,2221900,2357868000,2365590200
62,958,241734143909500,2140600,2392179300,2399901500
62,974,241734177918300,2124700,2426188100,2433910300
62,990,241734212643800,2175900,2460913600,2468635800
62,1006,241734247203700,2139000,2495473500,2503195700
62,1022,241734281145600,2135600,2529415400,2537137600
62,1038,241734315595300,2280500,2563865100,2571587300
62,1054,241734351015800,2250500,2599285600,2607007800
62,1070,241734392768700,2302400,2641038500,2648760700
62,1086,241734428479500,2142100,2676749300,2684471500
62,1102,241734465138400,2211900,2713408200,2721130400
62,1118,241734500329800,2106800,2748599600,2756321800
62,1134,241734534939900,2131400,2783209700,2790931900
62,1150,241734570817800,2243900,2819087600,2826809800
62,1166,241734606189400,2194500,2854459200,2862181400
62,1182,241734642398800,2164800,2890668600,2898390800
62,1198,241734682400100,2147700,2930669900,2938392100
62,1214,241734717148400,2216300,2965418200,2973140400
62,1230,241734752954700,3065300,3001224500,3008946700
62,1246,241734799768600,2954400,3048038400,3055760600
62,1262,241734850078000,2757400,3098347800,3106070000
62,1278,241734896190400,3459300,3144460200,3152182400
62,1294,241734942800400,2856600,3191070200,3198792400
62,1310,241734987505300,2585700,3235775100,3243497300
62,1326,241735036328200,2864000,3284598000,3292320200
62,1342,241735080493300,2751700,3328763100,3336485300
62,1358,241735126300500,3060100,3374570300,3382292500
62,1374,241735173447700,2755400,3421717500,3429439700
62,1390,241735217369800,2712500,3465639600,3473361800
62,1406,241735264283700,2929500,3512553500,3520275700
62,1422,241735316542400,3113700,3564812200,3572534400
62,1438,241735362427600,2827200,3610697400,3618419600
62,1454,241735408522100,2945800,3656791900,3664514100
62,1470,241735461716000,2925100,3709985800,3717708000
62,1486,241735508689900,2916000,3756959700,3764681900
62,1502,241735557962900,3210200,3806232700,3813954900
62,1518,241735612566300,3479400,3860836100,3868558300
62,1534,241735664797100,2702100,3913066900,3920789100
62,1550,241735713964600,3128400,3962234400,3969956600
62,1566,241735763185000,2893800,4011454800,4019177000
62,1582,241735809316100,3124800,4057585900,4065308100
62,1598,241735862709500,2709400,4110979300,4118701500
62,1614,241735905078000,2647200,4153347800,4161070000
62,1630,241735952082000,2990700,4200351800,4208074000
62,1646,241735998015600,3123100,4246285400,4254007600
62,1662,241736044316900,2867800,4292586700,4300308900
62,1678,241736089708800,2979700,4337978600,4345700800
62,1694,241736135421600,2626300,4383691400,4391413600
62,1710,241736179060600,2974200,4427330400,4435052600
62,1726,241736230560200,3119400,4478830000,4486552200
62,1742,241736279170700,2614000,4527440500,4535162700
62,1758,241736327629000,3351300,4575898800,4583621000
62,1774,241736375192400,2873600,4623462200,4631184400
62,1790,241736421425300,3354700,4669695100,4677417300
62,1806,241736471668400,3110900,4719938200,4727660400
62,1822,241736522863100,3264200,4771132900,4778855100
62,1838,241736576937800,3459200,4825207600,4832929800
62,1854,241736631508900,3468700,4879778700,4887500900
62,1870,241736692662200,2515900,4940932000,4948654200
62,1886,241736736134900,2573000,4984404700,4992126900
62,1902,241736781133300,3035600,5029403100,5037125300
62,1918,241736829397600,3033000,5077667400,5085389600
62,1934,241736876308700,2719000,5124578500,5132300700
62,1950,241736921619100,2858900,5169888900,5177611100
62,1966,241736965434900,2766400,5213704700,5221426900
62,1982,241737010176500,2994400,5258446300,5266168500
62,1998,241737062238800,2748600,5310508600,5318230800
62,2014,241737108061500,2736700,5356331300,5364053500
62,2030,241737154653200,2915100,5402923000,5410645200
62,2046,241737203064200,3686400,5451334000,5459056200
63,15,241731940607900,2236200,188877700,196599900
63,31,241731977450300,2373400,225720100,233442300
63,47,241732012959200,2157500,261229000,268951200
63,63,241732048140700,2216600,296410500,304132700
63,79,241732083244100,2143100,331513900,339236100
63,95,241732117759600,2309600,366029400,373751600
63,111,241732152875900,2164100,401145700,408867900
63,127,241732208525400,2426700,456795200,464517400
63,143,241732244256400,2091400,492526200,500248400
63,159,241732281094400,2144400,529364200,537086400
63,175,241732317068300,2473500,565338100,573060300
63,191,241732354218800,2153100,602488600,610210800
63,207,241732389108500,2135800,637378300,645100500
63,223,241732423541200,2153800,671811000,679533200
63,239,241732458441800,2209400,706711600,714433800
63,255,241732493736600,2264700,742006400,749728600
63,271,241732547571600,2159000,795841400,803563600
63,287,241732582124900,2132300,830394700,838116900
63,303,241732620845400,4002800,869115200,876837400
63,319,241732657582000,2137500,905851800,913574000
63,335,241732692906500,2152000,941176300,948898500
63,351,241732728294000,2133600,976563800,984286000
63,367,241732764328200,2180800,1012598000,1020320200
63,383,241732799821000,2176000,1048090800,1055813000
63,399,241732856053300,2182900,1104323100,1112045300
63,415,241732891964100,2098700,1140233900,1147956100
63,431,241732925860300,2094500,1174130100,1181852300
63,447,241732960481800,2260500,1208751600,1216473800
63,463,241732995452400,2210000,1243722200,1251444400
63,479,241733030240500,2129600,1278510300,1286232500
63,495,241733065958400,2214300,1314228200,1321950400
63,511,241733099781500,2063700,1348051300,1355773500
63,527,241733151942700,2239700,1400212500,1407934700
63,543,241733186939100,2242900,1435208900,1442931100
63,559,241733221240100,2070900,1469509900,1477232100
63,575,241733254796200,2257300,1503066000,1510788200
63,591,241733289430000,2109300,1537699800,1545422000
63,607,241733323737900,2087000,1572007700,1579729900
63,623,241733357939500,2127800,1606209300,1613931500
63,639,241733391763700,2057800,1640033500,1647755700
63,655,241733425381600,2109500,1673651400,1681373600
63,671,241733478211500,2161100,1726481300,1734203500
63,687,241733512949500,2147700,1761219300,1768941500
63,703,241733547655000,2121200,1795924800,1803647000
63,719,241733581998400,2087100,1830268200,1837990400
63,735,241733616182500,2112200,1864452300,1872174500
63,751,241733649865400,2095800,1898135200,1905857400
63,767,241733683594100,2106500,1931863900,1939586100
63,783,241733722876400,2173400,1971146200,1978868400
63,799,241733778021600,2251400,2026291400,2034013600
63,815,241733812977700,2417700,2061247500,2068969700
63,831,241733847446600,2113000,2095716400,2103438600
63,847,241733881487800,2131600,2129757600,2137479800
63,863,241733918015800,2201200,2166285600,2174007800
63,879,241733952931100,2319200,2201200900,2208923100
63,895,241733988722600,2300900,2236992400,2244714600
63,911,241734023918200,2077700,2272188000,2279910200
63,927,241734077215700,2124600,2325485500,2333207700
63,943,241734113102200,2331300,2361372000,2369094200
63,959,241734147245700,2114000,2395515500,2403237700
63,975,241734181294600,2092300,2429564400,2437286600
63,991,241734216370100,2210300,2464639900,2472362100
63,1007,241734250830900,2099500,2499100700,2506822900
63,1023,241734284714600,2098400,2532984400,2540706600
63,1039,241734319370800,2288700,2567640600,2575362800
63,1055,241734354478400,2115800,2602748200,2610470400
63,1071,241734396318100,2210200,2644587900,2652310100
63,1087,241734431861400,2456400,2680131200,2687853400
63,1103,241734468678000,2077400,2716947800,2724670000
63,1119,241734503596300,2118700,2751866100,2759588300
63,1135,241734538234300,2134500,2786504100,2794226300
63,1151,241734574312400,2247000,2822582200,2830304400
63,1167,241734609503600,2315000,2857773400,2865495600
63,1183,241734645631900,2177200,2893901700,2901623900
63,1199,241734685593700,2091900,2933863500,2941585700
63,1215,241734720434600,2213300,2968704400,2976426600
63,1231,241734757460700,2861500,3005730500,3013452700
63,1247,241734804096500,2944000,3052366300,3060088500
63,1263,241734854146900,2726800,3102416700,3110138900
63,1279,241734901856600,3157200,3150126400,3157848600
63,1295,241734946845100,2778600,3195114900,3202837100
63,1311,241734991209300,2688600,3239479100,3247201300
63,1327,241735040463900,2780100,3288733700,3296455900
63,1343,241735084432400,2890500,3332702200,3340424400
63,1359,241735130623500,2848000,3378893300,3386615500
63,1375,241735177383300,2702400,3425653100,3433375300
63,1391,241735221238500,2696700,3469508300,3477230500
63,1407,241735268522900,2970500,3516792700,3524514900
63,1423,241735321289900,2924300,3569559700,3577281900
63,1439,241735366511300,2799000,3614781100,3622503300
63,1455,241735412652200,3074400,3660922000,3668644200
63,1471,241735465887900,2954200,3714157700,3721879900
63,1487,241735512812300,2892500,3761082100,3768804300
63,1503,241735563104000,3479400,3811373800,3819096000
63,1519,241735617648300,3448400,3865918100,3873640300
63,1535,241735668647600,3154100,3916917400,3924639600
63,1551,241735718463300,3303200,3966733100,3974455300
63,1567,241735767462800,2729000,4015732600,4023454800
63,1583,241735813718600,3184000,4061988400,4069710600
63,1599,241735866692100,2631500,4114961900,4122684100
63,1615,241735909018900,2665600,4157288700,4165010900
63,1631,241735956588800,2958200,4204858600,4212580800
63,1647,241736002596500,2764800,4250866300,4258588500
63,1663,241736047563800,2992600,4295833600,4303555800
63,1679,241736093106400,3053900,4341376200,4349098400
63,1695,241736138409000,2613600,4386678800,4394401000
63,1711,241736182345000,2941700,4430614800,4438337000
63,1727,241736234016100,2996000,4482285900,4490008100
63,1743,241736282024700,2961600,4530294500,4538016700
63,1759,241736331274900,3271700,4579544700,4587266900
63,1775,241736378291500,2839100,4626561300,4634283500
63,1791,241736425563300,3431800,4673833100,4681555300
63,1807,241736475395400,2845800,4723665200,4731387400
63,1823,241736527115500,3381400,4775385300,4783107500
63,1839,241736581355500,3379700,4829625300,4837347500
63,1855,241736635992300,3406300,4884262100,4891984300
63,1871,241736695851000,2485100,4944120800,4951843000
63,1887,241736739311100,2621900,4987580900,4995303100
63,1903,241736784830400,2871900,5033100200,5040822400
63,1919,241736833293700,3028400,5081563500,5089285700
63,1935,241736879867700,2854300,5128137500,5135859700
63,1951,241736925395800,2895100,5173665600,5181387800
63,1967,241736969386400,2709300,5217656200,5225378400
63,1983,241737014537500,2976100,5262807300,5270529500
63,1999,241737066227900,2791000,5314497700,5322219900
63,2015,241737111983500,2831400,5360253300,5367975500
63,2031,241737158861700,2944400,5407131500,5414853700
63,2047,241737207778400,1477500,5456048200,5463770400
