client,iteration,guest_start_ns,duration_ns,start_elapsed_lower_ns,start_elapsed_upper_ns
0,0,241742873270600,16153900,44342800,46796500
0,16,241742933356300,2458500,104428500,106882200
0,32,241742971924900,2275000,142997100,145450800
0,48,241743010204500,2703600,181276700,183730400
0,64,241743048809200,2348700,219881400,222335100
0,80,241743087338600,2297300,258410800,260864500
0,96,241743123698100,2443100,294770300,297224000
0,112,241743170309100,2310000,341381300,343835000
0,128,241743206402900,2099300,377475100,379928800
0,144,241743240628400,2043200,411700600,414154300
0,160,241743276133400,2355000,447205600,449659300
0,176,241743310512600,2111400,481584800,484038500
0,192,241743347211700,2099300,518283900,520737600
0,208,241743382406800,2138500,553479000,555932700
0,224,241743417686600,2209900,588758800,591212500
0,240,241743459746900,2081000,630819100,633272800
0,256,241743493993800,2166000,665066000,667519700
0,272,241743529141000,2233000,700213200,702666900
0,288,241743563943400,2037700,735015600,737469300
0,304,241743599296800,2203500,770369000,772822700
0,320,241743634326600,2135500,805398800,807852500
0,336,241743669463600,2219000,840535800,842989500
0,352,241743705197800,2106900,876270000,878723700
0,368,241743748277800,2185400,919350000,921803700
0,384,241743784356800,2321800,955429000,957882700
0,400,241743821016500,2222500,992088700,994542400
0,416,241743857323100,2159100,1028395300,1030849000
0,432,241743892353000,2048400,1063425200,1065878900
0,448,241743926171400,2095300,1097243600,1099697300
0,464,241743962061400,2179000,1133133600,1135587300
0,480,241743997230900,2098200,1168303100,1170756800
0,496,241744038151400,2199600,1209223600,1211677300
0,512,241744072875500,2096600,1243947700,1246401400
0,528,241744106719000,2096400,1277791200,1280244900
0,544,241744140515600,2211300,1311587800,1314041500
0,560,241744175911400,2277400,1346983600,1349437300
0,576,241744210524700,2121900,1381596900,1384050600
0,592,241744244286500,2112400,1415358700,1417812400
0,608,241744282959000,2151500,1454031200,1456484900
0,624,241744324041500,2175800,1495113700,1497567400
0,640,241744359821900,2112400,1530894100,1533347800
0,656,241744393778100,2122300,1564850300,1567304000
0,672,241744427654800,2089500,1598727000,1601180700
0,688,241744461722200,2297000,1632794400,1635248100
0,704,241744496650600,2183700,1667722800,1670176500
0,720,241744530767500,2112700,1701839700,1704293400
0,736,241744565708600,2182000,1736780800,1739234500
0,752,241744606817700,2136100,1777889900,1780343600
0,768,241744641048800,2155500,1812121000,1814574700
0,784,241744677801100,2312100,1848873300,1851327000
0,800,241744713101000,2144800,1884173200,1886626900
0,816,241744747313800,2144700,1918386000,1920839700
0,832,241744781659700,2136500,1952731900,1955185600
0,848,241744815890300,2465200,1986962500,1989416200
0,864,241744859914100,2267700,2030986300,2033440000
0,880,241744896169600,2178600,2067241800,2069695500
0,896,241744931253700,2166000,2102325900,2104779600
0,912,241744965373200,2131400,2136445400,2138899100
0,928,241745000546700,2101200,2171618900,2174072600
0,944,241745034507400,2139800,2205579600,2208033300
0,960,241745070641400,2329700,2241713600,2244167300
0,976,241745107523300,2120300,2278595500,2281049200
0,992,241745149865600,2131900,2320937800,2323391500
0,1008,241745183892000,2127100,2354964200,2357417900
0,1024,241745218360400,2264700,2389432600,2391886300
0,1040,241745253334000,2129200,2424406200,2426859900
0,1056,241745288471900,2149500,2459544100,2461997800
0,1072,241745323130800,2196000,2494203000,2496656700
0,1088,241745358612600,2150900,2529684800,2532138500
0,1104,241745397865700,2119000,2568937900,2571391600
0,1120,241745432076800,2161600,2603149000,2605602700
0,1136,241745466371800,2109900,2637444000,2639897700
0,1152,241745502300800,2182100,2673373000,2675826700
0,1168,241745536840500,2427200,2707912700,2710366400
0,1184,241745573684900,2178100,2744757100,2747210800
0,1200,241745608574000,2200300,2779646200,2782099900
0,1216,241745642865600,2151300,2813937800,2816391500
0,1232,241745682259100,2127800,2853331300,2855785000
0,1248,241745716520300,2114800,2887592500,2890046200
0,1264,241745750513900,2125300,2921586100,2924039800
0,1280,241745785856800,2219000,2956929000,2959382700
0,1296,241745820520400,2198500,2991592600,2994046300
0,1312,241745862070100,2800100,3033142300,3035596000
0,1328,241745907845100,2866400,3078917300,3081371000
0,1344,241745959709800,2913100,3130782000,3133235700
0,1360,241746006989100,2869600,3178061300,3180515000
0,1376,241746049875600,2610100,3220947800,3223401500
0,1392,241746097852300,2665300,3268924500,3271378200
0,1408,241746141737100,3036900,3312809300,3315263000
0,1424,241746188817300,2958200,3359889500,3362343200
0,1440,241746238612600,2806400,3409684800,3412138500
0,1456,241746283195700,2730200,3454267900,3456721600
0,1472,241746335152200,2960500,3506224400,3508678100
0,1488,241746382098800,2888900,3553171000,3555624700
0,1504,241746427454100,2629500,3598526300,3600980000
0,1520,241746471392600,2684000,3642464800,3644918500
0,1536,241746515155500,2848100,3686227700,3688681400
0,1552,241746559670500,2886300,3730742700,3733196400
0,1568,241746605130500,3025400,3776202700,3778656400
0,1584,241746655144100,2927600,3826216300,3828670000
0,1600,241746700768500,2821000,3871840700,3874294400
0,1616,241746743803400,2634500,3914875600,3917329300
0,1632,241746788591100,3031800,3959663300,3962117000
0,1648,241746832398000,2992600,4003470200,4005923900
0,1664,241746878992700,3050100,4050064900,4052518600
0,1680,241746923110200,2825500,4094182400,4096636100
0,1696,241746967071900,2779700,4138144100,4140597800
0,1712,241747020189000,2756200,4191261200,4193714900
0,1728,241747063801900,3097400,4234874100,4237327800
0,1744,241747109941700,2821600,4281013900,4283467600
0,1760,241747155645800,2839900,4326718000,4329171700
0,1776,241747202940100,2965000,4374012300,4376466000
0,1792,241747249969800,2913800,4421042000,4423495700
0,1808,241747296137200,2925700,4467209400,4469663100
0,1824,241747345950700,2727800,4517022900,4519476600
0,1840,241747389591200,2945700,4560663400,4563117100
0,1856,241747435902100,2905000,4606974300,4609428000
0,1872,241747481443400,2671200,4652515600,4654969300
0,1888,241747524133600,2656700,4695205800,4697659500
0,1904,241747568512200,2729000,4739584400,4742038100
0,1920,241747613991800,2737500,4785064000,4787517700
0,1936,241747659799800,2928100,4830872000,4833325700
0,1952,241747712570400,2995400,4883642600,4886096300
0,1968,241747758878000,3077100,4929950200,4932403900
0,1984,241747802341700,2584400,4973413900,4975867600
0,2000,241747849594500,2943200,5020666700,5023120400
0,2016,241747895363800,2962000,5066436000,5068889700
0,2032,241747944061400,3236500,5115133600,5117587300
1,1,241742889501600,2776100,60573800,63027500
1,17,241742935995900,2424500,107068100,109521800
1,33,241742974415800,2313000,145488000,147941700
1,49,241743013101500,2297000,184173700,186627400
1,65,241743051304500,2392600,222376700,224830400
1,81,241743089777800,2355400,260850000,263303700
1,97,241743126294000,2244500,297366200,299819900
1,113,241743172695500,2398400,343767700,346221400
1,129,241743208570600,2405500,379642800,382096500
1,145,241743242715100,2058200,413787300,416241000
1,161,241743278534700,2204000,449606900,452060600
1,177,241743312697200,2070800,483769400,486223100
1,193,241743349355100,2168800,520427300,522881000
1,209,241743384476700,2171100,555548900,558002600
1,225,241743420040600,2888200,591112800,593566500
1,241,241743462120700,2063300,633192900,635646600
1,257,241743496499100,2147500,667571300,670025000
1,273,241743531602300,2225600,702674500,705128200
1,289,241743566255000,2100300,737327200,739780900
1,305,241743601857800,2181300,772930000,775383700
1,321,241743636847900,2217800,807920100,810373800
1,337,241743671912100,2115800,842984300,845438000
1,353,241743707447100,2123400,878519300,880973000
1,369,241743750594900,2317500,921667100,924120800
1,385,241743786714000,2238300,957786200,960239900
1,401,241743823274100,2209500,994346300,996800000
1,417,241743859577600,2294100,1030649800,1033103500
1,433,241743894495300,2118100,1065567500,1068021200
1,449,241743928359500,2150100,1099431700,1101885400
1,465,241743964332100,2288200,1135404300,1137858000
1,481,241743999419900,2102700,1170492100,1172945800
1,497,241744040414700,2199800,1211486900,1213940600
1,513,241744074863900,2093000,1245936100,1248389800
1,529,241744108735700,2186400,1279807900,1282261600
1,545,241744142671500,2284100,1313743700,1316197400
1,561,241744178129300,2337600,1349201500,1351655200
1,577,241744212568600,2097900,1383640800,1386094500
1,593,241744246315100,2106400,1417387300,1419841000
1,609,241744285027300,2151000,1456099500,1458553200
1,625,241744326131900,2188500,1497204100,1499657800
1,641,241744361851400,2098300,1532923600,1535377300
1,657,241744395812700,2143200,1566884900,1569338600
1,673,241744429634100,2274700,1600706300,1603160000
1,689,241744463903600,2152400,1634975800,1637429500
1,705,241744498775800,2180400,1669848000,1672301700
1,721,241744532822300,2134300,1703894500,1706348200
1,737,241744567801400,2134900,1738873600,1741327300
1,753,241744608843800,2106400,1779916000,1782369700
1,769,241744643010800,2151900,1814083000,1816536700
1,785,241744679953200,2193400,1851025400,1853479100
1,801,241744715018300,2116300,1886090500,1888544200
1,817,241744749261600,2131000,1920333800,1922787500
1,833,241744783588900,2147900,1954661100,1957114800
1,849,241744818128500,2407400,1989200700,1991654400
1,865,241744862003100,2213100,2033075300,2035529000
1,881,241744897966100,2221800,2069038300,2071492000
1,897,241744933010000,2135200,2104082200,2106535900
1,913,241744967122800,2285400,2138195000,2140648700
1,929,241745002236300,2079700,2173308500,2175762200
1,945,241745036222100,2147500,2207294300,2209748000
1,961,241745072303100,2266900,2243375300,2245829000
1,977,241745109057200,2133400,2280129400,2282583100
1,993,241745151379600,2154400,2322451800,2324905500
1,1009,241745185413600,2119100,2356485800,2358939500
1,1025,241745219984200,2232600,2391056400,2393510100
1,1041,241745254941300,2166200,2426013500,2428467200
1,1057,241745290096100,2147600,2461168300,2463622000
1,1073,241745324791200,2224100,2495863400,2498317100
1,1089,241745360193100,2157900,2531265300,2533719000
1,1105,241745399441700,2076800,2570513900,2572967600
1,1121,241745433546400,2365700,2604618600,2607072300
1,1137,241745467973700,2230800,2639045900,2641499600
1,1153,241745504896800,2277200,2675969000,2678422700
1,1169,241745539670100,2256400,2710742300,2713196000
1,1185,241745576165100,2219200,2747237300,2749691000
1,1201,241745611122100,2165000,2782194300,2784648000
1,1217,241745645335900,2149000,2816408100,2818861800
1,1233,241745684700500,2127600,2855772700,2858226400
1,1249,241745718910400,2110700,2889982600,2892436300
1,1265,241745752953200,2140300,2924025400,2926479100
1,1281,241745788375500,2208400,2959447700,2961901400
1,1297,241745822984900,2152500,2994057100,2996510800
1,1313,241745865226500,2819900,3036298700,3038752400
1,1329,241745910991700,2823900,3082063900,3084517600
1,1345,241745963002500,3146600,3134074700,3136528400
1,1361,241746010235900,2782400,3181308100,3183761800
1,1377,241746052804300,2642500,3223876500,3226330200
1,1393,241746100827600,2766800,3271899800,3274353500
1,1409,241746145153800,3036200,3316226000,3318679700
1,1425,241746192098100,2964600,3363170300,3365624000
1,1441,241746241729900,2718500,3412802100,3415255800
1,1457,241746286230600,2719300,3457302800,3459756500
1,1473,241746338435400,2941600,3509507600,3511961300
1,1489,241746385315400,2976200,3556387600,3558841300
1,1505,241746430366800,2645600,3601439000,3603892700
1,1521,241746474550500,2694500,3645622700,3648076400
1,1537,241746518448300,2765500,3689520500,3691974200
1,1553,241746562940100,2754700,3734012300,3736466000
1,1569,241746608586400,3243900,3779658600,3782112300
1,1585,241746658575700,3009000,3829647900,3832101600
1,1601,241746704065000,2851000,3875137200,3877590900
1,1617,241746746876100,2614500,3917948300,3920402000
1,1633,241746792224700,2734800,3963296900,3965750600
1,1649,241746835867600,2974900,4006939800,4009393500
1,1665,241746882545400,2712500,4053617600,4056071300
1,1681,241746926408600,2726300,4097480800,4099934500
1,1697,241746970283500,8582100,4141355700,4143809400
1,1713,241747021952100,2738600,4193024300,4195478000
1,1729,241747065780100,2993200,4236852300,4239306000
1,1745,241747111762600,2812700,4282834800,4285288500
1,1761,241747157452400,2802000,4328524600,4330978300
1,1777,241747204806900,2946500,4375879100,4378332800
1,1793,241747251789200,2909700,4422861400,4425315100
1,1809,241747297970200,2891700,4469042400,4471496100
1,1825,241747347650300,2669200,4518722500,4521176200
1,1841,241747391382800,2943300,4562455000,4564908700
1,1857,241747437711500,2910800,4608783700,4611237400
1,1873,241747483100900,2633500,4654173100,4656626800
1,1889,241747525860300,2628200,4696932500,4699386200
1,1905,241747570495600,2717400,4741567800,4744021500
1,1921,241747615962500,2742500,4787034700,4789488400
1,1937,241747661920100,7750100,4832992300,4835446000
1,1953,241747714673100,3037100,4885745300,4888199000
1,1969,241747761024000,2841900,4932096200,4934549900
1,1985,241747804137000,2937000,4975209200,4977662900
1,2001,241747851523900,2799500,5022596100,5025049800
1,2017,241747897223300,2988500,5068295500,5070749200
1,2033,241747946184800,3479500,5117257000,5119710700
2,2,241742892366600,2543700,63438800,65892500
2,18,241742938360400,2575800,109432600,111886300
2,34,241742976602100,2306600,147674300,150128000
2,50,241743015435100,2982100,186507300,188961000
2,66,241743053812000,2881800,224884200,227337900
2,82,241743092228700,2214500,263300900,265754600
2,98,241743128604100,2415200,299676300,302130000
2,114,241743175220900,2217400,346293100,348746800
2,130,241743211102000,2132600,382174200,384627900
2,146,241743244916000,2284900,415988200,418441900
2,162,241743280829400,2087500,451901600,454355300
2,178,241743314831200,2510400,485903400,488357100
2,194,241743351591000,2217800,522663200,525116900
2,210,241743386691500,2323900,557763700,560217400
2,226,241743422505200,2305600,593577400,596031100
2,242,241743463972700,2096600,635044900,637498600
2,258,241743498377200,2103500,669449400,671903100
2,274,241743533505400,2209900,704577600,707031300
2,290,241743567965300,2154600,739037500,741491200
2,306,241743603518600,2221500,774590800,777044500
2,322,241743638405300,2217500,809477500,811931200
2,338,241743673502100,2192300,844574300,847028000
2,354,241743709102300,2135400,880174500,882628200
2,370,241743752437600,2178400,923509800,925963500
2,386,241743788465400,2278400,959537600,961991300
2,402,241743825040800,2284900,996113000,998566700
2,418,241743861398700,2337400,1032470900,1034924600
2,434,241743896221300,2099500,1067293500,1069747200
2,450,241743930096800,2126400,1101169000,1103622700
2,466,241743966149900,2338500,1137222100,1139675800
2,482,241744001096800,2102900,1172169000,1174622700
2,498,241744042119500,2209200,1213191700,1215645400
2,514,241744076537800,2114900,1247610000,1250063700
2,530,241744110372600,2116700,1281444800,1283898500
2,546,241744144362000,2251800,1315434200,1317887900
2,562,241744179833700,2195000,1350905900,1353359600
2,578,241744214069300,2081200,1385141500,1387595200
2,594,241744247801000,2676600,1418873200,1421326900
2,610,241744286411900,2127900,1457484100,1459937800
2,626,241744327542100,2148600,1498614300,1501068000
2,642,241744363143500,2105500,1534215700,1536669400
2,658,241744397141200,2173600,1568213400,1570667100
2,674,241744431140100,2012100,1602212300,1604666000
2,690,241744465108600,2126500,1636180800,1638634500
2,706,241744500118000,2153000,1671190200,1673643900
2,722,241744534098300,2131900,1705170500,1707624200
2,738,241744569195600,2085900,1740267800,1742721500
2,754,241744610186300,2090400,1781258500,1783712200
2,770,241744644345500,2148800,1815417700,1817871400
2,786,241744681258000,2231400,1852330200,1854783900
2,802,241744716309000,2132100,1887381200,1889834900
2,818,241744750554700,2116200,1921626900,1924080600
2,834,241744784907400,2125400,1955979600,1958433300
2,850,241744819535900,2434600,1990608100,1993061800
2,866,241744863282900,2163200,2034355100,2036808800
2,882,241744899102500,2195400,2070174700,2072628400
2,898,241744934154900,2117200,2105227100,2107680800
2,914,241744968273200,2246300,2139345400,2141799100
2,930,241745003155800,2086500,2174228000,2176681700
2,946,241745037085700,2143400,2208157900,2210611600
2,962,241745073224800,2246000,2244297000,2246750700
2,978,241745109902600,2138100,2280974800,2283428500
2,994,241745152257800,2143800,2323330000,2325783700
2,1010,241745186273500,2127900,2357345700,2359799400
2,1026,241745220857100,2180900,2391929300,2394383000
2,1042,241745255725700,2215700,2426797900,2429251600
2,1058,241745290969500,2137700,2462041700,2464495400
2,1074,241745325646900,2285800,2496719100,2499172800
2,1090,241745361059900,2224100,2532132100,2534585800
2,1106,241745400260300,2114000,2571332500,2573786200
2,1122,241745434555700,2280800,2605627900,2608081600
2,1138,241745468857200,2360700,2639929400,2642383100
2,1154,241745504984400,2284700,2676056600,2678510300
2,1170,241745539833300,2266000,2710905500,2713359200
2,1186,241745576435100,2223600,2747507300,2749961000
2,1202,241745611270600,2164700,2782342800,2784796500
2,1218,241745645511400,2152300,2816583600,2819037300
2,1234,241745684843500,2127800,2855915700,2858369400
2,1250,241745719071900,2121600,2890144100,2892597800
2,1266,241745753092500,2168200,2924164700,2926618400
2,1282,241745788347500,2206000,2959419700,2961873400
2,1298,241745822928100,2146200,2994000300,2996454000
2,1314,241745865109600,2819200,3036181800,3038635500
2,1330,241745910915700,2821400,3081987900,3084441600
2,1346,241745962864400,3165000,3133936600,3136390300
2,1362,241746010114400,2789000,3181186600,3183640300
2,1378,241746052693000,2646300,3223765200,3226218900
2,1394,241746100729200,2739500,3271801400,3274255100
2,1410,241746145027800,3033700,3316100000,3318553700
2,1426,241746192016100,2963600,3363088300,3365542000
2,1442,241746241806600,2727600,3412878800,3415332500
2,1458,241746286318200,2703800,3457390400,3459844100
2,1474,241746338518100,2942600,3509590300,3512044000
2,1490,241746385397100,2980700,3556469300,3558923000
2,1506,241746430442700,2646000,3601514900,3603968600
2,1522,241746474624900,2696700,3645697100,3648150800
2,1538,241746518673500,2770700,3689745700,3692199400
2,1554,241746563171700,2757900,3734243900,3736697600
2,1570,241746608843000,3246100,3779915200,3782368900
2,1586,241746658773600,3022500,3829845800,3832299500
2,1602,241746704262500,2859200,3875334700,3877788400
2,1618,241746747051700,2610500,3918123900,3920577600
2,1634,241746792359300,2774000,3963431500,3965885200
2,1650,241746836079800,2975800,4007152000,4009605700
2,1666,241746882657800,2712000,4053730000,4056183700
2,1682,241746926530100,2739700,4097602300,4100056000
2,1698,241746970453300,8556100,4141525500,4143979200
2,1714,241747021669400,2752800,4192741600,4195195300
2,1730,241747065303200,3168600,4236375400,4238829100
2,1746,241747111483800,2824300,4282556000,4285009700
2,1762,241747157174900,2771200,4328247100,4330700800
2,1778,241747204510000,2946900,4375582200,4378035900
2,1794,241747251612300,2903400,4422684500,4425138200
2,1810,241747297767500,2936300,4468839700,4471293400
2,1826,241747347548400,2651800,4518620600,4521074300
2,1842,241747391269600,2928500,4562341800,4564795500
2,1858,241747437593200,2918700,4608665400,4611119100
2,1874,241747482995100,2633400,4654067300,4656521000
2,1890,241747525748700,2638200,4696820900,4699274600
2,1906,241747570224200,2717600,4741296400,4743750100
2,1922,241747615705600,2735600,4786777800,4789231500
2,1938,241747661635200,7733400,4832707400,4835161100
2,1954,241747714421000,3029200,4885493200,4887946900
2,1970,241747760628700,2819300,4931700900,4934154600
2,1986,241747803762500,2858300,4974834700,4977288400
2,2002,241747851139300,2911000,5022211500,5024665200
2,2018,241747896816400,2985200,5067888600,5070342300
2,2034,241747942436200,3307500,5113508400,5115962100
3,3,241742894989500,2546000,66061700,68515400
3,19,241742941061700,2437500,112133900,114587600
3,35,241742979097200,2308500,150169400,152623100
3,51,241743018525500,2308000,189597700,192051400
3,67,241743056908700,2402500,227980900,230434600
3,83,241743094680900,2196900,265753100,268206800
3,99,241743131282700,2582300,302354900,304808600
3,115,241743177572500,2238700,348644700,351098400
3,131,241743213321500,2160700,384393700,386847400
3,147,241743247350400,2325500,418422600,420876300
3,163,241743283008300,2142200,454080500,456534200
3,179,241743317418400,2428400,488490600,490944300
3,195,241743353897100,2346100,524969300,527423000
3,211,241743389169700,2166700,560241900,562695600
3,227,241743424782700,2201700,595854900,598308600
3,243,241743465896000,2064900,636968200,639421900
3,259,241743500340100,2101500,671412300,673866000
3,275,241743535654900,2199100,706727100,709180800
3,291,241743570089800,2120000,741162000,743615700
3,307,241743605805800,2318900,776878000,779331700
3,323,241743640748300,2183500,811820500,814274200
3,339,241743675875900,2222200,846948100,849401800
3,355,241743711294900,2141700,882367100,884820800
3,371,241743754494200,2326300,925566400,928020100
3,387,241743790631600,2270000,961703800,964157500
3,403,241743827165100,2254400,998237300,1000691000
3,419,241743863892100,2143700,1034964300,1037418000
3,435,241743898436300,2119700,1069508500,1071962200
3,451,241743932330700,2265800,1103402900,1105856600
3,467,241743968595100,2176400,1139667300,1142121000
3,483,241744003320700,2151900,1174392900,1176846600
3,499,241744044423200,2176300,1215495400,1217949100
3,515,241744078743700,2100100,1249815900,1252269600
3,531,241744112580600,2079900,1283652800,1286106500
3,547,241744146647100,2174100,1317719300,1320173000
3,563,241744182062600,2145600,1353134800,1355588500
3,579,241744216317100,2069300,1387389300,1389843000
3,595,241744251017900,4594700,1422090100,1424543800
3,611,241744289045600,2134600,1460117800,1462571500
3,627,241744330098000,2145000,1501170200,1503623900
3,643,241744365633600,2154700,1536705800,1539159500
3,659,241744399684800,2112200,1570757000,1573210700
3,675,241744433614100,2027800,1604686300,1607140000
3,691,241744467737100,2135700,1638809300,1641263000
3,707,241744502584900,2112500,1673657100,1676110800
3,723,241744536598200,2118400,1707670400,1710124100
3,739,241744571693000,1986000,1742765200,1745218900
3,755,241744612505700,2113100,1783577900,1786031600
3,771,241744646669800,2145600,1817742000,1820195700
3,787,241744683793000,2353700,1854865200,1857318900
3,803,241744718711500,2109200,1889783700,1892237400
3,819,241744752943000,2193400,1924015200,1926468900
3,835,241744787297500,2117200,1958369700,1960823400
3,851,241744822384500,2223500,1993456700,1995910400
3,867,241744865860300,2150700,2036932500,2039386200
3,883,241744901678800,2234800,2072751000,2075204700
3,899,241744936654200,2135700,2107726400,2110180100
3,915,241744971055600,2186400,2142127800,2144581500
3,931,241745005775600,2114600,2176847800,2179301500
3,947,241745039834000,2162500,2210906200,2213359900
3,963,241745076115800,3529200,2247188000,2249641700
3,979,241745112626600,2131400,2283698800,2286152500
3,995,241745154991500,2147400,2326063700,2328517400
3,1011,241745188988000,2088400,2360060200,2362513900
3,1027,241745223666500,2179100,2394738700,2397192400
3,1043,241745258527300,2168300,2429599500,2432053200
3,1059,241745293623900,2120400,2464696100,2467149800
3,1075,241745328428100,2195600,2499500300,2501954000
3,1091,241745363795300,2124900,2534867500,2537321200
3,1107,241745402881200,2120500,2573953400,2576407100
3,1123,241745437344100,2088300,2608416300,2610870000
3,1139,241745471816400,2363300,2642888600,2645342300
3,1155,241745507907600,2151500,2678979800,2681433500
3,1171,241745542843500,2249300,2713915700,2716369400
3,1187,241745579420100,2105400,2750492300,2752946000
3,1203,241745614216000,2156700,2785288200,2787741900
3,1219,241745648416800,2145500,2819489000,2821942700
3,1235,241745687765800,2103900,2858838000,2861291700
3,1251,241745721984200,2121900,2893056400,2895510100
3,1267,241745756177300,2199500,2927249500,2929703200
3,1283,241745791406700,2094300,2962478900,2964932600
3,1299,241745825995400,2257300,2997067600,2999521300
3,1315,241745869251100,2781600,3040323300,3042777000
3,1331,241745915047200,2818900,3086119400,3088573100
3,1347,241745967566200,3067200,3138638400,3141092100
3,1363,241746014305100,2758700,3185377300,3187831000
3,1379,241746056806300,3195100,3227878500,3230332200
3,1395,241746105007300,2709200,3276079500,3278533200
3,1411,241746149739000,3022500,3320811200,3323264900
3,1427,241746196595100,2847700,3367667300,3370121000
3,1443,241746245921000,2883500,3416993200,3419446900
3,1459,241746290415900,7840800,3461488100,3463941800
3,1475,241746342959900,2917100,3514032100,3516485800
3,1491,241746389882200,2916600,3560954400,3563408100
3,1507,241746434427400,2708200,3605499600,3607953300
3,1523,241746478475600,2689000,3649547800,3652001500
3,1539,241746522608800,2766100,3693681000,3696134700
3,1555,241746567056100,2791700,3738128300,3740582000
3,1571,241746613371600,3039000,3784443800,3786897500
3,1587,241746663102400,2936700,3834174600,3836628300
3,1603,241746708413600,2630800,3879485800,3881939500
3,1619,241746750902900,2670100,3921975100,3924428800
3,1635,241746796309800,2585700,3967382000,3969835700
3,1651,241746840096100,2986800,4011168300,4013622000
3,1667,241746886318500,2648500,4057390700,4059844400
3,1683,241746930196700,2731000,4101268900,4103722600
3,1699,241746979927300,2731000,4150999500,4153453200
3,1715,241747029068300,2750000,4200140500,4202594200
3,1731,241747073147000,2725600,4244219200,4246672900
3,1747,241747119014300,2783700,4290086500,4292540200
3,1763,241747165181300,2974100,4336253500,4338707200
3,1779,241747212613600,2938700,4383685800,4386139500
3,1795,241747259114900,2931600,4430187100,4432640800
3,1811,241747305103800,2852700,4476176000,4478629700
3,1827,241747354681200,2732000,4525753400,4528207100
3,1843,241747398825800,2920000,4569898000,4572351700
3,1859,241747445013800,2875600,4616086000,4618539700
3,1875,241747489891600,2697400,4660963800,4663417500
3,1891,241747532729400,2647900,4703801600,4706255300
3,1907,241747577435900,2704600,4748508100,4750961800
3,1923,241747623104900,2864400,4794177100,4796630800
3,1939,241747674206600,2969600,4845278800,4847732500
3,1955,241747722373000,3013500,4893445200,4895898900
3,1971,241747768142300,2726100,4939214500,4941668200
3,1987,241747811774300,3088300,4982846500,4985300200
3,2003,241747858703300,2755400,5029775500,5032229200
3,2019,241747904677000,2872900,5075749200,5078202900
3,2035,241747954727100,3378400,5125799300,5128253000
4,4,241742897500400,2746300,68572600,71026300
4,20,241742943401600,2436900,114473800,116927500
4,36,241742981287300,2245500,152359500,154813200
4,52,241743020644000,2432400,191716200,194169900
4,68,241743058928600,2288900,230000800,232454500
4,84,241743096502400,2153300,267574600,270028300
4,100,241743133382100,2612900,304454300,306908000
4,116,241743179522000,2450100,350594200,353047900
4,132,241743215258300,2276200,386330500,388784200
4,148,241743249498000,2175400,420570200,423023900
4,164,241743284976500,2091200,456048700,458502400
4,180,241743319666200,2366500,490738400,493192100
4,196,241743356183900,2213600,527256100,529709800
4,212,241743391366800,2108200,562439000,564892700
4,228,241743427269600,2198800,598341800,600795500
4,244,241743468203900,2080800,639276100,641729800
4,260,241743502664300,2129900,673736500,676190200
4,276,241743537967100,2246100,709039300,711493000
4,292,241743572333800,2130600,743406000,745859700
4,308,241743608156300,2148300,779228500,781682200
4,324,241743642988800,2257700,814061000,816514700
4,340,241743678128100,2333100,849200300,851654000
4,356,241743713499000,2253900,884571200,887024900
4,372,241743756995600,2231500,928067800,930521500
4,388,241743793202400,2238800,964274600,966728300
4,404,241743829718100,2245300,1000790300,1003244000
4,420,241743865762300,2096200,1036834500,1039288200
4,436,241743900304100,2103800,1071376300,1073830000
4,452,241743934326600,2313700,1105398800,1107852500
4,468,241743970532600,2325400,1141604800,1144058500
4,484,241744005265200,2164100,1176337400,1178791100
4,500,241744046318800,2182600,1217391000,1219844700
4,516,241744080588900,2081600,1251661100,1254114800
4,532,241744114397600,2229800,1285469800,1287923500
4,548,241744148619400,2216900,1319691600,1322145300
4,564,241744184007100,2177500,1355079300,1357533000
4,580,241744218053800,2110700,1389126000,1391579700
4,596,241744253985800,3941300,1425058000,1427511700
4,612,241744290582300,2119300,1461654500,1464108200
4,628,241744331650900,2117100,1502723100,1505176800
4,644,241744367238500,2160100,1538310700,1540764400
4,660,241744401264400,2076000,1572336600,1574790300
4,676,241744435070100,2049300,1606142300,1608596000
4,692,241744469250200,2170000,1640322400,1642776100
4,708,241744504172400,2174900,1675244600,1677698300
4,724,241744538144500,2132800,1709216700,1711670400
4,740,241744573164400,2299400,1744236600,1746690300
4,756,241744614154500,2142800,1785226700,1787680400
4,772,241744648346400,2220900,1819418600,1821872300
4,788,241744685588400,2336500,1856660600,1859114300
4,804,241744720386500,2166100,1891458700,1893912400
4,820,241744754661900,2191500,1925734100,1928187800
4,836,241744788974400,2137300,1960046600,1962500300
4,852,241744824093200,2209400,1995165400,1997619100
4,868,241744867471100,2152700,2038543300,2040997000
4,884,241744903208800,2228400,2074281000,2076734700
4,900,241744937970800,2133700,2109043000,2111496700
4,916,241744972403400,2216000,2143475600,2145929300
4,932,241745007086200,2116900,2178158400,2180612100
4,948,241745041122100,2159900,2212194300,2214648000
4,964,241745078433500,3041200,2249505700,2251959400
4,980,241745113951900,2173200,2285024100,2287477800
4,996,241745156342800,2114200,2327415000,2329868700
4,1012,241745190307700,2102700,2361379900,2363833600
4,1028,241745225029700,2184000,2396101900,2398555600
4,1044,241745259772800,2201000,2430845000,2433298700
4,1060,241745294950400,2128700,2466022600,2468476300
4,1076,241745329835300,2255900,2500907500,2503361200
4,1092,241745365187200,2148100,2536259400,2538713100
4,1108,241745404276100,2136300,2575348300,2577802000
4,1124,241745438754200,2126700,2609826400,2612280100
4,1140,241745473481200,2264100,2644553400,2647007100
4,1156,241745509286900,2181000,2680359100,2682812800
4,1172,241745544231600,2229200,2715303800,2717757500
4,1188,241745580880900,2135200,2751953100,2754406800
4,1204,241745615735800,2174800,2786808000,2789261700
4,1220,241745649930500,6912000,2821002700,2823456400
4,1236,241745689238000,2158000,2860310200,2862763900
4,1252,241745723495500,2124700,2894567700,2897021400
4,1268,241745757900700,2099600,2928972900,2931426600
4,1284,241745792968400,2137200,2964040600,2966494300
4,1300,241745827871600,2309700,2998943800,3001397500
4,1316,241745871564600,2789500,3042636800,3045090500
4,1332,241745917417400,3214000,3088489600,3090943300
4,1348,241745970034200,3070500,3141106400,3143560100
4,1364,241746016553600,2750000,3187625800,3190079500
4,1380,241746059236700,3121300,3230308900,3232762600
4,1396,241746107092800,2700100,3278165000,3280618700
4,1412,241746152067000,3037300,3323139200,3325592900
4,1428,241746198691700,2552200,3369763900,3372217600
4,1444,241746248152100,2739200,3419224300,3421678000
4,1460,241746297566300,2989400,3468638500,3471092200
4,1476,241746345224800,2951300,3516297000,3518750700
4,1492,241746392142800,3311300,3563215000,3565668700
4,1508,241746436564200,2628300,3607636400,3610090100
4,1524,241746480563900,2636800,3651636100,3654089800
4,1540,241746524717700,2763600,3695789900,3698243600
4,1556,241746569211500,2786400,3740283700,3742737400
4,1572,241746615792600,3030200,3786864800,3789318500
4,1588,241746665416600,2931700,3836488800,3838942500
4,1604,241746710477700,2750500,3881549900,3884003600
4,1620,241746752981100,2871600,3924053300,3926507000
4,1636,241746798497800,2530800,3969570000,3972023700
4,1652,241746842872100,2806800,4013944300,4016398000
4,1668,241746888793100,2729600,4059865300,4062319000
4,1684,241746932780000,2716100,4103852200,4106305900
4,1700,241746982430100,2723500,4153502300,4155956000
4,1716,241747028564000,2738500,4199636200,4202089900
4,1732,241747072663300,2726800,4243735500,4246189200
4,1748,241747118554900,2783700,4289627100,4292080800
4,1764,241747164681400,2971600,4335753600,4338207300
4,1780,241747212127500,2930200,4383199700,4385653400
4,1796,241747258614300,2930500,4429686500,4432140200
4,1812,241747304678000,2785600,4475750200,4478203900
4,1828,241747354267500,2714300,4525339700,4527793400
4,1844,241747398370700,2916100,4569442900,4571896600
4,1860,241747444568300,2883000,4615640500,4618094200
4,1876,241747489501100,2676600,4660573300,4663027000
4,1892,241747532339300,2620700,4703411500,4705865200
4,1908,241747576986300,2696500,4748058500,4750512200
4,1924,241747622596700,2857500,4793668900,4796122600
4,1940,241747673665400,2959100,4844737600,4847191300
4,1956,241747721827100,3010500,4892899300,4895353000
4,1972,241747767642100,2722800,4938714300,4941168000
4,1988,241747811272500,3099400,4982344700,4984798400
4,2004,241747858243600,2763600,5029315800,5031769500
4,2020,241747904248100,2854000,5075320300,5077774000
4,2036,241747954249000,3346400,5125321200,5127774900
5,5,241742900378500,2420700,71450700,73904400
5,21,241742945961100,2541500,117033300,119487000
5,37,241742983629200,2265300,154701400,157155100
5,53,241743023570100,2360500,194642300,197096000
5,69,241743061697800,2229700,232770000,235223700
5,85,241743098976700,2167300,270048900,272502600
5,101,241743136703000,2435700,307775200,310228900
5,117,241743182990700,2451200,354062900,356516600
5,133,241743218671800,2066100,389744000,392197700
5,149,241743252683200,2068000,423755400,426209100
5,165,241743288095100,2034500,459167300,461621000
5,181,241743323145400,2320400,494217600,496671300
5,197,241743359325100,2266800,530397300,532851000
5,213,241743394286200,2113200,565358400,567812100
5,229,241743430360600,2198600,601432800,603886500
5,245,241743471124500,2108900,642196700,644650400
5,261,241743505594300,2144500,676666500,679120200
5,277,241743541134300,2110100,712206500,714660200
5,293,241743575407500,2311700,746479700,748933400
5,309,241743611090100,2122700,782162300,784616000
5,325,241743646032400,2172400,817104600,819558300
5,341,241743681397000,2371500,852469200,854922900
5,357,241743716675600,2204100,887747800,890201500
5,373,241743760196200,2159200,931268400,933722100
5,389,241743796358600,2219500,967430800,969884500
5,405,241743833014900,2333700,1004087100,1006540800
5,421,241743869109800,2135600,1040182000,1042635700
5,437,241743903640500,2105800,1074712700,1077166400
5,453,241743938096900,2264300,1109169100,1111622800
5,469,241743974137400,2239100,1145209600,1147663300
5,485,241744008705800,2084200,1179778000,1182231700
5,501,241744049849800,2155300,1220922000,1223375700
5,517,241744083883700,2078800,1254955900,1257409600
5,533,241744117841900,2060200,1288914100,1291367800
5,549,241744152066900,2196600,1323139100,1325592800
5,565,241744187386900,2189400,1358459100,1360912800
5,581,241744221271700,2080300,1392343900,1394797600
5,597,241744259413900,2196300,1430486100,1432939800
5,613,241744294138900,2105300,1465211100,1467664800
5,629,241744335255300,2377600,1506327500,1508781200
5,645,241744370835500,2084600,1541907700,1544361400
5,661,241744404801500,2102100,1575873700,1578327400
5,677,241744438660500,2168800,1609732700,1612186400
5,693,241744472996900,2215200,1644069100,1646522800
5,709,241744507790400,2117200,1678862600,1681316300
5,725,241744541806600,2241900,1712878800,1715332500
5,741,241744576886700,9076400,1747958900,1750412600
5,757,241744617725000,2161200,1788797200,1791250900
5,773,241744652525500,2472300,1823597700,1826051400
5,789,241744689386400,2135600,1860458600,1862912300
5,805,241744723969800,2166900,1895042000,1897495700
5,821,241744758272300,2082700,1929344500,1931798200
5,837,241744792493500,2144700,1963565700,1966019400
5,853,241744827702800,2217400,1998775000,2001228700
5,869,241744871012300,2173400,2042084500,2044538200
5,885,241744907098100,2243000,2078170300,2080624000
5,901,241744941796900,2140600,2112869100,2115322800
5,917,241744976339900,2109100,2147412100,2149865800
5,933,241745010848400,2124800,2181920600,2184374300
5,949,241745044971500,2310600,2216043700,2218497400
5,965,241745083213400,2247300,2254285600,2256739300
5,981,241745125455700,2435600,2296527900,2298981600
5,997,241745160148400,2122100,2331220600,2333674300
5,1013,241745194060500,2108000,2365132700,2367586400
5,1029,241745228880500,2200100,2399952700,2402406400
5,1045,241745263889700,2200100,2434961900,2437415600
5,1061,241745298803800,2125100,2469876000,2472329700
5,1077,241745333837100,2110700,2504909300,2507363000
5,1093,241745369073200,2179000,2540145400,2542599100
5,1109,241745408132800,2124300,2579205000,2581658700
5,1125,241745442478400,2129400,2613550600,2616004300
5,1141,241745477361700,2264800,2648433900,2650887600
5,1157,241745513498900,2115900,2684571100,2687024800
5,1173,241745548614700,2281000,2719686900,2722140600
5,1189,241745584673600,2117800,2755745800,2758199500
5,1205,241745619676400,2148900,2790748600,2793202300
5,1221,241745658661900,2111900,2829734100,2832187800
5,1237,241745693191700,2162400,2864263900,2866717600
5,1253,241745727378100,2107400,2898450300,2900904000
5,1269,241745761694300,2147500,2932766500,2935220200
5,1285,241745796773000,2054100,2967845200,2970298900
5,1301,241745831777600,2280500,3002849800,3005303500
5,1317,241745876172000,2844900,3047244200,3049697900
5,1333,241745922616300,3070700,3093688500,3096142200
5,1349,241745975070400,3062800,3146142600,3148596300
5,1365,241746021109100,2669600,3192181300,3194635000
5,1381,241746064286700,3049500,3235358900,3237812600
5,1397,241746111568900,2698500,3282641100,3285094800
5,1413,241746157035500,3005300,3328107700,3330561400
5,1429,241746203129300,2929400,3374201500,3376655200
5,1445,241746252633100,2764700,3423705300,3426159000
5,1461,241746302440000,2932300,3473512200,3475965900
5,1477,241746350039900,2925000,3521112100,3523565800
5,1493,241746397652700,3064900,3568724900,3571178600
5,1509,241746440820600,2620100,3611892800,3614346500
5,1525,241746484738900,3085200,3655811100,3658264800
5,1541,241746529296000,2798000,3700368200,3702821900
5,1557,241746573771800,2732800,3744844000,3747297700
5,1573,241746620764100,3019700,3791836300,3794290000
5,1589,241746670297600,2943700,3841369800,3843823500
5,1605,241746715053800,2740600,3886126000,3888579700
5,1621,241746757719000,2722500,3928791200,3931244900
5,1637,241746802507400,2648800,3973579600,3976033300
5,1653,241746847363100,2958100,4018435300,4020889000
5,1669,241746893221000,2763100,4064293200,4066746900
5,1685,241746937198100,2789200,4108270300,4110724000
5,1701,241746987138600,3589200,4158210800,4160664500
5,1717,241747033743200,2685100,4204815400,4207269100
5,1733,241747077844700,2719000,4248916900,4251370600
5,1749,241747123825100,2946600,4294897300,4297351000
5,1765,241747170278200,2953500,4341350400,4343804100
5,1781,241747217656000,2908400,4388728200,4391181900
5,1797,241747264162400,2932400,4435234600,4437688300
5,1813,241747310068000,2903900,4481140200,4483593900
5,1829,241747359343400,2669900,4530415600,4532869300
5,1845,241747403890700,2960600,4574962900,4577416600
5,1861,241747450001800,2900400,4621074000,4623527700
5,1877,241747494518700,2672800,4665590900,4668044600
5,1893,241747537371000,2785900,4708443200,4710896900
5,1909,241747582308200,2932300,4753380400,4755834100
5,1925,241747628141600,2822600,4799213800,4801667500
5,1941,241747679551300,3050900,4850623500,4853077200
5,1957,241747727737000,2949100,4898809200,4901262900
5,1973,241747772974500,2757200,4944046700,4946500400
5,1989,241747817197800,2891900,4988270000,4990723700
5,2005,241747863691000,2784300,5034763200,5037216900
5,2021,241747909929500,2861500,5081001700,5083455400
5,2037,241747960885700,3660500,5131957900,5134411600
6,6,241742902769200,4746900,73841400,76295100
6,22,241742948771600,2452400,119843800,122297500
6,38,241742986132000,2243800,157204200,159657900
6,54,241743025711200,2391900,196783400,199237100
6,70,241743063711400,2482600,234783600,237237300
6,86,241743101014800,2143800,272087000,274540700
6,102,241743138680800,2430900,309753000,312206700
6,118,241743184635600,2380100,355707800,358161500
6,134,241743219924700,2089900,390996900,393450600
6,150,241743253920900,2091500,424993100,427446800
6,166,241743289353400,2021300,460425600,462879300
6,182,241743324678300,2276200,495750500,498204200
6,198,241743360791300,2223500,531863500,534317200
6,214,241743395612500,2064400,566684700,569138400
6,230,241743431520700,2182300,602592900,605046600
6,246,241743472231900,2076200,643304100,645757800
6,262,241743506681600,2149100,677753800,680207500
6,278,241743542164500,2137100,713236700,715690400
6,294,241743576491900,2333700,747564100,750017800
6,310,241743612297600,2125900,783369800,785823500
6,326,241743647285300,2213000,818357500,820811200
6,342,241743682725400,2396600,853797600,856251300
6,358,241743717923700,4069900,888995900,891449600
6,374,241743761504600,2134800,932576800,935030500
6,390,241743797658400,2269900,968730600,971184300
6,406,241743834253200,2371900,1005325400,1007779100
6,422,241743870188600,2143500,1041260800,1043714500
6,438,241743904756300,2114600,1075828500,1078282200
6,454,241743939373100,2262400,1110445300,1112899000
6,470,241743975376100,2235800,1146448300,1148902000
6,486,241744009832000,2155100,1180904200,1183357900
6,502,241744051074100,2142800,1222146300,1224600000
6,518,241744085127100,2089100,1256199300,1258653000
6,534,241744119042100,2075400,1290114300,1292568000
6,550,241744153348800,2124200,1324421000,1326874700
6,566,241744188629600,2293800,1359701800,1362155500
6,582,241744222431900,2119900,1393504100,1395957800
6,598,241744260397400,2173400,1431469600,1433923300
6,614,241744295078400,2111700,1466150600,1468604300
6,630,241744336257200,2601200,1507329400,1509783100
6,646,241744371746000,2083500,1542818200,1545271900
6,662,241744405711100,2123600,1576783300,1579237000
6,678,241744439492900,2162300,1610565100,1613018800
6,694,241744473798600,2170000,1644870800,1647324500
6,710,241744508546000,2128800,1679618200,1682071900
6,726,241744542593500,2212300,1713665700,1716119400
6,742,241744577755200,9086300,1748827400,1751281100
6,758,241744618581700,2158200,1789653900,1792107600
6,774,241744653524300,2306600,1824596500,1827050200
6,790,241744690202500,2117300,1861274700,1863728400
6,806,241744724741200,2170100,1895813400,1898267100
6,822,241744759029500,2074200,1930101700,1932555400
6,838,241744793284700,2137300,1964356900,1966810600
6,854,241744828515000,2263500,1999587200,2002040900
6,870,241744871747300,2206100,2042819500,2045273200
6,886,241744907948200,2208200,2079020400,2081474100
6,902,241744942549500,2111900,2113621700,2116075400
6,918,241744977190300,2134200,2148262500,2150716200
6,934,241745011696300,2118200,2182768500,2185222200
6,950,241745045819400,2366200,2216891600,2219345300
6,966,241745083804000,2243100,2254876200,2257329900
6,982,241745126166300,2275700,2297238500,2299692200
6,998,241745160699500,2100200,2331771700,2334225400
6,1014,241745194584000,2121200,2365656200,2368109900
6,1030,241745229428400,2233300,2400500600,2402954300
6,1046,241745264361900,2192000,2435434100,2437887800
6,1062,241745299362800,2119100,2470435000,2472888700
6,1078,241745334375800,2148500,2505448000,2507901700
6,1094,241745369808400,2126900,2540880600,2543334300
6,1110,241745408830200,2100100,2579902400,2582356100
6,1126,241745443273300,2155800,2614345500,2616799200
6,1142,241745478243800,2246300,2649316000,2651769700
6,1158,241745513772700,2106300,2684844900,2687298600
6,1174,241745549087700,2252000,2720159900,2722613600
6,1190,241745585211200,2126400,2756283400,2758737100
6,1206,241745620230800,2153400,2791303000,2793756700
6,1222,241745659153900,2111200,2830226100,2832679800
6,1238,241745693670300,2184800,2864742500,2867196200
6,1254,241745727842100,2126600,2898914300,2901368000
6,1270,241745762198700,2133500,2933270900,2935724600
6,1286,241745797204500,2088000,2968276700,2970730400
6,1302,241745832361600,2216700,3003433800,3005887500
6,1318,241745876829100,2878800,3047901300,3050355000
6,1334,241745923350100,3013900,3094422300,3096876000
6,1350,241745975795100,3117300,3146867300,3149321000
6,1366,241746021757300,2721000,3192829500,3195283200
6,1382,241746065006300,3053100,3236078500,3238532200
6,1398,241746112185700,2696600,3283257900,3285711600
6,1414,241746157752500,3006500,3328824700,3331278400
6,1430,241746203858000,2950000,3374930200,3377383900
6,1446,241746253314200,2753900,3424386400,3426840100
6,1462,241746303179200,2929400,3474251400,3476705100
6,1478,241746350772000,2933800,3521844200,3524297900
6,1494,241746398453400,2964500,3569525600,3571979300
6,1510,241746441479900,2623300,3612552100,3615005800
6,1526,241746485631300,2754300,3656703500,3659157200
6,1542,241746529858300,2791200,3700930500,3703384200
6,1558,241746574377000,2727000,3745449200,3747902900
6,1574,241746621443600,3023200,3792515800,3794969500
6,1590,241746670902600,2958300,3841974800,3844428500
6,1606,241746715626400,2783900,3886698600,3889152300
6,1622,241746758196500,2738900,3929268700,3931722400
6,1638,241746803022500,2596300,3974094700,3976548400
6,1654,241746847814300,2986900,4018886500,4021340200
6,1670,241746893639400,2773900,4064711600,4067165300
6,1686,241746937623200,2772900,4108695400,4111149100
6,1702,241746987562800,3007500,4158635000,4161088700
6,1718,241747032006700,2684200,4203078900,4205532600
6,1734,241747076080700,2748200,4247152900,4249606600
6,1750,241747122041200,2789400,4293113400,4295567100
6,1766,241747168410700,2951500,4339482900,4341936600
6,1782,241747215810900,2901700,4386883100,4389336800
6,1798,241747262312500,2919900,4433384700,4435838400
6,1814,241747308224700,2900800,4479296900,4481750600
6,1830,241747357692000,2590600,4528764200,4531217900
6,1846,241747402042300,2921900,4573114500,4575568200
6,1862,241747448132900,2862100,4619205100,4621658800
6,1878,241747492803900,2639800,4663876100,4666329800
6,1894,241747535603900,2742700,4706676100,4709129800
6,1910,241747580341000,2867400,4751413200,4753866900
6,1926,241747626162400,2836000,4797234600,4799688300
6,1942,241747677390800,3151400,4848463000,4850916700
6,1958,241747725599900,2998200,4896672100,4899125800
6,1974,241747771047700,2768000,4942119900,4944573600
6,1990,241747815135300,2883800,4986207500,4988661200
6,2006,241747861721500,2731000,5032793700,5035247400
6,2022,241747907835800,2883000,5078908000,5081361700
6,2038,241747958457800,3406100,5129530000,5131983700
7,7,241742907613900,4573900,78686100,81139800
7,23,241742951071600,2459400,122143800,124597500
7,39,241742988226500,2294600,159298700,161752400
7,55,241743028143400,2364400,199215600,201669300
7,71,241743066132100,2323500,237204300,239658000
7,87,241743103080600,2234400,274152800,276606500
7,103,241743141334800,2374600,312407000,314860700
7,119,241743187137100,2183200,358209300,360663000
7,135,241743222109900,2042000,393182100,395635800
7,151,241743256071700,2070900,427143900,429597600
7,167,241743291462500,2141100,462534700,464988400
7,183,241743327049300,2251300,498121500,500575200
7,199,241743363106100,2190800,534178300,536632000
7,215,241743397801400,2120600,568873600,571327300
7,231,241743433845300,2217600,604917500,607371200
7,247,241743474469300,2065000,645541500,647995200
7,263,241743509048500,2178600,680120700,682574400
7,279,241743544575700,2191600,715647900,718101600
7,295,241743579111500,2263200,750183700,752637400
7,311,241743614796300,2104600,785868500,788322200
7,327,241743649941100,2236500,821013300,823467000
7,343,241743685572900,2316800,856645100,859098800
7,359,241743722529600,2520800,893601800,896055500
7,375,241743764044700,2288400,935116900,937570600
7,391,241743800415400,2209600,971487600,973941300
7,407,241743837048500,2344700,1008120700,1010574400
7,423,241743872658900,2156000,1043731100,1046184800
7,439,241743907148200,2165200,1078220400,1080674100
7,455,241743941897800,2263800,1112970000,1115423700
7,471,241743977880200,2213500,1148952400,1151406100
7,487,241744012198500,2183000,1183270700,1185724400
7,503,241744053418500,2129700,1224490700,1226944400
7,519,241744087533300,2160000,1258605500,1261059200
7,535,241744121463400,2054100,1292535600,1294989300
7,551,241744155922900,2168300,1326995100,1329448800
7,567,241744191495500,2209700,1362567700,1365021400
7,583,241744225148200,2089700,1396220400,1398674100
7,599,241744263363900,2187200,1434436100,1436889800
7,615,241744297929100,2095400,1469001300,1471455000
7,631,241744339795400,2350800,1510867600,1513321300
7,647,241744374602000,2116100,1545674200,1548127900
7,663,241744408573800,2147000,1579646000,1582099700
7,679,241744442397800,2091400,1613470000,1615923700
7,695,241744476795400,2148100,1647867600,1650321300
7,711,241744511527200,2135100,1682599400,1685053100
7,727,241744545803600,2313700,1716875800,1719329500
7,743,241744588046100,2136700,1759118300,1761572000
7,759,241744621886900,2115200,1792959100,1795412800
7,775,241744657190400,2259700,1828262600,1830716300
7,791,241744693531100,2176700,1864603300,1867057000
7,807,241744728101600,2113900,1899173800,1901627500
7,823,241744762422600,2121900,1933494800,1935948500
7,839,241744796620400,2148800,1967692600,1970146300
7,855,241744832168400,2312600,2003240600,2005694300
7,871,241744875572400,2101400,2046644600,2049098300
7,887,241744911531200,2261500,2082603400,2085057100
7,903,241744945941600,2104500,2117013800,2119467500
7,919,241744980485700,2136700,2151557900,2154011600
7,935,241745014987900,2242200,2186060100,2188513800
7,951,241745049602200,2129800,2220674400,2223128100
7,967,241745087729800,2235400,2258802000,2261255700
7,983,241745130108100,2181400,2301180300,2303634000
7,999,241745164380200,2151300,2335452400,2337906100
7,1015,241745198285600,2110300,2369357800,2371811500
7,1031,241745233398800,2202700,2404471000,2406924700
7,1047,241745268361600,2195300,2439433800,2441887500
7,1063,241745303255200,2136000,2474327400,2476781100
7,1079,241745338388300,2145500,2509460500,2511914200
7,1095,241745373507900,2100600,2544580100,2547033800
7,1111,241745412584100,2098200,2583656300,2586110000
7,1127,241745446896000,2109900,2617968200,2620421900
7,1143,241745482025000,2246400,2653097200,2655550900
7,1159,241745517322000,2165700,2688394200,2690847900
7,1175,241745552730200,2396900,2723802400,2726256100
7,1191,241745588553700,2109400,2759625900,2762079600
7,1207,241745623457100,2076400,2794529300,2796983000
7,1223,241745662309400,2125100,2833381600,2835835300
7,1239,241745696917600,2155500,2867989800,2870443500
7,1255,241745731010500,2125600,2902082700,2904536400
7,1271,241745765358000,2136200,2936430200,2938883900
7,1287,241745800473000,2117400,2971545200,2973998900
7,1303,241745835780200,2552200,3006852400,3009306100
7,1319,241745881142300,2818300,3052214500,3054668200
7,1335,241745927718600,2882000,3098790800,3101244500
7,1351,241745980404500,2848400,3151476700,3153930400
7,1367,241746025736800,2607000,3196809000,3199262700
7,1383,241746069511300,3096800,3240583500,3243037200
7,1399,241746116103300,2613500,3287175500,3289629200
7,1415,241746162185600,3047500,3333257800,3335711500
7,1431,241746208133500,2965600,3379205700,3381659400
7,1447,241746257344400,2760300,3428416600,3430870300
7,1463,241746307429500,3132100,3478501700,3480955400
7,1479,241746354944400,2938700,3526016600,3528470300
7,1495,241746402604700,2814000,3573676900,3576130600
7,1511,241746445245700,2595000,3616317900,3618771600
7,1527,241746489547300,2754800,3660619500,3663073200
7,1543,241746533880700,2786100,3704952900,3707406600
7,1559,241746578334500,2918100,3749406700,3751860400
7,1575,241746625666100,2624400,3796738300,3799192000
7,1591,241746675065100,2884300,3846137300,3848591000
7,1607,241746719507700,2540600,3890579900,3893033600
7,1623,241746762188100,2805500,3933260300,3935714000
7,1639,241746806797000,2644200,3977869200,3980322900
7,1655,241746852260000,2946000,4023332200,4025785900
7,1671,241746897692800,2752200,4068765000,4071218700
7,1687,241746941688600,2679100,4112760800,4115214500
7,1703,241746991815800,2835200,4162888000,4165341700
7,1719,241747038059000,2607000,4209131200,4211584900
7,1735,241747082361200,3010300,4253433400,4255887100
7,1751,241747128607500,2822300,4299679700,4302133400
7,1767,241747175004700,3003400,4346076900,4348530600
7,1783,241747222299100,3133700,4393371300,4395825000
7,1799,241747268862100,2931400,4439934300,4442388000
7,1815,241747314720500,3137200,4485792700,4488246400
7,1831,241747363647100,2731900,4534719300,4537173000
7,1847,241747408634100,2972100,4579706300,4582160000
7,1863,241747454643500,2937700,4625715700,4628169400
7,1879,241747498754500,2652200,4669826700,4672280400
7,1895,241747541758100,2806000,4712830300,4715284000
7,1911,241747586925200,2945300,4757997400,4760451100
7,1927,241747632707800,3078600,4803780000,4806233700
7,1943,241747684134500,2726400,4855206700,4857660400
7,1959,241747732607800,2911500,4903680000,4906133700
7,1975,241747777287800,2734000,4948360000,4950813700
7,1991,241747822031800,3241900,4993104000,4995557700
7,2007,241747868002900,2799100,5039075100,5041528800
7,2023,241747914388700,2865400,5085460900,5087914600
7,2039,241747966445100,3328800,5137517300,5139971000
8,8,241742912142300,3286100,83214500,85668200
8,24,241742953497100,2362700,124569300,127023000
8,40,241742990492100,2603100,161564300,164018000
8,56,241743030707900,2211600,201780100,204233800
8,72,241743068822200,2224500,239894400,242348100
8,88,241743105682100,2211400,276754300,279208000
8,104,241743143964600,2401400,315036800,317490500
8,120,241743189655000,2197500,360727200,363180900
8,136,241743224492200,2073000,395564400,398018100
8,152,241743258560600,2071900,429632800,432086500
8,168,241743293969700,2080900,465041900,467495600
8,184,241743329662000,2323800,500734200,503187900
8,200,241743365597500,2180100,536669700,539123400
8,216,241743400201500,2168700,571273700,573727400
8,232,241743436554500,2077700,607626700,610080400
8,248,241743476986500,2072900,648058700,650512400
8,264,241743511749300,2206100,682821500,685275200
8,280,241743547182100,2157900,718254300,720708000
8,296,241743581755100,2253000,752827300,755281000
8,312,241743617218000,2283000,788290200,790743900
8,328,241743652493900,2182100,823566100,826019800
8,344,241743688187500,2255900,859259700,861713400
8,360,241743725363100,2156400,896435300,898889000
8,376,241743766659900,2304300,937732100,940185800
8,392,241743802968000,2296900,974040200,976493900
8,408,241743839805800,2171300,1010878000,1013331700
8,424,241743875232500,2378900,1046304700,1048758400
8,440,241743909740900,2122700,1080813100,1083266800
8,456,241743944555000,2298500,1115627200,1118080900
8,472,241743980441800,2248200,1151514000,1153967700
8,488,241744014642600,2097300,1185714800,1188168500
8,504,241744055815800,2107100,1226888000,1229341700
8,520,241744089788600,2076300,1260860800,1263314500
8,536,241744123746800,2086200,1294819000,1297272700
8,552,241744158272300,2101400,1329344500,1331798200
8,568,241744193737200,2148700,1364809400,1367263100
8,584,241744227298600,2081300,1398370800,1400824500
8,600,241744265615600,2237500,1436687800,1439141500
8,616,241744300117900,2138900,1471190100,1473643800
8,632,241744342241400,2223600,1513313600,1515767300
8,648,241744376810400,2138600,1547882600,1550336300
8,664,241744410836400,2092000,1581908600,1584362300
8,680,241744444600900,2247200,1615673100,1618126800
8,696,241744479029400,2084900,1650101600,1652555300
8,712,241744513699400,2081200,1684771600,1687225300
8,728,241744548009000,2114400,1719081200,1721534900
8,744,241744589918700,2041100,1760990900,1763444600
8,760,241744623728500,2085800,1794800700,1797254400
8,776,241744659170500,2131400,1830242700,1832696400
8,792,241744695556900,2149200,1866629100,1869082800
8,808,241744730110600,2175200,1901182800,1903636500
8,824,241744764460600,2135600,1935532800,1937986500
8,840,241744798691500,2133900,1969763700,1972217400
8,856,241744834330200,2188900,2005402400,2007856100
8,872,241744877393700,2209600,2048465900,2050919600
8,888,241744913736000,2184500,2084808200,2087261900
8,904,241744947990200,2127300,2119062400,2121516100
8,920,241744982596200,2377000,2153668400,2156122100
8,936,241745017059000,2141700,2188131200,2190584900
8,952,241745051558000,2153100,2222630200,2225083900
8,968,241745089788200,2231700,2260860400,2263314100
8,984,241745132092000,2175800,2303164200,2305617900
8,1000,241745166362700,2138700,2337434900,2339888600
8,1016,241745200233600,2046100,2371305800,2373759500
8,1032,241745235308000,2204200,2406380200,2408833900
8,1048,241745270252400,2166900,2441324600,2443778300
8,1064,241745304985300,2145800,2476057500,2478511200
8,1080,241745340073400,2166700,2511145600,2513599300
8,1096,241745375225600,2114100,2546297800,2548751500
8,1112,241745414311700,2125400,2585383900,2587837600
8,1128,241745448753500,2139700,2619825700,2622279400
8,1144,241745484031300,2235500,2655103500,2657557200
8,1160,241745519434100,2179900,2690506300,2692960000
8,1176,241745555158700,2299800,2726230900,2728684600
8,1192,241745590633600,2109100,2761705800,2764159500
8,1208,241745625620900,2119700,2796693100,2799146800
8,1224,241745664548900,2100800,2835621100,2838074800
8,1240,241745699134900,2117800,2870207100,2872660800
8,1256,241745733262200,2116700,2904334400,2906788100
8,1272,241745767614900,2121100,2938687100,2941140800
8,1288,241745802622300,2128600,2973694500,2976148200
8,1304,241745838287800,2960700,3009360000,3011813700
8,1320,241745883923300,2995600,3054995500,3057449200
8,1336,241745930648500,2883100,3101720700,3104174400
8,1352,241745983216600,2856300,3154288800,3156742500
8,1368,241746028310400,2586700,3199382600,3201836300
8,1384,241746072522400,3039500,3243594600,3246048300
8,1400,241746118644200,2633100,3289716400,3292170100
8,1416,241746165142600,3064600,3336214800,3338668500
8,1432,241746211012000,2922700,3382084200,3384537900
8,1448,241746260022100,2778300,3431094300,3433548000
8,1464,241746310470600,3064600,3481542800,3483996500
8,1480,241746357972600,2958300,3529044800,3531498500
8,1496,241746405456100,2897500,3576528300,3578982000
8,1512,241746447877300,2621000,3618949500,3621403200
8,1528,241746492377100,2706900,3663449300,3665903000
8,1544,241746536749100,2711400,3707821300,3710275000
8,1560,241746581465900,2958700,3752538100,3754991800
8,1576,241746628471500,2603900,3799543700,3801997400
8,1592,241746678178100,2774500,3849250300,3851704000
8,1608,241746722254300,2619300,3893326500,3895780200
8,1624,241746765199400,2779900,3936271600,3938725300
8,1640,241746809638000,2583600,3980710200,3983163900
8,1656,241746855157000,2948700,4026229200,4028682900
8,1672,241746900408400,2718500,4071480600,4073934300
8,1688,241746944325800,2727300,4115398000,4117851700
8,1704,241746994614300,2752900,4165686500,4168140200
8,1720,241747041264500,2713900,4212336700,4214790400
8,1736,241747086043800,3030000,4257116000,4259569700
8,1752,241747132047600,2843400,4303119800,4305573500
8,1768,241747178667800,2904800,4349740000,4352193700
8,1784,241747226239800,2891800,4397312000,4399765700
8,1800,241747272453900,2901400,4443526100,4445979800
8,1816,241747318761600,2928000,4489833800,4492287500
8,1832,241747367383100,2676300,4538455300,4540909000
8,1848,241747412519900,2682500,4583592100,4586045800
8,1864,241747458688500,2966500,4629760700,4632214400
8,1880,241747502358600,2617600,4673430800,4675884500
8,1896,241747545447900,2905100,4716520100,4718973800
8,1912,241747590817600,2948200,4761889800,4764343500
8,1928,241747636692000,2857800,4807764200,4810217900
8,1944,241747687850900,3036400,4858923100,4861376800
8,1960,241747736309200,2708100,4907381400,4909835100
8,1976,241747780843100,2690400,4951915300,4954369000
8,1992,241747826135500,2869200,4997207700,4999661400
8,2008,241747871658200,2964400,5042730400,5045184100
8,2024,241747918126600,2840400,5089198800,5091652500
8,2040,241747970774800,3323500,5141847000,5144300700
9,9,241742915506300,2831000,86578500,89032200
9,25,241742955978700,2308900,127050900,129504600
9,41,241742993209600,2619100,164281800,166735500
9,57,241743032543900,2369700,203616100,206069800
9,73,241743070539800,2354200,241612000,244065700
9,89,241743107567500,2227800,278639700,281093400
9,105,241743146083900,10533700,317156100,319609800
9,121,241743191649600,2189100,362721800,365175500
9,137,241743226456300,2079200,397528500,399982200
9,153,241743260416900,2249600,431489100,433942800
9,169,241743295991500,2145600,467063700,469517400
9,185,241743331928200,2280800,503000400,505454100
9,201,241743367746800,2225100,538819000,541272700
9,217,241743402340600,2351600,573412800,575866500
9,233,241743438523100,2122000,609595300,612049000
9,249,241743478972500,2256400,650044700,652498400
9,265,241743513870900,2228400,684943100,687396800
9,281,241743549255200,2124400,720327400,722781100
9,297,241743583915700,2187100,754987900,757441600
9,313,241743619431100,2255500,790503300,792957000
9,329,241743654530900,2208600,825603100,828056800
9,345,241743690560800,2218400,861633000,864086700
9,361,241743727634400,2263800,898706600,901160300
9,377,241743769119300,2146000,940191500,942645200
9,393,241743805358800,2372200,976431000,978884700
9,409,241743842100500,2309000,1013172700,1015626400
9,425,241743877730900,2155500,1048803100,1051256800
9,441,241743911983000,2111900,1083055200,1085508900
9,457,241743946963000,2271700,1118035200,1120488900
9,473,241743982815100,2160700,1153887300,1156341000
9,489,241744017104200,2147500,1188176400,1190630100
9,505,241744058195200,2053500,1229267400,1231721100
9,521,241744092221000,2090800,1263293200,1265746900
9,537,241744126069200,2079300,1297141400,1299595100
9,553,241744160607500,2111900,1331679700,1334133400
9,569,241744196170500,2071400,1367242700,1369696400
9,585,241744229654400,2100600,1400726600,1403180300
9,601,241744268329100,2139000,1439401300,1441855000
9,617,241744302674800,2136800,1473747000,1476200700
9,633,241744344858400,2291700,1515930600,1518384300
9,649,241744379330700,2131100,1550402900,1552856600
9,665,241744413310000,2167300,1584382200,1586835900
9,681,241744447158600,2081200,1618230800,1620684500
9,697,241744481464900,2154700,1652537100,1654990800
9,713,241744516147200,2115900,1687219400,1689673100
9,729,241744550530200,2165000,1721602400,1724056100
9,745,241744592268500,2046500,1763340700,1765794400
9,761,241744626121400,2124600,1797193600,1799647300
9,777,241744661472900,2241200,1832545100,1834998800
9,793,241744697524600,2260900,1868596800,1871050500
9,809,241744732120900,2122600,1903193100,1905646800
9,825,241744766404700,2124300,1937476900,1939930600
9,841,241744800632000,2148100,1971704200,1974157900
9,857,241744836270300,2121700,2007342500,2009796200
9,873,241744879284000,2286000,2050356200,2052809900
9,889,241744915564900,2168300,2086637100,2089090800
9,905,241744949763200,2122900,2120835400,2123289100
9,921,241744984551900,2354700,2155624100,2158077800
9,937,241745018846700,2140200,2189918900,2192372600
9,953,241745053332500,2148400,2224404700,2226858400
9,969,241745091648000,2181200,2262720200,2265173900
9,985,241745133920600,2152400,2304992800,2307446500
9,1001,241745168147800,2107600,2339220000,2341673700
9,1017,241745201951200,2080100,2373023400,2375477100
9,1033,241745237247500,2177300,2408319700,2410773400
9,1049,241745272140500,2203600,2443212700,2445666400
9,1065,241745306851500,2136300,2477923700,2480377400
9,1081,241745341956200,2151400,2513028400,2515482100
9,1097,241745376981800,2111200,2548054000,2550507700
9,1113,241745416078600,2126500,2587150800,2589604500
9,1129,241745450666100,2134700,2621738300,2624192000
9,1145,241745486050200,2187700,2657122400,2659576100
9,1161,241745521421000,2195100,2692493200,2694946900
9,1177,241745557395900,2262400,2728468100,2730921800
9,1193,241745592716100,2110700,2763788300,2766242000
9,1209,241745627629500,2120900,2798701700,2801155400
9,1225,241745666568300,2131400,2837640500,2840094200
9,1241,241745701164700,2134200,2872236900,2874690600
9,1257,241745735324700,2118900,2906396900,2908850600
9,1273,241745769679400,2133600,2940751600,2943205300
9,1289,241745804631500,2157600,2975703700,2978157400
9,1305,241745841205400,3101600,3012277600,3014731300
9,1321,241745886883000,3027300,3057955200,3060408900
9,1337,241745933448200,2852000,3104520400,3106974100
9,1353,241745985957400,2920900,3157029600,3159483300
9,1369,241746030805700,2569100,3201877900,3204331600
9,1385,241746075477900,3075700,3246550100,3249003800
9,1401,241746121207400,2632200,3292279600,3294733300
9,1417,241746168121700,2836200,3339193900,3341647600
9,1433,241746213853800,2969900,3384926000,3387379700
9,1449,241746262655400,2740500,3433727600,3436181300
9,1465,241746313360300,3043600,3484432500,3486886200
9,1481,241746360684000,2917900,3531756200,3534209900
9,1497,241746408216800,2675800,3579289000,3581742700
9,1513,241746450360600,2914000,3621432800,3623886500
9,1529,241746494939600,2737500,3666011800,3668465500
9,1545,241746539305500,2770400,3710377700,3712831400
9,1561,241746584136900,2897100,3755209100,3757662800
9,1577,241746630831200,2607800,3801903400,3804357100
9,1593,241746680683800,2766800,3851756000,3854209700
9,1609,241746724626200,2577600,3895698400,3898152100
9,1625,241746767760500,2809500,3938832700,3941286400
9,1641,241746812109500,2651500,3983181700,3985635400
9,1657,241746858188900,2959800,4029261100,4031714800
9,1673,241746903233300,2786200,4074305500,4076759200
9,1689,241746947150800,2734100,4118223000,4120676700
9,1705,241746997447900,2818200,4168520100,4170973800
9,1721,241747044798500,2683400,4215870700,4218324400
9,1737,241747089955100,3036600,4261027300,4263481000
9,1753,241747135678200,2771100,4306750400,4309204100
9,1769,241747182394300,2943200,4353466500,4355920200
9,1785,241747229995400,2942300,4401067600,4403521300
9,1801,241747276179000,2979300,4447251200,4449704900
9,1817,241747322095500,7453900,4493167700,4495621400
9,1833,241747370430500,2658900,4541502700,4543956400
9,1849,241747415626800,2927300,4586699000,4589152700
9,1865,241747462090300,2927200,4633162500,4635616200
9,1881,241747505332600,2638000,4676404800,4678858500
9,1897,241747549026500,2866200,4720098700,4722552400
9,1913,241747594381200,2911200,4765453400,4767907100
9,1929,241747640176100,2855900,4811248300,4813702000
9,1945,241747691550700,3032300,4862622900,4865076600
9,1961,241747739555500,2795200,4910627700,4913081400
9,1977,241747784077500,2743700,4955149700,4957603400
9,1993,241747829675400,2844800,5000747600,5003201300
9,2009,241747875321300,2898700,5046393500,5048847200
9,2025,241747921572100,2836000,5092644300,5095098000
9,2041,241747974762200,3247500,5145834400,5148288100
10,10,241742918380700,2825500,89452900,91906600
10,26,241742958258600,2304700,129330800,131784500
10,42,241742995755500,2539700,166827700,169281400
10,58,241743035147900,2342300,206220100,208673800
10,74,241743073196600,2274800,244268800,246722500
10,90,241743110073600,2202500,281145800,283599500
10,106,241743156972500,2240100,328044700,330498400
10,122,241743194115200,2166200,365187400,367641100
10,138,241743228703600,2098700,399775800,402229500
10,154,241743262832600,2136300,433904800,436358500
10,170,241743298320300,2251500,469392500,471846200
10,186,241743334622000,2305400,505694200,508147900
10,202,241743370364900,2163100,541437100,543890800
10,218,241743405236000,2304100,576308200,578761900
10,234,241743441256700,2193600,612328900,614782600
10,250,241743481860100,2410800,652932300,655386000
10,266,241743516660400,2192300,687732600,690186300
10,282,241743551976500,2265900,723048700,725502400
10,298,241743586697700,2234400,757769900,760223600
10,314,241743622218000,2229400,793290200,795743900
10,330,241743657279500,2159600,828351700,830805400
10,346,241743693085900,2156200,864158100,866611800
10,362,241743730189700,2194200,901261900,903715600
10,378,241743771530000,2147100,942602200,945055900
10,394,241743808038100,2290000,979110300,981564000
10,410,241743844666600,2310900,1015738800,1018192500
10,426,241743880126300,2158800,1051198500,1053652200
10,442,241743914336100,2104800,1085408300,1087862000
10,458,241743949577300,2228300,1120649500,1123103200
10,474,241743985456200,2170000,1156528400,1158982100
10,490,241744019516000,2258700,1190588200,1193041900
10,506,241744060546100,2105700,1231618300,1234072000
10,522,241744094578500,2116900,1265650700,1268104400
10,538,241744128432400,2095300,1299504600,1301958300
10,554,241744163079000,2290900,1334151200,1336604900
10,570,241744198497000,2111800,1369569200,1372022900
10,586,241744232007600,2102500,1403079800,1405533500
10,602,241744270810100,2394200,1441882300,1444336000
10,618,241744305340000,8666300,1476412200,1478865900
10,634,241744347675200,2196900,1518747400,1521201100
10,650,241744381973900,2100600,1553046100,1555499800
10,666,241744415968900,2079700,1587041100,1589494800
10,682,241744449772100,2116000,1620844300,1623298000
10,698,241744484223900,2306000,1655296100,1657749800
10,714,241744518847100,2117900,1689919300,1692373000
10,730,241744553464900,2319000,1724537100,1726990800
10,746,241744595136500,2102200,1766208700,1768662400
10,762,241744629080700,2109300,1800152900,1802606600
10,778,241744664965400,2466400,1836037600,1838491300
10,794,241744701137200,2137900,1872209400,1874663100
10,810,241744735552200,2099700,1906624400,1909078100
10,826,241744769879900,2116900,1940952100,1943405800
10,842,241744804071800,2149300,1975144000,1977597700
10,858,241744839858100,2165100,2010930300,2013384000
10,874,241744883339500,2300500,2054411700,2056865400
10,890,241744919373900,2210800,2090446100,2092899800
10,906,241744953594700,2107900,2124666900,2127120600
10,922,241744988473100,2195000,2159545300,2161999000
10,938,241745022514100,2129900,2193586300,2196040000
10,954,241745057062200,2160000,2228134400,2230588100
10,970,241745095503700,2120400,2266575900,2269029600
10,986,241745137711000,2175500,2308783200,2311236900
10,1002,241745171831500,2137000,2342903700,2345357400
10,1018,241745205699300,2303100,2376771500,2379225200
10,1034,241745241178500,2185400,2412250700,2414704400
10,1050,241745276192200,2178800,2447264400,2449718100
10,1066,241745310782500,2158100,2481854700,2484308400
10,1082,241745345886900,2289900,2516959100,2519412800
10,1098,241745380996000,2096500,2552068200,2554521900
10,1114,241745420035900,2138900,2591108100,2593561800
10,1130,241745454519300,2122900,2625591500,2628045200
10,1146,241745489921600,2304700,2660993800,2663447500
10,1162,241745525226600,2150200,2696298800,2698752500
10,1178,241745561248600,2265100,2732320800,2734774500
10,1194,241745596321900,2160700,2767394100,2769847800
10,1210,241745631362700,2154700,2802434900,2804888600
10,1226,241745670331200,2155800,2841403400,2843857100
10,1242,241745704980700,2170400,2876052900,2878506600
10,1258,241745739039500,2160700,2910111700,2912565400
10,1274,241745773562300,2415300,2944634500,2947088200
10,1290,241745808439500,2093600,2979511700,2981965400
10,1306,241745846612200,2921300,3017684400,3020138100
10,1322,241745892184500,2908100,3063256700,3065710400
10,1338,241745938900100,7890600,3109972300,3112426000
10,1354,241745991621200,3177600,3162693400,3165147100
10,1370,241746035812500,2570400,3206884700,3209338400
10,1386,241746081356100,3053700,3252428300,3254882000
10,1402,241746126421600,2722400,3297493800,3299947500
10,1418,241746173490100,2790000,3344562300,3347016000
10,1434,241746219557400,2972100,3390629600,3393083300
10,1450,241746267921100,2863600,3438993300,3441447000
10,1466,241746319126000,2961300,3490198200,3492651900
10,1482,241746366287700,2947500,3537359900,3539813600
10,1498,241746413202000,2602200,3584274200,3586727900
10,1514,241746455985700,3011400,3627057900,3629511600
10,1530,241746500097800,2733900,3671170000,3673623700
10,1546,241746544544100,2758500,3715616300,3718070000
10,1562,241746589512500,2725700,3760584700,3763038400
10,1578,241746640561200,2702900,3811633400,3814087100
10,1594,241746685905100,2826300,3856977300,3859431000
10,1610,241746729534200,2591400,3900606400,3903060100
10,1626,241746772811100,2784400,3943883300,3946337000
10,1642,241746816942500,2988500,3988014700,3990468400
10,1658,241746863277400,2556000,4034349600,4036803300
10,1674,241746908001600,2737400,4079073800,4081527500
10,1690,241746951852100,2737300,4122924300,4125378000
10,1706,241747002459000,7009700,4173531200,4175984900
10,1722,241747050602900,2761600,4221675100,4224128800
10,1738,241747096403800,2850800,4267476000,4269929700
10,1754,241747141825600,2845500,4312897800,4315351500
10,1770,241747188681900,3013400,4359754100,4362207800
10,1786,241747236222300,2889600,4407294500,4409748200
10,1802,241747282512000,2942600,4453584200,4456037900
10,1818,241747332781400,2811700,4503853600,4506307300
10,1834,241747376097400,2743200,4547169600,4549623300
10,1850,241747421908500,2935300,4592980700,4595434400
10,1866,241747468395500,3019800,4639467700,4641921400
10,1882,241747510955800,2614100,4682028000,4684481700
10,1898,241747555306900,2791900,4726379100,4728832800
10,1914,241747600600300,2902100,4771672500,4774126200
10,1930,241747646193900,2847100,4817266100,4819719800
10,1946,241747698088300,3036000,4869160500,4871614200
10,1962,241747745642800,2743500,4916715000,4919168700
10,1978,241747789882900,2602800,4960955100,4963408800
10,1994,241747835684300,2891200,5006756500,5009210200
10,2010,241747881480100,2899800,5052552300,5055006000
10,2026,241747927568000,2862600,5098640200,5101093900
10,2042,241747981751000,3440000,5152823200,5155276900
11,11,241742921281400,2525300,92353600,94807300
11,27,241742960671500,2361600,131743700,134197400
11,43,241742998467100,2392100,169539300,171993000
11,59,241743037646400,2402700,208718600,211172300
11,75,241743075750800,2425100,246823000,249276700
11,91,241743112516500,2304300,283588700,286042400
11,107,241743159105200,2289100,330177400,332631100
11,123,241743196091200,2227300,367163400,369617100
11,139,241743230612100,2061700,401684300,404138000
11,155,241743264773300,2443400,435845500,438299200
11,171,241743300215400,2305200,471287600,473741300
11,187,241743336427800,2326600,507500000,509953700
11,203,241743372080100,2086900,543152300,545606000
11,219,241743406881000,2208600,577953200,580406900
11,235,241743442756100,8553400,613828300,616282000
11,251,241743483611500,2192300,654683700,657137400
11,267,241743518229700,2232100,689301900,691755600
11,283,241743553615700,2246300,724687900,727141600
11,299,241743588318100,2192900,759390300,761844000
11,315,241743623966500,2214700,795038700,797492400
11,331,241743658947800,2186300,830020000,832473700
11,347,241743694660000,2165400,865732200,868185900
11,363,241743731770800,2183900,902843000,905296700
11,379,241743773136200,2125500,944208400,946662100
11,395,241743809783500,2344300,980855700,983309400
11,411,241743846456000,2326900,1017528200,1019981900
11,427,241743881791800,2149800,1052864000,1055317700
11,443,241743915951300,2113000,1087023500,1089477200
11,459,241743951232900,2188600,1122305100,1124758800
11,475,241743986925100,2142900,1157997300,1160451000
11,491,241744021166500,2145800,1192238700,1194692400
11,507,241744062163600,2127900,1233235800,1235689500
11,523,241744096157700,2070000,1267229900,1269683600
11,539,241744130070700,2098400,1301142900,1303596600
11,555,241744164852000,2198900,1335924200,1338377900
11,571,241744200212600,2109100,1371284800,1373738500
11,587,241744233698500,2136900,1404770700,1407224400
11,603,241744272389900,2169300,1443462100,1445915800
11,619,241744306667600,8713100,1477739800,1480193500
11,635,241744349147100,2156300,1520219300,1522673000
11,651,241744383368600,2120000,1554440800,1556894500
11,667,241744417372200,2081200,1588444400,1590898100
11,683,241744451149000,2149300,1622221200,1624674900
11,699,241744485622500,2258900,1656694700,1659148400
11,715,241744520141300,2076100,1691213500,1693667200
11,731,241744554707900,2289800,1725780100,1728233800
11,747,241744596579200,2100400,1767651400,1770105100
11,763,241744630550200,2112300,1801622400,1804076100
11,779,241744666643200,2261200,1837715400,1840169100
11,795,241744702667700,2127800,1873739900,1876193600
11,811,241744737075400,2126000,1908147600,1910601300
11,827,241744771393100,2110900,1942465300,1944919000
11,843,241744805607900,2140900,1976680100,1979133800
11,859,241744841270400,2261700,2012342600,2014796300
11,875,241744884744400,2235700,2055816600,2058270300
11,891,241744920713100,2108800,2091785300,2094239000
11,907,241744954813600,2135800,2125885800,2128339500
11,923,241744989761800,2202300,2160834000,2163287700
11,939,241745023777500,2128700,2194849700,2197303400
11,955,241745058338200,2204700,2229410400,2231864100
11,971,241745096945500,2125200,2268017700,2270471400
11,987,241745139201400,2156500,2310273600,2312727300
11,1003,241745173303800,2114000,2344376000,2346829700
11,1019,241745207286600,2487400,2378358800,2380812500
11,1035,241745242562700,2146800,2413634900,2416088600
11,1051,241745277555500,2226900,2448627700,2451081400
11,1067,241745312140900,2129600,2483213100,2485666800
11,1083,241745347275900,2385300,2518348100,2520801800
11,1099,241745382310100,2112100,2553382300,2555836000
11,1115,241745421392200,2122400,2592464400,2594918100
11,1131,241745455842600,2123400,2626914800,2629368500
11,1147,241745491212100,1911600,2662284300,2664738000
11,1163,241745526025600,2144600,2697097800,2699551500
11,1179,241745562072400,2335100,2733144600,2735598300
11,1195,241745597120900,2160900,2768193100,2770646800
11,1211,241745632096900,2169000,2803169100,2805622800
11,1227,241745671070600,2165700,2842142800,2844596500
11,1243,241745705783500,2166100,2876855700,2879309400
11,1259,241745739851000,2132300,2910923200,2913376900
11,1275,241745774361700,2497700,2945433900,2947887600
11,1291,241745809227600,2118200,2980299800,2982753500
11,1307,241745847690600,2944500,3018762800,3021216500
11,1323,241745893263900,2901700,3064336100,3066789800
11,1339,241745939798400,7890800,3110870600,3113324300
11,1355,241745992490700,3156800,3163562900,3166016600
11,1371,241746036574400,2567800,3207646600,3210100300
11,1387,241746082267800,3047300,3253340000,3255793700
11,1403,241746127253000,2745800,3298325200,3300778900
11,1419,241746174357600,2790400,3345429800,3347883500
11,1435,241746220481400,2995200,3391553600,3394007300
11,1451,241746268882200,2829100,3439954400,3442408100
11,1467,241746320093800,2955900,3491166000,3493619700
11,1483,241746367245400,2940300,3538317600,3540771300
11,1499,241746414028900,2634600,3585101100,3587554800
11,1515,241746456961200,3095700,3628033400,3630487100
11,1531,241746500980800,2733700,3672053000,3674506700
11,1547,241746545443700,2799000,3716515900,3718969600
11,1563,241746590401200,2689900,3761473400,3763927100
11,1579,241746641436300,2677300,3812508500,3814962200
11,1595,241746686759400,2896600,3857831600,3860285300
11,1611,241746730367500,2636900,3901439700,3903893400
11,1627,241746773940700,2819400,3945012900,3947466600
11,1643,241746818181800,3019000,3989254000,3991707700
11,1659,241746864432500,2597400,4035504700,4037958400
11,1675,241746909212900,2745200,4080285100,4082738800
11,1691,241746953049300,2742900,4124121500,4126575200
11,1707,241747003292500,4329600,4174364700,4176818400
11,1723,241747048753900,2820000,4219826100,4222279800
11,1739,241747094429700,3081500,4265501900,4267955600
11,1755,241747139903700,2979800,4310975900,4313429600
11,1771,241747186871900,2898900,4357944100,4360397800
11,1787,241747234388200,2857100,4405460400,4407914100
11,1803,241747280586300,2922600,4451658500,4454112200
11,1819,241747330872300,2866900,4501944500,4504398200
11,1835,241747374432700,2616600,4545504900,4547958600
11,1851,241747419985700,2914200,4591057900,4593511600
11,1867,241747466461900,2974100,4637534100,4639987800
11,1883,241747509275900,2624900,4680348100,4682801800
11,1899,241747553305300,3047100,4724377500,4726831200
11,1915,241747598645100,2950900,4769717300,4772171000
11,1931,241747644354400,2807800,4815426600,4817880300
11,1947,241747696052600,3069600,4867124800,4869578500
11,1963,241747743748800,2896200,4914821000,4917274700
11,1979,241747788122400,2736900,4959194600,4961648300
11,1995,241747833848500,2882100,5004920700,5007374400
11,2011,241747879529500,3007600,5050601700,5053055400
11,2027,241747925726200,2872100,5096798400,5099252100
11,2043,241747979594600,3402300,5150666800,5153120500
12,12,241742923843300,2474400,94915500,97369200
12,28,241742963004700,2369800,134076900,136530600
12,44,241743000799400,2396300,171871600,174325300
12,60,241743039681600,2416500,210753800,213207500
12,76,241743077573300,2501500,248645500,251099200
12,92,241743114116500,2546500,285188700,287642400
12,108,241743160930900,2189500,332003100,334456800
12,124,241743197832800,2248700,368905000,371358700
12,140,241743232262000,2114000,403334200,405787900
12,156,241743266584100,2692200,437656300,440110000
12,172,241743302148900,2182600,473221100,475674800
12,188,241743338340000,2324900,509412200,511865900
12,204,241743373824700,2066500,544896900,547350600
12,220,241743408783200,2329000,579855400,582309100
12,236,241743450992500,2419000,622064700,624518400
12,252,241743485551000,2160000,656623200,659076900
12,268,241743520172500,2268100,691244700,693698400
12,284,241743555536600,2166600,726608800,729062500
12,300,241743590117000,2329800,761189200,763642900
12,316,241743625579700,2223600,796651900,799105600
12,332,241743660578600,2152100,831650800,834104500
12,348,241743696403100,2147600,867475300,869929000
12,364,241743733526300,2125800,904598500,907052200
12,380,241743774832600,2116700,945904800,948358500
12,396,241743811623800,2321500,982696000,985149700
12,412,241743848282500,2290900,1019354700,1021808400
12,428,241743883485800,2181800,1054558000,1057011700
12,444,241743917614800,2106900,1088687000,1091140700
12,460,241743952999100,2208800,1124071300,1126525000
12,476,241743988648200,2116300,1159720400,1162174100
12,492,241744022770800,2078900,1193843000,1196296700
12,508,241744063663900,2125800,1234736100,1237189800
12,524,241744097733300,2099600,1268805500,1271259200
12,540,241744131556000,2058800,1302628200,1305081900
12,556,241744166448100,2155700,1337520300,1339974000
12,572,241744201631000,2064400,1372703200,1375156900
12,588,241744235075800,2083400,1406148000,1408601700
12,604,241744273628700,2181800,1444700900,1447154600
12,620,241744314439200,2218300,1485511400,1487965100
12,636,241744350320900,2120900,1521393100,1523846800
12,652,241744384487300,2111600,1555559500,1558013200
12,668,241744418462300,2139900,1589534500,1591988200
12,684,241744452382400,2134100,1623454600,1625908300
12,700,241744487048500,2184000,1658120700,1660574400
12,716,241744521451500,2085400,1692523700,1694977400
12,732,241744556157200,2251400,1727229400,1729683100
12,748,241744597552200,2112200,1768624400,1771078100
12,764,241744631509900,2112200,1802582100,1805035800
12,780,241744667499200,2280900,1838571400,1841025100
12,796,241744703426000,2198000,1874498200,1876951900
12,812,241744737808500,2159800,1908880700,1911334400
12,828,241744772148200,2133400,1943220400,1945674100
12,844,241744806374700,2143000,1977446900,1979900600
12,860,241744842085800,2554700,2013158000,2015611700
12,876,241744885738400,2341700,2056810600,2059264300
12,892,241744921646900,2103100,2092719100,2095172800
12,908,241744955770200,2109000,2126842400,2129296100
12,924,241744990761400,2202900,2161833600,2164287300
12,940,241745024734200,2136700,2195806400,2198260100
12,956,241745059402100,2204500,2230474300,2232928000
12,972,241745097689500,2094800,2268761700,2271215400
12,988,241745139951600,2135100,2311023800,2313477500
12,1004,241745174027500,2131400,2345099700,2347553400
12,1020,241745208094800,2408900,2379167000,2381620700
12,1036,241745243221000,2143300,2414293200,2416746900
12,1052,241745278285600,2217200,2449357800,2451811500
12,1068,241745312850000,2135500,2483922200,2486375900
12,1084,241745348101800,2386100,2519174000,2521627700
12,1100,241745383062600,7058800,2554134800,2556588500
12,1116,241745422143600,2126500,2593215800,2595669500
12,1132,241745456615600,2191200,2627687800,2630141500
12,1148,241745492198300,2394200,2663270500,2665724200
12,1164,241745527286000,2142600,2698358200,2700811900
12,1180,241745563481400,2321500,2734553600,2737007300
12,1196,241745598452700,2201100,2769524900,2771978600
12,1212,241745633371400,2129800,2804443600,2806897300
12,1228,241745672337600,2163600,2843409800,2845863500
12,1244,241745706998500,2128600,2878070700,2880524400
12,1260,241745741043000,2127000,2912115200,2914568900
12,1276,241745775831000,2276100,2946903200,2949356900
12,1292,241745810384800,2172300,2981457000,2983910700
12,1308,241745849135400,2876600,3020207600,3022661300
12,1324,241745894643800,2911300,3065716000,3068169700
12,1340,241745946009700,3070400,3117081900,3119535600
12,1356,241745994168500,2750200,3165240700,3167694400
12,1372,241746037749600,2669800,3208821800,3211275500
12,1388,241746083717500,3046900,3254789700,3257243400
12,1404,241746128494600,2781800,3299566800,3302020500
12,1420,241746175645300,2761100,3346717500,3349171200
12,1436,241746221842300,2985000,3392914500,3395368200
12,1452,241746270191400,2770500,3441263600,3443717300
12,1468,241746321508500,2960900,3492580700,3495034400
12,1484,241746368640400,2937200,3539712600,3542166300
12,1500,241746415235500,2665500,3586307700,3588761400
12,1516,241746458387300,2990900,3629459500,3631913200
12,1532,241746502104800,2767500,3673177000,3675630700
12,1548,241746546564200,2770900,3717636400,3720090100
12,1564,241746591513600,2705000,3762585800,3765039500
12,1580,241746642556600,2630500,3813628800,3816082500
12,1596,241746688033800,2809000,3859106000,3861559700
12,1612,241746731455400,2647800,3902527600,3904981300
12,1628,241746775118700,2865100,3946190900,3948644600
12,1644,241746819630000,2774800,3990702200,3993155900
12,1660,241746865592500,2657600,4036664700,4039118400
12,1676,241746910480000,2725800,4081552200,4084005900
12,1692,241746954318400,2714500,4125390600,4127844300
12,1708,241747004538400,4644900,4175610600,4178064300
12,1724,241747050342400,2741200,4221414600,4223868300
12,1740,241747096099200,2852300,4267171400,4269625100
12,1756,241747141544000,2847900,4312616200,4315069900
12,1772,241747188388500,2999200,4359460700,4361914400
12,1788,241747235954500,2908100,4407026700,4409480400
12,1804,241747282225300,2932900,4453297500,4455751200
12,1820,241747332519400,2805300,4503591600,4506045300
12,1836,241747375852700,2737600,4546924900,4549378600
12,1852,241747421613500,2940300,4592685700,4595139400
12,1868,241747468100200,3016100,4639172400,4641626100
12,1884,241747510713000,2593200,4681785200,4684238900
12,1900,241747554982400,2882000,4726054600,4728508300
12,1916,241747600355900,2901700,4771428100,4773881800
12,1932,241747645972900,2824400,4817045100,4819498800
12,1948,241747697830400,3031800,4868902600,4871356300
12,1964,241747745419500,2690600,4916491700,4918945400
12,1980,241747789635200,2679800,4960707400,4963161100
12,1996,241747835478400,2885600,5006550600,5009004300
12,2012,241747881273900,2898100,5052346100,5054799800
12,2028,241747927360300,2861100,5098432500,5100886200
12,2044,241747981535000,3420300,5152607200,5155060900
13,13,241742926423200,2486400,97495400,99949100
13,29,241742965499600,2298200,136571800,139025500
13,45,241743003463300,2396200,174535500,176989200
13,61,241743042433600,2332400,213505800,215959500
13,77,241743080481900,2762400,251554100,254007800
13,93,241743117142500,2236700,288214700,290668400
13,109,241743163685700,2435100,334757900,337211600
13,125,241743200577100,2152500,371649300,374103000
13,141,241743234843000,2100400,405915200,408368900
13,157,241743269791000,2463700,440863200,443316900
13,173,241743304834900,2120200,475907100,478360800
13,189,241743341208000,2285200,512280200,514733900
13,205,241743376488300,2276400,547560500,550014200
13,221,241743411772000,2320700,582844200,585297900
13,237,241743454176800,2239200,625249000,627702700
13,253,241743488461300,2145000,659533500,661987200
13,269,241743523412500,2308500,694484700,696938400
13,285,241743558574800,2145300,729647000,732100700
13,301,241743593431700,2333100,764503900,766957600
13,317,241743628781900,2172800,799854100,802307800
13,333,241743663697200,2121200,834769400,837223100
13,349,241743699421500,2122700,870493700,872947400
13,365,241743736525800,2098800,907598000,910051700
13,381,241743777764200,2123300,948836400,951290100
13,397,241743814848500,2337300,985920700,988374400
13,413,241743851368000,2188000,1022440200,1024893900
13,429,241743886460600,2133700,1057532800,1059986500
13,445,241743920507000,2061400,1091579200,1094032900
13,461,241743956068100,2334300,1127140300,1129594000
13,477,241743991543800,2097100,1162616000,1165069700
13,493,241744025535100,2125800,1196607300,1199061000
13,509,241744066457300,2211500,1237529500,1239983200
13,525,241744100499200,2276400,1271571400,1274025100
13,541,241744134352800,2079400,1305425000,1307878700
13,557,241744169293400,2246000,1340365600,1342819300
13,573,241744204332200,2083200,1375404400,1377858100
13,589,241744237856600,2140600,1408928800,1411382500
13,605,241744276686000,2105300,1447758200,1450211900
13,621,241744317540100,2190900,1488612300,1491066000
13,637,241744353365600,2178600,1524437800,1526891500
13,653,241744387478800,2127700,1558551000,1561004700
13,669,241744421464000,2091300,1592536200,1594989900
13,685,241744455359200,2113100,1626431400,1628885100
13,701,241744489997100,2187500,1661069300,1663523000
13,717,241744524284700,2182400,1695356900,1697810600
13,733,241744559171500,2181600,1730243700,1732697400
13,749,241744600401100,2118100,1771473300,1773927000
13,765,241744634331900,2150500,1805404100,1807857800
13,781,241744670846800,2246200,1841919000,1844372700
13,797,241744706524100,2142200,1877596300,1880050000
13,813,241744740798400,2103000,1911870600,1914324300
13,829,241744775121000,2133600,1946193200,1948646900
13,845,241744809341300,2126400,1980413500,1982867200
13,861,241744845434800,9760500,2016507000,2018960700
13,877,241744888828400,2420700,2059900600,2062354300
13,893,241744924430400,2143500,2095502600,2097956300
13,909,241744958531400,2114000,2129603600,2132057300
13,925,241744993570100,2139300,2164642300,2167096000
13,941,241745027480700,2128600,2198552900,2201006600
13,957,241745062103400,2898200,2233175600,2235629300
13,973,241745100325500,2110400,2271397700,2273851400
13,989,241745142625300,2130300,2313697500,2316151200
13,1005,241745176699500,2146500,2347771700,2350225400
13,1021,241745211319400,2128100,2382391600,2384845300
13,1037,241745246211300,2224500,2417283500,2419737200
13,1053,241745281315000,2149400,2452387200,2454840900
13,1069,241745315797800,2314600,2486870000,2489323700
13,1085,241745351290400,2231000,2522362600,2524816300
13,1101,241745390888300,2128600,2561960500,2564414200
13,1117,241745425001700,2151300,2596073900,2598527600
13,1133,241745459399300,2106100,2630471500,2632925200
13,1149,241745495296000,2226700,2666368200,2668821900
13,1165,241745530136500,2143300,2701208700,2703662400
13,1181,241745566475400,2237800,2737547600,2740001300
13,1197,241745601290400,2448400,2772362600,2774816300
13,1213,241745636040700,2133300,2807112900,2809566600
13,1229,241745675018700,2103800,2846090900,2848544600
13,1245,241745709678500,2153800,2880750700,2883204400
13,1261,241745743717800,2123000,2914790000,2917243700
13,1277,241745778688700,2225400,2949760900,2952214600
13,1293,241745813099100,2119900,2984171300,2986625000
13,1309,241745852862100,2803300,3023934300,3026388000
13,1325,241745898518500,2797500,3069590700,3072044400
13,1341,241745949933100,2918700,3121005300,3123459000
13,1357,241745997708400,2780800,3168780600,3171234300
13,1373,241746041180100,2577400,3212252300,3214706000
13,1389,241746087685300,3283900,3258757500,3261211200
13,1405,241746132103100,2759200,3303175300,3305629000
13,1421,241746179255900,2739600,3350328100,3352781800
13,1437,241746225693300,2943400,3396765500,3399219200
13,1453,241746273868700,2755300,3444940900,3447394600
13,1469,241746325458900,2916300,3496531100,3498984800
13,1485,241746372515200,2929000,3543587400,3546041100
13,1501,241746418801300,2679800,3589873500,3592327200
13,1517,241746462308100,2788200,3633380300,3635834000
13,1533,241746505911600,2804700,3676983800,3679437500
13,1549,241746550344300,2574100,3721416500,3723870200
13,1565,241746595458300,2823500,3766530500,3768984200
13,1581,241746646454800,2874700,3817527000,3819980700
13,1597,241746692050400,2749700,3863122600,3865576300
13,1613,241746735314000,2622800,3906386200,3908839900
13,1629,241746779283900,2769400,3950356100,3952809800
13,1645,241746823587400,2672800,3994659600,3997113300
13,1661,241746869485800,2960600,4040558000,4043011700
13,1677,241746914333500,2745600,4085405700,4087859400
13,1693,241746958223300,2770600,4129295500,4131749200
13,1709,241747010495800,2870700,4181568000,4184021700
13,1725,241747054275200,2723000,4225347400,4227801100
13,1741,241747100258000,2805100,4271330200,4273783900
13,1757,241747145724900,2695900,4316797100,4319250800
13,1773,241747192649700,2942400,4363721900,4366175600
13,1789,241747239981900,2858900,4411054100,4413507800
13,1805,241747286409700,2918000,4457481900,4459935600
13,1821,241747336475400,2718400,4507547600,4510001300
13,1837,241747379788300,2729700,4550860500,4553314200
13,1853,241747425767100,2880200,4596839300,4599293000
13,1869,241747472393000,2764300,4643465200,4645918900
13,1885,241747514440200,2895700,4685512400,4687966100
13,1901,241747559020200,2791000,4730092400,4732546100
13,1917,241747604473500,2800600,4775545700,4777999400
13,1933,241747649986800,2831800,4821059000,4823512700
13,1949,241747702092100,3001300,4873164300,4875618000
13,1965,241747749288400,2705400,4920360600,4922814300
13,1981,241747793425500,2562700,4964497700,4966951400
13,1997,241747839545600,2837300,5010617800,5013071500
13,2013,241747885359800,2876500,5056432000,5058885700
13,2029,241747932187400,3370700,5103259600,5105713300
13,2045,241747986417100,3326300,5157489300,5159943000
14,14,241742928877100,2527500,99949300,102403000
14,30,241742967769100,2319500,138841300,141295000
14,46,241743005690400,2499700,176762600,179216300
14,62,241743044493000,2323300,215565200,218018900
14,78,241743083033300,2310300,254105500,256559200
14,94,241743119205900,2599100,290278100,292731800
14,110,241743165850000,2557900,336922200,339375900
14,126,241743202511700,2110200,373583900,376037600
14,142,241743236705300,2177900,407777500,410231200
14,158,241743271941100,2353500,443013300,445467000
14,174,241743306608100,2139400,477680300,480134000
14,190,241743343133500,2255000,514205700,516659400
14,206,241743378356500,2192100,549428700,551882400
14,222,241743413468300,2282200,584540500,586994200
14,238,241743455501900,2267800,626574100,629027800
14,254,241743489802500,2126300,660874700,663328400
14,270,241743524683600,2279000,695755800,698209500
14,286,241743559855700,2069800,730927900,733381600
14,302,241743594887700,2235600,765959900,768413600
14,318,241743630049400,2153900,801121600,803575300
14,334,241743664972400,2119700,836044600,838498300
14,350,241743700855200,2188800,871927400,874381100
14,366,241743737945600,8130500,909017800,911471500
14,382,241743779115200,2259900,950187400,952641100
14,398,241743816375500,2237700,987447700,989901400
14,414,241743852837500,2164000,1023909700,1026363400
14,430,241743887849900,2139000,1058922100,1061375800
14,446,241743921848900,2086200,1092921100,1095374800
14,462,241743957603600,2245700,1128675800,1131129500
14,478,241743992919600,2107900,1163991800,1166445500
14,494,241744027107200,8482700,1198179400,1200633100
14,510,241744068089900,2418000,1239162100,1241615800
14,526,241744102332700,2077200,1273404900,1275858600
14,542,241744135981300,2050600,1307053500,1309507200
14,558,241744171185400,2179400,1342257600,1344711300
14,574,241744206066400,2107400,1377138600,1379592300
14,590,241744239622800,2294900,1410695000,1413148700
14,606,241744278464900,2146000,1449537100,1451990800
14,622,241744319403000,2268100,1490475200,1492928900
14,638,241744355245400,2172100,1526317600,1528771300
14,654,241744389314700,2126400,1560386900,1562840600
14,670,241744423277200,2088700,1594349400,1596803100
14,686,241744457126000,2125800,1628198200,1630651900
14,702,241744491894900,2246200,1662967100,1665420800
14,718,241744526176700,2140400,1697248900,1699702600
14,734,241744561062200,2202000,1732134400,1734588100
14,750,241744602295300,2117700,1773367500,1775821200
14,766,241744636268700,1931700,1807340900,1809794600
14,782,241744672954200,2211300,1844026400,1846480100
14,798,241744708523700,2147700,1879595900,1882049600
14,814,241744742784600,2118900,1913856800,1916310500
14,830,241744777146700,2152700,1948218900,1950672600
14,846,241744811361000,2140800,1982433200,1984886900
14,862,241744855057000,2407500,2026129200,2028582900
14,878,241744891100000,2292500,2062172200,2064625900
14,894,241744926438700,2151500,2097510900,2099964600
14,910,241744960486700,2129600,2131558900,2134012600
14,926,241744995653100,2107700,2166725300,2169179000
14,942,241745029548900,2158200,2200621100,2203074800
14,958,241745064905100,2317100,2235977300,2238431000
14,974,241745102316300,2088000,2273388500,2275842200
14,990,241745144634200,2147800,2315706400,2318160100
14,1006,241745178725100,2100600,2349797300,2352251000
14,1022,241745213140300,2170600,2384212500,2386666200
14,1038,241745248095100,2203700,2419167300,2421621000
14,1054,241745283139200,2187800,2454211400,2456665100
14,1070,241745317951800,2161500,2489024000,2491477700
14,1086,241745353319000,2262500,2524391200,2526844900
14,1102,241745392822100,2107700,2563894300,2566348000
14,1118,241745426993000,2256000,2598065200,2600518900
14,1134,241745461731700,2116200,2632803900,2635257600
14,1150,241745497627500,2244200,2668699700,2671153400
14,1166,241745532342900,2119200,2703415100,2705868800
14,1182,241745568832900,2385900,2739905100,2742358800
14,1198,241745603956200,2215600,2775028400,2777482100
14,1214,241745638321800,2142300,2809394000,2811847700
14,1230,241745677337900,2339000,2848410100,2850863800
14,1246,241745712034500,2119400,2883106700,2885560400
14,1262,241745746000200,2134700,2917072400,2919526100
14,1278,241745781262700,2154100,2952334900,2954788600
14,1294,241745815576100,2311400,2986648300,2989102000
14,1310,241745856109000,2789300,3027181200,3029634900
14,1326,241745901730500,2838900,3072802700,3075256400
14,1342,241745953530400,2940400,3124602600,3127056300
14,1358,241746001127300,2755700,3172199500,3174653200
14,1374,241746044388700,2594400,3215460900,3217914600
14,1390,241746092307000,2615500,3263379200,3265832900
14,1406,241746135466000,2935700,3306538200,3308991900
14,1422,241746182601500,2952900,3353673700,3356127400
14,1438,241746229263400,3816500,3400335600,3402789300
14,1454,241746277159800,3001400,3448232000,3450685700
14,1470,241746329014700,2988600,3500086900,3502540600
14,1486,241746376074400,2903700,3547146600,3549600300
14,1502,241746422037100,2636000,3593109300,3595563000
14,1518,241746465702100,2756300,3636774300,3639228000
14,1534,241746509345100,2816100,3680417300,3682871000
14,1550,241746553566700,2797300,3724638900,3727092600
14,1566,241746598775700,3076000,3769847900,3772301600
14,1582,241746649764900,2642900,3820837100,3823290800
14,1598,241746695218600,2697100,3866290800,3868744500
14,1614,241746738350200,2632600,3909422400,3911876100
14,1630,241746782502500,2879700,3953574700,3956028400
14,1646,241746826676000,2686900,3997748200,4000201900
14,1662,241746872872200,2987500,4043944400,4046398100
14,1678,241746917488600,2724300,4088560800,4091014500
14,1694,241746961410700,2754700,4132482900,4134936600
14,1710,241747014331200,2711800,4185403400,4187857100
14,1726,241747057943000,2733000,4229015200,4231468900
14,1742,241747104043200,2772000,4275115400,4277569100
14,1758,241747149404000,2968800,4320476200,4322929900
14,1774,241747196674400,2962200,4367746600,4370200300
14,1790,241747243852100,2873000,4414924300,4417378000
14,1806,241747290235800,2727400,4461308000,4463761700
14,1822,241747340075000,2715900,4511147200,4513600900
14,1838,241747383443100,2742000,4554515300,4556969000
14,1854,241747429638200,2934500,4600710400,4603164100
14,1870,241747475846200,2613100,4646918400,4649372100
14,1886,241747518370700,2766400,4689442900,4691896600
14,1902,241747562903700,2737300,4733975900,4736429600
14,1918,241747608365300,2762800,4779437500,4781891200
14,1934,241747653930300,2846300,4825002500,4827456200
14,1950,241747706307300,3045100,4877379500,4879833200
14,1966,241747753034600,2773200,4924106800,4926560500
14,1982,241747796997000,2602600,4968069200,4970522900
14,1998,241747843507500,2912400,5014579700,5017033400
14,2014,241747889406000,2848400,5060478200,5062931900
14,2030,241747936887800,3485700,5107960000,5110413700
14,2046,241747991250100,3498200,5162322300,5164776000
15,15,241742931650600,2381500,102722800,105176500
15,31,241742970286300,2321800,141358500,143812200
15,47,241743008418700,2631000,179490900,181944600
15,63,241743047134800,2277500,218207000,220660700
15,79,241743085314500,2340000,256386700,258840400
15,95,241743121676900,2350900,292749100,295202800
15,111,241743168259100,2304200,339331300,341785000
15,127,241743204479100,2134600,375551300,378005000
15,143,241743238803800,2098100,409876000,412329700
15,159,241743274137100,2242700,445209300,447663000
15,175,241743308662000,2130200,479734200,482187900
15,191,241743345301200,2156000,516373400,518827100
15,207,241743380461500,2112000,551533700,553987400
15,223,241743415856000,2243700,586928200,589381900
15,239,241743458045900,2082600,629118100,631571800
15,255,241743492218100,2146300,663290300,665744000
15,271,241743527260700,2278900,698332900,700786600
15,287,241743562141200,2040200,733213400,735667100
15,303,241743597431400,2189200,768503600,770957300
15,319,241743632523700,2152100,803595900,806049600
15,335,241743667395100,2232300,838467300,840921000
15,351,241743703137700,2113100,874209900,876663600
15,367,241743746170500,2134300,917242700,919696400
15,383,241743781485900,2718800,952558100,955011800
15,399,241743818675900,2221600,989748100,992201800
15,415,241743855093900,2194500,1026166100,1028619800
15,431,241743890055500,2235300,1061127700,1063581400
15,447,241743923992900,2123900,1095065100,1097518800
15,463,241743959911600,2116800,1130983800,1133437500
15,479,241743995086100,2110100,1166158300,1168612000
15,495,241744035622100,2459100,1206694300,1209148000
15,511,241744070470400,2177400,1241542600,1243996300
15,527,241744104288300,2161600,1275360500,1277814200
15,543,241744137925000,2234400,1308997200,1311450900
15,559,241744173085600,2340700,1344157800,1346611500
15,575,241744207954400,2131800,1379026600,1381480300
15,591,241744241710100,2081400,1412782300,1415236000
15,607,241744280403000,2131300,1451475200,1453928900
15,623,241744321474500,2128100,1492546700,1495000400
15,639,241744357145600,2187400,1528217800,1530671500
15,655,241744391179300,2125900,1562251500,1564705200
15,671,241744425103600,2089200,1596175800,1598629500
15,687,241744459018400,2076500,1630090600,1632544300
15,703,241744493813800,2255800,1664886000,1667339700
15,719,241744528055900,2144400,1699128100,1701581800
15,735,241744562814000,2179300,1733886200,1736339900
15,751,241744603940100,2134800,1775012300,1777466000
15,767,241744638032100,2158300,1809104300,1811558000
15,783,241744674934600,2407000,1846006800,1848460500
15,799,241744710494700,2151600,1881566900,1884020600
15,815,241744744719700,2153000,1915791900,1918245600
15,831,241744779243300,2141500,1950315500,1952769200
15,847,241744813441300,2152800,1984513500,1986967200
15,863,241744857378400,2230000,2028450600,2030904300
15,879,241744893277200,2221100,2064349400,2066803100
15,895,241744928425000,2112800,2099497200,2101950900
15,911,241744962516400,2149600,2133588600,2136042300
15,927,241744997660400,2119600,2168732600,2171186300
15,943,241745031647300,2111900,2202719500,2205173200
15,959,241745067327900,2315300,2238400100,2240853800
15,975,241745104500100,2147700,2275572300,2278026000
15,991,241745146874900,2112900,2317947100,2320400800
15,1007,241745180917100,2117900,2351989300,2354443000
15,1023,241745215372500,2119900,2386444700,2388898400
15,1039,241745250364100,2173100,2421436300,2423890000
15,1055,241745285361500,2267200,2456433700,2458887400
15,1071,241745320003700,2237400,2491075900,2493529600
15,1087,241745355546900,2289900,2526619100,2529072800
15,1103,241745394903600,2253400,2565975800,2568429500
15,1119,241745429340400,2129000,2600412600,2602866300
15,1135,241745463673000,2119300,2634745200,2637198900
15,1151,241745499723900,2207800,2670796100,2673249800
15,1167,241745534346500,2152200,2705418700,2707872400
15,1183,241745570917600,2321500,2741989800,2744443500
15,1199,241745605864700,2174400,2776936900,2779390600
15,1215,241745640233500,2112000,2811305700,2813759400
15,1231,241745679461900,2321200,2850534100,2852987800
15,1247,241745713925300,2123400,2884997500,2887451200
15,1263,241745747935800,2139300,2919008000,2921461700
15,1279,241745782979400,2191400,2954051600,2956505300
15,1295,241745817385200,2400400,2988457400,2990911100
15,1311,241745858422200,2818900,3029494400,3031948100
15,1327,241745904120400,2847400,3075192600,3077646300
15,1343,241745955665400,2897000,3126737600,3129191300
15,1359,241746003037700,2826500,3174109900,3176563600
15,1375,241746046201300,2642000,3217273500,3219727200
15,1391,241746094094500,2658100,3265166700,3267620400
15,1407,241746137465600,3005100,3308537800,3310991500
15,1423,241746184606900,3009100,3355679100,3358132800
15,1439,241746231448500,6105800,3402520700,3404974400
15,1455,241746279299800,2833900,3450372000,3452825700
15,1471,241746331082900,2960100,3502155100,3504608800
15,1487,241746378073800,2904800,3549146000,3551599700
15,1503,241746423863500,2604800,3594935700,3597389400
15,1519,241746467650500,2705700,3638722700,3641176400
15,1535,241746511295300,2757100,3682367500,3684821200
15,1551,241746555499900,2937700,3726572100,3729025800
15,1567,241746600923100,3033300,3771995300,3774449000
15,1583,241746651584900,2578900,3822657100,3825110800
15,1599,241746697114000,2706200,3868186200,3870639900
15,1615,241746740198300,2641400,3911270500,3913724200
15,1631,241746784497900,3097900,3955570100,3958023800
15,1647,241746828672500,2798800,3999744700,4002198400
15,1663,241746875148800,2974900,4046221000,4048674700
15,1679,241746919578500,2730000,4090650700,4093104400
15,1695,241746963484800,2740100,4134557000,4137010700
15,1711,241747017175500,2779400,4188247700,4190701400
15,1727,241747060785400,2791100,4231857600,4234311300
15,1743,241747106892100,2781300,4277964300,4280418000
15,1759,241747152335500,2929100,4323407700,4325861400
15,1775,241747199594000,2939600,4370666200,4373119900
15,1791,241747246774500,2834700,4417846700,4420300400
15,1807,241747293001000,2763900,4464073200,4466526900
15,1823,241747342833300,2732700,4513905500,4516359200
15,1839,241747386236500,2939500,4557308700,4559762400
15,1855,241747432622400,2911100,4603694600,4606148300
15,1871,241747478497400,2615600,4649569600,4652023300
15,1887,241747520878700,2771400,4691950900,4694404600
15,1903,241747565293600,2738600,4736365800,4738819500
15,1919,241747610782800,2769800,4781855000,4784308700
15,1935,241747656406300,2892800,4827478500,4829932200
15,1951,241747708952800,3101600,4880025000,4882478700
15,1967,241747755285000,3059000,4926357200,4928810900
15,1983,241747799114500,2625600,4970186700,4972640400
15,1999,241747845903900,2938900,5016976100,5019429800
15,2015,241747891713800,2852900,5062786000,5065239700
15,2031,241747939717800,3444300,5110790000,5113243700
15,2047,241747994067400,3795600,5165139600,5167593300
16,0,241742877199900,12963700,48272100,50725800
16,16,241742934071300,2455900,105143500,107597200
16,32,241742972748000,2289400,143820200,146273900
16,48,241743011192700,2559900,182264900,184718600
16,64,241743049663500,2399900,220735700,223189400
16,80,241743088275600,2218300,259347800,261801500
16,96,241743124638900,2374400,295711100,298164800
16,112,241743171040200,2356700,342112400,344566100
16,128,241743207104300,2169400,378176500,380630200
16,144,241743241312000,2037700,412384200,414837900
16,160,241743276731000,2358700,447803200,450256900
16,176,241743311117300,2060800,482189500,484643200
16,192,241743347772700,2101700,518844900,521298600
16,208,241743382887700,2146800,553959900,556413600
16,224,241743418273700,2306900,589345900,591799600
16,240,241743460289800,2040700,631362000,633815700
16,256,241743494515700,2149700,665587900,668041600
16,272,241743529724900,2124200,700797100,703250800
16,288,241743564346200,2044900,735418400,737872100
16,304,241743599770900,2177000,770843100,773296800
16,320,241743634767800,2140600,805840000,808293700
16,336,241743669748900,2249600,840821100,843274800
16,352,241743705450500,2107900,876522700,878976400
16,368,241743748507200,2210200,919579400,922033100
16,384,241743784447700,2332400,955519900,957973600
16,400,241743821105600,2226700,992177800,994631500
16,416,241743857496500,2170900,1028568700,1031022400
16,432,241743892522800,2056900,1063595000,1066048700
16,448,241743926342000,2104800,1097414200,1099867900
16,464,241743962203800,2186900,1133276000,1135729700
16,480,241743997375900,2101600,1168448100,1170901800
16,496,241744038310000,2186900,1209382200,1211835900
16,512,241744072754800,2049900,1243827000,1246280700
16,528,241744106518700,2105200,1277590900,1280044600
16,544,241744140287100,2251500,1311359300,1313813000
16,560,241744175679500,2249800,1346751700,1349205400
16,576,241744210295100,2212700,1381367300,1383821000
16,592,241744244147500,2108100,1415219700,1417673400
16,608,241744282795100,2144100,1453867300,1456321000
16,624,241744323874200,2160800,1494946400,1497400100
16,640,241744359634400,2132800,1530706600,1533160300
16,656,241744393608500,2112900,1564680700,1567134400
16,672,241744427478700,2096200,1598550900,1601004600
16,688,241744461463800,2293500,1632536000,1634989700
16,704,241744496396300,2174300,1667468500,1669922200
16,720,241744530523900,2103900,1701596100,1704049800
16,736,241744565472600,2178600,1736544800,1738998500
16,752,241744606588900,2137200,1777661100,1780114800
16,768,241744640734400,1922900,1811806600,1814260300
16,784,241744677924200,2284500,1848996400,1851450100
16,800,241744713159400,2148700,1884231600,1886685300
16,816,241744747398900,2140400,1918471100,1920924800
16,832,241744781719400,2135900,1952791600,1955245300
16,848,241744815958300,2642300,1987030500,1989484200
16,864,241744860085000,2251300,2031157200,2033610900
16,880,241744895813500,2180300,2066885700,2069339400
16,896,241744930909200,2154900,2101981400,2104435100
16,912,241744965023300,2157900,2136095500,2138549200
16,928,241745000107500,2095800,2171179700,2173633400
16,944,241745034045400,2145800,2205117600,2207571300
16,960,241745069945900,2321400,2241018100,2243471800
16,976,241745106856700,2138500,2277928900,2280382600
16,992,241745149195600,2121800,2320267800,2322721500
16,1008,241745183239200,2114700,2354311400,2356765100
16,1024,241745217609600,2193600,2388681800,2391135500
16,1040,241745252652200,2100900,2423724400,2426178100
16,1056,241745287810400,2131900,2458882600,2461336300
16,1072,241745322412400,2211200,2493484600,2495938300
16,1088,241745357930000,2144200,2529002200,2531455900
16,1104,241745397130400,2137100,2568202600,2570656300
16,1120,241745431330800,2134500,2602403000,2604856700
16,1136,241745465677900,2121300,2636750100,2639203800
16,1152,241745501738300,2186000,2672810500,2675264200
16,1168,241745536296400,2360300,2707368600,2709822300
16,1184,241745573275000,2180700,2744347200,2746800900
16,1200,241745608428700,2190900,2779500900,2781954600
16,1216,241745642719100,2156600,2813791300,2816245000
16,1232,241745682110300,2129700,2853182500,2855636200
16,1248,241745716383400,2103000,2887455600,2889909300
16,1264,241745750384200,2113000,2921456400,2923910100
16,1280,241745785556400,2220500,2956628600,2959082300
16,1296,241745820035600,2305700,2991107800,2993561500
16,1312,241745861535800,2786800,3032608000,3035061700
16,1328,241745907249900,2869500,3078322100,3080775800
16,1344,241745958886900,2847300,3129959100,3132412800
16,1360,241746006194800,2772700,3177267000,3179720700
16,1376,241746049135100,2616100,3220207300,3222661000
16,1392,241746097085600,2663300,3268157800,3270611500
16,1408,241746140854500,3059800,3311926700,3314380400
16,1424,241746187980900,2929600,3359053100,3361506800
16,1440,241746237762200,2827900,3408834400,3411288100
16,1456,241746282375000,2734200,3453447200,3455900900
16,1472,241746334284100,2923800,3505356300,3507810000
16,1488,241746381224800,2899000,3552297000,3554750700
16,1504,241746426647900,2622300,3597720100,3600173800
16,1520,241746470540700,2688200,3641612900,3644066600
16,1536,241746514231900,2821200,3685304100,3687757800
16,1552,241746558731900,2978200,3729804100,3732257800
16,1568,241746604292700,3011800,3775364900,3777818600
16,1584,241746654482600,2835300,3825554800,3828008500
16,1600,241746700176400,2696100,3871248600,3873702300
16,1616,241746743209900,2629700,3914282100,3916735800
16,1632,241746787920100,3023900,3958992300,3961446000
16,1648,241746831861500,2984000,4002933700,4005387400
16,1664,241746878463600,3036100,4049535800,4051989500
16,1680,241746922618000,2817100,4093690200,4096143900
16,1696,241746966586200,2769300,4137658400,4140112100
16,1712,241747018494700,2749200,4189566900,4192020600
16,1728,241747062072700,2828000,4233144900,4235598600
16,1744,241747108236400,2819500,4279308600,4281762300
16,1760,241747153874200,2886400,4324946400,4327400100
16,1776,241747201128200,2931800,4372200400,4374654100
16,1792,241747248197400,2892100,4419269600,4421723300
16,1808,241747294302400,2937000,4465374600,4467828300
16,1824,241747344199700,2800800,4515271900,4517725600
16,1840,241747387761200,2944900,4558833400,4561287100
16,1856,241747434122500,2931400,4605194700,4607648400
16,1872,241747479850300,2649600,4650922500,4653376200
16,1888,241747522583400,2671400,4693655600,4696109300
16,1904,241747566975200,2759700,4738047400,4740501100
16,1920,241747612449000,2767000,4783521200,4785974900
16,1936,241747658165700,2958000,4829237900,4831691600
16,1952,241747710879200,3018900,4881951400,4884405100
16,1968,241747757291300,2987500,4928363500,4930817200
16,1984,241747800813900,2629700,4971886100,4974339800
16,2000,241747847840000,2954800,5018912200,5021365900
16,2016,241747893611900,2873600,5064684100,5067137800
16,2032,241747941955700,3326200,5113027900,5115481600
17,1,241742890218900,2641200,61291100,63744800
17,17,241742936404200,2437000,107476400,109930100
17,33,241742974851500,2324600,145923700,148377400
17,49,241743013493300,2275400,184565500,187019200
17,65,241743051653500,2394500,222725700,225179400
17,81,241743090297100,2405000,261369300,263823000
17,97,241743126684600,2312000,297756800,300210500
17,113,241743173225000,2351100,344297200,346750900
17,129,241743209015800,2331100,380088000,382541700
17,145,241743243137400,2100100,414209600,416663300
17,161,241743279002700,2160000,450074900,452528600
17,177,241743313121500,2123500,484193700,486647400
17,193,241743349793100,2206500,520865300,523319000
17,209,241743384949400,2221600,556021600,558475300
17,225,241743420616700,2529800,591688900,594142600
17,241,241743462304600,2068800,633376800,635830500
17,257,241743496609100,2154200,667681300,670135000
17,273,241743531726500,2219800,702798700,705252400
17,289,241743566282500,2106600,737354700,739808400
17,305,241743601739800,2165200,772812000,775265700
17,321,241743636732000,2210700,807804200,810257900
17,337,241743671972700,2117800,843044900,845498600
17,353,241743707593100,2120900,878665300,881119000
17,369,241743750779600,2307700,921851800,924305500
17,385,241743786839500,2248000,957911700,960365400
17,401,241743823398500,2206900,994470700,996924400
17,417,241743859732100,2299400,1030804300,1033258000
17,433,241743894636700,2125200,1065708900,1068162600
17,449,241743928515900,2145700,1099588100,1102041800
17,465,241743964482300,2325000,1135554500,1138008200
17,481,241743999566300,2098900,1170638500,1173092200
17,497,241744040554600,2206900,1211626800,1214080500
17,513,241744075204100,2103900,1246276300,1248730000
17,529,241744108847700,2165300,1279919900,1282373600
17,545,241744142757700,2167300,1313829900,1316283600
17,561,241744178024200,2319700,1349096400,1351550100
17,577,241744212427700,2091000,1383499900,1385953600
17,593,241744246146000,2100900,1417218200,1419671900
17,609,241744284851600,2149500,1455923800,1458377500
17,625,241744325943100,2212400,1497015300,1499469000
17,641,241744361684200,2094400,1532756400,1535210100
17,657,241744395642300,2128300,1566714500,1569168200
17,673,241744429484100,2287000,1600556300,1603010000
17,689,241744463673400,2154600,1634745600,1637199300
17,705,241744498604000,2174700,1669676200,1672129900
17,721,241744532660300,2123700,1703732500,1706186200
17,737,241744567710100,2142400,1738782300,1741236000
17,753,241744608786900,2102500,1779859100,1782312800
17,769,241744642623100,2167700,1813695300,1816149000
17,785,241744679728400,2216300,1850800600,1853254300
17,801,241744714848500,2142900,1885920700,1888374400
17,817,241744749075800,2148500,1920148000,1922601700
17,833,241744783418600,2142500,1954490800,1956944500
17,849,241744817908200,2474100,1988980400,1991434100
17,865,241744861912600,2213400,2032984800,2035438500
17,881,241744897839500,2222700,2068911700,2071365400
17,897,241744932923000,2132500,2103995200,2106448900
17,913,241744967038200,2278400,2138110400,2140564100
17,929,241745002144800,2086600,2173217000,2175670700
17,945,241745036105700,2145500,2207177900,2209631600
17,961,241745072139100,2276800,2243211300,2245665000
17,977,241745108874300,2139700,2279946500,2282400200
17,993,241745151204800,2149100,2322277000,2324730700
17,1009,241745185228700,2131300,2356300900,2358754600
17,1025,241745219744400,2240000,2390816600,2393270300
17,1041,241745254696000,2173700,2425768200,2428221900
17,1057,241745289832000,2149200,2460904200,2463357900
17,1073,241745324505100,2241500,2495577300,2498031000
17,1089,241745359961900,2144100,2531034100,2533487800
17,1105,241745399154300,2117200,2570226500,2572680200
17,1121,241745433439300,2537200,2604511500,2606965200
17,1137,241745468029500,2259300,2639101700,2641555400
17,1153,241745504228900,2282300,2675301100,2677754800
17,1169,241745539020100,2337500,2710092300,2712546000
17,1185,241745575954400,2210500,2747026600,2749480300
17,1201,241745610865800,2156200,2781938000,2784391700
17,1217,241745645133500,2150000,2816205700,2818659400
17,1233,241745684505000,2122200,2855577200,2858030900
17,1249,241745718806600,2100400,2889878800,2892332500
17,1265,241745752805600,2138700,2923877800,2926331500
17,1281,241745788107600,2213900,2959179800,2961633500
17,1297,241745822810100,2148600,2993882300,2996336000
17,1313,241745864993900,2811300,3036066100,3038519800
17,1329,241745910795700,2819600,3081867900,3084321600
17,1345,241745962819100,3159200,3133891300,3136345000
17,1361,241746010077000,2786200,3181149200,3183602900
17,1377,241746052661300,2643100,3223733500,3226187200
17,1393,241746100695900,2737700,3271768100,3274221800
17,1409,241746144987400,3031400,3316059600,3318513300
17,1425,241746191979000,2949300,3363051200,3365504900
17,1441,241746241624000,2715100,3412696200,3415149900
17,1457,241746286122400,2715700,3457194600,3459648300
17,1473,241746338311500,2935200,3509383700,3511837400
17,1489,241746385189600,2944000,3556261800,3558715500
17,1505,241746430261200,2645900,3601333400,3603787100
17,1521,241746474222500,2696000,3645294700,3647748400
17,1537,241746518140600,2757200,3689212800,3691666500
17,1553,241746562714000,2760100,3733786200,3736239900
17,1569,241746608328900,3248100,3779401100,3781854800
17,1585,241746658330900,3005000,3829403100,3831856800
17,1601,241746703854400,2811500,3874926600,3877380300
17,1617,241746746665400,2608500,3917737600,3920191300
17,1633,241746791867700,2851200,3962939900,3965393600
17,1649,241746835580300,2970900,4006652500,4009106200
17,1665,241746882218300,2740800,4053290500,4055744200
17,1681,241746926089900,2749300,4097162100,4099615800
17,1697,241746969992900,8508800,4141065100,4143518800
17,1713,241747022102200,2735000,4193174400,4195628100
17,1729,241747065960400,2951900,4237032600,4239486300
17,1745,241747111915700,2814400,4282987900,4285441600
17,1761,241747157598700,2798600,4328670900,4331124600
17,1777,241747204969500,2952600,4376041700,4378495400
17,1793,241747251952100,2899000,4423024300,4425478000
17,1809,241747298132800,2844300,4469205000,4471658700
17,1825,241747347827400,2663700,4518899600,4521353300
17,1841,241747391589500,2929600,4562661700,4565115400
17,1857,241747437917300,2884600,4608989500,4611443200
17,1873,241747483294000,2609700,4654366200,4656819900
17,1889,241747526394400,2647900,4697466600,4699920300
17,1905,241747570864400,2717400,4741936600,4744390300
17,1921,241747616344600,2730300,4787416800,4789870500
17,1937,241747662328900,7754300,4833401100,4835854800
17,1953,241747715133600,3027500,4886205800,4888659500
17,1969,241747761509700,2763500,4932581900,4935035600
17,1985,241747804536700,3035400,4975608900,4978062600
17,2001,241747851995600,2671800,5023067800,5025521500
17,2017,241747897755800,2920600,5068828000,5071281700
17,2033,241747946700800,3485100,5117773000,5120226700
18,2,241742892898000,2554000,63970200,66423900
18,18,241742938908600,2557200,109980800,112434500
18,34,241742977211900,2271900,148284100,150737800
18,50,241743015961600,2979200,187033800,189487500
18,66,241743054413000,2907600,225485200,227938900
18,82,241743092781100,2151800,263853300,266307000
18,98,241743129177200,2432600,300249400,302703100
18,114,241743175830500,2240800,346902700,349356400
18,130,241743211680300,2142400,382752500,385206200
18,146,241743245673100,2299400,416745300,419199000
18,162,241743281476300,2110500,452548500,455002200
18,178,241743315549300,2718900,486621500,489075200
18,194,241743352615500,2210900,523687700,526141400
18,210,241743387792200,2235500,558864400,561318100
18,226,241743423666200,2212500,594738400,597192100
18,242,241743464817100,2108200,635889300,638343000
18,258,241743499342400,2109700,670414600,672868300
18,274,241743534492200,2206300,705564400,708018100
18,290,241743568940800,2146300,740013000,742466700
18,306,241743604513200,2241200,775585400,778039100
18,322,241743639594800,2092800,810667000,813120700
18,338,241743674695900,2208900,845768100,848221800
18,354,241743710188300,2158700,881260500,883714200
18,370,241743753565200,2239600,924637400,927091100
18,386,241743789649900,2311400,960722100,963175800
18,402,241743826231500,2282400,997303700,999757400
18,418,241743862627200,2242900,1033699400,1036153100
18,434,241743897269600,2110700,1068341800,1070795500
18,450,241743931154200,2042400,1102226400,1104680100
18,466,241743967428900,2192800,1138501100,1140954800
18,482,241744002206300,2120400,1173278500,1175732200
18,498,241744043392100,2184300,1214464300,1216918000
18,514,241744077626300,2098400,1248698500,1251152200
18,530,241744111521200,2061900,1282593400,1285047100
18,546,241744145519800,2188300,1316592000,1319045700
18,562,241744181056100,2168400,1352128300,1354582000
18,578,241744215257000,2056700,1386329200,1388782900
18,594,241744249018300,3971900,1420090500,1422544200
18,610,241744287989800,2248100,1459062000,1461515700
18,626,241744329119600,2159300,1500191800,1502645500
18,642,241744364707400,2128900,1535779600,1538233300
18,658,241744398770000,2114800,1569842200,1572295900
18,674,241744432675300,2006800,1603747500,1606201200
18,690,241744466770400,2132400,1637842600,1640296300
18,706,241744501638900,2121700,1672711100,1675164800
18,722,241744535647000,2124200,1706719200,1709172900
18,738,241744570746000,2104400,1741818200,1744271900
18,754,241744611747200,2087700,1782819400,1785273100
18,770,241744645893600,2119800,1816965800,1819419500
18,786,241744683280900,2267500,1854353100,1856806800
18,802,241744718229100,2124900,1889301300,1891755000
18,818,241744752469900,2157400,1923542100,1925995800
18,834,241744786821600,2088800,1957893800,1960347500
18,850,241744821681700,2285000,1992753900,1995207600
18,866,241744865189800,2132600,2036262000,2038715700
18,882,241744901189400,2201300,2072261600,2074715300
18,898,241744936167600,2119700,2107239800,2109693500
18,914,241744970491100,2204800,2141563300,2144017000
18,930,241745005185300,2114700,2176257500,2178711200
18,946,241745039169400,2126500,2210241600,2212695300
18,962,241745075410400,3644500,2246482600,2248936300
18,978,241745112267900,2127500,2283340100,2285793800
18,994,241745154638100,2143000,2325710300,2328164000
18,1010,241745188638000,2092700,2359710200,2362163900
18,1026,241745223337600,2170800,2394409800,2396863500
18,1042,241745258214900,2157000,2429287100,2431740800
18,1058,241745293502200,2118800,2464574400,2467028100
18,1074,241745328396800,2193600,2499469000,2501922700
18,1090,241745363765000,2122000,2534837200,2537290900
18,1106,241745402850300,2118200,2573922500,2576376200
18,1122,241745437313800,2085800,2608386000,2610839700
18,1138,241745471846400,2369800,2642918600,2645372300
18,1154,241745507937200,2155400,2679009400,2681463100
18,1170,241745542737600,2165600,2713809800,2716263500
18,1186,241745579269300,2100900,2750341500,2752795200
18,1202,241745614060000,2163600,2785132200,2787585900
18,1218,241745648263600,2141100,2819335800,2821789500
18,1234,241745687620300,2099700,2858692500,2861146200
18,1250,241745721840100,2118300,2892912300,2895366000
18,1266,241745756018300,2212000,2927090500,2929544200
18,1282,241745791257400,2092800,2962329600,2964783300
18,1298,241745825811700,2223400,2996883900,2999337600
18,1314,241745868974200,2785100,3040046400,3042500100
18,1330,241745914763600,2854200,3085835800,3088289500
18,1346,241745967345400,3055600,3138417600,3140871300
18,1362,241746013896800,2764700,3184969000,3187422700
18,1378,241746056313500,3040500,3227385700,3229839400
18,1394,241746104439900,2723600,3275512100,3277965800
18,1410,241746149123900,3030800,3320196100,3322649800
18,1426,241746195994500,2770800,3367066700,3369520400
18,1442,241746245318200,2873100,3416390400,3418844100
18,1458,241746289828900,7781600,3460901100,3463354800
18,1474,241746342327200,2941200,3513399400,3515853100
18,1490,241746389257300,2929200,3560329500,3562783200
18,1506,241746433779100,2712000,3604851300,3607305000
18,1522,241746477709000,2675000,3648781200,3651234900
18,1538,241746521756800,2781400,3692829000,3695282700
18,1554,241746566259000,2720200,3737331200,3739784900
18,1570,241746612483000,3043900,3783555200,3786008900
18,1586,241746662223300,2938100,3833295500,3835749200
18,1602,241746707541200,2725200,3878613400,3881067100
18,1618,241746750021400,2738400,3921093600,3923547300
18,1634,241746795473500,2608700,3966545700,3968999400
18,1650,241746839463400,2985200,4010535600,4012989300
18,1666,241746885741400,2687400,4056813600,4059267300
18,1682,241746929650400,2745200,4100722600,4103176300
18,1698,241746979397800,2719000,4150470000,4152923700
18,1714,241747025245000,2686500,4196317200,4198770900
18,1730,241747069323000,2711900,4240395200,4242848900
18,1746,241747115151700,2772100,4286223900,4288677600
18,1762,241747161115100,3111000,4332187300,4334641000
18,1778,241747208596900,3070600,4379669100,4382122800
18,1794,241747255436600,2724700,4426508800,4428962500
18,1810,241747301478200,2809000,4472550400,4475004100
18,1826,241747351041000,2781500,4522113200,4524566900
18,1842,241747395142900,2733300,4566215100,4568668800
18,1858,241747441332100,2727600,4612404300,4614858000
18,1874,241747486466400,2568700,4657538600,4659992300
18,1890,241747529224800,2636800,4700297000,4702750700
18,1906,241747573771000,2773000,4744843200,4747296900
18,1922,241747619292100,2831800,4790364300,4792818000
18,1938,241747670294100,2914600,4841366300,4843820000
18,1954,241747718371800,2987800,4889444000,4891897700
18,1970,241747764432600,2767000,4935504800,4937958500
18,1986,241747807729600,2995000,4978801800,4981255500
18,2002,241747854782800,2967100,5025855000,5028308700
18,2018,241747900854900,2881200,5071927100,5074380800
18,2034,241747950368800,3298500,5121441000,5123894700
19,3,241742895488700,2660800,66560900,69014600
19,19,241742941372200,2451400,112444400,114898100
19,35,241742979428400,2300200,150500600,152954300
19,51,241743018785200,2287900,189857400,192311100
19,67,241743057005000,2405800,228077200,230530900
19,83,241743094708900,2203900,265781100,268234800
19,99,241743131382900,2614600,302455100,304908800
19,115,241743177693400,2244100,348765600,351219300
19,131,241743213571900,2162500,384644100,387097800
19,147,241743247624300,2307400,418696500,421150200
19,163,241743283298400,2138900,454370600,456824300
19,179,241743317737600,2439200,488809800,491263500
19,195,241743354134200,2347800,525206400,527660100
19,211,241743389380200,2152700,560452400,562906100
19,227,241743425109400,2189700,596181600,598635300
19,243,241743466209400,2052600,637281600,639735300
19,259,241743500622800,2098300,671695000,674148700
19,275,241743535968000,2171300,707040200,709493900
19,291,241743570381200,2125000,741453400,743907100
19,307,241743606029500,2295600,777101700,779555400
19,323,241743640971900,2186900,812044100,814497800
19,339,241743676018100,2215500,847090300,849544000
19,355,241743711546300,2216400,882618500,885072200
19,371,241743754856900,2414300,925929100,928382800
19,387,241743791106100,2338600,962178300,964632000
19,403,241743827690200,2254700,998762400,1001216100
19,419,241743864050500,2133800,1035122700,1037576400
19,435,241743898611800,2119800,1069684000,1072137700
19,451,241743932495100,2291500,1103567300,1106021000
19,467,241743968803000,2204600,1139875200,1142328900
19,483,241744003490900,2162000,1174563100,1177016800
19,499,241744044665600,2163500,1215737800,1218191500
19,515,241744078967700,2104500,1250039900,1252493600
19,531,241744112769600,2094900,1283841800,1286295500
19,547,241744146820700,2181400,1317892900,1320346600
19,563,241744182234800,2150800,1353307000,1355760700
19,579,241744216344300,2072200,1387416500,1389870200
19,595,241744250986100,4540400,1422058300,1424512000
19,611,241744288986100,2132900,1460058300,1462512000
19,627,241744330022600,2154900,1501094800,1503548500
19,643,241744365670900,2157500,1536743100,1539196800
19,659,241744399722300,2113400,1570794500,1573248200
19,675,241744433546200,2257100,1604618400,1607072100
19,691,241744467886400,2129900,1638958600,1641412300
19,707,241744502673800,2111600,1673746000,1676199700
19,723,241744536687700,2123600,1707759900,1710213600
19,739,241744571724200,1992300,1742796400,1745250100
19,755,241744612535500,2116100,1783607700,1786061400
19,771,241744646696400,2152600,1817768600,1820222300
19,787,241744683685100,2326300,1854757300,1857211000
19,803,241744718622600,2112000,1889694800,1892148500
19,819,241744752847000,2196100,1923919200,1926372900
19,835,241744787210300,2114000,1958282500,1960736200
19,851,241744822225100,2225100,1993297300,1995751000
19,867,241744865655900,2135100,2036728100,2039181800
19,883,241744901359500,2205600,2072431700,2074885400
19,899,241744936303800,2132900,2107376000,2109829700
19,915,241744970584300,2196100,2141656500,2144110200
19,931,241745005328600,2114300,2176400800,2178854500
19,947,241745039373200,2121600,2210445400,2212899100
19,963,241745075635000,3745600,2246707200,2249160900
19,979,241745112441100,2133100,2283513300,2285967000
19,995,241745154816000,2144400,2325888200,2328341900
19,1011,241745188811400,2084700,2359883600,2362337300
19,1027,241745223512900,2177500,2394585100,2397038800
19,1043,241745258500100,2162100,2429572300,2432026000
19,1059,241745293533400,2121400,2464605600,2467059300
19,1075,241745328366000,2188900,2499438200,2501891900
19,1091,241745363732900,2120400,2534805100,2537258800
19,1107,241745402821300,2112500,2573893500,2576347200
19,1123,241745437251400,2084600,2608323600,2610777300
19,1139,241745471711100,2367300,2642783300,2645237000
19,1155,241745507824900,2139300,2678897100,2681350800
19,1171,241745542634600,2300100,2713706800,2716160500
19,1187,241745579299400,2102200,2750371600,2752825300
19,1203,241745614150500,2161800,2785222700,2787676400
19,1219,241745648355700,2142400,2819427900,2821881600
19,1235,241745687737100,2099900,2858809300,2861263000
19,1251,241745721954200,2120500,2893026400,2895480100
19,1267,241745756142100,2201900,2927214300,2929668000
19,1283,241745791377000,2091300,2962449200,2964902900
19,1299,241745825936600,2239700,2997008800,2999462500
19,1315,241745869132200,2780900,3040204400,3042658100
19,1331,241745914884000,2848200,3085956200,3088409900
19,1347,241745967483500,3055100,3138555700,3141009400
19,1363,241746014229800,2756900,3185302000,3187755700
19,1379,241746056751600,3027700,3227823800,3230277500
19,1395,241746104813900,2722600,3275886100,3278339800
19,1411,241746149521400,3028800,3320593600,3323047300
19,1427,241746196386400,2740300,3367458600,3369912300
19,1443,241746245689200,2888800,3416761400,3419215100
19,1459,241746290191900,7814100,3461264100,3463717800
19,1475,241746342711800,2937400,3513784000,3516237700
19,1491,241746389640500,2928000,3560712700,3563166400
19,1507,241746434216300,2704000,3605288500,3607742200
19,1523,241746478251600,2677000,3649323800,3651777500
19,1539,241746522327200,2759300,3693399400,3695853100
19,1555,241746566598300,2749200,3737670500,3740124200
19,1571,241746612867900,3051300,3783940100,3786393800
19,1587,241746662612100,2932100,3833684300,3836138000
19,1603,241746707912100,2678600,3878984300,3881438000
19,1619,241746750392200,2652600,3921464400,3923918100
19,1635,241746795758800,2599600,3966831000,3969284700
19,1651,241746839754400,2988600,4010826600,4013280300
19,1667,241746886012500,2678000,4057084700,4059538400
19,1683,241746929910700,2759800,4100982900,4103436600
19,1699,241746979593500,2715400,4150665700,4153119400
19,1715,241747028715600,2747700,4199787800,4202241500
19,1731,241747072804100,2732800,4243876300,4246330000
19,1747,241747118708500,2782600,4289780700,4292234400
19,1763,241747164815000,2969600,4335887200,4338340900
19,1779,241747212250400,2930700,4383322600,4385776300
19,1795,241747258742500,2925200,4429814700,4432268400
19,1811,241747304788300,2802200,4475860500,4478314200
19,1827,241747354377900,2732500,4525450100,4527903800
19,1843,241747398494100,2913600,4569566300,4572020000
19,1859,241747444696500,2881000,4615768700,4618222400
19,1875,241747489602500,2681500,4660674700,4663128400
19,1891,241747532436200,2625900,4703508400,4705962100
19,1907,241747577099300,2705700,4748171500,4750625200
19,1923,241747622758000,2859700,4793830200,4796283900
19,1939,241747673831500,2964300,4844903700,4847357400
19,1955,241747721992300,3009500,4893064500,4895518200
19,1971,241747767726500,2712000,4938798700,4941252400
19,1987,241747811318500,3100400,4982390700,4984844400
19,2003,241747858283600,2762500,5029355800,5031809500
19,2019,241747904282400,2862900,5075354600,5077808300
19,2035,241747954291400,3354100,5125363600,5127817300
20,4,241742898196300,2667100,69268500,71722200
20,20,241742944022300,2510600,115094500,117548200
20,36,241742981858200,2264100,152930400,155384100
20,52,241743021291400,2372800,192363600,194817300
20,68,241743059601000,2238600,230673200,233126900
20,84,241743096974600,2144100,268046800,270500500
20,100,241743133955600,2578000,305027800,307481500
20,116,241743180141600,2488600,351213800,353667500
20,132,241743215822000,2362500,386894200,389347900
20,148,241743250033300,2152400,421105500,423559200
20,164,241743285527800,2066400,456600000,459053700
20,180,241743320446000,2374700,491518200,493971900
20,196,241743356919400,2204600,527991600,530445300
20,212,241743391977500,2108700,563049700,565503400
20,228,241743427833400,2227900,598905600,601359300
20,244,241743468775700,2108800,639847900,642301600
20,260,241743503248800,2125500,674321000,676774700
20,276,241743538731500,2227300,709803700,712257400
20,292,241743573076900,2129100,744149100,746602800
20,308,241743608875200,2150300,779947400,782401100
20,324,241743643708500,2228000,814780700,817234400
20,340,241743678824800,2415500,849897000,852350700
20,356,241743714323200,2152500,885395400,887849100
20,372,241743757722000,2281400,928794200,931247900
20,388,241743793905700,2232700,964977900,967431600
20,404,241743830355100,2270000,1001427300,1003881000
20,420,241743866617800,2087300,1037690000,1040143700
20,436,241743901132000,2094800,1072204200,1074657900
20,452,241743935201000,2428700,1106273200,1108726900
20,468,241743971489200,2212100,1142561400,1145015100
20,484,241744006132100,2160700,1177204300,1179658000
20,500,241744047386000,2158800,1218458200,1220911900
20,516,241744081487800,2082200,1252560000,1255013700
20,532,241744115236600,2204900,1286308800,1288762500
20,548,241744149409300,2226300,1320481500,1322935200
20,564,241744184711900,2211300,1355784100,1358237800
20,580,241744218708000,2092200,1389780200,1392233900
20,596,241744256296800,2532200,1427369000,1429822700
20,612,241744291438600,2117500,1462510800,1464964500
20,628,241744332503600,2125900,1503575800,1506029500
20,644,241744368089400,2140700,1539161600,1541615300
20,660,241744402097000,2083700,1573169200,1575622900
20,676,241744435913600,2102500,1606985800,1609439500
20,692,241744470158300,2154700,1641230500,1643684200
20,708,241744504902100,2172100,1675974300,1678428000
20,724,241744538932600,2118200,1710004800,1712458500
20,740,241744574042300,2233400,1745114500,1747568200
20,756,241744614953900,2142900,1786026100,1788479800
20,772,241744648922600,2494400,1819994800,1822448500
20,788,241744686078700,2238600,1857150900,1859604600
20,804,241744720793600,2183900,1891865800,1894319500
20,820,241744755107000,2173700,1926179200,1928632900
20,836,241744789388400,2127200,1960460600,1962914300
20,852,241744824544700,2206900,1995616900,1998070600
20,868,241744867950300,2173000,2039022500,2041476200
20,884,241744903809500,2232000,2074881700,2077335400
20,900,241744938700600,2120100,2109772800,2112226500
20,916,241744973136100,2213400,2144208300,2146662000
20,932,241745007760000,2142500,2178832200,2181285900
20,948,241745041876000,2144500,2212948200,2215401900
20,964,241745078666600,3026000,2249738800,2252192500
20,980,241745114137700,2170100,2285209900,2287663600
20,996,241745156489600,2122300,2327561800,2330015500
20,1012,241745190453000,2098300,2361525200,2363978900
20,1028,241745225152300,2183700,2396224500,2398678200
20,1044,241745260015900,2199600,2431088100,2433541800
20,1060,241745295130400,2129400,2466202600,2468656300
20,1076,241745330016100,2271600,2501088300,2503542000
20,1092,241745365244100,2149900,2536316300,2538770000
20,1108,241745404335900,2140800,2575408100,2577861800
20,1124,241745438669200,2126500,2609741400,2612195100
20,1140,241745473362800,2261800,2644435000,2646888700
20,1156,241745508959800,2175800,2680032000,2682485700
20,1172,241745543936200,2180300,2715008400,2717462100
20,1188,241745580486500,2135800,2751558700,2754012400
20,1204,241745615331600,2166200,2786403800,2788857500
20,1220,241745649528100,6891000,2820600300,2823054000
20,1236,241745688843400,2143500,2859915600,2862369300
20,1252,241745723087800,2130900,2894160000,2896613700
20,1268,241745757397900,2102600,2928470100,2930923800
20,1284,241745792468500,2131800,2963540700,2965994400
20,1300,241745827091700,2375800,2998163900,3000617600
20,1316,241745870633900,2807600,3041706100,3044159800
20,1332,241745916464500,3132300,3087536700,3089990400
20,1348,241745968819800,3081700,3139892000,3142345700
20,1364,241746015486000,2769000,3186558200,3189011900
20,1380,241746058014000,3172200,3229086200,3231539900
20,1396,241746106044400,2690100,3277116600,3279570300
20,1412,241746150889500,3026800,3321961700,3324415400
20,1428,241746197638700,2583100,3368710900,3371164600
20,1444,241746247017200,2830500,3418089400,3420543100
20,1460,241746296366300,3053600,3467438500,3469892200
20,1476,241746344080400,2948700,3515152600,3517606300
20,1492,241746391009900,3120500,3562082100,3564535800
20,1508,241746435496900,2617400,3606569100,3609022800
20,1524,241746479479800,2691000,3650552000,3653005700
20,1540,241746523674700,2761900,3694746900,3697200600
20,1556,241746568050700,2816900,3739122900,3741576600
20,1572,241746614503200,3051000,3785575400,3788029100
20,1588,241746664152900,2950000,3835225100,3837678800
20,1604,241746709385700,2655100,3880457900,3882911600
20,1620,241746751871700,2732200,3922943900,3925397600
20,1636,241746797252400,2556900,3968324600,3970778300
20,1652,241746841497300,2966800,4012569500,4015023200
20,1668,241746887572800,2653100,4058645000,4061098700
20,1684,241746931480300,2739000,4102552500,4105006200
20,1700,241746981186600,2706400,4152258800,4154712500
20,1716,241747026537200,2757800,4197609400,4200063100
20,1732,241747070635200,2731200,4241707400,4244161100
20,1748,241747116500600,2788300,4287572800,4290026500
20,1764,241747162467000,3000500,4333539200,4335992900
20,1780,241747209843200,3052900,4380915400,4383369100
20,1796,241747256502600,2908500,4427574800,4430028500
20,1812,241747302732500,2623700,4473804700,4476258400
20,1828,241747352218700,2772400,4523290900,4525744600
20,1844,241747396279400,2879800,4567351600,4569805300
20,1860,241747442638200,2753800,4613710400,4616164100
20,1876,241747487604700,2619100,4658676900,4661130600
20,1892,241747530392700,2666600,4701464900,4703918600
20,1908,241747574947800,2746500,4746020000,4748473700
20,1924,241747620383700,3025300,4791455900,4793909600
20,1940,241747671553800,2937600,4842626000,4845079700
20,1956,241747719683200,2987600,4890755400,4893209100
20,1972,241747765639300,2755600,4936711500,4939165200
20,1988,241747809084200,2985000,4980156400,4982610100
20,2004,241747856082200,2879100,5027154400,5029608100
20,2020,241747902130500,2844700,5073202700,5075656400
20,2036,241747951799700,3288100,5122871900,5125325600
21,5,241742900830300,3862200,71902500,74356200
21,21,241742946410800,2523200,117483000,119936700
21,37,241742983973200,2248000,155045400,157499100
21,53,241743023425100,2342900,194497300,196951000
21,69,241743061514200,2223900,232586400,235040100
21,85,241743098945600,2158800,270017800,272471500
21,101,241743136373600,2427500,307445800,309899500
21,117,241743182434900,2452300,353507100,355960800
21,133,241743217971200,2116200,389043400,391497100
21,149,241743252027300,2034700,423099500,425553200
21,165,241743287405200,2053700,458477400,460931100
21,181,241743322432600,2367800,493504800,495958500
21,197,241743358707300,2231700,529779500,532233200
21,213,241743393663800,2127000,564736000,567189700
21,229,241743429764100,2200800,600836300,603290000
21,245,241743470542300,2141000,641614500,644068200
21,261,241743505042400,2152700,676114600,678568300
21,277,241743540554000,2100600,711626200,714079900
21,293,241743574832300,2266300,745904500,748358200
21,309,241743610624800,2123700,781697000,784150700
21,325,241743645635300,2189500,816707500,819161200
21,341,241743680866100,2405800,851938300,854392000
21,357,241743716188500,2112100,887260700,889714400
21,373,241743759696100,2195000,930768300,933222000
21,389,241743796107200,2232200,967179400,969633100
21,405,241743832658900,2203700,1003731100,1006184800
21,421,241743868677700,2129500,1039749900,1042203600
21,437,241743903200500,2106200,1074272700,1076726400
21,453,241743937540400,2344700,1108612600,1111066300
21,469,241743973640700,2248600,1144712900,1147166600
21,485,241744008207100,2085200,1179279300,1181733000
21,501,241744049305600,2168100,1220377800,1222831500
21,517,241744083393800,2086500,1254466000,1256919700
21,533,241744117358600,2063900,1288430800,1290884500
21,549,241744151521800,2220700,1322594000,1325047700
21,565,241744186868400,2149000,1357940600,1360394300
21,581,241744220831400,2051900,1391903600,1394357300
21,597,241744258861700,2170300,1429933900,1432387600
21,613,241744293616400,2098200,1464688600,1467142300
21,629,241744334704100,2392000,1505776300,1508230000
21,645,241744370320700,2096800,1541392900,1543846600
21,661,241744404274400,2109500,1575346600,1577800300
21,677,241744438077700,2138600,1609149900,1611603600
21,693,241744472371300,2197400,1643443500,1645897200
21,709,241744507274700,2108300,1678346900,1680800600
21,725,241744541279800,2227600,1712352000,1714805700
21,741,241744576622300,9039800,1747694500,1750148200
21,757,241744617447500,2155300,1788519700,1790973400
21,773,241744652337700,2506100,1823409900,1825863600
21,789,241744689274600,2124400,1860346800,1862800500
21,805,241744723844400,2177900,1894916600,1897370300
21,821,241744758187600,2081900,1929259800,1931713500
21,837,241744792434300,2146100,1963506500,1965960200
21,853,241744827786500,2240200,1998858700,2001312400
21,869,241744871100200,2180900,2042172400,2044626100
21,885,241744907067400,2239100,2078139600,2080593300
21,901,241744941734100,2134100,2112806300,2115260000
21,917,241744976312900,2102900,2147385100,2149838800
21,933,241745010820500,2119300,2181892700,2184346400
21,949,241745044943500,2292700,2216015700,2218469400
21,965,241745083038400,2236700,2254110600,2256564300
21,981,241745125232900,2448800,2296305100,2298758800
21,997,241745159947400,2127100,2331019600,2333473300
21,1013,241745193851800,2106700,2364924000,2367377700
21,1029,241745228536000,2164700,2399608200,2402061900
21,1045,241745263482100,2219500,2434554300,2437008000
21,1061,241745298491100,2120900,2469563300,2472017000
21,1077,241745333534300,2101400,2504606500,2507060200
21,1093,241745368703400,2165300,2539775600,2542229300
21,1109,241745407731200,2093800,2578803400,2581257100
21,1125,241745442038700,2166500,2613110900,2615564600
21,1141,241745477004000,2261900,2648076200,2650529900
21,1157,241745512770100,2097100,2683842300,2686296000
21,1173,241745547742200,2341900,2718814400,2721268100
21,1189,241745583999600,2122000,2755071800,2757525500
21,1205,241745618948000,2161900,2790020200,2792473900
21,1221,241745657950800,2128500,2829023000,2831476700
21,1237,241745692394200,2126000,2863466400,2865920100
21,1253,241745726591400,2091500,2897663600,2900117300
21,1269,241745760890400,2164400,2931962600,2934416300
21,1285,241745796132300,2077700,2967204500,2969658200
21,1301,241745831457900,2265500,3002530100,3004983800
21,1317,241745875743800,2840200,3046816000,3049269700
21,1333,241745922228300,3103000,3093300500,3095754200
21,1349,241745974726300,3064800,3145798500,3148252200
21,1365,241746020812500,2689600,3191884700,3194338400
21,1381,241746063943000,3051200,3235015200,3237468900
21,1397,241746111227300,2689000,3282299500,3284753200
21,1413,241746156650700,3012900,3327722900,3330176600
21,1429,241746202720600,2921600,3373792800,3376246500
21,1445,241746252251500,2755300,3423323700,3425777400
21,1461,241746302022400,2959500,3473094600,3475548300
21,1477,241746349593200,2919900,3520665400,3523119100
21,1493,241746397175100,3116000,3568247300,3570701000
21,1509,241746440434900,2611000,3611507100,3613960800
21,1525,241746484314300,3016800,3655386500,3657840200
21,1541,241746528806800,2786800,3699879000,3702332700
21,1557,241746573194300,2752800,3744266500,3746720200
21,1573,241746620137100,3010700,3791209300,3793663000
21,1589,241746669484300,2986000,3840556500,3843010200
21,1605,241746714340400,2739900,3885412600,3887866300
21,1621,241746757015400,2819600,3928087600,3930541300
21,1637,241746801834300,2655700,3972906500,3975360200
21,1653,241746846550300,2873900,4017622500,4020076200
21,1669,241746892406400,2751200,4063478600,4065932300
21,1685,241746936371800,2747000,4107444000,4109897700
21,1701,241746986021900,3058600,4157094100,4159547800
21,1717,241747033704600,2677800,4204776800,4207230500
21,1733,241747077802000,2724700,4248874200,4251327900
21,1749,241747123782800,2942700,4294855000,4297308700
21,1765,241747170240100,2942200,4341312300,4343766000
21,1781,241747217610400,2912800,4388682600,4391136300
21,1797,241747264118900,2935600,4435191100,4437644800
21,1813,241747310032000,2891700,4481104200,4483557900
21,1829,241747359310100,2662700,4530382300,4532836000
21,1845,241747403847500,2954400,4574919700,4577373400
21,1861,241747449958700,2895000,4621030900,4623484600
21,1877,241747494485300,2671500,4665557500,4668011200
21,1893,241747537339000,2777200,4708411200,4710864900
21,1909,241747582138400,2928100,4753210600,4755664300
21,1925,241747627986600,2815200,4799058800,4801512500
21,1941,241747679361600,3084600,4850433800,4852887500
21,1957,241747727581400,2902700,4898653600,4901107300
21,1973,241747772746300,2762700,4943818500,4946272200
21,1989,241747816878400,2906000,4987950600,4990404300
21,2005,241747863378000,2793100,5034450200,5036903900
21,2021,241747909615500,2856300,5080687700,5083141400
21,2037,241747960535900,3633800,5131608100,5134061800
22,6,241742904889200,3434600,75961400,78415100
22,22,241742949185500,2436300,120257700,122711400
22,38,241742986495200,2305300,157567400,160021100
22,54,241743026168100,2385800,197240300,199694000
22,70,241743064293000,2580000,235365200,237818900
22,86,241743101652400,2167600,272724600,275178300
22,102,241743139404100,2424400,310476300,312930000
22,118,241743185277800,2352200,356350000,358803700
22,134,241743220429100,2086200,391501300,393955000
22,150,241743254363200,2082000,425435400,427889100
22,166,241743289754800,2037800,460827000,463280700
22,182,241743325066000,2281400,496138200,498591900
22,198,241743361240800,2216200,532313000,534766700
22,214,241743396069400,2064500,567141600,569595300
22,230,241743432176200,2272100,603248400,605702100
22,246,241743472913800,2115400,643986000,646439700
22,262,241743507482800,2121000,678555000,681008700
22,278,241743542960500,2191200,714032700,716486400
22,294,241743577395600,2224800,748467800,750921500
22,310,241743613097400,2141800,784169600,786623300
22,326,241743648091900,2213200,819164100,821617800
22,342,241743683563300,2348900,854635500,857089200
22,358,241743718558600,4417200,889630800,892084500
22,374,241743762099300,2190200,933171500,935625200
22,390,241743798271100,2350100,969343300,971797000
22,406,241743834932100,2452000,1006004300,1008458000
22,422,241743870872600,2149400,1041944800,1044398500
22,438,241743905366300,2124100,1076438500,1078892200
22,454,241743940188400,2250700,1111260600,1113714300
22,470,241743976191500,2225400,1147263700,1149717400
22,486,241744010697800,2162300,1181770000,1184223700
22,502,241744051858200,2126600,1222930400,1225384100
22,518,241744085844100,2111100,1256916300,1259370000
22,534,241744119726500,2087200,1290798700,1293252400
22,550,241744154142200,2124400,1325214400,1327668100
22,566,241744189439200,2259300,1360511400,1362965100
22,582,241744223262700,2120500,1394334900,1396788600
22,598,241744261416500,2185100,1432488700,1434942400
22,614,241744296097200,2100100,1467169400,1469623100
22,630,241744337599700,2665800,1508671900,1511125600
22,646,241744372886300,2109600,1543958500,1546412200
22,662,241744406868700,2158700,1577940900,1580394600
22,678,241744440769700,2101600,1611841900,1614295600
22,694,241744475155600,2112200,1646227800,1648681500
22,710,241744509877100,2120500,1680949300,1683403000
22,726,241744544017000,2262000,1715089200,1717542900
22,742,241744585933700,2200600,1757005900,1759459600
22,758,241744619857600,2110900,1790929800,1793383500
22,774,241744655031200,2283300,1826103400,1828557100
22,790,241744691556000,2148700,1862628200,1865081900
22,806,241744726168900,2138400,1897241100,1899694800
22,822,241744760385500,2206200,1931457700,1933911400
22,838,241744794667600,2121000,1965739800,1968193500
22,854,241744829853100,2281600,2000925300,2003379000
22,870,241744873129600,2209100,2044201800,2046655500
22,886,241744909126900,2306000,2080199100,2082652800
22,902,241744943719300,2128100,2114791500,2117245200
22,918,241744978194500,2151200,2149266700,2151720400
22,934,241745012706600,2121100,2183778800,2186232500
22,950,241745046825100,2446100,2217897300,2220351000
22,966,241745085185000,2229200,2256257200,2258710900
22,982,241745127593100,2194700,2298665300,2301119000
22,998,241745161991500,2088500,2333063700,2335517400
22,1014,241745195871300,2097500,2366943500,2369397200
22,1030,241745230827100,2302200,2401899300,2404353000
22,1046,241745265812600,2144400,2436884800,2439338500
22,1062,241745300845000,2139000,2471917200,2474370900
22,1078,241745335855000,2202300,2506927200,2509380900
22,1094,241745371105400,2116300,2542177600,2544631300
22,1110,241745410111300,2211300,2581183500,2583637200
22,1126,241745444730200,2131500,2615802400,2618256100
22,1142,241745479782900,2273200,2650855100,2653308800
22,1158,241745515588100,2160900,2686660300,2689114000
22,1174,241745550958400,2331800,2722030600,2724484300
22,1190,241745586988100,2125100,2758060300,2760514000
22,1206,241745621943400,2136900,2793015600,2795469300
22,1222,241745660886800,2129200,2831959000,2834412700
22,1238,241745695472000,2142600,2866544200,2868997900
22,1254,241745729598300,2134300,2900670500,2903124200
22,1270,241745763905700,2105300,2934977900,2937431600
22,1286,241745798915300,2111400,2969987500,2972441200
22,1302,241745834185200,2297800,3005257400,3007711100
22,1318,241745879177100,2815100,3050249300,3052703000
22,1334,241745925891700,2827400,3096963900,3099417600
22,1350,241745978438300,2970100,3149510500,3151964200
22,1366,241746023994800,2670800,3195067000,3197520700
22,1382,241746067549700,3072800,3238621900,3241075600
22,1398,241746114415500,2579400,3285487700,3287941400
22,1414,241746160203000,3022900,3331275200,3333728900
22,1430,241746206147100,2948000,3377219300,3379673000
22,1446,241746255466100,2774500,3426538300,3428992000
22,1462,241746305457300,2935100,3476529500,3478983200
22,1478,241746353052800,2933900,3524125000,3526578700
22,1494,241746400804800,2744700,3571877000,3574330700
22,1510,241746443521600,2598900,3614593800,3617047500
22,1526,241746488129600,2691800,3659201800,3661655500
22,1542,241746532381000,2774100,3703453200,3705906900
22,1558,241746576769400,2877800,3747841600,3750295300
22,1574,241746624081800,2778500,3795154000,3797607700
22,1590,241746673491800,2956000,3844564000,3847017700
22,1606,241746718034300,2645600,3889106500,3891560200
22,1622,241746760708100,2762000,3931780300,3934234000
22,1638,241746805406400,2610000,3976478600,3978932300
22,1654,241746850544600,3144100,4021616800,4024070500
22,1670,241746896291900,2700400,4067364100,4069817800
22,1686,241746940277000,2699100,4111349200,4113802900
22,1702,241746990083700,2875000,4161155900,4163609600
22,1718,241747035957400,2615700,4207029600,4209483300
22,1734,241747080087700,2931800,4251159900,4253613600
22,1750,241747126214900,3093100,4297287100,4299740800
22,1766,241747172730600,3046800,4343802800,4346256500
22,1782,241747220092400,2978300,4391164600,4393618300
22,1798,241747266649900,2942600,4437722100,4440175800
22,1814,241747312481700,2933600,4483553900,4486007600
22,1830,241747361524600,2706500,4532596800,4535050500
22,1846,241747406311700,2985400,4577383900,4579837600
22,1862,241747452364300,2915500,4623436500,4625890200
22,1878,241747496720200,2641500,4667792400,4670246100
22,1894,241747539333200,2733100,4710405400,4712859100
22,1910,241747584263400,2953400,4755335600,4757789300
22,1926,241747630035400,3038500,4801107600,4803561300
22,1942,241747681693700,2844600,4852765900,4855219600
22,1958,241747729907000,3058400,4900979200,4903432900
22,1974,241747774915500,2669700,4945987700,4948441400
22,1990,241747819140700,3309000,4990212900,4992666600
22,2006,241747865579000,2722000,5036651200,5039104900
22,2022,241747911850200,2849500,5082922400,5085376100
22,2038,241747963300200,3462900,5134372400,5136826100
23,7,241742908287100,4619500,79359300,81813000
23,23,241742951560300,2493800,122632500,125086200
23,39,241742988732000,2249300,159804200,162257900
23,55,241743028521800,2333000,199594000,202047700
23,71,241743066494600,2294800,237566800,240020500
23,87,241743103478600,2237500,274550800,277004500
23,103,241743141500600,2389300,312572800,315026500
23,119,241743187240600,2165800,358312800,360766500
23,135,241743222217500,2045500,393289700,395743400
23,151,241743256188000,2071600,427260200,429713900
23,167,241743291517900,2142200,462590100,465043800
23,183,241743327194600,2272100,498266800,500720500
23,199,241743363253000,2196600,534325200,536778900
23,215,241743397944400,2117100,569016600,571470300
23,231,241743434161000,2092100,605233200,607686900
23,247,241743474574900,2068000,645647100,648100800
23,263,241743509156100,2196100,680228300,682682000
23,279,241743544602500,2196400,715674700,718128400
23,295,241743579139500,2266400,750211700,752665400
23,311,241743614735500,2104800,785807700,788261400
23,327,241743649815800,2234200,820888000,823341700
23,343,241743685353700,2309800,856425900,858879600
23,359,241743722177800,2633800,893250000,895703700
23,375,241743763964200,2277500,935036400,937490100
23,391,241743800326100,2171700,971398300,973852000
23,407,241743837112500,2342200,1008184700,1010638400
23,423,241743872748200,2160100,1043820400,1046274100
23,439,241743907231800,2177200,1078304000,1080757700
23,455,241743942017300,2270400,1113089500,1115543200
23,471,241743978003100,2217300,1149075300,1151529000
23,487,241744012349300,2170200,1183421500,1185875200
23,503,241744053563800,2135000,1224636000,1227089700
23,519,241744087421700,2141500,1258493900,1260947600
23,535,241744121352800,2048900,1292425000,1294878700
23,551,241744155640800,2167300,1326713000,1329166700
23,567,241744191071900,2199600,1362144100,1364597800
23,583,241744224837900,2107800,1395910100,1398363800
23,599,241744263052300,2172800,1434124500,1436578200
23,615,241744297650600,2083800,1468722800,1471176500
23,631,241744339468300,2377000,1510540500,1512994200
23,647,241744374315600,2123700,1545387800,1547841500
23,663,241744408325000,2142700,1579397200,1581850900
23,679,241744442031300,2088600,1613103500,1615557200
23,695,241744476411800,2187300,1647484000,1649937700
23,711,241744511135200,2128300,1682207400,1684661100
23,727,241744545367600,2228100,1716439800,1718893500
23,743,241744587142800,2179900,1758215000,1760668700
23,759,241744621036300,2099100,1792108500,1794562200
23,775,241744656222200,2271800,1827294400,1829748100
23,791,241744692726100,2142700,1863798300,1866252000
23,807,241744727357900,2119800,1898430100,1900883800
23,823,241744761548300,2225000,1932620500,1935074200
23,839,241744795855800,2180100,1966928000,1969381700
23,855,241744831279300,2289100,2002351500,2004805200
23,871,241744874484700,2142600,2045556900,2048010600
23,887,241744910642200,2354700,2081714400,2084168100
23,903,241744945160200,2120800,2116232400,2118686100
23,919,241744979712000,2128200,2150784200,2153237900
23,935,241745014178700,2125800,2185250900,2187704600
23,951,241745048548100,2211300,2219620300,2222074000
23,967,241745086489900,2209600,2257562100,2260015800
23,983,241745128865700,2179700,2299937900,2302391600
23,999,241745163205400,2099800,2334277600,2336731300
23,1015,241745197102100,2099600,2368174300,2370628000
23,1031,241745232180800,2210400,2403253000,2405706700
23,1047,241745267008800,2335500,2438081000,2440534700
23,1063,241745302202100,2134600,2473274300,2475728000
23,1079,241745337241500,2181300,2508313700,2510767400
23,1095,241745372411400,2097900,2543483600,2545937300
23,1111,241745411470800,2123400,2582543000,2584996700
23,1127,241745445847000,2110600,2616919200,2619372900
23,1143,241745480941000,2231600,2652013200,2654466900
23,1159,241745516440000,2104500,2687512200,2689965900
23,1175,241745551712400,2441800,2722784600,2725238300
23,1191,241745587706900,2096800,2758779100,2761232800
23,1207,241745622715600,2123900,2793787800,2796241500
23,1223,241745661651200,2123000,2832723400,2835177100
23,1239,241745696233700,2143900,2867305900,2869759600
23,1255,241745730353500,2122600,2901425700,2903879400
23,1271,241745764739500,2123600,2935811700,2938265400
23,1287,241745799734300,2107600,2970806500,2973260200
23,1303,241745835050600,2377500,3006122800,3008576500
23,1319,241745880295200,2790000,3051367400,3053821100
23,1335,241745927522900,2837500,3098595100,3101048800
23,1351,241745980276700,2849500,3151348900,3153802600
23,1367,241746025674100,2599400,3196746300,3199200000
23,1383,241746069470300,3097900,3240542500,3242996200
23,1399,241746116070800,2609000,3287143000,3289596700
23,1415,241746162140100,3046400,3333212300,3335666000
23,1431,241746208094200,2955600,3379166400,3381620100
23,1447,241746257312200,2752000,3428384400,3430838100
23,1463,241746307386400,3124600,3478458600,3480912300
23,1479,241746354984000,2939000,3526056200,3528509900
23,1495,241746402566600,2814100,3573638800,3576092500
23,1511,241746445212500,2586700,3616284700,3618738400
23,1527,241746489588700,2748000,3660660900,3663114600
23,1543,241746533910700,2798600,3704982900,3707436600
23,1559,241746578263900,2939800,3749336100,3751789800
23,1575,241746625629000,2626900,3796701200,3799154900
23,1591,241746675108600,2878400,3846180800,3848634500
23,1607,241746719539900,2543900,3890612100,3893065800
23,1623,241746762313800,2827600,3933386000,3935839700
23,1639,241746806951000,2650000,3978023200,3980476900
23,1655,241746852378300,2941700,4023450500,4025904200
23,1671,241746897802800,2748100,4068875000,4071328700
23,1687,241746941792300,2699400,4112864500,4115318200
23,1703,241746991908300,2816300,4162980500,4165434200
23,1719,241747038799400,2657200,4209871600,4212325300
23,1735,241747083252800,2994400,4254325000,4256778700
23,1751,241747129508400,2732100,4300580600,4303034300
23,1767,241747175932200,2933600,4347004400,4349458100
23,1783,241747223236300,3214900,4394308500,4396762200
23,1799,241747269721100,2934100,4440793300,4443247000
23,1815,241747315623300,3052900,4486695500,4489149200
23,1831,241747364413600,2777300,4535485800,4537939500
23,1847,241747409500600,2842100,4580572800,4583026500
23,1863,241747455488500,2981500,4626560700,4629014400
23,1879,241747499543200,2623500,4670615400,4673069100
23,1895,241747542769000,2876500,4713841200,4716294900
23,1911,241747587943300,2955800,4759015500,4761469200
23,1927,241747633875200,2890800,4804947400,4807401100
23,1943,241747685091200,2840100,4856163400,4858617100
23,1959,241747733551500,2800100,4904623700,4907077400
23,1975,241747778138200,2745300,4949210400,4951664100
23,1991,241747823258800,2907800,4994331000,4996784700
23,2007,241747868872900,2830800,5039945100,5042398800
23,2023,241747915290600,2872100,5086362800,5088816500
23,2039,241747967496900,3318600,5138569100,5141022800
24,8,241742912861800,3143400,83934000,86387700
24,24,241742953988900,2370300,125061100,127514800
24,40,241742990950700,2714800,162022900,164476600
24,56,241743030798200,2302300,201870400,204324100
24,72,241743069164400,2247100,240236600,242690300
24,88,241743106168200,2210600,277240400,279694100
24,104,241743144588600,10315100,315660800,318114500
24,120,241743190100900,2226800,361173100,363626800
24,136,241743224887900,2091900,395960100,398413800
24,152,241743258865900,2142700,429938100,432391800
24,168,241743294380300,2101400,465452500,467906200
24,184,241743330259900,2328000,501332100,503785800
24,200,241743366423800,2197500,537496000,539949700
24,216,241743400987800,2328800,572060000,574513700
24,232,241743437782100,2097500,608854300,611308000
24,248,241743478461600,2224400,649533800,651987500
24,264,241743513326600,2228500,684398800,686852500
24,280,241743548776600,2155900,719848800,722302500
24,296,241743583582000,2201400,754654200,757107900
24,312,241743619043000,2203500,790115200,792568900
24,328,241743654156700,2201600,825228900,827682600
24,344,241743689842800,2213600,860915000,863368700
24,360,241743726918900,2209300,897991100,900444800
24,376,241743768313800,2178600,939386000,941839700
24,392,241743804536600,2394500,975608800,978062500
24,408,241743841307100,2270000,1012379300,1014833000
24,424,241743876844800,2202900,1047917000,1050370700
24,440,241743911132400,2140000,1082204600,1084658300
24,456,241743946170700,2294800,1117242900,1119696600
24,472,241743982043700,2200500,1153115900,1155569600
24,488,241744016165900,2135700,1187238100,1189691800
24,504,241744057351400,2065300,1228423600,1230877300
24,520,241744091522400,2087200,1262594600,1265048300
24,536,241744125329800,2091800,1296402000,1298855700
24,552,241744160026600,2112600,1331098800,1333552500
24,568,241744195544800,2084600,1366617000,1369070700
24,584,241744229031000,2094200,1400103200,1402556900
24,600,241744267458000,2263600,1438530200,1440983900
24,616,241744301916200,2137700,1472988400,1475442100
24,632,241744344056400,2217000,1515128600,1517582300
24,648,241744378529600,2157200,1549601800,1552055500
24,664,241744412538200,2158000,1583610400,1586064100
24,680,241744446400200,2086500,1617472400,1619926100
24,696,241744480686100,2165800,1651758300,1654212000
24,712,241744515374000,2121600,1686446200,1688899900
24,728,241744549745300,2131200,1720817500,1723271200
24,744,241744591353200,2047600,1762425400,1764879100
24,760,241744625195200,2118200,1796267400,1798721100
24,776,241744660685300,2165400,1831757500,1834211200
24,792,241744696982300,2224200,1868054500,1870508200
24,808,241744731551800,2136200,1902624000,1905077700
24,824,241744765833400,2102800,1936905600,1939359300
24,840,241744800057800,2152600,1971130000,1973583700
24,856,241744835742000,2125300,2006814200,2009267900
24,872,241744878650900,2365900,2049723100,2052176800
24,888,241744914878900,2180900,2085951100,2088404800
24,904,241744949111300,2107400,2120183500,2122637200
24,920,241744983881200,2461100,2154953400,2157407100
24,936,241745018313000,2131200,2189385200,2191838900
24,952,241745052804100,2155900,2223876300,2226330000
24,968,241745090846400,2192100,2261918600,2264372300
24,984,241745133135200,2143100,2304207400,2306661100
24,1000,241745167358900,2121200,2338431100,2340884800
24,1016,241745201199700,2048800,2372271900,2374725600
24,1032,241745236397800,2176100,2407470000,2409923700
24,1048,241745271451400,2195900,2442523600,2444977300
24,1064,241745306132100,2127900,2477204300,2479658000
24,1080,241745341232400,2137400,2512304600,2514758300
24,1096,241745376401600,2103200,2547473800,2549927500
24,1112,241745415491100,2114100,2586563300,2589017000
24,1128,241745449909600,2132000,2620981800,2623435500
24,1144,241745485232100,2202200,2656304300,2658758000
24,1160,241745520593400,2161500,2691665600,2694119300
24,1176,241745556439400,2293500,2727511600,2729965300
24,1192,241745591869400,2106600,2762941600,2765395300
24,1208,241745626902500,2129300,2797974700,2800428400
24,1224,241745665831300,2085100,2836903500,2839357200
24,1240,241745700467400,2071500,2871539600,2873993300
24,1256,241745734513800,2133600,2905586000,2908039700
24,1272,241745768904200,2131900,2939976400,2942430100
24,1288,241745803893100,2140500,2974965300,2977419000
24,1304,241745840247200,2973400,3011319400,3013773100
24,1320,241745885921200,3057800,3056993400,3059447100
24,1336,241745932655500,2848700,3103727700,3106181400
24,1352,241745985204300,2833800,3156276500,3158730200
24,1368,241746030095800,2583600,3201168000,3203621700
24,1384,241746074711800,3058000,3245784000,3248237700
24,1400,241746120456500,2605000,3291528700,3293982400
24,1416,241746167247000,2894700,3338319200,3340772900
24,1432,241746213030100,2921800,3384102300,3386556000
24,1448,241746261859600,2783100,3432931800,3435385500
24,1464,241746312538300,3083900,3483610500,3486064200
24,1480,241746359872400,2911600,3530944600,3533398300
24,1496,241746407441500,2733500,3578513700,3580967400
24,1512,241746449647200,2841800,3620719400,3623173100
24,1528,241746494206300,2767000,3665278500,3667732200
24,1544,241746538584000,2771800,3709656200,3712109900
24,1560,241746583353800,2946700,3754426000,3756879700
24,1576,241746630123200,2610600,3801195400,3803649100
24,1592,241746679907100,2798200,3850979300,3853433000
24,1608,241746723857700,2631800,3894929900,3897383600
24,1624,241746766966600,2818400,3938038800,3940492500
24,1640,241746811306800,2641300,3982379000,3984832700
24,1656,241746857182200,3022900,4028254400,4030708100
24,1672,241746902239400,2796800,4073311600,4075765300
24,1688,241746946178600,2754800,4117250800,4119704500
24,1704,241746996426200,2793500,4167498400,4169952100
24,1720,241747041960900,2716700,4213033100,4215486800
24,1736,241747086805800,3011300,4257878000,4260331700
24,1752,241747132781600,2853600,4303853800,4306307500
24,1768,241747179449400,2903200,4350521600,4352975300
24,1784,241747227016500,2929800,4398088700,4400542400
24,1800,241747273230400,2897900,4444302600,4446756300
24,1816,241747319218300,2835800,4490290500,4492744200
24,1832,241747367728000,2669900,4538800200,4541253900
24,1848,241747412831300,2744800,4583903500,4586357200
24,1864,241747459072700,2966900,4630144900,4632598600
24,1880,241747502676900,2620000,4673749100,4676202800
24,1896,241747546018400,2924700,4717090600,4719544300
24,1912,241747591270900,2947600,4762343100,4764796800
24,1928,241747637127500,2875800,4808199700,4810653400
24,1944,241747688322300,3040800,4859394500,4861848200
24,1960,241747736638100,2727400,4907710300,4910164000
24,1976,241747781194600,2684500,4952266800,4954720500
24,1992,241747826374600,2865200,4997446800,4999900500
24,2008,241747871889600,3019300,5042961800,5045415500
24,2024,241747918357800,2842400,5089430000,5091883700
24,2040,241747971046800,3318200,5142119000,5144572700
25,9,241742916311500,2932700,87383700,89837400
25,25,241742956706800,2285500,127779000,130232700
25,41,241742994114000,2483100,165186200,167639900
25,57,241743033392700,2322100,204464900,206918600
25,73,241743071217700,2361600,242289900,244743600
25,89,241743108137700,2241700,279209900,281663600
25,105,241743154422900,2723900,325495100,327948800
25,121,241743192000000,2195500,363072200,365525900
25,137,241743226705100,2076100,397777300,400231000
25,153,241743260718600,2223400,431790800,434244500
25,169,241743296145400,2141900,467217600,469671300
25,185,241743332410100,2269300,503482300,505936000
25,201,241743368227200,2227600,539299400,541753100
25,217,241743403030600,2359700,574102800,576556500
25,233,241743439247400,2174800,610319600,612773300
25,249,241743479683900,2341300,650756100,653209800
25,265,241743514798400,2202200,685870600,688324300
25,281,241743550129200,2148200,721201400,723655100
25,297,241743584793100,2147900,755865300,758319000
25,313,241743620258700,2217900,791330900,793784600
25,329,241743655384100,2163000,826456300,828910000
25,345,241743691108200,2219400,862180400,864634100
25,361,241743728224400,2297300,899296600,901750300
25,377,241743769673300,2158800,940745500,943199200
25,393,241743806023300,2364900,977095500,979549200
25,409,241743842639500,2298400,1013711700,1016165400
25,425,241743878169900,2152900,1049242100,1051695800
25,441,241743912394700,2123600,1083466900,1085920600
25,457,241743947514700,2268400,1118586900,1121040600
25,473,241743983387600,2157000,1154459800,1156913500
25,489,241744017418900,2156300,1188491100,1190944800
25,505,241744058543800,2059400,1229616000,1232069700
25,521,241744092535500,2098600,1263607700,1266061400
25,537,241744126415700,2075900,1297487900,1299941600
25,553,241744161075500,2199400,1332147700,1334601400
25,569,241744196602500,2073900,1367674700,1370128400
25,585,241744230090300,2088600,1401162500,1403616200
25,601,241744268428900,2133700,1439501100,1441954800
25,617,241744302822300,2140100,1473894500,1476348200
25,633,241744344980300,2296600,1516052500,1518506200
25,649,241744379449700,2142800,1550521900,1552975600
25,665,241744413429800,2173100,1584502000,1586955700
25,681,241744447307000,2090400,1618379200,1620832900
25,697,241744481633100,2150900,1652705300,1655159000
25,713,241744516298600,2122700,1687370800,1689824500
25,729,241744550670600,2158700,1721742800,1724196500
25,745,241744592476900,2066900,1763549100,1766002800
25,761,241744626348600,2124100,1797420800,1799874500
25,777,241744661875900,2303100,1832948100,1835401800
25,793,241744698145500,2258400,1869217700,1871671400
25,809,241744732714400,2111200,1903786600,1906240300
25,825,241744766959300,2174300,1938031500,1940485200
25,841,241744801197700,2146000,1972269900,1974723600
25,857,241744836856700,2153100,2007928900,2010382600
25,873,241744879974900,2178000,2051047100,2053500800
25,889,241744916126100,2145200,2087198300,2089652000
25,905,241744950312700,2206300,2121384900,2123838600
25,921,241744985236200,2256900,2156308400,2158762100
25,937,241745019425600,2126600,2190497800,2192951500
25,953,241745053951500,2143700,2225023700,2227477400
25,969,241745092291700,2179700,2263363900,2265817600
25,985,241745134528000,2153200,2305600200,2308053900
25,1001,241745168762300,2071400,2339834500,2342288200
25,1017,241745202530300,2102200,2373602500,2376056200
25,1033,241745238014100,2135900,2409086300,2411540000
25,1049,241745272952500,2184500,2444024700,2446478400
25,1065,241745307565100,2166600,2478637300,2481091000
25,1081,241745342615100,2182500,2513687300,2516141000
25,1097,241745377695700,2198300,2548767900,2551221600
25,1113,241745416848400,2110300,2587920600,2590374300
25,1129,241745451317300,2164400,2622389500,2624843200
25,1145,241745486711600,2152000,2657783800,2660237500
25,1161,241745522461400,2166200,2693533600,2695987300
25,1177,241745558392700,2256800,2729464900,2731918600
25,1193,241745593662800,2097000,2764735000,2767188700
25,1209,241745628655000,2108600,2799727200,2802180900
25,1225,241745667530500,2156300,2838602700,2841056400
25,1241,241745702156400,2175500,2873228600,2875682300
25,1257,241745736273700,2118400,2907345900,2909799600
25,1273,241745770588400,2100900,2941660600,2944114300
25,1289,241745805614900,2144100,2976687100,2979140800
25,1305,241745843012100,3008800,3014084300,3016538000
25,1321,241745888751000,2842000,3059823200,3062276900
25,1337,241745935269500,2835900,3106341700,3108795400
25,1353,241745987844100,3001000,3158916300,3161370000
25,1369,241746032461300,2585400,3203533500,3205987200
25,1385,241746077475500,3058700,3248547700,3251001400
25,1401,241746122860200,2732500,3293932400,3296386100
25,1417,241746169914800,2769600,3340987000,3343440700
25,1433,241746215712800,2987200,3386785000,3389238700
25,1449,241746264460800,2744300,3435533000,3437986700
25,1465,241746315413100,2946400,3486485300,3488939000
25,1481,241746362580100,2962200,3533652300,3536106000
25,1497,241746409884000,2630200,3580956200,3583409900
25,1513,241746452150000,3039600,3623222200,3625675900
25,1529,241746496890900,2703500,3667963100,3670416800
25,1545,241746541276300,2745100,3712348500,3714802200
25,1561,241746586188900,2734400,3757261100,3759714800
25,1577,241746632624600,2588800,3803696800,3806150500
25,1593,241746682581000,2734200,3853653200,3856106900
25,1609,241746726383400,2588500,3897455600,3899909300
25,1625,241746769633200,2783900,3940705400,3943159100
25,1641,241746813758900,2722200,3984831100,3987284800
25,1657,241746860093700,2832500,4031165900,4033619600
25,1673,241746904925000,2778100,4075997200,4078450900
25,1689,241746948818000,2714300,4119890200,4122343900
25,1705,241746999257600,2792800,4170329800,4172783500
25,1721,241747045121800,2707700,4216194000,4218647700
25,1737,241747090338500,3040300,4261410700,4263864400
25,1753,241747136104300,2766100,4307176500,4309630200
25,1769,241747182857100,2940600,4353929300,4356383000
25,1785,241747230448800,2929100,4401521000,4403974700
25,1801,241747276658300,2958100,4447730500,4450184200
25,1817,241747322622900,7470200,4493695100,4496148800
25,1833,241747370917500,2713700,4541989700,4544443400
25,1849,241747416212700,2920400,4587284900,4589738600
25,1865,241747462652300,2944900,4633724500,4636178200
25,1881,241747505840700,2633100,4676912900,4679366600
25,1897,241747549560000,2821000,4720632200,4723085900
25,1913,241747594832600,2914000,4765904800,4768358500
25,1929,241747640635100,2861200,4811707300,4814161000
25,1945,241747692011500,3037400,4863083700,4865537400
25,1961,241747739970100,2833100,4911042300,4913496000
25,1977,241747784510000,2742300,4955582200,4958035900
25,1993,241747830080100,2850700,5001152300,5003606000
25,2009,241747875705300,2914900,5046777500,5049231200
25,2025,241747921975400,2834400,5093047600,5095501300
25,2041,241747975194700,3260700,5146266900,5148720600
26,10,241742919009700,2824700,90081900,92535600
26,26,241742958809600,2312200,129881800,132335500
26,42,241742996443200,2514800,167515400,169969100
26,58,241743035563900,2364100,206636100,209089800
26,74,241743073434300,2281500,244506500,246960200
26,90,241743110254000,2201600,281326200,283779900
26,106,241743157037800,2263300,328110000,330563700
26,122,241743194028700,2143000,365100900,367554600
26,138,241743228620400,2095300,399692600,402146300
26,154,241743262723500,2130700,433795700,436249400
26,170,241743298083600,2236400,469155800,471609500
26,186,241743334176900,2310700,505249100,507702800
26,202,241743369942300,2196500,541014500,543468200
26,218,241743404663900,2272800,575736100,578189800
26,234,241743440742800,2183300,611815000,614268700
26,250,241743481298500,2432500,652370700,654824400
26,266,241743516130800,2189300,687203000,689656700
26,282,241743551441300,2259600,722513500,724967200
26,298,241743586245000,2194400,757317200,759770900
26,314,241743621776900,2155500,792849100,795302800
26,330,241743656862200,2165600,827934400,830388100
26,346,241743692624400,2186500,863696600,866150300
26,362,241743729701300,2223700,900773500,903227200
26,378,241743771092600,2155800,942164800,944618500
26,394,241743807433800,2263500,978506000,980959700
26,410,241743844055000,2332700,1015127200,1017580900
26,426,241743879567600,2160500,1050639800,1053093500
26,442,241743913783300,2107800,1084855500,1087309200
26,458,241743949052700,2240900,1120124900,1122578600
26,474,241743984808300,2172100,1155880500,1158334200
26,490,241744018986700,2261600,1190058900,1192512600
26,506,241744060029400,2100100,1231101600,1233555300
26,522,241744094139000,2125100,1265211200,1267664900
26,538,241744128010800,2085800,1299083000,1301536700
26,554,241744162608300,2309600,1333680500,1336134200
26,570,241744198075800,2103600,1369148000,1371601700
26,586,241744231579300,2087300,1402651500,1405105200
26,602,241744270163500,2186800,1441235700,1443689400
26,618,241744304502500,2131300,1475574700,1478028400
26,634,241744346852600,2229800,1517924800,1520378500
26,650,241744381202500,2107200,1552274700,1554728400
26,666,241744415215500,2093700,1586287700,1588741400
26,682,241744449100700,2105200,1620172900,1622626600
26,698,241744483469800,2295200,1654542000,1656995700
26,714,241744518122100,2129900,1689194300,1691648000
26,730,241744552659600,2464200,1723731800,1726185500
26,746,241744594517100,2090400,1765589300,1768043000
26,762,241744628445500,2134300,1799517700,1801971400
26,778,241744664241900,2494600,1835314100,1837767800
26,794,241744700490400,2145400,1871562600,1874016300
26,810,241744734928300,2114800,1906000500,1908454200
26,826,241744769231700,2129800,1940303900,1942757600
26,842,241744803432100,2141700,1974504300,1976958000
26,858,241744839043000,2143800,2010115200,2012568900
26,874,241744882511900,2345200,2053584100,2056037800
26,890,241744918588500,2236700,2089660700,2092114400
26,906,241744952838700,2122700,2123910900,2126364600
26,922,241744987826400,2187700,2158898600,2161352300
26,938,241745021883800,2133400,2192956000,2195409700
26,954,241745056420700,2148000,2227492900,2229946600
26,970,241745094644300,2133000,2265716500,2268170200
26,986,241745136858400,2165500,2307930600,2310384300
26,1002,241745171004600,2123200,2342076800,2344530500
26,1018,241745204810700,2281000,2375882900,2378336600
26,1034,241745240187700,2170600,2411259900,2413713600
26,1050,241745275175700,2175000,2446247900,2448701600
26,1066,241745309762800,2129000,2480835000,2483288700
26,1082,241745344767700,2103200,2515839900,2518293600
26,1098,241745379865100,2107000,2550937300,2553391000
26,1114,241745418899600,2131400,2589971800,2592425500
26,1130,241745453452600,2156500,2624524800,2626978500
26,1146,241745488896800,2197400,2659969000,2662422700
26,1162,241745524479000,2162100,2695551200,2698004900
26,1178,241745560378600,2248100,2731450800,2733904500
26,1194,241745595497000,2142200,2766569200,2769022900
26,1210,241745630623600,2129700,2801695800,2804149500
26,1226,241745669601000,2133700,2840673200,2843126900
26,1242,241745704243200,2157300,2875315400,2877769100
26,1258,241745738304600,2154200,2909376800,2911830500
26,1274,241745772661600,2409100,2943733800,2946187500
26,1290,241745807701200,2098400,2978773400,2981227100
26,1306,241745845518800,2852500,3016591000,3019044700
26,1322,241745891122500,2866200,3062194700,3064648400
26,1338,241745937631400,2890300,3108703600,3111157300
26,1354,241745990347700,3156000,3161419900,3163873600
26,1370,241746034656500,2602200,3205728700,3208182400
26,1386,241746080113800,3049400,3251186000,3253639700
26,1402,241746125291000,2741200,3296363200,3298816900
26,1418,241746172381400,2787900,3343453600,3345907300
26,1434,241746218208700,3014100,3389280900,3391734600
26,1450,241746266789600,2811900,3437861800,3440315500
26,1466,241746317905800,2979200,3488978000,3491431700
26,1482,241746365098600,2918700,3536170800,3538624500
26,1498,241746412121200,2580200,3583193400,3585647100
26,1514,241746454720900,3038200,3625793100,3628246800
26,1530,241746498818500,2716200,3669890700,3672344400
26,1546,241746543206400,2796200,3714278600,3716732300
26,1562,241746588211600,2750200,3759283800,3761737500
26,1578,241746634541500,7469600,3805613700,3808067400
26,1594,241746684592900,2808800,3855665100,3858118800
26,1610,241746728300700,2585600,3899372900,3901826600
26,1626,241746771713000,2795300,3942785200,3945238900
26,1642,241746815942900,2970400,3987015100,3989468800
26,1658,241746862318900,2698200,4033391100,4035844800
26,1674,241746907095100,2771000,4078167300,4080621000
26,1690,241746950961600,2715100,4122033800,4124487500
26,1706,241747001244700,2711900,4172316900,4174770600
26,1722,241747046823900,2792400,4217896100,4220349800
26,1738,241747092229800,3039900,4263302000,4265755700
26,1754,241747137837400,2902500,4308909600,4311363300
26,1770,241747184681000,2953900,4355753200,4358206900
26,1786,241747232241600,2942500,4403313800,4405767500
26,1802,241747278501800,2948300,4449574000,4452027700
26,1818,241747328829200,2796900,4499901400,4502355100
26,1834,241747372375300,2698500,4543447500,4545901200
26,1850,241747417772700,2946400,4588844900,4591298600
26,1866,241747464233000,2970000,4635305200,4637758900
26,1882,241747507298600,2619100,4678370800,4680824500
26,1898,241747551230300,2849300,4722302500,4724756200
26,1914,241747596570600,2910800,4767642800,4770096500
26,1930,241747642323300,2856100,4813395500,4815849200
26,1946,241747693810300,3154400,4864882500,4867336200
26,1962,241747741567200,3002100,4912639400,4915093100
26,1978,241747786237700,2711100,4957309900,4959763600
26,1994,241747831841500,2882300,5002913700,5005367400
26,2010,241747877554600,2915900,5048626800,5051080500
26,2026,241747923752900,2841700,5094825100,5097278800
26,2042,241747977233900,3398100,5148306100,5150759800
27,11,241742921949900,2484500,93022100,95475800
27,27,241742961225400,2377300,132297600,134751300
27,43,241742999057200,2394300,170129400,172583100
27,59,241743038195600,2384600,209267800,211721500
27,75,241743076055000,2486300,247127200,249580900
27,91,241743112739500,2339000,283811700,286265400
27,107,241743159656300,2235500,330728500,333182200
27,123,241743196630000,2240100,367702200,370155900
27,139,241743231103400,2065300,402175600,404629300
27,155,241743265247000,2524500,436319200,438772900
27,171,241743300769600,2296800,471841800,474295500
27,187,241743336716700,2250800,507788900,510242600
27,203,241743372229100,2079800,543301300,545755000
27,219,241743407025400,2232500,578097600,580551300
27,235,241743442988700,8584700,614060900,616514600
27,251,241743483856200,2189500,654928400,657382100
27,267,241743518471600,2235500,689543800,691997500
27,283,241743553797100,2240000,724869300,727323000
27,299,241743588409000,2196900,759481200,761934900
27,315,241743623903700,2216500,794975900,797429600
27,331,241743659001100,2194500,830073300,832527000
27,347,241743694752600,2161000,865824800,868278500
27,363,241743731830800,2184000,902903000,905356700
27,379,241743773079200,2124600,944151400,946605100
27,395,241743809840200,2361400,980912400,983366100
27,411,241743846572300,2349000,1017644500,1020098200
27,427,241743881906000,2153000,1052978200,1055431900
27,443,241743916065200,2120900,1087137400,1089591100
27,459,241743951536800,2184800,1122609000,1125062700
27,475,241743987210900,2143100,1158283100,1160736800
27,491,241744021339900,2139100,1192412100,1194865800
27,507,241744062298700,2141100,1233370900,1235824600
27,523,241744096376500,2087400,1267448700,1269902400
27,539,241744130270400,2096200,1301342600,1303796300
27,555,241744165146100,2181500,1336218300,1338672000
27,571,241744200415200,2118000,1371487400,1373941100
27,587,241744233902800,2135900,1404975000,1407428700
27,603,241744273006500,2169300,1444078700,1446532400
27,619,241744307245400,8756800,1478317600,1480771300
27,635,241744349816100,2143600,1520888300,1523342000
27,651,241744384016800,2102500,1555089000,1557542700
27,667,241744417992500,2113700,1589064700,1591518400
27,683,241744451831000,2134400,1622903200,1625356900
27,699,241744486355800,2213900,1657428000,1659881700
27,715,241744520801700,2070000,1691873900,1694327600
27,731,241744555541000,2302700,1726613200,1729066900
27,747,241744596983700,2100800,1768055900,1770509600
27,763,241744630947200,2113500,1802019400,1804473100
27,779,241744667011700,2233000,1838083900,1840537600
27,795,241744702860900,2168400,1873933100,1876386800
27,811,241744737270100,2129800,1908342300,1910796000
27,827,241744771587800,2119800,1942660000,1945113700
27,843,241744805815500,2150200,1976887700,1979341400
27,859,241744841429900,2268200,2012502100,2014955800
27,875,241744884801100,2238800,2055873300,2058327000
27,891,241744920768600,2119800,2091840800,2094294500
27,907,241744954906400,2128700,2125978600,2128432300
27,923,241744989891700,2197400,2160963900,2163417600
27,939,241745023905100,2120500,2194977300,2197431000
27,955,241745058454200,2214000,2229526400,2231980100
27,971,241745096574200,2136600,2267646400,2270100100
27,987,241745138817500,2150500,2309889700,2312343400
27,1003,241745172919700,2119000,2343991900,2346445600
27,1019,241745206899000,2450100,2377971200,2380424900
27,1035,241745242182400,2139900,2413254600,2415708300
27,1051,241745277157300,2225600,2448229500,2450683200
27,1067,241745311772000,2125200,2482844200,2485297900
27,1083,241745346961800,2407200,2518034000,2520487700
27,1099,241745382060600,2094800,2553132800,2555586500
27,1115,241745421122400,2136600,2592194600,2594648300
27,1131,241745455580700,2122000,2626652900,2629106600
27,1147,241745491001500,2740500,2662073700,2664527400
27,1163,241745526613300,2133700,2697685500,2700139200
27,1179,241745562820500,2313600,2733892700,2736346400
27,1195,241745597790100,2150000,2768862300,2771316000
27,1211,241745632786900,2120500,2803859100,2806312800
27,1227,241745671706800,2161500,2842779000,2845232700
27,1243,241745706370700,2143200,2877442900,2879896600
27,1259,241745740431900,2105700,2911504100,2913957800
27,1275,241745775042300,2363000,2946114500,2948568200
27,1291,241745809744700,2065700,2980816900,2983270600
27,1307,241745848458700,2897500,3019530900,3021984600
27,1323,241745894033400,2923800,3065105600,3067559300
27,1339,241745940566300,7912000,3111638500,3114092200
27,1355,241745993550500,2793200,3164622700,3167076400
27,1371,241746037226100,2578500,3208298300,3210752000
27,1387,241746083080600,3044100,3254152800,3256606500
27,1403,241746127919600,2756700,3298991800,3301445500
27,1419,241746175056100,2783100,3346128300,3348582000
27,1435,241746221140400,2993200,3392212600,3394666300
27,1451,241746269538100,2773600,3440610300,3443064000
27,1467,241746320802100,2948600,3491874300,3494328000
27,1483,241746367929200,2958800,3539001400,3541455100
27,1499,241746414628500,2632400,3585700700,3588154400
27,1515,241746457591800,3005000,3628664000,3631117700
27,1531,241746501585100,2724600,3672657300,3675111000
27,1547,241746546041300,2775800,3717113500,3719567200
27,1563,241746591063200,2683800,3762135400,3764589100
27,1579,241746642121700,2642100,3813193900,3815647600
27,1595,241746687522000,2819000,3858594200,3861047900
27,1611,241746730995300,2642800,3902067500,3904521200
27,1627,241746774596900,2829400,3945669100,3948122800
27,1643,241746818730900,3005400,3989803100,3992256800
27,1659,241746864949600,2642600,4036021800,4038475500
27,1675,241746909794900,2714800,4080867100,4083320800
27,1691,241746953594800,2762100,4124667000,4127120700
27,1707,241747004197900,4037300,4175270100,4177723800
27,1723,241747049401500,2778500,4220473700,4222927400
27,1739,241747095062700,2971100,4266134900,4268588600
27,1755,241747140652600,2920200,4311724800,4314178500
27,1771,241747187553500,2915300,4358625700,4361079400
27,1787,241747235146400,2859100,4406218600,4408672300
27,1803,241747281401200,2931700,4452473400,4454927100
27,1819,241747331699100,2874600,4502771300,4505225000
27,1835,241747375140800,2692900,4546213000,4548666700
27,1851,241747420803100,2930600,4591875300,4594329000
27,1867,241747467286900,2989400,4638359100,4640812800
27,1883,241747509989600,2614300,4681061800,4683515500
27,1899,241747554283200,2854400,4725355400,4727809100
27,1915,241747599532900,2960800,4770605100,4773058800
27,1931,241747645218500,2822300,4816290700,4818744400
27,1947,241747697006300,3049200,4868078500,4870532200
27,1963,241747744619800,2780300,4915692000,4918145700
27,1979,241747788878200,2690100,4959950400,4962404100
27,1995,241747834643400,2901100,5005715600,5008169300
27,2011,241747880381900,2959000,5051454100,5053907800
27,2027,241747926518600,2901800,5097590800,5100044500
27,2043,241747980586700,3382400,5151658900,5154112600
28,12,241742924369900,2484700,95442100,97895800
28,28,241742963522400,2375700,134594600,137048300
28,44,241743001385500,2400400,172457700,174911400
28,60,241743040365800,2448700,211438000,213891700
28,76,241743078294700,2574800,249366900,251820600
28,92,241743114992100,2431500,286064300,288518000
28,108,241743161829600,2323200,332901800,335355500
28,124,241743198784600,2198800,369856800,372310500
28,140,241743233113400,2133100,404185600,406639300
28,156,241743267810200,2447100,438882400,441336100
28,172,241743303035400,2113100,474107600,476561300
28,188,241743339093200,2305900,510165400,512619100
28,204,241743374460200,2123900,545532400,547986100
28,220,241743409291600,2333700,580363800,582817500
28,236,241743451742900,2274000,622815100,625268800
28,252,241743486109600,2166900,657181800,659635500
28,268,241743520772900,2254900,691845100,694298800
28,284,241743556159800,2156000,727232000,729685700
28,300,241743590763800,2414400,761836000,764289700
28,316,241743626270200,2182000,797342400,799796100
28,332,241743661286700,2147300,832358900,834812600
28,348,241743697159600,2175700,868231800,870685500
28,364,241743734339400,2124700,905411600,907865300
28,380,241743775575600,2128500,946647800,949101500
28,396,241743812603300,2302800,983675500,986129200
28,412,241743849410500,2263300,1020482700,1022936400
28,428,241743884524800,2175000,1055597000,1058050700
28,444,241743918636400,2102800,1089708600,1092162300
28,460,241743954087500,2277500,1125159700,1127613400
28,476,241743989649400,2089400,1160721600,1163175300
28,492,241744023875800,2089200,1194948000,1197401700
28,508,241744064940200,2137300,1236012400,1238466100
28,524,241744098956000,2187200,1270028200,1272481900
28,540,241744132802600,2078600,1303874800,1306328500
28,556,241744167703300,2244800,1338775500,1341229200
28,572,241744202886200,2047100,1373958400,1376412100
28,588,241744236392900,2081100,1407465100,1409918800
28,604,241744275087200,2143800,1446159400,1448613100
28,620,241744315946300,2181800,1487018500,1489472200
28,636,241744351875400,2179400,1522947600,1525401300
28,652,241744386038100,2123300,1557110300,1559564000
28,668,241744420019600,2105700,1591091800,1593545500
28,684,241744453877700,2158700,1624949900,1627403600
28,700,241744488604400,2184000,1659676600,1662130300
28,716,241744522904200,2155500,1693976400,1696430100
28,732,241744557511700,2188300,1728583900,1731037600
28,748,241744598800300,2125400,1769872500,1772326200
28,764,241744632776800,2095400,1803849000,1806302700
28,780,241744668965200,2461600,1840037400,1842491100
28,796,241744704833200,2241500,1875905400,1878359100
28,812,241744739233400,2138400,1910305600,1912759300
28,828,241744773539100,2137600,1944611300,1947065000
28,844,241744807780700,2126400,1978852900,1981306600
28,860,241744843672800,9479800,2014745000,2017198700
28,876,241744887074300,2478400,2058146500,2060600200
28,892,241744922923700,2113400,2093995900,2096449600
28,908,241744957068500,2090700,2128140700,2130594400
28,924,241744992151100,2175500,2163223300,2165677000
28,940,241745026089600,2134500,2197161800,2199615500
28,956,241745060731200,2092300,2231803400,2234257100
28,972,241745098854400,2086900,2269926600,2272380300
28,988,241745141120000,2139600,2312192200,2314645900
28,1004,241745175189200,2142600,2346261400,2348715100
28,1020,241745209506700,2209600,2380578900,2383032600
28,1036,241745244448300,2176500,2415520500,2417974200
28,1052,241745279484800,2169700,2450557000,2453010700
28,1068,241745314092900,2237200,2485165100,2487618800
28,1084,241745349487700,2303100,2520559900,2523013600
28,1100,241745384280700,7098800,2555352900,2557806600
28,1116,241745423378900,2112700,2594451100,2596904800
28,1132,241745457881300,2189600,2628953500,2631407200
28,1148,241745493439600,2371300,2664511800,2666965500
28,1164,241745528457000,2140200,2699529200,2701982900
28,1180,241745564763100,2268500,2735835300,2738289000
28,1196,241745599579100,2306500,2770651300,2773105000
28,1212,241745634517700,2107400,2805589900,2808043600
28,1228,241745673503000,2111300,2844575200,2847028900
28,1244,241745708147400,2162600,2879219600,2881673300
28,1260,241745742152200,2141700,2913224400,2915678100
28,1276,241745777015300,2237900,2948087500,2950541200
28,1292,241745811468100,2134700,2982540300,2984994000
28,1308,241745850757500,2779700,3021829700,3024283400
28,1324,241745896291200,2872300,3067363400,3069817100
28,1340,241745947834700,2930600,3118906900,3121360600
28,1356,241745995803300,2798300,3166875500,3169329200
28,1372,241746039288300,2696900,3210360500,3212814200
28,1388,241746085485700,3135800,3256557900,3259011600
28,1404,241746130103100,2768700,3301175300,3303629000
28,1420,241746177261200,2773400,3348333400,3350787100
28,1436,241746223643200,2940800,3394715400,3397169100
28,1452,241746271865500,2754300,3442937700,3445391400
28,1468,241746323260700,2985900,3494332900,3496786600
28,1484,241746370396900,2925000,3541469100,3543922800
28,1500,241746416841900,2677200,3587914100,3590367800
28,1516,241746460241000,2820100,3631313200,3633766900
28,1532,241746503897200,2769600,3674969400,3677423100
28,1548,241746548416200,2629800,3719488400,3721942100
28,1564,241746593274200,2768700,3764346400,3766800100
28,1580,241746644284900,2765700,3815357100,3817810800
28,1596,241746690000800,2773500,3861073000,3863526700
28,1612,241746733326600,2668500,3904398800,3906852500
28,1628,241746777087900,2873600,3948160100,3950613800
28,1644,241746821590700,2721900,3992662900,3995116600
28,1660,241746867451400,2844500,4038523600,4040977300
28,1676,241746912367400,2704700,4083439600,4085893300
28,1692,241746956201400,2768000,4127273600,4129727300
28,1708,241747006857900,2953200,4177930100,4180383800
28,1724,241747050926700,2750600,4221998900,4224452600
28,1740,241747096745700,2847800,4267817900,4270271600
28,1756,241747142144700,2844300,4313216900,4315670600
28,1772,241747189019500,3015100,4360091700,4362545400
28,1788,241747236551300,2852000,4407623500,4410077200
28,1804,241747282827900,2961900,4453900100,4456353800
28,1820,241747333092800,2799800,4504165000,4506618700
28,1836,241747376397800,2746000,4547470000,4549923700
28,1852,241747422245000,2924300,4593317200,4595770900
28,1868,241747468773600,3018400,4639845800,4642299500
28,1884,241747511282200,2618300,4682354400,4684808100
28,1900,241747555673200,2820900,4726745400,4729199100
28,1916,241747601018100,2905200,4772090300,4774544000
28,1932,241747646586800,2865900,4817659000,4820112700
28,1948,241747698524300,3018200,4869596500,4872050200
28,1964,241747746021400,2723700,4917093600,4919547300
28,1980,241747790262700,2584300,4961334900,4963788600
28,1996,241747836091300,2889400,5007163500,5009617200
28,2012,241747881954600,2862400,5053026800,5055480500
28,2028,241747928009200,2863800,5099081400,5101535100
28,2044,241747982219400,3447500,5153291600,5155745300
29,13,241742926898300,2498100,97970500,100424200
29,29,241742965933800,2288500,137006000,139459700
29,45,241743003824300,2393300,174896500,177350200
29,61,241743042768300,2341400,213840500,216294200
29,77,241743080969400,2676500,252041600,254495300
29,93,241743117392800,2220400,288465000,290918700
29,109,241743163979900,2476500,335052100,337505800
29,125,241743200918500,2149400,371990700,374444400
29,141,241743235216400,2125400,406288600,408742300
29,157,241743270077300,2484400,441149500,443603200
29,173,241743305066000,2116900,476138200,478591900
29,189,241743341644500,2258300,512716700,515170400
29,205,241743376711600,2264700,547783800,550237500
29,221,241743411838800,2320100,582911000,585364700
29,237,241743454145600,2195800,625217800,627671500
29,253,241743488430600,2144500,659502800,661956500
29,269,241743523228400,2299700,694300600,696754300
29,285,241743558459900,2144000,729532100,731985800
29,301,241743593464300,2334600,764536500,766990200
29,317,241743628872000,2180200,799944200,802397900
29,333,241743663899300,2091500,834971500,837425200
29,349,241743699652800,2137800,870725000,873178700
29,365,241743736816100,8080600,907888300,910342000
29,381,241743778045700,2144500,949117900,951571600
29,397,241743815146100,2356600,986218300,988672000
29,413,241743851642600,2196200,1022714800,1025168500
29,429,241743886734700,2119700,1057806900,1060260600
29,445,241743920772600,2064400,1091844800,1094298500
29,461,241743956335800,2313100,1127408000,1129861700
29,477,241743991799300,2099300,1162871500,1165325200
29,493,241744025936800,8355900,1197009000,1199462700
29,509,241744066896500,2273100,1237968700,1240422400
29,525,241744100809000,2235800,1271881200,1274334900
29,541,241744134616700,2082300,1305688900,1308142600
29,557,241744169661500,2213900,1340733700,1343187400
29,573,241744204677600,2093500,1375749800,1378203500
29,589,241744238205400,2143500,1409277600,1411731300
29,605,241744277171400,2166900,1448243600,1450697300
29,621,241744318075600,2287000,1489147800,1491601500
29,637,241744353839700,2180700,1524911900,1527365600
29,653,241744387950600,2112800,1559022800,1561476500
29,669,241744421926400,2095500,1592998600,1595452300
29,685,241744455896900,2111800,1626969100,1629422800
29,701,241744490728100,2180900,1661800300,1664254000
29,717,241744524995100,2172600,1696067300,1698521000
29,733,241744559829300,2189100,1730901500,1733355200
29,749,241744601047000,2122500,1772119200,1774572900
29,765,241744634993400,2130100,1806065600,1808519300
29,781,241744671511400,2192200,1842583600,1845037300
29,797,241744707142500,2130000,1878214700,1880668400
29,813,241744741402800,2093200,1912475000,1914928700
29,829,241744775708900,2159900,1946781100,1949234800
29,845,241744809941300,2143000,1981013500,1983467200
29,861,241744846004200,9741000,2017076400,2019530100
29,877,241744889284100,2378500,2060356300,2062810000
29,893,241744924780300,2157000,2095852500,2098306200
29,909,241744958930700,2126200,2130002900,2132456600
29,925,241744994129900,2137300,2165202100,2167655800
29,941,241745028004300,2130300,2199076500,2201530200
29,957,241745062622300,3059300,2233694500,2236148200
29,973,241745100859900,2099300,2271932100,2274385800
29,989,241745143170900,2128500,2314243100,2316696800
29,1005,241745177249800,2132900,2348322000,2350775700
29,1021,241745211689900,2147800,2382762100,2385215800
29,1037,241745246597200,2186900,2417669400,2420123100
29,1053,241745281688300,2154000,2452760500,2455214200
29,1069,241745316302800,2314900,2487375000,2489828700
29,1085,241745351701700,2236300,2522773900,2525227600
29,1101,241745391289000,2127600,2562361200,2564814900
29,1117,241745425401500,2225500,2596473700,2598927400
29,1133,241745459847200,2109600,2630919400,2633373100
29,1149,241745496377200,2255300,2667449400,2669903100
29,1165,241745531146400,2142600,2702218600,2704672300
29,1181,241745567683200,2300800,2738755400,2741209100
29,1197,241745602677600,2433800,2773749800,2776203500
29,1213,241745637422100,2160200,2808494300,2810948000
29,1229,241745676406900,2142900,2847479100,2849932800
29,1245,241745711106300,2130500,2882178500,2884632200
29,1261,241745745125500,2117900,2916197700,2918651400
29,1277,241745780172700,2163400,2951244900,2953698600
29,1293,241745814496500,2170800,2985568700,2988022400
29,1309,241745854985300,2790100,3026057500,3028511200
29,1325,241745900740600,2833700,3071812800,3074266500
29,1341,241745952796200,2947200,3123868400,3126322100
29,1357,241746000417600,2734300,3171489800,3173943500
29,1373,241746043695800,2611600,3214768000,3217221700
29,1389,241746090839600,3444200,3261911800,3264365500
29,1405,241746134778800,2901500,3305851000,3308304700
29,1421,241746181917900,2900100,3352990100,3355443800
29,1437,241746228547700,3117000,3399619900,3402073600
29,1453,241746276479800,2932900,3447552000,3450005700
29,1469,241746328223100,2979700,3499295300,3501749000
29,1485,241746375281000,2913800,3546353200,3548806900
29,1501,241746421333900,2629900,3592406100,3594859800
29,1517,241746464941700,2815300,3636013900,3638467600
29,1533,241746508535900,2849700,3679608100,3682061800
29,1549,241746552767700,2806200,3723839900,3726293600
29,1565,241746597860400,3105400,3768932600,3771386300
29,1581,241746648948200,2710300,3820020400,3822474100
29,1597,241746694433800,2717600,3865506000,3867959700
29,1613,241746737593200,2648400,3908665400,3911119100
29,1629,241746781649200,2895900,3952721400,3955175100
29,1645,241746825591600,2669500,3996663800,3999117500
29,1661,241746871724100,2960100,4042796300,4045250000
29,1677,241746916425100,2719900,4087497300,4089951000
29,1693,241746960326600,2785200,4131398800,4133852500
29,1709,241747013766300,2714500,4184838500,4187292200
29,1725,241747057403300,2694100,4228475500,4230929200
29,1741,241747103516900,2765200,4274589100,4277042800
29,1757,241747148860800,2884000,4319933000,4322386700
29,1773,241747195980000,2932200,4367052200,4369505900
29,1789,241747243140300,2866600,4414212500,4416666200
29,1805,241747289602500,2733500,4460674700,4463128400
29,1821,241747339512600,2657600,4510584800,4513038500
29,1837,241747382855000,2698500,4553927200,4556380900
29,1853,241747428991600,2925700,4600063800,4602517500
29,1869,241747475404600,2441500,4646476800,4648930500
29,1885,241747517840500,2772700,4688912700,4691366400
29,1901,241747562335400,2719600,4733407600,4735861300
29,1917,241747607801500,2756800,4778873700,4781327400
29,1933,241747653360500,2795800,4824432700,4826886400
29,1949,241747705666400,3026500,4876738600,4879192300
29,1965,241747752469800,2674500,4923542000,4925995700
29,1981,241747796494000,2585000,4967566200,4970019900
29,1997,241747842945000,2908600,5014017200,5016470900
29,2013,241747888856700,2895300,5059928900,5062382600
29,2029,241747936287500,3474900,5107359700,5109813400
29,2045,241747990681200,3438000,5161753400,5164207100
30,14,241742929259800,2543700,100332000,102785700
30,30,241742968137600,2330900,139209800,141663500
30,46,241743006084200,2515200,177156400,179610100
30,62,241743045179400,2322800,216251600,218705300
30,78,241743083822500,2321700,254894700,257348400
30,94,241743120042700,2506500,291114900,293568600
30,110,241743166588600,2507900,337660800,340114500
30,126,241743203160400,2137600,374232600,376686300
30,142,241743237400300,2129000,408472500,410926200
30,158,241743272625100,2336700,443697300,446151000
30,174,241743307214900,2146600,478287100,480740800
30,190,241743343759100,2252900,514831300,517285000
30,206,241743378947300,2184700,550019500,552473200
30,222,241743413971400,2282200,585043600,587497300
30,238,241743456127300,2154200,627199500,629653200
30,254,241743490316700,2129600,661388900,663842600
30,270,241743525245300,2252100,696317500,698771200
30,286,241743560393700,2040700,731465900,733919600
30,302,241743595430000,2229800,766502200,768955900
30,318,241743630690300,2156600,801762500,804216200
30,334,241743665646300,2170300,836718500,839172200
30,350,241743701371800,2188100,872444000,874897700
30,366,241743738421800,8174500,909494000,911947700
30,382,241743779672200,2452100,950744400,953198100
30,398,241743816977200,2226500,988049400,990503100
30,414,241743853445300,2168900,1024517500,1026971200
30,430,241743888449400,2180000,1059521600,1061975300
30,446,241743922414900,2127700,1093487100,1095940800
30,462,241743958209000,2185500,1129281200,1131734900
30,478,241743993466600,2112400,1164538800,1166992500
30,494,241744027450800,8553900,1198523000,1200976700
30,510,241744068583500,2332600,1239655700,1242109400
30,526,241744102639100,2118200,1273711300,1276165000
30,542,241744136257400,2070100,1307329600,1309783300
30,558,241744171450700,2218900,1342522900,1344976600
30,574,241744206387800,2097900,1377460000,1379913700
30,590,241744239969000,2300500,1411041200,1413494900
30,606,241744278824600,2128800,1449896800,1452350500
30,622,241744319771500,2238900,1490843700,1493297400
30,638,241744355577900,2167100,1526650100,1529103800
30,654,241744389638400,2123000,1560710600,1563164300
30,670,241744423587000,2092200,1594659200,1597112900
30,686,241744457535300,2099700,1628607500,1631061200
30,702,241744492314500,2244300,1663386700,1665840400
30,718,241744526555300,2119300,1697627500,1700081200
30,734,241744561508000,2186900,1732580200,1735033900
30,750,241744602707600,2144500,1773779800,1776233500
30,766,241744636681400,2152200,1807753600,1810207300
30,782,241744673129500,2230100,1844201700,1846655400
30,798,241744708697800,2146300,1879770000,1882223700
30,814,241744742936300,2112800,1914008500,1916462200
30,830,241744777286000,2166000,1948358200,1950811900
30,846,241744811498700,2149500,1982570900,1985024600
30,862,241744855272200,2379900,2026344400,2028798100
30,878,241744891190200,2291400,2062262400,2064716100
30,894,241744926518800,2152200,2097591000,2100044700
30,910,241744960619000,2143600,2131691200,2134144900
30,926,241744995954000,2102400,2167026200,2169479900
30,942,241745029842900,2147700,2200915100,2203368800
30,958,241745065410800,2369900,2236483000,2238936700
30,974,241745102774500,2077700,2273846700,2276300400
30,990,241745145075200,2115100,2316147400,2318601100
30,1006,241745179151900,2096300,2350224100,2352677800
30,1022,241745213541600,2170800,2384613800,2387067500
30,1038,241745248527100,2184700,2419599300,2422053000
30,1054,241745283552900,2226800,2454625100,2457078800
30,1070,241745318444100,2147800,2489516300,2491970000
30,1086,241745353739500,2251500,2524811700,2527265400
30,1102,241745393203300,2141000,2564275500,2566729200
30,1118,241745427345600,2160900,2598417800,2600871500
30,1134,241745461812000,2121600,2632884200,2635337900
30,1150,241745498209500,2216100,2669281700,2671735400
30,1166,241745532883700,2124200,2703955900,2706409600
30,1182,241745569457200,2269300,2740529400,2742983100
30,1198,241745604498700,2176700,2775570900,2778024600
30,1214,241745638804000,2142300,2809876200,2812329900
30,1230,241745677772300,2426200,2848844500,2851298200
30,1246,241745712454400,2114400,2883526600,2885980300
30,1262,241745746455800,2142500,2917528000,2919981700
30,1278,241745781598000,2171900,2952670200,2955123900
30,1294,241745815888800,2348700,2986961000,2989414700
30,1310,241745856599300,2809800,3027671500,3030125200
30,1326,241745902275800,2842800,3073348000,3075801700
30,1342,241745953949300,2973400,3125021500,3127475200
30,1358,241746001553800,2772700,3172626000,3175079700
30,1374,241746044779100,2590600,3215851300,3218305000
30,1390,241746092712400,2627000,3263784600,3266238300
30,1406,241746135873900,2978300,3306946100,3309399800
30,1422,241746183026600,2987600,3354098800,3356552500
30,1438,241746229584500,4306200,3400656700,3403110400
30,1454,241746277474900,3004500,3448547100,3451000800
30,1470,241746329281300,2973800,3500353500,3502807200
30,1486,241746376318800,2904600,3547391000,3549844700
30,1502,241746422254500,2627400,3593326700,3595780400
30,1518,241746465919100,2773500,3636991300,3639445000
30,1534,241746509539100,2817000,3680611300,3683065000
30,1550,241746553781900,2766700,3724854100,3727307800
30,1566,241746598998400,3073600,3770070600,3772524300
30,1582,241746649959400,2627400,3821031600,3823485300
30,1598,241746695392800,2709700,3866465000,3868918700
30,1614,241746738529600,2626800,3909601800,3912055500
30,1630,241746782723900,2849200,3953796100,3956249800
30,1646,241746826787800,2687600,3997860000,4000313700
30,1662,241746872998400,2984600,4044070600,4046524300
30,1678,241746917591800,2720100,4088664000,4091117700
30,1694,241746961516300,2783800,4132588500,4135042200
30,1710,241747012924800,2720200,4183997000,4186450700
30,1726,241747056544800,2692600,4227617000,4230070700
30,1742,241747102573800,2771900,4273646000,4276099700
30,1758,241747147939200,2821000,4319011400,4321465100
30,1774,241747195103800,2939000,4366176000,4368629700
30,1790,241747242342700,2863700,4413414900,4415868600
30,1806,241747288812800,2720100,4459885000,4462338700
30,1822,241747338730100,2629400,4509802300,4512256000
30,1838,241747382037600,2733600,4553109800,4555563500
30,1854,241747428130100,2910000,4599202300,4601656000
30,1870,241747474717200,2308800,4645789400,4648243100
30,1886,241747516819600,2777000,4687891800,4690345500
30,1902,241747561328100,2732500,4732400300,4734854000
30,1918,241747606781000,2755900,4777853200,4780306900
30,1934,241747652350000,2809000,4823422200,4825875900
30,1950,241747704598700,3026300,4875670900,4878124600
30,1966,241747751473400,2648500,4922545600,4924999300
30,1982,241747795493000,2574800,4966565200,4969018900
30,1998,241747841848200,2853100,5012920400,5015374100
30,2014,241747887660200,2900700,5058732400,5061186100
30,2030,241747934777700,3462700,5105849900,5108303600
30,2046,241747989095600,3530600,5160167800,5162621500
31,15,241742932185200,2416000,103257400,105711100
31,31,241742970844300,2289500,141916500,144370200
31,47,241743009573900,2882800,180646100,183099800
31,63,241743048361400,2348300,219433600,221887300
31,79,241743086595700,2278900,257667900,260121600
31,95,241743122857200,2464100,293929400,296383100
31,111,241743169539800,2325700,340612000,343065700
31,127,241743205842900,2106400,376915100,379368800
31,143,241743240029500,2043800,411101700,413555400
31,159,241743275487300,2317900,446559500,449013200
31,175,241743309894100,2101500,480966300,483420000
31,191,241743346480100,2111700,517552300,520006000
31,207,241743381502400,2119700,552574600,555028300
31,223,241743417076900,2244900,588149100,590602800
31,239,241743459102900,2077700,630175100,632628800
31,255,241743493292000,2162300,664364200,666817900
31,271,241743528337700,2202900,699409900,701863600
31,287,241743563157800,2051800,734230000,736683700
31,303,241743598500000,2210300,769572200,772025900
31,319,241743633582700,2160000,804654900,807108600
31,335,241743668491300,2193900,839563500,842017200
31,351,241743704256800,2113000,875329000,877782700
31,367,241743747317200,2108400,918389400,920843100
31,383,241743783083000,2522300,954155200,956608900
31,399,241743819939800,2220900,991012000,993465700
31,415,241743856876000,2199100,1027948200,1030401900
31,431,241743891908900,2094600,1062981100,1065434800
31,447,241743925796200,2070500,1096868400,1099322100
31,463,241743961686200,2176700,1132758400,1135212100
31,479,241743996848400,2120000,1167920600,1170374300
31,495,241744037650000,2252500,1208722200,1211175900
31,511,241744072274200,2107500,1243346400,1245800100
31,527,241744106127300,2130400,1277199500,1279653200
31,543,241744139820600,2385100,1310892800,1313346500
31,559,241744175523100,2227700,1346595300,1349049000
31,575,241744210264300,2103600,1381336500,1383790200
31,591,241744244017800,2095100,1415090000,1417543700
31,607,241744282685000,2132300,1453757200,1456210900
31,623,241744323761600,2150800,1494833800,1497287500
31,639,241744359488100,2134400,1530560300,1533014000
31,655,241744393454100,2125900,1564526300,1566980000
31,671,241744427342700,2079200,1598414900,1600868600
31,687,241744461313000,2297600,1632385200,1634838900
31,703,241744496249800,2167200,1667322000,1669775700
31,719,241744530385100,2093000,1701457300,1703911000
31,735,241744565356800,2182200,1736429000,1738882700
31,751,241744606463400,2130300,1777535600,1779989300
31,767,241744640328800,2222100,1811401000,1813854700
31,783,241744677529300,2320600,1848601500,1851055200
31,799,241744712800000,2160200,1883872200,1886325900
31,815,241744747025100,2107100,1918097300,1920551000
31,831,241744781359000,2116900,1952431200,1954884900
31,847,241744815565100,2439800,1986637300,1989091000
31,863,241744859671100,2268400,2030743300,2033197000
31,879,241744895562500,2150600,2066634700,2069088400
31,895,241744930643000,2157100,2101715200,2104168900
31,911,241744964791900,2157100,2135864100,2138317800
31,927,241744999971900,2080800,2171044100,2173497800
31,943,241745033910400,2161600,2204982600,2207436300
31,959,241745069845200,2325400,2240917400,2243371100
31,975,241745106768100,2133700,2277840300,2280294000
31,991,241745149107500,2123300,2320179700,2322633400
31,1007,241745183153300,2115900,2354225500,2356679200
31,1023,241745217636900,2198700,2388709100,2391162800
31,1039,241745252707800,2114800,2423780000,2426233700
31,1055,241745287837800,2135300,2458910000,2461363700
31,1071,241745322454100,2199800,2493526300,2495980000
31,1087,241745357959700,2144600,2529031900,2531485600
31,1103,241745397225300,2126600,2568297500,2570751200
31,1119,241745431503300,2120500,2602575500,2605029200
31,1135,241745465826300,2114600,2636898500,2639352200
31,1151,241745501966800,2195200,2673039000,2675492700
31,1167,241745536531800,2366900,2707604000,2710057700
31,1183,241745573362800,2176900,2744435000,2746888700
31,1199,241745608265600,2186300,2779337800,2781791500
31,1215,241745642613600,2151700,2813685800,2816139500
31,1231,241745681963800,2131600,2853036000,2855489700
31,1247,241745716241800,2095500,2887314000,2889767700
31,1263,241745750219400,2110900,2921291600,2923745300
31,1279,241745785328100,2202300,2956400300,2958854000
31,1295,241745820128400,2301900,2991200600,2993654300
31,1311,241745861803000,2792200,3032875200,3035328900
31,1327,241745907529500,2865500,3078601700,3081055400
31,1343,241745959360800,2836000,3130433000,3132886700
31,1359,241746006688500,2842000,3177760700,3180214400
31,1375,241746049595400,2605100,3220667600,3223121300
31,1391,241746097564900,2658300,3268637100,3271090800
31,1407,241746141386600,3046000,3312458800,3314912500
31,1423,241746188488100,2963500,3359560300,3362014000
31,1439,241746238297800,2815900,3409370000,3411823700
31,1455,241746282910600,2713600,3453982800,3456436500
31,1471,241746334817400,2962700,3505889600,3508343300
31,1487,241746381771700,2893000,3552843900,3555297600
31,1503,241746427153700,2644200,3598225900,3600679600
31,1519,241746471080000,2693500,3642152200,3644605900
31,1535,241746514812000,2819100,3685884200,3688337900
31,1551,241746559224000,2988100,3730296200,3732749900
31,1567,241746604751900,3018500,3775824100,3778277800
31,1583,241746654879000,2909000,3825951200,3828404900
31,1599,241746700508900,2746200,3871581100,3874034800
31,1615,241746743560300,2636900,3914632500,3917086200
31,1631,241746788337000,3027000,3959409200,3961862900
31,1647,241746832067300,2989600,4003139500,4005593200
31,1663,241746878662300,3046300,4049734500,4052188200
31,1679,241746922805700,2815600,4093877900,4096331600
31,1695,241746966776100,2762300,4137848300,4140302000
31,1711,241747018204000,2779300,4189276200,4191729900
31,1727,241747061816900,2792000,4232889100,4235342800
31,1743,241747107959600,2813800,4279031800,4281485500
31,1759,241747153588300,2857200,4324660500,4327114200
31,1775,241747200832800,2940400,4371905000,4374358700
31,1791,241747247908700,2888100,4418980900,4421434600
31,1807,241747294022100,2925100,4465094300,4467548000
31,1823,241747343941500,2776900,4515013700,4517467400
31,1839,241747387464200,2952000,4558536400,4560990100
31,1855,241747433833600,2934800,4604905800,4607359500
31,1871,241747479563500,2653100,4650635700,4653089400
31,1887,241747522280900,2677700,4693353100,4695806800
31,1903,241747566632300,2762300,4737704500,4740158200
31,1919,241747612098300,2764200,4783170500,4785624200
31,1935,241747657797400,2950500,4828869600,4831323300
31,1951,241747710488700,3064900,4881560900,4884014600
31,1967,241747756879500,2985900,4927951700,4930405400
31,1983,241747800496500,2615400,4971568700,4974022400
31,1999,241747847462700,2952500,5018534900,5020988600
31,2015,241747893254200,2864800,5064326400,5066780100
31,2031,241747941522600,3355600,5112594800,5115048500
31,2047,241747996121600,4037100,5167193800,5169647500
32,0,241742880556700,10216200,51628900,54082600
32,16,241742934563200,2478200,105635400,108089100
32,32,241742973101200,2313400,144173400,146627100
32,48,241743011876000,2482900,182948200,185401900
32,64,241743050219500,2390300,221291700,223745400
32,80,241743088722600,2244300,259794800,262248500
32,96,241743125292500,2283500,296364700,298818400
32,112,241743171818900,2414500,342891100,345344800
32,128,241743207770900,2336300,378843100,381296800
32,144,241743241964200,2058100,413036400,415490100
32,160,241743277716300,2237600,448788500,451242200
32,176,241743311908400,2079000,482980600,485434300
32,192,241743348705500,2122000,519777700,522231400
32,208,241743383866600,2161200,554938800,557392500
32,224,241743419168700,2421400,590240900,592694600
32,240,241743461068300,2086000,632140500,634594200
32,256,241743495489500,2110600,666561700,669015400
32,272,241743530577900,2185300,701650100,704103800
32,288,241743565240400,2074700,736312600,738766300
32,304,241743600589500,2174700,771661700,774115400
32,320,241743635618300,2131800,806690500,809144200
32,336,241743670627700,2238100,841699900,844153600
32,352,241743706307600,2134300,877379800,879833500
32,368,241743749397900,2314200,920470100,922923800
32,384,241743785549400,2237200,956621600,959075300
32,400,241743822098900,2264000,993171100,995624800
32,416,241743858738200,2198600,1029810400,1032264100
32,432,241743893678800,2131300,1064751000,1067204700
32,448,241743927531800,2125900,1098604000,1101057700
32,464,241743963441200,2238700,1134513400,1136967100
32,480,241743998560900,2102200,1169633100,1172086800
32,496,241744039663400,2114600,1210735600,1213189300
32,512,241744074119500,2109700,1245191700,1247645400
32,528,241744107918600,2128200,1278990800,1281444500
32,544,241744141830200,2253300,1312902400,1315356100
32,560,241744177231800,2323900,1348304000,1350757700
32,576,241744211749100,2100500,1382821300,1385275000
32,592,241744245504000,2100700,1416576200,1419029900
32,608,241744284037800,2128100,1455110000,1457563700
32,624,241744325102400,2196000,1496174600,1498628300
32,640,241744360851200,2095800,1531923400,1534377100
32,656,241744394790900,2142500,1565863100,1568316800
32,672,241744428669400,2283400,1599741600,1602195300
32,688,241744462737700,2217400,1633809900,1636263600
32,704,241744497631200,2178600,1668703400,1671157100
32,720,241744531642700,2137000,1702714900,1705168600
32,736,241744566766200,2183000,1737838400,1740292100
32,752,241744607802800,2123500,1778875000,1781328700
32,768,241744641906600,2170600,1812978800,1815432500
32,784,241744678722000,2268200,1849794200,1852247900
32,800,241744713917800,2132800,1884990000,1887443700
32,816,241744748164000,2133700,1919236200,1921689900
32,832,241744782494300,2148700,1953566500,1956020200
32,848,241744816875000,2412100,1987947200,1990400900
32,864,241744860729500,2258300,2031801700,2034255400
32,880,241744896812000,2196000,2067884200,2070337900
32,896,241744931971300,2150100,2103043500,2105497200
32,912,241744966086400,2157600,2137158600,2139612300
32,928,241745001198400,2095800,2172270600,2174724300
32,944,241745035216700,2130200,2206288900,2208742600
32,960,241745071197100,2309500,2242269300,2244723000
32,976,241745107808300,2124800,2278880500,2281334200
32,992,241745150151700,2135100,2321223900,2323677600
32,1008,241745184182300,2116800,2355254500,2357708200
32,1024,241745218661600,2252200,2389733800,2392187500
32,1040,241745253657500,2124200,2424729700,2427183400
32,1056,241745288851400,2147700,2459923600,2462377300
32,1072,241745323499500,2177000,2494571700,2497025400
32,1088,241745358936800,2153500,2530009000,2532462700
32,1104,241745398180500,2108700,2569252700,2571706400
32,1120,241745432403700,2186200,2603475900,2605929600
32,1136,241745466770500,2114500,2637842700,2640296400
32,1152,241745502839800,2203600,2673912000,2676365700
32,1168,241745537392100,2406800,2708464300,2710918000
32,1184,241745574266300,2197100,2745338500,2747792200
32,1200,241745609214600,2170800,2780286800,2782740500
32,1216,241745643485800,2142700,2814558000,2817011700
32,1232,241745682854600,2123700,2853926800,2856380500
32,1248,241745717101600,2115100,2888173800,2890627500
32,1264,241745751118900,2122500,2922191100,2924644800
32,1280,241745786328500,2224200,2957400700,2959854400
32,1296,241745820949100,2235600,2992021300,2994475000
32,1312,241745862720300,2800300,3033792500,3036246200
32,1328,241745908510900,2868300,3079583100,3082036800
32,1344,241745960378800,3031300,3131451000,3133904700
32,1360,241746007661900,2861900,3178734100,3181187800
32,1376,241746050499600,2616600,3221571800,3224025500
32,1392,241746098490900,2692700,3269563100,3272016800
32,1408,241746142516500,3014500,3313588700,3316042400
32,1424,241746189543800,2961000,3360616000,3363069700
32,1440,241746239299000,2764700,3410371200,3412824900
32,1456,241746283834700,2732800,3454906900,3457360600
32,1472,241746335858200,2947100,3506930400,3509384100
32,1488,241746382781900,2905200,3553854100,3556307800
32,1504,241746428081700,2607800,3599153900,3601607600
32,1520,241746472050600,2687500,3643122800,3645576500
32,1536,241746515758100,2840300,3686830300,3689284000
32,1552,241746560213800,2868900,3731286000,3733739700
32,1568,241746605722600,3032800,3776794800,3779248500
32,1584,241746655704500,3017400,3826776700,3829230400
32,1600,241746701381100,2849000,3872453300,3874907000
32,1616,241746744382800,2632300,3915455000,3917908700
32,1632,241746789313100,3002800,3960385300,3962839000
32,1648,241746832979700,3014000,4004051900,4006505600
32,1664,241746879590900,2999300,4050663100,4053116800
32,1680,241746923702000,2787100,4094774200,4097227900
32,1696,241746967609400,2794100,4138681600,4141135300
32,1712,241747019878000,2745000,4190950200,4193403900
32,1728,241747063488900,3090500,4234561100,4237014800
32,1744,241747109637700,2812500,4280709900,4283163600
32,1760,241747155227500,2829200,4326299700,4328753400
32,1776,241747202490300,2970800,4373562500,4376016200
32,1792,241747249528200,2908500,4420600400,4423054100
32,1808,241747295683200,2930200,4466755400,4469209100
32,1824,241747345617100,2737500,4516689300,4519143000
32,1840,241747389218600,2946700,4560290800,4562744500
32,1856,241747435572000,2907100,4606644200,4609097900
32,1872,241747481158800,2651100,4652231000,4654684700
32,1888,241747523846100,2621100,4694918300,4697372000
32,1904,241747568244500,2734900,4739316700,4741770400
32,1920,241747613734200,2724700,4784806400,4787260100
32,1936,241747659515700,2938000,4830587900,4833041600
32,1952,241747712271800,2991700,4883344000,4885797700
32,1968,241747758612800,2987200,4929685000,4932138700
32,1984,241747802007900,2602700,4973080100,4975533800
32,2000,241747849145800,2931600,5020218000,5022671700
32,2016,241747894887600,2943800,5065959800,5068413500
32,2032,241747943536400,3245900,5114608600,5117062300
33,1,241742890817200,2580500,61889400,64343100
33,17,241742936907400,2451300,107979600,110433300
33,33,241742975292900,2313100,146365100,148818800
33,49,241743014108200,2722100,185180400,187634100
33,65,241743052446300,2382900,223518500,225972200
33,81,241743090834000,2416500,261906200,264359900
33,97,241743127232500,2300900,298304700,300758400
33,113,241743173949400,2298800,345021600,347475300
33,129,241743209814400,2237800,380886600,383340300
33,145,241743243813200,2235600,414885400,417339100
33,161,241743279745200,2108600,450817400,453271100
33,177,241743313801700,2237600,484873900,487327600
33,193,241743350563200,2221500,521635400,524089100
33,209,241743385998400,2287300,557070600,559524300
33,225,241743421424500,2452700,592496700,594950400
33,241,241743462987700,2014400,634059900,636513600
33,257,241743497290500,2161900,668362700,670816400
33,273,241743532469100,2220800,703541300,705995000
33,289,241743567031800,2100800,738104000,740557700
33,305,241743602585500,2208300,773657700,776111400
33,321,241743637546500,2240100,808618700,811072400
33,337,241743672653300,2131200,843725500,846179200
33,353,241743708235300,2132100,879307500,881761200
33,369,241743751410000,2249000,922482200,924935900
33,385,241743787587700,2216900,958659900,961113600
33,401,241743824143600,2242100,995215800,997669500
33,417,241743861163400,2375900,1032235600,1034689300
33,433,241743896005000,2079200,1067077200,1069530900
33,449,241743929873800,2136600,1100946000,1103399700
33,465,241743965870900,2491700,1136943100,1139396800
33,481,241744000961900,2095800,1172034100,1174487800
33,497,241744041985600,2220500,1213057800,1215511500
33,513,241744076421300,2116800,1247493500,1249947200
33,529,241744110288900,2113400,1281361100,1283814800
33,545,241744144232500,2252700,1315304700,1317758400
33,561,241744179717100,2187700,1350789300,1353243000
33,577,241744213983000,2082200,1385055200,1387508900
33,593,241744247746500,2599200,1418818700,1421272400
33,609,241744286310900,2137500,1457383100,1459836800
33,625,241744327451000,2152300,1498523200,1500976900
33,641,241744363088600,2100000,1534160800,1536614500
33,657,241744397081800,2170900,1568154000,1570607700
33,673,241744431088100,2093600,1602160300,1604614000
33,689,241744465225500,2129900,1636297700,1638751400
33,705,241744499977300,2150800,1671049500,1673503200
33,721,241744534008800,2136200,1705081000,1707534700
33,737,241744569114100,2051000,1740186300,1742640000
33,753,241744610067100,2093000,1781139300,1783593000
33,769,241744644227200,2145500,1815299400,1817753100
33,785,241744681171000,2226200,1852243200,1854696900
33,801,241744716223200,2123700,1887295400,1889749100
33,817,241744750470200,2112500,1921542400,1923996100
33,833,241744784814800,2124700,1955887000,1958340700
33,849,241744819708700,2485500,1990780900,1993234600
33,865,241744863510600,2175000,2034582800,2037036500
33,881,241744899246900,2194200,2070319100,2072772800
33,897,241744934303600,2114800,2105375800,2107829500
33,913,241744968403200,2436600,2139475400,2141929100
33,929,241745003466000,2093700,2174538200,2176991900
33,945,241745037525000,2132500,2208597200,2211050900
33,961,241745073666400,2250500,2244738600,2247192300
33,977,241745110482800,2109500,2281555000,2284008700
33,993,241745152820800,2136900,2323893000,2326346700
33,1009,241745186818300,2136800,2357890500,2360344200
33,1025,241745221441600,2158500,2392513800,2394967500
33,1041,241745256124200,2224200,2427196400,2429650100
33,1057,241745291329800,2138300,2462402000,2464855700
33,1073,241745326029700,2268600,2497101900,2499555600
33,1089,241745361444200,2223800,2532516400,2534970100
33,1105,241745400626400,2134300,2571698600,2574152300
33,1121,241745434999900,2215700,2606072100,2608525800
33,1137,241745469249700,2424500,2640321900,2642775600
33,1153,241745505614900,2177800,2676687100,2679140800
33,1169,241745540270400,2401000,2711342600,2713796300
33,1185,241745577004100,2230300,2748076300,2750530000
33,1201,241745611789300,2179000,2782861500,2785315200
33,1217,241745646023000,2142500,2817095200,2819548900
33,1233,241745685384600,2142300,2856456800,2858910500
33,1249,241745719607300,2145000,2890679500,2893133200
33,1265,241745753661800,2256100,2924734000,2927187700
33,1281,241745788966800,2197400,2960039000,2962492700
33,1297,241745823749000,2152500,2994821200,2997274900
33,1313,241745866112600,2898500,3037184800,3039638500
33,1329,241745911922400,2882800,3082994600,3085448300
33,1345,241745964293000,3099600,3135365200,3137818900
33,1361,241746011416400,2769500,3182488600,3184942300
33,1377,241746053932800,2780000,3225005000,3227458700
33,1393,241746102005200,2755400,3273077400,3275531100
33,1409,241746146437300,3040600,3317509500,3319963200
33,1425,241746193386000,2945600,3364458200,3366911900
33,1441,241746242915900,2720700,3413988100,3416441800
33,1457,241746287414200,2724200,3458486400,3460940100
33,1473,241746339721600,2936300,3510793800,3513247500
33,1489,241746386596000,2991700,3557668200,3560121900
33,1505,241746431534700,2626300,3602606900,3605060600
33,1521,241746475550900,2652000,3646623100,3649076800
33,1537,241746519509200,2756900,3690581400,3693035100
33,1553,241746563793100,2761500,3734865300,3737319000
33,1569,241746609572500,3253100,3780644700,3783098400
33,1585,241746659550100,3010000,3830622300,3833076000
33,1601,241746705001700,2867800,3876073900,3878527600
33,1617,241746747682500,2656900,3918754700,3921208400
33,1633,241746793013300,2707900,3964085500,3966539200
33,1649,241746836662300,3000800,4007734500,4010188200
33,1665,241746883237300,2691200,4054309500,4056763200
33,1681,241746927096100,2734600,4098168300,4100622000
33,1697,241746970971500,8579700,4142043700,4144497400
33,1713,241747023237000,2704600,4194309200,4196762900
33,1729,241747067264500,2762600,4238336700,4240790400
33,1745,241747113094800,2771400,4284167000,4286620700
33,1761,241747158841800,2977200,4329914000,4332367700
33,1777,241747206264200,2994500,4377336400,4379790100
33,1793,241747253261900,2733100,4424334100,4426787800
33,1809,241747299441700,2718200,4470513900,4472967600
33,1825,241747349063300,2661000,4520135500,4522589200
33,1841,241747392945600,2848700,4564017800,4566471500
33,1857,241747439271800,2705300,4610344000,4612797700
33,1873,241747484506800,2593500,4655579000,4658032700
33,1889,241747527247800,2609600,4698320000,4700773700
33,1905,241747571807600,2721000,4742879800,4745333500
33,1921,241747617305400,2660500,4788377600,4790831300
33,1937,241747668118800,2981200,4839191000,4841644700
33,1953,241747716249100,3007500,4887321300,4889775000
33,1969,241747762541000,2716100,4933613200,4936066900
33,1985,241747805522000,3119500,4976594200,4979047900
33,2001,241747853079900,2548600,5024152100,5026605800
33,2017,241747898814000,2909300,5069886200,5072339900
33,2033,241747947999700,3348500,5119071900,5121525600
34,2,241742893443500,2537900,64515700,66969400
34,18,241742939289200,2568100,110361400,112815100
34,34,241742977577200,2274400,148649400,151103100
34,50,241743016690000,2571400,187762200,190215900
34,66,241743054598700,2950500,225670900,228124600
34,82,241743092844400,2163300,263916600,266370300
34,98,241743129297600,2447000,300369800,302823500
34,114,241743175936000,2237000,347008200,349461900
34,130,241743211734200,2198900,382806400,385260100
34,146,241743245601900,2303000,416674100,419127800
34,162,241743281448700,2105200,452520900,454974600
34,178,241743315591500,2607400,486663700,489117400
34,194,241743352445400,2196900,523517600,525971300
34,210,241743387612800,2273800,558685000,561138700
34,226,241743423525900,2228500,594598100,597051800
34,242,241743464700000,2113600,635772200,638225900
34,258,241743499147800,2094200,670220000,672673700
34,274,241743534368000,2202200,705440200,707893900
34,290,241743568826900,2138600,739899100,742352800
34,306,241743604397300,2231600,775469500,777923200
34,322,241743639363900,2095300,810436100,812889800
34,338,241743674440400,2195300,845512600,847966300
34,354,241743710039200,2153700,881111400,883565100
34,370,241743753343200,2172600,924415400,926869100
34,386,241743789680000,2314300,960752200,963205900
34,402,241743826262500,2191000,997334700,999788400
34,418,241743862592200,2246300,1033664400,1036118100
34,434,241743897242400,2104600,1068314600,1070768300
34,450,241743931184600,2041300,1102256800,1104710500
34,466,241743967354600,2207500,1138426800,1140880500
34,482,241744002145800,2104900,1173218000,1175671700
34,498,241744043203900,2184300,1214276100,1216729800
34,514,241744077714800,2110900,1248787000,1251240700
34,530,241744111579200,2070000,1282651400,1285105100
34,546,241744145617400,2181000,1316689600,1319143300
34,562,241744181087200,2172100,1352159400,1354613100
34,578,241744215285100,2058400,1386357300,1388811000
34,594,241744249044800,4294500,1420117000,1422570700
34,610,241744288078000,2244400,1459150200,1461603900
34,626,241744329296500,2157000,1500368700,1502822400
34,642,241744364884500,2136900,1535956700,1538410400
34,658,241744398940400,2118500,1570012600,1572466300
34,674,241744432832300,2015000,1603904500,1606358200
34,690,241744467005000,2131500,1638077200,1640530900
34,706,241744501813000,2111000,1672885200,1675338900
34,722,241744535820400,2117900,1706892600,1709346300
34,738,241744570801300,2109700,1741873500,1744327200
34,754,241744611802400,2091200,1782874600,1785328300
34,770,241744646006800,2129800,1817079000,1819532700
34,786,241744683080700,2280000,1854152900,1856606600
34,802,241744718055200,2120000,1889127400,1891581100
34,818,241744752304300,2149200,1923376500,1925830200
34,834,241744786653900,2076000,1957726100,1960179800
34,850,241744821589700,2277400,1992661900,1995115600
34,866,241744865099300,2132800,2036171500,2038625200
34,882,241744900983000,2190000,2072055200,2074508900
34,898,241744935877700,2122800,2106949900,2109403600
34,914,241744970194000,2236800,2141266200,2143719900
34,930,241745004935400,2116800,2176007600,2178461300
34,946,241745039023900,2125400,2210096100,2212549800
34,962,241745075332700,3135000,2246404900,2248858600
34,978,241745111867400,2111700,2282939600,2285393300
34,994,241745154231000,2139800,2325303200,2327756900
34,1010,241745188225700,2110700,2359297900,2361751600
34,1026,241745222886600,2172400,2393958800,2396412500
34,1042,241745257821000,2159500,2428893200,2431346900
34,1058,241745293021500,2136800,2464093700,2466547400
34,1074,241745327876300,2202100,2498948500,2501402200
34,1090,241745363163400,2192800,2534235600,2536689300
34,1106,241745402315500,2134500,2573387700,2575841400
34,1122,241745436777100,2090800,2607849300,2610303000
34,1138,241745471141000,2466100,2642213200,2644666900
34,1154,241745507302400,2127100,2678374600,2680828300
34,1170,241745542158100,2274300,2713230300,2715684000
34,1186,241745578782600,2127500,2749854800,2752308500
34,1202,241745613611500,2153700,2784683700,2787137400
34,1218,241745647836000,2124800,2818908200,2821361900
34,1234,241745687210100,2082500,2858282300,2860736000
34,1250,241745721417400,2137700,2892489600,2894943300
34,1266,241745755547300,2266200,2926619500,2929073200
34,1282,241745790904200,2094400,2961976400,2964430100
34,1298,241745825492300,2213500,2996564500,2999018200
34,1314,241745868621200,2779900,3039693400,3042147100
34,1330,241745914381700,2871200,3085453900,3087907600
34,1346,241745966709700,3064100,3137781900,3140235600
34,1362,241746013524800,2755900,3184597000,3187050700
34,1378,241746055906800,2980600,3226979000,3229432700
34,1394,241746104077000,2749500,3275149200,3277602900
34,1410,241746148742000,3035600,3319814200,3322267900
34,1426,241746195632500,2802300,3366704700,3369158400
34,1442,241746244945300,2845900,3416017500,3418471200
34,1458,241746289449700,7740100,3460521900,3462975600
34,1474,241746341908200,2954300,3512980400,3515434100
34,1490,241746388829000,2948100,3559901200,3562354900
34,1506,241746433497700,2697700,3604569900,3607023600
34,1522,241746477501500,2647200,3648573700,3651027400
34,1538,241746521527100,2780900,3692599300,3695053000
34,1554,241746566002700,2687600,3737074900,3739528600
34,1570,241746612183900,3034900,3783256100,3785709800
34,1586,241746661920300,2961800,3832992500,3835446200
34,1602,241746707252700,2764500,3878324900,3880778600
34,1618,241746749778100,2728300,3920850300,3923304000
34,1634,241746795294300,2599900,3966366500,3968820200
34,1650,241746839258200,2982200,4010330400,4012784100
34,1666,241746885561300,2699700,4056633500,4059087200
34,1682,241746929459900,2741900,4100532100,4102985800
34,1698,241746979154400,2730700,4150226600,4152680300
34,1714,241747023962900,2696000,4195035100,4197488800
34,1730,241747067967700,2737700,4239039900,4241493600
34,1746,241747113814000,2764300,4284886200,4287339900
34,1762,241747159457700,3101000,4330529900,4332983600
34,1778,241747206927800,2999700,4378000000,4380453700
34,1794,241747253929400,2649600,4425001600,4427455300
34,1810,241747300111700,2703800,4471183900,4473637600
34,1826,241747349614500,2687200,4520686700,4523140400
34,1842,241747393552400,2795100,4564624600,4567078300
34,1858,241747439894100,2787900,4610966300,4613420000
34,1874,241747485037700,2599200,4656109900,4658563600
34,1890,241747527770700,2654900,4698842900,4701296600
34,1906,241747572335500,2725000,4743407700,4745861400
34,1922,241747617832300,2691300,4788904500,4791358200
34,1938,241747668724200,2952100,4839796400,4842250100
34,1954,241747716793500,3014700,4887865700,4890319400
34,1970,241747763023600,2740500,4934095800,4936549500
34,1986,241747806134900,3104500,4977207100,4979660800
34,2002,241747853665000,2538300,5024737200,5027190900
34,2018,241747899356600,2895100,5070428800,5072882500
34,2034,241747948593700,3344400,5119665900,5122119600
35,3,241742896020700,2634000,67092900,69546600
35,19,241742941989800,2449900,113062000,115515700
35,35,241742979979200,2302800,151051400,153505100
35,51,241743019353600,2332000,190425800,192879500
35,67,241743057694700,2349100,228766900,231220600
35,83,241743095295600,2193000,266367800,268821500
35,99,241743132206000,2612000,303278200,305731900
35,115,241743178565200,2247500,349637400,352091100
35,131,241743214327200,2107900,385399400,387853100
35,147,241743248429900,2260400,419502100,421955800
35,163,241743284052400,2132000,455124600,457578300
35,179,241743318550500,2428200,489622700,492076400
35,195,241743354958000,2352000,526030200,528483900
35,211,241743390238100,2112400,561310300,563764000
35,227,241743425973600,2184200,597045800,599499500
35,243,241743467013200,2095800,638085400,640539100
35,259,241743501421700,2093700,672493900,674947600
35,275,241743536800300,2177700,707872500,710326200
35,291,241743571182400,2127000,742254600,744708300
35,307,241743606881200,2267900,777953400,780407100
35,323,241743641724700,2213800,812796900,815250600
35,339,241743676762400,2254500,847834600,850288300
35,355,241743712380800,2265300,883453000,885906700
35,371,241743755746400,2286800,926818600,929272300
35,387,241743791753800,2328300,962826000,965279700
35,403,241743828327600,2267000,999399800,1001853500
35,419,241743864783900,2113600,1035856100,1038309800
35,435,241743899289500,2128800,1070361700,1072815400
35,451,241743933142700,2380300,1104214900,1106668600
35,467,241743969506200,2269500,1140578400,1143032100
35,483,241744004196900,2100800,1175269100,1177722800
35,499,241744045304800,2166700,1216377000,1218830700
35,515,241744079665600,2094800,1250737800,1253191500
35,531,241744113308800,2119100,1284381000,1286834700
35,547,241744147421800,2199800,1318494000,1320947700
35,563,241744182935900,2152800,1354008100,1356461800
35,579,241744217035500,2095100,1388107700,1390561400
35,595,241744251763900,5206200,1422836100,1425289800
35,611,241744289723400,2128800,1460795600,1463249300
35,627,241744330776600,2115300,1501848800,1504302500
35,643,241744366328400,2170500,1537400600,1539854300
35,659,241744400365400,2109500,1571437600,1573891300
35,675,241744434217100,2040900,1605289300,1607743000
35,691,241744468379800,2155900,1639452000,1641905700
35,707,241744503246100,2109200,1674318300,1676772000
35,723,241744537248500,2139800,1708320700,1710774400
35,739,241744572239800,2264100,1743312000,1745765700
35,755,241744613270300,2128300,1784342500,1786796200
35,771,241744647553600,2179700,1818625800,1821079500
35,787,241744684758700,2344600,1855830900,1858284600
35,803,241744719613900,2145500,1890686100,1893139800
35,819,241744753874700,2229700,1924946900,1927400600
35,835,241744788196900,2125800,1959269100,1961722800
35,851,241744823433500,2218500,1994505700,1996959400
35,867,241744866800400,2157500,2037872600,2040326300
35,883,241744902812600,2242700,2073884800,2076338500
35,899,241744937728800,2151400,2108801000,2111254700
35,915,241744972166400,2335800,2143238600,2145692300
35,931,241745006935200,2128300,2178007400,2180461100
35,947,241745041039700,2158300,2212111900,2214565600
35,963,241745077879600,3026800,2248951800,2251405500
35,979,241745113544800,2132800,2284617000,2287070700
35,995,241745155905800,2128600,2326978000,2329431700
35,1011,241745189903100,2081100,2360975300,2363429000
35,1027,241745224562700,2187500,2395634900,2398088600
35,1043,241745259427900,2187400,2430500100,2432953800
35,1059,241745294468800,2129500,2465541000,2467994700
35,1075,241745329345800,2248600,2500418000,2502871700
35,1091,241745364676800,2136200,2535749000,2538202700
35,1107,241745403759300,2130000,2574831500,2577285200
35,1123,241745437937500,2102600,2609009700,2611463400
35,1139,241745472494300,2362300,2643566500,2646020200
35,1155,241745508534300,2165400,2679606500,2682060200
35,1171,241745543443900,2217100,2714516100,2716969800
35,1187,241745579926300,2120700,2750998500,2753452200
35,1203,241745614732100,2156500,2785804300,2788258000
35,1219,241745648929700,2139600,2820001900,2822455600
35,1235,241745688273100,2111400,2859345300,2861799000
35,1251,241745722502200,2121100,2893574400,2896028100
35,1267,241745756723800,2166800,2927796000,2930249700
35,1283,241745791830300,2109900,2962902500,2965356200
35,1299,241745826361400,2330800,2997433600,2999887300
35,1315,241745869654600,2780200,3040726800,3043180500
35,1331,241745915476600,2861000,3086548800,3089002500
35,1347,241745967780600,3055300,3138852800,3141306500
35,1363,241746014581800,2777800,3185654000,3188107700
35,1379,241746057002400,3133500,3228074600,3230528300
35,1395,241746105126000,2692100,3276198200,3278651900
35,1411,241746149864100,3021700,3320936300,3323390000
35,1427,241746196692400,2810500,3367764600,3370218300
35,1443,241746246036100,2870900,3417108300,3419562000
35,1459,241746290527700,7852000,3461599900,3464053600
35,1475,241746343074800,2931500,3514147000,3516600700
35,1491,241746390007400,2976000,3561079600,3563533300
35,1507,241746434501300,2706700,3605573500,3608027200
35,1523,241746478549900,2683900,3649622100,3652075800
35,1539,241746522648600,2776700,3693720800,3696174500
35,1555,241746567120600,2813500,3738192800,3740646500
35,1571,241746613456600,3039400,3784528800,3786982500
35,1587,241746663192400,2934300,3834264600,3836718300
35,1603,241746708487500,2631700,3879559700,3882013400
35,1619,241746750974600,2696900,3922046800,3924500500
35,1635,241746796388200,2577500,3967460400,3969914100
35,1651,241746840444600,2979700,4011516800,4013970500
35,1667,241746886645700,2651600,4057717900,4060171600
35,1683,241746930549400,2737000,4101621600,4104075300
35,1699,241746980260400,2726200,4151332600,4153786300
35,1715,241747027493800,2765000,4198566000,4201019700
35,1731,241747071594800,2728000,4242667000,4245120700
35,1747,241747117427100,2799100,4288499300,4290953000
35,1763,241747163530500,2931700,4334602700,4337056400
35,1779,241747210923800,2979500,4381996000,4384449700
35,1795,241747257472100,2929000,4428544300,4430998000
35,1811,241747303687900,2636400,4474760100,4477213800
35,1827,241747353198400,2722800,4524270600,4526724300
35,1843,241747397219400,2934900,4568291600,4570745300
35,1859,241747443460200,2903600,4614532400,4616986100
35,1875,241747488474600,2662200,4659546800,4662000500
35,1891,241747531552200,2667200,4702624400,4705078100
35,1907,241747576105600,2715700,4747177800,4749631500
35,1923,241747621701100,2895700,4792773300,4795227000
35,1939,241747672764000,2945300,4843836200,4846289900
35,1955,241747720892600,3010300,4891964800,4894418500
35,1971,241747766791000,2718400,4937863200,4940316900
35,1987,241747810284400,3041500,4981356600,4983810300
35,2003,241747857309500,2766600,5028381700,5030835400
35,2019,241747903302200,2853800,5074374400,5076828100
35,2035,241747953199800,3306000,5124272000,5126725700
36,4,241742898690300,2623100,69762500,72216200
36,20,241742944407900,2551600,115480100,117933800
36,36,241742982249700,2269300,153321900,155775600
36,52,241743021656600,2364400,192728800,195182500
36,68,241743059864500,2213000,230936700,233390400
36,84,241743097430100,2137300,268502300,270956000
36,100,241743134575300,2583300,305647500,308101200
36,116,241743180419000,2485400,351491200,353944900
36,132,241743216089700,2361600,387161900,389615600
36,148,241743250310000,2151200,421382200,423835900
36,164,241743285874200,2050300,456946400,459400100
36,180,241743320539800,2391000,491612000,494065700
36,196,241743356860100,2179000,527932300,530386000
36,212,241743391898700,2103400,562970900,565424600
36,228,241743427803100,2224600,598875300,601329000
36,244,241743468686200,2104700,639758400,642212100
36,260,241743503134600,2121600,674206800,676660500
36,276,241743538529300,2222300,709601500,712055200
36,292,241743572878300,2122200,743950500,746404200
36,308,241743608792600,2140600,779864800,782318500
36,324,241743643550300,2233700,814622500,817076200
36,340,241743678636900,2294300,849709100,852162800
36,356,241743714212700,2140800,885284900,887738600
36,372,241743757613000,2272100,928685200,931138900
36,388,241743793757800,2220700,964830000,967283700
36,404,241743830204900,2226100,1001277100,1003730800
36,420,241743866448400,2086200,1037520600,1039974300
36,436,241743900962700,2099200,1072034900,1074488600
36,452,241743935012700,2423000,1106084900,1108538600
36,468,241743971305400,2235400,1142377600,1144831300
36,484,241744005925900,2191000,1176998100,1179451800
36,500,241744047010800,2145000,1218083000,1220536700
36,516,241744081403300,2078700,1252475500,1254929200
36,532,241744115264400,2209600,1286336600,1288790300
36,548,241744149466800,2233700,1320539000,1322992700
36,564,241744184740500,2215300,1355812700,1358266400
36,580,241744218790000,2096700,1389862200,1392315900
36,596,241744256527600,2387300,1427599800,1430053500
36,612,241744291519100,2124200,1462591300,1465045000
36,628,241744332591000,2145200,1503663200,1506116900
36,644,241744368208900,2140500,1539281100,1541734800
36,660,241744402258300,2099100,1573330500,1575784200
36,676,241744436067600,2089700,1607139800,1609593500
36,692,241744470293100,2160900,1641365300,1643819000
36,708,241744505071900,2169000,1676144100,1678597800
36,724,241744539099900,2147100,1710172100,1712625800
36,740,241744574230400,2227600,1745302600,1747756300
36,756,241744615133800,2141400,1786206000,1788659700
36,772,241744649496700,2666500,1820568900,1823022600
36,788,241744686740300,2202800,1857812500,1860266200
36,804,241744721440700,2158800,1892512900,1894966600
36,820,241744755774600,2158100,1926846800,1929300500
36,836,241744790020000,2126600,1961092200,1963545900
36,852,241744825233600,2166600,1996305800,1998759500
36,868,241744868552300,2190000,2039624500,2042078200
36,884,241744904463400,2187600,2075535600,2077989300
36,900,241744939283600,2101600,2110355800,2112809500
36,916,241744973785400,2130300,2144857600,2147311300
36,932,241745008312000,2126300,2179384200,2181837900
36,948,241745042451500,2133800,2213523700,2215977400
36,964,241745080238100,2516400,2251310300,2253764000
36,980,241745115163300,9795600,2286235500,2288689200
36,996,241745157535100,2144200,2328607300,2331061000
36,1012,241745191468200,2122300,2362540400,2364994100
36,1028,241745226204400,2117500,2397276600,2399730300
36,1044,241745261104900,2198600,2432177100,2434630800
36,1060,241745296180500,2127000,2467252700,2469706400
36,1076,241745331103500,2258600,2502175700,2504629400
36,1092,241745366378300,2161100,2537450500,2539904200
36,1108,241745405469300,2144400,2576541500,2578995200
36,1124,241745439952100,2116700,2611024300,2613478000
36,1140,241745474602000,2235500,2645674200,2648127900
36,1156,241745510453900,2154300,2681526100,2683979800
36,1172,241745545452600,2318400,2716524800,2718978500
36,1188,241745581925900,2140200,2752998100,2755451800
36,1204,241745616833600,2144600,2787905800,2790359500
36,1220,241745651039700,6967500,2822111900,2824565600
36,1236,241745690355400,2170300,2861427600,2863881300
36,1252,241745724593000,2128700,2895665200,2898118900
36,1268,241745758862800,2157400,2929935000,2932388700
36,1284,241745794088900,2134700,2965161100,2967614800
36,1300,241745828860800,2320600,2999933000,3002386700
36,1316,241745872739100,2770500,3043811300,3046265000
36,1332,241745918690700,3195700,3089762900,3092216600
36,1348,241745971228500,3064200,3142300700,3144754400
36,1364,241746017723500,2829500,3188795700,3191249400
36,1380,241746060587000,3011100,3231659200,3234112900
36,1396,241746108213800,2728900,3279286000,3281739700
36,1412,241746153323700,3017300,3324395900,3326849600
36,1428,241746199811000,2623700,3370883200,3373336900
36,1444,241746249273200,2697500,3420345400,3422799100
36,1460,241746298791400,2947000,3469863600,3472317300
36,1476,241746346403000,2941100,3517475200,3519928900
36,1492,241746393472600,3413400,3564544800,3566998500
36,1508,241746437586900,2634900,3608659100,3611112800
36,1524,241746481630100,2503700,3652702300,3655156000
36,1540,241746525820000,2741300,3696892200,3699345900
36,1556,241746570294400,2749100,3741366600,3743820300
36,1572,241746616911600,3055600,3787983800,3790437500
36,1588,241746666611600,2915600,3837683800,3840137500
36,1604,241746711572500,2799100,3882644700,3885098400
36,1620,241746754117800,2925300,3925190000,3927643700
36,1636,241746799362700,2539700,3970434900,3972888600
36,1652,241746843898800,2718600,4014971000,4017424700
36,1668,241746889746000,2728600,4060818200,4063271900
36,1684,241746933727800,2729500,4104800000,4107253700
36,1700,241746983419400,2716000,4154491600,4156945300
36,1716,241747031506300,2711800,4202578500,4205032200
36,1732,241747075573500,2773800,4246645700,4249099400
36,1748,241747121534200,2787700,4292606400,4295060100
36,1764,241747167835200,2941100,4338907400,4341361100
36,1780,241747215221100,2917200,4386293300,4388747000
36,1796,241747261717900,2926100,4432790100,4435243800
36,1812,241747307625100,2926700,4478697300,4481151000
36,1828,241747357184800,2636700,4528257000,4530710700
36,1844,241747401495500,2926200,4572567700,4575021400
36,1860,241747447663600,2850100,4618735800,4621189500
36,1876,241747492364600,2622400,4663436800,4665890500
36,1892,241747535140900,2716800,4706213100,4708666800
36,1908,241747580032800,2853800,4751105000,4753558700
36,1924,241747625850900,2823800,4796923100,4799376800
36,1940,241747677048500,3134500,4848120700,4850574400
36,1956,241747725226900,3013300,4896299100,4898752800
36,1972,241747770713800,2755600,4941786000,4944239700
36,1988,241747814707800,2902100,4985780000,4988233700
36,2004,241747861309100,2774900,5032381300,5034835000
36,2020,241747907427100,2891400,5078499300,5080953000
36,2036,241747957972100,3343600,5129044300,5131498000
37,5,241742901383700,4019500,72455900,74909600
37,21,241742947103600,2476800,118175800,120629500
37,37,241742984644700,2247500,155716900,158170600
37,53,241743024919500,2419500,195991700,198445400
37,69,241743062926500,2470900,233998700,236452400
37,85,241743100137500,2156500,271209700,273663400
37,101,241743137975200,2429200,309047400,311501100
37,117,241743183927700,2387900,354999900,357453600
37,133,241743219342900,2063700,390415100,392868800
37,149,241743253346800,2074200,424419000,426872700
37,165,241743288746100,2020600,459818300,462272000
37,181,241743323918100,2286700,494990300,497444000
37,197,241743360095400,2209500,531167600,533621300
37,213,241743394959900,2075200,566032100,568485800
37,229,241743431280200,2195000,602352400,604806100
37,245,241743471965200,2088200,643037400,645491100
37,261,241743506538100,2137100,677610300,680064000
37,277,241743542080000,2121700,713152200,715605900
37,293,241743576394400,2306000,747466600,749920300
37,309,241743612183500,2122400,783255700,785709400
37,325,241743647143400,2164600,818215600,820669300
37,341,241743682565000,2396200,853637200,856090900
37,357,241743717735300,3917600,888807500,891261200
37,373,241743761253800,2114500,932326000,934779700
37,389,241743797509500,2214300,968581700,971035400
37,405,241743834070100,2342900,1005142300,1007596000
37,421,241743869791100,2144000,1040863300,1043317000
37,437,241743904323300,2105200,1075395500,1077849200
37,453,241743938928500,2238000,1110000700,1112454400
37,469,241743974935700,2221600,1146007900,1148461600
37,485,241744009384600,2060900,1180456800,1182910500
37,501,241744050642700,2143100,1221714900,1224168600
37,517,241744084733500,2070100,1255805700,1258259400
37,533,241744118684100,2075400,1289756300,1292210000
37,549,241744153020500,2143500,1324092700,1326546400
37,565,241744188306500,2280000,1359378700,1361832400
37,581,241744222178800,2109500,1393251000,1395704700
37,597,241744260167700,2164000,1431239900,1433693600
37,613,241744294909200,2104800,1465981400,1468435100
37,629,241744336084700,2599100,1507156900,1509610600
37,645,241744371599400,2080300,1542671600,1545125300
37,661,241744405571600,2113500,1576643800,1579097500
37,677,241744439319300,2151300,1610391500,1612845200
37,693,241744473681500,2164900,1644753700,1647207400
37,709,241744508435300,2123900,1679507500,1681961200
37,725,241744542381500,2210700,1713453700,1715907400
37,741,241744577406500,9084400,1748478700,1750932400
37,757,241744618267100,2157400,1789339300,1791793000
37,773,241744653302500,2343200,1824374700,1826828400
37,789,241744690021700,2124500,1861093900,1863547600
37,805,241744724570600,2159900,1895642800,1898096500
37,821,241744758857300,2078400,1929929500,1932383200
37,837,241744793115800,2134700,1964188000,1966641700
37,853,241744828544800,2267700,1999617000,2002070700
37,869,241744871914500,2220300,2042986700,2045440400
37,885,241744907764600,2198000,2078836800,2081290500
37,901,241744942381200,2110700,2113453400,2115907100
37,917,241744976934300,2133900,2148006500,2150460200
37,933,241745011451800,2109500,2182524000,2184977700
37,949,241745045616300,2361200,2216688500,2219142200
37,965,241745084131100,2230700,2255203300,2257657000
37,981,241745126520700,2195200,2297592900,2300046600
37,997,241745160952400,2104500,2332024600,2334478300
37,1013,241745194835400,2121600,2365907600,2368361300
37,1029,241745229788000,2222600,2400860200,2403313900
37,1045,241745264738400,2109500,2435810600,2438264300
37,1061,241745299764500,2132200,2470836700,2473290400
37,1077,241745334780500,2152900,2505852700,2508306400
37,1093,241745369950300,2129700,2541022500,2543476200
37,1109,241745408970600,2108100,2580042800,2582496500
37,1125,241745443420200,2163400,2614492400,2616946100
37,1141,241745478424500,2263000,2649496700,2651950400
37,1157,241745514062800,2152600,2685135000,2687588700
37,1173,241745549407200,2214400,2720479400,2722933100
37,1189,241745585468400,2132700,2756540600,2758994300
37,1205,241745620316300,2160000,2791388500,2793842200
37,1221,241745659302600,2117300,2830374800,2832828500
37,1237,241745693811200,2185300,2864883400,2867337100
37,1253,241745727982500,2133100,2899054700,2901508400
37,1269,241745762370900,2130600,2933443100,2935896800
37,1285,241745797419500,2074800,2968491700,2970945400
37,1301,241745832655200,2236700,3003727400,3006181100
37,1317,241745877234000,2866200,3048306200,3050759900
37,1333,241745923871000,2965000,3094943200,3097396900
37,1349,241745976266300,3115000,3147338500,3149792200
37,1365,241746022117000,2735000,3193189200,3195642900
37,1381,241746065423800,3059700,3236496000,3238949700
37,1397,241746112663600,2640800,3283735800,3286189500
37,1413,241746158253300,3020500,3329325500,3331779200
37,1429,241746204272000,2951100,3375344200,3377797900
37,1445,241746253694000,2788500,3424766200,3427219900
37,1461,241746303583900,2940400,3474656100,3477109800
37,1477,241746351185800,2924500,3522258000,3524711700
37,1493,241746398899800,2883600,3569972000,3572425700
37,1509,241746441761500,2620000,3612833700,3615287400
37,1525,241746485918900,2710200,3656991100,3659444800
37,1541,241746530118800,2798300,3701191000,3703644700
37,1557,241746574619600,2758100,3745691800,3748145500
37,1573,241746621733200,3024100,3792805400,3795259100
37,1589,241746671188000,2970100,3842260200,3844713900
37,1605,241746715883100,2765600,3886955300,3889409000
37,1621,241746758560700,2759500,3929632900,3932086600
37,1637,241746803422600,2600900,3974494800,3976948500
37,1653,241746848400600,3013100,4019472800,4021926500
37,1669,241746894188700,2764100,4065260900,4067714600
37,1685,241746938149700,2779400,4109221900,4111675600
37,1701,241746987881200,2768800,4158953400,4161407100
37,1717,241747033812900,2687700,4204885100,4207338800
37,1733,241747077915300,2718100,4248987500,4251441200
37,1749,241747123862300,2959500,4294934500,4297388200
37,1765,241747170322100,2950600,4341394300,4343848000
37,1781,241747217694300,2918100,4388766500,4391220200
37,1797,241747264198800,2943200,4435271000,4437724700
37,1813,241747310105100,2907800,4481177300,4483631000
37,1829,241747359383400,2666700,4530455600,4532909300
37,1845,241747404051600,2962800,4575123800,4577577500
37,1861,241747450153100,2928600,4621225300,4623679000
37,1877,241747494664900,2670800,4665737100,4668190800
37,1893,241747537528600,2789000,4708600800,4711054500
37,1909,241747582351300,2955700,4753423500,4755877200
37,1925,241747628179500,2826800,4799251700,4801705400
37,1941,241747679600200,3042700,4850672400,4853126100
37,1957,241747727775800,2952800,4898848000,4901301700
37,1973,241747772936300,2759700,4944008500,4946462200
37,1989,241747817027800,2866900,4988100000,4990553700
37,2005,241747863493900,2780900,5034566100,5037019800
37,2021,241747909732400,2860400,5080804600,5083258300
37,2037,241747960666800,3645600,5131739000,5134192700
38,6,241742905646100,3672300,76718300,79172000
38,22,241742949775700,2434600,120847900,123301600
38,38,241742987076100,2293300,158148300,160602000
38,54,241743026758400,2393700,197830600,200284300
38,70,241743064889400,2422300,235961600,238415300
38,86,241743101941000,2242100,273013200,275466900
38,102,241743139818600,2421200,310890800,313344500
38,118,241743185745600,2303600,356817800,359271500
38,134,241743220851700,2074200,391923900,394377600
38,150,241743254783500,2077300,425855700,428309400
38,166,241743290102600,2038000,461174800,463628500
38,182,241743325579800,2249100,496652000,499105700
38,198,241743361687400,2224200,532759600,535213300
38,214,241743396492400,2065700,567564600,570018300
38,230,241743432652200,2274100,603724400,606178100
38,246,241743473346900,2114200,644419100,646872800
38,262,241743507885000,2160100,678957200,681410900
38,278,241743543368000,2180000,714440200,716893900
38,294,241743577863100,2248900,748935300,751389000
38,310,241743613536200,2127600,784608400,787062100
38,326,241743648619000,2284800,819691200,822144900
38,342,241743684139100,2340600,855211300,857665000
38,358,241743720108400,3553400,891180600,893634300
38,374,241743762732600,2236800,933804800,936258500
38,390,241743799014700,2314600,970086900,972540600
38,406,241743835798700,2482700,1006870900,1009324600
38,422,241743872144000,2141400,1043216200,1045669900
38,438,241743906613100,2120500,1077685300,1080139000
38,454,241743941244800,2233600,1112317000,1114770700
38,470,241743977254500,2221900,1148326700,1150780400
38,486,241744011554100,2128400,1182626300,1185080000
38,502,241744052642500,2110300,1223714700,1226168400
38,518,241744086667200,2123700,1257739400,1260193100
38,534,241744120682300,2063000,1291754500,1294208200
38,550,241744155085900,2151200,1326158100,1328611800
38,566,241744190488600,2179600,1361560800,1364014500
38,582,241744224232500,2125300,1395304700,1397758400
38,598,241744262248100,2168000,1433320300,1435774000
38,614,241744296878700,2078300,1467950900,1470404600
38,630,241744338497000,2528400,1509569200,1512022900
38,646,241744373540900,2121200,1544613100,1547066800
38,662,241744407544400,2157200,1578616600,1581070300
38,678,241744441441100,2090100,1612513300,1614967000
38,694,241744475820500,2132400,1646892700,1649346400
38,710,241744510505200,2133900,1681577400,1684031100
38,726,241744544561100,2253900,1715633300,1718087000
38,742,241744586581600,2188800,1757653800,1760107500
38,758,241744620458500,2096500,1791530700,1793984400
38,774,241744655404900,2275300,1826477100,1828930800
38,790,241744691921300,2137900,1862993500,1865447200
38,806,241744726509200,2128000,1897581400,1900035100
38,822,241744760713800,2233500,1931786000,1934239700
38,838,241744795015500,2119900,1966087700,1968541400
38,854,241744830456600,2241100,2001528800,2003982500
38,870,241744873926500,2183200,2044998700,2047452400
38,886,241744909935800,2324300,2081008000,2083461700
38,902,241744944465000,2117200,2115537200,2117990900
38,918,241744978984800,2129900,2150057000,2152510700
38,934,241745013532200,2124800,2184604400,2187058100
38,950,241745047918100,2230200,2218990300,2221444000
38,966,241745086114400,2213700,2257186600,2259640300
38,982,241745128501600,2184100,2299573800,2302027500
38,998,241745162860000,2100700,2333932200,2336385900
38,1014,241745196766000,2079300,2367838200,2370291900
38,1030,241745231695600,2265200,2402767800,2405221500
38,1046,241745266585800,2318900,2437658000,2440111700
38,1062,241745301516400,2141200,2472588600,2475042300
38,1078,241745336558000,2163800,2507630200,2510083900
38,1094,241745371769700,2096400,2542841900,2545295600
38,1110,241745410770900,2172000,2581843100,2584296800
38,1126,241745445259100,2122500,2616331300,2618785000
38,1142,241745480243900,2267400,2651316100,2653769800
38,1158,241745515306300,2160600,2686378500,2688832200
38,1174,241745550780900,2289900,2721853100,2724306800
38,1190,241745586762700,2125800,2757834900,2760288600
38,1206,241745621706200,2142600,2792778400,2795232100
38,1222,241745660666400,2111200,2831738600,2834192300
38,1238,241745695223400,2150000,2866295600,2868749300
38,1254,241745729341600,2128400,2900413800,2902867500
38,1270,241745763668400,2116100,2934740600,2937194300
38,1286,241745798623900,2124600,2969696100,2972149800
38,1302,241745833907700,2225100,3004979900,3007433600
38,1318,241745878818600,2819700,3049890800,3052344500
38,1334,241745925490900,2842700,3096563100,3099016800
38,1350,241745977884500,3060800,3148956700,3151410400
38,1366,241746023572900,2652000,3194645100,3197098800
38,1382,241746067037100,3054100,3238109300,3240563000
38,1398,241746114000000,2599100,3285072200,3287525900
38,1414,241746159751100,3007100,3330823300,3333277000
38,1430,241746205730500,2972000,3376802700,3379256400
38,1446,241746255083400,2797100,3426155600,3428609300
38,1462,241746305060900,2921200,3476133100,3478586800
38,1478,241746352636000,2938500,3523708200,3526161900
38,1494,241746400419500,2715600,3571491700,3573945400
38,1510,241746443156300,2599300,3614228500,3616682200
38,1526,241746487460900,2695900,3658533100,3660986800
38,1542,241746531718400,2753200,3702790600,3705244300
38,1558,241746576169200,2814200,3747241400,3749695100
38,1574,241746623407900,2871700,3794480100,3796933800
38,1590,241746672830100,2961300,3843902300,3846356000
38,1606,241746717433800,2696800,3888506000,3890959700
38,1622,241746760128100,2730700,3931200300,3933654000
38,1638,241746804875400,2600000,3975947600,3978401300
38,1654,241746849910800,3041700,4020983000,4023436700
38,1670,241746895617100,2703600,4066689300,4069143000
38,1686,241746939598300,2697400,4110670500,4113124200
38,1702,241746989177400,2844900,4160249600,4162703300
38,1718,241747036974400,2608600,4208046600,4210500300
38,1734,241747081091300,3059500,4252163500,4254617200
38,1750,241747127443400,2890900,4298515600,4300969300
38,1766,241747173858500,3021000,4344930700,4347384400
38,1782,241747221169100,3104700,4392241300,4394695000
38,1798,241747267725600,2940400,4438797800,4441251500
38,1814,241747313601300,2984700,4484673500,4487127200
38,1830,241747362565500,2743800,4533637700,4536091400
38,1846,241747407473900,2964500,4578546100,4580999800
38,1862,241747453539700,2916100,4624611900,4627065600
38,1878,241747497722200,2638900,4668794400,4671248100
38,1894,241747540734100,2742700,4711806300,4714260000
38,1910,241747585749200,2944400,4756821400,4759275100
38,1926,241747631448600,3163000,4802520800,4804974500
38,1942,241747683045700,2736700,4854117900,4856571600
38,1958,241747731177700,3145700,4902249900,4904703600
38,1974,241747776135200,2684500,4947207400,4949661100
38,1990,241747820416300,3577800,4991488500,4993942200
38,2006,241747866770400,2773200,5037842600,5040296300
38,2022,241747913111900,2842200,5084184100,5086637800
38,2038,241747964928000,3356600,5136000200,5138453900
39,7,241742908968900,4679500,80041100,82494800
39,23,241742952080700,2494100,123152900,125606600
39,39,241742989251300,2248300,160323500,162777200
39,55,241743029730800,2210500,200803000,203256700
39,71,241743067786900,2204500,238859100,241312800
39,87,241743104702300,2193000,275774500,278228200
39,103,241743142823100,2337000,313895300,316349000
39,119,241743188491900,2108700,359564100,362017800
39,135,241743223333700,2056600,394405900,396859600
39,151,241743257518400,2054900,428590600,431044300
39,167,241743292959200,2043300,464031400,466485100
39,183,241743328599900,2298200,499672100,502125800
39,199,241743364607800,2171900,535680000,538133700
39,215,241743399247200,2090600,570319400,572773100
39,231,241743436287100,2074500,607359300,609813000
39,247,241743476701700,2061900,647773900,650227600
39,263,241743511412400,2235200,682484600,684938300
39,279,241743546885300,2157600,717957500,720411200
39,295,241743581578000,2304000,752650200,755103900
39,311,241743617048600,2245500,788120800,790574500
39,327,241743652146600,2179500,823218800,825672500
39,343,241743687804800,2252100,858877000,861330700
39,359,241743724968900,2147900,896041100,898494800
39,375,241743766108900,2354000,937181100,939634800
39,391,241743802409000,2259200,973481200,975934900
39,407,241743839308700,2173700,1010380900,1012834600
39,423,241743874787600,2337400,1045859800,1048313500
39,439,241743909283400,2139000,1080355600,1082809300
39,455,241743944133400,2306700,1115205600,1117659300
39,471,241743980062800,2251000,1151135000,1153588700
39,487,241744014325900,2083800,1185398100,1187851800
39,503,241744055465000,2115200,1226537200,1228990900
39,519,241744089451300,2098900,1260523500,1262977200
39,535,241744123276400,2082100,1294348600,1296802300
39,551,241744157840900,2098000,1328913100,1331366800
39,567,241744193303100,2151100,1364375300,1366829000
39,583,241744226867900,2047700,1397940100,1400393800
39,599,241744265140800,2194500,1436213000,1438666700
39,615,241744299592300,2153100,1470664500,1473118200
39,631,241744341751500,2238100,1512823700,1515277400
39,647,241744376351400,2116000,1547423600,1549877300
39,663,241744410380000,2096800,1581452200,1583905900
39,679,241744444184000,2245200,1615256200,1617709900
39,695,241744478655800,2056900,1649728000,1652181700
39,711,241744513357000,2076300,1684429200,1686882900
39,727,241744547690500,2111100,1718762700,1721216400
39,743,241744589406500,2052300,1760478700,1762932400
39,759,241744623227900,2081900,1794300100,1796753800
39,775,241744658718700,2129700,1829790900,1832244600
39,791,241744695329600,2131200,1866401800,1868855500
39,807,241744729850900,2159900,1900923100,1903376800
39,823,241744764112300,2139300,1935184500,1937638200
39,839,241744798377600,2137600,1969449800,1971903500
39,855,241744833967900,2240000,2005040100,2007493800
39,871,241744877028400,2201600,2048100600,2050554300
39,887,241744913355800,2174400,2084428000,2086881700
39,903,241744947617500,2105200,2118689700,2121143400
39,919,241744982227800,2288300,2153300000,2155753700
39,935,241745016708800,2101300,2187781000,2190234700
39,951,241745051227800,2132500,2222300000,2224753700
39,967,241745089365800,2200700,2260438000,2262891700
39,983,241745131677900,2170000,2302750100,2305203800
39,999,241745165944700,2126600,2337016900,2339470600
39,1015,241745199861500,2053900,2370933700,2373387400
39,1031,241745235103700,2205700,2406175900,2408629600
39,1047,241745270106700,2160200,2441178900,2443632600
39,1063,241745304792100,2144200,2475864300,2478318000
39,1079,241745339874900,2169100,2510947100,2513400800
39,1095,241745374970800,2109600,2546043000,2548496700
39,1111,241745414052200,2125800,2585124400,2587578100
39,1127,241745448419700,2128500,2619491900,2621945600
39,1143,241745483661700,2239800,2654733900,2657187600
39,1159,241745519061200,2188100,2690133400,2692587100
39,1175,241745554748200,2355800,2725820400,2728274100
39,1191,241745590344300,2107500,2761416500,2763870200
39,1207,241745625363600,2116700,2796435800,2798889500
39,1223,241745664261700,2132300,2835333900,2837787600
39,1239,241745698894500,2123400,2869966700,2872420400
39,1255,241745732989900,2132100,2904062100,2906515800
39,1271,241745767384100,2122900,2938456300,2940910000
39,1287,241745802371500,2104500,2973443700,2975897400
39,1303,241745838096500,2958200,3009168700,3011622400
39,1319,241745883746400,2993000,3054818600,3057272300
39,1335,241745930293400,2963900,3101365600,3103819300
39,1351,241745983015700,2858200,3154087900,3156541600
39,1367,241746028082300,2605800,3199154500,3201608200
39,1383,241746072264300,3048200,3243336500,3245790200
39,1399,241746118435900,2620800,3289508100,3291961800
39,1415,241746164891000,3040900,3335963200,3338416900
39,1431,241746210724900,2919000,3381797100,3384250800
39,1447,241746259765600,2764200,3430837800,3433291500
39,1463,241746310171000,3058800,3481243200,3483696900
39,1479,241746357597200,2946100,3528669400,3531123100
39,1495,241746405109800,2907000,3576182000,3578635700
39,1511,241746447547700,2615600,3618619900,3621073600
39,1527,241746492030400,2709200,3663102600,3665556300
39,1543,241746536412500,2704500,3707484700,3709938400
39,1559,241746581082300,2959300,3752154500,3754608200
39,1575,241746628147500,2615100,3799219700,3801673400
39,1591,241746677840800,2756000,3848913000,3851366700
39,1607,241746721945100,2611800,3893017300,3895471000
39,1623,241746764836400,2782200,3935908600,3938362300
39,1639,241746809370600,2584800,3980442800,3982896500
39,1655,241746855068100,2940900,4026140300,4028594000
39,1671,241746900312700,2713800,4071384900,4073838600
39,1687,241746944237100,2764100,4115309300,4117763000
39,1703,241746994517000,2751200,4165589200,4168042900
39,1719,241747041151500,2723800,4212223700,4214677400
39,1735,241747085914700,3020100,4256986900,4259440600
39,1751,241747131966700,2830400,4303038900,4305492600
39,1767,241747178585400,2915100,4349657600,4352111300
39,1783,241747226122700,2924900,4397194900,4399648600
39,1799,241747272372200,2909800,4443444400,4445898100
39,1815,241747318378000,2843000,4489450200,4491903900
39,1831,241747366927800,2709500,4538000000,4540453700
39,1847,241747412107400,2607500,4583179600,4585633300
39,1863,241747458155000,3029700,4629227200,4631680900
39,1879,241747501922000,2626900,4672994200,4675447900
39,1895,241747544935700,2902500,4716007900,4718461600
39,1911,241747590131100,2946500,4761203300,4763657000
39,1927,241747636013200,2865900,4807085400,4809539100
39,1943,241747687118300,3035000,4858190500,4860644200
39,1959,241747735736600,2692400,4906808800,4909262500
39,1975,241747780219900,2679000,4951292100,4953745800
39,1991,241747825508000,2857000,4996580200,4999033900
39,2007,241747871036300,2857500,5042108500,5044562200
39,2023,241747917505600,2845600,5088577800,5091031500
39,2039,241747970148400,3334900,5141220600,5143674300
40,8,241742913747600,3010200,84819800,87273500
40,24,241742954652500,2336700,125724700,128178400
40,40,241742991578800,2770300,162651000,165104700
40,56,241743031343700,2266300,202415900,204869600
40,72,241743069364100,2274800,240436300,242890000
40,88,241743106203900,2216100,277276100,279729800
40,104,241743144710600,10354000,315782800,318236500
40,120,241743190298700,2208300,361370900,363824600
40,136,241743225077600,2103700,396149800,398603500
40,152,241743259055200,2190800,430127400,432581100
40,168,241743294500600,2091300,465572800,468026500
40,184,241743330319400,2328200,501391600,503845300
40,200,241743366219000,2186700,537291200,539744900
40,216,241743400804300,2194300,571876500,574330200
40,232,241743437225800,2075200,608298000,610751700
40,248,241743477648800,2128000,648721000,651174700
40,264,241743512471600,2222600,683543800,685997500
40,280,241743547897600,2140800,718969800,721423500
40,296,241743582516100,2214000,753588300,756042000
40,312,241743617956600,2230700,789028800,791482500
40,328,241743653125700,2171500,824197900,826651600
40,344,241743688785100,2258900,859857300,862311000
40,360,241743725881700,2137400,896953900,899407600
40,376,241743767223100,2238900,938295300,940749000
40,392,241743803423100,2310900,974495300,976949000
40,408,241743840260600,2217200,1011332800,1013786500
40,424,241743875692300,2385200,1046764500,1049218200
40,440,241743910220500,2109700,1081292700,1083746400
40,456,241743945114700,2310000,1116186900,1118640600
40,472,241743980902800,2240200,1151975000,1154428700
40,488,241744015117100,2104000,1186189300,1188643000
40,504,241744056310100,2084000,1227382300,1229836000
40,520,241744090292300,2063000,1261364500,1263818200
40,536,241744124142400,2093900,1295214600,1297668300
40,552,241744158668900,2110000,1329741100,1332194800
40,568,241744194154900,2133300,1365227100,1367680800
40,584,241744227687700,2089000,1398759900,1401213600
40,600,241744266299200,2293200,1437371400,1439825100
40,616,241744300766500,2136900,1471838700,1474292400
40,632,241744342994500,2206600,1514066700,1516520400
40,648,241744377564700,2152900,1548636900,1551090600
40,664,241744411584900,2101200,1582657100,1585110800
40,680,241744445350600,2238800,1616422800,1618876500
40,696,241744479663100,2151800,1650735300,1653189000
40,712,241744514351500,2085500,1685423700,1687877400
40,728,241744548742300,2127300,1719814500,1722268200
40,744,241744590608900,2052400,1761681100,1764134800
40,760,241744624454100,2097000,1795526300,1797980000
40,776,241744659945300,2154100,1831017500,1833471200
40,792,241744696244700,2154000,1867316900,1869770600
40,808,241744730798900,2186300,1901871100,1904324800
40,824,241744765104400,2108000,1936176600,1938630300
40,840,241744799335900,2119200,1970408100,1972861800
40,856,241744834858000,2147300,2005930200,2008383900
40,872,241744877837900,2245500,2048910100,2051363800
40,888,241744914128900,2166300,2085201100,2087654800
40,904,241744948379000,2123100,2119451200,2121904900
40,920,241744982957500,2398100,2154029700,2156483400
40,936,241745017412100,2120900,2188484300,2190938000
40,952,241745051911200,2149900,2222983400,2225437100
40,968,241745090128600,2220700,2261200800,2263654500
40,984,241745132441900,2142400,2303514100,2305967800
40,1000,241745166679700,2136100,2337751900,2340205600
40,1016,241745200540800,2043600,2371613000,2374066700
40,1032,241745235926600,2203900,2406998800,2409452500
40,1048,241745270965200,2188100,2442037400,2444491100
40,1064,241745305687100,2135000,2476759300,2479213000
40,1080,241745340772300,2117500,2511844500,2514298200
40,1096,241745375841900,2110400,2546914100,2549367800
40,1112,241745414939000,2131400,2586011200,2588464900
40,1128,241745449418000,2126200,2620490200,2622943900
40,1144,241745484692600,2213500,2655764800,2658218500
40,1160,241745519601300,2180700,2690673500,2693127200
40,1176,241745555328100,2318700,2726400300,2728854000
40,1192,241745590838000,2117400,2761910200,2764363900
40,1208,241745625910400,2123700,2796982600,2799436300
40,1224,241745664839000,2096500,2835911200,2838364900
40,1240,241745699461100,2106700,2870533300,2872987000
40,1256,241745733545400,2125700,2904617600,2907071300
40,1272,241745767876100,2126200,2938948300,2941402000
40,1288,241745802757600,2136300,2973829800,2976283500
40,1304,241745838596300,2941200,3009668500,3012122200
40,1320,241745884202300,3025600,3055274500,3057728200
40,1336,241745931037400,2867100,3102109600,3104563300
40,1352,241745983518800,2890300,3154591000,3157044700
40,1368,241746028580200,2609000,3199652400,3202106100
40,1384,241746072882000,3051500,3243954200,3246407900
40,1400,241746118956200,2642300,3290028400,3292482100
40,1416,241746165507200,3069200,3336579400,3339033100
40,1432,241746211362400,2925600,3382434600,3384888300
40,1448,241746260354200,2797600,3431426400,3433880100
40,1464,241746310844800,3055800,3481917000,3484370700
40,1480,241746358236900,2961600,3529309100,3531762800
40,1496,241746405775100,2872000,3576847300,3579301000
40,1512,241746448143800,2625500,3619216000,3621669700
40,1528,241746492650900,2745300,3663723100,3666176800
40,1544,241746537029200,2756300,3708101400,3710555100
40,1560,241746581800400,2961900,3752872600,3755326300
40,1576,241746628756800,2598800,3799829000,3802282700
40,1592,241746678473700,2798100,3849545900,3851999600
40,1608,241746722527800,2626600,3893600000,3896053700
40,1624,241746765508500,2789300,3936580700,3939034400
40,1640,241746809847800,2592300,3980920000,3983373700
40,1656,241746855570500,2947800,4026642700,4029096400
40,1672,241746900777100,2774900,4071849300,4074303000
40,1688,241746944705200,2760500,4115777400,4118231100
40,1704,241746994876000,2779000,4165948200,4168401900
40,1720,241747041773800,2716300,4212846000,4215299700
40,1736,241747086587000,3045700,4257659200,4260112900
40,1752,241747132627100,2848200,4303699300,4306153000
40,1768,241747179322100,2900600,4350394300,4352848000
40,1784,241747226891500,2927400,4397963700,4400417400
40,1800,241747273103300,2901900,4444175500,4446629200
40,1816,241747319081400,2850200,4490153600,4492607300
40,1832,241747367613500,2668000,4538685700,4541139400
40,1848,241747412687800,2720400,4583760000,4586213700
40,1864,241747458889900,2982400,4629962100,4632415800
40,1880,241747502528900,2616100,4673601100,4676054800
40,1896,241747545896500,2909600,4716968700,4719422400
40,1912,241747591231000,2933900,4762303200,4764756900
40,1928,241747637083800,2870700,4808156000,4810609700
40,1944,241747688285400,3027000,4859357600,4861811300
40,1960,241747736674800,2742000,4907747000,4910200700
40,1976,241747781227900,2688100,4952300100,4954753800
40,1992,241747826492200,2927600,4997564400,5000018100
40,2008,241747871972400,3037700,5043044600,5045498300
40,2024,241747918433900,2846400,5089506100,5091959800
40,2040,241747971139100,3318800,5142211300,5144665000
41,9,241742916611500,2949300,87683700,90137400
41,25,241742956890000,2290000,127962200,130415900
41,41,241742994651000,2535100,165723200,168176900
41,57,241743033944100,2332000,205016300,207470000
41,73,241743071977000,2351000,243049200,245502900
41,89,241743108784600,2226700,279856800,282310500
41,105,241743155195700,2508700,326267900,328721600
41,121,241743192473500,2187500,363545700,365999400
41,137,241743227151800,2077900,398224000,400677700
41,153,241743261311000,2104600,432383200,434836900
41,169,241743296700100,2139400,467772300,470226000
41,185,241743332805300,2249100,503877500,506331200
41,201,241743368501400,2230600,539573600,542027300
41,217,241743403100300,2362100,574172500,576626200
41,233,241743439384900,2196700,610457100,612910800
41,249,241743479886900,2276400,650959100,653412800
41,265,241743514664400,2209000,685736600,688190300
41,281,241743550072500,2143000,721144700,723598400
41,297,241743584945600,2153100,756017800,758471500
41,313,241743620383800,2209700,791456000,793909700
41,329,241743655563200,2204100,826635400,829089100
41,345,241743691319200,2217100,862391400,864845100
41,361,241743728312200,2299300,899384400,901838100
41,377,241743769758500,2166300,940830700,943284400
41,393,241743806086800,2366900,977159000,979612700
41,409,241743842825000,2609800,1013897200,1016350900
41,425,241743878677100,2158100,1049749300,1052203000
41,441,241743912913200,2115800,1083985400,1086439100
41,457,241743948130200,2256700,1119202400,1121656100
41,473,241743983872600,2161100,1154944800,1157398500
41,489,241744018003100,2232800,1189075300,1191529000
41,505,241744059279500,2089500,1230351700,1232805400
41,521,241744093435100,2119400,1264507300,1266961000
41,537,241744127513900,2093700,1298586100,1301039800
41,553,241744162109200,2316300,1333181400,1335635100
41,569,241744197575700,2080500,1368647900,1371101600
41,585,241744231036300,2096300,1402108500,1404562200
41,601,241744269639600,2139700,1440711800,1443165500
41,617,241744303966000,2121500,1475038200,1477491900
41,633,241744346244700,2272400,1517316900,1519770600
41,649,241744380658500,2135200,1551730700,1554184400
41,665,241744414666600,2105800,1585738800,1588192500
41,681,241744448549100,2085700,1619621300,1622075000
41,697,241744482912700,2261300,1653984900,1656438600
41,713,241744517615500,2122500,1688687700,1691141400
41,729,241744552030300,2265300,1723102500,1725556200
41,745,241744593826200,2096800,1764898400,1767352100
41,761,241744627728100,2143800,1798800300,1801254000
41,777,241744663020300,2421400,1834092500,1836546200
41,793,241744699746600,2183200,1870818800,1873272500
41,809,241744734217000,2119200,1905289200,1907742900
41,825,241744768439600,2186000,1939511800,1941965500
41,841,241744802700600,2116100,1973772800,1976226500
41,857,241744838296000,2149600,2009368200,2011821900
41,873,241744881605100,2391600,2052677300,2055131000
41,889,241744917791900,2208600,2088864100,2091317800
41,905,241744952071000,2159000,2123143200,2125596900
41,921,241744987055400,2189600,2158127600,2160581300
41,937,241745021129300,2134300,2192201500,2194655200
41,953,241745055714000,2148200,2226786200,2229239900
41,969,241745094077800,2164400,2265150000,2267603700
41,985,241745136309700,2159300,2307381900,2309835600
41,1001,241745170481000,2092600,2341553200,2344006900
41,1017,241745204256700,2235900,2375328900,2377782600
41,1033,241745239538300,2140000,2410610500,2413064200
41,1049,241745274507000,2160500,2445579200,2448032900
41,1065,241745309132800,2140000,2480205000,2482658700
41,1081,241745344238100,2067500,2515310300,2517764000
41,1097,241745379237700,2183700,2550309900,2552763600
41,1113,241745418370800,2118200,2589443000,2591896700
41,1129,241745452710600,2177400,2623782800,2626236500
41,1145,241745488115200,2175300,2659187400,2661641100
41,1161,241745523470400,2150400,2694542600,2696996300
41,1177,241745559541000,2242500,2730613200,2733066900
41,1193,241745594718100,2116100,2765790300,2768244000
41,1209,241745629981600,2083700,2801053800,2803507500
41,1225,241745668900400,2139100,2839972600,2842426300
41,1241,241745703537300,2160400,2874609500,2877063200
41,1257,241745737616000,2141900,2908688200,2911141900
41,1273,241745771955600,2258400,2943027800,2945481500
41,1289,241745806990200,2120900,2978062400,2980516100
41,1305,241745844603200,2858800,3015675400,3018129100
41,1321,241745890156300,2822200,3061228500,3063682200
41,1337,241745936644500,2871500,3107716700,3110170400
41,1353,241745989342400,2822700,3160414600,3162868300
41,1369,241746033736400,2594500,3204808600,3207262300
41,1385,241746078956800,3053800,3250029000,3252482700
41,1401,241746124231300,2762000,3295303500,3297757200
41,1417,241746171322300,2764900,3342394500,3344848200
41,1433,241746217197600,3000100,3388269800,3390723500
41,1449,241746265847400,2762000,3436919600,3439373300
41,1465,241746316854800,2981000,3487927000,3490380700
41,1481,241746364067300,2921200,3535139500,3537593200
41,1497,241746411233300,2587800,3582305500,3584759200
41,1513,241746453673300,3032900,3624745500,3627199200
41,1529,241746498041000,2716100,3669113200,3671566900
41,1545,241746542448100,2756500,3713520300,3715974000
41,1561,241746587416200,2755000,3758488400,3760942100
41,1577,241746633795000,7368000,3804867200,3807320900
41,1593,241746683918400,2736400,3854990600,3857444300
41,1609,241746727658700,2601600,3898730900,3901184600
41,1625,241746771058000,2762500,3942130200,3944583900
41,1641,241746815223800,2909800,3986296000,3988749700
41,1657,241746861622000,2774600,4032694200,4035147900
41,1673,241746906424600,2748500,4077496800,4079950500
41,1689,241746950280700,2725200,4121352900,4123806600
41,1705,241747000716500,2746100,4171788700,4174242400
41,1721,241747047307500,2788100,4218379700,4220833400
41,1737,241747092782400,3053200,4263854600,4266308300
41,1753,241747138294000,2971900,4309366200,4311819900
41,1769,241747185140100,2930100,4356212300,4358666000
41,1785,241747232735000,2894500,4403807200,4406260900
41,1801,241747278952400,2949500,4450024600,4452478300
41,1817,241747329355400,2799900,4500427600,4502881300
41,1833,241747372901200,2667300,4543973400,4546427100
41,1849,241747418307900,2937400,4589380100,4591833800
41,1865,241747464775400,2962000,4635847600,4638301300
41,1881,241747507757800,2638000,4678830000,4681283700
41,1897,241747551532800,2911900,4722605000,4725058700
41,1913,241747596884500,2931700,4767956700,4770410400
41,1929,241747642633100,2859500,4813705300,4816159000
41,1945,241747694147700,3173400,4865219900,4867673600
41,1961,241747741872500,3013200,4912944700,4915398400
41,1977,241747786455500,2751200,4957527700,4959981400
41,1993,241747832083400,2879800,5003155600,5005609300
41,2009,241747877788800,2936500,5048861000,5051314700
41,2025,241747923989700,2847700,5095061900,5097515600
41,2041,241747977537300,3414200,5148609500,5151063200
42,10,241742919633600,2683000,90705800,93159500
42,26,241742959253900,2314200,130326100,132779800
42,42,241742997261400,2470500,168333600,170787300
42,58,241743036411200,2401600,207483400,209937100
42,74,241743074401600,2186100,245473800,247927500
42,90,241743111285200,2174800,282357400,284811100
42,106,241743157930500,2247200,329002700,331456400
42,122,241743194906900,2168000,365979100,368432800
42,138,241743229517300,2087700,400589500,403043200
42,154,241743263654600,2140700,434726800,437180500
42,170,241743299077200,2314600,470149400,472603100
42,186,241743335205200,2243100,506277400,508731100
42,202,241743370701300,2129600,541773500,544227200
42,218,241743405527500,2165100,576599700,579053400
42,234,241743441459000,2169300,612531200,614984900
42,250,241743482060900,2392000,653133100,655586800
42,266,241743517125700,2185900,688197900,690651600
42,282,241743552418600,2247200,723490800,725944500
42,298,241743587133200,2228700,758205400,760659100
42,314,241743622566600,2256200,793638800,796092500
42,330,241743657736800,2180500,828809000,831262700
42,346,241743693570800,2155000,864643000,867096700
42,362,241743730678000,2175300,901750200,904203900
42,378,241743771988800,2123300,943061000,945514700
42,394,241743808520700,2283300,979592900,982046600
42,410,241743845588000,2283900,1016660200,1019113900
42,426,241743880960700,2143000,1052032900,1054486600
42,442,241743915141900,2100600,1086214100,1088667800
42,458,241743950419400,2221000,1121491600,1123945300
42,474,241743986124100,2185500,1157196300,1159650000
42,490,241744020294200,2180900,1191366400,1193820100
42,506,241744061258000,2130300,1232330200,1234783900
42,522,241744095409300,2103200,1266481500,1268935200
42,538,241744129266800,2124800,1300339000,1302792700
42,554,241744164011500,2228300,1335083700,1337537400
42,570,241744199325800,2128600,1370398000,1372851700
42,586,241744232831000,2117000,1403903200,1406356900
42,602,241744271332300,2234000,1442404500,1444858200
42,618,241744305672200,8702500,1476744400,1479198100
42,634,241744348162600,2216800,1519234800,1521688500
42,650,241744382454200,2089200,1553526400,1555980100
42,666,241744416439800,2075200,1587512000,1589965700
42,682,241744450269900,2140100,1621342100,1623795800
42,698,241744484711500,2304000,1655783700,1658237400
42,714,241744519307000,2111100,1690379200,1692832900
42,730,241744553747100,2361900,1724819300,1727273000
42,746,241744595414100,2108100,1766486300,1768940000
42,762,241744629362600,2114100,1800434800,1802888500
42,778,241744664995200,2471100,1836067400,1838521100
42,794,241744701165700,2142500,1872237900,1874691600
42,810,241744735580000,2103100,1906652200,1909105900
42,826,241744769912800,2117600,1940985000,1943438700
42,842,241744804100800,2153500,1975173000,1977626700
42,858,241744839795700,2164900,2010867900,2013321600
42,874,241744883095500,2301500,2054167700,2056621400
42,890,241744919286400,2204000,2090358600,2092812300
42,906,241744953506000,2109900,2124578200,2127031900
42,922,241744988445200,2188200,2159517400,2161971100
42,938,241745022483100,2128000,2193555300,2196009000
42,954,241745057030900,2157500,2228103100,2230556800
42,970,241745095386900,2091600,2266459100,2268912800
42,986,241745137589500,2167200,2308661700,2311115400
42,1002,241745171716100,2134500,2342788300,2345242000
42,1018,241745205579000,2304100,2376651200,2379104900
42,1034,241745240864500,2194100,2411936700,2414390400
42,1050,241745275859300,2172600,2446931500,2449385200
42,1066,241745310447900,2137300,2481520100,2483973800
42,1082,241745345552900,2208100,2516625100,2519078800
42,1098,241745380646200,2087200,2551718400,2554172100
42,1114,241745419691700,2118900,2590763900,2593217600
42,1130,241745454158200,2151600,2625230400,2627684100
42,1146,241745489544500,2255600,2660616700,2663070400
42,1162,241745524864600,2152300,2695936800,2698390500
42,1178,241745560931800,2259300,2732004000,2734457700
42,1194,241745596024200,2149800,2767096400,2769550100
42,1210,241745631052800,2136300,2802125000,2804578700
42,1226,241745669981500,2138300,2841053700,2843507400
42,1242,241745704631400,2156300,2875703600,2878157300
42,1258,241745738683600,2151800,2909755800,2912209500
42,1274,241745773026000,2521200,2944098200,2946551900
42,1290,241745808080100,2069200,2979152300,2981606000
42,1306,241745845870900,2860200,3016943100,3019396800
42,1322,241745891474100,2881700,3062546300,3065000000
42,1338,241745937986900,2933300,3109059100,3111512800
42,1354,241745990734600,3191200,3161806800,3164260500
42,1370,241746034974800,2600000,3206047000,3208500700
42,1386,241746080495800,3054100,3251568000,3254021700
42,1402,241746125643900,2737400,3296716100,3299169800
42,1418,241746172727100,2793400,3343799300,3346253000
42,1434,241746218743200,2975400,3389815400,3392269100
42,1450,241746267248000,2811400,3438320200,3440773900
42,1466,241746318400700,2978900,3489472900,3491926600
42,1482,241746365583300,2931900,3536655500,3539109200
42,1498,241746412553400,2569000,3583625600,3586079300
42,1514,241746455248500,3012500,3626320700,3628774400
42,1530,241746499563100,2732100,3670635300,3673089000
42,1546,241746543980900,2771400,3715053100,3717506800
42,1562,241746589015800,2727900,3760088000,3762541700
42,1578,241746640017500,2754900,3811089700,3813543400
42,1594,241746685393300,2848900,3856465500,3858919200
42,1610,241746729038400,2595100,3900110600,3902564300
42,1626,241746772546300,2774300,3943618500,3946072200
42,1642,241746816640300,3023700,3987712500,3990166200
42,1658,241746863144200,2588000,4034216400,4036670100
42,1674,241746907899700,2720300,4078971900,4081425600
42,1690,241746951742800,2733400,4122815000,4125268700
42,1706,241747002204700,2601600,4173276900,4175730600
42,1722,241747048000000,2794100,4219072200,4221525900
42,1738,241747093556900,3057700,4264629100,4267082800
42,1754,241747139037000,2984900,4310109200,4312562900
42,1770,241747185973500,2913700,4357045700,4359499400
42,1786,241747233541900,2877500,4404614100,4407067800
42,1802,241747279790100,2925800,4450862300,4453316000
42,1818,241747330130600,2839600,4501202800,4503656500
42,1834,241747373674500,2606400,4544746700,4547200400
42,1850,241747419175800,2938200,4590248000,4592701700
42,1866,241747465653800,2945100,4636726000,4639179700
42,1882,241747508507000,2627600,4679579200,4682032900
42,1898,241747552432100,3080200,4723504300,4725958000
42,1914,241747597797600,2967400,4768869800,4771323500
42,1930,241747643536500,2818300,4814608700,4817062400
42,1946,241747695100400,3164000,4866172600,4868626300
42,1962,241747742840200,2953500,4913912400,4916366100
42,1978,241747787294900,2760500,4958367100,4960820800
42,1994,241747832977500,2861900,5004049700,5006503400
42,2010,241747878704200,2986200,5049776400,5052230100
42,2026,241747924892500,2874300,5095964700,5098418400
42,2042,241747978551800,3430600,5149624000,5152077700
43,11,241742922386100,2486900,93458300,95912000
43,27,241742961643200,2396200,132715400,135169100
43,43,241743000013200,2381400,171085400,173539100
43,59,241743038782500,2399000,209854700,212308400
43,75,241743076653800,2545100,247726000,250179700
43,91,241743113366300,2416900,284438500,286892200
43,107,241743160055400,2231800,331127600,333581300
43,123,241743196991800,2243500,368064000,370517700
43,139,241743231465100,2084500,402537300,404991000
43,155,241743265645200,2571100,436717400,439171100
43,171,241743301208300,2244500,472280500,474734200
43,187,241743337391800,2350300,508464000,510917700
43,203,241743372980800,2093300,544053000,546506700
43,219,241743407911000,2235900,578983200,581436900
43,235,241743443819200,8665400,614891400,617345100
43,251,241743484638500,2160000,655710700,658164400
43,267,241743519281200,2241300,690353400,692807100
43,283,241743554574300,2235500,725646500,728100200
43,299,241743589212000,2168600,760284200,762737900
43,315,241743624920500,2212500,795992700,798446400
43,331,241743659887700,2162000,830959900,833413600
43,347,241743695661300,2178800,866733500,869187200
43,363,241743732819400,2146100,903891600,906345300
43,379,241743774083200,2134400,945155400,947609100
43,395,241743810772800,2399100,981845000,984298700
43,411,241743847214900,2317800,1018287100,1020740800
43,427,241743882532600,2173200,1053604800,1056058500
43,443,241743916677700,2127600,1087749900,1090203600
43,459,241743952047600,2188400,1123119800,1125573500
43,475,241743987690100,2142900,1158762300,1161216000
43,491,241744021867900,2119900,1192940100,1195393800
43,507,241744062684700,2132800,1233756900,1236210600
43,523,241744096729400,2072800,1267801600,1270255300
43,539,241744130571500,2083600,1301643700,1304097400
43,555,241744165343100,2147600,1336415300,1338869000
43,571,241744200525300,2135900,1371597500,1374051200
43,587,241744234024900,2131300,1405097100,1407550800
43,603,241744273175300,2179000,1444247500,1446701200
43,619,241744313977600,2219600,1485049800,1487503500
43,635,241744349937300,2136300,1521009500,1523463200
43,651,241744384135100,2100200,1555207300,1557661000
43,667,241744418109100,2118900,1589181300,1591635000
43,683,241744451976900,2133000,1623049100,1625502800
43,699,241744486563300,2211500,1657635500,1660089200
43,715,241744520997600,2078100,1692069800,1694523500
43,731,241744555818400,2291900,1726890600,1729344300
43,747,241744597271800,2109800,1768344000,1770797700
43,763,241744631220300,2117900,1802292500,1804746200
43,779,241744667404800,2230900,1838477000,1840930700
43,795,241744703215100,2189600,1874287300,1876741000
43,811,241744737594300,2155200,1908666500,1911120200
43,827,241744771936000,2134900,1943008200,1945461900
43,843,241744806163700,2143800,1977235900,1979689600
43,859,241744841816200,2323200,2012888400,2015342100
43,875,241744885243300,2251300,2056315500,2058769200
43,891,241744921172600,2119900,2092244800,2094698500
43,907,241744955300500,2115300,2126372700,2128826400
43,923,241744990401800,2187100,2161474000,2163927700
43,939,241745024389200,2129500,2195461400,2197915100
43,955,241745059073100,2203900,2230145300,2232599000
43,971,241745097371900,2127400,2268444100,2270897800
43,987,241745139640000,2140800,2310712200,2313165900
43,1003,241745173728600,2130700,2344800800,2347254500
43,1019,241745207740000,2415000,2378812200,2381265900
43,1035,241745242970700,2151400,2414042900,2416496600
43,1051,241745277940700,2229100,2449012900,2451466600
43,1067,241745312494000,2126600,2483566200,2486019900
43,1083,241745347646100,2401600,2518718300,2521172000
43,1099,241745382644600,7020000,2553716800,2556170500
43,1115,241745421726800,2123800,2592799000,2595252700
43,1131,241745456219200,2158300,2627291400,2629745100
43,1147,241745491721300,2408200,2662793500,2665247200
43,1163,241745526933300,2137800,2698005500,2700459200
43,1179,241745563064400,2322300,2734136600,2736590300
43,1195,241745598052400,2162900,2769124600,2771578300
43,1211,241745633041900,2121200,2804114100,2806567800
43,1227,241745672007100,2155900,2843079300,2845533000
43,1243,241745706669800,2137700,2877742000,2880195700
43,1259,241745740724000,2110200,2911796200,2914249900
43,1275,241745775404000,2360400,2946476200,2948929900
43,1291,241745810071800,2063300,2981144000,2983597700
43,1307,241745848692900,2891900,3019765100,3022218800
43,1323,241745894275300,2923500,3065347500,3067801200
43,1339,241745940830000,7912000,3111902200,3114355900
43,1355,241745993778500,2793300,3164850700,3167304400
43,1371,241746037431000,2596200,3208503200,3210956900
43,1387,241746083338600,3028700,3254410800,3256864500
43,1403,241746128153400,2773400,3299225600,3301679300
43,1419,241746175292500,2780900,3346364700,3348818400
43,1435,241746221471000,2982600,3392543200,3394996900
43,1451,241746269837800,2791000,3440910000,3443363700
43,1467,241746321133700,2950900,3492205900,3494659600
43,1483,241746368269500,2939900,3539341700,3541795400
43,1499,241746414909300,2663800,3585981500,3588435200
43,1515,241746458014700,2967000,3629086900,3631540600
43,1531,241746501695400,2762600,3672767600,3675221300
43,1547,241746546144600,2775900,3717216800,3719670500
43,1563,241746591211500,2697600,3762283700,3764737400
43,1579,241746642273100,2632100,3813345300,3815799000
43,1595,241746687766300,2806200,3858838500,3861292200
43,1611,241746731216800,2633300,3902289000,3904742700
43,1627,241746774855800,2844400,3945928000,3948381700
43,1643,241746819363100,2791200,3990435300,3992889000
43,1659,241746865377200,2642300,4036449400,4038903100
43,1675,241746910251000,2728400,4081323200,4083776900
43,1691,241746954038300,2763900,4125110500,4127564200
43,1707,241747004231800,5195800,4175304000,4177757700
43,1723,241747050571000,2746600,4221643200,4224096900
43,1739,241747096357400,2854500,4267429600,4269883300
43,1755,241747141781100,2847400,4312853300,4315307000
43,1771,241747188637800,3018900,4359710000,4362163700
43,1787,241747236182300,2891000,4407254500,4409708200
43,1803,241747282467300,2943800,4453539500,4455993200
43,1819,241747332742600,2814900,4503814800,4506268500
43,1835,241747376052800,2747700,4547125000,4549578700
43,1851,241747421864600,2938100,4592936800,4595390500
43,1867,241747468350800,3016800,4639423000,4641876700
43,1883,241747510923800,2611000,4681996000,4684449700
43,1899,241747555266000,2686200,4726338200,4728791900
43,1915,241747600446900,2897700,4771519100,4773972800
43,1931,241747646040500,2841400,4817112700,4819566400
43,1947,241747697922100,3027500,4868994300,4871448000
43,1963,241747745493500,2717200,4916565700,4919019400
43,1979,241747789718900,2631500,4960791100,4963244800
43,1995,241747835560600,2895000,5006632800,5009086500
43,2011,241747881356900,2895900,5052429100,5054882800
43,2027,241747927447900,2857900,5098520100,5100973800
43,2043,241747981663300,3432900,5152735500,5155189200
44,12,241742924945500,2481700,96017700,98471400
44,28,241742964142100,2338600,135214300,137668000
44,44,241743002113200,2392500,173185400,175639100
44,60,241743041450700,2381600,212522900,214976600
44,76,241743079507800,2705000,250580000,253033700
44,92,241743115984800,2343700,287057000,289510700
44,108,241743162586700,2353700,333658900,336112600
44,124,241743199537500,2179400,370609700,373063400
44,140,241743233834500,2175600,404906700,407360400
44,156,241743268585400,2469300,439657600,442111300
44,172,241743303788200,2063700,474860400,477314100
44,188,241743340028600,2235700,511100800,513554500
44,204,241743375216100,2203400,546288300,548742000
44,220,241743410112800,2306500,581185000,583638700
44,236,241743452456500,2203900,623528700,625982400
44,252,241743486739900,2190900,657812100,660265800
44,268,241743521371000,2349400,692443200,694896900
44,284,241743556663000,2154300,727735200,730188900
44,300,241743591325500,2486900,762397700,764851400
44,316,241743626934800,2136600,798007000,800460700
44,332,241743661929600,2173700,833001800,835455500
44,348,241743697714900,2145900,868787100,871240800
44,364,241743734797400,2131900,905869600,908323300
44,380,241743776039700,2118100,947111900,949565600
44,396,241743813004000,2236200,984076200,986529900
44,412,241743849469300,2269200,1020541500,1022995200
44,428,241743884619100,2177700,1055691300,1058145000
44,444,241743918720700,2107900,1089792900,1092246600
44,460,241743954120600,2279600,1125192800,1127646500
44,476,241743989744500,2082000,1160816700,1163270400
44,492,241744023816700,2087400,1194888900,1197342600
44,508,241744064911200,2133200,1235983400,1238437100
44,524,241744098894900,2186300,1269967100,1272420800
44,540,241744132743100,2075700,1303815300,1306269000
44,556,241744167610100,2275200,1338682300,1341136000
44,572,241744202833100,2040900,1373905300,1376359000
44,588,241744236337200,2070300,1407409400,1409863100
44,604,241744274998100,2142500,1446070300,1448524000
44,620,241744315789300,2225200,1486861500,1489315200
44,636,241744351705800,2163500,1522778000,1525231700
44,652,241744385874900,2104300,1556947100,1559400800
44,668,241744419845100,2107700,1590917300,1593371000
44,684,241744453711800,2149800,1624784000,1627237700
44,700,241744488391700,2163800,1659463900,1661917600
44,716,241744522708400,2124800,1693780600,1696234300
44,732,241744557595200,2202000,1728667400,1731121100
44,748,241744598889700,2124300,1769961900,1772415600
44,764,241744632857700,2097500,1803929900,1806383600
44,780,241744669051900,2409900,1840124100,1842577800
44,796,241744704870000,2238900,1875942200,1878395900
44,812,241744739291800,2136100,1910364000,1912817700
44,828,241744773598900,2139000,1944671100,1947124800
44,844,241744807845700,2125100,1978917900,1981371600
44,860,241744843620700,9728700,2014692900,2017146600
44,876,241744887133500,2490700,2058205700,2060659400
44,892,241744922984900,2115200,2094057100,2096510800
44,908,241744957127200,2094600,2128199400,2130653100
44,924,241744992181200,2178400,2163253400,2165707100
44,940,241745026120000,2136600,2197192200,2199645900
44,956,241745060759500,2092600,2231831700,2234285400
44,972,241745098991400,2095300,2270063600,2272517300
44,988,241745141270800,2135700,2312343000,2314796700
44,1004,241745175331000,2144500,2346403200,2348856900
44,1020,241745209660100,2199900,2380732300,2383186000
44,1036,241745244613400,2179200,2415685600,2418139300
44,1052,241745279696700,2166000,2450768900,2453222600
44,1068,241745314123200,2238100,2485195400,2487649100
44,1084,241745349523000,2234800,2520595200,2523048900
44,1100,241745384252200,7092800,2555324400,2557778100
44,1116,241745423348800,2109400,2594421000,2596874700
44,1132,241745457853100,2185700,2628925300,2631379000
44,1148,241745493095400,2421900,2664167600,2666621300
44,1164,241745528231900,2131800,2699304100,2701757800
44,1180,241745564531100,2265100,2735603300,2738057000
44,1196,241745599400300,2267100,2770472500,2772926200
44,1212,241745634324300,2103700,2805396500,2807850200
44,1228,241745673299700,2121200,2844371900,2846825600
44,1244,241745707919300,2128000,2878991500,2881445200
44,1260,241745741955200,2130500,2913027400,2915481100
44,1276,241745776781000,2252400,2947853200,2950306900
44,1292,241745811258800,2147800,2982331000,2984784700
44,1308,241745850556300,2787500,3021628500,3024082200
44,1324,241745896085400,2868600,3067157600,3069611300
44,1340,241745947602700,2896000,3118674900,3121128600
44,1356,241745995481200,2791700,3166553400,3169007100
44,1372,241746038999800,2698600,3210072000,3212525700
44,1388,241746085147200,3069900,3256219400,3258673100
44,1404,241746129816100,2768200,3300888300,3303342000
44,1420,241746176956700,2785500,3348028900,3350482600
44,1436,241746223268500,2933500,3394340700,3396794400
44,1452,241746271522200,2756100,3442594400,3445048100
44,1468,241746322896500,2989800,3493968700,3496422400
44,1484,241746370030700,2933200,3541102900,3543556600
44,1500,241746416554800,2674300,3587627000,3590080700
44,1516,241746459950500,2820300,3631022700,3633476400
44,1532,241746503613300,2736600,3674685500,3677139200
44,1548,241746548131200,2625600,3719203400,3721657100
44,1564,241746592902800,2761900,3763975000,3766428700
44,1580,241746643888900,2684400,3814961100,3817414800
44,1596,241746689401800,2761900,3860474000,3862927700
44,1612,241746732746800,2682500,3903819000,3906272700
44,1628,241746776451300,2869600,3947523500,3949977200
44,1644,241746821011200,2729500,3992083400,3994537100
44,1660,241746866851900,2780200,4037924100,4040377800
44,1676,241746911773400,2702100,4082845600,4085299300
44,1692,241746955603700,2775600,4126675900,4129129600
44,1708,241747009715200,2982100,4180787400,4183241100
44,1724,241747053607000,2725400,4224679200,4227132900
44,1740,241747099505600,2865100,4270577800,4273031500
44,1756,241747144909200,2848700,4315981400,4318435100
44,1772,241747191951300,2937800,4363023500,4365477200
44,1788,241747239327200,2816400,4410399400,4412853100
44,1804,241747285705500,2890800,4456777700,4459231400
44,1820,241747335807000,2728900,4506879200,4509332900
44,1836,241747379074300,2772300,4550146500,4552600200
44,1852,241747425098400,2869800,4596170600,4598624300
44,1868,241747471669100,2926800,4642741300,4645195000
44,1884,241747513790000,2869200,4684862200,4687315900
44,1900,241747558295400,2787200,4729367600,4731821300
44,1916,241747603717300,2839400,4774789500,4777243200
44,1932,241747649259400,2852300,4820331600,4822785300
44,1948,241747701329600,3020700,4872401800,4874855500
44,1964,241747748564600,2680900,4919636800,4922090500
44,1980,241747792668900,2596000,4963741100,4966194800
44,1996,241747838769600,2836000,5009841800,5012295500
44,2012,241747884538000,2872000,5055610200,5058063900
44,2028,241747930594300,3909400,5101666500,5104120200
44,2044,241747985386000,3392600,5156458200,5158911900
45,13,241742927467000,2516700,98539200,100992900
45,29,241742966448100,2308700,137520300,139974000
45,45,241743004243500,2437700,175315700,177769400
45,61,241743043244900,2309300,214317100,216770800
45,77,241743081427200,2572300,252499400,254953100
45,93,241743118009400,2454300,289081600,291535300
45,109,241743164657400,2527000,335729600,338183300
45,125,241743201544200,2133100,372616400,375070100
45,141,241743235720900,2150600,406793100,409246800
45,157,241743270721100,2453200,441793300,444247000
45,173,241743305573900,2113000,476646100,479099800
45,189,241743342057100,2227100,513129300,515583000
45,205,241743377160500,2262400,548232700,550686400
45,221,241743412201200,2321900,583273400,585727100
45,237,241743454460000,2273900,625532200,627985900
45,253,241743488754600,2142900,659826800,662280500
45,269,241743523493300,2316900,694565500,697019200
45,285,241743558693600,2140600,729765800,732219500
45,301,241743593610000,2342900,764682200,767135900
45,317,241743628810700,2179000,799882900,802336600
45,333,241743663733500,2116200,834805700,837259400
45,349,241743699479800,2128500,870552000,873005700
45,365,241743736580500,2107000,907652700,910106400
45,381,241743777819900,2129400,948892100,951345800
45,397,241743814819100,2329400,985891300,988345000
45,413,241743851398000,2192700,1022470200,1024923900
45,429,241743886431500,2132800,1057503700,1059957400
45,445,241743920475900,2059400,1091548100,1094001800
45,461,241743955842100,2332300,1126914300,1129368000
45,477,241743991323600,2078300,1162395800,1164849500
45,493,241744025422600,2116900,1196494800,1198948500
45,509,241744066307700,2198800,1237379900,1239833600
45,525,241744100309600,2270300,1271381800,1273835500
45,541,241744134159000,2064300,1305231200,1307684900
45,557,241744169261000,2246100,1340333200,1342786900
45,573,241744204278800,2075900,1375351000,1377804700
45,589,241744237801500,2133200,1408873700,1411327400
45,605,241744276630900,2128800,1447703100,1450156800
45,621,241744317513700,2185000,1488585900,1491039600
45,637,241744353335000,2177000,1524407200,1526860900
45,653,241744387450300,2123800,1558522500,1560976200
45,669,241744421436200,2082700,1592508400,1594962100
45,685,241744455298800,2113200,1626371000,1628824700
45,701,241744490081100,2198700,1661153300,1663607000
45,717,241744524397700,2185200,1695469900,1697923600
45,733,241744559287200,2186700,1730359400,1732813100
45,749,241744600779400,2134600,1771851600,1774305300
45,765,241744634740400,2149900,1805812600,1808266300
45,781,241744671230300,2214900,1842302500,1844756200
45,797,241744706868200,2149600,1877940400,1880394100
45,813,241744741182300,2095300,1912254500,1914708200
45,829,241744775476500,2152600,1946548700,1949002400
45,845,241744809697300,2141000,1980769500,1983223200
45,861,241744845811600,9753600,2016883800,2019337500
45,877,241744889094700,2376100,2060166900,2062620600
45,893,241744924633400,2145700,2095705600,2098159300
45,909,241744958701300,2111500,2129773500,2132227200
45,925,241744993902100,2140500,2164974300,2167428000
45,941,241745027763800,2142600,2198836000,2201289700
45,957,241745062407300,2935200,2233479500,2235933200
45,973,241745100641200,2101700,2271713400,2274167100
45,989,241745142967100,2137200,2314039300,2316493000
45,1005,241745177047600,2132800,2348119800,2350573500
45,1021,241745211439800,2130900,2382512000,2384965700
45,1037,241745246362700,2193500,2417434900,2419888600
45,1053,241745281434100,2145400,2452506300,2454960000
45,1069,241745315989500,2328700,2487061700,2489515400
45,1085,241745351431600,2242500,2522503800,2524957500
45,1101,241745391026600,2137100,2562098800,2564552500
45,1117,241745425172600,2200500,2596244800,2598698500
45,1133,241745459816600,2107800,2630888800,2633342500
45,1149,241745495843500,2215100,2666915700,2669369400
45,1165,241745530629900,2135400,2701702100,2704155800
45,1181,241745567065100,2309100,2738137300,2740591000
45,1197,241745602125700,2517300,2773197900,2775651600
45,1213,241745636859200,2139500,2807931400,2810385100
45,1229,241745675846500,2122800,2846918700,2849372400
45,1245,241745710546700,2103200,2881618900,2884072600
45,1261,241745744552900,2105600,2915625100,2918078800
45,1277,241745779524200,2166800,2950596400,2953050100
45,1293,241745814035400,2112600,2985107600,2987561300
45,1309,241745854251900,2786200,3025324100,3027777800
45,1325,241745899833200,2829100,3070905400,3073359100
45,1341,241745951413900,2960000,3122486100,3124939800
45,1357,241745999347000,2726900,3170419200,3172872900
45,1373,241746042665900,2607200,3213738100,3216191800
45,1389,241746089384900,3790100,3260457100,3262910800
45,1405,241746133598500,2797200,3304670700,3307124400
45,1421,241746180754600,2774600,3351826800,3354280500
45,1437,241746227353700,2915400,3398425900,3400879600
45,1453,241746275334100,2867100,3446406300,3448860000
45,1469,241746327025100,2956500,3498097300,3500551000
45,1485,241746374072300,2937500,3545144500,3547598200
45,1501,241746420212800,2675000,3591285000,3593738700
45,1517,241746463325600,2771400,3634397800,3636851500
45,1533,241746507027400,2838100,3678099600,3680553300
45,1549,241746551379100,2691900,3722451300,3724905000
45,1565,241746596375300,2980200,3767447500,3769901200
45,1581,241746647403500,2872700,3818475700,3820929400
45,1597,241746692963700,2732600,3864035900,3866489600
45,1613,241746736189700,2623000,3907261900,3909715600
45,1629,241746780158700,2858100,3951230900,3953684600
45,1645,241746824503500,2675700,3995575700,3998029400
45,1661,241746870504200,2970500,4041576400,4044030100
45,1677,241746915288800,2711800,4086361000,4088814700
45,1693,241746959188000,2782400,4130260200,4132713900
45,1709,241747010801900,2850700,4181874100,4184327800
45,1725,241747054568600,2713700,4225640800,4228094500
45,1741,241747100569800,2792100,4271642000,4274095700
45,1757,241747145965500,2752500,4317037700,4319491400
45,1773,241747192964000,2931800,4364036200,4366489900
45,1789,241747240237100,2869500,4411309300,4413763000
45,1805,241747286663600,2904700,4457735800,4460189500
45,1821,241747336725000,2704800,4507797200,4510250900
45,1837,241747380039500,2741000,4551111700,4553565400
45,1853,241747426035300,2868200,4597107500,4599561200
45,1869,241747472657700,2687100,4643729900,4646183600
45,1885,241747514675400,2934300,4685747600,4688201300
45,1901,241747559315300,2751800,4730387500,4732841200
45,1917,241747604734300,2804200,4775806500,4778260200
45,1933,241747650242900,2836300,4821315100,4823768800
45,1949,241747702405400,3004500,4873477600,4875931300
45,1965,241747749488700,2705500,4920560900,4923014600
45,1981,241747793616400,2573500,4964688600,4967142300
45,1997,241747839765000,2819700,5010837200,5013290900
45,2013,241747885572700,2881400,5056644900,5059098600
45,2029,241747932447300,3356200,5103519500,5105973200
45,2045,241747986768800,3491700,5157841000,5160294700
46,14,241742930089400,2484800,101161600,103615300
46,30,241742968883400,2332300,139955600,142409300
46,46,241743006460000,2482100,177532200,179985900
46,62,241743045759100,2281100,216831300,219285000
46,78,241743084342000,2284100,255414200,257867900
46,94,241743120717300,2532400,291789500,294243200
46,110,241743167568100,2422700,338640300,341094000
46,126,241743203937000,2136700,375009200,377462900
46,142,241743238150100,2103500,409222300,411676000
46,158,241743273553300,2248500,444625500,447079200
46,174,241743308095000,2119700,479167200,481620900
46,190,241743344655800,2216700,515728000,518181700
46,206,241743379753500,2157100,550825700,553279400
46,222,241743414771700,2273800,585843900,588297600
46,238,241743457033900,2096300,628106100,630559800
46,254,241743491095700,2134600,662167900,664621600
46,270,241743526062300,2209200,697134500,699588200
46,286,241743561041700,2026000,732113900,734567600
46,302,241743596219600,2171900,767291800,769745500
46,318,241743631339500,2151700,802411700,804865400
46,334,241743666274700,2180300,837346900,839800600
46,350,241743702058600,2164200,873130800,875584500
46,366,241743745056000,2171300,916128200,918581900
46,382,241743780346400,2614300,951418600,953872300
46,398,241743817621500,2189300,988693700,991147400
46,414,241743854830900,2168100,1025903100,1028356800
46,430,241743889809000,2228300,1060881200,1063334900
46,446,241743923757400,2147600,1094829600,1097283300
46,462,241743959644100,2128800,1130716300,1133170000
46,478,241743994838600,2091700,1165910800,1168364500
46,494,241744035386600,2446800,1206458800,1208912500
46,510,241744070266700,2209700,1241338900,1243792600
46,526,241744104318000,2163500,1275390200,1277843900
46,542,241744137951100,2248200,1309023300,1311477000
46,558,241744173253700,2360700,1344325900,1346779600
46,574,241744208064200,2135800,1379136400,1381590100
46,590,241744241791300,2140300,1412863500,1415317200
46,606,241744280462200,2134700,1451534400,1453988100
46,622,241744321531000,2139500,1492603200,1495056900
46,638,241744357327900,2188700,1528400100,1530853800
46,654,241744391354700,2127500,1562426900,1564880600
46,670,241744425280300,2089700,1596352500,1598806200
46,686,241744459307500,2092600,1630379700,1632833400
46,702,241744494173300,2190300,1665245500,1667699200
46,718,241744528348100,2142900,1699420300,1701874000
46,734,241744563326200,2175800,1734398400,1736852100
46,750,241744604474200,2143600,1775546400,1778000100
46,766,241744638518400,1874400,1809590600,1812044300
46,782,241744675405300,2349200,1846477500,1848931200
46,798,241744710879700,2163100,1881951900,1884405600
46,814,241744745110000,2170400,1916182200,1918635900
46,830,241744779513000,2115500,1950585200,1953038900
46,846,241744813709600,2143500,1984781800,1987235500
46,862,241744857719100,2231800,2028791300,2031245000
46,878,241744893999600,2197800,2065071800,2067525500
46,894,241744929135500,2147400,2100207700,2102661400
46,910,241744963266600,2133700,2134338800,2136792500
46,926,241744998333000,2101600,2169405200,2171858900
46,942,241745032311700,2106000,2203383900,2205837600
46,958,241745068123700,2338900,2239195900,2241649600
46,974,241745105189400,2154400,2276261600,2278715300
46,990,241745147538400,2147000,2318610600,2321064300
46,1006,241745181595600,2113400,2352667800,2355121500
46,1022,241745215973700,2112200,2387045900,2389499600
46,1038,241745250943100,2138600,2422015300,2424469000
46,1054,241745286000900,2178700,2457073100,2459526800
46,1070,241745320563800,2235600,2491636000,2494089700
46,1086,241745356051100,2285500,2527123300,2529577000
46,1102,241745395475500,2089700,2566547700,2569001400
46,1118,241745429595500,2135800,2600667700,2603121400
46,1134,241745463907700,2115700,2634979900,2637433600
46,1150,241745500786500,2175600,2671858700,2674312400
46,1166,241745535399900,2187200,2706472100,2708925800
46,1182,241745572249500,2194200,2743321700,2745775400
46,1198,241745607170700,2218400,2778242900,2780696600
46,1214,241745641527400,2128900,2812599600,2815053300
46,1230,241745680841100,2175500,2851913300,2854367000
46,1246,241745715142800,2136000,2886215000,2888668700
46,1262,241745749178700,2107000,2920250900,2922704600
46,1278,241745784307400,2189700,2955379600,2957833300
46,1294,241745818695000,2375900,2989767200,2992220900
46,1310,241745859867900,2807800,3030940100,3033393800
46,1326,241745905595300,2835800,3076667500,3079121200
46,1342,241745957444200,2888900,3128516400,3130970100
46,1358,241746004759600,2818900,3175831800,3178285500
46,1374,241746047762800,2669200,3218835000,3221288700
46,1390,241746095706200,2638100,3266778400,3269232100
46,1406,241746139280100,3055900,3310352300,3312806000
46,1422,241746186377200,2959600,3357449400,3359903100
46,1438,241746235098500,3979900,3406170700,3408624400
46,1454,241746280909800,2741300,3451982000,3454435700
46,1470,241746332707300,2940200,3503779500,3506233200
46,1486,241746379674000,2912900,3550746200,3553199900
46,1502,241746425277500,2601500,3596349700,3598803400
46,1518,241746468922900,2729200,3639995100,3642448800
46,1534,241746512546200,2773200,3683618400,3686072100
46,1550,241746556749300,3059100,3727821500,3730275200
46,1566,241746602247200,3015400,3773319400,3775773100
46,1582,241746652732600,2583300,3823804800,3826258500
46,1598,241746698255700,2710900,3869327900,3871781600
46,1614,241746741336200,2641700,3912408400,3914862100
46,1630,241746785771800,3033900,3956844000,3959297700
46,1646,241746829630800,2899300,4000703000,4003156700
46,1662,241746876155300,2998000,4047227500,4049681200
46,1678,241746920485700,2809700,4091557900,4094011600
46,1694,241746964458800,2734300,4135531000,4137984700
46,1710,241747016439300,2795100,4187511500,4189965200
46,1726,241747060055600,2759400,4231127800,4233581500
46,1742,241747106201100,2761000,4277273300,4279727000
46,1758,241747151662600,2982900,4322734800,4325188500
46,1774,241747198956300,2952600,4370028500,4372482200
46,1790,241747246091500,2845500,4417163700,4419617400
46,1806,241747292408000,2647300,4463480200,4465933900
46,1822,241747342220300,2701200,4513292500,4515746200
46,1838,241747385605200,2907800,4556677400,4559131100
46,1854,241747431966900,2918100,4603039100,4605492800
46,1870,241747477891800,2647200,4648964000,4651417700
46,1886,241747520458700,2788000,4691530900,4693984600
46,1902,241747564831300,2745000,4735903500,4738357200
46,1918,241747610332500,2741600,4781404700,4783858400
46,1934,241747655928300,2862100,4827000500,4829454200
46,1950,241747708406600,3088900,4879478800,4881932500
46,1966,241747754887200,3101600,4925959400,4928413100
46,1982,241747798802400,2621300,4969874600,4972328300
46,1998,241747845537500,2939800,5016609700,5019063400
46,2014,241747891415900,2835200,5062488100,5064941800
46,2030,241747939353300,3439100,5110425500,5112879200
46,2046,241747993622000,3591800,5164694200,5167147900
47,15,241742932511000,2430000,103583200,106036900
47,31,241742971184200,2288200,142256400,144710100
47,47,241743009283700,2782100,180355900,182809600
47,63,241743048079200,2323300,219151400,221605100
47,79,241743086915200,2361500,257987400,260441100
47,95,241743123335500,2404000,294407700,296861400
47,111,241743169961100,2322200,341033300,343487000
47,127,241743206019600,2102500,377091800,379545500
47,143,241743240142800,2046700,411215000,413668700
47,159,241743275661700,2326800,446733900,449187600
47,175,241743310056800,2106100,481129000,483582700
47,191,241743346638400,2124700,517710600,520164300
47,207,241743381619900,2121000,552692100,555145800
47,223,241743416887300,2248600,587959500,590413200
47,239,241743458966700,2070800,630038900,632492600
47,255,241743493147600,2154200,664219800,666673500
47,271,241743528151300,2217200,699223500,701677200
47,287,241743562927400,2060100,733999600,736453300
47,303,241743598212900,2222300,769285100,771738800
47,319,241743633285800,2150000,804358000,806811700
47,335,241743668336800,2200900,839409000,841862700
47,351,241743704131900,2112100,875204100,877657800
47,367,241743747169000,2113000,918241200,920694900
47,383,241743782889900,2524300,953962100,956415800
47,399,241743819750800,2213100,990823000,993276700
47,415,241743856494600,2198500,1027566800,1030020500
47,431,241743891496500,2138700,1062568700,1065022400
47,447,241743925427300,2061900,1096499500,1098953200
47,463,241743961381800,2165500,1132454000,1134907700
47,479,241743996537400,2123900,1167609600,1170063300
47,495,241744037334600,2200900,1208406800,1210860500
47,511,241744071921400,2096400,1242993600,1245447300
47,527,241744105713700,2130500,1276785900,1279239600
47,543,241744139397200,2331400,1310469400,1312923100
47,559,241744174794500,2278000,1345866700,1348320400
47,575,241744209449500,2145100,1380521700,1382975400
47,591,241744243275300,2113000,1414347500,1416801200
47,607,241744281350500,2128100,1452422700,1454876400
47,623,241744322412600,2138900,1493484800,1495938500
47,639,241744358278500,2188500,1529350700,1531804400
47,655,241744392296600,2106800,1563368800,1565822500
47,671,241744426200800,2080500,1597273000,1599726700
47,687,241744460213400,2151700,1631285600,1633739300
47,703,241744495260900,2171900,1666333100,1668786800
47,719,241744529426800,2092900,1700499000,1702952700
47,735,241744564269100,2176200,1735341300,1737795000
47,751,241744605357200,2128700,1776429400,1778883100
47,767,241744639298400,2283500,1810370600,1812824300
47,783,241744676191500,2372600,1847263700,1849717400
47,799,241744711580100,2177600,1882652300,1885106000
47,815,241744745838100,2178000,1916910300,1919364000
47,831,241744780236000,2115400,1951308200,1953761900
47,847,241744814464700,2254600,1985536900,1987990600
47,863,241744858357300,2224900,2029429500,2031883200
47,879,241744894268700,2183700,2065340900,2067794600
47,895,241744929495600,2161600,2100567800,2103021500
47,911,241744963641100,2141100,2134713300,2137167000
47,927,241744998688100,2100100,2169760300,2172214000
47,943,241745032653400,2068000,2203725600,2206179300
47,959,241745068414500,2343600,2239486700,2241940400
47,975,241745105513300,2151100,2276585500,2279039200
47,991,241745147858700,2145000,2318930900,2321384600
47,1007,241745181919300,2117300,2352991500,2355445200
47,1023,241745216464900,2101200,2387537100,2389990800
47,1039,241745251432600,2135800,2422504800,2424958500
47,1055,241745286588400,2197700,2457660600,2460114300
47,1071,241745321194700,2239000,2492266900,2494720600
47,1087,241745356653800,2217100,2527726000,2530179700
47,1103,241745396005700,2108000,2567077900,2569531600
47,1119,241745430189100,2149000,2601261300,2603715000
47,1135,241745464589100,2118300,2635661300,2638115000
47,1151,241745500244000,2193300,2671316200,2673769900
47,1167,241745534832300,2149500,2705904500,2708358200
47,1183,241745571826800,2204400,2742899000,2745352700
47,1199,241745606775100,2119700,2777847300,2780301000
47,1215,241745641090500,2126200,2812162700,2814616400
47,1231,241745680380400,2226200,2851452600,2853906300
47,1247,241745714713900,2130200,2885786100,2888239800
47,1263,241745748750700,2106600,2919822900,2922276600
47,1279,241745783891100,2196600,2954963300,2957417000
47,1295,241745818351900,2383000,2989424100,2991877800
47,1311,241745859562500,2806500,3030634700,3033088400
47,1327,241745905240600,2837200,3076312800,3078766500
47,1343,241745957046700,2906200,3128118900,3130572600
47,1359,241746004444000,2813000,3175516200,3177969900
47,1375,241746047479700,2655200,3218551900,3221005600
47,1391,241746095450600,2644100,3266522800,3268976500
47,1407,241746139021300,3053100,3310093500,3312547200
47,1423,241746186220500,2947800,3357292700,3359746400
47,1439,241746234557500,4298700,3405629700,3408083400
47,1455,241746280721500,2733000,3451793700,3454247400
47,1471,241746332504400,2938800,3503576600,3506030300
47,1487,241746379471900,2911700,3550544100,3552997800
47,1503,241746425108000,2594000,3596180200,3598633900
47,1519,241746468814500,2722900,3639886700,3642340400
47,1535,241746512428500,2757300,3683500700,3685954400
47,1551,241746556643100,3115500,3727715300,3730169000
47,1567,241746602202300,3012400,3773274500,3775728200
47,1583,241746652667300,2573200,3823739500,3826193200
47,1599,241746698185600,2690900,3869257800,3871711500
47,1615,241746741248300,2659500,3912320500,3914774200
47,1631,241746785693800,3061900,3956766000,3959219700
47,1647,241746829559900,2876700,4000632100,4003085800
47,1663,241746876112100,2988200,4047184300,4049638000
47,1679,241746920457200,2739000,4091529400,4093983100
47,1695,241746964418500,2734600,4135490700,4137944400
47,1711,241747016600700,2795800,4187672900,4190126600
47,1727,241747060212100,2774700,4231284300,4233738000
47,1743,241747106361400,2753600,4277433600,4279887300
47,1759,241747151836000,2969000,4322908200,4325361900
47,1775,241747199082200,2955700,4370154400,4372608100
47,1791,241747246252300,2837200,4417324500,4419778200
47,1807,241747292546900,2676800,4463619100,4466072800
47,1823,241747342375100,2701100,4513447300,4515901000
47,1839,241747385773800,2908900,4556846000,4559299700
47,1855,241747432128200,2923000,4603200400,4605654100
47,1871,241747478040800,2637200,4649113000,4651566700
47,1887,241747520722000,2786700,4691794200,4694247900
47,1903,241747565259600,2723000,4736331800,4738785500
47,1919,241747610742600,2763900,4781814800,4784268500
47,1935,241747656361200,2885900,4827433400,4829887100
47,1951,241747708913700,3089500,4879985900,4882439600
47,1967,241747755338800,3055100,4926411000,4928864700
47,1983,241747799207200,2609100,4970279400,4972733100
47,1999,241747845985400,2943500,5017057600,5019511300
47,2015,241747891830300,2859300,5062902500,5065356200
47,2031,241747939862800,3439600,5110935000,5113388700
47,2047,241747994224900,4208500,5165297100,5167750800
48,0,241742883777900,7572000,54850100,57303800
48,16,241742934980300,2464700,106052500,108506200
48,32,241742973442000,2314400,144514200,146967900
48,48,241743011683600,2514400,182755800,185209500
48,64,241743050345800,2339500,221418000,223871700
48,80,241743088488000,2230000,259560200,262013900
48,96,241743124807900,2358200,295880100,298333800
48,112,241743171329500,2352100,342401700,344855400
48,128,241743207304200,2214000,378376400,380830100
48,144,241743241502000,2037900,412574200,415027900
48,160,241743277107600,2307600,448179800,450633500
48,176,241743311386200,2083700,482458400,484912100
48,192,241743348073100,2104800,519145300,521599000
48,208,241743383303800,2150700,554376000,556829700
48,224,241743418834700,2358400,589906900,592360600
48,240,241743460759900,2073600,631832100,634285800
48,256,241743494919300,2143000,665991500,668445200
48,272,241743530032700,2137300,701104900,703558600
48,288,241743564668800,2081000,735741000,738194700
48,304,241743600347900,2171800,771420100,773873800
48,320,241743635380300,2132800,806452500,808906200
48,336,241743670365100,2229800,841437300,843891000
48,352,241743706008800,2137200,877081000,879534700
48,368,241743749028600,2245300,920100800,922554500
48,384,241743785078600,2281300,956150800,958604500
48,400,241743821658700,2268600,992730900,995184600
48,416,241743858170100,2182300,1029242300,1031696000
48,432,241743893151200,2109200,1064223400,1066677100
48,448,241743926993300,2128500,1098065500,1100519200
48,464,241743962940200,2219900,1134012400,1136466100
48,480,241743998087400,2104600,1169159600,1171613300
48,496,241744038940300,2130600,1210012500,1212466200
48,512,241744073336400,2095700,1244408600,1246862300
48,528,241744107062000,2098400,1278134200,1280587900
48,544,241744140893400,2181500,1311965600,1314419300
48,560,241744176229600,2274300,1347301800,1349755500
48,576,241744210826000,2079300,1381898200,1384351900
48,592,241744244547600,2119000,1415619800,1418073500
48,608,241744283387500,2156900,1454459700,1456913400
48,624,241744324462700,2179200,1495534900,1497988600
48,640,241744360323700,2093100,1531395900,1533849600
48,656,241744394264000,2137300,1565336200,1567789900
48,672,241744428145800,2281700,1599218000,1601671700
48,688,241744462196400,2281700,1633268600,1635722300
48,704,241744497138800,2170200,1668211000,1670664700
48,720,241744531221300,2128600,1702293500,1704747200
48,736,241744566238500,2183300,1737310700,1739764400
48,752,241744607286200,2140200,1778358400,1780812100
48,768,241744641275800,2164000,1812348000,1814801700
48,784,241744678216000,2268700,1849288200,1851741900
48,800,241744713408500,2151700,1884480700,1886934400
48,816,241744747662000,2133600,1918734200,1921187900
48,832,241744782012400,2141700,1953084600,1955538300
48,848,241744816252500,2547200,1987324700,1989778400
48,864,241744860552100,2274500,2031624300,2034078000
48,880,241744896485300,2254800,2067557500,2070011200
48,896,241744931756800,2153500,2102829000,2105282700
48,912,241744965872700,2144000,2136944900,2139398600
48,928,241745000943500,2098500,2172015700,2174469400
48,944,241745034860100,2285700,2205932300,2208386000
48,960,241745070968800,2314700,2242041000,2244494700
48,976,241745108164400,2129800,2279236600,2281690300
48,992,241745150502200,2136900,2321574400,2324028100
48,1008,241745184535700,2102300,2355607900,2358061600
48,1024,241745219014800,2269000,2390087000,2392540700
48,1040,241745254088700,2163200,2425160900,2427614600
48,1056,241745289269600,2146300,2460341800,2462795500
48,1072,241745323869100,2187300,2494941300,2497395000
48,1088,241745359270300,2142500,2530342500,2532796200
48,1104,241745398504300,2089900,2569576500,2572030200
48,1120,241745432731400,2221300,2603803600,2606257300
48,1136,241745467094500,2122700,2638166700,2640620400
48,1152,241745503310700,2271200,2674382900,2676836600
48,1168,241745538144700,2332600,2709216900,2711670600
48,1184,241745575016200,2201800,2746088400,2748542100
48,1200,241745609900500,2155800,2780972700,2783426400
48,1216,241745644174500,2103500,2815246700,2817700400
48,1232,241745683531900,2105100,2854604100,2857057800
48,1248,241745717762500,2110900,2888834700,2891288400
48,1264,241745751782000,2131300,2922854200,2925307900
48,1280,241745787028900,2249900,2958101100,2960554800
48,1296,241745821695500,2198500,2992767700,2995221400
48,1312,241745863623200,2796500,3034695400,3037149100
48,1328,241745909401000,2830900,3080473200,3082926900
48,1344,241745961304700,3129800,3132376900,3134830600
48,1360,241746008578000,2931000,3179650200,3182103900
48,1376,241746051398200,2600700,3222470400,3224924100
48,1392,241746099362700,2727900,3270434900,3272888600
48,1408,241746143493000,3029100,3314565200,3317018900
48,1424,241746190500200,2970200,3361572400,3364026100
48,1440,241746240258000,2743500,3411330200,3413783900
48,1456,241746284769400,2729000,3455841600,3458295300
48,1472,241746336847400,2958900,3507919600,3510373300
48,1488,241746383766800,2914400,3554839000,3557292700
48,1504,241746428979000,2638000,3600051200,3602504900
48,1520,241746472940500,2705000,3644012700,3646466400
48,1536,241746516749300,2854500,3687821500,3690275200
48,1552,241746561257000,2836200,3732329200,3734782900
48,1568,241746606833800,3060900,3777906000,3780359700
48,1584,241746656796200,3063900,3827868400,3830322100
48,1600,241746702170500,2920200,3873242700,3875696400
48,1616,241746745139600,2605800,3916211800,3918665500
48,1632,241746790135900,3007200,3961208100,3963661800
48,1648,241746833985700,3009100,4005057900,4007511600
48,1664,241746880646200,2889700,4051718400,4054172100
48,1680,241746924610000,2779900,4095682200,4098135900
48,1696,241746968503600,2755800,4139575800,4142029500
48,1712,241747022173000,2750500,4193245200,4195698900
48,1728,241747066084400,2942700,4237156600,4239610300
48,1744,241747112035000,2814000,4283107200,4285560900
48,1760,241747157712600,2803900,4328784800,4331238500
48,1776,241747205090000,2958400,4376162200,4378615900
48,1792,241747252072800,2879800,4423145000,4425598700
48,1808,241747298259600,2801800,4469331800,4471785500
48,1824,241747347928900,2677200,4519001100,4521454800
48,1840,241747391715800,2926200,4562788000,4565241700
48,1856,241747438037000,2874800,4609109200,4611562900
48,1872,241747483409500,2618100,4654481700,4656935400
48,1888,241747526000400,2639300,4697072600,4699526300
48,1904,241747570452500,2715400,4741524700,4743978400
48,1920,241747615919500,2749600,4786991700,4789445400
48,1936,241747661880700,7737300,4832952900,4835406600
48,1952,241747714627700,3033100,4885699900,4888153600
48,1968,241747760978600,2801100,4932050800,4934504500
48,1984,241747804073600,2920800,4975145800,4977599500
48,2000,241747851489400,2801200,5022561600,5025015300
48,2016,241747897182100,2986700,5068254300,5070708000
48,2032,241747946141900,3473700,5117214100,5119667800
49,1,241742891392300,2562800,62464500,64918200
49,17,241742937517500,2512100,108589700,111043400
49,33,241742975853200,2304600,146925400,149379100
49,49,241743014396800,2867900,185469000,187922700
49,65,241743052276000,2381100,223348200,225801900
49,81,241743090776900,2622300,261849100,264302800
49,97,241743127437500,2341000,298509700,300963400
49,113,241743174032400,2314900,345104600,347558300
49,129,241743209948300,2195800,381020500,383474200
49,145,241743243843900,2239100,414916100,417369800
49,161,241743279776600,2108200,450848800,453302500
49,177,241743313828900,2275200,484901100,487354800
49,193,241743350420600,2224300,521492800,523946500
49,209,241743385675100,2266600,556747300,559201000
49,225,241743421073000,2515700,592145200,594598900
49,241,241743462629900,2039600,633702100,636155800
49,257,241743496951900,2160400,668024100,670477800
49,273,241743532086300,2215100,703158500,705612200
49,289,241743566663500,2101800,737735700,740189400
49,305,241743602270300,2182400,773342500,775796200
49,321,241743637316500,2244200,808388700,810842400
49,337,241743672504500,2130600,843576700,846030400
49,353,241743708179000,2127600,879251200,881704900
49,369,241743751380500,2246000,922452700,924906400
49,385,241743787526800,2213000,958599000,961052700
49,401,241743824080000,2238000,995152200,997605900
49,417,241743860203000,2350200,1031275200,1033728900
49,433,241743895113500,2097700,1066185700,1068639400
49,449,241743928973200,2148900,1100045400,1102499100
49,465,241743964978000,2343100,1136050200,1138503900
49,481,241744000019700,2092500,1171091900,1173545600
49,497,241744041010000,2221600,1212082200,1214535900
49,513,241744075644700,2097600,1246716900,1249170600
49,529,241744109460500,2147700,1280532700,1282986400
49,545,241744143369600,2275100,1314441800,1316895500
49,561,241744178933600,2212000,1350005800,1352459500
49,577,241744213251700,2086800,1384323900,1386777600
49,593,241744247021200,2091700,1418093400,1420547100
49,609,241744285773200,2123600,1456845400,1459299100
49,625,241744326892100,2162400,1497964300,1500418000
49,641,241744362587900,2087300,1533660100,1536113800
49,657,241744396573700,2163100,1567645900,1570099600
49,673,241744430604600,2039700,1601676800,1604130500
49,689,241744464595900,2110400,1635668100,1638121800
49,705,241744499341600,2156600,1670413800,1672867500
49,721,241744533380800,2117700,1704453000,1706906700
49,737,241744568511800,2090300,1739584000,1742037700
49,753,241744609487900,2089600,1780560100,1783013800
49,769,241744643475200,2146400,1814547400,1817001100
49,785,241744680425500,2191700,1851497700,1853951400
49,801,241744715504400,2104600,1886576600,1889030300
49,817,241744749736000,2138100,1920808200,1923261900
49,833,241744784094800,2131000,1955167000,1957620700
49,849,241744818691400,2525500,1989763600,1992217300
49,865,241744862559500,2180300,2033631700,2036085400
49,881,241744898290300,2214400,2069362500,2071816200
49,897,241744933391400,2123700,2104463600,2106917300
49,913,241744967453300,2315200,2138525500,2140979200
49,929,241745002458300,2081900,2173530500,2175984200
49,945,241745036417000,2150200,2207489200,2209942900
49,961,241745072517000,2261000,2243589200,2246042900
49,977,241745109222100,2144400,2280294300,2282748000
49,993,241745151527300,2148500,2322599500,2325053200
49,1009,241745185554500,2124600,2356626700,2359080400
49,1025,241745220101300,2248800,2391173500,2393627200
49,1041,241745255050600,2185500,2426122800,2428576500
49,1057,241745290219600,2138400,2461291800,2463745500
49,1073,241745324911000,2227200,2495983200,2498436900
49,1089,241745360333900,2166400,2531406100,2533859800
49,1105,241745399581500,2074200,2570653700,2573107400
49,1121,241745433729800,2441600,2604802000,2607255700
49,1137,241745468206800,2276000,2639279000,2641732700
49,1153,241745504343900,2287800,2675416100,2677869800
49,1169,241745539080500,2339100,2710152700,2712606400
49,1185,241745575802900,2215200,2746875100,2749328800
49,1201,241745610714700,2155600,2781786900,2784240600
49,1217,241745644964100,2112500,2816036300,2818490000
49,1233,241745684297600,2123000,2855369800,2857823500
49,1249,241745718549400,2097500,2889621600,2892075300
49,1265,241745752555100,2135200,2923627300,2926081000
49,1281,241745787747700,2219600,2958819900,2961273600
49,1297,241745822311800,2179200,2993384000,2995837700
49,1313,241745864364200,2792400,3035436400,3037890100
49,1329,241745910203100,2832100,3081275300,3083729000
49,1345,241745962116800,3217700,3133189000,3135642700
49,1361,241746009441000,2855300,3180513200,3182966900
49,1377,241746052125900,2627900,3223198100,3225651800
49,1393,241746100177200,2715800,3271249400,3273703100
49,1409,241746144389900,3034200,3315462100,3317915800
49,1425,241746191413500,2936200,3362485700,3364939400
49,1441,241746241075500,2732800,3412147700,3414601400
49,1457,241746285586800,2728000,3456659000,3459112700
49,1473,241746337741500,2939000,3508813700,3511267400
49,1489,241746384625100,2936400,3555697300,3558151000
49,1505,241746429683300,2649800,3600755500,3603209200
49,1521,241746473657500,2708800,3644729700,3647183400
49,1537,241746517508100,2837200,3688580300,3691034000
49,1553,241746562122800,2791400,3733195000,3735648700
49,1569,241746607690900,3226400,3778763100,3781216800
49,1585,241746657713500,3000400,3828785700,3831239400
49,1601,241746703142700,3002900,3874214900,3876668600
49,1617,241746746111000,2589000,3917183200,3919636900
49,1633,241746791329300,2896800,3962401500,3964855200
49,1649,241746835014400,2997400,4006086600,4008540300
49,1665,241746881669100,2808200,4052741300,4055195000
49,1681,241746925581900,2765500,4096654100,4099107800
49,1697,241746969496900,2770800,4140569100,4143022800
49,1713,241747022436200,2729400,4193508400,4195962100
49,1729,241747066363000,2884900,4237435200,4239888900
49,1745,241747112257900,2815000,4283330100,4285783800
49,1761,241747157943700,2864600,4329015900,4331469600
49,1777,241747205337100,2960800,4376409300,4378863000
49,1793,241747252237100,2867700,4423309300,4425763000
49,1809,241747298416900,2770600,4469489100,4471942800
49,1825,241747348006100,2672600,4519078300,4521532000
49,1841,241747391797400,2936600,4562869600,4565323300
49,1857,241747438119100,2868100,4609191300,4611645000
49,1873,241747483473500,2621100,4654545700,4656999400
49,1889,241747526073400,2637000,4697145600,4699599300
49,1905,241747570534000,2715000,4741606200,4744059900
49,1921,241747616002300,2739800,4787074500,4789528200
49,1937,241747661963400,7745100,4833035600,4835489300
49,1953,241747714716700,3040600,4885788900,4888242600
49,1969,241747761098600,2807300,4932170800,4934624500
49,1985,241747804179600,2940000,4975251800,4977705500
49,2001,241747851605100,2775800,5022677300,5025131000
49,2017,241747897315600,2978700,5068387800,5070841500
49,2033,241747946268600,3487200,5117340800,5119794500
50,2,241742893998900,2530000,65071100,67524800
50,18,241742940149300,2453900,111221500,113675200
50,34,241742978255600,2279200,149327800,151781500
50,50,241743017627500,2344100,188699700,191153400
50,66,241743055372800,2943100,226445000,228898700
50,82,241743093598600,2179400,264670800,267124500
50,98,241743130093300,2554600,301165500,303619200
50,114,241743176658700,2231900,347730900,350184600
50,130,241743212345800,2214300,383418000,385871700
50,146,241743246332900,2321100,417405100,419858800
50,162,241743282180900,2135100,453253100,455706800
50,178,241743316447200,2417500,487519400,489973100
50,194,241743353110100,2212200,524182300,526636000
50,210,241743388381100,2209600,559453300,561907000
50,226,241743424525000,2199900,595597200,598050900
50,242,241743465597400,2125500,636669600,639123300
50,258,241743500070300,2115000,671142500,673596200
50,274,241743535413400,2208100,706485600,708939300
50,290,241743569860000,2118600,740932200,743385900
50,306,241743605529500,2342100,776601700,779055400
50,322,241743640517700,2177000,811589900,814043600
50,338,241743675605100,2206900,846677300,849131000
50,354,241743711032200,2153300,882104400,884558100
50,370,241743754399500,2307800,925471700,927925400
50,386,241743790568700,2401600,961640900,964094600
50,402,241743827222500,2272900,998294700,1000748400
50,418,241743863920200,2148700,1034992400,1037446100
50,434,241743898472100,2117200,1069544300,1071998000
50,450,241743932358000,2273000,1103430200,1105883900
50,466,241743968717200,2193500,1139789400,1142243100
50,482,241744003406200,2157600,1174478400,1176932100
50,498,241744044545300,2166900,1215617500,1218071200
50,514,241744078772900,2104400,1249845100,1252298800
50,530,241744112608300,2085500,1283680500,1286134200
50,546,241744146674700,2178100,1317746900,1320200600
50,562,241744182091400,2148800,1353163600,1355617300
50,578,241744216182200,2066600,1387254400,1389708100
50,594,241744250536500,3975100,1421608700,1424062400
50,610,241744288511300,2245600,1459583500,1462037200
50,626,241744329663500,2152600,1500735700,1503189400
50,642,241744365282400,2164800,1536354600,1538808300
50,658,241744399348100,2114400,1570420300,1572874000
50,674,241744433212500,2042800,1604284700,1606738400
50,690,241744467417900,2130300,1638490100,1640943800
50,706,241744502243600,2105300,1673315800,1675769500
50,722,241744536262100,2104800,1707334300,1709788000
50,738,241744571252800,2109800,1742325000,1744778700
50,754,241744612247500,2110200,1783319700,1785773400
50,770,241744646585400,2139600,1817657600,1820111300
50,786,241744683821700,2359100,1854893900,1857347600
50,802,241744718767500,2120700,1889839700,1892293400
50,818,241744752970200,2201400,1924042400,1926496100
50,834,241744787356600,2121900,1958428800,1960882500
50,850,241744822353200,2221700,1993425400,1995879100
50,866,241744865831000,2148400,2036903200,2039356900
50,882,241744901649200,2224000,2072721400,2075175100
50,898,241744936624900,2134100,2107697100,2110150800
50,914,241744971027000,2183900,2142099200,2144552900
50,930,241745005745200,2107600,2176817400,2179271100
50,946,241745039806600,2157600,2210878800,2213332500
50,962,241745076089400,3375200,2247161600,2249615300
50,978,241745112563000,2134500,2283635200,2286088900
50,994,241745154930500,2149600,2326002700,2328456400
50,1010,241745188926600,2088300,2359998800,2362452500
50,1026,241745223634800,2177600,2394707000,2397160700
50,1042,241745258584500,2173800,2429656700,2432110400
50,1058,241745293980400,2163200,2465052600,2467506300
50,1074,241745328822100,2206700,2499894300,2502348000
50,1090,241745364225200,2121300,2535297400,2537751100
50,1106,241745403314900,2119400,2574387100,2576840800
50,1122,241745437729800,2086700,2608802000,2611255700
50,1138,241745472251200,2516400,2643323400,2645777100
50,1154,241745508421200,2160900,2679493400,2681947100
50,1170,241745543323300,2278900,2714395500,2716849200
50,1186,241745580145300,2135800,2751217500,2753671200
50,1202,241745614923800,2162700,2785996000,2788449700
50,1218,241745649127400,6883900,2820199600,2822653300
50,1234,241745688459100,2122700,2859531300,2861985000
50,1250,241745722697700,2125400,2893769900,2896223600
50,1266,241745756941100,2145000,2928013300,2930467000
50,1282,241745792273300,2127100,2963345500,2965799200
50,1298,241745826889200,2365000,2997961400,3000415100
50,1314,241745870376000,2789600,3041448200,3043901900
50,1330,241745916232500,3105900,3087304700,3089758400
50,1346,241745968691500,3080100,3139763700,3142217400
50,1362,241746015341400,2761600,3186413600,3188867300
50,1378,241746057830500,3184700,3228902700,3231356400
50,1394,241746105896300,2701800,3276968500,3279422200
50,1410,241746150721000,3027500,3321793200,3324246900
50,1426,241746197493500,2612600,3368565700,3371019400
50,1442,241746246827200,2830300,3417899400,3420353100
50,1458,241746291273200,7944500,3462345400,3464799100
50,1474,241746343876800,2936100,3514949000,3517402700
50,1490,241746390789400,3131200,3561861600,3564315300
50,1506,241746435333800,2640200,3606406000,3608859700
50,1522,241746479342100,2686600,3650414300,3652868000
50,1538,241746523487200,2765800,3694559400,3697013100
50,1554,241746567894800,2816700,3738967000,3741420700
50,1570,241746614335200,3040100,3785407400,3787861100
50,1586,241746664035900,2944700,3835108100,3837561800
50,1602,241746709281800,2633900,3880354000,3882807700
50,1618,241746751767000,2732100,3922839200,3925292900
50,1634,241746797059500,2578000,3968131700,3970585400
50,1650,241746841287200,2999700,4012359400,4014813100
50,1666,241746887425400,2651800,4058497600,4060951300
50,1682,241746931327100,2744000,4102399300,4104853000
50,1698,241746981033800,2715300,4152106000,4154559700
50,1714,241747027822600,2780600,4198894800,4201348500
50,1730,241747071931300,2723500,4243003500,4245457200
50,1746,241747117805000,2804600,4288877200,4291330900
50,1762,241747163776800,2927300,4334849000,4337302700
50,1778,241747211192600,2960400,4382264800,4384718500
50,1794,241747257717600,2929600,4428789800,4431243500
50,1810,241747303898900,2660500,4474971100,4477424800
50,1826,241747353532900,2737700,4524605100,4527058800
50,1842,241747397585700,2925100,4568657900,4571111600
50,1858,241747443765300,2932700,4614837500,4617291200
50,1874,241747488786800,2699700,4659859000,4662312700
50,1890,241747531618100,2672600,4702690300,4705144000
50,1906,241747576303300,2705700,4747375500,4749829200
50,1922,241747621893900,2902600,4792966100,4795419800
50,1938,241747672958600,2968000,4844030800,4846484500
50,1954,241747721102900,3011800,4892175100,4894628800
50,1970,241747767023500,2715800,4938095700,4940549400
50,1986,241747810526900,3061900,4981599100,4984052800
50,2002,241747857549400,2764800,5028621600,5031075300
50,2018,241747903541800,2851800,5074614000,5077067700
50,2034,241747953456600,3321000,5124528800,5126982500
51,3,241742896569800,2676500,67642000,70095700
51,19,241742942568000,2439500,113640200,116093900
51,35,241742980501300,2293100,151573500,154027200
51,51,241743019763200,2356700,190835400,193289100
51,67,241743058072200,2328300,229144400,231598100
51,83,241743095691000,2193200,266763200,269216900
51,99,241743132365500,2652400,303437700,305891400
51,115,241743178627900,2250900,349700100,352153800
51,131,241743214439900,2111000,385512100,387965800
51,147,241743248518600,2233500,419590800,422044500
51,163,241743284111900,2132900,455184100,457637800
51,179,241743318643100,2425900,489715300,492169000
51,195,241743354987300,2200500,526059500,528513200
51,211,241743390119900,2116000,561192100,563645800
51,227,241743425848400,2191300,596920600,599374300
51,243,241743466898700,2082300,637970900,640424600
51,259,241743501360900,2087800,672433100,674886800
51,275,241743536668100,2178800,707740300,710194000
51,291,241743571055700,2131200,742127900,744581600
51,307,241743606788200,2263000,777860400,780314100
51,323,241743641602400,2198700,812674600,815128300
51,339,241743676668000,2260700,847740200,850193900
51,355,241743712228000,2268900,883300200,885753900
51,371,241743755682000,2288300,926754200,929207900
51,387,241743791715700,2333400,962787900,965241600
51,403,241743828208400,2264700,999280600,1001734300
51,419,241743864646800,2110500,1035719000,1038172700
51,435,241743899140200,2132300,1070212400,1072666100
51,451,241743933009600,2346600,1104081800,1106535500
51,467,241743969355200,2274800,1140427400,1142881100
51,483,241744004062900,2322700,1175135100,1177588800
51,499,241744045453900,2169800,1216526100,1218979800
51,515,241744079978400,2077200,1251050600,1253504300
51,531,241744113800300,2230100,1284872500,1287326200
51,547,241744147981100,2232200,1319053300,1321507000
51,563,241744183349800,2152700,1354422000,1356875700
51,579,241744217430800,2104500,1388503000,1390956700
51,595,241744253433000,4276800,1424505200,1426958900
51,611,241744290497100,2115200,1461569300,1464023000
51,627,241744331569400,2109400,1502641600,1505095300
51,643,241744367149800,2160000,1538222000,1540675700
51,659,241744401180200,2076000,1572252400,1574706100
51,675,241744434989100,2070000,1606061300,1608515000
51,691,241744469195900,2164800,1640268100,1642721800
51,707,241744504038900,2157500,1675111100,1677564800
51,723,241744538114500,2130000,1709186700,1711640400
51,739,241744573105600,2298100,1744177800,1746631500
51,755,241744614097900,2140900,1785170100,1787623800
51,771,241744648315000,2218000,1819387200,1821840900
51,787,241744685520800,2332900,1856593000,1859046700
51,803,241744720324100,2167300,1891396300,1893850000
51,819,241744754598600,2188500,1925670800,1928124500
51,835,241744788944700,2134200,1960016900,1962470600
51,851,241744824032100,2209000,1995104300,1997558000
51,867,241744867531500,2154500,2038603700,2041057400
51,883,241744903327500,2227700,2074399700,2076853400
51,899,241744938201300,2130600,2109273500,2111727200
51,915,241744972641200,2250000,2143713400,2146167100
51,931,241745007272900,2125100,2178345100,2180798800
51,947,241745041443700,2156800,2212515900,2214969600
51,963,241745078637600,3019700,2249709800,2252163500
51,979,241745114106900,2167800,2285179100,2287632800
51,995,241745156519200,2124100,2327591400,2330045100
51,1011,241745190481200,2102300,2361553400,2364007100
51,1027,241745225248100,2177200,2396320300,2398774000
51,1043,241745260130700,2210000,2431202900,2433656600
51,1059,241745295198000,2124500,2466270200,2468723900
51,1075,241745330047200,2272800,2501119400,2503573100
51,1091,241745365328400,2154800,2536400600,2538854300
51,1107,241745404421200,2143600,2575493400,2577947100
51,1123,241745438838400,2127400,2609910600,2612364300
51,1139,241745473511300,2267400,2644583500,2647037200
51,1155,241745509136600,2179200,2680208800,2682662500
51,1171,241745544108900,2221900,2715181100,2717634800
51,1187,241745580734500,2141400,2751806700,2754260400
51,1203,241745615570500,2162400,2786642700,2789096400
51,1219,241745649757300,6903400,2820829500,2823283200
51,1235,241745689098000,2145300,2860170200,2862623900
51,1251,241745723351000,2124600,2894423200,2896876900
51,1267,241745757650200,2135800,2928722400,2931176100
51,1283,241745792798500,2133000,2963870700,2966324400
51,1299,241745827663000,2339500,2998735200,3001188900
51,1315,241745871358700,2796700,3042430900,3044884600
51,1331,241745917177500,3191600,3088249700,3090703400
51,1347,241745969728200,3082700,3140800400,3143254100
51,1363,241746016244000,2742000,3187316200,3189769900
51,1379,241746058842300,3184400,3229914500,3232368200
51,1395,241746106785600,2715300,3277857800,3280311500
51,1411,241746151735500,3034500,3322807700,3325261400
51,1427,241746198391900,2487400,3369464100,3371917800
51,1443,241746247756500,2767600,3418828700,3421282400
51,1459,241746297145300,3011400,3468217500,3470671200
51,1475,241746344814200,2946600,3515886400,3518340100
51,1491,241746391738500,3279500,3562810700,3565264400
51,1507,241746436149300,2621300,3607221500,3609675200
51,1523,241746480111700,2660300,3651183900,3653637600
51,1539,241746524264900,2778800,3695337100,3697790800
51,1555,241746568647600,2836500,3739719800,3742173500
51,1571,241746615171500,3061200,3786243700,3788697400
51,1587,241746664803900,2938600,3835876100,3838329800
51,1603,241746709946200,2733300,3881018400,3883472100
51,1619,241746752446000,2729600,3923518200,3925971900
51,1635,241746797789300,2540500,3968861500,3971315200
51,1651,241746842114300,2911800,4013186500,4015640200
51,1667,241746888148100,2678000,4059220300,4061674000
51,1683,241746932092500,2716800,4103164700,4105618400
51,1699,241746981785000,2705300,4152857200,4155310900
51,1715,241747026730900,2754700,4197803100,4200256800
51,1731,241747070815100,2733400,4241887300,4244341000
51,1747,241747116703300,2785500,4287775500,4290229200
51,1763,241747162715100,2949400,4333787300,4336241000
51,1779,241747210044700,3066900,4381116900,4383570600
51,1795,241747256686200,2924300,4427758400,4430212100
51,1811,241747302943800,2600100,4474016000,4476469700
51,1827,241747352419900,2761300,4523492100,4525945800
51,1843,241747396449100,2918500,4567521300,4569975000
51,1859,241747442802600,2747700,4613874800,4616328500
51,1875,241747487711100,2654100,4658783300,4661237000
51,1891,241747530495900,2700200,4701568100,4704021800
51,1907,241747575149800,2721600,4746222000,4748675700
51,1923,241747620629100,2981100,4791701300,4794155000
51,1939,241747671754800,2951600,4842827000,4845280700
51,1955,241747719883700,2997700,4890955900,4893409600
51,1971,241747765850900,2758300,4936923100,4939376800
51,1987,241747809321900,2961100,4980394100,4982847800
51,2003,241747856343700,2804200,5027415900,5029869600
51,2019,241747902338400,2878300,5073410600,5075864300
51,2035,241747952037200,3283200,5123109400,5125563100
52,4,241742899333200,2565400,70405400,72859100
52,20,241742945176000,2599800,116248200,118701900
52,36,241742982983900,2269600,154056100,156509800
52,52,241743022083700,2361600,193155900,195609600
52,68,241743060493200,2195400,231565400,234019100
52,84,241743098148100,2133100,269220300,271674000
52,100,241743135412200,2462000,306484400,308938100
52,116,241743181229100,2579400,352301300,354755000
52,132,241743216971100,2283000,388043300,390497000
52,148,241743251076200,2102600,422148400,424602100
52,164,241743286597300,2053800,457669500,460123200
52,180,241743321422700,2380300,492494900,494948600
52,196,241743357871900,2251600,528944100,531397800
52,212,241743392911100,2109000,563983300,566437000
52,228,241743429109600,2200900,600181800,602635500
52,244,241743469966000,2025800,641038200,643491900
52,260,241743504354200,2117900,675426400,677880100
52,276,241743539775900,2146200,710848100,713301800
52,292,241743574054500,2190500,745126700,747580400
52,308,241743609994400,2127700,781066600,783520300
52,324,241743644940500,2138300,816012700,818466400
52,340,241743680031300,2422700,851103500,853557200
52,356,241743715543700,2150600,886615900,889069600
52,372,241743758987200,2234500,930059400,932513100
52,388,241743795145600,2226000,966217800,968671500
52,404,241743831665100,2280400,1002737300,1005191000
52,420,241743867660300,2086900,1038732500,1041186200
52,436,241743902179800,2109700,1073252000,1075705700
52,452,241743936385600,2369700,1107457800,1109911500
52,468,241743972599900,2235400,1143672100,1146125800
52,484,241744007238100,2116500,1178310300,1180764000
52,500,241744048283700,2185800,1219355900,1221809600
52,516,241744082482200,2080400,1253554400,1256008100
52,532,241744116451200,2091400,1287523400,1289977100
52,548,241744150665800,2233300,1321738000,1324191700
52,564,241744186005400,2184600,1357077600,1359531300
52,580,241744220017600,2046700,1391089800,1393543500
52,596,241744257805500,2212700,1428877700,1431331400
52,612,241744292523800,2119400,1463596000,1466049700
52,628,241744333595100,2201100,1504667300,1507121000
52,644,241744369253000,2111500,1540325200,1542778900
52,660,241744403202800,2139300,1574275000,1576728700
52,676,241744437003600,2115300,1608075800,1610529500
52,692,241744471253200,2167500,1642325400,1644779100
52,708,241744506115500,2109500,1677187700,1679641400
52,724,241744540027400,2142500,1711099600,1713553300
52,740,241744575176600,2140700,1746248800,1748702500
52,756,241744616018900,2128600,1787091100,1789544800
52,772,241744650289600,2791800,1821361800,1823815500
52,788,241744687579100,2249100,1858651300,1861105000
52,804,241744722227800,2175300,1893300000,1895753700
52,820,241744756537200,2147800,1927609400,1930063100
52,836,241744790782400,2151600,1961854600,1964308300
52,852,241744826036600,2181600,1997108800,1999562500
52,868,241744869363100,2180800,2040435300,2042889000
52,884,241744905353400,2248300,2076425600,2078879300
52,900,241744940166700,2090600,2111238900,2113692600
52,916,241744974772600,2127700,2145844800,2148298500
52,932,241745009260900,2101100,2180333100,2182786800
52,948,241745043344700,2135100,2214416900,2216870600
52,964,241745081286900,2306900,2252359100,2254812800
52,980,241745115966500,9952100,2287038700,2289492400
52,996,241745158314400,2177500,2329386600,2331840300
52,1012,241745192276900,2109400,2363349100,2365802800
52,1028,241745227043200,2145300,2398115400,2400569100
52,1044,241745261946100,2207800,2433018300,2435472000
52,1060,241745297051200,2158300,2468123400,2470577100
52,1076,241745332032000,2169700,2503104200,2505557900
52,1092,241745367251100,2168800,2538323300,2540777000
52,1108,241745406328500,2128500,2577400700,2579854400
52,1124,241745440766100,2151700,2611838300,2614292000
52,1140,241745475687700,2264200,2646759900,2649213600
52,1156,241745511106400,2133900,2682178600,2684632300
52,1172,241745546009400,2365500,2717081600,2719535300
52,1188,241745582511200,2100700,2753583400,2756037100
52,1204,241745617378200,2154500,2788450400,2790904100
52,1220,241745656282200,2197900,2827354400,2829808100
52,1236,241745690843900,2162300,2861916100,2864369800
52,1252,241745725077500,2123900,2896149700,2898603400
52,1268,241745759333400,2153900,2930405600,2932859300
52,1284,241745794463000,2142400,2965535200,2967988900
52,1300,241745829319200,2365000,3000391400,3002845100
52,1316,241745873285300,2763000,3044357500,3046811200
52,1332,241745919419400,3107100,3090491600,3092945300
52,1348,241745971820600,3071700,3142892800,3145346500
52,1364,241746018144100,2816700,3189216300,3191670000
52,1380,241746061098400,3016600,3232170600,3234624300
52,1396,241746108667600,2741100,3279739800,3282193500
52,1412,241746153833000,3026400,3324905200,3327358900
52,1428,241746200166800,2712400,3371239000,3373692700
52,1444,241746249699900,2695900,3420772100,3423225800
52,1460,241746299263300,2924000,3470335500,3472789200
52,1476,241746346868600,2920300,3517940800,3520394500
52,1492,241746393965800,3381700,3565038000,3567491700
52,1508,241746437937200,2638100,3609009400,3611463100
52,1524,241746481988400,2432000,3653060600,3655514300
52,1540,241746526209700,2747800,3697281900,3699735600
52,1556,241746570641300,2739400,3741713500,3744167200
52,1572,241746617289100,3048700,3788361300,3790815000
52,1588,241746666899900,2900500,3837972100,3840425800
52,1604,241746711837200,2801600,3882909400,3885363100
52,1620,241746754412700,2901700,3925484900,3927938600
52,1636,241746799565300,2550200,3970637500,3973091200
52,1652,241746844199100,2678700,4015271300,4017725000
52,1668,241746890004800,2729100,4061077000,4063530700
52,1684,241746934000900,2712200,4105073100,4107526800
52,1700,241746983713600,2835300,4154785800,4157239500
52,1716,241747030934200,2724400,4202006400,4204460100
52,1732,241747075003900,2762500,4246076100,4248529800
52,1748,241747120956500,2784900,4292028700,4294482400
52,1764,241747167212600,2976800,4338284800,4340738500
52,1780,241747214642600,2927900,4385714800,4388168500
52,1796,241747261140200,2927100,4432212400,4434666100
52,1812,241747307057500,2932300,4478129700,4480583400
52,1828,241747356603500,2660500,4527675700,4530129400
52,1844,241747400877500,2919200,4571949700,4574403400
52,1860,241747447055900,2858400,4618128100,4620581800
52,1876,241747491821700,2622200,4662893900,4665347600
52,1892,241747534755000,2686400,4705827200,4708280900
52,1908,241747579453900,2813200,4750526100,4752979800
52,1924,241747625258600,2841500,4796330800,4798784500
52,1940,241747676421400,3081600,4847493600,4849947300
52,1956,241747724624000,3068100,4895696200,4898149900
52,1972,241747770171100,2715800,4941243300,4943697000
52,1988,241747814126100,2994700,4985198300,4987652000
52,2004,241747860815500,2754700,5031887700,5034341400
52,2020,241747906905900,2901700,5077978100,5080431800
52,2036,241747957369000,3379000,5128441200,5130894900
53,5,241742901934300,4208700,73006500,75460200
53,21,241742947814300,2452600,118886500,121340200
53,37,241742985190300,2253400,156262500,158716200
53,53,241743024171600,2401100,195243800,197697500
53,69,241743062398700,2322800,233470900,235924600
53,85,241743100082000,2148200,271154200,273607900
53,101,241743137748700,2424200,308820900,311274600
53,117,241743183671700,2417500,354743900,357197600
53,133,241743219172800,2063600,390245000,392698700
53,149,241743253151900,2070400,424224100,426677800
53,165,241743288534100,2036000,459606300,462060000
53,181,241743323888300,2352400,494960500,497414200
53,197,241743360066400,2272900,531138600,533592300
53,213,241743394990500,2078700,566062700,568516400
53,229,241743431461100,2185300,602533300,604987000
53,245,241743472155400,2039800,643227600,645681300
53,261,241743506621900,2149500,677694100,680147800
53,277,241743542110300,2123100,713182500,715636200
53,293,241743576436600,2317600,747508800,749962500
53,309,241743612214600,2124200,783286800,785740500
53,325,241743647170900,2186000,818243100,820696800
53,341,241743682597300,2397300,853669500,856123200
53,357,241743717793000,3965200,888865200,891318900
53,373,241743761374100,2146400,932446300,934900000
53,389,241743797541800,2216400,968614000,971067700
53,405,241743834099400,2347600,1005171600,1007625300
53,421,241743869880400,2147500,1040952600,1043406300
53,437,241743904404600,2116900,1075476800,1077930500
53,453,241743939134700,2287400,1110206900,1112660600
53,469,241743975146100,2218800,1146218300,1148672000
53,485,241744009585600,2090300,1180657800,1183111500
53,501,241744050614900,2138300,1221687100,1224140800
53,517,241744084704400,2066900,1255776600,1258230300
53,533,241744118823000,2074200,1289895200,1292348900
53,549,241744153174600,2128000,1324246800,1326700500
53,565,241744188456200,2287900,1359528400,1361982100
53,581,241744222314600,2125800,1393386800,1395840500
53,597,241744260280300,2167500,1431352500,1433806200
53,613,241744294965800,2109600,1466038000,1468491700
53,629,241744336150900,2613300,1507223100,1509676800
53,645,241744371658800,2083500,1542731000,1545184700
53,661,241744405626100,2120000,1576698300,1579152000
53,677,241744439375900,2153600,1610448100,1612901800
53,693,241744473737600,2169300,1644809800,1647263500
53,709,241744508603600,2133700,1679675800,1682129500
53,725,241744542836000,2243800,1713908200,1716361900
53,741,241744577902300,9087800,1748974500,1751428200
53,757,241744618722500,2161500,1789794700,1792248400
53,773,241744653756300,2312800,1824828500,1827282200
53,789,241744690392300,2135500,1861464500,1863918200
53,805,241744724954900,2166300,1896027100,1898480800
53,821,241744759221600,2090600,1930293800,1932747500
53,837,241744793491600,2131900,1964563800,1967017500
53,853,241744828661200,2274600,1999733400,2002187100
53,869,241744872070800,2179100,2043143000,2045596700
53,885,241744908037700,2216300,2079109900,2081563600
53,901,241744942691900,2120800,2113764100,2116217800
53,917,241744977251400,2130400,2148323600,2150777300
53,933,241745011779200,2137800,2182851400,2185305100
53,949,241745045968300,2369400,2217040500,2219494200
53,965,241745084056200,2241400,2255128400,2257582100
53,981,241745126441500,2240400,2297513700,2299967400
53,997,241745160922100,2105000,2331994300,2334448000
53,1013,241745194807500,2120000,2365879700,2368333400
53,1029,241745229625700,2294000,2400697900,2403151600
53,1045,241745264635900,2147100,2435708100,2438161800
53,1061,241745299591400,2120500,2470663600,2473117300
53,1077,241745334604400,2156100,2505676600,2508130300
53,1093,241745369867200,2128600,2540939400,2543393100
53,1109,241745408887600,2101000,2579959800,2582413500
53,1125,241745443333000,2160600,2614405200,2616858900
53,1141,241745478304500,2252700,2649376700,2651830400
53,1157,241745513861600,2118000,2684933800,2687387500
53,1173,241745549161000,2273700,2720233200,2722686900
53,1189,241745585268000,2133000,2756340200,2758793900
53,1205,241745620138900,2153400,2791211100,2793664800
53,1221,241745659124600,2107800,2830196800,2832650500
53,1237,241745693642100,2179400,2864714300,2867168000
53,1253,241745727815200,2122200,2898887400,2901341100
53,1269,241745762133100,2140500,2933205300,2935659000
53,1285,241745797176400,2081800,2968248600,2970702300
53,1301,241745832240100,2217300,3003312300,3005766000
53,1317,241745876669700,2883000,3047741900,3050195600
53,1333,241745923265300,3020100,3094337500,3096791200
53,1349,241745975667300,3112600,3146739500,3149193200
53,1365,241746021613100,2719300,3192685300,3195139000
53,1381,241746064830500,3059500,3235902700,3238356400
53,1397,241746111999900,2705100,3283072100,3285525800
53,1413,241746157538900,3008600,3328611100,3331064800
53,1429,241746203610300,2950500,3374682500,3377136200
53,1445,241746253083600,2756000,3424155800,3426609500
53,1461,241746302932100,2936100,3474004300,3476458000
53,1477,241746350525200,2930000,3521597400,3524051100
53,1493,241746398193200,2994400,3569265400,3571719100
53,1509,241746441249000,2623900,3612321200,3614774900
53,1525,241746485684000,2739300,3656756200,3659209900
53,1541,241746529890600,2796200,3700962800,3703416500
53,1557,241746574337400,2727900,3745409600,3747863300
53,1573,241746621399600,3015300,3792471800,3794925500
53,1589,241746670865800,2955600,3841938000,3844391700
53,1605,241746715582300,2786700,3886654500,3889108200
53,1621,241746758327800,2726300,3929400000,3931853700
53,1637,241746803133100,2603900,3974205300,3976659000
53,1653,241746847940200,2996400,4019012400,4021466100
53,1669,241746893754400,2768600,4064826600,4067280300
53,1685,241746937739600,2758100,4108811800,4111265500
53,1701,241746987533900,3353800,4158606100,4161059800
53,1717,241747033923900,2679400,4204996100,4207449800
53,1733,241747078031600,2710500,4249103800,4251557500
53,1749,241747124022100,2985900,4295094300,4297548000
53,1765,241747170486900,2954400,4341559100,4344012800
53,1781,241747217860400,2901300,4388932600,4391386300
53,1797,241747264362900,2939000,4435435100,4437888800
53,1813,241747310270900,2901000,4481343100,4483796800
53,1829,241747359529200,2678900,4530601400,4533055100
53,1845,241747404091300,2964200,4575163500,4577617200
53,1861,241747450196000,2937800,4621268200,4623721900
53,1877,241747494694800,2675300,4665767000,4668220700
53,1893,241747537561000,2794100,4708633200,4711086900
53,1909,241747582474800,2961000,4753547000,4756000700
53,1925,241747628332200,2830200,4799404400,4801858100
53,1941,241747679784300,2998500,4850856500,4853310200
53,1957,241747727924400,2967200,4898996600,4901450300
53,1973,241747773124800,2742900,4944197000,4946650700
53,1989,241747817270200,2861900,4988342400,4990796100
53,2005,241747863733100,2783200,5034805300,5037259000
53,2021,241747909970400,2863200,5081042600,5083496300
53,2037,241747960928800,3667100,5132001000,5134454700
54,6,241742906035200,3733500,77107400,79561100
54,22,241742950025200,2487800,121097400,123551100
54,38,241742987288500,2298900,158360700,160814400
54,54,241743027025100,2383400,198097300,200551000
54,70,241743065122000,2408900,236194200,238647900
54,86,241743102359400,2223300,273431600,275885300
54,102,241743140276100,2430600,311348300,313802000
54,118,241743186181000,2160800,357253200,359706900
54,134,241743221181300,2069300,392253500,394707200
54,150,241743255168400,2073700,426240600,428694300
54,166,241743290542300,2115200,461614500,464068200
54,182,241743326109200,2240500,497181400,499635100
54,198,241743362212800,2209200,533285000,535738700
54,214,241743396954900,2109900,568027100,570480800
54,230,241743433444800,2281700,604517000,606970700
54,246,241743474169700,2062200,645241900,647695600
54,262,241743508742900,2152200,679815100,682268800
54,278,241743544173700,2192000,715245900,717699600
54,294,241743578675100,2242600,749747300,752201000
54,310,241743614180200,2141700,785252400,787706100
54,326,241743649224000,2307800,820296200,822749900
54,342,241743684815000,2364000,855887200,858340900
54,358,241743721568700,2835700,892640900,895094600
54,374,241743763581300,2278300,934653500,937107200
54,390,241743799863000,2273300,970935200,973388900
54,406,241743836583000,2448600,1007655200,1010108900
54,422,241743872277100,2163000,1043349300,1045803000
54,438,241743906759600,2132100,1077831800,1080285500
54,454,241743941512900,2258300,1112585100,1115038800
54,470,241743977489300,2219900,1148561500,1151015200
54,486,241744011820200,2178200,1182892400,1185346100
54,502,241744053043300,2137400,1224115500,1226569200
54,518,241744087062600,2210300,1258134800,1260588500
54,534,241744121010000,2076400,1292082200,1294535900
54,550,241744155335800,2165200,1326408000,1328861700
54,566,241744190808400,2192600,1361880600,1364334300
54,582,241744224611200,2108500,1395683400,1398137100
54,598,241744262637600,2178700,1433709800,1436163500
54,614,241744297253400,2078800,1468325600,1470779300
54,630,241744338934600,2446200,1510006800,1512460500
54,646,241744373891600,2115300,1544963800,1547417500
54,662,241744407895100,2136500,1578967300,1581421000
54,678,241744441625600,2081500,1612697800,1615151500
54,694,241744476040600,2147700,1647112800,1649566500
54,710,241744510533300,2137500,1681605500,1684059200
54,726,241744544715300,2239200,1715787500,1718241200
54,742,241744586611900,2188300,1757684100,1760137800
54,758,241744620517100,2100900,1791589300,1794043000
54,774,241744655679500,2282500,1826751700,1829205400
54,790,241744692178700,2139100,1863250900,1865704600
54,806,241744726764700,2136000,1897836900,1900290600
54,822,241744760970900,2226900,1932043100,1934496800
54,838,241744795311400,2101900,1966383600,1968837300
54,854,241744830719900,2271100,2001792100,2004245800
54,870,241744873987800,2180900,2045060000,2047513700
54,886,241744910464600,2344400,2081536800,2083990500
54,902,241744944993200,2107600,2116065400,2118519100
54,918,241744979655400,2121000,2150727600,2153181300
54,934,241745014147800,2123000,2185220000,2187673700
54,950,241745048487500,2208400,2219559700,2222013400
54,966,241745086331100,2213100,2257403300,2259857000
54,982,241745128749700,2174700,2299821900,2302275600
54,998,241745163089200,2102600,2334161400,2336615100
54,1014,241745196988400,2091000,2368060600,2370514300
54,1030,241745231983000,2225000,2403055200,2405508900
54,1046,241745266817500,2340300,2437889700,2440343400
54,1062,241745301745300,2146900,2472817500,2475271200
54,1078,241745336794300,2162600,2507866500,2510320200
54,1094,241745371969200,2105700,2543041400,2545495100
54,1110,241745410961900,2210700,2582034100,2584487800
54,1126,241745445463900,2119000,2616536100,2618989800
54,1142,241745480526600,2252800,2651598800,2654052500
54,1158,241745515911800,2129400,2686984000,2689437700
54,1174,241745551132100,2336900,2722204300,2724658000
54,1190,241745587128700,2138300,2758200900,2760654600
54,1206,241745622004000,2137500,2793076200,2795529900
54,1222,241745660939500,2136100,2832011700,2834465400
54,1238,241745695528700,2148500,2866600900,2869054600
54,1254,241745729654000,2142200,2900726200,2903179900
54,1270,241745763991100,2110800,2935063300,2937517000
54,1286,241745799049900,2129900,2970122100,2972575800
54,1302,241745834339800,2285600,3005412000,3007865700
54,1318,241745879399200,2791000,3050471400,3052925100
54,1334,241745926088800,2831700,3097161000,3099614700
54,1350,241745978523000,2970100,3149595200,3152048900
54,1366,241746024068200,2663800,3195140400,3197594100
54,1382,241746067675200,3078000,3238747400,3241201100
54,1398,241746114562800,2577100,3285635000,3288088700
54,1414,241746160374200,3017400,3331446400,3333900100
54,1430,241746206471700,2964300,3377543900,3379997600
54,1446,241746255763800,2772500,3426836000,3429289700
54,1462,241746305785700,2942000,3476857900,3479311600
54,1478,241746353374400,2944500,3524446600,3526900300
54,1494,241746401104500,2746300,3572176700,3574630400
54,1510,241746443807600,2598700,3614879800,3617333500
54,1526,241746487868200,2688200,3658940400,3661394100
54,1542,241746532133200,2760400,3703205400,3705659100
54,1558,241746576548500,2842800,3747620700,3750074400
54,1574,241746623835500,2800300,3794907700,3797361400
54,1590,241746673199000,2951300,3844271200,3846724900
54,1606,241746717762200,2680400,3888834400,3891288100
54,1622,241746760492200,2764000,3931564400,3934018100
54,1638,241746805203900,2579700,3976276100,3978729800
54,1654,241746850233700,3041600,4021305900,4023759600
54,1670,241746895915900,2717200,4066988100,4069441800
54,1686,241746939904400,2707800,4110976600,4113430300
54,1702,241746989935600,2861200,4161007800,4163461500
54,1718,241747035842700,2628400,4206914900,4209368600
54,1734,241747079947800,2897900,4251020000,4253473700
54,1750,241747126034800,3076200,4297107000,4299560700
54,1766,241747172521800,3053600,4343594000,4346047700
54,1782,241747219890600,2888800,4390962800,4393416500
54,1798,241747266405600,2932800,4437477800,4439931500
54,1814,241747312282000,2931000,4483354200,4485807900
54,1830,241747361360700,2719200,4532432900,4534886600
54,1846,241747406144700,2971500,4577216900,4579670600
54,1862,241747452217200,2907700,4623289400,4625743100
54,1878,241747496564900,2649000,4667637100,4670090800
54,1894,241747539619800,2747600,4710692000,4713145700
54,1910,241747584576100,2968700,4755648300,4758102000
54,1926,241747630344200,3114200,4801416400,4803870100
54,1942,241747681995800,2725000,4853068000,4855521700
54,1958,241747730019600,3061300,4901091800,4903545500
54,1974,241747775101400,2659500,4946173600,4948627300
54,1990,241747819349400,3370100,4990421600,4992875300
54,2006,241747865750900,2738700,5036823100,5039276800
54,2022,241747912046900,2851600,5083119100,5085572800
54,2038,241747963656400,3383800,5134728600,5137182300
55,7,241742909930100,4409400,81002300,83456000
55,23,241742952691200,2392100,123763400,126217100
55,39,241742989712800,2286600,160785000,163238700
55,55,241743029772200,2208900,200844400,203298100
55,71,241743067819100,2210900,238891300,241345000
55,87,241743105093500,2194600,276165700,278619400
55,103,241743143375700,2388100,314447900,316901600
55,119,241743189129000,2131100,360201200,362654900
55,135,241743223957400,2064000,395029600,397483300
55,151,241743258233500,2039500,429305700,431759400
55,167,241743293693400,2084200,464765600,467219300
55,183,241743329396300,2335600,500468500,502922200
55,199,241743365389300,2170000,536461500,538915200
55,215,241743400009000,2150600,571081200,573534900
55,231,241743436369800,2086300,607442000,609895700
55,247,241743476762900,2063500,647835100,650288800
55,263,241743511456200,2237400,682528400,684982100
55,279,241743546913900,2162800,717986100,720439800
55,295,241743581490800,2201100,752563000,755016700
55,311,241743616961900,2234400,788034100,790487800
55,327,241743652115000,2152100,823187200,825640900
55,343,241743687862200,2260300,858934400,861388100
55,359,241743725024400,2153100,896096600,898550300
55,375,241743766206600,2348800,937278800,939732500
55,391,241743802532400,2259300,973604600,976058300
55,407,241743839426500,2183500,1010498700,1012952400
55,423,241743874878300,2373000,1045950500,1048404200
55,439,241743909378200,2133900,1080450400,1082904100
55,455,241743944225500,2316200,1115297700,1117751400
55,471,241743980160500,2250700,1151232700,1153686400
55,487,241744014439300,2088600,1185511500,1187965200
55,503,241744055640000,2117600,1226712200,1229165900
55,519,241744089663000,2085500,1260735200,1263188900
55,535,241744123488100,2090300,1294560300,1297014000
55,551,241744158007900,2102000,1329080100,1331533800
55,567,241744193623900,2150600,1364696100,1367149800
55,583,241744227208300,2083900,1398280500,1400734200
55,599,241744265521900,2238200,1436594100,1439047800
55,615,241744300057900,2135600,1471130100,1473583800
55,631,241744342181200,2221500,1513253400,1515707100
55,647,241744376751300,2114700,1547823500,1550277200
55,663,241744410781100,2087200,1581853300,1584307000
55,679,241744444460200,2245100,1615532400,1617986100
55,695,241744478917500,2081900,1649989700,1652443400
55,711,241744513583600,2080600,1684655800,1687109500
55,727,241744547927500,2106900,1718999700,1721453400
55,743,241744589946700,2045600,1761018900,1763472600
55,759,241744623757200,2094800,1794829400,1797283100
55,775,241744659306300,2129600,1830378500,1832832200
55,791,241744695529100,2144800,1866601300,1869055000
55,807,241744730081900,2172300,1901154100,1903607800
55,823,241744764377200,2137100,1935449400,1937903100
55,839,241744798611700,2132100,1969683900,1972137600
55,855,241744834239900,2196100,2005312100,2007765800
55,871,241744877311600,2206300,2048383800,2050837500
55,887,241744913589400,2179900,2084661600,2087115300
55,903,241744947909400,2116900,2118981600,2121435300
55,919,241744982395200,2363000,2153467400,2155921100
55,935,241745016902800,2128200,2187975000,2190428700
55,951,241745051337700,2139700,2222409900,2224863600
55,967,241745089558300,2207800,2260630500,2263084200
55,983,241745131869800,2171000,2302942000,2305395700
55,999,241745166135300,2128200,2337207500,2339661200
55,1015,241745200010600,2050200,2371082800,2373536500
55,1031,241745235452100,2210800,2406524300,2408978000
55,1047,241745270419300,2177000,2441491500,2443945200
55,1063,241745305098300,2150800,2476170500,2478624200
55,1079,241745340193100,2158000,2511265300,2513719000
55,1095,241745375307000,2119900,2546379200,2548832900
55,1111,241745414397800,2126600,2585470000,2587923700
55,1127,241745448649000,2126800,2619721200,2622174900
55,1143,241745483849600,2230900,2654921800,2657375500
55,1159,241745519255700,2191600,2690327900,2692781600
55,1175,241745554975400,2549200,2726047600,2728501300
55,1191,241745590723300,2111600,2761795500,2764249200
55,1207,241745625649400,2122700,2796721600,2799175300
55,1223,241745664579200,2100000,2835651400,2838105100
55,1239,241745699216800,2095300,2870289000,2872742700
55,1255,241745733292900,2117500,2904365100,2906818800
55,1271,241745767645500,2121700,2938717700,2941171400
55,1287,241745802563000,2126800,2973635200,2976088900
55,1303,241745838429500,2948700,3009501700,3011955400
55,1319,241745884043000,3019500,3055115200,3057568900
55,1335,241745930685500,2886800,3101757700,3104211400
55,1351,241745983292300,2862300,3154364500,3156818200
55,1367,241746028378600,2610900,3199450800,3201904500
55,1383,241746072658800,3036600,3243731000,3246184700
55,1399,241746118752200,2626700,3289824400,3292278100
55,1415,241746165276000,3062100,3336348200,3338801900
55,1431,241746211140100,2915900,3382212300,3384666000
55,1447,241746260140300,2769400,3431212500,3433666200
55,1463,241746310609300,3053200,3481681500,3484135200
55,1479,241746358011300,2960000,3529083500,3531537200
55,1495,241746405583100,2899400,3576655300,3579109000
55,1511,241746447993900,2623500,3619066100,3621519800
55,1527,241746492493300,2737500,3663565500,3666019200
55,1543,241746536869500,2740700,3707941700,3710395400
55,1559,241746581520100,2955900,3752592300,3755046000
55,1575,241746628507700,2607200,3799579900,3802033600
55,1591,241746678211200,2782000,3849283400,3851737100
55,1607,241746722286300,2622600,3893358500,3895812200
55,1623,241746765316100,2787500,3936388300,3938842000
55,1639,241746809703000,2594100,3980775200,3983228900
55,1655,241746855282100,2949300,4026354300,4028808000
55,1671,241746900520200,2748700,4071592400,4074046100
55,1687,241746944453700,2748700,4115525900,4117979600
55,1703,241746994801300,2762500,4165873500,4168327200
55,1719,241747041994200,2721100,4213066400,4215520100
55,1735,241747086844600,3016900,4257916800,4260370500
55,1751,241747132896200,2860600,4303968400,4306422100
55,1767,241747179572700,2903900,4350644900,4353098600
55,1783,241747227136100,2946200,4398208300,4400662000
55,1799,241747273353600,2931500,4444425800,4446879500
55,1815,241747319344700,2823500,4490416900,4492870600
55,1831,241747367846000,2655200,4538918200,4541371900
55,1847,241747412935700,2776700,4584007900,4586461600
55,1863,241747459202500,2966200,4630274700,4632728400
55,1879,241747502783800,2615800,4673856000,4676309700
55,1895,241747546150800,2915500,4717223000,4719676700
55,1911,241747591397500,2933600,4762469700,4764923400
55,1927,241747637247400,2891000,4808319600,4810773300
55,1943,241747688452000,3048200,4859524200,4861977900
55,1959,241747736850500,2741300,4907922700,4910376400
55,1975,241747781410600,2697300,4952482800,4954936500
55,1991,241747826692800,2931800,4997765000,5000218700
55,2007,241747872200600,3069900,5043272800,5045726500
55,2023,241747918674300,2855700,5089746500,5092200200
55,2039,241747971413500,3300200,5142485700,5144939400
56,8,241742914467300,2958600,85539500,87993200
56,24,241742955178000,2338800,126250200,128703900
56,40,241742992209700,2821400,163281900,165735600
56,56,241743031797900,2313400,202870100,205323800
56,72,241743069838700,2346200,240910900,243364600
56,88,241743106802300,2225000,277874500,280328200
56,104,241743145269800,10447300,316342000,318795700
56,120,241743190800500,2254700,361872700,364326400
56,136,241743225560800,2108200,396633000,399086700
56,152,241743259466600,2226500,430538800,432992500
56,168,241743294912600,2148700,465984800,468438500
56,184,241743330841800,2304700,501914000,504367700
56,200,241743366631600,2206300,537703800,540157500
56,216,241743401206900,2336000,572279100,574732800
56,232,241743437751100,2094200,608823300,611277000
56,248,241743478242800,2215900,649315000,651768700
56,264,241743513133500,2217000,684205700,686659400
56,280,241743548494000,2149300,719566200,722019900
56,296,241743583137800,2207200,754210000,756663700
56,312,241743618565000,2217800,789637200,792090900
56,328,241743653666600,2213100,824738800,827192500
56,344,241743689515200,2245400,860587400,863041100
56,360,241743726514000,2169200,897586200,900039900
56,376,241743767936100,2194400,939008300,941462000
56,392,241743804125200,2362200,975197400,977651100
56,408,241743840965400,2228800,1012037600,1014491300
56,424,241743876277500,2305900,1047349700,1049803400
56,440,241743910702400,2123200,1081774600,1084228300
56,456,241743945677200,2245300,1116749400,1119203100
56,472,241743981507000,2220000,1152579200,1155032900
56,488,241744015683100,2162900,1186755300,1189209000
56,504,241744056992500,2065400,1228064700,1230518400
56,520,241744091012300,2052200,1262084500,1264538200
56,536,241744124855500,2095400,1295927700,1298381400
56,552,241744159289800,2119300,1330362000,1332815700
56,568,241744194821100,2127100,1365893300,1368347000
56,584,241744228280700,2103300,1399352900,1401806600
56,600,241744266528400,2287600,1437600600,1440054300
56,616,241744300973600,2128900,1472045800,1474499500
56,632,241744343085400,2202000,1514157600,1516611300
56,648,241744377593200,2157800,1548665400,1551119100
56,664,241744411612800,2103800,1582685000,1585138700
56,680,241744445457200,2193200,1616529400,1618983100
56,696,241744479824100,2159000,1650896300,1653350000
56,712,241744514543300,2102000,1685615500,1688069200
56,728,241744548904000,2130000,1719976200,1722429900
56,744,241744590791100,2072700,1761863300,1764317000
56,760,241744624628000,2102200,1795700200,1798153900
56,776,241744660058800,2155000,1831131000,1833584700
56,792,241744696329900,2160900,1867402100,1869855800
56,808,241744730891200,2182000,1901963400,1904417100
56,824,241744765192100,2108000,1936264300,1938718000
56,840,241744799419300,2124200,1970491500,1972945200
56,856,241744835115000,2144200,2006187200,2008640900
56,872,241744878246200,2293300,2049318400,2051772100
56,888,241744914550900,2189400,2085623100,2088076800
56,904,241744948801900,2128800,2119874100,2122327800
56,920,241744983442700,2508900,2154514900,2156968600
56,936,241745017933700,2127200,2189005900,2191459600
56,952,241745052398500,2138700,2223470700,2225924400
56,968,241745091025000,2198400,2262097200,2264550900
56,984,241745133313200,2142100,2304385400,2306839100
56,1000,241745167534800,2114000,2338607000,2341060700
56,1016,241745201366600,2059300,2372438800,2374892500
56,1032,241745236670900,2170300,2407743100,2410196800
56,1048,241745271630800,2194800,2442703000,2445156700
56,1064,241745306225000,2124700,2477297200,2479750900
56,1080,241745341322900,2135900,2512395100,2514848800
56,1096,241745376371300,2100300,2547443500,2549897200
56,1112,241745415460700,2111800,2586532900,2588986600
56,1128,241745449879800,2129600,2620952000,2623405700
56,1144,241745485200600,2199700,2656272800,2658726500
56,1160,241745520840300,2159300,2691912500,2694366200
56,1176,241745556647600,2276200,2727719800,2730173500
56,1192,241745592045700,2102100,2763117900,2765571600
56,1208,241745627050800,2133600,2798123000,2800576700
56,1224,241745665970300,2103300,2837042500,2839496200
56,1240,241745700581400,2106300,2871653600,2874107300
56,1256,241745734663500,2128800,2905735700,2908189400
56,1272,241745769018100,2138400,2940090300,2942544000
56,1288,241745804014800,2144900,2975087000,2977540700
56,1304,241745840516900,3019100,3011589100,3014042800
56,1320,241745886192900,2995300,3057265100,3059718800
56,1336,241745933067700,2838700,3104139900,3106593600
56,1352,241745985686100,2833700,3156758300,3159212000
56,1368,241746030586500,2574000,3201658700,3204112400
56,1384,241746075184900,3064800,3246257100,3248710800
56,1400,241746120950400,2627200,3292022600,3294476300
56,1416,241746167813000,2877000,3338885200,3341338900
56,1432,241746213561000,2971200,3384633200,3387086900
56,1448,241746262431200,2783200,3433503400,3435957100
56,1464,241746313147000,3081000,3484219200,3486672900
56,1480,241746360461600,2936100,3531533800,3533987500
56,1496,241746407952000,2680700,3579024200,3581477900
56,1512,241746450075800,2895000,3621148000,3623601700
56,1528,241746494670200,2752700,3665742400,3668196100
56,1544,241746539043000,2774900,3710115200,3712568900
56,1560,241746583885200,2910900,3754957400,3757411100
56,1576,241746630618800,2604100,3801691000,3804144700
56,1592,241746680438900,2786300,3851511100,3853964800
56,1608,241746724376400,2606700,3895448600,3897902300
56,1624,241746767478000,2833200,3938550200,3941003900
56,1640,241746811559700,2640700,3982631900,3985085600
56,1656,241746857473300,2985000,4028545500,4030999200
56,1672,241746902500400,2813900,4073572600,4076026300
56,1688,241746946445100,2738400,4117517300,4119971000
56,1704,241746996877100,2838300,4167949300,4170403000
56,1720,241747045163600,2704600,4216235800,4218689500
56,1736,241747090378500,3048400,4261450700,4263904400
56,1752,241747136143900,2770300,4307216100,4309669800
56,1768,241747182901500,2947100,4353973700,4356427400
56,1784,241747230484800,2942700,4401557000,4404010700
56,1800,241747276699300,2966800,4447771500,4450225200
56,1816,241747322499700,7477100,4493571900,4496025600
56,1832,241747370816100,2693200,4541888300,4544342000
56,1848,241747416085100,2918700,4587157300,4589611000
56,1864,241747462528600,2947800,4633600800,4636054500
56,1880,241747505732500,2623700,4676804700,4679258400
56,1896,241747549434100,2835200,4720506300,4722960000
56,1912,241747594749600,2909600,4765821800,4768275500
56,1928,241747640560400,2845600,4811632600,4814086300
56,1944,241747691928500,3041500,4863000700,4865454400
56,1960,241747739901300,2828300,4910973500,4913427200
56,1976,241747784436800,2747400,4955509000,4957962700
56,1992,241747829997000,2842400,5001069200,5003522900
56,2008,241747875662700,2914500,5046734900,5049188600
56,2024,241747921932400,2828900,5093004600,5095458300
56,2040,241747975151000,3258000,5146223200,5148676900
57,9,241742917374800,2782500,88447000,90900700
57,25,241742957398600,2289500,128470800,130924500
57,41,241742994924400,2550900,165996600,168450300
57,57,241743033751200,2326500,204823400,207277100
57,73,241743071732300,2361800,242804500,245258200
57,89,241743108725900,2219500,279798100,282251800
57,105,241743155153000,2515700,326225200,328678900
57,121,241743192566100,2187500,363638300,366092000
57,137,241743227244100,2071900,398316300,400770000
57,153,241743261350500,2098400,432422700,434876400
57,169,241743296667200,2139100,467739400,470193100
57,185,241743332711600,2253700,503783800,506237500
57,201,241743368716600,2234200,539788800,542242500
57,217,241743403675400,2258000,574747600,577201300
57,233,241743440030400,2185000,611102600,613556300
57,249,241743480560300,2330500,651632500,654086200
57,265,241743515440800,2205400,686513000,688966700
57,281,241743550763900,2223000,721836100,724289800
57,297,241743585526700,2145400,756598900,759052600
57,313,241743621001900,2240200,792074100,794527800
57,329,241743656097800,2189700,827170000,829623700
57,345,241743691854900,2207800,862927100,865380800
57,361,241743728877200,2341500,899949400,902403100
57,377,241743770294000,2158000,941366200,943819900
57,393,241743806645200,2316000,977717400,980171100
57,409,241743843227500,2243500,1014299700,1016753400
57,425,241743878706200,2162800,1049778400,1052232100
57,441,241743912942400,2115800,1084014600,1086468300
57,457,241743947998100,2269500,1119070300,1121524000
57,473,241743983817700,2153800,1154889900,1157343600
57,489,241744017876000,2238700,1188948200,1191401900
57,505,241744059032100,2084700,1230104300,1232558000
57,521,241744093095500,2109800,1264167700,1266621400
57,537,241744126983400,2082000,1298055600,1300509300
57,553,241744161493700,2252500,1332565900,1335019600
57,569,241744197008300,2072000,1368080500,1370534200
57,585,241744230483600,2091900,1401555800,1404009500
57,601,241744268789600,2127600,1439861800,1442315500
57,617,241744303075300,2151600,1474147500,1476601200
57,633,241744345260900,2228300,1516333100,1518786800
57,649,241744379659600,2134600,1550731800,1553185500
57,665,241744413632700,2168900,1584704900,1587158600
57,681,241744447416200,2100300,1618488400,1620942100
57,697,241744481763400,2143000,1652835600,1655289300
57,713,241744516410000,2132300,1687482200,1689935900
57,729,241744550784200,2163800,1721856400,1724310100
57,745,241744592583300,2076600,1763655500,1766109200
57,761,241744626467200,2120600,1797539400,1799993100
57,777,241744661981300,2288400,1833053500,1835507200
57,793,241744698202200,2257900,1869274400,1871728100
57,809,241744732774400,2118100,1903846600,1906300300
57,825,241744767012400,2185200,1938084600,1940538300
57,841,241744801256900,2143500,1972329100,1974782800
57,857,241744837092000,2155000,2008164200,2010617900
57,873,241744880219000,2194300,2051291200,2053744900
57,889,241744916358600,2138900,2087430800,2089884500
57,905,241744950534700,2215900,2121606900,2124060600
57,921,241744985427800,2246400,2156500000,2158953700
57,937,241745019593300,2139200,2190665500,2193119200
57,953,241745054125000,2148300,2225197200,2227650900
57,969,241745092492200,2180200,2263564400,2266018100
57,985,241745134728300,2159000,2305800500,2308254200
57,1001,241745168956500,2077600,2340028700,2342482400
57,1017,241745202720500,2119100,2373792700,2376246400
57,1033,241745238074600,2143500,2409146800,2411600500
57,1049,241745273010500,2196100,2444082700,2446536400
57,1065,241745307619600,2170600,2478691800,2481145500
57,1081,241745342693700,2222300,2513765900,2516219600
57,1097,241745377813400,2196000,2548885600,2551339300
57,1113,241745416930800,2119100,2588003000,2590456700
57,1129,241745451345200,2169500,2622417400,2624871100
57,1145,241745486681000,2151000,2657753200,2660206900
57,1161,241745521955300,2133100,2693027500,2695481200
57,1177,241745557916500,2244300,2728988700,2731442400
57,1193,241745593306700,2074500,2764378900,2766832600
57,1209,241745628261900,2109300,2799334100,2801787800
57,1225,241745667160500,2162100,2838232700,2840686400
57,1241,241745701798600,2139400,2872870800,2875324500
57,1257,241745735932500,2080900,2907004700,2909458400
57,1273,241745770279300,2095200,2941351500,2943805200
57,1289,241745805305600,2141300,2976377800,2978831500
57,1305,241745842231900,3119000,3013304100,3015757800
57,1321,241745888073100,2920700,3059145300,3061599000
57,1337,241745934676100,2831100,3105748300,3108202000
57,1353,241745987299300,3005600,3158371500,3160825200
57,1369,241746032004400,2580500,3203076600,3205530300
57,1385,241746076835800,3055400,3247908000,3250361700
57,1401,241746122359300,2713700,3293431500,3295885200
57,1417,241746169377000,2773300,3340449200,3342902900
57,1433,241746215091600,2950700,3386163800,3388617500
57,1449,241746263899000,2746700,3434971200,3437424900
57,1465,241746314754700,2981200,3485826900,3488280600
57,1481,241746361995700,2932500,3533067900,3535521600
57,1497,241746409346200,2631500,3580418400,3582872100
57,1513,241746451644000,3035100,3622716200,3625169900
57,1529,241746496183300,2698500,3667255500,3669709200
57,1545,241746540569000,2717600,3711641200,3714094900
57,1561,241746585478600,2770800,3756550800,3759004500
57,1577,241746631958800,2624000,3803031000,3805484700
57,1593,241746681901400,2722800,3852973600,3855427300
57,1609,241746725753600,2588200,3896825800,3899279500
57,1625,241746768968400,2782200,3940040600,3942494300
57,1641,241746813107500,2705300,3984179700,3986633400
57,1657,241746859272200,2892200,4030344400,4032798100
57,1673,241746904206100,2744000,4075278300,4077732000
57,1689,241746948097600,2716400,4119169800,4121623500
57,1705,241746998397000,2764900,4169469200,4171922900
57,1721,241747044295900,2718400,4215368100,4217821800
57,1737,241747089422700,3012700,4260494900,4262948600
57,1753,241747135249200,2779000,4306321400,4308775100
57,1769,241747181939200,2948900,4353011400,4355465100
57,1785,241747229548000,2945300,4400620200,4403073900
57,1801,241747275726800,2972600,4446799000,4449252700
57,1817,241747321452400,7492300,4492524600,4494978300
57,1833,241747369860500,2622200,4540932700,4543386400
57,1849,241747414962300,2934900,4586034500,4588488200
57,1865,241747461422900,2938900,4632495100,4634948800
57,1881,241747504763100,2628700,4675835300,4678289000
57,1897,241747548003400,2944400,4719075600,4721529300
57,1913,241747593328800,2906100,4764401000,4766854700
57,1929,241747639111900,2886800,4810184100,4812637800
57,1945,241747690421200,3055400,4861493400,4863947100
57,1961,241747738500700,2717900,4909572900,4912026600
57,1977,241747783052400,2768300,4954124600,4956578300
57,1993,241747828492400,2918900,4999564600,5002018300
57,2009,241747874037800,3031900,5045110000,5047563700
57,2025,241747920469900,2860000,5091542100,5093995800
57,2041,241747973531900,3267500,5144604100,5147057800
58,10,241742920119700,2646500,91191900,93645600
58,26,241742959654900,2375700,130727100,133180800
58,42,241742996779100,2505900,167851300,170305000
58,58,241743035869800,2458000,206942000,209395700
58,74,241743073967700,2227000,245039900,247493600
58,90,241743110741700,2175000,281813900,284267600
58,106,241743157441700,2243700,328513900,330967600
58,122,241743194517200,2174000,365589400,368043100
58,138,241743229092500,2093500,400164700,402618400
58,154,241743263222500,2138000,434294700,436748400
58,170,241743298608300,2294400,469680500,472134200
58,186,241743334767600,2308900,505839800,508293500
58,202,241743370580600,2140100,541652800,544106500
58,218,241743405296000,2305500,576368200,578821900
58,234,241743441324300,2188400,612396500,614850200
58,250,241743481892100,2412000,652964300,655418000
58,266,241743516811900,2191900,687884100,690337800
58,282,241743552125500,2266400,723197700,725651400
58,298,241743586849300,2237200,757921500,760375200
58,314,241743622357900,2245600,793430100,795883800
58,330,241743657456600,2166000,828528800,830982500
58,346,241743693297400,2155600,864369600,866823300
58,362,241743730331700,2207900,901403900,903857600
58,378,241743771681700,2141600,942753900,945207600
58,394,241743808195600,2304000,979267800,981721500
58,410,241743844878300,2295900,1015950500,1018404200
58,426,241743880295400,2176700,1051367600,1053821300
58,442,241743914553000,2093300,1085625200,1088078900
58,458,241743949753900,2227700,1120826100,1123279800
58,474,241743985484500,2172600,1156556700,1159010400
58,490,241744019546000,2259500,1190618200,1193071900
58,506,241744060637800,2102700,1231710000,1234163700
58,522,241744094728800,2113000,1265801000,1268254700
58,538,241744128591100,2097600,1299663300,1302117000
58,554,241744163242800,2257800,1334315000,1336768700
58,570,241744198611200,2123800,1369683400,1372137100
58,586,241744232123200,2108700,1403195400,1405649100
58,602,241744270592700,2203900,1441664900,1444118600
58,618,241744304905000,2122000,1475977200,1478430900
58,634,241744347217600,2207500,1518289800,1520743500
58,650,241744381533700,2113600,1552605900,1555059600
58,666,241744415547000,2095700,1586619200,1589072900
58,682,241744449278900,2112300,1620351100,1622804800
58,698,241744483663600,2316300,1654735800,1657189500
58,714,241744518302200,2129900,1689374400,1691828100
58,730,241744552726400,2277800,1723798600,1726252300
58,746,241744594349700,2089700,1765421900,1767875600
58,762,241744628280100,2125200,1799352300,1801806000
58,778,241744663912600,2362500,1834984800,1837438500
58,794,241744700216300,2128500,1871288500,1873742200
58,810,241744734639800,2110500,1905712000,1908165700
58,826,241744768931000,2156400,1940003200,1942456900
58,842,241744803128900,2130600,1974201100,1976654800
58,858,241744838861800,2153100,2009934000,2012387700
58,874,241744882006800,2371300,2053079000,2055532700
58,890,241744918190800,2242100,2089263000,2091716700
58,906,241744952462500,2126000,2123534700,2125988400
58,922,241744987466200,2177400,2158538400,2160992100
58,938,241745021524800,2136700,2192597000,2195050700
58,954,241745056066100,2157600,2227138300,2229592000
58,970,241745094560200,2129300,2265632400,2268086100
58,986,241745136770900,2159200,2307843100,2310296800
58,1002,241745170918900,2117000,2341991100,2344444800
58,1018,241745204722900,2285200,2375795100,2378248800
58,1034,241745240041600,2170700,2411113800,2413567500
58,1050,241745275051800,2169700,2446124000,2448577700
58,1066,241745309590000,2119700,2480662200,2483115900
58,1082,241745344710900,2098500,2515783100,2518236800
58,1098,241745379811600,2100400,2550883800,2553337500
58,1114,241745418869800,2130100,2589942000,2592395700
58,1130,241745453391600,2155500,2624463800,2626917500
58,1146,241745488775300,2181900,2659847500,2662301200
58,1162,241745524036100,2168900,2695108300,2697562000
58,1178,241745559987500,2238800,2731059700,2733513400
58,1194,241745595127800,2139600,2766200000,2768653700
58,1210,241745630121300,2110200,2801193500,2803647200
58,1226,241745669041000,2153400,2840113200,2842566900
58,1242,241745703676700,2161800,2874748900,2877202600
58,1258,241745737764600,2142400,2908836800,2911290500
58,1274,241745772236400,2334700,2943308600,2945762300
58,1290,241745807248400,2119700,2978320600,2980774300
58,1306,241745845044200,2867200,3016116400,3018570100
58,1322,241745890610500,2857200,3061682700,3064136400
58,1338,241745937117200,2874500,3108189400,3110643100
58,1354,241745989911900,2920900,3160984100,3163437800
58,1370,241746034272800,2582200,3205345000,3207798700
58,1386,241746079553100,3052900,3250625300,3253079000
58,1402,241746124767000,2743400,3295839200,3298292900
58,1418,241746171846100,2777400,3342918300,3345372000
58,1434,241746217795200,3014700,3388867400,3391321100
58,1450,241746266430300,2759000,3437502500,3439956200
58,1466,241746317489000,2982700,3488561200,3491014900
58,1482,241746364675500,2931000,3535747700,3538201400
58,1498,241746411766800,2588000,3582839000,3585292700
58,1514,241746454298600,3039800,3625370800,3627824500
58,1530,241746499041800,2722000,3670114000,3672567700
58,1546,241746543457200,2759700,3714529400,3716983100
58,1562,241746588394900,2740600,3759467100,3761920800
58,1578,241746634724300,7471900,3805796500,3808250200
58,1594,241746684783100,2821200,3855855300,3858309000
58,1610,241746728481300,2576700,3899553500,3902007200
58,1626,241746771916800,2787000,3942989000,3945442700
58,1642,241746816015500,2977200,3987087700,3989541400
58,1658,241746862436700,2685800,4033508900,4035962600
58,1674,241746907192700,2760800,4078264900,4080718600
58,1690,241746951043000,2704100,4122115200,4124568900
58,1706,241747001619900,2678100,4172692100,4175145800
58,1722,241747045567100,2740600,4216639300,4219093000
58,1738,241747090850800,3045900,4261923000,4264376700
58,1754,241747136574700,2782400,4307646900,4310100600
58,1770,241747183360200,2946900,4354432400,4356886100
58,1786,241747230921600,2945600,4401993800,4404447500
58,1802,241747277156900,2965800,4448229100,4450682800
58,1818,241747327675100,2760800,4498747300,4501201000
58,1834,241747371245900,2729000,4542318100,4544771800
58,1850,241747416579200,2929700,4587651400,4590105100
58,1866,241747463030300,2952300,4634102500,4636556200
58,1882,241747506171200,2620800,4677243400,4679697100
58,1898,241747549932500,2801500,4721004700,4723458400
58,1914,241747595251100,2916100,4766323300,4768777000
58,1930,241747641032800,2858500,4812105000,4814558700
58,1946,241747692454600,3119100,4863526800,4865980500
58,1962,241747740360000,2858700,4911432200,4913885900
58,1978,241747784897500,2729400,4955969700,4958423400
58,1994,241747830474700,2871500,5001546900,5004000600
58,2010,241747876094600,2926000,5047166800,5049620500
58,2026,241747922369200,2846200,5093441400,5095895100
58,2042,241747975623700,3285200,5146695900,5149149600
59,11,241742922994500,2449100,94066700,96520400
59,27,241742962221600,2328100,133293800,135747500
59,43,241742999911700,2384700,170983900,173437600
59,59,241743038932200,2382400,210004400,212458100
59,75,241743076835900,2571900,247908100,250361800
59,91,241743113553600,2463700,284625800,287079500
59,107,241743160283200,2211000,331355400,333809100
59,123,241743197222600,2249300,368294800,370748500
59,139,241743231697300,2079600,402769500,405223200
59,155,241743265882900,2565200,436955100,439408800
59,171,241743301427900,2231600,472500100,474953800
59,187,241743337630200,2365800,508702400,511156100
59,203,241743373365800,2067800,544438000,546891700
59,219,241743408247800,2277900,579320000,581773700
59,235,241743450794000,2445300,621866200,624319900
59,251,241743485305300,2128700,656377500,658831200
59,267,241743519925400,2254200,690997600,693451300
59,283,241743555248100,2228900,726320300,728774000
59,299,241743589944500,2288200,761016700,763470400
59,315,241743625524900,2213200,796597100,799050800
59,331,241743660494400,2142600,831566600,834020300
59,347,241743696282800,2153000,867355000,869808700
59,363,241743733353500,2128200,904425700,906879400
59,379,241743774689900,2114200,945762100,948215800
59,395,241743811429100,2364200,982501300,984955000
59,411,241743847969100,2295600,1019041300,1021495000
59,427,241743883193800,2191200,1054266000,1056719700
59,443,241743917331000,2118500,1088403200,1090856900
59,459,241743952736200,2198800,1123808400,1126262100
59,475,241743988428400,2107200,1159500600,1161954300
59,491,241744022595400,2087800,1193667600,1196121300
59,507,241744063557300,2112300,1234629500,1237083200
59,523,241744097430900,2076700,1268503100,1270956800
59,539,241744131309300,2043900,1302381500,1304835200
59,555,241744166116400,2207800,1337188600,1339642300
59,571,241744201366300,2088100,1372438500,1374892200
59,587,241744234862800,2107600,1405935000,1408388700
59,603,241744273384700,2178900,1444456900,1446910600
59,619,241744314193500,2236200,1485265700,1487719400
59,635,241744350118700,2123800,1521190900,1523644600
59,651,241744384294800,2105900,1555367000,1557820700
59,667,241744418272200,2129800,1589344400,1591798100
59,683,241744452238800,2123600,1623311000,1625764700
59,699,241744486857500,2198000,1657929700,1660383400
59,715,241744521272000,2090600,1692344200,1694797900
59,731,241744555847300,2296400,1726919500,1729373200
59,747,241744597302500,2110200,1768374700,1770828400
59,763,241744631248600,2118700,1802320800,1804774500
59,779,241744667528000,2335800,1838600200,1841053900
59,795,241744703370700,2189300,1874442900,1876896600
59,811,241744737748200,2156100,1908820400,1911274100
59,827,241744772092200,2126000,1943164400,1945618100
59,843,241744806317900,2134900,1977390100,1979843800
59,859,241744842141600,2441000,2013213800,2015667500
59,875,241744885551000,2243700,2056623200,2059076900
59,891,241744921404700,2116200,2092476900,2094930600
59,907,241744955530700,2110500,2126602900,2129056600
59,923,241744990605100,2196400,2161677300,2164131000
59,939,241745024584500,2131300,2195656700,2198110400
59,955,241745059132700,2206100,2230204900,2232658600
59,971,241745097452300,2132100,2268524500,2270978200
59,987,241745139728500,2147700,2310800700,2313254400
59,1003,241745173816500,2132000,2344888700,2347342400
59,1019,241745207856100,2457600,2378928300,2381382000
59,1035,241745243124700,2151400,2414196900,2416650600
59,1051,241745278128400,2221500,2449200600,2451654300
59,1067,241745312705800,2132700,2483778000,2486231700
59,1083,241745347903600,2435500,2518975800,2521429500
59,1099,241745382912100,7055800,2553984300,2556438000
59,1115,241745422029600,2117200,2593101800,2595555500
59,1131,241745456506800,2176600,2627579000,2630032700
59,1147,241745492067300,2393900,2663139500,2665593200
59,1163,241745527159500,2153000,2698231700,2700685400
59,1179,241745563292200,2316900,2734364400,2736818100
59,1195,241745598272500,2197500,2769344700,2771798400
59,1211,241745633253100,2129000,2804325300,2806779000
59,1227,241745672219400,2163400,2843291600,2845745300
59,1243,241745706907200,2130400,2877979400,2880433100
59,1259,241745740954500,2119300,2912026700,2914480400
59,1275,241745775672700,2308800,2946744900,2949198600
59,1291,241745810253600,2184700,2981325800,2983779500
59,1307,241745848855500,2886700,3019927700,3022381400
59,1323,241745894436900,2918300,3065509100,3067962800
59,1339,241745940996000,7897800,3112068200,3114521900
59,1355,241745993978800,2894500,3165051000,3167504700
59,1371,241746037717500,2651500,3208789700,3211243400
59,1387,241746083670900,3042800,3254743100,3257196800
59,1403,241746128455800,2777400,3299528000,3301981700
59,1419,241746175603900,2766900,3346676100,3349129800
59,1435,241746221802700,2983500,3392874900,3395328600
59,1451,241746270149600,2768500,3441221800,3443675500
59,1467,241746321467700,2952200,3492539900,3494993600
59,1483,241746368600200,2937300,3539672400,3542126100
59,1499,241746415203500,2654600,3586275700,3588729400
59,1515,241746458347000,3001100,3629419200,3631872900
59,1531,241746502226900,2764900,3673299100,3675752800
59,1547,241746546684200,2758500,3717756400,3720210100
59,1563,241746591628800,2717100,3762701000,3765154700
59,1579,241746642668100,2621100,3813740300,3816194000
59,1595,241746688118000,2798100,3859190200,3861643900
59,1611,241746731529100,2636400,3902601300,3905055000
59,1627,241746775236200,2869200,3946308400,3948762100
59,1643,241746819753600,2780000,3990825800,3993279500
59,1659,241746865627800,2665900,4036700000,4039153700
59,1675,241746910517200,2727500,4081589400,4084043100
59,1691,241746954361400,2716000,4125433600,4127887300
59,1707,241747004098100,3705300,4175170300,4177624000
59,1723,241747048968900,2811200,4220041100,4222494800
59,1739,241747094599800,3047800,4265672000,4268125700
59,1755,241747140051500,2964300,4311123700,4313577400
59,1771,241747186991900,2892000,4358064100,4360517800
59,1787,241747234712200,2857700,4405784400,4408238100
59,1803,241747280959400,2922800,4452031600,4454485300
59,1819,241747331259000,2852400,4502331200,4504784900
59,1835,241747374753600,2664300,4545825800,4548279500
59,1851,241747420358700,2918800,4591430900,4593884600
59,1867,241747466834400,2990100,4637906600,4640360300
59,1883,241747509587300,2635000,4680659500,4683113200
59,1899,241747553866500,3018600,4724938700,4727392400
59,1915,241747599251000,2975100,4770323200,4772776900
59,1931,241747644952800,2812500,4816025000,4818478700
59,1947,241747696705700,3051000,4867777900,4870231600
59,1963,241747744464200,2800000,4915536400,4917990100
59,1979,241747788761200,2700300,4959833400,4962287100
59,1995,241747834524900,2899500,5005597100,5008050800
59,2011,241747880252400,2967900,5051324600,5053778300
59,2027,241747926399200,2895100,5097471400,5099925100
59,2043,241747980449700,3378900,5151521900,5153975600
60,12,241742925490500,2485800,96562700,99016400
60,28,241742964588100,2340700,135660300,138114000
60,44,241743001819800,2386700,172892000,175345700
60,60,241743040658200,2424300,211730400,214184100
60,76,241743078940500,2648000,250012700,252466400
60,92,241743115361800,2212700,286434000,288887700
60,108,241743161860200,2330700,332932400,335386100
60,124,241743198756500,2191900,369828700,372282400
60,140,241743233060000,2123900,404132200,406585900
60,156,241743267741100,2445600,438813300,441267000
60,172,241743303004000,2113900,474076200,476529900
60,188,241743339037300,2298400,510109500,512563200
60,204,241743374429800,2118900,545502000,547955700
60,220,241743409432500,2307500,580504700,582958400
60,236,241743451776900,2271800,622849100,625302800
60,252,241743486170700,2166100,657242900,659696600
60,268,241743520829500,2265700,691901700,694355400
60,284,241743556130400,2151600,727202600,729656300
60,300,241743590850100,2434400,761922300,764376000
60,316,241743626483100,2168400,797555300,800009000
60,332,241743661488300,2147700,832560500,835014200
60,348,241743697262700,2042900,868334900,870788600
60,364,241743734249300,2122800,905321500,907775200
60,380,241743775488400,2127100,946560600,949014300
60,396,241743812366600,2355100,983438800,985892500
60,412,241743849043200,2258000,1020115400,1022569100
60,428,241743884186800,2173900,1055259000,1057712700
60,444,241743918306300,2104600,1089378500,1091832200
60,460,241743953786500,2240200,1124858700,1127312400
60,476,241743989420700,2091400,1160492900,1162946600
60,492,241744023538400,2081200,1194610600,1197064300
60,508,241744064406500,2134900,1235478700,1237932400
60,524,241744098436400,2124000,1269508600,1271962300
60,540,241744132397000,2039200,1303469200,1305922900
60,556,241744167259500,2272500,1338331700,1340785400
60,572,241744202503700,2054000,1373575900,1376029600
60,588,241744236011100,2070500,1407083300,1409537000
60,604,241744275209700,2147500,1446281900,1448735600
60,620,241744316066000,2176200,1487138200,1489591900
60,636,241744351735500,2167300,1522807700,1525261400
60,652,241744385901800,2110500,1556974000,1559427700
60,668,241744419875000,2110600,1590947200,1593400900
60,684,241744453821500,2156500,1624893700,1627347400
60,700,241744488479900,2167600,1659552100,1662005800
60,716,241744522792400,2139300,1693864600,1696318300
60,732,241744557908600,2185100,1728980800,1731434500
60,748,241744599177100,2128400,1770249300,1772703000
60,764,241744633175100,2114400,1804247300,1806701000
60,780,241744669384800,2354900,1840457000,1842910700
60,796,241744705158900,2205500,1876231100,1878684800
60,812,241744739513800,2135300,1910586000,1913039700
60,828,241744773836800,2149900,1944909000,1947362700
60,844,241744808080100,2127500,1979152300,1981606000
60,860,241744843834200,9775400,2014906400,2017360100
60,876,241744887235600,2498200,2058307800,2060761500
60,892,241744923099900,2118200,2094172100,2096625800
60,908,241744957236000,2103100,2128308200,2130761900
60,924,241744992360800,2177000,2163433000,2165886700
60,940,241745026284200,2148900,2197356400,2199810100
60,956,241745060912900,2107700,2231985100,2234438800
60,972,241745099017600,2101600,2270089800,2272543500
60,988,241745141300600,2138200,2312372800,2314826500
60,1004,241745175360900,2145800,2346433100,2348886800
60,1020,241745209691300,2200000,2380763500,2383217200
60,1036,241745244641300,2260900,2415713500,2418167200
60,1052,241745279816100,2164900,2450888300,2453342000
60,1068,241745314300900,2264500,2485373100,2487826800
60,1084,241745349721700,2283600,2520793900,2523247600
60,1100,241745384486400,7095900,2555558600,2558012300
60,1116,241745423599500,2116600,2594671700,2597125400
60,1132,241745458055200,2194900,2629127400,2631581100
60,1148,241745493714000,2369000,2664786200,2667239900
60,1164,241745528627700,2143300,2699699900,2702153600
60,1180,241745564972100,2275700,2736044300,2738498000
60,1196,241745599826900,2368700,2770899100,2773352800
60,1212,241745634851400,2127400,2805923600,2808377300
60,1228,241745673840100,2114500,2844912300,2847366000
60,1244,241745708486000,2169300,2879558200,2882011900
60,1260,241745742511500,2153400,2913583700,2916037400
60,1276,241745777378700,2281200,2948450900,2950904600
60,1292,241745811845200,2128500,2982917400,2985371100
60,1308,241745851320400,2806400,3022392600,3024846300
60,1324,241745896875500,2834600,3067947700,3070401400
60,1340,241745948404300,2876600,3119476500,3121930200
60,1356,241745996269400,2787100,3167341600,3169795300
60,1372,241746039736000,2681400,3210808200,3213261900
60,1388,241746086081500,3095800,3257153700,3259607400
60,1404,241746130633600,2768900,3301705800,3304159500
60,1420,241746177802900,2761400,3348875100,3351328800
60,1436,241746224290300,2940200,3395362500,3397816200
60,1452,241746272473300,2732900,3443545500,3445999200
60,1468,241746323921600,2980300,3494993800,3497447500
60,1484,241746371047500,2895000,3542119700,3544573400
60,1500,241746417431800,2647200,3588504000,3590957700
60,1516,241746460807000,2942400,3631879200,3634332900
60,1532,241746504608900,2776500,3675681100,3678134800
60,1548,241746549075200,2629300,3720147400,3722601100
60,1564,241746594068700,2755500,3765140900,3767594600
60,1580,241746645048600,2865400,3816120800,3818574500
60,1596,241746690655800,2745200,3861728000,3864181700
60,1612,241746733925100,2688000,3904997300,3907451000
60,1628,241746777796600,2803700,3948868800,3951322500
60,1644,241746822048800,2745900,3993121000,3995574700
60,1660,241746867919700,2915000,4038991900,4041445600
60,1676,241746912870200,2720400,4083942400,4086396100
60,1692,241746956697000,2785900,4127769200,4130222900
60,1708,241747009352200,2980100,4180424400,4182878100
60,1724,241747053245800,2748300,4224318000,4226771700
60,1740,241747099126500,2878600,4270198700,4272652400
60,1756,241747144551000,2880600,4315623200,4318076900
60,1772,241747191567200,2939200,4362639400,4365093100
60,1788,241747239009600,2761600,4410081800,4412535500
60,1804,241747285334300,2888300,4456406500,4458860200
60,1820,241747335398200,2719300,4506470400,4508924100
60,1836,241747378663400,2736900,4549735600,4552189300
60,1852,241747424639000,2876900,4595711200,4598164900
60,1868,241747471212000,2960000,4642284200,4644737900
60,1884,241747513386500,2853300,4684458700,4686912400
60,1900,241747557916000,2775700,4728988200,4731441900
60,1916,241747603301600,2865500,4774373800,4776827500
60,1932,241747648839200,2859700,4819911400,4822365100
60,1948,241747700904300,3018700,4871976500,4874430200
60,1964,241747748154200,2722700,4919226400,4921680100
60,1980,241747792282300,2598200,4963354500,4965808200
60,1996,241747838326100,2843700,5009398300,5011852000
60,2012,241747884135200,2873100,5055207400,5057661100
60,2028,241747930185100,3842400,5101257300,5103711000
60,2044,241747984909700,3424700,5155981900,5158435600
61,13,241742928330100,2532600,99402300,101856000
61,29,241742967339000,2279700,138411200,140864900
61,45,241743005255000,2473300,176327200,178780900
61,61,241743044305500,2315300,215377700,217831400
61,77,241743082776700,2300600,253848900,256302600
61,93,241743118841700,2597200,289913900,292367600
61,109,241743165751700,2555700,336823900,339277600
61,125,241743202395300,2110700,373467500,375921200
61,141,241743236567300,2176400,407639500,410093200
61,157,241743271663100,2412800,442735300,445189000
61,173,241743306487800,2131600,477560000,480013700
61,189,241743343011700,2257300,514083900,516537600
61,205,241743378213800,2185300,549286000,551739700
61,221,241743413439000,2267900,584511200,586964900
61,237,241743455662900,2260700,626735100,629188800
61,253,241743489982500,2119600,661054700,663508400
61,269,241743524892500,2244100,695964700,698418400
61,285,241743559994100,2063600,731066300,733520000
61,301,241743595037500,2235300,766109700,768563400
61,317,241743630223700,2159500,801295900,803749600
61,333,241743665175400,2119300,836247600,838701300
61,349,241743701083400,2184900,872155600,874609300
61,365,241743738166500,8159500,909238700,911692400
61,381,241743779427100,2355200,950499300,952953000
61,397,241743816684700,2220200,987756900,990210600
61,413,241743853238700,2164500,1024310900,1026764600
61,429,241743888238400,2173100,1059310600,1061764300
61,445,241743922229600,2100500,1093301800,1095755500
61,461,241743958074900,2205600,1129147100,1131600800
61,477,241743993435700,2110400,1164507900,1166961600
61,493,241744027632200,8606300,1198704400,1201158100
61,509,241744068713900,2331500,1239786100,1242239800
61,525,241744102959400,2101500,1274031600,1276485300
61,541,241744136611200,2060800,1307683400,1310137100
61,557,241744171818100,2278800,1342890300,1345344000
61,573,241744206717700,2084800,1377789900,1380243600
61,589,241744240291400,2303100,1411363600,1413817300
61,605,241744279185500,2126000,1450257700,1452711400
61,621,241744320220700,2159700,1491292900,1493746600
61,637,241744355903400,2173800,1526975600,1529429300
61,653,241744389959500,2126600,1561031700,1563485400
61,669,241744423906200,2095700,1594978400,1597432100
61,685,241744457868600,2092100,1628940800,1631394500
61,701,241744492653100,2249700,1663725300,1666179000
61,717,241744526925200,2124500,1697997400,1700451100
61,733,241744561776700,2196000,1732848900,1735302600
61,749,241744602885000,2140200,1773957200,1776410900
61,765,241744636863700,2135800,1807935900,1810389600
61,781,241744673417700,2271500,1844489900,1846943600
61,797,241744708990100,2140700,1880062300,1882516000
61,813,241744743252100,2109800,1914324300,1916778000
61,829,241744777599500,2171300,1948671700,1951125400
61,845,241744811810800,2164700,1982883000,1985336700
61,861,241744855372900,2377700,2026445100,2028898800
61,877,241744891408800,2287300,2062481000,2064934700
61,893,241744926723000,2139600,2097795200,2100248900
61,909,241744960876700,2150100,2131948900,2134402600
61,925,241744996076400,2094300,2167148600,2169602300
61,941,241745029941100,2135900,2201013300,2203467000
61,957,241745065375300,2370600,2236447500,2238901200
61,973,241745102715800,2104000,2273788000,2276241700
61,989,241745145048100,2112400,2316120300,2318574000
61,1005,241745179125200,2092600,2350197400,2352651100
61,1021,241745213511100,2168000,2384583300,2387037000
61,1037,241745248405200,2186400,2419477400,2421931100
61,1053,241745283434400,2200100,2454506600,2456960300
61,1069,241745318085500,2185900,2489157700,2491611400
61,1085,241745353435400,2262000,2524507600,2526961300
61,1101,241745392934400,2107700,2564006600,2566460300
61,1117,241745427047000,2262200,2598119200,2600572900
61,1133,241745461703400,2111100,2632775600,2635229300
61,1149,241745498669500,2207100,2669741700,2672195400
61,1165,241745533323500,2137000,2704395700,2706849400
61,1181,241745569881900,2424400,2740954100,2743407800
61,1197,241745605051500,2147600,2776123700,2778577400
61,1213,241745639378400,2115900,2810450600,2812904300
61,1229,241745678375200,2497900,2849447400,2851901100
61,1245,241745713050700,2125600,2884122900,2886576600
61,1261,241745747061800,2148000,2918134000,2920587700
61,1277,241745782161700,2176900,2953233900,2955687600
61,1293,241745816496900,2360000,2987569100,2990022800
61,1309,241745857503200,2793300,3028575400,3031029100
61,1325,241745903176900,2850700,3074249100,3076702800
61,1341,241745954935400,2936200,3126007600,3128461300
61,1357,241746002381200,2801700,3173453400,3175907100
61,1373,241746045565800,2618500,3216638000,3219091700
61,1389,241746093492300,2642100,3264564500,3267018200
61,1405,241746136789500,2997800,3307861700,3310315400
61,1421,241746183915700,3006300,3354987900,3357441600
61,1437,241746230695200,5917800,3401767400,3404221100
61,1453,241746278564100,2853500,3449636300,3452090000
61,1469,241746330313300,2964700,3501385500,3503839200
61,1485,241746377333900,2895000,3548406100,3550859800
61,1501,241746423182800,2596500,3594255000,3596708700
61,1517,241746466754600,2771100,3637826800,3640280500
61,1533,241746510440400,2773100,3681512600,3683966300
61,1549,241746554648800,2861700,3725721000,3728174700
61,1565,241746599998800,3051700,3771071000,3773524700
61,1581,241746650810200,2588800,3821882400,3824336100
61,1597,241746696259100,2707100,3867331300,3869785000
61,1613,241746739371900,2630600,3910444100,3912897800
61,1629,241746783573400,3022800,3954645600,3957099300
61,1645,241746827649700,2735600,3998721900,4001175600
61,1661,241746874016000,2970200,4045088200,4047541900
61,1677,241746918495700,2759800,4089567900,4092021600
61,1693,241746962467900,2741700,4133540100,4135993800
61,1709,241747013584500,2717300,4184656700,4187110400
61,1725,241747057213300,2699400,4228285500,4230739200
61,1741,241747103287000,2762000,4274359200,4276812900
61,1757,241747148649800,2835500,4319722000,4322175700
61,1773,241747195813600,2938200,4366885800,4369339500
61,1789,241747243069800,2854500,4414142000,4416595700
61,1805,241747289528600,2735100,4460600800,4463054500
61,1821,241747339382300,2678100,4510454500,4512908200
61,1837,241747382739500,2711300,4553811700,4556265400
61,1853,241747428869300,2923000,4599941500,4602395200
61,1869,241747475316600,2426100,4646388800,4648842500
61,1885,241747517576200,2759500,4688648400,4691102100
61,1901,241747562029800,2713200,4733102000,4735555700
61,1917,241747607501800,2735700,4778574000,4781027700
61,1933,241747653036900,2814200,4824109100,4826562800
61,1949,241747705328400,3028900,4876400600,4878854300
61,1965,241747752092900,2617900,4923165100,4925618800
61,1981,241747796081100,2570300,4967153300,4969607000
61,1997,241747842478600,2893300,5013550800,5016004500
61,2013,241747888335300,2888600,5059407500,5061861200
61,2029,241747935666100,3485500,5106738300,5109192000
61,2045,241747990045800,3359500,5161118000,5163571700
62,14,241742930979800,2445600,102052000,104505700
62,30,241742969692400,2345600,140764600,143218300
62,46,241743007769800,2541900,178842000,181295700
62,62,241743046587500,2297900,217659700,220113400
62,78,241743085017600,2356700,256089800,258543500
62,94,241743121361600,2373100,292433800,294887500
62,110,241743168149900,2316100,339222100,341675800
62,126,241743204425100,2129700,375497300,377951000
62,142,241743238687800,2092900,409760000,412213700
62,158,241743274014800,2215400,445087000,447540700
62,174,241743308489500,2142000,479561700,482015400
62,190,241743345061600,2219500,516133800,518587500
62,206,241743380309100,2127300,551381300,553835000
62,222,241743415548500,2317400,586620700,589074400
62,238,241743457709600,2090200,628781800,631235500
62,254,241743491869200,2150700,662941400,665395100
62,270,241743526904900,2262100,697977100,700430800
62,286,241743561791300,2039200,732863500,735317200
62,302,241743596987800,2183200,768060000,770513700
62,318,241743632298300,2144900,803370500,805824200
62,334,241743667127300,2240900,838199500,840653200
62,350,241743702984600,2129100,874056800,876510500
62,366,241743745988600,2138300,917060800,919514500
62,382,241743781415200,2720200,952487400,954941100
62,398,241743818582700,2221700,989654900,992108600
62,414,241743855036600,2184400,1026108800,1028562500
62,430,241743890024600,2233800,1061096800,1063550500
62,446,241743923966500,2121900,1095038700,1097492400
62,462,241743959823800,2118700,1130896000,1133349700
62,478,241743995000000,2105400,1166072200,1168525900
62,494,241744035535700,2448100,1206607900,1209061600
62,510,241744070404200,2186700,1241476400,1243930100
62,526,241744104143500,2154200,1275215700,1277669400
62,542,241744137791200,2213900,1308863400,1311317100
62,558,241744173056500,2335400,1344128700,1346582400
62,574,241744207896900,2129400,1378969100,1381422800
62,590,241744241625100,2135600,1412697300,1415151000
62,606,241744280280000,2123800,1451352200,1453805900
62,622,241744321348500,2115100,1492420700,1494874400
62,638,241744356883100,2178400,1527955300,1530409000
62,654,241744390923500,2119800,1561995700,1564449400
62,670,241744424849300,2087300,1595921500,1598375200
62,686,241744458823900,2078500,1629896100,1632349800
62,702,241744493553200,2258500,1664625400,1667079100
62,718,241744527781500,2133000,1698853700,1701307400
62,734,241744562690600,2183300,1733762800,1736216500
62,750,241744603822600,2131800,1774894800,1777348500
62,766,241744637852900,2148800,1808925100,1811378800
62,782,241744674424800,2357900,1845497000,1847950700
62,798,241744710019500,2143900,1881091700,1883545400
62,814,241744744246400,2159400,1915318600,1917772300
62,830,241744778647000,2134700,1949719200,1952172900
62,846,241744812838400,2155900,1983910600,1986364300
62,862,241744856664200,2277800,2027736400,2030190100
62,878,241744892706300,2227400,2063778500,2066232200
62,894,241744927924600,2098900,2098996800,2101450500
62,910,241744962017400,2142100,2133089600,2135543300
62,926,241744996906500,2116500,2167978700,2170432400
62,942,241745030803800,2151900,2201876000,2204329700
62,958,241745066384500,2261300,2237456700,2239910400
62,974,241745103958200,2142400,2275030400,2277484100
62,990,241745146326700,2114500,2317398900,2319852600
62,1006,241745180381200,2111900,2351453400,2353907100
62,1022,241745214812700,2125900,2385884900,2388338600
62,1038,241745249781100,2143000,2420853300,2423307000
62,1054,241745284707900,2215000,2455780100,2458233800
62,1070,241745319331500,2196900,2490403700,2492857400
62,1086,241745354729800,2313600,2525802000,2528255700
62,1102,241745394174400,2177900,2565246600,2567700300
62,1118,241745428384700,2157900,2599456900,2601910600
62,1134,241745462805500,2115400,2633877700,2636331400
62,1150,241745498878900,2206500,2669951100,2672404800
62,1166,241745533415100,2139300,2704487300,2706941000
62,1182,241745570019000,2378500,2741091200,2743544900
62,1198,241745605144400,2197500,2776216600,2778670300
62,1214,241745639495300,2113200,2810567500,2813021200
62,1230,241745678434000,2513300,2849506200,2851959900
62,1246,241745713111500,2129400,2884183700,2886637400
62,1262,241745747121900,2151500,2918194100,2920647800
62,1278,241745782223500,2178500,2953295700,2955749400
62,1294,241745816525100,2690000,2987597300,2990051000
62,1310,241745857896600,2790700,3028968800,3031422500
62,1326,241745903532600,2851900,3074604800,3077058500
62,1342,241745955457400,2905000,3126529600,3128983300
62,1358,241746002848600,2812000,3173920800,3176374500
62,1374,241746046014000,2623600,3217086200,3219539900
62,1390,241746093943200,2650000,3265015400,3267469100
62,1406,241746137289900,3002000,3308362100,3310815800
62,1422,241746184421400,3021800,3355493600,3357947300
62,1438,241746231266900,6041400,3402339100,3404792800
62,1454,241746279052700,2833100,3450124900,3452578600
62,1470,241746330817100,2962100,3501889300,3504343000
62,1486,241746377825600,2899300,3548897800,3551351500
62,1502,241746423431100,2594100,3594503300,3596957000
62,1518,241746467158900,2734900,3638231100,3640684800
62,1534,241746510836900,2769200,3681909100,3684362800
62,1550,241746555012200,2917800,3726084400,3728538100
62,1566,241746600429100,3039200,3771501300,3773955000
62,1582,241746651154700,2595700,3822226900,3824680600
62,1598,241746696640900,2717100,3867713100,3870166800
62,1614,241746739728800,2644400,3910801000,3913254700
62,1630,241746784082300,2980600,3955154500,3957608200
62,1646,241746828189200,2744300,3999261400,4001715100
62,1662,241746874601100,2978700,4045673300,4048127000
62,1678,241746919031100,2753900,4090103300,4092557000
62,1694,241746963010900,2722300,4134083100,4136536800
62,1710,241747016230300,2775600,4187302500,4189756200
62,1726,241747059874600,2730900,4230946800,4233400500
62,1742,241747106009700,2765200,4277081900,4279535600
62,1758,241747151446900,3003600,4322519100,4324972800
62,1774,241747198707600,2962700,4369779800,4372233500
62,1790,241747245888600,2849100,4416960800,4419414500
62,1806,241747292230400,2621000,4463302600,4465756300
62,1822,241747341983800,2703000,4513056000,4515509700
62,1838,241747385375300,2888500,4556447500,4558901200
62,1854,241747431712600,2933000,4602784800,4605238500
62,1870,241747477658200,2654300,4648730400,4651184100
62,1886,241747520265300,2777100,4691337500,4693791200
62,1902,241747564673300,2762700,4735745500,4738199200
62,1918,241747610155200,2757800,4781227400,4783681100
62,1934,241747655781000,2846100,4826853200,4829306900
62,1950,241747708276100,3085900,4879348300,4881802000
62,1966,241747754808400,3099200,4925880600,4928334300
62,1982,241747798728200,2627700,4969800400,4972254100
62,1998,241747845451800,2931000,5016524000,5018977700
62,2014,241747891320500,2842200,5062392700,5064846400
62,2030,241747939260600,3434800,5110332800,5112786500
62,2046,241747993504200,3630200,5164576400,5167030100
63,15,241742933391400,2472100,104463600,106917300
63,31,241742972104600,2273700,143176800,145630500
63,47,241743010400400,2660800,181472600,183926300
63,63,241743048996000,2339600,220068200,222521900
63,79,241743087697000,2277500,258769200,261222900
63,95,241743124122500,2411600,295194700,297648400
63,111,241743170711000,2327100,341783200,344236900
63,127,241743206793500,2125500,377865700,380319400
63,143,241743241022500,2026000,412094700,414548400
63,159,241743276471200,2335700,447543400,449997100
63,175,241743310853900,2074400,481926100,484379800
63,191,241743347517100,2099400,518589300,521043000
63,207,241743382629800,2148000,553702000,556155700
63,223,241743417758200,2209600,588830400,591284100
63,239,241743459612100,2061500,630684300,633138000
63,255,241743493682200,2186400,664754400,667208100
63,271,241743528840400,2167000,699912600,702366300
63,287,241743563539600,2052400,734611800,737065500
63,303,241743599024300,2209800,770096500,772550200
63,319,241743634095200,2144300,805167400,807621100
63,335,241743669216200,2209400,840288400,842742100
63,351,241743705059200,2105200,876131400,878585100
63,367,241743748098700,2185300,919170900,921624600
63,383,241743784037400,2371300,955109600,957563300
63,399,241743820716000,2218800,991788200,994241900
63,415,241743856908200,2200000,1027980400,1030434100
63,431,241743891938300,2098200,1063010500,1065464200
63,447,241743925823700,2071900,1096895900,1099349600
63,463,241743961577800,2167300,1132650000,1135103700
63,479,241743996656800,2124400,1167729000,1170182700
63,495,241744037480700,2392500,1208552900,1211006600
63,511,241744072247500,2101700,1243319700,1245773400
63,527,241744105960800,2123100,1277033000,1279486700
63,543,241744139625200,2353900,1310697400,1313151100
63,559,241744175025300,2261200,1346097500,1348551200
63,575,241744209688900,2139800,1380761100,1383214800
63,591,241744243476800,2106400,1414549000,1417002700
63,607,241744281944700,2147000,1453016900,1455470600
63,623,241744322991000,2163200,1494063200,1496516900
63,639,241744358724300,2182300,1529796500,1532250200
63,655,241744392733200,2113800,1563805400,1566259100
63,671,241744426629500,2094500,1597701700,1600155400
63,687,241744460574200,2227000,1631646400,1634100100
63,703,241744495596800,2176500,1666669000,1669122700
63,719,241744529796500,2101500,1700868700,1703322400
63,735,241744564784400,2177800,1735856600,1738310300
63,751,241744605870900,2141900,1776943100,1779396800
63,767,241744639973000,2224400,1811045200,1813498900
63,783,241744676750400,2403000,1847822600,1850276300
63,799,241744712132600,2160100,1883204800,1885658500
63,815,241744746377100,2154300,1917449300,1919903000
63,831,241744780751200,2121000,1951823400,1954277100
63,847,241744814964200,2364300,1986036400,1988490100
63,863,241744858818600,2252800,2029890800,2032344500
63,879,241744894685200,2181900,2065757400,2068211100
63,895,241744929751000,2187200,2100823200,2103276900
63,911,241744963908400,2146300,2134980600,2137434300
63,927,241744999152400,2074800,2170224600,2172678300
63,943,241745033039900,2145700,2204112100,2206565800
63,959,241745068712100,2381200,2239784300,2242238000
63,975,241745105683200,2152700,2276755400,2279209100
63,991,241745148037600,2142400,2319109800,2321563500
63,1007,241745182091500,2120000,2353163700,2355617400
63,1023,241745216627100,2152500,2387699300,2390153000
63,1039,241745251700300,2126600,2422772500,2425226200
63,1055,241745286773500,2193500,2457845700,2460299400
63,1071,241745321374900,2257400,2492447100,2494900800
63,1087,241745356865000,2223400,2527937200,2530390900
63,1103,241745396215500,2108100,2567287700,2569741400
63,1119,241745430393300,2153900,2601465500,2603919200
63,1135,241745464781800,2137700,2635854000,2638307700
63,1151,241745500942900,2176300,2672015100,2674468800
63,1167,241745535525000,2194900,2706597200,2709050900
63,1183,241745572432900,2195300,2743505100,2745958800
63,1199,241745607399400,2138900,2778471600,2780925300
63,1215,241745641666300,2143800,2812738500,2815192200
63,1231,241745681021300,2140100,2852093500,2854547200
63,1247,241745715305700,2121200,2886377900,2888831600
63,1263,241745749335400,2106400,2920407600,2922861300
63,1279,241745784437400,2186500,2955509600,2957963300
63,1295,241745819005200,2360500,2990077400,2992531100
63,1311,241745860208700,2826500,3031280900,3033734600
63,1327,241745905948200,2840800,3077020400,3079474100
63,1343,241745957796200,2853400,3128868400,3131322100
63,1359,241746005103600,2819800,3176175800,3178629500
63,1375,241746048074300,2637200,3219146500,3221600200
63,1391,241746096028500,2635000,3267100700,3269554400
63,1407,241746139661300,3061100,3310733500,3313187200
63,1423,241746186801000,2949500,3357873200,3360326900
63,1439,241746236278900,3236100,3407351100,3409804800
63,1455,241746281317000,2737700,3452389200,3454842900
63,1471,241746333166200,2938800,3504238400,3506692100
63,1487,241746380117500,2909400,3551189700,3553643400
63,1503,241746425673100,2620500,3596745300,3599199000
63,1519,241746469597600,2698400,3640669800,3643123500
63,1535,241746513305500,2787500,3684377700,3686831400
63,1551,241746557615900,2988800,3728688100,3731141800
63,1567,241746603135300,3003800,3774207500,3776661200
63,1583,241746653436200,2609400,3824508400,3826962100
63,1599,241746699017200,2698300,3870089400,3872543100
63,1615,241746742047900,2662600,3913120100,3915573800
63,1631,241746786648100,3050000,3957720300,3960174000
63,1647,241746830423500,2973200,4001495700,4003949400
63,1663,241746877028000,3016700,4048100200,4050553900
63,1679,241746921292200,2791800,4092364400,4094818100
63,1695,241746965247500,2735900,4136319700,4138773400
63,1711,241747018045900,2790400,4189118100,4191571800
63,1727,241747061665600,2780700,4232737800,4235191500
63,1743,241747107839300,2809500,4278911500,4281365200
63,1759,241747153463200,2860700,4324535400,4326989100
63,1775,241747200701800,2938700,4371774000,4374227700
63,1791,241747247787600,2884900,4418859800,4421313500
63,1807,241747293915500,2915200,4464987700,4467441400
63,1823,241747343790300,2769400,4514862500,4517316200
63,1839,241747387298000,2945600,4558370200,4560823900
63,1855,241747433665500,2934400,4604737700,4607191400
63,1871,241747479424500,2643300,4650496700,4652950400
63,1887,241747522096500,2707000,4693168700,4695622400
63,1903,241747566702400,2765600,4737774600,4740228300
63,1919,241747612183000,2769300,4783255200,4785708900
63,1935,241747657879600,2953400,4828951800,4831405500
63,1951,241747710578300,3062200,4881650500,4884104200
63,1967,241747756965000,2997200,4928037200,4930490900
63,1983,241747800572000,2623100,4971644200,4974097900
63,1999,241747847502700,2952300,5018574900,5021028600
63,2015,241747893294400,2867300,5064366600,5066820300
63,2031,241747941570700,3361100,5112642900,5115096600
63,2047,241747996175700,4031700,5167247900,5169701600
