client,iteration,guest_start_ns,duration_ns,start_elapsed_lower_ns,start_elapsed_upper_ns
0,0,241753527451200,15547200,128230900,135117600
0,16,241753580397800,2208500,181177500,188064200
0,32,241753616265300,2387800,217045000,223931700
0,48,241753651551700,2294500,252331400,259218100
0,64,241753687175100,2164300,287954800,294841500
0,80,241753722946300,2295300,323726000,330612700
0,96,241753757695900,2114000,358475600,365362300
0,112,241753793392700,2157900,394172400,401059100
0,128,241753850130400,2142200,450910100,457796800
0,144,241753884419900,2102400,485199600,492086300
0,160,241753921820400,2440200,522600100,529486800
0,176,241753958363800,2133700,559143500,566030200
0,192,241753993316400,2108500,594096100,600982800
0,208,241754027683000,2194100,628462700,635349400
0,224,241754063178300,2185000,663958000,670844700
0,240,241754098254400,2141500,699034100,705920800
0,256,241754133820900,2217800,734600600,741487300
0,272,241754186689200,2153800,787468900,794355600
0,288,241754220875700,2112200,821655400,828542100
0,304,241754254755200,2156700,855534900,862421600
0,320,241754290099600,2226700,890879300,897766000
0,336,241754325315200,2259700,926094900,932981600
0,352,241754361837200,2216600,962616900,969503600
0,368,241754397084600,2293800,997864300,1004751000
0,384,241754431461100,2469700,1032240800,1039127500
0,400,241754484769200,2125200,1085548900,1092435600
0,416,241754519127100,2127400,1119906800,1126793500
0,432,241754553674600,2192800,1154454300,1161341000
0,448,241754587869500,2229100,1188649200,1195535900
0,464,241754622370600,2284500,1223150300,1230037000
0,480,241754657679500,2167000,1258459200,1265345900
0,496,241754691882200,2143500,1292661900,1299548600
0,512,241754726786800,2147800,1327566500,1334453200
0,528,241754782025600,2345400,1382805300,1389692000
0,544,241754818632400,2303000,1419412100,1426298800
0,560,241754852896800,2164200,1453676500,1460563200
0,576,241754887246700,2556300,1488026400,1494913100
0,592,241754922917200,2157900,1523696900,1530583600
0,608,241754957224200,2153700,1558003900,1564890600
0,624,241754991175500,2160600,1591955200,1598841900
0,640,241755029387500,2227500,1630167200,1637053900
0,656,241755084618300,2687000,1685398000,1692284700
0,672,241755122644200,2178400,1723423900,1730310600
0,688,241755159042900,2135400,1759822600,1766709300
0,704,241755194291400,2216600,1795071100,1801957800
0,720,241755229407600,2180000,1830187300,1837074000
0,736,241755263762300,2295600,1864542000,1871428700
0,752,241755299072700,2347600,1899852400,1906739100
0,768,241755335318000,2091800,1936097700,1942984400
0,784,241755369986900,2201100,1970766600,1977653300
0,800,241755425327400,2135300,2026107100,2032993800
0,816,241755459793100,2277500,2060572800,2067459500
0,832,241755495202500,2208300,2095982200,2102868900
0,848,241755530123400,2100300,2130903100,2137789800
0,864,241755565794400,2382200,2166574100,2173460800
0,880,241755601395400,2120000,2202175100,2209061800
0,896,241755637787000,2228200,2238566700,2245453400
0,912,241755672504500,2091800,2273284200,2280170900
0,928,241755729732700,2219900,2330512400,2337399100
0,944,241755765560300,2421800,2366340000,2373226700
0,960,241755801663800,2202700,2402443500,2409330200
0,976,241755837628700,2204400,2438408400,2445295100
0,992,241755872297900,2167600,2473077600,2479964300
0,1008,241755906624600,2119200,2507404300,2514291000
0,1024,241755942408700,2127900,2543188400,2550075100
0,1040,241755977177100,2114400,2577956800,2584843500
0,1056,241756018158600,2264700,2618938300,2625825000
0,1072,241756054064500,2192200,2654844200,2661730900
0,1088,241756089527600,2133900,2690307300,2697194000
0,1104,241756124752600,2203300,2725532300,2732419000
0,1120,241756160361600,2240400,2761141300,2768028000
0,1136,241756195829000,2146200,2796608700,2803495400
0,1152,241756230819200,2098200,2831598900,2838485600
0,1168,241756264916100,2092400,2865695800,2872582500
0,1184,241756298696400,2125500,2899476100,2906362800
0,1200,241756338962500,2160700,2939742200,2946628900
0,1216,241756373975100,2136800,2974754800,2981641500
0,1232,241756407973900,2123500,3008753600,3015640300
0,1248,241756450769800,2972500,3051549500,3058436200
0,1264,241756496539200,2654700,3097318900,3104205600
0,1280,241756539586000,2649500,3140365700,3147252400
0,1296,241756586077300,2993000,3186857000,3193743700
0,1312,241756632480700,2999300,3233260400,3240147100
0,1328,241756682913700,2749100,3283693400,3290580100
0,1344,241756726651800,2738200,3327431500,3334318200
0,1360,241756770285600,2952300,3371065300,3377952000
0,1376,241756815001100,2595700,3415780800,3422667500
0,1392,241756861581100,2624700,3462360800,3469247500
0,1408,241756903918200,2647900,3504697900,3511584600
0,1424,241756946174600,2680800,3546954300,3553841000
0,1440,241756988475600,3186200,3589255300,3596142000
0,1456,241757044121200,4682800,3644900900,3651787600
0,1472,241757088345800,2685400,3689125500,3696012200
0,1488,241757132042600,2750700,3732822300,3739709000
0,1504,241757180062400,2719300,3780842100,3787728800
0,1520,241757222572900,2706800,3823352600,3830239300
0,1536,241757268279700,2968700,3869059400,3875946100
0,1552,241757315984700,2919700,3916764400,3923651100
0,1568,241757362268900,2692700,3963048600,3969935300
0,1584,241757407358800,2787200,4008138500,4015025200
0,1600,241757460788000,2766400,4061567700,4068454400
0,1616,241757504412300,2745800,4105192000,4112078700
0,1632,241757549366400,2955200,4150146100,4157032800
0,1648,241757600428600,2882000,4201208300,4208095000
0,1664,241757647438100,2751300,4248217800,4255104500
0,1680,241757691880000,3051100,4292659700,4299546400
0,1696,241757739340500,2975700,4340120200,4347006900
0,1712,241757785271900,2847400,4386051600,4392938300
0,1728,241757836735800,2967700,4437515500,4444402200
0,1744,241757883765300,2951600,4484545000,4491431700
0,1760,241757930049600,2733300,4530829300,4537716000
0,1776,241757976156300,2948400,4576936000,4583822700
0,1792,241758021951300,2952400,4622731000,4629617700
0,1808,241758067416400,3158300,4668196100,4675082800
0,1824,241758113959000,3021000,4714738700,4721625400
0,1840,241758160100700,2810800,4760880400,4767767100
0,1856,241758211784400,2680300,4812564100,4819450800
0,1872,241758254067900,2702200,4854847600,4861734300
0,1888,241758297693500,2788200,4898473200,4905359900
0,1904,241758345652600,2675500,4946432300,4953319000
0,1920,241758392677300,3018400,4993457000,5000343700
0,1936,241758439107300,3012800,5039887000,5046773700
0,1952,241758482974000,2634700,5083753700,5090640400
0,1968,241758526778900,2680100,5127558600,5134445300
0,1984,241758569921800,2764200,5170701500,5177588200
0,2000,241758621734600,2961500,5222514300,5229401000
0,2016,241758668926900,3031800,5269706600,5276593300
0,2032,241758717083700,2899200,5317863400,5324750100
1,1,241753543155400,2562500,143935100,150821800
1,17,241753582833400,2195300,183613100,190499800
1,33,241753618926700,2272800,219706400,226593100
1,49,241753654083400,2128300,254863100,261749800
1,65,241753689691400,2178000,290471100,297357800
1,81,241753725606500,2290800,326386200,333272900
1,97,241753760151200,2155300,360930900,367817600
1,113,241753795896400,2294500,396676100,403562800
1,129,241753852649900,2150700,453429600,460316300
1,145,241753886846300,2112300,487626000,494512700
1,161,241753924173800,2441200,524953500,531840200
1,177,241753960297500,2191200,561077200,567963900
1,193,241753995203500,2200200,595983200,602869900
1,209,241754029847000,2195300,630626700,637513400
1,225,241754065304400,2264900,666084100,672970800
1,241,241754100336700,2133700,701116400,708003100
1,257,241754135972200,19863800,736751900,743638600
1,273,241754188785300,2174400,789565000,796451700
1,289,241754222888700,2150700,823668400,830555100
1,305,241754256813300,2171400,857593000,864479700
1,321,241754292227000,2120800,893006700,899893400
1,337,241754327451100,2246700,928230800,935117500
1,353,241754363989600,2243600,964769300,971656000
1,369,241754399322100,2124200,1000101800,1006988500
1,385,241754433871400,2176100,1034651100,1041537800
1,401,241754486699200,2109500,1087478900,1094365600
1,417,241754521049900,2096000,1121829600,1128716300
1,433,241754555564300,2096400,1156344000,1163230700
1,449,241754589747400,2199500,1190527100,1197413800
1,465,241754624332500,2282100,1225112200,1231998900
1,481,241754659523800,2145800,1260303500,1267190200
1,497,241754693707500,2118600,1294487200,1301373900
1,513,241754728570000,2168600,1329349700,1336236400
1,529,241754784166500,2331000,1384946200,1391832900
1,545,241754820776500,2078100,1421556200,1428442900
1,561,241754854917800,2144800,1455697500,1462584200
1,577,241754889591200,2631900,1490370900,1497257600
1,593,241754924881400,2137200,1525661100,1532547800
1,609,241754959207000,2145500,1559986700,1566873400
1,625,241754993171600,2204900,1593951300,1600838000
1,641,241755031325700,2295900,1632105400,1638992100
1,657,241755086883500,2412100,1687663200,1694549900
1,673,241755124387800,2177100,1725167500,1732054200
1,689,241755160880900,2066400,1761660600,1768547300
1,705,241755196361200,2235100,1797140900,1804027600
1,721,241755231528500,2262800,1832308200,1839194900
1,737,241755265932200,2427000,1866711900,1873598600
1,753,241755301377500,2305900,1902157200,1909043900
1,769,241755337062100,2218100,1937841800,1944728500
1,785,241755371842800,2302000,1972622500,1979509200
1,801,241755427076700,2133300,2027856400,2034743100
1,817,241755461719100,2232300,2062498800,2069385500
1,833,241755497110200,2100100,2097889900,2104776600
1,849,241755532283500,2291700,2133063200,2139949900
1,865,241755568300000,2346700,2169079700,2175966400
1,881,241755603661700,2124200,2204441400,2211328100
1,897,241755640367700,2208800,2241147400,2248034100
1,913,241755674962900,2215300,2275742600,2282629300
1,929,241755732052800,2333400,2332832500,2339719200
1,945,241755768418700,2155200,2369198400,2376085100
1,961,241755804259700,2209300,2405039400,2411926100
1,977,241755840269600,2364800,2441049300,2447936000
1,993,241755874925300,2147100,2475705000,2482591700
1,1009,241755909197300,2157100,2509977000,2516863700
1,1025,241755944880900,2129300,2545660600,2552547300
1,1041,241755979748300,2187900,2580528000,2587414700
1,1057,241756020897400,2123600,2621677100,2628563800
1,1073,241756056201600,2216600,2656981300,2663868000
1,1089,241756091729200,2150800,2692508900,2699395600
1,1105,241756126814800,2320600,2727594500,2734481200
1,1121,241756162434500,2307900,2763214200,2770100900
1,1137,241756197809200,2106500,2798588900,2805475600
1,1153,241756232727700,2140000,2833507400,2840394100
1,1169,241756266836400,2147700,2867616100,2874502800
1,1185,241756300644600,2181400,2901424300,2908311000
1,1201,241756341067500,2156100,2941847200,2948733900
1,1217,241756376055400,2197300,2976835100,2983721800
1,1233,241756410041900,2102700,3010821600,3017708300
1,1249,241756453655700,3040900,3054435400,3061322100
1,1265,241756499124900,2634900,3099904600,3106791300
1,1281,241756542163000,2707800,3142942700,3149829400
1,1297,241756588982300,3008100,3189762000,3196648700
1,1313,241756635435900,2919600,3236215600,3243102300
1,1329,241756685624000,2693800,3286403700,3293290400
1,1345,241756729319600,2755700,3330099300,3336986000
1,1361,241756773156600,2815300,3373936300,3380823000
1,1377,241756817524900,3141500,3418304600,3425191300
1,1393,241756864166200,2627400,3464945900,3471832600
1,1409,241756906524400,2604800,3507304100,3514190800
1,1425,241756948816600,2765900,3549596300,3556483000
1,1441,241756991704400,2909100,3592484100,3599370800
1,1457,241757049091500,2617200,3649871200,3656757900
1,1473,241757091322900,2672000,3692102600,3698989300
1,1489,241757135098000,2818300,3735877700,3742764400
1,1505,241757183105500,2764200,3783885200,3790771900
1,1521,241757225586200,2761700,3826365900,3833252600
1,1537,241757271597100,2959000,3872376800,3879263500
1,1553,241757319224800,2930400,3920004500,3926891200
1,1569,241757365393100,2783600,3966172800,3973059500
1,1585,241757410569000,2823500,4011348700,4018235400
1,1601,241757464004800,2685600,4064784500,4071671200
1,1617,241757507589700,2685000,4108369400,4115256100
1,1633,241757552768000,2853500,4153547700,4160434400
1,1649,241757603721400,3006400,4204501100,4211387800
1,1665,241757650585800,2721800,4251365500,4258252200
1,1681,241757695403000,3040200,4296182700,4303069400
1,1697,241757742724000,2917400,4343503700,4350390400
1,1713,241757788455900,2737700,4389235600,4396122300
1,1729,241757839883300,2771200,4440663000,4447549700
1,1745,241757887008500,2947800,4487788200,4494674900
1,1761,241757933044200,2747500,4533823900,4540710600
1,1777,241757979360600,2963100,4580140300,4587027000
1,1793,241758025163500,3015400,4625943200,4632829900
1,1809,241758070788100,2728400,4671567800,4678454500
1,1825,241758117230300,2957600,4718010000,4724896700
1,1841,241758163196900,2955500,4763976600,4770863300
1,1857,241758214680700,2662400,4815460400,4822347100
1,1873,241758257019600,2666000,4857799300,4864686000
1,1889,241758300729400,2766200,4901509100,4908395800
1,1905,241758348529300,2691500,4949309000,4956195700
1,1921,241758395910500,3043100,4996690200,5003576900
1,1937,241758442339800,3004300,5043119500,5050006200
1,1953,241758485766100,2723000,5086545800,5093432500
1,1969,241758529616000,2686800,5130395700,5137282400
1,1985,241758572842600,2813800,5173622300,5180509000
1,2001,241758624657200,3027200,5225436900,5232323600
1,2017,241758671913700,3071400,5272693400,5279580100
1,2033,241758719885700,2860100,5320665400,5327552100
2,2,241753545643500,2360900,146423200,153309900
2,18,241753584838500,2200100,185618200,192504900
2,34,241753620909200,2341400,221688900,228575600
2,50,241753655946700,2138700,256726400,263613100
2,66,241753691576100,2111700,292355800,299242500
2,82,241753727606200,2261100,328385900,335272600
2,98,241753762012300,2191600,362792000,369678700
2,114,241753797875200,2322300,398654900,405541600
2,130,241753854516000,2125000,455295700,462182400
2,146,241753888666800,2148100,489446500,496333200
2,162,241753926497500,2357000,527277200,534163900
2,178,241753962530200,2099100,563309900,570196600
2,194,241753997467600,2084100,598247300,605134000
2,210,241754032389300,2156900,633169000,640055700
2,226,241754067993600,2217200,668773300,675660000
2,242,241754102836900,2126700,703616600,710503300
2,258,241754156167900,2195900,756947600,763834300
2,274,241754191275300,2162600,792055000,798941700
2,290,241754225384000,2115000,826163700,833050400
2,306,241754259353300,2122800,860133000,867019700
2,322,241754294683800,2097200,895463500,902350200
2,338,241754329881600,2242700,930661300,937548000
2,354,241754366265700,2273200,967045400,973932100
2,370,241754401420800,2095900,1002200500,1009087200
2,386,241754436018100,2135100,1036797800,1043684500
2,402,241754488726100,2136400,1089505800,1096392500
2,418,241754523066900,2153200,1123846600,1130733300
2,434,241754557791000,2075500,1158570700,1165457400
2,450,241754592094700,2144400,1192874400,1199761100
2,466,241754626887800,2484800,1227667500,1234554200
2,482,241754661931600,2117000,1262711300,1269598000
2,498,241754696109700,2061800,1296889400,1303776100
2,514,241754731083700,2193900,1331863400,1338750100
2,530,241754786903300,2377300,1387683000,1394569700
2,546,241754823276300,2194000,1424056000,1430942700
2,562,241754857473000,2097900,1458252700,1465139400
2,578,241754892651200,2340800,1493430900,1500317600
2,594,241754927392000,2136100,1528171700,1535058400
2,610,241754961712900,2090900,1562492600,1569379300
2,626,241754995650800,3387300,1596430500,1603317200
2,642,241755033974100,2190700,1634753800,1641640500
2,658,241755089562900,2651900,1690342600,1697229300
2,674,241755126890200,2204000,1727669900,1734556600
2,690,241755163216600,2119700,1763996300,1770883000
2,706,241755198487400,2171800,1799267100,1806153800
2,722,241755233734800,2148500,1834514500,1841401200
2,738,241755268259200,2199100,1869038900,1875925600
2,754,241755303624200,2104900,1904403900,1911290600
2,770,241755339468900,2322600,1940248600,1947135300
2,786,241755374330200,2259200,1975109900,1981996600
2,802,241755429061100,2125700,2029840800,2036727500
2,818,241755463768400,2195700,2064548100,2071434800
2,834,241755499005400,2211000,2099785100,2106671800
2,850,241755534073600,2178900,2134853300,2141740000
2,866,241755570263600,2271800,2171043300,2177930000
2,882,241755605426000,2155400,2206205700,2213092400
2,898,241755641862500,2197900,2242642200,2249528900
2,914,241755676519900,2129800,2277299600,2284186300
2,930,241755733804500,2287800,2334584200,2341470900
2,946,241755769754200,2241600,2370533900,2377420600
2,962,241755805694100,2448300,2406473800,2413360500
2,978,241755841738000,2237800,2442517700,2449404400
2,994,241755876230400,2171200,2477010100,2483896800
2,1010,241755910544600,2110200,2511324300,2518211000
2,1026,241755946083900,2121400,2546863600,2553750300
2,1042,241755980856300,2215400,2581636000,2588522700
2,1058,241756022006900,2117200,2622786600,2629673300
2,1074,241756057334500,2253700,2658114200,2665000900
2,1090,241756092820400,2154000,2693600100,2700486800
2,1106,241756128046700,2315700,2728826400,2735713100
2,1122,241756163676900,2241900,2764456600,2771343300
2,1138,241756198973800,2105900,2799753500,2806640200
2,1154,241756233880100,2138700,2834659800,2841546500
2,1170,241756267969400,2121200,2868749100,2875635800
2,1186,241756301795600,2239100,2902575300,2909462000
2,1202,241756342298300,2223700,2943078000,2949964700
2,1218,241756377328800,2172600,2978108500,2984995200
2,1234,241756411306300,2131200,3012086000,3018972700
2,1250,241756455425100,3037600,3056204800,3063091500
2,1266,241756500597100,2654200,3101376800,3108263500
2,1282,241756543657500,2792100,3144437200,3151323900
2,1298,241756590638600,2865100,3191418300,3198305000
2,1314,241756637083400,3084200,3237863100,3244749800
2,1330,241756687103500,2694000,3287883200,3294769900
2,1346,241756730888300,2695600,3331668000,3338554700
2,1362,241756774805100,2811900,3375584800,3382471500
2,1378,241756818978200,4790800,3419757900,3426644600
2,1394,241756865581000,2663900,3466360700,3473247400
2,1410,241756907942800,2626400,3508722500,3515609200
2,1426,241756950366300,2602600,3551146000,3558032700
2,1442,241756993076800,2953000,3593856500,3600743200
2,1458,241757049337800,2615500,3650117500,3657004200
2,1474,241757091622600,2664600,3692402300,3699289000
2,1490,241757135398400,2861100,3736178100,3743064800
2,1506,241757183584800,2845100,3784364500,3791251200
2,1522,241757226135400,2734500,3826915100,3833801800
2,1538,241757272187500,2959200,3872967200,3879853900
2,1554,241757319784600,2944800,3920564300,3927451000
2,1570,241757365836300,2780700,3966616000,3973502700
2,1586,241757411025000,2884700,4011804700,4018691400
2,1602,241757464445100,2727800,4065224800,4072111500
2,1618,241757508043100,2678500,4108822800,4115709500
2,1634,241757553260200,2782000,4154039900,4160926600
2,1650,241757604091200,3012200,4204870900,4211757600
2,1666,241757650929900,2706200,4251709600,4258596300
2,1682,241757695867600,3033000,4296647300,4303534000
2,1698,241757743212300,2930800,4343992000,4350878700
2,1714,241757788912000,2742800,4389691700,4396578400
2,1730,241757840300500,2765400,4441080200,4447966900
2,1746,241757887474900,2930700,4488254600,4495141300
2,1762,241757933320900,2738700,4534100600,4540987300
2,1778,241757979738700,2949200,4580518400,4587405100
2,1794,241758025585100,3010200,4626364800,4633251500
2,1810,241758071178700,2804300,4671958400,4678845100
2,1826,241758117655400,2976200,4718435100,4725321800
2,1842,241758163717100,2907900,4764496800,4771383500
2,1858,241758215140100,2656300,4815919800,4822806500
2,1874,241758257405100,2642100,4858184800,4865071500
2,1890,241758301102700,2759100,4901882400,4908769100
2,1906,241758348977800,2751000,4949757500,4956644200
2,1922,241758396428200,3105300,4997207900,5004094600
2,1938,241758442844400,2997400,5043624100,5050510800
2,1954,241758486221800,2683500,5087001500,5093888200
2,1970,241758530068800,2676500,5130848500,5137735200
2,1986,241758573301000,2814400,5174080700,5180967400
2,2002,241758624153800,3008200,5224933500,5231820200
2,2018,241758671407000,3069200,5272186700,5279073400
2,2034,241758719500400,2941400,5320280100,5327166800
3,3,241753548123200,2359300,148902900,155789600
3,19,241753587112500,2196800,187892200,194778900
3,35,241753623363500,2212300,224143200,231029900
3,51,241753658194100,2156300,258973800,265860500
3,67,241753693762700,2122900,294542400,301429100
3,83,241753729905500,2217500,330685200,337571900
3,99,241753764240800,2212900,365020500,371907200
3,115,241753800235300,2293700,401015000,407901700
3,131,241753856613600,2120900,457393300,464280000
3,147,241753890744500,2110200,491524200,498410900
3,163,241753928738500,2192200,529518200,536404900
3,179,241753964450900,2115300,565230600,572117300
3,195,241753999414200,2102500,600193900,607080600
3,211,241754034145800,2282700,634925500,641812200
3,227,241754069808300,2218300,670588000,677474700
3,243,241754104577500,2111300,705357200,712243900
3,259,241754158013000,2179000,758792700,765679400
3,275,241754193243600,2123100,794023300,800910000
3,291,241754227301400,2156600,828081100,834967800
3,307,241754261312800,2224500,862092500,868979200
3,323,241754296611900,2177800,897391600,904278300
3,339,241754332212300,2218000,932992000,939878700
3,355,241754368741900,2220000,969521600,976408300
3,371,241754403768600,2168500,1004548300,1011435000
3,387,241754438405800,2163300,1039185500,1046072200
3,403,241754491321700,2104000,1092101400,1098988100
3,419,241754525637600,2125000,1126417300,1133304000
3,435,241754560118100,2096400,1160897800,1167784500
3,451,241754594505900,2154100,1195285600,1202172300
3,467,241754629345300,2218800,1230125000,1237011700
3,483,241754664019400,2129700,1264799100,1271685800
3,499,241754698116800,2307700,1298896500,1305783200
3,515,241754733217400,2171900,1333997100,1340883800
3,531,241754789817100,2297800,1390596800,1397483500
3,547,241754825882400,2212600,1426662100,1433548800
3,563,241754860044300,2148700,1460824000,1467710700
3,579,241754895549500,2269200,1496329200,1503215900
3,595,241754930058800,2151500,1530838500,1537725200
3,611,241754964339000,2132700,1565118700,1572005400
3,627,241754999688900,2491500,1600468600,1607355300
3,643,241755036638600,2234600,1637418300,1644305000
3,659,241755092773600,2327500,1693553300,1700440000
3,675,241755129541200,2190000,1730320900,1737207600
3,691,241755165851900,2106600,1766631600,1773518300
3,707,241755201800600,2173800,1802580300,1809467000
3,723,241755236944200,2149500,1837723900,1844610600
3,739,241755271389400,2167300,1872169100,1879055800
3,755,241755306754600,2123300,1907534300,1914421000
3,771,241755342592700,2277200,1943372400,1950259100
3,787,241755377405700,21555600,1978185400,1985072100
3,803,241755432119100,2124800,2032898800,2039785500
3,819,241755466884900,2201600,2067664600,2074551300
3,835,241755502116600,2082400,2102896300,2109783000
3,851,241755537146900,2369600,2137926600,2144813300
3,867,241755573263400,2260000,2174043100,2180929800
3,883,241755608348100,2281800,2209127800,2216014500
3,899,241755645216600,2120300,2245996300,2252883000
3,915,241755679769500,2198100,2280549200,2287435900
3,931,241755737115700,2306700,2337895400,2344782100
3,947,241755772664500,2312900,2373444200,2380330900
3,963,241755809279400,2375600,2410059100,2416945800
3,979,241755845079800,2183000,2445859500,2452746200
3,995,241755879461600,2123800,2480241300,2487128000
3,1011,241755913718900,2334900,2514498600,2521385300
3,1027,241755949392200,2161800,2550171900,2557058600
3,1043,241755984370800,2150900,2585150500,2592037200
3,1059,241756025488100,2310800,2626267800,2633154500
3,1075,241756060910300,2140100,2661690000,2668576700
3,1091,241756096368700,2117100,2697148400,2704035100
3,1107,241756132018900,2102700,2732798600,2739685300
3,1123,241756167599300,2324300,2768379000,2775265700
3,1139,241756202664600,2175000,2803444300,2810331000
3,1155,241756237608400,2168600,2838388100,2845274800
3,1171,241756271712500,2130800,2872492200,2879378900
3,1187,241756305576000,7591800,2906355700,2913242400
3,1203,241756345874800,2141100,2946654500,2953541200
3,1219,241756380886200,2177000,2981665900,2988552600
3,1235,241756415314000,2744600,3016093700,3022980400
3,1251,241756460403400,3087000,3061183100,3068069800
3,1267,241756505299800,2608600,3106079500,3112966200
3,1283,241756548643500,2689600,3149423200,3156309900
3,1299,241756595659800,2732600,3196439500,3203326200
3,1315,241756642293900,3018100,3243073600,3249960300
3,1331,241756691977600,2712600,3292757300,3299644000
3,1347,241756735730300,2748800,3336510000,3343396700
3,1363,241756779960000,2895700,3380739700,3387626400
3,1379,241756827315800,2698900,3428095500,3434982200
3,1395,241756870514200,2602300,3471293900,3478180600
3,1411,241756912650000,2641600,3513429700,3520316400
3,1427,241756955077200,2642600,3555856900,3562743600
3,1443,241756998720800,3860400,3599500500,3606387200
3,1459,241757053280400,2685600,3654060100,3660946800
3,1475,241757095628000,2636500,3696407700,3703294400
3,1491,241757139705300,2642200,3740485000,3747371700
3,1507,241757187451100,2721400,3788230800,3795117500
3,1523,241757229948600,2725700,3830728300,3837615000
3,1539,241757276362100,2958700,3877141800,3884028500
3,1555,241757323903200,2913700,3924682900,3931569600
3,1571,241757369678400,2728600,3970458100,3977344800
3,1587,241757415084500,2972900,4015864200,4022750900
3,1603,241757468188100,2776800,4068967800,4075854500
3,1619,241757511681600,2601900,4112461300,4119348000
3,1635,241757557214400,5322500,4157994100,4164880800
3,1651,241757608158300,3082400,4208938000,4215824700
3,1667,241757654637200,2520800,4255416900,4262303600
3,1683,241757699908100,3027900,4300687800,4307574500
3,1699,241757746992300,2711600,4347772000,4354658700
3,1715,241757792462800,2735400,4393242500,4400129200
3,1731,241757843900300,2734400,4444680000,4451566700
3,1747,241757891272100,2917100,4492051800,4498938500
3,1763,241757937124300,2815600,4537904000,4544790700
3,1779,241757983819400,2923700,4584599100,4591485800
3,1795,241758029723800,2934800,4630503500,4637390200
3,1811,241758075316900,2904800,4676096600,4682983300
3,1827,241758122035500,2876100,4722815200,4729701900
3,1843,241758167910800,3126200,4768690500,4775577200
3,1859,241758219081700,2604500,4819861400,4826748100
3,1875,241758261384100,2618800,4862163800,4869050500
3,1891,241758305467800,2773600,4906247500,4913134200
3,1907,241758353125700,2715500,4953905400,4960792100
3,1923,241758401185800,3082500,5001965500,5008852200
3,1939,241758447309900,2598800,5048089600,5054976300
3,1955,241758490242700,2705500,5091022400,5097909100
3,1971,241758534103900,2739000,5134883600,5141770300
3,1987,241758577544700,2971200,5178324400,5185211100
3,2003,241758629210900,3047600,5229990600,5236877300
3,2019,241758676449800,2793300,5277229500,5284116200
3,2035,241758724299900,2808100,5325079600,5331966300
4,4,241753550521300,2307600,151301000,158187700
4,20,241753589347600,2186900,190127300,197014000
4,36,241753625641700,2209400,226421400,233308100
4,52,241753660420200,2158100,261199900,268086600
4,68,241753695986800,2151900,296766500,303653200
4,84,241753732223500,2215800,333003200,339889900
4,100,241753766520200,2261600,367299900,374186600
4,116,241753802622000,2280300,403401700,410288400
4,132,241753858858100,2251500,459637800,466524500
4,148,241753893014800,2099500,493794500,500681200
4,164,241753930889600,2166700,531669300,538556000
4,180,241753966499000,2128100,567278700,574165400
4,196,241754001421300,2083500,602201000,609087700
4,212,241754036370600,2207600,637150300,644037000
4,228,241754071955900,2282300,672735600,679622300
4,244,241754106620400,2124700,707400100,714286800
4,260,241754160164600,2329700,760944300,767831000
4,276,241754195217100,2135300,795996800,802883500
4,292,241754229343200,2089500,830122900,837009600
4,308,241754263404900,2206700,864184600,871071300
4,324,241754298676300,2193800,899456000,906342700
4,340,241754333925000,2299300,934704700,941591400
4,356,241754370433200,2152500,971212900,978099600
4,372,241754405494200,2137500,1006273900,1013160600
4,388,241754440090700,2153700,1040870400,1047757100
4,404,241754492909700,2470500,1093689400,1100576100
4,420,241754527283500,2094900,1128063200,1134949900
4,436,241754561719100,2083800,1162498800,1169385500
4,452,241754596151200,2165200,1196930900,1203817600
4,468,241754631226300,2175200,1232006000,1238892700
4,484,241754665805100,2146400,1266584800,1273471500
4,500,241754700075200,2357200,1300854900,1307741600
4,516,241754735131500,2140500,1335911200,1342797900
4,532,241754791097000,2216400,1391876700,1398763400
4,548,241754827096500,2175000,1427876200,1434762900
4,564,241754861197100,2163800,1461976800,1468863500
4,580,241754896714900,2255200,1497494600,1504381300
4,596,241754931180100,2140600,1531959800,1538846500
4,612,241754965464200,2104700,1566243900,1573130600
4,628,241755001146700,2426500,1601926400,1608813100
4,644,241755038001700,2226700,1638781400,1645668100
4,660,241755094186700,2282300,1694966400,1701853100
4,676,241755130852700,2162400,1731632400,1738519100
4,692,241755166894800,2154100,1767674500,1774561200
4,708,241755202197700,2202100,1802977400,1809864100
4,724,241755237285300,2150700,1838065000,1844951700
4,740,241755271720600,2165700,1872500300,1879387000
4,756,241755306867200,2131600,1907646900,1914533600
4,772,241755342704300,2286800,1943484000,1950370700
4,788,241755377524100,21610100,1978303800,1985190500
4,804,241755432209000,2133600,2032988700,2039875400
4,820,241755467059500,2217300,2067839200,2074725900
4,836,241755502316800,2083700,2103096500,2109983200
4,852,241755537537500,2365700,2138317200,2145203900
4,868,241755573733300,2281000,2174513000,2181399700
4,884,241755608773300,2218300,2209553000,2216439700
4,900,241755645076300,2104200,2245856000,2252742700
4,916,241755679796900,2239100,2280576600,2287463300
4,932,241755737258000,2292500,2338037700,2344924400
4,948,241755772839400,2332200,2373619100,2380505800
4,964,241755809023900,2375000,2409803600,2416690300
4,980,241755844910700,2175900,2445690400,2452577100
4,996,241755879322400,2110500,2480102100,2486988800
4,1012,241755913550600,2320600,2514330300,2521217000
4,1028,241755949188100,2156300,2549967800,2556854500
4,1044,241755984053700,2128900,2584833400,2591720100
4,1060,241756025132800,2326500,2625912500,2632799200
4,1076,241756060879900,2136700,2661659600,2668546300
4,1092,241756096245700,2123400,2697025400,2703912100
4,1108,241756131793700,2097400,2732573400,2739460100
4,1124,241756167392700,2291900,2768172400,2775059100
4,1140,241756202456400,2171700,2803236100,2810122800
4,1156,241756237663900,2174900,2838443600,2845330300
4,1172,241756271773600,2131600,2872553300,2879440000
4,1188,241756305632100,7601400,2906411800,2913298500
4,1204,241756346024200,2148400,2946803900,2953690600
4,1220,241756381030000,2181500,2981809700,2988696400
4,1236,241756415537500,2797400,3016317200,3023203900
4,1252,241756460658000,3103000,3061437700,3068324400
4,1268,241756505444800,2593900,3106224500,3113111200
4,1284,241756548839500,2684100,3149619200,3156505900
4,1300,241756595935700,2731800,3196715400,3203602100
4,1316,241756642499100,2994700,3243278800,3250165500
4,1332,241756692167900,2715500,3292947600,3299834300
4,1348,241756735916800,2756800,3336696500,3343583200
4,1364,241756780147900,2918600,3380927600,3387814300
4,1380,241756827497600,2698800,3428277300,3435164000
4,1396,241756870659800,2598800,3471439500,3478326200
4,1412,241756912794100,2641400,3513573800,3520460500
4,1428,241756955217700,2648200,3555997400,3562884100
4,1444,241756998815100,3847700,3599594800,3606481500
4,1460,241757055640600,2575700,3656420300,3663307000
4,1476,241757097943500,2674700,3698723200,3705609900
4,1492,241757142018700,2974400,3742798400,3749685100
4,1508,241757189897200,2717500,3790676900,3797563600
4,1524,241757232444100,2795500,3833223800,3840110500
4,1540,241757279069300,2975500,3879849000,3886735700
4,1556,241757326568800,2938500,3927348500,3934235200
4,1572,241757372152200,2715400,3972931900,3979818600
4,1588,241757417763900,8553100,4018543600,4025430300
4,1604,241757470718800,2700100,4071498500,4078385200
4,1620,241757514034400,2587500,4114814100,4121700800
4,1636,241757562693400,3397300,4163473100,4170359800
4,1652,241757611408300,2928100,4212188000,4219074700
4,1668,241757657266100,2675300,4258045800,4264932500
4,1684,241757703071100,3075600,4303850800,4310737500
4,1700,241757749867400,2843200,4350647100,4357533800
4,1716,241757795378300,2962900,4396158000,4403044700
4,1732,241757846863400,2937100,4447643100,4454529800
4,1748,241757894427900,3006500,4495207600,4502094300
4,1764,241757939979200,2827900,4540758900,4547645600
4,1780,241757986827900,2786100,4587607600,4594494300
4,1796,241758032745400,3013100,4633525100,4640411800
4,1812,241758078146500,2938600,4678926200,4685812900
4,1828,241758124791000,2771200,4725570700,4732457400
4,1844,241758170945200,3099500,4771724900,4778611600
4,1860,241758221427500,2605100,4822207200,4829093900
4,1876,241758263750200,2643400,4864529900,4871416600
4,1892,241758307984600,2760700,4908764300,4915651000
4,1908,241758355584800,2720500,4956364500,4963251200
4,1924,241758404050700,3063400,5004830400,5011717100
4,1940,241758449730700,2584200,5050510400,5057397100
4,1956,241758492792700,2832200,5093572400,5100459100
4,1972,241758536695600,2600000,5137475300,5144362000
4,1988,241758580360200,2735500,5181139900,5188026600
4,2004,241758632093100,2965600,5232872800,5239759500
4,2020,241758679090900,3049400,5279870600,5286757300
4,2036,241758726955700,2768900,5327735400,5334622100
5,5,241753552865900,2377700,153645600,160532300
5,21,241753591571200,2220700,192350900,199237600
5,37,241753627943700,2151000,228723400,235610100
5,53,241753662698200,2186100,263477900,270364600
5,69,241753698285400,2322000,299065100,305951800
5,85,241753734584100,2157600,335363800,342250500
5,101,241753768960300,2271300,369740000,376626700
5,117,241753805027700,2187600,405807400,412694100
5,133,241753861260400,2180700,462040100,468926800
5,149,241753895257900,2286200,496037600,502924300
5,165,241753933192600,2284000,533972300,540859000
5,181,241753968778000,2164400,569557700,576444400
5,197,241754003632900,2153600,604412600,611299300
5,213,241754038669500,2308300,639449200,646335900
5,229,241754074444200,2259400,675223900,682110600
5,245,241754108938700,2100700,709718400,716605100
5,261,241754162653700,2257800,763433400,770320100
5,277,241754197538600,2122500,798318300,805205000
5,293,241754231577800,2108000,832357500,839244200
5,309,241754265771700,2226900,866551400,873438100
5,325,241754301013200,2118000,901792900,908679600
5,341,241754336974100,2406900,937753800,944640500
5,357,241754373202300,2144500,973982000,980868700
5,373,241754408189500,2133100,1008969200,1015855900
5,389,241754442804900,2148000,1043584600,1050471300
5,405,241754496177500,2126000,1096957200,1103843900
5,421,241754530015700,2060300,1130795400,1137682100
5,437,241754564526100,2070300,1165305800,1172192500
5,453,241754599015900,2117600,1199795600,1206682300
5,469,241754634167000,2187100,1234946700,1241833400
5,485,241754668709300,2077400,1269489000,1276375700
5,501,241754703132000,2134400,1303911700,1310798400
5,517,241754737921100,2114300,1338700800,1345587500
5,533,241754794379800,2324200,1395159500,1402046200
5,549,241754830260900,2101200,1431040600,1437927300
5,565,241754864282200,2193500,1465061900,1471948600
5,581,241754899995500,2177300,1500775200,1507661900
5,597,241754934302900,2140200,1535082600,1541969300
5,613,241754968527800,2135900,1569307500,1576194200
5,629,241755004515500,2307700,1605295200,1612181900
5,645,241755041142900,2244400,1641922600,1648809300
5,661,241755097543000,2264600,1698322700,1705209400
5,677,241755134057400,2201200,1734837100,1741723800
5,693,241755170436300,2501800,1771216000,1778102700
5,709,241755205631400,2210700,1806411100,1813297800
5,725,241755240596800,2139100,1841376500,1848263200
5,741,241755275021200,2138600,1875800900,1882687600
5,757,241755310255000,2179900,1911034700,1917921400
5,773,241755346434000,2103200,1947213700,1954100400
5,789,241755401224700,2549400,2002004400,2008891100
5,805,241755436009100,2113600,2036788800,2043675500
5,821,241755471061600,2276100,2071841300,2078728000
5,837,241755506106300,2355900,2106886000,2113772700
5,853,241755541515500,2142800,2142295200,2149181900
5,869,241755577454200,2152600,2178233900,2185120600
5,885,241755612416400,2254300,2213196100,2220082800
5,901,241755648932000,2091400,2249711700,2256598400
5,917,241755683897900,2201200,2284677600,2291564300
5,933,241755741125000,2128600,2341904700,2348791400
5,949,241755776749500,2164400,2377529200,2384415900
5,965,241755812978200,2246200,2413757900,2420644600
5,981,241755848415500,2130000,2449195200,2456081900
5,997,241755882748300,2118300,2483528000,2490414700
5,1013,241755917277200,2158100,2518056900,2524943600
5,1029,241755952629000,2164400,2553408700,2560295400
5,1045,241755987601200,2308200,2588380900,2595267600
5,1061,241756028785500,2125300,2629565200,2636451900
5,1077,241756064124900,2231700,2664904600,2671791300
5,1093,241756099425900,2128200,2700205600,2707092300
5,1109,241756134817900,2191000,2735597600,2742484300
5,1125,241756170571200,2216400,2771350900,2778237600
5,1141,241756205434200,2379100,2806213900,2813100600
5,1157,241756240607200,2118700,2841386900,2848273600
5,1173,241756274672200,2096700,2875451900,2882338600
5,1189,241756314065900,2105600,2914845600,2921732300
5,1205,241756348908100,2174300,2949687800,2956574500
5,1221,241756383974200,2114100,2984753900,2991640600
5,1237,241756419280000,2598400,3020059700,3026946400
5,1253,241756464789800,3003500,3065569500,3072456200
5,1269,241756508734700,2587900,3109514400,3116401100
5,1285,241756552152800,2798800,3152932500,3159819200
5,1301,241756599284000,2597500,3200063700,3206950400
5,1317,241756646155000,2911600,3246934700,3253821400
5,1333,241756695591700,2708000,3296371400,3303258100
5,1349,241756739354800,2718600,3340134500,3347021200
5,1365,241756783815300,2934800,3384595000,3391481700
5,1381,241756830892200,2752900,3431671900,3438558600
5,1397,241756874051700,2605000,3474831400,3481718100
5,1413,241756916220700,2641800,3517000400,3523887100
5,1429,241756958664800,2636200,3559444500,3566331200
5,1445,241757003611800,2895700,3604391500,3611278200
5,1461,241757057684800,2574500,3658464500,3665351200
5,1477,241757100088800,2615100,3700868500,3707755200
5,1493,241757144396100,2943400,3745175800,3752062500
5,1509,241757192047500,2628600,3792827200,3799713900
5,1525,241757234634100,2731800,3835413800,3842300500
5,1541,241757281346500,2969200,3882126200,3889012900
5,1557,241757328821800,2885700,3929601500,3936488200
5,1573,241757374266500,2671300,3975046200,3981932900
5,1589,241757425604200,2923600,4026383900,4033270600
5,1605,241757472973000,2594500,4073752700,4080639400
5,1621,241757516167500,2605200,4116947200,4123833900
5,1637,241757565202200,3120700,4165981900,4172868600
5,1653,241757613516900,2952500,4214296600,4221183300
5,1669,241757659233900,2695000,4260013600,4266900300
5,1685,241757705385400,3083300,4306165100,4313051800
5,1701,241757751870400,3069500,4352650100,4359536800
5,1717,241757797523400,3025100,4398303100,4405189800
5,1733,241757848958600,2862000,4449738300,4456625000
5,1749,241757896625400,2943300,4497405100,4504291800
5,1765,241757942061800,2699400,4542841500,4549728200
5,1781,241757988864300,2653200,4589644000,4596530700
5,1797,241758034871100,2888400,4635650800,4642537500
5,1813,241758080056200,2933100,4680835900,4687722600
5,1829,241758126570600,2845000,4727350300,4734237000
5,1845,241758172994800,3063300,4773774500,4780661200
5,1861,241758223159400,2671300,4823939100,4830825800
5,1877,241758265513300,2657100,4866293000,4873179700
5,1893,241758309832900,2751400,4910612600,4917499300
5,1909,241758357579800,2728900,4958359500,4965246200
5,1925,241758406217900,3013700,5006997600,5013884300
5,1941,241758451567300,2574800,5052347000,5059233700
5,1957,241758494776800,2715900,5095556500,5102443200
5,1973,241758538505700,2643400,5139285400,5146172100
5,1989,241758582276300,8266400,5183056000,5189942700
5,2005,241758634204600,2796200,5234984300,5241871000
5,2021,241758681311700,3087600,5282091400,5288978100
5,2037,241758728925600,2454200,5329705300,5336592000
6,6,241753555281500,3852300,156061200,162947900
6,22,241753593828600,2168900,194608300,201495000
6,38,241753630036400,2224700,230816100,237702800
6,54,241753664828000,2150500,265607700,272494400
6,70,241753700480200,2278400,301259900,308146600
6,86,241753736661300,2143300,337441000,344327700
6,102,241753771101100,2284900,371880800,378767500
6,118,241753807123200,2233000,407902900,414789600
6,134,241753863385000,2114100,464164700,471051400
6,150,241753897474200,2373000,498253900,505140600
6,166,241753935594000,2142400,536373700,543260400
6,182,241753971065500,2238200,571845200,578731900
6,198,241754005881200,2138100,606660900,613547600
6,214,241754041124100,2167600,641903800,648790500
6,230,241754076854000,2251400,677633700,684520400
6,246,241754111187600,2154300,711967300,718854000
6,262,241754165079100,2142100,765858800,772745500
6,278,241754199749000,2148600,800528700,807415400
6,294,241754233773800,2111900,834553500,841440200
6,310,241754268057500,2213500,868837200,875723900
6,326,241754303188200,2301900,903967900,910854600
6,342,241754338996300,2341700,939776000,946662700
6,358,241754375081800,2162600,975861500,982748200
6,374,241754410059300,2147100,1010839000,1017725700
6,390,241754444695300,19923000,1045475000,1052361700
6,406,241754497925300,2136300,1098705000,1105591700
6,422,241754531710600,2089700,1132490300,1139377000
6,438,241754566183200,2104600,1166962900,1173849600
6,454,241754600746200,2081100,1201525900,1208412600
6,470,241754636142600,2161800,1236922300,1243809000
6,486,241754670598300,2070000,1271378000,1278264700
6,502,241754705036300,2135400,1305816000,1312702700
6,518,241754739823900,2468800,1340603600,1347490300
6,534,241754796249900,2255900,1397029600,1403916300
6,550,241754831962500,2119800,1432742200,1439628900
6,566,241754866132100,2263500,1466911800,1473798500
6,582,241754901819500,2154600,1502599200,1509485900
6,598,241754936094100,2135200,1536873800,1543760500
6,614,241754970312700,2138100,1571092400,1577979100
6,630,241755006344300,2519400,1607124000,1614010700
6,646,241755042889900,2336200,1643669600,1650556300
6,662,241755099284200,2285500,1700063900,1706950600
6,678,241755135794200,2301200,1736573900,1743460600
6,694,241755172137100,2147300,1772916800,1779803500
6,710,241755207326300,2141100,1808106000,1814992700
6,726,241755242282800,2094700,1843062500,1849949200
6,742,241755276456000,2171900,1877235700,1884122400
6,758,241755311812500,2440500,1912592200,1919478900
6,774,241755347605800,2122000,1948385500,1955272200
6,790,241755402452300,2508200,2003232000,2010118700
6,806,241755437098300,2092600,2037878000,2044764700
6,822,241755472230600,2213300,2073010300,2079897000
6,838,241755507542700,2257700,2108322400,2115209100
6,854,241755542655800,2220000,2143435500,2150322200
6,870,241755578674100,2256400,2179453800,2186340500
6,886,241755613670800,2269100,2214450500,2221337200
6,902,241755649948900,2114800,2250728600,2257615300
6,918,241755684962800,2211400,2285742500,2292629200
6,934,241755742367000,2154700,2343146700,2350033400
6,950,241755778209500,2178800,2378989200,2385875900
6,966,241755814444000,2254900,2415223700,2422110400
6,982,241755849899900,2117800,2450679600,2457566300
6,998,241755884203200,2141400,2484982900,2491869600
6,1014,241755918636600,2293800,2519416300,2526303000
6,1030,241755954042400,2181800,2554822100,2561708800
6,1046,241755989037700,2214300,2589817400,2596704100
6,1062,241756030128000,2140700,2630907700,2637794400
6,1078,241756065591000,2345800,2666370700,2673257400
6,1094,241756100898800,2140500,2701678500,2708565200
6,1110,241756136256500,2153000,2737036200,2743922900
6,1126,241756171938400,2216600,2772718100,2779604800
6,1142,241756207009700,2522400,2807789400,2814676100
6,1158,241756241950700,2088900,2842730400,2849617100
6,1174,241756275992200,2108600,2876771900,2883658600
6,1190,241756315360200,2102600,2916139900,2923026600
6,1206,241756350236300,2173200,2951016000,2957902700
6,1222,241756385290900,2087800,2986070600,2992957300
6,1238,241756420880700,2726000,3021660400,3028547100
6,1254,241756466760000,3026900,3067539700,3074426400
6,1270,241756510613100,2631000,3111392800,3118279500
6,1286,241756554148700,2686400,3154928400,3161815100
6,1302,241756601097100,2849200,3201876800,3208763500
6,1318,241756648247600,2723300,3249027300,3255914000
6,1334,241756697490600,2639900,3298270300,3305157000
6,1350,241756741251200,2737900,3342030900,3348917600
6,1366,241756785858800,2942400,3386638500,3393525200
6,1382,241756832842900,2573900,3433622600,3440509300
6,1398,241756875765900,2577000,3476545600,3483432300
6,1414,241756917966600,2640600,3518746300,3525633000
6,1430,241756960394900,2614700,3561174600,3568061300
6,1446,241757005289500,2909500,3606069200,3612955900
6,1462,241757059338800,2671200,3660118500,3667005200
6,1478,241757101764500,2608600,3702544200,3709430900
6,1494,241757146277400,3084500,3747057100,3753943800
6,1510,241757193686300,2647000,3794466000,3801352700
6,1526,241757236359500,2747300,3837139200,3844025900
6,1542,241757283245000,2946300,3884024700,3890911400
6,1558,241757330670800,2891000,3931450500,3938337200
6,1574,241757375982300,2711600,3976762000,3983648700
6,1590,241757427536500,2811600,4028316200,4035202900
6,1606,241757474493500,2593400,4075273200,4082159900
6,1622,241757517649700,2657400,4118429400,4125316100
6,1638,241757567088900,3144600,4167868600,4174755300
6,1654,241757615318300,2970200,4216098000,4222984700
6,1670,241757660853300,2646000,4261633000,4268519700
6,1686,241757707337100,2981500,4308116800,4315003500
6,1702,241757753826400,3012600,4354606100,4361492800
6,1718,241757799486100,2929500,4400265800,4407152500
6,1734,241757850785700,2786100,4451565400,4458452100
6,1750,241757898507400,2943500,4499287100,4506173800
6,1766,241757943873800,2667000,4544653500,4551540200
6,1782,241757990633100,2684400,4591412800,4598299500
6,1798,241758036827200,2796300,4637606900,4644493600
6,1814,241758081982900,3006800,4682762600,4689649300
6,1830,241758128471300,2929800,4729251000,4736137700
6,1846,241758174917400,3116900,4775697100,4782583800
6,1862,241758224816100,2673100,4825595800,4832482500
6,1878,241758267181400,2676900,4867961100,4874847800
6,1894,241758311669300,2729000,4912449000,4919335700
6,1910,241758359216700,2750000,4959996400,4966883100
6,1926,241758407999400,3047400,5008779100,5015665800
6,1942,241758453127400,2592600,5053907100,5060793800
6,1958,241758496466500,2738600,5097246200,5104132900
6,1974,241758540126900,2658600,5140906600,5147793300
6,1990,241758589479200,2799900,5190258900,5197145600
6,2006,241758636152900,2942300,5236932600,5243819300
6,2022,241758683338500,3071800,5284118200,5291004900
6,2038,241758730711200,2428200,5331490900,5338377600
7,7,241753559198800,3125600,159978500,166865200
7,23,241753596089300,2154400,196869000,203755700
7,39,241753632294000,2180800,233073700,239960400
7,55,241753666950600,2140000,267730300,274617000
7,71,241753702801400,2288400,303581100,310467800
7,87,241753738839900,2112500,339619600,346506300
7,103,241753773451100,2199700,374230800,381117500
7,119,241753809419200,2195400,410198900,417085600
7,135,241753865440300,2175200,466220000,473106700
7,151,241753900034400,2313400,500814100,507700800
7,167,241753937900500,2290300,538680200,545566900
7,183,241753973427200,2204300,574206900,581093600
7,199,241754008189200,2157400,608968900,615855600
7,215,241754043231900,2162900,644011600,650898300
7,231,241754079051100,2257100,679830800,686717500
7,247,241754113286000,2340300,714065700,720952400
7,263,241754167254400,2143300,768034100,774920800
7,279,241754202127000,2091700,802906700,809793400
7,295,241754236086700,2092100,836866400,843753100
7,311,241754270414800,2184300,871194500,878081200
7,327,241754305629600,2274600,906409300,913296000
7,343,241754341853200,2223300,942632900,949519600
7,359,241754377814500,2355400,978594200,985480900
7,375,241754412688800,2121400,1013468500,1020355200
7,391,241754465192300,2412600,1065972000,1072858700
7,407,241754500405600,2139200,1101185300,1108072000
7,423,241754534139300,2091600,1134919000,1141805700
7,439,241754568625300,2147400,1169405000,1176291700
7,455,241754603164000,2154600,1203943700,1210830400
7,471,241754638454300,2210800,1239234000,1246120700
7,487,241754672806600,2124100,1273586300,1280473000
7,503,241754707342100,2128100,1308121800,1315008500
7,519,241754742327700,2292800,1343107400,1349994100
7,535,241754798475400,2534100,1399255100,1406141800
7,551,241754833997900,2145000,1434777600,1441664300
7,567,241754868305500,2147800,1469085200,1475971900
7,583,241754903831200,2128700,1504610900,1511497600
7,599,241754938080000,2150100,1538859700,1545746400
7,615,241754972308100,2100100,1573087800,1579974500
7,631,241755008798000,2432200,1609577700,1616464400
7,647,241755045104500,2237300,1645884200,1652770900
7,663,241755101413700,2438300,1702193400,1709080100
7,679,241755137895300,2664200,1738675000,1745561700
7,695,241755174487000,2083000,1775266700,1782153400
7,711,241755209848700,2137900,1810628400,1817515100
7,727,241755244951600,2086500,1845731300,1852618000
7,743,241755279388800,2332700,1880168500,1887055200
7,759,241755314990900,2265000,1915770600,1922657300
7,775,241755350431700,2111500,1951211400,1958098100
7,791,241755405602200,2116600,2006381900,2013268600
7,807,241755439679700,2115400,2040459400,2047346100
7,823,241755474976500,2237800,2075756200,2082642900
7,839,241755510356500,2187000,2111136200,2118022900
7,855,241755545473500,2384300,2146253200,2153139900
7,871,241755581545300,2360000,2182325000,2189211700
7,887,241755616539500,3388200,2217319200,2224205900
7,903,241755653350400,2138400,2254130100,2261016800
7,919,241755688563900,2324000,2289343600,2296230300
7,935,241755745722500,2157000,2346502200,2353388900
7,951,241755781541700,2279600,2382321400,2389208100
7,967,241755817842000,2346700,2418621700,2425508400
7,983,241755853046000,2162600,2453825700,2460712400
7,999,241755887358800,2145200,2488138500,2495025200
7,1015,241755922001300,2220900,2522781000,2529667700
7,1031,241755957180100,2162200,2557959800,2564846500
7,1047,241755992257000,2161200,2593036700,2599923400
7,1063,241756033321100,2226600,2634100800,2640987500
7,1079,241756069070700,2223700,2669850400,2676737100
7,1095,241756104102100,2091500,2704881800,2711768500
7,1111,241756139770800,2197400,2740550500,2747437200
7,1127,241756175413600,2332000,2776193300,2783080000
7,1143,241756210719200,2244600,2811498900,2818385600
7,1159,241756245085400,2129200,2845865100,2852751800
7,1175,241756279139800,2100100,2879919500,2886806200
7,1191,241756318545000,2175700,2919324700,2926211400
7,1207,241756353562900,2173300,2954342600,2961229300
7,1223,241756388428700,2079800,2989208400,2996095100
7,1239,241756424956200,2729200,3025735900,3032622600
7,1255,241756471237800,3167600,3072017500,3078904200
7,1271,241756514285500,2624300,3115065200,3121951900
7,1287,241756559728300,3634300,3160508000,3167394700
7,1303,241756605149100,2963400,3205928800,3212815500
7,1319,241756652154400,2726600,3252934100,3259820800
7,1335,241756701375000,2755100,3302154700,3309041400
7,1351,241756744902500,2617500,3345682200,3352568900
7,1367,241756790110100,2581800,3390889800,3397776500
7,1383,241756836744300,2899100,3437524000,3444410700
7,1399,241756879515700,2638700,3480295400,3487182100
7,1415,241756921968100,2682000,3522747800,3529634500
7,1431,241756964202000,2691900,3564981700,3571868400
7,1447,241757009648400,3059300,3610428100,3617314800
7,1463,241757062683900,2654500,3663463600,3670350300
7,1479,241757105075900,2751300,3705855600,3712742300
7,1495,241757150112000,2643100,3750891700,3757778400
7,1511,241757197097800,2651900,3797877500,3804764200
7,1527,241757239909300,2776500,3840689000,3847575700
7,1543,241757287050200,2950400,3887829900,3894716600
7,1559,241757334419700,2920900,3935199400,3942086100
7,1575,241757379438600,2715100,3980218300,3987105000
7,1591,241757431198200,2780300,4031977900,4038864600
7,1607,241757477922200,2729600,4078701900,4085588600
7,1623,241757521182000,2625600,4121961700,4128848400
7,1639,241757571334700,3053000,4172114400,4179001100
7,1655,241757619298500,2992500,4220078200,4226964900
7,1671,241757664398700,2595900,4265178400,4272065100
7,1687,241757711179700,2710900,4311959400,4318846100
7,1703,241757757589000,3094800,4358368700,4365255400
7,1719,241757803255300,2951200,4404035000,4410921700
7,1735,241757854401700,3004900,4455181400,4462068100
7,1751,241757902368900,2951500,4503148600,4510035300
7,1767,241757947366300,3001100,4548146000,4555032700
7,1783,241757994075800,2710700,4594855500,4601742200
7,1799,241758040381100,2846900,4641160800,4648047500
7,1815,241758085792900,2888500,4686572600,4693459300
7,1831,241758132182900,2977100,4732962600,4739849300
7,1847,241758179076300,2907600,4779856000,4786742700
7,1863,241758228406100,2697700,4829185800,4836072500
7,1879,241758270912500,2767400,4871692200,4878578900
7,1895,241758315222000,2845900,4916001700,4922888400
7,1911,241758362782600,2723700,4963562300,4970449000
7,1927,241758411985200,2996800,5012764900,5019651600
7,1943,241758456525600,2650900,5057305300,5064192000
7,1959,241758500030600,2808900,5100810300,5107697000
7,1975,241758543584200,2620400,5144363900,5151250600
7,1991,241758593128800,2815700,5193908500,5200795200
7,2007,241758639875300,3076900,5240655000,5247541700
7,2023,241758687179500,3124200,5287959200,5294845900
7,2039,241758733845900,2669800,5334625600,5341512300
8,8,241753562396200,2684100,163175900,170062600
8,24,241753598278300,2169100,199058000,205944700
8,40,241753634601300,2121000,235381000,242267700
8,56,241753669193000,2415200,269972700,276859400
8,72,241753705152300,2185100,305932000,312818700
8,88,241753740987900,2167300,341767600,348654300
8,104,241753775684300,2207900,376464000,383350700
8,120,241753811673400,2370500,412453100,419339800
8,136,241753867700800,2139000,468480500,475367200
8,152,241753902214700,2364700,502994400,509881100
8,168,241753940010700,2247600,540790400,547677100
8,184,241753975429500,2153000,576209200,583095900
8,200,241754010263700,2124600,611043400,617930100
8,216,241754045364900,2198000,646144600,653031300
8,232,241754081276800,2185000,682056500,688943200
8,248,241754115597300,2316800,716377000,723263700
8,264,241754169287300,2120700,770067000,776953700
8,280,241754203938700,2139800,804718400,811605100
8,296,241754237926900,2118700,838706600,845593300
8,312,241754272440300,2097600,873220000,880106700
8,328,241754307843100,2276900,908622800,915509500
8,344,241754344232000,2181600,945011700,951898400
8,360,241754380208900,2220400,980988600,987875300
8,376,241754414841700,2084800,1015621400,1022508100
8,392,241754467637500,2060600,1068417200,1075303900
8,408,241754502515500,2084900,1103295200,1110181900
8,424,241754536202400,2083700,1136982100,1143868800
8,440,241754570717800,2133100,1171497500,1178384200
8,456,241754605258700,2083100,1206038400,1212925100
8,472,241754640426800,2187100,1241206500,1248093200
8,488,241754674706300,2115900,1275486000,1282372700
8,504,241754709215800,2123600,1309995500,1316882200
8,520,241754744506200,2241500,1345285900,1352172600
8,536,241754800864500,2384700,1401644200,1408530900
8,552,241754836004200,2103300,1436783900,1443670600
8,568,241754870305200,2193600,1471084900,1477971600
8,584,241754905877700,2149300,1506657400,1513544100
8,600,241754940141400,2132700,1540921100,1547807800
8,616,241754974322200,2116100,1575101900,1581988600
8,632,241755011165000,2360400,1611944700,1618831400
8,648,241755047440200,2248200,1648219900,1655106600
8,664,241755103980800,2199100,1704760500,1711647200
8,680,241755140498000,2407600,1741277700,1748164400
8,696,241755176425700,2251600,1777205400,1784092100
8,712,241755211742100,2117700,1812521800,1819408500
8,728,241755246583700,2115700,1847363400,1854250100
8,744,241755281297300,2356300,1882077000,1888963700
8,760,241755316952500,2258400,1917732200,1924618900
8,776,241755352334600,2095400,1953114300,1960001000
8,792,241755407647100,2146500,2008426800,2015313500
8,808,241755441767500,2190400,2042547200,2049433900
8,824,241755477281100,2184400,2078060800,2084947500
8,840,241755512579600,2193000,2113359300,2120246000
8,856,241755547828800,2342300,2148608500,2155495200
8,872,241755584022800,2190300,2184802500,2191689200
8,888,241755619681200,2296900,2220460900,2227347600
8,904,241755655264900,2128500,2256044600,2262931300
8,920,241755690548900,2372100,2291328600,2298215300
8,936,241755747497800,2227600,2348277500,2355164200
8,952,241755783536700,2293500,2384316400,2391203100
8,968,241755820037900,2318400,2420817600,2427704300
8,984,241755855268600,2131500,2456048300,2462935000
8,1000,241755889593200,2090900,2490372900,2497259600
8,1016,241755924446200,2332400,2525225900,2532112600
8,1032,241755959599400,2188800,2560379100,2567265800
8,1048,241755994708200,2272000,2595487900,2602374600
8,1064,241756035759300,2166200,2636539000,2643425700
8,1080,241756071154800,2237000,2671934500,2678821200
8,1096,241756106137700,2173100,2706917400,2713804100
8,1112,241756142119400,2119600,2742899100,2749785800
8,1128,241756177954700,2222100,2778734400,2785621100
8,1144,241756213081100,2196200,2813860800,2820747500
8,1160,241756247328800,2105100,2848108500,2854995200
8,1176,241756281382500,2110500,2882162200,2889048900
8,1192,241756320865100,2121100,2921644800,2928531500
8,1208,241756355884900,2190400,2956664600,2963551300
8,1224,241756390652500,2095200,2991432200,2998318900
8,1240,241756427878500,2740800,3028658200,3035544900
8,1256,241756474585500,2992400,3075365200,3082251900
8,1272,241756517111100,2628500,3117890800,3124777500
8,1288,241756563536900,2811200,3164316600,3171203300
8,1304,241756608278900,2987500,3209058600,3215945300
8,1320,241756654990400,2717800,3255770100,3262656800
8,1336,241756704251700,2746200,3305031400,3311918100
8,1352,241756747641600,2692200,3348421300,3355308000
8,1368,241756792808100,2781100,3393587800,3400474500
8,1384,241756839783800,2876700,3440563500,3447450200
8,1400,241756882222000,2661300,3483001700,3489888400
8,1416,241756924727100,2613600,3525506800,3532393500
8,1432,241756966975200,2618700,3567754900,3574641600
8,1448,241757012868500,2926700,3613648200,3620534900
8,1464,241757063907800,2645900,3664687500,3671574200
8,1480,241757106320200,2795600,3707099900,3713986600
8,1496,241757151332700,2879300,3752112400,3758999100
8,1512,241757198330900,2625900,3799110600,3805997300
8,1528,241757241148800,2768800,3841928500,3848815200
8,1544,241757288388600,2930500,3889168300,3896055000
8,1560,241757335746500,2916400,3936526200,3943412900
8,1576,241757380655200,2687400,3981434900,3988321600
8,1592,241757432442900,2897600,4033222600,4040109300
8,1608,241757479152300,2720900,4079932000,4086818700
8,1624,241757522368400,2550600,4123148100,4130034800
8,1640,241757571949700,3079500,4172729400,4179616100
8,1656,241757619883800,3046300,4220663500,4227550200
8,1672,241757664888700,2592500,4265668400,4272555100
8,1688,241757711656800,2752100,4312436500,4319323200
8,1704,241757758163200,3085300,4358942900,4365829600
8,1720,241757803837700,2935300,4404617400,4411504100
8,1736,241757854930200,3017100,4455709900,4462596600
8,1752,241757902910400,2937000,4503690100,4510576800
8,1768,241757947957800,2997100,4548737500,4555624200
8,1784,241757994597100,2727500,4595376800,4602263500
8,1800,241758040951100,2884200,4641730800,4648617500
8,1816,241758086395600,2898200,4687175300,4694062000
8,1832,241758132805700,2981100,4733585400,4740472100
8,1848,241758179620900,2813900,4780400600,4787287300
8,1864,241758228875400,2701000,4829655100,4836541800
8,1880,241758271394500,2751400,4872174200,4879060900
8,1896,241758315777900,2758100,4916557600,4923444300
8,1912,241758363196900,2868100,4963976600,4970863300
8,1928,241758412417400,3002400,5013197100,5020083800
8,1944,241758456885400,2675700,5057665100,5064551800
8,1960,241758500424100,2806400,5101203800,5108090500
8,1976,241758543936800,2615200,5144716500,5151603200
8,1992,241758593627800,2806900,5194407500,5201294200
8,2008,241758640441400,3078500,5241221100,5248107800
8,2024,241758687750600,3110400,5288530300,5295417000
8,2040,241758734241200,2678000,5335020900,5341907600
9,9,241753565145600,2280700,165925300,172812000
9,25,241753600541200,2151900,201320900,208207600
9,41,241753636756000,2144000,237535700,244422400
9,57,241753671757700,2349400,272537400,279424100
9,73,241753707488800,2215900,308268500,315155200
9,89,241753743304800,2126800,344084500,350971200
9,105,241753778088000,2164900,378867700,385754400
9,121,241753814352700,2334800,415132400,422019100
9,137,241753870089500,2139000,470869200,477755900
9,153,241753904956400,2295000,505736100,512622800
9,169,241753942738700,2178500,543518400,550405100
9,185,241753978078900,2121800,578858600,585745300
9,201,241754012862000,2078600,613641700,620528400
9,217,241754048218000,2287300,648997700,655884400
9,233,241754084103000,2093600,684882700,691769400
9,249,241754118656500,2218700,719436200,726322900
9,265,241754172102500,2111000,772882200,779768900
9,281,241754206726700,2129800,807506400,814393100
9,297,241754240703100,2098200,841482800,848369500
9,313,241754275213300,2141500,875993000,882879700
9,329,241754310647100,2196200,911426800,918313500
9,345,241754347064700,2201100,947844400,954731100
9,361,241754383107800,2166200,983887500,990774200
9,377,241754417664100,2126300,1018443800,1025330500
9,393,241754470701100,2124900,1071480800,1078367500
9,409,241754505561700,2141200,1106341400,1113228100
9,425,241754539240300,2216200,1140020000,1146906700
9,441,241754573822900,2101600,1174602600,1181489300
9,457,241754608334700,2086600,1209114400,1216001100
9,473,241754643767500,2100200,1244547200,1251433900
9,489,241754677938500,2138600,1278718200,1285604900
9,505,241754712474000,2108100,1313253700,1320140400
9,521,241754748035700,2418500,1348815400,1355702100
9,537,241754804425600,2216200,1405205300,1412092000
9,553,241754839237500,2176500,1440017200,1446903900
9,569,241754873696600,2088200,1474476300,1481363000
9,585,241754909279400,2142900,1510059100,1516945800
9,601,241754943447600,2110600,1544227300,1551114000
9,617,241754977621300,2133200,1578401000,1585287700
9,633,241755014800500,2339300,1615580200,1622466900
9,649,241755050902500,2222100,1651682200,1658568900
9,665,241755107631100,2366600,1708410800,1715297500
9,681,241755144369000,2418300,1745148700,1752035400
9,697,241755180101900,2159200,1780881600,1787768300
9,713,241755214964400,2095600,1815744100,1822630800
9,729,241755249991000,2108200,1850770700,1857657400
9,745,241755284924800,2185900,1885704500,1892591200
9,761,241755320552300,2195600,1921332000,1928218700
9,777,241755355614100,2134700,1956393800,1963280500
9,793,241755410949400,2145100,2011729100,2018615800
9,809,241755445233700,2119100,2046013400,2052900100
9,825,241755480663700,2280800,2081443400,2088330100
9,841,241755515814500,2216500,2116594200,2123480900
9,857,241755551134000,2218200,2151913700,2158800400
9,873,241755587044200,2197300,2187823900,2194710600
9,889,241755622309400,2189600,2223089100,2229975800
9,905,241755657735000,2333900,2258514700,2265401400
9,921,241755693297300,22384800,2294077000,2300963700
9,937,241755750093900,2124800,2350873600,2357760300
9,953,241755786192800,2253800,2386972500,2393859200
9,969,241755822569100,2175500,2423348800,2430235500
9,985,241755857284900,2152700,2458064600,2464951300
9,1001,241755891572000,2149100,2492351700,2499238400
9,1017,241755926657000,2243600,2527436700,2534323400
9,1033,241755961624600,2236400,2562404300,2569291000
9,1049,241755996802600,2167200,2597582300,2604469000
9,1065,241756037752200,2176800,2638531900,2645418600
9,1081,241756073480900,2342000,2674260600,2681147300
9,1097,241756108281100,2215100,2709060800,2715947500
9,1113,241756144038600,2397300,2744818300,2751705000
9,1129,241756180032200,2175300,2780811900,2787698600
9,1145,241756215219800,2194300,2815999500,2822886200
9,1161,241756249373300,2148000,2850153000,2857039700
9,1177,241756283412100,2103600,2884191800,2891078500
9,1193,241756322904000,2240600,2923683700,2930570400
9,1209,241756357964000,2274300,2958743700,2965630400
9,1225,241756392623900,2104300,2993403600,3000290300
9,1241,241756430463300,2654400,3031243000,3038129700
9,1257,241756477416900,2763700,3078196600,3085083300
9,1273,241756519596700,2665200,3120376400,3127263100
9,1289,241756566185900,2716400,3166965600,3173852300
9,1305,241756611029300,2960700,3211809000,3218695700
9,1321,241756657442600,8267000,3258222300,3265109000
9,1337,241756706738800,2734500,3307518500,3314405200
9,1353,241756750067800,2694100,3350847500,3357734200
9,1369,241756795331300,2763700,3396111000,3402997700
9,1385,241756842447400,2654600,3443227100,3450113800
9,1401,241756884652900,2696000,3485432600,3492319300
9,1417,241756927131500,2604600,3527911200,3534797900
9,1433,241756969370500,2689300,3570150200,3577036900
9,1449,241757015541100,4641500,3616320800,3623207500
9,1465,241757068590400,2621200,3669370100,3676256800
9,1481,241757111187000,2613100,3711966700,3718853400
9,1497,241757156330600,2626600,3757110300,3763997000
9,1513,241757203180500,2685000,3803960200,3810846900
9,1529,241757246098500,3067300,3846878200,3853764900
9,1545,241757293712300,3132600,3894492000,3901378700
9,1561,241757341000200,2907100,3941779900,3948666600
9,1577,241757385795300,3026400,3986575000,3993461700
9,1593,241757437588000,2947300,4038367700,4045254400
9,1609,241757484084900,2718100,4084864600,4091751300
9,1625,241757527038400,3711900,4127818100,4134704800
9,1641,241757579066000,3134800,4179845700,4186732400
9,1657,241757626695700,2960900,4227475400,4234362100
9,1673,241757670768800,2609300,4271548500,4278435200
9,1689,241757717947600,2729500,4318727300,4325614000
9,1705,241757764928000,2810900,4365707700,4372594400
9,1721,241757810501700,2975800,4411281400,4418168100
9,1737,241757861912600,3114600,4462692300,4469579000
9,1753,241757909628800,2952200,4510408500,4517295200
9,1769,241757954630400,2973600,4555410100,4562296800
9,1785,241758000814300,2678800,4601594000,4608480700
9,1801,241758047556500,2822500,4648336200,4655222900
9,1817,241758092973000,2908900,4693752700,4700639400
9,1833,241758139600100,2971600,4740379800,4747266500
9,1849,241758185959500,2761700,4786739200,4793625900
9,1865,241758234866400,2629800,4835646100,4842532800
9,1881,241758277626500,2699100,4878406200,4885292900
9,1897,241758322255100,5469000,4923034800,4929921500
9,1913,241758370095700,3171000,4970875400,4977762100
9,1929,241758419051000,2618800,5019830700,5026717400
9,1945,241758463166100,2584800,5063945800,5070832500
9,1961,241758506737800,2741100,5107517500,5114404200
9,1977,241758550007200,2817600,5150786900,5157673600
9,1993,241758599895900,2923100,5200675600,5207562300
9,2009,241758647295400,3076200,5248075100,5254961800
9,2025,241758694438400,3047500,5295218100,5302104800
9,2041,241758740057000,2588600,5340836700,5347723400
10,10,241753567461600,2234300,168241300,175128000
10,26,241753602664800,2192900,203444500,210331200
10,42,241753638937700,2147000,239717400,246604100
10,58,241753674142000,2283600,274921700,281808400
10,74,241753709654400,2428700,310434100,317320800
10,90,241753745404400,2116400,346184100,353070800
10,106,241753780350200,2478800,381129900,388016600
10,122,241753816514800,2214800,417294500,424181200
10,138,241753872115200,2108800,472894900,479781600
10,154,241753907190600,2380800,507970300,514857000
10,170,241753944782900,2421800,545562600,552449300
10,186,241753980171700,2398300,580951400,587838100
10,202,241754014805000,2088000,615584700,622471400
10,218,241754050187100,2250200,650966800,657853500
10,234,241754085878000,2108300,686657700,693544400
10,250,241754120512000,2195400,721291700,728178400
10,266,241754173882200,2127400,774661900,781548600
10,282,241754208685200,2135600,809464900,816351600
10,298,241754242632000,2091800,843411700,850298400
10,314,241754277154200,2305800,877933900,884820600
10,330,241754312568900,2192200,913348600,920235300
10,346,241754348652200,2191100,949431900,956318600
10,362,241754384755200,2331800,985534900,992421600
10,378,241754419291000,2116700,1020070700,1026957400
10,394,241754472173200,2141900,1072952900,1079839600
10,410,241754507089700,2095700,1107869400,1114756100
10,426,241754540811900,2376700,1141591600,1148478300
10,442,241754575335000,2140900,1176114700,1183001400
10,458,241754609850100,2130000,1210629800,1217516500
10,474,241754645256200,2123800,1246035900,1252922600
10,490,241754679450900,2147300,1280230600,1287117300
10,506,241754713944800,2317800,1314724500,1321611200
10,522,241754749198700,2322500,1349978400,1356865100
10,538,241754805498500,2216500,1406278200,1413164900
10,554,241754840324300,2172400,1441104000,1447990700
10,570,241754874688900,2124400,1475468600,1482355300
10,586,241754910253200,2156900,1511032900,1517919600
10,602,241754944441700,2129200,1545221400,1552108100
10,618,241754978637100,2093100,1579416800,1586303500
10,634,241755016105000,2317100,1616884700,1623771400
10,650,241755052188700,2183900,1652968400,1659855100
10,666,241755108825300,2343400,1709605000,1716491700
10,682,241755145624800,2299400,1746404500,1753291200
10,698,241755181082200,2173900,1781861900,1788748600
10,714,241755216116900,2429800,1816896600,1823783300
10,730,241755251123800,2112400,1851903500,1858790200
10,746,241755286174300,2163100,1886954000,1893840700
10,762,241755321810000,2271700,1922589700,1929476400
10,778,241755356800500,2175100,1957580200,1964466900
10,794,241755412165200,2147400,2012944900,2019831600
10,810,241755446387200,2154600,2047166900,2054053600
10,826,241755482045700,2169800,2082825400,2089712100
10,842,241755517111300,2199200,2117891000,2124777700
10,858,241755552493100,2211800,2153272800,2160159500
10,874,241755588356800,2187700,2189136500,2196023200
10,890,241755624735400,2184100,2225515100,2232401800
10,906,241755660298900,2222500,2261078600,2267965300
10,922,241755715912600,2577300,2316692300,2323579000
10,938,241755752670400,2399700,2353450100,2360336800
10,954,241755789061800,2222600,2389841500,2396728200
10,970,241755825386900,2165200,2426166600,2433053300
10,986,241755860263600,2128800,2461043300,2467930000
10,1002,241755894687400,2158400,2495467100,2502353800
10,1018,241755929808400,2228300,2530588100,2537474800
10,1034,241755964687100,2156400,2565466800,2572353500
10,1050,241755999720900,2117500,2600500600,2607387300
10,1066,241756040676500,2132500,2641456200,2648342900
10,1082,241756076040100,2240300,2676819800,2683706500
10,1098,241756110734600,2242200,2711514300,2718401000
10,1114,241756146762700,2250100,2747542400,2754429100
10,1130,241756182327500,2166900,2783107200,2789993900
10,1146,241756217512500,2174900,2818292200,2825178900
10,1162,241756251609800,2122900,2852389500,2859276200
10,1178,241756285581100,2098100,2886360800,2893247500
10,1194,241756325179400,2202200,2925959100,2932845800
10,1210,241756360303500,2195300,2961083200,2967969900
10,1226,241756394795400,2164800,2995575100,3002461800
10,1242,241756433168300,2747400,3033948000,3040834700
10,1258,241756480222800,2610300,3081002500,3087889200
10,1274,241756522299000,2885700,3123078700,3129965400
10,1290,241756568949800,2767600,3169729500,3176616200
10,1306,241756614161400,2924200,3214941100,3221827800
10,1322,241756665891800,2766700,3266671500,3273558200
10,1338,241756709666800,2805200,3310446500,3317333200
10,1354,241756752975700,2708500,3353755400,3360642100
10,1370,241756798273400,2739000,3399053100,3405939800
10,1386,241756845204600,2568900,3445984300,3452871000
10,1402,241756887451900,2704900,3488231600,3495118300
10,1418,241756929842300,2582300,3530622000,3537508700
10,1434,241756972170200,2577700,3572949900,3579836600
10,1450,241757019206500,2771300,3619986200,3626872900
10,1466,241757070401200,2631200,3671180900,3678067600
10,1482,241757112970800,2646200,3713750500,3720637200
10,1498,241757157922100,2864000,3758701800,3765588500
10,1514,241757205034000,2612200,3805813700,3812700400
10,1530,241757248169000,3106300,3848948700,3855835400
10,1546,241757295672000,3206100,3896451700,3903338400
10,1562,241757342950300,2907700,3943730000,3950616700
10,1578,241757387904600,2972600,3988684300,3995571000
10,1594,241757439643300,2896100,4040423000,4047309700
10,1610,241757485942100,2718800,4086721800,4093608500
10,1626,241757528991000,2998300,4129770700,4136657400
10,1642,241757580296800,3057100,4181076500,4187963200
10,1658,241757627860800,2913100,4228640500,4235527200
10,1674,241757671798400,2745700,4272578100,4279464800
10,1690,241757719062000,3111000,4319841700,4326728400
10,1706,241757766049800,2789600,4366829500,4373716200
10,1722,241757811679100,8630400,4412458800,4419345500
10,1738,241757863190300,3005400,4463970000,4470856700
10,1754,241757910733300,2950100,4511513000,4518399700
10,1770,241757955686400,2949500,4556466100,4563352800
10,1786,241758001673800,2761800,4602453500,4609340200
10,1802,241758048470000,2833400,4649249700,4656136400
10,1818,241758093969800,2924600,4694749500,4701636200
10,1834,241758140550600,2963400,4741330300,4748217000
10,1850,241758186873000,2736100,4787652700,4794539400
10,1866,241758235810800,2614500,4836590500,4843477200
10,1882,241758278557900,2734700,4879337600,4886224300
10,1898,241758324228900,4533800,4925008600,4931895300
10,1914,241758371234900,3193500,4972014600,4978901300
10,1930,241758420009700,2575400,5020789400,5027676100
10,1946,241758464096300,2548200,5064876000,5071762700
10,1962,241758507740800,2801100,5108520500,5115407200
10,1978,241758551034300,2766000,5151814000,5158700700
10,1994,241758600905100,3208000,5201684800,5208571500
10,2010,241758648808500,3064000,5249588200,5256474900
10,2026,241758695916900,3001200,5296696600,5303583300
10,2042,241758741437500,2579200,5342217200,5349103900
11,11,241753569635800,2216200,170415500,177302200
11,27,241753604826900,2145000,205606600,212493300
11,43,241753641121600,2124000,241901300,248788000
11,59,241753676358700,2218600,277138400,284025100
11,75,241753712054600,2256900,312834300,319721000
11,91,241753747492800,2116900,348272500,355159200
11,107,241753782709000,2211300,383488700,390375400
11,123,241753818762200,2522700,419541900,426428600
11,139,241753874137100,2133500,474916800,481803500
11,155,241753909086100,2330700,509865800,516752500
11,171,241753946664400,2271800,547444100,554330800
11,187,241753981938300,2264400,582718000,589604700
11,203,241754016376000,2192600,617155700,624042400
11,219,241754051969800,2260600,652749500,659636200
11,235,241754087572900,2114700,688352600,695239300
11,251,241754122284000,2196900,723063700,729950400
11,267,241754175581100,2285000,776360800,783247500
11,283,241754210210700,2120200,810990400,817877100
11,299,241754244117200,2096300,844896900,851783600
11,315,241754278728500,2384900,879508200,886394900
11,331,241754314185200,2173600,914964900,921851600
11,347,241754349935500,2392000,950715200,957601900
11,363,241754386065100,2409300,986844800,993731500
11,379,241754420617100,2115200,1021396800,1028283500
11,395,241754473587000,2137300,1074366700,1081253400
11,411,241754508458900,2108300,1109238600,1116125300
11,427,241754542284700,2355200,1143064400,1149951100
11,443,241754576672300,2146400,1177452000,1184338700
11,459,241754611172500,2103600,1211952200,1218838900
11,475,241754646569400,2131900,1247349100,1254235800
11,491,241754680771000,2175300,1281550700,1288437400
11,507,241754715321900,2193400,1316101600,1322988300
11,523,241754751042500,2232200,1351822200,1358708900
11,539,241754807227500,2279900,1408007200,1414893900
11,555,241754841943000,2122000,1442722700,1449609400
11,571,241754876323700,2129100,1477103400,1483990100
11,587,241754912117300,2096700,1512897000,1519783700
11,603,241754946286100,2138900,1547065800,1553952500
11,619,241754980456400,2088500,1581236100,1588122800
11,635,241755017813200,2215900,1618592900,1625479600
11,651,241755053896300,2126900,1654676000,1661562700
11,667,241755110852200,2293400,1711631900,1718518600
11,683,241755147771600,2283300,1748551300,1755438000
11,699,241755183141900,2160600,1783921600,1790808300
11,715,241755218263300,2317600,1819043000,1825929700
11,731,241755253146900,2112700,1853926600,1860813300
11,747,241755288281700,2180900,1889061400,1895948100
11,763,241755324025800,2227700,1924805500,1931692200
11,779,241755358866900,2092500,1959646600,1966533300
11,795,241755414286000,2142400,2015065700,2021952400
11,811,241755448457800,2115400,2049237500,2056124200
11,827,241755484016900,2219800,2084796600,2091683300
11,843,241755519161700,2145800,2119941400,2126828100
11,859,241755554494000,2146700,2155273700,2162160400
11,875,241755590353300,2182300,2191133000,2198019700
11,891,241755625667200,2185700,2226446900,2233333600
11,907,241755661427700,2156500,2262207400,2269094100
11,923,241755717243100,2409500,2318022800,2324909500
11,939,241755753858700,2227100,2354638400,2361525100
11,955,241755789819600,2333500,2390599300,2397486000
11,971,241755826168300,2161700,2426948000,2433834700
11,987,241755861019900,2155500,2461799600,2468686300
11,1003,241755895444500,2157500,2496224200,2503110900
11,1019,241755930588300,2211200,2531368000,2538254700
11,1035,241755965413100,2161700,2566192800,2573079500
11,1051,241756000527900,2132300,2601307600,2608194300
11,1067,241756041471400,2118800,2642251100,2649137800
11,1083,241756077465500,2218100,2678245200,2685131900
11,1099,241756112149900,2280300,2712929600,2719816300
11,1115,241756148079200,2170700,2748858900,2755745600
11,1131,241756183647400,2198200,2784427100,2791313800
11,1147,241756218859700,2189900,2819639400,2826526100
11,1163,241756252902000,2173200,2853681700,2860568400
11,1179,241756286862200,2100900,2887641900,2894528600
11,1195,241756326615600,2194300,2927395300,2934282000
11,1211,241756361719000,2187500,2962498700,2969385400
11,1227,241756396211600,2168100,2996991300,3003878000
11,1243,241756435105700,2709200,3035885400,3042772100
11,1259,241756481955400,2572900,3082735100,3089621800
11,1275,241756524195900,2784900,3124975600,3131862300
11,1291,241756570721200,2789800,3171500900,3178387600
11,1307,241756616020700,2914200,3216800400,3223687100
11,1323,241756667639500,2703700,3268419200,3275305900
11,1339,241756711421900,2773900,3312201600,3319088300
11,1355,241756754695200,2692900,3355474900,3362361600
11,1371,241756800033200,2750600,3400812900,3407699600
11,1387,241756846867300,2578200,3447647000,3454533700
11,1403,241756889183000,2675200,3489962700,3496849400
11,1419,241756931530700,2548200,3532310400,3539197100
11,1435,241756973832900,2604200,3574612600,3581499300
11,1451,241757023346600,2768700,3624126300,3631013000
11,1467,241757074250200,2670300,3675029900,3681916600
11,1483,241757116846300,2632000,3717626000,3724512700
11,1499,241757161990100,2588300,3762769800,3769656500
11,1515,241757208849500,2617700,3809629200,3816515900
11,1531,241757252618000,2919000,3853397700,3860284400
11,1547,241757300245500,2915800,3901025200,3907911900
11,1563,241757347211100,2824700,3947990800,3954877500
11,1579,241757392069400,2900200,3992849100,3999735800
11,1595,241757443790300,2772300,4044570000,4051456700
11,1611,241757489853000,2723300,4090632700,4097519400
11,1627,241757533625600,3303500,4134405300,4141292000
11,1643,241757585003200,2856400,4185782900,4192669600
11,1659,241757632333300,2942100,4233113000,4239999700
11,1675,241757676186000,2984300,4276965700,4283852400
11,1691,241757723732800,2910000,4324512500,4331399200
11,1707,241757770305700,2714700,4371085400,4377972100
11,1723,241757821814300,2660400,4422594000,4429480700
11,1739,241757867755400,3040700,4468535100,4475421800
11,1755,241757915177800,2813100,4515957500,4522844200
11,1771,241757960284700,2982800,4561064400,4567951100
11,1787,241758006064400,3024400,4606844100,4613730800
11,1803,241758052713900,2606600,4653493600,4660380300
11,1819,241758098727800,2923500,4699507500,4706394200
11,1835,241758145409200,2597600,4746188900,4753075600
11,1851,241758191402100,2781000,4792181800,4799068500
11,1867,241758240046000,2722400,4840825700,4847712400
11,1883,241758282980200,2716200,4883759900,4890646600
11,1899,241758330485700,2824300,4931265400,4938152100
11,1915,241758376312300,3072900,4977092000,4983978700
11,1931,241758424118600,2566800,5024898300,5031785000
11,1947,241758468194700,2574300,5068974400,5075861100
11,1963,241758512206500,2721800,5112986200,5119872900
11,1979,241758555363400,2728700,5156143100,5163029800
11,1995,241758605643800,2618000,5206423500,5213310200
11,2011,241758653567200,3173300,5254346900,5261233600
11,2027,241758700524800,3037000,5301304500,5308191200
11,2043,241758745357700,2582600,5346137400,5353024100
12,12,241753571767300,2285500,172547000,179433700
12,28,241753606861500,2162000,207641200,214527900
12,44,241753643137000,2123200,243916700,250803400
12,60,241753678463200,2218500,279242900,286129600
12,76,241753714201200,2213300,314980900,321867600
12,92,241753749448100,2068200,350227800,357114500
12,108,241753784788700,2173700,385568400,392455100
12,124,241753821067000,2492000,421846700,428733400
12,140,241753876153100,2136300,476932800,483819500
12,156,241753911661500,2873100,512441200,519327900
12,172,241753949211900,2231700,549991600,556878300
12,188,241753984453500,2136400,585233200,592119900
12,204,241754018896000,2236200,619675700,626562400
12,220,241754054461100,2241500,655240800,662127500
12,236,241754089908700,2115000,690688400,697575100
12,252,241754124736400,2212000,725516100,732402800
12,268,241754178061500,2182400,778841200,785727900
12,284,241754212593900,2130100,813373600,820260300
12,300,241754246469400,2156100,847249100,854135800
12,316,241754281354000,2218300,882133700,889020400
12,332,241754316516800,2306700,917296500,924183200
12,348,241754352296200,2536400,953075900,959962600
12,364,241754388371800,2266300,989151500,996038200
12,380,241754422649500,2139600,1023429200,1030315900
12,396,241754475664600,2280000,1076444300,1083331000
12,412,241754510488900,2091600,1111268600,1118155300
12,428,241754544552900,2219600,1145332600,1152219300
12,444,241754578765300,2108500,1179545000,1186431700
12,460,241754613221900,2115700,1214001600,1220888300
12,476,241754648618600,2106200,1249398300,1256285000
12,492,241754682840300,2149000,1283620000,1290506700
12,508,241754717673400,2229200,1318453100,1325339800
12,524,241754753514500,21576200,1354294200,1361180900
12,540,241754809736900,2222500,1410516600,1417403300
12,556,241754844352200,2132100,1445131900,1452018600
12,572,241754878678200,2125100,1479457900,1486344600
12,588,241754914245000,2077900,1515024700,1521911400
12,604,241754948459100,2187000,1549238800,1556125500
12,620,241754982608400,2135800,1583388100,1590274800
12,636,241755020131500,2290600,1620911200,1627797900
12,652,241755055967300,2686000,1656747000,1663633700
12,668,241755112989900,2376200,1713769600,1720656300
12,684,241755149686700,2304800,1750466400,1757353100
12,700,241755184989600,2161400,1785769300,1792656000
12,716,241755220035500,2122700,1820815200,1827701900
12,732,241755254709500,2114500,1855489200,1862375900
12,748,241755289636600,2160800,1890416300,1897303000
12,764,241755325365400,2297500,1926145100,1933031800
12,780,241755360192000,2149500,1960971700,1967858400
12,796,241755415639500,2125700,2016419200,2023305900
12,812,241755449818800,2112800,2050598500,2057485200
12,828,241755485649300,2165200,2086429000,2093315700
12,844,241755520621000,2134600,2121400700,2128287400
12,860,241755556143700,2204600,2156923400,2163810100
12,876,241755592038100,2161600,2192817800,2199704500
12,892,241755627310900,2419500,2228090600,2234977300
12,908,241755662945600,2159000,2263725300,2270612000
12,924,241755719058100,2460900,2319837800,2326724500
12,940,241755755443700,2170700,2356223400,2363110100
12,956,241755791440300,2318500,2392220000,2399106700
12,972,241755827521700,2154600,2428301400,2435188100
12,988,241755862365800,2167000,2463145500,2470032200
12,1004,241755896818800,2125500,2497598500,2504485200
12,1020,241755932072400,2212200,2532852100,2539738800
12,1036,241755966878000,2142800,2567657700,2574544400
12,1052,241756002049500,2194400,2602829200,2609715900
12,1068,241756042998500,2107200,2643778200,2650664900
12,1084,241756078928700,2314800,2679708400,2686595100
12,1100,241756113624900,2153400,2714404600,2721291300
12,1116,241756149450100,2198800,2750229800,2757116500
12,1132,241756185050300,2191800,2785830000,2792716700
12,1148,241756220294100,2139700,2821073800,2827960500
12,1164,241756254316400,2171200,2855096100,2861982800
12,1180,241756288304700,2090600,2889084400,2895971100
12,1196,241756328020400,2147100,2928800100,2935686800
12,1212,241756363099300,2170000,2963879000,2970765700
12,1228,241756397608000,2135100,2998387700,3005274400
12,1244,241756436793800,2699100,3037573500,3044460200
12,1260,241756483621100,2579500,3084400800,3091287500
12,1276,241756526039700,2735300,3126819400,3133706100
12,1292,241756572562300,2713100,3173342000,3180228700
12,1308,241756617985000,2932100,3218764700,3225651400
12,1324,241756669475500,2724000,3270255200,3277141900
12,1340,241756713279500,2688400,3314059200,3320945900
12,1356,241756756517300,2825600,3357297000,3364183700
12,1372,241756801871700,2711900,3402651400,3409538100
12,1388,241756848571600,2667100,3449351300,3456238000
12,1404,241756890995600,2637800,3491775300,3498662000
12,1420,241756933224000,2626200,3534003700,3540890400
12,1436,241756975610700,2596900,3576390400,3583277100
12,1452,241757025034800,2687500,3625814500,3632701200
12,1468,241757075839300,2628700,3676619000,3683505700
12,1484,241757118394400,2626800,3719174100,3726060800
12,1500,241757163481200,2597700,3764260900,3771147600
12,1516,241757210386900,2612500,3811166600,3818053300
12,1532,241757254291400,2953300,3855071100,3861957800
12,1548,241757301925400,2960500,3902705100,3909591800
12,1564,241757348866100,2882900,3949645800,3956532500
12,1580,241757393822700,2805500,3994602400,4001489100
12,1596,241757445453400,2850700,4046233100,4053119800
12,1612,241757491498200,2736400,4092277900,4099164600
12,1628,241757535499400,3145500,4136279100,4143165800
12,1644,241757586665500,2889900,4187445200,4194331900
12,1660,241757634045700,2927400,4234825400,4241712100
12,1676,241757677951100,2857200,4278730800,4285617500
12,1692,241757725435600,2902600,4326215300,4333102000
12,1708,241757771898400,2700700,4372678100,4379564800
12,1724,241757823367200,2593600,4424146900,4431033600
12,1740,241757869541400,3033300,4470321100,4477207800
12,1756,241757916874300,2746800,4517654000,4524540700
12,1772,241757962030800,2977300,4562810500,4569697200
12,1788,241758007779800,2913400,4608559500,4615446200
12,1804,241758054166100,2707000,4654945800,4661832500
12,1820,241758100144800,2918800,4700924500,4707811200
12,1836,241758146744100,2761000,4747523800,4754410500
12,1852,241758192652000,3003400,4793431700,4800318400
12,1868,241758241301900,2700000,4842081600,4848968300
12,1884,241758284252400,2768100,4885032100,4891918800
12,1900,241758331809400,2858200,4932589100,4939475800
12,1916,241758377718000,3069800,4978497700,4985384400
12,1932,241758425281000,2571100,5026060700,5032947400
12,1948,241758469336500,2602800,5070116200,5077002900
12,1964,241758513420700,2732700,5114200400,5121087100
12,1980,241758556491200,2831900,5157270900,5164157600
12,1996,241758606826400,2701400,5207606100,5214492800
12,2012,241758654750100,3139700,5255529800,5262416500
12,2028,241758701645000,3080700,5302424700,5309311400
12,2044,241758746389900,2523900,5347169600,5354056300
13,13,241753574251700,2193300,175031400,181918100
13,29,241753609251700,3127300,210031400,216918100
13,45,241753645459500,2183400,246239200,253125900
13,61,241753680943700,2211900,281723400,288610100
13,77,241753716682800,2290700,317462500,324349200
13,93,241753751814500,2083500,352594200,359480900
13,109,241753787290000,2282700,388069700,394956400
13,125,241753823846900,21726700,424626600,431513300
13,141,241753878551400,2108900,479331100,486217800
13,157,241753914738100,2449700,515517800,522404500
13,173,241753951695300,2256400,552475000,559361700
13,189,241753986862000,2253300,587641700,594528400
13,205,241754021359200,2230200,622138900,629025600
13,221,241754056940900,2236000,657720600,664607300
13,237,241754092252800,2109900,693032500,699919200
13,253,241754127193400,2341000,727973100,734859800
13,269,241754180528800,2176200,781308500,788195200
13,285,241754215127600,2112900,815907300,822794000
13,301,241754249015600,2159500,849795300,856682000
13,317,241754284022600,2208700,884802300,891689000
13,333,241754319323000,2436500,920102700,926989400
13,349,241754356002300,2241900,956782000,963668700
13,365,241754391606400,2134500,992386100,999272800
13,381,241754425728900,2122200,1026508600,1033395300
13,397,241754478924500,2237600,1079704200,1086590900
13,413,241754513499600,2123900,1114279300,1121166000
13,429,241754547762700,2165600,1148542400,1155429100
13,445,241754581805700,2199000,1182585400,1189472100
13,461,241754616293100,2129300,1217072800,1223959500
13,477,241754651870200,2134100,1252649900,1259536600
13,493,241754686126600,2201400,1286906300,1293793000
13,509,241754720901800,2180400,1321681500,1328568200
13,525,241754775882100,2236000,1376661800,1383548500
13,541,241754812738000,2162200,1413517700,1420404400
13,557,241754847221800,2102000,1448001500,1454888200
13,573,241754881751000,2121600,1482530700,1489417400
13,589,241754917271900,2161200,1518051600,1524938300
13,605,241754951618500,2133900,1552398200,1559284900
13,621,241754985652300,2087800,1586432000,1593318700
13,637,241755023353700,2214800,1624133400,1631020100
13,653,241755059580500,2214500,1660360200,1667246900
13,669,241755116355600,2269200,1717135300,1724022000
13,685,241755152762500,2275300,1753542200,1760428900
13,701,241755187867500,2084000,1788647200,1795533900
13,717,241755223142100,2383200,1823921800,1830808500
13,733,241755257874200,2108700,1858653900,1865540600
13,749,241755292939700,2166900,1893719400,1900606100
13,765,241755328823200,2182600,1929602900,1936489600
13,781,241755363587800,2220300,1964367500,1971254200
13,797,241755418807900,2129200,2019587600,2026474300
13,813,241755452958000,2317900,2053737700,2060624400
13,829,241755488782800,2150500,2089562500,2096449200
13,845,241755523731200,2112000,2124510900,2131397600
13,861,241755559418100,2132500,2160197800,2167084500
13,877,241755595217100,2178200,2195996800,2202883500
13,893,241755630944100,2360400,2231723800,2238610500
13,909,241755666100900,2124300,2266880600,2273767300
13,925,241755722639300,2338900,2323419000,2330305700
13,941,241755758542600,2230600,2359322300,2366209000
13,957,241755794854100,2277300,2395633800,2402520500
13,973,241755830885200,2229200,2431664900,2438551600
13,989,241755865717800,2136100,2466497500,2473384200
13,1005,241755900135200,2102800,2500914900,2507801600
13,1021,241755935360800,2206800,2536140500,2543027200
13,1037,241755970078700,2212700,2570858400,2577745100
13,1053,241756005172000,2313100,2605951700,2612838400
13,1069,241756045984700,2145500,2646764400,2653651100
13,1085,241756082276900,2106100,2683056600,2689943300
13,1101,241756116888300,2401900,2717668000,2724554700
13,1117,241756152678100,2183800,2753457800,2760344500
13,1133,241756188251900,2159300,2789031600,2795918300
13,1149,241756223350000,2078900,2824129700,2831016400
13,1165,241756257345700,2096200,2858125400,2865012100
13,1181,241756291247400,2128000,2892027100,2898913800
13,1197,241756331131500,2289300,2931911200,2938797900
13,1213,241756366404200,2168200,2967183900,2974070600
13,1229,241756400687100,2138000,3001466800,3008353500
13,1245,241756440685300,2734300,3041465000,3048351700
13,1261,241756487216100,2596700,3087995800,3094882500
13,1277,241756529859000,2742500,3130638700,3137525400
13,1293,241756576414700,2775000,3177194400,3184081100
13,1309,241756622128000,2929600,3222907700,3229794400
13,1325,241756673258500,2792700,3274038200,3280924900
13,1341,241756717042700,2704700,3317822400,3324709100
13,1357,241756760536700,2836100,3361316400,3368203100
13,1373,241756805684200,2712800,3406463900,3413350600
13,1389,241756852443200,2622800,3453222900,3460109600
13,1405,241756894836500,2585700,3495616200,3502502900
13,1421,241756937056200,2729800,3537835900,3544722600
13,1437,241756979386800,2784100,3580166500,3587053200
13,1453,241757027546100,2800100,3628325800,3635212500
13,1469,241757078254600,2622200,3679034300,3685921000
13,1485,241757120810500,2793300,3721590200,3728476900
13,1501,241757165886800,2642300,3766666500,3773553200
13,1517,241757212825700,2642400,3813605400,3820492100
13,1533,241757257041700,2956500,3857821400,3864708100
13,1549,241757304686600,2940800,3905466300,3912353000
13,1565,241757351665800,2920700,3952445500,3959332200
13,1581,241757396519400,2851200,3997299100,4004185800
13,1597,241757448180400,3093500,4048960100,4055846800
13,1613,241757494195300,2757500,4094975000,4101861700
13,1629,241757538518600,2924600,4139298300,4146185000
13,1645,241757589514900,2983300,4190294600,4197181300
13,1661,241757636934600,2959000,4237714300,4244601000
13,1677,241757680683900,2910500,4281463600,4288350300
13,1693,241757728295000,2943500,4329074700,4335961400
13,1709,241757774558500,2718700,4375338200,4382224900
13,1725,241757825917700,2609900,4426697400,4433584100
13,1741,241757872466100,3012600,4473245800,4480132500
13,1757,241757919394500,2734300,4520174200,4527060900
13,1773,241757964772700,2946300,4565552400,4572439100
13,1789,241758010502800,2683300,4611282500,4618169200
13,1805,241758056717200,2737000,4657496900,4664383600
13,1821,241758102910400,2900300,4703690100,4710576800
13,1837,241758149391800,2844800,4750171500,4757058200
13,1853,241758195487700,2921200,4796267400,4803154100
13,1869,241758244119000,2617000,4844898700,4851785400
13,1885,241758287148000,2758200,4887927700,4894814400
13,1901,241758334790200,2848900,4935569900,4942456600
13,1917,241758380921000,3067600,4981700700,4988587400
13,1933,241758427994400,2558000,5028774100,5035660800
13,1949,241758472086300,2678500,5072866000,5079752700
13,1965,241758516306300,2740400,5117086000,5123972700
13,1981,241758559482400,2708900,5160262100,5167148800
13,1997,241758609681900,3031000,5210461600,5217348300
13,2013,241758658039200,2673300,5258818900,5265705600
13,2029,241758704909000,3050400,5305688700,5312575400
13,2045,241758749090000,2620200,5349869700,5356756400
14,14,241753576414200,2202500,177193900,184080600
14,30,241753612302500,2188400,213082200,219968900
14,46,241753647584600,2148900,248364300,255251000
14,62,241753683100400,2217600,283880100,290766800
14,78,241753718910100,2295100,319689800,326576500
14,94,241753753871200,2172000,354650900,361537600
14,110,241753789516000,2193100,390295700,397182400
14,126,241753845539200,2882200,446318900,453205600
14,142,241753880634000,2068500,481413700,488300400
14,158,241753916906100,2523900,517685800,524572500
14,174,241753953644500,2345400,554424200,561310900
14,190,241753988766000,2268100,589545700,596432400
14,206,241754023269500,2351900,624049200,630935900
14,222,241754058882700,2204600,659662400,666549100
14,238,241754094051200,2170800,694830900,701717600
14,254,241754129188700,2434800,729968400,736855100
14,270,241754182357900,2291800,783137600,790024300
14,286,241754216771300,2108000,817551000,824437700
14,302,241754250694800,2108300,851474500,858361200
14,318,241754285747400,2285400,886527100,893413800
14,334,241754321052000,2380600,921831700,928718400
14,350,241754357632700,2237300,958412400,965299100
14,366,241754393177000,2075100,993956700,1000843400
14,382,241754427266700,2126400,1028046400,1034933100
14,398,241754480521900,2222700,1081301600,1088188300
14,414,241754515037700,2106200,1115817400,1122704100
14,430,241754549404000,2221700,1150183700,1157070400
14,446,241754583485400,2337400,1184265100,1191151800
14,462,241754617952600,2231800,1218732300,1225619000
14,478,241754653386200,2168400,1254165900,1261052600
14,494,241754687649500,2131900,1288429200,1295315900
14,510,241754722280800,2187500,1323060500,1329947200
14,526,241754777968800,2249100,1378748500,1385635200
14,542,241754814781000,2163800,1415560700,1422447400
14,558,241754849209100,2107200,1449988800,1456875500
14,574,241754883545800,2140200,1484325500,1491212200
14,590,241754919175100,2131300,1519954800,1526841500
14,606,241754953500100,2131500,1554279800,1561166500
14,622,241754987492300,2100300,1588272000,1595158700
14,638,241755025300000,2183600,1626079700,1632966400
14,654,241755061480700,2329900,1662260400,1669147100
14,670,241755118236600,2285200,1719016300,1725903000
14,686,241755154884300,2259500,1755664000,1762550700
14,702,241755189902000,2813800,1790681700,1797568400
14,718,241755225494500,2223900,1826274200,1833160900
14,734,241755259953800,2165500,1860733500,1867620200
14,750,241755295166000,2227100,1895945700,1902832400
14,766,241755331036700,2222700,1931816400,1938703100
14,782,241755365730600,2206300,1966510300,1973397000
14,798,241755420850600,2219800,2021630300,2028517000
14,814,241755455191100,2228100,2055970800,2062857500
14,830,241755490792300,2105600,2091572000,2098458700
14,846,241755525608500,2126000,2126388200,2133274900
14,862,241755561169100,2178500,2161948800,2168835500
14,878,241755597025800,2103800,2197805500,2204692200
14,894,241755633133100,2291900,2233912800,2240799500
14,910,241755668056400,2141500,2268836100,2275722800
14,926,241755724951700,2481000,2325731400,2332618100
14,942,241755760907100,2233000,2361686800,2368573500
14,958,241755797195800,2217800,2397975500,2404862200
14,974,241755833177700,2141400,2433957400,2440844100
14,990,241755867944200,2147500,2468723900,2475610600
14,1006,241755902327200,2104600,2503106900,2509993600
14,1022,241755937869200,2218900,2538648900,2545535600
14,1038,241755972600700,2321000,2573380400,2580267100
14,1054,241756007796300,8002500,2608576000,2615462700
14,1070,241756048444400,2146900,2649224100,2656110800
14,1086,241756084830100,2126700,2685609800,2692496500
14,1102,241756119679300,2236400,2720459000,2727345700
14,1118,241756155253700,2171300,2756033400,2762920100
14,1134,241756190770900,2146300,2791550600,2798437300
14,1150,241756225885000,2108100,2826664700,2833551400
14,1166,241756259919600,2143000,2860699300,2867586000
14,1182,241756293843200,2084700,2894622900,2901509600
14,1198,241756333656300,2343800,2934436000,2941322700
14,1214,241756368747400,2192900,2969527100,2976413800
14,1230,241756403031400,2087500,3003811100,3010697800
14,1246,241756443695800,2784300,3044475500,3051362200
14,1262,241756490163600,2769600,3090943300,3097830000
14,1278,241756532989300,2700900,3133769000,3140655700
14,1294,241756579468800,2730500,3180248500,3187135200
14,1310,241756625309100,2997000,3226088800,3232975500
14,1326,241756676296200,2744400,3277075900,3283962600
14,1342,241756719974800,2747500,3320754500,3327641200
14,1358,241756763590000,2667800,3364369700,3371256400
14,1374,241756808570000,2668600,3409349700,3416236400
14,1390,241756855102000,2643200,3455881700,3462768400
14,1406,241756897467400,2655000,3498247100,3505133800
14,1422,241756939824600,2654100,3540604300,3547491000
14,1438,241756982212500,2610000,3582992200,3589878900
14,1454,241757030160000,2619400,3630939700,3637826400
14,1470,241757080740500,2690800,3681520200,3688406900
14,1486,241757123416700,3140000,3724196400,3731083100
14,1502,241757168317000,4584000,3769096700,3775983400
14,1518,241757215246200,2657400,3816025900,3822912600
14,1534,241757259751300,2937700,3860531000,3867417700
14,1550,241757307388800,2945700,3908168500,3915055200
14,1566,241757354291700,2827600,3955071400,3961958100
14,1582,241757399079400,2999300,3999859100,4006745800
14,1598,241757450996500,4450400,4051776200,4058662900
14,1614,241757496607700,2733100,4097387400,4104274100
14,1630,241757541124500,2899100,4141904200,4148790900
14,1646,241757592064400,3039600,4192844100,4199730800
14,1662,241757639489700,2800900,4240269400,4247156100
14,1678,241757683247400,2896100,4284027100,4290913800
14,1694,241757730838600,2939900,4331618300,4338505000
14,1710,241757776919400,2772500,4377699100,4384585800
14,1726,241757828141400,2594600,4428921100,4435807800
14,1742,241757875067600,2940000,4475847300,4482734000
14,1758,241757921954400,2748300,4522734100,4529620800
14,1774,241757967505200,3008600,4568284900,4575171600
14,1790,241758013080900,3031800,4613860600,4620747300
14,1806,241758059340100,2686800,4660119800,4667006500
14,1822,241758105691600,2832000,4706471300,4713358000
14,1838,241758152092900,2859300,4752872600,4759759300
14,1854,241758198329600,2792600,4799109300,4805996000
14,1870,241758246452400,2596900,4847232100,4854118800
14,1886,241758289599300,2807800,4890379000,4897265700
14,1902,241758337252300,2841700,4938032000,4944918700
14,1918,241758383566800,3067400,4984346500,4991233200
14,1934,241758430135200,2931500,5030914900,5037801600
14,1950,241758474309000,3068300,5075088700,5081975400
14,1966,241758518600700,2720600,5119380400,5126267100
14,1982,241758561758300,2737100,5162538000,5169424700
14,1998,241758612012700,3071000,5212792400,5219679100
14,2014,241758660150800,2664000,5260930500,5267817200
14,2030,241758707347500,2840500,5308127200,5315013900
14,2046,241758751153700,2616900,5351933400,5358820100
15,15,241753578680100,2202100,179459800,186346500
15,31,241753614527400,2173800,215307100,222193800
15,47,241753649766900,2280100,250546600,257433300
15,63,241753685354300,2298400,286134000,293020700
15,79,241753721172500,2246100,321952200,328838900
15,95,241753756016100,2125800,356795800,363682500
15,111,241753791745400,2149200,392525100,399411800
15,127,241753848537200,2152400,449316900,456203600
15,143,241753882822400,2103700,483602100,490488800
15,159,241753919631500,2408500,520411200,527297900
15,175,241753956199400,2275700,556979100,563865800
15,191,241753991205400,2140100,591985100,598871800
15,207,241754025746000,2169900,626525700,633412400
15,223,241754061203700,2231500,661983400,668870100
15,239,241754096340600,2158600,697120300,704007000
15,255,241754131759100,2358900,732538800,739425500
15,271,241754184862800,2158400,785642500,792529200
15,287,241754219076300,2133600,819856000,826742700
15,303,241754253000600,2100200,853780300,860667000
15,319,241754288203300,2259300,888983000,895869700
15,335,241754323319800,2332900,924099500,930986200
15,351,241754360056200,2230700,960835900,967722600
15,367,241754395307700,2082200,996087400,1002974100
15,383,241754429454400,2373600,1030234100,1037120800
15,399,241754482778900,2121500,1083558600,1090445300
15,415,241754517235300,2082800,1118015000,1124901700
15,431,241754551596200,2200800,1152375900,1159262600
15,447,241754585748600,2241200,1186528300,1193415000
15,463,241754620122600,2326900,1220902300,1227789000
15,479,241754655587500,2177300,1256367200,1263253900
15,495,241754689815000,2150600,1290594700,1297481400
15,511,241754724701000,2196000,1325480700,1332367400
15,527,241754780252900,2367100,1381032600,1387919300
15,543,241754816978700,2268400,1417758400,1424645100
15,559,241754851379500,2125800,1452159200,1459045900
15,575,241754885746700,2159300,1486526400,1493413100
15,591,241754921369200,2150900,1522148900,1529035600
15,607,241754955693200,2155000,1556472900,1563359600
15,623,241754989624200,2123600,1590403900,1597290600
15,639,241755027416000,2341400,1628195700,1635082400
15,655,241755063781600,21196900,1664561300,1671448000
15,671,241755120586400,2331200,1721366100,1728252800
15,687,241755157084400,2254700,1757864100,1764750800
15,703,241755192797700,2330100,1793577400,1800464100
15,719,241755227901600,2232800,1828681300,1835568000
15,735,241755262269800,2143700,1863049500,1869936200
15,751,241755297454400,2149500,1898234100,1905120800
15,767,241755333449900,2141100,1934229600,1941116300
15,783,241755368140300,2183000,1968920000,1975806700
15,799,241755423350300,2085900,2024130000,2031016700
15,815,241755457719200,2234000,2058498900,2065385600
15,831,241755493196000,2086500,2093975700,2100862400
15,847,241755528161400,2139000,2128941100,2135827800
15,863,241755563639600,2249700,2164419300,2171306000
15,879,241755599532400,2126300,2200312100,2207198800
15,895,241755635281900,2193500,2236061600,2242948300
15,911,241755670045800,2180600,2270825500,2277712200
15,927,241755727133200,2159000,2327912900,2334799600
15,943,241755762880800,2139200,2363660500,2370547200
15,959,241755799168700,2141600,2399948400,2406835100
15,975,241755835069800,2180900,2435849500,2442736200
15,991,241755869819200,2135300,2470598900,2477485600
15,1007,241755904159300,2120100,2504939000,2511825700
15,1023,241755939697500,2208400,2540477200,2547363900
15,1039,241755974536800,2153100,2575316500,2582203200
15,1055,241756009694100,8040900,2610473800,2617360500
15,1071,241756050391400,2691900,2651171100,2658057800
15,1087,241756086721300,2150900,2687501000,2694387700
15,1103,241756121704400,2206100,2722484100,2729370800
15,1119,241756157187300,2192200,2757967000,2764853700
15,1135,241756192770900,2152200,2793550600,2800437300
15,1151,241756227621900,2135000,2828401600,2835288300
15,1167,241756261695700,2152300,2862475400,2869362100
15,1183,241756295561100,2079100,2896340800,2903227500
15,1199,241756335699600,2169600,2936479300,2943366000
15,1215,241756370670200,2220200,2971449900,2978336600
15,1231,241756404845400,2079300,3005625100,3012511800
15,1247,241756446082900,3082600,3046862600,3053749300
15,1263,241756492530800,2605700,3093310500,3100197200
15,1279,241756535276700,2793400,3136056400,3142943100
15,1295,241756581971100,2759300,3182750800,3189637500
15,1311,241756628137900,2953600,3228917600,3235804300
15,1327,241756678898000,2754400,3279677700,3286564400
15,1343,241756722578900,2742900,3323358600,3330245300
15,1359,241756766082900,2729700,3366862600,3373749300
15,1375,241756811097400,2644500,3411877100,3418763800
15,1391,241756857592500,2653200,3458372200,3465258900
15,1407,241756899975800,2697100,3500755500,3507642200
15,1423,241756942342300,2588400,3543122000,3550008700
15,1439,241756984688500,2596100,3585468200,3592354900
15,1455,241757032469300,2637100,3633249000,3640135700
15,1471,241757083111000,2624300,3683890700,3690777400
15,1487,241757126177700,3092600,3726957400,3733844100
15,1503,241757172556700,4985300,3773336400,3780223100
15,1519,241757217781600,2283200,3818561300,3825448000
15,1535,241757262566000,2977000,3863345700,3870232400
15,1551,241757310224900,2976500,3911004600,3917891300
15,1567,241757356969000,2796900,3957748700,3964635400
15,1583,241757401925000,2792400,4002704700,4009591400
15,1599,241757455288800,2887200,4056068500,4062955200
15,1615,241757499301100,2740400,4100080800,4106967500
15,1631,241757543907600,2920200,4144687300,4151574000
15,1647,241757594974900,2842700,4195754600,4202641300
15,1663,241757642179700,2789800,4242959400,4249846100
15,1679,241757685915100,2932400,4286694800,4293581500
15,1695,241757733580600,2866500,4334360300,4341247000
15,1711,241757779491400,2954900,4380271100,4387157800
15,1727,241757830696700,3460500,4431476400,4438363100
15,1743,241757877975000,2949300,4478754700,4485641400
15,1759,241757924588600,2782400,4525368300,4532255000
15,1775,241757970390000,2963100,4571169700,4578056400
15,1791,241758015906000,3040400,4616685700,4623572400
15,1807,241758061847300,2670900,4662627000,4669513700
15,1823,241758108326300,2881100,4709106000,4715992700
15,1839,241758154728600,2709400,4755508300,4762395000
15,1855,241758200935900,2658400,4801715600,4808602300
15,1871,241758248884600,2596100,4849664300,4856551000
15,1887,241758292217500,2692400,4892997200,4899883900
15,1903,241758340015700,2851400,4940795400,4947682100
15,1919,241758386554800,3154100,4987334500,4994221200
15,1935,241758433112000,3049800,5033891700,5040778400
15,1951,241758477429000,2924400,5078208700,5085095400
15,1967,241758521358000,2687800,5122137700,5129024400
15,1983,241758564534600,2770600,5165314300,5172201000
15,1999,241758615312800,2885700,5216092500,5222979200
15,2015,241758663029200,2715200,5263808900,5270695600
15,2031,241758710414600,2969200,5311194300,5318081000
15,2047,241758753993000,3835600,5354772700,5361659400
16,0,241753531274300,12388800,132054000,138940700
16,16,241753580918000,2208700,181697700,188584400
16,32,241753616825300,2416400,217605000,224491700
16,48,241753652138100,2231300,252917800,259804500
16,64,241753687746700,2185600,288526400,295413100
16,80,241753723551700,2309000,324331400,331218100
16,96,241753758256500,2116200,359036200,365922900
16,112,241753793810000,2170100,394589700,401476400
16,128,241753850631200,2156900,451410900,458297600
16,144,241753884871500,2120700,485651200,492537900
16,160,241753921947100,2464200,522726800,529613500
16,176,241753958335500,2129100,559115200,566001900
16,192,241753993285300,2109700,594065000,600951700
16,208,241754027885900,2205200,628665600,635552300
16,224,241754063407600,2188000,664187300,671074000
16,240,241754098473100,2153400,699252800,706139500
16,256,241754134047300,19560900,734827000,741713700
16,272,241754186965500,2175200,787745200,794631900
16,288,241754221151600,2126300,821931300,828818000
16,304,241754255044600,2144200,855824300,862711000
16,320,241754290374900,2206600,891154600,898041300
16,336,241754325688200,2231400,926467900,933354600
16,352,241754362170100,2216000,962949800,969836500
16,368,241754397450300,2320100,998230000,1005116700
16,384,241754431897400,2424400,1032677100,1039563800
16,400,241754484965800,2131400,1085745500,1092632200
16,416,241754519292100,2144700,1120071800,1126958500
16,432,241754553766500,2187700,1154546200,1161432900
16,448,241754587961400,2230900,1188741100,1195627800
16,464,241754622645100,2218600,1223424800,1230311500
16,480,241754657887100,2164400,1258666800,1265553500
16,496,241754692120600,2131400,1292900300,1299787000
16,512,241754726956600,2158200,1327736300,1334623000
16,528,241754782470000,2386400,1383249700,1390136400
16,544,241754819093700,2187700,1419873400,1426760100
16,560,241754853304100,2138300,1454083800,1460970500
16,576,241754887655700,2664600,1488435400,1495322100
16,592,241754923294100,2152100,1524073800,1530960500
16,608,241754957611200,2155800,1558390900,1565277600
16,624,241754991543400,2143000,1592323100,1599209800
16,640,241755029729100,2265900,1630508800,1637395500
16,656,241755084945800,2696000,1685725500,1692612200
16,672,241755123039000,2167500,1723818700,1730705400
16,688,241755159514600,2106800,1760294300,1767181000
16,704,241755195159100,2201600,1795938800,1802825500
16,720,241755230306400,2199900,1831086100,1837972800
16,736,241755264617200,2341600,1865396900,1872283600
16,752,241755299747700,2372200,1900527400,1907414100
16,768,241755335648700,2103600,1936428400,1943315100
16,784,241755370431500,2178400,1971211200,1978097900
16,800,241755425497500,2109100,2026277200,2033163900
16,816,241755460109100,2273300,2060888800,2067775500
16,832,241755495474200,2198100,2096253900,2103140600
16,848,241755530498500,2104800,2131278200,2138164900
16,864,241755566125300,2519900,2166905000,2173791700
16,880,241755601860300,2111100,2202640000,2209526700
16,896,241755637906200,2243400,2238685900,2245572600
16,912,241755672644200,2105500,2273423900,2280310600
16,928,241755729553500,2154800,2330333200,2337219900
16,944,241755765337700,2389100,2366117400,2373004100
16,960,241755801480600,2193000,2402260300,2409147000
16,976,241755837431200,2147500,2438210900,2445097600
16,992,241755872096100,2163500,2472875800,2479762500
16,1008,241755906420200,2113600,2507199900,2514086600
16,1024,241755942177000,2125000,2542956700,2549843400
16,1040,241755976985800,2120900,2577765500,2584652200
16,1056,241756018189000,2267500,2618968700,2625855400
16,1072,241756053460700,2280900,2654240400,2661127100
16,1088,241756089074100,2118300,2689853800,2696740500
16,1104,241756124063000,2240600,2724842700,2731729400
16,1120,241756159561100,2284200,2760340800,2767227500
16,1136,241756195047800,2140900,2795827500,2802714200
16,1152,241756229981400,2118800,2830761100,2837647800
16,1168,241756264070500,2103600,2864850200,2871736900
16,1184,241756297879900,2114200,2898659600,2905546300
16,1200,241756338349500,2173400,2939129200,2946015900
16,1216,241756373394700,2135700,2974174400,2981061100
16,1232,241756407396900,2064800,3008176600,3015063300
16,1248,241756449873400,2990500,3050653100,3057539800
16,1264,241756495767300,2625800,3096547000,3103433700
16,1280,241756538740900,2701600,3139520600,3146407300
16,1296,241756585222900,2933100,3186002600,3192889300
16,1312,241756631591100,2956000,3232370800,3239257500
16,1328,241756682111800,2713500,3282891500,3289778200
16,1344,241756725780400,2741100,3326560100,3333446800
16,1360,241756769324700,2975400,3370104400,3376991100
16,1376,241756814175600,2599900,3414955300,3421842000
16,1392,241756860723800,2655500,3461503500,3468390200
16,1408,241756903113100,2628100,3503892800,3510779500
16,1424,241756945353800,2638600,3546133500,3553020200
16,1440,241756987703000,3026400,3588482700,3595369400
16,1456,241757034531500,8224900,3635311200,3642197900
16,1472,241757085117800,2667800,3685897500,3692784200
16,1488,241757128616700,2857100,3729396400,3736283100
16,1504,241757176749300,2764500,3777529000,3784415700
16,1520,241757219294600,2689000,3820074300,3826961000
16,1536,241757264628200,3006100,3865407900,3872294600
16,1552,241757312284700,3050200,3913064400,3919951100
16,1568,241757358910200,2745000,3959689900,3966576600
16,1584,241757403860500,2855300,4004640200,4011526900
16,1600,241757457213900,2972200,4057993600,4064880300
16,1616,241757501097600,2713500,4101877300,4108764000
16,1632,241757545915700,2919600,4146695400,4153582100
16,1648,241757596949900,2930200,4197729600,4204616300
16,1664,241757644173700,2750200,4244953400,4251840100
16,1680,241757688094300,3263400,4288874000,4295760700
16,1696,241757735712800,3049100,4336492500,4343379200
16,1712,241757781677200,2959900,4382456900,4389343600
16,1728,241757833302600,2808100,4434082300,4440969000
16,1744,241757880072800,2975900,4480852500,4487739200
16,1760,241757926557100,2749400,4527336800,4534223500
16,1776,241757972456800,2903800,4573236500,4580123200
16,1792,241758018039000,3073900,4618818700,4625705400
16,1808,241758063700800,2806500,4664480500,4671367200
16,1824,241758109988900,2832300,4710768600,4717655300
16,1840,241758156337200,2661700,4757116900,4764003600
16,1856,241758202480400,8214700,4803260100,4810146800
16,1872,241758250433500,2604800,4851213200,4858099900
16,1888,241758293845900,2745200,4894625600,4901512300
16,1904,241758341685700,2850600,4942465400,4949352100
16,1920,241758388533900,3066900,4989313600,4996200300
16,1936,241758434946200,3059300,5035725900,5042612600
16,1952,241758479206800,2776700,5079986500,5086873200
16,1968,241758522970800,2721900,5123750500,5130637200
16,1984,241758566171500,2743900,5166951200,5173837900
16,2000,241758616956600,2957500,5217736300,5224623000
16,2016,241758664527800,2689900,5265307500,5272194200
16,2032,241758712175100,3137400,5312954800,5319841500
17,1,241753543702500,2494200,144482200,151368900
17,17,241753583221700,2192900,184001400,190888100
17,33,241753619275000,2283800,220054700,226941400
17,49,241753654436600,2125200,255216300,262103000
17,65,241753690002200,2163200,290781900,297668600
17,81,241753725930300,2276900,326710000,333596700
17,97,241753760461300,2177400,361241000,368127700
17,113,241753796353700,2335200,397133400,404020100
17,129,241753853022600,2157000,453802300,460689000
17,145,241753887213500,2123700,487993200,494879900
17,161,241753925213400,2422000,525993100,532879800
17,177,241753961239800,2182200,562019500,568906200
17,193,241753996197500,2152600,596977200,603863900
17,209,241754030732000,2170200,631511700,638398400
17,225,241754066226000,2268700,667005700,673892400
17,241,241754101227100,2133300,702006800,708893500
17,257,241754154427600,2389300,755207300,762094000
17,273,241754189818100,2150800,790597800,797484500
17,289,241754223949000,2116900,824728700,831615400
17,305,241754257873300,2152900,858653000,865539700
17,321,241754293235900,2083100,894015600,900902300
17,337,241754329036800,2244600,929816500,936703200
17,353,241754365528700,2259600,966308400,973195100
17,369,241754400863900,2075500,1001643600,1008530300
17,385,241754435436100,2145900,1036215800,1043102500
17,401,241754488298400,2131400,1089078100,1095964800
17,417,241754522653200,2150900,1123432900,1130319600
17,433,241754557131800,2094700,1157911500,1164798200
17,449,241754591425900,2150100,1192205600,1199092300
17,465,241754626038400,2457500,1226818100,1233704800
17,481,241754661068000,2133200,1261847700,1268734400
17,497,241754695268200,2072000,1296047900,1302934600
17,513,241754730135000,2167400,1330914700,1337801400
17,529,241754785746600,2292300,1386526300,1393413000
17,545,241754822188500,2105200,1422968200,1429854900
17,561,241754856381700,2146400,1457161400,1464048100
17,577,241754891430000,2389400,1492209700,1499096400
17,593,241754926345300,2092200,1527125000,1534011700
17,609,241754960712200,2101300,1561491900,1568378600
17,625,241754994734800,3188800,1595514500,1602401200
17,641,241755033035300,2209900,1633815000,1640701700
17,657,241755088671300,2552300,1689451000,1696337700
17,673,241755126112700,2154600,1726892400,1733779100
17,689,241755162502300,2108500,1763282000,1770168700
17,705,241755197781900,2181500,1798561600,1805448300
17,721,241755232936500,2159300,1833716200,1840602900
17,737,241755267395100,2178600,1868174800,1875061500
17,753,241755302781800,2104500,1903561500,1910448200
17,769,241755338228500,2472500,1939008200,1945894900
17,785,241755373270600,2326500,1974050300,1980937000
17,801,241755428258200,2145900,2029037900,2035924600
17,817,241755463000400,2182900,2063780100,2070666800
17,833,241755498312800,2119600,2099092500,2105979200
17,849,241755533241000,2366900,2134020700,2140907400
17,865,241755569478800,2321800,2170258500,2177145200
17,881,241755604694300,2121300,2205474000,2212360700
17,897,241755641200400,2203300,2241980100,2248866800
17,913,241755675851300,2073700,2276631000,2283517700
17,929,241755733069800,2351000,2333849500,2340736200
17,945,241755768822700,2213000,2369602400,2376489100
17,961,241755804677900,2332400,2405457600,2412344300
17,977,241755840620300,2334600,2441400000,2448286700
17,993,241755875234800,2160800,2476014500,2482901200
17,1009,241755909509500,2169700,2510289200,2517175900
17,1025,241755945084800,2128400,2545864500,2552751200
17,1041,241755979802100,2173900,2580581800,2587468500
17,1057,241756020952700,2129200,2621732400,2628619100
17,1073,241756055915200,2189400,2656694900,2663581600
17,1089,241756091308600,2164700,2692088300,2698975000
17,1105,241756126456900,2230700,2727236600,2734123300
17,1121,241756161953400,2195000,2762733100,2769619800
17,1137,241756197304400,2107000,2798084100,2804970800
17,1153,241756232277200,2124400,2833056900,2839943600
17,1169,241756266349800,2138100,2867129500,2874016200
17,1185,241756300173700,2124600,2900953400,2907840100
17,1201,241756340463300,2124000,2941243000,2948129700
17,1217,241756375472600,2185600,2976252300,2983139000
17,1233,241756409433000,2148400,3010212700,3017099400
17,1249,241756452822100,3029300,3053601800,3060488500
17,1265,241756498361200,2634200,3099140900,3106027600
17,1281,241756541408500,2651600,3142188200,3149074900
17,1297,241756588205900,2880000,3188985600,3195872300
17,1313,241756634585800,2952800,3235365500,3242252200
17,1329,241756684784700,2696300,3285564400,3292451100
17,1345,241756728490400,2756200,3329270100,3336156800
17,1361,241756772261400,2898800,3373041100,3379927800
17,1377,241756816700300,2637600,3417480000,3424366700
17,1393,241756863269100,2603200,3464048800,3470935500
17,1409,241756905626300,2601500,3506406000,3513292700
17,1425,241756947884100,2769600,3548663800,3555550500
17,1441,241756990600200,2969100,3591379900,3598266600
17,1457,241757047898700,2677300,3648678400,3655565100
17,1473,241757090121300,2731400,3690901000,3697787700
17,1489,241757133886700,2768900,3734666400,3741553100
17,1505,241757181892100,2753900,3782671800,3789558500
17,1521,241757224410800,2724400,3825190500,3832077200
17,1537,241757270312500,2990300,3871092200,3877978900
17,1553,241757317986400,2913900,3918766100,3925652800
17,1569,241757364065000,2775100,3964844700,3971731400
17,1585,241757409221200,2765000,4010000900,4016887600
17,1601,241757462730800,2682200,4063510500,4070397200
17,1617,241757506263800,2745200,4107043500,4113930200
17,1633,241757551243500,2750700,4152023200,4158909900
17,1649,241757602074700,3032400,4202854400,4209741100
17,1665,241757649028400,2743000,4249808100,4256694800
17,1681,241757693706400,3067000,4294486100,4301372800
17,1697,241757740961600,2923600,4341741300,4348628000
17,1713,241757786781800,2778000,4387561500,4394448200
17,1729,241757838167700,2758300,4438947400,4445834100
17,1745,241757885219600,2962400,4485999300,4492886000
17,1761,241757931406500,2722700,4532186200,4539072900
17,1777,241757977624800,2947800,4578404500,4585291200
17,1793,241758023432700,3037300,4624212400,4631099100
17,1809,241758068994400,2898300,4669774100,4676660800
17,1825,241758115510900,2974400,4716290600,4723177300
17,1841,241758161497900,3058400,4762277600,4769164300
17,1857,241758213248600,2699100,4814028300,4820915000
17,1873,241758255576300,2665100,4856356000,4863242700
17,1889,241758299203400,2747700,4899983100,4906869800
17,1905,241758347137000,2713200,4947916700,4954803400
17,1921,241758394383600,3023900,4995163300,5002050000
17,1937,241758440804100,3020900,5041583800,5048470500
17,1953,241758484331200,2755500,5085110900,5091997600
17,1969,241758528228300,2684200,5129008000,5135894700
17,1985,241758571397300,2848500,5172177000,5179063700
17,2001,241758622629000,3016100,5223408700,5230295400
17,2017,241758669833300,3054600,5270613000,5277499700
17,2033,241758718019200,2849200,5318798900,5325685600
18,2,241753546232600,2348300,147012300,153899000
18,18,241753585355400,2213600,186135100,193021800
18,34,241753621474400,2321500,222254100,229140800
18,50,241753656531800,2158900,257311500,264198200
18,66,241753692136000,2126500,292915700,299802400
18,82,241753728177400,2259200,328957100,335843800
18,98,241753762578600,2222000,363358300,370245000
18,114,241753798555100,2272700,399334800,406221500
18,130,241753855117800,2111700,455897500,462784200
18,146,241753889274700,2136100,490054400,496941100
18,162,241753927228900,2300800,528008600,534895300
18,178,241753963116100,2106100,563895800,570782500
18,194,241753997981900,2083000,598761600,605648300
18,210,241754032529300,2161100,633309000,640195700
18,226,241754068112800,2251600,668892500,675779200
18,242,241754102982700,2124100,703762400,710649100
18,258,241754156396500,2157300,757176200,764062900
18,274,241754191529000,2166800,792308700,799195400
18,290,241754225637400,2127000,826417100,833303800
18,306,241754259602100,2198900,860381800,867268500
18,322,241754294960500,2138100,895740200,902626900
18,338,241754330390900,2239100,931170600,938057300
18,354,241754366927900,2237500,967707600,974594300
18,370,241754401971000,2118100,1002750700,1009637400
18,386,241754436606400,2116100,1037386100,1044272800
18,402,241754489448500,2132500,1090228200,1097114900
18,418,241754523846200,2130400,1124625900,1131512600
18,434,241754558460700,2076900,1159240400,1166127100
18,450,241754592820800,2147900,1193600500,1200487200
18,466,241754627506900,2562300,1228286600,1235173300
18,482,241754662627600,2128400,1263407300,1270294000
18,498,241754696747800,2187100,1297527500,1304414200
18,514,241754731703600,2203100,1332483300,1339370000
18,530,241754787281900,2358300,1388061600,1394948300
18,546,241754823561400,2194300,1424341100,1431227800
18,562,241754857796300,2089100,1458576000,1465462700
18,578,241754893085300,2303800,1493865000,1500751700
18,594,241754927770800,2139900,1528550500,1535437200
18,610,241754962081800,2104600,1562861500,1569748200
18,626,241754996124400,3497700,1596904100,1603790800
18,642,241755034446100,2223400,1635225800,1642112500
18,658,241755090171400,2630900,1690951100,1697837800
18,674,241755127311900,2260900,1728091600,1734978300
18,690,241755163669000,2117500,1764448700,1771335400
18,706,241755198910300,2164300,1799690000,1806576700
18,722,241755234059700,2155700,1834839400,1841726100
18,738,241755268391200,2186600,1869170900,1876057600
18,754,241755303749700,2114600,1904529400,1911416100
18,770,241755339440400,2318900,1940220100,1947106800
18,786,241755374250800,2233700,1975030500,1981917200
18,802,241755429122000,2129400,2029901700,2036788400
18,818,241755463832700,2191400,2064612400,2071499100
18,834,241755498965300,2208600,2099745000,2106631700
18,850,241755533987100,2336200,2134766800,2141653500
18,866,241755570293700,2272400,2171073400,2177960100
18,882,241755605453500,2162000,2206233200,2213119900
18,898,241755641922500,2205400,2242702200,2249588900
18,914,241755676570900,2136900,2277350600,2284237300
18,930,241755733955500,2259700,2334735200,2341621900
18,946,241755769784400,2240500,2370564100,2377450800
18,962,241755805756300,2448600,2406536000,2413422700
18,978,241755841803200,2233600,2442582900,2449469600
18,994,241755876284100,2179600,2477063800,2483950500
18,1010,241755910600700,2120300,2511380400,2518267100
18,1026,241755946221400,2134700,2547001100,2553887800
18,1042,241755981047600,2193400,2581827300,2588714000
18,1058,241756022141700,2114600,2622921400,2629808100
18,1074,241756057441100,2267900,2658220800,2665107500
18,1090,241756092993300,2154300,2693773000,2700659700
18,1106,241756128234100,2334900,2729013800,2735900500
18,1122,241756163793500,2246000,2764573200,2771459900
18,1138,241756199031000,2107500,2799810700,2806697400
18,1154,241756233964900,2139900,2834744600,2841631300
18,1170,241756268057400,2124200,2868837100,2875723800
18,1186,241756301883400,2092500,2902663100,2909549800
18,1202,241756342323400,2228100,2943103100,2949989800
18,1218,241756377359600,2172000,2978139300,2985026000
18,1234,241756411277900,2127100,3012057600,3018944300
18,1250,241756455384200,3035100,3056163900,3063050600
18,1266,241756500644200,2644100,3101423900,3108310600
18,1282,241756543693300,2797200,3144473000,3151359700
18,1298,241756590668900,2878200,3191448600,3198335300
18,1314,241756637126700,2991300,3237906400,3244793100
18,1330,241756687180000,2709400,3287959700,3294846400
18,1346,241756730961100,2712600,3331740800,3338627500
18,1362,241756774877800,2825100,3375657500,3382544200
18,1378,241756819054300,4890500,3419834000,3426720700
18,1394,241756865626200,2659200,3466405900,3473292600
18,1410,241756907988900,2616300,3508768600,3515655300
18,1426,241756950408200,2603700,3551187900,3558074600
18,1442,241756993120500,2951300,3593900200,3600786900
18,1458,241757048212900,2652400,3648992600,3655879300
18,1474,241757090402000,2730600,3691181700,3698068400
18,1490,241757134186700,2807300,3734966400,3741853100
18,1506,241757182186500,2776700,3782966200,3789852900
18,1522,241757224753300,2737000,3825533000,3832419700
18,1538,241757270672800,2997100,3871452500,3878339200
18,1554,241757318362900,2909000,3919142600,3926029300
18,1570,241757364398100,2781800,3965177800,3972064500
18,1586,241757409563600,2771500,4010343300,4017230000
18,1602,241757463033600,2676900,4063813300,4070700000
18,1618,241757506573200,2732600,4107352900,4114239600
18,1634,241757551456200,2697700,4152235900,4159122600
18,1650,241757602318900,3039000,4203098600,4209985300
18,1666,241757649261400,2730100,4250041100,4256927800
18,1682,241757693885900,3058500,4294665600,4301552300
18,1698,241757741259600,2914900,4342039300,4348926000
18,1714,241757787119200,2748500,4387898900,4394785600
18,1730,241757838521100,2776000,4439300800,4446187500
18,1746,241757885619200,2937500,4486398900,4493285600
18,1762,241757931791800,2716900,4532571500,4539458200
18,1778,241757978045400,2949200,4578825100,4585711800
18,1794,241758023830600,3022100,4624610300,4631497000
18,1810,241758069367700,3114500,4670147400,4677034100
18,1826,241758116184200,2996000,4716963900,4723850600
18,1842,241758162138000,3086500,4762917700,4769804400
18,1858,241758213653300,2698600,4814433000,4821319700
18,1874,241758255975700,2668600,4856755400,4863642100
18,1890,241758299695200,2701600,4900474900,4907361600
18,1906,241758347546800,2717400,4948326500,4955213200
18,1922,241758394837500,3051700,4995617200,5002503900
18,1938,241758441272700,3016000,5042052400,5048939100
18,1954,241758484709600,2785400,5085489300,5092376000
18,1970,241758528643700,2693300,5129423400,5136310100
18,1986,241758571799300,2864800,5172579000,5179465700
18,2002,241758623085600,3016100,5223865300,5230752000
18,2018,241758670317900,3057100,5271097600,5277984300
18,2034,241758718464500,2943500,5319244200,5326130900
19,3,241753548619400,2351600,149399100,156285800
19,19,241753587604000,2185000,188383700,195270400
19,35,241753623830800,2227800,224610500,231497200
19,51,241753658630600,2159000,259410300,266297000
19,67,241753694203800,2145400,294983500,301870200
19,83,241753730376100,2247700,331155800,338042500
19,99,241753764734400,2173300,365514100,372400800
19,115,241753800481600,2303900,401261300,408148000
19,131,241753856947800,2128100,457727500,464614200
19,147,241753891141100,2097400,491920800,498807500
19,163,241753929131000,2172400,529910700,536797400
19,179,241753964771500,2104600,565551200,572437900
19,195,241753999861900,2077300,600641600,607528300
19,211,241754034581600,2279800,635361300,642248000
19,227,241754070275500,2236000,671055200,677941900
19,243,241754105024800,2106100,705804500,712691200
19,259,241754158475200,2175400,759254900,766141600
19,275,241754193639700,2135800,794419400,801306100
19,291,241754227707800,2144000,828487500,835374200
19,307,241754261736900,2272400,862516600,869403300
19,323,241754297072800,2131200,897852500,904739200
19,339,241754332723900,2267500,933503600,940390300
19,355,241754369259700,2202600,970039400,976926100
19,371,241754404209200,2159200,1004988900,1011875600
19,387,241754438842000,2166500,1039621700,1046508400
19,403,241754491729100,2180000,1092508800,1099395500
19,419,241754526073100,2123100,1126852800,1133739500
19,435,241754560511100,2094400,1161290800,1168177500
19,451,241754594907900,2157900,1195687600,1202574300
19,467,241754629964100,2139800,1230743800,1237630500
19,483,241754664550400,2124100,1265330100,1272216800
19,499,241754698655400,2347100,1299435100,1306321800
19,515,241754733730900,2136700,1334510600,1341397300
19,531,241754789341600,2366300,1390121300,1397008000
19,547,241754825500500,2166500,1426280200,1433166900
19,563,241754859604300,2160600,1460384000,1467270700
19,579,241754895083600,2259200,1495863300,1502750000
19,595,241754929616400,2146100,1530396100,1537282800
19,611,241754963891200,2137300,1564670900,1571557600
19,627,241754999284100,2528700,1600063800,1606950500
19,643,241755036322600,2240300,1637102300,1643989000
19,659,241755092563700,2393400,1693343400,1700230100
19,675,241755129316300,2207600,1730096000,1736982700
19,691,241755165587100,2107400,1766366800,1773253500
19,707,241755200990700,2168500,1801770400,1808657100
19,723,241755236249200,2152900,1837028900,1843915600
19,739,241755270673100,2172800,1871452800,1878339500
19,755,241755306021200,2109400,1906800900,1913687600
19,771,241755341879800,2235500,1942659500,1949546200
19,787,241755376654900,2165400,1977434600,1984321300
19,803,241755431486200,2137500,2032265900,2039152600
19,819,241755466259500,2140500,2067039200,2073925900
19,835,241755501473400,2090200,2102253100,2109139800
19,851,241755536589700,2267700,2137369400,2144256100
19,867,241755572734200,2255800,2173513900,2180400600
19,883,241755607802600,2182700,2208582300,2215469000
19,899,241755645132200,2111200,2245911900,2252798600
19,915,241755679666200,2240400,2280445900,2287332600
19,931,241755737169600,2285400,2337949300,2344836000
19,947,241755772692600,2324100,2373472300,2380359000
19,963,241755808950500,2383500,2409730200,2416616900
19,979,241755844727800,2174700,2445507500,2452394200
19,995,241755879124400,2092800,2479904100,2486790800
19,1011,241755913349200,2281000,2514128900,2521015600
19,1027,241755949073500,2158400,2549853200,2556739900
19,1043,241755983905200,2130700,2584684900,2591571600
19,1059,241756024932100,2283300,2625711800,2632598500
19,1075,241756060402000,2141400,2661181700,2668068400
19,1091,241756095937900,2120000,2696717600,2703604300
19,1107,241756131442400,2094400,2732222100,2739108800
19,1123,241756166865800,2187900,2767645500,2774532200
19,1139,241756201940900,2145000,2802720600,2809607300
19,1155,241756236961100,2143100,2837740800,2844627500
19,1171,241756271040500,2118200,2871820200,2878706900
19,1187,241756304921800,2107500,2905701500,2912588200
19,1203,241756345317400,2147900,2946097100,2952983800
19,1219,241756380356200,2175100,2981135900,2988022600
19,1235,241756414488700,2842400,3015268400,3022155100
19,1251,241756459604000,3064500,3060383700,3067270400
19,1267,241756504221100,2590500,3105000800,3111887500
19,1283,241756547509200,2729500,3148288900,3155175600
19,1299,241756594535500,2755300,3195315200,3202201900
19,1315,241756641160300,3019600,3241940000,3248826700
19,1331,241756690786500,2713600,3291566200,3298452900
19,1347,241756734560400,2742700,3335340100,3342226800
19,1363,241756778674400,2922500,3379454100,3386340800
19,1379,241756825937900,2897400,3426717600,3433604300
19,1395,241756869227700,2746000,3470007400,3476894100
19,1411,241756911501000,2639300,3512280700,3519167400
19,1427,241756953943600,2609700,3554723300,3561610000
19,1443,241756997237800,3984500,3598017500,3604904200
19,1459,241757054547900,2606800,3655327600,3662214300
19,1475,241757096834900,2682400,3697614600,3704501300
19,1491,241757140912200,2750400,3741691900,3748578600
19,1507,241757188798900,2704500,3789578600,3796465300
19,1523,241757231280400,2789700,3832060100,3838946800
19,1539,241757277773400,2996500,3878553100,3885439800
19,1555,241757325322400,2924700,3926102100,3932988800
19,1571,241757371023200,2722200,3971802900,3978689600
19,1587,241757416496400,2979300,4017276100,4024162800
19,1603,241757469540500,2757700,4070320200,4077206900
19,1619,241757512950800,2602700,4113730500,4120617200
19,1635,241757561408100,3140000,4162187800,4169074500
19,1651,241757609901500,3025200,4210681200,4217567900
19,1667,241757656107200,2618600,4256886900,4263773600
19,1683,241757701711300,3060000,4302491000,4309377700
19,1699,241757748629500,2732000,4349409200,4356295900
19,1715,241757794102100,2869200,4394881800,4401768500
19,1731,241757845543700,2875100,4446323400,4453210100
19,1747,241757893096200,3029100,4493875900,4500762600
19,1763,241757938767900,2879100,4539547600,4546434300
19,1779,241757985553900,2938100,4586333600,4593220300
19,1795,241758031489400,3041800,4632269100,4639155800
19,1811,241758076818500,2898900,4677598200,4684484900
19,1827,241758123466900,2813300,4724246600,4731133300
19,1843,241758169560900,3117600,4770340600,4777227300
19,1859,241758220314500,2596100,4821094200,4827980900
19,1875,241758262582900,2636800,4863362600,4870249300
19,1891,241758306777000,2734600,4907556700,4914443400
19,1907,241758354388700,2713600,4955168400,4962055100
19,1923,241758402580200,3081100,5003359900,5010246600
19,1939,241758448498200,2619100,5049277900,5056164600
19,1955,241758491566000,2665200,5092345700,5099232400
19,1971,241758535453900,2663500,5136233600,5143120300
19,1987,241758579026300,2831300,5179806000,5186692700
19,2003,241758630109600,3006400,5230889300,5237776000
19,2019,241758677273300,2887700,5278053000,5284939700
19,2035,241758725162100,2784700,5325941800,5332828500
20,4,241753551006200,2315600,151785900,158672600
20,20,241753589849700,2220700,190629400,197516100
20,36,241753626156400,2180200,226936100,233822800
20,52,241753660944700,2167000,261724400,268611100
20,68,241753696493600,2167100,297273300,304160000
20,84,241753732775500,2182300,333555200,340441900
20,100,241753767050600,2279400,367830300,374717000
20,116,241753803114800,2289400,403894500,410781200
20,132,241753859270900,2292300,460050600,466937300
20,148,241753893433700,2105900,494213400,501100100
20,164,241753931366500,2167200,532146200,539032900
20,180,241753966982500,2140600,567762200,574648900
20,196,241754001882600,2154200,602662300,609549000
20,212,241754036803400,2222000,637583100,644469800
20,228,241754072483200,2292400,673262900,680149600
20,244,241754107103800,2148900,707883500,714770200
20,260,241754160622300,2392800,761402000,768288700
20,276,241754195622900,2129600,796402600,803289300
20,292,241754229705300,2089800,830485000,837371700
20,308,241754263881100,2177800,864660800,871547500
20,324,241754299114600,2184600,899894300,906781000
20,340,241754334960800,2238700,935740500,942627200
20,356,241754371347900,2110400,972127600,979014300
20,372,241754406200800,2137400,1006980500,1013867200
20,388,241754440833000,2115000,1041612700,1048499400
20,404,241754493662500,2622100,1094442200,1101328900
20,420,241754528028900,2100900,1128808600,1135695300
20,436,241754562466000,2085700,1163245700,1170132400
20,452,241754596920400,2150000,1197700100,1204586800
20,468,241754631952400,2181200,1232732100,1239618800
20,484,241754666525200,2149400,1267304900,1274191600
20,500,241754700861800,2236100,1301641500,1308528200
20,516,241754735723800,2161900,1336503500,1343390200
20,532,241754791430700,2206100,1392210400,1399097100
20,548,241754827512400,2163800,1428292100,1435178800
20,564,241754861598500,2155500,1462378200,1469264900
20,580,241754897283200,2263700,1498062900,1504949600
20,596,241754931703200,2134000,1532482900,1539369600
20,612,241754965972000,2132500,1566751700,1573638400
20,628,241755001729200,2359600,1602508900,1609395600
20,644,241755038502200,2216500,1639281900,1646168600
20,660,241755094812300,2300000,1695592000,1702478700
20,676,241755131493000,2171600,1732272700,1739159400
20,692,241755167640000,2292900,1768419700,1775306400
20,708,241755203469100,2192500,1804248800,1811135500
20,724,241755238756600,2169100,1839536300,1846423000
20,740,241755273220400,2105500,1874000100,1880886800
20,756,241755308667900,2155300,1909447600,1916334300
20,772,241755344675400,2148600,1945455100,1952341800
20,788,241755398784100,2745600,1999563800,2006450500
20,804,241755434133500,2094400,2034913200,2041799900
20,820,241755468976000,2290100,2069755700,2076642400
20,836,241755504135800,2428200,2104915500,2111802200
20,852,241755539445400,2352400,2140225100,2147111800
20,868,241755575557000,2214400,2176336700,2183223400
20,884,241755610514100,2137200,2211293800,2218180500
20,900,241755646291000,2157300,2247070700,2253957400
20,916,241755680930800,2356600,2281710500,2288597200
20,932,241755738336100,2165200,2339115800,2346002500
20,948,241755774071500,2466000,2374851200,2381737900
20,964,241755810442300,2358200,2411222000,2418108700
20,980,241755846077000,2135900,2446856700,2453743400
20,996,241755880396900,2144200,2481176600,2488063300
20,1012,241755914652600,2384000,2515432300,2522319000
20,1028,241755950206100,2155700,2550985800,2557872500
20,1044,241755985108300,2198300,2585888000,2592774700
20,1060,241756026282800,2245900,2627062500,2633949200
20,1076,241756061678300,2165900,2662458000,2669344700
20,1092,241756097071100,2121100,2697850800,2704737500
20,1108,241756132500700,2124000,2733280400,2740167100
20,1124,241756167971700,2329100,2768751400,2775638100
20,1140,241756203008400,2177200,2803788100,2810674800
20,1156,241756237967900,2175600,2838747600,2845634300
20,1172,241756272072200,2134700,2872851900,2879738600
20,1188,241756305982900,7611000,2906762600,2913649300
20,1204,241756346328500,2149500,2947108200,2953994900
20,1220,241756381402000,2184400,2982181700,2989068400
20,1236,241756415867400,2820100,3016647100,3023533800
20,1252,241756461056500,3037900,3061836200,3068722900
20,1268,241756505192700,2596600,3105972400,3112859100
20,1284,241756548526800,2698300,3149306500,3156193200
20,1300,241756595590700,2731700,3196370400,3203257100
20,1316,241756642147300,3054900,3242927000,3249813700
20,1332,241756691866200,2716200,3292645900,3299532600
20,1348,241756735620600,2725700,3336400300,3343287000
20,1364,241756779825000,2908200,3380604700,3387491400
20,1380,241756827176200,2712100,3427955900,3434842600
20,1396,241756870149800,2619300,3470929500,3477816200
20,1412,241756912254200,2639200,3513033900,3519920600
20,1428,241756954731400,2638800,3555511100,3562397800
20,1444,241756998363700,3907600,3599143400,3606030100
20,1460,241757054714600,2587100,3655494300,3662381000
20,1476,241757096975500,2687600,3697755200,3704641900
20,1492,241757141008900,2813700,3741788600,3748675300
20,1508,241757188872400,2708800,3789652100,3796538800
20,1524,241757231345700,2795900,3832125400,3839012100
20,1540,241757277863100,2993200,3878642800,3885529500
20,1556,241757325406900,2914100,3926186600,3933073300
20,1572,241757371210900,2726900,3971990600,3978877300
20,1588,241757416714500,2953800,4017494200,4024380900
20,1604,241757469724000,2774700,4070503700,4077390400
20,1620,241757513132500,2597500,4113912200,4120798900
20,1636,241757561525900,3161100,4162305600,4169192300
20,1652,241757610012500,3036900,4210792200,4217678900
20,1668,241757656189200,2638100,4256968900,4263855600
20,1684,241757701870900,3076500,4302650600,4309537300
20,1700,241757748732600,2745700,4349512300,4356399000
20,1716,241757794229700,2877600,4395009400,4401896100
20,1732,241757845721600,2888300,4446501300,4453388000
20,1748,241757893303300,3024300,4494083000,4500969700
20,1764,241757938877300,2874500,4539657000,4546543700
20,1780,241757985597700,2940000,4586377400,4593264100
20,1796,241758031411800,2991600,4632191500,4639078200
20,1812,241758076696000,2898800,4677475700,4684362400
20,1828,241758123344200,2823200,4724123900,4731010600
20,1844,241758169371400,3135900,4770151100,4777037800
20,1860,241758220167100,2593600,4820946800,4827833500
20,1876,241758262474500,2626300,4863254200,4870140900
20,1892,241758306671800,2732300,4907451500,4914338200
20,1908,241758354271500,2722700,4955051200,4961937900
20,1924,241758402452100,3078100,5003231800,5010118500
20,1940,241758448393500,2614100,5049173200,5056059900
20,1956,241758491425400,2667500,5092205100,5099091800
20,1972,241758535307900,2663500,5136087600,5142974300
20,1988,241758578838100,2879100,5179617800,5186504500
20,2004,241758630335600,2997200,5231115300,5238002000
20,2020,241758677464700,2923000,5278244400,5285131100
20,2036,241758725349300,2784900,5326129000,5333015700
21,5,241753553363900,3053600,154143600,161030300
21,21,241753592104700,2186300,192884400,199771100
21,37,241753628373200,2160100,229152900,236039600
21,53,241753663080600,2173000,263860300,270747000
21,69,241753698629300,2343900,299409000,306295700
21,85,241753734897000,2150800,335676700,342563400
21,101,241753769270200,2293100,370049900,376936600
21,117,241753805501500,2184500,406281200,413167900
21,133,241753861771300,2148600,462551000,469437700
21,149,241753895746400,2344400,496526100,503412800
21,165,241753933938700,2271300,534718400,541605100
21,181,241753969520100,2172700,570299800,577186500
21,197,241754004390500,2151700,605170200,612056900
21,213,241754039431600,2216800,640211300,647098000
21,229,241754075133300,2261300,675913000,682799700
21,245,241754109580700,2103600,710360400,717247100
21,261,241754163441000,2200000,764220700,771107400
21,277,241754198236300,2142600,799016000,805902700
21,293,241754232288800,2095500,833068500,839955200
21,309,241754266536700,2201700,867316400,874203100
21,325,241754301736200,2103300,902515900,909402600
21,341,241754338007400,2475900,938787100,945673800
21,357,241754374279700,2179600,975059400,981946100
21,373,241754409339100,2134500,1010118800,1017005500
21,389,241754443983800,2118000,1044763500,1051650200
21,405,241754497161700,2139000,1097941400,1104828100
21,421,241754530973600,2084200,1131753300,1138640000
21,437,241754565433300,2103900,1166213000,1173099700
21,453,241754599964900,2106000,1200744600,1207631300
21,469,241754635034300,2205900,1235814000,1242700700
21,485,241754669557700,2055300,1270337400,1277224100
21,501,241754704002200,2147500,1304781900,1311668600
21,517,241754738840900,2340400,1339620600,1346507300
21,533,241754795149800,2251500,1395929500,1402816200
21,549,241754830895800,2105100,1431675500,1438562200
21,565,241754864966300,2195200,1465746000,1472632700
21,581,241754900777200,2175700,1501556900,1508443600
21,597,241754935085900,2130800,1535865600,1542752300
21,613,241754969293000,2120500,1570072700,1576959400
21,629,241755005394500,2364600,1606174200,1613060900
21,645,241755041977200,2325800,1642756900,1649643600
21,661,241755098548200,2264900,1699327900,1706214600
21,677,241755135025500,2185200,1735805200,1742691900
21,693,241755171445400,2303800,1772225100,1779111800
21,709,241755206598800,2173500,1807378500,1814265200
21,725,241755241503100,2092800,1842282800,1849169500
21,741,241755275899600,2159500,1876679300,1883566000
21,757,241755311168100,2415400,1911947800,1918834500
21,773,241755347294500,2097700,1948074200,1954960900
21,789,241755401931300,2564800,2002711000,2009597700
21,805,241755436693000,2096900,2037472700,2044359400
21,821,241755471783800,2284400,2072563500,2079450200
21,837,241755507085100,2310700,2107864800,2114751500
21,853,241755542323400,2174000,2143103100,2149989800
21,869,241755578300000,2153100,2179079700,2185966400
21,885,241755613299600,2249300,2214079300,2220966000
21,901,241755649585500,2096800,2250365200,2257251900
21,917,241755684672400,2188500,2285452100,2292338800
21,933,241755741931000,2148800,2342710700,2349597400
21,949,241755777822500,2164500,2378602200,2385488900
21,965,241755814157500,2239900,2414937200,2421823900
21,981,241755849571400,2112600,2450351100,2457237800
21,997,241755883890300,2127400,2484670000,2491556700
21,1013,241755918395900,2270600,2519175600,2526062300
21,1029,241755953750100,2171000,2554529800,2561416500
21,1045,241755988775800,2208300,2589555500,2596442200
21,1061,241756029951100,2144300,2630730800,2637617500
21,1077,241756065263700,2234500,2666043400,2672930100
21,1093,241756100491000,2122700,2701270700,2708157400
21,1109,241756135590400,2180800,2736370100,2743256800
21,1125,241756171326800,2221200,2772106500,2778993200
21,1141,241756206192100,2463500,2806971800,2813858500
21,1157,241756241212900,2104600,2841992600,2848879300
21,1173,241756275251000,2130500,2876030700,2882917400
21,1189,241756314636800,2105200,2915416500,2922303200
21,1205,241756349546300,2215700,2950326000,2957212700
21,1221,241756384604500,2112900,2985384200,2992270900
21,1237,241756420011400,2643400,3020791100,3027677800
21,1253,241756465677100,3005400,3066456800,3073343500
21,1269,241756509511100,2613000,3110290800,3117177500
21,1285,241756552975300,2594200,3153755000,3160641700
21,1301,241756599986000,2673000,3200765700,3207652400
21,1317,241756647087400,2775800,3247867100,3254753800
21,1333,241756696345100,2706900,3297124800,3304011500
21,1349,241756740149900,2708600,3340929600,3347816300
21,1365,241756784670100,2934100,3385449800,3392336500
21,1381,241756831666800,2713900,3432446500,3439333200
21,1397,241756874670100,2618200,3475449800,3482336500
21,1413,241756916872100,2630900,3517651800,3524538500
21,1429,241756959320600,2614700,3560100300,3566987000
21,1445,241757004381000,2902400,3605160700,3612047400
21,1461,241757061083600,2589800,3661863300,3668750000
21,1477,241757103454600,2648500,3704234300,3711121000
21,1493,241757148343200,2765000,3749122900,3756009600
21,1509,241757195518700,2643500,3796298400,3803185100
21,1525,241757238270000,2753300,3839049700,3845936400
21,1541,241757285309200,2942000,3886088900,3892975600
21,1557,241757332703100,2906300,3933482800,3940369500
21,1573,241757377885200,2731500,3978664900,3985551600
21,1589,241757429506000,2889500,4030285700,4037172400
21,1605,241757476349600,2706800,4077129300,4084016000
21,1621,241757519578000,2717200,4120357700,4127244400
21,1637,241757569099000,3090500,4169878700,4176765400
21,1653,241757617178600,2952100,4217958300,4224845000
21,1669,241757662498400,2570900,4263278100,4270164800
21,1685,241757709323100,2785300,4310102800,4316989500
21,1701,241757755865400,3024100,4356645100,4363531800
21,1717,241757801498400,2924800,4402278100,4409164800
21,1733,241757852705900,2776200,4453485600,4460372300
21,1749,241757900524700,2977100,4501304400,4508191100
21,1765,241757945549400,2877100,4546329100,4553215800
21,1781,241757992263100,2701200,4593042800,4599929500
21,1797,241758038566200,2779400,4639345900,4646232600
21,1813,241758083960200,2876900,4684739900,4691626600
21,1829,241758130291400,2970200,4731071100,4737957800
21,1845,241758176922400,3123900,4777702100,4784588800
21,1861,241758226542800,2660900,4827322500,4834209200
21,1877,241758268894100,2875700,4869673800,4876560500
21,1893,241758313338400,2824400,4914118100,4921004800
21,1909,241758360876500,2743600,4961656200,4968542900
21,1925,241758409895500,3024700,5010675200,5017561900
21,1941,241758454687000,2647600,5055466700,5062353400
21,1957,241758498129200,2801400,5098908900,5105795600
21,1973,241758541730900,2653900,5142510600,5149397300
21,1989,241758591142800,2833100,5191922500,5198809200
21,2005,241758637728800,3100800,5238508500,5245395200
21,2021,241758685065700,3082400,5285845400,5292732100
21,2037,241758731880100,2602000,5332659800,5339546500
22,6,241753556477100,3337300,157256800,164143500
22,22,241753594325900,2155400,195105600,201992300
22,38,241753630568100,2213800,231347800,238234500
22,54,241753665316400,2130600,266096100,272982800
22,70,241753701089400,2247400,301869100,308755800
22,86,241753737196700,2138500,337976400,344863100
22,102,241753771731800,2202200,372511500,379398200
22,118,241753807721800,2224400,408501500,415388200
22,134,241753863953100,2119200,464732800,471619500
22,150,241753898122600,2467800,498902300,505789000
22,166,241753936273500,2183400,537053200,543939900
22,182,241753971763900,2242400,572543600,579430300
22,198,241754006577600,2115600,607357300,614244000
22,214,241754041711400,2163300,642491100,649377800
22,230,241754077459400,2246200,678239100,685125800
22,246,241754111770800,2155800,712550500,719437200
22,262,241754165709300,2144300,766489000,773375700
22,278,241754200412400,2129900,801192100,808078800
22,294,241754234417500,2112800,835197200,842083900
22,310,241754268773300,2198500,869553000,876439700
22,326,241754303893700,2263900,904673400,911560100
22,342,241754340339600,2243300,941119300,948006000
22,358,241754376370200,2180600,977149900,984036600
22,374,241754411344500,2131800,1012124200,1019010900
22,390,241754445886700,20202700,1046666400,1053553100
22,406,241754498746800,2126000,1099526500,1106413200
22,422,241754532517500,2084000,1133297200,1140183900
22,438,241754566931800,2099000,1167711500,1174598200
22,454,241754601466700,2104300,1202246400,1209133100
22,470,241754636662200,2141800,1237441900,1244328600
22,486,241754671086000,2092700,1271865700,1278752400
22,502,241754705625600,2127800,1306405300,1313292000
22,518,241754740358900,2526900,1341138600,1348025300
22,534,241754796769900,2255800,1397549600,1404436300
22,550,241754832426400,2144700,1433206100,1440092800
22,566,241754866571600,2280900,1467351300,1474238000
22,582,241754902380000,2151900,1503159700,1510046400
22,598,241754936651800,2137100,1537431500,1544318200
22,614,241754970873800,2121700,1571653500,1578540200
22,630,241755007140100,2569000,1607919800,1614806500
22,646,241755043657700,2313700,1644437400,1651324100
22,662,241755100027000,2343400,1700806700,1707693400
22,678,241755136446100,2436500,1737225800,1744112500
22,694,241755173032100,2149200,1773811800,1780698500
22,710,241755208043700,2152300,1808823400,1815710100
22,726,241755242883400,2094200,1843663100,1850549800
22,742,241755277306400,2138300,1878086100,1884972800
22,758,241755312619600,2412000,1913399300,1920286000
22,774,241755348426500,2142800,1949206200,1956092900
22,790,241755403665200,2323900,2004444900,2011331600
22,806,241755438005300,2109000,2038785000,2045671700
22,822,241755473199900,2182400,2073979600,2080866300
22,838,241755508382300,2307700,2109162000,2116048700
22,854,241755543483800,2223500,2144263500,2151150200
22,870,241755579464700,2315500,2180244400,2187131100
22,886,241755614488800,2246500,2215268500,2222155200
22,902,241755650939500,2106800,2251719200,2258605900
22,918,241755685978700,2230400,2286758400,2293645100
22,934,241755743435100,2138400,2344214800,2351101500
22,950,241755779173200,2185100,2379952900,2386839600
22,966,241755815484700,2171200,2416264400,2423151100
22,982,241755850809400,2114600,2451589100,2458475800
22,998,241755885123600,2138400,2485903300,2492790000
22,1014,241755919698000,2332300,2520477700,2527364400
22,1030,241755955021900,2185800,2555801600,2562688300
22,1046,241755990056400,2165900,2590836100,2597722800
22,1062,241756031089200,2118900,2631868900,2638755600
22,1078,241756066508700,2302000,2667288400,2674175100
22,1094,241756101754900,2149800,2702534600,2709421300
22,1110,241756137236200,2278000,2738015900,2744902600
22,1126,241756172986000,2242300,2773765700,2780652400
22,1142,241756208055800,2427200,2808835500,2815722200
22,1158,241756242786500,2103100,2843566200,2850452900
22,1174,241756276832400,2118800,2877612100,2884498800
22,1190,241756316366700,2144600,2917146400,2924033100
22,1206,241756351341600,2187900,2952121300,2959008000
22,1222,241756386345500,2048000,2987125200,2994011900
22,1238,241756422163800,2751500,3022943500,3029830200
22,1254,241756468129000,3056500,3068908700,3075795400
22,1270,241756511623000,2616400,3112402700,3119289400
22,1286,241756555180800,4433500,3155960500,3162847200
22,1302,241756602166100,2940800,3202945800,3209832500
22,1318,241756649251200,2716800,3250030900,3256917600
22,1334,241756698488300,2669400,3299268000,3306154700
22,1350,241756742263000,2491000,3343042700,3349929400
22,1366,241756786954500,2939200,3387734200,3394620900
22,1382,241756833821000,2698200,3434600700,3441487400
22,1398,241756876728000,2573700,3477507700,3484394400
22,1414,241756918943100,2776700,3519722800,3526609500
22,1430,241756961370100,2624700,3562149800,3569036500
22,1446,241757006598900,2885300,3607378600,3614265300
22,1462,241757059941900,2632900,3660721600,3667608300
22,1478,241757102346800,2607300,3703126500,3710013200
22,1494,241757146912600,3053900,3747692300,3754579000
22,1510,241757194270000,2649400,3795049700,3801936400
22,1526,241757236948100,2770200,3837727800,3844614500
22,1542,241757283899000,2951400,3884678700,3891565400
22,1558,241757331295500,2916400,3932075200,3938961900
22,1574,241757376472700,2705500,3977252400,3984139100
22,1590,241757428030100,2869100,4028809800,4035696500
22,1606,241757474916700,2631800,4075696400,4082583100
22,1622,241757518124200,2678800,4118903900,4125790600
22,1638,241757567590300,3127200,4168370000,4175256700
22,1654,241757615766500,2957700,4216546200,4223432900
22,1670,241757661343600,2584400,4262123300,4269010000
22,1686,241757707712900,2999600,4308492600,4315379300
22,1702,241757754265400,2924300,4355045100,4361931800
22,1718,241757799933600,2880300,4400713300,4407600000
22,1734,241757851215900,2775300,4451995600,4458882300
22,1750,241757898912500,2956300,4499692200,4506578900
22,1766,241757944206900,2708700,4544986600,4551873300
22,1782,241757990959200,2698200,4591738900,4598625600
22,1798,241758037308300,2805500,4638088000,4644974700
22,1814,241758082499000,3003000,4683278700,4690165400
22,1830,241758128952400,2947300,4729732100,4736618800
22,1846,241758175542200,3110500,4776321900,4783208600
22,1862,241758225417800,2535300,4826197500,4833084200
22,1878,241758267671400,2766000,4868451100,4875337800
22,1894,241758312051200,2722500,4912830900,4919717600
22,1910,241758359604900,2732000,4960384600,4967271300
22,1926,241758408434600,3035800,5009214300,5016101000
22,1942,241758453473800,2581400,5054253500,5061140200
22,1958,241758496821100,2769200,5097600800,5104487500
22,1974,241758540489700,2662800,5141269400,5148156100
22,1990,241758589871100,2793700,5190650800,5197537500
22,2006,241758636408600,2898900,5237188300,5244075000
22,2022,241758683530900,3096300,5284310600,5291197300
22,2038,241758730847600,2473500,5331627300,5338514000
23,7,241753559860500,3081600,160640200,167526900
23,23,241753596516500,2153800,197296200,204182900
23,39,241753632817800,2162700,233597500,240484200
23,55,241753667483200,2179500,268262900,275149600
23,71,241753703575900,2286400,304355600,311242300
23,87,241753739597200,2140500,340376900,347263600
23,103,241753774246600,2191600,375026300,381913000
23,119,241753810189600,2157000,410969300,417856000
23,135,241753866254800,2163300,467034500,473921200
23,151,241753900694100,2324400,501473800,508360500
23,167,241753938677800,2330600,539457500,546344200
23,183,241753974197300,2189900,574977000,581863700
23,199,241754008966100,2130100,609745800,616632500
23,215,241754044293800,2146100,645073500,651960200
23,231,241754080146100,2236900,680925800,687812500
23,247,241754114356600,2394000,715136300,722023000
23,263,241754168174300,2137200,768954000,775840700
23,279,241754202818200,2112800,803597900,810484600
23,295,241754236815100,2113000,837594800,844481500
23,311,241754271202500,2135900,871982200,878868900
23,327,241754306518900,2245100,907298600,914185300
23,343,241754342704300,2208700,943484000,950370700
23,359,241754378631700,2358000,979411400,986298100
23,375,241754413537100,2103500,1014316800,1021203500
23,391,241754466285300,2306800,1067065000,1073951700
23,407,241754501493600,2101800,1102273300,1109160000
23,423,241754535190000,2094400,1135969700,1142856400
23,439,241754569867400,2157200,1170647100,1177533800
23,455,241754604428600,2103700,1205208300,1212095000
23,471,241754639782600,2175000,1240562300,1247449000
23,487,241754674059200,2100900,1274838900,1281725600
23,503,241754708732800,2093000,1309512500,1316399200
23,519,241754743929400,2282700,1344709100,1351595800
23,535,241754800108400,2642600,1400888100,1407774800
23,551,241754835638100,2094500,1436417800,1443304500
23,567,241754869914900,2188900,1470694600,1477581300
23,583,241754905461100,2099000,1506240800,1513127500
23,599,241754939709300,2119900,1540489000,1547375700
23,615,241754973887600,2101000,1574667300,1581554000
23,631,241755010742600,2393000,1611522300,1618409000
23,647,241755046841200,2242500,1647620900,1654507600
23,663,241755103387000,2263700,1704166700,1711053400
23,679,241755139966200,2397200,1740745900,1747632600
23,695,241755175864400,2224300,1776644100,1783530800
23,711,241755210916900,2098500,1811696600,1818583300
23,727,241755245747600,2091900,1846527300,1853414000
23,743,241755280296200,2364600,1881075900,1887962600
23,759,241755316051600,2196000,1916831300,1923718000
23,775,241755351427800,2075800,1952207500,1959094200
23,791,241755406636400,2137700,2007416100,2014302800
23,807,241755440716600,2131200,2041496300,2048383000
23,823,241755476022200,2201300,2076801900,2083688600
23,839,241755511327400,2207800,2112107100,2118993800
23,855,241755546381100,2367600,2147160800,2154047500
23,871,241755582386700,2305000,2183166400,2190053100
23,887,241755617277400,1956000,2218057100,2224943800
23,903,241755652754400,2131200,2253534100,2260420800
23,919,241755687886400,2260600,2288666100,2295552800
23,935,241755745157100,2135100,2345936800,2352823500
23,951,241755780940300,2240400,2381720000,2388606700
23,967,241755817264500,2242700,2418044200,2424930900
23,983,241755852526100,2164200,2453305800,2460192500
23,999,241755886866900,2156100,2487646600,2494533300
23,1015,241755921474300,2160400,2522254000,2529140700
23,1031,241755956839400,2167400,2557619100,2564505800
23,1047,241755991901200,2169500,2592680900,2599567600
23,1063,241756032902700,2193900,2633682400,2640569100
23,1079,241756068488400,2256400,2669268100,2676154800
23,1095,241756103601200,2084000,2704380900,2711267600
23,1111,241756139157100,2277100,2739936800,2746823500
23,1127,241756174832700,2356400,2775612400,2782499100
23,1143,241756210303700,2313900,2811083400,2817970100
23,1159,241756244714900,2126500,2845494600,2852381300
23,1175,241756278780200,2081500,2879559900,2886446600
23,1191,241756318264200,2175200,2919043900,2925930600
23,1207,241756353181700,2205400,2953961400,2960848100
23,1223,241756388099600,2067200,2988879300,2995766000
23,1239,241756424443700,2761600,3025223400,3032110100
23,1255,241756470680700,3177700,3071460400,3078347100
23,1271,241756513807700,2648700,3114587400,3121474100
23,1287,241756558442500,4400600,3159222200,3166108900
23,1303,241756604703000,2949200,3205482700,3212369400
23,1319,241756651672000,2734800,3252451700,3259338400
23,1335,241756700829700,2811100,3301609400,3308496100
23,1351,241756744539100,2496800,3345318800,3352205500
23,1367,241756789584900,2622900,3390364600,3397251300
23,1383,241756836195000,2922500,3436974700,3443861400
23,1399,241756879011100,2643000,3479790800,3486677500
23,1415,241756921395200,2773700,3522174900,3529061600
23,1431,241756963701300,2690700,3564481000,3571367700
23,1447,241757009162600,3042700,3609942300,3616829000
23,1463,241757061266800,2602200,3662046500,3668933200
23,1479,241757103634300,2644000,3704414000,3711300700
23,1495,241757148598600,2696100,3749378300,3756265000
23,1511,241757195624600,2661500,3796404300,3803291000
23,1527,241757238460700,2761100,3839240400,3846127100
23,1543,241757285510500,2957200,3886290200,3893176900
23,1559,241757332916700,2904500,3933696400,3940583100
23,1575,241757378079800,2709800,3978859500,3985746200
23,1591,241757429697800,2895600,4030477500,4037364200
23,1607,241757476559300,2748400,4077339000,4084225700
23,1623,241757519805100,2711900,4120584800,4127471500
23,1639,241757569392200,3083600,4170171900,4177058600
23,1655,241757617470500,2959300,4218250200,4225136900
23,1671,241757662778500,2578800,4263558200,4270444900
23,1687,241757709401000,2777600,4310180700,4317067400
23,1703,241757755723400,3066700,4356503100,4363389800
23,1719,241757801412300,2925500,4402192000,4409078700
23,1735,241757852622500,2777500,4453402200,4460288900
23,1751,241757900565800,2976200,4501345500,4508232200
23,1767,241757945669200,2882800,4546448900,4553335600
23,1783,241757992475000,2718900,4593254700,4600141400
23,1799,241758038795200,2790300,4639574900,4646461600
23,1815,241758084358100,2890900,4685137800,4692024500
23,1831,241758130642200,2959900,4731421900,4738308600
23,1847,241758177314900,3080700,4778094600,4784981300
23,1863,241758226657100,2660700,4827436800,4834323500
23,1879,241758269000300,2876100,4869780000,4876666700
23,1895,241758313451500,2841400,4914231200,4921117900
23,1911,241758360988100,2750900,4961767800,4968654500
23,1927,241758409980700,3025000,5010760400,5017647100
23,1943,241758454750700,2653500,5055530400,5062417100
23,1959,241758498208500,2815100,5098988200,5105874900
23,1975,241758541799700,2658000,5142579400,5149466100
23,1991,241758591227600,2820200,5192007300,5198894000
23,2007,241758637818600,3103100,5238598300,5245485000
23,2023,241758685155100,3088900,5285934800,5292821500
23,2039,241758732064300,2592300,5332844000,5339730700
24,8,241753562990900,2546300,163770600,170657300
24,24,241753598705800,2172700,199485500,206372200
24,40,241753635017500,2120100,235797200,242683900
24,56,241753669714800,2497700,270494500,277381200
24,72,241753705830200,2225200,306609900,313496600
24,88,241753741677000,2164300,342456700,349343400
24,104,241753776376600,2186300,377156300,384043000
24,120,241753812287100,2513800,413066800,419953500
24,136,241753868482500,2134000,469262200,476148900
24,152,241753902985600,2371400,503765300,510652000
24,168,241753940826200,2226400,541605900,548492600
24,184,241753976272000,2141600,577051700,583938400
24,200,241754010954700,2115700,611734400,618621100
24,216,241754046355700,2232700,647135400,654022100
24,232,241754082297600,2147800,683077300,689964000
24,248,241754116791800,2266400,717571500,724458200
24,264,241754170371100,2123600,771150800,778037500
24,280,241754205025100,2133600,805804800,812691500
24,296,241754239016900,2099500,839796600,846683300
24,312,241754273424200,2158400,874203900,881090600
24,328,241754308676500,2233300,909456200,916342900
24,344,241754345320200,2209600,946099900,952986600
24,360,241754381279100,2188500,982058800,988945500
24,376,241754415951800,2101700,1016731500,1023618200
24,392,241754468809000,2229000,1069588700,1076475400
24,408,241754503791700,2094600,1104571400,1111458100
24,424,241754537486900,2078100,1138266600,1145153300
24,440,241754572058800,2093500,1172838500,1179725200
24,456,241754606565400,2103000,1207345100,1214231800
24,472,241754641867600,2171200,1242647300,1249534000
24,488,241754676072500,2107400,1276852200,1283738900
24,504,241754710528000,2112100,1311307700,1318194400
24,520,241754745890700,2303400,1346670400,1353557100
24,536,241754802406400,2216700,1403186100,1410072800
24,552,241754837422200,2124800,1438201900,1445088600
24,568,241754871834600,2135500,1472614300,1479501000
24,584,241754907339600,2184200,1508119300,1515006000
24,600,241754941606100,2124100,1542385800,1549272500
24,616,241754975766100,2147000,1576545800,1583432500
24,632,241755012860500,2231700,1613640200,1620526900
24,648,241755048995400,2265000,1649775100,1656661800
24,664,241755105599300,2415300,1706379000,1713265700
24,680,241755142310500,2480300,1743090200,1749976900
24,696,241755178148900,2207100,1778928600,1785815300
24,712,241755213104200,2109400,1813883900,1820770600
24,728,241755247750700,2208500,1848530400,1855417100
24,744,241755282511900,2267100,1883291600,1890178300
24,760,241755317962700,2406500,1918742400,1925629100
24,776,241755353391000,2136500,1954170700,1961057400
24,792,241755408971700,2143300,2009751400,2016638100
24,808,241755443067700,2274500,2043847400,2050734100
24,824,241755478395700,2299500,2079175400,2086062100
24,840,241755513736700,2167000,2114516400,2121403100
24,856,241755549072100,2184800,2149851800,2156738500
24,872,241755584910600,2195300,2185690300,2192577000
24,888,241755619506800,2408900,2220286500,2227173200
24,904,241755655234200,2129700,2256013900,2262900600
24,920,241755690489900,2367700,2291269600,2298156300
24,936,241755747530500,2243000,2348310200,2355196900
24,952,241755783399000,2281600,2384178700,2391065400
24,968,241755819753200,2357800,2420532900,2427419600
24,984,241755854872700,2122900,2455652400,2462539100
24,1000,241755889195900,2080900,2489975600,2496862300
24,1016,241755924059100,2289300,2524838800,2531725500
24,1032,241755959234400,2145000,2560014100,2566900800
24,1048,241755994279500,2243200,2595059200,2601945900
24,1064,241756035286500,2129700,2636066200,2642952900
24,1080,241756070834900,2224500,2671614600,2678501300
24,1096,241756105749900,2170500,2706529600,2713416300
24,1112,241756141465700,2150800,2742245400,2749132100
24,1128,241756177403200,2203000,2778182900,2785069600
24,1144,241756212591000,2150100,2813370700,2820257400
24,1160,241756246812200,2110200,2847591900,2854478600
24,1176,241756280833300,2128600,2881613000,2888499700
24,1192,241756320326300,2031300,2921106000,2927992700
24,1208,241756355293200,2172400,2956072900,2962959600
24,1224,241756390139800,2097800,2990919500,2997806200
24,1240,241756427245700,2720200,3028025400,3034912100
24,1256,241756473911800,2967200,3074691500,3081578200
24,1272,241756516494600,2637900,3117274300,3124161000
24,1288,241756562891600,2802800,3163671300,3170558000
24,1304,241756607529900,3000000,3208309600,3215196300
24,1320,241756654368300,2706100,3255148000,3262034700
24,1336,241756703600100,2775700,3304379800,3311266500
24,1352,241756746999800,2690700,3347779500,3354666200
24,1368,241756792168300,2755800,3392948000,3399834700
24,1384,241756839084900,2970700,3439864600,3446751300
24,1400,241756881601500,2638900,3482381200,3489267900
24,1416,241756924127100,2600300,3524906800,3531793500
24,1432,241756966350000,2636100,3567129700,3574016400
24,1448,241757012156200,2980200,3612935900,3619822600
24,1464,241757066015500,2607800,3666795200,3673681900
24,1480,241757108555900,2663800,3709335600,3716222300
24,1496,241757153409300,2951000,3754189000,3761075700
24,1512,241757200490700,2791200,3801270400,3808157100
24,1528,241757243445800,2791700,3844225500,3851112200
24,1544,241757290829900,2953700,3891609600,3898496300
24,1560,241757338165700,2915600,3938945400,3945832100
24,1576,241757382932600,2979600,3983712300,3990599000
24,1592,241757434873700,2842000,4035653400,4042540100
24,1608,241757481489500,2740200,4082269200,4089155900
24,1624,241757524569400,2615900,4125349100,4132235800
24,1640,241757575653700,3224600,4176433400,4183320100
24,1656,241757623507200,3003500,4224286900,4231173600
24,1672,241757667994400,2630300,4268774100,4275660800
24,1688,241757715053600,2780000,4315833300,4322720000
24,1704,241757761987200,2889800,4362766900,4369653600
24,1720,241757807489300,2932700,4408269000,4415155700
24,1736,241757858716800,3111200,4459496500,4466383200
24,1752,241757906590800,2937900,4507370500,4514257200
24,1768,241757951650500,2888700,4552430200,4559316900
24,1784,241757997995800,2688700,4598775500,4605662200
24,1800,241758044478400,2914800,4645258100,4652144800
24,1816,241758089880600,2892100,4690660300,4697547000
24,1832,241758136376400,2963500,4737156100,4744042800
24,1848,241758183056500,2749600,4783836200,4790722900
24,1864,241758232276900,2620900,4833056600,4839943300
24,1880,241758274897100,2769100,4875676800,4882563500
24,1896,241758319296100,3003700,4920075800,4926962500
24,1912,241758367017100,3121800,4967796800,4974683500
24,1928,241758416302700,2710600,5017082400,5023969100
24,1944,241758460344900,2783100,5061124600,5068011300
24,1960,241758504093800,2725300,5104873500,5111760200
24,1976,241758547361800,2719600,5148141500,5155028200
24,1992,241758597200500,2767500,5197980200,5204866900
24,2008,241758644331300,3053300,5245111000,5251997700
24,2024,241758691616000,2898600,5292395700,5299282400
24,2040,241758737636700,2569200,5338416400,5345303100
25,9,241753565574300,2263600,166354000,173240700
25,25,241753600912800,2156600,201692500,208579200
25,41,241753637200400,2153800,237980100,244866800
25,57,241753672253800,2301400,273033500,279920200
25,73,241753707776100,2247100,308555800,315442500
25,89,241753743581300,2130700,344361000,351247700
25,105,241753778316100,2257500,379095800,385982500
25,121,241753814412600,2370700,415192300,422079000
25,137,241753870174600,2146600,470954300,477841000
25,153,241753904984800,2304700,505764500,512651200
25,169,241753942768500,2184900,543548200,550434900
25,185,241753978110300,2124500,578890000,585776700
25,201,241754012701600,2073600,613481300,620368000
25,217,241754048015100,2285600,648794800,655681500
25,233,241754083864700,2093700,684644400,691531100
25,249,241754118368000,2232300,719147700,726034400
25,265,241754171810600,2125100,772590300,779477000
25,281,241754206615400,2124500,807395100,814281800
25,297,241754240592800,2094000,841372500,848259200
25,313,241754275098900,2138300,875878600,882765300
25,329,241754310438600,2203800,911218300,918105000
25,345,241754346855700,2233000,947635400,954522100
25,361,241754382957500,2141400,983737200,990623900
25,377,241754417279600,2120000,1018059300,1024946000
25,393,241754470117800,2175400,1070897500,1077784200
25,409,241754505020700,2127300,1105800400,1112687100
25,425,241754538738200,2176500,1139517900,1146404600
25,441,241754573386400,2123400,1174166100,1181052800
25,457,241754607930600,2091200,1208710300,1215597000
25,473,241754643387200,2104500,1244166900,1251053600
25,489,241754677569100,2117200,1278348800,1285235500
25,505,241754712138200,2102900,1312917900,1319804600
25,521,241754747597600,2425100,1348377300,1355264000
25,537,241754803982700,2208300,1404762400,1411649100
25,553,241754838849800,2181900,1439629500,1446516200
25,569,241754873287000,2100800,1474066700,1480953400
25,585,241754908789100,2174600,1509568800,1516455500
25,601,241754943020500,2094200,1543800200,1550686900
25,617,241754977199100,2119900,1577978800,1584865500
25,633,241755014303700,2296000,1615083400,1621970100
25,649,241755050427200,2209900,1651206900,1658093600
25,665,241755107073800,2322500,1707853500,1714740200
25,681,241755143792700,2541800,1744572400,1751459100
25,697,241755179582700,2196300,1780362400,1787249100
25,713,241755214434500,2059800,1815214200,1822100900
25,729,241755249309600,2089400,1850089300,1856976000
25,745,241755284161200,2235200,1884940900,1891827600
25,761,241755319844300,2306300,1920624000,1927510700
25,777,241755354999000,2092200,1955778700,1962665400
25,793,241755410360900,2141200,2011140600,2018027300
25,809,241755444634800,2109500,2045414500,2052301200
25,825,241755480228300,2226300,2081008000,2087894700
25,841,241755515348000,2162300,2116127700,2123014400
25,857,241755550846300,2203800,2151626000,2158512700
25,873,241755586682000,2201300,2187461700,2194348400
25,889,241755622252700,2184300,2223032400,2229919100
25,905,241755657679500,2323600,2258459200,2265345900
25,921,241755693099600,22285700,2293879300,2300766000
25,937,241755750063400,2124800,2350843100,2357729800
25,953,241755786098100,2255700,2386877800,2393764500
25,969,241755822482400,2133200,2423262100,2430148800
25,985,241755857543500,2164500,2458323200,2465209900
25,1001,241755891836900,2296100,2492616600,2499503300
25,1017,241755926934400,2280900,2527714100,2534600800
25,1033,241755961912100,2215000,2562691800,2569578500
25,1049,241755997073100,2169800,2597852800,2604739500
25,1065,241756037991400,2184900,2638771100,2645657800
25,1081,241756073834300,2347900,2674614000,2681500700
25,1097,241756108571700,2271300,2709351400,2716238100
25,1113,241756144427400,2430500,2745207100,2752093800
25,1129,241756180300900,2175600,2781080600,2787967300
25,1145,241756215459400,2203300,2816239100,2823125800
25,1161,241756249613500,2141200,2850393200,2857279900
25,1177,241756283642900,2113500,2884422600,2891309300
25,1193,241756323136200,2288800,2923915900,2930802600
25,1209,241756358277500,2297400,2959057200,2965943900
25,1225,241756393030600,2107600,2993810300,3000697000
25,1241,241756430986000,2688700,3031765700,3038652400
25,1257,241756478008100,2671400,3078787800,3085674500
25,1273,241756520106900,2708500,3120886600,3127773300
25,1289,241756566679000,2740500,3167458700,3174345400
25,1305,241756611651800,2946800,3212431500,3219318200
25,1321,241756657962500,8257900,3258742200,3265628900
25,1337,241756707250700,2767900,3308030400,3314917100
25,1353,241756750589800,2716800,3351369500,3358256200
25,1369,241756795877700,2728400,3396657400,3403544100
25,1385,241756842898200,2623600,3443677900,3450564600
25,1401,241756885113400,2680600,3485893100,3492779800
25,1417,241756927565000,2603900,3528344700,3535231400
25,1433,241756969828100,2650800,3570607800,3577494500
25,1449,241757020399900,2788100,3621179600,3628066300
25,1465,241757071519200,2633900,3672298900,3679185600
25,1481,241757114097400,2644600,3714877100,3721763800
25,1497,241757159273800,2611200,3760053500,3766940200
25,1513,241757206159900,2608400,3806939600,3813826300
25,1529,241757249547700,2992000,3850327400,3857214100
25,1545,241757297179100,2966500,3897958800,3904845500
25,1561,241757344209100,2926700,3944988800,3951875500
25,1577,241757389264700,2841900,3990044400,3996931100
25,1593,241757440933500,2899900,4041713200,4048599900
25,1609,241757487229200,2735700,4088008900,4094895600
25,1625,241757530070700,3102000,4130850400,4137737100
25,1641,241757581449300,3069500,4182229000,4189115700
25,1657,241757628955000,2916100,4229734700,4236621400
25,1673,241757672756100,2955400,4273535800,4280422500
25,1689,241757720112300,3232500,4320892000,4327778700
25,1705,241757767231600,2767000,4368011300,4374898000
25,1721,241757812938000,8613800,4413717700,4420604400
25,1737,241757864570300,3018200,4465350000,4472236700
25,1753,241757912111200,2932200,4512890900,4519777600
25,1769,241757957080700,2993000,4557860400,4564747100
25,1785,241758002971300,2886000,4603751000,4610637700
25,1801,241758049805700,2734600,4650585400,4657472100
25,1817,241758095323100,2917700,4696102800,4702989500
25,1833,241758141982900,2958700,4742762600,4749649300
25,1849,241758188257300,2775800,4789037000,4795923700
25,1865,241758237137200,2646200,4837916900,4844803600
25,1881,241758279944900,2759700,4880724600,4887611300
25,1897,241758327315500,2886300,4928095200,4934981900
25,1913,241758372831700,3143900,4973611400,4980498100
25,1929,241758421286000,2545300,5022065700,5028952400
25,1945,241758465365800,2549600,5066145500,5073032200
25,1961,241758509045700,2836100,5109825400,5116712100
25,1977,241758552375300,2684000,5153155000,5160041700
25,1993,241758602391500,2928900,5203171200,5210057900
25,2009,241758649933000,3069700,5250712700,5257599400
25,2025,241758697044000,2982000,5297823700,5304710400
25,2041,241758742351800,2611500,5343131500,5350018200
26,10,241753567873500,2242500,168653200,175539900
26,26,241753603104900,2171200,203884600,210771300
26,42,241753639385700,2164000,240165400,247052100
26,58,241753674780200,2248400,275559900,282446600
26,74,241753710275600,2344900,311055300,317942000
26,90,241753745909100,2127100,346688800,353575500
26,106,241753780970400,2417600,381750100,388636800
26,122,241753817022400,2269400,417802100,424688800
26,138,241753872642800,2087400,473422500,480309200
26,154,241753907443400,2410300,508223100,515109800
26,170,241753945046600,2305900,545826300,552713000
26,186,241753980294100,2312300,581073800,587960500
26,202,241754014831700,2094100,615611400,622498100
26,218,241754050417500,2268700,651197200,658083900
26,234,241754086137600,2100600,686917300,693804000
26,250,241754120717900,2191500,721497600,728384300
26,266,241754174103200,2124200,774882900,781769600
26,282,241754208801600,2132100,809581300,816468000
26,298,241754242746400,2094600,843526100,850412800
26,314,241754277300300,2312000,878080000,884966700
26,330,241754312814300,2177000,913594000,920480700
26,346,241754349183500,2221900,949963200,956849900
26,362,241754385169100,2368500,985948800,992835500
26,378,241754419700900,2119400,1020480600,1027367300
26,394,241754472753200,2142100,1073532900,1080419600
26,410,241754507631700,2104600,1108411400,1115298100
26,426,241754541424000,2388100,1142203700,1149090400
26,442,241754575960100,2143000,1176739800,1183626500
26,458,241754610453600,2135900,1211233300,1218120000
26,474,241754645827400,2125700,1246607100,1253493800
26,490,241754680036800,2130500,1280816500,1287703200
26,506,241754714543400,2356100,1315323100,1322209800
26,522,241754750374600,2249600,1351154300,1358041000
26,538,241754806602000,2246300,1407381700,1414268400
26,554,241754841457400,2127300,1442237100,1449123800
26,570,241754875717200,2129300,1476496900,1483383600
26,586,241754911354300,2121900,1512134000,1519020700
26,602,241754945518600,2138200,1546298300,1553185000
26,618,241754979715600,2089900,1580495300,1587382000
26,634,241755014757400,2335400,1615537100,1622423800
26,650,241755050860200,2219900,1651639900,1658526600
26,666,241755107543100,2329400,1708322800,1715209500
26,682,241755144249700,2411800,1745029400,1751916100
26,698,241755179967900,2159100,1780747600,1787634300
26,714,241755214854800,2096600,1815634500,1822521200
26,730,241755249553600,2099000,1850333300,1857220000
26,746,241755284397500,2235600,1885177200,1892063900
26,762,241755320076800,2286400,1920856500,1927743200
26,778,241755355189900,2105200,1955969600,1962856300
26,794,241755410573800,2170900,2011353500,2018240200
26,810,241755444805400,2109300,2045585100,2052471800
26,826,241755480173200,2210400,2080952900,2087839600
26,842,241755515607200,2203300,2116386900,2123273600
26,858,241755551046600,2210500,2151826300,2158713000
26,874,241755586957100,2187000,2187736800,2194623500
26,890,241755621627500,2171200,2222407200,2229293900
26,906,241755657084300,2247000,2257864000,2264750700
26,922,241755692611100,22096900,2293390800,2300277500
26,938,241755749429800,2151200,2350209500,2357096200
26,954,241755785314300,2301300,2386094000,2392980700
26,970,241755821729700,2187200,2422509400,2429396100
26,986,241755856643200,2173400,2457422900,2464309600
26,1002,241755890910300,2136900,2491690000,2498576700
26,1018,241755925971200,2234600,2526750900,2533637600
26,1034,241755960975600,2211700,2561755300,2568642000
26,1050,241755996079600,2228300,2596859300,2603746000
26,1066,241756037061700,2189600,2637841400,2644728100
26,1082,241756072726400,2400700,2673506100,2680392800
26,1098,241756107640600,2212200,2708420300,2715307000
26,1114,241756143367900,2343800,2744147600,2751034300
26,1130,241756179234200,2187900,2780013900,2786900600
26,1146,241756214480900,2178600,2815260600,2822147300
26,1162,241756248667200,2143700,2849446900,2856333600
26,1178,241756282692100,2131300,2883471800,2890358500
26,1194,241756322159600,2195900,2922939300,2929826000
26,1210,241756357199200,2277300,2957978900,2964865600
26,1226,241756391922000,2118700,2992701700,2999588400
26,1242,241756429591400,2645100,3030371100,3037257800
26,1258,241756476383500,2910700,3077163200,3084049900
26,1274,241756518675700,2652900,3119455400,3126342100
26,1290,241756565221300,2722600,3166001000,3172887700
26,1306,241756610026700,2974000,3210806400,3217693100
26,1322,241756656572300,2711100,3257352000,3264238700
26,1338,241756705880200,2720500,3306659900,3313546600
26,1354,241756749185700,2700300,3349965400,3356852100
26,1370,241756794429100,2756800,3395208800,3402095500
26,1386,241756841512700,2719000,3442292400,3449179100
26,1402,241756883776300,2714000,3484556000,3491442700
26,1418,241756926281500,2607100,3527061200,3533947900
26,1434,241756968516200,2644000,3569295900,3576182600
26,1450,241757014745500,5474600,3615525200,3622411900
26,1466,241757068668700,2623300,3669448400,3676335100
26,1482,241757111262300,2616900,3712042000,3718928700
26,1498,241757156392100,2652500,3757171800,3764058500
26,1514,241757203243300,2702600,3804023000,3810909700
26,1530,241757246200400,3052200,3846980100,3853866800
26,1546,241757293749300,3152600,3894529000,3901415700
26,1562,241757341037700,2921300,3941817400,3948704100
26,1578,241757385872600,3041700,3986652300,3993539000
26,1594,241757437669800,2943700,4038449500,4045336200
26,1610,241757484118200,2731200,4084897900,4091784600
26,1626,241757527080000,3158900,4127859700,4134746400
26,1642,241757578699400,3136600,4179479100,4186365800
26,1658,241757626354100,2971000,4227133800,4234020500
26,1674,241757670480800,2599200,4271260500,4278147200
26,1690,241757717604300,2785400,4318384000,4325270700
26,1706,241757764513100,2867800,4365292800,4372179500
26,1722,241757810048000,2973200,4410827700,4417714400
26,1738,241757861495000,3114600,4462274700,4469161400
26,1754,241757909190800,2948300,4509970500,4516857200
26,1770,241757954165100,2954000,4554944800,4561831500
26,1786,241758000311500,2698700,4601091200,4607977900
26,1802,241758047036100,2845200,4647815800,4654702500
26,1818,241758092853100,2868000,4693632800,4700519500
26,1834,241758139436100,2963800,4740215800,4747102500
26,1850,241758185734300,2757300,4786514000,4793400700
26,1866,241758234710700,2639700,4835490400,4842377100
26,1882,241758277475200,2689400,4878254900,4885141600
26,1898,241758322086900,5469900,4922866600,4929753300
26,1914,241758369942900,3155600,4970722600,4977609300
26,1930,241758418860900,2633400,5019640600,5026527300
26,1946,241758462981900,2593000,5063761600,5070648300
26,1962,241758506593800,2732100,5107373500,5114260200
26,1978,241758549851400,2828000,5150631100,5157517800
26,1994,241758599743100,2927000,5200522800,5207409500
26,2010,241758647210800,3075300,5247990500,5254877200
26,2026,241758694356100,3041700,5295135800,5302022500
26,2042,241758740025000,2574700,5340804700,5347691400
27,11,241753570177000,2216400,170956700,177843400
27,27,241753605338800,2144400,206118500,213005200
27,43,241753641582700,2113900,242362400,249249100
27,59,241753676879600,2209900,277659300,284546000
27,75,241753712560000,2249200,313339700,320226400
27,91,241753747976200,2126500,348755900,355642600
27,107,241753783242700,2189900,384022400,390909100
27,123,241753819476700,2601400,420256400,427143100
27,139,241753874819300,2112700,475599000,482485700
27,155,241753909985500,2668300,510765200,517651900
27,171,241753947388500,2255800,548168200,555054900
27,187,241753982774400,2185200,583554100,590440800
27,203,241754017139200,2202600,617918900,624805600
27,219,241754052719600,2192400,653499300,660386000
27,235,241754088211500,2121300,688991200,695877900
27,251,241754122944700,2235600,723724400,730611100
27,267,241754176317500,2218200,777097200,783983900
27,283,241754210906000,2137800,811685700,818572400
27,299,241754244813500,2123800,845593200,852479900
27,315,241754279582200,2262200,880361900,887248600
27,331,241754314937600,2147300,915717300,922604000
27,347,241754351335800,2554700,952115500,959002200
27,363,241754387508800,2267000,988288500,995175200
27,379,241754421783400,2122100,1022563100,1029449800
27,395,241754474552000,2162400,1075331700,1082218400
27,411,241754509334900,2116400,1110114600,1117001300
27,427,241754543354400,2267100,1144134100,1151020800
27,443,241754577602200,2134600,1178381900,1185268600
27,459,241754612104600,2103800,1212884300,1219771000
27,475,241754647526400,2105200,1248306100,1255192800
27,491,241754681749600,2198000,1282529300,1289416000
27,507,241754716380500,2300600,1317160200,1324046900
27,523,241754752282600,21358800,1353062300,1359949000
27,539,241754808517600,2286000,1409297300,1416184000
27,555,241754843241200,2112800,1444020900,1450907600
27,571,241754877547200,2136800,1478326900,1485213600
27,587,241754913142200,2065800,1513921900,1520808600
27,603,241754947323600,2151900,1548103300,1554990000
27,619,241754981478800,2146600,1582258500,1589145200
27,635,241755019013900,2239300,1619793600,1626680300
27,651,241755054904300,2634000,1655684000,1662570700
27,667,241755111850600,2403300,1712630300,1719517000
27,683,241755148537800,2292600,1749317500,1756204200
27,699,241755183912500,2155900,1784692200,1791578900
27,715,241755218881100,2291400,1819660800,1826547500
27,731,241755253451900,2101300,1854231600,1861118300
27,747,241755288546900,2181400,1889326600,1896213300
27,763,241755324296100,2267900,1925075800,1931962500
27,779,241755359155800,2112100,1959935500,1966822200
27,795,241755414344500,2141100,2015124200,2022010900
27,811,241755448515200,2118200,2049294900,2056181600
27,827,241755484073900,2221200,2084853600,2091740300
27,843,241755519214900,2155600,2119994600,2126881300
27,859,241755554858400,2147100,2155638100,2162524800
27,875,241755590789000,2162800,2191568700,2198455400
27,891,241755626365800,2261800,2227145500,2234032200
27,907,241755662027300,2178700,2262807000,2269693700
27,923,241755717863200,2448300,2318642900,2325529600
27,939,241755754457400,2311800,2355237100,2362123800
27,955,241755790684500,2370600,2391464200,2398350900
27,971,241755826925400,2171800,2427705100,2434591800
27,987,241755861817400,2165600,2462597100,2469483800
27,1003,241755896247100,2141700,2497026800,2503913500
27,1019,241755931549600,2218300,2532329300,2539216000
27,1035,241755966379900,2144600,2567159600,2574046300
27,1051,241756001467500,2123200,2602247200,2609133900
27,1067,241756042408300,2123100,2643188000,2650074700
27,1083,241756078376100,2277100,2679155800,2686042500
27,1099,241756113106000,2154400,2713885700,2720772400
27,1115,241756148982100,2176500,2749761800,2756648500
27,1131,241756184582200,2218400,2785361900,2792248600
27,1147,241756219784100,2165000,2820563800,2827450500
27,1163,241756253821900,2167500,2854601600,2861488300
27,1179,241756287807600,2105100,2888587300,2895474000
27,1195,241756327565200,2160200,2928344900,2935231600
27,1211,241756362681000,2189800,2963460700,2970347400
27,1227,241756397115000,2126900,2997894700,3004781400
27,1243,241756436193000,2689500,3036972700,3043859400
27,1259,241756483051900,2580000,3083831600,3090718300
27,1275,241756525411900,2756100,3126191600,3133078300
27,1291,241756571966000,2702300,3172745700,3179632400
27,1307,241756617303000,2915900,3218082700,3224969400
27,1323,241756668857800,2711000,3269637500,3276524200
27,1339,241756712654900,2688800,3313434600,3320321300
27,1355,241756755873500,2764700,3356653200,3363539900
27,1371,241756801201700,2733700,3401981400,3408868100
27,1387,241756847979800,2668400,3448759500,3455646200
27,1403,241756890365600,2648900,3491145300,3498032000
27,1419,241756932644600,2573200,3533424300,3540311000
27,1435,241756974988700,2596200,3575768400,3582655100
27,1451,241757025716200,2826500,3626495900,3633382600
27,1467,241757076458000,2620900,3677237700,3684124400
27,1483,241757119023000,2618400,3719802700,3726689400
27,1499,241757164122800,2607100,3764902500,3771789200
27,1515,241757211036300,2619400,3811816000,3818702700
27,1531,241757255042000,2947700,3855821700,3862708400
27,1547,241757302661200,2979100,3903440900,3910327600
27,1563,241757349549300,2862400,3950329000,3957215700
27,1579,241757394499800,2797500,3995279500,4002166200
27,1595,241757446098700,2939600,4046878400,4053765100
27,1611,241757492118100,2712500,4092897800,4099784500
27,1627,241757536163200,2974400,4136942900,4143829600
27,1643,241757587142400,2890600,4187922100,4194808800
27,1659,241757634539400,2929800,4235319100,4242205800
27,1675,241757678410000,2871500,4279189700,4286076400
27,1691,241757726001900,2908700,4326781600,4333668300
27,1707,241757772422700,2714800,4373202400,4380089100
27,1723,241757823900900,2604000,4424680600,4431567300
27,1739,241757870199000,3064000,4470978700,4477865400
27,1755,241757917390600,2783700,4518170300,4525057000
27,1771,241757962596900,2957600,4563376600,4570263300
27,1787,241758008392700,2813900,4609172400,4616059100
27,1803,241758054711300,2721400,4655491000,4662377700
27,1819,241758100750500,2937300,4701530200,4708416900
27,1835,241758147194800,2925900,4747974500,4754861200
27,1851,241758193219200,3088400,4793998900,4800885600
27,1867,241758241993100,2604600,4842772800,4849659500
27,1883,241758284897200,2786300,4885676900,4892563600
27,1899,241758332361400,2871000,4933141100,4940027800
27,1915,241758378307200,3089200,4979086900,4985973600
27,1931,241758425798800,2584200,5026578500,5033465200
27,1947,241758469878700,2595800,5070658400,5077545100
27,1963,241758513970300,2742200,5114750000,5121636700
27,1979,241758557063900,2835500,5157843600,5164730300
27,1995,241758607360200,2768200,5208139900,5215026600
27,2011,241758655393800,3042400,5256173500,5263060200
27,2027,241758702287900,3091600,5303067600,5309954300
27,2043,241758746958500,2585000,5347738200,5354624900
28,12,241753572429500,2249200,173209200,180095900
28,28,241753607519200,2158000,208298900,215185600
28,44,241753643759700,2133100,244539400,251426100
28,60,241753679182500,2206000,279962200,286848900
28,76,241753714846000,2220100,315625700,322512400
28,92,241753750138300,2031300,350918000,357804700
28,108,241753785524100,2139600,386303800,393190500
28,124,241753821719600,2450400,422499300,429386000
28,140,241753876682900,2159300,477462600,484349300
28,156,241753912946900,2370900,513726600,520613300
28,172,241753950091800,2242400,550871500,557758200
28,188,241753985311500,2168300,586091200,592977900
28,204,241754019737700,2224300,620517400,627404100
28,220,241754055290300,2217700,656070000,662956700
28,236,241754090791800,2092800,691571500,698458200
28,252,241754125641800,2288200,726421500,733308200
28,268,241754179030500,2153000,779810200,786696900
28,284,241754213505900,2134000,814285600,821172300
28,300,241754247399600,2127600,848179300,855066000
28,316,241754282266700,2220100,883046400,889933100
28,332,241754317519500,2301800,918299200,925185900
28,348,241754354226800,2510700,955006500,961893200
28,364,241754390143300,2136900,990923000,997809700
28,380,241754424264500,2126700,1025044200,1031930900
28,396,241754477201600,2352800,1077981300,1084868000
28,412,241754511990300,2110400,1112770000,1119656700
28,428,241754546190800,2190500,1146970500,1153857200
28,444,241754580305400,2093700,1181085100,1187971800
28,460,241754614772400,2118900,1215552100,1222438800
28,476,241754650270100,2254900,1251049800,1257936500
28,492,241754684568000,2188800,1285347700,1292234400
28,508,241754719336300,2145100,1320116000,1327002700
28,524,241754774304300,2306300,1375084000,1381970700
28,540,241754811302600,2199000,1412082300,1418969000
28,556,241754845842500,2112100,1446622200,1453508900
28,572,241754880197200,2109900,1480976900,1487863600
28,588,241754915724600,2155300,1516504300,1523391000
28,604,241754950010600,2256200,1550790300,1557677000
28,620,241754984180400,2112200,1584960100,1591846800
28,636,241755021850300,2235900,1622630000,1629516700
28,652,241755058131100,2204400,1658910800,1665797500
28,668,241755114763400,2243200,1715543100,1722429800
28,684,241755151256100,2238300,1752035800,1758922500
28,700,241755186543500,2157000,1787323200,1794209900
28,716,241755221391500,2069800,1822171200,1829057900
28,732,241755256220900,2104600,1857000600,1863887300
28,748,241755291419200,2139100,1892198900,1899085600
28,764,241755327412700,2143600,1928192400,1935079100
28,780,241755362083200,2206200,1962862900,1969749600
28,796,241755417416700,2103900,2018196400,2025083100
28,812,241755451636800,2157400,2052416500,2059303200
28,828,241755487416400,2181900,2088196100,2095082800
28,844,241755522426500,2123900,2123206200,2130092900
28,860,241755557975500,2163700,2158755200,2165641900
28,876,241755593840200,2163400,2194619900,2201506600
28,892,241755629380700,2499500,2230160400,2237047100
28,908,241755664814300,2117700,2265594000,2272480700
28,924,241755721153800,2442000,2321933500,2328820200
28,940,241755757553500,2303700,2358333200,2365219900
28,956,241755793859100,2265100,2394638800,2401525500
28,972,241755829989300,2205900,2430769000,2437655700
28,988,241755864830600,2131200,2465610300,2472497000
28,1004,241755899123100,2102800,2499902800,2506789500
28,1020,241755934593000,2201100,2535372700,2542259400
28,1036,241755969316200,2165300,2570095900,2576982600
28,1052,241756004505400,2295900,2605285100,2612171800
28,1068,241756045261100,2137200,2646040800,2652927500
28,1084,241756081537300,2124500,2682317000,2689203700
28,1100,241756116168300,2327100,2716948000,2723834700
28,1116,241756152010400,2179400,2752790100,2759676800
28,1132,241756187626500,2169000,2788406200,2795292900
28,1148,241756222692100,2143900,2823471800,2830358500
28,1164,241756256761100,2092800,2857540800,2864427500
28,1180,241756290658500,2126800,2891438200,2898324900
28,1196,241756330549200,2229300,2931328900,2938215600
28,1212,241756365622400,2290000,2966402100,2973288800
28,1228,241756400004900,2125600,3000784600,3007671300
28,1244,241756439877600,2750700,3040657300,3047544000
28,1260,241756486875200,2569900,3087654900,3094541600
28,1276,241756529456300,2773000,3130236000,3137122700
28,1292,241756575993100,2730900,3176772800,3183659500
28,1308,241756621666000,2936400,3222445700,3229332400
28,1324,241756672776700,2761000,3273556400,3280443100
28,1340,241756716561100,2696200,3317340800,3324227500
28,1356,241756760014000,2897100,3360793700,3367680400
28,1372,241756805165600,2713800,3405945300,3412832000
28,1388,241756851824600,2597600,3452604300,3459491000
28,1404,241756894215500,2611900,3494995200,3501881900
28,1420,241756936415900,2743500,3537195600,3544082300
28,1436,241756978786100,2779000,3579565800,3586452500
28,1452,241757026772200,2880800,3627551900,3634438600
28,1468,241757077594600,2658000,3678374300,3685261000
28,1484,241757120193400,2654600,3720973100,3727859800
28,1500,241757165226400,2627700,3766006100,3772892800
28,1516,241757212154600,2628100,3812934300,3819821000
28,1532,241757256292000,2964500,3857071700,3863958400
28,1548,241757303928000,2964400,3904707700,3911594400
28,1564,241757350857300,2931600,3951637000,3958523700
28,1580,241757395775400,2790400,3996555100,4003441800
28,1596,241757447378100,3024600,4048157800,4055044500
28,1612,241757493414500,2731400,4094194200,4101080900
28,1628,241757537651000,2950900,4138430700,4145317400
28,1644,241757588579600,2925600,4189359300,4196246000
28,1660,241757635996800,2960700,4236776500,4243663200
28,1676,241757679805800,2921700,4280585500,4287472200
28,1692,241757727423900,2933800,4328203600,4335090300
28,1708,241757773695600,2715700,4374475300,4381362000
28,1724,241757825122700,2607000,4425902400,4432789100
28,1740,241757871578100,3035100,4472357800,4479244500
28,1756,241757918763300,2736300,4519543000,4526429700
28,1772,241757964033200,2934000,4564812900,4571699600
28,1788,241758009832500,2677000,4610612200,4617498900
28,1804,241758056052400,2685900,4656832100,4663718800
28,1820,241758102160300,2912500,4702940000,4709826700
28,1836,241758148586900,2896100,4749366600,4756253300
28,1852,241758194754400,3009700,4795534100,4802420800
28,1868,241758243325800,2590700,4844105500,4850992200
28,1884,241758286308600,2752200,4887088300,4893975000
28,1900,241758333900800,2867000,4934680500,4941567200
28,1916,241758379964400,3071100,4980744100,4987630800
28,1932,241758427276800,2578800,5028056500,5034943200
28,1948,241758471366400,2573900,5072146100,5079032800
28,1964,241758515536000,2782800,5116315700,5123202400
28,1980,241758558728800,2720500,5159508500,5166395200
28,1996,241758608812500,2899300,5209592200,5216478900
28,2012,241758657139700,2715800,5257919400,5264806100
28,2028,241758703956500,3082100,5304736200,5311622900
28,2044,241758748385200,2589300,5349164900,5356051600
29,13,241753574621700,2203300,175401400,182288100
29,29,241753609623300,3076200,210403000,217289700
29,45,241753645772100,2183200,246551800,253438500
29,61,241753681267500,2217800,282047200,288933900
29,77,241753716921800,2284000,317701500,324588200
29,93,241753752025900,2130800,352805600,359692300
29,109,241753787504900,2134700,388284600,395171300
29,125,241753824054000,21811300,424833700,431720400
29,141,241753878730400,2096000,479510100,486396800
29,157,241753914884200,2476400,515663900,522550600
29,173,241753951631700,2251000,552411400,559298100
29,189,241753986801600,2230800,587581300,594468000
29,205,241754021220400,2216600,622000100,628886800
29,221,241754056796100,2230200,657575800,664462500
29,237,241754092112900,2089000,692892600,699779300
29,253,241754127051900,2334900,727831600,734718300
29,269,241754180386800,2166100,781166500,788053200
29,285,241754214866100,2127100,815645800,822532500
29,301,241754248793900,2142800,849573600,856460300
29,317,241754283811300,2200000,884591000,891477700
29,333,241754319186700,2414300,919966400,926853100
29,349,241754355834400,2257200,956614100,963500800
29,365,241754391491100,2135300,992270800,999157500
29,381,241754425609700,2122200,1026389400,1033276100
29,397,241754478840500,2288400,1079620200,1086506900
29,413,241754513612000,2131400,1114391700,1121278400
29,429,241754547855300,2168000,1148635000,1155521700
29,445,241754581864200,2223800,1182643900,1189530600
29,461,241754616347200,2140100,1217126900,1224013600
29,477,241754651928700,2136900,1252708400,1259595100
29,493,241754686254000,2165300,1287033700,1293920400
29,509,241754720992000,2178900,1321771700,1328658400
29,525,241754776086700,2240100,1376866400,1383753100
29,541,241754812980200,2159500,1413759900,1420646600
29,557,241754847447900,2101200,1448227600,1455114300
29,573,241754881695800,2116500,1482475500,1489362200
29,589,241754917392100,2160100,1518171800,1525058500
29,605,241754951745100,2132300,1552524800,1559411500
29,621,241754985772300,2077700,1586552000,1593438700
29,637,241755023553000,2199400,1624332700,1631219400
29,653,241755059798200,2197200,1660577900,1667464600
29,669,241755116478500,2273500,1717258200,1724144900
29,685,241755153038400,2278800,1753818100,1760704800
29,701,241755188145200,2090300,1788924900,1795811600
29,717,241755223088900,2365800,1823868600,1830755300
29,733,241755257792600,2097000,1858572300,1865459000
29,749,241755292908800,2164400,1893688500,1900575200
29,765,241755328882600,2187100,1929662300,1936549000
29,781,241755363654900,2224700,1964434600,1971321300
29,797,241755418689300,2127300,2019469000,2026355700
29,813,241755452849400,2310400,2053629100,2060515800
29,829,241755488722000,2150900,2089501700,2096388400
29,845,241755523590900,2104800,2124370600,2131257300
29,861,241755559095200,2132500,2159874900,2166761600
29,877,241755594909500,2168500,2195689200,2202575900
29,893,241755631566000,2366100,2232345700,2239232400
29,909,241755666682700,2112000,2267462400,2274349100
29,925,241755723369700,2621700,2324149400,2331036100
29,941,241755759561800,2226700,2360341500,2367228200
29,957,241755795628800,2246500,2396408500,2403295200
29,973,241755831481500,2215900,2432261200,2439147900
29,989,241755866272100,2110300,2467051800,2473938500
29,1005,241755900657200,2136500,2501436900,2508323600
29,1021,241755935855900,2224000,2536635600,2543522300
29,1037,241755970564400,2257900,2571344100,2578230800
29,1053,241756005775800,2285700,2606555500,2613442200
29,1069,241756046696300,2155800,2647476000,2654362700
29,1085,241756083310600,2094200,2684090300,2690977000
29,1101,241756117810900,2374500,2718590600,2725477300
29,1117,241756153528400,2200300,2754308100,2761194800
29,1133,241756189194700,2174500,2789974400,2796861100
29,1149,241756224326800,2072500,2825106500,2831993200
29,1165,241756258330300,2141100,2859110000,2865996700
29,1181,241756292244800,2119700,2893024500,2899911200
29,1197,241756332279500,2343800,2933059200,2939945900
29,1213,241756367460100,2160600,2968239800,2975126500
29,1229,241756401765400,2114800,3002545100,3009431800
29,1245,241756442131700,2779800,3042911400,3049798100
29,1261,241756488727400,2666600,3089507100,3096393800
29,1277,241756531469000,2739900,3132248700,3139135400
29,1293,241756577964800,2759300,3178744500,3185631200
29,1309,241756623828700,2977000,3224608400,3231495100
29,1325,241756674857300,2821300,3275637000,3282523700
29,1341,241756718599400,2734800,3319379100,3326265800
29,1357,241756762221800,2653600,3363001500,3369888200
29,1373,241756807226600,2645400,3408006300,3414893000
29,1389,241756853752800,2666400,3454532500,3461419200
29,1405,241756896141700,2639400,3496921400,3503808100
29,1421,241756938391600,2743500,3539171300,3546058000
29,1437,241756980713500,2747700,3581493200,3588379900
29,1453,241757029099200,2612600,3629878900,3636765600
29,1469,241757079653800,2656100,3680433500,3687320200
29,1485,241757122236300,3088800,3723016000,3729902700
29,1501,241757167315200,2633700,3768094900,3774981600
29,1517,241757214196800,2640900,3814976500,3821863200
29,1533,241757258620400,2925800,3859400100,3866286800
29,1549,241757306258400,2923700,3907038100,3913924800
29,1565,241757353064000,2886300,3953843700,3960730400
29,1581,241757397867900,3015400,3998647600,4005534300
29,1597,241757449678100,3794600,4050457800,4057344500
29,1613,241757495475300,2771100,4096255000,4103141700
29,1629,241757539877100,2912200,4140656800,4147543500
29,1645,241757590707600,3063300,4191487300,4198374000
29,1661,241757638170600,2936200,4238950300,4245837000
29,1677,241757681989200,2863900,4282768900,4289655600
29,1693,241757729660500,2957400,4330440200,4337326900
29,1709,241757775817900,2712800,4376597600,4383484300
29,1725,241757827186000,2581800,4427965700,4434852400
29,1741,241757874032100,2929300,4474811800,4481698500
29,1757,241757920836000,2744700,4521615700,4528502400
29,1773,241757966332400,2942900,4567112100,4573998800
29,1789,241758011913500,2889400,4612693200,4619579900
29,1805,241758058140800,2738300,4658920500,4665807200
29,1821,241758104186100,2850700,4704965800,4711852500
29,1837,241758150558200,2927900,4751337900,4758224600
29,1853,241758196755800,2856700,4797535500,4804422200
29,1869,241758245000700,2648000,4845780400,4852667100
29,1885,241758288090800,2800600,4888870500,4895757200
29,1901,241758335809400,2818200,4936589100,4943475800
29,1917,241758381998700,3047200,4982778400,4989665100
29,1933,241758428870900,2679300,5029650600,5036537300
29,1949,241758472962200,2905400,5073741900,5080628600
29,1965,241758517279500,2713200,5118059200,5124945900
29,1981,241758560432300,2668100,5161212000,5168098700
29,1997,241758610700700,3090700,5211480400,5218367100
29,2013,241758658968800,2711400,5259748500,5266635200
29,2029,241758706032700,2927500,5306812400,5313699100
29,2045,241758750107600,2602800,5350887300,5357774000
30,14,241753576919900,2194600,177699600,184586300
30,30,241753612848800,2173100,213628500,220515200
30,46,241753648104100,2145000,248883800,255770500
30,62,241753683550200,2222100,284329900,291216600
30,78,241753719428600,2267600,320208300,327095000
30,94,241753754355700,2144600,355135400,362022100
30,110,241753790205900,2182600,390985600,397872300
30,126,241753846868600,2482800,447648300,454535000
30,142,241753881520600,2104500,482300300,489187000
30,158,241753918126300,2498400,518906000,525792700
30,174,241753954766700,2332300,555546400,562433100
30,190,241753989908400,2195400,590688100,597574800
30,206,241754024508500,2247600,625288200,632174900
30,222,241754060011400,2217200,660791100,667677800
30,238,241754095235800,2134700,696015500,702902200
30,254,241754130559600,2361800,731339300,738226000
30,270,241754183752800,2237100,784532500,791419200
30,286,241754218056000,2139200,818835700,825722400
30,302,241754251986200,2091700,852765900,859652600
30,318,241754287048800,2253500,887828500,894715200
30,334,241754323241200,2349500,924020900,930907600
30,350,241754360145800,2233900,960925500,967812200
30,366,241754395385200,2091600,996164900,1003051600
30,382,241754429543200,2393300,1030322900,1037209600
30,398,241754483003900,2131800,1083783600,1090670300
30,414,241754517401900,2092700,1118181600,1125068300
30,430,241754551999000,2263900,1152778700,1159665400
30,446,241754586212200,2170700,1186991900,1193878600
30,462,241754620590700,2428600,1221370400,1228257100
30,478,241754656039100,2168800,1256818800,1263705500
30,494,241754690312300,2157700,1291092000,1297978700
30,510,241754725118800,2199400,1325898500,1332785200
30,526,241754779852800,2348100,1380632500,1387519200
30,542,241754816605900,2186900,1417385600,1424272300
30,558,241754850973600,2121300,1451753300,1458640000
30,574,241754885348500,2097000,1486128200,1493014900
30,590,241754920872700,2155200,1521652400,1528539100
30,606,241754955194800,2150600,1555974500,1562861200
30,622,241754989154700,2131800,1589934400,1596821100
30,638,241755027204700,2343100,1627984400,1634871100
30,654,241755063540200,21196700,1664319900,1671206600
30,670,241755120364900,2335700,1721144600,1728031300
30,686,241755156936600,2256100,1757716300,1764603000
30,702,241755192404000,2369700,1793183700,1800070400
30,718,241755227502200,2208800,1828281900,1835168600
30,734,241755261897000,2145700,1862676700,1869563400
30,750,241755297148300,2160300,1897928000,1904814700
30,766,241755333094300,2162200,1933874000,1940760700
30,782,241755367762200,2168100,1968541900,1975428600
30,798,241755423102000,2074300,2023881700,2030768400
30,814,241755457448200,2195600,2058227900,2065114600
30,830,241755492960900,2101600,2093740600,2100627300
30,846,241755527874800,2132100,2128654500,2135541200
30,862,241755563609200,2244500,2164388900,2171275600
30,878,241755599359500,2120800,2200139200,2207025900
30,894,241755635863800,2229300,2236643500,2243530200
30,910,241755670634100,2148500,2271413800,2278300500
30,926,241755727558900,2136200,2328338600,2335225300
30,942,241755763341000,2180300,2364120700,2371007400
30,958,241755799445900,2145900,2400225600,2407112300
30,974,241755835350900,2191400,2436130600,2443017300
30,990,241755870065400,2140800,2470845100,2477731800
30,1006,241755904406200,2125900,2505185900,2512072600
30,1022,241755940030300,2174700,2540810000,2547696700
30,1038,241755974859700,2153000,2575639400,2582526100
30,1054,241756009967300,8041000,2610747000,2617633700
30,1070,241756050535500,2751400,2651315200,2658201900
30,1086,241756086752500,2149900,2687532200,2694418900
30,1102,241756121756900,2185200,2722536600,2729423300
30,1118,241756157336900,2190300,2758116600,2765003300
30,1134,241756192950400,2155700,2793730100,2800616800
30,1150,241756227963900,2127700,2828743600,2835630300
30,1166,241756262036100,2151800,2862815800,2869702500
30,1182,241756295876800,2090200,2896656500,2903543200
30,1198,241756336118900,2142100,2936898600,2943785300
30,1214,241756371066700,2205400,2971846400,2978733100
30,1230,241756405231500,2106300,3006011200,3012897900
30,1246,241756446729500,3057100,3047509200,3054395900
30,1262,241756493116500,2577200,3093896200,3100782900
30,1278,241756535886400,2771500,3136666100,3143552800
30,1294,241756582378000,2773200,3183157700,3190044400
30,1310,241756628602100,2947000,3229381800,3236268500
30,1326,241756679376900,2766100,3280156600,3287043300
30,1342,241756723078900,2737100,3323858600,3330745300
30,1358,241756766628100,2738200,3367407800,3374294500
30,1374,241756811555500,2656600,3412335200,3419221900
30,1390,241756858118100,2674700,3458897800,3465784500
30,1406,241756900472000,2703300,3501251700,3508138400
30,1422,241756942822800,2602900,3543602500,3550489200
30,1438,241756985172100,2593900,3585951800,3592838500
30,1454,241757033634700,8343000,3634414400,3641301100
30,1470,241757084265000,2654500,3685044700,3691931400
30,1486,241757127556700,2993200,3728336400,3735223100
30,1502,241757175863900,2755400,3776643600,3783530300
30,1518,241757218646000,2511900,3819425700,3826312400
30,1534,241757263767600,2989700,3864547300,3871434000
30,1550,241757311421100,3022200,3912200800,3919087500
30,1566,241757358074100,2787300,3958853800,3965740500
30,1582,241757403049600,2798700,4003829300,4010716000
30,1598,241757456449300,2845800,4057229000,4064115700
30,1614,241757500282900,2730900,4101062600,4107949300
30,1630,241757545109700,2915800,4145889400,4152776100
30,1646,241757596194500,2863500,4196974200,4203860900
30,1662,241757643376700,2743500,4244156400,4251043100
30,1678,241757687313800,3119000,4288093500,4294980200
30,1694,241757734916000,2993900,4335695700,4342582400
30,1710,241757780806900,2943900,4381586600,4388473300
30,1726,241757831870800,3375800,4432650500,4439537200
30,1742,241757879082500,2957900,4479862200,4486748900
30,1758,241757925564900,2795400,4526344600,4533231300
30,1774,241757971463000,2894400,4572242700,4579129400
30,1790,241758017029400,3016900,4617809100,4624695800
30,1806,241758062803700,2729900,4663583400,4670470100
30,1822,241758109375200,2858900,4710154900,4717041600
30,1838,241758155766000,2669300,4756545700,4763432400
30,1854,241758201998500,8231600,4802778200,4809664900
30,1870,241758249965900,2602700,4850745600,4857632300
30,1886,241758293357100,2741600,4894136800,4901023500
30,1902,241758341159400,2865100,4941939100,4948825800
30,1918,241758387830300,3069300,4988610000,4995496700
30,1934,241758434262400,3033500,5035042100,5041928800
30,1950,241758478565400,2823500,5079345100,5086231800
30,1966,241758522370400,2710100,5123150100,5130036800
30,1982,241758565536400,2735000,5166316100,5173202800
30,1998,241758616263200,2942500,5217042900,5223929600
30,2014,241758663903200,2701400,5264682900,5271569600
30,2030,241758711443000,2984200,5312222700,5319109400
30,2046,241758754863500,4563500,5355643200,5362529900
31,15,241753579241300,2205900,180021000,186907700
31,31,241753615086900,2171700,215866600,222753300
31,47,241753650313400,2321600,251093100,257979800
31,63,241753686025000,2242100,286804700,293691400
31,79,241753721875600,2271500,322655300,329542000
31,95,241753756680600,2105600,357460300,364347000
31,111,241753792209200,2146200,392988900,399875600
31,127,241753848853400,2146300,449633100,456519800
31,143,241753883132400,2099800,483912100,490798800
31,159,241753920161500,2254700,520941200,527827900
31,175,241753956618900,2196200,557398600,564285300
31,191,241753991693100,2130500,592472800,599359500
31,207,241754026275200,2176400,627054900,633941600
31,223,241754061733800,2221100,662513500,669400200
31,239,241754096850700,2160100,697630400,704517100
31,255,241754132268600,2273700,733048300,739935000
31,271,241754185102800,2158200,785882500,792769200
31,287,241754219307000,2122000,820086700,826973400
31,303,241754253223100,2097200,854002800,860889500
31,319,241754288456000,2280500,889235700,896122400
31,335,241754323875200,2290800,924654900,931541600
31,351,241754360360900,2240200,961140600,968027300
31,367,241754395666400,2105400,996446100,1003332800
31,383,241754429831700,2508200,1030611400,1037498100
31,399,241754483124500,2126800,1083904200,1090790900
31,415,241754517491800,2091400,1118271500,1125158200
31,431,241754551915700,2255200,1152695400,1159582100
31,447,241754586134600,2182900,1186914300,1193801000
31,463,241754620520300,2458700,1221300000,1228186700
31,479,241754656008100,2165900,1256787800,1263674500
31,495,241754690250900,2155800,1291030600,1297917300
31,511,241754725057200,2200700,1325836900,1332723600
31,527,241754779994300,2332200,1380774000,1387660700
31,543,241754816771400,2227000,1417551100,1424437800
31,559,241754851199500,2131700,1451979200,1458865900
31,575,241754885571000,2113000,1486350700,1493237400
31,591,241754921212700,2166600,1521992400,1528879100
31,607,241754955542600,2155300,1556322300,1563209000
31,623,241754989501400,2127800,1590281100,1597167800
31,639,241755027860000,2326400,1628639700,1635526400
31,655,241755064264900,21314300,1665044600,1671931300
31,671,241755121082200,2310700,1721861900,1728748600
31,687,241755157494900,2258900,1758274600,1765161300
31,703,241755192188900,2364800,1792968600,1799855300
31,719,241755227337900,2408400,1828117600,1835004300
31,735,241755261926100,2149800,1862705800,1869592500
31,751,241755297120100,2156300,1897899800,1904786500
31,767,241755333177900,2165800,1933957600,1940844300
31,783,241755367883200,2182000,1968662900,1975549600
31,799,241755423129200,2080000,2023908900,2030795600
31,815,241755457478000,2198900,2058257700,2065144400
31,831,241755492931200,2098800,2093710900,2100597600
31,847,241755528131100,2136300,2128910800,2135797500
31,863,241755563884900,2273200,2164664600,2171551300
31,879,241755599649300,2100300,2200429000,2207315700
31,895,241755636041900,2237700,2236821600,2243708300
31,911,241755670811900,2142100,2271591600,2278478300
31,927,241755727645800,2146700,2328425500,2335312200
31,943,241755763312300,2175800,2364092000,2370978700
31,959,241755799554100,2171600,2400333800,2407220500
31,975,241755835492700,2196900,2436272400,2443159100
31,991,241755870282600,2125500,2471062300,2477949000
31,1007,241755904604100,2141200,2505383800,2512270500
31,1023,241755940146100,2178700,2540925800,2547812500
31,1039,241755974986300,2135100,2575766000,2582652700
31,1055,241756015874200,2250600,2616653900,2623540600
31,1071,241756050737200,2789100,2651516900,2658403600
31,1087,241756087018300,2135000,2687798000,2694684700
31,1103,241756122007400,2182200,2722787100,2729673800
31,1119,241756157573500,2226900,2758353200,2765239900
31,1135,241756193127900,2152700,2793907600,2800794300
31,1151,241756228288200,2115500,2829067900,2835954600
31,1167,241756262363300,2145600,2863143000,2870029700
31,1183,241756296206100,2099800,2896985800,2903872500
31,1199,241756336472400,2136000,2937252100,2944138800
31,1215,241756371424200,2196400,2972203900,2979090600
31,1231,241756405530600,2112200,3006310300,3013197000
31,1247,241756447196600,3050800,3047976300,3054863000
31,1263,241756493491800,2587700,3094271500,3101158200
31,1279,241756536302000,2806900,3137081700,3143968400
31,1295,241756582821200,2765800,3183600900,3190487600
31,1311,241756629084500,2949800,3229864200,3236750900
31,1327,241756679747300,2765200,3280527000,3287413700
31,1343,241756723455400,2736400,3324235100,3331121800
31,1359,241756767006600,2776900,3367786300,3374673000
31,1375,241756811915700,2657800,3412695400,3419582100
31,1391,241756858476700,2695200,3459256400,3466143100
31,1407,241756900823900,2709400,3501603600,3508490300
31,1423,241756943175300,2613500,3543955000,3550841700
31,1439,241756985517600,2606700,3586297300,3593184000
31,1455,241757033953300,8299700,3634733000,3641619700
31,1471,241757084661100,2655100,3685440800,3692327500
31,1487,241757128016800,2951400,3728796500,3735683200
31,1503,241757176241800,2778400,3777021500,3783908200
31,1519,241757218897100,2581600,3819676800,3826563500
31,1535,241757264138400,2990300,3864918100,3871804800
31,1551,241757311790100,3052100,3912569800,3919456500
31,1567,241757358458800,2785700,3959238500,3966125200
31,1583,241757403428700,2854500,4004208400,4011095100
31,1599,241757456803500,2927100,4057583200,4064469900
31,1615,241757500741100,2739000,4101520800,4108407500
31,1631,241757545870900,2923500,4146650600,4153537300
31,1647,241757596759400,3024100,4197539100,4204425800
31,1663,241757644090300,2759800,4244870000,4251756700
31,1679,241757688015700,3251200,4288795400,4295682100
31,1695,241757735501800,3052600,4336281500,4343168200
31,1711,241757781469200,2970900,4382248900,4389135600
31,1727,241757833062100,2866000,4433841800,4440728500
31,1743,241757879868300,2969300,4480648000,4487534700
31,1759,241757926411700,2744100,4527191400,4534078100
31,1775,241757972246500,2906400,4573026200,4579912900
31,1791,241758017823400,3075700,4618603100,4625489800
31,1807,241758063519200,2802400,4664298900,4671185600
31,1823,241758110109500,2838700,4710889200,4717775900
31,1839,241758156441500,2684200,4757221200,4764107900
31,1855,241758202513600,8217800,4803293300,4810180000
31,1871,241758250465800,2622500,4851245500,4858132200
31,1887,241758293878600,2757700,4894658300,4901545000
31,1903,241758341725300,2852400,4942505000,4949391700
31,1919,241758388446000,3059500,4989225700,4996112400
31,1935,241758434862200,3038900,5035641900,5042528600
31,1951,241758479124400,2788400,5079904100,5086790800
31,1967,241758522901500,2720200,5123681200,5130567900
31,1983,241758566095500,2743600,5166875200,5173761900
31,1999,241758616873800,2952100,5217653500,5224540200
31,2015,241758664454800,2686100,5265234500,5272121200
31,2031,241758712099600,3123800,5312879300,5319766000
31,2047,241758756171500,4004700,5356951200,5363837900
32,0,241753534280000,9913000,135059700,141946400
32,16,241753581356800,2211400,182136500,189023200
32,32,241753617129700,2448400,217909400,224796100
32,48,241753652510600,2204300,253290300,260177000
32,64,241753688091500,2192200,288871200,295757900
32,80,241753723815000,2342400,324594700,331481400
32,96,241753758514100,2121900,359293800,366180500
32,112,241753794326900,2166600,395106600,401993300
32,128,241753851059100,2165700,451838800,458725500
32,144,241753885322600,2111500,486102300,492989000
32,160,241753922262300,2477900,523042000,529928700
32,176,241753958671500,2160400,559451200,566337900
32,192,241753993710900,2153800,594490600,601377300
32,208,241754028132700,2186100,628912400,635799100
32,224,241754063666400,2201600,664446100,671332800
32,240,241754098754000,2158100,699533700,706420400
32,256,241754134422800,19590400,735202500,742089200
32,272,241754187172800,2162100,787952500,794839200
32,288,241754221349200,2135600,822128900,829015600
32,304,241754255238300,2137600,856018000,862904700
32,320,241754290586100,2207200,891365800,898252500
32,336,241754326136600,2222600,926916300,933803000
32,352,241754362665300,2203600,963445000,970331700
32,368,241754397832800,2317600,998612500,1005499200
32,384,241754432408500,2262100,1033188200,1040074900
32,400,241754485609100,2121900,1086388800,1093275500
32,416,241754519966000,2120100,1120745700,1127632400
32,432,241754554524400,2111200,1155304100,1162190800
32,448,241754588652100,2229400,1189431800,1196318500
32,464,241754623286600,2208100,1224066300,1230953000
32,480,241754658451600,2156800,1259231300,1266118000
32,496,241754692663000,2117300,1293442700,1300329400
32,512,241754727504400,2140300,1328284100,1335170800
32,528,241754782976300,2327400,1383756000,1390642700
32,544,241754819559400,2185400,1420339100,1427225800
32,560,241754853822200,2104000,1454601900,1461488600
32,576,241754888195700,2592900,1488975400,1495862100
32,592,241754923666300,2154200,1524446000,1531332700
32,608,241754958001400,2159000,1558781100,1565667800
32,624,241754991930500,2164500,1592710200,1599596900
32,640,241755030002800,2314500,1630782500,1637669200
32,656,241755085251800,2658100,1686031500,1692918200
32,672,241755123218800,2175400,1723998500,1730885200
32,688,241755159690900,2112700,1760470600,1767357300
32,704,241755195279600,2199600,1796059300,1802946000
32,720,241755230249800,2193500,1831029500,1837916200
32,736,241755264586400,2336900,1865366100,1872252800
32,752,241755299809700,2373800,1900589400,1907476100
32,768,241755335738100,2105200,1936517800,1943404500
32,784,241755370404400,2172900,1971184100,1978070800
32,800,241755425557500,2109000,2026337200,2033223900
32,816,241755460010800,2277700,2060790500,2067677200
32,832,241755495339100,2215100,2096118800,2103005500
32,848,241755530648200,2110400,2131427900,2138314600
32,864,241755566532000,2422300,2167311700,2174198400
32,880,241755602106000,2133700,2202885700,2209772400
32,896,241755637847300,2230600,2238627000,2245513700
32,912,241755672559000,2098000,2273338700,2280225400
32,928,241755729497000,2149600,2330276700,2337163400
32,944,241755765217400,2399000,2365997100,2372883800
32,960,241755801452500,2187500,2402232200,2409118900
32,976,241755837401500,2142600,2438181200,2445067900
32,992,241755872067900,2160000,2472847600,2479734300
32,1008,241755906393100,2109100,2507172800,2514059500
32,1024,241755942043100,2105500,2542822800,2549709500
32,1040,241755976843400,2079600,2577623100,2584509800
32,1056,241756017855800,2268000,2618635500,2625522200
32,1072,241756053204400,2327100,2653984100,2660870800
32,1088,241756088961500,2118300,2689741200,2696627900
32,1104,241756124002100,2236200,2724781800,2731668500
32,1120,241756159498000,2290000,2760277700,2767164400
32,1136,241756194990700,2139200,2795770400,2802657100
32,1152,241756229923400,2120300,2830703100,2837589800
32,1168,241756264014200,2099500,2864793900,2871680600
32,1184,241756297822400,2112200,2898602100,2905488800
32,1200,241756338059800,2165200,2938839500,2945726200
32,1216,241756373126100,2133000,2973905800,2980792500
32,1232,241756407163600,2071300,3007943300,3014830000
32,1248,241756449518400,2999400,3050298100,3057184800
32,1264,241756495483100,2613500,3096262800,3103149500
32,1280,241756538427500,2733300,3139207200,3146093900
32,1296,241756584920000,2899300,3185699700,3192586400
32,1312,241756631305300,2958100,3232085000,3238971700
32,1328,241756681726000,2706700,3282505700,3289392400
32,1344,241756725394400,2744500,3326174100,3333060800
32,1360,241756768906400,2980500,3369686100,3376572800
32,1376,241756813813700,2597900,3414593400,3421480100
32,1392,241756860460600,2663500,3461240300,3468127000
32,1408,241756902863200,2612300,3503642900,3510529600
32,1424,241756945108100,2623200,3545887800,3552774500
32,1440,241756987458200,2797200,3588237900,3595124600
32,1456,241757035179300,9385000,3635959000,3642845700
32,1472,241757085806700,2677900,3686586400,3693473100
32,1488,241757129366700,2820800,3730146400,3737033100
32,1504,241757177425800,2754200,3778205500,3785092200
32,1520,241757219950000,2739300,3820729700,3827616400
32,1536,241757265422200,2980100,3866201900,3873088600
32,1552,241757313083500,3026800,3913863200,3920749900
32,1568,241757359658900,2711300,3960438600,3967325300
32,1584,241757404599600,2884300,4005379300,4012266000
32,1600,241757457975300,2983000,4058755000,4065641700
32,1616,241757501821100,2694800,4102600800,4109487500
32,1632,241757546629400,2884300,4147409100,4154295800
32,1648,241757597622900,2928900,4198402600,4205289300
32,1664,241757644787400,2767400,4245567100,4252453800
32,1680,241757688713700,3250300,4289493400,4296380100
32,1696,241757736325100,3054300,4337104800,4343991500
32,1712,241757782282000,2949500,4383061700,4389948400
32,1728,241757833938000,2747200,4434717700,4441604400
32,1744,241757880682600,2951800,4481462300,4488349000
32,1760,241757927112900,2757200,4527892600,4534779300
32,1776,241757973067800,2893600,4573847500,4580734200
32,1792,241758018661600,3069200,4619441300,4626328000
32,1808,241758064252300,2901200,4665032000,4671918700
32,1824,241758110939800,2827000,4711719500,4718606200
32,1840,241758157256000,2686600,4758035700,4764922400
32,1856,241758203343600,8242200,4804123300,4811010000
32,1872,241758251274800,2620800,4852054500,4858941200
32,1888,241758294703800,2790900,4895483500,4902370200
32,1904,241758342592500,2860900,4943372200,4950258900
32,1920,241758389409200,3047100,4990188900,4997075600
32,1936,241758435820900,3063400,5036600600,5043487300
32,1952,241758480042500,2716700,5080822200,5087708900
32,1968,241758523763400,2781000,5124543100,5131429800
32,1984,241758567002000,2698000,5167781700,5174668400
32,2000,241758617795700,3036600,5218575400,5225462100
32,2016,241758665375300,2622400,5266155000,5273041700
32,2032,241758712990800,3190600,5313770500,5320657200
33,1,241753544230600,2459900,145010300,151897000
33,17,241753583603500,2197200,184383200,191269900
33,33,241753619707100,2237900,220486800,227373500
33,49,241753654801700,2145700,255581400,262468100
33,65,241753690318800,2157900,291098500,297985200
33,81,241753726125100,2269800,326904800,333791500
33,97,241753760607800,2180200,361387500,368274200
33,113,241753796266500,2317400,397046200,403932900
33,129,241753852993000,2153500,453772700,460659400
33,145,241753887185600,2119300,487965300,494852000
33,161,241753924597300,2369500,525377000,532263700
33,177,241753960590700,2214500,561370400,568257100
33,193,241753995510500,2173300,596290200,603176900
33,209,241754030409800,2177500,631189500,638076200
33,225,241754065926000,2269900,666705700,673592400
33,241,241754100943900,2121600,701723600,708610300
33,257,241754153978100,2473900,754757800,761644500
33,273,241754189278300,2161200,790058000,796944700
33,289,241754223425600,2122700,824205300,831092000
33,305,241754257325500,2159900,858105200,864991900
33,321,241754292734500,2111000,893514200,900400900
33,337,241754328173600,2245200,928953300,935840000
33,353,241754364541400,2259000,965321100,972207800
33,369,241754399742600,2091200,1000522300,1007409000
33,385,241754434292600,2164200,1035072300,1041959000
33,401,241754486984200,2108700,1087763900,1094650600
33,417,241754521347400,2082500,1122127100,1129013800
33,433,241754555900300,2109300,1156680000,1163566700
33,449,241754590134700,2194800,1190914400,1197801100
33,465,241754624627400,2287800,1225407100,1232293800
33,481,241754659816600,2144200,1260596300,1267483000
33,497,241754694140000,2106500,1294919700,1301806400
33,513,241754728969600,2173900,1329749300,1336636000
33,529,241754784766200,2275500,1385545900,1392432600
33,545,241754821227400,2132900,1422007100,1428893800
33,561,241754855413100,2176000,1456192800,1463079500
33,577,241754890291000,2555100,1491070700,1497957400
33,593,241754925477700,2108900,1526257400,1533144100
33,609,241754959801300,2110600,1560581000,1567467700
33,625,241754993718700,2226600,1594498400,1601385100
33,641,241755031895600,2284300,1632675300,1639562000
33,657,241755087469500,2424100,1688249200,1695135900
33,673,241755124856300,2175600,1725636000,1732522700
33,689,241755161427300,2130200,1762207000,1769093700
33,705,241755197209100,2159400,1797988800,1804875500
33,721,241755232356800,2217400,1833136500,1840023200
33,737,241755266792800,2187800,1867572500,1874459200
33,753,241755302020100,2221000,1902799800,1909686500
33,769,241755337633100,2255600,1938412800,1945299500
33,785,241755372399800,2292900,1973179500,1980066200
33,801,241755427409100,2150300,2028188800,2035075500
33,817,241755462104600,2197100,2062884300,2069771000
33,833,241755497384200,2101000,2098163900,2105050600
33,849,241755532311900,2297200,2133091600,2139978300
33,865,241755568482800,2374800,2169262500,2176149200
33,881,241755603829600,2127200,2204609300,2211496000
33,897,241755640638300,2209500,2241418000,2248304700
33,913,241755675263900,2197300,2276043600,2282930300
33,929,241755732252700,2376100,2333032400,2339919100
33,945,241755768204600,2176200,2368984300,2375871000
33,961,241755804077500,2226000,2404857200,2411743900
33,977,241755840049100,2308500,2440828800,2447715500
33,993,241755874663200,2143900,2475442900,2482329600
33,1009,241755908953500,2145400,2509733200,2516619900
33,1025,241755944422100,2128400,2545201800,2552088500
33,1041,241755979200900,2203000,2579980600,2586867300
33,1057,241756020305900,2138400,2621085600,2627972300
33,1073,241756055624900,2171200,2656404600,2663291300
33,1089,241756091111500,2161400,2691891200,2698777900
33,1105,241756126273200,2218900,2727052900,2733939600
33,1121,241756161881900,2174600,2762661600,2769548300
33,1137,241756197276300,2103900,2798056000,2804942700
33,1153,241756232188300,2124500,2832968000,2839854700
33,1169,241756266266000,2133600,2867045700,2873932400
33,1185,241756300113400,2127700,2900893100,2907779800
33,1201,241756340493600,2126900,2941273300,2948160000
33,1217,241756375500800,2191700,2976280500,2983167200
33,1233,241756409496500,2144600,3010276200,3017162900
33,1249,241756452903300,3036600,3053683000,3060569700
33,1265,241756498429800,2642800,3099209500,3106096200
33,1281,241756541479000,2657800,3142258700,3149145400
33,1297,241756588251800,2873800,3189031500,3195918200
33,1313,241756634628500,2985200,3235408200,3242294900
33,1329,241756685018900,2693300,3285798600,3292685300
33,1345,241756728717900,2761300,3329497600,3336384300
33,1361,241756772503300,2868900,3373283000,3380169700
33,1377,241756816962400,2851600,3417742100,3424628800
33,1393,241756863607100,2593900,3464386800,3471273500
33,1409,241756905950300,2604200,3506730000,3513616700
33,1425,241756948212900,2754400,3548992600,3555879300
33,1441,241756990995900,2932600,3591775600,3598662300
33,1457,241757044011200,4751700,3644790900,3651677600
33,1473,241757088308200,2678800,3689087900,3695974600
33,1489,241757131999400,2746700,3732779100,3739665800
33,1505,241757180019500,2710700,3780799200,3787685900
33,1521,241757222540600,2691800,3823320300,3830207000
33,1537,241757268242900,2949300,3869022600,3875909300
33,1553,241757315946200,2915600,3916725900,3923612600
33,1569,241757362226500,2696700,3963006200,3969892900
33,1585,241757407312900,2786700,4008092600,4014979300
33,1601,241757460869800,2774400,4061649500,4068536200
33,1617,241757504445100,2764900,4105224800,4112111500
33,1633,241757549410200,2959700,4150189900,4157076600
33,1649,241757600385200,2879900,4201164900,4208051600
33,1665,241757647405900,2734500,4248185600,4255072300
33,1681,241757691793500,3043200,4292573200,4299459900
33,1697,241757739208400,2972400,4339988100,4346874800
33,1713,241757785111500,2846800,4385891200,4392777900
33,1729,241757836588400,2888300,4437368100,4444254800
33,1745,241757883603700,2949000,4484383400,4491270100
33,1761,241757929826700,2716400,4530606400,4537493100
33,1777,241757975921400,2939300,4576701100,4583587800
33,1793,241758021690400,2959200,4622470100,4629356800
33,1809,241758067105900,3249500,4667885600,4674772300
33,1825,241758113727100,3027500,4714506800,4721393500
33,1841,241758159874100,2841800,4760653800,4767540500
33,1857,241758211709300,2663200,4812489000,4819375700
33,1873,241758254004700,2680900,4854784400,4861671100
33,1889,241758297616800,2780300,4898396500,4905283200
33,1905,241758345571300,2681400,4946351000,4953237700
33,1921,241758392588700,3031700,4993368400,5000255100
33,1937,241758439021700,3014800,5039801400,5046688100
33,1953,241758482867600,2628300,5083647300,5090534000
33,1969,241758526675000,2671100,5127454700,5134341400
33,1985,241758569804600,2762500,5170584300,5177471000
33,2001,241758620956900,2947600,5221736600,5228623300
33,2017,241758668118000,3027300,5268897700,5275784400
33,2033,241758716280000,2923400,5317059700,5323946400
34,2,241753546725600,2351000,147505300,154392000
34,18,241753585836400,2199200,186616100,193502800
34,34,241753622007300,2312500,222787000,229673700
34,50,241753657010300,2176500,257790000,264676700
34,66,241753692647200,2133300,293426900,300313600
34,82,241753728831200,2226900,329610900,336497600
34,98,241753763195300,2204800,363975000,370861700
34,114,241753798755900,2285600,399535600,406422300
34,130,241753855296400,2105700,456076100,462962800
34,146,241753889452800,2123700,490232500,497119200
34,162,241753927108200,2303300,527887900,534774600
34,178,241753962975400,2094800,563755100,570641800
34,194,241753997947000,2085600,598726700,605613400
34,210,241754032619500,2182600,633399200,640285900
34,226,241754068228700,2262000,669008400,675895100
34,242,241754103097800,2131000,703877500,710764200
34,258,241754156513700,2150500,757293400,764180100
34,274,241754191768700,2161300,792548400,799435100
34,290,241754225871100,2126700,826650800,833537500
34,306,241754259819700,2206900,860599400,867486100
34,322,241754295179000,2146600,895958700,902845400
34,338,241754330981600,2234700,931761300,938648000
34,354,241754367464200,2231600,968243900,975130600
34,370,241754402335100,2142700,1003114800,1010001500
34,386,241754436981200,2126800,1037760900,1044647600
34,402,241754489642800,2146100,1090422500,1097309200
34,418,241754524003600,2129500,1124783300,1131670000
34,434,241754558549300,2077200,1159329000,1166215700
34,450,241754592878500,2151900,1193658200,1200544900
34,466,241754627575700,2551300,1228355400,1235242100
34,482,241754662565500,2129000,1263345200,1270231900
34,498,241754696718900,2181800,1297498600,1304385300
34,514,241754731671500,2205100,1332451200,1339337900
34,530,241754787315200,2389600,1388094900,1394981600
34,546,241754823619400,2201200,1424399100,1431285800
34,562,241754857857700,2089600,1458637400,1465524100
34,578,241754893145900,2305700,1493925600,1500812300
34,594,241754927827600,2143400,1528607300,1535494000
34,610,241754962144700,2102100,1562924400,1569811100
34,626,241754996254600,3494000,1597034300,1603921000
34,642,241755034504400,2231000,1635284100,1642170800
34,658,241755090202400,2747300,1690982100,1697868800
34,674,241755127395700,2271300,1728175400,1735062100
34,690,241755163953400,2116200,1764733100,1771619800
34,706,241755199134800,2193300,1799914500,1806801200
34,722,241755233996100,2152000,1834775800,1841662500
34,738,241755268459300,2180500,1869239000,1876125700
34,754,241755303808300,2125400,1904588000,1911474700
34,770,241755339350500,2293000,1940130200,1947016900
34,786,241755374277500,2264100,1975057200,1981943900
34,802,241755429153300,2127500,2029933000,2036819700
34,818,241755463863900,2191300,2064643600,2071530300
34,834,241755499127000,2205600,2099906700,2106793400
34,850,241755534168000,2234500,2134947700,2141834400
34,866,241755570230800,2269800,2171010500,2177897200
34,882,241755605397800,2099300,2206177500,2213064200
34,898,241755641830300,2198900,2242610000,2249496700
34,914,241755676452800,2226800,2277232500,2284119200
34,930,241755733775800,2284100,2334555500,2341442200
34,946,241755769635600,2245100,2370415300,2377302000
34,962,241755805545300,2438200,2406325000,2413211700
34,978,241755841567000,2259900,2442346700,2449233400
34,994,241755876085600,2171500,2476865300,2483752000
34,1010,241755910379900,2103600,2511159600,2518046300
34,1026,241755945975300,2111100,2546755000,2553641700
34,1042,241755980795200,2220200,2581574900,2588461600
34,1058,241756021979300,2115700,2622759000,2629645700
34,1074,241756057304200,2251700,2658083900,2664970600
34,1090,241756092850900,2155600,2693630600,2700517300
34,1106,241756128075900,2316700,2728855600,2735742300
34,1122,241756163591700,2265700,2764371400,2771258100
34,1138,241756198895200,2098100,2799674900,2806561600
34,1154,241756233936600,2138600,2834716300,2841603000
34,1170,241756268026600,2123400,2868806300,2875693000
34,1186,241756301854100,2152400,2902633800,2909520500
34,1202,241756342109400,2204000,2942889100,2949775800
34,1218,241756377161400,2171800,2977941100,2984827800
34,1234,241756411081200,2132200,3011860900,3018747600
34,1250,241756455046800,3035000,3055826500,3062713200
34,1266,241756500341100,2623100,3101120800,3108007500
34,1282,241756543376600,2770800,3144156300,3151043000
34,1298,241756590335100,2939200,3191114800,3198001500
34,1314,241756636832100,2969600,3237611800,3244498500
34,1330,241756686871800,2699100,3287651500,3294538200
34,1346,241756730630900,2739200,3331410600,3338297300
34,1362,241756774558100,2816300,3375337800,3382224500
34,1378,241756818766300,4456900,3419546000,3426432700
34,1394,241756865425200,2660800,3466204900,3473091600
34,1410,241756907797800,2614100,3508577500,3515464200
34,1426,241756950210800,2588200,3550990500,3557877200
34,1442,241756992916600,2957400,3593696300,3600583000
34,1458,241757049058700,2611200,3649838400,3656725100
34,1474,241757091278900,2679300,3692058600,3698945300
34,1490,241757135055800,2817100,3735835500,3742722200
34,1506,241757183063400,2759200,3783843100,3790729800
34,1522,241757225554400,2752100,3826334100,3833220800
34,1538,241757271565300,2956100,3872345000,3879231700
34,1554,241757319185300,2929600,3919965000,3926851700
34,1570,241757365263900,2784300,3966043600,3972930300
34,1586,241757410448900,2814600,4011228600,4018115300
34,1602,241757463860100,2693100,4064639800,4071526500
34,1618,241757507446200,2691000,4108225900,4115112600
34,1634,241757552644600,2862400,4153424300,4160311000
34,1650,241757603588800,3015600,4204368500,4211255200
34,1666,241757650462500,2718200,4251242200,4258128900
34,1682,241757695321400,3029500,4296101100,4302987800
34,1698,241757742646000,2901800,4343425700,4350312400
34,1714,241757788388600,2730100,4389168300,4396055000
34,1730,241757839804400,2773300,4440584100,4447470800
34,1746,241757886923600,2953200,4487703300,4494590000
34,1762,241757932945600,2736600,4533725300,4540612000
34,1778,241757979278100,2952800,4580057800,4586944500
34,1794,241758025076500,3011800,4625856200,4632742900
34,1810,241758070722900,2711000,4671502600,4678389300
34,1826,241758117157000,2948800,4717936700,4724823400
34,1842,241758163107300,2958900,4763887000,4770773700
34,1858,241758214603200,2673800,4815382900,4822269600
34,1874,241758256916600,2661400,4857696300,4864583000
34,1890,241758300622800,2761200,4901402500,4908289200
34,1906,241758348458600,2688800,4949238300,4956125000
34,1922,241758395866900,3047400,4996646600,5003533300
34,1938,241758442293900,3003300,5043073600,5049960300
34,1954,241758485725800,2717400,5086505500,5093392200
34,1970,241758529577800,2691000,5130357500,5137244200
34,1986,241758572804700,2816400,5173584400,5180471100
34,2002,241758624075700,2999900,5224855400,5231742100
34,2018,241758671326700,3067000,5272106400,5278993100
34,2034,241758719402200,2945900,5320181900,5327068600
35,3,241753549114800,2351700,149894500,156781200
35,19,241753588130100,2195200,188909800,195796500
35,35,241753624450900,2248100,225230600,232117300
35,51,241753659299200,2154800,260078900,266965600
35,67,241753694876300,2129000,295656000,302542700
35,83,241753730856500,2240500,331636200,338522900
35,99,241753765197700,2170600,365977400,372864100
35,115,241753801229800,2280000,402009500,408896200
35,131,241753857463800,2103000,458243500,465130200
35,147,241753891635200,2109400,492414900,499301600
35,163,241753929562900,2164500,530342600,537229300
35,179,241753965193200,2120300,565972900,572859600
35,195,241754000005000,2083700,600784700,607671400
35,211,241754034846900,2266600,635626600,642513300
35,227,241754070525000,2230800,671304700,678191400
35,243,241754105262900,2101700,706042600,712929300
35,259,241754159167300,2282800,759947000,766833700
35,275,241754194277600,2146000,795057300,801944000
35,291,241754228357700,2120200,829137400,836024100
35,307,241754262265700,2229300,863045400,869932100
35,323,241754297588200,2169100,898367900,905254600
35,339,241754333560000,2310500,934339700,941226400
35,355,241754370138100,2164700,970917800,977804500
35,371,241754405263500,2130100,1006043200,1012929900
35,387,241754439836200,2145100,1040615900,1047502600
35,403,241754492695700,2382800,1093475400,1100362100
35,419,241754527055800,2091100,1127835500,1134722200
35,435,241754561371900,2091500,1162151600,1169038300
35,451,241754595798200,2142500,1196577900,1203464600
35,467,241754630885200,2172700,1231664900,1238551600
35,483,241754665525200,2135300,1266304900,1273191600
35,499,241754700022500,2158000,1300802200,1307688900
35,515,241754734811800,2149200,1335591500,1342478200
35,531,241754790802000,2235200,1391581700,1398468400
35,547,241754826832200,2180800,1427611900,1434498600
35,563,241754860938300,2175200,1461718000,1468604700
35,579,241754896383800,2252000,1497163500,1504050200
35,595,241754930835400,2142700,1531615100,1538501800
35,611,241754965122200,2103000,1565901900,1572788600
35,627,241755000767100,2438700,1601546800,1608433500
35,643,241755037770900,2215400,1638550600,1645437300
35,659,241755093807100,2303100,1694586800,1701473500
35,675,241755130489800,2177800,1731269500,1738156200
35,691,241755166720400,2110800,1767500100,1774386800
35,707,241755202089100,2185700,1802868800,1809755500
35,723,241755237060600,2149200,1837840300,1844727000
35,739,241755271567900,2173700,1872347600,1879234300
35,755,241755306809700,2126500,1907589400,1914476100
35,771,241755342564900,2271500,1943344600,1950231300
35,787,241755377432800,21599800,1978212500,1985099200
35,803,241755432180100,2130300,2032959800,2039846500
35,819,241755466915000,2203200,2067694700,2074581400
35,835,241755502000000,2072600,2102779700,2109666400
35,851,241755537059300,2279200,2137839000,2144725700
35,867,241755573346600,2273700,2174126300,2181013000
35,883,241755608433500,2108900,2209213200,2216099900
35,899,241755644961400,2099900,2245741100,2252627800
35,915,241755679552400,2216000,2280332100,2287218800
35,931,241755737041100,2291100,2337820800,2344707500
35,947,241755772607100,2287400,2373386800,2380273500
35,963,241755808870600,2396000,2409650300,2416537000
35,979,241755844821700,2172600,2445601400,2452488100
35,995,241755879209100,2102700,2479988800,2486875500
35,1011,241755913433300,2296300,2514213000,2521099700
35,1027,241755949043000,2156200,2549822700,2556709400
35,1043,241755983933400,2131600,2584713100,2591599800
35,1059,241756025006900,2300300,2625786600,2632673300
35,1075,241756061048500,2158300,2661828200,2668714900
35,1091,241756096427100,2119900,2697206800,2704093500
35,1107,241756131912700,2093600,2732692400,2739579100
35,1123,241756167334300,2285700,2768114000,2775000700
35,1139,241756202397700,2168300,2803177400,2810064100
35,1155,241756237460000,2164600,2838239700,2845126400
35,1171,241756271560800,2122200,2872340500,2879227200
35,1187,241756305431900,7585400,2906211600,2913098300
35,1203,241756345903900,2146100,2946683600,2953570300
35,1219,241756380915000,2180600,2981694700,2988581400
35,1235,241756415427700,2753600,3016207400,3023094100
35,1251,241756460531000,3090500,3061310700,3068197400
35,1267,241756505161900,2576900,3105941600,3112828300
35,1283,241756548494300,2695100,3149274000,3156160700
35,1299,241756595541400,2730300,3196321100,3203207800
35,1315,241756642099000,3053000,3242878700,3249765400
35,1331,241756691816700,2714900,3292596400,3299483100
35,1347,241756735572100,2724400,3336351800,3343238500
35,1363,241756779776600,2905600,3380556300,3387443000
35,1379,241756827128000,2707200,3427907700,3434794400
35,1395,241756870112100,2621300,3470891800,3477778500
35,1411,241756912287600,2647200,3513067300,3519954000
35,1427,241756954688100,2639100,3555467800,3562354500
35,1443,241756998644500,3844300,3599424200,3606310900
35,1459,241757053819700,2672900,3654599400,3661486100
35,1475,241757096157000,2654500,3696936700,3703823400
35,1491,241757140290900,2645200,3741070600,3747957300
35,1507,241757188212200,2704100,3788991900,3795878600
35,1523,241757230674100,2790500,3831453800,3838340500
35,1539,241757277109900,2988700,3877889600,3884776300
35,1555,241757324669200,2914600,3925448900,3932335600
35,1571,241757370374100,2733500,3971153800,3978040500
35,1587,241757415774300,3017400,4016554000,4023440700
35,1603,241757468897100,2794000,4069676800,4076563500
35,1619,241757512363200,2621300,4113142900,4120029600
35,1635,241757559928100,3636600,4160707800,4167594500
35,1651,241757609149700,3041700,4209929400,4216816100
35,1667,241757655511700,2495600,4256291400,4263178100
35,1683,241757700991300,3059000,4301771000,4308657700
35,1699,241757747998500,2739100,4348778200,4355664900
35,1715,241757793454200,2810900,4394233900,4401120600
35,1731,241757844932100,2832400,4445711800,4452598500
35,1747,241757892409900,2990200,4493189600,4500076300
35,1763,241757937975600,2793100,4538755300,4545642000
35,1779,241757984736100,2937600,4585515800,4592402500
35,1795,241758030664800,2952600,4631444500,4638331200
35,1811,241758075912100,2914900,4676691800,4683578500
35,1827,241758122580600,2892000,4723360300,4730247000
35,1843,241758168531300,3124100,4769311000,4776197700
35,1859,241758219459000,2630500,4820238700,4827125400
35,1875,241758261795100,2625100,4862574800,4869461500
35,1891,241758305942800,2735900,4906722500,4913609200
35,1907,241758353555000,2727500,4954334700,4961221400
35,1923,241758401579900,3080100,5002359600,5009246300
35,1939,241758447683300,2603000,5048463000,5055349700
35,1955,241758490661500,2678900,5091441200,5098327900
35,1971,241758534520900,2740700,5135300600,5142187300
35,1987,241758577948000,2992700,5178727700,5185614400
35,2003,241758629783700,3002000,5230563400,5237450100
35,2019,241758676959700,2865900,5277739400,5284626100
35,2035,241758724791500,2794000,5325571200,5332457900
36,4,241753551506600,2362200,152286300,159173000
36,20,241753590294900,2226200,191074600,197961300
36,36,241753626611400,2162400,227391100,234277800
36,52,241753661399400,2167000,262179100,269065800
36,68,241753696948400,2216700,297728100,304614800
36,84,241753733275400,2196400,334055100,340941800
36,100,241753767537100,2325700,368316800,375203500
36,116,241753803862900,2222800,404642600,411529300
36,132,241753859891500,2300600,460671200,467557900
36,148,241753894048000,2084400,494827700,501714400
36,164,241753932736600,2290000,533516300,540403000
36,180,241753968332900,2164400,569112600,575999300
36,196,241754003195600,2139300,603975300,610862000
36,212,241754038233100,2238300,639012800,645899500
36,228,241754073878900,2268500,674658600,681545300
36,244,241754108417200,2100500,709196900,716083600
36,260,241754161921000,2309000,762700700,769587400
36,276,241754196887900,2110100,797667600,804554300
36,292,241754230930800,2095300,831710500,838597200
36,308,241754265044200,2243300,865823900,872710600
36,324,241754300328600,2113900,901108300,907995000
36,340,241754336831600,2393800,937611300,944498000
36,356,241754373147300,2139600,973927000,980813700
36,372,241754408133200,2128800,1008912900,1015799600
36,388,241754442745600,2142200,1043525300,1050412000
36,404,241754495880600,2156200,1096660300,1103547000
36,420,241754529750900,2069800,1130530600,1137417300
36,436,241754564221500,2076300,1165001200,1171887900
36,452,241754598735200,2120800,1199514900,1206401600
36,468,241754633726800,2181200,1234506500,1241393200
36,484,241754668263900,2101500,1269043600,1275930300
36,500,241754702710800,2116800,1303490500,1310377200
36,516,241754737469600,2160700,1338249300,1345136000
36,532,241754793581400,2417000,1394361100,1401247800
36,548,241754829482300,2114100,1430262000,1437148700
36,564,241754863554300,2148600,1464334000,1471220700
36,580,241754899220100,2162600,1499999800,1506886500
36,596,241754933521000,2158800,1534300700,1541187400
36,612,241754967788200,2111800,1568567900,1575454600
36,628,241755003789800,2299400,1604569500,1611456200
36,644,241755040461500,2174600,1641241200,1648127900
36,660,241755096842700,2242600,1697622400,1704509100
36,676,241755133344800,2202200,1734124500,1741011200
36,692,241755169573300,2314300,1770353000,1777239700
36,708,241755204919800,2181000,1805699500,1812586200
36,724,241755239670800,2182500,1840450500,1847337200
36,740,241755274031200,2096400,1874810900,1881697600
36,756,241755309229800,2141300,1910009500,1916896200
36,772,241755345221800,2126300,1946001500,1952888200
36,788,241755399434200,2645600,2000213900,2007100600
36,804,241755434666600,2089100,2035446300,2042333000
36,820,241755469521600,2330600,2070301300,2077188000
36,836,241755504624200,2535100,2105403900,2112290600
36,852,241755540048000,2212200,2140827700,2147714400
36,868,241755575957600,2196900,2176737300,2183624000
36,884,241755610935900,2171300,2211715600,2218602300
36,900,241755646883300,2168000,2247663000,2254549700
36,916,241755681633900,2415200,2282413600,2289300300
36,932,241755739395100,2180400,2340174800,2347061500
36,948,241755775080000,2355500,2375859700,2382746400
36,964,241755811465100,2235800,2412244800,2419131500
36,980,241755847208300,2126800,2447988000,2454874700
36,996,241755881497500,2123500,2482277200,2489163900
36,1012,241755915906600,2227100,2516686300,2523573000
36,1028,241755951376400,2149300,2552156100,2559042800
36,1044,241755986126000,2251800,2586905700,2593792400
36,1060,241756027399100,2135500,2628178800,2635065500
36,1076,241756062575200,2154700,2663354900,2670241600
36,1092,241756098312000,2146700,2699091700,2705978400
36,1108,241756133836800,2166400,2734616500,2741503200
36,1124,241756169530100,2241900,2770309800,2777196500
36,1140,241756204503800,2134700,2805283500,2812170200
36,1156,241756239508200,2135900,2840287900,2847174600
36,1172,241756273563400,2123500,2874343100,2881229800
36,1188,241756312896200,2175900,2913675900,2920562600
36,1204,241756347813300,2155400,2948593000,2955479700
36,1220,241756383127100,2102600,2983906800,2990793500
36,1236,241756418104500,2638800,3018884200,3025770900
36,1252,241756463541300,3030500,3064321000,3071207700
36,1268,241756508084600,2640300,3108864300,3115751000
36,1284,241756551493300,2731600,3152273000,3159159700
36,1300,241756598550900,2577700,3199330600,3206217300
36,1316,241756645414300,2873000,3246194000,3253080700
36,1332,241756694814900,2743300,3295594600,3302481300
36,1348,241756738597300,2736900,3339377000,3346263700
36,1364,241756782985300,2953700,3383765000,3390651700
36,1380,241756830130100,2786100,3430909800,3437796500
36,1396,241756873218400,2632700,3473998100,3480884800
36,1412,241756915402800,2639700,3516182500,3523069200
36,1428,241756957830500,2638800,3558610200,3565496900
36,1444,241757002621200,2906600,3603400900,3610287600
36,1460,241757057935700,2552300,3658715400,3665602100
36,1476,241757100335700,2628000,3701115400,3708002100
36,1492,241757144711900,2971100,3745491600,3752378300
36,1508,241757192290700,2634300,3793070400,3799957100
36,1524,241757234898900,2757600,3835678600,3842565300
36,1540,241757281676000,2962500,3882455700,3889342400
36,1556,241757329137500,2904300,3929917200,3936803900
36,1572,241757374584400,2662700,3975364100,3982250800
36,1588,241757425976800,2866300,4026756500,4033643200
36,1604,241757473245200,2603200,4074024900,4080911600
36,1620,241757516456000,2614600,4117235700,4124122400
36,1636,241757565601500,3147200,4166381200,4173267900
36,1652,241757613884500,2958100,4214664200,4221550900
36,1668,241757659546900,2702200,4260326600,4267213300
36,1684,241757705681300,3101600,4306461000,4313347700
36,1700,241757752203300,3076800,4352983000,4359869700
36,1716,241757798002300,3047900,4398782000,4405668700
36,1732,241757849511500,2769000,4450291200,4457177900
36,1748,241757897066000,2959800,4497845700,4504732400
36,1764,241757942400200,2688900,4543179900,4550066600
36,1780,241757989195600,2645900,4589975300,4596862000
36,1796,241758035249900,2858400,4636029600,4642916300
36,1812,241758080422200,3039400,4681201900,4688088600
36,1828,241758126919400,2860400,4727699100,4734585800
36,1844,241758173398900,3053200,4774178600,4781065300
36,1860,241758223488700,2658400,4824268400,4831155100
36,1876,241758265846900,2650000,4866626600,4873513300
36,1892,241758310172000,2748000,4910951700,4917838400
36,1908,241758357664000,2732400,4958443700,4965330400
36,1924,241758406389800,3026700,5007169500,5014056200
36,1940,241758451708500,2590000,5052488200,5059374900
36,1956,241758494958700,2731100,5095738400,5102625100
36,1972,241758538679000,2659900,5139458700,5146345400
36,1988,241758582385500,8285800,5183165200,5190051900
36,2004,241758634319300,2775500,5235099000,5241985700
36,2020,241758681402800,3095400,5282182500,5289069200
36,2036,241758729001200,2469100,5329780900,5336667600
37,5,241753553907000,3359700,154686700,161573400
37,21,241753592587600,2186100,193367300,200254000
37,37,241753628830500,2148700,229610200,236496900
37,53,241753663601700,2122100,264381400,271268100
37,69,241753699042300,2297700,299822000,306708700
37,85,241753735354800,2129800,336134500,343021200
37,101,241753769732800,2297400,370512500,377399200
37,117,241753805842200,2173100,406621900,413508600
37,133,241753862064500,2137300,462844200,469730900
37,149,241753896023600,2411700,496803300,503690000
37,165,241753934425000,2231600,535204700,542091400
37,181,241753969935900,2201000,570715600,577602300
37,197,241754004866100,2165900,605645800,612532500
37,213,241754039870400,2184000,640650100,647536800
37,229,241754075458200,2267000,676237900,683124600
37,245,241754109890900,2144300,710670600,717557300
37,261,241754163705700,2204800,764485400,771372100
37,277,241754198439900,2142300,799219600,806106300
37,293,241754232483600,2107500,833263300,840150000
37,309,241754266765400,2179700,867545100,874431800
37,325,241754301904700,2160900,902684400,909571100
37,341,241754338293900,2422300,939073600,945960300
37,357,241754374485400,2185100,975265100,982151800
37,373,241754409453400,2139000,1010233100,1017119800
37,389,241754444097800,19708000,1044877500,1051764200
37,405,241754497242600,2146600,1098022300,1104909000
37,421,241754531054700,2085900,1131834400,1138721100
37,437,241754565572200,2107700,1166351900,1173238600
37,453,241754600108400,2097000,1200888100,1207774800
37,469,241754635350500,2199200,1236130200,1243016900
37,485,241754669876200,2045700,1270655900,1277542600
37,501,241754704426500,2131200,1305206200,1312092900
37,517,241754739213300,2389200,1339993000,1346879700
37,533,241754795545200,2230900,1396324900,1403211600
37,549,241754831256000,2102800,1432035700,1438922400
37,565,241754865362700,2198400,1466142400,1473029100
37,581,241754901232600,2197900,1502012300,1508899000
37,597,241754935511600,2129700,1536291300,1543178000
37,613,241754969758300,2140700,1570538000,1577424700
37,629,241755005902900,2409800,1606682600,1613569300
37,645,241755042440400,2404300,1643220100,1650106800
37,661,241755098973500,2269400,1699753200,1706639900
37,677,241755135431200,2180500,1736210900,1743097600
37,693,241755171727200,2274700,1772506900,1779393600
37,709,241755206880900,2155800,1807660600,1814547300
37,725,241755241916200,2088700,1842695900,1849582600
37,741,241755276309300,2166200,1877089000,1883975700
37,757,241755311671900,2483800,1912451600,1919338300
37,773,241755347782900,2125700,1948562600,1955449300
37,789,241755402680600,2438300,2003460300,2010347000
37,805,241755437207200,2099600,2037986900,2044873600
37,821,241755472329400,2205800,2073109100,2079995800
37,837,241755507682300,2270000,2108462000,2115348700
37,853,241755542720200,2220100,2143499900,2150386600
37,869,241755578702800,2260500,2179482500,2186369200
37,885,241755613699700,2274400,2214479400,2221366100
37,901,241755649977200,2119400,2250756900,2257643600
37,917,241755684993500,2213900,2285773200,2292659900
37,933,241755742306400,2156300,2343086100,2349972800
37,949,241755778121300,2173100,2378901000,2385787700
37,965,241755814273000,2244300,2415052700,2421939400
37,981,241755849759600,2109000,2450539300,2457426000
37,997,241755884029400,2135100,2484809100,2491695800
37,1013,241755918577700,2287000,2519357400,2526244100
37,1029,241755953927500,2170500,2554707200,2561593900
37,1045,241755989065500,2219700,2589845200,2596731900
37,1061,241756030158700,2143000,2630938400,2637825100
37,1077,241756065418400,2318500,2666198100,2673084800
37,1093,241756100725400,2142800,2701505100,2708391800
37,1109,241756136136700,2142400,2736916400,2743803100
37,1125,241756172003400,2215600,2772783100,2779669800
37,1141,241756206981700,2390100,2807761400,2814648100
37,1157,241756241890500,2087000,2842670200,2849556900
37,1173,241756275932600,2106800,2876712300,2883599000
37,1189,241756315303400,2096300,2916083100,2922969800
37,1205,241756350264700,2236200,2951044400,2957931100
37,1221,241756385349000,2087700,2986128700,2993015400
37,1237,241756420847000,2722100,3021626700,3028513400
37,1253,241756466703600,3036100,3067483300,3074370000
37,1269,241756510508500,2635300,3111288200,3118174900
37,1285,241756554028400,2686200,3154808100,3161694800
37,1301,241756601025800,2826200,3201805500,3208692200
37,1317,241756648092900,2722800,3248872600,3255759300
37,1333,241756697382300,2646700,3298162000,3305048700
37,1349,241756741142700,2753600,3341922400,3348809100
37,1365,241756785732400,2937600,3386512100,3393398800
37,1381,241756832737100,2579900,3433516800,3440403500
37,1397,241756875629400,2598200,3476409100,3483295800
37,1413,241756917833300,2631900,3518613000,3525499700
37,1429,241756960278100,2613000,3561057800,3567944500
37,1445,241757005246000,2913800,3606025700,3612912400
37,1461,241757060452400,2693600,3661232100,3668118800
37,1477,241757102931100,2613300,3703710800,3710597500
37,1493,241757147629100,2878500,3748408800,3755295500
37,1509,241757194851500,2650800,3795631200,3802517900
37,1525,241757237576700,2758600,3838356400,3845243100
37,1541,241757284562800,2895800,3885342500,3892229200
37,1557,241757331917300,2915500,3932697000,3939583700
37,1573,241757377134400,2737300,3977914100,3984800800
37,1589,241757428727800,2896600,4029507500,4036394200
37,1605,241757475679000,2651800,4076458700,4083345400
37,1621,241757518885600,2693000,4119665300,4126552000
37,1637,241757568621500,3122300,4169401200,4176287900
37,1653,241757616723200,2943800,4217502900,4224389600
37,1669,241757662143900,2565100,4262923600,4269810300
37,1685,241757708656300,2858300,4309436000,4316322700
37,1701,241757755121400,2857300,4355901100,4362787800
37,1717,241757800759900,2908300,4401539600,4408426300
37,1733,241757852000900,2776200,4452780600,4459667300
37,1749,241757899862300,2961000,4500642000,4507528700
37,1765,241757945057500,2811300,4545837200,4552723900
37,1781,241757991810900,2709200,4592590600,4599477300
37,1797,241758038066600,2806100,4638846300,4645733000
37,1813,241758083319700,2985300,4684099400,4690986100
37,1829,241758129742500,2974400,4730522200,4737408900
37,1845,241758176321300,3123500,4777101000,4783987700
37,1861,241758226031000,2657400,4826810700,4833697400
37,1877,241758268393000,2848300,4869172700,4876059400
37,1893,241758312813900,2795100,4913593600,4920480300
37,1909,241758360500600,2727600,4961280300,4968167000
37,1925,241758409459500,3037100,5010239200,5017125900
37,1941,241758454335300,2630000,5055115000,5062001700
37,1957,241758497731000,2795300,5098510700,5105397400
37,1973,241758541381900,2623900,5142161600,5149048300
37,1989,241758590709900,2802500,5191489600,5198376300
37,2005,241758637129700,3222900,5237909400,5244796100
37,2021,241758684588100,3075200,5285367800,5292254500
37,2037,241758731634900,2562100,5332414600,5339301300
38,6,241753557308800,3100500,158088500,164975200
38,22,241753594839800,2139900,195619500,202506200
38,38,241753631113600,2195900,231893300,238780000
38,54,241753665759200,2167000,266538900,273425600
38,70,241753701618100,2286800,302397800,309284500
38,86,241753737763200,2124600,338542900,345429600
38,102,241753772308800,2217600,373088500,379975200
38,118,241753808350900,2230600,409130600,416017300
38,134,241753864620800,2166700,465400500,472287200
38,150,241753898906700,2319700,499686400,506573100
38,166,241753936870700,2251000,537650400,544537100
38,182,241753972397300,2209200,573177000,580063700
38,198,241754007129500,2145800,607909200,614795900
38,214,241754042419800,2160800,643199500,650086200
38,230,241754078155200,2268100,678934900,685821600
38,246,241754112456600,2189100,713236300,720123000
38,262,241754166277300,2123200,767057000,773943700
38,278,241754201057700,2114000,801837400,808724100
38,294,241754235060500,2091000,835840200,842726900
38,310,241754269409100,2172700,870188800,877075500
38,326,241754304616100,2137300,905395800,912282500
38,342,241754341002800,2236700,941782500,948669200
38,358,241754376915700,2243500,977695400,984582100
38,374,241754411901000,2134200,1012680700,1019567400
38,390,241754464280300,2490600,1065060000,1071946700
38,406,241754499726100,2133500,1100505800,1107392500
38,422,241754533466700,2085400,1134246400,1141133100
38,438,241754568044000,2121500,1168823700,1175710400
38,454,241754602571400,2141700,1203351100,1210237800
38,470,241754637890500,2211400,1238670200,1245556900
38,486,241754672265000,2133700,1273044700,1279931400
38,502,241754706793300,2131700,1307573000,1314459700
38,518,241754741749300,2267700,1342529000,1349415700
38,534,241754797929700,2239300,1398709400,1405596100
38,550,241754833421200,2156300,1434200900,1441087600
38,566,241754867627700,2253400,1468407400,1475294100
38,582,241754903253500,2143600,1504033200,1510919900
38,598,241754937504100,2146400,1538283800,1545170500
38,614,241754971730200,2094400,1572509900,1579396600
38,630,241755008130200,2549600,1608909900,1615796600
38,646,241755044724400,2259300,1645504100,1652390800
38,662,241755101021700,2424300,1701801400,1708688100
38,678,241755137463900,2599500,1738243600,1745130300
38,694,241755173973400,2116400,1774753100,1781639800
38,710,241755209321600,2183200,1810101300,1816988000
38,726,241755243917100,2101400,1844696800,1851583500
38,742,241755278389600,2220500,1879169300,1886056000
38,758,241755313926000,2278000,1914705700,1921592400
38,774,241755349603600,2124800,1950383300,1957270000
38,790,241755404761800,2367300,2005541500,2012428200
38,806,241755439101600,2108200,2039881300,2046768000
38,822,241755474307300,2282300,2075087000,2081973700
38,838,241755509666000,2191600,2110445700,2117332400
38,854,241755544723800,2295000,2145503500,2152390200
38,870,241755580673700,2474300,2181453400,2188340100
38,886,241755615765400,2375800,2216545100,2223431800
38,902,241755651855800,2111100,2252635500,2259522200
38,918,241755686897000,2207400,2287676700,2294563400
38,934,241755743992500,2148800,2344772200,2351658900
38,950,241755779930100,2171600,2380709800,2387596500
38,966,241755816221200,2176500,2417000900,2423887600
38,982,241755851398100,2139400,2452177800,2459064500
38,998,241755885712400,2187500,2486492100,2493378800
38,1014,241755920401700,2317500,2521181400,2528068100
38,1030,241755955712200,2217100,2556491900,2563378600
38,1046,241755990896100,2175300,2591675800,2598562500
38,1062,241756031856500,2132900,2632636200,2639522900
38,1078,241756066873400,2466600,2667653100,2674539800
38,1094,241756102198700,2148200,2702978400,2709865100
38,1110,241756137630100,2319200,2738409800,2745296500
38,1126,241756173460400,2244400,2774240100,2781126800
38,1142,241756208555800,2449000,2809335500,2816222200
38,1158,241756243229200,2102800,2844008900,2850895600
38,1174,241756277291500,2091600,2878071200,2884957900
38,1190,241756316649900,2162300,2917429600,2924316300
38,1206,241756351613500,2205700,2952393200,2959279900
38,1222,241756386633500,2041900,2987413200,2994299900
38,1238,241756422496500,2749500,3023276200,3030162900
38,1254,241756468511100,3056500,3069290800,3076177500
38,1270,241756511914100,2611500,3112693800,3119580500
38,1286,241756555409300,5062900,3156189000,3163075700
38,1302,241756602420500,2933600,3203200200,3210086900
38,1318,241756649512100,2724000,3250291800,3257178500
38,1334,241756698731000,2731400,3299510700,3306397400
38,1350,241756742521100,2434100,3343300800,3350187500
38,1366,241756787240000,2951300,3388019700,3394906400
38,1382,241756834065100,2759300,3434844800,3441731500
38,1398,241756876976100,2575900,3477755800,3484642500
38,1414,241756919188400,2825600,3519968100,3526854800
38,1430,241756961617000,2625400,3562396700,3569283400
38,1446,241757006790700,2899000,3607570400,3614457100
38,1462,241757060518400,2695200,3661298100,3668184800
38,1478,241757102999900,2623700,3703779600,3710666300
38,1494,241757147739600,2899800,3748519300,3755406000
38,1510,241757194960800,2653200,3795740500,3802627200
38,1526,241757237697000,2746100,3838476700,3845363400
38,1542,241757284690900,2936300,3885470600,3892357300
38,1558,241757332083700,2922100,3932863400,3939750100
38,1574,241757377375200,2714200,3978154900,3985041600
38,1590,241757428966700,2900400,4029746400,4036633100
38,1606,241757475888900,2689500,4076668600,4083555300
38,1622,241757519106400,2701700,4119886100,4126772800
38,1638,241757569484100,3069200,4170263800,4177150500
38,1654,241757617552800,2969200,4218332500,4225219200
38,1670,241757662847400,2581000,4263627100,4270513800
38,1686,241757709483700,2766700,4310263400,4317150100
38,1702,241757755993400,3018100,4356773100,4363659800
38,1718,241757801666200,2923600,4402445900,4409332600
38,1734,241757852861200,2768300,4453640900,4460527600
38,1750,241757900732400,2989100,4501512100,4508398800
38,1766,241757945807900,2910700,4546587600,4553474300
38,1782,241757992519800,2719900,4593299500,4600186200
38,1798,241758038869700,2793700,4639649400,4646536100
38,1814,241758083998400,2878100,4684778100,4691664800
38,1830,241758130358700,2945900,4731138400,4738025100
38,1846,241758177060100,3133200,4777839800,4784726500
38,1862,241758226802600,2659600,4827582300,4834469000
38,1878,241758269134900,2887500,4869914600,4876801300
38,1894,241758313599000,2838600,4914378700,4921265400
38,1910,241758361137700,2761400,4961917400,4968804100
38,1926,241758410064600,3026000,5010844300,5017731000
38,1942,241758454840100,2634400,5055619800,5062506500
38,1958,241758498281300,2812700,5099061000,5105947700
38,1974,241758541874200,2660400,5142653900,5149540600
38,1990,241758591320700,2803200,5192100400,5198987100
38,2006,241758637911100,3103700,5238690800,5245577500
38,2022,241758685236900,3103000,5286016600,5292903300
38,2038,241758732134000,2608500,5332913700,5339800400
39,7,241753560450800,3081900,161230500,168117200
39,23,241753596948900,2174900,197728600,204615300
39,39,241753633166300,2155900,233946000,240832700
39,55,241753667778900,2252700,268558600,275445300
39,71,241753703666700,2290100,304446400,311333100
39,87,241753739663700,2139200,340443400,347330100
39,103,241753774308200,2208000,375087900,381974600
39,119,241753810311800,2159400,411091500,417978200
39,135,241753866430600,2176100,467210300,474097000
39,151,241753901273400,2270800,502053100,508939800
39,167,241753939092500,2277000,539872200,546758900
39,183,241753974550200,2188600,575329900,582216600
39,199,241754009307000,2113600,610086700,616973400
39,215,241754044463500,2163100,645243200,652129900
39,231,241754080516600,2214700,681296300,688183000
39,247,241754114782400,2386300,715562100,722448800
39,263,241754168609500,2133800,769389200,776275900
39,279,241754203431300,2125200,804211000,811097700
39,295,241754237413700,2115200,838193400,845080100
39,311,241754271779800,2115200,872559500,879446200
39,327,241754307129400,2243400,907909100,914795800
39,343,241754343719900,2183700,944499600,951386300
39,359,241754379657500,2259700,980437200,987323900
39,375,241754414447500,2090600,1015227200,1022113900
39,391,241754467238500,2166600,1068018200,1074904900
39,407,241754502113100,2092200,1102892800,1109779500
39,423,241754535816200,2087300,1136595900,1143482600
39,439,241754570287300,2139900,1171067000,1177953700
39,455,241754604835800,2097300,1205615500,1212502200
39,471,241754640164500,2187100,1240944200,1247830900
39,487,241754674459100,2097600,1275238800,1282125500
39,503,241754708959000,2113300,1309738700,1316625400
39,519,241754744221700,2260200,1345001400,1351888100
39,535,241754800326100,2573300,1401105800,1407992500
39,551,241754835747200,2098200,1436526900,1443413600
39,567,241754870057900,2178900,1470837600,1477724300
39,583,241754905520300,2098300,1506300000,1513186700
39,599,241754939738900,2123100,1540518600,1547405300
39,615,241754973918000,2103900,1574697700,1581584400
39,631,241755010772700,2393600,1611552400,1618439100
39,647,241755046925400,2223900,1647705100,1654591800
39,663,241755103482900,2258900,1704262600,1711149300
39,679,241755140030700,2410900,1740810400,1747697100
39,695,241755176150100,2230000,1776929800,1783816500
39,711,241755211170500,2109000,1811950200,1818836900
39,727,241755245992600,2111400,1846772300,1853659000
39,743,241755280495500,2360500,1881275200,1888161900
39,759,241755316267700,2183400,1917047400,1923934100
39,775,241755351764200,2103800,1952543900,1959430600
39,791,241755407098300,2135800,2007878000,2014764700
39,807,241755441181300,2171900,2041961000,2048847700
39,823,241755476865000,2184800,2077644700,2084531400
39,839,241755512127400,2196900,2112907100,2119793800
39,855,241755547383200,2375900,2148162900,2155049600
39,871,241755583451900,2193600,2184231600,2191118300
39,887,241755618486300,2415200,2219266000,2226152700
39,903,241755654259500,2139300,2255039200,2261925900
39,919,241755689434700,2389800,2290214400,2297101100
39,935,241755746580000,2157300,2347359700,2354246400
39,951,241755782336900,2297700,2383116600,2390003300
39,967,241755818613100,2411700,2419392800,2426279500
39,983,241755853875100,2138300,2454654800,2461541500
39,999,241755888218800,2092300,2488998500,2495885200
39,1015,241755923092000,2231300,2523871700,2530758400
39,1031,241755958257900,2137100,2559037600,2565924300
39,1047,241755993223500,2149500,2594003200,2600889900
39,1063,241756034161800,2248500,2634941500,2641828200
39,1079,241756069748300,2181300,2670528000,2677414700
39,1095,241756104638100,2100400,2705417800,2712304500
39,1111,241756140440800,2162800,2741220500,2748107200
39,1127,241756176156900,2215600,2776936600,2783823300
39,1143,241756211367400,2153600,2812147100,2819033800
39,1159,241756245636100,2128100,2846415800,2853302500
39,1175,241756279674000,2105300,2880453700,2887340400
39,1191,241756319104400,2148800,2919884100,2926770800
39,1207,241756354053700,2149300,2954833400,2961720100
39,1223,241756388803500,2082500,2989583200,2996469900
39,1239,241756425498200,2710900,3026277900,3033164600
39,1255,241756471859600,3090600,3072639300,3079526000
39,1271,241756514783500,2638900,3115563200,3122449900
39,1287,241756561151200,2762600,3161930900,3168817600
39,1303,241756605736600,2955600,3206516300,3213403000
39,1319,241756652628400,2695300,3253408100,3260294800
39,1335,241756701873000,2713000,3302652700,3309539400
39,1351,241756745246600,2731200,3346026300,3352913000
39,1367,241756790606400,2544900,3391386100,3398272800
39,1383,241756837227000,2938800,3438006700,3444893400
39,1399,241756879919000,2616800,3480698700,3487585400
39,1415,241756922404000,2638900,3523183700,3530070400
39,1431,241756964607900,2688200,3565387600,3572274300
39,1447,241757010162500,3441500,3610942200,3617828900
39,1463,241757066223200,2626300,3667002900,3673889600
39,1479,241757108774600,2668400,3709554300,3716441000
39,1495,241757153576700,2930800,3754356400,3761243100
39,1511,241757200597700,2807200,3801377400,3808264100
39,1527,241757243574400,2782600,3844354100,3851240800
39,1543,241757290949000,2970000,3891728700,3898615400
39,1559,241757338288200,2906800,3939067900,3945954600
39,1575,241757383050600,2993500,3983830300,3990717000
39,1591,241757435000400,2842000,4035780100,4042666800
39,1607,241757481527600,2749300,4082307300,4089194000
39,1623,241757524599900,2616600,4125379600,4132266300
39,1639,241757575350900,3210100,4176130600,4183017300
39,1655,241757623217800,2996500,4223997500,4230884200
39,1671,241757667737500,2624900,4268517200,4275403900
39,1687,241757714722600,2758300,4315502300,4322389000
39,1703,241757761576300,2886500,4362356000,4369242700
39,1719,241757807153200,2939900,4407932900,4414819600
39,1735,241757858256700,3154900,4459036400,4465923100
39,1751,241757906180700,2924300,4506960400,4513847100
39,1767,241757951163600,2867400,4551943300,4558830000
39,1783,241757997522000,2657600,4598301700,4605188400
39,1799,241758044027500,2866300,4644807200,4651693900
39,1815,241758089492800,2904500,4690272500,4697159200
39,1831,241758135999400,2959500,4736779100,4743665800
39,1847,241758182574400,2727800,4783354100,4790240800
39,1863,241758231687400,2620100,4832467100,4839353800
39,1879,241758274291000,2765300,4875070700,4881957400
39,1895,241758318701400,2795800,4919481100,4926367800
39,1911,241758366270800,3204000,4967050500,4973937200
39,1927,241758415647000,2742300,5016426700,5023313400
39,1943,241758459745700,2807800,5060525400,5067412100
39,1959,241758503379600,2728500,5104159300,5111046000
39,1975,241758546695200,2662900,5147474900,5154361600
39,1991,241758596485900,2721200,5197265600,5204152300
39,2007,241758643561400,3050500,5244341100,5251227800
39,2023,241758690911800,2900700,5291691500,5298578200
39,2039,241758736996900,2556400,5337776600,5344663300
40,8,241753563570700,2496100,164350400,171237100
40,24,241753599189800,2165400,199969500,206856200
40,40,241753635439700,2135200,236219400,243106100
40,56,241753670282800,2470300,271062500,277949200
40,72,241753706169200,2215600,306948900,313835600
40,88,241753742012300,2161000,342792000,349678700
40,104,241753776767500,2156800,377547200,384433900
40,120,241753812739900,2496300,413519600,420406300
40,136,241753868756400,2127500,469536100,476422800
40,152,241753903515700,2346000,504295400,511182100
40,168,241753941209800,2217800,541989500,548876200
40,184,241753976593100,2131600,577372800,584259500
40,200,241754011185100,2121600,611964800,618851500
40,216,241754046474600,2245300,647254300,654141000
40,232,241754082415700,2143900,683195400,690082100
40,248,241754116857000,2262600,717636700,724523400
40,264,241754170427100,2131000,771206800,778093500
40,280,241754205085100,2135100,805864800,812751500
40,296,241754239072500,2105300,839852200,846738900
40,312,241754273538900,2167200,874318600,881205300
40,328,241754308948500,2226100,909728200,916614900
40,344,241754345458000,2227800,946237700,953124400
40,360,241754381510300,2196800,982290000,989176700
40,376,241754416179400,2116300,1016959100,1023845800
40,392,241754468998300,2216600,1069778000,1076664700
40,408,241754503985400,2098400,1104765100,1111651800
40,424,241754537678800,2094400,1138458500,1145345200
40,440,241754572231500,2101100,1173011200,1179897900
40,456,241754606731100,2099400,1207510800,1214397500
40,472,241754642114300,2152700,1242894000,1249780700
40,488,241754676329200,2088600,1277108900,1283995600
40,504,241754710927900,2100600,1311707600,1318594300
40,520,241754746339300,2361100,1347119000,1354005700
40,536,241754802721700,2225600,1403501400,1410388100
40,552,241754837703500,2131600,1438483200,1445369900
40,568,241754872134100,2014700,1472913800,1479800500
40,584,241754907533600,2197800,1508313300,1515200000
40,600,241754941802100,2122200,1542581800,1549468500
40,616,241754975959100,2154600,1576738800,1583625500
40,632,241755013104400,2221400,1613884100,1620770800
40,648,241755049247100,2258700,1650026800,1656913500
40,664,241755105774300,2424300,1706554000,1713440700
40,680,241755142541100,2418600,1743320800,1750207500
40,696,241755178503900,2193500,1779283600,1786170300
40,712,241755213592500,2109700,1814372200,1821258900
40,728,241755248195800,2181700,1848975500,1855862200
40,744,241755283111200,2280900,1883890900,1890777600
40,760,241755318556700,2443600,1919336400,1926223100
40,776,241755353992100,2096500,1954771800,1961658500
40,792,241755409380100,2146900,2010159800,2017046500
40,808,241755443518200,2238900,2044297900,2051184600
40,824,241755478872300,2285300,2079652000,2086538700
40,840,241755514264500,2153100,2115044200,2121930900
40,856,241755549638500,2185700,2150418200,2157304900
40,872,241755585500200,2223200,2186279900,2193166600
40,888,241755620812300,2208100,2221592000,2228478700
40,904,241755656309900,2107100,2257089600,2263976300
40,920,241755691735500,21835500,2292515200,2299401900
40,936,241755748578200,2225900,2349357900,2356244600
40,952,241755784906200,2261100,2385685900,2392572600
40,968,241755821279200,2218700,2422058900,2428945600
40,984,241755856253200,2150500,2457032900,2463919600
40,1000,241755890546700,2124100,2491326400,2498213100
40,1016,241755925501100,2301600,2526280800,2533167500
40,1032,241755960578100,2204500,2561357800,2568244500
40,1048,241755995702700,2270700,2596482400,2603369100
40,1064,241756036657100,2202100,2637436800,2644323500
40,1080,241756072375700,2352300,2673155400,2680042100
40,1096,241756107253200,2185700,2708032900,2714919600
40,1112,241756142894300,2284200,2743674000,2750560700
40,1128,241756178829400,2191100,2779609100,2786495800
40,1144,241756213914700,2189700,2814694400,2821581100
40,1160,241756248140300,2119600,2848920000,2855806700
40,1176,241756282157600,2124600,2882937300,2889824000
40,1192,241756321566800,2180300,2922346500,2929233200
40,1208,241756356584800,2262400,2957364500,2964251200
40,1224,241756391092700,2074700,2991872400,2998759100
40,1240,241756428446900,2716500,3029226600,3036113300
40,1256,241756475198500,3012000,3075978200,3082864900
40,1272,241756517636100,2651600,3118415800,3125302500
40,1288,241756564150700,2759400,3164930400,3171817100
40,1304,241756608901200,2989700,3209680900,3216567600
40,1320,241756655521800,2700900,3256301500,3263188200
40,1336,241756704792300,2720500,3305572000,3312458700
40,1352,241756748154100,2693300,3348933800,3355820500
40,1368,241756793354700,2773900,3394134400,3401021100
40,1384,241756840394400,2795200,3441174100,3448060800
40,1400,241756882716200,2669500,3483495900,3490382600
40,1416,241756925220100,2640200,3525999800,3532886500
40,1432,241756967476500,2630000,3568256200,3575142900
40,1448,241757013832300,5801600,3614612000,3621498700
40,1464,241757068090300,2622800,3668870000,3675756700
40,1480,241757110678400,2622500,3711458100,3718344800
40,1496,241757155816700,2505200,3756596400,3763483100
40,1512,241757202666800,2703100,3803446500,3810333200
40,1528,241757245540000,3022300,3846319700,3853206400
40,1544,241757293079700,3056100,3893859400,3900746100
40,1560,241757340396600,2897800,3941176300,3948063000
40,1576,241757385201200,3039000,3985980900,3992867600
40,1592,241757437062300,2926200,4037842000,4044728700
40,1608,241757483558700,2721600,4084338400,4091225100
40,1624,241757526522300,2833000,4127302000,4134188700
40,1640,241757577547000,3221900,4178326700,4185213400
40,1656,241757625254600,3050700,4226034300,4232921000
40,1672,241757669590200,2597800,4270369900,4277256600
40,1688,241757716605100,2870000,4317384800,4324271500
40,1704,241757763492900,2871800,4364272600,4371159300
40,1720,241757809065900,2941100,4409845600,4416732300
40,1736,241757860277700,3157700,4461057400,4467944100
40,1752,241757908045000,2949200,4508824700,4515711400
40,1768,241757953023900,2951700,4553803600,4560690300
40,1784,241757999194200,2733000,4599973900,4606860600
40,1800,241758045915800,2884400,4646695500,4653582200
40,1816,241758091403800,2887200,4692183500,4699070200
40,1832,241758137915300,2965000,4738695000,4745581700
40,1848,241758184446500,2788800,4785226200,4792112900
40,1864,241758233638100,2639300,4834417800,4841304500
40,1880,241758276342300,2703000,4877122000,4884008700
40,1896,241758320879900,4908000,4921659600,4928546300
40,1912,241758368660000,3089000,4969439700,4976326400
40,1928,241758417759800,2666900,5018539500,5025426200
40,1944,241758461753900,2765500,5062533600,5069420300
40,1960,241758505490100,2731700,5106269800,5113156500
40,1976,241758548762700,2779500,5149542400,5156429100
40,1992,241758598593700,2863600,5199373400,5206260100
40,2008,241758645930100,3046900,5246709800,5253596500
40,2024,241758693166400,2923000,5293946100,5300832800
40,2040,241758739027100,2585200,5339806800,5346693500
41,9,241753566103700,2216700,166883400,173770100
41,25,241753601390400,2148700,202170100,209056800
41,41,241753637665600,2135300,238445300,245332000
41,57,241753672785100,2281100,273564800,280451500
41,73,241753708574200,2301700,309353900,316240600
41,89,241753744406100,2107300,345185800,352072500
41,105,241753779138500,2420000,379918200,386804900
41,121,241753815791600,2239500,416571300,423458000
41,137,241753871415600,2095000,472195300,479082000
41,153,241753906319400,2288700,507099100,513985800
41,169,241753943882600,2295100,544662300,551549000
41,185,241753979185900,2255100,579965600,586852300
41,201,241754013782000,2061100,614561700,621448400
41,217,241754048986100,2213600,649765800,656652500
41,233,241754084817200,2092200,685596900,692483600
41,249,241754119344000,2193100,720123700,727010400
41,265,241754172706900,2115100,773486600,780373300
41,281,241754207315100,2131800,808094800,814981500
41,297,241754241269400,2103400,842049100,848935800
41,313,241754275768000,2152200,876547700,883434400
41,329,241754311086900,2183000,911866600,918753300
41,345,241754347446400,2188600,948226100,955112800
41,361,241754383554200,2177200,984333900,991220600
41,377,241754418180500,2120400,1018960200,1025846900
41,393,241754471102300,2128600,1071882000,1078768700
41,409,241754505972700,2130700,1106752400,1113639100
41,425,241754539656900,2201500,1140436600,1147323300
41,441,241754574273200,2113700,1175052900,1181939600
41,457,241754608778100,2111600,1209557800,1216444500
41,473,241754644209200,2107500,1244988900,1251875600
41,489,241754678365900,2169800,1279145600,1286032300
41,505,241754712862700,2214600,1313642400,1320529100
41,521,241754748437400,2402200,1349217100,1356103800
41,537,241754804796800,2223800,1405576500,1412463200
41,553,241754839666200,2160000,1440445900,1447332600
41,569,241754873886200,2105700,1474665900,1481552600
41,585,241754909445400,2157300,1510225100,1517111800
41,601,241754943649600,2121500,1544429300,1551316000
41,617,241754977832300,2119200,1578612000,1585498700
41,633,241755015008100,2350300,1615787800,1622674500
41,649,241755051169700,2230200,1651949400,1658836100
41,665,241755107816100,2344600,1708595800,1715482500
41,681,241755144532300,2401700,1745312000,1752198700
41,697,241755180160200,2158900,1780939900,1787826600
41,713,241755215022700,2094000,1815802400,1822689100
41,729,241755249791800,2107600,1850571500,1857458200
41,745,241755284671900,2208200,1885451600,1892338300
41,761,241755320276900,2296700,1921056600,1927943300
41,777,241755355391300,2114800,1956171000,1963057700
41,793,241755410659400,2173100,2011439100,2018325800
41,809,241755444892400,2110400,2045672100,2052558800
41,825,241755480261300,2286700,2081041000,2087927700
41,841,241755515635300,2207100,2116415000,2123301700
41,857,241755551075900,2215300,2151855600,2158742300
41,873,241755586986800,2191900,2187766500,2194653200
41,889,241755622131500,2184100,2222911200,2229797900
41,905,241755657563300,2307200,2258343000,2265229700
41,921,241755693129400,22296300,2293909100,2300795800
41,937,241755750033900,2123800,2350813600,2357700300
41,953,241755786069100,2252700,2386848800,2393735500
41,969,241755822539500,2137300,2423319200,2430205900
41,985,241755857486200,2155800,2458265900,2465152600
41,1001,241755891776900,2293900,2492556600,2499443300
41,1017,241755926866500,2283400,2527646200,2534532900
41,1033,241755961852000,2211400,2562631700,2569518400
41,1049,241755996919300,2168400,2597699000,2604585700
41,1065,241756037868400,2183200,2638648100,2645534800
41,1081,241756073661500,2344400,2674441200,2681327900
41,1097,241756108456600,2241700,2709236300,2716123000
41,1113,241756144067300,2399400,2744847000,2751733700
41,1129,241756180002200,2171300,2780781900,2787668600
41,1145,241756215129000,2188100,2815908700,2822795400
41,1161,241756249286400,2146900,2850066100,2856952800
41,1177,241756283327900,2096700,2884107600,2890994300
41,1193,241756322646300,2244400,2923426000,2930312700
41,1209,241756357750700,2281000,2958530400,2965417100
41,1225,241756392433800,2098900,2993213500,3000100200
41,1241,241756430223100,2631300,3031002800,3037889500
41,1257,241756477123700,2809500,3077903400,3084790100
41,1273,241756519349800,2658100,3120129500,3127016200
41,1289,241756565927100,2715900,3166706800,3173593500
41,1305,241756610822500,2956600,3211602200,3218488900
41,1321,241756657264100,8227300,3258043800,3264930500
41,1337,241756706556300,2725100,3307336000,3314222700
41,1353,241756749887200,2692800,3350666900,3357553600
41,1369,241756795125000,2817200,3395904700,3402791400
41,1385,241756842231500,2650500,3443011200,3449897900
41,1401,241756884421600,2698500,3485201300,3492088000
41,1417,241756926921900,2590400,3527701600,3534588300
41,1433,241756969160800,2658600,3569940500,3576827200
41,1449,241757015324800,3182500,3616104500,3622991200
41,1465,241757067191100,2627800,3667970800,3674857500
41,1481,241757109763600,2639700,3710543300,3717430000
41,1497,241757154846200,2528800,3755625900,3762512600
41,1513,241757201597000,2845600,3802376700,3809263400
41,1529,241757244583900,2889400,3845363600,3852250300
41,1545,241757292048200,2959300,3892827900,3899714600
41,1561,241757339370400,2914400,3940150100,3947036800
41,1577,241757384110000,3084500,3984889700,3991776400
41,1593,241757436116200,2819000,4036895900,4043782600
41,1609,241757482656400,2741600,4083436100,4090322800
41,1625,241757525673900,2699100,4126453600,4133340300
41,1641,241757576493200,3272600,4177272900,4184159600
41,1657,241757624308100,3063300,4225087800,4231974500
41,1673,241757668734600,2635000,4269514300,4276401000
41,1689,241757715708500,2792400,4316488200,4323374900
41,1705,241757762615100,2899400,4363394800,4370281500
41,1721,241757808137300,2916700,4408917000,4415803700
41,1737,241757859306200,3204300,4460085900,4466972600
41,1753,241757907188900,2945100,4507968600,4514855300
41,1769,241757952345600,2916100,4553125300,4560012000
41,1785,241757998613400,2733700,4599393100,4606279800
41,1801,241758045184700,2906700,4645964400,4652851100
41,1817,241758090726200,2879000,4691505900,4698392600
41,1833,241758137216800,2960200,4737996500,4744883200
41,1849,241758183864700,2778000,4784644400,4791531100
41,1865,241758232950600,2645500,4833730300,4840617000
41,1881,241758275511700,2755100,4876291400,4883178100
41,1897,241758319898100,3397100,4920677800,4927564500
41,1913,241758367690900,3139000,4968470600,4975357300
41,1929,241758416943500,2709300,5017723200,5024609900
41,1945,241758460962500,2772600,5061742200,5068628900
41,1961,241758504646600,2723600,5105426300,5112313000
41,1977,241758547901300,2794500,5148681000,5155567700
41,1993,241758597780600,2783100,5198560300,5205447000
41,2009,241758644985500,3061600,5245765200,5252651900
41,2025,241758692239200,2910800,5293018900,5299905600
41,2041,241758738301100,2562500,5339080800,5345967500
42,10,241753568355600,2228000,169135300,176022000
42,26,241753603574000,2153800,204353700,211240400
42,42,241753639773200,2188400,240552900,247439600
42,58,241753674967600,2237900,275747300,282634000
42,74,241753710533400,2329600,311313100,318199800
42,90,241753746149400,2124200,346929100,353815800
42,106,241753781463400,2405200,382243100,389129800
42,122,241753817748100,2329500,418527800,425414500
42,138,241753873249500,2098400,474029200,480915900
42,154,241753907895700,2429700,508675400,515562100
42,170,241753945400500,2294000,546180200,553066900
42,186,241753980617900,2431200,581397600,588284300
42,202,241754015243200,2162500,616022900,622909600
42,218,241754050677400,2277600,651457100,658343800
42,234,241754086371100,2110500,687150800,694037500
42,250,241754120946400,2181600,721726100,728612800
42,266,241754174304700,2202000,775084400,781971100
42,282,241754208978900,2128200,809758600,816645300
42,298,241754242917400,2091600,843697100,850583800
42,314,241754277476600,2350800,878256300,885143000
42,330,241754312982800,2171900,913762500,920649200
42,346,241754349298200,2236600,950077900,956964600
42,362,241754385336400,2377800,986116100,993002800
42,378,241754419851900,2115200,1020631600,1027518300
42,394,241754472861300,2136800,1073641000,1080527700
42,410,241754507737900,2100900,1108517600,1115404300
42,426,241754541496600,2391300,1142276300,1149163000
42,442,241754575990200,2146600,1176769900,1183656600
42,458,241754610481900,2138000,1211261600,1218148300
42,474,241754645982100,2125500,1246761800,1253648500
42,490,241754680172800,2131600,1280952500,1287839200
42,506,241754714646500,2368800,1315426200,1322312900
42,522,241754750489700,2242900,1351269400,1358156100
42,538,241754806705400,2249900,1407485100,1414371800
42,554,241754841516200,2130400,1442295900,1449182600
42,570,241754875819700,2131600,1476599400,1483486100
42,586,241754911482500,2122500,1512262200,1519148900
42,602,241754945652400,2130700,1546432100,1553318800
42,618,241754979839200,2101300,1580618900,1587505600
42,634,241755017209600,2252500,1617989300,1624876000
42,650,241755053254000,2130900,1654033700,1660920400
42,666,241755110195800,2264200,1710975500,1717862200
42,682,241755146964100,2271000,1747743800,1754630500
42,698,241755182629700,2194500,1783409400,1790296100
42,714,241755217399900,2601500,1818179600,1825066300
42,730,241755252556400,2116600,1853336100,1860222800
42,746,241755287607100,2177200,1888386800,1895273500
42,762,241755323373500,2247300,1924153200,1931039900
42,778,241755358187400,2117000,1958967100,1965853800
42,794,241755413594100,2137200,2014373800,2021260500
42,810,241755447803300,2105000,2048583000,2055469700
42,826,241755483375100,2211100,2084154800,2091041500
42,842,241755518545500,2140400,2119325200,2126211900
42,858,241755553892700,2160400,2154672400,2161559100
42,874,241755589770600,2177100,2190550300,2197437000
42,890,241755624946700,2181700,2225726400,2232613100
42,906,241755660563200,2200400,2261342900,2268229600
42,922,241755716184700,2414800,2316964400,2323851100
42,938,241755752970400,2303600,2353750100,2360636800
42,954,241755789235900,2265700,2390015600,2396902300
42,970,241755825535800,2175700,2426315500,2433202200
42,986,241755860409800,2131600,2461189500,2468076200
42,1002,241755894932500,2148300,2495712200,2502598900
42,1018,241755930172200,2234700,2530951900,2537838600
42,1034,241755965040700,2166500,2565820400,2572707100
42,1050,241756000019500,2119300,2600799200,2607685900
42,1066,241756040919200,2133700,2641698900,2648585600
42,1082,241756076905700,2207500,2677685400,2684572100
42,1098,241756111741200,2243500,2712520900,2719407600
42,1114,241756147676700,2158700,2748456400,2755343100
42,1130,241756183127800,2188200,2783907500,2790794200
42,1146,241756218269900,2169600,2819049600,2825936300
42,1162,241756252327700,2136700,2853107400,2859994100
42,1178,241756286333800,2108100,2887113500,2894000200
42,1194,241756326091500,2156400,2926871200,2933757900
42,1210,241756361101800,2206700,2961881500,2968768200
42,1226,241756395405500,2167700,2996185200,3003071900
42,1242,241756434025700,2729700,3034805400,3041692100
42,1258,241756481041800,2610100,3081821500,3088708200
42,1274,241756523194100,2875600,3123973800,3130860500
42,1290,241756569840700,2758600,3170620400,3177507100
42,1306,241756614945000,2961300,3215724700,3222611400
42,1322,241756666610700,2753800,3267390400,3274277100
42,1338,241756710384800,2791200,3311164500,3318051200
42,1354,241756753635500,2741000,3354415200,3361301900
42,1370,241756798911300,2734700,3399691000,3406577700
42,1386,241756845849500,2547500,3446629200,3453515900
42,1402,241756888117100,2685200,3488896800,3495783500
42,1418,241756930484600,2557400,3531264300,3538151000
42,1434,241756972800200,2627300,3573579900,3580466600
42,1450,241757023115300,2777600,3623895000,3630781700
42,1466,241757073971500,2664000,3674751200,3681637900
42,1482,241757116558000,2639200,3717337700,3724224400
42,1498,241757161707000,2583000,3762486700,3769373400
42,1514,241757208511500,2632000,3809291200,3816177900
42,1530,241757252218300,2905300,3852998000,3859884700
42,1546,241757299830400,2910000,3900610100,3907496800
42,1562,241757346804800,2813400,3947584500,3954471200
42,1578,241757391755500,2899900,3992535200,3999421900
42,1594,241757443474700,2778600,4044254400,4051141100
42,1610,241757489604800,2723700,4090384500,4097271200
42,1626,241757533133200,3349100,4133912900,4140799600
42,1642,241757584616600,2879200,4185396300,4192283000
42,1658,241757631966700,2938000,4232746400,4239633100
42,1674,241757675814700,2913800,4276594400,4283481100
42,1690,241757723311700,2932800,4324091400,4330978100
42,1706,241757769882900,2728700,4370662600,4377549300
42,1722,241757821355300,2690400,4422135000,4429021700
42,1738,241757867419500,3045600,4468199200,4475085900
42,1754,241757914933000,2740400,4515712700,4522599400
42,1770,241757959947000,2946600,4560726700,4567613400
42,1786,241758005713500,2987100,4606493200,4613379900
42,1802,241758052451000,2521100,4653230700,4660117400
42,1818,241758098131500,2901100,4698911200,4705797900
42,1834,241758144822000,2594300,4745601700,4752488400
42,1850,241758190730700,2855200,4791510400,4798397100
42,1866,241758239502500,2763400,4840282200,4847168900
42,1882,241758282439300,2717400,4883219000,4890105700
42,1898,241758330043900,2829600,4930823600,4937710300
42,1914,241758375803900,3066200,4976583600,4983470300
42,1930,241758423690000,2564200,5024469700,5031356400
42,1946,241758467778500,2562400,5068558200,5075444900
42,1962,241758511755700,2700800,5112535400,5119422100
42,1978,241758554959800,2651400,5155739500,5162626200
42,1994,241758605212300,2616500,5205992000,5212878700
42,2010,241758652873800,3139700,5253653500,5260540200
42,2026,241758699908400,2941400,5300688100,5307574800
42,2042,241758744786000,2594700,5345565700,5352452400
43,11,241753570651100,2227000,171430800,178317500
43,27,241753605826300,2153300,206606000,213492700
43,43,241753642203000,2104400,242982700,249869400
43,59,241753677534900,2208900,278314600,285201300
43,75,241753713182800,2236000,313962500,320849200
43,91,241753748598800,2079900,349378500,356265200
43,107,241753783808100,2183400,384587800,391474500
43,123,241753819863400,2667500,420643100,427529800
43,139,241753875174700,2122300,475954400,482841100
43,155,241753910778300,2736800,511558000,518444700
43,171,241753948222700,2266600,549002400,555889100
43,187,241753983556800,2164800,584336500,591223200
43,203,241754018015000,2258300,618794700,625681400
43,219,241754053568200,2239800,654347900,661234600
43,235,241754089050200,2130600,689829900,696716600
43,251,241754123815900,2206900,724595600,731482300
43,267,241754177231400,2149400,778011100,784897800
43,283,241754211752600,2149400,812532300,819419000
43,299,241754245642600,2141100,846422300,853309000
43,315,241754280414700,2207900,881194400,888081100
43,331,241754315642700,2193900,916422400,923309100
43,347,241754352873100,2720000,953652800,960539500
43,363,241754389001000,2228000,989780700,996667400
43,379,241754423227900,2112900,1024007600,1030894300
43,395,241754476276700,2302500,1077056400,1083943100
43,411,241754511011600,2113800,1111791300,1118678000
43,427,241754545177300,2162300,1145957000,1152843700
43,443,241754579286700,2110900,1180066400,1186953100
43,459,241754613770100,2106700,1214549800,1221436500
43,475,241754649177000,2131400,1249956700,1256843400
43,491,241754683476000,2144200,1284255700,1291142400
43,507,241754718270300,2155200,1319050000,1325936700
43,523,241754753576800,21584600,1354356500,1361243200
43,539,241754809767700,2226000,1410547400,1417434100
43,555,241754844411300,2133400,1445191000,1452077700
43,571,241754878735000,2130000,1479514700,1486401400
43,587,241754914327600,2089500,1515107300,1521994000
43,603,241754948546000,2191800,1549325700,1556212400
43,619,241754982697900,2134100,1583477600,1590364300
43,635,241755020254600,2284300,1621034300,1627921000
43,651,241755056139600,2697900,1656919300,1663806000
43,667,241755113214600,2365100,1713994300,1720881000
43,683,241755149850800,2257600,1750630500,1757517200
43,699,241755185274900,2174500,1786054600,1792941300
43,715,241755220418500,2090300,1821198200,1828084900
43,731,241755254947100,2120100,1855726800,1862613500
43,747,241755289729700,2156400,1890509400,1897396100
43,763,241755325458800,2295500,1926238500,1933125200
43,779,241755360451300,2183600,1961231000,1968117700
43,795,241755415764800,2120600,2016544500,2023431200
43,811,241755449942100,2106500,2050721800,2057608500
43,827,241755485739800,2166000,2086519500,2093406200
43,843,241755520810200,2118100,2121589900,2128476600
43,859,241755556262200,2214600,2157041900,2163928600
43,875,241755592157200,2157800,2192936900,2199823600
43,891,241755627510400,2510300,2228290100,2235176800
43,907,241755663177600,2157100,2263957300,2270844000
43,923,241755719152200,2495000,2319931900,2326818600
43,939,241755755477200,2170800,2356256900,2363143600
43,955,241755791474600,2323800,2392254300,2399141000
43,971,241755827649900,2153400,2428429600,2435316300
43,987,241755862481600,2166700,2463261300,2470148000
43,1003,241755896938100,2124000,2497717800,2504604500
43,1019,241755932138100,2212500,2532917800,2539804500
43,1035,241755966942500,2139400,2567722200,2574608900
43,1051,241756002079400,2195200,2602859100,2609745800
43,1067,241756043026900,2112200,2643806600,2650693300
43,1083,241756078961500,2315900,2679741200,2686627900
43,1099,241756113667600,2184400,2714447300,2721334000
43,1115,241756149421200,2193100,2750200900,2757087600
43,1131,241756185142900,2193200,2785922600,2792809300
43,1147,241756220262400,2142600,2821042100,2827928800
43,1163,241756254288000,2166300,2855067700,2861954400
43,1179,241756288274700,2087800,2889054400,2895941100
43,1195,241756328162700,2148300,2928942400,2935829100
43,1211,241756363278400,2159700,2964058100,2970944800
43,1227,241756397664200,2140000,2998443900,3005330600
43,1243,241756436868300,2707200,3037648000,3044534700
43,1259,241756483731500,2573900,3084511200,3091397900
43,1275,241756526193500,2725900,3126973200,3133859900
43,1291,241756572723700,2710900,3173503400,3180390100
43,1307,241756618198300,2925200,3218978000,3225864700
43,1323,241756669655000,2737400,3270434700,3277321400
43,1339,241756713434500,2677700,3314214200,3321100900
43,1355,241756756663200,2843200,3357442900,3364329600
43,1371,241756802016300,2734700,3402796000,3409682700
43,1387,241756848707600,2679300,3449487300,3456374000
43,1403,241756891133400,2652100,3491913100,3498799800
43,1419,241756933360800,2628000,3534140500,3541027200
43,1435,241756975752000,2598400,3576531700,3583418400
43,1451,241757025426400,2837300,3626206100,3633092800
43,1467,241757076201600,2624900,3676981300,3683868000
43,1483,241757118764300,2607500,3719544000,3726430700
43,1499,241757163833600,2613300,3764613300,3771500000
43,1515,241757210743400,2616700,3811523100,3818409800
43,1531,241757254708000,2948800,3855487700,3862374400
43,1547,241757302335800,2971200,3903115500,3910002200
43,1563,241757349242200,2871300,3950021900,3956908600
43,1579,241757394229600,2790300,3995009300,4001896000
43,1595,241757445830000,2905400,4046609700,4053496400
43,1611,241757491830400,2739400,4092610100,4099496800
43,1627,241757535915500,3054500,4136695200,4143581900
43,1643,241757586982900,2893400,4187762600,4194649300
43,1659,241757634375200,2927500,4235154900,4242041600
43,1675,241757678217800,2882500,4278997500,4285884200
43,1691,241757725674900,2909300,4326454600,4333341300
43,1707,241757772166800,2693400,4372946500,4379833200
43,1723,241757823653000,2599800,4424432700,4431319400
43,1739,241757869830000,3042000,4470609700,4477496400
43,1755,241757917162400,2777600,4517942100,4524828800
43,1771,241757962347900,2993800,4563127600,4570014300
43,1787,241758008176000,2847700,4608955700,4615842400
43,1803,241758054529000,2711700,4655308700,4662195400
43,1819,241758100548900,2921900,4701328600,4708215300
43,1835,241758147043200,2895300,4747822900,4754709600
43,1851,241758193063000,3070000,4793842700,4800729400
43,1867,241758241952900,2610500,4842732600,4849619300
43,1883,241758284858400,2780000,4885638100,4892524800
43,1899,241758332396400,2876400,4933176100,4940062800
43,1915,241758378354600,3085700,4979134300,4986021000
43,1931,241758425867300,2590700,5026647000,5033533700
43,1947,241758469949700,2595500,5070729400,5077616100
43,1963,241758514119200,2763500,5114898900,5121785600
43,1979,241758557176800,2827600,5157956500,5164843200
43,1995,241758607472000,2756600,5208251700,5215138400
43,2011,241758655522900,3016300,5256302600,5263189300
43,2027,241758702467000,3090000,5303246700,5310133400
43,2043,241758747169000,2585400,5347948700,5354835400
44,12,241753572846300,2246900,173626000,180512700
44,28,241753607922700,2169300,208702400,215589100
44,44,241753644165300,2138700,244945000,251831700
44,60,241753679546100,2227200,280325800,287212500
44,76,241753715202100,2214000,315981800,322868500
44,92,241753750459800,2047000,351239500,358126200
44,108,241753785874900,2200000,386654600,393541300
44,124,241753822392200,2355400,423171900,430058600
44,140,241753877161400,2179500,477941100,484827800
44,156,241753913742100,2449300,514521800,521408500
44,172,241753950676400,2255900,551456100,558342800
44,188,241753985846300,2168400,586626000,593512700
44,204,241754020338600,2189700,621118300,628005000
44,220,241754055843900,2229400,656623600,663510300
44,236,241754091301400,2063400,692081100,698967800
44,252,241754126144900,2323100,726924600,733811300
44,268,241754179469700,2113400,780249400,787136100
44,284,241754213964400,2129200,814744100,821630800
44,300,241754247851400,2155100,848631100,855517800
44,316,241754282749500,2231200,883529200,890415900
44,332,241754318108700,2283800,918888400,925775100
44,348,241754355495200,2285300,956274900,963161600
44,364,241754391432700,2136500,992212400,999099100
44,380,241754425519700,2124100,1026299400,1033186100
44,396,241754478641500,2236900,1079421200,1086307900
44,412,241754513241100,2113400,1114020800,1120907500
44,428,241754547464600,2152000,1148244300,1155131000
44,444,241754581515000,2153200,1182294700,1189181400
44,460,241754615998300,2131400,1216778000,1223664700
44,476,241754651457900,2244600,1252237600,1259124300
44,492,241754685799000,2205500,1286578700,1293465400
44,508,241754720604500,2175500,1321384200,1328270900
44,524,241754775488700,2154200,1376268400,1383155100
44,540,241754812389500,2156400,1413169200,1420055900
44,556,241754847060000,2085300,1447839700,1454726400
44,572,241754881381800,2104600,1482161500,1489048200
44,588,241754916887000,2166300,1517666700,1524553400
44,604,241754951218300,2158500,1551998000,1558884700
44,620,241754985283800,2091400,1586063500,1592950200
44,636,241755023110000,2217100,1623889700,1630776400
44,652,241755059364400,2168500,1660144100,1667030800
44,668,241755116258900,2270700,1717038600,1723925300
44,684,241755152821700,2280800,1753601400,1760488100
44,700,241755187953300,2090200,1788733000,1795619700
44,716,241755223351800,2297700,1824131500,1831018200
44,732,241755257954600,2115400,1858734300,1865621000
44,748,241755293310800,2167200,1894090500,1900977200
44,764,241755329307900,2238300,1930087600,1936974300
44,780,241755364002700,2217000,1964782400,1971669100
44,796,241755419195800,2127800,2019975500,2026862200
44,812,241755453416100,2351900,2054195800,2061082500
44,828,241755489254700,2132000,2090034400,2096921100
44,844,241755524155800,2122600,2124935500,2131822200
44,860,241755559770100,2165200,2160549800,2167436500
44,876,241755595618600,2177000,2196398300,2203285000
44,892,241755631355800,2355600,2232135500,2239022200
44,908,241755666483600,2105400,2267263300,2274150000
44,924,241755723204500,2381100,2323984200,2330870900
44,940,241755759183600,2233300,2359963300,2366850000
44,956,241755795566900,2243600,2396346600,2403233300
44,972,241755831539600,2196500,2432319300,2439206000
44,988,241755866242400,2106700,2467022100,2473908800
44,1004,241755900628600,2133100,2501408300,2508295000
44,1020,241755936126600,2219900,2536906300,2543793000
44,1036,241755970837200,2296600,2571616900,2578503600
44,1052,241756006040200,2261100,2606819900,2613706600
44,1068,241756046791700,2147800,2647571400,2654458100
44,1084,241756083510700,2103000,2684290400,2691177100
44,1100,241756118257100,2324400,2719036800,2725923500
44,1116,241756153852900,2208300,2754632600,2761519300
44,1132,241756189467500,2174500,2790247200,2797133900
44,1148,241756224530000,2078600,2825309700,2832196400
44,1164,241756258534900,2137500,2859314600,2866201300
44,1180,241756292450400,2120000,2893230100,2900116800
44,1196,241756332341200,2347100,2933120900,2940007600
44,1212,241756367545300,2177500,2968325000,2975211700
44,1228,241756401793600,2119100,3002573300,3009460000
44,1244,241756442172000,2771100,3042951700,3049838400
44,1260,241756488646400,2676700,3089426100,3096312800
44,1276,241756531393000,2743300,3132172700,3139059400
44,1292,241756577889700,2742800,3178669400,3185556100
44,1308,241756623747100,2975800,3224526800,3231413500
44,1324,241756674782200,2807600,3275561900,3282448600
44,1340,241756718520500,2726500,3319300200,3326186900
44,1356,241756762177600,2661700,3362957300,3369844000
44,1372,241756807192700,2632900,3407972400,3414859100
44,1388,241756853712400,2672100,3454492100,3461378800
44,1404,241756896098100,2641000,3496877800,3503764500
44,1420,241756938349200,2739700,3539128900,3546015600
44,1436,241756980681000,2739900,3581460700,3588347400
44,1452,241757029708300,2596900,3630488000,3637374700
44,1468,241757080204800,2690400,3680984500,3687871200
44,1484,241757122730000,3168300,3723509700,3730396400
44,1500,241757167806900,3478000,3768586600,3775473300
44,1516,241757214736100,2627200,3815515800,3822402500
44,1532,241757259206800,2933600,3859986500,3866873200
44,1548,241757306844300,2957300,3907624000,3914510700
44,1564,241757353692900,2861900,3954472600,3961359300
44,1580,241757398470500,3049600,3999250200,4006136900
44,1596,241757450307300,4512100,4051087000,4057973700
44,1612,241757496042300,2748200,4096822000,4103708700
44,1628,241757540505700,2898100,4141285400,4148172100
44,1644,241757591406200,3046300,4192185900,4199072600
44,1660,241757638839900,2885900,4239619600,4246506300
44,1676,241757682678900,2821800,4283458600,4290345300
44,1692,241757730247100,2945700,4331026800,4337913500
44,1708,241757776364500,2736400,4377144200,4384030900
44,1724,241757827683400,2582500,4428463100,4435349800
44,1740,241757874564300,2941100,4475344000,4482230700
44,1756,241757921404100,2732400,4522183800,4529070500
44,1772,241757966919000,3008100,4567698700,4574585400
44,1788,241758012463000,2963100,4613242700,4620129400
44,1804,241758058691400,2729000,4659471100,4666357800
44,1820,241758105024200,2847900,4705803900,4712690600
44,1836,241758151427300,2917300,4752207000,4759093700
44,1852,241758197676500,2808500,4798456200,4805342900
44,1868,241758245870700,2615200,4846650400,4853537100
44,1884,241758289011400,2801500,4889791100,4896677800
44,1900,241758336722000,2831800,4937501700,4944388400
44,1916,241758382985900,3077600,4983765600,4990652300
44,1932,241758429724100,2851200,5030503800,5037390500
44,1948,241758473809500,3067900,5074589200,5081475900
44,1964,241758518176300,2716000,5118956000,5125842700
44,1980,241758561307600,2709100,5162087300,5168974000
44,1996,241758611662200,3087000,5212441900,5219328600
44,2012,241758659807600,2687500,5260587300,5267474000
44,2028,241758706988300,2845200,5307768000,5314654700
44,2044,241758750881500,2614800,5351661200,5358547900
45,13,241753575158100,2205900,175937800,182824500
45,29,241753610131800,3048100,210911500,217798200
45,45,241753646272300,2165100,247052000,253938700
45,61,241753681842200,2217800,282621900,289508600
45,77,241753717544700,2317300,318324400,325211100
45,93,241753752624300,2124300,353404000,360290700
45,109,241753788185500,2258000,388965200,395851900
45,125,241753824684200,21986600,425463900,432350600
45,141,241753879314200,2055000,480093900,486980600
45,157,241753915828500,2496500,516608200,523494900
45,173,241753952643100,2255200,553422800,560309500
45,189,241753987785300,2249900,588565000,595451700
45,205,241754022126100,2198400,622905800,629792500
45,221,241754057543700,2228500,658323400,665210100
45,237,241754092750500,2130800,693530200,700416900
45,253,241754127888200,2344600,728667900,735554600
45,269,241754181073200,2248400,781852900,788739600
45,285,241754215550700,2112300,816330400,823217100
45,301,241754249439100,2161600,850218800,857105500
45,317,241754284522300,2220500,885302000,892188700
45,333,241754320008800,3071000,920788500,927675200
45,349,241754357477000,2226800,958256700,965143400
45,365,241754393024600,2093200,993804300,1000691000
45,381,241754427123100,2125200,1027902800,1034789500
45,397,241754480275000,2232900,1081054700,1087941400
45,413,241754514816400,2105200,1115596100,1122482800
45,429,241754549037300,2191400,1149817000,1156703700
45,445,241754583035100,2307600,1183814800,1190701500
45,461,241754617548700,2130700,1218328400,1225215100
45,477,241754653126500,2164500,1253906200,1260792900
45,493,241754687409300,2139100,1288189000,1295075700
45,509,241754722221000,2184700,1323000700,1329887400
45,525,241754777273500,2260800,1378053200,1384939900
45,541,241754814218700,2168000,1414998400,1421885100
45,557,241754848714900,2116100,1449494600,1456381300
45,573,241754883052700,2142900,1483832400,1490719100
45,589,241754918660000,2150400,1519439700,1526326400
45,605,241754953001800,2133600,1553781500,1560668200
45,621,241754987018600,2077900,1587798300,1594685000
45,637,241755024974100,2163100,1625753800,1632640500
45,653,241755061211700,2262200,1661991400,1668878100
45,669,241755118004300,2260800,1718784000,1725670700
45,685,241755154606100,2267700,1755385800,1762272500
45,701,241755189764600,2336100,1790544300,1797431000
45,717,241755224910300,2218900,1825690000,1832576700
45,733,241755259440500,2242900,1860220200,1867106900
45,749,241755294633300,2213100,1895413000,1902299700
45,765,241755330612400,2274100,1931392100,1938278800
45,781,241755365430700,2141400,1966210400,1973097100
45,797,241755420763500,2219300,2021543200,2028429900
45,813,241755455106100,2231800,2055885800,2062772500
45,829,241755490704100,2105400,2091483800,2098370500
45,845,241755525991400,2108700,2126771100,2133657800
45,861,241755561521200,2174500,2162300900,2169187600
45,877,241755597341600,2102400,2198121300,2205008000
45,893,241755633040500,2296100,2233820200,2240706900
45,909,241755667971800,2129400,2268751500,2275638200
45,925,241755724564700,2430100,2325344400,2332231100
45,941,241755760540400,2233000,2361320100,2368206800
45,957,241755796760600,2260700,2397540300,2404427000
45,973,241755832794900,2156600,2433574600,2440461300
45,989,241755867534200,2122300,2468313900,2475200600
45,1005,241755901935800,2102900,2502715500,2509602200
45,1021,241755937451600,2212500,2538231300,2545118000
45,1037,241755972172900,2323900,2572952600,2579839300
45,1053,241756007402000,2222300,2608181700,2615068400
45,1069,241756048163900,2136000,2648943600,2655830300
45,1085,241756084522900,2102400,2685302600,2692189300
45,1101,241756119412600,2204600,2720192300,2727079000
45,1117,241756155076600,2166500,2755856300,2762743000
45,1133,241756190591300,2145900,2791371000,2798257700
45,1149,241756225625800,2111100,2826405500,2833292200
45,1165,241756259642100,2173400,2860421800,2867308500
45,1181,241756293583200,2086400,2894362900,2901249600
45,1197,241756333482400,2338100,2934262100,2941148800
45,1213,241756368545200,2188800,2969324900,2976211600
45,1229,241756402771900,2099300,3003551600,3010438300
45,1245,241756443379000,2748400,3044158700,3051045400
45,1261,241756489725600,2767100,3090505300,3097392000
45,1277,241756532528000,2706500,3133307700,3140194400
45,1293,241756579056800,2740800,3179836500,3186723200
45,1309,241756624897200,2978500,3225676900,3232563600
45,1325,241756675887400,2760100,3276667100,3283553800
45,1341,241756719550500,2753100,3320330200,3327216900
45,1357,241756763185600,2616600,3363965300,3370852000
45,1373,241756808173400,2636600,3408953100,3415839800
45,1389,241756854870400,2646400,3455650100,3462536800
45,1405,241756897249700,2656200,3498029400,3504916100
45,1421,241756939593300,2654500,3540373000,3547259700
45,1437,241756981996500,2597400,3582776200,3589662900
45,1453,241757030496500,2633400,3631276200,3638162900
45,1469,241757081058500,2708800,3681838200,3688724900
45,1485,241757123834100,3108000,3724613800,3731500500
45,1501,241757168671000,5419800,3769450700,3776337400
45,1517,241757215610200,2583200,3816389900,3823276600
45,1533,241757260151500,2954300,3860931200,3867817900
45,1549,241757307795200,2960900,3908574900,3915461600
45,1565,241757354543000,2813700,3955322700,3962209400
45,1581,241757399332200,2987500,4000111900,4006998600
45,1597,241757451233600,4466900,4052013300,4058900000
45,1613,241757496837900,2732500,4097617600,4104504300
45,1629,241757541291900,2894600,4142071600,4148958300
45,1645,241757592282300,3036500,4193062000,4199948700
45,1661,241757639693200,2797800,4240472900,4247359600
45,1677,241757683517900,2933700,4284297600,4291184300
45,1693,241757731120200,2937000,4331899900,4338786600
45,1709,241757777178500,2798400,4377958200,4384844900
45,1725,241757828458300,2597100,4429238000,4436124700
45,1741,241757875440100,2930900,4476219800,4483106500
45,1757,241757922167000,2739800,4522946700,4529833400
45,1773,241757967760900,2990800,4568540600,4575427300
45,1789,241758013149800,3043800,4613929500,4620816200
45,1805,241758059422500,2676100,4660202200,4667088900
45,1821,241758105772600,2828600,4706552300,4713439000
45,1837,241758152188000,2835200,4752967700,4759854400
45,1853,241758198456200,2777800,4799235900,4806122600
45,1869,241758246589800,2609100,4847369500,4854256200
45,1885,241758289752200,2812900,4890531900,4897418600
45,1901,241758337480300,2849300,4938260000,4945146700
45,1917,241758383818400,3097500,4984598100,4991484800
45,1933,241758430448200,2994300,5031227900,5038114600
45,1949,241758474646300,3202900,5075426000,5082312700
45,1965,241758519015300,2714600,5119795000,5126681700
45,1981,241758562152100,2764600,5162931800,5169818500
45,1997,241758612054400,3065500,5212834100,5219720800
45,2013,241758660196000,2653900,5260975700,5267862400
45,2029,241758707391800,2844200,5308171500,5315058200
45,2045,241758751200100,2603900,5351979800,5358866500
46,14,241753577399700,2196600,178179400,185066100
46,30,241753613335100,2188500,214114800,221001500
46,46,241753648534100,2148400,249313800,256200500
46,62,241753684096500,2301400,284876200,291762900
46,78,241753719926900,2261000,320706600,327593300
46,94,241753754783000,2154100,355562700,362449400
46,110,241753790267600,2183700,391047300,397934000
46,126,241753846550300,2523900,447330000,454216700
46,142,241753881261000,2094400,482040700,488927400
46,158,241753917647200,2544700,518426900,525313600
46,174,241753954440000,2323800,555219700,562106400
46,190,241753989546000,2205500,590325700,597212400
46,206,241754024088000,2251000,624867700,631754400
46,222,241754059564700,2198200,660344400,667231100
46,238,241754094733500,2147000,695513200,702399900
46,254,241754130016100,2456400,730795800,737682500
46,270,241754183146100,2300600,783925800,790812500
46,286,241754217519900,2154300,818299600,825186300
46,302,241754251454400,2111600,852234100,859120800
46,318,241754286532400,2239300,887312100,894198800
46,334,241754321992700,2305800,922772400,929659100
46,350,241754358660000,2242500,959439700,966326400
46,366,241754394163800,2059800,994943500,1001830200
46,382,241754428276800,2122000,1029056500,1035943200
46,398,241754481668100,2149400,1082447800,1089334500
46,414,241754516124700,2065300,1116904400,1123791100
46,430,241754550397900,2163200,1151177600,1158064300
46,446,241754584497100,2316200,1185276800,1192163500
46,462,241754618873100,2380200,1219652800,1226539500
46,478,241754654612700,2228800,1255392400,1262279100
46,494,241754688970500,2115400,1289750200,1296636900
46,510,241754723823300,2181000,1324603000,1331489700
46,526,241754778987600,2282800,1379767300,1386654000
46,542,241754815750600,2163400,1416530300,1423417000
46,558,241754850238500,2086200,1451018200,1457904900
46,574,241754884649300,2123400,1485429000,1492315700
46,590,241754920247400,2140600,1521027100,1527913800
46,606,241754954577900,2123000,1555357600,1562244300
46,622,241754988525000,2134200,1589304700,1596191400
46,638,241755026481900,2282900,1627261600,1634148300
46,654,241755062803800,20997000,1663583500,1670470200
46,670,241755119597900,2406900,1720377600,1727264300
46,686,241755156038500,2237900,1756818200,1763704900
46,702,241755190982900,2262900,1791762600,1798649300
46,718,241755226023100,2212000,1826802800,1833689500
46,734,241755260422200,2172300,1861201900,1868088600
46,750,241755295448700,2222000,1896228400,1903115100
46,766,241755331654900,2209700,1932434600,1939321300
46,782,241755366311100,2170500,1967090800,1973977500
46,798,241755421524700,2226900,2022304400,2029191100
46,814,241755455972600,2191600,2056752300,2063639000
46,830,241755491700200,2115100,2092479900,2099366600
46,846,241755526552300,2135500,2127332000,2134218700
46,862,241755562114000,2187000,2162893700,2169780400
46,878,241755597994500,2105600,2198774200,2205660900
46,894,241755634154700,2242500,2234934400,2241821100
46,910,241755669002000,2154100,2269781700,2276668400
46,926,241755725821500,2278000,2326601200,2333487900
46,942,241755761608000,2180700,2362387700,2369274400
46,958,241755797751100,2220100,2398530800,2405417500
46,974,241755833579300,2159700,2434359000,2441245700
46,990,241755868291000,2182000,2469070700,2475957400
46,1006,241755902696200,2116400,2503475900,2510362600
46,1022,241755938145100,2197100,2538924800,2545811500
46,1038,241755972912000,2272600,2573691700,2580578400
46,1054,241756008033800,8028300,2608813500,2615700200
46,1070,241756048699700,2295400,2649479400,2656366100
46,1086,241756085214300,2136000,2685994000,2692880700
46,1102,241756120013400,2224800,2720793100,2727679800
46,1118,241756155603600,2175800,2756383300,2763270000
46,1134,241756191113100,2156800,2791892800,2798779500
46,1150,241756226125800,2129400,2826905500,2833792200
46,1166,241756260179500,2150000,2860959200,2867845900
46,1182,241756294089000,2087500,2894868700,2901755400
46,1198,241756334167300,2272000,2934947000,2941833700
46,1214,241756369246200,2208100,2970025900,2976912600
46,1230,241756403473400,2086100,3004253100,3011139800
46,1246,241756444323400,2918800,3045103100,3051989800
46,1262,241756490899700,2696100,3091679400,3098566100
46,1278,241756533697100,2712600,3134476800,3141363500
46,1294,241756580201900,2738600,3180981600,3187868300
46,1310,241756626184900,2983500,3226964600,3233851300
46,1326,241756677035900,2748500,3277815600,3284702300
46,1342,241756720725800,2760500,3321505500,3328392200
46,1358,241756764301700,2737200,3365081400,3371968100
46,1374,241756809330400,2627500,3410110100,3416996800
46,1390,241756855880400,2633600,3456660100,3463546800
46,1406,241756898246700,2607900,3499026400,3505913100
46,1422,241756940604600,2602800,3541384300,3548271000
46,1438,241756982934800,2620300,3583714500,3590601200
46,1454,241757030783100,2628300,3631562800,3638449500
46,1470,241757081364100,2686900,3682143800,3689030500
46,1486,241757124197100,3098200,3724976800,3731863500
46,1502,241757169027400,6112700,3769807100,3776693800
46,1518,241757215931400,2516600,3816711100,3823597800
46,1534,241757260575300,2945900,3861355000,3868241700
46,1550,241757308213500,2964000,3908993200,3915879900
46,1566,241757355035200,2800800,3955814900,3962701600
46,1582,241757399900800,2922300,4000680500,4007567200
46,1598,241757451751900,4470200,4052531600,4059418300
46,1614,241757497254700,2710800,4098034400,4104921100
46,1630,241757541821300,2882400,4142601000,4149487700
46,1646,241757592775400,3080600,4193555100,4200441800
46,1662,241757640167100,2783700,4240946800,4247833500
46,1678,241757683990900,2925900,4284770600,4291657300
46,1694,241757731689300,2870600,4332469000,4339355700
46,1710,241757777677200,2832600,4378456900,4385343600
46,1726,241757828915400,2704000,4429695100,4436581800
46,1742,241757875983700,2924700,4476763400,4483650100
46,1758,241757922766300,2761400,4523546000,4530432700
46,1774,241757968412700,3007100,4569192400,4576079100
46,1790,241758013862500,3124100,4614642200,4621528900
46,1806,241758060105200,2660400,4660884900,4667771600
46,1822,241758106483200,2850200,4707262900,4714149600
46,1838,241758152939500,2752000,4753719200,4760605900
46,1854,241758199129100,2726700,4799908800,4806795500
46,1870,241758247129800,2607900,4847909500,4854796200
46,1886,241758290369600,2766400,4891149300,4898036000
46,1902,241758337996000,2843700,4938775700,4945662400
46,1918,241758384504200,3006500,4985283900,4992170600
46,1934,241758430867000,3094500,5031646700,5038533400
46,1950,241758475189400,3108000,5075969100,5082855800
46,1966,241758519397800,2715200,5120177500,5127064200
46,1982,241758562510600,2789400,5163290300,5170177000
46,1998,241758613080400,2937600,5213860100,5220746800
46,2014,241758661068400,2616700,5261848100,5268734800
46,2030,241758708270100,2921500,5309049800,5315936500
46,2046,241758751969300,2611200,5352749000,5359635700
47,15,241753579631000,2204700,180410700,187297400
47,31,241753615493100,2251300,216272800,223159500
47,47,241753650655000,2351400,251434700,258321400
47,63,241753686330300,2205800,287110000,293996700
47,79,241753722032600,2291600,322812300,329699000
47,95,241753756822100,2109200,357601800,364488500
47,111,241753792422900,2142200,393202600,400089300
47,127,241753849136800,2120800,449916500,456803200
47,143,241753883388900,2108300,484168600,491055300
47,159,241753920450600,2195700,521230300,528117000
47,175,241753956855200,2185700,557634900,564521600
47,191,241753991872500,2134500,592652200,599538900
47,207,241754026414000,2160100,627193700,634080400
47,223,241754061920100,2221600,662699800,669586500
47,239,241754097056000,2171100,697835700,704722400
47,255,241754132446500,2279500,733226200,740112900
47,271,241754185391100,2151700,786170800,793057500
47,287,241754219596200,2128600,820375900,827262600
47,303,241754253507200,2089100,854286900,861173600
47,319,241754288695700,2311100,889475400,896362100
47,335,241754324365100,2319100,925144800,932031500
47,351,241754360871800,2238600,961651500,968538200
47,367,241754396195200,2117100,996974900,1003861600
47,383,241754430369400,2632900,1031149100,1038035800
47,399,241754483407400,2140400,1084187100,1091073800
47,415,241754517794800,2109000,1118574500,1125461200
47,431,241754552221900,2269200,1153001600,1159888300
47,447,241754586508200,2188000,1187287900,1194174600
47,463,241754620930200,2386200,1221709900,1228596600
47,479,241754656340000,2172000,1257119700,1264006400
47,495,241754690516400,2174800,1291296100,1298182800
47,511,241754725328600,2206000,1326108300,1332995000
47,527,241754780468500,2413200,1381248200,1388134900
47,543,241754817189400,2278000,1417969100,1424855800
47,559,241754851525400,2146000,1452305100,1459191800
47,575,241754885836600,2174000,1486616300,1493503000
47,591,241754921460200,2147300,1522239900,1529126600
47,607,241754955782100,2156600,1556561800,1563448500
47,623,241754989715200,2121200,1590494900,1597381600
47,639,241755027734000,2330000,1628513700,1635400400
47,655,241755064048600,21266300,1664828300,1671715000
47,671,241755120773800,2321200,1721553500,1728440200
47,687,241755157319200,2251200,1758098900,1764985600
47,703,241755192434400,2374400,1793214100,1800100800
47,719,241755227624400,2244700,1828404100,1835290800
47,735,241755262091400,2151100,1862871100,1869757800
47,751,241755297356400,2154000,1898136100,1905022800
47,767,241755333419400,2141100,1934199100,1941085800
47,783,241755368082700,2165200,1968862400,1975749100
47,799,241755423320500,2084400,2024100200,2030986900
47,815,241755457630900,2228100,2058410600,2065297300
47,831,241755493166000,2087300,2093945700,2100832400
47,847,241755528014500,2136100,2128794200,2135680900
47,863,241755563791500,2262400,2164571200,2171457900
47,879,241755599560400,2129400,2200340100,2207226800
47,895,241755635221700,2189700,2236001400,2242888100
47,911,241755669928500,2169200,2270708200,2277594900
47,927,241755726969200,2178600,2327748900,2334635600
47,943,241755762677500,2175800,2363457200,2370343900
47,959,241755798907700,2142600,2399687400,2406574100
47,975,241755834769700,2168300,2435549400,2442436100
47,991,241755869476400,2179800,2470256100,2477142800
47,1007,241755903907200,2116400,2504686900,2511573600
47,1023,241755939539500,2223900,2540319200,2547205900
47,1039,241755974369500,2233600,2575149200,2582035900
47,1055,241756009596500,8031400,2610376200,2617262900
47,1071,241756050217400,2662000,2650997100,2657883800
47,1087,241756086598000,2151900,2687377700,2694264400
47,1103,241756121588800,2209800,2722368500,2729255200
47,1119,241756157133800,2188800,2757913500,2764800200
47,1135,241756192801200,2156400,2793580900,2800467600
47,1151,241756227908900,2126300,2828688600,2835575300
47,1167,241756261984700,2140800,2862764400,2869651100
47,1183,241756295849200,2085400,2896628900,2903515600
47,1199,241756336061000,2138900,2936840700,2943727400
47,1215,241756371034700,2203700,2971814400,2978701100
47,1231,241756405149900,2095400,3005929600,3012816300
47,1247,241756446583700,3061400,3047363400,3054250100
47,1263,241756493006800,2574700,3093786500,3100673200
47,1279,241756535776800,2767800,3136556500,3143443200
47,1295,241756582304500,2758600,3183084200,3189970900
47,1311,241756628436200,2951500,3229215900,3236102600
47,1327,241756679144900,2776600,3279924600,3286811300
47,1343,241756722852600,2722800,3323632300,3330519000
47,1359,241756766381000,2734000,3367160700,3374047400
47,1375,241756811340500,2649500,3412120200,3419006900
47,1391,241756857892900,2688500,3458672600,3465559300
47,1407,241756900263700,2704800,3501043400,3507930100
47,1423,241756942617800,2595500,3543397500,3550284200
47,1439,241756984965600,2594700,3585745300,3592632000
47,1455,241757033529300,8359800,3634309000,3641195700
47,1471,241757084188300,2660400,3684968000,3691854700
47,1487,241757127471900,2998100,3728251600,3735138300
47,1503,241757175626100,2892500,3776405800,3783292500
47,1519,241757218560000,2478500,3819339700,3826226400
47,1535,241757263647200,2981000,3864426900,3871313600
47,1551,241757311303900,3001200,3912083600,3918970300
47,1567,241757357967700,2778600,3958747400,3965634100
47,1583,241757402940700,2761000,4003720400,4010607100
47,1599,241757456354600,2888800,4057134300,4064021000
47,1615,241757500236500,2744000,4101016200,4107902900
47,1631,241757544898600,2924700,4145678300,4152565000
47,1647,241757596019800,2799900,4196799500,4203686200
47,1663,241757643154800,2744900,4243934500,4250821200
47,1679,241757686997600,3091700,4287777300,4294664000
47,1695,241757734609300,2935400,4335389000,4342275700
47,1711,241757780560800,2938300,4381340500,4388227200
47,1727,241757831794000,3488200,4432573700,4439460400
47,1743,241757879039200,2952400,4479818900,4486705600
47,1759,241757925606900,2793400,4526386600,4533273300
47,1775,241757971545800,2892600,4572325500,4579212200
47,1791,241758017119900,3021000,4617899600,4624786300
47,1807,241758062868900,2741100,4663648600,4670535300
47,1823,241758109458900,2860500,4710238600,4717125300
47,1839,241758155844300,2676400,4756624000,4763510700
47,1855,241758201959900,8222400,4802739600,4809626300
47,1871,241758249932600,2599800,4850712300,4857599000
47,1887,241758293311700,2740800,4894091400,4900978100
47,1903,241758341077300,2855900,4941857000,4948743700
47,1919,241758387782700,3066100,4988562400,4995449100
47,1935,241758434219000,3026700,5034998700,5041885400
47,1951,241758478523000,2824400,5079302700,5086189400
47,1967,241758522300600,2693400,5123080300,5129967000
47,1983,241758565683200,2748400,5166462900,5173349600
47,1999,241758616426100,2940900,5217205800,5224092500
47,2015,241758664047100,2708900,5264826800,5271713500
47,2031,241758711669800,3006000,5312449500,5319336200
47,2047,241758755004000,4641200,5355783700,5362670400
48,0,241753537483500,7271300,138263200,145149900
48,16,241753581903200,2219300,182682900,189569600
48,32,241753617834700,2394000,218614400,225501100
48,48,241753653072000,2160400,253851700,260738400
48,64,241753688653800,2195000,289433500,296320200
48,80,241753724627900,2306600,325407600,332294300
48,96,241753759214100,2146800,359993800,366880500
48,112,241753794927100,2214000,395706800,402593500
48,128,241753851550900,2170600,452330600,459217300
48,144,241753885808700,2101100,486588400,493475100
48,160,241753923280600,2471600,524060300,530947000
48,176,241753959562000,2187000,560341700,567228400
48,192,241753994519400,2172200,595299100,602185800
48,208,241754029073100,2193500,629852800,636739500
48,224,241754064599500,2221200,665379200,672265900
48,240,241754099489300,2138300,700269000,707155700
48,256,241754135070000,19702400,735849700,742736400
48,272,241754187960000,2148600,788739700,795626400
48,288,241754222106100,2125600,822885800,829772500
48,304,241754256013400,2142300,856793100,863679800
48,320,241754291408500,2154500,892188200,899074900
48,336,241754327513100,2249600,928292800,935179500
48,352,241754363901100,2243500,964680800,971567500
48,368,241754399204500,2127000,999984200,1006870900
48,384,241754433755600,2167500,1034535300,1041422000
48,400,241754486514100,2123300,1087293800,1094180500
48,416,241754520877500,2099600,1121657200,1128543900
48,432,241754555446100,2106900,1156225800,1163112500
48,448,241754589655300,2196300,1190435000,1197321700
48,464,241754624249500,2273900,1225029200,1231915900
48,480,241754659442800,2133600,1260222500,1267109200
48,496,241754693625900,2110700,1294405600,1301292300
48,512,241754728453600,2167800,1329233300,1336120000
48,528,241754783899400,2317900,1384679100,1391565800
48,544,241754820522400,2102600,1421302100,1428188800
48,560,241754854831300,2140400,1455611000,1462497700
48,576,241754889558300,2624300,1490338000,1497224700
48,592,241754924807900,2148400,1525587600,1532474300
48,608,241754959117500,2147200,1559897200,1566783900
48,624,241754993045800,2366600,1593825500,1600712200
48,640,241755031353600,2366600,1632133300,1639020000
48,656,241755086850800,2412200,1687630500,1694517200
48,672,241755124498700,2181400,1725278400,1732165100
48,688,241755161014400,2105600,1761794100,1768680800
48,704,241755196421500,2229600,1797201200,1804087900
48,720,241755231446200,2248400,1832225900,1839112600
48,736,241755265903200,1975000,1866682900,1873569600
48,752,241755300902500,2316900,1901682200,1908568900
48,768,241755336658600,2154100,1937438300,1944325000
48,784,241755371382600,2241700,1972162300,1979049000
48,800,241755426533100,2097800,2027312800,2034199500
48,816,241755461183100,2194200,2061962800,2068849500
48,832,241755496444400,2120300,2097224100,2104110800
48,848,241755531349200,2144100,2132128900,2139015600
48,864,241755567417500,2422300,2168197200,2175083900
48,880,241755602881300,2136300,2203661000,2210547700
48,896,241755639240900,2222500,2240020600,2246907300
48,912,241755673830600,2272800,2274610300,2281497000
48,928,241755730805500,2346800,2331585200,2338471900
48,944,241755766595000,2365900,2367374700,2374261400
48,960,241755802588300,2247900,2403368000,2410254700
48,976,241755838611900,2281600,2439391600,2446278300
48,992,241755873351500,2139000,2474131200,2481017900
48,1008,241755907647000,2154900,2508426700,2515313400
48,1024,241755943261700,2150000,2544041400,2550928100
48,1040,241755977934400,2151300,2578714100,2585600800
48,1056,241756019124900,2234400,2619904600,2626791300
48,1072,241756054634900,2179700,2655414600,2662301300
48,1088,241756090104100,2154200,2690883800,2697770500
48,1104,241756125131200,2206100,2725910900,2732797600
48,1120,241756160683800,2223200,2761463500,2768350200
48,1136,241756196089600,2144000,2796869300,2803756000
48,1152,241756231046500,2112400,2831826200,2838712900
48,1168,241756265141000,2105200,2865920700,2872807400
48,1184,241756298932900,2121800,2899712600,2906599300
48,1200,241756339227000,2160300,2940006700,2946893400
48,1216,241756374224600,2160100,2975004300,2981891000
48,1232,241756408316600,2131500,3009096300,3015983000
48,1248,241756451266900,2990400,3052046600,3058933300
48,1264,241756497148700,2686700,3097928400,3104815100
48,1280,241756540214600,2619800,3140994300,3147881000
48,1296,241756586503400,3029500,3187283100,3194169800
48,1312,241756632909200,3043900,3233688900,3240575600
48,1328,241756683329600,2733600,3284109300,3290996000
48,1344,241756727098200,2729400,3327877900,3334764600
48,1360,241756770782700,2954500,3371562400,3378449100
48,1376,241756815423200,2602100,3416202900,3423089600
48,1392,241756862035900,2628100,3462815600,3469702300
48,1408,241756904373000,2649000,3505152700,3512039400
48,1424,241756946650400,2723100,3547430100,3554316800
48,1440,241756988952300,3453800,3589732000,3596618700
48,1456,241757045105200,4024300,3645884900,3652771600
48,1472,241757088674500,2680900,3689454200,3696340900
48,1488,241757132386100,2748100,3733165800,3740052500
48,1504,241757180440900,2735300,3781220600,3788107300
48,1520,241757222949200,2711600,3823728900,3830615600
48,1536,241757268699100,2979900,3869478800,3876365500
48,1552,241757316436800,2913200,3917216500,3924103200
48,1568,241757362598500,2699700,3963378200,3970264900
48,1584,241757407729600,2753900,4008509300,4015396000
48,1600,241757461213500,2718700,4061993200,4068879900
48,1616,241757504709100,2776300,4105488800,4112375500
48,1632,241757549773900,2942500,4150553600,4157440300
48,1648,241757600813600,2857100,4201593300,4208480000
48,1664,241757647781000,2764700,4248560700,4255447400
48,1680,241757692225100,3046300,4293004800,4299891500
48,1696,241757739632100,2963200,4340411800,4347298500
48,1712,241757785518600,2834000,4386298300,4393185000
48,1728,241757837021800,2823100,4437801500,4444688200
48,1744,241757884009300,2957000,4484789000,4491675700
48,1760,241757930161000,2743400,4530940700,4537827400
48,1776,241757976282500,2950700,4577062200,4583948900
48,1792,241758022076400,2957100,4622856100,4629742800
48,1808,241758067537300,3143100,4668317000,4675203700
48,1824,241758114084200,3024000,4714863900,4721750600
48,1840,241758160225900,2839400,4761005600,4767892300
48,1856,241758211817800,2684100,4812597500,4819484200
48,1872,241758254150100,2690000,4854929800,4861816500
48,1888,241758297775300,2776800,4898555000,4905441700
48,1904,241758345684300,2688000,4946464000,4953350700
48,1920,241758392716900,3018500,4993496600,5000383300
48,1936,241758439150500,3011000,5039930200,5046816900
48,1952,241758482935600,2630700,5083715300,5090602000
48,1968,241758526746400,2672300,5127526100,5134412800
48,1984,241758569883300,2764200,5170663000,5177549700
48,2000,241758621487200,2954900,5222266900,5229153600
48,2016,241758668677700,3033600,5269457400,5276344100
48,2032,241758716845800,2881200,5317625500,5324512200
49,1,241753544804800,2390100,145584500,152471200
49,17,241753584092300,2187100,184872000,191758700
49,33,241753620115400,2226700,220895100,227781800
49,49,241753655267400,2120400,256047100,262933800
49,65,241753690789500,2148200,291569200,298455900
49,81,241753726783600,2253000,327563300,334450000
49,97,241753761214800,2195700,361994500,368881200
49,113,241753797036100,2264700,397815800,404702500
49,129,241753853636600,2137600,454416300,461303000
49,145,241753887854100,2149800,488633800,495520500
49,161,241753925686000,2413300,526465700,533352400
49,177,241753961689100,2153800,562468800,569355500
49,193,241753996661300,2121000,597441000,604327700
49,209,241754031509000,2145500,632288700,639175400
49,225,241754067079600,2239300,667859300,674746000
49,241,241754101951000,2127100,702730700,709617400
49,257,241754155284900,2270400,756064600,762951300
49,273,241754190591100,2153400,791370800,798257500
49,289,241754224707200,2093800,825486900,832373600
49,305,241754258600100,2187400,859379800,866266500
49,321,241754293961000,2100400,894740700,901627400
49,337,241754330300800,2238000,931080500,937967200
49,353,241754366699700,2256100,967479400,974366100
49,369,241754402140700,2126200,1002920400,1009807100
49,385,241754436781800,2119700,1037561500,1044448200
49,401,241754489532800,2136300,1090312500,1097199200
49,417,241754523876800,2133600,1124656500,1131543200
49,433,241754558353300,2068600,1159133000,1166019700
49,449,241754592679900,2136700,1193459600,1200346300
49,465,241754627374100,2555200,1228153800,1235040500
49,481,241754662392100,2124900,1263171800,1270058500
49,497,241754696551100,2068900,1297330800,1304217500
49,513,241754731460200,2208600,1332239900,1339126600
49,529,241754787080700,2364100,1387860400,1394747100
49,545,241754823330700,2199100,1424110400,1430997100
49,561,241754857559700,2100000,1458339400,1465226100
49,577,241754892816000,2326800,1493595700,1500482400
49,593,241754927528800,2144500,1528308500,1535195200
49,609,241754961855600,2091900,1562635300,1569522000
49,625,241754995977000,3468100,1596756700,1603643400
49,641,241755034244500,2170500,1635024200,1641910900
49,657,241755089981200,2615300,1690760900,1697647600
49,673,241755127173800,2236200,1727953500,1734840200
49,689,241755163530000,2108300,1764309700,1771196400
49,705,241755198833000,2071300,1799612700,1806499400
49,721,241755233822700,2150600,1834602400,1841489100
49,737,241755268190800,2191800,1868970500,1875857200
49,753,241755303553700,2094100,1904333400,1911220100
49,769,241755339319000,2289800,1940098700,1946985400
49,785,241755374191700,2430400,1974971400,1981858100
49,801,241755429182800,2127600,2029962500,2036849200
49,817,241755463893400,2194200,2064673100,2071559800
49,833,241755499182200,2205400,2099961900,2106848600
49,849,241755534254000,2247300,2135033700,2141920400
49,865,241755570500800,2261500,2171280500,2178167200
49,881,241755605667400,2229700,2206447100,2213333800
49,897,241755642039700,2200600,2242819400,2249706100
49,913,241755676700100,2147300,2277479800,2284366500
49,929,241755733667300,2285000,2334447000,2341333700
49,945,241755769481900,2236800,2370261600,2377148300
49,961,241755805421700,2411300,2406201400,2413088100
49,977,241755841502800,2264400,2442282500,2449169200
49,993,241755876023600,2173100,2476803300,2483690000
49,1009,241755910327900,2125800,2511107600,2517994300
49,1025,241755946003300,2114900,2546783000,2553669700
49,1041,241755980751400,2172200,2581531100,2588417800
49,1057,241756021892800,2116800,2622672500,2629559200
49,1073,241756057248500,2244100,2658028200,2664914900
49,1089,241756092758800,2154400,2693538500,2700425200
49,1105,241756127990900,2310500,2728770600,2735657300
49,1121,241756163550900,2272800,2764330600,2771217300
49,1137,241756198868500,2094300,2799648200,2806534900
49,1153,241756233825300,2137300,2834605000,2841491700
49,1169,241756267911400,2120600,2868691100,2875577800
49,1185,241756301732800,2181300,2902512500,2909399200
49,1201,241756342078900,2203000,2942858600,2949745300
49,1217,241756377129200,2173300,2977908900,2984795600
49,1233,241756411050600,2132100,3011830300,3018717000
49,1249,241756454997000,3032300,3055776700,3062663400
49,1265,241756499888300,2600300,3100668000,3107554700
49,1281,241756542886000,2739500,3143665700,3150552400
49,1297,241756589569300,2973900,3190349000,3197235700
49,1313,241756636065600,2902500,3236845300,3243732000
49,1329,241756686108600,2683900,3286888300,3293775000
49,1345,241756729767100,2756100,3330546800,3337433500
49,1361,241756773655300,2804300,3374435000,3381321700
49,1377,241756817957100,3212800,3418736800,3425623500
49,1393,241756864592700,2629100,3465372400,3472259100
49,1409,241756906949200,2603800,3507728900,3514615600
49,1425,241756949301400,2672100,3550081100,3556967800
49,1441,241756992293800,2926700,3593073500,3599960200
49,1457,241757049269500,2612500,3650049200,3656935900
49,1473,241757091500100,2669400,3692279800,3699166500
49,1489,241757135290400,2839400,3736070100,3742956800
49,1505,241757183284900,2799700,3784064600,3790951300
49,1521,241757225798500,2737100,3826578200,3833464900
49,1537,241757271814200,2951300,3872593900,3879480600
49,1553,241757319435000,2929300,3920214700,3927101400
49,1569,241757365429300,2782600,3966209000,3973095700
49,1585,241757410605200,2837700,4011384900,4018271600
49,1601,241757464118200,2710600,4064897900,4071784600
49,1617,241757507694600,2700200,4108474300,4115361000
49,1633,241757552930200,2839500,4153709900,4160596600
49,1649,241757603841200,3013500,4204620900,4211507600
49,1665,241757650658600,2719400,4251438300,4258325000
49,1681,241757695446200,3037000,4296225900,4303112600
49,1697,241757742763400,2914600,4343543100,4350429800
49,1713,241757788494400,2737200,4389274100,4396160800
49,1729,241757839926800,2762900,4440706500,4447593200
49,1745,241757887134300,2946200,4487914000,4494800700
49,1761,241757933121400,2751300,4533901100,4540787800
49,1777,241757979485800,2958400,4580265500,4587152200
49,1793,241758025245500,3020000,4626025200,4632911900
49,1809,241758070862100,2747900,4671641800,4678528500
49,1825,241758117307500,2962600,4718087200,4724973900
49,1841,241758163291800,2952900,4764071500,4770958200
49,1857,241758214757500,2661600,4815537200,4822423900
49,1873,241758257052100,2667800,4857831800,4864718500
49,1889,241758300773000,2758000,4901552700,4908439400
49,1905,241758348662300,2726400,4949442000,4956328700
49,1921,241758396037900,3043800,4996817600,5003704300
49,1937,241758442465800,2996100,5043245500,5050132200
49,1953,241758485847400,2706300,5086627100,5093513800
49,1969,241758529695300,2676300,5130475000,5137361700
49,1985,241758572921400,2812200,5173701100,5180587800
49,2001,241758624360000,3018900,5225139700,5232026400
49,2017,241758671622600,3057200,5272402300,5279289000
49,2033,241758719653400,2940100,5320433100,5327319800
50,2,241753547232000,2359400,148011700,154898400
50,18,241753586342300,2199700,187122000,194008700
50,34,241753622495200,2320400,223274900,230161600
50,50,241753657504900,2170300,258284600,265171300
50,66,241753693238400,2134400,294018100,300904800
50,82,241753729297800,2209300,330077500,336964200
50,98,241753763652600,2195700,364432300,371319000
50,114,241753799491500,2324100,400271200,407157900
50,130,241753855973400,2119700,456753100,463639800
50,146,241753890157000,2093600,490936700,497823400
50,162,241753927700800,2253300,528480500,535367200
50,178,241753963483900,2109000,564263600,571150300
50,194,241753998439900,2118900,599219600,606106300
50,210,241754033134000,2258900,633913700,640800400
50,226,241754068705600,2261100,669485300,676372000
50,242,241754103562000,2125900,704341700,711228400
50,258,241754156915500,2160200,757695200,764581900
50,274,241754192063100,2152900,792842800,799729500
50,290,241754226155800,2141000,826935500,833822200
50,306,241754260324000,2174700,861103700,867990400
50,322,241754295640400,2140200,896420100,903306800
50,338,241754331464200,2205900,932243900,939130600
50,354,241754367953900,2245600,968733600,975620300
50,370,241754403003100,2167900,1003782800,1010669500
50,386,241754437659900,2115700,1038439600,1045326300
50,402,241754490400900,2128200,1091180600,1098067300
50,418,241754524777300,2099400,1125557000,1132443700
50,434,241754559363200,2094200,1160142900,1167029600
50,450,241754593729300,2154600,1194509000,1201395700
50,466,241754628619500,2297100,1229399200,1236285900
50,482,241754663371100,2122600,1264150800,1271037500
50,498,241754697429800,2261100,1298209500,1305096200
50,514,241754732429400,2170700,1333209100,1340095800
50,530,241754788147800,2401100,1388927500,1395814200
50,546,241754824385800,2202700,1425165500,1432052200
50,562,241754858617900,2080400,1459397600,1466284300
50,578,241754893891000,2308900,1494670700,1501557400
50,594,241754928543400,2112200,1529323100,1536209800
50,610,241754962847900,2097700,1563627600,1570514300
50,626,241754997880500,2652400,1598660200,1605546900
50,642,241755035186700,2243200,1635966400,1642853100
50,658,241755091353900,2582200,1692133600,1699020300
50,674,241755128304000,2243600,1729083700,1735970400
50,690,241755164644500,2134900,1765424200,1772310900
50,706,241755199853700,2171100,1800633400,1807520100
50,722,241755235158200,2154200,1835937900,1842824600
50,738,241755269547000,2203600,1870326700,1877213400
50,754,241755304920500,2152100,1905700200,1912586900
50,770,241755340846300,2325500,1941626000,1948512700
50,786,241755375631500,2242100,1976411200,1983297900
50,802,241755430465800,2143700,2031245500,2038132200
50,818,241755465311700,2147100,2066091400,2072978100
50,834,241755500464700,2194800,2101244400,2108131100
50,850,241755535676400,2243400,2136456100,2143342800
50,866,241755571922400,2172600,2172702100,2179588800
50,882,241755606973600,2222100,2207753300,2214640000
50,898,241755643463300,2144900,2244243000,2251129700
50,914,241755678074000,2175400,2278853700,2285740400
50,930,241755735568000,2398600,2336347700,2343234400
50,946,241755771400100,2135400,2372179800,2379066500
50,962,241755807421200,2508800,2408200900,2415087600
50,978,241755843353500,2194100,2444133200,2451019900
50,994,241755877795800,2121200,2478575500,2485462200
50,1010,241755912050800,2071600,2512830500,2519717200
50,1026,241755947674600,2158100,2548454300,2555341000
50,1042,241755982523300,2143300,2583303000,2590189700
50,1058,241756023589500,2202700,2624369200,2631255900
50,1074,241756058967600,2163700,2659747300,2666634000
50,1090,241756094425600,2140200,2695205300,2702092000
50,1106,241756129922800,2149000,2730702500,2737589200
50,1122,241756165387100,2177500,2766166800,2773053500
50,1138,241756200536400,2095700,2801316100,2808202800
50,1154,241756235420500,2098300,2836200200,2843086900
50,1170,241756269495900,2124100,2870275600,2877162300
50,1186,241756303344900,2144700,2904124600,2911011300
50,1202,241756343652100,2160500,2944431800,2951318500
50,1218,241756378652700,2161700,2979432400,2986319100
50,1234,241756412496200,2636000,3013275900,3020162600
50,1250,241756457222000,3018200,3058001700,3064888400
50,1266,241756502170200,2634500,3102949900,3109836600
50,1282,241756545244000,2859700,3146023700,3152910400
50,1298,241756592435400,2714500,3193215100,3200101800
50,1314,241756638793700,2890000,3239573400,3246460100
50,1330,241756688691200,2718600,3289470900,3296357600
50,1346,241756732453900,2687100,3333233600,3340120300
50,1362,241756776377600,2955600,3377157300,3384044000
50,1378,241756821086300,5638700,3421866000,3428752700
50,1394,241756867155200,2726300,3467934900,3474821600
50,1410,241756909489800,2575100,3510269500,3517156200
50,1426,241756951905600,2600800,3552685300,3559572000
50,1442,241756995182500,3076400,3595962200,3602848900
50,1458,241757052585600,2661700,3653365300,3660252000
50,1474,241757094929300,2599900,3695709000,3702595700
50,1490,241757138943700,2663400,3739723400,3746610100
50,1506,241757186876000,2600600,3787655700,3794542400
50,1522,241757229281000,2715400,3830060700,3836947400
50,1538,241757275609100,2953800,3876388800,3883275500
50,1554,241757323207300,2899100,3923987000,3930873700
50,1570,241757369040600,2735200,3969820300,3976707000
50,1586,241757414381800,2953100,4015161500,4022048200
50,1602,241757467509300,2792800,4068289000,4075175700
50,1618,241757511036200,2604500,4111815900,4118702600
50,1634,241757556418000,5577800,4157197700,4164084400
50,1650,241757607583700,2958300,4208363400,4215250100
50,1666,241757654072800,2484400,4254852500,4261739200
50,1682,241757699358900,3022900,4300138600,4307025300
50,1698,241757746504600,2706500,4347284300,4354171000
50,1714,241757791975100,2738100,4392754800,4399641500
50,1730,241757843452800,2645300,4444232500,4451119200
50,1746,241757890777800,2926000,4491557500,4498444200
50,1762,241757936473800,2772700,4537253500,4544140200
50,1778,241757983121600,2923100,4583901300,4590788000
50,1794,241758028970900,2967500,4629750600,4636637300
50,1810,241758074308400,2915200,4675088100,4681974800
50,1826,241758120958200,2903100,4721737900,4728624600
50,1842,241758167014500,2995300,4767794200,4774680900
50,1858,241758218089200,2584200,4818868900,4825755600
50,1874,241758260383200,2591900,4861162900,4868049600
50,1890,241758304202100,2989500,4904981800,4911868500
50,1906,241758352106200,2724900,4952885900,4959772600
50,1922,241758399941300,3109600,5000721000,5007607700
50,1938,241758446239300,2644100,5047019000,5053905700
50,1954,241758489224600,2720700,5090004300,5096891000
50,1970,241758533085400,2736100,5133865100,5140751800
50,1986,241758576465200,3006400,5177244900,5184131600
50,2002,241758628099300,3075800,5228879000,5235765700
50,2018,241758675413000,2826900,5276192700,5283079400
50,2034,241758723190200,2927600,5323969900,5330856600
51,3,241753549628000,2334500,150407700,157294400
51,19,241753588577900,2182800,189357600,196244300
51,35,241753624851600,2227200,225631300,232518000
51,51,241753659646300,2152800,260426000,267312700
51,67,241753695315900,2147200,296095600,302982300
51,83,241753731605600,2229400,332385300,339272000
51,99,241753765943300,2252800,366723000,373609700
51,115,241753802014400,2266100,402794100,409680800
51,131,241753858266600,2138400,459046300,465933000
51,147,241753892434900,2108900,493214600,500101300
51,163,241753929710900,2165500,530490600,537377300
51,179,241753965339500,2124300,566119200,573005900
51,195,241754000263800,2084900,601043500,607930200
51,211,241754035069500,2308400,635849200,642735900
51,227,241754070794200,2239300,671573900,678460600
51,243,241754105522800,2098100,706302500,713189200
51,259,241754158787900,2216400,759567600,766454300
51,275,241754193729400,2137300,794509100,801395800
51,291,241754227796500,2139400,828576200,835462900
51,307,241754261833300,2239400,862613000,869499700
51,323,241754297132800,2161400,897912500,904799200
51,339,241754333115600,2278500,933895300,940782000
51,355,241754369410700,2205400,970190400,977077100
51,371,241754404421100,2155300,1005200800,1012087500
51,387,241754439051400,2163100,1039831100,1046717800
51,403,241754491701500,2173200,1092481200,1099367900
51,419,241754526042700,2122300,1126822400,1133709100
51,435,241754560483700,2088800,1161263400,1168150100
51,451,241754594848800,2155400,1195628500,1202515200
51,467,241754629885700,2253500,1230665400,1237552100
51,483,241754664580900,2127300,1265360600,1272247300
51,499,241754698716000,2346200,1299495700,1306382400
51,515,241754733760500,2231700,1334540200,1341426900
51,531,241754789516000,2348900,1390295700,1397182400
51,547,241754825674000,2232200,1426453700,1433340400
51,563,241754859828400,2167600,1460608100,1467494800
51,579,241754895328800,2265400,1496108500,1502995200
51,595,241754929852500,2145800,1530632200,1537518900
51,611,241754964130700,2139400,1564910400,1571797100
51,627,241754999558800,2476600,1600338500,1607225200
51,643,241755036545500,2231600,1637325200,1644211900
51,659,241755092841100,2322700,1693620800,1700507500
51,675,241755129610500,2184400,1730390200,1737276900
51,691,241755165820800,2105400,1766600500,1773487200
51,707,241755201599900,2168900,1802379600,1809266300
51,723,241755236772500,2153300,1837552200,1844438900
51,739,241755271246300,2167500,1872026000,1878912700
51,755,241755306661900,2127400,1907441600,1914328300
51,771,241755342450900,2253800,1943230600,1950117300
51,787,241755377323900,21530000,1978103600,1984990300
51,803,241755432150300,2126800,2032930000,2039816700
51,819,241755467001000,2216100,2067780700,2074667400
51,835,241755502205700,2074700,2102985400,2109872100
51,851,241755537237200,2250200,2138016900,2144903600
51,867,241755573317700,2269000,2174097400,2180984100
51,883,241755608405800,2404400,2209185500,2216072200
51,899,241755644382700,2098900,2245162400,2252049100
51,915,241755679004200,2148400,2279783900,2286670600
51,931,241755736368100,2387600,2337147800,2344034500
51,947,241755772086100,2179000,2372865800,2379752500
51,963,241755808277100,2405600,2409056800,2415943500
51,979,241755844202900,2182600,2444982600,2451869300
51,995,241755878610300,2105100,2479390000,2486276700
51,1011,241755912892000,2195800,2513671700,2520558400
51,1027,241755948501800,2135000,2549281500,2556168200
51,1043,241755983392500,2121000,2584172200,2591058900
51,1059,241756024446600,2304000,2625226300,2632113000
51,1075,241756059902200,2117900,2660681900,2667568600
51,1091,241756095261900,2110900,2696041600,2702928300
51,1107,241756130666100,2144400,2731445800,2738332500
51,1123,241756166102000,2181700,2766881700,2773768400
51,1139,241756201196000,2099100,2801975700,2808862400
51,1155,241756236165900,2092900,2836945600,2843832300
51,1171,241756270239700,2129300,2871019400,2877906100
51,1187,241756304124600,2108100,2904904300,2911791000
51,1203,241756344401300,2136900,2945181000,2952067700
51,1219,241756379422100,2178400,2980201800,2987088500
51,1235,241756413352200,2890600,3014131900,3021018600
51,1251,241756458375300,3067200,3059155000,3066041700
51,1267,241756503206800,2605700,3103986500,3110873200
51,1283,241756546406800,2781400,3147186500,3154073200
51,1299,241756593440700,2756800,3194220400,3201107100
51,1315,241756640007900,2918000,3240787600,3247674300
51,1331,241756689731500,2735300,3290511200,3297397900
51,1347,241756733518400,2707700,3334298100,3341184800
51,1363,241756777539400,2931800,3378319100,3385205800
51,1379,241756823499300,4252200,3424279000,3431165700
51,1395,241756868176400,2773700,3468956100,3475842800
51,1411,241756910495900,2590000,3511275600,3518162300
51,1427,241756952891200,2618600,3553670900,3560557600
51,1443,241756995952500,3374700,3596732200,3603618900
51,1459,241757051633300,2578000,3652413000,3659299700
51,1475,241757093915900,2624900,3694695600,3701582300
51,1491,241757137828400,2801600,3738608100,3745494800
51,1507,241757185712900,2761000,3786492600,3793379300
51,1523,241757228239800,2690000,3829019500,3835906200
51,1539,241757274440500,2956200,3875220200,3882106900
51,1555,241757322033700,2917300,3922813400,3929700100
51,1571,241757367943500,2746300,3968723200,3975609900
51,1587,241757413138000,2976400,4013917700,4020804400
51,1603,241757466481700,2750900,4067261400,4074148100
51,1619,241757510063200,2604800,4110842900,4117729600
51,1635,241757555441900,5325400,4156221600,4163108300
51,1651,241757606480800,2963600,4207260500,4214147200
51,1667,241757653069800,2716700,4253849500,4260736200
51,1683,241757698141200,3063800,4298920900,4305807600
51,1699,241757745348500,2835000,4346128200,4353014900
51,1715,241757790939800,2714400,4391719500,4398606200
51,1731,241757842365400,2715600,4443145100,4450031800
51,1747,241757889617300,2958000,4490397000,4497283700
51,1763,241757935402600,2780500,4536182300,4543069000
51,1779,241757981948200,2955300,4582727900,4589614600
51,1795,241758027883300,3029400,4628663000,4635549700
51,1811,241758073222000,2933600,4674001700,4680888400
51,1827,241758119865000,2922000,4720644700,4727531400
51,1843,241758165845900,2896900,4766625600,4773512300
51,1859,241758217012800,2626500,4817792500,4824679200
51,1875,241758259313500,2630600,4860093200,4866979900
51,1891,241758303073500,2998300,4903853200,4910739900
51,1907,241758350896600,2774900,4951676300,4958563000
51,1923,241758398617200,3180400,4999396900,5006283600
51,1939,241758445004700,2868000,5045784400,5052671100
51,1955,241758488199800,2656300,5088979500,5095866200
51,1971,241758532011200,2726700,5132790900,5139677600
51,1987,241758575323300,2791400,5176103000,5182989700
51,2003,241758626828900,3068300,5227608600,5234495300
51,2019,241758674141800,2941500,5274921500,5281808200
51,2035,241758722133300,2790200,5322913000,5329799700
52,4,241753551998100,2380600,152777800,159664500
52,20,241753590796700,2224600,191576400,198463100
52,36,241753627143700,2137900,227923400,234810100
52,52,241753661862400,2215200,262642100,269528800
52,68,241753697431800,2237800,298211500,305098200
52,84,241753733544400,2195600,334324100,341210800
52,100,241753767813400,2339100,368593100,375479800
52,116,241753803824900,2225400,404604600,411491300
52,132,241753859975800,2315400,460755500,467642200
52,148,241753894103800,2082200,494883500,501770200
52,164,241753932527500,2283000,533307200,540193900
52,180,241753968127900,2156700,568907600,575794300
52,196,241754003051300,2122300,603831000,610717700
52,212,241754038117400,2226600,638897100,645783800
52,228,241754073757200,2426700,674536900,681423600
52,244,241754108446800,2102600,709226500,716113200
52,260,241754162075800,2304200,762855500,769742200
52,276,241754196999500,2119300,797779200,804665900
52,292,241754231041500,2102400,831821200,838707900
52,308,241754265270100,2226700,866049800,872936500
52,324,241754300464300,2119800,901244000,908130700
52,340,241754336348400,2349500,937128100,944014800
52,356,241754372701800,2100700,973481500,980368200
52,372,241754407604100,2108900,1008383800,1015270500
52,388,241754442215700,2136700,1042995400,1049882100
52,404,241754495188900,2338100,1095968600,1102855300
52,420,241754529238000,2077600,1130017700,1136904400
52,436,241754563694000,2075300,1164473700,1171360400
52,452,241754598181100,2128800,1198960800,1205847500
52,468,241754633289000,2147100,1234068700,1240955400
52,484,241754667838500,2114500,1268618200,1275504900
52,500,241754702216000,2121700,1302995700,1309882400
52,516,241754736992400,2130800,1337772100,1344658800
52,532,241754793096500,2381800,1393876200,1400762900
52,548,241754829101300,2123300,1429881000,1436767700
52,564,241754863199000,2129900,1463978700,1470865400
52,580,241754898822600,2177000,1499602300,1506489000
52,596,241754933154800,2156500,1533934500,1540821200
52,612,241754967399500,2141100,1568179200,1575065900
52,628,241755003297800,2292900,1604077500,1610964200
52,644,241755039897300,2192000,1640677000,1647563700
52,660,241755096262700,2248800,1697042400,1703929100
52,676,241755132927000,2214500,1733706700,1740593400
52,692,241755169275200,2312700,1770054900,1776941600
52,708,241755204490400,2168900,1805270100,1812156800
52,724,241755239497400,2168600,1840277100,1847163800
52,740,241755273973800,2090400,1874753500,1881640200
52,756,241755309091100,2132800,1909870800,1916757500
52,772,241755345109200,2125000,1945888900,1952775600
52,788,241755399385800,2604700,2000165500,2007052200
52,804,241755434577800,2081700,2035357500,2042244200
52,820,241755469333000,2244700,2070112700,2076999400
52,836,241755504443800,2518800,2105223500,2112110200
52,852,241755539935900,2262400,2140715600,2147602300
52,868,241755575927000,2195200,2176706700,2183593400
52,884,241755610907600,2167500,2211687300,2218574000
52,900,241755647213400,2147500,2247993100,2254879800
52,916,241755681865400,2449700,2282645100,2289531800
52,932,241755739366200,2176500,2340145900,2347032600
52,948,241755775109800,2358900,2375889500,2382776200
52,964,241755811586400,2239800,2412366100,2419252800
52,980,241755847057100,2130100,2447836800,2454723500
52,996,241755881376600,2130500,2482156300,2489043000
52,1012,241755915792000,2277700,2516571700,2523458400
52,1028,241755951171100,2160100,2551950800,2558837500
52,1044,241755986154600,2265900,2586934300,2593821000
52,1060,241756027340100,2133100,2628119800,2635006500
52,1076,241756062958100,2166200,2663737800,2670624500
52,1092,241756098200500,2143500,2698980200,2705866900
52,1108,241756133661200,2177900,2734440900,2741327600
52,1124,241756169265900,2265900,2770045600,2776932300
52,1140,241756204210300,2128300,2804990000,2811876700
52,1156,241756239218400,2132400,2839998100,2846884800
52,1172,241756273276100,2118400,2874055800,2880942500
52,1188,241756307145200,7635500,2907924900,2914811600
52,1204,241756347581900,2103900,2948361600,2955248300
52,1220,241756382673500,2134700,2983453200,2990339900
52,1236,241756417561100,2687900,3018340800,3025227500
52,1252,241756462938000,3036400,3063717700,3070604400
52,1268,241756507021900,2661400,3107801600,3114688300
52,1284,241756550461600,2690000,3151241300,3158128000
52,1300,241756597563300,2633700,3198343000,3205229700
52,1316,241756644479200,2808900,3245258900,3252145600
52,1332,241756693807900,2711600,3294587600,3301474300
52,1348,241756737554200,2736100,3338333900,3345220600
52,1364,241756781890500,2944300,3382670200,3389556900
52,1380,241756829086100,2737500,3429865800,3436752500
52,1396,241756872274000,2580600,3473053700,3479940400
52,1412,241756914443600,2600200,3515223300,3522110000
52,1428,241756956866500,2642700,3557646200,3564532900
52,1444,241757001553800,2987300,3602333500,3609220200
52,1460,241757057478100,2587500,3658257800,3665144500
52,1476,241757099864600,2627700,3700644300,3707531000
52,1492,241757144134900,2972600,3744914600,3751801300
52,1508,241757191758000,2629100,3792537700,3799424400
52,1524,241757234336100,2730800,3835115800,3842002500
52,1540,241757281065900,2954800,3881845600,3888732300
52,1556,241757328527600,2887600,3929307300,3936194000
52,1572,241757374025800,2656900,3974805500,3981692200
52,1588,241757419755900,8496100,4020535600,4027422300
52,1604,241757472624700,2617300,4073404400,4080291100
52,1620,241757515850100,2601500,4116629800,4123516500
52,1636,241757564841700,3095900,4165621400,4172508100
52,1652,241757613144900,2949300,4213924600,4220811300
52,1668,241757658907200,2690300,4259686900,4266573600
52,1684,241757704867100,3078100,4305646800,4312533500
52,1700,241757751448600,3018400,4352228300,4359115000
52,1716,241757797065200,3042000,4397844900,4404731600
52,1732,241757848699200,2889500,4449478900,4456365600
52,1748,241757896417200,2943300,4497196900,4504083600
52,1764,241757941884100,2679300,4542663800,4549550500
52,1780,241757988682500,2651000,4589462200,4596348900
52,1796,241758034702400,2906200,4635482100,4642368800
52,1812,241758079889700,2929000,4680669400,4687556100
52,1828,241758126428700,2833700,4727208400,4734095100
52,1844,241758172727600,3071000,4773507300,4780394000
52,1860,241758222946200,2659900,4823725900,4830612600
52,1876,241758265264800,2655400,4866044500,4872931200
52,1892,241758309562400,2746500,4910342100,4917228800
52,1908,241758357139200,2715800,4957918900,4964805600
52,1924,241758405711300,3019100,5006491000,5013377700
52,1940,241758451154200,2564200,5051933900,5058820600
52,1956,241758494195600,2856800,5094975300,5101862000
52,1972,241758538080200,2636400,5138859900,5145746600
52,1988,241758581826300,8260200,5182606000,5189492700
52,2004,241758633590300,2972200,5234370000,5241256700
52,2020,241758680637600,3065400,5281417300,5288304000
52,2036,241758728324200,2609700,5329103900,5335990600
53,5,241753554441200,3581200,155220900,162107600
53,21,241753593087700,2173700,193867400,200754100
53,37,241753629314600,2188200,230094300,236981000
53,53,241753664113900,2126500,264893600,271780300
53,69,241753699607900,2267500,300387600,307274300
53,85,241753735803000,2136600,336582700,343469400
53,101,241753770212000,2312400,370991700,377878400
53,117,241753806383000,2177600,407162700,414049400
53,133,241753862529200,2148200,463308900,470195600
53,149,241753896419600,2389800,497199300,504086000
53,165,241753934579000,2199000,535358700,542245400
53,181,241753970087700,2211500,570867400,577754100
53,197,241754004919600,2174700,605699300,612586000
53,213,241754040137000,2191300,640916700,647803400
53,229,241754075828600,2255900,676608300,683495000
53,245,241754110238100,2154500,711017800,717904500
53,261,241754164145100,2214700,764924800,771811500
53,277,241754198768800,2138000,799548500,806435200
53,293,241754232792600,2119000,833572300,840459000
53,309,241754267057200,2195500,867836900,874723600
53,325,241754302226200,2189500,903005900,909892600
53,341,241754338810700,2341700,939590400,946477100
53,357,241754374833900,2165400,975613600,982500300
53,373,241754409828900,2127400,1010608600,1017495300
53,389,241754444475500,19867600,1045255200,1052141900
53,405,241754497699900,2136800,1098479600,1105366300
53,421,241754531482200,2094600,1132261900,1139148600
53,437,241754566154900,2103900,1166934600,1173821300
53,453,241754600715900,2082200,1201495600,1208382300
53,469,241754635848800,2154700,1236628500,1243515200
53,485,241754670313300,2062800,1271093000,1277979700
53,501,241754704717800,2130800,1305497500,1312384200
53,517,241754739482300,2413500,1340262000,1347148700
53,533,241754795756600,2237700,1396536300,1403423000
53,549,241754831449800,2115900,1432229500,1439116200
53,565,241754865552600,2221700,1466332300,1473219000
53,581,241754901202500,2195200,1501982200,1508868900
53,597,241754935564000,2137900,1536343700,1543230400
53,613,241754969784400,2147900,1570564100,1577450800
53,629,241755006056700,2465900,1606836400,1613723100
53,645,241755042556200,2356800,1643335900,1650222600
53,661,241755098889400,2249600,1699669100,1706555800
53,677,241755135401200,2176600,1736180900,1743067600
53,693,241755171828700,2231600,1772608400,1779495100
53,709,241755206851700,2154600,1807631400,1814518100
53,725,241755241734400,2094000,1842514100,1849400800
53,741,241755276189100,2165100,1876968800,1883855500
53,757,241755311525100,2471600,1912304800,1919191500
53,773,241755347382000,2104400,1948161700,1955048400
53,789,241755402051900,2513600,2002831600,2009718300
53,805,241755436630200,2098600,2037409900,2044296600
53,821,241755471757100,2222300,2072536800,2079423500
53,837,241755507112800,2318700,2107892500,2114779200
53,853,241755542382100,2181500,2143161800,2150048500
53,869,241755578363000,2153400,2179142700,2186029400
53,885,241755613357400,2257200,2214137100,2221023800
53,901,241755649780200,2104400,2250559900,2257446600
53,917,241755684815300,2200200,2285595000,2292481700
53,933,241755742021400,2150800,2342801100,2349687800
53,949,241755777910100,2170500,2378689800,2385576500
53,965,241755814301800,2249000,2415081500,2421968200
53,981,241755849658000,2123400,2450437700,2457324400
53,997,241755883973300,2134100,2484753000,2491639700
53,1013,241755918546700,2284100,2519326400,2526213100
53,1029,241755953956600,2175100,2554736300,2561623000
53,1045,241755988861600,2215300,2589641300,2596528000
53,1061,241756029832400,2142500,2630612100,2637498800
53,1077,241756065389500,2249400,2666169200,2673055900
53,1093,241756100659500,2144400,2701439200,2708325900
53,1109,241756136168800,2144800,2736948500,2743835200
53,1125,241756171809200,2224700,2772588900,2779475600
53,1141,241756206673900,2521700,2807453600,2814340300
53,1157,241756241676800,2103700,2842456500,2849343200
53,1173,241756275726300,2112800,2876506000,2883392700
53,1189,241756315106500,2088400,2915886200,2922772900
53,1205,241756349999500,2200200,2950779200,2957665900
53,1221,241756384897200,2104400,2985676900,2992563600
53,1237,241756420391300,2678700,3021171000,3028057700
53,1253,241756466150600,3011600,3066930300,3073817000
53,1269,241756509842200,2611600,3110621900,3117508600
53,1285,241756553308400,2667700,3154088100,3160974800
53,1301,241756600266800,2711900,3201046500,3207933200
53,1317,241756647363000,2746900,3248142700,3255029400
53,1333,241756696597200,2721100,3297376900,3304263600
53,1349,241756740422000,2698100,3341201700,3348088400
53,1365,241756784966100,2930700,3385745800,3392632500
53,1381,241756832146200,2623700,3432925900,3439812600
53,1397,241756875067600,2613400,3475847300,3482734000
53,1413,241756917264800,2644900,3518044500,3524931200
53,1429,241756959722000,2601000,3560501700,3567388400
53,1445,241757005009600,2897700,3605789300,3612676000
53,1461,241757060589900,2700200,3661369600,3668256300
53,1477,241757103069900,2632200,3703849600,3710736300
53,1493,241757147852700,2860200,3748632400,3755519100
53,1509,241757195028400,2659800,3795808100,3802694800
53,1525,241757237770700,2748500,3838550400,3845437100
53,1541,241757284766300,2936400,3885546000,3892432700
53,1557,241757332166400,2924600,3932946100,3939832800
53,1573,241757377337000,2716000,3978116700,3985003400
53,1589,241757428928000,2897400,4029707700,4036594400
53,1605,241757475811600,2694700,4076591300,4083478000
53,1621,241757519038200,2699700,4119817900,4126704600
53,1637,241757568666100,3119400,4169445800,4176332500
53,1653,241757616760300,2948500,4217540000,4224426700
53,1669,241757662179100,2571400,4262958800,4269845500
53,1685,241757708742200,2843800,4309521900,4316408600
53,1701,241757755156400,2779000,4355936100,4362822800
53,1717,241757800719400,2906800,4401499100,4408385800
53,1733,241757851893000,2777200,4452672700,4459559400
53,1749,241757899739700,2959200,4500519400,4507406100
53,1765,241757944868100,2796200,4545647800,4552534500
53,1781,241757991621400,2713300,4592401100,4599287800
53,1797,241758037881900,2795500,4638661600,4645548300
53,1813,241758083116900,2986800,4683896600,4690783300
53,1829,241758129543000,2965500,4730322700,4737209400
53,1845,241758176148000,3129600,4776927700,4783814400
53,1861,241758225894400,2614900,4826674100,4833560800
53,1877,241758268212000,2837800,4868991700,4875878400
53,1893,241758312626100,2730900,4913405800,4920292500
53,1909,241758360163600,2735600,4960943300,4967830000
53,1925,241758409058700,3051900,5009838400,5016725100
53,1941,241758454002600,2631700,5054782300,5061669000
53,1957,241758497384500,2747600,5098164200,5105050900
53,1973,241758541045100,2644700,5141824800,5148711500
53,1989,241758590436400,2805700,5191216100,5198102800
53,2005,241758636915900,3089700,5237695600,5244582300
53,2021,241758684220200,3085600,5284999900,5291886600
53,2037,241758731293400,2584900,5332073100,5338959800
54,6,241753557989000,3192900,158768700,165655400
54,22,241753595230200,2156600,196009900,202896600
54,38,241753631598000,2191200,232377700,239264400
54,54,241753666366000,2146700,267145700,274032400
54,70,241753702014300,2278500,302794000,309680700
54,86,241753738029200,2121800,338808900,345695600
54,102,241753772628500,2233200,373408200,380294900
54,118,241753808499800,2232300,409279500,416166200
54,134,241753864590400,2164500,465370100,472256800
54,150,241753898501400,2254300,499281100,506167800
54,166,241753936393400,2187500,537173100,544059800
54,182,241753971819400,2344700,572599100,579485800
54,198,241754006729000,2116700,607508700,614395400
54,214,241754041880000,2175400,642659700,649546400
54,230,241754077638900,2247900,678418600,685305300
54,246,241754111947600,2159800,712727300,719614000
54,262,241754166002100,2141400,766781800,773668500
54,278,241754200757400,2117300,801537100,808423800
54,294,241754234764900,2102900,835544600,842431300
54,310,241754269130000,2187300,869909700,876796400
54,326,241754304296500,2280500,905076200,911962900
54,342,241754340816500,2245700,941596200,948482900
54,358,241754376754300,2225800,977534000,984420700
54,374,241754411678700,2136400,1012458400,1019345100
54,390,241754463945800,2688800,1064725500,1071612200
54,406,241754499621200,2125200,1100400900,1107287600
54,422,241754533355800,2074600,1134135500,1141022200
54,438,241754567844800,2109700,1168624500,1175511200
54,454,241754602378300,2129900,1203158000,1210044700
54,470,241754637608700,2201900,1238388400,1245275100
54,486,241754671978600,2140500,1272758300,1279645000
54,502,241754706418600,2140200,1307198300,1314085000
54,518,241754741437000,2303000,1342216700,1349103400
54,534,241754797631600,2233100,1398411300,1405298000
54,550,241754833224100,2163100,1434003800,1440890500
54,566,241754867400700,2270400,1468180400,1475067100
54,582,241754903050900,2149400,1503830600,1510717300
54,598,241754937304900,2144900,1538084600,1544971300
54,614,241754971528500,2101400,1572308200,1579194900
54,630,241755007894600,2578400,1608674300,1615561000
54,646,241755044367600,2262900,1645147300,1652034000
54,662,241755100608000,2393800,1701387700,1708274400
54,678,241755136974800,2532600,1737754500,1744641200
54,694,241755173469100,2107300,1774248800,1781135500
54,710,241755208487800,2185100,1809267500,1816154200
54,726,241755243518500,2105700,1844298200,1851184900
54,742,241755277939500,2190600,1878719200,1885605900
54,758,241755313444800,2389700,1914224500,1921111200
54,774,241755349195600,2141600,1949975300,1956862000
54,790,241755404453100,2238100,2005232800,2012119500
54,806,241755438672500,2101100,2039452200,2046338900
54,822,241755473871200,2237200,2074650900,2081537600
54,838,241755509223600,2214300,2110003300,2116890000
54,854,241755544350500,2225400,2145130200,2152016900
54,870,241755580391100,2466400,2181170800,2188057500
54,886,241755615488300,2144200,2216268000,2223154700
54,902,241755651487900,2147300,2252267600,2259154300
54,918,241755686529100,2211300,2287308800,2294195500
54,934,241755743846300,2141700,2344626000,2351512700
54,950,241755779715900,2218600,2380495600,2387382300
54,966,241755815935300,2171300,2416715000,2423601700
54,982,241755851009400,2122600,2451789100,2458675800
54,998,241755885318700,2163500,2486098400,2492985100
54,1014,241755919973600,2458600,2520753300,2527640000
54,1030,241755955422200,2200200,2556201900,2563088600
54,1046,241755990480400,2181900,2591260100,2598146800
54,1062,241756031470400,2121300,2632250100,2639136800
54,1078,241756067004800,2367700,2667784500,2674671200
54,1094,241756102227300,2155500,2703007000,2709893700
54,1110,241756137714900,2359700,2738494600,2745381300
54,1126,241756173489900,2274700,2774269600,2781156300
54,1142,241756208621200,2450500,2809400900,2816287600
54,1158,241756243287800,2109000,2844067500,2850954200
54,1174,241756277352400,2092200,2878132100,2885018800
54,1190,241756316711100,2170100,2917490800,2924377500
54,1206,241756351673700,2208800,2952453400,2959340100
54,1222,241756386687800,2021900,2987467500,2994354200
54,1238,241756422585800,2750800,3023365500,3030252200
54,1254,241756468600100,3069500,3069379800,3076266500
54,1270,241756512020000,2622200,3112799700,3119686400
54,1286,241756555487800,5296500,3156267500,3163154200
54,1302,241756602526800,2999200,3203306500,3210193200
54,1318,241756649695300,2719600,3250475000,3257361700
54,1334,241756698906300,2775300,3299686000,3306572700
54,1350,241756742710400,2394800,3343490100,3350376800
54,1366,241756787442300,2959800,3388222000,3395108700
54,1382,241756834238800,2803200,3435018500,3441905200
54,1398,241756877146400,2593000,3477926100,3484812800
54,1414,241756919361000,2862100,3520140700,3527027400
54,1430,241756961797300,2621000,3562577000,3569463700
54,1446,241757007066800,2913000,3607846500,3614733200
54,1462,241757061162500,2593500,3661942200,3668828900
54,1478,241757103530700,2645000,3704310400,3711197100
54,1494,241757148466700,2755500,3749246400,3756133100
54,1510,241757195584500,2666300,3796364200,3803250900
54,1526,241757238352300,2754800,3839132000,3846018700
54,1542,241757285381900,2965300,3886161600,3893048300
54,1558,241757332788600,2907900,3933568300,3940455000
54,1574,241757377967000,2721100,3978746700,3985633400
54,1590,241757429579700,2898800,4030359400,4037246100
54,1606,241757476452700,2734900,4077232400,4084119100
54,1622,241757519696600,2713400,4120476300,4127363000
54,1638,241757568702400,3127100,4169482100,4176368800
54,1654,241757616804100,2953200,4217583800,4224470500
54,1670,241757662210100,2576600,4262989800,4269876500
54,1686,241757708945900,2816300,4309725600,4316612300
54,1702,241757755513000,2735600,4356292700,4363179400
54,1718,241757801094600,2907000,4401874300,4408761000
54,1734,241757852235700,2768800,4453015400,4459902100
54,1750,241757900120800,2955100,4500900500,4507787200
54,1766,241757945217400,2823200,4545997100,4552883800
54,1782,241757991962800,2702800,4592742500,4599629200
54,1798,241758038239800,2791100,4639019500,4645906200
54,1814,241758083589700,2885600,4684369400,4691256100
54,1830,241758129912100,2966100,4730691800,4737578500
54,1846,241758176537900,3118400,4777317600,4784204300
54,1862,241758226183300,2656900,4826963000,4833849700
54,1878,241758268569600,2863100,4869349300,4876236000
54,1894,241758313006400,2802700,4913786100,4920672800
54,1910,241758360540600,2735800,4961320300,4968207000
54,1926,241758409506000,3041500,5010285700,5017172400
54,1942,241758454370100,2634800,5055149800,5062036500
54,1958,241758497842700,2800400,5098622400,5105509100
54,1974,241758541489300,2631700,5142269000,5149155700
54,1990,241758590885500,2827800,5191665200,5198551900
54,2006,241758637389000,3136800,5238168700,5245055400
54,2022,241758684759400,3080200,5285539100,5292425800
54,2038,241758731704100,2582300,5332483800,5339370500
55,7,241753561267900,2890600,162047600,168934300
55,23,241753597452600,2176900,198232300,205119000
55,39,241753633722100,2165500,234501800,241388500
55,55,241753668429500,2310600,269209200,276095900
55,71,241753704258800,2237300,305038500,311925200
55,87,241753740246700,2147400,341026400,347913100
55,103,241753774925100,2206600,375704800,382591500
55,119,241753810828500,2212000,411608200,418494900
55,135,241753866912300,2136300,467692000,474578700
55,151,241753901502700,2311500,502282400,509169100
55,167,241753939428800,2267400,540208500,547095200
55,183,241753974899200,2190600,575678900,582565600
55,199,241754009470200,2161200,610249900,617136600
55,215,241754044672300,2166100,645452000,652338700
55,231,241754080392100,2224100,681171800,688058500
55,247,241754114613400,2429500,715393100,722279800
55,263,241754168461300,2131400,769241000,776127700
55,279,241754203111500,2118000,803891200,810777900
55,295,241754237095700,2119900,837875400,844762100
55,311,241754271720000,2105900,872499700,879386400
55,327,241754306785200,2254000,907564900,914451600
55,343,241754343458600,2165600,944238300,951125000
55,359,241754379374400,2274200,980154100,987040800
55,375,241754414185600,2102400,1014965300,1021852000
55,391,241754466933800,2175300,1067713500,1074600200
55,407,241754502030300,2090000,1102810000,1109696700
55,423,241754535732000,2085900,1136511700,1143398400
55,439,241754570198500,2144000,1170978200,1177864900
55,455,241754604747100,2096800,1205526800,1212413500
55,471,241754640016200,2184800,1240795900,1247682600
55,487,241754674317300,2095100,1275097000,1281983700
55,503,241754709041200,2118600,1309820900,1316707600
55,519,241754744317500,2248200,1345097200,1351983900
55,535,241754800606700,2457500,1401386400,1408273100
55,551,241754835942900,2104500,1436722600,1443609300
55,567,241754870251700,2186900,1471031400,1477918100
55,583,241754905820200,2125400,1506599900,1513486600
55,599,241754940076500,2136000,1540856200,1547742900
55,615,241754974268400,2105600,1575048100,1581934800
55,631,241755011131500,2361400,1611911200,1618797900
55,647,241755047283800,2244700,1648063500,1654950200
55,663,241755103887700,2196600,1704667400,1711554100
55,679,241755140435600,2387500,1741215300,1748102000
55,695,241755176370200,2245600,1777149900,1784036600
55,711,241755211595100,2119200,1812374800,1819261500
55,727,241755246499000,2134000,1847278700,1854165400
55,743,241755280901600,2369400,1881681300,1888568000
55,759,241755316536900,2220300,1917316600,1924203300
55,775,241755351973400,2102100,1952753100,1959639800
55,791,241755407307600,2133800,2008087300,2014974000
55,807,241755441387200,2204100,2042166900,2049053600
55,823,241755476622400,2153800,2077402100,2084288800
55,839,241755511890900,2192300,2112670600,2119557300
55,855,241755546854000,2484800,2147633700,2154520400
55,871,241755583034900,2196900,2183814600,2190701300
55,887,241755617980500,2517100,2218760200,2225646900
55,903,241755653857200,2149200,2254636900,2261523600
55,919,241755688982200,2359300,2289761900,2296648600
55,935,241755746051500,2139800,2346831200,2353717900
55,951,241755781965400,2331400,2382745100,2389631800
55,967,241755818224500,2354300,2419004200,2425890900
55,983,241755853508200,2139400,2454287900,2461174600
55,999,241755887844500,2116400,2488624200,2495510900
55,1015,241755922608000,2223400,2523387700,2530274400
55,1031,241755957779100,2155200,2558558800,2565445500
55,1047,241755992986500,2152700,2593766200,2600652900
55,1063,241756033959800,2216100,2634739500,2641626200
55,1079,241756069680000,2193000,2670459700,2677346400
55,1095,241756104694200,2113400,2705473900,2712360600
55,1111,241756140573700,2147400,2741353400,2748240100
55,1127,241756176214000,2220800,2776993700,2783880400
55,1143,241756211568400,2164400,2812348100,2819234800
55,1159,241756245845100,2116800,2846624800,2853511500
55,1175,241756279874400,2102500,2880654100,2887540800
55,1191,241756319271400,2156600,2920051100,2926937800
55,1207,241756354289400,2139800,2955069100,2961955800
55,1223,241756389164700,2090000,2989944400,2996831100
55,1239,241756425937400,2737400,3026717100,3033603800
55,1255,241756472368300,3066700,3073148000,3080034700
55,1271,241756515226800,2641600,3116006500,3122893200
55,1287,241756561579100,2796500,3162358800,3169245500
55,1303,241756606185700,2965400,3206965400,3213852100
55,1319,241756653004700,2703300,3253784400,3260671100
55,1335,241756702229700,2756700,3303009400,3309896100
55,1351,241756745607600,2729200,3346387300,3353274000
55,1367,241756791005400,2491900,3391785100,3398671800
55,1383,241756837549100,3023900,3438328800,3445215500
55,1399,241756880257600,2593500,3481037300,3487924000
55,1415,241756922720900,2657100,3523500600,3530387300
55,1431,241756964986300,2633600,3565766000,3572652700
55,1447,241757010560900,3412600,3611340600,3618227300
55,1463,241757065513400,2613500,3666293100,3673179800
55,1479,241757108022800,2686300,3708802500,3715689200
55,1495,241757152907100,2943700,3753686800,3760573500
55,1511,241757199907300,2801800,3800687000,3807573700
55,1527,241757242848400,2727900,3843628100,3850514800
55,1543,241757290175100,2943300,3890954800,3897841500
55,1559,241757337512400,2924100,3938292100,3945178800
55,1575,241757382343000,2903200,3983122700,3990009400
55,1591,241757434199600,2900500,4034979300,4041866000
55,1607,241757480891700,2739200,4081671400,4088558100
55,1623,241757524010500,2582900,4124790200,4131676900
55,1639,241757574438600,3194300,4175218300,4182105000
55,1655,241757622339800,2996300,4223119500,4230006200
55,1671,241757667032500,2629200,4267812200,4274698900
55,1687,241757713981100,2773600,4314760800,4321647500
55,1703,241757760777000,2876700,4361556700,4368443400
55,1719,241757806289400,2933100,4407069100,4413955800
55,1735,241757857454700,3111500,4458234400,4465121100
55,1751,241757905373800,2911100,4506153500,4513040200
55,1767,241757950463800,2890000,4551243500,4558130200
55,1783,241757996917900,2660200,4597697600,4604584300
55,1799,241758043405800,2880400,4644185500,4651072200
55,1815,241758088843000,2918300,4689622700,4696509400
55,1831,241758135330000,2956700,4736109700,4742996400
55,1847,241758182020800,2649700,4782800500,4789687200
55,1863,241758231141300,2639300,4831921000,4838807700
55,1879,241758273727300,2759700,4874507000,4881393700
55,1895,241758318114700,2889000,4918894400,4925781100
55,1911,241758365548300,3299800,4966328000,4973214700
55,1927,241758415030400,2868200,5015810100,5022696800
55,1943,241758459221100,2666300,5060000800,5066887500
55,1959,241758502888400,2714000,5103668100,5110554800
55,1975,241758546242800,2625200,5147022500,5153909200
55,1991,241758595987200,2724600,5196766900,5203653600
55,2007,241758643005800,3048800,5243785500,5250672200
55,2023,241758690397400,2916500,5291177100,5298063800
55,2039,241758736471000,2594500,5337250700,5344137400
56,8,241753564197400,2355400,164977100,171863800
56,24,241753599662800,2158800,200442500,207329200
56,40,241753636038900,2132100,236818600,243705300
56,56,241753670883400,2415800,271663100,278549800
56,72,241753706683700,2215000,307463400,314350100
56,88,241753742490000,2147900,343269700,350156400
56,104,241753777197000,2166400,377976700,384863400
56,120,241753813219400,2477100,413999100,420885800
56,136,241753869229300,2122500,470009000,476895700
56,152,241753903579400,2349800,504359100,511245800
56,168,241753941247500,2242200,542027200,548913900
56,184,241753976679700,2132600,577459400,584346100
56,200,241754011242700,2125500,612022400,618909100
56,216,241754046505600,2248200,647285300,654172000
56,232,241754082445000,2145100,683224700,690111400
56,248,241754116921400,2259800,717701100,724587800
56,264,241754170455100,2135000,771234800,778121500
56,280,241754205113900,2139100,805893600,812780300
56,296,241754239102800,2105500,839882500,846769200
56,312,241754273630200,2167100,874409900,881296600
56,328,241754309159200,2219000,909938900,916825600
56,344,241754345695700,2224100,946475400,953362100
56,360,241754381857900,2202700,982637600,989524300
56,376,241754416481000,2122000,1017260700,1024147400
56,392,241754469308800,2212600,1070088500,1076975200
56,408,241754504318900,2108300,1105098600,1111985300
56,424,241754538013000,2102300,1138792700,1145679400
56,440,241754572599400,2087700,1173379100,1180265800
56,456,241754607097400,2089100,1207877100,1214763800
56,472,241754642731600,2117600,1243511300,1250398000
56,488,241754676938300,2090500,1277718000,1284604700
56,504,241754711484200,2074200,1312263900,1319150600
56,520,241754746650700,2447700,1347430400,1354317100
56,536,241754803220900,2213300,1404000600,1410887300
56,552,241754838140500,2121000,1438920200,1445806900
56,568,241754872530300,2094500,1473310000,1480196700
56,584,241754908224200,2142900,1509003900,1515890600
56,600,241754942456100,2104400,1543235800,1550122500
56,616,241754976616500,2133500,1577396200,1584282900
56,632,241755013806900,2224100,1614586600,1621473300
56,648,241755049847500,2221200,1650627200,1657513900
56,664,241755106501200,2429400,1707280900,1714167600
56,680,241755143327400,2415300,1744107100,1750993800
56,696,241755179123200,2183900,1779902900,1786789600
56,712,241755214748500,2099100,1815528200,1822414900
56,728,241755249639400,2108800,1850419100,1857305800
56,744,241755284453100,2213800,1885232800,1892119500
56,760,241755320007600,2297900,1920787300,1927674000
56,776,241755355218100,2110000,1955997800,1962884500
56,792,241755410687000,2175800,2011466700,2018353400
56,808,241755444922700,2110500,2045702400,2052589100
56,824,241755480448500,2281400,2081228200,2088114900
56,840,241755515755300,2213400,2116535000,2123421700
56,856,241755551164800,2220700,2151944500,2158831200
56,872,241755587075600,2197400,2187855300,2194742000
56,888,241755621738200,2188100,2222517900,2229404600
56,904,241755657169200,2256400,2257948900,2264835600
56,920,241755692733700,22150000,2293513400,2300400100
56,936,241755749837000,2125200,2350616700,2357503400
56,952,241755786037800,2252600,2386817500,2393704200
56,968,241755822427600,2154900,2423207300,2430094000
56,984,241755857315100,2155200,2458094800,2464981500
56,1000,241755891627600,2174800,2492407300,2499294000
56,1016,241755926748500,2289500,2527528200,2534414900
56,1032,241755961753600,2223100,2562533300,2569420000
56,1048,241755996949100,2171100,2597728800,2604615500
56,1064,241756037896800,2188400,2638676500,2645563200
56,1080,241756073775700,2327200,2674555400,2681442100
56,1096,241756108541600,2249500,2709321300,2716208000
56,1112,241756144209300,2405400,2744989000,2751875700
56,1128,241756180092400,2178100,2780872100,2787758800
56,1144,241756215249500,2198000,2816029200,2822915900
56,1160,241756249404100,2146900,2850183800,2857070500
56,1176,241756283439800,2108000,2884219500,2891106200
56,1192,241756322876300,2220700,2923656000,2930542700
56,1208,241756357993700,2275000,2958773400,2965660100
56,1224,241756392654800,2107100,2993434500,3000321200
56,1240,241756430537900,2668300,3031317600,3038204300
56,1256,241756477506300,2749300,3078286000,3085172700
56,1272,241756519662500,2667600,3120442200,3127328900
56,1288,241756566273700,2719600,3167053400,3173940100
56,1304,241756611151000,2959800,3211930700,3218817400
56,1320,241756657479600,8271800,3258259300,3265146000
56,1336,241756706778200,2733300,3307557900,3314444600
56,1352,241756750105900,2705900,3350885600,3357772300
56,1368,241756795387200,2746200,3396166900,3403053600
56,1384,241756842415700,2643800,3443195400,3450082100
56,1400,241756884620000,2689500,3485399700,3492286400
56,1416,241756927099800,2600400,3527879500,3534766200
56,1432,241756969337300,2672100,3570117000,3577003700
56,1448,241757015499500,3165000,3616279200,3623165900
56,1464,241757067333600,2630600,3668113300,3675000000
56,1480,241757109902200,2640100,3710681900,3717568600
56,1496,241757154952600,2516600,3755732300,3762619000
56,1512,241757201702500,2851000,3802482200,3809368900
56,1528,241757244709900,2897200,3845489600,3852376300
56,1544,241757292173400,2966000,3892953100,3899839800
56,1560,241757339494800,2922800,3940274500,3947161200
56,1576,241757384218800,3104200,3984998500,3991885200
56,1592,241757436231400,2832300,4037011100,4043897800
56,1608,241757482730800,2730900,4083510500,4090397200
56,1624,241757525742000,2719700,4126521700,4133408400
56,1640,241757576623200,3280900,4177402900,4184289600
56,1656,241757624428400,3072200,4225208100,4232094800
56,1672,241757668842000,2629000,4269621700,4276508400
56,1688,241757715957100,2798200,4316736800,4323623500
56,1704,241757762847600,2908700,4363627300,4370514000
56,1720,241757808421300,2928600,4409201000,4416087700
56,1736,241757859599100,3227100,4460378800,4467265500
56,1752,241757907472900,2977000,4508252600,4515139300
56,1768,241757952426300,2922600,4553206000,4560092700
56,1784,241757998694600,2722200,4599474300,4606361000
56,1800,241758045226400,2908900,4646006100,4652892800
56,1816,241758090769800,2871700,4691549500,4698436200
56,1832,241758137260100,2964400,4738039800,4744926500
56,1848,241758183690000,2752000,4784469700,4791356400
56,1864,241758232772100,2627100,4833551800,4840438500
56,1880,241758275390900,2750700,4876170600,4883057300
56,1896,241758319780800,3158700,4920560500,4927447200
56,1912,241758367561300,3133600,4968341000,4975227700
56,1928,241758416821900,2704300,5017601600,5024488300
56,1944,241758460839200,2779500,5061618900,5068505600
56,1960,241758504519500,2713100,5105299200,5112185900
56,1976,241758547779000,2749100,5148558700,5155445400
56,1992,241758597655100,2801400,5198434800,5205321500
56,2008,241758644856400,3053200,5245636100,5252522800
56,2024,241758692116600,2905200,5292896300,5299783000
56,2040,241758738084800,2569200,5338864500,5345751200
57,9,241753566619800,2236100,167399500,174286200
57,25,241753601887700,2183300,202667400,209554100
57,41,241753638112000,2139900,238891700,245778400
57,57,241753673188200,2268600,273967900,280854600
57,73,241753708782000,2335800,309561700,316448400
57,89,241753744701600,2101500,345481300,352368000
57,105,241753779470300,2520100,380250000,387136700
57,121,241753815759600,2236700,416539300,423426000
57,137,241753871321600,2097300,472101300,478988000
57,153,241753906173800,2289200,506953500,513840200
57,169,241753943764800,2282300,544544500,551431200
57,185,241753979100400,2235600,579880100,586766800
57,201,241754013838400,2063800,614618100,621504800
57,217,241754049174200,2218000,649953900,656840600
57,233,241754084983700,2098400,685763400,692650100
57,249,241754119596300,2201400,720376000,727262700
57,265,241754172936500,2121600,773716200,780602900
57,281,241754207579300,2135600,808359000,815245700
57,297,241754241523300,2106600,842303000,849189700
57,313,241754276128100,2150800,876907800,883794500
57,329,241754311322200,2185900,912101900,918988600
57,345,241754347625800,2186100,948405500,955292200
57,361,241754383612300,2183700,984392000,991278700
57,377,241754418092000,2117400,1018871700,1025758400
57,393,241754470953300,2133700,1071733000,1078619700
57,409,241754505832400,2129300,1106612100,1113498800
57,425,241754539511600,2207000,1140291300,1147178000
57,441,241754573987000,2114500,1174766700,1181653400
57,457,241754608503700,2095400,1209283400,1216170100
57,473,241754643909500,2102400,1244689200,1251575900
57,489,241754678052300,2290400,1278832000,1285718700
57,505,241754712698000,2172100,1313477700,1320364400
57,521,241754748245600,2406000,1349025300,1355912000
57,537,241754804593800,2223000,1405373500,1412260200
57,553,241754839459700,2170600,1440239400,1447126100
57,569,241754873803600,2099900,1474583300,1481470000
57,585,241754909365400,2145300,1510145100,1517031800
57,601,241754943565300,2114100,1544345000,1551231700
57,617,241754977733100,2131400,1578512800,1585399500
57,633,241755014921300,2349400,1615701000,1622587700
57,649,241755050998200,2221200,1651777900,1658664600
57,665,241755107585800,2332900,1708365500,1715252200
57,681,241755144401500,2416900,1745181200,1752067900
57,697,241755180074000,2156200,1780853700,1787740400
57,713,241755214936100,2094600,1815715800,1822602500
57,729,241755249667100,2114100,1850446800,1857333500
57,745,241755284641600,2270400,1885421300,1892308000
57,761,241755320335200,2198500,1921114900,1928001600
57,777,241755355363500,2108700,1956143200,1963029900
57,793,241755410887900,2147200,2011667600,2018554300
57,809,241755445040500,2114800,2045820200,2052706900
57,825,241755480476500,2290600,2081256200,2088142900
57,841,241755515725300,2211100,2116505000,2123391700
57,857,241755551226700,2219500,2152006400,2158893100
57,873,241755587232000,2183800,2188011700,2194898400
57,889,241755622600900,2194800,2223380600,2230267300
57,905,241755658011900,2379300,2258791600,2265678300
57,921,241755693588100,22467700,2294367800,2301254500
57,937,241755750460800,2121200,2351240500,2358127200
57,953,241755786709000,2176500,2387488700,2394375400
57,969,241755823017700,2161600,2423797400,2430684100
57,985,241755857913700,2136800,2458693400,2465580100
57,1001,241755892181800,2293200,2492961500,2499848200
57,1017,241755927381600,2293900,2528161300,2535048000
57,1033,241755962388400,2206300,2563168100,2570054800
57,1049,241755997480800,2171900,2598260500,2605147200
57,1065,241756038431600,2181100,2639211300,2646098000
57,1081,241756074045100,2387100,2674824800,2681711500
57,1097,241756108869900,2286300,2709649600,2716536300
57,1113,241756144513300,2442900,2745293000,2752179700
57,1129,241756180415700,2173400,2781195400,2788082100
57,1145,241756215608000,2212400,2816387700,2823274400
57,1161,241756249732200,2141600,2850511900,2857398600
57,1177,241756283765100,2105900,2884544800,2891431500
57,1193,241756323271600,2186300,2924051300,2930938000
57,1209,241756358308400,2225800,2959088100,2965974800
57,1225,241756392922700,2100900,2993702400,3000589100
57,1241,241756430854700,2662900,3031634400,3038521100
57,1257,241756477846000,2693000,3078625700,3085512400
57,1273,241756519962400,2650500,3120742100,3127628800
57,1289,241756566570800,2725500,3167350500,3174237200
57,1305,241756611532600,2935600,3212312300,3219199000
57,1321,241756657918100,8256000,3258697800,3265584500
57,1337,241756707217600,2764400,3307997300,3314884000
57,1353,241756750557300,2714800,3351337000,3358223700
57,1369,241756795831400,2733700,3396611100,3403497800
57,1385,241756842945700,2609000,3443725400,3450612100
57,1401,241756885148200,2682300,3485927900,3492814600
57,1417,241756927598600,2611000,3528378300,3535265000
57,1433,241756969865700,2649700,3570645400,3577532100
57,1449,241757017406700,3355500,3618186400,3625073100
57,1465,241757069285900,2634300,3670065600,3676952300
57,1481,241757111864300,2633200,3712644000,3719530700
57,1497,241757156873900,2745800,3757653600,3764540300
57,1513,241757203884800,2668300,3804664500,3811551200
57,1529,241757246913900,3130800,3847693600,3854580300
57,1545,241757294460500,3180300,3895240200,3902126900
57,1561,241757341736400,2920800,3942516100,3949402800
57,1577,241757386625000,3027600,3987404700,3994291400
57,1593,241757438374100,2904300,4039153800,4046040500
57,1609,241757484840200,2688600,4085619900,4092506600
57,1625,241757527667700,2911600,4128447400,4135334100
57,1641,241757578975300,3124900,4179755000,4186641700
57,1657,241757626605400,2968000,4227385100,4234271800
57,1673,241757670695300,2604700,4271475000,4278361700
57,1689,241757717876600,2737800,4318656300,4325543000
57,1705,241757765008300,2804700,4365788000,4372674700
57,1721,241757810581100,2984100,4411360800,4418247500
57,1737,241757861995600,3106700,4462775300,4469662000
57,1753,241757909705100,2977600,4510484800,4517371500
57,1769,241757954715100,2983400,4555494800,4562381500
57,1785,241758000774200,2672400,4601553900,4608440600
57,1801,241758047512200,2824200,4648291900,4655178600
57,1817,241758092561600,2882500,4693341300,4700228000
57,1833,241758139112800,2984100,4739892500,4746779200
57,1849,241758185473900,2737600,4786253600,4793140300
57,1865,241758234459200,2644200,4835238900,4842125600
57,1881,241758277203600,2704100,4877983300,4884870000
57,1897,241758321680400,5584500,4922460100,4929346800
57,1913,241758369676000,3111200,4970455700,4977342400
57,1929,241758418572600,2675200,5019352300,5026239000
57,1945,241758462730700,2597900,5063510400,5070397100
57,1961,241758506361000,2724600,5107140700,5114027400
57,1977,241758549630300,2791400,5150410000,5157296700
57,1993,241758599512100,2912700,5200291800,5207178500
57,2009,241758646910000,3063500,5247689700,5254576400
57,2025,241758694087900,2998900,5294867600,5301754300
57,2041,241758739811100,2577000,5340590800,5347477500
58,10,241753568824800,2216300,169604500,176491200
58,26,241753604043000,2128400,204822700,211709400
58,42,241753640107200,2178000,240886900,247773600
58,58,241753675339800,2226100,276119500,283006200
58,74,241753710972400,2335000,311752100,318638800
58,90,241753746604600,2137600,347384300,354271000
58,106,241753781592000,2410800,382371700,389258400
58,122,241753817810600,2343800,418590300,425477000
58,138,241753873310500,2101700,474090200,480976900
58,154,241753908094500,2414400,508874200,515760900
58,170,241753945630400,2247400,546410100,553296800
58,186,241753980800800,2400900,581580500,588467200
58,202,241754015373600,2332800,616153300,623040000
58,218,241754050902300,2308800,651682000,658568700
58,234,241754086590100,2120300,687369800,694256500
58,250,241754121179700,2187900,721959400,728846100
58,266,241754174414400,2215400,775194100,782080800
58,282,241754209065100,2133700,809844800,816731500
58,298,241754243002000,2098900,843781700,850668400
58,314,241754277625600,2357500,878405300,885292000
58,330,241754313154800,2164000,913934500,920821200
58,346,241754349604500,2304900,950384200,957270900
58,362,241754385624100,2392500,986403800,993290500
58,378,241754420098800,2121900,1020878500,1027765200
58,394,241754473058500,2142200,1073838200,1080724900
58,410,241754507932500,2101100,1108712200,1115598900
58,426,241754541692800,2414900,1142472500,1149359200
58,442,241754576193300,2144200,1176973000,1183859700
58,458,241754610689800,2124100,1211469500,1218356200
58,474,241754646069700,2122900,1246849400,1253736100
58,490,241754680316900,2132000,1281096600,1287983300
58,506,241754714901300,2301600,1315681000,1322567700
58,522,241754750718400,2225500,1351498100,1358384800
58,538,241754806905500,2270500,1407685200,1414571900
58,554,241754841689600,2116800,1442469300,1449356000
58,570,241754876030600,2135400,1476810300,1483697000
58,586,241754911766300,2117100,1512546000,1519432700
58,602,241754945949100,2116900,1546728800,1553615500
58,618,241754980123900,2112300,1580903600,1587790300
58,634,241755017514400,2232500,1618294100,1625180800
58,650,241755053461100,2132800,1654240800,1661127500
58,666,241755110320300,2286500,1711100000,1717986700
58,682,241755147173000,2236400,1747952700,1754839400
58,698,241755182601000,2191200,1783380700,1790267400
58,714,241755217478000,2351400,1818257700,1825144400
58,730,241755252387200,2112400,1853166900,1860053600
58,746,241755287373100,2176400,1888152800,1895039500
58,762,241755323092800,2207100,1923872500,1930759200
58,778,241755358011000,2119400,1958790700,1965677400
58,794,241755413361800,2125700,2014141500,2021028200
58,810,241755447563500,2081400,2048343200,2055229900
58,826,241755483225600,2196400,2084005300,2090892000
58,842,241755518318600,2124500,2119098300,2125985000
58,858,241755553772800,2151900,2154552500,2161439200
58,874,241755589646100,2179900,2190425800,2197312500
58,890,241755624887600,2177700,2225667300,2232554000
58,906,241755660496100,2204000,2261275800,2268162500
58,922,241755716216800,2510000,2316996500,2323883200
58,938,241755752879400,2259500,2353659100,2360545800
58,954,241755788975700,2222500,2389755400,2396642100
58,970,241755825302100,2154500,2426081800,2432968500
58,986,241755860144300,2134700,2460924000,2467810700
58,1002,241755894536200,2139400,2495315900,2502202600
58,1018,241755929897300,2204800,2530677000,2537563700
58,1034,241755964748200,2159800,2565527900,2572414600
58,1050,241755999754500,2117300,2600534200,2607420900
58,1066,241756040745000,2127800,2641524700,2648411400
58,1082,241756076070900,2244100,2676850600,2683737300
58,1098,241756110764200,2242000,2711543900,2718430600
58,1114,241756146581300,2276700,2747361000,2754247700
58,1130,241756182301700,2158700,2783081400,2789968100
58,1146,241756217383600,2177900,2818163300,2825050000
58,1162,241756251493600,2116200,2852273300,2859160000
58,1178,241756285486900,2099700,2886266600,2893153300
58,1194,241756325208400,2204600,2925988100,2932874800
58,1210,241756360333800,2198300,2961113500,2968000200
58,1226,241756394824800,2168200,2995604500,3002491200
58,1242,241756433242100,2761200,3034021800,3040908500
58,1258,241756480291000,2614100,3081070700,3087957400
58,1274,241756522370600,2901000,3123150300,3130037000
58,1290,241756569033600,2771900,3169813300,3176700000
58,1306,241756614199900,2934600,3214979600,3221866300
58,1322,241756665824000,2763000,3266603700,3273490400
58,1338,241756709594400,2787600,3310374100,3317260800
58,1354,241756752894800,2716700,3353674500,3360561200
58,1370,241756798205500,2719900,3398985200,3405871900
58,1386,241756845172700,2564300,3445952400,3452839100
58,1402,241756887420600,2699300,3488200300,3495087000
58,1418,241756929810000,2579700,3530589700,3537476400
58,1434,241756972128500,2565100,3572908200,3579794900
58,1450,241757019752300,2703100,3620532000,3627418700
58,1466,241757070863400,2640400,3671643100,3678529800
58,1482,241757113449100,2644500,3714228800,3721115500
58,1498,241757158553200,2729600,3759332900,3766219600
58,1514,241757205552200,2602000,3806331900,3813218600
58,1530,241757248789800,3068300,3849569500,3856456200
58,1546,241757296390800,3065500,3897170500,3904057200
58,1562,241757343496100,2933700,3944275800,3951162500
58,1578,241757388445400,2921500,3989225100,3996111800
58,1594,241757440203200,2887600,4040982900,4047869600
58,1610,241757486473800,2724500,4087253500,4094140200
58,1626,241757529569400,3042300,4130349100,4137235800
58,1642,241757581061900,3063600,4181841600,4188728300
58,1658,241757628589800,2909900,4229369500,4236256200
58,1674,241757672435100,2867200,4273214800,4280101500
58,1690,241757719888700,3129600,4320668400,4327555100
58,1706,241757766922300,2795500,4367702000,4374588700
58,1722,241757812615800,8620900,4413395500,4420282200
58,1738,241757864222000,3030100,4465001700,4471888400
58,1754,241757911810200,3011600,4512589900,4519476600
58,1770,241757956831900,2986000,4557611600,4564498300
58,1786,241758002752000,2826900,4603531700,4610418400
58,1802,241758049611200,2774400,4650390900,4657277600
58,1818,241758095121600,2925500,4695901300,4702788000
58,1834,241758141768400,2957100,4742548100,4749434800
58,1850,241758188025300,2746800,4788805000,4795691700
58,1866,241758236922600,2622000,4837702300,4844589000
58,1882,241758279717600,2753600,4880497300,4887384000
58,1898,241758327027400,2887500,4927807100,4934693800
58,1914,241758372520200,3152800,4973299900,4980186600
58,1930,241758421035800,2551700,5021815500,5028702200
58,1946,241758465116200,2550100,5065895900,5072782600
58,1962,241758508785400,2809700,5109565100,5116451800
58,1978,241758552103400,2718700,5152883100,5159769800
58,1994,241758602066400,2888300,5202846100,5209732800
58,2010,241758649500000,3070600,5250279700,5257166400
58,2026,241758696610300,3025400,5297390000,5304276700
58,2042,241758741929200,2589200,5342708900,5349595600
59,11,241753571108300,2281500,171888000,178774700
59,27,241753606236300,2161700,207016000,213902700
59,43,241753642455300,2099900,243235000,250121700
59,59,241753677799700,2241200,278579400,285466100
59,75,241753713531700,2224200,314311400,321198100
59,91,241753748830800,2064900,349610500,356497200
59,107,241753784131900,2157900,384911600,391798300
59,123,241753820234200,2614700,421013900,427900600
59,139,241753875475900,2135300,476255600,483142300
59,155,241753910415400,2689800,511195100,518081800
59,171,241753947982500,2258200,548762200,555648900
59,187,241753983356700,2219800,584136400,591023100
59,203,241754017767900,2261500,618547600,625434300
59,219,241754053364000,2233800,654143700,661030400
59,235,241754088851800,2117500,689631500,696518200
59,251,241754123571000,2213600,724350700,731237400
59,267,241754177068100,2134900,777847800,784734500
59,283,241754211608800,2135700,812388500,819275200
59,299,241754245502400,2134800,846282100,853168800
59,315,241754280354900,2205300,881134600,888021300
59,331,241754315475200,2164100,916254900,923141600
59,347,241754352030500,2516600,952810200,959696900
59,363,241754388117000,2261200,988896700,995783400
59,379,241754422373000,2120000,1023152700,1030039400
59,395,241754475285700,2152900,1076065400,1082952100
59,411,241754510092000,2095100,1110871700,1117758400
59,427,241754544252300,2210800,1145032000,1151918700
59,443,241754578457200,2098500,1179236900,1186123600
59,459,241754612927200,2107000,1213706900,1220593600
59,475,241754648307300,2106600,1249087000,1255973700
59,491,241754682538200,2191200,1283317900,1290204600
59,507,241754717266100,2227800,1318045800,1324932500
59,523,241754752977600,21520400,1353757300,1360644000
59,539,241754809210400,2232600,1409990100,1416876800
59,555,241754843781200,2116100,1444560900,1451447600
59,571,241754878109100,2114600,1478888800,1485775500
59,587,241754913831600,2054700,1514611300,1521498000
59,603,241754948011700,2199800,1548791400,1555678100
59,619,241754982178800,2141200,1582958500,1589845200
59,635,241755019778700,2308900,1620558400,1627445100
59,651,241755055655400,2684000,1656435100,1663321800
59,667,241755112865900,2379300,1713645600,1720532300
59,683,241755149473400,2287500,1750253100,1757139800
59,699,241755184855200,2143600,1785634900,1792521600
59,715,241755219771800,2152200,1820551500,1827438200
59,731,241755254440900,2115300,1855220600,1862107300
59,747,241755289848600,2149900,1890628300,1897515000
59,763,241755325656500,2247700,1926436200,1933322900
59,779,241755360275200,2160000,1961054900,1967941600
59,795,241755415609400,2121500,2016389100,2023275800
59,811,241755449790000,2108700,2050569700,2057456400
59,827,241755485393200,2170000,2086172900,2093059600
59,843,241755520411700,2123900,2121191400,2128078100
59,859,241755555991300,2198300,2156771000,2163657700
59,875,241755591890400,2162800,2192670100,2199556800
59,891,241755627194200,2373900,2227973900,2234860600
59,907,241755662828700,2155000,2263608400,2270495100
59,923,241755718794500,2497200,2319574200,2326460900
59,939,241755755209300,2189000,2355989000,2362875700
59,955,241755791170500,2340900,2391950200,2398836900
59,971,241755827425900,2155300,2428205600,2435092300
59,987,241755862223500,2166600,2463003200,2469889900
59,1003,241755896646600,2149400,2497426300,2504313000
59,1019,241755931853300,2214800,2532633000,2539519700
59,1035,241755966665700,2153200,2567445400,2574332100
59,1051,241756001752300,2204600,2602532000,2609418700
59,1067,241756042779200,2132200,2643558900,2650445600
59,1083,241756078533900,2283600,2679313600,2686200300
59,1099,241756113200800,2259700,2713980500,2720867200
59,1115,241756149276200,2182200,2750055900,2756942600
59,1131,241756184933200,2193700,2785712900,2792599600
59,1147,241756220144200,2143000,2820923900,2827810600
59,1163,241756254171100,2168200,2854950800,2861837500
59,1179,241756288156600,2088400,2888936300,2895823000
59,1195,241756327769400,2158800,2928549100,2935435800
59,1211,241756362890400,2179600,2963670100,2970556800
59,1227,241756397374600,2126900,2998154300,3005041000
59,1243,241756436493100,2687400,3037272800,3044159500
59,1259,241756483341100,2574000,3084120800,3091007500
59,1275,241756525729000,2743900,3126508700,3133395400
59,1291,241756572259900,2726500,3173039600,3179926300
59,1307,241756617638000,2904100,3218417700,3225304400
59,1323,241756669111200,2722400,3269890900,3276777600
59,1339,241756712910500,2679500,3313690200,3320576900
59,1355,241756756135900,2789700,3356915600,3363802300
59,1371,241756801462100,2732500,3402241800,3409128500
59,1387,241756848221300,2672300,3449001000,3455887700
59,1403,241756890615000,2664100,3491394700,3498281400
59,1419,241756932867800,2604400,3533647500,3540534200
59,1435,241756975254100,2582600,3576033800,3582920500
59,1451,241757024557800,2704700,3625337500,3632224200
59,1467,241757075442400,2627800,3676222100,3683108800
59,1483,241757117992400,2629800,3718772100,3725658800
59,1499,241757163163900,2574300,3763943600,3770830300
59,1515,241757210061000,2611800,3810840700,3817727400
59,1531,241757253916900,2956400,3854696600,3861583300
59,1547,241757301565100,2953100,3902344800,3909231500
59,1563,241757348496900,2771600,3949276600,3956163300
59,1579,241757393273700,2863600,3994053400,4000940100
59,1595,241757444953800,2810400,4045733500,4052620200
59,1611,241757490991900,2729300,4091771600,4098658300
59,1627,241757534770100,3208000,4135549800,4142436500
59,1643,241757586051200,2870300,4186830900,4193717600
59,1659,241757633409800,2903300,4234189500,4241076200
59,1675,241757677283100,2904100,4278062800,4284949500
59,1691,241757724877500,2909100,4325657200,4332543900
59,1707,241757771396000,2682900,4372175700,4379062400
59,1723,241757822825800,2639400,4423605500,4430492200
59,1739,241757868896900,3042500,4469676600,4476563300
59,1755,241757916332500,2739400,4517112200,4523998900
59,1771,241757961421400,2987300,4562201100,4569087800
59,1787,241758007184400,2994500,4607964100,4614850800
59,1803,241758053651100,2745300,4654430800,4661317500
59,1819,241758099640400,2892300,4700420100,4707306800
59,1835,241758146345200,2653500,4747124900,4754011600
59,1851,241758192288700,2948200,4793068400,4799955100
59,1867,241758240988800,2733400,4841768500,4848655200
59,1883,241758283958200,2774300,4884737900,4891624600
59,1899,241758331654200,2847600,4932433900,4939320600
59,1915,241758377545500,3069800,4978325200,4985211900
59,1931,241758425175200,2557000,5025954900,5032841600
59,1947,241758469268100,2603800,5070047800,5076934500
59,1963,241758513336900,2723700,5114116600,5121003300
59,1979,241758556416700,2828900,5157196400,5164083100
59,1995,241758607113500,2723300,5207893200,5214779900
59,2011,241758655091200,3083900,5255870900,5262757600
59,2027,241758701990900,3091700,5302770600,5309657300
59,2043,241758746679100,2546700,5347458800,5354345500
60,12,241753573662800,2185100,174442500,181329200
60,28,241753608440700,2128500,209220400,216107100
60,44,241753644629800,2160600,245409500,252296200
60,60,241753680108400,2195600,280888100,287774800
60,76,241753715821100,2220900,316600800,323487500
60,92,241753751034400,2052900,351814100,358700800
60,108,241753786443900,2245100,387223600,394110300
60,124,241753822915000,2387700,423694700,430581400
60,140,241753877754700,2120700,478534400,485421100
60,156,241753913679500,2444600,514459200,521345900
60,172,241753950644300,2252800,551424000,558310700
60,188,241753985876500,2168700,586656200,593542900
60,204,241754020396700,2193300,621176400,628063100
60,220,241754055992500,2267600,656772200,663658900
60,236,241754091243400,2059900,692023100,698909800
60,252,241754126086200,2317500,726865900,733752600
60,268,241754179593700,2171300,780373400,787260100
60,284,241754214019000,2135100,814798700,821685400
60,300,241754247909200,2161000,848688900,855575600
60,316,241754282906600,2229900,883686300,890573000
60,332,241754318137600,2286300,918917300,925804000
60,348,241754355257300,2311800,956037000,962923700
60,364,241754390974700,2137700,991754400,998641100
60,380,241754425098600,2104800,1025878300,1032765000
60,396,241754478380400,2073700,1079160100,1086046800
60,412,241754512861600,2114900,1113641300,1120528000
60,428,241754547054400,2146800,1147834100,1154720800
60,444,241754581127000,2077600,1181906700,1188793400
60,460,241754615601700,2121900,1216381400,1223268100
60,476,241754650934500,2248800,1251714200,1258600900
60,492,241754685291000,2208500,1286070700,1292957400
60,508,241754720017200,2168700,1320796900,1327683600
60,524,241754774988800,2221600,1375768500,1382655200
60,540,241754811887800,2183300,1412667500,1419554200
60,556,241754846454500,2086800,1447234200,1454120900
60,572,241754880773300,2108400,1481553000,1488439700
60,588,241754916386800,2154500,1517166500,1524053200
60,604,241754950709700,2174500,1551489400,1558376100
60,620,241754984804800,2095900,1585584500,1592471200
60,636,241755022510800,2231900,1623290500,1630177200
60,652,241755058749500,2188500,1659529200,1666415900
60,668,241755115429300,2286900,1716209000,1723095700
60,684,241755152024100,2258500,1752803800,1759690500
60,700,241755187297000,2122300,1788076700,1794963400
60,716,241755222474700,2219000,1823254400,1830141100
60,732,241755257109300,2099100,1857889000,1864775700
60,748,241755291971300,2143300,1892751000,1899637700
60,764,241755327819000,2166200,1928598700,1935485400
60,780,241755362600700,2206900,1963380400,1970267100
60,796,241755417666000,2138900,2018445700,2025332400
60,812,241755451841300,2190300,2052621000,2059507700
60,828,241755487535200,2186800,2088314900,2095201600
60,844,241755522598200,2131000,2123377900,2130264600
60,860,241755558037300,2163000,2158817000,2165703700
60,876,241755593904100,2163400,2194683800,2201570500
60,892,241755629865200,2438700,2230644900,2237531600
60,908,241755665166300,2120400,2265946000,2272832700
60,924,241755721460100,2441300,2322239800,2329126500
60,940,241755757714000,2292800,2358493700,2365380400
60,956,241755793913300,2277100,2394693000,2401579700
60,972,241755829960900,2202000,2430740600,2437627300
60,988,241755864801600,2126000,2465581300,2472468000
60,1004,241755899232700,2112400,2500012400,2506899100
60,1020,241755934473000,2185900,2535252700,2542139400
60,1036,241755969195800,2161100,2569975500,2576862200
60,1052,241756004311400,2293100,2605091100,2611977800
60,1068,241756045323200,2138500,2646102900,2652989600
60,1084,241756081590600,2102700,2682370300,2689257000
60,1100,241756116097900,2326600,2716877600,2723764300
60,1116,241756151748200,2164800,2752527900,2759414600
60,1132,241756187275500,2157400,2788055200,2794941900
60,1148,241756222348200,2147100,2823127900,2830014600
60,1164,241756256398100,2103300,2857177800,2864064500
60,1180,241756290308000,2110000,2891087700,2897974400
60,1196,241756330107600,2200900,2930887300,2937774000
60,1212,241756365242000,2478300,2966021700,2972908400
60,1228,241756399865300,2121200,3000645000,3007531700
60,1244,241756439653300,2770700,3040433000,3047319700
60,1260,241756486384600,2560500,3087164300,3094051000
60,1276,241756528959200,2739200,3129738900,3136625600
60,1292,241756575474800,2722700,3176254500,3183141200
60,1308,241756621005400,2937800,3221785100,3228671800
60,1324,241756672288400,2723600,3273068100,3279954800
60,1340,241756716044700,2699900,3316824400,3323711100
60,1356,241756759433800,2953200,3360213500,3367100200
60,1372,241756804676400,2726400,3405456100,3412342800
60,1388,241756851309300,2614400,3452089000,3458975700
60,1404,241756893714200,2604600,3494493900,3501380600
60,1420,241756935915200,2648400,3536694900,3543581600
60,1436,241756978276600,2774200,3579056300,3585943000
60,1452,241757027989900,2673000,3628769600,3635656300
60,1468,241757078620700,2629400,3679400400,3686287100
60,1484,241757121161500,2898700,3721941200,3728827900
60,1500,241757166227500,2652800,3767007200,3773893900
60,1516,241757213139800,2639800,3813919500,3820806200
60,1532,241757257412900,2947700,3858192600,3865079300
60,1548,241757305061100,2937800,3905840800,3912727500
60,1564,241757351887800,2976900,3952667500,3959554200
60,1580,241757396789100,2878100,3997568800,4004455500
60,1596,241757448481500,3073400,4049261200,4056147900
60,1612,241757494419500,2760300,4095199200,4102085900
60,1628,241757538731700,2917200,4139511400,4146398100
60,1644,241757589598700,2994600,4190378400,4197265100
60,1660,241757637024100,2949000,4237803800,4244690500
60,1676,241757680960700,2907500,4281740400,4288627100
60,1692,241757728504400,2975800,4329284100,4336170800
60,1708,241757774757000,2715600,4375536700,4382423400
60,1724,241757826136800,2593900,4426916500,4433803200
60,1740,241757872833200,2981700,4473612900,4480499600
60,1756,241757919794300,2695000,4520574000,4527460700
60,1772,241757965178100,2954900,4565957800,4572844500
60,1788,241758010908000,2667100,4611687700,4618574400
60,1804,241758057131200,2740300,4657910900,4664797600
60,1820,241758103350300,2892400,4704130000,4711016700
60,1836,241758149814500,2888600,4750594200,4757480900
60,1852,241758195952200,2897700,4796731900,4803618600
60,1868,241758244326100,2622100,4845105800,4851992500
60,1884,241758287367300,2772600,4888147000,4895033700
60,1900,241758335030200,2855300,4935809900,4942696600
60,1916,241758381174600,3070800,4981954300,4988841000
60,1932,241758428221400,2540000,5029001100,5035887800
60,1948,241758472261800,2739600,5073041500,5079928200
60,1964,241758516463000,2743200,5117242700,5124129400
60,1980,241758559633800,2698100,5160413500,5167300200
60,1996,241758609653700,3013400,5210433400,5217320100
60,2012,241758658002100,2667900,5258781800,5265668500
60,2028,241758704864200,3054700,5305643900,5312530600
60,2044,241758749121500,2629900,5349901200,5356787900
61,13,241753575894800,2203500,176674500,183561200
61,29,241753610608000,3122200,211387700,218274400
61,45,241753646833500,2128500,247613200,254499900
61,61,241753682342600,2205800,283122300,290009000
61,77,241753718079900,2238500,318859600,325746300
61,93,241753753031700,2175700,353811400,360698100
61,109,241753788626800,2229400,389406500,396293200
61,125,241753825211000,22180900,425990700,432877400
61,141,241753879733200,2062100,480512900,487399600
61,157,241753915920200,2524900,516699900,523586600
61,173,241753952706800,2255200,553486500,560373200
61,189,241753987840900,2287400,588620600,595507300
61,205,241754022262600,2303200,623042300,629929000
61,221,241754057849600,2228700,658629300,665516000
61,237,241754093114100,2148800,693893800,700780500
61,253,241754128212500,2376200,728992200,735878900
61,269,241754181494900,2319000,782274600,789161300
61,285,241754216007600,2107700,816787300,823674000
61,301,241754249917300,2124600,850697000,857583700
61,317,241754284920000,2224200,885699700,892586400
61,333,241754320304800,2734100,921084500,927971200
61,349,241754357414200,2226500,958193900,965080600
61,365,241754392966300,2091500,993746000,1000632700
61,381,241754427063800,2123200,1027843500,1034730200
61,397,241754480366600,2230500,1081146300,1088033000
61,413,241754514896300,2108800,1115676000,1122562700
61,429,241754549175300,2202800,1149955000,1156841700
61,445,241754583175500,2355000,1183955200,1190841900
61,461,241754617695100,2201200,1218474800,1225361500
61,477,241754653495200,2189900,1254274900,1261161600
61,493,241754687802500,2124700,1288582200,1295468900
61,509,241754722543800,2187200,1323323500,1330210200
61,525,241754777909700,2276400,1378689400,1385576100
61,541,241754814751200,2162600,1415530900,1422417600
61,557,241754849118200,2108600,1449897900,1456784600
61,573,241754883458400,2139800,1484238100,1491124800
61,589,241754919118900,2124100,1519898600,1526785300
61,605,241754953439400,2130700,1554219100,1561105800
61,621,241754987437300,2094100,1588217000,1595103700
61,637,241755025633700,2186100,1626413400,1633300100
61,653,241755061828000,2306700,1662607700,1669494400
61,669,241755118721800,2298100,1719501500,1726388200
61,685,241755155381800,2230300,1756161500,1763048200
61,701,241755190289600,2621100,1791069300,1797956000
61,717,241755225897500,2215000,1826677200,1833563900
61,733,241755260338400,2165600,1861118100,1868004800
61,749,241755295359900,2227300,1896139600,1903026300
61,765,241755331371400,2261300,1932151100,1939037800
61,781,241755366110000,2175300,1966889700,1973776400
61,797,241755421212900,2225100,2021992600,2028879300
61,813,241755455520800,2228900,2056300500,2063187200
61,829,241755491219600,2113300,2091999300,2098886000
61,845,241755526104700,2115200,2126884400,2133771100
61,861,241755561653400,2168300,2162433100,2169319800
61,877,241755597511500,2105800,2198291200,2205177900
61,893,241755633190700,2294800,2233970400,2240857100
61,909,241755668111100,2149100,2268890800,2275777500
61,925,241755724924200,2331200,2325703900,2332590600
61,941,241755760746600,2244400,2361526300,2368413000
61,957,241755796848200,2260700,2397627900,2404514600
61,973,241755832849700,2159700,2433629400,2440516100
61,989,241755867589200,2139100,2468368900,2475255600
61,1005,241755901991800,2105500,2502771500,2509658200
61,1021,241755937421100,2211000,2538200800,2545087500
61,1037,241755972142300,2319700,2572922000,2579808700
61,1053,241756007317100,2215400,2608096800,2614983500
61,1069,241756048045300,2138000,2648825000,2655711700
61,1085,241756084326000,2096300,2685105700,2691992400
61,1101,241756119186800,2238500,2719966500,2726853200
61,1117,241756154781700,2181900,2755561400,2762448100
61,1133,241756190320300,2159500,2791100000,2797986700
61,1149,241756225370000,2107800,2826149700,2833036400
61,1165,241756259386700,2164400,2860166400,2867053100
61,1181,241756293319400,2096300,2894099100,2900985800
61,1197,241756333332300,2332000,2934112000,2940998700
61,1213,241756368464900,2169900,2969244600,2976131300
61,1229,241756402694800,2092700,3003474500,3010361200
61,1245,241756443267400,2710000,3044047100,3050933800
61,1261,241756489513000,2749000,3090292700,3097179400
61,1277,241756532317200,2702600,3133096900,3139983600
61,1293,241756578823500,2756200,3179603200,3186489900
61,1309,241756624734000,2973500,3225513700,3232400400
61,1325,241756675732200,2769200,3276511900,3283398600
61,1341,241756719430700,2744900,3320210400,3327097100
61,1357,241756763083800,2601800,3363863500,3370750200
61,1373,241756808066500,2636600,3408846200,3415732900
61,1389,241756854658900,2643600,3455438600,3462325300
61,1405,241756897042800,2654100,3497822500,3504709200
61,1421,241756939384300,2654600,3540164000,3547050700
61,1437,241756981788400,2595400,3582568100,3589454800
61,1453,241757030271000,2621800,3631050700,3637937400
61,1469,241757080771200,2694700,3681550900,3688437600
61,1485,241757123462400,3144200,3724242100,3731128800
61,1501,241757168422900,4837400,3769202600,3776089300
61,1517,241757215355400,2635800,3816135100,3823021800
61,1533,241757259877500,2948400,3860657200,3867543900
61,1549,241757307509800,2958100,3908289500,3915176200
61,1565,241757354416700,2819800,3955196400,3962083100
61,1581,241757399206300,2993200,3999986000,4006872700
61,1597,241757451125700,4454500,4051905400,4058792100
61,1613,241757496795100,2738900,4097574800,4104461500
61,1629,241757541364000,2898000,4142143700,4149030400
61,1645,241757592328400,3040400,4193108100,4199994800
61,1661,241757639737300,2790500,4240517000,4247403700
61,1677,241757683441200,2933600,4284220900,4291107600
61,1693,241757731039400,2945900,4331819100,4338705800
61,1709,241757777111500,2772700,4377891200,4384777900
61,1725,241757828384900,2590100,4429164600,4436051300
61,1741,241757875360200,2935900,4476139900,4483026600
61,1757,241757922391600,2752700,4523171300,4530058000
61,1773,241757968008700,2998600,4568788400,4575675100
61,1789,241758013440800,3091300,4614220500,4621107200
61,1805,241758059731600,2664400,4660511300,4667398000
61,1821,241758106048400,2840700,4706828100,4713714800
61,1837,241758152478400,2768700,4753258100,4760144800
61,1853,241758198613100,2763800,4799392800,4806279500
61,1869,241758246703300,2594700,4847483000,4854369700
61,1885,241758289875300,2816700,4890655000,4897541700
61,1901,241758337604400,2834100,4938384100,4945270800
61,1917,241758383944600,3099900,4984724300,4991611000
61,1933,241758430515400,3010700,5031295100,5038181800
61,1949,241758474726000,3051100,5075505700,5082392400
61,1965,241758518943900,2714300,5119723600,5126610300
61,1981,241758562082500,2762500,5162862200,5169748900
61,1997,241758612408000,2980400,5213187700,5220074400
61,2013,241758660461400,2640700,5261241100,5268127800
61,2029,241758707686100,2852500,5308465800,5315352500
61,2045,241758751575200,2589200,5352354900,5359241600
62,14,241753578165900,2197500,178945600,185832300
62,30,241753614181200,2175600,214960900,221847600
62,46,241753649401500,2255800,250181200,257067900
62,62,241753684993100,2315600,285772800,292659500
62,78,241753720833900,2253300,321613600,328500300
62,94,241753755738500,2120600,356518200,363404900
62,110,241753791359000,2166300,392138700,399025400
62,126,241753848051000,2185500,448830700,455717400
62,142,241753882391800,2119500,483171500,490058200
62,158,241753919123800,2427400,519903500,526790200
62,174,241753955641900,2328800,556421600,563308300
62,190,241753990744900,2156800,591524600,598411300
62,206,241754025347600,2184300,626127300,633014000
62,222,241754060787700,2268800,661567400,668454100
62,238,241754095961400,2170500,696741100,703627800
62,254,241754131286400,2369300,732066100,738952800
62,270,241754184531800,2183400,785311500,792198200
62,286,241754218771600,2131600,819551300,826438000
62,302,241754252693900,2090800,853473600,860360300
62,318,241754287833300,2295800,888613000,895499700
62,334,241754322536800,2389300,923316500,930203200
62,350,241754359195700,2258600,959975400,966862100
62,366,241754394652400,2065100,995432100,1002318800
62,382,241754428770400,2246500,1029550100,1036436800
62,398,241754482123700,2195000,1082903400,1089790100
62,414,241754516591000,2078600,1117370700,1124257400
62,430,241754550931400,2167700,1151711100,1158597800
62,446,241754585029100,2309700,1185808800,1192695500
62,462,241754619393600,2460800,1220173300,1227060000
62,478,241754655000000,2190500,1255779700,1262666400
62,494,241754689223000,2123800,1290002700,1296889400
62,510,241754723995000,2190400,1324774700,1331661400
62,526,241754779206900,2269200,1379986600,1386873300
62,542,241754815961000,2153800,1416740700,1423627400
62,558,241754850350400,2088000,1451130100,1458016800
62,574,241754884705700,2126600,1485485400,1492372100
62,590,241754920332300,2142500,1521112000,1527998700
62,606,241754954657500,2131700,1555437200,1562323900
62,622,241754988610100,2132800,1589389800,1596276500
62,638,241755026651700,2332700,1627431400,1634318100
62,654,241755062916500,21061800,1663696200,1670582900
62,670,241755119479800,2331400,1720259500,1727146200
62,686,241755156214600,2240500,1756994300,1763881000
62,702,241755191215600,2227300,1791995300,1798882000
62,718,241755226228000,2208400,1827007700,1833894400
62,734,241755260654900,2168500,1861434600,1868321300
62,750,241755295863000,2209600,1896642700,1903529400
62,766,241755331952400,2169900,1932732100,1939618800
62,782,241755366591500,2186400,1967371200,1974257900
62,798,241755422076300,2085400,2022856000,2029742700
62,814,241755456426600,2131000,2057206300,2064093000
62,830,241755492010000,2115900,2092789700,2099676400
62,846,241755527019000,2136700,2127798700,2134685400
62,862,241755562628500,2192500,2163408200,2170294900
62,878,241755598444400,2114700,2199224100,2206110800
62,894,241755634366500,2236300,2235146200,2242032900
62,910,241755669200600,2166300,2269980300,2276867000
62,926,241755726163400,2231200,2326943100,2333829800
62,942,241755761851100,2159300,2362630800,2369517500
62,958,241755797940500,2214200,2398720200,2405606900
62,974,241755834023600,2142100,2434803300,2441690000
62,990,241755868744300,2154800,2469524000,2476410700
62,1006,241755903136700,2100700,2503916400,2510803100
62,1022,241755938532500,2203000,2539312200,2546198900
62,1038,241755973303900,2193000,2574083600,2580970300
62,1054,241756008395800,8029700,2609175500,2616062200
62,1070,241756049058900,2288500,2649838600,2656725300
62,1086,241756085323500,2139600,2686103200,2692989900
62,1102,241756120338800,2215900,2721118500,2728005200
62,1118,241756155886200,2172400,2756665900,2763552600
62,1134,241756191432000,2158400,2792211700,2799098400
62,1150,241756226462000,2141100,2827241700,2834128400
62,1166,241756260533300,2147500,2861313000,2868199700
62,1182,241756294425100,2093200,2895204800,2902091500
62,1198,241756334591200,2262700,2935370900,2942257600
62,1214,241756369962800,2222300,2970742500,2977629200
62,1230,241756404165900,2073400,3004945600,3011832300
62,1246,241756445216100,3034400,3045995800,3052882500
62,1262,241756492080900,2637100,3092860600,3099747300
62,1278,241756534840300,2771000,3135620000,3142506700
62,1294,241756581398900,2720900,3182178600,3189065300
62,1310,241756627458300,2987300,3228238000,3235124700
62,1326,241756678428900,2775000,3279208600,3286095300
62,1342,241756722107400,2746100,3322887100,3329773800
62,1358,241756765621700,2749600,3366401400,3373288100
62,1374,241756810634500,2664200,3411414200,3418300900
62,1390,241756857203000,2661700,3457982700,3464869400
62,1406,241756899576600,2680800,3500356300,3507243000
62,1422,241756941939800,2600300,3542719500,3549606200
62,1438,241756984277900,2600700,3585057600,3591944300
62,1454,241757033277100,8359300,3634056800,3640943500
62,1470,241757083915900,2630200,3684695600,3691582300
62,1486,241757127123300,3043800,3727903000,3734789700
62,1502,241757174796900,3458700,3775576600,3782463300
62,1518,241757218363300,2405300,3819143000,3826029700
62,1534,241757263360200,2972700,3864139900,3871026600
62,1550,241757311013600,3005200,3911793300,3918680000
62,1566,241757357678800,2796700,3958458500,3965345200
62,1582,241757402671200,2772000,4003450900,4010337600
62,1598,241757456049100,2821000,4056828800,4063715500
62,1614,241757499861300,2743500,4100641000,4107527700
62,1630,241757544504300,2915200,4145284000,4152170700
62,1646,241757595673400,2783500,4196453100,4203339800
62,1662,241757642807300,2759800,4243587000,4250473700
62,1678,241757686727400,3050100,4287507100,4294393800
62,1694,241757734417000,2912000,4335196700,4342083400
62,1710,241757780387700,2958300,4381167400,4388054100
62,1726,241757831529100,3415600,4432308800,4439195500
62,1742,241757878869500,2954400,4479649200,4486535900
62,1758,241757925340500,2783100,4526120200,4533006900
62,1774,241757971213100,2910200,4571992800,4578879500
62,1790,241758016662900,3038700,4617442600,4624329300
62,1806,241758062499300,2701900,4663279000,4670165700
62,1822,241758109058100,2856500,4709837800,4716724500
62,1838,241758155464000,2673900,4756243700,4763130400
62,1854,241758201567600,8193400,4802347300,4809234000
62,1870,241758249520100,2620900,4850299800,4857186500
62,1886,241758292911800,2662200,4893691500,4900578200
62,1902,241758340685500,2848000,4941465200,4948351900
62,1918,241758387319700,3114500,4988099400,4994986100
62,1934,241758433786100,3036200,5034565800,5041452500
62,1950,241758478157900,2833700,5078937600,5085824300
62,1966,241758521993400,2701500,5122773100,5129659800
62,1982,241758565193200,2735700,5165972900,5172859600
62,1998,241758615898100,2948900,5216677800,5223564500
62,2014,241758663581700,2697200,5264361400,5271248100
62,2030,241758711110300,2949400,5311890000,5318776700
62,2046,241758754544600,4375200,5355324300,5362211000
63,15,241753580332400,2208500,181112100,187998800
63,31,241753616296700,2393100,217076400,223963100
63,47,241753651582400,2307900,252362100,259248800
63,63,241753687277800,2170000,288057500,294944200
63,79,241753723058500,2301800,323838200,330724900
63,95,241753757799200,2114600,358578900,365465600
63,111,241753793494200,2163900,394273900,401160600
63,127,241753850268500,2137400,451048200,457934900
63,143,241753884481800,2100900,485261500,492148200
63,159,241753921673000,2387100,522452700,529339400
63,175,241753958142500,2124700,558922200,565808900
63,191,241753993056700,2115900,593836400,600723100
63,207,241754027711100,2204200,628490800,635377500
63,223,241754063235600,2191700,664015300,670902000
63,239,241754098310700,2144000,699090400,705977100
63,255,241754133881200,2219500,734660900,741547600
63,271,241754186884700,2172300,787664400,794551100
63,287,241754221068200,2120200,821847900,828734600
63,303,241754254956000,2149000,855735700,862622400
63,319,241754290432300,2209100,891212000,898098700
63,335,241754325782300,2238200,926562000,933448700
63,351,241754362198600,2221700,962978300,969865000
63,367,241754397656900,2313100,998436600,1005323300
63,383,241754432172900,2354300,1032952600,1039839300
63,399,241754485109100,2138800,1085888800,1092775500
63,415,241754519465100,2148100,1120244800,1127131500
63,431,241754553993200,2126100,1154772900,1161659600
63,447,241754588171500,2236900,1188951200,1195837900
63,463,241754622775800,2232900,1223555500,1230442200
63,479,241754658025100,2170600,1258804800,1265691500
63,495,241754692264500,2132800,1293044200,1299930900
63,511,241754727109600,2157300,1327889300,1334776000
63,527,241754782915700,2323200,1383695400,1390582100
63,543,241754819498200,2187600,1420277900,1427164600
63,559,241754853748600,2111100,1454528300,1461415000
63,575,241754888133000,2623400,1488912700,1495799400
63,591,241754923694700,2156600,1524474400,1531361100
63,607,241754958030300,2163600,1558810000,1565696700
63,623,241754991960600,2173900,1592740300,1599627000
63,639,241755030033800,2318000,1630813500,1637700200
63,655,241755085349400,2621800,1686129100,1693015800
63,671,241755123190600,2169400,1723970300,1730857000
63,687,241755159659600,2112600,1760439300,1767326000
63,703,241755195046500,2190300,1795826200,1802712900
63,719,241755230049900,2188100,1830829600,1837716300
63,735,241755264357300,2313200,1865137000,1872023700
63,751,241755299573400,2387900,1900353100,1907239800
63,767,241755335620500,2101400,1936400200,1943286900
63,783,241755370296200,2196900,1971075900,1977962600
63,799,241755425468100,2105800,2026247800,2033134500
63,815,241755460038200,2284400,2060817900,2067704600
63,831,241755495395100,2220500,2096174800,2103061500
63,847,241755530414800,2088500,2131194500,2138081200
63,863,241755566198400,2402600,2166978100,2173864800
63,879,241755601832700,2107800,2202612400,2209499100
63,895,241755637877100,2237400,2238656800,2245543500
63,911,241755672587200,2100500,2273366900,2280253600
63,927,241755729525000,2151200,2330304700,2337191400
63,943,241755765279800,2571100,2366059500,2372946200
63,959,241755801535500,2205300,2402315200,2409201900
63,975,241755837488800,2173800,2438268500,2445155200
63,991,241755872176900,2165600,2472956600,2479843300
63,1007,241755906503500,2113700,2507283200,2514169900
63,1023,241755942070300,2110900,2542850000,2549736700
63,1039,241755976871600,2086600,2577651300,2584538000
63,1055,241756017886600,2271700,2618666300,2625553000
63,1071,241756053122400,2345400,2653902100,2660788800
63,1087,241756088844400,2119800,2689624100,2696510800
63,1103,241756123885300,2226500,2724665000,2731551700
63,1119,241756159411700,2270400,2760191400,2767078100
63,1135,241756194867500,2140800,2795647200,2802533900
63,1151,241756229896400,2114600,2830676100,2837562800
63,1167,241756263988000,2092500,2864767700,2871654400
63,1183,241756297792300,2111300,2898572000,2905458700
63,1199,241756338172500,2173700,2938952200,2945838900
63,1215,241756373211400,2142300,2973991100,2980877800
63,1231,241756407279400,2067000,3008059100,3014945800
63,1247,241756449697100,2988300,3050476800,3057363500
63,1263,241756495619700,2621600,3096399400,3103286100
63,1279,241756538586300,2714900,3139366000,3146252700
63,1295,241756585108000,2915900,3185887700,3192774400
63,1311,241756631429200,2947000,3232208900,3239095600
63,1327,241756681956400,2709900,3282736100,3289622800
63,1343,241756725629000,2740400,3326408700,3333295400
63,1359,241756769158700,2974200,3369938400,3376825100
63,1375,241756814033300,2590900,3414813000,3421699700
63,1391,241756860650900,2654900,3461430600,3468317300
63,1407,241756903040000,2634200,3503819700,3510706400
63,1423,241756945285300,2640700,3546065000,3552951700
63,1439,241756987632000,3014400,3588411700,3595298400
63,1455,241757042365000,5411000,3643144700,3650031400
63,1471,241757087353400,2657700,3688133100,3695019800
63,1487,241757131017100,2755200,3731796800,3738683500
63,1503,241757179095800,2716000,3779875500,3786762200
63,1519,241757221609600,2727500,3822389300,3829276000
63,1535,241757267261300,2966300,3868041000,3874927700
63,1551,241757314968000,2925700,3915747700,3922634400
63,1567,241757361318100,2708200,3962097800,3968984500
63,1583,241757406363500,2808500,4007143200,4014029900
63,1599,241757459832200,2777300,4060611900,4067498600
63,1615,241757503441100,2695200,4104220800,4111107500
63,1631,241757548320800,2966100,4149100500,4155987200
63,1647,241757599263100,2891500,4200042800,4206929500
63,1663,241757646323400,2787400,4247103100,4253989800
63,1679,241757690680800,3064900,4291460500,4298347200
63,1695,241757738132800,2995900,4338912500,4345799200
63,1711,241757784034800,2925100,4384814500,4391701200
63,1727,241757835479200,2778200,4436258900,4443145600
63,1743,241757882466600,2921300,4483246300,4490133000
63,1759,241757928770000,2736000,4529549700,4536436400
63,1775,241757974820500,2933800,4575600200,4582486900
63,1791,241758020599700,2970700,4621379400,4628266100
63,1807,241758066044500,3075300,4666824200,4673710900
63,1823,241758112710100,2924900,4713489800,4720376500
63,1839,241758158841900,2727700,4759621600,4766508300
63,1855,241758210480100,2682400,4811259800,4818146500
63,1871,241758252833400,2663500,4853613100,4860499800
63,1887,241758296373900,2733900,4897153600,4904040300
63,1903,241758344258900,2759300,4945038600,4951925300
63,1919,241758391200800,3060800,4991980500,4998867200
63,1935,241758437606400,3067200,5038386100,5045272800
63,1951,241758481636700,2579800,5082416400,5089303100
63,1967,241758525350200,2773300,5126129900,5133016600
63,1983,241758568581000,2698400,5169360700,5176247400
63,1999,241758619536900,3005300,5220316600,5227203300
63,2015,241758666898300,2845900,5267678000,5274564700
63,2031,241758714857000,3111100,5315636700,5322523400
63,2047,241758759948500,1241400,5360728200,5367614900
